gene,MCF7_WT_TPM,MCF7_D538G_TPM,MCF7_FC,MCF7_log2FC,MCF7_pvalue,MCF7_cohens_d,T47D_WT_TPM,T47D_D538G_TPM,T47D_FC,T47D_log2FC,T47D_pvalue,T47D_cohens_d,opposite_regulation,correlation_type,correlation_score,MCF7_FDR,T47D_FDR,both_significant,total_effect
MAPK4,2.08225,0.18374999999999997,0.08824588786168805,-3.502327137450653,1.7684095469114814e-11,-88.38234727397344,0.00460325,0.0245825,5.340248737305165,2.416906941111188,0.009946477180448476,2.62475349721766,True,inverse_repressor,-1.0,1.641879843829965e-07,0.03601718696640947,True,91.00710077119109
TMTC1,0.186675,1.5735000000000001,8.429087987143431,3.075376542483594,3.3087685837555757e-07,17.079702531050188,3.23425,0.08569,0.02649455051402953,-5.238160537829643,3.3746929671902662e-09,-36.80523410439526,True,same_as_secretion,1.0,2.7728886093643626e-05,2.088822456925202e-05,True,53.88493663544545
S100A9,224.7,1093.25,4.865376056964842,2.282551318788663,1.8668613902304457e-08,27.654961780674583,1652.75,520.15,0.3147178944183936,-1.6678688843008318,1.6225305839821874e-07,-19.25181035691567,True,same_as_secretion,1.0,7.974932768306698e-06,8.861403062930952e-05,True,46.90677213759025
STEAP4,0.097555,1.2195,12.500640664240684,3.643930130529726,1.907162088382893e-05,8.577761273771827,4.4915,1.074025,0.23912390070132472,-2.064169758647988,3.082820764005808e-09,-37.36540941891456,True,same_as_secretion,1.0,0.00026271582210075624,2.088822456925202e-05,True,45.94317069268639
SLC25A30,58.317499999999995,15.01,0.2573841471256484,-1.9580048974574604,2.384243633337533e-09,-39.003435040425664,3.5382499999999997,4.52675,1.2793753974422384,0.3554396454267864,0.0012290375973750265,4.050042048171294,True,inverse_repressor,-1.0,3.6894183356203876e-06,0.008625351442929544,True,43.053477088596956
AMIGO2,7.40025,52.3575,7.075098814229249,2.8227502974573087,1.1657578892012614e-08,29.920249780441253,44.290000000000006,19.77,0.4463761571460826,-1.1636681261561086,2.5853732037393697e-06,-12.07096025835535,True,same_as_secretion,1.0,6.764674451430695e-06,0.00024577472813086,True,41.9912100387966
GSTM3,67.5125,16.785,0.24862062581003516,-2.0079821061418026,6.836469940458946e-09,-32.711339947659965,217.9,351.575,1.6134694814134922,0.6901662896749889,1.3330673254473585e-05,9.123537263828945,True,inverse_repressor,-1.0,5.647126173065085e-06,0.0005692137251920257,True,41.83487721148891
S100A4,11.545,43.42999999999999,3.7618016457340833,1.911423779679777,2.010920920372136e-07,18.57051335658934,170.975,58.677499999999995,0.34319344933469803,-1.5429060790619633,7.44674047591383e-08,-21.93783599270947,True,same_as_secretion,1.0,2.326072863326073e-05,6.285387449874722e-05,True,40.50834934929881
TSKU,3.90825,18.2875,4.679204247425319,2.2262632037605066,2.3530673740134e-08,26.60477461133804,7.21775,4.90825,0.6800249385196218,-0.5563404396731276,3.5020753732670032e-06,-11.464597808822692,True,same_as_secretion,1.0,8.624563607184041e-06,0.00027617504915111035,True,38.06937242016073
MYB,5.969,23.755,3.9797285977550674,1.9926700478484027,2.6067873296197484e-08,26.152894321682485,5.3565000000000005,3.5614999999999997,0.6648931205077941,-0.588805644357531,3.8036956764671815e-06,-11.304671134543673,True,same_as_secretion,1.0,8.985447536706224e-06,0.0002867721117919178,True,37.457565456226156
FRK,1.65,8.258,5.004848484848485,2.323326394042999,1.8674033598190185e-08,27.653619329058827,1.9060000000000001,0.956675,0.5019281217208814,-0.9944473160928092,4.9301504314450004e-05,-7.273409039424182,True,same_as_secretion,1.0,7.974932768306698e-06,0.0011662160937770982,True,34.92702836848301
LCN2,4.5515,8.58775,1.8867955619026695,0.9159381124945953,0.0003112343497811127,5.237297850955939,291.95,45.037499999999994,0.15426442884055488,-2.6965226593656917,1.3554852301452738e-08,-29.175479177300453,True,same_as_secretion,1.0,0.0016279748284747835,3.583328093093019e-05,True,34.41277702825639
CD36,0.0743325,0.9506249999999999,12.788820502472001,3.676811307214592,2.351118014251372e-06,12.26699689542265,9.91025,1.70575,0.17211977498044956,-2.538515235584259,7.292678441721133e-08,-22.014822958055397,True,same_as_secretion,1.0,7.823998280758731e-05,6.285387449874722e-05,True,34.28181985347805
SLC19A2,18.3675,47.82749999999999,2.603919967333605,1.3806851072956765,3.4717291838670837e-06,11.481570559200582,64.30000000000001,17.7225,0.2756220839813374,-1.859236607520307,7.34685448867577e-08,-21.987536065270845,True,same_as_secretion,1.0,9.708816146871668e-05,6.285387449874722e-05,True,33.46910662447143
ACSL4,2.5932500000000003,7.68075,2.9618239660657473,1.5664858976048532,1.523553162147406e-08,28.61086111984823,0.867025,0.476125,0.5491479484443932,-0.8647332102617588,0.0016978816164434356,-3.8032545793392543,True,same_as_secretion,1.0,7.4646193269811035e-06,0.010643663639441397,True,32.414115699187484
S100A8,47.18000000000001,273.15,5.789529461636286,2.533446099345894,3.092889276152603e-07,17.274575315056364,410.74999999999994,147.65,0.359464394400487,-1.4760792187034821,7.116732506513304e-07,-15.013302181444017,True,same_as_secretion,1.0,2.658882452262856e-05,0.00015017114308346082,True,32.28787749650038
PHLDA1,8.05,2.17525,0.2702173913043478,-1.8878075647792527,7.985985575390159e-08,-21.68230714566794,18.0875,29.99,1.6580511402902558,0.7294885054496534,6.612189971316696e-06,10.288033796198496,True,inverse_repressor,-1.0,1.4978966277719176e-05,0.00039102469929101823,True,31.97034094186644
RDH16,0.554975,2.293,4.131717644938962,2.046741666070127,1.0985790951395602e-05,9.431754404448826,61.41250000000001,10.2375,0.16670059027071035,-2.5846688821100097,7.137269313289503e-08,-22.094428364518944,True,same_as_secretion,1.0,0.00018760436326088065,6.285387449874722e-05,True,31.52618276896777
PLXND1,6.1442499999999995,11.3525,1.8476624486308337,0.8857012133733373,6.945756955173766e-08,22.19535277597868,38.375,22.607499999999998,0.5891205211726384,-0.7633652867886159,1.4325305287842141e-05,-9.011330342202069,True,same_as_secretion,1.0,1.4579135358753175e-05,0.000598798809712877,True,31.20668311818075
ID1,159.375,63.2875,0.39709803921568626,-1.3324328577237716,6.022770524092962e-08,-22.73192762526564,138.825,218.675,1.5751845849090584,0.6555208979010663,3.5966546750794474e-05,7.684785500399991,True,inverse_repressor,-1.0,1.3959801552935508e-05,0.0009875592040497923,True,30.41671312566563
SLITRK6,0.28769999999999996,8.323,28.92944038929441,4.854466510951336,1.980912227503998e-08,27.38205233927101,2.0437499999999997,1.46475,0.7166972477064221,-0.4805642806648593,0.008087388890012023,-2.7498388796929065,True,same_as_secretion,1.0,7.974932768306698e-06,0.031143659124561022,True,30.131891218963915
XK,0.456225,1.599,3.5048495807989477,1.8093525287745338,1.0140565280246359e-07,20.831287488679887,1.608,0.44282499999999997,0.2753886815920398,-1.8604588286119783,1.4740250791228687e-05,-8.967165491092665,True,same_as_secretion,1.0,1.637836082782224e-05,0.0006016399900146041,True,29.798452979772552
CLCA2,0.06992999999999999,2.9375,42.006292006292014,5.392533536264427,3.557049335946247e-07,16.873120088224688,6.41075,3.34875,0.5223647779121008,-0.9368704729736829,1.919380716968731e-06,-12.696116474250658,True,same_as_secretion,1.0,2.8350735058567865e-05,0.00022972294447094494,True,29.569236562475346
SAA2,0.065025,0.284725,4.378700499807766,2.1305027737871405,0.013035696409959168,2.4654666698598486,18.5625,2.08125,0.11212121212121211,-3.1568688486168663,2.129812256536444e-08,-27.052125774463093,True,same_as_secretion,1.0,0.027878708624110946,4.357811614941504e-05,True,29.517592444322943
LRG1,5.793,16.875,2.9129984464008287,1.5425049320411115,2.113957402218858e-07,18.415321172616334,2.3555,0.267475,0.1135533856930588,-3.1385573729925658,6.029891612825913e-06,-10.451231688250498,True,same_as_secretion,1.0,2.3324733550379082e-05,0.0003707584680747165,True,28.866552860866832
SLC16A1,8.14325,34.7775,4.270715009363584,2.0944776281846895,7.623316164818292e-08,21.851850323624955,0.823275,0.08392,0.10193434757523306,-3.2942878340914943,7.468211029141771e-05,-6.762117155804903,True,same_as_secretion,1.0,1.4978966277719176e-05,0.001456693388656865,True,28.61396747942986
VAV3,2.12225,7.808,3.679114147720579,1.8793584378753632,8.866054399306812e-08,21.305686939268057,44.6125,31.465,0.7052956010086859,-0.5037000533643335,8.665968233523318e-05,-6.5869680749242825,True,same_as_secretion,1.0,1.5386333097264318e-05,0.001596412342542604,True,27.89265501419234
SEMA3C,333.95000000000005,512.425,1.534436292858212,0.6177087488441684,1.0715683909725794e-05,9.472119272601455,473.8,193.225,0.4078197551709582,-1.2939964323409399,2.506148881618344e-07,-17.896282127529645,True,same_as_secretion,1.0,0.00018544225025134974,0.00010341484129504674,True,27.3684014001311
EHF,13.100000000000001,16.0325,1.2238549618320609,0.29143259541298083,0.0021240655106228683,3.6385899880205046,252.92499999999998,127.875,0.5055846594840369,-0.9839754051501601,4.664546358508726e-08,-23.725976142254,True,same_as_secretion,1.0,0.006652348198137299,6.190143606354704e-05,True,27.364566130274508
CRIM1,19.805,5.3995,0.27263317344105026,-1.8749669779127192,1.6338416393899177e-06,-13.047096255195276,37.682500000000005,67.255,1.7847807337623562,0.835746845266001,1.0068313676537947e-06,14.159688988388837,True,inverse_repressor,-1.0,6.4161931475635e-05,0.0001725577223839074,True,27.206785243584115
SPTSSA,50.275,169.67499999999998,3.3749378418697162,1.754860931481363,5.888983316180623e-07,15.50020302682695,86.33,41.162499999999994,0.4768041237113401,-1.0685313816708157,3.1172852890477236e-06,-11.693600479196741,True,same_as_secretion,1.0,3.6695480267838255e-05,0.00026344016124559466,True,27.19380350602369
NFKBIZ,18.795,33.315,1.7725458898643254,0.82582297822512,1.4243217621521455e-07,19.67739820199816,19.195,10.35425,0.5394243292524095,-0.8905075030501266,5.462897254147428e-05,-7.143939622308836,True,same_as_secretion,1.0,1.944722853044352e-05,0.001221991378567854,True,26.821337824306994
ADORA2A,0.36734999999999995,2.47925,6.749013202667756,2.754676575987051,1.1007739580958596e-07,20.54661961529726,1.2232500000000002,0.4007,0.327569997956264,-1.6101248678896052,0.00021176924637019654,-5.616195667758364,True,same_as_secretion,1.0,1.703355968990168e-05,0.002721344730690782,True,26.162815283055625
PARD6B,153.35,289.45,1.8875122269318552,0.9164859899618593,1.2306939491163681e-07,20.165729370736567,95.4675,70.99000000000001,0.7436038442401866,-0.4273938662492292,0.00014983936375558503,-5.976184311734608,True,same_as_secretion,1.0,1.8200128367424345e-05,0.002229091377905492,True,26.141913682471177
PARP9,3.30275,17.0125,5.151010521535084,2.364855486935788,2.289515551128446e-06,12.322345133848986,9.443750000000001,5.157,0.5460754467240237,-0.8728278047403367,1.413114685946945e-06,-13.371406966583125,True,same_as_secretion,1.0,7.685818247210141e-05,0.00020174590356892725,True,25.69375210043211
ITPRID2,23.955000000000002,54.535000000000004,2.27656021707368,1.1868556204485265,1.2133250548360875e-07,20.21386549605074,20.785,14.235,0.684868895838345,-0.5461002548821068,0.000260611163479675,-5.409222167687147,True,same_as_secretion,1.0,1.8200128367424345e-05,0.0031423952562688864,True,25.623087663737888
ADD3,7.2379999999999995,19.0675,2.6343603205305333,1.3974526869346982,4.753418561361353e-07,16.0696473263084,18.2875,12.3525,0.6754613807245385,-0.5660548085783383,1.709401858388439e-05,-8.741262975718817,True,same_as_secretion,1.0,3.290031648133147e-05,0.0006544718166683489,True,24.810910302027217
PODXL,7.185,15.6775,2.1819763395963814,1.1256354577879928,1.0037419677262033e-07,20.867027674500847,2.891,2.0919999999999996,0.7236250432376339,-0.4666857572301084,0.0017942868036993887,-3.7621772252622114,True,same_as_secretion,1.0,1.637836082782224e-05,0.010998054567522546,True,24.629204899763057
RHOBTB1,0.29735,2.24275,7.542458382377669,2.915034830920801,1.2724026163452094e-07,20.05330095977655,2.19175,1.278,0.5830956997832782,-0.7781954116807746,0.0008671493139550658,-4.329363477928185,True,same_as_secretion,1.0,1.843292978158894e-05,0.00677072191015757,True,24.382664437704733
C1orf226,0.8284499999999999,4.04525,4.882913875309313,2.287742331987271,1.4851013874194426e-07,19.53990170782668,3.22975,2.04175,0.6321696725752767,-0.6616162691905588,0.0005848952022292431,-4.66211380189047,True,same_as_secretion,1.0,2.012908588539535e-05,0.005239227694257027,True,24.20201550971715
BTN3A3,0.447175,2.39975,5.3664672667300275,2.4239726777897945,1.526189663601426e-07,19.450615158394672,3.8669999999999995,1.86525,0.48235065942591165,-1.051845756144744,0.0006956436380017214,-4.513224251456579,True,same_as_secretion,1.0,2.0388356736269697e-05,0.005826525355910674,True,23.963839409851253
EGF,0.178975,0.6225999999999999,3.4786981421986307,1.798547497110456,0.0015293083267010974,3.8818955786674394,9.553999999999998,3.7072499999999997,0.38803119112413653,-1.3657554696103362,1.3313078945988813e-07,-19.901631629716054,True,same_as_secretion,1.0,0.005170744049255768,8.240352098268876e-05,True,23.783527208383493
HSD17B6,1.98925,4.997999999999999,2.512504712831469,1.32912630242976,5.161838209920773e-05,7.215204477879827,47.5975,13.4075,0.2816849624455066,-1.8278455463834646,4.2573689770270226e-07,-16.3705519626614,True,same_as_secretion,1.0,0.0004752115702529441,0.00013175847422402465,True,23.585756440541225
NAALADL2,0.855175,2.14975,2.5138129622591867,1.329877311469077,3.5664646614241247e-06,11.429144552015396,8.69975,4.65525,0.5351015833788327,-0.9021152969714281,2.6489600103846965e-06,-12.021298402791881,True,same_as_secretion,1.0,9.855012246723896e-05,0.000248426961781987,True,23.45044295480728
TNFRSF12A,297.425,148.575,0.4995376985794738,-1.0013345369870406,1.716194976045639e-06,-12.938954086780535,134.02499999999998,229.9,1.7153516135049434,0.7785043309555335,5.963037675474457e-06,10.47113531481621,True,inverse_repressor,-1.0,6.597934681199062e-05,0.00037063172862939576,True,23.410089401596746
F7,0.36945,0.7904500000000001,2.139531736364867,1.0972950790813505,0.0006164147779046436,4.616646231413617,4.210999999999999,0.884425,0.2100273094276894,-2.251351164070782,2.0101342026454238e-07,-18.57173371100327,True,same_as_secretion,1.0,0.002638712462468712,9.331545502230718e-05,True,23.188379942416887
GTF2E1,18.905,29.71,1.5715419201269505,0.65218075584818,2.588752881969927e-07,17.79902463383792,36.1275,25.387500000000003,0.7027195349802783,-0.5089790901246181,0.0002788325097757124,-5.343222965686456,True,same_as_secretion,1.0,2.516782841115161e-05,0.0032999623161409837,True,23.142247599524374
CLIC3,82.55250000000001,40.1825,0.4867508555161866,-1.0387445802502153,4.079243006912526e-07,-16.48872189949944,136.97500000000002,186.64999999999998,1.3626574192370866,0.44642290499708975,8.32673781204876e-05,6.633586462910897,True,inverse_repressor,-1.0,3.066698922889016e-05,0.0015586612341928771,True,23.122308362410337
PRKG1,1.354,0.423825,0.3130169867060561,-1.6756871438904368,2.1243013093478358e-05,-8.419507250539231,0.883875,2.37275,2.6844859284401075,1.4246458425878223,8.129947481733719e-07,14.68003547845957,True,inverse_repressor,-1.0,0.00028035643932679434,0.00016387808408935693,True,23.099542728998802
NR5A2,0.27735,0.992275,3.577699657472508,1.8390322803853418,8.583840868557229e-07,14.54609812176686,3.6135,2.4835,0.6872837968728379,-0.5410221475223889,2.4639674032881554e-05,-8.206236084059677,True,same_as_secretion,1.0,4.5986517919237116e-05,0.0008141176283213123,True,22.752334205826536
LHFPL6,4.1034999999999995,1.4927500000000002,0.36377482636773495,-1.45888238458356,3.4915397828278635e-07,-16.925957018578984,9.643749999999999,16.064999999999998,1.665845755022683,0.7362548240133148,0.0002025029391524975,5.661685247522847,True,inverse_repressor,-1.0,2.8311966038135632e-05,0.0026668631752643445,True,22.58764226610183
DOCK10,0.591875,1.6405,2.771700105596621,1.4707711681626725,5.319862413029699e-06,10.676979932170628,2.4537500000000003,0.634025,0.25839021905247067,-1.9523766347300044,2.8158846642956203e-06,-11.897264531605133,True,same_as_secretion,1.0,0.00012446175233949647,0.00025363761567265476,True,22.574244463775763
HMGA1,45.912499999999994,73.8725,1.608984481350395,0.6861504113399203,3.4176052812016024e-05,7.7533594778752395,25.3375,16.2225,0.6402565367538234,-0.6432780176711264,7.796670892083813e-07,-14.784051148642217,True,same_as_secretion,1.0,0.0003690186552389027,0.0001608626464390048,True,22.537410626517456
SIX4,10.6525,13.975000000000001,1.31189861534851,0.39165623155233337,6.575213969368036e-06,10.297891612788264,6.703500000000001,3.5847499999999997,0.5347579622585216,-0.9030420363836917,2.787477530122237e-06,-11.917758792593965,True,same_as_secretion,1.0,0.00014131382893193875,0.0002531038553396387,True,22.215650405382227
NREP,2.8852499999999996,6.872249999999999,2.3818559916818303,1.25208618970623,2.2172214140234363e-07,18.268388808400736,5.199,3.45125,0.6638295826120408,-0.5911151724058942,0.0017533219056820126,-3.7793175765103313,True,same_as_secretion,1.0,2.407694996315859e-05,0.010841636519017414,True,22.047706384911066
ARMCX2,0.826975,2.51125,3.0366697905015267,1.60249003741333,0.0005007334335682305,4.798776815082872,16.1575,9.634,0.5962556088503791,-0.7459971625783239,3.406444375646473e-07,-16.99634202364007,True,same_as_secretion,1.0,0.0022851116067654146,0.00011667651485982392,True,21.795118838722942
CHI3L2,0.103285,1.87675,18.17059592389989,4.18353382994409,5.2138233361861086e-05,7.202560153202046,9.47575,4.0325,0.4255599820594676,-1.2325656028800003,8.5176778755938e-07,-14.565101540743745,True,same_as_secretion,1.0,0.0004785738286190798,0.00016387808408935693,True,21.76766169394579
MAFB,2.25825,3.01425,1.334772500830289,0.41659386933406783,0.0004893868532756954,4.8192066303133245,7.863250000000001,2.4635,0.3132928496486821,-1.6744162517475167,3.518705817303107e-07,-16.90390713352666,True,same_as_secretion,1.0,0.002248805859558621,0.00011667651485982392,True,21.723113763839983
SLPI,0.62935,12.317499999999999,19.571780408357828,4.290703096098645,7.879321286901921e-06,9.984317567993992,40.1,10.12875,0.2525872817955112,-1.9851460961121594,3.1058340942492163e-06,-11.700912561866597,True,same_as_secretion,1.0,0.00015681791744531808,0.00026344016124559466,True,21.68523012986059
DENND11,9.03725,13.530000000000001,1.4971368502586517,0.5822061012665645,1.305055913540965e-06,13.552469191682285,22.005,15.325000000000001,0.6964326289479664,-0.5219442978164022,3.033551173563096e-05,-7.91563283349425,True,same_as_secretion,1.0,5.5863832399667136e-05,0.0008984052909392843,True,21.468102025176535
TIPARP,9.76775,22.057499999999997,2.2581966164162677,1.1751711039938266,7.449680768151853e-07,14.897998745023612,22.7675,14.6875,0.64510815855935,-0.632387032435675,8.971103801825831e-05,-6.546803882356409,True,same_as_secretion,1.0,4.2433473062518945e-05,0.0016363892583114328,True,21.44480262738002
TM4SF1,579.175,17.6,0.03038805197047525,-5.0403519960798295,1.8287562140494676e-07,-18.868985594142217,15.56,19.305,1.2406812339331619,0.31113249395566595,0.011678011760777911,2.5296836984978444,True,inverse_repressor,-1.0,2.2200654727969676e-05,0.040347259972121595,True,21.39866929264006
HIP1,5.2815,11.24,2.1281832812647923,1.089622402524001,9.811003525307447e-07,14.22171559031102,15.43,9.16525,0.5939889825016202,-0.7514919231840255,5.384553603804484e-05,-7.162038671362029,True,same_as_secretion,1.0,4.84522671439984e-05,0.0012170740036241607,True,21.383754261673047
PARP14,11.32,42.0775,3.7170936395759715,1.8941750324693132,1.0632664779669047e-06,14.029883554258559,18.497500000000002,8.7945,0.47544262738207854,-1.0726568362100206,5.80827909075513e-05,-7.067584568754397,True,same_as_secretion,1.0,5.06528429790845e-05,0.0012645274802666909,True,21.097468123012955
ADAMTS15,0.0796675,0.525075,6.590830639846863,2.7204602989920885,4.978615547342869e-05,7.260975055052274,12.5825,4.2105,0.33463143254520167,-1.5793551281505838,1.1611141894958295e-06,-13.822793183801233,True,same_as_secretion,1.0,0.000463398055632129,0.00018111204381730594,True,21.08376823885351
CD74,2.35975,4.45125,1.886322703676237,0.9155765069609905,7.564703734483341e-06,10.054136258722949,16.9275,6.3892500000000005,0.37744793974302177,-1.4056504233078657,4.614896893233066e-06,-10.9387792688191,True,same_as_secretion,1.0,0.00015286480388666788,0.0003209513873050367,True,20.99291552754205
PREX1,316.275,89.67750000000001,0.28354280294047907,-1.8183615575018892,4.997120325444617e-07,-15.934936303329149,135.60000000000002,186.75,1.3772123893805308,0.4617510645402554,0.00039382256736659056,5.016353520091991,True,inverse_repressor,-1.0,3.3620118595355473e-05,0.004060271559018725,True,20.951289823421142
SOWAHA,2.2975,5.71625,2.488030467899891,1.315004152517929,3.6042426185475873e-06,11.408688555040413,17.1525,7.961,0.4641305932079872,-1.1073972988772538,1.0419666902799406e-05,-9.517736562202112,True,same_as_secretion,1.0,9.885215612519854e-05,0.0004986669966960881,True,20.926425117242523
CNN2,58.5175,26.865000000000002,0.4590934335882429,-1.1231402975515825,3.537343597226649e-06,-11.445085828995907,91.3125,153.4,1.6799452429842574,0.7484142098120727,1.1783380450122592e-05,9.318980178239425,True,inverse_repressor,-1.0,9.803721381627111e-05,0.0005366987167068042,True,20.764066007235332
IGF2,0.04865,1.0416500000000002,21.411099691675236,4.420286990516585,3.770698514456971e-07,16.70837217459146,0.21647499999999997,0.07405500000000001,0.34209493013050013,-1.547531371459083,0.0013117210936783362,-3.9994160722710514,True,same_as_secretion,1.0,2.8855708764504725e-05,0.008984636292332359,True,20.707788246862513
SALL2,1.5165,3.907,2.5763270689086712,1.365315757559502,1.470414816882237e-06,13.281819574870738,4.19875,2.4875000000000003,0.5924382256623996,-0.7552633648034872,5.289896016383421e-05,-7.184317869985463,True,same_as_secretion,1.0,6.00649816096671e-05,0.0012148428383556376,True,20.4661374448562
LOC105369151,0.374975,0.220575,0.5882392159477299,-0.7655251277868612,0.014153555290055452,-2.4179056482130963,1.08535,2.9545,2.7221633574422994,1.4447536457913237,2.449138022851493e-07,17.96561153082429,True,inverse_repressor,-1.0,0.02984865056002722,0.00010335919078711221,True,20.383517179037387
IFITM3,177.95,334.49999999999994,1.8797415004214666,0.9105342780190377,0.00011842623833781425,6.232247635620478,16.64,3.9472500000000004,0.23721454326923078,-2.0757356328145247,1.0414483617964408e-06,-14.079094048692761,True,same_as_secretion,1.0,0.0008320305787721805,0.00017282919140014375,True,20.31134168431324
PTGER4,16.597499999999997,6.7365,0.4058743786714868,-1.3008948239088007,9.032945929770119e-07,-14.42145554349833,25.509999999999998,30.86,1.2097216777734223,0.27467516296826283,0.00016467190539488566,5.876046828777843,True,inverse_repressor,-1.0,4.677511112027909e-05,0.0023526687800995037,True,20.297502372276174
PYCARD,142.79999999999998,242.5,1.6981792717086837,0.7639887679327528,1.2430835672171773e-06,13.664373700773838,39.082499999999996,26.825,0.6863685792874049,-0.5429445845088208,8.513982495256763e-05,-6.607588687202824,True,same_as_secretion,1.0,5.43125147286018e-05,0.0015825439534977261,True,20.271962387976664
PIK3C2G,0.534,1.6035000000000001,3.0028089887640452,1.586312706754093,6.110772942450413e-06,10.427492073133466,1.3885,0.503325,0.3624954987396471,-1.463965014204777,8.691791014230308e-06,-9.818051955602433,True,same_as_secretion,1.0,0.00013524546217921537,0.00044832740928678496,True,20.2455440287359
CTSC,2.7352499999999997,6.820250000000001,2.4934649483593825,1.3181519226005707,2.890301064980457e-06,11.844697833071406,11.3925,7.28975,0.6398727232828615,-0.6441431268832376,2.5907026411989692e-05,-8.135260347491622,True,same_as_secretion,1.0,8.829954883911996e-05,0.0008337392953972905,True,19.979958180563028
STS,1.51675,1.8405,1.2134498104499754,0.27911443835114474,0.012912783308789673,2.470969114198166,8.5155,1.7657499999999997,0.20735717221537195,-2.2698101458320723,2.879318091070559e-07,-17.48362451292787,True,same_as_secretion,1.0,0.027668759896251494,0.00011375756943210472,True,19.954593627126037
DSCAM-AS1,262.9,570.55,2.1702168124762267,1.1178391803006749,8.253148384279286e-07,14.642835285836211,65.7225,43.3275,0.6592491155996805,-0.6011043642102094,0.00028841067633455006,-5.3104926936398815,True,same_as_secretion,1.0,4.4942144383484475e-05,0.0033703573624016742,True,19.953327979476093
FAT1,54.46,25.8025,0.4737881013587954,-1.0776861274747118,2.924648084121077e-07,-17.437775559873543,0.9089499999999999,1.3085000000000002,1.439573133835745,0.5256410831993861,0.015765626940535578,2.3561471189330336,True,inverse_repressor,-1.0,2.5984588647868077e-05,0.049847084396186805,True,19.793922678806577
DTX3L,18.4225,36.6875,1.9914506717329354,0.9938197445639371,9.243826955342543e-06,9.715070495602273,19.5775,9.65975,0.49341080321797987,-1.0191387911293848,7.5258403905407604e-06,-10.062994404620103,True,same_as_secretion,1.0,0.00017019379210490433,0.0004159146732498553,True,19.778064900222375
MEGF9,17.247500000000002,38.045,2.205826931439339,1.1413196019224703,1.798768539107006e-06,12.836424370075788,39.8225,26.192500000000003,0.6577311821206605,-0.6044300268281052,8.031886845610236e-05,-6.675927264881914,True,same_as_secretion,1.0,6.816598571975102e-05,0.0015249908674451582,True,19.512351634957703
IFI6,12.997500000000002,349.1,26.859011348336214,4.7473342965587895,3.3498238386971835e-06,11.551535151391528,115.975,46.475,0.4007329165768485,-1.3192870759303543,2.949413232279457e-05,-7.954375192354031,True,same_as_secretion,1.0,9.539233570795498e-05,0.0008890852972434616,True,19.50591034374556
DYRK2,9.87325,12.365,1.252373838401742,0.32466527657046756,0.0010146065928492512,4.201866851325603,4.63525,2.9570000000000003,0.6379375438218003,-0.6485129085605653,6.351361280509012e-07,-15.30403100651772,True,same_as_secretion,1.0,0.0038192235602306393,0.00014932878851203044,True,19.505897857843323
HSPA12A,0.855425,2.44525,2.8585206184060556,1.5152686964164588,4.0642094450476286e-07,16.49896945694297,1.65625,1.2582499999999999,0.7596981132075471,-0.39650185672838445,0.005579593666333223,-2.9818869508861416,True,same_as_secretion,1.0,3.066698922889016e-05,0.023910336615429798,True,19.480856407829112
GALNT6,28.765,45.5875,1.5848253085346775,0.664323824339236,1.0459685156714761e-05,9.511482170646518,38.43000000000001,27.810000000000002,0.7236533957845432,-0.466629231716116,8.054502494024839e-06,-9.946832166295616,True,same_as_secretion,1.0,0.00018348249741424752,0.00042610842396452204,True,19.458314336942134
PLEKHF1,6.159,2.6095,0.42368891053742497,-1.2389227262092393,2.6022187060461245e-06,-12.057666490981514,9.8765,15.350000000000001,1.5541942996000608,0.6361668753973281,4.494946345806014e-05,7.391832295747947,True,inverse_repressor,-1.0,8.388992908432375e-05,0.001112888782603625,True,19.44949878672946
HMCN1,4.1085,1.17475,0.28593160520871364,-1.8062579990254188,4.1954810041233994e-07,-16.410944982473726,0.0762875,0.14076,1.8451253481894152,0.8837188287889116,0.005670683223536912,2.9715473983477163,True,inverse_repressor,-1.0,3.128750472512747e-05,0.0241733050454217,True,19.382492380821443
DGAT2,14.425,25.229999999999997,1.7490467937608316,0.8065688874434553,0.0001241233719209558,6.180359746313511,28.770000000000003,10.037749999999999,0.3488964198818213,-1.519129301153418,1.6170568392487333e-06,-13.069916047555827,True,same_as_secretion,1.0,0.0008580963861504944,0.00021758788730441832,True,19.25027579386934
SYNE1,0.297825,1.00375,3.3702677746999075,1.7528632210464146,7.655937528844344e-07,14.829540396113563,0.79135,0.5884750000000001,0.7436342958235928,-0.427334787145231,0.0008354108116891323,-4.3600613825171175,True,same_as_secretion,1.0,4.2820212040093566e-05,0.006594719340422837,True,19.18960177863068
SLC2A1,50.150000000000006,131.125,2.614656031904287,1.386621166852449,1.0761676515676383e-06,14.001335106455494,22.975,17.2325,0.7500544069640914,-0.4149328461983228,0.00034859391065712665,-5.129899547120092,True,same_as_secretion,1.0,5.06528429790845e-05,0.0037920564305753864,True,19.131234653575586
CAPG,9.21475,18.365,1.9930003526954065,0.9949419654864887,6.711371747842023e-05,6.890486586565132,26.035,12.05,0.4628384866525831,-1.1114192602729256,2.59337892584018e-06,-12.064629947354852,True,same_as_secretion,1.0,0.000565955776501719,0.00024577472813086,True,18.955116533919984
PAPSS2,12.4875,19.2275,1.5397397397397397,0.6226865146096814,7.438857447863633e-05,6.766810206584886,161.4,100.94999999999999,0.6254646840148698,-0.6769996679463074,2.478635385889593e-06,-12.15760594891825,True,same_as_secretion,1.0,0.0006045170413539597,0.0002422162242861444,True,18.92441615550314
C3,0.096385,1.284,13.321574933859003,3.7356927489895697,5.941841325504696e-05,7.039456171965374,223.9,102.7825,0.45905538186690487,-1.1232598795382476,2.9920278596071103e-06,-11.775333231971898,True,same_as_secretion,1.0,0.0005249003405009357,0.0002599462716057329,True,18.814789403937272
CD44,2.3015,7.1655,3.1134043015424724,1.6384929349685353,2.2067012399217327e-06,12.39954560195275,13.267499999999998,5.62425,0.42391181458451105,-1.2381639194710963,0.0001006686827206319,-6.4146083368406925,True,same_as_secretion,1.0,7.518575288826908e-05,0.0017463411240261292,True,18.814153938793442
DLL1,2.7817499999999997,1.9112500000000001,0.6870674934843175,-0.5414762669759987,0.005827332057627957,-2.9541944987594886,3.84025,8.4305,2.1952997851702363,1.1344179643832184,5.254806747491786e-07,15.8005768235677,True,inverse_repressor,-1.0,0.01460096194549906,0.00013949271721251416,True,18.75477132232719
TMSB4X,283.35,162.92499999999998,0.5749955884947943,-0.7983772074931285,1.839315182531867e-06,-12.788064940454275,5149.75,7015.5,1.3622991407349871,0.44604353262190605,0.00016113991912737396,5.898919744239076,True,inverse_repressor,-1.0,6.858281852296032e-05,0.0023299492637945678,True,18.68698468469335
ZNF812P,0.209525,0.36715,1.752296861949648,0.8092472070066207,0.0026907819716335893,3.470042816190596,79.69,15.377500000000001,0.19296649516877903,-2.373577721228263,6.588777666723583e-07,-15.209662585655325,True,same_as_secretion,1.0,0.00795369793557213,0.00014932878851203044,True,18.679705401845922
ASRGL1,1.1058249999999998,2.6152499999999996,2.36497637510456,1.241825771856539,2.8029961110788233e-06,11.906532993290632,1.27025,0.32575,0.2564455815784294,-1.9632753802295786,7.589209056643785e-05,-6.742994876019784,True,same_as_secretion,1.0,8.718397786703966e-05,0.00146946419812997,True,18.64952786931042
ADM,5.0395,1.56975,0.311489235043159,-1.6827457898024893,2.274122214778554e-05,-8.320887958606043,8.62675,20.18,2.339235517431246,1.2260371215128194,6.477742266497565e-06,10.324189571011692,True,inverse_repressor,-1.0,0.00029009539322450003,0.0003869576801864123,True,18.645077529617737
BRINP3,19.9625,36.385,1.8226675015654352,0.8660514030699477,1.2387363029800572e-06,13.672466397157812,0.982475,0.45015,0.4581795974452276,-1.1260148774493548,0.0005410165448630555,-4.730319818111408,True,same_as_secretion,1.0,5.425022266518085e-05,0.00496812457694418,True,18.40278621526922
TSPAN4,23.432499999999997,12.455,0.5315267257014831,-0.9117858611410778,0.0001764352223957452,-5.8037651582747305,28.042500000000004,60.985,2.1747347775697596,1.1208394660573402,2.110813281540125e-06,12.493259912636347,True,inverse_repressor,-1.0,0.0010928037507226792,0.00023428520437906162,True,18.297025070911076
TFF3,43.3525,26.252499999999998,0.6055590796378525,-0.7236603756901178,0.0004973885295508052,-4.804743692558333,30.81,76.2325,2.4742778318727687,1.307007506846286,1.386019590436894e-06,13.41525461638067,True,inverse_repressor,-1.0,0.002275439173498128,0.00020174590356892725,True,18.219998308939005
SIPA1L2,4.18,6.90925,1.6529306220095694,0.725026172069269,9.182781031781575e-06,9.726102325116559,22.4225,8.4555,0.3770988961980154,-1.406985167298212,2.1181381818314056e-05,-8.423735678981611,True,same_as_secretion,1.0,0.00017014238652631136,0.0007534037841927923,True,18.14983800409817
HLA-A,32.7925,93.755,2.8590378897613786,1.5155297395942728,2.996136098923317e-06,11.772589807983842,86.63,60.0275,0.6929181576820963,-0.529243132826288,0.00010729819549098598,-6.3424653939964,True,same_as_secretion,1.0,8.966044007766203e-05,0.0018105192933530417,True,18.11505520198024
IL6R,0.71225,1.83225,2.572481572481572,1.363160742664561,1.7637529539538847e-06,12.879219360509333,3.6185,2.5105,0.6937957717286168,-0.5274170466019893,0.0003453230447963362,-5.138761129246793,True,same_as_secretion,1.0,6.738915350199524e-05,0.003776386112381135,True,18.017980489756127
DCDC2,15.870000000000001,8.029250000000001,0.5059388783868936,-0.9829649889684368,4.145083385755319e-06,-11.14056747308942,10.10325,15.352500000000001,1.5195605374508205,0.6036541512276716,7.859038649413905e-05,6.701593360907309,True,inverse_repressor,-1.0,0.00010735014419817367,0.0014998405825381994,True,17.84216083399673
EFNB2,0.9872,2.49275,2.525070907617504,1.33632390138197,5.470363473866709e-06,10.62631124471056,2.18125,1.080275,0.49525501432664765,-1.013756512791145,5.3105518308900506e-05,-7.179417007636754,True,same_as_secretion,1.0,0.00012681414414063362,0.0012148428383556376,True,17.805728252347315
TP53I3,21.532500000000002,16.6175,0.7717403924300476,-0.3738124773706463,0.00010302332885214502,-6.388371753468522,88.22500000000001,190.125,2.1550014168319636,1.1076888178321347,3.588879802561902e-06,11.416976978574723,True,inverse_repressor,-1.0,0.0007582402669264689,0.0002788364395555312,True,17.805348732043246
INS-IGF2,0.0561025,1.2262499999999998,21.857314736419944,4.450044265594785,1.1183951252518245e-06,13.910606692713348,0.25527500000000003,0.093845,0.36762315150328073,-1.4437004699708875,0.0015081317785908448,-3.892468992760459,True,same_as_secretion,1.0,5.127772612543488e-05,0.00983304037803841,True,17.803075685473807
IFT25,30.525,23.3425,0.7647010647010648,-0.3870322121257241,0.0028599347487832864,-3.427449348297489,83.3725,170.54999999999998,2.0456385498815552,1.0325512534116492,9.407454103967633e-07,14.322912258680528,True,inverse_repressor,-1.0,0.008348707490985199,0.0001725577223839074,True,17.750361606978018
DYRK3,2.008,4.866499999999999,2.42355577689243,1.2771252857723636,6.575960264025671e-07,15.214655452055666,1.5865,1.19375,0.7524424834541444,-0.41034678810716413,0.014355577011804302,-2.4097529654359473,True,same_as_secretion,1.0,3.9263346026589286e-05,0.04663553350808154,True,17.624408417491615
BTN3A2,0.973425,5.33775,5.483473303027968,2.4550900044501973,1.4336989811440705e-06,13.338744869167837,5.86575,4.295,0.7322166815837702,-0.44965745295204285,0.0009711209272986593,-4.237141276322212,True,same_as_secretion,1.0,5.938627804695153e-05,0.007330383942686506,True,17.57588614549005
ZNF618,1.56075,2.86625,1.8364568316514496,0.876924984011665,1.159050287652815e-06,13.826948701706604,0.10887,0.0252245,0.2316937632038211,-2.1097088850222185,0.001923266343321334,-3.710985054715547,True,same_as_secretion,1.0,5.26220166049514e-05,0.011551850044555289,True,17.537933756422152
DYNLT3,11.765,25.6675,2.1816829579260517,1.1254414645118678,5.137866597751491e-06,10.740525926144604,17.0125,10.625500000000002,0.6245701689933874,-0.679064430544992,7.285484324285193e-05,-6.791685104740605,True,same_as_secretion,1.0,0.00012200133612998394,0.0014341056019469456,True,17.532211030885207
EFEMP1,213.675,74.7625,0.3498888498888499,-1.5150314047776572,1.3104002239289447e-06,-13.543109764769035,293.2,359.475,1.2260402455661665,0.2940063372063071,0.0014838827297371255,3.9047862485918614,True,inverse_repressor,-1.0,5.593752128307258e-05,0.009729822683633293,True,17.447896013360896
HSP90B1,375.325,589.7,1.571171651235596,0.6518408043485003,8.280474683424378e-06,9.899854488043612,1063.65,728.1250000000001,0.6845531894890237,-0.5467654522635311,3.9884463631969764e-05,-7.547629654642282,True,same_as_secretion,1.0,0.00016016680666302842,0.0010329352931409295,True,17.447484142685894
112268109,0.551525,1.3525,2.4522913739177734,1.2941304059177845,9.204297123337761e-06,9.722204374320201,1.32875,0.58475,0.4400752587017874,-1.1841778300660395,3.5097380693029156e-05,-7.717566887836722,True,same_as_secretion,1.0,0.00017014238652631136,0.0009683852334158371,True,17.439771262156924
GPNMB,2.9659999999999997,8.274249999999999,2.7896999325691163,1.48010995034268,4.605687924123899e-06,10.942501233254987,73.41,43.847500000000004,0.5972960087181584,-0.7434820135259366,9.452187153959657e-05,-6.486585662953242,True,same_as_secretion,1.0,0.00011508899245363442,0.0016911184819805578,True,17.42908689620823
ETHE1,21.65,12.325,0.569284064665127,-0.8127793783488133,4.7604211244546805e-05,-7.31809720904043,29.21,54.585,1.8687093461143445,0.9020421937336439,7.3637536504627814e-06,10.10052089955037,True,inverse_repressor,-1.0,0.0004512315459928482,0.000413104355091974,True,17.4186181085908
BBX,8.442250000000001,13.485,1.5973229885397846,0.6756560640641321,1.8691826819070456e-05,8.607588313995294,24.99,14.504999999999999,0.5804321728691476,-0.7848006058887066,1.658961304277307e-05,-8.786501382120067,True,same_as_secretion,1.0,0.00025902129268904424,0.000643115917727042,True,17.39408969611536
CSRP1,226.64999999999998,123.94999999999999,0.5468784469446283,-0.8707078897992631,2.337882510154699e-05,-8.281180977826548,74.74000000000001,126.15,1.6878512175541878,0.7551877374829182,1.3554458241842713e-05,9.09746227618107,True,inverse_repressor,-1.0,0.0002941201919448686,0.0005772769153504067,True,17.378643254007617
GBP2,8.84175,13.105,1.482172646817655,0.5677135058087833,1.1623760652195651e-05,9.340825598538409,24.0775,11.465,0.4761706987851729,-1.0704492479412835,3.0276385827076637e-05,-7.918314429285712,True,same_as_secretion,1.0,0.00019480289851139083,0.0008980865949248978,True,17.25914002782412
DSCAM,4.26975,12.035,2.8186661982551673,1.4950126362495568,1.939053488948375e-06,12.674206217633984,0.4039,0.18395,0.455434513493439,-1.134684469730112,0.0006689298438682392,-4.546516451946901,True,same_as_secretion,1.0,7.039933955072668e-05,0.005681945918475838,True,17.220722669580883
SEL1L3,2.291,4.3785,1.9111741597555651,0.9344592529187488,1.6720498845720624e-05,8.774610754642628,0.795525,0.398575,0.5010213381100531,-0.9970560468960109,2.2884660930300997e-05,-8.311843571331407,True,same_as_secretion,1.0,0.00024256479927045802,0.0007775701937550726,True,17.086454325974035
CCL28,0.338075,1.26775,3.749907564889447,1.906855033656734,4.4478671657629217e-05,7.405434951901919,94.07249999999999,48.4675,0.5152143293736214,-0.9567553759907762,9.711601145485976e-06,-9.633251079890785,True,same_as_secretion,1.0,0.00043106704280298374,0.0004779393246959436,True,17.038686031792704
PYDC1,2.283,14.585,6.3885238720981175,2.6754826215608385,9.39480178107769e-06,9.688146994700702,4.64225,1.3447500000000001,0.289676342290915,-1.7874862295861298,4.700178245181717e-05,-7.334404372309482,True,same_as_secretion,1.0,0.00017084671639461184,0.0011364272113903555,True,17.022551367010184
UST,1.81325,3.73325,2.058872190817593,1.0418542741679695,2.6890166069443795e-05,8.082920944295314,3.99075,2.46825,0.6184927645179478,-0.6931713770586087,1.555399678601365e-05,-8.884602153165623,True,same_as_secretion,1.0,0.0003186498995069807,0.000618462882911108,True,16.967523097460937
FANCG,34.699999999999996,25.292500000000004,0.7288904899135449,-0.4562260176827715,1.648614692094253e-05,-8.79597835197095,14.107500000000002,19.955,1.414495835548467,0.50028792926692,2.825020812988698e-05,8.01406584815155,True,inverse_repressor,-1.0,0.00024034647583494445,0.0008710949845958516,True,16.810044200122498
SLC6A14,10.5625,7.9215,0.7499644970414201,-0.41510579415167675,0.00018543942318675097,-5.75209739096796,1.8827500000000001,10.98875,5.83654229186031,2.5451139349060075,4.584143537976634e-06,10.951242686252622,True,inverse_repressor,-1.0,0.0011294186283039521,0.0003200111329198801,True,16.70334007722058
LOC101928034,0.53975,1.717,3.181102362204725,1.6695267959796292,0.0002572517870497918,5.421970315800665,5.166,1.265,0.24487030584591557,-2.029910258536328,4.016602568355332e-06,-11.200417525279246,True,same_as_secretion,1.0,0.0014221221892609657,0.0002936389491802762,True,16.62238784107991
ACTR6,54.4025,96.2575,1.7693580258260189,0.8232260038348219,6.1070657732322604e-06,10.428572163575023,44.29,32.5475,0.734872431700158,-0.44443426415849063,0.00012913480230483017,-6.136942506981567,True,same_as_secretion,1.0,0.00013524546217921537,0.0020167402388548286,True,16.56551467055659
SPRY2,2.1519999999999997,0.497425,0.2311454460966543,-2.1131271552358153,3.8544825506566815e-06,-11.279196449941981,0.9364250000000001,1.6692500000000003,1.7825773553674884,0.8339646841213754,0.0003061499102356882,5.253056254533687,True,inverse_repressor,-1.0,0.00010271858219602025,0.003517882229682236,True,16.532252704475667
P3H2,0.4398,0.16244,0.36934970441109594,-1.4369406718180049,0.00692768860595091,-2.845362566510383,0.21515,4.8294999999999995,22.447129909365554,4.4884590886187405,1.3359389230034178e-06,13.49898961624139,True,inverse_repressor,-1.0,0.01675876103750683,0.00020168333220528834,True,16.344352182751773
ESR1,58.822500000000005,41.9,0.7123124654681456,-0.4894178572156277,4.561946553099281e-06,-10.960299042013204,12.837500000000002,17.9975,1.4019474196689383,0.4874322417840734,0.00027143652573154175,5.369395239762977,True,inverse_repressor,-1.0,0.00011416547917048591,0.0032392704667795623,True,16.32969428177618
RND3,15.125,6.843999999999999,0.452495867768595,-1.1440234774472682,2.652776918471798e-06,-12.018361601511398,25.224999999999998,33.3825,1.3233894945490585,0.4042377321797059,0.0008965725168498812,4.3020322458276885,True,inverse_repressor,-1.0,8.472781663600469e-05,0.006936856277243934,True,16.320393847339087
NUDT16L1,14.335,10.9275,0.7622950819672131,-0.39157852645485497,7.31371724631377e-05,-6.787060879942702,13.752499999999998,17.2375,1.2534084711870572,0.3258566487560152,1.2767295873969061e-05,9.19149738278434,True,inverse_repressor,-1.0,0.0005974853301663018,0.0005590409252623796,True,15.978558262727041
SCPEP1,12.16,19.55,1.6077302631578947,0.6850253787511291,6.943741015223108e-06,10.20240834113884,60.7075,45.485,0.7492484454144874,-0.4164839095354146,0.0001823203777625265,-5.769660988843002,True,same_as_secretion,1.0,0.00014532946544949237,0.0025003745160061706,True,15.972069329981842
HLA-B,34.947500000000005,70.66499999999999,2.022033049574361,1.0158065778875003,4.89540924627762e-06,10.829372247451621,548.25,421.675,0.7691290469676243,-0.37870241633510887,0.0003715333483995414,-5.070321760768121,True,same_as_secretion,1.0,0.00011902172647131505,0.003940035834626547,True,15.899694008219743
CHRM1,1.06945,1.66,1.5521997288325775,0.6343142078193844,0.0029347341415319294,3.4095152122267636,16.4675,3.8592500000000003,0.23435554880825868,-2.093229141148354,2.145901401736756e-06,-12.458402678424951,True,same_as_secretion,1.0,0.008510866511651788,0.00023428520437906162,True,15.867917890651714
PADI2,0.68435,2.22025,3.2443194271936875,1.697915870523484,4.25806367458721e-05,7.462018613234169,13.4825,6.06975,0.4501946968292231,-1.15137903254941,2.163254191980268e-05,-8.393107471038201,True,same_as_secretion,1.0,0.00041968144571873626,0.0007629287434956147,True,15.85512608427237
TDRD7,14.68,28.400000000000002,1.9346049046321527,0.9520389615488317,1.8706527595062388e-06,12.751531470835701,6.356249999999999,5.00875,0.7880039331366766,-0.3437252643140643,0.004648941205805722,-3.0998294549068826,True,same_as_secretion,1.0,6.919552010213416e-05,0.02111697388713465,True,15.851360925742583
CLEC7A,0.323,0.905725,2.8041021671826623,1.4875389147560094,0.0019767829666725656,3.6908788860603776,7.7075000000000005,2.7744999999999997,0.3599740512487836,-1.474035181343406,2.5044706264709853e-06,-12.136240875182473,True,same_as_secretion,1.0,0.006298367005515249,0.0002422162242861444,True,15.827119761242852
TNFSF10,0.0975475,1.35925,13.934237166508625,3.8005621187701286,2.830939864018831e-05,8.011156984918228,40.675,28.412499999999998,0.6985248924400738,-0.51761656685468,3.277377647872833e-05,-7.8100408939286465,True,same_as_secretion,1.0,0.00032711258893073107,0.0009305447330787561,True,15.821197878846874
OAS1,1.693,29.2775,17.293266391021852,4.112138489087677,1.990844103002617e-06,12.61774073714524,1.659,0.42175,0.2542194092827004,-1.9758539126682975,0.004101212557704761,-3.182420968066583,True,same_as_secretion,1.0,7.107348104526578e-05,0.019353345866332833,True,15.800161705211824
FCN2,0.0518975,0.17495,3.371067970518811,1.7532057165365444,0.01480817969788612,2.391937472847391,5.71975,2.24275,0.3921062983522007,-1.3506832790249363,1.4177352389838962e-06,-13.364027308350776,True,same_as_secretion,1.0,0.030975902761073263,0.00020174590356892725,True,15.755964781198166
ZDBF2,3.785,4.77825,1.2624174372523116,0.3361890379542632,0.0003386885830007327,5.157035895184772,0.251925,0.03898,0.15472858985809268,-2.6921883005851273,5.5643999019288775e-06,-10.595468230392807,True,same_as_secretion,1.0,0.0017225714318654084,0.0003576417763155796,True,15.75250412557758
COL9A3,15.090000000000002,12.004999999999999,0.795559973492379,-0.329957402296267,0.006308140674154146,-2.904030542626299,2.547,3.75325,1.473596387907342,0.5593414301992207,1.80013240305651e-06,12.834777160593182,True,inverse_repressor,-1.0,0.015549619725128423,0.00022972294447094494,True,15.738807703219482
GPR156,0.36325,0.9563999999999999,2.6328974535443908,1.3966513321914242,0.0001915937009586192,5.7184209961629335,0.409775,0.0462875,0.1129583307912879,-3.146137420012338,7.764335763554884e-06,-10.009452801453817,True,same_as_secretion,1.0,0.0011536003349872244,0.00042280337476085237,True,15.72787379761675
PLEKHA4,2.5,9.6385,3.8554000000000004,1.9468805483580087,4.679483224077416e-06,10.912915962054845,3.7072499999999997,1.7377500000000001,0.4687436779283836,-1.0931288622749509,0.0005182614659559756,-4.768239842887943,True,same_as_secretion,1.0,0.00011611568403919715,0.004833549553659724,True,15.681155804942787
IFITM1,33.935,278.65000000000003,8.211286282599087,3.0376082351787526,6.876429312769749e-06,10.21940219278503,20.687500000000004,7.1395,0.3451117824773413,-1.5348643651549285,0.000257938345165114,-5.419349431588521,True,same_as_secretion,1.0,0.00014493577288174968,0.0031162375610741715,True,15.638751624373551
CXXC4,0.683825,2.4,3.509669871677695,1.8113353334094575,3.754349953373976e-05,7.627590248952015,1.84625,0.0477425,0.025859174001354096,-5.273179996729504,2.8630844096805624e-05,-7.995482067055727,True,same_as_secretion,1.0,0.00038816550269599865,0.0008744180000552362,True,15.623072316007743
SLC2A6,20.4575,15.33,0.7493584260051326,-0.4162721549304829,0.004221056762963396,-3.1633284922631844,25.130000000000003,37.4025,1.4883605252686032,0.5737240325056149,2.185502100399081e-06,12.419850708178094,True,inverse_repressor,-1.0,0.011329980201137223,0.00023428520437906162,True,15.583179200441279
RAMP1,1.215025,4.54675,3.7421040719326766,1.9038496820349544,1.0278050389564141e-05,9.54009582809069,0.6225499999999999,0.116955,0.18786442855995505,-2.412236171281874,0.00014462072450679165,-6.014170683117194,True,same_as_secretion,1.0,0.0001814193133876583,0.0021833026287533448,True,15.554266511207885
MIR99AHG,0.710625,0.24655,0.34694810905892703,-1.5272081911658535,0.00030152981463730497,-5.267639030417373,4.4085,9.078249999999999,2.05926051945106,1.0421263585493212,6.8032257339643356e-06,10.238104448074303,True,inverse_repressor,-1.0,0.0015893009162645801,0.00039783987933264715,True,15.505743478491675
VCL,21.905,16.07,0.7336224606254279,-0.446890285647857,2.6505506760420093e-06,-12.020073916467899,38.334999999999994,47.00000000000001,1.2260336507108391,0.2939985769466423,0.0029043400674694936,3.416739491227967,True,inverse_repressor,-1.0,8.472781663600469e-05,0.01531686756967936,True,15.436813407695865
POMGNT1,25.2225,20.0075,0.7932401625532759,-0.33417037035946096,2.1400622413790496e-06,-12.464157208907372,28.642500000000002,34.7725,1.2140176311425328,0.27978937396360376,0.005694842530936956,2.9688363176996106,True,inverse_repressor,-1.0,7.427816029937864e-05,0.024219668350125848,True,15.432993526606982
DDX60L,1.8977499999999998,6.29275,3.315900408378343,1.7294006767684207,2.4821739187096422e-05,8.195782523411154,1.6452499999999999,0.644975,0.39202248898343717,-1.3509916757146343,5.1930663961418004e-05,-7.207591267273992,True,same_as_secretion,1.0,0.00030537112150096454,0.001199378730223347,True,15.403373790685146
NGDN,17.99,22.465,1.2487493051695386,0.3204838752719561,0.00023541578964636904,5.509805348297138,18.9725,13.147499999999999,0.6929766767690078,-0.5291212979013918,8.370662812805007e-06,-9.881519514929415,True,same_as_secretion,1.0,0.0013323486126008617,0.0004362211864392546,True,15.391324863226554
LY6E,237.05,173.47500000000002,0.7318076355199326,-0.45046362636904863,0.002900875903509521,-3.4175683065322917,67.3875,124.82499999999999,1.852346503431645,0.8893539970989943,2.7754145781242393e-06,11.926535218805725,True,inverse_repressor,-1.0,0.008436392271302787,0.0002531038553396387,True,15.344103525338017
MAN1A1,1.6997499999999999,8.1485,4.793940285336079,2.261211938485156,4.55541857784344e-06,10.962972207735167,17.747500000000002,13.5,0.7606705169742216,-0.3946564065456261,0.0008437546777541161,-4.351863346604064,True,same_as_secretion,1.0,0.00011415596163559358,0.006630419217611588,True,15.314835554339231
RAB30,1.7557500000000001,2.88625,1.6438843798946319,0.7171088328283086,0.0007672984516356786,4.430702267163611,14.735,9.8205,0.6664743807261622,-0.5853786757016877,4.940190962685286e-06,-10.812582187330475,True,same_as_secretion,1.0,0.0031293575551115563,0.00033637376793738946,True,15.243284454494088
KBTBD11,2.64075,4.38175,1.6592824008330966,0.7305594460341603,3.408428150578121e-06,11.517537331672665,0.343,0.0866075,0.2525,-1.98564470702293,0.002185460356611669,-3.617997199335252,True,same_as_secretion,1.0,9.604112644625968e-05,0.0125796073657539,True,15.135534531007917
DIO1,0.9812500000000001,0.212375,0.21643312101910828,-2.208006801482131,3.326187125997705e-05,-7.789997773140893,0.50235,2.118,4.216183935503135,2.075937807451827,4.692757661511945e-05,7.336429793776354,True,inverse_repressor,-1.0,0.00036343125358219354,0.0011364272113903555,True,15.126427566917247
S100A7,4.25275,96.88000000000001,22.7805537593322,4.50973091200065,5.04253856797974e-06,10.774864472961134,2.094,0.7456,0.35606494746895895,-1.4897876771638905,0.0009000571597753121,-4.298863461233203,True,same_as_secretion,1.0,0.00012081922408879458,0.006950401300302996,True,15.073727934194338
PERP,28.802500000000002,49.1225,1.7054943147296242,0.7701899457311188,1.4018013495413475e-05,9.04500568085638,62.12,47.4575,0.7639649066323246,-0.38842172650898094,0.00015001386713654554,-5.9749406115969155,True,same_as_secretion,1.0,0.00022096816009875453,0.002229091377905492,True,15.019946292453296
LAMP3,0.640425,2.68175,4.1874536440644885,2.066073219628292,4.6052204772058046e-05,7.360606601006235,2.27675,0.47714999999999996,0.2095750521576809,-2.254461106402092,3.681997142820513e-05,-7.653479462193469,True,same_as_secretion,1.0,0.00044262080249086224,0.000991436114336995,True,15.014086063199704
SAA1,0.1477,1.07965,7.309749492213947,2.869821965338679,0.000619814926541206,4.611901368770171,82.445,11.6975,0.14188246709927832,-2.817231773224846,6.250864855734924e-06,-10.387225385648781,True,same_as_secretion,1.0,0.0026494805181730328,0.00037932127289588824,True,14.999126754418953
CDON,2.90525,4.75475,1.6366061440495652,0.7107071731299982,2.12706572668718e-05,8.417615248519148,3.31325,1.8287499999999999,0.5519505017731834,-0.8573892011597928,8.7789070359345e-05,-6.571914233214806,True,same_as_secretion,1.0,0.00028037780995164135,0.0016076481730795634,True,14.989529481733953
MIR3652,147.625,240.05,1.6260795935647756,0.7013978763740747,1.7237433795701943e-05,8.728683003853261,517.875,340.4,0.6573014723630219,-0.6053728781806068,0.0001278242230603906,-6.148106472795106,True,same_as_secretion,1.0,0.0002466879665538447,0.002003010968783454,True,14.876789476648366
FAM228B,6.21725,4.74925,0.7638827455868752,-0.3885768903209831,0.014080616091257296,-2.420880679188134,21.86,36.795,1.6832113449222326,0.7512163336068537,2.1783110244823037e-06,12.426790634881657,True,inverse_repressor,-1.0,0.029718454216703424,0.00023428520437906162,True,14.84767131406979
NEXMIF,0.4773,0.9205249999999999,1.9286088413995388,0.9475605670278148,0.0004538154904762754,4.886962589977783,1.3265,0.18787500000000001,0.14163211458725972,-2.819779666312331,8.346254673928155e-06,-9.88645887324081,True,same_as_secretion,1.0,0.0021312341534279106,0.0004362211864392546,True,14.773421463218593
MATN2,16.7225,21.205000000000002,1.2680520257138588,0.3426139376694616,0.0004783422096433207,4.83962215663676,116.15,37.9075,0.3263667671114937,-1.6154339351404507,8.590704498727033e-06,-9.837732666816414,True,same_as_secretion,1.0,0.0022144942634921023,0.0004443476095734325,True,14.677354823453175
TMEM45A,5.13875,10.79,2.099732425200681,1.0702054929240792,7.25869303725193e-06,10.125361271964007,2.4515000000000002,0.899425,0.36688761982459717,-1.4465898714647152,0.0006700578413898975,-4.545080070837347,True,same_as_secretion,1.0,0.00014910029978841934,0.005684012817162634,True,14.670441342801354
MVD,112.475,83.3025,0.7406312513891976,-0.43317266869272303,2.8556598824613305e-05,-7.999084360313338,68.24249999999999,106.4075,1.5592555958530243,0.6408574364674928,8.138142229331551e-05,6.660464642380022,True,inverse_repressor,-1.0,0.0003287461150491286,0.0015373058296689478,True,14.65954900269336
SATB1,0.689425,0.364225,0.5283025709830657,-0.9205636641083971,0.0004124987691105038,-4.97377043797078,34.1225,55.677499999999995,1.6316946296431971,0.7063710833377764,9.63279945085744e-06,9.646709586875557,True,inverse_repressor,-1.0,0.001995230435950233,0.0004779393246959436,True,14.620480024846337
TMT1A,9.6785,15.655,1.617502712197138,0.6937681313028402,0.00031276780214345,5.232603262835185,131.825,100.63,0.7633605158353879,-0.3895635285613616,1.150631918669316e-05,-9.35712226517472,True,same_as_secretion,1.0,0.001632690398393508,0.0005301757840637848,True,14.589725528009904
PPM1E,3.0305,6.471,2.1352912060716056,1.0944328346731556,3.655214001756271e-06,11.38148047526939,0.40740000000000004,0.2241,0.5500736377025036,-0.8623033314554949,0.004041937260031197,-3.1920979489743413,True,same_as_secretion,1.0,9.937579619123308e-05,0.019151501143536438,True,14.573578424243731
FOLR1,0.02565,0.5797,22.600389863547758,4.498275754667458,9.333333490635037e-05,6.501127669372889,40.2625,8.596,0.21349891338093757,-2.2276993677297563,2.770617850301488e-05,-8.041137348717884,True,same_as_secretion,1.0,0.000709403731786371,0.0008632148131249719,True,14.542265018090774
AGK,10.05075,13.3025,1.3235330696714174,0.40439424232475146,1.7412279786195255e-05,8.7135093927781,14.707500000000001,11.087499999999999,0.7538670746217915,-0.40761793172487915,0.00019482052580190848,-5.701258726054361,True,same_as_secretion,1.0,0.0002477931014805107,0.00259886662616066,True,14.41476811883246
PCYT2,23.822499999999998,15.055,0.631965578759576,-0.6620821135502265,6.401481174038824e-06,-10.345087733898815,15.8975,22.317500000000003,1.4038370813020915,0.4893755170985919,0.0013376157073337078,3.9843062494434345,True,inverse_repressor,-1.0,0.00013902819172014844,0.009101018540400865,True,14.32939398334225
KLHDC7B,0.5684,6.0805,10.697572132301195,3.419211501781681,1.03828293572821e-05,9.523518565721625,0.60675,0.088435,0.1457519571487433,-2.778412838907019,0.0004983953085114354,-4.8029428926668984,True,same_as_secretion,1.0,0.00018274763823257945,0.004726610052987152,True,14.326461458388524
STOX1,1.2925,2.51375,1.9448742746615086,0.9596768959904172,0.00011412857689253593,6.273336443453276,5.4445,2.7605,0.5070254385159335,-0.9798699628459034,2.8315738245784636e-05,-8.01084584914697,True,same_as_secretion,1.0,0.0008144710008906608,0.0008710949845958516,True,14.284182292600246
GAB2,1.93925,4.76125,2.4552017532551247,1.2958415811433186,1.4573871687071338e-05,8.984698581923304,17.595,12.02,0.6831486217675476,-0.549728618038479,0.0003159973289346386,-5.222802313831294,True,same_as_secretion,1.0,0.00022551851946435637,0.0035888406122246506,True,14.207500895754599
FTL,196.95,369.075,1.873952779893374,0.9060846002372525,1.1621658490613156e-05,9.341115619339744,242.97500000000002,192.375,0.7917481222347977,-0.33688655422626557,0.00048647408952400716,-4.8245389763861635,True,same_as_secretion,1.0,0.00019480289851139083,0.004668261524898258,True,14.165654595725908
NECAB3,43.997499999999995,27.1225,0.6164554804250242,-0.6979313859676336,1.180768571271537e-05,-9.315683952813368,57.027499999999996,76.6175,1.343518477927316,0.4260161634283286,0.0004992653307393928,4.801390067713061,True,inverse_repressor,-1.0,0.00019681949371580943,0.004727617504589386,True,14.11707402052643
IGF2BP2,0.38997499999999996,0.07249,0.18588371049426247,-2.4275277464634035,3.7077916334585336e-05,-7.644182574971177,0.931425,2.3972499999999997,2.5737445312290306,1.3638688593783106,0.0001075816220414554,6.339496796407126,True,inverse_repressor,-1.0,0.0003855902823980923,0.0018111361193905579,True,13.983679371378303
HAGHL,82.19,54.620000000000005,0.6645577320841952,-0.5895335587814742,0.001771409049108306,-3.771694055388744,19.189999999999998,38.870000000000005,2.025534132360605,1.0183023961438173,7.716794661802645e-06,10.01997176112474,True,inverse_repressor,-1.0,0.005777849048461643,0.0004214504708088627,True,13.791665816513484
TMEM132A,75.4275,47.157500000000006,0.6252030095124459,-0.6776033718949046,1.0075517460044593e-05,-9.572702741730241,173.77500000000003,230.14999999999998,1.3244137534167741,0.4053538976379079,0.001032291814986649,4.188012387091616,True,inverse_repressor,-1.0,0.0001786936807216505,0.007627786196771622,True,13.760715128821857
DOCK5,6.92075,3.843,0.5552866380088863,-0.8486954144452953,5.764872417243024e-06,-10.531692103167744,5.80325,7.0685,1.2180243828888984,0.2845430139673978,0.00382501892342981,3.228926015465753,True,inverse_repressor,-1.0,0.00013070563603881038,0.01848563911475246,True,13.760618118633497
CCND3,27.725,21.8525,0.7881875563570784,-0.343389122021164,0.0001409372391726481,-6.041948588722714,18.78,26.032500000000002,1.386182108626198,0.47111680289602775,3.651669237886105e-05,7.6645073475514245,True,inverse_repressor,-1.0,0.0009366812722937553,0.0009913427789226183,True,13.70645593627414
SP100,6.43975,18.7,2.903839434760666,1.537961682989739,5.156066979521158e-06,10.73405412035415,4.2595,3.199,0.7510271158586688,-0.41306309765565885,0.005857809672816814,-2.950879111916923,True,same_as_secretion,1.0,0.00012227714909671567,0.024626141683164005,True,13.684933232271073
ID3,222.92499999999998,173.675,0.7790736794886174,-0.36016831986580944,2.0059654156249293e-05,-8.503289053645478,186.3,258.925,1.3898282340311325,0.47490659429859905,0.00033561057559091913,5.165654752460869,True,inverse_repressor,-1.0,0.0002714925058508696,0.003718348912976001,True,13.668943806106347
PPP2R3A,5.6085,6.901749999999999,1.2305875011143796,0.2993472444971013,0.00011069563860613997,6.307464169984776,11.125,6.298499999999999,0.5661573033707864,-0.8207251420723118,4.657157535746193e-05,-7.34619859842061,True,same_as_secretion,1.0,0.0007963995789528915,0.0011324233625526008,True,13.653662768405386
ARHGAP26,0.527625,0.8293750000000001,1.5719023927979152,0.6525116362998669,0.007197189765914651,2.8216487014952674,2.342,1.0171,0.43428693424423565,-1.2032795456981322,4.938557820521087e-06,-10.813191388699671,True,same_as_secretion,1.0,0.017264515794247405,0.00033637376793738946,True,13.634840090194938
LRRC45,63.6275,35.917500000000004,0.5644964834387648,-0.8249635012075225,1.9873956335396244e-05,-8.516956467553442,22.87,33.835,1.4794490599038042,0.5650600227978947,0.0003613738702388653,5.096170353603596,True,inverse_repressor,-1.0,0.00027044929037182123,0.0038743368339870035,True,13.613126821157039
CLCN4,0.375075,0.772875,2.060587882423515,1.0430559947190454,4.817170362381438e-05,7.302952973175056,1.2882500000000001,0.686175,0.5326411798952067,-0.9087641234661978,0.00011164981849799355,-6.2978569405826015,True,same_as_secretion,1.0,0.0004549849260379498,0.0018494428899993238,True,13.600809913757658
HK2,12.795,17.722500000000004,1.3851113716295431,0.470001982655557,0.00018590139771601145,5.749524973737368,10.28875,5.2785,0.5130360831004738,-0.9628677971653163,3.2672882786902506e-05,-7.814227167754442,True,same_as_secretion,1.0,0.001130321890696993,0.000929100705160785,True,13.563752141491811
GRAMD1C,1.3835000000000002,3.5785,2.5865558366461867,1.3710323357067806,5.3976917064435134e-06,10.650572259605566,2.924,2.05025,0.7011798905608756,-0.5121434738670885,0.0066746750563905855,-2.868583616959156,True,same_as_secretion,1.0,0.00012560117455758096,0.026973240722985153,True,13.51915587656472
BAK1,35.462500000000006,25.052500000000002,0.7064504758547762,-0.5013396677223733,4.427955441791684e-06,-11.01607861260719,11.020000000000001,13.395,1.21551724137931,0.2815703572712211,0.013013549454886733,2.4664538811260313,True,inverse_repressor,-1.0,0.00011232609917845598,0.04356383627686889,True,13.48253249373322
ARHGAP40,1.75675,0.2019475,0.11495517290451117,-3.1208567070759887,4.766834138070887e-06,-10.878589616223024,10.468250000000001,12.985,1.2404174527738636,0.31082573004186254,0.010519832807666683,2.5913662023543074,True,inverse_repressor,-1.0,0.00011739435425707998,0.03744350688241569,True,13.469955818577333
TXNRD1,62.25,100.8025,1.6193172690763051,0.6953856772277722,4.04964562478556e-05,7.527620431436299,133.75,93.8475,0.7016635514018691,-0.5111486727316962,0.00016123353509170255,-5.898306052665255,True,same_as_secretion,1.0,0.0004061281839931606,0.0023299492637945678,True,13.425926484101554
SUSD4,1.4245,3.8325,2.69041769041769,1.4278301702222886,3.8727238278405196e-05,7.586456715296247,2.4699999999999998,0.7124250000000001,0.2884311740890689,-1.7937009931617878,0.00017159076672208784,-5.832838761384686,True,same_as_secretion,1.0,0.00039555890406584493,0.0023953467187930334,True,13.419295476680933
SLC16A10,0.12845,0.2738,2.131568703775788,1.0919155563570826,0.0011973578363880162,4.070478523913263,1.9602499999999998,0.60225,0.30723122050758833,-1.7026032662539086,1.1592905999503036e-05,-9.345088531172413,True,same_as_secretion,1.0,0.0043102989551985025,0.0005319459837600025,True,13.415567055085676
PCED1B,1.034275,2.5307500000000003,2.4468830823523726,1.2909451678087067,2.2746453365010073e-05,8.320556947605699,2.61525,1.28875,0.4927827167574802,-1.02097643724239,0.00037056245235732955,-5.072756654562852,True,same_as_secretion,1.0,0.00029009539322450003,0.003940035834626547,True,13.39331360216855
HELB,5.54275,7.7402500000000005,1.3964638491723425,0.4817782264679497,3.1713851279628474e-05,7.854783558371456,2.16825,1.034775,0.4772397094430993,-1.0672140052633219,0.00023776352179497918,-5.499919908769808,True,same_as_secretion,1.0,0.0003528427228348839,0.0029380850385109735,True,13.354703467141263
LYPD6B,18.4625,11.5125,0.6235612728503724,-0.6813967646734536,1.478707683398211e-05,-8.962272359488686,26.56,38.1875,1.4377823795180724,0.5238453282465296,0.0008287510865042249,4.366672259860785,True,inverse_repressor,-1.0,0.0002273437953213052,0.006579341139502758,True,13.328944619349471
LIPH,8.6905,1.944,0.22369253782866347,-2.160410964628664,1.0506316194204695e-05,-9.50422925717211,21.384999999999998,27.035000000000004,1.2642038812251581,0.33822914920566605,0.0017554594062949268,3.778411993345237,True,inverse_repressor,-1.0,0.00018370224614895197,0.010844073261979278,True,13.282641250517347
TBC1D2,3.70075,2.2162499999999996,0.5988650949131932,-0.7396970481665872,3.7312593893460876e-05,-7.63578920030663,4.0275,5.73,1.4227188081936686,0.5086505500503361,0.00020715046474599258,5.6385765337014195,True,inverse_repressor,-1.0,0.00038707126033948327,0.0026899562366286905,True,13.27436573400805
SYTL1,39.8325,22.17,0.5565806816042177,-0.8453372599466741,7.85749841261897e-06,-9.989055021493675,51.1675,62.467499999999994,1.2208433087408999,0.28787804700122244,0.0035403729752069295,3.280996282529019,True,inverse_repressor,-1.0,0.00015671953600850875,0.017530365761990498,True,13.270051304022694
LRRC58,29.955,45.005,1.5024202971123353,0.5872884584833931,7.425293125531866e-05,6.76898611601466,29.45,21.009999999999998,0.7134125636672326,-0.4871914720447771,9.481400679550173e-05,-6.483043686650052,True,same_as_secretion,1.0,0.0006041625506318707,0.001693660109252283,True,13.252029802664712
TIAM1,2.05625,3.20225,1.557325227963526,0.6390702647592379,0.00016141383732027882,5.897125254778509,9.073,5.848249999999999,0.6445773173151107,-0.6335746740554946,4.694837187039755e-05,-7.335861820751641,True,same_as_secretion,1.0,0.0010285839207962448,0.0011364272113903555,True,13.23298707553015
AMOTL1,7.69825,12.487499999999999,1.6221219108238885,0.6978822495994149,8.404422955333982e-06,9.874715156078434,1.8784999999999998,1.0667,0.5678466861857866,-0.8164266280726008,0.0033486781971175895,-3.31880144627201,True,same_as_secretion,1.0,0.00016163829687461067,0.016901768263733765,True,13.193516602350444
SPATA2L,51.9575,36.1425,0.6956166097291054,-0.5236357135831143,2.4870637891400123e-05,-8.192990075917331,15.965000000000002,21.634999999999998,1.3551518947698087,0.43845456785179737,0.00042007702969417424,4.957119497033044,True,inverse_repressor,-1.0,0.0003053863477408567,0.0042278646961469496,True,13.150109572950374
PWWP3B,2.87425,2.1715,0.7555014351569975,-0.40449359893879777,0.0063051248254595675,-2.9043316863283377,2.6425,4.84925,1.8350993377483442,0.8758581612689755,6.808476192058917e-06,10.236755274311921,True,inverse_repressor,-1.0,0.015544325927238277,0.00039783987933264715,True,13.141086960640258
NEDD9,3.11,1.5245000000000002,0.49019292604501613,-1.0285784300082164,1.8757812426355116e-05,-8.60235592286047,2.177,2.88225,1.3239549839228295,0.4048540695957522,0.0007863755569660817,4.410214222745838,True,inverse_repressor,-1.0,0.0002597418485794095,0.0063576418510120835,True,13.012570145606308
COL6A2,10.392499999999998,16.61,1.598267981717585,0.676509325338004,0.00013600664463004974,6.080472565295023,0.28902500000000003,0.13295,0.45999481013753135,-1.120310510741808,6.514978804627423e-05,-6.926552163976545,True,same_as_secretion,1.0,0.0009157024598025357,0.0013547216284784615,True,13.007024729271567
PARD6A,13.21,9.8825,0.7481074943224829,-0.418682511427214,0.0003473495208827158,-5.1332595866037405,13.6425,24.527499999999996,1.7978742899028768,0.8462921489535331,3.1890318660692697e-05,7.847215042825518,True,inverse_repressor,-1.0,0.0017555615822730402,0.0009223852448760166,True,12.980474629429258
CMBL,6.1475,13.175,2.14314762098414,1.0997312269284947,5.823210123062232e-06,10.513616448249754,12.415,9.914,0.798550140958518,-0.32454509759387645,0.01314747896234235,-2.4605119931734194,True,same_as_secretion,1.0,0.00013154645836392043,0.04382256988902084,True,12.974128441423174
NR2F1,0.132905,1.3134000000000001,9.882246717580228,3.304839074181126,8.124555824918933e-05,6.662428715236133,2.624,0.27735,0.10569740853658535,-3.241988089380094,0.00011781952567712747,-6.237942854895388,True,same_as_secretion,1.0,0.0006438961891289786,0.0019007739116408168,True,12.90037157013152
DDX60,1.67075,11.81,7.068681729762083,2.8214411854353583,2.4218246322469292e-05,8.230780772796408,2.36575,1.20825,0.5107259854168869,-0.9693786305533978,0.0005897476522347582,-4.654933430415656,True,same_as_secretion,1.0,0.0003010097831070497,0.005267447885688901,True,12.885714203212064
TNFRSF11A,0.61035,1.218,1.9955763086753504,0.9968054469988282,0.0003543512505750255,5.114531481977874,2.4025,0.8330000000000001,0.3467221644120708,-1.5281480302955648,3.3908816637370704e-05,-7.763951031392209,True,same_as_secretion,1.0,0.001781269718017588,0.000952576121239541,True,12.878482513370084
C1RL,0.20175,0.549625,2.724287484510533,1.4458789539348669,0.0014407395944355823,3.927278488794335,5.6145,2.94275,0.5241339389081843,-0.9319925649818531,1.4936418799267102e-05,-8.946786122430428,True,same_as_secretion,1.0,0.004957949134372559,0.0006031768689824347,True,12.874064611224764
TRI-AAT5-5,60.637499999999996,23.335,0.3848278705421563,-1.3777148071180365,0.0014129496213783025,-3.942176945511944,5.42225,11.379999999999999,2.0987597399603484,1.0695370204618346,1.5112762599146681e-05,8.928729773588335,True,inverse_repressor,-1.0,0.004895887575923437,0.0006061099108068137,True,12.87090671910028
OAS2,0.22497499999999998,8.144250000000001,36.20068896544061,5.177945249587167,7.800204127472019e-05,6.710479003675624,7.1475,2.57925,0.36086044071353623,-1.4704870982705132,0.00012988080400354348,-6.13064611095622,True,same_as_secretion,1.0,0.0006259377287944163,0.002026391144785872,True,12.841125114631843
INPP4B,42.0,25.1875,0.5997023809523809,-0.7376813942507929,7.1158722598855325e-06,-10.159808130554175,5.825,7.107,1.2200858369098713,0.2869826495323825,0.01015974826321885,2.6120907119089334,True,inverse_repressor,-1.0,0.00014733875237368007,0.03650471468647655,True,12.77189884246311
SERPINA1,0.0418575,0.822825,19.65776742519262,4.29702757589954,2.0057796080584616e-05,8.503425080205883,70.9,54.1375,0.7635754583921015,-0.38915736017194785,0.0009571111095366634,-4.248891881929639,True,same_as_secretion,1.0,0.0002714925058508696,0.007257082969777992,True,12.752316962135522
DAPP1,1.211925,4.823250000000001,3.979825484250264,1.992705169832553,3.179964373741608e-05,7.8510979191773025,13.3225,7.4275,0.5575154813285795,-0.8429162279246198,0.0004512014989538337,-4.892180759571467,True,same_as_secretion,1.0,0.0003531624309569851,0.004440042731358632,True,12.74327867874877
ACSL1,8.886000000000001,18.52,2.084177357641233,1.0594780521375946,9.97248089150081e-06,9.589584807662195,36.7825,29.2325,0.7947393461564604,-0.3314463233797425,0.004613129788478378,-3.1048867672317657,True,same_as_secretion,1.0,0.00017754458070400628,0.020995393882905635,True,12.69447157489396
ZNF714,9.7305,12.897499999999999,1.3254714557319769,0.4065056018405274,8.790275940050812e-06,9.799131921499097,0.30922499999999997,0.18185,0.5880831110033148,-0.765908036153604,0.0075160894057235035,-2.794837637306405,True,same_as_secretion,1.0,0.0001660494750059039,0.02952533619100481,True,12.593969558805501
SUCO,26.1375,34.2775,1.3114299378287901,0.3911407347497305,2.8130632141507962e-05,8.019963926769258,64.1825,48.9525,0.7627079032446539,-0.39079744572247543,0.0006585743215544542,-4.559834255551729,True,same_as_secretion,1.0,0.0003263960162375409,0.005630325311668812,True,12.579798182320985
C3orf70,0.4389,0.216525,0.49333561175666435,-1.019358661902505,6.716877805640518e-05,-6.889493124443126,3.4635,5.207000000000001,1.5033925220153028,0.5882217328949785,0.00019739986062002716,5.687774359402199,True,inverse_repressor,-1.0,0.0005661058832173835,0.002625729234851923,True,12.577267483845326
ZBTB44,7.3415,9.59975,1.3076006265749507,0.38692197352735896,3.148915375254213e-05,7.8644916103064855,29.6475,22.55,0.7606037608567333,-0.39478302239802654,0.0005657203582063808,-4.691171595653944,True,same_as_secretion,1.0,0.00035097364707740384,0.005124322600748432,True,12.555663205960428
CEP97,6.695,9.39125,1.402725914861837,0.48823314160307696,4.432550719942014e-05,7.409896360781134,8.8015,6.382499999999999,0.7251604840084075,-0.46362778408877336,0.00035039905290034696,-5.125049843474659,True,same_as_secretion,1.0,0.00043003152726542977,0.003800560755436065,True,12.534946204255792
SLC25A36,17.93,22.93,1.278862242052426,0.3548608667124186,0.0009109566971948723,4.289041772124822,14.5425,8.9035,0.6122399862472064,-0.7078308225205517,2.4485819382909454e-05,-8.215140003901993,True,same_as_secretion,1.0,0.0035403003160760955,0.0008133759930612624,True,12.504181776026815
ACTB,3109.5,2127.25,0.6841132014793375,-0.5476930246006326,0.00030146721125439086,-5.267838393513104,5483.5,7366.5,1.3433938178170877,0.4258822948809727,5.169314190978585e-05,7.213377038269824,True,inverse_repressor,-1.0,0.0015893009162645801,0.001199378730223347,True,12.481215431782928
ITPKC,18.39,12.9875,0.7062262098966829,-0.5017977306203636,5.051994687515864e-05,-7.2424136880575665,15.835,21.637500000000003,1.366435112093464,0.45041695222581113,0.00031168302738142215,5.235921495832523,True,inverse_repressor,-1.0,0.0004681162143337429,0.0035611137125820284,True,12.478335183890088
UNC5B,0.58745,1.05775,1.800578772661503,0.8484607166857457,9.062371759796776e-05,6.535096775328416,3.6530000000000005,1.4629999999999999,0.40049274568847515,-1.3201519842235316,0.00015797164868514712,-5.919935211248532,True,same_as_secretion,1.0,0.000695655978535206,0.0022934914342724764,True,12.455031986576948
FOXP1,2.89575,3.59875,1.2427695761029094,0.3135588287877827,0.0002325966392820246,5.521826999298217,6.723,2.8495,0.42384352223709654,-1.2383963568899583,6.825687631640322e-05,-6.870051679479591,True,same_as_secretion,1.0,0.0013228444088293765,0.0013852043019882967,True,12.391878678777807
SAMD9,1.6035,31.9125,19.90177736202058,4.314825373740197,1.2540916183455789e-05,9.219793242935424,2.982,1.885,0.6321260898725687,-0.6617157341274159,0.004195536323511204,-3.1673425593224676,True,same_as_secretion,1.0,0.00020589944527903673,0.01966659280985012,True,12.387135802257891
HLA-F,2.7575000000000003,7.1259999999999994,2.5842248413417948,1.3697315976545543,1.976143458120544e-05,8.525310423330088,2.79175,1.53075,0.5483119906868452,-0.8669310715256803,0.00161862846579547,-3.839063791873838,True,same_as_secretion,1.0,0.0002698162343664734,0.01032450823290551,True,12.364374215203927
SHROOM1,2.99325,4.972,1.6610707425039672,0.7321135168200572,2.2292841938521633e-05,8.34959279264738,2.55875,1.6792500000000001,0.6562774792379092,-0.607622168337019,0.0013052675117890327,-4.003234819913123,True,same_as_secretion,1.0,0.0002878551090087696,0.008959705392962779,True,12.352827612560503
POF1B,9.13475,18.395,2.0137387449027067,1.0098765255086648,3.79694442406673e-05,7.612618155310738,3.242,2.13525,0.6586212214682295,-0.6024790970541196,0.0005367162836219154,-4.737343978844509,True,same_as_secretion,1.0,0.0003899638330226499,0.004943593586594914,True,12.349962134155247
TLN2,1.418,2.098,1.4795486600846262,0.5651571453377514,0.0006001572309245621,4.639756020536471,5.33375,3.29475,0.6177173658307945,-0.6949812052745559,3.5671606990828956e-05,-7.695805499502187,True,same_as_secretion,1.0,0.002589895333729536,0.0009813126966114118,True,12.33556152003866
PMEPA1,26.57,19.845,0.7468949943545351,-0.42102266549067385,0.0014336325952342367,-3.931057242746129,27.537499999999998,36.9425,1.3415342714480256,0.42388391081651483,2.1815686218941378e-05,8.38088511463005,True,inverse_repressor,-1.0,0.004942974645705492,0.0007629287434956147,True,12.311942357376179
TRIM29,0.144355,1.71425,11.875238128225554,3.5698845382648927,1.442978897668187e-05,9.000070928775372,26.1875,18.8125,0.7183770883054893,-0.47718675693964946,0.003404342056610629,-3.307576755822213,True,same_as_secretion,1.0,0.00022473219697054025,0.01705753579309303,True,12.307647684597585
DIXDC1,1.9794999999999998,2.6142499999999997,1.3206617832786056,0.401261044887795,0.0005980585696190735,4.642791491112204,14.1025,10.135,0.7186669030313775,-0.476604848137964,3.954281336786986e-05,-7.558955395430438,True,same_as_secretion,1.0,0.002583841223652065,0.0010329352931409295,True,12.201746886542642
PGLYRP4,0.12072250000000001,0.50915,4.217523659632628,2.076396161823788,0.0017418229886023147,3.7842109130186663,3.2880000000000003,0.5606749999999999,0.1705215936739659,-2.5519736511584052,2.1569329908602396e-05,-8.397353903759642,True,same_as_secretion,1.0,0.005709428256903156,0.0007628969277577865,True,12.181564816778309
CD24,192.95000000000002,117.12499999999999,0.6070225447006995,-0.7201779959947056,3.9662042048158874e-05,-7.5549901113586975,1455.0,1818.25,1.2496563573883162,0.32153142316616967,0.0006163697344564846,4.616709290275467,True,inverse_repressor,-1.0,0.00040157276924332724,0.005386056281939983,True,12.171699401634164
CSTB,120.625,153.77499999999998,1.2748186528497407,0.3502920335608051,0.0039977524628134024,3.1994159755659477,217.5,117.675,0.5410344827586206,-0.8862075479341993,1.4847721345258913e-05,-8.955961929672474,True,same_as_secretion,1.0,0.010857724949829175,0.0006029131048077736,True,12.155377905238423
PI3,0.65025,16.795,25.828527489427145,4.69089349117887,1.0296563481298726e-05,9.537152596557895,0.4829,0.058875,0.12191965210188445,-3.0359974036725097,0.010091078078203728,-2.6161354834253543,True,same_as_secretion,1.0,0.00018157349219775505,0.03634236400972945,True,12.15328807998325
IFI27,1.28795,65.695,51.00741488411817,5.672635079990581,1.329198242723487e-05,9.128096978871666,9.32475,2.686,0.2880506179790343,-1.7956057419328066,0.0053516757938398924,-3.0086103546330536,True,same_as_secretion,1.0,0.000214625062340282,0.023300180027154272,True,12.13670733350472
FAM167A,3.4057500000000003,5.471,1.6064009395874623,0.6838320182370895,0.00028124869674035297,5.334845637313799,6.8934999999999995,2.8032500000000002,0.40665119315297027,-1.2981362479809961,7.343811293712967e-05,-6.782154516910899,True,same_as_secretion,1.0,0.0015177294535808235,0.00143999188926036,True,12.117000154224698
RETREG1,3.77675,6.15,1.628384192758324,0.7034411219603328,0.00036203160648040015,5.094471710554824,10.96425,6.00675,0.5478486900608797,-0.8681506036017008,6.115488255142845e-05,-7.003961523182791,True,same_as_secretion,1.0,0.0018085996504532016,0.0013022763923136182,True,12.098433233737616
CES3,2.02975,2.825,1.391797019337357,0.4769488228617194,0.0024505307390507063,3.5360585943339773,4.466,1.1629,0.2603896103896104,-1.9412562091273433,1.9402433076456127e-05,-8.552337477401808,True,same_as_secretion,1.0,0.0073917974810644195,0.0007148487694379242,True,12.088396071735787
BTN3A1,0.757,2.9240000000000004,3.862615587846764,1.9495781059667059,7.512382708118021e-05,6.755095070785454,6.9464999999999995,4.928249999999999,0.7094580004318721,-0.4952108149174588,0.0002856397556130011,-5.319831205140824,True,same_as_secretion,1.0,0.000608655472936618,0.003346400392415027,True,12.074926275926277
ATXN1,1.6435,1.98975,1.210678430179495,0.27581571986954195,0.00021815541600190674,5.5861611074046635,12.0,7.568499999999999,0.6307083333333333,-0.6649550997165985,9.7482510168766e-05,-6.451262429901251,True,same_as_secretion,1.0,0.0012643345567226612,0.0017198784109370099,True,12.037423537305916
PGM2L1,0.721075,1.7965,2.4914190618174255,1.3169677062665488,2.969497410020662e-05,7.945011735742623,0.735025,0.33235,0.45216149110574466,-1.1450899664787655,0.0012530178712806337,-4.03496826882707,True,same_as_secretion,1.0,0.0003391180652316954,0.008714340393936362,True,11.979980004569693
FOXO3,4.81375,5.83025,1.2111659309270322,0.2763965292160842,0.0013110850952845854,3.999791455594446,13.017499999999998,8.5405,0.6560783560591512,-0.6080599673195789,3.0144636820572537e-05,-7.9243116801539815,True,same_as_secretion,1.0,0.004626670302991157,0.0008980865949248978,True,11.924103135748428
COL5A1,7.878,12.96,1.6450875856816451,0.718164396157944,0.0002078888446341527,5.634960196410675,2.1742500000000002,0.857675,0.39446935724962623,-1.3420148602025552,0.00011563063625458182,-6.258775318785145,True,same_as_secretion,1.0,0.0012235461033317215,0.001883915761587636,True,11.89373551519582
STEAP1,0.9458249999999999,5.74325,6.072212089974362,2.602222182026522,3.620110671003417e-05,7.67609603499292,100.63750000000002,79.7275,0.7922245683765992,-0.3360186522594807,0.0010287348345011436,-4.190776995029385,True,same_as_secretion,1.0,0.0003809521522409523,0.007610588502729775,True,11.866873030022305
PDZK1IP1,1.5505,3.694,2.382457271847791,1.2524503403698157,0.0018548743373629165,3.7376260035391176,101.0575,34.635000000000005,0.342725675976548,-1.5448738166093794,2.634449279209927e-05,-8.111691283986032,True,same_as_secretion,1.0,0.005983497201243995,0.0008437604701501103,True,11.84931728752515
ERO1A,15.330000000000002,21.8875,1.4277560339204172,0.5137494816621423,0.00021107121447063213,5.619541758763984,59.83,39.875,0.6664716697309042,-0.5853845441153616,0.00012357081630789236,-6.185270565850141,True,same_as_secretion,1.0,0.001234839754727526,0.0019698465129128076,True,11.804812324614126
SLC4A8,1.8342500000000002,2.47425,1.3489164508654763,0.43180099346420464,0.0002664188894699666,5.387623405527137,1.3105,0.66465,0.5071728347958794,-0.9794506210086784,0.00010084279169775559,-6.412644147805567,True,same_as_secretion,1.0,0.0014580407776504007,0.0017463411240261292,True,11.800267553332704
THRB,1.49225,2.348,1.573462891606634,0.6539431546602487,8.880810095913293e-05,6.558522378421066,10.32475,7.21025,0.6983462069299499,-0.5179856613271145,0.0003125875389466346,-5.2331537537879385,True,same_as_secretion,1.0,0.0006834138527601074,0.00356516186316687,True,11.791676132209005
LPCAT1,92.9425,50.82,0.5467896817925062,-0.8709420760970742,1.801323428406559e-05,-8.662674940154043,60.08,72.3825,1.2047686418109187,0.26875612458077897,0.004681236812323134,3.095306087273974,True,inverse_repressor,-1.0,0.0002524152576324764,0.021227322678395184,True,11.757981027428016
ATP6V1E2,3.63,6.282,1.7305785123966944,0.7912543947688516,1.4663922211898338e-05,8.97518033969519,1.35455,0.7985,0.5894946661252815,-0.76244933543876,0.007783109707550872,-2.7733472357238083,True,same_as_secretion,1.0,0.00022634611101640916,0.03033112684293231,True,11.748527575418997
MATN3,1.565,0.94215,0.6020127795527157,-0.7321339819860467,0.007323205432515009,-2.810898491941918,30.6,53.7825,1.7575980392156862,0.8136051653976188,1.5040706486447452e-05,8.93607809409279,True,inverse_repressor,-1.0,0.01750123573698471,0.0006045257115732526,True,11.746976586034709
TGFBI,0.41185,0.9399500000000001,2.282262959815467,1.1904650269313906,0.00014018127306788758,6.047753203094328,0.8988250000000001,0.35274999999999995,0.392456818624315,-1.3493941695039449,0.0001994798998626286,-5.677047430127266,True,same_as_secretion,1.0,0.0009336535364410346,0.0026420415553132315,True,11.724800633221594
IFNGR1,16.78,22.885,1.3638259833134685,0.44765957616083857,0.00021288299810783356,5.610883028749617,24.9075,17.525,0.7036033323296196,-0.5071657793258791,0.0001322412728362534,-6.110995233160692,True,same_as_secretion,1.0,0.0012423081055513393,0.0020463234960803245,True,11.721878261910309
L1CAM,7.31825,9.6235,1.315000170805862,0.39506298690978614,0.0022260286053030565,3.604747131441939,26.93,10.73,0.39844040103973266,-1.32756415374515,2.6505954867860716e-05,-8.10310678651642,True,same_as_secretion,1.0,0.0068811595092179885,0.0008471412666803884,True,11.70785391795836
MGAT4B,101.3125,72.4325,0.7149413942011105,-0.4841031100043714,2.2114269410027536e-05,-8.361211927957928,46.402499999999996,57.4875,1.2388879909487636,0.3090457579325029,0.0033654709358512456,3.315393095793935,True,inverse_repressor,-1.0,0.0002869600759432574,0.01693130040851308,True,11.676605023751863
EPS8L2,66.39,39.5675,0.5959858412411508,-0.7466500377130345,7.863892934494252e-05,-6.700863668837192,67.17,87.6425,1.3047863629596546,0.38381360884139665,0.0004277541544057378,4.940599752903925,True,inverse_repressor,-1.0,0.0006291453162456862,0.00427532303170866,True,11.641463421741117
DHRS4-AS1,6.324,8.458,1.3374446552814674,0.4194791926704309,0.0006345596064520067,4.591665266370585,5.97775,3.7872500000000002,0.6335577767554682,-0.6584519041909411,5.900011998574932e-05,-7.048186086643644,True,same_as_secretion,1.0,0.0026963700989032753,0.0012762025071617646,True,11.63985135301423
APOL6,0.239525,0.6132000000000001,2.5600667988727697,1.356181454422616,0.0005591803030906891,4.701341870738508,3.805,2.273,0.5973718791064389,-0.7432987695730601,6.66088024600898e-05,-6.899641037649707,True,same_as_secretion,1.0,0.0024704780033526067,0.0013681767229361457,True,11.600982908388215
DUSP22,5.032,3.6362499999999995,0.7226251987281398,-0.46868053089162065,2.4067262889013847e-05,-8.239695140380652,4.37225,5.79575,1.3255760763908742,0.40661947056903197,0.0031983363035339284,3.350204005807965,True,inverse_repressor,-1.0,0.0002999362446886565,0.01639699249594741,True,11.589899146188618
KLHDC10,22.5775,27.3025,1.2092791495958364,0.2741473142737477,0.00041542933768286234,4.967290016167406,67.05,45.0,0.6711409395973155,-0.5753123306874368,8.494120099483052e-05,-6.610314946965549,True,same_as_secretion,1.0,0.002003664252320278,0.0015804340293316713,True,11.577604963132956
WFDC2,2.80075,7.2415,2.5855574399714363,1.3704753556592224,2.706033818650269e-05,8.074087016625652,0.887425,0.063525,0.07158351409978307,-3.804228821070885,0.0025804570899054103,-3.499491473400929,True,same_as_secretion,1.0,0.00031865372178153164,0.014163910050976518,True,11.57357849002658
ST3GAL4,18.884999999999998,8.00275,0.42376224516812294,-1.238673037462967,3.118786406950737e-05,-7.877635652992434,14.025000000000002,19.165,1.3664884135472368,0.45047322730436246,0.001973791484151615,3.691986377274183,True,inverse_repressor,-1.0,0.00034929279125855387,0.011747222458080558,True,11.569622030266617
SCNN1B,1.95075,2.8787499999999997,1.4757144687940533,0.5614136060160604,0.0012001697633890211,4.068639735523108,7.62525,3.9677499999999997,0.5203435952919576,-0.9424635110078413,4.177409303236951e-05,-7.486954740467921,True,same_as_secretion,1.0,0.004316495819529441,0.0010625718470065617,True,11.555594475991029
GSTM4,12.1525,9.14575,0.7525817732976754,-0.4100797455446532,0.0072185330411582115,-2.819813218035355,8.265,15.167499999999999,1.8351482153660008,0.8758965867406024,1.730368974880458e-05,8.722912192753661,True,inverse_repressor,-1.0,0.017301017065253554,0.0006573011267304821,True,11.542725410789016
DDIT4,108.0625,137.125,1.2689415847310583,0.34362565676091106,0.0026533593681522098,3.4798761131115485,90.26750000000001,60.5325,0.670590190267815,-0.5764967160734251,2.7349459419777868e-05,-8.059224993799985,True,same_as_secretion,1.0,0.00786310726256278,0.0008630628908691657,True,11.539101106911534
CDC42EP2,11.293999999999999,15.575,1.3790508234460777,0.4636756268174372,0.0043141748716677706,3.1489105762210077,2.51375,0.77235,0.3072501243162606,-1.7025145005614633,2.1758757015601322e-05,-8.38467156029901,True,same_as_secretion,1.0,0.011529924178468456,0.0007629287434956147,True,11.533582136520018
CTBP2,17.6725,25.119999999999997,1.421417456500212,0.5073303223320457,9.08912654464823e-05,6.531690720208383,18.997500000000002,14.712499999999999,0.7744440057902354,-0.36876716250785085,0.0004019802028249491,-4.997473943362141,True,same_as_secretion,1.0,0.0006974214496180702,0.004108073960515398,True,11.529164663570523
TRQ-CTG5-1,141.9,67.9325,0.47873502466525725,-1.0627007361611547,4.120854117159779e-05,-7.504775240823501,3.689,20.602500000000003,5.584846841962592,2.481517716989556,0.0012871873949251045,4.014049048614844,True,inverse_repressor,-1.0,0.000410736125075362,0.008891951275501306,True,11.518824289438346
IFIT2,0.66845,10.246749999999999,15.329119605056473,3.9382029361833175,2.3350421998210215e-05,8.282922923527963,3.325,2.2115,0.6651127819548872,-0.5883290983772609,0.004000688351627333,-3.1989269025887794,True,same_as_secretion,1.0,0.0002939620244642478,0.01900941197578504,True,11.481849826116742
COLQ,0.9346249999999999,1.6640000000000001,1.780393205831216,0.832195900436456,8.628757072589125e-05,6.59197779459544,1.3045,0.731025,0.5603871215024914,-0.8355042939330187,0.00046634714104422994,-4.862417059881781,True,same_as_secretion,1.0,0.0006704074898782739,0.0045311844361055065,True,11.454394854477222
IDH2,116.525,74.4925,0.6392834155760566,-0.6454724272563305,0.00043777284563653807,-4.919546761335966,183.375,259.45,1.414860259032038,0.5006595699779963,9.16996403893253e-05,6.521469622112174,True,inverse_repressor,-1.0,0.002074784066009412,0.001656391656020799,True,11.44101638344814
DCTN3,10.334499999999998,6.8135,0.6592965310368185,-0.6010006044105777,0.00023189021543216706,-5.5248657185688765,21.282500000000002,25.81,1.2127334664630562,0.2782625109989417,0.00016043004281124132,5.903586713553556,True,inverse_repressor,-1.0,0.0013200396720907143,0.0023259650547743185,True,11.428452432122432
ITGB5,58.68,46.8325,0.7980998636673484,-0.32535881735755007,0.0024641996307242014,-3.532109269808094,23.080000000000005,39.47,1.710138648180242,0.7741132952476204,3.080800311884558e-05,7.89441888173706,True,inverse_repressor,-1.0,0.007423381398915914,0.0009028931315286087,True,11.426528151545154
AKAP5,0.8728,1.6872500000000001,1.933146196150321,0.9509507469570524,2.7138222538980977e-05,8.070065377307586,1.73025,0.9017250000000001,0.5211530125704379,-0.940221079261143,0.0034382749548962964,-3.3008353875333563,True,same_as_secretion,1.0,0.00031894281919388467,0.017148892730988272,True,11.370900764840941
HCP5,0.46817500000000006,1.5275,3.2626688738185505,1.7060525766603885,9.886590565350374e-05,6.435180002464974,2.2215,1.236525,0.5566171505739366,-0.8452427329897259,0.0004529296436562737,-4.888727080621712,True,same_as_secretion,1.0,0.0007363983161170922,0.004449973837594363,True,11.323907083086686
NAAA,26.03,20.197499999999998,0.7759316173645793,-0.3659985811812843,0.00020667392680494295,-5.640918359129763,27.097500000000004,34.555,1.2752098902112738,0.3507347236689288,0.0002105046153397824,5.622267209448477,True,inverse_repressor,-1.0,0.0012175533460789928,0.0027133177415839035,True,11.26318556857824
ENO1,1090.0,704.475,0.6463073394495413,-0.6297077199706687,0.0001297259324135688,-6.131949814254023,1109.55,1438.75,1.2966968590870174,0.37484124673812497,0.000372503078406905,5.067897085848454,True,inverse_repressor,-1.0,0.0008856179555101321,0.0039440258126312135,True,11.199846900102477
SYNE4,45.105000000000004,31.9725,0.7088460259394745,-0.4964558126100664,7.60250393191739e-05,-6.740915315480393,28.65,35.925,1.2539267015706805,0.32645301770043145,0.0008313559595695308,4.364079276398773,True,inverse_repressor,-1.0,0.000614726628018926,0.006581353118211501,True,11.104994591879166
ALG1L1P,2.5010000000000003,3.9100000000000006,1.5633746501399441,0.6446635500137448,0.00012530057125966832,6.169981143070741,0.8588,0.32365,0.3768630647414998,-1.407887687323155,0.000430812511207429,-4.934113416733601,True,same_as_secretion,1.0,0.0008636623265481742,0.004296325199039071,True,11.104094559804341
DDAH2,81.6375,48.61,0.595437145919461,-0.7479788690081438,8.12220544611224e-05,-6.662768875396563,76.445,91.8175,1.2010922885734843,0.2643470079560773,0.0007757825421210609,4.421519477702416,True,inverse_repressor,-1.0,0.0006438961891289786,0.006304379004221435,True,11.08428835309898
VSIG10,18.3975,14.215,0.7726593287131404,-0.37209563560123077,3.1253374457717824e-05,-7.874765208775067,9.68125,11.642500000000002,1.202582311168496,0.2661356431433973,0.0039745973031232295,3.203287508216314,True,inverse_repressor,-1.0,0.00034939428675819526,0.01893473159377358,True,11.07805271699138
DSCR8,11.402750000000001,4.2905,0.3762688825064129,-1.4101641116467636,1.7685352322529184e-05,-8.690161828046643,11.985,15.75,1.314142678347935,0.39412191962550835,0.01536158774474817,2.3709509909550888,True,inverse_repressor,-1.0,0.000249733313518665,0.04897824911267665,True,11.061112819001732
PLEKHG2,5.77875,3.28925,0.5691974908068355,-0.8129987928411576,5.583549193760826e-05,-7.116646434551162,4.3285,6.04625,1.3968464826152247,0.4821734731884414,0.0014191378572418767,3.9388306372040898,True,inverse_repressor,-1.0,0.0005040394991684238,0.009473381307727149,True,11.055477071755252
TMEM39A,9.628,11.585,1.2032613211466556,0.2669499972776873,0.000541177844872767,4.730057594571714,13.0475,9.096250000000001,0.6971642077026251,-0.5204295912519761,0.00010909995783944144,-6.323746269614977,True,same_as_secretion,1.0,0.0024153281311939364,0.0018251145199284578,True,11.05380386418669
RAB7B,0.10651,1.051425,9.871608299690172,3.303285150230253,6.25515600333703e-05,6.97624894633953,2.8030000000000004,1.60875,0.5739386371744558,-0.8010315959244301,0.0011928608308853746,-4.0734294970408484,True,same_as_secretion,1.0,0.0005425128062866198,0.008480180998740629,True,11.04967844338038
YAP1,16.1275,22.4,1.3889319485351106,0.47397591543448786,0.00013013627645890776,6.128499473223649,113.175,83.43499999999999,0.7372211177380162,-0.43983069725087126,0.00044002942745267784,-4.91488121907942,True,same_as_secretion,1.0,0.0008877665384149369,0.004360142176290702,True,11.043380692303069
PKP2,14.242500000000001,9.4415,0.6629103036685974,-0.5931144179231986,5.8721916217594295e-05,-7.05403207050085,8.75,14.175,1.62,0.6959938131099002,0.0013970082758401183,3.9508748149482567,True,inverse_repressor,-1.0,0.0005217259627964155,0.009388445285759382,True,11.004906885449106
BPGM,6.25375,10.61,1.6965820507695382,0.762631203922062,3.7630356659825294e-05,7.624521261746952,27.514999999999997,20.3025,0.7378702525894967,-0.43856094039324095,0.003222911997231662,-3.3449580749509282,True,same_as_secretion,1.0,0.00038841472641261583,0.016486571040384222,True,10.96947933669788
ABHD17C,29.130000000000003,15.35,0.5269481634054239,-0.9242670458828067,2.7968315196915837e-05,-8.02801689852484,9.625,13.075,1.3584415584415583,0.44195250066467756,0.00691804857068095,2.8462298203021095,True,inverse_repressor,-1.0,0.0003251995271706513,0.027693411554400308,True,10.87424671882695
KCNG1,2.82275,4.368,1.5474271543707379,0.6298714957066057,3.980207407230519e-05,7.550350559804017,0.43520000000000003,0.08318249999999999,0.19113625919117644,-2.3873266065081467,0.0034938454811006764,-3.28995601212788,True,same_as_secretion,1.0,0.0004025515868456618,0.017365335465231908,True,10.840306571931897
CIMAP3,0.205625,0.39585,1.9251063829787234,0.9449381725374584,0.006188057760277848,2.9161475639326295,9.923,5.569,0.5612214048170916,-0.833358060921402,3.027485706153314e-05,-7.918383845431682,True,same_as_secretion,1.0,0.015318763438288143,0.0008980865949248978,True,10.834531409364311
CKMT1B,47.6125,32.8775,0.69052244683644,-0.5342397819054742,4.040913053400534e-05,-7.5304540466266285,53.685,66.9025,1.246204712675794,0.31754107775471246,0.0034243935979212698,3.3035840411650885,True,inverse_repressor,-1.0,0.00040603741606382314,0.01712104596655898,True,10.834038087791717
ABCA2,46.2675,28.947499999999998,0.62565515750797,-0.6765603892186915,5.916712941502643e-05,-7.0446919769247405,26.2625,34.095,1.298238933841028,0.37655592797859566,0.001763773388983587,3.7749015460998656,True,inverse_repressor,-1.0,0.0005234275493604697,0.010880899687719678,True,10.819593523024606
RADX,1.73775,0.8214750000000001,0.47272334915839453,-1.0809319695961432,0.0024740839695901818,-3.5292688526676077,1.47825,2.5645,1.7348215795704378,0.7947872942126755,4.865906810452322e-05,7.2901111147900295,True,inverse_repressor,-1.0,0.007444270048557324,0.0011613540250258244,True,10.819379967457637
C14orf119,18.805,24.714999999999996,1.3142781175219356,0.3942706000994664,0.00010454287651236858,6.37180563177996,19.105,14.927499999999998,0.7813399633603768,-0.35597768898161697,0.000800322093436783,-4.395593089841635,True,same_as_secretion,1.0,0.0007672951280467083,0.006431114256000006,True,10.767398721621596
RETSAT,27.495,20.372500000000002,0.7409529005273686,-0.43254625591254364,0.0004307046045772786,-4.93434136945119,45.650000000000006,57.3675,1.256681270536692,0.3296187884028435,0.00017521971164170724,5.810972595275769,True,inverse_repressor,-1.0,0.002056963304233949,0.0024335488597418565,True,10.745313964726959
MB21D2,20.43,14.952499999999999,0.7318893783651492,-0.4503024864658772,0.00022986427192986977,-5.533639954174645,33.815,48.7425,1.4414461038000888,0.5275168949431385,0.0003213469873446204,5.206818218286731,True,inverse_repressor,-1.0,0.0013113209417713525,0.003629618131388234,True,10.740458172461377
GRAMD2A,0.496475,0.12764999999999999,0.2571126441411954,-1.9595275349248444,0.002258162913424417,-3.5944447735944887,5.151,7.107749999999999,1.379877693651718,0.46454039846589507,5.475237368562951e-05,7.141116210792697,True,inverse_repressor,-1.0,0.0069587281646738995,0.001221991378567854,True,10.735560984387186
VMA21,48.145,61.8575,1.2848166995534323,0.36156254968513585,0.000497821792701819,4.803968213161789,40.775,31.6675,0.7766400980993257,-0.3646818990552988,0.00016045889574914656,-5.903396560050623,True,same_as_secretion,1.0,0.0022762317742225035,0.0023259650547743185,True,10.707364773212412
PDIA5,14.075,20.655,1.4674955595026644,0.5533561378885286,0.00028683381501749485,5.315794269124463,18.29,13.209999999999999,0.722252597047567,-0.4694246085018889,0.000269290955368405,-5.37714180755204,True,same_as_secretion,1.0,0.0015420431705442563,0.0032240256287787957,True,10.692936076676503
CHASERR,51.480000000000004,38.397499999999994,0.7458721833721832,-0.4229996711281769,0.00013424371433338884,-6.094639987235102,95.53999999999999,120.025,1.2562800921080177,0.32915815407469134,0.0006366099790454526,4.588894014992954,True,inverse_repressor,-1.0,0.0009094387199769053,0.0054931276491147814,True,10.683534002228056
KLF4,5.26375,8.8765,1.6863452861553077,0.7538999642883524,0.0005346130154617811,4.740803078068984,16.7175,9.209,0.5508598773740092,-0.8602427088069201,0.00016154447378444837,-5.896270668452916,True,same_as_secretion,1.0,0.0023927456566370576,0.002332596682506549,True,10.6370737465219
KCNK15,7.6370000000000005,5.726,0.7497708524289642,-0.4154783533818584,6.154633479360282e-05,-6.9961210688212985,0.99655,1.435,1.4399678892178014,0.5260366404295593,0.0021622676070493867,3.6256982971857794,True,inverse_repressor,-1.0,0.0005352945624273587,0.01247705009176509,True,10.621819366007077
SP110,2.80375,8.664250000000001,3.0902362906821224,1.6277171560461303,2.699737704341516e-05,8.077347907841487,5.05525,3.66925,0.7258295831066712,-0.4622972360151127,0.012026263546451714,-2.512453554636629,True,same_as_secretion,1.0,0.0003186498995069807,0.0411945559479915,True,10.589801462478116
RPGR,1.126125,1.56175,1.3868353868353867,0.47179655428720757,0.007309527507474329,2.812055300872286,2.5532500000000002,1.6097499999999998,0.6304709683736412,-0.6654981553373314,3.3832070066772334e-05,-7.767010679276483,True,same_as_secretion,1.0,0.017482047435122463,0.0009518601652574174,True,10.57906598014877
LOC102725231,1.2727499999999998,0.7299000000000001,0.5734826163818505,-0.8021783394915961,0.014500334373277884,-2.403988518493638,1.2195,2.3455,1.9233292332923329,0.9436057426997974,2.52517237037443e-05,8.17144343963088,True,inverse_repressor,-1.0,0.030452014134516744,0.0008255268617162464,True,10.575431958124517
LOC105369844,0.060655,0.01293,0.2131728629131976,-2.2299043014075193,0.00011665721899013616,-6.248948710432946,0.491475,1.044375,2.124980924767282,1.0874498907246155,0.000881046555587707,4.3163241994591015,True,inverse_repressor,-1.0,0.0008254246175774558,0.006845252506572441,True,10.565272909892048
DNAJC12,5.01075,9.442250000000001,1.884398543132266,0.9141041217413398,4.854904795221917e-05,7.292997038791251,7.875,3.9339999999999997,0.49955555555555553,-1.0012829658834734,0.003629686865960671,-3.2641639250684498,True,same_as_secretion,1.0,0.0004566906136903535,0.017849485014307123,True,10.557160963859701
RPS6KA2,0.9869250000000002,0.429425,0.4351141170808318,-1.2005342696611585,0.00023342550565579723,-5.518275122437372,0.147425,0.6378250000000001,4.326437171443107,2.1131794519865856,0.0004076383682173623,4.984635894145099,True,inverse_repressor,-1.0,0.001326051739181519,0.004143096255844664,True,10.502911016582472
TRANK1,0.47,1.4542499999999998,3.0941489361702126,1.6295426422629489,3.0421540449252793e-05,7.911741895496736,0.722475,0.44125000000000003,0.6107477767396796,-0.7113513881221771,0.010833708330964175,-2.573933016543369,True,same_as_secretion,1.0,0.0003444497467086434,0.03817725517163849,True,10.485674912040105
IFI44,0.19309999999999997,8.4395,43.70533402382186,5.449737459283841,0.00013997080782999092,6.049375676584487,0.6799999999999999,0.20154999999999998,0.2963970588235294,-1.7543969631739846,0.0008128753532826586,-4.382679955135322,True,same_as_secretion,1.0,0.0009331629851933947,0.006489373359890665,True,10.432055631719809
CLTB,63.875,46.0425,0.7208219178082191,-0.47228521548885277,0.000400284504648675,-5.001361888571574,42.5725,57.72,1.35580480357038,0.4391494873298739,0.0002652919961939545,5.3917716116724925,True,inverse_repressor,-1.0,0.0019520714048163743,0.0031884835451945247,True,10.393133500244065
FGD3,3.8137499999999998,2.62,0.6869878728285809,-0.5416434630412058,0.00013627256980369565,-6.078353933195419,0.520875,1.2236,2.349124070074394,1.2321229119682915,0.0009013703674447762,4.29767292622731,True,inverse_repressor,-1.0,0.0009164955643682268,0.006956586181663361,True,10.37602685942273
SDHA,46.4925,32.6575,0.7024251223315588,-0.509583650903877,0.00016990521157227983,-5.843177323706191,44.675,59.31,1.3275881365416902,0.4088076425215114,0.0007135967512751187,4.491662933917403,True,inverse_repressor,-1.0,0.0010662284128711268,0.005939389544790533,True,10.334840257623593
CHLSN,32.57,24.8375,0.7625882714154129,-0.39102375225887104,0.00023506175720549465,-5.51130590580559,23.2,30.8225,1.3285560344827587,0.409859077633134,0.000514462705222895,4.774756282636326,True,inverse_repressor,-1.0,0.0013311563798563068,0.0048174775457811075,True,10.286062188441916
TPRN,37.685,24.11,0.6397770996417672,-0.6443587417344004,3.988449265267023e-05,-7.547628697385315,43.315,53.43,1.2335218746392704,0.3027832998729566,0.008565074094241861,2.7148534114530083,True,inverse_repressor,-1.0,0.00040294621548826634,0.03239202868757172,True,10.262482108838324
LRP4,0.510675,1.59525,3.1238067263915408,1.6433051949964728,4.866193523163864e-05,7.2900360086600715,2.6079999999999997,1.96525,0.7535467791411044,-0.4082310197728722,0.005950320720721922,-2.9409328649427344,True,same_as_secretion,1.0,0.0004571571723240847,0.024924770011975045,True,10.230968873602805
TSPO,123.15,91.6025,0.7438286642306131,-0.42695775007467485,0.003129089508330021,-3.3652341049390717,77.1575,122.1,1.5824774001231248,0.6621848962014139,6.895546135835998e-05,6.857757952984271,True,inverse_repressor,-1.0,0.008939086627720026,0.0013916238975394083,True,10.222992057923342
ZNF702P,7.836250000000001,4.564,0.582421438825969,-0.779864633034402,3.556577171743333e-05,-7.699785661876695,13.2775,16.744999999999997,1.2611560911316135,0.3347468466138905,0.012315566152284836,2.498554333988909,True,inverse_repressor,-1.0,0.00037609385821242564,0.041907228858672735,True,10.198339995865604
SLC26A9-AS1,0.1532525,0.6883750000000001,4.491770117942611,2.16728409465955,6.135563599829221e-05,6.999933367433894,1.063925,0.561075,0.5273633009845619,-0.9231309168016198,0.004169742236505477,-3.171427715888821,True,same_as_secretion,1.0,0.0005343190653011841,0.019583339680290808,True,10.171361083322715
RABL3,8.7335,13.8675,1.5878513768821207,0.6670758823362971,9.315700479057006e-05,6.50330334304245,24.7025,18.805,0.7612589818844246,-0.39354074980773895,0.0020631349418479745,-3.6597065168894156,True,same_as_secretion,1.0,0.000709111036825533,0.012073858410077225,True,10.163009859931865
KIF12,6.7265,22.112499999999997,3.2873708466513043,1.7169342153004992,5.849970483723216e-05,7.0587245560376415,0.9505499999999999,0.660475,0.6948345694597865,-0.525258561985383,0.0046386896619364645,-3.101272695549097,True,same_as_secretion,1.0,0.0005209980907062657,0.02107656639454037,True,10.159997251586738
ZNF483,0.69165,1.0621,1.5356032675486158,0.6188055351536921,0.000646568753658626,4.575577929530679,0.896725,0.586525,0.6540745490535002,-0.6124730166251876,0.00021858385000958058,-5.584182544387762,True,same_as_secretion,1.0,0.0027355058525147017,0.0027781543537494196,True,10.15976047391844
C6orf141,4.6450000000000005,6.666,1.435091496232508,0.5211427208402329,0.005037509596118131,3.047618430336722,9.841750000000001,5.49925,0.5587674956181573,-0.8396799955329916,5.747245436535604e-05,-7.080688792009563,True,same_as_secretion,1.0,0.013035328273455627,0.0012570153181511144,True,10.128307222346285
DEPTOR,5.20925,9.088249999999999,1.7446369438978737,0.8029268451838533,0.0015551333985963905,3.8692246609394347,53.745,35.557500000000005,0.6615964275746582,-0.5959766504843406,0.00011565856902417497,-6.258506609475562,True,same_as_secretion,1.0,0.00523233775657481,0.001883915761587636,True,10.127731270414998
NRP1,14.065000000000001,10.76,0.7650195520796302,-0.38643147475807577,0.00013193035471094702,-6.11356035287091,0.275175,0.7378750000000001,2.6814754247297174,1.42302703136523,0.0013710498474824094,3.9652831982325667,True,inverse_repressor,-1.0,0.0008963830064498996,0.00928329837542191,True,10.078843551103477
RAB36,0.688425,1.4097499999999998,2.047790245851037,1.0340679483612782,0.00028150924679619653,5.333947220293647,0.21985,0.039057499999999995,0.17765521946781895,-2.4928480195606357,0.0005389292263366402,-4.733721264072506,True,same_as_secretion,1.0,0.0015186941324109742,0.004956600695317025,True,10.067668484366152
TRY-GTA2-1,126.92500000000001,61.465,0.4842623596612172,-1.0461392241808918,0.00020401350583427628,-5.654107788503803,6.78875,14.96,2.2036457374332534,1.1398923119634359,0.0007973641927149803,4.39866956188649,True,inverse_repressor,-1.0,0.001207242444179948,0.006423538262266581,True,10.052777350390294
TAPT1,8.312999999999999,6.3595,0.7650066161433899,-0.3864558699108531,0.00015019029454094578,-5.973684895915342,23.5425,30.452499999999997,1.2935117340979079,0.3712931414970075,0.0012256031249497236,4.052228384739118,True,inverse_repressor,-1.0,0.0009792428298212156,0.008625351442929544,True,10.02591328065446
CRIP1,11.940000000000001,6.2145,0.5204773869346733,-0.9420926104518044,0.0006457918696477808,-4.576608233768428,218.9,265.4,1.2124257651895842,0.2778964161892472,0.00026283287632722927,5.400894790511836,True,inverse_repressor,-1.0,0.002732841665334923,0.003165073722775824,True,9.977503024280264
CRIM1-DT,8.14225,2.5102499999999996,0.3082993030182074,-1.6975964669839945,0.0006212888081019847,-4.609853853082984,10.282250000000001,20.162499999999998,1.9609034987478418,0.971518538434901,0.0002739405811866173,5.360443076261643,True,inverse_repressor,-1.0,0.0026545586464900494,0.003254512253393664,True,9.970296929344627
HLA-C,64.9175,104.55749999999999,1.6106211730273037,0.6876172041230231,0.00015168686097612232,5.963101166245072,256.42499999999995,197.55,0.7704007019596375,-0.3763190771768798,0.001426397040241914,-3.9349263485619854,True,same_as_secretion,1.0,0.0009862301545747953,0.009493464745610072,True,9.898027514807058
DUSP4,2.26125,0.964575,0.42656716417910445,-1.2291551791366808,0.00014207111412134184,-6.033309318190568,1.070775,2.325,2.1713245079498495,1.118575355167314,0.0015646316402930765,3.8646245766030245,True,inverse_repressor,-1.0,0.0009414257013978706,0.010105615627339873,True,9.897933894793592
MX1,1.595,3.1879999999999997,1.998746081504702,0.9990952053382399,5.4624221469302035e-05,7.144048474224932,10.38375,5.811,0.5596244131455399,-0.8374691946510391,0.00823321483431767,-2.738919581742508,True,same_as_secretion,1.0,0.0004947900594358101,0.03149876529212891,True,9.88296805596744
PDK4,0.1274,0.45065000000000005,3.5372841444270016,1.8226421130989465,0.0005765541758132323,4.674617539119638,1.46925,0.375675,0.25569167942827975,-1.9675228808970475,0.0003336075431526362,-5.171312533757161,True,same_as_secretion,1.0,0.0025155156228091895,0.003704999084211304,True,9.845930072876799
MDK,158.875,116.7,0.7345397324940992,-0.445087564184973,0.00016067926935760948,-5.901945502249005,22.4825,31.325000000000003,1.3933059045924607,0.47851204084485766,0.0014406741003631558,3.9273132145770826,True,inverse_repressor,-1.0,0.0010249582111650465,0.009541063993982395,True,9.829258716826088
TTC5,6.057,8.1315,1.3424962852897475,0.4249180962542826,0.001273391799012309,4.022417814863703,6.65275,4.4375,0.6670173988200369,-0.5842037009977337,0.0001763226166376684,-5.804430448422878,True,same_as_secretion,1.0,0.004525476041312836,0.0024381844841696023,True,9.826848263286582
GMIP,11.235000000000001,7.430499999999999,0.6613707165109033,-0.5964689261042881,0.0002737313996308305,-5.361187299180924,5.567,7.737500000000001,1.389886833123765,0.474967421123156,0.000747348593428808,4.452761286185933,True,inverse_repressor,-1.0,0.0014844971845049332,0.006145932697688014,True,9.813948585366857
DMC1,4.6770000000000005,8.12875,1.7380265127218302,0.7974500899086784,7.869020292426437e-05,6.700093494470773,0.787475,0.44255,0.5619860947966602,-0.8313936605551873,0.004614378235088898,-3.1047097187151524,True,same_as_secretion,1.0,0.0006292844005601487,0.020995929783721085,True,9.804803213185926
GRHL2-DT,44.66,31.980000000000004,0.7160770264218541,-0.48181331234214125,0.0011117862000520028,-4.128920716918999,20.8925,31.5025,1.5078377408160826,0.5924811878142534,0.00020498389435148924,5.649274082731863,True,inverse_repressor,-1.0,0.0040903679158029,0.002684306018485757,True,9.778194799650862
SLC22A31,1.421,4.21,2.9627023223082336,1.566913678710978,0.0007195309206884783,4.484672493725323,0.6565,0.212875,0.32425742574257427,-1.6247884812143445,0.0003040170298606865,-5.2597567228711375,True,same_as_secretion,1.0,0.0029783704115613806,0.0035042161561037164,True,9.74442921659646
LMAN1,26.5325,32.1975,1.2135117308960708,0.2791880549445757,0.0035526982344392206,3.2786450882344864,106.6575,80.86,0.7581276515950589,-0.39948730873652005,9.774444841990603e-05,-6.448197136147657,True,same_as_secretion,1.0,0.00986837000976842,0.0017198784109370099,True,9.726842224382143
TRIM56,17.705,23.8575,1.3475007060152502,0.4302860288697536,0.00023619833397259962,5.506497763031573,7.8100000000000005,5.9262500000000005,0.7588028169014085,-0.39820306041558384,0.0010033578496042906,-4.210823441853827,True,same_as_secretion,1.0,0.0013359631018998485,0.007488485494092473,True,9.7173212048854
MLF1,9.7675,13.035,1.3345277706680316,0.4163293273518832,0.0002723236706613906,5.366212796074752,26.125,20.0525,0.7675598086124401,-0.3816489245650976,0.000864658849158568,-4.331725452457618,True,same_as_secretion,1.0,0.0014798882764153827,0.006754669823317396,True,9.69793824853237
ABHD12,34.43,27.2325,0.7909526575660761,-0.3383367500485521,0.00039618922735251114,-5.010830282651147,37.0475,48.155,1.2998178014710844,0.37830941145688357,0.0005697311541609191,4.685001024898403,True,inverse_repressor,-1.0,0.0019354947505224793,0.005140591740337273,True,9.69583130754955
FSTL3,16.6925,12.275,0.7353601917028606,-0.44347701569092385,0.0006489764598472128,-4.572393821612002,12.57,19.189999999999998,1.5266507557677007,0.6103700617748723,0.0003560208630196318,5.110128463588192,True,inverse_repressor,-1.0,0.0027438169132292566,0.003841264724325649,True,9.682522285200195
ARL13B,10.0825,12.280000000000001,1.2179518968509795,0.28445715496430335,0.005315472781023801,3.0129725708648696,6.8835,4.500249999999999,0.6537735163797486,-0.6131371585308344,8.207339817731952e-05,-6.650519848078447,True,same_as_secretion,1.0,0.013586099665633993,0.0015425313064318282,True,9.663492418943317
PRKX,5.6282499999999995,7.973000000000001,1.416603740061298,0.5024362563518985,0.00020293450010296397,5.65951377239761,1.78,1.2209999999999999,0.6859550561797751,-0.5438140408663572,0.0013242854627819407,-3.992042523417297,True,same_as_secretion,1.0,0.0012039267515693093,0.009047335084031587,True,9.651556295814908
ZIC2,2.1340000000000003,2.8520000000000003,1.3364573570759137,0.4184138056194631,0.01054247570367385,2.5900893904683304,2.85825,1.53825,0.5381789556546838,-0.8938421163323162,5.8378668972789066e-05,-7.0612891882980575,True,same_as_secretion,1.0,0.02353350384591125,0.001269360075123794,True,9.651378578766387
EDARADD,1.245075,0.5577749999999999,0.4479850611408951,-1.1584774710359378,0.010312700383743994,-2.6031896185120296,13.100000000000001,23.177500000000002,1.7692748091603052,0.8231581492273704,5.932833971559685e-05,7.041330010661563,True,inverse_repressor,-1.0,0.023108064851664323,0.0012786669916696734,True,9.644519629173592
KAAG1,4.51025,2.5482500000000003,0.564990854165512,-0.8237005809114925,0.000565042640657678,-4.692219214922537,3.79275,5.94675,1.5679256476171644,0.648857147235442,0.0004368524213259999,4.92145770463302,True,inverse_repressor,-1.0,0.00248179165537183,0.004333330764201992,True,9.613676919555557
HLA-DRA,1.252125,1.9962499999999999,1.5942897074972546,0.6729138135143231,0.0130931892000202,2.462912515551548,15.4725,2.07625,0.13418969138794634,-2.897654248645265,5.4483498528529046e-05,-7.147277562259893,True,same_as_secretion,1.0,0.02798428064631389,0.001220486996346384,True,9.61019007781144
IL18,0.8764749999999999,4.25225,4.851535982201432,2.2784415726782377,0.0007186160677822535,4.485745872533452,37.2025,29.3475,0.7888582756535178,-0.34216196242757013,0.00035727567415229014,-5.106834945300618,True,same_as_secretion,1.0,0.0029752467698213303,0.0038437149439941344,True,9.59258081783407
PRCP,17.7675,26.265,1.4782608695652175,0.5639008851933267,0.0011961128278161093,4.071294240899108,99.765,71.4375,0.7160577356788452,-0.4818521783204167,0.00023432737937090526,-5.51442687098016,True,same_as_secretion,1.0,0.004309139970378458,0.0029085729328464835,True,9.585721111879268
BEX3,120.82499999999999,166.825,1.3807159114421685,0.46541650908529236,7.774571224984715e-05,6.714374568326811,44.4225,33.8925,0.7629579604929934,-0.39032452912399523,0.006800172139232299,-2.8569450012443824,True,same_as_secretion,1.0,0.0006246655812461812,0.02737316203195416,True,9.571319569571193
PCDHA7,1.385,1.91525,1.3828519855595667,0.46764674497216413,0.00014858019311691652,5.98520839460842,1.0337,0.6624749999999999,0.6408774305891457,-0.6418796306950512,0.002287788445044788,-3.5850930885797903,True,same_as_secretion,1.0,0.0009707901498902261,0.01302328131086348,True,9.57030148318821
ZFP36L1,8.258499999999998,16.735,2.026397045468306,1.0189168786833187,8.206888900028623e-05,6.650584337727158,31.504999999999995,24.7325,0.7850341215680052,-0.34917273267022514,0.006325416208569149,-2.902308616826022,True,same_as_secretion,1.0,0.0006476571185067212,0.026014762696992367,True,9.55289295455318
PIK3R4,22.27,27.8025,1.2484283789851818,0.32011305775252213,0.0007456420662321476,4.454679483219815,28.525000000000002,19.790000000000003,0.693777388255916,-0.5274552741285318,0.0003888636694641272,-5.0280512311677406,True,same_as_secretion,1.0,0.0030599099502557595,0.004040743972176485,True,9.482730714387555
DHX58,0.6898,5.8542499999999995,8.486880255146419,3.085234322026411,0.0002289037785545768,5.537830997391915,11.542499999999999,8.47475,0.7342213558587829,-0.4457130170291996,0.0014348504736477116,-3.9304081892067635,True,same_as_secretion,1.0,0.0013066444094620153,0.009530557998658384,True,9.468239186598678
BTBD3,11.46,13.765,1.2011343804537522,0.2643975658386563,0.00022371836538189475,5.560812927197882,17.0375,13.13,0.7706529713866471,-0.3758467407996849,0.0014884072911822111,-3.902470679628314,True,same_as_secretion,1.0,0.0012887767571529217,0.009731772883789605,True,9.463283606826197
DRAM2,17.92,23.14,1.2912946428571428,0.36881822704988576,0.0007618578927250152,4.436652291002005,85.14,64.71000000000001,0.7600422832980973,-0.39584841290009726,0.00039087279915397423,-5.023291270265203,True,same_as_secretion,1.0,0.0031112687948121414,0.004046208901398657,True,9.459943561267208
RHOBTB2,6.451,3.78175,0.5862269415594482,-0.7704688225933668,7.363939267050355e-05,-6.778885934270059,3.18675,4.14225,1.299835255354201,0.37832878375777645,0.009263912096413167,2.667403604469629,True,inverse_repressor,-1.0,0.000601059289010365,0.03422100632934758,True,9.446289538739688
FAM219B,18.825,12.9875,0.6899070385126163,-0.5355261157677162,0.00024131897425268422,-5.485161433318995,19.8675,25.002499999999998,1.2584623128224486,0.3316620127497654,0.0013861150084423794,3.956883707181591,True,inverse_repressor,-1.0,0.0013542012792076437,0.009342860148876272,True,9.442045140500586
TGM3,0.0104775,0.120285,11.48031496062992,3.521090317554771,0.006205346487380452,2.9143868882596626,2.72425,0.875025,0.32119849499862346,-1.638462961879922,9.163537383771358e-05,-6.522278388917439,True,same_as_secretion,1.0,0.015343152985907804,0.001656391656020799,True,9.436665277177102
VAV1,8.71625,5.4052500000000006,0.6201348056790478,-0.6893462304449745,0.00025960634256442323,-5.413015319893972,12.8975,16.4525,1.2756348129482458,0.3512153753764212,0.001289457054281608,4.012682020292174,True,inverse_repressor,-1.0,0.0014308786509583777,0.00889778076586963,True,9.425697340186147
STRIP2,0.43115000000000003,0.883275,2.048648962078163,1.0346727983774358,0.0027509590863828786,3.454550873498841,2.73775,1.41075,0.5152954068121632,-0.9565283620875664,0.00016214483796623286,-5.892353489660915,True,same_as_secretion,1.0,0.008092450371652403,0.0023326421411137602,True,9.346904363159757
ARVCF,4.337000000000001,2.1255,0.49008531242794556,-1.0288951842239284,8.156280822003674e-05,-6.657848403044599,4.52275,5.711,1.2627273229782765,0.3365431329823006,0.0090572909747159,2.681006585162923,True,inverse_repressor,-1.0,0.000644759380944173,0.03371026005187643,True,9.338854988207522
EEIG2,68.985,93.9275,1.3615641081394505,0.44526491210441105,0.00024387034491061792,5.47472444599672,10.571,6.275250000000001,0.5936287957619905,-0.7523670189404229,0.0016926490806473179,-3.805559615542128,True,same_as_secretion,1.0,0.001363573753280718,0.010625693299033146,True,9.280284061538847
CTSE,0.060880000000000004,0.45444999999999997,7.4646846254927715,2.9000813094088644,0.0005020354063653689,4.796466628117499,1.595,0.19005499999999997,0.11915673981191222,-3.069067538506269,0.0007318142828114677,-4.4704103171291205,True,same_as_secretion,1.0,0.0022888032066777646,0.006055730578220207,True,9.266876945246619
RNF128,1.17325,0.1823475,0.15542083954826338,-2.6857481349177443,0.00015260149264268157,-5.956692071438484,5.26325,7.3679999999999986,1.3998955018287176,0.48531913815580346,0.0034494747308324355,3.2986268352924406,True,inverse_repressor,-1.0,0.000988370114015331,0.017195515779014094,True,9.255318906730924
SPINK5,2.01675,3.14825,1.5610511962315607,0.6425178527150572,6.799756977145623e-05,6.874652079262311,0.8814000000000001,0.3389,0.3845019287497163,-1.378937259793442,0.01528386694488467,-2.3738477088173786,True,same_as_secretion,1.0,0.0005685733627427867,0.04879747683967734,True,9.24849978807969
WNT4,1.5314999999999999,2.056,1.3424746980084885,0.42489489759492055,0.004591069097163322,3.1080242275675305,2.3322499999999997,1.060525,0.45472183513774256,-1.1369438128445017,0.00013079418076482124,-6.122993691399889,True,same_as_secretion,1.0,0.012137181387418242,0.002029003460837064,True,9.231017918967419
LOC105369458,0.037860000000000005,0.26885,7.101162176439512,2.8280551554591247,0.00012059820986735792,6.212132334172459,0.853725,0.286325,0.3353831737386161,-1.5761177845563337,0.005394095637485076,-3.003541006651508,True,same_as_secretion,1.0,0.0008418752477544996,0.023394670669924216,True,9.215673340823967
SCN1B,1.218,0.8287249999999999,0.6803981937602627,-0.5555487837752039,0.0010793427514144065,-4.152435474289634,0.487375,0.991875,2.0351372146704283,1.0251260683249084,0.00037966127746342723,5.05022062843159,True,inverse_repressor,-1.0,0.0040068603660564,0.003997323695959943,True,9.202656102721225
GASK1B,2.48025,1.621,0.6535631488761214,-0.6136014553947292,0.0012906401272587764,-4.011970536930717,14.55,20.5725,1.413917525773196,0.49969796977378733,0.0003437139425970035,5.143156098042057,True,inverse_repressor,-1.0,0.004575390706962241,0.003765442005949119,True,9.155126634972774
PPCDC,5.870000000000001,4.6115,0.7856047700170357,-0.34812440548548157,0.0001603811977138954,-5.9039087141546895,4.33625,5.4605,1.2592678005188815,0.33258512451510536,0.0037305133308492187,3.245714776692744,True,inverse_repressor,-1.0,0.0010240793123962144,0.01819454043401193,True,9.149623490847434
DCXR,242.525,162.85000000000002,0.6714771673023401,-0.5745897513474205,0.0001532935704093917,-5.951871885042799,158.275,193.65,1.2235033959879955,0.29101810580491244,0.004229154538692217,3.1620605175429923,True,inverse_repressor,-1.0,0.000990779084208839,0.019761240721936534,True,9.11393240258579
ACVR1B,9.08975,11.200000000000001,1.2321571000302538,0.30118621137793006,0.0008796628964872246,4.317611851042128,24.875,17.9725,0.7225125628140704,-0.4689054219425743,0.0005031761495428611,-4.794448170543269,True,same_as_secretion,1.0,0.0034533742758713053,0.004747702195559648,True,9.112060021585396
FRMD4B,2.06475,2.6814999999999998,1.2987044436372441,0.3770731427068824,0.0024855276694497825,3.5259963574116164,2.6365,1.8319999999999999,0.6948606106580694,-0.5252044932828885,0.00022368473937122904,-5.560963956672791,True,same_as_secretion,1.0,0.007471873610816418,0.0028159024726576386,True,9.086960314084408
PCDHA8,0.979475,1.40025,1.4295923836749278,0.5156038533814638,0.0001537780767267074,5.948512321483203,1.038075,0.601225,0.5791729884642246,-0.7879337754728492,0.004478989222756582,-3.1242306278742245,True,same_as_secretion,1.0,0.0009925287128043898,0.02058162605230561,True,9.072742949357426
MXI1,13.2175,20.865,1.5785889918668432,0.6586355938824533,8.341707930250238e-05,6.631483188561622,10.7895,7.941000000000001,0.7359933268455443,-0.4422354092714941,0.01396840541668353,-2.4254908151063526,True,same_as_secretion,1.0,0.000654679520527543,0.045802458093306804,True,9.056974003667975
JAG1,0.743625,1.32275,1.7787863506471677,0.8308932394573353,0.0006068401506544136,4.63017047222969,5.6095,3.0865,0.5502272929851145,-0.8619003912970572,0.0007768565714557625,-4.420365204081935,True,same_as_secretion,1.0,0.002611819827028477,0.0063081405901856385,True,9.050535676311625
P2RY6,3.6984999999999997,2.541,0.6870352845748277,-0.5415439003943192,0.0001344474907377106,-6.092991427461071,5.14675,6.84975,1.3308884247340556,0.4123896277260548,0.0058657981567068335,2.950013314078526,True,inverse_repressor,-1.0,0.0009098234167305205,0.024637413700947568,True,9.043004741539598
KLF13,8.187000000000001,10.620000000000001,1.297178453646024,0.37537696569621903,0.0005227548714791795,4.760602237206027,2.56325,1.92225,0.7499268506778504,-0.41517821569357516,0.0009256968744864771,-4.27597099564411,True,same_as_secretion,1.0,0.002357793346732301,0.007091281048819882,True,9.036573232850138
TNNC1,0.5419499999999999,0.283625,0.5233416366823509,-0.9341750515938995,0.0012619013919789905,-4.029467548417232,1.69075,5.036499999999999,2.978855537483365,1.574758160374984,0.0004036725434527812,4.9936124519310585,True,inverse_repressor,-1.0,0.0044966891091264395,0.0041208331277485955,True,9.02308000034829
LMX1B,5.054,6.072749999999999,1.2015730114760583,0.2649243139643886,0.006743856927812541,2.8621377127576038,2.11375,1.2397500000000001,0.5865168539325843,-0.7697555292838755,0.000126575949341718,-6.158863355360316,True,same_as_secretion,1.0,0.01639521855100171,0.00199281761086528,True,9.021001068117918
PNKD,21.4225,15.7425,0.7348582098261174,-0.444462184685656,0.00045615777789415854,-4.882316061909026,14.29,17.580000000000002,1.230230930720784,0.2989291540475878,0.0011338721111331508,4.113357038667225,True,inverse_repressor,-1.0,0.0021384483155053344,0.008154481499469976,True,8.995673100576251
BIRC3,4.78725,6.52775,1.3635698992114471,0.44738865746693746,0.0002940856660651211,5.291685385403929,11.9225,8.61225,0.722352694485217,-0.46922467835075216,0.0019858678807903956,-3.6875271563246126,True,same_as_secretion,1.0,0.0015620356788224354,0.011792638528428798,True,8.979212541728542
GLCE,9.93525,12.1675,1.2246798017161118,0.29240459913780237,0.0017759482685871825,3.769794723991886,9.7645,7.33575,0.751267345998259,-0.412601698319094,0.0003252145106281065,-5.195452127862547,True,same_as_secretion,1.0,0.0057906204388753985,0.0036555134672235532,True,8.965246851854433
CCDC78,31.222499999999997,17.322499999999998,0.5548082312434943,-0.8499389029611063,0.000404844926981416,-4.990948267627778,9.978250000000001,12.595,1.2622453837095682,0.3359924011668026,0.0013758553324574596,3.9625925441836807,True,inverse_repressor,-1.0,0.001967434035361925,0.009303808327896056,True,8.95354081181146
CHN1,6.65175,10.6095,1.5949937986244223,0.6735508147668311,0.00011639986107173133,6.25140276680311,0.40379999999999994,0.1233875,0.30556587419514614,-1.710444663681637,0.009162482398556583,-2.674038636160546,True,same_as_secretion,1.0,0.0008240293634163092,0.03395836901505353,True,8.925441402963656
ZFAND2B,46.6525,30.3475,0.6505010449600771,-0.6203767204077655,0.00019503410258028887,-5.700134379892116,16.1525,20.9375,1.2962389722953103,0.3743317154164811,0.003918257794485647,3.212814643407674,True,inverse_repressor,-1.0,0.0011701415996166022,0.018790839097573342,True,8.91294902329979
GOLPH3L,24.7675,32.18,1.2992833350156456,0.37771607393351675,0.0005197636390445575,4.765678112404149,22.762500000000003,16.26,0.714332784184514,-0.485331759789173,0.00109269449680415,-4.142661722850356,True,same_as_secretion,1.0,0.0023477234282214517,0.007972591006348237,True,8.908339835254505
MED12L,1.4615,2.199,1.504618542593226,0.5893977750489151,0.0002807217938985388,5.336665413062886,0.445425,0.191475,0.42987034854352585,-1.2180264948814308,0.002341466181297729,-3.568493971898012,True,same_as_secretion,1.0,0.0015166214257428172,0.013267832017246729,True,8.905159384960898
DENND5B,0.286925,0.58065,2.023699573059162,1.016995131619194,0.0020645666617363704,3.659202240871679,0.8607499999999999,0.33942500000000003,0.39433633459192574,-1.3425014467786778,0.00031040275176249144,-5.2398548962808285,True,same_as_secretion,1.0,0.006507713179728852,0.003551361459972788,True,8.899057137152507
AHNAK2,1.4692500000000002,2.9985,2.0408371618172536,1.0291610744770405,9.358082506833311e-05,6.49808198300631,4.86225,3.7520000000000002,0.7716592112705023,-0.37396424578644316,0.01489392223520462,-2.38862999365283,True,same_as_secretion,1.0,0.0007104261409214545,0.047881793972561384,True,8.88671197665914
ZHX2,9.33025,11.3125,1.212454114305619,0.2779301491006912,0.0023886425787920233,3.5542579027438435,5.4755,3.0740000000000003,0.561409916902566,-0.8328735466411462,0.0002840586210389136,-5.325206792764813,True,same_as_secretion,1.0,0.007254613026756473,0.00333497896545364,True,8.879464695508656
PPIL6,0.803975,1.181,1.468951148978513,0.5547864188361177,0.0011229651657009012,4.12099933514673,1.99675,1.0544499999999999,0.5280831350945285,-0.9211630267671638,0.0005404666508361445,-4.731214449319021,True,same_as_secretion,1.0,0.004112076545434833,0.004965821494001171,True,8.85221378446575
RASAL1,1.182675,1.9060000000000001,1.6116008201746044,0.6884944448145458,0.000242129780660423,5.48183090486463,0.335625,0.1034625,0.308268156424581,-1.6977422256857082,0.0031256860535463517,-3.3659825022231025,True,same_as_secretion,1.0,0.001357520500327112,0.016167371679192813,True,8.847813407087733
CAPS2,0.704075,1.3415,1.9053367894045377,0.9300460326049449,0.00357989047626363,3.2734902464823565,1.41225,0.762475,0.5399008674101611,-0.8892335602499749,0.00022366330086195184,-5.561060260285045,True,same_as_secretion,1.0,0.00992608425470201,0.0028159024726576386,True,8.834550506767402
ALPK1,4.279999999999999,5.977,1.396495327102804,0.48181074613709635,0.00112986287273888,4.116156441093106,7.077249999999999,5.04625,0.7130241266028472,-0.4879772009091014,0.0005559582560153935,-4.706402712667159,True,same_as_secretion,1.0,0.004126756312340565,0.005065548997031326,True,8.822559153760265
ASTN2,0.71375,1.067225,1.4952364273204906,0.5803736219180592,0.00338276080461459,3.3119038622487644,6.6295,4.571,0.6894939286522361,-0.5363902467621379,0.0002450069029481153,-5.470115526574947,True,same_as_secretion,1.0,0.009485727179234116,0.003003838414179889,True,8.782019388823711
MLLT3,3.18325,3.891,1.2223356632372575,0.28964051526376516,0.004158478939787578,3.1732204878107315,6.7315000000000005,4.9295,0.7323033499220084,-0.4494866994229214,0.0002147174993122333,-5.602201883251587,True,same_as_secretion,1.0,0.011195997597928886,0.0027402675221504195,True,8.77542237106232
CPTP,12.697499999999998,10.1235,0.797282929710573,-0.32683631438970673,0.00030327911690986617,-5.26208749585202,17.425,23.195,1.3311334289813486,0.4126551900940505,0.002646167032745534,3.481783995871157,True,inverse_repressor,-1.0,0.0015953512526626927,0.01440535785137843,True,8.743871491723176
DSE,1.4535,2.1140000000000003,1.454420364637083,0.5404443052464458,0.00012861266195679714,6.141374522900615,0.6016499999999999,0.440575,0.7322779024349706,-0.4495368338395639,0.010384540351788055,-2.599059287456505,True,same_as_secretion,1.0,0.0008796348139505584,0.037118590373763694,True,8.74043381035712
PHKG2,21.8125,16.7625,0.7684813753581662,-0.37991779919254065,0.0004535340594047915,-4.887522734512882,14.0875,17.88,1.269210292812777,0.3439311261237341,0.0016360046904860474,3.8310442465642507,True,inverse_repressor,-1.0,0.0021309903717326856,0.010403757225217606,True,8.718566981077133
SLC12A4,2.6322500000000004,1.77125,0.6729034096305441,-0.5715286635256223,0.025129492636352734,-2.0963580238962254,32.85,45.324999999999996,1.3797564687975645,0.4644136494218282,8.409435036526279e-05,6.622021918642932,True,inverse_repressor,-1.0,0.04777653006743743,0.0015693949667663968,True,8.718379942539157
HES4,41.73,22.195,0.5318715552360412,-0.910850211938302,0.00019062723102110195,-5.723626261973267,32.1875,47.47,1.4747961165048544,0.5605155225841267,0.005470950612302554,2.994469483328303,True,inverse_repressor,-1.0,0.0011492717703996242,0.02363109605020845,True,8.718095745301571
CETN2,63.972500000000004,80.37,1.2563210754621126,0.32920521803572106,0.004605062642654382,3.106032111039235,151.55,102.22,0.6744968657208842,-0.5681163556714818,0.00021636493194537623,-5.594478552896153,True,same_as_secretion,1.0,0.012170709964624141,0.002759395893745667,True,8.700510663935388
HGH1,23.685000000000002,17.725,0.7483639434241081,-0.4181880444545147,0.0007493394736672743,-4.4505297975933376,26.270000000000003,34.7725,1.3236581652074608,0.40453059417364223,0.0009620978754620828,4.244686863196673,True,inverse_repressor,-1.0,0.0030716301736264055,0.007282998552570492,True,8.69521666079001
NMI,22.5625,36.385000000000005,1.6126315789473686,0.6894168787066471,0.00013582338616215843,6.081935376693667,7.586250000000001,5.186,0.6836052067885977,-0.548764709313507,0.010395722676917078,-2.598419228023315,True,same_as_secretion,1.0,0.0009154644129383376,0.03714415516407027,True,8.680354604716982
ATP6V0E2,16.1325,12.5175,0.7759181775918178,-0.3660235700604621,0.0005773120561174244,-4.673472880557151,16.552500000000002,21.4375,1.2951215828424707,0.37308754094676655,0.0013019838975010273,4.005186094165359,True,inverse_repressor,-1.0,0.0025174778074911882,0.008952154875322357,True,8.67865897472251
RANBP3L,0.132595,0.017544999999999998,0.1323202232361703,-2.9178945213066183,0.003027696186415572,-3.387934039570077,4.8,6.315249999999999,1.315677083333333,0.39580544086647346,0.00030141100453417443,5.268017426783473,True,inverse_repressor,-1.0,0.008711076926797451,0.003487165696694757,True,8.65595146635355
TRH-GTG1-7,136.85000000000002,94.2575,0.6887650712458895,-0.5379161124575556,0.0020459353415575457,-3.6657957650724837,52.99250000000001,71.4325,1.3479737698730951,0.43079242349144187,0.00043542748651782766,4.9244252350995135,True,inverse_repressor,-1.0,0.006467649533091942,0.004323771656229701,True,8.590221000171997
RNF217,0.013901,0.0542525,3.902776778649018,1.964500949442112,0.000931055131050886,4.271278481919454,3.1029999999999998,2.1585,0.6956171446986787,-0.5236346040672649,0.000885307601871937,-4.312373301224397,True,same_as_secretion,1.0,0.0035914736944040082,0.00686399868858455,True,8.583651783143852
CKMT1A,53.6625,37.275,0.6946191474493361,-0.5257059151643817,0.0003078474126840281,-5.247761824473158,62.277499999999996,78.395,1.2588013327445706,0.3320506111901604,0.0032992497058710983,3.3289469245893386,True,inverse_repressor,-1.0,0.001615720352213035,0.016715898441560826,True,8.576708749062497
SNHG33,3.9704999999999995,7.951,2.0025185744868406,1.0018156245045329,0.0005902724404371448,4.654160943403993,4.11425,2.5685000000000002,0.6242936136598408,-0.6797033873636662,0.001468693851356132,-3.912618823395338,True,same_as_secretion,1.0,0.0025621245784192012,0.009670984441784403,True,8.566779766799332
JAK3,2.99975,2.2,0.7333944495374615,-0.4473387473748444,0.0014153505511346144,-3.9408766550955936,1.4515000000000002,1.9195,1.322425077506028,0.40318598822028756,0.000613049303731715,4.621372360420857,True,inverse_repressor,-1.0,0.00490054901809037,0.005362087857274713,True,8.56224901551645
MICAL1,9.3105,5.4855,0.5891735137747705,-0.7632355192397974,0.0006336808131753187,-4.5928561749163705,5.7517499999999995,7.561249999999999,1.3145999043769288,0.3946237852213118,0.0013803338419534463,3.9600945976375765,True,inverse_repressor,-1.0,0.0026938688232263034,0.009317127993905322,True,8.552950772553947
BCL2L11,5.8225,7.064,1.2132245598969515,0.27884660855023763,0.005632141754192407,2.9758993299239993,2.0525,0.8920750000000001,0.43462850182704016,-1.2021453090100358,0.00022067408258610996,-5.57459328752203,True,same_as_secretion,1.0,0.014211610304878216,0.002793249515706527,True,8.550492617446029
LOC102724682,0.552775,0.89175,1.6132241870562163,0.6899469413327898,0.00027453532499032226,5.358330677186312,0.883525,0.601775,0.6811069296284767,-0.5540467845580666,0.004045254450086971,-3.1915521880264537,True,same_as_secretion,1.0,0.0014880301303079517,0.01916232905195535,True,8.549882865212766
TRA-CGC4-1,88.7475,46.15749999999999,0.5200991577227526,-0.9431413933312375,0.0008153793171949618,-4.380131521470768,3.67725,17.97,4.886803997552518,2.2888912413904627,0.001060353833206002,4.166576291302864,True,inverse_repressor,-1.0,0.0032595863382116784,0.007788651237659118,True,8.546707812773633
ZC3H12C,1.15725,1.58275,1.3676820047526466,0.4517328329315434,0.00046546087715745757,4.864127938199221,5.227,4.02525,0.7700880045915438,-0.3769047704656722,0.0020451051591518074,-3.666091148037516,True,same_as_secretion,1.0,0.002174922754890999,0.012009980297371887,True,8.530219086236738
YAF2,4.70975,5.8134999999999994,1.2343542650883805,0.3037565137220815,0.0003006906245970164,5.270315436728158,2.356,1.7115000000000002,0.7264431239388796,-0.46107824682062265,0.0037037555932801693,-3.250555535252142,True,same_as_secretion,1.0,0.0015871302467714604,0.018103458176262032,True,8.5208709719803
TLE6,2.19275,0.351125,0.16012997377722038,-2.6426847122530663,0.00029150276767341395,-5.3001929949601765,0.978075,1.94175,1.985277202668507,0.9893404637882318,0.003889222236534299,3.2177851277487592,True,inverse_repressor,-1.0,0.0015546065162382824,0.01868537327560295,True,8.517978122708936
GDAP1,4.843,7.17425,1.4813648564939088,0.5669270166068031,0.00032084143577639553,5.208315590660188,19.7875,14.6675,0.7412507896399242,-0.4319663583531785,0.003514901212364979,-3.285884755056994,True,same_as_secretion,1.0,0.0016595277495632002,0.017432745890065517,True,8.494200345717182
SEMA3B,6.95925,10.95875,1.574702733771599,0.6550795079835546,0.0007712022814679426,4.4264625724816655,3.153,2.1682500000000005,0.6876784015223598,-0.5401940604851286,0.0012051155885508074,-4.065417440033102,True,same_as_secretion,1.0,0.0031370109889547046,0.00853441140742811,True,8.491880012514766
SAV1,16.1025,21.932499999999997,1.3620555814314546,0.44578557663882795,0.0014073210168100492,3.9452351733497113,17.605,13.522499999999999,0.7681056518034649,-0.3806233297096334,0.0006810092918147368,-4.531277064167575,True,same_as_secretion,1.0,0.004880386810041633,0.005750641900731172,True,8.476512237517285
FUNDC2,12.237499999999999,15.42,1.2600612870275794,0.33349390542397717,0.0005278386699138805,4.75205147862304,21.945,16.189999999999998,0.7377534745955797,-0.4387892845570774,0.002025238937652708,-3.6732005637875518,True,same_as_secretion,1.0,0.00237157049590307,0.01195801164738008,True,8.425252042410591
UBE2L6,53.7925,71.0975,1.3216991216247618,0.4023937917141875,0.0028998189408830114,3.417821412194987,38.6125,26.6675,0.6906442214308839,-0.5339853830584674,0.00040005155807389776,-5.001897474282933,True,same_as_secretion,1.0,0.00843463939743995,0.004099645354235214,True,8.41971888647792
FAM156A,9.20875,6.193499999999999,0.6725668521786343,-0.572250418276736,0.005873512324434223,-2.949178500341776,8.831750000000001,10.68,1.2092733603193022,0.2741404075305516,0.0002450759436416895,5.469836350047143,True,inverse_repressor,-1.0,0.014688922606386412,0.003003838414179889,True,8.419014850388919
PAXX,207.2,149.325,0.7206805019305019,-0.4725682812448951,0.0005668476593223084,-4.689432193996264,99.3,123.85,1.2472306143001006,0.3187282457179891,0.0019359062554442088,3.7061793755658665,True,inverse_repressor,-1.0,0.0024868199202624673,0.011588601952721957,True,8.395611569562131
EPB41L1,3.0717499999999998,4.6579999999999995,1.516399446569545,0.6006498350902539,0.0005457857344691024,4.722604261918875,3.97025,2.551,0.6425288080095712,-0.6381669553811153,0.002095602021191163,-3.6483676739945166,True,same_as_secretion,1.0,0.002427471928947728,0.012202331116807373,True,8.370971935913392
CEP41,2.15125,2.68525,1.2482277745496804,0.31988121883910886,0.0013317272906655992,3.9877127287573475,2.6247499999999997,1.9534999999999998,0.7442613582245928,-0.4261187611862205,0.0008124534195375534,-4.383110267079006,True,same_as_secretion,1.0,0.004674431286739589,0.006489177484840558,True,8.370822995836354
FLRT3,0.604825,1.027025,1.6980531558715333,0.7638816217366088,0.004049958299555708,3.1907791509991443,8.48725,5.8847499999999995,0.6933635747739255,-0.5283160470304104,0.0003308475354617157,-5.179172848289681,True,same_as_secretion,1.0,0.010972231640567542,0.0036817854830563075,True,8.369951999288824
PAPLN,2.519,1.5675,0.6222707423580786,-0.68438567904484,0.0005595047436216548,-4.700834130112308,0.43485,0.869825,2.000287455444406,1.0002073403721377,0.002184760193672917,3.6182283260453043,True,inverse_repressor,-1.0,0.002471235035503066,0.012579476600406946,True,8.319062456157612
ULK3,72.3825,47.215,0.6522985528269956,-0.616395667089179,0.00019741591849657328,-5.687691049028207,37.6225,47.25,1.255897401820719,0.328718610781841,0.010352696409597056,2.600886183543056,True,inverse_repressor,-1.0,0.0011806141537390915,0.03704031206740033,True,8.288577232571264
TMEM243,35.205,44.072500000000005,1.2518818349666243,0.3240983928192389,0.00025435863781873147,5.4331039239536105,15.690000000000001,10.9775,0.6996494582536646,-0.5152958178415563,0.007002698595934691,-2.838660130592821,True,same_as_secretion,1.0,0.0014115916155576882,0.027958097232404062,True,8.27176405454643
AP1AR,22.0525,27.1425,1.2308128330121302,0.2996113910545221,0.003131969929451188,3.3646014381320275,10.4455,7.047499999999999,0.6746924512948159,-0.5676980743584019,0.0004462880105612622,-4.9020839659102435,True,same_as_secretion,1.0,0.008945939027838658,0.004410389605168748,True,8.26668540404227
MOCS2-DT,2.973,4.70725,1.5833333333333335,0.6629650127224295,0.00024079206544224636,5.4873327245547046,6.24075,4.933250000000001,0.7904899250891321,-0.3391810195479562,0.008440170794411915,-2.7237874123664927,True,same_as_secretion,1.0,0.0013525587063469,0.03207232711278522,True,8.211120136921197
DSC2,4.28625,5.529249999999999,1.289997083697871,0.36736780414513787,0.0022966349604860805,3.582327193374287,3.82425,2.24325,0.5865856050205923,-0.7695864275092071,0.0006092620907469311,-4.6267264532258245,True,same_as_secretion,1.0,0.007043140310696289,0.0053390220684661465,True,8.209053646600111
HCFC1R1,54.8625,37.6125,0.6855775803144224,-0.5446081635263063,0.0003592767948380877,-5.10161001614113,42.1475,55.8275,1.324574411293671,0.40552889300077954,0.0046251062295748924,3.1031905453012736,True,inverse_repressor,-1.0,0.0017991938520357201,0.021034434870677486,True,8.204800561442404
RDM1,3.3427499999999997,2.5765000000000002,0.7707725674968217,-0.37562286918078125,0.0031543272935988294,-3.3597130431262556,2.606,3.72525,1.4294896392939371,0.5155001635902599,0.00048661882055779735,4.824273154935775,True,inverse_repressor,-1.0,0.008995961221753442,0.004668261524898258,True,8.18398619806203
SNAPC1,7.8215,12.14,1.5521319440005115,0.6342512037003719,0.00021620225800857742,5.595238162547394,14.8675,11.7325,0.7891373801916933,-0.34165161534794064,0.011237630082416268,-2.552304591618424,True,same_as_secretion,1.0,0.0012558555434053127,0.039297844256193544,True,8.14754275416582
RAB6B,1.126225,1.91675,1.701924571022664,0.7671670984674892,0.0004913643553774433,4.8156071831622125,1.49525,0.9311499999999999,0.6227386724627988,-0.6833012206217738,0.00337745561534611,-3.3129723451730446,True,same_as_secretion,1.0,0.0022551025000009254,0.016964017668748152,True,8.128579528335257
TMEM263,32.0225,40.6175,1.268405027714888,0.34301550113288254,0.0012517155810803792,4.035778392626928,66.935,53.012499999999996,0.7919997012026592,-0.3364282088672289,0.0011783332222356348,-4.0830501411043905,True,same_as_secretion,1.0,0.004469828197131069,0.008402724949649023,True,8.118828533731318
IDH2-DT,27.134999999999998,16.855,0.621153491800258,-0.6869782813581867,0.0017114684968996849,-3.797306843373261,42.08,60.18,1.4301330798479088,0.5161494020410345,0.0008974007135970607,4.3012778443469255,True,inverse_repressor,-1.0,0.005632800162873139,0.006940372282708797,True,8.098584687720187
STEAP1B,0.016365,0.22945,14.020776046440572,3.809494299254871,0.00019542473796883142,5.698081602403658,2.3775000000000004,1.5222499999999999,0.6402733964248158,-0.6432400281433489,0.014959920143759521,-2.386098387964267,True,same_as_secretion,1.0,0.0011721065760152553,0.04805237106892762,True,8.084179990367925
TMEM191C,3.288,2.62125,0.7972171532846716,-0.32695534269772786,0.0005112197257098763,-4.780363195254142,1.27725,2.0335,1.5920923859855158,0.6709240550624345,0.0035008203332806847,3.288604319117272,True,inverse_repressor,-1.0,0.0023158914580889713,0.017381479349916854,True,8.068967514371414
NUCB2,15.162500000000001,19.1325,1.2618301731244848,0.33551775431575587,0.006646345012492153,2.871244819712244,70.2825,51.275000000000006,0.7295557215523069,-0.4549099232731239,0.0003287008467654119,-5.185338828690576,True,same_as_secretion,1.0,0.016206957391591174,0.0036702621909722993,True,8.056583648402821
AKTIP,31.987499999999997,23.807499999999997,0.7442751074638531,-0.426092109559264,0.0005490044255957023,-4.717440697056652,37.025,44.9825,1.2149223497636732,0.2808641087357604,0.003340764877312697,3.320414279669859,True,inverse_repressor,-1.0,0.0024365351765981346,0.01687383717436039,True,8.03785497672651
ATXN3,7.86575,9.64725,1.2264882560467851,0.2945334197706231,0.00023972435575429904,5.491749393255596,9.9485,7.932499999999999,0.7973563853847313,-0.32670340140317106,0.011488117970578134,-2.5393200886517358,True,same_as_secretion,1.0,0.001348864829849913,0.03988834379126129,True,8.03106948190733
REEP6,33.6575,26.134999999999998,0.7764985515858278,-0.3649448613525608,0.0008742874468229651,-4.3226363992321595,127.75,163.55,1.2802348336594913,0.35640846825779476,0.0019849948862121856,3.6878484757904313,True,inverse_repressor,-1.0,0.0034380863193679877,0.011791225221392858,True,8.010484875022591
SYNPO,1.3125,0.62245,0.47424761904761903,-1.0762875642591834,0.00022471105274209755,-5.5563660772317975,1.1345999999999998,1.8567500000000001,1.6364798166754806,0.7105958091888138,0.01347923427268998,2.4460764218708366,True,inverse_repressor,-1.0,0.0012922451342112138,0.0445762958521069,True,8.002442499102635
CEP126,0.3199,0.439825,1.3748827758674587,0.4593086179943051,0.005205452863846968,3.026436783685705,7.608,3.9887500000000005,0.5242836487907466,-0.9315805426938889,0.0004143566338137894,-4.969655991585923,True,same_as_secretion,1.0,0.013384442781391021,0.0041816240941783996,True,7.996092775271628
GBA2,21.584999999999997,16.335,0.7567755385684505,-0.4020626380233907,0.0019283010199050914,-3.709066586602112,15.7275,20.105,1.278334128119536,0.35426497398261186,0.0009270375657783069,4.274793971221321,True,inverse_repressor,-1.0,0.006168238008375132,0.007095696850345169,True,7.983860557823434
SNX8,7.6217500000000005,5.880000000000001,0.7714763669760882,-0.37430613221788717,0.002182021938626837,-3.619133043725591,6.412,10.109,1.5765751715533376,0.6567939597717838,0.0008324337670493283,4.363009107324602,True,inverse_repressor,-1.0,0.00678579222548346,0.006586051393412431,True,7.982142151050192
CYTH3,2.329,3.98675,1.711786174323744,0.7755025005071816,0.0003262841734865949,5.192335990289783,5.60525,3.9364999999999997,0.7022880335399848,-0.5098652419455307,0.007582540183671615,-2.7894107945957254,True,same_as_secretion,1.0,0.0016792602043992741,0.029723841434861266,True,7.981746784885509
CLPTM1L,79.475,60.0475,0.7555520603963511,-0.40439692892413376,0.0008911897198957518,-4.306954928631338,173.9,209.70000000000002,1.205865439907993,0.27006892879000544,0.0021025077482998353,3.645981641819544,True,inverse_repressor,-1.0,0.003485362659802909,0.012234868811714084,True,7.952936570450882
ANXA1,0.6957,3.73025,5.3618657467299125,2.4227350968005616,0.00047981628981016105,4.836866246591751,14.737499999999999,11.301250000000001,0.7668363019508059,-0.3830094592314228,0.004604312850511771,-3.1061386784177683,True,same_as_secretion,1.0,0.002218552959533088,0.02096554323716358,True,7.94300492500952
AFF1-AS1,1.0942500000000002,1.4609999999999999,1.3351610692254965,0.4170137941644508,0.016855830916918956,2.318192911498111,2.9487499999999995,1.7719999999999998,0.6009325985587114,-0.7347249095718065,0.00021126819802100438,-5.61859620594436,True,same_as_secretion,1.0,0.03444436274857138,0.00271866886282192,True,7.936789117442471
LIPM,0.04628,0.16115,3.4820656871218665,1.7999434188394174,0.0005241978481261311,4.7581655338170465,2.2662499999999994,1.7,0.750137892995036,-0.414772273606456,0.004155139931694905,-3.1737530071438917,True,same_as_secretion,1.0,0.0023622865495456385,0.019543260737498146,True,7.931918540960938
ZNF354C,5.070500000000001,6.43,1.2681195148407451,0.34269071972236215,0.001529210477493949,3.8819440502328657,6.0835,3.7235,0.612065422865127,-0.7082422259587445,0.001236482440669219,-4.045326613396621,True,same_as_secretion,1.0,0.005170744049255768,0.0086446695936697,True,7.9272706636294865
IFIT3,0.7805500000000001,22.825,29.242201012106843,4.869979999534256,0.00023910673179321007,5.494314608985838,2.481,1.7465,0.7039500201531641,-0.5064550924975662,0.01380874008642131,-2.432121427534738,True,same_as_secretion,1.0,0.0013471353055508652,0.04541524878936544,True,7.926436036520576
NECTIN3,0.8812000000000001,0.52635,0.5973104857013163,-0.7434470465775606,0.0004934643203461552,-4.811802998538185,2.0315,2.56725,1.2637213881368448,0.33767842849990615,0.004750354658231371,3.08574218737814,True,inverse_repressor,-1.0,0.0022625034480266066,0.021430839564795513,True,7.897545185916325
STK39,2.8370000000000006,3.70625,1.3063976031018678,0.385594049046369,0.0007018047156386305,4.505753765026375,1.0177749999999999,0.621275,0.6104247009407777,-0.7121147526301407,0.003022767054711926,-3.389059410723505,True,same_as_secretion,1.0,0.002921275894349637,0.015749091312835507,True,7.89481317574988
ARID5A,2.6255,4.03575,1.537135783660255,0.620244611847691,0.0009665851839440985,4.240924254035655,0.319325,0.13485,0.42229703280357,-1.2436699845575574,0.0022114769792617077,-3.609468102871514,True,same_as_secretion,1.0,0.0036915919951990878,0.012699137842327186,True,7.85039235690717
CCNQ,9.2385,11.795000000000002,1.2767224116469125,0.35244488457591067,0.0011906728068223522,4.074869893570948,4.71375,3.6980000000000004,0.7845133916732963,-0.35013002062483034,0.0017895966949099738,-3.7641169549811977,True,same_as_secretion,1.0,0.004293126864055196,0.010989094255219345,True,7.838986848552146
GPRC5B,1.68425,2.34375,1.3915689476027906,0.4767123911706874,0.00045126877817862327,4.892046018588093,1.62975,1.0888749999999998,0.6681239453903972,-0.5818123292946379,0.005906381821498944,-2.945635144064041,True,same_as_secretion,1.0,0.0021243693685623725,0.024779847275963374,True,7.837681162652134
PRRT2,7.557,4.5169999999999995,0.5977239645361915,-0.7424487090178817,0.005447982991547733,-2.9971653907335476,4.759,7.268999999999999,1.5274217272536244,0.6110984510120102,0.00048746615847798604,4.8227187045922,True,inverse_repressor,-1.0,0.013839069243508872,0.004668261524898258,True,7.819884095325747
TMEM129,27.042499999999997,20.395000000000003,0.7541832301007675,-0.40701302359028646,0.001319003689821668,-3.9951324312628183,34.4525,42.1625,1.2237863725419056,0.29135173926187624,0.001714982393512191,3.7957773580155423,True,inverse_repressor,-1.0,0.00464578518897924,0.010700775559518776,True,7.790909789278361
FERMT2,12.280000000000001,17.245,1.4043159609120521,0.48986756809067417,0.0009797002471405624,4.230040744274844,42.815,34.1375,0.7973257036085485,-0.326758916476245,0.002519509094203262,-3.5163786389838974,True,same_as_secretion,1.0,0.003725589573858919,0.013940633006633008,True,7.746419383258742
GFUS,58.3775,46.192499999999995,0.7912723223844803,-0.3377538002653328,0.0011977566163403669,-4.070217452057392,103.19500000000001,136.725,1.3249188429671979,0.4059039910459037,0.002030662716705533,3.671251748477062,True,inverse_repressor,-1.0,0.0043102989551985025,0.011976877448060311,True,7.741469200534453
COQ8A,10.907499999999999,14.704999999999998,1.3481549392619756,0.43098631051056413,0.0007201654570821407,4.483928922780655,24.48,19.427500000000002,0.793607026143791,-0.33350329630731723,0.003715404174304765,-3.248443349064104,True,same_as_secretion,1.0,0.002979767157331658,0.018149759787106843,True,7.732372271844759
TRIM4,26.814999999999998,32.955,1.2289763192243148,0.2974571171208329,0.0008448251511734062,4.3508183020247255,24.337500000000002,18.877499999999998,0.7756548536209552,-0.3665132617255216,0.0031375530415539894,-3.3633770133493166,True,same_as_secretion,1.0,0.0033493190778504573,0.01621044413698827,True,7.714195315374042
MHENCR,7.3020000000000005,4.1085,0.5626540673788003,-0.8296799020083503,0.0009610122225369742,-4.24560019872984,10.78875,13.585,1.259182018306106,0.3324868437615318,0.002703417156635421,3.46675768860227,True,inverse_repressor,-1.0,0.003674086053178726,0.014601440715986949,True,7.712357887332111
TBKBP1,0.9598500000000001,1.53275,1.5968640933479188,0.6752415324132458,0.0014261427227601194,3.9350627478211373,1.8052500000000002,1.05855,0.5863730785209804,-0.7701092267087102,0.0018081154971917198,-3.756491373356966,True,same_as_secretion,1.0,0.004925059367478641,0.011058925120999026,True,7.691554121178103
PHLDA3,21.057499999999997,16.6625,0.7912857651668054,-0.33772929078849384,0.0005643490615998033,-4.69329284701178,16.552500000000002,21.327499999999997,1.2884760610179729,0.36566573318396195,0.005492369251794196,2.9919668132530552,True,inverse_repressor,-1.0,0.0024815054996085123,0.023674924343386083,True,7.685259660264835
CXCL10,0.24577499999999997,0.944875,3.8444715695249725,1.9427853104321933,0.001959848873854125,3.6971734260911457,1.6852500000000001,0.4452,0.2641744548286604,-1.9204371274464664,0.0013503258215298213,-3.9770113293428278,True,same_as_secretion,1.0,0.006251921274454088,0.009161198458161216,True,7.6741847554339735
PDZD4,5.350249999999999,6.577250000000001,1.2293350778001033,0.29787820227909834,0.004310205955485021,3.1495179239968536,2.73525,1.16195,0.42480577643725437,-1.2351247110882315,0.0006879397306576953,-4.522672871175077,True,same_as_secretion,1.0,0.011525952532747892,0.005789820160135823,True,7.672190795171931
NME5,0.649275,1.0062250000000001,1.5497670478610759,0.6320513741104447,0.01520475165140798,2.376813078903253,1.8465000000000003,0.936175,0.5069997292174383,-0.9799431181849068,0.0002942722183074439,-5.291074249739813,True,same_as_secretion,1.0,0.0316841020553243,0.0034302202270878376,True,7.667887328643066
DUSP16,12.24,15.67,1.2802287581699345,0.3564016217799284,0.0014883153551296011,3.9025176505616197,15.267499999999998,12.149999999999999,0.7958080890781071,-0.32950753135010824,0.0018318526849497921,-3.746845893178829,True,same_as_secretion,1.0,0.005066274579175355,0.011159997541611774,True,7.649363543740449
LRRC24,19.985000000000003,13.0175,0.6513635226419814,-0.6184651660301975,0.0032585594776885535,-3.3374285844824123,20.6575,27.6375,1.3378918068498125,0.4199614522780096,0.0009121189279678281,4.288002411964628,True,inverse_repressor,-1.0,0.009216635781682681,0.007020178309938911,True,7.62543099644704
ZNF22,31.72,43.95,1.3855611601513242,0.4704703943267881,0.0003197709306141505,5.211495259281619,6.80125,4.96175,0.7295350119463335,-0.4549508770605102,0.01433744666395473,-2.410479448594579,True,same_as_secretion,1.0,0.0016558355857708201,0.046613228945559304,True,7.6219747078761975
FAM86JP,5.725750000000001,9.0055,1.5728070558442124,0.6533416989481895,0.0017195873725751787,3.7937783505499456,2.1845,1.0265,0.4699015793087663,-1.0895694783356156,0.0016585899063441833,-3.8207643754909104,True,same_as_secretion,1.0,0.005651507596698848,0.010502430762716793,True,7.614542726040856
OPN3,17.0625,20.5625,1.205128205128205,0.26918663281538896,0.005668688311800558,2.971771839771814,20.115000000000002,15.170000000000002,0.7541635595326871,-0.40705065237859656,0.00062745774400016,-4.6013440176892,True,same_as_secretion,1.0,0.014276668013267947,0.005446338352568779,True,7.573115857461014
RNY1,763.3000000000001,561.0,0.7349665924276169,-0.4442494204953313,0.0014432888605808174,-3.925928232042286,972.725,1454.75,1.4955408774319565,0.5806673439994922,0.0021374573232307175,3.634041021315264,True,inverse_repressor,-1.0,0.004963962002616262,0.012387779349273157,True,7.559969253357551
SYT1,7.791,10.25675,1.3164869721473496,0.39669324465673694,0.0007171997587477118,4.48741069206766,9.81775,7.6857500000000005,0.7828423009345319,-0.35320638069623256,0.00497099565975432,-3.0562277565461797,True,same_as_secretion,1.0,0.0029713704418086254,0.02210932177388694,True,7.543638448613839
CYSTM1,40.802499999999995,28.5625,0.7000183812266406,-0.5145352897492544,0.0020980232186848568,-3.6475300986266013,82.145,103.025,1.2541846734433015,0.32674979458708747,0.0016150863361898797,3.8407105980428295,True,inverse_repressor,-1.0,0.006591910854104756,0.010318261607504133,True,7.488240696669431
EEF1A2,542.95,419.325,0.7723086840408877,-0.3727505013774577,0.000976727398563752,-4.232493095932857,222.475,267.6,1.2028317788515566,0.2664348895741863,0.003757869639265946,3.2408060636271627,True,inverse_repressor,-1.0,0.0037203797054216024,0.01826698464176161,True,7.473299159560019
GPR161,0.61435,0.41175,0.6702205583136649,-0.5772921545068949,0.002290844005522611,-3.584136386501573,1.13825,2.0035000000000003,1.7601581374917639,0.815705050411599,0.0015220381899129867,3.885506640537319,True,inverse_repressor,-1.0,0.007031187163396588,0.009885528908182669,True,7.469643027038892
LINC02893,4.40475,5.997,1.3614847607696237,0.44518083424720023,0.0004980521136661119,4.803556286870541,2.7544999999999997,1.6365,0.5941187148302778,-0.751176860520327,0.009462856798319819,-2.6546210675717874,True,same_as_secretion,1.0,0.0022762317742225035,0.03476078889970341,True,7.458177354442329
SPATA17,3.00425,3.6145,1.2031289007239745,0.2667912181357418,0.008709902042901051,2.704674136522972,2.34075,1.60375,0.6851436505393571,-0.5455215926633215,0.0005318473064350903,-4.745375500262488,True,same_as_secretion,1.0,0.02009369748224992,0.004915815148428667,True,7.45004963678546
DHCR24,118.25,90.445,0.7648625792811838,-0.3867275287795269,0.0027688930072862234,-3.450008110809135,474.475,579.55,1.2214552926919224,0.28860105951836906,0.0013410379227331087,3.9823343295940754,True,inverse_repressor,-1.0,0.008131515776102782,0.009114836452134368,True,7.432342440403211
PIP5KL1,1.39025,2.02,1.4529760834382306,0.5390109558344599,0.006593038580724904,2.876286773576459,1.9344999999999999,1.20525,0.623029206513311,-0.6826282990469664,0.0006897219296144872,-4.520476310263476,True,same_as_secretion,1.0,0.016102345574836346,0.005796421228111071,True,7.396763083839934
TRK-CTT6-1,16.35,7.75875,0.47454128440366966,-1.0753944898042793,0.0006564921448467593,-4.5625410464750145,2.26975,4.80625,2.1175239563828616,1.0823782914272477,0.00745501866118612,2.7998725467742775,True,inverse_repressor,-1.0,0.0027680296634104164,0.02932886472872141,True,7.362413593249292
INPP5E,19.1775,13.16,0.6862208317038196,-0.5432551722275634,0.0018266711003835014,-3.748939226264699,10.57925,13.905,1.31436538506983,0.394366391300137,0.0022125233401440237,3.6091274577511587,True,inverse_repressor,-1.0,0.005912922406557924,0.01269995236572933,True,7.358066684015858
DOCK8,1.9227500000000002,3.104,1.6143544402548433,0.6909573648976655,0.0007354109455093647,4.466286097569785,1.1464750000000001,0.47965,0.4183693495279007,-1.2571509337992817,0.006533336973409559,-2.8819880394138773,True,same_as_secretion,1.0,0.003029247082334382,0.026598889335505832,True,7.348274136983663
SAMD15,2.945,3.8564999999999996,1.3095076400679115,0.389024476836989,0.0056150145279320034,2.9778439929565512,16.349999999999998,10.535250000000001,0.6443577981651378,-0.6340660862116295,0.0008300796152449286,-4.365348631136333,True,same_as_secretion,1.0,0.01417609854101555,0.006581353118211501,True,7.343192624092884
RNF24,1.83925,2.2455,1.2208780753024329,0.28791913075979014,0.0023702512049983233,3.559769477073595,4.460000000000001,3.33575,0.7479260089686097,-0.4190325410498598,0.0018150781280748419,-3.7536472865878174,True,same_as_secretion,1.0,0.007216460833843887,0.011085081192373898,True,7.3134167636614125
AEBP2,8.51825,11.1425,1.308073841458046,0.387443984030507,0.0018820848388010907,3.7268948966762596,11.23,8.404250000000001,0.7483748886910063,-0.4181669443374645,0.0022911832132850598,-3.584030269182784,True,same_as_secretion,1.0,0.006056920861646006,0.013034614303765403,True,7.310925165859043
BEST1,55.0875,70.195,1.274245518493306,0.34964327931050354,0.0017490024907893219,3.781151399415672,62.85,47.347500000000004,0.7533412887828163,-0.4086244928237257,0.002648411650722826,-3.4811879447612473,True,same_as_secretion,1.0,0.00572597558237312,0.014406132847607379,True,7.262339344176919
SLC39A10,7.2155,9.53625,1.3216339823990024,0.4023226875178633,0.0023198070264003837,3.575139292326761,7.16425,5.45625,0.7615940258924521,-0.39290593300770466,0.0020739957059773165,-3.65589106370944,True,same_as_secretion,1.0,0.007102472658405396,0.012118321669066328,True,7.231030356036201
FRMD3-AS1,0.9778249999999999,1.71025,1.7490348477488304,0.8065590337841994,0.02638521035279818,2.06979684761595,9.423,5.853999999999999,0.6212458877215323,-0.6867636979643704,0.00033881897270926677,-5.1566727775957215,True,same_as_secretion,1.0,0.0497307116363286,0.003738282533712641,True,7.226469625211672
TIPARP-AS1,1.8867500000000001,2.40875,1.2766662249900622,0.35238139231307847,0.0196171181321596,2.232974162720172,2.98225,1.93375,0.6484198172520748,-0.6249999111657838,0.0004089324556933709,-4.981728462610896,True,same_as_secretion,1.0,0.038946890473224804,0.0041483446704416544,True,7.214702625331068
MIR34AHG,6.14675,3.7772500000000004,0.6145117338430879,-0.7024875363714229,0.005122234721467812,-3.036835057344482,5.00575,7.6805,1.5343355141587176,0.6176139924144413,0.0010529016033664711,4.172205136757733,True,inverse_repressor,-1.0,0.013219565885050147,0.00774310093976713,True,7.209040194102215
EIF2B4,35.6975,27.345,0.7660200294138245,-0.38454597955408615,0.0008747168545492704,-4.322233725043781,25.8625,31.717499999999998,1.226389560173997,0.2944173210025858,0.006668295278657102,2.8691818021930406,True,inverse_repressor,-1.0,0.003439046638180267,0.026965064248559174,True,7.191415527236822
ANTKMT,41.550000000000004,32.0875,0.7722623345367027,-0.3728370861949264,0.002419283128778514,-3.5451815134665585,23.48,31.6425,1.347636286201022,0.43043117983045487,0.0021244062462423352,3.6384738426290752,True,inverse_repressor,-1.0,0.00732552204221897,0.0123275311207731,True,7.183655356095634
DOCK11,2.1045,1.4965,0.7110952720361131,-0.4918852308429544,0.0014441584150635496,-3.925468281226732,5.0335,6.48575,1.2885169365252807,0.3657115003953963,0.0036921421914194435,3.252668817939648,True,inverse_repressor,-1.0,0.004965142773339693,0.018056199197384156,True,7.1781370991663795
SLC5A12,0.6223749999999999,0.8799,1.4137778670415748,0.4995554615247005,0.008228929239728903,2.7392373992635197,1.4177499999999998,0.590125,0.41624052195380007,-1.2645106733603528,0.0007612021862774621,-4.437372684018925,True,same_as_secretion,1.0,0.019189123075791285,0.006232258993380156,True,7.176610083282444
GANC,0.9089499999999999,1.55025,1.7055393586005831,0.7702280482979545,0.001243270829509368,4.041055123086503,1.9922499999999999,1.2875,0.6462542351612499,-0.6298262648739305,0.0045983329478435295,-3.106989296810421,True,same_as_secretion,1.0,0.004444800930527426,0.020948587955963324,True,7.148044419896924
MAPK8IP2,1.776,2.95775,1.6653997747747746,0.7358685339664955,0.0007955969366694018,4.40051390348983,0.594775,0.313525,0.5271321087806313,-0.9237635224030444,0.008350663569765498,-2.73028068482294,True,same_as_secretion,1.0,0.0032053459572606038,0.03184054862976911,True,7.13079458831277
ZBTB47,2.933,1.6325,0.5565973406068871,-0.8452940793231626,0.004256441919978742,-3.15780782337174,5.892499999999999,7.87575,1.3365719134493002,0.41853746300975836,0.0013654549144005445,3.968429456470646,True,inverse_repressor,-1.0,0.011406822053988347,0.009250321891829155,True,7.126237279842386
SHFL,9.80425,16.8975,1.7234872631766838,0.7853306370169125,0.0007979965956541457,4.398010711176654,2.74,1.679,0.6127737226277372,-0.706573662910859,0.008425427428591916,-2.724851673402253,True,same_as_secretion,1.0,0.003212922546552869,0.03204009050205269,True,7.122862384578907
G6PD,98.65,121.19999999999999,1.2285859097820575,0.2969987427493919,0.002066505736938563,3.658519898721378,55.309999999999995,44.085,0.7970529741457242,-0.32725248234343635,0.0027640543812708714,-3.451230472485,True,same_as_secretion,1.0,0.006510509845472035,0.01481261928017859,True,7.109750371206378
TSPAN12,2.6705,3.2685000000000004,1.2239281033514324,0.2915188129449286,0.004001778938410631,3.1987453310047425,10.8875,7.18975,0.6603673938002297,-0.598659207168038,0.0015246718010348964,-3.8841962658071525,True,same_as_secretion,1.0,0.010862305672759394,0.009899171564131814,True,7.082941596811895
BCAP29,10.87,13.59,1.250229990800368,0.32219351574008215,0.0024743408228604558,3.5291952135322373,9.559249999999999,7.534,0.7881371446504696,-0.34348139833848057,0.002428279029504596,-3.542541472422667,True,same_as_secretion,1.0,0.007444270048557324,0.013597923190250556,True,7.071736685954905
S100A10,720.675,551.8,0.7656710722586464,-0.38520334286372304,0.0019727340566729136,-3.692378309026449,826.8,1034.775,1.2515420899854863,0.32370681039679866,0.003168862050149403,3.3565560129631615,True,inverse_repressor,-1.0,0.006287760681450949,0.016303710815371825,True,7.048934321989611
PPARGC1A,0.12096,0.01389375,0.11486235119047619,-3.1220220963067202,0.0011159172361519636,-4.1259829222505,1.8335,2.6185,1.4281428961003546,0.5141403387376852,0.00616040267148554,2.9189754314226777,True,inverse_repressor,-1.0,0.004098391447410169,0.025535364307677534,True,7.044958353673177
PRKACB,2.8205000000000005,3.5795,1.269101223187378,0.34380714275386015,0.008784792911945866,2.699484056438197,6.658250000000001,4.97675,0.7474561634063004,-0.4199391238586631,0.0008587987227168892,-4.337314088229137,True,same_as_secretion,1.0,0.020221249483317563,0.006717368779330208,True,7.036798144667334
LTC4S,16.8875,10.25075,0.6070022205773501,-0.7202263006303407,0.0032513702794671325,-3.3389395742448733,2.37525,3.04075,1.2801810335754131,0.356347839736074,0.002028779049378921,3.6719278970151086,True,inverse_repressor,-1.0,0.009204590267123502,0.011974697446890396,True,7.010867471259981
GSN-AS1,0.787425,0.5182,0.6580944216909547,-0.6036335019109554,0.0014642709157152616,-3.914917001190314,5.3155,6.6375,1.248706612736337,0.3204345513489769,0.00468906653490552,3.0942147311646773,True,inverse_repressor,-1.0,0.005016613770095331,0.021250669980349468,True,7.009131732354991
ALDH1A3,1.6574999999999998,1.26975,0.7660633484162896,-0.3844643963831521,0.005445534264357572,-2.997453571126514,16.115,24.602500000000003,1.5266832143965252,0.6104007350672789,0.0013002069548921176,4.006244377499761,True,inverse_repressor,-1.0,0.013838385640290538,0.00895123583750087,True,7.003697948626275
CAMKK1,1.5015,2.1225,1.4135864135864136,0.4993600788832511,0.006363540654491449,2.898527150465958,3.68225,2.57425,0.6990970194853691,-0.5164354106491734,0.001171438599592063,-4.087663480357224,True,same_as_secretion,1.0,0.015650938597781685,0.008369543422787618,True,6.986190630823183
ABCA7,6.065,3.59775,0.5931986809563067,-0.7534127050852282,0.0009958601620018318,-4.216857321510286,5.2235,6.8709999999999996,1.315401550684407,0.3955032761325713,0.00826182991035512,2.7368022158827383,True,inverse_repressor,-1.0,0.0037708253157039177,0.03156665012456465,True,6.953659537393024
PARP2,1394.75,2098.5,1.5045707115970604,0.5893519118378335,0.0007756373500036902,4.421675658021273,1569.0,1087.75,0.6932759719566602,-0.5284983354275682,0.011838593046585162,-2.521669132124117,True,same_as_secretion,1.0,0.0031502208994353726,0.0407698134796068,True,6.94334479014539
KCNJ4,0.284475,1.215725,4.273574127779242,2.0954431470353123,0.0011117058955487852,4.128977949117376,0.23739999999999997,0.06586750000000001,0.2774536647009268,-1.8496812361731898,0.007424963411636486,-2.802367352646253,True,same_as_secretion,1.0,0.0040903679158029,0.029241600337365406,True,6.931345301763629
PARP10,18.025000000000002,28.0175,1.5543689320388347,0.636328970445676,0.0029032337471111935,3.4170040612101897,30.540000000000003,20.894999999999996,0.6841846758349703,-0.5475423034744428,0.0025392978708792123,-3.510845355228648,True,same_as_secretion,1.0,0.008440605519039886,0.014004223987037746,True,6.927849416438837
PCBP4,8.588999999999999,5.87075,0.6835196181161952,-0.5489453487856946,0.0008799679716075082,-4.317327745004845,18.89,24.9075,1.318554790894653,0.3989575218354947,0.010695821506148836,2.581521602874903,True,inverse_repressor,-1.0,0.0034538417384865397,0.03786667484226458,True,6.898849347879748
BDKRB2,2.38225,3.2030000000000003,1.3445272326582014,0.4270989764997797,0.008220226436573556,2.7398833627114523,4.81575,2.2755,0.4725120697710637,-1.081576913116702,0.001072211253584718,-4.157712639785882,True,same_as_secretion,1.0,0.019178462708975292,0.007863305990448115,True,6.897596002497334
JADE3,8.246,10.3065,1.2498787290807662,0.32178812253439615,0.021414725878317005,2.184264913759967,15.25,11.16,0.7318032786885246,-0.4504722155084234,0.0005533034599387045,-4.71059793788827,True,same_as_secretion,1.0,0.0418490891217079,0.0050485496673688965,True,6.894862851648237
EPB41L2,1.34075,1.072,0.799552489278389,-0.32273534756582745,0.005137805413540796,-3.034875102780298,1.598,2.642,1.653316645807259,0.7253630583188508,0.0015799394181818757,3.8572774135018073,True,inverse_repressor,-1.0,0.013245024118289468,0.010162069641918686,True,6.892152516282105
RPPH1,9947.0,15007.5,1.5087463556851313,0.5933502862138753,0.0008124136327288032,4.383150857121352,11209.75,7762.25,0.6924552287071523,-0.5302072994081711,0.012329158877530243,-2.4979101870975056,True,same_as_secretion,1.0,0.0032512303332200743,0.041941875520768744,True,6.881061044218858
SLC22A17,2.6430000000000002,3.5685000000000002,1.3501702610669692,0.4331413475047209,0.0010704501028469145,4.159022032213597,2.1100000000000003,1.5022499999999999,0.7119668246445496,-0.4901180770606839,0.009324414707935633,-2.66348416769525,True,same_as_secretion,1.0,0.00398340440075438,0.03439512449576018,True,6.822506199908847
LEPR,3.681,2.747,0.7462646020103232,-0.4222408393082052,0.0022621846815393896,-3.5931671077319636,5.34975,6.782,1.267722790784616,0.3422393100808567,0.0038326151185743003,3.2275969261537405,True,inverse_repressor,-1.0,0.006968564590495177,0.01850918859214725,True,6.820764033885704
107984861,8.3695,4.3919999999999995,0.5247625306171216,-0.9302633833588007,0.004742165870877589,-3.0868670774474394,4.036,6.70725,1.6618557978196236,0.7327952023271241,0.0019134448458316983,3.7147440309899427,True,inverse_repressor,-1.0,0.012458584897612614,0.011524726199707593,True,6.801611108437382
VWA5A,0.20897500000000002,0.34525000000000006,1.6521114965905013,0.7243110536763737,0.006373239567360058,2.897569186099398,7.0645,5.63275,0.7973317290678745,-0.326748013946196,0.0015183616329593123,-3.887340268068046,True,same_as_secretion,1.0,0.01567271692839477,0.009875466606802616,True,6.784909454167444
TFDP2,5.902,7.813249999999999,1.3238309047780412,0.4047188559685788,0.0020434425732473015,3.666683114051166,13.34,10.163,0.7618440779610195,-0.3924323346624704,0.004587605850528774,-3.108518308908907,True,same_as_secretion,1.0,0.006461969540638478,0.020925196303873957,True,6.775201422960073
BRICD5,15.88,10.372250000000001,0.6531643576826197,-0.614482027805104,0.002256138177021805,-3.5950889850041268,6.489,8.578,1.3219294190167976,0.4026451499524214,0.004146457648156351,3.1751399548620425,True,inverse_repressor,-1.0,0.006954660844898301,0.019512309191235498,True,6.770228939866169
MIR550A3HG,1.9512500000000002,2.624,1.3447789878283152,0.4273690877528125,0.0009239171041579064,4.277536513765892,2.64325,1.773,0.6707651565307859,-0.5761203460653654,0.013061381402535455,-2.464324064350706,True,same_as_secretion,1.0,0.00357346734161803,0.043637421961799365,True,6.741860578116597
DAGLA,1.60175,1.054625,0.6584204776026221,-0.6029188890240289,0.0012237011804675008,-4.053442146353095,5.1552500000000006,6.83675,1.3261723485766936,0.407268279431819,0.009204469406323326,2.6712821938346885,True,inverse_repressor,-1.0,0.004385814943080683,0.03408811176825246,True,6.724724340187784
C6orf132,1.9809999999999999,2.5705,1.2975769813225644,0.37582013186084046,0.004888374476753185,3.0671040247266563,11.645000000000001,8.062750000000001,0.69237870330614,-0.5303667449764845,0.002226791642415795,-3.6045005472942453,True,same_as_secretion,1.0,0.012759660621145611,0.01275032192661699,True,6.671604572020902
DGCR5,1.2505000000000002,1.755,1.4034386245501798,0.4889659730109529,0.003841527046762455,3.2260414085469487,0.43139999999999995,0.2076,0.48122392211404735,-1.055219732802573,0.0028150647832297262,-3.4384642010294084,True,same_as_secretion,1.0,0.010505642964850077,0.015016683720007046,True,6.6645056095763575
PRKAR1B,34.25750000000001,42.722500000000004,1.247099175363059,0.3185761998228463,0.0030083287981113828,3.392367796888524,10.33375,7.13825,0.690770533446232,-0.5337215524919966,0.0036206977874136894,-3.265836758563641,True,same_as_secretion,1.0,0.008667441032138132,0.017814715743106727,True,6.658204555452166
TRH-GTG1-8,425.075,270.425,0.6361818502617186,-0.6524888813106591,0.0028930390729157824,-3.419447441020758,173.875,302.525,1.739899352983465,0.7990038536882033,0.003826743322586486,3.228624040144175,True,inverse_repressor,-1.0,0.008421083497617778,0.01848563911475246,True,6.6480714811649335
SDR9C7,0.0456675,0.80945,17.724859035419062,4.14770224874366,0.004931362337329161,3.0614195325889373,0.5771,0.21744249999999998,0.3767847859989603,-1.4081873826091267,0.002358315466496231,-3.5633724322072178,True,same_as_secretion,1.0,0.012839381273396691,0.013342949389813686,True,6.624791964796155
PCDHA13,1.3665,1.9815,1.4500548847420416,0.5361075074447768,0.005552565019154664,2.9849914333295615,1.3165,0.8331999999999999,0.6328902392707937,-0.6599727768927786,0.002190524854653966,-3.6163278866761783,True,same_as_secretion,1.0,0.014060490909679932,0.012600946724309016,True,6.601319320005739
ZNF713,3.24675,4.0805,1.2567952567952567,0.3297496409557002,0.011983077367405595,2.5145600604213563,4.74575,3.0455,0.6417320760680609,-0.6399569987946441,0.0011996818569692453,-4.068958436692688,True,same_as_secretion,1.0,0.02601283184888409,0.008509126203996149,True,6.583518497114044
CAPN1,110.41,87.0075,0.7880400326057422,-0.34365917412097224,0.0059542786427373585,-2.940511205464144,66.045,86.02000000000001,1.3024453024453027,0.3812227862866003,0.002116648478094661,3.6411234630171916,True,inverse_repressor,-1.0,0.014858889949870988,0.012297021578540054,True,6.581634668481335
FBXL6,40.835,29.205,0.7151952981510958,-0.48359084292484883,0.006663812850096969,-2.86960246985845,35.08,48.247499999999995,1.3753563283922463,0.45980544162306175,0.00192946613378687,3.708623430184901,True,inverse_repressor,-1.0,0.016245285652284443,0.01156993713733178,True,6.578225900043351
DENND2B,0.78745,1.24725,1.583910089529494,0.6634904433269695,0.002526776094848786,3.5143409543425754,1.6095000000000002,1.008775,0.6267629698664181,-0.6740081492316452,0.005328231668572162,-3.0114314160637163,True,same_as_secretion,1.0,0.007557942220561713,0.023236245620882216,True,6.525772370406292
FOXO3B,3.7142500000000003,4.507,1.2134347445648515,0.27909652610417757,0.010543121250155404,2.59005303329736,5.81075,4.52525,0.7787721034289894,-0.3607268890077385,0.0014375038221722774,-3.92899629106583,True,same_as_secretion,1.0,0.02353350384591125,0.009530557998658384,True,6.5190493243631895
LZTS3,1.1233,1.51475,1.348482150805662,0.43133642545591844,0.005406978479900028,3.0020103071836703,11.339,8.52575,0.7518961107681453,-0.4113947559014567,0.0025693223833315715,-3.5025426494913217,True,same_as_secretion,1.0,0.013760897988995416,0.014123667062191815,True,6.504552956674992
FTH1,414.17499999999995,535.2750000000001,1.2923884831291124,0.3700397994743884,0.002188726613830418,3.616920103902287,464.425,364.79999999999995,0.7854874306938686,-0.3483399050721672,0.0073945289325683585,-2.804905153097056,True,same_as_secretion,1.0,0.006800947873530294,0.02915884641088593,True,6.421825256999343
GOLGA2P10,12.235,9.342749999999999,0.7636085002043318,-0.389094932514316,0.005007838150917695,-3.051443117651983,14.3425,18.4525,1.2865609203416422,0.36351977218551224,0.003168688694507719,3.3565935702349257,True,inverse_repressor,-1.0,0.012985164549263547,0.016303710815371825,True,6.408036687886909
GJB5,0.0816,0.4598749999999999,5.6357230392156845,2.4946007138888406,0.0023779264139280024,3.557463472742159,1.3391,0.53485,0.39941005152714515,-1.3240574548799011,0.006877178586614459,-2.8499217025941395,True,same_as_secretion,1.0,0.007233898358491002,0.02761131441618246,True,6.407385175336298
RELL2,11.817499999999999,6.05925,0.5127353501163529,-0.9637137283020278,0.001264436859241123,-4.027905676832302,8.868749999999999,11.594999999999999,1.307399577167019,0.38670013569808986,0.015142911703909237,2.379142776931031,True,inverse_repressor,-1.0,0.0045022680803927925,0.04849753836320983,True,6.407048453763332
NCK1,12.715,15.415,1.212347620920173,0.27780342741706876,0.002719943138375424,3.462487114153364,16.354999999999997,12.7875,0.781870987465607,-0.354997519450087,0.006110456018943313,-2.9241189345891905,True,same_as_secretion,1.0,0.008027117631356205,0.02538936178468525,True,6.386606048742554
PCDHGB1,0.370925,0.7311,1.9710183999460806,0.9789412443606267,0.002470057644843526,3.5304243232953976,5.66225,4.185499999999999,0.739193783389995,-0.43597547112870905,0.0070016533017336355,-2.838752979456445,True,same_as_secretion,1.0,0.007433792610550963,0.027958097232404062,True,6.369177302751842
ANG,0.545625,0.9875499999999999,1.8099427262313859,0.8559440454359465,0.00591691345395756,2.944504499534935,3.1715,2.01325,0.6347942613905093,-0.6556390087761381,0.002872092793758369,-3.424498406293217,True,same_as_secretion,1.0,0.014775573685655989,0.015211606128721949,True,6.369002905828152
LOC107987266,2.98825,1.9602499999999998,0.6559859449510583,-0.6082631906638715,0.010170833226345164,-2.6114406365662592,0.828575,1.3,1.5689587544881274,0.649807426571419,0.0018231227095367357,3.7503766575392508,True,inverse_repressor,-1.0,0.02284254985244356,0.011121407882190421,True,6.36181729410551
FHIP1A,2.281,3.1682500000000005,1.388974134151688,0.4740197333160332,0.005170698175847036,3.0307565845155096,4.96275,3.9405,0.7940154148405623,-0.3327610790831555,0.0033047998461370816,-3.327799195280144,True,same_as_secretion,1.0,0.013313185583375433,0.016734886376580167,True,6.358555779795653
CHST14,10.65975,8.1205,0.7617908487534886,-0.3925331376992348,0.008011619833147639,-2.755599376292495,16.7975,22.505,1.3397827057597858,0.4219990344567682,0.0022631892893862373,3.592848358660642,True,inverse_repressor,-1.0,0.01880042571486396,0.01291492375986879,True,6.348447734953137
DBNDD1,45.345,35.6125,0.7853677362443489,-0.34855976313764997,0.0017397778793420313,-3.7850850539985954,15.6425,19.3575,1.2374940067124822,0.30742153811578804,0.011678955374557251,2.529636247641653,True,inverse_repressor,-1.0,0.005704738732386046,0.040347259972121595,True,6.314721301640248
FAM117B,4.31,5.473750000000001,1.2700116009280746,0.3448416753635533,0.009988381061301566,2.6222418445396722,1.777,1.057375,0.5950337647720878,-0.7489565594295543,0.001984246555133802,-3.6881240387443515,True,same_as_secretion,1.0,0.022503548644419894,0.011790551770329463,True,6.310365883284024
PRSS27,2.69725,1.25625,0.4657521549726574,-1.1023656505488475,0.0016595133521258775,-3.820347457027855,4.875249999999999,7.0645,1.4490538946720681,0.5351112540598943,0.013055060688178495,2.4646050132869703,True,inverse_repressor,-1.0,0.005500803897826744,0.04362610517202187,True,6.284952470314826
101927673,3.4825,1.7439999999999998,0.5007896625987077,-0.9977233127116892,0.013136965667099536,-2.4609760030420667,7.6857500000000005,11.201749999999999,1.4574699931691764,0.5434661810918712,0.0016667011755442155,3.8171112906548625,True,inverse_repressor,-1.0,0.028064923547212524,0.010534027953941639,True,6.278087293696929
DISP1,1.78975,1.43125,0.7996926945104065,-0.3224823864870548,0.0233634059025924,-2.136254128766724,4.4295,5.597249999999999,1.26363020656959,0.33757432965174294,0.0011196712462093724,4.1233240037654495,True,inverse_repressor,-1.0,0.045017649082207976,0.008083403400612104,True,6.259578132532173
WDR90,10.347999999999999,5.772,0.5577889447236182,-0.8422087541935427,0.0027353462882275135,-3.4585330764952147,17.014999999999997,20.4375,1.2011460476050546,0.26441157930779907,0.007448120952919562,2.800444113029628,True,inverse_repressor,-1.0,0.008059765983195287,0.029314149634328813,True,6.258977189524843
MAP1A,0.23065000000000002,0.45687500000000003,1.980815087795361,0.9860942086615062,0.0037129819798647538,3.2488819390561687,1.377,0.9528249999999999,0.691957153231663,-0.5312453875657962,0.00560516753043419,-2.9789650575775344,True,same_as_secretion,1.0,0.010223363342839355,0.023971063075226274,True,6.227846996633703
PCDHGB2,0.2187,0.371975,1.700845907636031,0.7662524423773597,0.014875754900689582,2.389329038437158,3.4055,1.43775,0.42218470121861695,-1.2440537944494088,0.0016340157902891396,-3.831957245019521,True,same_as_secretion,1.0,0.031082242911095403,0.010394669136649206,True,6.2212862834566796
LGMN,21.1825,25.667499999999997,1.2117313820370588,0.27706991601027153,0.011110463067852423,2.5590197495959117,35.66,28.425,0.797111609646663,-0.32714635384538443,0.0020775749554516327,-3.654638621499321,True,same_as_secretion,1.0,0.02451113089069165,0.012124429093744239,True,6.213658371095233
CDC42EP1,18.2975,22.2475,1.2158764858587239,0.2819966808459531,0.014564152826698833,2.4014672633658907,33.6325,26.089999999999996,0.7757377536608934,-0.366359078347232,0.0016811225906062726,-3.810666001764472,True,same_as_secretion,1.0,0.030572208211504706,0.010578368480165325,True,6.212133265130363
ITGA2B,2.986,4.5205,1.5138981915606162,0.5982681885011607,0.015849460361733438,2.353127707498138,0.605225,0.1938275,0.3202569292411913,-1.6426983091018446,0.0015978605405897119,-3.8487782746097365,True,same_as_secretion,1.0,0.032714785443391625,0.010241861366313552,True,6.201905982107874
MIR23AHG,18.634999999999998,12.15775,0.6524148108398177,-0.6161385610248484,0.020383557714865403,-2.211634373005022,2.59375,3.39975,1.3107469879518072,0.39038923059812963,0.0013380246978994218,3.9840702818088363,True,inverse_repressor,-1.0,0.040155132952189226,0.009101018540400865,True,6.195704654813858
TRW-CCA1-1,30.240000000000002,11.17675,0.3696015211640211,-1.4359574004405522,0.0022943137711821217,-3.5830517502097807,5.9967500000000005,12.315249999999999,2.053654062617251,1.0381931805951023,0.01032302883118756,2.6025938387906145,True,inverse_repressor,-1.0,0.007038346673894072,0.03695710456176268,True,6.185645589000395
DUSP19,1.186125,1.8162500000000001,1.5312467067130362,0.6147067412816538,0.0022185791521501944,3.607159559892979,1.8452499999999998,1.26525,0.6856794472293728,-0.5443938158287587,0.011312463877373091,-2.5483921448013422,True,same_as_secretion,1.0,0.006864612859159147,0.039477756387697974,True,6.155551704694322
HBA2,9.57375,13.3925,1.3988771380075726,0.48426925759136424,0.011347397398350447,2.5465755560570926,0.7552750000000001,0.30645,0.40574625136539666,-1.3013503289164194,0.0022244302386659615,-3.605263972991737,True,same_as_secretion,1.0,0.024931215386330825,0.012744660629987116,True,6.1518395290488295
LRRIQ3,0.32915000000000005,0.553625,1.6819838979188817,0.7501638943541913,0.003585784123143157,3.272378814329303,1.2915,0.776025,0.6008710801393727,-0.7348726081021968,0.0065912748378958875,-2.876454374709624,True,same_as_secretion,1.0,0.009935008263599714,0.026758500757518306,True,6.1488331890389265
LCAT,4.115,1.7839999999999998,0.4335358444714459,-1.2057768153886834,0.004349256244915444,-3.143569416649544,11.4725,15.26,1.3301372848115058,0.4115751554222581,0.005917955362750772,2.9443927659549427,True,inverse_repressor,-1.0,0.011604925603643231,0.024822794924535596,True,6.087962182604487
FBXL19-AS1,2.589,1.68625,0.6513132483584396,-0.6185765220644811,0.005575504494347674,-2.9823555444482737,2.606,3.35175,1.2861665387567154,0.36307746154803183,0.004715285589716203,3.0905750226169153,True,inverse_repressor,-1.0,0.01410319342808091,0.021312552796333446,True,6.072930567065189
RESF1,10.523,13.545,1.2871804618454814,0.36421433262477276,0.0021255265547085876,3.6380921159731097,9.006,7.15625,0.7946091494559182,-0.33168268958281377,0.01465875698753785,-2.3977520524865947,True,same_as_secretion,1.0,0.006653557416450398,0.04732240238205674,True,6.035844168459704
KIZ,5.5985000000000005,6.7965,1.2139858890774313,0.2797516523379713,0.009230576154816164,2.669575329000875,7.1785,5.28175,0.7357734902834854,-0.44266639754566356,0.003170690315488991,-3.3561600630625694,True,same_as_secretion,1.0,0.02104648435888769,0.016303710815371825,True,6.025735392063444
SMOX,1.66025,2.9755,1.7921999698840534,0.8417316192395963,0.010714814135926296,2.5804699265383504,0.13232500000000003,0.0292475,0.22102777252975622,-2.1777004367024024,0.0028973666466684473,-3.4184090534685327,True,same_as_secretion,1.0,0.023825096837506336,0.01529312145025196,True,5.998878980006883
ENTREP1,1.046875,0.65785,0.6283940298507463,-0.6702586207250757,0.007563831180211248,-2.7909333197064745,0.025572499999999998,0.1140725,4.460748851305113,2.157285923906957,0.004050213077691306,3.190737309307096,True,inverse_repressor,-1.0,0.017956121348164492,0.01917403629745807,True,5.98167062901357
RSPH1,4.2642500000000005,5.5085,1.2917863633698772,0.369367495734905,0.004850771444106044,3.0721227228308234,11.028500000000001,6.522500000000001,0.5914222242372036,-0.7577396373703293,0.006271321778262963,-2.9077181220113553,True,same_as_secretion,1.0,0.012681117125947505,0.025820881175291563,True,5.979840844842179
RNU6ATAC,149.3,103.1975,0.6912089752176825,-0.5328061441423839,0.0026052391235977883,-3.492753833433105,33.8825,63.379999999999995,1.8705821589316016,0.9034873327318984,0.012655894005184049,2.4826583424152706,True,inverse_repressor,-1.0,0.007748948468058198,0.04268640785669761,True,5.975412175848376
MIR663A,21.3175,8.896,0.41730972205934097,-1.2608095634463325,0.0024980544807253246,-3.522433658126871,14.956,33.3725,2.231378710885264,1.157935389399554,0.013366321425467231,2.450945148538293,True,inverse_repressor,-1.0,0.007498060718460303,0.04435292904350779,True,5.973378806665164
CDK18,10.70925,14.215,1.3273571912132034,0.4085566515293568,0.020728392672269717,2.202316974711106,2.823,1.529,0.5416223875309953,-0.8846407220888884,0.0018947828488443256,-3.7219473430065517,True,same_as_secretion,1.0,0.04074799105773622,0.011442023648842368,True,5.9242643177176575
MTMR9LP,5.3865,2.858,0.5305857235681798,-0.9143422372899976,0.0069357738387885864,-2.84463622814832,1.1893500000000001,1.69375,1.424097195947366,0.5100476149320763,0.004823523185148936,3.075786826307079,True,inverse_repressor,-1.0,0.016769835756064604,0.02165047184554764,True,5.9204230544554
PCDH18,0.1068025,0.04820000000000001,0.45130029727768556,-1.1478403660136705,0.01222037819855428,-2.5030873367177837,1.41675,1.8930000000000002,1.3361566966649023,0.4180892085941796,0.002914762376411395,3.414252642383334,True,inverse_repressor,-1.0,0.0264290941962444,0.015345682610599149,True,5.917339979101118
PARP8,2.157,2.5915,1.2014371812702827,0.2647612172242451,0.02176445494278821,2.1753070508492085,0.17054999999999998,0.037175,0.2179712694224568,-2.1977901075609854,0.0019442073285267758,-3.703042680746206,True,same_as_secretion,1.0,0.042416473953886896,0.011627048593692013,True,5.8783497315954145
AK7,0.429225,0.7710000000000001,1.7962607024287962,0.8449967525322716,0.010058570782938184,2.6180608762164077,3.247,1.7974999999999999,0.5535879273175238,-0.853115613959428,0.003655164296806226,-3.2594479626797073,True,same_as_secretion,1.0,0.022631479567233628,0.017936772153117023,True,5.877508838896115
GSN,16.2675,12.337499999999999,0.7584140156754264,-0.39894246904967023,0.005731029357824108,-2.964799582789017,118.07499999999999,145.275,1.2303620580139742,0.2990829191738448,0.006409391148533762,2.8940128079765133,True,inverse_repressor,-1.0,0.014412172825763254,0.026232308626211908,True,5.8588123907655305
CLDND1,21.325,27.02,1.2670574443141853,0.3414819331200321,0.0038679710048790104,3.2214496396773815,18.295,13.05,0.713309647444657,-0.4873996088818404,0.010164014721565156,-2.611840413222739,True,same_as_secretion,1.0,0.01056862177598563,0.03651297917677372,True,5.833290052900121
SNORD35A,132.775,95.78,0.7213707399736395,-0.47118718874418647,0.014785092127538767,-2.392831666333917,32.9775,49.48,1.5004169509514063,0.5853634670425664,0.002847471136449865,3.4304892336806585,True,inverse_repressor,-1.0,0.03093806352448359,0.01513261131881935,True,5.823320900014576
TICAM2,2.72525,3.4325,1.259517475460967,0.33287113921067774,0.011129789185192116,2.5579937489654507,2.06475,1.227,0.5942608063930258,-0.7508318616538123,0.0036647766162682715,-3.257678319408633,True,same_as_secretion,1.0,0.02454453721421156,0.017974441887872564,True,5.815672068374084
CHST8,1.6037500000000002,2.295,1.4310210444271236,0.5170448883241252,0.004267646191391146,3.15607054050604,0.218025,0.063225,0.2899896800825594,-1.785926535194155,0.00967633459705037,-2.6412327729409486,True,same_as_secretion,1.0,0.011430249838156959,0.03527284199698239,True,5.797303313446989
SNORD140,129.925,97.30499999999999,0.7489320761978063,-0.41709321435575614,0.004768918510056327,-3.0832001342208457,270.575,334.0,1.2344082047491454,0.303819556223785,0.008608287041572946,2.711796237865471,True,inverse_repressor,-1.0,0.012511168100202872,0.03250910760117308,True,5.794996372086317
PODXL2,6.8782499999999995,9.80925,1.4261258314251446,0.512101280774827,0.002940464077721754,3.408162767548928,24.7725,19.0825,0.7703098193561408,-0.376489279015195,0.015323190428311487,-2.3723800719602233,True,same_as_secretion,1.0,0.008520829815732716,0.04888100379029651,True,5.780542839509151
OAF,3.93475,6.21225,1.5788169515216977,0.6588439144278944,0.004984960012449306,3.054409566905437,2.594,1.535,0.5917501927525057,-0.7569398239941578,0.008409337913706984,-2.726015476956997,True,same_as_secretion,1.0,0.012946254891072892,0.03201824804585298,True,5.780425043862434
OVGP1,1.6687500000000002,2.18075,1.306816479400749,0.3860565528789971,0.01751406291562364,2.2965587890979484,4.30625,2.22825,0.5174455732946299,-0.9505209719224453,0.0026974439297160237,-3.46830854542236,True,same_as_secretion,1.0,0.0355158495446342,0.014580724354241766,True,5.764867334520309
CASC9,5.295999999999999,7.0264999999999995,1.3267560422960725,0.40790311906852467,0.005291983538140801,3.015820744140075,2.97925,2.23975,0.7517831669044223,-0.41161148237340855,0.008979951767574643,-2.686187252244373,True,same_as_secretion,1.0,0.013541307897044235,0.03352407003861953,True,5.702007996384448
ACOT4,15.3325,11.8575,0.7733572476765042,-0.3707930825611642,0.005052025320869303,-3.0457565446670487,58.8375,76.4125,1.2987040577862756,0.377072714075592,0.009492253042764805,2.652757661444147,True,inverse_repressor,-1.0,0.01306378752029273,0.0348405104936467,True,5.698514206111195
SNORA71C,44.855000000000004,57.105,1.2731022182588339,0.3483482588737754,0.019057562028875746,2.2491367631785653,49.78,25.310000000000002,0.508437123342708,-0.9758587228703515,0.0027849882077746056,-3.4459593866804474,True,same_as_secretion,1.0,0.03805978375071991,0.01490452707073005,True,5.695096149859013
DNAI4,1.643,2.02,1.2294583079732198,0.29802281268908276,0.01661608203594301,2.3263037851219406,1.7615000000000003,0.970075,0.5507096224808401,-0.8606362781470612,0.003122221737951132,-3.366745229370537,True,same_as_secretion,1.0,0.034033093682486845,0.016158454696771064,True,5.693049014492478
SYT10,1.197825,0.7297,0.6091874856510759,-0.715041789592975,0.0038670440661312507,-3.2216099952551485,0.0070325,0.04648000000000001,6.6093138997511565,2.7245005160898295,0.01309423663907918,2.4628660972573666,True,inverse_repressor,-1.0,0.010567644041794142,0.04371572818249934,True,5.684476092512515
FBLN5,0.08982499999999999,0.44919999999999993,5.000834956860562,2.3221689923984368,0.003505103568085212,3.287775754999831,1.112925,0.5826250000000001,0.52350787339668,-0.9337168598804142,0.01499358355768602,-2.384811823662232,True,same_as_secretion,1.0,0.00976622446878612,0.048118882316396765,True,5.672587578662063
RAB7A,46.177499999999995,56.962500000000006,1.2335553029072603,0.30282239617435847,0.007476321887899786,2.7981110134363085,77.4025,59.7425,0.7718419947676108,-0.37362255399503297,0.006912957898733926,-2.8466883415095716,True,same_as_secretion,1.0,0.017803003479919356,0.027693411554400308,True,5.64479935494588
TUB,1.2432500000000002,2.0477499999999997,1.6470943092700578,0.7199231632129638,0.0042876525862898815,3.152981179003196,0.9527,0.673775,0.707226829012281,-0.4997550897440008,0.013018804802000591,-2.466219453782308,True,same_as_secretion,1.0,0.011470598022592825,0.04357357360640753,True,5.619200632785503
107986488,1.3752499999999999,0.8666500000000001,0.6301763315760772,-0.6661725248528425,0.015286050491610234,-2.373766105376163,0.65395,0.970275,1.4837143512500954,0.5692133670920878,0.0037619234662616924,3.240082091021295,True,inverse_repressor,-1.0,0.03184279465769693,0.018281904434706456,True,5.613848196397458
VEGFC,2.2712499999999998,1.4747500000000002,0.6493120528343425,-0.6230161052928775,0.0048468308190614175,-3.0726511897713022,1.047025,1.4260000000000002,1.3619541080680977,0.44567809161869065,0.013129935082121376,2.4612865303169253,True,inverse_repressor,-1.0,0.012674071703271738,0.04378767322915083,True,5.533937720088227
KCNH3,1.8780000000000001,2.633,1.4020234291799787,0.4875104583922883,0.007553047158865953,2.7918128263793274,1.4605,0.98175,0.672201300924341,-0.5730347601627817,0.008562840656486269,-2.7150118863258097,True,same_as_secretion,1.0,0.017939494558196465,0.03239017888577989,True,5.5068247127051375
TRL-CAG2-2,39.07000000000001,15.177500000000002,0.3884694138725365,-1.364127082332919,0.007421067109505203,-2.8026915996381274,7.75225,27.3875,3.532845302976555,1.820830577557228,0.009257221272875864,2.6678387914363344,True,inverse_repressor,-1.0,0.017701952706183702,0.03420842623204615,True,5.470530391074462
C1S,0.2093,0.7616,3.638795986622074,1.8634611670522345,0.005234669362476439,3.022830331656419,0.45139999999999997,0.07410749999999999,0.16417257421355783,-2.6067149565099967,0.013454942595903047,-2.4471200559773583,True,same_as_secretion,1.0,0.01344619939020957,0.044554008429816244,True,5.469950387633777
SNHG19,229.0,175.42499999999998,0.7660480349344977,-0.38449323591072276,0.019868464473280122,-2.2258771989037682,90.70250000000001,134.65,1.4845235798351752,0.5700000089467306,0.00389026674727931,3.2176055973549067,True,inverse_repressor,-1.0,0.039328165100132026,0.018685556965915548,True,5.4434827962586745
F3,1.4064999999999999,2.14525,1.5252399573409172,0.6090362315493973,0.006519887941866913,2.88328041442465,10.331,7.831250000000001,0.758034072209854,-0.39966539859727346,0.01159106011222713,-2.534074478114955,True,same_as_secretion,1.0,0.015959372421899116,0.04014818041856847,True,5.417354892539605
TRQ-CTG6-1,182.225,125.525,0.6888462066127041,-0.5377461754174617,0.005393066082052933,-3.003663512270495,66.1825,121.84249999999999,1.8410078192875756,0.880495754239939,0.014759607136991197,2.393820498643446,True,inverse_repressor,-1.0,0.013733385090186631,0.047573536699668385,True,5.39748401091394
ANO8,7.554250000000001,5.19775,0.6880563920971638,-0.5394012839354273,0.005488273920215567,-2.992444486268321,5.589,6.844250000000001,1.224592950438361,0.2923022831277555,0.014544365015373135,2.4022477113322984,True,inverse_repressor,-1.0,0.013922371369464873,0.047077817920055415,True,5.3946921976006195
CCN1,6.0735,4.04025,0.6652259817238825,-0.588083577837362,0.017638311687621415,-2.2925751240026067,21.5975,27.244999999999997,1.2614885982173862,0.33512716678225046,0.0049870904163530905,3.054132686872329,True,inverse_repressor,-1.0,0.03571394856322175,0.02214377856079879,True,5.3467078108749355
TRM-CAT4-3,24.0075,13.0425,0.5432677288347392,-0.8802647442389939,0.0065602728086357615,-2.8794085879091504,1.7875,4.80625,2.6888111888111887,1.426968451183437,0.01314224320581909,2.4607430248738527,True,inverse_repressor,-1.0,0.01603708606945201,0.043812982780763864,True,5.3401516127830035
EMID1,2.0380000000000003,2.521,1.2369970559371932,0.30684206669272585,0.01004234541984272,2.6190244830070886,3.06675,2.2375,0.7295997391375234,-0.4548228812085408,0.008493914169876967,-2.719925363577015,True,same_as_secretion,1.0,0.022597711112585975,0.03221780881878466,True,5.338949846584104
SNORD159,63.5325,29.655,0.46676897650808646,-1.099219418429266,0.006563839166128144,-2.879067952037787,26.9675,53.802499999999995,1.995086678409196,0.9964514270464139,0.013455699244677122,2.447087517021021,True,inverse_repressor,-1.0,0.016041580610138655,0.044554008429816244,True,5.326155469058808
SEMA4F,1.047725,1.27025,1.2123887470471737,0.277852366724669,0.010366358279284253,2.600101635756218,1.59725,1.2765,0.799186101111285,-0.32339660188739394,0.008520895911066589,-2.7179966788953442,True,same_as_secretion,1.0,0.023208693861590222,0.03230242108872608,True,5.318098314651563
TRY-GTA5-1,54.55499999999999,31.497499999999995,0.5773531298689396,-0.7924741020524272,0.017793032172094925,-2.2876572148467678,5.4965,9.149000000000001,1.6645137814973165,0.7351008154559622,0.005222858532965407,3.024285518749654,True,inverse_repressor,-1.0,0.03595590536550557,0.022927484656887622,True,5.311942733596421
ARMC3,0.097825,0.2758,2.8193202146690517,1.4953473466131861,0.02278935304108908,2.149931071565666,1.48875,0.621825,0.41768261964735515,-1.2595209826776688,0.004273001435531448,-3.155241994473737,True,same_as_secretion,1.0,0.044103751601874214,0.01989602900109916,True,5.305173066039403
B4GALNT3,2.24525,2.8072500000000002,1.250306201981962,0.3222814564738314,0.01532281401028327,2.372394101056658,1.1591750000000003,0.6839250000000001,0.5900101365195074,-0.7611883543437252,0.006033339166465523,-2.9321536422664387,True,same_as_secretion,1.0,0.03190863893203432,0.0251590107752298,True,5.304547743323097
LOC105376398,1.039975,0.2389,0.22971706050626214,-2.122070088873397,0.00888864931030641,-2.6923675355328935,0.5842999999999999,1.4100000000000001,2.413143932911176,1.27091396822848,0.011665222187787486,2.5303272576595917,True,inverse_repressor,-1.0,0.020424864378552125,0.04032232144546274,True,5.222694793192485
ZNF10,1.9745,2.9127499999999995,1.4751835907824764,0.5608945131382862,0.0076153365341111836,2.786751940845243,4.7330000000000005,3.6837500000000003,0.7783118529473906,-0.3615797667270012,0.014265889403237787,-2.4133566557955115,True,same_as_secretion,1.0,0.018053004481285658,0.04646611126622039,True,5.200108596640755
SIRPA,0.30705,0.5836250000000001,1.9007490636704123,0.9265680803849848,0.011716366552193252,2.527758387583411,4.706,3.67175,0.780227369315767,-0.35803348785586486,0.009225530851062176,-2.669904773263349,True,same_as_secretion,1.0,0.025577381907791734,0.03411168506040892,True,5.19766316084676
PPP1R14B-AS1,13.8275,9.899,0.71589224371723,-0.48218564588119406,0.011332298248010644,-2.5473599708203882,22.075000000000003,29.792500000000004,1.34960362400906,0.4325357527251343,0.009654491057195754,2.642587548743644,True,inverse_repressor,-1.0,0.024905840474293957,0.03523471785398349,True,5.189947519564033
TRM-CAT4-1,22.945,13.0425,0.5684244933536718,-0.8149593733845291,0.009294043292227513,-2.665448121254786,1.7875,4.796749999999999,2.683496503496503,1.4241140083302648,0.012136103903135752,2.5071333038120924,True,inverse_repressor,-1.0,0.02117559385194757,0.041478982767776146,True,5.172581425066879
MLF1-DT,2.6617499999999996,3.4725,1.3045928430543818,0.38359961908665446,0.01008501351550231,2.6164941619782134,4.518000000000001,3.51275,0.7775011066843736,-0.36308336613039704,0.011341240403384521,-2.5468952780037,True,same_as_secretion,1.0,0.02268272964745184,0.03955371861953487,True,5.163389439981914
CFAP73,6.031499999999999,7.4857499999999995,1.2411091768216862,0.31163003080366186,0.01628371660296165,2.337762819042585,6.2095,4.6985,0.7566631773894839,-0.4022768560346946,0.007164595261859997,-2.824463536598514,True,same_as_secretion,1.0,0.03345566868780647,0.028444369995831494,True,5.162226355641099
PUS1-AS1,0.51055,1.3295,2.6040544510821664,1.3807596157404516,0.013157848240062584,2.4600547404398823,1.8844999999999998,1.085975,0.5762669143008756,-0.795190903454073,0.00978627084666637,-2.634465509298291,True,same_as_secretion,1.0,0.028086916193783437,0.035589749970965104,True,5.094520249738173
SNORD167,14.780000000000001,6.9875,0.4727672530446549,-1.0807979864155985,0.0160496910217089,-2.34598644307429,22.6625,31.942500000000003,1.4094870380584668,0.49517021063997346,0.008622218370451728,2.7108142832814597,True,inverse_repressor,-1.0,0.03302235042461081,0.03254186441482076,True,5.05680072635575
ATPAF2,9.66725,7.6819999999999995,0.7946417026558742,-0.3316235870942598,0.01756839322230767,-2.2948130548318106,5.730499999999999,6.94325,1.2116307477532502,0.27695009522039227,0.00796813230741082,2.758933105941096,True,inverse_repressor,-1.0,0.03559880988051409,0.03079938568199657,True,5.053746160772906
TRS-AGA2-2,17.1525,7.7205,0.45010931351115,-1.1516526780925003,0.009515496916397697,-2.651288783922461,5.306000000000001,11.5435,2.175555974368639,1.1213841361177868,0.015410615119395154,2.369131974048945,True,inverse_repressor,-1.0,0.021608568208461396,0.04906534415924505,True,5.020420757971406
SHANK3,1.1905000000000001,1.617,1.358252834943301,0.4417520582033274,0.020501185243443208,2.208436906602103,0.0921725,0.023579999999999997,0.25582467655754154,-1.9667726632317983,0.007567139202478908,-2.790663809577038,True,same_as_secretion,1.0,0.040365444680892475,0.029675651077261004,True,4.999100716179141
PRICKLE1,0.7530999999999999,0.47572500000000006,0.6316890187226134,-0.6627136022513311,0.019917288026977304,-2.2245099947701172,0.9745249999999999,1.6075,1.6495215617865115,0.7220476362715392,0.008197634721108297,2.7415637907679384,True,inverse_repressor,-1.0,0.03939960811472692,0.031411861150693346,True,4.966073785538056
DDX11L10,0.79145,0.47354999999999997,0.5983321751216122,-0.740981449343454,0.012161577403483738,-2.505907067065546,0.748825,0.91585,1.2230494441291357,0.29048272876963555,0.01323660871524258,2.4565945751911,True,inverse_repressor,-1.0,0.02631725099700379,0.044056387745714194,True,4.962501642256646
LOC107985361,2.0292499999999998,2.92625,1.4420352346926206,0.5281064158237286,0.01921038830640351,2.2446714839924478,10.965000000000002,8.278,0.7549475604195166,-0.4055516583306653,0.008985040002061425,-2.6858448874496275,True,same_as_secretion,1.0,0.0382990874448794,0.033536323175533386,True,4.930516371442075
HBA1,12.8925,18.22,1.413224743067675,0.4989909136028335,0.014685413936971444,2.396709967800954,0.9889,0.42460000000000003,0.42936596218020023,-1.2197202682463668,0.013784937333653846,-2.4331171453447196,True,same_as_secretion,1.0,0.030781420282947305,0.045353030005070565,True,4.829827113145674
NAP1L2,1.9665,3.0452500000000002,1.5485634375794561,0.6309304848573685,0.015505724586629554,2.36562128278783,1.010475,0.493575,0.48845839827803755,-1.0336924009716342,0.013472733290124663,-2.4463555177474254,True,same_as_secretion,1.0,0.03217767097106886,0.0445762958521069,True,4.8119768005352554
LOC105376156,1.2725,1.6544999999999999,1.3001964636542238,0.37872963534948095,0.019640745255155953,2.2323028172621964,0.848375,0.6663749999999999,0.7854722263150139,-0.34836783103688096,0.011262464885539253,-2.5510029927926667,True,same_as_secretion,1.0,0.03898546217455809,0.039369862661818224,True,4.783305810054863
DCP1B,3.5852500000000003,4.3702499999999995,1.2189526532319919,0.28564208963820265,0.023807999399267296,2.125909989351714,4.0385,3.11075,0.7702736164417482,-0.37655708419063183,0.009601158914009264,-2.645909662186619,True,same_as_secretion,1.0,0.04573194795127697,0.03508835266172762,True,4.771819651538333
KLRG2,1.3352499999999998,2.13975,1.6025088934656433,0.6803323634107413,0.020331458893303348,2.2130570090431796,6.57175,5.0485,0.7682124243922851,-0.3804227979486283,0.015165962524417485,-2.3782731619640596,True,same_as_secretion,1.0,0.040078010635854554,0.048529511996537704,True,4.59133017100724
MIR3648-2,239.95,142.7175,0.5947801625338612,-0.7495715643283738,0.021730707863927112,-2.176164585254705,45.695,72.365,1.5836524783893204,0.6632557806756365,0.014610653055395852,2.3996378393080566,True,inverse_repressor,-1.0,0.04236849163431988,0.0472399260865285,True,4.575802424562761
COPZ2,5.282,4.021750000000001,0.7614066641423705,-0.3932608978751893,0.02259012870168635,-2.1547653308775687,3.89325,5.47675,1.4067295960958068,0.4923450379823726,0.015265497874452954,2.3745347049521897,True,inverse_repressor,-1.0,0.04377294165309547,0.04875559512052234,True,4.529300035829758
