,Cancer Cells,Macrophages,CD4 T Cells,CD8 T Cells,B Cells,Endothelial Cells,Fibroblasts,Unknown
AACACGTGCATCGCAC-1,0.06884321319479073,0.0688432436907778,0.47937053755656844,7.620357602268784e-10,0.4405411523208684,7.896331449077906e-10,0.142401850855461,1.0463651130728588e-10
AACACTTGGCAAGGAA-1,0.07167173558649849,7.973431702808306e-11,0.3755387265766921,1.59960864495076e-06,0.28002102067275425,0.012824835157646989,0.15994208229354437,7.713193138908754e-11
AACAGGATTCATAGTT-1,0.006277322624282705,8.886895719929077e-13,0.2553085595922217,8.929192260961926e-13,0.3869364681162119,8.993426234511067e-13,0.2514776496670218,8.762002613390597e-13
AACAGGTTATTGCACC-1,0.15616741935105694,2.600604116386415e-13,0.5410127132559224,0.20520161128798117,0.06956308574811576,2.600604112877618e-13,0.18069188345406687,2.6599933841190594e-13
AACAGGTTCACCGAAG-1,0.03862362040002107,2.8839978376666722e-12,0.520232038454229,2.7624218763183144e-12,0.2815403037963579,3.0467278289292556e-12,0.3596040373030469,4.099057423155961e-13
AACAGTCGTGTCGCGG-1,0.15471766325652575,4.753640679080616e-08,0.4306378350052087,6.438914008286604e-12,0.11691806922831517,6.380170607566088e-12,0.4977263815008746,6.153449099756476e-12
AACATATTCTTGCGAA-1,1.5392764897596051e-10,1.4898832544524506e-10,0.32697992407372134,1.3988330290567782e-10,0.056354453699417724,1.5477886426806176e-10,0.516665624392328,1.8193337984966507e-10
AACATCGCGTGACCAC-1,0.2361687779829588,2.622305311686105e-10,0.45599418386175117,2.672337511118756e-10,0.12603202709753722,2.587371799704152e-10,0.38180501008605644,4.0011341264617215e-11
AACATCTAATGACCGG-1,3.8555004431254495e-12,3.712869805952471e-12,0.41866646925438367,3.818798087711166e-12,0.18190090211066945,3.837059356587893e-12,0.4218023553639671,3.735318317116002e-12
AACATGACGCAGCGTG-1,1.2726783266569268e-12,1.1998391765053732e-12,0.5236783347729632,0.2557021168524837,0.04735361029098232,0.03070097001410071,0.3425649680647245,5.507186609279351e-13
AACCAAGCGTGGCCTC-1,0.12850086845479464,0.0821610967436265,0.132667647861203,0.05990824227657225,0.24682458753799472,0.062409225077262875,0.12850086669745284,0.05902746535863308
AACCAAGGTATCAGGC-1,0.28574847542662496,1.3237417875134237e-11,0.5078792004598799,1.2417749882300833e-11,0.08384449694314118,1.2995604879295346e-11,0.32252777328772936,1.4835486640172566e-12
AACCACTGCCATAGCC-1,0.49999997248289907,2.5160231814452287e-10,0.512223042119232,2.472525110949718e-10,0.04652362103237477,2.436029713468354e-10,0.03236823077336418,2.975300148196449e-10
AACCAGAATCAGACGT-1,0.0669849422157404,4.183298797873406e-12,0.32224648098063674,4.183298798511989e-12,0.04330197841537855,4.2159911761788e-12,0.5000000000189434,4.553714719919597e-12
AACCATGAATTGCCTT-1,0.04238694841542376,4.5858989507270774e-11,0.3782549116530762,4.498702921872302e-11,0.28529961550581023,4.675997965672694e-11,0.32888308666020716,4.454828265024202e-11
AACCGCCAGACTACTT-1,0.270929017892925,7.330844316970866e-13,0.4675365240343967,7.285487474837467e-13,0.0493533330495069,7.021649279827971e-13,0.4121811250192014,2.1657360218146896e-13
AACCGTGCTTATGTTG-1,0.12405171587968096,4.042049008769196e-11,0.3070458086132113,4.0512424157939075e-11,0.2049843977950956,4.1118816033921744e-11,0.4999999761499102,4.6472476011788e-11
AACCTAAGATACTGAG-1,0.0030774948810358407,9.646070446682423e-12,0.3110935911728267,9.546801106768535e-12,0.2258473465678824,9.67960598527562e-12,0.5000000000018532,9.449595891415073e-12
AACCTACAGAGGTAGT-1,0.32949897818139534,1.6919174369882063e-12,0.424458688850096,1.6536512522230429e-12,0.027826790865683702,1.6841460647777965e-12,0.41821554209272394,9.145325504294045e-13
AACCTACTGTAACTCA-1,0.05420257885257479,8.64419756851849e-10,0.36617222577210534,7.839998567788408e-10,0.3319674084980548,9.349803563262286e-10,0.447657783002936,1.0110910503431592e-10
AACCTTAGCGTCCGGT-1,0.031172680563656522,3.71855409686214e-11,0.23254164035397587,3.63713103911706e-11,0.16575881895243758,0.006648396169275125,0.46387846389397164,3.576217671694505e-11
AACGAAGCGTGGAAGT-1,3.930887551478247e-08,0.43889907901300673,0.40039944756928875,3.67846616260754e-12,3.6731710944878595e-12,3.642259493933317e-12,0.3607014340807703,3.5442176402137214e-12
AACGAATTGACCGGTT-1,0.20807963846946115,0.02010791791635899,0.4811438124565613,1.1375838715941989e-11,0.02456993501832033,1.1546797208500186e-11,0.46609869592838976,7.828174806153739e-12
AACGACATTAAGATGG-1,0.15041379576184388,0.04856453845460107,0.5475372402450422,2.7934851760354723e-11,0.15348436512063685,6.0385495056364e-08,2.7612162876048856e-11,2.747772321524005e-11
AACGAGCCTCTTCGGC-1,0.049466160577174755,0.19955177199724342,0.26229427855508675,0.08342082731785072,0.13755451263075397,0.02683953008203042,0.14087291863472667,2.0548591992924452e-10
AACGAGCTAATAACTA-1,0.1858300263126598,8.100364618886171e-08,0.5892236660068523,5.670914308183942e-11,0.06170901037314939,0.06323721620435457,5.5237101918751944e-11,5.3282265935070715e-11
AACGCACTGGTGCTCG-1,0.06603363913071755,5.524274025232825e-11,0.3384088111852359,0.029254336857392326,0.40026956739069647,0.06603364532393693,5.837672777291223e-11,1.9939454575004514e-11
AACGGCACAGAATATT-1,0.10901866647706136,0.10901868076593259,0.4815338197541357,0.013160545529683598,0.09787813933778236,0.05520660876602883,0.034183536222101164,3.159702287844203e-09
AACGTGACGGTCCACC-1,0.09293725153862298,2.3756052182118246e-10,0.1538951760810069,2.3756052182118246e-10,0.31657982692930486,0.01937866271642526,0.3172090821687145,9.576722697367974e-11
AACTAACGAACTAGAT-1,0.15484187839599592,0.0251680279373203,0.24116277675474965,0.005557352077734834,0.15068617311982432,0.054591476631528496,0.2679923150440797,4.560874622368499e-11
AACTAGCACTGTTCGA-1,0.0035899363964182964,0.26104376259020706,0.41708060692692767,1.869344460483432e-11,0.36757989849537864,0.1507057954975577,1.848234737130402e-11,1.848234584176435e-11
AACTAGCCTAATAGCA-1,0.10789193068335674,0.03079113015438517,0.27230154646996924,0.07459047406628272,0.2328366930927935,0.15238448246985484,0.014533508649118307,0.014670234414337485
AACTAGCCTTGCAATA-1,0.15473590407909055,3.2770691135822435e-11,0.39350704029370775,3.5748486666234347e-11,0.2505129782060019,3.372812741954162e-11,0.10124407730922177,1.0212518605912153e-11
AACTAGCGCTCCAGTT-1,0.04731536430982441,8.571730377750386e-13,0.4343098819439916,8.604883904687031e-13,0.1445095705545758,8.638205994531296e-13,0.49999999980743076,9.708850290776325e-13
AACTAGGCCTGACACC-1,0.19581819759229874,1.3243859543928243e-09,0.4773653155931847,1.228183222003039e-09,0.0841223311312391,1.3083128837073243e-09,0.14269415074053074,1.1629261972759502e-09
AACTATCGTCATAGTC-1,0.0779738070679307,9.395278452770333e-10,0.47501065767352374,9.395278456501513e-10,0.1966095485506866,9.78512596048034e-10,0.45040598275975413,1.24513913665975e-10
AACTATCTAGCAGTAT-1,1.8697293292608964e-10,1.9144185803555102e-10,0.43561616614619175,1.7846511553890316e-10,0.17859173442740306,0.18589525232998155,0.3998968464242673,2.539254199293183e-11
AACTATGCTGCATTCG-1,1.4021122100469499e-08,8.042615734590721e-11,0.4744529806402568,7.960811525531537e-11,0.17834736167451515,8.042615722176394e-11,0.49999994318940155,8.677379753973001e-11
AACTATGTGCTTGTTA-1,0.0796664466248314,6.878904151760154e-10,0.3576192668988218,6.827960240056629e-10,0.07358163848313821,6.904686122792401e-10,0.49999998509653065,8.405375926046204e-10
AACTATTCTGCGGCCT-1,0.22460852765505915,1.1141371620109462e-09,0.4917074736077011,9.747944204153943e-10,0.21380746418847263,9.551406286850878e-10,0.2698765289568382,1.0562971582352556e-10
AACTATTGGCGGATTC-1,0.1397919564801867,0.12092151612438069,0.30892099940482776,0.08949483309233987,0.12869901502121522,0.05194519808466782,0.045736331240695406,0.014490150580896156
AACTCAACCTTGACCA-1,0.35193312488765116,1.1982406165632288e-10,0.404869066979777,1.1511129994998745e-10,0.09126468283225234,1.1982406120707778e-10,0.35193312488765116,1.64583776653282e-11
AACTCAACTTGACAGC-1,0.1559085805224227,5.0011929303266216e-12,0.4368818530948809,4.945337625115649e-12,0.053217961697809874,5.041763158862757e-12,0.25399165744654356,4.901377159511613e-12
AACTCACCGAACTTAT-1,0.14729098657480671,0.1040238230826449,0.4766209359230096,0.10402382438547576,0.041915198015419534,0.026125232031719306,7.029838618268443e-13,6.593564061979392e-13
AACTCACCTCGGTGTT-1,0.04151964469015464,2.2390594443275007e-12,0.21538831583407983,2.23905944640786e-12,0.05208670662091016,0.09733594119973084,0.49366939165435303,2.185127132406341e-12
AACTCACGGAGTACGT-1,0.26485405374705023,5.157393297586703e-11,0.39111114012860093,5.1094620049625854e-11,0.27918075220107696,5.373463059324166e-11,0.26485405374705023,7.102203937835476e-12
AACTGCAACGTCCTGG-1,0.25274483179208596,2.2069047339917653e-11,0.5665455541264184,2.176320538282068e-11,0.06703024572119269,2.1763205336171002e-11,0.013679368305040261,2.089454329894298e-11
AACTGCCTCGATAGGT-1,0.3591553768686429,2.6954964575207813e-10,0.42907527713935806,2.669324103096714e-10,3.020745935452373e-10,2.767075159610331e-10,0.4117693446764924,3.781993344337926e-11
AACTGCGAACCTTACC-1,1.0763038800316806e-06,2.2158036144498147e-11,0.2460449978030358,2.2158036134383382e-11,0.14307222540041448,0.07097183331073857,0.5000000000510894,2.1669061814196858e-11
AACTGCGATCGACTAA-1,0.013140037609818474,3.733709098751702e-12,0.4439178791137698,3.669079098363087e-12,0.23700508955326352,4.7382464839971746e-08,0.49999999659810745,3.6211141871123836e-12
AACTGCGATGAATAGG-1,3.169890271073591e-10,0.017179911290453244,0.38944361375351033,3.1698903152415946e-10,0.16402367772641935,0.04660323172313263,0.2827495645347844,3.7259926024838553e-10
AACTGCGGTCCGAAGC-1,0.1940938813855604,0.12053524881211318,0.4241921798247303,2.305106735322173e-10,0.34064342996516084,0.120535259419187,2.2211463918575625e-10,2.843656570016068e-11
AACTGCTACCTCGATA-1,0.14302979471896946,7.309020056572506e-10,0.3455654777539208,7.309020063763816e-10,0.2651614418016877,7.279777386935167e-10,0.44624328293008364,8.888754822826653e-11
AACTTCAAGGATAATC-1,0.08570741078490517,0.06542314277700378,0.17701657735961923,0.011916329795996381,0.21898583880531763,0.04535583228795628,0.2955948655588122,2.6983821618881643e-09
AACTTCAGATACTACC-1,0.12210978041314657,1.0991049375427873e-11,0.3183310522126914,1.0963407591384703e-11,0.1520928453860703,1.145626312962768e-11,0.5000000000241975,1.345214827074507e-11
AACTTCGCTTAGTCAG-1,0.2096039336376616,4.266070056180138e-12,0.45574673535245164,4.083557540400356e-12,0.05590425879696601,4.22667867666011e-12,0.4787450721478608,7.282092076235749e-13
AACTTGCAACTTGGAC-1,0.1565734610689605,0.08780750801988292,0.37881019100624763,0.02088553610598929,0.1642727639303831,0.020885534080737775,0.07076497534857978,3.045038709587533e-08
AACTTGCTCGTAACCG-1,0.1561301063322785,0.04413725205550198,0.3090909066571015,0.04010009644267317,0.13823899859144045,0.07010053108401468,0.11516352083907432,0.02703858799824071
AAGAATTCTGGCTGCA-1,0.08148925018132859,3.8349555579041897e-13,0.3739513776011853,0.007930643971564224,0.32412567649752566,3.7229210403437575e-13,0.4125030517443484,3.685266672823705e-13
AAGACAATCTCCTGCA-1,0.23685200897257916,0.04070058027646997,0.4131661825119777,8.165749785192024e-13,0.1157592169376705,8.681942018696e-13,0.39352201129865827,1.9075745406287613e-13
AAGACTAAGGAGATCC-1,0.15351930764749167,0.04966925569514417,0.2719515970014615,6.984038750545211e-11,0.06792754786186107,2.0144557100432127e-07,0.5000000014768142,5.6269682420372735e-11
AAGACTCAAGGCTCCA-1,0.14790546285779071,0.0005365559516200793,0.4925774344632049,8.651519469170195e-12,0.19104348195033843,0.05402797060147552,0.013909094161100612,8.4315570285481e-12
AAGACTGTCATAGTGC-1,0.07446272243957207,6.89826559599297e-11,0.3565555745384589,7.28928133310237e-11,0.28854370853737454,0.021912459468057578,0.15852553484968854,2.7862161745706833e-11
AAGAGCAGATGTGCCA-1,0.14820491931344432,0.0010882549166169129,0.4637731782871954,6.927451187154012e-12,0.14330509420723922,0.10293693671547105,0.04069161656896252,6.638117325070149e-12
AAGATAGGCTTGCTTA-1,0.2925262440893963,2.1352755760915694e-10,0.34015232899571396,2.1301924524599483e-10,0.16507028508948982,2.1200816014540062e-10,0.4022511410703718,2.7423124818523664e-11
AAGATATTGGACGTCC-1,0.07335511741955936,2.4278691698694416e-09,0.3710761960877091,2.2879274752925275e-09,0.25226770056545733,2.3149108826608957e-09,0.4999999816347603,2.687144479613503e-10
AAGATCTGTAACTTGT-1,0.3238411494319247,1.9986768467638087e-10,0.49650505501827463,2.1172057823108364e-10,0.055812645280402834,2.0162194702827607e-10,0.3238411494319247,5.671250341897681e-11
AAGATGAAGGTCATCG-1,1.6034932706593524e-11,1.5488412520146838e-11,0.2958290281440519,1.5226187945797806e-11,0.31860854183851706,0.2927812149828941,0.2927812149828941,1.7759823330759962e-12
AAGATGCACTATACTT-1,0.10687527417547033,0.01860495414012283,0.3716578969718396,6.18389214669748e-10,0.30680512501102897,0.025960785926863243,0.07009596299842608,1.6415900414704195e-10
AAGATGGCCGCTAGTT-1,0.20112646201878695,4.220133648236015e-12,0.5623396392523085,4.440913406459793e-12,4.441889175623509e-12,4.220133648236015e-12,0.20112646772096215,4.338455237877138e-12
AAGATTAGGCTGTCTA-1,0.11199817634373034,0.04096997249675933,0.5000569625217632,1.5564162188142858e-13,0.18530769694225835,0.005470581487763094,0.05619661020749133,1.3375444586791422e-13
AAGATTATCTAGCATA-1,0.4823704834840943,6.627957125452885e-13,0.5343158694310353,6.644843732492808e-13,0.08567967285284235,6.644843708043417e-13,0.04101876252157149,6.952324653855084e-13
AAGATTGACACTCGAT-1,2.916081868780479e-11,2.779208542193454e-11,0.34815527160819554,2.803094777930569e-11,0.24328079964525876,2.7557450812659322e-11,0.37582821793432614,5.312687421036433e-11
AAGCAGCGGACACGTG-1,0.3111433508074955,3.5992047602082885e-10,0.4125495684421464,3.624344191416804e-10,3.7886707789709407e-10,0.06594302190459206,0.410364057476959,4.9961432229287384e-11
AAGCAGTGAGTGCGAC-1,0.058029859087390945,3.3710207273410865e-08,0.4088099243243886,3.370975213410395e-08,0.41926546802238673,0.013894681143782311,1.7555304342910636e-12,1.7033143033072183e-12
AAGCAGTGGCATCACT-1,0.04899099749660158,0.04500412828245616,0.25136904217286954,3.126375679273501e-10,0.2171899401658041,0.037059788742114165,0.30038610274254424,8.567195554464663e-11
AAGCAGTGTACACCGC-1,5.150062940045349e-13,5.495587090717104e-13,0.245650380008875,5.150062992077077e-13,0.12082566901293945,3.3923916931383605e-09,0.5335239475845219,4.709441200801825e-13
AAGCAGTGTAGAATCT-1,0.17117758708344624,6.81253020701994e-12,0.5149926269400261,0.005670761076036823,0.14741422043767785,0.2815154952746491,0.07922930914513382,6.547306501016035e-12
AAGCATCAAGCGTGAT-1,2.8875555308917363e-09,0.09929152312803191,0.5664725798759018,0.06251220564074923,2.9851088258075635e-09,2.8875555266353958e-09,0.47172366954043826,3.721840787639831e-10
AAGCATTGAGTGGTTG-1,0.00545379858952999,0.07083266900080762,0.53050075438361,8.481879890454047e-12,0.4351879716725954,0.0054537895692157055,0.15257101627835082,8.302394555754877e-12
AAGCCACGCATAATGA-1,0.015236306794014028,0.037303804141901264,0.2570922412370412,1.0669441296775423e-10,0.4569131620080992,0.05201551629596516,0.08143896938487571,8.944849461777468e-11
AAGCCACTATGTCTAA-1,0.12189006394055973,0.011552411317786209,0.4812653674750205,1.5406780998655256e-10,0.1003589415246288,0.07039901493562895,0.11453420070441192,1.4725407812068686e-10
AAGCCAGGCCGACGTG-1,0.09243995945267043,1.1956482976349103e-10,0.2643876744697044,1.164427042272301e-10,0.13236710104003951,1.1956482918033531e-10,0.41080526464833544,3.6586207397435896e-11
AAGCCAGGCTGCTTGA-1,3.7321426202345217e-08,1.1787755328050365e-11,0.46555183836077435,1.1562583773068791e-11,0.18266263355844292,0.08967666469178404,0.46210882595194935,1.0831639389465764e-11
AAGCCATCCGTGCTAT-1,0.021547973835816366,0.1980886590404265,0.5443000014269366,3.1431665261905356e-08,0.36354396039642334,0.05097140433066056,0.02154796948659102,4.158956664042249e-12
AAGCCATTATCTGCCA-1,0.01517881192015417,1.4631183048012338e-08,0.34502645551397804,6.950191010521143e-13,0.21308041398539448,7.150775075357353e-13,0.32671430395082635,6.885831503254351e-13
AAGCGAGCCGTCCGCT-1,0.049805338824543396,0.029996769871114274,0.3070085167710422,0.029996771700491677,0.26575062953165135,0.07007423360536387,0.13141257561146188,0.015955164085947646
AAGCGAGGAAGTGAAC-1,0.02242805630127325,1.0873988299222543e-12,0.377329158834918,1.0873988304890798e-12,0.1609535820134331,1.1220393749071397e-12,0.3392892028478536,1.397494066708372e-12
AAGGACCAACATGGCT-1,0.14809811368276324,0.10283015488220547,0.5601683562959592,3.276255428221868e-11,0.3643123990815661,0.02360750795686445,0.000983465106826476,3.144268471297775e-11
AAGGAGGCACTCAATT-1,0.17707066413461497,0.015241684647844193,0.5493510316113497,0.26534105029933325,0.19246545849957883,0.000530110804700869,4.36580195993742e-13,4.175980565873286e-13
AAGGAGTGGCTACCAA-1,0.069310873710824,0.06931087324787052,0.4516160981799799,0.03988742197959732,0.19009986844591173,0.025175711415339787,0.054599146068908935,6.95709076360622e-09
AAGGCAGTCTGATCAC-1,0.28204093861622953,3.2395837602041133e-13,0.5160606512124668,3.16206048050921e-13,0.164046656800473,3.239583754924633e-13,0.18641474621069923,3.452619099091447e-13
AAGGCATGAACAGCTC-1,0.015843783553891277,8.009802170226411e-12,0.35973017023645365,7.901720855836376e-12,0.1786321049643024,0.3228969706031691,0.3228969706031691,7.803397949835501e-12
AAGGCCAATTCAATAA-1,0.05707794395801124,0.021807960137319192,0.1832754834609842,0.04992737955324127,0.18457952003149702,0.028825437539747444,0.3745062498115266,2.551394693548647e-08
AAGGCCAGTCGCAATT-1,0.11180890671789073,0.1538403167317513,0.3194513192627158,2.2729427804688842e-12,0.23839888034378845,0.006723065819997687,0.06977751112046557,2.1706236751085315e-12
AAGGCCGACCTACCTG-1,0.0030772459508079447,1.837184832285034e-12,0.38738310547430277,1.8121501984649065e-12,0.16417593669839023,1.889388164039184e-12,0.4783836592984241,1.8059997792490524e-12
AAGGCCGATTCTGAGC-1,0.27214160650059405,3.340083951830999e-10,0.4070575426537171,3.2503738236210715e-10,0.13368227482651415,3.2947204994661535e-10,0.38711857487632295,4.346863943730108e-11
AAGGCCTCGCGAGGAA-1,0.07097183416322862,1.9191499086416935e-11,0.30504586185268995,1.9264482050149255e-11,0.18979168058315588,0.01439054253039326,0.499999999425823,3.038438374328481e-11
AAGGCGAACTAGTAGA-1,0.33848492334627084,6.541616795649007e-11,0.37115068314676325,6.54161678213089e-11,0.15187946993492024,6.875046137046061e-11,0.33848492334627084,8.750502926527112e-12
AAGGCGACGGTGTCGG-1,0.007093066093820484,3.1108333620369068e-12,0.22038247661393945,0.029734399934279718,0.04983723388424207,3.087231316860061e-12,0.5929528234673482,2.9690049904750714e-12
AAGGCGAGGTTCATGT-1,0.2102882830073135,2.8599512493385424e-10,0.5441167113337815,2.9797192831133815e-10,0.10693361737072048,2.906581254697887e-10,0.03866138828899159,2.803384773290145e-10
AAGGCGCCGACAATCT-1,0.0014600974318293262,0.022481983996720512,0.34956798242124415,0.0014601080151888284,0.13848301787439515,3.3420612426829736e-11,0.5000000000218369,3.3209978951962625e-11
AAGGCGCCTAACATAG-1,0.08543336502244553,0.03350098126605434,0.3246556492797941,6.112515980900586e-10,0.2235391498589107,0.050816682109606916,0.18205417170082622,1.5174206426066156e-10
AAGGTGATCCGTGACG-1,0.03643135136783885,1.3500345286762623e-11,0.27589618928217247,1.2753631668875165e-11,0.03856146270656058,1.3345706400425004e-11,0.5491109965997765,1.3255383086939311e-11
AAGGTGCCGCTAAGGT-1,3.7612205724743845e-13,3.782669031024774e-13,0.24013449574341353,3.761220582986299e-13,0.1508571727873888,3.7190327994339485e-13,0.509008336441096,3.7152807178384285e-13
AAGGTGGATATGATCG-1,0.04909548371045063,4.763664570606803e-12,0.5372385502438692,0.009874038396061777,4.770557411835603e-12,4.759471997475545e-12,0.499999999721649,7.170252544010687e-12
AAGGTTACTATGACGC-1,0.10895871201844078,0.09172109147718376,0.4318492547819294,0.03792956449670563,0.1904761703399618,0.020952258107952242,0.01811294329813539,5.5189490726095816e-09
AAGGTTCATGCGGTGC-1,0.2788240883193582,0.0013159381329194706,0.1976923506549942,1.599876608599315e-11,0.1200700141087421,0.0013159381841628545,0.3007816705733615,1.5365974094110752e-11
AAGGTTGCAGAAGCAG-1,0.11226420211735023,0.022412566170524017,0.27606176765659823,0.029133936627653432,0.16538293028751339,0.09531992778637148,0.18024808200558998,0.01917658735816568
AAGGTTGCTGAGTTGA-1,0.07631719263626213,1.3424457771650038e-11,0.6104327056206224,1.289078096693123e-11,0.19077028590417625,0.014071893943191497,0.008407921864779481,9.768442003783551e-12
AAGTACTAAGGTTACG-1,0.11120839284254626,0.03764977138342209,0.3856560118562908,7.285636894982747e-11,0.062434518225027706,7.239016011334182e-11,0.4999999876743333,9.170704097697344e-11
AAGTACTACAGTAGAA-1,0.11241006923642573,2.9712412855616813e-10,0.44889364514278396,3.0268456207583506e-10,0.3386962843584752,2.9712412754703425e-10,3.083901206771186e-10,8.997587811961041e-11
AAGTACTGGATGCGCA-1,0.06042735860501409,0.008509693131039997,0.370533997958749,6.185675345934401e-13,0.30505752673696523,0.01716018142757229,0.13831124213984272,5.908183211991321e-13
AAGTCGCTATCCTGTC-1,0.15887651404636166,0.02647099909068049,0.3796186851378715,4.798705840998053e-10,0.2864952164833658,4.698457181526198e-10,0.048538584100495434,1.9371156181545265e-10
AAGTCGGACACTTCAG-1,1.588384035772945e-11,0.05203025451166471,0.49157332753039723,1.543371807054109e-11,0.24884260266390146,1.543371800017449e-11,0.40755379279617177,1.865750374012407e-12
AAGTCTACCGGTTGGA-1,0.08080133312095468,1.691968533300443e-11,0.5354618138015804,0.012141742095284057,0.1394158859545446,0.11022478901967997,0.021954435987726492,8.023691436652496e-12
AAGTCTGTCAATTCTT-1,0.049125016289347206,7.908481665792584e-08,0.4806743389363249,6.378744722048026e-11,0.3332542883224839,0.012345703673173145,0.02460057361274709,5.0985895122955085e-11
AAGTCTTAAGTTGCCA-1,0.15269562332416609,1.353533237281669e-09,0.2970415130119768,1.3498923173919547e-09,0.19248138582134972,1.357178237146131e-09,0.25778147316878275,6.51071377449015e-10
AAGTCTTAATAGAACT-1,0.18112405593308822,6.8941644216258114e-12,0.3325689457602541,0.010468048127113366,0.23720900221866467,0.004583424104154398,0.13404652385456534,6.666834631376476e-12
AAGTGAGCCTGTTACA-1,0.004094648409685411,3.703071938666639e-12,0.22411807587018182,3.710012372447906e-12,0.14738630885331677,3.7310104008282514e-12,0.5244009668726132,3.675580205422746e-12
AAGTGGACGAATCTAC-1,0.09525798365023153,0.050781097483959294,0.3651272493372606,4.816668965675419e-09,0.26520389326858457,0.0654928170221713,0.0581369535685006,8.539518184198532e-10
AAGTGGCGAAGTTAAT-1,0.08205259154607342,4.9111692022663734e-11,0.32024655617051107,0.04527329185274952,0.1632506866477464,0.01584990628872921,0.2733269674413399,4.020249913556224e-11
AAGTGGCGAGTGTACA-1,0.2177476598766702,9.72456914155759e-09,0.41639533577618487,0.009753296901471179,0.12967170900408934,8.238241636388019e-13,0.12643198873222852,7.900832023819708e-13
AAGTGGTTCCTCGCGT-1,0.06626407779131505,0.04173963768580608,0.5318966282273014,1.6312813717529403e-12,0.21081730080890804,1.6312813676856933e-12,0.1643471367769253,1.5289122275525128e-12
AAGTTAAGCACTATAA-1,0.04966923083696381,7.38338857742433e-12,0.5302895367344881,7.319951961439533e-12,0.08722220674198423,7.53570401412722e-12,0.49999998774181187,7.264809388513718e-12
AAGTTACTATTACATC-1,0.14695032392788548,6.864647275179477e-10,0.46979400158260837,6.682040555406008e-10,0.13073798102152753,6.775386284099248e-10,0.4525176906877955,8.518621603681546e-11
AAGTTCCTATTGCTGG-1,0.36572585611193115,2.379743009128123e-10,0.4038203656370822,2.534851800016562e-10,0.26087934599437795,2.4814459208773925e-10,0.1695744313909052,3.124138132081546e-11
AATAACATGTGCTATG-1,0.09177619128712673,1.7195695554249838e-09,0.4484079999698901,1.705763771435008e-09,0.1852861473988036,1.9373663112445365e-09,0.17452965481542343,1.2041809324994252e-09
AATAACATGTTACGTC-1,0.11216490303107109,2.1547790249792406e-10,0.27504725743032005,0.014081931765705887,0.207451675502448,0.046771284211161716,0.24448294777244603,1.0136620094968571e-10
AATAACGTAACTGTGA-1,0.00897887318589572,9.611771783108492e-11,0.3573346465667337,9.508801414783592e-11,0.43109719079697,9.611771768486586e-11,0.10258928945781047,9.3753904019264e-11
AATAACGTATTGAACA-1,1.4232764037594045e-12,1.4592171970459194e-12,0.30413915521238777,0.06018537648072685,0.16030640104142677,0.030761922792811473,0.34460714446944196,1.5704694612680728e-12
AATAACTCTAATACAG-1,0.14383554029240767,0.01494588878300662,0.31170753966681986,0.005751090935170882,0.24668974715303046,0.04253037098886301,0.13453982217377455,9.933562888798343e-12
AATAACTCTACGATGT-1,0.07641630589116785,0.1121952206822006,0.45915207508966055,9.33632579011277e-10,0.19085181019879457,0.02473407276508798,0.03665051414735184,3.1379640521049007e-10
AATAACTTCATACGGA-1,0.03298589049258529,9.425823035316127e-11,0.3732073449439537,9.640432043423095e-11,0.1164393762349239,0.1590800900160182,0.49999974477921716,9.448789643106876e-11
AATACGAGAACACTCG-1,9.167701600611826e-12,8.896489355753397e-12,0.15513758141531206,8.963264926346085e-12,0.08765316618427932,0.45911650193092285,0.498092723177896,1.4505878508257142e-12
AATACGAGCAAGCCAG-1,0.14183862640579248,1.0616474006508382e-07,0.22804315820360646,0.03412995741772079,0.2874960113478985,0.04463412473491198,0.16385800805408524,7.698019489067146e-09
AATACGGTACGGCCTA-1,3.256900046688319e-11,2.0687855737996767e-07,0.5217757455306222,3.2569000506309926e-11,0.25219869940795825,0.188856880594035,0.029484761320387135,3.1371153502365867e-11
AATACGTAGACAGTTA-1,0.0343837970333034,4.4803316917677125e-10,0.22428632320711187,4.4872300229229015e-10,0.2076104598557504,4.543524314118183e-10,0.4999999983844833,6.693284084046279e-10
AATACTAACCACTTAT-1,0.07996069548614672,2.06225460206916e-12,0.3426497110093871,2.0485528347020105e-12,0.04856007073876603,2.0622546006170443e-12,0.49999999999010075,2.4385878420276114e-12
AATAGATAGCCTAACC-1,0.05890820726175326,1.9765122964197176e-11,0.5283217908764597,1.9647677655381404e-11,0.3107291266554794,1.9824445974909993e-11,0.029484761582107038,2.0423261371952937e-11
AATAGCACGGAAGCGA-1,6.366001130943064e-12,0.07698893809215406,0.3281789003127612,6.04194722555714e-12,0.12804745534986625,6.291503987682687e-12,0.4999999998418734,7.031456677294491e-12
AATAGTATAGTTGTCG-1,0.2849919168768423,8.156608206664673e-13,0.44873373737230426,7.764393192765062e-13,0.03769112995006258,8.067124941846171e-13,0.42858321579632375,1.655763434359972e-13
AATAGTCGTTATCTAG-1,0.06871929859824419,0.02562084938566316,0.1902906980650037,0.007231203980084604,0.353208063483824,0.019500770056423415,0.23542911641237427,1.9511949731710864e-11
AATAGTCTGGAACAAT-1,0.13326346726171798,3.9536953521012884e-11,0.31017844685577006,3.419816938517119e-11,0.1340365682145105,3.880978740799511e-11,0.3225215175139417,4.2970773149399425e-11
AATAGTGCTCATAGAA-1,0.1962127526884828,6.848040538266471e-12,0.5193907951996501,6.888751515353294e-12,0.1669729581195611,6.95085408885109e-12,0.09814439309127741,7.764268798601822e-12
AATAGTGGAAGAGCAT-1,0.2602498859478661,7.683130614021541e-10,0.45082154205672653,7.119777293226672e-10,0.06825718070075734,7.017623718913893e-10,0.42067138816221883,1.17315358949195e-10
AATAGTTGGTGCTCAG-1,0.23858103781732448,4.706028407694201e-10,0.47655739362611743,4.674045169283357e-10,0.3382288126188068,4.642419739434412e-10,0.14663275429774972,6.169272019925141e-11
AATATTAGGCTTCTGG-1,0.11998799304875596,0.08320868040089376,0.4056818456659899,3.4335543952678186e-10,0.24469211184044112,3.4335543769697893e-10,0.04642936823030223,1.2861935569532144e-10
AATCCGACCACGGTCC-1,0.11085512006150688,9.654099387834076e-09,0.4242218714778971,1.3950181586913243e-11,0.5540678473296212,9.654088523044105e-09,0.11085514100836084,8.107677573125589e-12
AATCCGCCGACCTGAG-1,0.027734061581228982,0.4999999988457153,0.2435208401040564,5.504086564460204e-10,0.03850301295289218,5.478432543166121e-10,0.2011264623848307,5.394318028878441e-10
AATCCGCCTGGTCAAT-1,0.009041739137105417,0.021311322233971836,0.5697599576154064,1.518261637467958e-11,0.18050724550320024,6.243281618611692e-08,0.11937967305409977,1.498464677574067e-11
AATCGAACGGACGGAG-1,9.01769217870221e-13,0.02107176274648969,0.29650237461369583,8.947397713058661e-13,0.07635818321920362,8.947397691950045e-13,0.5060676937812594,8.796471502970218e-13
AATCGAATGTAACAGT-1,0.11098876751398985,0.05390494184247385,0.2757299097030717,0.00863696233394177,0.32593165796005646,0.04259161658018569,0.08221614406376941,2.793462394041281e-12
AATCGACTATCGCTAG-1,0.007365628602696034,0.030904389433375146,0.5310695730473323,3.12164300092746e-12,0.1173305709861374,4.429239458815076e-08,0.2133297936526612,3.0577455447463815e-12
AATCTATCTAACCGAG-1,0.34021540319084653,0.026630144290406117,0.47435839195463103,9.485805748524382e-13,0.35879606055998353,9.485805757096042e-13,9.377838754594923e-13,3.5487967348444115e-13
AATCTTAGCCTCTGTC-1,0.04349033551246739,0.0014595419291862904,0.4916006358383941,9.162800073673731e-12,0.1510757904295249,9.339425944352932e-12,0.4999999999104071,9.162800074864871e-12
AATGAAGACGGTTCAG-1,0.0368347736841105,3.178435611764828e-10,0.4915207861709336,3.278007687026925e-10,0.07735458824612237,3.312788835105079e-10,0.2942898529681498,3.1296613248134614e-10
AATGAAGAGGATGTAT-1,3.4404031363756554e-09,3.2101222914287855e-09,0.4296760241928284,3.247882631427989e-09,0.262319426167868,3.2862653555794307e-09,0.20800453504484456,1.7595140503222484e-09
AATGAATCGGAAGGCA-1,0.049831093613725466,1.1055702960885843e-09,0.2971394697379068,1.0981790348887992e-09,0.08278327452435773,1.152418453023783e-09,0.5000000052512262,1.2215462741910271e-09
AATGATCTTGACAGCG-1,0.06971357514667442,6.112479738030487e-10,0.5237518531808203,5.780053114190599e-10,0.17953206945610578,5.986120190058176e-10,0.4270024997706334,9.469965574323037e-11
AATGATTACAACCTAA-1,0.21248184581928067,3.7406169645945726e-10,0.3447083930892088,3.7128970749481736e-10,0.19861341621391176,3.775701160436002e-10,0.44419634339734704,4.6533581512351754e-11
AATGCAATCACTGTCG-1,0.08494624877798976,0.2810977039462698,0.417251327991228,2.6590369685649656e-12,0.09918228531005562,2.659036962579073e-12,0.01752243397406298,2.6331738701852264e-12
AATGCCGACGAGCAAC-1,2.0414888628845153e-10,2.0261406596104428e-10,0.24174998263819564,1.9378410032980083e-10,0.28062425688766407,1.9959970571205428e-10,0.4999999991434694,1.7787762847752962e-10
AATGGACATCCTACTC-1,0.17800730825438318,5.6588534734015e-12,0.2806500843992448,5.719310351868451e-12,0.2586025657529493,0.001466721054956957,0.18127332052498807,5.499005670234718e-12
AATGGAGGACCTGGTG-1,0.14345631080209115,0.01793959597643377,0.30229212307379943,0.05067459115269071,0.19004728761816037,0.07053273789982442,0.11693155967065563,0.008125793807082565
AATGGCATAGTATCAT-1,0.3059758567089811,3.675988615359476e-12,0.39505491266702414,3.658585102097424e-12,0.06337533662149913,1.3522150483115454e-08,0.13559388047398285,3.467941080832357e-12
AATGGTCGATACTCGG-1,7.16595984654588e-12,0.023483084740110596,0.3560903232750979,0.007138379750976747,0.3845836883044146,0.007138369116852075,0.1215661548062722,6.694148321055571e-12
AATGGTGCGTCCTAAC-1,0.17923343534683292,3.5969197741715434e-11,0.5388414123204027,3.632124599881666e-11,0.14221711455791936,0.007591849633052667,0.03211618806471453,3.3760233910955934e-11
AATGGTTATTCTAGCT-1,0.08211219186108105,2.0410715177184404e-07,0.5683164127943904,0.05758775315275711,0.15890542027487797,0.03307801767471433,1.5097952965167632e-10,1.5451934631690408e-10
AATGGTTGAGTCGGAA-1,0.16433927118657574,4.637090652333449e-11,0.39205871366212636,4.6896175211861566e-11,0.14339917198627694,4.7433480254596477e-11,0.4999921188419015,4.5688631481924024e-11
AATGTACTTAACATCA-1,0.06525164085694657,2.7920962834967595e-09,0.35176663249632856,2.722824860359516e-09,0.29624897748843476,5.483937731228993e-09,0.4867326960044071,3.335676009516905e-10
AATGTAGTCTTACGAG-1,0.03762250065676397,0.04893581969908779,0.3715722619098574,0.026294476577007647,0.2009429482535293,0.04893581303962867,0.16569617675484158,3.1104951050715536e-09
AATGTCAGGTCATTAC-1,0.05695156089035266,0.0039893672797719736,0.5124669215105071,1.2799359266714561e-12,0.25988136108713,0.05106686377725465,0.05695155472124089,1.255080231449537e-12
AATTAGCAACCGTTCC-1,0.10727591329598501,0.019005708768072015,0.39160079718305385,0.02880358062340672,0.15838762305396098,0.1563100828931452,0.038616293694602864,5.16835391889654e-10
AATTATACCTCAATGA-1,3.6305816264505627e-10,0.07742822367354453,0.4486618846346575,3.5191680019556077e-10,0.297608128241848,3.630581647797381e-10,0.37630176216990985,4.997516642394731e-11
AATTCTAACATCGTGC-1,5.820521140375312e-14,5.718101373322627e-14,0.4306255271854343,5.764583435957274e-14,0.15213011706653365,5.773909076753466e-14,0.35985125814941094,7.44022039313643e-14
AATTCTCAGACGCAAC-1,0.008532923908577596,0.15089812373220132,0.4877527381319402,1.6475782754947293e-07,0.158867037565344,2.781898449639584e-10,0.09394901662507925,2.6767904004304556e-10
AATTCTCGCACCAGTA-1,0.15971163965542415,1.866160606576013e-10,0.5142553374805111,1.8930527185659806e-10,0.1642215806467759,1.8012112987882534e-10,0.36181144156065226,2.4709621088429038e-11
AATTCTTGGATACGGA-1,0.013917579639230031,2.852629783407323e-11,0.32697097277188175,2.9123605134180514e-11,0.1735168751485753,2.8896714034920646e-11,0.3855945725872707,2.7760165444564628e-11
AATTGAATTCACTAGA-1,2.3814380237223627e-11,2.3635224886205447e-11,0.24072596531107396,2.3113622475330468e-11,0.24570129597073256,3.6850983607366185e-07,0.4135723701763922,2.2886714531599525e-11
AATTGCATTGAAGAAT-1,0.364761255017798,7.686003158706596e-11,0.4080358926834439,7.659227011170994e-11,1.7157331688973988e-07,7.722032749014696e-11,0.42720268015862783,7.509204936786798e-11
AATTGCGGTGCTAATA-1,0.1713931405093411,3.5713343123190934e-09,0.4509369626577193,3.220548438545195e-09,0.08287857854346317,3.2340632676901827e-09,0.49479112315874857,4.420489931693053e-10
AATTGCGTCAGACACT-1,0.06030508692206244,0.013492507253716665,0.5973370142974506,6.877663280651621e-11,0.12174758914880039,7.016456578150624e-11,0.10711780224134704,6.658029688938408e-11
AATTGGACGGCATCGT-1,0.29522034305953615,0.30441515475820613,0.5045460377527662,4.895520739473983e-12,0.09581846420359198,1.3746870659393843e-11,1.3746871410645893e-11,5.826049657242567e-13
AATTGGAGACATGGAG-1,0.09627577405697957,3.5872327432827225e-12,0.5203504160817913,3.5436877443139016e-12,0.039980761952582045,3.61262049743358e-12,0.24339304805889464,3.580772776176561e-12
AATTGGCTTGAGTTGC-1,8.080990168081965e-13,7.866573705677448e-13,0.3559324296530295,7.866573701943762e-13,0.16285524895504472,6.654743449280804e-09,0.3812123147383733,7.721128821976023e-13
AATTGGTTATGATACA-1,0.038588757404598786,3.95480142926889e-12,0.48650465112387276,4.173260834490451e-12,0.19849204543123414,4.249913631485506e-12,0.47641454599405436,5.968265802896819e-13
AATTGTAGAATCCTAG-1,0.16634946315522542,0.01923226859194557,0.23716124380442505,1.5019543554476894e-10,0.08664500470793311,5.923963586558137e-08,0.390611960407325,1.043851455757335e-10
ACAACCTTGGTGTCAA-1,0.07554392298900514,1.531713471624258e-13,0.25661260943373015,0.009341168021481501,0.21616203800431819,0.17117012866114414,0.17117013289017438,1.4107956350774003e-13
ACAACGAGCGATCTGA-1,0.011735228200982651,6.177436492366259e-11,0.16603613497111147,6.397492462769475e-11,0.16044854980803966,6.359579024480755e-11,0.5617800868683424,6.104223651785343e-11
ACAACGCCGATAGTAT-1,0.11020822341865824,0.03463184522324831,0.4757162454340041,0.010107409140017466,0.16276029873777653,0.03463184241239952,0.0719441355255972,1.0937045891935056e-10
ACAACGTGAATTCACG-1,0.12058646059377823,0.06458185985659148,0.2874139888441889,0.07919002130269795,0.16906396643827512,0.08172912989360961,0.048664795895549874,0.04876977717534837
ACAACGTGGAGCTACT-1,0.055333270941913495,1.7530750679812877e-12,0.2482687844729816,1.7616011690788602e-12,0.10369669620901545,1.758747323864561e-12,0.500000013461628,1.7266000851258858e-12
ACAACTAACCAGTGGA-1,0.14745679295267558,0.017508682801928424,0.1472065544665073,0.00831386626825035,0.13411784867232354,0.008313865133903822,0.4370823896823982,2.4815162591196075e-11
ACAACTAAGGTGTTAT-1,0.08995963352035873,0.01207602873233385,0.4046419437175129,1.8460519489917872e-10,0.2566702999865903,0.03804196217281318,0.098610131642577,1.6977221995839022e-10
ACAACTAAGTGGCGCT-1,0.12115221607916539,4.17614720888497e-09,0.4477233126675806,4.176147209197525e-09,0.13753991145827468,4.399887044013976e-09,0.49358439295746637,4.791170646509426e-10
ACAACTGAATCCAGTC-1,0.0266748066746862,5.211623495373279e-12,0.47680046479654864,0.043490317474883196,0.12355589078172963,0.01406686151235382,0.4999999876246817,4.989210839456383e-12
ACAACTGTCGTGGATA-1,0.11244932853865731,2.8823705812157743e-13,0.3248658872073864,3.041662191822628e-13,0.4237940752371189,2.9866899372367886e-13,0.03889070901836861,3.039267539995233e-13
ACAATACAATCCTTAA-1,0.2067757611904383,1.9833055751646496e-13,0.381581096504891,1.9943974157765797e-13,0.08286579896517335,2.0101145682425035e-13,0.4999999997326954,2.0485949220514156e-13
ACAATACACTTCCATC-1,0.17238740171515107,9.321366559969894e-12,0.37754357350737605,0.010545013926421725,0.21624648485835504,0.03505474590880534,0.08822278007208058,2.558699597039418e-12
ACAATACAGGCGCCGT-1,0.3130532188687037,6.358399299329666e-11,0.5037028192438849,6.294254588914332e-11,0.1189574034219031,6.294254575032256e-11,0.20431888017832725,7.082230360605984e-11
ACAATACGCCTTATTC-1,0.24635416432800755,1.0649276886551998e-11,0.5573018831530191,1.0695571335855629e-11,0.07338733254437517,0.022956619952695313,1.0695571287796435e-11,1.0655602623524377e-11
ACAATATCATCCGGTA-1,0.0012354974824243256,1.3826925564700482e-11,0.259394816220869,1.3864064858047127e-11,0.12311726513062723,0.32305322554662774,0.4931991952027741,1.3716692033862767e-11
ACAATATGAATCATGA-1,0.12729659380429906,0.03801640838370447,0.343118994892976,0.022362044193306074,0.18808040430494735,0.10278455842930007,0.07834090218366806,9.381915147472e-08
ACAATTGGTCGCGTAA-1,0.03407224608816037,3.380281081811506e-11,0.25677195400245756,3.33355730846865e-11,0.08077850365430464,4.134500089363215e-08,0.5283772548947054,3.3701820870911417e-11
ACAGAATAAGAACCAT-1,0.0026313790523898976,1.5290789220139763e-11,0.23205081269114267,1.546064607519929e-11,0.15103827252559315,1.5417809808459194e-11,0.5142795358214423,1.5002537207227107e-11
ACAGAATAAGATAGTG-1,0.07307565127764074,6.318970339733787e-11,0.19800500909077406,6.257917563473017e-11,0.19225907457417596,6.349927994795145e-11,0.500000036780943,9.122112707829332e-11
ACAGAATACATACTAA-1,0.16620056156917418,0.014936852621780366,0.45439804992285326,2.0817568517130624e-09,0.2644645288266066,1.9774776227399744e-09,2.1842413545574723e-09,8.380083949045211e-10
ACAGAATCCGTTGCTT-1,0.060196957386703186,5.079276159480492e-12,0.5185652949183104,5.8906782819165e-12,0.20587181389470083,3.743368329920677e-11,0.11536593374853582,4.194896862533378e-12
ACAGAATCTTGATAAG-1,0.15786242169719433,1.2229622657118581e-08,0.49505254059256615,1.386599282154967e-12,0.05690931297340764,1.3675778768961396e-12,0.49017571245982683,1.3447321209062857e-12
ACAGAATGTCTTATTG-1,0.1007794631436523,6.722162152745257e-12,0.3072383630144665,0.025337739258462486,0.37070096365946303,0.006477320699225479,0.08946615021523112,6.468376154173565e-12
ACAGAATGTTGAGTCC-1,5.966270522641022e-11,0.12077659028974438,0.32469702050036214,1.8724500260231588e-07,0.27026734418656845,6.118136775618666e-11,0.18425885762168395,5.862996995589546e-11
ACAGCCAGGCATAAGC-1,0.11145484682100242,0.4455188359263714,0.46769371713789326,3.1308301919012124e-11,0.019095252362845778,3.106149991661374e-11,0.15623734752287044,3.011531438256614e-11
ACAGGAACTACAGAAC-1,0.3820539601124413,3.82981066313168e-14,0.426598607771404,3.852512104187115e-14,0.0034087456840589127,3.8708679524528495e-14,0.38793868643182955,3.802918918429071e-14
ACAGGACTGAGCCGAT-1,0.06680662324240276,0.014874348974707859,0.1140118939949091,2.387759093150523e-10,0.09260377790225345,0.014874344152995107,0.5968290113864354,2.2508703288823956e-10
ACAGGTACCAAGGAAG-1,0.1753500734045562,3.2426015588793066e-10,0.41734680758401027,3.1114484518901097e-10,0.1679168717240006,3.183400367053315e-10,0.4393862460420629,4.106371207619071e-11
ACAGGTTCAGTGAACG-1,0.02962594899883904,6.750639662596254e-11,0.23696538450144283,6.611352945563378e-11,0.33266057745927,6.967203177554233e-11,0.3007480888089461,3.124717405755942e-11
ACATAAGCAATGCGGT-1,0.10431357974829035,0.0113943282174912,0.41437734165856854,3.5010311835516056e-12,0.28517502463894345,0.011394327508823264,0.07334539822061979,4.133037610040252e-12
ACATCACTGGCGTTCG-1,0.023526681002124725,0.28098189316421507,0.3314066328433165,6.075856362523929e-12,0.1078199594534701,0.023526676262031927,0.43273815725469117,2.209161938043764e-12
ACATCGCCACAAGAGG-1,0.004712472733239951,0.18644638419277884,0.37885251153150273,3.0639945848247117e-12,0.16950844031075357,0.1604801912486197,3.054906093601154e-12,2.9842867813147188e-12
ACATCGGCTTACAAGG-1,0.111133395167545,1.0841907841491015e-10,0.42819009559407145,1.166117283409521e-10,0.32422820567475724,1.2104282389470544e-10,0.3364483031649389,1.566255218688926e-11
ACATCGTCGGTCTACC-1,0.3510778406951518,9.810549665845916e-11,0.3691631123955359,9.869527079545234e-11,0.1286812058796657,9.92907136783163e-11,0.3510778406951518,1.279926815615243e-11
ACATCTACCTGTTCTA-1,0.0785189424964179,1.6333435290828621e-12,0.507178697056214,1.5964859438648098e-12,0.06226423495330756,0.004960331769038482,0.2991948079636133,1.5612573856118923e-12
ACATCTATCCGAACCA-1,0.004990033972569537,0.03894463999252165,0.18472997776820904,9.485713413474383e-12,0.11538137889738637,0.016303282007632154,0.5396506873660694,9.124121762132742e-12
ACATCTCGACAACCAC-1,0.1099137242896851,6.368787555402485e-11,0.21799231312157416,6.183538777144619e-11,0.30757650213118326,6.345166087139773e-11,0.49999996657378487,7.194273374082508e-11
ACATCTCGCATAGAAT-1,0.0923468205614754,0.04300415434491358,0.31696750619323566,0.02665942831833469,0.2846595675189104,0.12604782415528437,0.010314698901467644,6.4814991134648614e-12
ACATCTGACCTTGTCT-1,0.16118934866620138,0.18569908765041696,0.4166915306011501,2.1575703387144338e-10,0.13642003222522703,2.1258734606135963e-10,2.110295602839723e-10,3.0135437503025387e-10
ACATGGATGCGTAAGC-1,0.0051317666032459726,1.292023364176851e-12,0.34925525747090247,1.3125564877355924e-12,1.342069120242377e-12,1.317793116224318e-12,0.5456129759226382,1.2676298608813794e-12
ACATGTTCCACTGATA-1,0.16357096833180432,3.256479937501337e-11,0.37632980405064903,3.3565964421968706e-11,0.3104348221091697,3.539151418026199e-11,0.3496644053895205,4.407342991474416e-12
ACATGTTCCAGGACGT-1,0.007196511510071645,6.29306201874542e-13,0.5017743655690134,6.241753860510143e-13,0.1674077277937714,6.345220722174056e-13,0.28805805729876044,6.14162246726648e-13
ACATGTTGCTTGATCT-1,0.1254161427482197,1.811338161394317e-10,0.26582806185231994,0.003836725390515322,0.14061187575516018,1.6890301458535007e-10,0.3643071937942284,1.2604092740901216e-10
ACATTCCTGAGTTCCG-1,0.04114853852837247,7.81297172844402e-07,0.31824063498376903,1.8906353783553036e-11,0.04048575150446111,1.9416608749627495e-11,0.500129812119167,1.8564932890759487e-11
ACATTGAAGGCGGTGC-1,0.09992923659925643,5.934526242434919e-10,0.3896264389069632,0.05088035970623331,0.30868360982025794,6.422509533121766e-10,0.05088035348019687,2.527270269410059e-10
ACATTGAATACGCATA-1,0.0848337611027629,2.667919821678979e-13,0.2440439726915212,2.6178900569852445e-13,0.06857980294280885,2.691296156957047e-13,0.5025424728662407,2.5913901509987984e-13
ACATTGATCGTAATCC-1,0.12208025953457886,3.7055753756078273e-10,0.2306312919488087,3.727900837413353e-10,0.17743330961819237,3.727900829871054e-10,0.36985513753460236,3.382243429968646e-10
ACATTGCAGTTCGGCA-1,0.07253636312401078,0.035639578660737546,0.22558685087616853,3.471164863382096e-08,0.20705361794253122,0.026444750854885686,0.33273879917083127,4.668190239750294e-09
ACATTGGTTCACAGTG-1,0.15776865081619929,5.42995348092043e-10,0.4580497977147251,5.548714258510313e-10,0.13636640076725381,5.579845832015524e-10,0.44781514849693627,7.053313819101772e-11
ACATTGTACATTCTTG-1,0.2442578676879679,1.3745583693716747e-10,0.3251000756616234,1.3412887737708949e-10,0.06873011082503085,1.3467306568356615e-10,0.26191194555443986,1.6455187591906135e-10
ACCAAGCACTTGCGCA-1,0.13749048114863938,0.03514100846022171,0.5236240434753587,4.48507679302806e-12,0.18778754041182097,4.560125754902265e-12,0.015956926517954346,4.373016070849767e-12
ACCAAGGCTTCGCTAG-1,0.029067400103599712,8.695014317517683e-12,0.46837624801524796,8.639950773098373e-12,0.20813753066409724,8.63995075470684e-12,0.49441881890496053,1.3786949841395635e-12
ACCAAGTGATGGTGAG-1,0.33975753543077236,6.370457231819226e-12,0.5081898968190642,6.332706563066409e-12,0.07184316295810374,0.03151745698676783,0.24869194631912903,9.783216278400495e-13
ACCAAGTGGCTGTATG-1,0.20583702381984612,2.400370245956385e-09,0.4808252527855557,2.0866127666169953e-09,0.10316954925467145,3.5352612319628896e-09,0.410168160574171,2.1179332733471022e-10
ACCAATGAGCCTCATC-1,0.03093835387827927,0.06771766962055129,0.2049392029779278,2.6681717013453816e-11,0.350263539235118,0.00029606577859251016,0.24584516847433682,2.6072213732115897e-11
ACCAATGATCGCGGCC-1,0.057871201697180505,2.6232423797913763e-09,0.16801624171508367,2.7968107400677945e-09,0.1312111440455336,2.938310197267471e-09,0.5429014031969746,2.5228009362154494e-09
ACCACGGATCCGGATA-1,0.014607657434612597,3.3007016196418024e-11,0.3088750170602084,3.3007016264974753e-11,0.0936544087086352,3.17226520326094e-11,0.4828629167108988,3.045714106627427e-11
ACCACGGCCTCGCACC-1,0.06244948091924166,7.647381944874962e-10,0.35436135793935764,7.42649990653279e-10,0.37170550147891357,7.426499881967776e-10,0.11148365711241731,5.721192105996231e-10
ACCAGTATGAAGTTCC-1,0.07567811678123179,0.013432986291699294,0.34531058929501657,8.406369058255873e-10,0.24737175271845752,8.60133515941296e-10,0.21820655290120758,3.491339015875912e-10
ACCATAACTCCTCGTA-1,0.005209005286029582,1.650089677404935e-11,0.44953258369368904,3.416560005969449e-07,0.15687535552306137,0.2258848249251793,0.3624978888322138,1.6321898029980023e-11
ACCATCCGTTCGAGTG-1,0.031133146359694067,0.04093116104209827,0.31318648879486544,2.877222220093866e-11,0.21711002209133545,0.05074388081837505,0.24689530085502834,1.0169529387868513e-11
ACCATTAGATCGTGGC-1,0.09664959134233186,1.5537782972288414e-11,0.463223031841943,1.498097293864832e-11,0.17342060297202802,1.5353098050708054e-11,0.16670682333574707,1.551098168471369e-11
ACCGAAGATGTCGGCA-1,9.805657343336884e-13,9.805657357922146e-13,0.3540770475998881,0.0006399924187616167,0.16213834896073878,9.895937631115245e-13,0.383144631847996,9.516296938443298e-13
ACCGAAGCCGAATTAA-1,0.10794241309519681,5.329488695071323e-11,0.38148742573718736,5.3539110847003343e-11,0.07321528934259398,5.428696670940539e-11,0.411989602481717,8.932531456136438e-11
ACCGAGAACGTGTTGG-1,0.08377382349521222,0.059249381457686476,0.39344317660465217,2.2927876198822302e-11,0.10811809196999933,2.1966599979271918e-11,0.2554155264213239,7.695698311899482e-12
ACCGAGGTGATACCGA-1,1.3145441027273592e-12,0.006926670690719866,0.5720498569796764,1.29466930797638e-12,0.20488535760767881,1.3045308594643368e-12,0.4161381147128197,1.2750615827589583e-12
ACCGATTCCGGATACT-1,1.1403892286305335e-07,3.891470208298189e-11,0.46700083984842905,3.785165551173597e-11,0.10405466296423797,0.15767955729034233,0.47126482535848274,3.530984455751585e-11
ACCGATTGAGGATCTG-1,0.031505219533655676,1.6266012644855618e-11,0.23339132312015232,0.03886108124491415,0.07624758361716387,0.2898357177730687,0.2301590746900852,5.7384568020430185e-12
ACCGCAGGTCGAGTTG-1,0.08465620584807382,6.409611109621397e-10,0.346493585558636,0.004006766168503014,0.2630860828376444,0.05937386190132766,0.14238349680075552,2.5806441368485164e-10
ACCGGACGCCAAGCGT-1,0.04349033530247526,0.057510606808040605,0.5283217903587842,7.1116727319709585e-12,0.23896448902105363,0.085521713625748,0.12055035130084919,7.78219479879835e-12
ACCGGCACCATACTGC-1,0.054009202202853615,3.8111579696374663e-10,0.5090759177824948,3.767936306728541e-10,0.4865069489752485,3.8659787927018346e-10,0.008035165249926908,5.586444326122882e-10
ACCGGCACGTACGAAC-1,1.9540538110522415e-08,2.8927519506360466e-12,0.18888371881586294,2.8992309536240024e-12,0.20383860100116175,2.9188571180263503e-12,0.507277660690927,2.85131844077192e-12
ACCGGCCTCAGGAGTT-1,0.1690936324276687,0.0068675865180589345,0.4259436603170421,1.318291910591095e-11,0.26321535265444346,1.0548857688689786e-06,0.03487871317446363,1.2788885258633125e-11
ACCGGCTATCGTGCGG-1,0.21828948422825387,0.022138092261773826,0.44234216257942277,2.840767498241744e-12,0.0932365803804021,2.875907988932101e-12,0.4239936805321923,2.665278793397862e-12
ACCGTACACGACCGTC-1,0.12951312769961054,0.036432036566745554,0.5157890869927634,0.12349603945697639,0.05193197677426796,0.04243441707384141,0.0004033154393264899,1.2837574617708741e-12
ACCGTACTATCGGAGG-1,0.03325095859134656,6.55590583435736e-11,0.33616265455535405,6.477433237332803e-11,0.13361195760330552,6.488520660737717e-11,0.4999999996016687,6.426311367798326e-11
ACCGTGTTATAAGTCG-1,0.09079364948970914,7.636941186100281e-13,0.1889581759685577,0.011571016153941498,0.4273475454258112,7.239693777460197e-13,0.1813296129602196,4.4063706237264927e-13
ACCTAAGTAGAACAGA-1,0.09454010452740588,0.05134588407371288,0.35564450302766637,0.03017625529605733,0.12106840280711527,0.05134588330092578,0.1813751769119196,0.014503790074855949
ACCTAATGTTACCAAT-1,0.20470491969680998,4.74825733925974e-10,0.30467676821618317,4.849156523628094e-10,0.24220881789317014,5.006301614807898e-10,0.4484094922347522,5.854718760460123e-11
ACCTAATTGTCGCTGA-1,0.09216696942110934,4.2017027231106816e-11,0.41784859987006345,3.7947678878838015e-11,0.17520992805533084,4.1481076757356044e-11,0.21477450251995772,1.3447861846307835e-11
ACCTATAACGAACTAC-1,0.09915955994514701,1.4889471734678351e-09,0.4245378146130704,1.5358415091597634e-09,0.2105955780928605,1.7296534590732374e-09,0.4657070401694235,1.5730119737601377e-10
ACCTATGCTACCGGAT-1,0.0007929478632715235,0.06618657041188845,0.2912671770015932,1.5243722685846937e-13,0.3603607121886936,0.0007929470388123787,0.180599645495645,1.4600519453962745e-13
ACCTCCACAGAACTCA-1,0.1987556193006134,4.815982270958742e-10,0.4713243256027264,4.70384343870568e-10,0.31779144680658017,4.931934771564382e-10,0.2121286063310312,5.8141676241500166e-11
ACCTCCACAGCTACGT-1,0.09711092816989252,0.001911546242660878,0.42182173504059545,0.019227069686065662,0.23495476082200853,0.0019115451673590283,0.12306241485882151,2.70834305448693e-11
ACCTCCGATTATAAGA-1,0.056283138259901964,3.8515391744650394e-11,0.36610366415060225,4.058439417173838e-11,0.15762704674420924,4.325527893609661e-11,0.31998615071048253,1.3450716871272973e-11
ACCTCCTAGAGGCATG-1,0.15166847347123846,0.004551261982411716,0.37442489241379223,2.7129779158392883e-11,0.13878601449109929,0.004551259278022855,0.22601809832215936,2.581481883830083e-11
ACCTGAGCAGGACCGC-1,0.03896680415050968,0.1584995707490177,0.4662723661997497,0.048161641065172685,0.10315867316496909,0.08494094376742738,6.879381215199253e-10,2.1691291386361482e-10
ACCTGCACTAGATGGC-1,0.08891168781953282,0.04293755132676862,0.48707395302443773,0.006158296337084275,0.17065376176494215,0.08891168544947929,0.01535306426391034,1.939111290522091e-11
ACCTGCCACTATCAAT-1,0.0245857541078426,6.5107818138461675e-12,0.2721017586427452,6.67949675801207e-12,0.1995701197509198,6.70110024464893e-12,0.499999999943687,7.333669425491452e-12
ACCTGCCACTGCGGTT-1,0.053809959689288984,0.23211735480862788,0.4642950149088654,0.029285522655753335,0.04196186555270155,0.0785301372984261,1.0961193636215981e-07,3.5523102343365206e-08
ACCTGCTTATAGTTCG-1,0.06779635564062247,0.12296532493599055,0.3984567494525025,1.23521321466703e-10,0.1449021639554693,1.2698725237517814e-10,0.16587940660457717,2.370195494367557e-10
ACCTGCTTGAGCCTGG-1,0.31434977284302695,3.10007805210768e-11,0.38300840859518775,3.13468051607204e-11,0.20764282276868407,3.1698823621942165e-11,0.29499899568725124,3.7819755710002646e-12
ACCTGCTTGCTACGAC-1,0.021621323583368345,6.008103757749626e-11,0.29613663849779376,5.764280959358603e-11,0.28159816336520466,6.345163079987522e-11,0.30064387433173473,6.646141146647715e-11
ACCTGTAACCGAATAA-1,1.0787936594294393e-10,1.0979584421538793e-10,0.3202709816708002,1.0883043431387715e-10,0.0667033261992168,1.051180048914874e-10,0.5130257463901512,1.328937795997023e-10
ACCTGTCTGCGGTTGT-1,0.015649588807886756,9.89844666391489e-13,0.2265069989707552,1.010107423527455e-12,0.4778133513256566,2.0210572560391973e-08,0.48003004067280425,9.75172289248734e-13
ACCTGTGGCGCTGCAA-1,0.05951996260580433,8.213245930058757e-11,0.36564648083227597,8.58468922193513e-11,0.09097890908711825,8.976476752897934e-11,0.3838546471842074,3.392872694911516e-11
ACCTGTGGTCACCTCG-1,0.31093535402222483,4.332874210104441e-10,0.41910612499586397,4.188356710960074e-10,0.058184155259219564,4.1883567086069106e-10,0.41177436409770296,6.061510984686827e-11
ACCTTCAGACCTCGGT-1,0.11938811620522756,3.328646441889638e-13,0.2511637991082109,3.2811004042245043e-13,0.04704207293506622,3.369335606856398e-13,0.5000000020083941,3.269642668408844e-13
ACCTTGGCTCTGTAAG-1,8.702657753718314e-10,8.330727093632676e-10,0.4782220424438815,1.017947561576977e-09,0.11305054416437951,0.1983927214871922,0.410334688798791,9.364219697257436e-11
ACGAACGCACGAGCAC-1,0.03161749202817737,1.9700645540265803e-13,0.3100386298302824,1.9694410601850163e-13,0.19390302904766188,1.9577185921998486e-13,0.3644408499089114,2.2373136624795725e-13
ACGAAGCTCATCCTCG-1,0.04405290562019218,0.04405292045837577,0.4081178168639642,2.9227110248342016e-11,0.14319854051927766,0.06170697581410643,0.4988707373466655,3.7353597731501e-12
ACGAAGTTCCAGCACC-1,0.013140040824462313,8.127180544704123e-13,0.20069776707446832,8.127180531204535e-13,0.5113431196853415,8.290220731594234e-13,0.4218023549448856,8.146578209787887e-13
ACGACAAGCACTTCAC-1,0.015464487082223467,0.09253923040658417,0.3108501005214411,9.47174998172149e-13,0.10320115247870326,9.572382687344222e-13,0.49999999999183564,1.105063453740577e-12
ACGACTGAAGACTTAC-1,0.152858242491539,1.757403105757111e-08,0.4576442269443603,1.7573803422525017e-08,0.17292966538306007,0.04076960661236785,0.07579822342059439,2.0468474647450207e-12
ACGAGGACCTGCTAGT-1,0.15267929329276544,4.128463533175749e-11,0.4085529777829465,4.081960483676549e-11,0.33320549738168864,4.105059195910937e-11,0.005562231451289335,3.976934332791233e-11
ACGAGGCTAGGTGGCT-1,0.05400946457770965,0.18273707588487614,0.5063145377756513,4.6441431849587904e-11,0.17111147821230913,4.6702092763717814e-11,4.567639374966642e-11,4.5682065044404904e-11
ACGAGTGCGTGCGTTC-1,0.2143977815576716,3.0650672457861703e-12,0.4837058928573877,3.1394021553790075e-12,0.049914036752204995,3.065067221356218e-12,0.4519822888120651,6.424517620396321e-13
ACGATGACTATTAGAT-1,0.1439125544216803,5.415102492053088e-13,0.4061575451850906,5.326126901362553e-13,0.07979145626390048,5.445247941016918e-13,0.49999999984141674,6.240813591611665e-13
ACGATGCGAAGGAGCA-1,0.05012531775018144,3.605793648633156e-12,0.38377414355007844,3.6057936493838743e-12,0.220274722809122,1.039567506020714e-06,0.49999999998955863,3.5429801586411144e-12
ACGATGCTCCAATACA-1,0.26472925141956793,1.4461762651928587e-12,0.453142656419082,1.430749549816356e-12,0.04300122004816123,1.4671316096455279e-12,0.43912687210286805,4.632477161077672e-13
ACGATGTCGCACAATC-1,0.07537420387150087,0.023677206596937554,0.2397851722176441,1.96990519499205e-10,0.19133600824553407,0.07537419613727547,0.2944532126899188,4.48331972767009e-11
ACGATGTCGTTGCCAA-1,0.11401364172931407,4.0302254766198403e-11,0.14690129865366622,4.166267943202634e-11,0.11512977884195835,4.134986618773932e-11,0.5239552817445883,3.7269212361971446e-11
ACGATGTTACCTCATT-1,0.48564327605863433,4.2725673827932e-12,0.49832215388289974,4.243495913912501e-12,0.04225529288128018,4.376619170375252e-12,0.17377927701157625,1.11086446179249e-12
ACGCAACGAAGAGTAT-1,0.06950614065457811,0.009865162888887268,0.5695383656898373,1.4004527523645195e-10,0.12591501934204793,1.4035922710740544e-10,0.12517531120308809,1.3518194474716007e-10
ACGCAAGGCATAAGTC-1,0.070113744474877,0.057858872269854,0.5752418833957624,5.930550585606536e-11,0.19678427036589344,1.2294045668634335e-06,5.892968359416939e-11,5.677029141327928e-11
ACGCAAGGCGTCCAAT-1,0.0863741320874867,2.57367608291224e-09,0.29793735996936865,2.599548332714368e-09,0.1885690933389495,2.5930146297703197e-09,0.3271194058963575,1.0179619823944308e-09
ACGCAATAGTATACGA-1,2.150847808355085e-12,0.1793233454519164,0.4129780532494161,2.0680212995806104e-12,0.19348088079326078,0.02089278722239945,0.3933249332713673,2.015749614630045e-12
ACGCATCGTCGAGCAG-1,0.08810334781996894,0.05878125263301887,0.37032955351952745,0.043217730825640815,0.14609350798544016,0.07617008080468163,0.08210741713624432,0.035197109275586204
ACGCCGGCATCACTGG-1,0.04966924308141038,1.0629386518511486e-13,0.5160606513776045,0.0064020715612239125,1.104147632422848e-13,0.04101875845031338,0.40448662274303776,1.0381029585521516e-13
ACGCGGAAGAGTTCCG-1,0.017229895491701796,1.3410123098110612e-07,0.3814866658166808,1.184690776121024e-12,0.05892014145979786,1.191412105416762e-12,0.500000000006231,1.1585470863563575e-12
ACGCGGCTCAAGTTCA-1,0.10807941065752376,0.06603333621692604,0.4092404724038843,4.475862241906279e-09,0.319418671852982,3.0495168765192846e-09,0.29722808796454003,2.518178213299367e-10
ACGCGTCGGTGAGGTT-1,0.06758373587732791,8.591852399611398e-09,0.24652586225271872,7.433097941047906e-09,0.15519364548778927,0.04305929134832102,0.387637447602398,1.413347416948503e-09
ACGCTCAGTGCTATTC-1,0.06080355038607814,9.287888861560159e-10,0.4939265842607125,8.712028957656113e-10,0.2844663040154647,1.0235171957018187e-09,0.060803560472228936,8.778524139419131e-10
ACGCTGCGATTAACGA-1,0.13757355050609776,1.391746014498506e-12,0.43505100703757427,1.6582976970396575e-08,0.21098040880920516,1.3840634501181617e-12,0.41639501705587717,1.3540124277544977e-12
ACGGCCGTCAACGTAT-1,0.044325603749183116,1.7354057179211664e-10,0.247055256830792,1.672440669182655e-10,0.13976132897765292,1.7802175450723717e-10,0.46885781068852345,1.6492894917543808e-10
ACGGCCGTGACATTAA-1,0.02082472828502621,8.625492147799451e-12,0.48535420937982926,8.685277617578763e-12,0.20536461619612165,9.450595112747268e-12,0.48845644541575556,3.3190300329283705e-12
ACGGCCTGGCTAAGTT-1,2.8876204803483515e-10,0.12756785481330501,0.5160606521986917,2.83081784859729e-10,0.2906155455401604,0.05400920859732933,2.83081784859729e-10,2.9735083727607235e-10
ACGGCCTTGCCAGAAC-1,0.16963467043541106,1.3519725996210117e-10,0.3660621559653459,1.3348825732099363e-10,0.18333728087302878,1.7920948028247015e-05,0.18094797153479952,1.3182192150666496e-10
ACGGCTATGGCATACC-1,0.190607580604727,6.969086511336564e-14,0.30804622895082306,6.953149271045517e-14,0.11678121194546347,7.033547329763655e-14,0.3447276204706468,9.457041618705691e-14
ACGGCTTAACGATAGT-1,0.09457195685151386,1.6623639531560637e-07,0.5506534031569992,2.3820262521462925e-10,0.2057155926888164,0.024529438985276052,0.024529441724508043,2.3666505208295064e-10
ACGGCTTATTGGTATG-1,0.11044330932026195,0.050269852131128424,0.25387969760105816,0.020846419783216667,0.15853281853529,0.030659118853462307,0.27536877869703785,5.0828649263752145e-09
ACGGCTTCAGGTACCG-1,0.15721719356036276,6.514671983886774e-08,0.5734188991844213,1.2378225386530504e-11,0.16936384208961797,1.2640712410850288e-11,1.2730718605661055e-11,1.2293644765322005e-11
ACGGCTTCCATCGGAA-1,0.03900053728690939,4.783387454961776e-12,0.7052324731988107,0.2920422454600918,0.08572366459772202,0.039000536579125215,0.039000542855893786,1.5875061135014707e-12
ACGGCTTGTTCAATCG-1,0.268471911022524,0.06500873756313598,0.4527216139771511,0.03683579258948258,0.07696194484885374,1.8060283209014351e-12,1.7660832542788663e-12,1.732571438565753e-12
ACGGTCGGACAGGCGA-1,0.11285353333885248,2.833507258241102e-13,0.5102763505494012,2.9237233204059143e-13,0.08906878519297015,0.0025156208293337255,0.4852857100849465,2.804656561149846e-13
ACGGTGTACGGTGCCA-1,0.03464858016535981,2.1039745233198927e-11,0.33320047146986276,2.089981063908965e-11,0.12915467594487048,2.103974521697957e-11,0.4999999998252092,2.2307461464774278e-11
ACGGTTACATCCGAAG-1,0.10654465719870636,0.2011263368532933,0.5356747931263451,1.4891263915383872e-10,0.11922313066581201,0.11704881938171378,0.08552159956930264,1.4884191508684572e-10
ACGGTTCACCTTCCGG-1,0.08180388603746314,3.0270665977687595e-07,0.44599069858981466,1.1597660162289693e-11,0.2436259514748705,0.04677526806896547,0.08180389310953048,1.1289201956150237e-11
ACGGTTCGCAAGTAAC-1,0.12756782314120288,6.725577252268333e-12,0.499168053128648,6.725577252268333e-12,0.1273555970296882,0.27468508143330916,7.0805624161726e-12,7.345361247032252e-12
ACGGTTCGTACAGTTG-1,0.2754799013177414,1.2583811955803338e-09,0.49710974836448807,1.9209565881230667e-09,0.42741034108964887,1.4282688387709323e-09,1.920956543356952e-09,1.8136263058628681e-10
ACGTCAGATTACTTCG-1,0.12592067192078582,0.1406323920582525,0.28450533836421077,1.0099698334730355e-10,0.268741953250549,0.03765031823467268,0.042549326046848426,2.4073630915757325e-11
ACGTGCAATTATTCGG-1,4.948309587006698e-12,5.027293423327969e-12,0.13980449509578655,4.9743597398457195e-12,0.24882071946733542,0.004049808985754567,0.5073249765352896,4.872110860808291e-12
ACGTTAATACAATGAC-1,0.07285561073448683,1.312777588322157e-09,0.32820489909941486,1.312777587268448e-09,0.15239362300599474,1.4563698560751548e-09,0.34654586313733776,5.753342827470465e-10
ACGTTCACATGATCTG-1,0.3495151635342003,1.7655129919488172e-10,0.42576642882412286,1.8227849947592385e-10,0.07520324349476132,1.6843910925190722e-10,0.3495151635342003,2.535214127442987e-11
ACGTTCACGACTAGGT-1,3.39769068790124e-11,3.428779729662943e-11,0.26486215426289644,3.337173813708809e-11,0.15673008529930046,0.00987417673543861,0.500000000165414,3.307751445414832e-11
ACGTTCCATTACCTCA-1,0.1673724181422055,6.078570032040008e-08,0.33387958190181033,1.5723536297318385e-11,0.25588813620830214,0.03305436618017784,0.10980543676329942,1.537444395376125e-11
ACGTTCGTCCGCCTAT-1,0.21067500474264256,3.1127778401246933e-12,0.4852817459772765,2.967544084727717e-12,0.04080720617943381,2.893372345438053e-12,0.4632360430804137,4.431261429917225e-13
ACGTTCTATGCACGAC-1,0.05363686412499569,0.05363686098966963,0.3979577281044368,0.0024694917023667016,0.38982956576821626,0.0024694893069697405,2.0373489807051477e-12,1.9389113824644757e-12
ACGTTCTGCCATAATC-1,0.06976547436027279,1.582707824889644e-11,0.2937992285117575,1.0934188609837574e-08,0.11092347005803731,1.5702598985842923e-11,0.5000000000006305,1.695458828111869e-11
ACTAATAGTCAACATA-1,0.009874036533157219,6.78442286155119e-12,0.3516244321870247,6.704901099209605e-12,0.17392959306596736,0.061365076220813206,0.49999999973268344,9.735131026831436e-12
ACTACCTTGGTTGACC-1,0.10018479918713172,0.018746170796771055,0.520500381414919,0.011007801377031619,0.23081458793361856,0.01874616594172584,9.334698328127369e-08,2.2681780349753715e-12
ACTACGCCTCATGATT-1,5.3190763722871076e-11,5.188840381507302e-11,0.26950817389722126,5.116358232292942e-11,0.28752194051878016,0.05965848911700063,0.4999999801552588,6.442348738092378e-11
ACTAGATCTGAAGCGG-1,0.12027186398285564,3.216684921691983e-12,0.5588716023076299,3.2299736037573733e-12,0.14655877516437424,1.796614142270033e-08,0.07429774057674715,3.0896557964422194e-12
ACTATCAAGGACGGAA-1,0.09446176288385945,1.0267221382331538e-11,0.2193868398617203,1.0267221404384173e-11,0.33702075968600315,0.006191447223607453,0.24293919031883293,9.781090574129145e-12
ACTATGAGGTTCTGTC-1,0.21716057766139363,0.0196684964098324,0.4725635700203498,0.01047366996052865,0.1316018584029357,0.00127884417609929,0.04725298336847367,4.747551579922057e-13
ACTATTACCAGGTGCT-1,2.902945270449357e-10,2.6599227425662367e-10,0.21026492337990307,2.680757932801771e-10,0.28110755190468506,2.788592263836802e-10,0.4086275233356409,3.139325057325655e-10
ACTATTAGACAGGCTG-1,0.13678020440583813,0.3358151498639519,0.4305688557944273,2.1559746677423514e-11,0.0042878481715382345,2.1874482533962082e-11,0.292547941631693,2.132925842140395e-11
ACTCAGCTCGAGTGTC-1,0.029521901144464364,0.05894535855898975,0.5716354108171028,0.02952190301756861,0.18073759792901287,0.029521896972703583,0.00011593197112658979,6.344108958924014e-11
ACTCAGGCCTGCAACT-1,0.1489694787176277,0.00605687658830696,0.28766757991627595,0.01445725432764548,0.2243655276484405,0.03127275482810777,0.18721052797099857,4.299972993937779e-12
ACTCAGTAGATACAAT-1,0.04058075507228663,0.003801840060301928,0.32660779569765763,1.2959320108529855e-10,0.22461559190678254,0.0038018387854834297,0.3005921782872102,1.210721294422396e-10
ACTCAGTGAGCCTCCA-1,0.2107184982957213,4.4380352849645186e-13,0.49875887947991876,4.454625031486471e-13,0.046781453125061795,4.521958514891142e-13,0.40260353700321516,4.693954247544455e-13
ACTCCACGTTCGCTAC-1,0.2978601816334685,3.1534142194578935e-10,0.4214288714947952,3.121343026726052e-10,0.08258548934814475,3.175058731019158e-10,0.39812545638234476,4.323032903363724e-11
ACTCCAGGCCGAAGAC-1,0.2536685733791807,1.6979482933345933e-09,0.4795260435596923,1.6815662736796957e-09,0.05349988210422517,1.6275217221793405e-09,0.41330548773954706,2.1741191233854217e-10
ACTCCAGTAGCTCCAG-1,0.08918471160194102,0.04440223045263405,0.42803381114307615,5.614059985381977e-11,0.19200780854510413,0.01881854028325193,0.12755289788951682,2.950469543503856e-11
ACTCCTGCGGCAACCA-1,0.0748485592557212,0.15715170051245,0.3494393769303786,0.019047015405707215,0.2005569640087078,0.029183367102587492,0.0697730164055574,3.8227486551059814e-10
ACTCGACGTACACGCC-1,0.0406314925516056,0.04675159555783566,0.4955552672002006,3.7723981695814655e-12,0.23316143411785506,3.862389395445663e-12,0.38390021054349344,5.341168122106806e-13
ACTCGATTGATATCCA-1,0.49999998705607207,8.591716718850952e-11,0.5090759155214064,8.464439416451497e-11,0.0876826577898987,8.699706998404098e-11,8.527761133016375e-11,1.247456248572748e-10
ACTCGTATTGTCAGAA-1,0.05084867621903851,0.013010299413405901,0.2488589988190684,2.7762444199889297e-08,0.2712606598516945,0.04664112133506916,0.269380210419339,6.243415773845577e-09
ACTCTAAGCTTGCGCC-1,0.08850113398927195,3.941959872340816e-11,0.535549500874678,0.0548701472014075,0.10315454762641539,6.630035443812093e-08,0.1179246039957033,3.726959147624344e-11
ACTCTACTTCCGCATT-1,0.18773878486071688,2.0064781483432339e-13,0.4240066859120688,2.0184027563582404e-13,0.05788847345207251,2.0345127300684312e-13,0.4999999997916405,2.072823399125147e-13
ACTCTGACCTTACTGA-1,0.06683602976245252,0.06683603154582173,0.3906798592204464,4.543854730994099e-08,0.06670159369942252,4.543854730994099e-08,0.3089463844999231,1.04314651721417e-08
ACTCTTGCGGAGAACC-1,0.34098858908493246,7.990487807929539e-10,0.29651207548795805,7.760727818263157e-10,0.10653377475614804,8.012344142499168e-10,0.45596555744364725,9.384499666048751e-11
ACTGACGGCGAATAGT-1,0.18347004548262624,1.8659213190211717e-10,0.4245802034434072,1.892708002577788e-10,0.18316479688095902,1.976396985889412e-10,0.40878495349433197,2.5591393516351712e-11
ACTGACGTGATATTGG-1,0.04687092525730856,2.1903880904250284e-09,0.19232627935452623,2.5964663160003336e-09,0.09519347191911506,2.342862888317557e-09,0.5656093153207573,2.072824530134673e-09
ACTGACTGTCATCTAC-1,0.01722989534729994,0.16434715643321943,0.4155463519981733,1.1480859903041353e-12,0.04370946830207733,1.135379182335639e-12,0.4999999998600267,1.1371376299878926e-12
ACTGAGACCTTAGCAC-1,1.0935668893150357e-11,0.34717554262874517,0.4533467464568184,1.0744877124163633e-11,0.3833159691984561,0.016161741637059416,1.083935824352496e-11,1.0252087885545248e-11
ACTGAGCGATTACTAA-1,2.6146942355891008e-11,2.498839732087929e-11,0.3387626616214511,2.471432867506807e-11,0.31871465111215486,2.5554940091020745e-11,0.3549228275028673,1.2668293318744396e-10
ACTGAGCGCAACTCAT-1,6.617791441364288e-13,6.544527309600204e-13,0.5123267944657166,6.54452732722949e-13,0.1189115461286906,6.526336012508658e-13,0.4999999998017352,7.424260925361073e-13
ACTGATACAGAACGTC-1,0.2150695238120541,2.7388224968253737e-10,0.47205884008323207,2.865718153214764e-10,0.2242434889779375,2.8332051411223185e-10,0.28862814611673326,3.575594438158273e-11
ACTGATACCTTCACTA-1,0.08100199652450854,3.5441838712323847e-10,0.3216446558072486,3.5441838691952704e-10,0.06693521709567167,3.755274733238449e-10,0.4304181305650856,3.93070539451605e-10
ACTGATACTCCATTAC-1,0.05172228419858034,2.6561255112860384e-11,0.22938944462794983,2.7110122719555655e-11,0.1470502418798184,0.3136911345795285,0.15814689465544496,5.690179799794357e-12
ACTGATGTCCACTCGC-1,0.0030772762113703096,4.2013802167597755e-12,0.527259429162254,4.157994134201195e-12,0.36194983513323864,4.260650088734088e-12,0.03703187583930669,4.101545117863076e-12
ACTGGTAAGGCCTCAG-1,1.814787014830252e-07,0.14596183883723668,0.4047563877660703,6.438114203716702e-11,0.17992176328501558,6.407693421966733e-11,0.46935982797062115,5.997713270148655e-11
ACTGGTTCTGAACGAT-1,0.020569662104309095,4.23194785180357e-11,0.3471449993407951,4.174084506057593e-11,0.1825622210080858,4.197041321181987e-11,0.5000000000219013,7.1184803491371e-11
ACTGTACAATTCTACT-1,0.14848653734291087,2.8285442089991414e-12,0.5618917995794727,2.7796296099368513e-12,0.18825228212357956,0.001369380949586296,2.845233913840115e-12,2.716982683424733e-12
ACTGTAGACAAGGAAT-1,0.06847887556922495,5.543312378980069e-11,0.4258474375540722,5.5701226472851434e-11,0.1232126189543984,1.3642180421419682e-07,0.2824609316896133,5.3620218306853325e-11
ACTGTAGCAGCTTCTG-1,3.655772811655084e-13,3.5940066701327053e-13,0.3533290233460683,3.517675178633983e-13,0.156751652624578,0.054009208922384595,0.3703113127991939,3.817919226049527e-13
ACTTAAGCCAGTAGGA-1,0.3168915460864518,3.985054600124699e-11,0.357275682568405,3.731888891669268e-11,0.2089412251273966,3.877734592545278e-11,0.3168915460864518,4.949776712339968e-12
ACTTCGACGGATCATT-1,1.582031629413721e-12,1.5280302976634317e-12,0.2944946977906064,0.011946792590632948,0.12923423798635947,1.6006496241110093e-12,0.4643242716275678,6.913594064210695e-13
ACTTGAAGCGAGCGGT-1,0.08552171197594201,2.9015334802712844e-13,0.38474897669756436,2.9106833654321673e-13,0.1949655914530073,2.966673784825478e-13,0.49999999972230136,2.9886888020581804e-13
ACTTGAATGTATTGGA-1,0.044285086981338144,0.0863312012984144,0.3726651993149663,0.012772692855903104,0.22405600417858412,0.15988981517218667,1.4215054159521274e-10,1.0231248028346044e-10
ACTTGAGCACGAACAT-1,0.12749804235762155,0.04194881999647925,0.32575531762486964,0.06796095528261076,0.22541242423458274,0.05053301178381803,0.041948819673556584,0.018942609051998224
ACTTGAGCCGTTCTTA-1,0.0338732948746561,4.1526555049097655e-10,0.29793069163960184,0.09045459024372231,0.08012825763522484,0.04518659955856548,0.3524265652025084,4.6288909109218955e-10
AGAACAGGAGCATGGA-1,0.4708365069525786,7.715579872507901e-13,0.511188294979944,7.620132677146251e-13,0.08081056310809431,7.751809433269091e-13,0.06380721626139937,8.35693843174391e-13
AGAACATACTGGTCGT-1,0.016171987463733814,2.779573692345794e-11,0.21903717313358517,2.7795736947108687e-11,0.08496335711766842,2.7795736871825325e-11,0.5798274821925364,2.5355689782692658e-11
AGAACTTCGATGCGTA-1,0.08526741931401409,0.11201333349997898,0.5201465718395226,1.3352680070378813e-07,0.19166631958909902,0.04514854003547205,0.24575761462149812,5.3372313970205494e-11
AGAAGCAATGAGGAAC-1,0.023699635920657415,0.010900438123348056,0.2627248593446024,3.912775001214772e-11,0.4162442594478631,3.9127749630360855e-11,0.18643080707576482,9.638451787945416e-12
AGAAGCAGCCTAAGCT-1,0.3535248178968754,1.437871708454861e-10,0.393501451247758,1.3862806060025685e-10,0.08009814262552296,1.447544977076527e-10,0.3728755877263782,1.986856250024403e-11
AGAAGCGATGTTCTAA-1,0.107942114582224,1.3732014325122047e-11,0.46024984469132013,1.3574935907117431e-11,0.13009686602544066,1.3420806110513867e-11,0.4999997135939513,4.5583799664061825e-12
AGAAGCTGGCCTAGTG-1,0.15133207460629763,3.4506466878673652e-09,0.41905772240398514,3.4506465665798705e-09,0.13978582327476646,9.80639185153693e-09,0.4898242966317499,3.4605661115164876e-10
AGAAGGATGGTATGAA-1,0.2641662145829325,3.0062115428393334e-12,0.5074360198965125,2.9916938572276598e-12,0.029435366956698253,3.0503830323956755e-12,0.30619759619290476,3.6814753010426506e-12
AGAAGGCGTAGAATAG-1,0.13893112939350194,1.532710329046212e-11,0.42917744116342377,1.5157166907039118e-11,0.05809806049760393,1.5185267971515373e-11,0.27379351608096614,1.4856734759204127e-11
AGAAGTTAACCAGAGC-1,0.3086250229431899,0.07663584457732628,0.5095436088175033,9.199651551637202e-12,0.050572805389745484,9.324396123500241e-12,9.534951368191054e-12,9.95480531466049e-12
AGAAGTTGAGCGCAAG-1,0.019077763360334236,0.2838888481040997,0.5137912135690914,1.4434519476672806e-12,0.3641644040260101,0.019077759141697282,1.1789554013332774e-08,1.4228534094317517e-12
AGAATTCTGTTGACAA-1,0.16437834486161088,0.0038884613225252706,0.3620870773784379,2.765426375947628e-11,0.1985886387830102,2.866374377290591e-11,0.17105747760777618,2.7538260822445204e-11
AGACAAGACGTATCGC-1,0.13188271456012873,0.011511702315661067,0.49035343107297097,7.473735867803832e-11,0.16688087227012352,7.575832667578152e-11,0.3993712792241164,7.174104914842741e-11
AGACATCTTAGCACCT-1,0.10361714185090193,4.6175578179697345e-12,0.2924671928001067,4.62356426958007e-12,0.13968326712643397,4.690437983726378e-12,0.4999999998845003,5.069464020539013e-12
AGACCGAAGACTACTC-1,0.10705470825493268,0.00593830290302023,0.35503808838627005,0.0059383027850288496,0.28342476679464434,0.02696133402905011,0.11564449682216128,2.957511894278293e-11
AGACCGACCGCAGACA-1,0.2548883189055008,1.3227900470037348e-09,0.48812355192666035,1.2868708101388474e-09,1.3820236064758114e-09,1.3289177042459182e-09,0.45698812075022355,1.8516796951075653e-10
AGACCGCCGGCCAATG-1,4.101424191775943e-12,3.996479808592496e-12,0.37263044282995655,0.025703863369696444,0.22989349488420927,3.983680391672166e-12,0.4999999996565796,4.117638027286751e-12
AGACCGGACTGTCCAT-1,0.1283770037994569,1.0239524097788245e-10,0.3816944943595413,9.957230058000768e-11,0.3460345783779311,1.0459684630799644e-10,0.3438939231162699,1.3826844631815757e-11
AGACCGGAGCAACGCT-1,2.9470062174854452e-12,2.8827724969414884e-12,0.24165738024400138,2.903875379673063e-12,0.12939850922800855,0.004311856862124848,0.5246322536698695,2.8213055798214723e-12
AGACCGGTATCCGTGG-1,0.18183616363466806,1.6166814528244106e-10,0.4351402429665521,1.5453362037155328e-10,0.2494311317966021,1.5732776105964676e-10,0.3335924610592597,2.0971991800590374e-11
AGACCGTCATTAGTTA-1,2.6000425242345974e-11,2.4737632917732837e-11,0.45420609528549616,2.4859908394607937e-11,0.5020891598461104,2.5232166661947663e-11,2.4859908376658117e-11,2.490118235843138e-11
AGACCTATCCTTATAG-1,8.791272104391392e-08,3.15828943678638e-11,0.33467792646464856,3.152002720708447e-11,0.2088240481886101,0.1772086270284696,0.4792893098359712,2.969911792384844e-11
AGACCTCAGCGAGGTG-1,0.05131796811652413,0.060369642805259555,0.2410281512005198,0.05131796876053011,0.18422682205382238,0.07180310035201969,0.19238961656606965,0.047546730145575186
AGACCTGATAACAGTG-1,0.11002225571607256,0.02976980482676091,0.49661138373639435,2.0745630121173358e-09,0.2405205832553297,0.02307596762958668,2.1821091799800597e-09,5.817102244623331e-10
AGACCTTCGCGTGAAC-1,7.427301435820326e-12,0.22454455738167498,0.2951620505596563,0.22454457000714798,0.11699759951225455,0.0038687583153618962,0.33488246410458233,7.274702305058269e-12
AGACGCGTGATGCATC-1,0.2961727066380187,0.028212457511984448,0.48598191426156884,3.357574660604661e-11,0.056168382091689485,3.4926734756542585e-11,0.03346453941232475,2.0884108914556996e-11
AGACGCTTGGCCTCAC-1,0.04008783810553553,1.3018220484451926e-12,0.48847232110516287,1.2917185346504888e-12,0.3055902641642357,1.3223307334744804e-12,0.36584957661569656,2.0429712321093254e-13
AGACGGCCTTACGGAG-1,0.10533241273044074,2.590160610348013e-12,0.2148322712383527,0.002791709617943537,0.3691841557893212,2.5726573561514528e-12,0.20785945061799252,2.50502412803613e-12
AGACGTAGGCGGACCG-1,0.20818496517967466,1.700292326061836e-07,0.5070321012046645,4.864161569576623e-11,0.03492342437169425,4.976721937103042e-11,0.4498593388229937,4.5862832437565274e-11
AGACGTGGCGTTGAGT-1,0.286779024874682,2.4306376057636827e-11,0.46915439519895485,2.3898949047862968e-11,0.1469845118789279,2.3114867369860456e-11,0.29708206796781345,2.5661522739566603e-12
AGACGTTGCACCGCCA-1,0.07345337039243832,1.1472030313989808e-09,0.20875679642590148,9.93369845947742e-10,0.3886004406528771,1.1138728312224468e-09,0.22918938889998103,3.779519539931835e-10
AGACTCAGACAGATAA-1,0.06674281837115227,0.11577700698906546,0.303979872298,4.077185216518271e-12,0.19964019847127282,1.9591078251157787e-08,0.21386008427495543,4.010621584051846e-12
AGACTCATGACCTGGC-1,0.3020958551937554,5.813175091860167e-11,0.42223494556639124,5.889249340544604e-11,0.17357334384720757,5.775704681114171e-11,0.3020958551937554,7.492156941081181e-12
AGACTCATTGCGGACA-1,0.26449665337554384,1.199159274740216e-11,0.5093974467047411,1.2676107753761932e-11,0.12209886924475641,0.022194541362193763,0.28181235418785355,7.98343190039781e-12
AGACTCCGCTTCGTAT-1,4.173693070350685e-11,4.173693076009924e-11,0.4207447438675133,1.1056659537747886e-07,0.08717577793255964,0.04892244140592813,0.3431569263864516,4.121871148105058e-11
AGACTCCTGTATGGCG-1,0.03561953613620461,7.238638100988231e-10,0.43236160829744713,7.195279307940772e-10,0.25197300925523836,7.310999443992755e-10,0.29307473157849934,9.226530792388466e-10
AGACTCTATTAGCGCT-1,0.09771974279315762,6.18120377568624e-09,0.4614618007091133,6.1812032113962785e-09,0.22838698095069196,6.181203383267734e-09,0.11243145500926872,2.163104884595627e-09
AGACTGGAACCGTTGG-1,0.09725053516684254,0.007688471683554193,0.3119402787278398,0.0076884725927784245,0.2920751039990109,0.014088067537312652,0.16926907028791596,5.494576677303037e-12
AGACTGGTAAGGAGGT-1,0.2638046147807489,5.0698482253293023e-11,0.3873725700417294,4.901783124692468e-11,0.28501820022813085,5.035532412697867e-11,0.2638046147807489,6.690634661347026e-12
AGATAACCAATACGCC-1,0.014496022594299754,8.620993062181995e-11,0.1830700806681136,8.563207413968882e-11,0.1182559734027669,8.73897632601986e-11,0.5841779230436286,8.054059819033561e-11
AGATAAGCCACTCATA-1,0.035619547948597986,0.081593700583771,0.5225514791469351,1.1659501353363213e-12,0.245278835322017,1.1464533645929654e-12,0.22871094100820688,1.2481573750352221e-12
AGATAGGTGACCGCGT-1,5.796203476317652e-10,5.796203530233416e-10,0.26930629920182536,0.02393992497431907,0.3603466308327987,5.305532645369786e-10,0.24640714303842626,2.70689357570035e-10
AGATCAGTCGATAGAA-1,0.29992929713948824,6.536841857186099e-10,0.4783095695028708,6.514082518571683e-10,0.07475430326919565,6.652367473463234e-10,0.3470068267608607,9.851638223297219e-11
AGATCATTCACGCTGT-1,0.0645133789718925,5.821297960089775e-13,0.22835251487072303,5.711615459925275e-13,0.3475094131057777,5.821297945131248e-13,0.49999999978234205,6.246601871711416e-13
AGATCTAACGAGCTCA-1,0.018305437927721473,9.491819278256353e-12,0.4580699431847495,9.615209267383685e-12,0.26319762092666726,9.615209249930174e-12,0.4604269978452806,8.52980414166118e-12
AGATCTCCGCCTTATT-1,6.879454382075437e-11,0.3098027889261735,0.37787958491637735,6.355379349453532e-11,0.3496321180809459,6.609596977517732e-11,0.16268550784969832,8.678028669989246e-12
AGATGAGGCGCCTCCA-1,0.03258035192936619,0.03258035387199695,0.3252941743136352,7.698772756238362e-10,0.1921814057108661,0.07461170253468258,0.2427520109663169,4.115968239921763e-10
AGATGCACGTAGGTGC-1,1.063938698871111e-10,0.1785377927208085,0.4740389538221802,1.0379025627425654e-10,0.014052229388341895,0.08046943108977712,0.4529015921623189,1.0091464093048286e-10
AGATGCTCCGTCATCT-1,0.15024463786950096,0.2238032615135591,0.6057501562398734,0.0031273858388125315,0.14038854688400518,9.899322458959039e-14,0.07668601162296507,9.428488923129576e-14
AGATTGAGTTAGGAAC-1,0.08662505739181468,9.640449925590263e-12,0.5762764944665089,9.480049675786836e-12,0.18067407660280094,0.004416003539664349,0.052008367987470175,9.230664184984674e-12
AGATTGCGCCTCGCTC-1,0.08923932124948462,0.04564848225405472,0.26957273681121074,1.4686724190984498e-07,0.4314737536415541,0.012959026344676258,0.05110653276720276,8.790873469414812e-11
AGCACGAGATAACGGT-1,0.054009200600170726,0.017229884482416958,0.6140825819229124,1.8213734772854005e-11,0.15704708941251955,1.8746279414632958e-11,0.31146439710150026,1.8073907349939103e-11
AGCACGATACCTAAGC-1,0.05091904316513079,0.07688524660216614,0.45457827899686526,1.941807730997768e-12,0.15518172829073065,0.06823475458418579,0.09420094835992729,1.933442931855482e-12
AGCACGCTCGATCTAA-1,0.03858880342481349,1.1002714488656653e-12,0.2495295148781683,1.0445431647820513e-12,0.08612107614377201,1.0797500476436215e-12,0.5257606055525681,1.0782739378949532e-12
AGCACGTGCACCTCTG-1,0.012818952869791874,1.1881285894448926e-10,0.10752224645806542,1.2210042105509992e-10,0.09439980273238453,0.094557109662974,0.5907018880096924,1.168421358650604e-10
AGCACTCATACAGAAC-1,0.0563999998353681,0.06621271852146551,0.4970935801448148,9.453909333001753e-09,0.11222535800165537,3.2279274485518103e-09,0.46806832112052743,4.007629070316145e-10
AGCAGGTAAGTATCTG-1,0.007715451462746217,1.0032673976800247e-10,0.5353296231310081,9.786424077885773e-11,0.06365595628077064,9.938899364362788e-11,0.293298969453105,9.684923643028062e-11
AGCAGGTGCAATGGTT-1,0.005813608377339605,2.946260673233266e-13,0.18679024566296548,2.937163797795114e-13,0.2535598424082197,2.9371637961128353e-13,0.5000000000011005,2.8969390857368906e-13
AGCATAATTCCAGATA-1,0.04731537352488771,0.007196580120702771,0.5190752629832607,1.1706809333343102e-11,0.2934563676364567,0.06068833126533821,1.1897480572474614e-11,1.1671196735385914e-11
AGCATGAGCGAATATT-1,0.1701786109699556,3.7480773661732195e-11,0.5173990901067649,3.6029685001560137e-11,0.018845685891286486,3.7994157943515376e-11,0.4935765937192865,3.309549709492187e-11
AGCATGCACCGCGTCA-1,0.1049264984327507,3.2629867408816365e-11,0.4108493806010023,3.29949559058928e-11,0.03260633888948614,3.262986743226859e-11,0.49999999847074456,1.5063877714512855e-10
AGCATTAGACGGATTG-1,0.08072046958934148,0.05469697796829408,0.2695713637880776,0.02344890242328901,0.21556657015856323,0.1134011603984287,0.12649788695492586,0.016096668737459695
AGCCAGATACTCGAAC-1,0.0526996741168832,0.08947898912478182,0.31610935282872826,0.03169133562950107,0.32037754837832333,0.06847064374145741,0.021172456077429732,1.0493299919895343e-10
AGCCAGATCAAGATTC-1,0.24443379816965402,7.123940213583724e-10,0.475747904031489,6.8942507176711e-10,0.10349386001776259,8.208393263607915e-10,0.3763244345120791,9.957713363017602e-11
AGCCAGCGGCAAGCGT-1,0.24531953788686817,3.954780543239003e-11,0.30554178382823555,3.8473319316920946e-11,0.31034588946612607,0.0036330035780035206,0.035159785159895963,3.764138275610814e-11
AGCCAGCGTTACAGTC-1,2.4119800095430275e-08,1.7703357600503857e-12,0.24124254382311897,1.7440066662926757e-12,0.22304522227533805,0.08299371913620476,0.35271849064545935,1.7268847753431563e-12
AGCCATCCGTCAACTC-1,0.11792873666628792,7.481843980689902e-10,0.46426675341049295,6.938263859454772e-10,0.17101974458404698,8.536708960082165e-10,0.44678476236172815,9.693553203336506e-11
AGCCGATGTTCTACTC-1,0.014390571758672288,2.371244708979256e-11,0.36697871473736315,2.3754188247012684e-11,0.19862020603823666,2.373722094301504e-11,0.4999999986402973,4.721735599496435e-11
AGCCGGCCTATTCCAG-1,0.10467189034933896,2.0300574450628947e-10,0.4626734148962287,1.9499162924863006e-10,0.17894861354380365,2.0716522777580136e-10,0.15370608056126622,4.562186054486398e-11
AGCCGTAGACTCTGAA-1,1.868751796664962e-12,0.022118233492752822,0.45896107768594474,1.7149874430319936e-12,0.3657886417833051,1.7149874408112204e-12,0.3531320470276729,8.854918105591398e-13
AGCCGTAGTGGAGTGC-1,0.0664135383073344,0.30399803462106073,0.3820376733233937,1.9983214958118893e-10,0.1435527186545272,1.9983214902680586e-10,0.30399803462106073,2.8952341793667198e-11
AGCCGTATCTTCGTCT-1,0.0752336621283887,2.7144537629043867e-11,0.3684402315774878,0.05070922351040354,0.1342317921506625,2.6888163157790702e-11,0.2713850905722337,1.1671538356449257e-11
AGCCGTATTCAACCGT-1,0.1226463660343883,1.6832235880160333e-10,0.28198067887912737,0.021988752750847156,0.1955132601817343,0.045218554409549694,0.23265238753615228,4.1201071831836374e-11
AGCCTACGGTGACCAA-1,0.03943257252223511,1.255442111520499e-10,0.2759754175939141,1.2775883992648162e-10,0.1717234637444783,0.01679138802735113,0.3960771578385725,7.632361925396952e-11
AGCCTCCGAACTACCA-1,0.11068246840506932,0.11068247079889672,0.47064951697564655,4.8262208459348666e-08,0.10752208668910783,0.04174303580113605,0.05872036738492472,5.6967525941350365e-09
AGCCTCGCATGGTCCT-1,0.03929751959965577,1.8671418149490942e-08,0.4912681867950203,7.870856630876821e-11,0.06860662770911242,7.943535258377728e-11,0.39237891027679506,7.999884061305037e-11
AGCCTCTATGCAGCAA-1,0.03685130560742789,0.007427863783535154,0.4671018606071897,9.763257188996178e-14,0.3223442121074862,0.06627475789454318,9.550563288388847e-14,9.448529098580982e-14
AGCCTCTGTTCCGATG-1,0.07457705630851175,0.0636354598520953,0.5375956678201251,0.010334217571889454,0.14053443375103522,0.031357269423022645,0.04196589511133239,1.6215743462696391e-10
AGCGACATCCTTCTAA-1,0.014375763897598651,1.5551464229801197e-11,0.4067613284077239,1.5696571307050916e-11,0.39205506704662824,1.577021229858535e-11,0.38680784054680506,1.5349989340089897e-11
AGCGACCGTTCTATAC-1,0.08845129902811366,0.014892728530088635,0.2451677896676804,1.0855758784971846e-10,0.24943064380911367,0.02102746932320202,0.28103006947208725,6.981067886309104e-11
AGCGACTATGTATCTT-1,0.050125325451172195,2.1299751165349554e-07,0.36434996376984896,6.012107174045212e-11,0.08137043218007614,5.962419611321514e-11,0.5000000075308547,5.822299178088978e-11
AGCGAGAACAGATTCT-1,0.15699128165013795,3.914619545270015e-12,0.2672915850094741,3.914619550971771e-12,0.11447384109078251,4.029550760102776e-12,0.4999999998973438,4.204188358860738e-12
AGCGAGGAACTGGTCC-1,5.911055987823511e-13,0.029484772210036432,0.49916805832512234,6.074926467909627e-13,0.2819806649585381,0.029484774971560372,0.07851895569300796,6.169315543323596e-13
AGCGCATCGTGGTCGA-1,0.17562748267052433,6.326465245778699e-10,0.3687531247270179,6.376900962954395e-10,0.20117044088271155,6.479458812578488e-10,0.4544489492191852,6.756947737001705e-11
AGCGGAATGTCGCTGT-1,0.07974632750315495,0.05184560179954503,0.32504655222337875,0.030956887313258036,0.27502246185545076,0.04488051271932917,0.08672106939466691,0.005780587192125962
AGCGGATCGCGGACAG-1,0.029484758704599812,4.3415753382406594e-13,0.4019862174018497,4.376650522723767e-13,0.26435983102169935,4.341575335574553e-13,0.4830913712611218,4.2932711254221135e-13
AGCGGTACGCCGAGAA-1,0.0014589286480889269,1.1278558308310215e-13,0.43992958108010055,1.1460965864407966e-13,0.017391455717056806,1.1350830287392213e-13,0.5000000000002498,1.1171933576154532e-13
AGCGGTACGGCGCATC-1,0.010445746809822345,1.3123502739868204e-12,0.3804058341765878,0.010445750072275302,0.1940189638213669,1.4218953970668002e-12,0.30468370511708404,9.453503432566362e-13
AGCGGTGAGTGACATG-1,0.04988868028970303,8.112219878559702e-08,0.23173053901237775,0.0223041992997729,0.2823902949465321,0.07747316763769575,0.23621303766415816,4.12571633004011e-11
AGCGGTGCAGGCATCT-1,1.197747541980555e-12,0.22403287555135754,0.35709928492672405,5.51799496949193e-09,0.24307869435669846,1.1420754891244051e-12,0.3757891396418814,8.619937747864151e-13
AGCGGTTACAATACGC-1,1.2261908666637116e-11,1.2331331709209532e-11,0.4086513629020148,1.2331331707058863e-11,0.3674213460708707,1.1991861367728347e-11,0.12756828039490534,1.1861249249511421e-11
AGCGGTTAGACTCGCC-1,0.013121220149973493,4.3665666998250955e-11,0.4585833773610573,4.425339453798246e-11,0.42093992082381443,4.465464295030492e-11,0.3073554813682739,4.2206457212219305e-11
AGCGTGCGCCTGATCG-1,0.32861824556754,8.230206563586574e-11,0.5182448713826775,8.038897786601627e-11,0.12016343223251919,8.16512994232533e-11,0.10304338647287357,1.4538386332360632e-10
AGCGTGCTTCGCTCAT-1,0.07200579674710718,1.0948326237771285e-11,0.23086286983749993,1.8608321591422934e-07,0.32073409122962887,0.022956903818233534,0.25344015226591804,1.0595062212459841e-11
AGCGTGGCACCGACAA-1,0.065752999732528,1.0186512546820768e-10,0.24909406302377232,1.0226607943221724e-10,0.06919625379447719,2.0059394214386482e-08,0.5159566678549856,9.72635337276811e-11
AGCGTGTATGTACGGT-1,0.20915253471108355,0.07040787677039316,0.5275886648652771,0.024433738726075627,0.06237282350031193,0.006044361232282218,1.2617463637853315e-10,1.1350814119495167e-10
AGCGTTATACCTGTTG-1,0.05161204613074526,0.00871265721359992,0.23769346098476077,1.69019809435963e-11,0.2688518152746956,0.008712655335152216,0.3244173650391165,5.372020275412945e-12
AGCTACCAGCGTTACT-1,4.3350385122016605e-13,0.016507686271733425,0.42250547093488067,4.2710102718582624e-13,0.22831865106956822,0.04803491022612942,0.18463328149674965,2.123654326988313e-13
AGCTAGCGTACAGTAA-1,0.16146230892581698,4.021697081330304e-12,0.49461425816473004,3.812648576928635e-12,0.0681160743095793,0.014345056591767635,0.16146230199928463,1.3585762512397623e-12
AGCTATAAGTCCAGCA-1,1.6283470037048716e-13,0.012654776464919726,0.24172481981303273,1.5814469108369846e-13,0.3628556861360982,0.1965513270982145,0.08621339048777532,1.3861174626005851e-13
AGCTCAACATCGTCCG-1,0.05427201622604501,0.10777856826469917,0.12594391401678345,1.2492958175401847e-09,0.10759924611054764,0.027526139072623336,0.4768801147675156,3.097225894449124e-10
AGCTCACTATGCAGTT-1,0.02059086740141566,6.576120650546818e-12,0.436818471771271,6.317828953540513e-12,0.265490149173814,6.6836883597586645e-12,0.47710051146016114,3.9561127114478955e-12
AGCTCGACAGGCGATA-1,5.466934314202667e-11,5.444266295537357e-11,0.28950122841262893,5.5131654948633764e-11,0.23896448646478596,5.5367088518507166e-11,0.49999999708950177,2.012972829545936e-10
AGCTCGCATTAGGATT-1,3.306798645721326e-11,3.21307351289149e-11,0.3166160518391726,3.177037753973968e-11,0.13147730703772126,3.274952470056824e-11,0.4647018367013905,3.1426077945413304e-11
AGCTGACGTAACGCTG-1,0.04246517871694822,0.0811864367788203,0.5395103914520444,5.743078046339851e-12,0.1711470964918426,5.995546655246501e-12,0.06569499398161503,5.7030779028461604e-12
AGCTGATCGGATTGTT-1,0.08120386138108687,1.1295363191522292e-11,0.3017617282571666,1.138371472764884e-11,0.3482516247714183,1.1510196175409417e-11,0.1687827855544014,4.060073579793038e-12
AGCTGTCCAGATGCTA-1,0.06874693964089566,0.15280975010019957,0.3614124263189631,0.005692513808848214,0.21587587864050153,0.026715546997708207,0.06874694449034549,5.213587200799603e-12
AGCTGTTCCGGTGATT-1,0.27404216823325356,4.787261712418444e-10,0.37627522652518375,4.6058565397306534e-10,0.13347617884360893,4.860437207065782e-10,0.4162064247116465,6.019057045965954e-11
AGCTGTTGAAGGCCTT-1,0.02477359830989556,0.02477360593389429,0.4451155366444589,1.553490982346849e-10,0.09816862243422031,0.13511154357026064,0.17205709285645704,9.673837866665479e-11
AGCTTCGCTGCGGTCA-1,1.0909309378170953e-09,0.08209086004630203,0.47346826462823005,1.0909309523576864e-09,0.20350311443224395,1.015593911586592e-09,0.1409377574441814,2.5913263601867496e-10
AGCTTGAGTCAGGCCG-1,0.19318962790073527,0.08285170592173266,0.3079318450795655,0.1931896466972769,0.19286821052145459,3.9048897778290074e-10,0.22996896035977882,2.3520769230046074e-11
AGGACCAGTGCGCCAG-1,1.6466187284355535e-12,1.6045371797798494e-12,0.5347477654265678,1.6183233175387507e-12,0.21598280728919944,0.001639350038083151,0.4476300772330292,1.5842923626081458e-12
AGGACCGCAATAGTTA-1,3.0979575092952043e-10,3.097957520830205e-10,0.24022744738029164,2.960768279659999e-10,0.18378276844356145,0.34889606357133474,0.42709371946004115,3.72875902480117e-11
AGGACCGTAGATGCTA-1,0.04208049758177362,8.847589321783865e-11,0.347677444505487,9.131996365158621e-11,0.37091206838067964,0.023690857953301805,0.11563913137258995,3.754690960577009e-11
AGGACCTGTACCATTC-1,0.045829493555631914,7.361563195758141e-10,0.403432765978586,7.251304484456558e-10,0.13147721508368557,7.361563186737241e-10,0.49999999717941124,8.959140570420203e-10
AGGACGAATGCTTCAA-1,0.22275270544667883,1.0043991305270212e-11,0.5200081359707203,1.0033908768993598e-11,0.12324832871149309,9.978846387208072e-12,0.18813600121271037,1.0284782504433113e-11
AGGACGTATCGCCGTA-1,0.021643419308991798,1.10045827639415e-12,0.34321809774687634,1.1004582770939449e-12,0.07601366710983057,1.120296642570658e-12,0.5000000000021123,2.239207580341799e-12
AGGACGTCGGCACGAA-1,0.3294236011468295,5.795664508458162e-10,0.46263914791038263,5.660599345529e-10,0.066244050243518,6.115466729061608e-10,0.3416931970485118,8.717837865516348e-11
AGGACTAGGACCGCAG-1,0.16281564414465308,0.10764667642610753,0.3324797639411805,2.27618845334599e-08,0.1645179958983396,0.07086735619870882,0.06167253612995965,4.895127480727146e-09
AGGACTGAAGTGCCTT-1,0.1275678231537704,4.308498828533888e-12,0.21956274678662752,4.145498569261722e-12,0.19214853590817926,4.188820943895672e-12,0.4999999998975154,4.425467115027327e-12
AGGACTGGATGAAGAC-1,0.4999999999759358,4.832617209813874e-12,0.5205666734430072,4.6640378976614e-12,0.03811741040695252,4.7306008026406745e-12,4.832617219308253e-12,7.490921246761677e-12
AGGAGCATAATCCACT-1,0.11120834352426627,1.1218396677464332e-10,0.42007702935903435,1.1395195319389386e-10,0.11126106550392041,1.1345622607057455e-10,0.499999938281702,1.2346895386120327e-10
AGGAGCATCTTAACTC-1,0.03791751419069559,2.246798029862453e-11,0.31516429310307864,2.1600884496529614e-11,0.23025763334863814,2.2829708285113725e-11,0.31666055929284476,9.246829238509819e-12
AGGAGCCGCTGAGTAG-1,0.03766591042305812,0.06831044093584754,0.2532628365671896,7.22791790786504e-11,0.22915260355820288,0.0008887420264993065,0.31071946638021614,7.06413443344035e-11
AGGAGCCTCGAACGTT-1,7.630117417619242e-10,7.976656995872295e-10,0.2374895508277701,6.792454585134838e-10,0.12953959384654512,7.630117374642908e-10,0.532970851889675,6.854680800539965e-10
AGGAGTACAGTGCATA-1,0.0923936568410418,0.026701984332381582,0.43166336044459047,6.468810113647463e-07,0.23001330543203732,0.09798311404617688,0.02124393199871475,2.8422873936453228e-11
AGGATAACCGGTCGGA-1,0.024585754738315473,6.867188694738453e-13,0.4136228700368746,0.15699131280808443,0.10008515719228898,6.830948717828442e-13,0.25997336566878904,6.898371099336501e-13
AGGATAGAGTTAATCA-1,0.08308356027631619,0.08977739166139712,0.35099816108493714,0.009524933633571663,0.26731362979858847,0.05633764401102541,0.042964679533950105,3.4997927815e-13
AGGATAGGCTCAGTTG-1,4.3556518634079146e-11,4.2313820656042e-11,0.37739606238935414,4.485781505906367e-11,0.27599060225559724,0.2733066676044127,0.2733066676044127,5.638558052226013e-12
AGGATATCGCGAATAC-1,0.08980196460621949,1.0561387147327576e-10,0.38821690305343004,1.0829520156357469e-10,0.36159627623499646,1.0884275183086488e-10,0.3603848557279431,1.479592773626749e-11
AGGATCAACATTCGTT-1,0.2168156772367552,4.517956940140536e-12,0.5213829817295129,4.5310701936121625e-12,0.16180131476602239,4.597830866975668e-12,2.6262771758677053e-08,4.403264850404874e-12
AGGATCCGTGAGGCGG-1,0.4407495709454167,3.7215668177429474e-12,0.507238312845878,3.488854230389486e-07,0.14227564548936922,3.4887557536572784e-07,0.10973577291264117,3.647256377034611e-12
AGGATCGAGCACCGCC-1,2.461589355012026e-10,2.4615893581132254e-10,0.2813681525998092,2.428484263039685e-10,0.12189026071118787,0.0846537387143943,0.5000000002143622,2.4986884982690184e-10
AGGATCTTAATGGTGA-1,2.6475340754785123e-10,8.274507113578527e-12,0.607398617152517,0.08461601306021307,0.07544695205119936,5.654323387380386e-12,0.4325384174496635,9.709262588836234e-13
AGGATGAGTGCGTGCG-1,0.13771250986420766,0.11582212478704486,0.20355113953696416,1.5176468074851006e-07,0.167062422584477,0.07230047043254188,0.20355114397356236,3.71040867511876e-08
AGGATGCTCGACAGTC-1,2.7909623893899094e-11,2.6874940118735174e-11,0.37618759709515415,2.7325228219649032e-11,0.17882532489647138,2.7098224597772976e-11,0.34498746543244724,2.6700181150649484e-11
AGGATTCCTTGCTGCG-1,0.0981443828357296,0.03929748969825118,0.39953067871924597,3.3636517193574815e-11,0.12235960975901014,0.06872092015589217,0.3335319788676956,8.137023108124675e-11
AGGATTCTACGCCTAG-1,0.30928706860205557,2.1785188479197984e-10,0.5521619958477508,2.173857811980541e-10,0.140324815454267,2.1926261164702514e-10,0.10160164061380136,2.361257820230955e-10
AGGCAACTAGCGTACC-1,9.880215353655898e-13,0.39529253865473385,0.40188633803562773,9.700410653838343e-13,0.007528584648552878,9.584116470037788e-13,0.39529253865473385,9.414395829196148e-13
AGGCAATGTCAGCTGG-1,0.03251554183932882,0.3559135238595136,0.501556816018706,7.047349228680005e-13,0.13038133966538382,7.475115311547355e-13,0.17963277861474714,2.2454982708143743e-13
AGGCATGCATGGAATT-1,0.3226652884255634,2.226743176147687e-13,0.39375447452250584,0.044800125048393036,0.11611482357734755,2.2021122740079018e-13,0.3226652884255634,5.680661962943143e-14
AGGCATTAAGTCTGGC-1,0.030214708190868272,7.00407745616151e-11,0.5527284261290747,6.754815381641786e-11,0.24887429731351315,0.05344452745416363,0.014738040744007254,6.554980685597813e-11
AGGCATTACTATAGTA-1,0.2300878886300703,1.790727629816703e-09,0.4916537027504819,1.8197491560546918e-09,0.12478327052453675,2.0027211255359624e-09,0.3534751236451979,2.118357743565005e-10
AGGCCGCAGAATAACG-1,0.20945363917363796,0.017035264986873702,0.43953951379563033,1.1536154644412589e-10,0.14873368700833353,0.017035263893411274,0.06820263096963232,6.614028078602253e-11
AGGCCTGTCTAGTGGC-1,0.2026549646583556,7.959863813031693e-06,0.5065519908527061,0.008474394432573758,0.11342951464350813,0.008474391676654442,0.060406783687355914,2.2725198130236873e-10
AGGCGATTCCACTTCT-1,0.011000533694824297,0.0477798524106601,0.47675024698489565,0.06616951233072918,0.1475711928645255,0.04777984637205083,0.1029488153424244,1.3321786309947622e-13
AGGCTGCAGCTCAGGC-1,0.45110085549533885,1.0442534897105803e-11,0.20549539131187955,9.987747483602415e-12,0.05088453947591819,1.0136165142944984e-11,0.4925192132576959,1.5535083662727766e-12
AGGCTTAGCATTAACC-1,3.6893124194312794e-06,3.4162918605307307e-11,0.6354621488679856,0.353934767350862,0.06467853341983276,3.4553314005436114e-11,0.14592086087488157,3.350058141457401e-11
AGGTACAGCTATGATA-1,0.06937054048503043,1.1538123400949957e-09,0.46320304879704755,9.730388238969805e-10,0.31276759785895775,0.05465880914742923,1.1538123447507123e-09,4.359211939942579e-10
AGGTACTCTGCCACCG-1,2.1314762283447704e-10,2.0904033545271954e-10,0.3840868730142508,2.0501884554723158e-10,0.21921721164933994,2.0904033526589584e-10,0.49999995810202014,2.6612513186197385e-10
AGGTCTCACGCCAATA-1,4.126403513452409e-08,0.0905461383496807,0.43270142031027065,3.6285810752055484e-12,0.3900548110579622,3.6285810718277564e-12,0.28669758899679965,3.5219707630078285e-12
AGGTCTTCCATCGCCG-1,0.17141906548424876,2.805755983278425e-10,0.44124044901325715,2.8280430706406166e-10,0.19060651098428744,3.186212556224925e-10,0.3967339735040131,3.211758749892626e-11
AGGTGAAGTGACGACT-1,0.04582947981631155,1.5150241051453398e-12,0.5781101489798974,0.14391256602731536,0.10390050418590438,1.5390009093071038e-12,0.13982268974452716,1.7139095402445708e-12
AGGTGAATCCACAACC-1,0.0833372069207772,8.410894391784364e-12,0.2785275699205799,8.410894394026023e-12,0.05715388967899728,6.113908832234649e-08,0.4809812723533082,8.275042108830929e-12
AGGTGAGCAATGTCTT-1,0.04638404129619304,6.22146495022794e-12,0.1642842920670694,6.591164704351374e-12,0.3806963970089916,6.5911646343958826e-12,0.3086352696029562,6.503991402220567e-12
AGGTGATTGGCGGTAT-1,0.09989370423479246,2.120527871099669e-09,0.396402767215127,1.962281010055143e-09,0.2313776372714028,1.9924597729586517e-09,0.4723258809362717,2.0402293672645067e-10
AGGTGGCTGTCGCCAA-1,3.658217727213478e-10,3.2716611040713836e-10,0.3312968196234233,3.331948799135447e-10,0.10335048790131952,0.3435775176735839,0.42177517356194283,4.188800315008113e-11
AGGTTACATTCCACGC-1,0.13510024737211623,3.731959520772903e-12,0.30671390511760105,3.6340917656680316e-12,0.039784511862697026,3.670171766124473e-12,0.5000000031334734,3.602032957011472e-12
AGGTTAGTGGCCATAG-1,0.22822545913352674,5.369502081397377e-14,0.5160606518851188,5.3822483951218355e-14,0.1662467479492172,5.4469365230177774e-14,5.4208730121903665e-14,5.285246090757143e-14
AGGTTCCACGCCGAAG-1,0.02478268332670488,4.587549500441564e-12,0.2454175254635211,4.6301490574362324e-12,0.18793145646597526,0.024782677749978724,0.41708565700184763,4.679442403729387e-12
AGGTTGAGTAGGAGAT-1,0.030229209143379853,0.0092210719612381,0.39032181989645626,4.5790141378307384e-11,0.19479837189798865,4.6818261882750087e-11,0.27542952712933416,4.622109566254467e-11
AGTAAGCTCGGCCAAT-1,0.2168439472428668,1.7026368041197083e-08,0.4847413061357796,7.409392598190279e-13,0.21648314200730145,0.06508764034223441,0.2168439472428668,7.105039496925523e-13
AGTACATATGTAGGAA-1,0.08110820100436034,4.307796942525869e-10,0.480254624010965,4.2601361718949904e-10,0.3971478616228126,4.406482659778124e-10,0.065616751700635,5.626839505561408e-10
AGTACCGAACCGCAAT-1,0.09451914826243278,0.05991089219484461,0.12559948871697205,0.0033267574066544975,0.20049726460812972,0.05991088632906502,0.35623556248158383,3.625360145120594e-13
AGTACCGTTGTACGCC-1,0.18641474614341727,7.579932585894376e-07,0.5333859971584703,0.06872095754288153,0.15316137128033824,3.356643271728246e-11,0.009874058096241914,3.20158692134394e-11
AGTAGACAGTAAGGAG-1,0.14459991749363288,1.2768139055202302e-11,0.4449447808394484,1.2671070018957045e-11,0.03211110405594982,1.2967262424686408e-11,0.27834419756596407,8.45767792236528e-12
AGTAGAGCATGGACGT-1,0.10492649991483716,2.681730381120043e-12,0.4419181698273224,2.7913252700920023e-12,0.3100379294400086,2.6817303535951946e-12,0.10492648278274244,4.946089938129437e-11
AGTATTAGCTGATCGA-1,0.11081770696826874,6.011991925721469e-10,0.566046737709126,6.27938991967548e-10,0.1190936075558877,6.178589564434787e-10,0.40404194557066564,7.832042846672462e-11
AGTATTCAGCTGAATG-1,0.017229901899035952,8.211153779508232e-13,0.32009160916711976,8.120580702161639e-13,0.0845948878178486,8.24188170070057e-13,0.5000000000113158,1.2470646748487697e-12
AGTATTCGTCGGTATC-1,0.004836299812706516,0.20098771423970205,0.5389119880757469,1.6562290565714879e-12,0.15526399787375295,1.656229053686075e-12,1.663731114137676e-12,1.6055411988681644e-12
AGTATTGATTGAGTCA-1,2.4900567407671674e-10,2.2708998943668012e-10,0.4202759628576118,2.333735000462471e-10,0.37987110700891596,2.355216976110273e-10,0.3998529290396725,3.1923750702697774e-11
AGTATTGGTATGTCTA-1,0.08313058301308851,1.4675313596990689e-09,0.3364998402892311,1.2346453498435399e-09,0.19495275908655124,1.4675313815220257e-09,0.285416814144819,4.926273467038997e-10
AGTCACTTATTCAAGG-1,0.04058021084223645,0.020969499628297174,0.5287668015590501,2.8614556057462e-11,0.11217328529108644,2.829508994131344e-11,0.19751020260944618,2.7270163182155482e-11
AGTCCGTGATCACTAC-1,0.07014797224654164,0.012742826109070227,0.45706434373999744,1.0335885492776677e-11,0.030458682632935243,1.0597194492181373e-11,0.4999999997550026,1.1001081864268145e-11
AGTCGCCACTCGGCGA-1,0.06388415214970658,2.8392945504323146e-09,0.3457877025989405,0.4217321472071008,0.05421522118844593,4.85226048207333e-09,0.31438067847622386,3.3423949247355983e-10
AGTCGGACCGTGCTTA-1,0.3629554136452627,0.029484736937216566,0.5705553886228201,0.05890819689294977,4.6339786755334584e-11,0.0687208958073526,0.05890818218651139,4.467180525719205e-11
AGTCGGTCTAATCTGT-1,0.03687877178678665,1.6724321015852127e-10,0.35495131845568145,1.6724321046946177e-10,0.15351316600380838,3.172991275577291e-08,0.354656711711444,7.223613779431206e-11
AGTCGGTTATACATAG-1,0.0501638528418262,0.17963191524498906,0.33242983561352923,0.0501638575409616,0.1505035129486473,0.031774198563508556,0.10533282720003637,4.681017175281712e-11
AGTCGTTGCCTTACCT-1,0.296166719536194,1.9526284384363517e-12,0.44283930129010596,1.7718675027515965e-12,0.03366739978665761,1.8675349378262047e-12,0.42732657937566026,7.591227305795684e-13
AGTCTGTTACAATAGT-1,3.380011200293495e-10,3.3800112281577026e-10,0.429451322406951,3.3800112227186923e-10,0.4240198106170471,3.125367996296171e-10,0.3465288653715577,4.5192905091867446e-11
AGTGAGTATTCTAAGT-1,0.2604442047559363,1.4921507286362296e-10,0.5043113834940113,1.4681691279147876e-10,0.021663228497026166,1.4703196025725865e-10,0.17976509649429578,1.4408965338494627e-10
AGTGCAATAACTAACA-1,0.04770514135638255,3.479099133702218e-12,0.16567155378051598,3.3585049093853995e-12,0.13363826143698235,3.638496560758517e-12,0.5529850434130261,3.1808220907303444e-12
AGTGCAGCTTCATCGG-1,0.0829748633145598,5.931611067059408e-13,0.23028960510424226,0.0037522353837819724,0.44342713358181557,5.886344254494602e-13,0.13955616261430237,5.885609636949761e-13
AGTGCCAGATGCTCTG-1,0.17170299936352618,2.394034629994991e-13,0.5025927372373356,2.4133135161417684e-13,0.06924969156780772,2.4133135114092613e-13,0.19818413393300885,2.3794371161655234e-13
AGTGCGCAACATGCGT-1,0.08818719884488053,0.04977881050581097,0.296068671451206,0.08818720739104073,0.14761959471486338,0.04977880316673649,0.18037971368923342,2.3642325583696e-10
AGTGCTTCGCGGACGC-1,0.1361555433958448,0.0853160337474272,0.42361731252701623,3.6522797623664635e-10,0.219943320748499,0.005221730855630827,0.029746058191945715,1.8061683220100672e-10
AGTGGTATGTCCAAGT-1,0.04349037610033326,0.15557899403582875,0.5215560961271863,6.946199591495252e-11,0.1441923720040398,0.008462029705595002,0.05049314995736614,6.744785623343576e-11
AGTGTAAGCCTGCAAG-1,0.15699128212937985,6.466419663702418e-11,0.38850776866759057,6.336566750997119e-11,0.023736799260695003,6.368595536500884e-11,0.5000000003269239,6.299544658869856e-11
AGTGTACCTCTGTATG-1,2.0007973195246743e-10,1.9017116276075766e-10,0.295284720294739,1.9176689747431928e-10,0.12533965217795837,0.3896878134279345,0.3896878134279345,2.55658130874203e-11
AGTGTCATGGTTGTGG-1,0.08688504641662285,6.655033119494177e-12,0.19158729926564172,6.6041063083697144e-12,0.12016225177436521,6.680792276662254e-12,0.5013658146431779,6.5456851922746725e-12
AGTGTCGTGGCATGTT-1,0.006592594532565328,2.2372683021661664e-13,0.21623687853096352,2.2621165573512535e-13,0.15010172780948827,2.2875237021764556e-13,0.5270687991270684,2.2010320511299246e-13
AGTGTCTAGGCTAATA-1,0.2487188983113329,0.04966925330088052,0.5291448972732566,1.0672502707869099e-11,0.070611932755441,1.0505349157425106e-11,0.12756784392905973,4.2981823526882684e-11
AGTGTCTGAACTGTGG-1,0.12756776611391177,0.11418010757786454,0.6054103069822383,1.636041453590794e-10,0.2751978326342969,0.007196509954798489,1.629010604645315e-10,1.7773911973360902e-10
AGTGTCTTAAGCTTGT-1,0.11322340635420178,0.002836454037010487,0.491408102734095,3.175963848106639e-13,0.28969558403045814,3.1231024299053374e-13,0.0028364528433733106,2.995725253954242e-13
AGTGTTCGAGGATGAA-1,0.015726828962314577,1.176876066062791e-11,0.17681601098990748,1.1620074416797581e-11,0.1766372924053321,1.1799032522780432e-11,0.5308198676308864,1.1441884977981005e-11
AGTTAAGACTGGCTCC-1,3.820553026785655e-11,3.783181391429565e-11,0.20228133313142996,3.7344485559876184e-11,0.3471218535740521,3.8080097883017304e-11,0.411989607535626,5.94232467895011e-11
AGTTACCTCACCAGCA-1,0.09295112437191404,5.0373664971976974e-12,0.4488766768737015,4.874686245284729e-12,0.130631177104978,4.9370848112646055e-12,0.499999988783118,4.816829958884711e-12
AGTTATCCTGAACGAA-1,0.2591936331576096,5.0021232211374825e-12,0.46534012062265984,5.002123221124248e-12,0.1125317274323701,5.115487561881472e-12,0.0888465941840381,4.9601023306496e-12
AGTTCAGTTCATACAT-1,0.12394661613283513,0.043358045129042774,0.2754845350781478,0.017392706777866262,0.359391974651742,0.0237775332594997,0.056648410837912576,1.781794149041411e-07
AGTTCGGCACATACGG-1,0.35678333755871117,2.3078594811633535e-10,0.44124212463452167,2.2698216173216013e-10,0.06034909485773382,2.4505391844033295e-10,0.34162544204041023,4.982561362012546e-11
AGTTCGTCTAGTGCAG-1,0.027428434586537844,6.693640868070118e-08,0.28210709546836304,2.0200277709586513e-12,0.056780990969717435,2.0774228705559272e-12,0.5336834120410643,2.008928348839619e-12
AGTTCGTGCAGACCTT-1,0.06925107440938444,7.423054136177378e-12,0.4172665002960871,6.47680578667099e-12,0.22419204625069675,1.8573349357489632e-11,0.48929037891309196,7.289733347054537e-13
AGTTCGTGCATGTCGA-1,3.3369409545683785e-11,3.3469718176232064e-11,0.38306908171990806,3.297386848831731e-11,0.08259901928812748,0.13807199440142853,0.4999999999774169,3.022362032817473e-11
AGTTGGACGTTGGTAT-1,0.11619287540960369,0.01717544825987382,0.2912851134310542,0.027929666764854272,0.33011012721805705,0.045878218308785315,0.07142853701241153,1.3608963099725184e-08
AGTTGGCAACGTTGTC-1,1.0048303344004865e-12,9.957288830502643e-13,0.20055521556631115,9.823847193019522e-13,0.22330196584712447,9.95728882563055e-13,0.5000000038517549,9.670981808420151e-13
AGTTGGCACCAGTTAC-1,0.15928195538034595,0.1308147494174206,0.41530057956903194,2.4829937680429006e-10,0.09101303065076641,2.528461217494118e-10,0.4035896843522207,3.317021182104857e-11
AGTTGTACTTAATGGA-1,0.23646753871893011,3.1261816565066326e-12,0.469983699837366,3.0585457300334393e-12,0.036405328564217465,3.2318091236552835e-12,0.45714343283992304,1.0134797616003152e-12
AGTTGTCCACAGACCA-1,0.05400921426180121,2.0066823068112788e-11,0.4737388872418621,1.9928567763666334e-11,0.5023112537696652,2.0039024728778194e-11,1.9983650300053245e-11,2.1375430539840292e-11
ATAACCTAGAACCTGC-1,0.3915198323670755,1.9963100125194114e-10,0.40937895741893515,1.8933773120606956e-10,2.099244637852294e-10,1.955375574846325e-10,0.39910120929183696,2.7006856198233614e-11
ATAACGCCTGTAGGCA-1,0.05059545542010952,0.01381615158735066,0.5692500338468625,1.8834765370707666e-11,0.21574280277222196,0.05059546315430115,9.320690828968302e-08,1.8112943648129047e-11
ATAACTGAACTCCTGG-1,0.20197507196334996,4.844529442968162e-09,0.3852123834724938,4.7667320990346285e-09,0.11818680726644441,4.965037643339384e-09,0.4946255513641944,4.993058739930047e-10
ATAAGAATCATGCATC-1,0.1411548452043582,1.5467809501313603e-08,0.31505439992419565,0.020114727419019214,0.2568715924418622,0.06915596847503228,0.0976484491722187,1.903536047778428e-09
ATAAGACCAATCGCGG-1,0.163768209598459,0.016650960477965826,0.6099614791216805,7.693781289721282e-12,0.10698861332913759,0.002630737454803648,7.819835184262618e-12,7.490221841426559e-12
ATAAGGAATAGAACAT-1,0.3709870705613821,2.041650424834497e-10,0.4020287188114142,2.0218298270659768e-10,0.055997139246935015,2.0218298195877347e-10,0.3709870705613821,4.779231661177835e-11
ATAAGGCGGACAAGTT-1,0.06270506981626199,3.450862251819108e-11,0.6157392204575098,0.003858485384495558,0.18441559502998842,3.450862246022226e-11,0.033281629243229464,3.3279782253704414e-11
ATAAGTACCACGAGTT-1,0.26732924471430586,3.16930274701493e-10,0.5058211475468869,3.127493191803319e-10,0.10222056417068369,3.1640210831223717e-10,0.20848232140047399,3.609849982087479e-10
ATAATTAGTTCTACGG-1,9.111774124503488e-13,9.008967970579695e-13,0.28577910894133723,9.216953738014045e-13,0.1592407457527511,4.606484966549954e-08,0.500000000002749,8.810161690267257e-13
ATAATTCTCCGGTCGG-1,0.10716472874268575,0.0668362194012294,0.19900472419940374,0.05235004249192028,0.17363733407866408,0.06683621818143447,0.18125068592569346,0.05292004697898296
ATACAAGGTCAGTAGA-1,0.03724967749943274,1.0874085561995653e-10,0.28145825887931125,1.1022107939986259e-10,0.1963913573730287,1.1807113036723227e-10,0.3849007058798312,4.21162475688164e-11
ATACAATTGCGGTATT-1,0.17282109744761512,7.891178896101617e-14,0.5272594304113492,0.0030772291587954307,0.10772714438971488,7.864193554525232e-14,0.09361318128033812,7.731955150802787e-14
ATACATCAAGGATTGC-1,0.11836312018164977,1.4061340870967609e-10,0.412781765899559,1.4417109241978084e-10,0.14903994266129655,1.421175280594536e-10,0.21981518740783848,1.800527377675721e-10
ATACATCACGCCTTCT-1,0.048206147011253225,5.051515876310514e-12,0.2464162821627284,5.051515871112511e-12,0.4161889769113447,5.051515863185639e-12,0.1891885938973055,3.0069042969082033e-12
ATACATCATGCACCAA-1,0.161336253562447,0.19811556069313926,0.5326073073808988,3.614585506152293e-09,0.3079403008717963,3.5132918018052887e-09,3.4159670914319607e-09,4.01135346345755e-10
ATACATGCATGATCTG-1,0.28939683226218904,0.23790579398196496,0.5116377722491409,0.002518171921845112,0.11745787486340283,6.0741636474567194e-12,6.0602353138594044e-12,5.860077022717823e-12
ATACATGCTGGTGCAG-1,0.029484760122619292,0.4999999997140177,0.5188136357381155,2.9304825549427197e-12,0.07327833605472671,2.9110958656647365e-12,2.979819887439277e-12,3.1647510494718383e-12
ATACCGTTCCAGTCCA-1,0.10775568815548558,1.632568150459508e-12,0.33584687825015147,1.6554128508453048e-12,0.2845882087280004,0.007098097363261459,0.4647111274884259,1.6068610285056509e-12
ATACGACATCTAGACC-1,0.060920722404280724,1.1499131980890134e-10,0.1899983922153402,1.1749561108859382e-10,0.12507687471052048,1.187850383223284e-10,0.5240040107585568,1.2364422056649338e-10
ATACGCGGTGAAGCCG-1,0.04148871336088016,4.758367056295262e-12,0.34722831341759736,4.591095360890939e-12,0.04555391083619504,0.056200438395418745,0.40952862397978185,3.0677913469676223e-12
ATACGCTGAGATCAGA-1,0.2406591130502328,1.263503757197375e-11,0.4707048889792305,1.2548859661567957e-11,0.0226619767075403,1.290185557254952e-11,0.4659740210679259,1.158642640960309e-11
ATACGGCACGTTACGA-1,0.12938730901339612,0.027037836559015406,0.40076471239870876,0.007853799043196615,0.2296985791457636,0.014253343002253732,0.09100442082058864,2.49159307385443e-11
ATACGGCGACTGGTCT-1,0.24201971225977495,1.0889891102322892e-09,0.3434431918073849,1.032855239605858e-09,0.14720247054373084,1.0445462709286643e-09,0.4673346202970335,1.2403986700330161e-10
ATACTAGCCACTTCGC-1,0.13937113479644345,2.7399337206415548e-09,0.395549958309999,2.641410896471569e-09,0.1742838922475522,2.8646266213861356e-09,0.49079495476466706,2.7647610418762156e-10
ATACTAGCCATTAGTT-1,0.129504032550583,0.003395292514391972,0.5811696370122552,2.6037233653894488e-11,0.18593100057837594,2.6181400010374125e-11,3.7304209248056105e-08,2.5344052520928752e-11
ATACTAGTAACTGAGT-1,6.058595773695698e-11,5.904946119525178e-11,0.37739837465717063,5.854997798914366e-11,0.16751992366104032,0.32754085074025624,0.32754085074025624,7.647822804753436e-12
ATACTATCCGAACATA-1,0.013118511461352152,8.346226802190719e-11,0.4723546171280669,8.321895658080176e-11,0.22530762499572965,0.047072867214182704,0.4421463786224475,7.847038634234828e-11
ATACTATGGTTACATT-1,8.600616730972409e-09,7.888855145834245e-13,0.23140518522375653,7.743813889214054e-13,0.3374391804780996,7.830205504793737e-13,0.49999999999878597,7.744296411328344e-13
ATACTGACTTCGGCAC-1,5.459712979577426e-08,2.550665445846588e-11,0.2524118777062818,2.5438069754317176e-11,0.1224033948068013,2.599800838275658e-11,0.5251846729069031,2.4859898339784222e-11
ATACTGGAGGATAACG-1,0.2035212762728807,0.02783623113952794,0.4262537380559949,0.009446572498650255,0.1772696563164977,0.00025181049563245743,0.0554207152205637,4.0505737971274763e-13
ATAGAACCTCTACCGA-1,0.15222609387865896,2.6906892321189013e-11,0.3239954703889131,2.4006351114214226e-11,0.3107885107047295,2.69068922068528e-11,0.11298992494202185,8.171859228367871e-12
ATAGAACGTTCGATCT-1,0.22897108631675891,9.700186281249059e-11,0.42538534004053846,0.22897107004083977,1.0631102606315511e-10,1.0169327549445641e-10,0.3166725032528278,1.369615392349226e-11
ATAGAAGGAGCAGTAG-1,0.11840682246896711,0.05098733095931946,0.3023571234755693,0.04065366158704666,0.23086002591794516,0.07170073310161101,0.07689842758109323,0.008135874909748361
ATAGAATTCTAGGCCG-1,0.1157407997731182,0.05375483661371314,0.30251389549064145,0.17795287383332695,0.17302892025966568,0.05375483378034833,0.023253552963909463,2.873130852715949e-07
ATAGACATGGCTATGG-1,0.3551330577409182,1.0368904261630902e-09,0.41252500275995263,1.0272379282281352e-09,0.12624303912988008,1.0368904218902325e-09,0.3060988957759499,1.2088645578492327e-10
ATAGATGCCTAAGCAC-1,0.1433219722687258,4.1929369770107446e-11,0.4011482469211831,4.0635794501305175e-11,0.15443745765991582,4.0901257917816787e-11,0.4999978873043169,3.982703208071344e-11
ATAGATTGAGTTCGAG-1,2.5711580204733896e-10,2.5188190834226366e-10,0.43276926717692255,2.4970462827128705e-10,0.5153470226917686,2.533559322118639e-10,2.5115193755685244e-10,2.4744815977685653e-10
ATAGCACCTGCTGTCT-1,0.27587218739162267,7.266566817550545e-07,0.5593657816843334,3.576146899379933e-11,0.048095012938455556,3.657155802661706e-11,0.01666629134806785,3.490239348208343e-11
ATAGCGGCGAGTAATT-1,0.2186989760704305,5.584717374573361e-10,0.30400724389171724,5.809707465905569e-10,0.21489022887796944,5.842899273310519e-10,0.46240354860868155,6.764224016562683e-11
ATAGCTATTCGCACTC-1,0.13536022189801783,6.731243769464387e-11,0.34063553520029055,6.651591410008704e-11,0.23609372740523812,6.573154612725785e-11,0.1879105152084913,8.912056017092634e-11
ATAGCTTCACAACCGT-1,0.10917818186916912,0.01722989584733827,0.49791059431599244,1.561774612204587e-12,0.07044027191190783,1.5880379480828968e-12,0.4999999993807403,1.5359885731648325e-12
ATAGGCCGATAGAAGT-1,0.06831475561803663,1.226667176449128e-13,0.2856321691013413,1.2369733887609981e-13,0.03729635647820661,1.226667175853041e-13,0.5087567195371508,1.361125586943199e-13
ATAGGCCGGTAATTCT-1,0.08316261106588659,0.0831626116813674,0.2955144812110594,0.0678583973068345,0.15339620928174116,0.06785839641754123,0.09949863563081544,0.04954865741191846
ATAGTACTATGGTTCT-1,0.12756782355639593,0.009874136976367772,0.5380344466517355,1.986262471756495e-11,0.14999585905094573,2.027633513191232e-11,0.1422795614451138,1.9336849031133984e-11
ATAGTCCGCCGTTGGC-1,0.08109244936759541,0.018685319803315878,0.5509151939116463,1.6717969285171995e-13,0.1316839368103017,0.005312360414086903,0.11231073969281714,1.6008536664534428e-13
ATAGTCGAGTTGTCTG-1,6.8460332622105e-08,4.8080915478915805e-12,0.29643705791709973,4.80809154832006e-12,0.1500076792142623,4.930162254052065e-12,0.4871812744460492,4.760939258237306e-12
ATAGTGAGTGAGGATT-1,0.11549643471174953,1.3748386159033502e-11,0.4819394868195411,1.3458768082619508e-11,0.09051458055873803,2.0516171573084236e-08,0.212049477373414,1.2902025714801975e-11
ATAGTGTCAGATGTAG-1,0.015965757140668644,3.0465288052916624e-11,0.19354400879665518,3.074985538856809e-11,0.11430475828999954,3.1186745194488825e-11,0.576185475674037,2.9264377214285685e-11
ATAGTTAAGCCTGCCG-1,1.0940496578726913e-09,1.0855876796505528e-09,0.21794082296337572,1.1808390940542613e-09,0.1892925442866395,1.0940496575150317e-09,0.4927666275428721,1.0354707244408033e-09
ATAGTTAAGGCACGAG-1,0.06469117077679619,0.0003275319431545447,0.5462654473946291,0.046301528515246826,0.08577485567674292,4.580515209605828e-13,0.1566394656989263,4.431900200182816e-13
ATAGTTAGTCCTTAAT-1,0.002794536051544405,0.0518433985483925,0.22562407116059618,3.419999636826326e-11,0.0245013035005216,0.002794535312057382,0.5924421553654753,3.1331226923863816e-11
ATAGTTCCTAGGCCGG-1,0.13789065568668238,2.565115642729858e-12,0.45993141439047863,2.5651156544840946e-12,0.25255763006384246,0.04962029985075071,2.475208405730695e-12,2.4117774601140777e-12
ATAGTTCGCAGCCGTG-1,0.11011792673200739,8.90766490583301e-10,0.4820909065297378,8.90766484391596e-10,0.167272459996993,1.1654630765500297e-09,0.4405187030773999,1.1004657930845148e-10
ATCAAGGAGCTTACAT-1,2.4948119407994728e-08,1.728943919687756e-12,0.44742236237893074,1.7664743491585759e-12,0.3884474092624733,1.792410474513848e-12,0.36413020339962876,1.7106816210418906e-12
ATCAATCTGCAGGACC-1,9.0940513448955e-14,0.0014589311297696513,0.5235613535419307,8.774669664997468e-14,0.28008198245834953,0.20112647000270278,8.85953472938156e-14,8.66402617771462e-14
ATCAATGGTTGTACCT-1,0.0660972043151982,8.821212998342147e-11,0.4160044269251776,8.706313264257652e-11,0.2537328010403582,0.16416556743073027,8.482306328507098e-11,3.078648224152596e-11
ATCAATGTCAACTCGG-1,0.07801385544934673,4.150700506884334e-11,0.5267727715354074,0.019166997807074548,0.20391721654646683,3.9578382572122046e-11,0.07212915856467718,3.261707436106019e-11
ATCACCAGTTCGGCGA-1,0.1743653993261299,0.007836721546585764,0.5033765479306449,0.007836721335018901,0.10075777703925588,0.012573868159390697,0.0932529646437717,2.47402161687821e-11
ATCAGATACCAGCTGT-1,0.07607680331009344,5.679864929178495e-13,0.2899990106606195,5.517329788422186e-13,0.05700461447599172,5.656064369231465e-13,0.5000000027204656,5.472994444284127e-13
ATCAGTAAGCTCGCCG-1,0.03924493258611393,5.5891260292305496e-12,0.22683753023247077,5.510143369771396e-12,0.08242175785362908,5.7939530372730566e-12,0.5514957793072378,5.217701966058389e-12
ATCATTCACCAGATTG-1,0.10827441680873115,3.9037258997045675e-11,0.2259472233531082,3.8490202825401646e-11,0.3438455016246865,1.4731698377554224e-07,0.22193271080456,3.741289737428707e-11
ATCATTCCAACTTCGC-1,0.07406123577270464,1.5008606646803093e-10,0.5295988850632043,1.5008606641967064e-10,0.2664655375195066,0.1543136880618051,0.10080715482455706,1.6398534668229947e-10
ATCATTGTCCATGCCA-1,0.1000942821196382,0.004144407010721215,0.48619945303372564,0.010544014277537985,0.10937303063888218,2.600728556223606e-07,0.18964455284828474,7.69737907484046e-12
ATCCAACGCCACATCG-1,0.12199923718911211,3.403740234498509e-11,0.600849765759992,3.033095797773321e-11,0.11819150654906051,3.305848397620606e-11,0.05895949038955145,1.7581608643381807e-11
ATCCACATGTTGGACC-1,0.02642472821544511,0.12756785389747083,0.5328248614689478,4.5461282726088357e-13,0.12378750006702074,0.09078851336452522,0.05400920805127347,3.9749261263828583e-13
ATCCACGACACGAATG-1,0.06933597226752561,4.765203116210298e-10,0.43116866045493635,4.4571689558932763e-10,0.2871506781508228,4.3946982771673356e-10,0.4123446874388733,6.014461280698429e-11
ATCCGAACAGGCTCGA-1,0.14595750649361194,4.197147357693012e-11,0.2120425124952168,4.1765171631383536e-11,0.2375099712340434,4.207234776675169e-11,0.38502304679145594,5.033678030635025e-11
ATCCGAGTACAGGAAT-1,0.061207746475582005,1.3836631532665118e-10,0.4075688437606945,1.3592118659516434e-10,0.14116018401548383,1.3962564988871828e-10,0.29006332622353864,1.6336209044050278e-10
ATCCGAGTACCACGTG-1,0.26129302049199943,0.29745930687183475,0.345408955257616,4.7693904183239166e-11,0.09760014224288852,4.854070556544997e-11,0.1982385750186495,7.370633601521909e-12
ATCCGAGTCACTTGTA-1,0.21585768045831105,3.0660112486118687e-09,0.3684314607881751,3.595025635893797e-09,0.1304030600016558,3.2379357460474506e-09,0.4853077643141097,3.106054276685283e-10
ATCCGATGACCTCGGA-1,0.06012927777621181,2.7447070238800756e-13,0.42039269387869405,2.8427602665784464e-13,0.17822554027800733,2.769953160707544e-13,0.4999999998208692,2.882418850393815e-13
ATCCGGATCGCCGTAT-1,0.101917152539295,0.36067183269472997,0.37673913655139585,5.040643796049055e-12,4.5493566598152205e-08,5.189973443756925e-12,0.36067183269472997,5.001867270504301e-12
ATCCGGATGACGTAAC-1,0.11624238072111127,0.04365472469953214,0.40841893086742737,5.6592060947116104e-05,0.20819043248947935,0.07978221678303016,0.043654722126195956,2.6678946438184716e-10
ATCCGGCGTAGTCTGA-1,0.04603588747887523,1.9383144433609416e-12,0.5124189262762038,2.034876768665328e-12,0.20205407849998433,1.961835684492233e-12,0.4394911077357639,2.885911197925296e-13
ATCCGGTACCGTCCTT-1,0.12402631805979046,0.07499214677894882,0.42309214693529756,3.903157770187887e-11,0.19655000501920317,0.025957964786572026,0.05538141836971267,1.2066216827935702e-11
ATCCGGTATCACAAGT-1,0.0719131104337969,8.464553069961172e-09,0.49683971337652727,7.888972660399167e-09,0.06808159960584854,8.769759353342247e-09,0.26316554725082775,4.761382566043566e-09
ATCCGTAGCTTCAGTA-1,0.22563618753805648,5.095794980335328e-12,0.208349310489092,5.045582503757278e-12,0.24157832113005825,0.01314006022693664,0.2910298295633636,5.020974313743201e-12
ATCCGTAGTGTCGCTC-1,0.265792899295802,3.3016324290630196e-13,0.4715408361630999,3.212027700740933e-13,3.3567654808142815e-13,0.008337738754944183,0.45432852578323446,3.1530678080920013e-13
ATCCGTGGAACTTCAA-1,0.01903997484112778,0.0035489876449734436,0.19243927547044742,2.6126475408603963e-11,0.144347248826911,2.620767384194646e-11,0.5406245132239195,2.557272049565703e-11
ATCCTCCAGCCATTGT-1,0.02380593874496897,1.6948332994065255e-11,0.30868485936391815,1.8197301739361237e-11,0.11805250765620028,1.8066567079543663e-11,0.4494566941745486,1.214452704711704e-11
ATCCTCGTTCCAGGCC-1,5.424173722824694e-08,5.214544977992391e-11,0.5118314857256463,5.1276351876756516e-11,0.5007528317904696,0.06451338148232598,5.105695750370181e-11,9.122213597208996e-11
ATCGAACATGCTAAGC-1,0.12265411843405497,5.534911261667811e-12,0.2999080505760434,5.461820180576362e-12,0.18070128104571112,5.456257993045167e-12,0.5000000000383766,2.0401616147156314e-11
ATCGAATCTAGCAGAC-1,0.06899653380116262,0.06899653730882505,0.5327418211192887,6.057854196980027e-12,0.2022999725199033,0.026965135233686172,6.249477271612386e-12,5.739029510745047e-12
ATCGACAGCGGCAACA-1,0.04733260899196828,0.01055331181153915,0.4395363840710133,1.0297917033032953e-13,0.2722596372810532,0.04733260116991668,0.38298545667406214,1.0000150246485205e-13
ATCGACCGGAGTATCG-1,1.4204622041100956e-11,0.31355273206289447,0.24511958361438263,1.3436852080002866e-11,0.08666697803934438,1.3436851998930894e-11,0.25466070621954445,2.3061938359820455e-11
ATCGCAATGCACTAAC-1,0.23739095457498574,3.5152341384287323e-10,0.4097693250858153,3.47605419206367e-10,0.15317359000744515,3.629529631939332e-10,0.3996661290912203,4.575565670297363e-11
ATCGCAGTAACTTATT-1,0.09857246294295444,5.790628931425701e-12,0.5616147910385085,5.847052340449047e-12,0.14297233525766728,0.05845359654754601,0.038386814197542814,5.14628651800921e-12
ATCGCAGTCTATGGCA-1,0.40525290011979315,0.0456248343196324,0.3422483916009992,5.465568611914626e-10,0.06701455231137868,5.530769896982593e-10,0.3398593170948324,8.067650447436251e-11
ATCGCATCACGCATCT-1,1.1818147673668157e-11,0.09311955417946234,0.45363077575369737,3.0110392415923183e-07,0.15994230154690284,0.011395918605746508,0.48191114865745566,1.1288031564138549e-11
ATCGGCTCTATGCCTC-1,0.0670119130403783,6.050328725370114e-11,0.49493328723004176,1.3627512069263941e-07,0.10436726242294742,0.05065247214898728,0.4830349275550929,4.9921742403912246e-11
ATCGTAACTACCTCTT-1,0.09250385967216171,0.054971120849215634,0.24238166347861406,0.02576093669903898,0.3420911893449164,0.038268415284803126,0.08565129061983154,0.018371524054673627
ATCGTAATCCACATGC-1,0.03394240165106834,1.602877122127826e-10,0.33139896173407546,1.5968157501586377e-10,0.2358185153386113,1.6120292353904304e-10,0.49999997472739877,1.9833503938712182e-10
ATCGTACACCTATGCC-1,0.022418869204760272,4.946192665845178e-13,0.5067825875842888,0.15616319408499535,0.2290549462213802,0.009045909150934525,0.27653449375057715,4.806429651424773e-13
ATCGTAGCATGTAGAT-1,3.1880551667289093e-11,3.099147158447092e-11,0.2515423614265355,3.1340620688913536e-11,0.224667767537586,3.151839254633032e-11,0.49999999996094185,3.429212577603412e-11
ATCGTATTACTCGGAG-1,0.03929749496714856,0.009874035479311804,0.5193907948760477,5.978701450580332e-12,0.5033259582616972,0.02458575065523827,6.003867760897617e-12,8.836689320493959e-12
ATCGTCACCATGTCAC-1,0.017229896275307324,1.2191770370826684e-12,0.25073970028512166,1.2218531491786374e-12,0.11101246612589498,0.08343266466144597,0.5000000007580518,1.2102616725051828e-12
ATCGTCCTAGTACGAA-1,0.08951890833091387,0.011061291997307331,0.33318986848850657,2.9519403251847923e-13,0.2688152287515861,2.9519403145973974e-13,0.19741470243153275,2.50624001122921e-13
ATCGTCTATGATGCCG-1,0.08110831835337269,1.8066476011682415e-10,0.11983373129741064,1.8024543804508149e-10,0.22912008887370755,1.810861363540811e-10,0.500000104029804,1.8968151381244692e-10
ATCTACAGGAGTGCAC-1,0.029532942677570336,0.05404268241285822,0.29707772839629143,2.5303212756327365e-10,0.17683964930547907,0.12760129820075594,0.21490569868809345,6.641292275240643e-11
ATCTACCATATTCCAG-1,0.05400921290972396,0.1643471567965628,0.13596248080210613,1.7094474516460788e-13,0.09387098320461487,1.6952457532024055e-13,0.5000000002232637,1.5005155442447907e-13
ATCTACTCACATCTCC-1,0.23392811817567097,2.17529657585384e-12,0.4434819115521184,2.1413150889073577e-12,0.05599109725244618,2.1301573390941394e-12,0.46659887299761205,3.943435897124821e-13
ATCTCCTTGCGATACA-1,0.2438490363873412,1.0510153193237019e-13,0.4406202483965251,0.010918294096526265,0.15176206802734427,0.09673176602344731,0.25611858706833185,9.865053372212245e-14
ATCTGAAGTATGCACG-1,0.004342766335501204,3.0236383430756918e-12,0.27942992286453533,3.0236383375410263e-12,0.12273376955683211,3.085820283207025e-12,0.49349354126177397,2.9368781218381845e-12
ATCTGACCGGAGTCCT-1,0.3184478107496796,3.599384095808871e-11,0.34216804786518273,3.571192513152737e-11,0.22093633051211123,3.776030108208932e-11,0.3184478107496796,4.442709993763795e-12
ATCTGAGGAACGGTTG-1,0.3237192859744349,3.2681810601646027e-12,0.5097543348036047,3.2962139087787576e-12,0.03937917232361684,3.3002629206979176e-12,0.05808435370354795,3.641971684070334e-12
ATCTGATACTTCATTA-1,0.019672059535606877,1.3467825992364844e-13,0.22348651001918868,1.3144316632543518e-13,0.15751280545216279,1.3467825960624372e-13,0.5000000221614882,1.287380377887759e-13
ATCTGCCGTCTACAGC-1,0.2867295708146632,3.4404577963721076e-08,0.39441405544343106,1.351850559172575e-11,0.05934740359116039,1.3675459969883118e-11,0.4595089356189585,1.1120748854188268e-11
ATCTGGATCCTCAGAC-1,0.3804904746338059,2.0634032693152963e-13,0.38974405120660666,2.0181649649585133e-13,0.04927499952482416,2.04059503799167e-13,0.3804904746338059,7.034278031737655e-14
ATCTGTACGCGTCTCC-1,0.3188498745474245,2.663144049359702e-10,0.4118474847412998,2.496005211406708e-10,0.0722550783989186,2.638308916375967e-10,0.3970475613680509,3.663988242019344e-11
ATCTTAAGCTCCTTGA-1,0.11623979383299411,7.733325606998284e-11,0.2881833847335998,7.58847413865077e-11,0.09984830279856785,7.560336256522284e-11,0.45574226258620426,2.012351969384376e-10
ATCTTAGACGCCTACT-1,0.07989552418928327,1.0472437651066806e-09,0.18536333352594006,1.0349057179370348e-09,0.0965271171532812,1.03083307810788e-09,0.5382140217636067,1.0077439405306664e-09
ATCTTAGACTTGATCT-1,0.16876067396183655,6.957623429977089e-12,0.3730166399136059,6.940390346300672e-12,0.06964341740208822,6.9922875503673365e-12,0.499999999303842,1.019977719143156e-11
ATCTTAGATAGGTTCA-1,1.0995296008616779e-12,1.1281051121103847e-12,0.2573698124244357,0.009874038502987901,0.2047443680000361,0.12756783855710307,0.499999999835033,1.4003223084739338e-12
ATCTTAGTGGCATGGA-1,0.16033455147841216,0.019948539881043892,0.2997734713842526,0.019948541984375547,0.3049797796248055,0.03356089388738711,0.06145390117102552,3.2063996493699766e-07
ATCTTATCAGCAATAC-1,0.0554039546243012,0.2437140288530163,0.3927161608885267,1.9250715793819892e-11,0.2081658183817458,3.725833105499974e-08,1.925071576841552e-11,1.8999311622880038e-11
ATCTTCGGACATACTA-1,0.3727183382587669,1.8399273567044952e-10,0.3933520365120527,1.87993293870672e-10,0.061211286249182276,1.8674831794883772e-10,0.3727183382587669,3.681980131223376e-11
ATCTTGGCTTCGTCCT-1,0.17088279156830233,2.4547732016092584e-12,0.4512773331646245,0.1341035070452832,0.24908802823782672,0.17088278113890024,0.02376555883413762,2.2739756924575603e-12
ATGAAGCTGAATCCAG-1,7.471185793629114e-14,0.07809272092688177,0.4396573112596291,0.19368274298686047,0.11047451537705646,7.545646558645496e-14,0.07809271225061486,7.252023006100391e-14
ATGAATGTATCGTGGT-1,0.06861227542674746,3.736912442710585e-11,0.510593342090765,3.689063687714485e-11,0.1910679883061294,6.491462724048601e-08,0.42972631679993967,2.8057679337245532e-11
ATGACACTAATCGCAC-1,3.852222748393391e-11,0.15207695881827704,0.353932964270873,3.7644672315483475e-11,0.18599538449620795,3.802665661462203e-11,0.49999939655805764,3.705280540649142e-11
ATGACCAGACGGCCGG-1,0.007128027947064918,1.9870766312860465e-10,0.40140409903085345,0.007128030643936895,0.10357125123855213,0.007128027419742061,0.37364056341007523,1.1311849762615259e-10
ATGACCTCACGCACTG-1,0.05322324963479685,0.11340893288691072,0.5299770416171878,1.1714912592971656e-11,0.18360726541352085,0.019783510419305532,1.1265494622170774e-11,1.0968279417995105e-11
ATGACCTCACTTAACC-1,0.4999999998873474,1.7616647185189941e-12,0.5074687730706552,1.7290854557267948e-12,0.029060275300380408,1.7184167563459168e-12,0.0451821672906822,2.156123421630127e-12
ATGACGAGATCATTAA-1,5.291615986941394e-12,2.9592127093348565e-08,0.642607475811917,0.13683429321755164,0.13660662851324193,2.9591954793552064e-08,0.2839515432507436,5.2902848700631784e-12
ATGAGCATGGCATTCT-1,0.05946089676752056,0.04981572436704555,0.25850447173526137,0.012083343338582046,0.1281945914229803,0.030681395773799313,0.3612595757991984,7.957575233735265e-10
ATGAGCTACATGGAAG-1,0.02191432667608647,5.648441722231017e-11,0.4071538378315147,5.5800680475564625e-11,0.3468650210014481,0.008541778847253344,0.11552503558051164,5.511737891137161e-11
ATGAGCTACTGGACAT-1,2.8917551665354853e-13,2.779301204128936e-13,0.5074205861837091,0.17425064179767108,0.3123058427243015,0.027133311840189047,0.17888961745315146,1.5866344891959067e-13
ATGAGCTATTCGAAGA-1,0.13266937479667734,0.0696149382444862,0.5548736078990926,0.15369245522051006,0.13545719434463732,1.4519770001944748e-09,0.153692422708419,9.719295638479401e-11
ATGAGGAACGACCAGC-1,3.1694744255367984e-10,3.1249207293458694e-10,0.5300863210168284,3.1031592136534126e-10,0.25741948212486615,3.192286009466862e-10,0.23790578102781773,4.711490272944084e-10
ATGAGTACGCTTCCTA-1,7.522959843345698e-10,7.293805153748755e-10,0.22925796089658632,6.992803669796533e-10,0.10786218221493307,0.431439927102351,0.431439927102351,8.897903474744706e-11
ATGAGTCTTAGGAAGG-1,0.11938811420018877,4.079059904103918e-12,0.2395145630697214,4.019346144894927e-12,0.09721495320933331,4.1303350021928646e-12,0.5000000000005852,4.477071489995418e-12
ATGATAATGCACGCAC-1,0.03048038700593672,6.4715775847834545e-12,0.511763886523916,6.553227000173942e-12,0.21693739806361562,6.5122449759023504e-12,0.1408183283879772,6.034567649550695e-12
ATGATATCTAGTCTTA-1,0.15633700825937064,1.348042797571398e-10,0.303580501869929,1.339560673141771e-10,0.2045228647399047,1.365238300408178e-10,0.2355596246425178,9.334784799434389e-11
ATGATTGATTCCGAAT-1,0.12404241372245484,0.08049296768819318,0.3237377716317241,0.03875732742507687,0.17791298939887,0.05907884709072005,0.0697330416558541,0.02624464138742272
ATGCATCCTGACTCAC-1,0.12388989985472593,1.7569395593824138e-12,0.5068406472678119,0.0025182063023162287,0.08148895823256753,1.7852999171342891e-12,0.3408878430819436,1.7084753424117425e-12
ATGCATGCCTGCGATG-1,3.2496806189823393e-12,3.1732093670336715e-12,0.334659046499951,3.243667622423694e-12,0.08367718402505848,0.003989386688569677,0.5000000000260009,3.094781183208692e-12
ATGCATGGTTCCGCCT-1,3.2341390649837745e-11,3.1790916213657585e-11,0.20282707137799458,3.152267498206955e-11,0.22988125803455156,3.156708730475873e-11,0.5000000546008214,3.1055141232575995e-11
ATGCATGTATGTGAGT-1,0.04981510858235557,3.3497227956262056e-08,0.25945803776762955,6.539506096729851e-11,0.25307679642669806,6.756651764936095e-11,0.33765002363560076,3.045066615796724e-11
ATGCATGTCACTCGTG-1,0.19814806139439078,3.438835245991542e-11,0.43398279457973843,3.327161621236108e-11,0.019816734980210447,0.1245894394404378,0.42346296939625244,3.247793307439496e-11
ATGCATTAGATATCCA-1,0.15999520864476593,1.7245467980160156e-09,0.4983185512230546,1.7767328960825181e-09,0.06275068433604143,1.8404912471307062e-09,0.47893553735676714,2.3674605799124633e-10
ATGCCGTCGATAAGAC-1,1.8533265236408188e-07,1.773809638179433e-11,0.22461229678140957,1.7654376762186684e-11,0.30632234277453235,0.0036658293819552064,0.500000000016567,1.7367354102058033e-11
ATGCCGTTGTGAAGCG-1,0.22563618738288818,4.430526137404378e-13,0.3733567153090537,4.3503231407957584e-13,4.618029361587735e-13,4.4508535791661345e-13,0.49999999993607125,5.745970556710278e-13
ATGCCTTCGTAAGTTA-1,0.11814928638565686,7.656123332778885e-11,0.40639539337476105,8.381898049544627e-11,0.23723979242249923,0.0200662405447988,0.11814928708146394,3.717614257848062e-11
ATGCTACTGAATAGTA-1,0.32504888901549484,3.0894928924453987e-13,0.4184909169714237,3.0812108092351016e-13,0.04813807342062781,3.2624795318596466e-13,0.40832212059076545,1.1028087102375078e-13
ATGCTCATGCCTGCCT-1,0.005866983136878172,2.6598648744569243e-12,0.17399128051495208,2.6234967851468497e-12,0.16115178366125305,2.7099831783242486e-12,0.5589899526813038,2.599910978911783e-12
ATGCTCCAACCTGGCC-1,0.07239885321993882,4.124723157913794e-13,0.4667998456488548,4.1021868485225695e-13,0.109836793569205,4.1247231532908884e-13,0.4999999997963583,4.4262695124592137e-13
ATGCTCCGTTCTACTG-1,0.055627097722199925,2.1038040011880503e-11,0.315408807709359,2.1038040111459814e-11,0.5125584203569813,2.1301514364890463e-11,0.016405674144156078,1.716112608501107e-11
ATGCTGAATGCAATAG-1,0.08872973326024793,4.710616161343079e-11,0.3981512330757024,4.781343311505573e-11,0.21739093426675388,4.8897895010137034e-11,0.19572809923806112,1.7693662594559045e-11
ATGCTGACAGTTACAT-1,0.017229895316542853,1.5740031724147267e-12,0.45967389095675254,1.5335339815839397e-12,0.20672525820650808,1.5279132554545929e-12,0.4585816816472444,1.5380002033248826e-12
ATGCTGCCTACTGCAT-1,1.82895945986895e-10,0.21344205852616158,0.5390954717155712,1.7751566241142683e-10,0.10214596549540018,1.8289594609544758e-10,0.04531650427924081,1.7126276946183487e-10
ATGCTGCGCTGTTGCA-1,0.21092437992209592,9.794352785185296e-09,0.3105652785928823,1.4057085372009004e-10,0.130384594690117,1.435734358341234e-10,0.49999990979649517,1.4919467294020015e-10
ATGCTGCGGATGGTTG-1,0.16278771571367953,1.1869701853091232e-10,0.4408252293657316,8.856466761704331e-08,0.10961788966479233,0.03488544270451148,0.15188363379192435,9.140627090063252e-11
ATGCTGGCTTACTACA-1,0.04977376952732135,3.2363193747349553e-09,0.4067370516976324,2.506379908118774e-09,0.2687329682781613,3.5358071585773004e-09,0.4747561829705754,2.9683003113567186e-10
ATGCTTACTCTAGGAA-1,0.16424286975434405,0.05584688145786646,0.35780193646585734,3.064108073418779e-11,0.16396959792640692,0.017125660431953287,0.1410130539386875,2.817659023812928e-11
ATGCTTGGACGAACTT-1,0.03266113814695571,4.039733540921928e-13,0.5268805664854431,4.099483475444297e-13,0.19188348163451246,4.075337897782898e-13,0.1485748160972073,3.9458878527152973e-13
ATGGAACGATAGTGAT-1,4.0695540347343126e-11,3.8855240117708526e-11,0.438917219794673,3.748379799332697e-11,0.3362939542211946,0.2123944129286217,0.2123944129286217,3.3926711453387078e-12
ATGGAGCGCACTCGGT-1,0.20311254606843268,0.2349192929821784,0.4345276022395603,4.849953445716819e-11,0.14927012362128747,4.945057896437749e-11,4.9003989706905845e-11,1.7441411563982818e-10
ATGGAGCGGACCGATT-1,1.1370162418196452e-10,1.1325131560306633e-10,0.31391330881226487,1.1148718019072163e-10,0.15011470311256261,1.1148718003398083e-10,0.5000000001883299,1.1821823246197013e-10
ATGGAGGCCACGGCTT-1,6.1497921982508e-12,6.138828845574844e-08,0.3410707268591095,5.928191140635537e-12,0.2048154087344195,6.0565589908965805e-12,0.5000000000023399,5.878439191108003e-12
ATGGAGGCCGCTATCC-1,0.005990655952048358,0.0059906566487383005,0.3518972852490746,0.030515082037704096,0.2952367610154137,0.10518477766203509,0.10518478136891847,7.109577678326553e-11
ATGGAGGTTCACCGGT-1,0.3151733883240537,3.722119315938174e-11,0.34869150569256807,3.639503734097563e-11,0.22096171753511012,3.6395037299292347e-11,0.3151733883240537,4.56909451318758e-12
ATGGAGTAATCGGACC-1,0.2192409833794838,4.3120946095573965e-12,0.463156269300378,4.1683725175721445e-12,0.05965915958175385,4.239331896382786e-12,0.45794358771281507,6.774995121607946e-13
ATGGCATTATGGCTCG-1,4.3513511017267244e-12,0.19756448634287266,0.6297150228248214,0.3472317010318039,0.02548878977450392,4.330994895409744e-12,4.281019604756874e-12,4.029845284170525e-12
ATGTAAGAGCCACCTC-1,0.17009659367016744,2.788009272045176e-11,0.5712638306828526,2.804274876526242e-11,0.11268090179664,0.022979338211366423,0.022979335569161506,2.5175043153133852e-11
ATGTAATTGTCGTTCG-1,0.08635390745902832,0.011529890609536617,0.4028358634360279,0.03605433935452617,0.19686157959797831,0.09275614739918264,0.07360827211861744,2.5177600008366694e-11
ATGTACATGAACTCCG-1,0.323719273673942,1.4927229770001702e-10,0.5172574919715394,1.472991156908112e-10,0.21152896059502688,1.5187201604132092e-10,0.02948474940381405,1.82003921561873e-10
ATGTACCAGTTACTCG-1,0.06583275960144643,0.04482444434897782,0.5405985612644733,2.787222283676226e-09,0.2487442249223517,2.9335833890637934e-09,2.7399004720615114e-09,2.5669351406258937e-09
ATGTACCATTATTGTC-1,0.023672738813160597,4.781210829421518e-13,0.1919978455973546,4.751621451433336e-13,0.17153910331930597,4.851715832101021e-13,0.5127903122804696,4.712516687355405e-13
ATGTACCGATCCAGAA-1,0.09412807485600548,3.338964126564225e-12,0.2411757564542713,3.3456858394304373e-12,0.14699469680545954,3.4005375379574306e-12,0.49999999997992717,3.991315832140252e-12
ATGTACTACCGACTTC-1,0.2035458857625979,1.3632588550098998e-09,0.5533842273983981,0.05642863765101975,0.33021261179278044,1.3632588073426971e-09,0.05642863106745171,1.7780029283946557e-10
ATGTACTCTGCAGCAC-1,0.041074662983734696,1.4085369830176752e-10,0.2828095886229546,0.07539713096781744,0.17764988038370977,0.011651427437630014,0.3114173094384097,1.3225962247342604e-10
ATGTAGCCGACCAAGG-1,0.1702782697920611,3.4770468547799173e-10,0.4378310740360603,3.4548873948270315e-10,0.21264220848008883,3.7981792646349364e-10,0.379248446482932,4.008073199796324e-11
ATGTAGGTAACCGTAC-1,0.09420688500949921,1.522700163159394e-11,0.4668137731621263,1.551903425633889e-11,0.24863388960623017,0.008393435657396512,0.08195201653153515,1.4643189121267224e-11
ATGTAGGTTGGCGAGG-1,0.2789019944264832,0.1317847789192959,0.43221354419778063,3.3095468094262085e-10,3.591179051669999e-10,3.5837098413121305e-10,0.35709968127198144,4.300214399881357e-11
ATGTATCCAAGGTGGC-1,0.07886090104461077,0.0903433910691167,0.30879643773559295,0.0222131635398823,0.2760707111022166,0.04485449595584398,0.07886089890985576,6.442340269750256e-10
ATGTATCCATAAGTTG-1,0.07206710211655437,0.24447676931599588,0.3973873202489613,1.0672022248272244e-09,0.1140017119364718,0.07206709401036343,1.0672022167147663e-09,2.379423299328391e-10
ATGTATCGGAATACGG-1,0.14227956213565948,1.4212422162173733e-12,0.5748325765282234,0.13492371175587706,0.10518656960372845,1.4212422138545319e-12,0.19377060259625123,1.4673402732373357e-12
ATGTATGAGTACCGGA-1,0.1465529219095667,1.029558262844745e-07,0.4041023364364175,7.659560883484953e-11,0.1638092764114564,0.038982437093678136,0.14655292506227616,6.933626976626918e-11
ATGTCGGATAAGCCGA-1,0.10729636188580001,0.0030932233317284567,0.34378788544257943,2.0316819631490714e-13,0.23940512380575577,2.1048771300150747e-13,0.20641740553359592,2.0031796412140217e-13
ATGTCGGCTGTCGTAA-1,0.07287494852478656,0.08781268105000005,0.31303940640480526,0.07287495084885452,0.08717126063441942,0.07287494998953074,0.13770049013267172,0.055651312421819886
ATGTCGTTACCAGACG-1,0.0068273547712521705,0.07472181260773549,0.1819059699332305,0.018140511641844617,0.11979014660644202,0.00682735504957429,0.4917868493309344,1.188138842435009e-10
ATGTCTGCGTTGCAGC-1,0.015535815344689938,1.3886356750157091e-10,0.24593689180950692,1.3700479493071763e-10,0.14974068886843453,0.10543893663401453,0.38334766722551106,1.1141283721304857e-10
ATGTGAATCCATACGA-1,0.027135072630406147,0.04347978453830275,0.5086953759379755,0.043479781372873165,0.22556519809611825,0.051644785670761945,1.2674509170171108e-09,5.099616427227374e-10
ATGTGAATTGCTGACC-1,0.10067973530968219,0.07650676143270702,0.33304401891266,0.05234388181400748,0.20089287380992626,0.10067973449632038,0.028278578623427475,0.00757441560146641
ATGTGCCGGTGACAGA-1,1.6229036905723626e-11,0.15699129632484352,0.22283731452745964,0.009874130597873364,0.3709431363681781,1.6377538860992667e-11,0.2158381805751223,1.5799408427802982e-11
ATGTGCGTCTGAACAG-1,0.3919722773214832,1.9414244208626203e-10,0.41605544446047155,1.8545369937514648e-10,2.1027682960476314e-10,1.880390577592931e-10,0.3919722773214832,2.641747636311095e-11
ATGTTAAGATTACTGA-1,0.10307319252135172,0.0820501543600956,0.4665317665635156,3.5676809740406406e-11,0.21357820723235854,1.6106238437763265e-08,0.03476666318360724,3.482577175120045e-11
ATGTTACCTCGTCTGT-1,0.08552182675220003,4.5907545259697926e-11,0.23419275211657947,4.576323802296804e-11,0.16845095485518988,4.6198393160403765e-11,0.4280990493688302,4.489939378734662e-11
ATGTTACGCCATTCCT-1,0.0222006008107551,1.4645915365126876e-12,0.24456808497068322,1.4969276728934222e-12,0.21872785111464246,1.5307527518095837e-12,0.41450346310204783,1.6515883789898076e-12
ATGTTAGACTATCTCA-1,3.9410004623060104e-07,5.814783550563299e-11,0.30190464513917425,5.774631837009631e-11,0.15649257565567762,5.855524175474512e-11,0.5000000001237941,5.6766457664577084e-11
ATGTTCGCAGAAGTCT-1,0.2624988051330237,9.804306708253426e-10,0.35512612546479344,9.91922756415028e-10,0.12398478679102891,9.919227557842003e-10,0.458390278442569,1.190236782700168e-10
ATGTTCTGCCTTATCT-1,0.01722989608271924,0.05400921608501018,0.42655919968540845,3.414535983501184e-14,0.10020897607266183,3.377271942253249e-14,0.31146440978501594,3.339757989586844e-14
ATTAAGAACAGCTCCG-1,0.24942683467323432,1.732971399416456e-12,0.3654704226419025,1.7071656008636591e-12,1.7784148933967257e-12,1.7522347262756454e-12,0.28510280000255045,1.6866448496271125e-12
ATTAAGAATAACGCTT-1,3.753567359783345e-11,3.918415732440261e-11,0.2915238136559984,3.885627448549827e-11,0.22961810708540553,8.532523373631494e-08,0.49999999838548453,2.6853573360816285e-10
ATTACAAGCAAGTGTC-1,6.500490045938715e-11,0.1275678537994608,0.5125316368009472,6.330806437133842e-11,0.33143557567748194,6.297966387843923e-11,6.414463949502499e-11,6.745160079925655e-11
ATTACATGTTATTGAC-1,0.06017616903375069,6.042636045209669e-11,0.2359088761436313,0.07565290707069418,0.07838312239169778,0.0059635605080426484,0.4439153647476247,6.058834827334317e-11
ATTACATTGAAGTATG-1,0.048345198260830134,3.0200794766111874e-12,0.34475099820680655,2.979005239353331e-12,0.06373674198838075,3.0517072847364936e-12,0.49999999999605116,3.4668395110351095e-12
ATTACTCCGTGAAGCG-1,0.15054753676229754,0.12296307493004975,0.5623396375583068,0.0126251462163304,0.07388198290609534,0.07698891527788305,1.931455444778925e-12,1.9056877426829187e-12
ATTACTGAGTGCCTCC-1,0.054009216017595035,1.551734117734778e-12,0.47446566264541334,1.6505407817318107e-12,0.08919522150344268,1.760717004792758e-12,0.31390656053655336,6.754753554809082e-11
ATTACTGATATTCGCC-1,9.641891693016949e-11,0.33104905655332023,0.4140895452791982,1.0108163437285665e-10,0.34448823860915984,9.64189168236154e-11,0.11037315921867119,1.3523776161493241e-11
ATTACTGTACGCGGTG-1,0.007196502645453711,2.3124766681190257e-12,0.27028726734601927,2.278536527375254e-12,0.2796103118767051,0.03394241992449694,0.499999999870781,2.4730969349567366e-12
ATTACTGTCGCATATT-1,0.19834425381972,0.029159432937610606,0.3127710354522644,1.803164331345398e-11,0.16138100766341262,1.8809271812360286e-11,0.19834427008437244,6.721453440669546e-12
ATTACTTGAGCAAGAT-1,0.12859560478948828,0.040054725998953225,0.46506435172671634,8.422408055798049e-09,0.23358645093045138,0.03269885812770057,2.5304609297360907e-12,2.317119238617511e-12
ATTAGAACAGTGGTAG-1,0.01644210580849951,3.1063580122674316e-13,0.16451950586323166,3.037037625495922e-13,0.2585051318751086,0.00121547388949648,0.45931778256296446,2.981593358908712e-13
ATTAGATTCGTACTCA-1,8.120935646495144e-11,7.885503635989546e-11,0.33116172306881436,7.688899497875128e-11,0.1441614829314856,7.862997778853768e-11,0.4246770777517448,8.996183483258937e-11
ATTAGCCTCACTTCTA-1,0.3014310129175704,9.205712733416524e-11,0.437627247489932,9.122847691773577e-11,0.14515734282579187,9.163986268810052e-11,0.12756784136499555,2.1122553509310287e-10
ATTAGCGAGCATGCTG-1,0.06258045191877089,8.434901689705968e-09,0.29885571830003727,0.20463688466738073,0.24090789449571642,2.9405816008272137e-08,0.09301900968661021,3.1496231857845346e-09
ATTAGTCGTGTTATGC-1,0.05707848352248785,4.0313570661603196e-08,0.27916074972278127,6.840340919641925e-11,0.24527263350396689,0.05707847450179129,0.2614096184377045,6.100517804994654e-11
ATTAGTGCTTGGTCAT-1,0.1301440905403959,0.001416738589306769,0.5018560210203042,1.9340831054498358e-12,0.15595518144902887,1.934083098741608e-12,0.4106279683898539,1.871517011181032e-12
ATTAGTTCACAGACTC-1,8.298899316232987e-13,7.977789478867204e-13,0.21391334854111768,8.005928915984069e-13,0.24780136988942034,8.149770175047369e-13,0.5000000004207199,7.896002380360392e-13
ATTAGTTGGACGTGAT-1,0.03969398594802758,9.369381351616997e-11,0.35636759557102105,1.0213559416874071e-10,0.11306418774927368,9.639691771384663e-11,0.390874230405355,3.941780645850915e-11
ATTATCACAACTCGGC-1,0.09078850833779648,0.0907885250041844,0.5202704650575816,1.1503501846135368e-10,0.10899652821939845,0.1643471347150849,0.07239886178975309,1.6972568833504055e-10
ATTATCCAGGTGAAGT-1,4.9047345325291684e-12,0.0392975041598559,0.20095469189013698,4.968698940857919e-12,0.1615757803084504,0.06872092571877844,0.4999999995618843,7.979053804435821e-11
ATTATCGAAGCCTAAG-1,0.0346310058567078,7.340585345607299e-10,0.269249505692027,6.868963069867147e-10,0.14016458327894624,0.04513518275811506,0.41081972072997025,2.6625678342491485e-10
ATTATCGAGTGCAGAT-1,0.16150777799902777,3.2256397219360138e-12,0.4293768583581413,3.1941815166392462e-12,0.10894721639368186,3.1994977678750323e-12,0.4104743309832101,2.18317369680493e-12
ATTATCTAGATTAACG-1,0.28222989124361697,3.838970211756605e-11,0.3699787846042057,3.903420473077053e-11,0.2702004929891818,3.8389702020091085e-11,0.2775908310333444,5.007893157140027e-12
ATTATCTTATTGAGAC-1,0.1051381932950981,0.055000260007536404,0.4418293390222695,0.005951479846167362,0.1559859418447352,0.11787384204044625,0.018220943816648214,1.3715029777158513e-10
ATTCAAGATTAGTTGC-1,0.11938811429378748,9.138139283467014e-12,0.5143406269846702,0.02130505870846705,0.09620270220581993,0.013140079122068604,0.26650538276449937,8.756291110986792e-12
ATTCACATAGGATGAG-1,0.1581410050824456,3.084047044294994e-11,0.3668153519005542,3.1070824983076124e-11,0.17753795205653633,0.004019909232508912,0.19348578164962554,2.96129139784573e-11
ATTCACATCTTATTCT-1,1.8731916379920427e-11,0.05307460492020221,0.4647419616824247,1.873192264051961e-11,0.2198973630512996,5.270994753968682e-12,0.462286070291055,4.1488520027857015e-13
ATTCACCTGACCAGTT-1,0.49312477693665846,0.04285773197758179,0.5160606512322145,1.035357048613203e-12,0.04397259510217991,1.0494476669421921e-12,0.03394241916668389,1.0796465549439702e-12
ATTCACGCTGTTATCG-1,0.11775528521037212,0.029484928131483998,0.5283219547771035,2.2397906201204305e-12,0.2064235859652345,2.2672765287139307e-12,0.019672209653758498,2.1675416312493907e-12
ATTCACGTCGCAGGCT-1,0.13748902757145337,8.015628555058266e-10,0.6056232970864277,0.1679275804931586,0.10074505083887741,7.325715676089966e-10,0.18821504135088293,9.30325241723599e-11
ATTCACTCACGTGCAC-1,0.08225743645819059,0.00379992359320041,0.38447714630962626,1.1756137926337343e-11,0.2981591480724454,1.2118683519144448e-11,0.13130634557643375,1.162577220467194e-11
ATTCATAGCGAAGCGT-1,0.35531388369103395,7.2608324717931105e-12,0.503287256223738,7.128958569141399e-12,0.12338946840575454,2.1393442290257916e-08,0.21800936997893913,6.384876729256676e-12
ATTCCATTGTGAACGC-1,0.08968703254514027,0.006933594530555659,0.5086114629568559,1.5244284885002045e-12,0.12458866071421901,0.040652858184738724,0.1295263910679816,1.475225823927732e-12
ATTCCGCAACGCCGCT-1,0.3185411907214362,1.4292668417376905e-12,0.4338496259360547,1.437991344011008e-12,0.03080354316607264,1.4738110965677065e-12,0.4168056401678488,7.377044958711071e-13
ATTCCGCTCCATCAGC-1,0.02826368938250487,1.297798070421007e-12,0.3381629776441382,1.3007417205784536e-12,0.21748214241191283,1.3066594686765383e-12,0.4999999999348149,1.5355644668682085e-12
ATTCCGGTTACATACC-1,0.32617611447024486,6.404786679903336e-12,0.5176878832673949,6.196404237387298e-12,0.09250132552442748,6.447776099066843e-12,0.10550025141326079,6.975871905155684e-12
ATTCCGTAAGGATTCC-1,0.2699463595595423,0.014405074277909137,0.35913893663483276,0.02455605578972299,0.12705460639918817,0.039767975612283554,0.0651309900890238,1.6584913968897895e-09
ATTCCTCAATTCCATA-1,1.1458114581526287e-12,0.24787310364488618,0.34262696723370456,0.16967546590604288,0.16939316131662957,0.022558198249651024,0.24787310364488618,1.140285146733968e-12
ATTCCTGCCTTAACAG-1,0.20252899332007415,1.382452345180303e-09,0.44422422971881514,1.3688769027938317e-09,0.11900328064258937,1.9528156221806216e-09,0.4342434908684714,1.375870050673829e-10
ATTCGCTCGCGGAGGC-1,0.5000000006062972,5.199894498218168e-11,0.5120931266780924,5.145746126672206e-11,0.03259112066783161,5.2279709588344366e-11,5.2279709705770926e-11,1.0273488401555608e-10
ATTCGGAAGCTATTAC-1,0.08847809842714685,8.548079329655297e-10,0.34844469827330815,8.499458668183366e-10,0.39261945057029474,8.462354009307225e-10,0.37045774383519026,9.57654341991713e-11
ATTCTAACGCCTGTTA-1,0.037902081925466416,3.4691620203298444e-10,0.34030464034672375,3.572994866261263e-10,0.23568670393326602,0.019512449126571702,0.26659412379603864,1.7317261234939268e-10
ATTCTACGTGGCAGAT-1,0.08763186559016765,1.0503162621838627e-11,0.2569640141686869,9.686853336671253e-12,0.3556012142834157,0.04677741223277067,0.15302549370124016,3.784319713046882e-12
ATTCTACTGGTCGTTC-1,0.16688071040551458,0.02526298781128753,0.38456579024998616,0.008918264116843886,0.20682913204264722,1.5213499862453793e-11,0.10754311535335942,5.339595186420722e-12
ATTCTAGGACATCAGT-1,0.10496501992974118,0.031406401260725546,0.5413048213866245,1.3934823060654023e-11,0.20142152429897334,1.4031078371865007e-11,0.02090223312363382,1.3821320772015882e-11
ATTCTAGTCCACAAGA-1,0.08229986355776296,1.4917909318454864e-08,0.5185946770184122,4.892582318348084e-12,0.24652805346108658,4.892582306226579e-12,0.2067757541218249,5.8145483621896315e-12
ATTCTTGAGGCGACGC-1,0.1112083633588904,9.264983535478177e-11,0.2914436280121979,9.241360748905297e-11,0.2286963145822787,9.348521044569176e-11,0.499999958137428,1.0639954307185802e-10
ATTCTTGGAGTGATAG-1,0.23635513232458236,9.329733676334026e-10,0.4480262615822074,8.78129216387306e-10,0.08337199711864515,9.329733574786422e-10,0.43224660557116373,1.0936434306352546e-10
ATTGACGCATCTCAAC-1,5.158266816523594e-06,5.147127898425193e-11,0.27978817897369446,5.1619065381429674e-11,0.1635710235248041,5.1917198823414057e-11,0.5000000001659775,5.117823044536769e-11
ATTGACGCCACCTTCT-1,0.08818371640465782,0.08818371991232024,0.324325724082279,0.004121042460807287,0.2789762342806336,0.11620956283398737,2.324633777542981e-11,2.2209192053082938e-11
ATTGACGCCAGCCAAG-1,4.927957212876462e-13,4.7466091300647e-13,0.1604264274642173,4.817531038296283e-13,0.2369414734054533,4.890582721855662e-13,0.5026321136068435,4.711914809314631e-13
ATTGACTGAATACTAT-1,0.06451337919147976,3.1833866613129202e-12,0.3345392290826922,3.2854928078975376e-12,0.05090815122890537,3.2645118530527767e-12,0.5000000000009815,3.641846275455893e-12
ATTGCAATTATGGTTG-1,0.16621313742782873,3.606548671868931e-11,0.3218185369217805,3.739021370377307e-11,0.18690829850734952,3.7119519448186473e-11,0.225060026996962,3.702173146962739e-11
ATTGCACGACCACTTG-1,0.01370010081887034,1.0323704164318746e-11,0.5163877177738336,1.0353752691353746e-11,0.2826534590399211,1.0475803188505866e-11,0.08725872290163382,1.0735059949270485e-11
ATTGCAGTTCTTCATT-1,0.05050269430998202,1.9389326716974222e-08,0.3867981371778218,6.239497901462035e-13,0.14738539686410485,6.410265088349531e-13,0.315313752258122,6.198218239220511e-13
ATTGCATATTGTTATC-1,0.07395008437259602,2.13925336671923e-11,0.5221064246812501,2.139253368816629e-11,0.2099267423072309,2.2513885313376957e-11,0.09401687750471675,2.3405333352542452e-11
ATTGCATCACTGACTG-1,0.14717855867402935,5.113429929097566e-13,0.531168284836347,0.1128561320537474,0.12528068236284165,5.18727867871188e-13,0.1667892866042802,6.09092057284252e-13
ATTGCCTGATGTGCGG-1,0.017863240026764243,7.238666872996038e-12,0.35265881798187404,7.180795784502534e-12,0.3162334792306644,0.02836739656908315,0.4848770656689075,3.4311962743837194e-12
ATTGCCTTACGCAGTT-1,0.2195161220782694,0.09078853456453849,0.528757153990413,1.579293111424995e-11,0.1369130613714838,1.5619301453489696e-11,0.017229899411419655,1.6847679154508094e-11
ATTGCCTTGTCTAAGT-1,0.06294577070251686,0.08849788615114192,0.36593030260629134,0.025525928383529514,0.21831958704868515,0.08849788026542867,0.050282614661714575,3.018510484876461e-08
ATTGCGTAGTTAGGAG-1,0.006907367150196388,2.8837467706103852e-11,0.2734302845669579,2.8281605992389927e-11,0.1399058943418031,2.8281605936889416e-11,0.4797564538569378,2.6209729777571022e-11
ATTGGCACCACGCCAT-1,0.08756148611045923,1.2826938925225311e-09,0.14958225922656346,1.2738070994233013e-09,0.11333881156522532,1.2931984965713587e-09,0.5495174381555874,1.197222714796035e-09
ATTGGCCTAGGAATCG-1,0.015961234076024393,1.4969748099295045e-10,0.2520920400188546,1.445168193081529e-10,0.27577701767777774,1.4969748021619477e-10,0.356169707759162,9.536815074724775e-11
ATTGGCCTTCCGTGCA-1,0.007458581435106034,0.031982732348470974,0.5198044520237586,3.639677580057497e-11,0.22775460273304168,0.08101690863445564,0.031982726521006505,3.584830664583778e-11
ATTGGCGAATTGCACT-1,1.7974646972197537e-09,0.10284095401853004,0.2757073969770102,1.7974647013655565e-09,0.10558151813595411,1.8720783513294375e-09,0.41587012437533066,1.0859000267454575e-09
ATTGGCTAACAGACAA-1,9.652154413484517e-08,0.04993722568785943,0.553276042479449,4.002984479808226e-11,0.07655556105056913,0.07668314007216911,0.1435479341718998,3.9302518225717144e-11
ATTGTTAAGTAGACTA-1,0.08190258570638914,2.2915109399372424e-10,0.251046655948577,2.2830176827839184e-10,0.27251564668177636,2.2915109375745498e-10,0.4999999544062413,2.789808366353587e-10
ATTGTTACGACTAGCG-1,0.017229895359075906,1.6291779658613278e-12,0.29640278536792447,1.6060226702469754e-12,0.29328040223328583,1.6198503957089303e-12,0.49999999988249855,1.6908594844815275e-12
CAACAGCCGCCTTGAG-1,1.362202343810674e-09,1.3948095597043522e-09,0.35101799725596233,1.3622023469158968e-09,0.08751828102753258,2.014233941535995e-09,0.46146371462806857,1.4436267482347756e-09
CAACAGGTCAGAGGAC-1,0.1898822766178312,1.2060545546861182e-09,0.47322472150994743,1.1523968956329348e-09,0.07756063608007448,1.257353615258772e-09,0.45933236042906195,1.449827626037668e-10
CAACCGTACTGATCTT-1,0.16195553264373727,0.0014653548983025646,0.5409359276897374,4.3404537956810363e-13,0.15259364877422163,0.014838284530651388,0.028211251465322468,4.140761002874832e-13
CAACCGTATTACTGTA-1,0.11899093286439189,0.01784786646368263,0.27794177908105105,1.0017252194322292e-09,0.4035495984817297,0.0178478611121545,0.0638219606736647,3.5022275116013126e-10
CAACCGTTAACAGACC-1,0.07532226080293572,1.028305997699299e-09,0.4536021136945641,1.0077419209815622e-09,0.22838201987979215,1.1227333323196792e-09,0.44269360143240766,1.2844070459987801e-10
CAACCGTTAATGTCAT-1,0.035210310066502506,0.010700578716423033,0.1985366820801172,2.092237196701686e-11,0.2831981541465769,2.3846038653181853e-11,0.37235427493998463,5.778900474621362e-12
CAACGCTTGCTCCTAC-1,0.006182814453294729,5.037533957788488e-11,0.4714047210499211,4.9982471984828264e-11,0.019675332714616352,5.09764754252891e-11,0.4027520767883938,4.92148378810524e-11
CAACGGCACTCAGTCC-1,0.11853970217230747,0.2888867625416906,0.39246663498778395,1.0064429081622673e-11,0.021400209784822145,1.0028079694301284e-11,0.37870669045980004,9.709618971430194e-12
CAACTGCAGTGCAATA-1,0.07556624811462793,0.025325704560206448,0.2662607946123528,0.003802772950530423,0.2458008411535496,0.08991946925187773,0.19332416927985935,9.630699250208247e-11
CAACTGCATTCGACTC-1,2.933085749246654e-12,2.903716813628406e-12,0.5103179016486714,2.8892585615058134e-12,0.07595270581283353,0.009874035663324178,0.40709060403909497,2.7935732001609177e-12
CAACTGCTGGAGTTAT-1,0.28013491292740317,4.6415577614510715e-10,0.4009402564930506,4.6218914066654165e-10,0.1266376114959005,4.691314964400558e-10,0.39228721747810147,5.912097849660908e-11
CAACTTGGACATAGAT-1,0.06464941727336156,0.3880473999660166,0.5045766489905565,0.015615368665756026,0.16246174844487457,2.2969559696514546e-11,0.06464941656008116,2.1518073801627e-11
CAACTTGGTACGATGT-1,0.10244020266291061,3.2689960202349518e-12,0.22364795648325275,3.261884581197079e-12,0.14671622748152488,3.2833103397657534e-12,0.4999999999886223,3.789223448581201e-12
CAAGACCACTATCGAA-1,0.2441233281127792,3.2738654418458365e-09,0.48223084495919305,3.0621930385823407e-09,6.035909815587858e-09,6.519423919907962e-09,0.4736457868901795,3.7075020819738e-10
CAAGATTACCGATCAT-1,0.11479541646528565,0.05421254229561355,0.48848219988635283,2.0950474797042768e-09,0.1427352571887687,0.036911550126294046,0.06286303128450112,6.592727070762245e-10
CAAGATTCGTCAGCTG-1,0.009874051966074888,3.1426343750157306e-12,0.31515058729816886,3.142634373835344e-12,0.2018722674793366,3.190017621176988e-12,0.5000000000095824,3.3425283329279152e-12
CAAGCCGCCATAGAGG-1,0.4381470430531722,3.11810941400526e-11,0.47569096043778536,3.062994900608533e-11,0.15000767780005567,3.0629948963720445e-11,3.163761930276269e-11,9.733853490319814e-11
CAAGGCAAGCATCTCG-1,7.678140159209215e-11,0.02259152767388862,0.5370242599190871,7.604858701226425e-11,0.29940282960462783,0.04098118345027728,1.9930791132647058e-07,7.49509432237256e-11
CAAGGTCTCAATACAG-1,0.01722992473341373,1.916465712668582e-10,0.5115212790650003,1.877222812046141e-10,0.1711112387647918,1.8772228108605596e-10,0.2746850850544023,1.9499730861195294e-10
CAAGTACTCCGCATCG-1,0.018305957141540034,0.006374758350365712,0.38400023867108596,0.006374754936699884,0.09837178716083247,0.10975403830379536,0.27681846543566013,6.269540668111339e-13
CAAGTACTTATTAAGC-1,0.08320694961450367,1.170040861785233e-10,0.24012217797171542,1.189859473036631e-10,0.15396144958360836,1.231637930961287e-10,0.4227094253573387,1.2856491122660377e-10
CAAGTACTTCAATAGT-1,0.07119385910823198,0.0902447054702584,0.2795749071989697,0.06169102811075789,0.1837037975650351,0.08004303356935485,0.07119385924000932,0.06235480976486364
CAAGTAGCCTCGATCC-1,0.07813344413113597,0.2742848711761897,0.5659909368050136,5.280120439585288e-11,0.28159056560634343,1.819859668108039e-07,5.3960287447144375e-11,4.939487170202994e-11
CAAGTCCATCGGCGGT-1,0.03682652354426016,2.4561003887364317e-12,0.22453075459006241,2.456100389356817e-12,0.1053944920517577,2.402716472518088e-12,0.5332482298089872,2.4999726732165556e-12
CAAGTCCGCTACCGTT-1,0.16484099342411754,7.302484337764582e-10,0.6155802523128573,0.3487375947395977,0.07084114273769034,7.520181131472615e-10,1.4524783102503943e-08,1.5508355046151357e-10
CAAGTCTTGGCGATAG-1,0.1407223905164606,0.04513417546336757,0.3849796837086138,1.1821843865659554e-07,0.19205581954853843,0.07190684537810269,0.0652009671519194,1.7103203362465263e-11
CAAGTGTTCGCCACGC-1,0.0029640288913650764,1.1435071331803256e-11,0.2923807353757101,1.1489187700034066e-11,0.19956111161655507,1.178190415722811e-11,0.4050941241299083,1.1342040816718508e-11
CAAGTGTTGACGGCCA-1,0.15592364674976977,1.4688057407543789e-10,0.39808508022512634,1.4870306452627327e-10,0.09545613045950331,0.16929658743084336,0.3812385547727232,1.8271973645371794e-11
CAATAACTACATTAAC-1,0.2926818541096226,5.6393982672239224e-12,0.44724888323120043,5.505590354907544e-12,0.02379610958480807,5.577690524864858e-12,0.4362731530280903,5.219777060762545e-12
CAATAACTCAAGGCAA-1,0.047902122801686,2.581709465221295e-12,0.331253221750387,2.398008679307654e-12,0.15606667902790636,2.518150672497773e-12,0.364777976412213,1.4268447074993934e-12
CAATAACTCAGATGAG-1,0.10771265815478284,0.03305841033658359,0.3084759152321262,0.04116053736386295,0.21311164861401363,0.07290817707878637,0.09019126893571153,0.03338138428576948
CAATAAGCGGCCAGAT-1,0.23413016824445665,3.774428395063772e-11,0.5876238278780714,3.754824119003596e-11,0.062246528471993065,0.015999475275596826,3.754824120485242e-11,3.405974438847673e-11
CAATAAGGTAGCGATG-1,0.04536846055845573,0.01862256332121392,0.22117425286679454,0.018622562319511836,0.3264226374774723,0.05874141449147857,0.21104810691387085,2.0632459238905186e-09
CAATCGTCGGAGCATG-1,0.03648771605102343,3.672883665403513e-12,0.3030419161381295,3.6728836676270776e-12,0.06346129500951386,3.719996929702501e-12,0.5000001739138792,3.6500467895832075e-12
CAATCTTATTAGAATG-1,0.09575035758892073,0.1264376742142841,0.38319194605058554,6.505511470080302e-11,0.25635638677780487,0.03446131448767515,0.0038023207734043506,6.048460673781043e-11
CAATGCAGATCATAGA-1,0.0547006645062287,1.7215813168978517e-09,0.5813489228187511,1.8230269307439603e-09,0.1929050141199005,0.07104539287708989,1.6164075741574982e-09,5.475905636549854e-10
CAATGCATTGACGGCA-1,0.14277949234772286,5.40802531992252e-11,0.36234219757603203,5.349577640662825e-11,0.1810005006578457,5.416482865404723e-11,0.4999997453602712,5.322172662646754e-11
CAATGCGGATGCTGGT-1,0.0009922152230966313,0.017333891996117977,0.4497301105263852,2.957527721543035e-11,0.2757949681819212,0.017333878860613314,0.43881493504428254,2.915053587940554e-11
CAATTGAACCGGCTCG-1,0.11986531048826274,0.06893331302307885,0.5830740284806266,3.921502067004228e-07,0.052490924539298905,0.06328401376089549,0.012352017592654292,1.9519988484575864e-11
CAATTGTTGACGTGAG-1,2.168863516932856e-10,2.1688635196923304e-10,0.4718700195539433,2.065119593151544e-10,0.3637618548658744,1.9997653666589495e-10,0.3643681246228145,2.9624081849194235e-11
CACCAGGCACGCTATC-1,0.06872098145880666,6.303986895057443e-11,0.377121369595962,6.14721857508789e-11,0.15414561807481597,0.07607684573621866,0.2967527400831284,6.015075140072064e-11
CACCATAAGCTGGCTG-1,0.37743922675943375,1.1269202864873246e-08,0.40953991407539664,7.394064620382958e-13,0.03558162113257634,7.517700840177152e-13,0.37743922675943375,7.307969949023653e-13
CACCATAGGTAACCAG-1,0.15655871121928036,0.0478243525978549,0.4743048424346458,3.061263681259551e-11,0.08970292098239137,7.327187426429634e-08,0.4316090986539102,2.8588111533074067e-11
CACCGACAAGGCGTAT-1,0.07369420132427966,7.613509032496633e-11,0.4515969046939743,0.00015542883562928483,0.1547328899694507,0.03691489099790275,0.48290568321620747,7.537310110973659e-11
CACCGAGTCTTGGACA-1,0.0667840411650719,1.656244293950036e-11,0.48244726324695664,1.662054521506793e-11,0.14476843386573046,0.01970654297266966,0.4862937182281965,4.770422787763257e-12
CACCTACATGATTGAT-1,0.09941355592524102,6.705186320660885e-10,0.44856025197862703,6.705186323361861e-10,0.21854864453422793,6.929801221518904e-10,0.4334775450356439,8.38818395356678e-11
CACCTACCGCTACCTT-1,0.20677560960067104,7.712760734307315e-12,0.5374806218501815,7.480746845821245e-12,0.26985008530776206,7.653736393163914e-12,0.18414896217840002,2.218732191508272e-12
CACCTAGAATACTTCT-1,0.039297491617908645,3.9444226809284836e-11,0.2504468126704531,3.9800708540388385e-11,0.11907682610333481,0.17170299011953297,0.4999999963000635,6.019912736468726e-11
CACCTAGACGAGCCGG-1,0.09187567308775484,9.397795546293381e-14,0.25088027212577607,9.345449202668687e-14,0.17113387838938537,9.397795540530259e-14,0.38611018344365483,9.24248611752542e-14
CACCTATTACTCAGAT-1,0.07335513452767699,3.498262414789336e-13,0.28509748214018404,3.4647407639294485e-13,0.12263658092359192,3.5367634457090514e-13,0.5000000001062239,3.4323558015460823e-13
CACCTCGAGCGATGCT-1,0.07184431693644609,0.17919580853670264,0.5382246541742604,5.7805818949035414e-12,0.0744114917419427,0.036050702255413306,0.00027302637203854965,5.664713264342195e-12
CACCTCGAGGACTCTA-1,0.1719497907428092,2.7464772275711567e-13,0.5053557867723846,2.8156196369414607e-13,0.22269442626146901,2.8988080837128957e-13,2.898808087890158e-13,2.7331326524790575e-13
CACCTTAGCTATTGTC-1,0.13741102485515966,0.0025486478741657825,0.34215515121625933,0.0025486494473048577,0.1455340398331616,0.01481822414654002,0.2549842626272593,3.1094821684439073e-13
CACCTTGCGAGTTATG-1,0.0817522051934967,1.1531124585938746e-10,0.33613205362657017,1.188998648566713e-10,0.36767408403730845,1.1531124548716942e-10,0.1144416566641681,1.3131425119457262e-10
CACGAACGGTCTTCAG-1,0.02377675347605266,1.52919806907202e-11,0.5879592967027176,0.042166417045324964,0.12498539346258397,0.02377675110600045,0.09733538817958333,1.4764408460497413e-11
CACGAGGCCATCCACT-1,0.20160752035650764,0.1280489258392407,0.4040046680830661,5.019330319306625e-10,0.09195199937725872,5.353447555905806e-10,0.3743868851495702,5.356710737747267e-11
CACGAGGTATAGGTAT-1,0.08431480001117031,2.9241320296570183e-12,0.3798912139386195,3.0193906058231803e-12,0.22415567490521668,0.0475354875750835,0.4641028235576058,3.669826288531495e-13
CACGATAAGGCCTAAG-1,0.10388820839018731,0.015766087165640447,0.3314517227216547,0.0023931410608122863,0.2725048358309017,0.049205836128715374,0.12479016869801324,4.610113806357948e-12
CACGATCATACAATTA-1,0.16802080245014658,7.662767414713772e-10,0.47951782174912166,7.746779412105155e-10,0.08556702670872748,8.896848247912602e-10,0.4668943447723173,1.1163034388614107e-10
CACGATCTTCGCCGAC-1,5.420010428581053e-13,0.08552184433642505,0.22965751679122245,5.385213819460965e-13,0.0853795555947014,5.527126194539013e-13,0.5000001045742288,5.283500636255576e-13
CACGATGGTGCTAATA-1,0.21094453924234385,6.768121868778149e-10,0.3302406319465797,7.188839636878538e-10,0.11860922499087433,0.13069207894030144,0.40951352325450374,6.434680337217496e-11
CACGCCACAATCGCAC-1,0.19542449770901107,0.27463243046465324,0.5041323804713962,1.1673469121515805e-09,0.22581068580064942,1.2489539298898177e-09,1.1673469013148527e-09,1.0885884621737918e-10
CACGCCACTCCTTCAT-1,6.021414368930866e-08,5.695156629521526e-12,0.44236124732592186,5.6682775289698e-12,0.15495558178485866,5.695156628284891e-12,0.49999999999707195,5.5762285488657326e-12
CACGCTTATCAATCTT-1,0.04834520418335557,5.709025120589857e-11,0.21366816943665484,5.6216571687119915e-11,0.18935423042499683,1.4595798725758878e-07,0.5000000035797225,8.449078235543706e-11
CACGGATTCTCATCAC-1,0.14198770778406625,0.019605925611389446,0.2834245790291541,0.0037031721119367904,0.3029209210714888,0.03550929865765408,0.11284839550510463,2.5170097729924754e-10
CACGGCGACGGTGCCT-1,4.718531403122802e-10,4.1481757490857015e-10,0.4685034789736211,4.2896815762163456e-10,0.4104862833516517,4.0132974038666225e-10,0.32101023567425074,5.96352724862719e-11
CACGGCGATACATACG-1,0.16697545946428824,7.448035954504484e-10,0.49209405811831786,7.213294489186998e-10,0.08324647569016838,7.589759211065102e-10,0.45768400327956726,1.0532055567376621e-10
CACGGCGTCAGCCTGC-1,0.048974783386674416,0.0037073095665847507,0.304793926531712,4.141276366143894e-11,0.1837152525206212,0.07161612624402944,0.2871926017017263,3.981746751280446e-11
CACGGCTGCGCTTGGC-1,0.09583128899645355,0.03861740304467582,0.35120242973410415,4.0540141094909724e-08,0.21452121573860503,0.014092955710100332,0.18573466624004706,3.11738681032129e-12
CACGGCTTACTCCGTT-1,0.099983349964569,2.2655659602487194e-13,0.42286252217007314,2.255269557851978e-13,0.34059734566830846,2.2843040023104905e-13,0.3053296255159261,2.328621720166737e-13
CACGGTCTTGGTTAAT-1,0.04349033539528217,3.8826150144147153e-13,0.4725938806866668,3.9476963441717433e-13,0.1373206032498397,3.890646577520647e-13,0.49999999982319365,4.0797843277051563e-13
CACGGTGCCGGACCAC-1,0.13439386180174734,0.22232015668969124,0.21232062341842267,0.017329232089993894,0.1278190275729527,0.061143023906907144,0.11974082356450824,0.004933250963132705
CACGTACACTCGCACC-1,0.18248400257373146,3.363580535959106e-09,0.4939381632586069,6.644550106228202e-09,0.042220230603597975,2.907162058856448e-09,0.481357544868174,4.5038135498270674e-10
CACGTACGTAGCTCAT-1,0.023717771655710776,0.1708350143198186,0.30456045053567843,4.893588803380712e-12,0.12697085126775798,4.967804731908569e-12,0.49999999948817353,5.185590437516981e-12
CACGTAGGTAGGCTGA-1,0.22117853352511593,4.982754423634701e-12,0.5258476256941167,5.0899826423126034e-12,0.1602779375139372,5.057151642604406e-12,0.020569466527106547,7.292094351563407e-12
CACGTCAAGTGCGATC-1,0.39078979583815854,0.39078979583815854,0.4184204074330208,1.9039327159269707e-10,2.0589421093058764e-10,1.873556797626718e-10,1.8908406430008707e-10,2.643533414041848e-11
CACGTCCACGACCTAT-1,0.3819646707878981,2.385692750685068e-13,0.39147819185766225,2.3525683016233256e-13,0.04459246656531597,2.439348307294759e-13,0.3819646707878981,1.1231315143131908e-13
CACGTCCATCTACTGA-1,0.09480087429959319,9.045093646544626e-07,0.21771118282331683,1.7410410256400566e-11,0.27251982825664134,0.025567498196444795,0.289399711886095,1.7237630213390496e-11
CACGTGCCAGAATTCT-1,0.04909548380103985,6.849332739609725e-12,0.35044218750822254,6.937783886449393e-12,0.15099056189671986,7.074025712614131e-12,0.49999999979334514,7.619021459425979e-12
CACGTGGCGGCACTAG-1,0.1967865291161996,5.39182804820138e-12,0.3356271718033854,5.349637857959386e-12,0.04513524964935243,5.4491446137902335e-12,0.3439037620192597,5.25452375356574e-12
CACGTTGCACATACCG-1,0.13530616445539803,9.600268923259215e-12,0.3271171704343803,9.585251636220224e-12,0.23022837882240874,9.581358805036008e-12,0.4999999724827383,1.5519246121748533e-11
CACTACCTTCGCTTCA-1,0.15908034463261847,3.4469808515553633e-13,0.37729358199276536,3.506634852405671e-13,0.14599950426362884,3.4646588598702677e-13,0.49999999801663425,3.3651344246477006e-13
CACTACTGCGGAATTG-1,0.25574040684808613,2.95090337264299e-11,0.3739155557669045,2.987754135891806e-11,0.3146034555233075,1.7487654673084465e-07,0.25574040684808613,2.8886362613471157e-11
CACTACTGGCTGAACC-1,0.18273682947539321,6.170698989684253e-11,0.507633635647296,5.996528373829659e-11,0.10611844570761766,6.210565530625999e-11,0.16893725400749965,7.61030482682882e-11
CACTAGTCGACATCTA-1,0.08229986437322134,1.9880109927594594e-07,0.468062550457391,5.783297367604502e-11,0.150521883683253,5.743641815862475e-11,0.365206330205773,5.65036094024618e-11
CACTCAACGCAACGAC-1,0.023564909367496455,1.365557665533528e-10,0.1813986758565592,1.3098882225360632e-10,0.20536412637772825,0.0617123567029943,0.4279599313855885,7.311042907586061e-11
CACTCAAGACCATGCA-1,9.805078365858578e-14,0.010895268477717946,0.49602187827632555,9.46310629535379e-14,0.15174290704726615,0.10284354534676901,0.43849640085128055,9.165189967501839e-14
CACTCAAGACGGACTA-1,2.8683715071492035e-11,0.027224651961171197,0.3975638261750105,0.02722465380524158,0.15442611500274148,0.027224647935432122,0.26633610507920535,1.4489534716210995e-11
CACTCAAGGCGGCACT-1,0.04969597903629219,4.238807151299252e-11,0.17444609652987653,4.36054456886993e-11,0.29763864459021827,4.422839410411164e-11,0.3782192796913022,2.6451187666069963e-11
CACTCAATAAGCCGAA-1,0.11030047193329921,0.061266290821472245,0.49887037072395796,0.04492158073837513,0.31307454067335727,0.028576836296186955,0.14298990877186246,1.631619541848133e-12
CACTCAATAGTGATGC-1,0.07084345591483254,0.0499023961053127,0.18013399418953893,0.05607204579689985,0.244749257744623,0.056072044721911754,0.19847912512392707,0.043747680402980695
CACTCAATGGTTCGGA-1,0.06720562411422829,4.476469572336457e-11,0.28905535629993667,4.523251911057975e-11,0.14357937818724129,4.4508932855476976e-11,0.4999999997990828,4.649598963342035e-11
CACTCAGAGCAACCGG-1,0.11678236176673998,0.05410311943057092,0.32068841022165767,0.019427404132945327,0.2185680086536058,0.08073100657569095,0.08969968352836995,5.697472745831932e-09
CACTCGTAGGCCACGG-1,0.19552469324355348,2.687042753444697e-10,0.4248656951934469,2.529914900166228e-10,0.15939670049203278,0.04840750306278117,0.37180540727469114,5.3855503583889324e-11
CACTGGATCGATACGA-1,8.763220181737445e-11,8.789150439079117e-11,0.35409561965902786,8.246446844773602e-11,0.1356596138251385,0.3551223831129349,0.3551223831129349,1.0439489625417277e-11
CACTGGCCAGCCAGAT-1,0.20504027115541681,1.9035015685304512e-09,0.3191811075117853,1.882263529571422e-09,0.1357097361117725,1.8822635260314594e-09,0.2400688795044367,6.306294780052346e-10
CACTGGCGGTAACACC-1,0.06586308885443395,0.021727916325383692,0.57689028246848,1.0066941964920979e-12,0.2285025233601675,0.007016188990394087,9.994324558723976e-13,9.722875596458774e-13
CACTGGTGAGACGCTT-1,6.592721251650612e-13,0.38564689542004427,0.4021651177229366,6.019653347550761e-13,0.026541091433957765,6.305615923347142e-13,0.38564689542004427,2.59208814519388e-13
CACTTGACATTCAGAA-1,0.0894203413215154,4.67760656114832e-12,0.3014010981785175,4.738469199240916e-12,0.15524537560671006,4.800725381276958e-12,0.4999999998408917,5.47918686065082e-12
CAGAACATGATAGGAC-1,0.17313056368889276,1.3165759083191473e-09,0.47107007581650995,0.012025016141388355,0.09267437748888506,0.05214362817181886,0.09895633700435165,4.4219051384176353e-10
CAGAACGTATCGACTT-1,0.11647817268136108,1.9972267101917576e-11,0.49162389156349817,1.8771257884549025e-11,0.18067199372893636,1.857619007042361e-11,0.11122609713750135,1.8942097355564572e-11
CAGAAGTCGCGGTTAT-1,0.13970475702519364,7.646636556642318e-12,0.5097386784969392,0.027616137183245324,0.08239340140897602,0.04863916695378258,0.3919078588848017,1.158111438244451e-12
CAGAATTCTTGAACCA-1,0.056372962625474664,2.282845967684967e-12,0.27066106592355044,2.2828459686788245e-12,0.045096860202975035,2.3687019255634135e-12,0.5278691112539367,2.2982503599184263e-12
CAGACACTTACAAGAC-1,6.140676811800688e-08,2.0287172987376582e-11,0.5107511180875111,1.987680048777843e-11,0.25040603476704804,1.9977641226885865e-11,0.4388427855733534,1.845658217258742e-11
CAGACAGTCGGATCTG-1,0.26264549079603927,3.5420251471833343e-10,0.4152023208786746,3.434200191248724e-10,0.1392629222462201,3.46025932316572e-10,0.3828892648769695,4.570119786148989e-11
CAGACGAATGAGGAAC-1,0.4270006382749777,2.2757469604177256e-12,0.47234735977700315,2.212135604391337e-12,0.037745943613577713,2.2515753679900653e-12,0.2629060583179492,7.647283393688324e-13
CAGACGCACTACTGAC-1,0.11590857958252562,0.13158403255792045,0.35270925097425515,2.8912199416758575e-08,0.2211405615282225,0.031781659016216074,0.046875887419964714,1.0140097976854939e-11
CAGACGCAGTAGGTCT-1,0.08032364457003534,2.354777230227792e-12,0.5549482361382416,0.0011012381949070044,0.11997164010383407,0.068995613256715,0.0746596277435913,2.2502537616358315e-12
CAGAGGCACTTAAGTC-1,0.2886992297923174,1.2779919110811847e-13,0.4527789965324667,1.2636668547851165e-13,0.013461486931261772,1.2779919093179975e-13,0.4450602867429019,1.2292712817570563e-13
CAGAGGCGAATTGCCA-1,5.0654254561267185e-11,4.9754950677465145e-11,0.35631074623942893,4.997661451371725e-11,0.1144738412227555,5.0088226797219486e-11,0.4999999999918303,5.386648043467098e-11
CAGAGTCAATCCGCTG-1,0.08218105701057322,0.08784507371481827,0.43855718569225977,2.890268266893313e-07,0.29141581645415504,2.890264445373254e-07,2.8902621365177006e-07,7.269911305140634e-11
CAGAGTCATGTACAGG-1,0.06698501252922928,2.8528633075562984e-11,0.22641402286969523,2.8302632987382972e-11,0.12356613295212611,2.822812606057028e-11,0.5000000702098777,2.7806928431311012e-11
CAGATACAGCACTCGT-1,0.06283623352438973,0.027528117415655286,0.5113675842993323,2.791430568389412e-13,0.22808821031244764,0.10991375690720485,0.1628759717003857,3.013696670254665e-13
CAGATATGTCCTTAAG-1,0.12756782323233223,3.0168444177870267e-12,0.21189325323045943,3.0552161499424267e-12,0.14832899119201268,3.1355113746311867e-12,0.49999999997704286,3.7056184210649395e-12
CAGATTATCATAACGC-1,0.0963585646775745,0.04732439786064896,0.3039277407077752,1.603565423719023e-11,0.452389296695543,1.6518451809287794e-11,1.6321425641683955e-11,1.1355217814859782e-11
CAGATTCCGTATGCGA-1,0.1275678224424309,1.8892660254874596e-12,0.4416978170793166,0.07563545364470314,0.08503887367215245,1.8996076411636682e-12,0.40448662193083484,2.1540131568147778e-12
CAGATTCGAACAGGTG-1,0.022481979544025414,6.195238672212299e-14,0.5012460196098942,6.277503945301606e-14,0.1717973360358706,6.195238663622545e-14,0.2326389773861638,2.1956994064606636e-13
CAGATTGCCTGTAAGT-1,0.23337169387965517,4.142116374445333e-12,0.5012047164062992,4.113934317512459e-12,0.08355168026784228,0.001382948300990923,0.3804889603961106,4.079232516971568e-12
CAGCACGCTAATCAGA-1,0.0721591929468839,0.04017589951953472,0.41729087685306876,5.011487175088709e-10,0.21325644420321285,0.027391413669112095,0.1297261717036231,6.092857900006875e-10
CAGCATCCTCGCCACT-1,0.04445909231461495,1.5733551905642463e-13,0.3060405382485692,0.011769642440690217,0.17092276364393416,0.17523160810579255,0.19157635524662112,1.4282442779016757e-13
CAGCCACGGCTCTACG-1,0.06451337996713728,2.1304931150768456e-11,0.31464317880454395,2.099230290441627e-11,0.03369070052099843,2.1204106862437138e-11,0.49999999947266294,2.429888510330012e-10
CAGCCAGTCCTGTCGG-1,0.12479137663881357,0.014453445456017408,0.5380752244346456,6.317815499619283e-13,0.4324693005441226,0.08801206613541697,0.0021985867871267824,6.158039012079855e-13
CAGCCATGTCTGCCGT-1,0.23293716994641753,2.8639146016419677e-10,0.4296032889604598,2.7997801831298413e-10,0.20933748138325775,2.825200015589997e-10,0.32812205867438765,3.4987934580524824e-11
CAGCCTCGTGGCTCAC-1,0.12108186888021574,0.013448144763609523,0.32108042332400827,0.026820901919588157,0.07529766595070725,0.05356681031782905,0.2887041823961536,2.4880806515338664e-09
CAGCGATAACTGAACC-1,0.12168315870282168,4.8471085041713595e-11,0.17743880257665565,4.7748307220121086e-11,0.18166522933492718,4.798703359980582e-11,0.5000000078365936,6.877691451937772e-11
CAGCGATAATGCGATT-1,1.0861154829306915e-13,1.0677176214302367e-13,0.2406766212467563,1.0677176205756557e-13,0.09547369329229607,0.05360139616398496,0.5102482898017343,1.0918095547171644e-13
CAGCTCCTCGGATTCT-1,0.4989289273635219,0.0494220438414712,0.542708425532364,2.0693573146900526e-11,0.10894010055346987,2.1172125900862238e-11,2.1074794472257703e-11,4.2216585622200575e-12
CAGCTCCTTAGGTAAG-1,0.16463118745480682,0.00414101726860622,0.5331124679288592,4.0101609944582034e-12,0.19397431760155145,0.0041410097550379195,4.069925841719081e-12,3.933175084888774e-12
CAGCTGGATGCGGCTA-1,0.3769667632938888,1.889356598139746e-10,0.38764654330445775,1.8838920788547945e-10,0.05841992935080946,1.9283154673036237e-10,0.3769667632938888,4.061697683039361e-11
CAGCTGTTGCCGGAGT-1,0.1643471521276395,6.185486049007503e-13,0.44244155392817336,6.223457024401703e-13,0.08587646827106554,6.185486054459657e-13,0.4401919838603767,7.028381757232039e-13
CAGCTTCACTACCGTG-1,0.08899784276659425,0.09717757208490353,0.23141324982144312,1.4563018675193952e-11,0.14770088689742314,0.039963664700041784,0.29474678371238744,3.302857824991549e-12
CAGCTTGACGCCATTA-1,0.38771521763561356,1.5896885302798145e-12,0.3999877996500438,1.5896885297845401e-12,0.02458176506823918,1.6085860200728876e-12,0.38771521763561356,1.5327452477087679e-12
CAGCTTGGTTCGGTCG-1,0.04191000234826383,9.305838347913438e-13,0.4167148426075517,8.855360548587131e-13,0.29760954136774304,9.689732081178595e-13,0.4437656136710685,1.5027771198681272e-13
CAGGACAGAAGGCTGG-1,4.184290678410048e-10,4.2713527632310597e-10,0.40833353147727136,4.184290692727552e-10,0.3530952697354249,4.099685647869891e-10,0.4385711966993541,5.545707567770828e-11
CAGGACATGGTAATGC-1,0.1649976874804789,1.3838106223463572e-12,0.6458222536606966,0.36580286567053244,0.02337719318147982,1.3685216860188645e-12,1.3241850160060294e-12,6.626455400377579e-13
CAGGAGCGTATCGCAT-1,0.02402169257527491,2.389146965436125e-07,0.4911475177205672,3.9489007113083176e-11,0.273664965498109,3.861331996393331e-11,0.4111655850596352,3.53801814027088e-11
CAGGCCAACAGCGAGT-1,0.08940590094713208,1.1648220585960567e-13,0.4616063126034476,1.158894369722405e-13,0.21089167964969893,0.010197983813344124,0.42789812298565477,1.1159592126329208e-13
CAGGCCAACGGTCGTA-1,0.08145994451349563,0.1016495809238337,0.22325863101500462,0.07490162781951246,0.22010038065281018,0.07490162833039968,0.08145994721250034,0.04226825954037578
CAGGCCGTATCTGTTA-1,0.45724286755024274,4.832721853418095e-12,0.48256736873908024,4.8004600396540106e-12,0.04092373634767431,4.964916193637368e-12,0.2192660272887864,1.1755329183485518e-12
CAGGCGAGGTCTTGGA-1,0.03662819948777167,4.289607088501997e-12,0.24136282141364293,4.063338242832709e-12,0.15082681038220655,4.009319244270153e-12,0.47118216870110674,3.3997725978159464e-12
CAGGTACCACTCGCGG-1,1.919554855623056e-08,6.611093759128019e-12,0.21674612312131133,6.520527935915722e-12,0.1190768296687579,0.21583816869155553,0.5000000000564333,4.211821733455832e-11
CAGGTTCCACTAATCC-1,1.987555641736253e-10,1.8721901067526273e-10,0.4197054532139993,1.8502367381743797e-10,0.3908048796831981,1.8721901039730357e-10,0.3894896662284633,2.6227244417288742e-11
CAGTACAGTTGTGGAA-1,0.10202870334870084,0.02219737590120806,0.2043809929039014,0.032152187158051314,0.31761014069048116,0.04212549016436294,0.17527359395209152,0.00423151588604459
CAGTAGATTGACGGAT-1,5.286398246278191e-10,0.10883071607549945,0.5649061129938862,0.1088307234517818,0.08792588799669836,4.937727018170872e-10,0.32950655818522606,8.493118886188236e-11
CAGTATCTTACACTAA-1,0.035179200235951884,3.187882026405075e-12,0.17631757877992268,3.351240226995458e-12,0.1532336398346684,3.5664713594705207e-12,0.5352695811412191,3.1856551724746507e-12
CAGTATGCGTGGCGCT-1,0.31659080916581134,0.04499765097885365,0.477187916561088,2.1445515430040593e-12,0.0899008189729304,2.1603021937069865e-12,0.27132280431100225,2.897114013647329e-13
CAGTCAGCCGATCCGG-1,0.03043981877506644,5.827939232925572e-11,0.5575941789232881,5.4344011597686446e-11,0.024070972242200946,5.4344011569072614e-11,0.2878950299035928,5.949043011086807e-11
CAGTCTGGACAATCTA-1,0.12116823345505937,4.36498882134649e-12,0.2990774456287802,4.3837128492386365e-12,0.42720095881567005,4.524836435265102e-12,0.24908666995684858,6.513993951024475e-12
CAGTCTGTGGCGCTGC-1,0.07333480553560927,8.475095378527075e-12,0.3001918617625763,7.585841702035417e-12,0.19717235640719077,0.07333480261204567,0.25596617365057495,1.623556899233132e-11
CAGTGAACAGCAACGA-1,0.1643473008334588,0.01723006922458861,0.5071788462378387,4.955417722460484e-11,0.11326237649132984,4.9370575974458035e-11,0.11529840870299606,4.8124555228417406e-11
CAGTGATATTGATGTC-1,9.460311195373202e-12,8.95310456844264e-12,0.27047968338177397,9.076865257368694e-12,0.15370635688601958,0.09998455572940634,0.3758294039726186,3.3436338946487543e-12
CAGTGCCTTGCGGTCT-1,3.182008828121227e-10,2.7967546173103885e-10,0.44809572628693756,2.852462469479803e-10,0.34706685039921037,2.852462457810336e-10,0.40483742194723427,4.017388517984821e-11
CAGTTGCAACCGAGAT-1,0.04101874861686743,4.604412626075689e-13,0.4466066382796455,4.55832534732809e-13,0.16373400086172063,4.616049882101237e-13,0.4999999998135304,4.861786668969144e-13
CAGTTGCACGGACAGG-1,0.006192450777567547,0.05032762329057819,0.546337514922759,5.142274782369759e-13,0.23210305370862672,5.37105243372881e-13,0.06503935730155924,5.115246356656124e-13
CAGTTGCGACTTCTCG-1,0.25664700627886516,4.896949705870242e-10,0.4369294697729253,4.6537728107265244e-10,0.37850412857014776,4.990435728801001e-10,0.1279193937167021,6.208361035938269e-11
CAGTTGCTCACGTGTC-1,0.0709718333478693,3.5558044998946282e-12,0.4825111798908218,3.523617276551674e-12,0.07972384861791292,0.09926246397206342,0.3934969802836583,3.9214524358535194e-12
CATACAATGAGTAGCT-1,0.0760192956988122,0.006329858409295884,0.21226249981800097,0.014068218352474684,0.353300464036822,0.006329856624763834,0.2316898070576629,4.062687390473339e-12
CATACCTCGATTGTTC-1,0.0417396338936668,0.04173963416801349,0.41184373724067624,1.0686220220677525e-12,0.17946602838308212,1.0729442777961194e-12,0.4999999967031185,1.0359853276479268e-12
CATAGAACATTGAACA-1,0.1275678224539639,0.0834326732885592,0.5160606506005181,2.9418009916347756e-11,0.33845632636543077,2.9753463736296175e-11,2.9418009863050855e-11,7.779267037716758e-11
CATAGACGAGGTATTA-1,0.037857784965804636,0.037857792017782964,0.30329664153963,3.706371638941484e-13,0.14968446182920928,0.013333338789072113,0.35796998085774845,5.128869339013924e-13
CATATCAGACTATCCA-1,0.29618529128682913,0.3693221201487891,0.41626834319042855,2.991054549514068e-10,0.1182242443395025,3.0084043759606617e-10,2.991054538350703e-10,3.919309431985486e-11
CATATGTTGACTGGCG-1,0.1526387415966547,1.0431683098293712e-09,0.4798727324493623,1.0819240043966816e-09,0.09689512778118639,1.1439863830286981e-09,0.4705933919836227,1.4327421130858608e-10
CATATTCATCCGCATT-1,0.012596081579793314,3.815926929153806e-11,0.2205338505221544,3.7825239439780303e-11,0.15458016360881077,3.845647383759907e-11,0.5122899046075831,3.758167477351661e-11
CATATTCTTGTCGTAA-1,4.560706120070761e-11,4.609528685362662e-11,0.34302820865838196,0.027495038456121636,0.4499756051183051,0.002971938877660091,0.07652920886213872,4.466168273612959e-11
CATCAGATACTAATCG-1,0.07563543650462842,3.342486359450985e-12,0.5109285611005958,0.015052591999842133,3.3909293230284925e-12,3.3242972763685262e-12,0.3266027680877593,3.5379742801563557e-12
CATCAGGTGCCTGATA-1,0.08702445448710489,0.013466049546811942,0.5551606367291226,5.569811381444763e-11,0.29549542753424174,5.726148758002944e-11,0.24885343096194015,5.176600759348916e-11
CATCAGTAATCAGACA-1,0.06451337981391399,2.4137958731553988e-11,0.27883464727677704,2.4226841322383468e-11,0.18518135658183404,0.0382382381974675,0.50000000020486,1.6235421774107412e-11
CATCCGAAGCGTATGG-1,0.06364852034980925,6.3045215542158564e-12,0.4243375046058838,6.39727823716415e-12,0.23218075320217807,0.0005946837180883986,0.17923853811308127,6.092577940588325e-12
CATCCGCCTAAGGAAC-1,0.20112640935642404,8.785076501925248e-11,0.33058464242643487,8.785076502682284e-11,0.1078108950251763,8.818487790015096e-11,0.4999999517087644,1.0021251064192092e-10
CATCCGGTACCAACGA-1,0.031941622094778716,5.929113863904162e-11,0.45146555065073657,5.952506157331905e-11,0.08815897843321556,1.704747047007326e-08,0.49999999718001903,8.140661381547772e-11
CATCCGTGCGGTCTAC-1,0.15933408599255655,9.097032666344384e-10,0.37785839817398736,9.148458726533899e-10,0.17748616470166526,9.997340227620619e-10,0.48532133995089166,1.0772313274250802e-10
CATCCGTGGTCGTAAG-1,0.11353444370057789,0.03997581972193881,0.4820213215596558,4.626561148271233e-12,0.21222301210360978,0.052245402911448115,4.99257163741361e-12,4.548214914129925e-12
CATCCTAGAATTATTG-1,0.055568054158865184,0.02472433352989423,0.1577736206454329,0.04014035989793401,0.3764399241936181,0.09412807314589113,0.14814363668601996,0.0030819977685605736
CATCCTAGTGGTATGT-1,0.24788477915465595,5.113157197004413e-12,0.3221158572254347,4.9698206563670124e-08,0.17641033842440507,5.249540135072985e-12,0.4535889754582644,5.017918103658965e-12
CATCCTTCGACTAAGT-1,0.028673665352829735,0.018169516318865993,0.5642166748343591,3.526876789354003e-11,0.22873924952271293,0.060200893877076056,3.3587839552947735e-11,3.027207377806024e-11
CATCGCGGTCGGTGCG-1,0.13132719631546777,8.277963011583164e-10,0.34439877764381416,9.64217493565861e-10,0.274006497583195,8.174834864739495e-10,0.450267525102958,9.936086613854503e-11
CATCGGATACGCACAG-1,0.09583652216871859,0.05350775831730004,0.28996407772619964,0.03703792979792759,0.20426832832460548,0.09583652015591368,0.10435912297324405,0.019189740540110144
CATCGGATCCTACCTG-1,0.022853647887505855,3.1054708553054627e-12,0.5269851069607177,3.1054708559589354e-12,0.18131681423343823,3.048815970911205e-12,0.4688444308770637,8.277521831411803e-13
CATCGGCATGTCGAAG-1,0.04116267537857939,1.082253519346182e-10,0.3016652793278534,0.004383499445226908,0.2653209422465584,0.004383496510654719,0.28308410692330543,1.000148333220303e-10
CATCGGCCTGCATATC-1,0.12892518135463835,1.1673800061383702e-09,0.42285819715870926,1.1451266416065813e-09,0.1728107385941819,1.4565606933215373e-09,0.4754058753071163,1.4504257258003074e-10
CATCGGTAGCGTCCGA-1,9.494321297936076e-11,9.283596561506832e-11,0.14061054298021347,9.931746857070358e-11,0.1641222279173236,9.078399756575429e-11,0.5952672286774472,4.845106844696859e-11
CATCTGGCCATACTAG-1,0.28665417660606135,0.008764399553795828,0.40895707033605955,2.6502563071845107e-13,2.706202132157407e-13,2.65025630222608e-13,0.4956243533009119,2.570488673798419e-13
CATCTGGCGAATGTCG-1,0.05290425622237993,0.010872858091570294,0.21606556844713268,4.3824011646147566e-12,0.1577272963817338,4.3824011370117395e-12,0.4624300208471604,1.7329993516703923e-12
CATCTTACTTGCACTC-1,0.12630463658474814,0.02332255517219558,0.2264999145541252,1.083993299901345e-11,0.29458615136941463,3.987047051357901e-08,0.22928670243720276,1.0478676732297914e-11
CATGATACTCAGGATT-1,0.022409396137255344,5.419702656683762e-12,0.1299696088489263,5.565256322446391e-12,0.26257692113118347,0.29825424029467557,0.48678983323761876,3.1539464704268943e-12
CATGATAGGCCATGAG-1,0.18510574494305554,5.780038724209115e-11,0.39914844506084235,5.853868929121814e-11,0.14814700541090955,5.966804802711412e-11,0.16759880439491284,1.5248197443591874e-11
CATGATGCTAGCCATG-1,0.023349972536649163,9.250973423637197e-13,0.5770051963547798,0.1520775954848322,0.14939791855032805,9.304436214757294e-13,0.21951612657147945,9.429482248380506e-13
CATGCACGCCGACGGA-1,0.14094078512049643,3.9376835434115745e-13,0.2932708202641881,3.9532422975260296e-13,0.19269949779892073,0.013875612784014873,0.49999999987251637,5.669814401754386e-13
CATGCAGAAGTCAGGA-1,3.089946873815149e-10,2.90155474541306e-10,0.4146661532587992,3.0343443220924074e-10,0.04348239611593091,0.3491278799151501,0.39272356947782455,5.747439225836119e-11
CATGCGCTACTGGAGG-1,0.16096287763980752,2.588322398137434e-10,0.4222074259599969,2.68245793087882e-10,0.18403785715169302,0.06639591795474499,0.06639592069398031,7.337381665820665e-11
CATGCGGCCGGAATTC-1,1.5807358506416626e-11,0.01884024868606473,0.1002410144365566,0.01884024927449718,0.11884662505220457,0.002495587359615515,0.6407362751657151,1.5500157645428823e-11
CATGCTCATCTGAACG-1,0.05758690785778548,0.01487877014339133,0.27143684737115326,0.014878770782896487,0.4402711276187549,0.05284972989416896,0.048097846309560974,2.252012839215776e-11
CATGGTGAGGCAGCAT-1,0.029484759879784023,2.1540827384361107e-11,0.307292284439153,2.1664566548942508e-11,0.22961810798939924,2.204118723562214e-11,0.4999999993155311,3.611103207775324e-11
CATGTCCACCTGCGTC-1,4.07008928470547e-10,3.7283627209934206e-10,0.4672396946874911,3.650240343672481e-10,0.3492376123405214,0.05808084872273425,0.32544184291107897,5.504389484452926e-11
CATGTTACCGAAGGCG-1,0.21893514567043917,8.551444408948369e-08,0.4469312058722036,3.6932963293645996e-11,0.03417653546057257,1.7076332686695884e-08,0.1999570103824022,3.508339294167786e-11
CATTAACTATTGTTCC-1,0.20622421469606145,5.944237534511204e-12,0.4868141806499562,6.057966020330812e-12,0.026373577311505397,6.0965733350061474e-12,0.4805880272492201,1.0807475285696095e-12
CATTAGGATAGTGAAT-1,0.09001732011626139,0.023137823247285024,0.5027910720506135,1.9176255412058673e-13,0.23777812843606236,0.009764869990582901,0.036510786158991115,1.6440021027007062e-13
CATTAGGCAATGGTTA-1,0.3075863615866588,4.140252582251186e-11,0.3701297483639118,4.140252581085192e-11,0.21005849962054018,4.381120999924012e-11,0.31222539028536433,5.6387882154854005e-12
CATTCTCCAGTCACCA-1,0.08427531463308922,2.0459901188881754e-08,0.5016299445858148,2.2880895065863205e-12,0.13415743600990845,2.3078903602901736e-12,0.4799372842806187,2.238614566549829e-12
CATTGCAGCGAAGACC-1,1.5602856850800726e-11,1.5300688160582457e-11,0.37812123251137614,1.5153899355879313e-11,0.16305868773387716,0.07501759221231456,0.30619763042126025,1.494562878575098e-11
CATTGCGTGCCACCTT-1,0.17873521314438262,1.2907763003880813e-11,0.39418322283378937,1.2970040800303426e-11,0.11591291344071958,1.2786006973305735e-11,0.31945286925334265,1.0168006284939512e-10
CATTGCTATGTTAGCT-1,0.00803522794194428,1.0757632566688399e-10,0.5017160564973251,1.1033924885040964e-10,0.09900564100718548,1.1069066903112463e-10,0.4677764954985119,1.686882585674343e-10
CATTGGCGGTTGAGTC-1,0.08409846325870517,1.3438551555304879e-10,0.3793215833770431,1.4038989892724946e-10,0.09613755610745865,0.010540082092910491,0.32990231489132593,1.2149594195401418e-10
CATTGTCGGTCGCTAG-1,4.241202479822654e-11,0.14128282050893048,0.5499453248085098,0.06772419293703236,0.14104774365782838,4.24120248373952e-11,4.241202485127198e-11,4.126623002821364e-11
CATTGTGGCCTCAGGC-1,2.962755835151837e-10,0.043041542741677284,0.2147868463720298,2.8995901155085077e-10,0.2197052627004159,0.016295811769885746,0.4061705357442853,1.5701052168253903e-10
CCAACAGGAACACGGT-1,0.3648930671342939,0.17853964189981789,0.4374946114627975,6.257663619982507e-13,0.07777024173866118,0.139303477714422,0.001998960046979077,6.099769549953175e-13
CCAACTGGAGATTCAT-1,0.020407217274966142,3.0518720267287388e-12,0.2294038657574977,3.0278615454179393e-12,0.257074841823426,3.0762357294523592e-12,0.3931140751387293,3.015389394619798e-12
CCAACTTGCCACCGTA-1,0.2560710707554747,2.4149566081833944e-13,0.4837034670297274,2.404829839730573e-13,0.011528946088853798,2.384843097099869e-13,0.44869651612392986,2.2638791946002593e-13
CCAACTTGCGTTAACC-1,0.19298709633711034,1.263876509914778e-11,0.44692070068358447,0.05568256957703952,0.20440960485693996,2.8518665467929026e-08,1.2736814077016236e-11,1.1826325103440607e-11
CCAAGCCTGTATTAAT-1,1.0391997938390689e-12,9.90669760475068e-13,0.2549866925519676,1.0109004835239366e-12,0.17345248704686508,1.000680650048597e-12,0.47838366911015345,9.906661179639408e-13
CCAAGCTGGCCATTGC-1,6.31293532421637e-08,2.2061361793124582e-11,0.4836721062252201,2.1294745715228726e-11,0.11084182033956268,0.13859450194896725,0.46689150812092833,2.0126147468541974e-11
CCAATACCAACACGCC-1,0.4178154443992752,8.999702126173546e-14,0.5120433378702324,8.945046982377844e-14,0.08339865305930612,8.999702123353377e-14,0.02020167086740445,8.801538163652056e-14
CCAATAGAAGACTTGG-1,0.0018007455322961684,1.5825779047178257e-12,0.19155368208454987,0.0018007606653695166,0.1600121793789305,1.5688814483059855e-12,0.5448326323385272,1.548791016480117e-12
CCAATATTAGTGCGTT-1,0.07732296561598365,1.680907630296268e-11,0.3549551939950551,1.678143908652648e-11,0.15635006014783115,1.672672210123363e-11,0.31137178018726935,6.76546864427812e-12
CCAATCTAACGTGACG-1,0.0326381047229585,0.003215531103019249,0.49171751562715155,0.010570527789057529,0.12325604782996066,3.667225196187175e-11,0.23860227291806918,3.50247508181747e-11
CCAATCTTGCCTATGG-1,0.00896955506672086,1.607949268983296e-13,0.1446863531463975,1.6147878821388145e-13,0.17788931188224286,1.6573198686786425e-13,0.5684547799042239,1.5765955296367555e-13
CCAATTATGACACTGG-1,2.256179325152031e-12,0.2812255612608479,0.43913301605028116,0.07106856120871367,0.04452179123680495,6.4627119150350884e-09,0.06405106379466834,2.1499206004285827e-12
CCACAACCAGCAGGTG-1,0.010651323552248348,7.547614746478184e-11,0.5726263529898176,7.262082156461341e-11,0.21780084296543467,7.449747347200935e-11,0.09892148043561572,7.311415209821895e-11
CCACAGGAAGATGTGC-1,8.156802257088457e-10,7.730478804012955e-10,0.24420163495642147,7.833894399407033e-10,0.3414299301189791,7.975015872496311e-10,0.4999999899351099,1.0258031443021993e-09
CCACATGGCGACGTCT-1,0.055528903111852636,1.6315866842325048e-09,0.4127888069574086,1.5695616163517057e-09,0.2853315799207957,6.1992542467382455e-09,0.4463506974836894,2.19435311013081e-10
CCACGAACGCTGCCGC-1,0.03886042200865593,0.04393598286461704,0.29741622415772906,2.379879317228526e-11,0.18669243080017664,2.58832353026976e-11,0.3330949401452294,1.1055107297488539e-11
CCACGATCCTAATCCG-1,0.024571102597734554,7.020136282784791e-12,0.49885407962919964,7.095961132279875e-12,0.19002127695529716,7.492143327700002e-12,0.4865535405732345,1.2278453955187058e-12
CCACGCCTGGAGAAGT-1,0.09500370523423891,0.067419225509346,0.27174018650173665,2.712601473053357e-10,0.1664590555580424,0.03753970903241346,0.2618381178303452,6.299004817614577e-11
CCACGGTACACCAACC-1,0.0716038558225291,0.08567379309253624,0.21862113872306613,0.09983460990807716,0.18448249301369665,0.07160385481869844,0.14256419092824912,0.025616063693451055
CCACGTCAATCAACAT-1,0.31854813605391413,2.4405066964824195e-10,0.4183455171791666,2.292620050228449e-10,0.07336331653291128,2.310373391789639e-10,0.38974302934529104,3.773452293151104e-11
CCACGTCGGTCGCTTC-1,0.0028524007211363773,1.1159008721374945e-13,0.3832299873100935,1.1191271711596552e-13,0.30093299578592436,0.06414143270539953,0.4488431834766405,1.093819104274214e-13
CCACGTGCCACCTCAA-1,0.08619281422615113,6.549765404941792e-11,0.20569421250066475,0.01754794782638851,0.2672386696356485,6.380454106164132e-11,0.32332635565305307,4.0190994328429876e-11
CCACTAATCACCGGTA-1,0.1425386640066345,0.05059036705129464,0.45097877565994415,1.1306851012537585e-12,0.27081492888757275,0.17931793783846095,0.10575932655442374,1.6277192483352912e-13
CCACTCTGTAGTCGGA-1,8.238693955757312e-12,8.184649614189004e-12,0.300650211572405,8.131441452817693e-12,0.20838035939080266,8.321285354114432e-12,0.4638337388217607,9.4545168221649e-12
CCAGACAATATCGTTA-1,0.05047776446479959,1.828100232636686e-11,0.38124885680842324,1.898606209684617e-11,0.26956852271033727,1.980061827468999e-11,0.4987047458666649,2.343950085317716e-12
CCAGACAGAACCTAAG-1,0.12293884805224713,1.3171161567226235e-09,0.4745249884048252,1.4353081103350062e-09,0.13369037342427448,1.4353080349641088e-09,0.46884578293527707,1.524942772677176e-10
CCAGACATCCGGTTCT-1,0.14279206837546915,0.01830145190207063,0.6106426354469284,5.489093358264394e-12,0.09863436957941935,5.759867508489218e-12,0.029629474682524852,2.4602301084053287e-12
CCAGACATCGGCACGC-1,0.0687209295554355,3.5928341288777945e-12,0.4598738211851421,3.5928341303257742e-12,0.09152590643441165,3.592834127270169e-12,0.499999999529833,4.560901149068549e-12
CCAGACCAGCGGCAAG-1,8.353122550206637e-12,8.093678763430719e-12,0.3701696576734499,8.353122561990652e-12,0.2007918339871834,8.093678756958858e-12,0.4999999997885586,1.3847046345761932e-11
CCAGATAGACGAGGTG-1,0.49999998957352837,3.1235715378022395e-12,0.5143406165365195,3.0503045583280688e-12,0.048382386472755674,3.0423612275813062e-12,0.11938809961893361,3.036823364012362e-12
CCAGATAGCGTAGTGA-1,0.07265777804189595,1.4342261796880448e-09,0.4863764010654265,1.3905278993977355e-09,0.20867991514836112,1.7302891953742827e-09,0.4322858986075847,1.7257660718657658e-10
CCAGATGATATGTAGG-1,0.025703871750295284,6.853442577293218e-12,0.4385547519491787,6.82976823647955e-12,0.10596003914590502,6.7366772584658e-12,0.35389304440013036,6.649747044352662e-12
CCAGATTGTAGCCTAC-1,0.019699454721806155,3.683095976263091e-11,0.5983699183271751,3.5969281000355763e-11,0.18480338523189546,3.596928094024951e-11,0.09712724158423305,3.219288639270042e-11
CCAGCACTCGACTGAC-1,0.2840936090758737,9.36233258087234e-10,0.46555231771021444,9.022540254903832e-10,0.11394554347027928,1.044240511763797e-09,0.33640852610343835,1.0783316955735444e-10
CCAGCATCTACCGCTT-1,0.1503326188523679,0.027628672876121623,0.20744921547469342,0.05200984458312186,0.2083459723271862,0.03657465840285533,0.1944556591154218,0.023203358370971785
CCAGGTTACGAGACTG-1,0.05931900622587251,4.541283031229065e-08,0.2825632263363042,4.541289440846639e-08,0.18990197150584667,0.026629552177223712,0.3415861529089273,3.8068043248528113e-11
CCAGTGTCTAGCTACG-1,0.025703851398314784,6.907705690712502e-13,0.3617728086853176,6.907705697017687e-13,0.06626866676362748,7.01637439479757e-13,0.4999999999987234,9.455232935908153e-13
CCAGTTGTGATGCAAG-1,0.12935261408732257,1.830809644700897e-11,0.49167307726159004,1.8436738157215453e-11,0.2789746050248419,1.815669461599973e-11,1.8156694614643155e-11,1.7361091545817475e-11
CCATACGGAGCCAAGG-1,0.1275676423107847,0.007196385672585768,0.5378142496334868,0.08743407475939563,0.07828048182187686,0.04731519027708993,0.3014308167765121,2.5516388971721418e-11
CCATAGCCGTACGCAC-1,0.032637787236807006,9.214191698247359e-12,0.16740017222791512,9.389135041248684e-12,0.13504903091973203,4.657461641677826e-08,0.5649129630290514,9.07905779262685e-12
CCATAGTATTGTCTGC-1,0.041739650717548295,5.837217216029262e-11,0.47663029164783194,5.695936932011137e-11,0.5023112541514105,5.896311052308128e-11,5.837217209773792e-11,7.46993908670186e-11
CCATAGTTCGAGTAAG-1,0.03425564810016,4.401771687800964e-13,0.4218853262572938,4.4378664545011945e-13,0.15579829526432198,0.18137290596293582,0.4066878244135205,1.6393285747199004e-13
CCATCGGACAACCGTG-1,6.131022528470702e-11,5.871025978253093e-11,0.243543106172868,5.871025997213396e-11,0.13674279673607534,5.92109401831869e-11,0.5197141047005944,5.876309878994361e-11
CCATCTGTGGCATCGT-1,0.33258684189331605,2.1208694372074882e-10,0.41301911581435147,2.2868677883440128e-10,0.06811929014920802,2.144648433436623e-10,0.38627475135653383,3.192480336243533e-11
CCATGAACAATGCTCC-1,3.867640850483854e-08,9.421395755819601e-12,0.4914888178771354,0.06850157920002813,0.3558745179938862,0.11755043650881312,0.16658460970823832,8.381088929519122e-12
CCATGGTTCCAATGTC-1,0.24775414007027577,2.752431191873846e-10,0.3758796114400097,2.5379856000480043e-10,0.17685581006274242,2.610679435525465e-10,0.3995104374917547,3.326297715325046e-11
CCATTATCGTTACCTT-1,0.07038566121066742,0.023926040820014698,0.41298569279675396,1.2836107514939718e-11,0.32162071265251724,0.04715585019129812,0.023926042305855467,1.0415566658506686e-11
CCATTCCGGTTCTTCC-1,4.921561525341254e-12,4.988460463499247e-12,0.4757074691047198,5.057180521440836e-12,0.021603690744698607,4.921561528813758e-12,0.5000000005824358,4.8576542937415285e-12
CCATTCGTCTGCTCTA-1,0.32265865066212207,1.9120543586794184e-10,0.4098493644978482,2.0533581519143535e-10,0.08428973600803885,1.970093374123895e-10,0.38320224812783665,2.720078414379998e-11
CCGAAGCCAGGTTCAG-1,0.07689413033673397,0.0027899145056692314,0.1933091099831403,9.120518093484662e-12,0.18169780106009187,9.120518093484662e-12,0.4453090440885279,8.406558886110682e-12
CCGACAACGTCATCGG-1,0.04919793474635703,8.62680617046629e-14,0.5262707226721476,8.637288061046621e-14,0.23174255431537508,8.776963696698744e-14,0.09278878952692796,8.74185067159852e-14
CCGACAAGACTGTACT-1,0.055024980122951477,4.971673435826408e-09,0.4142484197413948,0.055024995162461086,0.14724532925177308,0.055024976271979095,0.4734312944300417,2.164331742834784e-12
CCGACAAGTATTCATC-1,0.048917747633738955,1.6974763275714352e-09,0.4810894224546461,1.6625352553752062e-09,0.11391177291365545,0.09795187846537039,0.4581291717322603,2.1186983193199435e-10
CCGACAGACTGTGCCT-1,0.41918403759085054,7.266772211112243e-10,0.4716177065384274,6.778033399951087e-10,0.23774055154096727,7.016195379806907e-10,0.07145770153749484,9.790643388028745e-11
CCGAGGATGACTCGTC-1,0.3598780749046943,2.251442675081392e-13,0.42674250695873295,2.305069978733161e-13,0.05350134323090901,2.305069968699977e-13,0.3598780749046943,6.447100304401193e-14
CCGATAATGGAGCCTT-1,0.13874531392657705,0.049577557995587156,0.4894047342333245,9.190392201102282e-09,0.09189892598864535,0.02283170795109598,0.10754174967099608,1.0806138719860686e-09
CCGATGGAACATCAGC-1,0.10798724740438458,0.01897976982075612,0.3041462887632058,0.016123274043296627,0.2477958735847449,0.05341017850362167,0.14822698649096633,0.003330381398998498
CCGATTAGCGAGTGTA-1,0.04481438001994002,3.617663082192373e-12,0.3619292033961931,3.6005123036676745e-12,0.20272268027836368,3.652196249626755e-12,0.49999999961735986,4.074426333340424e-12
CCGATTCCATAAGAGT-1,0.2933875121370904,3.806113003029851e-10,0.33190659884050566,3.628485530935548e-10,0.2226150247584646,3.6284855203254013e-10,0.05209086302459156,1.3496273964400785e-10
CCGATTCCTCACTACA-1,0.1288547984505713,1.8992354379549696e-07,0.48816966399169204,0.0769371246525447,0.06964467705500779,6.06724659549925e-11,0.43639354560118554,5.476812633713625e-11
CCGCAAGGTACCGTTG-1,0.10654477946650387,2.849051953607308e-13,0.3772935837214446,2.8312403820503457e-13,0.17031225163204497,2.8852089847399614e-13,0.49999999983028715,3.028326753509081e-13
CCGCAATCCGTGGTTG-1,0.12309545876479847,3.4359380405488695e-13,0.2211705812152952,3.416446825625723e-13,0.1638556625476661,3.4212985195038424e-13,0.5000000000614822,3.3589742438405573e-13
CCGCAGTGATCACTGT-1,0.17862377819619002,0.04532659862840258,0.22378445441437206,0.023876910722494666,0.194922915841849,0.045326599684212966,0.18813874237599018,1.369427087468491e-10
CCGCCATACTTCACCA-1,0.33222901826358087,2.7848675917885985e-13,0.4175596631941672,2.7277591881795103e-13,0.04958264968023878,2.843766965241945e-13,0.4006286688606123,8.762417236198448e-14
CCGCGAGGTGCGATGG-1,0.021596033510766686,1.3729048656584053e-11,0.5144225606334539,1.3337682635353056e-11,0.25184941417050527,1.2963493207313375e-11,0.11213199163893968,1.1766960798364488e-11
CCGCGTATCGTTGCAG-1,0.015614220493811127,0.14310597747839357,0.21772993660300524,2.5110210086832906e-11,0.05629474355285979,2.5373666565601412e-11,0.4672551218614074,2.4363647060754347e-11
CCGCGTTACCTTGGCG-1,0.10080721230387564,5.966673296707636e-13,0.522338624812887,6.136850090462923e-13,0.5048805994759324,6.11227326433622e-13,6.112273257902823e-13,7.171934904402451e-13
CCGCGTTGACGGAACG-1,0.019210810891365195,7.974575838652506e-12,0.1283418205363574,8.16025054319108e-12,0.19078430831320434,8.160250531521216e-12,0.5616630602314312,7.803123098743226e-12
CCGCGTTGCTACAACT-1,5.699856516420965e-12,5.609854581945213e-12,0.30296486055274774,5.5771228241160905e-12,0.2530437037556946,5.5461541977152296e-12,0.4999999998790446,4.2490793631886125e-11
CCGCTCAATCTGGAAC-1,0.1212306601423105,0.009142030439476779,0.28427540713926486,2.2422448685822557e-13,0.20786196196043003,0.07919926608862908,0.19829067422961927,2.0412202568840218e-13
CCGCTCATACAAGTCA-1,3.0714621383236003e-10,0.13389914364790384,0.591377339383163,0.3040450754407874,3.2397755857256113e-10,3.1180627827755473e-10,0.17067844043475794,4.854912769819857e-11
CCGCTCGCTAGTCTAA-1,0.14162007254971834,1.0005570535340485e-09,0.4942819046841536,1.0005570546997776e-09,0.30805015260958524,1.0870659111627242e-09,0.2560478661069815,1.2073358238252137e-10
CCGCTCTGCTGAATTC-1,0.16678927354491757,7.815230294062014e-12,0.510317880517311,7.810132292083725e-12,0.08432900786006374,7.816640779183875e-12,0.43160030857018505,1.047893667138177e-11
CCGCTCTGGATATCGG-1,0.09402292529629802,0.16556893546675774,0.27551481427409075,0.03528684307275311,0.15324601878530364,0.058543251234498564,0.11781716980834733,4.206542815448223e-08
CCGCTGTCACCTGCAA-1,0.12135656145965883,1.5803626709104796e-09,0.41350614235939565,1.6199004785671485e-09,0.19211361429778012,0.05166711814295032,0.12135655951006165,1.0533294097516376e-09
CCGCTGTTGCCATACG-1,0.058294319861101465,0.0031253579565322,0.4203906740850186,0.01232018024191707,0.29849037554932506,0.035299887935920864,0.07207920436961988,1.0245469260554634e-12
CCGGAGAAGCTAACCA-1,1.3204595123430043e-09,1.1110059991309287e-09,0.3687603341140327,1.320459575143721e-09,0.22527462670656867,1.133769839394058e-09,0.30596503398828806,6.359202481369329e-10
CCGGAGACAAGAATAA-1,0.1275678234090914,7.178426854726377e-14,0.21479242687935796,7.065308297255018e-14,0.10776280796347662,7.121585233547519e-14,0.5000000001541652,8.348870703242031e-14
CCGGATCACTATGGCC-1,0.467207410910895,2.8449141981816113e-13,0.4733797716209837,2.824197226471669e-13,0.010988306935528307,2.80127293691459e-13,0.24842451052942316,2.6921883622241114e-13
CCGGATCAGCCGACTA-1,0.09009957787697538,4.880961936077517e-10,0.45676057204600956,4.831339917529181e-10,0.232639494330226,5.260870905573632e-10,0.42050035386960827,6.589821284652457e-11
CCGGATCTCCGAAGCG-1,0.018218753769941545,0.0018740837065604919,0.31391345942919135,4.506895057070438e-12,0.08626218473405216,0.11630183184325882,0.36342968651210406,4.4606444472738635e-12
CCGGCATAGGCAAGTG-1,3.6580855484468017e-10,3.535594634285795e-10,0.4991680522332022,0.20112647558436272,0.21407334102990125,0.05400920834018847,0.12756784362149964,4.1770339609863135e-10
CCGGCGAACATCACGT-1,0.05391553465044727,4.524645085846e-10,0.283101757260719,4.576372070509008e-10,0.3238726442284226,0.1421858537502577,0.3969242089255467,6.76324098720032e-11
CCGGCGAACCGTGCAC-1,0.10199228012353397,1.4813561462322241e-09,0.3893345691077607,1.4531948923571993e-09,0.07469167413379176,1.513187951930128e-09,0.33398147151616175,8.963034494557964e-10
CCGGCGAATGTACAGG-1,3.4245643847744332e-12,3.3317003171620903e-12,0.399466104150911,0.054009209913074015,0.1570470917792464,0.06626406617890475,0.4999999907248464,3.3090964984209943e-12
CCGGCGAGAATATTGA-1,0.07113715958465042,0.053031231900679175,0.3101357084302269,0.000387252078880369,0.30481467478114865,0.0620605755881685,0.098433397568435,7.151303671852673e-11
CCGGCGCAGCATGCGA-1,0.038612250228325415,0.0386122510052038,0.28584267368406485,0.03861225276813014,0.19417376120193275,0.11474766634786429,0.1723957585532899,0.017003386213633873
CCGGCGCTAAGGATGA-1,0.19539722240086638,9.91398777037109e-10,0.48733061830688595,0.04828001730191211,9.933988738121607e-10,0.04828000822712797,0.4207121303622851,1.71471587531695e-10
CCGGCGTCCTCATTGT-1,0.13051907274312471,4.423093263928742e-12,0.3953646006223,4.351132405702775e-12,0.17305149510967532,0.020181169841371235,0.4808836615538064,3.83548036719249e-12
CCGGCGTCTTAATAAG-1,0.033574608448084006,2.1967493715446686e-10,0.2614981933512399,2.1482752920571112e-10,0.23195644795971923,2.1688077241799627e-10,0.4999999918782806,2.7680176459264914e-10
CCGGTGGAGCTGGCTC-1,0.2127340104383476,1.5620238076891131e-13,0.34623257896821463,1.5368664272209138e-13,0.11544214942790497,1.5263091186017786e-13,0.49999999976361215,1.5655612010264899e-13
CCGGTGGCAAGCCGTA-1,0.16413980823892133,3.8536599127645136e-10,0.46962572836147515,3.8365782461991136e-10,0.32288671904888677,3.9231480859755207e-10,0.2433477429888136,5.0079721200623594e-11
CCGTACTGGACGCAGA-1,0.09315697338050145,0.024756425711879262,0.2927853238439509,0.03608445235259359,0.1826424154771288,0.047397763983496426,0.22317664375817353,1.4936168481472555e-09
CCGTATAATCTGGCCG-1,0.09253921486520261,5.1323618752802075e-11,0.30238190273046495,5.132361882542853e-11,0.16487219188741925,5.091996968274453e-11,0.4999999985222979,5.250235277672279e-11
CCGTCTTATGGACGAG-1,0.19760711867194528,9.59029404220641e-10,0.3041137439228057,9.278900789158542e-10,0.21814320038450508,9.278900755707093e-10,0.48013592970807784,1.0528649775583281e-10
CCGTGAAGGATAACAG-1,0.16831344399396836,4.480366494561761e-12,0.5462187988340104,4.480366488868277e-12,0.11634414642521791,0.02787532109097859,0.041248289660688886,4.366175467354644e-12
CCGTGCACTACCAGAA-1,0.039297514954479376,3.678813327270078e-11,0.28617186310241,3.713417754366966e-11,0.22177318313528807,3.713417747708493e-11,0.5000000007345056,8.965347703878625e-11
CCTAACGCTGATGTCT-1,0.03573187337528743,6.563189883833618e-11,0.2999517783347484,6.283291658272132e-11,0.1986180705299464,0.07251119459767653,0.2931870830010032,7.140208709318846e-11
CCTAACTTATGTTGGA-1,0.05388024595394189,0.14042933884037412,0.47009945207405646,6.9954826196059365e-12,0.19468645470487347,0.04090450840878444,7.3178807082035e-12,6.819307872068579e-12
CCTAAGCATGCCTTGT-1,0.4263331106937808,1.2183116753557589e-08,0.4570490438473419,1.116422513772174e-12,0.0432866617908627,1.1573142603474588e-12,0.2733311714769115,1.1027135827005942e-12
CCTAATCAGGCCATTA-1,0.24198094251726632,3.9854354662926056e-12,0.4859722216867973,3.929404156370221e-12,0.1746766531825195,0.029484769684431176,0.0458294909057184,4.456736301733134e-12
CCTAATCCACAAGGAT-1,0.21177189704152072,9.439362973924782e-12,0.5437405742767177,8.879836829227479e-12,0.11377282007284108,9.43936290841704e-12,0.03071470857553293,7.888590258806808e-12
CCTAATCGGCAGTCAC-1,0.0013172066794771686,2.9444367788432214e-12,0.3243355033716816,2.9498204392993895e-12,0.06467170357115604,2.95520976310966e-12,0.5096755864138351,2.9125783213087654e-12
CCTAATGGCACTGTTC-1,0.259572315605838,2.7977390732713997e-13,0.46994837007916507,2.752127038994493e-13,0.010807974584168175,2.8227248136358323e-13,0.45967133972812313,2.6952857131294536e-13
CCTACACCGACATTAC-1,0.20677576139691795,9.877172134111896e-12,0.2715385942024999,9.645030672992751e-12,0.024087932331264782,9.983373399374745e-12,0.4999999999384887,1.0850232748817759e-11
CCTACCACTCCAGTTA-1,0.1983468248615482,1.4062624683051972e-09,0.60954876167179,0.18673929995235433,0.11154507921885423,1.5870166295725158e-09,0.09382002994103905,1.4711688062744375e-10
CCTACCATGTGATCAC-1,0.06842124347458192,0.09294569910460775,0.3749806733526479,0.04389680700663027,0.2023001571522152,4.766518158584186e-11,0.11745541984974751,1.234711646410548e-11
CCTACGAGCTGGCCGG-1,0.1275678824410426,0.18641479691985274,0.5311683445247457,6.780651954963676e-11,0.11266841263035883,6.859523651227054e-11,6.940037229144868e-11,8.574467973397698e-11
CCTAGCCTAGTACCGG-1,0.10394904631738568,3.674757064129579e-12,0.3336846649076067,3.778832363904885e-12,0.25559463415056777,0.030390431518593844,0.4763812230632765,7.544671276688628e-13
CCTAGCCTTCATCGGC-1,0.2077287640771794,0.013326397048390174,0.4186927331739085,0.002174938880075307,0.11328919776542883,0.0021749380131815756,0.142613031036648,9.708680474229132e-12
CCTAGTCAGCGAACCA-1,0.03826879567380183,1.3255991487395374e-11,0.3945336722889097,1.3971825768332365e-11,0.1478939677265054,1.4474319061432554e-11,0.319303564265761,4.55379476134764e-12
CCTAGTCAGTCCTTAT-1,0.07228667711555002,5.210212405632385e-10,0.39298672202227014,4.943707303926423e-10,0.25210199100450104,5.185053891910298e-10,0.18262460791337515,4.658309905149463e-10
CCTAGTGAATGTCTGC-1,1.7201492227388239e-12,1.7068629275227368e-12,0.36342060476747257,0.15207758683488085,0.22526078518678613,1.6808799967464192e-12,0.44631203741613185,1.6689642576332104e-12
CCTATGATGGTCAATG-1,6.020823895374035e-11,6.106129687614021e-11,0.27186494675890177,6.020823916814557e-11,0.11057157158363938,6.28551513076878e-11,0.5175635006628305,6.040481695898782e-11
CCTATGCCAGCAATCC-1,0.08482368297578605,1.1382197565065131e-11,0.5259652316365071,1.16415992909394e-11,0.09359118669628255,0.022872614699148804,0.47274728391840626,1.9459741606916144e-12
CCTATGCCGTCGGCAC-1,0.11938746995096917,0.24175839869002025,0.26797972547883564,0.030659828699714002,0.05998330481640223,1.8853876157035585e-09,0.18023127002780973,4.515573215300183e-10
CCTATGCCTTCTTGTT-1,0.05545096595433707,3.992063545725597e-12,0.4477906930361255,0.01216910304595224,0.038633382000530334,3.967346666670499e-12,0.37852045396721545,3.873157216930483e-12
CCTATGTCGAATAGAA-1,7.95940364365559e-14,8.140471427809493e-14,0.26924142903560694,8.140471443805099e-14,0.06136320566309034,0.07871521328814432,0.490680152913406,8.29536311898275e-14
CCTATGTCTTACCGGC-1,0.07955393378419703,7.837665769036985e-10,0.45895183598520767,0.052307857117921554,0.17354499189314102,7.885611224723519e-10,0.4356413786425198,1.206760651852411e-10
CCTCACAATACAACTG-1,0.2316730653699501,7.539296288530848e-14,0.4464781204775909,7.374494067798275e-14,0.21698640985967213,0.0048624042925811085,7.483517141247543e-14,7.065463130511813e-14
CCTCACATGTACCTGG-1,0.11940409784631714,1.0810126120093876e-11,0.48542983908936044,1.073390409778702e-11,0.09787174121815627,1.1285540314438084e-11,0.49729431748215597,1.2586134543873692e-12
CCTCACATGTCTTACT-1,0.1357071479009205,0.36863790731156715,0.5471868989623793,0.04989367990605951,0.0915947889854259,1.8178298577476314e-12,0.006979576914124215,1.7308120211412181e-12
CCTCACCTAGTGGCAA-1,0.04898848257850109,0.01026721790002311,0.6378562395788873,0.2038441085505737,0.09267100136500427,0.04898847859108744,0.15738447142794545,1.498030140010563e-13
CCTCACGTTACTCGCA-1,0.23544895940337002,5.582961881490719e-11,0.5018011256826891,5.515662120581042e-11,0.24824560054723105,5.6432307976755236e-11,5.5239990694833436e-11,5.45909193112194e-11
CCTCATGATTATCTGA-1,0.12966448731774552,0.010827232984086646,0.25780368550155647,0.022596611642687385,0.279769360641193,0.06967412665013521,0.12966449526038057,2.2712733147293375e-12
CCTCCGAAGCTGTACC-1,0.04319670357539309,0.05300942994948444,0.18971361461108582,2.1367396892608656e-11,0.10517232518858514,9.01483714968183e-08,0.5089078365114708,2.102824604591841e-11
CCTCGATAGAATAGGA-1,0.18466547042831324,0.24523363367448028,0.519119983231699,1.7182368944326302e-13,0.15858351494113937,0.002931514858798953,0.08946588286370304,1.6385836042122397e-13
CCTCGCCAACTACAAG-1,0.1998727672838429,9.300753048840068e-10,0.27145448558860724,9.223185744627496e-10,0.2523029647324602,1.008458365496674e-09,0.47636977634511685,1.0320016480183568e-10
CCTCGGAAGGCATGCA-1,0.08061408763972339,2.954192280402146e-13,0.3559204552699446,2.954192277082567e-13,0.4248827587810847,2.930898259998374e-13,0.038582698314004404,3.354501647372253e-13
CCTCGGATCTTGCGGT-1,0.08064754833880705,5.6508580852647877e-14,0.49189256363461265,5.542368515435922e-14,0.08008435137213017,5.436503387788824e-14,0.2473755370046176,5.714728480976718e-14
CCTCGGCGCCGATTGA-1,0.1257225767756203,3.3144358899984342e-12,0.443726763941952,3.0467233833508646e-12,0.21395316295013364,0.08894327197162692,0.027654224351437443,3.767993469520797e-12
CCTCGGTATGACAGTA-1,0.1720182194014478,3.0189492551483556e-11,0.4586619472727975,2.8923257929541268e-11,0.15936425142884703,0.01626388912903424,0.0936916926926945,1.622455660268094e-11
CCTCTACCGTGATTGG-1,0.02458573707117568,1.1486374097880144e-11,0.4226455028952427,1.126580828100066e-11,0.3487735535631924,1.1542853637005022e-11,0.37766715272494966,1.1295829219474428e-11
CCTCTAGCTCTGGCAG-1,1.8314725041255849e-10,1.933896492347022e-10,0.43750609883243724,1.9075571388528676e-10,0.38509401456555076,1.960744461716281e-10,0.37739988572798483,2.6668289263099022e-11
CCTCTAGCTGGTCCGC-1,2.1869250228490422e-10,2.3361915228061057e-10,0.49798468893940556,2.3361915077744473e-10,0.35071539219123515,2.1869250298823274e-10,0.3512999178437441,3.219284405058218e-11
CCTCTATGTTGCTTAT-1,0.19208885921348923,0.0887645807206804,0.3514484129474144,0.03804019218354213,0.19161746554436332,0.03804018681110668,2.428293618111769e-07,5.982396894473773e-08
CCTCTTCGAGCGGTTG-1,0.17818863064180718,0.017698416883856417,0.503482145074827,7.777052357710665e-13,0.1294258428156957,7.960105909520439e-13,0.07120496458208028,3.1985572130855644e-13
CCTGAAGCGTATAGCA-1,0.2769360862181464,4.852597925399633e-12,0.45419151922929113,4.91526886786751e-12,0.019156943482191584,4.837217432065536e-12,0.4497154510235319,4.43423787888642e-12
CCTGAAGTGCATGCAT-1,0.07239884292102225,7.954140163865351e-10,0.3571681597582977,7.704008338883142e-10,0.07106330195029792,7.922155678748004e-10,0.49999998833772863,9.250537895726644e-10
CCTGCTCGCCGTCCAG-1,0.1494639494994978,0.03408421476965533,0.38067507785502475,0.05042893746794132,0.10179966937918293,0.034084211307564144,0.14946393951004422,2.1151497703237383e-10
CCTGGATCTAGAGCCA-1,0.06723288026212842,0.061112803526287535,0.37408080835636526,0.005943861423440872,0.25102908922561834,0.04884322655293451,0.09175733064342005,1.2468590287146842e-11
CCTGGATTGCGTAACA-1,0.09323066027233382,1.071209145582905e-13,0.18277544240665117,1.0611333232161929e-13,0.16697295853514077,1.0750169739678735e-13,0.5000000004151648,1.1528679968419975e-13
CCTGGCAACGAACGTC-1,0.021267148071737272,3.2001186285268556e-09,0.1526860518392991,0.042290065587997694,0.07467631246239614,0.0632983979258172,0.5457820201639141,8.154061290107823e-10
CCTGGCATACCTGTCA-1,0.08348835568091792,0.3088032634577446,0.48826102635289953,5.376458636532662e-11,0.3194473543197509,5.50083992175588e-11,5.543233111058047e-11,6.811017699418288e-12
CCTGGCTTATGGTCTG-1,0.1340822337515311,0.04891605539511682,0.47614058028935485,1.4916642110172383e-09,0.1430437125800488,0.033424626332445445,0.0643927898580142,3.0886116680543566e-10
CCTGTCCTCAGTTGTA-1,0.23640158754352364,0.0708946888612561,0.403674326373888,1.3236200141471083e-10,0.15604050552212867,1.365556834713056e-10,0.33298889136878773,1.7962760070140882e-11
CCTGTCTAAGTAGGCT-1,0.3217052516659624,2.620213274627763e-12,0.3347377400007532,2.5408915585587257e-12,0.21617269939465092,2.579943420838869e-12,0.02738430893010906,1.461033996761927e-12
CCTGTCTGATAGGTGA-1,0.3286819239200097,2.1360613701705997e-10,0.4051671899797959,2.1793517458872196e-10,0.0705846165191922,2.212676069945318e-10,0.3955662687433884,3.5979717996739894e-11
CCTGTCTGCATAGGTC-1,0.033322950040253305,1.7714285490130667e-13,0.29515483443168267,1.7985890968774443e-13,0.041433631979533675,0.0006335076732174824,0.5294550758756238,1.7347644496177835e-13
CCTGTCTTACAATCCT-1,0.17349664605387666,1.233591600547908e-07,0.42710601475686943,7.644590080331978e-11,0.2226192839046576,0.04247882454140457,0.0342991072606205,7.445493258021469e-11
CCTTAATTGGAATATT-1,0.11297179832673736,7.501795148046468e-13,0.4933674133588523,7.398905614454448e-13,0.15105252117898668,0.0004714977728131471,0.4421367693575575,7.284750859178403e-13
CCTTAGATCTGTAATA-1,0.02865377294970538,0.11692412638902491,0.39113418433776903,1.1359791906663167e-10,0.15886301173712183,0.016884503995095484,0.18754040044998885,6.75333179039301e-11
CCTTAGTCTGTCACTG-1,6.245962357252366e-14,0.002719877992053809,0.33378403951898966,6.107766124637773e-14,6.325472423148626e-14,0.43174804124424965,0.43174804124424965,6.018987866946195e-14
CCTTATAGGCGAATAC-1,0.013540607573013189,0.034548946269271304,0.324802567352008,4.906571354646557e-13,0.15677272151777594,0.1046061748190335,0.2657289824681515,5.249459316992451e-13
CCTTATGAGGCGTTCC-1,0.10018741499065813,0.16150332830024658,0.3400518215159013,0.02387724453720186,0.1993648887753875,0.02933528853912354,0.04568001305051718,2.918511999385297e-10
CCTTCACCGACGGACA-1,0.24810864842897756,1.5656261663066032e-09,0.5070289701506472,1.8455085246967206e-09,0.14486237373454666,1.6724798320619911e-09,1.6490706203678102e-09,1.3027289072896414e-09
CCTTCCAACCTTCAGA-1,0.06224133516444643,2.5026415532688405e-08,0.5043410413061755,1.6739298383944548e-11,0.15347612654513895,1.7866910810138364e-11,0.47994147162383116,8.307876999695162e-12
CCTTCCACTGCCTAAG-1,0.06089307302237602,0.044533648187846504,0.4249673593256607,4.6514670094911693e-10,0.3495819506206987,0.020023967770529644,4.5365746365727084e-10,1.877883770462874e-10
CCTTCCGCTCCGGCAT-1,0.10361849087259287,0.030059883180299413,0.49157768008300434,0.00799230246104566,0.12012443427945853,5.719374743399541e-13,0.4466272091201084,5.592925494221267e-13
CCTTGTCTACTTAGAC-1,0.3639297388055659,2.5576681315477235e-08,0.6410098452309834,1.7901477985858725e-12,0.06494797943414524,0.06505620881468402,0.06505620213042045,1.7680685902428753e-12
CCTTGTCTTACGGTTC-1,1.7095087671893258e-12,1.857941547886492e-12,0.29570722874867894,1.6896187526279568e-12,0.4289962329301595,0.0370318249807952,0.43826471331000083,2.6531026469902044e-13
CCTTGTGATGGTCTAG-1,0.1676867092238732,1.261643384127738e-12,0.3312051260995737,1.2538544060500742e-12,1.3331761798023449e-12,1.2310108025237608e-12,0.49999999998707695,1.4227076018911731e-12
CGAACCAGAAGTCTGG-1,0.4601144923506055,1.8133377865786318e-12,0.47032480759876566,1.8133377803625763e-12,0.046089149354798326,1.906088044226362e-12,0.22347155067587798,4.771143022636955e-13
CGAACGTGAAGTCCAA-1,0.1615222984828345,0.12751292115796284,0.17765813702775426,0.062366996910852436,0.13967333657399258,0.09402552952154088,0.094025530749831,0.04321524957955172
CGAACTACAGATGTAA-1,0.1405597934685899,7.471588654641632e-12,0.18663166459616606,7.301917187265424e-12,0.03336987586095135,7.219596587675844e-12,0.5394386660561482,7.405434068433445e-12
CGAAGAACGACTCGAT-1,0.10759190315244119,0.03403328927311008,0.24626492205567307,9.305784154791752e-09,0.4440432127870925,0.04874500787347597,0.019321649381970944,6.2087820286660595e-09
CGAAGACCGCCAGGCG-1,0.20698958560159086,2.1037097955529913e-09,0.3668255356106923,1.8502036752062013e-09,0.1181698493332528,0.06477133985776704,0.14324368618955957,6.715382289759145e-10
CGAATCCTGATAGGTG-1,0.09604061083420487,0.3061976190028304,0.46853508825640805,3.2254069258304846e-10,0.10419513384595239,3.2041645126566256e-10,3.2801157337067223e-10,4.4509525688034583e-10
CGAATGGACCGTCTTG-1,0.12368823234399567,1.782651664580199e-12,0.3430709618176095,0.010510932853283333,0.27263394011486763,1.5529378092469137e-07,0.15009577757453668,1.744722610281717e-12
CGAATTACTGCTCCGG-1,1.1859447769779857e-11,1.1880697887005569e-11,0.20857278828197018,1.2056339237618534e-11,0.17617510635515515,1.1859447768396811e-11,0.5152522445386567,1.0467393608545666e-11
CGACAAGTACTCCTTA-1,0.39125493466047406,8.631433620698334e-12,0.2770643864253112,8.285089912318054e-12,0.061261042543857516,8.560430457942358e-12,0.17041963634185356,7.016743154709069e-12
CGACAATCATACGCAC-1,0.1295622285861183,0.06731692560286257,0.3721350491681347,1.2611486369006246e-10,0.1680613046089413,0.11258489993370858,0.05033959194537778,2.907836037879144e-11
CGACAATTATTCTGTC-1,0.24745577927177115,4.597687980077235e-11,0.47425182854467873,4.6060590091781155e-11,0.018306196746313032,4.6743896793798096e-11,0.45998619493066556,4.364532341816939e-11
CGACAATTCGTCATGT-1,0.12467069459630357,3.8772400370579025e-10,0.4341055794774174,3.9021999351895007e-10,0.2728484574470794,4.004616549780815e-10,0.3683752671240642,5.2086317443179886e-11
CGACATTGTATGGAGG-1,0.00425574204146405,2.3490341153053216e-08,0.4366113921849233,3.200234644850978e-11,0.4107420847900208,3.200234640574785e-11,0.04839075743959298,3.032589599330314e-11
CGACCAGAACTGTCAT-1,0.050726448351127856,0.023141964367759206,0.3844666639190231,5.490343382656033e-11,0.2622107552412079,0.17945403455595343,1.3361191848873305e-07,6.056198615576498e-11
CGACCAGAAGGATCCG-1,0.2965211596599182,1.299696019251756e-11,0.4341841632042169,1.2497386867439169e-11,0.06402593093329818,1.3884414997296235e-11,0.10526874615769267,6.062170161899746e-12
CGACCAGATTCAGTGA-1,0.07520803093433867,2.1854373706219657e-11,0.3621990718031383,2.1980230189546733e-11,0.2566123316149555,2.1854373724093376e-11,0.20598056557464275,1.0641291644737014e-11
CGACCAGCCTTGATTA-1,0.09779004092876059,2.7385566769713876e-13,0.6503612333675053,0.37091807197940485,0.012564064858165825,2.7522010766529025e-13,0.06836658886476568,2.5336688173794667e-13
CGACCTATACTGACGT-1,0.12756783779863345,7.208618580263255e-12,0.5711579317421329,7.168135092857385e-12,0.23896450344968695,7.168135081649915e-12,7.049405208377165e-12,6.97064191014903e-12
CGACCTATCTCGCAAG-1,0.02642472774092549,0.3850230387319107,0.21866992139594543,6.193853193564892e-14,0.002120584049095695,6.176335480698832e-14,0.49999999999987077,6.023551704032894e-14
CGACCTGCATCTGCAT-1,0.019298135581909213,0.019298137000262356,0.21273278739932733,4.4225062060990184e-10,0.24117373370766645,4.859306880638479e-10,0.4074972052115398,2.2299447749946441e-10
CGACGCAACATGGCGA-1,0.13047535794021015,6.942800041643872e-10,0.2971910008328011,6.862871584221264e-10,0.31467937667628854,7.038382660697765e-10,0.457654261764508,8.264063841114692e-11
CGACGCAGCCTTAGTC-1,0.032094911061873635,1.179110820986845e-12,0.43471057087990184,1.1755823085262048e-12,0.09846472967528132,1.2386443117039947e-12,0.3347297883817888,1.2107761500886364e-12
CGACGCCAAGGTGCAA-1,0.06204487965483797,5.624536861832873e-12,0.30689579715643067,5.5693153579234925e-12,0.3345227050094431,0.02935541231223428,0.46718120583892797,8.973102211298599e-13
CGACGCCAGAGGAACT-1,0.11566985249665124,0.042111233714276504,0.5729319034213207,5.758305137700742e-12,0.09564854868159053,0.07363846167367753,5.687906714003307e-12,5.59928207356908e-12
CGACGCCGCAAGTAGC-1,0.1063679797631822,0.03834498618037232,0.36069679841220564,0.03834498597174086,0.22297398837161245,0.04965829879888761,0.0836129622803817,2.2204976892357176e-10
CGACGCCGGAGTTGAG-1,0.010544270470553268,3.492009679925042e-11,0.43130622813223685,3.49200969145991e-11,0.021345928347316644,0.30477850096000464,0.4320250718450527,3.162763677773742e-11
CGACGCTCCGCACGTG-1,0.07065900461316979,1.312143512506385e-09,0.23688082634518243,1.2273120746791447e-09,0.15320641545341068,1.2900387973493422e-09,0.4392537488176679,9.847820750701298e-10
CGACTAAGCGGCAGAC-1,1.9454050647325825e-09,1.945405194191404e-09,0.6115937534359701,1.8922674817804195e-09,0.13783685218000122,1.8424762234170667e-09,0.45056938122108925,3.113827152268034e-10
CGACTAATGTTAGGCT-1,0.07239879898286224,1.3699310812265814e-11,0.40349537616200476,1.400983695283552e-11,0.21458458384615245,1.3957088162102994e-11,0.49999994553445243,1.369166094559579e-11
CGACTAGGAGATAAGC-1,0.07895348811681999,4.4069613056866585e-11,0.23549313821561438,4.129985723285136e-11,0.3815502197389354,4.406961280437136e-11,0.20400315378350417,1.86123234344326e-11
CGACTAGGTCCTTAAC-1,0.010463914230724417,1.049078241607218e-10,0.5709974765178314,1.059117308580069e-10,0.10846270256662947,0.05249502110673954,0.15758088565361947,1.0171509861264278e-10
CGACTATCAAGCCGAC-1,0.2388482446324918,0.34157034808229353,0.35950754379140015,1.175740263585185e-10,0.16834287873950513,1.1663286066548145e-10,0.09173098447725005,1.4346617084913256e-11
CGACTATCTTCGAGCG-1,0.12697686469591019,0.017327102768530833,0.1872945402894309,0.0173271036872133,0.2702020459950569,0.09037621382255157,0.18554643813732213,0.004949690605322247
CGACTGAACGAATGCT-1,0.13694596969250636,5.886562485276813e-12,0.36435548387053146,5.746783844326067e-12,0.3362876467037515,0.05419251234211788,0.008218387376698583,5.223250564055194e-12
CGACTTAGCGCTATCT-1,0.05915152963558394,0.026462085045871008,0.36347657195499233,0.010117629018838822,0.2243913362736064,0.10820041665242339,0.10820043121511744,2.679116542279007e-10
CGACTTCACTCGGCAT-1,0.4152317812226164,6.177982034400766e-11,0.3695362936749904,6.044728383218635e-11,1.4345218116173803e-07,6.082191843953419e-11,0.4152317812226164,5.955597058896396e-11
CGACTTGCACGCCTGC-1,0.19042569748181512,8.870732144853388e-10,0.3096940352255174,8.505240599860851e-10,0.22355677478692607,1.1377035763973986e-09,0.47632348654903683,9.930401176713793e-11
CGAGATGCCGCATCTT-1,0.0461808589061354,4.145345756532436e-12,0.33708070605209617,3.94336792672164e-12,0.2048273038821904,0.1197394848655235,0.4921716461435679,5.090561946475967e-13
CGAGATGCGGTATGCG-1,0.2995813082368404,7.299517184502372e-10,0.43971681307684274,6.143249973206453e-10,0.045349134393544495,6.269830773218137e-10,0.4153527414995174,1.0300744878929963e-10
CGAGCCTGCAAGGTTA-1,0.09973167657639831,0.18850857209405278,0.45037762624341693,0.040884784299269394,0.0796125593166349,0.04088478127683686,1.2586508451982995e-10,6.785114503201185e-11
CGAGCGAGCCACGCTA-1,0.07804233551128739,0.05241438428350375,0.3023587078535609,0.0524143843404925,0.20626683454312186,0.05910797775372483,0.09960904633538223,0.04978632937905053
CGAGCGGCACAGTAGG-1,0.22787240966960842,4.4057644535731837e-10,0.5146460772338219,4.4212734503999177e-10,0.20630006499234527,4.4684517241241575e-10,0.027248625924052864,4.547197816351211e-10
CGAGCGTAATGGAGTG-1,0.03243069625871444,0.1713682385237825,0.40231785084276345,1.502419875231409e-10,0.26145251369832984,1.573357741354028e-10,0.03243070031668539,6.197069753649045e-11
CGAGCGTATGCCAGCG-1,1.2675050127136498e-12,1.2234907395854509e-12,0.4425102251370018,1.2343353399166186e-12,0.18623266323523202,1.2637736203382367e-12,0.49999999970201225,1.377643669687197e-12
CGAGCGTGCATTGTGG-1,0.06424292584085628,0.03398770111484793,0.2990622145600478,3.63989263483206e-10,0.17216270437795872,0.049002760280390134,0.28154169336460205,9.742020992743368e-11
CGAGCGTGGACTGGAA-1,0.08586918816382388,1.3877978674177427e-07,0.3489339921362584,3.100943396201938e-11,0.34862727140238436,0.012310558762810163,0.10425885070694624,2.959654537516094e-11
CGAGCTAAGGCCTGTA-1,0.032257950021452014,8.767575271756581e-10,0.13802993506366915,8.76757529664135e-10,0.16572605113530542,8.927838371381603e-10,0.5639860608906012,2.5925402693461286e-10
CGAGCTATGTCCTCGC-1,0.06017546339260738,0.07150350048679624,0.5165599169296151,7.559219404934128e-11,0.4236761727062477,1.675520100600852e-07,0.12808477559676773,6.363636390342924e-11
CGAGCTTAGAATACCT-1,0.10888593248860433,0.0167645881651612,0.3476553180523989,2.710594138234006e-08,0.1469748214318767,0.012792561105104062,0.26692674497021085,6.7414990260820015e-09
CGAGGAAGACTTAGAT-1,0.11089941905985237,1.0481332594505095e-10,0.47483051310688185,1.039780212662164e-10,0.0537574578126555,1.0594310516147581e-10,0.4856364624288723,1.229918588185117e-10
CGAGGACGTAATAGGC-1,0.11826266859800644,1.2964815251786302e-11,0.46758921974497086,1.2632833320865233e-11,0.16865220138669332,0.003835258834478024,0.44166065134864124,1.2586236210091342e-11
CGAGGAGCATGCTATG-1,0.10519440526183131,0.20164137841678498,0.32326285755465956,0.033746259546466574,0.08074443436610544,0.1051944044525643,0.03374625848036453,0.016470001928142266
CGAGGAGCGTTCGTTA-1,0.10644304349085681,7.939416800533171e-10,0.5425142800955876,8.00820948870518e-10,0.17134554059112264,7.939416857152029e-10,0.07969713330692708,7.316841499655965e-10
CGAGGAGTCTAAGGAT-1,0.1539835904594923,0.031390792553569274,0.4801183659930449,1.341638372042983e-12,0.10615984797595523,1.3416383651426423e-12,0.42834740301266294,3.1397366790265203e-13
CGAGGATTCGATCATA-1,6.1456315846602955e-12,5.944199540103065e-12,0.24658047846715922,5.922624608452326e-12,0.15203073873061757,6.024652642113083e-12,0.5013892230583474,5.851856756542047e-12
CGAGGCATCCAAGTCC-1,0.12756781703005224,0.08743424425645585,0.5623396310680819,1.4701493117937647e-10,0.2684446747107674,0.020569443784893147,1.4980292942956722e-10,2.2382022666855588e-10
CGAGTCACTCATAGAT-1,0.191855017810773,4.006002142572424e-09,0.4921289365977465,3.6920759708300004e-09,0.12611173547480192,9.561450884945725e-09,0.38990426204862944,3.4481496821308823e-10
CGAGTCATCCGCACCA-1,0.07429300754808381,2.5456610498247308e-11,0.30692597920510206,2.4907441116784652e-11,0.21399940008038568,2.7211854390049056e-11,0.3047816130661284,2.685213657982756e-11
CGAGTCCATGTCAACA-1,0.0785189424379367,4.0756254523463045e-12,0.3876816388050457,4.054941358200668e-12,0.11322716811192815,4.081955561323909e-12,0.49999999986017896,3.399792465306251e-11
CGAGTCCGTTGGAACT-1,3.089007118724963e-13,3.0586705849365906e-13,0.34961053121202945,3.0890071315012845e-13,3.135965931815101e-13,0.3335319925269733,0.4999999980595472,2.949672004290526e-13
CGAGTCTTGTACTGCC-1,2.4004974927248073e-11,2.3926786586529094e-11,0.29523846462260606,2.3393185394103876e-11,0.14007663570592557,2.3618950413256997e-11,0.48969701306756824,2.317517030993931e-11
CGAGTGCGGCTCGTGG-1,0.04051555513005945,0.0058989859792286615,0.3477650155502962,0.005898983011038168,0.27177308206038514,0.014549363902026097,0.21359901434160797,8.285808762227867e-11
CGATAAGAATTCCAGT-1,0.11476864461611092,4.1546641449713485e-12,0.49525236433479825,4.155845861012003e-12,4.1517638861414745e-12,4.155207408492852e-12,0.4281871943485654,4.77029243508285e-12
CGATAAGGATAGGCAA-1,0.06652419216689462,0.09103393608827552,0.38759469211012404,1.3895028633553578e-13,0.09217156502898105,1.3853046283919583e-13,0.26267561513193755,1.3475484846287908e-13
CGATAAGGTGCCTGAC-1,0.05261227580106319,0.029382458132708428,0.5259528305736518,1.681295314613046e-13,0.17907479996199518,0.0061526504951664035,0.10682498530489375,1.6170247245663027e-13
CGATGACCTCATCCTC-1,0.16418467305212073,0.15954565286844338,0.4985108037740745,0.012428706798331478,0.18871682406108975,0.012428666253630788,0.16418467305212073,5.5988953073372615e-11
CGATGAGGCCAACGTA-1,0.09391741375975801,2.039188270690524e-10,0.24830427303771987,2.0391882733153914e-10,0.42989834401126187,6.223589527174986e-06,0.12787374506316898,1.9656164513703672e-10
CGATGATCAGCTATAA-1,0.07443852753732702,0.0047491331064201505,0.3396996140758091,3.632708021582945e-11,0.19644166604829918,0.004749128251603587,0.27992193091980855,3.50238108220016e-11
CGATGCACCAGGCCTC-1,0.2092914559295347,2.4678821123773953e-13,0.26590035204266843,2.459965399356967e-13,0.41852890924149044,2.475842083485728e-13,0.26922703051235525,2.586893505045176e-13
CGATGCCGACCGTGAC-1,7.17416227005946e-08,2.8201900762371168e-11,0.5272188364531856,2.7916259383367386e-11,0.20807735624996748,2.8793407793331885e-11,0.46470373518025904,2.4896049992941843e-11
CGATGCCTGCTCACCG-1,0.04997984730029702,7.726398716937991e-10,0.3585123610802761,7.46815893309683e-10,0.33231648595992375,7.906611227270915e-10,0.45919130104927847,1.0286631575621545e-10
CGATGTCCGACTACAG-1,0.07369819741936977,0.051630620968083844,0.3059479741293051,0.0001552477795286935,0.2917616048312911,2.1252552103051007e-10,0.1768063545453449,2.0643481052469038e-10
CGATTAACTAATCTTA-1,0.0006264585233160138,1.735630946534564e-13,0.19939938190547282,1.706103038784346e-13,0.1309317447968663,1.7431700976635538e-13,0.5690424147739308,1.6846171588611841e-13
CGCAACCATGCACCGA-1,0.09202300466440948,0.06861239078048602,0.2701253617416578,0.036205188631416425,0.2338135968761863,0.027153081422496488,0.17206725806375717,1.178280156440318e-07
CGCAAGTAGAGCTTGA-1,0.07311407596584725,1.2147463503717968e-09,0.15330632410217823,1.262905228538703e-09,0.20326519476947982,1.3831324524376813e-09,0.47031440027874954,1.0562848406995802e-09
CGCACGCAGGTAAGTC-1,0.4999999998766493,5.810462541900778e-13,0.5055027774433629,5.774152623200396e-13,0.0277038559567993,5.738154960567653e-13,0.0907885173210725,6.413009825545075e-13
CGCACGGCTGTCAGGT-1,0.13023966859221017,0.05164396398667569,0.5015676332499426,1.3242414035911709e-08,0.13288618036585598,0.06144197018823706,0.022220568304093743,2.1008854614276366e-09
CGCACGTAGCATTGTT-1,0.1373955735644602,4.781819208779223e-11,0.3562081064673342,4.781819214595957e-11,0.18073036157175792,4.057278750214797e-08,0.22566591773577022,3.4137715489186656e-11
CGCACGTATGAAGGCC-1,0.07916625467321671,1.2274688192032996e-12,0.16245691466402062,1.217792649209694e-12,0.24181032305535585,1.225221206459065e-12,0.5000000003260787,1.2049979553765102e-12
CGCACGTGACTGTTGG-1,0.003966898091512788,0.040746169631388225,0.3839881182998386,4.39874231679587e-12,0.2059099024859183,0.04074617493492516,0.22464273657316677,4.313690756865769e-12
CGCACTAACTACCGGT-1,0.13175091540722064,0.10232747118189948,0.7183788827920365,7.604264249429125e-09,0.16058135347585267,0.014057349833751627,0.07290401941147945,4.197210280377238e-11
CGCACTCACCAGCACG-1,0.23737932606873183,1.272030042557651e-10,0.4022501049686856,1.232571794276639e-10,0.2055573978819098,1.2613231395965694e-10,0.35481317064264256,1.690798521266081e-11
CGCACTGTGAGCCTGT-1,0.48714883052638114,0.024180724814389723,0.4968147365498913,7.106268088225255e-12,0.1918557078185708,7.519071472644724e-12,7.66391292706731e-12,1.298647181110716e-12
CGCAGAGCAGTCCGAG-1,1.0044180496695963e-09,9.6457869376669e-10,0.5615900447225627,1.1471973972970752e-09,0.26355968363087934,0.07485026766152623,1.0044180509990145e-09,9.365090878785526e-10
CGCAGATAGATGTTCT-1,0.033186017662791736,2.6053951719085157e-12,0.2066171260078251,2.572744260831455e-12,0.3887433501341974,0.0019824829114803385,0.26947102327904787,2.5098085680176034e-12
CGCAGATTCGACCGAA-1,0.05374345070651332,5.891769142820124e-12,0.5088314239213259,5.575834605885714e-12,0.14258988128456193,5.891769119676438e-12,0.4948352436941794,7.923487593026784e-13
CGCATCTTGACTTAGT-1,0.0855217101609735,4.0722052446655156e-13,0.5099547241361794,4.0864349554066666e-13,0.4999600644764305,0.08552171180454053,4.0440787734501733e-13,3.900404605718986e-13
CGCATGAGGAGCGTCT-1,0.31930531836399734,0.23237376489695336,0.44103010593981495,3.9567079181232144e-10,0.09528839215298152,4.091977676248133e-10,0.11200241757104637,4.8485641822639665e-11
CGCATGGAATTCACGA-1,0.1636455121513176,5.557460394115168e-10,0.34351222620599253,5.928622678976613e-10,0.2454729269002747,0.016110075431212765,0.131259257986159,1.8409214557202173e-10
CGCCAACCTGGCGAAT-1,0.128765658502566,0.014475263718064832,0.41569778694083,0.00222041545340458,0.22275832239287008,0.05167493345991617,0.0644076195195437,1.3642807921744562e-11
CGCCACAATAGCTCAA-1,0.15218369662854245,0.07033274676643236,0.3656244436497549,0.03764329243175699,0.1989292260145796,0.02129857334337437,0.05398802109765873,6.957319940313582e-11
CGCCACATGCGTCCAA-1,0.2020851092580717,3.036708582733995e-08,0.40588020911197853,1.523695074508118e-12,0.10705294333829209,1.5097593239836396e-12,0.4849817079019272,1.456480644752492e-12
CGCCATGAGGCGATGA-1,0.1321578960900185,2.623800377433858e-11,0.39846957489918994,2.6047713802875042e-11,0.05053963512818023,2.6238003747157424e-11,0.5000000000329099,1.921054217055864e-11
CGCCGATTGTCCTTCG-1,0.05723739977021267,6.069697017188591e-14,0.3663331536289034,6.069697017713334e-14,0.24756507316563908,6.16325256283752e-14,0.22886437595217243,6.016812202015643e-14
CGCCGGATCATTAGAC-1,0.3964850537046985,1.834052537951146e-10,0.4070298917293593,1.7862589208856934e-10,1.9761479831382456e-10,1.8279881923118602e-10,0.3964850537046985,2.5589049052145543e-11
CGCCGGTATCTAGCAC-1,2.1590456426651167e-10,0.364152706544298,0.471694585957841,1.9593362920400451e-10,2.0934304786241616e-10,2.1590456376173297e-10,0.364152706544298,2.9493032087465676e-11
CGCCTAGAGCGTGGAG-1,0.2746850911889267,1.4049144091744298e-11,0.2448896981884088,1.3929999678294749e-11,0.06578652526499984,1.4251080520452405e-11,0.49999999920936855,2.2352606409751462e-11
CGCCTCGAGCCACTCG-1,0.23785598033816654,7.447220796990622e-12,0.518555237545588,7.040782269952107e-12,0.10322462488226422,0.02600711576144234,0.31435692318385533,1.5094343345427033e-12
CGCCTCGATAATGCGG-1,0.07406128825700296,1.0694882282050933e-10,0.5258476252353803,1.0694882275849064e-10,0.18437927214905867,1.053179227568706e-10,0.22117853021498357,1.1093965016721448e-10
CGCCTCGGAACTGTGC-1,0.2096931299741575,7.64769905357045e-10,0.5378467789424822,7.647699064353179e-10,0.15246008749090897,7.583037287477607e-10,7.746261357829005e-10,7.204735034490582e-10
CGCCTCGGCTACTCGC-1,0.12103185198537272,2.614227231834495e-11,0.5971888529644704,2.6252608033291066e-11,0.16774679087010472,0.0033385819125008025,0.010693922220419814,2.5186691435021395e-11
CGCCTCTAATTCGCGG-1,0.1760995372014382,0.053506784112223364,0.3922466831913464,1.4701907035957265e-09,0.11133890744185514,1.5003842910943306e-09,0.46680808107075283,1.8952887084316133e-10
CGCCTCTACTCGGAAC-1,0.08824928590741656,0.34987749308951416,0.18777359432327628,0.02285569390476151,0.09761574400298137,1.2409627880283265e-11,0.15362818875841508,9.813503503720218e-12
CGCCTCTGACTATTGT-1,0.0917000101197625,0.09170001514215931,0.40022598769840295,0.04072522679239142,0.19419821954290226,0.04072522134148568,0.04072522360106123,9.577185629940706e-08
CGCCTTACGAGTAGCG-1,0.09564586307288889,0.02878108265586344,0.47461908760704646,1.8277011198056326e-11,0.24339180419195186,0.042154023796405655,0.01540813874000506,1.7278145736004293e-11
CGCCTTAGCGGCCTCC-1,0.10499819936505743,0.047431296722759426,0.4891110846143599,5.7981979287853214e-09,0.0874139241663566,3.9627276845977395e-09,0.47104547341907604,4.1846101749115315e-10
CGCCTTAGGATCGGCA-1,0.24747387002377208,4.4535142920377484e-10,0.4391349268996677,4.091048240339056e-10,0.2974445586571307,4.04482532327315e-10,0.21594664285685156,4.859719128450738e-11
CGCCTTATCTTGGCGA-1,0.1332171266702125,2.6171218648974363e-13,0.5412212494181752,0.042681199521779484,0.1272839611253893,0.02005455195999551,0.30862502490294097,2.5402058777902694e-13
CGCCTTGTGAAGTCTA-1,0.4311573395391908,5.755554421430111e-11,0.4374697383142169,5.699256831006825e-11,0.015192553855002877,5.838005673450003e-11,0.3161803678584659,5.564454027003558e-11
CGCTACTCAGCCATAG-1,0.03464857999077719,2.5208805543486314e-12,0.38836578736116995,2.520880555477733e-12,0.2072209750827145,2.5261335743403993e-12,0.49999999963916747,2.710763689489773e-12
CGCTAGACTTCATCAC-1,0.06921174030464484,0.1059910612059467,0.4723932090461077,2.2246913118960174e-13,0.18294907325385842,0.06460697048069011,0.00484794570845977,2.1318476255089224e-13
CGCTAGCCGCATGCAT-1,0.12445891713870173,1.2770352222175188e-09,0.43924550473524804,1.0961058913328059e-09,0.19194007044752207,1.3980557504897578e-09,0.44435550313758565,1.2356758384114862e-10
CGCTATAGCGATCGCC-1,0.14678839785610526,8.36459413545803e-10,0.4724941599289158,8.5788793057187e-10,0.12034378088776869,8.364594128510243e-10,0.4603736575755989,1.082330496157902e-10
CGCTATAGTCTTCATC-1,0.16403061928607285,7.665530542385742e-09,0.24113396754323624,0.014753760712136018,0.12149728334552078,0.0229333854821905,0.33565097438879327,1.5914799569467165e-09
CGCTATGGTTGGTTAA-1,0.06869398690989946,0.10420809985266445,0.427527863488235,0.012892507138208237,0.28667754259707406,3.425593016766673e-11,3.442399035568452e-11,3.3203280874503595e-11
CGCTATTAATCTATAA-1,0.06320404581287871,3.6718692603488536e-12,0.43143404749989256,3.6315044484019506e-12,0.2770351508867309,3.886358081703217e-12,0.2011264634588091,3.378675831105372e-11
CGCTATTATGATACGT-1,0.078623911118143,0.07143309520270517,0.3652314177008726,0.0427847849484228,0.22259844240960763,0.04991830750886223,0.0570762239777882,0.012333817141718438
CGCTCGCAATTGGCGA-1,0.2904184705640048,3.9736320613827256e-10,0.42810776731091277,3.9167644722276564e-10,0.06872242722128862,4.0910817538011253e-10,0.412751333237772,6.734241762502169e-11
CGCTCGGCCGGTTGTC-1,0.11374100285761218,0.07983732392706429,0.29125331993275205,0.023347904790256398,0.15155671955967748,0.06854121527046304,0.17023826327336575,0.0014842503933329854
CGCTCGGTACTGCGAA-1,0.2256361872840297,1.9522138034696176e-13,0.5331340564097744,1.9522138038139315e-13,0.06565569100974089,1.9618164021212148e-13,0.3400640016290914,2.0184844551662525e-13
CGCTCGTTATAGATCT-1,0.10240052667775688,0.025649458926184445,0.5467993309642739,1.1340698799587533e-11,0.2251506833918566,1.1425832700614486e-11,1.1776804277710304e-11,1.0627554868701166e-11
CGCTGACATTGCGGTC-1,3.994926417900089e-11,3.722940265880187e-07,0.5407685385447133,3.9456580371614046e-11,3.743610750405065e-07,0.03249810382185059,0.3267326111944536,3.9466119726930054e-11
CGCTGACGGCACATGA-1,0.12905526357327404,0.03932528566561392,0.2244324148658246,0.014690761753697065,0.11587541244181511,0.026960214060058444,0.34966055874969226,8.892810666408929e-08
CGCTGCGAGTCCACAT-1,0.05963880362322757,6.617536399343845e-11,0.1785690974592675,6.654718295977279e-11,0.14089173686337084,6.629894506073638e-11,0.5209003645383081,6.521597328837623e-11
CGCTGCTATGACAGAC-1,0.2116306242024098,0.0224819841575192,0.5082347522339618,2.3896972078766955e-13,0.15107579056452342,2.435757901972571e-13,0.04349032105161481,1.8127306109749654e-13
CGCTGCTTCGCATACT-1,0.10080721257795022,2.7881964801678978e-11,0.5258476256909068,9.912884759950087e-08,0.20282270411714554,2.810252759961227e-11,0.15431375959033788,2.960826355721492e-11
CGCTGTGACATAGGCA-1,0.09574637816539332,6.081606308824369e-12,0.2646212479307003,5.851894076348001e-12,0.17077885248764665,5.938323946539132e-12,0.4999999998786388,6.398733244552495e-12
CGCTTAGAATTCTTAC-1,1.0013032537168187e-11,0.48091102114324874,0.4144644821208754,0.24507723682460292,0.03514591010808342,9.76406290189152e-12,0.024401349623331424,2.0497103884574147e-12
CGCTTAGGCTGAGTCC-1,0.11975360800802887,0.04570145248059263,0.4015396518801867,0.04570145099240432,0.045625410810436556,0.04570144872368895,0.19597697679981657,3.0524645086520286e-10
CGCTTATGGTTAGGAT-1,0.1409407852149476,2.4196404063120753e-12,0.5132948652075573,2.41964040608336e-12,0.10913908062819137,2.4636317106287893e-12,0.3348560397856765,1.2540709418646401e-11
CGCTTGGCTTGGATCT-1,0.2150908081854401,1.1141218375793794e-09,0.5613677730663773,1.1662463321551204e-09,0.12354141321668294,1.1662463101263346e-09,1.1662463083725528e-09,1.046571316049726e-09
CGGAACCGATTGAGTC-1,0.20637855261247445,1.8200567482408344e-13,0.30950740333161564,1.8115565683428852e-13,0.1482669182392684,1.8257562890046932e-13,0.4999999998475311,1.893886340287021e-13
CGGACACTATGTATCA-1,0.012094726350617068,1.1828534119819587e-12,0.30486423619317216,1.130538492523823e-12,0.28096181195554265,0.012094728023419852,0.28998449747425914,1.2505116747410612e-12
CGGACCAGCAGAATTC-1,0.0764070507499158,0.03474823138626809,0.23031362379403506,0.03474823035537977,0.3988408922644838,0.06247070545384792,0.06247070805580534,5.579642379816572e-07
CGGACTGTGAGTATAG-1,0.31541876878855174,3.6537792202840534e-11,0.3393369075142449,3.563271185494227e-11,0.22982555478837768,3.510629978632183e-11,0.31541876878855174,4.209237052463746e-12
CGGAGCCATCTGGATA-1,0.0429508574198369,5.9004747703964755e-12,0.4993441633649012,6.110211260550045e-12,0.232249262437809,6.330749819646243e-12,0.4254557166107934,7.450811988212044e-13
CGGAGCGGTAAGACGC-1,0.17926492043064457,0.024791824499625508,0.48199184943962525,5.705904538593517e-12,0.05052466014806867,5.7332851047680004e-12,0.4634267454477309,1.1552487244531258e-12
CGGAGGCTAGTCGGCA-1,0.05432154127664045,0.02489809667491838,0.3565004734530266,7.676575166398819e-11,0.14867326073734402,0.04843685182406089,0.2671697759395514,1.9706182110656043e-11
CGGAGTAAGGTGCGGT-1,0.03343234734059897,1.1613684808446787e-12,0.3508032282417881,1.1897445146094595e-12,0.13128194867233547,0.2786179524255581,0.40586452331566214,3.1720916785132495e-13
CGGAGTAAGTGCACAT-1,0.09313965982341778,9.751812802873731e-10,0.2926372179258597,9.328011904163337e-10,0.01186469186293882,9.443789821496377e-10,0.5023585226259217,9.234581305683634e-10
CGGAGTCTTACGTGAA-1,0.011530453764490403,9.293619585898364e-14,0.5090672455873512,0.04095394197011247,0.39153027644408256,9.187754772245149e-14,0.24691808223347203,8.745515754662332e-14
CGGAGTGGCGACTAAG-1,0.06355617163848706,1.0237016126141675e-11,0.5502255885243909,1.0237016111891007e-11,0.09606614428230709,0.03202894534258802,0.1581231501915658,9.739579224175516e-12
CGGAGTGGTCAAGTAT-1,0.08308951803657551,9.337627965346004e-11,0.34057970773556273,8.793020621496672e-11,0.23166531607902097,0.014444708712377385,0.23022074921731084,7.38740708214677e-11
CGGATGTTGAACCACG-1,0.19817663716456776,8.663463297678716e-13,0.42607523621583726,8.559543759149836e-13,0.1563661167816913,0.032669746183030604,0.38671226365197214,2.8255725811878335e-13
CGGATTCCAGACGGTT-1,0.0632106243760966,1.9013391573618046e-09,0.5582301649559622,1.73819152176453e-09,0.18264440945646876,2.41080906446461e-09,0.09591479470015228,4.793338641248321e-10
CGGATTGCGTCTACCT-1,0.07112654461811366,0.3773559574112637,0.3600341245138925,4.769993495590835e-11,0.014127415789155294,4.807534016458912e-11,0.3773559574112637,4.733871877574338e-11
CGGATTGTGCAGGAGC-1,7.804582313271379e-10,0.31556387588407736,0.457970462675471,6.172998337242705e-10,7.283608156648958e-10,6.878880639269033e-10,0.42646565809722675,8.134997674150587e-11
CGGCAACCACTAGCAT-1,0.2124363763708474,0.06531913841730001,0.6537563967387272,0.26848808493349763,1.187908077960973e-09,8.354919380013756e-10,7.727194481489224e-10,1.6090241417252143e-10
CGGCAACCTAAGTCCA-1,0.08669842651888998,2.0739704506692248e-08,0.49073687335697347,3.504495158865521e-12,0.1689867501412805,3.4248746808057642e-12,0.15357792923866379,3.3489859728615123e-12
CGGCAAGATGCGTCGG-1,0.08555369041432742,2.0588383503665443e-08,0.4563155403111619,4.03837464846212e-09,0.20821326070273116,2.901500886023086e-09,0.14991747890143717,2.304219988105986e-09
CGGCAATCAACGTGGA-1,4.4120265834476646e-11,0.014343202726231442,0.42883365407245067,4.27772330648816e-11,0.26706583919645777,4.44003598748173e-11,0.48975729887433966,3.69442535494504e-11
CGGCACTCCGGTTCGC-1,8.236628635919379e-10,0.05458009063501276,0.43143421457846,5.638202005948585e-10,0.4282255982819024,5.692042311186924e-10,0.28576009408577013,9.007783349141585e-11
CGGCACTCTAGCGGAA-1,0.09034841784987953,0.05690867265259882,0.4916827342478759,4.945362592471553e-10,0.18066778561449182,0.023483718725413303,0.05690867029731141,1.5698912317193707e-10
CGGCATGGCCGCTTGT-1,0.08552134949994297,2.2001455609131352e-11,0.33969692087167624,2.220267939654086e-11,0.26734401228867205,2.2082059029340428e-11,0.499999637207996,2.5458411007897018e-11
CGGCCATCAACCGGCG-1,0.03394242578280554,9.709175961486316e-13,0.3981315145645079,9.744636869127999e-13,0.22391203548836772,9.925061930487041e-13,0.49999999950718005,1.040978101112244e-12
CGGCCTAACGATAATG-1,0.15074835813318094,5.758616348935887e-10,0.443546220266563,5.758616335735937e-10,0.14741831376607697,5.88893444904997e-10,0.4582871053506013,6.793679940960882e-11
CGGCCTGTCTGTCTGT-1,0.20112645799918277,6.922032777269617e-13,0.5209082275038303,7.03604952545309e-13,0.23304411436658748,6.967130850656684e-13,6.922032772182457e-13,7.257925386900077e-13
CGGCGTAGCGCTAGGA-1,0.026162710996685365,1.7592608747725876e-11,0.5249535729600181,0.055586174670326484,0.21405342422684334,1.8226755265536524e-11,0.379244104714839,2.5108740815165298e-12
CGGCTTCCTACTGGTT-1,0.12996989233022374,3.884081914198845e-08,0.45338408007390246,2.0068535481580006e-13,0.19509121268072813,2.0567238265682847e-13,0.12155477607394653,1.9639988045164387e-13
CGGCTTGTGCCGGCCT-1,0.0038970064128894867,0.1720372474611604,0.3321876839469006,7.801413762997003e-12,0.26187220444901116,7.885936266700805e-12,0.13000585771824422,7.635805909421818e-12
CGGTAGAACGTGACTT-1,0.08278590984229645,4.574005658973756e-11,0.28282473368481936,4.3804260517470695e-11,0.014289644199056503,4.443034993615916e-11,0.5200997122815696,4.3600685994270875e-11
CGGTAGATTCCTATGC-1,0.15200148331030652,7.047284487282485e-10,0.4328001153212053,6.484722658717954e-10,0.22152254225029325,5.709225948338839e-10,0.3936758569730516,6.614273198629299e-11
CGGTAGGTTCGATTCA-1,0.027996327199307065,1.6986931938436692e-12,0.4555099558300501,1.6986931953588573e-12,0.28664177949834485,1.7626033433343792e-12,0.4298519374627462,4.290512640859605e-13
CGGTATAGGATGAGCG-1,0.29636711020696205,2.1820370343103545e-10,0.36605236818148074,2.042701198516347e-10,0.08908526130233763,2.1107785288879283e-10,0.14849525948096853,1.9847314496686468e-10
CGGTCAACGGCGGATT-1,1.3549345485834294e-10,0.14289960171091962,0.485739761026341,0.14289960171091962,0.14266183199204646,0.14289960171091962,0.14289960171091962,1.0464988343892267e-12
CGGTCATGGAGGACTC-1,0.09140753064568391,0.004476032223320061,0.3002499177163956,3.6786055891905984e-11,0.287622293593545,0.004476028466681346,0.21176819730599158,3.53699396311401e-11
CGGTCCATACTTGAGC-1,3.573357621324787e-13,3.532971206550853e-13,0.32812377064320514,3.5329712077078716e-13,0.31871465173216534,3.559844619859501e-13,0.49999999982257975,4.003501370836039e-13
CGGTCCATTACAACTA-1,0.28274045984624074,0.06206461243949179,0.42161464928314796,7.075420636956591e-09,0.10942145374559491,4.011080383975816e-13,0.324158817608539,3.923613343289269e-13
CGGTCCGGTTCTTAGC-1,0.09135499627258721,0.05457572010594188,0.48968490911294943,5.4243947370823095e-09,0.10059718147637665,5.424393757110929e-09,0.46378717296748473,4.1906758175626063e-10
CGGTCTAGATCGAATG-1,0.12021197646164193,4.430373121302295e-12,0.22846534422773357,4.293550778188036e-12,0.10212210503026618,4.400263596845614e-12,0.5000000000053744,4.6973878111555564e-12
CGGTCTGCGGACTCTG-1,0.11589297130000177,2.0786495933493677e-12,0.4600869665028683,2.0966282332426148e-12,0.19921777753790143,0.10252001390467512,0.022282270752072997,1.9714504481182638e-12
CGGTCTGCGTATCTGG-1,0.09225969228977488,1.3088001947200726e-12,0.3089812316714326,1.3068198811661664e-12,0.10079017197126511,1.3107863214000912e-12,0.5000000002152617,1.3136151660729928e-12
CGGTGAACGGTTAGAT-1,0.12322787663974893,0.006402074795657354,0.5200081349186851,2.198825416904654e-13,0.030010949394161695,2.19882541280494e-13,0.4999999991960353,2.2366014584860827e-13
CGGTGAACTCACATTG-1,1.1508110602345221e-11,1.1172569603024594e-11,0.19031529285559323,1.0293824689161606e-11,0.19117758784870909,1.0293824684261388e-11,0.5185071465519542,8.313689359029368e-12
CGGTTACCATCAACCA-1,0.08229985762270928,6.66726800301363e-08,0.25969508716598794,6.131274827284617e-11,0.25081919056666657,6.070982588320249e-11,0.49999999404634693,8.133828460731313e-11
CGGTTATCTGTCTTAA-1,0.15121704821645002,4.939522254037016e-11,0.27238740732710187,5.1237199404325173e-11,0.2539793758014552,5.316538285053783e-11,0.22241616848296017,1.8762858221314736e-11
CGGTTGATTGAGCGCC-1,0.05730471427504476,0.030558803792844955,0.40666329121162387,0.04393175887678291,0.3004234763832512,0.003813241830246223,0.05730471357419164,7.705465233479306e-11
CGTAACATAAGTCATC-1,0.18609991064412398,0.020593031050780457,0.5185353488812416,2.602054698292618e-12,0.43578905016141656,0.03898265924665043,2.574128738570158e-12,1.9883306931584476e-12
CGTAACATTCGCGATA-1,0.06777494049737495,1.7189999396506664e-10,0.36666842780816283,1.739837438971601e-10,0.05658735037704208,1.769771309671869e-10,0.4089692841311507,2.501062065150297e-10
CGTAACATTGGCTGAG-1,0.26601988687092637,5.092866954112571e-11,0.5109285607871783,5.015523340275118e-11,0.1390842950231755,5.172615625820098e-11,0.09295115219609877,5.3829307948784025e-11
CGTAACCGGTATGCTA-1,3.7479529889677695e-10,3.696195269962028e-10,0.30030842116344825,3.9099096207019593e-10,0.07388519810081576,3.9099095930876264e-10,0.5258063796231659,4.0943024769417736e-10
CGTAACCTGACATCGA-1,0.06844234174290507,0.027573170160379905,0.3357185394953466,8.264115953550161e-08,0.14874496697171438,0.07251748739003562,0.2470034115716594,4.00359067688741e-11
CGTAAGCCGACCGCTT-1,0.01723002572218502,6.370341018079127e-12,0.42362395852320966,6.2749765556460635e-12,0.1529180339465363,6.182399120336032e-12,0.31146453920216405,6.137191792374072e-12
CGTAAGGATACGGCAC-1,0.04834519804443183,0.014390536955994085,0.5304996726260245,1.505854044848105e-11,0.10894721612158774,0.0030777261151083185,0.36520632932499264,1.7475089392555442e-11
CGTACAGACGAGGACC-1,0.0901221985253361,0.0018518887007843022,0.5723304200074476,1.3596056162781785e-12,0.16331743780586574,0.02147730057015031,0.050900754391738134,1.3223598882397507e-12
CGTACAGGCCGCACTG-1,2.3897115655646474e-11,0.3157541509376368,0.35318216020664656,2.319254067488585e-11,0.11146098154083355,0.11960270723622672,2.3192540497329876e-11,1.0247769137644187e-11
CGTACAGTAAGTAATG-1,0.18247723512115763,2.697131023704071e-09,0.5509563383165135,2.2931082481399438e-09,0.10178297466514766,2.2931082583314442e-09,0.06478344302103412,1.9077876443274954e-09
CGTACATCACTGGATG-1,0.2335186931526672,2.470426873425973e-12,0.46748241519348593,2.3968835582547894e-12,0.04016529045404733,2.5316233670686377e-12,0.45883360117389227,7.489717189543994e-13
CGTACATCGATGTCTT-1,0.0930160725529443,0.04520296592285539,0.40286157834696446,0.004745789676209015,0.2122766217621923,0.034169171327358236,0.10772780039124229,2.9025505207690562e-11
CGTAGCCAAGTCCGTC-1,0.07448653512161246,0.025444531603441768,0.24693117251667834,0.025444534109736967,0.12437671304762281,0.12461859403594577,0.27869791891337775,6.527115599087196e-10
CGTAGTACAAGGTACT-1,0.011030460037649863,0.01103046268135148,0.1647908189747748,2.0230078555202074e-11,0.024362809034578842,0.07790995378311012,0.6108754954616963,1.1281195228160024e-11
CGTAGTACGCATAATG-1,0.19869329569498,3.95837150068235e-11,0.26895663511980905,3.8353496834480976e-11,0.2663609391165023,4.042898820226716e-11,0.16598912993760884,1.3176716221800873e-11
CGTAGTGACTCAAGGA-1,0.03427847519831003,4.426023717051275e-12,0.4079376245565615,4.22249896840174e-12,0.27751463812483756,4.031532818225055e-12,0.48026926204420267,6.481823416926363e-13
CGTAGTTCGTTGGTAG-1,0.39237888030451606,1.704107834565328e-11,0.5120931285010125,1.6493819795451335e-11,0.10132208584058608,1.6552829260983918e-11,1.6978461151648662e-11,1.6175483751125077e-11
CGTCAAGGCGGAATGT-1,0.34803298739348176,8.92313807457162e-11,0.3799061012937678,9.019160789598589e-11,0.1112091620810977,9.487705933426656e-11,0.360851748914363,1.1843168807819831e-11
CGTCAGAACGTTGCCG-1,0.08898298055971637,3.2630503026054025e-12,0.5214605545946022,0.04695160014448197,0.15448191480727855,0.025928533288164884,0.36219441654481344,8.297220509128308e-13
CGTCCAATCTGCGTCC-1,0.1401627032932331,0.09111381265173354,0.38029726566960675,2.0270971505684477e-10,0.2229486065731294,2.077790200503187e-10,0.3654776113188521,2.6762091293026837e-11
CGTCCATCCTAGCATC-1,0.12196507339579903,8.03008938810039e-11,0.29440883220218184,7.892442117596195e-11,0.24957236749567854,3.473611766775705e-08,0.23405369194676073,7.682728675267023e-11
CGTCCATCGTCCAATA-1,0.36732671412263923,2.237759982070585e-12,0.4099569905009636,2.1763086600339844e-12,0.01922329486030129,2.2448192026534662e-12,0.40349300050119696,2.0928738778112395e-12
CGTCCATGTAGCGTCT-1,0.05580155921186108,1.0089976108545339e-09,0.4260747231418762,9.921206325172725e-10,0.2751782829023638,1.0584132826475868e-09,0.4429454300533793,1.3885695852742348e-10
CGTCGGCAGACGGTAT-1,0.14116213506767114,7.309460586800957e-11,0.2959790938508353,7.28457967778781e-11,0.19891510285131936,0.00018871414828305463,0.2637549539519614,7.138551171510064e-11
CGTGAGCAATGGACAT-1,8.189213215024655e-08,1.1933964634328847e-11,0.16425303378678965,1.1933964637005604e-11,0.20322703226434438,1.2161348313035972e-11,0.5325198520579498,1.164382508556827e-11
CGTGAGCTGTTATCGT-1,0.3210184174879682,2.1059145423131735e-10,0.34618522622061315,2.1498639987198014e-10,0.1335802512157563,2.1866331081898347e-10,0.39921610432372767,2.883453419234936e-11
CGTGAGGAACATAGGT-1,0.058824265274471384,0.09076505937497399,0.17445163612981762,0.028173720209168945,0.2507142628252458,0.09076505049567889,0.187389842258187,0.01891616343765
CGTGAGGCCTACAAGT-1,0.11989207768514203,0.07079571880913571,0.2382736727259828,0.09702290524908326,0.14966882580689841,0.09078615690792592,0.06663927946086216,0.0669213633577264
CGTGCGGATTCATGTA-1,0.14453044532914325,0.020054548528648315,0.539332861629217,1.4636341131695052e-13,0.16782436621161329,1.4518978228867004e-13,0.14453047220279422,2.60734442678815e-13
CGTGGCTACATCCATT-1,7.353090085386181e-08,3.672415319880621e-11,0.22129215380626768,3.6266002883558116e-11,0.1560930792250185,3.6724153182567e-11,0.5226146935142209,3.6185562976170747e-11
CGTGGCTCCTTGTCTT-1,0.25971773824035743,4.883755486894222e-10,0.4221866346606156,4.841441141230907e-10,0.12133333086038141,4.986588769425676e-10,0.3967622945238024,6.228496917322091e-11
CGTGTTAGATGGTATC-1,0.04522969094877253,2.8292725656494946e-12,0.46898111959457667,2.7444608505914243e-12,0.2313480165933501,2.8731248901162674e-12,0.45444117284804186,3.8466611419253714e-13
CGTTAACGAGAAGGAC-1,0.062174208752106164,0.01314006728365564,0.5238680464376377,9.125143083991509e-11,0.4060007101684744,0.04582948525480339,9.390944425699003e-11,1.3768328896858463e-10
CGTTACAGTGCACTCA-1,0.15758959088662808,4.123495387025327e-09,0.5363144163131555,4.1234953556715554e-09,0.21539447932955097,4.165157638952129e-09,0.29070129560999114,4.521623525309189e-10
CGTTCTCGAGGTTCGC-1,0.04731536471936859,4.135457747921361e-14,0.2958261045717699,4.135457745196189e-14,0.3007764131544704,3.9634656575705967e-14,0.28805805745964325,1.0128795687411029e-13
CGTTGGTCGTCACTGT-1,0.060672558842261706,1.5423220267747825e-11,0.42312318864506165,0.07701729792775829,0.14068858281225244,1.4904250246692277e-11,0.4984983476653484,1.7090635675833884e-12
CGTTGTGAGCAAGTGG-1,0.3929197872058291,1.4509367376663348e-12,0.46255738677983604,1.4060879950397745e-12,0.029486897889171866,1.4694487604980037e-12,0.31503592811402403,3.435928714691305e-13
CTAACAGTATACCGGC-1,0.10290987734196115,1.535498030593586e-12,0.5801246996190677,0.19538778350190258,0.08415842252317549,3.923604881104917e-08,0.23741917776736207,1.4796091144808192e-12
CTAAGCCTAGGCTCAT-1,0.13178573462986964,0.2789256671238422,0.21479110956665157,6.910232771204276e-11,0.10593234372861986,1.0547895217052634e-07,0.16856503940875103,6.335817166981543e-11
CTAAGCGTGCCTGCAA-1,0.17572240792792143,4.299542074938525e-10,0.43740602569287235,5.218310347626875e-10,0.3130660974244938,5.01517493611767e-10,0.27380546718271814,5.2625088764814514e-11
CTAAGCTCCACGATCA-1,0.04511072211702902,0.06145545792189601,0.39175962603067005,1.4562230930380707e-11,0.20239244439215814,1.4917257662959565e-11,0.49928124208597807,2.7783087212966294e-12
CTAAGCTTACAGTACG-1,0.1336879121548212,2.738894546736325e-13,0.36681012262934165,2.7540072152220134e-13,0.15324681723133088,2.7692537413464414e-13,0.49999999983730276,2.9207982215716845e-13
CTAAGTCAAGATCATG-1,0.08333752337627899,0.20244365418821508,0.36069533000910786,5.436665906918071e-10,0.09073631059139442,6.104089220901261e-10,0.462787179846699,7.031037931919393e-11
CTAAGTGGCCGATTAG-1,0.29182150688197184,6.428823741420695e-13,0.44191652282162147,6.323963775875695e-13,0.04719389581767906,6.24697163582266e-13,0.41906807447506766,2.0520116051016558e-13
CTAATCACTCCGAGAC-1,0.046707297223688,0.04670730484768745,0.3731517866741889,0.06509696050799488,0.12354979880887774,0.028317644509298308,0.21646920702672343,4.020582637447561e-10
CTAATCTGGCCGTGTT-1,1.0383806694038972e-13,1.0072668637827506e-13,0.5079122463866169,1.0072668642158572e-13,0.2090972602186477,1.0348779757320267e-13,0.2158381808472434,1.0933759344267336e-13
CTAATGACATCATTCT-1,0.3151423443608161,4.275555159504885e-12,0.4913194744236727,4.2822667360039185e-12,0.0390929791301379,4.364167766954322e-12,0.17538094138612034,5.054012573694281e-12
CTAATGAGCGAGGCTA-1,0.28713577681687097,7.702523645365046e-12,0.48893187672792143,6.420821503365262e-08,0.15728295859915314,0.07313899416414066,0.1935103294133088,7.540219818302649e-12
CTAATTACGCAATGGA-1,0.21530208103141246,0.03315619975678532,0.3993727016461947,6.369643554835461e-13,0.18159455555467707,6.247311712448603e-13,0.37057446200866373,2.723480890977703e-13
CTAATTATGTTGCCGC-1,0.038017576815940424,1.180278904397106e-09,0.15923193291207624,1.1354776859390595e-09,0.230928644043872,1.137672828658415e-09,0.5000000086640186,5.265166218996168e-10
CTACAACCGCTGTCTA-1,0.06975972983071223,0.05994701383266416,0.5503283056516688,0.020710843552779426,0.11859625608736454,0.0599470083172904,0.020710842706628867,2.1217735263353624e-11
CTACAGAACCAGTTGA-1,0.06868430640844866,0.053472394038469886,0.47319452782690574,0.007807278711781567,0.17468479428202133,0.028109377019376706,0.09404732171570664,2.360576465059285e-11
CTACAGAATTAATGAC-1,0.10830811820419242,0.00826839459614369,0.35093565855107506,0.008268396733152132,0.24219880875351463,0.014153084053099748,0.167867539106925,2.1729286161994483e-12
CTACAGATCGGTCGCC-1,0.0865597740492283,1.8115145412681358e-11,0.35872216651650535,1.7725279698602852e-11,0.20766797537808004,8.442192485323143e-08,0.24704999963593735,1.7517331527142557e-11
CTACAGATGGTCATAC-1,0.05465661024123957,1.4452053232185346e-09,0.3615349421930289,1.445205375847868e-09,0.39237252744272444,0.09143591562698539,1.29714437721459e-09,7.765471652952028e-10
CTACAGCGTCTACACT-1,0.07652171150633255,0.005988295246771438,0.3059835736725106,0.012373150308945185,0.27884976689522045,0.050756039428393206,0.1695274629190824,2.4825921829906144e-11
CTACAGGTAGAATTCC-1,0.029484760355573448,6.237727389897122e-12,0.2688984706843591,6.276371956828361e-12,0.1999180058528136,6.2454135480751e-12,0.4999999999626135,6.719990273144872e-12
CTACAGGTCGCTAAGC-1,1.236053202183276e-09,0.17936145799442146,0.06654624277017326,1.197062799017211e-09,0.09860342997079805,1.1970627955464936e-09,0.5554888645601586,1.1284204428335333e-09
CTACATCTACTGGCTT-1,0.13112753055788462,7.140082737908451e-10,0.5085233056744283,0.1836631433349505,0.16149568143837412,7.279185741897634e-10,0.21519033676114238,7.534382696398966e-11
CTACCAGACCTCTTAG-1,0.16974803077753833,1.3346627346162067e-12,0.40076246128599324,1.3282729143795834e-12,0.00673952711442083,1.3282729098267813e-12,0.32274998082091994,1.2881612891402797e-12
CTACCAGGAGACATCT-1,0.10166333554794246,2.2531338721979584e-11,0.4630772569567003,2.1792733948309818e-11,0.13663939122106383,2.191312037621686e-11,0.49861995267824516,2.5631825831942077e-12
CTACCATCGATGAGAA-1,0.08437945457874473,0.0181374587519078,0.47580471231386845,1.5411333518625293e-07,0.22951579402952613,0.05555276739527872,0.03660965881157135,6.1343780147168255e-12
CTACCTGTAATAAGCA-1,0.030291349881015242,2.2105813554021152e-10,0.2844125923414077,2.1974271040664052e-10,0.15763156975436785,2.2105813589710356e-10,0.42766448732337,7.439219300333628e-11
CTACCTTATCAACTGA-1,0.05414125753113644,3.2888815449552885e-12,0.4442795358035399,3.1952003701942084e-12,0.08733254546013262,0.024717811490279518,0.28952884971930304,3.07601580803271e-12
CTACGAATTGGCTGGT-1,0.1786531178975533,5.878223080660396e-12,0.5408296371641403,5.709118657026556e-12,0.1489813849494752,6.241723796843365e-12,0.03153585997235137,5.5282522883971716e-12
CTACGATGCGTCCGGC-1,0.08676910048919811,0.06583519068959684,0.22779311148234707,0.0658351903533315,0.20101193668768996,0.044933101309978726,0.20193379291562882,0.0058885760765356385
CTACGCCGCATGAATG-1,0.0905051730242164,4.4588107050822155e-11,0.26776732914043294,4.441482791090373e-11,0.14042281550971145,4.493872299492956e-11,0.4013050606610352,4.404232546038981e-11
CTACGCTACATCTGTT-1,0.09558453843036846,5.990309158632653e-12,0.4195703917774703,6.0217892430295036e-12,0.05589635611998987,6.083359305347907e-12,0.4999999999894351,3.505965206780261e-11
CTACGCTTAGAAGTGC-1,0.17610054256249277,6.184092523859616e-14,0.5281198610466494,5.883054325924983e-14,0.06565319395357444,6.365998950654564e-14,0.13012640275683604,6.242289577599948e-14
CTACTCGGCGTCTAAT-1,0.054009203018663514,0.11529824965761222,0.5356749084586054,7.572282209463387e-11,0.45340071059830245,0.00496030521186761,7.572282183295363e-11,7.276204588119424e-11
CTACTGCTCCGACAGT-1,0.0802216739057954,0.0031626567483651405,0.40395144463399224,8.955832711664076e-11,0.15561333486283035,0.0171672239372233,0.2398836657681495,8.532849649434662e-11
CTAGACGATTGAGCTA-1,0.2955404292497466,6.829008086520462e-10,0.43956313421280513,7.713440741667123e-10,0.051922159823882034,7.526796818848495e-10,0.412974273806743,1.014990976841067e-10
CTAGCAACCAGTGCGG-1,0.08091725726745166,7.737953901038578e-10,0.46951072612426775,7.737953895618626e-10,0.23300191005400375,9.596272448707137e-10,0.4165701035375895,1.0079650316779571e-10
CTAGCACGATCACTGT-1,0.06626407679799709,7.565895842826393e-14,0.40845521213022473,7.508407703426457e-14,0.21302629617210878,7.716436878664267e-14,0.49999999922650534,7.482087211042343e-14
CTAGCATAGAGCGAGC-1,0.10160162960274033,1.3361125206175998e-12,0.4276707268334081,1.3361125207553254e-12,0.0936349612170513,1.3665976821666336e-12,0.4999999997390072,1.6148317183686333e-12
CTAGCATCGACTTGTT-1,0.13183646825521528,0.16797624854779536,0.23842325588946697,0.06645672848985279,0.09612387049856307,0.0755239007104922,0.06645672662435297,0.0572028009889847
CTAGCCGAAGATGGAC-1,3.45012103950515e-10,0.07490413293095696,0.5422733986493804,3.2293043200345904e-10,0.13414065102333622,0.0749041435380299,0.37377767297345765,4.77683895252006e-11
CTAGCCGATTCAATGC-1,0.06307530112304742,0.2112310703378468,0.3595796025903378,1.4377829019289865e-10,0.1907838590951565,0.07533016652141104,1.5429084467187837e-10,3.465283123151608e-11
CTAGCGCCTAGCTTAA-1,0.029484795319856715,2.2078760765745338e-11,0.49943509580127815,2.2606855896928418e-11,0.4804796587096403,2.2337672370998154e-11,2.233767238574513e-11,7.475071471241035e-11
CTAGGACGCAAGCATT-1,0.14227952814612907,1.6788648877304528e-10,0.5230215983208253,1.6877804615929382e-10,0.318637962400938,0.0392974532426946,0.08343262277437904,1.9276510382096235e-10
CTAGGCCAGGAGTACG-1,0.03706538120061346,0.13535025383817237,0.4172861057952283,0.037065387336424296,0.21165774948980018,1.4547452302717932e-09,0.0615751203105845,5.772051098892321e-10
CTAGTGTAGTAAGTCA-1,0.06680756060519694,1.689445033556424e-07,0.18590140616641043,0.02099290716316031,0.336661558261764,0.032306218446155034,0.25733013855052805,4.191801184680571e-08
CTAGTTCTACATGACG-1,1.0637215314289215e-12,1.0604912440096985e-12,0.2950854805535959,1.0509217708818413e-12,0.4051697671212246,1.0637215319254884e-12,0.49974428233040424,1.0292481129612586e-12
CTATAACTCCTGGAGG-1,0.028792079632274332,1.2246519314317773e-10,0.18303169861521826,1.2141116890854753e-10,0.11442077589395747,0.013315482934307775,0.5604399626403722,1.1566161891248266e-10
CTATACCGACTCGCAT-1,0.12590974926461576,9.940302443287895e-10,0.49919410661494845,9.65084886109379e-10,0.32147985585350586,9.94030242600207e-10,0.25341628482420525,1.2014313012982356e-10
CTATAGATCCACAAGC-1,0.1251404648401557,0.043416839589534385,0.481807065516418,0.04341683642410486,0.09486064848254397,0.08428599810774691,0.02707214680958141,2.482480235610317e-10
CTATCCATTAGCTCGA-1,0.1032672425283655,0.048935722542514416,0.41541491322273955,0.002476110087981747,0.2732319282344775,5.144358840845575e-12,0.056674083374796944,4.990988191567768e-12
CTATCCATTGAGCCAC-1,0.14761996798994684,2.2304780854934186e-11,0.36988222460091313,2.2173569112712843e-11,0.20363469973077378,2.2437459934276813e-11,0.20112650844866892,2.184123900513017e-11
CTATCCGCTGCAATTG-1,0.011418763567176825,4.784103375889849e-13,0.38448751915547014,4.705987601130109e-13,0.2516203844126552,4.67320014908021e-13,0.4999999998963572,4.763923572828999e-13
CTATCGAATGGTCTGT-1,0.047695630974470674,0.08781450494595944,0.2476612909491833,0.03432267798694091,0.18297806509062467,0.0744415507865157,0.22508627913994622,1.2659801236846375e-10
CTATCGAGATGCCTAC-1,0.07519399643723232,0.022231791143108696,0.49474964844326075,1.3826897046421225e-13,0.16920596101835902,0.010462399557704607,0.12815620340021341,1.3706297543304917e-13
CTATCGATCACGATTA-1,0.10866565668338063,0.007787396224834212,0.475073570058672,1.4576178724564948e-11,0.2718756070732317,0.011994910297623179,0.024602859640971527,1.075385729379841e-11
CTATCGGATATCGGAG-1,0.17905875217433012,1.2512812310125424e-10,0.5269488359977699,1.2239193750064026e-10,0.16350925972271022,1.2212412716432103e-10,0.29675257469578387,1.2761257044030225e-10
CTATCGTATGATAGGA-1,0.11952762233509312,1.9137500137528963e-09,0.3336479122761325,2.0276661407386827e-09,0.2793744104065428,1.9137500044181697e-09,0.46745004545115365,2.102205687752164e-10
CTATCGTTACAACCTT-1,0.07851894428566514,1.8990092225496394e-13,0.14836088918619336,1.8871285612656485e-13,0.18426500062975026,1.8891052299027276e-13,0.5000000017986719,1.848605343551413e-13
CTATCGTTCCGCTCGT-1,1.2202065807120672e-12,1.1992627532640182e-12,0.26394506227613934,1.1992627534716405e-12,0.25741949116697505,1.1992627528105164e-12,0.5000000000299853,1.2472869915344914e-12
CTATGCAACAGAGTCG-1,0.05965726768094373,4.570557648630464e-09,0.18307111109378285,2.4227668457788813e-09,0.1162251428308082,2.3640699860121737e-09,0.5410464672488409,2.0567514081329523e-09
CTATGCACCAATCCAG-1,0.3216035290505126,2.2451075035304308e-10,0.43726756891223323,2.1412677972544437e-10,0.07810701445963594,2.1246299835960245e-10,0.3630218868085721,3.112468998625122e-11
CTATGCCATGCGGACA-1,0.03014408207601347,1.0206487816123642e-11,0.14113913311476908,1.0126428941607377e-11,0.1833481204624458,1.0086926342709106e-11,0.5453686643130621,9.674047298326456e-12
CTATGCCATTGGAGAA-1,0.0205809410091052,0.0021913006896765734,0.35319277171382274,0.0021913003176444214,0.11414870519263326,0.002191299750488316,0.4055036813106915,1.7486364395157624e-11
CTATGCCGTACAGCGT-1,0.03394241513206932,6.800215335652443e-11,0.32491764385349375,6.82798435193791e-11,0.2028226927538856,0.027248572591387587,0.4999999886073565,8.2642693519978e-11
CTATGCCTATTGATCT-1,0.08560491312578236,1.2654606858555749e-08,0.4559498546428123,3.2053271610380855e-12,0.18834714468992236,0.04357350836508696,0.42652456650398196,3.0849268163950215e-12
CTATGGCCAACGCCGG-1,3.732992696554257e-10,3.513316888842038e-10,0.48718907926337396,3.732992739839229e-10,0.24971926955855503,0.09436392815129602,0.3687277217199028,5.068402929293722e-11
CTATGTAGGCCGAACG-1,0.2616465597394341,4.750528038404734e-10,0.43762416916258723,4.5905103876058903e-10,0.08732641218468619,5.041288970376202e-10,0.41340285714122454,6.377108401789575e-11
CTATGTCACTTGAACC-1,0.06179163659039767,0.06179163566449079,0.5394638994900968,2.7909920086810677e-10,0.16044948082325483,0.0765033476451421,2.7680751833425275e-10,2.8409780285831186e-10
CTATGTGCCTTCAGGT-1,0.1162248950331472,0.07042781083895984,0.2197951930512997,0.10477058659370216,0.1525959081624728,0.09856464837903596,0.06868220434476348,0.06893875359899476
CTATGTGCGGTTGACT-1,0.05751060918345961,8.661913832067917e-12,0.5118314872301832,8.557792770613439e-12,0.06629196987176067,8.348395231455333e-12,0.4218023545455737,1.0384228788222075e-10
CTATTAAGCCAGCACT-1,0.017229895353031457,0.20112645927199,0.3431159400716268,1.5781989116399564e-12,0.024720936471360512,1.599365896683263e-12,0.49999999987625077,1.6242687282865675e-12
CTATTACCGTCATATT-1,0.05258630238493757,0.03419666494052116,0.5103933835672652,5.166792930142009e-12,0.2560028351476402,5.313250645394911e-12,0.3468208138889485,7.85886593709991e-13
CTATTAGCGGCTTCGT-1,0.03983704380306183,1.5348623777994635e-13,0.5333048323481651,1.5252439006756817e-13,0.1679296655332746,1.5711581987321944e-13,0.15892845871707806,1.5044810264972218e-13
CTATTATGAGATACGA-1,0.09592635136391803,7.2223457110945e-10,0.6250395155722477,6.700043699910654e-10,0.09781950123727545,6.772019611829598e-10,0.08121462992770213,7.573588156529836e-10
CTATTCCGGCCGTCGG-1,0.08367875899724231,0.006618764254497317,0.29926804424875814,0.02062431299617444,0.20784030995770347,0.04164736634980866,0.2403224431925194,4.908165382907004e-12
CTATTCCTTACCTAGG-1,0.10654477845371116,2.093098005662431e-11,0.24924881478754748,2.099164664700566e-11,0.1821762799691487,1.1146219512098837e-07,0.4999999988208127,1.0181005777341295e-10
CTATTCGTCTTACATA-1,0.09908593506820941,5.025322018335759e-12,0.30615083501330903,4.994930523573316e-12,0.13459460856895158,4.984859001111432e-12,0.4999999998649166,5.501448969846717e-12
CTATTCTGCAACGCAC-1,0.03401458427088478,5.146054167895214e-12,0.49375818969102736,5.064355459779703e-12,0.25110193341790055,0.11248693824523301,0.30863835427822767,8.264965020225622e-13
CTATTCTGTAGGACCT-1,0.11598003904706723,0.09866435002495245,0.5322728174818001,2.3239486785251903e-11,0.13747271903892794,0.01212998109456829,0.003480093308420494,2.2402314913936736e-11
CTCAATACGTTAACCG-1,0.3886892137552083,1.207480983483774e-11,0.5259765130954854,1.154982673664871e-11,0.1269276271118756,1.1966921982016814e-11,0.15840656998985406,1.4181531837199613e-12
CTCAATGACCATTAAG-1,0.4546032776570713,2.2314640261909876e-12,0.4653697600186128,2.1683225940058988e-12,0.040234419389005224,2.29728007896159e-12,0.23979254291429808,6.951717638738363e-13
CTCAATTGGCGATTCC-1,0.18733691997333377,4.737894909365743e-10,0.2948757187864086,4.4658505793211105e-10,0.2724313820310336,4.3828371449509595e-10,0.4453559774319767,5.211439332619049e-11
CTCACCAGGAATTGAC-1,4.701770531443298e-12,0.22563623091062515,0.42637001158125154,4.496003111718326e-12,0.17630820878416306,4.562553510344642e-12,0.07851898102640006,4.4960392273296325e-12
CTCACCAGTGTAAGTT-1,0.14462717982179207,5.226043454528471e-13,0.3840849030416539,0.013854665784050904,0.272495319652826,0.022034375757945843,0.062903555941128,3.6306836953893164e-13
CTCACCGAGGATCCGC-1,3.1803276583039756e-09,1.8299918883882499e-09,0.517226828782211,1.8299919330040163e-09,0.19959024245372883,0.1831829187944461,1.9764153972620924e-09,1.4510672946566722e-09
CTCACCGCCTGTGAGT-1,0.013196048659712294,0.025465630678006775,0.24159410177848747,3.910258185687439e-12,0.10958591082756929,0.01319604783523039,0.4969622602157282,1.7142008730073306e-12
CTCACCGTGACTCGGA-1,0.00660841165416204,1.2228000678147328e-12,0.1463895197656682,1.2281710625417458e-12,0.1737319272317613,1.2501305841538432e-12,0.5732701413451623,1.2062819340752569e-12
CTCACCTGAGACTAAG-1,0.15096808069932396,0.0038508286955271885,0.4261764126734443,6.567969064169796e-12,0.1412050106081289,4.749470333957373e-08,0.17779961981880665,6.376073294485639e-12
CTCACCTGCCGACTAA-1,0.13373086684606098,2.0541235436796604e-10,0.35229928905280355,0.06367363835998487,0.11837891547672778,2.231522661011909e-07,0.23191706684014501,1.912109036573105e-10
CTCACCTTAATAAGAT-1,9.85416981666828e-10,8.886194494625452e-10,0.3742946974363662,8.932787265021005e-10,0.13796122848175457,8.932787261393586e-10,0.49999998595692535,1.0979279606752029e-09
CTCACCTTATCTCCTT-1,0.07980672717994554,0.10539041929428745,0.41854282142226545,1.5143901019707328e-12,0.2420369814605192,0.054223033630865884,1.7011645994661264e-08,1.4729172072332935e-12
CTCACCTTCGGCGTCT-1,0.010322151591676194,1.5454398170502036e-13,0.47236300742367376,1.4909611692548455e-13,0.2242225859584309,1.523118528537045e-13,0.4930922550045739,1.3350372229430788e-13
CTCACCTTCTGAAGTA-1,0.08397907824534706,0.09869081460881979,0.3905507518587577,0.025132245309821537,0.17782405814001398,0.09869080432839167,0.02513224590430975,1.6430538566136482e-09
CTCACGAGTAGATGAG-1,0.44497390914278295,4.4429900427837655e-12,0.506858209809977,4.442990048759318e-12,0.06064914181275022,4.605459908443191e-12,0.18751873760458104,6.755683527272536e-13
CTCACGTATTCAAGCG-1,0.16521459224579957,8.879903748518016e-10,0.49421732778479394,0.049904110397827814,0.06036868031097217,9.424718472689227e-10,0.43029528536985406,2.0070404094438274e-10
CTCACGTGAACGTATT-1,0.0675463392017937,3.0736346266033834e-11,0.21432718508141754,6.817012190250002e-08,0.2579705822238314,0.018512161032862493,0.3416436642438919,2.988332120560727e-11
CTCACGTTCGGTCTGC-1,0.10608783070231216,1.0746541421591445e-12,0.5948777255528603,1.0863084242343187e-12,0.15129172765420265,0.0022377752717118384,0.0455049408167623,1.0357836456968557e-12
CTCAGAAGACAACTCG-1,0.11030484207952711,0.004380462353503483,0.40219231065479305,4.518671718820071e-12,0.09751244918513101,0.010265107365580135,0.27534482835629104,4.385296797040008e-12
CTCAGGATACGCGGCA-1,0.04287085625772153,4.785299954220198e-13,0.45020021947831385,4.714469728329211e-13,0.3049988534165186,4.749695802748174e-13,0.4019300708453105,9.553700667538036e-14
CTCAGGCACGTCAGAC-1,0.08412705863957029,6.883416296071125e-10,0.47367595252245,6.813006858432996e-10,0.17745804092126052,7.394715985060479e-10,0.4647389443017931,1.0265159259014166e-10
CTCAGGTCACTACAGC-1,0.2141299129573885,5.227061165919971e-10,0.4275215409019605,5.168311575046115e-10,0.152843654352417,5.05940900164345e-10,0.40550489002342444,5.882285427800741e-11
CTCAGGTCGTGCTCGC-1,7.627218302916971e-11,7.67246889528023e-11,0.18400110801999534,7.67246889454834e-11,0.0853794510023617,0.23263897619709814,0.4999999997171163,8.110101409000427e-11
CTCATAATAGCACCGT-1,0.022465779882699002,7.660639168536732e-11,0.34603607105883266,7.51427067616885e-11,0.18725655599771102,0.027541310356037074,0.31670028260823224,3.543072921768349e-11
CTCATAGCCAATGTCG-1,0.08423876868327786,3.925987333458459e-10,0.258096236200846,3.888651575824109e-10,0.30107834803454786,3.9259873274011146e-10,0.256586646026387,2.364150247357968e-10
CTCATATGATAACTAT-1,2.0196234947087688e-10,1.9449651962075993e-10,0.2586212035748964,1.9815037305348096e-10,0.07488255912698812,0.058266357333877576,0.5082298812842181,2.7949285303392097e-10
CTCATATGTAACCGTG-1,0.08171829647242253,9.580591751463792e-10,0.4649272033377717,9.580591732530488e-10,0.19920402347146934,1.1067224251439501e-09,0.45415047253636126,1.2304311552423392e-10
CTCATCCTCGGCAAGT-1,7.486814546155363e-11,7.412753011030452e-11,0.3067052112829144,7.30604700895704e-11,0.1607156517221171,0.03929749845935283,0.46593750415344914,2.6771483995689453e-10
CTCATCCTGGCAAGTC-1,0.17326542809376602,1.3775216182842853e-11,0.6077302045437691,1.3775216152156107e-11,0.10336032662731155,1.3534884758573483e-11,0.015644040699751956,1.273543342459661e-11
CTCCAAGCGTCCTTCA-1,0.042004930755928926,2.7775054030674775e-08,0.3205007700478142,2.4823151892343666e-12,0.15587012108001272,2.532316430812836e-12,0.38162415033930913,2.4580131972392207e-12
CTCCACGCTAGCTAGA-1,0.17229463377128965,7.685277108612075e-10,0.48435431101024284,6.482047946732805e-10,0.09319120876745324,7.031944638315282e-10,0.4501598429900007,1.264023554302842e-10
CTCCACTGGCTAATGG-1,0.10304338271780877,0.05400921534087527,0.5623396345251792,2.5058477687365926e-13,0.08459488766301183,0.10304338106927816,0.2501606354847762,2.522154248496479e-13
CTCCAGTGGTTCTAGG-1,0.057781139951551284,0.021001834693503953,0.6057807020290102,1.6462377544008548e-11,0.21543632326429218,1.6686139423143722e-11,1.624496922704847e-11,1.536068086129847e-11
CTCCATGGCGACCAGT-1,0.11637854008115674,9.158387085480046e-12,0.4138225046022887,9.079695541278992e-12,0.08179340751634237,3.219465554769836e-08,0.28800551559127086,8.92754898531195e-12
CTCCGGATCCTCGCTC-1,0.045478964925473736,3.7581442304405734e-10,0.33091548971414647,3.2359130138199435e-10,0.4240841398715836,3.235913011978176e-10,0.3995214041127944,5.834332923011258e-11
CTCCGGCCTACAGCTT-1,0.36867860256646096,5.403477786442135e-10,0.43742194387687555,6.046944511845132e-10,0.11349117166610363,5.425837220594064e-10,0.28040827990890366,6.772137108303456e-11
CTCCTACATTGTATCT-1,0.21495649778007242,5.438022350010371e-10,0.42899145530772964,5.380418762593603e-10,0.1556101060821776,5.438022359345733e-10,0.40044193895675645,6.203762625900363e-11
CTCCTACCTCGTGGTA-1,0.2498997586559472,7.565407936572293e-10,0.48092349558481384,7.351529370945543e-10,0.21927701726563317,1.0185844459312323e-09,0.2498997249263882,8.353939001691406e-11
CTCCTGTCGAAGCCAA-1,1.054664369946567e-12,1.0634344033435539e-12,0.2619915945420246,1.0489061360104525e-12,0.32529934493930523,1.0634344019913204e-12,0.4999999999807959,1.315665833707869e-12
CTCCTTATCTTAAGAC-1,0.3041085482763896,5.965447730913638e-12,0.5103179216301845,5.939908331277983e-12,6.0968734619023665e-12,5.965447724364022e-12,0.1030434189734455,5.8401293653796024e-12
CTCCTTATGGAACCTT-1,9.402218125488742e-12,9.3452720487659e-12,0.3491584037222508,8.909151024870432e-12,0.14814160879780797,0.029715653931308164,0.37298433352059235,5.4641060602417335e-12
CTCCTTGAATTGGCTA-1,0.1723913435001888,5.345471687408173e-10,0.47201512151322816,5.384762357463761e-10,0.12518313199105843,5.777324846799295e-10,0.43041040094228167,7.540519921000526e-11
CTCGACAGCACTCGGA-1,0.12001568887916449,2.1287557903138014e-12,0.48911380130921084,0.017666218768654963,0.2363392778285256,2.1287557833993986e-12,0.03686501320947869,7.689558086036728e-13
CTCGACTCCTAATGGA-1,0.171702999119163,1.2548976528424225e-12,0.5044945343030833,1.2409280859362136e-12,0.003764070622107594,1.2691853209817762e-12,0.35559956002679416,1.2299743920911096e-12
CTCGATGCGGTGTTAA-1,0.06296422251397582,9.86266202177042e-09,0.3064843113858796,8.725418027432963e-09,0.29866716533770965,9.622144244400926e-09,0.23188426861161676,4.3113219019486255e-09
CTCGATGTTGAACGGC-1,0.20590639908455946,5.9301543656884e-10,0.42040726065437656,5.802339496625502e-10,0.1537783255601877,6.291365923035269e-10,0.41990801261753874,6.77154412219201e-11
CTCGATGTTGCTATGT-1,0.09704681286879693,0.03676069718057822,0.38728519597319583,7.005882618811593e-07,0.29449852233107743,0.03676069667367573,0.04764737433358577,6.045469337147706e-11
CTCGCATACTCAACTC-1,0.08268313046504773,7.734440116620743e-12,0.5013662231549418,7.698728433947143e-12,0.15347946821855632,2.4078958055468396e-08,0.4624711539992133,7.022102842449104e-12
CTCGCTAGCACCATCT-1,0.09078851782677176,2.276576287181397e-12,0.5726771101870775,2.291011416976675e-12,0.2939387151477441,2.2765762794828272e-12,0.1520775695915298,2.954549186606501e-12
CTCGCTGTTCATAGAT-1,0.10209270485813741,0.06531338822613025,0.4335814425265332,0.09289788199296448,0.14999592523837663,0.056118563165807545,9.399711994519274e-08,2.932857265597849e-11
CTCGGAATTCTTGATA-1,0.11709261591652449,0.03232620439908158,0.31451305655679906,0.03639953812278266,0.16968496060984944,0.06793881335997724,0.13131454646266622,0.03073026457366688
CTCGGACTAACGTGGC-1,0.11427270280591142,0.07906896347432323,0.3288582262304727,0.050069546264463666,0.1619096301127663,0.04558535779246847,0.0890676087989191,0.031167964520824928
CTCGGAGCGAATCATG-1,0.1358055003395802,0.12850962509293096,0.41223165052178024,0.0076904782096685045,0.13731264925467584,0.056739358198861264,0.02171073837176197,1.1976761016835172e-11
CTCGGAGTCTTAAGGA-1,0.05106682616316168,2.566754489350184e-11,0.45456883020957173,2.551003973672663e-11,0.17032627132963093,0.009874010624666143,0.4999999616374383,2.642211691501329e-11
CTCGGATCGGAATACG-1,0.09211741699171432,4.085092376710338e-08,0.24050418470007154,7.736163828228015e-11,0.2375683884510188,0.0033472568152194547,0.32646271206421407,7.281512767561274e-11
CTCGTCGCGATTAATT-1,0.12783196974288166,0.010138179088288634,0.3333150778112207,1.228274042224188e-12,0.38915314757608654,1.2282740348610397e-12,0.03956162577856707,1.1765894908234926e-12
CTCGTTCTGTCACGTT-1,0.029484814777887208,1.587340556017006e-11,0.27596771109077417,1.6043968711114862e-11,0.22642171816027945,1.6395930323025538e-11,0.5000000001934861,6.855006503507816e-11
CTGAAGCGTGGTGAAG-1,0.1680989212745278,2.0882941948582814e-10,0.46346305643246705,1.9367936094787882e-10,0.4003391098498999,1.8667250370961068e-10,0.1680989117320241,2.6433983028198443e-11
CTGAAGGAGCCTCACT-1,7.488872990223662e-10,7.429912594884797e-10,0.3538053579283869,7.257055036696311e-10,0.5461946381700893,7.888593635299041e-10,8.553753332968508e-10,6.588729645182617e-10
CTGAAGGATCTGTACG-1,0.055898975666048546,1.5306696521484568e-13,0.4439865741071347,1.537614087590421e-13,0.11361474439082007,0.00992483556985669,0.2765748702661038,1.4914005256486124e-13
CTGAAGGTGCTCGAGG-1,0.11745706612865198,1.7056976145231856e-10,0.29620160902004566,1.665131266047021e-10,0.26663881714874155,0.010929762733592741,0.20877274463443884,1.4461157949102376e-10
CTGAAGTGCTATGGCG-1,0.006558843018146729,0.04333814392642142,0.385005008965477,1.6174489054372398e-12,0.04853437842538951,0.26401401635555954,0.4525496092985266,1.5749679556452824e-12
CTGAAGTGCTGAACTG-1,0.05833444172084852,0.08861118520375333,0.5810510270025991,0.14054357269582818,0.2304809754981302,0.006402064947378014,0.05400920169689877,1.9903278013049752e-11
CTGAAGTTGCAGACAT-1,0.044731884356470096,1.3550748973344008e-10,0.42729133918091494,0.0447318966280921,0.33851298746447567,0.04473189209066147,1.3550748973344008e-10,4.879433553036688e-11
CTGAATTCGCGTAAGG-1,0.10385882011029025,0.011910693440324437,0.253705520563547,3.4137363483395486e-10,0.026629435986609395,3.4529293926805354e-10,0.503895546557585,3.6304331647084376e-10
CTGACCGCCAATTAGG-1,0.05499059049763553,0.31581885230861984,0.2724426276275235,1.1160011272849592e-05,0.10997627622641645,0.018211277511461822,0.12854921573577607,1.616103059978584e-10
CTGACGTATCCGCCAC-1,0.029484760201950837,1.204504031731807e-12,0.5994189717109664,1.2099644867881844e-12,0.27797431301287634,1.2045040287198355e-12,0.2256361886435756,1.2997093653714585e-12
CTGACTCCGAATCTGC-1,0.09994154383312383,0.05172258011619186,0.34818746270466816,0.00487802799211984,0.20059864184253098,0.0316238518682525,0.16304789150879065,1.4484096973152702e-10
CTGACTCGAATTCGTG-1,0.04884079438649191,2.3616465558276435e-12,0.17312257923637614,2.399800153275172e-12,0.3559696728387879,2.2520307055426833e-12,0.32206695352891346,2.815545753456179e-12
CTGACTGATTAGGCTG-1,0.021608369639754064,6.076697185799028e-12,0.2425435296220868,6.07669719101771e-12,0.07956604462950637,6.745455324619919e-12,0.556282056086026,6.190102102580194e-12
CTGACTGGTCTACCTT-1,0.1287903701991182,0.09651650140640956,0.3174063072185638,0.0144937947752597,0.21387016593528813,0.07722649055718038,0.051696312419878224,5.754490780498394e-08
CTGACTGTGGCCGGTT-1,0.3817400424625142,0.06973708066783324,0.22793259385156459,0.048225931796745364,0.08025343165576597,0.029178002520022037,0.038040073988219264,0.024892843061650485
CTGATGCCAATGCTTC-1,0.11433258241149882,3.830241393912775e-08,0.6011383898071232,6.561377967761135e-12,0.18452898946576837,6.643211619642717e-12,6.561377949199202e-12,6.403643254214537e-12
CTGATTAACGCAAGAA-1,0.11468035390443997,3.3401775469981897e-09,0.4995517769782502,3.117597890427513e-09,0.4894771100233301,0.09629070679667007,3.263191789164105e-09,3.691698626342345e-10
CTGATTACAATGTCCA-1,0.048752552791134746,0.07471876124372773,0.39187559507398045,1.2549443561173497e-10,0.2179146005059554,0.08336924531141011,0.08336924479453596,1.5492074766459197e-10
CTGATTAGGTGCCGAA-1,0.09636886496351962,4.491715882488618e-10,0.4382851724984194,5.035344835028633e-10,0.2455791131833841,4.673949398818137e-10,0.4197668475826274,6.233755741120251e-11
CTGATTATCAATAGAC-1,0.10883693887764954,0.028584483283181014,0.25544220640682674,0.0152115908508555,0.3277574355027985,0.055330399970352176,0.10883694500719944,1.1571482277772934e-10
CTGCATAATGGACCGC-1,0.2511463080053666,7.657293281056151e-11,0.2703594208429929,7.630048933850051e-11,0.021318390878794766,7.67099034322501e-11,0.5000000018166224,7.566093012125882e-11
CTGCATTGAGCACGGA-1,0.04791445936932969,0.06630412034140558,0.34427450827579076,7.929541824527674e-11,0.31809351170468897,0.04791445676197919,0.07549894344076108,2.7018690500772177e-11
CTGCATTGAGGAGCCG-1,0.06395199100193374,0.06395198868607495,0.5111494069662981,5.047246597244438e-10,0.21800293390296827,0.04294367983606453,4.986302717537306e-10,4.907807659502389e-10
CTGCCACGTGTTAATA-1,0.08021967615198675,0.10431560887238925,0.3319572046948832,0.05619882352042429,0.17592654448402936,0.03252444722515163,0.10431560767831934,0.014542087390134968
CTGCCGATTGCGATGT-1,0.0205694523993596,0.007196509432337815,0.5085355580594784,8.276586602330927e-14,0.3019378173452561,8.589222725621855e-14,0.10080720762243105,8.939323602647683e-14
CTGCCGTGAAGTCGCA-1,0.02248198133637244,9.098887417694864e-12,0.34736430275920377,8.9532885565041e-12,0.26451869296594316,0.01196315352176421,0.3061975979647327,8.761242440557955e-12
CTGCCTCCAACACCAG-1,0.2207769908717491,9.335275361920041e-10,0.44205645137264415,1.0098699266525438e-09,0.10655139272503845,1.093158959926808e-09,0.43061516143870543,1.0350302964700932e-10
CTGCCTGACACGGATT-1,2.798817437849977e-12,2.7094796839814824e-12,0.38281601246135644,2.592325227365486e-12,0.038273627002684156,2.576309207283152e-12,0.4789103605281285,3.0736923960326295e-12
CTGCGGCATGTAAGTA-1,0.039297495360957946,4.455686498699061e-11,0.5042928004631938,4.4178646798455476e-11,0.1051865717715664,0.03929748915019276,0.2746850824631597,4.5596667228528236e-11
CTGCTCATTAGAGTGC-1,0.3729088621617875,2.4224361087009426e-10,0.3994452440694806,2.412025471692816e-10,0.05473703073098439,2.4540929043038024e-10,0.3729088621617875,3.8413089280110904e-11
CTGGAACAATAGACAG-1,0.028506076646365057,0.05792953961431835,0.4646016886395864,5.7041569575221875e-12,0.21860100922112477,5.7041569480054745e-12,0.43036168585983287,1.0113020874082467e-12
CTGGAAGGCAACCGGA-1,0.16452807556201413,7.381291698350635e-10,0.322129396869973,7.352803834094863e-10,0.2572967771337277,7.573083726816758e-10,0.4560457473929643,8.60656602974558e-11
CTGGAAGTCTAAGCTC-1,0.03325102814793113,4.1141854187773134e-10,0.24423262385812833,4.066020014892928e-10,0.17469671169518944,4.1894531162689974e-10,0.4999999988774495,6.133922749919193e-10
CTGGAATAGTGCAAGT-1,0.13271112986286493,1.856449739808768e-10,0.25333336251386135,1.8798308177522687e-10,0.2651100167197567,1.9158007857719953e-10,0.24884549022225505,1.193873469521632e-10
CTGGAATGGATAGTTC-1,5.002259186039558e-10,5.489853072458084e-10,0.4684424311572771,5.002259274284509e-10,0.3415511904122165,0.047885958384934986,0.3421204178572736,7.48140732887508e-11
CTGGAATGGATCAGCA-1,0.1275679045376188,0.12756793503361677,0.51329494691345,3.078410663208376e-11,0.11550502055866275,0.03394250254976015,3.0784106610524123e-11,3.0166546335034276e-11
CTGGAATGTCCGGCCT-1,0.14064049001096965,0.02594987847965395,0.3468188645941144,0.0014256990273161462,0.232126937143241,0.03824223869639621,0.11479589200535543,4.609689250330711e-11
CTGGAATTCGGCGAAC-1,0.03689196812268305,3.9923366325294095e-13,0.2419759315389293,3.834175372532435e-13,0.0979456156852274,4.02015497336708e-13,0.523186484653358,3.8498720889843377e-13
CTGGCACTTCTGCGTC-1,0.04906337584582287,4.441310545631315e-05,0.3517238234343656,7.005494484680934e-11,0.18118863415642647,0.009841915984647264,0.3081378373631634,6.865309664317619e-11
CTGGCCTTACCACTTA-1,0.11423908410526891,4.804605913946031e-13,0.10996618825225746,4.71638161961526e-13,0.16671249518412257,4.735690572680255e-13,0.5090822382237694,4.699513403815426e-13
CTGGCCTTGCATTCGG-1,0.10654477949599613,4.887218332828222e-12,0.5118314869742888,4.708950885848143e-12,0.10636752402808843,4.752511920346345e-12,0.31671650046175787,5.2765288584409755e-12
CTGGCGCACTTACTGA-1,0.11985463653782691,0.11285187165952669,0.3180245095973645,0.014768861690356818,0.15775562124563355,0.1409526573323218,0.03579184183820826,1.1552907043658438e-10
CTGGCGCATATCCGTG-1,0.07002776870831083,7.89706891640655e-12,0.40093850575561957,7.703077459449531e-12,0.3441471507399344,0.051638113690525185,0.033248461086378085,3.827408862944107e-12
CTGGCTGGACGCTTGG-1,0.2799513985039818,0.030984872223621406,0.43614555554355033,2.8886628581282236e-12,0.06081447065977591,2.991157864734583e-12,0.3921037030604871,5.69315992166726e-13
CTGGTAATTAATCTGG-1,0.009874036655346842,3.3791166666777685e-13,0.38913864988643526,3.379116666951255e-13,0.09152590673828598,0.1569912753091983,0.4999999998620103,5.188279100254812e-13
CTGGTACTCGAAGTGG-1,0.06872092986475818,0.24526165523562515,0.6027008374491545,3.430833629163672e-13,0.2287888699173553,3.4002588991763867e-13,3.340359840582301e-13,3.616261393244936e-13
CTGGTGATCCTGAAGG-1,0.037713371354043616,4.959982255656408e-09,0.2797181781054505,3.3428000741686083e-09,0.052427310147108754,0.03771336939853077,0.49242776169890656,9.997311932931826e-10
CTGGTGATCGCCGTAG-1,0.0022296336132317817,0.1621460666309649,0.4665642931501562,8.660100025600495e-13,0.22621786384775072,0.0022296295308684285,0.04061251322738489,8.589689124879652e-13
CTGGTGCGAGAAGCTT-1,5.133821088506841e-12,0.10405759454582163,0.4811800564942322,4.905198334738454e-12,0.6147623427124388,6.227197967797313e-09,4.905198334738454e-12,1.4988318027402674e-12
CTGGTGCGTTCACGAG-1,0.24579502219864646,6.293643906665726e-10,0.4469177848817047,5.596446519943785e-10,0.081430533401308,6.013669557059219e-10,0.4258566572451962,7.894562632804e-11
CTGGTGCTTATGACCA-1,0.15355679303243072,1.782571554873177e-07,0.36285592729240046,0.017393791456964253,0.25826357148281187,1.7930793529320703e-09,0.10792973599429445,7.501724680011008e-10
CTGGTGGCCAATAAGT-1,0.1275678232544379,0.004165895367842855,0.5723312017124859,5.170582088188084e-13,0.12281843679699442,0.06586685185100861,0.11332688142423027,4.964467936720188e-13
CTGGTGGCCTTCCGAC-1,0.001458927247966861,7.810315566002216e-14,0.20682244659024468,8.039890366505202e-14,0.3137249026172683,8.039890346055746e-14,0.5000000000000354,7.761091034111659e-14
CTGGTTGGACATCACC-1,0.08878035963155223,0.08878035321489698,0.5004705907145379,5.470542531911137e-10,0.19729072006223833,0.23589761656464844,0.08878035891827188,6.42347672006428e-11
CTGGTTGGCTTGTTAC-1,9.16502724107252e-12,0.06217421630547283,0.3617341282278864,9.065953270952352e-12,0.15999065142293015,9.165027254304101e-12,0.5000000000656908,4.0500310729371003e-11
CTGTATCGAAGTGGAT-1,0.08343257203831168,9.847944332597603e-11,0.347112827286705,9.89284788692793e-11,0.22648029476310988,1.1468391411528439e-08,0.4999999245089711,1.0202734918951964e-10
CTGTATCGGAAGCTCC-1,1.7391098159275002e-12,1.674701834127119e-12,0.21409130782953562,1.599754493748631e-12,0.0431990531460333,0.10994252572948045,0.5327671132916338,1.6229214440245197e-12
CTGTATCTTCGCCATA-1,0.10794240087838539,1.7376057309011917e-10,0.2897477744567782,1.716725243656303e-10,0.04639061445780635,1.7376057293834146e-10,0.4904472652462096,2.738533333601288e-10
CTGTATGGCTCAACAT-1,2.8667148348731176e-11,0.5184697307635291,0.2925598649760971,2.995625119455573e-11,0.02796298877725136,2.866714831896591e-11,0.06100741538739167,3.109327870455314e-11
CTGTCACTCGGCCTTA-1,0.39649184621942546,3.9477114855651713e-10,0.4351666298474727,3.8081567461849003e-10,0.10889422343654709,3.79839553819581e-10,0.25944729911968845,5.1064819844935475e-11
CTGTCAGATCGATGCG-1,0.03593104834285959,8.129588017330051e-12,0.48519220299508065,8.035309782393906e-12,0.13966245781004494,0.05966104458469769,0.4795532461996435,1.1141601882259119e-12
CTGTCAGGTGGATCGT-1,0.10082023130210947,0.08862361358035283,0.24514100101246536,0.054647869249862126,0.1896616906537628,0.06519504686770525,0.11316889142561483,0.04274165591893596
CTGTCTATCCACATCT-1,0.10301035633041751,2.1695288148161755e-11,0.46996856635011697,2.1310583468355798e-11,0.22401091213900448,2.131058344762996e-11,0.10301036092356872,2.110339760181864e-11
CTGTGCGTGAGCCGTC-1,0.05229742621079913,1.4319721524611e-09,0.2802596746910111,1.43197214329218e-09,0.22041851673366655,1.3122350872186758e-09,0.3470243782261767,5.881468969592184e-10
CTGTGGCTTGTCAGCT-1,0.3850230316420731,5.410951925780875e-13,0.5160606514431547,5.368681810972433e-13,0.027682448622680433,5.586171502286838e-13,0.05400920788700973,7.810634403802783e-13
CTGTGGTAAGCTAATA-1,0.08343264710357173,1.3909713965781538e-12,0.4467358282499916,1.3852205579150618e-12,0.39425775737057434,1.3909713955183287e-12,0.20112646303187182,1.6037247950805027e-12
CTGTTATGGCCAGCGG-1,0.06136970178598525,0.012320809571343001,0.3875405612864472,0.004155962689592778,0.3445777328477731,0.028665534846537367,0.061369696936361316,4.444501048376964e-11
CTGTTCCAGAAGCTGA-1,0.3247138959813579,5.131345990340806e-12,0.4059125192941948,5.0550456066510906e-12,0.05860923361861862,0.019166110272540695,0.3915982408059498,4.6825726186115595e-12
CTGTTCGTATGCACCA-1,0.06590756506369655,9.353231436506288e-10,0.44900016405805077,7.973002739206151e-10,0.24675253004012263,8.533893166232146e-10,0.4383397372744092,1.1087789664129525e-10
CTGTTCTGCTCAGGAC-1,0.13128678881953762,6.7517412419365186e-12,0.5443235360591525,6.3895088762405044e-12,0.2034408214710005,0.020948853636098053,6.704350359740568e-12,6.3330324873577156e-12
CTGTTGCTACTCACAG-1,0.04909548436380454,0.029484767481645344,0.5311682850212869,8.759251332745542e-11,0.36747524481835714,9.209428593835968e-05,8.948004024673542e-11,8.553082285714103e-11
CTGTTGGATCAACGCA-1,0.07171908058683331,1.027557214520731e-11,0.34323236014169733,1.0163550433066882e-11,0.21339707939193775,4.628606981726827e-08,0.27165143358133553,9.845453639421938e-12
CTTACGAACTCCGTCC-1,0.20573178422092733,1.3394951396923612e-09,0.44094817449479184,1.3009346764795728e-09,0.09774887701535473,3.5932528327633393e-09,0.4555711563340692,1.476993577976778e-10
CTTACGCAACTCAACG-1,0.1647233788888629,0.0028944214347435856,0.4668399217959829,5.0486753227349226e-14,0.21561827345237003,0.032317860025645385,0.017606144402459306,4.8751218220823185e-14
CTTACGCAGAGGCTCG-1,0.004060245979956555,3.807835942355362e-12,0.4816355222109672,3.771675548652765e-12,0.27651443857725105,0.13778979323778395,3.8261774738655984e-12,3.7538564407480574e-12
CTTACGCTACGTAAGC-1,0.034601936352461886,3.4036859600344885e-12,0.4969257611852454,3.4036859520211763e-12,0.18787957898908017,3.123789722673652e-12,0.48059272341021625,5.877679356169129e-13
CTTACGGTAAGCCGAA-1,0.3900785899195587,6.329446255584304e-12,0.399587115508478,6.310232935578942e-12,0.020255704610836638,6.339117103987332e-12,0.3900785899195587,6.165379802185015e-12
CTTACGTCATCCTTAT-1,0.06842487814518848,3.498051190701818e-13,0.5076147622258794,3.450825506572312e-13,0.12889536822013403,3.5465971764012e-13,0.49506488791189396,3.3976632431761696e-13
CTTAGCAAGGACAGCC-1,0.2655142365190153,6.807239025990554e-10,0.44002138366881266,6.856416372325792e-10,0.1145223301914886,7.190793430621245e-10,0.3799420471050642,8.480845894133248e-11
CTTAGCCTAATGGTAA-1,0.16156572028835064,7.36259059193707e-10,0.4957721362976465,6.689512244059989e-10,0.18204679062075926,7.204645643910344e-10,0.3606153488538451,8.082796890290319e-11
CTTAGCCTGTAAGACA-1,0.007259659949428959,0.007259675197409289,0.23804004353986755,2.509279442917559e-13,0.11965644407098465,2.619015390671813e-13,0.527784177242211,2.496596591020254e-13
CTTAGCGTAGCGTGCG-1,0.07243650526863926,0.028301328986759373,0.6241353847280717,1.210807774050694e-10,0.17512671486684406,3.298724264146698e-08,3.298725756241313e-08,8.756707411197967e-11
CTTAGCTACCATCTCA-1,0.07851894239275882,4.637506289425996e-10,0.5044945304984021,4.597773464239061e-10,0.09613509817545138,4.664359126804247e-10,0.409532752489438,5.225814208169792e-10
CTTAGCTACGCAAGGT-1,0.30410854752824373,8.850726298919492e-12,0.3872863946217427,8.793385158357122e-12,0.0693881765533377,8.870000421321334e-12,0.1643471573831881,8.754179043029791e-12
CTTAGCTTAGTTCTCG-1,0.1785034071089664,1.1488568733309343e-12,0.5097826561297867,1.148856872816428e-12,0.12069962633064475,1.069905307383969e-08,0.39101429964009576,1.123469844201609e-12
CTTAGTAAGCGTGGCA-1,0.029042717909889784,1.7416722182972167e-08,0.5321548911095157,6.365614443954983e-12,0.18715213171933398,6.506789299874931e-12,0.1516502418661101,6.370909706405446e-12
CTTAGTCTATCGAGAC-1,0.14094078539013635,2.562349932795674e-12,0.4580033501216026,2.5973202786577356e-12,2.7118511759568245e-12,2.5914190476986068e-12,0.4485482361108065,2.5221053968513518e-12
CTTAGTCTCGACAACT-1,0.15315151850639003,0.17233563451781606,0.5011032764652409,1.4545335470356112e-12,0.04936263776792334,9.073372405505182e-09,0.1467519407084542,1.4322040806529218e-12
CTTAGTCTGTGCATCC-1,0.09078851634505473,2.597585003846004e-11,0.40318283590747583,2.5685430696485923e-11,0.0657049611866937,2.5975850055539665e-11,0.49999999841052045,1.024660047454288e-10
CTTAGTCTTATTCGGA-1,0.31225328164431054,9.571403730500702e-10,0.32152335558683187,9.136069433502061e-10,0.08819350330713742,9.157512673524268e-10,0.47802985290719413,1.0745644821422259e-10
CTTAGTGCGACCTATT-1,0.059658503547829866,5.542500771493091e-12,0.33717097892392706,5.481441456444687e-12,0.2782275351054128,5.481441444970865e-12,0.49999998704019755,5.3748929907678926e-12
CTTAGTGCGTTGACGC-1,0.12756770444223486,1.3762508124786407e-10,0.5044944125752385,0.07239876601943948,0.18886492208270775,0.0723987515124053,0.2011263444444801,1.3508067928989733e-10
CTTAGTGGCTAAGACG-1,1.3819154262228951e-07,0.009541133240371627,0.4569065558321771,6.532494031756417e-11,0.20298889095037576,0.07390491409165612,0.1566583676099326,6.177271712411056e-11
CTTAGTGGTACACGAC-1,0.1485761801875082,7.903312494476879e-12,0.2775929755083618,7.790357008503778e-12,0.17437907009664047,7.859785274331333e-12,0.5000000000669957,1.8447150963648865e-11
CTTAGTTCACCGCCAG-1,0.09951188280583297,0.007563638189606369,0.42314461146108545,3.0060082302432874e-08,0.12785667330522565,0.08112222624860993,0.16080093792816846,1.909992947086907e-11
CTTAGTTGAATCACCT-1,4.3205938640974934e-12,3.956573467419819e-12,0.2694955138546061,4.013971756032035e-12,0.08702595522332765,4.3205938791654155e-12,0.5434785309040797,4.177332075323548e-12
CTTAGTTGCTCGTTGT-1,0.127569351953672,0.03174241391376667,0.43108644657556916,0.017030804247608715,0.1555275398477839,0.06116585651696205,0.07587758496078913,2.0092782069129214e-09
CTTATTCACTAGCTGG-1,0.19728904694820323,5.849807465557767e-11,0.38334321831554535,6.091023236836899e-11,0.32399562183703734,0.2953721126951151,5.968608478339992e-11,7.884836627028601e-12
CTTATTGAGTTCTGTA-1,0.028372468948631,0.014999511864316115,0.23399660881439877,2.5440214079155418e-08,0.14786808349587444,0.014999514819302036,0.45976378661799644,6.0897501480759275e-12
CTTCAAGTAACAGCTT-1,0.06611665885738638,8.585642018663756e-10,0.4089869569317028,8.534901544874988e-10,0.2758286721860267,9.684395567833867e-10,0.4490677080397529,1.162739281619451e-10
CTTCAAGTCGACCTTC-1,0.09930520280857962,2.015358061980619e-08,0.5549101523642737,9.604881183852489e-13,0.09810621271259568,0.0031052273847650153,0.14457318457637794,9.415249479608983e-13
CTTCATGCCTAGACGG-1,0.1071692504854388,0.033225812948141295,0.3581917341924404,0.01851411728580045,0.09271405244394586,0.13746374348216722,0.15272128830301746,8.640888523054381e-10
CTTCATTGGATACCAC-1,0.06981047765267179,0.031089231241257047,0.5243582083735685,7.670071129669e-11,0.1660892308818418,0.015612561351298354,0.09304029039300525,6.880040062693149e-11
CTTCCAATTGAAGATT-1,0.09885774587351058,9.532629925069429e-13,0.4370921613690814,0.0007747043346005614,0.36250069031214976,9.49152632685437e-13,0.0007746981091167411,9.29142082040186e-13
CTTCCGACGCACAACC-1,0.39404227030613737,1.8446881087475235e-10,0.40597876966824,1.8446881084280332e-10,0.08413433395166586,1.901582393580852e-10,0.3158446253764331,2.8664293867524794e-11
CTTCCGTCGCTGCATC-1,0.07404131310768548,0.035673140802291066,0.6158055704330601,0.13160831099072368,0.04287163254501106,3.167332660795844e-11,3.2084009846119837e-08,3.095340364702984e-11
CTTCCTGGTGTTGGAC-1,0.11164234126189021,9.537721632982543e-11,0.3876224394605002,9.502059244793875e-11,0.17491520094688534,1.0021322603947631e-10,0.22582004314245735,1.7706187168226623e-10
CTTCGACCAAGCCGAG-1,0.22563618740156963,4.54927546218523e-13,0.33664566510433247,4.519539426584047e-13,0.023054664901045067,4.579308898335968e-13,0.4999999999547509,5.405215650414566e-13
CTTCGACTCCAGACTG-1,0.11487053715091931,5.523943359762337e-09,0.2912408548850713,1.0900445619783323e-08,0.2396230733266759,0.06583635621750804,0.1884291601541588,1.8730882846059633e-09
CTTCGATAACATTGGT-1,0.04595339203954118,3.741300319977894e-13,0.41200273649351454,9.964490957094344e-09,0.0895347585109173,3.813437400998547e-13,0.3525091029909013,3.671841637270098e-13
CTTCGATACTCCGACC-1,0.3284217513201259,1.0527324975218847e-09,0.4821725227639141,1.0401003221929699e-09,0.08200702338312692,1.0672039273465077e-09,0.3073986952845534,1.2214244865542382e-10
CTTCGATATGTAGGAG-1,0.19145792208075343,1.9847818998080768e-09,0.553667924944486,2.1228627419259797e-09,0.08111002847431206,3.452774480944512e-09,0.07376411555565573,1.7577739012442788e-09
CTTCGCACCTGGCGGA-1,0.09282664824101856,0.14416293263707097,0.48679560706246316,0.06726576437205234,0.06707860419590005,0.04187010084836506,2.314363077744199e-07,1.1127731993363157e-07
CTTCGCCGCAACATTA-1,0.2746850917520269,9.119851176395608e-13,0.22827751456719322,8.94407383412225e-13,0.1243747062598614,9.17358662366706e-13,0.49830333798482557,1.0385267288283394e-12
CTTCGGCTCACTACCT-1,0.2678320722191637,0.013751938189031587,0.3253212194337222,3.022791905240634e-13,0.22879686811232453,0.0032477663388199795,0.061050135706483266,2.919075966060351e-13
CTTCGTATTAATACGG-1,0.07406125304109216,9.679638835663424e-12,0.4890852218825721,9.964654847198224e-12,0.12518128196004413,9.840519524106325e-12,0.49999996453535095,9.627291791228412e-12
CTTCGTCAAGACTCGT-1,0.12756778259716897,9.169042749244517e-11,0.35838589035323737,8.943745750376858e-11,0.14779431644480637,8.919250061730685e-11,0.4999999592843319,1.023648798662671e-10
CTTCTACTCAAGTCGT-1,0.03215713154011177,3.724913684781894e-11,0.13761744073821813,0.0006313940565776867,0.12312096599368222,3.685844532865397e-11,0.6064730675776464,3.573556930918015e-11
CTTCTGAGCCAGGAAC-1,2.943586713986717e-13,0.011746322888057777,0.23402215469570645,2.8636706235228933e-13,0.15401972015103502,0.1059013518099907,0.3943104504550173,2.4189130721506374e-13
CTTCTGTACGGACATC-1,1.2649284300157628e-05,5.761702737486639e-11,0.5213065961584896,0.014480328472091308,0.2331527654019981,5.651701535403337e-11,0.4310476603239586,5.545821888784798e-11
CTTGAACTTAGAGGAA-1,0.07715637414192517,4.049583645245409e-09,0.3240996780237463,4.181179121700334e-09,0.5097385972376933,1.1218843627305668e-08,0.28900523472076,4.662789647471822e-10
CTTGAGCCTTGTTCCA-1,0.06721774840408347,0.0010154341692531087,0.3191492742419476,1.3858678842639601e-11,0.4002491872157212,0.0010154290512306582,0.11135292690258286,1.3407098410943613e-11
CTTGAGTCCAAGGCTG-1,7.959234741835903e-11,7.735650247218886e-11,0.3155779224125474,7.104523017366505e-11,0.04965499955810063,7.30853284959411e-11,0.5347670776749773,5.6105759541604896e-11
CTTGATGCAATCACAA-1,0.18036819577156737,1.988912180860914e-11,0.21944438492392138,1.9658301070528658e-11,0.21882692053825634,2.0035703250713245e-11,0.4999999918154964,2.537193098881584e-11
CTTGCCGGAAGACGCA-1,0.00987402795910547,5.1596602286254276e-12,0.3190025771442615,5.091023656059337e-12,0.36498498944804303,5.113701963393975e-12,0.49999999059412314,4.99855170236276e-12
CTTGCGTAACAGCAGT-1,0.09401537588459409,0.04426460669020546,0.32085866759589676,0.05126739022218459,0.2869907758850036,0.03726182206470682,0.06534136036642474,1.2915440508610689e-09
CTTGGAACTCCACGCC-1,0.046338666556453106,4.456972366723532e-12,0.4029926153199696,4.319775937633391e-12,0.07053265520759869,0.23872389657255938,0.44141216633007274,5.56906636265731e-13
CTTGGACAGGTTAGAA-1,0.05146407301965771,9.077691487603662e-13,0.28862009493207996,9.1828855977967e-13,0.2560241168575436,9.275853216261353e-13,0.49999999989573435,1.2691808249947919e-12
CTTGGACATTACAGGA-1,0.11933479798829344,2.494565811114046e-10,0.3501210870142595,2.6583201283208254e-10,0.19078846691264076,0.03759645133804275,0.2021591961728862,5.903752889502463e-11
CTTGGAGGCCACCTGC-1,0.13284580678959768,0.06493649015037273,0.2958368597158479,6.52320345102287e-11,0.33308915176461307,0.01966852869217189,0.053623162799184936,3.003608485383415e-11
CTTGGTTAGAGTCATC-1,0.1834208511442512,4.1921440959951786e-10,0.43982002702099426,4.1216899493217037e-10,0.18737413747095774,4.156714099919709e-10,0.3893849828404257,4.457887020852561e-11
CTTGTAAGCGCTTCAT-1,0.3924704319821257,1.6107301949878764e-12,0.4080356166797617,1.5819454063104845e-12,0.007023519345535452,1.612457933980717e-12,0.3924704319821257,1.5703287901307368e-12
CTTGTATCGTATGATT-1,0.09814438852072954,0.01967205617495671,0.5046025762629651,4.79902129944248e-14,0.16157578071693426,0.058908206400448165,0.15699127808951666,6.00478713993542e-14
CTTGTCAAGGCGTCAA-1,0.14298342383611232,0.0066204592552344885,0.3937010706906262,1.5133188065465331e-12,0.17357169957286883,1.5286530920642826e-12,0.48312334662139045,1.493495315946308e-12
CTTGTCAGTTCGGTAA-1,3.0651005674129785e-12,0.01940407943784575,0.19766554516705473,3.077885182372999e-12,0.16624427955224202,3.09076689317099e-12,0.5166860958537168,3.0368668833240073e-12
GAACAAGGTCGAGCAA-1,0.272228711667804,5.5593025854552375e-11,0.37919666952769343,5.875436583552349e-11,0.31312519410846446,5.958757345007265e-11,0.2354494244981849,7.736960076923164e-12
GAACAGATAACCTTAA-1,0.4038149259518604,6.415543811429194e-10,0.4562265199856344,6.254013091900737e-10,0.09960562330945791,6.105957044888873e-10,0.2403529283243009,8.049856140776429e-11
GAACAGATCCGCTAGA-1,0.14177752023827986,1.5103515413337482e-09,0.45950261372657897,1.3447407207295083e-09,0.12206919528852522,1.4151864763784527e-09,0.4766506610752104,1.6042224934425675e-10
GAACATTCGACACGTA-1,0.2592640786568254,1.245490164678438e-10,0.39762630341206867,1.2254299338556314e-10,0.13870125864086097,1.2523080527151972e-10,0.1044084652216551,1.9340244940228645e-10
GAACCTTAGTTGATTA-1,0.0049603443217511,1.638206744967253e-12,0.5356749184763324,1.625842175285248e-12,0.20176336181308693,0.029484769649437827,0.28693996236019814,1.8330953741561426e-12
GAACGCCACGGTGGTT-1,0.0752873503057226,0.08808133077639058,0.30604500644520566,0.06255858469563887,0.16508846979906017,0.03746358959229609,0.1654756480559229,2.0331514437002307e-08
GAACGCCAGTGCATAC-1,0.051905437236207115,1.680951269862273e-12,0.35363922058877906,1.6656834147933128e-12,0.05461254566973531,1.674371814241261e-12,0.4999999999949253,1.967299841078868e-12
GAACGCTAGAAGGCTA-1,0.11666642067955986,7.71979247354431e-11,0.5043513615154567,7.637393191962124e-11,0.053179692817732195,7.874511103650187e-11,0.4435903707656174,9.254108195308678e-11
GAACTAACTCTACGTG-1,0.15601717848120247,8.383010973607767e-11,0.538211620048866,0.02620094085541786,0.17067009676462133,8.5343385598505e-11,0.00890016466182162,8.158997510052221e-11
GAACTACAAGTAGGAG-1,0.028273456182371582,0.08178001143032379,0.3567499495463561,2.2077430735060318e-11,0.1760405836285309,0.06839233132722496,0.18876366785867238,5.305359649131765e-12
GAACTACCTTATCATA-1,0.11145205964360608,5.558848329740379e-11,0.47783728064146347,5.5885028228369264e-11,0.1268262778423261,1.440071167460664e-07,0.48388423632999644,5.2201333532379076e-11
GAACTCATAGTGAGTG-1,0.10165245739971149,1.9891875212814355e-09,0.4977890824759751,1.858651611610696e-09,0.12139826473069255,2.0620219454697486e-09,0.47916017897184965,2.2491734953987879e-10
GAACTCCTCATACATA-1,0.22670119438739106,4.733430441583228e-10,0.3473186421584603,4.627184383945594e-10,0.17862766091967291,4.720768094770584e-10,0.4473525006590479,5.6944800878314324e-11
GAACTCCTGGAGGCTC-1,0.13994158557730335,1.5290118535089577e-11,0.5115280837682168,1.5290118574149045e-11,0.16338838721607504,1.5137674952950892e-11,0.3851419244734642,1.7381733829864692e-12
GAACTGTAACTCAGGC-1,0.3883053920401604,1.850457305816094e-11,0.49738610388561383,1.8832322621675354e-11,0.0731203741789599,1.4492220335178321e-08,0.24118811492728306,5.060211138882829e-12
GAACTTGGTGAGGATA-1,0.04474851032571338,1.543529337745331e-12,0.2891958296775871,1.578434374812412e-12,0.18140743048239236,1.5873580039689461e-12,0.38464822950931776,1.1021566990975418e-12
GAAGCGGCTGATCAGT-1,3.948900805314127e-13,0.3626682341963047,0.44769307569203337,4.2001248136071373e-13,0.02697045591354554,3.775709922622195e-13,0.3626682341963047,1.4644018904425213e-13
GAAGCGTCCATAGTTG-1,0.19021285608543684,2.888334766343298e-12,0.13648332481243416,2.8584124120424103e-12,0.06663730654966933,2.8823072319245006e-12,0.5066665465229059,2.811373334561521e-12
GAAGCTGCCTCGTGAG-1,0.028075698964584915,0.0740498371192578,0.5345175744907416,1.4090904970179414e-11,0.23528119440433598,0.028075695053559526,1.4593293797452212e-11,1.4148374689193396e-11
GAAGCTGTTCTACATC-1,0.12099518233872789,0.0007090487926524787,0.44888834511696757,0.04485179686294467,0.2095714007429325,0.04485179038050864,0.03013243575970913,6.115384667707478e-12
GAAGCTTGACGCTTAA-1,1.8460175385903837e-10,0.04037539426333623,0.3687979513488696,1.7239466518226228e-10,0.22123096742442327,1.8460175351352834e-10,0.26959568625270175,1.7503444882267232e-10
GAAGGATGGTATACGT-1,0.06189481393983748,0.033050593236868875,0.3158652994487019,0.09082243201652752,0.29576521079851115,0.033050591916929155,0.061894816888245635,0.007656241754459308
GAAGTAGCTGAGTCTA-1,1.6636809647253014e-09,1.6989915151150016e-09,0.2826514714875276,1.6294014905154493e-09,0.07726709424393587,1.6294014835759201e-09,0.5400814267510137,1.5379088431710932e-09
GAATAAGGAGAACTAA-1,0.11584124673611525,1.7586492963700057e-09,0.434036766435481,2.0324904204536607e-09,0.16885133988906365,2.1359103451015295e-09,0.48127063001289516,2.1542243341336652e-10
GAATACAGACGAACTG-1,0.1490629698374553,0.024234081225569335,0.4925183915174727,2.2849471868098243e-09,0.11632512970871883,3.1284592480210117e-09,0.11785942169668329,6.272552908778058e-10
GAATACCTGCCACGGC-1,0.05240972528045574,0.03606500100744191,0.4474596668309588,2.583847363779309e-12,0.19386724433105834,0.011540555903253445,0.15865780664428752,2.312065823117669e-12
GAATACTAAGGCGAAT-1,0.017229900979869688,1.4782998168536872e-12,0.516060651381009,1.48989597301608e-12,0.33633916504881234,1.5387078227436015e-12,0.07851895060852464,2.3293079321882192e-12
GAATCATAGTCTGAAG-1,0.059148846073168754,0.10000331443240207,0.48295103951851626,7.24199719843758e-12,0.08433497066934366,7.295995732620438e-12,0.17356191573785715,7.177815096475581e-12
GAATCATGAACCAGTG-1,0.03648752657209244,3.8689643782453633e-10,0.41140441229057256,3.849924772435722e-10,0.08245882949698255,3.927122371205835e-10,0.49999998319466266,5.670479853621554e-10
GAATCATTATGAGCTG-1,0.10997691204639524,0.0686845356076351,0.44164471480619516,5.673117036155518e-08,0.1894022393746116,0.06868453351853017,0.02160700787452708,5.190010410771505e-11
GAATGACACGACTAGG-1,0.08089896307582178,1.986690126660718e-11,0.5120482241832633,2.0043074181729377e-11,0.1592000284839149,0.015505432416750668,0.43234734481434794,1.8679193721122125e-11
GAATGACCACAATCGA-1,0.16258174332717815,1.1495481155984015e-12,0.4290505718429329,1.1277181582490228e-12,0.1613278870452311,1.1545080358085277e-12,0.29569344802340813,1.4438495575112437e-12
GAATGAGTATAGACCA-1,0.22147522917848464,2.7395047962725233e-09,0.5043497735788263,2.292189912497479e-09,0.3046173841043564,2.7395047391634445e-09,0.16955755949730375,2.5483365658523983e-10
GAATGGCCAAGGAGGC-1,0.00719650305436274,5.758092383758786e-14,0.5190752538969206,5.5476341298349545e-14,0.16145983519016344,5.570252800990759e-14,0.3950417184878085,5.4808447637453586e-14
GAATGTATTGGATCAA-1,0.03246028693678364,0.06398751853278326,0.5538946173146373,1.5369311100277339e-12,0.24870964928289288,0.0009479279387859813,1.497503846625258e-12,1.470560914860319e-12
GAATGTGCCTAGCAGA-1,4.1996067375814125e-09,0.13712431901415206,0.4950331133036581,2.0463928874367197e-09,0.09745712906295352,0.10442015636043653,0.36596521862274156,2.1596999383511267e-10
GAATTAACCTTCAATT-1,0.2800673634957868,0.10142291641494668,0.3890234114189682,2.436688233895301e-10,0.07122125774720535,2.466494986201184e-10,0.35826505031818545,3.30460112058149e-11
GAATTCACAACTGCAG-1,0.2869309075405033,0.061616009283149586,0.4608747501557944,0.10364742526929797,9.497130433317006e-11,9.116719049373366e-11,0.2869309075405033,8.84521261538668e-12
GACAACATCATGCCGC-1,0.04607311610215632,3.1279300124021613e-10,0.1885329295756749,0.2551410449169017,0.16898088095534988,0.016649708044225563,0.22462232001068175,9.351800239559373e-11
GACAACCTAGGAGTCT-1,0.16689972410895396,7.167361590702341e-10,0.48477689387962286,7.391655091555616e-10,0.08867020120179887,7.391655017843633e-10,0.45965317736966455,1.0500963911227874e-10
GACAACGGACTCAGCT-1,0.0884623409675619,2.885814646016005e-11,0.35336860511829965,2.8520327635406862e-11,0.2463197669505007,2.8986955775618e-11,0.2118495936580485,2.826281555698733e-11
GACAACGGCGATGTTA-1,0.10163097089930691,4.4563518280952755e-09,0.2545329100905262,6.6759304208017435e-09,0.19342814840810674,0.0525968037262998,0.2978111539088762,1.9044581833216554e-09
GACAACTTAACCAACC-1,0.15799192839324352,8.84782416504405e-12,0.5092842453861426,8.643819909439171e-12,0.038698150218080166,8.806240542874391e-12,0.19858159080259746,8.53879924104409e-12
GACAAGCCTCGTTAGT-1,0.19652169840771214,4.3512739875437966e-11,0.3125706239859623,4.214586269418068e-11,0.2457352463235884,4.298146056432462e-11,0.3298540728743033,4.156384089165826e-11
GACAAGCTGAATCTGG-1,0.29189123571579284,3.384448670689131e-12,0.4437505217966173,3.1156744404298438e-12,0.026830774623600725,3.3298750093576765e-12,0.43752746784039337,2.1836058095082277e-12
GACAATCTATTAGATT-1,0.12738237175666778,7.797890335216332e-11,0.5508049026801418,7.797890342819777e-11,0.22181280032718895,7.876872665381832e-11,8.040334110627325e-11,8.278271819059836e-11
GACAATGACAAGCTTA-1,0.06144106737741487,0.030334936309701886,0.27575567530154016,0.014858329347824198,0.1925621977279929,0.08529916342283309,0.23974861790491522,1.263543887840335e-08
GACAATTGTATGCTTC-1,0.00411270767245262,4.160027582307038e-12,0.28133344264340787,4.1600275927063525e-12,0.36769769650787776,4.1600275747945836e-12,0.24685615322535387,4.0027476777272754e-12
GACAGTCACTTCGCTC-1,0.33951984894368314,8.673600240462895e-13,0.49113729148365887,8.581775237675183e-13,0.05433272368672618,9.103980002627174e-13,0.31501013586546284,1.6549068481918955e-13
GACATCAGATTCTTAC-1,0.2470599510195137,4.3542898148350047e-10,0.4344716140699281,4.584234180021724e-10,0.11067803464892614,4.44963695104856e-10,0.40779039864883265,5.995516089095439e-11
GACATCCTTCATTATC-1,0.06003791163111974,0.07474965175888007,0.434070118809578,5.784349538575592e-12,0.19754578426164107,0.13359653350208647,2.8200552473262313e-11,3.0931008030244493e-12
GACATTATCTTAATCT-1,0.20137822153386586,4.84418849310037e-10,0.42654302432580127,4.911926142142512e-10,0.15312399156027812,5.27183694255273e-10,0.4189547608349045,5.619366273699026e-11
GACCACATTCTTGAAT-1,0.12331227036158453,1.3358370792172903e-13,0.18691578543629725,1.3250284829588447e-13,0.3932117323803615,0.004367976484977539,0.1921922353364548,1.300462992418063e-13
GACCACGGCGTACATA-1,0.0023487124206283973,0.055840537819779774,0.29079914339280083,0.12275090089400069,0.19473604823283416,0.042467575949321844,0.19105708128977114,1.2141734075384849e-12
GACCACTCCTGACGTT-1,0.15435659180320288,0.04127804079211491,0.33253840992468386,1.1295106689660615e-09,0.29793608302933966,0.023962340574297195,0.04992853245860786,2.902012288747072e-10
GACCACTTAGACAGGT-1,0.031910308117234575,1.6344777405630066e-10,0.12090240044991007,1.590427963499253e-10,0.19208041323430913,9.314515116230337e-08,0.5551067846877623,1.6231651279883496e-10
GACCGAATCTAATACG-1,3.0093468087187636e-13,2.9501998720861723e-13,0.25584761958366453,2.907900707750824e-13,0.25991670477997714,2.950199871032034e-13,0.4151085083671747,2.8142282898425864e-13
GACCGGCCATGTACCG-1,0.26453400215583756,1.8581214401416836e-11,0.5101418659674537,1.892393353492006e-11,0.05966264831261422,1.933946866932238e-11,0.20365687198295193,5.384818287035636e-11
GACCGTATTAGACCGG-1,0.10846393349536021,3.698562374215912e-11,0.46575526154958075,3.6985623419955726e-11,0.14942253297674754,3.776512206677625e-11,0.17635853779588415,3.5093795025117525e-11
GACCTGTCGATTGCAG-1,0.04651310672433052,0.06490276673241091,0.595369838692641,4.022938095806013e-11,0.1467011796109419,4.0229380796779764e-11,0.04651310814987433,9.454097770751007e-12
GACGAGAAGTTACAGA-1,0.058187525761205706,0.07934465783187848,0.32864277169212003,0.05378947885073391,0.10928488229860016,0.0674469383972938,0.14889429597710596,0.05440944919113254
GACGAGCTGCACTCGT-1,0.09197400359438877,2.7121136554715735e-12,0.2096969827420809,2.6866779314965473e-12,0.0918210066091501,2.7293083037587003e-12,0.5065080384777505,2.6398687613193077e-12
GACGAGTGCTGGAGAT-1,0.10654478126065503,0.40077928585639194,0.3620031407773139,3.808084108870406e-11,0.1273555986469884,3.69441317381518e-11,3.6225856837800344e-11,6.149436740666366e-11
GACGCAGCGTCAAGTT-1,0.02561875411408925,1.2681672399413842e-10,0.3858025714801553,1.2302395529742747e-10,0.12349599037021067,0.04522946259320699,0.3198532211809618,4.585185604860848e-11
GACGCCGAACTTCCGT-1,0.08760705762570271,6.658745540702891e-12,0.5471582459517628,0.0006611844487381377,0.2505250729223345,0.014048439035205477,6.697666461441435e-12,6.470975403877324e-12
GACGCCTCGTCAGAGG-1,0.08367655586020296,0.053663541647750376,0.26908659012332203,0.0006952301701869702,0.3357023479751552,0.018349284225029266,0.13882644999672417,1.8360055943707886e-12
GACGCTCACCAACCGG-1,0.08298787461451024,1.7152268261701933e-10,0.3881666805226041,0.01556410874227628,0.2289012084817936,0.05234335730980116,0.13203677010590884,6.99801290632905e-11
GACGGCTTAGGTGCGA-1,0.10272502660169688,0.3479253795887979,0.5068589657227711,4.6798398523278903e-11,0.16428164892929054,0.07820058720966222,4.679839843261743e-11,4.526298662124946e-11
GACGGTGGTTGATGTC-1,1.4449135626879303e-11,0.05400921500239479,0.446577748744313,1.3888913015225683e-11,0.0797914560178741,1.4164570954618715e-11,0.49999999950473323,2.095140853009663e-11
GACGTACAGGAACGCT-1,0.196212752320676,2.7392740332997738e-12,0.36920765096856156,2.701893511026368e-12,0.04664963504419938,2.7367675527590852e-12,0.49999999960604236,3.0861095250400033e-12
GACGTAGACTGCCGCA-1,0.031320632323003764,4.0039679162387314e-08,0.3366255495818921,0.031320637227908135,0.1827709557062621,0.03132063191076245,0.28664154480809234,8.409574712164123e-09
GACGTCTTATCTCAGC-1,0.04991058995987539,1.2748914989453249e-11,0.22610389974419026,1.3056853183908116e-11,0.020453107363521954,0.45176620141420587,0.45176620141420587,1.1295596943475815e-11
GACGTGGTGCTCCAGA-1,0.1670620194372743,1.0943460624766283e-09,0.3600535687112649,1.1171608482394074e-09,0.19425263788733715,1.159012562695906e-09,0.4786317670913478,1.1193594800108484e-10
GACGTTCGGTCTTACC-1,1.1225831970280681e-09,9.307781721794698e-10,0.38606718603650503,9.43848242377197e-10,0.12103479218564384,9.438482399882464e-10,0.4999999904811096,1.1616676792084603e-09
GACTACGAGTTCCATT-1,0.35751542918193674,5.966946839278763e-12,0.4107840702883732,5.7614185428807225e-12,0.03164024589093562,5.936857779373007e-12,0.10006025462011524,4.073443725586725e-12
GACTACGCCTATAGCC-1,0.013140121617966155,2.121506788188184e-11,0.3115173897624954,2.1215067920934692e-11,0.19412426529480378,0.02948477004375219,0.5000000000384255,2.424246053836648e-11
GACTAGATTAGCTAAC-1,0.08147992654649977,0.046863250238125674,0.22332531362130206,1.4884554779470318e-12,0.12920695403833024,0.012246556555094514,0.4068779989978022,1.7636279850577604e-12
GACTAGTAATCTTGCT-1,0.1944326331504036,1.3703962455887994e-12,0.5065436768801086,1.3928537739515856e-12,4.1040746744528734e-08,1.3871706354719309e-12,0.39504171841252544,1.3590811622323115e-12
GACTGACAGGAACCAG-1,0.043975807580383185,0.49999999999632727,0.34914740017370144,1.6304281587674829e-12,0.0643992693233177,1.6896087613354357e-12,1.6629265585047173e-12,1.9380420582731576e-12
GACTGCCATAGAATAC-1,0.05833444869713789,2.158511837024316e-13,0.5080432088955867,2.1123617942589977e-13,0.08535437347608815,0.1102521348326679,0.1794855305830392,2.0876693808574846e-13
GACTGCGGTCTGCGTG-1,0.38392092805058653,0.033105123110791446,0.5202278768474164,4.8820673767439315e-12,0.10516505014321663,4.882067370623622e-12,0.15758101969959917,7.589164320993775e-13
GACTTCATACCGCTGT-1,0.10861854043794136,1.7664678809695248e-11,0.39251289078835505,1.1199618107335987e-11,0.20729897430970481,7.715064852865134e-12,0.4915695942694555,6.916417818276795e-13
GACTTGAACGTCCGTA-1,0.09039526717862777,0.07307957038043707,0.37844893888850983,6.052125509872816e-11,0.2119023673857562,0.0557785844058903,0.09039527169783933,3.2907121824452756e-12
GACTTGAAGCCATAGC-1,0.01196327606291762,2.48712988852784e-10,0.5040472047668648,2.416258472210144e-10,0.18217625358213388,2.471020192668115e-10,0.4999999720305505,2.401043059680545e-10
GAGCACCATTCGCTGT-1,0.029484760598481513,9.495541775074746e-14,0.27115808696470384,9.425128024706094e-14,0.13732060342186775,9.543931759324532e-14,0.49999999999857475,3.373144717212601e-13
GAGCAGACTAGTGGTA-1,0.07406128833924269,1.0476459092313308e-11,0.5258476254508462,1.0105467749899123e-11,0.16277418118343454,1.020901688313205e-11,0.26129742054238064,1.0948414725779618e-11
GAGCATCTCCAGTCTG-1,0.06141039911186205,1.265839599740882e-11,0.2865631507413898,1.2165783582061584e-11,0.18355071890738192,1.3352924174328436e-11,0.36847573119669674,4.862891011833974e-12
GAGCCAAGCGATCGTA-1,0.003604661812418656,0.14207054638919994,0.3446608660595101,2.1498940962472838e-11,0.22111269832084454,2.2100731288436686e-11,0.4885512269862228,2.1181846304947698e-11
GAGCCAGCTTACGGTA-1,0.17542009753392282,6.278295370671554e-10,0.46495784306179067,5.931495310521456e-10,0.12073952224075449,5.961682276316489e-10,0.4388825348484764,8.283664905795033e-11
GAGCCTCACGTATGTA-1,0.15208414825381428,1.3045842064488621e-08,0.485348306386767,2.75026490226867e-13,0.13382185571401206,0.01628020684530928,0.11246546975451634,2.6693992755697646e-13
GAGCCTCCAGTACCGA-1,0.05400922474171441,0.09078854668198856,0.2831571109195622,9.899827710736714e-12,0.025189542045766046,9.867008268272785e-12,0.5000000120379209,9.748780371350573e-12
GAGCGAATCGGTAGAA-1,0.059028000960247566,0.10316317576204136,0.2666223893465055,1.7697982987471372e-07,0.2648599045149783,0.10316317258194058,0.10316317981580221,1.463635211787372e-10
GAGCGATACTCCAGGC-1,0.07367584340599634,5.963281586083615e-10,0.487114333827748,5.834759014967706e-10,0.33920982043594544,6.007095945755944e-10,5.877120182020424e-10,6.365302471446231e-10
GAGCGGTGTTATCAAC-1,0.04522611382841949,1.1509305339178669e-10,0.22500998339331504,1.1745083127337468e-10,0.03536916213828857,1.0834323094860553e-10,0.5943947402370666,6.800379063534492e-11
GAGCTAACCTACTTAC-1,0.009874035151192409,1.0624247308709376e-11,0.5193907932551285,1.0670662698154765e-11,0.1036293438801295,0.024585749106955823,0.49999999804259326,1.0550024012990037e-11
GAGCTAAGGTTGCGTT-1,0.0190676877659325,0.27003498200514825,0.31763323249152503,1.3032449625185709e-11,0.10656472288598158,1.3477504614562569e-11,0.48669937406443187,1.1595636477839989e-11
GAGCTACAAGATCAAG-1,0.099651670121004,0.04834491046516719,0.31006036603335935,0.007081545726116481,0.1644162767080493,0.015246535987060536,0.2551986947894487,1.7076135549084926e-10
GAGCTACAGCTCGGTA-1,0.11025212391304666,3.4016576374610806e-11,0.5200081354706544,3.3831388685097015e-11,0.12806779970430662,3.392373459947213e-11,0.25736938425439576,3.5498220104800126e-11
GAGCTGCGGTGGTAAT-1,2.8338077014493965e-10,2.62994291677263e-10,0.29981943899321306,2.5434555895021694e-10,0.07563940003705814,2.629942911199153e-10,0.5245411600738348,2.875989095550761e-10
GAGCTTGATGGAAGCT-1,5.37642858146637e-13,5.184229117196042e-13,0.23645368696312702,5.230756629887375e-13,0.27151203511445327,5.254388963151923e-13,0.42180235709343145,5.08455556768627e-13
GAGGAAGCCGATGTGA-1,0.11584137937069675,0.13423104961482615,0.5140032309213465,5.727118411621074e-10,0.07637838678732754,5.122350258002567e-10,0.3595459519230601,8.501025202679224e-11
GAGGAAGGCAACGGCG-1,1.7382667589813553e-09,6.024354760660642e-09,0.4983041011673327,1.4612117596035962e-09,0.3808084052401781,1.873754946284048e-09,0.3208874763752017,1.9110043900036524e-10
GAGGACAGATCGCCTA-1,0.040201753449432984,0.061210103271344865,0.30091634749251117,0.0051734780789729155,0.38925682018072544,6.168010423768244e-11,0.10324149745870524,6.06047652147485e-11
GAGGACAGTGATCGGC-1,0.058877073613544315,2.8360559262937516e-11,0.17708559094499565,2.672606470065421e-11,0.07700949363441849,2.672606446201922e-11,0.5870278417150073,1.2143565872646988e-11
GAGGACGAGTCCTAGT-1,3.283621586733855e-08,0.13945474180850212,0.5725377053405458,0.0630238365146495,0.12498360814920866,3.283621586733855e-08,3.283621586733855e-08,9.699342523425316e-09
GAGGATACCAGGTACG-1,0.02385606914989665,1.0788632617132476e-11,0.2380581543711996,1.0712516864482464e-11,0.06789722781844978,1.0944185120333992e-11,0.5701885486199185,9.771466198551072e-12
GAGGATCCAGAACTGG-1,0.48467881622517905,1.537258244538576e-08,0.5326779665990873,8.548092143192529e-11,0.01522757972230375,8.517496403993418e-11,0.16741561620711062,7.580377728634215e-11
GAGGATGATAGGAAGG-1,0.15570665741884712,0.03158385223831511,0.5674259293095227,5.941343246280918e-12,0.14528356101160614,5.902793815598847e-12,5.902793799018011e-12,5.148012147550868e-12
GAGGCCACAAGGTGCA-1,0.28448305051677625,0.0785189265602968,0.5230216045433693,1.4032514003954785e-10,0.11900274804672543,1.4405269038395235e-10,0.09814436304628042,1.609754180428533e-10
GAGGCCAGCAGAGGTT-1,5.476932345774243e-12,5.5909762848158865e-12,0.46566674564722504,5.59097628540153e-12,0.5030049648271353,5.5159948820132765e-12,5.590976289979975e-12,5.86402276273231e-12
GAGGCCATGGCTCGGA-1,0.08594776340837058,3.578150166425029e-11,0.45943023272971206,3.3447679981497756e-11,0.33405312671412624,0.02056887703185926,3.420029502695194e-11,1.8764721050642608e-11
GAGGCGCTCCATTCCT-1,0.28956843981395497,1.4209628704631026e-13,0.45440378602606485,1.3904405378150272e-13,0.013055312408471641,1.3948757059317394e-13,0.44297246175037935,1.3406768316640555e-13
GAGGTAACATTCGATC-1,0.2350664105891031,3.859587851807295e-11,0.5137038385420122,3.8475312654279535e-11,0.2258664040885722,0.04268117961760835,0.03703187408845193,6.273868008023326e-11
GAGGTAACTAGACAGT-1,0.1275677263171523,2.495222203827052e-10,0.5126394432986541,2.524141344119402e-10,0.5014799240390564,0.009873936773526892,2.5148459489914015e-10,3.6601592154986967e-10
GAGGTAACTGCGAGAC-1,0.10669809588114047,0.028240486720568846,0.4860314018202889,3.406981011131809e-12,0.10969775538906357,3.428549566555095e-12,0.46933226016313095,6.255200640265977e-13
GAGGTATTAATAGCGG-1,0.11371921387234113,1.1433701300973434e-09,0.48924337140359725,1.143370138210225e-09,0.1403094778307261,1.0622923028425354e-09,0.4567279321819269,1.2914023644955724e-10
GAGGTCACTGTAAGCT-1,0.0883749646869374,5.815967262481253e-12,0.4483820114334253,5.8944521060610236e-12,0.21626977623428714,6.056045384923471e-12,0.44697324527361165,6.516663912773269e-13
GAGGTGAGATCATTGG-1,3.325788432225016e-10,3.3257884453926725e-10,0.38838851307091093,3.3257884591495464e-10,0.3009752834450378,0.056276567129127535,0.15435963503760552,3.798898429845815e-10
GAGGTGCATTCGGATC-1,0.18417917694568642,5.545814336678538e-11,0.42420151781827153,5.564996345504138e-11,5.7136697429750955e-11,5.633229597899099e-11,0.2916777623820001,5.4610947054139633e-11
GAGGTGCCTCTTCGTG-1,0.3736917142998863,1.7675269069042742e-10,0.3863959947345944,1.7978716282642778e-10,0.06622057603139896,1.8353131799272814e-10,0.3736917142998863,2.5494787078420533e-11
GAGGTGGCTCGAGGTT-1,0.05746673685340683,8.3254629387497e-11,0.4641349717955272,8.591180808684846e-11,0.14706840118678652,8.201980510591795e-11,0.23132989113904093,7.803797952111368e-11
GAGGTGTAGCAACTCA-1,0.08552171225377667,0.0014589454915302778,0.5013238106045756,6.206695557706452e-13,0.5007528331711637,6.166276371355484e-13,6.206695537803452e-13,5.971907131724508e-13
GAGTAACGTGGCTTGA-1,0.08498339382232284,1.1914827247315929e-13,0.20502734180133345,1.1835457037547837e-13,0.09890695379536336,1.1835457021345437e-13,0.5110823112498741,1.3761400427853168e-13
GAGTAGACGCAGGCTC-1,0.05719500239866774,5.917980243410317e-11,0.4928017701845177,5.738423556577376e-11,0.21056319535115733,1.5344848927647506e-07,0.4394398782298199,5.1553968126927255e-11
GAGTAGATTATGGTTC-1,0.1871884085867169,5.317034307747542e-10,0.49227688185223806,5.127692137931096e-10,0.15944047009266446,0.06109423783493331,5.234505665045045e-10,4.907446153891549e-10
GAGTAGGATGGTAGTC-1,0.12168312340371704,6.682451422809732e-11,0.5025927095806895,6.59404121465811e-11,6.971423424980189e-11,6.850458486964541e-11,0.4999999727959698,8.631897835121167e-11
GAGTCACCGTCCTCCA-1,0.09467351473422209,2.91134045334026e-11,0.28219218387801975,2.879910835763466e-11,0.3204287523275825,0.004387771968578988,0.19831777702358214,2.813975406499651e-11
GAGTCACGTCCTTAGA-1,0.0020384513757980096,7.698250050254681e-13,0.18175310527913285,0.002038460461355468,0.14822296080491143,7.848012593925651e-13,0.5659470220777578,7.589611424801742e-13
GAGTCCACGCCTGAAG-1,0.052287935438401906,1.6660246917449201e-13,0.2388132507526531,1.650196375260229e-13,0.1892498365682699,1.673164572822571e-13,0.5000000000588007,1.6245639855394494e-13
GAGTCCACTCATAACA-1,0.0959229016862938,8.862051712986969e-12,0.2398061538541946,8.953800347024215e-12,0.3321321924099453,9.04757317205341e-12,0.2321387520218071,2.821694695330768e-12
GAGTCCTCTAGCGACA-1,0.09548016809900906,0.015432683606754576,0.28093190486193337,0.03275010801089056,0.2565662988815675,0.05037315807189921,0.16846561918980169,5.931673512829907e-08
GAGTCGAGCGTGCTTC-1,0.08539657368051076,1.382782221272938e-07,0.5043735819284914,1.572407379059213e-12,0.3102297061080071,1.5826307356822768e-12,1.5523661917080956e-12,1.513778336212652e-12
GAGTCTATTCCAGGAC-1,0.07035729697128923,0.07035729763568384,0.3574904667714562,0.06180327666239493,0.21911466574443383,0.05342211117070894,0.037935636828391524,0.02951924821581067
GAGTCTCGAGATAGTC-1,0.09032738676722839,0.002057038432899518,0.2783129281041549,1.8266261339698998e-13,0.37033034611712845,1.7840304625822292e-13,0.15897230057823739,1.7533546079524997e-13
GAGTCTGACTATAGAA-1,0.034870688356500826,9.539986976682848e-11,0.6301512147564318,9.539986968821323e-11,0.10219697369229357,0.10842931142771346,0.024351811522723945,5.667581431968523e-11
GAGTCTGGTGAATGAG-1,0.34305098470855894,2.0523933406411425e-11,0.5164528198515344,2.000213767037769e-11,0.12133258595072381,2.0417973165659156e-11,0.2191635439785127,2.3892233384644204e-12
GAGTGCAGCGTCATCG-1,0.3430860500941032,6.309936630865362e-10,0.4929309767144827,5.799232897666438e-10,0.19743761301250232,5.756414893488133e-10,0.1665453575036183,7.042819874046943e-11
GAGTGCCGCATTAGGC-1,0.16535988719521716,0.00353091541947833,0.25904234422433475,3.288328355757573e-13,0.31788778273753804,0.003530912777068636,0.15064815764615255,3.163081743385181e-13
GAGTGCGGATACAGTC-1,3.7674362586041384e-10,3.5592273223310446e-10,0.4635683599994014,3.648340561661694e-10,0.1441401461046692,0.17735349231815414,0.4149380002480087,4.866328242906534e-11
GAGTGGAGCAAGCGCA-1,0.1473511041320817,7.224984981691056e-08,0.648891805899322,0.1805849315166356,0.03309812878221923,1.4446332310120728e-11,0.19007395720337542,1.2134706566330399e-11
GAGTTAATCTCGTTAT-1,0.011963105501432602,0.05400921549361142,0.4211145202239615,3.8095012296287506e-13,0.1439735328427165,0.04349033029353609,0.3482437015539514,4.1300201172137173e-13
GAGTTAATTCCACTGG-1,0.1227463625040949,9.782150088414983e-11,0.271553927227964,9.253576640224674e-11,0.1060345252287674,9.512635540879996e-11,0.3996651861128156,1.8735140996871402e-10
GAGTTACTCAATGGAA-1,0.27631798779600203,9.010609027249353e-11,0.3886941098142396,8.712494261102589e-11,0.1968169587890943,8.829938461589645e-11,0.33817094329611763,1.1369076549149484e-11
GAGTTAGCAGTAGATG-1,0.0344893427482948,1.8391797730946025e-10,0.32853169960721396,1.8868201806706763e-10,0.13713718598382502,0.05711597112928074,0.34272580008828585,7.116402963482453e-11
GAGTTCTATCGTGCCT-1,0.1119835324143775,0.05437793931626394,0.222831401093053,0.041140872231332976,0.327370470728309,0.041140871759684845,0.07201852530122023,0.02913638715648982
GATAAGCACGTGCGTA-1,0.09954198608966815,1.2105080317097078e-12,0.3453970577231417,1.2138291293896546e-12,0.045523981219668455,1.2375744706182015e-12,0.4999999999847024,1.81799075028946e-12
GATAAGTTGGCGATTA-1,0.09486368001133602,2.2927527973917043e-12,0.21179764275523918,2.284292912826777e-12,0.12191509977865254,2.327178702396171e-12,0.5000000061907085,2.262372755985022e-12
GATAATCAGCTATTGT-1,0.05400922624251264,4.3262959022653915e-11,0.3701696705729647,4.35660042611821e-11,0.06495593593648273,2.233939253200651e-08,0.5000000134500655,4.218020603334539e-11
GATACATAACGCATGT-1,2.1855647838524393e-10,0.36661463610733486,0.4667707268125357,2.1451968757103528e-10,2.1667878654000266e-10,2.0567408192061014e-10,0.36661463610733486,2.9468392665078705e-11
GATACCTCGCGACTGC-1,0.11807471860606004,0.05314404272589044,0.3069981940742078,0.004105369046329702,0.23976287698986135,0.09620676830844699,0.08170803011553462,1.4831801069225359e-10
GATACTTCACTCAGCA-1,0.08771825044792425,1.6292759926450172e-09,0.4828256081521167,1.8074556406990767e-09,0.14828265270439092,2.2795605331021387e-09,0.4811734708036314,2.100511204299529e-10
GATAGAGTCTGAATCG-1,0.10773627561583819,0.15187145715612335,0.4557266717174762,2.891856694941727e-10,0.40635277034601874,2.994334831145892e-10,0.07831282442845994,4.005062343543489e-11
GATAGAGTGATAAGCT-1,8.02586754517697e-10,0.04363842395989928,0.23612805792604383,7.088089221977261e-10,0.09287912470784368,7.088089221977261e-10,0.5273543932139106,7.356244717875049e-10
GATAGTGACACTCCAA-1,0.04587860927140571,4.673682910560303e-12,0.481349444066175,4.400851791439908e-12,0.21150774458478777,4.40085179235477e-12,0.46126420196601614,5.910790027090203e-13
GATATCACCAGCATGG-1,0.12154840806915078,0.12154841644301588,0.40051120274859514,3.077012451766273e-08,0.20398849182639733,0.04526810922675717,0.007135340908908371,1.918727534805255e-11
GATATCTTGTGACACG-1,7.835660418126924e-12,0.1725084841587611,0.4351404311142985,7.835660420644862e-12,0.1198425486677355,6.986552750757767e-08,0.17250846624019425,7.605548075524565e-12
GATATGCTCACGTTAC-1,2.4121324067803974e-11,2.4223480502152748e-11,0.2434882303929558,2.3672923041133205e-11,0.23376355510895178,2.412132412660659e-11,0.4999999999602408,2.6127390280307467e-11
GATCACGAACGTTGAG-1,6.657052418690347e-08,1.7466745513284822e-11,0.38083825968421103,1.7531650394480107e-11,0.403452484344869,1.7466745485924996e-11,0.4157091892789027,1.6568629841160202e-11
GATCATCGGTGCGTTC-1,0.14253187776958215,0.0154667064376002,0.4228563810938886,7.032702333114366e-12,0.3170512288129301,7.1583232198437195e-12,0.0020938058709708417,6.881175962950981e-12
GATCCACCGCGTGCAA-1,0.027104053602306416,2.8822732694275187e-12,0.4599662445854436,2.996263005143833e-12,0.15246826960396262,2.9069055476701925e-12,0.26046143220233725,2.7023018487241742e-12
GATCCGGACATACACC-1,0.07908940368726498,6.026726891380618e-10,0.4477635667246848,5.949605215954511e-10,0.23797017910078136,6.078921519735726e-10,0.43517684808756174,8.320596754886512e-11
GATCGCGGAGTCTAAT-1,0.03101477942594175,2.752691262501993e-13,0.1350554824059748,2.7413906380202484e-13,0.2431644929112604,2.783303347407911e-13,0.5000000027095879,2.7041168108640344e-13
GATCGGAGATACGCAG-1,0.06997695006662666,3.156788595200078e-09,0.4961157799372736,3.0415146632753356e-09,0.14552394293909424,3.5542800515021607e-09,0.4883832632323099,4.044811592387854e-10
GATCGTAAGAGTCGCA-1,0.23054991598594543,7.589374589715292e-12,0.5064823826168894,7.338692951822402e-12,0.16697295802317386,7.364349467539708e-12,0.12756784407557228,7.781430793206763e-12
GATCGTCATGCGGAGG-1,0.202605128708132,1.4618718445206198e-10,0.4071981900300238,1.3347175863876588e-10,0.25178758096043236,1.3413516946027655e-10,0.3384090998199481,1.7753654982369175e-11
GATCGTGGCCACAACC-1,0.11440908622967502,4.1312620598917904e-09,0.49477845475012766,3.322302440539128e-09,0.10397113191171195,6.504349050223401e-09,0.48684126310878795,4.0220532070761976e-10
GATCGTTGGAATGACA-1,0.008035062665351242,3.842636608354382e-12,0.4773439214157386,3.928628188256397e-12,0.1772157324811693,3.863785404087068e-12,0.49999999932074635,3.818115235007877e-12
GATCTATGAAGATGCG-1,2.87667387368376e-06,6.076351014279146e-11,0.36827975474714175,0.09078853264430761,0.23152296042966955,6.093686078369745e-11,0.49999999907179987,5.891977115550809e-11
GATCTTGTCATGATCT-1,3.607906417825853e-12,0.0690508357437442,0.37188998460585815,0.028931960169450203,0.17945981331111907,0.08242378614313017,0.4682436200103986,7.06515857914587e-13
GATGACTCTGAATCTT-1,9.642277300740133e-11,9.583502308303749e-11,0.30823534454081214,9.191600333595799e-11,0.08067181510146317,9.762279440382287e-11,0.5110931770880187,1.1432492434437829e-10
GATGAGTGAACGGCTG-1,0.03675023058265562,2.6738902996341325e-10,0.28534231377888564,2.5374373582852373e-10,0.20197849970883755,2.626734205816488e-10,0.3759289559312241,3.7877421044084287e-10
GATGCCAGACATAATG-1,0.07133576756975331,0.008296044670998624,0.4678083271713204,5.184582971490126e-13,0.27647068411601966,5.321788647403e-13,0.3760891764678477,5.062918735592769e-13
GATGCCATCTATAACC-1,0.09357394060711757,0.07365820800287612,0.17381093411153284,0.03426812928821401,0.2770203203620191,0.06713820933236306,0.14763035361690616,0.03289990467941521
GATGCCTAGAGTCTGT-1,0.1601321118121176,2.674441901965707e-10,0.41486488228710094,0.2652180233931296,2.938553330849789e-10,2.674441902697861e-10,0.3597849815562611,3.552431906207284e-11
GATGCGGTCCAGCTTA-1,0.04265427220922176,0.16477554795490873,0.181313088698448,0.04265427220922176,0.09493182110173481,0.23503733353451617,0.09554928600331043,0.043084378288884936
GATGGACCTGGACGGA-1,0.047315364335564006,4.521577175877081e-12,0.4055398369737092,0.2746851048609221,0.07393807722748177,4.3779045075942845e-12,0.24792444568890154,4.881767539471769e-12
GATGGACGGCAGATGA-1,0.10885337826454196,2.588583766050728e-12,0.4173464938526834,2.5885837725618803e-12,0.21238878071212514,0.03529476198168958,0.42611658518002693,5.170565132366918e-13
GATGTAGCGAGGTCCA-1,0.31377495216060014,2.1850349118893405e-11,0.3957994035017087,2.209071361178564e-11,0.16174911913981438,0.014901572931487406,0.31377495216060014,2.12789264855707e-11
GATGTAGGAGTTGGCC-1,0.14051497790573636,0.005167145213893773,0.2914442766764575,0.01693649603306634,0.28260094612328596,0.022821178894139007,0.14051497914795072,1.0321740412042567e-11
GATTCCATACTGAACC-1,0.2032700426250999,8.76102119796386e-10,0.46504942330306825,8.196555558071341e-10,0.093900747695205,8.275082435174207e-10,0.43777978284057956,1.2861824402159408e-10
GATTCCATTGAGTTGA-1,0.06368839932980737,2.5189319214576415e-09,0.3269659861410719,2.3274802282272166e-09,0.3197184441240802,3.0099104648956904e-09,0.48962710865804127,2.8276457330251844e-10
GATTCCGCTATCGGCT-1,0.030432583769942963,5.815679712805434e-06,0.39234817523049154,6.506488464952805e-11,0.1143606938098591,0.08464529072525499,0.27820744354178933,6.413816196313515e-11
GATTCCGCTGCAAGAT-1,0.03929749497907598,2.8055579175136487e-12,0.5404639421415279,2.8055579230917412e-12,0.46555228320378633,2.805557913484452e-12,0.0687209417090316,3.0922663208174917e-12
GATTCCGTGCGTATAC-1,0.2408158688045653,5.50988286354108e-12,0.5237832898059387,0.02749585419729008,0.10088635457909323,5.219542646373009e-12,0.30701863242320737,1.0885846843911472e-12
GATTGACTCCATGCGA-1,0.03264789785254091,1.609988264806225e-11,0.12814858376605343,1.582323836577319e-11,0.26402031805386894,1.606215644400571e-11,0.4999999989373263,2.6308720930004633e-10
GATTGTCGCAACGAGG-1,0.16961687111749177,0.006177528172026267,0.43726864440273616,4.0970230649649564e-11,0.11732009999133587,4.144464364716402e-11,0.16961685620453607,3.978092886879892e-11
GCAACAGCTCCTATGA-1,0.07860463037340121,0.02343567082045016,0.18961140504723803,8.720833515914777e-12,0.04175573691136687,8.016413388397389e-12,0.566592556824777,7.58452680202732e-12
GCAACAGGCCATTGAC-1,0.14036004700875934,0.0018933073986016342,0.3839815053622416,2.314125335617198e-12,0.25747800582270003,0.027859480357505063,0.08842765404659314,2.2333953569121267e-12
GCAACATACATCAGCA-1,0.31111441164469533,0.14850573146350615,0.5448697925891544,0.16399717899172533,0.031512885294389364,2.4368647273280147e-12,2.3559616150190413e-12,1.1461646018933969e-12
GCAAGAATGTTCCACC-1,1.8672282165126916e-09,1.3730945631078395e-09,0.20338812462503741,1.669002901420212e-09,0.47053691309378876,0.05475380868243302,0.4713211412810756,1.7357298454095882e-10
GCAAGAGTCGGTGGAC-1,0.04909548213719684,0.36295545471910357,0.5205666711057084,1.6171913679188074e-10,0.25634331544825434,0.00010743850848678989,1.6318104620966898e-10,1.5934020759046433e-10
GCAAGATAGGTTAACT-1,0.3373517765970281,1.0048310107503805e-10,0.38957820028227197,9.619794496167174e-11,0.1357182461874577,1.0048310085217574e-10,0.3373517765970281,1.3679234633413304e-11
GCAATACATGAGGACA-1,0.35829169792109716,2.5794296062565335e-10,0.416352649548851,2.574672215071098e-10,0.06706394908582483,2.5746722035403326e-10,0.35829170250210485,3.641996678581585e-11
GCAATCAACTCCAGAT-1,1.8689789990052905e-12,0.06316199582157843,0.38321504721717115,1.7695262458921374e-12,0.3652047379348636,0.02638268259779213,0.3620355364235357,4.0954594811957905e-13
GCAATCCTCGAGCGTT-1,2.9919494522778164e-12,0.03814840990180034,0.18104668264175844,2.9298545130838387e-12,0.4465050866082615,2.8112030131045225e-12,0.23429982083771395,3.0715897416337762e-12
GCAATCGTGACTCCAA-1,0.006034274386462123,3.9321238233279645e-14,0.29354927754726423,3.963277757925203e-14,0.16097610529513307,3.947639203133183e-14,0.5000000000090066,3.830220743145162e-14
GCAATTAATCAACGTA-1,0.1590197171236732,9.378721028148349e-11,0.5883640197701991,1.247937024753535e-07,0.06225603805111266,9.439873910221102e-11,0.0903601000841647,8.9789863673477e-11
GCAATTCCTATCATAC-1,5.7682342432429057e-11,1.511033267239054e-07,0.3364497371652881,5.671508334212296e-11,0.407535590105188,5.64006716634501e-11,0.4560145194821209,5.250107160019494e-11
GCACAGCTGTGGTTGA-1,3.967318301839966e-12,3.818426707950129e-12,0.409032759221681,3.843884183280427e-12,0.09516687863597602,3.913460413657253e-12,0.39973480884794516,3.7933641272078645e-12
GCACAGTCTTGATAGA-1,2.271932842549377e-11,2.322730670154363e-11,0.2080907030787207,2.222373551164982e-11,0.05900360207234449,0.04796965979637089,0.5849360349744983,1.198931271001254e-11
GCACATGCCGGTCTGG-1,0.01581285195743951,2.3881397941861473e-11,0.4372803192145874,2.4360938171409057e-11,0.26057882355502743,2.4118403362435033e-11,0.48632800355099887,2.079047147043649e-11
GCACCGAAGATGTCTA-1,0.18644396768486698,3.507895581172913e-10,0.40689418825991236,3.4357710755917563e-10,0.16280197397338983,3.4966815015807e-10,0.44385986869622823,4.620889982794111e-11
GCACCTAGCCGAATCT-1,0.17914753861910723,0.06705894449114,0.503295115658565,0.018010093623423828,9.388099036192228e-12,8.971466869931971e-12,0.4324883075492793,7.931908199597165e-12
GCACCTAGTAATTATC-1,0.16628809900778985,7.027864050276446e-10,0.3805706214302534,6.595541132066721e-10,0.19717446763300095,8.214379021231246e-10,0.45596680912803816,7.340242471432958e-11
GCACCTTAATCGGATA-1,0.12486471727049238,0.048028190661885246,0.24062856276649922,0.011038508068719036,0.15554622753537709,0.08622363890747568,0.23367015474625752,4.3406074749750514e-11
GCACCTTACTGGCTAC-1,0.300430596545489,1.6722017098591688e-10,0.5160606445935599,1.6553372938714128e-10,0.034823351758664835,1.6967950637867056e-10,0.18641473962030936,2.412094576417361e-10
GCACCTTAGCCTCGCA-1,0.10337645555332317,0.03716718956326936,0.3437762111705737,0.024041624384698326,0.21045153153240145,0.08348562073908379,0.09011983708997146,0.007581529966814552
GCACGAGCTATTGTCG-1,0.013569562545194497,8.917161449322973e-13,0.4282458156581636,8.805282812921722e-13,0.19811473800505633,0.013569563029420304,0.24650032076034958,5.763435262944677e-13
GCACGAGGTCACGGAC-1,0.17488250282496084,1.5794551689490063e-10,0.21051577208829292,1.42923767003172e-10,0.1972278281408844,1.5973468037364037e-10,0.3173738964325202,5.3969577046557166e-11
GCACGCAACCATACCA-1,0.12982925611434734,0.07466029423791797,0.2527128107609985,8.745888841795777e-10,0.14748628472979722,0.12982924829229578,0.46548210380400057,8.456163637572038e-11
GCACGCATAGATTGCT-1,0.08606976384406426,0.04670710979987015,0.20923266460722603,0.045110346174173456,0.32618444045690903,0.06056852822441285,0.0860697644596599,0.04005738243388987
GCACGCATAGGCGATC-1,0.054009212853952986,2.8175947506198675e-13,0.5015425981731307,0.12756784799387189,0.06949553102647095,2.845128275085298e-13,0.20112646351517816,2.8730833268312753e-13
GCACGCTTCGTTGTTC-1,0.01085181623791576,0.44788316316942567,0.2731769720715371,6.203560530340053e-14,0.020204885351196633,6.18428076375283e-14,0.44788316316942567,5.70851978786971e-14
GCACGGAAGGATAGTA-1,0.050597055190599954,0.005329094000539383,0.5917717134111281,0.0053290942307471795,0.24697304316419677,1.968480076697423e-12,2.0031173543331575e-12,1.9144015367206356e-12
GCACTACACTATTGCG-1,0.12460127827126227,2.0682697072254862e-10,0.42461260471434453,1.929147329244136e-10,0.12662386443294055,2.0891287805089392e-10,0.22416225192376238,5.118665692264712e-11
GCACTCCGACTGGCGT-1,8.632209990716057e-11,0.06780830596318088,0.39750349827457127,8.226518808425698e-11,0.12615192555119084,8.494260117593518e-11,0.30853626992581035,3.34578208809848e-11
GCACTCTGTTGCCATA-1,0.12756782305066833,3.075238937644253e-11,0.2762459297040623,3.1256751074627093e-11,0.10749094023952016,3.1256751017545014e-11,0.4999999997749227,3.295042509091098e-11
GCACTCTTGCTACCGA-1,9.729219296643956e-09,9.729236636601008e-09,0.522338624986959,1.9071625128169277e-12,0.3354747991607536,1.9229715778719633e-12,0.2345515054021288,1.861296286982099e-12
GCACTGAATATGACAG-1,0.11146351539245532,1.6474297115264255e-09,0.45480076016259907,1.5645396370146449e-09,0.18661935541508268,1.711694284109446e-09,0.4471163629948493,1.5139784670397751e-10
GCACTGCCTCGATGCG-1,0.016845153887230457,6.724162805007255e-11,0.5236835719129309,6.502946363082266e-11,0.29357727287544383,6.575154515836441e-11,0.06589400247814006,4.9909488648117104e-11
GCACTGGACGCAGCAC-1,0.4071225409455419,0.07610874927329898,0.4798797399212295,3.931749057135227e-13,0.23433883241180783,4.065052869114151e-13,0.002550137444549072,3.877254515778876e-13
GCACTGTTGCGGCCTT-1,0.12281829643007026,0.014922681823049634,0.5073355413328924,6.20869688391952e-11,0.059672979022629254,6.27063630717501e-11,0.49525047313795495,4.275574428427777e-11
GCAGACGCCTGGTTAT-1,0.07589101078711077,1.1619731678536625e-09,0.3842914467726403,1.1958846558205358e-09,0.278695171043925,1.5747482159300841e-09,0.4611223654021653,1.4084021486510372e-10
GCAGATACGTTGAACG-1,0.12904421202097055,2.327708389558307e-13,0.5166146996471501,2.327708390955984e-13,0.2316402567074136,0.011350411756239385,0.011350419867795962,2.26006792923616e-13
GCAGATCCTAATGTGG-1,0.2273418344181555,6.565982504329685e-10,0.39057931919903244,6.633883738834286e-10,0.12160179857704466,6.70293779112733e-10,0.16047704535346513,5.203425118125948e-10
GCAGCGATCTAACGAA-1,1.737683133555502e-07,4.5495299093832375e-11,0.41880100670880577,4.594426542710584e-11,0.18799347727833493,0.17619947987377746,0.41700586209685264,4.463900502371814e-11
GCAGGCCATTCCTGCC-1,0.16258174331300723,3.0313457902919074e-12,0.5209082270466487,3.015904355226892e-12,0.02421476351571471,3.0784644610314886e-12,0.33072204323295895,3.593757665695261e-12
GCAGGCTACCGTCCTT-1,0.19520172612467443,0.1531703296213967,0.49312536311589106,1.5294848467660066e-12,0.13623943640415903,0.04108169496966884,0.1811814497419034,2.5736191673509155e-13
GCAGGCTGGTTCCAAG-1,1.1749189999813651e-07,3.448336658002795e-11,0.4893867805589031,0.30149601630733086,3.5292098497630355e-11,3.4483366567918024e-11,0.4091170854055962,3.2856778282351554e-11
GCAGGTCACTACCTCA-1,0.11623048695924756,5.697422167638661e-14,0.5164533628232255,5.77606869887276e-14,0.13637392642734555,5.646137601084816e-14,0.13094222527259342,5.56792620198677e-14
GCAGGTGCTGATGCTT-1,0.03858353585627817,4.55643836640059e-13,0.29236633946826973,4.700158858392613e-13,0.5157548521311068,4.464975318196671e-13,0.05329527254900059,5.184553305053469e-13
GCAGTTGACAATAGAA-1,0.043162780604718946,0.2760935197277244,0.39159013169248175,4.042670484484257e-12,4.244318557710709e-12,3.882109904650768e-12,0.4891535678319197,5.066270258300375e-13
GCATAACCGAGGTGAT-1,0.08556766881594136,8.71218976283986e-10,0.4548359592930294,8.23954303665679e-10,0.2226048806501746,8.855660960825598e-10,0.4369914879776781,1.069357946837482e-10
GCATACTAGCATCGAA-1,0.3050261874944159,4.008104806670185e-09,0.41094393870627993,0.013772207924160229,0.09671188830563884,4.361432910447949e-09,0.07354576774155007,1.4916297965272597e-09
GCATGACGGATTATCA-1,0.11529824690066759,8.594722886747638e-12,0.346136331501905,8.506116156556247e-12,0.07327833550559877,0.06626407456426638,0.4999999991123737,1.1799186503147945e-11
GCATGCTGAGACAGGT-1,0.09805280042748582,0.2743335143256445,0.5532285749570507,5.845149823014094e-11,5.159569498810955e-05,5.732985587044968e-11,0.2743335143256445,5.6016102610954013e-11
GCATGTCGAGTGTCTT-1,1.0038907714583366e-09,8.615454833723896e-10,0.20989824782397298,8.814373377274581e-10,0.23402425965757348,1.0038917432359436e-09,0.4560774880415754,7.621884738856162e-10
GCATTACCTGTCAAGA-1,0.10746490996985478,0.04255678029265601,0.5519239210073719,1.2625980324076612e-12,0.14323227902897198,0.02524107804636474,0.02958103166550724,1.2189914872516858e-12
GCATTGACTACAGCGA-1,0.11075542636450349,7.333013577660149e-12,0.43038767838270264,0.0023447664160679118,0.19307288447115273,0.03719680405029176,0.1262424403031134,7.047770361222002e-12
GCATTGCTGTTCCATC-1,0.06679055630405364,5.229282268994811e-11,0.2950137953566787,5.369734015450955e-11,0.3261421920829843,0.13545017822068073,0.07660327791100326,1.879242635116359e-11
GCATTGGTTACCAAGC-1,0.18332286139653267,4.519134483682276e-08,0.513247318490867,1.6614031575656613e-11,0.14702347635053836,1.686760382020485e-11,0.35640629774694266,1.5325035715694964e-11
GCCAACGAGCGGCATA-1,0.09310522722373982,0.08018162743245519,0.28497879360722345,0.08018162562163463,0.10591678218540643,0.09310522560084523,0.10666559950379673,0.05586511882733124
GCCACTATAGACCATA-1,0.22117853324954428,4.1864146909081006e-11,0.5335890848922911,4.0930653866889434e-11,0.20127472944462732,4.074884497009702e-11,0.04731537685433666,4.196225912794139e-11
GCCAGACAGACGCCTA-1,0.2555365540804284,2.0610245771717066e-11,0.5523608929625723,4.838798939336685e-12,0.09210255292390836,5.5030817641761735e-12,3.492766494583605e-12,3.2457961344041234e-12
GCCAGACATCTATCAC-1,0.08113406619703543,8.439742978770452e-10,0.20899906729658554,8.511610877688531e-10,0.07561394526583005,9.316286987200443e-10,0.5342529189855809,8.255219096862734e-10
GCCAGGCTTAATGGCC-1,0.18933704906836654,2.3429159556365927e-10,0.4203142487909158,2.3284579156962e-10,0.20020647408744616,2.3574786931257234e-10,0.39014222724745073,2.5820266515970663e-11
GCCAGTAGACGATACC-1,0.09712926517930255,4.689330649942716e-12,0.34862314868924715,4.689330649837664e-12,4.723266171267819e-12,0.1478552903918307,0.4999999998335958,3.062971956407036e-11
GCCAGTGCTCTACACT-1,0.005595560770020797,0.07097446144405777,0.5588271337343008,5.683468426058179e-13,0.2646028440584836,5.442694165951767e-13,5.442694165890762e-13,5.414142265249949e-13
GCCAGTTAATTCTTGC-1,0.0005098970634518068,7.11766876007557e-11,0.1517069937249547,7.103233068563403e-11,0.25526525109730347,7.220516300417238e-11,0.5000000016289449,7.017740913700671e-11
GCCAGTTCCTCGTGCC-1,0.2047812715487425,5.250015183982258e-13,0.3590870696369481,0.002330949466067829,0.1513598957060639,0.0023309466164431435,0.18010986702497095,5.024733169895929e-13
GCCATTCTTGCAACCA-1,0.12816104099493367,0.034625272579452464,0.20030526265226126,0.046808739507787314,0.22343236696927044,0.05299371924265366,0.19740326933011845,0.016270328735526522
GCCATTGATACTCAAG-1,0.12471588954176749,0.04728808000399743,0.3188934823328649,2.400879018076749e-11,0.2843866601982236,2.3577415120558884e-11,0.12471588786831354,7.619713006173046e-12
GCCATTGCATGTTAAC-1,6.86979719498705e-11,0.12195773373303834,0.6077045801845571,6.984736036536397e-11,0.011600642725685088,6.984736032924595e-11,0.15873704329666066,6.918288618988803e-11
GCCATTGTAACTGATC-1,0.0356195481843516,1.1492741631015845e-12,0.30795977509003863,1.1169946445150432e-12,0.09799468262117114,1.1361031263111917e-12,0.5000000000023244,1.369412861910528e-12
GCCATTGTAATGTCTT-1,0.07662687534922089,0.04202491348680714,0.5646251500616242,1.1721783454954443e-11,0.200664324616452,0.016058736465299726,1.1807928294442773e-11,1.1249975776433836e-11
GCCGAATCCACGACTC-1,1.94820076466687e-07,1.3697119680437027e-10,0.1712987620014044,1.3498777262287636e-10,0.23105222974058703,1.3597058191072724e-10,0.4976488130791331,1.2895280246543386e-10
GCCGAGTCCTCGTCCA-1,5.28792126455644e-10,5.527530374022973e-10,0.2855229059474533,5.52753035518496e-10,0.05764442246333304,0.2784163468076626,0.278416347694561,4.845880402439466e-10
GCCGATCGAGTGAAGT-1,0.13076081855183957,0.044211738797194325,0.4438006146882781,1.7376713396609792e-12,0.17548765470407465,0.009595049737525929,0.09614412351857635,1.5994227367979624e-12
GCCGCTGATTGGCCAG-1,0.23940775817529455,4.956553026738945e-13,0.3007686523352498,4.858662720137896e-13,0.008214032917441409,0.17636801328456073,0.47524154328167856,4.816377742102565e-13
GCCGCTTCTAAGGTGA-1,0.16434716301941835,2.605705979545778e-10,0.5123268053079566,2.551720594939397e-10,0.28385927545045453,2.619579474513324e-10,2.5784168856433943e-10,2.7100145343496763e-10
GCCGGCAATAGGCAGG-1,0.00496032633123374,3.5318985095885293e-13,0.34145065358333443,3.5055252290637255e-13,0.15182455689296462,3.5858373121716865e-13,0.4708365273872037,3.453958131245021e-13
GCCGGCGAACCATTGT-1,0.16680809912907454,0.03151951679328774,0.31749806822840265,0.05602925426346496,0.19156212307946324,0.05602924362917272,0.08055369483388565,4.3587393185409267e-11
GCCGGCGTGAACTTGC-1,0.017229874768434808,2.8664573145937515e-11,0.4109907960654337,2.8534066325667688e-11,0.12856729626388333,0.10304336032558,0.49999997909040467,2.8037423690595677e-11
GCCGGTATGCTCATGC-1,0.2195161059633458,1.0180595379443963e-10,0.5090759122485926,1.0101333513110307e-10,0.03263747532105,1.0101333510680382e-10,0.32985405637561477,1.3342734371340254e-10
GCCGTACCAGATCTAG-1,0.2735701207039275,2.508993250788973e-09,0.3192636245619248,2.9036924401033426e-09,0.15705543652158868,2.508993199052624e-09,0.4501107935146899,2.2297716009429337e-10
GCCGTATGCCAGTCTT-1,0.16703830841109235,1.4787011955852248e-12,0.5459687498541992,1.3653701840034518e-12,0.04798047562790173,1.4787011874662403e-12,0.13901246610353443,1.4336456914391035e-12
GCCTATAGCATACCTT-1,0.12054997254014894,0.006122213655136381,0.5877082740110933,4.136610677424467e-12,0.1856195397818339,4.175706524287152e-12,4.1757065296100595e-12,4.0580226310923225e-12
GCCTCATGCGAGCAGG-1,0.004165880636652528,6.669713569712398e-14,0.28023309429622434,6.621614931658836e-14,0.2185284204633981,6.78804564513518e-14,0.5000000000001433,6.536770830964079e-14
GCCTCCAACAGTAGCC-1,0.04185205348229081,0.00507279035445878,0.27368871969490494,1.559608513702708e-11,0.34856409439327085,0.1521909775919996,0.07863136445883226,1.4876367337430942e-11
GCCTCCGTCTACCTCG-1,0.07615483588705693,0.038087093208796635,0.3060202835498918,0.04941191348343887,0.21732373839368474,0.07615483489454494,0.10419660736450023,0.0326506932184703
GCCTCCGTGCTGTAAT-1,2.43254350192659e-07,4.9303197011667774e-11,0.40498606980549356,4.9798033039465324e-11,0.38730979029331447,0.12797379479440782,0.2797301016206449,4.801016837948727e-11
GCCTCCTGCGGCCGTT-1,0.27476239327195146,0.029576792345036004,0.5254945713799537,0.029576796489104877,0.3405894465039905,2.690763719653156e-12,2.6263558139755183e-12,8.872754255787837e-13
GCCTGGACCTATTGTC-1,0.055082422023946254,0.01305123389824329,0.35212978306973813,2.214039375054812e-10,0.2960130736156131,0.06558659821722297,0.11813688888784585,1.5605857889192608e-10
GCCTGGAGCAAGTTAG-1,0.44984128347171887,2.4693306406162356e-12,0.4719300096386729,2.4258537818588847e-12,0.2302430301911379,2.513952822523721e-12,0.04798567668618966,3.284188010594298e-13
GCCTGGTACATGGTCG-1,0.06892608855992727,0.0339501152770116,0.19235568345453935,0.027611900378545603,0.3541950057765578,0.05468215335383374,0.14830435179636028,0.01997470140573075
GCCTGGTCAGGTTGCC-1,0.10436501719759397,0.0543454124152403,0.26731507090767875,0.005296581970456811,0.36431289593183763,1.1973187678993668e-10,0.10436502139974525,6.397724998109062e-11
GCCTGTGAAGTCGGCG-1,0.22090270025768263,5.500415150520431e-07,0.4701720415618874,0.054434701530451775,0.23358730632378788,7.703459992111583e-12,0.22090270025768263,7.423393733959425e-12
GCCTGTGACACCAGAA-1,0.10363274558804804,0.07418033198209117,0.47991271469603164,0.0035640930340658686,0.1433116705760649,0.044756877264854715,0.050641566847230486,1.5068578649163925e-11
GCCTGTGATAGATTGG-1,0.3141198439218431,5.663605385798269e-13,0.4498493881316103,5.52450530436101e-13,0.04371323719565071,5.867900848375724e-13,0.39231753074797865,2.279379499441677e-13
GCCTGTTAACGGACGA-1,0.07498213757437969,4.3903726523584396e-10,0.34348664646958665,4.181142825949015e-10,0.34927479631065533,4.4449316432758355e-10,0.43225641787250085,5.5160308183369906e-11
GCCTGTTAGGTTGTGA-1,0.1082204458922999,1.1910170768380547e-10,0.208039745693253,1.158648875830979e-10,0.02989504910022715,1.4661913491784942e-05,0.5538300973144052,1.1355132048202376e-10
GCCTTCGATCAGGTCG-1,0.07474712909606127,0.29637072345665094,0.30381871878480093,0.0011887186820507285,0.22149727577232114,0.0011887164187536613,0.0011887177851002653,1.7551424737726097e-11
GCCTTCGCTTATGTTC-1,0.06997090221146708,0.11948681106313641,0.29954164014169227,1.4672110393557649e-09,0.2464867824576219,0.09454295656388359,0.06997090579524019,3.001418139956494e-10
GCCTTCTGATTCCGTC-1,5.366906544411793e-09,4.092052990505146e-09,0.1830277510943759,4.321783876671514e-09,0.12510983544052676,6.3200902916699475e-09,0.5918623922489157,1.1489486687083475e-09
GCCTTCTGTCACGCTC-1,0.16743885081726265,9.531685009823178e-10,0.47554630983184615,8.235187582422221e-10,0.0926885328262224,8.810199154307875e-10,0.46432630215445,1.1804001421089772e-10
GCCTTGAGATCTGAGC-1,0.08227380033174797,0.027781601903918828,0.4821469540926038,0.076830468388162,0.13181316399954066,0.02778159628227201,0.07137241486161104,1.726933114644263e-10
GCCTTGCCACTTCTGA-1,0.2849986525753268,5.649632929529128e-10,0.4435450911790826,5.443107098944429e-10,0.0629919550257626,5.649632915939544e-10,0.40846429911080906,7.959008369645682e-11
GCCTTGGCGAACAATC-1,0.12328664512665863,0.038241156872399616,0.3091382083101357,0.05686288520246118,0.18988530605491016,0.06156707356510128,0.10423999787358723,0.016778727005993213
GCGAAGTTGGCGTGCA-1,0.10887064568693167,1.8615193166886743e-09,0.4775249350291365,1.3395907665071453e-09,0.1911485075921672,2.4381075847852232e-09,0.42245590536080235,1.3540153074932902e-10
GCGAATAGTGGCTAAT-1,0.1865148472582274,2.418111121342573e-10,0.4162422343362468,2.4477353471348687e-10,0.1931515309891755,2.477853383183306e-10,0.4040913865605592,2.767077172262522e-11
GCGAATCGAGAACACG-1,0.06771099406658757,4.726851296158534e-09,0.5128631139063176,4.873141110763562e-09,0.13182261671783302,4.712632145200306e-09,0.4876031913109219,5.809652352533715e-10
GCGAATGCAGTGTCAA-1,0.06847224163065956,9.513139013699688e-10,0.2004796015242822,9.465555811924663e-10,0.07472428716683903,9.609341004670311e-10,0.5563238659408333,9.079571915366223e-10
GCGACACTAAGCTAAG-1,0.3427876133815994,3.3213813662633854e-10,0.43096032658942446,3.2845169186603666e-10,3.604041469032742e-10,3.396832468954696e-10,0.4262520583750175,4.676923714644419e-11
GCGACAGTGCCGCACC-1,0.11618716381748459,1.0083913325515743e-11,0.4383857081144205,9.713123582834185e-12,0.05858393935233686,1.0160640364428327e-11,0.2868431886833221,8.444540024762048e-12
GCGACGTAGAGCGTTA-1,0.03298614516703007,1.8983036005808453e-11,0.23942610051092206,1.9242970556135263e-11,0.22176522816798303,1.9308991971203926e-11,0.49999999989381894,2.0470913579436076e-11
GCGAGCGGACCATAAC-1,2.931045718277685e-11,0.07851896112109091,0.5824114929507933,0.18273681538769782,0.08459489202888229,0.004960524045010854,0.0049605261568706266,2.8232714694779258e-11
GCGAGCGGTTGTCATG-1,0.27906839228076735,6.328596220000046e-11,0.3856207625864707,5.877048416626293e-11,0.33444009756898596,6.57469079339152e-11,0.2008707473522182,8.136897595577637e-12
GCGAGCTAACTCCTAG-1,0.024967746689313394,7.0599463952574835e-12,0.4752282213381582,0.02496775321422449,0.20851680676719103,7.661404856984924e-12,0.4663194719217451,1.9244295555761387e-12
GCGAGGATCGACCTTA-1,1.3764079023848225e-09,0.26369785922380834,0.5110284216770027,0.2044095982238594,0.08890978792691513,1.4246998354851564e-09,0.13195432906454108,1.4078080509478143e-10
GCGAGGTGCTACCTCG-1,0.07151675119520934,0.04555056498979715,0.17250924824808123,0.019584383943986875,0.2006864496765161,0.09746823352943282,0.29268436836079864,5.973156004582217e-11
GCGAGTTGAACGTCGA-1,0.0283141513220189,2.9046170765724523e-12,0.1969786006370829,2.904617075421017e-12,0.07991800802636431,0.07948153306958343,0.5153077069446688,2.8298347542763507e-12
GCGATCTTGCTCACGC-1,0.07431077546334516,0.022628492528741034,0.1973428521042141,0.026600655022180352,0.41745095883909644,0.030572817883097052,0.13109344716139718,9.996071594793893e-10
GCGATGACCGTGTAAT-1,0.20545175568512003,4.0470511595753786e-11,0.5170083101775571,4.024670412713818e-11,0.09896287170493953,4.020224137872477e-11,0.13189311884170896,3.981287372047254e-11
GCGATGCCTCTAAGTC-1,0.06922616551260126,0.034609489205277164,0.6037378184988167,1.5000667110253977e-12,0.12322227005384236,0.060560960179143294,0.008643296548571969,1.455339612686778e-12
GCGATGTACTGCTATT-1,0.02450957904596312,4.4624939303328925e-12,0.40661413363763466,4.668264284877308e-12,0.29082895865010644,0.06977755047425672,0.40826977817837395,9.582595581756086e-13
GCGGAGCCTGTAACAT-1,0.1355760644447837,6.739762122539543e-13,0.3830676224473752,6.822107502145203e-13,0.0802733356916435,6.949595790091092e-13,0.3010829870031198,6.983388506748863e-13
GCGGCAAGTGTTATGT-1,0.3561652191828366,9.234728431192904e-11,0.38641143297428276,9.359272740953114e-11,0.1012581283327884,9.61555324958214e-11,0.3561652191828366,1.2189150867132065e-11
GCGGTCCTGTAGTCTG-1,0.1837815889910629,1.347247722736012e-09,0.5324367955433942,1.3472477625162791e-09,1.150318108815857e-09,1.1472848326590908e-09,0.1837816099379169,1.0023023357602157e-09
GCGGTCGTTGATCTTG-1,0.25797935871213157,7.031565108242754e-12,0.5288892142396873,7.065344274986845e-12,0.11313142702379206,7.065344255034422e-12,7.133739637322938e-12,2.641146476287785e-12
GCGGTGGACATCAATC-1,0.1987798220855645,0.04084684275192665,0.41352361549556266,1.2535082071338682e-09,0.18616427675646724,0.01983860159142892,0.04084683885023201,1.2334829128370278e-09
GCGGTGGCCGACGCAT-1,0.43413707486779296,3.6131195482855936e-10,0.4099234933669108,3.6009423538146436e-10,3.986448325837644e-10,3.649966840027183e-10,0.355939429938241,4.95743594091559e-11
GCGTAATTCTTGCCTT-1,0.05145406936749765,2.3881999157146977e-08,0.35069353430227057,5.7517851767774885e-12,0.2840544067514546,5.707438588947071e-12,0.21379796568892115,5.477684968498679e-12
GCGTACCGGATGGCTC-1,0.07108747242764153,1.2821467399989041e-11,0.5670465375078273,1.2429122748360045e-11,0.23280990724445746,1.3376679101421609e-11,0.02905608278343376,1.268008635307544e-11
GCGTACCGTGTATCAG-1,0.1198147440097492,3.5648196425371058e-12,0.4827064416227689,3.5567819481894927e-12,0.023350358060079467,3.581062039591922e-12,0.32112999506305245,6.504546982710372e-12
GCGTACGAATCTAATC-1,0.06245633394897086,1.0960439411755085e-12,0.2862816768554207,1.0717617850188076e-12,0.029965263841816428,1.096043939093288e-12,0.5212967253506147,1.089413901613565e-12
GCGTCCTCTGCCGTTG-1,0.16479329705467852,0.006244707169726879,0.27577220302232686,0.012644278224007533,0.3375959622200357,0.025428764474187567,0.07752078774309581,9.39244355556735e-11
GCGTCGGAATGCTGCC-1,0.20995353879245104,1.5923649485708652e-10,0.5083683385647373,1.566250674317724e-10,0.09352696758534265,1.6102732349476267e-10,0.192299476554517,1.544777556450529e-10
GCGTCGGTCACGCCAG-1,0.38862355848388924,1.9313254484916175e-10,0.42275288210994766,1.9620094063024158e-10,2.1491501096893271e-10,1.9933904900466718e-10,0.38862355848388924,2.697530686228829e-11
GCGTCTCGCAACTCAT-1,0.3797810220930853,7.484853127747693e-13,0.4062056117348697,7.320679069684297e-13,0.03423234407506638,7.612257833591512e-13,0.3797810220930853,4.041069496375146e-13
GCGTGAACGTGACTCA-1,0.08644390904380019,5.210501226148528e-10,0.4435698183543906,5.022218627958543e-10,0.24788951454619307,5.178443609686706e-10,0.42209675610293146,7.115999493263779e-11
GCGTTAATAGTCAGTA-1,0.04303176492866254,2.7876053867069667e-13,0.46680549757180856,2.8490814788938645e-13,0.231667057834392,0.009077096493556557,0.44941858316947386,2.749376767063677e-13
GCGTTGTATCGGAGCT-1,0.1349236941225073,1.1454964889989618e-12,0.26052683362088225,1.1216284679838693e-12,0.08772065487398242,1.1374271002550688e-12,0.5000000003014295,1.1059789026227945e-12
GCTAACAGATTGGTAG-1,4.585410047304088e-13,0.015558263659015237,0.2267913978049779,4.3264003304590835e-13,0.21411029272703497,0.03394791223940996,0.40959213356852664,2.0782078219408497e-13
GCTAACCATAGGCGTT-1,0.1826824258448647,8.029833119438928e-10,0.3446498620168571,7.693210072013135e-10,0.19111173750173197,7.902156624375035e-10,0.48155596820478225,9.124158318305572e-11
GCTACCATCCTGTAGA-1,0.09340977470665664,0.041492109247135506,0.523887070863482,4.997659984403305e-12,0.23433560788506302,0.006875437288047259,5.024179050138223e-12,4.853195786833538e-12
GCTACCTAGTCCGTTC-1,0.07311664785173903,0.036337338365971854,0.3960126994795718,5.272068329915181e-10,0.19707485477434816,5.900524438964675e-10,0.19745845827588562,1.3581822296964125e-10
GCTACTTCTGACGCGA-1,0.04705429311280734,2.0499814455975082e-12,0.4995922945381757,2.0592585357708947e-12,0.23274114161766737,2.068619975420978e-12,0.1206129195485535,2.0048221809578027e-12
GCTATGCGTGAACGGT-1,0.05946010959185157,2.660015261336624e-11,0.5494214708360616,2.6397475592456795e-11,0.24714972055490475,3.931273870251984e-08,0.043968659685851966,2.634719228188661e-11
GCTCAACCACGGCAAC-1,0.2696852514929625,0.044316327681302836,0.5110284561157226,7.499783901418697e-11,0.06507899721301014,7.559423987912494e-11,0.009890970143971145,7.33510474496271e-11
GCTCATACAATTAGAC-1,0.14391256183786555,4.361521247795339e-11,0.35397599730094204,4.3521756252032085e-11,0.2585114958005239,4.408750862704714e-11,0.23381593010666574,5.655195322964768e-11
GCTCATTGGTTCAACA-1,2.9417055522644123e-10,0.15589844139012649,0.46695263640023293,2.9417055551194427e-10,0.16651213513612612,2.987027691388702e-10,0.41063678599759307,3.645483557435197e-11
GCTCCGAGACTACATA-1,0.024152312100913335,0.040497041497895875,0.4823551933357976,5.572268358409608e-12,0.15832790002750044,5.409405678214092e-12,0.4946675501156269,1.1544647419528165e-12
GCTCCGGCAACATGAT-1,0.059658516404151346,1.851457807900817e-11,0.30504586227368596,1.8446796209706942e-11,0.1396652778062622,1.8720954003313875e-11,0.49999999987187665,1.9591970573746348e-11
GCTCGATGCTCGCATG-1,0.2599733395972702,1.1934839652104824e-11,0.5455302453463602,1.1927429671136053e-11,0.24824556456227076,0.05400919631527675,0.08343264775070541,1.721624658706904e-11
GCTCGCATCGTCATTA-1,4.657594770099212e-12,0.023479100677216994,0.37939498675702765,0.1769959725815918,0.12826881575556265,4.471255119649187e-12,0.49186112373568946,1.0185669097131005e-12
GCTCGGACCTTCAAGT-1,7.021787969681243e-10,0.052223356291889025,0.5527507227603277,6.839086744174977e-10,0.295025917680946,7.021787989220176e-10,6.577784603538244e-10,6.755470366312865e-10
GCTCGGAGATGAATGT-1,0.08407814371357505,3.4053653437897765e-05,0.58027187632932,2.953575327351958e-11,0.19355381671187533,0.010519522326174612,0.03154258727165677,2.8193134364980283e-11
GCTCGTAACGGAGCAC-1,0.13147186186552123,1.0777980118231108e-09,0.5012248080973702,1.0382309574481914e-09,0.10753446233169991,1.1286799860440075e-09,0.459768862809106,1.3127569353967957e-10
GCTGAATGACCGTGAG-1,0.10251375554257929,1.0339708865087456e-12,0.3192797713925232,1.0313262546801201e-12,0.07522984990639255,1.0410906112471036e-12,0.50000000010359,1.0110073897061879e-12
GCTGACAGCCGGAGCG-1,0.07752342573710669,0.059133774882244354,0.42899274507393537,0.02235451086997878,0.11097451275217278,0.022354498016986527,0.17866653258950463,1.364291078804089e-10
GCTGACCGCATCGGAT-1,0.06536333841265285,0.026642079615248965,0.42214809387521074,0.0034122669601683534,0.259460624296517,0.08859315237059792,0.03438044446929844,4.134098979076554e-13
GCTGACTTGTCTCAAT-1,0.36190966249132867,1.633166941395639e-10,0.4030063769419503,1.676897693965166e-10,0.07317429750080927,1.6049336740380767e-10,0.36190966249132867,2.3805891291095177e-11
GCTGAGGACAAGAAGT-1,0.010844561741148687,9.17503474443032e-14,0.47008259676593406,9.369011946453304e-14,0.267136487329561,9.469418473642256e-14,0.4519363541625342,8.779054646070326e-14
GCTGAGTGTTCAACCG-1,0.03025567197126569,0.03890618116461311,0.15914046886179753,0.004290365812725118,0.2734942393385044,4.7563330142100464e-11,0.3939130728606433,4.557021361331949e-11
GCTGCCGCCTATGTAG-1,0.09962808278339737,6.239264710574416e-09,0.3772367702916142,6.190252034435958e-09,0.22843333499401855,6.3389269325580866e-09,0.4947015826579303,6.056008371355034e-10
GCTGCGCAATGGAAGC-1,8.508537124771543e-14,8.214636387887043e-14,0.24985394136144404,8.286192392201384e-14,0.14683864596279295,8.286192384292761e-14,0.503307415921384,8.214463941800459e-14
GCTGGATGACTCTACC-1,0.05656279808809005,0.10384629697067481,0.5487582341925457,6.9910342023798785e-12,0.1605450047757496,7.182838459818863e-12,0.030287665965615402,6.848547155542786e-12
GCTGTAGTGCTGTCGC-1,0.18297469069476743,0.10941607034040791,0.5397188909521125,0.10273695739088395,0.22260101960504525,1.0866364089410585e-06,0.042551282742231376,3.279286317748215e-11
GCTGTTCATCAGCGTC-1,0.019325625582850246,8.341284924572533e-12,0.13140878367701125,8.268379076211965e-12,0.15917482204432187,2.4993184877119157e-08,0.5900907436862917,8.130094679557015e-12
GCTGTTGATAGTCTTA-1,0.18103853475401957,1.5019673617000044e-11,0.4656745522135376,3.277662712379338e-12,0.11054545327135938,0.05289940698590875,0.389842052697538,4.350533272395856e-13
GCTTACCTCGTGCTAT-1,0.10383782431119805,1.5912360019469316e-11,0.2335022127620823,1.5887862064385984e-11,0.23401857727188308,1.5920347931514307e-11,0.5000000001356999,4.255119159896675e-12
GCTTACGCAATACTAG-1,0.10483233342736244,0.0852216169788772,0.47619943445055096,1.213973415071828e-09,0.23374661066482424,1.1673747670547265e-09,1.2139734119846046e-09,1.0089017931909448e-09
GCTTATCCGCATTCTT-1,0.18943340956557783,0.04967202424585215,0.5242409054075128,7.844328329302889e-13,0.13111681932604322,7.71662485621017e-13,0.005536841731379724,7.541246462729555e-13
GCTTCGATTGCGGTGC-1,0.07179144228894369,0.10797238661328494,0.17115890491583843,0.1270039178238963,0.20724646141066988,0.10797238670536714,0.056866199565108695,0.049988300680527016
GCTTCGCTCAAGCGAT-1,0.006912292191501178,1.7368687431794107e-11,0.3478257815827699,1.763591474297767e-11,0.04330567747556361,1.7501318887271758e-11,0.5019570583556567,1.7108010042797273e-11
GCTTCGGCATCAGAGT-1,7.0305148919371706e-12,6.906784627369174e-12,0.40837640374862755,6.802049307991711e-12,0.11310565081823534,6.999163352464648e-12,0.5000000004624414,6.684033072232531e-12
GCTTCTAAGTCTGACG-1,0.19982139214083192,0.01817723877504635,0.47230095677938466,2.1187775292059814e-11,0.12241389631354645,0.006863968910003677,0.0804225470483626,1.9333394159693376e-11
GCTTCTAGCCGAACAG-1,0.10481449135120151,0.10481449607678854,0.18414614005756955,0.08069542905856084,0.20060884345381177,0.08069542682904937,0.12898765623825786,0.015237516953095036
GCTTCTAGCGTTCATT-1,0.22671645546440902,1.9491780643917787e-13,0.49672770975582686,1.944949811965222e-13,7.143301568086952e-09,1.974970104785489e-13,0.4765558276341025,1.9282037198831798e-13
GCTTCTCCAGAACCGC-1,0.09908593502572934,2.4979261675455843e-13,0.39467693304675033,2.480495294851123e-13,0.16546674156735672,2.5262491848815775e-13,0.49999999982544147,2.649294248540275e-13
GCTTCTGAACCGCTAT-1,0.08018041917665364,0.14001171480675229,0.4227112169102203,0.012417096527015293,0.16262954211059497,0.05064008038276601,0.03140992998028227,1.05871871331791e-10
GCTTCTGTTACGAGAA-1,0.04538693934823823,1.5061212492708457e-08,0.37878560652088195,1.2024027026116217e-11,0.2059676650380743,0.007004090342303913,0.2628556836817533,1.1561972542733554e-11
GCTTCTTGGACGAGCG-1,0.3593804704129824,0.020569457063675484,0.5180425969633071,3.2269554105337493e-13,0.08398116975198054,3.239322271582979e-13,3.235179706747738e-13,5.02397051199125e-13
GCTTGAACTCGCCATG-1,0.009874053895723772,2.144304925626332e-12,0.33637070207441055,2.086308793810031e-12,0.13628255903086975,0.024585751010236693,0.5000000000103468,2.1401733258449723e-12
GCTTGACCTCCGCTTC-1,0.1410257079644643,1.7662765494941877e-10,0.28652853256542177,1.7027231416382023e-10,0.38771547835365516,1.7151370372705943e-10,0.38473028052009217,2.2562980092233545e-11
GCTTGAGCTCTTGACA-1,0.06717991674486037,1.6217196737161784e-12,0.4220628556769215,1.6121890485559657e-12,0.2652689917858331,0.042655471362998854,0.40283276442473964,2.6087236350017125e-13
GCTTGCCATAGTGGAT-1,0.12513606760432522,0.04105857760798562,0.5732212390551941,0.07258580684778008,0.17977224520783305,0.009531355334845141,0.19869470766864825,8.8960297890513e-13
GCTTGCTCAGTGTCCG-1,0.039229659736091944,1.677505542222319e-11,0.21104642134486878,0.014705221621866037,0.44685270258701215,1.6775055242989695e-11,0.1881659946654275,1.1377919297541944e-11
GCTTGCTTACTTAACG-1,0.18839096251686588,3.797083358308887e-10,0.4873921401668894,3.6590314051150003e-10,0.1737483588977649,3.6590313979559837e-10,0.0504685372101424,1.0772063099141715e-10
GCTTGGATCCAACCGG-1,0.26094998461826974,0.023724032218023466,0.4457305836662817,8.49914912396306e-12,0.12884117601184236,0.017030192427848118,0.023724031040379748,8.90285779422008e-12
GCTTGGATGCTCGCTT-1,0.058538634558349546,2.677964978896728e-11,0.23953895071698725,2.7729944898407672e-11,0.21849885887266424,2.8050131534377934e-11,0.38342355576858167,8.860081094843699e-12
GCTTGGCTGCGGTAAC-1,0.1896361326610621,4.085343458961388e-10,0.5405107981931077,4.0853434540872427e-10,0.12733412697518387,4.115669672321151e-10,0.04251894162245615,3.9715201379104203e-10
GCTTGGTGTTCGAACA-1,8.12696424321874e-12,6.379208843064195e-08,0.3139114411158527,8.159158699166754e-12,0.03676328249688152,0.045522859396092366,0.5038023533881139,7.818362049940309e-12
GGAACATCGTGGAATC-1,0.08935830340931102,1.4651331004688274e-11,0.3292070625044713,8.863150596066845e-12,0.1877451655268341,2.6215929042523762e-11,0.2936894685061518,4.582251416932154e-12
GGAACTTCGACATGTC-1,0.02041437885552713,4.885454031746225e-11,0.35966596766236947,4.859094789744298e-11,0.5199196121140202,4.134545667848998e-08,4.859094783087149e-11,5.2187797665077295e-11
GGAAGAATAACTAACC-1,1.483124702298668e-10,1.4911361411765036e-10,0.32159233316763364,1.4365227048100552e-10,0.07619633107839593,0.1827368036920869,0.4677764927486525,1.3603536662173702e-10
GGAAGCATTAGAGGCA-1,0.023829498528347308,7.875717591994414e-11,0.3497553596739888,7.891504814887944e-11,0.019757312828318694,7.923309564715404e-11,0.5066579264190342,7.128079925141936e-11
GGAAGCTGAGATAAGG-1,0.014390467804591335,2.8457364129919765e-10,0.5160605829043514,2.8749813704621297e-10,0.16739558336087432,2.8554182447644264e-10,0.4557421958009738,2.88725016884429e-10
GGAAGTCTTGTCGCAT-1,0.020880511583354754,0.2844704801994485,0.36188961778223594,9.535965898586634e-12,0.03522881007502175,9.639608463995602e-12,0.4975305283031724,3.6072692441564664e-12
GGAATCCTTAGACTGT-1,0.2919745955001521,8.336752544903393e-10,0.41485125517766896,8.278037053500763e-10,0.20119954808436946,8.538309748479767e-10,0.29197459480452775,9.301764048360079e-11
GGAATGCACCTCAATA-1,0.09804058722111936,0.02098057695214012,0.46161576424273426,0.0022966885465359873,0.1884554254341123,0.1285919415807184,1.901589908323506e-05,1.6840385014236414e-10
GGAATGGCAACTTGGA-1,0.034022970879200046,9.796616624045907e-13,0.45480867753161053,9.291730757539997e-13,0.30935226472019606,1.0118529662797579e-12,0.4018160868643402,2.3984551956850377e-13
GGACAGTGCGGCAACA-1,0.0961858788396982,8.93500495486422e-12,0.5178062937662002,9.087629533590495e-12,0.17143238102738925,0.11457553684753854,9.036211576333354e-12,8.729213048838666e-12
GGACCACTTATCGTTC-1,0.020620013118248265,1.8942274175492256e-11,0.3078071611469757,1.885118567302723e-11,0.03817424596948719,1.912706497619433e-11,0.5333985797703856,1.9988744396048286e-11
GGACCAGATAGGATGT-1,0.12540510871361304,0.05180068161674865,0.24637089590368344,0.0864594099169636,0.20778951524858819,0.05180068161338519,0.08645940753105393,0.04391429945600191
GGACCATCACCGCCAA-1,0.11648035807849431,0.2783093535989517,0.6142017263255022,1.1463135975030758e-11,0.19100853469472437,2.5666693628638855e-08,1.1170213071197929e-11,9.351505103313781e-12
GGACCGATCTGGATTA-1,0.16967440765681746,3.4336772857215003e-12,0.5309514474477747,3.3769178851477137e-12,0.3292101689805331,0.03726887666664239,0.13289509911788708,4.876922804676861e-13
GGACCGCTTCCTGGCA-1,0.2634655858452475,1.7927085785947541e-10,0.4095885766405475,1.6719131973721155e-10,1.8724372302206455e-10,0.20042582506248988,0.3265200118235643,2.203913353655168e-11
GGACGGTATGCGGCTG-1,0.09945577176924716,0.06267645547843775,0.5738863190743779,1.2275139404953714e-12,0.15647395920422866,1.2373716410793484e-12,0.007507494473049548,1.1989468861425171e-12
GGACGGTGCAGTAGGA-1,1.5460461987832414e-09,1.3020081680254724e-09,0.6542628851680465,1.546046251448362e-09,0.10631379359374149,0.0697116603751161,0.06971165703298456,1.1945259029011519e-09
GGACGTACATACCAGA-1,0.011963101379537657,0.032986158220400255,0.38010092915337845,2.1484376244254963e-12,0.15409024743053507,0.03298615461737874,0.49999999971699555,3.371179623155583e-12
GGACGTAGTGTAGAAG-1,3.729981373787042e-10,3.719263310289407e-10,0.23449170595715807,3.574282173598496e-10,0.1512331395121422,0.4071375766159117,0.4071375766159117,4.763082772550886e-11
GGACGTCGAACGGCTT-1,0.16083636197427684,9.84353435256136e-14,0.47367092113289755,9.800644697067989e-14,0.26310161904242824,1.010867330312497e-13,0.0023910978503736994,9.632974151309552e-14
GGACGTCGAGGATTCA-1,0.06217421100231963,3.797367284336267e-12,0.738459618515813,3.8090365191752556e-12,0.19219741317718528,3.751304934079945e-12,0.07851895044376439,4.300934806585118e-12
GGACGTCGCACGAGAA-1,0.10270877412839899,0.10270877412839899,0.1013630177641828,0.10270877412839899,0.18100236645940165,0.10270877412839899,0.10270877412839899,0.10409074513574028
GGACGTTACGTACATC-1,0.06391372071289207,1.1104613879356034e-09,0.37284120573132046,1.0395576477797713e-09,0.28899340999328504,1.1670026591250742e-09,0.17425165961789488,6.97917100422652e-10
GGACGTTAGATATTAC-1,1.4833985449663558e-11,0.0166754578392186,0.14213926123830406,1.478045987982452e-11,0.11585292369248386,0.46266617854408215,0.46266617854408215,1.3698576017866035e-11
GGACGTTAGATTCAGG-1,0.17564163385700246,4.318822170125664e-12,0.3666814729366568,4.318822174232616e-12,0.15863721250670623,4.574852716263447e-12,0.4990396166242127,5.308223640775688e-13
GGACGTTGGAGGTGAT-1,0.16249439764348259,0.06442604878306006,0.4097320380917901,0.015377356096575817,0.09773063330846778,2.3577265163353356e-10,0.15023952580635969,1.4810221190936121e-10
GGACTCACGGTCCAAT-1,0.016514972815979478,0.01651497611571077,0.4139971446637383,0.016514983603605097,0.16804036398862643,0.07536187361589262,0.1930556851963589,4.655630842905352e-13
GGACTCACTAGAGCCG-1,5.6776901756825875e-12,0.09750530362263432,0.35762955609971264,5.812341830307592e-12,0.26324215591639333,0.003879929844110018,0.1777430545064359,5.547719914383936e-12
GGACTCTGAACCTGAG-1,0.11338285926198292,0.032549850571732396,0.25406028530942554,0.04052812171691493,0.2324241473980987,0.04856883024047747,0.17848562421238903,2.813108086753254e-07
GGAGAAGCCAAGCGCT-1,0.04309500604436335,0.03065704178793903,0.35385333496378885,0.023689156095739936,0.18392175703316682,0.11328952755718205,0.12757661165702372,0.02391756487675878
GGAGATAGGAATGGTC-1,0.06643382946148346,5.851210397767372e-10,0.48158598327652236,5.729523668297192e-10,0.26214838055052697,8.16453538943269e-10,0.3898318043102332,9.033717135896172e-11
GGAGATCCGTAGGATA-1,0.010233118339575851,1.8276279943202508e-12,0.21267860920668627,0.04121601547069273,0.20629894027293666,0.01798619530180595,0.41158712140448195,2.257360343160609e-12
GGAGATCCTGTACCAG-1,0.13006037691649147,3.2649436243815307e-12,0.5338225293547891,3.2035441212481114e-12,0.06960705952235896,0.023076704494340756,0.14343332971029876,3.216546208762886e-12
GGAGATGCGTGCAGTA-1,0.2204431794982359,4.040814669045295e-10,0.323184655952701,4.055121041609257e-10,0.21061407541772853,4.2020641585310776e-10,0.44575808750816137,4.988346769410189e-11
GGAGATGGCTCGAGAT-1,0.10849621073053567,0.009606843791569746,0.19124434232450005,0.035677537253079004,0.29169467099152513,0.059875751913641605,0.1937103059691905,0.009694337027931035
GGAGCAATGCGGTGCA-1,0.3210867305643736,0.02685227554761305,0.4788486210229676,3.600016400456102e-12,0.08890492715255326,3.5816987629317754e-12,0.2843074457014347,8.078601109800316e-13
GGAGCACCAACTGATT-1,0.045565677383126814,4.004352895111696e-10,0.2911850402435682,0.054760508390432755,0.2790540995817192,0.08234499104849073,0.14708968284571416,1.0703250698287444e-10
GGAGCGAATTGGACGG-1,0.27468508516010737,0.04173963079410015,0.5040384198747425,5.385591014144515e-10,0.10427569587733376,5.516650749314392e-10,0.10304339093834418,5.134916537086425e-10
GGAGCGAGTGTAACTT-1,0.13435207906397126,8.462025917973212e-12,0.40143637253451636,8.262138889175175e-12,0.16243568096858646,8.262138872284147e-12,0.20177593570270752,8.048062877118042e-12
GGAGCGGCACCTCGTA-1,0.2198704964845467,3.7273370229164987e-10,0.4628322112255421,3.5894069764868557e-10,0.18492625220912615,3.8173390032751315e-10,0.33237103868173057,4.567671227705474e-11
GGAGGCACATAGCGTA-1,0.11862748056885196,3.9094979540657395e-10,0.4215424840839141,3.909497963977613e-10,0.21826849301801432,0.0765960854328909,0.3649654559454327,5.0986644528089213e-11
GGAGGCTCGCACTTAC-1,3.595942980613063e-10,0.36633366894666475,0.4805156679041495,3.521180432807697e-10,0.24155534439558443,3.4416803468440464e-10,0.11159531751226852,4.888700551199049e-11
GGAGGTCGTAGGAGCT-1,0.27642117590198134,4.777827088294785e-13,0.3897850165260203,4.655294717092538e-13,0.25531522182230704,0.002057409845511965,0.27642117590198134,4.567439915889676e-13
GGAGTCCAGATAGCTT-1,0.06400468283079608,9.524744650364866e-10,0.44948302645757787,9.63066906660607e-10,0.19342658744373997,0.05664884487941927,0.43643685535005344,1.2876038954771642e-10
GGAGTCTAAGGCCGCT-1,0.06138124806108117,0.06138126330908016,0.6225703365766675,0.03195781279278791,0.03190463681292675,0.09080470238552266,3.6384363964622306e-11,2.8288042334237998e-11
GGAGTCTAAGTGGTCC-1,0.28448308056399124,5.814134725756455e-12,0.5120931259512697,5.615056540020693e-12,0.11755920236416718,5.5936874096382886e-12,0.11775511423532033,5.951774759473365e-12
GGAGTGTCCATGTATT-1,0.056159012317632435,0.031634566004257694,0.5570291715711763,1.8168372596039648e-10,0.18372828074368483,0.015289966490107729,0.05615900261838461,1.7215566209891006e-10
GGATAAGTCAGGATAG-1,0.0014589327064801984,2.3318792835596197e-13,0.38661059086397986,2.3780266277758854e-13,0.06991465280388064,2.302100137845906e-13,0.5000000000005143,2.2730719882251341e-13
GGATAATTCAATGCTG-1,0.0679483574987952,0.0813213217078145,0.6004972523139268,5.5501077407853276e-11,0.054469917571649325,0.027814782861625763,0.06794836797222217,2.0885991724171175e-11
GGATCGAGTGTCCACT-1,0.04115749584027851,0.19527752780671387,0.45247819603647227,1.2574880322250452e-12,0.211086780313208,1.3566956672720671e-12,1.3283639473678895e-12,1.1850374705341134e-12
GGATCGATACCTCCGG-1,0.31764786272801254,1.662011449776737e-10,0.41244616844147985,1.662011445241405e-10,0.10001192529830862,1.6358616157302467e-10,0.36989404294942596,2.219891262093055e-11
GGATCGCTGGCATATT-1,0.1661858383986795,4.6816911897507386e-12,0.49071881316118693,4.498092608121674e-12,0.21537625427074136,4.4391682181564506e-12,0.027719094152587567,4.202222965338282e-12
GGATCGGACGTCTTGT-1,0.06241236265046642,1.75157795245512e-10,0.29786187383598756,1.7515779702676936e-10,0.33009991278051026,1.6832520967836689e-10,0.2096258501607984,5.5445907214686866e-11
GGATGGATCACTCATA-1,0.01805851582014134,5.9007904020637035e-12,0.3669149199673047,5.714577071721598e-12,0.3299542185362005,5.766437680044105e-12,0.4850723452082574,4.8596395531843e-12
GGATTCCGACGTGATG-1,6.64592273297922e-11,6.6459228135347e-11,0.19928235472740652,6.645922797811651e-11,0.06211527249148141,5.924182781684163e-11,0.6386023725022157,2.1206449710037914e-11
GGATTCGATGTCCGGA-1,0.06704595098913874,0.05367299866879313,0.26288271881618425,0.00019072303722719454,0.2308388789757466,0.01355412512006841,0.2718146042693811,1.8021938251924985e-10
GGATTCGTGGTAATCA-1,0.04115930823956204,0.014413536325206845,0.36275803825350345,1.8877311080487937e-08,0.1357156781925949,0.027786350822998573,0.31816706358053587,5.750769373202338e-09
GGCAAGACAATCAGCT-1,1.501138499510632e-07,0.021344200793586884,0.2714963997234637,6.196276521030434e-11,0.40797591834906366,0.04235252233109509,0.4568308082049105,5.547983324246339e-11
GGCAATGCGAACTTAA-1,0.09905727069026743,0.019834641312847314,0.4087508131207959,0.07641593712403737,0.17704942674869917,0.042475980784438365,0.07641593021797118,9.802519765501497e-13
GGCAGCCGGCACTTCC-1,0.35541724522810725,0.019151401799191375,0.44971791518853316,7.46669502221935e-12,0.07284648036009483,7.52994742980328e-12,0.3028669573790674,6.6351668332569816e-12
GGCAGCGTATACGACT-1,0.013669672968449655,3.1026506960735697e-10,0.3809730678809053,3.071035651164608e-10,0.21862244454370783,3.1802907724087085e-10,0.4502695071805225,3.6753953057144814e-10
GGCAGCTCCTGGACGG-1,0.01915713288565423,1.0049190363409644e-13,0.2556472366870721,1.0141130039717797e-13,0.26997146692826174,1.0234822626025414e-13,0.5000000000013942,1.0084532397215786e-13
GGCAGGAAGTCTTCTA-1,0.13965759157212554,0.12628464261854813,0.31072349381701814,1.1814002262272115e-09,0.15693076259799751,1.2241058232471722e-09,0.1664035063679309,6.374131032433871e-10
GGCATAATCCTATCGC-1,0.0377076991928252,1.768755668981598e-11,0.6145706444203978,1.8594010221204134e-11,0.19774437128233743,1.813445951346832e-11,0.04997728504270794,1.0823258523149889e-11
GGCATACATGGCTCAG-1,0.14968849434412507,5.1652436430739664e-09,0.340142553934853,5.1652436479842164e-09,0.1593373286138479,5.186559989747431e-09,0.2508316063723195,1.6384029483299155e-09
GGCATACTATTGCACT-1,0.05263396061475468,0.044650737593374505,0.32859408788840977,0.028920133454990705,0.24970034675691774,0.02892013179520119,0.16658051920279177,8.270048635899833e-08
GGCATTCCGATGCTCG-1,0.1607869096697831,2.3678407347475602e-11,0.44768645520457523,2.3678407374964468e-11,2.437718337846259e-11,2.3470553150313943e-11,0.4999999963269281,3.757490082910817e-11
GGCATTGCTAAGAATG-1,0.24072496853191436,6.433828604492846e-10,0.3432352986958224,6.45403925090206e-10,0.24695643956598454,6.619964315197124e-10,0.06908329096328335,4.2994048587435623e-10
GGCCAAGATGGATGGC-1,0.02882828211464478,1.8927728204422993e-12,0.421992545205831,1.8590947683722984e-12,0.28640097748973997,0.09420720060046342,0.36857099458382064,4.756102261191975e-13
GGCCAATAACGCTACA-1,0.07946772200570046,1.3315846778318705e-09,0.27658159883365535,0.010808409735380919,0.13120248044697358,0.059842281126836476,0.3420975060933388,5.016700464272068e-10
GGCCAGTAGGTATGAG-1,0.284259624706302,3.155686211384425e-12,0.6515102497848859,2.9291850683405227e-12,0.03899431547456039,0.03905928241700012,0.1861765275869005,6.681686275910152e-13
GGCCATGCGTCTGTCG-1,0.059578274944596256,0.14784862914526917,0.4635656950271964,1.7885737494800336e-10,0.2290074002781179,1.8036184131577088e-10,1.8813106525809187e-10,6.063107749812925e-11
GGCCATGCTCCTCGTG-1,0.1055990511821516,0.07339140920880019,0.33193018092023596,0.03546401801619089,0.17463231455394743,0.06290223786553563,0.08403790852176685,0.032042879731719945
GGCCATTAGCTAGTGG-1,0.0597602873789551,0.4321924522385143,0.39631376783066846,6.892177339531026e-10,0.31173348965130415,7.14810913979456e-10,7.650185071242434e-10,9.346803343899781e-11
GGCCGCCAACTATTGC-1,0.1485761202852419,1.2357268576307958e-10,0.4128422913385899,1.227572989904799e-10,0.0762555459269999,1.2565162879283236e-10,0.4999999401273301,1.3706696200972663e-10
GGCCGGCGGTCTGTTA-1,0.08676707660967913,0.08676707702634276,0.19458438417330268,0.07773599935466784,0.2019709139805338,0.08676707634333133,0.08676707736759373,0.07864039514790552
GGCCGTCCAGTAGGAC-1,0.07239885455569604,2.4891443314214442e-08,0.20361776007949894,5.597513569171778e-13,0.1293161800531077,5.597513564165267e-13,0.5000000011317444,5.504952143195972e-13
GGCCTGCGTTATGCCG-1,2.316085029846997e-08,1.0454111877254148e-12,0.5209119796231165,0.12022205816785528,0.19345826717961323,1.0231075008237691e-12,0.36540767183972755,1.0158855154981657e-12
GGCCTTCGACCAGGTA-1,0.4037552786515168,3.564183172631847e-13,0.41304298879200446,3.545016219423534e-13,0.0024751430954890953,3.557771194403029e-13,0.38072658945862203,3.4703662871467605e-13
GGCCTTGGATGTTGTC-1,0.15085344037681273,1.0062136068395022e-07,0.5084571331884148,3.230213102026086e-11,0.09096234283247198,3.2616842918757066e-11,0.4497269827340972,3.0586016749920155e-11
GGCGACCATAGCGTTA-1,0.16237223604804224,1.350812258708573e-12,0.22258979970153142,1.3643737696751649e-12,0.048772205924317906,1.4063760053900381e-12,0.4662657583226522,1.3142767905753175e-12
GGCGACTTCTTGATGT-1,1.6824777210998586e-11,1.6205350598329573e-11,0.080046183991844,1.7147815132085e-11,0.044999212660289285,0.22161488742292182,0.553339715867311,1.6140331741184925e-11
GGCGAGGCAGCCTACT-1,0.11839738604230281,2.751684911447436e-10,0.35473745417037034,2.751684899756793e-10,0.1897922456006751,0.07826379822245438,0.15880911535366488,6.0572074451323e-11
GGCGCCAAGGAGCGCT-1,0.05282681490889058,0.14109717332671104,0.4153139901379232,9.28102444267818e-14,0.29076202184123207,9.28102442687903e-14,8.982552660755936e-14,9.431964008229888e-14
GGCGCCACCGGAGCAA-1,0.15544713631141446,1.6175944242637598e-10,0.4107640488826722,1.5413952368581298e-10,0.3020609639210791,1.5661278483903834e-10,0.33172785035176755,2.119930348038525e-11
GGCGCCACTCTGCGTT-1,0.076451952336355,0.00657852492762345,0.28336617075738707,0.03824023550920638,0.38555124521173406,0.022334759724853156,0.08747711135077349,1.8398615060483934e-10
GGCGCCACTGAACATC-1,0.12249227021292254,0.0869781797975141,0.6094410053238631,0.06161516905642368,0.19988075808909703,4.469723233212523e-12,0.0869781743966705,4.281747721189428e-12
GGCGCCGTCGGACATA-1,1.468658188761638e-11,1.4306692495421582e-11,0.23429655465808147,1.4440139923793512e-11,0.18200593155989722,1.4521389390710606e-11,0.5000000407945699,1.4166373554543907e-11
GGCGCCGTGGTTACAT-1,0.13379285417667938,0.07140115157154521,0.3792440226049259,0.044661872891027944,0.19028766032073216,0.044661869920165305,0.0357487880125188,0.0002017805212073225
GGCGCCTTGGCCTAAG-1,0.10772046311237506,9.57514532103462e-10,0.19234705923447343,0.015772231873190597,0.25220280015658475,0.015772228938340783,0.31618521536248195,3.8477935213015695e-10
GGCGCTAATATGCTCC-1,0.12596081413053417,7.401055957811664e-11,0.34423373230456933,7.271781885639214e-11,0.24499772144111678,7.022607693383129e-11,0.18480773183298702,7.593738979481144e-11
GGCGGAAGTCTTGTAG-1,0.299577631352226,1.990858811517872e-13,0.484061275232187,2.002461743291766e-13,0.011697561858296514,2.0181659220925605e-13,0.40466353155493906,1.9312165435030968e-13
GGCGGAGCACTGATAA-1,0.36578538482035083,0.030132542512106612,0.4059110382223911,7.799350612071171e-13,0.1473626213111487,7.91155721235041e-13,0.2508084131313014,3.007424218798097e-13
GGCGGAGTTGAACTAT-1,0.19546244300045204,0.2011264591737706,0.5227314695648867,2.4445192996374636e-11,0.10043176001296603,2.471984722026229e-11,2.495331811926416e-11,2.553354018172255e-11
GGCGGATACAACGCAC-1,0.42024603519195997,4.2893136538137107e-10,0.2836883383395467,4.226386497382086e-10,0.07581958966487837,4.257684509489182e-10,0.42024603519195997,5.776359497234694e-11
GGCGGATATTGATTGA-1,0.15521701716882536,0.052300921219236234,0.29197830412643494,0.07266694307671122,0.23691032463610567,0.0523009212685289,0.01922321057953218,0.019402357970101324
GGCGTCGCCGTATGAT-1,0.1337426542589364,5.6466362843673575e-09,0.3674913529090615,5.722829649653432e-09,0.20309508773880106,5.880400532495169e-09,0.4956706407364476,5.649454159578075e-10
GGCGTCGGTAGTGATA-1,0.3152101748329257,1.7650195967073208e-10,0.42652800394238827,1.6542551180809933e-10,0.10163328803365843,1.6991834966383097e-10,0.3566285325935624,2.278248549967086e-11
GGCGTGCGCTAGATTA-1,0.08882151395054569,1.0510054785589167e-09,0.5196703254156431,0.16624934831570795,0.2435180193231572,1.253022374352291e-09,0.18174078876938476,1.107390609059302e-10
GGCGTGGCACGGCACT-1,0.12756767493671226,1.680554232295077e-10,0.5118313375152367,1.6699380604928972e-10,0.12558374507174494,1.6770023176804246e-10,0.40077911968907265,1.7267413729842214e-10
GGCGTGTAATTACTTA-1,0.28285003830630717,3.73665258712172e-13,0.4825778702675384,3.7593467481471424e-13,3.051469279653062e-09,3.750238817673265e-13,0.43457208837037237,3.702345855141489e-13
GGCTAATGTCTAGCGT-1,3.6043399373099106e-08,8.014309715104961e-13,0.3100567791712908,8.104989237724426e-13,0.28410089841363473,8.292646812355281e-13,0.34824370155687473,7.903774356815693e-13
GGCTCAATCAACATGA-1,0.09591285386769692,0.004847687285283601,0.4399148950861024,0.032858410184015675,0.1551580110574298,0.018852841845787692,0.15245530058474588,1.1962980519533766e-10
GGCTCGATTAAGGCGG-1,0.04796600133566504,7.815608040890037e-08,0.355058753316026,7.815604768412804e-08,0.30301827122133773,1.4675283897187527e-10,0.49395678834488077,1.1257341524291582e-10
GGCTGACGCCGAATCA-1,0.30692716982503343,4.767375566551269e-13,0.42950800718021,4.504444160898976e-13,0.0474571179425127,4.852929571326119e-13,0.41610770504959105,1.5694855649040848e-13
GGCTGCTAACTTCGCT-1,0.03575219053023179,2.4887374672617107e-13,0.3849534611435072,2.4225149009048103e-13,0.23022215622787046,2.558096505312411e-13,0.24907219210088785,3.8685078033092717e-13
GGCTGTTCAATGTCAA-1,0.013370885808959884,7.270299131218469e-08,0.23882581488967874,0.013370898080582875,0.12350301018301733,1.1169210727055435e-11,0.5109293183562724,1.0705604287079936e-11
GGCTTGCCATAGGCTC-1,0.22483865448943596,0.388217191747918,0.4240565992238418,4.675326174931572e-10,5.16094348967383e-10,4.699136060413326e-10,0.1628875529079643,5.332542705880669e-11
GGTAAGGCGACGATGA-1,0.1275678231304726,6.755105850114791e-11,0.512531636221853,6.755105851054468e-11,0.05092649850539579,6.806656244927821e-11,0.49999999986580324,2.3312939624289046e-11
GGTACCAGGTAGTGTT-1,0.2471005936201307,0.04481438007432674,0.5141337702457245,3.2456564045200526e-13,0.21859440279857384,3.275345483124099e-13,0.15515232050956296,3.115599983388589e-13
GGTACGATCGACTTAA-1,0.12756781401269948,0.0740612922709291,0.5258476162127748,1.3357454104849521e-11,0.19087673372465522,0.0138756038661132,0.22117852130901555,1.2577017443274407e-11
GGTACGCTTACCTGCG-1,0.01736872691151475,0.017368719605212284,0.19359730317855564,1.9219681303309995e-11,0.1165542777693972,0.02962357596801236,0.5254873967269498,1.9076033258023513e-11
GGTACGGAGCATCAGC-1,0.07965656015762738,0.030622394386429122,0.4557204193040584,4.908505464981856e-08,0.1910321751916179,0.030622386992337654,0.11234601465247794,2.6173172416505735e-10
GGTACGGTATGCTCCA-1,0.020285909713208775,1.2690173226999505e-11,0.1468217521281773,1.2586381340388961e-11,0.18219213173490797,1.2902324964686567e-11,0.5507002063827297,1.2146508311547941e-11
GGTACTGTGATCTTCC-1,0.04543840975483568,1.659486062407301e-11,0.1793221903635735,1.5986603267436848e-11,0.22773364587140021,4.490181778813823e-08,0.44750570908001536,1.5618224136030785e-11
GGTAGCCATCAATCCG-1,0.23042620873045125,7.460846390877401e-08,0.5893279436470273,2.6378716103626596e-10,0.060744828163829825,0.009750469524375662,0.0097504750337067,2.593653934798943e-10
GGTAGCGTACATCTGT-1,5.880371630707766e-11,5.6737227888679615e-11,0.25415873864890776,5.655695182944095e-11,0.2167860467296709,5.7009826201466955e-11,0.5000000000078509,6.194061055737407e-11
GGTAGCTTAGCCAATC-1,0.11178362462172192,1.4277491149390563e-10,0.2396835452965532,1.5060421608766572e-10,0.24433833474365965,1.5332914691920517e-10,0.30419449484165595,5.1215897250669286e-11
GGTAGGTTGTTCTAAG-1,0.04067755552162446,4.704600183713518e-12,0.15804314190823246,4.9374703524768435e-12,0.1494097774408234,4.83193670596438e-12,0.551869525111486,4.419857653371391e-12
GGTAGTACCGCAACAG-1,0.10162962791594499,3.9522466213603416e-11,0.261080175171793,4.031897137180655e-11,0.31300781163412705,0.017566908574711496,0.2067154766806896,3.2997749473274026e-11
GGTAGTGCATGAAGTG-1,0.04173961629961505,0.01722987683871425,0.5249484876817463,3.6670549001280293e-10,0.3022568243190486,0.188856859549251,3.718009167044916e-10,6.739731897499696e-10
GGTATGCAACAGTGGC-1,6.157414289065851e-08,5.623300025115731e-12,0.4722064740246582,5.65124428987779e-12,0.313355831896055,5.707957836054557e-12,0.41443763246595533,5.567699846556035e-12
GGTCACCGCATAACAA-1,0.15793043781541946,0.02483304641614788,0.39354857821524364,1.0630376177725641e-10,0.18295627885199214,0.04584138028604752,0.09489027828722099,2.2558415168091418e-11
GGTCCTGCGAGTAGGT-1,0.234872573711425,9.164795270821037e-11,0.4961399109249161,9.164795264138742e-11,0.45479048731505967,0.014196948256664642,9.164795260104747e-11,7.189712793425411e-11
GGTCTACAGGCTACAA-1,0.06585276575634763,0.06585276717473662,0.23720692223399306,1.8251316944793788e-10,0.2496050715541774,0.029073453088742245,0.25240901996860277,4.131710758332749e-11
GGTCTGAAGGTTCGAA-1,0.3251291095566325,1.1454401323621157e-10,0.5202856590180328,1.1020119680804594e-10,0.05458523975244715,1.1454401236285442e-10,1.1306149974270762e-10,1.337944504881602e-10
GGTCTGAAGTATGTCA-1,0.0877393150137178,2.9957079492300185e-10,0.43614044632096877,3.139330859622575e-10,0.2039811584055427,0.02421409801360903,0.1479249815441297,9.272299956200517e-11
GGTCTGAGATCCGCCA-1,0.00125964108721692,5.160906664005127e-12,0.1524787106000018,5.160906665278985e-12,0.19081174841091886,0.006334799609571842,0.5491151002899202,5.106283832016933e-12
GGTCTGCGAACTGTAT-1,0.06267515583744188,3.4259890080871763e-12,0.46824270029575266,3.4111112912656153e-12,0.21456682967031993,0.036708970164711904,0.41780634402142114,5.673399270737606e-13
GGTCTGGTTGTAGAAC-1,6.514106795437909e-12,6.3935489088775416e-12,0.19905075252434395,6.369948367572952e-12,0.041785577592991695,0.16434724153952696,0.5000000970403786,6.323315650030389e-12
GGTCTGTATCTTGTCG-1,0.09014246693506228,3.822173615747039e-10,0.4988396314108173,3.891334420460576e-10,0.22200189137760268,3.8479021742638843e-10,0.3890160088528564,5.954833884222623e-11
GGTCTGTTCACTAATC-1,0.09380077439308951,0.08943908181653437,0.24831714224949758,0.0522187924143898,0.21556218242906644,0.05993013371361772,0.10256158479720513,0.03817030818663426
GGTCTTATAGGCTGGC-1,0.11703959664937504,1.6526767863223348e-11,0.5383373712324704,1.645939596056189e-11,0.0867143871317843,1.632567839854677e-11,0.15790877013615784,1.3965827832488533e-11
GGTCTTCCGCACATCC-1,0.03765076424154175,2.11275717235603e-11,0.309219097787698,2.0651199257320743e-11,0.2637414326763839,2.101983229073429e-11,0.2910308228583926,2.014652496819398e-11
GGTCTTCCGGCTGGAC-1,0.1485597158272635,5.723194159368051e-10,0.4458979917101559,5.142511447912407e-10,0.2040831700123864,5.051861984856573e-10,0.4014591206451716,5.984402600694734e-11
GGTCTTGAACCGGCCA-1,0.2298221779400833,2.0867809573061187e-12,0.450380036822638,2.0745605926991245e-12,0.18083081775452564,2.1623780037325346e-12,0.038966967474983974,1.8773724298753786e-12
GGTCTTGATTCAACCT-1,0.027388006072580216,0.08773962690758698,0.5274569678252806,0.027388006072580216,0.08725636511999167,0.0877396232641552,0.027388006072580216,0.027643398870401747
GGTCTTGCACGTTGCG-1,0.032384538395309026,3.188832809530454e-13,0.14495699332543505,3.212666756760719e-13,0.2042276379503283,3.2615227975459203e-13,0.5184308303331598,3.4472630685978314e-13
GGTGATGGTACAATGG-1,0.006078183697437299,1.4573168297803478e-11,0.48561445951347093,1.3470280100088402e-11,0.26985839539863815,0.13237077846248813,0.006078182890576665,1.1116943087932513e-11
GGTGCAATCAGACTTC-1,0.06356374729015805,0.06356376194072255,0.46208869777889044,1.6436646975221527e-11,0.22991897414821857,7.91354904692643e-08,0.08086473969796339,1.5720642512843573e-11
GGTGCACTCCGGTTCG-1,0.14399769706443388,1.766319081056113e-10,0.37032483271506944,0.03889072479341613,0.2059508440045347,0.038890721330047215,0.10194517987266283,4.36142086212764e-11
GGTGCAGGCACCGCGT-1,0.07836315435178756,1.0438633329785896e-11,0.4231670217486203,7.312694860725284e-12,0.2256069047997067,3.442620261621913e-11,0.4728629190295175,5.602040580770591e-13
GGTGCAGTGGTCTTAT-1,0.19031566710424594,0.002213602648733725,0.4311430490601904,0.025752319729936975,0.18141665249905958,0.02575231772612968,0.04340639121211564,2.1745098153456534e-11
GGTGCAGTTCCATATG-1,2.0567159030939833e-09,2.0567159510305424e-09,0.1652433122679808,2.056715941673793e-09,0.04255511662712038,0.07940534790757042,0.6127962163706187,6.877209654701523e-10
GGTGCATCCAGAACGG-1,0.1112084037596791,0.0621742153400591,0.5208798673738659,1.699596851368577e-10,0.19757446294889433,0.0785189424372599,1.691013061886483e-10,2.22781122259797e-10
GGTGGCTTATTGCGTG-1,0.04442256140231955,3.941287366744518e-11,0.27863882778983096,3.779508653646683e-11,0.34527991393195484,3.9692702770120676e-11,0.23165869676060863,1.4189807884224309e-11
GGTGTCAAGCTGCACC-1,0.10923621284106982,0.07583129375495695,0.3671167495039762,4.5485396029939856e-09,0.19592679292212867,0.05944085794392451,0.09244808764401918,8.423950862795225e-10
GGTGTCACCAGCGAAC-1,0.05641141184450958,1.601611493788781e-13,0.47684723113663025,1.5869538318434134e-13,0.19696311320988819,0.009951783053738849,0.4598264607539185,1.4418402127477252e-13
GGTGTCATACTATTAG-1,0.09906750809389875,0.05204909478350143,0.32317221162158005,0.011679764112347871,0.27680048734136004,0.05480690305080979,0.08242403079456395,2.0206748476708928e-10
GGTTACAGCCGGCCGG-1,1.4001908589103612e-10,1.4188723921564617e-10,0.4673689745373755,1.2868730681035858e-10,0.199148765168353,0.183507127144867,0.34997513266883895,1.9037030759310208e-11
GGTTACCAGACAACAT-1,0.056894395805606846,6.566603669166258e-14,0.2555544797814863,6.50117574929612e-14,0.08465482390452798,6.606502149400658e-14,0.5028963034987028,6.46250340867675e-14
GGTTAGACTCACTAGC-1,0.09920215513348898,0.03233736525017592,0.4225944452963138,0.03233736640541192,0.18198914982675854,0.032337361573041117,0.09920215594113982,5.758250918803291e-10
GGTTAGACTCGGAGGT-1,0.15829653882844358,8.456574384281177e-11,0.44113016547899053,0.011179301923540873,0.2572351821428921,0.0013687843759951726,0.03079002713770484,8.456568205743934e-11
GGTTAGATGAGTCTAA-1,0.0607814291781111,7.278821529268889e-12,0.2156724764800975,7.189782002714697e-12,0.08738173536703303,0.11427326880655804,0.42189545773494924,7.074396833976508e-12
GGTTAGTATGAGTGTC-1,0.056992450727895626,8.377619572808802e-10,0.40583195528993266,8.570947801885639e-10,0.12798004609378139,8.505609339723866e-10,0.30919554482590356,7.434260452135919e-10
GGTTAGTGCTCCTACT-1,0.21540717366085377,4.544711891373219e-09,0.33346280609811874,2.8209858824918585e-09,0.1599613437770878,7.228129771840544e-09,0.4911685837916439,3.3625545048916156e-10
GGTTCACCGACTCACG-1,0.0733348961953865,4.361479848093471e-09,0.49033308183600116,1.1959259456766958e-11,0.13412396834680526,0.0549452326343248,0.44726281656129235,2.12909437985698e-12
GGTTCATTCCGGCCTC-1,0.12709161516087802,3.2904430178309375e-12,0.4049466539512522,3.4092732681214754e-12,0.21464208899754206,0.017812917518584517,0.13550672436236266,2.8321589218041777e-12
GGTTCTATACCGCTTG-1,0.15207757706280042,2.0688711435688276e-12,0.5283217908510777,2.014964778439432e-12,0.337316484811679,2.087508914914618e-12,2.0875089176550676e-12,2.011057929276424e-12
GGTTCTCGTGATGTGA-1,0.09608209575108533,9.689836077854256e-10,0.5157387531479306,9.790905959387458e-10,0.2881791464610175,1.1458060688618862e-09,1.0925310163930402e-09,9.161453057128019e-10
GGTTCTGGAGTCTACC-1,0.09694136286055617,0.11633966992500501,0.39590199783254937,0.007384187646816471,0.12141983043997326,0.10984628531078264,0.052166665981265736,3.842637352175868e-12
GGTTGACCAAGACATG-1,0.06107679013653203,2.1481325128229188e-10,0.3458750371247513,2.1076200367001966e-10,0.13228284379818403,0.015809012817233004,0.34495631549613837,2.786955968363329e-10
GGTTGACCATTGCTGT-1,0.06778637734818421,0.024195541545111363,0.27653396435083116,0.07324443278897037,0.2899627659248236,0.08958915477889676,0.0786877631182597,1.455427742552541e-10
GGTTGATAAGTACCTG-1,0.09826904108338862,0.02893119202162203,0.47465262320084234,0.014219466577360859,0.18164879876536075,0.08316040809750241,0.01911847022366336,3.0375562136795007e-11
GTAACACCGAGCGTTA-1,0.06093230131849772,0.03556930343860297,0.43755002006291943,2.9435217435651324e-10,0.15282325535786614,3.0720347613294193e-10,0.21312511913526258,8.763790412468905e-11
GTAACATAAGACCGTA-1,0.004838243375216377,7.473031630757864e-13,0.20702162186736806,7.228985483719208e-13,0.2018802627180172,0.026905826308549697,0.45935404572887734,7.075225081733373e-13
GTAACATACACCTGTT-1,0.08075074899805122,0.09413842368529812,0.5533780536303141,2.8757532489802885e-09,0.09766113767086257,3.6054896830814206e-09,0.07407162878681761,1.72689564153827e-09
GTAACATCTTATAATG-1,0.07103236307038864,0.07103236590716648,0.5219572995203181,6.901293704666476e-11,0.17414044748143298,0.06183752731703317,7.031646946137515e-11,6.480567127264617e-11
GTAACCACAAGGCTGA-1,6.360388754287859e-10,6.436877078978514e-10,0.2519436163333299,6.285285577606942e-10,0.12052943841155012,6.360388743541128e-10,0.5275269423015407,5.995262678661425e-10
GTAACCACCTACAACC-1,0.11338223869165256,7.614073473740715e-09,0.3475258710633084,7.74321383986694e-09,0.19271663679068957,0.08395880321221363,0.16241643283427518,2.219742958169169e-09
GTAAGTATTGCTATCG-1,0.19928008765390884,6.3356120002016e-11,0.4954394628026428,6.241958604059155e-11,0.18211274483638648,1.6757339053679286e-07,0.3231675351975104,5.900536428607253e-11
GTAAGTTGCGGAGCGT-1,0.24938527707840824,1.183557235473942e-09,0.44403644855249363,1.196563537447074e-09,0.05735042611807908,1.3124173870645524e-09,0.14922784365624525,9.85091125131639e-10
GTAAGTTGCTGGTGGA-1,0.10492657163128148,6.169316376462432e-11,0.5339062350295267,6.110980411396122e-11,0.30059071845188223,6.169316364914991e-11,6.330367259808496e-11,6.038711245721878e-11
GTAATCACGCACAGCT-1,0.10952131625318534,0.08501157543001245,0.5089705352356864,0.023707824606606417,0.13682606449722948,1.5430494828989973e-11,0.03596268394929333,1.3559350146351724e-11
GTAATCTTGTCTAGTT-1,0.09509364585280113,3.585771257124057e-10,0.39756206061003513,3.4921822025275506e-10,0.16368851262896225,3.58577122441588e-10,0.24365577972592475,1.1842502826720464e-10
GTAATGACGGTCTACG-1,0.06645666379042346,0.06645666594877571,0.3739051226912225,0.03309042675376261,0.13530903211183357,0.03309042675376261,0.1582608570225321,0.033430804931585505
GTAATGATCACGTAAG-1,0.0797535473877279,1.0362043283725406e-11,0.3566201796910213,0.0023258653942022003,0.2708251158900803,0.02555555596872519,0.16491973565602777,9.932804189221315e-12
GTACAACTCGGCAGAA-1,0.1723356232309488,0.0763857511803106,0.5189373441005198,1.0580952498388272e-12,0.160692207573936,0.05080205366062099,0.1659360018610519,1.0988884629614657e-12
GTACAGAACAGGACTC-1,0.2532757093438574,1.3903100827729322e-12,0.5153385476289782,1.3923670753804627e-12,0.08039627517163551,1.4069680043043951e-12,0.05098949042681379,1.3620178906646083e-12
GTACAGACCGTCGGCG-1,0.07503706052205242,0.14184849188195242,0.21563682032823017,0.07503706052205242,0.0868517597701547,0.08778614372976065,0.14184848877868883,0.07595417446913065
GTACAGATGACATCGC-1,0.1014967881540127,2.4247387212552244e-11,0.31673658523194054,2.4247387267089916e-11,0.22133250740602015,2.2873662557243456e-11,0.2604341191295343,7.470422905255579e-12
GTACAGCCGTTACAGA-1,0.10322556074394547,1.5232410133733537e-12,0.21574778963111133,1.5132994094442713e-12,0.07408734044857775,1.5333012176436843e-12,0.5069393290860182,1.4979530795158858e-12
GTACAGTATCGGAATT-1,0.3419305729526018,1.8063341609885944e-10,0.421805735975394,1.7766745541589297e-10,0.10249817469315521,1.8063341558288403e-10,0.3337655157313606,2.356739652073457e-11
GTACATAAGCTACGCC-1,0.054009212651644725,1.2196443808411383e-12,0.1986932446212819,1.2127577427505945e-12,0.21915087632654456,1.240874795938635e-12,0.4999999999930993,1.5122328962402924e-12
GTACCTACAATACGAA-1,0.07446423322987338,0.004774890932798922,0.3043039984368929,0.05123442027849374,0.1059161618644776,3.8805575986221005e-11,0.3593062951969215,3.705370381867054e-11
GTACCTGAAGTGAATG-1,0.14451118110136596,3.2814830480126794e-10,0.4402183377752334,2.938050117893188e-10,0.21404118764340538,3.2814830414698793e-10,0.10122929245258083,8.074090464686674e-11
GTACCTGTCTTACTGT-1,0.0956895962660924,0.011612106946218042,0.42173653582149573,6.57416383409105e-14,0.26942556395563555,0.03263515585074191,0.3689010411591707,6.244974291609456e-14
GTACCTTCATGTGCAA-1,1.837449892105479e-07,6.375957637279935e-11,0.24671759238068583,6.311532469726786e-11,0.13841825877722247,0.3564681491890868,0.4583958153777377,6.05748564449453e-11
GTACGAAGATTATCCG-1,0.06872093017617492,0.18641473841243367,0.5623396396198874,0.03929748692457374,0.14763708849550547,0.009874033005869446,0.03929749110076232,3.9992066871523826e-12
GTACGAAGGATTATTG-1,0.10080721202532356,0.08743425005384997,0.5258476250775165,2.3912022735918566e-11,0.19521648502979944,2.4981065309749918e-11,0.14094078416018108,6.570753207345159e-11
GTACGAAGGCGTCTAT-1,0.09340020906319375,0.06194853145603189,0.39524473909557284,0.0361294580016176,0.21778834288799176,0.03612945174312776,0.059359266832227316,9.207769078706058e-10
GTACGAATTCTACCAA-1,0.049095481138290646,2.8255756934079665e-11,0.37836543081206864,2.8230444295911547e-11,0.12447008882203504,2.8294328414810272e-11,0.4999999968213225,1.0952929339956474e-10
GTACGACAGCTCCGGA-1,1.609819426984072e-09,0.021223279982512774,0.47524148871404087,1.3456405375659216e-09,0.10258037368505889,0.07025740161739241,0.23069745267024366,3.898123380943905e-10
GTACGATTAGTCTACA-1,0.145501436826739,1.2309611508784522e-12,0.3612632140381144,1.2291131678237829e-12,0.04204293711799929,1.2403072461608755e-12,0.4999999999454087,1.455666618490886e-12
GTACGATTGCGATGGC-1,0.12040964630496212,0.11176112842488832,0.29504309419535923,0.017840515290493256,0.2688037284780787,0.060058765232069794,0.026082834377135072,2.8774099012789144e-07
GTACGCCATAGATGGT-1,0.018621928778100694,1.6875870616307515e-12,0.2892153283352097,1.6923682168256935e-12,0.1320793051140286,1.7020075555733056e-12,0.46008343777365796,1.6568672656063035e-12
GTACGCCTCGCTTCCA-1,0.03746177924672228,0.03746178687072176,0.290774352127616,0.019072128229170378,0.17484953367247572,0.000682480524701203,0.33969793932811654,6.573927387621599e-13
GTACGCTCGCCAACAT-1,0.084091704880077,0.14166397462155095,0.1902805384978045,0.16118975877616207,0.1082822688839141,0.050033813114057045,0.12224036891348047,0.04221757232583729
GTACGGTTAATGCAGG-1,7.671659926551287e-09,0.06358961548777552,0.5682968187213016,3.262598580810166e-09,0.25932356825225134,0.3087899312040419,3.5090653432429555e-09,4.4338974101955525e-10
GTACTACCGTTAGGTG-1,8.776722357124202e-09,0.1125095393207318,0.570059345165058,0.004099123467388834,0.1566871020968013,0.14347772892149,0.21316715214006732,1.0874669869299988e-11
GTACTGCATAAGGTTA-1,0.24218179656608152,1.080264268527826e-11,0.20770021069288908,0.02150595241571652,0.25998885716099374,1.0309403323825893e-11,0.16862318315223548,1.3140571142614849e-11
GTACTTAACTTCAGCG-1,0.3367399176367409,0.11334234808166481,0.5624411148574437,0.13514513407567386,0.052331384891789505,3.3589241197640128e-09,3.3959014674500586e-09,3.917220532180926e-10
GTACTTACTTCATACC-1,0.14416462061734198,1.036623323538045e-09,0.2291934744578516,9.937828516793122e-10,0.18693063979853966,0.050725723539863744,0.28898553931477644,2.4203755399235514e-10
GTACTTAGTTGCGAAT-1,0.09814444121091025,0.03929754721676053,0.5079122986931779,5.2891363472930695e-11,0.2773558935818755,0.0098741478384455,5.3608196749953637e-11,5.212207504266418e-11
GTACTTCCATCTGGCA-1,0.057042890791340235,1.4746985899816672e-13,0.2472546585763345,1.463115567860404e-13,0.19995151895712732,1.474698585387713e-13,0.3957509322355334,2.1360049166015757e-13
GTACTTCTGATCCTCG-1,0.15919208221947193,7.228125718764174e-10,0.4771047184747015,8.070151408839097e-10,0.12161451552043188,8.070150997049795e-10,0.4420886808225869,9.404602671342944e-11
GTACTTGGTTCGCTTA-1,0.10973918755041824,0.07361985482686034,0.2105683961642296,2.1095999010425546e-07,0.17805869174352412,0.05558180460153958,0.27243180762611224,4.6543287757005525e-08
GTACTTGTTATTCAAG-1,0.03816071756053046,1.1421149853161692e-12,0.2779337871752498,1.181658214590765e-12,0.26785499610056124,1.1816582092475919e-12,0.3160504991821096,1.1457434874534205e-12
GTAGAAGGACATCATA-1,0.03511907644535283,6.9512241384775775e-12,0.5389966285493055,6.71754223197561e-12,0.21720659175999033,7.232565790730005e-12,0.10867770321980447,6.087095944643476e-12
GTAGAAGTAAGCTGCG-1,0.06872093025311088,3.5706016950585154e-12,0.4510881937403591,2.5463299768866557e-12,0.15816215795663877,3.1090211492812074e-12,0.2893967989100049,9.248988336613317e-11
GTAGACCAGAATACTC-1,0.04352965328422701,2.12988279130509e-09,0.2591063157918725,2.129882777492947e-09,0.4299112205885502,5.7515978372019435e-09,0.4674527905000848,2.1682763036820824e-10
GTAGACCTGTCAACCA-1,0.37123686734837175,1.4366764053863728e-10,0.38417608047280966,1.4172322259075912e-10,0.07335018432580223,1.440613948238818e-10,0.37123686734837175,2.0236702806594564e-11
GTAGCAACGACCGTGG-1,0.14956989828882647,7.309669197392552e-11,0.42074444594510335,7.395515451774879e-11,0.07223469535196994,7.438878186314134e-11,0.25745096017632146,1.7189530635671545e-11
GTAGCAGAACATGGTG-1,2.8619662801224796e-12,0.22489708942276088,0.557677125572176,2.753332427266343e-12,0.04120498099493682,0.12681400427269426,0.24940679972671184,3.997205192073246e-13
GTAGCAGAAGACTCTT-1,0.04213665678141235,1.8000993116349403e-12,0.12186891814008335,1.7798226350653109e-12,0.20231483138635425,1.9075751485542958e-12,0.5336795936880654,1.7685828994936267e-12
GTAGCAGAGCAATAGC-1,1.1808539042193033e-09,1.0420531096850995e-09,0.20635136448350025,1.0420531232405913e-09,0.1560618758692071,1.0065139221746005e-09,0.5375867548314701,9.39390965679411e-10
GTAGCATAGTTACAGG-1,0.09078853273199342,4.832845201524803e-11,0.34361107458366474,4.763823444639671e-11,0.299621060478023,0.07851895885027231,0.17660203058636137,5.247197463852759e-11
GTAGCATCGAAGGTCT-1,2.4045462116210256e-11,2.3923000310251647e-11,0.348746374917301,2.404546220858648e-11,0.15167952864473944,2.4045462174433845e-11,0.47083652736556086,2.6142321349429436e-11
GTAGCCAGTGCGGTTG-1,0.09418596422734637,0.034987347567064814,0.343553955303107,0.04653280343762248,0.2395035197707805,0.08219667868708246,0.040709519855829525,0.018330211151664062
GTAGCCGCACTCCATC-1,0.015013379747477242,2.305962340185811e-11,0.15835738399693605,2.3059623421614493e-11,0.19286400255052516,2.3414830189765814e-11,0.5337652336842191,2.2805601045129976e-11
GTAGCGCCTGAACTCA-1,0.057775968531180805,5.0778023303292016e-09,0.37386104614617743,2.0877543618031284e-09,0.22519525693791062,0.08077036277322598,0.46239735443976,2.5064694813255624e-10
GTAGCGCTAGATCCGT-1,0.026333494335130526,0.02633350006016866,0.5650440894588229,1.615810551400322e-11,0.21508624961282108,0.06720266649496227,1.7031545257027814e-11,5.088888843066574e-12
GTAGCGCTCATCAGGT-1,0.3079655339319557,5.259112381110951e-13,0.43602112063552667,5.259112385731788e-13,0.04532570805306439,5.157986383056354e-13,0.41068763737654224,1.9527167819993042e-13
GTAGGAGCAACAGGCA-1,4.129275464813354e-14,4.1301374642793505e-14,0.4317435869227371,4.1298414009667755e-14,0.18437927261003767,4.1281846650069435e-14,0.3281769131808256,4.9557828566171106e-14
GTAGGTGATAATTCAC-1,0.03313409695029505,1.6847575165702528e-11,0.6556189695162786,0.018422393799509395,0.12291113026287413,1.7184879958823736e-11,0.0699134094553772,1.1222846411788076e-11
GTAGTCCAGCGGACAT-1,0.047715135569072836,5.475037486130079e-12,0.29745052249386944,5.57958966950043e-12,0.35499121718955484,5.537288206279509e-12,0.4998407225131764,5.374341363509582e-12
GTAGTCCATTGTTCGT-1,1.2401602308991312e-11,0.02248208881153705,0.505281318357603,1.2045380556079064e-11,0.19496559116531817,0.16959924148996158,0.1590803576975335,5.279861063131487e-11
GTAGTGACATTACGAC-1,0.29656621483310136,8.19906485558626e-10,0.35069965542240356,8.782906644362378e-10,0.09142117372820728,7.818806066079141e-10,0.46131295233065506,9.25161470572719e-11
GTAGTTGTTCATGTAG-1,3.140899666835415e-08,2.038086904452433e-12,0.24397622386317264,2.0794938306532127e-12,0.1009027079047261,2.048279928463971e-12,0.5551210368193888,2.0180024470386275e-12
GTATACATTGGCTCAG-1,3.1187112747724135e-13,3.1067640959303287e-13,0.37922882711395806,3.0712935117070185e-13,0.28090725377241926,3.0948849999184014e-13,0.4999999997809707,3.3353609707234566e-13
GTATACGATACCTTGT-1,0.15431374711410928,3.8237387998618123e-11,0.29904668252415434,3.855637586140935e-11,0.037972092908163994,3.8717842334101795e-11,0.4999999998507369,4.041593931392674e-11
GTATACGGTACACGCA-1,0.11704894709822904,1.8480504252866274e-11,0.3556938557677579,1.829979032697325e-11,1.8668836168060688e-11,0.07501755915940791,0.5000000008895706,1.9538175221352657e-11
GTATCTACAGATCTCC-1,0.14390168349420326,9.870374985648197e-10,0.473246449516507,1.0106713296628202e-09,0.11800904840779534,1.0597833112854464e-09,0.46484281377725034,1.2373278453021626e-10
GTATCTAGCTACCAGC-1,1.8597167606253365e-09,1.1444592209215427e-09,0.28133955378912406,1.2554143747601322e-09,0.4308578938653315,1.8597166337245544e-09,0.18780254553169753,8.455605413158322e-10
GTATCTGTCAACGGTG-1,0.3958038769656128,1.2849250527526023e-07,0.48774731474304245,5.388390137483645e-11,0.043237571209651264,5.3883901209254744e-11,0.2732111080809539,5.042953807313841e-11
GTATCTGTGGCGTCTA-1,9.648194137566279e-08,2.449221017706329e-11,0.3755127577518918,2.4339833327646076e-11,0.41314004935898496,2.4646616037468773e-11,0.4113470962383923,2.377168407538596e-11
GTATCTGTGGTCCAGC-1,0.07109535726122072,0.05699343138370005,0.20439933086537862,0.06149465394658333,0.23088567913618313,0.06149465349180765,0.15604546522856375,0.057591428776784796
GTATGACATAAGACGG-1,0.36049856759040155,8.789578528847202e-13,0.5323217415287871,8.675957449039107e-13,0.05168445661486297,8.866966835669512e-13,0.017229900582482836,1.0498094425821064e-12
GTATGATAGTATGGAT-1,0.060005502333373435,0.05387071415702043,0.4080720814100732,4.3443097119582664e-08,0.19673690145103545,0.08452994889674643,0.09678480831087974,4.337320299770483e-11
GTATGCCTATCTTGCG-1,0.11418022769179124,5.611470296682469e-11,0.23545504466592826,5.701834928781752e-11,0.24854018173626066,5.6717545714195506e-11,0.36829585516903957,6.8896915063317e-11
GTATGCCTTACTCCAC-1,3.1691124248262672e-12,2.9781416549414e-12,0.4110026994457292,2.9641791848682727e-12,0.13716378517538877,3.0494476087041206e-12,0.49999999995195477,3.500690279915656e-12
GTATGCGGTATCATGA-1,0.05889136004307394,3.234414585172846e-11,0.3471366597616,0.029467928699156886,0.21920062998790912,5.864852008006675e-05,0.245244773026616,3.147305169388483e-11
GTATGTAGCAGGCATA-1,0.10998569816253816,0.09364098206751438,0.5209776307335225,2.3595648981804745e-08,0.10255620927391944,0.02824737092601931,0.044592084105555735,1.1690956829019992e-09
GTATGTAGCTCACCTT-1,0.061483106122524764,2.3052224848010588e-09,0.4717513225690331,2.4282309983743232e-09,0.22041052891130594,2.4931747710845756e-09,0.1463550334120163,2.220533129714206e-09
GTATGTGCAAGCCGGA-1,0.3851374345320851,3.8127288461893836e-10,0.5250563534408129,4.0067833891704765e-10,0.16676298605774698,3.920064699390041e-10,0.12304322457931915,5.7526726448675835e-11
GTATGTTAGACTGCCT-1,0.17584996820191656,0.05072601374127261,0.13807740330960375,0.023975718995052245,0.3828347109051116,0.06426808974509247,0.064268089554783,5.5495902663045e-09
GTATGTTAGTTCTACC-1,1.151423763645552e-10,1.0543563518679402e-10,0.3998833980258441,1.0478971427146696e-10,0.09086254931710772,1.0808340735681879e-10,0.409254053530164,1.777025664222817e-10
GTATGTTCTGGATCGC-1,0.1701991901166653,3.2553272782369626e-10,0.41175685719525174,3.145397632058371e-10,0.17793860277314025,3.2727077100941115e-10,0.44010534865704215,4.087620752679143e-11
GTATTACGGCCATTAT-1,0.09489198249325154,0.029498376118807047,0.5814572507721878,8.026066715207565e-12,0.19415239058611547,7.931808746260947e-12,7.839869076768711e-12,7.33240686463682e-12
GTATTACGGTATTGAG-1,0.10235709347380345,4.992420625430478e-10,0.4575083704892296,5.455870818112275e-10,0.14118585737661232,0.1023570874300212,0.39659158968600317,5.551165271069533e-11
GTATTAGATTGAGGTC-1,3.98660301789959e-09,5.085977519398161e-13,0.39062384470576633,5.085977514077321e-13,0.3236203039310658,0.2428779236872325,0.2428779236872325,4.056101213036465e-13
GTATTATGAGTTAGCG-1,0.05585891675955852,2.614840850959477e-11,0.46977674358980864,2.59568351490673e-11,0.20935909787869988,3.78416518695567e-08,0.16500520389158627,2.5318289592250524e-11
GTATTCCAAGTTACCT-1,0.16285268499285732,1.7903404483603014e-11,0.5379879047522031,1.799015574309835e-11,0.09732179272288352,0.0029515120717881304,0.09888610548789364,1.7319244538198656e-11
GTATTCCGCTCGGATG-1,1.728705503441577e-08,4.1039907940709574e-13,0.3411006960510433,4.081096893268427e-13,0.141416750692947,4.1623652757544124e-13,0.5000000000005166,4.0360669102445487e-13
GTATTCGTGACTTGAT-1,0.05439935424562471,3.6067763188474594e-11,0.5940683833675003,3.553420473574702e-11,0.24305098613187837,0.0008946235410124761,0.007586652650874777,3.476282330211425e-11
GTCAACAGACGCACGT-1,0.10964359892432131,0.060609437111675095,0.1602840910037016,4.29784215335186e-11,4.394246459532657e-11,5.893471231670065e-08,0.5694628139485098,4.148007040420165e-11
GTCAACAGCATAGATT-1,0.2107558666029977,0.004791753708176679,0.5915451372695683,4.093348012567435e-12,0.0929072424109953,4.093348006538116e-12,4.149110863962643e-12,4.039180930488839e-12
GTCAACAGCGCACCGA-1,0.18641473998215677,2.2847842946224374e-13,0.5046025759838075,2.3118102030641687e-13,0.10518657146018497,2.2982319761237886e-13,0.3727534612020814,2.34735348788365e-13
GTCAACAGTTAAGTGA-1,0.4654115629028802,0.05502800381853663,0.48845552687295846,5.096192821403335e-09,0.11284708415435854,4.0112399604719294e-09,0.0782578063891922,3.2905974474660325e-10
GTCAACATAAGATAGA-1,0.09362869714582175,0.03412377078346633,0.28655608376874936,0.03412377175399158,0.3381217656324556,0.06615885569899788,0.043269584881356564,0.004017470339216658
GTCAACCTGACGATAG-1,0.2532855503067206,7.8733250781294e-12,0.5066314152748126,7.696581772735268e-12,0.08483261629868666,7.915273173556931e-12,0.055251037020271176,7.594585562314098e-12
GTCAACTCAACTGTTA-1,0.1030433825283224,3.3387243189488226e-13,0.45201621288914456,3.3753388417042264e-13,0.19977611441253454,3.375338839425344e-13,0.40953275348870527,3.4952163817426816e-13
GTCACCAAGAGCGGTG-1,0.07460562630722735,5.92513918434828e-12,0.3400215190122092,5.8538786385685054e-12,0.12235961435597455,5.896464019866269e-12,0.49999999982750587,6.913691102149125e-12
GTCACTAAGAGGAATA-1,7.764942042318181e-11,7.590814483276466e-11,0.48962176284933334,7.526852052752607e-11,0.10809741033386194,7.569426397143405e-11,0.4999999882266895,1.1045344929176013e-10
GTCACTAAGCCAGCGG-1,0.12046053892995466,7.0134088742258505e-12,0.5069489744409815,7.230991500373127e-12,0.2447378171675364,0.02683511858837677,0.30101755065760266,1.392641210217872e-12
GTCACTACTCGCGGAG-1,0.07592015363291058,0.07592015489178537,0.20090982080566103,1.928560073898257e-12,0.24256683924099787,0.008010833730753647,0.2966721976950351,1.2570075437282943e-12
GTCACTACTTAATGGA-1,0.21651587444941378,4.846559039178191e-09,0.33584299701653864,4.560120756260762e-09,0.15064049163309148,4.799533061574468e-09,0.4969997523216514,5.236976462332236e-10
GTCACTGAATCTCACC-1,0.14015404185564245,0.022460256234846557,0.5289883244861149,6.546433616686096e-13,0.11237849985755473,6.574242990496118e-13,0.09601887757445306,6.336894159745305e-13
GTCACTTATCCAAGAC-1,0.08384414598998635,0.00040506007631723774,0.28027840378051583,2.084431780888739e-11,0.3061094530596818,0.05435228443606763,0.17501065261960544,2.0419112129214785e-11
GTCACTTATGAATGCG-1,0.06939765366479618,3.939603885920981e-12,0.5112924797193654,3.9263312833082625e-12,0.09135098451603148,3.957426635193445e-12,0.4999999906738432,3.8659672517854164e-12
GTCACTTATGTCGTAT-1,0.23209464279195702,6.190636845564843e-12,0.4502481473271322,5.9748297146623314e-12,0.06635982061471439,6.065841244719712e-12,0.3327522725604801,8.967566021380731e-12
GTCACTTCTGGAGCGG-1,0.04547961003322638,0.1337590922769102,0.32713889626048653,0.07490306740593593,0.22776011446879169,0.04547960794734598,0.04547961156427679,4.3351687817883214e-11
GTCAGCCAACATCACG-1,0.12043890286328778,0.11188243397548994,0.19348663973402336,0.03527904606750108,0.24053622408201014,0.0437218982462938,0.1546543438204221,5.112411817261974e-07
GTCAGCCTCCGAACCT-1,0.09150653418043038,1.7777597442578377e-11,0.3655365683684532,1.6871402806612027e-11,0.08147074473182238,1.809043094462117e-11,0.36148615265995543,8.608194267209337e-12
GTCAGCGATGTAATTG-1,2.1539564202374898e-11,2.1370306447611064e-11,0.5800175594108732,0.281627288634624,0.11092461185688877,1.2390030932979087e-06,0.22742930099281164,2.0518065860744925e-11
GTCAGCGATTGATTCA-1,0.08404246686233319,1.9392433785642595e-10,0.23762857268268872,1.9672632880143183e-10,0.291172838644629,1.9957721559832946e-10,0.2871561211565623,6.545681870952276e-11
GTCAGCTCAATCAAGG-1,0.03110084237068257,3.036665447415328e-12,0.618861095902925,0.3667536895632398,0.03265075126292551,2.932588211619249e-12,0.15063362088788493,1.467909084959563e-12
GTCAGGATCAACCAAC-1,1.9161388454363418e-07,9.245260429002049e-12,0.312509559478323,9.24526043066799e-12,0.17630817841654894,0.09486366147793705,0.49999999999525474,9.06393671161476e-12
GTCAGGTACGTGGCAT-1,0.048873802073441,0.014919237666558595,0.20503228338560783,3.608792115816485e-08,0.16646108035226168,0.060193999818757254,0.40451955320173577,7.459490641243478e-09
GTCAGTAATCCAATTA-1,0.12168314997380497,0.05106687115410585,0.3400215186182162,5.546452057312698e-12,0.04006814048031623,4.978468900600168e-12,0.4999999994172028,9.109277312593464e-11
GTCAGTAGGTGACCGG-1,0.277703528610775,0.10116283077896228,0.42293767029450746,4.9528297491132054e-11,0.012871319893026971,5.0083649631442877e-11,0.38532465015654266,4.782849024506707e-11
GTCAGTGAGGATCGTT-1,0.08660271574541173,0.07189098914862552,0.6015063086209644,5.792202946442277e-12,0.1187960804095309,0.0032461026491018624,0.017957803417799147,5.504920732226925e-12
GTCAGTGCAGCGTTGT-1,0.057299998849076376,0.0756896598297254,0.293413640896285,0.05730000211153598,0.19265239003750317,5.0424373434863094e-11,0.22364430821491066,1.090451131260004e-11
GTCAGTGCCAGAATAA-1,0.1731563220862796,9.695430771535293e-11,0.42439407748710806,9.398011267180082e-11,0.19793818807312452,9.545413772814716e-11,0.10451141204314272,2.5526841940380842e-11
GTCAGTTCTGCCTGGA-1,0.13108552258742145,0.012258978137996528,0.3820839013125494,3.155429747208154e-11,0.23122716994143466,0.04054955994271457,0.1027948680445268,2.868010744377391e-11
GTCATCACGTGGTTCA-1,0.057904334522961974,0.021125105312791014,0.4066429025555536,8.401568286784146e-10,0.2920595155286822,9.41439149750276e-10,0.12226813944808315,8.712370761650118e-10
GTCATCACTATTGTGC-1,0.2599440016369302,1.4863731082009687e-12,0.45320050108816984,1.4622449452609975e-12,0.04217152449224397,1.5161100475507377e-12,0.4446839727709386,4.909485154520872e-13
GTCATCAGTAGACCAG-1,0.07354836321454557,1.4724320575728603e-13,0.24291315655905457,1.425255100094408e-13,0.12160056282994924,1.4100437064533473e-13,0.46193791858991734,1.4663923796758306e-13
GTCCAGCACGTTCAGA-1,0.007996828329020744,0.20568848261556524,0.21070215936348613,0.0570310084275772,0.007983525208951034,1.0309759818997894e-11,0.4105979960386774,8.341863424972353e-12
GTCCATCTATACAAGG-1,0.03312771346099131,4.2416130798460355e-12,0.477718584087646,4.296402443307653e-12,0.2284248430367418,4.241613087676127e-12,0.4607288593853424,6.651795453612619e-13
GTCCGACAGCCGCATT-1,0.09078852522788991,0.054009222772803345,0.5010138603980412,3.756946394327005e-12,0.2742280785080526,3.879236634525636e-12,0.017229905689658775,3.752413623508406e-12
GTCCGTACGGATGCTC-1,0.16893718710864067,2.3683313835410396e-11,0.44799315703827014,2.3765180083256396e-11,0.11891153320779273,2.384752727303495e-11,0.39880790961191104,2.7371060263250898e-11
GTCCTCCGGATTATAC-1,0.10153051326670577,0.03439512252283345,0.2527166177040975,0.027716002750068528,0.38141175578964454,0.03439511892546639,0.06783486853517452,5.06617793894765e-10
GTCCTGCTTACGGCTG-1,4.501220203656407e-13,0.23951645947488842,0.3876976462467041,4.582549894768652e-13,0.3879727689765722,0.043365027785424094,0.14144809751514054,9.56684192065381e-14
GTCCTTATACATTACG-1,2.5206111289575815e-11,2.2283608077937695e-11,0.21662488593006013,2.1912899182506162e-11,0.17154425568297027,2.2664935434184378e-11,0.5118308602451461,1.8765984417789888e-11
GTCCTTCATCAGATCA-1,0.17660201828401959,5.36813740835725e-10,0.4582482928460085,5.495355662943016e-10,0.0518199622686648,5.409010015096935e-10,0.2501606365585232,6.746778013861207e-10
GTCCTTCATGGATTAG-1,2.0989554118115337e-07,0.015214896650316532,0.10255308056887316,0.07406177912672457,0.1382660470002767,1.4051593773661211e-10,0.5699039866572426,1.3571174640485663e-10
GTCCTTCGGAACCTGC-1,0.06956593803608337,0.006511507553256195,0.2859561549364722,0.020531763825538334,0.29897007221914357,0.04154010436048712,0.176924459058807,1.2622128389421114e-11
GTCGAGAACTAGACGA-1,0.21652488467315573,0.3774760143466402,0.4383083854761943,3.620814505394877e-10,0.1676907142082775,3.7644839187316243e-10,4.13096214416381e-10,4.3086733306164616e-11
GTCGAGACTGCCTAAG-1,0.20930675361663623,7.178639642128082e-10,0.4420989767280304,7.060919093625209e-10,0.13093522766225413,6.9469399080765e-10,0.41765903954570893,8.127306550126646e-11
GTCGAGTGATTACTGT-1,0.3348812269441339,3.8780421937531985e-11,0.35946261671400986,3.803217941569359e-11,0.17077492926646146,3.7927227247236763e-11,0.3348812269441339,4.954618872709961e-12
GTCGAGTGCTCCTTCG-1,3.5563599754652584e-11,3.532071838602932e-11,0.46556387334848665,3.5441733499018335e-11,0.2927534241961322,0.14168262791263064,7.460402395803405e-08,3.438928686756035e-11
GTCGCAACGAGCTGAC-1,1.2666080775868976e-12,1.251197784267421e-12,0.24627428865560724,0.08884658499635285,0.18617334710031838,1.2461372590954133e-12,0.5000000000485123,1.210968023785092e-12
GTCGCACGCAGCCTGC-1,3.124373529149243e-12,3.171131205514381e-12,0.3946389608559206,0.10917818963304352,0.11176707220540984,0.06320402944403816,0.49999999062008593,3.0371404884630765e-12
GTCGCAGATTACTGCA-1,0.141489909501106,0.0924410151836942,0.07930102016290087,4.0595733449530933e-10,0.1212061203998477,4.4258345257597257e-10,0.4655619338338675,7.247655622990859e-11
GTCGCATGCGGTAGAT-1,0.22117853344226904,2.6622103580482202e-11,0.3860671946807716,0.16768671384357844,0.09310636858208313,2.637557369625241e-11,0.3281769130311675,2.811609503221225e-12
GTCGCATTACCAGGCA-1,0.31612473750440495,2.1198351445938367e-12,0.43424558594120133,2.0140078208732773e-12,0.02772280294370475,2.0925083064471165e-12,0.4219068735982194,1.0399411866180615e-12
GTCGCTAAGTGAGGTT-1,0.0652522056180857,0.06525220598388101,0.4677510933727697,8.767231375730957e-10,0.24225780818196052,9.884288371421694e-10,0.35948668340996326,1.1039378759480755e-10
GTCGGCCGTTGTGAAT-1,0.05400923368321305,2.537666862298005e-12,0.476977079096432,2.462682513897789e-12,0.32318067350056,2.4809912922242836e-12,0.05400922891196123,2.4386554646457023e-12
GTCGGCCTCCGGCATC-1,0.008009961244743912,0.008009976492729198,0.2372387492249488,2.850478694059567e-13,0.11815100522549762,2.850478686816567e-13,0.5285903078119739,2.728427861619298e-13
GTCGGCCTCGGTTCAT-1,0.2183390422800101,1.28722968241494e-10,0.3305984588748779,1.3042741114402447e-10,0.12190585657837177,1.2993635637936634e-10,0.49999985937917,1.3298149868649442e-10
GTCTAAGATCGGACTA-1,0.1276360945426665,1.3974010993363659e-11,0.472123482891424,1.3808406696679997e-11,0.12168716717015601,1.39979942090495e-11,0.17855337560041698,1.3679036020605054e-11
GTCTAATACGGCTAAG-1,0.41404925893052386,1.207333427924859e-11,0.5144280046326535,1.2073334279116241e-11,0.08682516096601899,1.2074124797342004e-11,1.2073334278835e-11,9.75037529356889e-12
GTCTAGCATGGTACGT-1,0.2032133893650643,1.4551916042779104e-11,0.5846876327180859,1.7325106471856636e-11,0.056002822979470686,1.7325106377455476e-11,0.05609615488219992,8.078271345400771e-12
GTCTAGCGTTGTGACC-1,0.018999937597637573,4.194275649986822e-12,0.2831450436869534,4.262845230800659e-12,0.07324791699309101,4.194275641380835e-12,0.5246071017208498,4.181131679284744e-12
GTCTAGGACAGGATAA-1,0.1804224275745263,6.184490766620405e-10,0.474255492358789,6.042842898084264e-10,0.09053583723704005,6.269912480539328e-10,0.45478624007949786,9.188579826488453e-11
GTCTAGTCTAGCGACG-1,0.1094261594432964,1.0112792510114785e-10,0.41636428773208506,1.0335733959634918e-10,0.22464980996889605,1.0564735972150335e-10,0.1495597425196615,2.7563996713891312e-11
GTCTATAGAATCGAGC-1,1.1517598776257911e-07,4.96513974205615e-11,0.30275760053349077,4.9924145606101216e-11,0.07525430603209292,5.076119962454759e-11,0.5219879783508401,4.8665354698214823e-11
GTCTATCAATGGATTA-1,0.011837615856298245,0.011837631103832534,0.32460995784988983,1.007143738504091e-10,0.07127726622805286,1.0557603348327685e-10,0.4804375287634139,1.0318685081497325e-10
GTCTATCAGTACTAAT-1,0.10478655124331297,0.031227918823671114,0.45790096696350624,0.10478654550610175,0.06526883686777131,0.010219574217406605,0.1258096063782686,1.364156302816066e-13
GTCTATGTTAATAGAA-1,0.05541179265990672,0.046761305671098735,0.4944337425281591,0.0381108159051866,0.0765652648845805,0.12465478933218913,0.06406228852832327,4.922131591413513e-10
GTCTATTAAGCACTTA-1,0.11916407047594382,0.0832141593445076,0.46523576944136097,2.289184922781023e-12,0.22527559955363738,2.2143163230654904e-12,0.0071104011788429,1.2403672223002908e-12
GTCTATTGCGAGTTAC-1,1.6575547097209207e-08,1.5060687249170052e-12,0.47488561158158094,1.5060687249170052e-12,0.28868368935478267,1.5565355355931544e-12,0.4364306824763474,1.505670742752224e-12
GTCTCATGACTAGTTG-1,0.13982271185990955,8.962609999589494e-12,0.33538802914353577,8.40844807382836e-12,0.3692037986964791,8.637820112341354e-12,0.2011264632353631,1.9620061027983503e-11
GTCTGATAGATTATAA-1,0.23839834831247245,4.764180794336824e-10,0.43893067559213855,4.906179049906353e-10,0.09691393875468185,4.858204763243762e-10,0.4257570354840217,6.710373078932156e-11
GTCTGATATCTGAATT-1,0.2266365999262079,7.492187669303002e-13,0.3747733779062829,7.562149378100785e-13,0.02804775937872611,7.618835863487742e-13,0.4999999998233069,8.197217701174972e-13
GTCTGCTCAACACCAA-1,7.524877103140926e-12,7.365105360780777e-12,0.20014253368682697,7.272359621127585e-12,0.21854710795438906,7.412357766118773e-12,0.5000000217266047,7.2399380426592766e-12
GTCTGTGGATCTGACG-1,0.09427244374817181,0.0761455766829445,0.43989000172875614,0.03092523634886954,0.17191069674083126,0.039941757164360936,0.03994175783691116,0.006972529750817605
GTCTTCGGTAGCTACA-1,0.18279793051850346,4.115699435623329e-11,0.375217672033712,4.165926867613289e-11,0.3221419104985368,4.0663627235092535e-11,0.31984248680832983,5.6688253744498566e-12
GTCTTGAACAATTACA-1,0.0640142327492258,7.846001360531798e-10,0.45300980297144017,7.728132331372554e-10,0.24652955790097242,7.871110353347186e-10,0.43644640307664795,1.101562207311901e-10
GTCTTGAAGATTCATG-1,0.15864195946258655,0.0807580921569334,0.3918931843723608,0.020189939433663175,0.1417925389366331,0.10672428557243732,5.1435500567885746e-11,1.6203861205079147e-11
GTCTTGACAATAGCAA-1,0.23263895705669038,2.3179469738229734e-13,0.5160606512191122,2.332569833970586e-13,0.21854708673973125,2.347356345298943e-13,0.19060759345738418,2.439146694153638e-13
GTCTTGACCGGAGGCC-1,0.08552173103600981,7.446207905812245e-12,0.2368088148641933,7.446207899712615e-12,0.10055411710076032,7.350030242622734e-12,0.5000000187603881,7.229268094549382e-12
GTCTTGACTTGCTCTG-1,1.1764427246370821e-09,9.856828605297994e-10,0.2916042836078068,9.66726683057821e-10,0.07522228868813147,1.0509109555491886e-09,0.5331734237022504,9.927757334056136e-10
GTCTTGATTGCCACCT-1,8.252223095576341e-11,7.993605998425695e-11,0.28266265133515817,7.44284394087923e-11,0.09986348661558142,7.840445149728607e-11,0.5174738757672939,8.214356594833563e-11
GTCTTGCGATGAATGC-1,0.24963173925935375,1.826213986495027e-11,0.5256054663460792,1.803597287851999e-11,0.12476268926530813,1.8416074554077286e-11,1.0510538629394321e-07,1.7600293141948643e-11
GTCTTGCGGCGATTCA-1,0.04681657988551327,4.5637669461323463e-11,0.252690955344277,4.434060946225433e-11,0.04963410727424494,0.014848115208690693,0.5360102422197268,4.494912111584984e-11
GTCTTGCTCAGATTAC-1,0.06172981440516289,5.52306313233911e-11,0.2627084085190931,5.5986698698743683e-11,0.13442572013975004,0.09850912341359126,0.3426269333894677,2.185304419477245e-11
GTCTTGCTGGACGATA-1,0.2028136065441457,0.13275639341225964,0.4837601229666155,5.780887050259035e-12,0.03897906823914202,6.19180972519401e-12,0.04169080882132546,5.1178532555730105e-12
GTCTTGCTTGATCCAC-1,0.12266227248054519,6.633945280961534e-09,0.2686110241942951,6.346834240241947e-09,0.22415123498352024,0.054017386345813746,0.23055806651715427,2.6111686751407892e-09
GTCTTGTATTGTAGAT-1,0.25056222062811934,5.244983886040703e-10,0.45396900114915273,5.42718904763844e-10,0.08015981798899142,6.475009483023863e-10,0.4153089581108607,7.562916178081569e-11
GTGAACATTCAACGAT-1,0.07596335192554537,0.060471902972173426,0.5562349824741107,1.1320257390599062e-07,0.17008756194066246,8.156290819813573e-11,0.03724208746901518,7.930313704103459e-11
GTGAACTCGTGGTATC-1,0.05418431190219306,0.021494872007348703,0.37177790336447747,5.094106665627044e-09,0.26087597369355636,0.03783958574065203,0.15382734688481295,1.3179618643222957e-09
GTGAACTGAGTTCGGC-1,0.05839549487394496,5.718473441950657e-09,0.4372539468777162,5.718473430011728e-09,0.2115716256167347,5.685121292221632e-09,0.49277872187941363,6.577389379964053e-10
GTGAAGATGAGTGCCT-1,0.2842210935882379,6.365065843271766e-10,0.4331417567188179,6.735174663520066e-10,0.058267309122862904,6.735174501591719e-10,0.4243698379306502,9.074228461433426e-11
GTGAAGTATTGGTCAC-1,0.022664118382713885,0.022664118382713885,0.6075596337657854,0.022664118382713885,0.02245337053192825,0.1564516622285401,0.022664118382713885,0.022878859960869642
GTGAAGTGATCGTGCT-1,0.0359137826522163,1.1585959195078976e-12,0.4971302270252108,1.1616251394540952e-12,0.11178994623522633,1.1654234401459142e-12,0.4999999996999714,1.258861232018668e-12
GTGACAAGATGCTCAT-1,0.35063819544677677,9.805344255041466e-11,0.37490775680772037,9.300236605946955e-11,0.12381585196766721,1.0108536588711733e-10,0.35063819544677677,1.2496332591453562e-11
GTGACAATTGCGATAA-1,2.589272046902001e-13,2.4731431340334035e-13,0.3322631578968703,2.5325515421386413e-13,0.09120628294062433,2.516057332236886e-13,0.5000000011440822,2.4398224922391114e-13
GTGACATACAGGTCCT-1,0.04843536557002272,6.860302023486404e-10,0.37400566277162384,0.027412315134906166,0.07451173365052094,0.0904667608940359,0.28516816112327836,1.707140435540141e-10
GTGACATAGTTAGCTG-1,2.0414344404444374e-07,1.7127504976098898e-11,0.5252199109929981,1.6643316189764107e-11,0.1414847522620209,0.043652169848319385,0.4896429623491593,1.6405420216226476e-11
GTGACATATGCTAGAT-1,0.1817982497231335,0.024162128897655146,0.5309489491071169,6.163831722739912e-13,0.16309067228063312,6.318493635087108e-13,6.318493643819034e-13,6.102515887278949e-13
GTGACATGCAATTAAT-1,0.1872701501819117,5.750060061034932e-13,0.5155192625329101,0.11371154114152762,0.19158986244414697,4.81733796081323e-09,0.1919091788804411,4.504750039925216e-13
GTGACATGTACCACCT-1,0.04524985830915907,9.957266128931914e-12,0.1552165767779978,9.681266949949731e-12,0.12189239648402991,1.0535756452577192e-11,0.5776411683934052,6.251064726605788e-12
GTGACCGGAGTCATAC-1,0.025654064553406408,1.0697928371516351e-11,0.471100932685372,1.097235846520213e-11,0.18633852490559705,1.1355474825393397e-11,0.216906477818517,1.0073089190221675e-11
GTGACCGTGGATTAGC-1,4.025723908605407e-12,0.29552904275105224,0.5878118277382971,0.29552904275105224,0.021130086736507254,4.0407391124934224e-12,4.0558836724539635e-12,3.839088948984871e-12
GTGACTATGGCATGGA-1,4.521919928030502e-12,0.03259880492187912,0.5150754241872094,4.5874928820677235e-12,0.2437541026342045,4.2722539476039994e-12,0.40857166811317175,6.847018395003666e-13
GTGACTGTCCTGGTAT-1,0.14738328196084088,0.034177077127844804,0.2537808249510902,0.04549039044560235,0.2257672717282796,1.7228245636761454e-10,0.1934011535724702,4.190064481683027e-11
GTGACTTCAACATCCG-1,0.2962798235880066,1.3348002112951422e-10,0.5265073932847835,1.3696335721573196e-10,0.08093295906911747,1.3013141895476503e-10,0.2962798235880066,2.059159804701946e-11
GTGACTTCCTCACGAC-1,0.15428671379080172,0.13589706897924245,0.35673819083353736,6.903774629168325e-12,0.10265560854079911,0.0071694969587023285,0.14325292088942948,6.7811946894643e-12
GTGAGCACCAGCATCC-1,0.15785787637504972,2.2193639238669566e-11,0.2747561772970191,2.20546505574769e-11,0.2692704235895392,2.2333976480372355e-11,0.49811550734988974,2.339399775007524e-12
GTGAGGATCTCAGCCT-1,0.03716493819756419,0.0003858567417034463,0.3365933655990435,0.059232524191801056,0.21575224536354598,0.05187665345381057,0.19899441645187457,1.8816408262182534e-12
GTGAGGCATTCGGTGG-1,0.02221820796803592,7.463491325668445e-11,0.19696739753112844,6.831168315760295e-11,0.3642962489424278,7.074452091628821e-11,0.3165181453223957,3.126843726856454e-11
GTGATCTACGAGATCC-1,0.0949983200759758,2.72951587408931e-09,0.5150352302246184,2.9866975233585085e-09,0.10704449666280522,2.9866974853089415e-09,0.4829219209935356,3.2024146428455943e-10
GTGATGGATTAGAACA-1,0.10693415390833219,0.013594181707668553,0.16366625342969915,2.9025291614700975e-11,0.1456945089509813,0.013594179853097368,0.45651672211479377,6.549199297513449e-12
GTGCAACGACGGTGTT-1,0.06495685717057806,0.05226247396197911,0.37947944013820056,0.05226247558365264,0.19533797895456906,0.04596881591288263,0.10973189804839374,6.023813257860706e-08
GTGCAACTACTGTACG-1,1.2938177170288576e-10,1.2938177168925382e-10,0.28411925831661844,1.1866022486372918e-10,0.09428338682801872,1.310437279936766e-10,0.5215973555318234,1.356294204693251e-10
GTGCACCGAATGTTAA-1,0.017701023244774714,1.3600206551258143e-11,0.4704817259953279,0.1096492793556554,0.1108917214860866,1.3862148855363241e-11,0.4912762475724347,1.1625444383914397e-11
GTGCACTTGTAAGCAC-1,0.02919647966388895,6.73664671372484e-12,0.46807213393498237,6.736646784738295e-12,0.2348999912951774,6.3133306345396556e-12,0.4678313950539175,1.013697583375628e-12
GTGCAGGACTCCAAGG-1,0.04731536432879697,3.3825896873094963e-13,0.5349715875203039,3.3689568219373234e-13,0.07331407629845295,3.3689568170290404e-13,0.4999999998278406,3.47658217836033e-13
GTGCAGGCACTCTAGG-1,0.08573050866552272,6.076393179738542e-10,0.49290520491020906,6.35662191720744e-10,0.14670450630078782,0.06841479354457662,0.40624498499632233,6.936358820600813e-11
GTGCAGGCTGGACATG-1,0.4116051598666832,0.03917301391607731,0.49693440951779694,1.3056934241709108e-12,0.25228741669349775,1.3377359601425126e-12,1.3377359662452444e-12,2.281231461545337e-13
GTGCAGTTGTGGCGCT-1,2.2370767372631218e-10,2.3045535057571917e-10,0.2853005711430815,2.2207020742974236e-10,0.1294866206391897,0.39260640371622096,0.39260640371622096,2.943866819771688e-11
GTGCATGGTTGAGTTC-1,0.213324785446879,1.8458397486072245e-12,0.5775672684039224,1.7757745658384e-12,0.08369123765163455,0.006021878630702846,0.01939482986463595,1.7703304547048087e-12
GTGCATTCCTGTGGTC-1,0.10943397390334167,0.1649017555431394,0.3777023139103931,0.03587536285690446,0.1342010878472496,0.023620492263411157,0.054265013601880664,7.45805268778304e-11
GTGCATTGCAATGTTG-1,8.702541184296738e-12,0.07851895609833143,0.3821899648956852,8.35514630855004e-12,0.3231806516325062,8.059498323475212e-12,0.2256361879672224,1.2221202215568938e-10
GTGCCACCTTGAGCAT-1,0.014380178364301084,1.993020261589294e-11,0.34517710040852745,2.0203844961946443e-11,0.3849708455841445,2.0259605741943258e-11,0.4554718754522937,1.8935649345099807e-11
GTGCCGCATCCTTCCT-1,0.1226865843064763,5.675620279067791e-10,0.4311551401719869,5.675620277537838e-10,0.2613774521820497,5.830216074080373e-10,0.38478082136133296,7.35866029584033e-11
GTGCCGTCCTGTCAGC-1,0.10986376754275942,4.651410004245064e-11,0.18241325411538964,3.1349332863683137e-06,0.036244748787258176,0.14664308960409017,0.4248320049816504,4.5124727793289876e-11
GTGCCTGACACGTTGG-1,0.43456662954000536,0.150404810066395,0.4731616675155127,4.847025831049173e-10,0.1418668910647997,4.752950003829059e-10,4.697850579212424e-10,5.84656247858673e-11
GTGCTACGTTCTAACC-1,0.1287310667699079,0.30224115584188976,0.36731920828252085,2.3878065514697924e-11,0.10170856902687303,2.4274676431011087e-11,2.4074355484681065e-11,1.0711488218765892e-11
GTGCTCAATGCAACCT-1,0.07035072949881382,0.0842394522254867,0.2026765238620698,0.02563079308846864,0.24184013860112147,0.051966584811302834,0.2053097653482061,0.017986012572223622
GTGCTCGCTTGATCGG-1,0.05803753341194073,0.01933112012501926,0.36398824289933035,4.863164191783448e-10,0.2689650251852996,1.5733545738720877e-08,0.1896780615644099,6.541586522050904e-10
GTGGAACAGAAGTCGA-1,0.04147954898041351,7.29945144842861e-13,0.45834358272146364,7.010115940800854e-13,0.30788154048284255,7.48107790174565e-13,0.39229532781049453,1.226396269863092e-13
GTGGACCAACTAGGAG-1,1.594138928224475e-10,1.5941389304836707e-10,0.19120839348233823,0.014616198824678062,0.11789390329597924,0.026885662195115543,0.5493958418609486,1.492597948345651e-10
GTGGAGTACAATCAAT-1,0.005218078639434719,0.005218079336090864,0.3113723029100422,0.05426688583601464,0.10458605465114337,0.005218077899960748,0.41412052012699063,6.315204826380311e-10
GTGGATAATCATAATC-1,0.07964079834735256,4.696974750153055e-12,0.5807121875054808,4.662071117637827e-12,0.16000659200083978,4.7324049776856704e-12,0.07964080646329541,4.627777477305771e-12
GTGGATTAACAGCGGT-1,7.208233289411291e-14,7.027399369897365e-14,0.2923146653232293,6.940360794761367e-14,0.16140788286275437,7.162148990337055e-14,0.44627745458059365,6.897753579342398e-14
GTGGCGACCTTGATTC-1,0.08219558821359567,1.3519920637886767e-11,0.24010855742626788,1.3376475859139896e-11,0.10089722313768089,0.004311821446835194,0.4724868097746602,1.3144127548573132e-11
GTGGCGACTGATTAAC-1,0.05049310489489582,1.2056365706129241e-11,0.3563659485123914,0.029484778454863473,0.1420500842370306,1.235577713203574e-11,0.49999999955225993,1.762888181547951e-11
GTGGCGAGGAAGGCTA-1,0.12775292207000638,0.13936048885313093,0.5852377804018332,0.2748701930324335,0.06891211749027004,2.2868687205983345e-11,0.003866497940259277,2.2038563691735047e-11
GTGGCGATAGGCAGAA-1,0.18856264732697028,1.286773457333809e-13,0.33394566936591596,1.2909332214943515e-13,0.022844777863029884,1.2993279482775962e-13,0.500000000001551,1.2637027621867913e-13
GTGGCGATCTGCGATA-1,0.2242794431406207,6.485396081758401e-10,0.30056409127543404,6.41443085626274e-10,0.2079080219483404,6.709014470056019e-10,0.4672484405040532,7.586772573515653e-11
GTGGCGCACCTGTTCC-1,0.32733979180208994,7.740990385502356e-11,0.4267114801913269,7.676321458262369e-11,0.11860893592917096,8.007548019709162e-11,0.32733979180208994,1.1496610787729274e-11
GTGGCGCCAACAGCTC-1,0.07827064372754161,7.118881995945036e-10,0.35264939693361097,7.46675423364814e-10,0.1902352686492803,0.11292690905180476,0.16591778001541704,1.6422124729919167e-10
GTGGCGCCACTACGCT-1,0.21310111736323759,5.416475909508618e-11,0.3891919191483674,5.276603060000364e-11,0.3064081591178517,5.5128796807609775e-11,0.2912988041865693,7.460235054607368e-12
GTGGCGCCAGACTCGA-1,0.10382095055397286,0.08279789856377254,0.4201150671818237,1.1345377337211457e-10,0.13292236337095678,0.05652275863904175,0.10382096154933754,2.803029778091931e-11
GTGGCGCCAGCTAACC-1,0.11937889063447378,0.02481193230600076,0.26420789757398416,1.8436354551737205e-10,0.2946919178444732,0.02481192854909928,0.17209743285375922,5.4494189791814084e-11
GTGGCGGACATTCTCG-1,0.011033999704207001,4.1483984503645325e-13,0.12952894944235283,3.9602526885762857e-13,0.16113760881691253,4.274748792115602e-13,0.5982994420350729,3.6761176787291784e-13
GTGGCTTCCTACCGTT-1,0.12060303667074748,1.2128173700177637e-09,0.49798002181217904,1.1983405762081362e-09,0.13758409983924902,1.2679504428229874e-09,0.14383283695544416,1.0969170303178667e-09
GTGGTAAGCCTCTTCG-1,0.005671683627652535,3.1834166129504918e-12,0.26618213405708846,3.1834166068827084e-12,0.0897737467514896,3.1980415049319832e-12,0.5383724355615078,3.084953075025605e-12
GTGGTACTGGTTCCAA-1,9.846048002337132e-11,0.36528652544044277,0.21457585457942369,9.074652344266008e-11,0.25485109421792973,9.074652335317899e-11,0.36528652544044277,1.0897574243284511e-11
GTGGTACTGTTGTAGC-1,0.22282932541416484,2.624366385880115e-09,0.4881532583563995,2.5214460832113022e-09,0.10357937686943772,2.5090084252724147e-09,0.3854380211887582,2.4645317278489086e-10
GTGGTAGGTCTAAGAA-1,0.09086258482958973,1.0783538064540699e-08,0.5331076037479455,7.851743460019187e-13,0.22528608930484564,7.885355138507411e-13,0.050743711366824686,7.561628070158623e-13
GTGGTCGCTCTGTAGC-1,0.24216138741284574,3.0508201189417867e-12,0.37602010884280407,3.146919860939219e-12,0.03147739648381275,3.3274571056210917e-12,0.25034110725192116,2.3315614887950824e-12
GTGGTTACCTTGCGCA-1,1.7533297746749773e-10,0.07899960676478497,0.435452649191517,1.677558546195731e-10,0.3444539329692006,1.7275328754782165e-10,0.34109381047745685,2.4488686381820537e-11
GTGGTTGACAAGGAGC-1,0.11231980492697044,4.241634446934223e-11,0.469574288656173,4.273816367755471e-11,0.16009972801644512,1.2039908450890778e-07,0.4580060576332875,3.992188986359538e-11
GTGGTTGCACGCGGCA-1,0.09529192067167366,0.08128637261792854,0.40128840148068945,3.1342210041925627e-10,0.23384415890455634,0.08828914541492806,3.1342209832660844e-10,2.8577814430936925e-10
GTGGTTGCCGCTTCAA-1,0.050609890756321954,1.435881456830629e-09,0.4813999830238741,0.12416852040705453,0.09625511518183535,2.287745720470848e-09,0.4475664844704539,2.1401536851849792e-10
GTTAACAACTTCGGAT-1,0.08717265210804295,0.013614124931981317,0.39195233596443174,0.13244460653488088,0.12311232191022872,0.047553975124163914,0.10414998332120315,1.4026662490733027e-10
GTTAACTCCGACCACT-1,0.06255974806047068,3.533604200349818e-11,0.5272670548973519,3.5057194227144574e-11,0.20015335652369343,6.997067330225014e-08,0.11001977090698965,3.392497624888986e-11
GTTAGACAATGGATGA-1,0.12863524401582802,8.502578108035318e-12,0.5101611046572017,8.719114094671327e-12,0.06503524733261709,8.582764370552981e-12,0.49616840264805745,1.0733836606770883e-12
GTTAGAGGTGTTAAGA-1,0.02371777310357492,5.23788769345751e-13,0.4069581989311656,5.173661739187627e-13,0.2213389011915595,5.250951445302337e-13,0.3006365647786925,4.938890520175427e-13
GTTAGGAAGTATACGA-1,0.19904299037278875,2.1868703950277082e-10,0.41400802453856855,2.3167080495411635e-10,0.2067262618129992,2.1407431850890735e-10,0.38022272251871453,2.4610916346854375e-11
GTTAGGCCTGAACATC-1,0.24667676313551226,7.667087286292034e-13,0.3864591520380162,0.03335679463850024,0.14243007642695255,7.743443011966894e-13,0.39107721375840027,2.3606438929450595e-13
GTTAGGTACTAACTGG-1,0.0643096181255869,0.1378682553850842,0.5346010949803841,1.401391154880169e-11,0.14304657117639438,0.020174460302813616,1.4679531624594686e-11,1.3974397318395702e-11
GTTATGATACGATTAT-1,0.05400921243584914,2.6138075076841027e-13,0.4556305953941627,2.573274212456778e-13,0.20298683758855113,0.03298615467611322,0.42180235484673584,2.6067330755973794e-13
GTTATGTTGCTTAGAT-1,0.04393006618997772,0.07253647177243192,0.3204530391005041,0.04393007131428166,0.26769631673922295,0.021397232334003532,0.130056401249866,4.013329146115396e-07
GTTATTCGGCCATTCG-1,0.2266541401015377,0.10896033166157167,0.22908333349911697,6.7793101851472974e-12,0.22746828991797394,3.253176940639079e-08,0.4078338722550732,6.6929300001362035e-12
GTTATTCGTAACGTCC-1,0.15630737193529748,0.3034246428007274,0.3597372880852109,1.5784255728916677e-13,0.03568769875544399,1.5923571257298777e-13,0.3448429984227312,8.264366110030563e-14
GTTATTGCTGAATCCG-1,0.0831072287212874,1.5166507347353843e-09,0.4926106542190545,2.743609731696811e-09,0.2864406394391973,0.2547342222011537,0.0831072496681396,1.289472623080848e-10
GTTATTGTACGTATAC-1,0.09953489674059696,1.1944333237406574e-11,0.5352718082248915,1.1439714472957929e-11,0.1519516960259422,0.08726532176672665,0.025976277214574513,1.0489341962909094e-11
GTTCATACCTTGGTTA-1,0.4352682981237838,3.2304355638103284e-09,0.27775746156915204,5.766841741328986e-12,0.05170593893080137,5.722769704647708e-12,0.4352682981237838,1.3238849797917598e-12
GTTCATCTTACATTCC-1,0.2856974695065104,2.401786607588858e-11,0.4406135903108615,2.436279779110079e-11,0.1879914705952051,2.532329395127226e-11,0.2856974695065104,2.336462228416053e-12
GTTCATTGCCTGAATA-1,0.09038080023630231,0.12308626921699489,0.30195480136562824,1.6702501359272364e-10,0.1383035916912316,0.13953429657949504,0.10674024070602721,3.747384988591056e-11
GTTCCAGTGCCTTACC-1,0.37984601384219396,1.5215223054203093e-13,0.40296629412058615,1.5045729159248113e-13,0.029927821854678127,0.0074138563395367086,0.37984601384219396,1.493000599246897e-13
GTTCCGGCTGAGCCGA-1,0.05307296273898602,0.019133075167801918,0.33624958235895663,3.269412498450183e-11,0.23828121304249528,0.05307296531485791,0.20019020139456453,2.387098097569558e-11
GTTCCGGCTGCAGTCA-1,0.15807259446472205,2.5882775144592467e-10,0.6108051672872739,0.10658160428470145,2.695141735751817e-10,2.5951021907861284e-10,0.3245406330176223,4.406213168449017e-11
GTTCCGTAACTAATAC-1,0.04349034220562598,2.502038748378964e-11,0.2981534577815912,2.5077655995561578e-11,0.21225234313966743,2.5310218035738388e-11,0.5000000003204688,3.2190901014711915e-11
GTTCCGTACCTCCACT-1,0.021439996874091562,9.153380819752403e-12,0.5647762296048962,0.0582193225136116,0.15751550374922302,0.058219296807249854,0.039829650491905795,9.069278224540721e-12
GTTCCGTATGGTAACG-1,0.055844021484509364,9.978988670805965e-10,0.19829292038577712,0.030260336870686397,0.15984103358063736,1.038378716798833e-09,0.45576168532416034,3.21093024455469e-10
GTTCCGTCATACGGCT-1,0.16066067143780072,5.7040198616130044e-11,0.40279964943259805,5.670139950582095e-11,0.19687086692552674,0.00018667388146512002,0.4394821379416085,5.6200680569949364e-11
GTTCCGTCTTATCTTA-1,0.0785189895492631,1.9947443602307347e-11,0.2189934802713515,1.9622367556075432e-11,0.12164367821536823,1.9798366628726412e-11,0.5000000470019669,1.9342893931591425e-11
GTTCCTGAACCTTCAA-1,0.050311388453291375,0.05031140370123201,0.5067688492877135,7.053641198527767e-09,0.23098362363603112,7.68016123929303e-09,0.06162471592397741,4.999227582500118e-09
GTTCCTTGAGGAACGC-1,0.1450656479658536,0.04548379509725632,0.3188731543106741,0.002910197492957778,0.14246038560425267,1.1823919669472022e-11,0.24520681951236767,4.9764870298880645e-12
GTTCGAATCACGTACG-1,0.17736928232516544,7.394836420824426e-10,0.49115072584647823,7.547477704060236e-10,0.07528923942479081,7.96604693661244e-10,0.456190748798812,1.1629491937753523e-10
GTTCGAGCTCGCGAAT-1,0.03561954777014106,2.827519783214394e-10,0.380707282496374,2.791942246078203e-10,0.055316923754371826,2.791942239613224e-10,0.49999999755077934,3.7718915861838214e-10
GTTCGCTGGTATTAGA-1,0.02148793238336721,0.03013843167592049,0.4046149785203015,1.8657756586056004e-11,0.21455854109439773,1.8931163930137184e-11,0.2292001162753685,1.3850073691669034e-11
GTTCGTAGGTAGTGAA-1,0.06698601580266621,1.810571372573167e-11,0.5200092232592066,1.8250222595261348e-11,0.14336500028903035,1.801069277633887e-11,0.17083609788568596,1.7777369063221662e-11
GTTCTACTATACGAAC-1,0.018307188105063595,1.0485189525043552e-11,0.19694915969337976,1.0341554737442313e-11,0.14967469117426205,1.0485189495627355e-11,0.5350689610019639,1.0201013325066688e-11
GTTCTACTATCATATT-1,0.24513441361047733,1.091414362711518e-11,0.4622319152149529,1.0939294236043105e-11,0.19263369885091097,1.092544148492779e-11,1.092544148722239e-11,8.70378979390827e-12
GTTCTACTTATGGTAG-1,1.6767675019337227e-11,1.6767674998462497e-11,0.31085645939304885,1.5259178230390052e-11,0.09393263209046807,1.525917819335552e-11,0.4952109084414406,1.2393620501984265e-11
GTTCTGCGCCAAGCGA-1,2.4408811445519868e-08,0.23285504736785745,0.4347062534418541,0.03670362696833283,0.15903139983791306,0.03670362356601018,2.4408856818425333e-08,2.1764766656200218e-11
GTTCTTGATCTGTTGA-1,0.16138206740826366,2.5940791188932357e-11,0.500341080896019,2.568344083260762e-11,0.0960790768994679,2.5683440644936882e-11,0.14219798288027086,2.7908567584455387e-11
GTTGAACCAGGATCGC-1,0.15514795167210613,0.04763245608138355,0.22771549137314093,0.01996124510122064,0.15436865997587454,0.04763245430122756,0.22739233726810898,0.0201494042625823
GTTGAACTACCGTTCA-1,0.09678876734672544,2.340659898087354e-08,0.32702112266307976,0.03057962422621357,0.06352079962605912,0.11374337197197221,0.2683462860919263,4.673163521571007e-09
GTTGAAGGAAGTCGGC-1,0.2528956875803138,0.033277840842049676,0.35762615557686256,3.234032633192389e-08,0.1303993563263445,0.039162526588174644,0.08663840073568053,1.180958389380671e-11
GTTGAATAAGTCAGCA-1,0.007893391955720865,2.096827653174054e-13,0.44040031559826964,0.007893404227341532,0.11017247834959872,2.1524668171985093e-13,0.3336404098689487,2.0842769837739358e-13
GTTGAATGGTACAGTA-1,0.12913104617491036,3.3106520073032543e-09,0.4959104654383902,3.3244309785046718e-09,0.08617968825680355,3.3522614404310694e-09,0.48877873069894273,4.0090715616644363e-10
GTTGAATTATTCGGTG-1,0.08428593072315281,1.024631000586217e-12,0.369660791328962,1.0133555058068142e-12,0.0719357419108058,1.0284390771905098e-12,0.49999999997134237,1.2688672951023037e-12
GTTGACATGAACCAAC-1,0.09155346845305194,0.0915534718703448,0.26308154266636763,0.03939809100450821,0.19360925566960363,0.10827362493140275,0.08049903658466458,0.03203150882020375
GTTGACGAACCAGAAC-1,0.006402062008510235,5.1543018454924245e-14,0.3889164373192905,5.1271968269648956e-14,0.07469912000240905,5.0870470581351454e-14,0.5000000000001634,5.060619069100324e-14
GTTGACGAATCAACTA-1,0.06156241223573357,0.03559622602077138,0.1821106551451279,4.985267335384297e-13,0.25843317428327084,0.009630027940193206,0.3526675043741925,3.190750315059858e-13
GTTGACGGATAGCCAT-1,0.24743895996300955,1.65539728001973e-10,0.43421197748071366,1.678470188749971e-10,0.049275692490674615,1.684377933143582e-10,0.2419809341812438,3.8463724225416905e-10
GTTGACGTCAGATTAG-1,0.04770695786738696,5.309130255452385e-11,0.13482514233629897,4.806694981812168e-11,0.12459435932267901,5.213273489043888e-11,0.5928735402991736,2.3246902652633127e-11
GTTGACTAGAGCACGT-1,0.13888114133734594,1.1183517518084444e-10,0.4907127621435653,1.1090678958327835e-10,0.08706718707642062,1.1206922908635388e-10,0.27845128753851556,1.1799029566159321e-10
GTTGACTTCTATGCTG-1,0.017670179999517012,5.746714824568489e-12,0.4352659776766272,5.51388598630385e-12,0.3687147947980994,0.017670173695078735,0.3606788738013577,5.291774011098791e-12
GTTGAGAATCACGGAG-1,0.06217421159835629,1.495344995845206e-11,0.37630053177687206,1.520907312601292e-11,0.15167952869909077,1.5209073092849595e-11,0.5000000000288571,9.54029362706022e-12
GTTGAGCTTCGTCCGG-1,0.2349809933356616,2.913794082192546e-10,0.40741768023508257,2.8644882131797054e-10,0.16034515754237172,3.043189539164509e-10,0.3972561678493124,3.9148959557904774e-11
GTTGCCACAAGTCATA-1,0.12756777012963455,1.6162587091878797e-10,0.21769342176335374,1.602477722087223e-10,0.13959000683956427,0.13982265359101959,0.49999994676538934,1.7740936794051466e-10
GTTGCCACGACAAGAA-1,0.02610107230488524,1.3094532412690756e-12,0.29523630525731526,1.3008048706739858e-12,0.16019007650567454,1.323525213160968e-12,0.5000000004467275,1.274666806507383e-12
GTTGCTACGTCTTAAT-1,0.031397164172704814,3.1501392853333605e-13,0.16503177226713925,3.206984365610934e-13,0.32188771328200133,3.305880608745386e-13,0.3816833502808002,5.2917744984277e-13
GTTGCTCCTGAGATTC-1,0.051526542976381325,0.002477666671541889,0.4472792573500479,3.0260603957977177e-13,0.21720579948028979,0.07113727789858545,0.11037345562294637,2.932316603759364e-13
GTTGCTTGCAATCACT-1,0.07851894269730993,3.3088808345623275e-11,0.35636594908707964,3.33047098865294e-11,0.011512121968269111,3.3596793175656736e-11,0.5000000001557613,3.218312427290736e-11
GTTGGTCCGCCAATCT-1,0.0593636199771483,0.0005181324442435541,0.23208140583516348,0.05936363076477445,0.48879145931582346,0.05936361786782983,0.0005181337716911405,5.0169481585570614e-11
GTTGTCCTGTGATGTA-1,0.15071701074346353,1.1897067626365084e-09,0.4846087955041502,1.1211472745712665e-09,0.09872419264554752,1.4371428437362426e-09,0.46594999496306516,1.459436198012831e-10
GTTGTCCTTGAGCGGT-1,4.7574018500117434e-11,4.533801792898753e-11,0.3015965632478044,4.4633846389304997e-11,0.10212238568402932,4.757401866370067e-11,0.5000003118941032,2.7987430032460998e-11
GTTGTCGAACCATGTT-1,0.05754150178977447,0.05754150838923737,0.499225561861894,1.0705665627915972e-08,0.09687084483550559,1.5443427717025224e-11,0.4888205717592417,3.4860024437284362e-12
TAACAGCAGGCCTTAC-1,0.1324345379129091,0.0399800431234628,0.44127737592762806,3.733479876008318e-09,0.22629774531446717,0.030005146466118956,0.03000514682082226,7.014603486120284e-10
TAACAGGAACCGACAA-1,0.04311654409756244,5.419707890637655e-12,0.5735020394871535,5.639695638145419e-12,0.23638448982952165,0.013693097727879086,0.033303828845347425,1.860317450130573e-12
TAACAGGTCCATACCA-1,0.26894542754325607,8.427431584336983e-11,0.4635050836188298,0.04363060112851851,0.15497345994944622,8.125336186531666e-11,0.26894542754325607,1.835095406434443e-11
TAACAGTCTACTATGG-1,0.008990632452865497,4.002366266311129e-13,0.5180675043503047,0.04576995092729486,0.1631998675916835,0.00899062723818031,0.4549814174369222,3.585718614026981e-13
TAACAGTTCCACTTCG-1,0.38703817870802515,1.9646553674958823e-10,0.42592364167504,1.9350996719476229e-10,2.0884183775775552e-10,1.9253897914078376e-10,0.38703817870802515,2.691237368139862e-11
TAACATGCGTGCGAAC-1,0.15044769482954318,3.506280830378717e-08,0.4235437536358395,2.2328043490782705e-08,0.12224453287765802,0.03568889682736131,0.16807505913502988,5.329400825986405e-09
TAACATGGCCACCTCC-1,0.38166874076729007,7.227654939012575e-14,0.3791215952724121,7.252196302506673e-14,7.584166696234331e-14,7.429013040087563e-14,0.17214435860168123,1.0587201735600234e-13
TAACCAAGGTGCTCTA-1,0.16596472586021965,0.01711075038105095,0.3535009581250805,0.001634054802153607,0.2733553119199414,0.06357037104893533,0.02486382785584679,8.593320434826692e-12
TAACCAGATACGCTTC-1,0.028470578938220113,1.2759376725313958e-11,0.223289256275096,1.3048643358652532e-11,0.10969414909997502,7.24408547428569e-08,0.538545943251874,1.2592529150756986e-11
TAACCGGATGGACAGG-1,0.039829139032199486,1.242857851778996e-10,0.21976866794483563,1.2496462849734628e-10,0.2150521923827513,1.3352686633499594e-10,0.4253500002330856,4.1519539554677076e-11
TAACCTACGGACTCGT-1,0.06679134559585902,3.939332561020662e-12,0.2534437637938059,3.913916248585715e-12,0.26637523412877767,0.0013979888468290682,0.31199166763624175,3.839593937491274e-12
TAACCTTGAGACTTCG-1,0.17188900864016748,1.4188088666346204e-08,0.5303350507243954,6.817271595781454e-08,0.11515420805791955,0.029997507854161727,0.05262413860453316,3.801823484700856e-09
TAACGAATCCTAGATA-1,0.04971786229778406,5.683256604883963e-11,0.4846310306048359,0.0006879983040795638,0.04483677979245268,0.08242203022873809,0.23770429892494446,5.464651994897683e-11
TAACGACCTTGCCTAT-1,0.08192815406351601,1.052808996163786e-10,0.28846847232303613,1.0528089951666694e-10,0.19595209957466958,0.03287926699232994,0.30077200680263144,3.4354284903051487e-11
TAACGAGCCGAAGGTC-1,0.22109160952145018,5.884171320844639e-12,0.4986656710726697,5.8841713300536405e-12,0.020448505478574176,6.003948545984192e-12,0.4597942138529087,5.0043308740957515e-12
TAACGAGCGTCTGGCC-1,0.02388030362331667,1.0278070073924692e-10,0.33219147600872634,1.0118154992617861e-10,0.1998471602545173,2.3589630426897772e-08,0.3440810363278236,4.863981147206564e-11
TAACGAGTTGCCAACC-1,0.17695518300773305,1.0481050860610365e-11,0.5212051962341818,1.0491666633988496e-11,0.2018397182140539,1.0476335853003184e-11,1.0476335854081828e-11,8.813326878483246e-12
TAACGCATTGGTCCAA-1,0.05400921257137662,6.807025047635453e-13,0.5527057133080354,7.036822233862774e-13,0.40860816035431663,0.0049603155852595586,0.07851895051736686,7.720674012505021e-13
TAACGCGTAATATGGC-1,0.08888121273134882,0.0561210103417352,0.35825252060729773,0.007086836952284549,0.25289196473181447,0.06430072104569627,0.07246573358508948,5.627650657557907e-12
TAACGCGTCAAGCGTT-1,0.08357449620040583,1.2575090675143387e-11,0.4611883761236523,1.2700939705301829e-11,0.3736602729289005,0.2633811871782995,0.01819566750382297,1.1641741372527214e-11
TAACGCGTCCTACAAC-1,0.0838184150826434,0.12059773315338196,0.4075499185498427,0.010259803264022094,0.12039708527460345,1.172239326509915e-12,0.15737704467361122,1.3517856019246398e-12
TAACGCTCATACGGCA-1,0.04445773100749134,0.10983663148576236,0.5234975237841168,0.10165692165486974,0.20087791861130944,0.04445772579279044,0.1752155475619015,6.323621664382343e-13
TAACGCTTATGCCATA-1,0.07552952107275411,4.6325870845884284e-08,0.24740092755510892,0.01328421413452387,0.47214690925468417,0.02459752720718024,0.06704085443958094,1.61415999293625e-11
TAACGCTTCGGCACTT-1,4.2173393645785476e-10,0.1470906135732956,0.43105097436794054,4.0486802951211707e-10,0.2296088569948664,0.07353199193995374,0.3187175621114625,5.6653400148711e-11
TAACGTCACTATAATC-1,0.07755765807982232,0.007831588753151009,0.3773901643658223,1.907480128077575e-11,0.22490941457066396,0.03879976312443951,0.1735114110823513,5.177882956227542e-12
TAACGTGCCATAGTTA-1,0.0917365075694001,8.864654039663227e-12,0.33280153970202075,7.839069185349146e-12,0.37372728125392757,0.026342886224459187,0.07539178522951134,4.709886095936848e-12
TAACGTTGCGTCGATG-1,0.2526219699580878,0.0027257017456397835,0.4250960485707677,8.232885605902159e-13,0.13095422411563662,0.028309386033651327,0.06029266957513241,7.957275275940009e-13
TAACTCCAACATGGAC-1,0.1991890261276144,1.5037244763353996e-09,0.4625545160076516,1.0919404528281164e-09,0.10508731426823782,1.4006704792054963e-09,0.4331691389378024,1.1612058992862729e-10
TAACTCCAGGTAGGCT-1,0.010742177557906208,4.1666029674944714e-12,0.28160327512811245,4.155869288895286e-12,0.10051091788575973,5.390006457505728e-08,0.5071435755542835,4.053970420886769e-12
TAACTTAACCTCGGTG-1,0.047280331481435546,3.1872544505950538e-12,0.11212998790626018,3.4015590843571044e-12,0.1859244936642688,3.2920259989658843e-12,0.5546651869356009,3.0263972906838777e-12
TAACTTGCACGGCGGA-1,0.19546244316604827,1.6822912007639195e-12,0.43480491942827787,1.6625270637214858e-12,0.11441895980575971,1.6909078400847428e-12,0.2916477103844156,2.0909485935830956e-12
TAAGAACAGGTGTAAC-1,4.567769002272021e-12,0.053525647822849916,0.19030290644722073,4.1588952112824564e-12,0.109907750304506,4.567768997018597e-12,0.5462636954099638,4.003840896625869e-12
TAAGAATATGAGATAG-1,0.18800778691123474,9.764696927859998e-11,0.5304664035092184,9.516416078370259e-11,0.05657247431431548,9.556873789697155e-11,0.12495333508076772,9.167734173070915e-11
TAAGACCGAGTGAACA-1,0.06681774383651233,5.775298846215752e-11,0.24839519452669584,5.7444446748285527e-11,0.210342326400626,5.837634077073194e-11,0.3744447350402679,2.3306306842933978e-11
TAAGACCTCAAGTGCC-1,0.11939570131935837,0.048571429032191,0.19359884109231362,0.010188535534054395,0.1592144032490667,0.035772223757567244,0.3332588660135203,2.029369125384434e-12
TAAGATTAGATATTCC-1,0.06830983610686125,0.0535981220836747,0.4486918785551908,3.2123695703539805e-10,0.27580204686397897,0.053598115622246076,3.3532661240704504e-10,1.251764214319381e-10
TAAGATTGAGATTACA-1,0.1360033940226129,0.030436225230089393,0.24310622334874935,0.009427882651899316,0.33581051690695873,0.019932050310614513,0.12528370752792461,1.230386216585154e-12
TAAGATTGCAAGTTCT-1,1.8006326478748475e-10,1.772053333104208e-10,0.09684458356234596,1.7180473243252637e-10,0.2841034321186501,0.043447523595674505,0.4756044636163891,2.276923013212655e-10
TAAGATTGCTCACTTC-1,0.032532805351646876,7.641192334311904e-10,0.561164256614739,7.641192326812486e-10,0.1266528877768606,8.024858667066327e-10,0.1796500477182961,2.2631841042087472e-10
TAAGATTGGCGGTCGT-1,0.126246063572429,0.021160095820369748,0.2677737061791007,1.0222365054966484e-10,0.4635014058050932,0.0211600913615883,0.00015863709296187284,9.965846720293245e-11
TAAGCAAGTAATGTGG-1,0.12003708347660987,1.963461472008323e-09,0.2975532233887963,1.9131581592498333e-09,0.21034163971905973,2.1009134538815217e-09,0.2720680479135477,6.092894674428265e-10
TAAGCACGAGACCTAC-1,0.2359638566739172,4.090442174006952e-11,0.5195722545970999,4.0235669144300064e-11,0.16749799118062342,4.014201347891268e-11,0.03464860611396174,3.974171695403718e-11
TAAGCAGTAGATACTC-1,0.12321959042339668,0.017471710596443743,0.3980738654583409,0.008276883956632999,0.18007739962438776,0.12321958651237089,0.04966096342793782,7.094937054762121e-13
TAAGCCACAATTGCCT-1,0.05381387983293104,0.04607552542843045,0.4852279688630575,2.4330121773183833e-12,0.16814948022466447,2.468937488001089e-12,0.1467331456476987,2.341184961583271e-12
TAAGCCATACGACACG-1,0.0706509841226449,0.09027643352171517,0.3283872370416857,2.176622325140931e-12,0.2889793739468902,0.0020060915303373177,0.11969987983353572,2.0821193544760985e-12
TAAGCCTGGCTTCAGT-1,0.3607424408061653,0.0034540807862565846,0.38362125258180246,9.776374496327268e-12,0.08680075627034091,9.93570558421602e-12,0.365381469504618,9.588311393871177e-12
TAAGCCTGTAGCGTCC-1,0.03852772965111481,9.420822685620206e-13,0.30190502680759196,9.274083901303979e-13,0.1372548774566266,9.514926994772537e-13,0.42231252635122735,9.149397071900913e-13
TAAGCTCCTTCACGCC-1,0.1942627968226356,5.078141147972179e-10,0.45230624721642904,5.053579183123462e-10,0.1461081142980051,5.229717634889609e-10,0.4073228399014637,5.975712296604324e-11
TAAGGACGCCTGGTTG-1,0.04342416011049093,6.878725053374954e-12,0.5769987778949499,6.720081433344457e-12,0.1156834318678688,0.029403886245454817,0.13448974386214083,6.6381857598939885e-12
TAAGGATCTGAAGATA-1,0.04807754612071857,3.5372545186446218e-12,0.20241140655261236,3.537254507894169e-12,0.09737413662178142,3.849174596482156e-12,0.5521369106913743,3.2636502355361354e-12
TAAGGTATGAATGCTA-1,0.02915868687357663,4.456947022213966e-12,0.4801405648859071,4.669938365378496e-12,0.23026299264243977,4.669938369224059e-12,0.4604377555651039,8.00072029013802e-13
TAAGGTCCGTGACCGT-1,0.10109010846307342,1.4375289842653718e-11,0.5275316126209941,0.020837658490724772,0.2163300109848997,1.4375289878227448e-11,0.034210609406559934,5.08783879781946e-12
TAAGTGGCCGCTCACC-1,0.23321447476432453,2.228870087013231e-12,0.46795974390726075,2.2904206021207002e-12,0.04028166420095053,2.3030149884821012e-12,0.458544117103456,7.04517998802545e-13
TAAGTGTCAAGGTGGC-1,0.042879408965520116,3.979739075633938e-13,0.3570788174187463,0.0008480316559931943,0.26631765195640805,0.08491081312547925,0.1479652768774529,3.828747355326659e-13
TAATACCGTTAATTGC-1,0.1275678245476228,7.457563435363542e-10,0.499484967943064,7.151757445839314e-10,0.06065764472551055,7.111556089047404e-10,0.25629541999648403,8.166319103034875e-10
TAATAGCGCTGTACTC-1,0.1396346605662657,4.1483711592033506e-11,0.429931920070123,4.075987500302679e-11,0.0804608057179161,4.225605724294668e-11,0.24997261620338485,3.829883040404849e-11
TAATAGGCTTGCTGAA-1,0.11285610564352785,2.902547007136432e-11,0.5311682846247932,2.916453728685782e-11,0.16157578046915347,2.9164537265314725e-11,0.21583818000245267,3.053863104132617e-11
TAATCGACATTGTTGG-1,0.4987791056373315,2.370826782280527e-11,0.5075895448334007,2.265704511379314e-11,0.09288267337169054,2.3125531866436524e-11,0.10074853758919236,2.800194742621068e-12
TAATCGCAATGTAATA-1,0.083302052374774,0.009743424756690187,0.5725332136025354,3.9764119781434507e-13,0.22412925634989053,0.0005486259799607927,0.00974342693610848,3.8597586757773015e-13
TAATCTGATAAGATGT-1,0.1028350753723298,0.05719293449650892,0.2522772110459031,0.05719293465740669,0.21263651507011402,0.07298135844512636,0.092525129131884,0.05235884178075513
TAATGATCCGGTTATT-1,0.08461638660739537,6.419279424702537e-10,0.45224534114615567,6.419279378579476e-10,0.12714826470317495,0.018413699400961773,0.2175763066765211,1.975622817614192e-10
TAATGTGCACGATCTG-1,0.2305498502732214,0.02458569309163276,0.5269488886024563,0.08343260153223414,0.3186379341310305,4.8107572060548144e-11,4.792451960001707e-11,6.30457895581451e-11
TAATTAAGGAGTACTG-1,0.1614547000072606,0.024841634549890263,0.39785183067341034,2.243399013475732e-11,0.29101020459845645,2.265432675414139e-11,0.024841630114077907,1.3407379744680127e-11
TAATTACCGGTGCGAG-1,0.3823022289062633,1.7938362048213116e-10,0.3179043438655142,0.1469146389294282,1.6810071213765383e-10,1.699534708436942e-10,0.3528787876936707,2.1576332292834054e-11
TAATTAGCTCGATTGT-1,0.06451337076582944,0.106544772025067,0.35454204404597556,3.0041740392857363e-12,0.15107578222245913,2.9840036096734603e-12,0.4999999915720354,2.928048545505368e-12
TAATTCCTGCAGAAGG-1,2.4817111549758935e-12,2.435284520994421e-12,0.42757961571284414,2.4202007527022417e-12,0.10349100120116889,0.020039092528792032,0.34889029056968524,2.391275502746337e-12
TAATTGATTCTGTCGC-1,2.0371679081272146e-13,2.0062074015640979e-13,0.4485556003892706,1.9700043644154235e-13,0.22255902387880044,2.0062074019968167e-13,0.4999999997875184,2.0873403919569276e-13
TACAACGGACGGCTCA-1,0.0730971666343929,0.028961994170956268,0.2370707990652915,2.0517598733214983e-11,0.1780122445706594,0.01425029319183724,0.3686075023410054,1.2567023530577719e-11
TACAAGCATAGGCTGG-1,0.06947983159274213,0.044970103184288485,0.5824722276554175,3.4524251339402114e-08,0.18263215149484105,0.020445651538074677,7.69019274317557e-12,7.4652456000914e-12
TACAAGCGCCATCGGA-1,0.026895533757127707,1.9738187337714502e-10,0.3733963947952548,1.9936114929678313e-10,0.09711255691623692,1.98696273436049e-10,0.49999999799007006,3.4224289889481096e-10
TACAAGCGCCTCTACA-1,0.03118703681337012,1.4835055841076748e-12,0.45042145983356285,0.08840095073079283,0.17379645309676015,1.5313782777703007e-12,0.456194099509583,3.7930173304366543e-13
TACAAGCGGAAGTACG-1,0.4218305614312484,2.5601048671850236e-09,0.48831478423964114,0.21490533207506868,0.07494931531751002,1.431194138505104e-09,1.3055968680123276e-09,2.2038889035552194e-10
TACAAGGTTATGCGGT-1,0.17983806834269606,1.003213918458343e-09,0.43536514769961726,9.919838499525683e-10,0.11658933478689726,1.0032139160527694e-09,0.46820744418992766,1.3265122563938283e-10
TACAAGTTATACGCTG-1,3.6626904144769975e-13,3.535646463548657e-13,0.4641254117641237,3.5356464656186763e-13,0.08975233417088335,3.662690424217049e-13,0.34612225933539364,3.612659627046814e-13
TACACCGGTATGTATC-1,0.08736589948712098,7.65527089317533e-11,0.5172413974325061,7.637429780043942e-11,0.2768465063935919,2.599545965646763e-07,0.318545936303757,7.072797276626989e-11
TACACCTCGTACTCCA-1,0.02443423092177581,6.418568590131634e-11,0.2808102186563534,6.079902501570375e-11,0.2107834243887554,0.040778945393296254,0.3431931805092445,2.5717637234799756e-11
TACACCTTGCGGCAGG-1,0.09254481615890174,0.08359169086360158,0.23916585082579947,0.06714706602751995,0.13904455315945036,0.07504313044823181,0.14965784799538748,0.053805044524564354
TACACGAACAGCTACT-1,0.051867030890128105,0.02275439825875529,0.3014307780168116,0.02995470601426037,0.2573441593907401,0.051867032166174845,0.18478189347403234,1.7891552620282361e-09
TACACTCAGCGTATAA-1,0.06451337376778563,1.7129935362029804e-12,0.5263693444388988,1.6895842690863915e-12,0.08537944578128502,1.7249457129600754e-12,0.49999999457653205,1.6586200831633191e-12
TACACTCAGTAGAATG-1,0.12031844475512841,0.0418575403865593,0.3477999218401901,0.0065494220636334866,0.1854596120162888,0.12646792674142143,0.07154713217311699,2.5827247322871363e-11
TACACTGCAGGTTAGA-1,0.07829271619738297,1.457737737831234e-11,0.37113078638880914,0.030582596936260014,0.3389531488224141,0.006720196894199906,0.07432055473757979,1.1915564000806857e-11
TACACTGTAGTCAACG-1,4.28951271756695e-11,0.037031890225117936,0.30827940049317876,4.289512719550529e-11,0.16417593681362544,0.0030787345098525955,0.500000000093936,4.1438889402652794e-11
TACACTGTCGAACCAA-1,0.12666146376346327,0.03240867364842567,0.46853776838636724,0.007884273649379707,0.11930472034078772,0.08202666219146779,0.06317643788192877,1.4460640782207058e-10
TACACTTCGAGGTGAC-1,0.19546244322034156,0.07097183354114206,0.4707614723731773,3.7616865525889084e-13,0.10894721633124435,0.014390532007718566,0.1615077870908375,4.792869211812584e-13
TACACTTCGCACCGAT-1,1.3155523997660795e-11,1.3352393185472391e-11,0.1351921984379725,1.3177085944892851e-11,0.037623448845944714,0.3019164862718626,0.5000000091957015,1.2877645693922452e-11
TACATAGCAGACCAAG-1,0.011963116759073283,2.5087733501723936e-12,0.4717341064331331,2.4546856552281795e-12,0.2777442632098172,0.1590803451807282,0.07501755633496081,2.6861916819434628e-12
TACATATGCACCAGTG-1,0.07097183455045264,2.99990276831911e-13,0.5077400177870999,2.964665386461115e-13,0.07707115871599043,2.99990276929053e-13,0.4999999998164998,3.1431917867865287e-13
TACATCGTCAGCGGTT-1,0.28280837066755843,0.1976422097448079,0.5140675538900703,5.082499238418654e-12,0.05429930935138173,5.72395271372717e-12,0.1511825561811694,5.062686379520591e-13
TACATTGAATACGATC-1,0.08813246728986066,1.2343063350481386e-10,0.4290217688632842,1.189350790416389e-10,0.2556002952980295,0.06712412739837406,0.060121340874366665,3.909407870022804e-11
TACATTGAATGAACGT-1,0.0409157861173585,9.77198598379745e-14,0.17785538898851358,9.734796462074752e-14,0.163631982107715,1.0297260487221841e-13,0.517596842791437,9.623469474513419e-14
TACATTGACTGAGTCC-1,0.043062293350470925,0.001031205773529442,0.2715024744991054,0.001031205437010993,0.19807955146185027,0.001031201331530388,0.38426206813798003,2.0573266742222725e-11
TACCACAGGCCATTGC-1,0.046312139111284574,3.938217730707145e-12,0.20561036072053074,3.745976716634764e-12,0.09518768723298583,3.840417407592457e-12,0.5528898129210953,3.2393555414701566e-12
TACCAGACAACCTCAG-1,0.063917728727569,0.05389904945400441,0.5992002014357822,0.02713842130734165,0.11158643105176728,0.017119750858277924,0.027138417131338282,4.535262806168006e-11
TACCATTGATCATTAG-1,0.11055567450763693,0.012472734656484645,0.3580584742282682,1.039899711992012e-10,0.16512688588970575,0.045162052270756016,0.20862417830732993,9.087840516880505e-11
TACCATTGTCCGCCTT-1,0.11631803724853665,0.045289833403429645,0.448579827449287,3.0424369781534374e-11,0.2042934597428728,0.05544092815260979,0.03007791395783974,1.5047343043591216e-11
TACCTCAGCGGTTGAT-1,0.11189872957805713,1.5761264049568377e-09,0.5644410105442695,1.2258580324454663e-09,0.08233807348821869,0.14132218136991806,1.2349955183260154e-09,1.1551497542185947e-09
TACCTCAGGCAACAGA-1,0.09814437499691475,0.06136506256784608,0.5211688716475059,4.429832050303242e-11,0.3296867869734317,4.547257672448075e-11,0.09814437959006597,5.05150178638711e-11
TACCTGCGGTTGTCCT-1,0.49163798652564134,1.9194248618427972e-12,0.512920358109185,1.925880003114813e-12,0.18941311325765292,1.9588299657685994e-12,0.006028542002344212,1.880547487479594e-12
TACCTGTTAACGGCCT-1,0.12756781976305495,0.36295545336514906,0.4569700444233029,1.7979094115011141e-10,0.0532168026124482,1.8150212270112787e-10,1.8690761177910878e-10,2.935649461628236e-10
TACGACGCGATTCAAG-1,0.3452068216631949,8.612331882610086e-11,0.37540278948377626,8.655441273759836e-11,0.13418356689690636,8.569559354087795e-11,0.3452068216631949,1.1438464994958955e-11
TACGACGTCTCATATT-1,0.06782625507254444,3.9648039257072694e-10,0.3006159499054418,3.909082029868703e-10,0.08355807849907992,3.964803905740056e-10,0.4479997151858234,1.6585865138222384e-10
TACGACTCTGAACACT-1,0.1037052718066815,1.128610032576038e-10,0.3326817999687629,1.1164898450013605e-10,0.23661873592088772,1.1327054328732524e-10,0.49999986639880717,1.1414784228134465e-10
TACGACTGATAATCGC-1,0.09760606619877683,0.1040056727967099,0.5151768233405329,3.911867645268359e-11,0.17515555657017526,0.008055881001546871,3.8259671392727935e-11,3.4378027361341566e-11
TACGAGATTGGTCTGT-1,0.2893968330721388,9.44696986877829e-13,0.5508685934609747,0.0025182645656346737,0.1260757041527553,0.017229901638735733,0.14227956110730924,9.138961805674015e-13
TACGCCGGAGTTCTGA-1,0.13202547605611636,1.6191851739803082e-12,0.4010614548722287,1.6191851749431464e-12,0.11064173290803797,1.6309722532076278e-12,0.4999999988033999,1.763837435769617e-12
TACGCCTTGCCGTGTT-1,0.09794174615209152,0.048892856421535916,0.4966036220088655,4.867073322428425e-10,0.1782454676267847,5.121421826499865e-10,0.07831630670252182,9.192128524234496e-11
TACGCTCCGGTTGGTA-1,0.04269453866587652,0.057406239591109916,0.6267608091399318,0.06476209172023265,0.10837631659442237,1.640408465357947e-09,2.2827107950756566e-09,7.47470108560915e-10
TACGCTGATAGCAGTC-1,0.10776839260592024,0.02624608124414183,0.24957003531622396,0.01675707029233871,0.3160475985136374,0.021508910354298586,0.1621019083237398,3.35752088114286e-09
TACGCTTCCGCAAGCT-1,2.1021741229037324e-07,4.651860032193035e-12,0.4141511759198401,4.560168509762953e-12,0.035859113865006176,0.22563620564133638,0.49999999962352343,4.537828070430944e-12
TACGGAACAGACGCGG-1,0.10145491518076775,0.0033718461996976984,0.5177438801158922,0.06876547339685274,0.17498154069169808,0.027896288674885656,0.3057860557394162,6.665035700688513e-14
TACGGAATACTCGTTC-1,0.13980884593649617,3.5319930109309164e-11,0.30706676721633697,3.709271725571917e-11,0.09035478923631916,3.5074093854748286e-11,0.36276959748886967,1.6665263093636553e-11
TACGGAATTGAACCAA-1,0.02153857697344812,0.18500055554137682,0.5357223579045847,1.3136971799941047e-11,0.28388881210500433,0.021538586258187012,0.15231110784175939,6.3468300471561465e-12
TACGGATCAGCCATCC-1,0.09182324312761453,7.058992052507886e-13,0.2679259115767371,0.002670192913782853,0.3939506384059406,0.029416101579584488,0.11421391239512135,6.758248564261107e-13
TACGGATCCTTGCGAT-1,0.013708566078319325,1.0089668297223616e-10,0.4053917624685012,0.01370857547607758,0.2707124640522012,9.89852458361639e-11,0.4964785334396297,7.760814018300305e-11
TACGGCCTTGTAGGAG-1,0.12185734727149067,1.1854635544469942e-09,0.5293523947565426,1.1526414035545856e-09,0.22807589423101146,0.020714359885172173,1.1743459326646846e-09,3.759668824462155e-10
TACGGTAGTTGCGTGA-1,0.018473589723697195,7.067929319424887e-11,0.21363050420567803,6.970399491312865e-11,0.10121765019216766,0.018473587092933726,0.5482046686220741,7.004414899905188e-11
TACGGTTAATGTACTA-1,0.021092388611796173,5.253595693426899e-14,0.2466385500295807,5.253595693033342e-14,0.12944049594231696,5.2669025891165395e-14,0.502828568411739,5.175061016543419e-14
TACGTATCCTATCACG-1,0.053643842623719816,0.012623767207642144,0.2908139854153702,0.012623767824474908,0.22537672168606057,0.0817332090899051,0.2231847059425645,2.1045839470284167e-10
TACGTATCGAGGTTGT-1,0.14490119392162001,7.019184877377926e-10,0.4877183851898515,7.272264973053548e-10,0.12360568176349687,7.55210227755516e-10,0.4437747362868609,9.184960226475778e-11
TACGTGAGGACAACCG-1,0.3350820492239757,4.130500188396815e-12,0.47772701028792536,4.220012067910229e-12,0.023818237746510998,4.192314378224295e-12,0.3633727026875134,3.755840666544281e-12
TACGTGGAGGCATGGC-1,0.1349237123795304,1.4541346051171784e-10,0.35027333602356925,1.471559106486034e-10,0.06085600758720118,1.4715591002923703e-10,0.5000000182081151,1.41350017595892e-10
TACGTGGCATCATATG-1,0.05914493217029988,0.1768387404102288,0.319903676125806,7.404773237850593e-12,0.12396715690388115,0.02972149209288698,0.4904240021437898,1.1044678051355787e-12
TACGTGTACATCCGTG-1,0.0712793333247531,0.057357887862708276,0.3282686961498095,0.030007880447614113,0.14306748711553446,0.043562298300208004,0.22645636724025558,4.956336189143769e-08
TACGTTATCCAGACGC-1,0.1231443624275969,2.9866258354217784e-12,0.27109206378179224,0.008716580664131163,0.10889865691909592,3.0267128057823323e-12,0.38814833620054817,2.9562768939605102e-12
TACGTTCTACCGCCAT-1,0.10550715027144775,3.637492088442828e-11,0.21817023205650146,3.6374920863373276e-11,0.07650126835205513,3.712370419956646e-11,0.500006914972217,3.581309428867398e-11
TACTAGGATCAATGGC-1,5.558233576209172e-07,0.1691669537552705,0.5216225174330724,2.2555788511616323e-11,0.35811221405070875,0.035422642779234834,0.11567511575566787,2.213008873171746e-11
TACTAGTACCGGATGG-1,0.1869324878015116,5.062873875856104e-08,0.5257387064520046,3.2382891796248856e-10,0.13620019172231587,3.2298876610263353e-10,0.05112856372464644,3.102318406043096e-10
TACTAGTGAGACAATG-1,6.608570430674357e-11,2.0941746348203844e-11,0.15871577513729584,2.8400860591126148e-11,0.37043733763707565,0.042125833182758796,0.3287210539248806,5.2478209732126965e-12
TACTATGTTGAATCTT-1,0.13121519380441754,0.19251896071473806,0.46937655617372126,5.562905749979285e-10,0.2143703405419548,5.647421164316096e-10,0.19251894727924346,5.675621186013232e-11
TACTCACTACTCACTC-1,0.07844948328134757,0.17350197788198113,0.38673446516450033,0.014028738381005575,0.1548643591587701,0.060002728204343506,0.03241824443942008,3.517913524364343e-09
TACTCCGAAGTAGAAT-1,0.1284276707482651,7.859235765645422e-13,0.45522000455071004,7.81703348920735e-13,0.04080739392497207,8.211759691517568e-13,0.27554493077443143,7.553711216049617e-13
TACTCCTACATCAACT-1,0.10445472629753112,0.015125130223489155,0.46166942722158805,0.05715652977753474,0.12099127415948983,0.04140027069723493,0.09920264162225238,9.641299572252064e-13
TAGAACATGATTAACA-1,0.10046985923468514,7.849015420294342e-11,0.3235495983989489,7.481172645070833e-11,0.11898676912523323,7.976272728324905e-11,0.35699377298361257,2.546768029029151e-11
TAGAATTCAACGTGGC-1,0.049034548432207815,1.733612598646494e-10,0.26923144247127084,1.7041285044275102e-10,0.061668099431423345,1.6617505288799855e-10,0.5200659112202264,1.7213263727972896e-10
TAGACAATACTGGAAG-1,0.1324858917887294,0.06710699175828536,0.4299400069656955,2.2335700336576505e-13,0.26057402056954587,0.009893088917484376,2.2335700280940854e-13,2.090775621083061e-13
TAGACAGGAGATCATT-1,0.09878665146238089,1.052135150464089e-10,0.4176374132959032,1.0195048319914347e-10,0.2734612588736038,9.984050796902958e-11,0.11011467602645018,3.8745016850819845e-11
TAGACAGTTCAGATTA-1,0.06626407771403672,5.962551625439511e-12,0.42111230361035484,5.8794385181844855e-12,0.10195022097846576,0.1152982493821802,0.3788882450355826,6.222936343892579e-12
TAGACATACGTCTAAT-1,0.05032417537743992,1.2028843313429016e-13,0.5036139759115263,1.200558820363176e-13,0.26112096832591924,1.207572946066431e-13,0.0849408810219748,1.2005199944638314e-13
TAGACATGGTTAGGTC-1,0.06217421115920645,3.0383898333128552e-12,0.31666075871743726,3.0232887435443204e-12,0.07838831983601344,3.084721933863785e-12,0.4999999999969078,3.3868603164656514e-12
TAGACCAGGATATCGG-1,0.11285610587980761,4.2671960581803546e-12,0.29040597664307427,4.16162072958932e-12,0.06404599465207383,4.210577956500783e-12,0.4999999999894914,4.815088285604318e-12
TAGACCAGGTACGATC-1,2.1710735009989433e-13,2.2113322091218098e-13,0.4022908682889195,2.1316703390090312e-13,0.36640188816892505,2.2032147035435906e-13,0.36520632947392107,2.607861351571591e-13
TAGACCATCGATTGAG-1,0.00025809498907072625,1.2323759805980046e-11,0.32991472585778364,1.2090904903938694e-11,0.43829370081013774,1.2484043963230193e-11,0.43153347825279664,1.2015229800863687e-11
TAGACCATTGCTTAGA-1,1.5017796999387478e-13,0.017229896885201077,0.40691531926202795,1.4747422173157594e-13,0.11551942234847444,1.4983458179142404e-13,0.50000000000166,1.438698133595002e-13
TAGACCGCGGAAGGAC-1,0.06136508296088872,7.407458532015942e-13,0.3909537866637363,7.390813852057278e-13,0.18665920399116126,7.525509544157856e-13,0.49999999973758386,8.037862583583753e-13
TAGACCGGCCAGTACG-1,0.01420851962132537,0.07551219332184252,0.5535532983695713,2.1160895163263195e-10,0.20378458722458634,0.014208523197014898,0.038732877976213054,2.1297266629563214e-10
TAGACCTGAGGAGCTG-1,0.06119888591280596,0.07667562259146507,0.34954490965725654,2.4859957103448003e-10,0.21275500252895754,0.09216706116157898,0.1076585178406522,5.906813166382958e-11
TAGAGCAGACAGTCCA-1,0.1501834946695501,0.029256121600178344,0.4423592221434757,0.0029809978270822412,0.22197473083580083,0.03450820060713476,0.018737232314212184,3.993422525619437e-12
TAGAGGCGATTGATTC-1,0.03236822755996878,2.0710972949301227e-10,0.5200080954676194,0.20545168043172896,0.08261078103623913,2.087334518397562e-10,0.2660198503132737,2.399835524193756e-10
TAGATGAGGACGCTTA-1,0.16959922352202345,4.799104488891994e-13,0.2818663060982566,4.680248984935553e-13,0.1881377659001378,4.799104482527873e-13,0.4999999998207235,5.228857680577167e-13
TAGATGCGTGCCAGCG-1,0.13345149538963214,1.109795507801055e-09,0.43965441357807516,8.62429613123362e-10,0.1945690499393134,8.75797588411599e-10,0.4323250377707121,9.909966119179597e-11
TAGATGGCTGTATGCC-1,0.11885152338764748,1.4118714893281513e-13,0.28998396662513826,0.00442372659572149,0.48674078339098487,1.4487006696688073e-13,1.4362110164524808e-13,1.3822594410919852e-13
TAGATGTCGAGGCCAG-1,0.04731538549934693,8.114541809892345e-10,0.4259403671768796,8.216034832997098e-10,0.09883283180937581,8.358709517980584e-10,0.49999999817299307,9.672198801683054e-10
TAGCAATACTCGAACA-1,0.12507691423706058,0.2427707187166321,0.2773211082063461,4.62249989909503e-12,0.24744811744859402,0.007383114419064398,2.6968731719203908e-08,4.5156887281084084e-12
TAGCAATTATGGACCG-1,2.3956248324966737e-10,2.2473644734286085e-10,0.41172109316388805,2.2473644754612228e-10,0.39560229501927385,2.3093104355955445e-10,0.39267661076470434,3.053763282220932e-11
TAGCCGCAATACCTGC-1,0.035471504516422024,0.09268542155041565,0.4620060359765614,4.044523521381065e-13,0.2743655229733129,0.03547151498979616,4.172970862894852e-13,3.8710104205591576e-13
TAGCCGCTGTGGCTGG-1,2.145374995582201e-09,1.263280339581318e-09,0.471461301702176,1.2163425674066974e-09,0.21425188060957492,0.11690145297730083,0.39738535963311633,1.2164931414874744e-10
TAGCCGTAGCCAGGTG-1,0.11026937672717861,0.03671075683298156,0.5030201749797373,4.416263140878982e-12,0.09180789156393353,4.341987329982972e-12,0.4581917998780175,6.187824624443961e-13
TAGCGGACCACTGTTA-1,0.03919138082672214,1.1891439763457624e-11,0.35629471974804655,1.1891439759606271e-11,0.16866123692420518,0.19857820478376398,0.13727445769029384,4.534236232856175e-12
TAGCGTACCTTGACAT-1,0.17566840586310084,2.481647419575334e-10,0.415923669516475,2.524603248122493e-10,0.23045329902523481,2.5464972031056676e-10,0.37795462469286123,3.268343392918785e-11
TAGCGTATAGCGCTAA-1,0.048567816761861365,2.771722529375823e-11,0.2761603996963839,0.007713401383084302,0.429538827313166,0.007713395447711493,0.13030615936652762,2.6099086208371186e-11
TAGCGTCACGACAGGC-1,0.20029029931265185,0.011106487332756772,0.3453612578980849,2.70829742279355e-10,0.1634226969448513,0.03211462141082072,0.14770463669986744,1.9416465014569165e-10
TAGCGTCTCAAGGTGG-1,0.0036657367610339743,4.469232811074638e-12,0.24216946449442656,4.458660988257524e-12,0.23022840610559567,4.437646806943986e-12,0.5000000000069438,4.37581482890349e-12
TAGCGTGGTATTGTGC-1,0.05795637840481882,1.1515074298652976e-10,0.31120457229420395,1.1385246281190968e-10,0.14595890050026541,1.15150742760994e-10,0.3848803322952409,2.001978712314759e-10
TAGCGTTATGACCTCC-1,0.16297012741673758,0.02332380641382153,0.4559364311471435,0.004934867513485358,0.15699537242032904,0.054124102349747495,0.041715291820950365,9.493620175703026e-10
TAGCTACCATACTGCT-1,0.06451337988423274,1.1135746494938285e-11,0.29815345755252515,1.0243965563943142e-11,0.3169815345735986,1.0946174304140792e-11,0.3377248319324676,3.1076629647784366e-11
TAGCTAGAAGCGATCA-1,6.724350112704193e-10,0.07273116316972224,0.6376164229087407,0.40899707783062883,0.08065533530545763,1.1164724322095593e-10,4.678603231296067e-13,1.566395385652844e-13
TAGCTAGAGCACGCCG-1,0.05400926938538977,6.236133368997135e-12,0.3847490314808601,6.2361333698929715e-12,0.19256864629886739,6.359185874759995e-12,0.2746851391494613,6.0602551261238225e-12
TAGCTAGAGGCCTGAA-1,0.07469121125269207,0.04007454650192553,0.50404599497665,6.98160609132288e-12,0.09944817153682338,7.231608654491184e-12,0.481740075668336,9.001970519998776e-13
TAGCTCGAATCGTCCG-1,0.131492520794818,0.1541338944781991,0.46115314057017576,7.845438675339239e-11,0.0669959823489012,7.754165416376854e-11,0.08622456379962141,7.556636508436314e-11
TAGCTTAAGCTGGCGT-1,0.26309030730923116,6.561624675718828e-10,0.47585106653935644,5.905497168889425e-10,0.1074323502695977,5.90549716401475e-10,0.3536262733175643,8.157836741625547e-11
TAGGACATCAGCATGG-1,0.01469462339796677,6.991642077591142e-11,0.2771757121549949,0.031039207116366832,0.30903063679132403,7.071351188822067e-11,0.2680598206575343,5.4420611899092466e-11
TAGGACGGCCAGCCGA-1,0.16678309421603904,0.03658011475880729,0.2465760609107182,0.0227578287089967,0.15267283978975943,0.05805924858296733,0.20309880880928655,0.013472004253624473
TAGGACTTCATGTTAT-1,0.0412058367695672,1.1811362031233773e-10,0.2184364333438504,1.168191851217428e-10,0.058588182255389455,0.00969358593907032,0.5720759614928619,1.1319884465180463e-10
TAGGAGCCAGACTCAG-1,0.04500804880148595,0.16115708607561935,0.42345225582725865,4.747157944573552e-10,0.20214479603063748,0.06823781236365828,5.314846368966747e-10,5.357924747154451e-10
TAGGATGCACCGTTCA-1,0.13281991835405638,1.0801430959138631e-12,0.42512307377950337,1.08014309647738e-12,0.185181356316741,1.095301395937674e-12,0.3009455050444207,1.4163369767454507e-12
TAGGCAGTGCGTAGAC-1,0.2092940921268738,3.590827174461606e-10,0.45254385259881846,3.506943110081604e-10,0.21327793406829404,3.486412267135763e-10,0.32488411986200993,4.3436714932801454e-11
TAGGCATCGGAGCCTC-1,1.4823300430767408e-13,1.4329752408503665e-13,0.22960960104105735,1.4211455344933658e-13,0.06737531767251208,0.09316038094777672,0.5098547011083892,1.825613368366742e-13
TAGGCATCTGCGGACC-1,0.06541502366240273,0.019440897525516972,0.16699075378937164,3.261243765771574e-12,0.39884172410255586,3.271217319556159e-12,0.2493116010590912,3.217269215056836e-12
TAGGCGAGCGATCGGT-1,0.14615830710149372,0.0827050527508832,0.2976729146555798,0.04262018693559899,0.19126043620888952,0.054003781107088325,0.07120159293671406,0.014377728331993495
TAGGCGCATATCTAAC-1,0.36108644420492886,1.0402191759257405e-10,0.385930827862193,1.0019142741533873e-10,0.09189628336881481,1.0311933727754047e-10,0.36108644420492886,1.3796547674697515e-11
TAGGCTCCGGCATACA-1,0.25184463196627005,2.475181436360506e-10,0.3484520993072752,0.03053994384311672,0.2543795455782436,0.014783778679347968,2.586838416777046e-10,1.3446357335732174e-10
TAGGCTTATCTAGCTC-1,0.2713162424833902,8.620525331955421e-10,0.3772539158721052,8.826415142615386e-10,0.10571597514435443,8.620525312382607e-10,0.4457138631512936,1.0382128298886171e-10
TAGGTCTACTCGTGAA-1,0.16080711734548303,0.010100233571077876,0.569037358371166,9.975260540867739e-12,0.12482746358266675,1.0128861545266167e-11,0.03522782710703916,8.694549587203478e-12
TAGGTCTATGGATTAT-1,0.16016374618504325,0.04162700764706688,0.12744038655596587,0.041627006913914716,0.21733840769400634,0.041627005796237855,0.26063549545534737,0.009540943752726102
TAGGTCTGCCTCTGTA-1,0.028083980225704016,0.20672847353276239,0.37026924547426315,9.260862978677771e-11,0.19670424381229654,0.05961119723370804,0.03860285957756288,5.7585859784177585e-11
TAGGTCTTGGCTCGTC-1,0.1403523153683789,5.967081853835117e-11,0.4792426289356383,6.000758417728986e-11,0.08439839602435993,6.162833284549234e-11,0.3002687731384315,6.48171281985876e-11
TAGTAAGCGGTGGATA-1,0.02952659441597494,8.766592356949485e-13,0.1803947975831356,8.820624461752923e-13,0.2526252887503925,8.784542468816702e-13,0.4374533462071485,8.643207047122287e-13
TAGTATAACCTCGACA-1,0.26650536014008713,1.0511366132341167e-12,0.5060376551269332,1.0399197305013344e-12,0.04491070009993423,1.0539855435928859e-12,0.13573285806364604,1.017390329381891e-12
TAGTATCCAATTACGT-1,0.14135274358866617,2.8798173553515447e-11,0.5141337874292047,2.8920105978688556e-11,0.0780358088085347,2.92925342636362e-11,0.24710061985981224,2.8132338735666497e-11
TAGTCACTGGATAGGC-1,0.3255799176885642,4.679468019080385e-11,0.3646154621831731,4.582724920171238e-11,0.16906679649796422,4.540648933634186e-11,0.34073782347249604,5.833766411395832e-12
TAGTGAATGTTCAGTG-1,0.24840843218337147,6.693845559100072e-10,0.4450879554429217,5.981744517334562e-10,0.07481167017389778,6.146817325754399e-10,0.43169193972498926,8.577866408954736e-11
TAGTGACCAGTTGCGG-1,0.05503639103481966,1.1778830917212123e-10,0.5588857746768914,0.01491759962173549,0.25624263930623714,0.014917595084425262,1.1655944905306317e-10,1.201100752754002e-10
TAGTGACCGTCGATTA-1,0.07930480349044512,0.06296008423099068,0.3034808251587875,9.206202590304674e-11,0.2547754888771247,0.11199426473278383,0.0874845334155293,2.461458060504551e-12
TAGTGACTCAATTGCT-1,0.1600072730961077,1.4669976356831241e-09,0.486509063352093,1.5021213044343066e-09,0.07324139642044165,2.9259423327732886e-09,0.48024224928963766,2.1303223109728305e-10
TAGTGACTCGCTCCGC-1,0.04930292528202184,4.871325513630329e-11,0.29055632212529636,4.871325519771318e-11,0.039792087097862236,4.994288230748726e-11,0.5203486658313519,3.567556725500025e-11
TAGTGAGGACATGTTG-1,0.26771826898261564,8.710723526325262e-11,0.4872060526166728,8.845409522411857e-11,0.08682114183604143,3.00931816835505e-07,0.3582542350005358,8.044971663488416e-11
TAGTGAGGACGCGAAT-1,0.07738271418869958,8.044238274004285e-10,0.3400794132395543,8.044238219830175e-10,0.3180112609959802,8.976335183426108e-10,0.46452660760518844,9.519822298260667e-11
TAGTGAGGTATCGACC-1,0.14595748781447362,0.017229897493460464,0.5356749185399876,5.699281592271383e-13,0.25599093388758576,0.01722990279699513,0.03561956176527663,5.605635918237315e-13
TAGTGATGACTCCTGG-1,0.19472613234892355,0.07211863515805908,0.5331360646100145,2.23411038945137e-08,0.15768403981945728,0.08438818917323886,0.15794681125268223,3.250031295122729e-10
TAGTGCACTATTGTCA-1,6.817575314275689e-11,0.0311767110468806,0.5382207126365182,0.20365688024414338,0.10322992532702001,6.827786639770528e-11,0.07175154722726255,2.383581014594661e-10
TAGTGCAGCTGGCGTC-1,0.009874036689201315,0.1275678536264741,0.5455302567435947,1.4869871581500687e-12,0.35244736290369866,0.03929748895784164,1.5104364235986193e-12,2.3571688194643606e-12
TAGTGCAGTGCGGTAG-1,0.3406925095846355,3.982559816669283e-10,0.450705603930545,3.95851190365693e-10,4.4159537988722085e-10,4.006812656978365e-10,0.4086018844912706,5.5496572715843525e-11
TAGTGCGTGGAGAAGT-1,0.09690339258425464,0.02659025139565652,0.4056440639755393,0.043891240341802605,0.23908336784412398,0.06129742993108631,0.026590250259829327,3.6692213244264424e-09
TAGTGGTTGAACCAAT-1,0.15571233320059408,0.02339696726818578,0.22980793229121402,0.04534044732266336,0.2624112000649474,0.04534044594777175,0.11643415635081997,0.02155651756491188
TAGTTCAAGGTCCACG-1,6.3031872940608254e-12,0.37659490983157495,0.32750206149266387,0.004162868796585579,0.0619483276590195,0.05319692236182933,0.37659490983157495,6.089122506241591e-12
TAGTTCAATCGACCTC-1,7.079194143080934e-11,6.929716936904624e-11,0.36883045228544387,6.509269510486659e-11,0.3427760269444157,0.15912377544268613,0.32926974509722123,8.636096413409468e-12
TAGTTCCGATAGAATC-1,0.1700188732461444,7.538863028891002e-10,0.4633150486239861,6.839271076586101e-10,0.11782573551242255,7.0712397825376e-10,0.4488403397725184,9.534054304710728e-11
TAGTTCGAATTAGCGG-1,0.07892026432130471,1.7588601352150237e-09,0.4913476908542774,1.5154467317077444e-09,0.14895615248214944,2.03619329880701e-09,0.48077587556391016,1.9266492080369947e-10
TAGTTCGAGTAGGAAG-1,0.09498773238759976,0.0034369909108992827,0.2399030661893842,0.0034369905486084885,0.391071613974806,0.03286011295884803,0.1343034929345526,1.34719246681836e-10
TAGTTCGATCCTCACG-1,1.5128337521595113e-08,1.0234722582856377e-11,0.28508099220837707,1.0281174340774742e-11,0.19029044101498238,0.10654478606329518,0.49999999988211596,1.4524083654893861e-11
TAGTTCTGTCTGATAG-1,0.05762335877237371,0.008589184486237623,0.173125625354164,0.018387189390968665,0.39651008503109825,0.09743409812021336,0.14833045883801563,7.2448643160338484e-12
TAGTTGAGCCAGCCAG-1,0.06238562435996494,4.1029992115549126e-11,0.22714209205583555,4.127364196250987e-11,0.10200168861755621,1.1212698394962928e-07,0.5084704833686706,4.0669276746122233e-11
TAGTTGAGTTCTGCAC-1,0.03561954813109448,1.5952646804837892e-07,0.20520949427444501,1.5788609147904103e-12,0.29697211908011156,1.6057334094593602e-12,0.5000000000003031,1.561440094425507e-12
TAGTTGGCTTAGGCCT-1,0.11652735953689687,0.02359944382585774,0.3116358970835984,7.137002674583472e-09,0.2239080380299933,0.06957722023293765,0.15475203296469717,1.1916133404969223e-09
TATCAACGAATATGAG-1,0.15368226106443084,9.061977762500834e-08,0.5730680024696095,1.5314474824698303e-11,0.06483537068633131,1.5825630122839742e-11,0.10841427513997763,1.5232475181848752e-11
TATCAAGGCCGCGTGG-1,0.18304989904119495,1.2558643524056534e-11,0.4108353518276798,1.2795671489037333e-11,0.09854042542071739,1.2326643501625541e-11,0.2075743236688531,4.292626248262489e-12
TATCAATGCCGCTCAC-1,0.1242366947822263,0.027683646371216047,0.5727068428138495,0.06906773147757424,0.06942662547215621,0.036878459085458205,1.4388224136026644e-12,1.3659076945565866e-12
TATCACATAGCGAACT-1,0.15765330421588003,2.288103509933528e-12,0.33985510972440713,2.293254129358618e-12,0.08800397017124259,2.2018957501032167e-12,0.5000000000410959,2.2864483371578005e-12
TATCACCGGCATCGTG-1,0.12953535548602127,0.14792500973427666,0.2524775620847343,0.03758707637112722,0.09260171692988138,2.2651485126084263e-12,0.23987327939164443,8.049586977821829e-13
TATCACTTCGAGCCGT-1,0.01440854340198044,7.592315367349716e-12,0.281370373949315,7.693351373713561e-12,0.18164472486437794,0.04037471740633319,0.38220164039778626,7.629619910467487e-12
TATCATGGATGTTGCC-1,0.3355474751120763,0.031176618191953692,0.47478910332901425,4.093553137357229e-13,0.031864360578662244,4.1454639982946107e-13,0.051464079201000344,2.840168134442085e-13
TATCCAAGCGCCGTAG-1,0.23134839837706053,1.2468117920371763e-09,0.43449734046162547,1.258699696173724e-09,0.07273903340964001,1.2862667620518666e-09,0.46141521892340925,1.9957775250138627e-10
TATCCAATACCGCAAT-1,5.2979449292725615e-12,5.165004818559043e-12,0.22788810512377783,5.240210097660437e-12,0.2676400711041157,0.009874065384668177,0.5000000000315807,5.5151160634590176e-12
TATCCACTTGCGTATC-1,0.1976796145706382,6.122705199170143e-08,0.4818835386299832,1.6923543479927362e-12,0.055396128201173886,1.7105417216305653e-12,0.46504065735643724,1.6614380232353874e-12
TATCCGACGTCTAGAT-1,0.010143409261418213,7.040008279208522e-14,0.5053574257369311,6.934438742425915e-14,0.19983190338870485,0.028533065903949748,0.4561341957083975,6.580331378051585e-14
TATCCGATCTTGGCGG-1,0.08352007515883346,0.05182997810128483,0.33933504993120234,0.0097838662936289,0.24740393623520526,0.12681600546437072,0.04131108881185765,3.734119433616713e-12
TATCCGTAAGCCAGCG-1,0.013140045243596526,5.187038189515576e-13,0.40894514842355423,5.212841600810649e-13,0.39143401364911373,5.291813955652226e-13,0.20929147619752886,5.17812101717436e-13
TATCCTGCGGTTGATC-1,0.026425130360976757,0.07239926945531965,0.5123272005336601,0.1275682503319701,0.16604411321901263,1.597797234128513e-11,1.56638929948989e-11,1.523604208083795e-11
TATCCTTACCACGACT-1,0.15772146454025843,0.30483872217029034,0.5002549513346024,2.4118630934955642e-11,0.23718486177329454,7.43585383164499e-12,7.435853757907628e-12,5.554280831027712e-13
TATCTAATCACCTCGG-1,0.0219499130767871,0.08079679627580624,0.42001735350736535,3.3954753552833516e-10,0.3258625534707021,3.3949761694751024e-08,0.05137334927096846,1.531721537006961e-10
TATCTAGTCGCATGCA-1,0.13026014732511784,5.541784432916787e-10,0.46539408921726555,5.25887948404184e-10,0.17087212586785025,5.541784378278927e-10,0.43347363555004115,7.227279738259857e-11
TATCTAGTGAATGATC-1,0.2399407083081307,2.0924028440340459e-10,0.44559279463256785,0.08582070492416112,0.1034899161727408,2.038230004186588e-10,0.32515587544737606,3.0294371098430644e-11
TATCTAGTGCCATATT-1,0.0925666524593934,2.398891722048639e-11,0.27829503907804837,2.4512361356324037e-11,0.28340738283553035,0.03199849004066816,0.21373243552820287,1.0291490646013368e-11
TATGAAGCGACCGTCC-1,0.1623228145574433,2.2487205938484227e-12,0.5507687752502912,2.2487205985951986e-12,0.18548767231238386,0.0014207378778893888,2.287180201587069e-12,2.1795134137133583e-12
TATGACAAGTGGAAGA-1,0.06610579610698003,6.722588008742083e-11,0.4527580294748006,6.798554645982137e-11,0.32360968577551846,0.06610578567757977,0.29142070279849436,9.893138879413236e-12
TATGACAATGCTTGAA-1,0.3593958651325841,2.4997493743807254e-13,0.41362880414791686,2.476802103554718e-13,0.04822869575563619,2.49974936788012e-13,0.3787466349626677,9.09012597022646e-14
TATGACAGCGAGAAGC-1,0.029353113175612268,5.365828266590281e-12,0.46219300479313014,5.5989528454671214e-12,0.23310998253204565,5.59895283269628e-12,0.4753438994338135,9.046583408116008e-13
TATGACGCGTATGTCG-1,0.10393219045207285,0.06190080680238818,0.450198264367955,1.63938636269223e-12,0.2162041090699684,0.012866617801069352,0.0548980115047082,8.059744461777432e-13
TATGACGGAGATTGGC-1,2.8962416131385072e-08,8.665966389495768e-12,0.6731831227151313,0.34528795089831793,0.04772203368288266,8.91455479174182e-12,0.13380686370162062,4.693067235726317e-12
TATGAGCGATCCATTA-1,0.013140075463939879,6.518979707713766e-12,0.20069776743300022,6.5517367304073696e-12,0.41416680738268874,6.535331893771221e-12,0.33188426794042136,6.391858082978355e-12
TATGAGGATCTACTGG-1,0.1409407994590543,3.9207489311304e-12,0.49962767597567415,3.950896608823824e-12,0.27961032596585583,3.981511026710769e-12,4.060179331341169e-12,3.876678408288077e-12
TATGAGTTCCGAGTGA-1,0.20112645735095114,1.6220993123234888e-12,0.5025927367257108,1.615355282082577e-12,0.05917182574041818,1.6153552823466545e-12,0.3555995597609098,2.116285271732433e-12
TATGCCACAGCCGGTG-1,1.2512101433970603e-07,2.853202661941608e-11,0.4979846542920466,2.900862475599626e-11,0.3507153474165586,2.950224519773538e-11,0.3512998729944333,2.8144421584498906e-11
TATGCGTACCTGAGTC-1,0.09295113557325191,4.0561646735431025e-12,0.25607620462322916,4.141111195906018e-12,0.12324832842089921,4.196262899150518e-12,0.4999999999867849,4.7390577202572235e-12
TATGGAGTTCTACGGC-1,0.0879295978055486,0.01994940408423781,0.3246270946104755,0.04825475049070851,0.29445372157077226,0.0708813821131321,0.05390404896691595,3.612352950438808e-10
TATGGATATGGTGCGA-1,0.142261075414767,1.1487083712098057e-11,0.35813779011678903,1.1455875206036016e-11,0.2017086827741552,1.1581854675092727e-11,0.4978924461655311,1.1287027284376465e-12
TATGGCAGTTCGTCTA-1,0.1602253229236028,0.03869176155180105,0.4056211424879481,2.7555412734045214e-12,0.11397166383388666,2.8035081513581952e-12,0.48149010916806934,4.0407778024102197e-13
TATGGCCATAATAGAC-1,0.05480894689669334,0.002891618376635882,0.2632241852121607,1.3342162416403415e-11,0.05595324005639875,1.363569007623379e-11,0.5231220095006662,1.3061173061400405e-11
TATGGCCGGCGACACT-1,0.08089932282367539,1.224020213422476e-10,0.4088015048638515,1.1769145857017005e-10,0.13816259075459725,0.02573036470826582,0.2464062165560098,5.975753881907892e-11
TATGTAGAGCTGATCA-1,0.10794240930390131,3.1111732707656582e-12,0.2228373194771704,3.0465632278232395e-12,0.09604419607761833,3.1590159815280416e-12,0.5000000083133228,3.0290069734181796e-12
TATGTCATAAGCGTCG-1,0.029589101952989787,5.3395785578363425e-12,0.14606027519012027,4.970916581171743e-12,0.16221874871320102,5.067835826844195e-12,0.5621318741241534,4.677268993611604e-12
TATGTCGAGGTTGAAG-1,0.03764977089581891,0.08669866451826362,0.5143406270021064,3.39747477383541e-12,0.11541680730095798,5.686169457948107e-08,0.17660201662709646,3.2558591390423054e-12
TATGTCTAAGACGCAA-1,2.7052308391068337e-12,2.6348270270039277e-12,0.3364405791185497,0.012416464414365693,0.06068528702239748,0.03343951012739985,0.4570181593113487,1.004592803458686e-12
TATGTTAGGCCGAACC-1,0.3849142847712159,2.6788982254480835e-10,0.29972162987049306,2.584542970332065e-10,0.10478770355329958,2.611009106478714e-10,0.4105763808517572,3.410724783199679e-11
TATGTTGCAGTCTAGG-1,0.15673000134148946,4.805098184620579e-10,0.4372539867285229,4.671720227990717e-10,0.20294803360536273,4.403209928260767e-10,0.4030679767451454,5.167300736521391e-11
TATGTTGGTAGGTCGT-1,0.37061258113365786,2.033260903273254e-11,0.27048408454454326,2.1137546527651956e-11,0.06104415474396723,2.0138033958593597e-11,0.4978591487267893,2.906590562760596e-12
TATGTTGGTCCAGTGA-1,0.005807601278543177,3.805672810356218e-12,0.5151188990445763,0.0793661888360787,0.2261066147135798,3.7388649535811465e-12,0.37360069609918806,3.673534105373953e-12
TATTAACTTCCGCTCA-1,0.09043381288752755,1.736144129848314e-11,0.273941256116831,1.562094837389763e-11,0.36564397633827106,0.025054912059365338,0.1449260425553111,1.1253472517356574e-11
TATTAAGCAGCGCCGG-1,0.10950610494194848,0.1389295700984313,0.17574229883005948,0.021235790261507338,0.08845672455961599,0.021235785724120323,0.3448937256213138,2.930856774968597e-11
TATTCCGGTTGTTAAT-1,0.0313956091966294,0.1294639874655967,0.4000648866575597,1.0792700522208378e-11,0.17821586090809002,0.0068712274991176185,0.15398842827505385,1.042184152026654e-11
TATTCGACAACCGTGA-1,0.1348369649659676,6.0825463597543445e-12,0.4190179175875582,6.123530360624467e-12,0.1486739858054492,6.206881192908057e-12,0.49747112924842984,7.0000107499535e-13
TATTCGACATTACTAT-1,0.05400920870627913,3.798018828763907e-11,0.3068227185520241,0.026424733759950882,0.19214853220680814,3.80975836909842e-11,0.4999999960079649,5.158681949327218e-11
TATTCGGTGGAGATTC-1,0.023717772676472328,3.692935912482227e-13,0.2810889068634969,3.7236153277563984e-13,0.15519008113522756,3.833155114647304e-13,0.4999999999980351,8.97728038678447e-13
TATTCGTCTGCGGTGG-1,0.047711615143234645,1.7959640462424007e-11,0.5076284891598315,1.795963970634453e-11,0.34465989563121796,9.126965632580555e-12,1.7959639249562162e-11,3.0258182176178205e-12
TATTCGTTAATGCTCC-1,0.1338552181683714,2.210827847243339e-12,0.44101278033257596,2.196668380612908e-12,0.1321065273615137,0.0014498203030331067,0.4915756537813753,2.1643241495723595e-12
TATTCGTTATCGCCTG-1,0.05753000288905252,0.04118528326059389,0.30216276145831406,6.851906151085039e-12,0.30376616021925845,7.152937136941565e-12,0.49535579172494165,8.513909194572015e-13
TATTCTAAGGCTCATC-1,0.1868635208684218,1.8235556404563812e-06,0.4547991370618644,7.299778345578306e-12,0.14615708958664528,7.457855120175128e-12,0.41217842888442946,7.242221436135555e-12
TATTCTAGAATCGGAC-1,0.08104724122052331,1.4161457868665104e-11,0.2859343119977071,1.4161457851160308e-11,0.2401514534139578,0.023833342956839813,0.26903365037363586,1.0465580325958403e-11
TATTCTCAGCGGCTGG-1,0.03929749530839436,4.0403923575939914e-12,0.5058211480968915,4.077194195680453e-12,0.12900336312304275,0.009874058690191548,0.3482437015581262,3.951224379114251e-12
TATTCTCCTATGATGG-1,0.05190025613176062,1.556178223610532e-09,0.5056350277764736,2.050028423796356e-09,0.16908339957230495,1.5083053395497375e-09,0.47338129976234283,2.3883303101729706e-10
TATTCTCGTGCTTGGC-1,1.5060576989882727e-10,1.5060576981669154e-10,0.29210786566206687,1.4305322518284583e-10,0.14689980987253376,0.053586953743155516,0.4074053702519596,4.429126626272947e-11
TATTGAATCCGACTAA-1,0.1387341737302523,1.4048647724702926e-09,0.3481285497319652,1.3771755517794957e-09,0.2877760655941356,1.414299950954984e-09,0.1253612069455582,5.488556666374989e-10
TATTGAATGAATGTGG-1,0.11104342552476548,0.013293245729913052,0.43521836456752144,0.021708352171011847,0.1522154498731886,0.05113180194738498,0.11538936016812128,1.820370897221401e-11
TATTGAGCATGGACCG-1,0.03775322479719774,8.53073340357537e-14,0.24682554906110132,0.00379857471832299,0.15119165876851878,0.09433452641573754,0.36609646623910697,8.441003822260816e-14
TATTGATCGTGATCTT-1,0.08128346320738718,2.8300712443573477e-12,0.28165264468013784,2.7672019311117856e-12,0.03963182923743743,2.8300712416975484e-12,0.4974320628701988,2.773977364313395e-12
TATTGATCTACTTCGG-1,1.4918004674320876e-07,6.137487821368236e-11,0.3574966128091812,0.2173729009275485,0.14741393657571286,6.179256909551411e-11,0.47771639956905443,5.647394655972805e-11
TATTGTTAACCGAGAC-1,4.481561158091621e-12,4.369467539403588e-12,0.2835188534392645,4.283765887786927e-12,0.15000767923085237,6.26245220242919e-08,0.4871812744636447,4.283765899960544e-12
TCAACAATGGAGGCCT-1,0.023148618974586258,8.235153507385249e-12,0.4889309620392258,8.191673140968097e-12,0.0532362984925295,8.27902746210557e-12,0.334684120502377,8.443627152521176e-12
TCAACAGGACAGCAAC-1,0.25016062784425697,6.481137595230319e-12,0.5111882960913915,6.505507698790016e-12,0.11959601620114889,6.604893683752518e-12,0.06626407066379526,6.8433223378860556e-12
TCAACATGGATACAAC-1,3.012887101800935e-10,3.08355667732003e-10,0.23837946270114835,2.989897789684581e-10,0.13326586409275792,3.132112029334591e-10,0.5283546717529506,2.8936320474605145e-10
TCAACCGGAGACCTCG-1,0.1434232523008532,0.037693464130418484,0.3760688071440221,7.736343873466643e-08,0.19811160849904624,0.06365965926746654,0.08104313123288409,7.259712366228129e-11
TCAAGGACGTTAGGAG-1,0.0136754871721692,2.2328573196344488e-11,0.14797685364794752,2.2372274789377583e-11,0.22172902634487746,2.2284931564909386e-11,0.5166186329378587,2.1917655561670794e-11
TCAAGGCAACGCGGCT-1,0.12032176352510297,1.8950247545025775e-10,0.596456166248743,1.914063762037231e-10,0.11817755099631898,0.015912785500840652,0.04913173328272363,1.149452992984934e-10
TCAAGGCGTCTACTCC-1,0.00022307996225756415,7.681105051290915e-12,0.2474855047511776,7.69065392340874e-12,0.13584979617388301,7.709823056595258e-12,0.516441619152417,7.55909328410168e-12
TCAAGGTATCAACTTA-1,0.11883528288417425,4.904659388020774e-11,0.3554453013913531,4.864400482660051e-11,0.16794666806195327,4.8444567206941715e-11,0.25777280187283474,1.1971965549581236e-10
TCAAGGTCTGAATATG-1,0.07284757269857017,2.0706322617729856e-11,0.34923374516558936,2.0346008446540382e-11,0.18692564186687838,2.207969170897588e-11,0.2909930401987656,1.0164481366966829e-11
TCAAGTGATGGTTAAT-1,1.1549274906262448e-11,1.1333796208111193e-11,0.27261067305398884,1.0972790872340367e-11,0.12954483243328502,1.1440625499585147e-11,0.5000000029256686,5.543977287755743e-12
TCAATATTCCGGTTAG-1,0.06006038475069218,8.749006117245152e-11,0.248971776327123,8.630151077871931e-11,0.07540881817034549,8.749006108416157e-11,0.5155590293646729,9.382750119132238e-11
TCAATATTCGACAAGA-1,0.11401947276399763,0.28436652932378037,0.36412159191832133,2.366189774666456e-11,0.10090074515897428,2.4207784862876842e-11,0.03659166077460929,1.4389696757413428e-11
TCAATCAGATGACGTG-1,3.7567753646985566e-13,0.02948476711094154,0.4060746141749934,3.647372894423097e-13,3.758059641574097e-13,3.647372888676777e-13,0.5000000001862215,3.8865506517050097e-13
TCAATTAATAGAACCT-1,0.11689903894442524,1.536163443474003e-10,0.21028707987775477,1.4707418325153987e-10,0.04934123863587685,1.4961484739745007e-10,0.5234726430340608,1.487123978446762e-10
TCACAAGACTTAGCTT-1,0.14227956442188316,3.805276863178952e-11,0.3802448860491488,3.7900428334196485e-11,0.07131757624538798,3.882994022785941e-11,0.49999999999010597,3.4563444995650555e-11
TCACAAGATGACTCGA-1,0.054009195521509616,5.077539433254503e-10,0.47786681760983685,5.194324775587754e-10,0.1144154343338711,5.127003133771465e-10,0.3850230103224912,7.289698506891645e-10
TCACAAGCTCGAGGCA-1,0.11169011730329499,8.956247218028015e-10,0.47073870395841644,8.848559398336398e-10,0.15716419310264437,9.038675800996327e-10,0.46040698164792665,1.182055552461283e-10
TCACAAGGAGAACAAG-1,0.03136793943110188,4.3210293931899963e-10,0.25925350029135347,4.2978169253653076e-10,0.17287312978256905,4.360519242818138e-10,0.49999999837003223,6.575717700139194e-10
TCACAGCACCAAGGTT-1,0.2785696926858234,0.22707866817718766,0.515237190271866,6.019217055210576e-11,0.1653556077597223,6.132158358479228e-11,0.013758839869609117,5.694469954763711e-11
TCACATAGACCTCCGT-1,0.0700950763293667,0.12894199389641692,0.560182192236321,1.4109152941359972e-09,0.14078073213778763,1.4944407961458097e-09,1.410915294807906e-09,1.2679229889946006e-09
TCACATCCTGTCGCGG-1,0.17299236831545242,0.03639401583764023,0.4981891748633761,1.2786544939629432e-10,0.09299051102023302,1.867037963420616e-07,0.09943374316910994,1.265248216898064e-10
TCACATCCTTCTCAGT-1,0.06845293086282224,0.02766723226491988,0.3396137454770967,0.014294384766090818,0.3404643485832082,0.041054402542363394,0.06845292848184262,2.7051045025680662e-08
TCACATTGTCGGTGAC-1,0.13003095081159374,2.498077897223979e-09,0.552838962129015,2.4980778437685766e-09,0.19094916313959803,2.9744350765661937e-09,0.026180915282393684,6.927082503484933e-10
TCACCATAGATTGTTA-1,0.3886800405938243,8.997379422894266e-13,0.3919928794883342,8.47067246648504e-13,0.03064703931922829,8.559454886929964e-13,0.3886800405938243,5.288835143227119e-13
TCACCGTTGCTAATGG-1,0.24343590064064158,2.6278951417317517e-10,0.4231560571378811,2.5672539573962485e-10,0.1303955461259033,2.7117431891014014e-10,0.10301249496066331,3.521518152376008e-10
TCACGACATCAGAAGG-1,0.2654543780076502,8.761289389827364e-12,0.38974438500738634,8.561517662904544e-12,0.15744699925926864,8.660730706694306e-12,0.08735423769706223,3.341260798038977e-12
TCACGATACCTAGCCA-1,0.04144025044905825,8.002182526570412e-13,0.5271298340718786,0.1255030909550492,0.1761171986447926,8.500178239939048e-13,0.3298096258769258,1.746797774038342e-13
TCACGCTATCCACTAC-1,0.07406128786856776,7.76410158442977e-12,0.34442688516224756,7.778497861971056e-12,0.18554950934429154,7.969425219611228e-12,0.49999999937685036,1.1581533636071389e-11
TCACGTCTAAGACTAG-1,0.04238694898057516,2.5801476789848145e-12,0.3234476409110921,2.5203928326510438e-12,0.16216445266219476,2.6696131934867526e-12,0.49999999993446687,2.8662786316893953e-12
TCACTACCAAGCCTGT-1,0.24247020926092974,1.8544416880485757e-07,0.4426448401444787,5.447348229656679e-11,0.1206582581880061,5.4607047872118376e-11,0.3942265066622627,5.25878992046624e-11
TCACTACGACTCTGCG-1,0.34613992714890485,1.7736366621595176e-12,0.5069764774437695,1.7815125688042985e-12,0.06670459027794749,1.7815125663546031e-12,0.060305822179856576,2.0174543652421685e-12
TCAGAATCGATATCAT-1,0.1373120876447543,0.00978344564005492,0.3489549155291055,0.014108692802135286,0.20695387331376808,0.01844864983622248,0.16443833522323062,1.0832214395346788e-11
TCAGAATCTAATAGTC-1,0.07073246368027669,0.10175480472481553,0.284183730335465,0.04003032404973697,0.2252331850608694,0.05019516769764627,0.11211258384788349,0.015757740621689924
TCAGATTACCAGGTTA-1,2.9008279452391003e-11,2.881199511373105e-11,0.20267212763578313,2.8618625929082054e-11,0.015482669903195407,0.4909225985956343,0.4909225985956343,2.3496178185919415e-11
TCAGCGCCTAGTCTTA-1,0.05157943241360124,0.012872887378500347,0.21993134559835908,0.020611254187644604,0.20572008080394596,0.009003705966596687,0.3802812936271783,2.4360840748055127e-11
TCAGCGTGACCTTACC-1,0.13621831838666995,2.4822547257591153e-13,0.41589843617510175,2.4413236515202934e-13,0.06850143947866298,2.4916333457924265e-13,0.3179522633904443,2.402534670816479e-13
TCAGCTACCAACTCCG-1,0.12640288552936133,0.12640290029707052,0.5327221908632347,3.29837273661159e-08,0.07430922007667613,1.1111661732975569e-11,0.040162770296364315,1.0628557360546684e-11
TCAGCTAGGATGTACT-1,0.1843311883316124,6.281592572449832e-10,0.46192531260415526,5.928422146376393e-10,0.11139325091637893,5.812587917812328e-10,0.4423502457926388,8.466252327597277e-11
TCAGCTATTAATCGCT-1,0.16975749075058422,1.2580382688438438e-07,0.41993654764596494,4.382130756448849e-11,0.27871934986707286,4.5049854528841893e-11,0.33158648558149884,4.206530401959877e-11
TCAGCTCGCCAGGATG-1,0.019900480151527546,0.13579944842141614,0.4873437674766501,1.6969232724415173e-12,0.20139461166557873,1.6904076534974526e-12,0.05556169229990738,1.6229819452606694e-12
TCAGGAGCAACGGTCG-1,0.4999999998123654,3.165731264670859e-13,0.5065436767672739,3.171981823349603e-13,0.07366497402748824,3.1719818219697626e-13,0.07406129213275546,3.3965251516746674e-13
TCAGGATACACTACAA-1,0.3402816151724586,1.1829463262993862e-09,0.4879115470127369,8.706933353681434e-10,0.09549176729930206,9.12340053827082e-10,0.2763150651954867,1.189008752324315e-10
TCAGGTCTAGTAAGCA-1,0.044220907814849136,1.7104589259340139e-09,0.0718653005427225,0.09326760489715116,0.06861628837856391,0.1181214643258883,0.5039084319395146,3.918493701498536e-10
TCAGTATGTAGGACAA-1,0.03703187978312416,1.3803218467340997e-12,0.5137038398121977,1.4108443036279085e-12,0.10722254241867107,0.15585847061617525,0.30862502507979506,1.580258904836887e-12
TCAGTCAGCGATCAGA-1,0.22319404537137139,0.031941633627836405,0.5130351402952985,1.2895001367175992e-12,0.2688788923076006,1.324590097376453e-12,0.0760768003234603,1.4021340901179872e-12
TCAGTCATTGCAAGTG-1,2.8880842249857674e-12,2.7148697058465767e-12,0.3263055296685233,2.7738239783942664e-12,0.24643658439770136,2.8544256284947346e-12,0.4999999999494072,3.221553459135725e-12
TCAGTCCAACGGAAGT-1,0.06719147938475441,0.018157319324457473,0.2783715470719181,0.01815731991288575,0.16686890609724456,2.0395417988085157e-10,0.3512534279316496,8.024492398615165e-11
TCAGTCGAGCGATGAA-1,0.1953539806925291,4.553842593535241e-10,0.4735623359614265,4.4798444484595435e-10,0.16975200181276576,4.845719667870738e-10,0.3613316795969557,5.694193772356997e-11
TCAGTCGCCAAGGTTG-1,0.11848833679917088,2.091813783732838e-11,0.5003425316389067,2.1232494870276147e-11,0.02456068752811947,0.061907029927685014,0.49470141081657015,3.053637965271751e-12
TCAGTCGTGCCGGCAG-1,0.08110821368954677,6.049590943013638e-12,0.6130615545942971,0.09658496048780267,0.17937873218508638,6.760704070167968e-08,0.11207639821683771,5.768603713599277e-12
TCAGTCTGAGTGCTTG-1,0.09516903435505668,2.3261060398015268e-11,0.2542646695557629,2.2306221518617385e-11,0.23320852789299815,2.3758850978797002e-11,0.3173577680936356,3.3793247994255704e-11
TCAGTGAAGAGTTCTA-1,0.0176901190272398,1.3821510449705183e-11,0.4893881027123134,1.4402389267649408e-11,0.20717333318291759,1.3821510417369038e-11,0.485748443948689,1.1249501778917444e-11
TCAGTGCCAAGTAGCA-1,0.1608692485044805,1.0375829613085228e-10,0.3058842398722851,0.07259889864907965,0.31747216330649836,9.676566496435213e-11,0.04317544940202176,8.347127135312189e-11
TCAGTTCTCCGGACCG-1,0.18840285888804273,2.6133311553686574e-12,0.4423845258675703,2.6263820654609156e-12,0.155494816756447,3.156497775904163e-08,0.41371776690751516,2.5685114146923666e-12
TCAGTTGACAGTGCCA-1,0.08722689987487865,0.013668379444556953,0.21663973143311208,9.104332737871828e-11,0.12624453277150038,4.798120209976227e-08,0.45622040846088086,9.392925856958667e-11
TCATACTGGTGAACCG-1,0.041739705815704256,6.405371314017301e-11,0.30909467185435857,6.218161799450936e-11,0.36191880720947467,6.52333118521656e-11,0.2624155350238789,1.0636806564899668e-10
TCATAGCTTCCAGTAC-1,0.2427017831691308,5.237977584747353e-13,0.5011032762388987,5.268303980204303e-13,0.06904482207989415,5.340111420263092e-13,0.3322520586126686,5.68357520896136e-13
TCATAGGTAGTGACGA-1,2.0872551616242817e-12,2.0149880567564663e-12,0.33991107741678733,1.9026521248088047e-12,0.38985285635085926,0.02131747217915997,0.44891859403882145,1.1074910838899071e-12
TCATAGGTGAGTCGAC-1,0.36771098014387055,1.718624915268629e-13,0.3353580886156575,1.692896833957174e-13,0.01178610651565413,1.7186249143646757e-13,0.4851448247200049,1.6382480117931433e-13
TCATAGTAGACTCATA-1,0.22594231212098032,1.5555300947060721e-10,0.41666512301636843,1.62553198237122e-10,0.18785895325767454,1.6622466878377876e-10,0.3695336110358718,2.1648035424948175e-11
TCATCCATGCCAAGCG-1,0.24613700620157816,6.361870480982596e-11,0.34501113116413434,6.361870484620867e-11,0.1471977577307464,1.7883782463400826e-07,0.46165392550484197,6.001139678838412e-11
TCATCCGATTGAATTC-1,0.2072838185853282,2.296443086855082e-06,0.4029554588462864,5.1957502294711023e-11,0.1783284624289745,0.07734856873563892,0.03408139488724371,5.085256461723937e-11
TCATCGCTGCGTATTG-1,0.041657010565289546,1.0007067219013845e-12,0.4716560850709915,0.1219094825691544,0.10121094168674315,0.014911094850614263,0.14865538525592847,5.240358951820949e-13
TCATCGCTGTGCAACA-1,1.7990359432471597e-12,0.29250166113175285,0.5854864475805427,0.29250166113175285,0.029510230146332892,1.7990359416360186e-12,1.8341511551811577e-12,1.4479401663035817e-12
TCATCGGCCTGTGCGG-1,0.06945999545007354,0.0326806766986016,0.3087323374015643,4.329218472983193e-12,0.10500668096820781,0.020425816510969752,0.36369449297359185,4.9428065519461016e-12
TCATCGTTATGTATCT-1,0.49999996599524277,9.411114304693045e-11,0.5212233504272391,9.242680211070899e-11,0.10057562673890422,9.450426265423894e-11,9.437304307716136e-11,1.2174393874334867e-10
TCATCTATCCACGATT-1,0.1655853759005626,6.035425419678667e-10,0.46248883060206614,5.490326013191952e-10,0.13197660289863367,5.516595178218639e-10,0.439949188426731,7.351067546226854e-11
TCATCTCATGATACGT-1,0.09772303307899481,0.003156064147694785,0.25043502737709283,0.024164408656321544,0.1852406200371714,0.003156064198988762,0.3361247825036219,1.5917679227875275e-13
TCATCTCCAACCACCT-1,0.048115528224443024,1.380217547599782e-10,0.3086286749930299,1.4300502799205163e-10,0.17596975308176338,1.4558535299180586e-10,0.3672860431142401,1.6503755909437079e-10
TCATCTGCCGCTATTC-1,0.06442153167138968,8.619260043288925e-14,0.4617659624373766,8.619260076844023e-14,0.22714609552840434,2.692708559268971e-09,0.44666640766951476,8.334973727617645e-14
TCATCTTCCACGTATG-1,0.08779828325113508,0.008590371244566632,0.33306538279577946,1.748506332096599e-12,0.15640779294448454,1.779556433647053e-12,0.31413816976302406,1.6960765756255156e-12
TCATGAGTAAGACATC-1,0.027248578611440852,4.937798613579023e-12,0.19822384325216588,4.972432356709223e-12,0.03862466664279567,0.3616166441705241,0.43517532988655244,6.616158499967909e-12
TCATGATTCTGATACT-1,0.19977679922321256,0.0737745539613248,0.3400034330467501,0.026561400131049205,0.13146861457900366,0.05464060801232665,0.07377454873422105,4.231644155589187e-08
TCATGGTTCCGAACTT-1,0.03793359654546767,2.467297005755758e-12,0.2028883353983729,2.41880317078275e-12,0.1254935854266561,2.457460122880851e-12,0.5336844826241207,2.3438250458425495e-12
TCATTACGGCACAGTA-1,0.10350279600934516,9.499776403020507e-10,0.5330593715270959,8.895374076868221e-10,0.20639465050156408,0.05704318144042192,8.966000702798221e-10,8.403312255799443e-10
TCATTCACGCGAGCTC-1,0.04296066500860025,3.145253050427932e-11,0.20624169652480043,3.2458352316098685e-11,0.1527418008082889,3.421144761893835e-11,0.4980558375405949,2.1639623841118126e-11
TCATTCACTGTAATGG-1,0.17234920757969416,3.2070446961521605e-12,0.4944844830841924,3.077687594049444e-12,0.05032129566936525,3.1138574117636844e-12,0.48284501357481746,7.356912796426905e-13
TCATTGATAGACTTGC-1,0.037100145154639476,0.013870336370113465,0.6228792402777619,0.006117253945910571,0.14584744900408192,0.029347061099236443,0.04483851414820663,1.1390121882123149e-13
TCATTGCAAGTGCTCA-1,1.2285879129754429e-09,1.832284743383786e-09,0.4165240292402757,0.10280371694383848,0.10263267116955467,0.10280370786897709,0.4752358691255368,1.3132573249117395e-10
TCATTGTTCAATGCGT-1,0.15875796541705214,4.925821713639194e-11,0.42477723998320543,4.905364404407199e-11,0.22207053865684706,9.736280982280293e-08,0.0943941585737704,4.792830885454839e-11
TCCAACAGATGCGGCA-1,0.2087375560664748,3.0634380070702433e-10,0.41995377928796634,2.804112961921306e-10,0.17403548108773348,2.9383925305952443e-10,0.39727318254016986,3.4082996229659974e-11
TCCAACATGACCGGTC-1,0.12189543950815988,0.045703910012573984,0.2072126301225478,0.03625329292318566,0.10703290607069575,0.10190781569161943,0.24338354441819504,0.03661046125350547
TCCAACGAAGATGCTT-1,4.5299924330813485e-14,4.421660222726624e-14,0.26555750783227616,4.4452506645254513e-14,0.30853824340288116,4.5548677792509227e-14,0.3366214588659749,5.0124527680668586e-14
TCCAACGTGGTTGTTC-1,0.36794169794268566,8.040928849466123e-13,0.4302910253276789,8.040928876339153e-13,0.03382557878279343,8.079163813004651e-13,0.36794169794268566,4.565978045060775e-13
TCCAACTAAGACTCCA-1,0.18128580352832663,6.420506483650846e-10,0.4609864313325635,6.132119425386696e-10,0.11434772209292202,6.132119420662369e-10,0.4433800406099443,8.645688778026592e-11
TCCAACTGAATAAGGT-1,0.049095483813559715,0.11775512612356316,0.5120931258889587,3.456951279042566e-13,0.1184485996017793,3.498376841148469e-13,0.35314272286365983,3.6146207837367303e-13
TCCAACTGCCGCCATA-1,0.2608996733565672,1.9133588542461742e-09,0.3682713732368631,1.9300828713614253e-09,0.08461434346237949,1.944903338536491e-09,0.4862145813388441,2.3292651597980353e-10
TCCAAGACCGCTTGAT-1,0.057510584257067274,1.1358253488405053e-10,0.41451966721932504,1.1327351019571764e-10,0.13262957003067752,1.170722094835531e-10,0.4999999746632091,1.3985560735941951e-10
TCCAATAACGTGCTAG-1,0.1762006967374445,9.604493276499903e-10,0.470840328486966,9.486396153021019e-10,0.09627439601745393,1.0028759454725974e-09,0.45668457456379685,1.2853363404999416e-10
TCCAATCCAGATACAT-1,0.03206707067897024,1.732393463042351e-12,0.5077240686308901,0.007542643608307458,0.3526662170767473,1.786804392107435e-12,1.7868043936784577e-12,1.6899308311708489e-12
TCCAATCTAACACGCA-1,0.19255493935257384,4.7827579256948415e-12,0.48150093364310753,4.510883840150228e-12,0.046123198240361936,4.537090233928879e-12,0.47982092867782095,9.986496975902959e-13
TCCAATGCAAGTATCT-1,0.07623507637057006,0.04354562445800833,0.48183163254187894,0.09259451863854085,0.19493697083586073,0.01085617714634224,6.772473752161993e-12,3.5414557497661633e-12
TCCAATTAGCAATCAA-1,0.12756782333092062,1.9708210943767393e-11,0.49882565853283456,0.0025191687591705455,0.04563769705609564,1.9708210912620734e-11,0.27468508250011653,1.922980711236576e-11
TCCAATTGGTTACAGT-1,0.14382508865231444,1.6887362279384745e-13,0.41560349098718813,1.7076645134766388e-13,0.13984649234946628,0.008977416196885574,0.4917475118029833,1.6506896272729456e-13
TCCAGAGGTCGACAGC-1,0.0014298567136828164,1.7977795535337824e-12,0.43533177106414656,1.7816310403150614e-12,0.30619392498386727,0.06682322986837196,0.39022121736015225,1.7605454717589396e-12
TCCAGCTCTGCTATAG-1,1.4148440617049933e-11,1.3657508274449135e-11,0.20626693578814637,1.349982542655962e-11,0.12745749090414285,0.022171414672208636,0.5441041585914841,1.330108044585221e-11
TCCAGTACCGAGCGCA-1,0.05400920945509377,9.79523482661836e-10,0.23328982487444566,9.564075172688524e-10,0.24064318943910856,9.750579494562924e-10,0.4999999963451575,9.621263350958816e-10
TCCAGTACGTGCTATG-1,0.08035740035736412,0.04165085417545736,0.4326643176723618,0.07261903382214827,0.1352087071695881,0.041650846451579716,0.0958488402865209,6.501486389940355e-11
TCCAGTCAGTACATTA-1,0.08302545873728935,0.026767823932787916,0.32544615387468717,9.997003014213108e-13,0.24760830332806763,1.031075558859845e-12,0.21715226012496397,5.043908454134949e-13
TCCAGTGATTGGTGCT-1,0.3033378517223289,2.943396637616739e-10,0.5938735882586281,2.9433966347950606e-10,0.22476562197946742,2.9433966304937214e-10,0.07802293696848625,5.624081050102608e-11
TCCAGTTGCGGTGCAC-1,0.04271957195262162,7.659907958759748e-13,0.26392548839205987,7.613258787565789e-13,0.09125105544675231,7.901925008163587e-13,0.5021039090211887,7.536660863242138e-13
TCCATAGCGACTCAGT-1,0.320348054517087,3.622753525372883e-11,0.3603838894915076,3.534418384776381e-11,0.19892000135165977,3.604827219173791e-11,0.320348054517087,4.855143690184424e-12
TCCATCGGCTAGACGA-1,0.04933442131811011,1.0227003932899364e-09,0.20211779437381425,1.0124864006248247e-09,0.09090335220544035,1.0931352169772918e-09,0.5576444280707445,9.741828917355522e-10
TCCATGATGTGATCAA-1,0.2254227616445011,4.8667303641984385e-12,0.5550385359230907,4.795323394874615e-12,0.0663461166535041,4.940413072396693e-12,0.053192585760378705,4.648682426706269e-12
TCCATGCGTCCACCAG-1,0.1195071619398511,0.20777752768736313,0.37750981570749975,5.224235705114039e-12,0.0815830161399827,5.134012117116746e-11,0.11362247846760662,1.5014712245676688e-12
TCCGAACATAGTCTGA-1,0.34952175718136386,1.8167364919723174e-10,0.40453852433700577,1.7540329793565275e-10,0.07706719082155986,1.781496014262692e-10,0.368872527011435,2.8036031344500747e-11
TCCGAACCTCAACCAT-1,0.11770920785357485,7.652422867947583e-11,0.5404168537242047,7.720974216676887e-11,0.1691102417293286,7.767349860341243e-11,0.3727075452479408,7.607400570153992e-11
TCCGAAGTGACAGGCT-1,0.04474539776368719,0.3770585938885747,0.40113741342145787,2.697136188394717e-10,2.745751480603146e-10,2.5320422277855354e-10,0.3770585938885747,5.067193614693041e-11
TCCGAATACCGAATAG-1,0.15032229844950643,0.02995097525172408,0.5047188434390595,5.726298490122205e-12,0.12834526807641317,0.08345751997904605,0.003205094796378717,5.48052147011223e-12
TCCGAATAGAAGCACC-1,0.10728319185958343,1.7159521135671318e-10,0.2589521399629379,1.7159521190932276e-10,0.43348424640080957,1.7159521137262151e-10,0.10028042120618821,6.05778468209546e-11
TCCGAATCATGTTGTC-1,0.1536047846145179,4.577132377758461e-09,0.4645858121318601,3.794281531034787e-09,0.09255169669330102,3.4423617699614967e-09,0.4892576322525861,3.8430917218493153e-10
TCCGAATCGCAGGTTC-1,6.9410886503978326e-12,6.861129062100832e-12,0.3660749676784773,6.892887234071415e-12,0.09878447621810371,0.08428593760345918,0.49999999976235004,7.2365952903626235e-12
TCCGAGACAATACGCA-1,0.1505634649515977,2.150642270601671e-09,0.27701469320328764,2.0409831248491122e-09,0.19926555786043262,2.040983107808927e-09,0.27315627737064196,7.164743165004155e-10
TCCGAGTACGACTTAG-1,0.08241968608368407,6.115050760065528e-10,0.21094366309429285,5.917864126451243e-10,0.19313219062834117,5.822904619014306e-10,0.41350445787563633,5.556011720384568e-10
TCCGATGCGTATCCGG-1,0.00803506558361476,4.57679088676271e-13,0.4737388882467714,4.55340065255751e-13,0.3352484285950863,4.530196441188224e-13,0.19193164882687938,3.9902988555722507e-13
TCCGCCAACATTGCTC-1,0.0408263264027177,0.07351579056482843,0.3338654943356527,4.704435482923553e-13,0.4436702201947294,4.783471828996018e-13,0.008122168501410596,4.582373212488267e-13
TCCGCCAAGGTCCGTT-1,0.09580901166718318,0.059653344338634055,0.36981127036149936,0.0958090162914136,0.113351379068449,0.0596533423632956,0.09580901307000357,0.010103622839652169
TCCGCCAGTGATTAAT-1,0.23509390390551993,8.887728752399607e-11,0.2037461335648163,8.972434571816586e-11,0.2309796229822809,1.4795695765990784e-07,0.23018019145306892,8.377303680297248e-11
TCCGCCGGTCTATTCA-1,0.16402630939401902,0.07996355609472197,0.4447922730803461,3.5779184054336976e-10,0.07983050819472022,3.8381903125645927e-10,0.43138735216097185,5.019127041215337e-11
TCCGCCTTGTTCTGAT-1,0.07381296903493151,2.1363154600744863e-09,0.35830058736967857,2.075039721305868e-09,0.28367031781865015,2.200292493971781e-09,0.48421609962821405,2.4664716843523337e-10
TCCGGCTATGCTCAGT-1,0.11837301472595377,6.16776862768708e-12,0.3150118773502559,6.027430046208125e-12,0.1580117606296711,6.240499854657672e-12,0.49999999996869277,8.353436370235827e-12
TCCGGCTCTATGGACA-1,0.11380125916412243,1.7205122090368706e-13,0.5722540114865917,1.652170187724337e-13,0.2052293239315643,0.008715405417314713,1.708678454270544e-13,1.6182174708555433e-13
TCCGGTACGTGGCCTC-1,0.2530668270557036,0.10594961209033826,0.5222684795416381,0.1795082475484348,0.13920683296723987,3.165847036757859e-10,3.314521679748688e-10,4.410532892763669e-11
TCCGGTTCCGTTCTAG-1,0.002568231235288118,1.7016386000542195e-13,0.25196108319628835,1.72231829677108e-13,0.09236990291985503,1.7223182961633607e-13,0.5531007826482696,1.6881263915976806e-13
TCCGTACTATCCTGCT-1,0.08799960873585505,0.014440994280321752,0.39411859564393686,0.08799962100747746,0.04199898184199187,2.8024510613037307e-12,0.27344219848645884,1.2416109582953821e-12
TCCGTCACGCTAAGGT-1,0.08890544343665405,0.1287550429577324,0.2466198442293797,0.056114901810817276,0.11996191047228272,0.13906108966624908,0.0638747089259553,0.05670705850910955
TCCGTCCACTCGGAGC-1,0.17986474476591316,5.816912939579918e-14,0.5193715783165807,5.816912940601615e-14,0.20076367940925677,5.932784037646027e-14,5.845454130094117e-14,5.705519217879144e-14
TCCGTGTCTTACATAA-1,0.26787759134757955,1.7164968345741907e-10,0.401795678643085,1.7164968311611773e-10,0.11253999252392148,0.08805619021870419,0.3297305468451841,2.4357816357161428e-11
TCCGTGTTCTGTTCTG-1,0.1880912748384695,9.290845628199438e-10,0.45531324607309,8.629776470334552e-10,0.11759088715073225,9.679364714056173e-10,0.4390045886103246,9.891529818993118e-11
TCCTAAGCGGTTCATC-1,1.2388748407540723e-10,1.2061908536345024e-10,0.46314253627153756,1.2729920769696308e-10,0.47984952060706565,0.0687209251830547,1.2223587371129367e-10,1.023637578320827e-10
TCCTAATTGCGGCCTG-1,7.285704268669469e-10,6.545549008283787e-10,0.5428155851177543,6.163979067853194e-10,0.318531474586901,8.23459066132128e-10,0.3386529368249261,8.800184269690372e-11
TCCTAATTGCTCAACG-1,0.25532193018665617,4.89067253278428e-07,0.4496274308238046,1.823516214768686e-11,0.07431710507704296,0.04488243310530086,0.07585061171292018,1.7469888966674883e-11
TCCTACAAGCTCGAAC-1,0.09322350938778332,1.5775115226699161e-12,0.23475852550224524,1.5441122807856034e-12,0.1607979834342801,0.003055358976147757,0.4081646226957183,1.4997086020283643e-12
TCCTACCGATCGTGGC-1,0.162187476153656,1.7976563520891334e-11,0.3983923316715098,0.015070263772197312,0.015045193049469264,1.7976563520891334e-11,0.3093047353316136,1.8481942341254984e-11
TCCTAGGTATCTGATG-1,0.20880430937971217,0.06168711411714512,0.5812969982328156,0.06168712149339902,0.2865244554521817,4.654336815895789e-10,5.65839690901063e-10,8.647448969757032e-11
TCCTATGAGGATTGTT-1,0.1279502484871134,2.771796672877679e-13,0.481208520654727,0.010256462444385115,0.12321105683508321,2.7717966675165144e-13,0.15737371157826707,2.6278517044935994e-13
TCCTCAATGAGGAACG-1,0.15207755668374665,4.1465931878271704e-11,0.35306777447561477,4.110239193633871e-11,0.25217472967655524,4.146593179967631e-11,0.3727534412855325,4.8743941744462446e-11
TCCTCACGTGTAGACG-1,0.32213040348530886,0.25569225995940525,0.5170998874451587,4.714841254752887e-13,0.03980610021627496,4.889136778307771e-13,4.875472209699032e-13,5.525718513286821e-13
TCCTCATCGTGCTGGA-1,0.022595208098475403,0.11164527438069326,0.6850594894873503,0.20454982178036593,0.149685824178675,1.0274858350714712e-11,0.02646438203535699,3.2236228741791537e-12
TCCTGAAGCGTGCACT-1,5.578645648878479e-13,0.054009215276179766,0.4030597233574549,5.39053737089291e-13,0.350917771899546,5.596250624447232e-13,0.33772483163182865,5.813706129543939e-13
TCCTGACACTTCACGG-1,2.894281413133249e-13,0.3377248536718224,0.4852008251335369,2.810842554393736e-13,0.1322545227434837,0.0014589380207111471,2.875309758186764e-13,2.766541782108595e-13
TCCTGACAGGCAGCAA-1,0.09563078224239084,7.250596382405141e-12,0.29242737191548224,7.165758565064376e-12,0.1889413327882096,7.293851016966316e-12,0.3230005130310959,2.3911260086966876e-12
TCCTGATAAGTGCCGT-1,0.19724256266964413,1.3463272403569271e-12,0.38245466577416354,1.3077163666547016e-12,0.08793307457270667,1.3185698798910907e-12,0.4218023550262752,1.7570977230616054e-12
TCCTGATCACCGGTCC-1,0.16434715215601467,3.445686670962671e-13,0.5356749183459129,3.3340898273408835e-13,0.17111123602609032,3.370658936524082e-13,0.274685082274736,3.713718531075719e-13
TCCTGCCGTGTCTAAG-1,2.6840697028726603e-13,2.6840697047002124e-13,0.5837041317086615,2.6469669027428944e-13,0.06243452616275472,2.6840697025583316e-13,0.49999999985985494,3.1498074712351614e-13
TCCTGCTACATGCAGA-1,0.12279068446264252,2.2507917626367757e-10,0.40383692189547143,2.2708219231890907e-10,0.325266800407203,2.332551094418694e-10,0.34810559246022327,2.951922856443239e-11
TCCTGGTGCGAGGCCT-1,0.3420531540526855,2.864805867173829e-10,0.4111232639028585,2.7641056451373714e-10,0.05215645912840434,2.7970827530360085e-10,0.3946671218620677,4.420384906105395e-11
TCCTGGTGGCAATAGC-1,0.15175374524809837,4.957077269437155e-10,0.450976159210541,4.997124521057931e-10,0.19917837320680892,4.997124509827332e-10,0.39809172064695464,5.47050368683843e-11
TCCTTACTCGCAATGA-1,0.19294674857326632,3.050883687339329e-11,0.48294246618541037,3.050883689892339e-11,0.30811641974183496,3.0553733088528556e-11,0.11666644487569866,2.7902543133255956e-11
TCCTTCCAACCGCAAC-1,1.3604059328493462e-12,1.3514259755193666e-12,0.23092169847188387,1.3124675770375528e-12,0.054937024008582816,0.18010339838771003,0.5000000006635144,1.2997976761912936e-12
TCCTTGAACGATGGTC-1,0.06998613256464542,0.4999999999339348,0.40709500118575126,2.6363535690213803e-13,0.14019021748834753,2.692549439596823e-13,2.686210420982085e-13,3.0533479416310847e-13
TCCTTGGCTCAAGAGT-1,0.20112645802947565,0.054009216605922165,0.26901102753418527,1.3046569771555187e-10,0.4211005457182198,2.1521435573099764e-07,0.12756784469197982,1.2680114540980642e-10
TCGAATCTTGCGTTAC-1,0.05796613671084406,0.00447446048073158,0.4176106988747516,1.1464255231306078e-11,0.1646900656129351,0.09809971404330203,0.457158924200239,1.1022008713152938e-11
TCGAATGGTTCCACGC-1,8.838953179928173e-12,0.018087004367039083,0.4958196136513611,0.09164560844815674,0.14875967835276538,8.838953174295074e-12,0.4456880951154039,8.228651957248363e-12
TCGAATTAGTTACTCC-1,0.06689533862012016,0.01172637382845445,0.4193215861248503,0.030116029012053146,0.1607340504471626,0.011726371950004965,0.19948024999994135,1.78187804070748e-11
TCGAATTGTACACTAT-1,0.10310315900007011,0.11429199377344425,0.21892550652745157,0.0780376730085434,0.12416475270705421,0.09284766099295466,0.09284766217437374,0.07578159181964796
TCGACCAATCCGGTTG-1,0.037194894067933214,2.4924275539135303e-11,0.24191961445839946,9.063920703240229e-07,0.1038865662505805,2.5384145956292264e-11,0.5169980189640544,2.470053324726315e-11
TCGACCTGCAGCTCAG-1,0.0919435385270734,2.3089988650635163e-09,0.48842704849997387,2.3089988454873143e-09,0.18281971807786274,0.11548229639114385,0.021327393342711547,5.880815138005585e-10
TCGACGAAGAGCAAGT-1,0.13303873319834902,0.01188773727726951,0.5033406964204301,0.02053818485523175,0.020272027005626744,2.5393285862421097e-11,0.21092262124971872,2.3941435490202642e-11
TCGACTCAGGTTAACC-1,0.0590987773224422,2.008318008612294e-13,0.5096267759312769,1.966523039821441e-13,0.12428528049822589,0.010064599848523426,0.4969245661618028,1.5841413837837725e-13
TCGACTGCAATTCTCG-1,0.09754262920693277,0.04446476009715586,0.20079249176040234,0.044464759106491995,0.16265357540153258,0.05770942806922132,0.2837282072315207,0.00864414912760828
TCGAGCTGGTTGCCGA-1,0.013532776205649818,1.5290129325222924e-10,0.2160727423387545,1.5935441195969703e-10,0.10405761100804994,0.013532774434565761,0.5528040956622039,1.5623606672528578e-10
TCGAGTGGTAGGTCAC-1,0.0834326475814136,1.9816177882024703e-11,0.3382558886189663,1.918803515058559e-11,0.15816215845952025,1.9558898142843395e-11,0.5000000000551932,2.4211492457929638e-11
TCGATATTAGACATAC-1,3.46931656077374e-11,3.473796224805505e-11,0.40217912902911823,3.4430706872020146e-11,0.2666103141022643,3.4600777284414465e-11,0.29386920303710706,4.595318194212199e-11
TCGATATTGTCCTAAC-1,0.007738487828579822,5.785994121375746e-11,0.3477094558233338,5.7859941283875907e-11,0.07443913211946712,5.7449597880706526e-11,0.47011292706094526,5.905973040786894e-11
TCGATCCAGTCTGTAG-1,0.09861782996446035,4.369435476189476e-11,0.32648530986928864,4.4136445230904985e-11,0.24387349431676966,4.597628156650167e-11,0.23102336586465685,1.0264339266143209e-10
TCGATCGCACCTAATC-1,0.0965849510698247,1.455056355125442e-12,0.19810432094704866,1.4793089166042318e-12,0.20523806706445008,1.4936089900591199e-12,0.4999999999790159,1.9028290679582762e-12
TCGATCGTATAACGAC-1,0.05891843240078045,0.013650459323112343,0.13419008082329628,1.082615368932205e-10,0.24695642532643913,0.006103456381089744,0.4401811455805306,6.363445096227563e-11
TCGATCGTGAGGCGCC-1,0.11120841174983272,2.5269107157263774e-12,0.5079956747697275,2.469731731584873e-12,0.1218725805359897,2.51858600703771e-12,0.1875034053139864,2.4235685087778774e-12
TCGATCTAATGTTAGT-1,0.02248199287033916,1.758741608464668e-12,0.22354032356959352,1.7364078531906209e-12,0.16141980252463872,1.758741608864403e-12,0.5000000140888144,1.7092599113016288e-12
TCGATCTAGCCGATTC-1,0.19761035036350305,3.559990975513321e-13,0.48332214999701933,3.632532717659217e-13,0.10693716949646415,3.5999204081390033e-13,0.21863340035704054,3.5286963329296595e-13
TCGCAATAGTGACGCA-1,2.822612182746161e-10,2.745999766161193e-10,0.3443907133289929,2.8621286903164504e-10,0.27076885652180793,0.17976275535097508,0.40507767380138876,3.360754477284253e-11
TCGCAATGATAGTTCA-1,0.1776272256764181,4.467757728574069e-11,0.38047019839768714,4.4979910164014815e-11,0.3206840511759024,4.7841919348067924e-11,0.3212185245934223,6.171490244893034e-12
TCGCACCTCATGTCAG-1,0.18046259723610783,0.03878686539771734,0.3030719133180906,0.046966583806289895,0.10501531697814848,0.12957494050759666,0.09612178249015338,2.6610561024366353e-10
TCGCACTCTTGGACAG-1,7.11750285483263e-12,7.000059897190895e-12,0.48269679028997603,6.97129049708735e-12,0.2411083964466928,0.005421733970766077,0.47077307921604294,6.773775099572623e-12
TCGCACTGCTGTGCTC-1,0.05814363156468261,0.013686059560574946,0.18444817716096304,0.03588588963237602,0.35956948845688425,0.022012735189766344,0.22625400404122228,1.4434919704107527e-08
TCGCACTGTACGGCGA-1,0.22636062779141253,2.9505911596013987e-11,0.4900057500207741,2.8975241942035958e-11,0.031698020515330355,1.0180863078721272e-07,0.4519354979261828,2.162852874711453e-11
TCGCACTTACTGAAGT-1,0.007196502163714793,2.1776852423747897e-13,0.43083383782282597,2.1408904341257776e-13,0.32239784902290847,2.1776852418789983e-13,0.3816687435180175,2.671842413785074e-13
TCGCACTTCAGTGACA-1,0.06872093002957216,2.9288599563931037e-12,0.4295751492017631,2.902542273634337e-12,0.21921725288060376,0.009874051539126374,0.30410855072238263,2.851298479803589e-12
TCGCCAGGCATGCCTC-1,0.2625465573932543,9.101203506184208e-10,0.395649136309583,1.5290569237936716e-09,0.11411379872804096,9.815000571714297e-10,0.42769050358513266,1.1083142124170298e-10
TCGCCGTATCATGCTT-1,0.007512540632127285,3.98363016588007e-13,0.12255766804182698,4.030060482393219e-13,0.21012682102054156,4.011332795005239e-13,0.5598029703046056,3.9028893287531775e-13
TCGCCTAATGACCGGT-1,1.558268695691942e-11,1.5582686980520536e-11,0.3440106662073129,1.5114502955564874e-11,0.17976922781315113,1.534505045939174e-11,0.37622027927428187,1.507186152001804e-11
TCGCCTAGATAATTAA-1,0.050125309243921744,0.10433801364450178,0.5337216245689925,9.80563970598726e-11,0.239391541991585,7.291309021611667e-08,0.15078291400698485,1.2058478310787825e-10
TCGCCTATCGACTCCT-1,0.08578257123897245,6.714669760627362e-11,0.3491952492917669,6.740263116763195e-11,0.10078108715052514,0.3321205460788947,0.3321205460788947,8.635007165476605e-12
TCGCCTGACGGCCACT-1,0.16434715160152938,2.028714043783933e-11,0.2884715346095426,2.0336697519049738e-11,0.13951408118587574,1.8261341361080563e-08,0.499999999282153,3.195878547541319e-11
TCGCCTGGTGGATTCT-1,0.2011264711712595,7.032290157225329e-10,0.5123268084854284,6.766640206118044e-10,0.2879001384925535,6.827771834504407e-10,6.940648890733233e-10,7.046919139179736e-10
TCGCGACGTGGTAAGT-1,0.0406215313052993,1.8409564822353872e-10,0.39376849864520286,0.02056946539168761,0.11550493153489917,1.8562360102364421e-10,0.4999999911337802,3.1211968321787835e-10
TCGCGGTCCGGATCAG-1,0.17365630266501636,0.10009769879901007,0.1846453701323146,4.2084267683626816e-12,0.026494916943302534,0.24721492659797767,0.46789078483835517,9.478563938108512e-13
TCGCGTGCGAATGGTT-1,0.09338801062041119,5.565335394068362e-11,0.5775588820796745,2.4018756592946063e-06,0.2197255061361412,0.009325199248940931,5.463492503388397e-11,5.389574365765291e-11
TCGCGTTACGCAGAAT-1,0.05982140782281656,0.010787234362252072,0.20104388401551956,6.386516338271689e-08,0.27536658418955484,0.010787230900160882,0.3421935948385474,1.1133563908886114e-11
TCGCTTACTCGCAAGT-1,0.06998613253963323,1.5578789287765904e-11,0.3534153398205727,1.5786361558855285e-11,0.14698919927270349,1.6279801020990486e-11,0.49999999980149035,3.048833844791347e-11
TCGCTTGTTCCAGTTG-1,0.08112911344184219,4.936168071900272e-11,0.203183859882428,4.9226990693197905e-11,0.09468166062110257,4.977338748643917e-11,0.5210053678373612,4.666050498775979e-11
TCGGAACGTCTGCAAG-1,0.2528946153575679,2.6747486559024524e-12,0.434512739810626,2.863361822410209e-12,0.04303359192833739,2.8633617833172395e-12,0.46955905286451427,6.758666387013798e-13
TCGGACATTCTATGAG-1,0.08743425031141355,3.088542628163165e-13,0.5187130187456048,3.0264800510723785e-13,0.05035416017830941,3.0387197728014106e-13,0.4999999998281535,3.140752796419804e-13
TCGGACCAACCATACA-1,0.02587385930436249,0.055297307081278294,0.31708227381509063,9.194545801662595e-11,0.15221474901817889,9.239456198921963e-11,0.34953181057792726,3.916680317931645e-11
TCGGACCAGATTCAAT-1,0.05477944534282569,3.6280288908372695e-12,0.4441686510068126,0.05477945598240228,0.173659095176037,0.033771108434748655,0.13884224405045764,3.4847206697503654e-12
TCGGACCAGGATCGCC-1,0.13273771093312275,0.0792458782258378,0.3104218527073125,0.03911229152873552,0.1933780914480617,0.012366471099750372,0.1327377040310416,6.985711472436323e-11
TCGGACGGCCGAGGAA-1,0.16199928716713882,1.2123396460522618e-10,0.21636092902745951,1.2748428916285428e-10,0.18000579464607028,1.2327104415432956e-10,0.3416339886437023,1.451492436873987e-10
TCGGACGTTGCCTCAG-1,0.07824048263613076,0.06554715750690392,0.2958293848690018,0.02423075316902002,0.2777538693777881,0.10386196992498518,0.030066765789429857,0.02446961675562241
TCGGACTGCCACCTCC-1,0.2193058473611298,1.0842041424222372e-08,0.36500749545188627,1.6662701778390604e-12,0.2729151524186334,1.691763384982303e-12,0.3427714939178859,1.6226816542257607e-12
TCGGAGCGTTACCTCG-1,0.07663584912716075,4.091400290468365e-12,0.2592535017294183,4.063601245922594e-12,0.12464760224514898,4.084406718542095e-12,0.4999999999963668,4.571173041640054e-12
TCGGAGGCTGTAGTTG-1,0.0849995500561151,0.021658681140574107,0.30334954179239804,0.0006356438908902369,0.19693477915122098,0.042667022117001095,0.24975478185026936,1.777624431912865e-12
TCGGAGTTGTCTTGTT-1,0.01173644802012929,0.10000666297788025,0.47478194935649737,0.021534333302536835,0.20174666777568845,5.5047920573169545e-11,0.0901939385316091,5.163400071622115e-11
TCGGCACTGGCGCCGA-1,2.793103066761516e-11,2.714005115907193e-11,0.5356749166603672,2.6883317937138646e-11,0.4508747746363122,2.7663787840263695e-11,0.10304339559567603,4.285161014896494e-11
TCGGCGACCTCGCTGA-1,0.03257357168106955,7.592799827599053e-12,0.16225572633185004,7.51898816022442e-12,0.15359933960899472,7.860016569270579e-12,0.5515713623501604,7.110209153708097e-12
TCGGCGCAGAATGTCT-1,0.003665719252740653,2.323953919564795e-12,0.3217150922392132,2.296766947446045e-12,0.03491794034665415,0.04238695395344461,0.5000000049971509,2.2754681997328e-12
TCGGCGCAGATAGATA-1,0.06217421081755891,2.9081702452307818e-12,0.495551669361138,2.9361435136909426e-12,0.08459488748423381,2.8943061401615867e-12,0.4708365270408429,3.694583358306703e-12
TCGGCGCTATCACGTG-1,0.16474414616587724,0.06225111335209475,0.2979302235532331,0.036864591717324674,0.20455338119784083,0.05899655548817998,0.05254148139395791,0.022118507132723748
TCGGCGTAAGGCCTTA-1,0.0503806277976487,5.4422148693779e-10,0.21740071249943077,5.196233175008403e-10,0.198879177638049,5.442214835223414e-10,0.4333394802782949,1.857762080900619e-10
TCGGTAATAGCGGTTC-1,0.14994803341070137,0.10142324677614876,0.2656915076490242,0.008414719471531327,0.30464087992744426,0.008414719471531327,0.05297452760152237,0.008492365710475404
TCGGTAATTACGTGGA-1,0.13310477812127125,1.9375159073173874e-08,0.3375266969300009,0.03942840075048309,0.2752347209827278,0.02542283541616143,0.08928254841598866,9.201575540211407e-12
TCGGTAGGCATCACGC-1,0.3985725199669172,6.14116703570251e-12,0.5075608572772516,5.999919405504296e-12,0.05136449609789239,6.203370956369844e-12,0.143044585810656,8.69876652632686e-12
TCGGTATCTAGTATAC-1,1.0210095425207043e-11,9.812285934193521e-12,0.38438241181338473,9.941320240079821e-12,0.09063747860375139,9.812285927690227e-12,0.4999999999780066,1.0689904336768634e-11
TCGGTGATCGCCGGCC-1,0.10608895503155284,0.0010031260181755544,0.47488747779448826,8.105611954557242e-13,0.1478739203072055,0.10608895578985143,0.0640575650579079,8.105611561655757e-13
TCGGTGTCAACAGGCA-1,0.06823702148169528,3.499550374161671e-10,0.24252215432463475,3.4729105259226893e-10,0.06366438091267522,3.6380651472384337e-10,0.5255764445209266,3.588581714439927e-10
TCGGTGTCTAACCAAG-1,0.18163472507247266,0.012714689891956099,0.42598221786855056,2.333932826648397e-08,0.06897421155680598,0.01271468604266634,0.19797944622399635,8.463016837103702e-12
TCGTAAGGCGTTCAGG-1,0.10576276097119602,0.03517439707277881,0.2359160050057006,0.07511560281051419,0.2876308529130025,0.08528477188913701,0.07511560342608142,5.912132135098985e-09
TCGTATACAAGACGAG-1,0.10064217337958171,0.001117846094259925,0.25817696473640905,0.06679789538208597,0.25490716814983544,0.10064217512323838,0.11771577698568533,1.6527335035167296e-10
TCGTATAGGAGCCTAT-1,0.12087400492213923,0.5000000059022269,0.3387626679204145,5.0979484192707544e-11,0.09765117912839866,5.1214420458651916e-11,5.1612481494477423e-11,5.0734212117365055e-11
TCGTATCACGTTATGA-1,0.09987519686106297,1.126701425691237e-12,0.5105484838200639,1.1046438709673663e-12,0.19492649494835793,0.005293518703351465,0.08935630570986597,1.0974855275584145e-12
TCGTATGCCGGACGTT-1,2.713481908976596e-12,2.5321583454440736e-12,0.49097756622024863,2.71348193477181e-12,0.19107726612141093,0.038801838317790834,0.47914332929614745,4.5032523628753724e-13
TCGTATTAGATCCGGT-1,5.4143863551574625e-12,5.370548434630714e-12,0.23160282141904603,5.348885883027384e-12,0.18803112648672965,5.5270882504205085e-12,0.5000000163941098,5.2914005182411865e-12
TCGTATTCTGAGTGGC-1,0.06068834199643846,5.9415549900189095e-12,0.1552194467736946,5.727291743626694e-12,0.208539386548833,5.84440700067624e-12,0.5000000154422399,5.716070074718734e-12
TCGTCAAGTCCAGGTT-1,1.76182015074487e-07,3.7995626172142147e-11,0.21306150209975744,3.782213101920145e-11,0.16434809251814894,3.765027835841021e-11,0.522590229089133,3.6361840938287506e-11
TCGTCACGATGTTCGA-1,0.031006104167110696,3.4278189223404803e-12,0.23859515412328217,3.3755990950961387e-12,0.12887440954345672,3.3755990839469848e-12,0.5015244328618238,3.275791979694333e-12
TCGTCATCGTACCAAT-1,3.653797321376234e-12,0.0012428190324501947,0.48244601083242217,3.5854228872257997e-12,0.2737170930234593,3.68897189774276e-12,0.4425940770762184,3.5195604427125528e-12
TCGTCCAGCATGGCTT-1,0.07079985422221624,1.2353991220757273e-09,0.30879654717379,0.2312900807166613,0.044450499593874516,1.2016661351013241e-09,0.24466301560492218,3.959568464349138e-10
TCGTGCCTCGGTAGTT-1,0.24620369032593184,1.3429367716083098e-11,0.5520211928176345,1.287069777191953e-11,0.07624729265305107,1.3429367667769133e-11,0.025527824157826312,1.2454969698982674e-11
TCGTTAGCTTACTCAT-1,0.33222904300342987,0.3442239660333017,0.3685063910478706,6.044473440763275e-11,0.15504059970416353,6.339784652294355e-11,6.207936144718257e-11,7.918635279095628e-12
TCTAACAAGCCAATCC-1,0.04173963731201028,1.258201526127446e-11,0.4874357133603296,1.2564035713636932e-11,0.16139702726678368,1.2582015260172656e-11,0.49999999989304,1.7161257145029335e-11
TCTAACCGTGCTAGCT-1,0.31088643672509825,3.3667972270927594e-13,0.38666273075569657,0.15913017036971586,0.032434225423170086,3.497140401321477e-13,0.31088643672509825,1.7768014604889405e-13
TCTAACTCTATGTTCT-1,0.06950775612980743,0.04988232466885942,0.330558521021286,0.010661081561427078,0.27096605106993166,0.03027158820118111,0.13815267730207517,1.2423849419382729e-10
TCTACAACTGGAACTT-1,0.10080721244813179,3.7976302413532254e-13,0.5085355580285297,3.7091482537841094e-13,0.2618817265481384,0.03394242001604915,0.12756784417143527,7.442026911465453e-13
TCTACACTAATTACTC-1,0.08489056928997707,3.7663692374981277e-13,0.34462779280660694,3.7537199793731547e-13,0.2356099931345503,0.002666746069793726,0.23220489869819155,3.679536355742746e-13
TCTACAGCACCGAACC-1,1.036211686306713e-11,1.0448108181860485e-11,0.37648126811454297,0.0339424872941004,1.0447727417819771e-11,1.0194265606469198e-11,0.5000000629895629,9.980816756642947e-12
TCTACAGCACGTCCGA-1,0.06492358950507342,0.03550015813439668,0.39834967261829113,5.043253528963028e-12,0.2491590961085126,5.21764256093209e-12,0.4520674836149605,7.531392239051838e-13
TCTACAGGTACGCAGT-1,0.12721584061758856,1.3626363618457916e-09,0.30138127968126777,1.2109556222978669e-09,0.2755273945072177,1.2243412761564356e-09,0.19587548080345496,6.133022130410853e-10
TCTACATGAACTATAC-1,0.08201279068194986,1.2261528919456874e-09,0.49680405165722746,1.203297097608139e-09,0.1457151380195959,1.1801581825952154e-09,0.47546801079160994,1.6228987816470475e-10
TCTACATGAATCTGAT-1,1.7024493476455605e-11,0.007196481472057657,0.2572389480357584,0.20780557942702144,0.208539337332187,0.00719647180184385,0.49999996604848174,1.649119138569083e-11
TCTACATGTCCGACTT-1,0.07035392785570681,7.481712409411715e-12,0.3318335189066445,7.52183567068879e-12,0.27122933692959345,7.461827083945953e-12,0.499999983861819,7.310092832506544e-12
TCTACATTCGATCGCC-1,0.06761754369590811,8.024364484848918e-13,0.23076835916091873,7.803747291818812e-13,0.25236893115479747,7.69491155000035e-13,0.4999999998474821,4.7315645169674736e-11
TCTACTATGCTAGCTC-1,0.22698319616178858,8.390683626483753e-10,0.46353737395097067,8.863681117360968e-10,0.07818965548716961,9.225679506650778e-10,0.43128977107274874,1.1001135492007207e-10
TCTACTCCGACTCGGC-1,0.12450836186548735,6.111999096816334e-10,0.44034363253779885,5.960740056131728e-10,0.33899792075041574,6.980536421291966e-10,0.29615008265859344,7.495694990923283e-11
TCTACTGTCTCAATGA-1,0.2964499021011128,5.344533821982847e-10,0.44432992001283234,5.369016703242571e-10,0.07623589235169781,5.320211521396552e-10,0.38298428345043745,6.994134608533827e-11
TCTACTTAACCGGCCT-1,0.05369903323282544,0.062349529758124536,0.22984311708401797,4.681661100723761e-10,0.45714209397784095,4.532894633387221e-10,0.09696622492186655,1.1091294398209363e-10
TCTACTTAGGTTCTTA-1,0.015052562481799299,1.1272055010092696e-12,0.5080432081381465,1.1301493509980427e-12,0.4998202994711854,1.1542746901506114e-12,1.148150112794525e-12,1.1188578363560596e-12
TCTACTTCACCGTGGA-1,0.0815125598935032,8.742525773103568e-13,0.515750499940181,8.742525776180679e-13,0.09670307043407397,0.007953954364568912,0.49807991250314615,8.539871538205518e-13
TCTAGAATTGCGGTTG-1,0.06653029993124289,0.0455072587659597,0.4388017845962406,3.787660385793641e-10,0.15306029806207652,0.045507245833663,0.15059311233452138,9.891769571187089e-11
TCTAGAGTCTCCACGC-1,2.4311737165942104e-11,0.03394241972556169,0.33411097318157656,0.047315387354998566,0.17126059022217738,2.4516742900499914e-11,0.4999999977024178,3.6573279991593095e-11
TCTAGATAAGGTTAGC-1,0.2588694835844735,4.1298315429044907e-10,0.43583675064678146,4.053830826362918e-10,0.09853716762592604,4.145297791533741e-10,0.4067565966367231,5.5482741464899335e-11
TCTAGCAGCGGATCAG-1,0.12686826059300213,3.3710562905715396e-13,0.2636892293677587,3.336689148404687e-13,0.1503876534811523,0.0007593661925379923,0.35829549036509833,3.303038973021744e-13
TCTAGCGACACCGAGC-1,3.2277188855626962e-12,3.135326514135717e-12,0.22418745606104218,3.1547013385988645e-12,0.16882379491649382,3.1875002024953604e-12,0.5069887795293103,3.089855550528518e-12
TCTAGCGGAATGGATC-1,2.1096664871223645e-10,1.9762201787394843e-10,0.4680988054873873,1.913873308916002e-10,0.37217036873466347,2.041429134783462e-10,0.3597308248641043,2.833810994379182e-11
TCTAGCTTATTCGCCA-1,9.385446486000616e-08,0.12910728609854014,0.4025429472584335,2.04469686057691e-11,0.11126160864726012,0.16588657280961291,0.3912014912420398,1.9395210776345523e-11
TCTAGGACTGCCACCG-1,0.136786225503666,1.3973165629554384e-11,0.2628761419726772,1.4127062385328289e-11,0.08192618457295858,4.5509863041317124e-08,0.41841140241954067,1.3769449582863855e-11
TCTAGGCGGAAGGCAC-1,0.24655286876972093,1.3309575590881765e-09,0.48459442973044,1.3406753636945046e-09,0.09782392201039328,2.1531367584366856e-09,0.3710287705038287,1.621853326014176e-10
TCTATGATCGGTGCCT-1,0.15944395363494723,2.3220198873823695e-10,0.44262042054410894,2.3220198830169735e-10,0.29137444566659615,2.4576042035560205e-10,0.3065611793458203,3.080334635999975e-11
TCTATTCCTTCCGGAA-1,1.2937783339661584e-13,0.18273682429076488,0.26023034357802854,1.2723485406721034e-13,0.08587646843592893,0.017229902426420945,0.5000000000012454,1.2489274118071406e-13
TCTATTCTGCATTGGC-1,0.05215558247900189,0.06851502719089017,0.5679562718131862,6.335610144128247e-12,0.15609605288922543,0.0031214800097034067,0.05215558566694872,6.062438285348465e-12
TCTATTGGCTTCGATC-1,1.305100154365365e-09,4.369604329225675e-14,0.3317193781398235,4.392759809646316e-14,0.2661110171722726,0.11486872105199525,0.4873008823299791,4.290438299937396e-14
TCTGAGCGTAATTGTC-1,0.06454046523963498,0.11749707413112763,0.2891055419978301,0.09978222783798578,0.213573318202786,0.06454046399922087,0.030654612145883647,0.020306296447730653
TCTGAGTCAGATCTTG-1,0.030248450841781356,1.9227202404354638e-10,0.2115410142711942,1.8882341196436936e-10,0.291277795480468,1.8713010748982637e-10,0.3669327386439874,2.0545233662200327e-10
TCTGATCATAATGATT-1,1.4355013010615327e-10,1.4355013043369033e-10,0.40615751064338174,1.4129169348323597e-10,0.2036503455865548,1.401766782541182e-10,0.49999996454422924,1.8006712448734416e-10
TCTGCAAGGACGGCAA-1,0.06837720295613225,0.05203247687385832,0.1784866955977804,1.1601223969272468e-10,0.11013863466964025,0.011163543774201106,0.4798014460692153,1.1244910592030089e-10
TCTGCAATTCACAAGA-1,0.16477327320265803,1.7223614386612223e-11,0.2557734610103085,0.0003416600686114897,0.2357343836774315,1.7482759047560375e-11,0.2433772219989998,1.6728118160557427e-11
TCTGCAGTAGTTATGA-1,4.27500309951062e-08,0.009874223137209655,0.2804353104133895,8.08449424851322e-11,0.17945777098178817,0.04909556134348159,0.4021769693623042,7.920953741084051e-11
TCTGCCTGGATGTCAG-1,0.1132063309211381,0.07513006216320486,0.2737456716655963,0.03801307364529405,0.20927324881430995,0.01962343947626902,0.17100816894501858,4.3748030839770545e-09
TCTGCGAGGTGCACGT-1,0.14522191256400965,5.233076233118608e-13,0.28772858718049377,5.176449380929429e-13,0.1410153056100667,5.361749081685807e-13,0.49999999995231975,6.233095027803942e-13
TCTGCGCTTGCAGATA-1,0.06790240157720209,2.7082339718932253e-10,0.4635653672044015,2.708233972955193e-10,0.2352509326719466,0.1332812976564291,2.8298094604163273e-10,6.736540674071852e-11
TCTGCGTGCTATTCTA-1,0.04731536461365683,1.4251946943836707e-11,0.5201355570340616,1.4194548393351517e-11,0.22287637997961235,1.4466630799670585e-11,0.14094078474391838,1.469315318494092e-11
TCTGCGTGCTTCAGAC-1,0.10167508556478702,9.021930166394087e-10,0.4733069758553432,8.751361417063654e-10,0.19735559581523854,1.0048167657656109e-09,0.4276623394773423,9.543178889945177e-11
TCTGCGTTAGATAGGT-1,0.2604043564315032,3.093340431743019e-11,0.5023616932308306,3.121795189844029e-11,0.13723388964908795,3.1217951876106416e-11,6.069478104611388e-08,3.072403255347474e-11
TCTGGACGCTAAGACA-1,0.13595313499213083,0.03564712710063534,0.42792188616999577,1.1255962296472185e-11,0.20243766071654326,0.008901229648990077,0.08913896135295174,1.0709216233005115e-11
TCTGGATATTAACCTA-1,0.06950339276676583,0.00027008253183178894,0.46591847363885824,0.12142108728110908,0.19068455320624225,3.3531292503479024e-13,0.052202410574716133,3.2568716502308664e-13
TCTGGTAGTGCAGCAA-1,0.14259034278941063,0.07344574051461134,0.402942087512317,1.933070236294506e-07,0.12431743979187287,0.08325845438634452,0.07344574125914405,5.205537482161265e-10
TCTGGTATCTGTAGCC-1,0.047315362617591686,1.1167129828200945e-10,0.37960255201900284,1.1227045376189728e-10,0.10974309564492057,1.1410252912971268e-10,0.49999999808619455,1.1742809201651542e-10
TCTGGTCCTCCACTGT-1,0.1330131278845116,1.163721778207449e-07,0.44530301541954004,4.8630356123584754e-11,0.27273340232669385,4.943950245044195e-11,0.04895033806317237,4.830256963885377e-11
TCTGTACCTCACTCGC-1,0.10877527012727908,0.10171519035339478,0.32897146223140195,0.01845413760747918,0.22293181240536664,0.06656813819338822,0.05258387384339017,1.1527287283152996e-07
TCTGTACGCTGTCCTC-1,2.8472825585898427e-09,0.1015620245089647,0.5907217404740375,0.2992924413582007,0.1528358474438636,2.490647605180512e-09,0.05558794003054769,2.5161920024707446e-10
TCTGTCACCGTTAATA-1,0.08230294373736277,1.2449109963429786e-11,0.3476484565101399,1.1412553029144555e-11,0.20737435111818048,0.05777849554105866,0.20489575306544447,4.707835645068167e-12
TCTTACATTACTTCGC-1,0.2588881666719351,3.2206556072471235e-09,0.4928378596678951,3.597571829463402e-09,0.1285233724158126,2.9199611209096054e-09,0.31975056751409103,3.009085155024858e-10
TCTTACCGCACTGAAT-1,7.780204915064866e-10,0.4399052231117833,0.44795629080813154,6.322098654965639e-10,0.3121384824967935,6.777832699846926e-10,7.78020493673091e-10,8.580510493343155e-11
TCTTACCGCTCGTATG-1,0.09078846785341133,1.3155760343233174e-10,0.4468239074057766,1.3107291624778076e-10,0.16425319832612637,1.3352654107394715e-10,0.4270543618498307,1.521844231187315e-10
TCTTACGAATCAGTGC-1,0.11120840517140808,0.12756785378110683,0.44436485934154846,2.733491345777037e-12,0.18051713541961725,0.07851894348880577,4.571650470385218e-08,2.6932799716283763e-12
TCTTACGAGGAATAAG-1,0.160084545908632,4.156537307862691e-09,0.5074473678554936,2.4211031753509086e-08,0.12718313613152882,4.156537111515372e-09,0.4052848836898493,3.529822054843076e-10
TCTTACGAGGCCGACA-1,3.1558423887320643e-12,0.08818016615003145,0.5087303835173127,3.0040373145021986e-12,0.16350844552723465,0.05140084102389158,0.08818016377289091,2.8042928066853536e-12
TCTTACGGCCGCAACA-1,0.3613396048418194,9.59490130912548e-11,0.38255562345757876,9.7903421319175e-11,0.09476516651925695,9.724575234107555e-11,0.3613396048418194,1.2755899242535618e-11
TCTTACTCTGTATGCG-1,0.1924470746902823,1.870069622163145e-11,0.2537126008684809,1.8169242284680375e-11,0.3202401459786354,1.8700696112122663e-11,0.13360017869980537,6.421054140465365e-11
TCTTACTGAGACTAGT-1,0.15351930623689902,0.015052573287335188,0.5160606515870845,1.3989511214727509e-12,0.03177722441701752,0.015052566042934323,0.20545169902696975,1.3228031529267195e-12
TCTTAGATGCCTCCGA-1,0.054009212490487894,7.995255346078669e-11,0.5160606511193553,7.908530727335212e-11,0.1620296572735834,8.106329837438614e-11,0.26549026770483586,8.263354524011784e-11
TCTTAGGCCTGGCGTA-1,0.09617884906986729,0.029286838219040816,0.19437484035136005,0.036573941944646075,0.28840659482499054,0.05004800299243921,0.17556369198832078,0.029567240613361263
TCTTAGTCGTCTCGGC-1,0.1711439732558695,1.6817381031402678e-11,0.42152084574762155,1.659399038408067e-11,0.042444052864412656,1.6853074360558105e-11,0.3182612018347572,2.7522833601193576e-10
TCTTCGAACAGCGTTA-1,0.1459574876990647,3.3471275493157515e-13,0.4064056443924594,3.3744637611458616e-13,0.06749129299368835,3.435812703377604e-13,0.4999999999134007,3.9449516134980013e-13
TCTTCGCCATTCGAAT-1,0.3088067100339895,3.9734155555913583e-10,0.4228928902734199,3.873462305882291e-10,0.06345069860063116,3.9063698981008785e-10,0.40484969962941153,5.5730810918285316e-11
TCTTCGTCAGACCAGG-1,0.216720879323795,5.076390089306756e-13,0.44826057227059857,0.007196506737987928,0.0439725951570139,5.095117344407045e-13,0.40395700053084627,5.875110288857795e-13
TCTTGAGTCATTATAC-1,2.643184271863733e-10,0.11777735496418291,0.41925077030105745,2.6504871908133953e-10,0.053858568239053876,0.06056344528757907,0.2485498622560488,2.548529009899953e-10
TCTTGCACCAATCTAT-1,0.16659803334358583,2.288047431667889e-13,0.2637810765773152,2.2180388097564518e-13,0.04646064963741435,2.2535484246044987e-13,0.5000000000801146,2.186978828689359e-13
TCTTGCACGTCTAATG-1,0.16258977410980985,5.716188695043119e-10,0.3326266356114824,5.797464938714018e-10,0.2599298165828376,6.032362555786704e-10,0.44485377146067273,6.900257505344007e-11
TCTTGCACTATTCAGA-1,0.11120840956380168,7.091293821486522e-13,0.3015962809621933,7.143841921992805e-13,0.29054560276082503,7.233186834139219e-13,0.2092914806210142,6.939032592730008e-13
TCTTGCACTGGTGCTC-1,0.22050830080482445,1.2294678020088487e-09,0.4665270775261597,1.3538718167171702e-09,0.06714140721028847,1.6256561826647862e-09,0.4458232087677342,1.5012300470985476e-10
TCTTGCATAGACAATA-1,0.15699128163557213,3.1270975566198033e-12,0.19794487655261905,3.1626874365945857e-12,0.19539654862889833,3.2548326439746465e-12,0.4999999998829971,3.4733278171269592e-12
TCTTGCCACGTTCACT-1,0.08049032277518345,2.8101685434887618e-11,0.28865889372249953,2.7898544610159195e-11,0.13878967743830184,2.8204351083557082e-11,0.49999999981013366,2.959467064562896e-11
TCTTGCCATCGTTGTA-1,0.20637855185371085,1.4446946897767004e-10,0.5066774578775153,1.457822854114409e-10,0.09193946847404645,1.440359471855132e-10,0.3902751188017896,2.1668868184774604e-11
TCTTGCCGGAGCCAGA-1,0.14356905615736956,0.032207278762077685,0.16329931616423038,3.0455249508864937e-08,0.4173552681495811,3.03819635925489e-11,0.14356905025779318,2.797435139477499e-11
TCTTGCCGGCAGTCTA-1,0.26169565418441076,3.6692671763115693e-10,0.4275368127324704,3.7584377178080887e-10,0.10221459821391778,3.9543508354268845e-10,0.4085529334778714,4.986117964581073e-11
TCTTGCGGCCTTAGTG-1,0.07010119517615444,0.005737431048415871,0.5967330764905463,5.58371944667606e-12,0.19869647174061658,0.02873182553415697,5.391652328445417e-12,5.364437289241037e-12
TCTTGCTCCGTCGGCA-1,0.1857800438031707,0.10511566552986563,0.5485872136965622,1.8515642074593219e-09,0.06051707015811177,2.3411265394213533e-09,3.2784734171910234e-09,1.6806669694763042e-09
TCTTGCTGTCCTAGGC-1,0.05400921268775307,7.25539281211813e-12,0.2728184155499185,8.127050423072218e-12,0.21576353958408495,7.689605238205062e-12,0.499999999115535,1.4843880233521357e-10
TCTTGTTATTCTTGAT-1,0.08833558037116471,4.78806193888553e-11,0.15516667063832495,4.8723939125383876e-11,0.1337673074814377,5.2582618691598304e-11,0.5227304431168116,4.665009252439458e-11
TGAACGGACACGTATC-1,0.31030203992702343,3.063761580668601e-11,0.34047247195637154,3.106353176526495e-11,0.23892344808631683,3.0637615720606284e-11,0.31030203992702343,3.616727188804505e-12
TGAACGGACATTGAGT-1,0.076076807546902,1.2339803369188988e-09,0.2466725024903349,1.2523318842749476e-09,0.10878392545761761,1.2523318800277127e-09,0.5000000056350944,1.2905857430748316e-09
TGAACGGATCTGGTAC-1,0.2044916136912237,0.027950922990792628,0.30993775570993304,1.3431054994252614e-11,0.09918018679310668,1.3235007658314706e-11,0.25843952080115656,5.971496904988133e-12
TGAACGGATTCAAGTT-1,0.03394242674477075,4.7714142524674674e-14,0.21649437307528374,4.8041876768935976e-14,0.16253708563935718,4.884710347746657e-14,0.5000000004718618,4.68153292141283e-14
TGAAGCACCGTCATGA-1,0.0936643669524393,8.456806550713266e-11,0.4182930467804631,8.358167795601714e-11,0.20070878927623706,0.000750162808779356,0.1865836341363881,8.154365589909027e-11
TGAAGTATGATCGTGC-1,0.38552717639229456,1.2824253447450641e-12,0.4024699577660167,1.2614486679613854e-12,0.02647568944234962,1.2461397055918831e-12,0.38552717639229456,8.261352213884127e-13
TGAATATGAGCCGGTG-1,0.3461173089074443,7.403642262838828e-14,0.49398865926347374,7.448563717083172e-14,0.3494295854166787,7.359275131368627e-14,0.01046444641195793,7.210711272048456e-14
TGAATGTACCTTCGTC-1,0.42994852602312844,6.048423515602112e-10,0.4454703634568732,6.225261917007277e-10,0.07469421950527201,6.083924510096746e-10,0.24988688861013922,8.463876371164056e-11
TGAATGTTGACATCGT-1,0.08382987985507653,0.004298355424363857,0.5152104911484783,4.742820796413915e-12,0.040482226403645606,4.6902848931181724e-12,0.4337188175893232,4.544870996703057e-12
TGAATTATGCCGCAGT-1,0.14597257825089943,0.07175627075774318,0.2648940849787905,0.00871652692449535,0.2336162362915816,0.10328803647371863,0.0717562663219297,1.0166442785381448e-12
TGAATTCGTGGTATAA-1,0.22394434842658897,9.57414387668947e-10,0.4855605238500599,9.559056180042363e-10,0.1413418457932692,9.48452039116155e-10,0.1275678378089368,1.2179512935243247e-09
TGACAGTACTATTCTA-1,0.030323833096488326,4.575137017768488e-12,0.3858872991244058,4.507002818382907e-12,0.29111480559618985,4.6446583422917676e-12,0.4926740616853564,7.297470560407075e-13
TGACATTACAACGCCG-1,0.03561955111641365,2.0791027801097222e-11,0.4538828654650284,2.071967819527319e-11,0.5023112535574814,2.7898925520759664e-08,2.083013526858358e-11,9.508237514475948e-11
TGACCAACAGATAGGT-1,0.09560781131809049,0.001026380487328903,0.5444663825647476,4.775037199723437e-12,0.23582386274086137,0.0010263763586012846,0.02204918654048381,4.644607333573119e-12
TGACCAAGCTGCACAT-1,0.17660201725084287,0.04582949140924716,0.5238680489706594,7.918612083040465e-12,0.14367312425318315,1.3862239987761282e-07,0.07851895062970043,7.607985496492163e-12
TGACCAAGTAAGGACC-1,0.10703028310203547,2.9251884089118737e-12,0.1841343901275681,2.934197535709225e-12,0.13690641125042513,2.9311842723766897e-12,0.5000000076852014,2.8787859370382213e-12
TGACCAATCAGCCACG-1,0.23339845043386614,5.919352218349762e-10,0.5326910003093208,5.713947641659526e-10,0.058663145022998506,5.938655803678364e-10,0.0752474027860734,5.961885642041806e-10
TGACCAGCACTCCAGC-1,0.1570643774840425,7.411082524017646e-14,0.5287421565564565,0.002929658304811353,0.17907103347329054,7.515787955398333e-14,0.33219277418002907,7.323621321023597e-14
TGACCAGGCTCATGCA-1,0.05907285354217496,0.1439595305237107,0.5159631291294225,1.389055604598367e-13,0.17851293047581968,0.002491556328987973,1.4011523767267526e-13,1.374221459033998e-13
TGACCAGGTATGACCT-1,0.17527712318886718,0.0722950649752026,0.5523212586528163,3.2820502209864344e-11,0.10010655290091278,7.670705923277961e-11,1.6388514730795687e-10,9.71720723470918e-12
TGACCATCCATCTGCT-1,0.04626958841530166,1.2283100118706132e-09,0.4520173170094396,1.2735804819036992e-09,0.27249255964030744,1.3746100721372554e-09,0.4292205290792842,1.9277596981160203e-10
TGACCATCCGCCACGT-1,0.10862495877896322,2.6228471387534835e-10,0.3654632294710063,0.017677101839413067,0.14072280084503339,0.02303214650584561,0.24447976221065415,9.014024118523452e-11
TGACCTCCTTCAGATT-1,0.06011682634529536,2.3387707531385954e-11,0.31990156415002147,2.3591134923831253e-11,0.0165805937417271,2.3148217385685954e-11,0.5034012677446154,2.2679052584926878e-11
TGACCTGTCTATCTCG-1,0.19218968768160316,6.1430591489032435e-12,0.4806675067487921,5.227960927207017e-12,0.07285887666737363,4.108350755020286e-09,0.4542839247661227,1.4850178275491978e-12
TGACGCCTGCTTGTGA-1,0.1077981439563571,1.4189370706203967e-09,0.5077186766394259,1.1388777790223144e-09,0.12687948972809202,1.1803283475552868e-09,0.45760368430099146,1.4184272761333036e-10
TGACGCTCACCAAGCC-1,0.044773833479564776,8.295965491296913e-11,0.5080097476208019,8.295965484459769e-11,0.32205331969662887,0.02516309890134316,8.295965478910379e-11,5.6049046335418386e-11
TGACGCTGCGATAGTA-1,0.21518979099181304,0.10485188182646218,0.5130979753439465,3.0422629307221674e-12,0.15715662406702963,0.031293236349980956,0.17841049139526216,6.049462913316953e-13
TGACGGAGCGCTATAC-1,0.24930737119128443,2.392469889182893e-13,0.423315336051625,2.3637061497285693e-13,0.02038418238349783,2.4071105834869423e-13,0.21380798815820196,2.3601695024737254e-13
TGACGGAGTGAGGTTA-1,0.05281971859188917,5.690957264837051e-10,0.45100803528833827,5.152742426918433e-10,0.2548801632462556,0.12637824430820455,0.31491383720540744,8.606923131342548e-11
TGACTCCAAGTCTACC-1,0.10911839418019598,1.387749988080936e-13,0.4020504220439859,1.4176285244129476e-13,0.20228498470404793,1.438394198316281e-13,0.1865461999014608,1.760909860589743e-13
TGACTCTGCTCGCACG-1,0.1278999833086657,0.10231630423852676,0.3654939148816233,4.431231136052456e-10,0.15512502674765813,4.5498529091575367e-10,0.44916476956347223,5.1698849503188896e-11
TGACTTCGGCGTAACA-1,0.12398358182115132,0.014827417752592413,0.3448581364660906,0.008427820274270465,0.2503283478414043,0.09157989810471531,0.065994797738121,1.825724385222272e-12
TGACTTGCACTCACGG-1,0.0497283794899478,0.15271047529540943,0.4065460591430902,3.4520135120342663e-11,0.1768465646585843,0.09386355012346533,0.020304971277278847,2.163129758928308e-11
TGAGACAAGGACGACC-1,0.14332408492921211,3.572423503569398e-11,0.4064433907890893,3.489585042966478e-11,0.14599950614010251,3.584481439248402e-11,0.4999999999952429,3.922686688891043e-12
TGAGACAGAAGTGCTC-1,0.22097003900654152,1.443697359285233e-09,0.43840104691396753,1.1891723333927902e-09,0.12476781005338036,1.2877089001327852e-09,0.4158610996007633,1.2519653828764373e-10
TGAGACTATTGAATCT-1,0.23775156991075647,7.920800186302949e-12,0.44775251539858424,7.59936388136418e-12,0.05699508146079315,0.02272500613109524,0.43477582706463436,3.3233097781075655e-12
TGAGATGCTCTAATGA-1,0.08110823667776146,7.441575102586663e-11,0.5254655559618571,7.304420964833484e-11,0.12253756288160583,0.17401274946596196,0.0733551585983166,9.880983120825596e-11
TGAGCACCTCGACGTT-1,0.02417383508376411,1.4178317263780428e-11,0.23228272680882997,1.4130371306369677e-11,0.15453130067228105,0.06791179656398011,0.49999999995875516,1.5418834899310835e-11
TGAGGAATCCATAGAA-1,0.11471375299008385,0.04104385951559171,0.3047258068675019,1.6670431169059072e-09,0.32066426345406235,0.02877427719785339,0.09007803797284517,3.367198166916693e-10
TGAGGTAGGACTACTG-1,0.12550669629513592,0.025452756957219796,0.2824277702126841,0.030910808654255103,0.21527576000941212,0.009108029798947948,0.21131817806586373,6.657073157064709e-12
TGAGGTGCTTAAGCGA-1,0.050806566153315184,0.30831336119190184,0.31498625704093575,6.593115187108498e-11,0.0507220460208503,0.05080657388750662,0.1243651955459956,1.0058449903136185e-10
TGAGTAAGCGCAATCC-1,0.18641474017229606,2.2032674788756476e-13,0.4942185742451527,0.009874038594344242,0.3065251376157888,2.2250185691740952e-13,0.12756784412315442,2.4009416638614583e-13
TGAGTACGCTGCTCAG-1,0.028107096227780997,7.287409571958563e-13,0.4276759149976843,7.096947336048052e-13,0.37310117517845737,7.096947316884345e-13,0.37111581359286056,2.5867109440568015e-13
TGAGTATTCTAGGACT-1,0.22899443476307307,5.968490555697522e-10,0.21600831551547983,6.070177478086314e-10,0.3280064335469968,6.174078869413071e-10,0.126990814074703,2.821654689568979e-10
TGAGTGACCTACTCGT-1,0.0241645600313215,0.02416457527932049,0.5475855975635906,2.0412877260231961e-13,0.29463242035250753,2.151739464199894e-13,0.009452846773139826,2.062921878721012e-13
TGAGTGAGATCGCTAA-1,0.2312650417489715,0.2639692538294377,0.5488626664569254,6.498926316975757e-13,0.15105465429325401,0.002424196127063676,0.002424187538310121,6.333235018937633e-13
TGAGTGAGGCACGCCT-1,0.14926406458925118,3.792733068496799e-12,0.5117136953147579,3.738645856807629e-12,0.020068731860225536,3.8111181767609974e-12,0.21895352367353113,3.662557846099228e-12
TGAGTTGTTAGCACCG-1,0.07287394487591084,1.703271891848907e-12,0.5065540103380932,0.04345049897245107,0.10307666456660877,0.10229739398602736,0.37174748725826423,2.5690762198637606e-13
TGATAAGCAGTAAGAA-1,0.2812783895997028,6.273611680256413e-08,0.5397513136043783,9.100991512013249e-11,0.023266715350268467,9.127229496399513e-11,0.0557035185792094,9.162989329676447e-11
TGATAGGAGCATCAAC-1,0.09537859069822492,7.343224657918105e-12,0.5090903418864376,7.333008137838372e-12,0.12378749993771666,7.33300811875697e-12,0.23330098779411623,7.963774882620181e-12
TGATCGGACCTGGATG-1,0.06193554959723875,3.423297149683542e-11,0.4092914245490029,3.401339537138827e-11,0.17326050960961695,7.708693548042714e-08,0.25551243917162614,3.368815955672651e-11
TGATGGAACTAACGAA-1,1.2618578448273056e-11,1.2332968749088977e-11,0.2854631468772174,1.2311533567342044e-11,0.12749326682394382,1.2507176267165756e-11,0.5000000475840953,1.2141700247829149e-11
TGATGGCCGGCATCGC-1,0.1890635061647544,8.096161267271779e-14,0.48825827341056044,8.09616127862871e-14,0.04999409435619424,0.009256807349725697,0.46342731871795073,7.692038164296941e-14
TGATGGCGCAGGCTAG-1,0.024585851604334998,0.08343267295350539,0.49421857323016594,1.9191971015920254e-10,0.38535608935885746,1.9320800317634107e-10,1.933734023420895e-10,3.639923303728793e-10
TGATGGCTGCGACGAT-1,0.017230007996803944,4.253015034616258e-11,0.3730442195931751,4.241113463453367e-11,0.13206656437505757,4.277023668661027e-11,0.3942179229344308,4.2168756430235404e-11
TGATTAGAATGACATA-1,0.0953657837697084,0.010670378863740402,0.27227311296417234,2.215783345300209e-12,0.28581355889957116,2.2157833086863e-12,0.23587716549770701,7.6174430074279e-13
TGATTCGTCTGGATCT-1,0.009684369635306002,1.4957326069346622e-13,0.3096259226235933,1.4651026439603902e-13,0.07937878991639524,1.457655414721176e-13,0.5013109178244517,1.4560221936835181e-13
TGCAACAGTGAAGCTC-1,0.15323973228624843,0.006122521461513766,0.5050871080851562,4.924419348536809e-12,0.22023332113794888,0.015317317020717897,4.848324478754538e-12,4.7192348498823984e-12
TGCAACGTTACCTGGT-1,0.012419204713137507,8.634062403833277e-12,0.297572119282569,8.583852248322371e-12,0.0999430088193936,8.858481709327542e-12,0.5000000002641645,8.5014599769225e-12
TGCACCGGTCACCTCC-1,0.0792518866022877,1.0893176708099685e-10,0.43198581254502083,0.01768947765608384,0.26153483657029303,0.017689476521726186,0.0918485099615188,3.424858549182977e-11
TGCACGAATGTACTAA-1,0.2011264298787103,0.07851892892879311,0.5249484808628941,6.587348673510648e-11,0.3485882961113329,2.667425375756571e-07,6.510541088717728e-11,6.574943805573936e-11
TGCACGAGTAGAGTTA-1,0.04349033558391245,0.022481983989904766,0.3736329661635258,1.5250786708153097e-13,0.1581349083391168,0.04349033030529177,0.35874788438089733,1.351236934658015e-13
TGCACGAGTGTCAGCC-1,0.10167476978883457,6.8880904820731425e-12,0.46621003557934976,6.551136237648243e-12,0.14398796099470604,1.2606909663537727e-08,0.4881272203817002,4.02971915307503e-12
TGCACGCTCCTATCCG-1,0.09151112932408045,0.01795250294578163,0.5563624092936359,4.641784382809533e-11,0.19826879327125813,0.028456678205594117,0.007448486895232809,3.9384738031315874e-11
TGCACGGCTGAGACTT-1,0.18126048681661508,2.8202069757669875e-12,0.49392882114015374,2.710177042276608e-12,0.04957565714499012,2.9367185164543228e-12,0.4752350348508221,6.502832376285504e-13
TGCACGGCTGGTAAGG-1,0.04170913361792153,4.186467367868032e-10,0.32251483538635545,4.1864673667642423e-10,0.23661174968506143,4.2701721857181277e-10,0.29916429263575456,4.702455168546792e-10
TGCACGTAGTTCGAAG-1,0.07651736962689847,8.518786565047384e-11,0.2653243151078409,8.433424894638114e-11,0.128362910175413,0.030543239442905212,0.39925216544058273,4.562720891250002e-11
TGCACGTGATTATCAA-1,0.04549457671939877,8.030450960840179e-11,0.17482666847348874,8.224460681870346e-11,0.15935905739513895,8.48810459849246e-11,0.5203197002314393,8.070001304080959e-11
TGCACTCCAGCTACTC-1,0.13978489095566218,0.04715332229522023,0.2882080665556758,0.01886270297115973,0.08167018962580079,0.03584000134964882,0.28848082370717365,2.54635293777091e-09
TGCAGAATCGGAGGCT-1,0.3727538258035639,1.0293271066525592e-12,0.42400600449611736,9.896547460104989e-13,0.03048634389142924,1.0079700845325169e-12,0.3727538258035639,6.031635869331641e-13
TGCAGACAATACTGTT-1,0.12048985478418694,4.3231895885415295e-12,0.34628738619408705,0.0027960826972742467,0.19023881509222243,4.371925768180559e-12,0.2401878612209296,4.180795225194344e-12
TGCAGTACAACGAGTG-1,0.0382179890404353,0.0014388489012119303,0.20614303390322986,0.04741281924663124,0.3506876972950079,0.08482403556974213,0.17127557602259505,2.3817178118096978e-11
TGCAGTCGAGCACCAA-1,0.02948474619968331,1.1385280115342358e-10,0.3332822836865151,1.1253153550030586e-10,0.23348462134472603,1.1474566438343391e-10,0.4999999852598537,1.3764025565004356e-10
TGCAGTTATTCCACTC-1,0.300636551049212,3.1401489189871234e-12,0.290995147529566,3.1147434254711602e-12,0.15182971868339049,3.192028226371751e-12,0.2790103179976148,8.326589335902202e-12
TGCAGTTGTCGGAGCG-1,0.024692365565609817,1.5292403833966625e-11,0.16497621677806504,1.5515013863767947e-11,0.13370233924819358,1.574482320725981e-11,0.5766290783488481,1.4292065963173609e-11
TGCATTAATGGCCACC-1,0.0031432650190419205,6.45056997112728e-14,0.64983119754999,0.37032334302810543,0.0684730612992625,6.379612869246718e-14,0.10822913310326761,6.197826517848061e-14
TGCATTCACGTGTACT-1,0.059390771368265115,0.010341891487454038,0.19900862533209415,0.05939078363988754,0.18278714299590443,0.059390779102456756,0.3296900060738125,4.13169328240585e-13
TGCATTCGCTACAATG-1,0.25408434505325717,1.6840297856987006e-12,0.47241343497749555,1.6976462047050772e-12,0.042877178772379315,1.7584484647345068e-12,0.4306250411869281,2.618044127408841e-13
TGCATTCTTACGGAGG-1,9.854525007272435e-14,0.0018025224782555265,0.2813446895779973,9.854525031744056e-14,0.0385176461428734,0.07536114442411553,0.5029739973802776,9.465003063264904e-14
TGCATTGATAGACATA-1,0.22507287750995686,4.400661072078754e-12,0.49695841936885204,4.425271950519984e-12,0.22587213336808526,0.021374369446912542,0.23072220025169068,3.984597443074338e-12
TGCATTGCTGTCGGCG-1,0.031145558059291083,5.486652000700833e-13,0.4127380901444067,5.232576919502582e-13,0.3630428078170619,5.791384686946161e-13,0.3930735439766883,1.7585676887198407e-13
TGCCAATCCATGTCTA-1,0.06821931645285091,0.01630165129211069,0.5729035119288464,2.513954532693168e-13,0.17535554118687563,0.059568824511552494,0.007651154627666987,2.4822889295445785e-13
TGCCACAATGCTACCG-1,8.661409932103075e-12,0.050072839345048074,0.5839796273477116,2.8553695180427637e-08,0.18645122526489183,0.07949627947097553,8.49444260588256e-12,8.323755886596692e-12
TGCCACTATCAGGCAG-1,0.07851892326044382,0.04582947230301171,0.3876816210754262,1.1240235782465841e-10,0.07838830064248022,1.1313120893169563e-10,0.49999998069899654,1.3066645583392622e-10
TGCCACTCAACCGGCC-1,0.13933721596264761,0.3688401452933905,0.5245572295997378,6.535649435025839e-13,0.1007901715647117,6.589007094126719e-13,6.418040795954979e-13,7.176755398105785e-13
TGCCAGCTATTGTAGA-1,0.2324762223370084,1.75674861338986e-11,0.5567124816751616,1.7567486164120472e-11,0.09468567612335793,1.7629372954050933e-11,0.016125619819534313,1.672937295764848e-11
TGCCAGGATGAGGTTC-1,2.409918700899872e-13,0.06212062640578758,0.5339890470662293,0.0326971825831828,0.12732644751205643,0.05232261745884998,0.0915440789803047,2.1908655283667824e-13
TGCCAGTGATTCGTGC-1,0.1275678148581072,5.288222080702955e-12,0.5036321227204306,5.1768656330104795e-12,0.036069092453296134,5.245908328936692e-12,0.49999999160113384,5.06179426548824e-12
TGCCGAATCAAGCGTC-1,0.16434715233461317,0.017229900247418342,0.5090759285620168,6.147857137500343e-13,0.15349772231359485,0.14595748175902484,6.147857127164721e-13,5.884238577955192e-13
TGCCGAGTTAAGAACG-1,0.06872093003549665,4.205185315402194e-12,0.32879368377958185,0.002518260846229969,0.08815898106601858,4.1862068442265895e-12,0.5000000000047322,4.093827346743774e-12
TGCCGGAACTTAGGCA-1,0.02409437524987796,0.13443231394333155,0.33049252363229353,0.06087369383795478,0.22835970784457574,0.024094379116970873,0.09765300634556492,3.025617919098779e-11
TGCCGGCATTATAGAT-1,0.038396389736707524,3.914899370368885e-11,0.12420376357580162,3.891176593512699e-11,0.17481209263415648,3.1861592148341806e-08,0.5625877221050015,3.872671810064587e-11
TGCCTAAGTTAATTAT-1,0.15915956360961883,4.1697407231420505e-12,0.5026350998606668,3.969731015522374e-12,0.04988080168854787,3.8881692860637115e-12,0.4883245346414046,8.915798922282832e-13
TGCCTACGCAGGCTGC-1,4.704489961605814e-09,2.3672073149449754e-09,0.20831628377392317,2.297386856390975e-09,0.06283166449288438,0.09052085180500932,0.538331191041354,2.2337581444991763e-09
TGCCTATCAATGCCAT-1,0.1483552811611836,0.0076229330986148525,0.39600687105317706,9.477877634030513e-13,0.10875490557772609,0.046005812870647866,0.193254196237231,9.003298622131016e-13
TGCCTATCGGCTATGT-1,0.036064004104649855,0.11926271188049171,0.4321263149490626,8.23136378359481e-08,0.14821959347299196,0.10987363452122852,0.05445365875557107,2.9730999487249317e-12
TGCCTATGGACTGGTC-1,0.1542925889596519,0.007175361867709057,0.2991203446775874,1.4352494344697289e-12,0.27153385577226,1.4796295641586231e-12,0.4678778487088937,1.434916899556728e-12
TGCCTTAGGCGTCTAT-1,1.3807029504297647e-10,1.3807029514189404e-10,0.1739949963340216,1.3461302939486885e-10,0.17158975627913517,0.010591910524686396,0.5438233366247112,1.3006956191956676e-10
TGCGAATCCGGCTTGA-1,0.11395072457462173,0.058813092086531016,0.43537484005100446,0.005277217644076529,0.2590189492589581,0.027565174468477362,1.3818717051234699e-09,5.531817522259655e-10
TGCGAATTCTCCGCAC-1,0.21696207293212072,6.2348373816705515e-12,0.5114246831963654,6.114798941845303e-12,0.30815770862912534,1.634715059626492e-08,0.16345551806722328,5.295430617909794e-12
TGCGACTACGTGCGAG-1,1.8556123429306017e-11,1.8325356065901593e-11,0.5079122452396745,1.82115647354626e-11,0.07131757546339507,1.798711060829498e-11,0.4999999994430775,2.783805721608293e-11
TGCGAGCCAGACGAAT-1,0.20560163196131093,0.03251818445743011,0.4802410306372108,2.5767935259055192e-12,0.14047048490739233,2.6632003183796006e-12,0.04116866804062749,2.5187835206126755e-12
TGCGATACGCCTCGCA-1,0.12109441413367081,1.746165422680013e-09,0.5221921097531068,1.3729956211117672e-09,0.2567134689420258,1.6799278431230952e-09,1.446971881041241e-09,1.2176331167370189e-09
TGCGATCTTGCTCGAT-1,2.3706007176443487e-08,1.540941803371057e-11,0.30326942539998913,1.5549744857973517e-11,0.18020718197616076,1.5912975630994792e-11,0.41652336888456126,1.4555346939208566e-11
TGCGATTAGCTCCGCC-1,0.17436582325352776,7.219632923139712e-14,0.4930491224101607,7.125633795507671e-14,0.07457314917970706,7.282584034395299e-14,0.20780559028161025,7.992000783976614e-14
TGCGCAATTGATCATA-1,0.11691425436442138,8.632583603400534e-11,0.2946470096277063,0.02496602243005656,0.40172741410745627,8.63258359276233e-11,0.06174529927364899,4.427157671183909e-11
TGCGCCGAACGGACTC-1,0.3150522276990791,2.2750740224687294e-10,0.4566573258595546,2.347352261632166e-10,0.2113212763171865,2.384746685481539e-10,0.2169691692845805,3.0665303966664814e-11
TGCGCCGATCGCGAAG-1,1.9565368957610916e-07,2.1053202504499647e-12,0.45628032703875954,2.078462064577278e-12,0.15075784929958128,2.1107754019857325e-12,0.2929616280158917,2.021720389930221e-12
TGCGCCTCTTCGGCGA-1,7.53367880662294e-12,0.01988406291026502,0.3562220217484717,7.1683878362681405e-12,0.313595912402105,0.06893292081593105,0.44136508208327896,4.373827222685628e-12
TGCGCTCATAGAACGA-1,0.17628766065227439,1.140316305949363e-09,0.4779264223970298,1.136101675159229e-09,0.06922708263197941,1.223796092117175e-09,0.47655882429712126,1.7815371600461577e-10
TGCGGACTCACGTGAT-1,0.34469952411640975,1.1854629477169599e-12,0.4153370844676801,1.1787809710471051e-12,0.030439142460877915,1.1787809669260913e-12,0.40952424894821104,6.476262676003779e-13
TGCGGACTTCTGTCGC-1,0.1427797474628225,2.355587467131916e-11,0.48337387511357766,2.284086384446831e-11,0.04499134269843926,2.2879420150110667e-11,0.3812126940435124,2.2389641884601584e-11
TGCGGATCATCCTAGA-1,0.30269623890324576,5.6148789440839394e-11,0.5226601608395434,5.5300571334587946e-11,0.1714006870576552,5.578213744056588e-11,5.6396237946078e-11,5.443962536648894e-11
TGCGTGTCAGCCAGTG-1,0.02605090305998573,0.24672678868215805,0.3735406778879603,2.296726946863118e-12,0.12367134583741125,2.2967269292197693e-12,0.4300102845231206,7.635975819153389e-13
TGCGTGTCGGCGGATA-1,0.36488893218073076,7.6822454476164e-08,0.38591999392218646,1.4721481420794892e-11,0.08430206481769492,1.475098474864289e-11,0.36488893218073076,1.4301641177258862e-11
TGCGTTAGCACGTACC-1,0.0268956726177599,0.04238711437783953,0.1659413032453544,3.3346971652010005e-11,0.18109159607623684,3.381884635422941e-11,0.5000001677967364,3.2846438301534547e-11
TGCGTTATGTTCCGGA-1,0.38079006103129115,1.1820416613849842e-10,0.3900366946710215,1.1406902245225838e-10,0.10207113665887123,1.168032445880828e-10,0.32710210722388827,1.5743363704323093e-11
TGCGTTGTATTGCCTG-1,3.074073908603969e-13,3.024348015907829e-13,0.41003427053992286,3.0489970501695005e-13,0.10698769904231659,0.04966925127050311,0.3698699493423463,3.183015139565504e-13
TGCTACTTGTGGCTGG-1,0.17827724997690475,0.012429718973455949,0.21141493597996702,0.012429721076810086,0.2174449494962265,0.01910884172794621,0.24889458273040482,3.838077157894008e-11
TGCTATAATGTCGCTG-1,0.04265354485952556,8.145165612347422e-12,0.15420167586609743,8.00520391286454e-12,0.12685270042502683,8.287817158066723e-12,0.5762920788202837,5.714025918319801e-12
TGCTATCCATGTAATA-1,0.324722374384261,1.5242105657596396e-12,0.4293283762425621,1.5195224453263639e-12,0.029008914302597742,1.5431761611379887e-12,0.41694033506140143,8.28675859280057e-13
TGCTATGGTTGCGACA-1,0.11215908252239455,0.029008421292332782,0.3006845965768969,2.7023082912585247e-10,0.33617920107398647,0.07377619217171633,0.048192506034016175,5.91238293941845e-11
TGCTCAGATTGGTAGC-1,0.015827123833783447,0.04341156342831142,0.22390486332400766,5.2381207474588994e-09,0.30192696331749563,0.01582712538205375,0.29910235416536424,1.3504037534790863e-09
TGCTGTCAGAACGAAG-1,0.04179119199342436,0.04179119240456423,0.4799819402611467,1.3719504139843003e-11,0.33643563398781484,1.4143469665700812e-11,4.141028043907325e-08,1.35212773413564e-11
TGCTGTCTTGTTAATG-1,0.062174211077968417,6.791773820188861e-12,0.27359527800658595,6.72026338390704e-12,0.18292910699822604,6.750719427607668e-12,0.4999999999055737,7.199288940277904e-12
TGCTGTGAAGTCAAGA-1,2.9241947506732873e-12,2.8712389985714688e-12,0.2368469507758108,0.07486869122020194,0.24370573356586958,2.875574255236076e-12,0.3445787251045845,2.803596442261796e-12
TGCTTACTCACCGGTC-1,0.21583817506017738,6.28338245905562e-12,0.5623396347533247,6.354548356315905e-12,0.27735584152557335,6.216835625796947e-12,6.43060618169539e-12,2.978940918558921e-11
TGCTTAGCCTGTTGGT-1,0.0785697109981538,0.03845083476324561,0.3883768130726406,0.06519675833237958,0.1990123828336863,0.06519674583731838,0.06519675415637576,6.613123673225463e-12
TGCTTAGCTCCTGGCT-1,7.234610119131253e-10,5.539992604778142e-10,0.444498327146835,5.442068378882614e-10,6.825925304094996e-10,0.3185851998107795,0.43691646995169964,7.671763710060948e-11
TGCTTAGTTGACTTAC-1,4.354823373270514e-12,0.053441594394352,0.2947700614063009,4.324096529152947e-12,0.027054266381913578,4.417474079271767e-12,0.524734077809798,4.6427988766806215e-12
TGCTTATGAATAAGCA-1,0.16933130559350615,0.043761359334490504,0.26814195679244945,2.45368589093918e-12,0.26286375438447274,0.009806694501663809,0.1460949293902032,8.712373945705573e-13
TGCTTATGACGCTGGC-1,0.3126660307305953,1.1606968311827923e-10,0.39317524176013824,1.1300167542364804e-10,0.1474301854198965,1.142131774012854e-10,0.3467285416996649,1.5760115532674692e-11
TGGAAGCCATAACAGT-1,0.10395231959886773,0.005869784491345566,0.5416120220204264,0.02221397229798455,0.13287507004806087,0.06308314115346612,0.03039369026406801,1.6315339549394897e-10
TGGAAGCTAGTAATAC-1,0.0677168963196141,0.06771689667780798,0.28525047320452096,0.06771689682128339,0.14772018507934467,0.1430616745622409,0.06004729159975631,0.06076968578923607
TGGAAGCTCCATCGAC-1,0.028431431775601798,0.15454034277102527,0.4750680951768603,0.02843142952208701,0.17767409244194557,0.007423180589092195,0.02843142771743787,3.6896315300989074e-11
TGGAAGGTTCGCTTGC-1,3.8277430337762e-10,3.388986691987914e-10,0.28542470186179897,0.07559860183515466,0.42036940677025597,3.6535399649802564e-10,0.4186072881934295,4.482937064422028e-11
TGGACGCCTGCGACCG-1,0.03401043015505119,1.4973667533664236e-11,0.3439261920125764,1.5831369943728184e-11,0.45343625807254295,1.5537548615086836e-11,0.06862711970440247,1.6420838197374353e-11
TGGACTGAGTACCTAG-1,1.7748472993565586e-07,0.05398901416181081,0.44544292374539574,5.237055109891034e-11,0.3109260269474601,5.3162464158543047e-11,0.38964185737712803,4.979365884869679e-11
TGGAGTCGGCAAGCTC-1,1.506469457759019e-09,0.05056302766560604,0.5595776447353137,1.9281635240788967e-09,0.23929630378556319,1.5521276162495005e-09,0.05056301766014781,1.4753166565739228e-09
TGGAGTGAACGCGGTC-1,0.1010293324570333,0.002961149015984287,0.5452740376394921,0.02747071165296163,0.22326476926820005,1.0463961925803277e-11,1.0372489326957426e-11,1.0107340258480933e-11
TGGAGTGATGGCTCTT-1,9.26217127166609e-13,9.17584541325588e-13,0.14708260502403686,9.175845415980406e-13,0.2594872546959197,9.562020920324064e-13,0.5000000094928272,9.147345792418116e-13
TGGAGTGCTCCTGATC-1,0.2939453877787374,6.464740002318554e-14,0.479572578787324,6.432740325279214e-14,0.07229365047720547,6.401055832485005e-14,0.054188385852845224,6.29762582890558e-14
TGGAGTTGGTGAATCA-1,0.12347644560172558,2.325306382859924e-13,0.38799573898619844,2.340782711783916e-13,0.19363335008920118,0.010299161205800078,0.4845953041120412,2.2616581709537932e-13
TGGATCATTGTAACGG-1,1.9707529129637008e-10,0.06734874306938542,0.5554644405622191,0.21446603032786082,0.106836448584765,1.9136513186710045e-10,0.2558843370216113,1.6009751233383113e-11
TGGATCCAGTCACTTC-1,0.2868303757684328,6.7713784064146894e-09,0.5111517809468153,4.0265441421829775e-09,0.22552526792089309,6.7713772570570486e-09,0.17649244612698586,3.8487607487063186e-10
TGGATCGGCCTCCATG-1,0.02238168848805752,0.04077134222544416,0.2873546653881843,0.11432998339742866,0.18783409806126652,0.188167224485339,0.05916099792370146,3.172706834792782e-11
TGGCAAGCGACACTTA-1,1.2018411850746595e-12,1.1903495765399617e-12,0.09550970160911139,0.02211025537475814,0.046557118285744416,0.218276402512595,0.5175465222217108,1.14795819185034e-12
TGGCATGCGTTCACGC-1,0.11788512568411616,0.15186807717686837,0.2402211470573935,0.010578408175539842,0.16859551659983946,0.07601034704817765,0.13484137825596704,2.1901144812408806e-12
TGGCCAACATTCTGAG-1,0.04731536471029918,0.10080721591298863,0.5107867178160865,8.688766213368159e-11,0.25984613111089017,8.857161132873224e-11,0.047315377229369855,8.922820294443703e-11
TGGCCACTCCGCGGAC-1,5.0519788901837544e-11,0.014318511518122724,0.23167338258990575,5.051978916637652e-11,0.12842074229798484,4.881638739837024e-11,0.5255873634459622,4.5216698893575783e-11
TGGCCAGAGTATCTCC-1,0.16774499021985337,1.021911393130982e-11,0.49675446563669007,9.692443044383968e-12,0.11421518665333663,1.0219113750463323e-11,0.12128535745590871,4.210139792846401e-12
TGGCCAGATCCGGACA-1,0.04864655970882858,0.01402987913537326,0.443803201055133,3.59321346557126e-08,0.12852313696909798,1.0107624445151799e-11,0.26499718718926085,9.12093802750523e-12
TGGCCTGACATACTCA-1,0.38823242922214024,6.3525369454100024e-12,0.40319007381221883,6.2958992534854255e-12,0.020345067702190644,6.333533845869682e-12,0.38823242922214024,6.142961800772291e-12
TGGCCTGGCACTGTGG-1,0.009874067688280697,5.2249915378815876e-12,0.4332991789209063,5.209357157517352e-12,0.08432902530295709,5.304689614458125e-12,0.500000000003226,5.117387814125843e-12
TGGCGAATTCTATGGT-1,0.06586907560338286,7.536468364680585e-11,0.32884325845015516,8.294899022960906e-11,0.2427336861411351,8.032225894637758e-11,0.2625539795408754,2.6908706982601985e-11
TGGCGACACTGCCGGA-1,0.12317519814788391,0.12317522864388171,0.5238741893924184,2.5655321372109674e-09,0.18342489907672105,0.12317521361626708,0.12317521909473775,1.3084249257408935e-10
TGGCGACAGCACGGCC-1,1.7710399780920447e-11,1.7148166948400857e-11,0.40411139168773325,1.6834859944461823e-11,0.08459488758838278,0.0540092076186228,0.49999999976619297,4.3909481674282904e-11
TGGCGATGAGTGGCAG-1,1.6907745035467314e-12,0.07502975050720602,0.6012544428743993,1.6482575775335334e-12,0.14834117385719464,0.0014713416458218096,0.3739032911065598,1.6482574257423754e-12
TGGCTCCGCATCAGAT-1,0.08390038384141203,0.010341953274806448,0.5756703682185322,6.846000398066979e-11,0.21306640062080015,7.216712213008e-11,0.017020893907926698,6.657780088555735e-11
TGGTACAAGACACTGA-1,0.08337674598258495,0.02616284942148187,0.47433755529232097,3.653605690228779e-12,0.15213421749585057,3.709253031272372e-12,0.46398863178581373,7.746808117550913e-13
TGGTACGGACGTAGTT-1,0.06561677432813952,0.03464860179586591,0.5344575357698034,9.983620775988883e-12,0.03309189023191353,0.042386957609443617,0.2514552912554247,9.767038369320238e-12
TGGTACGGTCGGCGAA-1,0.021685272004573843,5.245411142009051e-12,0.5011270646328724,5.185302880303495e-12,0.18944482317795278,5.245411108691043e-12,0.4877428398358527,1.1880510566945623e-12
TGGTACGTGCTGTTGA-1,0.04740348615170128,0.03263466446171405,0.2871765096427538,0.03996013596828097,0.23704306377852813,0.077654491567986,0.16165428108864882,0.016473367350065195
TGGTACTGACCGCTGC-1,0.10578862700358398,4.5476436781437336e-10,0.3754051598477738,4.783443325026146e-10,0.29575437755977285,4.910740014640481e-10,0.4230518338800316,5.651537842970992e-11
TGGTACTGGTATCTTG-1,0.1069555840223686,0.13370151069538924,0.5341263281438158,6.906336867231292e-10,0.12521657486087132,7.458236021711197e-10,7.273771968798333e-10,6.718352252724933e-10
TGGTAGACGTATTAAT-1,0.07738876632310866,0.03816732284113896,0.37216847968409533,1.9670152364671228e-10,0.20844889327655627,0.01854196451474252,0.18528457312607735,1.0345023713678868e-10
TGGTAGCATCAAGTCT-1,0.0473153645206584,2.6038714813146733e-12,0.502725701037162,2.586055563057699e-12,0.06840870949406434,2.498458291733409e-08,0.3281769130510388,2.5272623325969936e-12
TGGTAGCCAGTTGACA-1,0.06908971498118223,0.18678352596918932,0.6006732341515982,0.3434535237935484,2.9870266085931335e-10,2.903919939058135e-10,2.871276193187458e-10,6.152993313726382e-11
TGGTATGCAAGTCTAT-1,0.35534949403056476,0.03738497689488835,0.5067251165489285,3.201901847345042e-11,0.0555512347239883,3.2777808007031905e-11,0.07061874937238327,6.751844018304749e-11
TGGTATTCCTAGTCCA-1,0.26416621138191715,6.199593328811144e-11,0.5046439644631766,6.231058554563479e-11,0.023132860739682386,6.241589538641938e-11,0.29569344456610697,9.952713871239085e-11
TGGTATTGAGTTGTAA-1,0.04354155874930352,7.982192089111062e-12,0.30164137745057956,0.032228246740002825,0.181755581442276,2.0897058576100865e-07,0.34083302663630227,7.804915316229896e-12
TGGTCATCTAGGTCAT-1,0.0518270236139779,0.006559072288620508,0.39507429426816004,0.006559067572825349,0.3768402117179316,0.06314033052150404,1.2942688227972279e-11,1.2651353359290037e-11
TGGTCGAGATCTGTAA-1,0.2850131242134886,1.884021040819036e-09,0.293657138109208,1.8179415374331881e-09,0.1744875644748843,1.961219690679745e-09,0.44684213096140535,1.9990257489068818e-10
TGGTCGCCGGCTTACT-1,0.11034468862898515,1.1250634570734593e-12,0.37366706620407303,0.012261630345813464,0.18829606072990515,1.0786499208542673e-12,0.2154305540882941,1.2072734349482237e-12
TGGTCTGCTCAGGTTG-1,0.026424835205573177,3.928830100061935e-11,0.34654876664562495,3.889299667511794e-11,0.166089318509563,3.93542777463302e-11,0.5000000005513555,3.90792301787218e-11
TGGTGCAGACCGAAGT-1,0.21262941531995352,2.783654631414876e-11,0.4242403751871512,0.02038698804453139,0.0956670673518292,6.5086485703113105e-06,0.14706964540896417,2.6723792002293827e-11
TGGTGCAGTACCATGC-1,0.007228162598760205,1.2107167488037644e-12,0.44814736652317444,1.1994709322950775e-12,0.28417737363743634,0.0072281573841243415,0.4532189398466652,1.161431853985534e-12
TGGTGCCTAGCACGGC-1,0.19105953207153656,1.1176168443890945e-08,0.44527078460508346,1.1176139437342534e-08,0.16314609802920885,7.295331162808226e-10,0.1005235619488326,2.787401263093763e-10
TGGTGCCTGTGGTTAC-1,0.05751060917612781,0.3937765011433298,0.5131704646218398,4.606724916552611e-13,0.1915169595110533,4.715499127689212e-13,4.635966802325962e-13,4.773537364909066e-13
TGGTGCGAGGTCGTAT-1,0.30862502271726744,3.761987686208187e-13,0.5185946767868581,3.7982415533609676e-13,0.04964765988970495,3.761987683518299e-13,0.2746850822321584,4.187209472082624e-13
TGGTTGAACACGCCAA-1,0.26361391169165077,3.413934555094233e-10,0.44130523509400094,3.1323794397022703e-10,0.2498565703439877,3.22095609846697e-10,0.24522428168771285,3.88005568416039e-11
TGGTTGCCAGTGTCAA-1,0.14133234128326694,0.05159377399360183,0.16587971799811554,0.02351139292771616,0.21071790235535573,0.06626272323099244,0.21696574704189947,0.023736401178122146
TGGTTGCCTCCGGCTT-1,0.08694391857468044,2.2351817430575466e-12,0.47708461676517067,2.1370422616000986e-12,0.21559015900063558,0.013385296515316645,0.10699600913922255,9.761476252634581e-13
TGGTTGGTATCGGCAT-1,3.43919607291878e-13,3.4071498706377544e-13,0.441775392761685,3.4071498709241657e-13,0.22664475773998854,3.4880949718402367e-13,0.49999999955839736,3.626493282738737e-13
TGTAAGATCTTCACAT-1,0.39072748616573993,2.0264326781746526e-10,0.4057498246729602,2.0358322482445038e-10,0.08119487300867713,2.083744343921428e-10,0.3223278154163342,2.8630534825193305e-11
TGTAAGGTGAGCGACC-1,0.13210345318294223,0.018425028937324204,0.2974112018831362,0.061692184263171114,0.21289498455710898,0.018425027726081462,0.15904811824417905,1.2220639311699735e-09
TGTAATAGCCGATTAT-1,0.08224654848648033,0.037907915195468475,0.15668551287035237,0.008484470330880055,0.13459645965664827,0.1201216915629626,0.3599574018931946,4.309333057791496e-12
TGTAATCATATGAGAC-1,0.1366951873961076,0.026357258251005128,0.47710475340734043,2.2904101416000506e-12,0.09974963076744285,2.127665230647022e-12,0.46009317016307827,5.415439605799761e-13
TGTAATCGAGACTGGC-1,1.3729963902212898e-11,0.17660201021918437,0.38259795983718164,1.3729963969409742e-11,0.11102337352104366,1.3729963883411083e-11,0.3400640011462713,9.812037725570683e-11
TGTAATGCACTACGAG-1,0.05545096520510563,2.4451702731099724e-11,0.2772237464725097,2.4782262947907227e-11,0.19967246613618653,2.4782262892456347e-11,0.4999999995432214,2.6193069907417516e-11
TGTAATGCCTAACACC-1,0.07334402288227995,9.665920696780571e-06,0.1465525251414854,7.613721474869034e-11,0.12567016922408508,7.790475558619942e-11,0.5544236167744852,7.613721475085838e-11
TGTAATTGTATCCTCG-1,0.18888781838716306,8.323520247475268e-12,0.42320942142898865,8.394133553417574e-12,0.2693619806893007,8.465702383243361e-12,0.018540779474316413,6.683918779524278e-12
TGTACCAACTACGCAT-1,0.22760781941759767,1.4786457631508168e-11,0.49943081283974594,1.48721745831645e-11,0.15240357641315125,0.013625773761767043,0.006932017537415238,1.302462823060501e-11
TGTACCAATATTAGTC-1,4.687746233075674e-11,4.5635056403437904e-11,0.17020738877630587,4.60418089135487e-11,0.25785617542000366,4.631716817055267e-11,0.4719402720062731,4.5501198084027053e-11
TGTACCACATACTGGT-1,1.3317705544079417e-12,0.10917818946410342,0.4005373307144111,1.3317705563935887e-12,0.26073447375985803,1.3317705557165414e-12,0.1643471399901296,1.3018102251678516e-12
TGTACCTGCAGGAACA-1,0.017479841438926377,1.7982478450017324e-10,0.3293935690378955,1.8544043913941993e-10,0.09221111258070525,2.7008491293190615e-08,0.46091544942764606,1.8598333230591812e-10
TGTAGCCGTACATAAC-1,1.9896639200673855e-10,1.917649171284675e-10,0.4090001385396714,1.8492139038597365e-10,0.3957793604642182,1.9652421581661536e-10,0.39522050010390086,2.613353107591589e-11
TGTAGGAGCTTCAATA-1,0.012288642504509029,6.1104362668933515e-12,0.11393547219097769,6.214089007790179e-12,0.2012356962386856,6.320228797635104e-12,0.5725401890450665,2.7888677660853073e-12
TGTAGGATCAGAGCGT-1,0.04822629707989446,3.1989633776292835e-09,0.39431224419470967,2.6088495490721693e-09,0.28075136747941865,2.6088495464040155e-09,0.4767100591310855,3.4444782742476966e-10
TGTAGGCAGGTCTAGC-1,0.2779728382858434,3.304965492055118e-11,0.3665440022338877,3.149327217314342e-11,0.277510321085144,3.3049654837952235e-11,0.2779728382858434,4.333106244994298e-12
TGTAGGTCACTACATG-1,0.19229941458881594,4.3687859048315947e-13,0.5093180733517326,4.357684298457369e-13,0.04152946973939939,4.3724858700646153e-13,0.19229944168232654,4.1182853094355425e-13
TGTAGGTTCTGGCTTA-1,0.07463730289536849,4.039965478979838e-08,0.34906656672072955,4.0399528661137643e-08,0.1828560396211265,0.03932916192145595,0.2541108480343862,1.182135346198959e-11
TGTATCACGGTGGAAC-1,0.06187210576268336,5.4459979883029785e-11,0.4208981253963707,5.370164538723397e-11,0.30279146785657723,0.012823481008549175,0.4016148196767773,5.075381676500138e-11
TGTATGATTGTAGGTG-1,0.09078851796758924,2.7429708663750444e-12,0.36226644351373755,2.7764557107862623e-12,0.10212210488668602,0.01722991015097338,0.5000000000072541,3.0258086190958833e-12
TGTATGCAGGATTCAC-1,0.13830160170685518,1.3375959569460767e-12,0.4082503556570251,1.2139788916173044e-08,0.33886570260426224,1.213964319183367e-08,0.31458231574721146,1.3281080140041711e-12
TGTATGCCTATCTTAT-1,0.1421075216372807,6.788297474206194e-10,0.4645591744764292,6.960918713250657e-10,0.13396257225840522,7.234354017343222e-10,0.4593707285649352,8.577016175365112e-11
TGTATGGTGCCAAGGT-1,2.590484220952231e-10,2.419152400062752e-10,0.4716609032782993,2.4191523996884695e-10,0.3827459907464931,2.616332874438316e-10,0.3455931048169179,3.584051048566395e-11
TGTCAACTCATCAACG-1,0.0761318969479799,1.0992741275057126e-11,0.5437796233730159,0.018932743217020848,0.08694075320117543,1.1293684327743332e-11,0.17421498324437923,1.0806780190518735e-11
TGTCAAGAACTCGGCG-1,0.10944589667272736,0.050397380425410726,0.43360574577642397,0.014442114068136436,0.231348437846746,0.02857239115861053,0.03218803160708278,2.4450768645366755e-09
TGTCAAGCGGATCGGT-1,0.045922650440831936,0.016499200260764006,0.15217235499690937,3.839638479312225e-11,0.08256436034685956,0.031210925060889183,0.5716305088416012,1.402115379326363e-11
TGTCACAGACGTATCC-1,0.22500758819887517,7.407747827430876e-10,0.4451725946557639,9.267908829650889e-10,0.09847545215160472,8.021673039042841e-10,0.43134436200657367,9.012858759620249e-11
TGTCACTAGCTCAGAC-1,1.2789537170656769e-11,0.07037648550999215,0.5419311797925122,1.2318276993380044e-11,0.10697751522805893,4.1297795575852465e-07,0.1807144065629893,1.2318275112809737e-11
TGTCAGAAGTTGTAAC-1,0.1170933421252128,0.03275601725854839,0.2961348203394515,3.4784538765462505e-09,0.3517097591390626,0.04327489930997424,0.05903115762385533,7.269477313490752e-10
TGTCAGTGGCTTCCAT-1,0.09658495082190736,1.461130831074877e-11,0.2660365647321508,0.0423869630177333,0.12269894478478928,1.4611308262851704e-11,0.49999999972728615,1.5010637469512118e-11
TGTCATGCATGAGCAC-1,0.24388847819637596,1.5742673235526632e-09,0.42004432880136605,1.6295393443650736e-09,0.10005979866159732,1.5318170215256628e-09,0.13600738864288017,1.0025045653958156e-09
TGTCATGTGACACGCT-1,6.642380745483441e-12,6.5554846007013834e-12,0.572677110163438,0.029484778670354265,0.4719256855972398,6.512636898171949e-12,0.004960318520208436,6.98194844137967e-12
TGTCCATGTATGGAAT-1,0.306786206707207,2.6774743425374937e-10,0.43268302757433347,2.7524304588446514e-10,0.20891355264477746,2.806557829533102e-10,0.2516172120911645,3.2565624288191513e-11
TGTCCGATAGTCACAG-1,0.08814894329669562,0.21424314126141802,0.5327486064690526,0.004086200683939748,0.035678624167408926,4.767608059151468e-12,0.025094484140485485,4.697412542728425e-12
TGTCCTCAACGTTCTA-1,0.037031887986623026,2.7320976819590723e-11,0.4814697470707744,2.7320976806713176e-11,0.15052188313887807,2.8104884711307434e-11,0.38784769097314,4.6270553783933014e-11
TGTCCTTCGCCTCGTA-1,0.062459602278835985,3.559282547809403e-09,0.5746657623156634,2.144299744869996e-09,0.26287462482835633,2.2783457821159945e-09,2.62334533413678e-09,1.7732102297190869e-09
TGTCGAGTGCGTTAGC-1,0.15699128155804556,0.03929749417156098,0.5508685933004588,4.661740068844959e-13,0.15673008491955,4.661740051252895e-13,0.245261648353546,4.874751306805646e-13
TGTCGATTCACGTAGT-1,1.2980527124951237e-10,2.646238237870974e-07,0.252169873829528,1.2679322280622182e-10,0.11076651388492628,1.2980527111803697e-10,0.5370633475043537,1.2515361369973102e-10
TGTCGTTCATACGATA-1,8.340909038551483e-10,1.189322488849503e-09,0.4338371506846811,0.28791924840140243,0.06307782988457954,9.40148711598111e-10,0.4151657669085579,1.4404200267307516e-10
TGTCTGGCTTGTCTGT-1,0.04582947974732987,7.283377045260354e-13,0.27941292024626535,7.318384345843521e-13,0.2666776173188265,7.442353152766698e-13,0.4999999999114675,9.923367732034772e-13
TGTCTGTAAGCGAACT-1,0.07799522841667475,0.08930854737293825,0.5709021298301084,1.3233109572430827e-06,0.11775088038118621,1.3232838458288677e-06,0.04404056742886453,6.284144486015632e-11
TGTCTTGCGACTAATT-1,0.16372315127510353,2.1607004102695655e-11,0.48761469699203636,2.1152244964786556e-11,0.06599861783362075,5.3193853722178824e-08,0.4826634800331641,1.791815263299541e-11
TGTCTTGGAATTGGCA-1,0.3367599549116373,0.04605148622009148,0.38118223386196654,1.967269605740316e-10,0.09924636958679185,1.955886897429771e-10,0.3367599549116373,3.314299061539139e-11
TGTTAAGGAAGTCTTA-1,2.1905494769855092e-07,3.3564410792615667e-12,0.27618720462225016,3.3476156156699287e-12,0.182031365138788,3.428787500421535e-12,0.5000000000699798,3.304160749106448e-12
TGTTACCTATTGGACA-1,0.16362130699545485,8.09719920708778e-10,0.4891658774043043,7.992313337330163e-10,0.08062809541491112,8.187593561351365e-10,0.4665847157307946,1.1979420175117543e-10
TGTTCAGAACGGTGTA-1,0.05305163744710066,1.0372510780783277e-12,0.2531234431072624,0.01102024547852122,0.36111137308708124,0.021524407341905194,0.20016889353651973,1.2406987381391847e-12
TGTTCATAGTATGACG-1,0.0058712619139207525,4.5815351279137954e-11,0.4483365277919757,0.005871265912194501,0.2553661188394463,4.651999141502284e-11,0.18455482542798818,4.021463214010066e-11
TGTTCATTGGTCCAAG-1,0.07065332426513467,0.020792381303739397,0.25189065347342293,2.152523657709916e-07,0.13890551624546174,0.053758628037687294,0.3639992293097431,5.2184421382339057e-08
TGTTCCTCACATTAAT-1,0.13202547652975655,1.558738724211749e-12,0.5132948645156776,1.5543946138734288e-12,0.0111449515496949,1.5763393638258758e-12,0.4999999992768643,1.5711861424080092e-12
TGTTCGCAACCGCCAA-1,0.08884006021716248,9.582642363091908e-09,0.5076328797867324,1.1648874771223876e-11,0.11773037267419764,1.1829351367966222e-11,0.4857966773428455,2.9508410979522863e-12
TGTTCTGCTCTGTCGT-1,0.17739476663667833,0.019758643752211556,0.4860260192857585,1.720949744334854e-11,0.04055218901812589,7.16098598264913e-08,0.4762683090134472,1.4493273051712374e-11
TGTTGCGTCCAAGATT-1,0.06451337614996824,1.2435258072252097e-10,0.4129135493661355,1.2512525936287772e-10,0.21854708378820228,1.2358766986752842e-10,0.49999999677653967,6.25195304348692e-11
TGTTGGAACCTTCCGC-1,0.3802700714544032,2.7769755007492233e-12,0.4165038359593673,2.76604408822367e-12,0.022956021114008136,2.769680444093215e-12,0.3802700714544032,2.667305858591805e-12
TGTTGGAACGAGGTCA-1,0.42459525086226496,4.7890709798653885e-09,0.5209985051804802,4.7890709781171125e-09,0.05804833008013435,0.08438661922209933,0.1119711178001594,5.177307445786792e-10
TGTTGGATGGACTTCT-1,0.03323294878751146,0.0025739101821349556,0.39766274830213644,1.475888853120669e-11,0.15487889591699167,0.0884019146869957,0.22324958210737372,1.422686870091882e-11
TGTTGGCCAGACCTAC-1,0.1144353398339596,9.396253531563286e-12,0.4452866709090418,9.03762681732022e-12,0.2867770891493943,1.796871019222129e-08,0.35350088150703707,6.2714049986895114e-12
TGTTGGCCTACACGTG-1,0.08669865155430086,1.3094240692304957e-11,0.147992582784448,1.3063882189671852e-11,0.22966034052535508,0.013140055479974044,0.4999999999960561,1.4361828443990575e-11
