,Cancer Cells,Macrophages,CD4 T Cells,CD8 T Cells,B Cells,Endothelial Cells,Fibroblasts,Unknown
AACACGTGCATCGCAC-1,0.07486225363150534,0.07985321621525525,0.47379662652445576,9.89590320726965e-12,0.4243297501762148,1.499756757434779e-11,0.1471581533768233,9.704901480522099e-12
AACACTTGGCAAGGAA-1,0.07289764453298166,9.496876897668063e-11,0.36932040648115483,2.7746299344362572e-05,0.277633476194526,0.013823576998561921,0.1662971494060959,3.157787958587438e-11
AACAGGATTCATAGTT-1,0.01114465583016052,2.1794593493266816e-11,0.25158697205128905,2.4994554491357292e-11,0.3815342681305985,3.1895721427426834e-11,0.255734103957862,1.57784136128362e-11
AACAGGTTATTGCACC-1,0.15698793905476405,4.853812316507449e-11,0.5362350868388933,0.19518877607337573,0.06968133090909467,4.514897641417763e-11,0.1799044580629701,1.2672179143113327e-11
AACAGGTTCACCGAAG-1,0.047546965776573476,2.736950388087586e-11,0.512975293627499,1.6161527799417053e-11,0.27927589673515985,2.1297334265936823e-10,0.36020184347159534,1.1467547112854137e-11
AACAGTCGTGTCGCGG-1,0.15475988598957616,1.5867444271566586e-06,0.42467499121771396,1.0808729636469646e-10,0.11733917269027039,4.3658393247693164e-11,0.49518756527594004,1.2672268295235919e-11
AACATATTCTTGCGAA-1,1.7113576215132764e-10,3.636759540783508e-11,0.3289609423853102,1.524477831725018e-11,0.05752248214064251,2.0387551288326994e-10,0.513516575176662,1.390278588136262e-11
AACATCGCGTGACCAC-1,0.23957604642854144,1.2856620325293463e-11,0.4521838859572068,1.734591487977126e-11,0.11375545769287451,1.0813276739507316e-11,0.3944846098531578,7.680195184707837e-12
AACATCTAATGACCGG-1,3.722703969107723e-11,1.2720355834536381e-11,0.4121738394542911,2.4436576618584024e-11,0.17684359926872878,2.921570420684197e-11,0.42499705699260126,1.267215056420447e-11
AACATGACGCAGCGTG-1,4.176064262322498e-11,1.0508667201976035e-11,0.39886530161641087,0.2875483916473577,0.05109720583383794,0.07354519378439417,0.38894390703935516,7.573700138705648e-12
AACCAAGCGTGGCCTC-1,0.12932762371400117,0.0776836319968396,0.11976184360582552,0.03990237904883843,0.26515446836353784,0.049035117109759996,0.13522714668808883,0.08390778948523969
AACCAAGGTATCAGGC-1,0.2856735314431067,2.826735827972124e-11,0.5031665146230432,1.315490979510747e-11,0.0830007375984522,2.1281067988595634e-11,0.3253895796837936,1.2671853706678308e-11
AACCACTGCCATAGCC-1,0.48514638464687015,7.485734447958237e-11,0.5014268015181313,2.378988942814006e-11,0.05437835061048122,1.5009246230616843e-11,0.03594581286430908,1.2672168148179459e-11
AACCAGAATCAGACGT-1,0.0711127516782076,1.7552839922368884e-11,0.3190749342290999,1.752484010297707e-11,0.051191551125095706,2.2334204982568028e-11,0.49704285891315625,1.2672149186364761e-11
AACCATGAATTGCCTT-1,0.044393028187070416,2.5946168193214408e-11,0.36974658942828653,1.7567761458619295e-11,0.28094221102161343,4.962998134130219e-11,0.33398708436488606,1.2672158047522597e-11
AACCGCCAGACTACTT-1,0.272437205099609,3.3186499063486777e-11,0.46933134625527534,2.7188591059812764e-11,0.04061912153884927,1.5007103838655543e-11,0.41761232699560674,8.592244037527991e-12
AACCGTGCTTATGTTG-1,0.12198087131840947,1.7435513111717496e-11,0.3091694768695656,1.8505312964689416e-11,0.2069662782243375,3.078846652014139e-11,0.49993381651745944,1.2672179178779132e-11
AACCTAAGATACTGAG-1,0.006539316386053124,2.1454770069823157e-11,0.2983793035473967,1.5912599436187957e-11,0.22142678394089785,2.4341959194332995e-11,0.5002748147345816,1.26721525013195e-11
AACCTACAGAGGTAGT-1,0.32770205226061894,1.3314919653668034e-11,0.42453632493075266,1.0011379863024934e-11,0.02968909866836999,1.2542959519381173e-11,0.4180725240679036,8.702793626485616e-12
AACCTACTGTAACTCA-1,0.06736285077954966,3.698289753982869e-11,0.3479124335744116,2.0834628467696943e-11,0.34018513776961745,6.231681761518096e-11,0.44453957769385494,1.0195245195685745e-11
AACCTTAGCGTCCGGT-1,0.033163798334664964,3.936879033976943e-11,0.2344971491836524,2.3357871702044396e-11,0.16432564952876216,0.007672988644591499,0.46034041425019484,2.3357845459729537e-11
AACGAAGCGTGGAAGT-1,0.014170682131229234,0.42542824076856856,0.41131758821353953,4.105803904476626e-11,2.4656719592193097e-11,2.0888332814360048e-11,0.34908348875256967,9.500569122365738e-12
AACGAATTGACCGGTT-1,0.21660592797812425,0.0285265675171388,0.481624218759268,1.7722817226478105e-11,0.003372839232096811,2.2311684769256477e-11,0.4698704463816478,1.0958552459481173e-11
AACGACATTAAGATGG-1,0.14927555338012682,0.05426336312483475,0.5426057052420932,2.556226817298844e-11,0.15385537799502064,2.501946179110458e-10,2.013414055776163e-11,1.6513528275419036e-11
AACGAGCCTCTTCGGC-1,0.0474687327323591,0.18680699783313173,0.2547712447623025,0.07875329469895445,0.1394502224446624,0.04089380637886511,0.15185570109269816,7.23950223067282e-11
AACGAGCTAATAACTA-1,0.1917387810583913,1.8411269657432551e-10,0.5772111846800443,7.35478873969374e-11,0.06449938522030843,0.06655064875379452,3.655373453887869e-11,2.241010738599832e-11
AACGCACTGGTGCTCG-1,0.07106684991701272,4.05952512502599e-11,0.3370309379270872,0.030877545480010697,0.3923510651525491,0.06866825230000156,5.34917896997261e-06,1.8404927056524886e-11
AACGGCACAGAATATT-1,0.11317674172002348,0.10783920919181829,0.46053232559451496,0.01738942610162061,0.10467267545968997,0.05794831778923246,0.038441304001446526,1.557130379818021e-10
AACGTGACGGTCCACC-1,0.1010280684308828,4.6721036676239924e-11,0.14664538784403502,4.567221439025555e-11,0.31141543629130686,0.026468307686991134,0.3144427996269743,4.48318163067194e-11
AACTAACGAACTAGAT-1,0.1510333782829983,0.02636272907585435,0.2378604148110768,0.008531000837522564,0.15067888615456654,0.05480787074417559,0.2707257200082497,1.0007562723454383e-10
AACTAGCACTGTTCGA-1,0.020012081175231212,0.2549662110432846,0.41524202755133605,8.672137376167563e-12,0.3587225909402665,0.1510570892539549,6.6735105807973044e-12,6.6385257352271936e-12
AACTAGCCTAATAGCA-1,0.10957734824094871,0.029408629444507027,0.2752221517727916,0.07224014102428918,0.23559447255071714,0.15008354672723173,0.01047107911777518,0.017402631133907255
AACTAGCCTTGCAATA-1,0.15647218724054082,3.785844847243174e-11,0.3931659531113187,1.3042507551257365e-10,0.2477647503759921,4.928900782801404e-11,0.10259710905481459,2.5296815000594622e-11
AACTAGCGCTCCAGTT-1,0.04764608989096598,1.943525103191342e-11,0.42353652301122297,2.135921526410645e-11,0.1377910162565898,2.4729806672123932e-11,0.49482594169131,1.2672173701924272e-11
AACTAGGCCTGACACC-1,0.19491720539717855,5.0356927145698725e-11,0.47320900630100354,2.4384204241432974e-11,0.08515069776141022,4.570215353319944e-11,0.14672309044737042,1.7633764074312248e-11
AACTATCGTCATAGTC-1,0.07923143387647627,1.242254265777648e-11,0.46682658177338093,1.2422542821762503e-11,0.19864197164370084,1.6805364913729868e-11,0.45530001261143277,9.862334209597016e-12
AACTATCTAGCAGTAT-1,2.0953863708330504e-11,3.8175066336374805e-11,0.43132937909630575,1.0927558607687365e-11,0.1791829964628891,0.1879084787667793,0.4015791455735367,8.086796531922635e-12
AACTATGCTGCATTCG-1,1.272094665541876e-10,5.4134848554025417e-11,0.466012475567262,2.8883875153822302e-11,0.17475841936085268,5.0368152974437395e-11,0.49737325999613774,1.267218281774822e-11
AACTATGTGCTTGTTA-1,0.08173128264100842,2.6027045520390005e-11,0.3547254216781212,2.077328967849733e-11,0.07289272506708398,2.979781475966229e-11,0.501073463738699,1.2672150377548529e-11
AACTATTCTGCGGCCT-1,0.223711478988231,4.0800165757424487e-11,0.49194860258095857,2.1397859755797598e-11,0.21073928875064707,1.985553894332077e-11,0.27360062949416825,1.1161575022210809e-11
AACTATTGGCGGATTC-1,0.1383089882953637,0.12723685661071893,0.31441227284291173,0.08391133782484739,0.1297509987446159,0.04872353821421606,0.04207223267376759,0.015583774805767692
AACTCAACCTTGACCA-1,0.3552033348541953,1.572517065310655e-11,0.40497218401685137,9.376469523576656e-12,0.08686193750148735,1.5725171856251195e-11,0.3529625435649664,6.8348131715609266e-12
AACTCAACTTGACAGC-1,0.16078542799677709,2.1733274091126923e-11,0.42606715581082183,1.5593605545414334e-11,0.05399841836879044,3.044050137599386e-11,0.2591489979699381,1.3428473875977409e-11
AACTCACCGAACTTAT-1,0.14958841698689818,0.10326884457764925,0.4806940001620717,0.10151926621880802,0.03634987757305055,0.028579594473352052,1.7032985769334644e-10,1.3656474610028022e-11
AACTCACCTCGGTGTT-1,0.04407773466012942,2.442285301756923e-11,0.2272332210428914,2.5140796340944562e-11,0.047378884046778584,0.09478248373023788,0.486527676526684,1.5393383243919516e-11
AACTCACGGAGTACGT-1,0.2729582531213865,7.104039478753545e-12,0.3555605339691113,6.464277202835908e-12,0.28273503832074426,1.24377472931439e-11,0.2887461745476261,5.47768030371245e-12
AACTGCAACGTCCTGG-1,0.2554932455361069,8.210415649895586e-11,0.5470761469934458,4.766165031799297e-11,0.07190144114904422,4.7666136309912e-11,0.025529166157792525,2.0000684199248257e-11
AACTGCCTCGATAGGT-1,0.35755684725893416,1.1584070729154189e-11,0.4299647994121918,1.048122535245021e-11,1.0254566017057201e-10,1.610337757887599e-11,0.41247835315514636,8.358734334684737e-12
AACTGCGAACCTTACC-1,0.0002902107587779411,2.2974152713029318e-11,0.25066444653240066,2.2719511564961705e-11,0.13895562861649066,0.0724594160739561,0.4898888616176949,1.2672147880032489e-11
AACTGCGATCGACTAA-1,0.012613565022523171,3.507762682658252e-11,0.4355488838164755,1.7985417094307474e-11,0.22654347424282842,1.109906833045735e-05,0.4931498614691461,1.2672186058529673e-11
AACTGCGATGAATAGG-1,3.4924645818007047e-10,0.018620067580935765,0.3841266706115979,2.129629745365433e-10,0.1620539839320434,0.045855091890231,0.2893441854138421,3.043957109909742e-11
AACTGCGGTCCGAAGC-1,0.19319396570143185,0.12204400325407476,0.4241368316162689,1.2664470182580675e-11,0.3335280237592896,0.12709717560983666,9.035189847610846e-12,8.780338671523001e-12
AACTGCTACCTCGATA-1,0.1457993327826871,1.355398777103374e-11,0.34256930584416073,1.3553986997363596e-11,0.2578298175461656,1.2927471925367075e-11,0.45380154373441145,9.76021106936522e-12
AACTTCAAGGATAATC-1,0.08826529865824785,0.06500933654866611,0.18082063721163652,0.013166305387486891,0.2156807978346938,0.045654784436329365,0.291402839828318,1.0898510604595382e-10
AACTTCAGATACTACC-1,0.1215913255926613,1.5813367603210767e-11,0.32223982050174604,1.522759056670348e-11,0.1533164306896108,4.527334694724241e-11,0.4912789991145415,1.267217147486336e-11
AACTTCGCTTAGTCAG-1,0.2205520071079521,2.3643777300521733e-11,0.45424891649660004,1.4194508904933079e-11,0.04763060996258428,2.073731699962099e-11,0.4775684662354727,1.1527443744828593e-11
AACTTGCAACTTGGAC-1,0.15288615967665345,0.08872215226946376,0.3635783749651741,0.02722405897673994,0.16489880557506553,0.024875495283096623,0.07781495293379583,3.3325739436927543e-10
AACTTGCTCGTAACCG-1,0.15660890734421193,0.038716651055565925,0.31769687233556243,0.03343669306661034,0.1451990801872834,0.06593828039053863,0.1149529194862418,0.027450596145881287
AAGAATTCTGGCTGCA-1,0.08109772807600851,4.6777135054093346e-11,0.3780626763331529,0.009390957119536915,0.3166774234331096,1.3681446006368534e-11,0.4147712148841484,1.0984773313324338e-11
AAGACAATCTCCTGCA-1,0.23018656387379063,0.04530480798980698,0.40792510201889376,1.5077874084462755e-11,0.11786534914760338,8.721946489016368e-11,0.398718176839083,7.823165537392894e-12
AAGACTAAGGAGATCC-1,0.1490530028001422,0.050481187123654826,0.27415507041794773,2.6356791259529793e-11,0.07070799504005089,1.0972401264349159e-10,0.49673676061694017,1.2672164297726654e-11
AAGACTCAAGGCTCCA-1,0.15263432947593983,0.003768437767053313,0.4766944032353261,1.2817447093335363e-10,0.19239079405928258,0.05700862969396845,0.01750340559908168,5.746723665426796e-11
AAGACTGTCATAGTGC-1,0.07812728841863088,7.151562388148434e-11,0.3517006836118692,2.455502429107287e-10,0.2846657686476675,0.021762857791082637,0.16374340120652606,2.941884350687273e-11
AAGAGCAGATGTGCCA-1,0.1437478807625983,0.004226502491855461,0.464410957998126,1.0169142477130061e-10,0.1442257774983383,0.09746213981056266,0.04592674137740065,1.6337241554738928e-11
AAGATAGGCTTGCTTA-1,0.2828423967459971,1.0646900663235797e-11,0.33731230251808375,1.037228270544431e-11,0.1687105020587071,9.86346103630486e-12,0.4111347986228005,8.079373139809608e-12
AAGATATTGGACGTCC-1,0.0737018655028438,6.027730489201944e-11,0.36455693110052667,1.8778938871294523e-11,0.24703004265712805,2.1775474169142886e-11,0.4983447351926003,1.2672217014524465e-11
AAGATCTGTAACTTGT-1,0.338339706149178,1.0248479311704503e-11,0.4617819135235297,4.532209605560957e-11,0.048546502635525846,1.1631879837732279e-11,0.3513318776037856,6.674763226122698e-12
AAGATGAAGGTCATCG-1,3.261091880883874e-11,1.2624614567386077e-11,0.29775419169423445,9.747677951149979e-12,0.31259468443933763,0.29312761977481194,0.29652350402013755,5.80002692816985e-12
AAGATGCACTATACTT-1,0.10920032698430371,0.022421334395646503,0.36313159173272974,4.220832264992955e-10,0.2995709442514356,0.032954033461343006,0.07272176872208615,4.776290828560468e-11
AAGATGGCCGCTAGTT-1,0.19136818213349555,1.3458630298109917e-11,0.5457617279201177,1.2538285771243342e-10,1.9776824938064613e-10,1.2682314596005222e-11,0.20355389856529477,1.2672144747045594e-11
AAGATTAGGCTGTCTA-1,0.11527920272851881,0.04265974422304918,0.48787507730647867,3.069708464510494e-08,0.18832653770597826,0.009389110632710577,0.05647029668565741,4.339322554828425e-11
AAGATTATCTAGCATA-1,0.4706563647720948,6.19422035032935e-11,0.5337840167094539,8.592486185828419e-11,0.07609327766556567,8.140232172334038e-11,0.04272730920738371,1.2672174930865422e-11
AAGATTGACACTCGAT-1,8.627947020498585e-11,1.6310230684922204e-11,0.34199157864074714,1.8974131569409705e-11,0.2429216211004998,1.425670513145499e-11,0.3722413252928872,1.2672155074357181e-11
AAGCAGCGGACACGTG-1,0.31528807594961433,1.5980573254584085e-11,0.4058018886775878,1.787299953064354e-11,3.229520296890094e-11,0.06672076462079954,0.4121892706523214,8.405559573803793e-12
AAGCAGTGAGTGCGAC-1,0.0623948876735597,0.003947720207314313,0.41043932571712954,0.0026906153947817606,0.40262694790623166,0.017900502976726466,1.1483166589868746e-10,2.9749483638322786e-11
AAGCAGTGGCATCACT-1,0.05045650451729668,0.045156243453997116,0.24964525591861095,1.213453659320776e-10,0.21746389849639658,0.0366172940109521,0.300660803447225,5.1175016738962204e-11
AAGCAGTGTACACCGC-1,6.130563329762731e-11,1.21781120743649e-10,0.2541952277611458,5.5644944686391873e-11,0.12333763577923104,1.732392329728346e-08,0.5224671189016324,2.0414295204133016e-11
AAGCAGTGTAGAATCT-1,0.17431992723452877,5.408970258236096e-11,0.5143066892499435,0.013720379342660367,0.14049080080400045,0.2739703124059976,0.08319189084843844,1.0116565851710538e-11
AAGCATCAAGCGTGAT-1,3.8395106879201946e-11,0.1337096753463845,0.3760258695454683,0.09339780557515251,5.121672716506434e-11,3.813135118609166e-11,0.4862868540597539,1.2672172895277126e-11
AAGCATTGAGTGGTTG-1,0.01201676483309295,0.07226429585605466,0.5276632139746034,2.0025315341192872e-11,0.42518724977903705,0.009222067150437212,0.15364640791331527,1.2333055828374451e-11
AAGCCACGCATAATGA-1,0.020819824902669024,0.03965646092441315,0.24022957062844932,3.474378035214786e-11,0.4496462418647112,0.055370292266967235,0.09427760938784356,2.1448682465759776e-11
AAGCCACTATGTCTAA-1,0.13241173657143804,0.014806881846611494,0.4667867565331326,7.248025084896175e-11,0.09799120801596482,0.0702796121573052,0.11772380481061955,2.211766767225346e-11
AAGCCAGGCCGACGTG-1,0.09659267375936098,6.459667571737956e-11,0.2652569049694229,4.4550082500194306e-11,0.13375102404921474,6.472112167196403e-11,0.4043993970531657,2.307129883133349e-11
AAGCCAGGCTGCTTGA-1,1.2528866388766731e-10,6.414866295668209e-11,0.4526400113806543,2.134427195861133e-11,0.18439065233280513,0.09181748108764592,0.47115185490779055,1.0719916699020162e-11
AAGCCATCCGTGCTAT-1,0.029057030639596877,0.19029531763554017,0.534757834802453,1.0407470163815887e-09,0.35502958101712,0.052742782676259585,0.03811745202697529,1.1702459034233257e-11
AAGCCATTATCTGCCA-1,0.015040158670812664,1.7929829408772983e-09,0.34397844749101475,1.816579044163867e-11,0.21252088109325598,6.066755373276874e-11,0.3284605109448851,1.4850895689997373e-11
AAGCGAGCCGTCCGCT-1,0.05388490893026451,0.028538195599036368,0.32006378995081514,0.02793260893161479,0.2519349788396975,0.06867966242234333,0.12784059797669545,0.021125257361887435
AAGCGAGGAAGTGAAC-1,0.02741942241083106,1.915778410596786e-11,0.37620241629737483,1.8856643754666426e-11,0.16248545018217858,4.0462686607968956e-11,0.33389271111963303,1.4451029863184145e-11
AAGGACCAACATGGCT-1,0.14544794771918326,0.10198645482805238,0.5500913952561469,6.904182527568582e-11,0.35688220859596326,0.03064669009106175,0.0036693675544373513,1.2672238833742461e-11
AAGGAGGCACTCAATT-1,0.18297505256889454,0.027864515237394007,0.5337745463131861,0.2610031889676032,0.1884577327280103,0.005924964017957782,1.1311240088154807e-10,9.838468344860318e-12
AAGGAGTGGCTACCAA-1,0.07228464408444665,0.07129215301936727,0.43113041612334146,0.04228432964773208,0.18984303391859653,0.029012992995215776,0.06415243015540036,7.148138117551753e-11
AAGGCAGTCTGATCAC-1,0.273877449616987,4.3195117742127584e-11,0.5106114699042904,1.626433773878134e-11,0.1641499603935825,4.316304437857509e-11,0.18526356337864266,1.267217766432067e-11
AAGGCATGAACAGCTC-1,0.019677163159023545,1.1022575112826968e-11,0.3611597559555037,7.47143474767257e-12,0.17646994711209277,0.3202316901045306,0.32246144363198165,6.212603319779295e-12
AAGGCCAATTCAATAA-1,0.061029994673816854,0.024888571262302983,0.18275688098921372,0.05148678695738296,0.18334643571718778,0.03147222587243078,0.36501910430361934,2.3744184578408224e-10
AAGGCCAGTCGCAATT-1,0.11224814069725657,0.14740061487986833,0.3183813885652354,1.7811857002538146e-10,0.23583225826052873,0.008809213941330519,0.0773283834581639,3.850497726980196e-11
AAGGCCGACCTACCTG-1,0.007847032325406662,1.9208612673954998e-11,0.38132946925835765,1.3616364729011537e-11,0.16628939758699568,1.1396697146164811e-10,0.47028761619672454,1.2672157164459472e-11
AAGGCCGATTCTGAGC-1,0.268619312133358,1.6275367273174215e-11,0.4062700382331159,1.0387346501965671e-11,0.1329801573869218,1.268121882629069e-11,0.3921304921805107,7.627801539180952e-12
AAGGCCTCGCGAGGAA-1,0.06904989007997923,2.138287912938159e-11,0.30467380778506015,2.4148893003192416e-11,0.18639416170712808,0.013537958246767979,0.502091373566919,1.267217159625775e-11
AAGGCGAACTAGTAGA-1,0.332547195938258,8.656728113837989e-12,0.370762065064075,8.656727934997353e-12,0.1540409091978134,1.8677157249165426e-11,0.3426498297440988,6.484604086977998e-12
AAGGCGACGGTGTCGG-1,0.011019307973043433,6.022468294280276e-11,0.2266723856944375,0.031226033662068137,0.05722567612462582,4.7983518183048194e-11,0.5738565964360388,2.6164442274051408e-11
AAGGCGAGGTTCATGT-1,0.21203040684895033,3.0544518852393455e-11,0.5429986664904451,2.3701270675363835e-10,0.10344292557275225,4.7243556445084685e-11,0.04152800085149374,1.4668966991520304e-11
AAGGCGCCGACAATCT-1,0.0035261658957575184,0.024392709144252563,0.34408996245240203,0.0017031849458406829,0.13784907887698342,1.4741055289998602e-11,0.496940650828614,1.2672160276172057e-11
AAGGCGCCTAACATAG-1,0.08467299075131009,0.031929645172529074,0.32059071227053243,2.3274212326907868e-10,0.21913173259726335,0.05593130736075281,0.18774361157086655,6.007918710958338e-11
AAGGTGATCCGTGACG-1,0.03924205277618987,6.2071015574447e-11,0.2788606864237925,2.5255755554224953e-11,0.041324727932885365,4.8125251038792494e-11,0.5405725327626898,1.7192320566120514e-11
AAGGTGCCGCTAAGGT-1,2.1070695381856044e-11,2.319542510821236e-11,0.2421387419576407,2.022499641401338e-11,0.1530411526945961,1.6127844172933167e-11,0.504820105495209,1.3374170467815451e-11
AAGGTGGATATGATCG-1,0.05106525349213298,2.7408741123541624e-11,0.5297141861562787,0.009322928356497472,5.842772293159322e-10,1.9588533019998985e-11,0.4947623087444812,1.2672175275715107e-11
AAGGTTACTATGACGC-1,0.11213734861318927,0.09297095481128634,0.41282620390253777,0.040315147945550786,0.19272721878836716,0.02537056523238588,0.023652560628473207,9.261284674359241e-11
AAGGTTCATGCGGTGC-1,0.2652774581341305,0.0014978170445619947,0.20344298516865844,2.2849859363695342e-10,0.12606850510958093,0.0013931798612658963,0.3023200544211745,5.192448423980115e-11
AAGGTTGCAGAAGCAG-1,0.11246337759702717,0.016966373199079586,0.2795755273578378,0.024807427454012376,0.16999586129785413,0.09407583590858583,0.18003927039253934,0.02207632680656781
AAGGTTGCTGAGTTGA-1,0.08075082429844005,2.629450229595091e-10,0.5798577575483878,5.5014931288004006e-11,0.19506728366418913,0.020996736723486002,0.023327397436995894,3.1673198446038175e-11
AAGTACTAAGGTTACG-1,0.1098829151912519,0.039344387257428025,0.380109368456419,3.586958321801299e-11,0.0482950906891499,2.8029792489975927e-11,0.4956821401269715,1.2672169925442921e-11
AAGTACTACAGTAGAA-1,0.12063640269584601,7.557695467495777e-11,0.440095444091694,1.4858074443348615e-10,0.3363866111957199,7.781593738490918e-11,0.0028815417166815718,2.3994803216194354e-11
AAGTACTGGATGCGCA-1,0.06278767490362765,0.009787008079271088,0.3683158462780862,1.326761365620047e-10,0.2956486522049509,0.01787935120799,0.14558146718383264,3.100568598392037e-11
AAGTCGCTATCCTGTC-1,0.15670674238928056,0.029722001339600304,0.3752088071373487,9.8566801082699e-11,0.28350733538078676,7.810549134377747e-11,0.05485511355333538,4.1275061189328973e-11
AAGTCGGACACTTCAG-1,1.4309349863769148e-10,0.05299909872632369,0.4865101188313812,3.78357452136709e-11,0.2462693781386981,3.790591251641526e-11,0.3972663717753733,1.267221853718101e-11
AAGTCTACCGGTTGGA-1,0.08410585853518017,4.082287126304455e-08,0.5248297699760354,0.014863721329582361,0.13929676307660768,0.11035377960432387,0.026550066641568025,2.5003704736020588e-11
AAGTCTGTCAATTCTT-1,0.05374111217981952,2.2855927577599102e-10,0.47331671184754265,6.583129463031897e-11,0.328401408416856,0.015519155635675056,0.029021611617871028,2.984895218491387e-11
AAGTCTTAAGTTGCCA-1,0.1533938821127582,2.5193172567521938e-11,0.29456687093301864,2.4021760918605648e-11,0.19291938549996165,2.6544079369395625e-11,0.2591198614138223,1.674830717026009e-11
AAGTCTTAATAGAACT-1,0.18293990309682506,5.012531853535508e-11,0.3335746248893388,0.009960288479411187,0.23358640652751722,0.005265657432567798,0.13467311954024708,1.9696637400471413e-11
AAGTGAGCCTGTTACA-1,0.004871628191693473,1.6993774464890217e-11,0.22242548562653958,1.7743608532450212e-11,0.15209456779390643,2.0468034868076962e-11,0.5206083184168885,1.4536559373254724e-11
AAGTGGACGAATCTAC-1,0.10369732327179246,0.05465427228572924,0.3553980484897754,2.1936277691222445e-10,0.25787441736584027,0.06755661855226326,0.060819319710981624,1.184433706410941e-10
AAGTGGCGAAGTTAAT-1,0.08726012077689478,1.4251461760649878e-10,0.2961313018336719,0.04955331398885918,0.16804172527708414,0.02029047375902265,0.27872306422106835,2.596590086117939e-11
AAGTGGCGAGTGTACA-1,0.22012945270359838,2.492459985711131e-09,0.41665201542567637,0.012075211077620194,0.12549657972446598,6.760373604336307e-11,0.12564673910187238,1.2942886564552611e-11
AAGTGGTTCCTCGCGT-1,0.0657037325759864,0.04012597936274345,0.5276994031121159,6.637703767020401e-11,0.2065812271753782,7.569940832100463e-11,0.16075043751263884,1.2672155136295742e-11
AAGTTAAGCACTATAA-1,0.05142600521074966,1.994003727660462e-11,0.5093013165165308,1.6361547875249917e-11,0.08809645336138165,4.640266710585827e-11,0.4918905168521701,1.2672177901353513e-11
AAGTTACTATTACATC-1,0.14610860996434546,2.042259474788796e-11,0.4672609496929648,1.4639419461544624e-11,0.1322988997948204,1.7971036194757395e-11,0.45433154043734364,1.0003224219094286e-11
AAGTTCCTATTGCTGG-1,0.36299562725198525,8.810168710914367e-12,0.40509256870965943,2.272828478132084e-11,0.26209515834601577,1.495295998920435e-11,0.1698166456178738,7.982277426656216e-12
AATAACATGTGCTATG-1,0.09225952398410615,2.936588313006635e-11,0.44158187735931825,2.599346913586073e-11,0.19072558054878927,6.108482783725271e-11,0.17543301800960007,1.9364204537483656e-11
AATAACATGTTACGTC-1,0.11144054025860316,3.823596842487454e-07,0.27640837396830537,0.01377409444505832,0.20697230183203522,0.04478459508356398,0.24661971203685706,4.147706928909857e-11
AATAACGTAACTGTGA-1,0.017409016551292567,3.330392856981993e-11,0.3562424094533944,2.3374367933661905e-11,0.41415010055710644,3.3391399954436986e-11,0.11219847340553639,1.540227232390975e-11
AATAACGTATTGAACA-1,3.2615290870873476e-11,6.150616841767362e-11,0.29713014064578186,0.058045199821606774,0.16176524630840897,0.03155362904415166,0.35150578416616246,1.4626094399884453e-11
AATAACTCTAATACAG-1,0.14626855675581957,0.016048736102053162,0.31122938362155117,0.007727860724741195,0.24070696198483005,0.042995550416878206,0.1350229503561674,5.4508566585202896e-11
AATAACTCTACGATGT-1,0.07746619977952761,0.11267305232309734,0.44848982910121066,3.9690479983670795e-11,0.19307285054549575,0.027261933209173715,0.04103613499810528,2.7341291832557114e-11
AATAACTTCATACGGA-1,0.03380371029218611,1.3524570182742354e-11,0.3692726793535254,2.5568231818414943e-11,0.09164333986255338,0.1503686968660112,0.5022115350068367,1.2672180624843354e-11
AATACGAGAACACTCG-1,2.4363531463457054e-11,1.6572075865109496e-11,0.1539254326403108,1.795449769599347e-11,0.05321654867980147,0.4460705176864081,0.49823729778926445,1.2672181292721233e-11
AATACGAGCAAGCCAG-1,0.14144186116681562,1.823437435285747e-08,0.22493529271703946,0.03743881104698627,0.2805235536039547,0.04807875787864473,0.16758170521178084,1.5553158086592057e-10
AATACGGTACGGCCTA-1,5.237995236832311e-11,3.34557592404815e-10,0.5143704584041385,4.792034691148842e-11,0.24616462096375102,0.183522561051199,0.040047816445223254,1.2672149488058107e-11
AATACGTAGACAGTTA-1,0.039074432577116194,1.9650376728749417e-11,0.22979750926359246,2.0520883747644014e-11,0.20479425961646205,3.336490212724713e-11,0.49839128684268685,1.2672151692479963e-11
AATACTAACCACTTAT-1,0.08013092475124277,2.1383864579558968e-11,0.3403711028171905,1.7115342498206438e-11,0.04849594610135066,2.08858389268047e-11,0.49190751714154585,1.2672153076293468e-11
AATAGATAGCCTAACC-1,0.06352130076443104,7.754126446354036e-11,0.5181360491353267,4.3761305185447156e-11,0.3070032799894059,1.277282043433804e-10,0.034488586367270965,1.2672122768874244e-11
AATAGCACGGAAGCGA-1,6.546762761657819e-09,0.07389919716824199,0.3260830243186895,1.626045371942351e-11,0.12695605907165172,6.360234215531705e-11,0.4938082635149506,1.2672160579505185e-11
AATAGTATAGTTGTCG-1,0.2880500552634715,2.2071135834886107e-11,0.45092703325286493,1.2478708487943241e-11,0.038440660588307425,1.8851231465253356e-11,0.4225822508018567,9.001548114080262e-12
AATAGTCGTTATCTAG-1,0.07258297384455989,0.03186419587216631,0.18324938112940684,0.014364999687358363,0.3385017224616488,0.025617150390582197,0.233819576425422,2.0241093042469328e-10
AATAGTCTGGAACAAT-1,0.1333470850729986,2.0801875247776936e-10,0.3076768491831848,2.2313804953448955e-11,0.1363084361123457,1.0215712239459934e-10,0.32266762930618653,2.2441846538927784e-11
AATAGTGCTCATAGAA-1,0.1926049799091469,2.0826396632028112e-11,0.5178748711100309,2.5422905820992595e-11,0.16446554416112216,4.186219538258867e-11,0.09808910507256617,1.2672151960741667e-11
AATAGTGGAAGAGCAT-1,0.26205665206591,3.0861060819451645e-11,0.4561490419556991,2.049819182676457e-11,0.048328727293796656,1.9002145877845816e-11,0.43346557857520096,8.904737580437758e-12
AATAGTTGGTGCTCAG-1,0.24094999670589357,1.5232114134417962e-11,0.4694477328329559,1.3356837587518571e-11,0.33414137489731893,1.1951922077438122e-11,0.1554608954943089,7.8518140156659e-12
AATATTAGGCTTCTGG-1,0.12438394984071938,0.08243973204905429,0.4017845873524642,9.124525542668967e-11,0.24183672755358432,9.445810326117809e-11,0.049555002992409995,4.4026063254545354e-11
AATCCGACCACGGTCC-1,0.12143943836730077,1.0805705144904675e-10,0.4288042312542992,1.2672190047867654e-11,0.4730323910949665,1.101413430943383e-10,0.1461209701375094,1.267218787015003e-11
AATCCGCCGACCTGAG-1,0.03434587423588141,0.4803759831551518,0.24909934385235855,2.0381064343686906e-11,0.039558443525171245,1.769115569581471e-11,0.21286285917227452,1.267215611861139e-11
AATCCGCCTGGTCAAT-1,0.01950200513951634,0.02471951916382106,0.5414598659288483,5.96814642446271e-11,0.18684062152968683,0.002485493893801596,0.12499249425821536,4.4195536805766685e-11
AATCGAACGGACGGAG-1,7.227542297487933e-11,0.020441211094695284,0.29703752256102184,3.960017554936518e-11,0.07944696239660079,3.73097858770954e-11,0.5030743041604856,1.3116695973446476e-11
AATCGAATGTAACAGT-1,0.11294830459530714,0.05574162612463809,0.26557861436478697,0.012642811203063712,0.3159931947882894,0.04618901634261553,0.09090643249804692,9.819038815498763e-11
AATCGACTATCGCTAG-1,0.007669330083085947,0.033006310406192806,0.5160916263543719,2.420943712878573e-11,0.12182543778614008,8.405007155085433e-10,0.22140729459393543,1.4455380110591789e-11
AATCTATCTAACCGAG-1,0.33900943537216854,0.055073914923770895,0.4465549122663111,2.006423802766429e-11,0.3593617373609429,2.0108945673496918e-11,1.5790002462178785e-11,6.7708910153991015e-12
AATCTTAGCCTCTGTC-1,0.04452617021796097,0.0024582652001018906,0.48428259946277274,1.2683041567957608e-11,0.15057312649909643,2.0580900833941907e-11,0.49858038298834306,1.2672219429902658e-11
AATGAAGACGGTTCAG-1,0.045551186633022746,2.216575023006036e-11,0.4833441355677695,5.2636170430050823e-11,0.07212860059018872,9.718780143279705e-11,0.29897607715251034,1.4036792444963606e-11
AATGAAGAGGATGTAT-1,1.112703266281039e-10,3.230047719845192e-11,0.42089977750788676,3.6328818088257737e-11,0.26050341573003993,4.1898233209593544e-11,0.2185968065648209,1.80540371214426e-11
AATGAATCGGAAGGCA-1,0.05424478836176075,1.8536289653588326e-11,0.30073713855506157,1.551362811425632e-11,0.08436029378199558,3.304189427055159e-11,0.4917045122199005,1.267214449766708e-11
AATGATCTTGACAGCG-1,0.0787129180712812,3.581935046062947e-11,0.5068512675181814,2.322287118729929e-11,0.18623797330884817,3.038548429362362e-11,0.42819784096869334,9.265087453003083e-12
AATGATTACAACCTAA-1,0.20743215283702607,1.3550859750557973e-11,0.3414682267631384,1.2523601123534698e-11,0.20282948003943949,1.5100184614657577e-11,0.44827014026998413,9.608373660161128e-12
AATGCAATCACTGTCG-1,0.08620549002310568,0.27020355360658677,0.4207638855875718,5.23722419285825e-11,0.10293526718675389,5.6275748899652116e-11,0.019891803526424875,1.642060932385808e-11
AATGCCGACGAGCAAC-1,0.0020615560706461855,1.080455500263462e-10,0.2359917191394771,1.958850578182748e-11,0.2762221994712975,4.312665411515396e-11,0.497550104882013,1.2672159367410085e-11
AATGGACATCCTACTC-1,0.1797781358149355,7.586229275874604e-11,0.28184810537614735,1.432812445558888e-10,0.2534671113653939,0.0014791680315172685,0.18342747918406427,3.310245746756052e-11
AATGGAGGACCTGGTG-1,0.14453093393178834,0.015294712268497919,0.3065300237200457,0.04663058766605806,0.1915081246687543,0.0664214274633978,0.12173095306893827,0.0073532372244023035
AATGGCATAGTATCAT-1,0.30700737524777394,1.5529201381530673e-10,0.3946386908842956,9.89622553642234e-11,0.05585134923014231,3.605768134645646e-10,0.14250258403254437,2.138225932979306e-11
AATGGTCGATACTCGG-1,0.0010493321940452285,0.02794621440530132,0.34767189658857245,0.011009467202452978,0.3742764464832219,0.015416918059527041,0.12262972509179558,2.4191238627768615e-11
AATGGTGCGTCCTAAC-1,0.18646497547740581,4.072103823059896e-11,0.5222239194754081,5.298955413225861e-11,0.13968636865448106,0.00925070587419643,0.042374030420686846,2.7558706654401423e-11
AATGGTTATTCTAGCT-1,0.08445803795991794,1.7867693931978463e-10,0.5609401421624898,0.05660346716818225,0.16395452770656446,0.03404382482433644,1.9020090328254e-11,1.8959985319957225e-11
AATGGTTGAGTCGGAA-1,0.16183031464407965,1.7998792440013625e-11,0.3816618267124289,2.6371795276501473e-11,0.14165218790889217,4.867676992915174e-11,0.49074047892527645,1.2672200087149833e-11
AATGTACTTAACATCA-1,0.06987616130350871,1.574783012646534e-11,0.3462312248420502,1.4565491375160784e-11,0.29138908627242366,3.652752343116089e-11,0.492503527311708,1.1885914041004898e-11
AATGTAGTCTTACGAG-1,0.041859278723165264,0.05220964935082896,0.36220007175220453,0.02934436811793204,0.19919294279810776,0.050775430438621184,0.16441825869859997,1.3532476185582356e-10
AATGTCAGGTCATTAC-1,0.0628058366665681,0.0042736509110781916,0.5111651250336282,2.1060445237792035e-11,0.25383296144145656,0.05040946024187575,0.060164691686806965,1.267214195336648e-11
AATTAGCAACCGTTCC-1,0.10637898391368517,0.023456847487230426,0.38687054724972064,0.027245895527841145,0.16450993228006644,0.15297902052306658,0.038558773009481226,3.055513738626706e-11
AATTATACCTCAATGA-1,2.1785251912646686e-11,0.08516874752035157,0.4423071532649536,1.2267433211758144e-11,0.2895974590912921,2.2504729385295982e-11,0.3829266400417398,7.469447205184709e-12
AATTCTAACATCGTGC-1,8.607991972626632e-11,1.8800307554985437e-11,0.4231442387212417,2.868187742042883e-11,0.1537301329231483,3.207432000803863e-11,0.3625539540454926,1.2672145880941366e-11
AATTCTCAGACGCAAC-1,0.012840726320152445,0.14570970522790033,0.48812068692906796,2.137344098661794e-10,0.15531528163134128,6.300795698502612e-11,0.09801359982172977,1.344510389627952e-11
AATTCTCGCACCAGTA-1,0.17181097127325423,2.494609110940022e-11,0.4891971278769861,4.968058983263936e-11,0.16864596204797344,1.2935814012408158e-11,0.3703459386894174,7.3433629541308e-12
AATTCTTGGATACGGA-1,0.019759657342485214,3.1032705956791645e-11,0.31176123320749405,3.548592814719305e-10,0.17400580777713,7.145709360955991e-11,0.3944733013704836,1.3701720281474699e-11
AATTGAATTCACTAGA-1,7.670801342273179e-11,4.492263981954544e-11,0.2433526755729075,2.110132925550435e-11,0.24574188825697785,4.0008864866628003e-10,0.4109054356593412,1.7083638596599416e-11
AATTGCATTGAAGAAT-1,0.367960754188407,1.2566357413493292e-11,0.4043145895435142,1.14892603517526e-11,5.1851003330895327e-11,1.4389573461825296e-11,0.42772465613577615,9.138636476957558e-12
AATTGCGGTGCTAATA-1,0.1737725726477321,4.568964634913022e-10,0.44974005368932435,2.3285460122394368e-11,0.08536291702558244,2.4774111996664915e-11,0.49111853454685206,1.2645157594005964e-11
AATTGCGTCAGACACT-1,0.06461687779056434,0.016170302711552693,0.5768678422879441,3.722649574504156e-11,0.1276260440035232,7.158301890244019e-11,0.11471893310214243,2.3252212958887936e-11
AATTGGACGGCATCGT-1,0.2952822350076935,0.2984525338159094,0.5083489239184023,1.493633444347388e-11,0.09791630610402365,1.018663847544958e-10,1.1179136658793104e-10,1.2498197301163557e-11
AATTGGAGACATGGAG-1,0.1003186737394479,8.158876410724971e-11,0.5193520571049627,3.49302766994043e-11,0.03794068746546,4.649775322464341e-10,0.24238858142431377,1.3238226065601104e-11
AATTGGCTTGAGTTGC-1,1.198139815360142e-10,2.2529227048151397e-11,0.3593998235322196,2.3091003051741296e-11,0.16105180024209678,2.1917200767197982e-10,0.3795483759300477,1.4438087107393936e-11
AATTGGTTATGATACA-1,0.04569247290388934,1.4848095709727064e-11,0.4808585900868221,3.034626236148659e-11,0.20713297794286412,4.666483040289851e-11,0.46631595884546406,1.1424001361406765e-11
AATTGTAGAATCCTAG-1,0.1625540843160308,0.023897744450300625,0.24042406888405488,3.161838659957259e-11,0.08565646289749915,6.648243661365562e-11,0.387467639385016,1.7194079458019162e-11
ACAACCTTGGTGTCAA-1,0.07628680517929676,6.344323623108234e-11,0.2584083100298321,0.01071708233252825,0.21598358009520793,0.16801172720608035,0.17059249509517127,2.460985446779898e-11
ACAACGAGCGATCTGA-1,0.02003022486427519,2.3291835543215128e-11,0.16865126695950008,5.4491824667755925e-11,0.15965426433849483,4.45487958095163e-11,0.5516642437318272,1.955982083190682e-11
ACAACGCCGATAGTAT-1,0.11075504221203568,0.04328716200428685,0.4502281637512396,0.014558989348955028,0.1652227024595762,0.03754304713684093,0.07840489289353361,2.0668061830437924e-10
ACAACGTGAATTCACG-1,0.12051290088672102,0.06151517932169339,0.30349884566953356,0.07394122895863095,0.17232156546285846,0.07704567782716952,0.026586652988694278,0.06457794889575484
ACAACGTGGAGCTACT-1,0.05996450778954151,1.823023202738038e-11,0.2446253804549633,2.1162068050026164e-11,0.10861559211115271,2.0135380360763544e-11,0.4989897095656779,1.2672116616880824e-11
ACAACTAACCAGTGGA-1,0.1453011819619542,0.018696390343622762,0.1577649818078937,0.010410412833204393,0.1336395065925951,0.010436829179802258,0.4237506972153744,7.963556800749133e-11
ACAACTAAGGTGTTAT-1,0.08941693675386045,0.012460283528199745,0.4057027696112796,3.304605774287984e-11,0.25839906933349793,0.03827375415240496,0.0957471865871278,2.5646870029913047e-11
ACAACTAAGTGGCGCT-1,0.12402778073464853,1.9305984483357528e-11,0.44301908792726225,1.9210712401492455e-11,0.12788994250268532,6.9302562043206e-11,0.49587090107903536,1.2672237986935644e-11
ACAACTGAATCCAGTC-1,0.027873161713414907,8.891078434425664e-11,0.4632371099729828,0.04153872363853598,0.12419262735397946,0.014765717451705214,0.49621470751819274,1.2672188091491258e-11
ACAACTGTCGTGGATA-1,0.12670479798886708,1.9477330375937785e-11,0.290051180235367,6.085413328702844e-11,0.4270049282416726,3.623778485296516e-11,0.05623909346490173,1.5868657016557635e-11
ACAATACAATCCTTAA-1,0.20215529266970084,1.637922368018087e-11,0.36929163573259455,1.9185412890422734e-11,0.08521619832401271,2.536877413275997e-11,0.5011635570444907,1.2672184007320588e-11
ACAATACACTTCCATC-1,0.17404245782689742,1.7981000666174003e-10,0.3696174318559598,0.014532750254312997,0.2146522144568933,0.03861270286526564,0.0885424424788434,9.654818437653756e-11
ACAATACAGGCGCCGT-1,0.30831251215692435,2.7456569172610058e-11,0.4932842495266561,1.9358726156709496e-11,0.1140650017949628,1.935872211039092e-11,0.19802173274772675,1.2672175488782098e-11
ACAATACGCCTTATTC-1,0.24346451954269693,3.165726854507193e-11,0.550341204573721,3.414471161008115e-11,0.08004419322303946,0.02615008260635246,3.526036782489429e-11,1.588660859302459e-11
ACAATATCATCCGGTA-1,0.006102079880654609,1.4660956604895352e-11,0.26590901929002503,1.5640468279317175e-11,0.1307634311478993,0.3115719486719355,0.48565352057530614,1.2282818587472764e-11
ACAATATGAATCATGA-1,0.12749520618907445,0.04394353187571175,0.3379357434373048,0.025663409950942868,0.18607876206873597,0.10097103968132762,0.07791230622154975,5.88697368713196e-10
ACAATTGGTCGCGTAA-1,0.03637872281196947,2.498355029133833e-11,0.2592099288083607,1.9059570322469002e-11,0.08068710596464566,9.83266197427475e-11,0.5237242423445558,1.483952890787783e-11
ACAGAATAAGAACCAT-1,0.0070460740060109325,2.2101667918315462e-11,0.22946422029528085,3.3345191930945266e-11,0.15126966071921424,2.9873330805246955e-11,0.5122200450377205,1.3782313879131808e-11
ACAGAATAAGATAGTG-1,0.07653449002983967,1.9283162498055076e-11,0.18361266770728235,1.576405923587345e-11,0.1879320950880986,2.08517224914984e-11,0.4977041169455529,1.2672154725838796e-11
ACAGAATACATACTAA-1,0.16722811411955849,0.02252778365680421,0.4458005326474479,2.6191446183212647e-10,0.2644435412084214,1.3915788991694742e-10,2.794706496445101e-08,4.632368897595681e-11
ACAGAATCCGTTGCTT-1,0.062014300692902515,2.8725051356295932e-11,0.5032302268041188,3.832672524103981e-11,0.20663259450015192,9.490724328913786e-11,0.12812287786318105,1.8362953873037768e-11
ACAGAATCTTGATAAG-1,0.15875528840730319,0.003897726886342792,0.4872108714226681,2.9709531076152225e-11,0.06090303141227808,1.7898343473362317e-11,0.4892330813735235,1.2315512502752734e-11
ACAGAATGTCTTATTG-1,0.10175844079004003,8.708373154624949e-11,0.3039597729182677,0.026463854126483867,0.3609490793129427,0.010330142502975852,0.09653871024666874,3.572518920466751e-11
ACAGAATGTTGAGTCC-1,5.5969603231137914e-11,0.12454949608741532,0.3270883587198275,0.0003571385520921162,0.25608287825777737,9.988179999062931e-11,0.1919221281990563,4.920531788946264e-11
ACAGCCAGGCATAAGC-1,0.12210958004205512,0.4392079990703256,0.472006737965831,1.6252253513311993e-11,0.003665812579246356,1.305537520280843e-11,0.16300987025774463,9.907617119516052e-12
ACAGGAACTACAGAAC-1,0.38213158257399804,9.964720994281741e-12,0.4272450994655551,1.1571037998227026e-11,1.6237073524389192e-10,1.3293177701790971e-11,0.3906233177284967,8.541775474649626e-12
ACAGGACTGAGCCGAT-1,0.06866388897876732,0.014338577305986668,0.1246064115530162,3.37313482643914e-11,0.0959247314554723,0.015088728094596564,0.5813776625760265,2.642861779311039e-11
ACAGGTACCAAGGAAG-1,0.17611737662585927,1.9485034278520467e-11,0.41173638577949234,1.18207683601869e-11,0.17022081998213415,1.5091336944663775e-11,0.44192541752059583,9.381960439064669e-12
ACAGGTTCAGTGAACG-1,0.034165487720037115,4.4556819173666626e-11,0.23762846265857526,3.563426048438452e-11,0.3220302050451979,7.196567947318428e-11,0.3061758444237322,2.5504945361510053e-11
ACATAAGCAATGCGGT-1,0.10908768814627308,0.0148905192254385,0.4116618489021207,8.234794827382212e-11,0.2777789624725696,0.013770997600102657,0.07280998355309713,3.7269361924220276e-11
ACATCACTGGCGTTCG-1,0.033591167474301846,0.2761696037113883,0.2992751562522882,1.8466197971753415e-11,0.11613996619182926,0.03233526334047796,0.4424888429654453,9.398880015921638e-12
ACATCGCCACAAGAGG-1,0.010967933340478736,0.18350242790889906,0.3804788441483613,2.9748941959809514e-11,0.16978278402488672,0.15526801062592263,2.7608845079264784e-11,1.416738207667666e-11
ACATCGGCTTACAAGG-1,0.1183867460629817,7.365114030218723e-12,0.41716772208864417,1.9186612232820888e-11,0.31373133713502327,8.587820927874918e-11,0.35071419458480485,6.6221118573653985e-12
ACATCGTCGGTCTACC-1,0.33945761956200793,1.0374967487196395e-11,0.36146877183502457,1.1280701734603744e-11,0.1336553743298619,1.2359702595591799e-11,0.3654182342181476,6.81700580002981e-12
ACATCTACCTGTTCTA-1,0.07712523026176386,1.1114148169559914e-10,0.4932423706058605,2.2957718065531347e-11,0.06339272861645752,0.006966204426974786,0.3017787566274172,1.2672138191688767e-11
ACATCTATCCGAACCA-1,0.008914847110648664,0.041664549250591924,0.1868114118400049,7.790880729758612e-11,0.11530472262855301,0.017027355811889088,0.5302771133058363,1.7908653336094763e-11
ACATCTCGACAACCAC-1,0.10527072550008135,5.698842839457133e-11,0.20096125177445298,1.6078363114374654e-11,0.3002977276505942,4.3567543310583076e-11,0.49855075456460296,1.267217573991739e-11
ACATCTCGCATAGAAT-1,0.09762735973705013,0.04606616112999397,0.3067487606816266,0.030563224775515273,0.2765151742979223,0.12567269950770885,0.01680661976572818,1.1869087704546008e-10
ACATCTGACCTTGTCT-1,0.1604822694560831,0.18816255744851626,0.4130063832143064,5.266430098496762e-11,0.13834878979762238,4.0991308214128146e-11,3.6149173707772626e-11,1.592342702590593e-11
ACATGGATGCGTAAGC-1,0.016240799007690716,2.787466298155453e-11,0.35088924761853263,5.5479792909615657e-11,1.9286517475240674e-10,7.283472524675243e-11,0.5328699530545404,1.733007295669618e-11
ACATGTTCCACTGATA-1,0.1857557641214039,7.927683210777723e-12,0.29271720918711464,1.0680174694635769e-11,0.3331173133255285,2.6496038710184613e-11,0.3884097132968,7.384133755417504e-12
ACATGTTCCAGGACGT-1,0.012991016034889146,2.4436549216021694e-11,0.49517911888811195,1.8674517373737405e-11,0.16381018719423443,3.6097541100897274e-11,0.29377093507898655,1.2672147340490493e-11
ACATGTTGCTTGATCT-1,0.1263204748184964,3.28476598329486e-09,0.2666304174789361,0.008450163621714302,0.1406157100995151,1.1927881876432962e-10,0.3579832304733924,1.175095991231412e-10
ACATTCCTGAGTTCCG-1,0.043716921627804016,0.0019648736020891062,0.3211096111718943,2.0253341174749547e-11,0.030672823299690056,1.3125815241994588e-10,0.5025357712936497,1.2811919427683663e-11
ACATTGAAGGCGGTGC-1,0.1055864196105146,5.538487047256296e-11,0.3815103164266844,0.05541307194349657,0.29365226941345013,1.529015212795536e-10,0.06383792236006289,5.387490696202689e-11
ACATTGAATACGCATA-1,0.08294042488800166,3.011772213363476e-11,0.24753935524715878,1.595269543928315e-11,0.06740524883513915,5.0765449990797945e-11,0.5021256080672153,1.269708693676721e-11
ACATTGATCGTAATCC-1,0.11882990076317737,1.9872832225018858e-11,0.23375940082616967,2.1343977214894714e-11,0.18006974014030178,2.1440945401599446e-11,0.3673409582936999,1.4521822707029214e-11
ACATTGCAGTTCGGCA-1,0.0753685511662296,0.04051179463249755,0.22716678630613413,7.596094806885234e-10,0.20110294124652697,0.03087696810191214,0.3249729576570794,1.4384459940686478e-10
ACATTGGTTCACAGTG-1,0.16108446412254476,1.537569096846258e-11,0.45642349682193667,2.192781816495994e-11,0.1362986959982816,2.3385140525777525e-11,0.44619334294207247,9.868775673438198e-12
ACATTGTACATTCTTG-1,0.24312523813165063,2.2567772820430547e-11,0.32817778925399493,1.6399125867030292e-11,0.06733471184702432,1.7195039178984658e-11,0.2613622609513681,1.3339120247077439e-11
ACCAAGCACTTGCGCA-1,0.13624725314997416,0.038524694209422373,0.5127031096368351,2.3869033050571233e-11,0.18553420456023695,5.0033090391208034e-11,0.02699073846313638,1.4359695574631025e-11
ACCAAGGCTTCGCTAG-1,0.03402379591319875,1.8357546574630113e-11,0.4638867659422299,1.726071990177494e-11,0.2083588058917201,1.7180382639925443e-11,0.49373063140712253,1.2469348363080353e-11
ACCAAGTGATGGTGAG-1,0.32751384142407797,3.914041129288743e-11,0.5087845335451958,3.592382702776854e-11,0.050807221037033765,0.03849899886954952,0.2517019444765541,1.2679392909776264e-11
ACCAAGTGGCTGTATG-1,0.20907490277542445,2.573535997575437e-11,0.4771221340140679,1.710887858203984e-11,0.10281430084884025,6.296663184940392e-11,0.41098866214935753,1.1185091320462777e-11
ACCAATGAGCCTCATC-1,0.0321239981594719,0.06678045989499645,0.20873290171030714,5.885546800063066e-11,0.3373628846311302,0.001758511151570669,0.2532412443836764,3.173805907923701e-11
ACCAATGATCGCGGCC-1,0.05963122157559848,1.8810228148562168e-11,0.17442808987348224,3.338685020886399e-11,0.13234305173412905,8.250019364319902e-11,0.5335976367162993,1.6963176493702112e-11
ACCACGGATCCGGATA-1,0.0185440963236636,4.020981930152945e-11,0.306925591920558,3.888840909642689e-11,0.1028122662800263,2.0635822401724993e-11,0.47171804539120876,2.032332778190876e-11
ACCACGGCCTCGCACC-1,0.06824398865815401,4.396296201500274e-11,0.3542699462900719,2.3484437454500283e-11,0.3610795014225906,2.3706783491444002e-11,0.11640656359985876,1.5164343587311737e-11
ACCAGTATGAAGTTCC-1,0.08027083581061559,0.0166207764475828,0.34172182911194027,1.3295850216235462e-10,0.2455052684933491,1.9206465975777415e-10,0.21588128978255988,4.6342702309736114e-11
ACCATAACTCCTCGTA-1,0.011625564548127158,1.1126534838808672e-11,0.448871623979163,0.0009479067736003422,0.15695300977924312,0.22106300894902203,0.36053888593508815,8.689230921874523e-12
ACCATCCGTTCGAGTG-1,0.03259687843251309,0.04529031010645334,0.31796574442294684,2.831527753804041e-10,0.21060501256280964,0.048105209661843985,0.24543684453217327,2.4519213137120762e-11
ACCATTAGATCGTGGC-1,0.09985888440848219,1.9666355047907397e-11,0.45799726031337007,2.4407128003374967e-11,0.1672843601637075,2.103169383736511e-11,0.17485949515877022,1.4120380948098429e-11
ACCGAAGATGTCGGCA-1,3.325146707643693e-11,3.0928614921258763e-11,0.3515635553730741,0.0004920408311188785,0.16210547796111865,5.472772999574705e-11,0.38587846092342565,1.2681785435426108e-11
ACCGAAGCCGAATTAA-1,0.1063803385545902,1.728951860833312e-11,0.3797461673019312,1.8813871278969792e-11,0.08190941258903975,2.572742984724859e-11,0.39747525439255404,1.2672155610595056e-11
ACCGAGAACGTGTTGG-1,0.08348414640516844,0.06012089619221398,0.39060062243290466,6.367656520618121e-11,0.11258661015792328,3.610051734094908e-11,0.2532077247295787,1.947264930030364e-11
ACCGAGGTGATACCGA-1,2.705296976210753e-11,0.028796866890848694,0.5375248391467132,1.3587121937818437e-11,0.19347150068262198,1.7787402603502842e-11,0.44020679317829636,9.219800882535419e-12
ACCGATTCCGGATACT-1,6.071489375657473e-09,6.226932880623873e-11,0.46890155581188514,1.7283926427795397e-11,0.0786965138643853,0.16838513996755805,0.4840167840452596,1.1653614836980207e-11
ACCGATTGAGGATCTG-1,0.0318746787827815,4.1603393949824696e-11,0.23923419326835868,0.035135731016384966,0.08161342620370475,0.2809311724292637,0.2312107982514974,2.894572625572559e-11
ACCGCAGGTCGAGTTG-1,0.09252320882025282,0.005129755740153698,0.33578698692799086,0.009363270978322315,0.254807069898131,0.06192321547781488,0.14046649193044983,2.391844290328142e-10
ACCGGACGCCAAGCGT-1,0.04757565934697708,0.059065760046650824,0.5246735966848199,4.1111320092262136e-11,0.2332914423012794,0.08157691620571868,0.12115536677003091,1.26721696033132e-11
ACCGGCACCATACTGC-1,0.05479020071134829,2.5367243758353425e-11,0.5012134198218441,1.751638347581005e-11,0.4812168079368795,5.922288407284226e-11,0.009022695622230053,1.2672158113326314e-11
ACCGGCACGTACGAAC-1,1.397251432472133e-09,1.830762794505904e-11,0.1884549477985157,1.9490758837755225e-11,0.20492492445718813,2.41824022811212e-11,0.5066201266366495,1.312666350675331e-11
ACCGGCCTCAGGAGTT-1,0.17162697079821873,0.009972956854404795,0.4148030991479708,1.9207967066470125e-10,0.2520048434460171,0.004864275441332134,0.046727854070411315,6.545697139747764e-11
ACCGGCTATCGTGCGG-1,0.2229822426004066,0.028053988526075775,0.4450919066427689,1.4013958622213434e-11,0.0851726260140569,2.0772411165666646e-11,0.41869923614386084,8.837706140957521e-12
ACCGTACACGACCGTC-1,0.13312567357883298,0.03974422296339508,0.5135240781504108,0.11636688172933163,0.053249420139275465,0.04153033352050708,0.002459389965199203,1.5958204317007495e-11
ACCGTACTATCGGAGG-1,0.0390981355417977,2.6429544792925488e-11,0.33931183667390497,1.986495887648642e-11,0.13627370266815464,2.059448929162028e-11,0.4992754845098435,1.267215182849229e-11
ACCGTGTTATAAGTCG-1,0.09427792139400847,1.0530669277914389e-08,0.1739513933819865,0.01659198658149503,0.4230143199510409,8.236529589902148e-11,0.19216436804694215,3.4109277941078486e-11
ACCTAAGTAGAACAGA-1,0.09504152042764664,0.048887217461939365,0.3585980456285355,0.026043072975619152,0.12501305193556175,0.048401042730631616,0.1837678052334501,0.014248243618877814
ACCTAATGTTACCAAT-1,0.2050216036842011,1.1302691259100457e-11,0.2887048194607617,1.4093495630600217e-11,0.24669421632672497,2.2246973434364823e-11,0.4595793604166936,1.0257978004042517e-11
ACCTAATTGTCGCTGA-1,0.09292784333114412,6.697664943005589e-11,0.41382632296850574,2.172058397815171e-11,0.17427570800712744,5.2855811740844106e-11,0.21897012557436107,1.858082015315992e-11
ACCTATAACGAACTAC-1,0.10218425748721947,1.2673763199937672e-11,0.41931698828923697,1.5391297053775687e-11,0.2071025682087495,2.1993567827206453e-11,0.4713961858821257,1.0771852898881392e-11
ACCTATGCTACCGGAT-1,0.0043805966117017306,0.06765521271722198,0.2900858407952723,1.5741776741696543e-10,0.3478340490113251,0.004258595001494954,0.18578570571343825,2.2095608794053016e-11
ACCTCCACAGAACTCA-1,0.19648268442955188,1.62156316592588e-11,0.4632018015937126,1.2360341142312501e-11,0.3173136459313705,2.3444723650934834e-11,0.22300186793592514,1.0007675044747274e-11
ACCTCCACAGCTACGT-1,0.10029941162124371,0.007539916714066506,0.4001032852438559,0.022468071039452416,0.2395122345228129,0.008160590104682855,0.12191649073399255,3.8775211424394993e-11
ACCTCCGATTATAAGA-1,0.05558888331331914,2.6358212280772373e-11,0.36167138177908,4.268191952970871e-11,0.15883869400975273,1.677769953162092e-10,0.3239010406709126,2.1438040562813157e-11
ACCTCCTAGAGGCATG-1,0.14926215094831016,0.008452942857445966,0.3741489348446133,1.3997195086854635e-10,0.13752996759694205,0.006098814604452966,0.22450718898653008,4.026683761524356e-11
ACCTGAGCAGGACCGC-1,0.042945111030581296,0.16290708313433175,0.4514428902360165,0.049068141725655136,0.10712022118284284,0.08651655258860816,7.696701322490229e-11,4.322981607902833e-11
ACCTGCACTAGATGGC-1,0.09082851295922084,0.04638253380029478,0.4676547020265685,0.00928194290037688,0.1757128002474681,0.09233449337164586,0.017805014652228255,5.838175566806128e-11
ACCTGCCACTATCAAT-1,0.03170175972793754,1.3899022996202708e-11,0.276526236663883,2.273765908540339e-11,0.19354595082057588,2.4883201071348517e-11,0.4926910634586041,1.2672151523824402e-11
ACCTGCCACTGCGGTT-1,0.06437907962938974,0.2302699218328855,0.4270147071723921,0.039279312913542634,0.05077188044323074,0.08828509731823977,3.8597006378580085e-10,3.177905622292319e-10
ACCTGCTTATAGTTCG-1,0.06784269861879245,0.11729819573082245,0.4025666022403975,3.4568751288316154e-11,0.1471844263258008,5.819415966637666e-11,0.16510807705621589,1.4941256552302605e-11
ACCTGCTTGAGCCTGG-1,0.3280583325742501,1.686856203392588e-11,0.39372022520336736,2.1849229227258744e-11,0.1749693139590219,3.179335452868128e-11,0.3032521281737481,6.359130950874196e-12
ACCTGCTTGCTACGAC-1,0.02150777072012337,4.3327579307206736e-11,0.2947010959729616,2.4725057462078352e-11,0.27695525842745705,3.0651519443679647e-09,0.3068358717652349,1.9064413544646907e-11
ACCTGTAACCGAATAA-1,4.0445509965004114e-11,9.898406454920251e-11,0.3182110946472265,5.3848023574796514e-11,0.07067755053382344,2.3871334125355653e-11,0.5111113547225871,1.3981993707497704e-11
ACCTGTCTGCGGTTGT-1,0.02266507335210966,1.689545490514315e-11,0.22651094657947293,4.076486006857318e-11,0.4650279706781391,0.003378595794322362,0.48241741337445726,1.1698484892689077e-11
ACCTGTGGCGCTGCAA-1,0.06006066091648416,2.40497512425854e-11,0.36576681314753895,3.6402829168283637e-11,0.0929906867880665,7.728716662797203e-11,0.38118183902297137,2.046999571206769e-11
ACCTGTGGTCACCTCG-1,0.3080342294905252,2.021148718789838e-11,0.41885742062483766,1.2250331345981475e-11,0.058996618536164065,1.2257552802766015e-11,0.41411173127049405,8.393931898020862e-12
ACCTTCAGACCTCGGT-1,0.12583165479551983,1.935452046779288e-11,0.2556994979939007,1.3360800889103343e-11,0.05211768477053347,3.096472373722155e-11,0.4909306662278971,1.2672139792828985e-11
ACCTTGGCTCTGTAAG-1,2.5120376767788085e-11,1.07921418838982e-11,0.4658311491015329,6.69216625695137e-11,0.11398781225540991,0.19761538756917224,0.4225656509369581,8.475493387800659e-12
ACGAACGCACGAGCAC-1,0.03666591836414951,2.1433566260531443e-11,0.31498574248617106,2.1990284631393297e-11,0.19058620262055018,3.853386126534697e-11,0.35776213682339986,1.309868299445296e-11
ACGAAGCTCATCCTCG-1,0.044491097939276775,0.04290216367577369,0.40686969053682936,1.5388557710104724e-11,0.14324269899023329,0.06628401090246691,0.4917132420459375,1.2671897125243542e-11
ACGAAGTTCCAGCACC-1,0.020061979758179718,2.525615350890635e-11,0.19474602042729222,2.5398390928637002e-11,0.49631049111297265,1.254528298541112e-10,0.40712103529259197,1.2712379561880898e-11
ACGACAAGCACTTCAC-1,0.017872562036495135,0.08713075338732522,0.31604083104777786,2.8476589633732384e-11,0.10584861987321692,4.446234243637049e-11,0.4963951389981795,1.267215975832918e-11
ACGACTGAAGACTTAC-1,0.15133837612629053,0.0018765606811601862,0.44638785705379724,0.0006618850223102107,0.18115531130165605,0.04095283349917161,0.07762717627307385,2.765267125932376e-11
ACGAGGACCTGCTAGT-1,0.15568984451000945,4.466689852399448e-11,0.40503570973279585,2.991782757888235e-11,0.3242136990157095,3.642829387524096e-11,0.015060746644356207,2.010289690566933e-11
ACGAGGCTAGGTGGCT-1,0.0573683511089473,0.1854060431464337,0.49171740085691507,1.8992237680077213e-11,0.1713879395524523,2.2977928383628377e-11,1.2825103497165346e-11,1.267602889611744e-11
ACGAGTGCGTGCGTTC-1,0.21934810889812523,2.4676926620854944e-11,0.48872705947410905,4.2201700186280705e-11,0.028458379937766454,2.430652564577796e-11,0.46346645153107413,1.0386196083421815e-11
ACGATGACTATTAGAT-1,0.14357711126975894,2.2683669060318874e-11,0.40510540829116737,1.4857029901044428e-11,0.069151632392687,2.7513577933418037e-11,0.4929567893817316,1.2672174591242279e-11
ACGATGCGAAGGAGCA-1,0.04964455365273661,1.9447930026799155e-11,0.3780629932714743,1.9447909833989417e-11,0.21794953895603492,0.0002195135395752708,0.49968781060268247,1.2672183104983327e-11
ACGATGCTCCAATACA-1,0.2639170142724262,1.3203802197568084e-11,0.451190803738696,1.1900417896743459e-11,0.04010844495403525,1.5320488610951338e-11,0.4447837369472613,9.482527928449848e-12
ACGATGTCGCACAATC-1,0.07629460371495204,0.023814099661740966,0.2383897472938393,1.880458622209983e-10,0.19280864156610394,0.0719606478915075,0.2967322596519943,4.904909397633561e-11
ACGATGTCGTTGCCAA-1,0.11357814590779049,1.9667888703485074e-11,0.1526629884087299,2.991321479182894e-11,0.11357486403320166,2.680750983407109e-11,0.5201840016530827,1.4650184836859503e-11
ACGATGTTACCTCATT-1,0.4836135869800549,2.0154721684899868e-11,0.4976748251284415,1.86363520006554e-11,0.03677110207196225,2.8349692664523676e-11,0.18194048545243272,1.2137426407130772e-11
ACGCAACGAAGAGTAT-1,0.06968230985793934,0.013237295575589801,0.5550806784252722,5.1888786504529843e-11,0.1303144918712285,5.996809308629578e-11,0.131685224168911,2.1047693603748144e-11
ACGCAAGGCATAAGTC-1,0.0781034692994479,0.0627458512197113,0.5560585676353381,3.354892297966601e-10,0.198954453403442,0.00413765800407969,1.0956748964331171e-10,2.2402779618007086e-11
ACGCAAGGCGTCCAAT-1,0.08669694411860823,1.1594564511285405e-10,0.29730605236752994,3.3199536085330804e-10,0.1884828087625126,2.649181955109965e-10,0.32751419405443427,1.977036307276047e-11
ACGCAATAGTATACGA-1,5.216214887147585e-11,0.17278288182138807,0.40842228680620923,8.977277972992472e-12,0.19180633402288963,0.029713104500407258,0.39727539275956436,7.845465959611521e-12
ACGCATCGTCGAGCAG-1,0.08802335699361595,0.05254550082740029,0.38275584278606717,0.034066798782554975,0.15069512478043673,0.0727545367609617,0.07762354870638605,0.04153529037435474
ACGCCGGCATCACTGG-1,0.051020720205886855,2.4885360253350856e-11,0.5120761990320002,0.011204595978667152,3.3336165900622146e-09,0.04048533779351344,0.3955161322068094,1.267215687388147e-11
ACGCGGAAGAGTTCCG-1,0.0205551942863987,0.002333597783643758,0.37821996321980567,2.286684280185722e-11,0.06887707713451131,2.895555387322431e-11,0.4814432762919622,1.2696895842245112e-11
ACGCGGCTCAAGTTCA-1,0.11256638550210808,0.06869959034053721,0.4017918461267117,3.954894214062924e-11,0.3185520686478537,2.931559952008232e-11,0.2983901091460776,1.171683205311339e-11
ACGCGTCGGTGAGGTT-1,0.07224078002331237,2.609524571074737e-10,0.24809072693320225,1.4738285539756364e-10,0.15705033227980664,0.04427846716469201,0.37833969310181853,1.0325305930949404e-10
ACGCTCAGTGCTATTC-1,0.06425464670907519,4.2969335539874257e-11,0.4851485384651564,1.8592312179984602e-11,0.28565393900009833,1.2043486515019928e-10,0.06494287569619332,1.563118561571487e-11
ACGCTGCGATTAACGA-1,0.1448825174938901,1.8707214074656036e-11,0.4321520936496687,2.5288306699494346e-09,0.2062672201233933,1.5048439564330014e-11,0.41669816613795646,8.536708108051078e-12
ACGGCCGTCAACGTAT-1,0.04947883903510901,4.134722883901658e-11,0.23217232328266615,2.0491909462641272e-11,0.1500093145229958,1.220615078482805e-10,0.4683395230309601,1.541554139430967e-11
ACGGCCGTGACATTAA-1,0.028113277030628697,1.693302874214725e-11,0.47908008368564775,1.820327229266149e-11,0.20328045655701404,1.7237152139639052e-10,0.4895261822981233,1.1948031558918239e-11
ACGGCCTGGCTAAGTT-1,2.3858196735006043e-11,0.12207806654952544,0.512265867574979,1.268204867339703e-11,0.282906756981622,0.05771690317676535,1.2678578856363178e-11,1.267215683114994e-11
ACGGCCTTGCCAGAAC-1,0.16538879328494696,4.980256295374203e-11,0.36531520548038293,3.1314146302572815e-11,0.18639596568939737,0.00152071589673499,0.18137931956787492,2.342596110866716e-11
ACGGCTATGGCATACC-1,0.18269394488500157,1.7954440415171363e-11,0.3147624839329267,1.69562955347338e-11,0.12185654591713324,2.386766807713502e-11,0.34777688060825657,1.2672158302928829e-11
ACGGCTTAACGATAGT-1,0.09457727370842563,1.7458357307503567e-10,0.5389931728814662,3.284386261982792e-11,0.20765167227231165,0.029666805417616987,0.029111075541065432,1.7507230136631306e-11
ACGGCTTATTGGTATG-1,0.11034654599213209,0.05295577879257326,0.2490835617774895,0.024225214999339124,0.16110185512621658,0.03400597279379112,0.26828107038107535,1.5129136624584565e-10
ACGGCTTCAGGTACCG-1,0.15718413052546087,0.0008830550655250217,0.5679803056095596,2.1827416763362308e-11,0.17395250872581522,4.348992628545149e-11,6.447431301932241e-11,1.8257395305942494e-11
ACGGCTTCCATCGGAA-1,0.06542320149855081,2.918137942161323e-11,0.6116767647343325,0.30060828775890974,0.10660168851427092,0.057711237648226534,0.0579788197635559,9.796976150661404e-12
ACGGCTTGTTCAATCG-1,0.2706301929204342,0.06734738028155715,0.4545945555518333,0.039125880784710035,0.06830199044310163,4.5581205325194326e-11,2.8849807456856513e-11,1.5404220911848855e-11
ACGGTCGGACAGGCGA-1,0.11161887429634897,1.4996368341964346e-11,0.5022129387001627,7.346624594951223e-11,0.09182527586302816,0.005887866403337804,0.4884550444438047,1.1891021582020756e-11
ACGGTGTACGGTGCCA-1,0.03674929500211078,2.0274017163928648e-11,0.33024816014742686,1.7567743813950446e-11,0.13306831163055555,2.0175553234305617e-11,0.49320464094710326,1.2672151369083208e-11
ACGGTTACATCCGAAG-1,0.10697959757620232,0.19693877330444653,0.528071685899032,2.5910345487566157e-11,0.11795983814620754,0.11435544956533875,0.08176082206653515,1.2672179394371557e-11
ACGGTTCACCTTCCGG-1,0.0833382603702364,0.005335323371808796,0.4379813590541793,6.198277184295216e-11,0.24042121081664902,0.04721623925449672,0.08570760706670313,2.7590035563636894e-11
ACGGTTCGCAAGTAAC-1,0.1217601382227546,1.2772872253898645e-11,0.46308464458833487,1.2847045598021526e-11,0.12941371399681262,0.2577963442535498,0.012072175255916421,1.2672155005838864e-11
ACGGTTCGTACAGTTG-1,0.27862997737027423,1.035148912182788e-11,0.4986429289299111,3.7184569303835345e-11,0.42272709350726456,2.003409241393549e-11,5.800541360048468e-11,1.0350542413561702e-11
ACGTCAGATTACTTCG-1,0.12906882373732162,0.1349873127060754,0.2864391458889872,8.750141266401895e-11,0.26460698199472843,0.03828929148699788,0.046608444073120064,4.3153654844824896e-11
ACGTGCAATTATTCGG-1,2.156429047193555e-11,4.525539097848378e-11,0.12353787581561995,2.5241734147649814e-11,0.2563191390947066,0.01895040900076393,0.501192576104179,1.4148871134919283e-11
ACGTTAATACAATGAC-1,0.07218095828515003,3.439225852347574e-11,0.32796920876200164,3.439949308607263e-11,0.15544761685190853,1.1027085307041516e-10,0.34440221593005954,2.1903519620624843e-11
ACGTTCACATGATCTG-1,0.3478337967156645,1.866702960052998e-11,0.41751951812869836,7.136871665447341e-11,0.08018763887193828,9.1506447811378e-12,0.3544590461628795,6.828555980826248e-12
ACGTTCACGACTAGGT-1,2.8460589472951703e-11,4.365780082640064e-11,0.2489552478631117,1.550754270494164e-11,0.15135919911092863,0.01050159269457547,0.4939083599830044,1.2672395789478896e-11
ACGTTCCATTACCTCA-1,0.1676444823680676,1.752451729890452e-08,0.3353129500326797,5.04660720376699e-11,0.2543563324803598,0.033653915127895735,0.10903230241226654,2.8403212001505927e-11
ACGTTCGTCCGCCTAT-1,0.20860352023012654,5.1715000274395e-11,0.48416301740985984,1.8815314279341906e-11,0.04403528471108071,1.4044297808653915e-11,0.46319817748928643,1.0590985694528248e-11
ACGTTCTATGCACGAC-1,0.058250086580090586,0.05567270631703714,0.38370284480443306,0.0068656432340065306,0.38620669252412154,0.007889240573982485,0.0014127859251137616,5.6406822628435584e-11
ACGTTCTGCCATAATC-1,0.07414351324533996,3.428865585205414e-11,0.2987719165901997,1.1047413725549803e-10,0.09943319771213652,2.4145084663116622e-11,0.4970022841258594,1.2672147422779558e-11
ACTAATAGTCAACATA-1,0.015186283878531796,3.827269479215818e-11,0.35491385457872815,1.5388957440310848e-11,0.17004172280472896,0.05952201201371328,0.49309199405134585,1.2672175204924576e-11
ACTACCTTGGTTGACC-1,0.10467188064655893,0.025314891615573442,0.49713769907763167,0.015695924480235587,0.22898707469943078,0.0230402529417492,0.005152276459725046,9.298628780564981e-11
ACTACGCCTCATGATT-1,2.2851827492261753e-08,2.4235976066334213e-11,0.26700114305764394,1.6033480364610087e-11,0.2841859548451987,0.059305021953242346,0.48324021612176893,1.2680835778022147e-11
ACTAGATCTGAAGCGG-1,0.12133005513569717,1.0388244251991844e-10,0.5471652130988938,1.6729023071361382e-10,0.14983314658167132,4.242080604581696e-09,0.08167158069371956,1.8419083371315425e-11
ACTATCAAGGACGGAA-1,0.09180029520938991,1.014036869057607e-10,0.23046163461802258,9.427400302271603e-11,0.3238798995200313,0.006706227063422676,0.24715194337107838,4.074844298121907e-11
ACTATGAGGTTCTGTC-1,0.2163824033498426,0.024539509761782638,0.4465393520959492,0.015115501962766823,0.1372800457305982,0.0073649244944021764,0.052778262518560416,1.0067428601418897e-10
ACTATTACCAGGTGCT-1,2.310979122145283e-08,2.1777381537316216e-11,0.210031625124368,2.3783348387706934e-11,0.27764069220434695,4.40629655444563e-11,0.4123276595350019,1.5322606113508487e-11
ACTATTAGACAGGCTG-1,0.15161130500387565,0.3223920933874325,0.43340064355140867,1.1312841880179693e-11,5.261025610133867e-10,1.7997138920846336e-11,0.29259595746376327,8.85135814546785e-12
ACTCAGCTCGAGTGTC-1,0.03424395169993352,0.05684490336591666,0.5618613726989148,0.028337894590623164,0.18105959727161597,0.028988473123701647,0.008663807339784379,1.4413419481728477e-11
ACTCAGGCCTGCAACT-1,0.1434929344022076,0.00645848665108054,0.28532761584677263,0.014334071760909513,0.22175741195879922,0.03233908194863693,0.19629039740524343,4.423131128476308e-11
ACTCAGTAGATACAAT-1,0.0425389333463723,0.005066561402104852,0.32547211698807677,2.991351028125232e-10,0.21937844489404243,0.005055082782324885,0.3024888602724721,3.7418945288747675e-11
ACTCAGTGAGCCTCCA-1,0.2069811079791416,1.531671806272633e-11,0.4801327706596586,1.6907987091744364e-11,0.04393267768454162,2.8881457941294588e-11,0.39986381598483645,1.2672178031520774e-11
ACTCCACGTTCGCTAC-1,0.29840072236069465,1.3279039593500124e-11,0.4203162287724271,1.1745179728573162e-11,0.07532548213212105,1.463249566505681e-11,0.4059575666650255,8.060198396395412e-12
ACTCCAGGCCGAAGAC-1,0.256092708796943,1.8018574917513153e-11,0.47804760483653236,1.7539361882924118e-11,0.05331159810252323,1.5836285757398636e-11,0.41254808812093435,1.0952730099831766e-11
ACTCCAGTAGCTCCAG-1,0.09455579253037837,0.045998242648223664,0.41291551692869743,1.2422836440728347e-10,0.19173936465568664,0.021119924058751228,0.13367115903515375,3.793457136292159e-11
ACTCCTGCGGCAACCA-1,0.07697011682769664,0.15169631875253503,0.3413516322274459,0.0211909477169721,0.19961919686448726,0.0330228637877476,0.07614892376638481,7.214648928546162e-11
ACTCGACGTACACGCC-1,0.04822949162595673,0.049695699806025014,0.4901670262387471,2.5421217580258436e-11,0.2281048942430794,4.223424260108912e-11,0.383802887930435,1.0898271519617955e-11
ACTCGATTGATATCCA-1,0.48994683359202257,2.9528485498903826e-11,0.5007843446039416,1.931663371724697e-11,0.08752282175719234,4.838164495155532e-11,2.3022223795997854e-11,1.2690379893878385e-11
ACTCGTATTGTCAGAA-1,0.055216502630828834,0.01618411595124404,0.2493128683745608,1.6641771222947106e-09,0.26106519045462834,0.048611920627385174,0.2696094001836082,1.2741264093485994e-10
ACTCTAAGCTTGCGCC-1,0.09346183165268279,9.836871917366314e-11,0.5295046208078407,0.055326989998563676,0.09833465915886015,1.051162750471313e-10,0.12337189819918573,1.8698959683301305e-11
ACTCTACTTCCGCATT-1,0.18679027941282092,1.66896007611078e-11,0.4171284615444289,1.983209863137836e-11,0.058413525890409684,2.6488172456223384e-11,0.49413948147151565,1.267218340720519e-11
ACTCTGACCTTACTGA-1,0.07279306655663924,0.07504057365523162,0.378036516325767,2.404821463369678e-10,0.07464991768915717,2.2748672732382103e-10,0.2994799250906717,2.2786370140102395e-10
ACTCTTGCGGAGAACC-1,0.33757769214653727,1.676877429464635e-11,0.29688506585166047,1.1660993956460709e-11,0.10788382102209354,1.7273176508728853e-11,0.4576534208712576,1.0209714228540813e-11
ACTGACGGCGAATAGT-1,0.18678640878122976,1.3365991912346968e-11,0.42501548339421774,1.6049805751116414e-11,0.18315363735182646,4.1189672820084754e-11,0.4050444703691044,8.379907953733513e-12
ACTGACGTGATATTGG-1,0.05053126427601502,2.9601018531045494e-11,0.1977466445598347,7.003651866703743e-11,0.09680077750652054,4.4174591898529265e-11,0.5549213135292029,1.9801838462946532e-11
ACTGACTGTCATCTAC-1,0.01826468566345819,0.16142967587561302,0.38610435577137175,1.378873083089579e-10,0.031042305056612,3.809312846481379e-11,0.4984423118741101,1.2672176260750938e-11
ACTGAGACCTTAGCAC-1,2.6951931753397295e-11,0.3390777762944446,0.45610370888288326,1.3574917620572247e-11,0.37709557181338615,0.027722942909050266,1.806905487495428e-11,9.146288660020482e-12
ACTGAGCGATTACTAA-1,6.972689829366885e-11,2.446934067307198e-11,0.3417442237874157,2.1162198753291512e-11,0.31472596941083847,3.5387486502089045e-11,0.35417462674255024,1.267215126152817e-11
ACTGAGCGCAACTCAT-1,3.214481832608892e-10,4.4933362655545737e-11,0.49772613312597674,4.539561511640755e-11,0.12214883959712615,3.9068514208598726e-11,0.4925469352620442,1.2672174466939987e-11
ACTGATACAGAACGTC-1,0.21157501648042942,8.739352023302946e-12,0.46087247025451195,1.4586390801962818e-11,0.23266697965899732,1.2504730068847314e-11,0.2948855335412888,7.884677812929332e-12
ACTGATACCTTCACTA-1,0.08308208106312072,2.1635759305314823e-11,0.3178957623728975,2.1617995656830247e-11,0.07252721930934476,9.121005322906718e-11,0.4264949371718516,1.5612696865219047e-11
ACTGATACTCCATTAC-1,0.05340877809159686,8.673274670492419e-11,0.23613050408881178,1.1532502929418854e-10,0.15128978841231394,0.2982727442149741,0.16089818497727182,3.339308077962134e-11
ACTGATGTCCACTCGC-1,0.010160300633742618,2.5162057921684536e-11,0.5178182607154211,1.752751022940532e-11,0.35310194836980247,5.3268895887798995e-11,0.04100174861194416,1.2688546806168736e-11
ACTGGTAAGGCCTCAG-1,2.005312913364816e-10,0.1435298366787643,0.4065575174972777,7.258631434438438e-11,0.1832914668356573,4.662828752882884e-11,0.46662117857698654,1.0950969284507669e-11
ACTGGTTCTGAACGAT-1,0.023396620128162827,2.6055701573818117e-11,0.35007502939738483,1.668956676778371e-11,0.1850239477423656,1.9442426893485114e-11,0.48963307143307205,1.2672162296584847e-11
ACTGTACAATTCTACT-1,0.15158308970242795,1.1378625600942819e-10,0.5529696331806436,3.480996361936603e-11,0.18797967508397254,0.007467591367889619,1.0539163062154452e-08,1.8418724235878138e-11
ACTGTAGACAAGGAAT-1,0.06949297256469633,4.2707444952065134e-11,0.4267786773713397,5.4247166409279996e-11,0.12752168295976665,1.6502378244360382e-10,0.27620666693518253,1.4350007488710318e-11
ACTGTAGCAGCTTCTG-1,2.50136687900109e-10,3.439107832392474e-11,0.35423775855074974,1.626041411596038e-11,0.15351680385535135,0.05517254851765396,0.36807725246471623,1.2672141036313418e-11
ACTTAAGCCAGTAGGA-1,0.3084963793850008,1.867904656991153e-11,0.35563630426020687,7.427066035339812e-12,0.20445199981242088,1.1418498967508647e-11,0.33141531648664796,6.153642827268237e-12
ACTTCGACGGATCATT-1,1.957043131479438e-10,5.745284320040013e-11,0.2631769624526995,0.03378745373350379,0.13126964545506595,2.885667223943891e-10,0.47176593781134146,2.8498266025969464e-11
ACTTGAAGCGAGCGGT-1,0.08367739631832917,2.2696812363158634e-11,0.3792527988079016,2.560525830480527e-11,0.19331476591111535,1.169463920508611e-10,0.49412801505451925,1.2672182539988673e-11
ACTTGAATGTATTGGA-1,0.04746079584107755,0.08404520560547019,0.37454737033269636,0.0131796503696055,0.2228776842378096,0.15788929327734733,3.202807568325564e-10,3.545307689060097e-11
ACTTGAGCACGAACAT-1,0.12585365012058644,0.0397078094257371,0.3365990366392185,0.06395801703766214,0.22749745567173627,0.04697655132557971,0.038112163792600955,0.02129531599952834
ACTTGAGCCGTTCTTA-1,0.0366411106139764,6.756193593656425e-11,0.2912500382545752,0.09110985717957648,0.0829953332585016,0.04472067504645186,0.35328298557496796,2.7362138054714097e-11
AGAACAGGAGCATGGA-1,0.4602554765732502,3.834599444316861e-11,0.5067068184442951,2.156970195191372e-11,0.07896700382820795,4.859429129594368e-11,0.06431687688589248,1.2672176081272391e-11
AGAACATACTGGTCGT-1,0.023632447074479347,7.977506077303732e-11,0.22295654788665661,6.513402888222228e-11,0.08690037550250809,6.47852345970366e-11,0.5665106293297933,2.3873126076497507e-11
AGAACTTCGATGCGTA-1,0.08868117074928701,0.10956140196607565,0.5202658227149596,1.1321933335681376e-10,0.18522290524144075,0.046743501708659096,0.24528605593003516,1.267183918467221e-11
AGAAGCAATGAGGAAC-1,0.028341943184252275,0.014729875123965789,0.263319349220948,6.571945816521391e-09,0.39406235647944327,3.819537164156155e-09,0.19954646552201066,9.305226626552043e-11
AGAAGCAGCCTAAGCT-1,0.35404646510705506,1.4757584909683048e-11,0.3988434512053372,9.427466976889845e-12,0.07168259883680404,1.6538912310721577e-11,0.3754274847734638,7.277035974925617e-12
AGAAGCGATGTTCTAA-1,0.11059356823722495,3.592591381713565e-11,0.4551551526777489,2.6939076257432122e-11,0.1302889869077327,2.154548338540046e-11,0.5004083866452342,1.267177748126206e-11
AGAAGCTGGCCTAGTG-1,0.1530215161816491,2.3065107119087956e-11,0.4093137146106434,2.3065105823605967e-11,0.14414058077381717,4.5617035347849113e-11,0.493524187815518,1.2367221308471829e-11
AGAAGGATGGTATGAA-1,0.26533482212549486,1.9487297190049798e-11,0.4997103795984088,1.70043793931372e-11,0.013597121900833701,3.428877990066588e-11,0.30142647960296803,1.2672172108652662e-11
AGAAGGCGTAGAATAG-1,0.13735041380358218,3.149947929363284e-11,0.4286391247485541,2.034140080799104e-11,0.06026574088538872,2.1618757864564987e-11,0.2737447253001909,1.2791012806483783e-11
AGAAGTTAACCAGAGC-1,0.3059098233505796,0.07345016243480952,0.5016017115897644,1.5264894740445506e-11,0.047939358713207286,2.291803886269502e-11,1.3303897236218541e-10,1.2672137749837318e-11
AGAAGTTGAGCGCAAG-1,0.03467180019620578,0.2804824912457231,0.5140247931488184,1.424671977690468e-11,0.3407625192133199,0.029831279802129296,0.00022711620595054313,1.0117357975512636e-11
AGAATTCTGTTGACAA-1,0.16556277153451085,0.004715152154339953,0.3608984538079461,2.379015233194387e-11,0.19613415733280126,9.653469862213106e-11,0.17268946505788602,2.2003412443027086e-11
AGACAAGACGTATCGC-1,0.1377360322276452,0.01419669433023783,0.4885027558569985,1.7852054451815154e-11,0.16785431059916406,3.274643170457702e-11,0.3917102068793084,9.939049268702055e-12
AGACATCTTAGCACCT-1,0.10265928364541624,1.685827522138083e-11,0.2940566815361951,1.7284334122076657e-11,0.1403925000319594,2.5090379766120783e-11,0.4983856199752107,1.2672158450718759e-11
AGACCGAAGACTACTC-1,0.11049437011111159,0.011974867626469847,0.34140698539480524,0.010558454679241795,0.27562832806384585,0.030768606082561926,0.1191683879655929,9.114561543554332e-11
AGACCGACCGCAGACA-1,0.25536447583981753,2.0104247874893828e-11,0.4901754351345621,1.3939535506063104e-11,6.697074351220042e-11,2.174511809825121e-11,0.4544600888386119,1.0266940379239743e-11
AGACCGCCGGCCAATG-1,3.0474121545262585e-10,2.1382888069561955e-11,0.36190982447145004,0.026525744806261648,0.2243204579543546,1.918539360630714e-11,0.49315828113111754,1.2672177297966822e-11
AGACCGGACTGTCCAT-1,0.12846992419999817,1.2375553105856809e-11,0.3735845838439672,8.47749186292496e-12,0.3395241978042113,1.888869660404595e-11,0.35842129409164614,6.64622883754921e-12
AGACCGGAGCAACGCT-1,9.934659181568169e-11,2.5938699862387663e-11,0.2430162005680872,3.3673109625283096e-11,0.13051619426035382,0.004460853104783029,0.5220067519843108,1.4733339090070617e-11
AGACCGGTATCCGTGG-1,0.18344453759803273,1.681281815031958e-11,0.4099957080293416,8.508938534291105e-12,0.2514570888480409,1.061014015925983e-11,0.35510266546842384,6.563753385737703e-12
AGACCGTCATTAGTTA-1,2.9227806070899614e-11,1.4598260957462474e-11,0.44982846745195126,1.5291471713889008e-11,0.49641883622265814,1.8092647751198046e-11,1.530270386903363e-11,1.2672155800267622e-11
AGACCTATCCTTATAG-1,1.693965819262794e-10,2.358907131824508e-11,0.33864740876320926,2.1369214927155805e-11,0.2142015245375679,0.17303073983270775,0.474120326502667,1.1605449151862324e-11
AGACCTCAGCGAGGTG-1,0.037865839855123935,0.05263212307255286,0.2509426465980877,0.039326274334300554,0.1943339441751051,0.06489411722516035,0.2018948467730343,0.05811020797784185
AGACCTGATAACAGTG-1,0.11431608019793382,0.0352217908462797,0.478019373302604,1.0828670034464491e-09,0.23857849387170046,0.03101542292507319,0.0028488377215535148,6.784154645518337e-11
AGACCTTCGCGTGAAC-1,2.3135921996405792e-11,0.23738945062593925,0.2544497101794621,0.22901533803523563,0.10760164603294238,0.01638358657692839,0.33714177200843254,1.2672211963820545e-11
AGACGCGTGATGCATC-1,0.29373753642903583,0.030600179969250622,0.4711313131695576,4.0426345155689543e-11,0.06782280376461214,8.38752700921704e-11,0.036708166550215644,2.2315426720693532e-11
AGACGCTTGGCCTCAC-1,0.04850993669545913,2.3050716863694394e-11,0.48519109805155536,2.067163629994239e-11,0.3015600403845375,3.003807224591553e-11,0.36473892473292335,1.0169843002217589e-11
AGACGGCCTTACGGAG-1,0.11037769329720024,9.240844640853524e-11,0.2189290960008405,0.003264252410073463,0.35597084705217513,6.562706710026324e-11,0.21145811107274282,3.1129821362309496e-11
AGACGTAGGCGGACCG-1,0.2134099238974739,1.3914646048412382e-10,0.5004226814347666,1.3017725026746855e-11,0.03915620252936475,2.620016745000804e-11,0.44701119190347655,1.0031150202944622e-11
AGACGTGGCGTTGAGT-1,0.2995638043237333,2.782197303216185e-11,0.4234113070237301,1.704965415182479e-11,0.15771318595311573,9.85785233415833e-12,0.3193117026271634,6.028940111209715e-12
AGACGTTGCACCGCCA-1,0.07692518630561279,0.001994521425160664,0.20614667515105864,6.993448845990709e-11,0.3805670107384122,2.0783946319406673e-08,0.2343665854839676,5.656851870799968e-11
AGACTCAGACAGATAA-1,0.06636645469294236,0.11511019016145557,0.29840690181620216,4.230917993563904e-11,0.20279363611786222,7.884899087480974e-08,0.21732273831995927,2.7181770837876605e-11
AGACTCATGACCTGGC-1,0.3117508450863824,1.3097014280559017e-11,0.40562505951046773,1.6940581046381866e-11,0.1547369767537158,1.1743817602568328e-11,0.32788711858972314,6.1156444408159414e-12
AGACTCATTGCGGACA-1,0.2571732154880476,1.990649540910077e-11,0.5047129012304595,1.3803015030878966e-10,0.12103588174647632,0.022257852227704048,0.28832236344558626,1.2672232502298463e-11
AGACTCCGCTTCGTAT-1,1.8795975750682832e-11,1.8950395455526113e-11,0.4170566432675935,1.5708794903211937e-10,0.09035167679547905,0.049239011269297805,0.3433526685791936,1.416087923964547e-11
AGACTCCTGTATGGCG-1,0.04067636728384764,2.5216672463569162e-11,0.42752119640337205,2.082468618901549e-11,0.24654439167410758,3.2580608824346014e-11,0.28457793385806535,1.2672150453145133e-11
AGACTCTATTAGCGCT-1,0.0991787847343102,6.889705220772487e-09,0.45545395526172444,5.037712953537556e-09,0.2266854774243937,0.002767488783952086,0.11591428187971409,1.9814424583714658e-11
AGACTGGAACCGTTGG-1,0.09773737080279167,0.010421564718287618,0.29958301712350865,0.010226587726133126,0.28635337617701034,0.016130833811428488,0.17954724957938986,7.663468971180033e-11
AGACTGGTAAGGAGGT-1,0.2649002789659393,1.1707397710308439e-11,0.3572562068826426,7.397985787229768e-12,0.2873202064501493,1.0486238656453811e-11,0.29052330765310425,5.4077210128128145e-12
AGATAACCAATACGCC-1,0.02308308185585536,4.1330046576993776e-11,0.17845677493328607,3.634886311277109e-11,0.12522772609661914,5.695727243281223e-11,0.5732324169815998,2.4525442429471305e-11
AGATAAGCCACTCATA-1,0.038579146102750934,0.0776125132479333,0.5143019669445396,7.503161534146321e-11,0.24528304925132624,2.5295413704384992e-11,0.23038564194252417,1.2672175488502356e-11
AGATAGGTGACCGCGT-1,0.002429799039967806,0.005303334938937213,0.26120641948623774,0.03492576170200098,0.3490362724661967,6.381521857399697e-11,0.24709841226345614,5.648588087740736e-11
AGATCAGTCGATAGAA-1,0.3050129117880817,1.5414672452899697e-11,0.4813044840473757,1.4791424610852412e-11,0.06302179514286882,1.9701569377405925e-11,0.35066080891006696,1.0171234182398938e-11
AGATCATTCACGCTGT-1,0.061970689243333085,3.535899129784371e-11,0.2192653577706958,1.6947428999131473e-11,0.33710843429618365,3.473089683407521e-11,0.5044283126900877,1.2672177345187772e-11
AGATCTAACGAGCTCA-1,0.02370127317791733,1.3679433333859427e-11,0.45234733227864155,1.8258591352050464e-11,0.2642634592868962,1.828144796191213e-11,0.4596879351340066,1.0516007342261134e-11
AGATCTCCGCCTTATT-1,2.648170937903413e-11,0.29828050043893817,0.3848154024623268,7.768380997131472e-12,0.3431195759789833,1.1874311978420656e-11,0.17378452105326236,6.76051140474798e-12
AGATGAGGCGCCTCCA-1,0.034691458439442935,0.03175207752016404,0.3215242663398897,3.495811953337889e-11,0.19085732071307987,0.07650922605239983,0.24466565091302955,2.0440940075011616e-11
AGATGCACGTAGGTGC-1,8.223136568752462e-11,0.17749838595079465,0.47196826157621175,1.6810424806329926e-11,0.01613681810570828,0.08362112724255938,0.45077540696406765,1.0172330208463308e-11
AGATGCTCCGTCATCT-1,0.1470751041543905,0.21319044250726737,0.5790031694990447,0.010218773045945597,0.13617207618484609,3.696608735521527e-10,0.08539597391822212,1.267219540795501e-11
AGATTGAGTTAGGAAC-1,0.08766602677333714,2.071127188181647e-10,0.5658170164001688,4.866223092638823e-11,0.18231414917153244,0.007089481065901643,0.05711332634751956,2.008887203654184e-11
AGATTGCGCCTCGCTC-1,0.09067232240298585,0.04704601170712787,0.27168852111124325,8.657307108397651e-05,0.42020834210300856,0.01656955718199095,0.053728672384874034,4.2981475855334165e-11
AGCACGAGATAACGGT-1,0.06149830421335095,0.016945384336112614,0.575421033639535,1.6296387307309023e-11,0.14604360086485094,4.001889046812069e-11,0.3003081587872494,1.267217464526503e-11
AGCACGATACCTAAGC-1,0.05248152717027855,0.07781966414083541,0.445387710795754,1.629258508026572e-11,0.15871017857676945,0.06995974457004091,0.0956411747717593,1.6246289057310736e-11
AGCACGCTCGATCTAA-1,0.04466127773070047,4.4026923179337374e-11,0.25523382293596214,1.842933050583937e-11,0.08096783578529469,2.937728823312296e-11,0.5191370635309454,1.4762340694472243e-11
AGCACGTGCACCTCTG-1,0.017896705317788707,3.2266297216480156e-11,0.1061596816599002,6.565187499797905e-11,0.10197085508310023,0.09716166793566872,0.5768110899045181,2.581909647022557e-11
AGCACTCATACAGAAC-1,0.06456901390487552,0.06862042029427819,0.4966736641836839,2.7562268763385804e-11,0.10393812655110725,1.3611604735365568e-11,0.466198774938207,1.086516605000958e-11
AGCAGGTAAGTATCTG-1,0.01013082161084866,4.648186270717959e-11,0.5239816038517929,1.8463887268695284e-11,0.06682158675263108,3.275988820309614e-11,0.2990659877966014,1.4125668071395032e-11
AGCAGGTGCAATGGTT-1,0.010118116212807489,1.9050393945586776e-11,0.18690170231755796,1.7452408181232347e-11,0.24995871236153758,1.745240765804971e-11,0.49948531089599124,1.2672150661065045e-11
AGCATAATTCCAGATA-1,0.04895134107563119,0.010729894182827214,0.5166931270923761,1.377761536728205e-11,0.2870074580658531,0.0611268452317947,2.120200795582562e-11,1.267213490291962e-11
AGCATGAGCGAATATT-1,0.1668776835342337,2.9061071745542906e-11,0.5169159315404009,1.2322691888845323e-11,0.020675587262595507,5.206169896580446e-11,0.49553079711136866,1.2322689499838164e-11
AGCATGCACCGCGTCA-1,0.11481740547392356,3.9474274065670844e-11,0.4069722244114923,1.591259985913466e-11,0.018272732098068848,3.9528302811263105e-11,0.4921172374053379,1.2672158488760744e-11
AGCATTAGACGGATTG-1,0.08113409592372428,0.05240612104098299,0.2757363042200949,0.019166618890329907,0.2193756430452401,0.1134358185010423,0.1223473112991519,0.016398087091947268
AGCCAGATACTCGAAC-1,0.058898932591534434,0.08997737337767966,0.3149687803694851,0.03214283354694752,0.3113760813495356,0.06789548547077033,0.024740513257394663,5.328236757068558e-11
AGCCAGATCAAGATTC-1,0.25018876003014345,2.255205124739914e-11,0.4817036688340094,1.6143246859919163e-11,0.09914802533490973,6.372151405295625e-11,0.3689595456363543,1.0198595300220755e-11
AGCCAGCGGCAAGCGT-1,0.24186439809406263,1.0660653281743544e-09,0.30453438032682106,4.5584205336108896e-11,0.30471013152306725,0.006187796759340504,0.04270329218183562,2.709147956598581e-11
AGCCAGCGTTACAGTC-1,0.0048368346224013726,3.3420955297340916e-11,0.23360811246836607,2.110139228761482e-11,0.220111030507326,0.07979327086738243,0.36165075151323417,1.6950555046006513e-11
AGCCATCCGTCAACTC-1,0.11882904995963635,2.4958129382810175e-11,0.45949366851184476,1.1913774776651336e-11,0.16938635517373346,7.078579139828429e-11,0.4522909261941068,9.8047376333991e-12
AGCCGATGTTCTACTC-1,0.015712658024674638,2.268366987926325e-11,0.36649264811396715,3.947434632389811e-11,0.2004481864851204,3.0087524857224266e-11,0.49933442541528766,1.2672174040698625e-11
AGCCGGCCTATTCCAG-1,0.10767866369897544,1.3570679409061297e-10,0.45446872169319363,5.271764890395785e-11,0.18001276520773232,5.44377057963242e-09,0.1578398437698056,2.3551409815583247e-11
AGCCGTAGACTCTGAA-1,4.902676818518235e-10,0.029086211075671,0.4561392476137919,1.3610990129140453e-11,0.3603219324032131,1.3752212161678385e-11,0.35445260835289627,9.21290237140453e-12
AGCCGTAGTGGAGTGC-1,0.07396997282864398,0.3025774439897246,0.36556259225376025,8.130063273820583e-12,0.14381475454434672,8.130062848224448e-12,0.3140752363503168,5.902021607940033e-12
AGCCGTATCTTCGTCT-1,0.07534590284930127,3.6134001552559375e-11,0.3725930077453883,0.04994773344984082,0.13386053295759143,2.724672569134564e-11,0.26825282296364744,1.7426618218731845e-11
AGCCGTATTCAACCGT-1,0.12418512290132872,9.235800255741753e-11,0.2824507593963507,0.022214204788907704,0.19435487473211296,0.04451602997965887,0.23227900808125365,4.5588221109376976e-11
AGCCTACGGTGACCAA-1,0.0400146991115669,2.7107309533712016e-11,0.26688636816018096,3.465967210454284e-11,0.17835143565977502,0.01735783116232344,0.3973896658693858,1.7971995636638975e-11
AGCCTCCGAACTACCA-1,0.11637755332248013,0.11049964216576627,0.4496051295593356,2.108580140835461e-10,0.11716977850206009,0.04510075689994761,0.061247139219875235,1.3477774727753884e-10
AGCCTCGCATGGTCCT-1,0.04250338579207547,1.1294500338795536e-10,0.4765173170686054,1.96132022577662e-11,0.07286152220245402,2.700756358421121e-11,0.39734378634934153,1.2672144916570108e-11
AGCCTCTATGCAGCAA-1,0.04586818025331565,0.00884854651277497,0.4650390421138529,4.2241060531079336e-11,0.3155768025561156,0.06466742856121073,1.9979826413238866e-11,1.524994240796052e-11
AGCCTCTGTTCCGATG-1,0.08066068861884916,0.07009566817162474,0.5058106034475768,0.016413345134695972,0.1438924633289743,0.037245038512601025,0.045882192267413455,5.312160626934705e-10
AGCGACATCCTTCTAA-1,0.02492303744296231,7.688106387114381e-12,0.39908763818972137,9.356222771097777e-12,0.3850732688635115,1.0492895715651804e-11,0.39091605545112046,7.685189319145289e-12
AGCGACCGTTCTATAC-1,0.09262465069641736,0.016973113580057857,0.24648185309510434,1.0539871434226344e-10,0.24505938285830256,0.021948524310790956,0.27691247533060764,4.1287370078733365e-11
AGCGACTATGTATCTT-1,0.051054413137374924,2.023272324455929e-10,0.364237545935569,1.877878195999392e-11,0.07510399337087373,1.473748733254542e-11,0.49893996011867703,1.267214762056475e-11
AGCGAGAACAGATTCT-1,0.1633487250407132,1.9588502793738174e-11,0.2669439895936281,1.958850381531957e-11,0.11545315955535936,6.164568569493263e-11,0.49014441739607484,1.2672160557764345e-11
AGCGAGGAACTGGTCC-1,1.8891751431317932e-11,0.02982067211063195,0.4696620943731313,1.1478667117776315e-10,0.2819519914525111,0.029474918942316315,0.08909033545645156,1.2760139391096033e-11
AGCGCATCGTGGTCGA-1,0.17560079127029032,1.2727204906900279e-11,0.3586744723016974,1.3842739553271733e-11,0.2055844988740515,1.6785165420039855e-11,0.46014023744775545,1.0249338502879215e-11
AGCGGAATGTCGCTGT-1,0.08113921118417565,0.052487569458153124,0.31694674724178257,0.031251075067872204,0.2742552086316745,0.04540880308435639,0.08760710499795962,0.010904280346399854
AGCGGATCGCGGACAG-1,0.031091477855558807,1.6260492516284886e-11,0.3962615425550728,2.006935287697937e-11,0.2557332074551809,1.629742790421034e-11,0.47654447877038325,1.2672185476909258e-11
AGCGGTACGCCGAGAA-1,0.011133622162650474,1.5626772212749044e-11,0.4348569230583955,2.6524892448986382e-11,0.019326940479091406,1.8505234751882618e-11,0.49277987139228,1.2672142627060732e-11
AGCGGTACGGCGCATC-1,0.015604617910756596,2.2911368946541627e-11,0.36308143438776364,0.014328460036734457,0.18948082707034905,1.0467614793234554e-10,0.317504660473314,2.2219421466964236e-11
AGCGGTGAGTGACATG-1,0.05420197994582734,3.514368665164464e-09,0.23569343090687495,0.026991416167206888,0.27159837516153357,0.07460996171796401,0.2369048325500992,5.266698833647053e-11
AGCGGTGCAGGCATCT-1,3.631972980677482e-11,0.21862300542027965,0.36221309566452325,8.506388431611018e-11,0.24018804164736046,1.0144374374148197e-11,0.37897585711063386,7.471431381282577e-12
AGCGGTTACAATACGC-1,6.707825421498112e-11,1.1223205313409135e-10,0.37856411008463603,1.218054812628142e-10,0.3714618503634964,1.911085865034389e-11,0.1499740393316209,1.4254284944499478e-11
AGCGGTTAGACTCGCC-1,0.022503973625893733,1.1016802956499632e-11,0.4551069654161886,1.6384551874864986e-11,0.41256252361861295,2.4681382498654557e-11,0.30982653725624176,8.282534710791413e-12
AGCGTGCGCCTGATCG-1,0.3235183717088978,3.8475406738848376e-11,0.5141483169619744,1.6009511784370152e-11,0.1122658807139189,2.5382063707617318e-11,0.10071861222040798,1.2672162223370522e-11
AGCGTGCTTCGCTCAT-1,0.07418864184675818,2.019006558791892e-10,0.23285753216824318,0.0015365836595002374,0.31189913973408534,0.02487137324209937,0.2546467290995786,5.998963421990628e-11
AGCGTGGCACCGACAA-1,0.07070591226438092,1.9352724679588468e-11,0.2560176659276808,2.080353708533949e-11,0.05966408063437478,3.927228557461958e-11,0.5136123411925263,1.4273597895500996e-11
AGCGTGTATGTACGGT-1,0.21084521041175724,0.07076924111335169,0.5087832240567933,0.026507006103866457,0.07311782664377128,0.009977491560291023,8.127719575176818e-11,4.6356906053452766e-11
AGCGTTATACCTGTTG-1,0.05535746562233615,0.011916478281686814,0.236571723441532,3.7367532687743866e-10,0.2648760706851351,0.012823329857550237,0.318454931665334,8.752905516906252e-11
AGCTACCAGCGTTACT-1,6.07374897709441e-11,0.017562432549072696,0.418072838025682,4.668257818281055e-11,0.22663428928374046,0.046835949464604225,0.19089449057962132,2.1318640017846603e-11
AGCTAGCGTACAGTAA-1,0.16723585135043598,7.736491675480029e-11,0.478714657358827,3.9061855763744917e-11,0.06896474103093307,0.018654973653986127,0.1664297764794324,3.176176310833069e-11
AGCTATAAGTCCAGCA-1,1.0289341873611478e-09,0.01633076192599034,0.24474339275016305,3.505164180990247e-11,0.3524632106855193,0.1890772418962061,0.09738539172846875,1.5683544949707434e-11
AGCTCAACATCGTCCG-1,0.05264430229287984,0.10380605452349097,0.13579191446981856,4.111156388551683e-11,0.11318752801571894,0.03039900340932663,0.4641711972362752,3.2215590924017736e-11
AGCTCACTATGCAGTT-1,0.026819515381678777,2.64751834281016e-11,0.4283410517051546,1.5962774771724693e-11,0.2639187812303865,3.608236008170674e-11,0.48092065147665947,1.1425927858783372e-11
AGCTCGACAGGCGATA-1,3.548962573688313e-11,2.98405497250906e-11,0.28082736201873804,5.205602405197047e-11,0.2392801259778881,7.027443281115893e-11,0.49737246060381396,1.2672155727947118e-11
AGCTCGCATTAGGATT-1,0.0013135019539104887,2.2881696693057593e-11,0.32114898048072316,1.635679070798658e-11,0.1340935272584408,6.813773740663451e-11,0.466881917507885,1.267213756459389e-11
AGCTGACGTAACGCTG-1,0.04773266768017077,0.08132794838721576,0.5350909002272126,1.472310309362254e-11,0.17238500520689704,4.788595342375023e-10,0.06626805345275245,1.2672237233423324e-11
AGCTGATCGGATTGTT-1,0.08390025208399209,2.631742247202218e-11,0.30173727514088644,3.3479462843142235e-11,0.3405590927542509,5.4886348694745264e-11,0.1738033799541898,1.5827868492580958e-11
AGCTGTCCAGATGCTA-1,0.07311060908625351,0.14751405977591922,0.35285823925767146,0.007713323475827877,0.2129274594957002,0.028243659419987948,0.07763264946915036,3.841190048497616e-11
AGCTGTTCCGGTGATT-1,0.27358829095693143,1.6734467037346303e-11,0.3727920535552974,9.48190634638796e-12,0.13954065076535027,2.0991527382684828e-11,0.41407900464089575,8.50149867485261e-12
AGCTGTTGAAGGCCTT-1,0.02566074225139596,0.026898065783173334,0.42509787530631876,4.4496515005283706e-11,0.1001442602328159,0.1323583804888405,0.18984067586622055,4.439353082606133e-11
AGCTTCGCTGCGGTCA-1,0.002664805958135289,0.08430998468655881,0.45717206071460065,0.00035478263951813343,0.2043424367985305,7.440094114823187e-11,0.151155929079604,3.5145675070357185e-11
AGCTTGAGTCAGGCCG-1,0.1882591219326785,0.08076143678732388,0.3137342641742157,0.18758750464196966,0.19007723357317496,9.142131286852084e-11,0.23958043833175413,1.2328760096742863e-11
AGGACCAGTGCGCCAG-1,5.0454425051481375e-11,1.3504574617810985e-11,0.5150219932852803,1.767037774314672e-11,0.2185175866755027,0.011677703457207844,0.45478271644335866,9.98299728643581e-12
AGGACCGCAATAGTTA-1,1.8604932482926236e-11,1.885839134016767e-11,0.2387580146469038,1.0727893136603595e-11,0.19149172342097368,0.34106546160997425,0.428684800234119,8.993929933593158e-12
AGGACCGTAGATGCTA-1,0.0454651258118527,4.455307050588592e-11,0.34203842731622386,9.104730899656935e-11,0.37359921413949826,0.025383742154926604,0.11351349045110624,2.168749426267453e-11
AGGACCTGTACCATTC-1,0.05140849552240139,4.0419009429584507e-11,0.39850857785806837,2.268366316872248e-11,0.1319725352066577,4.041901538322586e-11,0.4982555755409841,1.2672170976127218e-11
AGGACGAATGCTTCAA-1,0.22102512326402965,1.8424472671302067e-11,0.5132611445010229,1.9975272378597596e-11,0.12170271310728854,3.432164246736635e-11,0.18977970251972437,1.2676554056484974e-11
AGGACGTATCGCCGTA-1,0.026604045310665948,1.7678320333466074e-11,0.34496546191647665,1.766712107729407e-11,0.07200072619550223,3.485640220053391e-11,0.4903449560800654,1.2672143631112928e-11
AGGACGTCGGCACGAA-1,0.3279333275898881,1.8296941582341655e-11,0.4604599750408512,1.387575077891126e-11,0.058663481858928355,3.2491790153956996e-11,0.3529432153738645,1.0494851336970372e-11
AGGACTAGGACCGCAG-1,0.16552114729101033,0.10767551443875456,0.3411821477185733,7.747935553373472e-11,0.14781322501126987,0.06945760141658815,0.0683503640266691,3.85090474348816e-11
AGGACTGAAGTGCCTT-1,0.12121881800172783,1.0804635076016898e-10,0.22072153931787597,1.7499241212722896e-11,0.19440234440121337,2.2683631522349618e-11,0.4984131594723258,1.2672161520460045e-11
AGGACTGGATGAAGAC-1,0.48582916124030084,4.710847266450826e-11,0.5177699294741733,2.1620343324154165e-11,0.04231197554411326,2.7425450555317442e-11,4.563353068989591e-11,1.2689326384867825e-11
AGGAGCATAATCCACT-1,0.11120101886225991,1.8825629624369993e-11,0.4140511778617442,3.344993494886291e-11,0.10844045627090382,2.7513587802651373e-11,0.49787410413679584,1.2672177427989533e-11
AGGAGCATCTTAACTC-1,0.03797112413622878,3.329575892564801e-11,0.31607838147062267,2.0653677076793636e-11,0.22779540946516302,4.460033258039556e-11,0.31815508486369787,1.6832348742339663e-11
AGGAGCCGCTGAGTAG-1,0.041868318379944466,0.06655338612709082,0.24192336882917018,7.663536184703213e-11,0.22839788786192525,0.0028212778742878262,0.31843576082949576,4.042350071439581e-11
AGGAGCCTCGAACGTT-1,1.546763213799369e-10,0.00037097028470215457,0.2362430436995926,1.778268786483405e-11,0.12979733004999894,1.646645369189988e-10,0.53358865566596,1.571042727236055e-11
AGGAGTACAGTGCATA-1,0.09408136370895787,0.03240351549587432,0.42043872587635,0.002769945588071189,0.22803082571083308,0.09901244762976077,0.02326317589278393,1.113193473854353e-10
AGGATAACCGGTCGGA-1,0.026939939396722814,2.2793294857128824e-11,0.40774099907970346,0.14717935563772652,0.09889553569040718,2.006194879321352e-11,0.2620811179077057,1.2672148889476921e-11
AGGATAGAGTTAATCA-1,0.0853342835736449,0.0878569356080501,0.35043383105415016,0.010008151230226655,0.2686262461500945,0.055383117075040636,0.04235743528443151,4.23505698075184e-11
AGGATAGGCTCAGTTG-1,1.229741204834243e-11,8.052289850092802e-12,0.35164740199510214,2.4529555315345858e-11,0.2759064360565348,0.2720158820647875,0.3004302798232632,5.551742015218773e-12
AGGATATCGCGAATAC-1,0.09354282164920455,8.182656557983987e-12,0.38830130706877414,1.0503198801738644e-11,0.348020020225213,1.1104186815133003e-11,0.37013585100456464,6.962037322172684e-12
AGGATCAACATTCGTT-1,0.21877602457249665,3.818622934391343e-11,0.5120122262637746,4.190130115584266e-11,0.1672742992301802,1.487510357058602e-10,0.0019374497332036633,1.7563859759804503e-11
AGGATCCGTGAGGCGG-1,0.42609985634961367,2.063932768635779e-11,0.5032743349609932,0.005984645291280348,0.14269735695647162,0.006798463535369418,0.11514534268463696,1.1876220041691277e-11
AGGATCGAGCACCGCC-1,7.116784929281684e-11,6.684390622190259e-11,0.2846760845668552,2.6121749219509544e-11,0.12183999766293765,0.08161278836055184,0.4957619911421676,1.2672148641935575e-11
AGGATCTTAATGGTGA-1,5.130416054911779e-11,3.057306261601991e-11,0.5241710842413881,0.11449313119430517,0.10081402133269748,1.8047193249220452e-11,0.4605217630648384,1.0356674189728281e-11
AGGATGAGTGCGTGCG-1,0.1360975825586094,0.12155892177614701,0.20066355401215472,5.551390848453904e-09,0.16171021486063947,0.0779654679462231,0.20200425281842543,4.904963717052408e-10
AGGATGCTCGACAGTC-1,8.366698616369867e-11,1.4172636667888798e-11,0.3743751499755987,2.2062655450847517e-11,0.18340814146364762,1.7339093412492355e-11,0.34221670904690416,1.2931359940807612e-11
AGGATTCCTTGCTGCG-1,0.09272144923487387,0.03921205804408638,0.359645814031249,2.6993352217153055e-11,0.11484708383277792,0.0662146941914711,0.33270224198010695,1.2672156630279364e-11
AGGATTCTACGCCTAG-1,0.3038850807925719,4.661032374218317e-11,0.5443062284201361,3.934973952720771e-11,0.13823441138332027,1.0804709229139733e-10,0.10287091206386989,1.267217470660435e-11
AGGCAACTAGCGTACC-1,1.393134416848493e-05,0.38365486538990606,0.40730011621291984,2.033432570717987e-11,0.004358146401513981,1.2691833651929167e-11,0.4046729406831999,8.073309524404457e-12
AGGCAATGTCAGCTGG-1,0.04332685307804673,0.3515428979058877,0.46520288145903593,1.4146917852339306e-11,0.14102135654252154,7.159635184725093e-10,0.1989060102611951,7.074401963715906e-12
AGGCATGCATGGAATT-1,0.3199605186689814,1.4325186207937739e-11,0.3818111105142391,0.04895445027778734,0.11181851241947868,1.1815546231588876e-11,0.33745540807466884,6.274908724277778e-12
AGGCATTAAGTCTGGC-1,0.040337513702147436,1.0036821902524506e-10,0.5343384670175935,4.0133528514543424e-11,0.24825392337230354,0.05288657929284205,0.024183516490470087,1.9750987751925728e-11
AGGCATTACTATAGTA-1,0.22885998475325442,1.4867906969417772e-11,0.48880783407730893,1.5934046849084342e-11,0.12831391125889105,2.1259608512651976e-11,0.3540182697303494,1.143113704925753e-11
AGGCCGCAGAATAACG-1,0.21186398480369542,0.01893118800914288,0.42983367904767095,8.448667047447518e-11,0.1506151614200564,0.019716244750208934,0.0690397418611721,4.175255734387799e-11
AGGCCTGTCTAGTGGC-1,0.20229511870449318,0.007162967347528685,0.4740709921377466,0.013902849526685392,0.12428846767778262,0.014856942044448642,0.06342266247251345,1.032495496949576e-10
AGGCGATTCCACTTCT-1,0.015773566216913778,0.04803965673301704,0.45244859372786567,0.06658504366949927,0.14997423511943236,0.052447956231941116,0.11473094832363083,1.843043662873691e-11
AGGCTGCAGCTCAGGC-1,0.4431585066980802,2.7907505817029153e-11,0.215137078931397,1.603833808138179e-11,0.044863054754002346,1.8641602294661206e-11,0.49684135753589576,1.2536846229197936e-11
AGGCTTAGCATTAACC-1,0.03792418039076411,1.3657603240942074e-11,0.546219319175512,0.3713754554181309,0.04965235607172895,2.4948075516374123e-11,0.19482868887836235,7.642297650516457e-12
AGGTACAGCTATGATA-1,0.078531772382626,0.004100849460339968,0.4521239927381687,8.39966069719843e-11,0.3019841131708486,0.05867107699576059,0.004588195104458178,7.899159459978368e-11
AGGTACTCTGCCACCG-1,4.570584583294838e-11,1.9607706695934764e-11,0.3794962993248292,1.2672174298212978e-11,0.22163112064471766,1.9695234179336346e-11,0.49267008033144793,1.2672172166493576e-11
AGGTCTCACGCCAATA-1,0.0011301359284750791,0.09485489638246344,0.4247098642715878,2.17346234795889e-11,0.38542638439965066,2.4963920750846497e-11,0.293878718916526,8.62178689551173e-12
AGGTCTTCCATCGCCG-1,0.17208568759304496,9.054880476912077e-12,0.438482654038856,9.737211578217791e-12,0.18684563618578107,1.3033626025919423e-10,0.40258602200351573,7.941839349921551e-12
AGGTGAAGTGACGACT-1,0.05043926460903778,2.5540686726085795e-11,0.5668098189687675,0.14578854576462338,0.104347941864794,5.376637935468137e-11,0.1450385157373385,1.2672156031985004e-11
AGGTGAATCCACAACC-1,0.07911446284571653,2.420907595731471e-11,0.282375820648412,2.2831808885318818e-11,0.0606670016963807,1.9640159671353527e-08,0.47784269517577765,1.541580240322261e-11
AGGTGAGCAATGTCTT-1,0.05413192079196261,2.454264664695785e-11,0.1456972911468154,4.446643155221101e-11,0.3840394668092866,4.436656374539513e-11,0.3161313211529772,2.0040845098848503e-11
AGGTGATTGGCGGTAT-1,0.10751410302178474,5.069667787256047e-11,0.3922514521168185,1.2799948935397698e-11,0.22803480957841193,1.503453997146083e-11,0.4721996351007483,1.1144525603514925e-11
AGGTGGCTGTCGCCAA-1,1.1838208823041517e-10,1.1042283778801327e-11,0.3314308919439842,1.3646285322436703e-11,0.1088068704084794,0.3386240155524482,0.4211382219147618,8.768958921516185e-12
AGGTTACATTCCACGC-1,0.1358601928647241,5.005921595847801e-11,0.3085951462155097,1.591258216927683e-11,0.045937946463736175,2.138282160724386e-11,0.4962167683870069,1.2672150852297933e-11
AGGTTAGTGGCCATAG-1,0.22515370562030337,1.9011762132518926e-11,0.5091932658730831,2.0248690647630166e-11,0.16718424073315566,3.278601015012393e-11,2.645667867975768e-11,1.2710677351322111e-11
AGGTTCCACGCCGAAG-1,0.027124116836031976,6.411730612518367e-11,0.2412004228642473,1.0065184524288205e-10,0.18662906419207034,0.027685804369358368,0.41736059162811856,1.5482524078228297e-11
AGGTTGAGTAGGAGAT-1,0.03327231305056941,0.010325889270540468,0.3888642483160253,1.6798387499585155e-11,0.19007987007263155,3.02554827290233e-11,0.2774576793080221,1.5070024978380382e-11
AGTAAGCTCGGCCAAT-1,0.22999496268019418,0.01530663477237967,0.3861778916329658,3.7590979125047116e-11,0.22903547747131156,0.08434986159058354,0.2551351718017874,4.9691958355790846e-12
AGTACATATGTAGGAA-1,0.0806905569910541,2.7059404397579605e-11,0.4731367413862622,1.8789778239337584e-11,0.38570523711198085,1.2982690370638663e-10,0.06699084948396793,1.2672149587592801e-11
AGTACCGAACCGCAAT-1,0.09435660645715402,0.0582235775188672,0.13656270073562002,0.007121475648570577,0.1926180140799735,0.060333869110179204,0.3507837563403509,1.2342632685193117e-10
AGTACCGTTGTACGCC-1,0.1846093900946198,7.676383869406193e-10,0.5343533519002719,0.06998246292947578,0.14863903714428459,1.9437527857649244e-10,0.010773711804739393,1.2672141616026407e-11
AGTAGACAGTAAGGAG-1,0.14792253063333083,2.9935604126111566e-11,0.437222790633554,2.5045049194024788e-11,0.03694439798257847,4.776760724771578e-11,0.277910280666491,1.9013602621268183e-11
AGTAGAGCATGGACGT-1,0.1048901924340252,2.4288544823670382e-11,0.43506813171159353,3.25860985206495e-11,0.3031130109792478,2.444124524174636e-11,0.10897626546357694,1.2672153205527359e-11
AGTATTAGCTGATCGA-1,0.12322909299289149,1.906761945706942e-11,0.5229082553816042,2.89021907755356e-11,0.1334350316618881,2.3821796504102585e-11,0.42042761985701455,8.547604227905525e-12
AGTATTCAGCTGAATG-1,0.021292319909489613,2.662365038419322e-11,0.3248808588636361,1.8164084093881352e-11,0.08729111165565438,3.092335666394317e-11,0.493142686886659,1.2672138004743157e-11
AGTATTCGTCGGTATC-1,0.013279134525528234,0.19231797559399494,0.5347332118923854,4.081875050714121e-11,0.1596696779113581,4.035533284595257e-11,5.6723396215267403e-11,1.520409152746079e-11
AGTATTGATTGAGTCA-1,9.934509885736885e-11,1.0129346763795099e-11,0.41564393852594467,1.3773777784842456e-11,0.3734718876199432,1.5659907564018017e-11,0.4108841736854253,8.009973715181996e-12
AGTATTGGTATGTCTA-1,0.08630108995051869,2.395427751938467e-09,0.33996060947071494,2.6106009463431548e-11,0.19596706596456687,3.55133111642395e-10,0.27777123184735225,2.1241026832379423e-11
AGTCACTTATTCAAGG-1,0.04537138028043119,0.0237670382481712,0.509850464059149,2.8104517005266842e-11,0.11756325710763012,2.5239086478233034e-11,0.2034478602731731,1.8466512651293985e-11
AGTCCGTGATCACTAC-1,0.07190450715232716,0.014936555714183633,0.4478657951695315,1.9986685553083944e-11,0.02241497534785147,7.901900510045407e-11,0.4990167628953702,1.2672168030231879e-11
AGTCGCCACTCGGCGA-1,0.07107084454845934,1.7551527909138252e-11,0.3507490560566719,0.4028299083138078,0.05814880530832561,2.7574011957318208e-11,0.3172013853203322,1.2278134599827595e-11
AGTCGGACCGTGCTTA-1,0.3584262733086744,0.029588359366461304,0.5613678783238246,0.05682254794837279,4.3630357373699626e-11,0.0661936696432832,0.06041312383450793,1.267217715548491e-11
AGTCGGTCTAATCTGT-1,0.041440800668108776,3.080047478292856e-11,0.35487556120612584,3.1542497142688774e-11,0.15351230351607661,5.6322473728290904e-11,0.35017133451433946,1.819006913936755e-11
AGTCGGTTATACATAG-1,0.054186843317359776,0.1744760740706896,0.3155646420623166,0.05130679268073442,0.157457682034725,0.03444900302130425,0.1125589627725093,5.672887285379648e-11
AGTCGTTGCCTTACCT-1,0.29190981697785723,7.198865176652512e-11,0.4429330896900674,1.0056386530242454e-11,0.032920693401486886,1.8903766118447633e-11,0.4322363997898925,8.975750950347748e-12
AGTCTGTTACAATAGT-1,2.733941426396219e-11,2.9755702248129236e-11,0.4321952883189833,2.68862142988086e-11,0.41519615139057564,9.399063169091456e-12,0.3526085601543317,9.337374277158716e-12
AGTGAGTATTCTAAGT-1,0.2656515134062618,3.671790788832065e-11,0.4902808972720396,1.9247063645350832e-11,0.018742810721268714,2.011827182513636e-11,0.18905994989327518,1.2672149668986857e-11
AGTGCAATAACTAACA-1,0.05172120262203886,3.463414912665071e-11,0.16713637190822947,2.4881096013873972e-11,0.14056603340960358,6.668039604654087e-11,0.540576391955833,1.846493277540307e-11
AGTGCAGCTTCATCGG-1,0.08705737047245807,3.6756734263614783e-11,0.21955672992457106,0.009451125468287398,0.43166913951012176,3.0640384278649256e-11,0.15226563454889458,3.026135658326339e-11
AGTGCCAGATGCTCTG-1,0.17604769303198578,1.572605300044975e-11,0.48554921025300385,1.9588447444965185e-11,0.05714159011914154,1.9588445405898284e-11,0.20962040877946347,1.267214473678566e-11
AGTGCGCAACATGCGT-1,0.08927730688767127,0.05053254021907542,0.29128085847818813,0.0859834870815983,0.1517109668965148,0.05010902262969744,0.18110581773679327,8.559356528594514e-11
AGTGCTTCGCGGACGC-1,0.13833693283468224,0.09297139013541682,0.4080307110175444,0.0034764502063189687,0.21480778086322772,0.009553256341074394,0.032823478475014926,1.4064997374749957e-10
AGTGGTATGTCCAAGT-1,0.04509313410803654,0.14844923326922688,0.5168226485059496,3.103755616263719e-11,0.14686809492849412,0.009448911389369326,0.059889834672949914,1.2672134523528372e-11
AGTGTAAGCCTGCAAG-1,0.1591196613991465,3.613962351472041e-11,0.3796630427962272,1.5398097394133467e-11,0.020260354230734797,1.7993433696046292e-11,0.4941670546789056,1.2672164175415335e-11
AGTGTACCTCTGTATG-1,3.781842069616262e-11,1.1406729770989698e-11,0.2902574348014178,1.2827985205331317e-11,0.13564055989994137,0.38289952598951726,0.3912024792186938,7.823238723030845e-12
AGTGTCATGGTTGTGG-1,0.08966507357990407,1.8853559572132018e-11,0.19312635929991237,1.5389311129965488e-11,0.12180503839094313,2.124477020656041e-11,0.49784187335597374,1.2672334948390835e-11
AGTGTCGTGGCATGTT-1,0.012408191150051026,2.195698298601022e-11,0.21801961082121143,3.163339479089975e-11,0.1473492511140895,5.830940648184311e-11,0.5222229468678727,1.505101973398586e-11
AGTGTCTAGGCTAATA-1,0.25004336668376637,0.04908699774079211,0.5247355750297212,3.361431850026175e-11,0.07005150856602664,2.1807455960430502e-11,0.1319613202672434,1.2672158122954903e-11
AGTGTCTGAACTGTGG-1,0.12691640506430885,0.10994151579771655,0.5755282404705456,2.937099043937522e-11,0.26717799675790266,0.009571197425865903,2.5172103475484724e-11,1.2712985391276862e-11
AGTGTCTTAAGCTTGT-1,0.11521059643155505,0.008798866608732001,0.48243957190517867,2.4547690563688136e-05,0.28259267439926583,2.571164506589405e-10,0.01093374263859182,7.247283278480305e-11
AGTGTTCGAGGATGAA-1,0.018021168702572497,3.0122169379657186e-11,0.17946924290548397,2.146235377874035e-11,0.17699907625888855,3.2782609207585695e-11,0.5255105121068383,1.5303420865064992e-11
AGTTAAGACTGGCTCC-1,2.8686736796088453e-11,1.9592732760088284e-11,0.20366711875617152,1.457710185840897e-11,0.34029147866576703,2.3943416984598438e-11,0.40555581430598286,1.2672156075862592e-11
AGTTACCTCACCAGCA-1,0.09144926356761941,1.0804580662714252e-10,0.4358277370724799,1.775325850388402e-11,0.1327975436819277,2.6473097078266212e-11,0.4944577734912373,1.2672179452340168e-11
AGTTATCCTGAACGAA-1,0.2554607910897326,1.4741426318822112e-11,0.45566990298707843,1.4722893230406414e-11,0.11358782693505365,3.221095207670282e-11,0.09892343574546579,1.267214006584827e-11
AGTTCAGTTCATACAT-1,0.12389327922207953,0.048059824893684086,0.26414083406723393,0.02387121087011356,0.3417233499269308,0.03155137160102954,0.06676006895690136,6.047500563862595e-08
AGTTCGGCACATACGG-1,0.36714494710246126,1.2888190466707912e-11,0.4439275278430437,1.0185840457680631e-11,0.041344678298120066,1.1747491852004568e-10,0.3475828465916403,7.247563639052079e-12
AGTTCGTCTAGTGCAG-1,0.03613579781905418,0.003705379104469026,0.28486718703564945,1.8319438393119647e-11,0.04847625814111938,5.0612362221674426e-11,0.5268153778721816,1.6246286165386036e-11
AGTTCGTGCAGACCTT-1,0.07555054737093145,1.817972599706314e-11,0.414008691653383,1.6357007947624385e-11,0.2279061689542871,2.2412059555955182e-11,0.4825345915928101,1.2240911646767316e-11
AGTTCGTGCATGTCGA-1,3.64360689793436e-11,4.257416464593116e-11,0.3810318247551957,2.0381099342434607e-11,0.06757276212110307,0.13844328783075874,0.4966799022999475,1.267217199560256e-11
AGTTGGACGTTGGTAT-1,0.11653548659376667,0.022212695975441694,0.2805753840033186,0.03175216914134304,0.31769130913623167,0.05063199739622817,0.08060095755825984,2.0838677994821401e-10
AGTTGGCAACGTTGTC-1,4.415647786611495e-11,2.6961664537191104e-11,0.18561338398089738,1.7332403359674316e-11,0.21948963654532222,2.6942901514354037e-11,0.49826139928723306,1.267268904741972e-11
AGTTGGCACCAGTTAC-1,0.15819265173996394,0.13233668752482836,0.41379006804364704,1.011385903815124e-11,0.08698511391843265,1.2721085374127699e-11,0.40869547871861633,8.091370531933922e-12
AGTTGTACTTAATGGA-1,0.24501148785901536,1.564690430322809e-11,0.46653701067570635,1.2726988437476656e-11,0.026201053082850784,2.3859096197265106e-11,0.46225044823918876,1.0940441625561367e-11
AGTTGTCCACAGACCA-1,0.05771354605142346,3.236128205920461e-11,0.47032297672215856,1.8984763856545277e-11,0.4933132520052497,2.8404361150833752e-11,2.2825686217873497e-11,1.2672142687729208e-11
ATAACCTAGAACCTGC-1,0.38963259840841236,1.9454905827240224e-11,0.4089676533136726,9.846989742348469e-12,5.5577619115968995e-11,1.4103404809320965e-11,0.40139974814860124,8.074670697593514e-12
ATAACGCCTGTAGGCA-1,0.056200228789485704,0.02289911103477116,0.5499565866690715,1.3383883546427653e-10,0.21073269472719636,0.05590292317311255,0.004308455477135848,2.3665225478870893e-11
ATAACTGAACTCCTGG-1,0.20634589925714847,2.0259514863879883e-11,0.381411718152697,1.6347612162117207e-11,0.1128667057227023,3.182368587363505e-11,0.4975958359701961,1.267720665227338e-11
ATAAGAATCATGCATC-1,0.13999815819196923,0.0030217944715809596,0.30517734682057746,0.027044679970978206,0.25364296453201696,0.06910803823762061,0.10200701767300191,1.164259256746052e-10
ATAAGACCAATCGCGG-1,0.16925315489280313,0.02160158556436258,0.586100907136843,7.911468988985486e-11,0.11270602630843873,0.010338321383510683,4.620591150081292e-09,3.407610163472494e-11
ATAAGGAATAGAACAT-1,0.37181001253063894,1.4341579981732007e-11,0.41205971434341276,1.238016717321096e-11,0.03536888725496205,1.236493277398212e-11,0.38076138580657093,7.498049335213087e-12
ATAAGGCGGACAAGTT-1,0.06703228013220508,1.0239818322169781e-10,0.6014631059924699,0.007436600065066231,0.18925727769953232,9.986906147364329e-11,0.03481073590724403,2.6059444023448167e-11
ATAAGTACCACGAGTT-1,0.26293678452103575,3.3272861712697674e-11,0.4966526259738211,1.7236622145887064e-11,0.1014669845505249,2.9729995280636985e-11,0.20760092983687858,1.267216827900226e-11
ATAATTAGTTCTACGG-1,3.9007780577943844e-11,2.3795519931929094e-11,0.2869696434761092,1.1986938108321747e-10,0.15862779210641428,0.0008739550443173464,0.4976450417578763,1.267213968258773e-11
ATAATTCTCCGGTCGG-1,0.10824159115586927,0.05652852912638122,0.2091360547602263,0.0257214911302314,0.17770758106940696,0.056515867955968545,0.19711071380169984,0.06903817101114061
ATACAAGGTCAGTAGA-1,0.042434235799182,2.686166238268631e-11,0.2791206020864279,3.094572721838277e-11,0.1933083754598978,1.429681410931117e-10,0.38513678646410476,2.1170631242353785e-11
ATACAATTGCGGTATT-1,0.17444670105555554,2.1664654051616863e-11,0.5227760448739626,0.0036954490609720243,0.10144196124570919,1.9410611631947284e-11,0.09763988128770848,1.2738616632682664e-11
ATACATCAAGGATTGC-1,0.12268354920938657,1.8462043935359115e-11,0.40344126214969533,2.796377441085988e-11,0.14919677439316362,2.165267457648011e-11,0.22467841426013757,1.4583588752995533e-11
ATACATCACGCCTTCT-1,0.05173608825522603,2.7578829052594663e-11,0.24179169078785237,2.7642071803739433e-11,0.4084211367842234,2.760599493839905e-11,0.1980510841074592,1.860695018928344e-11
ATACATCATGCACCAA-1,0.1630033156254716,0.18963274490213838,0.5257716967335809,1.1183495716777306e-10,0.2945304446388622,3.8453870439518365e-11,2.580220158184585e-11,1.2715483527674067e-11
ATACATGCATGATCTG-1,0.2793301147842129,0.2313436705697708,0.5051419876631511,0.002607724876389583,0.11327836678048105,4.45572927166268e-11,3.778628765580473e-11,1.2672189186968833e-11
ATACATGCTGGTGCAG-1,0.03627963901212316,0.48688053216178345,0.5099367608120303,2.0216620862909797e-11,0.07658514679147682,1.6391206360741445e-11,5.0673477845584504e-11,1.2684672268495186e-11
ATACCGTTCCAGTCCA-1,0.10875381743308997,1.5368938283078074e-11,0.33681736886079866,2.5377713370612624e-11,0.28133773543056295,0.010172191509491333,0.4629188866501386,1.0594133697148376e-11
ATACGACATCTAGACC-1,0.0650664027257451,2.155892438669003e-11,0.17337620841997844,2.8758219297878594e-11,0.13470011026073914,3.45181940175512e-11,0.5268572785693311,1.5214161775761266e-11
ATACGCGGTGAAGCCG-1,0.041437251655999936,2.3098170249944274e-11,0.34654499986616427,1.7423966099532115e-11,0.04843556132836444,0.05383098591856189,0.40975120121943126,1.7423957750737756e-11
ATACGCTGAGATCAGA-1,0.2502748507020092,1.6582936990235383e-11,0.4666954678706744,1.4234883253083373e-11,0.014464604257441928,3.3409460338160084e-11,0.46856507700557787,1.1092506784604279e-11
ATACGGCACGTTACGA-1,0.12960618480433977,0.0275120351538689,0.3960424522754985,0.00837396150765709,0.2307378844697698,0.016600039000196996,0.0911274427745616,3.4131369494991933e-11
ATACGGCGACTGGTCT-1,0.24031930569092644,1.9072745515111365e-11,0.349388966018558,1.2096236522931137e-11,0.14663065832561,1.3757774158055947e-11,0.46366106983642275,1.0792366771228595e-11
ATACTAGCCACTTCGC-1,0.14059635209314472,2.3560024044744508e-11,0.39488253998762995,2.175409941054894e-11,0.17555063083227332,2.4393306365189217e-11,0.4889704767765855,1.2007174633168944e-11
ATACTAGCCATTAGTT-1,0.13362082146724108,0.009566748810631506,0.5692325423549409,5.280304171734892e-11,0.18018048267838185,6.683045081647483e-11,0.007399404576773807,2.211476565385429e-11
ATACTAGTAACTGAGT-1,1.8063191093176908e-11,1.1536347679483415e-11,0.3592082042174572,1.0292892184757006e-11,0.17090117888723028,0.3278844774424915,0.34200613939370017,6.3752233521872645e-12
ATACTATCCGAACATA-1,0.02228765253150623,1.8529338584593876e-11,0.4560637663591294,1.6824460330841706e-11,0.2168189758884014,0.05425978569409776,0.4505698194389861,9.775443554170663e-12
ATACTATGGTTACATT-1,0.0032407857135116516,2.0042474095667454e-11,0.22167510347899957,1.2699967614725637e-11,0.32372731184470876,1.6260454516200634e-11,0.4953383899405562,1.2672160913455007e-11
ATACTGACTTCGGCAC-1,1.762351444742837e-10,2.964153015384888e-11,0.25488695946286755,2.695440381830991e-11,0.1210012412764351,1.1043109170068427e-10,0.524111798987874,1.493701995720381e-11
ATACTGGAGGATAACG-1,0.20575211044155967,0.02980685402257619,0.4098220007600923,0.012108190716180519,0.1791176569473091,0.0035355259007585184,0.05985766117986305,4.960336116078337e-11
ATAGAACCTCTACCGA-1,0.15011969741204703,1.9880103045096027e-10,0.3207414022618597,3.464712308724109e-11,0.3068997054421332,2.3668255027436055e-10,0.12223919441277502,2.5985624124693276e-11
ATAGAACGTTCGATCT-1,0.23341627952286473,8.988707519431164e-12,0.41464021058830985,0.22866114348655192,5.647923060633174e-11,1.8875261801455413e-11,0.3232823663319062,6.284939186025363e-12
ATAGAAGGAGCAGTAG-1,0.11938094378973008,0.050792367440518384,0.2948724044868326,0.03994739749152322,0.23345790592894383,0.07236552427221823,0.0763986055489139,0.01278485105325024
ATAGAATTCTAGGCCG-1,0.11799320798759295,0.059418237504822016,0.2910384435814224,0.16876001169926613,0.1661236956739389,0.059100150912725066,0.030310110527756732,0.007256142124902927
ATAGACATGGCTATGG-1,0.3495039700254546,1.6244498025901337e-11,0.4103751350159548,1.4354384668145735e-11,0.1295502879902992,1.6199353216642623e-11,0.3105706068380287,1.076637673903341e-11
ATAGATGCCTAAGCAC-1,0.13933817464594397,1.0807155526770834e-10,0.3996007716385219,1.769130831183781e-11,0.15303079915324452,2.1543063097027796e-11,0.4962001816521108,1.2672232148972504e-11
ATAGATTGAGTTCGAG-1,6.326841332239107e-11,2.1684892204168366e-11,0.4267064714071429,1.7196580137726728e-11,0.5130545571256345,2.651882124132621e-11,1.9944605176326498e-11,1.267214853899424e-11
ATAGCACCTGCTGTCT-1,0.2810786557016667,0.0022013673000082245,0.5565031007999223,3.394281991541689e-11,0.036358167513236866,3.5770713838726837e-10,0.02385870833238213,1.6860683513507876e-11
ATAGCGGCGAGTAATT-1,0.21586508740008756,1.2233100549933788e-11,0.3063976399641234,1.950438411744231e-11,0.21355362301609074,2.146098926884199e-11,0.46418364949340435,1.0547846314380734e-11
ATAGCTATTCGCACTC-1,0.13340711030664393,9.712032980279331e-11,0.3413235167766597,7.846932624873856e-11,0.2339256743059456,6.658488516411319e-11,0.19134369836666484,2.638655141263546e-11
ATAGCTTCACAACCGT-1,0.10694192492893513,0.01802754896708465,0.491603551900364,2.829323161678337e-11,0.0694676298381594,1.1039768897644774e-10,0.4931885373182432,1.2672170749506148e-11
ATAGGCCGATAGAAGT-1,0.06871993611188135,1.719241030120278e-11,0.2847295433909062,2.1002744492950337e-11,0.04129979389732087,1.7226354840533844e-11,0.5052507267533831,1.3440456052176497e-11
ATAGGCCGGTAATTCT-1,0.07730817447078887,0.08071437449325194,0.3097331811683969,0.05728090273512194,0.16040988465659303,0.05926192389309092,0.09563782277620866,0.05965373581903744
ATAGTACTATGGTTCT-1,0.1280842908914151,0.009303795308959388,0.5309853282902776,2.6938646621056632e-11,0.1492039186199956,1.7781507825600147e-10,0.1468318328805612,1.2672146698762223e-11
ATAGTCCGCCGTTGGC-1,0.08488084567433427,0.019399560966776953,0.537576782965734,2.343792470837714e-10,0.1331205766890396,0.007329443832540964,0.11769278962155391,3.544287728515212e-11
ATAGTCGAGTTGTCTG-1,2.321312470336193e-05,1.5923381520565996e-11,0.2917270101035597,1.5765254340107976e-11,0.1522081723474487,4.0753093661234465e-11,0.4804363663270037,1.2672142742432937e-11
ATAGTGAGTGAGGATT-1,0.1170697683256059,6.229573333989132e-11,0.47454595755020323,3.5015508992817653e-11,0.09369744485033349,8.36375454674361e-11,0.2146868291155889,1.800641598449509e-11
ATAGTGTCAGATGTAG-1,0.017901064990938218,2.830331739904151e-11,0.2005595755759837,3.336124028708784e-11,0.12093900382245777,4.558628999189328e-11,0.5606003555120755,2.1717948383386305e-11
ATAGTTAAGCCTGCCG-1,3.1445975237991225e-11,2.6514968899224495e-11,0.2130464605047325,6.710040228687442e-11,0.1939716374901967,3.0123704360250405e-11,0.49298190187742935,1.7615227445281926e-11
ATAGTTAAGGCACGAG-1,0.07002731358939053,0.0014649870274247557,0.535990107096928,0.04731821254901444,0.08164034614196652,3.9302060664531814e-11,0.16355903372441788,1.3621459888354958e-11
ATAGTTAGTCCTTAAT-1,0.011543823424960941,0.05644027526255399,0.2247230956193735,1.5889440739977683e-10,0.023422368124643326,0.014065935305892948,0.5698045019592528,1.5820359456828794e-10
ATAGTTCCTAGGCCGG-1,0.13683500768539947,3.4412861208949704e-11,0.4597995980661242,3.256614172062955e-11,0.25078300750017896,0.052582386692418624,2.2699558796741038e-11,1.697935692213339e-11
ATAGTTCGCAGCCGTG-1,0.1216249531573121,2.9008184001051576e-11,0.481705794237509,2.9008185551507543e-11,0.15247166025237463,2.673091769135985e-10,0.44419759197782455,9.603379364163515e-12
ATCAAGGAGCTTACAT-1,0.004601252352246069,9.25500715411884e-12,0.4347459402969085,2.0675978838439024e-11,0.3829161615540661,1.1776929400855617e-10,0.3777366456255705,7.25041248632769e-12
ATCAATCTGCAGGACC-1,4.4987905620459845e-10,0.00758477220311845,0.51896302282671,1.694564943359654e-11,0.277843380484803,0.191984158063971,2.2690633344966212e-11,1.2672150919705656e-11
ATCAATGGTTGTACCT-1,0.06794895692000763,4.369709988958842e-11,0.417777471549565,3.566457087926161e-11,0.2516713258286554,0.16260224561269465,2.700956252339159e-11,1.9471907888833208e-11
ATCAATGTCAACTCGG-1,0.08054398450460878,1.9825533392518147e-10,0.5092064474659854,0.021287887459285407,0.20716114704908434,6.240313921644287e-11,0.0818005332607827,2.511647541585722e-11
ATCACCAGTTCGGCGA-1,0.18439624621437367,0.01001058372282698,0.48139686581608,0.009423219229038111,0.0997559424931902,0.013864320418769673,0.10115282207257018,5.0113722731158655e-11
ATCAGATACCAGCTGT-1,0.08060444371162857,6.490185956308224e-11,0.29703738260812285,1.5390943496161614e-11,0.03593715835180129,4.3125908005471826e-11,0.49779208692963856,1.2672111354734341e-11
ATCAGTAAGCTCGCCG-1,0.04154807789361261,2.917605138672671e-11,0.2308116193170803,2.5478878321615768e-11,0.08536000977146838,4.580038529569468e-11,0.5422802929446788,1.7648364541696903e-11
ATCATTCACCAGATTG-1,0.11054350071376823,1.4606202958301283e-10,0.23097557331606047,6.608573381623697e-11,0.3374936314181112,2.0829407748034623e-08,0.22098727349604771,3.424228134190161e-11
ATCATTCCAACTTCGC-1,0.07519491797779455,1.7260949457580184e-11,0.5234977507620507,1.668958169730013e-11,0.26404849960395904,0.14855297223718272,0.10050511176539215,1.2672173564405392e-11
ATCATTGTCCATGCCA-1,0.1046923744163672,0.005833277562854068,0.48073939518098496,0.013024474983537412,0.10605724284499415,0.0005962659736719035,0.1890569690452356,2.3502982883962218e-11
ATCCAACGCCACATCG-1,0.12164953752598232,0.002694865793113918,0.5843700679523505,3.708684062447288e-11,0.1253420655866105,1.334635856737835e-10,0.06594346297298682,2.4576581690797288e-11
ATCCACATGTTGGACC-1,0.03172672198117177,0.12365612463894608,0.5281534253475488,5.57395050204988e-11,0.1255393690466261,0.08623706067769527,0.05723728691823785,1.2672145417771043e-11
ATCCACGACACGAATG-1,0.07555304294993488,3.377816773087667e-11,0.4319028504948892,1.347706176306917e-11,0.26982760781621745,1.136193337514936e-11,0.42271649864459854,8.60678140030225e-12
ATCCGAACAGGCTCGA-1,0.14362204800321868,1.9019569559127778e-11,0.21253700431644038,1.424864833284861e-11,0.2307148228412315,2.2766749434614258e-11,0.3782161757101289,1.2672157591191352e-11
ATCCGAGTACAGGAAT-1,0.06349622921803076,6.278199578338611e-11,0.40984354867640554,3.0967496012213115e-11,0.14364313455695968,1.4550173247161693e-10,0.2830170874231917,1.4066243434040452e-11
ATCCGAGTACCACGTG-1,0.2736554044144645,0.3086747165675994,0.3621389422459236,7.956505657389807e-12,0.041967305934204814,1.0435317386669761e-11,0.21356363080177454,6.04283699080081e-12
ATCCGAGTCACTTGTA-1,0.2144902980827306,1.4080176007651178e-11,0.37357435201811845,1.9095388778186877e-11,0.1335460878794932,1.6241419154557727e-11,0.47838926179291613,1.177118361797068e-11
ATCCGATGACCTCGGA-1,0.062289260509662644,1.7064544738274287e-11,0.4167755954589363,3.444128227534413e-10,0.17599784628994164,2.268369587737454e-11,0.49642305684680077,1.2672182994030645e-11
ATCCGGATCGCCGTAT-1,0.1037925405057295,0.35559730024018876,0.37480489694609387,8.248647640787273e-12,6.062904535724981e-11,2.5703948653059873e-11,0.36580526219092196,6.973996050746221e-12
ATCCGGATGACGTAAC-1,0.1192653660330909,0.04502774374996752,0.39441150384967355,0.0042456766367607885,0.21066656063505407,0.0784643675238857,0.04791878108132834,5.028733038328131e-10
ATCCGGCGTAGTCTGA-1,0.05490649798592511,1.08714061077355e-11,0.5027918363408403,1.907676374344773e-11,0.19824132395833746,1.2161559483822711e-11,0.44406034162049185,9.763285050817689e-12
ATCCGGTACCGTCCTT-1,0.12561060811507874,0.07298672846469006,0.41363530989968833,5.2173388207897116e-11,0.19895921130155847,0.028021110008616738,0.06078703214309028,3.494315502445309e-11
ATCCGGTATCACAAGT-1,0.07852895046558986,3.439736483054714e-11,0.48417308691876604,2.3253970887001695e-11,0.07194641715451935,4.523606387627626e-11,0.2653515453675686,2.151171260221201e-11
ATCCGTAGCTTCAGTA-1,0.2176195182566086,1.799319648419086e-11,0.20430070995679678,1.406809233113311e-11,0.23518441517879402,0.012717713224022032,0.2895089864463895,1.268798279480158e-11
ATCCGTAGTGTCGCTC-1,0.26831157359570035,9.267515552225057e-11,0.4731363145814457,1.5779970315874108e-11,1.0816761965932421e-10,0.01285457244962821,0.4456975390947744,1.0175344320804175e-11
ATCCGTGGAACTTCAA-1,0.022768335138766013,0.00311537003758319,0.19423895452551185,2.8578567202784904e-11,0.14479177706029955,3.1818814221546213e-11,0.5350855632164435,1.644473028728037e-11
ATCCTCCAGCCATTGT-1,0.024911628074605188,2.7110247472282148e-11,0.30629182062544247,1.003884458330659e-10,0.11969982483064553,7.830753264049356e-11,0.4490967262831386,1.8883474476816495e-11
ATCCTCGTTCCAGGCC-1,1.324344955878967e-10,3.4321779131193705e-11,0.5063208587143417,1.4500279282857992e-11,0.49390839020015576,0.06108251931667181,1.2734121073968415e-11,1.2672162097481491e-11
ATCGAACATGCTAAGC-1,0.12323999068189977,3.9194148218776075e-11,0.3010175833913801,1.8734724302909982e-11,0.18113167807556713,1.795448207155667e-11,0.4994405684199339,1.2672174842186284e-11
ATCGAATCTAGCAGAC-1,0.07120298125592792,0.07124395857057562,0.5219136175330363,2.540960882028932e-11,0.2029362024295377,0.0327032401416456,5.253441330503387e-11,2.1737343194295257e-11
ATCGACAGCGGCAACA-1,0.05310707871764449,0.013935907620189387,0.42838946931338856,1.2413370659619443e-11,0.2654289497666635,0.05760837017200001,0.3815302243722216,7.530092979149304e-12
ATCGACCGGAGTATCG-1,6.525186178216701e-11,0.30607424937862876,0.25025807357658425,3.382765065891848e-11,0.08896805700461143,3.234908064496775e-11,0.2546996199160865,2.2267994906716183e-11
ATCGCAATGCACTAAC-1,0.23708767111670448,1.8498672263309835e-11,0.4065960302766949,1.4852754672913528e-11,0.15360517302649732,4.020410171994878e-11,0.40271112547642735,8.083108081867846e-12
ATCGCAGTAACTTATT-1,0.10751790217275627,5.4161376790252494e-11,0.5468792621694784,7.492510560260426e-11,0.14125901989088185,0.056890140127229524,0.0474536755317201,1.859933955825032e-11
ATCGCAGTCTATGGCA-1,0.40350502727014537,0.05337325371677703,0.353724598752098,1.7113124435489215e-11,0.04115742513496832,1.972443918409695e-11,0.3482396950190748,1.1235181334474289e-11
ATCGCATCACGCATCT-1,1.4956047052031054e-10,0.09381736352333372,0.4478582501176657,0.00022546888974703843,0.1627970104698127,0.015201710897513845,0.4801001957694198,1.171731127939963e-11
ATCGGCTCTATGCCTC-1,0.07144391414854907,3.2713226388351705e-11,0.49248748297137285,1.69751357923732e-10,0.10384476090921689,0.05317783261856128,0.47904600896705585,1.1800664729324651e-11
ATCGTAACTACCTCTT-1,0.09205779994855938,0.052000109457314994,0.24039520090488528,0.022681262416060253,0.34848141056312226,0.03672884547702984,0.08427565029142631,0.023379720953642102
ATCGTAATCCACATGC-1,0.03703875934356657,1.8954486784859456e-11,0.33512356201415966,1.6738589825106682e-11,0.23169147550930733,2.2799651512624195e-11,0.4830185653502938,1.2695664291225475e-11
ATCGTACACCTATGCC-1,0.02997694121010885,2.2527157774190032e-11,0.5052071173326651,0.15118094414977884,0.22641117155262555,0.012142556873154697,0.2750812688056716,9.820919334483398e-12
ATCGTAGCATGTAGAT-1,1.387837371576969e-10,1.897761133435857e-11,0.24008478601493854,2.842973044233898e-11,0.22435016178715464,3.7721963645663507e-11,0.49891408275893395,1.2672145845859654e-11
ATCGTATTACTCGGAG-1,0.041867864403346895,0.011439233528678658,0.5085794662761597,1.7287818959782957e-11,0.49114190357436993,0.02542190849046251,4.5802484443751016e-11,1.2691262121033224e-11
ATCGTCACCATGTCAC-1,0.020526924345254893,1.4856994388926156e-11,0.2552644195468649,1.566771400203411e-11,0.10854032262155197,0.07921912120319945,0.49769425461976713,1.2672151823017129e-11
ATCGTCCTAGTACGAA-1,0.09390894249396604,0.009752644181228261,0.33074638346691604,4.2958670249593576e-11,0.2636793496907166,4.3239336069377217e-11,0.20191268011933758,1.647988733611132e-11
ATCGTCTATGATGCCG-1,0.08077800753348331,2.016623803724857e-11,0.10678316417967326,1.8778713034246918e-11,0.22608565703238287,2.177953355921267e-11,0.5015201039432285,1.2672123929682337e-11
ATCTACAGGAGTGCAC-1,0.0351562524336596,0.05622313817336571,0.30062306818890955,1.261494288738463e-10,0.17824782486636315,0.12524340380464216,0.20450631237291225,5.0806381881306454e-11
ATCTACCATATTCCAG-1,0.05246019198703691,0.15940056582758977,0.14580075721256944,2.8266481259850234e-11,0.09401092323969318,1.4243776434730874e-11,0.49917403543285677,1.2672152439012017e-11
ATCTACTCACATCTCC-1,0.23396751476346106,3.016920409210278e-11,0.44103096885709514,2.2943908157621005e-11,0.056924515807205006,2.1241440815315818e-11,0.46807700041304556,1.0827811362869129e-11
ATCTCCTTGCGATACA-1,0.24274033020174604,1.0933232527343943e-10,0.4485218682975106,0.015499545511529371,0.14185349214379894,0.09831697729879502,0.25306778640453187,8.342107822976546e-12
ATCTGAAGTATGCACG-1,0.006950119647798357,3.1363038431730575e-11,0.2804872425857036,3.1147266728829253e-11,0.12403643775068245,2.572319422830639e-10,0.4885261998709315,1.3586127663477739e-11
ATCTGACCGGAGTCCT-1,0.30796460271554643,8.101500965745479e-12,0.33637658617516414,7.496933604943891e-12,0.22151359353166244,1.5690937683676555e-11,0.3341452175283516,6.126107695826804e-12
ATCTGAGGAACGGTTG-1,0.3226263847635889,1.4453285428325898e-11,0.4990781706902058,1.7986717107743007e-11,0.04026108760713342,1.8609384268024207e-11,0.06816869717761871,1.2672144090783967e-11
ATCTGATACTTCATTA-1,0.019626576956817892,1.0803436143967898e-10,0.2323495694395543,2.1895286621781976e-11,0.15572178255700952,1.082773010533462e-10,0.5031873398320258,1.2672109560431166e-11
ATCTGCCGTCTACAGC-1,0.27791690386911616,9.340610510075712e-11,0.403698693927373,1.5163418174414985e-11,0.06529112025837441,1.9711451987238943e-11,0.4530932817476732,1.0427946960832501e-11
ATCTGGATCCTCAGAC-1,0.3831184635970606,1.191181626587423e-11,0.39330999795851845,9.378423468088867e-12,0.032033641760241156,1.0425047609120656e-11,0.39153789662552924,7.64811193539341e-12
ATCTGTACGCGTCTCC-1,0.3204806943824,2.145797562068156e-11,0.4138520431613905,8.95903533415259e-12,0.06624716332430453,1.8004754601340796e-11,0.39942009903634845,7.964921211159754e-12
ATCTTAAGCTCCTTGA-1,0.11104735770671684,3.9635435944042634e-11,0.29201367305195214,1.919934671710688e-11,0.10192584712706602,1.741349460525044e-11,0.4490719678195621,1.2672154524024407e-11
ATCTTAGACGCCTACT-1,0.0789198918345024,2.711497522225801e-11,0.1864689615858561,2.255286988886431e-11,0.1006014259480664,2.135201825742977e-11,0.5340097206026561,1.6193148596063822e-11
ATCTTAGACTTGATCT-1,0.17134696630447369,2.0719377735464483e-11,0.371888899147875,1.9699149757823832e-11,0.06960985418181426,2.365755450385786e-11,0.49591763150968565,1.2672174888855659e-11
ATCTTAGATAGGTTCA-1,2.2871991569733016e-11,1.1186225814925142e-10,0.2393597766014928,0.009256911455499424,0.20020501399177834,0.1218204778358908,0.4991006765733484,1.267217329688298e-11
ATCTTAGTGGCATGGA-1,0.15797050946057695,0.025239004928253796,0.29408763043793573,0.02494914200246926,0.2926933650525627,0.03907582434662443,0.06592853701037467,5.598678071586354e-05
ATCTTATCAGCAATAC-1,0.06181649477085113,0.24200448454461718,0.38984512494830875,2.434544555145867e-11,0.20633389563648044,9.881255710079422e-11,2.4639611420568395e-11,1.5748131159390942e-11
ATCTTCGGACATACTA-1,0.367047615670707,8.712307909539712e-12,0.3921353601186134,1.1157349377190512e-11,0.053677428253752685,1.032427310000655e-11,0.38713959590255836,7.349682869100229e-12
ATCTTGGCTTCGTCCT-1,0.1702905300568081,0.0024603275669721376,0.45280616926018735,0.13085580554650983,0.2484920951443547,0.16750477773664085,0.027590294659451342,7.925876998251376e-12
ATGAAGCTGAATCCAG-1,3.918932198218243e-11,0.09207641862247837,0.3962110245623674,0.1997582979932754,0.11992490644804048,7.8226640636867e-11,0.09202935240666876,1.372698728660822e-11
ATGAATGTATCGTGGT-1,0.0764911971970836,2.458806126669854e-11,0.5074465148934594,1.8703620649290814e-11,0.1848783402816693,1.251157103581756e-10,0.42947100814030525,1.267790212071046e-11
ATGACACTAATCGCAC-1,1.180389774057839e-10,0.14283457578154335,0.3524454164876161,2.2717753913117998e-11,0.18464400752540094,3.641495805395592e-11,0.49594104566871317,1.2672199414210643e-11
ATGACCAGACGGCCGG-1,0.017845404233286254,1.6565974355910144e-10,0.37879522989557973,0.01560885361336687,0.09762853314014874,0.016510549107200297,0.37361142969228406,1.6556769961870527e-10
ATGACCTCACGCACTG-1,0.05463824989994866,0.10994103422956153,0.5229100014802898,1.076364770634628e-10,0.18773836511938546,0.02477234914535018,2.8861019392295463e-11,2.109050249014036e-11
ATGACCTCACTTAACC-1,0.49366536567494296,5.804751934261696e-11,0.50118081328392,2.354043750390185e-11,0.01471496679694478,1.9940679360223064e-11,0.05103105953334083,1.2672163794706543e-11
ATGACGAGATCATTAA-1,7.7650803741472e-12,0.026793726903314486,0.5434850208488067,0.154201286868528,0.15716346176789872,0.01603949487431066,0.3023170087022229,7.61692489717421e-12
ATGAGCATGGCATTCT-1,0.06670223288101985,0.052202962201711015,0.24954336142381,0.017591404822370794,0.13105404721606018,0.03508364464461058,0.34522372568615095,0.0025986211390665666
ATGAGCTACATGGAAG-1,0.02507997273377981,7.705250721644301e-11,0.4073144182083267,3.649630936961334e-11,0.33902266615855603,0.012013464194864699,0.116569478650195,1.5267242798497078e-11
ATGAGCTACTGGACAT-1,3.1651230984100795e-11,7.291988270853279e-12,0.39704809264360025,0.21190259569875883,0.27651899247061945,0.07402340026486819,0.24050691887057388,4.8308918679231884e-12
ATGAGCTATTCGAAGA-1,0.13301472323305588,0.07418267389084748,0.5400102060246819,0.15044828646757505,0.142672928635269,2.807109372402434e-10,0.1596711812665413,1.1877684631173442e-11
ATGAGGAACGACCAGC-1,6.241820257518956e-11,3.0933878813789844e-11,0.5176625499925185,2.293450525517121e-11,0.24909048120857916,1.3212652223803087e-10,0.24065516818993996,1.267215125593586e-11
ATGAGTACGCTTCCTA-1,1.952119321223889e-11,1.6126248209954136e-11,0.22855720092732063,9.643086739666393e-12,0.11420787628613899,0.4202278966629206,0.4370070260369358,9.104905410353375e-12
ATGAGTCTTAGGAAGG-1,0.12111315651607683,2.0851728991413394e-11,0.24330939434678361,1.4079413564481862e-11,0.09695493505489082,3.517927791008111e-11,0.4953702864935147,1.2672155344449384e-11
ATGATAATGCACGCAC-1,0.03316619866951334,3.54084559899429e-11,0.49843718243929924,4.456149408165544e-11,0.21222036742392092,3.9494489984302055e-11,0.15617625138475025,1.6601945684369642e-11
ATGATATCTAGTCTTA-1,0.15699005904975957,2.964375497385302e-11,0.30428796997454854,2.7460669959470438e-11,0.20129569137072886,3.622497157751089e-11,0.23742627952933665,1.9052839446938085e-11
ATGATTGATTCCGAAT-1,0.12341328767594806,0.07855246032347932,0.3300381582176987,0.034185393079648206,0.17805812533589965,0.05693791600470624,0.06703952572451807,0.03177513364989569
ATGCATCCTGACTCAC-1,0.1226941955852399,2.8273808167708463e-11,0.5042694899398392,0.004263269147454216,0.08125561991709537,9.132978120296978e-11,0.34114103483142966,1.267216887604918e-11
ATGCATGCCTGCGATG-1,5.83919592520032e-10,2.5064070601033413e-11,0.33740130097819443,1.5820762395624456e-10,0.08787649725759739,0.00446413469811402,0.49864374178504867,1.2672128069973231e-11
ATGCATGGTTCCGCCT-1,1.0792615927827077e-10,2.470140172439567e-11,0.203090493338242,1.8216407759097357e-11,0.22750880450563693,1.9050375181955144e-11,0.5002173708718507,1.2672143079726843e-11
ATGCATGTATGTGAGT-1,0.052544910848628563,6.384853798814005e-11,0.2543205878379953,2.046130718649119e-11,0.25678899124245186,3.600377583259114e-11,0.33634551000261115,1.55923141375522e-11
ATGCATGTCACTCGTG-1,0.1988696027027433,4.403143697953418e-11,0.4352874843069807,1.0849760697061312e-11,0.008838779391095935,0.1288555889678007,0.42814854453443485,9.041390627384483e-12
ATGCATTAGATATCCA-1,0.15749397068336998,2.2504644094198855e-11,0.4873143176041082,2.437560601004733e-11,0.0688314902194183,2.635419190767502e-11,0.48636022125854195,1.1682847377417078e-11
ATGCCGTCGATAAGAC-1,7.396285978028349e-06,2.1775309178253804e-11,0.22714080618912197,1.877881785775036e-11,0.2982080259546365,0.0035257741198503195,0.49975896797222913,1.2672163270944672e-11
ATGCCGTTGTGAAGCG-1,0.2280318518225842,2.647201756781584e-11,0.36065558259900493,1.62604746707253e-11,8.313392856419875e-11,3.0788435602269596e-11,0.49721991157944795,1.2672173383842462e-11
ATGCCTTCGTAAGTTA-1,0.12211967313536215,3.7192623282679124e-11,0.3988952745273426,2.746655514029869e-10,0.23891065326246333,0.02122601800554053,0.11884838075341142,2.753597372160296e-11
ATGCTACTGAATAGTA-1,0.32197530302569344,1.1281594393215156e-11,0.4203262491695368,1.0983807561142194e-11,0.04322976562569346,2.493217748193765e-11,0.41446868209976706,8.343057381307406e-12
ATGCTCATGCCTGCCT-1,0.009062604601054104,3.462585756458473e-11,0.17359531590049337,2.3358139069567598e-11,0.16422291201843955,9.800126744576258e-11,0.5531191673421497,1.919497272303073e-11
ATGCTCCAACCTGGCC-1,0.07188683366011758,2.34711631015646e-11,0.45449001381115767,1.894216635033018e-11,0.11205457421976768,2.280942272320684e-11,0.4891973760133968,1.2672175765605018e-11
ATGCTCCGTTCTACTG-1,0.05883225441445074,5.6346318338499443e-11,0.3138480095966078,5.4990339615356774e-11,0.5067366237606001,7.570946609669915e-11,0.020583112050731336,2.1573795886046e-11
ATGCTGAATGCAATAG-1,0.08781398542750939,4.2959994987333903e-11,0.393126513326396,5.240870386578933e-11,0.21578093797691444,7.936275573926537e-11,0.20327856311000128,1.9708767490672264e-11
ATGCTGACAGTTACAT-1,0.020705932930939256,1.1252559809015005e-10,0.4496633794929243,2.010983964883697e-11,0.2129696864137728,1.7994311483980192e-11,0.44505959831384406,1.2672176347062686e-11
ATGCTGCCTACTGCAT-1,0.0006065714822595411,0.22313659349943482,0.5107849670400962,4.4352734003855795e-11,0.11287206411167337,1.1162407551634546e-09,0.052599802747496704,1.5947089386923503e-11
ATGCTGCGCTGTTGCA-1,0.20342657369997116,8.634063975058715e-11,0.30980938272063907,1.8734736016471017e-11,0.131715952319986,5.0006085696076155e-11,0.49211286983071495,1.26721801764335e-11
ATGCTGCGGATGGTTG-1,0.1612635672760387,2.056312156968012e-10,0.4198389803746463,8.990102130293623e-08,0.11746543610600788,0.04110098348207077,0.16033094258461458,9.238625343540679e-11
ATGCTGGCTTACTACA-1,0.05137619132055203,3.3999707407908924e-11,0.39739019104651296,2.0278586675684194e-11,0.27090445335105323,4.10154233721519e-11,0.4803291640769662,1.1221443266926505e-11
ATGCTTACTCTAGGAA-1,0.16008066125743295,0.05313604669017253,0.3601841478652427,5.760168815009676e-11,0.15916392604227986,0.01603682451934584,0.15139839357939577,2.1201582816615122e-11
ATGCTTGGACGAACTT-1,0.03571932194571248,2.315359314800429e-11,0.5149710611042188,4.641766016813278e-11,0.19226792984870858,3.405800702913824e-11,0.1570416872362756,1.334329060996314e-11
ATGGAACGATAGTGAT-1,0.02830944520802477,1.3467279818464345e-11,0.3776602908940586,6.947138768471703e-12,0.29787554655390847,0.24286369735761046,0.25329101995240494,5.094043210641161e-12
ATGGAGCGCACTCGGT-1,0.201776027769686,0.2334096759508756,0.430954081211056,2.049945162244623e-11,0.1496468040982822,4.1215844137722e-11,2.823793807447152e-11,1.2672156988852699e-11
ATGGAGCGGACCGATT-1,7.190866961390278e-11,5.2194483523087034e-11,0.3212993500074925,2.1162168847209517e-11,0.14664517556578524,2.1162168064431805e-11,0.49921968963450064,1.267214681345495e-11
ATGGAGGCCACGGCTT-1,1.1791742790403545e-10,2.7678581589007105e-09,0.3359266869683897,1.5232192401996162e-11,0.2033787481568206,3.125735336439826e-11,0.49481913487214957,1.2672162916586133e-11
ATGGAGGCCGCTATCC-1,0.014522104913946704,0.011741530703060114,0.3316457809697053,0.03426176969158388,0.29169113921473205,0.104965340001829,0.11117233435634924,1.6261208315626012e-10
ATGGAGGTTCACCGGT-1,0.30737795044892,1.0612235113395535e-11,0.34740562858520335,8.200421188863337e-12,0.2158417966074051,8.192965763728595e-12,0.3293746243135426,6.1017418384103135e-12
ATGGAGTAATCGGACC-1,0.2309026450914781,3.320230239011373e-11,0.46375714261989165,1.8035663548679557e-11,0.043811486092957055,2.337427804409022e-11,0.4615287260414996,1.070244707628143e-11
ATGGCATTATGGCTCG-1,0.02880509435668017,0.22026051551944104,0.5505701648071036,0.3720632071447953,0.028300998778729325,1.9332552109223517e-08,4.051458500989965e-11,7.431284777672236e-12
ATGTAAGAGCCACCTC-1,0.17152394777530236,1.8185710440104458e-10,0.5591986319926703,3.9116745750861085e-10,0.11433862949277226,0.026441885909765483,0.02849690427723685,1.8668994627688817e-11
ATGTAATTGTCGTTCG-1,0.08934809428179191,0.017158859387134316,0.3871913930357288,0.039467362820939066,0.19592856430671404,0.09132968673438382,0.07957603919025566,2.5637599695037685e-10
ATGTACATGAACTCCG-1,0.31896718760883147,2.6612094736527052e-11,0.5153297199078101,1.7954476368261635e-11,0.20360178765189238,6.972432802075935e-11,0.03387420524972094,1.2672169943606618e-11
ATGTACCAGTTACTCG-1,0.07618319447945777,0.0573491007466459,0.5362074969638698,3.053087397237271e-11,0.2302602077154339,4.533436087421066e-11,2.3325619880662126e-11,2.3390391592319514e-11
ATGTACCATTATTGTC-1,0.025580426252387392,1.864423540980135e-11,0.19536165768963484,1.604029528290254e-11,0.17046457718859354,3.001476524958305e-11,0.5085933389660766,1.3523051108353842e-11
ATGTACCGATCCAGAA-1,0.09326296240960255,1.7619491417381517e-11,0.23310326725682554,1.8661613847449882e-11,0.14459839906038854,3.5387440499549044e-11,0.499079677412936,1.267215402083488e-11
ATGTACTACCGACTTC-1,0.20457670804783998,3.150888235507399e-11,0.5392797357146354,0.06111129390271816,0.3293030389571305,3.140644294376236e-11,0.06572922324180783,1.053339018755733e-11
ATGTACTCTGCAGCAC-1,0.04388209794452199,8.473572525765036e-11,0.28547478749118793,0.07290607108166787,0.18239118989683525,0.01242824852185184,0.302917604976873,2.6067478355201124e-11
ATGTAGCCGACCAAGG-1,0.17337352397535763,1.0691994841045289e-11,0.4325213344487477,9.724719278586297e-12,0.2084766182729037,3.931603437611809e-11,0.3856285232175463,7.474611980356607e-12
ATGTAGGTAACCGTAC-1,0.09586614851141184,4.2210325021116786e-11,0.45921612592167316,8.965970225518157e-11,0.24926206705897516,0.012380199488071963,0.08327545888299866,2.8091642857794368e-11
ATGTAGGTTGGCGAGG-1,0.27399701462030635,0.13283315197080336,0.4236325265748137,2.6547361907608362e-11,0.0026636994854253217,0.0019902437624188052,0.3648833635360358,7.034654392828808e-12
ATGTATCCAAGGTGGC-1,0.08447427064761917,0.08917538419701035,0.3035758994031365,0.02447169465356672,0.26909460821037584,0.047202209616157564,0.08200593317635835,1.1013768696455036e-10
ATGTATCCATAAGTTG-1,0.07877988891360796,0.2350386980638438,0.3887094444703901,1.051783813164317e-09,0.12324348705812727,0.0742284797863882,5.914107600718996e-10,7.954805106484284e-11
ATGTATCGGAATACGG-1,0.1475959822205748,2.4632829788796945e-11,0.5579000814348075,0.12846528713774868,0.10444464174849988,2.4675371752878864e-11,0.1968821360547923,1.2672177264432869e-11
ATGTATGAGTACCGGA-1,0.15132368986510036,1.3603155162127367e-05,0.3875586974535226,3.77264846512756e-09,0.16404030394865013,0.04149473474152838,0.15556896697790337,8.054802983381467e-11
ATGTCGGATAAGCCGA-1,0.10463149643002286,0.0029855242359766673,0.33697071178353943,6.287437055135934e-11,0.23851868439144572,8.046140909258366e-09,0.21689357502279874,4.6065243507428314e-11
ATGTCGGCTGTCGTAA-1,0.06869925019546379,0.08535770668452193,0.3175032889898787,0.06334967762938529,0.09040942422899556,0.06434077124772464,0.1357845658970433,0.0745553151377397
ATGTCGTTACCAGACG-1,0.011661180085584059,0.07150761477030128,0.18624046262457794,0.018352252845034712,0.12003007190606194,0.008088581981079618,0.484119835771397,3.5418036267057376e-11
ATGTCTGCGTTGCAGC-1,0.01710645283321562,3.634154575975925e-11,0.24640690029695608,2.5488324022623308e-11,0.14746486420745575,0.11062802152478703,0.3783937611085553,1.705859886663322e-11
ATGTGAATCCATACGA-1,0.03222223287581195,0.04666847220040214,0.5004490392961292,0.04305444162516435,0.22105753836047068,0.056548275513341156,1.254877949403871e-10,2.714658566887421e-11
ATGTGAATTGCTGACC-1,0.10357438082923272,0.07361310163308454,0.33290856542090197,0.04998879407693486,0.2030162734392858,0.09573503923099307,0.03088539034707635,0.010278455034980476
ATGTGCCGGTGACAGA-1,3.660855603150489e-11,0.16417018494964739,0.09977194768967836,0.024580520092991238,0.3825878851595614,6.816507939659779e-11,0.22888946212752856,1.404166855537076e-11
ATGTGCGTCTGAACAG-1,0.39021465538054273,1.6658410692025837e-11,0.4166058155398186,9.566310100861778e-12,1.1315916411055415e-10,1.0989949626526495e-11,0.3931795289020533,7.710897722464135e-12
ATGTTAAGATTACTGA-1,0.10166007378957581,0.08102129049351026,0.462342190790077,3.0508131936659744e-11,0.21489900595394015,7.944702759166072e-11,0.04007743889198527,1.7272885559526124e-11
ATGTTACCTCGTCTGT-1,0.08542612949062611,2.214251088257685e-11,0.22269003056322276,1.9941440334457648e-11,0.1714291166081637,2.8405993854826813e-11,0.42131486953434005,1.2655756878801327e-11
ATGTTACGCCATTCCT-1,0.02621083650620386,1.9329240690780856e-11,0.24417687757246748,2.7580657013945782e-11,0.21585800904040736,4.812451117044037e-11,0.4137542768564825,1.487810826646266e-11
ATGTTAGACTATCTCA-1,3.7716065274884336e-10,2.427031955971589e-11,0.30142062784804136,1.9316380941371754e-11,0.1560969704513692,3.299083203245771e-11,0.49870099141068636,1.2675949256639722e-11
ATGTTCGCAGAAGTCT-1,0.2572222624236328,1.3049260075974713e-11,0.3506439330368261,1.5270067299607308e-11,0.12897863147252084,1.5270067259246633e-11,0.46315517295496916,1.0401863623462837e-11
ATGTTCTGCCTTATCT-1,0.02389502378576305,0.05448629184717572,0.42223429193779055,2.365616038736791e-11,0.07778167869144229,1.6715761411369375e-11,0.32160271428643167,1.2944867399869093e-11
ATTAAGAACAGCTCCG-1,0.2481414346498256,2.7176615762592044e-11,0.3608352466744818,1.6653173955976542e-11,5.048702883956952e-11,5.2048400896445975e-11,0.291361517764377,1.2648440716285814e-11
ATTAAGAATAACGCTT-1,4.155917565288906e-11,1.5811010834056936e-11,0.2944271269611924,1.7994247013966256e-11,0.22462223020059066,5.933867155042411e-11,0.4972804862335242,1.2672151337681726e-11
ATTACAAGCAAGTGTC-1,0.0042215233311593044,0.1270324109281824,0.5011990396044933,2.3842972633133116e-11,0.32509683132631595,2.0150310616497414e-11,4.72172817447351e-11,1.2672143737984198e-11
ATTACATGTTATTGAC-1,0.06644138513905089,9.625293183971459e-11,0.23510917359814676,0.07442609031566348,0.08125336007204147,0.009089813971573636,0.43368017676718124,5.6437332377637365e-11
ATTACATTGAAGTATG-1,0.05428658905356497,2.146793824525483e-11,0.34474429441891286,1.4702793845660307e-11,0.05680478659679818,3.361967829351549e-11,0.49111322996242185,1.2672148966249053e-11
ATTACTCCGTGAAGCG-1,0.1544156717792938,0.11989969938615792,0.5539740367844126,0.0126198508946164,0.06579194167992616,0.07333198036935674,8.066013005675118e-11,1.2672150719698244e-11
ATTACTGAGTGCCTCC-1,0.05917992795372421,1.4856983909528573e-11,0.4693937497106913,1.8734650267895862e-11,0.09235129738736829,2.5397263778878087e-11,0.3109837286216187,1.267214615820295e-11
ATTACTGATATTCGCC-1,1.0173469434625155e-11,0.32098052143480715,0.40820163421655,2.1329476652993747e-11,0.3416946602315346,1.0088707100148073e-11,0.1291231840552999,6.571189488394334e-12
ATTACTGTACGCGGTG-1,0.007616470953474694,6.89354195937917e-11,0.26475449551645897,2.4436640625985983e-11,0.27005125953964654,0.0402240459746561,0.493309566910487,1.2672175334870722e-11
ATTACTGTCGCATATT-1,0.19270944481973087,0.030187740468526923,0.3136818762358945,1.0344795025953604e-10,0.16278482707555167,4.0023793787126494e-10,0.20063611088973368,2.9183377062362724e-11
ATTACTTGAGCAAGAT-1,0.1306613271272211,0.04388925833411278,0.45254896607771244,0.0021576854542669395,0.23285969608606577,0.037883066673447575,1.8654939067944028e-10,7.47976929328938e-11
ATTAGAACAGTGGTAG-1,0.02184151519318579,1.7008077041959462e-10,0.16603312933331268,4.927336145387379e-11,0.2543256562530604,0.0026103382457849916,0.45518936074589283,3.0955406863000544e-11
ATTAGATTCGTACTCA-1,6.62221839344424e-11,2.3778793202480387e-11,0.32979158183135804,1.532075589195879e-11,0.14658827085275164,2.2405653981990897e-11,0.42362014734386655,1.3696792488678943e-11
ATTAGCCTCACTTCTA-1,0.294162157754602,2.1327163912076553e-11,0.4232592740841611,1.671445005623216e-11,0.15140155125062402,1.881572202581909e-11,0.12434668624595233,1.267215634713575e-11
ATTAGCGAGCATGCTG-1,0.06867097762057152,6.600394613902613e-11,0.2934235282339346,0.1978562850027675,0.23854286632900146,3.5939461528871325e-10,0.10150634239108852,2.4075925264887455e-11
ATTAGTCGTGTTATGC-1,0.05856582464041441,6.864685418394343e-11,0.27915307118128574,2.6424502904825445e-11,0.2416140907384198,0.06208436704355564,0.25858264633090805,1.735290074341709e-11
ATTAGTGCTTGGTCAT-1,0.13892992839606708,0.0070480753649894085,0.4841617295224805,2.487712166728304e-11,0.15693938756490702,2.486176965717084e-11,0.41292087906833785,8.418446605596223e-12
ATTAGTTCACAGACTC-1,1.8346807299901411e-06,1.6139484150133793e-11,0.17074922252882202,1.7410117407398993e-11,0.24565778714036438,3.3066916274987844e-11,0.49835754119219233,1.2672136274233236e-11
ATTAGTTGGACGTGAT-1,0.04127391170117481,3.4206580196486306e-11,0.35434713598722123,1.8034970416507236e-10,0.115668843223965,4.504176370655565e-11,0.38871010882930657,2.4563662049348378e-11
ATTATCACAACTCGGC-1,0.09709945838920302,0.09520300964771282,0.5180619933361388,5.881359553669785e-11,0.10956995821554646,0.15608670514559225,0.06960602778284988,1.2672165540417666e-11
ATTATCCAGGTGAAGT-1,2.8072275773686107e-11,0.03766767272556873,0.20272434836322645,4.38523555404657e-11,0.1552988246612047,0.07868824662788451,0.49486194439831693,1.2672149597184478e-11
ATTATCGAAGCCTAAG-1,0.03715268769739768,3.9564367224603204e-10,0.2699205382638672,7.975007654773008e-11,0.14573980456469732,0.04436391357337699,0.4028230553983514,4.446908566741286e-11
ATTATCGAGTGCAGAT-1,0.16173644572738635,2.7991509244353687e-11,0.42969339716765637,1.466279629784811e-11,0.11212224929546379,1.5957216280261365e-11,0.4083918914872597,1.2672174531154793e-11
ATTATCTAGATTAACG-1,0.2868625528112061,9.369324930276591e-12,0.3581785260101413,1.1973430437078605e-11,0.275654973265633,9.375559616776418e-12,0.27930394786631746,5.669203334428996e-12
ATTATCTTATTGAGAC-1,0.10910318429585279,0.058986698630046956,0.4269118442789017,0.010954297975104674,0.15544285704162175,0.1152688582138712,0.023332259421685014,1.5670799853380308e-10
ATTCAAGATTAGTTGC-1,0.11749708953608913,8.499818251563551e-11,0.5116255024918849,0.023006124302829598,0.09333344274610761,0.014406803599359157,0.2658731315567485,1.267216376935139e-11
ATTCACATAGGATGAG-1,0.1610764680792339,1.3294304084572234e-10,0.3654530730512098,2.3678544766403137e-10,0.1760247793870379,0.005240440197413857,0.19220523889259175,4.115538819668136e-11
ATTCACATCTTATTCT-1,2.633711018553045e-10,0.059195577353031895,0.4547716429689665,1.829418222413584e-10,0.22127774328993724,3.2626561709476165e-11,0.4647550358255864,1.0785511210206597e-11
ATTCACCTGACCAGTT-1,0.48189159355852923,0.04539069952309582,0.5140341777973458,2.3241963251379352e-11,0.03465127973032443,4.5657353394951695e-11,0.040139648107328736,1.2672176676459292e-11
ATTCACGCTGTTATCG-1,0.11580754482515608,0.03177419913497784,0.5262214411807286,3.7372402746714524e-11,0.20395225085860472,1.2458203298099405e-10,0.02224458776262804,1.2757522877489292e-11
ATTCACGTCGCAGGCT-1,0.14842255918977554,3.59006479564885e-11,0.5723238215910483,0.17116904460361462,0.10662268403553718,1.565261556228549e-11,0.2014618904295871,1.1073223145720014e-11
ATTCACTCACGTGCAC-1,0.08687675534416049,0.003455198200530257,0.38768035516012767,2.0165495991746577e-11,0.2875920309315356,8.178436591149266e-11,0.13439566031110273,1.5726881006936487e-11
ATTCATAGCGAAGCGT-1,0.3594613282137774,8.224204314411672e-11,0.5080364822097773,2.7545370535009693e-11,0.10518797959551289,1.1926054448542387e-10,0.22731420947823477,1.2086464171958734e-11
ATTCCATTGTGAACGC-1,0.08798508643278277,0.011133330279165528,0.5013136030380089,5.609261107349825e-11,0.12350715113000243,0.04521523692728402,0.13084559215107303,2.004699141281092e-11
ATTCCGCAACGCCGCT-1,0.323546664521739,1.1919213578164326e-11,0.43579467116235027,1.285282669908035e-11,0.02587202952823774,1.9056104969262024e-11,0.41478663470884847,8.635971621495319e-12
ATTCCGCTCCATCAGC-1,0.0336822035964937,2.0280352285936592e-11,0.33740329650306317,2.182166689832011e-11,0.21472153964588875,2.583185737225442e-11,0.4994456508694273,1.2672171768968151e-11
ATTCCGGTTACATACC-1,0.32267256393172783,8.299753857620299e-11,0.5168048399675863,2.1025885470389232e-11,0.055120678283658006,1.7469477966063813e-10,0.10664062097930088,1.2672150856094692e-11
ATTCCGTAAGGATTCC-1,0.2646085419017279,0.01726834783908329,0.35209248498190765,0.02619873849445074,0.1256487935309046,0.04126714543752237,0.07291594773728204,9.186820830302874e-11
ATTCCTCAATTCCATA-1,5.225571492712019e-12,0.2529229110839883,0.32146793740363067,0.17019164104246293,0.17604205568968154,0.03262666973989774,0.24674878502124586,5.1776495096146615e-12
ATTCCTGCCTTAACAG-1,0.2010509735107158,1.3939775127823947e-11,0.44381283452547593,1.3374840761844334e-11,0.11756882991478557,3.098891882661738e-11,0.4375673619471764,9.252649782071834e-12
ATTCGCTCGCGGAGGC-1,0.4860509159056234,3.423829757464384e-11,0.5079470375598227,1.969002810666944e-11,0.025964634709446852,4.338584271922626e-11,4.460102433562688e-11,1.2689316793401894e-11
ATTCGGAAGCTATTAC-1,0.10047392860168562,2.2548549573580167e-11,0.33607786425964736,2.103030642074794e-11,0.3929098504919349,1.9891677090874192e-11,0.37053835629521487,1.211562708148809e-11
ATTCTAACGCCTGTTA-1,0.041882349626443466,5.914165491013189e-11,0.33649578625112603,9.138912252520233e-11,0.23139513428070804,0.018401444939181645,0.27182528473173173,3.903794689193768e-11
ATTCTACGTGGCAGAT-1,0.09007238211580974,2.227148538582556e-10,0.2608842732153262,4.019267274467476e-11,0.3458343597691947,0.04337424632564804,0.15983473832286202,2.0768896974392866e-11
ATTCTACTGGTCGTTC-1,0.16799486500914224,0.03026026391937315,0.36632349291135735,0.014042919940148226,0.20692610616882282,2.1160031194705444e-10,0.11445235174008667,1.1371932726598156e-10
ATTCTAGGACATCAGT-1,0.10797397451793257,0.03478432511862548,0.5327073020729257,2.6051097824042945e-11,0.20040740328346543,3.1102890499886003e-11,0.02412699499979867,1.5703644807713245e-11
ATTCTAGTCCACAAGA-1,0.08756425100268882,1.1196358921650338e-10,0.5099790266871321,2.1382855907622203e-11,0.23275970113804695,2.1532839137861662e-11,0.21026813235085715,1.2672162318351174e-11
ATTCTTGAGGCGACGC-1,0.11062373101958652,1.9293687518716543e-11,0.29089746279573453,1.7954487357309544e-11,0.22743689956161586,2.6121837564349766e-11,0.4961720211944204,1.2672176865049493e-11
ATTCTTGGAGTGATAG-1,0.23555307582879823,1.8755613138814622e-11,0.4468380485640982,1.3898678111099246e-11,0.08838166623502523,1.878437180062391e-11,0.4292272092784163,9.164147235390936e-12
ATTGACGCATCTCAAC-1,0.006410037937191544,1.432739672761548e-11,0.283588912268886,1.52824336672889e-11,0.16118303438679868,1.7715147640018993e-11,0.4940065437905617,1.2672151918411837e-11
ATTGACGCCACCTTCT-1,0.0886675291755619,0.08685210338484145,0.32927598574593553,0.00526078587366879,0.2746973491503346,0.11524622642741673,2.023316938956461e-08,2.6850690040431697e-11
ATTGACGCCAGCCAAG-1,2.992527574512283e-10,1.5592642595567567e-11,0.16349779518994104,2.4244605082555056e-11,0.23367521283224937,5.555070458009791e-11,0.5028269919302973,1.3133856242145842e-11
ATTGACTGAATACTAT-1,0.06142318447676676,1.2705953742259495e-11,0.32750790549143544,3.431785859502021e-11,0.051600796472252804,2.611342037157042e-11,0.502591877528399,1.2672148061177857e-11
ATTGCAATTATGGTTG-1,0.16652393743323118,5.085263586558551e-11,0.3245849908831748,1.0931004294568372e-10,0.18581823917950896,8.730460743075754e-11,0.22307283226771704,2.097445792853243e-11
ATTGCACGACCACTTG-1,0.01692519313265413,1.605109829423705e-11,0.5076936446006184,1.7063627503112442e-11,0.28050886638263084,2.4506333568083628e-11,0.09487229616572669,1.3144838964758514e-11
ATTGCAGTTCTTCATT-1,0.05157809260553469,0.003470329447935051,0.38269384185774213,2.203314637100774e-11,0.14798412462861182,6.044629829403862e-11,0.31427361139625415,1.9126079396817495e-11
ATTGCATATTGTTATC-1,0.07714867480602004,2.5607259057000425e-11,0.5186265213709401,2.5217680062887902e-11,0.20646044669893193,9.971100483122257e-11,0.09776435709132306,1.4020492284714397e-11
ATTGCATCACTGACTG-1,0.14287633464429694,2.7197258162072574e-11,0.528729938990329,0.1073652140850672,0.13226465328431197,5.930706925147377e-11,0.16559121301385213,1.2672170322018432e-11
ATTGCCTGATGTGCGG-1,0.023537051792073462,1.5409112470859955e-11,0.35033463880816545,1.4310833070775883e-11,0.31442809008179456,0.02925577733674506,0.4824444417697704,1.1792778882135552e-11
ATTGCCTTACGCAGTT-1,0.21597770918647213,0.0990723183267941,0.5235627534416627,2.827344564379652e-11,0.1376088431589627,1.895916579727623e-11,0.016509177542218874,1.2672152061066268e-11
ATTGCCTTGTCTAAGT-1,0.06869850195334216,0.08870171550346158,0.3507361719549387,0.029365301977948274,0.21352309077331658,0.09366275525753343,0.055312462231358446,3.612447441183754e-10
ATTGCGTAGTTAGGAG-1,0.014188343791361023,0.0022518124049563256,0.28164358142194906,7.815831676200855e-11,0.12494673936913067,9.1327872647029e-11,0.47696952283987837,2.6217067936845305e-11
ATTGGCACCACGCCAT-1,0.0957960832241088,3.11833237882469e-11,0.1543956644928441,2.778434068729525e-11,0.11264653090015132,3.331057065676188e-11,0.537161721317884,1.765212141398163e-11
ATTGGCCTAGGAATCG-1,0.014487904350347304,3.54001292316931e-11,0.25654608786900485,2.1899668208159574e-11,0.2694026975358436,3.5513773817563076e-11,0.35956331023658855,1.702895842923004e-11
ATTGGCCTTCCGTGCA-1,0.012247408904305895,0.03173684293914336,0.5123435923708592,1.834764500206314e-11,0.22010992887864855,0.08136381805508049,0.042198409677376335,1.2862602428003965e-11
ATTGGCGAATTGCACT-1,2.6651814185788262e-11,0.09774216441898925,0.27941124645563764,2.6279065499358087e-11,0.10888051368311456,3.509606260566002e-11,0.41396607537928165,1.796765750973793e-11
ATTGGCTAACAGACAA-1,3.3669152454836897e-10,0.055032582334738685,0.5462406788967031,2.6119397166256366e-11,0.0804875849215054,0.07719881798706787,0.14104033554870207,1.561877138752211e-11
ATTGTTAAGTAGACTA-1,0.08464944279748243,2.3317368689073668e-11,0.24994508315493597,2.096751824492617e-11,0.2650751764367507,2.331736719588145e-11,0.4948279760711449,1.2672173430929098e-11
ATTGTTACGACTAGCG-1,0.019644852926669256,2.268367341446434e-11,0.29834301050353257,1.518548145026527e-11,0.2825210773950358,1.949841044406166e-11,0.4957494129055838,1.2672174839152496e-11
CAACAGCCGCCTTGAG-1,2.357780961681313e-11,2.8222439910165543e-11,0.34804937407442166,2.297227044080874e-11,0.09476804895373633,2.0944118685367852e-10,0.45718257672164336,1.6874145881404755e-11
CAACAGGTCAGAGGAC-1,0.19402723134748573,1.957743600653808e-11,0.47073045670217717,1.627438783153646e-11,0.08236302485625716,2.288202714986273e-11,0.45287928696781543,1.0372524106381523e-11
CAACCGTACTGATCTT-1,0.15864622562803074,0.003395144502456632,0.5318976134603423,1.719874414977711e-10,0.15266658320005433,0.01596463459915522,0.037429798521722686,1.4456196036358797e-11
CAACCGTATTACTGTA-1,0.1212229159766388,0.021306033597515203,0.28205262254676605,8.718724615263236e-11,0.3863407395357844,0.021352378350809685,0.06772530987257078,4.938251272426238e-11
CAACCGTTAACAGACC-1,0.08064966094836803,1.3967902040683736e-11,0.44800578120097717,1.1627269015331621e-11,0.22582597706123872,2.001152101543763e-11,0.445518580693374,9.504251065868002e-12
CAACCGTTAATGTCAT-1,0.043737449181470045,0.015604378351530722,0.19994998966524832,1.0623666595414143e-10,0.2748036848669045,5.622562284605671e-08,0.3659044415009843,1.0495231604801489e-10
CAACGCTTGCTCCTAC-1,0.017458429748767147,2.3527398476911117e-11,0.4634944212131525,1.830674389313198e-11,0.018270342363337508,4.1134315769053837e-11,0.4008136223432763,1.268054738309261e-11
CAACGGCACTCAGTCC-1,0.1266422116726193,0.2787187468027303,0.39221643370803566,1.50295978228666e-11,0.009608034681288976,1.3209650877212054e-11,0.39281457308063605,7.545957855919919e-12
CAACTGCAGTGCAATA-1,0.07745989539097627,0.027720096319574217,0.26584068217395607,0.006906109878191162,0.24550094495248728,0.0878560706827639,0.18871620053515228,8.197037512129652e-11
CAACTGCATTCGACTC-1,1.1579614617225766e-10,4.518374941455982e-11,0.49829885397105944,3.3503288673178425e-11,0.06985733880574004,0.014871715129676598,0.40014839297444055,1.2672142589103843e-11
CAACTGCTGGAGTTAT-1,0.2807586609396404,1.1020474157378227e-11,0.40022293856374075,1.040617302842203e-11,0.12278900350462336,1.2929052200741713e-11,0.3962293969295633,7.79767118665405e-12
CAACTTGGACATAGAT-1,0.07199428332654614,0.38778944213839583,0.46230845355439043,0.029634548599396734,0.16625472381741574,1.2435737145940948e-11,0.08201854852253525,7.872297580358883e-12
CAACTTGGTACGATGT-1,0.10353433616912279,1.998664135427124e-11,0.22552639536615152,1.8715138454601494e-11,0.14900546332300346,2.312574035093132e-11,0.4968116674862643,1.2672156150526396e-11
CAAGACCACTATCGAA-1,0.24744349481647446,2.375936930133194e-11,0.4783573400485141,2.1704657458399384e-11,4.5674210940897315e-11,4.5070987465696236e-11,0.4741991648960697,1.1129344525468682e-11
CAAGATTACCGATCAT-1,0.1244572049384131,0.05636200416395619,0.46496679126780305,1.0851531256930192e-10,0.14771910277624137,0.039488144397695144,0.06700675230655101,5.7165505785472775e-11
CAAGATTCGTCAGCTG-1,0.013344409729268536,2.2683593289066245e-11,0.30997943556477575,2.2767781248231313e-11,0.15854969849528988,6.19351184458251e-11,0.4980967653219516,1.2672145244663905e-11
CAAGCCGCCATAGAGG-1,0.4221408263612309,4.1242524697727145e-11,0.4714542417734395,1.79891762234221e-11,0.15580047496048083,1.8087920656407702e-11,0.0004665132362501597,1.2672163201629987e-11
CAAGGCAAGCATCTCG-1,4.8958612657386184e-11,0.030706370413241348,0.5272654776989261,3.281484620088229e-11,0.2979152141774469,0.04411292476875789,1.2925947686197179e-08,1.5287097912359308e-11
CAAGGTCTCAATACAG-1,0.022063296075405442,1.4027160607725343e-10,0.5009825724267143,2.3237401538675584e-11,0.1682342099965381,2.2962746772663684e-11,0.2725146162057832,1.268888504652858e-11
CAAGTACTCCGCATCG-1,0.023658694283868995,0.00791982156923124,0.38338144310546485,0.006395291134306101,0.10080195044260255,0.10667011812067141,0.2711726813448042,2.49449800148946e-11
CAAGTACTTATTAAGC-1,0.07960744905000526,1.9246046684710452e-11,0.243522489635793,2.4275933586238556e-11,0.15531881896845642,5.465811404113086e-11,0.42155124232477564,1.469970781071277e-11
CAAGTACTTCAATAGT-1,0.06286109190525921,0.08558376273098273,0.30361275554110034,0.03344635134099692,0.1935104902141027,0.07177378911686827,0.06119936358847944,0.08801239557270284
CAAGTAGCCTCGATCC-1,0.09670791042189912,0.2775313687449185,0.5291687914551206,1.0766233234081976e-11,0.2959872494140547,0.0006046798966808437,2.3208366918264743e-11,8.596202106720251e-12
CAAGTCCATCGGCGGT-1,0.039265661032789854,1.9520131838827373e-11,0.22912050355548652,1.9545237255754122e-11,0.10144444159378581,1.6013837520947328e-11,0.5301693938093153,1.5936298920337403e-11
CAAGTCCGCTACCGTT-1,0.18890999107842588,1.2466283084411213e-11,0.555147120376113,0.35755888639873257,0.0983840020557933,1.582493608001438e-11,2.6832255587466685e-11,8.660938093857222e-12
CAAGTCTTGGCGATAG-1,0.1381539536706433,0.04889138875352818,0.3732117686549346,0.001839853642933671,0.19456159349391008,0.07635522532906136,0.06698621635288471,1.1520731224057861e-10
CAAGTGTTCGCCACGC-1,0.008941044270937417,1.76499855746913e-11,0.2941805533047359,1.981580699354784e-11,0.1968654633865595,5.599694020720174e-11,0.4000129390169289,1.481725010606214e-11
CAAGTGTTGACGGCCA-1,0.1538820890184867,3.8011600888524274e-11,0.40120591926459354,7.396025099400526e-11,0.09915011194184524,0.16289316276349278,0.3828687168735511,7.455729603158237e-12
CAATAACTACATTAAC-1,0.2964265590908652,2.1382638827741304e-11,0.4508708399198337,1.1146182056266106e-11,0.009054009736228694,1.5021399418971378e-11,0.4436485911580803,9.499735614531814e-12
CAATAACTCAAGGCAA-1,0.04546976520474975,4.8864525594652873e-11,0.33060895818620484,1.8983728729162504e-11,0.15581928245928023,3.3011861934009676e-11,0.36810199409810385,1.5744773021816654e-11
CAATAACTCAGATGAG-1,0.10493403778610134,0.026859644895620084,0.3129890325497858,0.03728052939518242,0.21134502756459037,0.07172472997492993,0.08986220338188759,0.045004794463435645
CAATAAGCGGCCAGAT-1,0.238821531259368,6.285983989180523e-11,0.566912325310788,5.382514043689371e-11,0.07388840058391863,0.020377742676026402,5.4063161174128215e-11,2.4822217904968113e-11
CAATAAGGTAGCGATG-1,0.049668719162960465,0.021341600518172306,0.22641343445078146,0.021336891972093913,0.3108151611963309,0.05916860286033603,0.21125558973816932,1.1553836919511581e-10
CAATCGTCGGAGCATG-1,0.039680646337951854,1.4499842740029123e-11,0.30497656539176893,1.4499843015122821e-11,0.06594596201428668,2.03810128011716e-11,0.495842445163234,1.267214190063444e-11
CAATCTTATTAGAATG-1,0.09671030435961178,0.13026258660031986,0.37804688448331314,0.00011818771387930556,0.25286682800424565,0.03535910790796518,0.006636100890115666,5.73485527575637e-11
CAATGCAGATCATAGA-1,0.06222669626606197,1.1622669330278377e-10,0.5600299219604972,1.9720191701126862e-10,0.20045649811149927,0.07728688328597927,4.7753995213998115e-11,3.4730165205932356e-11
CAATGCATTGACGGCA-1,0.14145993168724305,2.8024004886145958e-11,0.3608094575411719,1.9050537226397726e-11,0.17801297004018196,3.004760975885102e-11,0.49865144156396524,1.2672206484331064e-11
CAATGCGGATGCTGGT-1,0.008180414891934636,0.019841290540710987,0.4434908502064218,1.319594948054481e-11,0.2679900721710574,0.018520212923783325,0.44197715920758945,9.36887942554562e-12
CAATTGAACCGGCTCG-1,0.12704103160449995,0.06694282439857041,0.5729711321945883,0.0017055070820650782,0.05593205092185902,0.06088989395832999,0.014517559870436783,1.7135367382257247e-11
CAATTGTTGACGTGAG-1,3.368016758928867e-11,3.580216019157185e-11,0.4535887217956463,1.2101769510972492e-11,0.35874885252152644,8.523157207852594e-12,0.3876624255653227,7.41426329218735e-12
CACCAGGCACGCTATC-1,0.0690445044186494,1.181405713477192e-10,0.3806832465614029,2.1181349372358036e-11,0.15074518481591956,0.07536948565864297,0.29127567206418437,1.267215090897609e-11
CACCATAAGCTGGCTG-1,0.3686679840600577,1.4838200985699362e-09,0.41345225938981417,9.6374282645254e-12,0.031053577514649076,1.682581635876043e-11,0.38682617750004133,7.384371233051392e-12
CACCATAGGTAACCAG-1,0.15815974156974186,0.04878549306564061,0.4709812719067006,1.8009940234320068e-11,0.09177289912370602,9.907931715935828e-11,0.43030059406039484,1.1654364295796186e-11
CACCGACAAGGCGTAT-1,0.07573583103041097,1.4686122941697513e-11,0.44566687637783986,0.003185457579106886,0.1562026746897901,0.0390205756813778,0.4801885844662293,1.1676502793147987e-11
CACCGAGTCTTGGACA-1,0.0686839388354115,2.7198991570616754e-11,0.48513585600876996,2.9198683882403716e-11,0.14722466187543828,0.021234038816192728,0.4777215042215269,1.1813178274140058e-11
CACCTACATGATTGAT-1,0.10060345602151174,1.0678125010185029e-11,0.4393223540060587,1.0678125043468243e-11,0.22210655495997048,1.5782182069300108e-11,0.43796763493266977,9.192373855748913e-12
CACCTACCGCTACCTT-1,0.2016902273069794,5.370862108669433e-11,0.5316939470858428,2.4401444311655826e-11,0.2642867550616744,3.9614726462288736e-11,0.1860362049966942,1.2672217601760299e-11
CACCTAGAATACTTCT-1,0.03724151495349605,2.8497594127101108e-11,0.2470712826042844,4.336658335887678e-11,0.11849318623956911,0.16883882236151537,0.494674461182629,1.267217028865131e-11
CACCTAGACGAGCCGG-1,0.10388456948667887,2.2047815041920818e-11,0.23835106184976113,1.849691064270287e-11,0.15656526835037837,2.2058093640645624e-11,0.4011991003710452,1.3990457425946285e-11
CACCTATTACTCAGAT-1,0.07594177068744913,2.0166327349935035e-11,0.28872730819187187,1.5564104139637225e-11,0.12730280119642567,3.03068294774906e-11,0.49944552024037614,1.2672154030348697e-11
CACCTCGAGCGATGCT-1,0.07951024946167223,0.17484448774291722,0.5314907432134062,2.6315912382448027e-11,0.07622870842083991,0.035702338676874674,0.0022234725172357696,1.532429184657979e-11
CACCTCGAGGACTCTA-1,0.1745502984825791,1.938862713123948e-11,0.5016672587431111,3.4811067212202416e-11,0.22378241175837832,4.70576703674301e-09,2.6380867049259648e-08,1.3861399463068972e-11
CACCTTAGCTATTGTC-1,0.13787723191354695,0.002129633771960641,0.34114799025727566,0.00195566554503993,0.14248082289552597,0.01382725283949753,0.26058140276004116,3.561800587772448e-11
CACCTTGCGAGTTATG-1,0.08349688318211478,4.7445599746559636e-11,0.3382672451943222,7.498209660832739e-11,0.35836127399755885,4.829471832853928e-11,0.1198745974526269,2.6769492799416288e-11
CACGAACGGTCTTCAG-1,0.03162303959589493,4.5877579769537374e-11,0.5733153711835245,0.042147886101256644,0.1307876754981312,0.02658163828763404,0.09554438929975678,2.0662056061143027e-11
CACGAGGCCATCCACT-1,0.1990114637965815,0.12468000940780447,0.40607001025596073,1.0276779934437605e-11,0.08802859033785888,1.903626603673744e-11,0.38220992614796145,7.293486895171205e-12
CACGAGGTATAGGTAT-1,0.08896606657552145,2.0046032840006444e-11,0.3781124515457853,3.9207704256949575e-11,0.22095123976273523,0.046044267649670324,0.46592597433498373,1.0508377409300946e-11
CACGATAAGGCCTAAG-1,0.11171175166641704,0.018543773218946877,0.32271360736254895,0.006524506056920985,0.26247594275022923,0.0503910190721962,0.12763939973527558,1.5134560084784373e-10
CACGATCATACAATTA-1,0.17154767299965337,2.0918843010783903e-11,0.47664278287299067,2.254151328179701e-11,0.086552810324719,5.2451462424031123e-11,0.46525673362019143,1.0854640934511934e-11
CACGATCTTCGCCGAC-1,2.612877810915568e-11,0.08821912896512846,0.2315040360361359,2.0531678965207774e-11,0.08316683952955924,1.1765808818017428e-10,0.4971184056770777,1.2699584583959124e-11
CACGATGGTGCTAATA-1,0.2069167312005737,1.3498926347695049e-11,0.31970280954035035,2.053706128711893e-11,0.13030402279888598,0.13528827505631416,0.40778816133625667,8.439937111284519e-12
CACGCCACAATCGCAC-1,0.2016670743771837,0.26438411990481714,0.5075809010110275,4.380074689700856e-11,0.22636790447692376,5.733201349692476e-11,4.538615548574829e-11,1.0793988961599812e-11
CACGCCACTCCTTCAT-1,1.71054979095111e-08,2.1788303344382734e-11,0.43044915986692145,1.8826552088661924e-11,0.15297925594564896,2.1815836372324368e-11,0.49495294916788074,1.267217062721861e-11
CACGCTTATCAATCTT-1,0.04852086048201386,2.268359022651016e-11,0.21663799394564767,1.4662761249169356e-11,0.19390660076543811,6.845571597567528e-11,0.5003828755022215,1.2672150293093181e-11
CACGGATTCTCATCAC-1,0.1382510094069817,0.02219562019572094,0.28151202856892527,0.007584351906953261,0.29335686393830473,0.037752512872397184,0.11934761295089352,1.742361760900479e-10
CACGGCGACGGTGCCT-1,6.631707785017998e-11,1.166156212820922e-11,0.45544904850365087,1.950337928116221e-11,0.4092310063042054,8.27200316700584e-12,0.3353199450544533,8.254718359772611e-12
CACGGCGATACATACG-1,0.16428015551407696,2.8062377709141345e-11,0.4865983534055346,2.3032062929564723e-11,0.09044927098794009,3.175759979802655e-11,0.4586722199453462,1.0247037671955756e-11
CACGGCGTCAGCCTGC-1,0.05095176275423285,0.005607169297772479,0.30487793840996413,1.2077967741358106e-10,0.17983250740313755,0.07171042330472745,0.2870201987038958,2.8337779913314432e-11
CACGGCTGCGCTTGGC-1,0.09398511063478449,0.045089834526088016,0.34791993470706567,0.00302964858844924,0.21100035280482698,0.01351604031613631,0.18545907844635728,1.8123777222664187e-11
CACGGCTTACTCCGTT-1,0.09908561827162365,2.1471825349551836e-11,0.413827477677268,1.8461268022517706e-11,0.33230497453029056,2.9791184061604916e-11,0.30777454244269786,1.2683937889376213e-11
CACGGTCTTGGTTAAT-1,0.048405837011626596,2.0381119513279856e-11,0.46205679598048477,4.47988108814186e-11,0.13755869208920987,2.185823543386255e-11,0.4975691909941528,1.2672180307998851e-11
CACGGTGCCGGACCAC-1,0.13230997109796808,0.22340559070538493,0.2212683219898882,0.016382648374504895,0.12811037589543495,0.058230400227751146,0.11384261449754006,0.006450077224025859
CACGTACACTCGCACC-1,0.17723616845544413,2.425278994297739e-11,0.49164887462507795,4.0747859665386695e-11,0.04676732478812881,1.9712128490631546e-11,0.4843476318859696,1.168182620125714e-11
CACGTACGTAGCTCAT-1,0.031098926939872436,0.16816096390955138,0.3052455947289553,1.5992393534701173e-11,0.12587777996589833,2.635682944303018e-11,0.49368508060385713,1.2672177024797042e-11
CACGTAGGTAGGCTGA-1,0.22329935626252298,2.9355627509633554e-11,0.5263162012921004,2.4394243588857842e-09,0.15645055095507931,8.306064962224184e-11,0.0205393399449637,1.2672129353793421e-11
CACGTCAAGTGCGATC-1,0.3966364095974277,0.3761455570730467,0.42721803320278673,1.3152147779508055e-11,6.218459219785121e-11,1.073729329806669e-11,1.1947530946271412e-11,7.886163863225524e-12
CACGTCCACGACCTAT-1,0.3943567171863616,1.2153023407835713e-11,0.4057601499851773,1.0202773158347074e-11,0.004834316861237099,1.7447560782150828e-11,0.39504881589742796,7.860419416230359e-12
CACGTCCATCTACTGA-1,0.09637731298977796,0.004570049358839128,0.21888908974264645,6.883688166020908e-11,0.2637737925261951,0.02838397595036117,0.2880057793149288,5.309746581631883e-11
CACGTGCCAGAATTCT-1,0.051194619068111645,1.797414807172781e-11,0.33064362388424057,2.6940414821213803e-11,0.14679759837106737,1.199616148635602e-10,0.49550458429572475,1.2672157328456249e-11
CACGTGGCGGCACTAG-1,0.1930709725128435,2.1673273678297004e-11,0.33098269704492655,1.7308104219684392e-11,0.04708880563987449,3.3664877499523574e-11,0.346817259559723,1.2672129471510735e-11
CACGTTGCACATACCG-1,0.1360414844088274,2.597954159023546e-11,0.3256803336152144,3.1996466648390494e-11,0.22569595453057362,3.398879381443678e-11,0.4929978899649067,1.2672210086345135e-11
CACTACCTTCGCTTCA-1,0.15458835106930816,2.4116462306031135e-11,0.3744177895668268,5.979796979200398e-11,0.14144584522096793,2.943887171226313e-11,0.49909617254710625,1.2672191921434067e-11
CACTACTGCGGAATTG-1,0.27206662700335127,8.627123629326532e-12,0.3546782584447507,1.4318385432655527e-11,0.29763195150398297,8.492878174205172e-05,0.275538234148238,5.378067132013748e-12
CACTACTGGCTGAACC-1,0.18568387739053918,5.6725320859996425e-11,0.500129208469283,1.6856103107316564e-11,0.1046723635871784,9.012893319827354e-11,0.1692118534227306,1.2672148706626476e-11
CACTAGTCGACATCTA-1,0.07936983846691427,1.0804658590880787e-10,0.46272837642299613,2.8165065759772998e-11,0.14808087858452862,2.164009962212179e-11,0.3646224648955595,1.2672166391079662e-11
CACTCAACGCAACGAC-1,0.027329943698746938,3.070511686652586e-11,0.18073875123712332,2.1926251352025925e-11,0.20663607884854052,0.058600094679309864,0.4266951314994703,1.9699741011252984e-11
CACTCAAGACCATGCA-1,1.1500838933616363e-10,0.01956919772006047,0.48386244254947325,1.2784758167425699e-11,0.14399075407523496,0.10324366783773546,0.4493339376418179,9.543930283207132e-12
CACTCAAGACGGACTA-1,2.3424123671257657e-10,0.026477143274145742,0.3925472883724153,0.025729755894313287,0.1511937996276797,0.028477394355025467,0.27557461824234064,2.5479324523199954e-11
CACTCAAGGCGGCACT-1,0.05416058346767818,4.2486772394374795e-11,0.17443533482980428,5.826132687098098e-11,0.2903645841528924,7.095195452091495e-11,0.3810394973856662,2.185604886613085e-11
CACTCAATAAGCCGAA-1,0.11098112678256584,0.0631691223970621,0.49670942131828927,0.04669272894200183,0.3083282847698326,0.03183377307895072,0.1422855426056156,1.1197432515419589e-11
CACTCAATAGTGATGC-1,0.06728085116950203,0.0387113171258126,0.18370590271137302,0.04724312464599708,0.2433604311132311,0.04759084980427855,0.21505448813975678,0.05705303530122617
CACTCAATGGTTCGGA-1,0.06657161046710602,3.9474216323205183e-11,0.28061016734745164,1.0804444445778168e-10,0.14405388178848483,2.9300292680640945e-11,0.4983670693112825,1.2672149861096969e-11
CACTCAGAGCAACCGG-1,0.11643461399897105,0.05859386287070903,0.30701417931168695,0.02408144485356122,0.21217774570969383,0.08372707917090029,0.09797107388282542,2.1472696389244255e-10
CACTCGTAGGCCACGG-1,0.1913779831034933,2.2345399531392476e-11,0.41600681996814476,8.805562032050977e-12,0.15983938955102117,0.05223724417855138,0.38053856314352363,7.255910464110582e-12
CACTGGATCGATACGA-1,2.361497276995614e-11,2.6453013794594605e-11,0.3574107475236094,8.357687986057064e-12,0.13641983319965018,0.34855544886144496,0.3576139703350471,6.879976379306144e-12
CACTGGCCAGCCAGAT-1,0.2005323467986853,3.061764829574595e-11,0.31777464545980694,2.17711636385779e-11,0.13674797179671225,2.2581306981486612e-11,0.24494503601151574,1.3800173782298319e-11
CACTGGCGGTAACACC-1,0.07252702809637247,0.024222003482681005,0.56537987138614,6.280311342967841e-11,0.22769354840109177,0.010177548537882598,4.945099993619147e-11,1.9501443483572652e-11
CACTGGTGAGACGCTT-1,1.2070459026035529e-10,0.3712646875244389,0.40396342761263354,9.320100443130173e-12,0.034030630333686716,1.748842655246397e-11,0.3907412543490869,7.662154430336027e-12
CACTTGACATTCAGAA-1,0.0871244423993157,1.6431678288594593e-11,0.30178955592637,2.2036011546958045e-11,0.15890415571430883,3.344985398052626e-11,0.49859766035915504,1.2672160911763216e-11
CAGAACATGATAGGAC-1,0.1712691523191726,1.377114464878882e-09,0.4460825870973826,0.014650234717208518,0.0996476018577526,0.06135507386112023,0.10699534873130112,5.5409131536284884e-11
CAGAACGTATCGACTT-1,0.12039618832503697,4.071804609250998e-11,0.4817523933239004,2.5371900185360807e-11,0.1812070648116771,2.3937272217252525e-11,0.11664435358051724,1.3894495580827053e-11
CAGAAGTCGCGGTTAT-1,0.14263850209660153,2.0975698797193216e-10,0.5103110158113083,0.035636857282513174,0.0819406323361644,0.04855547230570464,0.3809175198409177,1.1315749927917163e-11
CAGAATTCTTGAACCA-1,0.05698405127836437,2.919166963283001e-11,0.27448880587534846,2.843749034086949e-11,0.050511040814987244,8.328433731592593e-11,0.5180161019538705,1.5108035681788624e-11
CAGACACTTACAAGAC-1,2.0797822261117455e-10,2.3510125353304135e-11,0.4989965873883135,1.2941427985185796e-11,0.2529325983881218,1.4604312746896725e-11,0.44807081391416825,9.663263411723953e-12
CAGACAGTCGGATCTG-1,0.26220386396504197,2.331716746624444e-11,0.42117477059213304,1.2022330854946082e-11,0.1418874790049565,1.3678927658185344e-11,0.3747338863619672,7.522906998781222e-12
CAGACGAATGAGGAAC-1,0.4207696200328201,1.8905738880462777e-11,0.4764649639846447,1.3440696764684786e-11,0.03252427021870604,1.6393703594116742e-11,0.2702411456662823,9.607265969875521e-12
CAGACGCACTACTGAC-1,0.11859450209652067,0.13504786716019634,0.3403612093050736,0.0020978159223691505,0.220860851758093,0.03469593716533706,0.048341816478683935,1.2538087747904676e-10
CAGACGCAGTAGGTCT-1,0.08188738404199854,1.393442508336758e-10,0.550181451157944,0.0026339005654639094,0.12080248893588165,0.06613886459186662,0.07835591063215998,1.5071401112769488e-11
CAGAGGCACTTAAGTC-1,0.29416173244115057,1.865691590000355e-11,0.4533097856332288,1.305375942219234e-11,1.9114398078684209e-10,1.8235368858928213e-11,0.45252848162838366,9.945561895220268e-12
CAGAGGCGAATTGCCA-1,3.396301941991247e-11,1.723658746330232e-11,0.35805202162373145,1.9632845256045922e-11,0.11898743125718322,2.1032051004502143e-11,0.497661329948873,1.2672154795762337e-11
CAGAGTCAATCCGCTG-1,0.08645601614980568,0.09044687813729825,0.42808151333847294,0.001489919040360623,0.28581397855221385,0.0053605247837093225,0.002351169952846741,5.529238097605118e-11
CAGAGTCATGTACAGG-1,0.07000754094334989,2.6356658289285452e-11,0.2277058154518416,1.9906226218624577e-11,0.12765756585528976,1.8464262529857002e-11,0.4993000743807998,1.2672140173801853e-11
CAGATACAGCACTCGT-1,0.06449941733245182,0.028183573039097062,0.5029734618053131,1.958852710611307e-11,0.22823871381286834,0.10999939112784425,0.16114277794801132,1.2672173277804835e-11
CAGATATGTCCTTAAG-1,0.12184431886302922,1.4533014283126548e-11,0.19684031744776992,2.0500344072487516e-11,0.1470575440844495,1.6344172793319252e-10,0.4951588506541381,1.2678981854690108e-11
CAGATTATCATAACGC-1,0.09754893170060538,0.048654257718030385,0.3082546726321727,3.7886227677945014e-11,0.445542137680998,1.6774507064217394e-10,7.079654000594794e-11,2.1839463917159257e-11
CAGATTCCGTATGCGA-1,0.12889585208263005,1.5992391111137976e-11,0.4382130652772515,0.07306373076098192,0.08504088437868199,1.848105583897028e-11,0.40107169969338696,1.2672176089042512e-11
CAGATTCGAACAGGTG-1,0.026751350432423254,2.0683511871895764e-11,0.4820127589141442,3.5295289362693507e-11,0.17641706378988944,2.108515976884916e-11,0.23128493440800962,1.2696600801785981e-11
CAGATTGCCTGTAAGT-1,0.23320280821851208,1.8246719314193325e-11,0.4866622685506481,1.5456582195500333e-11,0.08336061599515489,0.003048844230777912,0.37973535212292125,1.2672235349819228e-11
CAGCACGCTAATCAGA-1,0.07373465390573136,0.04165128668858742,0.41060843786659446,8.784665679898508e-09,0.21792811148069097,0.02898869410258318,0.12708880715006757,3.912326441182178e-11
CAGCATCCTCGCCACT-1,0.04366759378830491,3.059194757406589e-11,0.30999874346196676,0.012924266297379028,0.16912136721822818,0.16900771070554657,0.1952803185498815,1.5600196849864813e-11
CAGCCACGGCTCTACG-1,0.06386971662518878,5.819065663944561e-11,0.3176584647731749,1.7001224144863548e-11,0.032745584476193246,3.4522810267480025e-11,0.4960441592262572,1.2672108932203517e-11
CAGCCAGTCCTGTCGG-1,0.1311384962943667,0.021287313143094157,0.5303515779801812,2.0876774848741433e-11,0.4164501926573929,0.08984786554714129,0.010924554301757752,9.901397000381677e-12
CAGCCATGTCTGCCGT-1,0.23248361058826617,1.920352146438613e-11,0.4266055267642537,1.3783825150084382e-11,0.2089740983084087,1.553731001827422e-11,0.3319367642566565,8.501389064139627e-12
CAGCCTCGTGGCTCAC-1,0.12189267897909806,0.018686548686050602,0.31542624371153666,0.02847191992827832,0.07654522911537,0.05393921301338087,0.2850381664929513,8.793035097161403e-11
CAGCGATAACTGAACC-1,0.11917144854814213,2.0264020071159515e-11,0.17906938766837535,1.5085893523469642e-11,0.18338286512805868,1.646174438447245e-11,0.494927812666519,1.267215790814773e-11
CAGCGATAATGCGATT-1,4.515366358999463e-11,2.640984003978514e-11,0.2440368078155043,2.6088417430280453e-11,0.09814971267112839,0.057583139277744846,0.5002303403004081,1.3654938729148795e-11
CAGCTCCTCGGATTCT-1,0.4879561651744302,0.05145439895932639,0.5371878538494489,3.912115064587205e-11,0.110036091584953,1.0906316626092556e-10,8.388731393078835e-11,1.2690442162029088e-11
CAGCTCCTTAGGTAAG-1,0.1646937426388227,0.0191452097170557,0.5216287831192801,2.4113152838294603e-11,0.18876015537946828,0.0057721091439837295,4.489550341309272e-11,1.4968468692775417e-11
CAGCTGGATGCGGCTA-1,0.37794484835677167,1.0692031055325129e-11,0.38994979093431764,1.0324371980562018e-11,0.05410759898670472,1.428829772020848e-11,0.37799776166103016,7.499376471793217e-12
CAGCTGTTGCCGGAGT-1,0.16912386567445417,2.8266595686329928e-11,0.43597821678058435,3.897792869752377e-11,0.08123469200630107,2.826659511953078e-11,0.4334104342055135,1.2672177090950553e-11
CAGCTTCACTACCGTG-1,0.08682934782021046,0.0947801534068372,0.24261741734912032,6.212138948816998e-11,0.14763588203581898,0.03973214759059244,0.2884050517248163,3.167010553468387e-11
CAGCTTGACGCCATTA-1,0.38170600150013134,9.705517029170086e-12,0.3984485293566316,9.694400638182458e-12,0.025902253006965723,1.3160491727594363e-11,0.39394321607650296,7.676273713890221e-12
CAGCTTGGTTCGGTCG-1,0.049779443132586886,2.085219307266539e-11,0.40806732232045634,1.2079480843392405e-11,0.29401983158984984,4.976634777941979e-11,0.4481334028246703,9.644869312988282e-12
CAGGACAGAAGGCTGG-1,1.4730750314228948e-11,1.926097901880065e-11,0.4046935303536031,1.4405409025399703e-11,0.34537508801810396,1.1542091232958299e-11,0.4499313815192918,9.592620525602403e-12
CAGGACATGGTAATGC-1,0.19569660524398583,6.635032802851748e-11,0.5657624747879277,0.3807381851120987,0.05780273470655472,3.749386253783207e-11,1.6376213575666994e-11,7.932515995773337e-12
CAGGAGCGTATCGCAT-1,0.03424905014196344,1.5692917023889847e-10,0.48175588766721933,2.0762453868661835e-11,0.2634740242252761,1.112060217467504e-11,0.42052103774245875,8.487471269099853e-12
CAGGCCAACAGCGAGT-1,0.0933335459669025,2.1010842847399616e-11,0.4569466134451624,1.7150387607221226e-11,0.20562348561590651,0.01186501855792405,0.43223133633643196,8.937525637962876e-12
CAGGCCAACGGTCGTA-1,0.07763687332754653,0.09622230336146395,0.23946802191915698,0.06664392760216409,0.22170144984534954,0.06804630881960556,0.08226467337637673,0.04801644175844625
CAGGCCGTATCTGTTA-1,0.45663703729834865,1.7101599712932465e-11,0.48214141277733796,1.599500552840409e-11,0.034643635235668456,2.3762128069602096e-11,0.2265779144990304,1.14742296725228e-11
CAGGCGAGGTCTTGGA-1,0.03702312514870897,6.269564507472474e-11,0.24141193431999827,3.0920932264051694e-11,0.15351050148331552,2.7439836338297322e-11,0.4680544389463695,1.892981048085171e-11
CAGGTACCACTCGCGG-1,6.775804867463682e-11,3.338368100814446e-11,0.21714525931674122,1.977008054145022e-11,0.12172926386630113,0.20496085118645477,0.49932832476106354,1.2672163306642323e-11
CAGGTTCCACTAATCC-1,3.7795218605582164e-11,1.157974346995221e-11,0.420278198156102,1.020725917081914e-11,0.3849967521626729,1.1600551390070982e-11,0.3947250495813679,7.874727624974518e-12
CAGTACAGTTGTGGAA-1,0.10209888671023365,0.021316393370554673,0.20008900323919515,0.031324870416458116,0.3157083611373752,0.04055794444605047,0.1821910315861236,0.006713509107234636
CAGTAGATTGACGGAT-1,3.079993330658991e-11,0.15119393107422513,0.46107764324558664,0.13912977509315047,0.09242022036451968,1.4434121760648114e-11,0.3561784301534309,7.196212657843011e-12
CAGTATCTTACACTAA-1,0.035294071414866665,1.7255295260030305e-11,0.18040025363429998,3.0148118147132845e-11,0.15432981008312205,3.2210842945336976e-10,0.5299758645451942,1.586857239496385e-11
CAGTATGCGTGGCGCT-1,0.3178681249598077,0.050083901108687524,0.47739362045402817,3.294189633553827e-11,0.08717970409190326,4.009679397405346e-11,0.2674746492384207,1.056525677847288e-11
CAGTCAGCCGATCCGG-1,0.03816428888065459,9.992988283454982e-11,0.5347222895763624,2.2552248483872322e-11,0.02829842398964402,2.258668357108989e-11,0.2988149974287241,1.867616385110828e-11
CAGTCTGGACAATCTA-1,0.12022310503007087,1.7353394019736663e-11,0.29843670214728174,1.882749397325114e-11,0.41529106652704023,5.0549947752234686e-11,0.2528444176322411,1.2672172709688143e-11
CAGTCTGTGGCGCTGC-1,0.06989805233882442,1.5728736750101835e-10,0.30682370625633476,3.006542519981837e-11,0.19808147201501536,0.07376431607234912,0.25143245314477725,1.997240305087451e-11
CAGTGAACAGCAACGA-1,0.16848792681374014,0.016323246252550886,0.498695163497325,3.078809957826152e-11,0.11021708526367922,2.615094884324018e-11,0.12006317548312674,1.2672120261551565e-11
CAGTGATATTGATGTC-1,5.6644702891732196e-11,2.796961641105039e-11,0.2764362597791161,3.180180331835785e-11,0.14696400302978233,0.09468354674740256,0.38191619036980046,1.6149940368594765e-11
CAGTGCCTTGCGGTCT-1,0.003982396227695935,1.049906656837328e-11,0.4444553146432747,1.3111185981522821e-11,0.3462460290362307,1.3114690723125195e-11,0.4053162600238776,8.29232731469542e-12
CAGTTGCAACCGAGAT-1,0.045105111002344135,2.37939566356408e-11,0.4419190438420342,1.736110723911706e-11,0.15948979325309923,2.6356850185792343e-11,0.4976253888860867,1.2672180027382636e-11
CAGTTGCACGGACAGG-1,0.01371935449084794,0.04896269324332664,0.5403492660050334,1.670756260939126e-11,0.22500531480587552,2.609489994556011e-10,0.07196337124642287,1.4920510280651715e-11
CAGTTGCGACTTCTCG-1,0.25736983445464673,1.6955164035836862e-11,0.4341628828192801,8.977912655080452e-12,0.3695736249379408,1.991568918681513e-11,0.1388936577179361,7.271732860713955e-12
CAGTTGCTCACGTGTC-1,0.07127011648311096,2.0402457656671254e-11,0.479761247034235,1.621171866020424e-11,0.08438929373271106,0.09746361839224793,0.379061551145868,1.2702670196980263e-11
CATACAATGAGTAGCT-1,0.07389121965503481,0.009865470081253505,0.2143343880984055,0.014977705020527587,0.34334441060903015,0.00833935785786991,0.2352474486583423,3.846479403657824e-11
CATACCTCGATTGTTC-1,0.04135005452555605,0.04503863026962319,0.40876073799022933,3.1458416375655006e-11,0.17879109914638208,3.794409077542309e-11,0.4882269502605841,1.2672186681446512e-11
CATAGAACATTGAACA-1,0.13519206411986232,0.08134776382300503,0.5116678703914809,4.3126791844097335e-11,0.32653978543581286,1.134081851043873e-10,4.465557995748156e-11,1.2672167061254777e-11
CATAGACGAGGTATTA-1,0.03846494619599156,0.037816294273085735,0.3054435773480814,2.5349341619148226e-11,0.15001459317437982,0.013634721278245198,0.3546258677047766,2.5195272321259772e-11
CATATCAGACTATCCA-1,0.2913646262981193,0.36593754055019484,0.4174282751801765,1.1060511861237037e-11,0.1252695579135532,1.2021544940248745e-11,1.1092717476144026e-11,7.222430527701238e-12
CATATGTTGACTGGCG-1,0.15570840405246092,1.3215483919141943e-11,0.46991725017520486,1.8172079390196312e-11,0.10320964904623722,2.3736616646798498e-11,0.4711646965780404,1.0971338792958986e-11
CATATTCATCCGCATT-1,0.01779078862717483,1.9304893393077443e-11,0.2199533315285109,1.5512543289545017e-11,0.15271198422268648,2.4635481122174577e-11,0.5095438957504757,1.3521155990407074e-11
CATATTCTTGTCGTAA-1,3.285741417218586e-11,5.392656596336302e-11,0.33238521046370806,0.030294118296166857,0.43512648606921794,0.009332438363491229,0.09286174674326496,1.8344681714407996e-11
CATCAGATACTAATCG-1,0.07784532257030197,1.0803731885897385e-10,0.5026073950311448,0.01534601288501041,2.8410803970791107e-10,5.850312027804725e-11,0.32907792262948665,1.2672121848789255e-11
CATCAGGTGCCTGATA-1,0.09773578831354471,0.02480681088589341,0.5423065132873834,2.1479605893693286e-11,0.28887324181335594,2.2746934085490543e-10,0.24627764533359037,1.1318621614087996e-11
CATCAGTAATCAGACA-1,0.06461851338675446,1.8505290328329832e-11,0.2730576641197916,2.1469206974683354e-11,0.18319685903665273,0.035940698946206294,0.4999476790038968,1.2672166876761085e-11
CATCCGAAGCGTATGG-1,0.06526229751663501,7.053738944736498e-11,0.42089889518379897,1.2707562555241118e-09,0.22391722359404168,0.006089370101742236,0.18383221226889623,2.2602529323444225e-11
CATCCGCCTAAGGAAC-1,0.19626418272952506,1.4857030665079003e-11,0.32535391230231464,1.485663657763251e-11,0.11173989780788418,1.6365706070442242e-11,0.4935009992441956,1.2672176172543035e-11
CATCCGGTACCAACGA-1,0.03519585632315996,3.415933662207497e-11,0.4420339758897923,4.312672396503175e-11,0.08842320759518359,7.955436448868172e-11,0.4990155454709988,1.267216904632007e-11
CATCCGTGCGGTCTAC-1,0.15691560325383605,1.7209492867947048e-11,0.3734756418480668,1.833307970505691e-11,0.18077892154548272,3.098146627196353e-11,0.48882983307268907,1.1922960738307964e-11
CATCCGTGGTCGTAAG-1,0.11563128141655526,0.04383377575167931,0.48091709903398866,1.7850057752191128e-11,0.2063439917416133,0.053273852008823994,7.239333231579484e-11,1.61342624882731e-11
CATCCTAGAATTATTG-1,0.056418903924953995,0.02566349683899363,0.15946954728875434,0.03898472860560951,0.37356853020872316,0.09147867522299552,0.1483762265912162,0.006039891332622936
CATCCTAGTGGTATGT-1,0.24647152186068233,1.6074717825671452e-11,0.32593261263932716,1.5366567934328003e-09,0.17184321016169468,8.986254754602016e-11,0.4557526536374138,1.0064662206953279e-11
CATCCTTCGACTAAGT-1,0.03369944969607778,0.023364387758980226,0.550803144263624,6.612584971054922e-11,0.22770299548748002,0.06443002270154802,3.338221746944772e-11,2.2231441776757112e-11
CATCGCGGTCGGTGCG-1,0.13266429424939746,1.5924661829102674e-11,0.3453169505588769,4.031288311343891e-11,0.2733528822189312,1.327555266087393e-11,0.4486658728477186,9.916668393305788e-12
CATCGGATACGCACAG-1,0.09885666525364394,0.04941201611430661,0.30039966658242,0.03257982313331305,0.20388944076261406,0.09042560754180133,0.10798653885818349,0.016450241765885897
CATCGGATCCTACCTG-1,0.02685099215782545,1.2547574379533452e-11,0.5135422501164568,1.253352888072218e-11,0.18224708450387198,1.0942018175015215e-11,0.477359673095163,1.0942017374922984e-11
CATCGGCATGTCGAAG-1,0.04359522824338561,2.962035691017967e-10,0.30530444627979375,0.007512776388743343,0.26009164326497236,0.0090338636690381,0.27446204183123984,4.4484074145555196e-11
CATCGGCCTGCATATC-1,0.13152359314455953,1.78509384468788e-11,0.4194815693355588,1.5534960564670726e-11,0.1734997465124018,4.2861844886357216e-11,0.47549509082030633,1.1241909135260562e-11
CATCGGTAGCGTCCGA-1,7.007889723181184e-11,5.218505646185127e-11,0.15301837247771535,1.9102685023786172e-10,0.16566876222236684,4.2550207131524504e-11,0.5813128649422904,2.644136078484212e-11
CATCTGGCCATACTAG-1,0.27849535108658696,0.012318775808197145,0.41080326121424277,2.759307417331265e-11,1.096968761098493e-10,2.7600691151109256e-11,0.4953295989047258,1.2671750429335077e-11
CATCTGGCGAATGTCG-1,0.06306328155812375,0.019126337337437502,0.19796395315843132,9.963476947975711e-11,0.1616180195643634,9.976773683147455e-11,0.4582284081519895,4.8972623986428605e-11
CATCTTACTTGCACTC-1,0.12788364597564233,0.024982677185736886,0.2196178518451068,6.499388436384934e-11,0.291572363886865,1.2576193762970888e-08,0.23594344846148838,2.7542168560802348e-11
CATGATACTCAGGATT-1,0.027318307413309137,1.199707974859482e-11,0.13944813768088077,1.5194714420260428e-11,0.258944352308747,0.28700728367602646,0.48728191865662546,1.1997082054279662e-11
CATGATAGGCCATGAG-1,0.18553072671707646,4.0066132746259046e-11,0.3975224882714021,4.572322235523425e-11,0.1473696623356223,5.974566305164922e-11,0.16957712253859097,2.2100184529049374e-11
CATGATGCTAGCCATG-1,0.029635414757734055,2.4348033682923694e-11,0.526787022633465,0.14468678261347334,0.15044282501963127,3.1015163231441665e-11,0.22236486002972614,1.2672170848511086e-11
CATGCACGCCGACGGA-1,0.1356147847951904,1.509447606647546e-11,0.2863032131378065,1.8661669612396462e-11,0.19379468013238962,0.013299222334528934,0.49945377104881905,1.267217815868356e-11
CATGCAGAAGTCAGGA-1,2.750376253426887e-11,1.0680411685051694e-11,0.4203292577227137,1.855556883730025e-11,0.052568022909002546,0.3385857007429845,0.38851701854012477,7.816761242799575e-12
CATGCGCTACTGGAGG-1,0.15785785117104745,5.847415292534697e-11,0.4089553420380691,1.3548936492159432e-10,0.1838700403666254,0.07136984284894347,0.07794692337888143,2.6772304916891233e-11
CATGCGGCCGGAATTC-1,8.367440977817537e-11,0.021869960795834087,0.10773189327015129,0.022169584580243266,0.12347950530484404,0.007030106020951762,0.6177189499108229,4.997926866024195e-11
CATGCTCATCTGAACG-1,0.06467208988961683,0.01976982839652558,0.2656174665056703,0.01940933648656548,0.421957789601785,0.055857585350604956,0.052715903664817085,1.1869375796442838e-10
CATGGTGAGGCAGCAT-1,0.03156363965638233,1.5764088948580367e-11,0.31067077783583513,1.7954471550224855e-11,0.2285797824223936,3.085425807352138e-11,0.49552985284030215,1.267216759601174e-11
CATGTCCACCTGCGTC-1,1.0423841016549174e-10,2.545826734378448e-11,0.43929302502449297,1.9140205584961637e-11,0.3432458692253352,0.07406313702333572,0.34339796855451926,6.5723734882853904e-12
CATGTTACCGAAGGCG-1,0.21657822917812758,1.7598005998468093e-10,0.44586585173026844,5.071623935085265e-11,0.03330080959230061,1.26054784358931e-10,0.2042551091586239,2.067031615911961e-11
CATTAACTATTGTTCC-1,0.20829769214060095,1.7124097595442366e-11,0.48151039129141054,2.1374196215230966e-11,0.033377308557782225,2.3667389324344852e-11,0.47681460778397233,1.169865841624112e-11
CATTAGGATAGTGAAT-1,0.09814884050874481,0.02556429350870853,0.4932146232869709,2.3393750992060285e-08,0.23256258027193855,0.012555394384490414,0.037954244651106375,2.2066144970071984e-11
CATTAGGCAATGGTTA-1,0.312283949038685,6.9607602174006106e-12,0.37313222322675743,6.955887428446139e-12,0.19456575289887737,1.3504283047949724e-11,0.3200180747897444,6.221526594796001e-12
CATTCTCCAGTCACCA-1,0.08565964999728898,0.003230976409926058,0.4905381639073537,2.0351832138269247e-11,0.13633416948852467,2.9008396730610084e-11,0.48423703999121726,1.1655537374590592e-11
CATTGCAGCGAAGACC-1,1.4220652374465726e-10,2.5732566370380736e-11,0.3692219106872631,1.8544221504188344e-11,0.15993049935310946,0.07828030153416107,0.30037113451180975,1.2672111831246002e-11
CATTGCGTGCCACCTT-1,0.18104382330099147,2.7443810531617683e-11,0.39330635270911823,2.989511702537688e-11,0.11603126483924456,2.373934844222262e-11,0.3140504031121748,1.2672154734674222e-11
CATTGCTATGTTAGCT-1,0.011643428447136197,1.8942354042873123e-11,0.492139777324236,5.636619170722972e-11,0.08213255424231927,7.455547477678614e-11,0.460835854941296,1.267216284067706e-11
CATTGGCGGTTGAGTC-1,0.08709365332305194,2.8242635925538436e-11,0.3766415465255838,1.6299034768756922e-10,0.09701171312142062,0.011067078523786762,0.32818600831719374,2.4260065512694047e-11
CATTGTCGGTCGCTAG-1,3.103053026247974e-11,0.14041386330154956,0.5406721899486117,0.06985752747822693,0.14905641927157542,3.136835870949433e-11,3.381818468222127e-11,1.4342565828900864e-11
CATTGTGGCCTCAGGC-1,6.198911213207961e-11,0.04232306613131547,0.21836738300321515,4.2716183525107497e-11,0.21828814702237387,0.016744980663441572,0.4042764230791303,2.3578918829720878e-11
CCAACAGGAACACGGT-1,0.3560574393540249,0.18145074951576218,0.4429284340260189,1.732031259567248e-11,0.07710210421426233,0.13541518489631243,0.00704608794240127,8.456243630418306e-12
CCAACTGGAGATTCAT-1,0.021185498855735355,3.556795836858903e-11,0.23342883197237907,3.056610330057806e-11,0.25541768160974954,4.236220015091013e-11,0.3899679875123744,1.529047366566896e-11
CCAACTTGCCACCGTA-1,0.26171986199654496,1.641241429883801e-10,0.4874494852437872,6.842217748992979e-11,0.011485588735614142,3.321283481568394e-11,0.439345063700536,1.0018886172468629e-11
CCAACTTGCGTTAACC-1,0.1928053998326415,8.063056004716374e-11,0.43893959623605633,0.05812303768083738,0.2101319551466623,1.0873146082290066e-08,1.4963743796725088e-10,2.7616725986820002e-11
CCAAGCCTGTATTAAT-1,0.00014459151335025094,1.2873144957648174e-11,0.25066466458025777,2.232041172538755e-11,0.17232632362333136,1.6325431930192712e-11,0.4768644209649107,1.2873200521955376e-11
CCAAGCTGGCCATTGC-1,1.4219303242531709e-10,4.3774054225218917e-11,0.4819215238877385,1.2804081148463482e-11,0.11863171090899324,0.13411826937124546,0.4653284955487593,1.0810614794444673e-11
CCAATACCAACACGCC-1,0.4092159813170247,2.336820675730195e-11,0.5080447896336324,1.9025156618717197e-11,0.07055110100785107,2.3178004360828878e-11,0.020240162341159877,1.2672145166111526e-11
CCAATAGAAGACTTGG-1,0.005585634748580668,2.956933404274034e-11,0.19709959811443986,0.002916525359753813,0.1563884002009607,2.3075789397026226e-11,0.5380098415558429,1.7037669371297846e-11
CCAATATTAGTGCGTT-1,0.07931791477379821,4.1365755964855255e-11,0.34663500130798697,3.8768351625724494e-11,0.16115907179776584,3.455244110630781e-11,0.3128880120366742,1.692076291694945e-11
CCAATCTAACGTGACG-1,0.035953757308480716,0.002294680060545828,0.4855981027324113,0.009850762720366505,0.12171546948116156,1.5769050632591942e-10,0.24458722755320508,1.9353844017842763e-11
CCAATCTTGCCTATGG-1,0.015207920118842774,2.7234167070692355e-11,0.1499205907054344,2.965717097295381e-11,0.1807053826051164,6.289939893878257e-11,0.5541661064632099,2.056263277009145e-11
CCAATTATGACACTGG-1,9.408852847077249e-11,0.2780195643669824,0.42801872521233186,0.07727644295348543,0.04744981949177156,4.621002995049605e-10,0.06923544755070042,1.388354974416617e-11
CCACAACCAGCAGGTG-1,0.018013020694785026,5.236642498677503e-11,0.5576492309396193,1.6195423451238353e-11,0.2057493028530688,3.0223808554058035e-11,0.11858844545834425,1.6106971718924176e-11
CCACAGGAAGATGTGC-1,5.4983566815001985e-11,1.6260463042942945e-11,0.23271556421924666,1.9588517651067318e-11,0.3324901586186966,2.7066883474921904e-11,0.49705096782949376,1.2672165331372634e-11
CCACATGGCGACGTCT-1,0.0665739354031476,1.5372512453636262e-11,0.39302256799186913,1.3544770403529864e-11,0.28313706379270415,3.301024402883467e-11,0.45726643269254735,1.0004946589993412e-11
CCACGAACGCTGCCGC-1,0.03713256887440319,0.04068186726979158,0.2941220138470492,1.6961230320953533e-11,0.18891871654582065,1.2048268973392306e-10,0.3391448333897496,1.508106145013424e-11
CCACGATCCTAATCCG-1,0.03273478832033446,2.0192996333861942e-11,0.4994141405089698,2.3033338698954872e-11,0.18011368206745754,7.635803201992051e-11,0.4877373887166592,1.2071292622469838e-11
CCACGCCTGGAGAAGT-1,0.09538107131769362,0.06618448208143558,0.26962512253082976,3.3201049849206063e-10,0.1684477797971918,0.038522618510140015,0.2618389253947201,5.460287016247147e-11
CCACGGTACACCAACC-1,0.07105210754583427,0.08329241907944679,0.22763138570079716,0.09486942314853686,0.1800902412044666,0.0662581877645106,0.1488172117518158,0.027989023816099738
CCACGTCAATCAACAT-1,0.3126137421925026,3.831071048834314e-11,0.42161956688870367,1.059952312580105e-11,0.0652110892949685,1.1621450495281427e-11,0.4005556015348725,7.842676012581096e-12
CCACGTCGGTCGCTTC-1,0.007807251036662361,1.6506943457294112e-11,0.38110007955989006,1.820246667814646e-11,0.29887623993141393,0.0637311644533694,0.44848526492954116,9.864763426683537e-12
CCACGTGCCACCTCAA-1,0.08767536882286768,8.218083825105919e-11,0.21252639041649382,0.01706899436680194,0.2645976133179492,6.013884315762257e-11,0.3181316329252737,3.014471984557065e-11
CCACTAATCACCGGTA-1,0.14515528648622153,0.05865068447183224,0.4344198667225525,1.1688311184048877e-11,0.2687442969101366,0.18113727272028918,0.11189259265538358,6.8206890435208275e-12
CCACTCTGTAGTCGGA-1,4.2719818203251376e-11,2.946474750864758e-11,0.292090742190481,2.2691105890439004e-11,0.20495066709174664,1.1076128813576185e-10,0.4651732058239391,1.2672144611838787e-11
CCAGACAATATCGTTA-1,0.052537544214725146,1.5592683374133144e-11,0.37821457852941837,2.4667273120984315e-11,0.2650053334270166,6.446024956104511e-11,0.4914667032508754,1.267222797743176e-11
CCAGACAGAACCTAAG-1,0.12825703438381156,1.8745343014207725e-11,0.4771220790428094,2.7305927026004402e-11,0.13047597377657738,2.556824135669797e-11,0.4641449126369218,1.088810343794824e-11
CCAGACATCCGGTTCT-1,0.15514845590864307,0.02171708841243083,0.5809756576746498,4.6539247455901486e-11,0.10300982246727192,9.645735965082113e-11,0.039148975384517094,3.096157025505662e-11
CCAGACATCGGCACGC-1,0.07306247870831427,2.7083329694054657e-11,0.45066450235931976,2.6940469985014938e-11,0.08910092216771018,2.6940468018883963e-11,0.4972475734829756,1.2672175480818469e-11
CCAGACCAGCGGCAAG-1,4.057464136360526e-11,1.6272185890164575e-11,0.36458581221304487,3.8951781485742756e-11,0.19395248153082217,1.645597786474977e-11,0.4933806245404054,1.267216016208798e-11
CCAGATAGACGAGGTG-1,0.4909143222802299,7.692194597569268e-11,0.5088212291396622,2.0851829694968484e-11,0.04065678617688805,1.929371199767993e-11,0.12574596761140183,1.2672186939803762e-11
CCAGATAGCGTAGTGA-1,0.08077614815760593,1.6447452163324778e-11,0.48055384430246256,1.461570602072934e-11,0.20453843326851764,2.6839945778317033e-11,0.4341315741429829,1.045717365196755e-11
CCAGATGATATGTAGG-1,0.027034706103130773,4.0108192939234396e-11,0.4354699675683142,3.285407555306816e-11,0.10790877867371758,1.9185302348241593e-11,0.3586378504617725,1.2672139145378434e-11
CCAGATTGTAGCCTAC-1,0.027836963539622978,1.0678976218301687e-10,0.5779521505507276,4.6461026773476866e-11,0.19226497651679936,4.751968362445055e-11,0.10194590919200625,2.4964711651960516e-11
CCAGCACTCGACTGAC-1,0.286143670097261,1.7664543265385712e-11,0.46756607935774464,1.3580549000416479e-11,0.10772742369869853,2.995183996230105e-11,0.33856282673392485,9.704606129836478e-12
CCAGCATCTACCGCTT-1,0.15049225155723764,0.02222695519842444,0.20352950186640575,0.04889074606520432,0.2147389331399226,0.03353969412387469,0.19804886299351113,0.028533055067300722
CCAGGTTACGAGACTG-1,0.06570754045063788,0.00514416873385802,0.25985034488555303,0.0027226344556128606,0.19289080422267066,0.03401189206906737,0.33967261515557473,4.441279357780686e-11
CCAGTGTCTAGCTACG-1,0.029147199557975338,1.740917898346473e-11,0.3544059400320438,1.7429404686367334e-11,0.0693254034774782,2.7770804486381396e-11,0.49555922112867823,1.2672149601185343e-11
CCAGTTGTGATGCAAG-1,0.1371213366976561,3.15790932299736e-11,0.48730883339535597,2.0920795558093994e-11,0.2755698296951695,1.0339640955428428e-10,1.5143794632919972e-10,1.4343941818350607e-11
CCATACGGAGCCAAGG-1,0.12212276346733197,0.009553070401935735,0.5278732043732206,0.08324810538524996,0.0749284817957043,0.04615166744880874,0.29869776032043044,1.2672185708074289e-11
CCATAGCCGTACGCAC-1,0.03199849558043545,2.7770350930941948e-11,0.17448130297490747,5.7476445170560585e-11,0.136029230674539,3.581675129570707e-10,0.5574909703424704,1.9734563640844502e-11
CCATAGTATTGTCTGC-1,0.04223336984108294,6.693374276764584e-11,0.46678092766119067,2.2793868918972603e-11,0.4926848332567664,3.4828238033687945e-10,7.159838402706353e-11,1.2672151193779441e-11
CCATAGTTCGAGTAAG-1,0.040074336325734636,1.1081039111858407e-11,0.41659240970504413,1.2120422145378392e-11,0.15326430743357702,0.17515572359995155,0.4149132228805766,8.250842848243531e-12
CCATCGGACAACCGTG-1,6.110851229408905e-11,2.4136961445771177e-11,0.24175660824669118,2.4300737052627055e-11,0.13736047229632342,2.7521626191008483e-11,0.520882919410199,1.4417403118314765e-11
CCATCTGTGGCATCGT-1,0.3304044084966352,9.994833820939872e-12,0.41537507936537693,4.413876160857003e-11,0.06620345574129163,1.130711334901709e-11,0.38801705630443767,7.633169949200704e-12
CCATGAACAATGCTCC-1,1.4157207847164994e-10,5.53114933647169e-11,0.4548157928615635,0.0774218969412043,0.35724645182755393,0.1244868483788834,0.18602900977248207,6.819664638745375e-12
CCATGGTTCCAATGTC-1,0.24536977385732742,5.5146164121545706e-11,0.37373410863219775,9.735377831538792e-12,0.16946640545226316,1.3723031528135309e-11,0.4114297119484137,8.155336585869587e-12
CCATTATCGTTACCTT-1,0.07190109705209356,0.024967231042574825,0.4107179800353661,7.384821564955197e-11,0.3153974544070768,0.051669746391035457,0.025346490988193117,3.1181264511962446e-11
CCATTCCGGTTCTTCC-1,1.656390018302906e-11,2.2756781898524427e-11,0.45587105733993427,3.787101598853963e-11,0.0028831580819380334,1.6307956089919963e-11,0.499203397174684,1.2704561609070619e-11
CCATTCGTCTGCTCTA-1,0.32307889302465503,1.1169824384896678e-11,0.415612600108731,5.7878026927726015e-11,0.08717110001804305,1.6996792588706822e-11,0.374137406735971,7.595485902350369e-12
CCGAAGCCAGGTTCAG-1,0.07834189894613423,0.006887837016759673,0.198651219360914,1.9006517251234288e-10,0.18673757959199383,1.9245626043522755e-10,0.4293814645252088,1.900166147266793e-10
CCGACAACGTCATCGG-1,0.05302421451691955,2.0320613906190732e-11,0.5204973014325439,2.1372853748746014e-11,0.22527681462524274,7.564063665320441e-11,0.10120166956214723,1.3302486033022028e-11
CCGACAAGACTGTACT-1,0.06759518751628321,1.0153613427439747e-10,0.4256954501282681,0.06507847971567123,0.1052589318633557,0.06516848637918812,0.47120346414046976,1.1644324873119238e-11
CCGACAAGTATTCATC-1,0.05406165441555922,1.460405242558672e-11,0.48082703342819155,1.3471482694604623e-11,0.10903814510249722,0.09662471612945052,0.45944845083205754,1.0257126289294044e-11
CCGACAGACTGTGCCT-1,0.41764726822877474,7.887612950858685e-11,0.4746261033868137,1.2819447448545936e-11,0.23585499222874512,2.1634948238447627e-11,0.071871636000857,9.11434157295743e-12
CCGAGGATGACTCGTC-1,0.36294963392215845,9.59249376838309e-12,0.42857481170692036,1.2799694590529501e-11,0.03438511953356411,1.2799693512597668e-11,0.37409043476906667,7.190283420032588e-12
CCGATAATGGAGCCTT-1,0.14438840881385456,0.04981342850199351,0.47264555192258834,4.261054436599928e-10,0.09704219303132537,0.024751758936968044,0.11135865833785076,4.6807660249812355e-11
CCGATGGAACATCAGC-1,0.10714085734800355,0.016786913682021194,0.3073295373836252,0.014447091961267488,0.2489040565405139,0.04994011800456116,0.15393713055278926,0.001514294556950113
CCGATTAGCGAGTGTA-1,0.04840213304092778,1.976798650655159e-11,0.3581514975642932,1.6856154643135224e-11,0.2026077495351174,3.011671525613869e-11,0.5007976385798248,1.2672176328050767e-11
CCGATTCCATAAGAGT-1,0.2881737293266372,0.0033593982698460925,0.3325864534375183,1.3290537573373183e-10,0.21966143756065817,1.4494032983708113e-10,0.056218981106186755,3.995801953714613e-11
CCGATTCCTCACTACA-1,0.1328175755749504,2.1535453493908448e-10,0.4914115773714798,0.0866431068826527,0.06292365706530917,3.028738145686991e-11,0.42620408281466776,9.36440208518089e-12
CCGCAAGGTACCGTTG-1,0.10851443874766413,2.4039737714914314e-11,0.3714031045663757,1.93979733379498e-11,0.16368339526373066,4.6089866171250846e-11,0.49863785856637405,1.2672179814083362e-11
CCGCAATCCGTGGTTG-1,0.11976174540150657,2.215159461407071e-11,0.22084712037899853,1.8661621399461017e-11,0.16382054795956733,1.9426790470890322e-11,0.4991955014400651,1.2672155511842202e-11
CCGCAGTGATCACTGT-1,0.1757179654545319,0.045751645388841335,0.22362926188645876,0.024364097770225555,0.19737274966425844,0.04518250432535565,0.18798177546089861,6.510552441741195e-11
CCGCCATACTTCACCA-1,0.3294052102860059,1.2567896004353105e-11,0.42335974689487005,1.0188975697288365e-11,0.038267434877883276,1.6409715284230343e-11,0.4089676078702763,8.239817657206325e-12
CCGCGAGGTGCGATGG-1,0.024586504316181538,0.004821290281677949,0.5038407476298485,8.757616646640842e-11,0.2427332262405632,4.435093845137604e-11,0.12401823142332515,1.8193788412119637e-11
CCGCGTATCGTTGCAG-1,0.0213096940357201,0.13527764373960638,0.22179989010741158,2.837275502436641e-11,0.05728189218389784,3.828105882486138e-11,0.4643308799157762,1.5749294125765306e-11
CCGCGTTACCTTGGCG-1,0.09862889700159234,1.3809538730372932e-11,0.5163249353698031,3.54098625987104e-11,0.49760332903410615,2.935028631519508e-11,2.9099636330434568e-11,1.267217486512943e-11
CCGCGTTGACGGAACG-1,0.02441041405609024,2.42570245113122e-11,0.12909177415168763,3.074290255728225e-11,0.19483492618410383,3.088660237121335e-11,0.5516628855371905,2.0038669098599868e-11
CCGCGTTGCTACAACT-1,8.958410235835074e-11,3.0788395928664134e-11,0.2919880077113343,2.486407480796631e-11,0.24900393734290163,2.0856244992862352e-11,0.49782068920329486,1.2672160752039448e-11
CCGCTCAATCTGGAAC-1,0.11615608289489156,0.00983325057196109,0.28772432173695484,1.886634763392988e-10,0.20471006912644882,0.07832452484862587,0.20325175062702833,2.8445101560227895e-11
CCGCTCATACAAGTCA-1,9.08610524196828e-12,0.1663673999571496,0.4967229421580818,0.3226488105452233,2.6560742724590608e-11,1.1812188755703864e-11,0.2142608472718936,6.465920021148425e-12
CCGCTCGCTAGTCTAA-1,0.14194933996896347,1.3127328188464462e-11,0.49399380874649873,1.2902092767314522e-11,0.30613313211762283,2.149563945884479e-11,0.257923719065192,9.924162082022779e-12
CCGCTCTGCTGAATTC-1,0.16766292388298265,2.6980862115220715e-11,0.5019852324398508,1.8010608991717292e-11,0.07946253068322472,3.6466633033595623e-11,0.4179878173128431,1.2676581684926135e-11
CCGCTCTGGATATCGG-1,0.09339952622059157,0.1565952297715934,0.2686214702659673,0.03926420848800335,0.1533359782526978,0.06053204979499993,0.12825153670995945,5.075654671688499e-10
CCGCTGTCACCTGCAA-1,0.12212306120987824,4.618836455949208e-11,0.40505157664797,7.100627074390449e-11,0.19566064629023466,0.05141921245352888,0.12574550326715195,3.4162222129744175e-11
CCGCTGTTGCCATACG-1,0.06343902835488502,0.006967773831749942,0.4116309841863397,0.013643249223874672,0.2906668236341991,0.035904565698784176,0.07774757504614446,4.21814194426251e-11
CCGGAGAAGCTAACCA-1,3.1052018754663493e-10,2.991458989249788e-11,0.36988415269617836,2.165434370067152e-10,0.22810600023871633,3.53406556863307e-11,0.3020098465205781,1.5787480349336e-11
CCGGAGACAAGAATAA-1,0.12396879236770227,4.3739821610475075e-11,0.21714643394334715,1.961469970053952e-11,0.10703469940056815,2.70778203122253e-11,0.4966712119881719,1.2672151316033479e-11
CCGGATCACTATGGCC-1,0.46432008304428246,4.2122886153253953e-11,0.47436882305751954,2.814492473493306e-11,0.0022593449912880936,2.003298878624373e-11,0.25905174868357267,1.145816302158516e-11
CCGGATCAGCCGACTA-1,0.10283475662375685,9.76665424287344e-12,0.4567165199546824,8.90185001905864e-12,0.209082481275084,2.3780359305092335e-11,0.43136624206515556,8.90185004226907e-12
CCGGATCTCCGAAGCG-1,0.02107189079370419,0.0038859605760752517,0.30915263086174966,3.278344082513829e-11,0.0908394540156391,0.1083869664332092,0.3666630972853275,2.6149120526386688e-11
CCGGCATAGGCAAGTG-1,1.2240690140941571e-10,1.2750134486075285e-11,0.46528506643576445,0.18979030931144783,0.1631073138272983,0.05747086327430232,0.1362948573969306,1.2672159183331224e-11
CCGGCGAACATCACGT-1,0.056451684303693225,9.493875689874969e-12,0.28600856695571175,1.0953396056459853e-11,0.3231456920686076,0.14184055219513367,0.3925535044270627,7.91035614072175e-12
CCGGCGAACCGTGCAC-1,0.10606449971076873,2.749011992437945e-11,0.3858873230012337,2.1181937746907954e-11,0.07399091285619265,3.2164705403356315e-11,0.3340572643890885,1.6500265493329263e-11
CCGGCGAATGTACAGG-1,3.936741280003603e-11,1.4857030183828166e-11,0.3514355692358297,0.053694917654271944,0.1434376356492393,0.0656220631182454,0.49876621787914754,1.2672175214588631e-11
CCGGCGAGAATATTGA-1,0.07631161987908261,0.05473271763418624,0.29762076576634255,0.005478023982705693,0.2939807992408362,0.06375750125928062,0.10811857170682125,5.442838045769583e-10
CCGGCGCAGCATGCGA-1,0.03928236263755258,0.03481726658717511,0.2920366356686503,0.03469082994700621,0.18862587339908984,0.10901684925076645,0.18257993327658414,0.01895024924540144
CCGGCGCTAAGGATGA-1,0.19552904562718637,2.387945414725638e-11,0.47537772048418403,0.05384231334685623,2.5521392495781875e-11,0.05539398147984536,0.41985693897276727,8.854845175946563e-12
CCGGCGTCCTCATTGT-1,0.13047534092658541,5.1506098980994506e-11,0.39561003476527495,2.45343945419004e-11,0.17339752388246069,0.02633212444417009,0.47418497575392904,1.1619810526201681e-11
CCGGCGTCTTAATAAG-1,0.037291318941061614,2.751351846536418e-11,0.25920226771705357,1.5764069145006618e-11,0.22875323772531253,1.929364259409421e-11,0.4975789143608342,1.2672154547045981e-11
CCGGTGGAGCTGGCTC-1,0.20847657568694472,4.937107017872066e-11,0.33969224244486734,2.1857590917202505e-11,0.11504165106843695,1.7581310343439496e-11,0.4934884382550022,1.2672184145801686e-11
CCGGTGGCAAGCCGTA-1,0.17297709280671145,1.2498637050455552e-11,0.45833128116512767,1.1713472243864004e-11,0.3172668739975496,1.713983059227649e-11,0.2514247519612656,7.792153690073748e-12
CCGTACTGGACGCAGA-1,0.09699147940135219,0.027653479326610098,0.28080596299876803,0.03702561288167982,0.18345861932555663,0.04939709130224135,0.22466775465801353,1.199725096403838e-10
CCGTATAATCTGGCCG-1,0.09170289067999945,1.803929786563771e-11,0.3007728491090492,1.7954457056579885e-11,0.16809188773209055,1.615127065850604e-11,0.4921702921483511,1.2672161141815276e-11
CCGTCTTATGGACGAG-1,0.19616356308186092,2.048512629983192e-11,0.30856816993961195,1.555362733174282e-11,0.21548222073233386,1.5597701662194283e-11,0.4797860460667848,1.1427222459907398e-11
CCGTGAAGGATAACAG-1,0.17032622701665426,3.964818125799398e-11,0.5433888518078241,3.704321670545013e-11,0.1169664252945635,0.02812182511684916,0.04119667074538437,1.532113383305903e-11
CCGTGCACTACCAGAA-1,0.042351635011243574,1.485701038566816e-11,0.2830398865029487,1.9588503018609395e-11,0.2200774902743907,1.9665918400077824e-11,0.5021263109534536,1.2672159993789243e-11
CCTAACGCTGATGTCT-1,0.04511014239070108,3.0959308582724653e-11,0.3011377837661267,2.0175775703689706e-11,0.17430280789504055,0.0737797153068647,0.3056695506035621,1.999105861561493e-11
CCTAACTTATGTTGGA-1,0.05610697188135239,0.13892224687157603,0.4664935058192566,2.9008370603377244e-11,0.19560727236601852,0.04287000299693629,6.035996308051926e-11,1.8046441987746824e-11
CCTAAGCATGCCTTGT-1,0.426297577894866,0.0033754637785725597,0.4606965802951196,1.309435743651955e-11,0.0405019886746299,2.550717487572639e-10,0.2691283890345965,9.857532284728649e-12
CCTAATCAGGCCATTA-1,0.23275576399243528,6.318716886295843e-11,0.47645355956569907,2.5054874156130537e-11,0.15777978107746457,0.030942886196463012,0.047953439107241425,1.2695739713775722e-11
CCTAATCCACAAGGAT-1,0.21035593512666775,0.0021898219323227687,0.5369666215449203,4.488939700642742e-11,0.12010819266767131,1.8093390264807752e-05,0.030361335338471036,1.8272651894428578e-11
CCTAATCGGCAGTCAC-1,0.0005092235931810875,1.6870018677453283e-11,0.3250623679513042,1.7669584391137853e-11,0.07216539381920133,1.857024046356603e-11,0.5022630149932384,1.3271591152182819e-11
CCTAATGGCACTGTTC-1,0.2648364026142569,1.7869279325091147e-11,0.4681118225092463,1.1666242245693126e-11,0.01016092515990339,2.4976049952968405e-11,0.45689084959229426,1.0442345174003951e-11
CCTACACCGACATTAC-1,0.2022669125044539,2.414882542656536e-11,0.2770580492180729,1.53379572311793e-11,0.0164025483011083,3.292460038583627e-11,0.4920242631676678,1.2672149381533167e-11
CCTACCACTCCAGTTA-1,0.2067517757411953,7.175228124513854e-11,0.5783748766088096,0.18981501382712046,0.11129218202168861,0.002656645516231458,0.11110950613140974,1.0752906060789606e-11
CCTACCATGTGATCAC-1,0.07019141391046736,0.09289661500998156,0.3693824325816019,0.04510465231274658,0.19890066772109694,4.2256026578632624e-11,0.12352421840001923,4.0333581536889096e-11
CCTACGAGCTGGCCGG-1,0.13075886449788138,0.17959947058079626,0.5309515117487709,3.4131631840723453e-11,0.11155846159563648,6.477287486864027e-11,1.3713140575405777e-08,1.2672144351181665e-11
CCTAGCCTAGTACCGG-1,0.10544923651185663,1.9183229258361853e-11,0.32608046587610107,2.8580050929540526e-11,0.25614312580619253,0.03521254592911104,0.47711462569925833,1.145550457711406e-11
CCTAGCCTTCATCGGC-1,0.20895518573283536,0.014310046706834943,0.40719562489131494,0.0039800771717074706,0.11509778893836585,0.0038312136089200723,0.14663006290884545,4.089546645807922e-11
CCTAGTCAGCGAACCA-1,0.041082532654383115,4.123815114836945e-11,0.3848432159091341,6.957147772562035e-11,0.14683119583696264,1.313157524449509e-10,0.3272430553550972,2.6603794300174535e-11
CCTAGTCAGTCCTTAT-1,0.07148061729208346,5.8130363450145763e-11,0.3891059930714046,2.023830475015322e-11,0.25202085230597165,4.948599280344406e-11,0.18739253725421978,1.5621156926132315e-11
CCTAGTGAATGTCTGC-1,3.1779594943709866e-11,2.439552569797103e-11,0.36130387450085455,0.14346739241960924,0.21378519204734336,1.500031312056397e-11,0.4374207283833554,1.2714357041158493e-11
CCTATGATGGTCAATG-1,3.7480784247028904e-11,5.7135242810680275e-11,0.269365440034157,3.755578209792529e-11,0.11256836667276532,9.300382225705493e-05,0.5179731892751732,1.422073425051868e-11
CCTATGCCAGCAATCC-1,0.08697077773944649,3.1950699906499633e-11,0.5156199027029336,7.804787860503747e-11,0.09527923045628565,0.02514290307822574,0.4769871858115062,1.1115494966827731e-11
CCTATGCCGTCGGCAC-1,0.11472175791978631,0.23403529431412076,0.2711484574383144,0.0306446239732826,0.0645714031060195,7.699477415473436e-11,0.1848784631097993,7.685968660187395e-11
CCTATGCCTTCTTGTT-1,0.06061319367294072,3.223118519934154e-11,0.4504227130600701,0.016307748706809223,0.0357954028859169,2.471369962264336e-11,0.37161541422243793,1.2672138082314914e-11
CCTATGTCGAATAGAA-1,1.694381688692505e-11,6.353520657256734e-11,0.2716803783647241,5.699439155936857e-11,0.06486584030359792,0.07613935723296268,0.4873144241293428,1.3618640049424911e-11
CCTATGTCTTACCGGC-1,0.08245326738912856,1.2492186160982461e-11,0.4571989689388408,0.05161078226461291,0.17008040673166247,1.3351949172322884e-11,0.43865657460681035,9.222689896470886e-12
CCTCACAATACAACTG-1,0.23233549979684315,2.5670195133592352e-08,0.4373416739192365,5.4240403606091124e-11,0.22082112638646167,0.009501674015919594,1.558923115830683e-10,2.3808704855972e-11
CCTCACATGTACCTGG-1,0.11749172240657568,2.085499911852845e-11,0.4780588292382965,1.8825783846767865e-11,0.0938815746226806,6.277063897769217e-11,0.5011820655170697,1.2672239688607516e-11
CCTCACATGTCTTACT-1,0.13831264033398585,0.3569267372521675,0.5406596245067357,0.05252762400931637,0.09495591234134548,8.861346581042156e-10,0.01661746053368847,1.1509229086386073e-11
CCTCACCTAGTGGCAA-1,0.058805459870232585,0.020559177970700362,0.5986467186672674,0.20452651133982835,0.1000297927823128,0.05341502537582808,0.16401731221073426,1.2562993916817337e-11
CCTCACGTTACTCGCA-1,0.22842514079688916,2.5407586404483108e-11,0.48510073772881457,1.665834664237873e-11,0.24548159627392283,4.0401806715789996e-11,1.740283260699433e-11,1.2672154517764821e-11
CCTCATGATTATCTGA-1,0.12932972293496786,0.013467652159361467,0.26171317356478274,0.02406394946470458,0.2723110685889635,0.06901030376837482,0.13010412943474137,9.86569448161501e-11
CCTCCGAAGCTGTACC-1,0.0416940459783668,0.05237991408230293,0.19448438574875593,3.261034781983135e-11,0.10749626671551878,3.8923928202979523e-10,0.5039453870601458,2.23413703786762e-11
CCTCGATAGAATAGGA-1,0.19113182759125502,0.23730472371280437,0.523582002052659,2.547500061739216e-10,0.14968112564528518,0.008426862286421772,0.08987345831743182,1.15292258310567e-11
CCTCGCCAACTACAAG-1,0.20110538393866195,1.714409059156398e-11,0.2757356309627673,1.553221381798733e-11,0.2455592380469913,2.708223462038769e-11,0.477599746877402,1.1285536015742723e-11
CCTCGGAAGGCATGCA-1,0.08445464190635936,2.820304891149329e-11,0.3525630396028571,2.8235987123431362e-11,0.41848034145048735,2.5120781629090312e-11,0.04450197706474452,1.41891418243205e-11
CCTCGGATCTTGCGGT-1,0.08270815451837064,8.729964188975196e-11,0.4832543146503628,4.7424089501109845e-11,0.08339573974255798,3.28461945326701e-11,0.2506417910702481,1.37512447141409e-11
CCTCGGCGCCGATTGA-1,0.12467504996615655,6.760292884477763e-11,0.44578949663212203,2.2395199904781653e-11,0.21415613138614856,0.08768339322778454,0.02769592872444865,1.775611820841332e-11
CCTCGGTATGACAGTA-1,0.17616698494291774,3.0395179924517975e-08,0.43796175783921526,2.1608404203782866e-10,0.16422066970281216,0.020431541234573206,0.1012190156435864,6.292955504966154e-11
CCTCTACCGTGATTGG-1,0.03406959962759609,1.9703862205944153e-11,0.4184647206136883,1.2734752734041957e-11,0.3337709193652652,2.2950642883533485e-11,0.3669771457352307,1.2682039400254135e-11
CCTCTAGCTCTGGCAG-1,8.671508288617299e-12,1.609801994163744e-11,0.43109178487501876,1.3171176683676433e-11,0.3871675614000766,2.237881040167286e-11,0.3817406536381972,7.575645266886491e-12
CCTCTAGCTGGTCCGC-1,1.4740947072856675e-11,0.0008165291420984751,0.4600007048112592,0.0008165241797910152,0.3582970872075537,1.4446249118817708e-11,0.3800691546153194,7.200222124409952e-12
CCTCTATGTTGCTTAT-1,0.18471315415380635,0.09610414814932382,0.33612324152075784,0.04532577218534139,0.19193684115363188,0.045770763605059724,2.606153394844074e-05,1.7694087176671694e-08
CCTCTTCGAGCGGTTG-1,0.1819436869874681,0.02023259731013146,0.4920285934332769,4.491211267941698e-11,0.1294040718611318,6.375115806447234e-11,0.0763910503019407,2.4210012660946565e-11
CCTGAAGCGTATAGCA-1,0.2757944165464719,1.3203292886411169e-11,0.4491039604418744,1.7786547415994456e-11,0.024825783436480182,1.2335545675606215e-11,0.4502758394750844,9.897222694699493e-12
CCTGAAGTGCATGCAT-1,0.07484907547883779,3.0374419859021656e-11,0.3582078120860599,1.4698794305284576e-11,0.06640958482876926,2.826649836980048e-11,0.500484281612362,1.2672149487927309e-11
CCTGCTCGCCGTCCAG-1,0.1452908916171654,0.03791803333750175,0.37093050431847524,0.04968362651612936,0.11137099566891284,0.03582055932787096,0.14898538915544643,7.382718917601214e-11
CCTGGATCTAGAGCCA-1,0.07224390896374186,0.06007946497075411,0.3651682655205829,0.007982555782909741,0.2418708529964642,0.04936195546891343,0.10329299623783299,7.39158721420513e-11
CCTGGATTGCGTAACA-1,0.09422534381536762,2.1546478039658698e-11,0.18438328738882517,1.5388915125680903e-11,0.16488800828981773,2.5351370683650014e-11,0.49633671274856556,1.2672151966767213e-11
CCTGGCAACGAACGTC-1,0.024507455602277968,1.1072368863001758e-10,0.15192340718814687,0.04181537920192116,0.0795326138018088,0.0665200080383291,0.5357011360493791,2.9492214615179874e-11
CCTGGCATACCTGTCA-1,0.10579789880626339,0.3254874942187095,0.44029314540237074,1.0014752887470837e-11,0.328421461513011,1.4315977472032484e-11,1.6718006691701425e-11,6.265112227041139e-12
CCTGGCTTATGGTCTG-1,0.1350084358133403,0.049569263450751515,0.46172502404308186,8.096144400922852e-11,0.14750728796820328,0.03402745004122688,0.07216253859428816,2.9061618119023837e-11
CCTGTCCTCAGTTGTA-1,0.24519010439784855,0.07812360902939221,0.40002915646680315,9.191482056949613e-12,0.12464350507887176,1.5323119449362872e-11,0.3520136249823857,6.564614671005387e-12
CCTGTCTAAGTAGGCT-1,0.31127046202029757,4.1742854195562514e-11,0.3397022678764261,2.190401162472099e-11,0.2121125489397132,2.8381877994648834e-11,0.036914721079898065,2.1839127947720492e-11
CCTGTCTGATAGGTGA-1,0.32770359813438493,8.327660892294362e-12,0.4095277818325031,1.0137018328960838e-11,0.0666152341570542,1.2138608167755376e-11,0.39615338581609183,7.9720442056815e-12
CCTGTCTGCATAGGTC-1,0.03504346974512578,2.5974819828060098e-11,0.2945420382676141,5.222681442826177e-11,0.04402926479816854,0.0015545668095449541,0.524830660369957,1.5248175473713372e-11
CCTGTCTTACAATCCT-1,0.1741955591825223,8.122162936717329e-09,0.4178364730122283,1.8089842883404126e-10,0.22315078654276355,0.043660376193320534,0.04115679673684361,4.745508748893237e-11
CCTTAATTGGAATATT-1,0.11145802232588826,2.298558382504569e-11,0.48832434600789343,1.3839401658719682e-11,0.15047084401694774,0.01036927066889544,0.43937751689489335,9.516656602538668e-12
CCTTAGATCTGTAATA-1,0.031784123489033485,0.11219773199401376,0.38943364356966753,4.4886065876672466e-11,0.16157250821752447,0.018828857652270242,0.1861831350390547,2.2421459557168137e-11
CCTTAGTCTGTCACTG-1,3.449424690946056e-11,0.006953975451071139,0.3269427407361002,1.2959321679821374e-11,0.001289191355362877,0.4268208594839238,0.43799323287836894,9.14242556930732e-12
CCTTATAGGCGAATAC-1,0.019993371541365077,0.036377834508627784,0.3200363257276182,6.511749434151562e-11,0.1577801077041747,0.10275757014426509,0.2630547903173646,2.1890547250280194e-11
CCTTATGAGGCGTTCC-1,0.09998561948414514,0.16838122738075417,0.3338682434179564,0.02402029827227934,0.19883130511205838,0.02972547555963569,0.045187830715533804,7.297794637125777e-11
CCTTCACCGACGGACA-1,0.2526305892051034,2.4564254184371686e-11,0.4953043408553966,5.0876461109621105e-11,0.15206506980109114,3.7648015686859055e-11,3.651594839641365e-11,2.097519831831176e-11
CCTTCCAACCTTCAGA-1,0.06651312339700087,7.874187816083978e-11,0.4994536877742018,1.3921229355736565e-11,0.15323874928062142,5.4808567070702794e-11,0.4807944392780756,1.1376228318057289e-11
CCTTCCACTGCCTAAG-1,0.06754582510958039,0.053467619163600454,0.4132147981664702,1.2461331963939552e-10,0.3416732041361575,0.024098553245964795,5.390250588489309e-11,2.5444603652323645e-11
CCTTCCGCTCCGGCAT-1,0.10954622258654859,0.0355010610061233,0.48984873246223515,0.011881562697952633,0.10809449634537575,1.7665015555148956e-11,0.44512792483212543,9.806368937964046e-12
CCTTGTCTACTTAGAC-1,0.3777501446172716,0.01444216580643625,0.5463547326516471,1.0257038874790164e-11,0.0901484707140293,0.08302971253957832,0.08827477363454024,7.551398884588842e-12
CCTTGTCTTACGGTTC-1,1.8546298825187184e-11,9.543139482797834e-11,0.2940826871011005,1.631046951590748e-11,0.42046571035687463,0.04321969752765066,0.442231904742148,1.1542334928898712e-11
CCTTGTGATGGTCTAG-1,0.16276251625428026,2.4436564450292648e-11,0.3324851161522974,2.1162179366719208e-11,1.3438687612654082e-10,1.518624620495472e-11,0.49835571926007954,1.2672148509500702e-11
CGAACCAGAAGTCTGG-1,0.4642216156483754,1.8014861392543632e-11,0.4738393209809043,1.797083717737035e-11,0.03177707995628119,4.25677152687289e-11,0.23016198325586829,1.0735489266250705e-11
CGAACGTGAAGTCCAA-1,0.16027900225318034,0.13039400048751296,0.1887546208229989,0.054610170642440725,0.14035626884445476,0.08889810747270026,0.08915782071197433,0.04755000877619807
CGAACTACAGATGTAA-1,0.1463738306878694,3.9526545410629705e-11,0.18737246914308947,2.705936841126914e-11,0.03131384912092009,2.338731907110586e-11,0.534939850994888,1.661889387779165e-11
CGAAGAACGACTCGAT-1,0.11093217541679329,0.038443172535247205,0.23289876365286688,1.8589878043721343e-08,0.422409217398112,0.057719165309638575,0.03759748704899256,6.425586306662623e-11
CGAAGACCGCCAGGCG-1,0.2060070848794506,8.629212027513356e-11,0.36762782491106705,3.3092618514778934e-11,0.12145278594128504,0.06036692639926363,0.1445453777557878,2.2604385180727483e-11
CGAATCCTGATAGGTG-1,0.09929098312508092,0.3023594001682405,0.4669980458601484,1.8534721796379784e-11,0.108019009347889,1.571510074094291e-11,3.5100609040529985e-11,1.2672153374840994e-11
CGAATGGACCGTCTTG-1,0.12168431672749684,4.596456486593272e-11,0.34493025819841217,0.009695940800166954,0.26571264461831773,5.863265043777556e-05,0.15791820697094827,2.6408437256946143e-11
CGAATTACTGCTCCGG-1,7.237617286757898e-11,3.726365680439595e-11,0.20961165076113236,1.5006509793587725e-11,0.17748998616332032,5.92350635079119e-11,0.5128983630143439,1.3964288443428691e-11
CGACAAGTACTCCTTA-1,0.3846880724635248,3.6214709384341375e-11,0.28763373572897183,2.3639840812998956e-11,0.059130153760768446,3.280217738943869e-11,0.16854803797579873,1.8538511081799317e-11
CGACAATCATACGCAC-1,0.1252775191583116,0.06592336685867546,0.368323649254858,1.838056595520388e-10,0.16929290505474315,0.11229418958287962,0.058888369877476046,4.644347553562878e-11
CGACAATTATTCTGTC-1,0.25550309144643907,1.50632529691052e-11,0.4793674641905364,1.5781928893722896e-11,1.0007639571637698e-10,2.5942059805507494e-11,0.4651294441276913,1.0678800334694014e-11
CGACAATTCGTCATGT-1,0.12520288267750793,7.691174749795999e-12,0.42424098312114283,8.243204144987652e-12,0.27145972533967505,1.1572153486997714e-11,0.37909640881024165,7.208441666923848e-12
CGACATTGTATGGAGG-1,0.010761466731556174,4.5909226524877165e-10,0.4279040272306665,9.466885184265368e-11,0.40119780295958707,1.0019945919369805e-10,0.06013670243246919,2.1880715149662524e-11
CGACCAGAACTGTCAT-1,0.054879774423918094,0.028054075490034122,0.3880031544371477,2.220812568527115e-11,0.2541349201694789,0.17492807529756454,2.0497535005707424e-10,1.597546636149239e-11
CGACCAGAAGGATCCG-1,0.2915941718099194,3.726920655554281e-11,0.4266219547869354,2.6777411085225112e-11,0.06779852845849599,1.0569820728820235e-10,0.11398534479191078,1.9447715004083972e-11
CGACCAGATTCAGTGA-1,0.07488536463602337,2.682823893881456e-11,0.36131850723987907,2.8862068779521745e-11,0.25611785931043873,2.6917893328494916e-11,0.20767826875470244,1.8062171350472632e-11
CGACCAGCCTTGATTA-1,0.1267036875110976,4.439187918929578e-11,0.5662517426944591,0.39094364311595203,0.010835628665541865,8.838136462251307e-11,0.10526529785039032,8.010420588706707e-12
CGACCTATACTGACGT-1,0.12353714431058639,5.4372441374104163e-11,0.5580908292626379,3.4841558943881205e-11,0.23664402267216922,3.531292333910855e-11,1.707917668370117e-11,1.2672127574713625e-11
CGACCTATCTCGCAAG-1,0.02637764053361599,0.37247643498894395,0.22381991652649746,2.836847848815458e-11,3.917721462066362e-10,2.5525146223232102e-11,0.49506936496130366,1.2672177335561354e-11
CGACCTGCATCTGCAT-1,0.024635971302160456,0.021521940283441007,0.22546335881413485,3.0500268511138705e-11,0.23667639539226717,1.2367551100996497e-10,0.391702334058418,2.3252630103565006e-11
CGACGCAACATGGCGA-1,0.13023509201590616,1.932000040956932e-11,0.29790689820723065,1.599786348360857e-11,0.3105095262917508,2.1533860791740222e-11,0.4613484833637128,1.0273608135603591e-11
CGACGCAGCCTTAGTC-1,0.03600845048572149,2.271379643300073e-11,0.42666276728373775,2.17337762211367e-11,0.09983783776882475,8.25975933799604e-11,0.3374909443964456,1.5171671981449228e-11
CGACGCCAAGGTGCAA-1,0.06356537954953369,1.2919509211582965e-11,0.3088539523610373,1.1753698732695895e-11,0.32853324286239177,0.032238798080543335,0.4668086270397493,1.0766570412034718e-11
CGACGCCAGAGGAACT-1,0.11396526391859756,0.04762876875752626,0.563566218151243,2.5264286965842118e-11,0.10401446704757644,0.07082528211325428,2.2405425144609077e-11,1.6789208331972197e-11
CGACGCCGCAAGTAGC-1,0.11187182017512652,0.04128837645796492,0.3514525873407324,0.03895669988936814,0.21693814235049833,0.05041207873413033,0.08908029498646897,8.075223283297114e-11
CGACGCCGGAGTTGAG-1,0.027040291632087245,1.132725914368112e-10,0.42067013573382867,1.0176813072009536e-10,0.002000494532854006,0.3049302903723265,0.445358787456409,9.731981537763094e-12
CGACGCTCCGCACGTG-1,0.06929626795968377,4.167877971206065e-11,0.24186832115725035,2.082316652921368e-11,0.15682974992560292,3.702809746474254e-11,0.4320056608829591,1.796536470333909e-11
CGACTAAGCGGCAGAC-1,6.898436752220956e-11,1.0344360607830028e-10,0.5861573732148068,2.5844385619060913e-11,0.1397175591781183,1.6224713333994435e-11,0.474125067222418,1.1768449000937381e-11
CGACTAATGTTAGGCT-1,0.07417909510815972,1.4243872172202932e-11,0.39765572365659585,2.8266896916306443e-11,0.21353698643862218,2.4279803610400887e-11,0.5006961542712949,1.2672222298620754e-11
CGACTAGGAGATAAGC-1,0.08044792936771629,5.909635722006025e-11,0.23395292285581565,2.923258782021372e-11,0.37581211728478353,5.965232470944331e-11,0.2097870303554374,2.06749008018814e-11
CGACTAGGTCCTTAAC-1,0.014527730223672892,4.077193090571745e-11,0.5564736994983053,7.556624120385279e-11,0.1072000691148281,0.0498529763350463,0.1719455247665885,1.546662737894648e-11
CGACTATCAAGCCGAC-1,0.2341585111765932,0.3366582031597036,0.3644252155756647,9.540340363778203e-12,0.17211633918603497,8.652537699584877e-12,0.09264173086347088,6.605657545704399e-12
CGACTATCTTCGAGCG-1,0.12433203998346959,0.019724753351148917,0.17921169004977647,0.017416267832583904,0.2740805044963173,0.08746701297550212,0.18887548399193255,0.008892247331767156
CGACTGAACGAATGCT-1,0.14175596385869416,3.7912510054165586e-10,0.3579568627250735,8.82757996697307e-11,0.3274587190441416,0.05918320795706301,0.013645245925275292,4.084420201044462e-11
CGACTTAGCGCTATCT-1,0.05963396369001392,0.026386741425581686,0.35857011687486706,0.011633893111965674,0.21566662458477504,0.10343907419171659,0.12466958610171035,3.8298774547014374e-11
CGACTTCACTCGGCAT-1,0.41196094174536435,1.826055231914986e-11,0.3682345306243823,9.65972040597995e-12,3.486511196308544e-11,1.1161797980442407e-11,0.4198045275218444,8.5139692677613e-12
CGACTTGCACGCCTGC-1,0.18942489288432832,1.9429936220353283e-11,0.3082823069949739,1.2476342842029603e-11,0.22305409157322606,6.853934692069449e-11,0.47923870832971704,1.1319471452618786e-11
CGAGATGCCGCATCTT-1,0.05107919030024152,3.214603879177644e-11,0.34058898809520166,1.5156992831356942e-11,0.20759888906579163,0.12214521081179783,0.4785877212456913,1.2303885627198105e-11
CGAGATGCGGTATGCG-1,0.2913665592014429,3.261549173951596e-11,0.4417403426611127,1.1397671487955537e-11,0.04378741576563724,1.4295143990353659e-11,0.42310568227897705,8.519614712574671e-12
CGAGCCTGCAAGGTTA-1,0.10405380417955225,0.18569219175575047,0.43282878834481864,0.04426689862597097,0.08872001262232306,0.044438304385604484,5.247019080064419e-11,5.055466937409199e-11
CGAGCGAGCCACGCTA-1,0.07445759296240032,0.037412540886359626,0.31859540245717827,0.03850899564222327,0.2123666373290032,0.04748237855734031,0.10603136426694613,0.06514508790954497
CGAGCGGCACAGTAGG-1,0.22637480361145282,2.12473757691847e-11,0.5110801628582079,2.443654864044616e-11,0.1993548684783337,4.778642623883841e-11,0.027216157506745192,1.2672147194454858e-11
CGAGCGTAATGGAGTG-1,0.04056144719068457,0.16349360693151763,0.3971397966791666,4.5145409845557955e-11,0.2564171358091203,1.6135701081764825e-10,0.042388013186131966,2.400307850725207e-11
CGAGCGTATGCCAGCG-1,2.5979049570100147e-10,1.7499266441731166e-11,0.43860890428417676,2.2743188373078847e-11,0.18457749872987186,1.0856811044615871e-10,0.4985476149009805,1.2672176910092786e-11
CGAGCGTGCATTGTGG-1,0.07009345260256877,0.04083925413148024,0.28879193022057376,2.283404430163802e-08,0.16940439020008427,0.05342844007921768,0.27744250855078617,1.3920297059508115e-09
CGAGCGTGGACTGGAA-1,0.09072631733916953,0.004657561740602946,0.33950527464964725,2.3984212260526304e-10,0.33893946428979854,0.018794390146093295,0.10737699156640092,4.5942785791078984e-11
CGAGCTAAGGCCTGTA-1,0.03426938329160599,4.818179771197695e-11,0.1491195399629537,4.7729795128223145e-11,0.1625023834600339,8.7936427599294e-11,0.5541086930937211,2.9736648139939336e-11
CGAGCTATGTCCTCGC-1,0.0653852099979807,0.07516303772497988,0.5136415001037004,2.981500554163289e-11,0.41278596224437103,1.6789830494361938e-10,0.13302428936809688,1.2230355843156518e-11
CGAGCTTAGAATACCT-1,0.11558139010620777,0.01783946870912679,0.3420992620166696,1.6538519621363255e-10,0.1430941227235433,0.014115562402709926,0.26727019378892236,1.0193490464416811e-10
CGAGGAAGACTTAGAT-1,0.12075157391648257,1.9000033563107854e-11,0.4690736663522272,1.551368166867583e-11,0.04887410999020561,2.713344198544131e-11,0.4785903229135556,1.2672175249349862e-11
CGAGGACGTAATAGGC-1,0.11389447211866985,2.2930102584110448e-11,0.4638097092633343,1.022647650333194e-11,0.17096969041913868,0.00567262157690655,0.44565350654000796,9.476493093900704e-12
CGAGGAGCATGCTATG-1,0.10271867497589414,0.19435716765080627,0.31996269432556934,0.032588009159514174,0.08576175096897343,0.10366006375573696,0.03550454648035293,0.025447092695190108
CGAGGAGCGTTCGTTA-1,0.10822201745657042,5.188371255974061e-11,0.5360373772710564,5.828468578519873e-11,0.17291044218643706,5.0896585867062596e-11,0.08283016296861445,1.6078056231825406e-11
CGAGGAGTCTAAGGAT-1,0.15539634499542412,0.032278856012920305,0.48056585315947864,2.1266713709356364e-11,0.11045591467951027,2.119610641055678e-11,0.42130303107045014,8.976695173314103e-12
CGAGGATTCGATCATA-1,3.070332168689916e-06,1.8839075794703252e-11,0.2455775988424719,1.7095322299397246e-11,0.15808075714039707,3.104198443430822e-11,0.49633857423637384,1.2884945873555114e-11
CGAGGCATCCAAGTCC-1,0.12318605389858764,0.08689287769866037,0.5465167868322791,2.119617563935789e-11,0.2591724736381624,0.02568134339518013,7.64280881411108e-11,1.2672163895286846e-11
CGAGTCACTCATAGAT-1,0.1889536574803577,2.387700462865869e-11,0.48796226493214623,2.0502692407278153e-11,0.12698144341267384,4.539118837321068e-11,0.3961026338619697,1.1954650491918601e-11
CGAGTCATCCGCACCA-1,0.07458284347761135,3.036390646251934e-11,0.30694487009266325,2.5266545662434536e-11,0.21172215320149324,8.596348104864103e-11,0.30675013310374527,1.9404317292391063e-11
CGAGTCCATGTCAACA-1,0.07699276154815896,1.850513760423083e-11,0.38750976302079404,5.979291973924314e-11,0.12137422454817048,1.5900218453284663e-11,0.48462532748542225,1.2672165341803588e-11
CGAGTCCGTTGGAACT-1,1.1376260147533352e-10,4.5272158980507025e-11,0.3371665580606581,1.1715779268033434e-10,4.761446279301969e-10,0.32725318303700607,0.49394302194379214,1.267218784937601e-11
CGAGTCTTGTACTGCC-1,5.344036688070622e-11,3.9477887544978774e-11,0.30122585574027605,1.5912563680032484e-11,0.1430293586780311,2.140937351384258e-11,0.4849841278581463,1.2672142617801168e-11
CGAGTGCGGCTCGTGG-1,0.04219579832800969,0.005330389808683616,0.34741619653575523,0.009498802808264633,0.2640113919047928,0.013984111466246053,0.2175633091478877,2.598994465398176e-11
CGATAAGAATTCCAGT-1,0.12112283107531635,2.3922069581860898e-11,0.4772291012393009,1.732604288874783e-11,4.981414632772292e-11,2.0562063932685212e-11,0.4226976443731672,1.2672149589793257e-11
CGATAAGGATAGGCAA-1,0.08567418168699009,0.10701926626298436,0.39422330980067105,1.5758928820302613e-11,0.02746952177062574,3.483585314903531e-11,0.2856137204778394,1.5693881150991155e-11
CGATAAGGTGCCTGAC-1,0.05737608763500058,0.026031547596444042,0.5220748383153976,4.9828967693703184e-11,0.17929623315973528,0.0040802643363384815,0.11114565799321584,1.269954625175816e-11
CGATGACCTCATCCTC-1,0.18074727082835162,0.1764449234695405,0.3617472874645404,0.036075898484278814,0.20378126114474843,0.036867522522047114,0.2043358360750896,4.433039668665996e-12
CGATGAGGCCAACGTA-1,0.09928304156740331,2.9134157447484953e-10,0.24690687370915104,3.211841759217013e-10,0.4098261127026587,0.004732645012463836,0.13925132635611992,5.6084847595037274e-11
CGATGATCAGCTATAA-1,0.07888864124030756,0.007013387643022716,0.33772832082018517,6.77293089850173e-11,0.19729755564675808,0.008312797619080915,0.27075929692646755,5.309580020794975e-11
CGATGCACCAGGCCTC-1,0.20565640353341158,1.8849268137420816e-11,0.26496026830736785,1.7177617202325896e-11,0.4043111308997252,2.0972132290813435e-11,0.2677467702430422,1.267217998789872e-11
CGATGCCGACCGTGAC-1,4.592520897205143e-09,1.7118094153777516e-11,0.5272788324603324,1.382823466938784e-11,0.19977952656301828,3.307299228287689e-11,0.4729416361787762,1.1545556020545792e-11
CGATGCCTGCTCACCG-1,0.05406655794598678,2.0341152441189546e-11,0.3555883093497269,1.4981741747228565e-11,0.3286548799718755,2.3044601224815198e-11,0.46169025260426955,1.0442013525586332e-11
CGATGTCCGACTACAG-1,0.08299398405445778,0.04897453796475195,0.3051316251312352,0.0007324838676511367,0.2797179984715924,1.0009857909549576e-10,0.18244937034471237,4.1674933109649816e-11
CGATTAACTAATCTTA-1,0.003701302546359794,5.319515146995691e-11,0.19956584344597003,2.8309884695991048e-11,0.13422431872132734,6.729482618176396e-11,0.5625085351490396,2.085580282499723e-11
CGCAACCATGCACCGA-1,0.09614083281306558,0.0683121403483767,0.2665076440542423,0.0390991364884609,0.23146516790767122,0.03031275746717439,0.16816232032561176,6.084102525095804e-10
CGCAAGTAGAGCTTGA-1,0.07392654889896523,2.269078014845091e-11,0.15529091110516124,3.7574793221117967e-11,0.20365356321248673,7.325372573966147e-11,0.4671289766689321,1.8928490929222957e-11
CGCACGCAGGTAAGTC-1,0.4877305732837485,3.4956725362051103e-11,0.491377938376545,2.61218315154869e-11,0.012673422538506193,2.094989236593367e-11,0.10020829284765959,1.2672174147167627e-11
CGCACGGCTGTCAGGT-1,0.13214084462931938,0.05915367176947593,0.4752407512180503,1.1739283846258459e-08,0.13752923287684274,0.06814607864413509,0.027789409078575168,6.352676431475619e-11
CGCACGTAGCATTGTT-1,0.13749463893995267,3.0893928734991775e-11,0.3560668418224993,3.159545885342667e-11,0.17995577671620647,7.370804426086162e-11,0.2264827424013983,1.959077265592526e-11
CGCACGTATGAAGGCC-1,0.08023340691553084,1.944784031276848e-11,0.1622168882713372,1.5788336342183914e-11,0.23855047432999926,1.8460046847902464e-11,0.5001933328848872,1.2672156298383018e-11
CGCACGTGACTGTTGG-1,0.004869295572019433,0.04018311042305834,0.3656458343063257,2.4245552235049586e-11,0.1966156050045331,0.05382016348292949,0.2388659912586345,1.4844275795176364e-11
CGCACTAACTACCGGT-1,0.14672626169615927,0.12020520744691199,0.6202214676922193,9.345279570797155e-11,0.17120196196621304,0.03863181365831719,0.10301328737126897,1.060137191782962e-11
CGCACTCACCAGCACG-1,0.2318935280949878,1.1848846599001996e-11,0.3961231690196096,8.387516417131903e-12,0.2084245804157585,1.0673654476300293e-11,0.36355872241510495,6.798673813313674e-12
CGCACTGTGAGCCTGT-1,0.47503255962097574,0.0312437280683702,0.4980103783186733,1.6750965420723216e-11,0.19571333342341182,3.6851136406034287e-11,6.692286414714934e-11,1.2313949433682477e-11
CGCAGAGCAGTCCGAG-1,5.8084885674220045e-11,2.5882413946518718e-11,0.5554318033948203,0.0020566031837561775,0.2632621159623069,0.07924947734232067,5.0962591852400626e-11,2.0071793939726764e-11
CGCAGATAGATGTTCT-1,0.03576573231316224,8.459704807253536e-11,0.20938147036079358,4.469139641929685e-11,0.377798872533996,0.0027313774089250003,0.2743225472597225,2.2959710317719393e-11
CGCAGATTCGACCGAA-1,0.06060510009946395,3.8550698899051196e-11,0.5048835532561181,1.536129540907769e-11,0.1487354206434115,3.5872414544196915e-11,0.4857697844790425,1.264623399366854e-11
CGCATCTTGACTTAGT-1,0.0830428181769077,7.148029420741127e-11,0.5013163510628419,1.0823560658375205e-10,0.48479097962453616,0.08162472377343502,4.325356320942352e-11,1.267218347623765e-11
CGCATGAGGAGCGTCT-1,0.3155115368316175,0.2234252545755479,0.4456651607411927,1.4199241053375776e-11,0.09565959131762035,2.5206623071737373e-11,0.1197384564563079,8.859657982095396e-12
CGCATGGAATTCACGA-1,0.16492063232204865,1.1027363783202698e-10,0.3348508270745492,3.3224604309901987e-10,0.24639767142290683,0.01889946823061142,0.13493140046917737,5.465496132946224e-11
CGCCAACCTGGCGAAT-1,0.12879358374815392,0.025227051040942642,0.3978388208088998,0.009053616831990456,0.2182239965256761,0.05505327444580257,0.0658096558741055,7.374727607886152e-10
CGCCACAATAGCTCAA-1,0.15440315674032468,0.06847448638269878,0.3592938737851103,0.037906649157646514,0.1980050538919341,0.022547848977135472,0.05936893103167757,5.042839495250348e-11
CGCCACATGCGTCCAA-1,0.19904922538842246,0.0035858588264421785,0.40793815539853034,1.4413324719367541e-10,0.10246753730192461,4.493781159782324e-11,0.4869592226375341,1.205084655996463e-11
CGCCATGAGGCGATGA-1,0.13541251896885836,2.171184811719004e-11,0.3947390611177456,1.6277271823887402e-11,0.05285777371726701,2.1614670214022706e-11,0.49521352448394834,1.2672167905324142e-11
CGCCGATTGTCCTTCG-1,0.06011139978265175,1.5283851593740684e-11,0.35671867001352536,1.5277541904867367e-11,0.24294090437038565,2.413553629166377e-11,0.24022902634243823,1.2961872139015115e-11
CGCCGGATCATTAGAC-1,0.38950391273377005,1.241597805545402e-11,0.4038922908999711,9.445670964269771e-12,5.017580194022433e-11,1.197720044649062e-11,0.4066037962523507,8.008712522484872e-12
CGCCGGTATCTAGCAC-1,3.2020504552300834e-11,0.3592991404220753,0.45080475294921557,7.331331225597913e-12,1.6002401443495864e-11,3.133266207715701e-11,0.3898961065171963,7.331330925141074e-12
CGCCTAGAGCGTGGAG-1,0.2662892174584759,2.1316204201397066e-11,0.25316068010868026,1.717887642751903e-11,0.06961420573387886,3.625704912719989e-11,0.49638218492794906,1.2672171811114968e-11
CGCCTCGAGCCACTCG-1,0.23456878959127567,1.7673728759324984e-10,0.5167940529217241,2.7409703414275782e-11,0.09680063268384116,0.026992331652029862,0.3100797160824048,1.2672224041130067e-11
CGCCTCGATAATGCGG-1,0.08087512522704011,2.4436569953330256e-11,0.5214560278955686,2.4436570273449256e-11,0.17795068886660342,1.5094439324293555e-11,0.22634832472193167,1.2672153719803227e-11
CGCCTCGGAACTGTGC-1,0.21761374013180249,3.1430256269932926e-11,0.5252440859996135,3.13527751886266e-11,0.1571421737749579,2.6942676744710272e-11,4.167693654361446e-11,1.6531914426723556e-11
CGCCTCGGCTACTCGC-1,0.12309409154346765,1.0606901939458114e-10,0.5770922984614879,1.6003100124423786e-10,0.1710277212522677,0.01121927265275322,0.017566615826508217,2.420270859015642e-11
CGCCTCTAATTCGCGG-1,0.18033488646858642,0.052633213723726605,0.3967996934127971,1.3482868590479897e-11,0.10100726330232253,1.5069223778430675e-11,0.46922494298482237,1.0693825070999983e-11
CGCCTCTACTCGGAAC-1,0.08868416512328929,0.3321520640809809,0.1968259659017098,0.023481727780750392,0.09819961022159941,5.084062898326073e-11,0.16065646685621193,1.969978768642891e-11
CGCCTCTGACTATTGT-1,0.09570232763115373,0.09833338561006198,0.3685738175943935,0.04755500965335599,0.1941215860491311,0.04800000107389745,0.04734301299132287,0.000370859367617433
CGCCTTACGAGTAGCG-1,0.09564430867460995,0.035839448921554676,0.47183022421268184,2.1337044056387409e-10,0.23554373086556693,0.04212819339711776,0.019014093786651472,1.4600915541859936e-11
CGCCTTAGCGGCCTCC-1,0.11147965594554125,0.04820759837526665,0.47944637803333123,2.3519642301497588e-11,0.09833244880809304,1.834235895973459e-11,0.46253391870336324,1.0967891055399458e-11
CGCCTTAGGATCGGCA-1,0.2454653541412067,6.636901132209516e-11,0.44209104951878386,1.834993275561091e-11,0.2929346637288161,1.534241018150804e-11,0.21950893246901995,9.080097828790339e-12
CGCCTTATCTTGGCGA-1,0.13384891574502153,5.4175308664823275e-11,0.5372402591802388,0.044266133369365794,0.1234908223461402,0.019808323441490416,0.3044762900009018,1.2672186530518827e-11
CGCCTTGTGAAGTCTA-1,0.4321542227335159,1.5639688522366817e-11,0.43981676214005666,1.1868099348342508e-11,5.119459815214919e-07,2.8638848205652686e-11,0.32802850304531694,9.30435534205381e-12
CGCTACTCAGCCATAG-1,0.03609815262336064,2.3667190358788428e-11,0.3857198042348497,2.4112084192761797e-11,0.2024131489711727,2.5929081662084165e-11,0.49969463263528935,1.267217821700212e-11
CGCTAGACTTCATCAC-1,0.07221676391036551,0.10255200737657205,0.46216235909347475,1.8906561703956027e-10,0.1825800988395885,0.06544760960854358,0.015041160971874483,3.1787774916548297e-11
CGCTAGCCGCATGCAT-1,0.12496729002361387,2.5335285816161144e-11,0.4336946469616719,1.2614695007368368e-11,0.1914961061338351,3.408900969729157e-11,0.4498419567596102,9.601805540531795e-12
CGCTATAGCGATCGCC-1,0.1448404939951183,1.4103861241737079e-11,0.4670734729701321,1.8480276070237355e-11,0.12580666471374083,1.4103860832632987e-11,0.46227936820522036,1.0418940548403514e-11
CGCTATAGTCTTCATC-1,0.16075482801086546,1.4560881059957623e-10,0.24804703843585216,0.017047977432284964,0.12157946763093327,0.027248638266797208,0.3253220499991778,9.314555052414844e-11
CGCTATGGTTGGTTAA-1,0.07243568317850273,0.10360273496750869,0.4242692658951088,0.013812452207654861,0.28587986354160577,8.652532777772199e-11,1.539148642052581e-10,1.7215583222261682e-11
CGCTATTAATCTATAA-1,0.06608832752926884,3.236629643583696e-11,0.41105167102074414,3.115286733671966e-11,0.27377340131730155,1.1424512778948525e-10,0.1965752305844881,1.2672144691835631e-11
CGCTATTATGATACGT-1,0.08118191345342401,0.06895058681278715,0.3758196293201695,0.03908119524633901,0.22032045065282618,0.04642388755945879,0.05619172114206431,0.0120306158254225
CGCTCGCAATTGGCGA-1,0.2951998297038321,1.051378244669433e-11,0.4316826320816604,9.193750416392719e-12,0.05300348689122544,1.4877437727193183e-11,0.42011405125309653,8.619924894996782e-12
CGCTCGGCCGGTTGTC-1,0.1122026172763745,0.07496920845178759,0.2959193391693504,0.02265223987465905,0.15453862109734087,0.06501933888846467,0.1741530144537199,0.0005456204903425026
CGCTCGGTACTGCGAA-1,0.23045763754119575,2.0851824748590548e-11,0.525168929837589,2.085182520400564e-11,0.06484665012163182,2.4864146514902103e-11,0.33996611963323786,1.2672185591390848e-11
CGCTCGTTATAGATCT-1,0.10483873821847678,0.02768024253087098,0.5397283323580909,3.475669844097359e-11,0.22775268677045604,3.913344765236538e-11,7.424305737265468e-11,1.7755117389807045e-11
CGCTGACATTGCGGTC-1,1.9734084692754042e-11,1.3882561219962322e-08,0.5236158570151966,1.4104399978052199e-11,0.006937752037569451,0.03357861165291284,0.3358677654913403,1.4104402349097079e-11
CGCTGACGGCACATGA-1,0.1240318677312731,0.04237317820021132,0.22381801830764594,0.018765393213672252,0.11812910892266681,0.03057249270095907,0.3423099405042106,4.337505651228417e-10
CGCTGCGAGTCCACAT-1,0.05994211365090133,1.7297458631351393e-11,0.18181564265502925,1.880906834840916e-11,0.141766658165795,1.777505510475499e-11,0.5164755855747848,1.4247047409477342e-11
CGCTGCTATGACAGAC-1,0.21244152506445566,0.02317591291540288,0.5005267758359419,2.5651875101856423e-11,0.1522604766469092,1.2110169686210942e-10,0.04992911596624962,1.2672138703534533e-11
CGCTGCTTCGCATACT-1,0.10202877841240035,2.9238321456786816e-11,0.525535027685876,1.6433982666644325e-10,0.20210308781184802,4.598780041433982e-11,0.15534106220387367,1.2672150205631808e-11
CGCTGTGACATAGGCA-1,0.09512929660117149,1.3561240168915663e-10,0.26488019689384973,1.775461178881367e-11,0.1679015772996332,2.6676612623554325e-11,0.4994901946297765,1.267215918250301e-11
CGCTTAGAATTCTTAC-1,3.510989453820941e-11,0.4850302906362107,0.2836248731370572,0.25525047543166646,0.0519615729037596,2.2755782007263204e-11,0.0545408624376178,1.2672178454553967e-11
CGCTTAGGCTGAGTCC-1,0.12338616474964134,0.056203057248367196,0.3410023767260742,0.05193473762103133,0.057025520279660596,0.053259420483201356,0.21718872279273269,1.135504668621314e-10
CGCTTATGGTTAGGAT-1,0.14220496429605353,1.9832070470887754e-11,0.5088542198681164,2.0041245172107778e-11,0.09523549806760218,5.358598073348886e-11,0.33909489436817886,1.2672172058196816e-11
CGCTTGGCTTGGATCT-1,0.219725106304713,2.8905799276297057e-11,0.5542505379910069,4.725853802482216e-11,0.12602435556113212,4.7329115860228927e-11,4.744172941806008e-11,1.7567083080334566e-11
CGGAACCGATTGAGTC-1,0.20088311896989242,2.5789463881573815e-11,0.31207973854530374,2.152414265315155e-11,0.14857370538486497,2.9359506551435304e-11,0.4941095612030644,1.2672183832094059e-11
CGGACACTATGTATCA-1,0.014897727553320387,5.5996231085174286e-11,0.3045743811166033,2.6874894650785356e-11,0.2760576062221591,0.010830110503273736,0.29364017453451424,2.0485765695001496e-11
CGGACCAGCAGAATTC-1,0.07961343733609888,0.04084256897263125,0.2183326137543463,0.038759475752228226,0.38152139669637597,0.0653799337610763,0.07345726925949513,0.002093304478550556
CGGACTGTGAGTATAG-1,0.3159290579456127,1.5828732341742642e-11,0.345948844789913,1.0549444303310478e-11,0.22251389904470803,8.786873413675196e-12,0.3156081981668381,6.077234380787929e-12
CGGAGCCATCTGGATA-1,0.047318927178748645,1.6513899869719085e-11,0.4949835113970768,2.4981369691236073e-11,0.23359486919898886,5.2664164323800887e-11,0.4241026917750903,1.22213441313314e-11
CGGAGCGGTAAGACGC-1,0.18062351747671843,0.024408558677527274,0.47732327856636586,2.1256958536399642e-11,0.05375011650030947,2.2921064661933918e-11,0.4638945286654968,1.0430717437799379e-11
CGGAGGCTAGTCGGCA-1,0.05893667501004932,0.03034071142574786,0.31608567084701183,1.0073419760154516e-10,0.15529664839357316,0.05831570744078087,0.2810245867634561,3.7495483090689274e-11
CGGAGTAAGGTGCGGT-1,0.0391243853729753,1.0169199464913747e-11,0.3520635440435971,1.3299814897039949e-11,0.1375694038091578,0.2714896513764963,0.3997530153428245,8.217232310620334e-12
CGGAGTAAGTGCACAT-1,0.09665322625048287,4.230792560918129e-11,0.2981900797220125,1.697835368913208e-11,0.009503180450389377,2.4216906132436946e-11,0.4956535138700653,1.3098251911378129e-11
CGGAGTCTTACGTGAA-1,0.024044120408497162,0.0016951717578986638,0.4791397121348038,0.05041311017214168,0.3911450018992931,3.296704906606204e-11,0.25356288357093243,7.768352009003029e-12
CGGAGTGGCGACTAAG-1,0.06763565244960132,2.94069056432487e-11,0.5318603740112303,2.940325650615108e-11,0.10025223966865647,0.03151734940055715,0.16873438444451397,1.6937586039009874e-11
CGGAGTGGTCAAGTAT-1,0.08252856959567381,1.7057591315920027e-10,0.34126417165329964,4.8812747668802176e-11,0.23159806877544273,0.014991065047516915,0.229618124702478,2.8861193043256998e-11
CGGATGTTGAACCACG-1,0.19817423016479374,1.3409456710033851e-11,0.4193801691691728,1.1398603174389663e-11,0.15461621206948586,0.03404725988860456,0.3937821286565295,7.6181450134405e-12
CGGATTCCAGACGGTT-1,0.06898881736190293,1.955881256361337e-10,0.5286155871259175,7.473760131387275e-11,0.1942934081192424,0.00446851848525973,0.1036336686221148,3.432518140308346e-11
CGGATTGCGTCTACCT-1,0.08151352214789764,0.3648737386627363,0.3572736860293369,8.086298546058567e-12,0.009376760252294659,9.739885022160571e-12,0.3869622928627807,7.456315846141755e-12
CGGATTGTGCAGGAGC-1,4.812360238054361e-10,0.3089333015420918,0.45869822048311215,2.3885218671185542e-11,1.3447104957413617e-10,5.375679696920718e-11,0.4323684772421347,8.966686158299966e-12
CGGCAACCACTAGCAT-1,0.24504932787648803,0.10159883970307819,0.5660660285524283,0.28728580369232737,1.1666196023077919e-10,1.764479029696093e-11,1.0558558101398767e-11,8.129540846104587e-12
CGGCAACCTAAGTCCA-1,0.09346555909461782,3.311129615300311e-10,0.4820455695048826,2.1645533756182954e-10,0.16596291961548568,3.517738467826925e-11,0.15852595121783714,1.9737305454829308e-11
CGGCAAGATGCGTCGG-1,0.09231083930523393,6.852942614154791e-11,0.4480694854454593,5.18900077117938e-11,0.20789439331957993,2.2543125134600763e-11,0.15172528180145922,2.0007934944374295e-11
CGGCAATCAACGTGGA-1,1.0409836305608104e-10,0.02142231210607174,0.42200516297747886,2.1308058221264564e-11,0.26315487725359454,2.039781053744449e-10,0.4934176469695957,1.2231044659510767e-11
CGGCACTCCGGTTCGC-1,1.2877991099413033e-10,0.0604694700818522,0.4296361587941553,9.165672988692708e-12,0.4173116472600383,1.0094899795138329e-11,0.29258272368832833,7.740681879523428e-12
CGGCACTCTAGCGGAA-1,0.09111392309655368,0.058584382105513616,0.4773027348411004,4.4066643132005815e-11,0.18745914886213885,0.02879179196855454,0.056748019076252265,2.8283224493805505e-11
CGGCATGGCCGCTTGT-1,0.08333064689727121,2.9295856671926234e-11,0.3306649559387879,1.0808719123128469e-10,0.2656451978586563,4.146082814908759e-11,0.5018550843827284,1.2672213977979746e-11
CGGCCATCAACCGGCG-1,0.033081989055371554,1.2672182076875425e-11,0.38727778841916305,1.3777672962482368e-11,0.2248891531424891,2.4481050001008257e-11,0.49822671031160976,1.2672180178870994e-11
CGGCCTAACGATAATG-1,0.15425163425414828,2.3110226981585402e-11,0.437394361638401,2.253744315765226e-11,0.14957395835898216,2.7640372080415917e-11,0.45878004561053415,1.0241997048350714e-11
CGGCCTGTCTGTCTGT-1,0.2013047641508951,2.276519715310374e-11,0.5162343081491697,5.216031454693334e-11,0.22753598745366072,2.981712663838477e-11,2.4230484615723028e-11,1.2672148754554768e-11
CGGCGTAGCGCTAGGA-1,0.02916794288839832,2.1551104682723765e-11,0.5201920310887229,0.056091300623073076,0.21249013589234025,4.370636534149809e-11,0.3820266074576224,1.2669589548365023e-11
CGGCTTCCTACTGGTT-1,0.1313498151374497,0.001206466727929953,0.4447170292480886,4.3447252787428515e-11,0.1944866476005597,3.362933754609738e-10,0.1282400409213129,2.3993641848304906e-11
CGGCTTGTGCCGGCCT-1,0.005325360048759979,0.17413609830239055,0.3329173070726449,3.696841894455447e-11,0.25368463629848587,5.4373082935016476e-11,0.13393659819802362,2.066121363934553e-11
CGGTAGAACGTGACTT-1,0.08297102555117086,8.198743515451971e-11,0.2859714449316808,1.5307883511303468e-11,0.019826024194240812,2.085543404776457e-11,0.5112315052982406,1.4344199849658496e-11
CGGTAGATTCCTATGC-1,0.1503439324417281,8.742114698884962e-11,0.430109028048661,3.678599999396913e-11,0.21874207891878786,1.3582414523370904e-11,0.4008049604249494,7.824927069715079e-12
CGGTAGGTTCGATTCA-1,0.033311136310333556,1.4874328078217927e-11,0.4500725535745604,1.4750712326842607e-11,0.28044033955703473,2.5198446370029342e-11,0.4361759704618078,9.124769833233917e-12
CGGTATAGGATGAGCG-1,0.29406592855488367,2.665044010842874e-10,0.3586144728637813,4.885281814248967e-11,0.0990172696924874,8.256525627391037e-11,0.14830232848429478,2.9067168660002244e-11
CGGTCAACGGCGGATT-1,7.876853874363914e-12,0.16427671133407817,0.34451929908489953,0.16370894928373925,0.1687481063869512,0.17102747348267452,0.18771946040945794,4.288883130877564e-12
CGGTCATGGAGGACTC-1,0.08842766800511506,0.004974234526888177,0.2938031595018939,7.587260302731568e-11,0.28799628185442777,0.005168538591277049,0.21963011743504168,3.0944742402666775e-11
CGGTCCATACTTGAGC-1,3.940720178206117e-11,2.1256354496283903e-11,0.32135875488201465,2.1449400494867603e-11,0.3077824125523503,3.032633375136957e-11,0.49358475827202286,1.2672178918592417e-11
CGGTCCATTACAACTA-1,0.2844979088545121,0.06671225035984683,0.4053710259007492,1.243732507663812e-09,0.10961656517717151,1.1176827743429885e-11,0.3338022484338205,6.284264358406667e-12
CGGTCCGGTTCTTAGC-1,0.1006164224967591,0.06045822005119682,0.4875451525965493,2.4860891831680406e-11,0.08012049645321032,2.4860885356193244e-11,0.4712597082679668,1.0814724710414013e-11
CGGTCTAGATCGAATG-1,0.12311764723411987,5.320710348579201e-11,0.2330125204958554,1.4606072678081898e-11,0.10218610661090363,3.3445284518335634e-11,0.4927823446855307,1.2672151718515421e-11
CGGTCTGCGGACTCTG-1,0.11661859981734486,4.0001636190252735e-11,0.4499919098333896,5.1282739362122005e-11,0.20565438115528803,0.10338196788936609,0.02435314126498246,1.561415246076269e-11
CGGTCTGCGTATCTGG-1,0.09351032315314106,1.6078328862860094e-11,0.3037733089834456,1.5388925665298838e-11,0.10576963881362436,1.6832397567661835e-11,0.5011298581567414,1.2672155532168253e-11
CGGTGAACGGTTAGAT-1,0.1232724603120271,0.006990067679982713,0.5155773849174902,2.960138612957442e-11,0.010696375349722847,2.9546527475570105e-11,0.4988098593904873,1.2672186554032005e-11
CGGTGAACTCACATTG-1,1.7673060958444416e-09,6.176930424009853e-11,0.2007929686080121,1.5660114004020332e-11,0.18876389570111735,1.5748852797686616e-11,0.5104431339344555,1.4186849683670788e-11
CGGTTACCATCAACCA-1,0.07902225842871495,1.1220374176983005e-10,0.25554143479890246,3.259093480692252e-11,0.24818209228275515,2.1438092877979728e-11,0.49627988456278926,1.2672172481733297e-11
CGGTTATCTGTCTTAA-1,0.1514115988783715,3.2799841743793864e-11,0.2734619762591769,4.217063059251938e-11,0.25048866625371935,5.916369071903846e-11,0.22463775846879996,2.8570587672318386e-11
CGGTTGATTGAGCGCC-1,0.06625608678328616,0.03396732251464086,0.3993983595298555,0.04617387883493032,0.2847414403691345,0.009441184306542732,0.060021727610954916,6.61798798377675e-11
CGTAACATAAGTCATC-1,0.18649306041051175,0.031200509292979375,0.506657094823478,3.3451255740319545e-11,0.4294764327313148,0.0461729026364302,2.8594898965498987e-11,9.231564776997944e-12
CGTAACATTCGCGATA-1,0.07082032120519624,2.1709337766385416e-11,0.369859475960826,2.750782994437406e-11,0.05734734708689616,3.5626875709298324e-11,0.40197285577883574,1.4033510250157537e-11
CGTAACATTGGCTGAG-1,0.26888974034256735,2.0040371690107276e-11,0.503861205411252,1.3372528669786017e-11,0.13543572619965025,3.9075105724356835e-11,0.09289035091034432,1.2672153959831808e-11
CGTAACCGGTATGCTA-1,3.930933796706354e-11,2.90045100593915e-11,0.2964604071396611,2.716279334154857e-10,0.0789184401196097,3.4354582275056094e-10,0.5246211521174421,1.5230956465507177e-11
CGTAACCTGACATCGA-1,0.0649517699603819,0.02661544659393396,0.32922225159362556,3.647193563128565e-10,0.14725944606869457,0.07717585078201997,0.25477523460403007,4.959921589599649e-11
CGTAAGCCGACCGCTT-1,0.021903200522417645,5.0289089395733105e-11,0.4162560473016266,2.2847147175640292e-11,0.1556319597847744,1.4969638586980092e-11,0.3100041632117684,1.267269616581422e-11
CGTAAGGATACGGCAC-1,0.04700038412608799,0.013604992670406671,0.516084415533714,1.4662791946545457e-11,0.11119550771526097,0.005582604268506434,0.37086529376006405,1.2672170902834828e-11
CGTACAGACGAGGACC-1,0.08972629557841065,0.008800535826775768,0.5622987378014568,3.856984100078857e-11,0.16449483643384769,0.023819893124037306,0.05085970121824825,1.6972071290537943e-11
CGTACAGGCCGCACTG-1,1.2337907646604214e-10,0.3043715980069703,0.35505972002540553,5.82935242353072e-11,0.1159778988888394,0.12459078282720773,8.167363447413724e-11,2.051689314157096e-11
CGTACAGTAAGTAATG-1,0.1871473538908568,4.4990892571598336e-11,0.5358652956549782,3.4053688629338666e-11,0.09988298490835104,3.440479883160189e-11,0.07710436545354978,1.8605365661705232e-11
CGTACATCACTGGATG-1,0.23850761095290543,1.399356997124741e-11,0.4639041557618873,1.0832382983968066e-11,0.036622513350661974,1.8014465647997637e-11,0.46096571982442264,1.036450610268551e-11
CGTACATCGATGTCTT-1,0.09797613276375264,0.04681418266080071,0.3928711044888854,0.007303247732584343,0.20843260153286683,0.03613261470452273,0.11047011607611948,5.6794594581730606e-11
CGTAGCCAAGTCCGTC-1,0.0773031933006829,0.02922999510898834,0.24515891211513702,0.027997010692211312,0.1221971656003653,0.12211456186041353,0.2759991612378802,9.863257371735978e-11
CGTAGTACAAGGTACT-1,0.012065561494965859,0.01204870638055487,0.17244189761855297,3.8877243685532257e-11,0.03247378071687321,0.07862339953174217,0.5923466542087499,3.108195961772252e-11
CGTAGTACGCATAATG-1,0.20272537167985147,9.283954742067024e-11,0.2721923607374592,6.030751585330211e-11,0.2592809248019734,1.449602214703326e-10,0.16580134247802883,2.7834956064070813e-11
CGTAGTGACTCAAGGA-1,0.04168146816745058,6.225328686428345e-11,0.4013117013099957,2.3620553881119168e-11,0.2718129806855505,1.4607626334759763e-11,0.4851938495812221,1.1645289974530555e-11
CGTAGTTCGTTGGTAG-1,0.383077753894221,1.1210770034311703e-10,0.5084522037335398,1.958846997098751e-11,0.09899668564411071,2.1602808240428602e-11,7.888879166307362e-11,1.2672143406975468e-11
CGTCAAGGCGGAATGT-1,0.34708911617364363,9.058417404109475e-12,0.38778361583995463,1.0123222966092076e-11,0.09719644465052896,2.2684821486846847e-11,0.36793082326952825,7.074635708838908e-12
CGTCAGAACGTTGCCG-1,0.09273876961235636,1.9858154655298167e-10,0.5157489893021165,0.04724284026467582,0.1571323950208638,0.027654699283559257,0.35948230615673893,1.1681390218997508e-11
CGTCCAATCTGCGTCC-1,0.1391899445034161,0.08817445180117521,0.38202738200628117,8.47091761032873e-12,0.21866710435303888,1.2015972111629267e-11,0.37194111729283236,7.078765781555651e-12
CGTCCATCCTAGCATC-1,0.11784229904426288,1.1356203537305332e-10,0.2910646891850302,6.480953154724597e-11,0.24177845626242064,6.347397321703677e-10,0.24931455470760358,2.0578713598313355e-11
CGTCCATCGTCCAATA-1,0.3602589085375466,2.1582880216471822e-11,0.40930048857559126,9.430145770021256e-12,0.02704304919328033,2.5228928077388564e-11,0.4033975536060322,8.155195219802568e-12
CGTCCATGTAGCGTCT-1,0.06050184691234444,1.3701379390200911e-11,0.41917752359963106,1.1505265560905585e-11,0.2736197348590103,1.6933660316769675e-11,0.4467008945379066,9.58488462863277e-12
CGTCGGCAGACGGTAT-1,0.14029698177264666,4.1766281753839956e-11,0.2997599932825941,3.701028512004209e-11,0.19401587939153656,3.348281627203406e-08,0.26592711201193725,2.249768643239372e-11
CGTGAGCAATGGACAT-1,0.0001639050590078821,3.2602799462429314e-11,0.17542806708785616,3.326457752058327e-11,0.19638902493594443,1.9138102296959185e-10,0.5280190026563899,1.6054561891257385e-11
CGTGAGCTGTTATCGT-1,0.3193025755660868,1.0036033474227146e-11,0.3394923696962799,1.3086030703114739e-11,0.13754028307832106,1.7374901092321492e-11,0.40366477158874026,8.044636274610567e-12
CGTGAGGAACATAGGT-1,0.055706875610598144,0.08980670111229345,0.18341961039810203,0.024492147077584528,0.24697444290884318,0.08750398353100762,0.1915708842596906,0.020525355111679664
CGTGAGGCCTACAAGT-1,0.12107538830215864,0.056713019087388586,0.2627967818294914,0.09137772271278231,0.15776005400661314,0.08382130627730895,0.03650990422161494,0.08994582357313066
CGTGCGGATTCATGTA-1,0.14679795994659495,0.02448077313435299,0.5353869482450487,2.999574297738755e-11,0.16659942252489937,2.290852464070182e-11,0.1416281229609522,1.2672156824653573e-11
CGTGGCTACATCCATT-1,3.068894891482376e-10,2.192477287068163e-11,0.21570435414290368,1.615798464174228e-11,0.16251785467169066,2.1924767524003388e-11,0.5217777908814163,1.512936624482999e-11
CGTGGCTCCTTGTCTT-1,0.26588520293853307,1.4087766027831645e-11,0.4263988011161192,1.206753675760078e-11,0.10336227078416654,1.8180431038763938e-11,0.4043537250869649,8.02175229508768e-12
CGTGTTAGATGGTATC-1,0.052071721030018434,1.7254897098166947e-11,0.467286412307523,1.2242066049994478e-11,0.23182549022493096,2.1355822852684397e-11,0.44881637632737037,1.01003556527397e-11
CGTTAACGAGAAGGAC-1,0.06442189018686977,0.015037183103207152,0.5213316559057976,1.4073385393731683e-11,0.3906325730734997,0.04826736286739302,4.1250984310044185e-11,1.2672159545721687e-11
CGTTACAGTGCACTCA-1,0.15717580427708536,2.0133712038181255e-10,0.5361019203150335,2.0522788151957317e-10,0.21387961216545098,0.0024007150706322374,0.2904418632473106,1.260773361522398e-11
CGTTCTCGAGGTTCGC-1,0.04933076237355289,2.1162571076139053e-11,0.26917720730471084,2.121313090979487e-11,0.2942102695489679,6.481980164305545e-11,0.2922887736843056,1.2672291634009981e-11
CGTTGGTCGTCACTGT-1,0.06757471361443596,4.0419859964183646e-11,0.4188376350359013,0.07394367908577061,0.1433743255445086,2.089992487212106e-11,0.49005756817400475,1.2672203473650629e-11
CGTTGTGAGCAAGTGG-1,0.38891661592970067,2.0505071276370368e-11,0.4628168735910575,1.447950080758665e-11,0.03316002433038523,2.463253815623953e-11,0.31510648602655333,1.02083327945631e-11
CTAACAGTATACCGGC-1,0.10730495448000145,4.2020396095124914e-11,0.5553128588548891,0.20052196591262525,0.08827201923871618,0.004218905654634468,0.2443692957461961,1.0475654009968907e-11
CTAAGCCTAGGCTCAT-1,0.1275994290587198,0.2751503392697973,0.2280340092985731,4.3620078011955196e-11,0.10609492934868153,2.2480231527255184e-10,0.1631212927582708,2.437328129533384e-11
CTAAGCGTGCCTGCAA-1,0.1787426303069276,1.1925768943809684e-11,0.4354796566387979,0.0018672099400510987,0.3085491286449379,1.47790103892573e-10,0.2753613742657858,9.31022232429169e-12
CTAAGCTCCACGATCA-1,0.045437013496407865,0.060075873047350924,0.3658522901496729,2.4913747694375104e-11,0.20419418404530942,4.097173812737829e-11,0.4886748746089426,1.2683940847465693e-11
CTAAGCTTACAGTACG-1,0.13057760680679611,2.4279613367018586e-11,0.3624017410676833,3.0788481927123314e-11,0.15153725004447366,4.238930344983024e-11,0.498950258832959,1.2672180550051337e-11
CTAAGTCAAGATCATG-1,0.08517936483848701,0.20368177220171357,0.3546129151375982,1.3282284507608099e-11,0.09398268191962883,4.5894931032656385e-11,0.4625432657714424,1.050539086823882e-11
CTAAGTGGCCGATTAG-1,0.2954972286858021,2.5897048278928286e-11,0.44538843095286057,1.8849066627853926e-11,0.035320383807555505,1.5890689612127935e-11,0.4237939564547755,8.864437518934553e-12
CTAATCACTCCGAGAC-1,0.052107645929405935,0.05217361928137544,0.34959458297494167,0.06645629183477784,0.1305078308527064,0.03289427816685979,0.21626575088085065,9.374143352595134e-11
CTAATCTGGCCGTGTT-1,0.0010338020117194998,1.545331503582774e-11,0.4938017702471773,1.541058312799641e-11,0.2086411223496801,1.1230338672632656e-10,0.2159286808499808,1.2687963180390957e-11
CTAATGACATCATTCT-1,0.31283716783450405,1.5812681254483988e-11,0.4845962773828172,1.6314476403764944e-11,0.03361020797285383,2.4629425221892615e-11,0.1790372110072055,1.267215290784615e-11
CTAATGAGCGAGGCTA-1,0.28796813901308593,1.9234202563352626e-11,0.48961463928721793,2.1161030909548415e-09,0.15543693748521942,0.07189537985375359,0.19508490212640336,1.1067224374827945e-11
CTAATTACGCAATGGA-1,0.21305925539384105,0.0336899246115061,0.3947490604620819,1.2084880085981545e-11,0.1864903738384865,9.452419173783264e-12,0.37201138564879127,7.182873638094949e-12
CTAATTATGTTGCCGC-1,0.03853550638637826,2.985966246739971e-11,0.15920632361728465,1.7326008825147922e-11,0.22913307488313617,1.828600719516331e-11,0.49809754819354235,1.2672139319603868e-11
CTACAACCGCTGTCTA-1,0.07562130075018256,0.0632477135031072,0.5252256494374924,0.024005514925898284,0.1262956032731065,0.06230693523554275,0.02329728284440662,4.7537276394208976e-11
CTACAGAACCAGTTGA-1,0.07205666553712214,0.06008546815078987,0.4673123027724543,0.00822265016808918,0.16983702273575002,0.02762088684944497,0.0948650037896875,2.3909210507835615e-11
CTACAGAATTAATGAC-1,0.10871008107024678,0.011376133104085992,0.33701795687159214,0.010907594190287173,0.23824677311509873,0.01700315925339296,0.17673830235205237,5.947058659309446e-11
CTACAGATCGGTCGCC-1,0.08913649990596191,4.4210448759099146e-11,0.3581394163728189,2.0812825782471733e-11,0.20705423117693678,2.904183357357681e-10,0.2456698522272916,1.6471492830806304e-11
CTACAGATGGTCATAC-1,0.05895961151129083,6.640107221752865e-11,0.3591896689773812,6.249552816478761e-11,0.3917921824638069,0.09005853692269976,3.169678265810657e-11,1.6757691304664934e-11
CTACAGCGTCTACACT-1,0.08003952553025027,0.009537047242566057,0.29656609770664016,0.015575731830229287,0.2712410869182403,0.05188910538499288,0.17515140526429773,1.368269398512434e-10
CTACAGGTAGAATTCC-1,0.031578671588511985,1.6600276974411424e-11,0.2652841419584295,1.9010045600051823e-11,0.20055972320843474,1.7076013528233765e-11,0.49802290974840296,1.2672152640431272e-11
CTACAGGTCGCTAAGC-1,3.988178450063154e-11,0.1738529004005159,0.0801420113706571,2.4991984422544062e-11,0.09503061080703686,2.5179478093969145e-11,0.5509744773533619,1.85376519943156e-11
CTACATCTACTGGCTT-1,0.13056177381874642,1.5213708131935036e-11,0.5008543686738435,0.1837901615254117,0.16112511574043376,1.9812109318068888e-11,0.22366858013614477,1.0460339368297829e-11
CTACCAGACCTCTTAG-1,0.17494584212180894,5.352486402762944e-11,0.3989983927407297,4.080747129778588e-11,8.87945426456272e-11,4.043594476142079e-11,0.3260557649531717,1.6406292828119104e-11
CTACCAGGAGACATCT-1,0.09898635929476185,7.617316632933683e-11,0.4605053328793545,2.751177199885741e-11,0.1365092633360392,3.0921574186337295e-11,0.5000618288285976,1.2671921882223211e-11
CTACCATCGATGAGAA-1,0.08665596490748304,0.026946675347922944,0.451812959887551,0.006162108723735899,0.22585226822192644,0.0585416537785711,0.044028368691889634,4.541337218006262e-10
CTACCTGTAATAAGCA-1,0.03189848794149938,3.417534735216761e-11,0.28829891086025,3.138919165063265e-11,0.15700456800199472,3.4175341851689816e-11,0.42279803311249065,1.9728762436568856e-11
CTACCTTATCAACTGA-1,0.057562877961488845,5.92911982440342e-11,0.44034633032300835,2.4997283698890515e-11,0.08970620615677218,0.022304381112381505,0.2900802044393639,1.4683064755455477e-11
CTACGAATTGGCTGGT-1,0.180170294052023,3.119618735408966e-11,0.5224756887941132,2.1716599798232404e-11,0.15199000224597214,2.4378973619765475e-10,0.045364014646969604,1.667275312242768e-11
CTACGATGCGTCCGGC-1,0.08501237990386609,0.06229778594676723,0.2255018596047121,0.06246531518159031,0.20031736634438502,0.04254466712434258,0.21474279711015354,0.0071178287966322164
CTACGCCGCATGAATG-1,0.0922044205616824,1.7834587448943304e-11,0.2690366379003401,1.6140271535809773e-11,0.1433833794314325,2.257396982329567e-11,0.395375562478987,1.3043195768710527e-11
CTACGCTACATCTGTT-1,0.09531371039904117,1.9404658914357377e-11,0.41609441498166577,3.0098201197621016e-11,0.042713872554823014,6.008983999083093e-10,0.49207541141099864,1.26721636194126e-11
CTACGCTTAGAAGTGC-1,0.17892893870405605,4.0478501945371726e-11,0.5249809872482425,1.7892739044088766e-11,0.06597118078308987,1.3098003233817265e-10,0.13011889324314418,1.3623337851287972e-11
CTACTCGGCGTCTAAT-1,0.0557806730916177,0.11101590002717837,0.5278825458144356,6.788008732832901e-11,0.44332567708785453,0.008242920744256999,7.15761575051014e-11,1.2672183719466439e-11
CTACTGCTCCGACAGT-1,0.08413739748302634,0.005875771025893248,0.39030326972601287,7.91160000579105e-06,0.15903479838299012,0.019074508961761584,0.24156634279221928,4.940294993473231e-11
CTAGACGATTGAGCTA-1,0.28809364294143797,1.3851158490236622e-11,0.4337226119562048,2.519701918017999e-11,0.05814560417907924,2.255637774939042e-11,0.4200381408281296,8.429615043131893e-12
CTAGCAACCAGTGCGG-1,0.08817002339856231,1.2235833647969522e-11,0.4622802929770716,1.2235832898823267e-11,0.22912829459383005,3.396648597701124e-11,0.42042138893713227,8.579597636139196e-12
CTAGCACGATCACTGT-1,0.06364059884407645,2.0042569563389348e-11,0.40130941371407775,1.6260517275266074e-11,0.21008184404691344,4.823240713315633e-11,0.5000529271899398,1.2672198998001638e-11
CTAGCATAGAGCGAGC-1,0.10390385752234584,1.840565949913898e-11,0.42673895248957433,1.840566026523308e-11,0.09449073875733192,4.6503626730280805e-11,0.4970977108946337,1.2672175758923105e-11
CTAGCATCGACTTGTT-1,0.129149589776773,0.17631114783688956,0.255239662473513,0.05202679885659856,0.0935766896074654,0.06719190713605783,0.054631509051008956,0.07187269527263701
CTAGCCGAAGATGGAC-1,6.152872459852262e-11,0.10577280713935316,0.5130520441443116,1.3138751254094661e-11,0.08067706613721139,0.10626152204022936,0.39423656043328953,8.154871969147727e-12
CTAGCCGATTCAATGC-1,0.06485105324056135,0.2018154540622917,0.36014226819639156,7.837102856988149e-11,0.1965423509717532,0.07664887317471322,2.469227288361802e-10,4.6580866830807e-11
CTAGCGCCTAGCTTAA-1,0.03162991720216176,1.819302781011664e-11,0.4828090448925155,3.0788304310681704e-11,0.4629117081859636,2.3500392876659393e-11,2.5904076673580084e-11,1.2672144497287559e-11
CTAGGACGCAAGCATT-1,0.1393564963722473,3.4018767965921466e-11,0.5200344122731062,4.312672041171933e-11,0.3064786648719166,0.04021302146428542,0.08784013671021196,1.2672174732940282e-11
CTAGGCCAGGAGTACG-1,0.04494122964368022,0.13437880554411494,0.4068280870206499,0.04268201576714285,0.19061302945022263,7.364449995043322e-11,0.08055683244388168,7.203400185891952e-11
CTAGTGTAGTAAGTCA-1,0.07488937046546985,3.342387945394135e-08,0.1710413353601463,0.029162081604435747,0.32630970988867647,0.041456344512160605,0.25714112176030807,3.0026760165842498e-09
CTAGTTCTACATGACG-1,3.709548892439459e-11,3.0791628226273693e-11,0.2923747202177669,2.1548107293409046e-11,0.393157790029968,3.6007246784146477e-11,0.49789827038698753,1.267221542687701e-11
CTATAACTCCTGGAGG-1,0.02815416897463837,4.463941874614832e-11,0.18785388039395104,3.817407956380022e-11,0.11485551675702536,0.014471689337792712,0.5546647444718593,1.921504001022379e-11
CTATACCGACTCGCAT-1,0.1362514924929868,1.261212670102706e-11,0.4826438940201537,9.734435312603247e-12,0.320301150087753,1.265522037302381e-11,0.2608034633338917,8.23359352772198e-12
CTATAGATCCACAAGC-1,0.12628609851187772,0.043365904638697855,0.4738031309841376,0.04621850692973601,0.09802022008262355,0.08343176534837785,0.028874373501422888,2.7014561903327947e-11
CTATCCATTAGCTCGA-1,0.10671451519864533,0.05427050489276938,0.4006745824158963,0.008760454097564107,0.2673176328515674,4.125532513857583e-10,0.062262310049732386,9.513102459815005e-11
CTATCCATTGAGCCAC-1,0.14428303220710906,2.1178795219568302e-11,0.37238085146724553,1.764727660723793e-11,0.20498941732778111,2.6606962481383305e-11,0.2022317480723892,1.2672140922845072e-11
CTATCCGCTGCAATTG-1,0.016835777871329283,6.077358737979959e-11,0.38599817111803353,2.377655564780469e-11,0.24340576166157543,1.881610511759847e-11,0.4878541018364192,1.2672179454305239e-11
CTATCGAATGGTCTGT-1,0.047756431707513786,0.08819974216259778,0.2524561543316085,0.03349119448415212,0.17771529410738127,0.07259957604474719,0.2277816071095732,6.782266872423457e-11
CTATCGAGATGCCTAC-1,0.0765430922270368,0.024477543220158646,0.48563251738114743,2.12298602435963e-11,0.16813938254488342,0.01749031733169943,0.12771714730543515,1.7126704224545706e-11
CTATCGATCACGATTA-1,0.11168058210483815,0.013341732797755248,0.4632996533937601,2.3998743172466625e-10,0.2685176780224598,0.01566225655546117,0.02749809686271013,4.0817740270712984e-11
CTATCGGATATCGGAG-1,0.18368124363626867,6.263509646523265e-11,0.518729496303395,1.9588554272750515e-11,0.15782304036004172,1.8337496434911417e-11,0.29483224966493515,1.2672183532422601e-11
CTATCGTATGATAGGA-1,0.12537938979218083,1.4675866681707796e-11,0.33018878060193607,1.769057588586442e-11,0.27228921597216166,1.4934993955478497e-11,0.47214261349510134,1.094622230111856e-11
CTATCGTTACAACCTT-1,0.08015796427995783,2.8390022318743003e-11,0.15051874188076222,2.190005984363309e-11,0.1831749902311586,2.2712027797229313e-11,0.4941574823084457,1.2672108004074041e-11
CTATCGTTCCGCTCGT-1,1.3538075119198446e-10,1.9075801853229667e-11,0.23852225798646387,1.909129696124416e-11,0.25129693849427864,1.9131589011858018e-11,0.4925342891570003,1.2746009322581412e-11
CTATGCAACAGAGTCG-1,0.06643034857689081,8.325023991240812e-11,0.18896180172765192,2.7808055590745976e-11,0.11499992680999103,2.6223243926371697e-11,0.5296079227735097,1.8002320472202655e-11
CTATGCACCAATCCAG-1,0.31812525659582686,2.5394960401065573e-11,0.4250560988575229,1.0947661980311815e-11,0.07925168233778225,9.970699606269895e-12,0.3775669621402999,7.1679644608395095e-12
CTATGCCATGCGGACA-1,0.03417137248895725,3.497480182130883e-11,0.13572507392174496,3.140896891411406e-11,0.18714269099320185,2.9891710988675896e-11,0.5429608625297582,1.7315871882849195e-11
CTATGCCATTGGAGAA-1,0.02449908112984157,0.0070153570282639735,0.34291738267756355,0.005558186759782945,0.11879852376390339,0.006706102660236734,0.39450536582874796,1.6527155470099798e-10
CTATGCCGTACAGCGT-1,0.03551696657834363,1.8661662052060583e-11,0.3256226358553115,2.116224052965425e-11,0.1995975160193245,0.026629954921944633,0.49681588647307257,1.2672173438904412e-11
CTATGCCTATTGATCT-1,0.09278916223298173,9.689171318797645e-11,0.4575356893708764,1.112651362774539e-11,0.16503159067717052,0.051349221320914774,0.43329433624859404,9.105239816803922e-12
CTATGGCCAACGCCGG-1,5.131527699844326e-11,2.3574148407773927e-11,0.4616839165275954,5.1176256080564013e-11,0.25259919624793187,0.10270571760882947,0.3830111694639552,7.367763940934184e-12
CTATGTAGGCCGAACG-1,0.2611755725638816,2.0264820958212387e-11,0.43840977908196715,1.2626011559132519e-11,0.0860090047670665,3.3961014016401527e-11,0.4144056434884741,8.403114567920514e-12
CTATGTCACTTGAACC-1,0.06489978364389619,0.07113760102705605,0.5252603560126882,2.6463980392810575e-11,0.15901089780757513,0.07969136152558204,2.2662120457789912e-11,1.524941212061831e-11
CTATGTGCCTTCAGGT-1,0.1201846542122946,0.04956809267309572,0.24713147929905646,0.10279009611875942,0.16361561445996972,0.09489154635297531,0.03555074521782618,0.08626777167658554
CTATGTGCGGTTGACT-1,0.06212739121491244,2.0422159893451562e-11,0.5009223413423339,2.3635434351582905e-11,0.0586202776931343,3.433902572896895e-11,0.4157623109878609,1.2672154341991268e-11
CTATTAAGCCAGCACT-1,0.018099543207373985,0.1891618140313927,0.3414629772715939,3.9725343614018115e-11,0.025939799553580514,1.1241942233922522e-10,0.4986916164235753,1.267217593730569e-11
CTATTACCGTCATATT-1,0.0547579077261806,0.034174886775310574,0.5092125811446057,1.63341419248902e-11,0.25576592448200164,2.2882522216998295e-11,0.34608869970248773,1.1449140015248239e-11
CTATTAGCGGCTTCGT-1,0.04162648867702102,2.1677382070139252e-11,0.527534606011713,1.741223047993376e-11,0.16817758924273365,9.360190399515989e-11,0.16266131612625007,1.3511830984948173e-11
CTATTATGAGATACGA-1,0.10188143957294353,9.440148294121684e-11,0.5980645960604551,1.832838503098662e-11,0.1113946816689253,2.121025924833673e-11,0.08865928261117591,1.6149505739597497e-11
CTATTCCGGCCGTCGG-1,0.0860878156059525,0.00876098976164685,0.29685566352545184,0.02202923570476376,0.20588607394057906,0.041694216788290335,0.23868600463761935,5.238803904667188e-11
CTATTCCTTACCTAGG-1,0.10712216060173546,1.8534700956518404e-11,0.25630290965501423,1.449987250025162e-11,0.1773163385361064,7.1005849432117e-11,0.49851682406145725,1.267216097163274e-11
CTATTCGTCTTACATA-1,0.09890364551550634,3.15184226680933e-11,0.3088009877925752,2.5994091230320165e-11,0.13674822827717395,2.455782885301308e-11,0.4984551619422099,1.2672160689704668e-11
CTATTCTGCAACGCAC-1,0.03943039151724354,4.525545219347464e-11,0.4878997215289598,3.0651911435209463e-11,0.24905852349660637,0.11607742976348964,0.3075339333966676,1.1946886537892721e-11
CTATTCTGTAGGACCT-1,0.12002375363483303,0.09503961011946946,0.5211046302034421,6.86895827558559e-11,0.13515015258791765,0.01293543099947406,0.01574642240341945,1.9377603361177022e-11
CTCAATACGTTAACCG-1,0.38127675735701144,4.196675281693567e-11,0.5211109373728812,1.8385486253197367e-11,0.12341503618206436,3.3879600433942224e-11,0.17385422682950125,1.2712897104356601e-11
CTCAATGACCATTAAG-1,0.45393723928209184,1.5891828148320183e-11,0.4630286047175265,1.2072430447491538e-11,0.03390547278020182,2.324260812741732e-11,0.2491286831041177,1.0229774576739157e-11
CTCAATTGGCGATTCC-1,0.1869871678355958,3.97243460837719e-11,0.29232128066972524,1.6666107526459425e-11,0.27010103255793555,1.3247358980794792e-11,0.45059051881511025,9.749503353478674e-12
CTCACCAGGAATTGAC-1,1.9164309368166664e-10,0.22187284299929222,0.418229430910542,1.3082229489593919e-11,0.1750072746381754,1.8779765566606414e-11,0.08489045187408935,1.296807190508266e-11
CTCACCAGTGTAAGTT-1,0.14134584293459027,1.2759063452971143e-10,0.38011191925658927,0.013575570885950933,0.2691859747558899,0.023890727845826333,0.07188996420426685,2.1070028936272605e-11
CTCACCGAGGATCCGC-1,1.4920901988270612e-10,3.75867334689681e-11,0.5104921514581686,3.6235141777259825e-11,0.20821782374552864,0.1812900245518482,4.619921545795244e-11,1.804253674443793e-11
CTCACCGCCTGTGAGT-1,0.020589654785694446,0.025783436735894463,0.23595640979982554,3.6482738742727e-11,0.11233385778225102,0.01518349916976814,0.49015314168989965,2.5436401429827863e-11
CTCACCGTGACTCGGA-1,0.009937046185242639,2.89784700002634e-11,0.14898305264836223,3.2641959157161734e-11,0.1784431756541393,6.618550311203086e-11,0.5626367253931207,2.1685694288650634e-11
CTCACCTGAGACTAAG-1,0.1524077074696239,0.005761666878544707,0.4166895813133017,1.0934336769895753e-10,0.14472830078260837,0.00010959585165511683,0.18030314761049065,4.175202042371447e-11
CTCACCTGCCGACTAA-1,0.13535643175288498,4.3600048467636076e-11,0.35414895072215147,0.059528094798257845,0.11979790222754641,1.5512197690270482e-10,0.2311686202917045,3.032271810329437e-11
CTCACCTTAATAAGAT-1,5.832323623243635e-11,1.9607544301467087e-11,0.3657507849443662,2.1562725043143586e-11,0.13900101838881349,2.1847714569155003e-11,0.49926820154189233,1.2672148201522541e-11
CTCACCTTATCTCCTT-1,0.07890794794956633,0.10331564005586906,0.41858447258983783,4.3375319564531745e-11,0.24371921460136184,0.05547272203792311,2.737036372980031e-09,1.9873580658616277e-11
CTCACCTTCGGCGTCT-1,0.018513431583914962,2.6919426261572566e-07,0.46092137758104684,2.2624785102902908e-11,0.2249194321858907,6.335744179947212e-11,0.49564525230725387,1.2612824589781739e-11
CTCACCTTCTGAAGTA-1,0.08503109823949286,0.09900034269448786,0.38547278973908883,0.025172176901030133,0.17666095502389773,0.0986540455454561,0.03000859184231152,3.432604342907254e-11
CTCACGAGTAGATGAG-1,0.4412860926693865,1.6945024427007228e-11,0.49942400730996145,1.6960380345015016e-11,0.060144722328053006,2.7302841263533827e-11,0.19556791071074095,1.2671782074045616e-11
CTCACGTATTCAAGCG-1,0.17333066272041484,1.5935261547359444e-11,0.49091548229644055,0.051625163377156,0.053503467424253874,2.0171531196810338e-11,0.4306252241041606,9.106299899723807e-12
CTCACGTGAACGTATT-1,0.07151890448931088,9.668555885307652e-11,0.19692490814390218,0.0012291457869590492,0.25792555664791805,0.024581850244215126,0.3478196345379844,4.425991113794722e-11
CTCACGTTCGGTCTGC-1,0.11293831935838952,9.870307145729858e-11,0.5802097838042937,2.8481856703329636e-09,0.15098313384976145,0.005275311463863498,0.05059344857658398,2.5350076899717722e-11
CTCAGAAGACAACTCG-1,0.10872406597886772,0.009410135964287542,0.39678333591098724,5.5771169952332834e-11,0.09888476415443279,0.009395526333509579,0.2768021715997192,2.6618182848256662e-11
CTCAGGATACGCGGCA-1,0.04873523932274621,1.0959866392009623e-11,0.4466092947934424,9.761027622750994e-12,0.30012187599035756,1.0266053436855068e-11,0.40453358983165977,8.135895267943316e-12
CTCAGGCACGTCAGAC-1,0.08608556150211018,1.5007848202887326e-11,0.46895031737492826,1.342165509636889e-11,0.176745966465766,2.8062452244900932e-11,0.4682181545269793,1.065528093312002e-11
CTCAGGTCACTACAGC-1,0.2157586033326449,1.8939360991577467e-11,0.428736837663213,1.7248037226272868e-11,0.149479574366181,1.2559142730777303e-11,0.40602498455813457,8.164387830204791e-12
CTCAGGTCGTGCTCGC-1,1.712391009083336e-11,2.0894128434737873e-11,0.18522411830200974,2.0532457730263682e-11,0.0837603618302038,0.23640223517156086,0.49676187074659384,1.2672155289137936e-11
CTCATAATAGCACCGT-1,0.023952664081239722,3.860254768191033e-11,0.3427469636437014,2.6362159613110263e-11,0.18881467666021698,0.0313456794228037,0.31314001617038795,1.6116887524169527e-11
CTCATAGCCAATGTCG-1,0.08534021646104295,2.2131974076384515e-11,0.2589068374923848,1.881634373217965e-11,0.2938127855900523,2.2166960791375107e-11,0.2619401605501659,1.3689959159191183e-11
CTCATATGATAACTAT-1,2.928029946162383e-11,1.3985019106429887e-11,0.26634713032887414,1.880463796069401e-11,0.05035276017096744,0.07438830100180831,0.5089118085572849,1.3985020888376535e-11
CTCATATGTAACCGTG-1,0.0852729107591152,1.5707052278446747e-11,0.4575899685993217,1.5768876742569534e-11,0.2005254998651291,2.955174685161959e-11,0.45661162065424227,1.0150696787839127e-11
CTCATCCTCGGCAAGT-1,4.7930657281519e-11,2.7507206219649275e-11,0.30530341676377054,1.7365737522272716e-11,0.15912270415334392,0.04057029356824683,0.44935326839875533,1.2710114189359222e-11
CTCATCCTGGCAAGTC-1,0.17181131221539364,1.2247385914996743e-06,0.5925406833696477,6.293366580006546e-07,0.11104162258337529,8.767153989143193e-11,0.02460452770922246,1.942275053981266e-11
CTCCAAGCGTCCTTCA-1,0.04186307998361184,5.002616717360628e-08,0.3163970824992748,2.2813406301003436e-11,0.15879309853499943,4.4421237456508414e-11,0.38294668889512185,1.8160292859243793e-11
CTCCACGCTAGCTAGA-1,0.17989712478203393,7.978052634715469e-11,0.48795310260554486,1.8481598824607075e-11,0.07796329390337088,3.4132178807319767e-11,0.4541864785166551,1.010562002450066e-11
CTCCACTGGCTAATGG-1,0.1014321090865146,0.05327151108453419,0.5456953094844458,2.290838550799345e-11,0.09228022962621878,0.09797259332866758,0.2466919351566235,1.273717163243195e-11
CTCCAGTGGTTCTAGG-1,0.06436174816599938,0.025068414056856943,0.59134635452847,4.451067013667957e-11,0.21922348310278422,7.458457029610445e-11,3.293917917533832e-11,2.2445941502426932e-11
CTCCATGGCGACCAGT-1,0.11244738512190407,3.3171748926084583e-11,0.40929554728570505,2.6855146578790864e-11,0.08456094344354789,2.0126067694182923e-10,0.2936961238977248,2.102588473627166e-11
CTCCGGATCCTCGCTC-1,0.0504866350053599,9.615395546348322e-11,0.3264408087030063,9.4180186317857e-12,0.41373753866874285,9.418018531362406e-12,0.4093350174774219,8.091030704631874e-12
CTCCGGCCTACAGCTT-1,0.35809006864936155,1.3305207546466955e-11,0.4379898756219424,3.539694643236843e-11,0.11283940421328163,1.425395343803864e-11,0.2910806514208029,8.224240316685959e-12
CTCCTACATTGTATCT-1,0.22396739104858024,1.3869744017243853e-11,0.42883217472720914,1.1874692014345975e-11,0.1543609714959633,1.387087823972855e-11,0.3928394626517403,8.50900194654579e-12
CTCCTACCTCGTGGTA-1,0.2535806577133983,2.1446607963053326e-11,0.4832268804816196,1.654149789873324e-11,0.2115123552738383,2.2621701632162132e-10,0.25168010619574854,1.0483578692922281e-11
CTCCTGTCGAAGCCAA-1,2.0593872034732838e-11,3.163723695831101e-11,0.25772365059661234,1.6423095556462353e-11,0.31728899631992485,3.6324457639390055e-11,0.49413999091572114,1.2672166672670709e-11
CTCCTTATCTTAAGAC-1,0.301638412842943,2.3564568324879755e-11,0.5052171222682182,1.9591131647095012e-11,5.5085584803918844e-11,2.2872813100284983e-11,0.10815553182682858,1.2672120994532953e-11
CTCCTTATGGAACCTT-1,5.321054568910257e-11,4.2163624125289284e-11,0.34533040665541925,2.1337399610674416e-11,0.154762539690164,0.02970285862892069,0.37020419495067114,1.6256213604407647e-11
CTCCTTGAATTGGCTA-1,0.1729125718482016,1.2536343167659744e-11,0.4651540461443893,1.3883258111613459e-11,0.128366336230635,3.0103384414810676e-11,0.43356704567978327,9.031500138714912e-12
CTCGACAGCACTCGGA-1,0.12014519184199093,3.965242536756944e-10,0.47415606786071857,0.019847580102243925,0.2382629651094869,5.154700163245873e-10,0.04758819416499879,3.0360916163141185e-11
CTCGACTCCTAATGGA-1,0.17521076647779094,2.102275502664645e-11,0.49433536030952546,1.5388934927336575e-11,0.0005276668658050884,3.3906329616631284e-11,0.35773809528097233,1.2672158121600964e-11
CTCGATGCGGTGTTAA-1,0.0625696517933538,9.769539865405965e-11,0.3065816366253946,2.6751701735769094e-11,0.29305220235940144,6.223204165640673e-11,0.23779650904260285,2.2159843518557145e-11
CTCGATGTTGAACGGC-1,0.20357109857353828,1.5378693363118477e-11,0.41722624292536914,1.1219154589546464e-11,0.1546167001550055,2.4444023543598927e-11,0.42458595825939605,8.626394662303767e-12
CTCGATGTTGCTATGT-1,0.10161808058584809,0.04056369829915909,0.3758960011526997,0.003442998554743229,0.2859094637559985,0.04011847142063877,0.05245128613235477,1.1288080692830927e-10
CTCGCATACTCAACTC-1,0.08916232207891939,3.192809830997915e-11,0.4994536304261021,2.5783601144880624e-11,0.14673744416672782,9.04996537440295e-11,0.4646466031059656,1.0565095103854996e-11
CTCGCTAGCACCATCT-1,0.09136912699038076,4.9408503155590304e-11,0.5496078918981748,7.145672146170522e-11,0.2873669939282331,4.944820867913438e-11,0.1539166743620616,1.267194042197929e-11
CTCGCTGTTCATAGAT-1,0.10073693366622419,0.06989386035566643,0.43194685962225904,0.0886315491673985,0.15159494528541068,0.05719585155003488,3.464328440342395e-10,2.3144323214911583e-11
CTCGGAATTCTTGATA-1,0.11531021041800223,0.023536473476680017,0.3203845777148245,0.02843608973518105,0.17661293140865553,0.06400179726063376,0.1327205114732349,0.038997408524377795
CTCGGACTAACGTGGC-1,0.11216133586242485,0.07448333449541943,0.3367837453405803,0.04446371888392173,0.16332908992878836,0.038540964914248285,0.09322814703391398,0.037009663552346216
CTCGGAGCGAATCATG-1,0.13557516588188287,0.1329774193236327,0.3972012732041127,0.011548668930495345,0.14013168825677144,0.05815597587970039,0.024409808407765014,1.296973653669996e-10
CTCGGAGTCTTAAGGA-1,0.05071501617123205,3.477073959546863e-11,0.44918276691737713,2.5096055202347868e-11,0.16863455401303365,0.00964870086685262,0.49655008441974097,1.2672198518496152e-11
CTCGGATCGGAATACG-1,0.09442717830015201,6.097927319570529e-10,0.2412195252128382,9.44511897224916e-11,0.2297791769549398,0.0053567678288323406,0.3292173509630086,5.2658783745199444e-11
CTCGTCGCGATTAATT-1,0.12888888059671647,0.013709783574003334,0.3290863177043582,1.3896005867309142e-10,0.3853209037422555,1.5304745644833032e-10,0.042994114079173584,3.253173877560807e-11
CTCGTTCTGTCACGTT-1,0.035810175505986704,1.565576845563622e-11,0.280167296054285,2.105920486177254e-11,0.2234599199959133,6.822872720638009e-11,0.49440577303363586,1.2672159399534264e-11
CTGAAGCGTGGTGAAG-1,0.1732351165984641,5.0480818360036834e-11,0.45720398204976953,1.1174364770467802e-11,0.399547303660785,8.165920571034526e-12,0.17001359759141962,8.011783990461317e-12
CTGAAGGAGCCTCACT-1,3.301451971857263e-11,2.7895024140030096e-11,0.3611639984123563,2.0678585164764533e-11,0.5342087491719512,8.990472122506876e-11,0.004627252271628919,1.7616756922187322e-11
CTGAAGGATCTGTACG-1,0.05491165254092604,3.7342298434286694e-11,0.43848664050649827,4.431773574555862e-11,0.1150811128020159,0.008285010193252736,0.2832355839114944,1.6172527767862223e-11
CTGAAGGTGCTCGAGG-1,0.11384524515653437,7.086083733530375e-11,0.2986210756473645,3.836020708071828e-11,0.2629302164564305,0.01084277724018464,0.2137606853940942,2.3259715011910007e-11
CTGAAGTGCTATGGCG-1,0.023428962869341905,0.0540383002198325,0.3916109578318884,2.3218953869475864e-11,0.007885774326358898,0.26525705629397606,0.4577789483639293,1.0491971136762438e-11
CTGAAGTGCTGAACTG-1,0.05908224601339843,0.08651304821505057,0.5662776358317927,0.1379313155146571,0.22632144529812678,0.006951409117174513,0.05810871136819498,1.2672179130315188e-11
CTGAAGTTGCAGACAT-1,0.05341025416387389,2.2296170939539672e-11,0.4226455620116654,0.0468089355543264,0.3302907776980096,0.04684447053574999,2.345067316249878e-11,2.1530015984799094e-11
CTGAATTCGCGTAAGG-1,0.10841390434818896,0.01195448256275275,0.2589427582124746,1.686944700011256e-11,0.017276301433121737,2.3886571639634442e-11,0.503412553839915,1.3039004535946767e-11
CTGACCGCCAATTAGG-1,0.055996581303723814,0.30173492642827826,0.27832424128865507,0.002519283925081926,0.11019217013183526,0.018671764248460836,0.13256103265396124,3.90009102599141e-11
CTGACGTATCCGCCAC-1,0.03130463981733926,2.5718610281939654e-11,0.5683715134746977,3.1431706106835705e-11,0.27598286706151837,2.552669554422464e-11,0.22751070374995194,1.2682196155851687e-11
CTGACTCCGAATCTGC-1,0.1002694470449959,0.052434928751398345,0.3344979145239804,0.0086458047146903,0.1984391279220024,0.034103567309537536,0.17160920955536207,1.915765683826854e-10
CTGACTCGAATTCGTG-1,0.0527360681283647,2.886485066999338e-11,0.16398357230748342,3.3771257811443474e-11,0.3584474306625702,2.018679487299076e-11,0.32483292884150977,1.8305242890793276e-11
CTGACTGATTAGGCTG-1,0.02791939579144778,2.0674106456464237e-11,0.24016003088911236,2.067410434377118e-11,0.08496701275591169,1.0373519622499296e-10,0.546953560439536,1.8612841680963236e-11
CTGACTGGTCTACCTT-1,0.1275097205514151,0.09744405570004798,0.3072620930315626,0.019728815973349283,0.2102754108921139,0.08124049873596914,0.056539404639185185,4.912133230486311e-10
CTGACTGTGGCCGGTT-1,0.3865272229172577,0.06909714811268595,0.24041659677392826,0.04258288886158976,0.0787951911297951,0.021370419807285396,0.032506038689723266,0.028704493719590874
CTGATGCCAATGCTTC-1,0.11731752966697874,0.0029795970680309195,0.5911780115693485,3.68094844105487e-11,0.18852486156964074,7.067384873223829e-11,3.731449787117742e-11,1.8985932170426563e-11
CTGATTAACGCAAGAA-1,0.12065525907757835,0.0008796668159628501,0.49784327531012496,1.8260884724993527e-11,0.47849817862010624,0.10212361952454989,5.251619453375949e-11,1.2355369268695617e-11
CTGATTACAATGTCCA-1,0.05281860818662112,0.07504811509475835,0.383994250566476,7.617496871147736e-11,0.21865214795944068,0.08544886385431036,0.08403801425469053,2.965438158891549e-11
CTGATTAGGTGCCGAA-1,0.10088691780114833,1.2508759208069068e-11,0.43337954398386097,4.566393132096314e-11,0.24170568172859377,2.2389900804901983e-11,0.424027856369574,8.709421073193035e-12
CTGATTATCAATAGAC-1,0.10979568825622002,0.02934690201979461,0.2569684851895206,0.018233914408261345,0.3189624554587197,0.05472068844949277,0.11197186619320376,4.281238957452608e-11
CTGCATAATGGACCGC-1,0.23842747873876363,2.1988753969790367e-11,0.272902658985672,1.9588501456735285e-11,0.024035985600550907,2.3423857834040013e-11,0.498768230619279,1.267215801415713e-11
CTGCATTGAGCACGGA-1,0.05465824518349077,0.06667289800062552,0.34308114652353655,4.034376922309039e-10,0.31096826775433567,0.04795402915211614,0.0766654129675617,3.488520642409949e-11
CTGCATTGAGGAGCCG-1,0.06624065642936287,0.0646579938976074,0.5010269086881652,2.616528835442698e-11,0.2209320151932653,0.04714242582142931,2.0997823479655175e-11,1.469150054426922e-11
CTGCCACGTGTTAATA-1,0.07750444450149147,0.10450020157943642,0.33207701201499823,0.053213497621901945,0.17721924586638027,0.03263529897477745,0.10375778943414826,0.019092510017259964
CTGCCGATTGCGATGT-1,0.025638233488902273,0.008004257437710783,0.5007466228365607,1.5106725650820487e-11,0.3009031684265231,1.2664018839339823e-10,0.09673876009532888,1.267213294814356e-11
CTGCCGTGAAGTCGCA-1,0.02675262143635325,5.219430817623257e-11,0.3468209412306431,2.2740563402875124e-11,0.25816488972895013,0.011753267357488663,0.30389391522175235,1.2672141623906232e-11
CTGCCTCCAACACCAG-1,0.22423294981767705,1.130280493750525e-11,0.43344789719613275,1.8025457062661512e-11,0.10874931982191484,2.4832496427735405e-11,0.4335698330687472,9.052700498232821e-12
CTGCCTGACACGGATT-1,1.0687479354751843e-10,3.553991679088128e-11,0.37778569290561786,1.9638729264535804e-11,0.048315045619196306,1.8348526715632446e-11,0.4738992613493074,1.547418625611179e-11
CTGCGGCATGTAAGTA-1,0.038238193036082245,4.4041769810140554e-11,0.49521918666360565,2.7337161972826583e-11,0.10876919093120081,0.03850386504567793,0.2761182612717138,1.2672144416436806e-11
CTGCTCATTAGAGTGC-1,0.3650248182170771,1.014514007854974e-11,0.3994231543581679,9.657836520769197e-12,0.05828734991987684,1.1955729232721255e-11,0.3772646774491063,7.226934703978456e-12
CTGGAACAATAGACAG-1,0.03804064055806096,0.058704404280638854,0.46112865788526125,1.0298156510631079e-11,0.2140599613018911,1.030136055645602e-11,0.42806633591304827,9.002775050972524e-12
CTGGAAGGCAACCGGA-1,0.16207935081942307,1.5650788951089174e-11,0.3224129618581053,1.4841774484831108e-11,0.25794363090108857,2.006109665715425e-11,0.45756405631039737,1.0129353971998744e-11
CTGGAAGTCTAAGCTC-1,0.034920892250801056,2.4148797196153745e-11,0.2401154414978727,1.6871944097311233e-11,0.17583022300118797,6.840059673640074e-11,0.5006491051848365,1.2672146611999817e-11
CTGGAATAGTGCAAGT-1,0.13413380385172852,2.2810677592303136e-11,0.25750585677821164,2.7474069930725737e-11,0.2594370621218372,3.95062646966948e-11,0.24892327722055438,1.5170382726287828e-11
CTGGAATGGATAGTTC-1,2.3688838265350505e-11,5.140287553296605e-11,0.46610123866888187,2.3226072295825728e-11,0.33354121371268,0.05394553737597087,0.3464120101057784,8.859126244851053e-12
CTGGAATGGATCAGCA-1,0.12631119936764496,0.12210709852568817,0.5122149682484944,2.119986122505747e-11,0.12067599665149537,0.03480440504922646,2.148334860038946e-11,1.2672125193053692e-11
CTGGAATGTCCGGCCT-1,0.1391019483844003,0.029358329846353063,0.3308068730517518,0.006074166051525847,0.22531036445304053,0.04079726668466755,0.12855105117524473,3.661378385475817e-10
CTGGAATTCGGCGAAC-1,0.040905657498513076,3.7531158831350826e-11,0.24555464510270056,1.7046788042563343e-11,0.09694305877163652,4.7206832148923443e-11,0.5165966386182393,1.4353091354279661e-11
CTGGCACTTCTGCGTC-1,0.04864811252130835,0.0007855126880358624,0.3479067095559149,7.419284478779993e-11,0.1819462983348042,0.010245141520161481,0.31046822529141854,4.386969616551998e-11
CTGGCCTTACCACTTA-1,0.11651956034704178,3.710243409831657e-11,0.10909299638195515,2.163970092109213e-11,0.16866909577641784,2.384430764771264e-11,0.5057183475881762,1.3577880826206282e-11
CTGGCCTTGCATTCGG-1,0.10525569484369056,3.470270521976746e-11,0.5017750074233787,1.4517084842102966e-11,0.10810728805649364,1.699932010566877e-11,0.322299201324311,1.2672157914432235e-11
CTGGCGCACTTACTGA-1,0.1192123909024493,0.11194533737297667,0.3199153775255494,0.014673601828027696,0.15851775521097786,0.13721539886493034,0.038520138259663834,5.205763480690589e-11
CTGGCGCATATCCGTG-1,0.07656773872404077,4.583922470112939e-11,0.3978297427141132,3.787928180343579e-11,0.3387742956359269,0.05195421979631547,0.03487400304038957,2.8492827981836226e-11
CTGGCTGGACGCTTGG-1,0.27057505314251956,0.033234319310407205,0.43476705695939927,1.1016411377394415e-11,0.06884323703679868,1.8774604307845578e-11,0.3925803334930488,7.795636571102687e-12
CTGGTAATTAATCTGG-1,0.011010698590473428,1.723664016665126e-11,0.3792381098119359,1.7236640366754832e-11,0.08928109121596872,0.15965455911093113,0.4987334882057729,1.267217890837596e-11
CTGGTACTCGAAGTGG-1,0.07071339933684177,0.2332171360475409,0.5758852888720181,1.103703705783135e-10,0.22611488683233308,4.424200622227514e-11,1.981117213858019e-11,1.2672172516011144e-11
CTGGTGATCCTGAAGG-1,0.039159451972388605,4.106312762107218e-10,0.28143911430985274,6.373422936223234e-11,0.06016289608938321,0.03789163960716003,0.4813468975138058,4.9889014833686215e-11
CTGGTGATCGCCGTAG-1,0.008340029217651946,0.15580294313794063,0.4620911496829859,2.1585846508118302e-11,0.223486612274013,0.005307536676693098,0.04497172901547385,1.790228536372078e-11
CTGGTGCGAGAAGCTT-1,1.9022611648434835e-11,0.1735286561008546,0.4978053843271835,8.116483813831015e-12,0.4962953754078252,0.032370584099329684,8.129560796004285e-12,8.073234294300493e-12
CTGGTGCGTTCACGAG-1,0.24956714186915174,3.725861259182667e-11,0.4508953000613466,1.4321225309942958e-11,0.0839115264091027,2.6703475032576743e-11,0.415626031543632,8.874194268637316e-12
CTGGTGCTTATGACCA-1,0.15269132454809814,1.958331914998692e-10,0.3570667104326012,0.020123599891415708,0.2507757275641128,9.021445675680665e-11,0.11934263723403152,5.958747044118329e-11
CTGGTGGCCAATAAGT-1,0.12804490584444414,0.004369504494231442,0.5612012434091496,6.57158866017321e-11,0.119400709203751,0.06427290383598591,0.11458383263782426,1.2672154855204984e-11
CTGGTGGCCTTCCGAC-1,0.005673446873730842,1.449987381618901e-11,0.21742067876986526,4.414397352931675e-11,0.30448364625911895,4.135030107268416e-11,0.49738308928142494,1.2672160795244022e-11
CTGGTTGGACATCACC-1,0.09520628575070358,0.09420512995415538,0.48876005011867013,2.1204166930007205e-11,0.197587887195671,0.233056100620184,0.09118454630429239,8.516301663072183e-12
CTGGTTGGCTTGTTAC-1,1.1025581263313606e-10,0.05997212664718078,0.3508620904084226,2.501955929347111e-11,0.155466910983688,1.4293034189253166e-10,0.49780238387773923,1.2672171458283249e-11
CTGTATCGAAGTGGAT-1,0.08018501011159991,2.268367680055599e-11,0.34454020805224794,2.7352571357696916e-11,0.2052179120427244,1.0804929702791776e-10,0.49770944221834656,1.2672177916957242e-11
CTGTATCGGAAGCTCC-1,4.486809483989295e-11,2.4055418603832228e-11,0.21935101320953643,1.5435114908847803e-11,0.04481864354797257,0.10998005966735085,0.5258502835465518,1.543511377406064e-11
CTGTATCTTCGCCATA-1,0.11060309594320254,1.7954420451911948e-11,0.2915561458921214,1.346333423685143e-11,0.05063158677633576,1.8501234826608477e-11,0.48295766485609043,1.2672149624766712e-11
CTGTATGGCTCAACAT-1,3.5577099351986296e-11,0.49707027282873084,0.29115855980229255,1.2471263853807226e-10,0.02854598223742781,3.5793755718588254e-11,0.08322518496564517,1.7418306740428567e-11
CTGTCACTCGGCCTTA-1,0.39063893471367245,2.6977717028296285e-11,0.4388342848439508,1.5724190325433352e-11,0.10985771956895649,1.4766137991317212e-11,0.2606690607867892,7.921780359412771e-12
CTGTCAGATCGATGCG-1,0.040703756216976444,2.3816228163392155e-11,0.47659817837034457,2.0078440726446843e-11,0.1385312437649482,0.06276316365022089,0.4814036578166405,1.1504318414053305e-11
CTGTCAGGTGGATCGT-1,0.09630342678859212,0.08453486323531714,0.26077623170935166,0.04423388223156153,0.1900584318823474,0.057951721538953706,0.115783467862056,0.05035797476422991
CTGTCTATCCACATCT-1,0.10583924047161726,3.352373883981117e-11,0.4612838177410614,1.6599425646483574e-11,0.2276780907082495,1.6681134338869514e-11,0.10519885126115716,1.3430223506230921e-11
CTGTGCGTGAGCCGTC-1,0.051335969403844814,1.0069165740218008e-10,0.2833301410797671,1.0043243262837395e-10,0.21705899259961825,3.662543793942119e-11,0.34827489668602174,2.2327854735355374e-11
CTGTGGCTTGTCAGCT-1,0.3753414632507958,1.6387348327227198e-11,0.5119367721101958,1.426974643437207e-11,0.030275422920603947,3.7635406799729625e-11,0.061155971279132304,1.2672147863984203e-11
CTGTGGTAAGCTAATA-1,0.08328690521050802,2.032196442932877e-11,0.4275453314946016,1.729697868346639e-11,0.3813641054891146,1.987354167735251e-11,0.1968227155953747,1.2711253011217674e-11
CTGTTATGGCCAGCGG-1,0.0658395432332438,0.016757196432136284,0.37889743059550407,0.007424052481398274,0.3320423844787747,0.03516877800643388,0.0638706147015054,8.58867570038555e-11
CTGTTCCAGAAGCTGA-1,0.32358477033570904,1.4349104630766221e-11,0.4070144569829178,9.819027869279723e-12,0.0518324212541967,0.02269112995870658,0.39487722141624815,7.774049804769208e-12
CTGTTCGTATGCACCA-1,0.06778400430970469,3.149753967620599e-11,0.4472692521579853,1.4368589869944252e-11,0.2426179417108368,2.0747857273892894e-11,0.44232880171111494,9.33406692711847e-12
CTGTTCTGCTCAGGAC-1,0.13638586216046508,7.909347994412372e-11,0.5357362341906505,2.083142986093727e-11,0.20584171693781408,0.022036186599132625,5.999686866450399e-11,1.5813186391147797e-11
CTGTTGCTACTCACAG-1,0.05382692430732722,0.03181856549858444,0.5267938632667538,2.3984266466548553e-11,0.3572350336859445,0.0013614263051875183,1.196580336226285e-10,1.2672140290478522e-11
CTGTTGGATCAACGCA-1,0.0715735934931139,9.274657911244035e-11,0.3422218331244021,4.519519541615023e-11,0.2111733391092926,2.9591800570312425e-10,0.2750312338588464,1.9018010188303664e-11
CTTACGAACTCCGTCC-1,0.20507143391479382,1.5030756385116315e-11,0.4356997630397451,1.2184180040321552e-11,0.09754234443289278,2.378858442205844e-10,0.4616864582835451,1.0251005923573697e-11
CTTACGCAACTCAACG-1,0.16559642069777075,0.0058458130423370775,0.46310365232234546,5.413463217837254e-11,0.20885622425041148,0.0341200357371685,0.02247785393312263,1.6590018164649876e-11
CTTACGCAGAGGCTCG-1,0.009415723272582287,2.148445990195152e-11,0.47982828528531896,1.652747821615987e-11,0.27457619951213635,0.13617979193674445,2.4040197742231625e-11,1.4924347398063914e-11
CTTACGCTACGTAAGC-1,0.04113774645205114,6.464164326794675e-11,0.48984575572194766,6.421202151804313e-11,0.18926866016249416,1.4820475391354143e-11,0.47974783735266013,1.1716943410701622e-11
CTTACGGTAAGCCGAA-1,0.39628571609368857,1.077243388685299e-11,0.4079524290960666,9.984281910616754e-12,8.033347477393086e-11,1.1215965498752743e-11,0.39576185466492425,7.947925485240865e-12
CTTACGTCATCCTTAT-1,0.075937133857336,2.4629697890139833e-11,0.4964660467367473,1.6260555362475192e-11,0.12722029645746882,5.0751363271003753e-11,0.48602304685821285,1.2672219836796576e-11
CTTAGCAAGGACAGCC-1,0.26791077406949393,1.225966947771128e-11,0.4424443141054898,1.3538221027160075e-11,0.11181844787534861,1.9858879043896616e-11,0.3778264638651869,8.884204835335963e-12
CTTAGCCTAATGGTAA-1,0.1676979185794613,4.1407582532096365e-11,0.49407877461807076,1.8814051824081532e-11,0.17911545320374697,3.515434187690344e-11,0.3591078534027609,1.1107639254653822e-11
CTTAGCCTGTAAGACA-1,0.008003411111166979,0.007318150521201271,0.23809708154858422,1.729919361268035e-11,0.12479424890577155,1.1577132873671678e-10,0.5217871078443028,1.5087476666064867e-11
CTTAGCGTAGCGTGCG-1,0.0811761888282989,0.03778247869255242,0.5998245222016723,6.149473507053334e-11,0.1812168094128472,4.0704405158236003e-10,3.7207551075491716e-10,4.211665263335556e-11
CTTAGCTACCATCTCA-1,0.07551213141067414,3.749483990073315e-11,0.4907247496120283,2.268366111006577e-11,0.10503537488418616,6.677809165972159e-11,0.4076827874756666,1.2672170861281048e-11
CTTAGCTACGCAAGGT-1,0.29904114585073843,1.6261927829425773e-11,0.3896935153730614,1.3899016965051587e-11,0.06845323465902234,1.7236574387905815e-11,0.17735387380312226,1.2672150849766657e-11
CTTAGCTTAGTTCTCG-1,0.18117415509637266,2.2663125003190193e-11,0.5132623579710771,2.354255935057154e-11,0.1210260058698793,3.721811455327737e-10,0.384537479972099,1.2432975188291945e-11
CTTAGTAAGCGTGGCA-1,0.03515304254122686,1.3434141664818877e-10,0.5156339423967863,1.838967069535486e-11,0.18416337510706232,3.3047644467132585e-11,0.16504963984805943,1.508430267285769e-11
CTTAGTCTATCGAGAC-1,0.14470947564445127,1.5851110281350683e-11,0.4563125105249025,2.2683641167457333e-11,3.12398994781418e-10,2.1162212876071037e-11,0.44426133820108016,1.2672161847172812e-11
CTTAGTCTCGACAACT-1,0.16077302188427892,0.16474410336336845,0.4819090368076823,1.828605972214623e-11,0.046057669903650005,1.617881393051415e-10,0.15576925467513772,1.2672158720632963e-11
CTTAGTCTGTGCATCC-1,0.0907136822979532,3.4611390237256923e-10,0.3997583954164773,1.5527091567838867e-11,0.05848539159841078,1.618926387143561e-09,0.4894197631030995,1.2672164946412444e-11
CTTAGTCTTATTCGGA-1,0.3057305822511035,2.2467849113021325e-11,0.32166060758643555,1.5935928305291607e-11,0.09290301513025281,1.6372184043745897e-11,0.4797057948516719,1.1412165713802163e-11
CTTAGTGCGACCTATT-1,0.05902048375886897,3.2646283900359826e-11,0.3385833752614648,2.1561764586454496e-11,0.27103353687845155,2.144757791328593e-11,0.4986606583766675,1.2672190320367417e-11
CTTAGTGCGTTGACGC-1,0.1237384469912889,5.855953765623013e-11,0.49786737453895247,0.06968372890723411,0.18802174495703813,0.07205062025092292,0.2019066527815837,1.26721824737313e-11
CTTAGTGGCTAAGACG-1,0.0018276292626262212,0.01750962399831067,0.41518964978618095,4.580171833946635e-11,0.20705892132159212,0.08499631100508405,0.17341786457171335,3.264479740134767e-11
CTTAGTGGTACACGAC-1,0.14755355783727198,5.20800454722649e-11,0.2794145356945609,2.1888588398910384e-11,0.1731133029697054,3.4606444895297475e-11,0.4919352318815307,1.2672173188475533e-11
CTTAGTTCACCGCCAG-1,0.09870530897702864,0.009000156124646944,0.4152129675684197,2.0852984344284856e-10,0.12884054019618266,0.07910631388066891,0.1691347130443666,2.5052117088283676e-11
CTTAGTTGAATCACCT-1,8.271659660686961e-11,2.2161207054122773e-11,0.2755629952225799,2.5029438317937585e-11,0.07768184170660931,7.61388143167636e-11,0.5467551628906516,1.784212302587026e-11
CTTAGTTGCTCGTTGT-1,0.13397656773629196,0.03279990098972445,0.417928001970819,0.018721577168447846,0.15467173687075303,0.06102744951735107,0.08087476569649535,6.580117319882133e-11
CTTATTCACTAGCTGG-1,0.20376504133948517,1.1479799202804927e-11,0.38720503527189903,2.4574503976567435e-11,0.3194416734945928,0.2895882498228815,1.5947468604054994e-11,6.365877658487561e-12
CTTATTGAGTTCTGTA-1,0.032033086219160255,0.015458687950798865,0.24165772870434166,2.0394952096041442e-10,0.1391213431897115,0.017332145304555735,0.454397008431883,2.3311392007846607e-11
CTTCAAGTAACAGCTT-1,0.07009514891534369,1.1663949513684033e-11,0.40718687437820256,1.1007338770699012e-11,0.27826478205476063,2.4322134405051454e-11,0.44445319454924026,9.91329186007031e-12
CTTCAAGTCGACCTTC-1,0.09893392478551317,0.0016690973085865478,0.5428457669553971,3.229973500928845e-11,0.09929846481414202,0.006649285855276221,0.1506034602741466,1.861574167585384e-11
CTTCATGCCTAGACGG-1,0.10406647044629579,0.0335842481166032,0.3433507779383411,0.019875919563801542,0.09969826976703244,0.13489000940013565,0.16453430469280378,8.95587785670136e-11
CTTCATTGGATACCAC-1,0.07254728905196088,0.03180751723293264,0.5183894042184733,3.11187301834644e-10,0.16552133085762832,0.017848460872612767,0.09388599747536229,1.9513432028475366e-11
CTTCCAATTGAAGATT-1,0.10569535542197842,4.4117916589210584e-11,0.43309773044799804,0.0007029141896557115,0.3568323993432955,3.823384612015749e-11,0.003671600519783509,2.17084627811089e-11
CTTCCGACGCACAACC-1,0.39458199719277665,1.0309101515564156e-11,0.4080178256008113,1.0302305983655098e-11,0.07677322474099317,1.5277658857955095e-11,0.3206269524001542,7.961105967394889e-12
CTTCCGTCGCTGCATC-1,0.07768948943939322,0.037395248737131716,0.6016621384765644,0.13294410843077317,0.050309014720975376,8.507312810492971e-11,1.2744012233723299e-10,1.9356637165468915e-11
CTTCCTGGTGTTGGAC-1,0.11243207375899121,1.805552581743607e-11,0.3822625460187157,1.7392126122701778e-11,0.17536874343898043,3.524452368049376e-11,0.22993663684574742,1.3867778010307727e-11
CTTCGACCAAGCCGAG-1,0.21556801010732252,2.7513563637911257e-11,0.33170289924801555,2.2683655914556337e-11,0.02413966074899537,3.5112137048406695e-11,0.4939536996399398,1.2672167907639007e-11
CTTCGACTCCAGACTG-1,0.11303169363688279,5.117187510816536e-11,0.2957737828644862,2.8264511224748197e-10,0.23616301900861678,0.06260412209439252,0.19242738206813695,2.258415862457086e-11
CTTCGATAACATTGGT-1,0.04787856897055071,3.581356525111214e-11,0.405650182674893,7.396951957743187e-05,0.09487220036157443,9.198952775270867e-11,0.35152507838127406,2.2378778993204586e-11
CTTCGATACTCCGACC-1,0.3323216939099894,1.9534821283041295e-11,0.47505131139776047,1.8344155469004543e-11,0.07848432933888326,2.1003236836155276e-11,0.314142665179799,1.1405507488270641e-11
CTTCGATATGTAGGAG-1,0.1984240454418335,2.746492855828051e-11,0.5378968563658969,3.230697936319103e-11,0.08274081350235783,7.127616768354923e-11,0.08093828458473795,1.7844488931672464e-11
CTTCGCACCTGGCGGA-1,0.09357265221788832,0.14762469443133774,0.4586025409466728,0.06970233952888089,0.07915075133323486,0.04684305080792624,0.004503932797454975,3.794894940133066e-08
CTTCGCCGCAACATTA-1,0.26785993361632326,2.5157915669027155e-11,0.2263460713132925,1.475624217878847e-11,0.12752675334754995,3.169942952938422e-11,0.49490178495627835,1.2672176450812021e-11
CTTCGGCTCACTACCT-1,0.26543301924897617,0.015600595705517837,0.3299215348874702,1.232288995142852e-10,0.22371563155251042,0.004416515871429025,0.060912702590464024,3.915433995872649e-11
CTTCGTATTAATACGG-1,0.07110713403805437,1.670429234601676e-11,0.4823776984457942,6.626283760647305e-11,0.12400569756026082,2.935906512749093e-11,0.4940715354764799,1.2672189200403487e-11
CTTCGTCAAGACTCGT-1,0.12754828688410083,4.937083133235158e-11,0.35024602384659015,1.877820439792995e-11,0.14698545506987315,1.7570923925848752e-11,0.493130003454612,1.2672175811439561e-11
CTTCTACTCAAGTCGT-1,0.0335572874304756,2.672786961478856e-10,0.1492017689538494,0.0024353926004353306,0.12907321100485186,1.2217713170953326e-10,0.5857323395955845,4.229458991256767e-11
CTTCTGAGCCAGGAAC-1,1.7908922153446914e-10,0.013117593024860487,0.24070066167064572,3.2031967432037774e-11,0.15290496971234951,0.10549752303660596,0.3877792523781106,1.6907818618777437e-11
CTTCTGTACGGACATC-1,0.007292864479892118,3.955553692741425e-11,0.5040688282894954,0.020727401046533016,0.23264645768030476,1.494793675824481e-11,0.43526444840584533,9.185311656067223e-12
CTTGAACTTAGAGGAA-1,0.0818554583172704,1.7116424895070264e-11,0.32401825962455844,1.803178710579554e-11,0.5016675756289167,3.018379338207209e-11,0.2924587058237022,1.2383187354509369e-11
CTTGAGCCTTGTTCCA-1,0.0675700746997979,0.003797812205661065,0.3151913497557558,7.775008300868255e-11,0.39626389759780717,0.003147380080247065,0.11402948558109298,2.6646776797664385e-11
CTTGAGTCCAAGGCTG-1,6.85428122513029e-11,4.548363041535486e-11,0.3182507064958478,2.4903748811793662e-11,0.056159004551070923,2.8879664582247077e-11,0.5255902887871389,2.4401219538096757e-11
CTTGATGCAATCACAA-1,0.17623791173508097,2.0703171856260915e-11,0.2230186372476332,1.591262104999819e-11,0.21552130951840448,2.5422241979078886e-11,0.49617850865409435,1.26721753657593e-11
CTTGCCGGAAGACGCA-1,0.010383667851335442,4.325270079826596e-11,0.2955348864391065,2.268370707251181e-11,0.35248802749980773,2.71387435772429e-11,0.49942833838941164,1.2672187084925931e-11
CTTGCGTAACAGCAGT-1,0.09764127896809237,0.04749474671618195,0.3141418203994973,0.05259371951078637,0.276894736641738,0.041256887673836534,0.06997680995571656,1.4803589659686127e-10
CTTGGAACTCCACGCC-1,0.05071235768297453,1.9548106131409045e-11,0.39433441745759656,1.2865101977281853e-11,0.08648940888681064,0.23597781172756918,0.4324860041651452,9.535472065537569e-12
CTTGGACAGGTTAGAA-1,0.05458339090138031,1.9961685093158798e-11,0.28449371261894235,3.238592917561122e-11,0.2508531115790975,7.253367072075428e-11,0.5008485596929698,1.2672175449304128e-11
CTTGGACATTACAGGA-1,0.11927275005340739,1.1895951758232902e-10,0.343357485974906,3.444693612778164e-10,0.19575214287992893,0.04112641939979334,0.2004912011913321,5.3443887777211976e-11
CTTGGAGGCCACCTGC-1,0.1347115983156609,0.06245247195257593,0.2951340229509602,5.963535257957657e-11,0.32607845907371347,0.02078441200409875,0.06083903563481281,3.014877158259198e-11
CTTGGTTAGAGTCATC-1,0.19048784492278767,1.4340084251948147e-11,0.42582716770949,1.1944258903957167e-11,0.19527730248505723,1.303727848643083e-11,0.388407684795093,9.559135948244585e-12
CTTGTAAGCGCTTCAT-1,0.38469432491433386,1.5965255843456637e-11,0.40585267286220306,9.244051201443687e-12,0.005194085485495689,1.6739980742632983e-11,0.404258916668977,7.878402106771024e-12
CTTGTATCGTATGATT-1,0.09812929830573558,0.02069445572517738,0.4862239633386072,2.4105048612268665e-11,0.16585146744852233,0.061078007192718324,0.15944620629196457,1.267215308806797e-11
CTTGTCAAGGCGTCAA-1,0.14096317289419544,0.009483849347735525,0.3865394500298889,1.5815087416057028e-11,0.17534215544388607,2.1745844982151046e-11,0.48767137207878125,1.1721678692407854e-11
CTTGTCAGTTCGGTAA-1,2.216223500844317e-11,0.026943948558280185,0.18191528809788662,2.468236643579979e-11,0.16863432089659275,2.912631331489227e-11,0.5225064424425336,1.4835353915311198e-11
GAACAAGGTCGAGCAA-1,0.2746427809193037,6.1323897530821724e-12,0.3652522322079236,1.0668912921197643e-11,0.30738057229115867,1.3187258244952932e-11,0.2527244145336728,6.118491261354088e-12
GAACAGATAACCTTAA-1,0.39935985514197736,2.524062671960613e-11,0.4566584950720668,2.1115955411397966e-11,0.09757558299558655,1.733890938180943e-11,0.24640606668128506,9.372836341768073e-12
GAACAGATCCGCTAGA-1,0.14394035515506845,2.7261944674394152e-11,0.4521263517267949,1.787365066476658e-11,0.12570727428988906,2.194455114825535e-11,0.47822601864311876,1.129334712162359e-11
GAACATTCGACACGTA-1,0.2565827446996755,2.342711373115112e-11,0.3952018611850414,1.8561784116696606e-11,0.14425716550468937,2.5713229734266494e-11,0.10395822867800562,1.3847399212905291e-11
GAACCTTAGTTGATTA-1,0.007615522036587631,3.838593575568439e-11,0.5251284596981062,2.6174155261997594e-11,0.19939499796654334,0.028423982824785463,0.28871837014772606,1.267216481513521e-11
GAACGCCACGGTGGTT-1,0.08299798002473924,0.09518310236532493,0.2615122007726006,0.0701197985304778,0.1680015433948589,0.04777632112707577,0.17268511694176533,0.001723936820179502
GAACGCCAGTGCATAC-1,0.05358057322173186,2.2381249225547462e-11,0.35508572540178857,1.6945641731135884e-11,0.057649761785205436,1.9588471638412552e-11,0.4960636419848018,1.2672152804151305e-11
GAACGCTAGAAGGCTA-1,0.12042689847206138,1.8850602889770697e-11,0.48984087053308234,1.4577926322070702e-11,0.055471065355206454,4.0510224568509885e-11,0.4379783999087417,1.2672173838313585e-11
GAACTAACTCTACGTG-1,0.15827299200447675,3.723028372377334e-11,0.5368884082069744,0.028189073130260565,0.16748249939580973,2.6051073435836223e-10,0.009167027146406133,1.3551966729092843e-11
GAACTACAAGTAGGAG-1,0.031149045076963745,0.08210895086175032,0.3453634653202278,4.299861078542202e-11,0.180899219681689,0.0701797651653869,0.19029955383791466,3.345593684592622e-11
GAACTACCTTATCATA-1,0.11237915796986503,1.4266753772531141e-11,0.47295265444565066,1.602354619110186e-11,0.12782210110960973,1.300661977561913e-10,0.4868460861538227,1.1678856222853796e-11
GAACTCATAGTGAGTG-1,0.10683174625974634,1.8808037565709217e-11,0.49396757206302655,1.4610379711535755e-11,0.12310570036890635,2.0325443757378778e-11,0.47609498112879256,1.1408249148126625e-11
GAACTCCTCATACATA-1,0.22840545782582813,1.6510503628975642e-11,0.345033419481447,1.26006587807355e-11,0.17540044293868898,1.5929748552474397e-11,0.4511606796569906,9.748721124764838e-12
GAACTCCTGGAGGCTC-1,0.13775496754805644,2.5568572663540375e-11,0.5057164440815217,2.5568575383801264e-11,0.1621188132836991,2.194270173765724e-11,0.38781985996798485,1.2672243881166558e-11
GAACTGTAACTCAGGC-1,0.380428531871182,2.2817174742205707e-11,0.4988513250700852,3.2242396133188845e-11,0.07273453855592822,7.514881026398887e-11,0.2479856041328733,1.2003435607151354e-11
GAACTTGGTGAGGATA-1,0.04401435868670426,2.3810190756718537e-11,0.29474892354125115,3.135612462801666e-11,0.1775491422343692,3.3481232072396874e-11,0.38368757549987625,1.5670692022596113e-11
GAAGCGGCTGATCAGT-1,1.2207624433463554e-11,0.36770745530522025,0.40568196518117444,1.1032233229008378e-10,0.045278210611181126,7.429189627291084e-12,0.38133236874718524,7.413621510670026e-12
GAAGCGTCCATAGTTG-1,0.18275646629514683,2.7442860385034462e-11,0.1396194901140847,1.8859145515351245e-11,0.07286320553392218,2.5154053671256904e-11,0.5047608383438589,1.3116251606758114e-11
GAAGCTGCCTCGTGAG-1,0.0325769716774269,0.07356987647921563,0.5189029542964371,2.3802121878864448e-11,0.23895863173567902,0.03599156576816924,6.329777490649208e-11,1.5633678681069955e-11
GAAGCTGTTCTACATC-1,0.12104239114263461,0.010401090850257758,0.4304356891352895,0.04781683066659715,0.20503883620059327,0.04885700435272498,0.03640815738899959,2.762372377557837e-10
GAAGCTTGACGCTTAA-1,4.831585704817019e-09,0.04236685959138895,0.36591282865941155,5.5856505237655084e-11,0.221910172044539,1.0324230997703744e-08,0.2698101244969979,2.97389598643472e-11
GAAGGATGGTATACGT-1,0.06338056518406507,0.03870318966821842,0.31991224480854147,0.08788385012183152,0.28542028561927657,0.03364617492671598,0.06176974034001528,0.009283949344001223
GAAGTAGCTGAGTCTA-1,1.2737769668166377e-10,8.472040144505737e-10,0.28776580282937864,6.0616356919462e-11,0.08204100021460366,6.294267080348757e-11,0.5301931958909757,1.6982929654970353e-11
GAATAAGGAGAACTAA-1,0.12018086933727495,1.9008041962468452e-11,0.4347012389164297,3.0435149414104514e-11,0.16987531131659606,3.130204495913572e-11,0.47524258019215704,1.165598864253097e-11
GAATACAGACGAACTG-1,0.15626458902124615,0.025015682181220848,0.4812740447428441,6.861992319998353e-11,0.11512832582943651,2.351203758122864e-10,0.1223173579039117,3.640580271872966e-11
GAATACCTGCCACGGC-1,0.05352945088804089,0.03938841916069692,0.43386650972380064,6.417215768564084e-07,0.19200384762780456,0.014864178312280176,0.16634695256401819,2.50476607469428e-11
GAATACTAAGGCGAAT-1,0.021856473777524206,1.5458707975792425e-11,0.5110210868984351,1.806428639034461e-11,0.3278667082648667,1.27269383988709e-10,0.07790686455448839,1.2719340980613455e-11
GAATCATAGTCTGAAG-1,0.05912700595880394,0.09592467567809454,0.47552482199225776,1.5289144908549985e-11,0.08958185450428024,1.877384474976457e-11,0.17984164240463826,1.2954203631950705e-11
GAATCATGAACCAGTG-1,0.04334345108377531,1.6042390030043588e-11,0.40272285083419285,1.4501821295637491e-11,0.06937808130782769,2.3782419097075307e-11,0.49778545635532373,1.2672149965569053e-11
GAATCATTATGAGCTG-1,0.1130184311857028,0.07264400004152309,0.4237092011632752,6.63574374618248e-09,0.19367048334711,0.07150753603297479,0.025450341531342565,7.835766009025786e-11
GAATGACACGACTAGG-1,0.08891910981500503,1.3014284014923947e-11,0.5057555363905215,1.532070056412841e-11,0.1563356087203356,0.01737718744663402,0.43161255704147267,1.238406242027702e-11
GAATGACCACAATCGA-1,0.1614790403203441,3.039387304324784e-11,0.42451290900714933,1.524244934268082e-11,0.15340007903558261,3.43298754353469e-11,0.29989626583342144,1.2672161543959574e-11
GAATGAGTATAGACCA-1,0.22547597496167193,2.4885939066531965e-11,0.49878604789273967,1.7711453531457768e-11,0.30290768148873315,2.5048776934233395e-11,0.17283029514233042,1.2316983727615092e-11
GAATGGCCAAGGAGGC-1,0.01577023808351518,5.280529123837664e-09,0.5131435050002291,1.6989104201514184e-11,0.13066175830237103,1.8679170444683566e-11,0.38460562497886885,1.2672164176316755e-11
GAATGTATTGGATCAA-1,0.038372919496801626,0.06753848710184046,0.5487030753851012,1.1123324161961405e-10,0.24395978427428297,0.0014257336925146938,2.4323498071236448e-11,1.4500965567069232e-11
GAATGTGCCTAGCAGA-1,0.0007064745824099807,0.13522815378068012,0.48022370919019985,1.5787908014822933e-11,0.10393053522247672,0.10831563560397557,0.3715165741314051,1.2685088735310307e-11
GAATTAACCTTCAATT-1,0.2752143428014841,0.1031542378508851,0.383851438550246,1.4256755470414647e-11,0.07500571205425177,1.8111111681722276e-11,0.362774268688662,6.907389326157461e-12
GAATTCACAACTGCAG-1,0.28778889147782166,0.07231384990531917,0.4125717166077424,0.116622479582744,2.3443703742237795e-11,1.2091217939500087e-11,0.31070306237434897,5.798824137530656e-12
GACAACATCATGCCGC-1,0.05377329185069664,0.0010004021453262554,0.16448923785536537,0.24778666886173986,0.1786659484636806,0.026455844950302305,0.22782860580976316,6.583685580706855e-11
GACAACCTAGGAGTCT-1,0.16544277683230788,1.7968339085379355e-11,0.48047561799588956,2.255272791869338e-11,0.09137944731547192,2.2552724033392956e-11,0.4627021577262717,1.0353765055511978e-11
GACAACGGACTCAGCT-1,0.09089855866437786,2.0020755979017164e-11,0.35021412401041135,1.4718142072399502e-11,0.24089742429685107,2.3193229745052508e-11,0.21798989349473888,1.2978697383945143e-11
GACAACGGCGATGTTA-1,0.10062252825753576,3.521332081877959e-11,0.26358825372674677,4.4255853777793757e-11,0.1896059475381088,0.047211981405669005,0.29897128900085956,2.1828027978459948e-11
GACAACTTAACCAACC-1,0.16185704281077867,4.418709999503323e-11,0.5024110967315389,1.7020144782825626e-11,0.03124388973676431,3.3577132803488015e-11,0.20448797167048144,1.282500791683527e-11
GACAAGCCTCGTTAGT-1,0.1942992012773133,6.616481874981357e-11,0.30137137717899837,1.6315834362797036e-11,0.24250250882113472,3.0557670633849796e-11,0.3264305667644598,1.2676903919416709e-11
GACAAGCTGAATCTGG-1,0.29279719238816293,6.981645322210483e-11,0.44126540967956085,1.1137839447215172e-11,0.02583211138109056,3.4681213961496726e-11,0.44010528639136626,9.32851117981085e-12
GACAATCTATTAGATT-1,0.13093589009804096,3.646983189707168e-11,0.5499372298562558,3.700032569851595e-11,0.21912687804227748,5.2769841863769365e-11,1.9662335924639223e-09,1.4426224273562704e-11
GACAATGACAAGCTTA-1,0.06337423566829255,0.034262332831252997,0.2738347173503171,0.01783251647217416,0.18538113438703183,0.08733206645148572,0.2379829966783508,1.7482213072113833e-10
GACAATTGTATGCTTC-1,0.010599104558008337,5.780593235306528e-11,0.2721141718870832,5.91516190259294e-11,0.3656260999800824,5.880915264309214e-11,0.2516606235579648,1.3675742605987278e-11
GACAGTCACTTCGCTC-1,0.33687934495601984,1.6486917720332152e-11,0.49170129860384126,1.504742046722056e-11,0.045169207731817235,2.9671759280170727e-11,0.3262501485378444,1.133474138312671e-11
GACATCAGATTCTTAC-1,0.2460116059255688,1.0523452166954731e-11,0.4354557897464979,2.1852172881830595e-11,0.11476903514430187,1.4051777686074254e-11,0.40376356910492206,8.298010028051105e-12
GACATCCTTCATTATC-1,0.06100314718417278,0.07683105875578433,0.43240159004083767,3.753244786366858e-11,0.19988584071144835,0.12987836321629742,5.836238532716748e-11,2.3312919061369906e-11
GACATTATCTTAATCT-1,0.20352585751969374,1.4233792431100353e-11,0.4270452612648169,1.7979889821770444e-11,0.15061748970302194,3.828773210138958e-11,0.41881139140529383,8.750840938610335e-12
GACCACATTCTTGAAT-1,0.1280808808100121,8.023307370106338e-11,0.18732773174346148,5.943545491702062e-11,0.37841459704126307,0.008005738190317626,0.1981710520583941,3.635737756784465e-11
GACCACGGCGTACATA-1,0.007093013710418557,0.05882027531747854,0.2813893164158397,0.12148516900643833,0.1956485689422536,0.04446610198115779,0.1910975545804428,6.188058449247095e-11
GACCACTCCTGACGTT-1,0.15709758118026657,0.042698380580373514,0.33034842800618136,3.014114402271689e-10,0.2913152416371022,0.0267628396447454,0.05177752860237219,6.364599240006228e-11
GACCACTTAGACAGGT-1,0.03408829751506251,2.9149217097474296e-11,0.1247770659248752,2.125145340945878e-11,0.19162609643391684,1.1262184902465329e-10,0.5495085399834844,1.8730986902411174e-11
GACCGAATCTAATACG-1,2.4231736930605887e-10,3.214857539802597e-11,0.25716386845373534,1.9862352651242744e-11,0.2557686279135767,3.243069290063231e-11,0.4088566865602045,1.2672131741271433e-11
GACCGGCCATGTACCG-1,0.2617638048468503,1.856644327513042e-11,0.5041982108386481,2.713109934652993e-11,0.05456131113963187,5.352147367021048e-11,0.20656362936735953,1.2672157180667973e-11
GACCGTATTAGACCGG-1,0.11265820297747388,3.0530829254535085e-11,0.46569446080674004,2.9994417047798246e-11,0.14594781669790458,3.610765220511986e-11,0.17569951953490015,1.4069660413634684e-11
GACCTGTCGATTGCAG-1,0.05627875871644094,0.0743100026743678,0.5665717589155509,4.7202271833303845e-08,0.1536220875254358,1.8050939171281304e-07,0.04921716441928391,5.3779130332257613e-11
GACGAGAAGTTACAGA-1,0.04462451935501708,0.07505316930183985,0.34491090437611455,0.028243831316617757,0.1156946224690207,0.05831927410780571,0.1627889792709779,0.07036469981029038
GACGAGCTGCACTCGT-1,0.08945182570508355,2.6694330107499765e-11,0.21958151242241453,1.892374975543157e-11,0.09032514231953825,3.584195571107462e-11,0.500641520296504,1.2867013032758967e-11
GACGAGTGCTGGAGAT-1,0.10898732494288202,0.3908441478786692,0.3557406386573459,1.1985133406261288e-10,0.13037055566803465,2.6232659453378353e-11,1.7146922652878827e-11,1.2797959145545028e-11
GACGCAGCGTCAAGTT-1,0.030281346847911485,5.054009697484038e-11,0.3838356374997486,2.999653821059285e-11,0.12635911377245723,0.043220080197712944,0.316303821620573,1.900457432327444e-11
GACGCCGAACTTCCGT-1,0.09292174134453628,1.0783843436953955e-10,0.5299010583263627,0.006007045841838423,0.2518133727246903,0.019356781457360427,1.773946426325833e-10,3.8843004988574866e-11
GACGCCTCGTCAGAGG-1,0.08541636164354906,0.05755144947269554,0.26109175402305995,0.00538880235021244,0.3237469523337522,0.022069320732347596,0.14473535929128975,1.6667529512862567e-10
GACGCTCACCAACCGG-1,0.08350330279156488,1.5422401751284412e-10,0.3787674539991513,0.015177659378267259,0.22576469721033698,0.0533360235928668,0.14345086285089423,4.122318645426521e-11
GACGGCTTAGGTGCGA-1,0.10452555266266472,0.33422843817113895,0.49856237580663876,3.155774389652941e-11,0.1622887239262435,0.07811837914840006,3.188923183335056e-11,1.2672202817164474e-11
GACGGTGGTTGATGTC-1,5.158728653383049e-11,0.050633639561978326,0.44145090669678727,1.488270127488952e-11,0.07213636868072038,2.275640960894278e-11,0.49852930608487067,1.2672164110445778e-11
GACGTACAGGAACGCT-1,0.19130830885325276,3.176560875784559e-11,0.36726208375194386,1.7954483717982907e-11,0.03480853270335329,2.938919364524325e-11,0.4977399648411246,1.2672173909696946e-11
GACGTAGACTGCCGCA-1,0.036092986416851894,1.687624476404517e-10,0.32429101329541904,0.037352307255785755,0.18028694305850648,0.03609167606762861,0.2858850735794023,1.7339033123985025e-10
GACGTCTTATCTCAGC-1,0.049718716852375715,9.924287204943073e-12,0.229954518472389,1.5111598810454728e-11,0.02647844099262971,0.4379467655666587,0.4559015580357326,9.900718215978358e-12
GACGTGGTGCTCCAGA-1,0.16719271729621388,1.3815834612111711e-11,0.3546136645738808,1.725068950869922e-11,0.19571131511042697,2.067994201154667e-11,0.482482302829191,1.1522626867547679e-11
GACGTTCGGTCTTACC-1,1.2641006589621003e-10,1.673583464612034e-11,0.37801789473750635,2.159505481643415e-11,0.11698425108580895,2.1352641641712866e-11,0.4939835059751617,1.2672147060629184e-11
GACTACGAGTTCCATT-1,0.35481866410276885,2.916969572714635e-11,0.40775404021828454,2.0140451204997615e-11,0.03053909362340552,2.7329395149988774e-11,0.10688820201673974,1.6520254777741335e-11
GACTACGCCTATAGCC-1,0.01600112423065989,3.0788360799268115e-11,0.2612205346675587,3.078836322317842e-11,0.19400477567435753,0.02764197165278881,0.49959817127374334,1.2672152912051949e-11
GACTAGATTAGCTAAC-1,0.0778942084770749,0.04751780617726237,0.2289864694105993,5.303078677908771e-11,0.1313568254223121,0.01576569890087223,0.39847899154761757,3.2043889157781124e-11
GACTAGTAATCTTGCT-1,0.19923588707667164,1.5112837546310107e-11,0.49510662301174757,2.443664043941033e-11,0.0016380403795620074,2.1162239875045174e-11,0.3913216150361716,1.2672174156293445e-11
GACTGACAGGAACCAG-1,0.04727953501883133,0.48474805139156973,0.3520026905554417,1.5482633375077238e-11,0.07031251397030003,9.329571931032083e-11,2.918665373630994e-11,1.267214541236702e-11
GACTGCCATAGAATAC-1,0.06132392449931402,8.530388134363478e-11,0.5010044891550183,2.1748692220109915e-11,0.07492089478997799,0.10511828441093976,0.17881850419442838,1.267213107958226e-11
GACTGCGGTCTGCGTG-1,0.37742491443522175,0.033774982609293375,0.5205844460575685,3.1335193049092164e-11,0.10366268164393386,3.138454468506983e-11,0.1645529743604641,1.2478682179363615e-11
GACTTCATACCGCTGT-1,0.1128129703307341,2.7765154452383816e-11,0.38653854023417594,2.1735400080428685e-11,0.20544656339850104,1.6410816639188674e-11,0.49520192543814034,1.2370660577699448e-11
GACTTGAACGTCCGTA-1,0.08749883544701856,0.07079198208773957,0.37091244960653175,9.705765600029222e-11,0.21200251122718508,0.05412701449486702,0.10466720702806619,3.236015227025326e-11
GACTTGAAGCCATAGC-1,0.014928639010055802,4.1457377485047605e-11,0.4833860910058768,1.449993660243426e-11,0.18517367447762995,2.9349671469453256e-11,0.49726956716270254,1.2672208239398685e-11
GAGCACCATTCGCTGT-1,0.0347663757975334,2.038102924832606e-11,0.27256759951963166,1.6945635159762514e-11,0.13789384969565457,2.374952408503288e-11,0.49653789298373335,1.2672150446281344e-11
GAGCAGACTAGTGGTA-1,0.07171662155037178,2.9016385512975327e-11,0.516565624594869,1.26721572937508e-11,0.16660425012304594,1.509444388279094e-11,0.2657047714001047,1.2672155885568503e-11
GAGCATCTCCAGTCTG-1,0.05915596522039903,7.635787514652768e-11,0.28853127435945014,4.660670591435016e-11,0.18378763132439493,1.2460093714500098e-09,0.3685251277323557,2.2858828177474115e-11
GAGCCAAGCGATCGTA-1,0.01083898221437981,0.1379755461413559,0.3452030391657795,1.717600911910486e-11,0.21924560083444727,8.260282848756404e-11,0.48673683127500966,1.2076901022190994e-11
GAGCCAGCTTACGGTA-1,0.17412741207207158,2.778603390656482e-11,0.4594583088349405,1.5235760020783506e-11,0.12455837460344017,1.6586000489840703e-11,0.4418559043850222,9.353946348274305e-12
GAGCCTCACGTATGTA-1,0.1489587913856859,0.0025847035708030435,0.4858093203173611,4.5367584357367223e-11,0.13399352050546545,0.017441987703940925,0.11121167650434897,1.706951288606362e-11
GAGCCTCCAGTACCGA-1,0.05184072506911418,0.09276923927301108,0.2708395663268618,2.0684004699417692e-11,0.013261148563442298,1.805685600538498e-11,0.49666834565369034,1.2672136828321668e-11
GAGCGAATCGGTAGAA-1,0.06114566137487733,0.10214704812735874,0.2677611354089615,1.7985380589268778e-10,0.25566804749694544,0.09991032448951805,0.11336778291428148,2.968125552805954e-11
GAGCGATACTCCAGGC-1,0.0811452902774832,4.89913224092282e-11,0.4877915401515593,2.9770719815301936e-11,0.3310631694489413,6.263233863592385e-11,3.481216414165043e-11,1.5456980588912328e-11
GAGCGGTGTTATCAAC-1,0.04741835424071514,6.192410185182577e-11,0.23363743225781347,8.837967981226007e-11,0.04106520198759706,3.369565540642783e-11,0.5778790113298613,2.5350290562233287e-11
GAGCTAACCTACTTAC-1,0.016289019009259317,1.7389511052189164e-11,0.5087085414554283,1.9642473842341407e-11,0.0685983595503376,0.024029477300240486,0.4891823891862967,1.2672174505359062e-11
GAGCTAAGGTTGCGTT-1,0.024771790429422732,0.26098316797232046,0.3163766963514213,1.5905812538631722e-11,0.10832443378388558,4.566690803060683e-11,0.4895439111642635,1.1996706387183918e-11
GAGCTACAAGATCAAG-1,0.10363672319677349,0.04908274625435595,0.302027077045552,0.010323059792610705,0.16155597058781487,0.01797775273024559,0.2553966700106633,3.960213027453604e-10
GAGCTACAGCTCGGTA-1,0.11249714863042132,2.962509548719242e-11,0.5197632109321895,2.420568822259617e-11,0.1270594325726138,2.6554247778222536e-11,0.2536359475664909,1.2672153687024282e-11
GAGCTGCGGTGGTAAT-1,2.284552149309806e-10,2.125494384183605e-11,0.2968411801382795,1.513122848159943e-11,0.08420339305660295,2.1347969059881304e-11,0.5189554266080453,1.4440245350925646e-11
GAGCTTGATGGAAGCT-1,1.834665577177768e-10,1.676185008849382e-11,0.23727947956228623,2.121745258397334e-11,0.2671299913788039,2.489510477312824e-11,0.415596349524181,1.2676864732754638e-11
GAGGAAGCCGATGTGA-1,0.12499930360662273,0.15035796214664807,0.4755824565489679,3.080487832516167e-11,0.07357661060875267,1.0663987458605785e-11,0.3754836670238321,7.270290849414417e-12
GAGGAAGGCAACGGCG-1,3.0639497493167276e-11,2.4234380985680706e-08,0.49809373095350395,1.688603106130367e-11,0.3769869851676694,3.667847003055598e-11,0.32491925946472194,1.095607681978367e-11
GAGGACAGATCGCCTA-1,0.043106827492992265,0.06086079046867369,0.29317336661757126,0.007669074031185723,0.38056301271443804,4.389093464720878e-11,0.11462692862744188,2.7398858565575364e-11
GAGGACAGTGATCGGC-1,0.06211388961831586,2.6608987339632077e-10,0.19006540269682232,5.662680254283453e-11,0.07903944649931584,5.833061368800562e-11,0.5687812608081143,2.3673110387982015e-11
GAGGACGAGTCCTAGT-1,0.009368265170961355,0.1428479292733146,0.5535232735413417,0.07384004268391114,0.10206816200340749,0.00435991899026286,0.004758473908733389,0.009233934440366146
GAGGATACCAGGTACG-1,0.02504975021408386,8.476794085823239e-11,0.24651724958210228,5.835238589389158e-11,0.0715265965396804,9.507065020182749e-07,0.5569054528430526,2.1232918376843045e-11
GAGGATCCAGAACTGG-1,0.4869036145901884,8.350893924209585e-11,0.5375325300217871,3.4023851718006196e-11,1.2271177252371824e-10,3.01288549340873e-11,0.1755638547386906,1.2249743227040757e-11
GAGGATGATAGGAAGG-1,0.15788920957106475,0.03737004132995539,0.5593928945446843,8.271463312779589e-11,0.14534785434531294,7.300757926947494e-11,7.380019016081313e-11,1.870802709009766e-11
GAGGCCACAAGGTGCA-1,0.2790746709780109,0.08108631009242091,0.5208545422793536,1.9588529501243383e-11,0.11782028387665748,5.551242788791654e-11,0.09569835082104154,1.2672173571343472e-11
GAGGCCAGCAGAGGTT-1,5.730429435489156e-11,2.0401472227249545e-11,0.4651606741538314,2.0381031483418637e-11,0.49452271357502464,3.526515839639227e-11,2.0734162702988285e-11,1.2672148480002304e-11
GAGGCCATGGCTCGGA-1,0.08730551813766849,3.8051700224612305e-10,0.4575654576730079,3.627730063666879e-11,0.3314782212238211,0.023650802509260153,5.0582627610951406e-11,2.1215707423128567e-11
GAGGCGCTCCATTCCT-1,0.2857735670514643,6.329072315885593e-11,0.45678089525023186,1.7360547461282042e-11,0.007260126083774341,2.0116407931598236e-11,0.4501854114566386,9.906792786827257e-12
GAGGTAACATTCGATC-1,0.23678792030051804,8.541577349951277e-11,0.512965271341825,5.816039224607476e-11,0.19141396405584496,0.04025651503735584,0.03968685750633622,1.2672161366192463e-11
GAGGTAACTAGACAGT-1,0.12700653255181696,1.9913116541368567e-11,0.5047275394904444,1.1038875451634957e-10,0.4839004316958853,0.011304200411128363,4.523745495579141e-11,1.2671656483994795e-11
GAGGTAACTGCGAGAC-1,0.11514818212826096,0.02844568279829459,0.4804175530424485,1.5356308349429887e-11,0.10746721343320263,1.6534207995133224e-11,0.4685213684840677,1.0754702830735165e-11
GAGGTATTAATAGCGG-1,0.1198814027165934,2.8106474673044902e-11,0.49079655749564205,2.8106475592047733e-11,0.1333529708002991,2.01977579291783e-11,0.4559690688793471,1.017601487046467e-11
GAGGTCACTGTAAGCT-1,0.09042921991900554,1.749941174918161e-11,0.43548792132677394,2.0732262571790992e-11,0.21551018707496136,3.2233862485466946e-11,0.4503508818199131,1.2672246216423675e-11
GAGGTGAGATCATTGG-1,6.666841981707287e-11,6.798580102505441e-11,0.3893194550333577,6.4493936402563e-11,0.29145670591855394,0.06169515670473136,0.15752868219154706,1.604496732065435e-11
GAGGTGCATTCGGATC-1,0.18973269325011555,1.8246422090416403e-11,0.4218622988869801,2.0223002083899867e-11,4.781599057455962e-11,3.314138285816885e-11,0.2964141481645185,1.267210120909726e-11
GAGGTGCCTCTTCGTG-1,0.3686094449924513,1.1434059323909378e-11,0.3827651246910602,1.4716097565712276e-11,0.0693096853487916,2.2276346347404532e-11,0.3793157448950242,7.258782683568814e-12
GAGGTGGCTCGAGGTT-1,0.06413392507279447,3.591508048886531e-11,0.4552410278294083,2.7013204413040745e-10,0.14377705885996309,2.5077257901410604e-11,0.23684798797594012,1.4919968398959568e-11
GAGGTGTAGCAACTCA-1,0.08234188620130879,0.0028516171079944926,0.478987729632783,5.212950958456425e-11,0.49178503123688144,3.486900011989714e-11,5.3289538184557704e-11,1.2672168724829605e-11
GAGTAACGTGGCTTGA-1,0.09606337835332024,4.6742742280573955e-11,0.1702354315339783,3.493515668977956e-11,0.11577031847812629,3.549975470734068e-11,0.5179308715840196,1.4999848778230303e-11
GAGTAGACGCAGGCTC-1,0.06541563296584801,3.1790231035039046e-11,0.4854419287457034,1.20552057792578e-11,0.21501627503575882,1.1818644455479295e-10,0.4341261630447207,9.427292997990928e-12
GAGTAGATTATGGTTC-1,0.1917099739171119,3.447579787020108e-11,0.4844575828462264,1.909781049868851e-11,0.1620803807603553,0.06175206244150632,2.589317838474653e-11,1.60363888984982e-11
GAGTAGGATGGTAGTC-1,0.12965966748560337,1.958853293678017e-11,0.4851299271498579,1.4173499650293155e-11,1.0695224208209754e-10,7.03926531628502e-11,0.4968138292445199,1.2672176294648335e-11
GAGTCACCGTCCTCCA-1,0.09285540253883198,9.235996235158815e-11,0.2753860101880029,5.7729905521549016e-11,0.3132669292550622,0.0079213914165197,0.21057026643867008,3.3293688824931203e-11
GAGTCACGTCCTTAGA-1,0.0063099811722324125,2.8480132382632904e-11,0.18655668932294897,0.0036125991885191137,0.1443767065064656,5.985260193919255e-11,0.5591440237358342,2.029778769205251e-11
GAGTCCACGCCTGAAG-1,0.05152838557893593,2.6027036788902553e-11,0.24484685609807064,1.886763444469987e-11,0.18886614282722258,3.1453246512144487e-11,0.4982214658087269,1.2672151657356582e-11
GAGTCCACTCATAACA-1,0.095834524663059,2.539623598574081e-11,0.24129663524415504,3.491133484243759e-11,0.32366980314664723,5.354214283727936e-11,0.23919903686924573,1.660918271566665e-11
GAGTCCTCTAGCGACA-1,0.09786505197969192,0.019225564620244114,0.2804818856037997,0.03744875327881072,0.24417792980950126,0.050390899595554886,0.1704099148400653,2.856092246403683e-10
GAGTCGAGCGTGCTTC-1,0.08996017604714301,0.0041599998922331,0.49872162373795487,1.2883638346492904e-10,0.3071581997652123,3.6854467929925623e-10,5.751310218755554e-11,2.68161858292107e-11
GAGTCTATTCCAGGAC-1,0.06874830773090361,0.07139893226741993,0.3689064615151758,0.056166079742649616,0.22068730053129776,0.04915079767163622,0.030275859367579913,0.03466626118512404
GAGTCTCGAGATAGTC-1,0.09712426833379337,0.001036351110286623,0.28200307117321977,1.1368603282876966e-10,0.36281461632515716,3.701922327072155e-11,0.15702169292690354,2.417501148768197e-11
GAGTCTGACTATAGAA-1,0.04308520732058719,2.1893102549877347e-10,0.613202311072546,1.924510786412859e-10,0.1080199491303356,0.10729948950935742,0.02839304255146348,2.7703273367366356e-11
GAGTCTGGTGAATGAG-1,0.34537590469545515,2.6177662771447265e-11,0.5136480255173616,1.763340902152636e-11,0.11537242750147744,2.3992192260311734e-11,0.21660937977157715,1.2672242042148531e-11
GAGTGCAGCGTCATCG-1,0.33652524565360176,3.9947890882411835e-11,0.4921765741300209,1.710488734218953e-11,0.19819773720627307,1.5635030581918043e-11,0.17310044286397655,1.0552126254673974e-11
GAGTGCCGCATTAGGC-1,0.15941805985292493,0.003396182478053171,0.26495212735441515,8.318725215750619e-11,0.3128127544670908,0.0044150414335326,0.15500583434460424,2.1239414628551962e-11
GAGTGCGGATACAGTC-1,8.840312884958523e-11,2.4993928055086275e-11,0.45422036317440045,4.238248625502698e-11,0.1466869567256856,0.17321751729795826,0.4258751626109121,8.586026950790567e-12
GAGTGGAGCAAGCGCA-1,0.1611786606499703,7.606542914463072e-10,0.5977546662632922,0.19522638043408058,0.033776930707321504,3.952982399847589e-11,0.21206336102625342,1.1336363637757064e-11
GAGTTAATCTCGTTAT-1,0.018397549437787958,0.05474183081565628,0.41778748460436316,1.4599718028883375e-11,0.14353663597908872,0.04227343475234915,0.3347549821662858,1.2672157556731628e-11
GAGTTAATTCCACTGG-1,0.1192637136878237,2.827311385504872e-11,0.27162260414517203,1.6163645864933216e-11,0.10644913681409197,2.0286075773870972e-11,0.40266454538707597,1.4273709294787042e-11
GAGTTACTCAATGGAA-1,0.2799013834683285,1.2129628723428492e-11,0.3930263378054634,8.236560796224406e-12,0.19087530825035806,9.431143739883623e-12,0.33619697042629637,6.558887780217083e-12
GAGTTAGCAGTAGATG-1,0.03644511577053584,9.581757873142481e-11,0.32455344253896223,1.9718979412522035e-10,0.13955857316305798,0.05391769618170767,0.3455251720426009,3.138276102016086e-11
GAGTTCTATCGTGCCT-1,0.1123321741957604,0.04936387014652186,0.22646341448190954,0.03510554295553393,0.3255992121653143,0.035928467326191114,0.07824758284405849,0.0369597358968753
GATAAGCACGTGCGTA-1,0.10245707413721936,1.7954430661972855e-11,0.34591084231478975,1.911548111598453e-11,0.038226140711855525,3.4415528819790916e-11,0.48813672894717436,1.2672150097353349e-11
GATAAGTTGGCGATTA-1,0.09678056726118038,1.8601127475108456e-11,0.2137100528210683,1.6787094350712887e-11,0.11639668443386128,3.2740184072351405e-11,0.4975797076330254,1.2672140207710158e-11
GATAATCAGCTATTGT-1,0.05366085321977957,1.3913705894854915e-11,0.37129586308757534,1.7252967757283934e-11,0.06150102409133303,1.1343099675355432e-10,0.4991951882421608,1.2672147142982769e-11
GATACATAACGCATGT-1,6.468903438119327e-11,0.3591017142389439,0.4549512666968599,2.505422768245236e-11,2.3872236024100646e-11,1.1835176909671808e-11,0.385947018913189,7.426838777833748e-12
GATACCTCGCGACTGC-1,0.11749773627508278,0.05602324309919417,0.3007068213378237,0.007755513534016139,0.23612823585882842,0.0991674165391358,0.08272103320864557,1.6107746867415286e-10
GATACTTCACTCAGCA-1,0.09207116399198277,1.8525057983550857e-11,0.48056211459807535,2.456322702843728e-11,0.14996105396674905,3.64410611436322e-11,0.4774056672306959,1.1475180024464052e-11
GATAGAGTCTGAATCG-1,0.1101482984501571,0.149711435115773,0.44836379432790224,1.012143938559727e-11,0.3977673885609576,1.7870709554777087e-11,0.09400908349138695,7.47753395218637e-12
GATAGAGTGATAAGCT-1,8.2689974606826e-11,0.048467907505341176,0.23710173770770318,1.528680567252249e-11,0.08989670294629909,1.528680124695608e-11,0.5245336517870096,1.5286802008556054e-11
GATAGTGACACTCCAA-1,0.053154752539306654,3.886774329034121e-11,0.48005917496314476,1.612939584507591e-11,0.20851947067536158,1.59658636134878e-11,0.45826660151537685,1.199059244031378e-11
GATATCACCAGCATGG-1,0.12251480996238387,0.12574421575977499,0.396369518942338,3.0796703189121853e-10,0.20148625697734823,0.0452520182520079,0.008633179788233664,3.1291662705647145e-11
GATATCTTGTGACACG-1,3.846551094774408e-11,0.16718778500895548,0.43071581126520364,3.6148176151736467e-11,0.12127313357437518,5.578331181809625e-05,0.18076748687040758,1.4270150763401151e-11
GATATGCTCACGTTAC-1,1.2408034146718526e-10,4.159137901168039e-10,0.24554732608698204,2.6538231943756326e-11,0.22940599010713045,1.1791842982698254e-10,0.49719805160496744,1.2672146176119165e-11
GATCACGAACGTTGAG-1,4.033976667697319e-09,1.9904872040993234e-11,0.374828262179241,2.3506065162825128e-11,0.4001592332453867,1.9955448996210225e-11,0.4250125004396097,8.912718093718042e-12
GATCATCGGTGCGTTC-1,0.14259931194958914,0.021248542706096878,0.41919155413195264,5.034732062360008e-11,0.3115341278779019,1.5155491297753972e-10,0.005426463128652703,2.7747452462779775e-11
GATCCACCGCGTGCAA-1,0.03245580762524164,3.9139438644391306e-11,0.45342640260812017,4.1731945643774797e-10,0.15060676137577317,4.836535564006512e-11,0.26351102793737113,1.562857280325416e-11
GATCCGGACATACACC-1,0.08662162378851934,1.3976536794892241e-11,0.4477206084366212,1.1954947447790749e-11,0.23844162389215193,1.550631332518524e-11,0.427216143796488,9.335003124427385e-12
GATCGCGGAGTCTAAT-1,0.035061628414337034,1.9755501119997074e-11,0.1371568614290989,1.7499139587834602e-11,0.23822902132675094,3.0302682297737275e-11,0.5008084894539223,1.2672113517264256e-11
GATCGGAGATACGCAG-1,0.08184965456946643,1.741517292564396e-11,0.48926921324750033,1.6187844256437978e-11,0.14468023958355172,2.0527952008674164e-11,0.48420089231736313,1.1969948355902841e-11
GATCGTAAGAGTCGCA-1,0.23499979799005566,5.746127565728582e-10,0.4975794166961482,2.1546525495785198e-11,0.1607399800286663,2.40972238452267e-11,0.12978955940061335,1.2672160564324508e-11
GATCGTCATGCGGAGG-1,0.20148337921365123,5.83485439759036e-11,0.40818705654006787,8.652923681830999e-12,0.24819605055506364,9.065938116214167e-12,0.34213351359174216,7.0200277848159e-12
GATCGTGGCCACAACC-1,0.11833219355380571,2.164505505689929e-11,0.4917008212101349,1.4205184055331307e-11,0.10080514318287284,3.249956598171787e-11,0.48916184169761967,1.2114009564472397e-11
GATCGTTGGAATGACA-1,0.010737366298303665,1.6260488066403553e-11,0.46615347994831896,3.757898721817851e-11,0.17658729464388628,1.896982317246069e-11,0.4947692292359741,1.2672182788306432e-11
GATCTATGAAGATGCG-1,0.00034436888938003637,3.223331209835007e-11,0.3523278494978542,0.0868611940209787,0.22731519344138704,3.802704469056113e-11,0.491881082413528,1.2672185460847168e-11
GATCTTGTCATGATCT-1,1.4996113568902848e-11,0.06781297483739286,0.3665699969944966,0.030176691085576423,0.1795031422554296,0.0817131273386311,0.47422406738940437,1.0813974773021446e-11
GATGACTCTGAATCTT-1,3.7997760876426523e-11,3.229443001268459e-11,0.30151168061696615,1.5714985862915867e-11,0.0859263003862506,6.659328320049435e-11,0.5125620190017729,1.3684689871708841e-11
GATGAGTGAACGGCTG-1,0.042592665227297204,4.348478504454456e-11,0.28521935951531463,1.7245092910567452e-11,0.19917315341748384,2.889408206154602e-11,0.373014821844682,1.4343629423504758e-11
GATGCCAGACATAATG-1,0.07593466850465562,0.012837058023329422,0.4649117055940481,1.8537064947324544e-11,0.27269381306193063,3.2296876365906945e-10,0.373622754414401,1.0129510107056102e-11
GATGCCATCTATAACC-1,0.091365540544146,0.07024827134290934,0.17264876549125607,0.023203879763252895,0.27965273589665535,0.0638211672231107,0.15625231967625197,0.04280732007380468
GATGCCTAGAGTCTGT-1,0.16195228137620654,1.0965843764017566e-11,0.41616231004749255,0.26060579180543453,8.673709083988168e-11,1.0965843734127653e-11,0.3612796166373105,7.35469106657375e-12
GATGCGGTCCAGCTTA-1,0.02483381187192943,0.16234451683720938,0.19119614049614675,0.023891470945752,0.0994773100063767,0.2317707630297761,0.1072048302339137,0.05928115659008013
GATGGACCTGGACGGA-1,0.048773547258881285,4.627908291254182e-11,0.4014407028662654,0.2603332076062997,0.08171439161669831,1.513476990124056e-11,0.2556868152277906,1.2672165377129267e-11
GATGGACGGCAGATGA-1,0.11721377822870921,1.606744053020509e-11,0.4103072791388985,1.6197695477546852e-11,0.19182682261320255,0.04707985671895637,0.4335722632237638,9.321508611681003e-12
GATGTAGCGAGGTCCA-1,0.3097264737865113,1.0641172507034037e-11,0.3806372805594138,1.690726563238559e-11,0.16300560295081412,0.02085307358298521,0.3257775690748119,6.111296948834263e-12
GATGTAGGAGTTGGCC-1,0.1405867215076016,0.005741164641497741,0.2866951972958299,0.016830075052821067,0.28024030512908554,0.022733471831163796,0.14717306452070858,3.9882896946845097e-11
GATTCCATACTGAACC-1,0.2081559758223995,1.90751680494927e-11,0.4692844939290583,1.1460973437712849e-11,0.08081422078003415,1.273974444953405e-11,0.44174530937685097,9.554124691488158e-12
GATTCCATTGAGTTGA-1,0.06890452033075946,1.878074629889873e-11,0.32315254465514004,1.5172282808645172e-11,0.3159614191760844,2.4657592014940538e-11,0.49198151541274343,1.2234551644743308e-11
GATTCCGCTATCGGCT-1,0.033987213239109304,0.00187370010745504,0.3903745713894735,1.8238620344054852e-11,0.10922441966533115,0.08482100547204849,0.2797190905644456,1.3017551532671032e-11
GATTCCGCTGCAAGAT-1,0.04346923608419424,4.3663091668226576e-11,0.5273631064443078,4.420476864720594e-11,0.4514966578358691,4.411503813781986e-11,0.0733713681796536,1.2672173173064848e-11
GATTCCGTGCGTATAC-1,0.24388196018061364,7.053760495116287e-11,0.5211819358852541,0.02675096496428032,0.0980715796874803,2.1909850914596474e-11,0.3101135589861874,1.1889697485469429e-11
GATTGACTCCATGCGA-1,0.03628639036888519,2.2117358453631493e-11,0.12507296056239736,1.5826579331734123e-11,0.25958121846281507,2.1072012771115664e-11,0.49579721507982893,1.2672126209381662e-11
GATTGTCGCAACGAGG-1,0.17470287516771224,0.0072993110077917474,0.42512063282963924,2.650785390317973e-10,0.11876286037298188,1.0843484675451755e-08,0.1741143094790688,5.347417781829855e-11
GCAACAGCTCCTATGA-1,0.07536180183440959,0.024008423232408448,0.19255087703263093,1.6443232818344754e-10,0.05215144073924811,3.145582638899075e-11,0.555927456979427,2.015316730972336e-11
GCAACAGGCCATTGAC-1,0.14072058776778,0.0037844231808856522,0.376891052816065,1.504101066616508e-10,0.2521870162247406,0.02888900051319234,0.09752791932150798,4.3337386205416404e-11
GCAACATACATCAGCA-1,0.3115130875069114,0.15299798462316033,0.5345177594087539,0.16749594033145215,0.03347522801802854,3.410561142786468e-11,1.7626230646168966e-11,1.0101173402527226e-11
GCAAGAATGTTCCACC-1,4.849178621006318e-11,1.752137246024443e-11,0.18976165003504247,3.4406740067398824e-11,0.46176470747365694,0.06667139202208139,0.48180225019132944,1.1773576350702554e-11
GCAAGAGTCGGTGGAC-1,0.054246381573114594,0.35022600333641485,0.5179740882085389,1.8077849954011178e-11,0.25142686316860025,0.002359015980858464,2.4142536964805007e-11,1.2688277360215951e-11
GCAAGATAGGTTAACT-1,0.34084396417766866,1.3940546868112144e-11,0.38983325332051605,7.70545318038255e-12,0.1252114161469383,1.3940545758035141e-11,0.34411136628908356,6.536169101366812e-12
GCAATACATGAGGACA-1,0.35448911548201567,1.1765785693302715e-11,0.4210355594895992,1.1494703149591799e-11,0.07064066303068153,1.1483228008703515e-11,0.35383466193263946,8.073587941503139e-12
GCAATCAACTCCAGAT-1,5.311753673833184e-11,0.066121946880695,0.38468600619107524,1.1136338278383647e-11,0.3556996807664802,0.03124151633825003,0.36225084973632177,7.036757069211098e-12
GCAATCCTCGAGCGTT-1,1.2849108444376572e-10,0.046847705518332304,0.18273618232096192,6.133364420861463e-11,0.43372089604172787,3.1321448154313345e-11,0.23669521592329026,1.7922003584136725e-11
GCAATCGTGACTCCAA-1,0.00881059438282712,2.796219993591186e-11,0.29778009190417876,4.147410918376368e-11,0.16070929673521023,3.403858394183729e-11,0.49332854654197555,1.2672142979958677e-11
GCAATTAATCAACGTA-1,0.16723665932621587,6.188613375730457e-11,0.571157310186294,1.4094156874463378e-10,0.0671247660417565,8.821890571195426e-11,0.09448126416079723,2.2600976385473868e-11
GCAATTCCTATCATAC-1,4.271833613313483e-11,6.772418336929573e-09,0.31117186018086235,2.0920399833620467e-11,0.4016528449427183,1.8054337476895028e-11,0.4713510999288685,1.2672241257468096e-11
GCACAGCTGTGGTTGA-1,1.7049425719692587e-10,1.4825637924143006e-11,0.40806874868468124,1.7632660562712132e-11,0.09868168500852395,3.416643565299937e-11,0.39324958834073787,1.2775552330718956e-11
GCACAGTCTTGATAGA-1,1.1327083777808243e-10,1.7713261302660385e-10,0.2129933197448131,7.146186829833266e-11,0.059661119766321276,0.05314255429880089,0.5742030058300581,2.4432636912451957e-11
GCACATGCCGGTCTGG-1,0.027335297744915922,2.069702999758168e-11,0.42888725642688413,3.9841758381846664e-11,0.25362298212948947,2.7239628131136787e-11,0.49015446336290236,1.2027236250244563e-11
GCACCGAAGATGTCTA-1,0.1861856581234374,1.4523145662691526e-11,0.40199046524235993,1.1708703706328477e-11,0.16668106525481166,1.3990870768961127e-11,0.4451428112909561,9.578363407026653e-12
GCACCTAGCCGAATCT-1,0.18241247524675777,0.06559891655307556,0.49544496823855905,0.019223485850936257,5.2341771550941804e-11,1.4307171170432735e-11,0.4373201540024221,9.116023983187395e-12
GCACCTAGTAATTATC-1,0.16633521441856186,2.144114041386394e-11,0.3792401079783205,1.1089562609969139e-11,0.1943863746402154,6.186521826008009e-11,0.4600383028075757,1.0113065440662567e-11
GCACCTTAATCGGATA-1,0.11880033263946797,0.0506579844673609,0.24371581100538134,0.01443269339246151,0.15544257844045392,0.08385416983095784,0.23309642992223123,3.1482332958526415e-10
GCACCTTACTGGCTAC-1,0.2952284392961703,2.462944321924305e-11,0.5096483189672005,1.9215723285990154e-11,0.02410391841673099,4.312664365568828e-11,0.19520153481390656,1.267215600576555e-11
GCACCTTAGCCTCGCA-1,0.10706710443549107,0.03560917201275863,0.3497704926808696,0.022989709293350688,0.20678560506437796,0.08260987610153522,0.086483393038726,0.008684647385283305
GCACGAGCTATTGTCG-1,0.017048809699294235,3.234016364903252e-11,0.41907262733989514,2.5941080027596574e-11,0.19614549418910054,0.016282551402581925,0.25145051732650464,1.9789464560479066e-11
GCACGAGGTCACGGAC-1,0.1717706904302637,8.816701798705634e-09,0.21148375780353212,5.668945859023051e-11,0.19762274593670495,6.049292830541435e-05,0.31906230406054503,3.734416571515517e-11
GCACGCAACCATACCA-1,0.12480883492996472,0.07422129737841175,0.2542020288687514,2.0107460475793257e-11,0.14568085146671775,0.136918725268521,0.4641682619904888,1.0640393380329105e-11
GCACGCATAGATTGCT-1,0.08600630863623268,0.03806719990061021,0.21305050460809014,0.03504953990438144,0.3307640687759316,0.05541663157897282,0.08817805367403776,0.05346769293298968
GCACGCATAGGCGATC-1,0.05888801329017234,1.9832009327922765e-11,0.49329217168917794,0.12147028072320395,0.06744170985401794,2.910752156747348e-11,0.20906815394894776,1.267215059742849e-11
GCACGCTTCGTTGTTC-1,0.019038882553123637,0.4366042865561435,0.2755887931726781,1.4526255966898259e-11,0.024616056287450495,1.3524524498430315e-11,0.44415198135099054,9.725782493969033e-12
GCACGGAAGGATAGTA-1,0.05408007628996542,0.008935285155952362,0.5823605176497479,0.008991351243310231,0.2456327694890456,4.443122873782777e-11,1.4235644990812093e-10,1.996093711440644e-11
GCACTACACTATTGCG-1,0.12656265187448415,1.6148095349975902e-10,0.41014756543606834,4.835055607490863e-11,0.13287408901254208,2.3475333531147766e-10,0.23041569322384525,3.0295087641770976e-11
GCACTCCGACTGGCGT-1,9.387632152373104e-11,0.06942973063921495,0.3930194695445915,3.289195182814937e-11,0.1289157684902061,5.944977464196104e-11,0.3086350311505298,1.7901340575038057e-11
GCACTCTGTTGCCATA-1,0.1247339946741843,1.8560148441987307e-11,0.27166312648857566,3.4288685300413725e-11,0.10035677660216617,3.442708502956881e-11,0.4950576026843406,1.2672152186061427e-11
GCACTCTTGCTACCGA-1,3.841348599773792e-09,3.848755383775105e-05,0.5150277011324973,2.477232500370838e-11,0.327268671879221,3.630805865195357e-11,0.23226414500722722,1.268274296393114e-11
GCACTGAATATGACAG-1,0.1141430764829017,1.6058072237831454e-11,0.44521111239575795,1.3282632095380851e-11,0.1926748301558402,1.7994040871084064e-11,0.44797098086391196,9.856497378110506e-12
GCACTGCCTCGATGCG-1,0.02387248887980333,0.0004987257504606024,0.5186116333627936,2.7079605937353493e-11,0.2900652089185624,3.94584709697396e-11,0.06695194319102954,1.3794027230017463e-11
GCACTGGACGCAGCAC-1,0.4005488630437007,0.07518263174274338,0.4784762166493529,1.501698472905774e-11,0.22952631654289435,1.911618250823861e-10,0.016265971732134555,1.0781695680427182e-11
GCACTGTTGCGGCCTT-1,0.12483285697817582,0.01631821509599981,0.4996254815738719,1.7477799700050297e-11,0.06384072714464026,2.089372682495137e-11,0.4953827184976256,1.2432841005449887e-11
GCAGACGCCTGGTTAT-1,0.07792562198259827,1.7554437429543004e-11,0.3811189500877121,1.96415592584585e-11,0.2749393981064878,4.251543586906884e-11,0.4660160296741454,1.0380362143829554e-11
GCAGATACGTTGAACG-1,0.13146314315177698,3.859034820446797e-11,0.4955335545334735,3.82327886243822e-11,0.23160048922294274,0.01881405916697277,0.02258875385867458,2.1159992051490238e-11
GCAGATCCTAATGTGG-1,0.22656118168388673,2.7579015038768795e-11,0.38421431640904835,3.338766390120684e-11,0.12489878744379125,4.109190548561087e-11,0.16432571440545646,1.6044498258959052e-11
GCAGCGATCTAACGAA-1,2.8189248159014516e-10,1.0791224141998843e-11,0.4180248160207319,1.4093945398697432e-11,0.18367754416091686,0.17727573430579371,0.4210219051694239,8.693393359677839e-12
GCAGGCCATTCCTGCC-1,0.16740515331265404,1.6945662139531637e-11,0.5167156336032066,1.5413758466846533e-11,0.026717426115598412,2.5630859411247115e-11,0.3335880633477108,1.267215893989869e-11
GCAGGCTACCGTCCTT-1,0.19807933198454364,0.15008690056559795,0.4914101990183279,2.296429242600573e-11,0.13436540383662884,0.04278002574957376,0.18327813864695502,1.1761410621111769e-11
GCAGGCTGGTTCCAAG-1,3.230749140675066e-07,1.360956112639461e-11,0.48668901272343856,0.29633974364031107,2.5981210261578043e-11,1.3785344785890043e-11,0.41697092046356027,8.672256880091108e-12
GCAGGTCACTACCTCA-1,0.12127856548846279,2.3122738748833823e-11,0.5126841308026494,4.4702809362685014e-11,0.13510383643290083,1.7478986571083682e-11,0.1309334699225198,1.280268045269728e-11
GCAGGTGCTGATGCTT-1,0.046562644602807006,2.8810706197953015e-11,0.2824910349404743,7.197575097103589e-11,0.5045938276504068,2.0650409490174253e-11,0.06635249278081895,1.4317610378967743e-11
GCAGTTGACAATAGAA-1,0.0455938794834007,0.2718916153759928,0.39202564000065,5.4294999461840395e-11,8.996093810507689e-11,2.3987246105878407e-11,0.49048886466558766,1.2147743677689017e-11
GCATAACCGAGGTGAT-1,0.08993924118609888,1.6302846165230348e-11,0.4520192249724028,9.987532950904556e-12,0.22201602043708044,1.77966733396791e-11,0.4360255133141237,9.422805171448939e-12
GCATACTAGCATCGAA-1,0.3020630246346352,1.2535792872312983e-10,0.40071977107779666,0.01436222157467957,0.09633168460373775,1.7496444996252474e-10,0.08652329776490698,5.99280368319706e-11
GCATGACGGATTATCA-1,0.1135398400437433,2.8266584402077285e-11,0.34827733746633044,2.1607065690279942e-11,0.07248839396011661,0.06319948955019399,0.497878972588527,1.2672173627710196e-11
GCATGCTGAGACAGGT-1,0.12717099142620814,0.28235573478309506,0.4583392532434457,5.675665187992292e-11,0.027112234211581036,1.1265391678056167e-11,0.30502178625136833,5.750366360971122e-12
GCATGTCGAGTGTCTT-1,6.671888749926932e-10,2.4797828026434334e-11,0.2125221575140875,3.439512294948554e-11,0.23172985626567436,2.7523179479130184e-10,0.45574798524295496,1.8091303184186157e-11
GCATTACCTGTCAAGA-1,0.11036061017932333,0.04242624088758707,0.5475366506580105,3.3081001838634485e-11,0.14332406962895175,0.02622775168744515,0.030124677132028363,1.3447161247680053e-11
GCATTGACTACAGCGA-1,0.11437763828522382,3.180830615228616e-10,0.4221202338190954,0.0042797372730522965,0.1931847999432032,0.03720419213783555,0.12883339818433207,5.556688414130993e-11
GCATTGCTGTTCCATC-1,0.0714994553704135,1.2948212187508795e-10,0.297071880801655,2.3870939048881563e-10,0.3196560398801256,0.1341090718706898,0.0776635516998948,3.0699586832795064e-11
GCATTGGTTACCAAGC-1,0.18690026044343608,1.2272644379776519e-10,0.5125692283231432,1.80919478105897e-11,0.14396531278536678,2.895367189470186e-11,0.3565651980678461,1.1911712065344083e-11
GCCAACGAGCGGCATA-1,0.0896149862485857,0.07106121822852755,0.29620751188848493,0.06910696105640603,0.10681746829536443,0.08782160810978218,0.1122127623445389,0.06715748383921825
GCCACTATAGACCATA-1,0.21579487472934186,1.3056306366822837e-10,0.528529756178301,2.4858911435998012e-11,0.20240333968955806,2.152371755247909e-11,0.04691282961524881,1.2672149218227707e-11
GCCAGACAGACGCCTA-1,0.2601137288783154,1.9877116726406307e-10,0.544965203976358,5.545377984490398e-11,0.09492106684025488,6.73498813161656e-11,2.7525572807153133e-11,1.603686843860446e-11
GCCAGACATCTATCAC-1,0.07940054675890602,2.6539444853008663e-11,0.21538712912903604,3.131467481432226e-11,0.07696092382684538,9.519800753078674e-11,0.5282514001862733,1.5498144312425716e-11
GCCAGGCTTAATGGCC-1,0.18692524416985704,1.7041612974592314e-11,0.4194281072984158,1.5582584783551958e-11,0.19442446928349347,1.9002268034186214e-11,0.39922217916858826,7.791142981394408e-12
GCCAGTAGACGATACC-1,0.10869333316363243,1.494793875339933e-11,0.3524341681227121,1.494674251653741e-11,4.6907413277510483e-11,0.13878147085223308,0.4923037427757932,1.2672172086714798e-11
GCCAGTGCTCTACACT-1,0.01346362617712078,0.07545028960392501,0.5491443011177919,3.3910916744609093e-10,0.26194178289191405,1.5670063096120197e-11,1.53781071119765e-11,1.3741791870934695e-11
GCCAGTTAATTCTTGC-1,0.0027282788722575906,1.7617821980073306e-11,0.14463426907778285,1.6687939273414265e-11,0.25636584239883065,2.8905837042791347e-11,0.4983657341369436,1.2670422379407188e-11
GCCAGTTCCTCGTGCC-1,0.19860572634930995,2.0918762868476976e-10,0.3519645126771476,0.0019888116563809488,0.15160472289813953,0.002377604172925397,0.19345862201705363,3.547353142311078e-11
GCCATTCTTGCAACCA-1,0.12912085510891583,0.03189599694657716,0.20575918525952208,0.0433839721808664,0.2233154927936897,0.0499711863063229,0.1975131433030004,0.019040168113247522
GCCATTGATACTCAAG-1,0.12379170007141091,0.04854423395541493,0.3172294977945553,1.915629929941134e-10,0.28316404436502385,1.1364681118848811e-10,0.12727052350749257,2.585473302622998e-11
GCCATTGCATGTTAAC-1,1.6556814167613082e-11,0.12653119230258175,0.5829025765597922,2.2742719331246276e-11,0.02221286225713343,2.2391732736540957e-11,0.16835336886149505,1.6109911090998e-11
GCCATTGTAACTGATC-1,0.04177230980170772,8.744046184566726e-11,0.3117348465149359,1.819102449928936e-11,0.09575142334738229,3.5299453518215456e-11,0.49491397356765243,1.267214417663575e-11
GCCATTGTAATGTCTT-1,0.0818642019826792,0.04516978217853167,0.549902783256113,4.207000074458212e-11,0.20361439517809987,0.01944883732313509,5.163411973896962e-11,2.061551517918878e-11
GCCGAATCCACGACTC-1,2.303441016764055e-10,4.0968139871453135e-11,0.18532205335667748,2.967632985032563e-11,0.23026087633651982,3.446407167855392e-11,0.484417069982498,2.094879746841859e-11
GCCGAGTCCTCGTCCA-1,2.5011534684878838e-11,1.4856805029148587e-10,0.28978125365652124,1.5603148369927278e-10,0.06581111165608378,0.2621426431444399,0.2822649916531742,1.3037004510190465e-11
GCCGATCGAGTGAAGT-1,0.12687959311881353,0.04899465950035524,0.4356818262773844,1.4016636632812593e-10,0.17735293871862912,0.014180725483000521,0.09691025674515721,3.6040376623962366e-11
GCCGCTGATTGGCCAG-1,0.23950594349568063,2.507203505900131e-11,0.3083569318533355,1.3384435489152755e-11,0.011680081285544253,0.1673245180202965,0.47313252520205235,1.1156459436494157e-11
GCCGCTTCTAAGGTGA-1,0.1608763135099952,2.8979699860769212e-11,0.5076627999357799,1.4296903765091939e-11,0.27800134023802464,3.9149083085461285e-11,1.946360739117901e-11,1.2675823637638613e-11
GCCGGCAATAGGCAGG-1,0.009807363151557887,2.2683588347769783e-11,0.33919674194726246,1.7954427650969716e-11,0.14882686323874944,4.802800380554995e-11,0.4696658424407944,1.2672146031620638e-11
GCCGGCGAACCATTGT-1,0.16123092330418706,0.03175961883051841,0.31729959465356283,0.054040442562720156,0.1951002397536589,0.054950504214256915,0.08561867664557939,5.2245742505425176e-11
GCCGGCGTGAACTTGC-1,0.02622360398382949,2.268369548238587e-11,0.4058237049096227,2.0042521813669306e-11,0.12674186455369071,0.10022053130679567,0.4939280332149112,1.267218206587992e-11
GCCGGTATGCTCATGC-1,0.22338386871578542,1.6260463541360107e-11,0.49947174607028155,1.424380150063598e-11,0.009731261441801767,1.4315738513877494e-11,0.33271034343102596,1.267216677652158e-11
GCCGTACCAGATCTAG-1,0.26881048765401266,2.7611354952809562e-11,0.3309964094508822,3.418657018736001e-11,0.15926534717359656,2.7959978394518933e-11,0.4409277554551461,1.1767906008668046e-11
GCCGTATGCCAGTCTT-1,0.17835832027068144,7.548122203136232e-11,0.5410572099874659,1.8856462388433223e-11,0.030662515189812615,7.712138190634875e-11,0.14992195441608364,1.6731255688077382e-11
GCCTATAGCATACCTT-1,0.1262452420087016,0.016413171084476985,0.5641193372478782,4.2277562563571964e-11,0.19322224947859853,6.584265331783288e-11,7.061784564660473e-11,2.550637006749805e-11
GCCTCATGCGAGCAGG-1,0.010439956395810362,2.1072105876559086e-11,0.2748897213544618,1.7038160850479445e-11,0.2163583066631575,4.916540857775969e-11,0.4967682145213731,1.2672150230812323e-11
GCCTCCAACAGTAGCC-1,0.04697460346543911,0.007822023049027349,0.2691404462771559,2.1414342456247367e-10,0.3310378322968653,0.1466592510862311,0.0983658435841278,4.482508830068253e-11
GCCTCCGTCTACCTCG-1,0.07209351741359017,0.03448891284137598,0.3026444873362526,0.04689694744254628,0.21764638512920842,0.07242466217727957,0.11137366289765056,0.04243142477372633
GCCTCCGTGCTGTAAT-1,0.010339936938277944,9.953375631906681e-12,0.378328429911777,1.526824196477601e-11,0.34602080812416053,0.14922112792928113,0.3160896970545368,5.873818547542431e-12
GCCTCCTGCGGCCGTT-1,0.2794985952434688,0.042901380455408665,0.4990305457512304,0.04529591786142184,0.3332735605844423,5.246568598515829e-11,2.3656767272928812e-11,7.777670376163599e-12
GCCTGGACCTATTGTC-1,0.06012945924135627,0.014552511944267037,0.3539396785899921,1.2141357870056018e-10,0.2894340083601549,0.06313586134635424,0.1188084803877469,3.017316320154613e-11
GCCTGGAGCAAGTTAG-1,0.44316329856067327,1.8512990128901678e-11,0.4800589973432119,1.4706498043108648e-11,0.22694548099795891,2.496074294650541e-11,0.049832222983764475,9.950342761561853e-12
GCCTGGTACATGGTCG-1,0.06975468989843675,0.030408760920435464,0.19581205163120793,0.02318125078686987,0.35315479507893127,0.05106343917457091,0.15167435195712656,0.024950660571351396
GCCTGGTCAGGTTGCC-1,0.10812299631173564,0.057310503752391544,0.26221202278295463,0.010854626365820292,0.34861121305898735,0.003318813944710155,0.10956982364834725,1.4906667139179966e-10
GCCTGTGAAGTCGGCG-1,0.228507831685936,0.015608721282343783,0.38312940455020955,0.0730418851863554,0.24653818284201803,2.1329576304119964e-11,0.25317397441857653,4.972966162714197e-12
GCCTGTGACACCAGAA-1,0.10917157663425701,0.0755974536800076,0.4603885345027769,0.00610684163030193,0.14974943686983233,0.046050007104582194,0.05293614952027659,7.335204452303801e-11
GCCTGTGATAGATTGG-1,0.30836280650675957,1.5155358154768903e-11,0.45012675375904415,1.0960717441829167e-11,0.03511586281359509,3.175648151964932e-11,0.40639457683362684,7.928505368820579e-12
GCCTGTTAACGGACGA-1,0.08151117108090139,1.6401520885268248e-11,0.3383748558786564,9.918841538632614e-12,0.3452582529887557,1.9625615449670706e-11,0.43485571995017047,9.91884118750985e-12
GCCTGTTAGGTTGTGA-1,0.10948404366262639,2.430092015219401e-10,0.21499135249993506,2.971826416307096e-11,0.03146540358617666,5.375805764872341e-07,0.5440586624321326,1.7971881319126006e-11
GCCTTCGATCAGGTCG-1,0.07409393314244216,0.28770858141027295,0.30141083269151225,0.0050603512296535655,0.2168940286654392,0.004351487540348004,0.010480785312665797,2.980016348756844e-11
GCCTTCGCTTATGTTC-1,0.07080674238843807,0.12003527991530025,0.282935980116842,0.001800802852474789,0.24092921006910137,0.09884584181765128,0.08464614276741475,8.99620266794953e-11
GCCTTCTGATTCCGTC-1,1.1749010859068695e-10,4.885512570572948e-11,0.19281190734172932,5.918829407580561e-11,0.1310122132960936,1.7577291062023454e-10,0.5761758789445994,3.5857447312265126e-11
GCCTTCTGTCACGCTC-1,0.17350969558058707,4.209091061680266e-11,0.47436870013017346,1.785274077852316e-11,0.08464051242994898,2.684351753905046e-11,0.4674810916943477,1.0668852926281306e-11
GCCTTGAGATCTGAGC-1,0.08774593826469747,0.029968943960401215,0.4757472253540494,0.08200926922456196,0.12003749568181517,0.029268181453868867,0.07522294605173935,3.054034986365043e-11
GCCTTGCCACTTCTGA-1,0.28538964910295334,1.5019297425360122e-11,0.4417985991562754,9.60695754863478e-12,0.06324450725508884,1.501929648382696e-11,0.4095672444134692,8.32216415175754e-12
GCCTTGGCGAACAATC-1,0.12629596677742916,0.03381521766514476,0.31247119847409704,0.05192963102631947,0.19202504064762285,0.05693675880481191,0.11098019379481162,0.015545992821980346
GCGAAGTTGGCGTGCA-1,0.11081918585024117,2.717661740579238e-11,0.46973122699534636,1.2743552949048339e-11,0.19460198250315502,3.3879242469769213e-11,0.424847604539622,8.816870499939527e-12
GCGAATAGTGGCTAAT-1,0.18591238956828304,9.871295052495407e-12,0.4175117423116179,1.1073581645248918e-11,0.1928709114908579,1.2632052655531027e-11,0.4037049565650309,8.110663314936003e-12
GCGAATCGAGAACACG-1,0.07032012045509982,4.506732301106356e-11,0.5076939129427029,0.0004488727532096127,0.13744760816331916,4.116556685001608e-11,0.48408948510734806,1.2060844028772758e-11
GCGAATGCAGTGTCAA-1,0.0699589841029707,2.761014018587852e-11,0.20052338503642342,2.580232792232888e-11,0.07961735771257131,3.238358757760614e-11,0.549900273082161,1.8810660775404693e-11
GCGACACTAAGCTAAG-1,0.341507739140698,1.163893265863238e-11,0.4272271645172602,1.0430520425972683e-11,3.785852918935336e-11,1.5147484040976268e-11,0.4312650962265622,9.025841911006595e-12
GCGACAGTGCCGCACC-1,0.12167553125692997,4.173640446472348e-11,0.4326317414851454,2.6391251420891084e-11,0.05365419118859411,4.722863869080862e-11,0.29203853597680646,1.8311979521055335e-11
GCGACGTAGAGCGTTA-1,0.032512013711690886,1.5626785823827042e-11,0.24832706667619736,2.268360284412496e-11,0.21147769737583533,2.5583322775133913e-11,0.49869139475179586,1.2672151270663087e-11
GCGAGCGGACCATAAC-1,5.627400383148249e-11,0.07404487818541,0.5647384303224892,0.1792222090939636,0.08597736280963172,0.006074328917527125,0.009962103972713299,1.267212384941697e-11
GCGAGCGGTTGTCATG-1,0.2919563837929139,1.4284717756532594e-11,0.37670478524244844,5.722879456968661e-12,0.3186207891574649,5.740526752773451e-11,0.2127180417136887,5.722879864695756e-12
GCGAGCTAACTCCTAG-1,0.029559560401054886,1.8348971710045117e-11,0.46369856706090906,0.029238500645640507,0.2064900083761712,3.791881903084509e-10,0.47101336301521474,1.1143567643681939e-11
GCGAGGATCGACCTTA-1,7.537856461686723e-11,0.26226883923331956,0.5150494945809462,0.2101494725339019,0.05996512126603877,7.496938884931212e-11,0.15256707218051238,9.857109021706393e-12
GCGAGGTGCTACCTCG-1,0.0744030207634405,0.04686734920961572,0.18199353511820687,0.022124185366245993,0.19268239385599287,0.09702927519308929,0.2849002404552288,5.594496706343823e-11
GCGAGTTGAACGTCGA-1,0.033066053635279924,3.137631571604949e-11,0.20186264396583378,3.265224084684532e-11,0.0829132573191396,0.07765662463849032,0.5045014204347079,1.5341859479546266e-11
GCGATCTTGCTCACGC-1,0.08000673368050427,0.027153230109799004,0.18903932902762866,0.03046507928087475,0.40150634698764515,0.03478006073398785,0.1370492200842138,1.0973759597839772e-10
GCGATGACCGTGTAAT-1,0.20220266614809912,2.6696019444194675e-11,0.5154759910065652,2.1187147828287116e-11,0.09857049474030516,1.9961264897782605e-11,0.13379802569371013,1.2672154052468644e-11
GCGATGCCTCTAAGTC-1,0.07384985724882308,0.04090247635814559,0.5820877306518348,4.3291112596809606e-11,0.13130335701565254,0.060714632453138725,0.011141946224235748,2.799433062514762e-11
GCGATGTACTGCTATT-1,0.029896787488704342,1.3713026534615127e-11,0.40094991036921207,4.020043731199504e-11,0.2852477002050931,0.06821118171002198,0.4156944201412146,8.242504542112576e-12
GCGGAGCCTGTAACAT-1,0.12850382513640238,1.5953464107123576e-11,0.3843998413532073,2.058929932297212e-11,0.0856262682295655,4.7928060821388385e-11,0.30147006542739413,1.3366335762082725e-11
GCGGCAAGTGTTATGT-1,0.3527157301587357,1.1134165419958626e-11,0.3898206789182842,1.3178308187896434e-11,0.0986075887682343,2.08248686077684e-11,0.3588560020877674,6.87100669297358e-12
GCGGTCCTGTAGTCTG-1,0.1890450672298152,3.043814224311395e-10,0.5145461948927956,2.693648493303364e-10,4.451952262866759e-11,3.7362202142916265e-11,0.19640873723649363,1.993961315728528e-11
GCGGTCGTTGATCTTG-1,0.2588240240437872,2.0063190289257227e-11,0.5282182395325101,2.1468669234414305e-11,0.11295773672476873,2.151253147061113e-11,2.530024186446049e-11,1.3084300748131403e-11
GCGGTGGACATCAATC-1,0.19403212423030122,0.042421730862400045,0.40735936448160115,1.1547969720227872e-10,0.1899742223230227,0.0229299405361274,0.0432826174272,4.202678744328138e-11
GCGGTGGCCGACGCAT-1,0.43279081704312583,1.2473453906288398e-11,0.4095696777967873,1.2009688417329182e-11,6.109167689998233e-11,1.3955463288105244e-11,0.3576395050142642,9.390998236510247e-12
GCGTAATTCTTGCCTT-1,0.05494941396675729,2.937155492004674e-10,0.34602358682283935,1.6439142746374931e-10,0.2821268681250817,7.687753503692506e-11,0.21690013056295965,2.021876628688514e-11
GCGTACCGGATGGCTC-1,0.07678977965919559,4.1141902690938174e-11,0.5606017295550225,2.5159300335880026e-11,0.22965579655518817,2.18484198877934e-10,0.032952693981725636,1.6722549780712255e-11
GCGTACCGTGTATCAG-1,0.1257492219832935,2.0175185025516074e-11,0.47772606709734333,1.879591695165467e-11,3.748001252729239e-09,2.3667707930668644e-11,0.3221932879755533,1.2672141482210038e-11
GCGTACGAATCTAATC-1,0.06521608328492505,3.457562564800135e-11,0.2872727843705545,2.1360591416782658e-11,0.033289039366664865,3.409729448948363e-11,0.51422209298614,1.4279222361801774e-11
GCGTCCTCTGCCGTTG-1,0.1647947444391147,0.013779264930708971,0.2673549787278639,0.018004438141288416,0.3228327582032993,0.03136804672457838,0.08186576854381052,3.0256341152980843e-10
GCGTCGGAATGCTGCC-1,0.212352017808444,3.219890766236345e-11,0.5054899581547077,1.771857575621666e-11,0.0949288650965532,6.902513896631269e-11,0.1864674655960263,1.2672152696182521e-11
GCGTCGGTCACGCCAG-1,0.38350398454210494,1.2023937720187455e-11,0.42601628178040424,1.477330335022971e-11,2.668633068529135e-11,1.9155274276017156e-11,0.39047973357967103,7.71600972231385e-12
GCGTCTCGCAACTCAT-1,0.3795037860564469,1.3469878478431392e-11,0.41179631552953805,9.734407021728916e-12,0.03649716435234178,1.8529296011754075e-11,0.3722027339943481,7.458570161043904e-12
GCGTGAACGTGACTCA-1,0.0940539789051329,1.8102721892173726e-11,0.43859468247335665,1.1086370284021842e-11,0.24592683840782995,1.6411477549275732e-11,0.4214245001303186,8.813799858374158e-12
GCGTTAATAGTCAGTA-1,0.04673963797860275,1.3527449803621395e-11,0.4590521885199563,3.1493456000957556e-11,0.22681143718453567,0.011748004167237085,0.4556487320501229,9.860996129632216e-12
GCGTTGTATCGGAGCT-1,0.13237904488150026,3.895038058306327e-11,0.26469119039617467,1.7260220827758396e-11,0.08223384051599267,2.6940363324495816e-11,0.4957470300381057,1.2672152137616508e-11
GCTAACAGATTGGTAG-1,1.0716309380227195e-10,0.014239292120938246,0.2323460352931675,3.618391343452589e-11,0.21485666363975034,0.031806358936429004,0.4067516498730791,2.2197083236392336e-11
GCTAACCATAGGCGTT-1,0.18084098299119378,2.550289387530417e-11,0.34509325386963924,1.73462035353026e-11,0.189042422305457,2.309090544615017e-11,0.4850233406249623,1.158382290174373e-11
GCTACCATCCTGTAGA-1,0.0975229222334441,0.04439870206872703,0.5120955750910456,5.2021472063480957e-11,0.23389130564649338,0.01209149484211431,6.717920170025354e-11,2.4861836365947397e-11
GCTACCTAGTCCGTTC-1,0.07402683702259333,0.037685092610388916,0.3872796855328968,6.052646588047241e-11,0.19704063543135047,2.256472892497489e-10,0.20396774907120785,6.032895152182085e-11
GCTACTTCTGACGCGA-1,0.05024656964311287,2.3174977116932584e-11,0.49032388079771255,2.763272975911694e-11,0.23176497159192802,3.492307692260873e-11,0.12766458951339313,1.2784662989730336e-11
GCTATGCGTGAACGGT-1,0.06341100959268525,3.102710342889489e-11,0.5403157111780482,2.525855653329119e-11,0.24462221432607115,1.6590052343518085e-10,0.05165106474505487,1.512850467497808e-11
GCTCAACCACGGCAAC-1,0.2673235628635725,0.045332297940585686,0.4987092666107558,2.321708462024897e-11,0.06267340490955807,3.2252711589607606e-11,0.025961468176131607,1.2960948153828068e-11
GCTCATACAATTAGAC-1,0.14959545549041767,1.686474059743549e-11,0.3525172122696828,1.5826991357049733e-11,0.24855118824546474,2.504558885180965e-11,0.23383617705757528,1.2681451592582102e-11
GCTCATTGGTTCAACA-1,3.117269609170482e-11,0.16149445339839072,0.4635970882782578,2.9536428549170807e-11,0.15231715402795867,5.0460664440773395e-11,0.4225913041497365,8.51463937648787e-12
GCTCCGAGACTACATA-1,0.03177281081111877,0.04296514219317093,0.48088867503501137,3.078731200266668e-11,0.14682304371543076,2.0933551931370822e-11,0.4933371914985892,1.2671914834829422e-11
GCTCCGGCAACATGAT-1,0.05942459498422073,1.7396204461272892e-11,0.3026582934487442,1.5913323899512942e-11,0.14604490828009903,2.4148834141615907e-11,0.497694458986804,1.2672153487591553e-11
GCTCGATGCTCGCATG-1,0.2542283437162999,6.56852763343128e-11,0.5405122998796152,1.0948590446096327e-10,0.24312316324235853,0.05143923685208707,0.07974210005669852,1.2672190551449058e-11
GCTCGCATCGTCATTA-1,6.194900583548529e-11,0.027587550842913346,0.3737916935145603,0.17226335182303834,0.13200595582970226,2.434800262290391e-11,0.49435144733812575,1.2389481000365458e-11
GCTCGGACCTTCAAGT-1,1.625454513659244e-10,0.060394935661348174,0.540516047344218,4.759490992492549e-11,0.2990890166542416,1.258147476761753e-10,2.472823838217606e-11,1.8784719828967118e-11
GCTCGGAGATGAATGT-1,0.08551079875335245,0.0048908901486737376,0.5692197584313085,2.437320327115449e-10,0.19472508932035432,0.013201864867613069,0.03245159825732004,1.8395537524706626e-11
GCTCGTAACGGAGCAC-1,0.1365995792955592,1.8667195186063747e-11,0.49763163049206605,1.4782925152455308e-11,0.10129580248924018,2.3226370269956485e-11,0.46447298759590566,1.0466987764935339e-11
GCTGAATGACCGTGAG-1,0.1019103500535705,1.9701385654319005e-11,0.32068716897580196,1.8115295558168258e-11,0.07688336110059713,2.5705475007897933e-11,0.5010672526274984,1.2672152370719469e-11
GCTGACAGCCGGAGCG-1,0.0801424495090999,0.05793101716438955,0.42738045369615124,0.025046216652867766,0.10943493069929269,0.02284518609754372,0.17721974617795366,2.6787276090260472e-11
GCTGACCGCATCGGAT-1,0.06774303431983168,0.028882883306275708,0.41088939997021806,0.005990317824722642,0.256564869143841,0.0931926041360579,0.03673689124942844,6.535567277567715e-11
GCTGACTTGTCTCAAT-1,0.36319174887631517,1.2027133436142173e-11,0.40247396610573655,1.8765110696104808e-11,0.06415902640561598,9.704376503171765e-12,0.3701752585491924,7.00043931144038e-12
GCTGAGGACAAGAAGT-1,0.019747662865525248,1.3121403294783561e-11,0.4673456664336495,2.4689607377525264e-11,0.25967357223929965,4.5536947658064836e-11,0.45323309832148256,9.910556869810663e-12
GCTGAGTGTTCAACCG-1,0.03427715109217966,0.04255491242628055,0.1527868649335637,0.008922911560854369,0.27572143218580647,1.235179346239823e-10,0.38573672769878814,1.8648660297412696e-11
GCTGCCGCCTATGTAG-1,0.10280715552707421,1.863939628704898e-11,0.37878437860022984,1.6945303622602988e-11,0.22558838606318407,2.329019015077357e-11,0.4928200790826171,1.243164059990627e-11
GCTGCGCAATGGAAGC-1,6.601148200923912e-11,1.392150688767421e-11,0.25846169189741497,1.7782310399070047e-11,0.13674802905535594,1.7628414076503605e-11,0.5047902790600677,1.3912921586730511e-11
GCTGGATGACTCTACC-1,0.058872136959944914,0.10006538356016378,0.5419581468412074,2.7395935213402377e-11,0.1594841746464108,4.641675919363226e-11,0.0396201579620018,1.6091509497951773e-11
GCTGTAGTGCTGTCGC-1,0.18397200021476082,0.11173669911514555,0.5397834153972065,0.10032483272105004,0.2190248327540335,0.0011841784223319944,0.04397403827012707,1.2521298213147783e-11
GCTGTTCATCAGCGTC-1,0.019724368077995207,4.140740545177119e-11,0.1438045096561117,3.248683943745881e-11,0.16444424958258505,2.391799336425894e-10,0.5720268723718668,2.4552624735220822e-11
GCTGTTGATAGTCTTA-1,0.18515018872976147,4.234909986785261e-11,0.4593724217659608,1.3914707882091256e-11,0.11346133146419843,0.0534692524313424,0.3885468053012959,1.2034403153703546e-11
GCTTACCTCGTGCTAT-1,0.09911340508144258,2.3277335394120403e-11,0.22832990340737783,2.011949356975473e-11,0.2344669972398728,2.4570409222230003e-11,0.5002995814167289,1.2672165562648042e-11
GCTTACGCAATACTAG-1,0.10702901974329995,0.0890602425959581,0.47089410889891115,5.279421021584939e-11,0.2330166286337661,3.689708465027309e-11,5.5773621658477794e-11,1.9392317561359386e-11
GCTTATCCGCATTCTT-1,0.18925436801047474,0.05595262458834367,0.5207027955680769,5.760935085519905e-11,0.12669842993596397,2.3994331597603495e-11,0.007391782230844075,1.3058503119470704e-11
GCTTCGATTGCGGTGC-1,0.06329623469243927,0.1099905736572021,0.18784022540195028,0.12170772632375824,0.21158527845409783,0.10308685722809541,0.04579733722292726,0.05669576703067518
GCTTCGCTCAAGCGAT-1,0.015663775392141425,2.1127534914201506e-11,0.32963869624853415,3.8192918978032446e-11,0.050632159210415605,2.564896536033771e-11,0.5040653692463926,1.3547114985118132e-11
GCTTCGGCATCAGAGT-1,1.5377664037528873e-10,3.0013214657947307e-11,0.40589789180777575,1.8289000670696122e-11,0.11210815807825399,6.63304410301755e-11,0.4992829576732171,1.2672154239959728e-11
GCTTCTAAGTCTGACG-1,0.20518361490735926,0.02178791051682596,0.4550274620935551,1.2674115759110873e-10,0.1226186186489997,0.010894185108603011,0.08448820856828831,4.697576277647837e-11
GCTTCTAGCCGAACAG-1,0.10069638648050876,0.10167257439440631,0.18954428189626876,0.07730248499705143,0.1961688105183421,0.07977224064463473,0.13539748693545844,0.01944573414551724
GCTTCTAGCGTTCATT-1,0.2282799224745366,1.4319132599807634e-11,0.49556732777183354,1.3568044360998854e-11,5.574720209445282e-11,2.145324363294248e-11,0.4761527495398972,1.1213231044964417e-11
GCTTCTCCAGAACCGC-1,0.09796731703836252,1.7799087345718614e-11,0.3876831819142429,1.4789387422935634e-11,0.1604012922797387,2.606049627528001e-11,0.49718341831201285,1.2672179273581164e-11
GCTTCTGAACCGCTAT-1,0.08340565563262374,0.13777495595355854,0.4074685586072966,0.017276329556684365,0.1643014924888004,0.05481762621037692,0.034955381187393546,3.7644862459222214e-10
GCTTCTGTTACGAGAA-1,0.04550383604982787,1.6143309675552765e-10,0.37926784298091815,3.650388568143239e-11,0.19923393230198513,0.006773865606616957,0.2692205228750677,2.0579885127602484e-11
GCTTCTTGGACGAGCG-1,0.3541517134449664,0.023604872561450572,0.5160751323235653,2.1231529412194424e-11,0.08260443719746963,2.8949519423143494e-11,2.622400140313662e-11,1.2672144733933127e-11
GCTTGAACTCGCCATG-1,0.012262808972164262,1.0876201668971278e-10,0.3362158429074116,1.8337447291287922e-11,0.13605557370640134,0.024068061290672543,0.4964797504099571,1.267215695832963e-11
GCTTGACCTCCGCTTC-1,0.1424580861787165,1.9468227799745076e-11,0.28145332028811937,1.0533184587309367e-11,0.3793606673585534,1.1611630807624922e-11,0.396727926105676,7.700352646271876e-12
GCTTGAGCTCTTGACA-1,0.06925233112034568,2.127977970187486e-11,0.4199830110714478,1.86394705412185e-11,0.2581647829642105,0.04687993096675867,0.4057199438066805,8.109876255657737e-12
GCTTGCCATAGTGGAT-1,0.12788647505386927,0.04376686607840882,0.5595695482432248,0.07355878758183847,0.17970905092173847,0.01454785887663229,0.19085338981347852,1.2672227259784853e-11
GCTTGCTCAGTGTCCG-1,0.048676609337912555,0.001456858603368596,0.1906103922539235,0.024250912585295877,0.4236931367301212,0.003204716594312881,0.20810737381773833,9.160699736662723e-11
GCTTGCTTACTTAACG-1,0.19040111943403915,7.949603590452262e-11,0.47778950740871484,3.7815321827240646e-11,0.17916871486640035,3.803948676925215e-11,0.05264065813628296,2.5025517080859315e-11
GCTTGGATCCAACCGG-1,0.2572892002728651,0.025545358420605166,0.43637909790226287,8.001564777581117e-11,0.13196622937945246,0.02023849752039847,0.028581616387821897,5.31010809390051e-11
GCTTGGATGCTCGCTT-1,0.060383582110396766,2.4154498915289372e-11,0.2440173780728132,5.5149708557208116e-11,0.21658423588372983,1.610215880635563e-10,0.37901480372664126,1.6984415576788904e-11
GCTTGGCTGCGGTAAC-1,0.19352949546940323,3.3189993007978215e-11,0.5355516548444665,3.248460071287738e-11,0.12055550644794859,3.8005524710775034e-11,0.05036334319480711,1.522689874278649e-11
GCTTGGTGTTCGAACA-1,9.998210035412444e-11,0.017398520007107322,0.24600025425577496,4.4417790142610173e-10,0.05870846567497238,0.06017742756433513,0.5177153320330189,1.464484775956364e-11
GGAACATCGTGGAATC-1,0.08792533253203694,3.1772040734347966e-11,0.3294441758668233,2.129331151183459e-11,0.18505119405242465,4.244464959342206e-11,0.29757929747622985,1.8280858791414077e-11
GGAACTTCGACATGTC-1,0.023060133737479047,2.402811544687693e-11,0.35922319108878187,2.1087994674570643e-11,0.5177166750617467,1.5244905241174964e-10,2.1111060360287935e-11,1.4156887592756747e-11
GGAAGAATAACTAACC-1,3.8944974325729623e-11,4.885232444093738e-11,0.32559971636824747,1.9418070554924822e-11,0.07929023048929774,0.17705664276991878,0.44960924898869475,1.2672159476248338e-11
GGAAGCATTAGAGGCA-1,0.026527417449649666,2.0693161292691414e-11,0.3431785315072075,2.1815775078061583e-11,0.024929188061356838,2.447505708676534e-11,0.5053648632115231,1.3212420372956067e-11
GGAAGCTGAGATAAGG-1,0.016637569104381456,1.5934026321159078e-11,0.5034016748815846,2.1500320804001726e-11,0.16852837893747963,1.7395372224643698e-11,0.45312899729313033,1.2672179421699744e-11
GGAAGTCTTGTCGCAT-1,0.02723976310733781,0.27073290812305373,0.3607711043337059,3.9266695323734163e-11,0.04041726434432586,4.8550108066211867e-11,0.4968828052292822,1.267185448372826e-11
GGAATCCTTAGACTGT-1,0.290619476720318,1.631457194173112e-11,0.4165257828085987,1.5715057345879946e-11,0.19896315131584213,2.1332270453012336e-11,0.2938915889322167,1.1721600033936046e-11
GGAATGCACCTCAATA-1,0.0995207940838731,0.02615433366591315,0.44416893927658746,0.006124217083745601,0.19199438197851165,0.1282404352564428,0.0037968986023471747,6.821484627160045e-11
GGAATGGCAACTTGGA-1,0.042967826213666946,1.6912857377035836e-11,0.4433178403711905,9.740687684600368e-12,0.30205787844342613,3.0298212859106026e-11,0.41165645488217967,8.328033857228679e-12
GGACAGTGCGGCAACA-1,0.10033035609761924,2.582625980164094e-11,0.51478151506628,7.279181180182593e-11,0.17333371388493632,0.11155441505414913,4.521226508116601e-11,1.332108077030798e-11
GGACCACTTATCGTTC-1,0.025849929617139156,2.1956189489978146e-11,0.3064846395901969,2.0235470377241672e-11,0.03794114029394355,2.6450580018784078e-11,0.5297242904768874,1.5883231595164062e-11
GGACCAGATAGGATGT-1,0.12180042661358563,0.0438490778367679,0.2584051239477931,0.08064560258131605,0.2082928216312238,0.04408700274715053,0.08538824048154776,0.05753170417207061
GGACCATCACCGCCAA-1,0.1279358674244547,0.276809850453188,0.5888806738995734,3.333669243759254e-11,0.19892042467530394,1.2423750539399143e-10,1.7392088576014504e-11,1.2672251788153566e-11
GGACCGATCTGGATTA-1,0.17025318020423383,5.436201941521651e-11,0.5336766200470039,3.4418549469483706e-11,0.3228234877966011,0.03763629246441851,0.13561041906709198,1.2188542167977981e-11
GGACCGCTTCCTGGCA-1,0.25961068392136266,1.9414878563459018e-11,0.41033663892178807,8.253293556932181e-12,1.2528783059170353e-10,0.1941706489545584,0.33588202802254263,7.627140430872133e-12
GGACGGTATGCGGCTG-1,0.10401368375340785,0.0662042182143273,0.563839657245968,3.284422710576223e-11,0.15724159177012903,4.6712731043845787e-11,0.008700848963868564,1.7653550073464216e-11
GGACGGTGCAGTAGGA-1,0.008314562975389505,6.888186686326218e-11,0.6247430186600827,0.0042099960289207865,0.11280442734547749,0.07432949148825248,0.07559850344899886,1.9659148390366602e-11
GGACGTACATACCAGA-1,0.014705162098179618,0.033518245433498996,0.3799215658240227,2.038110512666332e-11,0.152206477123432,0.031016301549105993,0.4995159860825878,1.2672176222563215e-11
GGACGTAGTGTAGAAG-1,1.833212609637815e-11,1.716047578858154e-11,0.24206229644037508,9.530384390590375e-12,0.15527843179846054,0.3964434834410085,0.40621578824346355,8.230054928767955e-12
GGACGTCGAACGGCTT-1,0.15843791662039483,2.95177722197061e-11,0.46578127875860864,2.500008175453493e-11,0.2584009887777011,1.0222251825878148e-09,0.017379814809047798,1.622601860637914e-11
GGACGTCGAGGATTCA-1,0.06878179072741876,4.0581221887760404e-11,0.6186283907226559,5.3409194485935535e-11,0.18890402690220554,2.4928019498906915e-11,0.09204952975251186,1.2672145667968776e-11
GGACGTCGCACGAGAA-1,0.08958222480553293,0.07217240328036463,0.0971595489723415,0.0717790720602337,0.20920189237944561,0.07177907206046356,0.09691492770845142,0.1914108587420132
GGACGTTACGTACATC-1,0.06919194155642085,9.468820482338451e-11,0.35654219240188517,2.716345122296896e-11,0.2919715227329468,1.1262410865285253e-09,0.182294342057746,2.6905224982143953e-11
GGACGTTAGATATTAC-1,2.4018717496625838e-11,0.022876726532919438,0.13948951749388472,2.1163315585495487e-11,0.11961070902825031,0.45450911850828757,0.4635139283149801,1.0630536736103987e-11
GGACGTTAGATTCAGG-1,0.17322990630192434,1.8828669159676207e-11,0.3682950980706754,1.882870318238315e-11,0.15985444913707847,5.168243077744042e-11,0.49859123875262334,1.2669974822010854e-11
GGACGTTGGAGGTGAT-1,0.16868024355322664,0.06344685783448632,0.4075280247949002,0.015446352265403493,0.08817353490093283,2.8400616047110623e-10,0.15672498636598056,2.588534860540592e-11
GGACTCACGGTCCAAT-1,0.01939578212280894,0.015934057251253127,0.40933728530160335,0.01766308436552955,0.17008562942200772,0.07538561987976602,0.19219854166820807,2.0923126758376788e-11
GGACTCACTAGAGCCG-1,5.064996172707232e-11,0.09426633589194655,0.3575065060964651,2.925634425237782e-10,0.2664943489026934,0.010689941390275216,0.1710428673782405,2.4063058642328816e-11
GGACTCTGAACCTGAG-1,0.11048545681663569,0.03561609176462604,0.2517153409489973,0.04277283559200404,0.22598665837898663,0.050533779080119155,0.18288981248430342,2.494786020658534e-08
GGAGAAGCCAAGCGCT-1,0.04415017624724831,0.027310611219470385,0.36003258801296517,0.012008301218941198,0.1871952756037771,0.10977265077867404,0.1296119198724239,0.029918477058180237
GGAGATAGGAATGGTC-1,0.07480149793648654,9.747764851317168e-12,0.4618442802522449,7.976954700011203e-12,0.25777838555287663,1.0985374297946042e-10,0.40557583610160064,7.943113401645696e-12
GGAGATCCGTAGGATA-1,0.013322620174295089,1.1667765835028833e-10,0.21542429662404813,0.041313420847999334,0.20454382468052096,0.01923237126103877,0.4061634662779895,3.6760825772615684e-11
GGAGATCCTGTACCAG-1,0.13878714876032502,2.7082430648638374e-11,0.520341213397855,1.9859720409550682e-11,0.06639044183007026,0.026196081897191494,0.14828511411463965,1.5868780514359167e-11
GGAGATGCGTGCAGTA-1,0.22037806014178854,1.2570595654008338e-11,0.31992492660815275,1.29786133810047e-11,0.21068391228626163,2.082453837972192e-11,0.44901310086651164,9.692632143907288e-12
GGAGATGGCTCGAGAT-1,0.1075301256581248,0.004742207555072491,0.1963810340663764,0.03362243630896372,0.29142055378957515,0.05688400052599754,0.1977152637660098,0.011704378343105325
GGAGCAATGCGGTGCA-1,0.31267388171377186,0.03216253860255943,0.46375018133692375,9.998219150322399e-12,0.08974166003868861,9.46790548943922e-12,0.3016717382579151,8.114615712235381e-12
GGAGCACCAACTGATT-1,0.05001941649480445,8.579966569832067e-11,0.2863724561553109,0.05334186409245922,0.27638497525641215,0.08148678733919401,0.1523945005330388,5.900865769430085e-11
GGAGCGAATTGGACGG-1,0.2758619497442665,0.04200631106244361,0.5004152304544534,1.4857008837401843e-11,0.10350616822330204,3.0788375523829135e-11,0.10750067300402867,1.2672159090086617e-11
GGAGCGAGTGTAACTT-1,0.14151516794981103,4.2858683251968997e-10,0.3941388072630281,2.6424595484384346e-11,0.15990689209285178,2.6369770109262175e-11,0.20443913250707896,1.321701953484423e-11
GGAGCGGCACCTCGTA-1,0.2204636296293974,2.0265160680449547e-11,0.4675643492971732,1.210647621597203e-11,0.1846294128648421,3.398020674268013e-11,0.3273426081030704,8.967044162444852e-12
GGAGGCACATAGCGTA-1,0.11746423638208012,1.911417082152628e-11,0.4111061133653831,1.9418990103430736e-11,0.21508440161161518,0.0789437020038524,0.3774015465750752,7.048459520125211e-12
GGAGGCTCGCACTTAC-1,2.77696767350377e-11,0.3687135102370419,0.4603049660891726,1.9824045398396205e-11,0.24900809753761663,1.2848613204777666e-11,0.12197342605086554,7.3971797957074e-12
GGAGGTCGTAGGAGCT-1,0.2781127402814451,5.378610706156259e-11,0.36445822832154073,8.995735160801114e-12,0.25401728402831814,0.009309192364296516,0.2941025549262805,5.521119679647913e-12
GGAGTCCAGATAGCTT-1,0.07048736089754085,1.2601292261966326e-11,0.44639284584746725,1.3815239792981304e-11,0.18953457000275267,0.05725394477017691,0.436331278410963,9.326646814432e-12
GGAGTCTAAGGCCGCT-1,0.06489559004879739,0.06409735369314698,0.6019320947178497,0.033017623196825475,0.04031959675680105,0.09573774155919504,2.7407342073042157e-11,2.536816311312666e-11
GGAGTCTAAGTGGTCC-1,0.2785351610746929,7.212715073377306e-11,0.5041140225084632,1.7954447402824255e-11,0.11514959866491721,1.6657820389921753e-11,0.12641420817204022,1.2672156979374605e-11
GGAGTGTCCATGTATT-1,0.06051812660488219,0.035798952886878385,0.5473213093309586,1.408056370489865e-10,0.18125548085554974,0.01718707937773613,0.0579190508343683,1.7144037484912897e-11
GGATAAGTCAGGATAG-1,0.004745815759921998,2.7132710668990658e-11,0.38156345609030173,1.0804183035944271e-10,0.06987177851913369,1.6945624218043502e-11,0.5005210153605677,1.2672139377839296e-11
GGATAATTCAATGCTG-1,0.08130586332534412,0.08558277728661735,0.5714206693179306,9.126490997111827e-11,0.06295720325759387,0.0307998757949165,0.06793361092223002,2.755926716888782e-11
GGATCGAGTGTCCACT-1,0.04445587184647791,0.18830705002179654,0.4541236544248201,2.5286296723189952e-11,0.21311279167299374,6.319309831207014e-07,9.421266631450953e-11,1.5932395427489613e-11
GGATCGATACCTCCGG-1,0.31640392872790213,1.7638640307140272e-11,0.4087147247429481,1.763863917784833e-11,0.09594128492676915,1.3682887636037646e-11,0.3789400615297613,7.2130290281485465e-12
GGATCGCTGGCATATT-1,0.16876023847662777,1.8183241249985124e-10,0.48497660784163316,5.5481931003292756e-11,0.21501648167127901,4.4429367383959946e-11,0.031246671764822282,1.948303945036864e-11
GGATCGGACGTCTTGT-1,0.06959255307187455,0.0013905656353417869,0.29707761593179155,0.00021756866212942487,0.32035418764348794,2.012569549252828e-10,0.21136750885760136,3.5816652217956965e-11
GGATGGATCACTCATA-1,0.02646831825066509,5.492878047343484e-11,0.35901033737535,1.8848680961421795e-11,0.3339193011574915,2.3212778219696745e-11,0.480602042856707,1.2062415125249736e-11
GGATTCCGACGTGATG-1,1.1447376299543541e-05,0.002455562744533499,0.20617225370339182,1.3150184574096764e-08,0.07105713641847937,5.369334398175179e-11,0.6203035865164543,5.2839235534214746e-11
GGATTCGATGTCCGGA-1,0.0664521989270228,0.05244603953830591,0.258142318499372,0.0019477706362716278,0.2277542082999206,0.014810226590112377,0.27844723746932193,5.495704503226703e-11
GGATTCGTGGTAATCA-1,0.044913051226496026,0.01915937416520706,0.35233373201470897,1.0090083224863064e-10,0.13806619504218928,0.031357178572002105,0.31417046879498894,9.834870734086705e-11
GGCAAGACAATCAGCT-1,2.413311831843661e-10,0.028873837858965745,0.26442844310539637,1.1619658987457252e-11,0.4026336539921636,0.04712749223170809,0.456936572490079,1.0410160054088754e-11
GGCAATGCGAACTTAA-1,0.09549618285485666,0.0219024860848544,0.4051997206374822,0.07193597212750119,0.17445552010676027,0.0453697882660045,0.08564032990716697,3.5292342718508994e-11
GGCAGCCGGCACTTCC-1,0.34970424495368574,0.022511135538203556,0.45040802018595355,1.2714312215986017e-11,0.07599840143055905,1.5699025159923074e-11,0.30137819782545927,8.812130063229216e-12
GGCAGCGTATACGACT-1,0.016875363789820953,2.2129973279567772e-11,0.3775437287703799,1.77329510041174e-11,0.21399186734773987,5.892371625587683e-11,0.4458986740774802,1.267216560363939e-11
GGCAGCTCCTGGACGG-1,0.02191235492723289,1.557266385148253e-11,0.24374302595077416,2.0166344824261805e-11,0.26572894241216416,2.8632985997303637e-11,0.49916006324172474,1.2672156836006782e-11
GGCAGGAAGTCTTCTA-1,0.14036280668724765,0.1191741391009554,0.3175372736024289,2.836195723687072e-11,0.15806538287923852,4.953609536842241e-11,0.1648603976744496,1.841527872709543e-11
GGCATAATCCTATCGC-1,0.04706078226525493,7.919710430585828e-11,0.5992617164447372,3.564758157605794e-10,0.1996945064822465,1.2082849202990782e-10,0.05398299425733771,2.276999631817651e-11
GGCATACATGGCTCAG-1,0.1451402959414181,2.3668755896124895e-11,0.3387879269848826,2.3698565336083223e-11,0.1655239924503436,2.65643839548528e-11,0.2505477846008001,1.5606904731957734e-11
GGCATACTATTGCACT-1,0.05757967182499755,0.0470383910212802,0.3165817067293499,0.03269630039898304,0.244185533229183,0.03313486464964758,0.16878353166851015,4.3390986879155927e-10
GGCATTCCGATGCTCG-1,0.15465199888082456,2.3882804179854775e-11,0.4469123441284848,2.3294590712959382e-11,8.278222834024866e-11,1.8450604072154485e-11,0.49859228591507176,1.2672175844311098e-11
GGCATTGCTAAGAATG-1,0.2415747961517888,1.9273639224606745e-11,0.34530703106052824,2.0102532930001232e-11,0.23720332605236913,3.208259306387721e-11,0.07591484674380926,1.4637516330369734e-11
GGCCAAGATGGATGGC-1,0.03413343992496279,1.6490937857490866e-11,0.4261415476299916,1.1792675389820178e-11,0.2760053690552697,0.0962553917692199,0.3674642515684944,7.181025737579774e-12
GGCCAATAACGCTACA-1,0.07790841935296118,1.2312123131357334e-10,0.2723880378474575,0.011521422681408591,0.13390003523486538,0.061161954956898135,0.3431201297615652,5.7439766581298065e-11
GGCCAGTAGGTATGAG-1,0.289588566899401,5.374689906049342e-11,0.5957483718946802,1.5106216060344583e-11,0.06031159084318433,0.05450125190904333,0.19985021828220298,1.1177762046093755e-11
GGCCATGCGTCTGTCG-1,0.06606830753103722,0.1439995962601281,0.4569013041670773,5.818604496554363e-11,0.23302521032167106,6.9622068631545e-11,5.58166274226783e-06,2.1925524184240752e-11
GGCCATGCTCCTCGTG-1,0.10711700317363729,0.06925673455005568,0.3427430696319626,0.026046432001512406,0.1777958161188455,0.05836153998082859,0.08014841507789743,0.03853098947688411
GGCCATTAGCTAGTGG-1,0.06949264817877451,0.4255594472170102,0.39647959155580986,1.2725797494044518e-11,0.3084683129502163,1.7627905081087114e-11,2.5489774483184804e-11,9.16965103840883e-12
GGCCGCCAACTATTGC-1,0.14517488252349972,2.038111172301708e-11,0.40983332751585516,1.694569211118972e-11,0.08033314423191834,4.147508015128249e-11,0.4989586999834095,1.2672177633450703e-11
GGCCGGCGGTCTGTTA-1,0.07563709251621041,0.07952074659121486,0.20574891187994424,0.045267094386363435,0.2166647663177391,0.07313172793013199,0.08398357366680424,0.12004608672114404
GGCCGTCCAGTAGGAC-1,0.0723154149337923,7.104343985200396e-05,0.2027941243883125,1.9129998918218225e-11,0.1279019576476925,1.9140994920581236e-11,0.49691747019650384,1.2756169750937484e-11
GGCCTGCGTTATGCCG-1,0.0034114876057502476,2.918625521221489e-11,0.5178990281964452,0.11643541695085857,0.18986270075385686,1.456832184540463e-11,0.37239136589084326,1.2384534834987446e-11
GGCCTTCGACCAGGTA-1,0.40385347059261967,1.754294346729922e-11,0.4118640183458735,1.4272751116691853e-11,6.461179577505219e-11,1.6298181338749112e-11,0.38428251091755145,8.176195395720283e-12
GGCCTTGGATGTTGTC-1,0.15136903343051764,2.39233747184966e-10,0.5015692444002978,2.1298023928610452e-11,0.0973024523429113,3.329603720699118e-11,0.4497592694742412,1.0031033798883137e-11
GGCGACCATAGCGTTA-1,0.1569037772435754,1.8394389431870837e-11,0.23171130666973652,1.9995663551065882e-11,0.053743368928349265,2.7063486621862045e-11,0.4576415471402766,1.5855013350958123e-11
GGCGACTTCTTGATGT-1,5.990096195373082e-11,3.199755366218607e-11,0.07529684337123414,9.514954493862068e-11,0.05375349791905095,0.21795826820676653,0.5529913903348148,1.9098724155364246e-11
GGCGAGGCAGCCTACT-1,0.11875175814144842,0.00025043841468373734,0.3477510326868346,3.2622147613410184e-06,0.18772233614851278,0.07916934525940604,0.1663518270721314,5.1791838393500904e-11
GGCGCCAAGGAGCGCT-1,0.057466880344864045,0.14013677253690263,0.4162337270782064,3.462066508765984e-11,0.28616262007573295,3.4575532587900556e-11,1.768259974913756e-11,1.3987257005612144e-11
GGCGCCACCGGAGCAA-1,0.1622227412768987,2.664138465744206e-11,0.40430843014368517,9.328679093479424e-12,0.29392702442213203,1.1906329834031537e-11,0.33954180408943946,6.5009641090655644e-12
GGCGCCACTCTGCGTT-1,0.0845897920407769,0.01673220286963288,0.255613677541704,0.045304753537005804,0.3687149944727439,0.03287453993386584,0.09562591739949187,0.0005441221885730066
GGCGCCACTGAACATC-1,0.12215873196906592,0.08473982423182085,0.5811335179865902,0.06300007834125217,0.19356692810980503,7.20243607768685e-11,0.08841135691391187,1.2672176584995502e-11
GGCGCCGTCGGACATA-1,5.188984562566323e-11,1.626040553275865e-11,0.23890843087871388,2.1281333742438043e-11,0.1827256354504059,2.612165361620525e-11,0.5012954613793579,1.2672137420838379e-11
GGCGCCGTGGTTACAT-1,0.13172025962105965,0.06963902221398362,0.38297561506933586,0.04227587480685392,0.19490102261478506,0.043089615514468736,0.03428098750466323,0.0011176026974780095
GGCGCCTTGGCCTAAG-1,0.10789288091430674,5.923350886158848e-11,0.1900927701425314,0.018901680233873713,0.24475376218245823,0.020038532564319058,0.3183203738609962,5.862098867928085e-11
GGCGCTAATATGCTCC-1,0.12713258301388825,5.4325765746120854e-11,0.3394801272052772,4.3055869476332076e-11,0.24314671358342316,3.099941746745265e-11,0.19024057607171352,2.3912063275377402e-11
GGCGGAAGTCTTGTAG-1,0.3016401576611047,1.3839924945091805e-11,0.4836837544531977,1.6049377323970154e-11,0.007029336489493217,2.0392324846131363e-11,0.4076467512594556,1.085119919978169e-11
GGCGGAGCACTGATAA-1,0.36607367989302425,0.03446554436576075,0.4087206542094403,1.4369280858039227e-11,0.1373329720861552,1.917217648145268e-11,0.2534071493883798,7.173946899353571e-12
GGCGGAGTTGAACTAT-1,0.1943619536315687,0.19657165046808386,0.5213502620969811,2.7938026640086362e-11,0.10052638114147545,5.0183650980016346e-11,1.7536406191396276e-10,1.2672158037164849e-11
GGCGGATACAACGCAC-1,0.4123968961846432,1.3577677943537101e-11,0.285720780440637,1.1417914927940125e-11,0.07956315177026464,1.2404488151526134e-11,0.4223191715310299,8.662179126891777e-12
GGCGGATATTGATTGA-1,0.15328208783821357,0.053672486764839746,0.3008594863488421,0.06943742063562952,0.2355620593412218,0.05069742587640613,0.010892672069294921,0.025596361137551232
GGCGTCGCCGTATGAT-1,0.1320444063424569,1.739580480371918e-11,0.3692636602131499,2.103576739305245e-11,0.2022797100160378,3.638420616408988e-11,0.49641222230149656,1.2519890527903772e-11
GGCGTCGGTAGTGATA-1,0.3141492348796182,1.0209893488331149e-10,0.4190703085733791,1.1991448739675073e-11,0.09671251894116252,1.839360166622484e-11,0.37006793745030214,7.070246777834954e-12
GGCGTGCGCTAGATTA-1,0.10251408182673967,1.8624524895317893e-11,0.5059123277948395,0.16140612186245262,0.24428236087405628,4.1463406688338133e-11,0.18588510748777268,1.1000950959795714e-11
GGCGTGGCACGGCACT-1,0.13057739350168704,3.085705509837933e-11,0.5055894647825955,2.3570061385647685e-11,0.12023816238001961,2.7957874736253895e-11,0.3944427170614892,1.2672181558916329e-11
GGCGTGTAATTACTTA-1,0.28689711649393357,1.2773287118198257e-11,0.4807159466819012,1.483657328215242e-11,8.947824648099857e-11,1.393639500938382e-11,0.432386936613985,1.0692631105943345e-11
GGCTAATGTCTAGCGT-1,0.004268241712821014,1.749920259099339e-11,0.3124294997601032,2.51691411108797e-11,0.27335146605317473,2.9247217180428014e-10,0.35333077852024025,1.2672143227737424e-11
GGCTCAATCAACATGA-1,0.09771317691359474,0.007675753450003768,0.42240966232969807,0.03305221381090612,0.159630695099222,0.02039933285332929,0.15911916549856717,6.071493033232015e-11
GGCTCGATTAAGGCGG-1,0.05345865567977067,1.3393758092371262e-10,0.3559395266055877,1.236326900060985e-10,0.291454692918177,3.796615443979706e-11,0.49912229307068695,1.266730566252913e-11
GGCTGACGCCGAATCA-1,0.3131316130286274,2.1822601656186435e-11,0.43171800680629163,1.0696300773310872e-11,0.03887342495702189,3.209115224025842e-11,0.41627695510740415,8.659438570248386e-12
GGCTGCTAACTTCGCT-1,0.033191923821953274,2.5278226613744064e-11,0.3790193988886425,1.869468671110018e-11,0.23136877680206988,3.927716599129612e-11,0.25641990051475877,1.4103309724788473e-11
GGCTGTTCAATGTCAA-1,0.017574837548060215,0.004362347447198266,0.23802247989108158,0.01597117764218273,0.12399401923429244,1.4879366915880475e-10,0.5000751381308747,1.617980508596914e-11
GGCTTGCCATAGGCTC-1,0.22450971379976836,0.3811793460780325,0.42776046831623155,1.5931891246310608e-11,4.159302745172424e-11,1.697102850134284e-11,0.16655047170358828,7.764518536541778e-12
GGTAAGGCGACGATGA-1,0.13228760956930566,1.840571229178651e-11,0.5034094538895871,1.9649072179583714e-11,0.051380080523691675,2.167914998223372e-11,0.488626741783181,1.2672197982540914e-11
GGTACCAGGTAGTGTT-1,0.24749023687160077,0.04881476355268061,0.5104099039927676,5.985669766488983e-11,0.2093692262187447,2.1590227555020244e-10,0.15504824943695591,1.2672195601843612e-11
GGTACGATCGACTTAA-1,0.12440488333782744,0.07261049580345319,0.527090759730427,4.921079259639703e-10,0.18521590595910073,0.014794939086522149,0.21958407423482443,1.2672181801417664e-11
GGTACGCTTACCTGCG-1,0.02019524034443206,0.018614285069826618,0.19775243374895718,2.604179499053941e-11,0.1192680363426507,0.02917847145706659,0.514991533083196,1.483263692492574e-11
GGTACGGAGCATCAGC-1,0.0795460981311087,0.035885767773607594,0.44944226767929524,5.47068268080784e-11,0.19109374534845586,0.03196432562929436,0.11206779537951242,2.7522035919599322e-11
GGTACGGTATGCTCCA-1,0.024646634050267013,2.975740301969697e-11,0.14970873129991405,2.6736479761966255e-11,0.18176527318224245,3.814937531263604e-11,0.5438793613981217,1.794401884116883e-11
GGTACTGTGATCTTCC-1,0.04569252168383698,1.341545141219345e-10,0.1843804410920177,2.661109655051169e-11,0.224378838695464,2.549339170809108e-10,0.44554819811906954,2.2619442725211832e-11
GGTAGCCATCAATCCG-1,0.23268703863720125,1.297361180629466e-10,0.5750497315209414,4.6283189110621106e-11,0.06570656609568917,0.012060016413109947,0.014496647163653521,2.2461298040367712e-11
GGTAGCGTACATCTGT-1,1.964838718305902e-10,1.57640605687135e-11,0.2511086499505194,1.4577895197977404e-11,0.2171810654214972,1.7976537738195866e-11,0.49595458473636567,1.267215414706781e-11
GGTAGCTTAGCCAATC-1,0.10827903215594709,4.4772088430475913e-11,0.24026130331834833,7.338087509530845e-11,0.24576539672417763,9.326415920534585e-11,0.30569426757433893,3.5539220306608145e-11
GGTAGGTTGTTCTAAG-1,0.042961596061513535,2.3121843812066657e-11,0.16157777292028647,3.7283153709036994e-11,0.15364932111420895,2.947933430041946e-11,0.5418113098402224,1.7810258892954494e-11
GGTAGTACCGCAACAG-1,0.10470064029758569,2.684353832463928e-11,0.2654602753177044,4.4318535460671665e-11,0.30282787762365704,0.014644995214862741,0.21236621151943197,1.6034370049822508e-11
GGTAGTGCATGAAGTG-1,0.044443330096265554,0.018347616707828474,0.5191708773167708,2.0044728719357056e-11,0.2968788942500295,0.18052620752434903,1.1043811739815651e-10,1.2672169225302827e-11
GGTATGCAACAGTGGC-1,0.0021155129949338397,1.0775265100511428e-11,0.4652161062035071,1.2293373827974673e-11,0.3086912768130535,1.72367732285164e-11,0.42397710391305155,8.605102433832488e-12
GGTCACCGCATAACAA-1,0.15845341349491962,0.026277420570740895,0.3838460395031254,2.782531904741274e-10,0.18604292111888876,0.0469170730296698,0.09846313198057095,4.2014343014149414e-11
GGTCCTGCGAGTAGGT-1,0.23590790425836275,2.2901756072850726e-11,0.4692301712449585,2.2712497268214404e-11,0.436354281312531,0.01726172502083856,2.4030262155452856e-11,1.2672183783343808e-11
GGTCTACAGGCTACAA-1,0.0690343773514249,0.06781593014613511,0.23152707384676255,7.1770392827945966e-09,0.2529440110928897,0.03307487040639491,0.24560372994382507,5.238593815330974e-11
GGTCTGAAGGTTCGAA-1,0.31981450901314223,1.1744271205951825e-10,0.5119433924046739,2.8474397402889618e-11,0.06824209835675116,1.1800134307366045e-10,6.062790984424646e-11,1.4265237612051152e-11
GGTCTGAAGTATGTCA-1,0.08843419447538226,4.761204675065199e-11,0.42183859377115324,7.696014466347463e-11,0.20886552557466412,0.0254204029242381,0.15544128311576436,3.451448215739221e-11
GGTCTGAGATCCGCCA-1,0.005474832324329311,2.209645373582709e-11,0.15613716755188245,2.20964522208976e-11,0.19295998279359672,0.005599866733574503,0.5398281505815185,1.7462656529569137e-11
GGTCTGCGAACTGTAT-1,0.06718347182644689,1.1983369540134897e-11,0.4625567798600335,1.1427789104197373e-11,0.2165919708932899,0.03831447560172858,0.41535330175883506,8.604184391903918e-12
GGTCTGGTTGTAGAAC-1,3.285127486771752e-11,1.6449501545017074e-11,0.20769500626162515,1.485686062380524e-11,0.039669014402116794,0.16610967733226614,0.49481941105123517,1.2672108472424738e-11
GGTCTGTATCTTGTCG-1,0.10338633487337603,1.2542523209003756e-11,0.4663173098815975,1.623913113086435e-11,0.23292034336300807,1.3691227743163565e-11,0.3973760118116155,8.046942682945768e-12
GGTCTGTTCACTAATC-1,0.09246322257124524,0.0864243213678936,0.25832695700043296,0.043948583547053104,0.21988246658602414,0.05350674678835208,0.10253944769329888,0.04290825445719837
GGTCTTATAGGCTGGC-1,0.12078345194439385,2.410617456429642e-11,0.5323485920252186,2.658010322847503e-11,0.0883625429952424,3.3609734643576465e-11,0.15850541309218197,1.3799298375006663e-11
GGTCTTCCGCACATCC-1,0.045060986738235796,3.185238118828745e-10,0.2979157747057734,2.6205419522199926e-11,0.26881593169673085,9.228329795117643e-11,0.28820730700635705,1.2982456641302853e-11
GGTCTTCCGGCTGGAC-1,0.15184341327527515,4.363160489316321e-11,0.4485342568835738,1.6017402796772884e-11,0.20371382642985242,1.1863088603828274e-11,0.39590850330962896,8.09160550805212e-12
GGTCTTGAACCGGCCA-1,0.23279972197411594,2.596864405573138e-11,0.43910323468878937,2.4759388624541948e-11,0.17756823807581826,3.6759690633183236e-11,0.05052880519819296,1.8034724195713312e-11
GGTCTTGATTCAACCT-1,0.020737161803294244,0.08993605386828393,0.5187548413449807,0.01857272866210673,0.09279195956144617,0.08967321287148666,0.02114635053207554,0.0483876913677667
GGTCTTGCACGTTGCG-1,0.03819748874524484,1.7538347588917836e-11,0.1374784855669065,1.9356851423082355e-11,0.2070967423356321,2.442533788842587e-11,0.5172272833655446,1.4764257460480724e-11
GGTGATGGTACAATGG-1,0.017380036031587498,0.005047566364944376,0.45969824896441147,8.570324553675968e-11,0.26516172553400036,0.1356543906236259,0.017058032330722363,8.02280551461392e-11
GGTGCAATCAGACTTC-1,0.06609046569055117,0.064181305255539,0.4550699715150509,1.8472329705353383e-10,0.2221694794711276,3.1540077143699184e-08,0.0924887463370538,2.1555893086290553e-11
GGTGCACTCCGGTTCG-1,0.14541713801664158,1.113680949057776e-10,0.3672811466870924,0.04127495904111561,0.2038841977663011,0.04113134012456087,0.10101121821864377,5.102372680893734e-11
GGTGCAGGCACCGCGT-1,0.08473500992087317,2.6386895533108983e-11,0.43035827797292064,2.416599903906521e-11,0.21562876957042176,2.925079754104539e-11,0.46927794235582077,1.1093816036098152e-11
GGTGCAGTGGTCTTAT-1,0.19090193004583322,0.007865781762003272,0.41096100306123207,0.02966742587813769,0.18156075597934476,0.03026538167511116,0.04877772139515337,2.167037364113071e-10
GGTGCAGTTCCATATG-1,9.108327476439194e-11,1.2246514551049004e-10,0.17537679233427497,8.739734816982268e-11,0.04746371029927407,0.08009579585928932,0.5970637011926746,3.4240926744695307e-11
GGTGCATCCAGAACGG-1,0.10937472744169469,0.06021361186006002,0.5155651741333741,2.488667654682855e-11,0.19895176093725192,0.07769319186756081,2.0973911358636325e-11,1.2672152041715928e-11
GGTGGCTTATTGCGTG-1,0.047742020550133754,3.4148125642447145e-11,0.2843544908098692,2.0810693261100087e-11,0.3301634598737129,3.873095870427168e-11,0.23774002870311992,1.7249144494440118e-11
GGTGTCAAGCTGCACC-1,0.10810859983991272,0.07976342273621745,0.34405689074886814,1.388152991454425e-10,0.1964214019251128,0.0628542689699993,0.10879541552536034,1.3007893768957274e-10
GGTGTCACCAGCGAAC-1,0.05888611141793019,2.6127857101710065e-11,0.4764101210465955,1.888820254808042e-11,0.19103983329728844,0.012221095415263217,0.461442838712085,1.0316569756633635e-11
GGTGTCATACTATTAG-1,0.10264354322055842,0.055779280821810495,0.3172396598114946,0.017668785835935105,0.2651135066754677,0.05698977561274792,0.08456541149469783,3.653909333192323e-08
GGTTACAGCCGGCCGG-1,4.009125583831893e-11,8.670353888973354e-11,0.4420283001285182,8.584565303681529e-12,0.20717312551119832,0.18991105807338338,0.3608875161292942,6.927565904844295e-12
GGTTACCAGACAACAT-1,0.05710639842479689,1.8869406793728435e-11,0.2556094435934118,1.4521342707415643e-11,0.0893240640099454,2.297272342466013e-11,0.4979601157822226,1.2761875533954281e-11
GGTTAGACTCACTAGC-1,0.10082077185117441,0.03304892811317897,0.4081434646066909,0.033216378537526105,0.1859460969522884,0.03379361447778119,0.10503074541001162,6.671977835876014e-11
GGTTAGACTCGGAGGT-1,0.16103188722280257,3.2828230760766854e-11,0.43467815084145645,0.013207140794625307,0.2531546897220289,0.005577349687520145,0.032350781685945365,3.2913785258873566e-11
GGTTAGATGAGTCTAA-1,0.06240678585013852,3.0825487432332174e-11,0.2227423374346645,1.9203766054370024e-11,0.0925663975931265,0.11503208481817959,0.4072523951711529,1.2847506664564356e-11
GGTTAGTATGAGTGTC-1,0.06232174353918053,2.368844798045753e-11,0.4041530475652246,3.664729321838595e-11,0.12534505057711964,3.1265545470317467e-11,0.3081801582703078,1.6098997844488938e-11
GGTTAGTGCTCCTACT-1,0.20982965435274303,3.372168610463097e-11,0.32789273070048874,1.575124818099174e-11,0.1658011919351257,5.169809586882319e-11,0.49647642249529655,1.2285638784454555e-11
GGTTCACCGACTCACG-1,0.08234818453352771,6.198644526953587e-11,0.48227415076084823,1.3542668719016099e-11,0.13379945383645409,0.05385345524046531,0.44772475544179297,1.1248440223819426e-11
GGTTCATTCCGGCCTC-1,0.12637920801695643,4.398837530647814e-11,0.40077801608134506,1.128040645034692e-10,0.21316626923566925,0.018075340113054176,0.14160116638751227,3.0543219549008156e-11
GGTTCTATACCGCTTG-1,0.1489976895125437,3.442054820217013e-11,0.5268038029730536,1.5005436450074203e-11,0.3168610094999554,4.893524064256665e-11,4.874330101434966e-11,1.2676743672866853e-11
GGTTCTCGTGATGTGA-1,0.10515695952804617,2.7768617403413007e-11,0.5023855374642424,3.2310216591836185e-11,0.2912499435199067,0.0012075592548767909,1.8732659160990225e-10,1.964847920647714e-11
GGTTCTGGAGTCTACC-1,0.0981433998512721,0.11470255953763,0.3916275457666631,0.010130679849988264,0.12717695759729716,0.10652887745946935,0.05168997988199728,7.110647138733612e-11
GGTTGACCAAGACATG-1,0.059975579438628794,3.3062721013952935e-11,0.3405038065909156,2.8051654833601713e-11,0.1371181486257122,0.014520598282364822,0.3478818670030645,2.438714737170689e-11
GGTTGACCATTGCTGT-1,0.07116435147764241,0.027746550107740686,0.2725711795152083,0.07264207819883758,0.2786182770468798,0.0941804436647679,0.08307711992600048,7.807133369944147e-11
GGTTGATAAGTACCTG-1,0.10254402364042604,0.034558809405795476,0.45599248684036764,0.01968848456112573,0.17806835314914432,0.08533195473752712,0.023815887529598616,1.498876331622947e-10
GTAACACCGAGCGTTA-1,0.06287311427873983,0.036127176645086655,0.4310232365196153,4.3553271429325713e-11,0.1523405960661976,1.1164416313851945e-10,0.21763587634264206,2.214555414293937e-11
GTAACATAAGACCGTA-1,0.017349487455529975,0.0009271378946942232,0.18582076439729925,9.850523104927732e-11,0.21601904785603138,0.03615762093882854,0.4437259412905975,7.241716060577725e-11
GTAACATACACCTGTT-1,0.08583807496857819,0.08811404484716553,0.5422731092659145,4.5112568396723934e-11,0.10341993674917872,5.2972066671764144e-11,0.08035483410773933,1.6622992221533455e-11
GTAACATCTTATAATG-1,0.07327913351167034,0.07384876229466494,0.5145598628868383,1.891607340579798e-11,0.17406793721733194,0.0642443040917489,8.028496316400123e-11,1.4228939498758477e-11
GTAACCACAAGGCTGA-1,5.112839409328286e-11,7.488849945543503e-11,0.2570500027246824,3.5953781825214295e-11,0.12313729676756331,4.854027803325249e-11,0.519812700343958,1.5888051890333864e-11
GTAACCACCTACAACC-1,0.11129311669243899,3.017798148119106e-11,0.3425426939616044,3.4696209112267767e-11,0.19155855937533742,0.08829086997485372,0.16631475994946968,1.9096793244874278e-11
GTAAGTATTGCTATCG-1,0.2020992289438984,5.86849709280537e-11,0.48941479723635956,2.5604115729455554e-11,0.1817287232191655,1.725602493543497e-10,0.32675725008975626,1.2041710808632027e-11
GTAAGTTGCGGAGCGT-1,0.2543318761426753,2.5671509220381322e-11,0.4355473095892996,3.0241960806704413e-11,0.05460191933940609,7.246511284839953e-11,0.1555188948218896,1.8578298945936337e-11
GTAAGTTGCTGGTGGA-1,0.112188105438945,2.151394552140643e-11,0.5254376818732246,1.593664751625612e-11,0.29224454733360183,2.161240603862137e-11,0.004734073731405055,1.2672145645715084e-11
GTAATCACGCACAGCT-1,0.11362801126789253,0.08576732499761466,0.5017586582000574,0.026721467461503317,0.13497626484572461,1.214153901372327e-10,0.0371482731145836,2.166932964275362e-11
GTAATCTTGTCTAGTT-1,0.09517385739795407,4.396179072465152e-07,0.3917779239092365,2.408305302809804e-10,0.17047760239582402,4.3419071113830426e-07,0.24256974222279357,4.158569731099768e-11
GTAATGACGGTCTACG-1,0.06739631404175217,0.064431041078956,0.3833962108969426,0.018467625482759067,0.13014895790382489,0.019076980564001624,0.17033005807200438,0.04675281197118951
GTAATGATCACGTAAG-1,0.08136688119448805,2.7476914020088347e-10,0.3374783766814665,0.00691183785936907,0.2653049821462239,0.03359592390256615,0.1753419979338954,2.973877985444215e-11
GTACAACTCGGCAGAA-1,0.1712897399695227,0.0740165339009398,0.5182832952504228,2.805609831301167e-11,0.15342910363357357,0.04992329728690136,0.16685195163966116,1.2672177972690603e-11
GTACAGAACAGGACTC-1,0.2570269669487568,2.4500835506148886e-11,0.5091572365420688,2.580165903940302e-11,0.07732651838301333,4.289791787475077e-11,0.05648927833786161,1.3198005805886834e-11
GTACAGACCGTCGGCG-1,0.044214047134593266,0.1530918105266467,0.24389065129204085,0.04192771151715294,0.08078154713156244,0.07953362593892396,0.14579829757988685,0.11076230888925408
GTACAGATGACATCGC-1,0.10122620382568172,7.168727285800934e-11,0.31711796322377356,7.384570707322678e-11,0.21643731586222698,3.9848363590227064e-11,0.265218516902378,2.5623520551215092e-11
GTACAGCCGTTACAGA-1,0.09990716273797474,1.8854988690877276e-11,0.2234315913103165,1.5710134209504147e-11,0.07768250294171267,2.3503346905835074e-11,0.4989787433239438,1.3103277535094695e-11
GTACAGTATCGGAATT-1,0.33657274322763026,1.260149195998715e-11,0.4248838977911169,1.0540677499031982e-11,0.1055907375004426,1.2645385015445447e-11,0.33295262141574195,7.947480311852237e-12
GTACATAAGCTACGCC-1,0.054946577197889715,2.2683601559796674e-11,0.20950797162829599,1.894231730400904e-11,0.2139973826367266,5.7017814031615895e-11,0.4950518263040048,1.267215118810338e-11
GTACCTACAATACGAA-1,0.0726589770432705,0.005397572483752223,0.3014579541748369,0.04899204536703956,0.11498067530347872,1.200756344323241e-10,0.35651277548190646,4.349101674966018e-11
GTACCTGAAGTGAATG-1,0.14480169458853345,1.1349912882529985e-10,0.43001263415554514,2.665650531124142e-11,0.20776598832210802,1.1427147313545912e-10,0.11741968267712212,2.6571349319108717e-11
GTACCTGTCTTACTGT-1,0.09854231615035776,0.013212252676264332,0.4174702803035844,1.879364134766212e-11,0.2700557167059437,0.03292244008168739,0.3677969939818317,1.0748752779385876e-11
GTACCTTCATGTGCAA-1,1.6764019089391245e-10,1.8580225551061387e-11,0.2546917172520079,1.3897878122816367e-11,0.1444416368817179,0.34860939860566204,0.4522572469939127,1.034471782815802e-11
GTACGAAGATTATCCG-1,0.0796568641785273,0.2023574523071457,0.3244710868071918,0.055586400771639684,0.15287075438637038,0.02319968673359641,0.061857754946594436,1.3886148371011872e-11
GTACGAAGGATTATTG-1,0.10398490566717707,0.09014473732923761,0.5202224717008731,1.5094455478623132e-11,0.19147848976545168,4.63341274898989e-11,0.13906248346271985,1.2672163317579512e-11
GTACGAAGGCGTCTAT-1,0.09748737680673467,0.06534787538810939,0.3832842856533096,0.03813682770501505,0.21573404864320722,0.03873225753308284,0.06127732815916576,1.2531586235083314e-10
GTACGAATTCTACCAA-1,0.05169136417794851,2.0520915642842937e-11,0.38145373549409,1.4115314102534486e-11,0.11718445307256817,4.2016073287014743e-11,0.4991258551635839,1.2672160519888262e-11
GTACGACAGCTCCGGA-1,0.002478524575523254,0.028484233667809118,0.4584868742307259,5.821560147084922e-11,0.10530933471282133,0.0709098001237474,0.23433123260584227,4.3083723376015296e-11
GTACGATTAGTCTACA-1,0.1471182323452532,1.6602706278374165e-11,0.36233322408151686,1.614887774321013e-11,0.04567816190252668,1.9359051760188935e-11,0.4966205820961764,1.2672160090836037e-11
GTACGATTGCGATGGC-1,0.11934592463184937,0.11387242528139133,0.29739246553062443,0.022040219454598466,0.2556083826579128,0.06228808140435727,0.029452421187375174,7.98598554168728e-08
GTACGCCATAGATGGT-1,0.019834983052444893,2.2116153763460065e-11,0.29457700706269363,2.3788235708459177e-11,0.13057898418892938,2.7949426207162585e-11,0.45500902569436275,1.482843303959027e-11
GTACGCCTCGCTTCCA-1,0.04218456211120502,0.0383668176389198,0.2874494879059859,0.020235104466509467,0.1753345690502763,0.003222904547702626,0.33320655423323015,6.240399012676098e-11
GTACGCTCGCCAACAT-1,0.0795824132582167,0.1397650342307418,0.1807087513581772,0.16061404821924408,0.11578448524885832,0.04093783068267004,0.1304317139763795,0.05217572303651942
GTACGGTTAATGCAGG-1,1.1830499944848832e-10,0.07411766701343747,0.5612453145467873,1.2414201705760839e-11,0.26145622192018847,0.30318079576582435,1.7460421579968136e-11,1.2406852260104647e-11
GTACTACCGTTAGGTG-1,3.9136985220222624e-08,0.1136604268954802,0.5524884344187806,0.009500073153967462,0.15530632602833652,0.14935509814817047,0.21968960208014968,1.1514047725256824e-11
GTACTGCATAAGGTTA-1,0.23573408213303376,4.4372836260801756e-11,0.2109687407864698,0.022721819270024892,0.26150772967653213,1.733260925895523e-11,0.1690676281048503,1.7126258205966856e-11
GTACTTAACTTCAGCG-1,0.3330269647310428,0.11895799031814229,0.5548039526629303,0.1370988102265929,0.0561122814764977,3.4025465177248466e-11,5.547749906502734e-11,1.2347996230236387e-11
GTACTTACTTCATACC-1,0.14671882913412748,2.59258080740516e-10,0.23667071833696218,1.354992720139946e-10,0.18775391838263422,0.05118774717566122,0.27766878652329846,6.731539128041404e-11
GTACTTAGTTGCGAAT-1,0.0967959981898124,0.04204201456639454,0.5012490310893558,1.9589408989726877e-11,0.2760860439542178,0.012383417598708618,3.329566417049212e-11,1.267213690916694e-11
GTACTTCCATCTGGCA-1,0.0611962553324479,2.5942931230658262e-11,0.2469783458057743,2.219380921099586e-11,0.2011643807066634,2.593133229508009e-11,0.39066101822784266,1.3762505724696351e-11
GTACTTCTGATCCTCG-1,0.1575764348923755,2.2644473148719037e-11,0.4786561388030768,5.087606446076104e-11,0.12285639679865609,5.235126668039144e-11,0.4409110293314439,9.546458997886592e-12
GTACTTGGTTCGCTTA-1,0.10912642709001813,0.07297870001360737,0.21339841247456012,0.0003694661658643544,0.17687309832282755,0.05713307122478712,0.2697275742805441,0.0003932504367503953
GTACTTGTTATTCAAG-1,0.04596378191966425,1.5227746450946028e-11,0.2732590063326682,3.6685961707953636e-11,0.262994426559258,3.700515630693181e-11,0.3177827852816764,1.3594295284229242e-11
GTAGAAGGACATCATA-1,0.04219840822614659,5.374701316877927e-11,0.5237027053656523,3.2874293118784094e-11,0.21969583770955958,2.0332943752647225e-10,0.11440304843034452,1.860271574953551e-11
GTAGAAGTAAGCTGCG-1,0.06906219757977358,4.5456438012175127e-10,0.44478944803415343,1.4177014608013828e-11,0.15553392804542146,3.316385990882655e-11,0.2959993262141857,1.2672149378373027e-11
GTAGACCAGAATACTC-1,0.054297185613136865,1.863790364448649e-11,0.23913773461745785,1.863790262492481e-11,0.427360247245255,3.418208262025862e-11,0.47920483233618666,1.1301269003898533e-11
GTAGACCTGTCAACCA-1,0.36941730258450367,1.1889602667384014e-11,0.3880053455577263,1.0062231853789737e-11,0.07312726095535153,1.2421905481897487e-11,0.3694500908430892,7.36588398994554e-12
GTAGCAACGACCGTGG-1,0.15667227042404377,2.788362757298348e-11,0.4127437825322137,3.2087882314719263e-11,0.07361419534926197,3.465708907777243e-11,0.2569697516226606,1.8368220748617315e-11
GTAGCAGAACATGGTG-1,4.2750101737343853e-10,0.2287104276903027,0.5335465481323903,2.644399489744757e-11,0.05421108955378989,0.1302670110268231,0.2532649230783057,1.0277619645788814e-11
GTAGCAGAAGACTCTT-1,0.041668879698486094,2.2471857815843902e-11,0.12461394987118658,1.997097729635728e-11,0.2046520228449514,6.009615092853551e-11,0.5290651475345621,1.5623302752173994e-11
GTAGCAGAGCAATAGC-1,3.223220168181812e-10,4.458146442168606e-11,0.21263166904693095,4.458844501774194e-11,0.15687140567559973,3.2198386031261574e-11,0.5304969248752828,1.6231270131813377e-11
GTAGCATAGTTACAGG-1,0.09117460105994822,7.032769418054078e-11,0.3439545132362256,2.0103585949642643e-11,0.2887890451187427,0.08316291530155573,0.18075880560491678,1.2672155541821709e-11
GTAGCATCGAAGGTCT-1,1.2812323220669483e-10,6.975423469542945e-11,0.34349605675583444,1.1191702515553564e-10,0.14357237096006736,1.164922614359537e-10,0.4705336015199644,1.2672137753125723e-11
GTAGCCAGTGCGGTTG-1,0.09876225894402489,0.03129042676636107,0.34862344725023753,0.04231028350156487,0.2391769908718862,0.08046369136790335,0.03849376429238662,0.02087913701771104
GTAGCCGCACTCCATC-1,0.01841512587316834,2.030457036104031e-11,0.1607041904542787,2.0264728832833854e-11,0.19230202633505575,2.9110914120383744e-11,0.5285786573197423,1.559549848172223e-11
GTAGCGCCTGAACTCA-1,0.05847258268920525,2.755083742038514e-11,0.372367737372504,1.492975544338428e-11,0.22524243629974602,0.08870333321503003,0.45521391030977626,1.0486385676985171e-11
GTAGCGCTAGATCCGT-1,0.036065897996371325,0.030326614864522084,0.5450562581963384,1.178956693786998e-10,0.21756190045370313,0.07098155620380067,7.772149000937639e-06,4.135119065855529e-11
GTAGCGCTCATCAGGT-1,0.3094677605302707,1.3095693271426445e-11,0.4441857532230216,1.3085292154668764e-11,0.024926817552167687,1.0656902123901782e-11,0.4214196686229409,8.543174123744372e-12
GTAGGAGCAACAGGCA-1,2.174793256240824e-11,5.128319664108489e-11,0.4175333727279688,2.5971746010855946e-11,0.18722772805914012,1.1575404693956047e-09,0.31851087952958695,1.2757373378033604e-11
GTAGGTGATAATTCAC-1,0.07222745693622278,8.168949091926976e-11,0.4930314294396199,0.05833996449922391,0.1604050792436415,0.0035411242079169455,0.11245494560745026,1.9735598054507305e-11
GTAGTCCAGCGGACAT-1,0.0481664046375396,2.0042713710477912e-11,0.297785298114667,4.792335343862311e-11,0.3461106708296043,3.078904390622346e-11,0.5000382827430205,1.2672250186214085e-11
GTAGTCCATTGTTCGT-1,5.76653590500973e-11,0.02505549970045245,0.491750047668965,1.4499876503333e-11,0.1961405636137595,0.162677467673613,0.157736061678501,1.2672163837475142e-11
GTAGTGACATTACGAC-1,0.2954737312137666,2.6343763187729122e-11,0.35087905016877696,3.991812018999946e-11,0.09266884542590195,1.9942096170733445e-11,0.46097837303392525,1.0490742519011615e-11
GTAGTTGTTCATGTAG-1,0.0026076127372413223,2.325869620294587e-11,0.247306365130372,4.662349655156806e-11,0.10337860948590909,2.8767446230409538e-11,0.5467074125694882,1.861920160970566e-11
GTATACATTGGCTCAG-1,1.7419521117939706e-10,6.51386183784947e-11,0.3655137383290774,2.8909849102009636e-11,0.27048087897859147,4.646101237674903e-11,0.49674067475965045,1.2672181428642465e-11
GTATACGATACCTTGT-1,0.15037440203143831,2.1181537622547787e-11,0.30210903417691004,2.899860971572575e-11,0.043602548183855686,3.662390873337314e-11,0.4976759017155703,1.2672149311037371e-11
GTATACGGTACACGCA-1,0.12175430208597023,2.9339052397254544e-11,0.3537692470045297,1.352455183240531e-11,2.5052196501385987e-10,0.07091257944622419,0.4966184474271916,1.267216382566295e-11
GTATCTACAGATCTCC-1,0.14652039676389217,1.8191726732727332e-11,0.46768875625819967,2.0834667442629987e-11,0.12296050036768985,2.7008601602626e-11,0.46283034646388477,1.07202582416863e-11
GTATCTAGCTACCAGC-1,0.004959216927569993,2.8866593636145283e-11,0.27298189640981496,7.366830870586883e-11,0.42791899690236185,0.0009036974692777563,0.19323619216940185,1.7963257819283023e-11
GTATCTGTCAACGGTG-1,0.39394171557628466,1.0556655626855523e-10,0.485416408178892,1.995520106332157e-11,0.04429321105910905,1.9955198766471328e-11,0.27634866497365074,1.0357804040318569e-11
GTATCTGTGGCGTCTA-1,2.045284976184323e-10,1.129052664666093e-11,0.37485155183018876,9.683927269145841e-12,0.4008160896204463,1.3283908601530587e-11,0.42433235827591015,8.532769082946063e-12
GTATCTGTGGTCCAGC-1,0.06685407817923233,0.03148032997054348,0.21554361595698351,0.04670060452189315,0.23683138218513305,0.04706130945427619,0.17235393953256553,0.08317474020998254
GTATGACATAAGACGG-1,0.35502351193903653,2.6468391495789747e-11,0.5244493629855821,1.3679450725394155e-11,0.05303922009765043,6.717237804393017e-11,0.01799801346490515,1.2672141773154017e-11
GTATGATAGTATGGAT-1,0.06118870188352678,0.05934346944070299,0.407144153078745,7.314208268447796e-11,0.1957582752773118,0.08342040318423467,0.09314499707151364,2.1561222428521455e-11
GTATGCCTATCTTGCG-1,0.10986466799445965,1.889004971578223e-11,0.2313875947026108,6.588571712840882e-11,0.24657910664450036,3.587065909812337e-11,0.368077776278955,1.26761597170787e-11
GTATGCCTTACTCCAC-1,2.7404793423591373e-10,1.5388936634014285e-11,0.40702597602844803,1.4362065972969838e-11,0.14464651405809228,2.4034728962476195e-11,0.4933441733585835,1.2672159663789053e-11
GTATGCGGTATCATGA-1,0.061639183692891605,3.7178060819601686e-11,0.33729217697720865,0.030277059920745496,0.2197723546478674,0.0019114903425792573,0.24910773442239184,1.6785189442106617e-11
GTATGTAGCAGGCATA-1,0.11385641481297767,0.09299548895722859,0.5043122847853639,1.5038022150990935e-06,0.10646462811458471,0.03224112437542444,0.05012855512029312,4.184360138064617e-11
GTATGTAGCTCACCTT-1,0.0645311110303306,2.2191135878873086e-11,0.46156196372720815,3.4353022076977934e-11,0.21819648313042944,4.804421472756334e-11,0.15571044203333081,1.78482045336681e-11
GTATGTGCAAGCCGGA-1,0.3885451361960095,1.0747336410495515e-11,0.495101465779833,2.4722380371771515e-11,0.17262631894132524,1.720282428140155e-11,0.143727079001905,7.820154516507398e-12
GTATGTTAGACTGCCT-1,0.1734175065429159,0.05435325711293908,0.12978457097351564,0.029779235038952162,0.36468298486467027,0.06754819295812173,0.08043425229663552,2.2569992326708198e-10
GTATGTTAGTTCTACC-1,1.91800854829927e-10,2.049748652589816e-11,0.3999287036416056,1.9561125494694103e-11,0.09798412316547403,2.7061648352245483e-11,0.40208717302143154,1.44721114323264e-11
GTATGTTCTGGATCGC-1,0.16950020639366312,2.0325944220247547e-11,0.40654736703417227,1.3048688834042943e-11,0.1805659357885319,2.223358823539473e-11,0.4433864906814786,9.417571695675289e-12
GTATTACGGCCATTAT-1,0.10130233022940134,0.03490635238818525,0.5648008641834801,7.396280882812695e-11,0.19899045304882373,4.739208394950095e-11,3.6347926239280385e-11,2.219012258312119e-11
GTATTACGGTATTGAG-1,0.101994277327034,1.60294471695912e-11,0.4421843955815869,5.27415421539382e-11,0.15432310526563411,0.10277008254149665,0.3987281391508533,1.0274899273535986e-11
GTATTAGATTGAGGTC-1,0.012244082649193076,1.5281222617182117e-11,0.3714384728581009,1.5316892331350195e-11,0.26390892034699476,0.27195117362369375,0.280457350476547,5.50113843333285e-12
GTATTATGAGTTAGCG-1,0.06142498450031191,3.671023076514885e-11,0.4662431057384837,3.153946460886638e-11,0.20819583509815623,8.772865047099421e-11,0.16413607453396153,1.770652479443162e-11
GTATTCCAAGTTACCT-1,0.17019804490158338,4.726651998524164e-11,0.5277379814797848,6.525267454767777e-11,0.09179088711346785,0.006147092083591918,0.10412599435969878,1.5666235695202744e-11
GTATTCCGCTCGGATG-1,0.003606425489132622,1.8981639492482907e-11,0.3404918382603019,1.6260429090278556e-11,0.120287098822883,3.223308146397379e-11,0.49764648510298126,1.2672148439752988e-11
GTATTCGTGACTTGAT-1,0.06070889561707841,1.1232057571461173e-10,0.5772786731849318,4.416761376448177e-11,0.241394385519822,0.006041388710134413,0.014576656814825017,2.385032531649851e-11
GTCAACAGACGCACGT-1,0.10855412430164625,0.06731587829730021,0.15975566713528236,4.370621381244641e-11,5.856830398603821e-11,1.4064897464068226e-10,0.5643743300317304,2.16934477953937e-11
GTCAACAGCATAGATT-1,0.20852730354984983,0.011836649556780019,0.5768821866566883,2.7285892275729384e-11,0.10275386015307435,2.7825947446809688e-11,4.5070073840993355e-11,1.9576048739716233e-11
GTCAACAGCGCACCGA-1,0.1833702137671571,2.1546589932932663e-11,0.49271687793028834,3.5927926786129193e-11,0.10681303997134119,2.6940522164360003e-11,0.3768406505065032,1.2672185179299755e-11
GTCAACAGTTAAGTGA-1,0.45392946273695,0.055785879275133766,0.4898115750943268,3.276082203556972e-11,0.11306251226006984,2.674367316136939e-11,0.08741057049249183,1.0746998157965829e-11
GTCAACATAAGATAGA-1,0.09658146086731186,0.03341705940209788,0.2736342469935176,0.03313498580080086,0.3289136022627118,0.06439265468828695,0.06200239075355839,0.007923599244159404
GTCAACCTGACGATAG-1,0.2558676664355971,6.20311798960682e-11,0.5000510336012602,1.875910922890147e-11,0.08645455621146625,9.726458648923218e-11,0.057626744232536296,1.2916017985875795e-11
GTCAACTCAACTGTTA-1,0.10463317886548283,1.6423657208582914e-11,0.43933981905004044,2.277859951385806e-11,0.1923173212505741,2.2942125092543086e-11,0.40233610938233716,1.2715126832710651e-11
GTCACCAAGAGCGGTG-1,0.07334405144927061,2.5059352290329644e-11,0.33471525049627926,1.8574696806792204e-11,0.1101859356453066,2.1988733550884302e-11,0.4987842703736212,1.2672152503907903e-11
GTCACTAAGAGGAATA-1,9.084632441583887e-11,2.5621039432717304e-11,0.48385107204431804,2.0380768069536023e-11,0.1090606025539495,2.3589385316832993e-11,0.4982536858515907,1.2672172398894053e-11
GTCACTAAGCCAGCGG-1,0.11957402975638527,1.453701763485865e-11,0.5034099678977425,2.008205970918674e-11,0.2439492051077477,0.02778591734924848,0.30528087966867773,1.1810593916570308e-11
GTCACTACTCGCGGAG-1,0.07462565800644447,0.07399995441910479,0.20415444607481317,1.7160336540844742e-10,0.2370452603400948,0.010130328929267027,0.30004435201425367,6.042696373790622e-11
GTCACTACTTAATGGA-1,0.2122701063195461,6.267500704903723e-11,0.33665670513005924,1.6927179367614128e-11,0.15432398341855566,4.171869491104439e-11,0.4965594846653708,1.2707337973764056e-11
GTCACTGAATCTCACC-1,0.1436779311726504,0.022586741454501257,0.5185027938026084,2.241162775429666e-11,0.11731033087444577,2.6776337207009686e-11,0.09792220278831346,1.3796439272866217e-11
GTCACTTATCCAAGAC-1,0.09065101230678349,0.0025167936134549407,0.2768227684146665,1.777226292859169e-10,0.294887735348352,0.053253865679986384,0.18186782437658885,9.678430521962121e-11
GTCACTTATGAATGCG-1,0.06922040979900046,2.149817507007762e-11,0.49709833870841086,1.9594109957256568e-11,0.08876170139360055,2.497660133011749e-11,0.4960605054649002,1.2672179816536625e-11
GTCACTTATGTCGTAT-1,0.23343690384914895,4.1795809318115263e-11,0.4463659607855156,1.6020939207308127e-11,0.059728344482487164,2.1775322270852048e-11,0.3352527275378536,1.2672170067035252e-11
GTCACTTCTGGAGCGG-1,0.047512606904757414,0.1333586964730774,0.32458670824597263,0.07417105974423711,0.22393677644476215,0.048791376150653654,0.047642776000005514,5.328810240517605e-11
GTCAGCCAACATCACG-1,0.11483220340491593,0.11245615000598627,0.19694021401041703,0.03870336763125108,0.2313169743774278,0.04517330327437068,0.1605777806245937,6.683804852301902e-09
GTCAGCCTCCGAACCT-1,0.0956791169834611,3.8714443299563485e-11,0.3663826270051544,2.5656298854879234e-11,0.07736331008307233,4.242599257607881e-11,0.36057494583716143,1.9742094960832793e-11
GTCAGCGATGTAATTG-1,0.010222782389321703,4.450322881716038e-11,0.4962626123432681,0.2943318711379999,0.13134379417912423,0.019040094272915028,0.24879884561414542,6.2843771439327254e-12
GTCAGCGATTGATTCA-1,0.08557823387504747,8.097101690851955e-11,0.2391533842340559,1.0075908398637942e-10,0.2937575538173803,1.3651936213701233e-10,0.2815108277366133,3.7912451999582657e-11
GTCAGCTCAATCAAGG-1,0.066331353933391,2.236006022619437e-11,0.5173745863003149,0.3768388493916635,0.05671501173549264,1.1365773862169052e-11,0.18274019857696244,7.846088261330131e-12
GTCAGGATCAACCAAC-1,9.360180287329924e-09,2.1002115796982308e-11,0.30150211519459036,2.1006190277016943e-11,0.17129511072341758,0.0920200564854664,0.5018483373766782,1.2672170376807619e-11
GTCAGGTACGTGGCAT-1,0.052735040662075905,0.01708667266800769,0.2045028044121626,5.562831913268122e-10,0.16817263261255766,0.059455546890373516,0.398047302079321,1.338051294544082e-10
GTCAGTAATCCAATTA-1,0.11971137045191783,0.05236542273491756,0.34204362017034157,2.1988771999576724e-11,0.04316441500672262,4.9016741827381e-11,0.4943178289100792,1.2672165788444154e-11
GTCAGTAGGTGACCGG-1,0.27711811369941847,0.09612258014222443,0.42227302529634375,1.57990799929769e-11,0.018438927511502768,2.8259296211181972e-11,0.38604735327980505,7.52153085831058e-12
GTCAGTGAGGATCGTT-1,0.0997863916753758,0.07134496616392806,0.5747830129058213,0.0019090960334652543,0.12070294172759707,0.006563708844783418,0.024909882625281668,4.0696524614094604e-11
GTCAGTGCAGCGTTGT-1,0.056415394342364464,0.07238613451283545,0.29552432010709967,0.05371812331402037,0.1903813025039522,1.383020785778995e-10,0.23157472505947505,3.970815871071218e-11
GTCAGTGCCAGAATAA-1,0.1773146239409647,7.125821575238366e-11,0.41602863082580804,4.2565717921359795e-11,0.19755525337896665,5.337599325608357e-11,0.10910149169695624,2.138565417796026e-11
GTCAGTTCTGCCTGGA-1,0.1309759336641509,0.012431813319980466,0.3805910620298315,6.445253993161477e-11,0.2312993908628018,0.03898018838283986,0.10572161167677395,2.5213955446987308e-11
GTCATCACGTGGTTCA-1,0.06626384480661625,0.02164237646527978,0.40165771981692505,5.0595330778986476e-11,0.28393268753202006,1.6605816103022398e-09,0.1265033696528715,3.507842887305708e-11
GTCATCACTATTGTGC-1,0.26793427190201136,1.4659334994304256e-11,0.4562095169367635,1.2261721513977485e-11,0.01774427901010804,1.8137709823563756e-11,0.4581119320444801,1.0166442567090759e-11
GTCATCAGTAGACCAG-1,0.08213402107337554,3.0326806752722484e-11,0.24876975252056072,2.010516752804781e-11,0.11898644254026473,1.811691833994417e-11,0.45010978402790724,1.3366318650341685e-11
GTCCAGCACGTTCAGA-1,0.013239310066127986,0.19715801587944248,0.21445799471514781,0.05595259059905482,0.017123649075801516,5.924365501765611e-11,0.4020684395673784,5.432922138292149e-11
GTCCATCTATACAAGG-1,0.0406337828627857,1.9014430913875505e-11,0.4763745882343948,2.262001008165029e-11,0.22267205182795563,1.8909689506003813e-11,0.46031957694677544,1.0367925706597295e-11
GTCCGACAGCCGCATT-1,0.09099693533862636,0.052093178689276674,0.4827806104658519,1.2692996144645695e-11,0.2597328855050176,3.829263454998762e-11,0.026660972933913167,1.2672116585385095e-11
GTCCGTACGGATGCTC-1,0.16774004678684243,2.161679635199762e-11,0.43917126630838554,2.3859930458004587e-11,0.12266071856208867,2.6680514467726723e-11,0.39235754803397505,1.2672176761096154e-11
GTCCTCCGGATTATAC-1,0.10477604430936964,0.03698312630095495,0.24912162584340541,0.030092370088897622,0.36267675673428645,0.037342113564405824,0.07900796307908292,9.361362316451845e-11
GTCCTGCTTACGGCTG-1,1.0851880408917504e-11,0.2329078760351812,0.3849614323686644,1.4721908797269986e-11,0.3818738225068286,0.047601851673817704,0.1526550173659478,7.179062372200059e-12
GTCCTTATACATTACG-1,2.914040363270152e-10,2.3515157591130824e-11,0.22345491544622004,2.0863959511229863e-11,0.17026793041970453,2.6874991595808035e-11,0.5062771538616402,1.4418362597869046e-11
GTCCTTCATCAGATCA-1,0.1806435468153353,1.7954415013832214e-11,0.45668915075764077,4.7920072107610166e-11,0.038701292205785436,2.268355954024811e-11,0.25769547472331017,1.2672144876022645e-11
GTCCTTCATGGATTAG-1,1.7174219085217357e-10,0.017714523683964,0.1062770026535539,0.07081157022047975,0.1396298579657624,5.184757582158353e-11,0.5655670452630849,2.087537555674426e-11
GTCCTTCGGAACCTGC-1,0.07362837995933234,0.009423995501741406,0.28108964502614364,0.022673105272298013,0.29270088007609874,0.04279688188402742,0.17768711221105227,8.421133798307045e-11
GTCGAGAACTAGACGA-1,0.21776097259017688,0.37164930029744353,0.4355993805512649,9.312008790237318e-12,0.17499034644562156,1.6870905060211628e-11,6.351923332798137e-11,7.489689362031557e-12
GTCGAGACTGCCTAAG-1,0.20861496395876997,1.6343641313507133e-11,0.43527831369635955,1.435340041065806e-11,0.14266127639019935,1.1386956607191127e-11,0.41344544587646154,8.67030622121745e-12
GTCGAGTGATTACTGT-1,0.32374522597528055,1.09924691329294e-11,0.35817338259978265,8.909802791670576e-12,0.173780917450274,8.716869190518609e-12,0.3443004739262976,6.4670908299612756e-12
GTCGAGTGCTCCTTCG-1,4.897629922039099e-11,3.3658200647424764e-11,0.46099890113247743,3.816342785014588e-11,0.29543026982832904,0.1435708287291444,2.48734470378094e-10,1.5270546511465555e-11
GTCGCAACGAGCTGAC-1,7.030700681670714e-11,2.6140330605345554e-11,0.2264577174972094,0.08343795174737226,0.1826578249888379,2.1928622862521686e-11,0.49073524850656053,1.2701843234271899e-11
GTCGCACGCAGCCTGC-1,2.926717243095969e-11,8.45749165904358e-11,0.383905454314039,0.10404003493246229,0.11410781512578683,0.059549795711032784,0.4978859646483088,1.2672184143928949e-11
GTCGCAGATTACTGCA-1,0.1347115937189416,0.08944665239517863,0.09319696702582068,3.9378378150545067e-11,0.12040328646863921,4.626654525135593e-10,0.46224149988630375,2.702727662778631e-11
GTCGCATGCGGTAGAT-1,0.21781117823548235,2.443667054110415e-11,0.3864548071117478,0.1637457613922369,0.05824763289130746,2.116851749322462e-11,0.324054082997391,1.2672182401606061e-11
GTCGCATTACCAGGCA-1,0.3097699442279009,2.6289631079688067e-11,0.43292651905854823,1.107658829573516e-11,0.029947882758892742,1.9570042978332594e-11,0.4273556538606455,8.754914499302867e-12
GTCGCTAAGTGAGGTT-1,0.07757379766623453,0.06925245885285285,0.4700558871131128,1.512407040203788e-11,0.2243611636034832,2.8685470362953426e-11,0.35875669265524274,1.030128514338795e-11
GTCGGCCGTTGTGAAT-1,0.056121062746280405,3.099794570218953e-11,0.47670408148476184,1.2684892269099103e-11,0.31063980300044436,1.4978161204044107e-11,0.05783501458820486,1.2663411693187819e-11
GTCGGCCTCCGGCATC-1,0.006463058893023256,0.007274601243092738,0.2398815799317654,7.238462993971865e-11,0.11873735198031049,8.739911680974443e-11,0.5276434078567209,1.506184971356738e-11
GTCGGCCTCGGTTCAT-1,0.20958555294916953,1.6763655625522043e-11,0.32183940121760274,2.570559275288976e-11,0.12492745640872206,2.2414171399490845e-11,0.4989189102163163,1.2672183305993386e-11
GTCTAAGATCGGACTA-1,0.12794105713234014,2.285920533489264e-11,0.45983671910448115,1.6002157202501796e-11,0.12185946590328767,2.4448985715286113e-11,0.1903627581145602,1.3176499533317386e-11
GTCTAATACGGCTAAG-1,0.40984557720019243,3.688297685471729e-11,0.5088166175573767,3.694900132310667e-11,0.06989882512832064,4.957711600375867e-11,3.212785238357037e-11,1.2690352722989699e-11
GTCTAGCATGGTACGT-1,0.20723499265816986,2.5476707866712703e-11,0.5550388642865653,2.0176402169053017e-10,0.06941435262416784,2.3124327283013147e-10,0.06831178997308365,2.5108564536516792e-11
GTCTAGCGTTGTGACC-1,0.02347645274671963,3.002030000199098e-11,0.28259164259025416,5.160151207421165e-11,0.07598897733477154,3.002029696043784e-11,0.5179429272947634,1.4675821206047517e-11
GTCTAGGACAGGATAA-1,0.18383993303897558,2.1716731067339388e-11,0.4760545890239309,1.5281582217054228e-11,0.09744031859223436,2.3983196496961182e-11,0.4426651592217592,1.0190833819062405e-11
GTCTAGTCTAGCGACG-1,0.10779119885442145,3.0159574292091693e-11,0.4112897708263605,3.72445735020797e-11,0.22125128814891515,4.909216819622393e-11,0.15966774206213594,2.1813096683889644e-11
GTCTATAGAATCGAGC-1,2.9055169415046007e-10,2.4633766437475882e-11,0.30412280828399313,3.019147666761476e-11,0.07716254551161841,9.545530255527563e-11,0.518714645846914,1.4556445344256424e-11
GTCTATCAATGGATTA-1,0.015110592766903212,0.013347501302760837,0.3265732091081762,1.9946438295655436e-11,0.06707767956621925,7.93159522893779e-11,0.4778910172047723,1.580690777141243e-11
GTCTATCAGTACTAAT-1,0.10857781042592125,0.03759505448133756,0.4264249235204316,0.10725071764102595,0.0662554514298654,0.016513107953454117,0.1373829345581048,2.1250628089093845e-11
GTCTATGTTAATAGAA-1,0.06423465451527062,0.05291139066237974,0.4795187550606528,0.039411147266343864,0.07559514719702659,0.12306210589784122,0.06526679935762356,5.892121896030459e-11
GTCTATTAAGCACTTA-1,0.12462407403830844,0.08733041891872989,0.4457320870675713,4.2781483701569666e-05,0.22770049800564593,2.185608050519637e-09,0.014570138162158578,1.0085571112896641e-10
GTCTATTGCGAGTTAC-1,8.999674938240401e-05,9.476301235702614e-12,0.4724475439856032,9.469060429200646e-12,0.2887254783988592,2.8499261834044672e-11,0.4387369808750601,9.409788074713257e-12
GTCTCATGACTAGTTG-1,0.14173272603064369,4.792044986186447e-11,0.3213726705444044,1.6263387175182457e-11,0.35908211913412774,2.2683624600869934e-11,0.20639849796897822,1.2672159614713255e-11
GTCTGATAGATTATAA-1,0.23791672156432245,1.1152610772267739e-11,0.4408964966373125,1.594872810027096e-11,0.09154701799160886,1.4004253959777971e-11,0.42963976372654133,8.918265440080979e-12
GTCTGATATCTGAATT-1,0.23056376386912006,1.5802277319442343e-11,0.3772419331695449,2.0381110468159533e-11,0.018517113243487454,2.6532192074454355e-11,0.49154968253588494,1.2672177717689587e-11
GTCTGCTCAACACCAA-1,7.272214585501925e-11,2.0380955388946373e-11,0.20118147137583506,1.4499815264040761e-11,0.2179584304928832,2.5567971047653714e-11,0.4962709946622097,1.267212134790508e-11
GTCTGTGGATCTGACG-1,0.09616025992748196,0.07197655523426667,0.4449122366021935,0.02832684920164008,0.1746703775943287,0.03750217292882567,0.04030672850291559,0.006144820025166847
GTCTTCGGTAGCTACA-1,0.18269044881936208,9.469504615747502e-12,0.373384124086876,1.0916212478069278e-11,0.3202245242699678,8.418347981672196e-12,0.32370090277667984,6.195979286609553e-12
GTCTTGAACAATTACA-1,0.06856816514664878,1.4386368910453103e-11,0.4445214738154829,1.2048305048629299e-11,0.24578548039546094,1.5006343511626768e-11,0.4411248805561626,9.336418086381544e-12
GTCTTGAAGATTCATG-1,0.15567823856405802,0.08377492503967061,0.3915916121456352,0.02033579372242078,0.14552484322648745,0.10309458711587402,1.6759818579556805e-10,3.746704982406775e-11
GTCTTGACAATAGCAA-1,0.22251892779867713,2.5716007312510146e-11,0.5114439095580873,3.55615477877523e-11,0.21482788579653903,5.365385820864396e-11,0.1874326788419922,1.2672179396605927e-11
GTCTTGACCGGAGGCC-1,0.08212408611291595,3.872175120305726e-11,0.23799514301843896,3.435491034388839e-11,0.09530575973164872,2.0803879547830855e-11,0.4959228396136439,1.2672113932453916e-11
GTCTTGACTTGCTCTG-1,8.611148379477771e-11,2.6232897932117347e-11,0.2951437066388778,2.2119923427868592e-11,0.08326316520511501,3.990687749153041e-11,0.5215931280327306,1.564601073008936e-11
GTCTTGATTGCCACCT-1,0.0026689298398840915,4.89216778344847e-11,0.2885442995023631,1.5055602596429874e-11,0.10418342779535678,3.049705262358078e-11,0.5046033428833184,1.4041038718345024e-11
GTCTTGCGATGAATGC-1,0.2542043573073413,6.521047741032962e-11,0.5176141202225595,3.4090577780577566e-11,0.12818108387951743,1.7305813559340767e-10,4.383585651789707e-07,1.7445896700301225e-11
GTCTTGCGGCGATTCA-1,0.05194324373248038,2.984697581483817e-11,0.2593612135988142,1.82812455378295e-11,0.049226314782896005,0.015969486195036464,0.5234997416928912,1.5677880580238722e-11
GTCTTGCTCAGATTAC-1,0.0605897645989218,5.881278604413791e-11,0.2605758144831091,6.839631397307152e-11,0.13349114087846364,0.10086240908336098,0.34448087081930917,3.1170088381167314e-11
GTCTTGCTGGACGATA-1,0.20445315133074277,0.1318404708858103,0.472085474192663,2.2867137798061983e-11,0.0404607501801531,1.4288398686793977e-10,0.05116015326005961,1.9856133665093415e-11
GTCTTGCTTGATCCAC-1,0.11969030060095567,6.650326303094897e-11,0.27135362034396737,3.966542513045054e-11,0.22051356945864947,0.05392758323134543,0.23451492626429207,2.274388567786914e-11
GTCTTGTATTGTAGAT-1,0.24843973401622396,1.3104309445376645e-11,0.4534931791684381,1.9507766203011043e-11,0.07815681979260936,9.74989103113839e-11,0.41991026685829513,8.526390082241313e-12
GTGAACATTCAACGAT-1,0.0874866473024125,0.05814153121582947,0.5520424087248655,1.7734396868710041e-10,0.1660751743116883,4.5096250591597117e-11,0.03625423826860362,1.5942091993253093e-11
GTGAACTCGTGGTATC-1,0.056539236982598676,0.02730973276499185,0.3571879754196813,9.301940250819108e-11,0.25473033051754146,0.041092127970502934,0.16314059617551843,9.106642145695246e-11
GTGAACTGAGTTCGGC-1,0.06395663887849154,6.220549548644737e-11,0.4335500406719283,6.48607820244322e-11,0.2082761762955234,5.2160185242736203e-11,0.49421714364938896,1.21803938386057e-11
GTGAAGATGAGTGCCT-1,0.2830491843690566,1.256428881905713e-11,0.4336527350032144,1.989727933560831e-11,0.055796543266857776,1.9897273083422276e-11,0.42750153724571616,8.882561658528772e-12
GTGAAGTATTGGTCAC-1,0.019120613914962167,0.02156251017186524,0.6000743241499468,0.01774975007338737,0.023681102571272594,0.15635921506363995,0.01766496941157407,0.043787514654921
GTGAAGTGATCGTGCT-1,0.04101273014628303,2.031477718926018e-11,0.48300490209515434,2.2413016777817433e-11,0.11637681232010638,2.5840527244755543e-11,0.49123392702031715,1.2672176996545206e-11
GTGACAAGATGCTCAT-1,0.35114190905785825,2.5391348193617835e-11,0.38310755498117033,9.528820084146275e-12,0.1099971912733877,4.1049724653036004e-10,0.35575334422110705,6.853214506106957e-12
GTGACAATTGCGATAA-1,0.00029764130796762045,1.4416839448071257e-11,0.3312598588088217,2.900843103629448e-11,0.09684347218989278,2.271947293945317e-11,0.49682304435853525,1.2672142637355821e-11
GTGACATACAGGTCCT-1,0.06407083504741945,1.763923982780883e-10,0.3592216654609734,0.02817257459548045,0.07732947020786096,0.08728611845222965,0.2839193360114125,6.402374326719991e-11
GTGACATAGTTAGCTG-1,0.003851408741671259,7.848596116224501e-11,0.517787599241372,1.7274194507525673e-11,0.14307845369267097,0.04521210514186918,0.49007043279073353,1.213033650765509e-11
GTGACATATGCTAGAT-1,0.17719885253818063,0.02964957982176144,0.5244121158977475,1.764754991095342e-11,0.16873945174005175,5.037896939247797e-11,5.6750969173695387e-11,1.3969294087393568e-11
GTGACATGCAATTAAT-1,0.2118073368770178,9.62583462096103e-12,0.3924745116106592,0.13909163189063117,0.2160911604933363,0.004610424307369733,0.2359249347988331,4.794120541129321e-12
GTGACATGTACCACCT-1,0.04774347783552941,4.454070118158692e-11,0.15690962310561918,3.568372112201327e-11,0.12866202118600337,8.845407466273127e-11,0.5666848777100393,2.235048089111154e-11
GTGACCGGAGTCATAC-1,0.029247521204404846,3.151718430837297e-11,0.461083806814992,4.572116882708577e-11,0.18875290871750325,1.3329375508104503e-10,0.22091576308165603,1.7446228912971284e-11
GTGACCGTGGATTAGC-1,1.1612415929951785e-11,0.323129425515003,0.49501139823166324,0.3208788247371942,0.06098035145612964,1.3057585996843318e-11,1.6349142437938765e-11,6.333171324532443e-12
GTGACTATGGCATGGA-1,5.355038858770715e-11,0.03530581224728634,0.5138278834451466,7.413073972235354e-11,0.24583410981586365,1.929577518442625e-11,0.40503219409833296,1.2019384350488763e-11
GTGACTGTCCTGGTAT-1,0.15305918115528416,0.03809265181665752,0.23429526402956471,0.049206647963198076,0.22750580047965327,1.2922424231844866e-10,0.19784045438923226,5.381095892299076e-11
GTGACTTCAACATCCG-1,0.32139150737778194,1.273622756060845e-11,0.4645447577104977,2.5830306611230598e-11,0.07238683970981392,8.451792470779591e-12,0.3416768951359301,6.324311680298149e-12
GTGACTTCCTCACGAC-1,0.15086094848603684,0.13534912807204094,0.36038346511901215,4.430328729357186e-11,0.1028430803924268,0.008032756474499022,0.1425306214101353,2.6110895947986703e-11
GTGAGCACCAGCATCC-1,0.15656564556060956,2.5167982279215243e-11,0.2769592366599826,2.2682526637966243e-11,0.26484689027191,2.8366288182029163e-11,0.4984726644640961,1.2671702740506334e-11
GTGAGGATCTCAGCCT-1,0.04002725592926618,0.004815161724683853,0.3333201824794641,0.05686745403903654,0.21415517685401955,0.05289749456186819,0.1979172744003162,3.226336273094933e-11
GTGAGGCATTCGGTGG-1,0.0332934937564144,0.0068526325390992834,0.17336186351955912,3.460308521819066e-11,0.36673264025049285,6.467499738051492e-11,0.3197593698381681,2.393400763602939e-11
GTGATCTACGAGATCC-1,0.09884657734515005,1.589752044957766e-11,0.5127483394373166,1.890227946539496e-11,0.10884557790173002,1.8911829966512703e-11,0.47955950510714057,1.1642365063411523e-11
GTGATGGATTAGAACA-1,0.10920731421818392,0.019342451377328804,0.15843454134950644,1.5590255864512552e-08,0.14987776084407511,0.01949850850775844,0.4436394080104452,1.1688237968979524e-10
GTGCAACGACGGTGTT-1,0.06977866225779011,0.05287689302053386,0.3640051114408957,0.0529484478127809,0.19282072003373868,0.047581797569186346,0.11998836744901974,4.2910428954565655e-10
GTGCAACTACTGTACG-1,1.1031697425082454e-10,1.3307862582503914e-10,0.29046664939103634,1.8243047042383844e-11,0.08430770458944221,2.4038346321007915e-10,0.5252256455905208,1.4819417493614886e-11
GTGCACCGAATGTTAA-1,0.026186477316991526,3.0347395499515223e-11,0.4638922173852334,0.10807027241248149,0.11008420695652436,9.6285470497211e-11,0.4917668253704459,1.2300387029582456e-11
GTGCACTTGTAAGCAC-1,0.03404568381116519,1.8630048839354452e-08,0.4646876935249677,5.939591726139169e-06,0.23088579764113568,2.2948706710724825e-11,0.47037486671752954,1.08247858553538e-11
GTGCAGGACTCCAAGG-1,0.050060668778021705,2.5561234655655344e-11,0.5266096285117342,2.1201435081714714e-11,0.0771167796240338,2.123808056656728e-11,0.4906065712734256,1.2672178145718331e-11
GTGCAGGCACTCTAGG-1,0.09502336137019804,6.090858319646146e-11,0.49145198242195093,1.3554101843899533e-10,0.13483952068553276,0.07627367199663744,0.40241146329477434,8.512734267126443e-12
GTGCAGGCTGGACATG-1,0.4050295516171782,0.04886227732871755,0.4946641270629078,3.793179291374495e-11,0.25144404355983135,1.6849642022773705e-10,1.8937315765810254e-10,8.618086508862887e-12
GTGCAGTTGTGGCGCT-1,1.113695880684664e-11,1.8237729646645556e-11,0.2841418364059601,1.0115683008597259e-11,0.12037806509034861,0.3887428941111191,0.40673720432355004,7.997625760259779e-12
GTGCATGGTTGAGTTC-1,0.21513430379206358,1.2421169186079884e-10,0.5623889592393112,2.1495607143980745e-11,0.09096501945015063,0.008902281651865095,0.022609435734992817,2.0106267937835296e-11
GTGCATTCCTGTGGTC-1,0.10806280187798194,0.16171927179294107,0.3762368765423771,0.035217380418078134,0.13776608844451815,0.0245599495654148,0.05643763132630338,4.9428148852273597e-11
GTGCATTGCAATGTTG-1,1.2857857967485998e-10,0.08085286600201404,0.3820000496425111,3.1237372191100585e-11,0.3039264968414583,1.8034528127168387e-11,0.23162959797355528,1.26721534733322e-11
GTGCCACCTTGAGCAT-1,0.018305462253359037,1.3258553841735269e-11,0.34517601363396244,1.9137394166903262e-11,0.37991244668883,2.11676192389673e-11,0.45660607730958336,1.0133045327395516e-11
GTGCCGCATCCTTCCT-1,0.1277119256476149,9.018639040147813e-12,0.40529846782717804,9.020810510971204e-12,0.2679612024097274,1.314591913555875e-11,0.3990284040566207,7.790782077867634e-12
GTGCCGTCCTGTCAGC-1,0.11397295374221239,5.4721469459270096e-11,0.18744830327876877,4.906981668351395e-08,0.04006804567813417,0.13624654582928092,0.42226410234506445,2.2523976322759682e-11
GTGCCTGACACGTTGG-1,0.43033199836134667,0.15203908571604696,0.4792657956212573,3.378343041065003e-11,0.1383631201725668,2.7362693563172084e-11,2.281425329987602e-11,9.339007357909566e-12
GTGCTACGTTCTAACC-1,0.1294189501380786,0.30051843336734996,0.3699428687695387,3.012593120564753e-11,0.1001197476308611,5.302011537974237e-11,3.8364591626486205e-11,1.7649110984277257e-11
GTGCTCAATGCAACCT-1,0.06814011820789613,0.08109644588351549,0.20872018825099511,0.020286997449715103,0.24292808255327356,0.048266089621120924,0.21202901567381244,0.018533062371804885
GTGCTCGCTTGATCGG-1,0.05663239902167501,0.018338602848995234,0.361108423984559,4.998385104665712e-11,0.26220843471181043,2.5319754168609398e-09,0.20171213685056189,2.6043940089318052e-11
GTGGAACAGAAGTCGA-1,0.05145174440980166,1.5775163885428812e-11,0.45768665308714757,1.1120618638191444e-11,0.3017983825418514,2.1226777809441913e-11,0.38906321985766096,9.911387611611167e-12
GTGGACCAACTAGGAG-1,5.1226268704575165e-09,2.645152833255166e-10,0.19585719776443966,0.01659459223042119,0.11750438150764042,0.02849226987884095,0.5415515532554337,1.7841351301421485e-11
GTGGAGTACAATCAAT-1,0.014114512221352134,0.016620367823831386,0.30259753927557353,0.059061763708678064,0.1001986588264327,0.012736418886223688,0.39467073909976735,1.7184451933831628e-10
GTGGATAATCATAATC-1,0.09665470540428378,2.171860254718252e-11,0.5707222933476089,1.721409194519597e-11,0.13726994467948536,2.925803356886204e-11,0.09535305660299531,1.4246624140016234e-11
GTGGATTAACAGCGGT-1,1.7836048582551982e-10,2.0927293147419463e-11,0.2940386881230359,1.477421929589613e-11,0.162468649925291,5.593273009162989e-11,0.44349266245027463,1.2881209526197794e-11
GTGGCGACCTTGATTC-1,0.08460847682355761,3.654657808075022e-11,0.2436668521147667,2.5220740468513062e-11,0.10102682484305175,0.004544196029469984,0.46615365016404897,1.662895504726714e-11
GTGGCGACTGATTAAC-1,0.055134368486751316,2.8184415557793965e-11,0.354681845501721,0.028500985860151744,0.1364233037045697,1.683990699586978e-10,0.49555693423078984,1.2672172347855976e-11
GTGGCGAGGAAGGCTA-1,0.13397197454221788,0.14080829242213763,0.5652464560079076,0.2728665899565388,0.06826536374911929,4.6295710141348264e-11,0.018841323154067707,1.1366784922783033e-11
GTGGCGATAGGCAGAA-1,0.18325455134121507,1.8181811136681076e-11,0.3319790069667386,1.9986659060452496e-11,0.015315882741320702,2.517612716343559e-11,0.49895130151446243,1.2672156451187265e-11
GTGGCGATCTGCGATA-1,0.2201948772456896,1.4311525753960441e-11,0.2980559190027545,1.2782399352166745e-11,0.20907640217969758,2.2322798448071078e-11,0.4726728014361332,1.0850229381067209e-11
GTGGCGCACCTGTTCC-1,0.3391816846074231,1.111500158869003e-11,0.42025933403654603,9.931158545382946e-12,0.090678249505423,1.963094720296378e-11,0.3498807317888885,6.647077208284864e-12
GTGGCGCCAACAGCTC-1,0.08094816431316089,2.2079961303294004e-10,0.34388862156599503,5.162446472909407e-09,0.19049941624615033,0.11567802454879633,0.16898576788784775,6.979319332116776e-11
GTGGCGCCACTACGCT-1,0.2157860616368911,8.763724296614129e-12,0.367479383758912,6.711670345854751e-12,0.3035522322084541,1.1068824227829413e-11,0.3131823223528473,5.806835082384261e-12
GTGGCGCCAGACTCGA-1,0.10572368345871389,0.08501816509837147,0.4203150261211697,3.90206556070585e-11,0.13423169540877417,0.054804788631425766,0.09990664124407043,2.4543982577875547e-11
GTGGCGCCAGCTAACC-1,0.1238653162406803,0.02661524705982252,0.2673699057600361,1.5103211930656246e-08,0.2823446175793641,0.027764885834836082,0.1720400123896752,4.66267384343014e-11
GTGGCGGACATTCTCG-1,0.01787492870717491,6.461975355728242e-11,0.13478894125923932,2.983433640367511e-11,0.16861133494546654,2.72032935452203e-10,0.5787247947168749,2.7963049403834818e-11
GTGGCTTCCTACCGTT-1,0.1270621048044903,2.742515522234181e-11,0.48641403331924066,2.2520223386970726e-11,0.13993454384541149,4.8168031149878e-11,0.1465893179572001,1.805170693451427e-11
GTGGTAAGCCTCTTCG-1,0.010701545933836014,4.076885738449455e-11,0.27234017190790993,3.850940299009529e-11,0.08849010109907285,4.9115912403378554e-11,0.5284681809796377,1.5755204882960196e-11
GTGGTACTGGTTCCAA-1,6.388261197952596e-11,0.35356423420304617,0.21890764389319117,9.563224155962078e-12,0.25178482802225916,9.642505197015859e-12,0.37574329377484544,7.154862548126526e-12
GTGGTACTGTTGTAGC-1,0.22644361332674792,5.0313378611975595e-11,0.4878288102354788,2.025373506445872e-11,0.10564134163897836,1.885827161391837e-11,0.3800862345612462,1.1595849220410978e-11
GTGGTAGGTCTAAGAA-1,0.0944250671991292,0.006807109057102251,0.5304044575463909,4.8622471883637105e-11,0.21832946230223235,7.102529057362e-11,0.05003390473014771,1.2840366960906245e-11
GTGGTCGCTCTGTAGC-1,0.23941015945917896,1.9955647012538742e-11,0.3757480415999753,2.8873928140125396e-11,0.028078993682367943,1.334496871324641e-10,0.25676280513600697,1.5246482103648623e-11
GTGGTTACCTTGCGCA-1,1.0617947185467051e-10,0.08491089035227083,0.4209829841894006,1.6296180639781012e-11,0.34320127679983925,3.9224253389046966e-11,0.3509048484755003,6.7187906879165265e-12
GTGGTTGACAAGGAGC-1,0.12039714133914768,1.434987548619202e-11,0.47374274993426346,1.7496071499062935e-11,0.15133490144371942,1.874742905090927e-10,0.454525206992007,1.0510210098683012e-11
GTGGTTGCACGCGGCA-1,0.09549487731934034,0.07978041397827917,0.40105000122024975,1.3752256303720205e-10,0.23377523620712012,0.0898994709845314,1.4073817441890387e-10,3.2710226630266026e-11
GTGGTTGCCGCTTCAA-1,0.06032237603303315,1.4051705082840808e-11,0.48212611509286224,0.12701365991899882,0.08791153092640067,5.402028939015658e-11,0.4426263179037027,9.979460204705668e-12
GTTAACAACTTCGGAT-1,0.08797194390716456,0.01389077340290608,0.388159816246181,0.12598419085069235,0.12862137155382783,0.04822625758404474,0.10714564642165747,5.044509738768407e-11
GTTAACTCCGACCACT-1,0.06663530200078828,6.576430960976985e-11,0.523212278220768,4.1546716542776394e-11,0.19507362488090832,1.6017477512692936e-10,0.11507879482318505,1.3500083787254086e-11
GTTAGACAATGGATGA-1,0.12870322578327018,2.01194933379232e-11,0.5021909093192409,3.232753876055912e-11,0.07217806996992715,2.3398759795028366e-11,0.4969277938077633,1.2517920694405833e-11
GTTAGAGGTGTTAAGA-1,0.027388099468939584,3.9158432732663566e-11,0.39454459211743576,2.1673100888165325e-11,0.21601531539024918,4.663684598162357e-11,0.31252854220167414,1.2672145237806992e-11
GTTAGGAAGTATACGA-1,0.19998625304841547,1.4226889957237929e-11,0.4095353391128804,6.866446322394622e-11,0.20109775004540062,1.0966536340225957e-11,0.3893806576734298,7.519895526511667e-12
GTTAGGCCTGAACATC-1,0.24232170099205838,1.2680355121403108e-11,0.38673806984156606,0.035705446947296667,0.14554959002033618,1.454207339052715e-11,0.38968519214296554,7.795917178103854e-12
GTTAGGTACTAACTGG-1,0.07164790601111157,0.1361388149199678,0.5238335333394583,1.9146456197719692e-11,0.14659258203913897,0.02178716362086889,6.868707639474728e-11,1.9137613260877343e-11
GTTATGATACGATTAT-1,0.054648106770104704,3.496180836884217e-11,0.45454989882894353,1.8516642823134683e-11,0.20105389974198562,0.03104656912469155,0.4196090775908829,1.2672153088247882e-11
GTTATGTTGCTTAGAT-1,0.04925502695379423,0.07357742831316927,0.31064581548828357,0.0461943948024436,0.2620482400899096,0.026094909175892345,0.13159447034514993,0.000589714848283668
GTTATTCGGCCATTCG-1,0.22491220461511854,0.11502130752816092,0.21008961726287254,9.017064691871077e-12,0.23032484165836328,1.6873122352700523e-10,0.4196520287230609,8.484174227971027e-12
GTTATTCGTAACGTCC-1,0.1657682276584017,0.2871338345078941,0.36191357897254633,7.99202747514891e-12,0.035350672997981634,8.923468424312213e-12,0.3498336858258245,6.611746006453744e-12
GTTATTGCTGAATCCG-1,0.08600260590437632,6.27084640238038e-11,0.4843756549761522,2.1898828295690772e-10,0.2807793556873277,0.2507457214965614,0.09809666159073903,1.0247370780079796e-11
GTTATTGTACGTATAC-1,0.10411835807746267,1.4341407647111516e-10,0.5200058446602533,3.713646914049506e-11,0.15978752175469593,0.08748347850660688,0.028604796861092602,1.7847865742226472e-11
GTTCATACCTTGGTTA-1,0.4265802647778102,5.632586812922864e-11,0.28045524884211376,1.2423952745522532e-11,0.054538115377230176,1.1434403666164034e-11,0.43842637087946407,9.229142936876458e-12
GTTCATCTTACATTCC-1,0.30090223744864997,7.645783528172369e-12,0.40610478792509214,9.099677530216298e-12,0.18619792911151714,1.8477310447687863e-11,0.30679504546332403,5.794243141436705e-12
GTTCATTGCCTGAATA-1,0.09078924550981135,0.11977930452108355,0.29916779956369915,1.6636481917876826e-10,0.1427109279262597,0.13629632109763254,0.11125640117743624,5.428816778800297e-11
GTTCCAGTGCCTTACC-1,0.3800279642327086,1.2150504309699457e-11,0.4094535639240783,8.889979960160341e-12,0.009312574742741926,0.013714252934365973,0.3874916441188251,7.553603595249775e-12
GTTCCGGCTGAGCCGA-1,0.05404350609033677,0.019041917314291813,0.33205920362707675,1.830806219366262e-11,0.23802251417471404,0.05377242832826183,0.20306043050830433,1.5221823033515186e-11
GTTCCGGCTGCAGTCA-1,0.1831592298008747,2.0552750251879437e-11,0.5172307183511686,0.13816067292403364,2.891861757181358e-11,2.2447731850370336e-11,0.36144937883006967,6.829294477794085e-12
GTTCCGTAACTAATAC-1,0.04450243515292245,1.8505276072294612e-11,0.2901512679724815,2.0381073460598648e-11,0.2115448738747203,3.498485465804533e-11,0.4943236542517526,1.267215916778209e-11
GTTCCGTACCTCCACT-1,0.030619750782778146,3.383548700186084e-11,0.5456827299411535,0.05845536001874562,0.16274437060062566,0.05978401537630924,0.04271377331375293,1.5037152303063717e-11
GTTCCGTATGGTAACG-1,0.0582289174945418,1.1130490490809243e-10,0.2005650875287954,0.030077705213343246,0.1649210484605466,3.281116270382749e-10,0.446207240840421,4.135719014889628e-11
GTTCCGTCATACGGCT-1,0.16324292450374195,1.40192142843668e-11,0.4050728405240488,1.1905569579329211e-11,0.17138181013765844,0.01082769188337416,0.4494747328737505,9.70970625881787e-12
GTTCCGTCTTATCTTA-1,0.08719157107026818,3.316372842290767e-11,0.22149226478452488,1.7954402475091464e-11,0.11763748675249099,2.3943348423219894e-11,0.4978107351959297,1.2672139279281863e-11
GTTCCTGAACCTTCAA-1,0.05448122652987063,0.05333079906058226,0.4933079294222845,3.6383238171416434e-11,0.2312313866935116,8.857734855817549e-11,0.06764865817477216,2.2961072016605123e-11
GTTCCTTGAGGAACGC-1,0.1412607117734898,0.04949210990574226,0.3118757087375646,0.009276461772425066,0.14013299931369388,6.64883074652403e-05,0.24789351398144438,2.006164923665132e-06
GTTCGAATCACGTACG-1,0.18140662988732584,1.8837646025304135e-11,0.4853106945115581,2.1425421919822938e-11,0.07355413872581179,2.9237336610293605e-11,0.4597285367422577,1.0238322534383913e-11
GTTCGAGCTCGCGAAT-1,0.039326398177846104,2.8368235724329153e-11,0.37685891703451085,2.0644819098949738e-11,0.05776525702976764,2.0963451632502317e-11,0.49392032505469263,1.2672148256804986e-11
GTTCGCTGGTATTAGA-1,0.02297514363283453,0.028830916534800365,0.3874099273305104,4.4061637209698126e-11,0.21610509100982758,5.3933983336595114e-11,0.24467892138809133,2.8585186655982868e-11
GTTCGTAGGTAGTGAA-1,0.06861838574909063,1.995608200478426e-11,0.5150576118386461,2.644459485086705e-11,0.14901650346127718,1.7152969137781344e-11,0.17148063978043826,1.2672539913803553e-11
GTTCTACTATACGAAC-1,0.023081035470999593,2.7176722902874526e-11,0.20388980799903508,2.1395250289952586e-11,0.14419780185445505,2.7252789794579005e-11,0.5288313546414666,1.6215149038998704e-11
GTTCTACTATCATATT-1,0.2473569671941834,2.1603639935797746e-11,0.45489192000059986,4.30372642389074e-11,0.19775111273839963,3.509326118331534e-11,3.5621839839308435e-11,1.49673321638792e-11
GTTCTACTTATGGTAG-1,3.6236509532968113e-10,2.8834288584453175e-10,0.3086383461820493,3.193256782061378e-11,0.09984731746025566,3.1815347202390244e-11,0.4915143356508299,2.2044411930644986e-11
GTTCTGCGCCAAGCGA-1,1.7457652302779926e-08,0.23401380011479514,0.4208450247551757,0.04123070581439451,0.1594784067896425,0.044432033873424905,1.1201858499290093e-08,2.7020504692762943e-11
GTTCTTGATCTGTTGA-1,0.16664202379313992,2.3052022304265287e-11,0.4867044448692813,2.151367487834101e-11,0.09150600273671544,2.1539483729121094e-11,0.1551475286465266,1.4232100749942167e-11
GTTGAACCAGGATCGC-1,0.15081164084908752,0.044639061493271494,0.22607218900540518,0.010412768807908918,0.15682622756217135,0.04558298146546571,0.23812379064802636,0.027531340180577596
GTTGAACTACCGTTCA-1,0.0991991356775071,1.5652422961460437e-10,0.3213370365047847,0.03467702657040808,0.06335618879393952,0.11124671753382431,0.2701838946231506,1.5367205579242135e-10
GTTGAAGGAAGTCGGC-1,0.248891107001089,0.03672132095356045,0.3510334070521708,0.002145740377546467,0.1336998928608009,0.04107848521130552,0.08643004641848871,1.374811382598241e-10
GTTGAATAAGTCAGCA-1,0.008529297000512743,1.7806957897749545e-11,0.43449616715518474,0.008220911130242496,0.11065664018035712,3.7942913968335826e-11,0.33809698454123577,1.5115445902734743e-11
GTTGAATGGTACAGTA-1,0.13173585187032336,2.669582318307414e-11,0.489753558809971,2.9045217883958798e-11,0.08590790090556069,3.52498884767352e-11,0.49260268805926666,1.2065270248736739e-11
GTTGAATTATTCGGTG-1,0.08505210789690774,1.1046902731842268e-10,0.3674311919774299,5.006913710643506e-11,0.06506562024290274,2.4183788621675833e-10,0.4948212769552368,1.2672158370892366e-11
GTTGACATGAACCAAC-1,0.09082075552228941,0.08636593712228649,0.27426382797873433,0.02980485064629227,0.2045217051443932,0.1032495705316613,0.07733968802557732,0.033633665040502456
GTTGACGAACCAGAAC-1,0.021017463852552872,1.990626303745981e-11,0.38908764868013895,1.7115343501602422e-11,0.0706555407545738,1.4273207960496216e-11,0.4952861348258222,1.2672151564176702e-11
GTTGACGAATCAACTA-1,0.06667185837867301,0.040291397510041134,0.1648997609480876,7.711385000643954e-11,0.2649596645057485,0.016137907546227747,0.34703941100491426,4.6728804315198734e-11
GTTGACGGATAGCCAT-1,0.2465335971491829,1.5852066787349067e-11,0.4324947155769623,2.3444411427430297e-11,0.04026627443659047,2.6917976098408402e-11,0.23835108067862334,1.2672153883044632e-11
GTTGACGTCAGATTAG-1,0.053776536026467606,9.663419152740902e-11,0.13821568232832152,3.219717760429294e-11,0.1292086070276097,7.083420329155054e-11,0.578799174416968,2.591436837699853e-11
GTTGACTAGAGCACGT-1,0.14125710779809178,1.9185341227456037e-11,0.476686770239056,1.5878367118402887e-11,0.07637111288934077,2.0594484286440245e-11,0.28027450671599974,1.267215692648995e-11
GTTGACTTCTATGCTG-1,0.02342129197975834,3.1430665262428456e-11,0.42232212380578976,7.728298593282287e-12,0.3639718618416668,0.019639786430608708,0.3706449358821315,6.977103951232682e-12
GTTGAGAATCACGGAG-1,0.06037197030817732,1.4050031574041933e-11,0.35771497962076454,3.124002344465715e-11,0.14509412316064751,3.1033965628273586e-11,0.4995899250776023,1.267216571180344e-11
GTTGAGCTTCGTCCGG-1,0.23734597771522603,1.0423468938419693e-11,0.4039750890504416,8.653271620501082e-12,0.15833966802673807,2.1669970025101994e-11,0.40033926513756396,7.950055549547465e-12
GTTGCCACAAGTCATA-1,0.12012428136182779,2.6121832720625358e-11,0.21998140815649433,2.004250142304434e-11,0.13291741245244254,0.1439497451554046,0.4965876506664562,1.2672175085499031e-11
GTTGCCACGACAAGAA-1,0.030741389160253856,1.996162145745117e-11,0.29380471328583824,1.610176546675944e-11,0.16260554717032064,3.2669106594033284e-11,0.4975515352791146,1.2672150333936206e-11
GTTGCTACGTCTTAAT-1,0.03278127747649108,2.4821219021774325e-11,0.16701954806899885,3.242480909475794e-11,0.314437809174559,7.02015113494661e-11,0.3857613652593445,1.41557739647807e-11
GTTGCTCCTGAGATTC-1,0.05526508586203884,0.004303814875093158,0.4417417404770601,5.916119328952354e-11,0.2121571750860779,0.07097997924388638,0.11555220440374304,2.2299893991510458e-11
GTTGCTTGCAATCACT-1,0.07971871481780356,2.7946806624014995e-11,0.35829191370620445,3.916776555880181e-11,0.007089768013899566,8.189029001648495e-11,0.4945626871639115,1.267213590689737e-11
GTTGGTCCGCCAATCT-1,0.06176526295122361,0.00338220424067762,0.2365131236848709,0.058309518536130846,0.47616578792594266,0.05878365968136546,0.005080442960870532,3.789097957956703e-11
GTTGTCCTGTGATGTA-1,0.14998332399388428,2.5444101928509178e-11,0.48150795171773064,1.9920881653962794e-11,0.10117644462299592,5.1855075650535724e-11,0.467332279488708,1.0698157168851256e-11
GTTGTCCTTGAGCGGT-1,1.2621164389002196e-10,1.6418165214781298e-11,0.29978037997610096,1.2666117715621808e-11,0.10533161164251653,1.111056819233395e-10,0.4961596281610126,1.2665380185788606e-11
GTTGTCGAACCATGTT-1,0.06693435132433008,0.06845936462302378,0.5000448483796914,1.0975708809681737e-10,0.06403539609065781,4.3217176313736635e-11,0.4973703047819694,1.2671817737809617e-11
TAACAGCAGGCCTTAC-1,0.13819467705037286,0.04531148762311449,0.4208805080351,5.079101496513244e-08,0.2229383349127755,0.036089588832147655,0.03658533455301776,1.8221522873536637e-08
TAACAGGAACCGACAA-1,0.0560221364114025,7.992337345731944e-11,0.5597899960171512,2.9544467987120646e-10,0.22148711830548737,0.02107979140058783,0.0416209574798139,3.1455621974246074e-11
TAACAGGTCCATACCA-1,0.2805027934340261,1.5665704028523214e-11,0.4064109845721359,0.05706428718903945,0.16490296485159134,7.478466563560416e-12,0.29111896991463504,5.550916162660862e-12
TAACAGTCTACTATGG-1,0.014480902239537035,2.1223312210556038e-11,0.5046252680499652,0.04684736303712539,0.1655698386260458,0.011870361403697223,0.45660626656339365,1.0064341079992767e-11
TAACAGTTCCACTTCG-1,0.3822993403006457,1.5180917148829204e-11,0.42415921909033566,1.2381606965257294e-11,9.245885234948489e-11,1.1653431731754863e-11,0.3935414404503894,7.651335272526979e-12
TAACATGCGTGCGAAC-1,0.15237677044526887,3.508790340126994e-10,0.409924016944155,1.8096207956361583e-10,0.12789185951840817,0.037206045360410854,0.17260130712275257,9.186702215279584e-11
TAACATGGCCACCTCC-1,0.3739045103681731,1.529678616443506e-11,0.38032760285497247,1.612163433634688e-11,5.566619848817306e-11,3.113441375391827e-11,0.17275432588285017,1.2672141906665517e-11
TAACCAAGGTGCTCTA-1,0.16216421130797354,0.021717793023162495,0.3398263660169663,0.006366258954652372,0.26842873957639185,0.06905430627883373,0.03244232477343333,8.325421185722317e-11
TAACCAGATACGCTTC-1,0.031787531111305535,2.2610496906597463e-11,0.22925758494147702,5.827414348468846e-11,0.09938899672931227,0.0029041567261348464,0.5366617304479925,1.6584546189347106e-11
TAACCGGATGGACAGG-1,0.039101657812152496,2.6537328358256474e-11,0.21951246960612195,2.8222405702301562e-11,0.21502652200975556,1.1810863950185763e-10,0.42635935041561224,1.9545965367513105e-11
TAACCTACGGACTCGT-1,0.06915656954368186,3.4204090401368265e-11,0.2483567256680036,2.7299894916241807e-11,0.2606007556279605,0.004656995466629251,0.31722895366963577,1.6553451254830222e-11
TAACCTTGAGACTTCG-1,0.17557642548176175,7.71254412494109e-11,0.5055870369630151,0.0007864449799245708,0.11866392675984153,0.03661367837058664,0.06277248731584457,5.4205980026982055e-11
TAACGAATCCTAGATA-1,0.05268724671354587,7.569152259797487e-11,0.4842850066681711,0.0026558825489365334,0.04216823222593075,0.07935553497251553,0.23884809685174943,1.5308988722907136e-11
TAACGACCTTGCCTAT-1,0.07949538858828481,5.3428999555917085e-09,0.28815043162196774,3.1472415082716184e-09,0.1929576330788645,0.03108670222174763,0.3083098359898731,3.162894974887789e-11
TAACGAGCCGAAGGTC-1,0.2228904707594684,1.4044158801255758e-11,0.49445977780150707,1.3942853718447428e-11,0.028461997424946758,2.1553530303680855e-11,0.4541877538989271,1.0303896866761392e-11
TAACGAGCGTCTGGCC-1,0.024155163161860373,3.376631436570757e-11,0.33182583843660074,2.64206217933204e-11,0.1980019396391738,5.868307039920447e-11,0.34601705866576893,1.8374071109558354e-11
TAACGAGTTGCCAACC-1,0.18354869268258345,1.0470926556259002e-10,0.5172163582357601,2.09873674366723e-11,0.19923494887614532,7.910547848956435e-11,8.793199052742411e-11,1.447560518276106e-11
TAACGCATTGGTCCAA-1,0.05631527682212078,1.4921995210798533e-11,0.5402226250097372,4.9840090051645945e-11,0.3981780220069587,0.006816733293315828,0.08065994003037388,1.2672170803849485e-11
TAACGCGTAATATGGC-1,0.09782268664667997,0.055701782582500754,0.3479433270529413,0.009516615117608401,0.2477702769438151,0.06430901695087297,0.07693629462593513,9.350039554438818e-11
TAACGCGTCAAGCGTT-1,0.09244036772962044,1.269437266030137e-11,0.45071563209888355,1.7787331155985624e-11,0.3671203275165036,0.2600968928233279,0.029626779775500975,7.472187190790246e-12
TAACGCGTCCTACAAC-1,0.08182998814846959,0.11879035210118666,0.4043328596166903,0.00982792248336705,0.1169937442821751,7.511412430766e-11,0.1682251332813369,3.254346698554532e-11
TAACGCTCATACGGCA-1,0.051311400001123234,0.10584134537317973,0.5232343048928773,0.09924070310440425,0.19768745392544088,0.04536788814209114,0.17731690425966817,1.2140526290960344e-11
TAACGCTTATGCCATA-1,0.07979216960146714,1.079140534955561e-07,0.24716245687602761,0.01706748746323147,0.4506700518710069,0.028634250430690577,0.07667347580181887,5.0108361330925417e-11
TAACGCTTCGGCACTT-1,1.2917766144894548e-11,0.14766015649297198,0.4181684917407132,7.341545280292222e-12,0.23474023220524917,0.07698476362585184,0.32244635589016385,7.33801734773914e-12
TAACGTCACTATAATC-1,0.08387809824136185,0.011447798951381486,0.3617413395846165,0.0008154968155190774,0.22544233026776492,0.04073436562986498,0.17594057041291064,1.1090966003336528e-10
TAACGTGCCATAGTTA-1,0.090853731564288,1.199448054941909e-10,0.33441221698328133,3.048560138501024e-11,0.36375811863283053,0.0276286067586623,0.08334732591223289,2.455145569521372e-11
TAACGTTGCGTCGATG-1,0.25167543033663936,0.004065213797856874,0.41992403763140984,9.534969599833097e-11,0.12873617645594831,0.028422002191736923,0.06717713948068228,3.1559512770649766e-11
TAACTCCAACATGGAC-1,0.19541117987770726,4.4460200934344685e-11,0.4583060057024104,1.688770723473383e-11,0.10570409184503819,3.7758106698819616e-11,0.440578722432777,9.212802109499728e-12
TAACTCCAGGTAGGCT-1,0.012512998185202573,2.8416603856687774e-11,0.2779474097213963,2.5742636617011237e-11,0.1046790403195338,4.848939572770147e-10,0.5048605515157023,1.3242384142233064e-11
TAACTTAACCTCGGTG-1,0.050914835503781404,2.389676677734422e-11,0.1130780130722751,4.556718196813785e-11,0.18740932777346092,3.136471240397729e-11,0.5485978235717,1.842283387332054e-11
TAACTTGCACGGCGGA-1,0.19009300957765207,2.7736796986669395e-11,0.43035733649681823,1.8249024525794946e-11,0.11768209994329461,3.599710855667874e-11,0.29938748597783066,1.2672160974916957e-11
TAAGAACAGGTGTAAC-1,1.0831942124818804e-10,0.05656510559988223,0.1997885080301463,2.374375359487764e-11,0.10293863324911375,1.0968103531464393e-10,0.5407077529054941,1.7773454145828088e-11
TAAGAATATGAGATAG-1,0.19014758235881227,4.559883818397328e-11,0.5165156679944343,2.7132284543575317e-11,0.055664800282460986,2.9408553910350615e-11,0.13767194932901558,1.4991500631933862e-11
TAAGACCGAGTGAACA-1,0.06838810940903935,2.53520527190484e-11,0.2461720240459074,2.4120332129068326e-11,0.21564406510586148,2.8538460060951994e-11,0.3697958013877629,1.7757380376570987e-11
TAAGACCTCAAGTGCC-1,0.12468501835114468,0.046522785346532355,0.20199830185891304,0.011014768843090364,0.15214980959592891,0.03439106602390204,0.32923824991827527,7.745667887606582e-11
TAAGATTAGATATTCC-1,0.07081139888622633,0.05335343650493275,0.4459729639917604,6.425211657592266e-11,0.2726200056795909,0.05724219466556737,2.0073277634074567e-10,2.7331697144471167e-11
TAAGATTGAGATTACA-1,0.13389469453978234,0.032072116808313074,0.24257850341086423,0.011862895986873553,0.3312162022623085,0.02309919222863609,0.12527639470779492,7.087060348164039e-11
TAAGATTGCAAGTTCT-1,0.0014641725055346876,5.38006812555823e-11,0.09322212073145057,1.865114446207185e-11,0.2847846961187507,0.0459276916635738,0.4746013190671209,1.3660536040491713e-11
TAAGATTGCTCACTTC-1,0.0406582104225441,7.283535274735312e-11,0.5343516781632054,6.367888938221783e-11,0.12681513748767506,0.002683434767392487,0.195491539016098,2.987493609453002e-11
TAAGATTGGCGGTCGT-1,0.13118397802550943,0.023623388705251686,0.2676576299812583,1.1779645039333291e-10,0.43616023415537647,0.02314103521200478,0.018233733765695995,5.3712531645744395e-11
TAAGCAAGTAATGTGG-1,0.12126480766366654,2.1509450568950688e-11,0.2935421782909421,1.7926471068200158e-11,0.2047322454238277,3.0712726533975665e-11,0.2804607687573117,1.3449188475955911e-11
TAAGCACGAGACCTAC-1,0.23782328236717493,5.066060385861981e-11,0.5155359733011986,2.1775254976868575e-11,0.16732655869944726,2.0196999878217267e-11,0.03724365230580241,1.2672148865880147e-11
TAAGCAGTAGATACTC-1,0.12143391983508918,0.019453476399755133,0.39154003121623293,0.009507020743693076,0.18480393001837686,0.11777486901308468,0.0554867527391873,5.13879486993401e-11
TAAGCCACAATTGCCT-1,0.056689688525084846,0.04737009618190511,0.48082450963693146,2.5827987311357617e-11,0.16034835014517154,3.459587967989694e-11,0.15476735548881737,1.6472179845490663e-11
TAAGCCATACGACACG-1,0.07185534226968465,0.08851247626048053,0.3235140775919608,3.8450314707830816e-10,0.28010601248043804,0.009070090618143066,0.12694200037496445,3.867908802105351e-11
TAAGCCTGGCTTCAGT-1,0.3462564958078147,0.016728182021682466,0.3820026910580707,1.1494401688008797e-11,0.08534976608355922,2.374218630344699e-11,0.36966286497064715,7.055757337290649e-12
TAAGCCTGTAGCGTCC-1,0.043763479974801456,2.9859488152508274e-11,0.3068804440807248,1.7325951813384147e-11,0.1343737629254586,5.518484636214994e-11,0.4237619494111116,1.2672107226950573e-11
TAAGCTCCTTCACGCC-1,0.19442224007379433,1.0292317071257562e-11,0.44780985376310517,9.701902867643498e-12,0.14644080537089435,1.6127963725850542e-11,0.4113271007237825,8.294060783687142e-12
TAAGGACGCCTGGTTG-1,0.05040833594462565,4.9216953102487114e-11,0.5598352108397167,2.7544702529692992e-11,0.11228599776962575,0.032092780078109395,0.14537767530090392,2.1262164893093693e-11
TAAGGATCTGAAGATA-1,0.04761764946314534,2.7033059908273055e-11,0.2074812387256091,2.7033058445336313e-11,0.10164919717511456,9.83549353073633e-11,0.5432519145100688,1.7777164553183245e-11
TAAGGTATGAATGCTA-1,0.03203242088972159,1.2617328815478294e-11,0.47031251825284714,2.087226900147118e-11,0.2330533104785048,2.0872267930679465e-11,0.4646017502579193,1.0344439115390167e-11
TAAGGTCCGTGACCGT-1,0.10478580224729929,2.0298581073035632e-10,0.5129841362384174,0.02611807284143507,0.21378993734483034,1.6973850322891132e-10,0.042322050919377074,5.287234631723327e-11
TAAGTGGCCGCTCACC-1,0.24441530984460008,1.364187670072402e-11,0.4694347742150142,1.819174325861698e-11,0.025683038383015035,1.949088126339487e-11,0.46046687743441195,1.0493798311332781e-11
TAAGTGTCAAGGTGGC-1,0.04284536105127633,1.0314062611130052e-10,0.35135948312104626,0.00038855320204519696,0.2629327968607983,0.08802961067138543,0.15444419502987441,2.5059981881285848e-11
TAATACCGTTAATTGC-1,0.12826109551074888,5.9014869953859e-11,0.49087436032300485,1.8961633458578292e-11,0.06701227811408336,1.63316578926744e-11,0.24996410134283717,1.2672146802185442e-11
TAATAGCGCTGTACTC-1,0.14293831889922398,2.3753459653847095e-11,0.41971023861069046,1.844856488400316e-11,0.0807654192041846,3.351095645351023e-11,0.25658602329693336,1.5042331682823652e-11
TAATAGGCTTGCTGAA-1,0.10914832845971127,1.9820525795550985e-11,0.5231227026456687,2.2787215334319192e-11,0.17031385615564185,2.285247799528463e-11,0.22071486390570255,1.2672154573939536e-11
TAATCGACATTGTTGG-1,0.48637802875215463,3.6457275927181016e-11,0.5019268422735448,1.646462296539092e-11,0.08258192440487674,2.2032368924916342e-11,0.10539845463388126,1.2672198906164065e-11
TAATCGCAATGTAATA-1,0.08625036706206105,0.01396109206458656,0.5572484169892163,5.0561534675860584e-11,0.22300056946274452,0.005474832511558279,0.01406472187547686,1.9692384253516116e-11
TAATCTGATAAGATGT-1,0.10566047490326941,0.041779746422255036,0.27224721685126685,0.04137742990453092,0.22260148646950562,0.06441424080462964,0.08649974675680663,0.06541965789864944
TAATGATCCGGTTATT-1,0.09242686604238971,0.00045819803627653944,0.4382943263421292,8.933985276259401e-06,0.12736929170362538,0.02106373237884251,0.22037865153093103,4.0519942555374244e-11
TAATGTGCACGATCTG-1,0.22328481030817798,0.02583252000363973,0.5264025130166117,0.0784551824654882,0.3083349284500609,2.8410388091070414e-11,1.5623066404999873e-11,1.2672185921127994e-11
TAATTAAGGAGTACTG-1,0.1642579450735416,0.026378625455473394,0.39441944643030247,8.111573253570896e-11,0.28707191839872026,1.5211595230831371e-10,0.027872064405807973,2.6872995499083594e-11
TAATTACCGGTGCGAG-1,0.3781850255626696,4.609804431634634e-11,0.31107202058530303,0.14811479265954927,1.108486485706496e-11,1.2634703234640605e-11,0.3626281610907068,8.25480834450225e-12
TAATTAGCTCGATTGT-1,0.06492592209249004,0.10156391775685916,0.35605563549425506,2.5568256620616834e-11,0.14855255738512216,2.0633262023967707e-11,0.48996987726192726,1.267218549949253e-11
TAATTCCTGCAGAAGG-1,9.733678534642494e-11,2.8104550757286786e-11,0.4216724809864151,2.2948887601607522e-11,0.10883758666049922,0.019265139772615018,0.35022479258604317,1.3709618852144894e-11
TAATTGATTCTGTCGC-1,1.5855383125920333e-10,2.969773047230186e-11,0.4411291972610287,1.564329544156132e-11,0.2149174638215336,2.9376189040960016e-11,0.49854205232050647,1.2672185433838687e-11
TACAACGGACGGCTCA-1,0.0724393392552795,0.028626183645179607,0.23776345423381862,1.384384937439372e-10,0.17463104628140977,0.014641722935409884,0.3718982535138417,2.3778501536418124e-11
TACAAGCATAGGCTGG-1,0.07680424273488128,0.05266177793200826,0.5578495787873777,0.0004009867929319565,0.18677839498935886,0.02550501866829202,1.0012631257309382e-10,3.462536376956847e-11
TACAAGCGCCATCGGA-1,0.029954944250008952,1.877878324885164e-11,0.3720139758715919,2.3667110735438353e-11,0.10240641687939471,2.1797128039610385e-11,0.49649354962907677,1.2672148205288074e-11
TACAAGCGCCTCTACA-1,0.03604149993423881,2.1936035142455335e-11,0.4492164982935008,0.08664893188048571,0.1721628817207194,3.8114982588632405e-11,0.455930188025241,1.0846224750733574e-11
TACAAGCGGAAGTACG-1,0.4228361881893311,8.364976662289311e-11,0.4917284205454232,0.21665778558949614,0.06877760551901611,1.8678143847308606e-11,1.4021376908444374e-11,9.024833628136429e-12
TACAAGGTTATGCGGT-1,0.1804247786992268,1.5973054611717294e-11,0.43228303074913543,1.3783135053160659e-11,0.11658891289554696,1.60008774835731e-11,0.470703277525641,1.081625933587776e-11
TACAAGTTATACGCTG-1,4.4630689533508157e-10,1.8828588729521305e-11,0.46154384208456806,1.8791025008876434e-11,0.08750642989466438,8.307833817504664e-10,0.350949726877321,1.3605530873272522e-11
TACACCGGTATGTATC-1,0.0971553558192822,4.3998099417611565e-11,0.49627160783276597,3.5717037658287156e-11,0.2799772104858218,4.4689453533444766e-10,0.3265958253010994,8.496582945538165e-12
TACACCTCGTACTCCA-1,0.022401541262172142,1.262443607783403e-10,0.2815783384084926,3.0040689085922724e-11,0.20927063943646457,0.038058818973686716,0.34869066178698527,1.8110608577877053e-11
TACACCTTGCGGCAGG-1,0.08756129074403814,0.07674753719402856,0.25189417759458227,0.05441895019576649,0.14512423962894622,0.0655541726246294,0.15347642520018412,0.06522320682891235
TACACGAACAGCTACT-1,0.055769232771997045,0.0272640085529951,0.29211416386463707,0.03384678163853771,0.25118892747313776,0.05384167495139121,0.1853908858400751,0.0005843250153183134
TACACTCAGCGTATAA-1,0.06351969723795263,3.6483086456605764e-11,0.5178593973255637,2.0381139666891004e-11,0.08484513847186535,5.234975538746523e-11,0.5002309878722506,1.2672186775958153e-11
TACACTCAGTAGAATG-1,0.11951172611504127,0.04535030404215241,0.3399252974645847,0.009260692234634514,0.18848125734970314,0.12540317117710578,0.07206755148003217,1.5065789036897827e-10
TACACTGCAGGTTAGA-1,0.08403278363792598,2.783202907996394e-10,0.35605420896175854,0.033546246010584,0.3317733584766423,0.011477344856012454,0.08311605773010558,6.440010681818957e-11
TACACTGTAGTCAACG-1,3.947421423935648e-11,0.03637482763556753,0.29705994382329276,4.0481437951963207e-11,0.1622742985327268,0.0039897458416492445,0.49705188544801315,1.2672154005422695e-11
TACACTGTCGAACCAA-1,0.13079531569360497,0.035400067774318714,0.44509721309406963,0.01115363064275483,0.13016147265342962,0.08118729958545381,0.06620500040302434,1.6708671885495865e-10
TACACTTCGAGGTGAC-1,0.1882920210968504,0.07058158406461629,0.46865820923017476,1.3638463520005866e-11,0.11307397247483672,0.015973585579824017,0.1612204143711468,1.2672160830881186e-11
TACACTTCGCACCGAT-1,2.4980663254308125e-11,5.978251279467229e-11,0.13752244061242183,2.6618096782539427e-11,0.04157858057956083,0.30000268484193643,0.49557881846736923,1.267214730799279e-11
TACATAGCAGACCAAG-1,0.017853409498763906,4.478821735929097e-11,0.4633137799165844,1.7048175153215196e-11,0.274202269282952,0.15624423124072076,0.07363696205808927,1.270010090095566e-11
TACATATGCACCAGTG-1,0.07115738026871785,2.99658595622854e-11,0.49908931431353,1.9185398926278562e-11,0.07461094074375405,3.01152678543481e-11,0.4963090585516441,1.2672177789830955e-11
TACATCGTCAGCGGTT-1,0.2803972381906236,0.1985249729238182,0.5117482527427638,1.9336308597267024e-11,0.05568424035158095,2.2276026804857353e-11,0.15364529535824087,1.2262147787417727e-11
TACATTGAATACGATC-1,0.08913545849850178,1.0554099931761109e-10,0.42746888452836607,4.820906415630313e-11,0.2561541422883745,0.06718424316149706,0.06005727137563585,2.264059737410855e-11
TACATTGAATGAACGT-1,0.04069775827343347,1.5932760197340848e-11,0.18449252303580957,1.4966310635774848e-11,0.16152728285127924,1.2639470227641e-10,0.5132824357937543,1.4093360523040338e-11
TACATTGACTGAGTCC-1,0.041733372608658975,0.0041399825218678046,0.27449721184853443,0.0007169306177587994,0.19182900378182285,0.005664741737273502,0.381418756881284,3.3934891559951145e-11
TACCACAGGCCATTGC-1,0.048785878367098884,3.101444909189049e-06,0.21237733585464452,6.589425034373922e-11,0.09596789300984303,1.462810034735005e-10,0.5428657911460416,1.822956620162276e-11
TACCAGACAACCTCAG-1,0.07646669211792359,0.05149728443481074,0.584435043496439,0.025990371066132337,0.11445882656137615,0.017395392110011506,0.029756390219048478,2.279494058536642e-11
TACCATTGATCATTAG-1,0.10620595877434985,0.015948105441287105,0.3522611021726213,5.960215804753548e-11,0.16298506362058202,0.04481206634788867,0.21778770357508567,3.034333616341401e-11
TACCATTGTCCGCCTT-1,0.11494363130502108,0.046604814734484974,0.43571922868130736,9.534607739233793e-11,0.21055841751336024,0.05956139280667407,0.03261251483063289,4.90924538664546e-11
TACCTCAGCGGTTGAT-1,0.11184491629109267,1.1240568641502162e-10,0.55462428097181,2.6137048634812085e-11,0.09156756298601686,0.1419632396127691,2.974403372111666e-11,1.7562265036270937e-11
TACCTCAGGCAACAGA-1,0.10002016920901625,0.05878881203063826,0.5150800440838256,1.5388953946811603e-11,0.32081960182643215,2.976881794345147e-11,0.10573137583453138,1.2672173212235831e-11
TACCTGCGGTTGTCCT-1,0.47773353501930216,2.0858215399481788e-11,0.5134435989737591,2.2925427353656543e-11,0.1906742924249453,5.957848022935916e-11,0.018148573013552053,1.232694759268393e-11
TACCTGTTAACGGCCT-1,0.12318798401271355,0.3464002869190369,0.45221999663312645,1.5675742601117504e-11,0.0544570536789804,1.991266443201092e-11,2.7190409300299327e-10,1.2711219105843459e-11
TACGACGCGATTCAAG-1,0.3455175621344353,1.0949831609008842e-11,0.38294930358106744,1.166582871918729e-11,0.11697602034689988,1.0168959843147734e-11,0.3545571138838819,6.7096771778193875e-12
TACGACGTCTCATATT-1,0.07333082513136364,7.85795754321504e-11,0.3071333652635959,6.125589376574485e-11,0.08212244808799755,7.557201031953619e-11,0.4374133612922008,3.0907597319209285e-11
TACGACTCTGAACACT-1,0.10226038329827025,2.6665322136864268e-11,0.3281559463416284,1.8368010219225492e-11,0.23512799672545961,3.139451106547673e-11,0.49972854799530486,1.2672188615741166e-11
TACGACTGATAATCGC-1,0.10255623128044963,0.10612219725967019,0.5036732751511751,1.4629598724665357e-10,0.17592999276040108,0.01171830332275466,6.35381388533626e-11,3.5439756382124896e-11
TACGAGATTGGTCTGT-1,0.28624013443811996,1.103335047040151e-10,0.5453458172495672,0.0025522295920885852,0.12028874847926711,0.01657767932203027,0.13915608405799867,1.2672176581747681e-11
TACGCCGGAGTTCTGA-1,0.13174227758511636,1.9426841413425578e-11,0.39186731555110554,1.9426841811259024e-11,0.1077968662930893,2.443664795017824e-11,0.4991696082043985,1.2672176875922265e-11
TACGCCTTGCCGTGTT-1,0.09797224291827376,0.05137040972718822,0.4899920785507784,4.322353694077428e-11,0.1834795105282082,1.1874627141658646e-10,0.07718575811058354,2.6931364060377842e-11
TACGCTCCGGTTGGTA-1,0.05295298692988133,0.0650948067063504,0.6013066441309032,0.06581739788133234,0.11482816425513201,3.861713763434213e-11,1.1057009382999818e-10,1.5557226901686667e-11
TACGCTGATAGCAGTC-1,0.10953922666649635,0.028780944769117113,0.24635038319982389,0.019329204047279815,0.30461814576829593,0.02389691572930635,0.1674851797133626,1.2051169989036606e-10
TACGCTTCCGCAAGCT-1,9.628722342862171e-08,2.4864145756288973e-11,0.3988777059088868,1.4050054312794793e-11,0.03955102863783975,0.21696658294356588,0.49722098178052565,1.267218448064202e-11
TACGGAACAGACGCGG-1,0.10180412807358623,0.0059101511950096,0.5153257428089059,0.0672166786593482,0.16171488296494071,0.03353687465630461,0.3144915414890671,1.162581953617541e-11
TACGGAATACTCGTTC-1,0.1433383517188148,3.275213525582816e-11,0.31118810871431624,5.6454898959128295e-11,0.08871059319236453,3.102763550479685e-11,0.35676294626644045,2.0664369629861994e-11
TACGGAATTGAACCAA-1,0.02953940993296111,0.18034403239878172,0.5332329376500261,5.4227880782167506e-11,0.2813161474598367,0.024019165159644033,0.1515483068489428,1.234836984902464e-11
TACGGATCAGCCATCC-1,0.09699771127958391,2.511351346168566e-07,0.26909907551177165,0.006380346639276651,0.3748702899106478,0.03243612223164102,0.12021620323415176,7.312153172371809e-11
TACGGATCCTTGCGAT-1,0.01700990747026433,1.3511175395864746e-10,0.3595683501960099,0.017734386304261555,0.26217830454556923,3.860403248779947e-11,0.501882991889457,1.2672188620919989e-11
TACGGCCTTGTAGGAG-1,0.12664514745856503,1.3086056463072965e-10,0.5147465893903556,4.5853455353263804e-11,0.23304368186689528,0.025564581028748305,7.337340775484841e-11,2.816366829923709e-11
TACGGTAGTTGCGTGA-1,0.021942262591695558,2.755191192454447e-11,0.2175236920514182,2.2979153982591542e-11,0.10405840274500305,0.017199618643403844,0.5392760239472981,1.738604312722865e-11
TACGGTTAATGTACTA-1,0.02751999498177565,1.8131777897231028e-11,0.2485670532518187,1.813177738059113e-11,0.12657651393160094,1.954524645716257e-11,0.4978713269404838,1.2650574170460222e-11
TACGTATCCTATCACG-1,0.058660626060491716,0.016726213626507662,0.28203578179519806,0.016240199173600752,0.22128068715336277,0.08364866448627262,0.22140782688428312,8.330346549160636e-10
TACGTATCGAGGTTGT-1,0.15141605654401918,1.3570000764473173e-11,0.4906979693720568,2.0313353188736736e-11,0.12345887750710813,2.5382886634731504e-11,0.43442709646705496,9.670415003558677e-12
TACGTGAGGACAACCG-1,0.33141954902632337,1.884676171460322e-11,0.47697633098003456,4.6022404665965933e-11,0.030237516708748188,3.1895320946575966e-11,0.36136660311488217,1.0555532206166308e-11
TACGTGGAGGCATGGC-1,0.13397672115119502,2.462946558908354e-11,0.35096394919534885,4.3126700111888914e-11,0.060880085499141284,4.3208118226013465e-11,0.5006475833082245,1.267216374537799e-11
TACGTGGCATCATATG-1,0.05969665749884399,0.16929053164790928,0.31823195847386176,1.840416346980805e-11,0.1305730535027754,0.03094315376769637,0.49126464477493315,1.2164389358929391e-11
TACGTGTACATCCGTG-1,0.07523831238587876,0.05977344175280548,0.31401726960189835,0.03424174314697358,0.14614601448466874,0.04735143228864077,0.22323178588091724,4.712561044959999e-10
TACGTTATCCAGACGC-1,0.11901206780112569,5.4266281021608e-11,0.2729853975979966,0.009608325626829842,0.11156467056572819,9.98617977063463e-11,0.3868295382470057,2.943334123391107e-11
TACGTTCTACCGCCAT-1,0.10558176195311536,1.8544835468174456e-11,0.21888713282306801,1.8516505394612298e-11,0.07614272657933685,4.472139738911664e-11,0.4993884124543653,1.2752305481302446e-11
TACTAGGATCAATGGC-1,0.0027349544941423806,0.16414076227670782,0.5095107526631582,1.958235478171856e-11,0.35427018875925104,0.038076440776547184,0.13126690074429576,1.2080064859633916e-11
TACTAGTACCGGATGG-1,0.18755967444919458,4.394196630115833e-11,0.517068318574166,3.68641509379982e-11,0.13318347997474095,3.220510970452712e-11,0.06218852697650806,1.4468080029368045e-11
TACTAGTGAGACAATG-1,1.0869429674936494e-06,7.46983734036548e-11,0.1588375993329447,1.0374657761809149e-10,0.36603849351764656,0.043057848101593355,0.3320649719144808,2.4567145789639174e-11
TACTATGTTGAATCTT-1,0.13367281056205502,0.19191781432849017,0.47159684097189675,1.7092530305271046e-11,0.21114048505856295,2.161544134410354e-11,0.19167204899247337,9.529404330326833e-12
TACTCACTACTCACTC-1,0.08272652342410937,0.17447563900748148,0.3747018704251453,0.017398289139288925,0.155407755310586,0.060712648048803275,0.034577274544777215,1.1422811000141115e-10
TACTCCGAAGTAGAAT-1,0.13364583091588317,2.8036159731603047e-11,0.4423756717074841,2.5713098985012023e-11,0.04313549358131589,7.123048392994382e-11,0.2808430037226865,1.5578180649803694e-11
TACTCCTACATCAACT-1,0.10478458929126763,0.016429254192177483,0.4545616584957245,0.058548549278104385,0.123328927614042,0.041137820410070663,0.10120920069100664,4.520975802913637e-11
TAGAACATGATTAACA-1,0.10023072501193825,4.898865780299204e-11,0.3167914311739095,3.350357139438944e-11,0.12413002073604507,5.82582433486614e-11,0.3588478229289298,3.023269323887356e-11
TAGAATTCAACGTGGC-1,0.05078866202151346,4.393647736185384e-11,0.27843638521277114,2.8510616389201746e-11,0.05343541791552421,1.8931289494205126e-11,0.517339534859831,1.4237544340380348e-11
TAGACAATACTGGAAG-1,0.13016080903050062,0.06677030173899622,0.4309547418480294,4.694842359751883e-11,0.2592065592702178,0.012907588038421292,4.601007441305885e-11,1.889945269895353e-11
TAGACAGGAGATCATT-1,0.10209169410519116,7.306971976681037e-11,0.41238573716805976,4.4732495498238964e-11,0.27446117095489203,3.6356985766947365e-11,0.11106139762447167,2.274844937115597e-11
TAGACAGTTCAGATTA-1,0.06607525768088698,2.1279503028217314e-10,0.42096037844371276,1.8942365386654646e-11,0.10858336617407688,0.11555990393703126,0.3674290736189894,1.2672172559122454e-11
TAGACATACGTCTAAT-1,0.054836070789731836,3.9620562932334826e-11,0.5032948089429912,3.603059129922092e-11,0.2545709661526538,4.6813097669464866e-11,0.08729815422647917,1.3353634363817791e-11
TAGACATGGTTAGGTC-1,0.06249412096043883,3.1571607630319205e-11,0.320219048408928,2.486400597846989e-11,0.08135282284555061,1.22939038412194e-10,0.49432566505182,1.2672144549750248e-11
TAGACCAGGATATCGG-1,0.11344447857566568,3.316387392465808e-11,0.28325048760465854,1.4362054273452054e-11,0.07086554084791229,1.9588475940337536e-11,0.49799224272340487,1.2672155141481079e-11
TAGACCAGGTACGATC-1,3.490919574728103e-11,2.7810058496913554e-10,0.397840988863776,1.7461807599091116e-11,0.358208575597218,1.0871745550532417e-10,0.3636095666933524,1.2672176518889554e-11
TAGACCATCGATTGAG-1,0.011474460951824368,2.0187698671697346e-11,0.32859870153934445,1.0832148127415233e-11,0.43493923887081637,4.38340018896642e-11,0.424987598518662,9.341987873373357e-12
TAGACCATTGCTTAGA-1,8.347256671486543e-11,0.023324288343812973,0.39937729094234153,2.5342147545849938e-11,0.11568798984154863,6.256133308709798e-11,0.4894863760336607,1.2672159406383268e-11
TAGACCGCGGAAGGAC-1,0.0665479828612024,1.9717863481085632e-11,0.3892942780091545,1.836156192022586e-11,0.17909887248640405,3.749489045830801e-11,0.495606318796167,1.2672177585378584e-11
TAGACCGGCCAGTACG-1,0.02477627603811783,0.07566347804887019,0.5429245884316873,2.615084235965065e-11,0.20093277945352805,0.015875699833373037,0.03982717819470968,1.776522819918343e-11
TAGACCTGAGGAGCTG-1,0.0639568272002476,0.07416918319359588,0.34509231801452844,1.5280024210539961e-10,0.2204561319490262,0.08968747249854615,0.10663806695139436,5.620595722792974e-11
TAGAGCAGACAGTCCA-1,0.15208244927252637,0.03159192215184113,0.4330349988859787,0.005357124733559762,0.22104630757582638,0.03588159735880109,0.021005599988714742,4.977579631021417e-11
TAGAGGCGATTGATTC-1,0.03722433282732369,1.5997460781635173e-11,0.5119547258672442,0.20168300122653637,0.0844450093928377,2.006917329449152e-11,0.26791778626084556,1.2672173654230847e-11
TAGATGAGGACGCTTA-1,0.16650454298126988,7.141627332900231e-11,0.28174130418669696,1.9440014016957107e-11,0.19014562561433576,7.377693850839664e-11,0.4921736837653086,1.2676460803265736e-11
TAGATGCGTGCCAGCG-1,0.13798929778119506,4.733876889877886e-11,0.43471524377947574,1.093433942143809e-11,0.19315453060584226,1.3506069584325205e-11,0.43414092771891033,9.18533366903315e-12
TAGATGGCTGTATGCC-1,0.12208752778583071,7.524370278897073e-11,0.2905017738156629,0.011651733450649755,0.4757589601553156,4.497336340515072e-09,1.924640532894715e-10,4.636393660651781e-11
TAGATGTCGAGGCCAG-1,0.051490110031436845,2.4436620114223518e-11,0.41364278530673987,3.53875425056884e-11,0.09028269453284368,6.412394097782608e-11,0.49873117925568805,1.2672163840457024e-11
TAGCAATACTCGAACA-1,0.12532927851795306,0.24051255580963393,0.2847830908505743,3.6014136275759705e-11,0.2422079066431484,0.007167167829597031,3.206945529707111e-10,2.2091610135998946e-11
TAGCAATTATGGACCG-1,1.08272304658036e-10,1.3901416245181208e-11,0.3969914072256273,1.3906281270724659e-11,0.39401344917544934,2.182024425875765e-11,0.40899514341117305,8.049235180961416e-12
TAGCCGCAATACCTGC-1,0.03887069886137338,0.09125461608741234,0.4602329661775551,1.6489632128020992e-11,0.2701041934986255,0.0395375254207905,7.644445212997143e-11,1.3820459663902963e-11
TAGCCGCTGTGGCTGG-1,5.649541322011919e-11,1.5998810694532916e-11,0.452462347357086,1.4020438430647211e-11,0.22049194294361432,0.12396240709745159,0.403083302484843,8.09277114897016e-12
TAGCCGTAGCCAGGTG-1,0.11532440045637533,0.04164184138573744,0.4966602482666384,1.726864727618215e-11,0.08607983382078424,1.3678872062851994e-11,0.46029367597274096,1.0351664754930573e-11
TAGCGGACCACTGTTA-1,0.04171414272142403,2.2245142875816507e-11,0.3533889679532135,2.2194042164460873e-11,0.1673614978153245,0.19426628743934993,0.14326910407205395,1.5944608965126392e-11
TAGCGTACCTTGACAT-1,0.17863320180354295,1.1372685627879251e-11,0.4166637696472661,1.4170302157417273e-11,0.22771446981616683,1.6249396269403532e-11,0.3769885586603065,8.140912605426435e-12
TAGCGTATAGCGCTAA-1,0.05120346859148468,3.803305087023367e-11,0.2777420821487241,0.0101334744074101,0.4132434929344951,0.009792677605930876,0.13788480427214062,2.630866021885184e-11
TAGCGTCACGACAGGC-1,0.1936338966021643,0.012797168370153609,0.34236472751392916,2.3388958667487987e-10,0.1681584117296161,0.03136803785036789,0.15167775768598665,3.434820225439994e-11
TAGCGTCTCAAGGTGG-1,0.013202646035454891,2.183055500180078e-11,0.2383767989307068,2.0166318124739612e-11,0.22764672143171,1.7764008332303047e-11,0.49678033123513177,1.2672150252253517e-11
TAGCGTGGTATTGTGC-1,0.06137000491565388,1.9286240955552574e-11,0.3071159482243265,1.6729690769069797e-11,0.14910737866836796,1.9291107146963775e-11,0.38240666839745785,1.3285536472578386e-11
TAGCGTTATGACCTCC-1,0.16453379828895717,0.027928830923587555,0.4340147978145574,0.010357499460273395,0.15874128880023242,0.05697602573388362,0.047447758710437604,2.814091668431061e-10
TAGCTACCATACTGCT-1,0.06380283115515231,5.2622749482752194e-11,0.29857237791477687,1.4507039620030896e-11,0.3060219770606772,3.481427329785733e-11,0.33956075340304837,1.2672153935604205e-11
TAGCTAGAAGCGATCA-1,0.017765511726849075,0.09705954173822927,0.5905870315571884,0.4191967412653194,0.07095099471001287,0.004440178778264905,1.5542260729076275e-10,1.0409632437389779e-11
TAGCTAGAGCACGCCG-1,0.05569953166628882,2.94227990380589e-11,0.38581933884784586,2.929293568968857e-11,0.18794503898712409,2.4435921157739597e-10,0.28384384630091863,1.2672118591172298e-11
TAGCTAGAGGCCTGAA-1,0.07896989692449975,0.046013278016873514,0.4976880715600147,1.734667215680443e-11,0.09718946871371514,3.458133209329131e-11,0.4801392845864847,1.158403450251777e-11
TAGCTCGAATCGTCCG-1,0.12921363082319048,0.14660881363693054,0.45716660437002593,2.253927376632803e-11,0.06653106572812184,8.172235644154983e-11,0.10047988545536947,1.4018802127955057e-11
TAGCTTAAGCTGGCGT-1,0.2700968130282431,4.4222591734525404e-11,0.479709879186727,1.826162609568385e-11,0.0902984750576795,1.8261622638854764e-11,0.3598948325953488,9.710331760817258e-12
TAGGACATCAGCATGG-1,0.021325812691887387,3.8607348675921775e-11,0.265319766537884,0.03359546758300521,0.30758378965649497,5.5650105251236736e-11,0.27217516349110105,1.546876600468688e-11
TAGGACGGCCAGCCGA-1,0.1688833791418125,0.03226992781375823,0.25686017037687975,0.01847768635654845,0.15101481933668792,0.052958292031811974,0.2070412098889967,0.012494515065806514
TAGGACTTCATGTTAT-1,0.041816577546354344,5.8017628782467026e-11,0.22084336622608264,4.041350236258763e-11,0.06260409512441845,0.010971840542973904,0.5637641204725041,2.121693914605598e-11
TAGGAGCCAGACTCAG-1,0.05238332616685184,0.15384442315558958,0.4216003043794775,3.869400696138539e-11,0.2057359988952902,0.0664359452808112,2.1281328563197437e-09,1.5989356236496344e-11
TAGGATGCACCGTTCA-1,0.12973216964516165,1.694566415964716e-11,0.4224960512949638,1.7024083966729e-11,0.1814683769588027,2.76242416506714e-11,0.3103295440019906,1.2672161808313728e-11
TAGGCAGTGCGTAGAC-1,0.20678348012578537,2.3632509669691648e-11,0.452307760471408,1.5667851330550306e-11,0.20870089153590335,1.4535207512784734e-11,0.3322078677701759,9.208070429495642e-12
TAGGCATCGGAGCCTC-1,6.013416961678815e-11,2.204986323859024e-11,0.21511013052662303,1.897660932439441e-11,0.07748185890197598,0.1005476980037528,0.5068603125670497,1.424407795298345e-11
TAGGCATCTGCGGACC-1,0.06868801598589917,0.02162861478577976,0.17064646241583048,1.830204564525334e-11,0.3921373389383558,1.9949102557436735e-11,0.24689956797570753,1.3850377060739782e-11
TAGGCGAGCGATCGGT-1,0.14342004724138807,0.07980710047752175,0.3096995357838119,0.03951980793456349,0.1893150444927486,0.050138467270987794,0.07246898192380628,0.015631014887434277
TAGGCGCATATCTAAC-1,0.35916082523994286,1.3236059272066609e-11,0.38917982991711303,8.679990118329217e-12,0.09119564765879094,1.1774722272750788e-11,0.36046369712770715,7.019307293676065e-12
TAGGCTCCGGCATACA-1,0.2486539157517716,6.106750885545557e-11,0.35072198422646855,0.031600312938004006,0.2517622280085174,0.017261558873950394,1.2625201350748373e-10,3.421348837469966e-11
TAGGCTTATCTAGCTC-1,0.26511367885553244,1.3659521467100991e-11,0.3714740713172853,1.67259622886413e-11,0.11257129432779915,1.3656505391672993e-11,0.4508409554032826,9.73378057972802e-12
TAGGTCTACTCGTGAA-1,0.17104378187401026,0.01334588027125138,0.5518890643372719,5.83316587757424e-11,0.12554231889171633,9.790807053741884e-11,0.03817895446036151,3.0740629891219084e-11
TAGGTCTATGGATTAT-1,0.15800403838792917,0.0397205201855439,0.1318581064400908,0.04004787053790644,0.21880717137500677,0.04046477450465952,0.25880767933490584,0.012289839246290249
TAGGTCTGCCTCTGTA-1,0.03207479717325305,0.19784566011477273,0.3707213968851631,2.767648312352652e-11,0.19603489455143797,0.06171821718758741,0.041605034076385106,1.9548934167751625e-11
TAGGTCTTGGCTCGTC-1,0.14744879230728222,1.6461807582785632e-11,0.4684049594870641,1.935867467835528e-11,0.06366155189728498,1.080438301634735e-10,0.30653877639087196,1.2672151584985e-11
TAGTAAGCGGTGGATA-1,0.03530378748174993,1.8015996221174132e-11,0.17558387444850446,2.17367586801818e-11,0.24957943187775533,1.9107000822121136e-11,0.4395329069216837,1.2875967161273973e-11
TAGTATAACCTCGACA-1,0.265779314649321,2.4964189039550806e-11,0.49516446934786235,1.795440399530307e-11,0.02696850391692281,2.763346373441218e-11,0.13847001455321808,1.2672139419787382e-11
TAGTATCCAATTACGT-1,0.14958839239102295,2.3087388235088387e-11,0.5115469352737161,2.7001735594339284e-11,0.07429617323104518,5.6583683302789786e-11,0.24080759023619214,1.2672149957979671e-11
TAGTCACTGGATAGGC-1,0.32248036066431485,1.3890989738344477e-11,0.3638682039758476,1.058561339847214e-11,0.16543276738207177,9.59136494235962e-12,0.3482186679229175,6.5926568412776136e-12
TAGTGAATGTTCAGTG-1,0.24794481795039156,2.8422102984178487e-11,0.4432131124294073,1.1089344644831664e-11,0.07362162770796324,1.5296672209391136e-11,0.43522044181633524,9.078601512182787e-12
TAGTGACCAGTTGCGG-1,0.05875020395549031,2.8720118875747083e-11,0.5507205015379503,0.017197142312169636,0.25317914662774305,0.020153005555247554,2.3618824536682392e-11,1.6274715382652252e-11
TAGTGACCGTCGATTA-1,0.07849636624748693,0.05871841896861642,0.3121755437278979,1.7438913158148983e-10,0.25003615100017046,0.10889764418161002,0.09167587569642717,2.725329175946482e-11
TAGTGACTCAATTGCT-1,0.1692080281148945,1.8156566089495475e-11,0.4810462965484629,1.976924798537385e-11,0.07147618052510213,8.075823931421067e-11,0.47826949455007284,1.1556208155847075e-11
TAGTGACTCGCTCCGC-1,0.06011898571244726,2.4362121188599232e-11,0.3093391377389615,2.4362127889765874e-11,0.004739831647523492,5.619809839130192e-11,0.5258020448488129,1.5560808478806257e-11
TAGTGAGGACATGTTG-1,0.2766718071328103,2.8866395356201025e-11,0.493046228477196,1.2304748129155758e-10,0.06790517102791997,4.110463864839526e-10,0.3623767927398302,1.0079286196967724e-11
TAGTGAGGACGCGAAT-1,0.08328661157977361,2.345836733372683e-11,0.32363753735517986,2.3611404111069463e-11,0.3153240098537376,5.11193384365487e-11,0.47775184102203755,1.0942287834227828e-11
TAGTGAGGTATCGACC-1,0.14634930164267027,0.017215195922584546,0.5343639634065156,3.7493121282473626e-11,0.24669191791412007,0.017055572789330176,0.042753053482266434,1.2672157082423525e-11
TAGTGATGACTCCTGG-1,0.20157054764004112,0.07034355221087492,0.5331108137651673,5.931083680815351e-11,0.15434776393476704,0.0825331869218524,0.15809413495592303,1.235789654833831e-11
TAGTGCACTATTGTCA-1,3.497996030644989e-11,0.032786719365717434,0.5351707128962943,0.19472203787756315,0.09747933665923918,3.571546781040922e-11,0.07639790007343568,1.2672141890243759e-11
TAGTGCAGCTGGCGTC-1,0.015460902581882558,0.12413497999669272,0.5373219877836435,1.7270068167955452e-11,0.343765763153964,0.042197878813169304,3.394987840631584e-11,1.2672165006957154e-11
TAGTGCAGTGCGGTAG-1,0.33844320604395517,1.2818265589073456e-11,0.45038567764317333,1.2149046084255308e-11,5.3402758177526653e-11,1.370405132003205e-11,0.4111711161800823,9.049199026089968e-12
TAGTGCGTGGAGAAGT-1,0.09951211322175439,0.0314364368872838,0.38913351965554693,0.045589457802308365,0.23680434174764275,0.06489233163080874,0.032631798897245365,1.7111698269556811e-10
TAGTGGTTGAACCAAT-1,0.1586222123843732,0.018158475296996615,0.21786237364667474,0.044669869256134746,0.2680655608876339,0.04380639390463268,0.11770776057117946,0.03110735406418404
TAGTTCAAGGTCCACG-1,3.556693729396582e-11,0.39117873966983285,0.25932942516073265,0.03600321637903322,0.01980598311553032,0.08083024383291468,0.41285239177557775,8.207956473100186e-12
TAGTTCAATCGACCTC-1,2.480234331874554e-11,1.5295665254649426e-11,0.34627278958990276,6.8744453041956945e-12,0.3463485184357787,0.16792717607079527,0.3394515158372008,6.474264737364654e-12
TAGTTCCGATAGAATC-1,0.17575562627000021,3.1716545951423125e-11,0.4598664064696521,1.3182703323180929e-11,0.11621094928326252,1.944140726035859e-11,0.44816701785980495,9.79517351748337e-12
TAGTTCGAATTAGCGG-1,0.08272352586258232,3.365479341356813e-11,0.4829558796323081,2.2540047868196352e-11,0.152051544572343,4.3445041302309145e-11,0.48226904968594403,1.1598476315477603e-11
TAGTTCGAGTAGGAAG-1,0.09612729200022542,0.00772601018648467,0.22734369210049218,0.007997230122771405,0.376670420518891,0.0356948621303225,0.14844049289531244,6.149551060287167e-11
TAGTTCGATCCTCACG-1,1.1431668244506955e-10,1.7035120233058914e-11,0.2859146119599376,1.8505295475669075e-11,0.18279960854297536,0.10326104325348753,0.49935220247006684,1.2672170379814782e-11
TAGTTCTGTCTGATAG-1,0.0627128485957463,0.0147140929383779,0.16618955595184434,0.02195261141035245,0.38050399713657107,0.09692384296959698,0.15700305088203126,1.2962932027263787e-10
TAGTTGAGCCAGCCAG-1,0.06249487611921025,1.629179952794292e-11,0.22021732202760758,1.898901212039472e-11,0.10642056799114331,2.3361066393662e-10,0.5108672338023835,1.343341778711718e-11
TAGTTGAGTTCTGCAC-1,0.03672691087138129,3.155703829845502e-05,0.19637483279158516,1.6260453532237707e-11,0.29142414444818926,2.83132546815974e-11,0.49672304842135206,1.2672159860352603e-11
TAGTTGGCTTAGGCCT-1,0.12495998620939014,0.02802761758467399,0.29318759699629904,3.0923092774363987e-10,0.22781802892908634,0.07148772862198081,0.15451904123194923,1.3132559762893893e-10
TATCAACGAATATGAG-1,0.16201137472904473,1.5132394085538105e-08,0.5561168871084171,2.2519666157214404e-11,0.06978186065998332,8.223219886028895e-11,0.11208986228338767,2.005623366515865e-11
TATCAAGGCCGCGTGG-1,0.1803344099751436,4.2923800701832624e-11,0.40885518112762553,5.760899012395386e-11,0.10136047295333714,3.424046199318646e-11,0.2094499358402847,1.7174943309697682e-11
TATCAATGCCGCTCAC-1,0.1292767214384528,0.03588531478854069,0.5689507686109714,0.07973535828761054,0.04457771529173075,0.04157412158286229,8.422051844972889e-11,1.4534485832453344e-11
TATCACATAGCGAACT-1,0.15573477854631554,1.6260468728686656e-11,0.34112273378081615,1.585112101605715e-11,0.09348456549611481,2.7646024134900888e-11,0.4997115007501764,1.2672170543507725e-11
TATCACCGGCATCGTG-1,0.1264274958462871,0.14195820030017775,0.2604113910448979,0.03704901008986409,0.09223549910429095,1.3991466700797327e-10,0.24191840347989177,2.3280717892994013e-11
TATCACTTCGAGCCGT-1,0.01951058789342344,1.844020666718596e-11,0.28224890064019714,2.65177360633119e-11,0.18751384683143163,0.04014737230974912,0.37057929236342113,1.4561528082845088e-11
TATCATGGATGTTGCC-1,0.3277892907050873,0.037183316351146176,0.4700479852846488,1.8216398692618196e-11,0.03806488753195056,3.004715490515398e-11,0.054633530467963,1.26721370562791e-11
TATCCAAGCGCCGTAG-1,0.23096973782922486,1.6643807752498702e-11,0.43124436325093835,1.729132102233365e-11,0.06849968909418586,1.874779515164476e-11,0.46928620969644486,1.066297810487905e-11
TATCCAATACCGCAAT-1,2.8618708137525192e-11,1.436933225234114e-11,0.21888574448938172,1.9588478517658565e-11,0.26390546892825223,0.009256905807620333,0.4994145493540339,1.2672149947746361e-11
TATCCACTTGCGTATC-1,0.20394561819143506,0.0015137859229442318,0.48052224520339815,1.696650008688991e-11,0.05052983966775213,2.616491094626039e-11,0.46348851090451915,1.0664592210724267e-11
TATCCGACGTCTAGAT-1,0.019188855626721412,4.903012513670051e-11,0.4943008411431909,2.162903328659576e-11,0.19706117543034335,0.02928436142535804,0.46016476624321556,1.0125575430368947e-11
TATCCGATCTTGGCGG-1,0.08818227634980036,0.05554020963818225,0.3293672791049836,0.013928011037422637,0.2381182693495677,0.12902914870481869,0.045834805705211076,1.241303075592845e-10
TATCCGTAAGCCAGCG-1,0.01652681577725997,1.5946512235817958e-11,0.40771414040250403,1.806060366316952e-11,0.37993580654132797,3.131294822614631e-11,0.21251513100898034,1.2671990962937176e-11
TATCCTGCGGTTGATC-1,0.03134474047836235,0.07360054715200966,0.5078310250584154,0.12193563580455487,0.16528809038179818,4.103979845539335e-10,2.948670599497562e-11,1.2737206281970312e-11
TATCCTTACCACGACT-1,0.16116942772064613,0.30630008419366506,0.49696846519236193,7.623123458096403e-11,0.23556200206131994,3.6327352940307787e-11,3.5881263960789664e-11,1.2592066502386848e-11
TATCTAATCACCTCGG-1,0.0290180512348656,0.08058997740853925,0.40981603406063044,3.32181449085154e-11,0.3192406536079663,6.444118253079043e-11,0.06133528359643639,2.2672855719010396e-11
TATCTAGTCGCATGCA-1,0.12889556444935293,2.592484100780098e-11,0.46742600754038166,1.3210794997832346e-11,0.17196427871154538,2.59715203500279e-11,0.4317141491959877,9.202485670823454e-12
TATCTAGTGAATGATC-1,0.2450843002926138,1.8036469615775964e-11,0.418903507856641,0.09385514776622905,0.10951858517480625,1.128580660629086e-11,0.33263845886146776,6.318570422632863e-12
TATCTAGTGCCATATT-1,0.0923985132601837,3.985762213969079e-11,0.28152519572681817,4.750461960928971e-11,0.2750854778091363,0.031243465164219088,0.21974734794983958,2.6628684322980043e-11
TATGAAGCGACCGTCC-1,0.16676571869041143,4.6128196887081096e-11,0.5433731389747052,4.581630526026404e-11,0.18500143615929748,0.0048597020659614625,4.049741801661839e-09,1.6970576037262952e-11
TATGACAAGTGGAAGA-1,0.08187556330294332,6.5114534949725135e-12,0.4074322470606306,7.335897006781796e-12,0.3182676056055961,0.07546870074225841,0.31695588325798424,5.843020630499204e-12
TATGACAATGCTTGAA-1,0.35573497215967426,1.2425958071683713e-11,0.42405507177254276,1.113991338436875e-11,0.030088155627984847,1.2425130863349236e-11,0.3901218003805509,7.60101419295413e-12
TATGACAGCGAGAAGC-1,0.03507236986950802,1.1268573511297992e-11,0.45924485990054725,1.590132052208451e-11,0.2260782062542831,1.594639448375508e-11,0.4796045638219513,1.1234793431220721e-11
TATGACGCGTATGTCG-1,0.10669953012567952,0.060896892927284556,0.44566185439052536,1.410312344260141e-10,0.21123043559936694,0.01178646190901913,0.06372482490416251,2.6891795961324007e-11
TATGACGGAGATTGGC-1,0.006660628026913499,1.945063073772546e-11,0.589860603911491,0.3650755212274901,0.06828743654425146,5.391809668354524e-11,0.17011581017776228,8.893385078088761e-12
TATGAGCGATCCATTA-1,0.015301273874401911,2.0859764110857103e-11,0.2016921485758133,2.494509816091248e-11,0.4007347352480903,2.274122016865672e-11,0.3326262259930361,1.2672149730766909e-11
TATGAGGATCTACTGG-1,0.14766385174069147,1.6723795580705316e-11,0.4909971924168356,2.1195367091127137e-11,0.27917839529958655,2.9053788031789024e-11,7.768873401534497e-09,1.26721309709675e-11
TATGAGTTCCGAGTGA-1,0.20297213757848034,2.1022781579351167e-11,0.4861581728211912,1.8337473852512857e-11,0.05461744319610986,1.833747502260807e-11,0.3509296505870172,1.2672172595381192e-11
TATGCCACAGCCGGTG-1,0.004161949937946172,7.185980220174421e-12,0.46322513786674424,1.0784389406236264e-11,0.35385295220146207,2.1604649671599103e-11,0.37875995993045003,7.1859803244558915e-12
TATGCGTACCTGAGTC-1,0.08896278012107108,1.3365879913132776e-11,0.25558696169678324,2.3788681823909356e-11,0.1252616476127116,4.6973407081767995e-11,0.4982773646702027,1.2672153401700014e-11
TATGGAGTTCTACGGC-1,0.0922175360866803,0.023769956349692083,0.31916483960290404,0.04827831462746404,0.2858973506024758,0.07290492554941015,0.05776707709950002,9.627216379917627e-11
TATGGATATGGTGCGA-1,0.14303443635499777,1.7152053171773104e-11,0.35897843021732206,1.6587246879607337e-11,0.2020025122411674,1.9111143192481458e-11,0.4959846203437975,1.2470651730031976e-11
TATGGCAGTTCGTCTA-1,0.1587732146670079,0.04075764713180399,0.39940387015711537,1.8796256064480887e-11,0.11809091276461574,2.433757531976196e-11,0.48297435509316383,1.1559086098132274e-11
TATGGCCATAATAGAC-1,0.0526183926108302,0.002054005412328491,0.2662164857875147,2.5031881490074847e-11,0.06255674249068337,9.078526025306333e-11,0.5165543736661838,1.4538338513944368e-11
TATGGCCGGCGACACT-1,0.08699412417713992,7.184990025907533e-11,0.4026346205387278,4.581271814703518e-11,0.13772366631352648,0.02362522048280986,0.2490223683712932,2.4777926226145075e-11
TATGTAGAGCTGATCA-1,0.10495097953247605,3.134999057355324e-11,0.21622628331946653,1.5388879622919854e-11,0.10041568370875002,1.1468733006520545e-10,0.49675397332803967,1.2672126761142719e-11
TATGTCATAAGCGTCG-1,0.03388123466696602,6.265633835641539e-11,0.14880081018526264,2.567208553883161e-11,0.16175920403325894,3.031844019727372e-11,0.5555587510135424,1.964944158786714e-11
TATGTCGAGGTTGAAG-1,0.04127532156903504,0.08542052384268553,0.512329187349403,8.480872847125853e-11,0.11306923661135555,6.856397169325548e-07,0.17435044980422804,1.267213434562762e-11
TATGTCTAAGACGCAA-1,8.524770324075135e-11,4.479794525520873e-11,0.3381349413982916,0.013482091932889954,0.06230957696724502,0.037361968754159564,0.4487114208218557,2.328848968300146e-11
TATGTTAGGCCGAACC-1,0.3715854135793524,1.6836504170421296e-11,0.3023524207355398,1.0587621113417088e-11,0.11898367271388778,1.1925759997247517e-11,0.4070784928988163,8.374563874179383e-12
TATGTTGCAGTCTAGG-1,0.15711919962787108,4.0061862459626285e-11,0.43395092186944784,2.6419233620712416e-11,0.19983300819533145,1.2102626463513182e-11,0.4090968701975463,8.168026429458649e-12
TATGTTGGTAGGTCGT-1,0.35936375489366196,2.26837883628524e-11,0.272727712874659,4.792127869235059e-11,0.046942665168669316,2.026671787745242e-11,0.4962408231151244,1.2672199653315626e-11
TATGTTGGTCCAGTGA-1,0.018254779909596015,3.3531480204281107e-11,0.5054039429604669,0.08174060760810176,0.22146196094927295,1.542521624402593e-11,0.3731387084657866,1.0020206524056798e-11
TATTAACTTCCGCTCA-1,0.09183974297228222,2.4216418168665056e-10,0.26388557206422264,3.598363645137418e-11,0.36577110492216025,0.026774729083468563,0.15172885068479927,2.29889626412134e-11
TATTAAGCAGCGCCGG-1,0.10492333142785892,0.13009030531315321,0.18304072357535237,0.019194126682979935,0.08912145902317437,0.01932615176989852,0.3543039022436699,1.6676980854996967e-11
TATTCCGGTTGTTAAT-1,0.031927632331756745,0.1347759665374008,0.3930749574785343,5.4962988360126705e-11,0.17421811632504178,0.006694030375721115,0.1593092969198777,1.8244402653051728e-11
TATTCGACAACCGTGA-1,0.13583163837509754,1.5389065658523043e-11,0.41756603402694786,1.6572192311579497e-11,0.14619226016203532,1.963743436834999e-11,0.49356437284763005,1.2672245174323342e-11
TATTCGACATTACTAT-1,0.054347045860996895,2.0709724493363082e-11,0.30032422298811967,0.024776815947898108,0.19186871038724942,2.28543820442663e-11,0.495018734118058,1.2672168332066465e-11
TATTCGGTGGAGATTC-1,0.024775991098223045,1.743361445969786e-11,0.2769027203025251,2.167333912613877e-11,0.15726858036416091,2.0437150619318795e-10,0.49645274764561126,1.2672144847522344e-11
TATTCGTCTGCGGTGG-1,0.06255578726443152,2.899266678910715e-10,0.4997515929866924,1.9405725256349641e-10,0.3376926190022127,4.690467207371722e-11,1.8970198715016742e-10,4.3992250229769333e-11
TATTCGTTAATGCTCC-1,0.13574180629002633,2.1665483399190796e-11,0.4357598821963639,1.7500993368020605e-11,0.1345540162088043,0.0066991645388879365,0.48724513033295896,1.2266997242417988e-11
TATTCGTTATCGCCTG-1,0.06273127632113062,0.04199729734043479,0.29904746482601957,1.6558436314338915e-11,0.30079893154509,3.008054515328413e-11,0.4954250285854801,1.2541395665670651e-11
TATTCTAAGGCTCATC-1,0.18797650127037646,0.010598446398621614,0.45009254043859437,1.0039242682754296e-11,0.1362152433015146,2.053007816006114e-11,0.4151172685266981,8.431381820282087e-12
TATTCTAGAATCGGAC-1,0.0804290605394006,1.157587459681654e-10,0.2826959606126679,1.1534281165146903e-10,0.23599450052987112,0.02118725464683412,0.2796932234441024,2.294348176979347e-11
TATTCTCAGCGGCTGG-1,0.0393828279332501,2.2788426896785524e-11,0.48615965788348964,3.3363084330068146e-11,0.13367719432928304,0.010008527573847719,0.3534285348075548,1.2672159936107871e-11
TATTCTCCTATGATGG-1,0.05342834695516764,1.8017254239963788e-11,0.5039123260798659,3.116805215294786e-11,0.17027702314879026,1.6223296029483004e-11,0.4723823036553459,1.1030364690011904e-11
TATTCTCGTGCTTGGC-1,4.1033039404811237e-10,3.365737747259511e-10,0.29499947192149706,4.1786465628203544e-11,0.1448995075430898,0.05130535395355479,0.40879566581174476,1.9307025792170443e-11
TATTGAATCCGACTAA-1,0.1456238606611967,3.6404486627911526e-11,0.3410199187822251,2.6909947493763975e-11,0.2850909524884113,4.168777487667151e-11,0.12826526796707655,2.29610718464336e-11
TATTGAATGAATGTGG-1,0.12339359292204372,0.0284578874961535,0.3617699157308722,0.03401269807751111,0.16757295737828504,0.06254767545016209,0.12224527262775227,3.305532691323423e-10
TATTGAGCATGGACCG-1,0.039953166487604365,2.4597631848098078e-11,0.24497176647824195,0.004797327760919638,0.15113338271206134,0.08989780640728187,0.3692465501465134,1.9448484927752022e-11
TATTGATCGTGATCTT-1,0.07834821973834054,2.8499762609722697e-11,0.28264913977296047,2.0976515826503875e-11,0.04638593740660001,2.8387404056057842e-11,0.4926167030558743,1.5611421892930018e-11
TATTGATCTACTTCGG-1,2.4632311472972737e-10,2.3028492904731334e-11,0.35716238795316513,0.20957155636934663,0.1506030052723126,2.989786112344698e-11,0.482663049963205,1.1555062371545455e-11
TATTGTTAACCGAGAC-1,1.5665526311651063e-10,2.1423279487921843e-11,0.28485455228710055,1.272866876193586e-11,0.1512789653720411,0.001596710900975894,0.4704979941692109,1.271548268453166e-11
TCAACAATGGAGGCCT-1,0.03209316012867856,3.475160922680538e-11,0.48575896070708424,3.031435681453579e-11,0.04156793566319366,4.0336010385172513e-11,0.3405799434566434,1.5193999174279578e-11
TCAACAGGACAGCAAC-1,0.24716280121592157,3.078827819920531e-11,0.5038748420768814,3.749462449925388e-11,0.12149789291580494,2.8981685224197375e-10,0.07137414764253248,1.2672142585586361e-11
TCAACATGGATACAAC-1,3.137296169944259e-11,5.030456611082259e-11,0.2408953880532807,2.7155595270305108e-11,0.13432705577577994,9.024863912886168e-11,0.5247775560324933,1.521384714941544e-11
TCAACCGGAGACCTCG-1,0.14091242318076486,0.04318712797614859,0.3633407959612747,4.017766350720932e-06,0.19498545204226914,0.06530609034648278,0.09226409258355334,1.1347506928840926e-10
TCAAGGACGTTAGGAG-1,0.01626085424158331,2.248330660179953e-11,0.14835807569568552,2.3921950220124814e-11,0.2201174775446182,2.1204751107388773e-11,0.5152635925672635,1.4031645394103885e-11
TCAAGGCAACGCGGCT-1,0.12720175380927318,1.3227714283862988e-10,0.5765439534070915,1.5685193209485604e-10,0.12392125629440115,0.019096517487309825,0.053236518707947544,2.7998426804388132e-11
TCAAGGCGTCTACTCC-1,0.0023659828024955717,2.0535224048276015e-11,0.248466282925776,2.1437773204295833e-11,0.13667408052524907,2.31033235396459e-11,0.5124936537988198,1.4018304362242886e-11
TCAAGGTATCAACTTA-1,0.12176618411896642,3.336475188497788e-11,0.3559303591712925,2.9565776759072085e-11,0.1668341438875283,2.788771810227218e-11,0.2554693128810079,1.3733564712701223e-11
TCAAGGTCTGAATATG-1,0.07512183646019165,4.074776994659296e-11,0.35125144364334754,2.9285170196780064e-11,0.17944585749127856,1.299166873566685e-10,0.29418086223061796,1.7933488676406325e-11
TCAAGTGATGGTTAAT-1,5.084548091505533e-11,2.6358597673962088e-11,0.27112334551991196,1.5010377294038344e-11,0.13359325408102568,3.367059237403523e-11,0.49815130700235155,1.2672964910399944e-11
TCAATATTCCGGTTAG-1,0.05985594471820935,2.216569918954339e-11,0.24894735491103284,1.7232577860990208e-11,0.07340816553972217,2.2199093349540055e-11,0.5177885348856596,1.4037831490118658e-11
TCAATATTCGACAAGA-1,0.11337825288255104,0.2827098894635574,0.3662885372508892,3.495996082495144e-11,0.1034068604428565,4.337580630891068e-11,0.034216459894466346,2.0507372115855612e-11
TCAATCAGATGACGTG-1,1.2959246204343965e-10,0.02764196924668364,0.3885105585155441,1.799478380166564e-11,1.6334220097733815e-10,1.7954340518649764e-11,0.4937659244064808,1.2672105604141894e-11
TCAATTAATAGAACCT-1,0.11834029221631615,3.4628964679172886e-11,0.21372184826991808,1.6482306963739916e-11,0.04645556068333459,2.1153819570723487e-11,0.521482298827272,1.4924708833885676e-11
TCACAAGACTTAGCTT-1,0.13774953396682094,1.7236626620617678e-11,0.3756618570263058,1.5391676158698474e-11,0.07620735567844036,4.3330299195309174e-11,0.49777818158141585,1.2672170867139813e-11
TCACAAGATGACTCGA-1,0.057957827937028916,1.343924164085919e-11,0.47293433688639414,2.268360194020799e-11,0.08812855022895713,1.6326525136197473e-11,0.38310679079405047,1.2672152303018458e-11
TCACAAGCTCGAGGCA-1,0.12053619979629315,1.6211294484892783e-11,0.4655108236913119,1.3716987583460768e-11,0.15582186795029085,1.7467702386388288e-11,0.4581311084437403,1.0472945610844013e-11
TCACAAGGAGAACAAG-1,0.03360045675289917,2.773673547499749e-11,0.25552471513759284,2.2683588646185684e-11,0.17317075958675257,4.413415634369414e-11,0.49986037642577374,1.2672147484954588e-11
TCACAGCACCAAGGTT-1,0.27495473263919384,0.22440735628003586,0.5162479956202142,1.6240751611082173e-11,0.16624085041353337,3.0330996640974987e-11,0.018149064850618624,1.1606220706077844e-11
TCACATAGACCTCCGT-1,0.07445554652913099,0.12522385779732037,0.5547059044069427,2.925092215489746e-11,0.14561469119569298,3.6976486976900315e-11,2.9272035992659656e-11,1.8039832588040555e-11
TCACATCCTGTCGCGG-1,0.17397930779487178,0.03689038554169904,0.49040443223428,2.779444767940935e-11,0.09722285939491462,1.9036110518564953e-10,0.10150301483334957,1.9381626618759775e-11
TCACATCCTTCTCAGT-1,0.07711488850842899,0.031137778922325336,0.3308375662131094,0.018263397107166096,0.329511474599522,0.043515130536285175,0.06961976384455343,2.8147641482471836e-10
TCACATTGTCGGTGAC-1,0.1338737079744497,1.2088391094487595e-10,0.5400456134914194,1.0924710666645589e-10,0.1945242134544296,1.899304352700496e-10,0.031556464647148966,3.314731647749633e-11
TCACCATAGATTGTTA-1,0.39192604838990275,5.6924372896537186e-11,0.39397393068398645,1.0327745667202268e-11,0.010427673882383571,1.2063427241424917e-11,0.40367234693457626,8.019935348379636e-12
TCACCGTTGCTAATGG-1,0.23611757885057236,3.320314929467914e-11,0.42074244868717603,2.516561408184424e-11,0.13651956422622744,5.792766317534738e-11,0.10662040816277461,1.6152197990218673e-11
TCACGACATCAGAAGG-1,0.2581946819042866,2.520435774311169e-11,0.3914515096647566,2.1256960675950583e-11,0.15521080266829376,2.3313387866792604e-11,0.0951430057355401,1.615079095632687e-11
TCACGATACCTAGCCA-1,0.06142848008716855,1.0883732965818308e-11,0.46795795701161264,0.1332110473775679,0.1857322778373013,8.551536571145832e-11,0.3516702375696077,6.594565379526458e-12
TCACGCTATCCACTAC-1,0.0742494734104476,2.0257441643184424e-11,0.34194755687604095,2.116224491725431e-11,0.18983297433143065,5.046416728137829e-11,0.4984913439560831,1.2672175951094429e-11
TCACGTCTAAGACTAG-1,0.043565294591082764,2.1850835663308512e-11,0.32647758403461824,1.396936018092244e-11,0.156606904986133,1.176743717165039e-10,0.498004117028466,1.2672157233620198e-11
TCACTACCAAGCCTGT-1,0.2388874222277128,1.607530758373227e-10,0.44029311723995096,1.12235366700358e-11,0.12166527087321856,1.2046980421985118e-11,0.39915418944635683,7.88490532224944e-12
TCACTACGACTCTGCG-1,0.3417594431030095,2.151465037058518e-11,0.502187306886865,2.4382954346419166e-11,0.054860512177886206,2.451513182336007e-11,0.06100913498633271,1.2672150318383091e-11
TCAGAATCGATATCAT-1,0.13708758246803415,0.013381401435770731,0.3410736295875731,0.017440551568084876,0.2041509079206566,0.02138680328453642,0.16547912362576983,1.236908501771373e-10
TCAGAATCTAATAGTC-1,0.06712909065844702,0.10149015548802477,0.2824072108924598,0.03690157996047463,0.22190723186676176,0.0476164855134255,0.12580387537894633,0.016744370253495622
TCAGATTACCAGGTTA-1,5.820316286213351e-11,4.284138881533552e-11,0.200932337944498,3.2324340745243044e-11,0.02594362343413263,0.48247115258946077,0.4906528850277372,1.2487470075701941e-11
TCAGCGCCTAGTCTTA-1,0.05649052572235046,0.015497379641134401,0.2199808449933226,0.022261886674102265,0.20193159331496266,0.011400588372984626,0.37243718115385405,1.412087802202717e-10
TCAGCGTGACCTTACC-1,0.1336697064196755,2.385289621033827e-11,0.41612258983759953,1.6682011255854555e-11,0.07257452821023103,2.6502891189920624e-11,0.316785418041455,1.2672150781603355e-11
TCAGCTACCAACTCCG-1,0.12924791056398996,0.1321286374223478,0.5275246687209643,4.1533315559154596e-10,0.0647858795077825,9.420463841228382e-11,0.046312903357309886,1.4588515901750377e-11
TCAGCTAGGATGTACT-1,0.18871856548703447,2.904857289176961e-11,0.46373243185078145,1.625628083551764e-11,0.108811903902807,1.2385613187318322e-11,0.43873709865214794,9.607810252618809e-12
TCAGCTATTAATCGCT-1,0.17552160943549303,1.9401004062397957e-10,0.4051007176981869,1.2207816628889634e-11,0.2831992166713758,3.0302086175710446e-11,0.33617845588893447,1.0433391900270869e-11
TCAGCTCGCCAGGATG-1,0.02918195268827878,0.12871532317481083,0.48124919379755104,4.150237077032086e-11,0.19760887669834337,3.333084798314878e-11,0.06324465371617788,1.3735183164865847e-11
TCAGGAGCAACGGTCG-1,0.48703222548088765,1.509447284816225e-11,0.4908087549549227,1.585112881593223e-11,0.07310437013098817,1.5851127863486125e-11,0.08341271927566239,1.2672175246582736e-11
TCAGGATACACTACAA-1,0.34101026207244484,1.530875428169542e-10,0.4951599387409197,1.9185765849849722e-11,0.08479377465890651,2.5144676199930033e-11,0.27903602424015783,1.092454550879239e-11
TCAGGTCTAGTAAGCA-1,0.0464052005312251,7.623110560556995e-11,0.08834091928314163,0.08919647144891266,0.07609481711567506,0.11268214975594218,0.4872804417288362,7.527371729700632e-11
TCAGTATGTAGGACAA-1,0.041340025788700926,1.663710872859409e-11,0.5058078602514952,4.092254396149414e-11,0.10736203193158847,0.15059969621113517,0.3046839080936915,1.2672175153030212e-11
TCAGTCAGCGATCAGA-1,0.21900196094993357,0.03537909846379001,0.5086411798169739,1.626648257736484e-11,0.2636139624616012,5.2199137565383064e-11,0.07690780355464119,1.2672174984499658e-11
TCAGTCATTGCAAGTG-1,7.690999768100608e-11,1.8527086153713704e-11,0.316143969384502,2.929322349144963e-11,0.2436082162076768,5.275809727546553e-11,0.5009211058713695,1.2672166442433878e-11
TCAGTCCAACGGAAGT-1,0.07162411384360598,0.023775486797542232,0.27405223596110667,0.022138631224719908,0.16545220999448795,8.735574266803513e-11,0.3429573220612566,4.735732489762493e-11
TCAGTCGAGCGATGAA-1,0.19844847938676236,1.8938814998180754e-11,0.47218088496819755,1.5262650492811745e-11,0.1712676731798633,4.886411200834974e-11,0.3581029623188002,1.0229840215004621e-11
TCAGTCGCCAAGGTTG-1,0.12404996667538411,1.368381670893202e-11,0.48985685117469385,1.6508298868918508e-11,0.02691922126907184,0.06577175909023818,0.49340220097388365,1.2465893248050409e-11
TCAGTCGTGCCGGCAG-1,0.08026601293992586,2.4249558406561184e-10,0.5827739538008588,0.09929398493624622,0.16342289191451204,1.766090189393549e-09,0.11520850840158363,1.2672167260582557e-11
TCAGTCTGAGTGCTTG-1,0.09337349276446485,5.033877604796719e-11,0.2576561150630894,3.244159638914646e-11,0.2329478526185074,6.935212129364131e-11,0.316022539412055,2.1155474746544997e-11
TCAGTGAAGAGTTCTA-1,0.02169989279989367,2.131688851697268e-11,0.48320776301536433,2.2865814236512061e-10,0.20660368716980432,2.13168853883229e-11,0.48848865654893586,1.17339849897795e-11
TCAGTGCCAAGTAGCA-1,0.1535295357461901,4.759488717676609e-11,0.30487056435597915,0.06843804327997334,0.31379768099978145,2.1948277064433305e-11,0.059364175561949714,2.0397651787420906e-11
TCAGTTCTCCGGACCG-1,0.19396111273910932,1.3402015605205306e-11,0.4506628462931138,1.5886440366248016e-11,0.13347222222898614,0.0016729256706792832,0.42023089300302996,8.677052619831914e-12
TCAGTTGACAGTGCCA-1,0.08831498603427035,0.017981480949748017,0.22322290322505153,2.8188224343861143e-11,0.12028786541935509,1.0801694787626223e-10,0.45019276425482274,1.886934447896512e-11
TCATACTGGTGAACCG-1,0.04723527474377777,3.130654079013105e-11,0.30201033159211954,1.629155960138448e-11,0.35091947912462224,7.12079309074712e-11,0.26696030726455744,1.2672148667316785e-11
TCATAGCTTCCAGTAC-1,0.24351112031875252,1.8350986367774563e-11,0.4774059829743989,2.1929402093027058e-11,0.06273741683827519,4.0984459372452823e-11,0.33026909246856345,1.2672176648189981e-11
TCATAGGTAGTGACGA-1,4.8651424212804545e-11,2.1102668344211746e-11,0.3398893642710936,1.1148767546856729e-11,0.3773523482800732,0.029217951155201875,0.4535403361545852,1.003362630437393e-11
TCATAGGTGAGTCGAC-1,0.36271162650654515,2.149062662591902e-11,0.3431073521284049,1.4281258058734545e-11,0.01651969426177069,2.1365167795376508e-11,0.47766132683544044,1.1911393216803868e-11
TCATAGTAGACTCATA-1,0.22673504633501357,8.570469819506608e-12,0.41221445411358043,1.4413755582502069e-11,0.1837306975582863,2.126625347957781e-11,0.3773198019253216,7.1481509223100286e-12
TCATCCATGCCAAGCG-1,0.2406582163838726,2.2765162203018403e-11,0.34420805100654883,2.2695169078152418e-11,0.15135758971802946,1.4461596654843452e-10,0.46377614262957273,1.0510644145535457e-11
TCATCCGATTGAATTC-1,0.2018518951071336,0.002880161955352471,0.3988031020166788,6.60422053575539e-11,0.18089732647586737,0.07836675366681636,0.03720076069506223,3.614233934841393e-11
TCATCGCTGCGTATTG-1,0.05841696347947803,4.6271589444151106e-11,0.3917513700768014,0.1296392574332469,0.11844668770240166,0.032859546984150535,0.16888617427354893,2.754359532214557e-11
TCATCGCTGTGCAACA-1,1.6511411155638992e-11,0.32975445296822614,0.49772780573841985,0.3251569824503994,0.04736075873257562,1.6477058164185243e-11,5.8108418790363034e-11,6.388699085278775e-12
TCATCGGCCTGTGCGG-1,0.06823913715544781,0.033405691093975426,0.30424254647202764,2.715306269770671e-11,0.11195425633096227,0.020528926247567067,0.36162944273476905,1.517385065948194e-11
TCATCGTTATGTATCT-1,0.4866655714503698,3.0900977080443166e-11,0.5196808250595327,1.6699357408255523e-11,0.10173933146245498,3.837917218671931e-11,3.960976395680884e-11,1.2672176212803362e-11
TCATCTATCCACGATT-1,0.16515898477645924,4.8491796221343485e-11,0.45955788020618704,1.70823250245539e-11,0.13639556950374682,1.8570585371152776e-11,0.43888756538208085,9.508868204325082e-12
TCATCTCATGATACGT-1,0.09780381634126326,0.005940045409563729,0.2451774190379737,0.025545481711621604,0.18523672907388572,0.006966254651970652,0.3333302537311806,5.8729927145294e-11
TCATCTCCAACCACCT-1,0.051235092710406896,3.3640346306040314e-11,0.3107406125807805,4.831737931720646e-11,0.1754745539041381,6.034225848868225e-11,0.36254974066104406,2.6019028429483973e-11
TCATCTGCCGCTATTC-1,0.06622882979813602,1.5222069399605318e-11,0.45486096561151895,1.5222068714756846e-11,0.2272970665443956,1.5738717902588455e-06,0.45161156405406433,9.723539284158384e-12
TCATCTTCCACGTATG-1,0.09226243040191787,0.008040543339832649,0.3357636768670092,3.535231350406409e-11,0.15459499724984493,1.0537540283645328e-10,0.30933835203117177,1.7251808123999106e-11
TCATGAGTAAGACATC-1,0.03154890436030234,1.6807535375357033e-11,0.20191761790984147,1.8724909740145157e-11,0.03125088291846053,0.34650508323460766,0.41713967033380345,1.2672158352371585e-11
TCATGATTCTGATACT-1,0.18968619308978646,0.07774863698952562,0.3342856476558984,0.031217532445779052,0.12969856279816,0.06259191100805123,0.07477151560544158,4.203704557402459e-10
TCATGGTTCCGAACTT-1,0.03908125714586041,3.208229274262219e-11,0.2030359960624567,2.4316794858186777e-11,0.1274465901673721,3.0162945590166706e-11,0.5304361565942529,1.5384083555042444e-11
TCATTACGGCACAGTA-1,0.10467509790406722,5.448892544993099e-11,0.5249176835081549,2.9492481004400805e-11,0.20983749531173812,0.06056972320679544,3.332307762416793e-11,1.5808734286817563e-11
TCATTCACGCGAGCTC-1,0.04113984269199788,2.8897025523356715e-11,0.21172736407820997,3.5368439725405745e-11,0.1564274284051606,5.643139065282559e-11,0.4907053647085886,2.32298130167792e-11
TCATTCACTGTAATGG-1,0.18367981981267562,2.4571251488912524e-11,0.5008936540904991,1.5069758007665853e-11,0.032410185461424164,1.6987700550402155e-11,0.4830163400924979,1.2342499405496248e-11
TCATTGATAGACTTGC-1,0.044597968413066416,0.01954926312511573,0.5919676662636784,0.011405729359917407,0.15048878921369896,0.03226988206232584,0.04972070154585335,3.593752398156605e-11
TCATTGCAAGTGCTCA-1,1.1488076530010114e-11,4.9735285128494714e-11,0.41609358612174685,0.09948449695668847,0.10720141831016722,0.09910521735880774,0.47811528108791185,1.1135903615036645e-11
TCATTGTTCAATGCGT-1,0.16096871849015312,6.606565694080244e-11,0.4215248273987511,4.9958647917337356e-11,0.22366256477883953,1.6005506982739483e-10,0.09384388908947519,1.686118542575202e-11
TCCAACAGATGCGGCA-1,0.20952106818938654,3.232724667852613e-11,0.4145209580902748,8.470590857373056e-12,0.17352353499490822,1.3986844154730268e-11,0.4024344386402965,8.073766843477047e-12
TCCAACATGACCGGTC-1,0.12357887738834378,0.0415345728197934,0.20262620839705484,0.021520986662724884,0.10562089205366233,0.10284033859812249,0.24794394633328393,0.05433417775843053
TCCAACGAAGATGCTT-1,3.787874922548576e-11,1.6546886040787277e-11,0.26223622720489087,1.8779066813155535e-11,0.3016507904721207,5.0086377918241877e-11,0.3405673716411831,1.2672278995829921e-11
TCCAACGTGGTTGTTC-1,0.37222224152810135,1.3226329466049852e-11,0.4367029819103963,1.322633100193131e-11,0.0038165936757805796,1.4435231592152749e-11,0.3872581828187165,7.54187508558451e-12
TCCAACTAAGACTCCA-1,0.18599751558211944,2.6082540821108714e-11,0.4602888297983865,1.663682423537526e-11,0.11206384551432629,1.6821589859294717e-11,0.4416498089955381,9.64848887464834e-12
TCCAACTGAATAAGGT-1,0.06045044004403023,0.11106294881030765,0.5043592157925042,1.9588546820721374e-11,0.11619812356420742,3.0788481107263147e-11,0.3553115752480787,1.2672180346781214e-11
TCCAACTGCCGCCATA-1,0.25416564440060685,1.4453650013092886e-11,0.36093600518327573,1.5344005136590293e-11,0.09985443093404615,1.5840605580061775e-11,0.48504391919096124,1.2023219953696961e-11
TCCAAGACCGCTTGAT-1,0.05942955530997292,2.1953067031918217e-11,0.4120930379232358,2.0527240273352317e-11,0.13325655834582983,1.088532221780877e-10,0.4899530893025299,1.2672174350903039e-11
TCCAATAACGTGCTAG-1,0.17798047469488473,1.5921389394242787e-11,0.46478460807998717,1.3982943187964218e-11,0.09664401773105478,2.010134239407647e-11,0.460590899380418,1.0242015759136336e-11
TCCAATCCAGATACAT-1,0.0486187768988808,4.1748373870079436e-11,0.4856117147932397,0.01855471064983907,0.3472147831708738,3.16673263683902e-09,1.1276431124568003e-08,2.669625735475768e-11
TCCAATCTAACACGCA-1,0.20880006477506674,4.30152255973506e-11,0.4751638539158506,1.6643916689075383e-11,0.03522971105806518,1.7697577115940263e-11,0.4808063699246514,1.223286949595334e-11
TCCAATGCAAGTATCT-1,0.08037505293973658,0.04619412035031517,0.4715366333225531,0.09107541671176476,0.1948839954550434,0.015934780972657384,2.242390615196681e-10,4.175482669412139e-11
TCCAATTAGCAATCAA-1,0.12663027610153274,2.515824327206156e-11,0.4948590511811684,0.005005790286459439,0.04695948325028135,2.5550735475306506e-11,0.274379478955281,1.2672144488994763e-11
TCCAATTGGTTACAGT-1,0.14583920115694446,2.1672324916883243e-11,0.41839105994847936,3.5734667546646574e-11,0.14159734129596624,0.012108088895292392,0.48206430821391755,1.2300590019435013e-11
TCCAGAGGTCGACAGC-1,0.011004073986383906,1.3406807084981932e-11,0.4291532725839504,1.0224363469732227e-11,0.29439692027879844,0.0674989832893998,0.3979467498100047,7.766321546933144e-12
TCCAGCTCTGCTATAG-1,7.438718699281123e-11,3.2709283499338035e-11,0.20138151058945275,2.753183839398762e-11,0.1342839007180873,0.02370962878323269,0.5406249598048727,1.7276890354125964e-11
TCCAGTACCGAGCGCA-1,0.05942223737740253,2.9965776049166574e-11,0.23183708114184157,1.8246548624513206e-11,0.2362362998295823,2.7736787180149894e-11,0.5006714591184226,1.2672156348952704e-11
TCCAGTACGTGCTATG-1,0.08533132711826584,0.041249047510713024,0.422392514051941,0.07084685169157368,0.14054237887234894,0.04161417579960716,0.09802370490828566,6.259818663623672e-11
TCCAGTCAGTACATTA-1,0.08484780186366715,0.024468872111796464,0.3246078943053982,3.979491687670179e-11,0.24330384025706533,6.410158015432235e-11,0.22277159137230826,2.0116317109199412e-11
TCCAGTGATTGGTGCT-1,0.3266448410177101,1.213073529433439e-11,0.5002833960475075,1.2021368229319115e-11,0.25815589174531883,1.2010062027272341e-11,0.11491587113343046,6.509825651523802e-12
TCCAGTTGCGGTGCAC-1,0.04469774911641948,1.9126948773977685e-11,0.26801227576760306,1.6142634550405117e-11,0.08826019554312468,2.133723335301528e-10,0.49902978019033173,1.2857802415131504e-11
TCCATAGCGACTCAGT-1,0.31234640724047397,1.012530400140804e-11,0.35803881304056123,7.827984825408055e-12,0.20074240653329112,9.572009998292993e-12,0.32887237314007767,6.144111979267739e-12
TCCATCGGCTAGACGA-1,0.05156165053863208,2.502843365664713e-11,0.20931079896441657,2.2251714447539396e-11,0.09039519954251876,5.401001893294031e-11,0.5487323508747781,1.8311511369852988e-11
TCCATGATGTGATCAA-1,0.23033136915912117,7.070746838013278e-11,0.5427230232924274,3.600794700741557e-11,0.0688364097482221,3.0990040243807397e-10,0.05810919740738117,1.8161052773174693e-11
TCCATGCGTCCACCAG-1,0.1192730090476369,0.20509662393264563,0.3799746560083412,2.9536848800350413e-11,0.08165005505679816,4.457492702669993e-11,0.11400565593438464,1.550141896052624e-11
TCCGAACATAGTCTGA-1,0.3458931391905603,1.3688333703667988e-11,0.4122616854426733,8.702056136088172e-12,0.06767690502503075,1.0385791613771617e-11,0.37416827028487853,7.239453507316804e-12
TCCGAACCTCAACCAT-1,0.12209550122922835,1.4402420167812042e-11,0.5288192210592276,1.800702341906869e-11,0.1692926431010641,2.166921415027624e-11,0.36258764148079636,1.2695674358698642e-11
TCCGAAGTGACAGGCT-1,0.04723528732672103,0.3677872795163886,0.40244123532606446,2.1437941090592975e-11,1.983322386043744e-11,9.105628015738059e-12,0.38253619775542924,7.3845239029909e-12
TCCGAATACCGAATAG-1,0.1456980351083131,0.03209142731673364,0.4924674578240637,2.5424509644420254e-10,0.13616459777374282,0.0887043597922447,0.004874121916902918,3.409062865125745e-11
TCCGAATAGAAGCACC-1,0.1138408923465771,4.724411675287033e-11,0.2636613440806089,4.7544239983196126e-11,0.41688683110702146,4.886104210849047e-11,0.1056109323151363,2.4334362721982916e-11
TCCGAATCATGTTGTC-1,0.16069779239462698,2.6821706858951593e-11,0.45701319757261955,2.45626839340191e-11,0.09565001382109661,2.1587975502898e-11,0.4866389957217282,1.228719116134913e-11
TCCGAATCGCAGGTTC-1,0.006993937862937062,4.640254961444631e-11,0.36975740949441754,7.757049565781497e-11,0.09977517341639425,0.07951713341878554,0.49484854571822434,1.2672168413613756e-11
TCCGAGACAATACGCA-1,0.167837601845528,4.4004998299193405e-11,0.2256268778663242,2.927396663634722e-11,0.219211230128694,2.946797002728585e-11,0.2873242900878733,1.72433124707555e-11
TCCGAGTACGACTTAG-1,0.08407429560283074,7.216275002536998e-11,0.2178911267419534,3.1747185211563116e-11,0.1875722362437353,2.5002809053908786e-11,0.41046234132546955,1.6135845865711003e-11
TCCGATGCGTATCCGG-1,0.016940135657689065,8.088786052017304e-11,0.4716737810737246,5.63184369663136e-11,0.3270460921798334,4.606319649667662e-11,0.19017326748833263,1.2672157192146293e-11
TCCGCCAACATTGCTC-1,0.04269781635314606,0.0721797699599237,0.33409848835881206,3.844223373241411e-11,0.433175291764392,9.883951117879744e-11,0.01784863344080995,2.014331501856165e-11
TCCGCCAAGGTCCGTT-1,0.09440488898123744,0.05648678603891568,0.36549574568084336,0.09135661305788952,0.11587794120950147,0.05647081340996465,0.10842441932690466,0.011482792307139802
TCCGCCAGTGATTAAT-1,0.2306452903305686,2.682243707797583e-11,0.20858285981534144,3.299933095885629e-11,0.23237717113028633,1.4114498876545557e-10,0.22839467853579373,2.0455281537369674e-11
TCCGCCGGTCTATTCA-1,0.163925325628765,0.07725832483509852,0.4434940921265404,1.4153612488756249e-11,0.07875049017358329,4.777379693535053e-11,0.4365717671333508,9.050597460541607e-12
TCCGCCTTGTTCTGAT-1,0.07771053917450803,2.155075592935742e-11,0.3555348177044358,1.4989784441449952e-11,0.2808647815446944,3.8469663789610525e-11,0.4858898613162408,1.1808663194689823e-11
TCCGGCTATGCTCAGT-1,0.11591211816853106,2.1614673879438413e-11,0.31188509995033314,1.57037385854428e-11,0.15843186751528318,2.662566901183979e-11,0.49875925096679713,1.2672170560593348e-11
TCCGGCTCTATGGACA-1,0.11784141346631113,4.395965720008062e-10,0.5589803166339004,3.0414742709538274e-11,0.20941558689465992,0.013762682412022638,1.354880448668233e-10,2.052944820988454e-11
TCCGGTACGTGGCCTC-1,0.2621285745799242,0.1248897173486646,0.47371373237887554,0.19298544312838214,0.14628253252278706,6.7252765729114435e-12,1.3572437219156246e-11,6.722866287644242e-12
TCCGGTTCCGTTCTAG-1,0.01487000671148122,2.114081278826494e-11,0.24869633956669548,2.920465883684379e-11,0.09094477303469656,2.920465837797496e-11,0.5454888806332161,1.785425560452704e-11
TCCGTACTATCCTGCT-1,0.0938765124827434,0.01907487184393653,0.3799794550354917,0.08761121418501112,0.03541962345359266,1.317662889043886e-10,0.28403832284716557,3.90649337193862e-11
TCCGTCACGCTAAGGT-1,0.08479788221590091,0.13546917132745492,0.25907371649948285,0.0299926803694122,0.12066870491661723,0.1377560094788522,0.052900322631237125,0.07934151257177463
TCCGTCCACTCGGAGC-1,0.18085450736620615,2.2009126069468938e-11,0.511997932674423,2.1869073645020526e-11,0.20714756028708436,7.095577967471262e-11,2.712389453601122e-11,1.302729521624528e-11
TCCGTGTCTTACATAA-1,0.2627661977359221,8.373639041638624e-12,0.39302599483918127,8.373638859531865e-12,0.11447505666996138,0.08912496775566961,0.3406077829634347,6.32444174324725e-12
TCCGTGTTCTGTTCTG-1,0.18601499122448883,2.0790220129904047e-11,0.4570839119399242,1.2287071452383202e-11,0.11485385667492778,2.5725315433368803e-11,0.4420472400547651,9.465179262425023e-12
TCCTAAGCGGTTCATC-1,2.873784196891996e-11,1.5641310625326006e-11,0.4204172151569708,1.1144549671866082e-10,0.457637827186821,0.06702711252715787,2.0424918879155086e-11,1.2695742884388633e-11
TCCTAATTGCGGCCTG-1,7.85225455848253e-11,2.991489308867609e-11,0.5212502359619897,1.8327359920312216e-11,0.321200260889591,0.00044141407885983945,0.35710808903987457,9.56594212982196e-12
TCCTAATTGCTCAACG-1,0.25112415239978914,0.002086452638749231,0.43749025792399665,3.5720844237338045e-10,0.08395939650433455,0.04864395833062879,0.07669578182634067,4.01857094717771e-11
TCCTACAAGCTCGAAC-1,0.09492005794884296,3.11650779706075e-08,0.2366172653548401,8.208607871605437e-11,0.15957766513952434,0.00361997656609577,0.4052650037272473,3.582112997025361e-11
TCCTACCGATCGTGGC-1,0.16169481959515675,1.8606300598114614e-11,0.38089766146907766,0.02295104698842894,0.02956112555713297,1.7069963520932588e-11,0.3048953463880929,1.6936664750924314e-11
TCCTAGGTATCTGATG-1,0.23007493224501951,0.09238715896034767,0.4856988112452536,0.08728552657834289,0.30455357089990687,1.0538045043834678e-11,4.297818915587231e-11,6.053421386416594e-12
TCCTATGAGGATTGTT-1,0.13042482377851822,5.727555067705877e-11,0.4786748462051316,0.01869151400329365,0.10285597207776138,5.278598453763456e-11,0.1693528438364706,2.1113680010997932e-11
TCCTCAATGAGGAACG-1,0.1456672953339536,2.7824859490303044e-11,0.3557956772534712,2.109179145074264e-11,0.2451240962497708,2.8443095483117723e-11,0.3665911998024736,1.2672176668833359e-11
TCCTCACGTGTAGACG-1,0.31882832886622064,0.24251522727326763,0.5152293175836545,1.5294113165274973e-11,0.01207550417313094,1.5194908975343975e-10,1.0531648463593234e-10,1.2672176555765162e-11
TCCTCATCGTGCTGGA-1,0.04810737596143895,0.12975144334019043,0.6073609845056048,0.21879663093680962,0.14207767321985734,4.413534484975408e-11,0.05390589193401406,1.0025866688182237e-11
TCCTGAAGCGTGCACT-1,8.131527444569844e-11,0.05240107071813244,0.3968867327464412,1.4568766585982455e-11,0.3442301079769964,1.1157771886441452e-10,0.3313873628698087,1.2711028068869093e-11
TCCTGACACTTCACGG-1,1.6709039416730115e-10,0.3190462257418474,0.47987674132342717,1.856293622733759e-11,0.13319548986636076,0.0029586134667491464,5.5929850694579617e-11,1.2672135341602398e-11
TCCTGACAGGCAGCAA-1,0.09754301946161824,2.0311902968595234e-11,0.290805539482981,1.6097554810910123e-11,0.18699984014370893,2.327726605760838e-11,0.3246516009000854,1.615426954628258e-11
TCCTGATAAGTGCCGT-1,0.19630877420561066,5.1672945100581106e-11,0.38259442713883374,2.1775325197921583e-11,0.08233833309403338,2.6056806581571447e-11,0.4157124181892064,1.2672171077406488e-11
TCCTGATCACCGGTCC-1,0.16239332347924454,3.804767148402835e-11,0.5250593850997325,1.2677583752579011e-11,0.16894815581420672,1.6337048953300137e-11,0.2812144942931616,1.2672175502901141e-11
TCCTGCCGTGTCTAAG-1,1.812241036234659e-11,1.7954475692289845e-11,0.5545218891946522,1.267217172124593e-11,0.052826948719892575,1.8072018838040496e-11,0.49806080765013927,1.2672169480101907e-11
TCCTGCTACATGCAGA-1,0.12877824380651842,1.0086030737197615e-11,0.3776817758301816,1.1423970775720364e-11,0.3290347740100819,1.9039321374997402e-11,0.3645052062908096,6.869063986631288e-12
TCCTGGTGCGAGGCCT-1,0.335343860544014,1.833069981805314e-11,0.40702153917947165,1.1001912375802918e-11,0.056336602351645344,1.2696305135088519e-11,0.4012979978537046,7.859580954570643e-12
TCCTGGTGGCAATAGC-1,0.1628102430364996,1.2101611123318485e-11,0.451603045191044,1.3722198085533443e-11,0.18226361320392007,1.3679941435421034e-11,0.40332309849879555,8.140095586461561e-12
TCCTTACTCGCAATGA-1,0.19169866920532572,1.6456222808401355e-11,0.47233163392826594,1.643168918998059e-11,0.29291922980611873,1.721443794073662e-11,0.12494192554135458,1.2672168512518863e-11
TCCTTCCAACCGCAAC-1,1.205154899069007e-10,5.6588036447148286e-11,0.2400174537495364,1.5914708804526414e-11,0.010706139317069091,0.1747927968970982,0.482036756365581,1.2672117933737367e-11
TCCTTGAACGATGGTC-1,0.0715564506804072,0.4852883553383209,0.4030257145316719,2.5377784270624216e-11,0.14143722918326118,8.437446797640815e-11,7.015103533452566e-11,1.2676028962410487e-11
TCCTTGGCTCAAGAGT-1,0.1951273786401708,0.05551028358834204,0.2551159221016174,2.3126523326052617e-11,0.3991029925545135,1.218111381678385e-10,0.1271235465062913,1.2792009771650458e-11
TCGAATCTTGCGTTAC-1,0.06077610712386085,0.007850599430142524,0.40967093750037864,4.629729042366543e-11,0.1655650108643183,0.09593488158389116,0.46020246338837173,1.0227719106055031e-11
TCGAATGGTTCCACGC-1,2.4698211741207968e-11,0.02662030219606149,0.4887698601637422,0.08971762842763434,0.14985525671111344,2.406435944024316e-11,0.44503695240099633,9.733074719981681e-12
TCGAATTAGTTACTCC-1,0.07046144223810781,0.018367318119865937,0.4016685608219196,0.033258484402164626,0.16237144368608247,0.015961951590721883,0.19791079905981915,9.597001804510805e-11
TCGAATTGTACACTAT-1,0.1010670783483431,0.11183803690496724,0.2402218777337183,0.053538140930469054,0.12635504951154383,0.08161091193709302,0.08282334490805773,0.10254555973588979
TCGACCAATCCGGTTG-1,0.042591855272067956,1.8090620669883955e-11,0.22625797764227565,0.0030745611874097435,0.1068329625613649,3.440567063121277e-11,0.5212426433628078,1.4670590102602143e-11
TCGACCTGCAGCTCAG-1,0.09452575921037303,1.5525459132595463e-10,0.47515608806852616,1.3275913525606848e-10,0.1899786417189488,0.11612295068612223,0.02421656001091144,3.668170879977622e-11
TCGACGAAGAGCAAGT-1,0.13143415138206752,0.015483400311910372,0.5031166309995706,0.02595149035631782,0.009800626040984743,5.997633874164225e-11,0.21421370095904377,1.4114216560893358e-11
TCGACTCAGGTTAACC-1,0.06118548709928879,2.2607869970543696e-11,0.5040719129116117,1.4102204218879061e-11,0.1288322132103551,0.01473615590122003,0.48886664698958765,1.2713548149290236e-11
TCGACTGCAATTCTCG-1,0.09657705190786949,0.04230176591448313,0.2009277294295884,0.04261503145762744,0.159388857492442,0.05624123655407837,0.29052026243932016,0.011428064816956714
TCGAGCTGGTTGCCGA-1,0.013702095502725243,1.795891717504054e-11,0.22007403777697385,3.0801488730321555e-11,0.10120433228481655,0.020566320239892084,0.5444532141718745,1.795889703525923e-11
TCGAGTGGTAGGTCAC-1,0.0834884500854637,4.323935025751533e-11,0.33873954146543606,1.723662515419768e-11,0.15859729998702987,2.7184186940528632e-11,0.4952483766110627,1.2672169747493779e-11
TCGATATTAGACATAC-1,5.413014980942994e-11,6.652825839969883e-11,0.3975803186240828,1.8317835726090216e-11,0.26297611922905895,3.030942141591408e-11,0.291274672317994,1.2672146320861658e-11
TCGATATTGTCCTAAC-1,0.027310100953975375,3.657220322239249e-11,0.3190621161904915,3.9271817905140956e-11,0.0673765967868122,2.7586701671264234e-11,0.4862511860353741,1.489309792408292e-11
TCGATCCAGTCTGTAG-1,0.10072585664566136,2.2265765813335027e-11,0.3251476168209587,2.4882906834964983e-11,0.2379574888784673,4.6196148575948314e-11,0.23616903771612438,1.3703990917350904e-11
TCGATCGCACCTAATC-1,0.09836107765812387,1.3289175175896657e-11,0.2045599144185077,2.0166330430826612e-11,0.19998035000212913,2.957691611747564e-11,0.49824833571542504,1.2672155737368292e-11
TCGATCGTATAACGAC-1,0.06225152126688409,0.0171719903640682,0.1386902635106003,1.3533381052323765e-10,0.2472101697245291,0.01115175925551437,0.4235242956784883,8.998602359425948e-11
TCGATCGTGAGGCGCC-1,0.10992238849931646,8.878345905984335e-11,0.495725803246316,2.0937163412116714e-11,0.12629905569560249,6.320840428688435e-11,0.19099374120541587,1.2672132841317061e-11
TCGATCTAATGTTAGT-1,0.033535099860101385,2.9544523016298136e-11,0.23120699216319943,1.8505207551848636e-11,0.156921249093161,2.9293008906752274e-11,0.49918331308093683,1.2672133574507105e-11
TCGATCTAGCCGATTC-1,0.1947798974406775,1.5278453022325013e-11,0.4690707289388433,2.8103090561736647e-11,0.11453492662362995,2.0547060778677823e-11,0.21934142073311702,1.2680076165081127e-11
TCGCAATAGTGACGCA-1,2.7898381457866536e-11,1.580325668797253e-11,0.3304733465534433,4.556469745697801e-11,0.26940207302562974,0.18019827631858987,0.41992630398006126,8.367986775423799e-12
TCGCAATGATAGTTCA-1,0.17961587579142055,8.818320675273224e-12,0.3750108589456263,9.483782568374851e-12,0.3074291081774896,2.8173609174469065e-11,0.3379441570205666,6.244915125145495e-12
TCGCACCTCATGTCAG-1,0.17656861959302694,0.039090436180810685,0.2991023363786014,0.04727583983494554,0.11554450738553917,0.1269888902235473,0.09542937033160986,8.678928685308711e-11
TCGCACTCTTGGACAG-1,3.577653703857453e-07,3.09670292579568e-11,0.48208905703646077,2.5400248358666675e-11,0.23854645104796424,0.009718345923263615,0.4696457880296503,1.0991781520100453e-11
TCGCACTGCTGTGCTC-1,0.06251622765294627,0.0175835234834928,0.1815066084999632,0.038608743549009755,0.34881501244573865,0.025781053711756895,0.22518883049039387,1.803221627055206e-10
TCGCACTGTACGGCGA-1,0.23313574270753828,1.9868290589647984e-11,0.48620401509855543,1.5017403198943138e-11,0.028734923838756456,1.1716578338012524e-10,0.4519253180312784,1.1742607750245438e-11
TCGCACTTACTGAAGT-1,0.009410862730948637,2.972969565883886e-11,0.4300230609240882,1.5094476768098793e-11,0.31810210191175975,2.96873117819516e-11,0.3714911648090805,1.2672179057764624e-11
TCGCACTTCAGTGACA-1,0.06754652958331074,2.7051998587886932e-11,0.42449097261619656,1.9665709283645007e-11,0.2139228831188286,0.011246781353289775,0.30921340977099904,1.2672159357032329e-11
TCGCCAGGCATGCCTC-1,0.2622834752945262,1.4150757773952563e-11,0.39116748334050105,9.75812676401245e-11,0.11495527127942375,2.062806604310016e-11,0.4315937699155456,8.942318101947688e-12
TCGCCGTATCATGCTT-1,0.011646917980343435,3.090967780826975e-11,0.12414747556085469,4.735626530534477e-11,0.21027710844142772,3.9037420640043496e-11,0.5539284979190159,1.9020867766534902e-11
TCGCCTAATGACCGGT-1,3.702299686668654e-11,3.584433032173563e-11,0.3380466856941029,1.3416685564250356e-11,0.18050024070013562,1.9537458947840916e-11,0.3814530737252169,1.3376936296515349e-11
TCGCCTAGATAATTAA-1,0.05434458798203515,0.10445249664087401,0.5290008883505687,1.6600230449169273e-11,0.23449373466437867,1.1405017192406943e-10,0.14526430071815566,1.2672169980915772e-11
TCGCCTATCGACTCCT-1,0.09298801862661796,8.56234105406359e-12,0.3502433543240731,8.943184585478179e-12,0.0991856297188931,0.316984227934546,0.3405987693590997,6.386007529317442e-12
TCGCCTGACGGCCACT-1,0.16170848441457045,1.5388951503435e-11,0.28992995957733075,1.6260470491511732e-11,0.13746861936774854,1.1971473781026827e-10,0.4949118912224059,1.2672172150114883e-11
TCGCCTGGTGGATTCT-1,0.20059139033788298,7.632803341818657e-11,0.5026875936635173,1.7588280694142237e-11,0.2814188407894684,2.5544655571055356e-11,4.749769743650895e-11,1.268579165515061e-11
TCGCGACGTGGTAAGT-1,0.041168949942513584,1.5099316012542098e-11,0.3919130515804973,0.019666631719669623,0.11713834296877954,1.983206184285666e-11,0.49552616628528384,1.2672167378230646e-11
TCGCGGTCCGGATCAG-1,0.16866250145951955,0.10286018961780977,0.1938207081921509,1.8250292362271093e-11,0.03543450406465597,0.23579778850105446,0.46342430804851154,1.105385063272122e-11
TCGCGTGCGAATGGTT-1,0.09720367288431388,7.401444699767932e-11,0.5661509521912914,0.00318282473264739,0.2196207353965687,0.013841814716080711,2.6066974896200063e-11,1.8695012846277512e-11
TCGCGTTACGCAGAAT-1,0.06567896936851368,0.015948893721614673,0.18625398133517787,0.0008520621700023078,0.2708981298572114,0.016977792387337605,0.34339017111588155,4.3833549622974734e-11
TCGCTTACTCGCAAGT-1,0.07096701579073245,1.5679717810561833e-11,0.3424286215120813,1.935870719023715e-11,0.1483485399630747,4.0984385302306895e-11,0.4968136881241721,1.2672164324546435e-11
TCGCTTGTTCCAGTTG-1,0.08317031535669522,2.1562729607734604e-11,0.2046829285875729,2.0624117377998476e-11,0.09669526560180247,2.4972218936355057e-11,0.5154514904796963,1.4369270076985212e-11
TCGGAACGTCTGCAAG-1,0.2607992932336162,1.756461759493793e-11,0.4365730303912768,6.186847711616235e-11,0.037491774807910896,6.186844205176277e-11,0.46513590132813937,1.1176765087083579e-11
TCGGACATTCTATGAG-1,0.09250495753175196,6.590142388255612e-11,0.5118428361897479,2.116226420915238e-11,0.05261201317949346,2.4436666224670574e-11,0.49614209080724636,1.2672181436040045e-11
TCGGACCAACCATACA-1,0.025778098588528732,0.052246157915550547,0.3112059215135368,2.6083203555933197e-11,0.15459194652036107,2.950200818772308e-11,0.3561778754503249,1.6068922457294718e-11
TCGGACCAGATTCAAT-1,0.058619808378387525,0.00016422976501612196,0.44101959458481993,0.05642418150842668,0.16254102602035364,0.038029014874607484,0.1432021449097247,1.9531857936354716e-11
TCGGACCAGGATCGCC-1,0.1312353034914466,0.07442500066080382,0.31375762338183677,0.0364318733136648,0.19016332524221044,0.018622053796947462,0.13536482010363274,3.099704646651509e-11
TCGGACGGCCGAGGAA-1,0.15982775437204078,5.147430073919957e-11,0.21419082933243705,1.1867465835711554e-10,0.17881964740717726,6.344025246320202e-11,0.3471617686525663,2.648713485511408e-11
TCGGACGTTGCCTCAG-1,0.07965799692880558,0.0635439675889281,0.30313155346445364,0.012677228684974317,0.2766101778273693,0.10646470880765999,0.02668402016484068,0.0312303465447634
TCGGACTGCCACCTCC-1,0.21550162627163666,9.154711206252306e-11,0.368000550345599,9.223853141820907e-12,0.2625350262639583,1.5253882886290814e-11,0.3539627969823512,6.6100970428276524e-12
TCGGAGCGTTACCTCG-1,0.07871667569856677,2.1940376915988314e-11,0.25927123277703157,1.7395320909433797e-11,0.12177621419653886,2.0223136909876194e-11,0.5008369684162864,1.2672156196559721e-11
TCGGAGGCTGTAGTTG-1,0.08502569031727543,0.02418567094307691,0.29861157687049367,0.003764162626084389,0.19122005640346412,0.043473755839795576,0.2537190868946898,1.2087248291433194e-10
TCGGAGTTGTCTTGTT-1,0.017783694648523002,0.10238060051063042,0.470195149558398,0.02140886444144075,0.19968227558439752,1.4605002642429741e-10,0.08854941516110391,1.5654432149712264e-11
TCGGCACTGGCGCCGA-1,5.479841986059406e-11,1.803304368530649e-11,0.5260707917815914,1.491765358576717e-11,0.43604505678417016,3.12235387213447e-11,0.10634312901544359,1.2672162730395325e-11
TCGGCGACCTCGCTGA-1,0.03403490516727502,2.8969966443319227e-11,0.1621548496162601,2.6257094053628198e-11,0.1575585232668139,4.541787160713403e-11,0.5462517218749068,1.787381256357621e-11
TCGGCGCAGAATGTCT-1,0.011320537843346837,2.227360832557129e-11,0.317305710728239,1.581704711882032e-11,0.025589371162056933,0.04280640728485274,0.5029779739053803,1.2839329033025546e-11
TCGGCGCAGATAGATA-1,0.07108965752870117,2.5107278931323915e-11,0.4902331793768043,4.041904575485363e-11,0.08521668400319464,2.0851793051240768e-11,0.4660146101971006,1.2672175186756123e-11
TCGGCGCTATCACGTG-1,0.16795632628834128,0.05822026753282847,0.3054463696956629,0.03157824010402986,0.208592995869202,0.054700367126914076,0.05068528766989136,0.02282014572512188
TCGGCGTAAGGCCTTA-1,0.05359562029730966,1.0707479449977708e-10,0.22036522812759357,4.195160523368789e-11,0.19599834989634082,1.1583034047541447e-10,0.4300408014073022,2.906068963786268e-11
TCGGTAATAGCGGTTC-1,0.15638163970458996,0.10694136061031427,0.19199062058043556,0.014547285910046033,0.31183381846612024,0.017011719903345282,0.06412049786873979,0.037173056968148564
TCGGTAATTACGTGGA-1,0.13559194910153738,0.0025418032719760303,0.32744843228865406,0.04191185477479682,0.26193888053193237,0.029844771385979352,0.1007223084757513,1.8347926113545954e-10
TCGGTAGGCATCACGC-1,0.3896327593654412,2.1775320614029495e-11,0.5009129340053887,1.3969375034768274e-11,0.05206929939963381,2.8633024197120574e-11,0.14270765931726925,1.267217025406994e-11
TCGGTATCTAGTATAC-1,1.2678408982281385e-10,1.6341247441169407e-11,0.36230228197746295,2.2724559475335257e-11,0.09318759361095096,1.6386655068439705e-11,0.4907180588063276,1.2672148301015205e-11
TCGGTGATCGCCGGCC-1,0.10562597033984658,0.005589660962051006,0.46395337241950013,2.6188546550509238e-11,0.1527017283109632,0.10222358338602626,0.06990568455386766,2.6097211778469567e-11
TCGGTGTCAACAGGCA-1,0.0672486134582632,2.291021060422295e-11,0.24438993096511044,2.063232199127179e-11,0.0712140827963632,5.348531654935572e-11,0.5171473727648869,1.4593610314826597e-11
TCGGTGTCTAACCAAG-1,0.18874696896863727,0.017720471571454597,0.42189507033222223,1.6458753164286228e-10,0.05781440562744755,0.013492314320691578,0.20033076900843136,2.902153255905534e-11
TCGTAAGGCGTTCAGG-1,0.1076369875390306,0.039630103586228885,0.23252334366792093,0.07625806046400986,0.269831030265016,0.0898262968985737,0.08429417732155496,2.7098293438649934e-10
TCGTATACAAGACGAG-1,0.09992215005221566,0.009030949653188042,0.25830023089195353,0.06758896895512823,0.24696808551527072,0.09840072374779639,0.1197888910024686,1.9551517528528743e-10
TCGTATAGGAGCCTAT-1,0.12273882890936069,0.48664738127819535,0.34297131924019264,1.6704163613655735e-11,0.10401018497515421,1.9904177941288295e-11,2.913090316667978e-11,1.2672162467008713e-11
TCGTATCACGTTATGA-1,0.10078081542613777,2.7261434759446623e-11,0.5009560290821485,1.5191252442625432e-11,0.19619007235455208,0.006328767482695574,0.09574431606784176,1.3024160128016328e-11
TCGTATGCCGGACGTT-1,6.353003181642495e-11,1.6512806826849075e-11,0.4820366465623488,5.6524579605360876e-11,0.19492444421811053,0.039225713634817645,0.4838131953195672,1.1448309830838944e-11
TCGTATTAGATCCGGT-1,2.517552823204832e-11,1.8661550040650027e-11,0.23931941793371564,1.668949383001144e-11,0.1819246587942961,1.0855443395848615e-10,0.49702800132881053,1.2672127195567844e-11
TCGTATTCTGAGTGGC-1,0.06043456617199676,6.439325146968346e-11,0.15493978367046748,1.3777609429868794e-11,0.20490664843681386,2.4470019715190864e-11,0.4990371388915193,1.2672130285236686e-11
TCGTCAAGTCCAGGTT-1,1.0468333787868068e-08,1.0897465355458257e-10,0.21513515784613654,8.064840115991198e-11,0.16673062840800099,6.2687333085338e-11,0.5181342030303162,2.4661693186017834e-11
TCGTCACGATGTTCGA-1,0.036585290084193575,0.0029917393764498424,0.23421078338832427,4.01132365703139e-11,0.12791837211963636,3.590901266857913e-11,0.49829381517714966,1.3393654377257943e-11
TCGTCATCGTACCAAT-1,5.2447418619030905e-11,0.014630517544452578,0.4877870244327203,1.8195288223256687e-11,0.2539160070543355,7.409408110028264e-09,0.4436664433866555,1.1096772962065663e-11
TCGTCCAGCATGGCTT-1,0.07397181464237625,5.518933784165112e-11,0.3179777320174875,0.22050241207134408,0.037909237129306904,4.1047632910022085e-11,0.24963880406925612,1.7821970887451198e-11
TCGTGCCTCGGTAGTT-1,0.2501995737931292,6.477405411696479e-11,0.5385074298766052,3.023811292247227e-11,0.08049194835585843,6.403799618106231e-11,0.030801047841849595,1.77659121970916e-11
TCGTTAGCTTACTCAT-1,0.32808662296180074,0.3478231839617165,0.37514312097243085,8.453252439405344e-12,0.14894707204725244,1.6009283823115806e-11,1.1520968938857614e-11,6.682249392786606e-12
TCTAACAAGCCAATCC-1,0.043835222312076184,4.2663790149092134e-11,0.47746268677114895,1.5641797801043392e-11,0.16359024449202522,4.233629028882262e-11,0.4819980587528185,1.269568114157527e-11
TCTAACCGTGCTAGCT-1,0.31134770489220426,9.050270346370557e-12,0.37531454052964563,0.15558002028862417,0.038139660566024546,2.091929543228715e-11,0.3196180736760646,6.016146637921023e-12
TCTAACTCTATGTTCT-1,0.06756149713998592,0.047002186532640655,0.329995451331883,0.012221835039820628,0.26180155385893195,0.03514752340282682,0.1462699526906263,2.7194157882178482e-11
TCTACAACTGGAACTT-1,0.10627313514578868,4.5758353054846396e-11,0.496594516539247,1.5094354055385082e-11,0.2530060261200568,0.03324076608910769,0.13112904969297273,1.2672157658232428e-11
TCTACACTAATTACTC-1,0.08570763423750725,6.11541040826802e-11,0.33947236697084104,5.3991089810604625e-11,0.23179915109909888,0.004315136879022372,0.2387057106868114,3.2367724718019156e-11
TCTACAGCACCGAACC-1,3.851307740626153e-11,7.383273420677414e-11,0.37635470040344393,0.03364050175537037,8.694785744332139e-11,1.9350825219094393e-11,0.4900048433270972,1.2805172433979801e-11
TCTACAGCACGTCCGA-1,0.0667143679305304,0.036498039334251955,0.39871901463970616,2.927897100533845e-11,0.2440627887794229,1.6393078396682945e-10,0.45400578906609906,9.967274476137473e-12
TCTACAGGTACGCAGT-1,0.12369491603227646,1.2911980537033695e-10,0.30787712280423435,3.177161854553624e-11,0.2703646125736963,3.733289052146786e-11,0.19806334841584503,1.8095891810743352e-11
TCTACATGAACTATAC-1,0.0824219427827494,1.8374717170794766e-11,0.49289078695845817,1.6850620167369885e-11,0.1470151222190128,1.443942575338093e-11,0.4776721478826812,1.1204346026381826e-11
TCTACATGAATCTGAT-1,4.98103844978379e-11,0.00936436262935786,0.21241234809359072,0.19570724521007835,0.20452762599313218,0.00919724304088466,0.497129546750225,1.2672182380904884e-11
TCTACATGTCCGACTT-1,0.06845310614262336,2.5044643897943507e-11,0.3311866509174439,3.134898399371103e-11,0.25771648952283627,2.3287954527286255e-11,0.4927070842735395,1.2672182370937513e-11
TCTACATTCGATCGCC-1,0.06806907930802956,2.2036008625998324e-11,0.22471588638760207,2.4864068659302964e-11,0.24948629339819747,2.6573369618406137e-11,0.5000103852311277,1.2672160119928807e-11
TCTACTATGCTAGCTC-1,0.23041350320919524,1.11239875568282e-11,0.4619275043369629,1.6923017270659553e-11,0.07449282921593312,1.9962520856629078e-11,0.4331661631484098,9.107735325800748e-12
TCTACTCCGACTCGGC-1,0.12518508249102636,1.5024882720275872e-11,0.44035475364854276,1.1165294780087782e-11,0.33502783215706683,3.844497264343001e-11,0.29943233160903954,7.998228050664382e-12
TCTACTGTCTCAATGA-1,0.29728659292157067,1.5141536979156923e-11,0.44309220517072995,1.6155794981760882e-11,0.07857368118982394,1.4257337101044162e-11,0.38104752062747216,9.344427147572892e-12
TCTACTTAACCGGCCT-1,0.0638148103831659,0.07088679078069601,0.20295487427029976,0.0044682546647005356,0.44766782816302964,2.0824755600592643e-10,0.11020744152311805,3.233906336006748e-11
TCTACTTAGGTTCTTA-1,0.01647443969989789,1.4239339050197928e-11,0.49758003922789745,1.5014955483170548e-11,0.49146512162283407,2.98666504268074e-11,2.4028291303353855e-11,1.2672139683737459e-11
TCTACTTCACCGTGGA-1,0.08006058725758422,2.1305634443099098e-11,0.5099412216034933,2.1368107845126217e-11,0.10088316288010361,0.009083121712165102,0.49994847386349694,1.2686509925741979e-11
TCTAGAATTGCGGTTG-1,0.0674840979326368,0.04543968699745856,0.4315882758714465,2.634774439744163e-11,0.1523964581034519,0.045496877890826314,0.1575946031759841,2.634772603250826e-11
TCTAGAGTCTCCACGC-1,3.6309109812158985e-11,0.034479936009599046,0.31668556613138354,0.04477538038499566,0.1688269919727854,6.487051307670966e-11,0.49880626179466353,1.2672170421136228e-11
TCTAGATAAGGTTAGC-1,0.25324286002044,1.8133347307965306e-11,0.4360262431156044,1.3645958807556999e-11,0.0943530680320573,1.949134812558957e-11,0.41637782874868906,8.255391702290623e-12
TCTAGCAGCGGATCAG-1,0.12723237395816153,3.534980288139291e-11,0.2571818408087098,2.625194467791238e-11,0.15014093744461238,0.0033886066465004046,0.36205624109267737,2.061963901320716e-11
TCTAGCGACACCGAGC-1,1.560218816866334e-10,1.8803539142107442e-11,0.22038052258388574,2.2893632845068123e-11,0.1730840261924347,3.616153716468112e-11,0.5065354512563556,1.327328213215184e-11
TCTAGCGGAATGGATC-1,0.00362275697860635,1.5250730955024808e-11,0.45144230753978476,9.672030668713357e-12,0.370312121270959,2.9875498766191064e-11,0.3746228141324543,7.234180439602338e-12
TCTAGCTTATTCGCCA-1,0.0009960334958469762,0.13897674724400705,0.4117497102715336,5.5272235503448265e-11,0.06677508410094438,0.1750769861517435,0.4064254386716677,8.157090879150213e-12
TCTAGGACTGCCACCG-1,0.13648891050707485,2.485916041913628e-11,0.2634450054757347,3.2828980384185984e-11,0.0876835726215597,2.6720621197839043e-10,0.41238251108114143,2.1362677437563117e-11
TCTAGGCGGAAGGCAC-1,0.24936328922610188,1.7114740817384237e-11,0.4817240586202665,1.765351392914571e-11,0.09164209807565084,5.762940810617784e-11,0.37727055388859204,1.1040472755716999e-11
TCTATGATCGGTGCCT-1,0.17311422899707232,9.670109776546725e-12,0.4361263476073916,9.671475043528243e-12,0.2765006919296864,3.865657576087143e-11,0.31425873138517935,7.03701138599261e-12
TCTATTCCTTCCGGAA-1,2.864032608846579e-11,0.17287283783976093,0.23239778066114072,1.632678717063544e-11,0.08266161895109392,0.018266756218206143,0.49832294485830647,1.2672154757264524e-11
TCTATTCTGCATTGGC-1,0.0548078245118793,0.06544479875715391,0.5618912583371101,1.124784638237654e-10,0.1590909360621828,0.0028477318673357194,0.055917450489054034,1.3834530756939288e-11
TCTATTGGCTTCGATC-1,0.002677366347660098,1.902355680402815e-11,0.33329925248401165,2.280021110377344e-11,0.2620060092285216,0.11581346230108232,0.48620390934315877,1.2042191060721335e-11
TCTGAGCGTAATTGTC-1,0.06501557437771979,0.1168694824006267,0.295515789601375,0.09541076538246777,0.21446218502234907,0.06087959813765559,0.032069073263223835,0.019777531827369955
TCTGAGTCAGATCTTG-1,0.038245318364467776,6.73005654866592e-11,0.21625140780818056,5.0593135011017564e-11,0.2788396680522637,4.5515276126402247e-11,0.36666360561106126,2.5656079475921632e-11
TCTGATCATAATGATT-1,4.970011077283962e-11,4.937349884516848e-11,0.397299351919765,2.275333316535943e-11,0.19851352659130983,1.81223881726482e-11,0.49443162221422143,1.2672173074133581e-11
TCTGCAAGGACGGCAA-1,0.06837088678298468,0.05334380666101878,0.19132282155141206,3.404067399626733e-11,0.10272988983331394,0.011614843686703385,0.47261775146312274,2.052526134851053e-11
TCTGCAATTCACAAGA-1,0.16407210349666085,8.145896541862834e-11,0.2572206568338273,2.4147782065514804e-05,0.22936434920729748,3.3359174517685835e-10,0.24931874224833703,3.4658955756099494e-11
TCTGCAGTAGTTATGA-1,2.858752070103292e-10,0.010910017254219136,0.2795900053982038,2.15970110425383e-11,0.17168685768552117,0.04797185564576857,0.3919454938099,1.2669513068094403e-11
TCTGCCTGGATGTCAG-1,0.11201836164137963,0.08104442342655242,0.27260123254674407,0.04172854922336186,0.19697765333073733,0.02366539190220946,0.17196438778626713,1.5653721255022155e-10
TCTGCGAGGTGCACGT-1,0.14136361292047533,2.912681893966507e-11,0.283329545572614,2.071936942618692e-11,0.14187819129666818,2.9868520157817505e-10,0.5034101750266294,1.2672171407583436e-11
TCTGCGCTTGCAGATA-1,0.07463471396413517,3.73073477394122e-11,0.4514472318725298,3.6929818733373814e-11,0.23999891389333763,0.13391914010456601,9.627981550474655e-11,2.3113217014727512e-11
TCTGCGTGCTATTCTA-1,0.05114766724544088,2.6314703505988104e-11,0.5186018576427611,2.2678499220204952e-11,0.21281818585388076,6.473162690761368e-11,0.13815033677797037,1.2672131204063378e-11
TCTGCGTGCTTCAGAC-1,0.10646931103456427,1.4967249370499375e-11,0.4688587722636161,1.1745462138103919e-11,0.1894534903216135,2.4304904858114166e-11,0.43521842628879903,9.025202206671286e-12
TCTGCGTTAGATAGGT-1,0.2631847156913399,1.9404220997174434e-11,0.4975135528836366,2.4248566586675116e-11,0.13930172094986804,2.4202422524647672e-11,1.044722061490581e-08,1.6092913305109564e-11
TCTGGACGCTAAGACA-1,0.13859020790045276,0.03672296607193534,0.4165929929346738,1.456532916131506e-06,0.20478266255909802,0.013616839263863749,0.08969287468072597,5.051758694431744e-11
TCTGGATATTAACCTA-1,0.07398812248291117,0.005094119970015117,0.46142440696240666,0.1151422278075356,0.1927289330179966,9.386155912232523e-11,0.05162218964831139,3.5704027981503895e-11
TCTGGTAGTGCAGCAA-1,0.14460447393386608,0.07288766451032166,0.3939697631689172,1.839961962272679e-10,0.1315135808783539,0.08154789025774922,0.07547662701755166,6.496125956407497e-11
TCTGGTATCTGTAGCC-1,0.05130167078800038,1.6689547497278702e-11,0.37862105256575324,1.868507426442121e-11,0.10096253453064115,2.9075243979421335e-11,0.4900218272184787,1.2672151502116857e-11
TCTGGTCCTCCACTGT-1,0.13233458292728334,2.0524149890793307e-10,0.44743358752188783,1.8115508200126064e-11,0.25711509255164844,2.8589850634701428e-11,0.06311673680490303,1.5323294423892124e-11
TCTGTACCTCACTCGC-1,0.1092823006219924,0.10054488803614625,0.3197252117986498,0.023372783938526185,0.2204646432067472,0.07012010372971364,0.05649006616152584,2.5192954269729858e-09
TCTGTACGCTGTCCTC-1,4.577309652614655e-11,0.1387678764524859,0.510835022814167,0.3259733586801056,0.12334484990785295,3.139301458113075e-11,0.10107889204846887,6.48214987784419e-12
TCTGTCACCGTTAATA-1,0.08111074105008968,1.1581981816411497e-10,0.35034869726256007,3.1140844020460885e-11,0.2060645777679964,0.058646792052221564,0.20382919174517233,1.8034371190124786e-11
TCTTACATTACTTCGC-1,0.2588576159287021,2.1597771227303488e-11,0.4873156266819185,2.4065646485158782e-11,0.13154222562990608,1.8714811138091028e-11,0.3222845315148549,1.1791842357402237e-11
TCTTACCGCACTGAAT-1,2.734070205345528e-10,0.433197466001626,0.4515830938251288,1.9311206963307497e-11,0.3144566209163515,3.596876355263329e-11,0.0007628188920554396,1.0154201349350995e-11
TCTTACCGCTCGTATG-1,0.09223996014397687,1.8525033982388086e-11,0.4414804172100014,1.7019311988732844e-11,0.1630222493516539,2.9358112664427074e-11,0.4146689825764078,1.2672174540535538e-11
TCTTACGAATCAGTGC-1,0.11084129342941011,0.1243822747124544,0.44297397461298227,1.8122447565156893e-11,0.17362532702964661,0.07909572370132803,0.0008805318329520261,1.2672144755086307e-11
TCTTACGAGGAATAAG-1,0.15949296972089358,3.285620999482185e-11,0.508593211191024,4.563301941677872e-11,0.13070149270857395,3.2370009375005186e-11,0.4012123260989152,1.1752382861893173e-11
TCTTACGAGGCCGACA-1,0.0017378914248485718,0.08839601452938617,0.4969380610147852,2.767343197114777e-11,0.16485128486629352,0.05330833056298809,0.09476841759572213,1.8674094089621087e-11
TCTTACGGCCGCAACA-1,0.35536161866572374,1.0678164870947807e-11,0.3847695413636225,1.3708434342383353e-11,0.08995638503985832,1.2513533159381452e-11,0.36991245487118213,7.012396498248e-12
TCTTACTCTGTATGCG-1,0.19357872622680092,2.003651628805153e-11,0.2558684286697578,1.6122189260091778e-11,0.314722216423058,1.9961533284546642e-11,0.13583062895129067,1.316260759774759e-11
TCTTACTGAGACTAGT-1,0.15909856649793605,0.01649575877833312,0.5098536892865592,3.368316846011663e-11,0.03161616745465638,0.01475734233020278,0.2060608091568841,1.2672136656005212e-11
TCTTAGATGCCTCCGA-1,0.059173410285981776,2.8642262774488734e-11,0.5047896482260813,1.9014725873030175e-11,0.16152530168034707,7.732087780286301e-11,0.26362213473543594,1.2672148924159312e-11
TCTTAGGCCTGGCGTA-1,0.09471389558980188,0.015362560204768866,0.19382479689393675,0.030591144679921085,0.2868558681866535,0.04669355225540678,0.19129108253869148,0.04066709966240686
TCTTAGTCGTCTCGGC-1,0.1732211631064539,2.3369704098148886e-11,0.41497742566556856,1.6431644938008967e-11,0.023453758514612174,2.5187298123160236e-11,0.32296255811476426,1.2672146244978487e-11
TCTTCGAACAGCGTTA-1,0.14476729568452978,1.5703745679667987e-11,0.4027020894501084,1.894237306198719e-11,0.07211335821844961,3.4661342802251895e-11,0.49757334317481383,1.2672175411575438e-11
TCTTCGCCATTCGAAT-1,0.31069198585621244,1.4652496758760254e-11,0.42242437987144754,1.0686616330103124e-11,0.062484804437383246,1.1746383787228123e-11,0.4043988297673993,8.121932388316317e-12
TCTTCGTCAGACCAGG-1,0.21387505452107336,2.4436645107720853e-11,0.4430661251259664,0.013118700206522163,0.03712427802595232,2.8909809468709273e-11,0.39586617513155564,1.2672177504027904e-11
TCTTGAGTCATTATAC-1,1.4012161390171548e-10,0.12106133985142056,0.42739083145361345,1.9542716376028426e-10,0.03248854110930242,0.06676280940051245,0.25229647790100973,1.562124191002025e-11
TCTTGCACCAATCTAT-1,0.16537668495211447,1.1110931808709594e-10,0.27138717428753734,1.7803029413483538e-11,0.04583423252753875,3.1243977988098987e-11,0.49800250575624455,1.2672148791656093e-11
TCTTGCACGTCTAATG-1,0.16226122677164198,1.1938200891355773e-11,0.33389815334821,1.4227562581856718e-11,0.2574591585969453,2.3144677173098725e-11,0.44638146118460914,9.616670352147167e-12
TCTTGCACTATTCAGA-1,0.11721742172183684,1.5775598588155686e-11,0.3018842531543286,1.930185175828747e-11,0.28320956024860167,3.089627613891502e-11,0.20594836990632964,1.2672109057053557e-11
TCTTGCACTGGTGCTC-1,0.21784723098139055,1.9160407402015514e-11,0.4668126182783099,2.52989661022908e-11,0.06385348585017413,3.729597408715214e-11,0.45148666475674665,9.723327765662707e-12
TCTTGCATAGACAATA-1,0.14970407929507423,1.3899032143838316e-11,0.2021528752961696,1.7256439006419923e-11,0.18482980288015924,4.338745123000465e-11,0.49290425748530514,1.2672159207812668e-11
TCTTGCCACGTTCACT-1,0.07885846127868128,2.912674914047412e-11,0.28079609096889147,2.1988729848805882e-11,0.13797250420781781,3.477035912676479e-11,0.4985834439722621,1.26721511152891e-11
TCTTGCCATCGTTGTA-1,0.20169391822002974,2.1469354629368234e-11,0.4965872630986913,2.5568404007902087e-11,0.0929589021162061,2.0381217090073102e-11,0.3912948085689525,1.267221361108332e-11
TCTTGCCGGAGCCAGA-1,0.1439152065219129,0.03716552109635657,0.1581333939478655,0.0027572314260923326,0.4001111583053731,9.781123758637366e-11,0.1579174885220259,9.719588408004675e-11
TCTTGCCGGCAGTCTA-1,0.2570016355476201,1.2347108323276787e-11,0.42912823912047143,1.6864729066414968e-11,0.1053522364527707,3.732855165973776e-11,0.4085178887798298,8.35323150113896e-12
TCTTGCGGCCTTAGTG-1,0.07486279643448217,0.0114386593427959,0.5764375998311552,1.0202849676042142e-10,0.20534325255426025,0.031917691711350955,2.5927475541960315e-11,2.4432178483861978e-11
TCTTGCTCCGTCGGCA-1,0.18930664927746013,0.10374466884799798,0.5394501273984146,2.9048842458753446e-11,0.0674985537923751,6.010007965820584e-11,6.361406665024443e-10,1.6222761449470513e-11
TCTTGCTGTCCTAGGC-1,0.05405987914717422,4.7920461173606084e-11,0.2654463328712295,1.795445690064962e-11,0.21297830308131355,2.6121788411956347e-11,0.49921940604641374,1.2672159118311364e-11
TCTTGTTATTCTTGAT-1,0.08620283375375998,1.4622923603593342e-11,0.1597050048178182,1.7569093921635886e-11,0.13511778231404528,9.822986826348777e-11,0.5189743790668304,1.4574182736629337e-11
TGAACGGACACGTATC-1,0.3081446783927032,1.0492088934577579e-11,0.35015792099746423,1.280853440653231e-11,0.22044041746178994,1.0449382543913199e-11,0.3212569830978017,6.047550514163412e-12
TGAACGGACATTGAGT-1,0.07537742031884623,2.27609718880669e-11,0.25167458229991524,2.7538805058735243e-11,0.10954496248770501,2.7281183794208314e-11,0.49725072925955954,1.2672146325851418e-11
TGAACGGATCTGGTAC-1,0.2004695646988822,0.0287690999375743,0.3054316170894119,2.6462401697778043e-11,0.10129547721414767,2.1253632799040064e-11,0.2640342410894523,1.4699505348143857e-11
TGAACGGATTCAAGTT-1,0.03523226182772204,2.116210013909818e-11,0.21493412086571087,2.7247027830724932e-11,0.1666491135615313,8.936295310663757e-11,0.5021965142865563,1.2672126530063249e-11
TGAAGCACCGTCATGA-1,0.09318927981765149,6.291299486161139e-11,0.4112905216063803,3.508684604468097e-11,0.20614081050600283,0.0016989896876981375,0.18768039832853617,1.7747408950496614e-11
TGAAGTATGATCGTGC-1,0.3856105675506452,1.7049310876480614e-11,0.41023740590741,1.2213435458297197e-11,0.009744655703267074,1.0138793402974914e-11,0.3944073707712384,7.793606033853175e-12
TGAATATGAGCCGGTG-1,0.3504344523869377,1.1106296800330622e-11,0.4615352397614673,1.362360786973644e-11,0.35384404986221996,9.264283379042254e-12,0.03418625793298855,6.95721100748908e-12
TGAATGTACCTTCGTC-1,0.42190519847681296,1.486880769794782e-11,0.4497096211343825,1.954631515609061e-11,0.07776096818904084,1.6237202881289302e-11,0.2506242121080718,9.074737322933368e-12
TGAATGTTGACATCGT-1,0.08419248132132015,0.004857433968026444,0.510873661109068,9.475228712002922e-11,0.04045810827561172,3.357250328140242e-11,0.41896960494273583,1.2672170662618063e-11
TGAATTATGCCGCAGT-1,0.1429572294891943,0.07128552362948258,0.2707386895655121,0.01035995044724446,0.23144035659468115,0.10030042667309981,0.07291782354829904,6.80586427357603e-11
TGAATTCGTGGTATAA-1,0.22046606975840538,1.906086596161107e-11,0.47496725685754787,1.8229322616895075e-11,0.13779618390776305,1.4946173933324085e-11,0.13665445351932762,1.267215854962764e-11
TGACAGTACTATTCTA-1,0.0403512192091072,2.0421920583710742e-11,0.3816142006534448,1.7634847070796975e-11,0.2812536578642825,2.4255328413320923e-11,0.4967809212021992,1.2512101544937264e-11
TGACATTACAACGCCG-1,0.03544408791577068,2.2683580069498052e-11,0.451739423790408,1.6260420954585104e-11,0.4988141375492866,5.7425158740888445e-11,2.8281063725061267e-11,1.2672139507177463e-11
TGACCAACAGATAGGT-1,0.09661929230896742,0.0039279297417125665,0.5354519000067046,3.563816991253486e-11,0.23033581585863125,0.0038000063993454333,0.029865055700853824,1.559283476219768e-11
TGACCAAGCTGCACAT-1,0.17201440079206304,0.053420269664075086,0.5179475849797566,6.065908128460416e-11,0.14271984670319884,0.002020085676225858,0.07508655064248361,1.2672147658571682e-11
TGACCAAGTAAGGACC-1,0.11214002489242332,1.9463632667522637e-11,0.18360960813526547,2.149806671481752e-11,0.13848072792504512,2.0773254029172076e-11,0.4977042485682129,1.2672147551299747e-11
TGACCAATCAGCCACG-1,0.23907555383471657,4.774806503244898e-11,0.5246292074833744,2.3775654212156453e-11,0.05282357695849715,4.880417221198626e-11,0.08347166165881609,1.5418223480872917e-11
TGACCAGCACTCCAGC-1,0.15576272591301119,1.576368676371686e-11,0.5233419597787566,0.006166110791065134,0.1797814514730223,2.493672801636974e-11,0.3349477517664403,1.1991955660151753e-11
TGACCAGGCTCATGCA-1,0.05963906797889052,0.13975533857137584,0.510480056569277,2.006649431598136e-11,0.18321372067709205,0.006911816205620515,2.557008443175216e-11,1.5815438044350187e-11
TGACCAGGTATGACCT-1,0.17941263900537385,0.07171546936993553,0.54085862801071,7.381611517179613e-11,0.10576887544818964,1.6538643514985817e-10,0.0022443879301702707,2.2867035672163833e-11
TGACCATCCATCTGCT-1,0.05068830542459457,1.104277529809648e-11,0.4421862037522842,1.3210861666677845e-11,0.27147821218968043,1.6454191648989134e-11,0.4356472785520605,9.047832111814345e-12
TGACCATCCGCCACGT-1,0.10596858316254507,2.080554593456218e-10,0.35520963416180584,0.01792489126134278,0.14483875458445658,0.022945265337449207,0.25311287125491916,4.686572337247494e-11
TGACCTCCTTCAGATT-1,0.06130527019178989,3.484708886030094e-11,0.32550353912498275,5.847372539036479e-11,0.012823038879803187,2.198767869242437e-11,0.5003681520786393,1.3082919744539537e-11
TGACCTGTCTATCTCG-1,0.1912414628564407,1.9692832408471963e-11,0.47727559088485827,1.1681103191914719e-11,0.07511199192122445,6.287571674163595e-11,0.45637095418480667,1.0046239921748463e-11
TGACGCCTGCTTGTGA-1,0.11308517165707242,3.687581834542606e-11,0.5005296946421466,1.543454974286069e-11,0.12937011365576997,1.8573450591005072e-11,0.45701501990836396,1.0312465448127742e-11
TGACGCTCACCAAGCC-1,0.050741229221573265,1.2083794113713397e-10,0.4998838349517183,1.1169466497743746e-10,0.31864374501569953,0.030731190365999216,2.1503892864286886e-10,2.4121107067668714e-11
TGACGCTGCGATAGTA-1,0.21987267204935437,0.10110887311985922,0.5134457594594706,2.076233809618718e-11,0.15623734606947104,0.03138846118731688,0.17794688798122513,1.1261893944243829e-11
TGACGGAGCGCTATAC-1,0.2458397537204111,1.756220841120929e-11,0.4227435139708066,1.3130545539523626e-11,0.012678186816296701,2.1273718957357446e-11,0.2187387170582525,1.2730009313992322e-11
TGACGGAGTGAGGTTA-1,0.06710733928590014,1.8280553151534903e-11,0.4137487668813529,9.320260528516242e-12,0.2578189640671117,0.1354402049046291,0.32588472481470593,6.269858114699323e-12
TGACTCCAAGTCTACC-1,0.10864347395303216,1.6937768250750186e-11,0.4009893699400263,2.7060422465417624e-11,0.19574169172972744,4.512665997560524e-11,0.19462546446643395,1.356807787050852e-11
TGACTCTGCTCGCACG-1,0.13014738085277075,0.09993741079109834,0.36663644263503525,1.1119613038563689e-11,0.1511465698105161,1.521761215589125e-11,0.45213219583122793,9.798800250928793e-12
TGACTTCGGCGTAACA-1,0.1265752933750462,0.017985979800699423,0.3368303104687305,0.010634470367410125,0.2452241624103831,0.09004922414237673,0.0727005593734886,7.705304094864067e-11
TGACTTGCACTCACGG-1,0.0531049098655675,0.15134798167567304,0.4033132773574607,3.5770599635028844e-11,0.17575697072416593,0.09434874647817292,0.022128113898953142,1.6700970888207086e-11
TGAGACAAGGACGACC-1,0.14267977187257588,3.159530077967183e-11,0.40550826685680824,2.038128536161971e-11,0.14240475714912498,3.4289437636081674e-11,0.49904512748190144,1.2672236515434843e-11
TGAGACAGAAGTGCTC-1,0.22241253270170827,2.0726876177014243e-11,0.44149395569895633,9.65413350936305e-12,0.12435836334826522,1.4805628007486354e-11,0.4117351481719116,8.474965967698631e-12
TGAGACTATTGAATCT-1,0.2388037472520027,2.739823652147696e-11,0.44456949329784173,1.3249575252399481e-11,0.05349734851098194,0.026430129039658037,0.43669928181474077,9.291887560377136e-12
TGAGATGCTCTAATGA-1,0.08268346617244353,4.247805611109367e-11,0.5197553331820447,2.3667104462823543e-11,0.12189505895696769,0.16523144557769653,0.08399854707030131,1.2672151958355251e-11
TGAGCACCTCGACGTT-1,0.03254276009987369,1.902516142911274e-11,0.23525735371910123,1.7178838287186356e-11,0.15350032480143647,0.06366730934486375,0.49797288908217774,1.267215276725905e-11
TGAGGAATCCATAGAA-1,0.11515160102426637,0.043462341671009125,0.2998614006427376,6.706596153831214e-10,0.3059492468814856,0.03015040199458765,0.10542500705969352,7.09250354016791e-11
TGAGGTAGGACTACTG-1,0.12470292873651649,0.026539923915426266,0.2809966979189133,0.03157853306747616,0.21114120921830537,0.011488051534491762,0.21355265548528196,1.3755770024666255e-10
TGAGGTGCTTAAGCGA-1,0.0536021177193169,0.30255823397321563,0.3106181720762869,1.226260492269811e-10,0.057876859007296826,0.05210280578395832,0.12324181132396587,2.2657242554888678e-11
TGAGTAAGCGCAATCC-1,0.18302642321594842,4.765336219536321e-11,0.4906501297368474,0.015107923778359317,0.29699566273577804,1.1028367175030732e-10,0.1282823759250919,1.2672175412520285e-11
TGAGTACGCTGCTCAG-1,0.03698880918367586,4.0878704780811705e-11,0.4127939793249013,1.9128746459665923e-11,0.37015680848945204,1.9058268416693518e-11,0.3800604028980577,7.349758941176966e-12
TGAGTATTCTAGGACT-1,0.22789600050682843,9.568321657746339e-11,0.22413392136895322,1.2892289267905877e-10,0.31797235889196307,2.134952947537334e-10,0.12999771875799657,5.2757619263219556e-11
TGAGTGACCTACTCGT-1,0.031027369845111247,0.028031916960279582,0.5291344871452134,2.895931252945131e-11,0.29048532072002475,1.275812072244152e-10,0.021320905201430568,1.7622048434160252e-11
TGAGTGAGATCGCTAA-1,0.2334107078631162,0.25812054328592154,0.5398082429644583,2.386541930757384e-11,0.15298730655356146,0.008297553335162012,0.007375645871113329,1.1133121496591758e-11
TGAGTGAGGCACGCCT-1,0.1615814004996352,5.917457624095199e-11,0.5062198300162836,2.552143552792064e-11,0.012196625592186948,1.0281040484255281e-10,0.2200021438388793,1.3855735901978644e-11
TGAGTTGTTAGCACCG-1,0.08333564003871571,1.719606948100607e-11,0.47644412060138086,0.05668894671845281,0.08832293339073238,0.10892440878068599,0.3862839504275304,7.419754904089784e-12
TGATAAGCAGTAAGAA-1,0.2833923422689465,1.576310897615227e-10,0.5282260602858634,6.39445139807878e-11,0.022116133216382155,7.512207671601419e-11,0.06626546397537168,1.611014966113063e-11
TGATAGGAGCATCAAC-1,0.09797582547220227,2.6625589448857355e-11,0.49906853344056396,2.516916675752929e-11,0.12349452452745927,2.5169162821041068e-11,0.2411212888018073,1.267215372761693e-11
TGATCGGACCTGGATG-1,0.06503596896277875,3.57622044129771e-11,0.40907190201700905,2.8013954268284125e-11,0.1707425844841399,1.5389891689982116e-10,0.2551495443612935,1.6151699583294237e-11
TGATGGAACTAACGAA-1,6.275807822608577e-11,1.857461858080697e-11,0.28340569299842105,1.766061057409095e-11,0.13341387382011546,3.175684990671174e-11,0.4989531785369891,1.2672122527200969e-11
TGATGGCCGGCATCGC-1,0.19598766167773254,2.1459943656121286e-11,0.4886151709753912,2.145994490285566e-11,0.032969000885101164,0.016268006223851553,0.46616016011640476,1.074901703932508e-11
TGATGGCGCAGGCTAG-1,0.029784758551620934,0.09424430591257277,0.4886580503594591,1.6281777152405655e-11,0.3745164037482869,3.018998903206306e-11,3.365351257784976e-11,1.2672145640934652e-11
TGATGGCTGCGACGAT-1,0.023236081795376683,1.7605086318517965e-11,0.37475160888583287,1.6260395415720974e-11,0.1299194057398493,2.0644758264085436e-11,0.3915550389487863,1.2672131290961804e-11
TGATTAGAATGACATA-1,0.09922071239141507,0.013307222532472959,0.2700425510844072,2.522433162834418e-10,0.28641192628859924,2.6552000010455866e-10,0.23101758714882029,5.3326519725980156e-11
TGATTCGTCTGGATCT-1,0.01119395508492659,3.532588543497871e-11,0.3105439743062443,2.1307825406023652e-11,0.08085430733586808,1.944476285171834e-11,0.4974077632359925,1.6430471370832703e-11
TGCAACAGTGAAGCTC-1,0.15148280772745804,0.01289239912766372,0.4955036371892833,1.2424698716812183e-10,0.22136088749923824,0.018760268291841894,4.66088808389552e-11,2.290060894732222e-11
TGCAACGTTACCTGGT-1,0.0167637145907009,1.8286243316482538e-11,0.30051613651290754,1.5866699861220445e-11,0.0935562895414546,6.894806015436606e-11,0.49453840533330956,1.2672247710397423e-11
TGCACCGGTCACCTCC-1,0.08715856530551658,0.0006615076224820774,0.41776042659855456,0.023340466478345936,0.2546099237037022,0.023479460629509254,0.09298964954459366,1.6860784150722212e-10
TGCACGAATGTACTAA-1,0.19442734579464818,0.0792867405150202,0.5218972897028776,1.1037192066130585e-10,0.3347004205725915,3.217756051941077e-10,3.84876372609901e-11,1.2672178628035766e-11
TGCACGAGTAGAGTTA-1,0.042951935018750075,0.02397402584234929,0.37294029107727555,1.734769512604797e-11,0.15622496539876832,0.04794023417566495,0.350025008774587,1.2672153832835338e-11
TGCACGAGTGTCAGCC-1,0.1058119685708356,3.00601746179944e-11,0.46272280068785854,1.5051776270724175e-11,0.14081393017973096,7.486436271399393e-11,0.49065130018579434,1.2045913239903147e-11
TGCACGCTCCTATCCG-1,0.09470161065843263,0.022893067531991915,0.5324164413890686,4.20275103524604e-11,0.20201043570384353,0.03169388244228344,0.01628456221829594,3.429655691369003e-11
TGCACGGCTGAGACTT-1,0.1854000872933166,3.2941438986371736e-11,0.49252268507688896,1.7869620873174e-11,0.044734940307160076,2.0529641350800767e-10,0.47734228695050884,1.130418130234853e-11
TGCACGGCTGGTAAGG-1,0.038562144299200976,1.6825723741978762e-11,0.31957003972820264,1.6825723584994254e-11,0.2336657874428691,3.0176792013151605e-11,0.30820202893715776,1.301286826404403e-11
TGCACGTAGTTCGAAG-1,0.07495333060472534,4.350746519011957e-11,0.2674707647886032,3.387714566094325e-11,0.12700214156973874,0.027766000955774785,0.40280776201713286,2.0364094559589926e-11
TGCACGTGATTATCAA-1,0.04649110832761709,1.579346818886484e-11,0.17379466970566834,2.3890575973486823e-11,0.15854814071320034,6.625313947375802e-11,0.5211660812309501,1.456156813899589e-11
TGCACTCCAGCTACTC-1,0.14117826299064065,0.04859506775187745,0.28548864031475985,0.02064158059585038,0.08708429235334617,0.037752324638855285,0.2792598312492005,1.1967002399784077e-10
TGCAGAATCGGAGGCT-1,0.36839806362691696,2.3124310660985022e-11,0.4233173548461788,1.0360643246017673e-11,0.022828893061602105,1.4027710502478293e-11,0.38545568839302613,7.404158082411285e-12
TGCAGACAATACTGTT-1,0.12081508815538858,1.5475312396883817e-10,0.3405125023239487,0.005882408568944205,0.1946778513318445,8.840613620665581e-09,0.23811214058863597,4.8507704075837096e-11
TGCAGTACAACGAGTG-1,0.042816705591144345,0.009675619801958657,0.19733642628515427,0.052210410272510416,0.3363471176962474,0.08453953005145376,0.17707419014145578,1.7376409741134457e-10
TGCAGTCGAGCACCAA-1,0.03487535487561069,2.1226858102603505e-11,0.33308821115055565,1.509447361960857e-11,0.22997724706451453,2.890981422458379e-11,0.5021448362979405,1.2672175614012642e-11
TGCAGTTATTCCACTC-1,0.2946799259102656,1.5992364375332695e-11,0.29156747169800445,1.5009230737389915e-11,0.1543841993064342,1.8415717488186645e-11,0.2818861917347321,1.2672160553479756e-11
TGCAGTTGTCGGAGCG-1,0.029603228840846804,3.0307761816687894e-11,0.17143080771754377,4.177363356924442e-11,0.13959732618832818,7.114622032054802e-11,0.5593686371176968,2.211201779078178e-11
TGCATTAATGGCCACC-1,0.037565832721727456,6.519418923198732e-11,0.5644025524945598,0.3890317229924378,0.0658398560683411,2.1740705005747516e-11,0.14316003560662663,7.960692019299807e-12
TGCATTCACGTGTACT-1,0.05905294787125363,0.01123734010863035,0.20099691240999012,0.059824263088327626,0.1759558266255762,0.05909095661722776,0.3338417532806682,2.4535191484844804e-11
TGCATTCGCTACAATG-1,0.24867704662599097,1.523869301153977e-11,0.4712832557724529,1.676562304593582e-11,0.05032970539226368,2.960747371055383e-11,0.42970999209343064,9.858045147689125e-12
TGCATTCTTACGGAGG-1,6.204331020211536e-11,0.0038254667746459555,0.27939153730235056,5.999961520306089e-11,0.04573806470618112,0.07587642495552045,0.49516850702427795,1.2862875634580428e-11
TGCATTGATAGACATA-1,0.22382949869498725,1.9986545192796636e-11,0.4958388734545911,2.387773268403363e-11,0.22348145560789448,0.02319714867006492,0.23365302344917888,1.0707400812535489e-11
TGCATTGCTGTCGGCG-1,0.039421363601124235,1.707977331560223e-11,0.4159811835667915,9.686976436417628e-12,0.35007285424044743,1.1604251380650254e-10,0.3945245984207334,7.799970031111798e-12
TGCCAATCCATGTCTA-1,0.07269825910831278,0.020816675086661657,0.5573047263760198,2.7682125446478084e-11,0.17789888600137954,0.06014171212527607,0.011139741287243366,2.062020031274917e-11
TGCCACAATGCTACCG-1,2.1289347056138393e-10,0.054228548459601296,0.5717831709020732,2.894184440212509e-07,0.1928180729552147,0.08116991798713684,5.25878309447885e-11,2.7893361760975055e-11
TGCCACTATCAGGCAG-1,0.07581411204050895,0.04662022579949092,0.38168397339736626,2.495240824850139e-11,0.07881332257924621,3.143571170805245e-11,0.49680369548319575,1.2672170520273204e-11
TGCCACTCAACCGGCC-1,0.14267356499268913,0.3545618660218528,0.5239623841887656,5.761986386921223e-11,0.10369513886584945,1.68697779805642e-10,2.3558193127889572e-11,1.267217727180951e-11
TGCCAGCTATTGTAGA-1,0.23301891416936338,4.220386835242558e-11,0.5452236894737689,4.17264820258696e-11,0.09638361928453085,4.579891250159072e-11,0.025373776961655107,1.8990440971335755e-11
TGCCAGGATGAGGTTC-1,0.0008875871882837424,0.06270153344845583,0.5302651136987974,0.03289068363408994,0.12301487402740106,0.05222662222095609,0.09801358591616864,1.389913340693027e-11
TGCCAGTGATTCGTGC-1,0.1309389573149354,7.751720750011227e-11,0.48719943747297606,2.378672371732387e-11,0.042336552412709255,4.212854823311315e-11,0.4946172544249938,1.2672183825124752e-11
TGCCGAATCAAGCGTC-1,0.15880860285584236,0.019486933465963537,0.4968534158872434,3.773811079439735e-11,0.15916946231150073,0.1432822717250686,4.0149217735208176e-11,1.2672149241905597e-11
TGCCGAGTTAAGAACG-1,0.07213677147897651,2.7212940791611452e-11,0.33210894679121966,0.0023607955619874134,0.08878189223525877,2.2734766366281114e-11,0.4964399618690188,1.2672149976790275e-11
TGCCGGAACTTAGGCA-1,0.03145663345139334,0.13265188022653926,0.3278253740782329,0.06212944697507021,0.2084602178131147,0.0283866240788343,0.10908982334618998,4.788512459019841e-11
TGCCGGCATTATAGAT-1,0.041884010952354805,2.7324417583954228e-11,0.12335075611300374,2.5527036797129434e-11,0.17934268804961753,1.0263284398286216e-10,0.5554225447442461,1.9963822841726374e-11
TGCCTAAGTTAATTAT-1,0.16862345937466505,4.882932365834088e-11,0.5016302999830117,2.03375417583307e-11,0.043989208840602305,1.627138595572986e-11,0.48575703137246956,1.2203483951223216e-11
TGCCTACGCAGGCTGC-1,8.896313172257029e-11,2.3144051872625892e-11,0.2113651509695978,1.922361411427365e-11,0.0682717625378692,0.09065638649866697,0.5297066999011837,1.6456491050632382e-11
TGCCTATCAATGCCAT-1,0.15593680227263093,0.00955925095851242,0.3878956784748598,1.3325103166328854e-10,0.10927220879785478,0.045516932573698723,0.1918191267692119,3.879424194232109e-11
TGCCTATCGGCTATGT-1,0.041406384938379656,0.11840432139475159,0.4167843899414432,0.003007986423881383,0.1537206897782328,0.1076749456802013,0.05900128177122898,8.677495734907419e-11
TGCCTATGGACTGGTC-1,0.1500148688734184,0.01018568679960816,0.3032537560150448,1.0822416279765065e-11,0.26802908398467173,2.7317976520797964e-11,0.46851660420417024,1.0822415372584093e-11
TGCCTTAGGCGTCTAT-1,3.362889059198123e-10,2.3208906301067203e-10,0.17486148276255548,3.847421204923172e-11,0.17526530450017955,0.013032159614057844,0.5368410525473065,1.7200289274697435e-11
TGCGAATCCGGCTTGA-1,0.11375536105854485,0.06396225039178295,0.42043411654102003,0.01005546026952949,0.2544599438430124,0.035495850200714094,0.0018370175239381334,1.793033293067711e-10
TGCGAATTCTCCGCAC-1,0.2154920801949079,3.8137519571151675e-11,0.5151983282462168,2.0468719322622952e-11,0.30235813848528753,9.514494403575571e-11,0.16695145231200875,1.2409274084424115e-11
TGCGACTACGTGCGAG-1,4.897815295984931e-11,2.7427890323451904e-11,0.4953067142729831,2.2701501779845038e-11,0.07091351822959735,1.7236612595829277e-11,0.49750836636938495,1.2672161410874485e-11
TGCGAGCCAGACGAAT-1,0.20592844852301193,0.03316291890449323,0.47171409910955964,2.215091699558141e-11,0.14578296647555236,5.043865774646937e-11,0.043411566975344755,1.52156053126967e-11
TGCGATACGCCTCGCA-1,0.12519175948838723,1.2986424371684765e-10,0.5143833366207674,3.070600671172008e-11,0.26042490362475385,9.000232715193085e-11,4.099425168135853e-11,1.7865884185110084e-11
TGCGATCTTGCTCGAT-1,1.0084956269558498e-10,2.2736236636626416e-11,0.2996862872263481,2.6750116466030326e-11,0.18122262856153862,4.840505889843878e-11,0.4190910840425364,1.7408180935795014e-11
TGCGATTAGCTCCGCC-1,0.1813112343180694,2.6705420870180637e-11,0.48734126097347863,1.513814370726396e-11,0.07669017485778686,5.424599523612195e-11,0.20996051348300362,1.2672152447694467e-11
TGCGCAATTGATCATA-1,0.12648401225447736,2.892732491326587e-11,0.2572622585223394,0.03531858662213295,0.3989166113088307,2.9473783427644954e-11,0.08201853125301169,1.9044451839659392e-11
TGCGCCGAACGGACTC-1,0.31249397673035967,9.84660103636306e-12,0.4544970259987651,1.419504813156752e-11,0.20888067629578844,1.83259367885532e-11,0.2241283209029272,8.013810808337589e-12
TGCGCCGATCGCGAAG-1,0.0019046610762302708,6.920779168921561e-11,0.4525050352604265,3.0908969688265005e-11,0.1501802056847942,8.858610711246576e-11,0.2954100979006273,1.415136487187668e-11
TGCGCCTCTTCGGCGA-1,1.274355568711883e-10,0.030129196726217795,0.334563978209093,1.8018831394296328e-11,0.3061856098089272,0.07424716561230377,0.45487404944476145,9.809927406935334e-12
TGCGCTCATAGAACGA-1,0.17975616262045066,1.4123768951333497e-11,0.4684721566460046,1.3618654658736098e-11,0.07523159875941542,2.12572952529514e-11,0.4765400818022624,1.1378829297832926e-11
TGCGGACTCACGTGAT-1,0.34553019402475066,1.4887215290554313e-11,0.4161877619417013,1.3604787500708956e-11,0.02754485349380971,1.3604784860116055e-11,0.4107371904634901,8.48707787637674e-12
TGCGGACTTCTGTCGC-1,0.14698180850361728,1.8934660880936819e-10,0.47275709037620345,1.9961662258124597e-11,0.03378481767440026,2.1010811684185742e-11,0.384911285741018,1.2672163315528776e-11
TGCGGATCATCCTAGA-1,0.29607124964554,3.1496907090732613e-11,0.5182278660922928,1.8057721185438083e-11,0.17132191420013398,2.397393092172643e-11,4.0137395529339866e-11,1.268501255405961e-11
TGCGTGTCAGCCAGTG-1,0.03322649870798235,0.24474022115366453,0.3713992009060952,1.9259056842948398e-11,0.12052014131222663,1.9259054011849443e-11,0.43011393784194185,8.958443977288716e-12
TGCGTGTCGGCGGATA-1,0.37584376227120997,2.8811173899514423e-05,0.40125678814073695,9.764711872198301e-12,0.0452287107083152,1.0303418954644649e-11,0.3776419276815874,7.451794245286219e-12
TGCGTTAGCACGTACC-1,0.027219177540496988,0.04529891880375386,0.17370674847899664,1.8778744707190837e-11,0.1809394299737944,3.2299987191720517e-11,0.4973236948302616,1.2672136621954012e-11
TGCGTTATGTTCCGGA-1,0.3777834059400424,1.1685738089390716e-11,0.39280897055719527,8.272556397802934e-12,0.09897795757626889,1.0239812256299227e-11,0.3304296658700821,7.54794267067383e-12
TGCGTTGTATTGCCTG-1,6.265171120212561e-11,2.4271470979802356e-11,0.4028905383686598,3.361414908583238e-11,0.11519748047803399,0.04909656510275885,0.364571703056903,1.2672140682701771e-11
TGCTACTTGTGGCTGG-1,0.1739636874176706,0.015714126590674487,0.21165425685844025,0.015504391040181111,0.21648409316111186,0.02194786743241843,0.24473157730794715,2.050997756563223e-10
TGCTATAATGTCGCTG-1,0.04419710548454513,2.8434651091095283e-11,0.16103205894795025,2.587240804809872e-11,0.13114525534061497,3.157323747406181e-11,0.5636255801488037,2.1921664696006096e-11
TGCTATCCATGTAATA-1,0.3247685836838855,1.2876360511050979e-11,0.43550106112947,1.2348068039968033e-11,0.01513842231639792,1.5528184799478265e-11,0.4245919327923394,8.760560031334523e-12
TGCTATGGTTGCGACA-1,0.11193708635896507,0.03425946813958523,0.30276072496884276,1.6352405663119132e-10,0.32802473882918726,0.07315110345670313,0.049866878053805165,4.665720731110849e-11
TGCTCAGATTGGTAGC-1,0.020151536105810986,0.043655928398828495,0.22470273184730302,1.1589856546561635e-10,0.29355739668915587,0.017507740508744735,0.3004246662724583,7.697928304995303e-11
TGCTGTCAGAACGAAG-1,0.05085685867126268,0.041552182601631446,0.47186764177913865,2.0425199246539917e-11,0.33572331672405065,9.116146717889355e-11,2.1760017090472e-10,1.4183329053500076e-11
TGCTGTCTTGTTAATG-1,0.06317015104220108,2.2683617536391504e-11,0.27789990914002033,1.7351177674875463e-11,0.1811386699058806,1.9293540214157726e-11,0.4989522940534354,1.2672155169568255e-11
TGCTGTGAAGTCAAGA-1,1.3971070124581707e-10,2.8482837191176527e-11,0.22127757523806935,0.07969879480293542,0.25175973756783915,2.956030931705248e-11,0.3472638923821195,1.3530107258127547e-11
TGCTTACTCACCGGTC-1,0.21157130232507854,2.0123448556688886e-11,0.5460353558846968,2.7190711031642853e-11,0.2746248634479376,1.559223666138546e-11,4.6862084979909504e-11,1.2711352657717729e-11
TGCTTAGCCTGTTGGT-1,0.08281071627308575,0.04008123568277849,0.38309361953948334,0.06463684441145066,0.19721049526517928,0.06532549370159557,0.06684159510464384,4.069814462761237e-11
TGCTTAGCTCCTGGCT-1,0.00497619311778562,1.4128513036150631e-11,0.44680439645748754,1.1544907094698753e-11,1.8508659251862366e-10,0.30853085258690344,0.4396885575802923,9.46859944696908e-12
TGCTTAGTTGACTTAC-1,2.5559547143664306e-11,0.05098389758000412,0.2928004548537785,2.2544141196177243e-11,0.03478461456453387,3.495518745610697e-11,0.5214310329928291,1.477632993131228e-11
TGCTTATGAATAAGCA-1,0.1668351993974056,0.044757337219372736,0.267715898690138,2.4302115747865263e-10,0.2566867128829968,0.01346457394509598,0.15054027757180743,6.588941562607796e-11
TGCTTATGACGCTGGC-1,0.3090058066239143,1.3729724177794598e-11,0.39045957988620833,9.28823410153924e-12,0.14596405310771907,1.0711953641345173e-11,0.35457056032756207,6.6908808209731866e-12
TGGAAGCCATAACAGT-1,0.11009698914327903,0.011353621368607415,0.5085939362639893,0.02695999568872466,0.14255857205283792,0.06495327198547461,0.03548361344088938,7.134877317321565e-11
TGGAAGCTAGTAATAC-1,0.057841903817634106,0.057151885220108896,0.31185325591791474,0.05388737983537112,0.16022160666089047,0.14731346927558275,0.030763919642200408,0.08096657964084741
TGGAAGCTCCATCGAC-1,0.03254823819069769,0.14851308794633739,0.4582112842452192,0.02781463881479794,0.18348217767956668,0.01101996262405069,0.03841061049473072,2.7860643284073504e-11
TGGAAGGTTCGCTTGC-1,0.0009783175481843454,1.4303942657479966e-11,0.26881456300372064,0.08298577698045742,0.41198370835770043,7.1618967985469e-11,0.4352376340015171,8.950153004141729e-12
TGGACGCCTGCGACCG-1,0.04342956057151105,2.2221065352340105e-11,0.343749995195102,4.8617592498368967e-11,0.4390179692902483,3.4862411118316346e-11,0.07380247487933037,1.6211011154686946e-11
TGGACTGAGTACCTAG-1,2.450606423136659e-10,0.05656553651082767,0.44357337864969404,1.0638255980494153e-11,0.2996874694037268,1.6948208635532665e-11,0.40017361513598887,7.762240694360772e-12
TGGAGTCGGCAAGCTC-1,2.384366108813455e-11,0.055881226728857425,0.5384680931927188,6.291543951587081e-11,0.24296670208109983,2.990835480220309e-11,0.06268397789374074,1.934300036279814e-11
TGGAGTGAACGCGGTC-1,0.10170975915502495,0.007730039575474336,0.5411625634264741,0.027834609257837383,0.22156302857642488,4.7642384471812534e-11,3.4785235114465886e-11,1.4789552592881867e-11
TGGAGTGATGGCTCTT-1,1.728220356166011e-11,1.3498086474776312e-11,0.14878159404725064,1.3509296095965043e-11,0.2563355902807025,1.1390728215322109e-10,0.49520034702183047,1.2648239663115879e-11
TGGAGTGCTCCTGATC-1,0.291672530206101,2.7965491423811127e-11,0.47852768649162225,2.2998195698106726e-11,0.06944371558353588,1.9624701571553807e-11,0.06035606820227611,1.296203897529534e-11
TGGAGTTGGTGAATCA-1,0.12095750509767167,2.4125762894087654e-11,0.38237489593469365,3.4449464639510465e-11,0.19510669474163955,0.013922692083943443,0.4876382118862985,1.186106979196636e-11
TGGATCATTGTAACGG-1,2.939939163403408e-11,0.09320104825954723,0.45224816255588124,0.22984378104644065,0.13174704039256413,9.786568039918039e-12,0.2929599676909445,5.538793541942457e-12
TGGATCCAGTCACTTC-1,0.2808352694253482,3.738177814218812e-11,0.5107995206001943,2.265523923747585e-11,0.225776280463871,3.753342108259859e-11,0.18258892881019553,1.2406610276296219e-11
TGGATCGGCCTCCATG-1,0.02508116952754778,0.04719153315743445,0.2842534760651209,0.10915131627297192,0.1885972760361374,0.17993376373175918,0.0657914651846783,4.237752047775639e-11
TGGCAAGCGACACTTA-1,4.0346821887747515e-11,2.7570223849852723e-11,0.09563953473329105,0.019627120242862648,0.04632122841451204,0.224052028766111,0.5143600878935247,1.4015596777067618e-11
TGGCATGCGTTCACGC-1,0.1194814409076816,0.14537752374842144,0.24755491641402805,0.012684405016174335,0.16321856025094708,0.0754571164803954,0.13622603708738248,1.0922592093673662e-10
TGGCCAACATTCTGAG-1,0.0494392440691226,0.09814053916502587,0.5032719838010529,2.123222428744514e-11,0.2534559450712269,7.003030243863258e-11,0.04852395248870155,1.26820561001907e-11
TGGCCACTCCGCGGAC-1,5.0042198623086984e-11,0.015896473142117548,0.2347999551485936,4.313281568569412e-11,0.12713305743783393,2.5965814722866613e-11,0.5221705141616128,2.1521389204292144e-11
TGGCCAGAGTATCTCC-1,0.16951000286593254,1.4761049366564177e-10,0.4849378925307855,5.615922483406085e-11,0.1124378201953188,1.5496577213338308e-10,0.13311428405453396,2.296838280649498e-11
TGGCCAGATCCGGACA-1,0.05138945570959761,0.017655098020253873,0.42923460349695874,2.707435766917119e-10,0.13154096599993306,6.435859655181112e-11,0.27017987644033914,2.4298365809141628e-11
TGGCCTGACATACTCA-1,0.39516665474116214,1.2953813110023696e-11,0.41074786070964525,1.0119529654892248e-11,0.005744535815594285,1.1847382280573322e-11,0.38834094867046043,7.834790110973206e-12
TGGCCTGGCACTGTGG-1,0.01630260278069046,2.1580480114417856e-11,0.4268639440959484,1.9602122449668033e-11,0.0869952123434142,4.407448179202159e-11,0.4890688283342433,1.2672149646204855e-11
TGGCGAATTCTATGGT-1,0.06259286535779607,3.0054292070865065e-11,0.33056999936051584,6.211782265462607e-11,0.23903963473001452,4.5725323437563113e-11,0.26779750040615374,2.983924216595889e-11
TGGCGACACTGCCGGA-1,0.12731238605284576,0.12311723318944887,0.5251151401407522,3.0600483699436504e-11,0.18391669367510657,0.12076823450312227,0.11977031117463988,1.2541659487736603e-11
TGGCGACAGCACGGCC-1,3.238733741616763e-10,3.097804014922637e-11,0.3897356287830166,2.0162731605672415e-11,0.08995009263460815,0.05073120295749416,0.4973318710240241,1.2672159081711e-11
TGGCGATGAGTGGCAG-1,1.73695868305577e-11,0.09584068732803694,0.5254939156670198,7.85804967465372e-12,0.1626241601021873,0.023641781156865136,0.3923994556924192,7.80857244661208e-12
TGGCTCCGCATCAGAT-1,0.0933678994481569,0.017963462554007017,0.560236640797225,3.5047906738683884e-11,0.2082722625710977,3.2884408482379086e-10,0.02015973427641867,2.1036889444727782e-11
TGGTACAAGACACTGA-1,0.08813915213114948,0.03555153648669066,0.4628145207539359,1.908396916044296e-11,0.1520820512549425,2.4772406594025813e-11,0.4614127392566027,1.0529936083701789e-11
TGGTACGGACGTAGTT-1,0.07036609395479587,0.03306042380546512,0.5323787085940362,2.2150337339959034e-11,0.03163252977177461,0.04270451507169013,0.24414706902181008,1.2672142120644165e-11
TGGTACGGTCGGCGAA-1,0.030537094981476224,5.248731661086106e-11,0.49879561095943203,3.853937907869128e-11,0.1889863791908618,5.140286950377995e-11,0.4816809144663066,1.2052407055344354e-11
TGGTACGTGCTGTTGA-1,0.04759989349603039,0.027986738751035446,0.28903088929769205,0.035304881887404174,0.2345154950900689,0.07903993988452529,0.17030810237102953,0.01621405923401718
TGGTACTGACCGCTGC-1,0.10996491052065467,1.466482187578108e-11,0.3749765517830228,2.992680432299098e-11,0.2917875598324521,4.0959517515173287e-11,0.4232709777389476,8.946233196124648e-12
TGGTACTGGTATCTTG-1,0.11425312805389067,0.13652747929728296,0.5124394923030253,1.6928717916361348e-11,0.1367799002495209,7.369938477841146e-11,3.94986248040437e-11,1.689025391777823e-11
TGGTAGACGTATTAAT-1,0.07747092475456327,0.04069383563613176,0.36717848408909637,2.7491626940414008e-11,0.20650364137628371,0.023392538719786908,0.1847605754127343,1.9641841693114093e-11
TGGTAGCATCAAGTCT-1,0.05287410524638367,3.088215179493826e-11,0.49800940548668876,2.3301615334783744e-11,0.06484268739101,3.4751411826968325e-10,0.3302508663178321,1.2672141348968716e-11
TGGTAGCCAGTTGACA-1,0.10929762410173871,0.20640250682575623,0.5269329025269462,0.35736696647716165,1.991220510822013e-11,1.344186230028601e-11,1.1342353447632554e-11,7.172202239143735e-12
TGGTATGCAAGTCTAT-1,0.3533825116648059,0.03847356353621563,0.5006267248069801,1.7946009443850063e-11,0.05362918976920035,3.410012089348176e-11,0.07373099615592879,1.26721541424052e-11
TGGTATTCCTAGTCCA-1,0.2665822397391562,1.769117963300173e-11,0.4914771442542013,2.0381093617013318e-11,0.002615981871956348,2.1469210278647965e-11,0.30206455798956117,1.2672168002661225e-11
TGGTATTGAGTTGTAA-1,0.040400488065558925,5.6576923869072956e-11,0.3068360454291451,0.030923032636223383,0.18042160151730377,2.9579087582592386e-09,0.3414188293258506,3.218481806795916e-11
TGGTCATCTAGGTCAT-1,0.0556932090345466,0.012264922085325035,0.39245412125064166,0.008616191388056601,0.3669105574730222,0.06406099859260572,1.677593255185149e-10,3.000438382100385e-11
TGGTCGAGATCTGTAA-1,0.27813057624903265,1.727093360535256e-11,0.29521561601001145,1.3928574435669968e-11,0.17778528642689434,1.9612591227595747e-11,0.44886852080850254,1.2319597538251862e-11
TGGTCGCCGGCTTACT-1,0.10757607852443485,9.13832453638102e-11,0.37045060855623774,0.013826769025345784,0.18701812495770628,4.860746596400464e-11,0.22112841879844208,2.6674331457836374e-11
TGGTCTGCTCAGGTTG-1,0.02824588364839505,5.598896256330228e-11,0.3447590051384874,2.2704536284063145e-11,0.16689244203879355,7.639327885502147e-11,0.494810300650372,1.267216155110109e-11
TGGTGCAGACCGAAGT-1,0.2136308946787363,2.1710582743692434e-10,0.41546136281643814,0.021374743766327437,0.09276608533738398,0.0022169710399077888,0.15454994212796147,3.5823523117741906e-11
TGGTGCAGTACCATGC-1,0.017223483292680447,4.338729999713729e-11,0.4338599976214743,2.4743563855208107e-11,0.2810191250142368,0.011896115211793882,0.45600127873017304,1.0147031069736687e-11
TGGTGCCTAGCACGGC-1,0.19042107074338901,0.00012570280249547548,0.44068636504854325,0.00024789746633688953,0.16180268294067815,4.047971663664434e-10,0.10671628049114759,3.127969841227234e-11
TGGTGCCTGTGGTTAC-1,0.0619859532250581,0.3796461742663722,0.5084233059599925,2.5924175701487144e-11,0.1861319141589911,1.8451421951834828e-09,3.4773769674850415e-11,1.2696336496296138e-11
TGGTGCGAGGTCGTAT-1,0.3053489080047579,1.9231754265055977e-11,0.5160327807392462,2.774460817672168e-11,0.02976319529523691,1.9247714349977813e-11,0.2683034390213399,1.2672177987069432e-11
TGGTTGAACACGCCAA-1,0.2593276690026543,7.505095982365109e-11,0.4434097374344799,1.2697619957213994e-11,0.24601683046374334,1.9051764691624695e-11,0.251245762958218,8.479111676610751e-12
TGGTTGCCAGTGTCAA-1,0.1407459624759999,0.04789068364049951,0.17173185972913033,0.012260584194538817,0.21637149946907872,0.06296039178856072,0.21943114496231567,0.02860787375174565
TGGTTGCCTCCGGCTT-1,0.09461033450845932,3.938371044978761e-09,0.46065433114817433,8.75313999830296e-11,0.21985557491426766,0.014864755527618624,0.1100149998682284,2.9597842092591045e-11
TGGTTGGTATCGGCAT-1,2.1290866385859445e-11,1.5764752417974682e-11,0.42768862334604424,1.5764107900974873e-11,0.22365244220875352,4.0520029896088134e-11,0.4947534386392409,1.2672180825733885e-11
TGTAAGATCTTCACAT-1,0.3858368830308341,1.2103266498939578e-11,0.4067630986368962,1.2905446787046202e-11,0.08526160069589725,1.8217206126010645e-11,0.3221384175655158,7.740588498314326e-12
TGTAAGGTGAGCGACC-1,0.13002655015344822,0.020094029919398734,0.2932256225364108,0.061384136991775,0.21181783991215716,0.02064371845479381,0.1628081019498574,9.67384824286098e-11
TGTAATAGCCGATTAT-1,0.08311101098586265,0.03881326371055352,0.16523470561304304,0.010699887499412941,0.13578645818873222,0.11823602237077392,0.3481186515282057,1.1719282119694548e-10
TGTAATCATATGAGAC-1,0.14014104450363118,0.029564401423861277,0.4747774592187872,4.830168706095657e-11,0.09707507314360823,1.3540425171554744e-11,0.45844202158288805,1.0301890726958012e-11
TGTAATCGAGACTGGC-1,6.198785147130103e-11,0.169440034506613,0.3807657736530624,5.977447244028057e-11,0.11099241211381113,6.181387341297129e-11,0.3427876593807982,1.2672156348095177e-11
TGTAATGCACTACGAG-1,0.056202275863685286,1.672455533608446e-11,0.27529537891333744,2.2334259162311007e-11,0.20236409773273073,2.2334257068395517e-11,0.5014873195277246,1.2672157553387388e-11
TGTAATGCCTAACACC-1,0.07085911081300639,0.0023012611887083924,0.15030458975108552,1.8637432821133008e-11,0.1274062598112864,3.452548617435228e-11,0.5491287784054499,1.8464005252456982e-11
TGTAATTGTATCCTCG-1,0.19432708774524377,5.238641459808133e-11,0.42291788892179,6.349451004546162e-11,0.26129759861563295,8.361598767481545e-11,0.021457424544227905,1.777474770780011e-11
TGTACCAACTACGCAT-1,0.22993012810188718,6.348962213296681e-11,0.48720683133692055,7.665281445626602e-11,0.14768598213122752,0.01946117954295473,0.015715878745940493,2.6020981529594886e-11
TGTACCAATATTAGTC-1,3.507639522540032e-11,1.4011115729359515e-11,0.1692875635857185,1.751419945563551e-11,0.25814355054961446,2.075812052435495e-11,0.4725688861164011,1.3145338705535365e-11
TGTACCACATACTGGT-1,2.939077308391684e-11,0.10390562201967653,0.3994486813250662,2.8702546874243698e-11,0.2584239692266112,2.9244469449016186e-11,0.1668271712443827,1.271122558403576e-11
TGTACCTGCAGGAACA-1,0.02804207478320182,2.253444300897448e-11,0.3406493616304346,2.9786031033020944e-11,0.07004269134169301,1.02802234088496e-10,0.46126587209762654,2.203282036237958e-11
TGTAGCCGTACATAAC-1,5.058567129441924e-11,1.7879223759722862e-11,0.4090217942692547,1.0995308099975214e-11,0.391514760601166,3.039258656253391e-11,0.39946344499041264,7.950623033245668e-12
TGTAGGAGCTTCAATA-1,0.019554204054877358,8.457563066691386e-11,0.12386161617416043,1.1510242682222398e-10,0.202259387655858,2.0871041644931937e-10,0.5543247916951188,3.241642719043121e-11
TGTAGGATCAGAGCGT-1,0.05371281175278668,1.9900691699152617e-11,0.393735713027211,1.4115821274699738e-11,0.27733177728362274,1.4302019509208508e-11,0.4752196977605323,1.1425150075801214e-11
TGTAGGCAGGTCTAGC-1,0.2742787482873529,9.153019780333012e-12,0.35264962686741813,5.5893921242770255e-12,0.27599427563172885,9.15301907374047e-12,0.2970773491748218,5.589392508219266e-12
TGTAGGTCACTACATG-1,0.1952237178108742,1.9588368121286826e-11,0.5003501765126,1.6832314005878475e-11,0.012796610404850852,2.0719193989023204e-11,0.2007795651972426,1.2672109936182353e-11
TGTAGGTTCTGGCTTA-1,0.07706100375963308,0.0013064726375885355,0.34770872454653107,1.7182543818496663e-05,0.1806671977787055,0.04062659024765636,0.2526128284653634,5.05131920775853e-11
TGTATCACGGTGGAAC-1,0.0654698576689762,1.8036347625780087e-11,0.41871395223516567,1.1593025391233363e-11,0.29903318035012605,0.012993043040363906,0.4037899666460949,7.993575766167944e-12
TGTATGATTGTAGGTG-1,0.08621503521474783,2.6667225193262805e-11,0.355523329629672,6.68562785365629e-11,0.1014026230515115,0.01792489768625098,0.49830128234540433,1.2672168560656742e-11
TGTATGCAGGATTCAC-1,0.15160453570162044,7.524151065394123e-12,0.33432378453625267,0.015797595681071388,0.344349777340345,0.014890059991276957,0.3390342467222245,6.411429667136646e-12
TGTATGCCTATCTTAT-1,0.149553632140819,1.1471373883504062e-11,0.45826610306437443,1.5261609435383257e-11,0.12926860315258668,2.290056585919615e-11,0.4629116615239127,1.0412824510510666e-11
TGTATGGTGCCAAGGT-1,4.133698974967138e-11,1.027992952251246e-11,0.4586669654093175,1.0279929918043217e-11,0.38583599161275306,5.66063684556863e-11,0.355497042830812,7.866281206383618e-12
TGTCAACTCATCAACG-1,0.08002980710576525,2.3194129801566705e-11,0.5286971826492419,0.02261512861999885,0.09151170977384565,4.124596435418841e-11,0.17714617182202533,1.676315773774314e-11
TGTCAAGAACTCGGCG-1,0.11078653147482592,0.05481211181064521,0.41785571858306253,0.019953020097540117,0.22686732424546585,0.033126568424837355,0.036569193922443725,2.95315217867172e-05
TGTCAAGCGGATCGGT-1,0.05031043450378793,0.01909940004911452,0.1556147332800472,1.294170020245341e-10,0.0893383106110828,0.032774554103408515,0.5528625672849168,5.471812612170945e-11
TGTCACAGACGTATCC-1,0.22159125445784775,1.7099830331925753e-11,0.4441400538692865,5.794580304022717e-11,0.09676161631731313,2.6152823014909765e-11,0.4375070752131959,9.077825181322476e-12
TGTCACTAGCTCAGAC-1,6.23712568548007e-11,0.06909668803229388,0.5291347173058584,1.4186865999400209e-11,0.11333643156849371,9.572991457270052e-06,0.18842259008674495,1.414023774935803e-11
TGTCAGAAGTTGTAAC-1,0.11793231743438008,0.03607850401400668,0.292477139892161,2.1330043155465053e-10,0.34300249568453267,0.04562305374552999,0.06488648894881797,8.231559643514234e-11
TGTCAGTGGCTTCCAT-1,0.09390704865770143,2.376372868709376e-11,0.26834916122835767,0.039737778142909984,0.10830213286269097,2.3753153149849816e-11,0.496590993811734,1.2672154423621897e-11
TGTCATGCATGAGCAC-1,0.24221279314592858,4.288920066438774e-11,0.4179023350692355,5.305872919994383e-11,0.10427762054824352,3.647440584730422e-11,0.13560725113016608,1.7825747322088607e-11
TGTCATGTGACACGCT-1,1.8392724303813463e-10,3.332910194714237e-11,0.5581343572534705,0.029608810816343808,0.45139204458957405,2.340244912290524e-11,0.006519680887543813,1.28036207463617e-11
TGTCCATGTATGGAAT-1,0.3018507261135349,1.9350645546470688e-11,0.4375133178272518,3.9259045121252903e-11,0.2066317970486543,1.2787151080955153e-10,0.25400415879255706,8.20922502621576e-12
TGTCCGATAGTCACAG-1,0.08761953055284603,0.209254296855072,0.5204520619994478,0.007791182916890141,0.042425402161244595,2.241862888086569e-11,0.03245752555906807,1.5217101054668703e-11
TGTCCTCAACGTTCTA-1,0.04227454225233227,2.8126991343010357e-11,0.4743284531920145,2.7736805902715938e-11,0.14908267570011471,1.202409469150666e-10,0.3773295044178332,1.2672163097590415e-11
TGTCCTTCGCCTCGTA-1,0.07048752300111984,0.00026148532698216074,0.5641209144888945,3.565096596146825e-11,0.265130076996633,5.340375780670004e-11,1.7933433467777719e-10,2.011826777904981e-11
TGTCGAGTGCGTTAGC-1,0.15541876802525764,0.03846562344466821,0.5474090129584979,4.330235577257541e-11,0.1572705348469354,4.418318889809646e-11,0.23498636221787164,1.2675460960967452e-11
TGTCGATTCACGTAGT-1,5.098899096874171e-11,1.3186415663393028e-10,0.2604861353787057,2.3017364716793455e-11,0.11018202479014273,4.6735747241503696e-11,0.5293318396285649,1.5781585911178012e-11
TGTCGTTCATACGATA-1,1.4648558046540752e-11,6.224853803421373e-11,0.40785232563479773,0.28981064032214815,0.0659788570065846,2.4931331656412908e-11,0.4363581768930354,9.090535921056148e-12
TGTCTGGCTTGTCTGT-1,0.051514738760466985,1.3324963065417386e-11,0.2798120472090082,1.4857023970142582e-11,0.2571444447746128,2.4864089203888783e-11,0.4962784556726272,1.267217016397932e-11
TGTCTGTAAGCGAACT-1,0.08120713167453926,0.09231373857276998,0.5511467827902252,0.001528518115224577,0.12063346479515367,0.0025176948276305023,0.05065266923506597,2.2145141194334894e-11
TGTCTTGCGACTAATT-1,0.17445484342214,4.680020645451239e-11,0.4776645100697114,2.125292850033264e-11,0.07107271711146339,1.1091897365694194e-10,0.4768079290423275,1.1758724578877465e-11
TGTCTTGGAATTGGCA-1,0.33461837832896607,0.05041308600536524,0.3822092471953329,1.1098456083439188e-11,0.08670767301947206,1.0157365418991787e-11,0.3460516154095097,6.54351170282727e-12
TGTTAAGGAAGTCTTA-1,0.0015164170013170998,1.8434693344269827e-11,0.2762506654271634,1.7115335690918572e-11,0.17301980767580982,4.6846568608102274e-11,0.4985818483909242,1.2672147228079181e-11
TGTTACCTATTGGACA-1,0.16504824603316134,1.7216898065029036e-11,0.48472862763931956,1.4572686043694414e-11,0.08399361975808177,1.881688358602979e-11,0.46622950644087535,1.066386464894767e-11
TGTTCAGAACGGTGTA-1,0.05600843218368728,1.0497848198023651e-10,0.25342623024604405,0.011500623536954777,0.3509715316639029,0.020846242600024864,0.20724693966434302,2.5376811835059684e-11
TGTTCATAGTATGACG-1,0.012287549973825309,9.97330641805882e-11,0.4383266605091323,0.008199738408413725,0.2568532788714129,1.7706426027466218e-10,0.18433277194068357,3.859663232269352e-11
TGTTCATTGGTCCAAG-1,0.07210948199948843,0.02443357606865533,0.24483956795907721,3.1934054021284493e-10,0.139705433836428,0.055079936872132834,0.3638320026388145,3.19060153280535e-10
TGTTCCTCACATTAAT-1,0.13737845118173717,2.1315094314270635e-11,0.5029408145097403,1.9566162280303913e-11,3.781826747166285e-09,3.328186467163044e-11,0.4868903311802974,1.2787561343447455e-11
TGTTCGCAACCGCCAA-1,0.09059085921603408,7.313236147378801e-11,0.49683000652154535,2.7037657506243145e-11,0.12425088591834006,3.990485272098946e-11,0.48832824797138197,1.1982972981358319e-11
TGTTCTGCTCTGTCGT-1,0.18693472666851793,0.030219602618145967,0.489140441862367,1.5113725999256008e-11,0.013800705604336083,1.5313055279354696e-10,0.47990452292833463,1.160934114979437e-11
TGTTGCGTCCAAGATT-1,0.06501340067435903,3.4780059122274947e-11,0.4053787295210623,4.1586229299859457e-11,0.21747503888220487,3.005576707000961e-11,0.48822322010520613,1.2684217898416476e-11
TGTTGGAACCTTCCGC-1,0.3812413107026304,1.3085827513495841e-11,0.4203048339520682,1.146151857391863e-11,0.01004457451071103,1.189356356142425e-11,0.38840928077155334,7.600452632511753e-12
TGTTGGAACGAGGTCA-1,0.41967277299858935,5.794905503894927e-11,0.524273622798908,5.3317849901812126e-11,0.06105154643330199,0.08355565535991193,0.11144640160482493,1.2440379239530778e-11
TGTTGGATGGACTTCT-1,0.03128071223824471,0.0026821996569704595,0.38882711168825845,9.183673580308691e-11,0.15439135246401392,0.09216188760589375,0.23065673625157537,2.6972686214665128e-11
TGTTGGCCAGACCTAC-1,0.11800766673608458,2.6224300645040368e-11,0.4424967535909772,1.600156699338279e-11,0.28193262645161854,8.10408339285588e-11,0.3575629527616419,1.2195419717342859e-11
TGTTGGCCTACACGTG-1,0.08500361488822025,2.493323201776116e-11,0.15393290099689,2.2683594084159436e-11,0.22248841431464658,0.01431600859665194,0.4937141050002267,1.2672149796820176e-11
