"","Endothelial","CAFs","PVL","Plasmablasts","T-cells","Myeloid","Cancer Epithelial","Normal Epithelial","B-cells"
"spot_1",0.0313025864420048,0.165148940547902,0.0121264901567722,0.0925271437284734,0.0434637329829098,0.00105459738799095,0.573856401903318,0.0793928255268214,0.0011272813238069
"spot_2",0.0427356626252856,0.227978576186545,0.0774873473165923,0.0271511733821445,0.251574450903043,0.00124547812165188,0.228960947286286,0.13953412877988,0.00333223539857053
"spot_3",0.087140009311897,0.0101807860994072,0.00693207472265687,0.218704069568621,0.0101243786976974,0.00642859164786103,0.648112639907195,0.00790994511716259,0.00446750492750121
"spot_4",0.0129693148340267,0.00572998852402732,0.00305765508759058,0.0322641807378452,0.272071519070973,0.0601051657586715,0.472931932101305,0.0540027121927688,0.0868675316927914
"spot_5",0.0377649978733112,0.187673908016127,0.0501952681418531,0.0705093417368268,0.154907402641576,0.0199786135768394,0.365247574077763,0.0711080306361967,0.0426148632995074
"spot_6",0.0955363644647359,0.4098580354532,0.0420749038926951,0.101476908706723,0.104219738641757,0.0628728248881214,0.092501996289607,0.0748116471374468,0.0166475805257139
"spot_7",0.0454935221217499,0.0791985788555505,0.0170037679690324,0.0832609099236729,0.112068865852604,0.0342016339297092,0.548299246824611,0.060612206291293,0.0198612682317766
"spot_8",0.04564886368798,0.132254223494215,0.0436531768653131,0.089741508382065,0.157452930741059,0.019658767943249,0.408241121179588,0.0859910883804468,0.0173583193260845
"spot_9",0.0291121450232426,0.224498372762609,0.0108537417138963,0.0286712799522484,0.0590831766119374,0.0347609018114553,0.492814372706315,0.0760546009228676,0.0441514084954286
"spot_10",0.0217745557762066,0.221498130769779,0.0145932524464062,0.0636650139135066,0.198407599350259,0.000308533034722289,0.442814647162905,0.035435135384557,0.00150313216165859
"spot_11",0.0270086464601312,0.0550425787657089,0.00244525357863784,0.0414275204004818,0.0789807598715652,0.0241461803005781,0.626421320834569,0.0813954574447535,0.0631322823435743
"spot_12",0.0257638506051156,0.115512974412743,0.0251144049579272,0.0522462356448299,0.0158364052602207,0.000835865064100573,0.665709290615195,0.0988045297013334,0.000176443738533766
"spot_13",0.0354253998091565,0.0936526337875845,0.014175809071318,0.0646370491308553,0.215027938561954,0.034310507555663,0.487186883126848,0.0244692594222916,0.0311145195343289
"spot_14",0.00793262753321027,0.00349226355638363,0.00138678704325251,0.0611409655619876,0.0557319448405553,0.00845313946491618,0.628303828789292,0.107270428966223,0.126288014244179
"spot_15",0.0487073486368402,0.162562968888682,0.0242543002296199,0.0698577611494121,0.265813528643742,0.00406804646664551,0.297046846888586,0.107726681828724,0.0199625172677486
"spot_16",0.0299023196966623,0.27876411083762,0.058896953002016,0.105266145275881,0.219171741781758,0.00200777616255834,0.23000213643976,0.061799054097481,0.0141897627062639
"spot_17",0.0416912236065978,0.111022719841361,0.00793055811896798,0.107928670507303,0.0455099715167423,0.00290974158802773,0.560846780380867,0.121472280532566,0.00068805390756747
"spot_18",0.0316876160379541,0.00222413724228997,0.00345073557155099,0.0520921497722455,0.125573345181787,0.00160837502168967,0.69285334576235,0.0726406208182474,0.0178696745918852
"spot_19",0.0528182347703167,0.269637612148124,0.135686816703369,0.0421101826215922,0.121123432122175,0.0160468248132625,0.242742784370054,0.0961526073441223,0.0236815051069847
"spot_20",0.0161129721182866,0.0886446038917906,0.00812339882030415,0.114552475251375,0.125599823536541,0.00767104105153672,0.509773502891609,0.0735888127704746,0.055933369668083
"spot_21",0.0536714917856575,0.114874191699945,0.0192030498256786,0.0745658463347598,0.180575592725286,0.0123693788352271,0.446017706276476,0.0643218866923097,0.0344008558246602
"spot_22",0.0363304168497965,0.215957996652233,0.0188375425129823,0.0372489623909755,0.0783643053101328,0.006625785264737,0.496324288301861,0.0669487720237191,0.0433619306935624
"spot_23",0.0703123896978803,0.118703870649653,0.0512916379519543,0.0342201907556345,0.0925819791936575,0.0451341801112298,0.488148269043415,0.0643187221681185,0.035288760428457
"spot_24",0.0524358952002162,0.00426758416137511,0.00257129582726978,0.0653257727827068,0.034560185637643,0.00228386426787577,0.779951380392394,0.0347044897748456,0.0238995319556733
"spot_25",0.049092372939601,0.101663827825082,0.0328595647508545,0.0876302730989741,0.127487295254146,0.017654271321846,0.52332420492105,0.0226947289228965,0.0375934609655498
"spot_26",0.0340841009976936,0.299659305204005,0.0440091700751464,0.0455030263991121,0.0131335058692521,0.000969143392435457,0.41983005335808,0.142204655558556,0.000607039145718847
"spot_27",0.012117117170697,0.244317994420787,0.0452759851160055,0.0318635661666826,0.0411546144693446,0.000201385885884899,0.528436691335188,0.0960848736004388,0.000547771834971577
"spot_28",0.0539279401034419,0.0998757923429654,0.0178917910458351,0.0738228270688448,0.162455889401756,0.001308949869095,0.509190081824591,0.0760308140537457,0.00549591428972511
"spot_29",0.0209646570574826,0.0447036918402806,0.0278327901932096,0.112679413791787,0.125502178534489,0.0223118711404177,0.570144129011933,0.0426598190463196,0.0332014493840811
"spot_30",0.0287179671749323,0.0217355924139926,0.0120084169859093,0.0250287580221107,0.169870996831905,0.165484826214996,0.518587691567716,0.0375711643470506,0.0209945864413876
"spot_31",0.0407795299472889,0.13700536194447,0.0514158571352156,0.0991412525219198,0.0955137960168173,0.0169810967172871,0.455889477246819,0.0919326268795187,0.0113410015906628
"spot_32",0.0513154408551367,0.090695997416767,0.0080041558921484,0.111188686913836,0.289097850255354,0.0260791827220815,0.307539839081539,0.0765403298076036,0.039538517055533
"spot_33",0.0168461178423596,0.00367890710334023,0.00242416579599652,0.0797983052147194,0.033992764865811,0.0237033904533655,0.730757440600487,0.0714547193097403,0.0373441888141808
"spot_34",0.0463855615537721,0.0653889446138255,0.0176035783501114,0.0908692711291749,0.0988654896741865,0.0514314873601663,0.53243364556627,0.0546680472765681,0.0423539744759256
"spot_35",0.0474078246880448,0.290040570892839,0.0756459791696549,0.0218106221656233,0.0117519905500765,0.000411459986565991,0.42096570318324,0.129601966527647,0.00236388283630894
"spot_36",0.00214050586918364,0.00288419791076208,0.00145404941549884,0.147028938176496,0.280006674785081,0.00153813906312562,0.454505450211656,0.0963312313478898,0.0141108132203072
"spot_37",0.0362325498537693,0.135929453425758,0.0304092554646316,0.0728423937381523,0.0451930593334508,0.00305433814707699,0.629476591684773,0.0424949843103784,0.00436737404200932
"spot_38",0.103973907486506,0.317709501367579,0.0327188572327915,0.0669294709391655,0.0454469737760531,0.00981150714114725,0.303843502260323,0.107202422492132,0.0123638573043021
"spot_39",0.0207828457029523,0.0530362705774435,0.00857396889904076,0.0873004094967749,0.00887029214143551,0.000710690578768241,0.700088832490091,0.119853569795705,0.000783120317788417
"spot_40",0.0370195588792802,0.178344538043317,0.0289910544335873,0.0730981073646218,0.28939501082951,0.00988971008022528,0.274924673680136,0.0973132595411493,0.0110240871481732
"spot_41",0.00996954910995281,0.266092783024758,0.0230110991765411,0.209076383560505,0.0415774899538864,0.00282503577453157,0.302332186381826,0.144238765249112,0.000876707768887531
"spot_42",0.0138893122390849,0.00452992187201569,0.0197777454923519,0.0539368151546186,0.335408305349191,0.0129042477361904,0.381515072524869,0.0140869250806456,0.163951654551033
"spot_43",0.0359577579633746,0.161924346611353,0.0167359051212889,0.0729587081561691,0.0364972204136185,0.00548974272953264,0.558873790543412,0.111312549147602,0.000249979313648466
"spot_44",0.0453711490099886,0.43946892097465,0.0393325261152304,0.0708810346796,0.0393411897693922,0.000798446283610214,0.277295975199958,0.0853456498136218,0.00216510815394851
"spot_45",0.0751187313125359,0.314412315788078,0.0282068606232885,0.0932954167578191,0.04279385098011,0.0249392309675918,0.344477462618825,0.0581841691533024,0.0185719617984492
"spot_46",0.00888176961485789,0.185310074865657,0.017089347301846,0.047282788535675,0.163617516547289,0.177189483537516,0.35096227901236,0.0361030274489953,0.0135637131358045
"spot_47",0.0133849967297673,0.142477712210187,0.0204815463890742,0.0628948555763022,0.0551997546461809,0.01972829883237,0.576944960206481,0.0947086826054611,0.0141791928041764
"spot_48",0.0162400423700033,0.00452783612850842,0.00357816121692729,0.0907349147633386,0.189848648296561,0.002092014637539,0.635588303490632,0.0453423773200119,0.0120477017764778
"spot_49",0.0368917345129633,0.112457725398146,0.0209235778059227,0.125760296591848,0.0664296434912547,0.0126778454556678,0.524822464614798,0.0830604194793214,0.0169762926500786
"spot_50",0.0343665071008744,0.160714825492994,0.0243788832392556,0.0694348238135685,0.160170921894022,0.0438395091778254,0.402094276876465,0.0801871334169718,0.0248131189880227
"spot_51",0.0305535471560273,0.345497776033566,0.0196833561559537,0.10293670539219,0.0407527485779737,0.00257856043500881,0.379340049258841,0.0764623085109805,0.00219494847946032
"spot_52",0.0107410309684951,0.00366639941785501,0.00251952353239234,0.0820405960706554,0.0377919239491413,0.00264774314485379,0.821224839121138,0.0346278430729408,0.00474010072252871
"spot_53",0.0238388109228805,0.000835454802700821,0.00194159426732852,0.0612129090904197,0.00783506990256785,0.00112567364377196,0.807251661204066,0.0883736714687558,0.00758515469750937
"spot_54",0.0137799065732405,0.00830069055445535,0.00621220776504361,0.0639388889781261,0.0837532253850829,0.0244832772703671,0.727654924468525,0.0597156495597021,0.0121612294454573
"spot_55",0.115831921584581,0.345465173666956,0.095913431406492,0.0849460601792549,0.142624578951014,0.00113692139381973,0.054912108462136,0.127936067657374,0.0312337366983729
"spot_57",0.0416278285536405,0.189962788141167,0.0576659334650387,0.0305412623073591,0.237127624168006,0.0727254648773014,0.0882707013545004,0.0859544573956275,0.196123939737359
"spot_58",0.0297904346376055,0.0421602213359642,0.00322845670184256,0.0515982216039964,0.0965113339555563,0.00240065995886182,0.732743870863682,0.0333412234239782,0.00822557751851298
"spot_59",0.0256769994082182,0.0433532987156367,0.0129741793994951,0.0840599817204741,0.169288050051646,0.0332989235165435,0.541318934681106,0.0307752400256687,0.0592543924812119
"spot_60",0.0379083230016681,0.163423710553954,0.0324461728407626,0.0776913560205678,0.116610022121164,0.00269920580813594,0.492649810015772,0.0753412003738183,0.00123019926415758
"spot_61",0.0580393366361497,0.112241214099667,0.0842563877892449,0.104913338615778,0.0523381520579498,0.0193184966626582,0.551423670267259,0.00892068749873416,0.00854871637256002
"spot_62",0.0140214014008898,0.44429615535869,0.00932775506361727,0.0209217188865204,0.0281559070296981,3.14260237005227e-05,0.435592993559131,0.0473832202364256,0.000269422441327345
"spot_63",0.0459069328549039,0.0756408067259331,0.0234001213715522,0.0635471360762873,0.168156298851414,0.0676182606379854,0.461699875191067,0.0639709684697303,0.0300595998211276
"spot_64",0.0244616981232965,0.207942996364915,0.0400908218391516,0.0747705256096163,0.238583721709904,0.00543380336296911,0.297091097122372,0.0998640515636583,0.011761284304117
"spot_65",0.040730775313097,0.186045362704417,0.0426414791442317,0.110820933566951,0.182933218473998,0.00255510203593771,0.386820662593704,0.0348480200121018,0.0126044461555621
"spot_66",0.00390037057348104,0.00276125805849209,0.00271978895732971,0.0728759757276706,0.347531526015912,0.00319974990112162,0.516221381299771,0.0139937200011015,0.0367962294651207
"spot_67",0.0254812030993811,0.377206814419146,0.0456623270097517,0.0637544295122619,0.102549252218723,0.00233276013348087,0.312377726634901,0.0397495203442362,0.0308859666281188
"spot_68",0.0335534921621355,0.197407107372015,0.0351590051361391,0.034281854521164,0.136201133590216,0.00119133897339203,0.513061010628031,0.0406272272562618,0.0085178303606461
"spot_69",0.0273489597551466,0.295801778290524,0.0610725954541455,0.0190036951516759,0.0283246129855104,0.000951748020798035,0.469315908582825,0.0977071780523293,0.000473523707044665
"spot_70",0.0107476815376576,0.012171423022194,0.0068734503006146,0.106963559322978,0.258392494213222,0.00446656231366134,0.520942877211626,0.065644975788486,0.0137969762895597
"spot_71",0.030700826044863,0.0734972480494789,0.0234632887202483,0.181391316326556,0.160105632920082,0.000479547396837936,0.47501103177725,0.0541217382389095,0.00122937052577445
"spot_72",0.0361999751996948,0.136865584252332,0.0358738748444092,0.0340461941429235,0.0463881999195144,0.0243511580460847,0.622494874096951,0.0468436290311621,0.0169365104669286
"spot_73",0.0556310691333791,0.135255747304983,0.0283944642132454,0.0553762890811093,0.137491085710492,0.00418825159955244,0.474085481979578,0.0726750098160601,0.0369026011616013
"spot_74",0.0153426364868218,0.11047182940358,0.0416057710052566,0.0351934378105264,0.241122085685875,0.00110623539013603,0.491157674335883,0.0274700808160622,0.0365302490658583
"spot_75",0.0411997237938167,0.108508290274448,0.0294249676908289,0.0311554731491443,0.0904932349973618,0.000384374510973065,0.636056030632328,0.0516799241083467,0.0110979808427527
"spot_76",0.0214120365150439,0.160173789929256,0.0161320075332613,0.0640738912012635,0.122099933183151,0.000219965042421393,0.486363264931993,0.127761472806438,0.00176363885717214
"spot_77",0.0149810358150588,0.0903202378886271,0.0360350294807409,0.0830865388924679,0.172175495425497,0.0572154426591266,0.38940533385048,0.109389068542112,0.0473918174458901
"spot_78",0.0246980761467564,0.133442732667247,0.0179486926327426,0.103759160941333,0.260471481672665,0.00101352422521324,0.364435831623999,0.0897434799387812,0.00448702015126318
"spot_79",0.0162849801981872,0.00459425228217041,0.00244410191283612,0.0677155268773676,0.0705773734853241,0.00881707561927215,0.698888382375784,0.0629877384364184,0.0676905688126397
"spot_80",0.097262394049738,0.00376555562682981,0.0140714073731243,0.0217676926503004,0.197600506067766,0.000381400322758103,0.555244865579862,0.101698695721977,0.00820748260764427
"spot_81",0.0637426848120635,0.250310147092353,0.0532862050185787,0.0275470941178331,0.172175669425675,0.00180683935198826,0.267596277429839,0.151585119519507,0.0119499632321616
"spot_82",0.0305647585678378,0.199010779833022,0.0411321012262387,0.0574223511514911,0.0188552104446613,0.000923988905622469,0.551850666413526,0.0991735240814312,0.00106661937616926
"spot_83",0.0425861491546841,0.0907718706889624,0.0152235461867165,0.0799564408268985,0.202006735402542,0.000168805918879058,0.530939101412089,0.0288553133986739,0.00949203701055487
"spot_84",0.0416214004348823,0.161195348948016,0.0304634749160259,0.0519284975963754,0.0403355880428678,0.0380309939730541,0.588925598064237,0.0449404289142453,0.00255866911029588
"spot_86",0.0382991295467286,0.0853562577725534,0.0088028671012583,0.119500227529419,0.0738209113540652,0.001799253714619,0.583458461600526,0.0480588307977435,0.0409040605830872
"spot_87",0.00635748131215731,0.00326206135555353,0.00133469142649467,0.0704286553246408,0.273328989649447,0.00119940516742185,0.541151317422725,0.0937708263406288,0.00916657200093144
"spot_88",0.0334207761144456,0.362047362327066,0.0338808787722421,0.0379152293077868,0.0197039991175245,0.000547131739474489,0.39584767481115,0.115946515323052,0.000690432487259533
"spot_89",0.0258871396514974,0.00620893733654914,0.00697112016248205,0.107894900243492,0.0152329049129288,0.00180328654559636,0.766920433391467,0.0680321410492661,0.00104913670672053
"spot_90",0.0456134749906866,0.242651774821663,0.0505446280620525,0.0855442296730146,0.035169972552323,0.00531906086046489,0.450243635703227,0.0827264627661414,0.00218676057042644
"spot_91",0.0118483221316373,0.24123396378834,0.0330855658563078,0.112689991132746,0.0954756946191564,0.0365890817923709,0.411329635390571,0.0442070241887062,0.0135407211001643
"spot_92",0.0323615018483938,0.182130684638751,0.066461150625027,0.137134444841717,0.234487757370291,0.00552909774930688,0.268769839116627,0.068289730179971,0.00483579362991489
"spot_93",0.00655786832399084,0.00432863634836151,0.00251679519865069,0.0841985919632748,0.0384057533589334,0.00365796376379603,0.798921880360771,0.0556201328239471,0.00579237785827457
"spot_94",0.0169872713912368,0.271948107995662,0.0893743414096389,0.115033798728377,0.229896213140152,0.00266490986024253,0.208628777100009,0.063627436377398,0.00183914399728391
"spot_95",0.0178133788026918,0.108957824703211,0.00401512320024601,0.0640968976982515,0.0239519867532899,0.00114294800916478,0.672022333584401,0.107267654051709,0.00073185319703576
"spot_96",0.0497270788863843,0.282892436870789,0.0391629188424929,0.0901045605430396,0.057095179735869,0.0669831800227765,0.349023978271154,0.0575260359083963,0.00748463091909894
"spot_97",0.0653553102744225,0.0110348743467797,0.00231824088204744,0.0498459665017799,0.0267833277655146,0.080403927398082,0.672894351798054,0.0358131208820109,0.0555508801513086
"spot_98",0.0460725174967201,0.104484181810448,0.0377319044817235,0.0463904776689875,0.0816527866461219,0.0970881933559424,0.492025699387198,0.0801216927515401,0.0144325464013183
"spot_99",0.0302729993382388,0.0742303798194744,0.0243715990509653,0.0393809387184912,0.0139336451270767,0.0010134020104605,0.77532852248068,0.0349458105191312,0.00652270293548226
"spot_100",0.0438299932071595,0.162657009559445,0.0376836632540207,0.101006950506085,0.24231380183872,0.0148380427988448,0.299468624827973,0.0705779809556348,0.027623933052117
"spot_101",0.0172211204763218,0.00279283244373791,0.00230219582308789,0.0704414849640516,0.0243204433458285,0.00272527644808261,0.82049998899741,0.0540454827843654,0.00565117471711404
"spot_102",0.0393925005269106,0.241921586504315,0.0269713117725749,0.0867259365069656,0.154285773518916,0.00256614639231866,0.403572102547521,0.0395850528873135,0.00497958934316505
"spot_103",0.0440811617408887,0.251666852688506,0.0344419825658149,0.0694740143304364,0.035997604759604,0.00130475808237922,0.503937063235935,0.0585589042628383,0.000537658333597467
"spot_104",0.0425469239204253,0.222399221585859,0.0786188260019109,0.0592266554137046,0.126297593781431,0.00132157957734727,0.362725553321741,0.0992399178235859,0.00762372857399484
"spot_105",0.0237985133089234,0.268485233603728,0.0861025825048202,0.0709733458945264,0.190943476559529,0.0497284680618513,0.0638298751985694,0.0491658439727193,0.196972660895333
"spot_106",0.032878184157226,0.331825570880429,0.0557507451675413,0.0671837087769857,0.239739007794754,0.0524533961645676,0.143866684402145,0.0279235854450014,0.0483791172113502
"spot_107",0.0485138058216792,0.26517367379483,0.0787617458842786,0.0967391904446738,0.140140106141678,0.0118660443941127,0.21049989862924,0.140927764301464,0.00737777058804416
"spot_108",0.0140675641708967,0.10644636134323,0.0232268222851941,0.0859255327798185,0.0198292846396627,0.00166859306866868,0.634842243170101,0.113424806337487,0.00056879220494221
"spot_109",0.0522251889192984,0.22697099643098,0.067143968150636,0.13762365541496,0.065336897659621,0.00764971807935328,0.390281397536687,0.030770941829993,0.0219972359784717
"spot_110",0.0375561258055805,0.0912197137082737,0.0230521961832397,0.109959431903831,0.0750178050193554,0.0140852529036202,0.574664157026978,0.0580475174147615,0.0163978000343599
"spot_111",0.0256031779515246,0.179757132801691,0.0713292318655646,0.0460520316228705,0.0399372646269413,0.00805971303163043,0.457915224899785,0.169713945903687,0.0016322772963061
"spot_112",0.0309370181817829,0.0793739533273322,0.0187417081422131,0.0498609665893786,0.0551257619879651,0.00979247378611553,0.657976174729968,0.0367390643618068,0.0614528788934382
"spot_113",0.0368233957052367,0.0071498016930363,0.00720586835773251,0.0610271008841462,0.0693876655357087,0.0277945456389318,0.729599117670085,0.0429988890120942,0.0180136155030281
"spot_114",0.0679585488134946,0.219160661247758,0.0875865357317614,0.0595551804794415,0.0167695204433097,0.00059517521239782,0.475538994769356,0.0721586436777331,0.000676739624747492
"spot_115",0.0298029453214651,0.0839065050149812,0.00945561542931452,0.0774819440339162,0.186916557327987,0.0111968576601832,0.499471524412841,0.0335525266716541,0.0682155241276577
"spot_116",0.0108126292031298,0.00115148431791026,0.00169811428601581,0.0585125098379654,0.000365803858797521,0.00180687897922777,0.819386317441249,0.103153178258061,0.00311308381764283
"spot_117",0.0194169621705252,0.0881539711505462,0.0283244215704606,0.0461272029256351,0.14250719054478,0.0498339506664937,0.501661000678289,0.0168179721947546,0.107157328098515
"spot_118",0.0305990230880674,0.144227716494901,0.0146538715513795,0.0351578354045152,0.029382040667272,0.000865457174229629,0.722136862301907,0.0211241109834941,0.00185308233423457
"spot_119",0.0690057285411623,0.30506201763809,0.0861889398088775,0.0453360618385622,0.139614277910784,0.000882331394384844,0.237491978010516,0.115710726132556,0.000707938725066741
"spot_120",0.0142568850295507,0.260019983629142,0.031828913971132,0.117563451314639,0.234446819501503,0.00812991949413111,0.20767869113014,0.0497268820604224,0.0763484538693402
"spot_121",0.0131633159154535,0.00339033527271813,0.00463787183284288,0.0893710486232176,0.0330617989963652,0.00261510150606846,0.838244377690893,0.00556019476551941,0.00995595539692204
"spot_122",0.0657103649278501,0.262304496024228,0.0811068368404126,0.0646541404729562,0.114359897109996,0.0251563126542709,0.244150386972551,0.0983650915336163,0.0441924734641188
"spot_123",0.0310115697118112,0.0992580938146234,0.0107304630137946,0.0952772734876069,0.0253385913708411,0.00188879174799355,0.699324581975438,0.0347370111934489,0.00243362368444223
"spot_124",0.0326709975721015,0.341626321987041,0.0661740627196625,0.0441492157815943,0.0380552881862629,0.00153551487073571,0.362132499343638,0.112367511864771,0.00128858767419271
"spot_125",0.0880607887452112,0.353794377918361,0.0526560706972911,0.180353856140825,0.252377991367668,0.000409228800013625,0.0186234306082297,0.0535010340088097,0.000223221713590743
"spot_126",0.0155880133574814,0.00523755220451044,0.00457478525712101,0.0415894268101018,0.162945642336428,0.0590803949750584,0.585706917319197,0.0286978336566472,0.0965794340834544
"spot_127",0.0323708625732189,0.166466395387796,0.0469322595890662,0.109029455577925,0.0206403673547113,0.00160138929479496,0.56009325123944,0.0622952632057286,0.000570755777319932
"spot_128",0.0276954605886655,0.170411343221165,0.0290328180023748,0.0784126624247977,0.0418631449096154,0.000673109629128062,0.607982300813622,0.0430753139905235,0.000853846420107197
"spot_129",0.0323000937567087,0.228119866566773,0.129175492141838,0.0591590391624409,0.0992915381076914,0.00122102827814442,0.339082261353747,0.110032926270866,0.00161775436179091
"spot_130",0.0167158689157872,0.000480600511519405,0.00583571921657796,0.0095019980542266,0.00591373163838247,0.00046792543472577,0.890734994930112,0.0624847169238128,0.0078644443748554
"spot_131",0.0327071501270567,0.321208539786771,0.0575209773400759,0.054550243448846,0.182185469375797,0.0234573520324448,0.172944646674458,0.118627564648157,0.0367980565663928
"spot_132",0.0518358666017626,0.101176559511818,0.0165212934470271,0.0773679251161934,0.30959505609965,0.00112296073241959,0.330614256649262,0.0940148282678909,0.017751253573977
"spot_133",0.0299774149256136,0.272694032681177,0.0383617793571733,0.162218302027052,0.0834170002894392,0.00288529456971085,0.286888220839745,0.118264177119116,0.00529377819097332
"spot_134",0.0755547431208591,0.134238800015235,0.0173253422120569,0.077912299597961,0.0580150700467051,0.000476100149738879,0.575235004685293,0.0581310561711383,0.00311158400101177
"spot_135",0.0184772165588465,0.123109116392663,0.00576742613485372,0.0839488322689047,0.227148912372273,0.086030114509239,0.331734342970212,0.0579047328569109,0.065879305936098
"spot_136",0.0565217614082321,0.195612117529272,0.0534444955561203,0.0354959338220947,0.225862862777019,0.0903715150445002,0.218117392955294,0.102794240250574,0.0217796806568944
"spot_137",0.053377092062757,0.469493702305388,0.0647561812669035,0.0413169900757451,0.0313837462720831,0.000894538864295108,0.207473353906012,0.131262150643724,4.22446030919693e-05
"spot_138",0.0455974061163153,0.224656356615535,0.0352158733936672,0.0767074511301024,0.163378410133918,0.0488676847636957,0.303361852995957,0.0770216538026546,0.0251933110481536
"spot_139",0.091803998669523,0.400454294109897,0.0805706749723871,0.04125586758264,0.0336960156772612,0.000957444231693441,0.282186858380388,0.0690230565545099,5.17898216996985e-05
"spot_140",0.0538765340159754,0.144999258397123,0.0695405303841938,0.0997467861693254,0.0245742130092955,0.00270437630014293,0.437653760012339,0.166527054735592,0.000377486976013215
"spot_141",0.0328896495832754,0.0621624656938708,0.00823242963640794,0.0823801226596943,0.209785428960381,0.0338387190633844,0.476013842532984,0.0574187948328199,0.0372785470371827
"spot_142",0.0326258503938929,0.0746893257267313,0.0172292957746688,0.0769049358807316,0.214310606560069,0.0334780649549413,0.426534219459693,0.0611985296184026,0.0630291716308694
"spot_143",0.0418784781357953,0.207937032804092,0.0500062957827609,0.119035814727609,0.11900022130869,0.0564533316952613,0.30007115762202,0.0840361706318743,0.0215814972918988
"spot_144",0.0569414617817818,0.365378670389492,0.0436755266842346,0.0912324336763817,0.0735967186519105,0.000754116410179361,0.273527498083172,0.0943032337609904,0.000590340561857092
"spot_145",0.0567894699483081,0.312436212063194,0.0873329170456645,0.0444608519681086,0.0437093623954688,0.00255889660829062,0.283498416140001,0.168401946064953,0.000811927766012078
"spot_146",0.0758836184781665,0.139688416983783,0.023341413431084,0.0638205198407954,0.199205652207572,0.0116489222666247,0.354232041593036,0.0287181079676021,0.103461307231336
"spot_147",0.0503556455199045,0.193253213730809,0.0333603585195121,0.0673992188614178,0.150569402260194,0.0838403068408688,0.199426220858494,0.174357132016544,0.0474385013922554
"spot_148",0.00629217937612602,0.00210175092145318,0.00291728249384237,0.0697059424043298,0.123353139722426,0.0244217187085345,0.631012137415388,0.0346951778378956,0.105500671120005
"spot_149",0.0216254022763325,0.172185336165014,0.0114896167159539,0.0889965737134822,0.0916135124541453,0.00788031742477637,0.528232355951201,0.0664060455443189,0.0115708397547753
"spot_150",0.00249504559495355,0.0895057377513247,0.00901591174678523,0.0504901811367834,0.250891379965471,0.000905937661384566,0.507453776625291,0.0190429815123876,0.070199048005619
"spot_151",0.0296521970747401,0.0933485879918598,0.0379421730022905,0.0547459281677164,0.244616812654065,0.0201579307502113,0.414327956524239,0.0376845690678093,0.0675238447670694
"spot_152",0.100744760389186,0.2916908217585,0.0802213799508913,0.0315075120945333,0.243223855284792,0.024595722542533,0.0578595963818182,0.10000676821288,0.0701495833848656
"spot_153",0.072502036773297,0.22595518906472,0.0804995550158402,0.0575873647012841,0.1190688354479,0.0709168400044629,0.222289262761795,0.136244214793732,0.0149367014369687
"spot_154",0.0121825942067583,0.123002695911161,0.0052800865269558,0.109181965440778,0.0890158987142006,0.0286884213659807,0.583202986943734,0.0274921731757278,0.0219531777147039
"spot_155",0.085187378663324,0.488019505986132,0.14695966451645,0.0621706596785159,0.0425799046081659,0.000735933487197177,0.0250958740977565,0.148986902262389,0.000264176700069979
"spot_156",0.0430505837724078,0.167057640793023,0.0296319542723826,0.0847889902431574,0.172060447965968,0.0262672805001964,0.352239242223218,0.115044752533233,0.00985910769641388
"spot_157",0.00340657268713505,0.303558300327394,0.0380688067061161,0.087952074320134,0.0315624219402632,0.000488233146996996,0.339809906609555,0.194778994825757,0.000374689436648138
"spot_158",0.0113898315457214,0.158350622129028,0.0272726464776873,0.0505551817926691,0.0240540442270234,0.00106862812174618,0.58401664280877,0.142151270828224,0.00114113206913018
"spot_159",0.0334760142687352,0.107330323592778,0.00682430384077403,0.105294791838377,0.0237835762338144,0.000884691212198809,0.587429815699879,0.131960225904383,0.0030162574090606
"spot_160",0.0344825132726293,0.0967329970828222,0.0135255407458471,0.113823964170461,0.0149654852776077,0.0044115119613603,0.576825222495769,0.142838052489376,0.00239471250412791
"spot_161",0.000719606313676693,0.000773629323293746,0.00200725072616551,0.0603211736403197,0.208552580977272,0.000966871153973278,0.698007074122904,0.0127345785431116,0.0159172351992843
"spot_162",0.0535239979690633,0.0850080546741109,0.0658202485153561,0.14076749490229,0.0765465167311262,0.0152512058125284,0.462316092583843,0.0909204893981134,0.00984589941356848
"spot_163",0.0693375589228058,0.165406043278934,0.0475183416733875,0.102247517834882,0.0608529603150537,0.0113633914504379,0.487777621392948,0.045193353056955,0.0103032120745968
"spot_164",0.0320222026351364,0.214333377932889,0.0391719379605746,0.0685174906453101,0.0336113730966998,0.00291531730116411,0.477583953441735,0.130650029376027,0.00119431761046418
"spot_165",0.0588046438861711,0.419806859619877,0.0253286038558629,0.0648257607089667,0.0651428491261672,0.00172417867510614,0.225293060849793,0.138464676102156,0.000609367175899727
"spot_166",0.0703230944810954,0.00615983539166786,0.0113353766671555,0.0705667196028833,0.0707402132169437,0.0459453681226304,0.633848349001011,0.0391148110244378,0.0519662324921755
"spot_167",0.0481320193384309,0.306057380108989,0.0662744965471737,0.0251657107763597,0.038138217606098,0.002199230254366,0.325491518259519,0.186445059011126,0.00209636809793732
"spot_168",0.0306563395916387,0.246128096407267,0.072412282306062,0.112001153319814,0.0650154584834054,0.0402406797109464,0.313955867275049,0.110556602084721,0.00903352082109694
"spot_169",0.0369479479797136,0.18233544416008,0.0502851949162137,0.0520156893480831,0.0824600189674119,0.0210837680513626,0.470426772902604,0.0991265837931173,0.00531857988141387
"spot_170",0.0669920373963043,0.356161369992393,0.0759249814269091,0.0368732710174715,0.0602250404748223,0.00122114587175862,0.320322982154456,0.0815444854710429,0.000734686194841975
"spot_171",0.055520370834913,0.231907453764653,0.0399429854258805,0.0704430424539415,0.0476714621295236,0.000937201808653761,0.506326139397821,0.04339519958439,0.00385614460022411
"spot_172",0.0478862255218101,0.108314872051421,0.0554139626813396,0.0984561732433414,0.180417461118617,0.00769645721681941,0.439927951751554,0.0406610729686173,0.0212258234464809
"spot_173",0.0379884860642866,0.00834061228277308,0.0063688679399892,0.135861566693737,0.0744246857587764,0.0321007476284657,0.59132839076917,0.0902947475219769,0.0232918953408252
"spot_174",0.0275782740192231,0.114879665066601,0.0358538888882385,0.0686364173623749,0.289744553933138,0.0393776667393683,0.288726452134284,0.0642853931647469,0.0709176886920254
"spot_175",0.0267604407772924,0.125698015518368,0.0214675729585978,0.107236590420876,0.247646554558565,0.0274938135100823,0.364396238269089,0.0377732189174261,0.0415275550697025
"spot_176",0.0337329911270056,0.0303347027681389,0.015209634013542,0.0457693842923989,0.332304143575353,0.318748192781203,0.140074658113135,0.0467746356384388,0.0370516576907854
"spot_177",0.0149067177688996,0.00682814333210068,0.00495397376290709,0.0608719012169552,0.241908053163493,0.0305232393673464,0.519124819690732,0.0374910713234573,0.0833920803741083
"spot_178",0.0540920983943036,0.304031652743884,0.0543107314555756,0.0707205957027862,0.0579917404469058,0.00165431493155877,0.391776820523849,0.0645410676773636,0.000880978123773474
"spot_179",0.0305270173435327,0.235931008466093,0.0377458331501455,0.133064024651784,0.192997779243322,0.00284850598105622,0.250183734954447,0.0923564562324422,0.0243456399771783
"spot_180",0.025710758363961,0.163325928009399,0.0338714696101225,0.122001603117278,0.220098329061501,0.0084480180260676,0.264722735356847,0.0760308639153432,0.0857902945394807
"spot_181",0.0188286328502013,0.0882792235662613,0.027996195292497,0.13312148897337,0.0478822673069445,0.00615574858116779,0.639642829613448,0.0373131214442105,0.000780492371899488
"spot_182",0.042086988115829,0.0234269611467735,0.0688032777213707,0.0662736124408172,0.14713833086297,0.0765511730553192,0.448642559587997,0.0421006726040964,0.0849764244648272
"spot_183",0.0301678878650655,0.0885969912632727,0.0281117351753468,0.0296511513949637,0.0186324817341066,0.00093818694120859,0.708742811563133,0.0939987718184092,0.00115998224449414
"spot_184",0.0255281058613173,0.00982912399573627,0.0183931020207906,0.0958308295166104,0.176730472031211,0.0471155312769971,0.601936109376786,0.0145848651427506,0.0100518607778012
"spot_185",0.0584179424711834,0.442019504022105,0.04691316174115,0.0539407027403543,0.0413214994742349,0.00425523116638289,0.18826112045253,0.162021715366696,0.00284912256536278
"spot_186",0.0269531611812613,0.0669897965623633,0.00958661637406911,0.0496597565114944,0.0890788663813138,0.020159351954899,0.675780569124074,0.035797545924411,0.0259943359861141
"spot_187",0.0412083420149881,0.0810629885560066,0.0260889842427929,0.0762245794592595,0.0650996560351826,0.00763982477646127,0.581254468097247,0.0547424195897592,0.0666787372283024
"spot_188",0.0163821142573481,0.00387816883772776,0.00358201068689557,0.0738447164583456,0.0407442825249467,0.00474353402290035,0.821288997081495,0.018767187339755,0.0167689887905857
"spot_189",0.0345370702028481,0.101679107142723,0.0290183119605171,0.108526486906273,0.20526446366228,0.00175036700341734,0.443191953494086,0.0688010229243588,0.0072312167034965
"spot_190",0.0257233014781982,0.0490590456884888,0.0185676844510828,0.0746551422045519,0.164938808762482,0.0371759357651657,0.52001386908616,0.0803833176762412,0.0294828948876287
"spot_191",0.0336754070105258,0.0701150554027207,0.0178310810748045,0.100790998299886,0.169502086842875,0.00139437250899389,0.544213335337271,0.0518239781714782,0.0106536853514445
"spot_192",0.0155589698319785,0.00366074361851825,0.00994772897001267,0.0130283267814062,0.0668385135145267,0.000548821007239851,0.776712129695395,0.0764177393441375,0.0372870272367855
"spot_193",0.0391640058217244,0.0838735225339535,0.0160280684482947,0.0892847892050002,0.330199937822188,0.0356577817601538,0.241149919636416,0.0283013958070781,0.13634057896519
"spot_194",0.0608335091810206,0.131846004507147,0.0487623770376166,0.0316095364832608,0.0997188283646397,0.101494215985852,0.377991539992675,0.0806015161944363,0.0671424722533516
"spot_195",0.0255455294369584,0.0702124383010549,0.0740679901658566,0.0396480479100556,0.339868397443906,0.00571274394421279,0.250619755997612,0.0945698680061457,0.0997552287941981
"spot_196",0.0407535614512749,0.181070478788039,0.0350516920954243,0.038207593827636,0.232519132489788,0.0553323635634386,0.231112496707351,0.10404754301505,0.0819051380619985
"spot_197",0.0514654520996781,0.0770086682152195,0.036556324219237,0.0971679090775511,0.130362521099938,0.0628587598757486,0.456367185247132,0.0396321220167424,0.0485810581487535
"spot_198",0.0904702895360272,0.297673664550011,0.0413432209875056,0.09715043504689,0.0572339161493601,0.0996529173811297,0.0907170117265081,0.0618519502416935,0.163906594380875
"spot_199",0.00804372290092483,0.00887216852065891,0.00323519748038224,0.0861310276393741,0.176796724095774,0.0393451184650979,0.467530870498986,0.0696617305664024,0.1403834398324
"spot_200",0.025278878593958,0.00248993467451873,0.00436400005301188,0.094617467640792,0.0808114254388385,0.00338221850104614,0.733846708885881,0.0104878436525188,0.0447215225594345
"spot_201",0.0390931932862201,0.350566547323559,0.0573335129764138,0.084072081691385,0.196669622249624,0.0276652748228306,0.105362021062411,0.095452996826382,0.0437847497611742
"spot_202",0.0733433819343048,0.416712572142359,0.211048004877439,0.0113262051906259,0.0439925718196862,2.72043009513599e-05,0.217268749833767,0.0262698194407241,1.14904601426675e-05
"spot_203",0.0203671505496075,0.138992775338595,0.0295623148999945,0.0733776471854729,0.190981170087628,0.00123951850915692,0.513206894597896,0.028612382895261,0.00366014593638777
"spot_205",0.0116908075951437,0.525045448772078,0.114978430600603,0.037997514914542,0.0326479396320589,0.000415360511734345,0.0532854542713674,0.223453828659829,0.000485215042643035
"spot_206",0.00077256358861683,0.000672839843966734,0.00124695668019749,0.0674270774200109,0.0457111860210836,0.00202666252048196,0.860234520690945,0.0183991397959455,0.00350905343875154
"spot_207",0.0374954372037952,0.126410950555795,0.00668955852410857,0.144570541019603,0.0181688528155412,0.00102051561589425,0.579452464378045,0.0847508102353108,0.00144086965190683
"spot_208",0.0120987026675406,0.0904841586964043,0.0328802322941799,0.0524453328542942,0.160663639576966,0.00127724928921589,0.589033553411409,0.0529980460399385,0.00811908517005218
"spot_209",0.0916413535554541,0.0441492639145468,0.204468901800344,0.0444065886851184,0.312265349305677,0.0789029875391974,0.141977861255984,0.0241334721619972,0.058054221781681
"spot_210",0.0113099853105305,0.0835354827346152,0.00874982908409524,0.0968436435034089,0.0692390224785721,0.00400439235689151,0.634288523026457,0.0898807023586347,0.00214841914679463
"spot_211",0.0396428670643383,0.166404683624509,0.0337225794748115,0.0781151498978459,0.0539486807326771,0.0478448990646241,0.527635438443675,0.051040929316685,0.0016447723808342
"spot_212",0.0421496970667091,0.0883428680059211,0.016603526266939,0.141651490757362,0.272992194051645,0.00942093282602359,0.341878168424103,0.0235407985229503,0.0634203240783464
"spot_213",0.0442590040423303,0.210323245812093,0.0347255592518383,0.136175252172208,0.0937336254613113,0.0401866994736495,0.352933662362372,0.0704551762147502,0.0172077752094468
"spot_214",0.0258672983919893,0.252783628010545,0.0643222893613398,0.178481002018922,0.0503333969042477,0.00207980702273377,0.324471569309259,0.101576611325941,8.43976550225156e-05
"spot_215",0.0362117378704063,0.214474194507525,0.0946582392283431,0.112792800743549,0.117819976240719,0.0018675697519166,0.317706220763692,0.102819076468321,0.00165018442552753
"spot_216",0.0543116593518354,0.0589810066933643,0.0192593069098994,0.0867368192514868,0.0426531514722637,0.00130734356789899,0.712366056973445,0.0202397638782857,0.00414489190152086
"spot_217",0.0427643770065076,0.166392244822074,0.0432528104199116,0.0632934074750634,0.0545994105759218,0.00264560141690636,0.543838727976528,0.081681646638587,0.00153177366849989
"spot_218",0.0120286327060645,0.00445200399952311,0.00832882653126833,0.0951862755540512,0.319798411508269,0.0013128883960999,0.51058663713766,0.00742142368877169,0.0408849004782915
"spot_219",0.0175296918633677,0.00585313929089023,0.00491529459897551,0.112445486816117,0.198437234254359,0.00303700920254405,0.580057930879513,0.0684929687826416,0.0092312443115927
"spot_220",0.0331598274850481,0.348520020497473,0.124619965894946,0.0271078337350333,0.0206423983625601,0.000650444152439999,0.349454134911244,0.095375955727077,0.000469419234177432
"spot_221",0.0437399934761447,0.190520099352297,0.0528142675089572,0.0981839403711698,0.307999155855378,0.000145130203211235,0.229988576283129,0.0753879671172827,0.00122086983243085
"spot_222",0.0510153031332849,0.325379091367167,0.0449013124635599,0.149299727859494,0.0423984573944515,0.00133235450157218,0.313905767843925,0.0714464070996578,0.000321578336888283
"spot_223",0.0551254948215378,0.150129812138074,0.0257006841040585,0.0746164229797627,0.580324107140396,0.00188624320708632,0.0545879772399996,0.0439819518717388,0.0136473064973466
"spot_224",0.0320483391735625,0.0547485166454034,0.00842379406514214,0.133378807250299,0.414910052459624,0.0309742676239993,0.175042732297764,0.0452983847185352,0.105175105765669
"spot_225",0.137026184835819,0.352892028375243,0.0687437628863781,0.00619552581437351,0.298995023975072,0.00156925294630172,0.0417680837052323,0.0836908294158314,0.00911930804574896
"spot_226",0.00866424771953725,0.274428719789385,0.0485914274914489,0.080216523839105,0.0364095121554204,0.000575034469610219,0.470378802417084,0.079514588117943,0.00122114400046667
"spot_227",0.0209782225111188,0.100024638866042,0.0364865586183523,0.052612836770763,0.278457699843907,0.00230872365835327,0.412731713816747,0.0900243345911805,0.00637527132353605
"spot_228",0.0251302305486774,0.0512732117164261,0.00990277550088406,0.0807186077748263,0.125724751760838,0.0148315336519504,0.597823152218597,0.052222665145679,0.0423730716821219
"spot_229",0.0428545255203293,0.14342367994449,0.0218435085993057,0.117620994799639,0.0267137205086894,0.00585518527584779,0.575066425721491,0.0648447464802942,0.00177721314991417
"spot_230",0.0141751558666571,0.0109993591671349,0.00267985728287987,0.160937232391686,0.00877932590186967,0.0022826712722034,0.714480354809448,0.0849076053764565,0.000758437931663619
"spot_231",0.0893667842108468,0.192253426655562,0.0356464047356297,0.0712056005852499,0.377215040142667,0.0738649063056411,0.101593690586131,0.0381367577521363,0.0207173890261362
"spot_232",0.0234885984333243,0.188349515520042,0.0270562425464906,0.0848896968860713,0.0900820347391096,0.03651779990047,0.470440358374857,0.0701662080016594,0.00900954559797575
"spot_233",0.0296793889366055,0.177651690330257,0.014958300525141,0.033175423072074,0.18789234460298,0.0033065492258532,0.466146172151723,0.0652347108763129,0.0219554202790531
"spot_234",0.0427632787892946,0.00941138300283895,0.00597661185294074,0.0441880574429642,0.117092070778291,0.119785514150592,0.556261794866346,0.0490716353071818,0.0554496538095505
"spot_235",0.069271081816123,0.0173658770690292,0.00891573298196749,0.0354029337002419,0.430746628622084,0.227413224691725,0.0508767526958697,0.0914598894014917,0.0685478790214673
"spot_236",0.0077343756628002,0.00808284813527992,0.00223391981146155,0.0596576790379866,0.0839608556763518,0.0522609630851565,0.705745632172723,0.0688441149249957,0.0114796114932443
"spot_237",0.024671685389764,0.112834853787856,0.0418886441874579,0.142392094544175,0.154296185130367,0.0200805917631778,0.438332188361251,0.0487590834378389,0.0167446733981122
"spot_238",0.126155762040322,0.484458567445737,0.0814360469236732,0.0327314238139005,0.0563844005167522,0.00107319960182606,0.051037939864749,0.166064360778562,0.00065829901447784
"spot_239",0.0476227792593686,0.00238761449782059,0.00285756511061431,0.0470658974716398,0.0614622988872388,0.00403646038853368,0.757251225034169,0.020494346531899,0.0568218128187162
"spot_240",0.0305639507026376,0.248494152386875,0.0318338360538456,0.0816105011962588,0.300226103598682,0.00145431641463123,0.242310482716178,0.0548928754903114,0.0086137814405807
"spot_241",0.0172731071137799,0.00555165252378325,0.00262639359138596,0.0900880539981505,0.253113255897241,0.044512432434225,0.507276695955955,0.0296512474498067,0.0499071610356723
"spot_242",0.021868722071782,0.00871805176941478,0.00422402623453218,0.0607907850999582,0.0460901044253449,0.0390857370383508,0.738348266392126,0.0670934286452866,0.0137808783232042
"spot_243",0.0475287684628316,0.126469164141964,0.0292416776213238,0.146569394142746,0.0740078734789516,0.0349608133244352,0.459798207721671,0.0690395528399678,0.0123845482661091
"spot_244",0.0426242294369986,0.126180923082116,0.0429945175986035,0.056451408839468,0.126014000461464,0.00329043713528297,0.460882668608683,0.100814863150922,0.040746951686462
"spot_245",0.0121588659261878,0.122762725506518,0.0252400620785879,0.126523945729797,0.0403195559849353,0.0024620599032381,0.638532043112839,0.0279777210379277,0.00402302071996857
"spot_246",0.0213822888877486,0.145604456427032,0.0134756588175459,0.067127171816311,0.0586873487747378,0.0120576412250768,0.578807318903575,0.0693862371004168,0.0334718780475557
"spot_247",0.030058014475091,0.0662673780943503,0.0654106518379209,0.0857817416877501,0.209104375416665,0.0179262365736185,0.451481429570417,0.0447832725091806,0.0291868998350057
"spot_248",0.0324553760518714,0.0757170955769578,0.0104407717636382,0.118797857813772,0.278534228350857,0.00544734008572105,0.378238152214205,0.0470272213126276,0.0533419568303499
"spot_249",0.00845185323000739,0.00177510372967729,0.000994591426416221,0.034310735672991,0.111901322839765,0.00299531953017109,0.612287726450288,0.0777089338740153,0.149574413246668
"spot_250",0.0317209790752244,0.160699444049575,0.0292148789896963,0.0644684537570397,0.0491082612564533,0.0399201158734493,0.459339740312853,0.13291257396657,0.0326155527191391
"spot_251",0.0225473433208386,0.23227958168075,0.0310030652937222,0.147045183939259,0.0405057742066464,0.00206539868463082,0.456528743492669,0.0645841502696839,0.00344075911180011
"spot_252",0.0248759871317282,0.293765882516252,0.0484534913960422,0.0889358628433059,0.0380081696525991,0.000725346536178612,0.389436478685468,0.115229538756416,0.00056924248201
"spot_253",0.022204534771159,0.192645432662888,0.0585980827644338,0.0618842645208225,0.0293356717610223,0.00057819232088897,0.559354027678805,0.0750097651547175,0.000390028365262651
"spot_254",0.0155402100712228,0.293269369683368,0.0136257503697821,0.126936500933881,0.0337946714543219,0.00298921564098641,0.370445607294456,0.142941955022454,0.000456719529526558
"spot_255",0.0143359277363805,0.0987106620039032,0.00334329944393977,0.101032368874516,0.0898046193642182,0.00835180902866801,0.523103242593637,0.0821726648958266,0.0791454060589107
"spot_256",0.00519524624597729,0.28386571718667,0.0484899691136941,0.0818291516085562,0.0130654764938981,0.000433585742412647,0.405821627562267,0.161133017257592,0.000166208788932124
"spot_258",0.0527145555684882,0.306818748987502,0.0380349333434575,0.0154446611525991,0.0728328880110735,0.00375013312193068,0.350257681889465,0.106392360616708,0.0537540373087766
"spot_259",0.0472960908295116,0.210272031586084,0.00739523996321285,0.0864714979409619,0.0624955584607103,0.0719197039171744,0.475142215875141,0.0277329365582181,0.0112747248689863
"spot_260",0.0442700226762774,0.0876481574483037,0.0162625603639583,0.0258832646186699,0.162262133694396,0.00144825229676098,0.597891607335267,0.0545634344790144,0.00977056708735204
"spot_261",0.0188070314714713,0.100965975851641,0.0275891847516667,0.0697044786004326,0.0442052703744367,0.00699040017695473,0.632946714264947,0.0982368533993889,0.000554091109060852
"spot_262",0.199404812813056,0.19937568072627,0.0204609305115972,0.0480631561966927,0.0467638142084624,0.00494647484866989,0.369388513695448,0.108530166975063,0.00306645002473988
"spot_263",0.140829679136313,0.101479522641966,0.0461130787642026,0.0692984045790046,0.181400490932783,0.0452343384004247,0.291811772760756,0.0468801546142294,0.076952558170322
"spot_264",0.033163869841902,0.147570829937827,0.0215700536545323,0.0935722858937394,0.157425510371293,0.0198018469754677,0.395266544171772,0.0664596161036393,0.0651694430498274
"spot_265",0.0522890021724664,0.496951871081392,0.0913451645208644,0.134784794868916,0.00363400783544168,0.000447000003462695,0.0273358818280664,0.193146110154156,6.61675352340886e-05
"spot_266",0.0987031878866158,0.0735919210226193,0.0269960077708015,0.042849387932745,0.0201036449029459,0.00193039637072247,0.649314816965806,0.0687303811416193,0.0177802560061245
"spot_267",0.0316531230321961,0.252463278138568,0.0617721778711139,0.0575445139503663,0.0190196007367291,0.00173029814566637,0.524676446662023,0.0504104424624469,0.000730119000889716
"spot_268",0.0207932310934718,0.268535556254735,0.0202001773188048,0.108062352203353,0.00497253971998973,0.00126126613851605,0.545910926893154,0.0292671161755502,0.000996834202425327
"spot_269",0.0457695015047902,0.285875020819205,0.0401387590008551,0.109854834484654,0.0837336021626374,0.00667004328964612,0.39072347750286,0.034597440029429,0.00263732120592258
"spot_270",0.0486041357664379,0.00124750814704386,0.000906865918853701,0.136122292656382,0.297840550839491,0.0121779517982172,0.42559680355289,0.00943688857402705,0.0680670027466575
"spot_271",0.0274169690607289,0.0942071354273328,0.134341203476942,0.0951913961641994,0.0242102034100786,0.00116824397742335,0.541248928011858,0.0816090890945615,0.000606831376875871
"spot_272",0.0295933792084239,0.180744489586712,0.0588508290875775,0.122766536618842,0.348518607664941,0.00151664123463795,0.200270866146812,0.0513233378329968,0.00641531261905668
"spot_273",0.0470547132292443,0.146326628232349,0.0446107990166373,0.0876294078299527,0.0742054923566714,0.0229508209726759,0.414620014770154,0.155166633988911,0.00743548960340508
"spot_274",0.0512072091397477,0.280076196070061,0.0250530741212556,0.00340626229565883,0.0303667255871159,5.93699094016839e-05,0.522931904251425,0.0868217310255288,7.75275998061907e-05
"spot_275",0.0497374000732577,0.221655710515265,0.0309855172982378,0.0382205054763451,0.0733419199879165,0.0177539563878552,0.495670305151685,0.0585506398478317,0.0140840452616065
"spot_276",0.018693274736792,0.0024146510315541,0.0154246357662837,0.0374982242324608,0.232722243227285,0.000477766060070959,0.601006389054637,0.075590871110637,0.0161719447802801
"spot_277",0.0303038317580268,0.0053830993707438,0.00333856642519472,0.0344312510311443,0.0258281840416797,0.0399754869222661,0.744080409416075,0.0926105428021687,0.0240486282327006
"spot_278",0.0697939139962117,0.312067094745727,0.0571946642162213,0.0529871695458838,0.162395589254304,0.00184877768709775,0.245071284504232,0.0954715568615319,0.00316994918878986
"spot_279",0.0166724004099786,0.198019326084246,0.0401644395572726,0.0870645160998137,0.223556793703713,0.0380514983832162,0.300327155248068,0.0886954129688303,0.0074484575448611
"spot_280",0.0473043453614699,0.10465329319444,0.0297849687807865,0.108992771110099,0.120927364560544,0.0207463744099561,0.44740623262007,0.0675016581921793,0.0526829917704544
"spot_281",0.0196008434230869,0.105115328558683,0.0238334142921565,0.0703295020180947,0.177022533779522,0.0467850827434989,0.476865995305578,0.0573551235360448,0.0230921763433346
"spot_282",0.0125820999782861,0.138361268409523,0.0105690931462565,0.0371960924588605,0.0985127195942959,0.00297751842474241,0.532722103494357,0.0646879713859672,0.102391133107711
"spot_283",0.0606967915314276,0.136443478573403,0.0277463249716835,0.0945709811814737,0.054914612947824,0.0175036439698033,0.414002915199817,0.175144393420665,0.0189768582039034
"spot_284",0.11054921569855,0.290280309589833,0.0378631685011029,0.0397694456266799,0.31658110088171,0.00572303439402446,0.0952234865510939,0.0944838096440871,0.00952642911291915
"spot_285",0.0184685124890653,0.00297469141186038,0.00149469724432197,0.143409038478379,0.193109582039332,0.000723858154862402,0.519914295095355,0.111650462242549,0.00825486284427357
"spot_286",0.0370832835912358,0.241764298062081,0.0597397265382762,0.026316348971223,0.153086828224511,0.00109646433633096,0.354834835286971,0.118812205582583,0.00726600940678874
"spot_287",0.0302316710993336,0.127212680968343,0.0236049188174484,0.0858712537340115,0.364243697361304,0.000941416511386637,0.288208056954551,0.0664426688558708,0.0132436356977506
"spot_288",0.0488012178406658,0.275482118857368,0.097762259034994,0.151691307924347,0.124082909930812,0.0603446836317795,0.163817881825772,0.072520730229883,0.00549689072437759
"spot_289",0.0386457377556232,0.209667552300704,0.034775316515507,0.0646450013570803,0.0911268848797716,0.00533652121135978,0.382622933805882,0.142107940975212,0.0310721111988605
"spot_290",0.0185578058073439,0.108055845773475,0.0111095516194818,0.0352683260648408,0.135589716632428,0.00110560789253657,0.59624571634379,0.0584065813761147,0.0356608484899888
"spot_291",0.0844370304189249,0.2078136785671,0.0341286058546768,0.094342452352925,0.335105515628397,0.0062221303018087,0.0648852286641325,0.0551063742683232,0.117958983943712
"spot_292",0.0220076402262454,0.0555388320774699,0.00841984059937599,0.0664349953329594,0.13893667341198,0.0157449832598871,0.595292191696972,0.083086031802899,0.0145388115922113
"spot_293",0.0556318605776837,0.181256115606881,0.0466390761914989,0.112638775536873,0.0468568628170848,0.0277396870048051,0.386740960292155,0.138472471115128,0.00402419085789018
"spot_294",0.396221384685048,0.0807917439784609,0.0374887951217734,0.0849354704774147,0.156333664895707,0.00238053384182461,0.221359599877517,0.0170683012484261,0.00342050587382907
"spot_295",0.426007114727297,0.00523369686480956,0.0206002721723239,0.183585482033537,0.0770259485345073,0.0005404362920138,0.238979560889567,0.0268870621281959,0.0211404263577494
"spot_296",0.341599998393289,4.53868984190688e-05,0.00166341896630351,0.023761184465028,0.478714190442703,0.00644652670787063,0.0631781665689477,0.0114897372511699,0.0731013903062696
"spot_297",0.160839001704057,0.273449971230246,0.0575659202078024,0.0735533820645093,0.0353545502259227,0.000336716162489854,0.274133415014394,0.124450909350909,0.000316134039669115
"spot_298",0.036512214602219,0.143991925886003,0.0231211873302612,0.125581915524439,0.101475176414001,0.0147881646556003,0.446824110713968,0.0763744702552756,0.0313308346182326
"spot_299",0.00616411991651578,0.000618948634522692,0.00627038710893246,0.0582573163764221,0.248994189722071,0.000237447653099674,0.61786199678601,0.0352747529855944,0.0263208408168324
"spot_300",0.0558923581558925,0.401046018823948,0.0837183542118827,0.0617877199165151,0.0308535827765008,0.000909107433681316,0.230983384190161,0.134636198448984,0.000173276042434777
"spot_301",0.0666115329575714,0.292579219012035,0.0227034131527309,0.0403395656387908,0.125348938417871,0.00128486176473808,0.387682443184219,0.0522458784634536,0.01120414740859
"spot_302",0.00944480436737262,0.000145306848260608,0.000850743070802966,0.0107939621634972,0.0667391240433669,0.00754925580763065,0.696397565971635,0.0527122442962515,0.155366993431183
"spot_303",0.133778763731132,0.153982097279121,0.0687322030136695,0.0983260403806823,0.048836271905084,0.00207518006163871,0.390024748846389,0.10285767865874,0.00138701612354325
"spot_304",0.0478757772891192,0.147636777336266,0.0321073227841802,0.0502974806821796,0.149999006299323,0.000956558022741771,0.52470053319835,0.0439894330384707,0.00243711134936939
"spot_305",0.0825514917737466,0.257944672165758,0.109725037126012,0.04475617982111,0.128747110173773,0.00150894756062262,0.292506011174576,0.0347039335481015,0.0475566166562991
"spot_306",0.0207905877246651,0.00656099743042753,0.00111992810105931,0.0897016272130349,0.0157636852496279,0.0035390822725207,0.743596124133237,0.116102259966876,0.00282570790855191
"spot_307",0.0558074653775904,0.18138675539287,0.0261692175734373,0.0774512045589456,0.024958268591616,0.002202851016433,0.529088993285912,0.0997770023509343,0.00315824185226187
"spot_308",0.0325564326626179,0.150524274010049,0.0791447157267336,0.0525746991957991,0.342072817846569,0.0923881911112685,0.110600864827049,0.0800283749459672,0.060109629673947
"spot_309",0.0191167310330026,0.0980096251899304,0.0175745370073013,0.0574931086183403,0.0255514662725893,0.00421781158492432,0.689154306616697,0.0848860481215272,0.00399636555568754
"spot_310",0.100093752876723,0.0922144137371597,0.0268207443139759,0.136978860930441,0.0403178343923723,0.0164167622431255,0.393440129033676,0.0750593626228169,0.11865813984971
"spot_311",0.0558084545728465,0.418825507879142,0.0526030225691488,0.0280319079821795,0.125175352167603,0.070126568445524,0.0752325055866491,0.13040846973611,0.0437882110607974
"spot_312",0.00798008169701304,0.000357509941019855,0.0030737127180081,0.205789985366165,0.46254998472877,0.00168887079039019,0.258008365584692,0.00620037616646491,0.0543511130074775
"spot_313",0.0223703498604421,0.215864746650807,0.0191235706793074,0.0419737085779882,0.19963019077774,0.000282171790159805,0.441399480571316,0.0572377236312393,0.00211805746099989
"spot_314",0.0320419468966604,0.0680146520750923,0.0254961020275043,0.0946472893753951,0.305195125849431,0.030015364010364,0.305083965292945,0.0491902475390507,0.0903153069335576
"spot_315",0.0398432330221169,0.237259656472669,0.0412343633355085,0.00693051095988079,0.0122949371388639,0.000201552440866242,0.557758822685577,0.103382122467331,0.00109480147718674
"spot_316",0.018560626708636,0.00775533276908391,0.00514320855666065,0.139583029502331,0.0385175369720723,0.0231088005543948,0.719281334768652,0.0450329895981426,0.00301714057002657
"spot_317",0.0496202610578817,0.0931605073643886,0.0617708266581111,0.134178948896023,0.231072121426121,0.00239799466478816,0.287578904876405,0.0672358267706046,0.0729846082856763
"spot_318",0.00658120480557604,0.00319147092252865,0.00401384367147277,0.0924777185716911,0.0443371968489714,0.00327023218161031,0.827314139175415,0.0130720392332139,0.00574215458952071
"spot_319",0.0316832500126977,0.207807997098111,0.0407789340654222,0.102489185816102,0.217917709954894,0.00170648144637506,0.284777499189227,0.104572390380779,0.00826655203639277
"spot_320",0.0389635601205631,0.0728221053180825,0.0287957637662214,0.0569034881483953,0.0640686138843995,0.0286608807662764,0.657030069579582,0.0329513458791023,0.019804172537378
"spot_321",0.0353883725596356,0.23885941981554,0.0634866847389317,0.0457817028572606,0.0281479111298631,0.000604349292275554,0.507872064288976,0.0794558697196671,0.000403625597849667
"spot_322",0.0319611762550701,0.184243452380835,0.0646384002044735,0.127870657341632,0.102712435870849,0.0317612873989275,0.382184226535685,0.0642088803536663,0.010419483658861
"spot_323",0.0635934150341362,0.226266500351929,0.0416814144262808,0.0912044222434646,0.0831250899297255,0.0190091584269662,0.360172404059098,0.0830007996399413,0.0319467958884586
"spot_324",0.0101985298630409,0.226240231442957,0.0450098364153945,0.0468410385574678,0.0187799612172729,0.000199757926041501,0.530029907853762,0.119282047194279,0.00341868952978443
"spot_325",0.370439416005133,0.00644150689888202,0.00412944766537043,0.063595945408978,0.033665956461693,0.00297034501679701,0.446151826465194,0.0644661593424744,0.00813939673547861
"spot_326",0.309675658912841,0.0155086141233111,0.0220447438208993,0.107599454482897,0.235707173348355,0.00104820623321775,0.300995186286118,0.00300811906785376,0.00441284372450647
"spot_327",0.375368790195266,0.00797249814053398,0.00905309311455643,0.145280624489773,0.0629662253799466,0.000680120541945372,0.360373372301,0.0368905163220595,0.00141475951491909
"spot_328",0.385305597352575,0.0145702231052415,0.00573868414510712,0.155847385073444,0.170518005209214,0.000120707696531314,0.258630453175265,0.00737995875791762,0.00188898548470474
"spot_329",0.65451751566917,0.0234137322552599,0.0039901023054573,0.204010929972045,0.00372742445696432,6.90485879624005e-05,0.091785508442125,0.0184203770295598,6.53612814566418e-05
"spot_330",0.82376060785978,0.00156398407885784,0.00253999689300442,0.00457635187266596,0.0607707316909013,0.00376760559976629,0.0734545607669658,0.00597753119612627,0.0235886300419317
"spot_331",0.292501255083107,0.0202305241431604,0.0119152712813406,0.0328412989031973,0.0573422119708215,0.000239120596812654,0.546980603054126,0.0360371043370352,0.00191261063039962
"spot_332",0.330059428064142,0.113228433925909,0.0334293617396977,0.0400189869908222,0.223473461897442,0.0424485345444002,0.0928934258638768,0.0503737209348151,0.0740746460388952
"spot_333",0.0111130523633084,0.0129486060399717,0.00841265566240232,0.0493363805143538,0.312288109166411,0.185638456076165,0.351829869059274,0.0394042038807479,0.029028667237366
"spot_334",0.0295812773411443,0.00926035737608444,0.00408626633034957,0.0563759895827647,0.0717070349693064,0.0556524454419191,0.713359968502239,0.0439560291276613,0.0160206313285308
"spot_335",0.052415595265622,0.271341152209564,0.0383088272188224,0.0678576422750983,0.0394116178251072,0.00289541881122124,0.409133557191938,0.118323541634007,0.000312647568620573
"spot_336",0.0344966697205095,0.102313304742208,0.05740827713994,0.113384034107165,0.0694020681568711,0.0265375076767885,0.527932371400386,0.0506408868143235,0.017884880241809
"spot_337",0.0408588938156606,0.0561255383107119,0.0246204160965744,0.0812197619241227,0.0172601136703238,0.00297852451539979,0.754004574019831,0.0213700823841933,0.00156209526318269
"spot_338",0.0874557009039027,0.351922804694478,0.0486932717739029,0.139289973948398,0.07377346325444,0.00600842924862763,0.135161890912711,0.15419529378479,0.00349917147874967
"spot_339",0.0375650530384017,0.204521574251654,0.0389356194711475,0.0619078348941076,0.0940384184932352,0.017413654242119,0.442358715503041,0.0782793966796334,0.0249797334266604
"spot_340",0.0195739118232738,0.0616041052914288,0.0123746336060557,0.0479256640882015,0.218963832531298,0.0634161002564214,0.460962873319614,0.046060395647082,0.0691184834366248
"spot_341",0.0296154614662009,0.00357577966675734,0.00404867333593547,0.0561880829071546,0.0941337825254782,0.0436636433368681,0.668831435215334,0.0576449347988171,0.0422982067474547
"spot_342",0.0347222358210134,0.562486006949546,0.148025951570379,0.0834434009517719,0.00292044396901148,2.88404441908218e-05,0.0611881141545869,0.107105422744566,7.95833949338745e-05
"spot_343",0.0711160248277437,0.149444635861943,0.0292231926546586,0.0851951449547965,0.0538799685160717,0.0206139010016314,0.464770249040136,0.116079714141165,0.00967716900185391
"spot_344",0.0282666852526944,0.345399501075824,0.0812005441481609,0.0732681140546997,0.0174027628220348,0.00202667022722725,0.368010870788994,0.0832460688682162,0.00117878276214833
"spot_345",0.0487444567637142,0.276061412722799,0.0497521767795699,0.0906829937016723,0.0378044035535996,0.0227058453854046,0.393724907237835,0.0709538334770494,0.00956997037835615
"spot_346",0.0375223399090034,0.126616241692376,0.0157688795536482,0.0640694568304406,0.0679341366221303,0.0265878321722795,0.568786338552576,0.0837448998529677,0.00896987481457775
"spot_347",0.0833442767195503,0.28780806649371,0.052267488899039,0.0826508521037271,0.0513171867066904,0.00188763449360602,0.288983071906982,0.15103991737175,0.000701505304945207
"spot_348",0.0342007616739219,0.189684829414691,0.0419232698704445,0.042945339695957,0.0923893343845504,0.00433236052336725,0.422817827680157,0.122343864161443,0.0493624125954676
"spot_349",0.00128538336495201,0.00207262867292759,0.00611620111257786,0.0711695677423769,0.0570338640177356,0.00133832602539858,0.842165955550698,0.0104099634468548,0.00840811006647826
"spot_350",0.0454518425226093,0.133085831284882,0.0340970254958373,0.0328244103496033,0.0469359854304517,0.00906543528257934,0.571261320581414,0.111303377543756,0.0159747715088664
"spot_351",0.0558332339858884,0.205522237410728,0.0293137644068472,0.0914869895159817,0.113107516350286,0.00330344297627632,0.443518648583618,0.0567172932182407,0.0011968735521338
"spot_352",0.00231577653331501,0.00324634298871119,0.00347484086308904,0.0972314272048573,0.297421330987482,0.00425542966591743,0.513036569852862,0.0266188906303978,0.0523993912733679
"spot_353",0.0114160250474253,0.140605028321318,0.0326614569587388,0.0645815256796509,0.154477749781792,0.000407099589450028,0.516258401798968,0.0768738937733853,0.00271881904927151
"spot_354",0.039074553936703,0.0894926849427454,0.0190111403808459,0.0393710195768587,0.0326523514752658,0.00385996616237149,0.700685981229679,0.0461283445149618,0.0297239577805693
"spot_355",0.0706861638726762,0.0488511794955786,0.0137567390305155,0.114992466467556,0.014797961176559,0.000994335097326204,0.605613820047645,0.129302707099218,0.00100462771292519
"spot_356",0.0281436691461328,0.120362322859565,0.0269933411014107,0.0465663308316442,0.0289708940573429,0.00352167478221683,0.639988549711271,0.102146370049806,0.00330684746061094
"spot_357",0.0995666323382654,0.0950594571953853,0.0613372329120015,0.0305345625895913,0.141537107811301,0.0282994707168976,0.413538473069454,0.0957180413206799,0.0344090220464247
"spot_358",0.0929911276025798,0.0802763916420503,0.0164904331076705,0.0728717177368716,0.0835419039270799,0.00870516595260386,0.552311515736941,0.0724292146771607,0.0203825296170422
"spot_359",0.347589936813698,0.106197099632206,0.026703422407285,0.128358143801824,0.0550647144816472,0.00020931770652606,0.296328975469104,0.0384474169250709,0.00110097276263809
"spot_360",0.212611769612904,0.00213092643026788,0.00647741927006677,0.0931580530363292,0.164388741757228,0.00136590138398385,0.492271448208872,0.0212354574733449,0.00636028282700367
"spot_361",0.314376647065571,0.0183458787292375,0.0150049066175907,0.122405318807679,0.243780887411547,0.00017141997745143,0.236332861648169,0.0488657423550739,0.000716337387680652
"spot_362",0.295704549090824,0.329854230002636,0.0291162993875299,0.119543823298945,0.0461484821858238,0.000991778417140641,0.122199515687032,0.0551585246620341,0.00128279726803431
"spot_363",0.0485773116296261,0.378897044462062,0.0526252175909944,0.101601383497654,0.0509116261124468,0.00212075354079918,0.256188188534274,0.108779802249887,0.000298672382257425
"spot_364",0.0303049793365294,0.0397087041797242,0.0130586295935512,0.113697068539497,0.121415498720972,0.0017902359777483,0.645971146209045,0.0263329654619708,0.00772077198096179
"spot_365",0.0839636405905641,0.283033122427214,0.0846368624477539,0.10626901301257,0.0476915730070993,0.0108135711222677,0.286062885694232,0.0256196642401132,0.0719096674581851
"spot_366",0.0182319994343473,0.0913172585314111,0.0197962127613601,0.10741289094876,0.106774514498463,0.00309660187259638,0.491495973818205,0.0411302224247608,0.120744325710096
"spot_367",0.0198549599658033,0.00669540208890684,0.011857804532964,0.0719196182194782,0.217206339561467,0.0383731427355546,0.578167503332023,0.0387162071736033,0.0172090223901994
"spot_368",0.0470832616549144,0.148715170893082,0.00908336639338576,0.0585675523400492,0.0457116376403878,0.0278783843351018,0.565717689824941,0.0770768088337342,0.0201661280844039
"spot_369",0.0177442605270183,0.142281662723035,0.0227804591542864,0.0832281117789592,0.279868181731953,0.00393010061776129,0.287892210718403,0.0591913136784615,0.103083699070123
"spot_370",0.0402666708375809,0.317802355772176,0.0361618689030812,0.0747906583214368,0.0472802365153369,0.00258665088841705,0.415179860101925,0.0636269103138064,0.00230478834623989
"spot_371",0.0251064181418032,0.425790727788673,0.127468795439974,0.18758559616697,0.0573521643402172,0.000242149988240821,0.115851583456505,0.0605192642447988,8.33004328179775e-05
"spot_372",0.0302318391837993,0.176388361494631,0.0369233947110463,0.0984283295024547,0.161042801071796,0.0332617655555383,0.324140661513962,0.129303077585904,0.0102797693808673
"spot_373",0.0137614992241996,0.00104856507832839,0.00382954098413379,0.0675175915667753,0.081726059594883,0.00514919823263641,0.713086152200536,0.0311156581912889,0.0827657349272188
"spot_374",0.0936255155526947,0.0842520733521648,0.0178828333084627,0.0808741714646753,0.207413142082396,0.0344738027609553,0.314955117835983,0.10346465672538,0.0630586869172889
"spot_375",0.0535032473431997,0.250124015289659,0.0359437029605913,0.0785182568148426,0.0829480098121801,0.0455202319247826,0.340549852417995,0.0781147902014556,0.0347778932352941
"spot_376",0.0244051059373471,0.00451513929140659,0.00352199649335894,0.0560301722797792,0.0376437056799659,0.0335004535559386,0.729330714423643,0.0990171416503171,0.0120355706882437
"spot_377",0.0197642545758001,0.130408158518348,0.0152976145821776,0.053376223766971,0.106851117410008,0.000346390647384875,0.6233043112182,0.0475434603430025,0.00310846893810785
"spot_378",0.0631416735781827,0.213424962029608,0.0384628896768292,0.0842252612876059,0.216668933727313,0.00161117578775302,0.321962629976305,0.0550329327098296,0.00546954122657308
"spot_379",0.0808938888910064,0.247333979409065,0.0593991854303589,0.162682284284035,0.164107070582571,0.0135843136554398,0.249422992152197,0.0161720187052808,0.00640426689004546
"spot_380",0.0168667949929901,0.0944396651461584,0.0183702574031876,0.0916654699362962,0.0975652969624446,0.0446042527844143,0.566165596451607,0.0573723677984792,0.0129502985244227
"spot_381",0.0519465389189989,0.202771803063367,0.043227327819148,0.059369782336486,0.0710445932911471,0.0585429682666278,0.399591068819404,0.105015350813547,0.00849056667127418
"spot_382",0.0368868260570808,0.203059119453847,0.0191368453654757,0.0911677092709776,0.0332121498286029,0.0023044380502582,0.442106337195201,0.171972343841035,0.000154230937522318
"spot_383",0.0462046629632018,0.115784063404082,0.0192195034229154,0.12178737829543,0.0294069703849036,0.000343123690190411,0.611430312480657,0.0556876575356049,0.000136327823014018
"spot_384",0.0162454714490425,0.141309121264498,0.00608076364804855,0.059004579757143,0.18318845671118,0.0120569420670795,0.256164249720687,0.146289765826729,0.179660649555592
"spot_385",0.0807805389465095,0.179455875533365,0.0131972534790799,0.0215235645978478,0.0632689855747979,0.00738974081518186,0.529649246167868,0.0764315414840694,0.0283032534012813
"spot_386",0.0260471313407044,0.00322536535481704,0.00547217129351307,0.00912977391566815,0.00140942727250535,0.00136022012759727,0.8662918297706,0.0762207798325575,0.010843301092037
"spot_387",0.0202928826025946,0.407819171100301,0.0490190002678186,0.0313106137622552,0.0213346140462858,0.000762585786170766,0.330802521284995,0.138340478367521,0.000318132782057618
"spot_388",0.0449115915854395,0.163341214695928,0.0617111203161252,0.102262080144261,0.284338205325951,0.000208727225541519,0.228837694135876,0.111492305012727,0.00289706155814933
"spot_389",0.0624438429405911,0.159046113639435,0.101751764577917,0.019598021931808,0.124322706828896,0.0860313578256958,0.383682257596887,0.0442743742810717,0.0188495603776979
"spot_390",0.0240639729573819,0.151986851916276,0.0314731854139584,0.0321900207473562,0.340416793483524,0.0487204531557514,0.249060622382375,0.056573906682354,0.0655141932610233
"spot_391",0.0689585061125533,0.197907803429429,0.0508744769322589,0.123354988928886,0.132497407625567,0.0362497610533869,0.187401240859219,0.123619458538761,0.0791363565199386
"spot_392",0.0100044116737639,0.125658070562136,0.0216529135154183,0.0763392783475856,0.253978639833,0.00160529622596819,0.396145442832122,0.10901449263075,0.00560145437925643
"spot_393",0.0124265233462348,0.00613601841604505,0.00244331458599887,0.113765371831001,0.13683607629957,0.00403786146941925,0.684619886234262,0.0280029576013715,0.0117319902160972
"spot_394",0.100341199722443,0.0861681179230805,0.0527217952857907,0.119202202165394,0.110397486081919,0.00157318688898353,0.442523250960527,0.0803693980898446,0.00670336288201714
"spot_395",0.00733713729206231,0.0070490473375568,0.00417279277911573,0.0539860689119837,0.0144317192120776,0.00242970855134023,0.81854069550388,0.0873039006623248,0.00474892974965916
"spot_396",0.050534878918453,0.117761631183315,0.0348290964230231,0.0787477429192072,0.178313116643387,0.0584398673121847,0.393401763792862,0.0755964519746798,0.0123754508328884
"spot_397",0.0234509220390928,0.200069674726245,0.0302925702309378,0.0932572886673644,0.0245778344023619,0.00151481133718969,0.506228054650481,0.120340795541517,0.000268048404809927
"spot_398",0.0412950151974787,0.167370970995932,0.0395992055414225,0.0919978855498942,0.114634235955019,0.0344664135887323,0.425331344836139,0.0599816170759864,0.0253233112593965
"spot_399",0.0440799399238831,0.149331240439144,0.0197975226935445,0.0397413011873953,0.149153365751935,0.00779212651085136,0.51744581828834,0.0384891023242759,0.0341695828806304
"spot_400",0.0323225513483005,0.233247961443917,0.0294526768950648,0.141943242373538,0.10925983494109,0.028434879825832,0.326439038920714,0.0853595754395979,0.013540238811946
"spot_401",0.00199302530485336,8.90772240148094e-05,0.000246015102519595,0.0207807101023889,0.719311464499578,0.0285835140007737,0.0325960267777302,0.000751477631211345,0.19564868935693
"spot_402",0.125754329420847,0.33880653194229,0.0443361293377569,0.0548938300129232,0.065869960045965,0.00134389801792459,0.25973646066277,0.109172477016859,8.63835426648368e-05
"spot_403",0.0299239691958918,0.179923126527411,0.0227870190617158,0.0537471823582267,0.157347789913369,0.0252726722175238,0.42679577176946,0.0487798535205447,0.0554226154358573
"spot_404",0.0116452375134437,0.0087458653371441,0.00388695816679416,0.0760794479248088,0.0586477690362854,0.0546451155005098,0.716580073820602,0.0573563838836633,0.0124131488167488
"spot_405",0.039969283463087,0.262507900420939,0.0405286456452358,0.126509256209581,0.0625887282045101,0.0229163901994794,0.373246561411402,0.0639844627997745,0.00774877164599014
"spot_406",0.0274122418090041,0.194252748057,0.0518640144674946,0.0447729237610924,0.0556571534311824,0.0230607900768351,0.523049267416321,0.0603426365534709,0.0195882244276
"spot_407",0.0622756048273413,0.247082906935479,0.0964420157164418,0.0505381033298927,0.0331445144941391,0.000518721176302563,0.460585586140645,0.0492215499571429,0.00019099742261546
"spot_408",0.0409785133420825,0.181009671241534,0.0149695427313473,0.0725923154932445,0.0246042751834734,0.000956565036671902,0.526636652139828,0.137873038218506,0.000379426613312481
"spot_409",0.0181384627155028,0.0551154794881962,0.00407260445400067,0.0405448888272358,0.0390770677704884,0.00751702170654984,0.707279929772268,0.0820703047876302,0.0461842404781279
"spot_410",0.0199564041696004,0.211981430712145,0.0349568376151929,0.112204357743564,0.157667449342233,0.0134483907146031,0.280310406457277,0.106477920124321,0.0629968031210638
"spot_411",0.0464334561572254,0.00976096866732627,0.0966550906752184,0.132069466723585,0.0760334677105474,0.000267340539136545,0.628973771117513,0.00891687954825524,0.000889558861192569
"spot_412",0.0173214340044368,0.00665304549196227,0.00969311320525894,0.126044324078484,0.222574012238921,0.0440998641456167,0.506984843191455,0.0401103069698632,0.026519056674002
"spot_413",0.0108908622676626,0.165071380120476,0.0229016939103941,0.060718157407268,0.0379157732809261,0.00427375956938802,0.631759821520704,0.0658266404851621,0.00064191143801963
"spot_414",0.00703861829511611,0.102462880234327,0.00842306888404665,0.050690131321644,0.0376298896144507,0.000964348438633763,0.630541934598026,0.160373055145041,0.00187607346871602
"spot_415",0.0148732937738978,0.00266075599031763,0.00214219077542739,0.126459462019933,0.17677197759498,0.002493700199054,0.572355329532933,0.0974969798822432,0.00474631023121476
"spot_416",0.0658592160011138,0.376101110645973,0.142642243080006,0.069773135163246,0.115672422341731,0.015389773991799,0.0762877752143862,0.130223114356731,0.00805120920501447
"spot_417",0.0190287611721076,0.197621703034442,0.0210842637490557,0.0827583327423968,0.0561762195384644,0.00459434885396474,0.52730339652073,0.0760612903301384,0.0153716840586997
"spot_418",0.00185635386417368,0.00191694706251771,0.00288171717166807,0.0191735678948241,0.148461837959511,0.00364236230587939,0.628912079506349,0.0555522780606374,0.13760285617444
"spot_419",0.0381294885542035,0.0891822405490108,0.0187643772359258,0.121301204419947,0.0611174955675378,0.0380597286172568,0.517992843929859,0.106342617387908,0.00911000373835174
"spot_420",0.0329829993034462,0.164003845705716,0.0429010856602976,0.219904162959716,0.0434474034412227,0.00233568695990095,0.464006173981116,0.0298292065516895,0.000589435436895048
"spot_421",0.033263631922111,0.136746043198857,0.0152748577807218,0.0365053649960816,0.152056389277791,0.0297526860542731,0.510007251956385,0.0610025278147785,0.0253912469990005
"spot_422",0.00302708290274033,0.00157503968226403,0.00351573311367975,0.109982356926007,0.0227933657313777,0.00216431610210046,0.84458993584358,0.00810922728759044,0.00424294241066062
"spot_424",0.0224548633307701,0.00638193575090746,0.00962466340052804,0.0660033137632482,0.258124906412906,0.0177260923452252,0.56018543217255,0.0347389007106686,0.0247598921131962
"spot_425",0.050418243145001,0.131065493999127,0.0420740640218022,0.0934864178116102,0.0359927730967321,0.000788996257830676,0.560164842291595,0.0851868528806036,0.000822316495698558
"spot_426",0.00385691184315393,0.00444127886783982,0.0058920634131933,0.0441743020205329,0.0319621467452111,0.00149501715313653,0.864263266672973,0.0414931772166174,0.00242183606734222
"spot_427",0.028048971101028,0.0113997189093867,0.00109140285957823,0.107662899046652,0.03794935557777,0.0631788206259922,0.612983724681151,0.113576988530797,0.0241081186676444
"spot_428",0.0282848961450883,0.117916785519871,0.0639792379874599,0.0522610824554957,0.161763794116164,0.0167672482211101,0.479553779849566,0.037515229023568,0.0419579466816767
"spot_429",0.0513870012579314,0.222120874794551,0.14616025171737,0.0720368770130021,0.0925052392051467,0.0214762061493699,0.200069750432181,0.171681410818115,0.0225623886123332
"spot_430",0.00774331239228729,0.00216842630882735,0.00528800237566806,0.0921230041607369,0.0327684286835059,0.000107394759086174,0.831909701926124,0.0272412934404595,0.000650435953305123
"spot_431",0.0932868298131806,0.280415401779519,0.0674288944571425,0.0826559739682658,0.166052888468082,0.0146770564711327,0.170149314144432,0.113200642447131,0.0121329984511148
"spot_432",0.0440527877331234,0.237282081061349,0.133352815215973,0.0626033147534459,0.215369181093276,0.000177744855892064,0.188088703840234,0.117950889383665,0.00112248206304179
"spot_433",0.0137952790190222,0.00521373418066781,0.00362866606896187,0.0917856041771024,0.0352150439537635,0.00874533161153018,0.765162802201179,0.0685307536467824,0.00792278514099052
"spot_434",0.0287484438050883,0.45617105888909,0.0524882756878713,0.0530985810740063,0.0398520137832746,0.00128852765811017,0.230447269499831,0.137622706740641,0.000283122862088164
"spot_435",0.0495979724256654,0.206289997791013,0.0424349858266264,0.104668556945856,0.25209492808894,0.0582465625503304,0.151541320106439,0.0817767617870192,0.0533489144781107
"spot_436",0.0529658991130398,0.0810840629733601,0.0123128807250354,0.146466943619989,0.158147820367553,0.00211036286568048,0.484869202491688,0.0575770332337388,0.00446579460991604
"spot_437",0.0147028168675979,0.0808233386295385,0.0163450549299704,0.127960376906035,0.113318216311724,0.00408222167851219,0.59722157900503,0.0417537835933586,0.00379261207823436
"spot_438",0.0359081087244395,0.0863945041266585,0.0191458784467446,0.0592258900976416,0.10388706476806,0.0261751244435787,0.533551508319156,0.115329556907039,0.0203823641666812
"spot_439",0.0912208226491863,0.16766442256697,0.0648402918442686,0.0523442260678805,0.198942177414293,0.00641225805913139,0.309221503477515,0.0554704737848303,0.0538838241359241
"spot_440",0.039210797040145,0.083789800608071,0.00981089071560479,0.108120916834526,0.108286159228738,0.0242604061570346,0.557122647175309,0.0302772541718141,0.0391211280687573
"spot_441",0.0534025478011469,0.333740857941017,0.0688735451236697,0.0505391395750155,0.198026744032987,0.131714497226201,0.039078660445191,0.0971590611928641,0.0274649466619081
"spot_442",0.0135788189241062,0.00375532150031097,0.00187074391754246,0.124587529791239,0.108293248404205,0.00406288499567585,0.605229661365994,0.0610361501466069,0.077585640954319
"spot_443",0.0496537518561019,0.16960362795479,0.0496500538069393,0.0409856696516861,0.0844166819174165,0.0297950612554138,0.43191371208844,0.0902001144387452,0.0537813270304671
"spot_444",0.0367136566469732,0.103850967355428,0.0238990980001998,0.0428393035173177,0.0683521375380517,0.0262193710303485,0.612270101679348,0.0734988951621529,0.012356469070181
"spot_445",0.0590816738798101,0.267919779522238,0.0530352668694032,0.13035883139491,0.20601299364953,0.00364910371294666,0.204211601776668,0.0659883718503134,0.00974237734418123
"spot_446",0.033836107243235,0.177915030707159,0.0509272495806351,0.0726290743649889,0.0700732506642595,0.0234623355053331,0.522494143460861,0.0336489507277088,0.0150138577458196
"spot_447",0.0115682651797412,0.151504283192803,0.0280841521160809,0.17808414092326,0.111014458584213,0.00380515398956018,0.398663078387479,0.079760149188511,0.037516318438351
"spot_448",0.021134399547182,0.0706582793483711,0.00750695943481427,0.0974405150447645,0.139490544281477,0.0384531116835581,0.466576938628065,0.088518393724368,0.0702208583074006
"spot_449",0.0166976848912145,0.192634805273328,0.0183759328455235,0.097409628569169,0.181388775828912,0.0039135890842979,0.382910329493984,0.0691481918051063,0.037521062208464
"spot_450",0.0656140916286404,0.214148115154979,0.0260243028249153,0.0458669899135564,0.0358250519917862,0.000842531081743695,0.562327219236469,0.047860676277867,0.00149102189004284
"spot_451",0.0256422145700322,0.160371302035067,0.0299189772923046,0.112400948603292,0.0797568292973741,0.00354798785522357,0.484416722063382,0.0842144699172147,0.0197305483661097
"spot_452",0.00102947935546708,0.00031688085186185,0.000659912945183585,0.0382356619572151,0.636558402077431,0.00229573183271796,0.0862083453513685,0.00847882568744756,0.226216759941308
"spot_453",0.0763387853064464,0.209907067333816,0.039073018968834,0.0904127720346017,0.0811362145040306,0.0155074541209108,0.337613365500294,0.14629810942459,0.00371321280647675
"spot_454",0.0309839394126512,0.140894095087073,0.0423998826278575,0.148123838747008,0.183996299606796,0.0542424019871531,0.28360089527361,0.0373196676970527,0.078438979560798
"spot_455",0.0284671871058892,0.00905217376748308,0.0078881957501858,0.101848010190638,0.0966235274687177,0.0302072540729752,0.686641764184676,0.0183147761485068,0.0209571113109277
"spot_456",0.0366633788579807,0.0788594102423265,0.0285383608917448,0.0437190235986361,0.257871145527507,0.148265120017702,0.301213331507742,0.0617070896350165,0.0431631397213441
"spot_457",0.0322014331807606,0.170272219133503,0.0282093241587502,0.0964567115419968,0.0553557593515837,0.0349279906526219,0.502617015968223,0.0765893071425405,0.00337023887002051
"spot_458",0.0443383636806422,0.383851020491634,0.0759752540117641,0.0416097004589596,0.0265502018417063,0.00356986451879581,0.312268405429493,0.111026246088587,0.000810943478419023
"spot_459",0.00542052124422287,0.0018395185021028,0.000510379533394025,0.0756583931175498,0.200432523867761,0.00650480754240101,0.523853670576107,0.0671421969137022,0.118637988702759
"spot_460",0.0436495884148341,0.187636034858004,0.0601152615299629,0.116886441355013,0.0902512817071114,0.00610994894941191,0.470971767418261,0.024179057727372,0.000200618040029435
"spot_461",0.04153038459393,0.290541800766801,0.0783747958192217,0.0631904788356844,0.280739909538712,0.0476744214465867,0.0696138753712931,0.109487341850584,0.0188469917771872
"spot_462",0.0636717420969357,0.0798553216619476,0.013762809272775,0.0509984166009913,0.0980241363381595,0.00223839796366984,0.535767995487292,0.144959233504695,0.0107219470735349
"spot_463",0.0238812229281187,0.000831696687836398,0.000916844000533282,0.110111243486222,0.77537175692057,0.00108667981628714,0.0122920047408537,0.0307258025929226,0.044782748826655
"spot_464",0.0367832163435204,0.185826633723058,0.0165003162025871,0.0907628647434271,0.158811532224221,0.0682641115415392,0.282713194207931,0.115977035335549,0.0443610956781667
"spot_465",0.014221167693,0.0921313697839928,0.0103151490524477,0.0300551270599839,0.0123782361748309,0.000221543601016161,0.792375143042138,0.0473283850473955,0.000973878545194938
"spot_466",0.0485036449772263,0.148316827645567,0.0205658750985645,0.0826245048662423,0.112571531339614,0.00192417476372059,0.494027853048919,0.0881648826098356,0.00330070565031148
"spot_467",0.0241579551013737,0.00980096701185072,0.00137307640661149,0.111025035866418,0.073305245570044,0.0748392866340692,0.615364614028906,0.0767172850919452,0.0134165342887819
"spot_468",0.0167650642277633,0.213074680709029,0.0114528218713588,0.0939442237944909,0.0883639449551625,0.00842060968344011,0.464421763274717,0.0445116068814069,0.0590452846026314
"spot_469",0.101478043136619,0.0930634588550713,0.0842235964332675,0.116543608402973,0.0789342039446015,0.015941371591267,0.45244871416811,0.0405837448328089,0.016783258635283
"spot_470",0.0298275322124217,0.193079309308695,0.035298076066628,0.0755119111931918,0.0416665314143969,0.00555988741483317,0.481124634111322,0.103908782063325,0.0340233362151869
"spot_471",0.0240457609858156,0.357500309021412,0.0399446921576968,0.140898131188369,0.0643770205552255,0.00412886947639194,0.24304396701737,0.108332091972386,0.0177291576253327
"spot_472",0.042052078940112,0.187002313776586,0.0349037824697623,0.0890580878006741,0.169714650185808,0.0204722214668198,0.375186642654768,0.0645552516400221,0.0170549710654481
"spot_473",0.0072488684078726,0.0107715425943873,0.00359048062557324,0.028931986639822,0.389792250163715,0.0940628902951393,0.0661886694503709,0.0475905672433992,0.35182274457972
"spot_474",0.0429247861702261,0.209295912309644,0.0336144545170724,0.0200297124144363,0.118649026602647,0.0439392088332543,0.366615570879069,0.0660594862803073,0.0988718419933436
"spot_475",0.0152049292225577,0.00584470009373273,0.00184139302286245,0.0559139203487478,0.143311513957947,0.0358177752469127,0.559775294320525,0.0747108915956942,0.10757958219102
"spot_476",0.0189699056031779,0.0493640773465344,0.0237673221008956,0.0658478939619903,0.221947035947339,0.0299278998152916,0.37824551647477,0.0762099066576083,0.135720442092393
"spot_477",0.0365092742468935,0.18180770944511,0.0465827103502403,0.0482620513585499,0.350483368085323,0.0592021584615582,0.116156436203626,0.0394236072847453,0.121572684563954
"spot_478",0.00124941582263067,0.00125707485431126,0.000470506885321367,0.155717227496096,0.208283640138967,0.00645339699309659,0.37631342740602,0.111341405896452,0.138913904507104
"spot_480",0.0425831200211875,0.281891631191515,0.0712045668536535,0.0559834618244309,0.101916573908138,0.0312467345352308,0.302817791828574,0.0752598116305226,0.0370963082067484
"spot_481",0.020789853336554,0.150850565047466,0.0348250035846659,0.0487427626510522,0.0353217199802525,0.000917611684736092,0.660320403556617,0.0474554438526974,0.000776636305959408
"spot_482",0.0256470381157153,0.126576468377861,0.014435615124687,0.104858462743178,0.0285582211012065,0.0003375370258404,0.620729716933087,0.0783859926176965,0.000470947960728614
"spot_483",0.0533654701367461,0.122047360319836,0.0528606236802518,0.0623183895483677,0.0231782122795702,0.00146101349966912,0.601844184100196,0.0815734667395227,0.00135127969583984
"spot_484",0.0142268431175308,0.120714408769437,0.00909214368218572,0.162982128085555,0.0447147048787679,0.00205381269082677,0.579406349217827,0.0628359981348663,0.00397361142300301
"spot_485",0.0622371197490191,0.322013839703135,0.0664195033336858,0.138671590527027,0.0266493473099856,0.00159732982980405,0.273361426355148,0.105933419408773,0.00311642378342256
"spot_487",0.0294862598045605,0.227926831745208,0.0375245302553711,0.0861034265094345,0.124643766374589,0.0218635555848854,0.387327583099844,0.0725591675382687,0.0125648790878388
"spot_488",0.0522710487597858,0.0556357390808361,0.00939072457494365,0.0817412373777597,0.131682370071776,0.00751472032388984,0.558683712025359,0.0463243349231976,0.0567561128624528
"spot_489",0.03611589243322,0.0480210069064145,0.0388259676891401,0.107120555405159,0.172310142868224,0.0043209175442353,0.488624476728251,0.0673638305048183,0.0372972099205378
"spot_490",0.000906044644274297,0.708335433856127,0.0128641802685003,0.0220681115861372,0.0419751670168603,0.0226995688904362,0.0634158363595126,0.12554385002992,0.00219180734823247
"spot_491",0.0343341860627775,0.0488232500724894,0.0335153912604061,0.0968212462298563,0.0933974235414141,0.00462026107984595,0.591126268349592,0.0509441753587113,0.0464177980449074
"spot_492",0.0232444089667491,0.176924699945633,0.0388699910601164,0.0455386095656855,0.255846742695549,0.000215749203454789,0.3695651636957,0.0876754235490698,0.00211921131804334
"spot_493",0.0477083873211082,0.0640557681957389,0.0280001724748642,0.0855950772733562,0.313088550519651,0.051381669982706,0.32007775144914,0.0595348716244638,0.0305577511589708
"spot_494",0.0267371248624671,0.203838765357455,0.0139039107895979,0.0905961716233962,0.0944642978911458,0.0253145224507293,0.43580979346585,0.103183389240569,0.00615202431878948
"spot_495",0.010560638463506,0.278780782733645,0.0109070166946871,0.0375788651745699,0.0328599054408344,0.000823826451266324,0.507231981494308,0.120859315101346,0.000397668445836996
"spot_496",0.0612859973184174,0.376840231698577,0.159108790834328,0.0105777742187324,0.0242535230881478,0.000221100153355301,0.270407213490899,0.0971859492635323,0.000119419934010453
"spot_497",0.04908145985706,0.194391059769143,0.0802773342988883,0.0920122733453299,0.158431353819026,0.00365574903873175,0.319436131124919,0.0995278257712637,0.00318681297563873
"spot_498",0.01340436551696,0.115064677517261,0.02711685350082,0.0259205924899776,0.16772140143795,0.000345491205472593,0.555534399052496,0.0925484543088725,0.00234376497018966
"spot_499",0.0196800579904444,0.175954454781034,0.00912049257634987,0.0173418443088799,0.0017099056889415,0.00386460006889546,0.691415976880759,0.0806518174047641,0.000260850299932092
"spot_500",0.0616468150193086,0.211860322846955,0.0654900967005311,0.0910167327455863,0.144079948246365,0.020116646675119,0.32783333025378,0.0584576417865533,0.0194984657258018
"spot_501",0.0474116572600385,0.129894430240794,0.0254765012662528,0.049721588836304,0.214111876964805,0.029227697371891,0.402247257005626,0.0720578430562951,0.029851147997994
"spot_502",0.0277098976594585,0.152067190281019,0.0477087898144241,0.102907184359188,0.180380280107433,0.0120786498504873,0.323114706542416,0.072869832275247,0.0811634691103273
"spot_503",0.0170166648114654,0.16803239310844,0.0319326967357827,0.0639397924570849,0.0791092283855692,0.00307732277171619,0.524703627750926,0.052073293253671,0.0601149807253443
"spot_504",0.0272981984666568,0.0866801177424408,0.00359456668801321,0.0752996512944899,0.175426897989627,0.0029841925058453,0.401673627098887,0.0994097986305416,0.127632949583498
"spot_505",0.0460099309102606,0.199631033734463,0.040912912262222,0.117027524029719,0.249213461418554,0.00395476293433982,0.242448717854396,0.0286197256201648,0.0721819312358819
"spot_506",0.00763641352854084,0.35271566287364,0.0481823345036976,0.0430860399549143,0.0074778077392359,1.65198033961486e-05,0.494475203651411,0.0463931397008767,1.68782442881828e-05
"spot_507",0.0331674016773353,0.170554436174206,0.0193781320624871,0.171652603431856,0.0362144311542276,0.000914640971792793,0.547727165244266,0.018994204037107,0.00139698524672109
"spot_508",0.008805727240874,0.170417023683549,0.0191889237468121,0.0200310087540823,0.016970121000069,0.000742502172691978,0.564362084142525,0.19704127694354,0.00244133231585758
"spot_509",0.0341425154287245,0.104579961018093,0.0490109698090313,0.0897462547252196,0.0185072141912397,0.00207674776824681,0.501027102664655,0.198772941033326,0.00213629336146375
"spot_510",0.0704484788080801,0.213030736954467,0.0490940019792775,0.0787764634438861,0.130523641007446,0.0222940146334566,0.0551222943077617,0.369021433017061,0.0116889358485634
"spot_511",0.0489321784809258,0.150329201010714,0.0287162559029452,0.124655016010866,0.0426577595488808,0.00252670456540934,0.515513712419259,0.0851124706467431,0.0015567014142576
"spot_512",0.0416864360221092,0.137624258481731,0.0403350868700298,0.0939368768665642,0.0979373936103156,0.0400357481603536,0.486035408253245,0.0446225794899705,0.017786212245681
"spot_513",0.0284378701366701,0.0878517980123204,0.00259727677039945,0.0564072022533058,0.0171149607007848,0.000849715917520508,0.712592746201309,0.0930187375623816,0.00112969244530839
"spot_514",0.0404037407318057,0.242402285750282,0.0413532799532046,0.0935835678813358,0.0883545437728668,0.0304108886378506,0.305163185090243,0.144088088931365,0.0142404192510457
"spot_515",0.0234239907612711,0.0758645144962674,0.0105423049645661,0.0783864159041314,0.240666254959666,0.0123572164952171,0.495829242772759,0.0334642469688251,0.0294658126772967
"spot_516",0.0323627012811328,0.161960817062552,0.0482477968514382,0.118383672148932,0.28426701547935,0.00159803451878495,0.258740379774957,0.0767366274281676,0.0177029554546849
"spot_517",0.0527849022748193,0.20581426052084,0.0330033132280893,0.0705193112615707,0.164155203549494,0.000569626582005455,0.378614382956612,0.0897677866389984,0.00477121298757131
"spot_518",0.0304675747045379,0.122216732887724,0.0383969094764571,0.0627274776723513,0.0520112817324241,0.00249608711362814,0.596763811845154,0.0915149572175525,0.00340516735017162
"spot_519",0.052335718585077,0.349916619300595,0.0397817770134398,0.102360601868451,0.183339504524783,0.0837560429948032,0.106203216177105,0.0244314015393773,0.0578751179963681
"spot_520",0.0389103371183738,0.0881858169145835,0.0320233419063905,0.126479994161377,0.220141250282528,0.0432544938426634,0.411756818831685,0.0198141096370335,0.0194338373053657
"spot_521",0.0183346197375287,0.0790501368604552,0.0110350216005734,0.108303127252388,0.154554937240784,0.0227232072397201,0.520470322130866,0.0697408733926936,0.0157877545449913
"spot_522",0.0375219191364975,0.0736264363641687,0.00818512868792705,0.09411066172547,0.0284868691641743,0.00222735246640299,0.646402028187796,0.108068126958416,0.00137147730914777
"spot_523",0.203533683841416,0.229507152767589,0.0518647500844792,0.0548221775928388,0.153755564677398,0.0425160538046204,0.0830484168725647,0.0982190219297235,0.0827331784293702
"spot_524",0.023244778658903,0.0678877975820408,0.0106726111627942,0.0894187506886377,0.106859509039529,0.00351834289169086,0.6548143503703,0.0371370223463263,0.00644683725977772
"spot_525",2.48524237557286e-05,0.000203222631744394,0.00145950192224575,0.00981757382663398,0.00662377004830035,4.24246032993173e-05,0.95924328649515,0.0223379129017286,0.000247455147141558
"spot_526",0.0122116682212235,0.0609076757143267,0.0145716936263197,0.094530265646765,0.0151170387228349,0.00443550431016231,0.761267661328951,0.0351435735706972,0.00181491885871978
"spot_527",0.0528787076415425,0.287937605353728,0.0780698420153525,0.0301866879696444,0.0355394636521102,0.00420767572291474,0.438620314926474,0.0676028190111837,0.00495688370705061
"spot_528",0.0360131884819567,0.0921290259501784,0.0909507940093274,0.115480092812553,0.0397647211534378,0.00171605311433553,0.58954641590764,0.0336054346253983,0.000794273945173046
"spot_529",0.0442758124760059,0.137425020573288,0.0270495765936163,0.0289244417824951,0.226410787858302,0.0218626205557095,0.353377529806197,0.0291509164840834,0.131523293870303
"spot_530",0.0175965818402033,0.00553013753762778,0.0049036605339373,0.0881181116067963,0.267966091869843,0.0368725727625236,0.527109779038042,0.0241682432589914,0.0277348215520355
"spot_531",0.0184585706774881,0.00128781310970528,0.000300045393266786,0.0325260729757198,0.0477890552254203,0.0913647741201848,0.524369309687311,0.124154795613165,0.159749563197739
"spot_532",0.0409637965789602,0.273560315002926,0.050961939420403,0.0585475604987385,0.186670062231622,0.0146583306284907,0.0567838703166611,0.0726666407165123,0.245187484605686
"spot_533",0.0405181751862162,0.221844083922993,0.0351600371556304,0.0650768900175459,0.138621031925611,0.00228694512789607,0.426602131598848,0.065647694073052,0.00424301099220825
"spot_534",0.137911221857488,0.183583486260798,0.0432410012408264,0.124119921432855,0.149282744668939,0.000594896951373763,0.318726150818004,0.0405001312616035,0.00204044550811253
"spot_535",0.0251014827539431,0.00904816027087529,0.00540284130857568,0.0585206441801262,0.135350229555003,0.0446842033513155,0.668557207941549,0.0184608098857288,0.0348744207528837
"spot_536",0.0569421439738347,0.167848329036704,0.0823516356406376,0.0686902720218267,0.142973382743409,0.0211516790051856,0.322025032170943,0.118320421274445,0.0196971041330148
"spot_537",0.0112445552994754,0.158501571724064,0.141554237167931,0.0142131120585231,0.340378708703974,0.000769477173374097,0.274627076457667,0.0556649842978676,0.00304627711712441
"spot_538",0.00988069762792435,0.0815845373815946,0.0275581362326842,0.113480517546831,0.0137016632385143,0.00991568554367942,0.657445834518029,0.0821731043005087,0.00425982361023386
"spot_539",0.0155408477320016,0.197614368917081,0.022287131977592,0.138372350324836,0.35706946258062,0.00492258490405458,0.0254314752284772,0.123257608827386,0.115504169507953
"spot_540",0.0215251907946113,0.0595274436518215,0.0629382713891804,0.0265350090713699,0.117150523012227,0.0321116436220888,0.129932574150256,0.487203198772072,0.063076145536373
"spot_541",0.0193919225087436,0.0979037816630905,0.0754418604286773,0.116652360641625,0.381673365959841,0.000489461120689617,0.15156091866763,0.15364509739554,0.00324123161416287
"spot_542",0.0394160441191342,0.209103131491204,0.0382214031557585,0.0560650682958473,0.0942717222562802,0.00107852232678688,0.426917977548914,0.119068576198521,0.0158575546075538
"spot_543",0.0435962389357338,0.0588044889096184,0.00896835238563312,0.10853445981179,0.0160829090541594,0.000710816541258833,0.692741389873525,0.0641410032643733,0.00642034122390828
"spot_544",0.00451453297756113,0.00118987829432969,0.000514510052018042,0.00517313022806708,0.0092884731912438,2.89452395095178e-06,0.909755860470542,0.0695124951790527,4.82250832342686e-05
"spot_545",0.0376350847841585,0.0963704598490758,0.00607467838965048,0.0845103195072993,0.0228820916184375,0.0176785216550238,0.661934190706937,0.059457773121257,0.0134568803681608
"spot_546",0.00986868277229178,0.316003050064521,0.0934189510637978,0.0462090646240363,0.00641409076450705,0.000114147948188722,0.444280225127301,0.0834766379851345,0.000215149650221847
"spot_547",0.0411856566816423,0.0758930761073205,0.0113779109676479,0.063597614794306,0.152706344204926,0.00111180872057248,0.535494686056006,0.114438286285345,0.0041946161822343
"spot_548",0.0225757861928205,0.143707786315808,0.0255956750799636,0.0900132913672225,0.119159083242822,0.03559570512285,0.447691772518394,0.0699931430158424,0.0456677571442762
"spot_549",0.0304135909397697,0.146639783694278,0.0769420332980301,0.0751099333571679,0.0362151141686181,0.00319889118647185,0.552363187663598,0.076025439555879,0.00309202613618794
"spot_550",0.0075522711532464,0.000592324039104885,0.0028159624222695,0.0615610398233861,0.398374977910685,0.000191669526769226,0.438201823950207,0.0773966832807522,0.0133132478935797
"spot_551",0.00113524372071844,0.194785204267646,0.00246316517630881,0.0732390135733058,0.287131367823165,0.000485843517976377,0.336406307773247,0.101690910369777,0.00266294377785637
"spot_552",0.0937764751260868,0.325737804852681,0.231601473122001,0.077691687671446,0.0325322975694088,0.000510762999658847,0.0451073217549325,0.193005486030134,3.66908736505926e-05
"spot_553",0.120302624984808,0.132759112623711,0.0592300741841401,0.0708665091699006,0.106825173550051,0.0266498593636348,0.331769186313462,0.0984460697570093,0.0531513900532843
"spot_554",0.0562631424032632,0.172425092121831,0.0382872975065045,0.0868324875443825,0.131846822361489,0.0154449794840346,0.446500919062072,0.0402362925448579,0.012162966971565
"spot_555",0.00152116381179841,0.001162547704032,0.00119766134902301,0.00285810379308499,0.327474967257084,2.33539481068553e-06,0.643289061428361,0.0207445748368268,0.00174958442497962
"spot_556",0.0325556701907432,0.169869325763444,0.0281616580380811,0.0944146324225058,0.239233995282038,0.0116100621662357,0.346553805653669,0.0437649412204307,0.0338359092628523
"spot_557",0.00159724718261803,0.00250884838246858,0.00387251242546725,0.00588965577780439,0.0102445139337728,0.000174256897625121,0.960546767348371,0.0137338218147249,0.00143237623714851
"spot_559",0.0328615626585406,0.164912183818915,0.0332594519657287,0.0433988816505406,0.0885428649417021,0.00727798020240822,0.487570504372379,0.0619960047879536,0.0801805656018322
"spot_560",0.036791175761922,0.342752745863521,0.0298218026850324,0.03369851746642,0.43930404253986,0.00938861273087096,0.0572927169604058,0.0480064543179386,0.00294393167402904
"spot_561",0.00822776809217111,0.113647622287763,0.0096686624213706,0.0708755497906955,0.294291633659064,0.00175563917406245,0.375170944107665,0.0789492584422906,0.0474129220249177
"spot_562",0.0483141172405398,0.22705759600327,0.083911930233846,0.137009993533416,0.05093509376349,0.00191308228610525,0.388825599201815,0.0609640862688761,0.00106850146864138
"spot_563",0.0202318936876592,0.147027652351087,0.0214293891214683,0.0603565393148888,0.0338434448673896,0.00114233344621356,0.667947038448568,0.0468229738075715,0.00119873495515469
"spot_564",0.0125194262721694,0.371620374545342,0.024717024461025,0.0473465942821069,0.09950482287467,0.036237183075401,0.349106711586178,0.0371108331746233,0.0218370297284844
"spot_565",0.00713531667323659,0.00291667122517447,0.00474660217905551,0.150331333803838,0.254698752390515,0.00229257010453691,0.456431481959082,0.0553208950471349,0.0661263766174253
"spot_566",0.0492546750810506,0.144175095871549,0.0473070955941146,0.0413516704245148,0.292274490606618,0.203367934434156,0.150148024373802,0.034225688483978,0.0378953251302166
"spot_567",0.0313112368204913,0.00246562272699479,0.00187307505178673,0.0498467904748385,0.284665559215313,0.0312958285244874,0.473803362041046,0.0486329112348096,0.0761056139102322
"spot_568",0.0155952429736786,0.00125827566935158,0.00294857913073603,0.0225362339356452,0.28090215347246,0.000242269549653932,0.570734060863197,0.0929802224873799,0.0128029619178983
"spot_569",0.0439190315835576,0.181607501835807,0.0155121653946331,0.0521136682833287,0.0498120535437585,0.00122175700248443,0.59975765456987,0.0517001504105482,0.004356017376012
"spot_570",0.028571925190902,0.178874321530454,0.0561589278705963,0.0948671920478121,0.037841866284051,0.00389911241279226,0.527390902004776,0.0691234961009058,0.00327225655771083
"spot_571",0.0108472284621246,0.0531579464509695,0.073102705084422,0.0105112433224543,0.0149024161040888,0.00246672495489918,0.027520160828466,0.805101031386413,0.00239054340616272
"spot_572",0.0262593105918825,0.004570319636536,0.00550656968369943,0.0736230553389024,0.0389198267057032,0.00203677019743963,0.82618334056653,0.0129195215374124,0.00998128574189418
"spot_573",0.0573422068665111,0.055454970527139,0.025842462641042,0.0446669692241426,0.128540201047727,0.00136616028144589,0.653124104799041,0.0211748940913842,0.0124880305215667
"spot_574",0.0207466228962701,0.058538949242048,0.0183980406468318,0.071806496143653,0.149364755905254,0.00758224010316107,0.564466117081174,0.0653589570681825,0.0437378209134253
"spot_575",0.0545248782329629,0.222969290168307,0.0228704859093884,0.0537214682137407,0.120362019576213,0.0406214680687678,0.331038120251426,0.107045326782991,0.0468469427962034
"spot_576",0.0441680790632494,0.323305899397629,0.0594154291312299,0.0612333146242642,0.132760479400155,0.000384086398247421,0.269144111044452,0.107386988200237,0.00220161274053668
"spot_577",0.00579242699715652,0.120964319348553,0.0151500003695667,0.0853264719569208,0.205800746715166,0.00347069042938116,0.487794877437309,0.0535093945950441,0.0221910721509033
"spot_578",0.0541182783971093,0.137997773510603,0.026776393323636,0.0510082211836951,0.0666843070701967,0.00245702354224109,0.602478995248269,0.0571181320437948,0.00136087568045578
"spot_579",0.0813309714850939,0.292193618155583,0.0468218850034507,0.0311193837517571,0.145859484994914,0.0395494556591542,0.276252557868124,0.0599733940615141,0.0268992490204098
"spot_580",0.0117942436719757,0.0024817823382986,0.00470449981522322,0.0986163056570914,0.0240794159356756,0.00445717459925966,0.817102905988123,0.0330165346543497,0.00374713734000283
"spot_581",0.01028143228963,0.00805400640080309,0.0036761862464525,0.0932262815765324,0.159872377198707,0.0555526728002344,0.517003973520987,0.0399728364631193,0.112360233503535
"spot_582",0.114034138311592,0.0844446465953241,0.0127438608089132,0.08345326153199,0.173284193048862,0.0269317162495515,0.402776600319127,0.0694197281056893,0.0329118550289512
"spot_583",0.0422517433942011,0.0585662420514225,0.0164888170047793,0.133752005997669,0.3141278094292,0.00291685711809242,0.315275260013308,0.10089302995209,0.0157282350392374
"spot_584",0.0189284701717861,0.0923730279539819,0.025009958857391,0.0648858122541326,0.171189734460147,0.0416180500998661,0.378784724307629,0.0571805377666332,0.150029684128433
"spot_585",0.0430344541104348,0.248698350004482,0.033269728943028,0.112638754427241,0.031786283424915,0.0036843559366665,0.36728918812017,0.158755792811687,0.000843092221374768
"spot_586",0.0776013622404661,0.16038658610467,0.0537611932439405,0.0235432437184692,0.203855101817745,0.100337138333591,0.287442499854741,0.04264188501331,0.0504309896730677
"spot_587",0.0564158196970124,0.206166498616544,0.0502374972954238,0.0933926498134834,0.058669173551986,0.00200945161647365,0.427413189918118,0.103766524603729,0.00192919488723035
"spot_588",0.0333281317652399,0.188861189785013,0.0733752051092823,0.035922340972828,0.21009927894895,0.00661002428378055,0.257309001909037,0.161636579852236,0.0328582473736335
"spot_589",0.0281700738094285,0.292466193027469,0.0340953817213488,0.0701652459233656,0.0200185264657709,0.00288566357766092,0.516569311361544,0.0280332837611546,0.00759632035225691
"spot_590",0.0739973862290699,0.264443420626341,0.0592609371501158,0.128981934171431,0.0247893838440315,0.00171729399178211,0.367390714544492,0.0773493697742104,0.00206955966852684
"spot_591",0.0723343279214868,0.193557119204359,0.0194099846203487,0.0462458350952015,0.117282299019739,0.0950683328723789,0.394430091073971,0.0309012232303589,0.0307707869621558
"spot_592",0.018502069157739,0.00501534075867328,0.00459729595534858,0.0864022921431763,0.0488506557847964,0.00517600877186118,0.798041224491093,0.0165286569072632,0.0168864560300486
"spot_593",0.050680267392311,0.20333358068505,0.101464827680294,0.131688248927144,0.114233897637092,0.0193792762920365,0.27968045082071,0.0730230990705024,0.0265163514948608
"spot_594",0.00923466517078538,0.00507204323159052,0.00704496364412767,0.0589933498625762,0.0118747550240862,0.00153930704249368,0.821231200223128,0.0839630056776851,0.00104671012352669
"spot_595",0.0260925135039514,0.0401496244195149,0.0692891724137523,0.0989930541314058,0.0595644541606549,0.00167562982237573,0.646565608147471,0.0565399113538488,0.00113003204702469
"spot_596",0.0840468241721805,0.133228550101931,0.126645041949951,0.110212923452513,0.409696016797625,0.00086335350105402,0.082963536201514,0.0425817186100721,0.00976203521315915
"spot_597",0.101335619943567,0.232017954734,0.0509572917877,0.214387247233851,0.0518019195192409,0.0013342232146719,0.290632134061332,0.0414729333616005,0.016060676144037
"spot_598",0.0543293055171625,0.169555260413633,0.034054456632332,0.156158598808577,0.180715512577905,0.00619314279382362,0.320821702123286,0.055407103464817,0.0227649176684638
"spot_599",0.006042627867486,0.139802448333471,0.0143101681022807,0.0291132092469744,0.00396911984164759,0.000202545487329799,0.682054509744395,0.124421107110975,8.42642654409808e-05
"spot_600",0.0519574350062428,0.195733539932754,0.0808721760528008,0.0742581047686047,0.0548709255561031,0.00233143155370893,0.507467073407128,0.0309524872889107,0.00155682643374659
"spot_601",0.0189152441436201,0.0273912375257372,0.037454434531527,0.0640433055646967,0.0425242010128794,0.0035671810826528,0.249875395984104,0.554370758626181,0.00185824152860176
"spot_602",0.0533292755412537,0.0185277112417858,0.0654585371807032,0.0116683654608115,0.00991170831957076,0.00923265089646943,0.268629173397304,0.542545001409062,0.0206975765530394
"spot_603",0.0475957483083111,0.00655444478175326,0.0187389358851831,0.0338508869980212,0.277760477712431,0.0232771724161371,0.268423532066348,0.263476709831988,0.0603220919998271
"spot_604",0.0423915195951686,0.162908873614502,0.0531319394588091,0.102493770091902,0.0924981156252262,0.0149915225033616,0.425502700682008,0.0535086241865744,0.0525729342424476
"spot_605",0.0632459180883508,0.247564837142717,0.0353738442787319,0.0463627849839514,0.12882178969849,0.0423596101290239,0.377110755073021,0.0294153268901051,0.0297451337156085
"spot_606",0.00298306826773444,0.000568798727627751,0.000673851917573909,0.0270480049473515,0.283559408164037,0.000444917948225902,0.618311202315417,0.0421866290072261,0.0242241187048058
"spot_607",0.0186885420919411,0.0426062072239435,0.0228464083137336,0.104412569803192,0.216723424632681,0.00738765121278289,0.50318217913133,0.0826303361261899,0.00152268146420649
"spot_608",0.0213062053665755,0.0846607301354235,0.0390316826714683,0.0221588941863717,0.0670549542393182,0.00164554401161052,0.604160091097586,0.0571103722938172,0.102871525997829
"spot_609",0.0484081373020572,0.233247106585619,0.0423868015446536,0.0204444442899463,0.0654407193717377,0.0102439906145063,0.475813226764062,0.103196712786551,0.000818860740866652
"spot_610",0.0240518390112906,0.15754818639791,0.0526166351878763,0.0549725619614705,0.27134134101019,0.000112037916438313,0.282252849376155,0.14913378447631,0.00797076466235864
"spot_611",0.0667979617893318,0.267278944959836,0.0413524119684849,0.0800051034787646,0.199170643656384,0.0372110094399434,0.157088013287332,0.0783789532004204,0.0727169582195035
"spot_612",0.0275784423341975,0.0856604974765468,0.0120378093749378,0.042076150631278,0.313243625799695,0.0380661057993859,0.414217001734387,0.0311114930313165,0.0360088738182552
"spot_613",0.0357222006027605,0.310757290404066,0.0144316217093841,0.0789288848292972,0.0745091853910343,0.00609206416033626,0.286856485617442,0.128226550769132,0.0644757165165477
"spot_614",0.0296892720183558,0.124630438812633,0.0218378344034859,0.0822241605312663,0.150212761866071,0.00242975428146906,0.479429822228511,0.090987499332158,0.01855845652605
"spot_615",0.0337276350564055,0.0911334861444419,0.0174885701997295,0.0986023102959678,0.142175211349457,0.00350861190701629,0.555818481077338,0.0527338522561879,0.00481184171345639
"spot_616",0.0120625278210051,0.00187419228116805,0.00632017897331303,0.0826171223043634,0.118871554992061,0.0106401479852066,0.513450642997604,0.010142523027744,0.244021109617535
"spot_617",0.0477618350587795,0.320303765264511,0.100521519383544,0.0578112557863443,0.0667093843471522,0.00183949614610323,0.299567550763615,0.104850919892144,0.000634273357806787
"spot_618",0.0602502064401852,0.303003495960123,0.0541070238518381,0.0817381743971734,0.107358537043544,0.0159957224008927,0.209516591190472,0.140240695259286,0.0277895534564855
"spot_619",0.042743892753498,0.124283828725064,0.0164203744588031,0.0527170950027539,0.0373850913851609,0.00105457293205379,0.629999605358157,0.0929570366425839,0.00243850274192553
"spot_620",0.0196817652393194,0.00459283201934888,0.00561176335429009,0.066454825322455,0.26477651918745,0.0285398701075869,0.471698184728857,0.0525223258159566,0.0861219142247362
"spot_621",0.0457499618529686,0.163073415507964,0.0538681616819287,0.0691142820720536,0.139163909777663,0.00447812038800453,0.472869387345459,0.0476002929085488,0.00408246846541052
"spot_622",0.0298404889176114,0.00346293177912502,0.00913950268070302,0.0891895308133015,0.356450971230498,0.00245242596737937,0.457229456922643,0.0346873617478504,0.0175473299408889
"spot_623",0.01195158786126,0.00553076380636918,0.058403623156459,0.0796377249614117,0.132133261999981,0.00102837059099714,0.629421948818486,0.0788887329743476,0.00300398583068773
"spot_624",0.0472035036415986,0.137110305947996,0.0576275942377373,0.0940993236760088,0.204739465677272,0.0552353303669879,0.285988212846617,0.0622137542964416,0.0557825093093396
"spot_625",0.0295298651720108,0.194591522614991,0.0304715215537744,0.375521709128028,0.0561888552371642,0.00219452541149721,0.249690796797234,0.0493703188644202,0.0124408852208801
"spot_626",0.0930686322036345,0.00464741928727199,0.00261355389176847,0.548180495659113,0.236105449273144,0.00317680391713347,0.0398079855680012,0.0209547155510182,0.0514449446489153
"spot_627",0.0173511529604939,0.00222996451744856,0.00107848526154103,0.63805001067392,0.22218962775056,0.0033883839445471,0.05491461089262,0.0127898033477877,0.0480079606510816
"spot_628",0.0510582880987346,0.0131231623387374,0.0070947012132521,0.290553285386584,0.328561181671485,0.0952492091137777,0.107662726126519,0.0135480863615412,0.0931493596893691
"spot_629",0.00487746624516523,0.0023080894500386,0.00129334792996421,0.550828957269726,0.356412879116545,0.000978515531360021,0.0239369938158336,0.0126991824265262,0.0466645682148409
"spot_630",0.0153620103912027,0.0511766917956282,0.00226263837223023,0.120887831305133,0.194129765003088,0.0326772574622156,0.480696942614512,0.0626355003260889,0.0401713627299018
"spot_631",0.036826059783747,0.234926090214201,0.0202515158364699,0.127880268700443,0.0187732254935959,0.00790170401216449,0.460869407506,0.091361750790084,0.001209977663294
"spot_633",0.0252946949491499,0.0164171658785804,0.0316704210511906,0.0645211404837087,0.0230317206152065,0.00167385431385363,0.276190668543602,0.560080356778573,0.00111997738613565
"spot_634",0.0205510105637231,0.0160537125592043,0.0566347713725257,0.0438872743816405,0.16158490884518,0.0358149187204752,0.0431442016132509,0.596987404186122,0.0253417977578789
"spot_635",0.0377060086414769,0.15258799379526,0.0206272604572591,0.104508231123143,0.150836959426372,0.00197062679902961,0.490789605356266,0.036448640472037,0.00452467392915554
"spot_636",0.0238975370153775,0.0784012731326741,0.00849129554052428,0.0695018399044362,0.126312027840464,0.00287322391238891,0.636730537654035,0.0222865983996718,0.0315056666004282
"spot_637",0.0178235561119877,0.00366885310166996,0.00468326477376187,0.0709419398051157,0.020537487631251,0.00358704592948303,0.865136819427038,0.00792997783931976,0.00569105538037345
"spot_638",0.0618614247837655,0.22607623382122,0.0410926974080199,0.0953882874492884,0.110343526625108,0.0101402698356651,0.366798284898891,0.0420323559086998,0.0462669192693415
"spot_639",0.0554595530902703,0.0524645122689036,0.00840716147323725,0.0693306514412135,0.0188189245525359,0.00030578294054519,0.740691926578866,0.0535494943662277,0.000971993288200152
"spot_640",0.0593745718542011,0.463577952488059,0.0375763733346788,0.067746139374697,0.0329525683530329,0.00075727538373837,0.197228231239813,0.140538655219752,0.000248232752028731
"spot_641",0.029628905441435,0.179530315075204,0.0313822965318763,0.0569771011000106,0.349966207411975,0.00519019684474851,0.248926736598083,0.078723002359171,0.019675238637497
"spot_642",0.0180473565118548,0.161070460087651,0.0301817283886012,0.0588885736811152,0.218744206362622,0.0339196225743563,0.382298725520808,0.0866710039226253,0.0101783229503664
"spot_643",0.0353887156810744,0.00453036336027,0.0062156508621083,0.022476892785406,0.0260444529453055,0.000130374620035419,0.870895278717376,0.0336422233978333,0.000676047630591451
"spot_644",0.0669203824719372,0.079425044997279,0.0601702206567129,0.0400619039664654,0.129395546662588,0.0104427939126172,0.54325086484523,0.0376313664184318,0.0327018760687384
"spot_645",0.0100871623940294,0.183373227636659,0.0289628406991163,0.145481482487163,0.0638661505869787,0.00490570883543925,0.494948933989807,0.0452641941084767,0.0231102992623316
"spot_646",0.0127389472065586,0.0685664478654395,0.011214709985674,0.055401462790614,0.192788293142967,0.00608173698195455,0.549244820943778,0.0296959613993081,0.0742676196837063
"spot_647",0.0325970551386659,0.351097450114603,0.0685914767812642,0.0382884657362742,0.0858152349297721,0.0141423509137769,0.311648119918966,0.0649215470802353,0.0328982993864424
"spot_648",0.0527321754730728,0.0612985130436799,0.0142894834228459,0.0364835935293487,0.0408590875618253,0.00143633167540587,0.729227409297831,0.0313489521863834,0.0323244538096068
"spot_649",0.0376894624512742,0.00709843551433437,0.00797704762744566,0.110561222569378,0.0575445649217342,0.0262037547906486,0.64414594404743,0.0743018305894127,0.0344777374883428
"spot_650",0.033714874649712,0.22674847555787,0.0421155498451578,0.0831864276252737,0.0349569772585841,0.00273949026369974,0.527218250637591,0.0466024032072381,0.0027175509548732
"spot_651",0.0208134974865095,0.169612402837468,0.0196287896687481,0.0459139419293099,0.0297864580025399,0.00072654441696847,0.645296384337971,0.0660647686312797,0.00215721268920579
"spot_652",0.0471157010690255,0.204867290399666,0.0798171284377128,0.112002632602045,0.463275503600327,0.000418108482067029,0.0318636261977999,0.0483663388685585,0.0122736703427986
"spot_653",0.0368090661416583,0.358558577572498,0.066097353724755,0.0452616046327763,0.0325809061961331,0.000881196243261675,0.267660349205296,0.191366789128116,0.000784157155506547
"spot_654",0.0309162150007841,0.165415477422819,0.0428376646123312,0.0703465942917221,0.0584635739275295,0.00900547045210701,0.503122402483919,0.0745556204671398,0.045336981341648
"spot_655",0.166639325742885,0.00864829770658093,0.0128517440222585,0.210655198797654,0.0345720091856825,0.00231426451744156,0.52423164300195,0.0380156032496993,0.0020719137758473
"spot_656",0.0273645341484145,0.00652108495763485,0.00188660265336455,0.609701329528882,0.189273087006083,0.0283630083319839,0.0799099309195249,0.0176919118697942,0.0392885105843175
"spot_657",0.0427154030141603,0.00443901906512106,0.00653894937260119,0.544556218463954,0.192618718887875,0.0240003567670774,0.078823191852275,0.0153053909909541,0.0910027515859819
"spot_658",0.0275208508303054,0.0766492589113235,0.0503869950232225,0.0623451551261781,0.380864921865438,0.0925070498264915,0.177990233487542,0.101665727711445,0.0300698072180536
"spot_659",0.0101919100885029,0.00184185223550783,0.00285042259744777,0.192668176643603,0.21407140501778,0.000405148742322925,0.502242226741228,0.042981068637497,0.0327477892961099
"spot_660",0.0432574539501651,0.29255812096519,0.122084208711959,0.0232881800769682,0.171102614918921,0.0239264566916345,0.0209053844941956,0.118637609560982,0.184239970629985
"spot_661",0.0141297430442228,0.055864725554088,0.00285424059481353,0.0501129764450086,0.10099296276285,0.0193500764314422,0.69431041370534,0.0377676334075056,0.024617228054729
"spot_662",0.0237336010287003,0.0214707086795542,0.0917056784151841,0.0228333695298634,0.0383376945807199,0.00819760746294805,0.0209140638323351,0.767147170649496,0.00566010582119863
"spot_663",0.035689987538854,0.107834222925871,0.0913582446446634,0.0213912509322367,0.026397644502893,0.00501833834396982,0.00382139294452228,0.705199370874449,0.00328954729254062
"spot_664",0.0603305065976061,0.277594770245415,0.0683320473051509,0.0691618249806096,0.0400851093283975,0.00318660593660048,0.00641300106965519,0.474286629652421,0.000609504884143901
"spot_665",0.0540763000927967,0.0028656588094242,0.00865539660894369,0.0255050675117709,0.00133936719927583,0.00395039637189815,0.851688049803621,0.0117244000445535,0.040195363557716
"spot_666",0.0802456903341703,0.205274195229818,0.0397021270073464,0.089537377360478,0.240318284280697,0.00137325343841326,0.273823986057587,0.0616350197346017,0.00809006655688763
"spot_667",0.0348573544803933,0.0716310237118006,0.0281182285582601,0.040024207634259,0.0148320899192481,0.000575272192140205,0.715010260810779,0.0944921558888636,0.000459406804256419
"spot_668",0.0152951829635789,0.00863387251311984,0.00267268897292134,0.0637273566544112,0.152742084122014,0.124733952514425,0.512038758528722,0.0840394746639735,0.0361166290668334
"spot_669",0.023356609322645,0.273055147461834,0.0517271807071624,0.0633368629909524,0.013452766314346,0.000441601395612313,0.508411407541036,0.0656584131651013,0.000560011101310466
"spot_670",0.0307164149780626,0.0873173515731144,0.0226579886313624,0.0637193959873633,0.0277376364609203,0.00396377464909777,0.6877949533676,0.070106966033343,0.00598551831913618
"spot_671",0.05526639248227,0.0551825620213769,0.0372863174726291,0.0508489300110656,0.353425764261524,0.0415588935341137,0.282262433445441,0.0396780835222972,0.0844906232492823
"spot_672",0.00917278821378138,0.297594863490442,0.0605297348327891,0.0402405551536683,0.0132778425071595,0.000253155991056347,0.463498470309704,0.114916358787273,0.000516230714126406
"spot_673",0.0420490099541641,0.118081355363086,0.0360120165408111,0.0750288223297391,0.0877724305249921,0.0933870891386027,0.372158759677625,0.161705853063157,0.013804663407823
"spot_674",0.0185997707710231,0.0952019685786211,0.00223459395886073,0.0211106783928726,0.358741816847142,0.000220009551044015,0.417051282078503,0.0645670794736171,0.0222728003483167
"spot_675",0.0300202264079517,0.22686975468123,0.017337257317539,0.0296944359405337,0.225743867267734,0.000512769887605556,0.363416057758126,0.101403966887732,0.00500166385154896
"spot_676",0.00970347835428039,0.00304394780250528,0.00128422685246822,0.116942083158636,0.0421561478494771,0.0182566005778758,0.725197034184813,0.0376801166022781,0.0457363646176665
"spot_677",0.0405879867746434,0.0501831398396589,0.0547461731016012,0.0814175092026204,0.146400280426718,0.00411217562061699,0.505424560703341,0.113240484121022,0.00388769020977752
"spot_678",0.0361278665152416,0.168183708463576,0.0424103250057911,0.0918164828983864,0.0436309211316999,0.00487403697179666,0.450133415290598,0.161832490601847,0.000990753121063032
"spot_679",0.0412073257939007,0.177286223565308,0.0388731874239931,0.0632382787120233,0.168885937078677,0.13024264323714,0.283270653583848,0.0687568448674958,0.0282389057376145
"spot_680",0.0880826216902275,0.295412436928714,0.04420189120414,0.0714750328722498,0.0805224662664347,0.0124694739736909,0.330470505893594,0.0627439857024691,0.0146215854684797
"spot_681",0.0112305674122672,0.0975255350096682,0.00651080232400765,0.105777208215935,0.281125583565096,0.0197997064827453,0.445788264251561,0.0197452975230188,0.0124970352157015
"spot_682",0.0348899462498123,0.114054231329713,0.0240710994466894,0.0557231581295709,0.248338447113441,0.106005252392877,0.234017682537844,0.0551129775377273,0.127787205262325
"spot_683",0.0177483716969353,0.0099273190604425,0.00288546781584656,0.0631982542092552,0.200062134575165,0.0714316747571204,0.520544149613318,0.0899823430199319,0.024220285251985
"spot_684",0.0194506543714533,0.434750342197647,0.0441472527053181,0.00535222945536111,0.0370703477834141,5.60579909591333e-05,0.289528173477141,0.169424704691454,0.000220237327251293
"spot_685",0.0175170056777381,0.225161057669096,0.0556292587194722,0.148158611380995,0.0331954709502586,0.000403255343042819,0.391239052412998,0.128322316254354,0.000373971592046175
"spot_686",0.0417483778932743,0.00447912188295355,0.00698816790714634,0.412736715951333,0.333904764036576,0.00889408506240762,0.0913962376739929,0.00583470990534614,0.0940178196869705
"spot_687",0.00302628633751797,0.00884603932688302,0.0416345934783066,0.177296899203857,0.0825012468975027,0.00802070109665373,0.203752054879867,0.469786775373602,0.00513540340580973
"spot_688",0.0205704280492616,0.341993408454945,0.0499494811184661,0.373839524476498,0.0717823777513717,0.00078719937832103,0.0371091666356145,0.0976345249210065,0.00633388921451537
"spot_689",0.0279413010573088,0.0850055968338996,0.00531180101470572,0.109022295756891,0.138215327076597,0.0335596212068413,0.487819334460904,0.0925155749056818,0.0206091476871699
"spot_690",0.064094619556722,0.0993063749394084,0.022152877603428,0.0939575533817994,0.077667171803584,0.022389425066412,0.509426250850691,0.100328876912231,0.0106768498857246
"spot_691",0.0186726086299273,0.10989726157397,0.00632498524032512,0.0732959652875397,0.120259086697764,0.00816068199613513,0.526909754352094,0.0613405804583619,0.075139075763882
"spot_692",0.0683820336973973,0.158012414784232,0.116627187514642,0.0524525679360872,0.158106883325466,0.000573509796713733,0.157926371276564,0.28208219409461,0.00583683757428738
"spot_693",0.0625422015193796,0.334720384923814,0.079794005709043,0.0473102140202772,0.0516391506536231,0.00138425333484221,0.324033335163497,0.0969363521977192,0.00164010247780449
"spot_694",0.0122225580934277,0.429876234068623,0.0344984213759,0.109507881941428,0.00929786246190891,0.000306391426207447,0.346792869428661,0.0574632599686006,3.45212352434277e-05
"spot_695",0.0289656249015382,0.0311588772239806,0.00275900626733501,0.0710023565490497,0.120565444198248,0.00140004048366755,0.677125721840392,0.0517706067055091,0.0152523218302802
"spot_696",0.161566632954538,0.136260048185527,0.10153424359584,0.0200367166039403,0.167249928633356,0.025898149437081,0.238787259032174,0.0727191443747126,0.0759478771828308
"spot_697",0.0309112849686677,0.184019734248036,0.0336410585369583,0.0874574101754935,0.19799850659294,0.0153459103530016,0.351195574380412,0.092515018092994,0.00691550265149662
"spot_698",0.058327395730299,0.213170097539849,0.128206477010794,0.118260310657376,0.0379781947391651,0.000736808945033844,0.369706405245112,0.0725153659050101,0.00109894422736021
"spot_699",0.0226348255835434,0.0807355257436794,0.0261221640060188,0.102327860067158,0.129142375512986,0.00308963452825755,0.514569197485992,0.0244367469803983,0.0969416700919665
"spot_700",0.0673098118061794,0.38754322727774,0.0554284785141818,0.0476678806122555,0.0400639306705495,0.000868096505082749,0.299630949923353,0.101169197338536,0.000318427352122628
"spot_701",0.082459402974881,0.16057748860369,0.0270239218917793,0.169769211946514,0.052420526673254,0.0332218922011132,0.398389055987022,0.0473970681595323,0.0287414315622143
"spot_702",0.0162031813094947,0.146479347269464,0.0190043559673953,0.087950960224588,0.0890944072044906,0.0056827137170968,0.508461306229739,0.0473373547305079,0.0797863733472239
"spot_703",0.0377061913763569,0.182608716790724,0.0621726570886822,0.0485825963306175,0.199345347518314,0.000205755564660791,0.398296633256048,0.0703663134349682,0.000715788639627859
"spot_704",0.0196303361156529,0.310644999144155,0.0367807124244044,0.0769074774765443,0.031947613108803,0.000513328952255563,0.399896165533831,0.12317066316537,0.000508704078983927
"spot_705",0.0291398680216113,0.263303675043935,0.033451395897319,0.0593324802420109,0.0872311658640857,0.0692665641666725,0.366884209137806,0.0843451268615314,0.00704551476502786
"spot_706",0.0330274044710132,0.175741073564866,0.134614879840019,0.0523948988781901,0.0456242787508068,0.00200622895671611,0.469226569600814,0.0854426074673017,0.00192205847027206
"spot_707",0.027078240219488,0.289354115832943,0.0425068244049067,0.088384397960104,0.142201791627089,0.00763533264538264,0.293941866166847,0.0987997585908255,0.0100976725524141
"spot_708",0.016954812584928,0.00203961167052054,0.00316711788988487,0.0246650341319199,0.0201773325908363,0.000224217211740875,0.896098516347539,0.0264704805636496,0.0102028770089807
"spot_709",0.0194090821202093,0.00190590251511671,0.00203089051756896,0.127972073749481,0.299155857724574,0.0061800124670657,0.381475707376507,0.0608478493428285,0.101022624186648
"spot_710",0.0478531984268148,0.183266996119795,0.0731692212832049,0.0935260880728043,0.219299663768832,0.023278138426563,0.170603840977366,0.17770692334944,0.0112959295751793
"spot_711",0.0249782368965836,0.215900167553429,0.0393695028262736,0.0468449860845491,0.182561380726231,0.00440750582502284,0.396908172178681,0.077632763491255,0.0113972844179746
"spot_712",0.0184750041234553,0.103381256479048,0.018855454085068,0.064097679730484,0.0456923669947139,0.00167086163929843,0.694358117214135,0.0512896970556979,0.00217956267809975
"spot_713",0.0324117910735668,0.223133959446451,0.0414962512715537,0.0254325440175275,0.0520370397041171,0.000386663045837628,0.520124625510318,0.103626672511374,0.00135045341925432
"spot_714",0.00624237759287976,0.186821696501637,0.0052101363610805,0.0573777510167221,0.00661241834090235,0.00296402240222766,0.68329898606437,0.0466747669276859,0.00479784479249501
"spot_715",0.0511660279622991,0.132635786095979,0.0178012095075518,0.102351123319615,0.0758770906562753,0.0330541300917583,0.502607883059538,0.0740224433046096,0.0104843060023748
"spot_716",0.00507850083618566,0.000500051641801358,0.0028271568895921,0.0637706444626158,0.424948690458825,0.00377422950299794,0.472149116616061,0.00913959640021533,0.017812013191706
"spot_717",0.0419141514915494,0.0104051528620557,0.00845915389071198,0.115129086318733,0.216412824477974,0.083951083578996,0.45837889167052,0.0292853922142493,0.0360642634952117
"spot_718",0.00924403704112886,0.000110761538206955,0.00407968389790709,0.0100892912675462,0.275349758679866,0.000133349425558854,0.628581762070498,0.0534814035826347,0.0189299524966538
"spot_719",0.0488252967930845,0.108048136394177,0.0107200391876918,0.0825169058502358,0.141411832788522,0.0094057722818315,0.478895392826085,0.0814836986093655,0.0386929252690064
"spot_720",0.0109755113749812,0.0855202731782266,0.00635541667199747,0.0952934130866879,0.145247158942639,0.033336171075036,0.482493183455229,0.0659414824806989,0.0748373897345041
"spot_721",0.0326829432190278,0.112954441035311,0.0381299994046432,0.0620934762329366,0.0738744799326764,0.00751553776925734,0.492325751070866,0.126576700306245,0.0538466710290363
"spot_722",0.00902715022841513,0.133643325918904,0.0238198676181999,0.0887097422546422,0.0532268757268068,0.0027979352887098,0.632667826742571,0.0550138740551706,0.00109340216658023
"spot_723",0.0155130938240916,0.348552016287722,0.0248101666103388,0.0633441585918323,0.114297790988681,0.00435289732509274,0.308192255441893,0.0433088385357827,0.0776287823945669
"spot_724",0.0234691027074252,0.196453029933975,0.0192564686696553,0.0405974644232586,0.10633704086957,0.0684626366752228,0.486728942827914,0.0479566878159419,0.0107386260770367
"spot_725",0.0157113665476136,0.0915588253152286,0.0122540535854443,0.0521423387590097,0.174716259527491,0.00471334367298789,0.536153955798127,0.0505189665425863,0.0622308902515116
"spot_726",0.0353306405079633,0.00187824811453365,0.00151453859647991,0.130089685215519,0.152846492100416,0.00292032247030407,0.581247010303042,0.0585313956136242,0.0356416670781175
"spot_727",0.0239706045035727,0.167250319705299,0.0382042883498463,0.0666927913848887,0.129070667384327,0.00135126673633271,0.481366912901227,0.0599017459424994,0.0321914030920073
"spot_728",0.0116971191786515,0.103280344836009,0.0104921608312092,0.0927223557642919,0.423447197176468,0.00249161124435519,0.268819403692177,0.0683578165425641,0.0186919907342735
"spot_729",0.0296585524677274,0.00568149033143344,0.00251267314001397,0.13248213702598,0.509632536614132,0.124626170103654,0.0434244271780405,0.030394734797773,0.121587278341246
"spot_730",0.0251240849424925,0.10322857536678,0.0360586110344407,0.0579234634256683,0.414066526644211,0.0307752824521379,0.206346387234201,0.0697251589092581,0.0567519099908104
"spot_731",0.0235799434494978,0.337308721920026,0.00594580267900374,0.130728787038109,0.198847619987321,0.00498037184368551,0.0431777407585774,0.0414643085810091,0.21396670374277
"spot_732",0.0644629937119909,0.249755209851643,0.0513227383223394,0.109024064955729,0.0844162136290019,0.00664937250647697,0.363892453493243,0.0702420949254133,0.000234858604162092
"spot_733",0.0206964595670753,0.12551807028678,0.0146393493239006,0.103057211558483,0.0302995624702886,0.00311832075697558,0.659415802135495,0.0418071588930562,0.0014480650079452
"spot_734",0.0221057150840753,0.148734356331075,0.035555361831018,0.0932095402307239,0.164581507542103,0.0218614670781307,0.446356800184265,0.0477919726123318,0.0198032791062775
"spot_735",0.0374911447422115,0.24766618439869,0.165976463891978,0.0388395646761654,0.182254720292835,0.0235052640733288,0.186949433036299,0.109733253036142,0.00758397185235013
"spot_736",0.00286924642371626,0.000282868361068927,0.000998680299843917,0.102191663000039,0.262277871202533,0.00262909889347674,0.449548171892878,0.0110515385396724,0.168150861386771
"spot_737",0.00837417127048766,0.00188939944017719,0.00136711731471697,0.0791062163365926,0.252289001631015,0.00092428842600836,0.552542013578397,0.0816821277690221,0.0218256642335824
"spot_738",0.0835352701123535,0.206920819996866,0.113675835239155,0.0554583204981121,0.0487253145530854,0.0251456772327038,0.390692625880636,0.0654470146146013,0.0103991218724855
"spot_739",0.0487896035251468,0.268650614873714,0.107510616573759,0.0140556535273445,0.0376800641199987,0.0164486760528234,0.420825669577706,0.0795742549274233,0.00646484682208384
"spot_740",0.0523972476738576,0.198207246950376,0.0200051281096125,0.143456788208995,0.0293743579423948,0.0140666932703569,0.429402931343219,0.101769559476373,0.0113200470248149
"spot_741",0.011216035801394,0.0945475527493811,0.0100859098757721,0.0854328132695927,0.021563894154576,0.0015950345332677,0.695936398049012,0.0768147823503129,0.00280757921669156
"spot_742",0.0223472273709547,0.00600817804762108,0.00362419076023279,0.100811675252868,0.05134293144626,0.015057408054527,0.671351124797556,0.0250716617467478,0.104385602523233
"spot_743",0.0164532661727161,0.0049012079390354,0.00255685747578774,0.074277754442713,0.0345438864001547,0.00424598050273486,0.781006399591958,0.0721989268300298,0.00981572064487009
"spot_744",0.0413833636148545,0.174349445700907,0.0254402206162077,0.0486194344824162,0.253171575498897,0.0197636929380856,0.280987132882125,0.117206701413604,0.0390784328529025
"spot_745",0.0453627458746193,0.181119511893495,0.0562452920944553,0.0693530757438179,0.245776489048202,0.00236538685905841,0.300467746734322,0.0824364178179309,0.0168733339340985
"spot_746",0.0440033859198342,0.266142105627468,0.0528850053532636,0.0315926292383638,0.143496801699621,0.0413712484658784,0.219128585301385,0.108879105688487,0.0925011327056984
"spot_747",0.0347961490502931,0.0917497186101289,0.0271278216066425,0.0844984478886957,0.165242632457993,0.00323427037652518,0.489835427113857,0.0961181294991714,0.00739740339669314
"spot_748",0.0409805099616028,0.0568104500558546,0.0147828681913271,0.0872564324891705,0.0441413558442253,0.00713629910388786,0.651468696509584,0.0505602971563399,0.0468630906880078
"spot_749",0.115892184654327,0.1975018494333,0.0112068034601859,0.0559563533715189,0.460537243784144,0.00473458526428011,0.0339757734239478,0.0794139232982458,0.0407812833100505
"spot_750",0.0251312062562996,0.0185226035471398,0.00673212917544951,0.103004063366234,0.123334490117465,0.119628989124676,0.515698715681132,0.0695979019280289,0.0183499008035748
"spot_751",0.0228654327167617,0.00563978892723019,0.00716617498843697,0.0615732339535136,0.0966748203119254,0.0613109747405102,0.647280601517428,0.0525781406606016,0.0449108321835921
"spot_752",0.024081021860695,0.00177264177378833,0.00184381997539671,0.140179694076474,0.0303240444408424,0.0128784233527346,0.718960163074689,0.0187585597719692,0.051201631673411
"spot_753",0.0228795420964909,0.00448107442923075,0.0259307177296864,0.100097592550689,0.161150417730336,0.000770709331449214,0.614039736123027,0.0511460432818894,0.0195041667272012
"spot_754",0.094565466612427,0.00149991513012914,0.00864173135226325,0.0694433954059414,0.0927362661289985,0.00457493357773359,0.655744694183936,0.0207235920485612,0.0520700055600104
"spot_755",0.0129356366106034,0.15218932887172,0.0140945197247013,0.0817995022277258,0.0236649619147839,0.00135111946191752,0.589727146069428,0.123598737936726,0.000639047182393669
"spot_756",0.0480154552961487,0.202220853798182,0.0307450228219671,0.0951789798111116,0.374645774924694,0.000223306445259182,0.168693875035821,0.0779818809208034,0.00229485094601315
"spot_757",0.109484521929445,0.250242860019426,0.0288843431809697,0.074142196338477,0.0536003863626945,0.00273337543670328,0.361123834642124,0.118649621803174,0.0011388602869871
"spot_758",0.00356526286098651,0.0959982866413531,0.00194145046921649,0.149196179776673,0.426730513254774,0.0753945152212402,0.130823721049935,0.00873848671457505,0.107611584011247
"spot_759",0.0194211261339203,0.139839075328791,0.0331425540600014,0.0570088229796868,0.124422270389887,0.0176852313578957,0.478270237282234,0.0710728306161912,0.0591378518513931
"spot_760",0.0529782968503688,0.268534151929678,0.082630731743965,0.0922589008717747,0.0563574879236548,0.0152942653989969,0.350724008731742,0.0767722823418863,0.00444987420793249
"spot_761",0.016854273541515,0.00539661820717426,0.00299980116510712,0.0724561572227061,0.0152995260987015,0.0013162540561899,0.810245940837837,0.0744295338483125,0.00100189502245641
"spot_762",0.058155032793461,0.387486489144048,0.0586515951716133,0.0322319829705021,0.0571443800498041,0.00138214756466694,0.243848457750083,0.160873108482774,0.000226806073048051
"spot_763",0.0362369321619966,0.0711182788522432,0.00760361886724157,0.0920767153392381,0.0139975070152642,0.00140743324708373,0.744376238699821,0.0307074281042954,0.00247584771281577
"spot_764",0.0738851669650447,0.334954239057922,0.0832774282310618,0.004301810370406,0.0112919191712418,4.5103419633413e-06,0.377053811630164,0.115223838188163,7.27604403309655e-06
"spot_765",0.0447863965434392,0.143690961767117,0.0177081368492458,0.0739246603252941,0.225912303269571,0.0201504416008317,0.340491205579728,0.118338344958676,0.0149975491060963
"spot_766",0.344458486345314,0.00576296588727403,0.283900316629357,0.0195991958992843,0.136582432480378,0.00178976469074127,0.0396494511565326,0.165917585194772,0.00233980171634733
"spot_767",0.0831061116715091,0.190654547393494,0.265948543643577,0.148410517113323,0.0789328192433588,0.0156995917561048,0.0977613390560506,0.09137157192554,0.0281149581970431
"spot_768",0.0191543152139634,0.00550325126211123,0.00284688866475732,0.0477538026154307,0.0836622013350507,0.0234733544032981,0.704750914933381,0.0889456871123016,0.0239095844597056
"spot_769",0.0355622575819787,0.0788338287495866,0.0113288072737526,0.0775178632893204,0.146206038616761,0.0176626934386554,0.518554792625476,0.0968837040140927,0.017450014410377
"spot_770",0.0267533451435191,0.104827293906105,0.0254549555214749,0.0821211589631523,0.196154357351764,0.0292849391837656,0.4131657246385,0.0920829200678101,0.0301553052239095
"spot_771",0.021047478791445,0.297048096619966,0.0616031791189694,0.0545155281288775,0.0415730720394939,0.000764278625922678,0.406307539589016,0.11625158917063,0.000889237915679417
"spot_772",0.0194254170925103,0.589311045642034,0.0900481535460353,0.12544432604078,0.00916427015362688,7.18882083585717e-05,0.0494362922620503,0.113987680391029,0.00311092666357528
"spot_773",0.00745561663778206,0.000631354486985375,0.0024437724005628,0.0547629219127046,0.282618203368456,0.00127514515251789,0.619316420548686,0.0192747825692517,0.0122217829230533
"spot_774",0.00403073065208302,0.00409444142327558,0.00096518236373373,0.0800106682657246,0.0323174190856545,0.00174203086671711,0.713286279204179,0.162360302594423,0.00119294554420889
"spot_775",0.0738958577914226,0.223247335089872,0.0487545548666475,0.0858222091309345,0.0518787023345966,0.00385441460092143,0.401653381582962,0.109786871340657,0.00110667326198663
"spot_776",0.0253909549753087,0.107712567937073,0.0242846186089707,0.0415712607965071,0.269549046351285,0.00375407842663167,0.443830589007254,0.0747381977199769,0.00916868617699267
"spot_777",0.0396008647790752,0.257621777965314,0.0482235206922315,0.061944337840254,0.146863857392375,0.0321307628853431,0.282694810041553,0.0832462378526576,0.0476738305511977
"spot_778",0.0167237748541948,0.158850550055679,0.0446829407438317,0.046928135653422,0.131555446187434,0.0044218816534832,0.390427916937956,0.0743902461129295,0.132019107801069
"spot_779",0.0238031634041551,0.169661211766487,0.0183648477952581,0.240872589977706,0.0943744590098432,0.0201843384877216,0.346053381409211,0.0276624487679931,0.0590235593816245
"spot_780",0.0241023460614008,0.213596356004992,0.106419232391471,0.068580386152356,0.0415272083108999,0.000501337834312506,0.505167922776972,0.0380718362947867,0.0020333741728098
"spot_781",0.00527381587789754,0.00183081952688869,0.00659986009069902,0.206789993876991,0.286327418015626,0.0047097339105516,0.419707938593477,0.010734991153918,0.0580254289539513
"spot_782",0.00166868890214086,6.23378117046125e-05,0.00202367863420998,0.000218914894129726,0.000115925927723566,1.49091669672673e-06,0.921289713987915,0.074610082792965,9.16613251389992e-06
"spot_783",0.0554475694674944,0.310226464853982,0.076996398468252,0.11357216554106,0.236617982200764,0.0140580866265367,0.104389147093288,0.077307410877556,0.0113847748710678
"spot_784",0.0968403894151803,0.116115777830367,0.0710758368759991,0.0823923488866796,0.0634268185981132,0.00768592051479679,0.455301430297308,0.104338861057082,0.00282261652447425
"spot_785",0.0148864084828818,0.00407200914800164,0.00285830117373291,0.0957561261951577,0.0322951555758196,0.00304103103042487,0.788228974827712,0.0473829703022181,0.0114790232640513
"spot_786",0.00664737312386472,0.00342434744305886,0.00530229014059892,0.0170294563504869,0.00926332690349133,0.0002399670760571,0.938281702439538,0.0196467270681969,0.00016480945470734
"spot_787",0.0191706275616846,0.241175548250501,0.0806316937247989,0.104214161334832,0.0143816813076264,0.000910917342745896,0.480294006730206,0.0586267559937204,0.000594607753884667
"spot_788",0.0699533236829854,0.108096684096256,0.0342637230919199,0.0954506322827502,0.236751464444871,0.00738123859757628,0.290243467966151,0.0554819788996738,0.102377486937816
"spot_789",0.0585706666464023,0.00173159407434741,0.00265248817446703,0.0238457462137272,0.0756164503376861,0.0495412997781498,0.660824917875353,0.095685854735691,0.0315309821641767
"spot_790",0.0268595287170274,0.0845441467540051,0.0185914748848478,0.0508555169761915,0.134117032670407,0.152141548277726,0.448762067567501,0.0661902700050074,0.0179384141472861
"spot_791",0.0136385840263624,0.00452922639521317,0.00437046644821846,0.0668858879496546,0.0488289102314127,0.0113019884432779,0.722388785001849,0.0532871802313997,0.0747689712726122
"spot_792",0.0316123711678293,0.00975884882004807,0.00693128313188993,0.0680332522592115,0.0998848202882298,0.026276459706832,0.697727956901897,0.0439187462948594,0.0158562614292032
"spot_793",0.0268271938114125,0.407261626233517,0.0456731211633896,0.0562615457746262,0.0321827142636955,0.000673808372716953,0.390936840766404,0.039552358211668,0.000630791402570326
"spot_794",0.0170691838062825,0.0178372600513541,0.0149048395368225,0.0751553043041803,0.479685542338835,0.0349546602319246,0.296958730924475,0.0552556567915577,0.00817882201456837
"spot_795",0.0308726166683752,0.0624685709392582,0.0169145983628819,0.0637693430828772,0.134145961819016,0.0636380024054055,0.525570720487531,0.0750588910316959,0.0275612952029601
"spot_796",0.0314774656375636,0.205294258825826,0.101462959545793,0.103123213722015,0.194751286037874,0.0114201326837546,0.264131871877837,0.0651220695633569,0.0232167421059799
"spot_797",0.0160342617822502,0.00655033603896423,0.180676027996001,0.0211855955877844,0.259315500001717,0.0579261388309428,0.039632047046331,0.142965893140587,0.275714199575422
"spot_798",0.0430752790060134,0.0073231726309059,0.30031907781088,0.0705345686126668,0.199794087748009,0.00138459862070465,0.264584972213594,0.0932178340913409,0.0197664092658865
"spot_799",0.0560357783394981,0.279503476912219,0.0920709687807739,0.0406764657475965,0.0319556620031969,0.000955307654065172,0.336696298078891,0.161520881657645,0.00058516082611484
"spot_800",0.04550847508142,0.0954250661163093,0.0176833986000075,0.120534617841155,0.034505409790474,0.00213876428277941,0.607111162629342,0.0755244627296225,0.00156864292889007
"spot_801",0.00387222540699695,0.00605095899869195,0.00499303564364804,0.0519098267699422,0.0483349597021979,0.0335887863744709,0.720152685452999,0.125555781311799,0.00554174033925331
"spot_802",0.0350832178813668,0.183693584349236,0.0380743083753717,0.078076859291406,0.0761314732102934,0.0326547445042771,0.436026386248819,0.0679763065257566,0.0522831196134739
"spot_803",0.0441755536106955,0.183312048335042,0.00676476368409183,0.0219235613097339,0.0454195331622183,0.000645219806556662,0.586275177946396,0.108660516983033,0.0028236251622325
"spot_804",0.000986748954718609,0.000769272684910197,0.00131404408819718,0.0162832911399714,0.00450312123927429,0.000200422398276622,0.901528686125988,0.0742434398524801,0.000170973516183587
"spot_805",0.0198425965133592,0.0607851980011305,0.058709653873143,0.0755380290253387,0.0272873968392128,0.00300086235857672,0.681014389829741,0.0725679490368476,0.00125392452265065
"spot_806",0.0360165994139223,0.188055290423611,0.0424141377463556,0.0597877779283008,0.0729789348021689,0.052254240727612,0.496559205342917,0.0360542029042497,0.0158796107108631
"spot_807",0.0393566442177553,0.082079404641036,0.0106643124705933,0.0497600085439707,0.00727451406155697,0.000458168225884563,0.744987353728392,0.0650087777319748,0.000410816378836463
"spot_808",0.0428186457797336,0.280778453344066,0.0965891965153263,0.0550306593303481,0.0445711995773348,0.000737289020266163,0.387596916745964,0.090871462255895,0.00100617743106585
"spot_809",0.0101287781359298,0.0033105681120408,0.00168492990553338,0.0618107223567349,0.172913541050165,0.000418641917193103,0.64260383566917,0.0969856331415895,0.0101433497116433
"spot_810",0.0430921255625851,0.378014958712503,0.0567666782968132,0.0444949662136998,0.153472277975872,0.150682260446247,0.0945328695719114,0.0485022353810176,0.0304416278393503
"spot_811",0.0328045034717264,0.00338848993964183,0.00354996822562848,0.132780867548613,0.0214858834898979,0.00168805019243363,0.775245941909711,0.0275818929027325,0.00147440231961499
"spot_812",0.0258960769097597,0.265630833650285,0.0410285808511804,0.11632317092418,0.0629153524637491,0.00059773505668608,0.425713156190114,0.0601737226320404,0.00172137132200509
"spot_813",0.0522598937766722,0.208828602545921,0.0665274388622001,0.0499540955632545,0.0213349662830888,0.000836901081909657,0.479318465848054,0.120683002934733,0.000256633104167437
"spot_814",0.0127237435450221,0.00385583000812885,0.00668707078422638,0.109686260392583,0.195088852449795,0.000657521918319955,0.628338515197853,0.0278085773892337,0.0151536283148382
"spot_815",0.0337683203163042,0.0999473397514784,0.0185157032891937,0.0561868275803334,0.279150013196374,0.0557955203299431,0.387694027988983,0.0301938286193047,0.0387484189280856
"spot_816",0.0319304218689462,0.329019539102268,0.0114851409795925,0.0550604088817807,0.067214441970479,0.0060354970643393,0.363561486648242,0.129313574340131,0.0063794891442209
"spot_817",0.00848523321581492,0.0067746148116497,0.00821772662806672,0.061523381109792,0.0381431158669158,0.00465126460577923,0.831894281698778,0.0330249478409246,0.00728543422227944
"spot_818",0.0116487951131984,0.132949345073179,0.0332109659000807,0.105721373951674,0.0332585736143943,0.00186171560704279,0.634761988075864,0.0410648678777199,0.00552237478684666
"spot_819",0.0119728820396854,0.0036038361346311,0.00535696105881369,0.0715221305966339,0.0375206259403921,0.00154890535691641,0.852988035712792,0.008278174948774,0.00720844821136116
"spot_820",0.0247485618112266,0.0381826040730149,0.00363059534663815,0.0894926727807357,0.046923915625664,0.0238544536542617,0.724604035606347,0.0390558079985413,0.00950735310357081
"spot_821",0.0679877757414708,0.125612149074052,0.0522679359352936,0.0273509807071762,0.226959317154212,0.00166653731744157,0.329503062666737,0.115674811796692,0.0529774296069251
"spot_822",0.0369405969042763,0.218844622674899,0.0277852833202909,0.0556766825794992,0.0312112199017816,0.00141898144589156,0.578718437476861,0.0469948942032196,0.00240928149328095
"spot_823",0.0560053695683519,0.269919561617962,0.0449486797883762,0.0585913762159642,0.0608208109609018,0.0101523861055649,0.373225562716519,0.1215546826733,0.00478157035306057
"spot_824",0.0237917755058351,0.314780137596192,0.090262525268372,0.0227984573094412,0.0195839200587432,0.014704173421998,0.402258439696153,0.097831168950864,0.013989402192401
"spot_825",0.0422639719565197,0.103352048274013,0.016286916782594,0.104848986563054,0.0715053946885616,0.0339343314969588,0.555292835777433,0.0545184488253654,0.0179970656355012
"spot_826",0.0344790249100724,0.0735000939833489,0.0148770655697862,0.0664990000322946,0.0681650067368407,0.015750510192049,0.609317890613991,0.092122174959657,0.0252892330019605
"spot_827",0.0309367369916119,0.336646071024048,0.386139469689325,0.00175471863828383,0.00308326364335536,2.22528161355352e-05,0.0589752090230742,0.182427072733462,1.52054407043168e-05
"spot_828",0.150520955597947,0.0146592322768278,0.543380224827199,0.0364414789435493,0.0424566553441478,0.000513896521736853,0.156281090500069,0.0554625013609997,0.000283964627524596
"spot_829",0.00724517560609862,0.000532421332917403,0.00238918405854641,0.042461336247761,0.422886317112145,0.0171866621928843,0.000746414693460551,0.0198484454530291,0.486704043303158
"spot_830",0.029705233435078,0.087834286848864,0.0239679187112601,0.0756034513840695,0.0492207841779664,0.0174317463941543,0.640832610927866,0.0663607535244574,0.00904321459628465
"spot_831",0.0251676165299046,0.00166031099331975,0.00171974064300454,0.0227890904029912,0.00940293519510308,0.00241520524217672,0.802260081673162,0.123833960470649,0.010751058849689
"spot_832",0.0581909621028653,0.252572375524041,0.051955898939525,0.0514154522782677,0.0360056683581166,0.000256181151544352,0.48547697665191,0.0633751586192126,0.000751326374517523
"spot_833",0.0392967457523045,0.245641422591811,0.023480518155199,0.0725643333513609,0.181074206766773,0.000238372858021797,0.329559318251981,0.106429126384326,0.00171595588822249
"spot_834",0.0677886019671403,0.181073858757128,0.0740428838699234,0.0443758875477506,0.155248819104109,0.103457760544285,0.26980420729477,0.0763449142217969,0.0278630666930962
"spot_835",0.0747581666477177,0.0027059864592225,0.0124616457093852,0.0541481532047008,0.0366936715739169,0.000211064110668992,0.814122468640265,0.00399938524233613,0.000899458411786684
"spot_836",0.0378835362638051,0.155168520894825,0.0335330453689101,0.0853084865227604,0.118864566649131,0.0313869632775511,0.440495729674328,0.0511371000244381,0.046222051324251
"spot_837",0.0131017149763658,0.00942713019081881,0.00360875029928217,0.105791055087628,0.261422612110026,0.0715261259339337,0.425113338306601,0.0374204464048649,0.0725888266904797
"spot_838",0.0166045585869086,0.0138156034121215,0.0108835587180117,0.0680560012609812,0.382971869753034,0.0803564943285457,0.378015073585562,0.0180222606482547,0.0312745797065813
"spot_839",0.0583260980597626,0.160292431943231,0.0275365377046965,0.0663093934813779,0.0254414464183103,0.0140054611801235,0.574562663560337,0.0577618573567187,0.015764110295442
"spot_840",0.0342758926998796,0.106554441847727,0.0162218051129563,0.0818856579459398,0.219106597576206,0.000990319063049234,0.488165580318722,0.0508385789993668,0.0019611264361531
"spot_841",0.0537306092956964,0.0984239221381163,0.0183000946026795,0.11199106538036,0.141197016682737,0.098924696681904,0.324330928526101,0.0514786065511592,0.101623060141246
"spot_842",0.042139819458123,0.127809071771627,0.0296047062409632,0.0873196735772963,0.126577741583924,0.0014442560039271,0.538088716467769,0.0400735673661047,0.00694244753026512
"spot_843",0.0604761809860505,0.195542848264772,0.0366476668327214,0.0609286830539771,0.135851021742284,0.00166126672016315,0.418180207791946,0.0878751438105779,0.002836980797509
"spot_844",0.0333175818097221,0.0552289228753279,0.0152288616448151,0.0896689516906006,0.0695776361299713,0.0138134904619553,0.628134370796822,0.0623852930401783,0.0326448915506073
"spot_845",0.0238760571607856,0.0970403482907274,0.0398415771180982,0.107927649535177,0.206760301206251,0.0218530444979082,0.372267448332025,0.0938037382008976,0.0366298356581299
"spot_846",0.00563823579819104,0.00770363888200276,0.00249688094838469,0.141150816901564,0.00818074822796549,0.000657098206947521,0.738901896541074,0.0946318884216322,0.000638796072238046
"spot_847",0.0167168331315522,0.157322951380157,0.0234599023743638,0.0588896728398581,0.0324663185078319,0.0576148936561059,0.586162209495161,0.0488694478964106,0.0184977707185595
"spot_848",0.0438478392571738,0.00114656532375624,0.000528646814623947,0.00327037160236533,8.37188087529883e-05,0.00137548172877477,0.860029567245731,0.0648184247520208,0.0248993844668014
"spot_849",0.0238442443776076,0.00244700794037972,0.00272846396062469,0.0836124585269261,0.0290278413847425,0.0128288438061483,0.728165795212946,0.0604728586652462,0.0568724861253785
"spot_850",0.0164324940679361,0.00752100866726869,0.0153897792363132,0.0908600716377372,0.239256734732669,0.000518716967861118,0.625466461948453,0.00246497518975738,0.00208975755200482
"spot_851",0.0121283616096269,0.00448768847636845,0.00372645057978395,0.126626095878449,0.0110629795305961,0.000598764064680851,0.804816648454447,0.0364492921474051,0.000103719258643009
"spot_852",0.0438251209494377,0.0912699975908443,0.0192915419702825,0.0375658487756152,0.249462591722677,0.0308057553047503,0.417119274348655,0.0578634001975331,0.0527964691402052
"spot_853",0.0746293955890088,0.178010014711669,0.0465914262698794,0.0891764491480382,0.11646868715552,0.00108007844961979,0.381734200690165,0.109986950678093,0.00232279730800701
"spot_854",0.0450377657570117,0.10066338548568,0.0309926546702716,0.0775681148116521,0.0504196676350423,0.00243274958980953,0.633384640237562,0.0568740702512469,0.00262695156172331
"spot_855",0.0606297043036553,0.0664644912438167,0.0213457044173409,0.143309413440208,0.164387321596779,0.0238295358166175,0.422806526351579,0.0599100702157377,0.0373172326142671
"spot_856",0.0428187024484434,0.0756289750837329,0.0107290403819199,0.0701919602716869,0.100800198147446,0.0572377443209796,0.536505898944861,0.0507248359113441,0.0553626444895863
"spot_857",0.17975155196283,0.328201598581688,0.160118665313165,0.0585194157351911,0.0671873832879515,0.00152928337772782,0.0966227505982121,0.106884366004839,0.00118498513839616
"spot_858",0.0855394132929298,0.0276498690310843,0.441961791641206,0.043202404189694,0.127146371679118,0.031777752591688,0.0580489092048014,0.158650987949179,0.0260225004202996
"spot_859",0.0737525016519359,0.0346477110738121,0.291784578797866,0.118769832370879,0.207285764453931,0.0394665419411007,0.0683544086996662,0.116596772091387,0.0493418889194214
"spot_860",0.0107223109874801,0.000108379243993902,0.00381166778614227,0.137805615384538,0.234428974025878,0.0115597615503029,0.180712179004805,0.0018660118538481,0.418985100163011
"spot_861",0.0402986369334838,0.263444443273686,0.0522837373108804,0.0775605627810657,0.0591242143544014,0.0012404814738842,0.386063488911751,0.119843306870218,0.000141128090630112
"spot_862",0.0352207551856022,0.232657062578138,0.0263679692142452,0.087188169871384,0.0747723862865952,0.0256808337216835,0.392913915457477,0.109412642226554,0.0157862654583202
"spot_863",0.0308346537025628,0.202482434588732,0.0458252738453571,0.0506653767359644,0.236997861764035,0.00228076471822197,0.311556703428166,0.111298517413569,0.00805841380339225
"spot_864",0.049250200139495,0.0933426891855788,0.0871014867122489,0.0679244186708816,0.159595500113404,0.00273792948096723,0.41463547106998,0.101446779471433,0.0239655251560118
"spot_865",0.0396144800122084,0.193868127834985,0.0347378144768094,0.117387603975999,0.0235238457969595,0.0359711661716399,0.479980715484532,0.0397553511166517,0.0351608951302156
"spot_866",0.0534113053228927,0.151942770240114,0.0371627146054408,0.116737361568059,0.085135146406168,0.0525552920838558,0.430523195030629,0.0478363245508696,0.0246958901919703
"spot_867",0.109784541817998,0.206617315244908,0.129373186629414,0.0299095344563757,0.328259520802792,0.00281236115205582,0.156461333055083,0.0234173343246093,0.013364872516764
"spot_868",0.0255557677805951,0.176716872031575,0.0320441445048143,0.07434157110354,0.0243273414457885,0.0010215748170132,0.547536084783087,0.118339323309777,0.00011732022380995
"spot_869",0.0248372186005963,0.145423682825157,0.0496186502339823,0.0449659462896511,0.292154089054688,0.000392163866064553,0.398093166809682,0.0343297728091577,0.0101853095110208
"spot_870",0.104618037980647,0.243825300693431,0.04942856191765,0.0970173633611847,0.284000427533443,0.0282778808663384,0.0718894535499052,0.100845137928615,0.0200978361687853
"spot_871",0.0542123090280402,0.101313116891991,0.0144572920880203,0.0691606935815545,0.0964915567871469,0.0327445606406658,0.509308500750474,0.104607489005731,0.0177044812263765
"spot_872",0.013687889830041,0.00943304735657489,0.00324965516719146,0.0520666470966983,0.0644807113513939,0.0352081474178165,0.75058304165281,0.0509590597635532,0.0203318003639203
"spot_873",0.0297305981717541,0.00303683159882156,0.000857253558037896,0.0969393255951828,0.0721354106029715,0.0113439869162665,0.523659307571745,0.077565423059521,0.184731862925699
"spot_874",0.0283859503051328,0.0938153852807432,0.0276213534917791,0.118976226934223,0.210897768259328,0.00193080818381813,0.434201998388264,0.0346099327950755,0.0495605763616364
"spot_875",0.0130404825164798,0.31817434563082,0.0427445990043451,0.088697414312881,0.0687815682245572,0.0024659106722235,0.321350317426375,0.128913018196698,0.0158323440156209
"spot_876",0.0519922326618954,0.00696091769653645,0.0044696340458534,0.0532314105917548,0.289482694459521,0.0753222884294336,0.420130162930248,0.0186689749878762,0.0797416841968811
"spot_877",0.00243273766092072,0.222399384004577,0.00349377715175347,0.0766372849691516,0.0290484930137247,0.00710194679306954,0.572909327322824,0.084134722407318,0.00184232667666131
"spot_878",0.016700324607984,0.115717354805409,0.0220569544028296,0.132389889669417,0.0508162432057732,0.00134343999135762,0.581330925715881,0.079215207810421,0.000429659790927357
"spot_879",0.0647634809041468,0.237624197923904,0.0937746546203599,0.0497370796128173,0.0388921883709522,0.00127000032337671,0.378097979426366,0.135563131560345,0.000277287257731081
"spot_880",0.0290194909496643,0.148221771256922,0.0230045994095056,0.0558948993383736,0.254082402690321,0.0392209201980513,0.347065601683513,0.0767476263445931,0.0267426881290561
"spot_881",0.038610432315212,0.219196844523529,0.0429682642435973,0.0971172605572902,0.0870130454454066,0.00701359812631717,0.438131950817192,0.028539798077245,0.0414088058942105
"spot_882",0.11496992429401,0.615596698334482,0.075676637894994,0.0226549984520683,0.0218799176332522,0.00144523286667595,0.0917122399607527,0.0552036247058021,0.000860725857962603
"spot_883",0.133372242023841,0.283428668659868,0.0712657712505465,0.104361728066803,0.108107156487759,0.0749967091158162,0.0995225054047795,0.105091787532163,0.0198534314584242
"spot_884",0.056717272147266,0.00583932005427057,0.00511679632817308,0.11765167526558,0.0225443080286381,0.00120786036843406,0.759894919587913,0.0304832665333952,0.000544581686330048
"spot_885",0.0117933669216137,0.00382200742258833,0.00448591758498982,0.155303011407982,0.215153853296058,0.00203597595231908,0.549255211675155,0.0469000643393988,0.0112505913998949
"spot_886",0.0126674498957113,0.12276945041252,0.0311567684165483,0.0675185087402546,0.197443091461327,0.00124876567975426,0.447450869821727,0.113424185685698,0.00632090988646002
"spot_887",0.218648997741281,0.283672960967108,0.0517846331129568,0.0474420419815239,0.0529897555245307,0.00157549379484198,0.283202330849267,0.0598742190533276,0.000809566975163635
"spot_888",0.0742366604289084,0.00397637652939635,0.0512580384202411,0.0271495688195588,0.491972186590658,0.0406272949678861,0.213636288642109,0.0135732046793566,0.0835703809218858
"spot_889",0.0368842233898787,0.00900386056478793,0.306381267363974,0.0731454726950525,0.243650999128394,0.018126731203102,0.0521331951638317,0.121257131026084,0.139417119464896
"spot_890",0.0281714929545116,0.0957071382754449,0.155861774735047,0.103226817334991,0.0568461786876306,0.00359333199312891,0.433725554060934,0.122114875217549,0.000752836740762015
"spot_891",0.018053129361997,0.151455321217955,0.0512693637105022,0.160226279157348,0.0735961980268985,0.00959506264470153,0.474779068260016,0.0587007742567952,0.00232480336378642
"spot_892",0.0124880129151284,0.0020516394196471,0.00182804737304807,0.0824568123531815,0.0774379914463261,0.00362456995988287,0.689296355769534,0.0421045424612491,0.0887120283020032
"spot_893",0.0536648828157758,0.469898498727944,0.167221048986078,0.082736247425147,0.0354359532418709,0.0015004254973934,0.0674655258118296,0.122028757762581,4.86597313801199e-05
"spot_894",0.0403117908284404,0.216785932094204,0.0572762638720315,0.0752975676437309,0.250216985756911,0.0121862127016628,0.226681657180169,0.0984445593379066,0.0227990305849436
"spot_895",0.0690428988063386,0.184452190251003,0.0839572184712093,0.0918262611112605,0.0700597532671118,0.00100880608277855,0.449607049862272,0.0495099354608289,0.000535886687198059
"spot_896",0.081999864582363,0.592231450354321,0.0895081843005556,0.0247196052427938,0.0111019874649975,0.000241916746756826,0.0718139511357027,0.128220493077044,0.000162547095465782
"spot_897",0.0714511337928064,0.508890960900744,0.0789078170147462,0.0845591585698015,0.053579398614711,0.000294015480913694,0.0565180675524517,0.145651468593216,0.000147979480609724
"spot_898",0.0512834318702164,0.24929695397949,0.0457828315823557,0.0618721471256675,0.130690988076071,0.00239718557402252,0.321136680512437,0.114940796993236,0.0225989842865046
"spot_899",0.0553022162946015,0.125070863189718,0.0250872248029514,0.0254122538509981,0.0326824140408074,0.00123962762849877,0.669057205143993,0.0652211069329532,0.00092708811547852
"spot_900",0.00124872035083405,0.000462099554723652,0.00258336162855588,0.021757187460057,0.166466570457357,0.0002622905355057,0.713847480813518,0.0172912888854687,0.0760810003139794
"spot_901",0.0638193163648054,0.0615932142624368,0.00597668886134896,0.0820203675988035,0.144509992845837,0.0011177856840055,0.570937911769963,0.0646712017396626,0.00535352087313711
"spot_902",0.00446389238065242,0.00342300438113681,0.00188811719145462,0.0896372548449996,0.0239184927617911,0.000762093545607662,0.758666926198273,0.116723905466642,0.000516313229442872
"spot_903",0.0208247012989415,0.005240386966873,0.00332674513786106,0.0713053048281165,0.0352781543155344,0.00569078763641081,0.77338526100705,0.0596101135202469,0.025338545288966
"spot_904",0.0492376031079329,0.183374703335207,0.0413591973762829,0.103398390095573,0.0792695519389699,0.000457535374533919,0.45312612903658,0.0885830152338421,0.00119387450107841
"spot_905",0.0209106828072966,0.0806490864983328,0.00907747080837976,0.0782169900626498,0.223869870385851,0.0860850881769761,0.424649844367208,0.0483370662455183,0.0282039006477883
"spot_906",0.0932410798912361,0.119408382597553,0.0229109593198283,0.0217932119581406,0.154273126906047,0.0959639596169011,0.338710167052036,0.0703848761327407,0.083314236525516
"spot_907",0.0436434671140686,0.17955581004693,0.0415664278249648,0.0846706219887835,0.170194804931201,0.0277626772439023,0.323787890084263,0.102965436620566,0.0258528641453204
"spot_908",0.00880615399002617,0.00697987948347615,0.00770047971378744,0.0266583432391759,0.153099364994864,0.0598026128880309,0.641199327340382,0.0356176062738972,0.0601362320763597
"spot_909",0.0428740758413631,0.16130299884647,0.0400244662850546,0.13135218652842,0.0826435219000303,0.0302566642749369,0.428467793951455,0.0774248448587699,0.00565344751350035
"spot_910",0.0238379893219895,0.143112734656602,0.0198749781553389,0.0742371822902387,0.0718656251650464,0.0214132616362644,0.535100916111264,0.0503599907716382,0.0601973218916177
"spot_911",0.048343884780458,0.00613371424712151,0.00328021648757078,0.128596282573784,0.0878370879913391,0.0308680357405538,0.622783906549397,0.0257948162583381,0.0463620553714368
"spot_912",0.030192592589548,0.304137294292066,0.0548127327775958,0.143418436065909,0.171316328435431,0.0891224023577056,0.132114773026902,0.0596840552082463,0.0152013852465962
"spot_913",0.0406346613300009,0.365458133661933,0.0782037450613024,0.0870696199382103,0.0535231976173338,0.0048896582124773,0.217451604619138,0.151271619583452,0.00149775997615207
"spot_914",0.0303006588342308,0.183919531696878,0.0270418172575806,0.0783466374481641,0.0654339288698158,0.00291867407640284,0.487305498118814,0.117075094236062,0.00765815946205241
"spot_915",0.038924173935633,0.110827497588055,0.0177956139228923,0.0848817181863707,0.0441317424529131,0.0265173229501922,0.621337329581161,0.0431144035322448,0.0124701978505383
"spot_916",0.0288092597235699,0.0881647389563952,0.034570457417967,0.123591833478242,0.0737060857165639,0.00867184733356424,0.607799811734903,0.0297969227756158,0.00488904286317865
"spot_917",0.00996848268224755,0.11753135079807,0.00424184555060234,0.127774372889817,0.501316877074792,0.0829755904343482,0.0992546123934619,0.0438024247613812,0.0131344434152795
"spot_918",0.0289039875048238,0.0363710850905443,0.187136728287774,0.0245736826919991,0.177967813168578,0.0552749870784473,0.32198377227029,0.0452346822014265,0.122553261706117
"spot_919",0.122926603749646,0.0295550437131975,0.396084474687503,0.0150032248769284,0.208007086914365,1.09799897132296e-05,0.184034502818604,0.044255004189872,0.000123079060170399
"spot_920",0.0170152189208565,0.00693769201235884,0.128210311185623,0.150250976541802,0.253415578044455,0.0590007258683823,0.296825876522187,0.0553096271699747,0.0330339937343608
"spot_921",0.00290403682796779,0.00325453254967116,0.00195361375920899,0.132820977838751,0.0891775760771309,0.00350757715827077,0.722233216349456,0.0418262113725655,0.00232225806697728
"spot_922",0.0333401648453394,0.162843576936051,0.0564182534901388,0.0612620667069467,0.187668740840983,0.138365118160808,0.239828047450169,0.0700081492381813,0.0502658823313828
"spot_923",0.0237363940686264,0.00187395733716468,0.00515389999294365,0.00299673541081979,0.0172966705473563,7.8601660673254e-05,0.860089138390746,0.0876754824488424,0.001099120142828
"spot_924",0.00675125102993984,0.161027266152067,0.0114084455750478,0.0437036979890382,0.186628923426012,0.00015375381939698,0.469558319193983,0.118510701982019,0.00225764083249574
"spot_925",0.0307984423115636,0.0800038673461075,0.0108734007074102,0.080653049143692,0.0295152408711715,0.000957006163929688,0.702659505822503,0.0632939334365294,0.00124555419709289
"spot_926",0.0290235696341778,0.108686730496147,0.0341759689335993,0.0427142875045885,0.0339328100972156,0.00278432505881478,0.680446804556301,0.0651424743761041,0.00309302934305212
"spot_927",0.0247124440036385,0.00623767137564454,0.0055218431009366,0.0941253325277623,0.031524613614567,0.00300690278609645,0.778498637965211,0.0497698929320783,0.00660266169406519
"spot_928",0.0549242851692115,0.168795176247368,0.0431165608906072,0.0716352417044621,0.246986215762768,0.0341229355947766,0.281375092416814,0.0361908457536281,0.0628536464603643
"spot_929",0.0335541147263909,0.00547690901652508,0.0022696105319557,0.113089206360849,0.0243473112231856,0.00132554054081279,0.796029551739057,0.0232545692371652,0.000653186624058924
"spot_930",0.0297841008781,0.00487497895101834,0.0034817191180254,0.0868789610237931,0.0436347999771976,0.000947390828616766,0.789936097138345,0.0365919658186637,0.00386998626624041
"spot_931",0.032239426363587,0.106031960556289,0.0276914063736472,0.0365489548391546,0.0942598554193851,0.0110565802730466,0.537065155301804,0.0911102353767786,0.0639964254963077
"spot_932",0.0286871565726031,0.000536250871961473,0.000773111412047604,0.0152005509562412,0.17578652832842,0.00582451048362038,0.597243392722376,0.0781370558282698,0.0978114428244605
"spot_933",0.0147492300283165,0.00100475113733638,0.00584998635231474,0.0527372567221498,0.300195214789709,0.00643632870698771,0.518837758824372,0.0324048174841938,0.0677846559546197
"spot_934",0.0198122824292378,0.0128219806029006,0.00505694233532348,0.0971481505818854,0.39965585298729,0.0830484096143039,0.0466847434311097,0.0577833990722496,0.277988238945699
"spot_935",0.0393801748269787,0.103817602522965,0.00395962016477,0.141181160082372,0.256475803425529,0.0604373115032283,0.28541923641462,0.0553699898439771,0.0539591012155607
"spot_936",0.0313682882900058,0.0172338528687026,0.0161652148269989,0.0705230365181748,0.19276780448606,0.106763947539213,0.471426520348946,0.0609758739916919,0.0327754611302069
"spot_937",0.0294358917534586,0.00666044490157818,0.00395110827183393,0.0343757844561758,0.506410231685826,0.0400768995547016,0.282564132949666,0.0333979863342131,0.0631275200925465
"spot_938",0.0828970810162805,0.00702318783972889,0.00763516769413906,0.0836611137193719,0.302428563043612,0.104252531938194,0.28416766548992,0.027224389844545,0.100710299414208
"spot_939",0.0248390035379225,0.00497910825776754,0.00713520224681735,0.0368800838501224,0.301018452558932,0.0665335400524378,0.471809890394019,0.0522145373874128,0.0345901817145688
"spot_940",0.0271929665117084,0.278770332953336,0.00805092818065473,0.0776798366034642,0.0450515095765037,0.00119916257919193,0.505388225426155,0.0539677289207412,0.00269930924824419
"spot_941",0.0749647725867571,0.331112480296562,0.0691060682055664,0.0423841984548711,0.073069074631991,0.0512303057591802,0.257586037868626,0.0928037639616041,0.00774329823484172
"spot_942",0.01879402176912,0.203759397163568,0.0507790569643232,0.0715874976787676,0.149977823708152,0.0017711776555281,0.410589749647746,0.0852138710513453,0.00752740436144977
"spot_943",0.00830466829560498,0.000825084570467225,0.00759903899676688,0.100464102753142,0.401646228646628,0.00120515037384768,0.399577021496534,0.0395817385078562,0.0407969663591526
"spot_944",0.0190469093074024,0.184425148917834,0.0446751395717311,0.0770857485379986,0.035004846139407,0.00137939120331758,0.551604875756297,0.0844558879741739,0.00232205259183845
"spot_945",0.0232794530008378,0.0694141672998486,0.00972630829360023,0.0432986303140458,0.0149143463670318,0.00104004294616863,0.783037152613646,0.054576075897045,0.00071382326777609
"spot_946",0.0445994986311938,0.136234240854377,0.054577951121826,0.0942263625345485,0.0301527486314856,0.000971548021774952,0.485317879604713,0.153743195977359,0.000176574622720814
"spot_947",0.0745853466529293,0.277682692848675,0.0705173373368801,0.0546240269420674,0.0583749474140402,0.0549191524676004,0.250359664853267,0.147638490604057,0.0112983408804827
"spot_948",0.0373286757005507,0.00434398123698846,0.0011720421635658,0.0288057161223161,0.313080680959177,0.000448638428635752,0.496169482596158,0.103257929565866,0.0153928532267425
"spot_949",0.0485696937158457,0.0511056300586043,0.161745327289942,0.118186569107001,0.0671629549645329,0.0292998923588239,0.42559813943036,0.0860434404083326,0.0122883526665586
"spot_950",0.0172070804129634,0.0778917610947117,0.0929045219929628,0.0783241994426093,0.167817668597907,0.000805220208813242,0.482512097311765,0.0787025188593146,0.00383493207895296
"spot_951",0.068934980081493,0.233965343061806,0.00717265222237443,0.081227655549553,0.0358254835628371,0.00427048667778305,0.423306158962091,0.142555592908552,0.00274164697351113
"spot_952",0.062267544817239,0.196100535980987,0.0815520843677877,0.102708202888799,0.114367848831709,0.00215807798104417,0.378926734892026,0.0608345213540636,0.00108444888634466
"spot_953",0.0841373823433971,0.0918452598769165,0.0389555756159583,0.0189543542494709,0.150997567037685,0.00335639869665529,0.502555078582138,0.0975153108184523,0.0116830727793265
"spot_954",0.0760371445657621,0.200316313934557,0.0732901229308174,0.0933826710102282,0.122514053626463,0.00122206662284403,0.305105402759737,0.123546072522328,0.00458615202726334
"spot_955",0.00988356355199827,0.00191935877382619,0.000941206563238907,0.193639635052541,0.0434343885319841,0.0119647841610075,0.560525245815696,0.01551288448414,0.162178933065568
"spot_956",0.0335329835512227,0.115511924979145,0.0311609281632769,0.0465547597668075,0.0473642130132499,0.0014396078189978,0.679428769678699,0.0417951058401499,0.00321170718845118
"spot_957",0.0375939771862698,0.05716815265153,0.0172084750913275,0.110642310366568,0.0554916019132183,0.0019385231347488,0.627228420310091,0.0657927506658271,0.0269357886804197
"spot_958",0.0781808874703631,0.350894463732246,0.0540873616607941,0.0757880623665184,0.322202650451155,0.00184665203074861,0.0489857679377826,0.0603224154373284,0.0076917389130633
"spot_959",0.117140497214812,0.259176473490375,0.0380582265190197,0.0971581543450246,0.032358685617472,0.00482560443083085,0.334878163081535,0.111160720955795,0.00524347434513587
"spot_960",0.060105163768804,0.214216719743037,0.0780594214822588,0.0750044113667894,0.0528261869220894,0.000658094027400661,0.436007623047281,0.0826255666420225,0.000496813000317162
"spot_961",0.0241502928397458,0.188545437713694,0.0322702907340649,0.0800837936719856,0.112675668942124,0.0618430935761326,0.384799991542201,0.079322768414619,0.0363086625654317
