"","CT1","CT2","CT3","CT4","CT5","CT6","CT7","CT8","CT9"
"spot_1",0.381697350622387,2.2988221280196e-15,0.0887423574400796,5.14527267701627e-15,7.26968425700853e-15,0.339765469247877,1.7720300347535e-15,0.0855242395111385,0.104270583178501
"spot_2",0.359238470639494,0.106560077422455,4.42748507270324e-15,0.2443024147223,0.000938565565429034,0.0930159798829542,5.0965589520816e-15,0.195944491767357,8.92932269138291e-16
"spot_3",1.92468082758846e-17,8.4930262987457e-18,0.748263974010064,2.28986152176542e-18,6.21124139114712e-19,0.23570566665271,6.82344560121597e-17,1.49030653276055e-17,0.0160303593372261
"spot_4",7.00377927250634e-15,7.36965736284623e-15,3.35820131548657e-15,0.339488507041071,0.112192657393122,0.258705853105707,0.262402689111478,1.00920238034219e-15,0.0272102933486025
"spot_5",0.306296503603302,0.0670112823737727,5.81590520830849e-16,0.1573067685769,0.267850147022527,0.0399010045913672,1.25657199160716e-15,0.0479187047453876,0.113715589086741
"spot_6",0.662537274927558,1.37782558240798e-16,0.0485442568521674,1.16901488560517e-16,1.72287963118785e-16,1.45215272530356e-16,0.253323777483935,0.0350066850130778,0.000588005723261355
"spot_7",0.081778254099139,0.00138389403921651,0.0947388841832369,1.44153571534289e-12,0.0583096818151749,0.200422833529893,0.197291715011296,0.125375077744262,0.240699659576341
"spot_8",0.227845514363014,0.114641446999923,0.130523817807961,0.148589687190669,0.0274362912172324,0.154101727167533,0.079967214807476,0.0590492111043477,0.0578450893418442
"spot_9",0.484000779839941,1.3451317042182e-15,2.22144413542324e-15,2.56846868391383e-15,0.100076351700331,0.228188907551556,0.137805659562957,0.0239418286823965,0.0259864726628133
"spot_10",0.528851166703963,1.2766088592398e-15,2.01603255697805e-15,0.181966731097353,1.90759091631422e-15,0.0967633524366759,0.0114776307258842,0.0296960727309195,0.151245046305199
"spot_11",0.097106916055938,5.63426622974433e-15,0.00339524242649444,0.0123445145668049,0.284600780454475,0.292351007847559,0.0791796476993129,0.0516559300353614,0.179365960914049
"spot_12",0.255106390398207,3.30412137685683e-15,3.24384512954118e-15,2.8821902478315e-15,2.87131864369574e-15,0.591155234373886,1.42964683583582e-15,0.147956354581048,0.00578202064684562
"spot_13",0.0925559091262035,3.78968259211572e-15,3.91764196451671e-14,0.20558598849887,0.055970172811588,0.00261917786184389,0.190123286240392,0.131127818285375,0.322017647175684
"spot_14",6.79097250172734e-15,6.18126903100523e-15,4.0916271204085e-15,5.13063247903123e-15,0.59330598829073,0.283219653297741,4.48696305081416e-16,1.67522908994449e-15,0.123474358411505
"spot_15",0.34937914049419,1.95624984199989e-15,0.115611235181278,0.333551101788965,0.022978542196543,0.121775358309616,0.00558732947512485,0.0359286514970933,0.0151886410571883
"spot_16",0.511466693364728,0.0111281074010397,0.0701655963032488,0.189513363564751,0.11243282404464,0.0126063310606211,1.20411232847201e-15,0.0404257791517555,0.0522613051092148
"spot_17",0.115104436940567,4.3067880940637e-11,2.71866839475752e-14,5.76408632411455e-14,5.52579362274391e-14,0.489418648653476,7.26468278638776e-15,0.310324834977594,0.0851520793851472
"spot_18",5.01750169504183e-15,0.0367932216189917,0.16084214784062,0.264405825323167,1.48453311846547e-15,0.507434244952357,9.15239424429115e-16,1.28105707009264e-15,0.0305245602648552
"spot_19",0.455079909519977,0.186416697680919,2.20845429543742e-15,3.47227712822796e-06,0.0214135197715384,2.17931408558491e-08,0.0981234459363957,0.140036841375445,0.0989260916454536
"spot_20",0.0194851954195844,1.81580606693726e-14,3.96498426560877e-15,4.29385798646916e-07,0.424918505719296,0.207501188202316,8.4253122531731e-16,0.182797646980766,0.165297034292216
"spot_21",0.255552596355702,0.00959134239031208,0.0269684605982303,0.219603323654343,0.0341864621782331,0.148301875448045,0.105910063297743,0.054629266296925,0.145256609780467
"spot_22",0.372975999105833,2.32695164351205e-15,1.05711358908387e-15,1.77056353217775e-12,0.218208777480666,0.15519777467773,0.00210865995590378,0.118527008041194,0.1329817807369
"spot_23",0.153789157424042,0.169412709653292,1.33359563599921e-15,3.85530033108281e-15,0.259859106657866,0.126339331635525,0.0988007379744133,0.0874382886823991,0.104360667972457
"spot_24",0.0164651116339809,0.0244575117440984,3.95764206274435e-13,0.0164779319454265,2.83693631273502e-14,0.424104665681358,3.24086259585827e-09,5.73873233707453e-15,0.518494775753843
"spot_25",0.215734077621776,0.0253707531773648,2.26021049044837e-14,0.104818666518224,0.0867888350346591,0.19217264391367,0.122187552014753,0.0867391790800525,0.166188292639478
"spot_26",0.657681972933088,8.7981557715336e-16,2.41350018165291e-15,7.62385566583114e-16,9.24998895135191e-16,0.218760893746349,9.86154175463645e-16,0.093855678111442,0.0297014552091148
"spot_27",0.621298942826074,0.0321659059500743,4.11355912561311e-15,5.03092939802668e-16,4.16757002202635e-16,0.204408181208342,4.29041255901548e-16,0.0209176559542781,0.121209314061226
"spot_28",0.14053817814986,2.43663285160961e-05,0.110293292835082,0.267746261456782,0.00403835496750875,0.199215487901655,2.42328239811532e-15,0.122449151695303,0.155694906665291
"spot_29",0.0468753085108849,0.121862313136779,2.78963263061746e-15,0.02018063894604,0.316363085024977,0.142116486105636,0.0336355034022028,0.0582864920457294,0.260680172827748
"spot_30",1.15568518253494e-14,1.19234633290569e-14,5.41965634186711e-15,0.100255600053985,3.65401173825706e-15,0.282376063671316,0.601464112589756,1.79930631330492e-15,0.0159042236849087
"spot_31",0.341904655088364,0.162328707184183,0.0226438449542385,0.0475495554669424,0.00134373157352389,0.175139306600352,0.11938713179895,0.00552438982018442,0.124178677513261
"spot_32",0.0867810453104888,0.0373700239998881,0.0346133694149767,0.391671435879397,0.0770371162635486,0.102454487545003,0.0940420608983881,0.109436714327674,0.0665937463606355
"spot_33",8.14835858485919e-15,6.97146996651799e-15,8.28045472758511e-14,0.00542384093495557,0.257726657844341,0.521270665136606,0.0999197160996105,2.02509415590486e-15,0.115659119984387
"spot_34",0.150425190360059,0.0280886920072269,1.62505656070008e-14,0.0129846047602349,0.273851493674163,0.290877843644308,0.172916588574194,0.0256771852992672,0.0451784016805292
"spot_35",0.749885547616496,1.04144252033702e-10,3.94117804025385e-15,1.90139581085877e-16,1.49962112485785e-16,0.212432671485895,0.00112080056757897,0.0365609802258817,4.97428590482491e-16
"spot_36",0.000302776912152253,5.39999188056977e-15,2.99649210085928e-15,0.645020122111944,0.029129197766946,0.315975519349053,4.55937595417525e-14,5.88709740010684e-12,0.00957238385396377
"spot_37",0.16063651772582,4.33220928422508e-15,1.01784915899959e-15,3.55303224170691e-15,3.17467049042974e-15,0.0209750333169629,4.07002590325804e-15,0.285013900039375,0.533374548917825
"spot_38",0.587017958824597,1.26483739604044e-15,0.0319010642991697,1.66043600407091e-15,0.0280851535906479,0.103838785355036,3.79030998057694e-15,0.195708290702012,0.0534487472285301
"spot_39",0.178483887126598,1.44434086068189e-06,2.13533004222454e-15,6.34007969675124e-15,6.57335278999744e-15,0.736922040972776,1.35438525233188e-15,0.0749461821120141,0.00964644544773527
"spot_40",0.358328349729503,0.0059208981130785,6.73869976539632e-15,0.34229559534074,2.71315177240086e-07,0.0717018890190362,0.0881896927470036,0.0630811449804301,0.0704821587550253
"spot_41",0.619815132273465,3.69370149194176e-14,1.58905838295817e-15,8.42199237077906e-15,1.14618029073191e-14,0.1589320331734,4.03391685128152e-15,0.120949311882808,0.100303522670265
"spot_42",7.59224611917386e-15,0.110880877808341,9.14930458012701e-15,0.298546953355146,0.439525177043365,0.116500842263529,1.595832597369e-15,8.99254171662677e-16,0.0345461495295995
"spot_43",0.243193914672378,7.5144359892633e-15,1.64758765909033e-15,1.88435923639049e-14,2.13829578158247e-14,0.38894757845782,4.0475430313716e-15,0.266660386901667,0.101198119968082
"spot_44",0.772865594872462,4.85598090217582e-16,6.95094053803336e-16,5.0448516934691e-16,5.15279876495437e-16,1.03831980611108e-09,5.083728735356e-16,0.146508913579074,0.080625490510142
"spot_45",0.563077729924835,2.98684168463491e-16,0.237184400577309,2.0300847048353e-16,2.15681697734599e-16,9.38132840798764e-06,0.122740277710666,0.00988232221353085,0.0671058882452502
"spot_46",0.336382068216432,1.50501478445404e-15,2.76503092546265e-15,4.02375207651096e-15,9.77638430159237e-14,0.000576216693497584,0.49655540601188,0.00120574327751716,0.165280565800568
"spot_47",0.421301892819097,0.00701420102043056,7.55094021113122e-16,3.88170870245473e-15,6.06870991380968e-08,0.406649734395897,0.136684912254037,0.00507572279365587,0.0232734760297789
"spot_48",8.71221274788836e-15,9.1347847586756e-15,7.52525954040697e-16,0.429537131492523,0.0347876973958122,0.232720933585273,1.13423549558916e-15,2.84066307711723e-15,0.302954237526369
"spot_49",0.303069755506262,0.021779998381166,6.89053092696795e-15,6.88777349092065e-05,0.114813708478618,0.21776385997616,0.0852547231399607,0.0497109808650077,0.207538095917908
"spot_50",0.334321989857276,2.87449036173188e-05,2.70535136208156e-15,0.167196382344797,0.000605565203059384,0.104085272369299,0.208988141654958,0.0561997469850303,0.128574156681961
"spot_51",0.540504461295365,1.11937384676531e-15,1.18160377067581e-15,9.09099989413764e-16,5.64862773599715e-16,0.145930379193231,9.11854569958929e-16,0.307450948816646,0.00611421069475406
"spot_52",1.28038614794503e-14,1.35362728154962e-14,1.53037196233248e-14,1.86886118975267e-14,2.30517021164041e-14,0.363034680223582,5.10525857482004e-15,5.44502098508746e-15,0.636965319776325
"spot_53",3.03833062229759e-15,8.8761420907213e-15,1.3740615003249e-15,3.18742300605117e-15,9.8925731151915e-16,0.989097429696319,7.91250256759282e-16,6.75690231803521e-16,0.0109025703036621
"spot_54",1.65627789908703e-14,0.0141720376533552,2.68583089013865e-15,1.00872934359713e-10,0.223467530094625,0.471080613149218,0.107989138344782,4.0224232226715e-15,0.183290680657124
"spot_55",0.625835929427585,0.122337021551479,0.04586223113066,0.0231458741668012,0.116600553450138,5.69932176709912e-16,2.08301152943938e-15,0.0662183902733333,6.19985568497577e-16
"spot_57",0.251369410469334,0.020301580082383,0.0401476830586174,7.30521082299562e-06,0.434124212318159,7.62959980799875e-16,0.201324251744195,0.0459424404965357,0.0067831166199521
"spot_58",1.10601495450796e-14,5.84756462425284e-15,1.94878541697502e-14,0.12990751070878,0.033113046980548,0.314890848351993,3.16785142643809e-15,0.111928854479532,0.410159739479106
"spot_59",0.0829564088625316,0.0084246082768228,0.0706721575130007,0.0518350272186275,0.207969676824847,0.0744895877510521,0.157529043037018,0.0311410773627333,0.314982413153368
"spot_60",0.282078365534216,0.11917207035029,3.56133531276814e-16,0.206345802838672,2.04527227941801e-15,0.259435388699141,2.1238766883768e-15,0.115571347698691,0.0173970248789854
"spot_61",0.152011030940281,0.209597255858633,0.101207844786878,2.35896289184918e-15,1.19093130183201e-13,1.55343026225476e-15,0.0444067426054549,0.0961246947471987,0.396652431061431
"spot_62",0.783353854729761,2.06822464560591e-16,2.64239814517102e-16,3.14492456365724e-16,3.91639063665973e-16,1.02498142950761e-09,2.21478524989365e-16,0.0486525984956809,0.167993545749575
"spot_63",0.118976373906531,0.0517526356958263,4.06253435541403e-15,0.177708558311774,2.18453952412917e-10,0.201811629282325,0.325482733087079,0.0516407211326785,0.0726273483653277
"spot_64",0.345613765992716,0.00150199816332827,0.010055680602958,0.305594709501576,0.0715162663736825,0.0702750036747283,1.69245700457564e-15,0.101831789386691,0.093610786304318
"spot_65",0.396107285860357,2.43810243695055e-15,3.14556857110396e-15,0.236690789074913,0.0504790562563384,2.31436615553987e-15,5.08819810561074e-15,0.0960053550737379,0.220717513734641
"spot_66",7.27042396863258e-15,3.98333622775435e-15,2.54393951162385e-14,0.558258814348195,0.0738956836660777,0.164650840769284,1.61597024648629e-15,1.10426876057218e-15,0.203194661216405
"spot_67",0.739543727445539,0.00154368990207368,0.00438964704363921,1.52120561910072e-15,0.109175409790159,2.42264809421841e-10,1.53279554950019e-15,0.0231333291743895,0.122214196401931
"spot_68",0.403268335361373,1.89431290550663e-15,1.80009045879247e-15,0.131949810246796,0.0201394047516221,0.128506237967197,2.62434666804814e-15,0.12226082281819,0.193875388854816
"spot_69",0.510180259993801,9.36216457216993e-16,6.02306677378536e-16,6.79401058884544e-16,6.95640436267527e-16,0.216594102879648,4.40596565430927e-16,0.268176401379674,0.00504923574687453
"spot_70",1.1130251523246e-14,0.0291427083312586,3.77736345615759e-15,0.483882502707763,1.27614785638062e-15,0.431288987283838,0.0556805543844953,1.49785559964401e-15,5.24729262745734e-06
"spot_71",0.0625870928166697,0.0195817544220181,0.146514372457394,0.257673263937756,1.88257025194806e-15,0.160312429689183,1.40371458909785e-15,0.141096983521901,0.212234103155074
"spot_72",0.304762494087931,0.00135597266549771,2.49803703828089e-15,3.52160950251488e-15,0.00198015549950908,0.208366649731433,0.123499423539143,0.100286868899688,0.259748435576791
"spot_73",0.176855633358022,0.0120089801665873,1.17168874089584e-14,0.121466718197333,0.199045606576033,0.169878267158611,1.75001612096965e-15,0.185403179721244,0.135341614822156
"spot_74",0.321343390244975,0.0199732876411814,2.43768518997293e-15,0.259962215309497,0.09072339872345,1.98031532069188e-05,2.97145467549902e-15,6.92163835186548e-16,0.307977904927683
"spot_75",0.336671275003024,6.8577475076378e-11,2.08145239802e-14,0.10166301700529,1.05566449585114e-14,0.302365940432052,0.0208669144662541,0.032127231586345,0.206305621438426
"spot_76",0.359348212970055,1.6597764006865e-15,0.132267530920018,0.127119671990744,2.22068859937638e-06,0.267965050501027,8.6867975013117e-16,0.0340397924848155,0.0792575204447389
"spot_77",0.0842938862336831,0.132649563457174,2.32201410410925e-06,5.61791424616158e-15,0.353816216603413,0.105148448216361,0.116964964130976,0.0913680817855975,0.115756517558685
"spot_78",0.244909339694729,5.23742365819939e-05,5.83429889502526e-15,0.412931679166947,0.00394734654092815,0.141620071307774,9.75458644391713e-13,0.115640758128702,0.0808984309233562
"spot_79",7.81521858618203e-15,7.62584423611537e-15,1.23710945025061e-14,5.58882414431243e-15,0.41292289357264,0.305650149067677,1.69873297641882e-15,1.89418340565081e-15,0.281426957359646
"spot_80",9.95623201704676e-15,0.0981030508401371,0.0229944993803283,0.420663672498031,1.3176648620318e-15,0.386096049440544,0.022875236248443,0.0129095295694752,0.0363579620230299
"spot_81",0.434007087990675,0.104097166613669,2.00969297968814e-15,0.200530922447123,0.00763589997205495,0.137226864508353,2.20503795695015e-15,0.116502058467894,2.28073176607592e-13
"spot_82",0.605687867848184,0.000732321931501509,6.01478636235036e-05,7.38285616652063e-16,6.07544940518029e-16,0.282572427086529,0.00181595901477205,0.0158817756521347,0.0932495006032538
"spot_83",0.217860839225377,1.89308509282135e-15,0.1422018204256,0.277915410020574,1.49739730673604e-15,0.142604766727942,1.28243919343204e-15,0.0266026489952988,0.192814514605204
"spot_84",0.314257381623177,0.0121432888728117,5.83539070878269e-16,2.3837749461489e-15,1.46918181477744e-15,0.193680719856559,0.16519433763801,0.0977922262502443,0.216932045759193
"spot_86",0.244287323473371,2.64596879753228e-15,0.0403479625557265,3.58929433220679e-15,0.306615872445095,0.272608131870307,1.12195602706487e-15,2.87248179652185e-06,0.136137837173697
"spot_87",4.81349862584326e-15,4.67059484829501e-15,0.0140802118470019,0.553052511377025,2.47347526036115e-13,0.298866651638468,8.31474445992463e-16,1.39632190936487e-15,0.134000625137247
"spot_88",0.766324614195328,6.65631890072909e-16,6.49344149663511e-16,5.71044915138042e-16,5.75531858775837e-16,0.173672556233569,4.28610422898573e-16,0.0552529520788554,0.00474987749224455
"spot_89",2.72277240655909e-14,4.57213695227521e-14,5.26777987586588e-15,5.24476370675256e-14,4.7670459958135e-14,0.920252439289276,5.50188832826215e-15,8.48289714060075e-15,0.0797475607105321
"spot_90",0.429065885151894,0.144623397441311,1.23559465928959e-16,7.09129846499015e-15,1.13450015790346e-14,0.188202203276758,1.69003867560527e-15,0.151649492500731,0.0864590216292853
"spot_91",0.552668459463325,3.32213985840907e-09,9.79754247069243e-16,2.87530225120399e-15,4.25208026851137e-12,3.16234636580889e-15,0.157202724466172,0.0305969294853305,0.259531883258774
"spot_92",0.185730272504773,0.0309606717912925,2.64953329843712e-15,0.339169028734038,0.0213790713485784,0.0171171020704397,2.60147240721752e-15,0.262366243147038,0.143277610403835
"spot_93",1.41125221273451e-14,1.60264138048593e-14,1.35303028560823e-14,2.28822065535076e-14,1.70708484162042e-05,0.431222786500574,6.02129456654254e-15,5.85181524446371e-15,0.568760142650932
"spot_94",0.514138726709003,0.0696805851261417,0.0202692581562733,0.249643005377603,1.77408051871047e-12,1.26172468194073e-15,1.85457934530747e-15,0.0584699006048374,0.0877985240243646
"spot_95",0.363847908844615,2.04692230392194e-15,1.7065175705937e-15,3.9039081592587e-15,3.56729321182493e-15,0.543103808719151,3.03102713921574e-15,0.0170684537752268,0.0759798286609933
"spot_96",0.457894780392316,1.07646565127032e-15,4.6447247762501e-15,1.01679074454286e-15,8.9200941214944e-16,0.013778665827217,0.250056907365194,0.152546615417311,0.125723030997955
"spot_97",2.34086430690681e-14,2.16163882144333e-14,5.59026298945889e-15,3.13518504787613e-14,3.18885276014228e-07,0.43374916114668,0.470543511308941,2.87618753879149e-15,0.0957070086590183
"spot_98",0.1841511934163,0.0114726708007264,5.4478811458513e-15,3.05849460906869e-15,2.7387721862603e-15,0.309774086132834,0.415065558762005,0.0795364908881237,5.71779729580992e-16
"spot_99",0.249486604369391,2.65142584182325e-12,0.000786128311760998,2.47684659313e-15,2.65931562366144e-15,0.61394505470828,9.9240823208226e-16,0.0290806998611514,0.10670151274676
"spot_100",0.352526439458596,0.0117995044992973,3.11670263155592e-15,0.307456725024697,0.000350514836675451,0.0565907852463093,0.112051160684505,0.0571821559808822,0.102042714269035
"spot_101",1.0278788414307e-14,1.54459175856833e-14,6.42158812420127e-15,1.33139293039435e-14,5.42786404370588e-05,0.579624428545412,3.51135162031705e-15,2.92761162990841e-15,0.420321292814099
"spot_102",0.563777562821349,0.0136348899786753,0.0713671078837789,0.152014343459224,9.85488688001357e-05,0.100201874827433,2.79263533183225e-15,0.00021656471424902,0.0986891074464869
"spot_103",0.563816095099522,3.28897360642409e-14,0.00459835453550896,2.41771237183151e-15,2.48922530746618e-15,0.179466005642184,1.97436611481991e-15,0.120637615487669,0.131481929235076
"spot_104",0.520517880057049,0.0574361581607622,5.36859425910154e-15,0.0997509103977315,7.0563635228255e-11,0.120751652815644,0.0266477722462113,0.091279806971746,0.0836158192802868
"spot_105",0.390750629126837,0.0593212979935314,1.11725923133258e-15,0.0107213202806593,0.427942748572864,0.000428676814994703,0.110585276595269,0.000250050615842338,7.25260005713327e-16
"spot_106",0.564393637178829,8.6375094181644e-16,0.00430577761164234,0.153732824238631,0.0475504900856184,6.43746383663923e-16,0.203401835157022,0.0110302699793104,0.0155851657489454
"spot_107",0.445006005426398,0.14092603841053,0.041068168556453,0.119619148059225,1.89736377101135e-15,0.0742196175668457,0.0536328680931454,0.113742857009061,0.0117852968783402
"spot_108",0.336061485372482,0.0420895511796473,1.12440959789252e-15,1.23630739982329e-14,1.84469849248219e-14,0.446887129192349,2.49722398489738e-15,0.0239740362152037,0.150987798040283
"spot_109",0.540665742310448,0.0138687531703915,0.0357340680511376,1.81064934284198e-15,0.0752347116403072,1.26121870376643e-15,0.0226396113244076,0.0434886479513049,0.268368465552
"spot_110",0.152015066390715,0.0586844996445615,0.0268368214007664,3.90192973546464e-15,0.127240143163268,0.312756183483199,0.0706059089660225,0.115963419911955,0.135897957039509
"spot_111",0.123440667924214,0.169321877811152,2.3295163535533e-15,1.47859791722718e-14,1.8481916386998e-14,0.292013414548977,3.63609915441512e-15,0.351878054293191,0.0633459854224264
"spot_112",0.222777676635866,7.54376591256681e-11,0.000892316941623024,0.000917773194436115,0.218422549638668,0.239490080297007,0.0328791987630222,0.014004619304362,0.270615785149578
"spot_113",0.00199305156510425,0.0115641753558117,0.0234379625289904,4.70731824263759e-13,0.0427211302823733,0.563596978852538,0.229192515385666,3.02508157086071e-15,0.127494186029042
"spot_114",0.431002094589347,0.153761024911696,1.49145226150684e-15,1.84742457219514e-15,2.14326252357933e-15,0.0787183772251997,1.05279687486081e-15,0.123768461796109,0.212750041477642
"spot_115",0.215496434554253,3.37035815187179e-15,2.0723576029329e-15,0.224088680916515,0.268648659268178,0.0978444660021117,1.73632938009812e-15,0.00414864869859332,0.189773110560342
"spot_116",1.93540771377626e-15,1.36284476912224e-15,3.51191089731155e-16,9.68992703760529e-16,1.07288141756861e-15,0.999999999999993,3.92208433554547e-16,2.4231027064097e-16,2.35087640637432e-16
"spot_117",0.120770901583529,0.0243135812314771,1.78864755020635e-15,3.97017392803459e-15,0.380456710834811,9.09059587488416e-10,0.132307051171331,0.0715799992277226,0.270571755042064
"spot_118",0.410908451502877,1.72103369162399e-15,9.60055577940126e-16,2.04933170481069e-15,2.41972646588295e-15,0.358463903037129,1.26837134437023e-15,0.0283066876970589,0.202320957762927
"spot_119",0.462023166074971,0.0129079254775991,5.95630546084697e-15,0.0554535115130887,1.03503008962392e-15,0.0812048830858748,0.00780290837855528,0.370816769471381,0.00979083599852326
"spot_120",0.500373995802126,1.11138356721161e-15,0.00779678828632439,0.137366449188356,0.191757641876692,9.02422214360549e-16,0.058612277294098,0.0184571118322599,0.0856357357201414
"spot_121",7.7632975547591e-15,6.22489810243522e-15,1.47151373358499e-14,5.98011518405027e-15,5.78325973697592e-15,2.99014751087643e-13,8.40324269669571e-15,6.46935236228343e-15,0.999999999999646
"spot_122",0.424054587599283,0.166787676122919,5.55852739255085e-11,3.5113093003544e-15,0.0605220964197815,0.0582147545873671,0.143884009739246,0.104118348420431,0.0424185270553826
"spot_123",0.205585180902975,4.15546695772547e-15,3.35000534097978e-15,0.00187264088132339,8.97581221018605e-09,0.295632467594895,2.96455435220649e-15,0.124739665318079,0.372170036326905
"spot_124",0.699661619675766,0.0131630659010627,1.22880894527062e-15,1.25814686398637e-15,2.5106650812303e-07,0.119993158106819,9.78787733032464e-10,0.109674655465079,0.0575072488059751
"spot_125",0.330000531865823,2.65644767365334e-15,2.40441599597792e-15,0.276174270327557,3.34551815252905e-15,1.49198931225835e-15,1.72306370713772e-15,0.393825197806607,1.77219754900423e-15
"spot_126",7.78345743168183e-15,5.81350235333607e-15,0.0853726578276188,0.0025314258344332,0.384934621250049,0.267648072433641,0.172104616052504,1.12717900459664e-15,0.0874086066017399
"spot_127",0.439756045923602,0.0666857589962451,1.29606667614225e-10,3.00592627810022e-15,6.91783958589938e-11,0.230171058061046,3.15010212974813e-15,0.059047057948608,0.204340078871708
"spot_128",0.491975404179084,0.0411270374849559,3.437264242472e-15,2.78510231540922e-15,2.5780896301888e-15,0.14184126897537,3.22049980686068e-15,0.00417570383106743,0.32088058552951
"spot_129",0.367987281481009,0.273540475881123,0.0389545537460125,0.067711722794363,2.65092282949673e-15,0.0472660748652023,1.15584997180746e-15,0.0885876062059295,0.115952285026357
"spot_130",3.57157290998371e-15,1.33796152492064e-15,9.2203033576605e-14,1.04256790020393e-15,9.81141414378552e-16,0.999247003839704,4.35290570996861e-16,1.8700778752901e-16,0.000752996160196589
"spot_131",0.625526147289843,0.00603324516091539,4.47601483668983e-16,0.0969341378350949,0.0101628442446224,0.0357613523409108,0.154280263369481,0.0696230027937648,0.00167900696536711
"spot_132",0.103119158924995,0.0125937858479619,2.39714342368254e-14,0.530947191803324,0.0130784453704527,0.154805681753193,1.5949369966579e-15,0.16825143690445,0.0172042993955978
"spot_133",0.618446479499981,0.0192340751799572,1.18377643351637e-15,0.178217716458257,0.000136449433042773,0.0954703425026601,2.72106675567603e-15,0.0236868148231866,0.0648081221029114
"spot_134",0.295761089840136,2.45171894073334e-15,0.089224444566238,0.0230276019654392,0.0233544669325918,0.343596312696216,1.41082575408653e-15,0.131709709340358,0.0933263746590164
"spot_135",0.199663348856288,2.71380237296767e-15,1.76910575943884e-15,0.224642341367518,0.0793059980646753,0.000758938581444457,0.291427012482347,0.0388343031424571,0.165368057505266
"spot_136",0.25885542121291,0.0605726187209411,2.65984403610285e-15,0.217882537910807,5.13353509833271e-11,0.0923940952106419,0.265217706551076,0.1016768881137,0.00340073222858625
"spot_137",0.749574056728084,0.00649767568471603,6.68564355484287e-16,8.69532347894332e-16,8.35222832616551e-16,0.0391471449146241,8.20132224607826e-16,0.202986200861027,0.00179492181154548
"spot_138",0.323121210627906,0.035394946874219,1.75025029142078e-15,0.111010113405947,2.37812505927336e-05,0.00967994637178025,0.205581232443848,0.170877495333452,0.144311273692253
"spot_139",0.607577977110088,0.0131011897992778,4.81938927561821e-15,9.92280566698511e-16,8.43930161014444e-16,0.0720983640655048,2.10936443154871e-15,0.302088145292395,0.00513432373272619
"spot_140",0.127282238045466,0.326275945451062,3.77010241031385e-15,1.0353579199033e-14,1.65601824078557e-14,0.238147159381959,2.35296006278022e-15,0.203615894067354,0.104678763054125
"spot_141",0.14901323627705,3.38046360192517e-15,3.36327468847278e-15,0.300456721323208,3.66096505440781e-08,0.226936771941262,0.226124103578653,0.0120245694343524,0.0854445608358177
"spot_142",0.0843146058844241,0.00772268925210023,0.0459242022028345,0.18705189076866,0.162658939254698,0.168296587179948,0.175748080526737,0.0822978782818476,0.0859851266487505
"spot_143",0.428743538558861,0.0708515645563312,0.00755428137027633,0.0997374103685568,0.0259074975722028,0.0899000921512581,0.224452884775747,0.0116099212552568,0.0412428093915102
"spot_144",0.573691579257803,4.2177160874906e-06,0.0882908827327319,4.31362914739581e-15,0.00421753532809918,0.0451180083233358,1.1553614664489e-15,0.190902030827564,0.0977757458143727
"spot_145",0.340261156595243,0.109033431002319,1.22810022516682e-15,2.83718047289171e-15,3.71077740729872e-15,0.146899009096832,1.83762688888292e-15,0.393529226272951,0.0102771770326454
"spot_146",0.099450535448323,6.81220418150627e-15,4.1170304093008e-14,5.79394312994647e-15,0.470478357223314,3.44853204983871e-06,4.59433277798487e-15,0.240213057229736,0.189854601566519
"spot_147",0.32044891017464,0.119593983902115,0.0222158051724207,0.0203859221244283,0.145722471285484,0.0443275481263284,0.254080001063003,0.0244199115589216,0.0488054465926584
"spot_148",6.53564182575237e-15,5.40453636292476e-15,0.0449541296037223,3.99025196188758e-15,0.374652779448174,0.292508010620268,0.0996460977422256,1.51926893241871e-15,0.188238982585592
"spot_149",0.444332232337937,1.45833225166007e-15,1.39291024118371e-14,0.0875721309709478,9.08555776059216e-09,0.159225137260722,0.0267009511307569,0.0559150888548749,0.226254450359188
"spot_150",0.17182681071699,2.30622452947324e-15,6.5265054670294e-15,0.242749114709868,0.210792534598748,0.0965983147227773,1.482109971954e-15,0.0607134989610726,0.217319726290534
"spot_151",0.191262202241766,0.119971410056829,3.9472763146102e-15,0.22669668350755,0.0163293580373967,0.00829504182677317,0.167289265510128,0.0279045563851563,0.242251482434397
"spot_152",0.339980152225077,0.133482953650608,0.0837198039885746,0.143496067605426,0.0589674605683762,0.000416577559930609,0.126232644818386,0.113704339583622,7.38124514697735e-16
"spot_153",0.351411499176082,0.118518924702722,2.11377773211671e-15,3.13924293570662e-12,0.000217558273489734,0.0867400301529623,0.281021036297831,0.136679037264872,0.0254119141288991
"spot_154",0.343790321740558,1.37313556781019e-15,1.09652013893229e-15,6.52640888759448e-07,0.081887366110233,0.177096704668708,0.133805882931151,0.00113311115798491,0.262285960750473
"spot_155",0.751930302501316,0.0438975118565005,0.0169319794333039,1.32815467989569e-16,8.21261208000194e-17,9.54754734406871e-17,4.34909674111787e-16,0.187240206208879,6.72562407224073e-17
"spot_156",0.31672262170716,0.00330390283790962,2.11013110776724e-15,0.191065802757227,0.0115762651053144,0.191690996397838,0.138995742069578,0.126869957428501,0.0197747116964697
"spot_157",0.686595015426333,0.0157316974825784,9.69222021831932e-17,4.04544359821989e-15,5.29518402391118e-15,0.130114984649702,7.05857206495786e-16,0.0307647011079017,0.136793601333476
"spot_158",0.425886372995195,1.76267519961085e-15,6.44555807837639e-15,1.86565031018865e-15,1.64439797819196e-15,0.467288050044855,0.000409829989771985,0.106415746875815,9.43511013088224e-11
"spot_159",0.266466772910689,5.01612969793343e-08,1.79559147979379e-14,1.25969036749447e-14,1.19451125146844e-14,0.533050024187986,8.56960334916643e-15,0.141296133223253,0.0591870195167237
"spot_160",0.138300650487406,0.150208787997921,1.10674409093071e-15,6.80908551409282e-15,6.11544380995024e-15,0.480605944838268,0.00750820236350976,0.170183636298069,0.0531927780148116
"spot_161",5.18163743626692e-15,3.23167016129122e-15,1.42250433930647e-14,0.337883233476218,0.0224189066464933,0.229558699801212,1.56628704221355e-15,1.3854141326575e-15,0.410139160076051
"spot_162",0.197943974925448,0.235354986392584,0.0245951311003583,0.0530569413550405,1.25021441212572e-12,0.238639926571012,0.131492554224182,0.0361826649269223,0.0827338205032031
"spot_163",0.451804577718773,0.0793094009472746,1.33827010097751e-11,2.04973503715479e-15,1.90738621178121e-15,0.133616205387795,0.125674255428401,0.0259673094718071,0.183628251032563
"spot_164",0.393440535682361,0.000368420278586528,2.78129322321846e-15,5.50594032144378e-15,0.00184081846752713,0.325020344854058,2.42415750790769e-15,0.229862290889206,0.0494675898282502
"spot_165",0.613466711497254,1.87954289037549e-15,0.0108589693160423,2.43410542113592e-15,3.5241353540566e-15,0.0736147930597501,9.02346603143159e-16,0.278712874094302,0.0233466520326431
"spot_166",4.23068000455457e-15,7.14042704200462e-15,0.253156388213165,0.0338367399397568,4.7194847668305e-15,0.395854870895829,0.281800293761865,1.24550738657244e-15,0.0353517071893674
"spot_167",0.555961239993107,0.107560526024412,0.0225824245087181,6.20600238722558e-16,3.48540867000798e-08,0.149139591794937,0.00265175756340525,0.157771152756184,0.00433327250514967
"spot_168",0.510219216133618,0.0875345953737393,2.01483506179083e-15,2.55434630815423e-15,0.00450346677271675,0.0668539438237684,0.163220408187968,0.0610654151525628,0.106602954555622
"spot_169",0.348560838354535,0.0408484448017907,5.76948929358489e-16,6.66844480562437e-15,2.39023075796863e-14,0.249399665489396,0.114029927757183,0.176280169539568,0.0708809540574969
"spot_170",0.50543850794557,2.05485114637871e-15,2.99394181814524e-15,2.69280655305711e-15,3.04656794115863e-15,0.157835993416482,1.16116984024732e-15,0.336725498588133,4.9803097020909e-11
"spot_171",0.542677688061016,5.01351511283665e-08,2.77568858088276e-15,2.6393829459363e-15,0.0062596649184735,0.0832863128650607,1.61966674617245e-15,0.0985211310158972,0.269255153004395
"spot_172",0.158894103199563,0.0966187908936215,0.152599426248147,0.117128685266518,0.0290958729707765,0.115440606299097,0.0699577219767605,0.101885273218563,0.158379519926953
"spot_173",0.00111162151485759,0.0391154993864936,0.234097674614599,6.08006064596184e-15,1.05653290117706e-07,0.482133314847434,0.219048471205668,2.43852205671282e-07,0.024493068925446
"spot_174",0.246558194852515,0.0274707217013486,0.0298540846381599,0.391501322141786,0.00160355483099928,0.0722619890337802,0.195383527494685,0.00276053851945043,0.0326060667872757
"spot_175",0.318344390279028,1.57902915873056e-15,0.00957105987599274,0.240875182687111,1.32036666248252e-13,0.120707034522365,0.230552714885107,0.00572570051681541,0.0742239172334474
"spot_176",2.6001309408589e-14,2.48252215949127e-14,0.070435014344165,2.00294823262716e-14,0.0731384171445972,1.94123053614903e-14,0.85642656851113,8.76403491400003e-15,9.28315693238965e-15
"spot_177",7.66450410414946e-15,0.00217316962516715,0.00203921865692806,0.256457274854992,0.26053104392054,0.118697129309284,0.13559376504569,1.90642501425998e-15,0.224508398587389
"spot_178",0.504094036392128,2.1404155419601e-15,3.18422502419569e-15,2.95791778511464e-15,3.71593084002949e-15,2.11649323609236e-07,1.99531793361073e-15,0.250426818991437,0.245478932967098
"spot_179",0.418181728146124,2.49493622328264e-15,0.00249538952908729,0.172235600207302,0.201491278605048,0.0596588364493813,8.13658400598902e-16,0.0956090675031154,0.0503280995599391
"spot_180",0.273598308862335,0.020814404545722,0.060236464062568,0.227147296544305,0.226445814256222,0.047748238590623,0.0148086634915911,0.0661314780478756,0.0630693315987574
"spot_181",0.154297487163384,0.0374157327809904,0.285761475957308,1.94123019457802e-15,1.93304340736872e-15,0.233275555650477,2.67988046647669e-15,0.0423115229515549,0.246938225496278
"spot_182",0.0164176323556456,0.262414678342776,1.57241120964238e-05,2.01261741427351e-12,0.182204633012443,0.171998890715355,0.318341370242766,0.00507365248698511,0.0435334187299203
"spot_183",0.214027377040641,0.0345970397308056,5.88066821927347e-15,1.67697014887169e-15,1.56302056821823e-15,0.603145991446096,8.89109418276695e-16,0.0969795646173527,0.0512500271650953
"spot_184",1.08385102749073e-14,0.0578650814785675,0.0305185515036763,0.274276119859176,3.4744850328807e-07,0.119102353405486,0.208532452551367,2.4781406584902e-15,0.30970509375321
"spot_185",0.648620956119503,1.54566483762344e-15,4.72564649118339e-16,1.9977328003676e-15,2.40647660355336e-15,0.0656089079709066,1.55306204983965e-15,0.285481923924283,0.000288211985299747
"spot_186",0.198677235504839,0.036713757209005,0.00385788750566686,4.13472683530339e-15,0.0806003759926021,0.260899948879881,0.133323940336283,1.42527292444375e-15,0.285926854571718
"spot_187",0.0666461046911217,0.0672658549275426,1.04807960794778e-15,4.42198694220615e-15,0.340798173236092,0.257261142007082,8.61749943211303e-16,0.138528636646245,0.12950008849191
"spot_188",1.18853477691438e-14,1.20818830749239e-14,1.62576864370108e-14,1.12141959052274e-14,1.26196316290656e-14,2.32886653190819e-07,1.64226043200518e-14,1.23564393245303e-14,0.999999767113254
"spot_189",0.261950837438535,0.0817453648140833,5.93489938728593e-15,0.359473029737234,0.00357006831496012,0.110771781231409,2.49222842224693e-15,0.0105326358573901,0.17195628260638
"spot_190",0.122129887160231,0.0661485690814961,1.19457466361599e-15,0.190109567516684,0.138809128379978,0.226717806683954,0.141803028352322,0.000329515348699966,0.113952497476634
"spot_191",0.0732416519563498,0.0138183024859113,0.144266510326373,0.254264154621945,0.000462311099372325,0.135070495448177,2.86917100193168e-15,0.104299570857503,0.274577003204366
"spot_192",8.13337495229243e-15,5.83143682429422e-15,0.0495198436406104,0.0345280907350388,0.326218926177331,0.465878225059033,6.31842020812288e-16,1.60145548933443e-15,0.123854914387971
"spot_193",0.0457381745840253,6.01375805244232e-15,0.0580144158789962,0.286995301289763,0.316287779768604,7.51724566958419e-13,0.0810704437493853,0.105150343573483,0.106743541154985
"spot_194",0.212874234069901,0.0239647641010225,0.0121822119743008,1.94849778001957e-15,0.0810368834701074,0.165353431041628,0.427271706279379,0.0763320980724607,0.000984670991198552
"spot_195",0.00480607160283625,0.263560863456729,0.0409775963974834,0.275580953852907,0.180870107137224,0.0965539051265853,0.0331804996596247,0.104470002766609,8.80258643926982e-16
"spot_196",0.174185288616313,8.0046514069744e-09,0.101866749949729,2.80885554263164e-15,0.357994894280156,0.0732054988300575,0.140972475178031,0.149828352132784,0.00194673300827446
"spot_197",0.0270219810057734,0.113964404423453,2.53521669866429e-07,3.94708503043494e-15,0.279043715695664,0.0787975051645026,0.185722879936098,0.130341291411756,0.185107968841078
"spot_198",0.33880509440379,6.90228587013895e-14,0.0693151411791448,1.5827049329778e-15,0.362279040230124,9.55766118662679e-16,0.155753506810819,0.0702463112241116,0.00360090615193948
"spot_199",9.4853935715291e-15,9.30765242107253e-15,0.0101190838341286,4.26860046257079e-09,0.55476777366524,0.200284937480283,0.134272608801348,2.83181281061131e-15,0.100555591950378
"spot_200",1.12671185836709e-14,9.61344740957124e-15,7.16925397579471e-14,8.45818487111572e-15,0.315359547869276,0.228301560211802,1.45681341295557e-15,2.52666821923076e-15,0.456338891918817
"spot_201",0.577378962217882,3.72922983751951e-06,0.0122009988754946,0.0919717986999812,0.0798474932823718,9.12909811096872e-16,0.116963180115306,0.105743370985059,0.015890466594067
"spot_202",0.510846128996007,0.36083639241471,1.33529783968395e-15,1.82943745089082e-15,0.0190822141663918,1.65718968671679e-15,1.33718543083612e-15,0.0722843871360232,0.0369508772868613
"spot_203",0.342209737187173,2.73116935386987e-15,3.56745890666929e-15,0.219579392127954,0.0117145623426052,1.231886243245e-07,3.1961321249712e-15,0.0604641840137188,0.366032001139915
"spot_205",0.920084076267766,0.0696508955393926,2.21198454586569e-17,2.76513365117914e-16,2.66204453561094e-16,1.4146636614334e-16,1.23073218441029e-16,0.0102650281928401,2.18682642894867e-16
"spot_206",8.47748251396623e-15,7.83745939516629e-15,8.84053240765071e-15,7.79880325316574e-15,8.64413073320781e-15,1.01513301776541e-14,4.88553375624576e-15,8.70493489089508e-15,0.999999999999935
"spot_207",0.213793408951078,8.96345505506877e-16,0.263128263352696,6.65184801090041e-16,4.73546804294918e-16,0.442981225169054,4.73603640782276e-16,0.0540949512827145,0.0260021512444552
"spot_208",0.297990000956817,0.000284602618368189,4.43468698971742e-15,0.214369085570002,0.0281784117023114,0.27077395682059,1.85825467324198e-15,8.37870555118177e-16,0.188403942331905
"spot_209",0.0532187838783345,0.453087187063875,0.0746893257105928,0.000353908367369697,0.222966895916437,1.61337840314091e-15,0.168141779544729,1.8443155301715e-15,0.027542119518659
"spot_210",0.112988888611313,0.0437652856155267,6.36838055828018e-15,0.0281635343043787,0.0592601894414203,0.261503636156448,9.86823712580379e-05,0.150755553526251,0.343464229973398
"spot_211",0.24920511727493,3.32247275217553e-06,2.37706038436442e-15,3.94085749049587e-15,2.47497217991086e-15,0.189972484655458,0.194477716662276,0.203108862721536,0.16323249621304
"spot_212",0.138824379693716,2.55432421736922e-15,0.0327860439078195,0.268262235179769,0.324808729458168,0.102492768682527,0.0138662444427708,0.0604804921813636,0.0584791064538633
"spot_213",0.336108314065684,4.36581718892419e-15,3.09948254232305e-15,4.18364172625459e-15,1.49298458516133e-13,0.119790361227202,0.215844883707001,0.202670901472819,0.125585539527133
"spot_214",0.564626836425805,0.0506874720854539,1.81522912292775e-15,0.00841510615990198,2.44920413339285e-15,0.149553800943709,3.52608437163502e-15,0.157271483192133,0.0694453011929898
"spot_215",0.359231873859257,0.222106242864358,0.00421911493293243,0.155932370379996,3.5587213483763e-15,0.118477009499193,1.9037662943269e-15,0.103728244941053,0.0363051435232043
"spot_216",0.061213661316658,0.0928369931192702,0.0316170281258841,5.02471465399967e-15,5.38072315530497e-15,0.182621820143742,3.21483077662452e-15,0.135679430002005,0.496031067292428
"spot_217",0.33432159340413,0.031798054370189,8.52044625257581e-15,6.64580330462243e-15,1.42991813410195e-12,0.365529620152691,1.86949957030328e-15,0.217190839939676,0.0511598921318678
"spot_218",8.36900310978588e-15,7.73301358212564e-15,1.89577529015959e-14,0.656837887676919,5.59022199984074e-07,3.84377829655125e-09,1.76837092859047e-15,2.27906341793124e-15,0.343161549457064
"spot_219",8.3700138354826e-15,7.45433373512566e-15,1.09579596033493e-14,0.465658366385552,1.65153639950144e-15,0.295026729081209,2.02709561310288e-15,2.58657971360294e-15,0.239314904533206
"spot_220",0.748462296009965,0.0715033415646692,6.04154434302713e-16,2.67759118574843e-16,2.19614370717629e-16,1.84860183672642e-10,6.49999412425613e-16,0.0547336405584473,0.125300721682057
"spot_221",0.342063124789918,0.0410597114518755,0.00281847329188136,0.450038772502458,3.25463603956341e-15,0.0185033906876984,0.00192584784292502,0.0837038145352635,0.0598868648979767
"spot_222",0.609589793249087,1.63145774282112e-15,0.000659970882120924,2.34342186402601e-15,2.67276483272906e-15,2.32459393746353e-15,1.46326940008944e-15,0.188219539103546,0.201530696765235
"spot_223",0.0967627789115523,2.43452306641621e-15,1.24536312928768e-14,0.705755839152936,6.8917006030558e-05,5.85486817660186e-16,1.37752672158117e-15,0.194162135830371,0.0032503290990933
"spot_224",0.0752337954838013,2.71198281959595e-15,0.0850899080649738,0.486866113323738,0.0965069194933966,0.022637117307722,0.184444137601698,0.0274405086316236,0.0217815000930438
"spot_225",0.459074442958985,1.35810304660544e-15,0.0829020196717647,0.189029701317761,0.0369813942690397,4.29641679168435e-16,1.7147395016005e-15,0.232012441782446,3.55858171572147e-16
"spot_226",0.713083037142179,0.00275374682020333,5.86537265524021e-16,1.21584213193568e-15,3.03362923749204e-14,0.0721606184629643,9.28060927298096e-16,5.80274862804164e-16,0.21200259757462
"spot_227",0.0620630551810837,0.104633634546351,8.75718679535203e-15,0.381904469546118,1.64173365997153e-15,0.251377482404624,1.17351885661831e-15,0.187108514065472,0.0129128442563392
"spot_228",0.0150786034195841,0.0918331051557419,8.35908238116615e-16,0.130514134385308,0.270358715887413,0.184584891161457,9.65390240847405e-16,0.0737488292086615,0.233881720781833
"spot_229",0.158544092668291,0.00708636070827628,1.0493939965075e-14,2.27200770785373e-14,0.0120563227114987,0.29142146942834,7.72758670215621e-15,0.292466636440658,0.238425118042895
"spot_230",3.24326042256e-14,3.05842549807059e-14,4.76397075971948e-14,7.19329162496165e-14,1.00607048351933e-13,0.739434729064853,1.1975530739384e-14,1.13394247260201e-14,0.260565270934841
"spot_231",0.265613195569764,0.00705327176537729,0.0817658743469968,0.291508736629683,2.02549427230301e-15,8.94644653817442e-16,0.293530514334548,0.0605284073536279,5.16246824487651e-16
"spot_232",0.442786532502444,0.049933943332209,4.46625867163119e-16,3.34399479895883e-05,0.0317699407966129,0.158192272122113,0.151456664652074,0.0263867520457029,0.139440454600854
"spot_233",0.303542734940165,0.00773648998182314,3.55262129701472e-15,0.269065248187425,0.0262506946544016,0.2398023464707,2.17923385798056e-13,0.153596667249351,5.81851591237627e-06
"spot_234",3.65357627657962e-15,2.78494464125812e-15,0.204769386342314,4.42529673269796e-15,0.000172021201782229,0.304872579808162,0.488074316935845,6.68948151623595e-16,0.00211169571188545
"spot_235",8.03998014271427e-15,1.01407092510587e-14,0.0177913537430887,1.34617283238474e-14,0.318692773108186,5.14253654242543e-15,0.663515873148685,2.46269557350812e-15,1.29127094892041e-15
"spot_236",1.17837793082771e-14,1.36971807541215e-14,4.6019405259135e-15,1.7405264327056e-14,7.4564463281833e-05,0.549281929139491,0.311468111366507,3.15612084611453e-15,0.139175395030669
"spot_237",0.304075916274106,0.0630839018979553,3.4226723581812e-15,0.191163096001239,2.40710849865157e-15,0.106738342724107,0.141392633243514,0.00926474553049775,0.184281364328574
"spot_238",0.604071891602954,0.0142335691593923,1.21980497383632e-15,4.03727400828284e-16,8.93243127169804e-16,3.31633224229514e-16,0.00144423427641627,0.380250304961235,1.9244864525673e-16
"spot_239",3.73647578577404e-15,3.84170551317252e-15,0.243791258935405,0.00990150393718864,0.173297452773391,0.488122665095022,9.3339915795693e-16,8.95926425614701e-16,0.0848871192589845
"spot_240",0.532925137198652,8.32454682983311e-12,1.14698124255145e-15,0.368918660912071,0.000343510988462981,0.00272664211732436,1.74714644472938e-15,0.0135938820998855,0.0814921666752762
"spot_241",7.53527914199316e-15,5.55200986576978e-15,1.26652165619426e-14,0.236680473903,0.305537612194914,0.202975042546651,0.138345973675313,1.50716842790405e-15,0.116460897680094
"spot_242",8.37348550598669e-15,8.61041558564755e-15,5.29233764919759e-15,8.65286690892061e-15,8.61298574336557e-15,0.562443456825268,0.267890828448625,3.14413449140267e-15,0.169665714726064
"spot_243",0.133377862897305,2.71577592359481e-11,1.65737164059803e-14,1.03019898937225e-14,2.52990089572753e-13,0.213492607004648,0.235334071863507,0.260631736812411,0.157163721394691
"spot_244",0.282253743537667,0.0539209378034431,0.0117804357943317,0.0852662700121352,0.169419317147903,0.271569944417667,2.27635246067607e-15,0.0931812655200695,0.0326080857667816
"spot_245",0.312053823060093,0.00769941840845797,0.111425696883523,2.53904135269833e-15,2.68910548437821e-15,0.168336723150485,2.03943752847177e-15,0.0461520354681027,0.35433230302933
"spot_246",0.415063364115866,1.09151261767609e-15,0.0405408677959584,2.52344928993837e-10,0.110571141014446,0.367563867664246,0.0582692299884935,7.56721682018227e-06,0.00798396195182432
"spot_247",0.0747983738498681,0.178637764214118,0.115904376889202,0.190230975897364,0.00957799602804617,0.087706917767286,0.10813759556878,0.0742504735384729,0.160755526246864
"spot_248",0.146949735189649,3.60845331574308e-15,0.0282317565968636,0.47970131350638,0.0989220293054413,0.109822028448558,0.00919412133616421,0.0287729858888077,0.0984060297281319
"spot_249",4.2212948104335e-15,3.8470138456493e-15,0.0577868221004388,4.003688256523e-15,0.521004178905837,0.390330504710911,8.35210269853046e-16,9.29002122045524e-16,0.0308784942827996
"spot_250",0.430674866778366,0.0286502263136454,1.40408873545223e-15,3.00708543389073e-15,0.00638323840971166,0.328736028604105,0.199283220042348,0.00627241985175714,6.19893212646859e-14
"spot_251",0.5298818118632,1.79881018463905e-12,0.109345708493857,1.81994045331419e-15,1.6332384628379e-15,0.187281154195678,1.78715939034214e-15,0.0787286168854953,0.0947627085599655
"spot_252",0.598045413861523,0.012634926974371,2.09596180685598e-15,1.17237620081647e-15,9.57151146657777e-16,0.102505215323937,1.22061424544904e-15,0.151863003542,0.134951440298163
"spot_253",0.567145907463951,0.00775349035524264,1.10124578233832e-15,1.86885405358249e-15,1.99556280945897e-15,0.221956448035423,1.03040490655583e-15,0.0164612691541322,0.186682884991245
"spot_254",0.672004299825536,1.20608918550108e-15,6.76207414768929e-16,3.6401418944236e-15,5.28252810648777e-15,0.179590372311776,2.27645872011789e-15,0.0813366460884774,0.0670686817741977
"spot_255",0.201401340307354,2.85602879973611e-09,2.34028729907193e-14,0.0311247819664439,0.335793383409069,0.261623911777867,0.0140277793148714,0.0459144131054004,0.110114387262943
"spot_256",0.70645846425042,4.19417500375587e-11,3.22019231630056e-16,2.8559062638172e-15,3.41001528807e-15,0.185701292490465,8.43524264136484e-16,0.00729104934924044,0.100549193867925
"spot_258",0.47594068360807,5.94832235687876e-15,1.55190847486701e-15,1.78475024045106e-15,0.20785823027116,0.17916589951182,1.02815918218694e-15,0.137034950234546,2.36374392961911e-07
"spot_259",0.418294073171472,8.35640038782067e-16,1.90244153958956e-15,1.83356047638378e-15,1.6486198374022e-15,0.149955169257895,0.309139137009208,0.0265786789161097,0.0960329416453092
"spot_260",0.211454742987058,1.26008065398096e-05,0.168697744210584,0.168055329599669,1.90157825271015e-15,0.354826872837213,0.012843905205618,0.0187692671610202,0.065339537192295
"spot_261",0.248203458081802,0.0748251043312466,0.0248128671581085,0.0358918463584572,6.4161003396602e-15,0.457609874814865,0.0323536332578452,0.0632997337328663,0.063003482264803
"spot_262",0.366723420235708,1.13332537042207e-11,0.31335922697175,2.72457224478314e-15,0.0552328891023921,0.12755623971962,1.36342150325335e-15,0.0794785021848473,0.057649721774344
"spot_263",0.151691812900136,0.137990165913134,0.165296391026276,3.59260119083272e-15,0.226914524126489,9.6366331592382e-14,0.182849816845846,0.0367627758027984,0.0984945133852209
"spot_264",0.229327676600073,3.2213367353334e-15,3.99618207455155e-15,0.254794199113972,0.0464356942463391,0.14304960451618,0.0996693432324705,0.122163994868895,0.104559487422063
"spot_265",0.825643822958514,0.0173524574040709,0.0077055400916536,6.7929307167749e-17,6.50524757312706e-17,1.4598545886328e-16,2.09397227068478e-16,0.149298179545761,1.13029189823657e-16
"spot_266",0.252918933854988,0.0961379804354676,0.105194825572417,4.74199257595268e-15,0.00219013989236243,0.404011849526987,0.0298961254003901,0.0132951329575603,0.0963550123598231
"spot_267",0.660308110918658,0.0157239897042022,6.57752659127822e-16,7.35615523964762e-16,5.46874518834716e-16,0.177299254829158,1.17808924304695e-15,0.0322975677711397,0.114371076776839
"spot_268",0.693634460996873,5.38891140997818e-16,4.95045025505841e-16,1.12724503168214e-15,1.40983012357154e-15,0.30564539576307,4.27963763658716e-16,9.75288380612855e-16,0.000720143240052057
"spot_269",0.240282642961948,0.00172429426550556,4.95083599575377e-16,1.61958936132041e-14,1.74544212752624e-14,3.93828492398228e-15,6.52126534431287e-15,0.446744706854229,0.311248355918273
"spot_270",5.57539775466141e-15,5.09479239890959e-15,0.0256658162971994,0.544500124862469,0.0585069710435586,0.110880089478634,0.11836810691108,1.14665682908695e-15,0.142078891407047
"spot_271",0.151710009343381,0.404326236952651,4.3737920278304e-15,1.70579773382376e-15,1.53772073979544e-15,0.335293120417614,1.41198340846557e-15,0.108670633285136,1.20948274099739e-12
"spot_272",0.32082469018997,0.0342954897748229,3.42168712582678e-15,0.46511156688488,1.85446209025584e-15,1.23835352085188e-15,1.35217442717703e-15,0.0965983383080653,0.0831699148422548
"spot_273",0.302350180991841,0.0851954258360031,3.99423635014567e-07,3.56010136807693e-11,0.00513874852498802,0.305398929497779,0.163052026160898,0.131726613922889,0.00713767560636598
"spot_274",0.531034272110151,6.33315456312867e-16,4.64046185440183e-15,3.3746910317745e-16,2.13248440976648e-16,0.262330585975014,3.03530398672815e-16,0.206635141914828,5.1576472275033e-16
"spot_275",0.512687836562328,6.34970283481642e-10,8.02851228149336e-15,1.13154228395444e-06,0.000346278325951575,0.235451265353669,0.141574477001622,0.058082435028166,0.0518565755510007
"spot_276",7.37224074673504e-15,0.091641975390153,2.52356380385334e-15,0.476234468043884,1.39399029990173e-15,0.422087044796859,4.95263290713089e-16,1.45384584540317e-15,0.010036511769091
"spot_277",1.39387453223006e-14,1.17052292042058e-14,0.0207110182725124,9.05770995447924e-15,1.0349913150772e-14,0.653426520584617,0.2763410930859,2.85827029789352e-15,0.0495213680569233
"spot_278",0.55119751025398,3.26624363100376e-06,2.45410934096689e-15,0.133987641913144,0.0532841525303011,0.0719579069582024,2.29367205075434e-15,0.162025750659746,0.0275437714409904
"spot_279",0.381849480633163,2.75511905228161e-15,0.169307059863096,0.119975568251462,1.51969521844097e-15,0.130287864941187,0.151049849396248,0.0450024063593559,0.00252777055548514
"spot_280",0.158275970497578,0.000190952198679546,6.13672983640084e-16,5.51953081043905e-15,0.372341816290567,0.214589759764292,0.0654672125047711,0.123887180032992,0.0652471087111142
"spot_281",0.269376350922226,0.00920263823923691,1.32532170910199e-15,0.0738496064737306,0.0939164404574633,0.205337483641471,0.218660121535729,0.0119483713853762,0.117708987344765
"spot_282",0.334054715200665,1.01017923339469e-15,1.17481768494485e-14,6.19104208303163e-07,0.307806644192816,0.337341093852412,0.014067590258749,0.00565030635640144,0.00107903103473583
"spot_283",0.329680683181715,0.00456619482604667,0.132869019394236,2.44994725788483e-13,0.052814243180758,0.300686173135341,0.0991022608908662,0.068312887265288,0.0119685381255039
"spot_284",0.233453914756183,0.0524542748812051,1.88810560598707e-15,0.446351332394791,0.000768757982932629,2.78469776984074e-15,2.5110927798212e-05,0.266946609057085,1.23203389288508e-15
"spot_285",5.81685829035207e-15,6.38612950295334e-15,3.84251864118713e-15,0.540515103708675,0.00054155852468872,0.377218736898647,9.83835613757493e-16,1.41796852050587e-15,0.0817246008679708
"spot_286",0.359736321819173,0.0621567017342644,1.09692206057687e-15,0.180076630405464,3.26361050710478e-15,0.170575137876276,1.61659203057433e-15,0.188981484846557,0.0384737233182595
"spot_287",0.257397796046931,0.000660774330784497,0.000838714983334085,0.548630488803555,0.00070187238374397,0.120044497815627,1.68611422657595e-15,0.0700247516860151,0.00170110395000822
"spot_288",0.439735984370272,0.0917696025933963,9.50415025415554e-16,2.29735315072261e-15,0.00948922230437576,1.90943233939179e-15,0.234913345761508,0.160000024170175,0.0640918208002684
"spot_289",0.428625767081244,0.0250082236950262,0.0752635472537809,7.35702796005483e-14,0.177382373668557,0.209943842397873,3.14172327265917e-15,0.0717803104180946,0.0119959354853472
"spot_290",0.187057806579337,3.60479249335248e-15,3.04696668664837e-15,0.0810585220005155,0.2200782120693,0.289402921848622,6.26783217961251e-16,0.0896210474399141,0.132781490062304
"spot_291",0.180873373366397,1.29472937445664e-15,0.230563454712399,0.192501219144907,0.21764573749195,4.3496149852667e-16,3.01162127133176e-15,0.178416215284342,3.29138010640622e-16
"spot_292",0.0843942627832573,1.80648578647032e-07,4.79768431557277e-15,0.256937650131505,0.00256639020428684,0.317231471125419,0.0808394574411663,0.0838602131173329,0.174170374548449
"spot_293",0.407468049381882,0.0971261064027432,2.0577555549584e-15,2.75464692647118e-15,2.6751009827165e-15,0.204771441563753,0.179094897323525,0.0748265805002487,0.0367129248278405
"spot_294",0.135186585340589,0.100104116227657,0.613934433430306,0.104376605497284,4.81363166305119e-14,0.0463982575585405,1.35153130466729e-15,2.62955417955777e-16,1.94557436226875e-09
"spot_295",9.07987430015125e-15,0.152829471118212,0.591045154304915,0.0369049594886427,0.144289744422396,0.0413917151630929,6.27910485109134e-16,5.89771911896505e-16,0.0335389555027316
"spot_296",2.2050974266733e-16,7.54345664058243e-16,0.491134739136804,0.508844616166027,2.06446971643109e-05,2.3928791817789e-17,3.73890006164713e-15,2.94602103663658e-17,1.26862407496277e-17
"spot_297",0.51102011962179,0.0240694447827145,0.298941213012493,3.8637226496101e-16,4.00966792851432e-16,0.0890844222923395,0.000751637434011683,0.075992587309301,0.000140575547349297
"spot_298",0.252888896780858,0.0315258252978296,7.48533850563254e-16,0.00219110770296351,0.269409790401508,0.294380622851286,0.0357465755148533,0.112929932696121,0.000927248754580239
"spot_299",6.53474422101384e-15,0.000599849275813184,1.61406718605338e-14,0.466201928690897,0.0209398690639942,0.512258352969271,7.19864052191644e-16,8.77276115272325e-16,8.48984167343116e-16
"spot_300",0.79354856661695,0.0439566127485548,1.56426072558291e-15,3.87638062173926e-16,3.03248331533947e-16,0.0393214969607522,9.04256402926658e-16,0.12317332367374,5.08722175949043e-16
"spot_301",0.560004822912977,1.53355168518158e-15,5.70263400657201e-16,0.133093708033477,0.0108513267063507,0.0674556948511318,1.46393009085194e-15,0.118477235197487,0.110117212298573
"spot_302",6.95536927887598e-15,7.66129538948068e-15,1.38532011705854e-15,4.90535047013635e-15,0.529397666817263,0.321963835616317,7.31881244613651e-16,1.49571559791039e-15,0.148638497566397
"spot_303",0.218602258908619,0.316010153727071,0.0147319082254993,1.09753573961599e-06,0.118686313530753,0.165028754004009,2.52448947535291e-15,0.128245511450646,0.0386940026176605
"spot_304",0.304228153987624,0.0230051873055229,3.68755370272549e-15,0.201923028232717,2.3432431566106e-15,0.194050752173976,1.67126616116883e-15,0.122006280516917,0.154786597783235
"spot_305",0.370954549764768,0.157580466640102,0.0751588428271579,3.3369432741721e-13,0.18111731636354,1.94781575576394e-15,2.16627734969303e-15,0.09673867671574,0.118450147688355
"spot_306",1.94142672204471e-14,2.33720715840632e-14,1.48166086015537e-14,3.78540174173128e-14,4.95550575794314e-14,0.920209492265466,9.24013037831051e-15,0.000552391447967575,0.0792381162864124
"spot_307",0.1757632506315,0.00580838958316929,3.31266846066084e-14,3.7594218209296e-15,4.21697704886162e-15,0.430819853324217,1.95678517075779e-15,0.387602062010261,6.44445080926645e-06
"spot_308",0.187881025373894,0.176982757221182,8.44202874765988e-16,0.203193890881717,0.155503664604798,1.70800548224977e-15,0.221621396007713,0.0444328222770742,0.0103844436336195
"spot_309",0.225225706956939,1.64054003579851e-12,2.18491567212391e-15,7.28945958725704e-15,9.24930316417186e-15,0.42165538489384,2.89226762564934e-15,0.129077689441813,0.224041218705745
"spot_310",0.162965838181319,0.106742140380042,7.60424791126645e-13,2.74001127900009e-15,0.434573087027322,0.218052806685745,2.64786159723907e-15,0.0769345274668211,0.000731600257985372
"spot_311",0.632260975811519,2.56146629168738e-10,2.72415359369549e-16,8.01997894973e-16,0.00906812738181599,8.84852403604002e-05,0.235870579891824,0.122711831418333,4.08897686306101e-16
"spot_312",9.24560604590223e-16,1.30177952116499e-15,0.38000936203463,0.545143006523179,0.00177554173376,0.0730720824383456,5.73109295708404e-16,3.53680130989892e-16,7.27008140296451e-09
"spot_313",0.472110205366236,0.014795227867914,0.0013741807304835,0.212659863429175,1.81574611808972e-15,0.194743024604466,1.16130977829011e-15,0.0467155222941739,0.0576019757075491
"spot_314",0.0968151797376555,0.000145189507364858,0.171279355184496,0.309039817428391,0.0988426414324741,0.0874647786949819,0.174526660996955,0.0341402490338412,0.0277461279838412
"spot_315",0.681074781233923,1.22569364681532e-15,6.25142912167896e-16,8.55890892343318e-16,8.37245634193517e-16,0.313096046733589,9.03761599138504e-16,7.54220778410668e-07,0.0058284178117055
"spot_316",1.79683925203634e-14,0.000467455781251771,0.0167582345812037,2.26086198166302e-14,0.18957471810943,0.554795080830358,0.109063017521267,3.29714677301277e-15,0.129341493176446
"spot_317",0.198952258059698,0.169155855969037,8.03776580147908e-15,0.324245999630404,0.136421091890201,0.0725653809286831,2.52207963677195e-15,0.029231640884264,0.0694277726377014
"spot_318",7.78761297979528e-15,6.69629159191008e-15,4.45673770140807e-15,6.50201481780267e-15,5.94294862474993e-15,0.00294169888149965,6.8018954507508e-15,7.89503551171867e-15,0.997058301118454
"spot_319",0.263841156182659,0.0605869206990126,0.0372083717871413,0.321973480041238,2.69931789628861e-15,0.124425406929768,8.5684418177459e-16,0.189425404224953,0.00253926013522458
"spot_320",0.142755131690433,0.0370743277889276,1.2488274503077e-14,3.29521348422378e-15,9.78242930444714e-10,0.188033940392708,0.186689571550811,0.0709016038358592,0.374545423763002
"spot_321",0.544179225303262,0.0222531859172034,0.0519802433130213,6.9105966671839e-16,6.14445741665463e-16,0.221626065604326,9.98668881564671e-16,0.0902185397270066,0.0697427401351777
"spot_322",0.492460689063368,0.0983431468890786,0.000958487507410264,0.00940138314363959,0.00702166334511922,0.126528446644999,0.193835222526524,0.000711194047338806,0.0707397668325216
"spot_323",0.357096988520353,0.0285719669370094,4.34874973484846e-15,4.27134244327638e-14,0.17121671023378,0.10880371863416,0.0867404184045574,0.164869803523709,0.0827003937463832
"spot_324",0.64841258648205,0.000777640529688054,3.22942808204779e-16,1.46768767701328e-15,1.76313738282044e-15,0.350809772988257,5.01438367142599e-16,1.94245389008879e-16,7.8138401474731e-16
"spot_325",1.3269876022132e-14,0.195564567178577,0.561631389292281,4.7232276859833e-15,8.37790149276909e-15,0.195290983074372,8.79957761930958e-15,1.90070210152504e-15,0.0475130604547325
"spot_326",0.00702530835327736,0.0728826180997821,0.583301284881482,0.215140372393811,7.1047400607458e-08,1.01281512829052e-15,1.28826786099855e-15,2.44802392184856e-15,0.121650345224242
"spot_327",1.71163459559042e-14,2.35351092697849e-14,0.717696805691794,5.93462589871638e-15,1.57718643420379e-08,0.0955050984627152,0.0626241377624694,6.10386787946074e-15,0.124173942311105
"spot_328",0.0461463466646888,7.67689457489562e-15,0.658754854756607,0.167391669718692,0.00878960508597209,3.7297597209236e-08,0.0110598863156271,1.97395859352297e-15,0.107857600160806
"spot_329",2.2037857320733e-14,6.20352379734325e-15,0.999999999999961,1.21915834507818e-15,1.55379822936214e-15,1.0666702046677e-15,1.24426798928907e-17,5.72763964174318e-15,6.98163917545057e-16
"spot_330",3.43355918873124e-15,7.80516874515136e-15,0.888337670390302,1.20144532522171e-15,0.111662329609677,4.65049718884296e-16,5.83235495308274e-15,2.02102639222677e-15,4.83965522169826e-16
"spot_331",2.17503841408742e-14,1.75607258528119e-14,0.640938441566993,5.63196549815094e-15,3.47785835390287e-09,0.17401544234629,0.00466570065903066,0.0126423672052461,0.167738044744537
"spot_332",0.0854291532611519,0.0809739427588995,0.300804534378269,5.02750908002353e-05,0.266258407017203,1.03547432041115e-15,0.164767565448447,0.0942947141773277,0.00742140786790057
"spot_333",8.73334934071834e-15,4.5163583380223e-15,1.97443467556274e-14,0.260023898657297,0.0514033022246755,0.137735407592258,0.542436703449995,1.12799967582515e-15,0.00840068807574042
"spot_334",2.72742694186637e-14,2.25692882904377e-14,1.98273058760222e-14,2.53288393714489e-14,3.11458309096839e-14,0.451888719610415,0.346630347866547,5.08570465514318e-15,0.201480932522906
"spot_335",0.513058369549311,1.74127721526329e-10,6.35507102339075e-15,3.7079495834541e-15,4.00150321515547e-15,0.211398180697765,4.00940587918382e-15,0.225371456779607,0.0501719927991713
"spot_336",0.149657532536548,0.112303014210108,1.68610914682951e-15,6.62622476147393e-15,0.153567539758333,0.133810746389096,0.0938902750249707,0.11486964816128,0.241901243919654
"spot_337",0.156121271307463,0.0659459397362178,6.87047517029763e-15,4.85685462567302e-15,5.47813092530721e-15,0.219040866913768,0.00695082014291938,0.0566492937641735,0.495291808135441
"spot_338",0.343958022700603,0.0492021679671496,6.62497278136743e-15,2.95046716001374e-15,2.30073833587133e-15,0.0734689159452124,5.57051361905506e-15,0.533370893387015,2.01639020501307e-15
"spot_339",0.495663829145862,0.00679426615630794,1.26821253278393e-14,2.86048376401372e-15,0.0648902803717196,0.180592339794346,0.112310349853307,0.0560575447937044,0.0836913898847379
"spot_340",0.116378731319285,0.00289336872969927,2.64053005088254e-15,0.165412087618912,0.163749300464968,0.203158484648061,0.284646836115106,0.0189864616301474,0.0447747294738189
"spot_341",1.79199052764615e-14,1.95746997887203e-14,7.89475903543971e-14,1.04264742974342e-14,0.434806029597054,0.439384602435769,0.0626116316448137,3.46762529438927e-15,0.0631977363222327
"spot_342",0.998313026240736,2.92866542131491e-17,2.45964230109011e-16,4.89511435051777e-19,1.56292419885765e-19,1.38693317480496e-18,4.25681763360662e-18,0.00168697375926335,4.62787065252606e-19
"spot_343",0.347101661580229,0.0432810294662131,0.0446082657568752,4.92336390338824e-15,0.0357568297067682,0.299751100644068,0.124471968587595,0.07678271365857,0.0282464305996763
"spot_344",0.814509767478611,0.000142223715988669,3.46740094639001e-16,1.27351888469732e-15,1.75761413778227e-15,1.37875987787735e-15,9.79019338633485e-16,3.94261239453964e-16,0.185348008805394
"spot_345",0.576432264776476,0.000289911579252103,2.27653196659446e-15,1.23656669107934e-15,1.21684879525211e-15,0.110841395708264,0.127390097113429,0.0906767537355211,0.0943695770870528
"spot_346",0.20604148494249,4.66064070313747e-15,2.4173317217855e-15,6.48239552807359e-15,0.129314792382313,0.359138905286535,0.108458259515687,0.13981091252542,0.0572356453475423
"spot_347",0.435332936985884,0.104770222291408,1.06604369071266e-14,0.00232681998211702,5.90926939752457e-15,0.121404153635435,4.74221058864779e-15,0.256944829725646,0.0792210373794887
"spot_348",0.395053744742715,0.0388556203489097,4.25266263341224e-16,3.59551731575815e-15,0.274115885231861,0.190369519450766,8.10554843171163e-16,0.0546599430008551,0.0469452872248882
"spot_349",1.09680258184803e-14,1.38228390913125e-14,2.7014747058577e-15,1.1676208651944e-14,9.38959009336676e-15,2.04421868884026e-13,6.64995024107763e-15,1.04702675280894e-14,0.99999999999973
"spot_350",0.404155183632579,0.0555475406986419,2.72148670120358e-15,3.02950584785075e-15,0.00759326749813065,0.420061473452159,0.0911870359123255,0.00652642618338833,0.0149290726227702
"spot_351",0.376804093454729,1.55122074551991e-15,0.100939272847892,0.110529714159002,1.37348930041079e-11,0.18162148109474,3.62219893005994e-15,0.152813155787516,0.0772922826423812
"spot_352",5.7669814230724e-15,4.29801518919431e-15,1.64084136260157e-14,0.476978618136016,0.135190132701852,0.302622217164248,1.54800375444279e-15,1.06686162642794e-15,0.085209031997854
"spot_353",0.420007179263598,0.0229521379615013,1.30220009531133e-15,0.20133301390962,1.24703808404138e-15,0.350465468205821,9.9349897454749e-16,0.00524220065738211,2.07457130592296e-12
"spot_354",0.112953945700876,3.36201733458947e-15,0.0589945472972689,2.40918254654215e-15,0.127482274537686,0.531980637353244,1.60549718375054e-15,0.167499012853617,0.00108958225730071
"spot_355",0.0588321904593538,0.0653671425786316,3.35975806334176e-11,0.026605632371054,3.60409680936041e-14,0.55183974845845,1.19565019009217e-14,0.197814770791455,0.0995405153074096
"spot_356",0.252999672391293,1.83235526884872e-13,1.26446166767775e-14,4.61586036826063e-15,5.35757510113401e-15,0.413067616200922,3.23175863195673e-15,0.160950221750747,0.172982489656829
"spot_357",0.10744596136648,0.190254961220021,0.153803650762739,1.00331253871027e-07,0.0874534614116867,0.159478745894285,0.136093791768778,0.0957923775873158,0.0696769496574399
"spot_358",0.166026652536238,0.000653050371504372,0.179343954660128,0.145249304231359,0.0650706314289757,0.333536657186708,0.0187271557957579,0.0725882018855528,0.0188043919037753
"spot_359",0.132868303560469,0.000377563051960189,0.603622126548847,2.75573565183757e-15,2.06147320285793e-14,0.0531007094886052,0.0165646019126462,0.108988149335395,0.084478546102054
"spot_360",5.3127791890938e-15,0.113631393256324,0.398309771078586,0.228352232714943,7.73212206643902e-11,0.135183251473628,2.47310988408397e-15,1.18465032219072e-15,0.12452335139919
"spot_361",1.23015306298903e-14,1.67560092011703e-14,0.620183026209115,0.279986165182344,9.92835837627066e-16,0.0592168603252879,1.1913413120728e-15,0.0113485210893572,0.0292654271938642
"spot_362",0.570673074922305,0.0176549894880197,0.397545893570288,6.72353105468716e-16,3.42010122451087e-10,2.69565738974825e-16,8.70942554945505e-16,0.00941961491586272,0.00470642676151296
"spot_363",0.665172296355212,0.00049214221906414,7.16039611545618e-16,2.38346458291695e-15,2.53906098556119e-15,0.0984934003629715,1.55305498865756e-15,0.226274974836331,0.00956718622641398
"spot_364",0.0922042221567354,6.53381188350541e-15,3.2927159497118e-15,0.301596442039316,2.27899173444194e-15,0.374429588177226,0.00169713561407806,0.0658967628149791,0.164175849197653
"spot_365",0.505867295276193,0.0423569351718318,2.62746430779105e-15,2.06065649408409e-15,0.306813960690702,1.02630644611776e-15,2.41500161749137e-15,0.0337867829100684,0.111175025951197
"spot_366",0.213020255113744,1.77753849616312e-15,0.0865736256351891,0.038536778882329,0.37385917643691,0.148007854502703,1.79625458110795e-15,1.87688742748754e-05,0.139983540554847
"spot_367",7.70004094374559e-15,0.0521037707625264,1.36234558978235e-14,0.323995590867339,1.47120935671542e-15,0.223064343297069,0.196701631139657,1.79750715647811e-15,0.204134663933385
"spot_368",0.28236061290388,3.91853304035828e-15,4.29421043323196e-15,5.61055206177066e-15,8.71551401034225e-05,0.409061727048545,0.167598455712793,0.130837075384908,0.0100549738097561
"spot_369",0.284119771018225,1.88421401534374e-15,0.0146293536706395,0.211881611694679,0.307796788060752,0.0679831377348156,1.66982542343168e-15,0.0476136725257638,0.0659756652951216
"spot_370",0.598562509004568,1.00375274671008e-15,3.80466290109124e-15,2.85616055096293e-15,4.21073684993723e-15,0.24874370984065,8.54102122684216e-16,0.152567605262516,0.000126175892253993
"spot_371",0.916597070480489,0.0617329752645569,5.33575632470629e-16,8.03662790923755e-07,7.1864418893331e-16,8.08130345115054e-16,1.21704864038149e-15,0.00415103832334091,0.0175181122688189
"spot_372",0.344952104673853,0.049539716471547,1.19540563417649e-15,0.134550575901788,0.00146322963071192,0.0972183191597564,0.162246262204492,0.0945560339182455,0.115473758039605
"spot_373",6.49966430649722e-15,5.09383758631831e-15,1.07239190460032e-14,2.16418958157296e-12,0.457926404826954,0.431189912817402,7.7264143653245e-16,1.21964266707114e-15,0.110883682353456
"spot_374",0.161227612906079,0.0938418662563136,0.0213347412920403,0.190269999885071,0.263921601977354,0.137696408747667,0.105566151455132,0.0237002217253892,0.00244139575495284
"spot_375",0.512439087983045,4.55745860080559e-06,4.51185708674145e-15,2.0139959032285e-15,2.27360127174934e-15,0.082320484215922,0.233345630590224,0.075801952070104,0.0960882876820946
"spot_376",7.3714393743797e-15,0.0170809914165674,0.0193766515511245,5.98797145486687e-15,5.85029574305883e-15,0.719498096896665,0.244044260135622,1.41296202869447e-15,6.46833147547831e-16
"spot_377",0.362267991528424,1.54941613893708e-15,3.54689326101022e-15,0.114349194865992,0.0234889635979542,0.318612386901412,1.34958496690063e-15,0.0194563303505506,0.161825132755661
"spot_378",0.438369327432186,0.0241140912706066,5.11783035004725e-15,0.295741439656501,0.00102275077231944,0.150729153526173,3.19011947601239e-15,0.0873293881265093,0.00269384921569641
"spot_379",0.48898720504984,5.1445824451944e-08,0.000856694559179941,0.202664119511126,2.45664298456698e-05,0.049788628641968,0.0888618202911017,0.121520491580958,0.0472964224901571
"spot_380",0.121520189249341,7.43015372615185e-15,3.44549753188365e-15,7.76666458310071e-05,0.115256105156869,0.18178260880366,0.164065842146539,0.160518748378862,0.256778839618887
"spot_381",0.329625323288862,0.0248848732531725,1.00602305000243e-15,4.79811111315542e-15,4.98244982010479e-08,0.173391481872663,0.216596077104376,0.185213523817201,0.0702886708392213
"spot_382",0.279227592752524,6.49699804629634e-15,2.48269158154657e-15,8.60494385094084e-15,9.41696564721896e-15,0.351284794056088,4.11529401847785e-15,0.340955239896789,0.0285323732945677
"spot_383",0.329471904886359,0.0243174053794715,3.16272500882638e-16,0.0420361235784912,2.19890548065508e-14,0.351704643372521,2.18001803414126e-15,0.0805592197184225,0.17191070306471
"spot_384",0.243178342047648,0.0274438559003805,9.71635247276197e-16,5.90925830911292e-14,0.610390308532221,0.0864461400526855,7.17247543975962e-16,0.0132725670356449,0.0192687864313592
"spot_385",0.321853585318849,1.16048740960548e-12,0.0538802291050426,0.0824124565217717,6.29222134684311e-12,0.208637733527163,0.0660576923063583,0.143210869624262,0.1239474335891
"spot_386",4.69331349844205e-15,0.00298001397777471,4.02747307148567e-15,4.18822467670144e-15,3.19703685623528e-15,0.985422355974971,9.36718579471287e-16,5.71503628325613e-16,0.0115976300472371
"spot_387",0.85109561159901,5.65686000822377e-16,3.95511103028045e-16,7.21307627931699e-16,8.66072914981295e-16,0.0944652489002349,6.84005378945317e-16,0.0324577063917693,0.0219814331089822
"spot_388",0.263317849127888,0.119684824502688,4.44532300877743e-15,0.389665622237799,1.41125316860934e-14,0.0922083761284084,1.54305483209742e-15,0.131569199637265,0.00355412836593309
"spot_389",0.324925916843938,0.186220419441164,3.12323514134893e-08,2.83693611452829e-15,0.0563608204010214,0.129054951511441,0.281092254991479,7.21714939254448e-16,0.0223456055786016
"spot_390",0.298429868749546,0.0195846696983538,1.69437293469304e-15,0.235951115005891,0.0784467945394852,1.81038682429351e-09,0.240041790839563,0.0184297591350152,0.109116000221757
"spot_391",0.273579730391225,0.050104714906972,0.0112598895429743,9.12612875074986e-09,0.274075843339584,0.076669239996838,0.151718979753108,0.157758689395218,0.00483290354795134
"spot_392",0.251163590767176,0.0058731516025957,0.00234473821529477,0.430104531107654,2.60561145601496e-15,0.169829147095488,0.00181865411677309,0.0658966547687017,0.0729695323263143
"spot_393",8.66582114125708e-15,6.90544918650949e-15,1.15293193497614e-14,0.354634859682633,1.08241719978922e-05,0.368429645557978,1.91905299671525e-15,2.14633536611748e-15,0.27692467058736
"spot_394",0.0791273135867533,0.27693164045145,0.0105212705133306,0.178507172054552,0.108736615175278,0.0805812275566155,1.26582924227148e-15,0.0894163532453409,0.176178407416678
"spot_395",1.63695195269549e-14,1.43469481289541e-14,1.82563124988681e-14,6.76057087924544e-06,0.0280817899775809,0.92445372739958,2.51614105311303e-15,3.54276514501578e-15,0.0474577220519051
"spot_396",0.133510908178535,0.0689461995652414,4.77834022047379e-15,0.195863572606198,1.75077842536974e-07,0.173147942596309,0.255464288717773,0.140000340387302,0.0330665728707953
"spot_397",0.432644235441011,0.00347121567227807,2.03396067770612e-16,0.0159528030926754,5.13713535697484e-15,0.38221587673484,1.44322573740996e-15,0.15559108301226,0.0101247860469289
"spot_398",0.278675829959449,0.00535322041626305,0.177531205827642,1.2114094754233e-10,0.0197949907749177,0.179915268679286,0.15144372749328,0.142590097264368,0.0446956594636531
"spot_399",0.376649451753251,1.97401870839725e-15,4.32189644714111e-15,0.121533092604609,0.0504418390083588,0.186133270959537,0.0969247324523625,0.0257042350437407,0.142613378178134
"spot_400",0.341520459679751,2.70685086138784e-15,2.27670490237034e-15,0.0752972351919121,0.0479409587610107,0.075697788448087,0.12427572512445,0.22402213100676,0.111245701788023
"spot_401",1.11625470468941e-15,1.19859266968256e-15,3.40883763702805e-16,0.386618540368104,0.613381459631893,1.39312219998354e-16,4.36308851804525e-16,1.92524127001434e-16,4.42927525383109e-16
"spot_402",0.540732504245518,0.0417137649265663,0.0281009630304388,3.49417798111935e-14,0.0264984627956653,0.101516006901132,0.0211459535431847,0.236891599321747,0.00340074523571362
"spot_403",0.287925793491292,0.0279135371491392,0.000558408209417264,0.0877569656065679,0.191943481810638,0.0617855697766132,0.0855969573928374,0.100783085633165,0.15573620093033
"spot_404",1.52260650803653e-14,2.02370702739889e-14,1.70868006265196e-15,2.23202178020041e-05,4.29461477146947e-11,0.33391308997474,0.293329688514521,5.77805834664264e-15,0.372734901249947
"spot_405",0.58145392312025,0.0216571544465025,1.86785764031563e-15,0.000598583145871925,0.000771007877178234,0.0848144639357557,0.136108606329651,0.0452442129218897,0.129352048222899
"spot_406",0.462908687498803,0.0257529922251311,1.55313594551571e-15,2.54482106042103e-15,1.60127764708987e-14,0.22517665986825,0.132779911124027,0.0416515286859711,0.111730220597798
"spot_407",0.594524608288129,0.143855156065904,4.3316170522061e-15,1.32015268259426e-15,1.30896576827166e-15,0.0745901188483156,1.73177447313044e-15,0.0261267540408086,0.160903362756833
"spot_408",0.475089018925934,2.21663932966029e-09,0.0140545334052127,1.73579759698872e-15,1.60463207163944e-15,0.414033875916938,1.12426074449634e-15,0.0841393654247106,0.0126832041105609
"spot_409",0.135572216263695,0.00109935848319545,1.30726119844549e-15,4.711109768985e-15,0.276666598706407,0.552004611287788,9.01321211212202e-16,0.0346571502783673,6.49805409175082e-08
"spot_410",0.200169435993771,0.0282545426432411,1.68376798272427e-15,4.94634400827016e-13,0.452691500922672,0.0664143972511887,4.93609699784892e-16,0.196871355373432,0.0555987678151986
"spot_411",8.45703610695241e-15,0.533621130838124,2.79328161109037e-15,4.97304606069084e-15,3.69976461513271e-15,0.128268552162557,3.0536070270249e-15,0.00116516011332466,0.336945156885972
"spot_412",0.00620812674732628,5.40159571266903e-15,0.0267179799019116,0.290277280426838,0.0609755770234456,0.320820073584197,0.231327399332717,1.26865667822221e-15,0.0636735629835565
"spot_413",0.408748451408,2.94417293494641e-15,5.80389711402733e-16,4.81535462058565e-15,4.27667399194434e-15,0.28592975926244,1.39671897151785e-15,0.0630842849965994,0.242237504332947
"spot_414",0.296149536352633,0.0641334766835832,2.07741139128666e-15,7.41864390642046e-15,9.28895557008856e-15,0.437556026651879,1.27567159937938e-15,0.0194309987305714,0.182729961581314
"spot_415",9.29977879552559e-15,8.145737124698e-15,3.71323195522006e-15,0.50838184364476,2.33599399643928e-15,0.439908859994115,8.38914625068468e-11,2.62486288171437e-15,0.0517092962772069
"spot_416",0.534493589294521,0.184487989801027,0.0279073180810809,0.0189538544925256,0.128831391637448,1.05331677995883e-15,0.00703870835293989,0.0955950148629166,0.00269213347753951
"spot_417",0.410828392721166,0.009723223920689,1.35688356397726e-15,3.45106123616074e-15,0.114148393382294,0.16297292612825,1.8157332912228e-15,0.0936845343551493,0.208642529492445
"spot_418",7.96360816032392e-15,0.0151696541923524,1.03974121808285e-15,7.19193612256347e-15,0.545492145470056,0.189517808734613,2.82662177469192e-16,1.75607917736432e-15,0.249820391602959
"spot_419",0.173156110548212,0.0844312446118691,1.71301513883212e-15,3.98195281094655e-10,0.0458270910975889,0.380095291774543,0.205839880060987,0.093388207723917,0.017262173784686
"spot_420",0.0423221310257554,5.06680413206767e-13,0.286585034656162,1.48298468255157e-15,8.9389956201402e-16,0.147126138120238,1.91662069486052e-15,0.383982597750001,0.139984098447334
"spot_421",0.302773503173347,2.35894110739361e-15,2.7582984244622e-15,0.129786757912795,0.0758079745851624,0.31448807739605,0.140588960180712,0.0286269659549139,0.00792776079701485
"spot_422",4.92198213097141e-15,3.65404445661125e-15,2.19344622244052e-15,3.14126045540962e-15,2.7173153967927e-15,8.82019054957368e-15,3.40946003650303e-15,3.39060813619312e-15,0.999999999999968
"spot_424",9.72100503434967e-15,0.0317055114727543,0.0229838341285237,0.407525654936474,3.28988935462225e-14,0.136141516883427,0.0969872585805179,3.01355847802751e-15,0.304656223998258
"spot_425",0.28932758016729,0.11268592818061,2.85420672914643e-15,5.99314725339561e-15,6.3469165954245e-15,0.303986210834626,2.17467093023446e-15,0.136687751934567,0.15731252888289
"spot_426",1.51103682918025e-14,2.24256921683377e-14,2.16940159661977e-15,1.51051410290559e-14,1.81671317981107e-14,0.656853744372008,2.29375596426378e-15,4.91405356311146e-15,0.343146255627912
"spot_427",9.82398196433816e-15,1.11193518389051e-14,1.46238119537035e-14,2.36047878737531e-14,2.80452292891286e-14,0.5093014795702,0.410414857158481,3.17925668890696e-15,0.0802836632712283
"spot_428",0.274510173647615,0.106944053653533,3.94264588955609e-15,0.164807880512969,4.52617271949935e-11,3.17772369686551e-15,0.111778043910842,0.0327423734119111,0.309217474817861
"spot_429",0.38174435824288,0.375740828098722,0.000992092069355425,1.18446523638577e-15,1.39280118266261e-12,0.0118192952198331,0.108902935711751,0.0524383435301662,0.0683621471258979
"spot_430",3.08434376028208e-14,6.08718149756388e-14,1.38699542887775e-16,6.48565911181614e-14,7.4096654593598e-14,0.337856434204868,4.1302136873243e-15,1.50117570194588e-14,0.662143565794882
"spot_431",0.409755059139315,0.0726639355707745,5.39087551528094e-15,0.118862583213741,0.00086854987395625,0.0433419870247152,0.117654584632238,0.224949221384418,0.0119040791608363
"spot_432",0.375266935493683,0.333233167106438,1.85802865182357e-15,0.16773879073666,1.68485617992586e-15,0.0233547584404989,1.73803621915504e-15,0.0733831349186626,0.0270232133040528
"spot_433",2.77995623523403e-14,3.12711075809917e-08,1.09623670792104e-13,5.0308996747433e-14,6.93637746601089e-14,0.57922145866782,1.39958031960556e-14,7.74262468795494e-15,0.420778510060794
"spot_434",0.842132421883092,6.15968910273582e-16,0.00426910318377058,6.05600650989319e-16,7.34180103715381e-16,0.032608998238985,6.10363974135468e-16,0.109748256352193,0.0112412203419566
"spot_435",0.307802437083336,0.0128260550125539,5.47954129102798e-15,0.16447705866089,0.172302081842064,2.10625059591957e-15,0.190993335310668,0.0995334216132864,0.0520656104771941
"spot_436",0.203563708398567,2.27455422178793e-15,0.193115872552231,0.248596754932196,1.66694101802316e-15,0.315148133089018,2.13211055895879e-15,0.0218190901040503,0.0177564409239316
"spot_437",0.169700141107284,0.0811678830404668,1.54169197239604e-15,0.200342302296886,3.49857903353214e-08,0.160368956325073,0.0180968946895755,0.0396696207329804,0.330654166821943
"spot_438",0.159344332233909,0.0655157911776054,3.69106182070391e-15,1.27525265081277e-05,0.0498760694591947,0.294536322937535,0.179861122933838,0.0987887052364288,0.152064903494977
"spot_439",0.166253994706501,5.71086503654383e-08,1.66985118760826e-14,0.21861779651854,0.230953492751525,0.087900974889182,2.92951479941756e-15,0.246019189478395,0.0502544945471867
"spot_440",0.157093522483332,4.98430974771089e-15,3.24543703099379e-15,0.0415223609755583,0.205017649858463,0.198514434092378,0.114213555664699,0.0679975453616185,0.215640931563942
"spot_441",0.537400134520003,4.13588573045942e-06,1.35634318503414e-15,2.10684219658111e-15,0.0382585181140356,9.60784975606405e-16,0.368633331449395,0.0557038800308313,4.81975715658658e-16
"spot_442",8.08782928165006e-15,1.38182627266391e-14,9.31964091654647e-15,0.00565440627613585,0.484179039420649,0.296964947062675,7.6221143285038e-16,2.5984042963915e-15,0.213201607240506
"spot_443",0.174901267719448,0.0455184958326999,0.0347937337060397,0.00827646560102833,0.154028490164175,0.195761227152242,0.122451799097987,0.216554113314926,0.0477144074114527
"spot_444",0.106256202424014,9.34164205342578e-15,1.14239194266152e-14,1.12700635577915e-14,9.87198122328109e-12,0.416317219613841,0.167736961470167,0.233638804555045,0.0760508119270285
"spot_445",0.403000849079498,0.00035799942037629,2.69493376395067e-15,0.287283361150949,3.47066041406968e-08,1.76366295851127e-15,1.96945994809428e-15,0.222445323552693,0.0869124320898731
"spot_446",0.310939620214548,0.0127036963966709,0.00364383069375926,3.55270712276349e-15,0.191156202346538,0.0845377543646489,2.64519508449855e-05,0.144853294394884,0.252139149638103
"spot_447",0.341175364583808,6.45166032382858e-15,0.108289018217051,0.0756560499894949,0.237702940628808,0.135545885100571,1.03796820779757e-15,0.0146410127138944,0.086989728766365
"spot_448",0.161379206996254,0.00271101112033406,0.000840918198020711,2.05488479351683e-12,0.285610006605734,0.271761262614007,0.194905629734021,0.0162275646792343,0.0665644000503396
"spot_449",0.379850543609038,0.0384747094275323,0.000474328349326997,0.151867246210175,0.182352262868197,0.0660166364621238,1.68692227907079e-15,0.0507680521484348,0.13019622092517
"spot_450",0.334911585465744,2.07139816096402e-15,4.58217432312469e-15,2.49202302896425e-15,2.47971794295916e-15,0.331802325313455,1.84217500849412e-15,0.310710772650198,0.0225753165705886
"spot_451",0.41217450546206,0.014637714374523,4.63015220894671e-15,0.0601863087416634,0.142190565738719,0.19615133230098,2.0408986178256e-15,0.0354429605331015,0.139216612848948
"spot_452",1.9448487646774e-15,1.78368172280804e-15,7.60338438409381e-15,0.594872061594148,0.398114068152766,3.49215478107381e-16,8.95868792436141e-16,4.82897387857272e-16,0.00701387025307279
"spot_453",0.346387347041618,5.33176004998379e-05,0.00014650630478187,2.23056222362092e-15,1.60635714830182e-15,0.255764838537638,0.123164109488973,0.274483880885805,1.40681329138422e-10
"spot_454",0.310009584740604,0.0711086407539461,1.35782650064042e-15,3.63700745086432e-15,0.287236720513549,0.118663154615326,0.204089050870261,0.00218595717795138,0.00670689132835864
"spot_455",1.42551620290443e-14,4.46765223073328e-12,0.0627483285771363,0.0786592447002921,0.0829527192219719,0.27429021970876,0.184184448019331,3.10099017432595e-15,0.317165039768024
"spot_456",0.0607680372615206,0.0384663677709462,1.55131635100506e-11,4.93680649874714e-15,0.239023997528151,0.119338086803779,0.427984193952757,0.0994162135543282,0.0150031031129992
"spot_457",0.434818032459617,1.0024717784923e-08,1.98596857533512e-16,8.74707935090419e-15,3.20719540484831e-05,0.265179309215979,0.179235580651935,0.0404220796814337,0.0803129160122596
"spot_458",0.627217588735391,1.64406378686712e-10,0.0515686664566138,3.76561387239713e-16,3.48293531401943e-16,0.0928031821132987,6.19849678288143e-16,0.223643783654732,0.00476677887555746
"spot_459",5.7183972134046e-15,5.21398361300804e-15,2.90219035616109e-15,0.273481631866419,0.38350306809847,0.306566847684197,1.37669643158601e-15,1.03446816287101e-15,0.0364484523508982
"spot_460",0.263720295220171,1.10953185299588e-08,1.22078374003605e-15,0.0184425467792974,2.58624503571856e-14,5.80846356256881e-15,1.23370648311344e-14,0.31007486704134,0.407762279863829
"spot_461",0.561380628216465,0.028211894987075,0.00547917884634258,0.152785391929678,1.83222750111307e-08,8.05309070761291e-16,0.202749612543406,0.0434567692379462,0.00593650591681107
"spot_462",0.0980226189009119,0.159459172146104,0.215470114906623,0.114412901592294,3.06648237961949e-15,0.339146165766369,1.47186317593504e-15,0.0734848767944857,4.14989320826699e-06
"spot_463",1.87706133843989e-15,2.14674506678762e-15,1.4029041605228e-15,0.999999999999993,6.47446819414258e-16,1.39580215429988e-16,2.12050843579227e-16,7.06580353727563e-16,2.77053033486277e-16
"spot_464",0.139675592733672,4.64907786865136e-15,0.0139631992244326,2.29972516719562e-10,0.272062425848211,0.10601105841101,0.18925957535448,0.244512557921104,0.0345155902771131
"spot_465",0.281575791125477,1.39050952437501e-15,2.83507744343539e-05,2.37793138514304e-15,2.69328499294135e-15,0.619903946612807,1.27452825403506e-15,0.00104255698648651,0.0974493545007876
"spot_466",0.318196780246828,8.27470559043096e-10,1.19500118222364e-14,0.172703957843039,0.000480170852441965,0.282221104333547,2.83388743136289e-15,0.136993874405816,0.0894041114908423
"spot_467",9.58787259204447e-15,8.65755338440966e-15,5.87135203223968e-14,1.31243816881604e-14,1.61776688810629e-14,0.299624375186569,0.433730993923525,2.9620900440822e-15,0.266644630889797
"spot_468",0.49519647366729,1.59521235313666e-15,1.78592742339561e-16,2.54872352492191e-15,0.244985244815822,0.0736650396928302,1.11032255365173e-15,0.000228426090492881,0.185924815733559
"spot_469",0.168098694699509,0.240908007581816,0.172027496149113,0.00771393957915203,4.2721381842542e-09,0.0881437618485877,0.126280106873239,0.0429111347847795,0.153916854211666
"spot_470",0.486753781176522,2.43125146588322e-09,1.84160609703961e-15,2.7321224254134e-15,0.173327546068349,0.249477458338413,3.42628051904982e-15,0.0277712923232139,0.0626699196622418
"spot_471",0.712836523810198,3.85089704448553e-05,3.54579884140586e-15,2.37502286262439e-15,0.142570768656968,0.0368830784238355,2.19784810727242e-15,0.03748618340743,0.0701849367311155
"spot_472",0.469841553059948,8.17650253743059e-14,5.40149333571891e-15,0.134152563036177,0.00137100976647098,0.165073546162361,0.174449165699535,0.0115245545196519,0.0435876077557698
"spot_473",1.00075656347641e-14,1.08096189133571e-14,3.95079660536395e-15,7.56278190887632e-09,0.784035086279605,1.41522536601973e-15,0.215964906157584,2.41900060259808e-15,1.00407457154591e-15
"spot_474",0.377999201391266,0.010582833156171,1.90421596858917e-15,0.138462990400727,0.0989036650206531,0.0328904829316043,0.169873017828038,0.0251294144621794,0.14615839480936
"spot_475",5.42056451190215e-15,0.00686514456916995,8.04028733257729e-15,1.0188751550743e-10,0.442455915680282,0.260224507762323,0.160517452270011,2.05631715197818e-15,0.129936979616311
"spot_476",0.0502486686310693,0.126170403742544,1.03422688211441e-15,0.204477416219957,0.322630428714188,0.186143592236433,0.07905751803062,0.031266712139134,5.2602860534428e-06
"spot_477",0.293919517145871,8.2284670826407e-08,2.47408790824153e-15,0.248300632307514,0.213184741994591,1.56479543127757e-12,0.218456439202335,0.0167527468424783,0.0093858402209726
"spot_478",4.85465042035889e-15,0.0252680687949909,0.0232468668394908,0.0615826063266979,0.663776892451555,0.208832301276315,3.52938925319915e-16,1.50088880812021e-15,0.0172932643109432
"spot_480",0.580530702670521,0.0377890983842288,3.20303670188196e-15,0.00554064850115536,0.045964042381482,0.0893735031776239,0.150754647181158,0.0421580374586558,0.0478893202451717
"spot_481",0.437970389763194,0.0103168294867589,9.75479559753639e-16,4.84105938967667e-15,6.36798650580588e-15,0.250844866899981,1.39620271896283e-15,0.012417516193504,0.288450397656549
"spot_482",0.356720527074056,2.42376506878606e-15,2.4665803597736e-14,3.30931925856815e-15,3.51686887411099e-15,0.437419016056725,1.43868487962126e-15,0.065621439940094,0.14023901692909
"spot_483",0.23699318072457,0.125762274554875,0.0201265469795995,2.59971433419841e-15,2.90836486725132e-15,0.407363449593359,1.83529536233175e-15,0.155664590835503,0.0540899573120867
"spot_484",0.165800568304783,1.49163153422199e-11,0.255597136046258,0.00799462489389157,1.38287045085502e-15,0.210761403278878,7.32548226863744e-16,0.111236127273919,0.248610140187352
"spot_485",0.542613444492676,0.0341812196895092,0.236683861311744,2.72525850254679e-16,1.77043849655556e-16,0.0317041324409511,1.08058253499787e-15,0.133539385352097,0.0212779567130214
"spot_487",0.497292105909722,0.0077096814925474,1.18617880645232e-15,0.1137947993977,4.70884400895621e-11,0.093419553005564,0.123112233193714,0.0518700523089674,0.112801574644696
"spot_488",0.0512088300981721,7.99814692975852e-15,5.49692808748522e-15,0.187465006989428,0.240698516058858,0.2050966441087,5.191894653416e-14,0.101914020012045,0.213616982732732
"spot_489",0.0711206569701028,0.187501714196119,0.0572170991669376,0.0958080978280642,0.232478404560112,0.213742785239724,0.0113907842575925,0.0349758091985617,0.0957646485827868
"spot_490",0.969315940450636,1.90102052903345e-16,6.34938323247099e-17,5.95564158289911e-16,7.60503535998804e-16,0.00265368320786471,7.90488141674352e-16,0.0280303763414942,2.32775372177737e-15
"spot_491",0.151502463840896,0.124473285690186,4.05890658364543e-15,0.0361239063427984,0.275202233327837,0.219305198174561,1.50331996314151e-15,0.000749906063957285,0.19264300655976
"spot_492",0.369314999423884,1.63551888050145e-14,0.026290837007192,0.318555917450836,1.86880923494714e-15,0.113247990501228,1.77786950979812e-15,0.0844294501276945,0.0881608054891454
"spot_493",0.0109083054999453,0.155932492122666,4.26266183333407e-15,0.33322510346438,0.00133901673777695,0.000638508187629666,0.226326307249733,0.101276777749846,0.170353488988018
"spot_494",0.404611451026141,0.00290669893190613,4.41320497238674e-15,0.0341645897974547,0.0320217079288496,0.132216533323908,0.104543295214167,0.0976260236106773,0.191909700166893
"spot_495",0.669384953869159,5.37068345949421e-11,5.81360433430411e-16,1.81700055691844e-15,0.00112501657590342,0.252911506743831,5.33122497848624e-16,0.0180220734827356,0.0585564492746609
"spot_496",0.545999895146698,0.112808175275261,2.94392467172199e-15,1.06399486595128e-15,1.15244940082493e-15,0.0455161834937786,7.38458727558243e-16,0.258438647749837,0.0372370983344191
"spot_497",0.386501372635132,0.141615015803189,4.22610110826009e-15,0.133074322394114,1.90517287095026e-15,0.0794094557319322,0.0403501569564696,0.119644180873965,0.0994054956051917
"spot_498",0.323159418215735,0.0083721477432784,1.23373803435251e-15,0.282558366503288,2.21983306119695e-15,0.385910066969835,5.57714841029228e-16,5.21300800524759e-10,4.65586222723561e-11
"spot_499",0.462292591055165,2.41427470698434e-15,6.37097044668749e-16,6.107934660353e-15,1.42298652343031e-14,0.526728417813478,1.69200164426146e-15,0.000142008116018619,0.010836983015313
"spot_500",0.476526287750039,0.0222675653777913,1.63147877665182e-15,0.131184991496274,3.01228518108477e-05,0.0945397874899634,0.156859948401389,0.079562261448957,0.0390290351837739
"spot_501",0.233369051577156,0.0401476084176923,6.25077313123322e-15,0.17922494005936,0.0081381827690446,0.149372836522658,0.184275231895909,0.113244532779512,0.0922276159786608
"spot_502",0.233573953527357,0.0763053760245088,2.24051235282141e-15,0.0882480498495489,0.377740630699991,0.0402769801753812,9.86694091810485e-16,0.0686703670038211,0.115184642719389
"spot_503",0.385647518434346,0.0624841809105643,2.01338203837801e-15,0.000295314966464076,0.196203744914934,0.0980909235531321,2.20045642259452e-15,0.0205676072886646,0.236710709931891
"spot_504",1.35532751399917e-14,8.05766259635428e-15,7.21710100131837e-15,0.0319168637321804,0.528325419067159,0.251914946002751,6.99912873206549e-16,0.187807139462458,3.56317354228324e-05
"spot_505",0.432250234493189,0.0334499496712309,2.31466723288427e-15,0.244175711929371,0.22365195544341,0.0435219455367212,2.46765102944517e-15,1.70640496446052e-09,0.0229502012196683
"spot_506",0.789180153083816,0.000917185909242381,1.69631980054457e-16,3.50559905391429e-16,2.87259683810699e-16,0.125250290987588,2.5913279043721e-16,4.95470234655814e-14,0.0846523700193032
"spot_507",0.401434494530665,1.13332261357845e-15,0.171747458319928,1.36434635158449e-15,1.07446479059918e-15,0.0649064972528273,1.13511349661642e-15,0.0446776924875553,0.31723385740902
"spot_508",0.46805925432305,0.0234628190091967,6.76937503526559e-16,1.08037152760139e-15,9.65356377096832e-16,0.459902078418073,5.99761483148536e-16,0.0485758482496761,9.56641978085663e-16
"spot_509",0.270929680575933,0.36677914568701,2.21614738072879e-15,2.74777031451039e-15,3.1446525636903e-15,0.264933166338054,2.29872518062589e-15,0.000189695736505531,0.0971683116624877
"spot_510",0.201671316015393,0.352751923476468,4.70042955806209e-15,0.105058384543908,6.10443810539631e-07,0.0611116470332274,0.100995933947312,0.17050544118218,0.00790474335769656
"spot_511",0.215253517756496,1.00384769501495e-12,0.202555856065989,3.36654215738639e-15,3.52027269601619e-15,0.2300731826256,1.84496260221079e-15,0.193855731194286,0.158261712356617
"spot_512",0.392720186920614,0.00515783260854849,3.66346835847911e-15,2.98962129108351e-15,0.0022807180115313,0.173312015887372,0.252756143090298,0.0116312883750157,0.162141815106614
"spot_513",0.261619455235042,2.1044356116315e-15,4.84894086260966e-15,2.78550721449276e-15,2.6268227561687e-15,0.649105241550229,1.4313254601344e-15,0.048673588757168,0.0406017144575476
"spot_514",0.5382518254532,0.00735138515849376,9.4978128766075e-16,0.0353013432067302,2.32948412762224e-05,0.130941763083072,0.186525090155719,0.054301302974387,0.0473039951271214
"spot_515",0.0787979880695433,5.60907635444669e-15,0.0174950160829046,0.309481068226451,0.0945511195279719,0.0966325416051201,0.0472307038648395,0.114223230936466,0.241588331686698
"spot_516",0.320200766294151,0.0892444100709383,0.0154839682176012,0.392518472755331,1.59537345603964e-15,0.0625662988542613,1.55867828430543e-15,0.0597846873877293,0.0602013964199845
"spot_517",0.336935901389935,9.40453950139449e-15,4.83332629404644e-15,0.234711327021735,0.000389209314096488,0.145207779526081,1.13872951654219e-15,0.192049397059932,0.0907063856882039
"spot_518",0.193248932339763,0.109035463572112,4.16466786503473e-15,8.15845009386913e-15,9.55081169105232e-15,0.317779831574105,1.95349387720987e-15,0.200786442820751,0.179149329693246
"spot_519",0.396740741003977,0.000337439918613454,0.183084137842674,0.017867176303542,0.182009768138453,4.22929684663958e-16,0.154161937713199,0.0621452759049846,0.00365352317455696
"spot_520",1.19213367282032e-14,1.16761438779961e-14,0.014257818303464,0.452070577382413,3.76518666693537e-13,0.00245054961102909,0.117488624639462,0.1770166942722,0.236715735791032
"spot_521",0.228148261944507,2.71935342557481e-14,1.04574648271562e-14,0.288046187415899,0.00153313293053603,0.31037987501322,0.0970326635812677,1.02983566801186e-15,0.0748598791145321
"spot_522",0.256838548536924,1.47036502271226e-10,1.17296119955546e-14,1.4483416899714e-14,9.77350546954744e-13,0.495059823487124,5.85591318950918e-15,0.0629419654563621,0.185159662371544
"spot_523",0.215601532573394,0.0599201884564671,0.0730431840058248,1.27284824475521e-06,0.313459332754764,1.99944350810712e-15,0.124059210566193,0.21391527879511,1.12043208362979e-15
"spot_524",0.234644787039027,3.62709015895614e-15,1.36873260048759e-15,0.186283181744853,0.016510476432696,0.335116522209772,2.32095901512847e-15,0.00469699597273922,0.222748036600905
"spot_525",1.08065375035262e-15,3.20564942432476e-16,8.33413083941222e-15,5.70350981012834e-16,5.16107685873245e-16,0.999999999999989,4.58612924885994e-17,3.57817017279556e-17,1.45362728614558e-16
"spot_526",0.0592884970108501,1.32931189337705e-14,5.16940493653571e-15,1.47830743125708e-14,1.2448826517076e-14,0.753390138474413,4.24971399333819e-15,0.179744790153344,0.00757657436134321
"spot_527",0.556460836184526,0.0216700450834149,1.33085301130015e-15,0.025181653661795,4.73345395182356e-15,0.260053857437466,1.42328865775272e-15,0.136153047541819,0.000480560090970647
"spot_528",0.271477873805603,0.286665523863588,3.92472988862293e-15,3.14420726591736e-15,3.31955473517711e-15,0.148025595104983,3.16094615566097e-15,0.0249309700674069,0.268900037158406
"spot_529",0.253766899682724,0.0436321482767714,0.0202759669667065,0.097035533866848,0.346001109630313,0.0464401596861449,0.0684813500185192,0.0188317484056395,0.105535083466333
"spot_530",9.3509792857136e-15,0.00132250020512645,8.71929577531946e-15,0.47089322904408,0.0233182687450221,0.0796075328655423,0.14441287786734,2.50664967308502e-15,0.280445591272868
"spot_531",4.09014079020927e-15,5.49508588577571e-15,5.27855773282308e-15,2.50348313478214e-15,0.436822429263649,0.296106230182038,0.265215416792072,5.58128010810004e-16,0.00185592376222295
"spot_532",0.291970952966184,8.63131712560117e-11,3.70009953274484e-16,0.00489989330873921,0.589027815696821,0.000400297971551849,6.23601893580368e-16,0.113701039970389,7.72245411916564e-16
"spot_533",0.429861011330061,4.20323861765303e-06,0.00982204852084813,0.191945167496442,6.13998052768152e-05,0.0635462228475396,2.6148374991906e-15,0.110550816228849,0.194209130532364
"spot_534",0.331047537998808,0.0431011579193931,0.196963147365735,0.175290530242369,0.017525799539381,0.130261998201997,0.00108531689262589,0.095729259101975,0.00899525273771737
"spot_535",8.34635836003912e-15,6.70538181754739e-15,8.70245314758346e-15,0.225877564027919,6.44493765436759e-13,0.237514936052668,0.243871534605856,2.2194149365248e-15,0.292735965312886
"spot_536",0.267662263712503,0.114623958933146,7.38632200236083e-15,0.0705135256707552,0.0768804814307127,0.109537172607846,0.131156441633698,0.162566201776701,0.0670599542346313
"spot_537",0.356200266929442,0.20408243064003,6.45710503861645e-15,0.324293134279683,1.44452481292883e-15,0.0283097155677817,1.47236137425157e-15,4.36119091953921e-16,0.0871144525830534
"spot_538",0.104421818635476,0.0522217864317129,0.167851000131824,3.17042977308972e-15,4.10718602019655e-15,0.451098363051316,2.04368003294089e-15,0.146190548834271,0.0782164829153903
"spot_539",0.334890311762222,1.14589012286153e-15,0.106068336879663,0.326190228772443,0.232850697509258,1.92662878100216e-16,2.18625930256339e-15,4.25076410495955e-07,1.86119869501357e-16
"spot_540",0.0198771478505731,0.511459511598525,5.16045646381147e-16,6.62230001948366e-10,0.20949991331804,0.136838579710183,0.0775794574930056,0.0442345110626276,0.000510878304815296
"spot_541",0.173919006746009,0.199248285925822,0.190345796950281,0.368270459890768,8.33927163717763e-16,0.0210730948634187,0.0125951525657576,0.00188068808886206,0.0326675149690803
"spot_542",0.488267893285652,0.0471890335781721,0.00310227780674542,0.115327671463897,0.0158018705567921,0.224556176464354,1.88586064394618e-15,0.0645482025008119,0.0412068743435737
"spot_543",0.130519680745728,6.27670050809603e-15,0.0121022145094891,5.35140658465619e-15,3.50646301845456e-14,0.591577653300744,0.00694564188062457,0.10367849447719,0.155176315086178
"spot_544",1.11853059286108e-15,8.65956030054735e-16,1.49376648857272e-16,5.04246194273542e-16,2.11368646170566e-16,0.999999999999996,3.22241828735092e-17,1.41866957337014e-16,5.68448766047133e-16
"spot_545",0.26639655468921,2.66914843801141e-15,0.0793074631456806,2.75976572450512e-15,2.61200325117358e-15,0.369123062819371,0.111909966056467,0.00411257755236669,0.169150375736896
"spot_546",0.801893051529849,0.000170979797128154,9.33220296558541e-16,4.4455785594996e-16,4.32363107872735e-16,0.102602507434007,4.11645000419616e-16,0.00894985115045677,0.0863836100885569
"spot_547",0.186890498764357,0.00144432169681028,8.5690276667464e-15,0.317134784621684,6.33975552664823e-14,0.372188880992099,2.69757488182066e-15,0.0583511029894413,0.0639904109355329
"spot_548",0.246215688150721,0.0143632016022722,1.32758023589811e-15,4.547093780976e-15,0.291341574147874,0.0851752812905566,0.0958301457695648,0.0801407075475085,0.186933401491496
"spot_549",0.369732789421571,0.19132612453425,2.57365265772749e-15,2.87307105348142e-15,0.000991045601925985,0.19386785637838,8.05370596973622e-10,0.0526928206523213,0.191389362606175
"spot_550",4.86529278465336e-15,5.97692191910504e-15,4.25202984730659e-15,0.69315608340977,1.16965852807331e-15,0.306843916441553,6.08284134590879e-16,1.29013498169012e-15,1.48659450743368e-10
"spot_551",0.415869098915089,8.13795926623153e-16,2.23784353709099e-16,0.431514760900018,2.97756677193016e-15,0.126021122617885,6.51765004697641e-16,6.42060589996002e-16,0.0265950175670032
"spot_552",0.277204388150493,0.32822042537864,1.82922240894403e-15,6.9992999663128e-17,2.64782950786182e-17,1.93524034766564e-16,3.72179971742101e-16,0.394575186470864,3.88051328412421e-17
"spot_553",0.207838428721934,0.157926275446564,0.0715897316888356,3.14977802517133e-15,0.164539315422801,0.157032949467363,0.134336217969411,0.0999464749716266,0.00679060631146223
"spot_554",0.324426553325673,0.0272129739385411,4.12773197758716e-15,0.136311580449351,0.023088600724806,0.0513954079650203,0.0770503732680431,0.143934002820229,0.216580507508332
"spot_555",2.69964963237603e-15,1.33618633571559e-15,3.20430269399258e-14,0.513758610523798,2.46445033267085e-16,0.486241389476165,2.439127690285e-16,2.75375781595637e-16,3.79914668459744e-16
"spot_556",0.232900522549624,0.00242145740803764,1.48596563662503e-11,0.197364076576256,0.218811754266901,0.00886844440909019,1.60938112778068e-15,0.172956421537321,0.166677323237909
"spot_557",3.50151195148911e-15,2.88064607554149e-15,2.20781157904459e-15,2.99399101544475e-15,1.63297065063646e-15,0.999999999999986,2.86466675399399e-16,3.43290729801426e-16,5.0859629962102e-16
"spot_559",0.399125712433781,0.000771553063347332,2.56757125202118e-14,2.48007196302901e-15,0.258266709149816,0.26501277817621,4.32009293924757e-15,0.0415269542220013,0.0352962929548121
"spot_560",0.541748951493972,5.71691192535391e-16,9.24316366228188e-16,0.405637680503033,3.29058382079084e-15,2.97928835293117e-16,0.0287241058748677,0.0238892621281214,3.75551809927203e-16
"spot_561",0.200768168740146,0.0132769333837161,3.96688086596141e-15,0.323675798193546,0.203967332061525,0.14982595993815,1.20821997215464e-15,0.0349283135266684,0.0735574941562432
"spot_562",0.531529021143058,0.0981777644089196,4.75875225543223e-15,2.89978154603528e-15,2.93857368689078e-15,0.046986228342212,2.83249619826212e-15,0.104789496414848,0.218517489690949
"spot_563",0.330578292901093,2.93900974036116e-15,2.70122721762642e-15,4.1191400024377e-15,0.0247714743958447,0.333086328481436,1.77648084834698e-15,0.0945555030541355,0.21700840116748
"spot_564",0.668019301191455,3.65895252673814e-16,0.00426669679852761,6.20589079828643e-16,0.0244029048626103,0.00617895303427687,0.115274813995264,0.0152678241838684,0.166589505933996
"spot_565",4.25283832343485e-15,5.60984118588904e-15,0.126677484267824,0.450929960035791,0.13476170206366,0.28592935790017,1.65860033324987e-15,7.02978306103343e-16,0.00170149573254284
"spot_566",0.156506550538779,0.0312595140319334,0.000562836143391382,0.147957130098767,2.15998344375714e-15,3.37102469996908e-15,0.57248898669441,0.0864034374196996,0.00482154507301487
"spot_567",4.68995066573167e-15,8.28392569421562e-15,0.0142356235238844,0.500184866472993,0.0336752090485905,0.249420481987534,0.1737131931617,1.37582596637282e-15,0.028770625805284
"spot_568",5.40309664374776e-15,5.42286679148607e-15,2.61432399045808e-14,0.548615851966451,1.14147593123208e-15,0.446418359296045,0.00263979194370537,1.13510820964515e-15,0.00232599679375964
"spot_569",0.425153383184517,2.97423617299166e-15,1.74716037386641e-15,5.94825675719542e-15,5.90897767260146e-15,0.149703889802186,2.49460616647102e-15,0.100575491392289,0.324567235620988
"spot_570",0.427165125884665,0.0722844444233926,5.93574423371761e-07,4.23713313753817e-15,4.21629014456874e-15,0.187773865738531,4.07579436429357e-15,0.111415817935328,0.201360152443648
"spot_571",0.0157491217530365,0.806392062880792,6.74193057777096e-17,1.85700397217417e-15,2.21115217452148e-15,0.149186437719049,8.48842930666254e-16,0.0286723776471126,5.32769235524813e-15
"spot_572",8.13395651418006e-15,7.97623888578563e-15,4.5534262430094e-14,5.26754982094408e-15,4.12821374660499e-15,0.0476106155226421,1.26366523350209e-14,5.45023116352495e-15,0.952389384477269
"spot_573",0.103951518868238,3.6177296531559e-11,0.0219302663539147,0.302296437768826,1.49488540954188e-15,0.346657991079534,1.4067101626918e-15,0.0832420301839214,0.141921755709385
"spot_574",0.185682815141755,0.0701571959287889,3.92269955490084e-15,0.124912177532647,0.21886906644823,0.348826423518683,3.99758944803052e-15,0.00201808136609735,0.0495342400637905
"spot_575",0.481318341543287,3.53657147422984e-10,2.25511866572071e-15,6.91899282498773e-12,0.0586862970079272,0.161887224488622,0.238408286505898,0.0512448836420667,0.00845496645162132
"spot_576",0.676442964837067,0.0127059972177903,1.42196367008333e-15,0.075653265052352,1.43164611437048e-15,0.0384083017244289,0.00428020646926536,0.116157271213686,0.0763519934854081
"spot_577",0.311620548474837,0.00351184257674546,1.1128908352715e-16,0.274220961039414,0.0919512511162513,0.142527520881629,1.21707976744117e-15,2.25062824972727e-06,0.176165625282872
"spot_578",0.182974505249983,9.82387215305912e-06,2.64774259517385e-15,1.63823647488657e-14,1.99804453468988e-14,0.135147637346468,3.33118957114632e-15,0.262722095743837,0.419145937787517
"spot_579",0.3400390548426,0.0100714523445802,0.0428888638405615,0.0940990243568503,0.0609124392027118,0.0845881497340286,0.1462827585694,0.219131576075567,0.00198668103370066
"spot_580",3.33855151602717e-14,5.06670700647335e-14,1.12395463397594e-14,5.91023618540204e-14,8.38471601739223e-14,0.524873476320391,8.27356251810347e-15,1.05751542922628e-14,0.475126523679352
"spot_581",1.06122137634077e-14,1.07510085004508e-14,2.67122151425416e-15,0.00935280094079554,0.535329971218636,0.0811737291446201,0.124314992827854,2.75997245016209e-15,0.249828505868068
"spot_582",0.121722471023555,0.0401656763062415,0.15078078912722,0.228760178401443,0.00902651366898359,0.172049729267792,0.17505496600797,0.0549827437198715,0.047456932476923
"spot_583",0.0480536580789866,0.0633573412959882,6.52991337026e-15,0.556402610593993,0.0253228411091714,0.137846816290973,1.24706946693866e-15,0.105528042235338,0.0634886903955424
"spot_584",0.208698071175335,0.0149114522975337,0.0395962546825404,3.47935554266109e-15,0.394866333775454,0.121904401778745,0.163575313531509,0.00431630946679489,0.0521318632920844
"spot_585",0.294389623504354,4.77739063096006e-05,8.15659090242311e-15,5.56531627817897e-15,6.14169884087619e-15,0.285520275968052,3.86885377231838e-15,0.420037835742611,4.49087865006466e-06
"spot_586",0.233108515551742,0.112993577299996,0.0956318544022067,0.173506661164846,4.95531398693179e-13,0.0726837390503786,0.282087405476218,0.0167418694720362,0.0132463775820812
"spot_587",0.327259904768437,0.0803597832810514,0.00663127544711056,6.27857471504456e-15,7.16362345104237e-15,0.0949926911317632,3.38505908495239e-15,0.25018378900508,0.24057255636654
"spot_588",0.325522138735156,0.240512837923981,7.48693789273359e-16,0.210185855716194,0.0763795660764555,0.0967060773718797,1.13692158725552e-10,0.0489367553370684,0.001756768725573
"spot_589",0.608675074995064,1.71161516447533e-15,1.77507913728031e-15,4.53352690276756e-15,0.0845588087776789,0.157718661840209,2.24141778533181e-15,1.36022764601877e-08,0.149047440784761
"spot_590",0.478697847903886,0.0250125276669905,0.231020317313336,9.93172084969005e-16,6.99069263297306e-16,0.0984385859588172,1.33535414868437e-15,0.126612446065842,0.0402182750911257
"spot_591",0.134870444756013,6.65562840494439e-15,0.0227329099185363,3.83864024452886e-10,0.0514163369949811,7.70037620660337e-15,0.320611947558633,0.252556680898521,0.217811679489437
"spot_592",2.03356346395885e-14,2.16107534769677e-14,3.07779286277046e-14,2.22152384876461e-14,2.45201223289752e-14,0.00666640773792293,2.45323151635078e-14,2.05808101438147e-14,0.993333592261912
"spot_593",0.467516937289273,0.161400166596068,0.0320759770728342,4.49919402272955e-09,0.0562566575359827,0.0249491822820637,0.135722593014586,0.0153079111919119,0.106770570518087
"spot_594",8.3513567619826e-15,2.86564255683596e-05,3.44809461698942e-15,3.69916822957624e-13,8.08960310176091e-15,0.999971343574033,1.41802900803169e-15,2.20928547203696e-15,4.73192805526884e-15
"spot_595",0.0571743402524772,0.3717116317399,1.05098889149606e-15,1.40681554055218e-14,1.75805607157335e-14,0.176647675899025,2.59499431590717e-15,0.0672890240776443,0.327177328030918
"spot_596",0.178020467552283,0.245014591058481,0.0441880666352977,0.419900944138819,0.0136334966848775,7.17146647526994e-16,1.95469442593857e-15,0.0950050494959662,0.00423738443427326
"spot_597",0.459316110827946,4.75480374036436e-06,0.293258660432541,0.0572016857207624,1.52717420013883e-11,1.98367924602553e-15,2.77901418342208e-15,0.0526173247319278,0.137601463467806
"spot_598",0.264335281095034,0.00583653543403048,0.111338621496352,0.201510290832871,0.0981110757203675,0.0790175968739431,0.0210554169614366,0.128483655084844,0.0903115265011213
"spot_599",0.439363833379473,1.21783897965807e-15,2.33178441452114e-16,1.23490470158118e-15,1.01244869035167e-15,0.560636080143402,4.81359636744222e-16,4.21135667095882e-09,8.22657644025841e-08
"spot_600",0.42128597886696,0.134378862865471,3.87098350288261e-15,5.32372256068646e-15,5.82167703058328e-15,0.0735035349012895,3.56920077796098e-15,0.105627365976723,0.265204257389538
"spot_601",5.06581862047141e-15,0.687546254858835,6.24231235742305e-17,4.71501553103561e-15,6.37749658617904e-15,0.118121747562408,1.78521156681153e-15,5.42644279313976e-11,0.194331997524474
"spot_602",4.56179802723101e-15,0.683219404266139,3.94884910862779e-16,1.5307098988881e-15,2.31401068352895e-13,0.205413645489252,0.0358527469731629,0.0113660947809949,0.0641481084902133
"spot_603",3.45255895817641e-15,0.283328466642685,0.00345410080826358,0.350382962984189,0.0341361035340268,0.179335906198442,0.149276749209489,7.34777294835184e-16,8.5710622900039e-05
"spot_604",0.332948154372542,0.0095576478152007,0.0532883978744374,0.00248262862898297,0.17411375625817,0.219954537367097,0.0735252682522362,0.0995369197643987,0.0345926896669343
"spot_605",0.342227248624121,1.86482493115047e-15,1.0039794714291e-14,2.60399836490502e-15,0.0724287879669211,3.10326807843821e-15,0.183918737603261,0.186522294760342,0.214902931045337
"spot_606",5.43787917059457e-15,0.00216797529201543,8.80590400860169e-15,0.559100660883135,1.59458757438393e-15,0.334819441455966,3.8278043373163e-16,1.19760315235958e-15,0.103911922368866
"spot_607",0.0638416018570935,1.30824918168033e-14,9.63694750484096e-16,0.494267664167447,0.0101195678737425,0.334363458306559,0.0203177748518866,0.0620458623318332,0.015044070611424
"spot_608",0.261321979330317,0.0431904093457923,8.55910257920793e-15,2.40501518237834e-15,0.279958193106219,0.320352977819284,2.65631217793158e-15,5.38896347215819e-10,0.095176439859477
"spot_609",0.0882790574218486,0.00082106073930201,0.371785120579623,7.9743961212333e-16,4.86805599941955e-16,0.186811582245511,7.47579217551391e-16,0.338649555944448,0.0136536230692652
"spot_610",0.358031405189453,0.0831005046978325,0.0440704825361347,0.316641194888355,1.21735716269524e-15,0.13938517975834,0.00471131224708699,0.0540590073282515,9.13354544906909e-07
"spot_611",0.43340077726099,1.85329887224545e-14,9.38815209704388e-10,0.113688017047376,0.0679662684942261,5.39188344486093e-12,0.208843714386063,0.139106408620789,0.0369948132463295
"spot_612",0.19497021093161,2.23995507094929e-15,6.30338415171428e-15,0.377247893510349,0.000408908723909551,0.115820037435594,0.188836183497763,0.0104648040287622,0.112251961872004
"spot_613",0.571477996168223,8.00455328476752e-16,0.0104921009456614,1.5178059702756e-15,0.229955621034192,0.118152037860222,1.89258425557978e-15,0.0620052883588017,0.0079169556328962
"spot_614",0.276781623557713,0.0142842917600565,0.00635337666097671,0.278409706449058,0.0222837681804485,0.163742614660949,1.99975227886086e-15,0.0613515305217368,0.17679308820906
"spot_615",0.084348789341179,0.0370673764583267,0.00576339241437978,0.171391875679056,0.021121801109642,0.293625357613045,3.59585920811062e-15,0.214019613870914,0.172661793513454
"spot_616",4.69670348626206e-15,4.57458904498455e-15,0.0734993443069726,1.30772080743356e-14,0.616538338770206,3.44099861958869e-05,4.85032344391287e-06,1.42045488132073e-15,0.309923056613158
"spot_617",0.536668996700513,0.0451404764304417,0.0014814531067257,1.48357093315068e-15,1.73411837423796e-15,0.00738442269017118,1.82211900839392e-15,0.255607456784665,0.153717194287478
"spot_618",0.514328396104378,0.0410800443079627,0.0017538567762761,0.00209223713111142,0.158310415105923,0.0764766211273949,0.0443415626180536,0.15400026089335,0.00761660593555018
"spot_619",0.243153148747797,0.0489280566127969,0.0514369432784614,5.98070330904129e-15,6.49112697910631e-15,0.363432794336987,3.07984734714578e-15,0.145635022413808,0.147414034610134
"spot_620",8.02296977655361e-15,1.24458595899234e-14,3.23199924841078e-15,0.421571972653623,0.0761598638482848,0.161672893306297,0.19377372707406,2.37035070735322e-15,0.146821543117709
"spot_621",0.340246514242709,0.00349829257011687,9.58041349719097e-15,0.214777350225243,2.33735648354971e-15,0.0515210594000626,0.0309577490757843,0.119939955156422,0.23905907932965
"spot_622",6.28001568406847e-15,0.0427495496761078,3.46438336534925e-15,0.606323943180128,0.0324735719204196,0.229334924668347,0.0176512887720978,1.03526393729548e-15,0.0714667217828892
"spot_623",5.17139111782663e-15,0.346591696729823,3.47358419122523e-16,0.173376396175416,2.2556313651148e-15,0.279813223160084,7.80802166274651e-16,1.78334635745086e-15,0.200218683934667
"spot_624",0.344899997783003,0.0346448474809991,0.0267868463792824,0.203782731824181,8.94956322894883e-13,0.0957079064760871,0.29147175619908,0.00270556126516247,3.52591310113405e-07
"spot_625",0.244269235955004,2.92791680796761e-15,0.16705793877312,0.140865803719841,6.05215278450865e-05,4.24024810612553e-15,2.86256327956338e-15,0.259521929667365,0.188224570356815
"spot_626",5.77945623557435e-15,0.0432047644641123,0.33948335211239,0.588589259757431,0.00880749662824626,9.12646301288492e-16,0.0199151270378124,9.71134609247713e-16,7.50941861151061e-16
"spot_627",2.5361649727747e-15,2.07814063873462e-15,0.471789876953,0.490959373098676,1.31356498364216e-15,1.2776730940252e-15,9.42483262858153e-16,8.3196621467987e-16,0.0372507499483158
"spot_628",1.15503536438905e-09,0.00088234434529534,0.251694859774427,0.48338118667338,2.0868807118242e-11,1.54845662044694e-15,0.263934570421733,9.46912615898514e-16,0.000107037609258034
"spot_629",5.67413402208913e-15,4.17195929153517e-15,0.190790540725624,0.78747968057073,0.0217297787036315,8.73726172961979e-16,6.71927986407391e-16,1.50365386674823e-15,1.42226744884055e-15
"spot_630",0.0676418288883868,3.70170798756088e-15,0.134404910362563,0.234266430585356,0.0946234570058711,0.157135941460842,0.123413128186048,0.0199275269611674,0.168586776549762
"spot_631",0.403070347136086,4.75614042786054e-13,1.21830119067697e-15,2.58474877566722e-15,2.63720711911633e-15,0.303162369808761,3.87067744292832e-15,0.280361055284876,0.0134062277697911
"spot_633",4.43541967178419e-15,0.651336894530145,7.8083287733686e-16,2.15195428378623e-15,2.10025873502075e-15,0.286382398728486,1.18249514701951e-15,0.0102475412521055,0.0520331654892525
"spot_634",3.64007641061331e-15,0.595430856134386,1.16126456757834e-16,0.173936882659547,0.00649809968876787,0.109535920223834,0.114598241241739,5.17209116054133e-11,1.31891835518787e-15
"spot_635",0.321386397017927,2.49582426381757e-15,6.82612292165384e-15,0.251028611897241,1.2336474581403e-08,0.0831908026426702,2.47148814612714e-15,0.078826237075967,0.265567939029708
"spot_636",0.199862260209839,2.83918660622109e-15,1.53383492046074e-14,0.121114297822409,0.11560376674617,0.0890634800185156,3.77765992987289e-15,0.0278275547040933,0.446528640498951
"spot_637",1.1309352476054e-14,8.21614608979519e-15,1.37575174964983e-14,8.12126622461509e-15,9.91549296529601e-15,0.472815399720145,4.16303263710783e-15,2.66984266692197e-15,0.527184600279797
"spot_638",0.444699453460535,0.0246827874063369,1.49399402525945e-13,2.77206875301727e-15,0.226507492354922,0.0393959755430273,3.27535777724429e-15,0.104617025931449,0.160097265303575
"spot_639",0.0730993989341059,6.1069575235787e-15,0.0465312554055446,5.17364843853468e-15,4.6125066623923e-15,0.725119789994897,1.53435672660488e-15,0.131377408870686,0.023872146794749
"spot_640",0.822184827109984,4.00398087267718e-16,6.16368925835061e-16,2.31931856469704e-16,2.19059729446862e-16,0.0202361584559123,5.59234802833102e-16,0.157579011358524,3.07557776069062e-09
"spot_641",0.335960053482395,3.62219267188263e-10,3.16621463834701e-15,0.399364787069706,0.0693247426554025,0.0831997198973933,2.78305272472361e-15,0.100623185697986,0.0115275108348916
"spot_642",0.349931421889039,4.78709077204303e-15,0.0894218066405516,0.141739704671891,1.51303915893164e-14,0.173911379588982,0.151164874244971,0.0542142494826927,0.0396165634818526
"spot_643",1.5570610646241e-14,1.00196154421176e-14,2.61425268250951e-13,1.13372658772177e-14,1.13315227413075e-14,0.723421674969459,2.81189977525749e-15,2.53804319238656e-15,0.276578325030226
"spot_644",0.152803330397837,0.226955725010189,0.0218726851267901,0.113191019791513,0.0382288394518292,0.227291690250867,0.0866991922036235,0.0448084100286988,0.0881491077386528
"spot_645",0.441289999845033,1.46524507767108e-15,0.0958422422383861,1.94218070405463e-15,0.111387800200972,0.172494190201503,1.58958955317952e-15,0.0207937687273442,0.158191998786756
"spot_646",0.112698506031724,3.13376452032009e-15,5.25016903700297e-15,0.173057550426868,0.326696095951625,0.253117865742885,9.19303277844892e-16,0.0453261321292666,0.0891038497176224
"spot_647",0.713265514415858,0.0168286711157569,6.89530879519628e-16,1.11446754397799e-15,0.0234389247850475,0.0902775145322666,0.116052908958319,0.0337149531997476,0.00642151299300278
"spot_648",0.102663645776118,2.71012865757451e-15,0.180815864976089,8.28879922583936e-09,0.100158380927905,0.304948887371016,2.26348185564026e-08,0.0666408425191041,0.244772347506148
"spot_649",1.09360468827057e-14,1.352974683032e-14,0.00462864500755998,0.0211611922482393,0.316832027012258,0.437939446309992,0.0951963311189288,2.45906647783311e-15,0.124242358302994
"spot_650",0.539224073905574,1.73387464998715e-15,7.4430680133482e-15,1.42871426872657e-15,4.16593324105669e-06,0.00637900525076728,0.000786634639816764,0.114012696267918,0.339593424002672
"spot_651",0.473074868005511,1.19045806659401e-15,5.07533698708551e-15,2.03370935699811e-15,2.14923183095193e-15,0.36858964294099,1.42714543042733e-15,0.0401191803442228,0.118216308709264
"spot_652",0.405087015624114,0.0669840349869048,0.0200371155117784,0.497615311800309,0.00464323467889326,1.66141616133515e-16,3.62545953001301e-07,0.00563292485204686,1.94723447127015e-16
"spot_653",0.704013203089525,0.0110946186654924,3.09621366864709e-16,1.43293773853961e-15,1.54003162745726e-15,0.129224851969779,9.85535996344626e-16,0.148470929857818,0.00719639641738203
"spot_654",0.355000907452887,0.0539668610668921,2.01585918994815e-15,2.33834584525334e-15,0.179603323247901,0.232850493338754,2.82728142507696e-15,0.0760072445304637,0.102571170363095
"spot_655",1.58638835031682e-14,0.162724647105282,0.161169272086683,0.300901102599853,0.0382052742107823,0.194350718768068,5.27530325851245e-15,6.13134353784864e-15,0.142648985229305
"spot_656",6.67137735181896e-15,5.10153420686547e-15,0.321250038323064,0.477273706534279,0.0329012479640032,2.76544020763624e-15,0.131231828629831,8.89293164600494e-16,0.0373431785488073
"spot_657",1.83376047944503e-15,1.9551171977626e-15,0.446978116133151,0.360717682039801,0.0328489889259323,0.00229813458013678,0.146772110558768,3.79957637926771e-16,0.0103849677622062
"spot_658",0.139220221815564,0.128574357239444,0.00933648421106721,0.317678834896683,0.114730802787907,0.0202928454699384,0.232771480714187,0.00127975278586145,0.0361152200793476
"spot_659",6.28431152121591e-15,2.30327005428024e-09,0.116924628282178,0.485069269096554,0.0397441455066259,0.30206392601902,4.93110664115277e-16,9.3829355026114e-16,0.0561980287923437
"spot_660",0.173131137600153,0.130615730138279,1.25136216068922e-15,1.9381026855921e-15,0.42867794864645,7.25416154745153e-16,2.0116907454095e-15,0.267575183615111,5.30634987351042e-16
"spot_661",0.150152817779262,5.31020962552776e-15,0.00145092886286312,7.46259313500701e-15,0.188654766352546,0.176591804664612,0.0962671436458902,2.16337984962703e-15,0.386882538694811
"spot_662",3.82202259778471e-15,0.851405286482249,4.07149513676394e-17,3.05948642037226e-09,0.00524334460414443,0.126402479239732,1.68427597658704e-15,0.00102393981689504,0.0159249467974878
"spot_663",0.0701263594291922,0.741362566805119,1.78437478644648e-16,2.38525530100119e-15,3.43962944891339e-15,0.0965048880373242,1.42475095268558e-15,0.0920059642678163,2.21460540728612e-07
"spot_664",0.377104312021001,0.485460546851766,3.13721847539753e-16,1.97663668667522e-15,2.49781145157837e-15,0.0232530683209452,2.13734986186071e-15,0.11418207280628,1.32938039760916e-15
"spot_665",9.53261852913761e-15,6.40735486419273e-15,5.99451748619921e-15,6.66311761366782e-15,7.7768352933912e-15,4.89635142982913e-15,7.66995956033303e-15,1.21301804263161e-14,0.999999999999939
"spot_666",0.231984918108925,6.68444726121298e-06,1.15785057841006e-14,0.299088604493131,1.7914070416973e-15,3.83746154057586e-11,2.80235056884177e-15,0.324506648215083,0.144413144697208
"spot_667",0.146560158062983,0.0870470460263969,2.19761441778657e-14,2.45655405465046e-15,2.27353382692093e-15,0.66814945105633,0.00122038740399907,0.0953669677511578,0.00165598969910696
"spot_668",1.00684947291555e-14,1.4433109640163e-14,1.16458763666849e-15,1.4250242340106e-14,0.234477997563158,0.287806657315679,0.422871373057356,3.5523732732232e-15,0.0548439720637638
"spot_669",0.630316362704533,0.00679761411648958,0.00202427008938273,1.13613503613554e-15,8.64928010108574e-16,0.254512485152505,6.30462004278309e-16,0.0716197723769131,0.0347294955601741
"spot_670",0.228646875192112,0.0464532551668907,3.95625421642507e-15,6.08692328329697e-15,0.0217218614003101,0.556036978955505,1.54713671739266e-06,0.103548677585153,0.0435908045633012
"spot_671",0.0754067181283612,0.0903154864064198,0.0011825314111492,0.427819872569997,0.0803841360106055,0.0827652730013532,0.180220970284148,0.0431009470556208,0.0188040651323454
"spot_672",0.742240484095824,0.00198538807022036,1.76846252206758e-16,9.25416041704773e-16,7.87891521167841e-16,0.224840131076261,2.59706638435478e-16,0.00231675801753336,0.0286172387401589
"spot_673",0.0781337498146396,0.1129255184329,5.19518775883506e-15,7.15490019334932e-15,4.51993517891384e-11,0.206596400317074,0.373810045634818,0.205955143985527,0.0225791417698297
"spot_674",0.220043324619856,1.81554488755219e-15,4.75530285524064e-15,0.55328450002566,0.0160716999291516,0.196883623575336,9.40970150935721e-16,0.0112347357064291,0.00248211614355978
"spot_675",0.43123348071272,1.27035868916771e-15,7.34716806025194e-15,0.217436985597833,1.64283692906459e-15,0.204853205854861,0.0126206561526699,0.133825664576457,3.0007105448928e-05
"spot_676",6.31818964747518e-15,6.52237579937362e-15,1.85801390975109e-14,0.0031507552600137,0.151231808453707,0.488017350957442,0.117128411855091,1.05674096152675e-15,0.240471673473714
"spot_677",7.28153504207577e-15,0.281803979197305,3.28485841971175e-15,0.225853252304904,0.0167033347692472,0.305715173881147,0.0212834499426762,0.120364784379479,0.0282760255252307
"spot_678",0.208174858535165,0.0744933380595954,5.09094332620492e-15,0.00433691119267862,9.71422957619886e-15,0.327246492637011,4.27243384558879e-15,0.335210712886116,0.0505376866894157
"spot_679",0.212188845376295,0.0163177154022872,5.33734764648367e-15,4.5732286057143e-15,4.49378108253393e-15,0.0895311491601799,0.510215668058135,0.147962039748482,0.0237845822546072
"spot_680",0.575925025691641,0.000394733155336372,0.0530924695108014,0.000491342972614564,0.0275537081949063,0.0874848450503659,0.10443063243093,0.0961288035506878,0.054498439442716
"spot_681",0.237805369221686,1.75510238137888e-15,8.07247180896691e-16,0.393214887571962,2.30617809963733e-08,0.0374827213025932,0.0724265885260145,0.0131798880164657,0.245890522299495
"spot_682",0.0921281309556543,3.11738160128265e-08,4.66320684940031e-16,4.85207895325873e-15,0.549442092101512,0.0355286747463449,0.185569995805414,0.111405807245863,0.0259252679713911
"spot_683",0.00289209983949741,7.9416001659726e-15,1.2540535144998e-14,0.268179748271749,1.46179268702279e-07,0.349957324545381,0.355502785768759,1.73421542971081e-15,0.023467895395323
"spot_684",0.829711896262304,3.26467547005684e-11,0.00455753024445306,7.86269678331611e-16,1.20759976121256e-15,0.12717851376983,2.21357931347072e-16,0.0372800496571887,0.00127201003357555
"spot_685",0.684100753072709,0.0336773023008973,5.04095466878173e-15,3.27507861767477e-15,2.83261739724808e-15,0.207837543517788,2.45485277978323e-15,0.00403019710434858,0.0703542040042438
"spot_686",3.23201591020536e-15,0.00848655079040431,0.289322053983862,0.529985332804157,0.0730454424498679,6.61093121141401e-16,0.0892783950412925,6.53837308568719e-16,0.00988222493041132
"spot_687",3.8637214781661e-15,0.534378377971974,0.00976267412844481,0.176454044264854,0.0487334888961144,0.159421849306247,1.33674218501019e-15,7.7959515919104e-16,0.0712495654323598
"spot_688",0.677526283747741,2.53148037256707e-07,0.151770410677527,0.113022753475092,1.72487278741744e-15,6.65834281059601e-16,1.47613409719297e-15,0.0539340348279671,0.00374626412363204
"spot_689",0.0678507063306071,0.156541552105825,0.000335710560431866,0.0650826077975099,0.259731789275956,0.0903788372312557,0.0585101585884221,0.0903462318168317,0.21122240629316
"spot_690",0.216378937369496,0.0992438224780912,0.0429603470126172,0.042436500366809,0.0394457645534022,0.329812707570145,0.153868665213665,0.0537069020855144,0.0221463533502599
"spot_691",0.253013611592067,1.93567096751966e-11,5.83139861177504e-09,0.00940107606210948,0.317045028773409,0.334226300605383,2.68926192823398e-15,0.0412589802575799,0.0450549968586933
"spot_692",0.266334225347951,0.441223715464185,0.00441314012506662,0.197947069168032,1.81104894963351e-15,0.0662965999242297,1.20309985824544e-15,0.00958595927421,0.0141992906963239
"spot_693",0.55219850181949,0.0216261494578294,8.78827607346306e-16,1.55412959059502e-15,1.63915163670676e-15,0.00276661366198709,1.61566964666983e-15,0.255602920013577,0.16780581504711
"spot_694",0.93291720497245,5.89656945138223e-08,7.22426502212889e-17,2.14065587219472e-16,1.41742457246763e-16,0.0466685569805454,2.34185640331485e-16,0.00509700200327111,0.015317177078038
"spot_695",0.038817260216461,6.11548149395431e-12,1.14875249250042e-14,0.273204292253379,0.0056262851062389,0.442443122251447,0.00513371257989846,0.0634030283202665,0.171372299266182
"spot_696",0.223779286928257,0.230272458010672,0.126029462696148,0.0384665994678366,0.138041142130679,1.63598224397549e-15,0.129994705866569,0.0302778996985709,0.0831384452012668
"spot_697",0.339555074773611,3.00301768626008e-14,9.30007763107339e-16,0.319721118305337,7.83159147899354e-05,0.106896396248764,0.0611057969321443,0.0982428209931313,0.074400476832192
"spot_698",0.410230697365134,0.23290782688169,2.05707619965862e-15,2.44732222526815e-15,2.79100534258994e-15,0.0650624618090359,1.8301822446747e-15,0.145325976491611,0.14647303745252
"spot_699",0.160605043337228,0.0260260957033861,0.128305839670214,0.0207757550403379,0.304222438949888,0.0966121032941822,1.79685265681963e-15,0.0283008229875355,0.235151901017226
"spot_700",0.60529834713011,0.0264915320509493,1.22648901390613e-15,1.9185038903133e-15,1.1804390846715e-12,0.110358063373958,0.000174572766894875,0.246700122815313,0.0109773618615918
"spot_701",0.394205676603024,5.64519968305359e-08,0.191857415580109,8.45385878107544e-06,0.00897378930318155,0.190827416827825,0.19598800125696,0.00784943214565853,0.0102897579724633
"spot_702",0.338510016097697,1.16189870900847e-15,0.113186210386663,2.09168136059986e-15,0.268362885811258,0.260047001413974,2.50719374735665e-15,0.00649362711945727,0.0134002591709455
"spot_703",0.456985380521596,0.000152454124466367,0.0181259667695527,0.265043775191659,1.42918395516222e-15,0.211208270387464,1.16235547385601e-15,0.0484837807338839,3.72271375835531e-07
"spot_704",0.76368443629216,0.00948747168799016,4.52696389882131e-16,9.88286048285792e-16,1.291968345721e-15,0.215634695216488,7.16351090699626e-16,0.0111933968029117,4.4648712604198e-13
"spot_705",0.482797625533751,1.83413755918578e-15,7.45290179988673e-16,2.4095859549708e-15,2.31628796573867e-15,0.0897470065440062,0.245720076941667,0.0922966411520376,0.0894386498285302
"spot_706",0.00116038444175551,0.315170629734249,3.02459927252095e-15,2.45846999178023e-15,2.44964960820684e-15,1.56016392014889e-12,1.73293610450627e-15,0.359700707555484,0.323968278266942
"spot_707",0.599894886944326,2.13954271954153e-05,0.0254505691363333,0.124582395835289,1.72390342070165e-09,0.0642644101666377,0.0438353777914241,0.0574561396757195,0.0844948232991716
"spot_708",5.773395976515e-15,3.19471562980978e-15,2.23964006888748e-13,2.55666729369651e-15,1.34645476669196e-08,0.58057151017903,3.41153976637155e-06,8.02380715389791e-16,0.41942506481642
"spot_709",7.02083890121182e-15,0.0209080909027685,1.30867071326387e-13,0.460217451410189,0.277783124276112,0.160075821621482,2.07919441830062e-15,1.30591667110287e-15,0.0810155117893068
"spot_710",0.33636070761047,0.24737266553481,0.00478071736137939,0.145517530932478,3.25937805465736e-15,0.0305191172309929,0.137855945635558,0.047432927481893,0.0501603882124161
"spot_711",0.521867363585539,0.0168265338311059,2.022327005963e-15,0.170152291269473,0.0545166642295988,0.0916762117179929,2.31178208047301e-05,0.0129458252163087,0.131991992329175
"spot_712",0.174434448715615,5.2734466652926e-15,2.37462498281081e-15,5.63456745293981e-15,6.06198173250672e-15,0.19085900274052,2.32405918510011e-15,0.14638618531424,0.488320363229603
"spot_713",0.483061279581598,0.0589430914413631,1.23586687773186e-15,8.49849326622969e-16,5.30584146953312e-16,0.306312148049843,6.91358023772482e-16,0.151683480927192,7.6289299632932e-16
"spot_714",0.531606353228673,5.1209615852209e-16,1.44228770343577e-16,1.47658070129198e-15,0.00309050980935927,0.461333125277953,7.47175274941845e-16,3.37527998736717e-16,0.00397001168401065
"spot_715",0.308916426559764,0.0833528283594234,3.03191777455496e-15,7.5987101344239e-06,0.0376613352975412,0.256343364601669,0.201157293425017,0.021972257671282,0.0905888953751665
"spot_716",2.80506454937265e-15,2.01331853055358e-15,2.82595377111498e-15,0.671618659942103,5.66284311128236e-16,0.267795960309637,6.4089752320325e-16,3.20508878771769e-16,0.0605853797482503
"spot_717",7.08682773207457e-15,0.005076076856265,0.0759873460643013,0.295293272996061,0.0117028752157588,0.154520570020642,0.354881311751463,1.62508462806097e-15,0.1025385470955
"spot_718",2.77529726126237e-15,1.76823772198294e-15,0.115755055737756,0.371941115604102,0.000263598792822151,0.508803796148603,0.00323643371671187,4.28455486511031e-16,6.69709094292994e-16
"spot_719",0.0999515688223872,3.9640811288512e-15,0.000368148342384555,0.00553484923540147,0.396300647370085,0.263726620986661,0.00518098885488469,0.169303885943026,0.0596332904451664
"spot_720",0.196657330396112,1.5041746759647e-15,0.056676521595322,3.29020397706905e-15,0.2426113547892,0.270266737401797,0.197280302371116,5.27713319413049e-16,0.0365077534464476
"spot_721",0.165617677119298,0.14620591241457,2.58699085610702e-10,3.32562455287658e-15,0.223969873081894,0.171027022696962,2.72101231795611e-15,0.12021133607898,0.172968178349591
"spot_722",0.356448895390027,0.0609454482643795,4.67512627486681e-16,0.0646585306054351,0.00399985743186866,0.183936224382066,1.87014106601835e-15,0.010023685324113,0.319987358602109
"spot_723",0.642784199321151,5.19968749763127e-16,2.16858149956662e-15,1.31617689917817e-15,0.243232930454952,7.29844248743713e-09,1.49296642621472e-15,4.27395086084111e-16,0.113982862925449
"spot_724",0.451380941966672,1.29649041098367e-15,8.11744388095623e-16,2.11043228759087e-15,1.67908647432584e-05,0.137280212216554,0.286420737859685,0.00548082168790746,0.119420495404434
"spot_725",0.209454533717297,3.40467031629228e-15,1.19445144852686e-16,0.229291975026068,0.259368174487632,0.273914255061598,8.98237991697319e-16,0.0115145592939667,0.0164565024134339
"spot_726",3.47790193877642e-15,4.23368427688837e-15,0.18280007901101,0.342882970621782,0.00947837933343947,0.429475128087796,1.74484039305516e-15,5.24477774503387e-16,0.0353634429459629
"spot_727",0.391195276545819,0.00485805854026749,0.10739863460866,0.078654677449747,0.105990244168511,0.231011429884541,7.53077570193114e-14,0.0308573964098343,0.0500342823925449
"spot_728",0.0911777164171326,3.62252406106815e-15,1.06542333376687e-15,0.670208815728387,6.11992806279634e-08,0.0813977262817731,6.23075372773997e-16,0.124097512846828,0.0331181675265936
"spot_729",3.48812270979657e-15,2.88981072559237e-15,0.0145983599324539,0.464992798517966,0.209895865049908,4.60742529932383e-16,0.310512976499664,6.44031070858877e-16,3.56509271508645e-16
"spot_730",0.205051992289272,0.0143823557099784,0.0249374122978031,0.396735847009614,0.124796564159483,0.0585174642940646,0.127870605151768,0.025280742278934,0.022427016809084
"spot_731",0.398443984165796,4.75990652444358e-16,0.00776379846657899,1.82779575160858e-15,0.500831965985812,3.91009493891405e-16,1.11221999101479e-15,0.0924024910969001,0.000557760284909268
"spot_732",0.199142656273695,0.218625341308925,9.47626991413591e-18,5.36569972394059e-14,1.00240659477728e-13,0.0542269270144784,3.27602563935474e-15,0.293975085744201,0.234029989658543
"spot_733",0.400284315874309,0.00143093593318885,2.09252054579823e-14,1.3368729965095e-15,1.31611207991304e-15,0.227368111732249,2.5203807605204e-15,0.0125913549559759,0.358325281504251
"spot_734",0.398733596600811,0.0128488269969744,0.0157075084198971,0.165349621261935,1.39694613753427e-10,0.189907155998106,0.158124082108577,0.00144980330747829,0.057879405166527
"spot_735",0.413955575306222,0.363637956661821,6.17880964815363e-16,0.0707677199392079,2.73809889122355e-11,7.53893827072614e-06,0.0765862704649716,0.0334351913939202,0.0416097472682047
"spot_736",5.51924742118044e-15,4.84813701891205e-15,0.0376322084090055,0.332331796079286,0.364800677796955,0.132620750859341,7.32054514707569e-16,9.45948988263093e-16,0.1326145668554
"spot_737",8.12232779385985e-15,1.36224080233888e-14,5.28033690293799e-16,0.561763740975086,0.0177950019533148,0.363549864878917,3.81927319761685e-16,2.98385147367942e-15,0.056891392192656
"spot_738",0.33399599245467,0.188554121394003,0.0120819250547423,1.24689279010061e-15,1.2689859290153e-15,0.0788287435361042,0.143249083656907,0.151269185204276,0.0920209486992937
"spot_739",0.508373651441084,0.103132494308626,0.0225713118155346,4.62643116615305e-15,5.05579134785048e-15,0.00129972813468377,6.85915063194222e-15,0.125460780137758,0.239162034162297
"spot_740",0.420118151744496,1.65380626254348e-15,0.0848131645474257,0.018983407456584,0.0128485502229412,0.241793319441774,0.100240134305648,0.0940226750905855,0.0271805971905447
"spot_741",0.315331655732992,2.7285789180529e-15,2.6377223256433e-15,4.50663240892108e-15,5.35943554945217e-15,0.314532957949699,2.5691576333754e-15,1.4080215845218e-15,0.37013538631729
"spot_742",9.00661041149034e-15,0.000878128890026633,7.22140736816984e-14,4.09867684636685e-15,0.416586378095762,0.204690466155041,0.0229012163696909,1.6174268394218e-15,0.354943810489392
"spot_743",1.34956407373742e-14,1.60463445707099e-14,1.87993927169021e-14,2.07434696390975e-14,0.0391490230572009,0.451404544425591,9.12614466702986e-05,5.35600784301357e-15,0.509355171070464
"spot_744",0.282158230096357,0.00442088853084656,1.28391921224258e-15,0.302068282146096,0.0183202100967194,0.144116162621944,0.131398733546568,0.11751738175635,1.11205117510452e-07
"spot_745",0.269898141966366,0.0924365876703694,1.92223969759778e-15,0.352809489750014,0.000885487758072302,0.0530409363888886,1.41252616957934e-15,0.146110414693062,0.0848189417732241
"spot_746",0.474911946812239,0.0127221672931126,8.93288867062738e-16,0.129560525741007,0.181668233697509,0.0470187598485557,0.144372729259671,0.00974563734773744,1.67117447630654e-13
"spot_747",0.117324035608035,4.13455672387675e-05,1.33537791607185e-14,0.304906786449256,2.09156189609448e-10,0.264232710509913,0.0133351655059476,0.162551538898195,0.137608417252245
"spot_748",0.196063745398186,0.00499447475925432,9.7009485061216e-12,4.28007818827244e-15,0.274348091750162,0.28974064767373,3.97246052592444e-15,0.00794947970875564,0.226903560700204
"spot_749",0.155087322290404,2.71193001906753e-15,0.0187194138531447,0.573619364919397,0.0349924028978517,1.61399900072689e-14,1.42442789715643e-15,0.217581496039181,9.22734047074864e-16
"spot_750",1.61884815767924e-14,1.73768274134591e-14,3.23262854511385e-14,1.98662362126239e-14,6.43074441923067e-10,0.276446897999346,0.590977706972373,5.70676490833328e-15,0.132575394385115
"spot_751",1.19410193285124e-14,0.0179458500125819,1.37087010666266e-15,1.51593608499133e-14,0.168308376679894,0.381059383355484,0.319440238097988,2.8829617128582e-15,0.113246151854021
"spot_752",3.79556502554977e-15,3.88723249044324e-15,0.242310346280264,0.0322637178969465,3.83493184702257e-06,0.252124390730014,0.0751938574229263,1.03660131993368e-15,0.398103852737994
"spot_753",0.00323325113035365,0.0791953167624063,0.129372516642503,0.320770350474491,2.05264292582779e-15,0.281295082804385,7.60572200517883e-16,1.21352545695638e-15,0.186133482185857
"spot_754",1.03782190858518e-14,1.37139494151415e-14,0.102079997962908,7.90961919353362e-10,0.433878176786382,0.222940123085088,6.10921754856341e-16,2.57899944851187e-15,0.241101701374633
"spot_755",0.521340381681999,1.37343875067451e-15,1.48913198235091e-15,0.00140184550380011,1.76914784718846e-15,0.470992468860473,1.89470152018744e-15,0.00200858374275295,0.00425672021096934
"spot_756",0.183293811800033,1.11870420815257e-05,0.164979659394791,0.408407025163106,9.59593784012965e-16,1.67540123980353e-09,4.94844762075663e-16,0.215010535445309,0.0282977794792763
"spot_757",0.262639765595961,0.0838297057737729,0.0818853728693907,3.59822893912537e-15,0.0228358218936886,0.130454310857634,7.35174283983465e-13,0.328099847221372,0.0902551757874429
"spot_758",0.0802286954600319,2.2458548035786e-15,0.19441342997134,0.309806749440713,0.228266529614046,2.34827446355395e-15,0.145434321920401,0.0418502735934607,1.79995258826933e-15
"spot_759",0.348329388882931,0.000201278842685905,1.70907871167261e-15,0.119963588952005,0.151098171997642,0.25353343188976,0.0992566236830826,0.0154785297600972,0.0121389859917949
"spot_760",0.495366403250332,0.0678202363803463,7.77597927393523e-16,1.85838486489732e-15,1.69947851496054e-15,0.0659521063918723,0.0895416023853434,0.176636664431373,0.104682987160728
"spot_761",6.28667341669961e-15,0.00216581092050251,4.54417530880439e-15,8.93057847163706e-15,6.59776771328241e-15,0.909717631272753,2.34429388993308e-15,1.42085214950851e-15,0.0881165578067141
"spot_762",0.502332376939788,4.88931458745991e-15,2.07420005896953e-15,8.62265374982459e-16,8.18878127506718e-16,0.109838826551647,7.71209356155387e-16,0.387828796508554,7.6299174570112e-16
"spot_763",0.240185096806481,0.00394895434072473,6.08849360672889e-15,5.81341646000236e-15,6.18909668366242e-15,0.540288978042117,2.11927119566872e-15,0.024619051733768,0.190957919076889
"spot_764",0.547432243339527,3.71852900040285e-16,0.0627341127037583,3.67223174059048e-17,1.60967154535059e-17,0.0970567703551926,7.37639935680348e-05,0.292703109607953,1.7399146202813e-16
"spot_765",0.241157999973589,0.0761521582882359,0.00406122406573903,0.279417676700216,3.23588678566375e-06,0.184848750854083,0.103338832601445,0.110780435848089,0.00023968578181638
"spot_766",2.93146136610586e-15,0.815323232675575,0.0905694768753521,1.27103705454077e-15,0.0453809306074824,7.31859313747151e-16,0.0441465568802933,0.00457980296129175,4.87234100648428e-16
"spot_767",0.2507479128795,0.498401788948503,0.104042705536644,2.10096129736377e-07,0.0955537810071819,8.48593988452606e-16,3.55314755954329e-10,0.0512536011767248,7.68677541157282e-16
"spot_768",9.1161928287891e-15,9.49566186392435e-15,4.44622599173169e-15,1.0969325885984e-05,0.186746862573307,0.573266927828706,0.163455260368684,2.50400211234485e-15,0.0765199799033917
"spot_769",0.140743641406371,4.0764451502521e-12,9.53090191396297e-15,0.230382576438539,1.62766570578804e-08,0.325775159663965,0.13023914026336,0.103349427859602,0.0695100380874198
"spot_770",0.286105789883935,0.00929681486363145,2.03687837252351e-15,0.232304966385068,0.0539974064843679,0.20648128802395,0.177697648620903,9.33423357678997e-16,0.034116085738141
"spot_771",0.682813257771188,0.0297587255156429,1.14329393197388e-15,1.25942003486339e-15,1.173528958373e-15,0.192401447276002,1.05195550696075e-15,0.0825570462469442,0.0124695231902185
"spot_772",0.967125978669285,2.34610857890503e-17,0.0328740213307149,8.82114776036062e-19,9.02869487268568e-19,6.34338692363243e-19,3.54766019586391e-18,4.94052479214847e-17,2.02835547648466e-18
"spot_773",3.86539430061749e-15,5.20066998193012e-15,8.5153376005123e-17,0.526779920737436,0.0127949677381422,0.310624772466661,4.86182699478938e-16,1.24602855942002e-15,0.149800339057751
"spot_774",1.98219280846597e-14,3.65553627390913e-14,5.01294727616545e-15,1.37989331615705e-06,1.2045437852498e-13,0.818659080253951,6.51463825601719e-15,9.35113168628568e-15,0.181339539852535
"spot_775",0.314126279077305,0.0825281814499745,2.66027448549955e-10,6.29069537857926e-15,8.4681267310556e-15,0.179499016080413,4.58621211689897e-15,0.305304972791402,0.118541550334858
"spot_776",0.112999548430789,3.79514358480407e-12,1.91723747855613e-15,0.411407836136981,0.037249679022937,0.152301397916798,1.27607161742188e-15,0.168278203484363,0.117763335004334
"spot_777",0.420651129030276,0.000279662918450785,1.79190361365266e-16,0.156695699491999,0.194227804818601,0.0852341586520168,0.055627170746908,0.0867852800800908,0.000499094261657721
"spot_778",0.209112986929208,0.0242257617286073,1.72947281774687e-14,3.06441211303688e-15,0.350164876766402,0.223267055592961,0.00123046391652566,0.191998855066275,9.30531480707454e-16
"spot_779",0.34290281076578,6.09488870871964e-15,0.257609924536216,0.00138336615084659,0.0987391324108301,0.0463377905644066,0.114693657100421,0.0114081318625938,0.126925186608899
"spot_780",0.507442787963727,0.0894057316321811,6.05120370482393e-15,9.21473558887004e-16,7.17627076749624e-16,5.55892975974244e-12,1.27525588786079e-15,0.074955998395422,0.328195482003102
"spot_781",5.26259296049367e-15,5.33257577746674e-15,0.0644947761884945,0.50235299180578,0.16707551778948,0.103011256476657,9.25837769505557e-16,9.51572443183619e-16,0.163065457739575
"spot_782",5.28040284770846e-17,4.455626579275e-18,6.3977313301669e-14,1.14229104758576e-18,3.53325550784043e-19,0.999999999999936,1.50124776975765e-18,2.57591368933076e-18,3.55468716480683e-17
"spot_783",0.559076975944863,0.0304939640053977,0.0274982104541525,0.142986360418625,0.039023727668689,1.04863185405234e-15,0.0976591494700488,0.0915329829030932,0.0117286291351295
"spot_784",0.161790174409848,0.314180394527239,6.94147160885521e-15,3.88261724365206e-12,0.0991382605477511,0.264722213316543,5.03091013239492e-15,0.134997969293534,0.0251709879011911
"spot_785",1.05431999509902e-14,1.0966554893217e-14,3.29188189491796e-14,1.20737819399618e-14,0.0431429208987937,0.421357371811202,5.50173816245467e-15,4.10657623249732e-15,0.535499707289928
"spot_786",2.18076226171894e-15,1.71769289443039e-15,8.61600645357823e-16,8.55231035711892e-16,4.28324193933927e-16,0.63378229749029,2.05281292713695e-16,4.54032808600532e-16,0.366217702509704
"spot_787",0.606059286800862,0.0330964346247615,9.72740735568428e-16,1.03889606376352e-15,1.01263642476618e-15,7.32019089281795e-09,1.53470946568898e-15,0.0463264290577736,0.314517842196407
"spot_788",0.118232409164604,0.146756539999742,0.033836917353971,0.166724849929464,0.334617049924775,1.65822250710531e-10,1.26281704932442e-15,0.079428282296468,0.120403951165152
"spot_789",7.30449950957397e-15,6.63448915552993e-15,0.091816570904109,6.10254498228118e-15,0.347954247212321,0.399544826763642,0.11622327646951,1.22022672500173e-15,0.0444610786503973
"spot_790",0.073170089677347,9.04524006330391e-15,6.3732806532599e-15,9.37566433943649e-15,0.00477940265587684,0.196284914799517,0.568684143603521,0.102643794225272,0.0544376550384417
"spot_791",7.70776659050919e-15,0.00901896150734944,0.123314082852359,4.52432326132574e-15,0.374616219337692,0.343648239125176,8.64571001241629e-16,1.51441108185063e-15,0.149402497177409
"spot_792",1.22125409534832e-14,1.10099771748761e-14,0.0675085591418823,0.132848884694398,2.40866437395241e-15,0.433887733005977,0.20823429889628,1.5343801931964e-15,0.157520524261436
"spot_793",0.722952516030746,6.31224712937537e-16,3.29291801087947e-16,5.60517382150172e-16,4.86277627752817e-16,3.05701140243364e-13,6.920915943434e-16,0.132030283875448,0.145017200093498
"spot_794",9.63109513030182e-15,6.43896626832653e-15,1.05768304046221e-14,0.668577403493792,1.47768203627803e-08,0.120463291431238,0.151262196671364,9.59877573134187e-16,0.059697093626758
"spot_795",0.153642784585179,0.0200152966429522,0.00233712552268667,6.7195040327401e-15,0.15792986300947,0.265481430438639,0.290093270780038,0.0163028952848407,0.0941973337361875
"spot_796",0.339378937620904,0.142187704174282,0.168610541559392,0.150605781993212,0.0521466827008258,0.041791310394394,0.047414224710739,0.0194429008523733,0.0384219159938773
"spot_797",0.00520075663387892,0.326232505514904,0.112582274147497,1.46810781798134e-15,0.451544850755372,5.45082226327547e-16,0.104439612948345,2.63139695540284e-16,5.09356532293348e-16
"spot_798",1.02152872027781e-05,0.608500229081049,0.246090014856641,0.0750351653745008,0.00972229088315678,0.0580052036816511,7.6001163901277e-16,1.50970368854093e-16,0.00263688083579721
"spot_799",0.513971483596616,0.106276584354353,0.0438214846444553,8.29573401537975e-16,8.56662896001915e-16,0.177976920285643,7.06125880524192e-16,0.157780551262573,0.000172975856356938
"spot_800",0.0964450100763627,2.4586528387132e-15,0.215533024314266,1.97093374242328e-15,1.57114023272e-15,0.317868755271966,7.26506502126133e-15,0.180524565884874,0.189628644452518
"spot_801",6.24560199780707e-15,5.96725191591432e-15,4.79957341709245e-15,4.64662250505256e-15,4.03481049575701e-15,0.790208462153619,0.209791537845957,1.12490489697405e-15,3.97308786180855e-13
"spot_802",0.19149435314286,3.10328123693403e-15,0.0175977440070639,3.45102495435957e-15,0.235379158780022,0.141566150707052,0.0780907331336347,0.22071720122963,0.115154658999731
"spot_803",0.43678723274418,0.0090473046387742,3.26505913085495e-11,4.61361485927997e-15,6.63667290641756e-12,0.343240385436434,3.00465206739119e-15,0.0942155130879209,0.116709564053396
"spot_804",1.69623470274068e-15,1.33099216358769e-15,2.11366566592879e-15,1.69356895699425e-15,1.51250281235167e-15,0.988747145373295,1.59191665547573e-16,2.53162149159697e-16,0.0112528546266964
"spot_805",0.072780159639749,0.257173124648548,8.16123015612593e-16,4.55118540809603e-15,4.83751163496357e-15,0.338283406060084,1.86461102008583e-15,0.106866157178842,0.224897152472764
"spot_806",0.322617917723002,1.329169588749e-05,1.91272068507749e-15,3.54259740894805e-15,1.4435228799904e-06,0.0701065164479574,0.21847840046539,0.145674999966,0.243107430178878
"spot_807",0.200522746556763,2.78336830470533e-15,0.00176898437552897,1.95998600854118e-15,1.45365241194492e-15,0.706373664438702,7.59434131281761e-16,0.0913344721008931,1.32528105481171e-07
"spot_808",0.652145989699111,0.0843052058407153,1.26259505775218e-10,1.45462144768205e-15,1.28157947884596e-15,0.103033690515597,1.4033692069935e-15,0.0768929092900291,0.0836222045282845
"spot_809",5.61568679159868e-15,4.69064446586883e-05,4.5358425601062e-15,0.443967647105674,1.60672349045473e-15,0.537821924616177,8.70321224565883e-16,1.43363255363251e-15,0.0181635218334766
"spot_810",0.432064408693193,0.000747434786367588,3.53034406383579e-16,4.59212042319766e-15,2.32032653817127e-11,2.50491612905278e-15,0.38823909929402,0.178949057203207,2.28674702935411e-15
"spot_811",4.44457027055356e-15,2.83259141752877e-15,0.269288172839376,4.25777496939544e-15,4.53204751620983e-15,0.606787907322374,1.19378949460986e-15,7.99088479612117e-16,0.123923919838233
"spot_812",0.592289818316139,0.0102941425965733,0.126614604771042,1.52515350385085e-15,1.25016671468667e-15,0.0929009213068157,1.24797897083655e-15,0.037698741828835,0.140201771180592
"spot_813",0.493656995948133,0.141936888058648,6.16171132399346e-16,2.25562382695844e-15,1.94943474378924e-15,0.2959660443355,4.12428950772571e-06,0.0601444810643709,0.00829146630383638
"spot_814",9.89220763163013e-15,1.04067463748287e-14,0.049716029309877,0.366227251257489,0.000125662730140564,0.185952000078826,2.420610848855e-15,2.73425056786265e-15,0.397979056623642
"spot_815",0.156044635174964,3.0124888100603e-15,0.106863926744606,0.226581150876685,0.00631294943504819,0.0169624767302675,0.248277317888579,0.0436461725070497,0.195311370642797
"spot_816",0.574753711461488,4.86731412756747e-16,0.119602117706096,1.91720102299956e-15,3.06110655271913e-15,0.173313413428883,6.4685893813178e-16,0.123167138182102,0.00916361922142454
"spot_817",1.79277396161948e-14,0.00381075994300781,0.0131691597380754,1.65202235491293e-14,2.3974408260481e-14,0.547840756263661,4.78084691503582e-15,4.90359934383538e-15,0.435179324055188
"spot_818",0.437215115576493,0.0251808331798129,3.84344247856659e-15,2.62044802748342e-15,2.63995528871481e-15,1.13471227235316e-09,3.13969909523115e-15,1.00780560637895e-15,0.537604050108968
"spot_819",6.82457383152522e-15,6.1732966785494e-15,6.71724489855912e-15,5.27728181707835e-15,4.19137650688775e-15,7.34868311031724e-15,5.36227786663741e-15,6.08896556646191e-15,0.999999999999952
"spot_820",0.0671287098768062,5.73287765345346e-15,3.68559025527238e-14,6.67346515822112e-15,7.57429622976983e-15,0.312845801258574,0.152579064810501,0.0448773403961393,0.422569083657923
"spot_821",0.162045323324786,0.0361554257046155,0.0218738687544374,0.337607009704202,0.174833401784806,0.137117878663271,9.26300114373366e-16,0.129410488036542,0.000956604027339209
"spot_822",0.449439082062987,2.31420983088315e-10,9.78794792857916e-16,2.18477631096261e-15,2.2456044172326e-15,0.129514417371412,1.45763597451211e-15,0.152909970754472,0.268136529579702
"spot_823",0.562493192186537,0.0331711832912404,7.44147462140949e-16,0.0113512832493663,2.60105334217784e-15,0.196176427484574,0.0851348739193011,0.103560138196092,0.00811290167288603
"spot_824",0.630986730011991,0.0662354761135164,5.00708707853098e-16,1.03286960874669e-15,0.0435177842650344,0.0652360411399894,0.00493810751060574,0.0618456382389092,0.127240222719952
"spot_825",0.233603033716717,0.000265753897955136,4.12736937656813e-15,4.85666358729493e-15,0.00206318154725802,0.238348967039269,0.211370265859419,0.0991540098646101,0.215194788074762
"spot_826",0.220195441985698,0.0514113844813487,0.00233758259315484,1.4770739873303e-10,0.0524770288405504,0.349668118949299,0.11863427469603,0.0217959076579574,0.183480260648254
"spot_827",0.444763298929814,0.526537299405932,9.79480634830829e-17,3.37402561439845e-17,1.93457388562294e-17,1.24279048544197e-16,7.14960368623082e-17,0.0286994016642532,5.1870760750402e-17
"spot_828",0.00724888229278726,0.717875380943707,0.274875736763505,1.43469862461735e-17,8.6329224915783e-18,5.80515386941336e-17,3.6873853453261e-17,1.34352399047931e-16,3.26546354949877e-17
"spot_829",2.5998035656015e-15,3.34692621681936e-15,1.74834095729945e-14,2.98524248900161e-15,0.999999999999972,2.94446917788891e-16,3.14419352372454e-16,7.00712729801442e-16,8.73653873375346e-17
"spot_830",0.265916261655459,0.0467131958500346,1.38658487233137e-15,0.01851432115391,2.08173376311871e-09,0.292453271102206,0.110604302703703,0.019202592856519,0.246596052596433
"spot_831",5.9022473609157e-15,7.26192841429627e-15,6.80650372634937e-15,4.21254941725309e-15,3.58447414157193e-15,0.994626067897785,1.46899167660554e-15,1.03613607365326e-15,0.00537393210218512
"spot_832",0.68868781568864,0.0232910630375922,7.64187873985175e-16,1.05846523130971e-15,9.3420937437876e-16,0.2109490830973,9.49546685807286e-16,0.0222114779842401,0.0548605601922246
"spot_833",0.474667134406146,9.71247296834287e-10,8.04235588210395e-16,0.216322543518552,0.00670178666024819,0.0971441430148101,1.58885928441626e-15,0.138009530198838,0.0671548612301556
"spot_834",0.229354056768635,0.107868394011415,2.01005580038602e-15,3.70134788040161e-09,1.40319029885429e-11,0.11537399970087,0.392510929811937,0.154837707778339,5.49082134224177e-05
"spot_835",3.63682070910647e-14,4.99886600714886e-14,5.97523814279129e-15,5.40571674716332e-14,6.11979601467861e-14,0.732643085040328,4.40892399967407e-15,5.05861720181299e-15,0.267356914959455
"spot_836",0.271160058757029,1.10573650933309e-10,0.042896515157243,0.00863992809750119,0.133291965150841,0.121231958580236,0.159898282192562,0.119217932974677,0.143663358979337
"spot_837",6.04237336018725e-15,5.1420933736722e-15,1.54546463443814e-14,0.254380471379853,0.199477921520744,0.0966147474027458,0.286054011519048,1.39936157405961e-15,0.163472848177582
"spot_838",9.47311904210586e-15,6.93508453662918e-15,5.69028236091643e-15,0.458138393977437,7.03683699208531e-11,0.0560157789501537,0.340518083730485,1.57102571926061e-15,0.145327743271532
"spot_839",0.377565716333962,3.7643673608319e-07,2.72352484623798e-05,4.06474097192751e-15,4.90484737253683e-15,0.294328845601754,0.108526521580492,0.0930546076897914,0.126496697108794
"spot_840",0.163692109069449,2.78463958247375e-15,1.18379807051936e-14,0.36730263626102,0.00237644247688657,0.165755966318014,1.39913320745452e-15,0.115556297542646,0.185316548331969
"spot_841",0.100418271260608,3.97834832328059e-15,0.028091706755348,3.94752962696378e-15,0.435116503703907,0.0982552083203866,0.222694745736278,0.098846466427808,0.0165770977956558
"spot_842",0.336911766124191,0.0500076892296791,0.00149845392489047,0.151197345094338,0.00014791173481599,0.155221494662419,0.0138125073072428,0.0511128251632812,0.240090006759142
"spot_843",0.282836416485284,0.0500315535561983,2.97784792378424e-15,0.190241368580016,6.01627542107585e-09,0.153517381185828,2.29726203390375e-15,0.230556409163688,0.092816865012704
"spot_844",1.28882898545954e-14,0.0542179121514255,4.73914987750897e-15,6.60904462977635e-15,0.332921625809786,0.236999527237651,1.65650010180459e-15,0.133040569114347,0.242820365686765
"spot_845",0.20794224895506,0.0755007646381217,3.38204028155437e-15,0.239181753302503,0.0764318637138407,0.171507631587928,0.156074962377467,0.0227332827812928,0.0506274926437831
"spot_846",2.56275069698076e-14,3.4220902980404e-14,3.59893184099226e-15,6.86296244194627e-14,9.67054623460259e-14,0.752912756361534,6.74455526279752e-15,9.22171412791243e-15,0.247087243638222
"spot_847",0.358748061687023,1.32197230751821e-15,1.15884563803591e-15,1.22044397778174e-15,1.49018529388503e-15,0.20405000206695,0.244871944039439,0.0159382150655122,0.176391777141071
"spot_848",4.43497667173957e-15,2.98837466164384e-15,1.83011794353555e-14,1.9684666449976e-15,8.64156327325678e-07,0.987952030084888,0.00394454237107234,4.27179954596483e-16,0.00810256338768431
"spot_849",1.33491828009455e-14,1.23457722445948e-14,5.08325501822478e-15,6.87893177506347e-15,0.407908075033188,0.410584382018576,9.34738002039527e-16,3.56073349499858e-15,0.181507542948193
"spot_850",3.9532507017892e-15,2.69052055415823e-15,0.299935163827607,0.216153761778521,6.04009680940219e-16,0.0365961919800432,0.0175114727674707,1.05424201351912e-15,0.42980340964635
"spot_851",4.18543504687779e-14,7.5489962157515e-14,1.89179706959011e-17,1.18087284543171e-13,1.40338035169009e-13,0.616886136645258,3.87703194433802e-15,1.28073299986558e-14,0.38311386335435
"spot_852",0.147396326546605,0.0290359268168145,7.9193443527587e-15,0.291875786928617,0.0545010882491973,0.201085920836732,0.196594735876136,0.0388740865031191,0.0406361282427715
"spot_853",0.30726957622391,0.121718370023999,0.139827760842786,0.093301907797807,3.44991351734756e-14,0.171521370328015,2.36785960680737e-15,0.12766123060383,0.0386997841796165
"spot_854",0.136868482136097,0.0256247564016582,3.75235327233871e-15,1.3719379471642e-14,1.48901754318603e-14,0.159976792288437,6.05253483916353e-15,0.207839567073595,0.469690402100175
"spot_855",0.05817560177823,0.0305184834085888,0.0805575029380807,0.226292784611996,0.140573942674696,0.198350856345106,0.0985392458952381,0.112214617146359,0.0547769652017053
"spot_856",0.131217718234347,3.73147286960724e-15,0.0268011696239261,3.65050728226348e-10,0.32526125498815,0.286621986213295,0.150245904497279,0.0519054981813152,0.0279464678966339
"spot_857",0.300066241706936,0.352123121435701,0.0530953091420955,3.12616601645794e-15,3.37442915095664e-15,2.19674940596089e-15,3.2405762732725e-15,0.294715327715254,1.39639094490253e-15
"spot_858",0.0143461305322386,0.692990864231535,0.236805336827767,1.12276049074794e-16,2.03697792555069e-16,1.79641731813699e-16,0.0558576684084581,2.41865124289433e-16,1.55782280321024e-16
"spot_859",0.0445161799714923,0.711117835351825,1.97268530456862e-15,0.0235941899016794,0.0829530471359433,8.41051951163705e-16,0.131783200559468,0.00603554707958784,5.39894549698359e-16
"spot_860",1.71227586434993e-15,2.07386554866404e-15,0.0867785672653644,2.73397369904904e-15,0.88602501657611,7.44153649346867e-16,2.23934438595463e-15,4.06042178506008e-16,0.0271964161585159
"spot_861",0.507334499697468,0.0503965318021437,1.56217364059881e-15,5.33073045007138e-15,5.77811113026761e-15,0.205634891669844,1.80210642415357e-15,0.194745197437892,0.0418888793926376
"spot_862",0.497689750180808,6.86670830442992e-06,1.49110488629855e-15,3.54931615045607e-15,0.0333708417550496,0.12974933602664,0.141909963197627,0.0775996065155435,0.119673635616022
"spot_863",0.324377148391851,0.118636864287775,8.5867275664619e-16,0.285980369988903,0.017058290489131,0.13015556635812,1.69356398456626e-15,0.123791760484216,1.19091002313495e-15
"spot_864",0.192865120403746,0.251976552246726,3.58940245971615e-15,0.211449664698698,0.0639112964007671,0.105739178005383,1.6634612677345e-15,0.0423247761885047,0.13173341205617
"spot_865",0.390277503024518,4.24788419217229e-15,8.2339598499081e-16,0.0124841838895057,0.0801193795423675,0.155400690532983,0.136615516020538,0.0905318265088632,0.13457090048122
"spot_866",0.23200524747176,0.0363373714512619,0.0759887045215957,3.97363931964406e-15,0.237161125892688,0.153925652998715,0.0828353015808805,0.0993877155233907,0.0823588805597034
"spot_867",0.279956393155075,0.217511878233488,0.117915110885478,0.195556730341813,0.0366846305165668,0.00612391330738031,0.0356678499894513,0.0948134592059565,0.015770034364792
"spot_868",0.423072106955338,0.038721203992664,1.91225117436614e-15,3.53452568991361e-15,3.5982219729355e-15,0.323530735691071,1.98045532342669e-15,0.113108574551342,0.101567378809574
"spot_869",0.184010781882671,0.0499932459298639,3.19593589732052e-15,0.390750616353802,1.51496419328028e-15,2.79055884025237e-15,9.05684449394384e-16,0.144210571959386,0.231034783874269
"spot_870",0.285768097237202,0.0173056021231646,1.64648157439202e-14,0.204356720773386,1.11533061836157e-15,0.00293436688435714,0.207214280161329,0.282420932820542,5.09135124711567e-16
"spot_871",0.0812696436527547,0.00213326907768673,0.00263395809891726,0.00109806927442064,0.0230103297483457,0.417624780346536,0.222270507691473,0.231932070060896,0.0180273720489707
"spot_872",1.12468416450852e-14,9.05216111251307e-15,1.97417699082809e-14,1.34735719566493e-14,1.56204862575311e-14,0.458314497797663,0.250568159152543,3.15118747267354e-15,0.291117343049722
"spot_873",7.65559985390527e-15,6.87948232652124e-15,3.56487731544082e-15,5.02723996523245e-15,0.675864965925219,0.24135134769679,1.51221977971811e-15,1.25307145744294e-15,0.0827836863779658
"spot_874",0.152259311127871,0.0227771077422137,1.03453862002426e-07,0.251114021559458,0.213284718707238,2.78559740604195e-15,1.25456468092648e-15,0.0798043703020124,0.280760367107341
"spot_875",0.686219033072693,0.00803772817971923,4.81757200160813e-16,2.03762908469635e-09,0.144033964284036,0.118809235022467,8.96780116239211e-16,0.0150457116131549,0.0278543257903001
"spot_876",1.30333147612348e-14,1.53209656858786e-14,4.25488264057003e-15,0.465090327930766,0.00380288652996364,0.00426084049547107,0.294266857823305,1.9868853425644e-15,0.23257908722046
"spot_877",0.521412754689254,2.25637418706736e-15,1.81762356848531e-16,5.7421246352957e-15,4.96183663594064e-15,0.164995465551336,2.33383806848366e-15,0.0588784117788418,0.254713367980553
"spot_878",0.335371767988108,0.200820781651902,1.08259584128091e-16,1.57151784083219e-11,1.10099104508715e-14,0.326722656950282,1.88221821434928e-15,0.0123745280039378,0.124710265390042
"spot_879",0.300801881460516,0.1520494013474,1.45822727962966e-09,1.33269240849285e-15,1.12894276786657e-15,0.169159122588911,1.33741114203855e-15,0.315704629408285,0.0622849637366572
"spot_880",0.276069059234423,1.35347930179625e-14,6.06157457730191e-16,0.390809578841998,3.3012995082788e-05,0.135481239546351,0.145161600856035,0.0382234079934744,0.0142221005326216
"spot_881",0.488714022193465,5.00879363648731e-09,2.54820478658385e-15,2.38314646824297e-15,0.173899816782453,1.31890630513521e-10,3.09410463556279e-15,0.069351963696827,0.268034192186563
"spot_882",0.728633108647649,7.30953608390822e-17,1.81051234265547e-16,1.72244569464154e-17,1.62162603824045e-17,1.5413327147006e-17,5.80813092233803e-17,0.27136689135235,1.35475735698515e-17
"spot_883",0.476844185806052,0.0827959265949284,4.04002159337719e-15,1.75941671331819e-15,2.16061325317651e-15,2.42577281005355e-15,0.326508773366636,0.113851114232372,9.54515649970631e-16
"spot_884",2.73757101321348e-14,2.97489928115068e-14,2.0192368799584e-14,4.52123247670473e-14,0.0399430290818505,0.73126792556455,7.97371260001158e-15,4.34080341998461e-15,0.228789045353465
"spot_885",5.19891392124708e-15,4.80163696347754e-15,0.123833846765686,0.455018099210246,0.00132786896748168,0.238066862863329,1.72833563704328e-15,0.00173550355467933,0.180017818638566
"spot_886",0.290642592842812,0.0750057000505549,7.73887143455092e-16,0.327880652523286,3.40069349308893e-15,0.172019387256465,1.2232704881377e-15,0.019285103294126,0.115166564032751
"spot_887",0.434455878879686,0.000450133738680156,0.163809239009999,9.31298273382056e-07,0.00181045194564604,0.0704823607339509,0.0531681949147662,0.255969307212027,0.0198535022669723
"spot_888",0.00352135156360446,0.118017856536875,0.184540873010255,0.373478398750109,0.153408918129884,1.36676338893943e-15,0.119530844245449,2.15050051905649e-16,0.0475017577638219
"spot_889",1.15689879428222e-07,0.619028142115877,0.0614272598471481,0.0822723745065457,0.209171293114658,5.84251783759883e-16,0.0281008147244522,1.43831899677101e-12,6.00108332751258e-16
"spot_890",0.132428870294856,0.501927943806247,2.21172977964381e-15,0.0490786428464452,2.01470204091029e-15,0.178019205404158,1.43522908456007e-15,0.080421755992699,0.0581235816555895
"spot_891",0.0332257161381595,0.142121395352352,8.05402528193614e-15,2.98237088697892e-14,4.22192549665741e-14,0.158819415672235,7.70664801778319e-15,0.337901042873986,0.32793242996318
"spot_892",6.9897191696683e-15,0.000597736558476273,2.4262751159672e-14,5.08328692793306e-15,0.403082624437273,0.425733020004238,1.97650067241189e-15,1.82396068735444e-15,0.170586618999973
"spot_893",0.770278094132752,0.0650173050333641,4.64185431325924e-16,1.39841332537429e-16,8.76046592280269e-17,1.29866517466748e-16,5.40519354537128e-16,0.164704600833883,7.9204011563131e-17
"spot_894",0.322253654024616,0.118201520657994,7.37452041027603e-16,0.17617669722623,0.175671795494406,0.00688042034510308,0.030214257001017,0.0892390804620828,0.081362574788551
"spot_895",0.387270253953591,0.275757297932186,0.0442338873977901,3.3634401418414e-15,3.45996136383574e-15,0.0805650490825403,1.6826522028744e-15,0.0341440556394906,0.178029455994393
"spot_896",0.886513156192869,2.49993602217464e-07,0.00524046307721178,2.93233833433949e-17,2.26891847292544e-17,4.57439311554498e-08,8.61399124591026e-17,0.108246084992385,3.94553852512685e-17
"spot_897",0.830377093710604,0.00191914324509127,1.41447731905827e-16,3.17822294996421e-16,2.97441221184486e-16,1.90014460707669e-16,2.59096978670529e-16,0.167703763044304,2.82304448367158e-16
"spot_898",0.455969467352235,0.0992043957750455,7.57941094147249e-16,0.114379899010815,0.132838569889189,0.106514252237962,1.23886306688541e-15,0.0650696061780172,0.026023809556735
"spot_899",0.128792124989533,0.00335850349286842,0.271278885984497,9.47755075286491e-16,5.79986084020913e-16,0.420757097483816,8.58188686644933e-16,0.165105448011293,0.0107079400379898
"spot_900",5.99562602654404e-15,4.25982967216214e-15,1.51408956819355e-14,6.99461078356278e-15,0.383336241265739,0.36714691640145,3.30567669102146e-16,1.20031405278818e-15,0.249516842332777
"spot_901",0.101051516982424,0.0164284739431269,0.0784043531607316,0.263184898847911,0.00993053086823504,0.321328767255576,1.69114800166149e-15,0.0832836287549897,0.126387830187005
"spot_902",9.47779275926694e-15,0.00283827281099961,1.80800940690794e-14,1.87518593615478e-14,1.96349696491407e-14,0.95479534679851,2.27221214890074e-15,2.14273775519948e-15,0.0423663803904199
"spot_903",2.38435128626946e-14,2.6850240004122e-14,1.99669805768105e-14,1.19910806419687e-10,0.167636361831368,0.553184808994222,8.39486896807259e-15,6.22695094659481e-15,0.279178829054414
"spot_904",0.37668714692868,0.0357280288023942,0.0400744173914174,0.0611083939968724,2.20766260947113e-15,0.244763455665596,1.75242745672285e-15,0.164580198945065,0.0770583582699701
"spot_905",0.181472609447756,0.00345388838412406,1.4303313275285e-15,0.254238282929675,0.0152751831873031,0.128775994117284,0.31742878879077,3.29021759461593e-10,0.0993552528140655
"spot_906",0.102752721317078,4.02491498250488e-15,1.46336232137747e-14,5.23887768706334e-15,0.199624890823918,0.163217348947673,0.371197150844044,0.163207888067262,7.56712580427738e-16
"spot_907",0.335434468687753,0.0261002109302242,2.27768013507868e-06,0.0416358858346236,0.144011241192577,0.131169526962269,0.171771532357948,0.0967660562842658,0.053108800070204
"spot_908",8.77902450152879e-15,1.01796526201392e-14,1.73389691195685e-15,7.26704347804532e-15,0.322927923324386,0.216863621984315,0.218039412398109,2.60955129701801e-15,0.24216904229316
"spot_909",0.104228843902422,0.0375502756204683,0.132594866592059,3.49625725239668e-15,2.99696949396566e-15,0.183922709824567,0.142374033792128,0.30429972503832,0.0950295452300289
"spot_910",0.336018433435901,1.53252840479911e-08,0.120093209819098,1.48070264517421e-15,0.0949073910216802,0.225713993958325,0.121960730504228,0.00395969700572889,0.0973465289297542
"spot_911",4.27834654597044e-15,3.9292419300427e-15,0.182935626626064,3.5002573329294e-15,0.120931783360922,0.242284594328025,0.202039368322356,1.16648965213955e-15,0.251808627362621
"spot_912",0.344418786709762,0.0663437403348185,0.106688341631002,3.74978973454952e-15,0.0951742575534255,2.31825415771554e-15,0.217312389949426,0.155435522022286,0.0146269617992739
"spot_913",0.563517926634961,0.099797222193485,1.02705413705168e-15,1.13826186101453e-15,2.7675330568298e-14,0.000471871747221623,2.0361354502545e-15,0.24804547482746,0.0881675045968408
"spot_914",0.415056000760531,5.79764534123139e-08,0.015835652912572,2.71592888999522e-15,0.142224467381184,0.264392105449183,1.43748725158887e-15,0.0775780383080037,0.0849136772120698
"spot_915",0.342677429509143,3.25849883978917e-15,3.88666669275998e-15,3.41885111087036e-15,2.99482896643478e-15,0.317670744955786,0.181539452915483,0.00188690326592731,0.156225469353647
"spot_916",0.224683492044098,0.0625667106088742,0.0283428752279693,0.033893025327927,3.43480853440215e-15,0.172380766537067,0.0759284440762049,0.0395089608955524,0.362695725282304
"spot_917",0.0373865859403417,7.09559602982013e-15,1.11891738303407e-15,0.538236607446405,0.129847662188705,1.46549675559779e-15,0.147947625547853,0.146581518876684,1.73361629110043e-15
"spot_918",0.0583661579305773,0.419651435107787,0.0468526668789314,0.010896971026112,0.196843761181812,3.06940543501965e-05,0.167825830070906,8.98852112807272e-16,0.099532483749523
"spot_919",0.0244324306039543,0.504957858983158,0.460352465843002,0.0085354638690232,4.24507023658359e-17,7.94123262977901e-05,5.97429025328655e-17,7.0471395183764e-17,0.00164236837456485
"spot_920",4.48029831897047e-15,0.392638118471611,3.57707728088387e-15,0.255798258855856,0.0419849400288501,0.126618423945713,0.182960258697961,6.98964055422951e-16,5.8611611979604e-16
"spot_921",3.04696482755604e-15,2.80854059671197e-15,0.253626223473473,0.0880435183076351,1.17222100216716e-15,0.658330258218883,8.11130006411782e-16,2.98647555385834e-16,4.44312948130166e-16
"spot_922",0.166642037191073,0.0367195075432102,1.04407359448701e-15,3.90291943374844e-15,0.217635788521949,0.0741451665429286,0.365886609353282,0.133805442420662,0.00516544842688958
"spot_923",6.64615238980666e-15,0.0159458480110457,3.02753975496346e-15,7.0577829743837e-15,5.85109724336318e-15,0.968942680674978,5.52105736323615e-16,1.21264612758979e-15,0.015111471313952
"spot_924",0.396207681923785,4.06163938141343e-11,8.69438961556637e-15,0.238885031521798,4.03867625994727e-14,0.178326500044314,0.005118243491185,0.0108181641652916,0.170644378812961
"spot_925",0.0796877882557012,2.03705074378963e-06,1.87306706599065e-15,2.26020029858406e-14,2.98432578704165e-14,0.482247400255787,2.65225532636581e-15,0.211346716065178,0.226716058372533
"spot_926",0.0861337909904747,0.051799057072833,4.58210821416763e-15,4.56360465050035e-15,4.89684538986267e-15,0.409102035435568,1.91883695976298e-15,0.274728138056078,0.17823697844503
"spot_927",2.80633973065204e-14,0.0186604068770819,1.90955081489359e-14,5.11145940511701e-14,6.18480947942761e-14,0.516356880629921,8.49637151072894e-15,1.01142898477106e-14,0.464982712492819
"spot_928",0.256296321997433,0.00369960442009389,8.76026720260898e-15,0.190703443025805,0.152647025243988,1.21322511292563e-06,0.146639335234244,0.133575213776175,0.116437843077141
"spot_929",1.66615199203667e-14,1.33341641292407e-14,4.52701470765466e-15,1.88924171174305e-14,2.04540822889698e-14,0.455220646127375,6.0313420054032e-15,4.05622610135233e-15,0.544779353872541
"spot_930",2.12486400249164e-14,2.36319982807162e-14,2.2897508415784e-14,3.31920319502103e-14,4.12906903657008e-14,0.507951247047194,5.47588848520168e-15,8.12717292372245e-15,0.492048752952651
"spot_931",0.240223477459813,0.0207965238502074,8.55326066131357e-09,3.38082947488049e-15,0.253187345362117,0.307893776092315,0.0641452878456362,0.0561828454803658,0.0575707353562823
"spot_932",4.28080894488789e-15,1.08845680700922e-09,0.0217982371454463,0.338963094904501,0.109168327754006,0.385088553742372,0.120319285120207,0.000254977142924405,0.0244075231020825
"spot_933",6.92103962853054e-15,7.63270736090761e-15,1.69655132628559e-14,0.526803721048969,0.063087144010448,0.294382419122116,0.000996856389270299,1.72644961032943e-15,0.114729859429163
"spot_934",0.00122239108250425,5.55345521992402e-15,0.0454492253865864,0.0845989182266289,0.650745306553551,1.00490617480205e-15,0.21798415875072,2.29248295191029e-15,5.75984653855949e-16
"spot_935",0.172728716368974,1.30796004950581e-15,0.19599951227534,0.237221287927251,0.0649782442239131,0.0699594632143766,0.23417342045698,0.00677990165066879,0.0181594538824948
"spot_936",1.23610554331062e-14,0.0265757429662207,7.80735639375146e-15,0.304766883762928,2.18617810456989e-15,0.170453946669773,0.378347726646875,2.72706460731316e-15,0.119855699954179
"spot_937",4.78171674267715e-15,4.7624310666899e-15,8.4498000468159e-15,0.680255454255636,0.00813490130392128,0.0408385962529467,0.19709010681502,1.26603012864302e-15,0.0736809413724576
"spot_938",0.00956068188107517,0.0102505273149796,0.179418441733754,0.212442151978109,0.0529754075730217,0.0338056915963604,0.427305057101001,9.96631972767014e-16,0.074242040821698
"spot_939",8.05978358009334e-15,6.29922764043879e-15,6.81722883448024e-15,0.324100465133085,0.0914765320261604,0.267223924455785,0.295566988963647,1.39587369107585e-15,0.0216320894213006
"spot_940",0.562134134727703,7.28468879001631e-16,1.06220517547475e-15,7.10214595679414e-16,6.14438254812809e-16,0.0157499385601615,1.36429667193564e-15,0.134345251891842,0.28777067482029
"spot_941",0.571053793447516,0.0177004377085165,7.79150024850672e-10,9.78162309177211e-16,9.69848415708607e-16,0.0856003643911326,0.197008782832669,0.128636620841012,1.01330766088358e-15
"spot_942",0.506444942621145,0.035087378819029,1.31816552298057e-15,0.136873338504002,0.0140903315310082,0.146847733810366,0.00543009777621582,0.0360372573443846,0.119188919593848
"spot_943",6.61626692810738e-15,6.39893190628805e-15,1.05015036765326e-14,0.700237690754816,0.0472469715331907,0.252515337581087,1.11411529713964e-15,7.61769401926849e-16,1.30880815896905e-10
"spot_944",0.4500355534206,0.0596029856370688,5.04121200391641e-16,4.23381734142595e-15,5.57354053501969e-12,0.201265098490443,1.84444453645462e-15,0.0705728222204216,0.218523540225887
"spot_945",0.261822613456989,3.7535496966402e-15,3.62947869869776e-15,6.96364792470054e-15,7.15904316656816e-15,0.647632628878499,2.42033719887096e-15,0.0161186870825422,0.0744260705819453
"spot_946",0.143622923920422,0.230005682705383,4.79330443748679e-15,5.5911691955177e-15,5.72338201836919e-15,0.37936873658897,2.07797451409099e-15,0.243426127308137,0.00357652947706984
"spot_947",0.434052753597937,0.028242680435272,8.64046412968278e-15,5.28961294745273e-16,0.000148485874590216,0.0966797961759061,0.245252573623807,0.195396436298152,0.000227273994327
"spot_948",5.61261750644449e-15,7.04818203541561e-15,3.58381806884133e-15,0.642672076793279,0.0204754789559754,0.281566870365114,1.52162148876817e-15,9.5176301978339e-16,0.0552855738856131
"spot_949",0.134247571675851,0.473564138447374,8.80434848920872e-05,2.01047160277634e-15,2.0141346274881e-15,0.105017891986101,0.150722727836379,8.64931422856976e-16,0.136359626569398
"spot_950",0.164693544233138,0.278242939793408,3.99889663233739e-15,0.191172481905299,4.66017913042304e-14,0.135796203625905,1.3016928574958e-15,0.0322597833521354,0.197835047090063
"spot_951",0.235207546542514,1.80213835940241e-15,1.29716436761139e-14,6.03514029313028e-15,7.82593026167627e-15,0.34466068459206,2.95675328974203e-15,0.420131736314839,3.25505553235062e-08
"spot_952",0.327455294983392,0.217609848246103,6.79505873024053e-15,0.123806271476511,3.48119905642496e-15,0.0594333197676625,0.00947823053540199,0.125292482193023,0.136924552797896
"spot_953",0.0927315973439048,0.122806673047152,0.111372884278833,0.158458635119513,0.0277361536175267,0.329398299761566,1.13264058189247e-15,0.157494965106769,7.91724734399177e-07
"spot_954",0.289734056251311,0.194541684255399,0.0231226255241167,0.189656665190485,3.76634240653605e-15,0.127832832697391,1.38108631079193e-15,0.14824081811871,0.0268713179625823
"spot_955",4.41638199346767e-15,2.79747147427549e-15,0.284610024402475,2.62632969142939e-15,0.333154747557232,0.124516496372455,1.25680451247918e-15,1.01360386001965e-15,0.257718731667826
"spot_956",0.19801479759602,4.19200984017337e-06,0.0689144140684476,3.17285037467554e-15,3.30185378172694e-15,0.253080189952745,2.00953385300487e-15,0.168305383340897,0.311681023032042
"spot_957",0.141693401468057,0.0103692604166164,0.0891004009259495,4.48301278988935e-15,0.207272338079406,0.250512350866063,1.78918746604695e-15,0.0414945119712209,0.25955773627268
"spot_958",0.594372625966029,8.79683697813251e-16,4.0589520811555e-15,0.210525193625506,0.0627717457660021,3.04786037932894e-16,9.82818446757897e-05,0.132232152797781,4.24756068370257e-16
"spot_959",0.326274826117764,5.41628276768066e-08,0.0443984941607828,6.47409991697061e-15,0.0381252099990583,0.181632972077403,0.00171690670552126,0.365010467209475,0.0428410695671607
"spot_960",0.374127993719974,0.151472083858183,0.0288036292252813,2.51585906324931e-15,1.23213050457086e-14,0.13242719896148,2.35959517850739e-15,0.171846434926228,0.141322659308835
"spot_961",0.449753196153093,6.79001134594103e-05,5.95912141992404e-16,3.42422765474039e-15,0.0428281721352917,0.191559359353982,0.290985084084651,7.56599612333697e-07,0.0248055315599062
