"","CT1","CT2","CT3","CT4","CT5","CT6","CT7","CT8","CT9"
"spot_1",1.94666670901974e-14,0.999999999999971,3.32184338360211e-15,2.40380179428602e-15,4.69327728304183e-16,1.31749170986795e-16,6.83654960086112e-17,1.02492469107357e-15,1.76099938568078e-15
"spot_2",2.27027649868277e-14,0.10517744721546,4.54284372981548e-15,0.185474835348737,7.88950056364988e-15,0.0605527312490415,0.340200433479327,2.03295627443368e-15,0.308594552707397
"spot_3",0.501561771055143,2.29918056309364e-15,0.00861210727325624,0.00106424147131095,1.29714787669281e-06,0.160629011297706,9.79267298068343e-16,0.308497367672719,0.0196342040819841
"spot_4",0.0170817587597587,0.379028009230805,0.00563449902054615,6.86680809260141e-14,0.287655368996673,2.04533933356442e-15,0.294872483960356,2.43667925488525e-15,0.0157278800317884
"spot_5",2.30097027487169e-14,0.299871664063386,0.302345172808376,0.00693158420908858,0.106162198364705,0.0439746880387674,0.103847111106311,2.6043590554984e-15,0.13686758140934
"spot_6",2.82541802126437e-14,0.441327143075337,0.0145209872341561,0.00803642503880908,0.064017861630866,0.127811854451731,0.162878772297463,0.0889616483855275,0.0924453078860813
"spot_7",0.268618836095936,0.137242830728379,2.22690168038226e-15,0.171787559199541,0.251628238333703,0.0324809564617192,0.0710036761239205,0.0578294959053738,0.0094084071514249
"spot_8",0.749756623698365,0.0686198842496264,0.0518971321836601,1.00040595981943e-15,0.0158715696007629,0.0404247831266325,0.0316439187627007,0.00144674755400998,0.0403393408242417
"spot_9",3.05798453195102e-14,0.0169942733635713,0.107931088974726,1.84389422247188e-13,0.422999348488146,0.169060825055888,7.00126538603129e-15,0.120480285335566,0.162534178781881
"spot_10",0.330535332636869,0.378209586435364,0.000245645879251192,0.0816356721612786,0.0515846676146129,0.0806958168710693,0.0174341290241327,0.0190424103012748,0.0406167390761469
"spot_11",3.02271283921032e-14,0.394391188012581,0.312279986839812,0.0241536319144181,0.152572163182803,8.95936628334886e-16,0.0379802262520141,0.0475086207224092,0.0311141830759315
"spot_12",1.58961078127953e-14,0.369112152741723,3.72741861778749e-15,0.0134370635805713,0.304432143159706,0.196409929208628,0.0157931440442391,2.39504944136954e-15,0.10081556726511
"spot_13",3.45338776571592e-14,3.10402669604683e-14,2.72762186572564e-14,3.47262736615617e-14,0.473844736080355,0.0349869111370701,8.54785011426927e-15,0.341936203364179,0.14923214941826
"spot_14",0.308643747684642,0.223410492633692,0.0754858078046,0.0279354360287449,0.0322869252588814,0.0808345828411228,0.00615913227286729,0.121334319873209,0.123909555602241
"spot_15",0.499853071934958,2.01347915293371e-15,0.123269798705459,0.0555716551425233,0.0402111506068183,0.233297904274934,9.83002620140247e-16,0.0477964193295443,5.75986738965778e-12
"spot_16",1.14105680042113e-14,7.46085836585102e-15,1.3287454296171e-14,4.24879678483938e-15,0.999999999999946,4.93904972852275e-16,7.96813290123296e-16,1.38857318128078e-15,1.50223773154099e-14
"spot_17",0.274580302775195,0.241748304284277,3.35041293507957e-15,0.0219336644137353,5.60247419766017e-07,0.14814585392529,0.0877396486331961,0.133698610742869,0.0921530549780145
"spot_18",1.61706211456227e-14,0.454200834372284,5.9227124515558e-15,9.20674431727574e-16,3.55181116256776e-15,0.267323483157019,0.0357279174775985,5.64129047253326e-15,0.242747764993066
"spot_19",2.07009348458203e-14,0.239987246536049,1.03345710290465e-14,0.0734693200053576,0.301608698729489,0.120392386973269,0.0590507445993139,4.6969159437545e-15,0.205491603156485
"spot_20",4.53681163898033e-15,0.516006606651278,5.99601296725683e-16,3.20825146531189e-15,0.122704565281932,0.140150314956501,0.221138513110279,2.8283134428248e-16,1.50073768154517e-15
"spot_21",0.576479105431864,3.09978901911886e-15,2.16672098316898e-15,0.0255499521647466,2.51693243123152e-15,0.0445653595658246,0.106376309437614,0.140281613866638,0.106747659533306
"spot_22",3.27453394706924e-14,0.169514466940912,2.77363698146241e-14,1.77357168100825e-15,0.21159883527017,0.210912339061656,0.213133962007183,2.42722059366107e-11,0.194840396695745
"spot_23",4.6471806218999e-05,0.0556614019909987,0.0764911753065292,0.0927534851698263,0.252028772159628,0.0117712655449926,0.0896354615191553,0.321424612268813,0.100187354233838
"spot_24",1.53976891162319e-14,0.374950477249376,4.84227467821734e-15,0.0856929567238797,0.284657115652024,0.0205945726563024,0.143338836128067,2.23792932132679e-15,0.0907660415903283
"spot_25",1.31103241426159e-14,0.457210442563094,3.59578888626366e-15,0.307469495295453,0.00999726264938089,0.135965736052706,0.030283462066772,0.0343068968514682,0.0247667045211083
"spot_26",0.785969516903135,0.0718320255336382,2.16218337632414e-16,0.01153669115892,3.76522717738893e-07,0.0104729433481211,0.0940892940223531,1.65177167897543e-16,0.0260991525111143
"spot_27",2.6654491634636e-14,0.0270195369073122,1.75730848459701e-14,0.107137528250504,0.444812795773127,0.0103214542135322,0.243314793521047,3.41179556605798e-15,0.167393891334431
"spot_28",0.0453616213115387,1.4661192813512e-14,0.0109972013411915,0.0537595661011701,0.632804500565964,3.56692210589856e-16,1.97713068581089e-15,0.257077110680118,9.73402111172113e-16
"spot_29",2.66150462127775e-14,0.449578834722096,0.213265960550904,0.00139957404560812,0.0639277559343042,0.0139709437536605,0.0337208465300344,0.098130900011223,0.126005184452144
"spot_30",9.27756069493825e-15,0.667466390513471,3.52511618318831e-08,0.0307198032969018,0.125655597411752,6.41901159789439e-15,0.169084266000728,5.43327949181e-16,0.00707390752596892
"spot_31",0.495932470854171,0.262434092925926,0.0258996007185948,1.39927507403269e-15,0.0666664699347999,0.08470192409967,0.0225102524441774,0.000113920456641667,0.0417412685660171
"spot_32",3.1695933578829e-14,0.3947228833912,6.91141082904106e-15,0.0848047249804098,0.344678365962377,0.0935937823708144,0.0243596651994909,8.79169413265891e-16,0.0578405780956688
"spot_33",0.402204453252572,0.0625483096335007,0.0410021680176503,0.0651800560995203,0.161405438148591,0.170200143846538,0.0580840061873985,0.00214851279568162,0.0372269120185476
"spot_34",0.0197182683028751,0.368077108554289,0.020634220364383,0.0663398032629979,0.0178954774257609,0.164159393092152,0.000615641891927625,0.209126090377158,0.133433996728456
"spot_35",2.34829737516098e-14,0.24349898211995,9.49189571214047e-15,7.357293592111e-13,0.344189694113864,0.0828334329275087,0.110114148064235,0.158790940232506,0.0605728025411678
"spot_36",0.00125460868858455,0.0529196640154924,7.86602902411812e-15,1.05509632948322e-14,0.60212181790573,0.072632589767708,0.146991531544849,1.73442096074312e-15,0.124079788077615
"spot_37",0.317444289465087,0.383429377707191,0.0724346824571448,0.00982524017871978,1.69292017886185e-07,0.0559416681654925,0.04142942720831,0.0413220214231686,0.0781731241028688
"spot_38",0.00753645292640035,0.409629489260938,1.28898399057926e-15,0.0238215248808712,0.0104218899136883,0.233012367681777,0.0317364005137905,1.11984157597873e-15,0.283841874822532
"spot_39",0.327418583477579,0.329549128679629,2.02723762012137e-15,0.0178629483407951,0.0121668677959819,0.0267174297297236,0.113960620680618,0.054706238122459,0.117618183173212
"spot_40",0.25650699873244,0.107533850675372,0.0646559788146868,0.0154175162246874,0.331314066235199,0.105597378386806,0.0875114276894975,0.00367606450245077,0.0277867187388607
"spot_41",2.4145302276689e-14,0.199724931851254,1.14342588134594e-14,0.00411920615832366,9.50841302517943e-15,0.211743064853471,0.155343867303539,0.266696940262252,0.162371989571115
"spot_42",0.4003202164201,0.0163408484614187,1.19458814432699e-13,0.00462220708758294,0.251824394853166,0.0240658061133794,0.0923369255095149,1.37886152043209e-15,0.210489601554717
"spot_43",1.66406854070655e-14,3.97663413887174e-14,0.11868737038451,0.0912573424131265,0.313047287215984,4.94029061999893e-16,1.13689123379708e-14,0.47700799998631,1.13987166895308e-15
"spot_44",2.20159007059506e-14,0.227501766304496,2.12620959091595e-14,0.142370360476033,0.0314297006764529,2.75982292687293e-15,0.590678774380349,2.43963417944136e-15,0.00801939816262063
"spot_45",2.05650580897416e-14,0.178954185703421,0.329187122276178,1.10643809594937e-15,0.205472996954022,1.15947684321466e-15,0.0618904745766954,0.221012561123746,0.0034826593659145
"spot_46",2.58053291205179e-14,0.212968368520257,0.481221093029545,0.0706256861061473,0.105277381143794,0.0365029356907073,0.0838312153939639,0.00216121230914911,0.00741210780641062
"spot_47",0.658655452853934,6.52243804238689e-16,8.76842481014448e-05,4.57090387996473e-15,0.257186539296523,0.0463803568999756,9.27037503393271e-16,0.0292461574811706,0.00844380922028854
"spot_48",2.394518254178e-14,3.14862679506541e-14,2.45490343810172e-14,3.62905373069534e-14,0.41199802953124,0.277070975006944,0.142997182767986,4.26241715881922e-15,0.167933812693709
"spot_49",3.67314076143855e-14,0.520849905238873,1.00278908067801e-14,0.0262278722838856,0.0131800959437796,0.3138894764089,0.00334837521411481,1.04253909091365e-14,0.12250427491039
"spot_50",0.571168120350607,0.322052113522142,0.000226246543670036,7.82778692128017e-15,0.0398242260245966,0.0443187190344424,0.0224105745241537,1.09383508107678e-16,3.81115741282253e-13
"spot_51",1.29918710386645e-14,0.592428532473781,2.10525066932654e-15,0.0452267558322136,2.61332475647802e-15,0.0606038952662418,0.115483043182842,1.47196319376003e-15,0.186257773244902
"spot_52",0.369061668715681,0.190908954771047,3.49344352855752e-15,0.00669328538994359,1.57632178801698e-07,0.0563431869298017,0.110465197420093,0.00923624472615337,0.257291304415099
"spot_53",1.3923940000038e-14,1.36297210601427e-14,1.13942224066244e-14,2.93569443734544e-14,0.528410018371661,0.247510749820167,2.25951705476015e-15,2.20787764810094e-15,0.2240792318081
"spot_54",3.45552743190298e-14,0.363099585813451,0.020072248277264,0.00519111224005688,0.282944338475097,0.0885437337384502,0.150230072323464,0.000964005157346522,0.0889549039748358
"spot_55",0.699213881822103,9.19640927984536e-16,3.85177813468204e-16,2.56729279487097e-16,0.0269020573378037,0.220834554488846,4.32795061050435e-16,3.06742850529264e-16,0.0530495063512452
"spot_56",0.448783869992258,0.00284852766094363,4.28749794287115e-15,4.85715822901559e-15,3.87987980783622e-15,0.163764247796408,0.126136893047752,2.68903539843684e-15,0.258466461502623
"spot_57",2.35341739173086e-14,0.305320622134719,9.10887788170651e-15,0.0295397508368902,0.401688390304232,7.39583044986926e-08,0.0880426405559651,6.05063689773757e-15,0.17540852220985
"spot_58",0.148431864007012,0.279195094972714,4.14850895376528e-15,0.0261831650624184,0.00205151839147362,0.137315116854617,0.181374915475058,0.115076489020946,0.110371836215757
"spot_59",0.497892326076486,0.159228706987544,1.14875971626644e-15,0.0152963886816156,0.0501123723198713,0.039646359938837,0.124415161148001,9.48456690213848e-16,0.113408684847643
"spot_60",1.70332690827497e-14,0.604692596944187,0.234128547361335,0.00266959169350846,1.52713691199967e-07,2.00962594908572e-07,0.00988359728273845,4.74995007180876e-15,0.148625313041923
"spot_61",2.27458451212568e-14,0.306870877314923,0.320822609687774,7.19674533182503e-16,0.0362021619198124,0.0586338475555472,0.0395898706671441,4.43117505670864e-15,0.237880632854771
"spot_62",3.00705324195342e-14,0.283468429196906,7.64704684462357e-15,6.75964617697601e-15,0.0510459693016985,0.273048724285833,0.346213383062933,1.64141762475511e-15,0.0462234941525831
"spot_63",1.1903521333436e-10,0.43701070420885,0.159568092246698,0.0279143886861894,0.0935060918038938,0.108056577012893,0.0640460413939193,0.0825547372003949,0.0273433673281263
"spot_64",3.3005282520512e-14,0.087576935628491,7.85158640032226e-14,1.67092354350971e-14,0.477656450439667,0.123219587256953,0.0482193922163236,0.130129348809588,0.133198285648848
"spot_65",0.620783824439452,0.212285829490894,0.119021912346618,1.1046211001667e-15,6.55925633239391e-16,0.000470854380594941,0.0474375793422983,1.41234433009327e-13,4.69268362115988e-16
"spot_66",4.29732125882091e-14,0.313199114689831,2.17547195144308e-05,0.00426278090582332,0.277982725190923,0.00606641177515071,0.206005542364418,0.0636310335919912,0.128830636762305
"spot_67",0.346231405277114,0.169099197837715,1.51236683345424e-15,0.00384747057427453,0.38079218948794,0.0114728408061013,0.00233111029333448,1.0327295524243e-15,0.0862257857235182
"spot_68",3.02112807900763e-14,0.30283489544789,2.53682235384729e-05,4.74797795894585e-15,0.354635263913326,0.0387673714527126,0.0673932249518311,0.104246941128189,0.132096934882477
"spot_69",1.40943419173438e-14,0.431112865980035,1.74360815917009e-15,0.00799669722841518,0.413375270547152,3.13666154930841e-05,0.127042083047462,1.03038305783269e-15,0.0204417165814249
"spot_70",0.306091445660868,4.04389209816448e-15,2.20214259177961e-09,3.16791884895107e-15,0.302467577151301,0.194032203289482,1.10690234015272e-15,0.114636163292552,0.0827726084036465
"spot_71",9.08107081460923e-15,0.502195681601677,9.58141108686119e-16,0.0802659363652419,0.0222108192187168,0.264316096384654,0.111108293768674,4.27484685410926e-16,0.019903172661026
"spot_72",2.5661609829366e-14,2.65240415668219e-14,2.92567592188153e-14,1.09063659466829e-14,0.396696385688837,0.242848959980072,3.08839831985501e-15,0.224006189704776,0.13644846462622
"spot_73",8.2926536817341e-15,0.263181459494834,1.57739624215429e-15,0.106113898783097,0.26353856421721,0.154354290119227,0.156587341053626,7.19373591843634e-16,0.0562244463319954
"spot_74",0.230034990271879,0.288364921150202,0.204071231959771,0.028989102080617,0.217791705471938,1.58524909821033e-11,0.0207067604693231,0.00585647135673522,0.00418481722368199
"spot_75",0.731832805423714,0.220961193816323,4.10497710956222e-17,2.13142101286384e-14,1.47187502162196e-17,4.94156794179174e-17,0.0472060007599422,1.05254318336303e-17,1.30775651009066e-17
"spot_76",0.686367870688965,0.0274167205441741,1.33326317467786e-15,0.0695213068799089,1.23161460564427e-15,1.23762153764978e-14,0.00504471423517138,0.107851059058701,0.103798328593064
"spot_77",2.03228077123753e-14,0.0873026058050378,8.04310717007547e-15,1.03774691568285e-14,0.542237055575147,0.236690087491152,0.133770251128623,1.18728956719925e-15,5.74218770177005e-16
"spot_78",0.416266364180615,0.081235834695316,0.0432492192499575,2.14507382588158e-14,0.187458953224676,1.68719468381393e-09,0.187888212613196,0.0839014143490217,1.33829018161052e-15
"spot_79",1.04805123315713e-14,0.579297095315331,2.2102578739088e-15,0.0549586570238266,0.0308013349815317,0.125897938299673,0.124039416353213,9.50029677179035e-16,0.0850055580264106
"spot_80",2.09082241867342e-14,0.693021756238166,4.22105128894945e-15,0.073007575509722,1.47994315887444e-15,7.64583014320218e-16,0.233970668252075,6.72154791513895e-15,2.80455932021178e-15
"spot_81",0.320669697717357,0.526316820442519,6.57701633416474e-16,0.00146081840289409,0.133494724503146,1.40715227551535e-15,0.0148328453327661,6.39593606554936e-16,0.00322509360131503
"spot_82",0.266414971942036,0.192818647144162,0.00875545900178846,0.22043714827351,0.0361046811349818,0.107405057683923,1.65543248620689e-14,1.36293385662951e-15,0.168064034819581
"spot_83",0.283564702550598,0.133077768322222,3.87631039112818e-15,5.24352859611392e-15,0.230807264615956,0.063036983875888,0.0205494307483805,0.18476018680878,0.0842036630781665
"spot_84",0.293079360029041,2.27845699938376e-13,7.15582503147118e-13,0.14504447612707,0.0687963462413224,0.0682703729078374,0.0885276062452096,0.251066309709531,0.0852155287390449
"spot_85",0.404349457759522,0.234356973179161,0.0315643170384508,8.4118952655442e-10,0.000701031016368871,0.0967521603989693,0.207827577752858,1.40947983297978e-15,0.0244484820134791
"spot_86",0.397008566171424,0.205889230670787,0.0443590147224541,0.0907441199478168,0.199125153855954,0.00205600433858883,0.000315307489510598,0.0605026028034613,2.95879878026567e-15
"spot_87",0.160278739569296,0.5804355416246,0.00443604745900457,0.0283698520227825,1.90479823966788e-07,0.00155613246950451,0.224923496374987,1.84005914971388e-16,1.47596523694966e-16
"spot_88",2.52944214769044e-14,0.268134491091799,0.360056245496503,0.0154742453413154,6.947589134163e-06,0.0739758571863124,0.196575766956077,3.22616393509155e-15,0.085776446338831
"spot_89",2.7400408870359e-14,0.591130171058791,3.02526516065762e-06,0.0312375333837746,0.212149167511552,1.04481197347315e-15,0.165030722549836,0.000449249615601122,1.30615255315973e-07
"spot_90",0.352383831131389,0.258127452094055,6.85474969061012e-16,0.042173309080796,4.06857213156276e-06,0.103753076455564,0.192647652286474,0.00163284503307002,0.0492777653465203
"spot_91",1.62277104393257e-14,0.494384514239654,0.00284768335058054,0.041966693197536,0.0189064248198704,0.107569123796314,0.257333956724421,2.1095257903986e-15,0.0769916038716055
"spot_92",1.631278323892e-14,0.452615955240342,1.77880485580792e-15,0.143103320649191,0.0189040555955272,0.0733727811368856,0.0929106219586723,1.63362668522863e-15,0.219093265419363
"spot_93",0.233028429053141,0.116844080162239,0.120666066764075,0.389110720504217,0.0863962816150553,0.0433816683211122,0.0105727530307252,7.25785336711294e-16,5.49434537196966e-10
"spot_94",1.26283319081832e-14,3.45311319178605e-15,0.623157517468691,1.50950469919671e-15,2.66668519702116e-16,1.44487715064716e-15,9.73206668790532e-16,0.376842482531288,1.27049271734554e-16
"spot_95",1.1174139008939e-14,0.539196532344082,2.71437012991367e-15,1.66603400920414e-15,0.184957687476275,0.0347264157547435,0.206029167965479,1.48122118162878e-15,0.0350901964594034
"spot_96",1.22955173950565e-14,0.424915418723054,2.80897754392468e-15,8.09250332022113e-05,0.296683997345319,0.195353406480157,0.0224930452090719,1.41510929061957e-15,0.0604732072091788
"spot_97",1.83487545639644e-14,0.165954118097823,0.0363921366830118,0.0279118379827389,0.291173711026104,0.186262435314602,0.052681991866172,0.178421304963971,0.0612024640655594
"spot_98",1.67222444532613e-14,0.528046222972318,2.21357273793906e-15,0.0628958949257527,4.92323196509696e-13,0.165636003379289,0.125387344328389,0.0580825011117017,0.0599520332820379
"spot_99",1.99551138192818e-14,0.320723154842919,5.66834253962213e-15,0.197344981020052,5.812111521292e-07,3.39085244982126e-07,0.110905254244289,0.252216541092064,0.118809148504252
"spot_100",1.57944456420438e-14,0.320984389857637,4.21520402107868e-15,0.000113971947832413,0.167005638353728,0.325667176276972,0.0643998113643437,2.13438558221987e-15,0.121829012199464
"spot_101",0.268194209270579,0.22460572899563,0.0263976017088872,0.0456547462611454,0.0454686478746216,0.179920760253672,0.111117945575101,0.0763163532591383,0.0223240068012252
"spot_102",2.28442040003709e-14,0.160638019515628,0.185414237118687,0.06662135203707,0.138905343272288,0.192192074018685,0.0172905831934431,0.0970317346198912,0.141906656224284
"spot_103",9.19993652752172e-15,0.809246283041133,6.57168408100971e-16,1.77868304773206e-15,1.23178840117913e-11,0.00809346452852635,0.13972006712837,8.56782801134523e-16,0.0429401852896399
"spot_104",1.43944439116202e-14,1.05008059374994e-14,3.56367200739762e-14,0.294917003236039,0.538254946990622,7.07356263643771e-05,0.091849858079239,0.0749074560676748,9.98463703287036e-16
"spot_105",1.92263780407563e-14,2.312429274965e-14,1.63671831191186e-14,1.19902515515136e-11,0.599360436315817,0.0567323171563721,3.0673401493047e-15,2.99421820504334e-15,0.343907246515756
"spot_106",0.25955873253956,0.171811515497263,0.0394258943724023,0.0648322159024655,0.118817118626537,0.0657006177927586,0.114885951870188,0.0157039031611155,0.14926405023771
"spot_107",0.389942507659101,0.0971119103700701,0.0232338751790697,3.0627092201844e-14,0.120789477061522,0.1756703187195,0.0305610031306463,0.00934446664816432,0.153346441231897
"spot_108",0.1093548109255,0.827339263460846,0.00113497964132326,0.0323090158583218,7.35662644387372e-17,6.75317530466455e-17,0.0298619301140081,4.69287126953906e-16,2.91908372895528e-16
"spot_109",0.541017871630472,0.268030192076826,6.1768986142018e-10,0.00580587231151577,0.0595791531905133,1.36103721254731e-15,0.0688621526012346,0.0567047575717453,2.23533863010787e-15
"spot_110",1.06448687019224e-14,0.433687641189818,3.41462845600209e-15,2.58236711714848e-15,5.12030432641895e-15,0.258296274720946,0.0789772558937911,2.66721904254321e-15,0.22903882819542
"spot_111",3.50807451067751e-14,0.419928842559434,0.155418892164796,0.000511300711202574,0.00929438255732027,0.0862174626657146,0.0762163995037789,0.138357653803827,0.114055066033891
"spot_112",0.516121171024055,0.0786731117034501,0.0232659486907782,0.075061400548463,1.95500011076333e-11,1.14766955008134e-15,0.0749498233579666,0.111784503571967,0.120144041083769
"spot_113",4.80169397372877e-14,1.47240891602093e-13,2.64627608564858e-14,4.40513156354195e-14,2.27365432604165e-13,4.98462098290397e-13,1.67837709801998e-13,0.999999999998822,1.80633952459158e-14
"spot_114",0.823576875405187,1.30103857704907e-15,1.23566902263455e-15,0.0296494268545459,0.146773697740258,2.62635632878936e-16,3.72403100152119e-15,5.10458822404377e-16,1.34297184404307e-15
"spot_115",2.05467712789331e-10,0.138909293177179,0.231185886709793,0.225279048496928,1.49181311251285e-06,0.0716203706239928,0.330959295360829,1.37861362645385e-15,0.00204461361269745
"spot_116",0.467429145753419,0.0726452898044937,1.14591589784337e-06,0.0124218173653138,0.271261046247506,0.00704140262583674,0.0979805369702536,1.00164692365915e-15,0.071219615317278
"spot_117",2.63721093467825e-14,0.112516036286471,0.280079202116964,0.0275621376421788,0.00832585290226025,0.207970269289058,0.15739594529512,0.135627413731443,0.0705231427364788
"spot_118",5.78195096541144e-14,0.509029829883881,1.83885441695132e-14,3.50008980756568e-15,0.0853689937165236,0.0191470921368818,0.289540675099379,1.40182195923408e-14,0.0969134091632411
"spot_119",0.827751557578677,0.0431005176791968,1.61541172832262e-13,3.19771676787972e-15,3.74419107780199e-16,0.0719288471763583,0.057017326156738,3.1133152214228e-16,0.000201751408864466
"spot_120",0.127698236665974,0.681855566884684,1.37235446738967e-05,1.4052214732731e-15,4.8597197809352e-16,0.0123171303804334,0.0310678493510345,0.147047493173198,3.97840304955624e-16
"spot_121",0.402557956549864,5.1427803630792e-15,3.6841939361114e-15,1.69899745967414e-15,0.115233886029856,0.220555543987759,3.8476874473012e-15,0.0955771719371902,0.166075441495316
"spot_122",0.214544664345796,0.343217408118704,0.0512403963567168,0.0047082043540721,0.0273076365042023,3.99282872488307e-15,0.103359355109188,0.255622335211314,2.21992615913727e-15
"spot_123",1.13354812214347e-14,0.192955656935602,0.35801091761384,6.76525515751096e-16,0.139454932091103,0.111625495910409,0.00212616479389243,0.142788977971163,0.0530378546839797
"spot_124",2.89933868173675e-15,0.116686187978958,7.17001614251315e-16,0.710632903858345,1.28217207324036e-11,0.0520279647720884,0.0928061726974911,1.8694508753967e-16,0.0278467706802918
"spot_125",2.02361975990174e-14,0.442361709950963,7.62233629020389e-15,0.000582268250776842,0.320622389585088,2.84006811489685e-07,0.156543372851833,4.34297072794329e-15,0.0798899753544945
"spot_126",0.268707675072976,0.0914946003847476,1.66209161776057e-15,0.123637895080113,0.0647375770330107,0.0951081135513145,0.0395686035103798,0.240011600073876,0.0767339352935802
"spot_127",0.466216542933889,0.0250822428102621,0.0232680675262393,0.277754373753654,0.201671523305748,1.12861080913125e-15,3.71613148424098e-15,2.73053454707485e-14,0.00600724967017596
"spot_128",1.58753734617334e-14,2.35763936691566e-14,1.76533163805863e-14,1.35685313361193e-14,1.00606373421438e-14,0.589030156965047,5.05957207758766e-15,0.366096250026646,0.0448735930082213
"spot_129",0.415426979782359,0.241985861252816,9.57034196839627e-16,1.02041428611533e-15,1.07292709330461e-15,1.23311166209564e-15,0.342587158964819,1.23799376465261e-15,9.98877125280779e-16
"spot_130",0.58407516302874,0.148957957157605,0.0143769330277772,0.174554042948341,1.63162985444984e-15,6.15403978238124e-16,0.0699016175070063,0.00813428633052432,3.54493016573576e-15
"spot_131",0.317518942789844,0.0243994120017781,0.064511289824905,3.99003718997502e-15,0.397370173434247,0.096715638214038,0.00288499389999433,0.0558331092140579,0.0407664406211322
"spot_132",0.268550093838387,0.238483076832586,3.54521285507974e-15,0.0282980647209659,0.00292626675311599,0.15270393568009,0.0572861921750081,0.0945788170691504,0.157173552930694
"spot_133",2.87649479055732e-14,0.0854908308041441,0.000474416756906331,0.000770821880517145,0.451192330017225,0.140569174056131,0.1023447369909,0.125429337273454,0.0937283522206932
"spot_134",0.299975299386481,0.186340462147956,0.0162422479182215,1.95185759370779e-15,0.0292633283933744,0.18293160351012,0.0305310468648953,6.67385608693367e-07,0.254715344393341
"spot_135",7.0748128661487e-14,9.56681454286935e-14,1.07828303688331e-13,4.00758252779286e-14,1.37486929649405e-07,0.63420475971076,1.07693149033241e-14,3.06314070714523e-14,0.365795102801955
"spot_136",3.18965946780269e-14,0.237426351538039,1.04546846499348e-14,7.60730478279443e-15,0.352573636702259,0.230667511649997,0.0722846151478232,3.39549358569714e-15,0.10704788496183
"spot_137",1.52747340039688e-14,0.125738446655162,7.62452912928182e-15,0.209779222850425,0.167828395439352,0.242114789303713,0.169616633027316,8.23508254086613e-16,0.0849225127240076
"spot_138",0.321731277287452,0.127038328920741,3.49077200957722e-15,6.27280607214407e-15,0.22065545619935,0.0717271048305857,0.0687814681731715,0.0584216634272781,0.131644701161412
"spot_139",1.64594786800492e-14,0.603127268382675,6.22580394309704e-15,0.0114213754781365,0.261782658452378,0.0134743978282595,0.0197344382639046,5.67590523826062e-15,0.090459861594618
"spot_140",0.527536253206475,0.245780903881585,0.029036211187692,0.0978894560789074,0.00154265913157857,0.0428889664179862,0.0553255500957477,1.80631203589088e-15,2.61684373528579e-14
"spot_141",0.182234894260472,0.421188158422725,2.83740420086215e-15,0.10229535275718,0.0734185975318509,0.113443258781837,0.024296991939881,0.0685451106121982,0.0145776356938532
"spot_142",0.867981382188495,0.0410016548280999,2.32659766838744e-16,0.00326564765061646,6.13105942041843e-17,9.12218342969698e-17,0.0877513153327881,2.11999055718938e-16,6.10875995394919e-17
"spot_143",1.12274878535628e-14,0.419530837087908,1.76515119067838e-15,2.77808159212274e-15,0.212087960744366,0.245695466243892,0.107107589926969,8.72493878265531e-16,0.015578145996848
"spot_144",2.03985098972195e-14,0.345545597250175,3.23353978138476e-10,0.0951626722775854,0.349667453861485,1.80173606385949e-15,0.0811496241916701,0.123657927233861,0.00481672486184673
"spot_145",1.9712077722281e-14,2.18057071142682e-14,0.0759071836446092,1.13623044872227e-14,0.529491639765869,0.000182996464776781,0.000402143524791241,0.0105577347600898,0.383458301839812
"spot_146",0.771745484794506,5.72087285325078e-16,0.182220588175401,2.12864161495801e-16,3.024727080259e-16,3.14174836265656e-16,5.57203076110175e-16,0.0460339270300906,5.57791702604792e-16
"spot_147",0.175725162563655,0.154048880289082,0.105884167531517,0.0296995489117464,0.163417903547347,4.12212258742517e-09,0.0731870911534139,0.297486547802304,0.000550694078812352
"spot_148",6.32013155223652e-14,7.43722250410717e-14,9.67501736829106e-14,7.9292868101218e-14,2.71280609514804e-14,0.127749703970337,2.2478719163376e-14,5.45616852462606e-14,0.872250296029245
"spot_149",1.16463781394821e-14,0.564255138347856,4.35050914075457e-16,5.54162222003053e-15,3.45610081635232e-16,0.345296412811304,0.0904484486768481,3.70238900779951e-16,1.63973408972013e-10
"spot_150",0.0837197425941185,3.08406420314337e-14,3.61198946825634e-14,0.103291253326075,0.573558910519198,0.198333077028188,5.08930318071366e-13,5.19988333879977e-15,0.0410970165318392
"spot_151",1.49417581225309e-14,0.339923428336484,0.220947934878939,1.9642472690757e-15,0.176059442287778,0.148906887248395,0.0860085051962095,0.0179719802308152,0.0101818218213627
"spot_152",0.00781232551210696,0.278742270747153,0.374711696441929,0.10827689862129,0.00290419028715546,5.4221536074946e-07,0.0412918074226865,8.03724296890601e-12,0.186260268744281
"spot_153",5.06997465911137e-13,3.19025423613133e-14,5.9262845072118e-08,2.73073823557011e-14,0.374229665001282,0.0279077441789033,0.208793565601832,0.269898287799988,0.119170678154583
"spot_154",0.233526235608224,0.0450315884932749,0.0164363779957016,0.350244832657641,4.85784497994009e-05,4.18662053361122e-15,0.201113590590818,0.153598796204534,2.88864082244888e-15
"spot_155",0.474225461688152,2.65632775968185e-15,6.54886968406814e-16,0.437158952984297,9.18441102823512e-16,0.00298759016008666,2.99665291538874e-15,0.0856279951674555,1.37830177421812e-15
"spot_156",0.0950241550100675,0.328456461291768,0.0226215228599198,0.00150212636220615,0.159825218236323,3.37723306459452e-12,0.219528990381788,0.167248542721543,0.00579298313300799
"spot_157",0.602246029583839,1.48558641477509e-15,0.00104134486009455,2.495263105803e-15,0.241041269830035,0.0632319486836095,9.37804612545912e-16,0.0515144135301714,0.0409249935122455
"spot_158",3.79317112783662e-14,0.177795780713369,8.32931227597301e-15,1.76462580714816e-14,0.347459349237085,0.142750670506326,0.104448241613682,0.227545957929472,1.73310717226566e-15
"spot_159",1.66162261219394e-14,0.19312492942609,0.201361933963204,0.00887254389995935,0.375553586580244,0.0782700065964562,0.00060112769048595,2.31825480935949e-15,0.142215871843542
"spot_160",0.25266207732443,0.0976984317445506,0.0734763493397594,0.0357583753134954,0.258807804584031,0.0949831841430793,0.0678258301078979,0.0494089277322609,0.0693790197104958
"spot_161",0.0606672443558427,0.445941775887866,8.78426212638987e-08,0.0417370323928537,0.23483566562173,0.00715988204720563,0.110132293443186,1.82893280339497e-15,0.0995260184086935
"spot_162",0.250602098823276,0.189764316207559,0.0433446826327211,0.1096242577264,0.0244758732567226,0.0420320968985465,0.203798373078652,0.0334545702281244,0.102903731147999
"spot_163",1.24124954866886e-14,1.14400259565545e-14,9.696355530095e-15,1.89479158943277e-14,0.971840986457071,9.29107297460668e-16,1.28582020125176e-15,1.28121020512714e-15,0.0281590135428725
"spot_164",0.419516413854119,0.0204059805548199,0.0232862415543619,2.66682706173643e-15,0.3375586585392,0.0229681122205321,0.0949631079961771,1.09849970418941e-15,0.0813014852807861
"spot_165",0.159908297582979,0.417078723617293,0.0485747498342564,0.0625347209145478,0.0367619920540897,0.108693906391591,0.035363038155515,0.0480160148403337,0.0830685566093941
"spot_166",0.41460606996207,4.13884917379696e-15,6.0716069197502e-08,2.84556131673146e-15,0.187022058495828,0.0831508719848038,0.128631054070267,0.0997618098242433,0.0868280749467121
"spot_167",1.3107458707427e-13,0.00321249829078515,2.85922725349904e-13,0.318908975331322,0.537273773707762,3.69071196580184e-16,0.106927780670191,1.81691396747399e-13,0.0336769719993414
"spot_168",0.000102392801373763,0.468427643759731,0.00484322731740921,0.161180805797823,0.00798226077896537,0.00496125722584082,0.231153112061301,0.0563001717519173,0.0650491285056392
"spot_169",1.68923033006769e-14,0.303038749366009,0.202711182402919,0.112940610328742,3.03392798475008e-08,0.276603823162791,0.0576607420032804,0.0211735479487925,0.0258713144481691
"spot_170",1.03837003349543e-14,0.271521746283918,1.11362774396054e-14,0.169866240828613,0.202011474631837,0.264905358886256,0.0916951793693535,1.66230106329433e-15,3.42011222691881e-16
"spot_171",0.353759834308075,0.205408784212161,1.55824556644263e-15,0.0636186577828775,0.184070809115767,0.113402266687693,0.0753244946833138,7.03406666150224e-16,0.00441515321011196
"spot_172",1.76626974992854e-14,0.302720584123955,4.42060352245761e-15,0.0135833349483028,0.0243123746427538,0.332146411065198,0.0135272691011324,3.25342264250684e-15,0.313710026118633
"spot_173",0.285463288178031,0.312656783588226,0.022027268568572,0.0236367140607966,0.0434405108242846,0.0471973017917178,0.072033019273438,0.193545113714932,1.06157640378657e-15
"spot_174",1.02949533097484e-09,0.249245495547831,0.317358058534469,0.0898670488982413,0.0993382161959692,0.0383098875815045,0.178339892062254,5.71738348993821e-08,0.0275413429764009
"spot_175",6.62654871743711e-14,0.174515126080414,1.32431319393431e-13,8.21691874668132e-14,1.4337925306625e-09,0.41271686155329,0.412768010932177,3.84473268998157e-14,7.20674245279764e-15
"spot_176",3.29818191705478e-15,1.7953723382185e-14,0.512742970887378,7.45251032078094e-16,2.50111638817648e-15,1.93994993956978e-15,1.37465583907639e-15,0.487257029112592,2.94749095920441e-15
"spot_177",0.0369748230741005,0.42030657766479,0.161363528136372,0.0288984398857592,0.0110781891444271,0.0277656482685356,0.0869714264305671,0.0503325048119125,0.176308862583535
"spot_178",0.547578517601302,0.00238836326462704,2.5762188552377e-13,7.61090771683086e-15,1.76193018036848e-12,1.29002931904198e-10,0.15531118600204,0.140549354465894,0.154172578535107
"spot_179",1.89744743312731e-14,0.335825142829976,7.27119767463116e-08,2.3755977614037e-07,0.209992814856542,0.205772219162381,0.175189792318892,0.0271035972903323,0.0461161232701048
"spot_180",0.110889753666304,0.0661986238637228,0.146610033241294,0.100099624362912,0.28107984777799,0.0689352564354438,0.0703067472023423,0.000679554627896699,0.155200558822094
"spot_181",2.17742747557983e-14,0.256431748496055,7.05488385331454e-15,2.50371095774528e-15,0.16029068336244,0.243094137296699,0.000100783990175138,0.164794823678046,0.175287823176553
"spot_182",5.43092626856976e-15,0.446323523768306,1.56233847120213e-16,0.0603722201967969,3.08963439453129e-16,8.15127139372732e-16,0.49330425603489,1.94120728018802e-16,2.974310645458e-16
"spot_183",0.589808069512593,1.18868764567199e-15,5.91481457882409e-16,1.67078294530906e-15,0.0104179034536321,0.13808386957231,2.66756074623467e-15,5.67914960842905e-16,0.261690157461458
"spot_184",1.95898298065815e-14,1.6868592563316e-14,1.14171109786081e-14,0.137363331965315,0.43554933090434,0.0151280409864786,0.242747968728827,1.78067968864469e-15,0.16921132741499
"spot_185",3.30417082982424e-15,3.77135873458901e-17,0.0629083152120491,0.864634318270789,1.84959895973489e-16,9.60822104334899e-16,5.42759565237456e-18,0.0724573665171576,4.70315635428151e-17
"spot_186",1.23213808756709e-14,2.59553782090795e-15,1.60882632948107e-14,0.857356018495188,9.94428608882065e-16,3.93633451032843e-16,8.17828346997311e-17,0.14264398150478,3.15452617298609e-16
"spot_187",3.76523279143282e-14,3.00183845039429e-14,2.65038919563824e-14,1.17608216479437e-13,0.635249667646768,0.111292538329475,6.98496129910608e-15,3.61520111058148e-15,0.253457794023534
"spot_188",2.01656347759828e-14,0.228114983799858,6.08146655102124e-15,0.00013213729528483,0.466210532137725,0.130171129061258,0.0562318312543055,2.07257359420088e-15,0.11913938645154
"spot_190",0.335577103676919,0.166613646348147,0.0950185988384354,0.005154819079709,0.0169345079861394,0.22938569199298,0.00514899051921937,0.108036695184779,0.0381299463736713
"spot_191",1.95117026086433e-14,0.308556795706892,0.201495419401062,1.75743086217749e-15,0.146098529703715,0.232553702467854,0.059438059666501,2.23967206077122e-15,0.051857493053952
"spot_192",1.77995365392729e-14,0.519567330099777,3.31855385857962e-15,3.47044201067513e-15,0.0150816027460138,0.150373549243996,0.00492337472654063,2.59008772513438e-15,0.310054143183646
"spot_193",1.73533700580812e-14,0.416026579270324,1.92199141246706e-15,1.06438131594328e-15,0.396315781404381,0.101372082052729,0.0145376289476483,1.05391595816985e-15,0.0717479283248968
"spot_194",1.65962876232767e-14,0.476583337484713,3.03173429160104e-15,6.32894317788836e-16,0.0178301634570389,0.221294549050088,0.0463436865937004,0.143413096064656,0.0945351673497822
"spot_195",0.355453514056994,0.272287510753757,0.0206381366157925,0.0886251016670282,0.0676775214865438,0.0113409012619673,0.0604165039310263,0.0798172472580587,0.0437435629688331
"spot_196",0.381494827630892,0.139022158849216,0.109044157976756,0.0394151937844648,0.110586735954819,0.0948592161153405,0.0131679424771885,1.19877312894823e-10,0.112409767091446
"spot_197",3.55957653485988e-14,0.46693943075485,0.15128846069913,0.000240052680524169,0.11476605923226,0.0161115871556331,0.0882892180420206,0.00976742958132209,0.152597761854225
"spot_198",0.0326736925854981,0.614954494922192,3.25817519509592e-05,3.63329263253144e-15,0.0027723174626392,0.298092035045409,0.0514748782323055,1.23512896520633e-15,6.25967411992816e-16
"spot_199",1.66613279190004e-14,1.81156824314744e-14,0.41224711849727,2.47357082017762e-15,0.0248130629944637,0.361611461256584,4.17159533670616e-15,0.036236258781427,0.165092098470214
"spot_200",0.549613940591037,0.33592159833166,0.00136878320937805,9.78456449895657e-11,7.28607587660968e-16,0.104041337500218,3.34259219631483e-15,2.30089233428732e-15,0.00905434026985522
"spot_201",0.450712434811665,0.0883950834566946,1.42414599973188e-15,0.0138820853127143,0.0131065134840521,0.111847072631959,0.190613399360832,1.4441171743553e-15,0.131443410942081
"spot_202",0.599523456789437,5.15106710299294e-16,0.246770754420126,7.50311663002843e-16,0.0270366434420934,1.58160026005429e-15,2.61922522621772e-16,0.12666914534834,4.98242147797932e-16
"spot_203",0.576282635608447,0.00588012875464484,0.150668951190033,0.00642019357541435,0.0117807323361954,7.7485373950803e-07,0.140820114290625,1.29669887385999e-15,0.108146469390901
"spot_204",1.88405104246497e-14,8.68489894683737e-15,1.53386153511041e-14,2.07407736794284e-14,0.746162946290129,0.2538370532562,1.80350855954233e-15,1.91743428913677e-15,4.53603569898894e-10
"spot_205",0.487233435441374,0.0597570574596111,0.0116117573195299,0.342034930318832,0.00045705259671091,3.36937560508552e-16,0.0989054483412332,2.44221088715751e-17,3.18522708786576e-07
"spot_206",0.508053817521452,0.0936188883283684,0.0753557796890584,0.0547086508282289,0.0582683716335939,0.150048166827904,0.0316733268904256,0.00247140203473231,0.0258015962462371
"spot_207",0.359699107680161,0.17937041779653,0.0111088046541652,0.00950911602207335,0.0317097789133886,0.0939144909475342,0.137479502210908,1.14971243153497e-12,0.17720878177409
"spot_208",6.25804307191169e-15,9.54958528593018e-15,1.53439712347719e-14,0.418110604379551,0.395832283842627,0.0220155673117445,0.0699422370142709,0.0386563273949171,0.0554429800568579
"spot_209",3.45561553301637e-12,0.458590065472677,0.0437425308534734,2.80722008041986e-15,0.0959128025501263,0.192301366713175,0.0688729194994038,0.104452502688847,0.0361278122188399
"spot_210",0.525608971737265,0.0533081653395793,1.48412531200081e-15,0.0740107842404281,1.3245998751419e-14,0.0736017455807639,0.0661928468625453,0.152641426667271,0.054636059572133
"spot_211",0.367177039473979,5.1110215030953e-15,0.095231403812572,2.53932846893984e-15,0.158049506711206,0.18439787525427,1.77145877653539e-15,6.16065080338673e-08,0.195144113141456
"spot_212",3.12258122388146e-14,2.39487284129704e-14,3.21410643461308e-14,3.2750664354936e-14,0.454230582538001,0.0117579751339935,0.221257468008001,0.211253845538256,0.101500128781629
"spot_213",1.30377052935161e-14,0.395709079046437,2.86017488107456e-15,0.0456693332058103,3.49401148219583e-15,0.220779180771533,0.081546339296509,1.57359496109243e-15,0.256296067679689
"spot_214",2.43672257245467e-14,1.56948500302688e-14,1.26475333400124e-12,2.33189644086744e-14,0.999767930546039,0.000232069452492333,2.96758931498381e-15,2.97394492186694e-15,1.34922294891112e-13
"spot_215",1.40642748935311e-14,2.284247866099e-14,0.277229878784955,0.488505050502417,1.00163824293732e-15,1.83462669646263e-15,0.02706353756576,0.207201533146827,8.04603639840098e-16
"spot_216",0.159545144763406,0.0371095759125712,0.240606253483213,0.562739025840804,6.7507003814821e-16,1.07019242218187e-15,1.38914901929553e-15,1.14724337309135e-15,1.02960506785033e-15
"spot_217",1.8488251705785e-14,0.256673479970748,0.132142379218997,0.332995272015305,0.0915247604346917,0.0227929472739695,4.66211766340557e-16,0.0770920897715487,0.0867790713147214
"spot_218",0.0038772995485956,0.347340929557609,7.99195452454713e-08,4.59089843237633e-15,0.284858248029778,0.0378437538236499,0.278792968228638,0.00219783044314016,0.0450888904490389
"spot_220",2.04599878113896e-14,0.412959540729087,5.59461608003717e-15,0.120639486972968,0.0292881894606052,0.270301995792654,0.153882495464357,2.40489988636793e-15,0.0129282915803
"spot_221",0.51409514542159,0.118314196909176,0.000525463897915682,0.0189929290814961,0.0175926288339802,0.117773000360318,0.024736333274634,1.2924648516219e-15,0.187970302220888
"spot_222",1.6937571600217e-14,0.507453762805773,0.00142002957488574,0.0180330869586628,0.142445287732995,0.0815402761559339,0.193324471831934,0.0557830845463894,3.93410224425223e-10
"spot_223",0.0133465200292103,0.700450003825977,0.000350611442546152,1.09274099493505e-10,4.76341230080732e-16,1.78788172160074e-15,0.121202379792114,0.164650484800876,3.60743086311281e-16
"spot_224",2.39851243435467e-14,0.324809881556319,8.88886982567155e-15,2.57545174517974e-15,0.190766964844355,0.0137754644005549,0.0919110677826509,0.206328134695975,0.17240848672011
"spot_225",0.000517317113433437,0.339027558854727,5.99582365823874e-07,0.0634926289732923,0.163917766588268,0.153179902981777,0.00532272255360631,1.13249991611937e-05,0.274530178353369
"spot_226",2.97380018579802e-14,0.0269398765784836,0.193658419214683,0.0463870456247028,0.026005746304203,0.245724336415053,0.150881928656795,0.0699529672262557,0.240449679979794
"spot_227",2.4745713583588e-14,0.448012662786387,0.27841754635956,3.41322309164591e-13,0.0164235285032724,0.144809837903118,0.048334254777133,0.0030117896841167,0.060990379986047
"spot_228",6.72100977330424e-15,1.10979753554981e-14,4.28780763114545e-15,2.66227690858389e-15,0.729565223662077,0.175872819364576,1.3236640826722e-15,9.6339208317446e-16,0.0945619569733197
"spot_229",2.21836388937015e-14,0.34276128834918,1.11592809704536e-14,0.0509148781547478,0.210902841222926,0.141189381663219,0.19456341125432,4.87421772355701e-15,0.0596681993555693
"spot_230",0.00993881029303805,0.221254454193304,5.30981198111017e-05,4.66175537077231e-15,1.93843240120324e-09,0.155018691275937,0.29121316657585,0.29856432963697,0.0239574479666527
"spot_231",0.31611021436662,0.0402732490028196,0.000130102835551098,0.0770204981871884,0.382891215216775,0.0832288159433464,0.0727417324326207,1.17528255255976e-09,0.0276041708397967
"spot_232",1.67908907901e-14,0.500595129082656,3.33595348644615e-15,0.0116354556129151,0.16247962716391,0.0476361130141429,0.0145009371921949,0.139709822296068,0.123442915638093
"spot_233",2.64307201512792e-14,0.57914736062602,9.39908711488501e-15,0.000169059733370106,0.0174134526544538,0.243747341157329,2.09576295695512e-16,9.5536922770372e-15,0.159522785828782
"spot_234",0.353350644608015,0.312727903645171,1.90403632157548e-15,1.8684339809015e-15,0.116442566970397,0.0316094836666816,0.104232442145755,0.048085235137018,0.0335517238269581
"spot_235",0.464936229121491,0.11941211994881,2.76635119791555e-15,2.83053454618897e-15,9.32565850876924e-05,0.10473657934638,0.140211693413379,0.134299100330428,0.0363110212544191
"spot_236",0.467146719226859,0.0964146471974105,0.0425913511129791,0.0542304436686697,0.152523956566065,0.000968383014826327,0.0729636564632758,2.12549425173953e-15,0.113160842749912
"spot_237",0.00137092743823328,0.222186023603672,1.59495186694837e-14,6.09576077913052e-15,0.190184888764106,0.0838940428065403,0.306029897360388,0.129482765828018,0.06685145419902
"spot_238",0.453098678483708,0.0536606786294707,1.94990299001416e-10,0.044396193383416,0.0175837110706192,0.103112477867671,0.107237399807389,0.220910860562735,7.93932787002668e-16
"spot_239",0.437208998297992,0.285146583824796,4.63223686333384e-08,2.21443180988387e-15,0.0565576614098617,0.0150882458991169,0.0364157667618745,0.168832934989737,0.000749762494250658
"spot_240",0.0333855572225863,0.220540788053928,0.213427038652779,2.21038231358427e-15,0.225505051815017,0.0265013973891128,0.00226544268599367,0.27823703484908,0.00013768933149985
"spot_241",1.35602329402559e-07,0.295934248943505,0.280523960915907,8.72736361131994e-16,0.124699902640991,1.60619740490494e-15,0.298841751897259,2.62937127771739e-15,3.59676970000278e-15
"spot_242",0.230731438458295,0.1403732573018,0.152242650589879,0.000219680398451458,0.213535037910271,0.0623827469470452,0.170421185522925,0.000576467042139573,0.0295175358291942
"spot_243",1.63334622550995e-07,0.0686205653933166,1.49921099158454e-14,0.232267848179764,0.340300731841346,0.0605192616806406,0.0197078205473542,0.217243177974513,0.0613404310484282
"spot_244",0.289062325536337,0.111445383801191,0.109132154943587,0.0490599865842025,0.328038383252543,0.00962466265518894,0.0200403136382445,2.29975476402397e-15,0.0835967895887032
"spot_245",6.38767655635354e-15,0.416152853444623,8.48973390464337e-16,0.529671100787557,8.21466619728687e-16,1.02152407566038e-15,0.0541760457678095,8.88976272779998e-16,7.53193481132489e-16
"spot_246",3.49373513817503e-15,3.91104433884909e-14,4.424625323387e-15,0.999999999999942,2.4230901136618e-15,2.04863921482215e-15,3.51403867567726e-15,5.53283036308985e-16,2.60659500896134e-15
"spot_247",0.576244207983797,2.01983945778085e-15,5.74271667050013e-16,0.321038425754533,2.38175738477579e-16,8.90477519036898e-16,3.28995841360391e-15,0.102717366261662,3.68404184245777e-16
"spot_248",0.337631674639322,0.126472510497876,0.142452337290711,2.6089193208228e-15,0.08480919730232,0.0967485799545351,0.0788232135259744,0.0863086103395787,0.0467538764496804
"spot_249",0.352969274163364,0.341818757925339,0.00488000626501088,1.38421662730161e-15,1.4513572081672e-15,1.05810177849372e-15,0.289558452428236,0.0107735092180438,1.64653926384599e-15
"spot_250",9.1021505875476e-15,0.389297819550749,2.62156184371457e-15,2.46965778942369e-15,0.171377450507318,0.217682424386938,0.0813330525033529,1.34115570243555e-15,0.140309253051626
"spot_251",1.07964569715532e-13,0.250266785337373,0.211655871084604,0.188339608027144,0.052298603112837,0.113639969777267,0.0680130642362767,2.37384965474406e-15,0.115786098424387
"spot_252",0.107667732581069,2.12396199428691e-14,1.67678770374045e-14,3.20041813728633e-14,0.537970410038664,2.4362428569142e-11,2.26263797123957e-15,0.339315289949098,0.015046567406734
"spot_253",5.46046364168858e-15,1.70254021008115e-14,0.499887103321951,3.8082123597353e-15,0.00455631530512522,0.00221590014564292,2.03003529425832e-15,0.200606232724263,0.292734448502989
"spot_254",6.35043367728887e-14,0.00791950337473094,2.78946744857178e-06,1.83412166257048e-14,0.178229316257571,0.0643588700857982,0.389324483169082,1.67464234225185e-14,0.36016503764527
"spot_255",0.48383136846166,0.0749740096619178,0.0576450372620077,1.99519951006335e-14,0.0498539304982641,0.14180779473945,0.0272174514364584,1.63578696920516e-15,0.16467040794022
"spot_256",1.20025432368805e-14,0.685321269818616,0.0485043945969622,0.0150299134682836,0.0572362943429639,0.0114802627499127,0.0108536003817174,0.0201881517454454,0.151386112896087
"spot_257",1.88873144833974e-14,0.30889014792955,5.42457458111208e-15,0.0302647145999103,0.348429762933307,0.00065255164936085,0.214404932542037,2.07185851553074e-15,0.0973578903458084
"spot_258",1.27232202482559e-14,0.580497061615015,1.78797898799222e-15,0.0020474239512822,0.02062607955924,0.0767120329603343,0.289124289591284,1.52068699675735e-15,0.0309931123228285
"spot_259",0.480061557663961,1.14197282336431e-15,4.94756550431557e-16,1.00061098246784e-15,7.38920918145098e-09,0.335397879105898,1.99756771229469e-15,2.70801984501906e-16,0.184540555840926
"spot_260",1.9530300614774e-14,0.449560511389593,0.0217493564422037,0.0206083621783781,0.038317337015076,0.258095827831977,0.11561170496798,3.66989906094751e-15,0.0960569001747678
"spot_261",1.14157368728985e-14,0.397699051644848,2.95771008069492e-15,3.29109432903445e-15,0.422533119608362,0.145405238714766,0.0297881450239974,1.04326315229717e-15,0.00457444500800719
"spot_262",0.491501031979058,2.37543813651675e-15,3.79421617236773e-15,0.0366673845157474,0.018411746308817,0.120679284208536,0.0881313730615642,0.132944922962614,0.111664256963658
"spot_263",0.429167820001624,0.0148431922222616,0.0405945752093895,0.0847998262960552,0.135135732888291,0.0898233316329743,0.0834350566759573,0.119449216417418,0.00275124865602802
"spot_264",2.26731937547149e-14,0.597708116631723,0.132652256840309,0.0330928793737951,7.90537553028351e-16,0.00234597578797716,0.00776929456843747,0.226431476797734,7.01983861110788e-16
"spot_265",0.233779006020602,0.339749300585955,0.00599762047347872,3.14412921347258e-11,0.0201960408456488,0.243582896344877,0.0486219134146479,0.000802569855554747,0.107270652427795
"spot_266",6.20953776497774e-14,0.00657949144422226,1.33606370854785e-05,2.37655487369905e-14,0.608111100296945,0.00498602031099507,0.229370899503259,2.26843140259457e-14,0.150939127807385
"spot_267",0.571874552591551,0.0267096036964784,7.16570724626213e-16,0.00143274692056838,0.227536158458988,2.81333618862048e-13,0.171787320781119,4.72123696571113e-16,0.000659617551012367
"spot_268",0.0498100927462773,2.0463686715119e-14,1.34829228079561e-14,0.105717456176607,0.311531178478053,0.179253803361658,5.31207642132259e-15,0.353686893570815,5.75666551385962e-07
"spot_269",0.35215027462603,0.110095209130403,3.68303626910452e-15,0.0118385053696721,0.302376784813504,0.0812165536290007,0.0417513705732282,2.87053830500261e-15,0.100571301858155
"spot_270",6.1696800282932e-15,2.59941162046012e-14,0.597869470817708,3.38416606339978e-16,0.0215415706594764,0.014288364698371,3.7661446932173e-15,1.54386706043661e-13,0.366300593824254
"spot_271",0.403627833429008,0.0420526144430039,0.0203737853992284,2.91776685451837e-15,0.192672616540986,0.11364858321659,0.0654613666041401,0.116547108985545,0.0456160913814959
"spot_272",1.09669688608016e-14,0.360847949637778,1.2890716197851e-12,8.33174470206271e-16,0.296208389986099,0.137725350894684,0.15163166217752,0.00344508997576878,0.0501415573268502
"spot_273",1.48536149865323e-14,0.270574468880715,0.278376041881382,7.5861271999375e-16,0.1732745042062,0.0462033196896856,0.00959084695450667,0.173537684545295,0.048443133842201
"spot_274",2.65135536831133e-14,0.344956411640612,1.12379912781482e-14,3.02684742434499e-15,5.73619527955729e-15,0.288525899343695,0.0676786330903425,0.257622118553357,0.0412169373719477
"spot_275",1.73738710373216e-14,0.291256247120473,0.115866908380069,0.287051446888175,0.0254089967249626,0.0713512859010199,0.0652948915082921,4.08207738265443e-15,0.143770223476987
"spot_276",0.408749238431516,2.90487950563383e-15,0.184695774516048,0.200888460761484,9.69672226011879e-16,2.44381452408034e-15,0.0286736289653171,0.176992897325628,8.10869166457224e-16
"spot_277",6.23168654485767e-15,0.663530725375031,1.00568200611805e-15,0.00235213078365698,0.257035812681914,1.04539353633955e-06,0.0770802857658391,5.72671978629142e-16,1.51710086416192e-14
"spot_278",0.0608646514713625,0.36499402240506,4.09071386839473e-15,1.36093401337779e-14,6.62318939757071e-08,0.281125010482909,0.114124148195037,0.0999227057828129,0.0789693954309061
"spot_279",1.58402256296874e-14,0.362305845013464,4.86214910082604e-15,0.0386431340639495,0.0280743258567555,0.332930378605766,0.00301915527370626,2.66223915353185e-15,0.235027161186336
"spot_280",9.41592579978666e-15,0.638333343970447,1.16479299233879e-15,2.43694164295455e-12,0.164785536197744,0.131964569974046,0.0313572165822365,6.51622363496006e-16,0.0335593332730779
"spot_281",2.89098237606331e-14,0.384083364940721,0.291748363311163,0.132732631144618,0.0362132721348665,0.0720842202785353,0.0396495929181531,0.00509393009113768,0.0383946251807764
"spot_282",1.30376504872189e-14,0.431257282684501,1.18405441235556e-15,2.34979338258485e-15,0.0678289223233694,0.285040406182246,0.14363312852153,1.14320070162469e-15,0.0722402602883363
"spot_283",3.13856407708402e-14,0.386860746198331,7.29201490471778e-15,2.7903538621829e-15,0.181304205304215,0.177942909827098,0.0114610296601169,3.34033731013501e-15,0.242431109010194
"spot_284",2.59871322353074e-14,0.349627570343625,0.125770685402937,0.015564631192331,3.27110077543125e-15,0.0847648923501102,0.00478464668158397,0.393387842184868,0.0260997318445152
"spot_285",0.549696621395411,3.50805939123599e-16,5.98171932725222e-16,5.30016351455223e-16,0.449003319789668,0.00130004877090852,1.8502727674125e-16,9.79902827146879e-17,1.00440107043773e-08
"spot_286",0.829947568922583,3.52211062354662e-16,0.00787861868392488,4.44821141522113e-16,0.00222270723297039,5.49484999702945e-10,2.1549281357942e-16,0.0949596618115425,0.0649914427994928
"spot_287",0.547284247904706,0.0370041589720534,0.046763312626707,0.0349914193155089,0.135050517368416,0.0341339945443553,0.0412128385484898,0.079065709103085,0.0444938016166782
"spot_288",2.8659376203221e-14,0.238123926864289,9.95138326302037e-15,6.77174789966761e-15,0.35921467988121,1.74739062267113e-15,0.190581435904406,0.212079531682114,4.25667935037326e-07
"spot_289",1.82858412302336e-14,8.66989843924198e-15,0.172146910498939,6.12718197436322e-15,0.443602195086503,0.217402822069175,1.63982103987185e-15,0.163188180976349,0.00365989136899938
"spot_290",1.05089417485028e-14,0.341196636868901,0.158269995442358,3.22814532539893e-16,0.0987452173578453,0.077393649897454,0.0826663167662001,0.241728183667228,3.35984801753814e-15
"spot_291",0.036927355800358,0.243941404640235,0.185467460679613,2.77462184223978e-15,0.266121454652686,0.0028413080833578,0.0647048413808616,0.164459597366032,0.0355365773968549
"spot_292",0.13715931338369,0.176920759537233,0.316790280205454,0.00613398343146384,0.270528302013336,0.00749275973890545,0.0555871015424358,0.00118476382518997,0.0282027363222925
"spot_293",0.00235451303409444,0.530405111038988,2.03578268236563e-16,0.027046430421947,5.41404936225993e-16,0.199525428074895,0.240668517430074,1.23726958872178e-16,1.25420275984352e-16
"spot_294",3.01661489885187e-14,0.189898938961248,0.051349041554745,0.309897715468298,0.0173522198628755,0.0423469219574361,0.141258551759317,0.0283428876493207,0.219553722786729
"spot_295",0.0372886199844176,0.620085987775295,5.34318191997287e-16,3.18357884683127e-15,4.41213988334695e-08,0.0816812005673444,0.140814388953079,3.10620143760456e-16,0.120129758598462
"spot_296",4.16347927210871e-14,0.10239454292609,6.01277541597495e-14,3.14948821449384e-15,0.440033483774953,0.00249891396286954,0.261171834604492,2.08935461096303e-14,0.19390122473147
"spot_297",0.260874689798703,0.276344881980918,3.21558941777681e-15,0.00573825107713425,0.0496240226979209,0.16012905139792,0.0457562895442477,0.0940428826911183,0.107489930812034
"spot_298",0.0658634355530558,0.294725153480805,0.0212661996103649,0.00680272302834533,0.242688805747926,0.0922617415500442,0.0023293441582782,0.198093896861829,0.0759687000093507
"spot_299",0.372488905253784,2.74819535603102e-15,0.0572794458083313,0.000746635999525996,0.227604804833251,0.181722124274188,0.0004885938407618,1.61772230833589e-15,0.159669489990154
"spot_300",2.80443128177714e-14,0.464772791914358,7.8362388678787e-15,0.0557268445773849,2.40221543690925e-13,2.21346240040216e-15,0.0729432492501435,0.145546340807674,0.261010773450162
"spot_301",1.90390630868667e-10,0.364145669662455,0.124918975508333,0.0873981937663935,0.0602159012301703,0.202093535622984,0.0617744211008962,1.03733394274863e-14,0.0994533029183672
"spot_302",0.258392710538892,0.212527541019385,0.129213775081475,3.11135325402256e-05,0.0116069465449668,0.140691580691711,7.63666913879259e-05,0.24745996589964,9.13820816586463e-16
"spot_303",0.594646707570764,9.79613407868306e-17,0.405353292429234,9.07282156740484e-18,2.99578175762006e-17,1.57907831644954e-18,1.98350112888998e-17,1.47011238637928e-15,1.25575493286006e-16
"spot_304",2.9393656680213e-15,0.513136502491198,4.0993353092284e-16,0.012071066123546,1.30018240423057e-15,0.242754969460695,0.232037461924556,2.41750700689596e-16,3.55107634523388e-16
"spot_305",1.96819857906598e-14,4.32690894314837e-14,0.300827631017415,3.17930241703026e-15,0.436022968156529,0.131969473545775,4.40059207730288e-15,5.30711665648861e-15,0.131179927280205
"spot_306",3.93418573938163e-14,0.444290552531789,4.84090696850068e-15,4.43734006444664e-15,0.000573902875875375,0.133425678041277,0.233577000454666,3.36708863074647e-15,0.188132866096341
"spot_307",0.46286670478427,0.0158111940373799,0.000616763385943027,4.96880837585446e-15,0.106892348026949,0.135675558356619,0.117593594334157,7.07173729951785e-11,0.16054383700396
"spot_308",0.800928052758978,0.00289015154247646,2.52018800975493e-16,2.93564608006488e-17,4.59373262829796e-16,0.00828812027275978,0.187893675425785,2.35193639426576e-16,1.82795278418563e-16
"spot_309",0.112095936661635,0.413596814371332,5.92837837838316e-11,0.0276779942854919,0.345551694834884,0.00125451679697276,0.0219662267988757,0.0669414328703131,0.0109153833212114
"spot_310",2.93714700414087e-14,0.380513850512123,0.37157377804477,0.0490465174084218,0.0856325596084121,1.23310863096259e-15,0.101951543236735,0.0112817511894887,1.78794938757965e-14
"spot_311",0.573201521326133,6.66217583939473e-16,1.07584832198196e-15,2.09163162256592e-16,0.133300141302871,0.184282572305788,3.84109067048902e-16,6.56106458611681e-16,0.109215765065206
"spot_312",1.13100936272949e-14,2.13234185773656e-14,1.31682682481327e-14,1.24991150041945e-14,2.42435589721723e-14,0.825662905884679,2.76178805774082e-15,3.10503453924417e-15,0.174337094115232
"spot_313",0.3898531387398,0.233120101838661,0.000920584070386422,1.84093055939794e-15,5.80014589644022e-05,0.148834625813935,0.0784422250909873,0.000231282500993701,0.148540040486269
"spot_314",0.475890104967908,0.240586239125172,0.0582234789351127,1.24442376295656e-07,0.021995657025599,0.192912741349215,0.000849997691585658,0.00947405576912598,6.76006939047057e-05
"spot_315",0.760691764077883,4.57063385022764e-16,6.32594166948142e-16,1.70217708670309e-16,0.239308235922113,1.0269799545434e-15,1.0489088313141e-15,1.1127382681301e-16,1.53393374004051e-15
"spot_316",6.56865750340972e-15,4.59899577756347e-14,0.461475446403959,0.209967861746005,0.327153699450087,2.56938433150006e-16,5.90509659851209e-15,1.16915515361647e-15,0.00140299239988924
"spot_317",2.89706032586641e-16,0.785280370038198,9.05448940656914e-17,1.53506164493566e-16,4.73445605393451e-17,7.63787367063088e-08,0.21462079287925,4.27495896474698e-17,9.87607038156819e-05
"spot_319",0.181993990867908,0.615776616163644,0.0790643638252288,0.0251587173833715,0.00946919211043745,9.11990639792951e-16,0.088537101353469,2.21497604807381e-15,1.82959386883682e-08
"spot_320",0.592858336488821,0.0759868509017565,0.0784402224184233,0.0500869298363645,0.100754581274664,1.69338817418755e-15,0.0860197749871153,0.0158533040928521,1.65333468411117e-15
"spot_321",1.64371018021709e-14,0.376482663403592,8.18573418026861e-15,1.64151077881891e-15,0.211593238037196,0.230060830982298,0.0616498785752054,3.81699201794935e-15,0.120213389001679
"spot_322",1.91453488062479e-14,0.190178475283179,0.0235012443962861,0.0075986466846243,0.307896675847407,0.0822858782978878,0.0808434591378993,0.162181303422998,0.145514316929698
"spot_323",0.0146357134853508,0.563343837625199,2.57997954064211e-15,0.0399221619330331,0.273530443952369,0.0187321637623691,0.0248461220848385,1.76477509448854e-15,0.0649895571568355
"spot_324",0.331963901108071,0.0826697119213899,0.000547692362571433,3.33210289995883e-06,0.322816456177268,0.0722555579477743,0.166229829374907,0.00929450754717752,0.0142190114579404
"spot_325",0.321348781247905,0.152335709127484,0.0193715220770385,0.25303161959958,0.132177109127674,0.00504917952220583,3.75332502765402e-15,0.00351588928735749,0.113170190010752
"spot_326",0.361729392357995,0.0665639130470551,0.0229276238607325,4.20230726636307e-15,0.281777926427116,0.00959108508791355,0.163002669809197,1.6277980957304e-15,0.0944073894099857
"spot_327",8.68074535078503e-15,0.361444784410441,1.18396268992738e-15,0.0660799361412455,0.138054311673759,0.299303097093478,0.00983896312341428,5.0831082057083e-16,0.125278907557652
"spot_328",3.81592831914196e-14,1.12760584282284e-13,4.6203681582605e-14,2.36363381921093e-14,2.8623684462436e-13,2.48035317575192e-13,8.04938418173142e-14,0.99999999999912,4.40508630007899e-14
"spot_329",4.51348875834906e-15,0.340807839294421,6.81731045905444e-16,1.48237162581258e-15,0.491411616383092,0.144310399667526,0.00186526712705687,1.78428066279909e-16,0.0216048775278974
"spot_330",0.487778774922051,0.0239549047616624,2.26380274875817e-15,0.0117778688314483,0.0528266804181479,0.10561573056831,0.117426336408188,0.097922541860565,0.102697162229625
"spot_331",0.489534171602982,1.90917719744595e-06,1.76638720859543e-15,0.229784301641737,6.1176026563149e-14,0.128227486944632,0.045110755474097,1.74511721433627e-15,0.107341375159291
"spot_332",0.347810134446312,0.0949974120151851,4.92495648211328e-08,0.0518170138609409,0.197633387859999,0.131609242235932,0.0911692507797082,3.51101551737722e-15,0.0849635095523546
"spot_333",1.17172049277733e-13,0.0217781754689818,3.35930535871379e-13,8.36257682107646e-14,0.228114023293668,0.351199541381735,0.39743400896714,9.16686997480295e-14,0.00147425088784609
"spot_334",1.55664685178629e-14,0.348640529631769,1.5888532763314e-15,0.0551159213273227,0.52819415509698,2.08642926938775e-15,0.0671314298527499,7.65209863085742e-16,0.000917964091158617
"spot_335",0.317072965067499,0.00493159047069931,0.000123656060296292,1.999173781185e-07,0.0924565679647883,0.179936729448246,0.227506970289584,0.00285490079585534,0.175116419985654
"spot_336",0.379113661779958,0.0752134021529974,0.0753358926958256,1.89718367879037e-09,0.0221650544159899,0.0986039311430009,0.180695699425447,0.0110950631184266,0.157777293371171
"spot_337",0.51684696509088,0.111469794524466,0.00183871572517142,0.0345914731748003,0.0539651098537588,0.18966175821195,0.00127879286523713,4.81323310144839e-16,0.0903473905537365
"spot_338",8.679104269647e-15,0.751995959849331,1.55423255096955e-15,0.000964629733330481,3.48111651958842e-09,0.0730391702313796,0.0747838647856934,1.69274682851725e-15,0.099216371919137
"spot_339",1.91266144552591e-14,0.430755153728389,1.86442133844455e-15,0.0895952515576986,3.89513208409256e-15,0.0386035890691245,0.219137505760949,1.47267187245123e-15,0.221908499883812
"spot_340",0.068006453908622,0.489026021705342,0.196748787353201,0.00703422997933805,0.000359189174331159,0.0820397117720466,0.036744598703721,0.120041007403397,1.20411352178227e-15
"spot_341",7.57493504968101e-15,6.82777835100306e-15,5.36887549170196e-15,1.80205823512719e-15,0.685661762879044,0.260626056705438,8.13532209867833e-16,9.68079125687105e-16,0.0537121804154944
"spot_342",1.05950476804603e-14,4.03728621190664e-09,0.33515782179642,0.0802740814991996,0.106652034371512,0.273787168693358,0.112462489860554,0.0167431961528854,0.0749232035887748
"spot_343",0.682414620511812,0.11747648669516,0.00155196515896787,2.37879225688138e-15,0.101847613865462,0.0151877391094325,0.0562590371523227,1.33092437358205e-15,0.0252625375068392
"spot_345",2.34457488177862e-14,0.205623776679539,0.177085198384512,0.0307390663099329,0.0412871044920098,0.0909588321563751,0.139703266871261,0.0914926665077898,0.223110088598557
"spot_346",2.76410433469636e-14,0.159749201539286,1.0677086255388e-14,0.474471064612537,0.111718616781049,7.3650585962523e-16,0.254061117067066,1.20796531868791e-14,1.08562227087181e-14
"spot_347",8.80267682822477e-15,0.249591259887903,1.85968362339525e-15,0.216255301413704,0.41146275493037,0.0438068450658196,0.0238454764125589,1.09235235783379e-15,0.0550383622896323
"spot_348",0.49757832442397,0.052871686974583,0.0614793186714613,0.0122773683193173,0.0116124082186122,3.0007546837119e-15,0.0861375723474423,0.27804332104461,6.24010350288388e-16
"spot_349",0.394717884252737,0.101622099713116,0.122175087710205,5.16658303469551e-15,0.0796959653282028,0.0558976923827172,0.0811486537405251,0.151605693602408,0.0131369232700838
"spot_350",0.763384100828905,2.25937368429624e-16,3.38160574464641e-16,0.00135062434455767,7.84980192573318e-16,0.224678877938528,2.667323044851e-16,1.29146616302072e-16,0.0105863968880078
"spot_351",0.7176091987265,6.64037165561388e-16,0.0584538036445218,0.00389205310183048,0.00930122622694851,5.93120653626721e-15,4.89292253114823e-16,0.18491886474178,0.0258248535584126
"spot_352",0.960310828341656,6.02374627547721e-17,0.00259121862912033,6.72746975996945e-16,1.05006523712729e-13,3.09402033206692e-15,1.1134069010779e-16,0.0370015245818578,9.64284472570582e-05
"spot_353",0.416759307532343,2.90960915136421e-15,2.44180010396303e-15,0.0711652130532207,0.0948414094018251,0.103099811616598,3.49322327575432e-15,0.225793337804713,0.0883409205912906
"spot_354",4.16555720615856e-14,0.263209154270515,7.75089226972495e-15,0.324687769351527,0.00186317542002487,0.11939714853422,0.0924340805064254,6.17328851749081e-15,0.198408671917232
"spot_355",1.44148845638646e-14,0.383423867252215,3.9962644561813e-15,0.151463934315042,0.212079168955642,2.85819381877036e-15,0.253033028573796,1.57709356469285e-15,9.03282046774531e-10
"spot_356",0.216553537270903,0.0759438703392552,0.276916791685441,0.0724747355357473,0.149316461838375,9.87887451108457e-16,0.187833019446731,0.000119991433633996,0.0208415924499139
"spot_357",0.0532824385631884,0.286736964983206,5.98454847755594e-15,2.59605581818001e-15,5.27847660996856e-15,0.133689456546039,0.212739630548084,0.305859715375218,0.00769179398425163
"spot_358",0.178285580035766,0.32517649383635,0.0192254691128611,0.0290658349126459,0.0725896434548644,0.100965747472841,0.123281292193889,3.45677100797838e-15,0.151409938980779
"spot_359",2.06771168439717e-14,0.181380325577175,0.317429446806451,3.16243736058346e-15,3.46802526761336e-13,0.155027197039785,0.00401809645355148,0.139700754164961,0.202444179957707
"spot_360",3.94664982726335e-16,0.679047132323925,4.48797749578677e-18,0.319076630531692,1.35912879412465e-17,1.34439092315345e-16,0.00187623714438226,7.3271411355703e-18,1.47009032500534e-17
"spot_361",2.42047576476712e-14,0.295822693985141,0.321254090567204,5.46611963699922e-05,0.0153193194592216,0.146297953270541,0.0514474968307799,3.36451487269477e-15,0.169803784690715
"spot_362",0.538956622534855,0.0830068650661877,7.82532314836656e-16,2.17861032941822e-15,1.52374366152677e-15,0.215858997267277,0.162177515131675,3.11509217289436e-16,6.05631461243702e-16
"spot_363",0.276681356347609,0.239862038080083,0.112727194020303,0.112898764573944,0.123138588000337,0.043595547310901,0.00914538668979768,1.4744176166772e-15,0.0819511249770234
"spot_364",0.556497764086155,0.00659539509217365,0.0533004713944218,0.0407801228175263,1.05238100028436e-15,4.80870594880632e-16,0.342819373431495,6.87317822534184e-06,1.57195043914388e-15
"spot_365",0.28433248284928,0.209411595683173,2.28476199428572e-15,0.0445547973777349,0.123520490294663,0.12538605618837,0.110103777354135,1.49384391168682e-15,0.10269080025264
"spot_366",1.97597188979519e-14,0.272986342177267,5.29026521709748e-15,0.0592188520154723,0.159304012058155,0.169167737300806,0.0434130329652887,3.05408100740665e-15,0.295910023482983
"spot_367",2.49850784425196e-14,0.301827414693547,0.137573806871901,0.0746537483033228,0.231255977613182,0.101264946118347,0.00799208635242881,0.00420797562893776,0.141224044418308
"spot_368",4.46494363272039e-14,0.0784515448215959,0.143522592684558,0.0828303832283183,5.84007516337089e-06,0.166547134164573,0.123836415986643,0.259704829774836,0.145101259264267
"spot_369",0.518042031781057,0.323765085477274,1.01221683261489e-15,9.00486090583053e-13,0.00479437201908759,0.000672470877024443,0.15272065631581,6.04455943325781e-16,5.38352884522996e-06
"spot_370",0.659007729623454,1.6761148073331e-15,0.00554718123964571,4.68295267042084e-15,0.0134447814855452,0.0317212454226854,2.23418891309581e-15,1.07835729373669e-15,0.29027906222866
"spot_371",0.3928592251933,0.197380627654601,0.158061618222816,0.0321363593609714,0.06033757143833,0.00188557427343947,0.0667691494671268,2.04093669675621e-15,0.0905698743894132
"spot_372",0.000901436844782185,0.333025228465144,3.82041615823807e-15,2.98912068865177e-10,0.306947724011459,0.128835199884149,0.0984217100896512,0.0520444536683459,0.0798242467375524
"spot_373",0.270479894182535,0.0361017661104873,3.49292871829084e-15,4.40416295621529e-15,0.401803573238404,0.0519814145226423,0.237682771926973,1.07729931041184e-15,0.00195058001894947
"spot_374",0.284206391133004,0.0921915458453449,1.87344765103046e-15,0.0436635565178964,0.148225719708105,0.0362397145923027,0.155260462869206,1.42448703503898e-15,0.240212609334139
"spot_375",0.0097128060387808,1.063528659376e-14,5.00273622491705e-11,3.98467823435091e-14,0.0258216727941053,0.0697048693894844,0.45146801413855,7.11017855760391e-15,0.443292637588994
"spot_376",2.19041326193318e-14,2.52888754320398e-14,1.66707640722119e-14,6.96645604197066e-14,0.511357772386668,0.0462356320503829,1.01886000991549e-14,0.390424486802108,0.0519821087606977
"spot_377",0.742169443000132,0.0203995776195368,8.78928848223142e-16,2.67832187214439e-16,0.022638672236998,0.0783176345020646,0.103396076669452,5.11982138571996e-16,0.033078595971815
"spot_378",1.48044121433581e-14,1.93487757542983e-14,0.326417227767556,2.06488799727292e-14,0.373439384201407,0.10086155243509,0.10363298470016,0.0942667992996175,0.00138205159611435
"spot_379",3.42083540577017e-14,0.28526585366745,2.09753211468976e-14,0.0455685865637722,0.395880925670832,0.0468627682742521,0.198331770648154,5.84759881597613e-15,0.0280900951754784
"spot_380",0.287170206220612,0.292243440111091,1.69043110976927e-15,0.155691813778686,0.000207042360679028,2.91257100408071e-06,0.177489373725278,2.45486473020231e-15,0.087195211232646
"spot_381",1.03561192478012e-14,0.261394350338065,3.38810309369375e-15,0.0546928511041782,0.4803177780465,0.0298760335689329,0.157032036563655,9.43367205509435e-16,0.0166869503786545
"spot_382",0.449639339001354,0.163585210147958,0.0203375243123931,0.0279816645155543,0.0459919911338614,0.00834646625274816,0.0211681311334466,0.201452557801605,0.0614971157010799
"spot_383",0.653888103939408,1.01386194510952e-16,0.0404278783305258,1.01054868941152e-16,0.000358822010347175,6.50642813118312e-18,8.60230720700965e-17,0.305325195719718,3.33520286916717e-16
"spot_384",0.781320186416323,0.000953643945403554,0.0131641556351696,0.0568760991314118,0.0214104581971943,0.00828863994174441,1.69650018297493e-15,0.111556852505837,0.00642996422691453
"spot_385",0.282587379491207,8.01344962818676e-15,4.2420694410775e-15,2.49328426099964e-13,0.26426770831456,0.0187487758685841,6.29128338809216e-15,0.364003305447309,0.0703928308780721
"spot_386",0.15106955379863,0.257405997559681,0.0737297814768398,0.12251455922111,0.138860202770026,0.153967466144371,0.0220483460281551,7.45028686298544e-15,0.0804040930011789
"spot_387",1.34192863786995e-14,0.0507896260860518,0.434295946090379,1.64141210814194e-15,4.44792633110886e-12,0.141243619210515,0.165213272780571,0.151208745836763,0.0572487899912576
"spot_388",1.33787900790054e-14,2.52267273097166e-14,1.20897567256479e-14,5.51727442524571e-15,0.640334477146362,0.227746018982,3.19504647225489e-15,3.45266463125444e-15,0.131919503871574
"spot_389",0.396470587080677,0.0709901868221848,2.17640569971169e-06,0.0513017052514928,0.123316315858223,0.0124183649077783,0.154687037114769,0.106286270718868,0.0845273558403073
"spot_390",1.61474080134097e-14,0.539700782837014,2.23829682551956e-15,0.0542279736661454,2.01889939968656e-14,0.165760378160273,0.212564486446332,1.05961755670947e-15,0.0277463788901964
"spot_391",2.53591266139684e-15,0.310044292983011,5.84833269115171e-16,3.66519529398452e-15,1.95087061698273e-15,0.36961997083997,0.318815462630931,3.93037498208509e-16,0.00152027354607877
"spot_392",0.39576414289263,0.063670209558509,2.73255459896314e-15,0.0914436634401013,0.123922889065109,0.0332497094991226,0.0715289411705447,0.0324584947353413,0.187961949638639
"spot_393",1.73143293769758e-14,0.248002930494552,7.95257643099395e-15,1.83261896590245e-07,0.648879092157316,4.83819536024393e-12,0.00060838467777872,3.26860753572186e-15,0.10250940940359
"spot_394",1.75461928741134e-14,0.189375868011378,0.298645509169059,0.0058759683073874,0.18710008493089,1.47029441899581e-09,0.241791033688514,2.29719451606425e-15,0.0772115344224577
"spot_395",0.949389180230344,1.65471995792413e-16,0.0332498990031044,6.81441298753132e-17,0.0124975136226019,9.25932971327476e-17,1.55439817872026e-16,0.00486340714394884,4.87165074664957e-16
"spot_396",2.23554979496532e-14,0.507319700986579,0.163769489085265,0.00425377436291401,0.128131318896009,0.0142038720741173,0.052934798807384,3.70074330805801e-15,0.129387045787706
"spot_397",0.580350250420731,0.0782143270996523,1.58026463096576e-15,0.00127525199996403,0.0482717969758891,0.0164787007238268,0.0329373355733182,0.161485160790853,0.0809871764157647
"spot_398",1.49365800116474e-14,0.230062658732259,4.21204779637988e-15,0.0548422924857276,0.534197313978105,0.00421385104211758,0.0615060059481981,1.44749838159429e-15,0.115177877813572
"spot_399",1.270621559261e-14,2.07825798563075e-14,0.293305613324926,0.0996318872405255,0.348359343851464,0.04170252502192,0.0762701278034302,0.00520743732111572,0.135523065436584
"spot_400",0.448411451129105,0.0674464943318407,0.01051989830742,1.15507329403794e-15,0.332117666684047,0.0142748594528436,0.0978934787355148,0.000421148258133123,0.0289150031010948
"spot_401",2.70362970423947e-14,0.214115093301689,1.40153036339762e-14,0.183000381473413,0.126930873471858,0.00665602330222818,0.187176061596889,7.07161988320644e-15,0.282121566853875
"spot_402",4.42265710321896e-15,0.737211696001515,6.99726373651907e-16,1.8521654538138e-16,0.00497695558085906,0.024329463273018,0.203371022871368,4.71642563063382e-16,0.030110862273235
"spot_403",0.393243577478054,0.222191518404283,3.03365074574788e-15,0.00538104069661773,0.159553704179768,8.35097533384611e-16,0.112045163931407,0.107584995309865,2.24835194367994e-15
"spot_404",0.293595599381258,0.47680351354279,6.68102675428017e-16,2.74276747698725e-15,0.00388172437086281,0.00827596779511204,0.208450807873327,6.34552670433037e-16,0.00899238703664543
"spot_405",0.0631835429363868,1.13057122401978e-14,9.61005166098127e-15,0.0829106609052094,0.435371610472031,0.0120025908594752,3.67143322005755e-15,0.207661613559599,0.198869981267274
"spot_406",1.76520264280982e-14,0.67813553690927,4.5539483765467e-15,0.0179055765976959,1.4938043850749e-07,0.0132549173872814,0.0567088974686278,6.07701412791304e-15,0.233994922256659
"spot_407",2.12610860873598e-14,0.104563645821319,0.514983556816053,0.00768852643134559,0.000560218892709144,0.0655967814333997,0.176969472677247,0.0191844291011814,0.110453368826724
"spot_408",3.21602868641083e-14,0.170469452910951,0.113200640562837,0.0271981849789034,0.04981885979286,0.2017470218134,0.0542732423837114,0.110011725752544,0.273280871804762
"spot_409",1.56450321453059e-13,0.260794692579906,1.30659785778314e-13,0.101851306681348,6.39666519520312e-15,0.251977513973748,0.197664939711509,4.82650806931501e-14,0.187711547053147
"spot_410",0.527405690426087,0.0226764447133043,1.59994930809804e-15,6.86748906741162e-15,0.200988219915889,0.0846674116261314,0.150129952356083,4.17262917658075e-16,0.014132280962496
"spot_411",3.84280196494714e-14,1.36992733424043e-14,0.017160520373559,1.05167083172495e-14,0.830694869923587,6.80002438498091e-16,0.15189516706721,1.72173435327239e-15,0.000249442635579739
"spot_412",1.49750296345268e-14,0.310456078669332,1.55252254117264e-14,3.61757970092849e-15,0.391823620261533,0.161293660213439,0.10476528365199,4.88687567987009e-15,0.0316613572036669
"spot_413",2.16967419704681e-14,0.342218077751322,0.326564552920369,0.00111217566081201,0.121633425594845,0.207604943197163,0.000866824875463398,1.88492296628793e-15,1.85897369799597e-15
"spot_414",0.256175384809663,0.280265620478959,1.52032422256069e-09,0.0507000404419755,0.152728910637645,0.0662722034930771,0.110302815233206,1.47196586254943e-15,0.0835550233851483
"spot_415",0.125807533674365,0.24281481633035,3.90522700356794e-15,0.152083531975149,0.000216394561840119,0.0117268527821926,0.175846323853368,0.153240343747302,0.138264203075429
"spot_416",0.45647737926018,0.338321843016399,4.7719732519427e-16,0.0524911359394537,0.00913062491285079,0.0964230377611938,0.0464048182235285,3.1280788192872e-16,0.000751160886393208
"spot_417",0.321275535018016,0.187451696693123,0.0145828154463097,1.21781580794496e-15,0.0918921503059041,0.165529602442774,0.128183639241143,2.34137013367806e-07,0.0910843267157156
"spot_418",2.9683232839229e-14,0.412365060218602,0.407875364745882,2.63388857659103e-16,0.017557117296417,0.0417072853335065,0.0183648837054564,4.21718077160863e-15,0.102130288700102
"spot_419",4.82706996587905e-15,0.372744916690415,9.54073587961923e-16,0.0552089113992718,0.568042842007245,0.000204768786102717,0.00379855378223624,1.47148512280275e-16,7.3347237220328e-09
"spot_420",0.630530402148776,0.0625821199605668,0.0653162125933146,3.4398573800928e-15,0.000658303136588931,0.119447226869954,0.120252648959156,1.9936727447882e-11,0.0012130863117029
"spot_421",1.94639981720009e-14,0.193834895416628,1.35468148979705e-14,0.0587711132265202,0.217676554714685,0.233443522787651,0.247367552483844,7.05410415695283e-15,0.0489063613706318
"spot_422",0.74980092771906,0.00110499940496482,7.53908241249854e-16,2.87040514909357e-15,0.0206818847042049,0.0888323731386198,0.106918877571007,0.0288606056790085,0.00380033178313146
"spot_423",1.83445317934752e-14,0.40617297232585,6.54824487665316e-15,1.21492456520243e-15,0.29949393993187,0.0829742993243273,0.176309068364974,2.18471482230651e-15,0.0350497200529508
"spot_424",0.00847294438590645,0.241866651970428,8.66878030160948e-15,2.52744844667721e-13,6.73933209428793e-14,0.415502597781643,0.040628442059798,0.15554144694108,0.137987916860816
"spot_425",2.11794608398481e-14,0.453438841838573,0.384999174360389,3.93940279130475e-16,0.00751607266930388,0.00833450623650164,0.0642254749991546,0.00361395761338204,0.0778719722826741
"spot_426",0.183306103645262,0.151296169189389,0.14374278210121,0.0158833074153489,0.252651304794597,1.12081619569998e-15,0.0733993219795538,0.179721010874636,2.71385646646074e-15
"spot_427",8.77988396563303e-15,0.471693280750068,7.84411671237561e-16,0.0224737289477152,2.81567471115045e-15,0.285306559040992,0.141346504841196,7.513156730725e-16,0.0791799264200146
"spot_428",8.98446150747654e-15,1.45231536633506e-14,3.06626009300105e-14,5.02227091463409e-15,0.556351878570679,1.13128523929684e-16,1.24914461988185e-15,0.44364810551898,1.59102804375115e-08
"spot_429",0.620345128998809,5.55045699319789e-16,1.03503147630351e-14,6.27236934124479e-16,1.4837239777584e-15,0.354038802616487,3.16793069962911e-16,7.46686475147035e-16,0.0256160683846902
"spot_430",1.1015356676481e-14,0.144590267220459,0.426951262584094,1.37729538140703e-15,1.01564759845335e-14,4.03727130153485e-15,0.285794690059502,0.142663780135913,4.41198808725531e-15
"spot_431",0.331932986101507,0.0862070395918141,0.0153932557730258,0.0346489271271225,0.369040214578912,0.0669555687054958,0.0457412925506495,0.0500807124725778,3.09889548563819e-09
"spot_432",2.97966267857352e-14,0.492122047876325,0.00281097440234876,0.160771552897751,7.69643332620003e-16,1.03561650911977e-15,0.117070747450716,0.227224677372827,6.6030580911052e-16
"spot_433",0.643542180845049,0.0144461863879672,0.0745565727331413,2.26776160695313e-07,0.120533471969047,0.0361726797338193,0.0929463418616284,1.3729747546796e-15,0.0178023396931851
"spot_434",0.581732027658926,0.125838851332471,2.07390412094424e-15,4.98824578855454e-15,0.148939297307152,1.7412114853094e-15,0.115931594698418,0.014759762903754,0.0127984660992708
"spot_435",1.48724739729725e-14,0.127425065314029,4.91466515619036e-15,0.0180792979133526,0.468244911352661,0.236170219947876,0.119542909122468,1.63853408067469e-15,0.030537596349592
"spot_436",2.73803124554633e-14,3.04418398814552e-14,2.10084015425521e-14,2.22703865838004e-14,0.389328814290217,0.21075444818104,6.06801582180741e-15,3.91919193586428e-15,0.399916737528632
"spot_437",9.73107561202316e-15,9.1363872682098e-15,0.39182865151936,1.67045074448051e-15,0.341443679092877,0.24882012629068,9.87156363829478e-16,7.70416370306997e-16,0.0179075430970611
"spot_438",1.44732863953258e-14,3.46415209702592e-09,0.449758730519098,3.15688347333086e-15,0.101915119712104,0.00928474877752825,0.157556484942454,0.0171136461513549,0.26437126643329
"spot_439",7.26981526975003e-14,0.389551894829466,3.31767772198578e-14,0.26453383566704,0.332713863687724,9.17915902194336e-16,7.0768914468093e-17,0.0131999763878469,4.29427816983915e-07
"spot_440",1.58845944880405e-14,0.254197747832726,7.5446325282118e-10,0.119385293713755,0.00429479272985644,0.0709507070541218,0.0118087720011328,0.478353915368868,0.0610087705450601
"spot_441",0.525133066414285,0.195110707309998,4.89981690462191e-16,0.0239885387436228,0.0941728683728275,0.0488219955575725,0.0438816973834839,3.41298337293896e-16,0.0688911262182093
"spot_442",0.208732977899966,0.294257438325005,4.11084945764158e-15,1.42882906666919e-15,0.000224840346968877,0.332504879822911,0.113641461686091,1.73013589015418e-15,0.0506384019190503
"spot_443",2.73670874922212e-14,0.174524525291276,0.248697906404879,0.0471114314286457,0.237547428551306,0.0275807914307034,0.0642925758641922,2.38761246528977e-15,0.200245341028968
"spot_444",3.38548651849548e-14,0.294624081859813,0.0350737127982037,0.270478657305904,0.0340919458265065,0.198638227831545,0.132366704653315,0.0347266697246771,1.64874898011356e-15
"spot_445",1.21251146464193e-14,1.17069624170234e-14,0.635936477345506,3.69930745423749e-15,0.0420470375631338,0.167239995714786,1.02704084275808e-15,1.15110542173338e-15,0.154776489376544
"spot_446",1.06222704057173e-14,0.539950439947099,1.7207124706489e-15,0.00146763817176756,0.126415411308299,0.00381289813756244,0.30554211529948,9.57506610607792e-16,0.022811497135779
"spot_447",0.43609939298345,0.351611944335515,9.96828820114646e-16,1.02407457269735e-15,3.11253358217465e-16,2.54844136588474e-16,0.212288662681031,8.66639152866863e-16,1.72635969112373e-16
"spot_448",5.81855585091621e-15,0.616403805594734,8.37443440601238e-16,0.0194053099915488,0.342238032828645,0.000247432109640443,0.021701982946805,3.72476171043975e-16,3.43652861968804e-06
"spot_449",0.668642943566532,0.0696190624112481,0.000505556222943705,1.18480784546512e-05,0.00530147618712145,0.0399580036724677,0.187267070444712,2.87782230570843e-16,0.0286940394165203
"spot_450",0.0417089704164516,0.259626463033357,4.24477706800258e-15,0.0697066893244243,0.171722780709455,0.141290257284239,0.00227846640153482,0.260701669422445,0.0529647034080899
"spot_451",1.16283138117102e-14,0.55463141354855,2.82935509355676e-15,1.01317679524871e-15,0.000269914554994289,0.295751990681884,0.0922012054520168,1.47479145058581e-15,0.0571454757625382
"spot_452",1.88829635926076e-14,2.16232527068784e-14,0.334698884256557,9.06034376381141e-15,0.45890041806457,0.102037052687273,3.60552519770639e-15,0.0992602009930311,0.00510344399851617
"spot_453",1.31466416007184e-14,0.535630840116095,1.85260743970509e-15,3.26335006635003e-15,0.136925702991703,0.218260641793175,0.0110559960434061,1.01849921256822e-15,0.098126819055601
"spot_454",0.762219930748691,0.0243128494354594,1.03329110446412e-15,0.0425337965866226,1.81293849630108e-06,8.44186799121414e-17,0.0706539313952823,0.100277678895447,5.73885340859349e-16
"spot_455",1.58506763474393e-14,0.624438271161554,2.25974248198009e-15,3.64549862215173e-06,0.155789038770309,2.32540422296977e-15,0.211318055554299,5.85037080236417e-16,0.00845098901519518
"spot_456",0.382917289345958,0.278962431819248,3.20700299704833e-06,0.0234300601072543,0.0535173273453928,0.0785836644659513,0.0887049367528508,0.00587203411648797,0.08800904904386
"spot_457",9.19701671449838e-12,0.167266425710295,0.134450433751766,1.7019869322824e-14,0.427019200092746,0.0183817313862092,0.160837810066713,0.0920443989830555,1.80933559896679e-15
"spot_458",0.278812175629346,0.353108777177336,0.000161532112642314,0.0323243383990745,0.215311387428824,0.0192995700939141,0.0649425847454983,0.00137841040944255,0.0346612240039222
"spot_459",0.848407149148459,5.71453362888163e-17,0.144038276683553,5.20936884126749e-17,0.00193044771122369,1.0718866093362e-17,5.85947632130031e-17,0.00562412645676326,2.12895324504085e-16
"spot_460",1.82465821773114e-14,0.171308997611714,1.11558259547779e-14,0.0348349819236632,0.509820108864804,0.135928286667191,0.131692626101183,3.15557628492863e-15,0.0164149988314112
"spot_461",0.357565155784498,0.243328149569852,2.22913000361853e-15,0.0155857503179308,0.0977687901652073,0.0949349196207046,0.0502039680400747,0.0909990683932371,0.0496141981084932
"spot_462",0.241257295331132,0.058589313082733,0.0233111907001731,5.12819643676633e-15,0.363681364395776,0.120417286641583,0.0835933586823604,0.0015723744533585,0.107577816712879
"spot_463",2.58276443623599e-14,0.479136361598654,1.09935449831505e-14,1.30884284953962e-15,2.28490327469664e-08,0.386085981811157,0.0343927375216416,3.19437351265327e-15,0.100384896219473
"spot_464",0.238423725319197,0.216013666131263,0.0673658180978007,0.00200647815914348,0.204385353832206,0.0454000117677157,0.0192125162831501,2.48221804782708e-15,0.207192430409521
"spot_465",0.701644347451363,0.0467748925951997,0.00241715000026094,0.0164505481549885,0.136311212853692,0.0331438006703328,0.0632580482741603,2.19685811517816e-16,1.82411007697722e-15
"spot_466",0.299638983842629,0.123953434702591,2.14275663744706e-15,2.16528988229032e-08,0.438434636595049,3.09335002826208e-08,0.137938707009309,1.19160442342494e-15,3.41852640203138e-05
"spot_467",0.618700373448826,0.0694037855581487,0.0316756914933366,6.70664169941955e-12,0.00264701895591452,0.0428135338388707,0.0774487837120354,0.106564447459577,0.0507463655265841
"spot_468",0.00135393515603848,0.149777109554719,0.323247487262955,5.63977876679682e-11,0.0931189072392126,0.00782751140391697,0.263881175823908,0.0574588628139795,0.103335010688873
"spot_469",0.731462983939331,1.31883602065111e-15,0.0258181129629666,1.91038168656129e-15,0.050439832064443,0.0677103387700952,1.53974774637849e-15,0.0121787406464712,0.112389991616688
"spot_470",1.69739978364676e-14,0.20520001951776,4.87647154091398e-15,0.0396462637360641,0.297175026344866,0.139695953589577,0.0865401044552542,2.46200544003261e-15,0.231742632356454
"spot_471",2.6837929823406e-14,0.484053707148515,6.20568024321504e-15,1.86912838049135e-15,3.67742240935224e-15,0.295987363203875,0.0526427216823465,4.68904058872823e-15,0.16731620796522
"spot_472",7.63390170036389e-15,0.573847983535845,2.24694306056391e-15,0.0414816895097381,0.343113745567688,1.20659009672943e-15,0.0415260673571134,1.24459178421255e-15,3.05140296031694e-05
"spot_473",1.87952672728002e-14,0.584262311805737,8.57671394665586e-15,1.87291606022185e-15,0.19370559663366,0.00340996961525312,0.0254392711675927,4.59733366928759e-15,0.193182850777724
"spot_474",2.90745666682266e-14,0.359430430197709,6.31503424341398e-15,0.0376700178847354,0.0475631034282913,0.171360056217921,0.0532836818253546,0.285614911224736,0.0450777992212173
"spot_475",2.63858598907133e-14,3.09042675865258e-14,3.60609716786061e-14,3.93038695401911e-14,0.0320344304999306,0.47435399380796,6.96995479807449e-15,0.216240398184045,0.277371177507925
"spot_476",0.606083666821218,9.63068997504779e-16,2.19934054832314e-09,1.52353484822039e-15,0.00584207130298401,0.18709196062433,6.67011821723709e-16,0.154957124998741,0.0460251740533832
"spot_477",1.35386266067228e-14,0.472801857042963,2.08642980113303e-15,2.02815132743834e-15,0.123843952630383,0.130172878170819,0.0940083290902188,1.40327373702059e-15,0.179172983065598
"spot_478",1.79425630053658e-14,1.38793582821587e-14,0.629395218832173,7.80642408668086e-16,0.00733935751092907,0.0647316228632823,3.00156892886416e-15,0.248561436735319,0.0499723640582609
"spot_479",0.420362723085013,2.53700579154861e-15,2.47282621230926e-15,2.70369481456445e-15,0.0550996469355131,0.204632741848602,1.39399844274266e-15,1.49344550322434e-15,0.319904888130861
"spot_480",0.348387151020634,0.0923183976083797,0.133978701789359,0.00419317326783793,0.333326355099107,0.0266657675679468,0.0139646805586407,0.0316802569621668,0.0154855161259281
"spot_481",0.199499874283818,0.211047056592744,0.147703043644683,0.0303200943175803,0.263909229699027,0.0883409263948148,0.0348317520709463,1.58689747016542e-14,0.0243480229963705
"spot_482",2.85213929219815e-14,0.30015278706679,0.206824549665476,8.45948583625147e-06,0.170550912718763,0.0619809542303415,0.0869659440421682,4.06315040874132e-15,0.173516392790593
"spot_483",1.11430452913672e-14,0.4300543247355,1.70914226435889e-15,0.00243241800328133,0.397635164747286,2.93043659812045e-14,0.168310574226388,8.04113619152959e-16,0.00156751828750147
"spot_484",8.3850488314183e-15,0.457301773100681,2.39046679518918e-15,0.0846299458503952,0.423669463740944,1.98631808643862e-15,0.0319146145112844,9.60714203407356e-16,0.00248420279668166
"spot_485",0.210526300613494,0.346064719085423,0.0107558503762577,3.96428449422922e-15,0.225946989628884,0.0175817318597341,0.122886452999657,9.57732881725416e-16,0.0662379554365453
"spot_486",0.500166624992564,2.58605782025893e-15,1.61724262844327e-15,0.14375590046364,0.0117220465569412,0.127152284752824,0.0710733615660783,1.08268615964396e-15,0.146129781667947
"spot_487",1.93488323999779e-14,0.0573759822528839,0.1560410132797,0.103842510256712,0.222073102359318,0.0478482484623557,0.238366024683544,0.163292905951952,0.0111602127535156
"spot_488",6.06273666959827e-15,1.10992695690195e-14,4.18188780032306e-15,6.73300974683688e-15,0.706305154573923,0.212699727964839,9.87011775680382e-16,6.64445572104365e-16,0.0809951174612081
"spot_489",3.55003419661058e-14,0.172699375153508,1.43699330081505e-14,3.42405619005521e-08,0.00510271412559408,0.206488053848002,0.0689695004115558,7.30273230615636e-15,0.546740322220721
"spot_490",0.480706335560317,0.154523615281062,0.0118839104513722,2.01122626431596e-15,0.234198298128898,0.0424932403273173,3.04859083258012e-15,1.29231525390281e-15,0.0761946002510268
"spot_491",2.96728018726747e-14,0.134155351863122,1.65794633877985e-14,0.174823446718767,0.354038085747927,0.0447307005360625,0.102200813866832,0.168924485808772,0.0211271154584719
"spot_492",2.42632367137972e-14,0.537971316792011,2.25835463142313e-15,2.0893617909834e-15,0.197824956623693,5.47711285526532e-15,0.251248248466673,8.63143692613943e-16,0.0129554781175885
"spot_493",2.11481403365789e-14,0.335060668173889,5.59894248291566e-08,0.00987244731574121,0.381496498695825,0.0105338553578517,0.0815633751777895,0.166628380599096,0.0148447186903624
"spot_494",0.420930634075294,0.0239909238697148,4.66261239569594e-15,1.68359631460581e-15,0.0339647965198519,0.0773061664444984,0.166829632478974,0.216403747449232,0.0605740991624284
"spot_495",0.00277606726872286,0.090604564388149,1.28057695205336e-14,5.7877107229406e-15,0.57241080876792,0.18133272519573,0.0697305826815044,3.3431720145015e-15,0.0831452516979526
"spot_496",0.257136054630851,0.246619876597765,0.269209911245273,0.119874212746062,0.0484630199938708,0.047315027515929,0.011250132948815,3.54298935512142e-16,0.000131764321434303
"spot_497",0.0494416337033312,0.458874180502074,0.176436803928008,6.27673939071677e-16,0.000734635872133055,2.87317717811220e-09,0.074675711344294,0.165217952392,0.074619079384982
"spot_498",0.126661110578115,0.308248945277877,0.169757626543214,1.03169673500907e-14,0.0946302058014302,0.12019451945644,0.180507592342911,1.02998223022108e-15,1.41643744706169e-15
"spot_499",0.448724920012321,0.100585662371662,1.32231839901478e-15,0.116019772401317,0.0755201416593981,0.102057720502523,0.109665495755522,8.88631915392082e-16,0.047426287297255
"spot_500",3.19889941251802e-14,1.78431764664332e-14,0.125808233469523,8.57884512491112e-15,9.33371048964342e-15,0.284157633022728,5.71497316434283e-15,0.405005658904315,0.185028474603361
"spot_501",1.59670402313233e-14,0.282838748887413,1.18623634506474e-14,0.216138970946832,0.0703215265226017,0.0934845228317953,0.0190433240448684,4.5130883368116e-15,0.318172906766457
"spot_502",1.35635902189534e-14,2.30262630463282e-14,0.755517481261148,4.36907973736475e-16,0.0725670981963168,0.0691317781007819,4.70932108754555e-15,1.14150894704371e-12,0.102783642440571
"spot_503",0.162733709650511,0.239009509886953,0.220708847369481,0.00394524356234942,0.209546601677587,2.68336165758942e-05,0.00964966974471514,0.0912589768159009,0.0631206076759266
"spot_504",4.7770187323855e-14,0.339560657336504,1.77278933239929e-14,2.51957281283647e-05,7.68516847003299e-05,0.111272411048515,0.165123441548632,1.25233665037865e-14,0.383941442653443
"spot_505",3.74090527860648e-14,0.160669414015597,2.40606656067222e-14,0.150631468339795,0.335040988814327,0.0475805584895341,0.0375390606322506,8.18237357550254e-15,0.268538509708427
"spot_506",2.17899008467943e-14,0.416278523793598,0.0410661895989577,2.19387288425944e-15,1.26335226804703e-05,0.00916878327060887,0.232051199843331,0.131310784867949,0.170111885102851
"spot_507",2.96802572131755e-14,0.278864077375374,3.94667109126206e-12,0.0669343685726304,0.345117359211692,8.26900102978592e-05,0.0135650016180811,0.288262820787446,0.00717368242050246
"spot_508",0.681927107264439,2.24378288584661e-15,0.000282789994984947,2.02210622758866e-16,0.0179130411518374,0.107495278382846,2.29005757122699e-15,0.00311081808545844,0.18927096512043
"spot_509",0.265842645265986,0.212809789942617,0.282816817048355,1.64268883276919e-15,0.0366530460928958,0.00534143760759205,0.0684042187962337,3.72560293270857e-15,0.128132045246315
"spot_510",2.27591515253155e-12,0.373521550072563,0.234641095467705,0.00157924106499825,1.11226563187218e-15,6.87697632204386e-16,0.0460794609807082,0.344178652411747,1.01882510741976e-15
"spot_511",0.512011974263074,0.45721443054383,0.0241379863274716,4.05988091810224e-16,1.41392623202558e-16,5.02139359739883e-17,0.00663560886562153,1.50448921221977e-15,4.44596764282679e-16
"spot_512",0.0553599510927489,1.47966982035505e-14,7.54325348640903e-15,6.85334702452843e-14,6.1032335146885e-15,0.291642918990407,5.93834665191585e-15,0.652997129916741,6.14729268874537e-16
"spot_513",1.36848453634072e-14,0.546602780689943,2.41192227910844e-15,5.92159501692643e-14,0.000293644613237723,0.129324526283906,0.17801819016045,1.86652260389397e-15,0.145760858252386
"spot_514",2.01276748773284e-14,0.489111593026261,1.18603553589324e-14,7.58733369305253e-16,0.30011055143153,0.0118421608486596,0.153210948595845,6.9532828863948e-15,0.0457247460976647
"spot_515",1.83090926314907e-14,0.409148760902162,6.35107018125836e-15,2.21662136779831e-15,0.227740631907615,0.15725961452499,0.0433485277799698,3.55581545884882e-15,0.162502464885233
"spot_516",2.05176338316818e-14,0.233947050778629,0.284207719315954,1.33918745498154e-15,0.311146567589887,0.0784938221059136,3.19991347690276e-06,2.15804113673378e-15,0.0922016402961155
"spot_517",7.68743972695344e-06,2.55711618346588e-14,0.502189663170214,1.02256805888457e-14,4.41416935465719e-15,0.0105145943524585,5.53820867237123e-15,0.487288037659231,1.73783234172915e-08
"spot_518",1.43809580854547e-14,0.263567328629906,8.33219190868209e-15,1.37270631735508e-15,0.273258436093983,0.0299175845721917,0.245146643107197,4.10374431842934e-15,0.188110007596693
"spot_519",0.60270894610498,0.143274410456723,8.78971502673574e-16,1.1000021757722e-15,3.49647724137648e-11,5.05800832633308e-06,0.254011585395003,6.48939058442479e-16,2.99233084215828e-16
"spot_520",1.92500398845186e-14,0.274272284013176,8.10720043831813e-15,5.40563117724541e-15,0.392423228315951,0.146815722530676,0.0867079773205477,4.08404010564615e-15,0.0997807878196124
"spot_521",2.89872127061695e-14,0.265518259524676,0.0137623607950854,0.00907296022378117,0.181378647860318,0.106984816753923,0.0438333556820346,0.143766938808999,0.235682660351153
"spot_522",1.82006992238435e-14,0.548826582514799,3.34563099481002e-15,0.0528572581655182,0.00401517543007282,0.113588595013089,0.0796904977791141,3.10484089330696e-15,0.201021891097382
"spot_523",1.17491460713493e-14,0.685126748545225,2.90237823056031e-15,8.7013352689963e-16,0.00658029552377642,0.000196629088369719,0.055112045429945,0.185740638925278,0.0672436424873903
"spot_524",0.0574836716419665,0.0960424243470217,0.459554440720992,0.0363986479537158,0.100382220016874,4.99537289335786e-15,0.0886403566218485,0.161498238697572,4.12051017359891e-15
"spot_525",3.3528208795025e-14,0.0131423719278823,3.01126829061238e-10,0.137418649158782,0.0743606492255655,6.97728174531672e-15,0.233414572562534,0.541663756824068,1.11930248640471e-15
"spot_526",2.04397774544063e-14,0.508498035193468,5.11292418187561e-15,2.29576144623931e-15,5.10548735569289e-15,0.0300634714154699,0.123786525073817,0.00502455547456031,0.332627412842652
"spot_527",0.00741188792036397,0.299573594907584,1.10081640280361e-14,0.0902074576686786,0.183777231947014,1.60802503961559e-08,0.0923897039765913,6.61701466439434e-15,0.326640107499501
"spot_528",1.66537274938608e-14,0.411091790302889,0.252815747441963,0.00521412028756424,0.136494299144099,0.0325840228054636,0.0614666895608356,0.0261272319903553,0.074206098466813
"spot_529",2.56322230041143e-14,0.18681823595356,1.06810134690796e-14,9.78031549825622e-15,0.149127994687207,0.209380073853194,0.241953362199399,3.46774383910881e-15,0.212720333306592
"spot_530",0.603967315839028,0.0135117266480554,0.00625871984206493,0.217727292965732,2.1904772843509e-16,4.29305630989864e-16,0.103619549115641,0.0546052491068583,0.000310146482620264
"spot_531",0.329709831090574,0.217689700950659,3.24864815065796e-15,2.45780102439422e-15,0.114967562446119,0.00542029891531619,0.121510877522066,0.131380455907723,0.0793212731675369
"spot_532",6.98797314271763e-15,7.33838322288716e-15,5.6046045051688e-15,2.99756805748913e-15,0.999011170127577,7.04168794990596e-16,7.39261038785419e-16,6.34935206601904e-16,0.000988829872397849
"spot_533",1.1801877708078e-14,0.701148117216266,2.00444228672124e-15,0.014161152756031,0.00167977535406426,1.31226799628436e-16,0.0472020079172726,0.23580894675635,1.59109564718345e-15
"spot_534",2.31127031365021e-14,0.317739213793984,0.192212371012336,0.0600740709005077,0.114346050879188,0.0648174687590624,0.0269080978830207,0.165873117419891,0.0580296093519867
"spot_535",5.4875318772147e-14,0.142677091006999,5.72918401228937e-14,2.89232787254626e-14,0.213351817278545,0.208045960219507,0.254082427453991,1.26936944638271e-14,0.181842704040804
"spot_536",7.09013167365524e-15,0.394482386347123,8.65423196187188e-16,5.75477077795576e-15,0.116633818437937,0.378939148155344,0.109944647059582,3.06760602415048e-16,4.13715982612812e-16
"spot_537",0.345752756808025,0.0648604382888235,2.96643805829193e-15,0.00302381084515138,0.24242172060563,0.141803399374263,0.0681999583203214,1.49324978717535e-15,0.133937915757781
"spot_538",1.47435240039792e-14,0.105408159427595,0.36816047974096,4.32724699105509e-15,0.0666660248899725,0.0824102861715755,0.109654409384082,0.141974051504417,0.125726588881378
"spot_539",1.45551614714904e-14,0.70195886867102,1.97851549071014e-15,0.00339340807901727,2.99735198051829e-11,0.149819763168108,0.0629080101108978,0.047164941214983,0.0347550087259835
"spot_540",3.46205877378196e-14,2.92119313781991e-14,6.07092282497605e-08,1.78711239432293e-14,0.467648154789459,0.255973763759313,6.45322264376929e-15,0.235379723137491,0.0409982976044207
"spot_541",8.68062585706738e-15,0.566733882389867,7.3578106914351e-16,0.0100116360299505,0.00168175056366586,0.093130613713314,0.187723901432672,5.81681468053654e-16,0.140718215870521
"spot_542",0.667787919269155,7.45275934259039e-16,7.61235485229439e-16,1.03486079139503e-15,0.255379171868591,0.061496129612243,4.57196595225948e-16,3.59113737489777e-16,0.0153367792500081
"spot_543",0.38809853389433,0.165789215639931,2.36160396385038e-15,0.0205484736098232,0.14218681879305,0.0904695961028709,0.093759955217461,1.79155955750337e-15,0.0991474067425302
"spot_544",0.0113570430540545,0.371906896125233,3.92201934994603e-11,0.0777649929479164,0.214188680680704,0.00693660101488748,0.173455505737066,0.118641238590958,0.025749041809961
"spot_545",0.267299301521249,0.481026371238919,0.107386395345227,0.0347271391715023,0.0222243985443077,4.29777289885277e-16,0.0706329908318691,0.0167034033469164,9.7667765064941e-15
"spot_546",1.57956667666781e-14,0.372992983229133,0.0388916760721046,0.0133082953928911,0.316660072885595,0.00821397937931946,0.0168353281650394,0.228811722702509,0.00428594217339301
"spot_547",7.53460721933444e-15,0.480868951407759,2.06190284188955e-15,2.03567876192377e-15,0.213628571849259,0.161021289528032,0.144481187214935,5.26806009631959e-16,2.16765343491549e-15
"spot_548",7.73384722048036e-15,9.61420218730033e-15,5.40407757135635e-15,1.46201586575885e-14,0.601919572236011,0.398074190331962,1.36762216570037e-15,5.08717990029779e-16,6.23743198742614e-06
"spot_549",6.73898417046988e-15,0.459170824057542,9.95554047410064e-16,1.04424236171765e-15,1.0659865537982e-07,0.189757531874636,0.198322039873492,1.08157226718853e-15,0.152749497595665
"spot_550",2.56401725014016e-14,0.380929252339619,7.70027263155389e-15,0.0111042615661696,0.0450041962884784,0.237637207862175,0.220115059986077,3.53164042019851e-15,0.105210021957444
"spot_551",1.22744939597308e-14,2.8564329479216e-14,0.295713068226462,0.00749632503493401,0.0639984518477354,0.329601506352173,6.08259661268542e-15,0.123884377720957,0.179306270817692
"spot_552",1.09346878357108e-14,0.305346097703553,2.95852718086385e-15,0.0111490904957923,0.341753448879491,0.0422979436784902,0.121504685498058,1.31117644721049e-15,0.1779487337446
"spot_553",2.83929317158449e-14,0.393568004899677,0.218157908729231,0.00593294825669704,2.75123167516724e-15,0.0508311338848003,0.175278001092812,0.147407358887109,0.00882464424964296
"spot_554",2.31219304078688e-14,0.0808276422183246,0.275640536706995,0.00179311420442667,7.30101780858297e-06,0.0233851434432795,0.180899228244758,0.172916163843031,0.264530870321354
"spot_555",0.111026249417317,0.330710641878506,0.0450578735212698,0.107806935808493,0.275507882729566,0.0425853178318399,0.010293266394716,0.00466960248277695,0.0723422299355155
"spot_556",7.733479492444e-16,0.642017198463279,5.59096928340904e-17,1.41629706607431e-16,4.59507350824085e-17,4.62203874749278e-17,0.35798280153672,5.02921683522489e-17,3.62159241834725e-17
"spot_557",2.27131121318667e-13,2.09956783849006e-13,2.65070266685056e-13,1.14809102418817e-13,2.51947380257468e-14,0.738258124870112,5.69614550573609e-14,9.17010068830032e-14,0.261741875128897
"spot_558",1.86368253688661e-14,0.301132844584506,0.465310236438669,1.86669377485008e-15,0.232505868936913,7.4396207629359e-16,0.000349407461957027,1.10603735439686e-06,0.000700536540578994
"spot_559",0.795616585809478,2.52104731567156e-16,1.88804536409961e-07,5.16884421835133e-16,0.0168987883265453,0.113828274356727,3.86987041652697e-16,2.45936463351824e-16,0.073656162702712
"spot_560",0.206807064513778,0.389027572132632,0.205137374878292,0.0851898083793826,0.00142528435842315,3.80990900348424e-16,0.111318775021721,0.00109412071576932,1.27746773973079e-15
"spot_561",0.158314694997403,0.416613989398167,9.04871580823047e-05,0.0474762290000252,0.0565536992518392,2.80000664425255e-07,0.166292738099744,2.58138631634463e-15,0.154657882094072
"spot_562",2.91931170418689e-14,0.736707941737606,9.00470723306559e-13,1.43951900072463e-12,0.129650707807247,1.13966615464696e-15,0.133641350452768,5.06293884518087e-15,3.61203107449058e-15
"spot_563",2.12710777851643e-12,3.5253987351181e-12,2.29391872029967e-11,1.71839653125736e-14,0.000249318126069167,0.12394119459037,1.94120135998154e-13,3.13388467801201e-11,0.875809487223419
"spot_564",3.38721301390295e-11,0.339409133271803,3.5464879171618e-11,3.02751451372261e-09,1.95865871267817e-11,8.75394991238616e-12,0.660590863587354,8.74181081480937e-12,6.90920542281912e-12
"spot_565",0.330113430379948,0.00403679340491605,0.179380651766713,3.88334433531014e-15,0.057064076465992,0.0918595676719606,0.143579799704237,0.121106509962806,0.072859170643424
"spot_566",0.410256702144297,4.5918841912009e-15,3.99142661672278e-15,0.00173019100592141,0.211863695073578,0.223874348049076,2.23095615058449e-15,0.0955222695160924,0.0567527942110246
"spot_567",0.282272016477942,0.216964322468125,2.32785694989463e-15,3.62581136206576e-11,0.206537344940506,0.0513571679787112,0.11939897969042,1.55277036494753e-15,0.123470168408034
"spot_568",1.85758478338214e-14,0.290292628001531,7.75167242599123e-15,1.96391337429318e-15,0.239248967491956,0.181875425642081,0.222071905788285,3.59981731016081e-15,0.0665110730761151
"spot_569",0.372042305892537,0.204524898339873,3.16970798682803e-15,7.80368080990174e-16,2.93895048290727e-15,0.179056298034366,0.128555062521599,0.10450971440855,0.0113117208030693
"spot_570",0.0415336016168441,0.047366065453046,0.233271135134082,0.037119995525831,0.0994826985021569,0.0866278751855513,0.200291294844489,0.0690764579656323,0.185230875772367
"spot_571",2.30109881068262e-14,0.303323643555663,6.89690516521752e-15,8.2195799193086e-08,0.0910030606781544,0.155453325051143,0.338895311419943,2.585686727738e-15,0.111324577099265
"spot_572",1.73460549984513e-14,1.4928921061773e-14,1.77229155928675e-14,1.34366139835138e-14,0.763870174415018,0.117670337625434,1.73616208173638e-15,2.74213084903558e-15,0.118459487959481
"spot_573",0.277651845662897,0.271417178851096,0.171145794247927,0.0183158325938834,0.0492090037992963,0.0115258006187165,0.06458292586658,0.0841506179298984,0.0520010004297059
"spot_574",0.00128968669240915,0.780867203814776,1.64596743797411e-12,1.94070076882114e-16,9.41986182597377e-17,7.03380390170838e-17,0.217843109491168,1.11265318201738e-16,4.1557876516155e-17
"spot_575",0.0743795291307312,0.0530853729277504,5.03871222339979e-15,0.261914486032022,0.0590695232078158,6.16562842281793e-05,0.0302766044792283,0.365958936623924,0.155253891314295
"spot_576",2.27405664871725e-14,2.03613455832092e-14,0.661367008980788,4.99427345072111e-16,1.74977293557574e-15,0.28124283697738,4.58717080049785e-15,8.38573446427417e-16,0.0573901540417815
"spot_577",1.41839465897902e-14,0.660837396865825,2.59360536258669e-15,2.73024139627563e-07,1.43687576651408e-10,2.9716968989688e-14,0.164954524306554,3.14565649871597e-15,0.174207805659744
"spot_578",0.159791684226602,0.468956966206619,0.000149586339902078,0.0935044178626543,0.117346682752394,4.75616912127239e-15,0.157437399523796,0.00281326308802631,1.06423979451399e-15
"spot_579",0.557932301190447,1.96598433236155e-15,1.36975786168533e-15,9.58698490095589e-16,0.116425015121306,0.283234977807602,9.71465321544727e-16,1.11873692312404e-15,0.0424077058806383
"spot_580",2.71433595462807e-14,0.27372529302362,1.02507284128232e-14,1.11469537696538e-10,0.448423116585932,0.0782828465038536,0.0635875233149666,4.44838361157026e-15,0.135981220460117
"spot_581",0.445199390714014,0.225230592632102,0.0161503561488111,0.0660463897320636,0.0772600626079595,0.0354347173271666,0.078881419386087,0.0557620704963053,3.50009554908286e-05
"spot_582",0.0487364452976801,0.384952011805106,4.95176954819178e-15,3.69083560425116e-15,5.30989948392891e-15,0.198090690673072,0.00610810485712489,0.178378208619125,0.183734538747878
"spot_583",0.249981575906759,0.0469715906714894,0.346631981689348,1.09969971515311e-11,1.63418724230978e-15,2.34177701405213e-15,0.105750545804536,0.250664305916866,1.33839023309973e-15
"spot_584",0.415471907143729,0.0283952182765329,2.91293019037512e-15,0.182092848304448,0.17338701404164,0.00198727688847934,4.02742353473271e-15,3.33022573491082e-15,0.19866573534516
"spot_585",2.9734450357324e-14,0.334416452279387,0.0159433211145133,0.00645935897330466,0.280971351893112,0.15991731444937,0.0790876916493222,2.83168665858299e-15,0.123204509640958
"spot_586",4.27245852027589e-14,0.191386025377331,3.48151438841151e-14,0.0199548555536721,1.85417838997863e-14,3.62557960261618e-07,0.311755268147089,1.08128518338985e-14,0.47690348836384
"spot_587",0.187016794673112,0.574972565273805,0.0302281334342585,2.11047503290251e-15,1.01317409589951e-15,2.13877632673543e-15,0.207782506618818,7.15415392041375e-16,4.56674973233784e-16
"spot_588",1.03228674507262e-14,0.281837979634649,0.0026363737113012,1.67677714065731e-10,0.331121735884325,0.262461500184452,0.00098662727609181,7.54452586312733e-16,0.120955783141492
"spot_589",3.37041136116654e-14,0.255281104701825,1.31860430903754e-14,0.021132457937619,0.275035818175319,0.187155748882274,0.0741146667761512,5.21376169611382e-15,0.187280203526759
"spot_590",0.307655018742332,0.343849177588739,0.0354797632726422,1.69991007430205e-08,0.00310343466225181,0.0943097971485821,0.124071395975558,1.91971823268578e-15,0.0915313956107923
"spot_591",1.39025871974762e-14,0.0410994008547804,0.279725155515038,0.010264433304463,0.183374392378033,0.0762925551282636,0.0856530478936969,0.170436251966607,0.153154762959105
"spot_592",0.400322530401068,0.129359074971273,0.0130396827356439,0.0210808626764415,0.0478652917641479,0.0692274709185882,0.129093292060497,8.3394660739598e-16,0.19001179447234
"spot_593",1.13217823811886e-14,2.03166105923874e-14,0.315132264810555,2.62338366374282e-15,0.600241631541667,0.00500088967200755,1.95588315221638e-15,0.00569642293345041,0.073928791042284
"spot_594",0.473158295538857,0.188569496858528,0.0116157659090573,0.00200470240200099,0.21578648247433,0.0197416277389247,0.0661023476173299,3.36972259580594e-09,0.0230212780912496
"spot_595",1.89619409086271e-14,0.596914309244695,3.30997504265406e-15,1.64366698734093e-15,0.0150883357919579,0.145568747122844,0.0409413256104504,0.201487282230028,9.08070963376537e-16
"spot_596",2.37875972391883e-14,0.253283237845841,0.361338774270233,0.214816618844816,0.00405019032854828,0.017379611975443,0.060566342061199,2.67884021111306e-15,0.0885652246738935
"spot_597",0.515427464083569,0.0956283002053458,1.54403496459692e-12,0.0155450356394282,0.100224071482469,0.0890623773649949,0.0537631566759291,0.0167979082541574,0.113551686292563
"spot_598",2.1693515226293e-14,0.379582007287474,4.91475276703836e-15,0.0181423761735467,0.248633120440293,0.0664429377989583,0.0170302911304865,0.249008855839227,0.0211604113299881
"spot_599",0.018322405787277,0.417380345925016,2.94164056447131e-15,5.55785691379789e-15,5.31969247493234e-15,0.0102878889450434,0.115986834044063,2.32344251850122e-15,0.438022525298584
"spot_600",0.701628758255028,0.0837494062235895,1.6996831331542e-13,1.57483047468194e-15,1.33918969876065e-05,0.0498333988027502,0.0206776618006101,0.134195366779906,0.00990201624095766
"spot_601",0.308701005191148,0.21344888996024,0.00313430551113204,2.04660909630694e-15,0.134934052279187,0.0610256242429504,0.169254520837127,0.1036602965721,0.00584130540611327
"spot_602",0.0418464812361056,0.165682404398763,0.219560239453504,2.86693039844413e-15,0.268455160529772,2.68246819234661e-15,0.0915724743665777,0.212769904794677,0.000113335220595961
"spot_603",1.58926591391646e-14,0.543569418190356,4.61216644067729e-15,0.00448187107960083,6.83158211317935e-15,5.30602300191621e-15,0.181834377427635,0.270114333302371,3.45223323632031e-15
"spot_604",1.90072005825927e-14,0.315933480538129,0.346422925469027,1.10287695191225e-15,2.6389872883035e-15,0.0676872197245111,0.000406315653075861,0.193842103182816,0.0757079554324183
"spot_605",3.34068025274619e-14,4.03312791576168e-14,0.0561592607624586,1.72532917973904e-14,0.240091605672291,0.322028157036938,1.08097814083577e-14,0.193119151287534,0.188601825240677
"spot_606",1.98947112026485e-14,0.14901240398966,0.106212383111965,0.0150499965183757,0.0133057876140759,0.145104667876029,0.0598747380535644,0.511439986023541,3.6812769160126e-08
"spot_607",2.27967977684296e-14,8.94497045234486e-05,0.0684576812710898,0.358773244652053,0.277709957869211,0.00704969707045799,0.0305883070644567,0.180456274121324,0.0768753882468611
"spot_608",2.20156436545427e-14,0.145770193160446,1.37161011707153e-14,1.28441102707756e-14,0.421572893773516,0.0571317535147269,0.0713093892634837,0.304215769330189,9.57589502977057e-10
"spot_609",3.84489644208406e-14,0.259958153118336,9.72785840395941e-15,1.09908112388869e-06,0.207665695420713,0.168023383213578,0.104042928626268,4.4434659511051e-15,0.260308740539928
"spot_610",2.37400638027924e-14,1.21818261445155e-14,0.0842737044240445,5.52025343120991e-14,0.298870786641798,0.280350664821694,4.79649299342919e-15,0.10784753346594,0.228657310646427
"spot_611",6.48463717958001e-15,0.349518649116002,5.15089564280401e-15,2.9387212132581e-16,3.89891419000182e-15,0.0473450864174901,0.110414906568825,0.377662679269746,0.115058678627921
"spot_612",0.203795468303695,0.131851549193555,0.114261886895988,3.88711389398578e-15,1.23242006238808e-09,0.165615193266092,0.14305553109498,0.167339007753041,0.0740813622602256
"spot_613",8.78554864355157e-15,1.78775093372628e-14,0.403621085669814,7.03455891219206e-16,0.0362638780146611,0.379030011613123,2.58780178548987e-15,0.00100656919453427,0.180078455507838
"spot_614",0.00817858013204634,0.123137219521029,5.48315185609186e-15,0.295501900229693,0.543964391083636,0.0131680292061297,0.0105002592046503,0.00410840374045608,0.00144121688235424
"spot_615",0.463299882327571,0.29547117262513,0.167232902713495,1.05087137474271e-15,9.69792050211019e-16,0.0394110636836988,0.0217623666543117,0.00921765420624549,0.00360495778954683
"spot_616",0.332278169732012,0.23899325271564,0.00422206839678351,0.105578350893143,0.266739141413413,0.0293978901848371,0.02279112666417,2.71493051184206e-16,1.55383286768018e-15
"spot_617",0.287197370905909,0.0175070146311682,3.15970337838646e-15,0.0852012783355375,0.371557950353348,0.0886724368571581,2.91235346761226e-15,1.60708953815906e-15,0.149863948916872
"spot_618",2.62072362157718e-14,1.94827785378926e-14,2.24225158423678e-14,8.37568244322164e-14,0.556536863120694,0.00315166103400595,4.69920284454905e-15,0.312143482765063,0.12816799308008
"spot_619",2.37821733944331e-14,0.337984270314277,0.163424187258213,2.80665398569396e-15,0.0913925276593297,0.0922222308062385,0.128963942240745,0.157366681565412,0.0286461601557581
"spot_620",1.45660631284952e-14,0.0340483181218771,0.0506943664394662,0.172716884760704,0.265366809155087,0.0304650889173692,0.000202955801450709,0.182832176863249,0.263673399940782
"spot_621",0.426351439671807,0.0952614542847082,2.41547220265223e-15,2.45588957893614e-09,2.70395385902626e-15,0.209913857903917,0.22820485659708,2.46283291663029e-15,0.0402683890865906
"spot_622",0.319999913341559,0.205438826493736,0.01123182990669,0.0437410421156997,0.201396661575064,0.0292093639863017,0.0679746603674769,0.0895289140095501,0.0314787882039226
"spot_623",2.02639622885149e-14,0.249883069860668,0.155305357979837,1.14080030882186e-06,0.0723687926126056,0.14037173639646,0.181821714824335,0.187210321323249,0.0130378662025161
"spot_624",0.0107520747250072,0.606194676780072,9.15910174026122e-16,5.55547344140215e-15,1.00849740932166e-15,0.207070859893916,0.160446041798198,5.84711004969958e-16,0.0155363468027983
"spot_625",3.23399691639914e-15,0.669724231710809,3.30098462374154e-16,6.21374867687336e-10,7.79917467609005e-09,0.0954517692269189,0.177686804678877,2.69391273855885e-16,0.0571371859628422
"spot_626",0.490360512960677,3.01666165291826e-15,3.42823172508661e-15,7.82108519546281e-16,0.428209523551235,0.00951463307970485,1.06826258183125e-15,1.85396923505319e-15,0.0719153304083726
"spot_627",0.696983729691315,0.0080104196034789,0.031499863388071,0.0074968748227509,0.0406664008936601,0.0737367226652505,0.0730849594219714,0.0158888906109973,0.052632138902505
"spot_628",6.37527193380899e-15,0.542811963792272,6.38122244087827e-16,1.83735125489829e-15,6.82156792434376e-09,0.163135271982533,0.0851930779362571,4.70548335518052e-16,0.208859679467361
"spot_629",0.392356873330592,0.143516055521475,6.55407152550249e-08,0.0714507774965331,0.053466238995782,0.114075553601841,0.103917232008932,0.0730754279070368,0.048141775597093
"spot_630",0.295939661850746,0.261652433914039,4.13731119831038e-13,0.288250944762661,0.0202028625842067,0.0529069280358961,0.0344447772575387,4.72336747772274e-16,0.0466023915944975
"spot_631",1.20014287700833e-15,0.998749072206695,5.10634558550353e-17,0.00125092779330319,8.33671822069322e-18,6.4687306822426e-19,2.5375378159045e-16,1.98462646189046e-16,2.28125957855514e-17
"spot_632",0.38767852841335,0.224359112429162,0.116826888147964,1.58630227830693e-15,0.00455998645869251,0.000169385063583155,0.114569411285884,2.30261958511338e-15,0.15183668820136
"spot_633",0.43685625078703,3.97660004073498e-15,0.141056982076704,1.86330459898347e-15,0.184073776710983,0.0556499546331563,2.23103178195981e-15,0.000553321797434007,0.181809713994684
"spot_634",1.3466948958183e-14,0.217981082562779,4.1610032440776e-15,0.0333562986057761,0.40563072161911,0.0145830338744081,0.0556025797454285,2.44378168231499e-15,0.272846283592478
"spot_635",8.85850619670315e-15,0.450965286751637,8.91608008174042e-16,7.46405863422221e-16,0.363919334708555,0.134706160014835,0.00608336001587323,7.04043299571748e-16,0.0443258585090879
"spot_636",0.465474086452542,0.21477530487486,0.109216178422858,7.60055267808138e-06,0.0209466031786809,0.0597620815207181,0.120280663222277,1.91326659859974e-15,0.00953748177538389
"spot_637",0.118101408222793,1.49885136758446e-14,1.87149408053201e-14,0.146341080445642,0.0424081459383273,1.04022058805425e-14,0.235093591724849,0.458055773668343,2.00980718872306e-15
"spot_638",0.157262030640468,0.21488748047766,0.131511784472546,0.0521654292984667,0.0336746945477936,0.133780941702133,0.147094843824621,3.01965206795785e-15,0.129622795036309
"spot_639",4.53116451135141e-15,3.16027096377019e-15,5.26874353653591e-15,5.60884371430529e-15,0.99999999999998,4.81822536161723e-16,2.27278657144421e-16,3.0191337509442e-16,8.97023739044582e-17
"spot_640",8.640747826566e-15,1.35798390663873e-14,0.724408106324854,3.4199330409921e-15,0.0210763984306764,5.29052661669381e-09,1.83257366946841e-15,1.38480792720087e-15,0.254515489953914
"spot_641",1.13319134290412e-14,1.38598916718881e-14,0.235439983889035,6.03334188772788e-15,9.25858110392748e-15,1.72818559561114e-15,4.44485545979114e-15,0.446651606910398,0.31790840920052
"spot_642",1.44886359347309e-14,0.532790522434008,2.99651955445539e-15,1.82129066620134e-15,0.1181355944351,3.35277718514954e-15,0.0401701933395419,0.297500000912073,0.0114036888792538
"spot_643",0.52709600341328,0.0348723277340234,2.16088445150275e-15,1.69017568625448e-15,0.0355644387374776,0.0858575988892615,0.121849547473211,0.1605710910256,0.0341889927271431
"spot_644",0.252857109965471,0.176457686018314,3.98507038919314e-10,6.04561674982322e-13,0.0797723746162159,0.245582877088883,0.00664342960278883,0.227801244415007,0.0108852778942081
"spot_645",3.22047792777447e-14,0.274810596509897,3.84175072596349e-12,3.26166249822883e-15,0.144926863808629,0.136547497334069,5.31803148900446e-16,0.298124979826842,0.145590062516685
"spot_646",0.0544892930924536,0.176040352711333,0.262130185643644,0.0365353428577862,0.336797205203538,0.0986448445203138,0.023351017122707,0.00506199544239774,0.00694976340582704
"spot_647",7.44638508429341e-15,7.00838428010756e-15,4.82735817527992e-15,8.00836929277997e-15,0.787249606275843,0.20417563835621,1.5553591487068e-15,7.49273684196367e-16,0.00857475536791788
"spot_648",0.00250838754772253,0.762353117218436,2.7728085768287e-16,0.0658051744814145,8.93777894864806e-13,0.00544106240026318,0.0329425127818832,4.41734067508894e-05,0.130905572162636
"spot_649",3.40504750829007e-14,0.411224989364035,0.364159020962746,1.07667105444966e-11,0.0312665750512504,2.78960681383741e-16,0.0328204062832178,0.160529008327947,3.0308913937584e-15
"spot_650",0.724902796837217,4.39357757423116e-16,0.00554243943108347,1.93984652557523e-15,0.0469165835144431,2.41992490026041e-06,3.55180477448858e-16,0.220010532077562,0.00262522821479176
"spot_651",0.269551700145891,0.0219623338057127,0.0581736883120817,7.03735688240875e-15,0.433224219905923,0.0822927517046103,0.0857942254201879,1.3392244591642e-15,0.0490010807055849
"spot_652",0.833200158245586,2.42029558188499e-16,1.02746814845937e-15,1.69704779646924e-16,0.00339789472126601,5.69714921994629e-17,2.24093217482812e-16,0.163401947033146,2.75887191464744e-16
"spot_653",2.48572263043596e-14,0.205522491356647,7.57986286523122e-15,0.259702684393624,0.248834300076207,8.0778359327462e-16,0.283862264429487,0.0018410937461619,0.000237165997840237
"spot_654",1.54272004867585e-14,0.120404321030532,1.61008619052664e-14,0.0458555074188174,0.232370767235245,0.218960400650036,0.0302093238074534,0.207486190188309,0.144713489669576
"spot_655",2.1879661089241e-14,0.512055872647641,6.17422682084025e-15,2.31454671769007e-15,0.171323570713319,0.00327969266806147,0.114754129236781,4.23864697859008e-15,0.198586734734162
"spot_656",0.55388086213031,0.143768071126051,0.0327827699787354,9.08345007208039e-06,1.05756716481214e-15,6.41841442632062e-16,0.145959244504092,0.123599968810737,1.42946836443064e-15
"spot_657",0.112639661659121,0.370827305161537,4.17832025718186e-15,5.07041891438491e-15,0.00270458257869686,1.08083619147131e-15,0.169731587477852,0.344096863122781,1.98815411535007e-15
"spot_658",0.716267600467133,1.48726907739927e-15,1.44864702444903e-15,0.00239664898735596,1.5667015327998e-15,0.0114952209536197,1.5808743598794e-15,0.0908342144963017,0.179006315095584
"spot_659",0.330306520938183,0.205688911668183,0.0104064922904561,0.00332002159090012,6.81612078209672e-10,0.258452375046784,0.0887874802560978,0.00115803179351129,0.101880165734273
"spot_660",0.234081111597135,0.0531642366756153,0.298063435583087,0.0235748861795388,0.117460975253222,0.0190180129326225,0.153505818656761,0.0183226602026816,0.0828088629193372
"spot_661",0.283317955852722,0.141404531882148,0.0652493734812058,0.0548797093136797,0.112141741133736,0.144811286382489,0.0988058173956326,0.0025513716357276,0.0968382129226601
"spot_662",2.20730451442283e-14,0.207227949296338,6.90617680940416e-15,0.010801247171962,0.423555297578393,0.193713227582375,0.0140646272158583,0.0493924275809798,0.101245223574064
"spot_663",0.35321254815615,0.273996394366926,1.33515489592978e-15,0.0758733032991748,0.0289781406664858,0.0546977926192356,0.110728925031247,1.54797512476017e-15,0.102512895860778
"spot_664",0.169976613002114,0.541008491856981,0.0307241742159994,0.117628269373193,5.25493312015305e-16,7.37298758119335e-16,0.0700544509769421,0.0706080005747679,9.88403317880863e-16
"spot_665",4.35139120653926e-14,7.86511103359892e-14,3.71997832065654e-14,1.06760271683372e-14,1.93417821656662e-11,0.330147401094051,9.45888378299165e-15,1.78663639108245e-14,0.66985259888641
"spot_666",0.39295061590621,0.367914875262277,8.94609645644529e-16,0.0113081025049964,0.128277945814919,0.0296094227603518,0.0272821345829367,1.04278951155515e-15,0.0426569031683072
"spot_667",0.0606163468132735,0.10065007529169,1.50553291081894e-14,6.53890136793144e-15,4.0776072787651e-08,0.233700618320714,0.0770840142992285,0.180429856712149,0.347519047786851
"spot_668",4.5733472670197e-14,5.03793628479454e-14,3.62285766744711e-14,6.35869845849832e-14,0.813583430065264,0.0717760759233039,8.19750815929515e-15,0.004715689452077,0.109924804559151
"spot_669",0.300252120549558,6.08716051800036e-05,0.00641642017529349,0.138678182212198,0.0715419925255595,0.0243792128789651,0.138130507131082,0.0407023853553309,0.279838307566832
"spot_670",1.60953670587572e-14,0.383932645863853,7.12194054539208e-15,0.00711356111184862,0.199294266448311,0.127437070956432,0.00864450416830052,0.262350922714121,0.0112270287371106
"spot_671",1.63946496543881e-14,2.4827427929581e-14,0.357280082497101,4.41471840388253e-15,3.61172423673031e-15,0.321742941589624,5.47892323574085e-15,0.320976975913218,2.36806669672864e-15
"spot_672",0.357876961242395,0.314515222704929,0.0807033938963734,0.0163509228920804,0.0853046452667108,0.0284224137143004,0.0396780398000462,1.44291419888211e-15,0.077148400483163
"spot_673",9.52603730961309e-15,0.616606199314335,4.01905257678592e-16,0.014545484552748,1.01390493115731e-08,0.154323158048676,0.167578592190974,4.92049780982152e-16,0.0469465557542069
"spot_674",0.413608028776528,1.38346727110159e-15,0.218552250084116,1.89521301303171e-15,0.299389713772215,0.000325979711389702,4.65927639044916e-16,9.60746362748357e-16,0.0681240276557463
"spot_675",1.83249091230631e-14,0.10781834977569,1.5329721716707e-14,0.0673772134738359,0.320306599883647,0.215582252015256,0.203647473468641,3.91153891251953e-15,0.0852681113828923
"spot_676",0.607917478037481,0.151528787834736,0.0952554303456166,6.95154242456783e-16,9.26275763860158e-11,0.00444049694523121,0.0546338347467645,1.8647036137204e-15,0.0862239719975413
"spot_677",2.66671144257307e-14,0.205560615495784,5.37128224638471e-15,0.155213381558673,0.113100784416649,0.0655370698930701,0.117457531792762,0.333521670108105,0.00960894673492515
"spot_678",0.265838827833906,0.533949102131303,0.00560248588691896,0.0948982327135235,0.00463916136400107,0.041193971304982,0.0538782187653651,2.08114451866374e-16,6.82636993202771e-16
"spot_679",1.02104647678562e-14,0.781165940477913,1.22120409458863e-15,0.0104463703667592,0.0161540748375975,0.122743409742833,0.0169144279692833,1.30251356346053e-15,0.052575776605602
"spot_680",1.67249135682911e-14,0.536274865455224,0.0975491227953685,0.00354423634209054,1.39852751723799e-08,0.171753200319695,0.107647452228777,0.00967947590099892,0.073551632972555
"spot_681",0.605568292826942,8.39053610469413e-16,1.00092626685918e-15,0.00180022876607315,0.178631187453374,0.0225204988469024,9.13079129880119e-16,5.99586130592386e-16,0.191479792106705
"spot_682",0.368714994992616,0.0719509523494161,1.31501334683489e-15,1.23341726875332e-15,0.104202335907883,0.220917313763128,0.0953353891791126,8.61664634728018e-16,0.138879013807841
"spot_683",1.98563703825136e-14,0.261578192015172,0.468580447925634,6.04401925424346e-16,0.201245396112874,1.54710274931592e-15,0.0624559272580672,4.92609277804951e-07,0.00613954407895285
"spot_684",1.03460797665043e-14,1.79154113967921e-15,0.735677329000468,1.76578862683594e-16,5.25304176318841e-16,0.264322670999518,1.97842283492817e-16,3.93760452388912e-16,3.22240594242521e-16
"spot_685",0.335303448812478,0.0570367045652499,0.239339693265932,0.00271451842395923,0.167868173750488,0.0456510184263766,0.0467364017506733,1.96392596728993e-15,0.105350041004842
"spot_686",0.972036883001746,4.59074182384021e-17,0.000842340121672605,3.80098055767368e-15,0.0193371487438644,0.00778362813271244,7.43165978028313e-17,1.49088900387796e-17,2.43961103851636e-16
"spot_687",1.93756839079761e-14,0.527949117524517,2.83081200330894e-15,0.0767418649370516,0.00359501990924371,1.62137696430401e-07,0.271316854451966,3.06749388252585e-15,0.1203969810395
"spot_688",0.290366330319979,0.401970803038981,2.49127523302307e-16,1.67330774868583e-15,4.71227488114065e-16,0.0868127591514605,0.220850107489577,1.01122381494711e-16,1.86991625110313e-16
"spot_689",1.12868242118303e-14,0.514345958563923,1.37642828282892e-15,0.033131627730523,0.114489331717009,0.146119460687869,0.0909084996859387,7.3227268620486e-16,0.101005121614724
"spot_690",0.608709313514281,6.03983735453483e-16,2.97918102127413e-16,0.0115013437591047,3.45107441523414e-15,0.213039310583722,1.4304714513817e-15,1.54105556843839e-16,0.166750032142886
"spot_691",0.0508790074059948,0.258467592069236,3.7401734664397e-15,0.277822262747538,0.0431016205199131,0.29376247002356,0.069087502422413,3.64898282263942e-15,0.00687954481133852
"spot_692",0.228333954353546,0.235153821467735,9.8830989161705e-05,0.0519582354401446,0.312850787423662,2.71456848293768e-15,0.153885359454491,0.0177190108712557,1.80431290104825e-15
"spot_693",1.88934517098702e-14,0.545826254444134,4.66273887769585e-15,0.00264360362430699,0.20516079265343,0.00177156797056993,0.244388902915093,2.09752730369766e-15,0.000208878392440983
"spot_694",7.13058342167678e-15,0.602428499733507,0.00173053746341957,0.0928429161617355,0.0958972661032614,0.0309727477798892,0.126499597289185,1.18859694802854e-15,0.0496284354689945
"spot_695",7.03106173769638e-14,7.52008359990632e-14,1.270197118258e-13,4.38605656159572e-14,0.457823520951399,0.348668475460458,0.172808299157736,2.24394568598831e-14,0.0206997044300685
"spot_696",0.273657983861871,0.0143345167199441,0.167390303297422,5.76499997660537e-16,0.218620766713133,0.118517344323267,0.030576441246987,0.101895161726097,0.0750074821112776
"spot_697",0.277453232532129,0.295233848573154,3.69008028202119e-15,1.83499936023042e-12,0.0624538530444812,0.188717806772987,0.02005455131456,1.80203723391699e-15,0.156086707760847
"spot_698",0.210642595620586,0.156880972251697,0.414510803053322,0.0684416685702192,0.0156731681497674,0.0110415000023301,0.0181954146358322,0.0320235959440515,0.0725902817721949
"spot_699",0.109769983138174,0.0958533067753209,0.347128807746587,3.26257505682621e-05,0.0296297797173704,0.112943401059227,0.0933973518613114,0.112641424166014,0.0986033197854282
"spot_700",1.70034377755775e-14,0.223969203083535,0.259092974961842,0.00913970268705781,2.35704349905983e-15,0.349670014704213,0.00131106929211563,0.156817035271216,6.0384563577239e-16
"spot_701",0.430795800249138,0.340986037084084,0.0825849848378271,0.00148690725879646,0.0218814533442272,0.000161461253498397,0.114823821921727,2.55542840909002e-15,0.00727953405069877
"spot_702",0.477547243652293,0.238049297110031,2.05859585790349e-14,0.112766036207798,1.23785343718402e-16,0.00019985501228035,0.171437568017577,1.0634377589153e-16,8.22460133267316e-17
"spot_703",9.4275761648741e-15,0.417678751076034,2.03693806416566e-15,0.0962141359689626,0.265569228616956,1.85014925071673e-15,0.212538083349288,1.07787888779956e-15,0.00799980098874493
"spot_704",1.80098661055882e-14,0.407747994852282,0.00598986123566004,0.00388206451164016,0.207679693768648,0.132191066114549,0.115896492810595,0.0842900933147415,0.0423227333918661
"spot_705",2.3228117742094e-14,0.0522801314877355,9.96132071464559e-15,3.90851552623992e-07,0.46791703084873,0.275757706582656,0.178076058361345,2.6131566081844e-15,0.0259686818679449
"spot_706",0.0853534496832513,0.0455804401965067,1.04652002159559e-14,0.0466089629622536,0.132879690686261,0.333948090745599,0.207803935905042,0.129869644597922,0.0179557852231533
"spot_707",0.253279872818179,0.357322317046169,1.3306345615146e-15,0.0438273990188291,5.66670447770567e-11,0.20527927538765,3.13638583198825e-05,0.00137651911469898,0.138883252699485
"spot_708",0.337093882969588,0.242620844513831,2.15709243656885e-15,1.79130894411583e-15,0.177488750902855,0.0172476569909242,0.0451007355463618,0.00476065805275498,0.175687471023682
"spot_709",1.32714986129552e-14,1.21631995001884e-14,0.638988865545101,2.77763425965416e-16,0.164512498261806,0.0607727399093748,4.06349231706388e-15,2.99832765023129e-13,0.135725896283388
"spot_710",7.78382807102744e-15,0.344783354551182,1.24444205011898e-15,0.172745750561943,0.0832427587657066,0.215290682665784,0.174523722172007,2.01173087989253e-16,0.00941373128336798
"spot_711",0.167197300106879,0.0939928826873804,0.0784387249251693,0.0394296531412179,0.253765724824196,0.0325751855785071,0.104996992132703,0.158051665610564,0.0715518709933839
"spot_712",0.470699277489188,0.118690426706002,7.18118273795658e-11,0.0116909524356591,0.0863152918406668,0.14853669919472,0.0948852363056464,0.00103398866789674,0.0681481272884086
"spot_713",0.435113325445514,0.0177424986255105,8.41137378805067e-16,1.69285635951785e-15,0.0456674085729443,0.299031590176905,0.106913576081715,6.96066106898672e-16,0.095531601097408
"spot_714",9.10144848202057e-15,1.32591984674483e-14,0.838658610946179,4.48077301441881e-16,1.38572355099963e-15,0.0788997015147838,1.19185264263751e-15,0.0134867274965284,0.0689549600424833
"spot_715",1.60781448305958e-14,1.02332413559259e-14,0.403219750048158,1.31342687544441e-15,0.249590378999315,0.0918176308831213,1.81070535351483e-15,0.189604484382651,0.0657677556867245
"spot_716",2.20917013777678e-14,0.317683556474338,5.89829153432065e-15,0.0883951065566571,0.000159664094572095,0.133916621294136,0.0090223642933563,0.000817439665729382,0.450005247621184
"spot_717",4.54799065470737e-14,3.04435492258798e-14,4.53818291880696e-14,0.562879605298159,8.45506832547441e-09,0.00106305669578629,1.47013730652072e-16,2.38386735168608e-15,0.436057329550863
"spot_718",0.38688957324497,5.74550020901579e-14,0.219740843659101,9.40453884433101e-16,0.0302622458398969,0.0794577972890357,0.124430141285659,2.53190282634355e-15,0.159219398681276
"spot_719",1.09181114838259e-14,0.622034014886611,2.40955626181153e-15,0.00274347509651962,0.373658065387986,1.30568278636942e-15,0.00156444462886322,1.86947933999012e-15,3.61754625411029e-15
"spot_720",3.72954246647471e-14,0.29361222320113,2.43410547623783e-08,6.33838120526806e-15,0.23189998235229,0.10106501507546,0.153123029919003,0.118061444661415,0.102238280449603
"spot_721",4.33327888930492e-14,0.503568044889152,0.14601567311409,0.00616561220359072,0.169729719780115,0.0160801528773545,0.0121634638319455,0.0788786827311383,0.0673986505725709
"spot_722",1.30537276955692e-14,0.401237162608616,0.0136405935224158,1.04367105159134e-10,0.162624167369649,0.0507368215360929,0.000542485689369144,0.371218769169476,1.5256811799819e-15
"spot_723",6.49359581134157e-15,4.65565838975244e-15,4.10119508634666e-15,6.01151196518674e-15,0.999942025674287,5.31430063810258e-16,8.28815773612243e-16,5.13991834639755e-16,5.79743256894866e-05
"spot_724",2.47841654839073e-14,0.209561546537826,1.64942957339415e-14,0.0766420165944176,0.275336037741178,0.0396822247150316,0.278125973018139,5.84976827574755e-15,0.12065220139336
"spot_725",0.514313827310818,0.0543891009825154,0.0339188801325834,7.67751008532589e-15,0.177767298894511,0.145494876618252,0.01846781304671,0.0113287480150122,0.0443194549995902
"spot_726",3.21460514698505e-14,2.31443274307577e-14,0.07906772179,6.16331690116124e-14,2.24759903593696e-14,0.0118338255550085,1.637350862141e-14,0.467325827726476,0.44177262492836
"spot_727",0.528748802309917,0.12476784144169,1.38988694133128e-15,0.0102164343191073,0.272941115325406,1.9841165114702e-15,0.0633258066038739,3.88909797281565e-16,5.76023292430944e-16
"spot_728",4.30713700345192e-15,0.643144157917565,2.54786589324838e-16,0.139530858079231,2.06526734589879e-16,2.33597476334398e-16,0.217324984003198,3.88885367401864e-16,3.58976143499662e-16
"spot_729",0.316017265566886,0.274688412942554,0.0343378368295055,0.092894165581809,3.21511587579012e-05,0.0982988885830492,0.123436327034245,8.00246147524522e-16,0.0602949523031915
"spot_730",0.177276043740045,1.06484055426837e-14,0.628543430533018,0.175281460822669,1.15459555182509e-15,2.73084885083924e-14,1.16796791988499e-14,1.29387644236466e-15,0.0188990649042162
"spot_731",1.33471783503574e-14,0.23867485843266,0.275130726290091,7.95971490907706e-15,0.0186014427566846,0.0140316773553082,0.0114842630714176,0.19188193834698,0.250195093746837
"spot_732",0.246425641814308,0.130968032759212,0.162923382492413,3.16730258397419e-15,0.205192365926077,0.00389874423060394,0.205245740446608,2.06582750056021e-14,0.0453460923307537
"spot_733",9.11425736661737e-15,1.09796963191049e-14,0.392602787378829,1.26370620237857e-15,0.381139316868687,0.0893193678815417,0.112263987192284,1.10783667734334e-15,0.0246745406786347
"spot_734",1.59917052537866e-14,1.77672953979206e-14,1.24872256830321e-14,0.0272809712534679,0.531570474326336,0.132823937937089,1.98334978908156e-15,0.270886449109064,0.037438167373995
"spot_735",1.86220068228193e-14,0.349930224523984,2.45120939093725e-07,0.00279817317612179,0.202329158321161,0.0421397754655421,0.0116871244949202,0.212603374986339,0.178511923910975
"spot_736",1.43594448489245e-14,0.272610402638792,0.163909027947049,0.0239492454797909,0.315491026016916,0.175666158583676,0.0210882283960308,2.83086121403729e-15,0.0272859109377275
"spot_737",0.584511683119116,0.0388386080157309,0.0871000614657499,0.000153893966389853,2.16910492682848e-15,0.00210369154684212,0.126444807072729,0.109846605883486,0.0510006489299541
"spot_738",3.08715408432756e-14,0.25045510858905,7.5037151469958e-15,1.21151787594106e-14,9.4523398511929e-15,0.0193745377825789,0.17886038757261,0.318457351562726,0.232852614492975
"spot_739",0.341501158865265,0.195233699779609,0.055755481028692,0.0362975243159041,0.0922532259802126,0.0710786471478873,0.0500438524211996,0.0935708757876085,0.0642655346736223
"spot_740",0.142535775103224,0.386095902216623,4.88936626096388e-15,2.53203111744814e-15,0.0647544479815918,0.370244934866545,0.00305324390077088,4.04965297397231e-15,0.0333156959312334
"spot_741",0.292258012712843,0.152081039392372,0.182552795605985,0.00711011558869212,0.142491727075644,0.0841359890188128,0.00484579979010548,1.64735627924475e-05,0.134508047252753
"spot_742",4.03682973959194e-15,1.04778050551781e-14,4.10274581070714e-15,4.17392411764636e-15,0.183073788732864,0.746143622394724,9.61048840559151e-16,7.75790204852794e-16,0.0707825888723872
"spot_743",1.89131223333866e-14,0.117604143070339,8.71993111073326e-15,0.0895180483857757,0.107359747855164,0.0140911819219821,0.153555127883945,0.239779267304753,0.278092483578013
"spot_744",9.77635131947082e-14,6.2776596551065e-14,2.30808360309775e-13,6.16087408762705e-14,0.000149949107802489,0.208397940912546,0.288592692933604,5.492361669883e-14,0.502859417045539
"spot_745",0.269452528725997,4.93700144434105e-15,0.353910758829515,7.54920540285033e-16,0.295377335655862,0.00947975574964149,1.35112560063967e-15,0.0717796210389751,2.48910935993738e-15
"spot_746",2.21874912239521e-14,2.22360621484652e-14,1.76740347789662e-14,1.59666978278176e-14,0.347939674482879,0.16567314142968,3.89306566077016e-15,0.219881810877501,0.266505373209858
"spot_747",3.96281224349909e-14,2.91387770639858e-14,3.53190753130109e-14,2.16803086771864e-14,0.735568470078347,0.0103589518116511,5.24270823710781e-15,7.30964769025184e-15,0.254072578109863
"spot_748",0.0900487300200503,0.0554569192890994,1.09965228195976e-06,0.0112722344542331,0.30864845596919,0.00641935752468532,0.177012839340912,0.196782893701205,0.154357470048342
"spot_749",0.265673673012899,0.205405251813418,2.24562622413197e-15,5.43361601569118e-10,0.111333393417227,0.18530816919464,0.0370254340661402,1.62183507369335e-15,0.195254077952311
"spot_750",1.19052220098574e-13,6.34933845947641e-14,7.94669460370647e-14,0.127245509525385,0.235345502567058,0.104955118628408,0.189247130125052,0.202459124363296,0.140747614790539
"spot_751",1.07114660690149e-14,0.719218131116223,1.09131567579202e-15,0.0184207264613449,0.0977654082984663,0.0105691787815287,0.0877152277286656,6.50626521305461e-16,0.0663113276137585
"spot_752",1.09241217176947e-14,4.17744970070669e-15,1.10335878070373e-14,1.48325445688978e-12,0.975236835865951,0.0247625109974024,2.39377098155225e-16,4.87758307759618e-17,6.53135137193348e-07
"spot_753",0.149567840539711,0.0254778296717784,0.389215103646884,1.63009492331699e-14,0.0722593116156468,0.168378471904741,0.111216569653807,0.0838848729674136,1.84489545235694e-15
"spot_754",0.0365661425405521,0.359355816294416,6.78061269698356e-15,0.0122163395053436,0.0651390469865823,0.11217741951973,0.073530685943677,0.180788513350184,0.160226035859508
"spot_755",0.52571753269899,2.12133192479932e-15,0.157206885281579,1.26181356759857e-15,0.14488716595508,4.70909530265285e-05,9.35012829987127e-16,2.31391422110344e-15,0.172141325111317
"spot_756",1.34415864936332e-14,0.435525341587023,0.01781634756452,1.10548482131142e-15,1.86358270868654e-07,0.413980053834905,0.00080191857304027,2.14651161875511e-15,0.131876152082224
"spot_757",0.424119360850428,2.94813363143791e-15,2.4506122356541e-15,6.9526416260373e-15,0.339840205348726,0.0361836764991961,2.69192038152321e-15,1.3777467002663e-15,0.199856757301634
"spot_758",4.15263251378069e-15,0.527530126659561,2.0666396983808e-16,0.0239840009222071,4.12650777729982e-16,8.90611070463203e-16,0.448485872418226,2.34677558535341e-16,3.47798853739403e-16
"spot_759",4.3352542601473e-14,0.11126134685048,0.0692601567172327,3.70477655583728e-14,0.167649903054209,0.312785711532476,0.0948468337683313,0.135156425525305,0.109039622551886
"spot_760",0.333863434878618,0.0499851760222073,4.6093402196671e-15,0.0345678592163886,0.0535259930862069,0.131901077961677,0.23196362182987,0.116660793481123,0.0475320435239046
"spot_761",0.348838774890066,1.97237813058301e-15,0.357433004129061,2.61253264805086e-06,1.03106931371416e-15,3.3547849650997e-15,1.89703099882276e-15,0.293725608448216,5.72356878574235e-16
"spot_762",0.318385185207298,4.83823169954301e-15,0.432469862835581,0.0737133606227632,0.0209963754020873,4.29824648831523e-15,3.99681113710804e-15,0.154435215932255,1.65924003146192e-15
"spot_763",0.74569737258032,4.43218583416074e-13,9.1751576447265e-16,1.44780193977471e-05,3.58516453548361e-13,0.00116549772954096,0.150351043681214,8.81270385993215e-16,0.102771607988723
"spot_764",2.45303993755837e-14,0.333885163710203,0.116574325426988,0.0869412784887549,0.095147288554846,0.102238914793698,0.170896128560598,0.0319151002274837,0.0624018002374041
"spot_765",1.10226774697333e-14,0.648120286822987,0.349282417931185,4.30699227545032e-16,1.29650434977502e-15,1.91633193044739e-16,0.00259729524581224,2.30101385246263e-15,1.07421162018328e-15
"spot_766",2.66556008839778e-13,5.50771705173125e-14,1.5271673514626e-13,5.85702230817739e-13,3.179131748954e-14,0.12626818983967,0.463049522276003,2.83929235200739e-14,0.410682287883207
"spot_767",0.102591860422595,0.0179861357118034,5.8693267357847e-15,0.293985681292652,6.58218773934817e-13,0.238669632186503,0.0501708355456291,0.143324987600967,0.153270867239186
"spot_768",0.595058822528545,0.101808876030003,0.000132170341409214,4.92736672584094e-15,0.236843947665951,1.85066769582902e-15,0.0612703186445124,0.0023906629998745,0.00249520178969858
"spot_769",0.410717711840607,0.16701433746993,0.068599687137808,1.44466606341613e-15,0.0206000413061082,0.1123133874365,0.167853201736162,8.57303829617775e-05,0.0528159026899224
"spot_770",1.61546705217913e-15,0.965854395720616,6.35515789378434e-17,3.70726940995774e-10,3.21808927976598e-17,1.5430616100857e-17,0.0341456039086548,1.85225286640147e-16,6.17393229844178e-17
"spot_771",0.00379190937892861,0.397499161179348,4.27555242116863e-15,0.126348581252806,0.239343749391845,0.0263040709135008,0.191526697700317,1.83252718805618e-15,0.015185830183247
"spot_772",8.53141269175569e-13,2.65843756173501e-13,0.168012464635876,4.07401851216212e-13,9.43311041826670e-09,0.804477980248082,9.20883876066831e-14,8.28085315796528e-14,0.0275095456812304
"spot_773",1.23896652271358e-14,0.428319975689814,2.10323149856411e-15,2.69154146073046e-15,3.29583240039931e-15,0.22847567334825,0.132032273313545,1.65304584986569e-15,0.211172077648369
"spot_774",0.649349711871896,0.103004495142438,0.0040077058357091,7.74408990741017e-11,0.0379605419212973,0.129214332444862,4.7762488045223e-10,3.89581844286833e-16,0.0764632122287313
"spot_775",7.70627077499987e-15,0.497895873378801,1.0804863612512e-15,0.000278484520746565,3.95682976218994e-15,0.197747895824165,0.100348781525353,7.96909748173332e-16,0.203728964750921
"spot_776",1.12263815785017e-14,1.68190370147314e-14,0.758897934267059,8.12328729351738e-16,0.0191096752778199,8.21934775123786e-16,2.24133682605021e-15,0.221992390454954,1.35383299588094e-13
"spot_777",0.387953370825321,0.133349851664434,0.0267427760450376,0.0691464597080098,0.0179655710658106,0.102910969633908,0.0583251895547859,0.083138995340849,0.120466816161844
"spot_778",0.586737574054598,0.209071834109545,9.87629516300815e-16,0.0190168133712599,0.148787605807739,7.02443297514595e-16,0.0363838262237854,6.41427226267499e-16,2.34643307064208e-06
"spot_779",0.378816428887644,0.346542457136937,1.578395256738e-15,0.0239598214021591,0.0820122197819075,8.99459813884941e-10,0.167982298163061,6.74851306874817e-16,0.00068677372883
"spot_780",0.00584275507286494,0.469967878339278,2.71181407613299e-15,0.020338432927793,0.0865818868961595,0.133896307651087,0.149121678816512,1.70171518256102e-15,0.134251060296301
"spot_781",0.177351887908818,0.322989872591283,0.0612633461391413,0.0483665034002667,0.0687987437109104,0.229693324818663,0.0312507020113882,1.43018221412906e-15,0.0602856194195276
"spot_782",0.455865187272234,0.156227943568856,0.0925278599156832,0.0742400358435353,3.44546278227944e-11,0.0515452501534027,0.0943452324447287,2.69107556888666e-07,0.0752482216595483
"spot_783",0.449611669272977,0.140240434967144,5.57856718252821e-11,1.34927173957328e-15,0.0306199555028415,0.113231993485441,0.0669537862339699,0.0380619834576644,0.161280177024175
"spot_784",2.54608571746107e-14,0.168366534123368,2.01947927465251e-14,4.45075344742795e-12,0.303776300216369,0.115195429801007,0.11224220116043,0.295047752999932,0.00537178169439853
"spot_785",2.44901708448897e-14,0.310581279126487,0.207103895452777,0.0735044639378694,0.000832181735661019,0.00447630035133844,0.00114608530322756,0.250100187947077,0.152255606145538
"spot_786",6.48010142969794e-15,0.441599472235896,2.17672260329733e-15,1.1835993038067e-16,2.34854438664063e-15,1.67848157322967e-15,0.558400527764089,1.39430186228291e-15,8.6336496232687e-16
"spot_787",0.00223934109798963,0.441536238107617,2.68030768328566e-15,0.0105370333624917,0.00334783924661885,0.194209759190819,0.183452509896042,1.73571514450725e-15,0.164677279098418
"spot_788",1.7248862621694e-14,0.445248682550593,3.55383711907951e-15,0.00900699645951407,0.20990916501366,0.0971281961297425,0.151669102718752,1.86229244735674e-15,0.087037857127716
"spot_789",0.243809329325304,0.0983646375364074,0.151834558379233,0.0110071392988426,1.04519402877411e-07,0.0147709850707135,0.0152762612671942,0.363723653423864,0.101213331179039
"spot_790",0.264817339949467,0.317139988806262,0.186694772868188,0.0161061010669418,1.99274255603057e-15,0.115133858494937,0.100107938814169,2.60660925809482e-15,3.11164286322181e-14
"spot_791",1.91278810941014e-14,0.309409343225644,0.169943836351148,1.24992694457472e-06,0.0636111682221358,0.0828173695650072,0.0668583594957122,0.075103180398876,0.232255492814514
"spot_792",0.154584193909017,0.219973759342742,0.321355465078074,1.17378889779058e-14,0.0585115471300011,0.119986282855014,0.0776709630063355,0.0479177690588719,1.9619932640703e-08
"spot_793",0.169430939743471,1.19852439047718e-14,0.228263687767549,0.130821686471132,1.82080047902416e-15,1.43593862923668e-15,6.87217002448049e-15,0.471483686017825,1.14610247850646e-15
"spot_794",0.114401066747298,9.30175365392037e-16,0.572785871139948,0.243443827236532,0.00636817055540578,0.0630010643190191,1.0165202740514e-15,6.02011193259935e-17,1.79446693278169e-12
"spot_795",2.97123063776286e-10,0.046451597982446,0.0701217626339043,4.12256896072939e-14,0.51432243612516,0.00216789989491051,0.214513826785116,9.46621875607558e-15,0.152422476281289
"spot_796",1.75893407910798e-14,0.0480071576282514,0.0818945759594246,3.19503692256581e-15,0.328918573377858,0.0554760816332228,0.077338883891605,0.311548247073837,0.0968164804357806
"spot_797",0.259107667926805,0.256530012817272,0.000315271969435194,0.128413625837816,0.0409349576407908,0.076420755932835,0.0288114731221922,0.100464869807191,0.109001364945663
"spot_798",0.208988791574726,0.199884413121363,7.23295213266185e-15,4.86078827533488e-15,0.0894269770990133,0.174081906460553,1.10999511685249e-15,0.187360483876301,0.14025742786803
"spot_799",0.0694767358089918,0.301590856683809,6.37092876065687e-15,0.1140381681753,0.127850249820339,0.0970173444058606,0.0227534258902853,0.152219138540972,0.115054080674435
"spot_800",2.24213538492657e-14,0.359909358626255,7.95952191064877e-15,8.75680170079108e-15,5.70043769161643e-15,0.255257190478453,0.0193598925571919,5.86286484127386e-15,0.365473558338049
"spot_801",1.44071743923513e-14,0.294751404491059,0.27827067253592,3.65248282189648e-16,0.291728555416755,0.0219450441383682,0.00734344241436456,4.27841413257561e-15,0.105960881003514
"spot_802",1.99315494855755e-14,0.297738143869187,0.143669679605822,0.136956083274603,0.209332384124261,0.0210481875324487,0.0198758723728658,0.017309744975549,0.154069904245243
"spot_803",0.618656655376056,0.100105032319393,0.199564560842041,0.00910749633399625,5.04479360740306e-05,1.81842089529861e-16,0.0711878234973509,0.0013279836950888,4.10822066944624e-16
"spot_804",2.37736479417205e-14,0.43367412524501,0.166017991771486,2.71631874555847e-15,0.00808656887380477,0.0777917145091741,0.124145752033101,0.166308537358367,0.0239753102090309
"spot_805",0.366078944853795,0.290998978175152,1.11435267782342e-15,5.55760353134088e-15,0.140343837124924,0.0222717367456743,0.120023946909076,0.0585801709187668,0.00170238527260487
"spot_806",0.252964233502857,3.33276163941613e-15,1.59177500419579e-14,1.01182557831095e-14,0.302916926459847,0.389085615963396,0.00012802903043852,0.00591046009945474,0.0489947349439777
"spot_807",0.433580951546146,2.04444348125078e-15,2.89353566599181e-15,1.37351173770833e-15,0.147872876804018,0.0965013973124885,1.79044303910363e-15,0.104324177802381,0.217720596534958
"spot_808",2.20704952882626e-14,0.258388445165683,7.70737847722723e-15,8.90311199127413e-07,0.00643011618592191,0.274735549620677,0.0722738865944729,0.226180501167874,0.161990610954142
"spot_809",0.354340164605141,0.0624767126581781,0.333817354022224,1.98749577187656e-15,0.116439189306401,0.00681378464808805,0.0524937383251181,1.34694904800603e-15,0.0736190564348459
"spot_810",0.0493229351674044,3.66398220572061e-15,0.657009681506043,3.45118334853286e-15,1.54043675829152e-06,1.54302781393267e-15,0.000574412055371359,1.1438873406938e-15,0.293091430834413
"spot_811",1.13007875284899e-13,1.36827778575711e-13,1.76316892615972e-13,1.00796389142851e-13,3.55734842779446e-14,0.403370640740507,3.16272124313636e-14,4.73457810227494e-14,0.596629359258851
"spot_812",0.277574225916643,0.184365746116357,0.107394550677212,0.0115152000726344,0.035537559977607,0.0331072646028032,0.173597097364703,0.0884796637753654,0.0884286914966753
"spot_813",1.6057841274718e-14,0.395347452944918,2.36806986379172e-15,3.31701422093231e-15,0.202108278969748,0.172748580002172,0.102529357485953,9.70989294272254e-16,0.127266330597186
"spot_814",7.75365837390503e-13,1.7912108334161e-12,3.17256819628254e-12,1.97385699340318e-13,3.08335523336677e-10,0.313347357258933,1.61273030954873e-13,1.83718115219475e-12,0.686652642424797
"spot_815",1.93365667632654e-14,0.0281260059715404,1.88124658385343e-14,0.0621770932418635,0.377499563972882,7.30695704364703e-16,3.94732064078229e-15,0.531478872898672,0.000718463914999986
"spot_816",0.0371121690712054,0.618187603503568,1.12610455412059e-10,0.00770077611065075,0.126341401436244,3.07806082583748e-15,0.109180975845851,0.0966837001016546,0.00479337381821224
"spot_817",9.57591774718989e-15,8.66496377994471e-15,7.73791362878694e-15,1.11750096394337e-14,0.992255531833775,1.40354357129585e-11,1.09640012855406e-15,1.04790613782657e-15,0.0077444681521505
"spot_818",0.381612978696414,0.15818419439542,9.93890345941464e-09,0.00530743788221165,0.0100497492888461,0.162826218779165,0.0882257944162958,0.190530080058803,0.00326353654394168
"spot_819",1.1555637103504e-14,1.66136622704262e-14,0.54877143485168,0.000200893831645658,0.192980946301763,0.176209473632781,1.37458786283873e-15,0.00524881683088075,0.0765884345512201
"spot_820",2.00884179336898e-14,0.535683333100321,2.39292278163243e-15,0.0675903882954567,0.0230921892998321,0.278355814839482,0.00183593498828839,1.3976464771317e-15,0.0934423394765961
"spot_821",1.00936796787158e-14,0.398641004746258,2.73361055875153e-15,0.0937976510059162,0.312103414287235,0.177750358001541,0.0177075702772594,1.27511561011566e-15,1.68177652270223e-09
"spot_822",1.70248901668632e-14,0.377158122283059,3.97321558679235e-15,2.28928717708384e-15,0.159210986030519,0.2370667683356,0.136485040409596,2.2093272611325e-15,0.0900790829411998
"spot_823",0.215223077989055,0.186784324057419,0.162498678641032,2.9016036201189e-15,0.160644683536162,0.0905941986916455,0.0374983649296148,0.0431116655638755,0.103645006591194
"spot_824",3.88607925288018e-16,0.00548401504329332,0.977975129505832,4.09228880318003e-11,0.0165408554098849,6.28901170314843e-14,3.46069313027399e-15,4.14920141736563e-18,6.56577976602093e-17
"spot_825",0.292326930000511,1.4989567861199e-15,0.494894047181434,0.175933134256864,0.00669247019865531,0.000512695621544113,1.89784902246641e-15,6.45044289465063e-16,0.0296407227409871
"spot_826",0.393354956345487,0.0968088065523767,0.0981511491998374,2.3122214464546e-14,0.147188139415094,0.0706737978774133,0.0642249896178924,0.0722454057466489,0.0573527552452268
"spot_827",0.429937785485442,0.00515375684828285,3.14911973671137e-15,0.106965233184704,0.141389571081536,0.153717097474439,2.18846109536674e-15,0.0382165292243986,0.124620026701192
"spot_828",0.621546263760886,0.011560611003674,1.45679982059674e-15,0.00147082503816993,0.0935548219168891,0.00411686234781612,0.0892190283981744,8.14592467287741e-16,0.178531587534389
"spot_829",0.491366784167884,2.06491653247341e-15,2.36878331475876e-15,1.60021183784263e-15,0.200399541059633,0.0779533517514842,1.09768879814164e-15,0.099796327662445,0.130483995358547
"spot_830",0.262415107386843,0.24273297096595,3.34397889503675e-06,2.66722030239487e-15,0.327288683666478,0.0464310068265475,2.04373199010117e-15,2.58332418404563e-15,0.121128887175279
"spot_831",2.83545863708447e-14,0.581828998198383,8.50573035448828e-15,0.190603545662215,6.46104139552029e-08,0.0246515746894499,0.0777550302789978,9.48958931462704e-15,0.125160786560494
"spot_832",1.97335902951101e-14,0.123554721447131,1.40315467725464e-14,1.08071085230419e-14,0.326472475575591,0.183744169353925,0.0668005442468718,0.261939532836271,0.0374885565401653
"spot_833",0.274582296383806,5.82485821693394e-15,3.74833061561407e-15,3.59785863126203e-15,0.538811250037279,0.119458869130222,1.98274150564847e-15,3.23784313088110e-13,0.0671475844483539
"spot_834",0.281592342196937,0.541542871509715,7.43523945378029e-16,0.0499092302168102,0.000117587487428723,5.62070881678119e-16,0.124480458488971,3.06281945108320e-11,0.00235751006950886
"spot_836",0.109060916500099,0.268446937391902,0.00710176361878078,0.240045640546309,0.0994525717025426,0.243916258562879,0.00087678647786244,8.8339649488804e-16,0.0310991251996239
"spot_837",0.046803640100588,0.272176266022954,0.117042278391777,0.0835660921654981,0.227065266258634,0.126130005866099,0.00806812773041526,0.0629006370342386,0.0562476864297958
"spot_838",2.64363324981093e-14,0.241866892139495,1.0763266232726e-14,0.0158484698993461,0.141514009793257,0.160437410090529,0.140297585757415,0.22162431959446,0.0784113127254606
"spot_839",1.84779222657651e-14,0.231792127432689,2.38097894500807e-15,0.349218415838849,4.30643130914938e-15,8.21491750094163e-15,0.418989456728426,1.73106159567859e-15,1.44910049918762e-15
"spot_840",0.504336067197141,0.0845375890364584,1.20721688710822e-15,2.53772520999267e-15,0.000114152501687768,0.21226714885879,0.145015696265185,1.01837350468474e-15,0.0537293461407336
"spot_841",2.67913019955871e-14,0.176069840398605,1.00118481192026e-14,3.54279689638512e-09,0.357602069830774,0.0733926380129104,0.218795774938666,0.100278185636474,0.0738614876397375
"spot_842",0.542937497360731,0.155787234439932,0.000508838310706703,0.0219835243691767,0.00617796360486007,0.0915511022020041,0.101523669605994,0.0650986532004293,0.014431516906165
"spot_843",0.103204530696527,8.93904156117592e-15,0.133695360706745,0.0459198016117067,5.07747513436945e-15,0.320957906037617,0.156495977587388,0.15859290897817,0.0811335143818313
"spot_844",2.14160360922569e-14,0.492540414339449,5.5028955387551e-15,3.43139691959572e-07,0.00820435532700934,0.254523103948585,0.00601853781247865,3.0982259793424e-15,0.238713245432756
"spot_845",3.3022502248716e-14,0.222501107539539,0.243186206459282,0.11143059229184,2.88286478513445e-15,0.0586685651815093,0.202172980982964,4.50903925955126e-15,0.162040547544824
"spot_846",2.50362767149432e-14,0.307247797224954,0.272367946199882,2.41318418788895e-14,0.0566234130579448,0.120121368218122,0.0715090427867203,9.75097091556869e-16,0.172130432512327
"spot_847",1.16536464665795e-08,0.276551530535669,0.130155859359647,0.0875749690841453,0.015984534960135,0.154653687780996,0.127040029648346,0.130252147728211,0.0777872292492036
"spot_848",1.94196774418663e-14,0.579248762138519,0.00855470388145375,3.82537398539487e-08,0.172941695221568,0.010057179728485,0.0560207550089638,0.0953247891345311,0.0778520766327205
"spot_849",0.467798559713667,3.91166539197575e-15,3.79229207068415e-15,5.40738216312214e-16,0.257090731270114,0.065550056020919,2.48939650894801e-15,2.65450513654969e-15,0.209560652995286
"spot_850",0.339939883081165,0.191444146729839,0.225848880535691,5.65486077849209e-14,0.100668835519362,0.0975998327328236,9.92075090190449e-16,0.0249849758848594,0.0195134455162026
"spot_851",0.33887869230059,0.0145223100486944,0.209451667605259,0.128678697454969,4.67342510846781e-12,0.130444467127328,0.068115557980821,0.0168680565658482,0.0930405509118169
"spot_852",0.0203796585359686,1.22912348013912e-14,2.71479549366955e-12,1.79678102828378e-14,0.67074332715894,2.65186679912716e-06,2.46961777744569e-15,0.184492659365785,0.12438170306976
"spot_853",4.54440032526017e-10,0.375933327053614,0.236873494498456,0.039175686740903,0.0674299348085945,0.0551243874969228,0.0523869545376826,0.132869484049616,0.0402067303597716
"spot_854",1.08380453144612e-14,0.354775848184785,3.67782562664018e-15,0.056977386096199,0.278446233940273,0.165783906797026,0.0593276494372487,0.000923884356663605,0.0837650911877895
"spot_855",0.233635890694333,0.108310397937212,0.215062919267057,0.0728908650027688,0.216784976809784,1.4235290013421e-05,0.0442364181283327,0.102148263968601,0.00691603290189827
"spot_856",0.239441844896853,0.0805592800175254,0.463500691311385,6.89710900027898e-15,0.066029544038525,2.6343448976301e-15,0.038436252878435,0.101746222548391,0.0102861643088753
"spot_857",0.491385037996494,3.22769618039435e-15,0.00106020660380162,2.09683146190352e-15,0.130484845464405,0.0633292915307502,0.0548454101005167,0.0748640743374805,0.184031133966547
"spot_858",1.68209762531869e-14,0.475465353983286,0.364077696234421,0.0106480665817757,6.51804874514603e-09,4.06271595254756e-16,0.0183492806399253,3.53938397309565e-15,0.131459596042522
"spot_859",2.62173521970165e-14,0.280933584045297,0.226500503910701,0.17625433715353,0.000321924566662134,2.18047672771803e-15,0.0392811273977332,0.139827260799252,0.136881262126797
"spot_860",1.85248919706908e-14,0.123405417693007,0.290905164291566,5.9068473519912e-15,2.4782252336727e-13,0.230708611568541,0.205408902815513,3.26187043717958e-15,0.149571903631097
"spot_861",1.82122289109183e-14,1.6355082062264e-14,1.73431763161669e-14,0.0202488996749164,0.590210496999082,0.00215100768802985,3.28222097443161e-15,0.242615177678099,0.144774417959818
"spot_862",0.49058629876016,0.299987729101277,0.00577930463965196,0.0121041063349002,0.146101759659022,1.65494889048093e-15,0.0454408004732344,5.83628181952792e-10,4.48125150026526e-10
"spot_863",1.13326123964247e-14,0.70252270928374,1.37479354500643e-15,7.54201020202525e-15,2.65280919681357e-08,0.0157650531918861,0.00306291757862242,8.13888106799646e-16,0.278649293417639
"spot_864",0.15171323869078,0.294312229179604,0.261703433634358,3.43153863275642e-16,0.134742365440971,0.139297174515114,0.0107184537508034,0.00751310478836718,2.68935041230754e-15
"spot_865",0.538889294875304,0.040232390916251,0.031234705813365,4.15658409301812e-15,0.0916758114160939,0.037063530409228,0.00602857923035156,0.000397247514501571,0.254478439824901
"spot_866",2.29338684921142e-14,0.260116280312539,0.272962319632677,0.00233385710673781,0.150965980868814,0.0360987213457564,0.000810618162290904,0.13769112701415,0.139021095557012
"spot_867",3.76208257155117e-14,0.284579397658343,0.358320793543399,0.0657267288240561,1.87259886075098e-15,0.0245630193484661,0.0464979200837639,2.35862370866276e-15,0.22031214054193
"spot_868",0.00315200709705852,0.384562585183565,2.79190581427794e-09,5.32480003854272e-15,0.131433118158366,0.126876165911517,0.0580035806017962,3.40893947088755e-15,0.295972540255783
"spot_869",0.333463812853126,0.0287881683944848,0.191811462573612,0.113538741872765,0.00428231779387745,0.120339193446783,0.0285559677136041,0.179220335351747,1.00103136210049e-15
"spot_870",0.54837539993935,1.60893018936433e-15,2.0748870625618e-15,1.14103188688609e-15,0.236059339263955,0.0255766807437363,8.02677456467406e-16,0.0842879374364976,0.105700642616455
"spot_871",1.73322234938725e-14,0.214455404744934,0.290282618520191,0.00493994497703117,7.31513724618881e-08,0.253454713993486,0.151821408572347,3.04377287075136e-15,0.0850458360406173
"spot_872",0.385791260854849,0.127877839626208,0.0449986103868698,1.22759280971398e-09,0.0413771475186947,0.0420495283681093,0.217077898380667,0.00698894565776651,0.133838767979242
"spot_873",0.466195705802466,0.186835328774811,1.23530504504547e-15,2.3126762689063e-15,1.72966869187553e-14,0.234585313914756,0.0646858815294657,1.30555662032807e-15,0.0476977699784794
"spot_874",0.202275920795527,0.565827362790027,0.00716535423903539,1.20291499020503e-15,0.137527848841537,3.76337004920998e-15,0.0849430521615628,1.24746008565119e-15,0.00226046117230464
"spot_875",0.230434802311098,0.339835365000208,9.98297487457165e-16,0.0887974522129937,0.239528641310539,3.6344732975782e-15,0.10140373911648,2.88030129323119e-16,4.86761525868514e-11
"spot_876",6.84048332334245e-15,0.662517079573738,5.04356490677331e-16,2.91719775724749e-15,1.52538163279948e-15,0.00203686784073838,0.0320622875649036,6.04957531358666e-16,0.303383765020608
"spot_877",0.323634760871687,0.330891271138837,0.000322665886248895,1.70245747214323e-15,0.133154816824474,0.0268820879089902,0.0682061468444269,0.0849058352990359,0.032002415226299
"spot_878",2.33831599071373e-14,0.14086846268608,2.17808352393234e-14,1.59152313830044e-14,0.483051913557771,0.096697805246957,0.0852215336430858,0.190385797824414,0.00377448704163101
"spot_879",1.78806997779798e-14,0.179099234910336,1.09548784258247e-14,0.0160720191798078,0.201090873836421,0.284073776355866,0.0361993243781111,0.218936150293961,0.0645286210454678
"spot_880",0.45906245505971,0.0607760096875048,0.31199986161822,4.19282837559737e-16,0.0174831566238027,1.87967934769778e-08,0.0307702336597549,0.0197208526802578,0.100187411873956
"spot_881",3.94638413993821e-14,0.214243776527879,1.61646579671282e-14,0.0240707982723614,0.0551217018348805,0.237529818314371,0.206338380403221,8.57799846602711e-15,0.262695524647223
"spot_882",0.558587297460399,3.16620704091517e-15,0.0261527281543524,1.34646863630298e-15,0.0180938504222305,0.0195157801300225,1.8559469299191e-15,0.319072127432169,0.0585782164008203
"spot_883",2.86517983337257e-14,0.206468805760664,7.84773697644703e-15,0.0826493261024351,0.0333448522943421,5.22815188147993e-15,0.14228079452962,0.535256196552845,2.47600525267968e-08
"spot_884",0.033405855082522,0.39666568409746,5.10569082340072e-15,0.118607378893747,0.191416455113232,2.10985907202541e-15,0.0821279842611305,0.16974808660951,0.00802855594239191
"spot_885",8.52850939709817e-15,6.27683658115727e-15,2.73072358060201e-15,2.34630158951913e-15,0.477468227312767,0.338209297496063,1.33730277867204e-15,3.60591133306694e-16,0.184322475191148
"spot_886",0.92853272298672,4.56333900714793e-16,6.91383275714478e-16,0.00386592954659092,0.0012958051367723,0.000963312609951123,4.60669599046358e-05,0.0428636543238839,0.0224325084361764
"spot_887",0.354911714706392,0.0219405555830804,0.354162561514114,0.0369287436369069,7.19311033001582e-06,1.32642578384927e-15,5.92988031020876e-15,0.170851259184502,0.0611979722646669
"spot_888",0.000974603764262554,0.533323047104395,2.79362214490284e-15,0.0380652749450448,0.00862094441249094,0.112584079914485,0.234727828121494,2.69950695029091e-15,0.071704221737823
"spot_889",9.30537611550228e-15,0.370960502497973,1.76393069676947e-15,0.0415131856955734,0.154830885223984,0.212408604388713,0.194133699443587,8.47221095454572e-16,0.026153122750158
"spot_890",0.32279178155658,0.289600552564292,2.43468485991109e-15,3.23179052967633e-15,0.0999378192221377,0.106486266633409,0.127608896416605,2.38515636100477e-15,0.0535746836069673
"spot_891",0.435568748170699,2.47645815593064e-15,0.252172249748762,1.61592296317885e-15,0.22110849169347,0.0064456928928303,7.88833142245886e-16,0.00338775831654774,0.0813170591776865
"spot_892",1.47737954075277e-14,0.563618752195834,7.22590352225905e-16,5.52952905863942e-16,2.52082699113035e-15,0.236015254764232,0.0809024267584919,9.98660463336399e-16,0.119463566281422
"spot_893",1.92966464576375e-14,0.389163047084765,3.48534915192922e-15,0.102145470068207,0.0161176580584367,0.0784176938101808,0.179848005168133,2.04144698873696e-15,0.234308125810253
"spot_894",0.721905599746996,9.15340384073861e-16,0.00249768083817979,0.00476121967862705,0.131275061029553,0.139530721326264,2.93930654604018e-05,2.61797786945905e-07,6.2517132329843e-08
"spot_895",0.43886230050904,0.238701404497069,0.176767074115043,0.000320095917155949,6.84107464808464e-13,4.17369461951126e-16,0.0222448109766525,0.123104313984354,1.62647506523248e-15
"spot_896",2.70581182302696e-08,0.250776383965733,0.00601031035297686,0.063232716961868,0.261054851621694,0.14162188035645,0.0925467840989255,8.48230316902777e-05,0.184672222552543
"spot_897",2.93504352324425e-14,2.66071339583448e-14,0.0132365503440531,1.48588166509678e-14,0.024025515940339,0.197378442793494,0.102193290338474,0.269540810443172,0.393625390140397
"spot_898",0.0839106937003547,1.54298370422534e-14,1.49423829538708e-14,2.7445184101181e-14,0.737659007598598,0.00144215326233396,2.33333337643341e-15,0.115639134320775,0.0613490111178779
"spot_899",0.613343005071656,2.13787468565008e-15,0.0226475993464449,4.07788713429692e-09,0.0347136750940304,0.0571132148063361,0.093975006829889,0.156466470514707,0.0217410242590473
"spot_900",0.00593002865901379,0.235202932512601,2.21965990448501e-14,0.00782283342022853,7.54581405603438e-10,0.162989262009814,0.0687727311975549,1.36658344582512e-14,0.51928221144617
"spot_901",0.45277797143439,2.9073091059922e-15,0.0204452436370312,1.41178919564597e-14,0.0695961716877359,0.229988794963882,2.12731365776436e-15,1.81895305005526e-15,0.227191818276939
"spot_902",2.37914178939884e-14,0.0168688666071081,0.125283257773313,0.0311912633837642,0.248807083584693,2.3643941356678e-15,0.117955607555914,0.39859700882246,0.0612969122727214
"spot_903",0.624582892518534,9.51642851170033e-16,6.22337348334517e-16,0.000844514551448461,0.22344181244357,0.0456923640920569,1.0825809925839e-15,2.04141973560866e-16,0.105438416394388
"spot_904",0.691932355763378,0.0483054157970777,0.000972592573865412,0.0570522453813381,0.106956187122757,1.24898294765003e-15,0.0559809046339575,0.0388002987276228,2.34379409901568e-15
"spot_905",1.59625188968913e-14,0.412447838636335,2.46847587912065e-15,0.0100203855399997,0.275505985319609,0.0988071080902496,0.137677987771782,1.36102043812367e-15,0.0655406946420056
"spot_906",2.67491361742118e-14,0.309188096448314,0.0289852229994502,0.0585189646441936,1.60097921941867e-10,0.0426814128405956,0.220270608115058,0.122672729902068,0.217682964890195
"spot_907",1.837417466321e-14,2.57129087402036e-14,1.50950532390809e-14,9.89497550947819e-15,0.523011655153112,0.290454476248472,3.33313482321802e-15,2.74926476243657e-15,0.186533868598341
"spot_908",7.53380346006042e-17,0.884426815254569,3.73456799198231e-18,1.01491672933363e-16,1.41268643982681e-18,9.72592203001469e-18,0.115573184745431,4.17842911226013e-18,7.9243495569591e-19
"spot_909",1.80338514859146e-14,1.21559621080292e-14,1.38223819541849e-14,4.25814777352082e-14,0.391897088198185,0.411969117705801,2.60052896697282e-15,0.184967240382698,0.011166553713226
"spot_910",0.827653753926322,0.0802185041932676,0.00328233380093592,5.46079659468489e-16,1.3952850890176e-16,7.55194155618799e-17,0.0888454033556669,4.72380704792964e-09,1.68410801272759e-16
"spot_911",0.411976251141988,0.0325383957557836,0.116736464709609,3.4681406179293e-07,0.121541978727692,0.00990864019339614,0.214026652641244,2.556631828476e-15,0.093271270016223
"spot_912",7.81325575305031e-15,7.57565486748153e-15,7.55421644209448e-15,0.122980633218075,0.741080213339152,3.59830500586628e-16,0.135453481227186,9.2853914556576e-16,0.000485672215563855
"spot_913",8.76929696263499e-15,1.10086232402989e-14,7.55147138013008e-15,4.68096904955587e-15,2.04447216496436e-06,0.861268914979327,7.33033456563915e-16,9.79011160494531e-16,0.138729040548474
"spot_914",1.81786099132019e-14,0.364206352446697,9.8078524754859e-15,2.88607455821785e-15,7.10295898427543e-12,0.121353097595363,0.133656607836363,0.222545387849821,0.158238554264622
"spot_915",1.25058523386766e-14,0.563569591993026,1.237400227916e-15,0.364164533029001,0.0240767599012976,2.57267325708337e-16,0.0481891150766582,9.43624823578835e-16,2.37857009386085e-15
"spot_916",1.19937688248603e-14,0.718973251266352,1.44146952741361e-15,3.39473236507488e-12,0.00122203026004641,4.340793818012e-16,0.210130843663293,0.0696738748068995,7.50720278006873e-16
"spot_917",0.502258747571845,1.54141555823075e-15,0.327287156042312,7.54642566898748e-16,1.50584715890941e-15,0.134073310284934,9.16292185556747e-16,2.31529178865606e-15,0.0363807861009021
"spot_918",7.32090761085417e-15,0.141825996664501,0.311901849678436,0.187501722924285,0.0129894180293703,1.90141296330859e-07,0.0767430980042422,1.22048044068805e-15,0.269037724557861
"spot_919",0.327156606375453,0.267252907746011,0.156357225955215,0.0507572860336999,1.77411967754734e-08,0.000854165482954251,0.00546128809324037,0.009684718389958,0.182475784182271
"spot_920",2.7624419714926e-14,0.302536893132656,7.76670946925046e-15,0.0236235979712743,0.212147730618198,0.12152923507699,0.0031942388691907,0.0711553724546962,0.26581293187696
"spot_921",0.27370435890616,0.142817020632016,2.91036303744726e-15,2.33932175516785e-08,0.311685734627369,0.0598943377129907,0.0319597303673458,1.49634546578989e-15,0.179938794360896
"spot_922",2.66227391489335e-14,0.400670042542735,7.64886228399124e-15,0.021864930959705,5.01133880148519e-09,0.0401309575822625,0.0307666754676926,7.53324873718113e-15,0.506567388436224
"spot_923",0.515208090809225,0.193394760296332,5.42670508143808e-08,0.00579306292090147,0.0254001670591786,0.0364949030029821,0.0623510497486506,0.052699816504362,0.108658095391317
"spot_924",0.34748151759273,0.11561856869982,2.51703379088695e-15,0.0415232589546198,0.208636129836013,0.0489603087250958,0.0859808848008695,0.0671357659589178,0.0846635654319312
"spot_925",1.12601991444343e-14,1.18653279376591e-14,1.70625197799197e-14,1.17249063958128e-14,0.99999956092077,4.9036869676828e-16,6.41066052385091e-16,1.26566087538761e-15,4.39079175857087e-07
"spot_926",1.18140913243824e-14,8.12731057892973e-15,0.281435622130848,1.24151795600421e-15,0.27723024423499,0.366321139720905,1.44951714149991e-15,8.68808271344018e-16,0.075012993913233
"spot_927",2.00301769481595e-14,0.444647102970735,0.0721151119236098,0.0835809352046597,0.0719456345116704,0.00720605900168333,0.110599998574243,0.207320764857605,0.00258439295577345
"spot_928",1.69858166102212e-14,0.470580539276421,2.96073460749219e-15,0.186527080990923,2.60778744865469e-15,0.226308371034132,0.00139407767374958,0.0944832801669136,0.0207066508578381
"spot_929",0.207259844014283,2.46029370712049e-15,0.559761215762691,1.32366335368665e-15,0.0302925166997305,0.118440840041663,6.29163764589737e-16,0.0817178037913632,0.00252777969026531
"spot_930",0.410187792502314,2.95227210668795e-15,1.94498081603678e-13,0.0120075511517356,0.223783960097579,0.0428897892524782,3.31527809049343e-15,0.0677183850353857,0.243412521960306
"spot_931",1.84102622338337e-14,2.53419807394628e-14,1.73943955108919e-14,5.9952671917024e-14,0.0101332492791763,0.104002395370495,1.40854644071834e-14,0.470941813422346,0.414922541927847
"spot_932",1.99618323129799e-14,0.359842470688346,6.78653860540997e-15,2.54839700681046e-15,0.14790532416134,0.249394929878292,0.0303325393451725,4.09899125372452e-15,0.212524735926816
"spot_933",2.31968836184372e-14,0.350400620657671,5.68729917401424e-15,0.0787346228611211,0.271929313545211,0.225014620884581,0.024664113780874,0.0213107727002221,0.027945935570291
"spot_934",8.71666662998224e-15,0.427317150352099,1.25375081591496e-15,0.0114044172492325,0.236596341487114,0.146527216263414,0.15692661365236,0.000362727817693154,0.0208655331780775
"spot_935",1.37715162309357e-14,0.206248144472087,0.450489052385647,0.0374056719762346,5.63284689822383e-05,0.116078339844437,0.0277058627779679,0.0190685206467744,0.142948079427856
"spot_936",1.90963997706236e-14,0.3705830545508,6.02954667655992e-15,4.03708669094462e-15,0.280787613234487,0.0864875918151643,0.00884110857717555,0.0973837573718344,0.155916874450509
"spot_937",3.31993522819859e-14,0.192955125578843,7.63524023248105e-15,0.38270595602448,0.0556631604908207,0.106991000065648,0.0590084571339844,5.03097274401994e-16,0.202676300706183
"spot_938",2.71537712542307e-14,2.04855916816167e-14,0.00770646967970615,2.1749765645685e-14,0.581908629972989,0.18101305662405,4.29388384764194e-15,0.186660927098704,0.0427109166244785
"spot_939",1.16244577351309e-14,0.287131754075145,4.192799439504e-15,0.044540345081583,0.221173221635914,0.320300954316848,0.00310451962910669,0.0502594147599023,0.0734897905014857
"spot_940",0.64009241784904,0.0253858935066288,0.122941856651564,2.20430174662103e-15,0.0870193799635086,0.0586385953989666,0.0395853628166208,0.0065074474608012,0.019829046352868
"spot_941",2.4751492063928e-14,0.326354931385101,0.335618989144869,3.12670724912292e-16,0.183792540432401,2.17424036396354e-15,0.111652154788391,0.0177225509985036,0.024858833250707
"spot_942",0.622244164503347,0.0954489006534525,1.3597965386683e-15,1.64414418308074e-15,0.0997990744643405,1.75372963068153e-11,0.0977196671276835,0.0828217637013303,0.00196642953230638
"spot_943",0.369278016767754,0.165354290224813,1.92156357877904e-15,0.0306517229541293,0.0242631310207891,0.154015433627071,0.0221702700497594,1.50539083895118e-15,0.234267135355681
"spot_944",1.04742554047698e-14,1.06391106508095e-14,8.76984301647732e-15,7.65415315358686e-15,0.701540251639072,0.270206418252394,9.63718166068962e-16,7.92604142733809e-16,0.0282533301084953
"spot_945",0.273453776848671,0.313488397372697,0.0411463175980484,0.0289762633234716,0.0432692430087684,0.0352666170472733,0.0541441637676842,0.113766738378361,0.0964884826550248
"spot_946",0.342452831153695,0.248818819903139,0.132279028920724,0.000633313086158392,0.0968090054502805,0.0187115739896057,0.0757202452384981,0.0669223754352316,0.0176528068226674
"spot_947",0.336367095039615,0.110396393626951,0.0965682521918265,0.0775687981639074,0.211982877210858,0.0722440665427657,0.036337321345864,0.00107093502183065,0.0574642608563815
"spot_948",0.236713842132575,0.0859810766885344,0.203328168389676,7.93938108587185e-15,0.252207513078048,0.0252180800472381,0.00578415049812677,0.140065127236613,0.0507020419291801
"spot_949",0.0795900497414023,0.220439219060293,7.76822979060968e-15,9.92171660451162e-10,0.316568485627799,0.0582898559697112,0.00272761300407513,0.102267392599164,0.220117383005376
"spot_950",1.82651675183703e-14,2.6235648112869e-14,0.47319031062258,0.0941938142464756,2.92227871553337e-15,0.340354654645295,4.6760994796704e-15,1.2470907045208e-15,0.0922612204855963
"spot_951",0.566660310920718,0.319714920977053,0.0462460897674659,3.18345327974675e-16,5.80013603553793e-16,1.63683307839229e-16,2.06321875361813e-12,0.0673786783326959,2.84737957631964e-15
"spot_952",1.45375117221711e-14,0.229281394043269,0.520429808250267,0.00429390484657522,0.00540045153871892,0.14210931279595,0.00137731952830506,0.0478697856039245,0.0492380233929756
"spot_953",0.0428910477509381,0.082479619849285,0.240231112858247,0.0390911784383198,0.256271816803204,3.4828942231272e-15,0.0719098754227827,0.267125348870134,7.08568273746635e-12
"spot_954",2.70033610692277e-14,0.618722843432967,0.0135477788293111,0.071104162731157,0.0157044224783962,0.0786461549849539,0.0909379967852977,0.0720881980942076,0.0392484426636828
"spot_955",0.335878417371873,0.328347438948525,0.0351703498267161,0.0225961336051183,2.08659458167637e-15,0.0609173877285529,0.105033849211062,3.79642723131687e-15,0.112056423308147
"spot_956",4.95679815469852e-15,0.509233429169924,6.16256314866412e-16,3.99521275754569e-15,0.00857138214020841,0.359078379832558,0.123069985490463,3.01634614742122e-16,4.68233668369339e-05
"spot_957",0.544456527589074,1.03234880548356e-15,1.10905024145186e-15,2.63039346635025e-15,0.198580403029513,0.134151245753177,1.54431684295909e-15,1.43972416417751e-12,0.122811823626789
"spot_958",0.498795498547252,0.122044357402602,0.0135637897348248,0.00173157238089576,0.205699190774447,0.0268192953427949,0.0176849347632958,0.10850053987794,0.00516082117594793
"spot_959",1.84119015731544e-14,0.448878357203899,2.38558253001667e-15,0.0146763166989767,0.179863550846297,0.0438682486811441,0.132384805997318,1.51919780021463e-15,0.180328720572343
"spot_960",1.41642473479852e-14,0.28586052408858,0.322903174832678,3.35742405537016e-16,0.187374882579939,0.107035772699178,0.00357299758398405,2.7751390204912e-15,0.0932526482156247
"spot_961",2.77991336499962e-14,0.49129563058289,0.142591964990296,0.0512366691137523,0.0167406756666768,0.0112608514425351,0.184489768962481,3.9796644830038e-15,0.102384439241337
