"","Endothelial","CAFs","PVL","Plasmablasts","T-cells","Myeloid","Cancer Epithelial","Normal Epithelial","B-cells"
"spot_1",0.00949322369921079,0.00444992715112547,0.00443597487226564,0.106317118658833,0.0351900260886446,0.00208999510356788,0.799484425847329,0.0353764603690778,0.00316284820994547
"spot_2",0.0120543054320127,0.32658778076603,0.0177525218508104,0.179978955709629,0.00870046679113454,0.00114301851657149,0.423530308981888,0.029685757152922,0.000566884799001846
"spot_3",0.0230721176817406,0.0640159083720837,0.0131496485089556,0.0744196668512789,0.0616462125293748,0.0142482641093362,0.662713519549715,0.0691770956056324,0.0175575667918834
"spot_4",0.0365809135419378,0.167822889821996,0.029796457714009,0.0991850855017224,0.0251040789881409,0.00208294904346255,0.505995696705721,0.129685625788677,0.00374630289433333
"spot_5",0.0515080658458806,0.125363994860728,0.0164403851528228,0.105479880292169,0.108158314645799,0.00768294251110863,0.503424544252923,0.0651194612439381,0.0168224111946312
"spot_6",0.047589985052518,0.104910577380831,0.0151712744737666,0.0737050383223021,0.136535275044808,0.0365291318282714,0.494610096053252,0.0478139925452605,0.0431346292989912
"spot_7",0.0469749764707153,0.184616316366631,0.0797143679766696,0.0814315683046807,0.109868349176978,0.00173277314266825,0.433451903936554,0.0591805392107265,0.0030292054143771
"spot_8",0.0679247241756215,0.226467983672884,0.0482900454859372,0.0505710813477386,0.10650051414247,0.00442014646762407,0.393378808855055,0.090207958106056,0.0122387377466135
"spot_9",0.00378042327316307,0.00434868297261857,0.0108567191228412,0.0426140933952478,0.259404661717718,0.0266836967222912,0.579889413687532,0.0490222642715164,0.0234000448370716
"spot_10",0.0562674976337935,0.251837190691121,0.0319120256595191,0.122379359003343,0.0234182399745724,0.000978964404504773,0.459847778998269,0.0519973295944536,0.00136161404042451
"spot_11",0.0688272066785609,0.165868732288952,0.0213381331902666,0.0803507895651367,0.0577826461140301,0.0209796349844252,0.488174617361109,0.092083700337314,0.00459453948020545
"spot_12",0.0166497478572289,0.248889819955887,0.0295026236279947,0.0434525860765157,0.0207281205617281,0.00574880261810506,0.561459609169847,0.0577066478626557,0.0158620422700377
"spot_13",0.0627396917637201,0.0864943281415139,0.0991007865803654,0.0824840685355375,0.0974449363493487,0.0682522594859395,0.414273226988504,0.0582795207306488,0.0309311814244223
"spot_14",0.0493241973718849,0.0946767095749003,0.0455973600445133,0.11558392434853,0.187905256282665,0.0426038481561032,0.327500842653715,0.121235866054672,0.015571995513017
"spot_15",0.0690369486435745,0.0841987879750704,0.0175968384936119,0.117698343881244,0.117717225920721,0.0260242256091048,0.425440599044879,0.0923314167748147,0.0499556136569802
"spot_16",0.0350865984424351,0.325418648959869,0.0229210477093503,0.115073733240894,0.0375552018388095,0.000572092874958462,0.329828251569748,0.133289098923283,0.000255326440652899
"spot_17",0.0176617304507022,0.115792147658839,0.0783038174607558,0.0495876877885505,0.0515820443231079,0.0691408864242866,0.475824539292303,0.109770153663797,0.0323369929376578
"spot_18",0.0134654021665955,0.149733497692452,0.0420698657733648,0.1065644174605,0.131248201628201,0.00229963544073706,0.422988269324956,0.105351134804136,0.0262795757090576
"spot_19",0.0335580748351809,0.00460732918965643,0.00130462678248513,0.115464251793797,0.00875678941263318,0.00360079395486111,0.705717861605264,0.11891798496681,0.00807228745931149
"spot_20",0.0504593392789466,0.326168495685062,0.047738060249471,0.0999348275749727,0.249483271400064,0.0310211652625721,0.0662026245838343,0.0985529399649286,0.0304392760001488
"spot_21",0.0217678381858692,0.0113694865507744,0.00242996631153395,0.0735672364817644,0.140707723234296,0.105602833068554,0.529869476026367,0.077168785389565,0.0375166547512769
"spot_22",0.0619554016440099,0.13945869096025,0.0401799847187612,0.021560612383979,0.168402082752187,0.0467569019911232,0.397518658608512,0.0894688125508866,0.034698854390291
"spot_23",0.0172893476547133,0.114628624181264,0.00235092278027122,0.0586609123779843,0.141956629575463,0.0598268592891523,0.507262321539482,0.0653624296489945,0.0326619529526756
"spot_24",0.252127999990973,0.254344586802274,0.0430798987116852,0.0404304413008354,0.0734835632645628,0.000458089741414865,0.306090675814734,0.0294728343852683,0.000511909988252265
"spot_25",0.00516386680583009,0.00127060320112654,0.00232936567326328,0.0900746510988906,0.286383214553931,0.00709331378744048,0.337306227378717,0.0320686023175678,0.238310155183232
"spot_26",0.0223654155151694,0.0791232328786042,0.0194757180424351,0.0737122154598999,0.0340650426500059,0.00160162660178716,0.748843126325471,0.0159729939141027,0.00484062861252468
"spot_27",0.0403628151091939,0.175770452196923,0.0139815195794998,0.0399504624992856,0.260531064484276,0.00233939552931217,0.389872141134074,0.0207896160036348,0.0564025334638003
"spot_28",0.0176035775602214,0.356405233406863,0.0163484495338746,0.0528732740762913,0.034983969089588,0.00541497627196186,0.334959600095474,0.0949371340502548,0.0864737859154714
"spot_29",0.00284482620669,0.00135314156452051,0.00414546988087978,0.0336530528689546,0.185237272211894,0.000674619832301701,0.737779021437015,0.029034770101159,0.00527782589658545
"spot_30",0.0269012890678502,0.172674126535995,0.021768348581352,0.128670029292206,0.158085748609587,0.0385392982121781,0.4123464926704,0.0267455615781491,0.0142691054522828
"spot_31",0.0189379587175853,0.324760633533131,0.0318329960219212,0.111257120995043,0.134920526719665,0.00161982105703249,0.247735647945191,0.123441803539746,0.00549349147068481
"spot_32",0.111908942075981,0.161072436851278,0.0255398869716232,0.116507488199553,0.157799221088183,0.00542448913366279,0.342092790011457,0.068059193061226,0.0115955526070349
"spot_33",0.0328753098493366,0.0768417000394393,0.0164116340350455,0.152237037106206,0.155202051561109,0.0485908516937093,0.422613692905011,0.078793600152016,0.0164341226581269
"spot_34",0.0341449429114169,0.230455176041096,0.0148005551625944,0.0601467749911568,0.235575161943216,0.0236226493608059,0.258313972041016,0.0536358830007549,0.089304884547944
"spot_35",0.037903210893473,0.10590615859529,0.021546805696402,0.0574964742117711,0.075677940173656,0.00432371273133557,0.567912755122912,0.0920217264759971,0.0372112160991633
"spot_36",0.0480127847428898,0.245034182162417,0.0254380437882967,0.0602863115381421,0.120635268748924,0.0767107331516355,0.335209720414918,0.0657546812943597,0.0229182741584159
"spot_37",0.0215249989934787,0.151442105146648,0.0120896748655595,0.0596621648867658,0.195018203752892,0.0715270363936278,0.369205984154564,0.0982336698970726,0.0212961619093917
"spot_38",0.0387377071816833,0.161725715597157,0.0312265365959898,0.0640334743284668,0.124374436191274,0.0354493808146664,0.473437203587551,0.0403710233971279,0.0306445223060832
"spot_39",0.0258867097631811,0.307629730762989,0.0865540608501392,0.0244637330233744,0.0226615861445535,0.000581251311392513,0.446674896994279,0.0853864954919828,0.000161535658108743
"spot_40",0.0809628424248332,0.146348593265326,0.0539366225172312,0.0870389898911798,0.0738715683652858,0.00225020083762439,0.449150604797517,0.106071030321173,0.000369547579829359
"spot_41",0.0368595077114017,0.064516660885787,0.0104605972439813,0.134203020471902,0.0685485088485965,0.0372142360828949,0.558052011904104,0.0725952997995903,0.0175501570517419
"spot_42",0.0616421833642096,0.0903380804762687,0.0284938219826127,0.0342040138887182,0.138262696489357,0.0603711914334833,0.476700511191366,0.0671019131856634,0.0428855879883216
"spot_43",0.0489654996442125,0.105527012211518,0.0115515312509755,0.101280184094118,0.163270945724203,0.0132654602157374,0.409057849872605,0.0716966317877994,0.0753848851988314
"spot_44",0.0366143393201592,0.257214422492652,0.0276927474311093,0.0689909028608252,0.200963370996861,0.0306778468411245,0.218261913319654,0.131784958249684,0.0277994984879304
"spot_45",0.0326087033497688,0.0975586578628357,0.00974553310659506,0.0647226994885813,0.031722502267595,0.00135051825788996,0.605883673241253,0.155802157115088,0.000605555310393619
"spot_46",0.074712654995621,0.273923458778768,0.0583444512496777,0.083936995332099,0.0561396309631294,0.00445349187439865,0.330102161992012,0.0904232348792705,0.0279639199350242
"spot_47",0.11444818300627,0.116770112741885,0.0156376027548285,0.0816020039763543,0.081716875476957,0.00203594523952238,0.463371394379819,0.0720696571441827,0.0523482252801814
"spot_48",0.0223407094531131,0.218928372799806,0.0254951375624511,0.0907796169974226,0.0921717610556622,0.000470759103104482,0.495645551697279,0.0505079120164435,0.00366017931471802
"spot_49",0.0249828061391123,0.0457923210312779,0.0205048293920466,0.0626431293437658,0.367314725679539,0.00349756358604553,0.402049622581079,0.0159609067131442,0.0572540955339901
"spot_50",0.00713361140326179,0.275857415466757,0.0519594429917903,0.0792258190113037,0.0430859099660401,0.00128682768997298,0.439693466557349,0.101428718247319,0.000328788666206567
"spot_51",0.0436957613005505,0.116945635434676,0.0439891452900273,0.0735174288722932,0.500828950321459,0.0258594904628337,0.0656343008790211,0.0762331717109005,0.0532961157282389
"spot_52",0.096509572827719,0.269302299798194,0.0321771613759605,0.0470157606742597,0.0283827307921543,0.000885075589709404,0.370976517327646,0.153710894882607,0.00103998673174985
"spot_53",0.022789232483856,0.184080645922518,0.0146192233635018,0.101130673414123,0.196465505613783,0.00558782742908477,0.310037828226805,0.131700899278078,0.0335881642682508
"spot_54",0.0264005211379035,0.0165617322163521,0.0167762203301831,0.0620372466182415,0.382717976577931,0.0790594495222267,0.249836385503904,0.0566236237361931,0.109986844357064
"spot_55",0.00429971729042791,0.0118048274558743,0.0086292144556619,0.0241061912169885,0.737878226826938,0.0962705535325723,0.0243655442677209,0.0517987672163384,0.0408469577374782
"spot_56",0.00221916054141204,0.00314995071443167,0.000782307798139681,0.0297759326614757,0.00871407348005586,0.00110596491050573,0.821228318074478,0.13197571716698,0.0010485746525217
"spot_57",0.0670201634785628,0.278350514007508,0.0743562024276306,0.0377176750983806,0.107984892511671,0.0016213364350127,0.334812366211683,0.0949036395156818,0.00323321031387048
"spot_58",0.0234585397307039,0.16698666287275,0.0183675953959793,0.0758835094635175,0.102140116014525,0.0394619786298372,0.420421189566927,0.108330593955607,0.0449498143701529
"spot_59",0.121021096918703,0.189957037251401,0.102176737250158,0.0816370694347491,0.0525779463166776,0.00105070365533895,0.41078879451013,0.0396842530169708,0.00110636164587233
"spot_60",0.0185265114698244,0.0823868951303702,0.00581545100391527,0.0421570683101592,0.0209845029124188,0.00278261944050576,0.74190858178406,0.0838632525030751,0.00157511744567145
"spot_61",0.0127310977151102,0.0891851216120488,0.0145487457038014,0.0423709449292587,0.260681283909928,0.00111370222962835,0.48202614733282,0.0521352151742853,0.0452077413931185
"spot_62",0.0463426862947418,0.113325316801971,0.0776989349359293,0.0652121626910845,0.0256558360064572,0.000175283196700916,0.526230559508139,0.145067520221739,0.000291700343238224
"spot_63",0.0106923294973833,0.00278624835434296,0.001471815376406,0.0548018464055854,0.178428466244151,0.00379756996165312,0.608983367782912,0.0619048487665075,0.0771335076110585
"spot_64",0.0156832120260636,0.0417977089183921,0.00341504835484667,0.0761634000994592,0.18547453020732,0.0187980879102156,0.534040455349889,0.0796671914442606,0.0449603656895525
"spot_65",0.035220875088761,0.177186001128648,0.0428437201661789,0.0921317925035596,0.148121994639986,0.0226869590098599,0.381296707711057,0.0805133700794987,0.0199985796724512
"spot_66",0.0466274849691287,0.211389626041424,0.0532007537403858,0.0628458722165297,0.123775407815262,0.0220141367883398,0.42305064011595,0.0459158055244109,0.0111802727885691
"spot_67",0.101657730705353,0.294661754081461,0.0797039044823683,0.141031988604851,0.169038634100085,0.0238728824428055,0.0246916396585258,0.152295393936934,0.0130460719876166
"spot_68",0.147683216348457,0.509438072675109,0.117721872345221,0.00438159315607461,0.0346068927004663,1.74804856452614e-05,0.0775060534012434,0.108630861559171,1.39573286115112e-05
"spot_69",9.94655014814315e-05,1.40344475174105e-05,0.000179938199026135,0.0044270807851471,0.00317784321732952,2.99789441677672e-05,0.899386106501041,0.0919335641099223,0.000751988294367356
"spot_70",0.0670083678563246,0.158304666085335,0.0376816005075796,0.0702108364353339,0.274150242129845,0.0276672524734551,0.239324452942843,0.105311611162865,0.0203409704064172
"spot_71",0.0244787615944357,0.237347811166546,0.017629489829791,0.0938742940404555,0.045662383901539,0.00107957296269891,0.447555026781814,0.131910546928289,0.000462112794430387
"spot_72",0.0236170640426939,0.067721717326458,0.00442375409903517,0.0501234412184512,0.0550031584108437,0.0221275556621174,0.669032249877826,0.0972636926114724,0.0106873667511024
"spot_73",0.0356334640369747,0.180237267199878,0.0388930839355523,0.114476685041361,0.368397373585066,0.0290482109179473,0.0663598681550609,0.0529376070006427,0.114016440127517
"spot_74",0.019357279856863,0.109078689250557,0.0187871343945863,0.0583470578606237,0.0289058744129474,0.000632584950789629,0.686341289963318,0.0778229420111276,0.00072714729918746
"spot_75",0.0364182950749116,0.110492951384517,0.0304168808487239,0.0373083384228261,0.0988626343187773,0.0161405607071711,0.554613463163193,0.0709220670222207,0.0448248090576592
"spot_76",0.0085166783433462,0.0613955634056737,0.01196224897452,0.0791402912305949,0.0236109148482747,0.00141281748337805,0.741530474137675,0.071318118725411,0.001112892851126
"spot_77",0.0819870106149574,0.00399183926275851,0.00697258920131502,0.0698600828264157,0.0368790942722744,0.00156937598145192,0.773355901606363,0.021546462322869,0.00383764391159488
"spot_78",0.0368192285665578,0.136620517512574,0.0103029093822044,0.0371986441987523,0.173181344761848,0.238489829817394,0.262787243960684,0.0777075939245313,0.0268926878754545
"spot_79",0.118263251290283,0.40920489398343,0.0356255417456841,0.0389830668059886,0.152203364522207,0.054067568949311,0.0404889918257754,0.0890409899446891,0.0621223309326312
"spot_80",0.0487600058712018,0.114391259440651,0.0255529209625004,0.0975904208760556,0.0919559872209686,0.00875932082081982,0.51285791279195,0.0571485811202893,0.0429835908955632
"spot_81",0.0360522292444151,0.256074437640971,0.0212089028389309,0.0967552686387956,0.193441851984814,0.0908668116682678,0.100795207690457,0.192969005254055,0.0118362850392935
"spot_82",0.0309014925751075,0.00328842770392988,0.00395239922850479,0.0658814862150263,0.394718774508644,0.0751107394047263,0.325386278669141,0.0225129939494053,0.0782474077455149
"spot_83",0.0209983776311178,0.00309634413193404,0.00301474310367106,0.0521796232239298,0.165797994213431,0.000641241261792436,0.687726977016727,0.0580639802581326,0.00848071915926457
"spot_84",0.0454136880461082,0.101933109208335,0.0122621695620097,0.0176261070991016,0.0251102677597275,0.00560297648729308,0.605461915796716,0.103842718722905,0.0827470473178032
"spot_85",0.0273352587788039,0.0558856020911141,0.0125060279433143,0.0859796075698615,0.125465321935674,0.0219608280059767,0.562666236012526,0.0871055013366752,0.0210956163260551
"spot_86",0.0493394752399117,0.103213010086228,0.0258906570576883,0.0490583355760858,0.286528764757369,0.000691101086810726,0.448778981065777,0.0199906447259018,0.0165090304042277
"spot_87",0.0522136702794277,0.148890902713257,0.013411145890441,0.136649940112217,0.183405288497618,0.0250978044933095,0.299730156051777,0.0443660968659962,0.0962349950959577
"spot_88",0.0482215646127987,0.220549557411259,0.0531910986135498,0.0705236600010245,0.126313243407014,0.000208633412432131,0.39095695240664,0.0868187242565437,0.00321656587873774
"spot_89",0.0245243598709589,0.134622644575381,0.0356046046894328,0.0374197730609438,0.123979528081503,0.100021959579963,0.400137380801199,0.119199067624263,0.024490681716356
"spot_90",0.00976371685364264,0.00343292476084756,0.00204948440778128,0.0586156448221807,0.214532939963471,0.00118757127664934,0.613683604273259,0.0890349593504853,0.00769915429168327
"spot_91",0.0633163259492756,0.100924274490585,0.0330060305791236,0.0360781782500267,0.24864780543862,0.00619950434902324,0.466355121957694,0.0180202044758117,0.0274525545098409
"spot_92",0.0148264943756838,0.00284870713848258,0.0027921934602835,0.0759017973149951,0.0224389581146521,0.00372530859685547,0.779824014615601,0.0942246745437678,0.00341785183967802
"spot_93",0.0399701986254013,0.125281070862906,0.0202253976969554,0.0944505933384464,0.0671310942169848,0.0319128788611231,0.554662431643231,0.0270699689601815,0.0392963657947709
"spot_94",0.0474977863178234,0.191694974702629,0.0130708367631963,0.0865256762393923,0.0751676732609951,0.00841691999159812,0.468280923959755,0.0597018862350453,0.0496433225295659
"spot_95",0.0353924623062436,0.245371404235731,0.0356549759549964,0.0585282375929051,0.0956769686158711,0.0614051089216578,0.335588001395514,0.121087342868869,0.0112954981082124
"spot_96",0.0523295888980732,0.184356638811543,0.0329353068304139,0.0319018227479301,0.167351448174673,0.000123760117182558,0.492023233443695,0.0361338391425999,0.00284436183388929
"spot_97",0.0596987045544595,0.259082340669566,0.117913161642138,0.0866541829288879,0.0284187179888137,0.00042724000348555,0.320711603992759,0.126839085942839,0.000254962277051493
"spot_98",0.0559362801287002,0.223278031711484,0.0303919407900002,0.0223015590458134,0.262737203516403,0.00594094631209713,0.349792331165095,0.0370150699340154,0.0126066373963919
"spot_99",0.0250120902113164,0.205346865000523,0.0448144470430066,0.049413656838743,0.0143611874663124,0.000284716074362351,0.53285384146512,0.127837384976968,7.5810923648021e-05
"spot_100",0.0489635252876242,0.170442112624624,0.0771963586897596,0.100884447316174,0.00918940498822632,0.000465939057834092,0.564925369099493,0.0222415557957127,0.00569128714055296
"spot_101",0.0553354862904492,0.283661228921255,0.0239326468241389,0.0200626089079566,0.0379537991247667,0.00321182616308018,0.405479247614701,0.166813490433781,0.00354966571987125
"spot_102",0.0682998934152309,0.398025284649208,0.0908743363235068,0.0292980176513707,0.0184839602344671,0.000458168443691057,0.208454377278734,0.185667109777112,0.000438852226680134
"spot_103",0.140783879945919,0.125800512534311,0.016233528375249,0.0283777654305052,0.0185664806156052,0.020960560702984,0.591704022476164,0.0418951116405613,0.0156781382787002
"spot_104",0.0289462037763932,0.168616437655673,0.0311671846088639,0.0532578285204821,0.035002516117379,0.000564116149628983,0.59878820287624,0.0823112393941137,0.00134627090122592
"spot_105",0.0200568878858463,0.10735946570876,0.0131325821701855,0.0481843240138413,0.111328087253015,0.0402063819558288,0.529725064314699,0.0761239090812495,0.0538832976165743
"spot_106",0.0116589362963612,0.107093539556917,0.0361341039262258,0.0899034608964395,0.0208924810727268,0.00323478400882908,0.618197512376111,0.112560545759025,0.000324636107365275
"spot_107",0.0405006652242175,0.452723566978368,0.0480432777803771,0.0501183408676924,0.156377525021336,0.0676036335951455,0.07171271556076,0.0729542992883307,0.0399659756837728
"spot_108",0.00936126167533365,0.142250460276095,0.0122449718300885,0.0654728038866443,0.135158321321769,0.00162852447277815,0.528607559931298,0.0991473355892861,0.00612876101670691
"spot_109",0.0241183681871429,0.00578492126384538,0.00702355184063377,0.0722708584708552,0.0455306487041921,0.00455659535146571,0.803110355847774,0.0195647046713193,0.0180399956627718
"spot_110",0.0487941325653512,0.104085868953444,0.0271425600920776,0.0922127934226445,0.123481116497384,0.0484247961188466,0.467389372264153,0.0807270324284502,0.00774232765764992
"spot_111",0.0279669418270796,0.00736129025157109,0.00178833081057713,0.114904271398094,0.095504376999335,0.0267486950064076,0.641671689961689,0.0556616346747302,0.0283927690705162
"spot_112",0.0211503767772631,0.00503778738554529,0.00618231036959408,0.0265366041245852,0.0488007685461781,0.0011568411751378,0.779335387716931,0.103077341258157,0.00872258264660848
"spot_113",0.0954787872582162,0.132084625800344,0.0356664048280655,0.0236409958554942,0.179848299914926,0.0250485182344366,0.332649529921644,0.0501593686336798,0.125423469553194
"spot_114",0.0527699042488972,0.00455481787295941,0.00685344053189363,0.0545917980856089,0.242357825135473,0.0109221800198215,0.528455722818839,0.0633040201896314,0.0361902910968755
"spot_115",0.0507437153921567,0.170938314110294,0.0507711497526244,0.0363811609545439,0.0721485928288775,0.0421814333197545,0.537322381997322,0.0170624820839715,0.0224507695604552
"spot_116",0.0711810575027464,0.0997446991098972,0.0709273406238616,0.1311447911022,0.403375448087229,0.0524768150982635,0.0543951435819641,0.085203104917625,0.0315515999762127
"spot_117",0.0164016749604303,0.0055324411094557,0.00202688117161049,0.106884664823152,0.158454532934499,0.0553749067498597,0.503450356212378,0.0655272972221106,0.0863472448165043
"spot_118",0.0985690987223704,0.258362420149569,0.0548354667092905,0.0717974540789762,0.0521927176999653,0.0396630409781204,0.311421722422004,0.0926041044461822,0.0205539747935218
"spot_119",0.0514724960833734,0.633065334620144,0.0191991167215578,0.00748382791875,0.0785183250182462,0.000569445192104603,0.0310603749831605,0.174553790209873,0.00407728925279073
"spot_120",0.0636046302330016,0.283500684185683,0.115555294476766,0.141650481550817,0.150279945389065,0.0252933302400675,0.142006325801955,0.0717098070616381,0.00639950106100709
"spot_121",0.0585970200097051,0.179117761623713,0.0438937854641316,0.0686569721695581,0.105718091980455,0.0351283616985853,0.39454279276632,0.0652958351427857,0.0490493791447459
"spot_122",0.0377983166919507,0.344366678935592,0.0641650659937937,0.0516216580638301,0.0175970131619746,0.000837538353509325,0.373020345532437,0.110475527345521,0.00011785592139152
"spot_123",0.0136466785795736,0.175345640995017,0.0326242059590946,0.0745849125807427,0.248712489461685,0.0019681153585067,0.360065382740526,0.0775363973747345,0.0155161769501196
"spot_124",0.0547810861502114,0.171798189938378,0.0495385808914151,0.0530047452150103,0.107356635464323,0.049316708721009,0.386240374957202,0.0839722145516006,0.0439914641108499
"spot_125",0.0224905359920357,0.130094004067952,0.0437358147768359,0.0959014738108448,0.119337272618477,0.000959346326354667,0.495090907010612,0.0893196924846146,0.00307095291227339
"spot_126",0.037282255516542,0.00136121692996439,0.000945267876906638,0.0792774114005249,0.0880639579719798,0.00387986591901093,0.688320347589127,0.0372567158328687,0.0636129609630756
"spot_127",0.0422645751312466,0.182818851872132,0.0491199459477815,0.0959488937007019,0.0800686592800274,0.0093232046057082,0.426887372520561,0.108951713168913,0.00461678377292911
"spot_128",0.0470675443295123,0.0884963504605145,0.0161355723213167,0.0525966491485664,0.156385198440319,0.0360598700574306,0.41685633461145,0.0771911472569003,0.10921133337399
"spot_129",0.00522275177782364,0.129709064752722,0.011884449232759,0.0579880792731937,0.170970064773297,0.000185829903562743,0.564165115083203,0.0550921871433195,0.00478245806011913
"spot_130",0.0533355297082789,0.244328673755166,0.155637031340898,0.10580437379571,0.288256456971467,0.00172384734809183,0.0798601683343244,0.0542280112668357,0.0168259074792294
"spot_131",0.0554533651298917,0.272496785848612,0.0193344892205161,0.109272479471248,0.119978548030077,0.0201581663178107,0.306005364651936,0.0578751962050624,0.0394256051248458
"spot_132",0.0147735820409155,0.00438922845098144,0.0345258142627516,0.0198851667585584,0.0895784643331571,0.0569050475306253,0.701658266038232,0.000857368974744353,0.0774270616100347
"spot_133",0.0158241032371002,0.18984672537897,0.0538859331260128,0.20715837451533,0.0905048685883303,0.000195717105923759,0.358573530566352,0.0839378655612563,7.28819207245131e-05
"spot_134",0.0359898188588024,0.0992068024195183,0.0286634018200528,0.131438252992184,0.114248012897041,0.00346960550128533,0.464753203978797,0.0475640577001998,0.0746668438321189
"spot_135",0.0436891838116255,0.00411400655228037,0.00277852012901729,0.0982174030989718,0.0451353101995186,0.00685241120608497,0.692540839029999,0.0424147312176597,0.0642575947548429
"spot_136",0.0565777914408771,0.199463197126951,0.0634587262160646,0.0641494376883878,0.290684253839805,0.0275516855394329,0.187751235892333,0.0710582695031653,0.0393054027529839
"spot_137",0.0448196622534987,0.125667084141307,0.0484024852825725,0.0304073509243456,0.0208841647421956,0.000224258902504151,0.644057988239453,0.0854193229348772,0.000117682579245828
"spot_138",0.0193835294071795,0.0398355066541139,0.0186884711804179,0.0912220469888957,0.0489337096743594,0.00159166624440463,0.709594399213553,0.0690626780173453,0.00168799261973059
"spot_139",0.0294371207691485,0.00285159072612561,0.00120467306888719,0.0877743441765841,0.176284326690401,0.0021018985762935,0.603016578832082,0.0341060770827557,0.0632233900777225
"spot_140",0.0260085767479893,0.149258998672988,0.0394403142686597,0.0828461073681764,0.29241666724535,0.0025937843990739,0.377976768688535,0.0201335351450011,0.00932524746422601
"spot_141",0.0174158698410768,0.258374055446275,0.0966710012397645,0.118443650152721,0.305539772707472,0.000496014525597779,0.169204041158194,0.0280041213054644,0.00585147362343437
"spot_142",0.038838711822118,0.121371478973133,0.0274559017343925,0.06512935881415,0.133523999707337,0.0133078843766175,0.528362620058844,0.0428751963003945,0.0291348482130128
"spot_143",0.037523512467416,0.202045918361044,0.0486620779393666,0.0411917003564528,0.142139757361201,0.00757728619673797,0.367592343412365,0.0419209467678837,0.111346457137533
"spot_144",0.0356049248259286,0.115907960366185,0.0239048021242102,0.0761445713284464,0.0535630584912755,0.0225860707010324,0.629063019868497,0.0410473733966224,0.00217821889780215
"spot_145",0.0622794607818851,0.285447741564197,0.0397051264112765,0.0588399255924102,0.215155749300666,0.0737569391597104,0.0748788764323102,0.072035985846246,0.117900194911299
"spot_146",0.00909620951061475,0.112014947001161,0.0152890320357549,0.0785926247200756,0.135696738827819,0.00233633270465136,0.574152768849604,0.058892728938017,0.0139286174123034
"spot_147",0.0233975310105017,0.00928665555046018,0.000787421507730658,0.129336805425267,0.0826588867863499,0.044017702359167,0.65401616272439,0.0204258249510083,0.0360730096851252
"spot_148",0.0541208617603728,0.0685978590095513,0.021554846069478,0.0303458611467094,0.06243500934967,0.00785644177003899,0.644474340752517,0.0775149767036623,0.0330998034380006
"spot_149",0.0220123194057864,0.301363642878992,0.061761265995121,0.0564987828455762,0.0161683111483909,0.00103368263060483,0.392286119138128,0.148477248211881,0.000398627745519843
"spot_150",0.0329650326244192,0.0931268146667797,0.00884099352739594,0.0682499560534319,0.0430179983892947,0.000509859683507554,0.706841208245439,0.0455391672630338,0.000908969546698002
"spot_151",0.0275170581412286,0.0158104578212078,0.00304696487215899,0.0763517945454096,0.110510395132686,0.0713838235357608,0.56851100240516,0.11499808640344,0.0118704171429488
"spot_152",0.0672689983481769,0.156116091615638,0.0059874209598851,0.049040477221491,0.118683466132398,0.00190985711932641,0.536859380849214,0.0524132668329206,0.0117210409209501
"spot_153",0.030681509513713,0.144834751685632,0.0209981040183205,0.103323502630416,0.0462066485099281,0.00707078954837503,0.51669581920031,0.105247954466754,0.0249409204265513
"spot_154",0.0661052306879026,0.302812565539834,0.0376703711454572,0.0386497193107694,0.0707196097266317,0.00564712646402794,0.357324728222776,0.0991814369681878,0.021889211934414
"spot_155",0.0334199567808419,0.221760236898512,0.0179618383186681,0.0760029848782407,0.186435131407846,0.00578228763901528,0.37688258273827,0.0652159980911515,0.0165389832474541
"spot_156",0.0456623760294217,0.192336207753589,0.0901479783706865,0.167340493501798,0.0663433721006757,0.00220030777802665,0.315762857473906,0.119981694900044,0.000224712091852752
"spot_157",0.053742337030167,0.226756262949762,0.0628951994845009,0.0481549616875111,0.0844881387590861,0.133029501345429,0.236668766405199,0.123769622718516,0.0304952096198291
"spot_158",0.0596486334216895,0.121017889286143,0.0259974180201072,0.0632767717458179,0.130128905402688,0.0156636297440865,0.44272335425868,0.123952883586526,0.0175905145342633
"spot_159",0.0932014644806782,0.368899131556621,0.055223295772522,0.037547991058194,0.275466181459569,0.0112553838351838,0.0426878332400636,0.0828030150526702,0.0329157035444981
"spot_160",0.00185380759408091,0.204454866648612,0.0661260232199606,0.0555859844817841,0.561121784144245,0.000104275511178686,0.0499519144018662,0.0581193764455187,0.00268196755275392
"spot_161",0.0264149479042807,0.0697427375122705,0.0113967110644414,0.0854500760591715,0.412090666496199,0.0049859844850039,0.28813405714382,0.0727072396623776,0.0290775796724356
"spot_162",0.0102759406693535,0.00330118991920617,0.00688289585417007,0.119394480799479,0.395654829211616,0.00704175800542487,0.308784308378051,0.0287874965348069,0.119877100627893
"spot_163",0.0530511006378102,0.125095910500081,0.022817155148476,0.10435873107843,0.0326367750572962,0.00100371146924319,0.567951474986405,0.0922233299527195,0.000861811169538663
"spot_164",0.0555624144353098,0.170988449464719,0.0579236034033838,0.0893012103460896,0.0282790900065359,0.00232468221134869,0.468973664047656,0.125409647606856,0.00123723847810054
"spot_165",0.0247627465676338,0.219534435801949,0.0280769008394573,0.0300386371898522,0.0381037091517866,0.0268120437043234,0.469575030771419,0.102633203807283,0.0604632921662963
"spot_166",0.0180575566870112,0.340535296800504,0.0350447752405184,0.100205195405777,0.0916694083117381,0.0414895942628384,0.23004073959471,0.125427038180812,0.0175303955160908
"spot_167",0.0190733998152479,0.299927578119189,0.0267190735393078,0.0534634422650949,0.0629842697462923,0.00454350148634781,0.40945571165787,0.121546145290768,0.00228687807988265
"spot_168",0.0123872212168137,0.245185739049852,0.0497883635849775,0.0277058202918324,0.0274960013076373,3.97023831007003e-06,0.539067384769145,0.0981587531086224,0.000206746432809181
"spot_169",0.0223176557142742,0.00575180454190735,0.00452120581649322,0.0762514434340092,0.145332840778192,0.0495973795283208,0.632667109483712,0.0322136955358801,0.0313468651672114
"spot_170",0.0619928312470984,0.393831287066262,0.0772460044251469,0.058961310939859,0.0294871297432038,0.000599972002383246,0.213259564486496,0.164002336980082,0.000619563109468321
"spot_171",0.0425120594314977,0.0684728770114253,0.00381375290887474,0.0485821444909354,0.165612659286214,0.00353391011917592,0.504427137860616,0.155988009265108,0.00705744962615288
"spot_172",0.0411197539109627,0.133488467965656,0.0329411297406495,0.130208593850993,0.302145816177092,0.0504614184122509,0.201167218960623,0.0128987819182602,0.0955688190635113
"spot_173",0.0343099024157209,0.249192969672274,0.0741939983145565,0.0912133707642894,0.0832273237069121,0.0077288651297394,0.30726576711892,0.129793884706518,0.0230739181710692
"spot_174",0.0533657821824238,0.164559849238097,0.0738660357223227,0.0851395320605877,0.174904403708561,4.85132075325466e-05,0.332001278820007,0.115953926072537,0.000160678987931645
"spot_175",0.0283245115028109,0.0481690622208529,0.0284280966273228,0.152488586200728,0.114708295664906,0.0695743838113696,0.461888121177381,0.0379265711094155,0.0584923716852131
"spot_176",0.0684745817741231,0.109056065979042,0.0170347090783557,0.0685713577498928,0.0360646116509712,0.00694308317589715,0.575831194249839,0.103201120501601,0.0148232758402789
"spot_177",0.0486339121947006,0.298159381873567,0.0540726851998916,0.0887260938672742,0.0547106527384394,0.00302565889354636,0.373616123667676,0.0681489650798963,0.0109065264850083
"spot_178",0.00865205441492648,0.00603421506489724,0.00513095977299215,0.0394965160317099,0.0303517395620894,0.0412891470957069,0.781182783568648,0.0727061715163132,0.0151564129727163
"spot_179",0.0089046541075296,0.00811665707850834,0.00188839634212224,0.0630317809606896,0.113100282926596,0.0848874446445845,0.605943186175389,0.0947186228542165,0.0194089749103641
"spot_180",0.0258442431412408,0.00536049258413299,0.00429861797213547,0.0787222975986234,0.173524734542226,0.00422200287630345,0.614320957424872,0.0324731520591387,0.0612335018013274
"spot_181",0.0506267768275509,0.333388552188416,0.0473523994391811,0.0643465614282497,0.133624367428489,0.0120831731747283,0.243059696198554,0.0656663374826851,0.049852135832146
"spot_182",0.0227062171067519,0.0780611652867366,0.0268586550191125,0.103525985074094,0.271168981925909,0.0553563487540957,0.369377661360467,0.0399088354823542,0.0330361499904795
"spot_183",0.069030075895117,0.0768006713915292,0.029057551420368,0.109177761105262,0.161840143175873,0.00426692385154437,0.472986283439996,0.0598959575199928,0.0169446322003169
"spot_184",0.0343869183113989,0.00645899803959347,0.00581356719261525,0.146872664307979,0.302653026009901,0.0135648781490183,0.319101231649936,0.0597254249264896,0.111423291413069
"spot_185",0.00428880188422419,0.00125293137558341,0.00321832457982195,0.0572125846412034,0.154872525402411,0.00431286472579462,0.569891951492139,0.0486214075035213,0.156328608395302
"spot_186",0.0455379831892115,0.0957759865174423,0.0282297153733666,0.11986675630514,0.0320423898394371,0.00245222903507288,0.547709000471708,0.127857012935993,0.000528926332628912
"spot_187",0.026448800398482,0.00154259730669237,0.00404616110100779,0.0630139143383744,0.458558386620358,0.0299174119999204,0.226136018925728,0.0178843215301135,0.172452387779324
"spot_188",0.0526889912269031,0.23634905839141,0.0286442794627142,0.0456108863709077,0.0441371500434829,0.0174011558376171,0.483040031023473,0.0765492560643074,0.0155791915791849
"spot_189",0.10266445564102,0.0759387946015679,0.0208409211988678,0.0697351143559901,0.129680100139805,0.0192543221434521,0.482267409267518,0.0765229328370866,0.0230959498146933
"spot_190",0.0346992542338824,0.0819141967285523,0.0307295838859559,0.0997385370884043,0.0171696531024718,0.00320146313787149,0.677846674082083,0.0490812957018981,0.00561934203888068
"spot_191",0.0386138652954107,0.145297650044004,0.0271368184287762,0.0257848438973702,0.0470943565464162,0.0008926768151053,0.596981933688816,0.116414740328341,0.00178311495576092
"spot_192",0.0520457276839737,0.1451904738646,0.0182158074495669,0.0983063352173947,0.012822954878069,0.00213111400577949,0.59401121851776,0.0750997492298719,0.00217661915298417
"spot_193",0.0312475675195497,0.0896883720736642,0.019629521299798,0.0777354012985701,0.142361577573899,0.0151688205630356,0.532762138242834,0.0637761882259945,0.0276304132026545
"spot_194",0.0877117127770295,0.11780104452515,0.0185547903085374,0.0956268326099176,0.206085325970918,0.00828809743710608,0.411964925815565,0.0431557813984614,0.010811489157315
"spot_195",0.0282303691556612,0.299573489515449,0.0112003983266054,0.0621889959262834,0.0426657023884335,0.00139626788378237,0.493659394638817,0.0591539343180351,0.00193144784693269
"spot_196",0.0251802754605663,0.27356062620118,0.144736402253242,0.107233114022663,0.0418219037696854,0.00234740665639946,0.253606992286084,0.151235058041497,0.000278221308681597
"spot_197",0.0237754030574613,0.135881398921901,0.0502935697270127,0.118739527526829,0.190260770779747,0.00597510348750352,0.42290374905893,0.0415796014083912,0.0105908760322246
"spot_198",0.00344897430299272,0.00163869880874203,0.0102933058737966,0.000871872301143831,0.00156001278789308,0.000240915571681503,0.912644584234311,0.0692676056347412,3.4030484697463e-05
"spot_199",0.0391752073246801,0.140679029364327,0.0278735780816686,0.0392157107544184,0.168556391430659,0.000320906129843051,0.490667535199131,0.0845182488335687,0.00899339288170415
"spot_200",0.0153559579846182,0.0846372247943094,0.00729154746360544,0.0983782815760381,0.290118176970545,0.00430383673687542,0.413133683598383,0.0348543336656124,0.0519269572100126
"spot_201",0.0438468475222397,0.0591151999220955,0.0196039064808579,0.0609177564766126,0.077741875911727,0.0204539518809092,0.605836716341665,0.035617614678276,0.0768661307856165
"spot_202",0.00424945694662057,0.00405057686520478,0.00618912806628491,0.0990125748726682,0.1252248563217,0.00128467355712502,0.718556049691584,0.0369182100387856,0.00451447364002753
"spot_203",0.00479886074010096,0.0025304558254774,0.00316456201421742,0.119224987691973,0.0187273127204808,0.00705612958478857,0.815040126897971,0.0283589180569651,0.00109864646802597
"spot_204",6.28793101950253e-05,0.00460669996576117,0.000912562214903532,0.00387904719369938,0.0068914920230182,0.018696038299588,0.926055384617857,0.0387621292102715,0.000133767164705898
"spot_205",0.0372862271331737,0.177524127250221,0.012597901768823,0.0888457919889526,0.105591821974885,0.0139855987133089,0.447314626596653,0.0629471804566387,0.0539067241173435
"spot_206",0.0402929626043369,0.00353336948738776,0.00407575776041461,0.0261868302735863,0.244774066581521,0.0471192912064704,0.49708132432922,0.0156257602504687,0.121310637506595
"spot_207",0.0609578933979651,0.123962573029967,0.0122506843268564,0.106959375629826,0.33563914322453,0.00258338933775681,0.238371223162893,0.055191246703987,0.0640844711862181
"spot_208",0.0250536783032504,0.278723705059314,0.0508037001884786,0.041586293404578,0.247543743133743,0.000596870360350937,0.232360972537718,0.118620145064981,0.00471089194758664
"spot_209",0.00838971747507013,0.18316522088988,0.0374354458980584,0.00790300205087036,0.00480070423404568,0.000180893990872776,0.648478952330479,0.109136845754158,0.000509217376565551
"spot_210",0.0362126463160341,0.224436166095166,0.0301780463911133,0.0707241228273083,0.151422895567242,0.0258753067519632,0.294955286391539,0.14343342241686,0.0227621072427744
"spot_211",0.00407306985588777,0.203537230366057,0.0158088124340875,0.0527345088178844,0.202971022398856,0.00607722931960566,0.280954625548802,0.0833080109101643,0.150535490348656
"spot_212",0.0328134740079273,0.21224562691391,0.0394500694946312,0.0864069205779151,0.0319562855128012,0.00310822203041361,0.521280713516127,0.0706293140679931,0.00210937387828141
"spot_213",0.00913268273384578,0.177410226743834,0.0277191769631944,0.0621497004907841,0.0231182599808749,0.00157679062963105,0.630698328075014,0.0653642414489388,0.00283059293388317
"spot_214",0.0537383957303488,0.178260063815744,0.0713012707400048,0.069279509911553,0.295984275064747,0.00466709847656006,0.251180857865528,0.027806358022167,0.0477821703733473
"spot_215",0.00279699682178301,0.00158966796299427,0.00328390427982334,0.0834835005417374,0.258366651783371,0.0127285479038686,0.396527622669537,0.0235213265529173,0.217701781483968
"spot_216",0.00509908236225735,0.00175954564906446,0.00165469709415318,0.0300855631554407,0.135731770753003,0.00754592362721387,0.667672583224991,0.0130545639143753,0.137396270219502
"spot_217",0.0216001283727121,0.00254381461731104,0.00106485082323266,0.04849080373466,0.287395543232605,0.0429169552930742,0.433329507568894,0.0600103637655515,0.102648032591959
"spot_218",0.000466188861220633,0.000241422892331645,0.00381001656550408,0.00489376855353222,0.0031078651049773,7.19708268147425e-08,0.947613403687721,0.0398332989968219,3.39633670646304e-05
"spot_219",0.00974945179585109,0.000447441527625345,0.00107829386669723,0.0584924773137072,0.304136651498798,0.000655991193327583,0.525477345809037,0.0564237508747252,0.0435385961202317
"spot_220",0.0441366335488452,0.334864051089221,0.0531941428935346,0.0564660452639809,0.0281869815403386,0.000479145239919167,0.365243032254465,0.11659113050078,0.000838837668916209
"spot_221",0.0341888076755685,0.00856799051822725,0.00562386850898776,0.0994132586048041,0.0338002781548529,0.0600295251575109,0.72412023616053,0.0216977691116904,0.0125582661078281
"spot_222",0.0119193832900148,0.324468287451441,0.0281132671635573,0.083145832140732,0.00958532782233459,0.000135704398275327,0.432100153553435,0.110493231087257,3.88130929540173e-05
"spot_223",0.0263473086533296,0.137692252086793,0.0186931053534918,0.0766379206092117,0.367627949497862,0.0519350030341863,0.161682285900046,0.0358671512830325,0.123517023582048
"spot_224",0.0683079334263024,0.142729064414263,0.0608031036087604,0.0782749671642685,0.0310689116458456,0.000937303682489996,0.495053130778515,0.122536804281321,0.00028878099823353
"spot_225",0.0162983674565643,0.00551607238844709,0.00310152686026155,0.0642803544870863,0.0891894010368966,0.00402727117111807,0.713800658586847,0.0520629635331044,0.051723384479675
"spot_226",0.0425982978253271,0.299879560053942,0.0304621397905737,0.0620267772474219,0.161513929017666,0.000891688213461431,0.296634630187054,0.103782989196497,0.00220998846805826
"spot_227",0.0130150978344995,0.146147516174537,0.00683795461378278,0.064320565383645,0.100569562682583,0.00318222994494472,0.509135121220027,0.0759001229132827,0.0808918292326987
"spot_228",0.0610138148436689,0.28463450079125,0.0292298129581498,0.126375096588611,0.170688976509522,0.000413344044702452,0.207764193630889,0.119202503764908,0.000677756868299481
"spot_229",0.0497966223518757,0.184960034890041,0.0191873220006927,0.0608341960734213,0.173362246674314,0.000974709923730302,0.405500993104176,0.0954751916775409,0.00990868330420802
"spot_230",0.050082335843595,0.155822010452265,0.0352028608175115,0.0457556130063233,0.295809035636164,0.0338842840349035,0.229072248727238,0.0387842018710878,0.115587409610912
"spot_231",0.0275661789722472,0.0277698814809457,0.0249526051325604,0.0988790193424225,0.210323233263668,0.00437540434061913,0.566151558698768,0.0224747984883059,0.0175073202804635
"spot_232",0.0614420091226401,0.352064279558475,0.0383707439695351,0.192355566227726,0.0553362864957193,0.0199615878431884,0.117597015485918,0.162246055457785,0.00062645583901294
"spot_233",0.0390627175359461,0.0876819224588249,0.00395489190737276,0.0455289849626552,0.0194274325820327,0.00086346649713704,0.682000208489636,0.115447408736701,0.00603296682969426
"spot_234",0.0515334867594682,0.339004279751042,0.110622977471594,0.174854327241221,0.0376883433164303,0.000608388196234109,0.233387227045826,0.0517230614546779,0.000577908763506096
"spot_235",0.0278768667967936,0.050112890338992,0.0211283337783509,0.0701612130733345,0.0640782026656967,0.0244742356714798,0.701431187335627,0.0290532491513409,0.0116838211883846
"spot_236",0.0113060620461033,0.00403987804178167,0.00357454273865183,0.102362258421092,0.066106787751366,0.00319941146160048,0.760280065924854,0.0401809076335655,0.00895008598098585
"spot_237",0.011939500890631,0.00154519396918409,0.0146190105902056,0.240175997397334,0.156191439623795,0.00111388190112488,0.544896913775033,0.0221547472298435,0.00736331462284891
"spot_238",0.0414168214576762,0.110775811838153,0.0285132234888609,0.104825745703122,0.292591319498591,0.0267010013283297,0.263630162806609,0.0542161280858011,0.077329785792857
"spot_239",0.0396806466392037,0.196503549099927,0.0719816812109209,0.0651010996195149,0.0397070602226161,0.00177130095999952,0.509497997312921,0.0737082959211004,0.00204836901379634
"spot_240",0.0563722375230059,0.166516081505662,0.0528407156822916,0.0192466102848687,0.0456917397210031,0.0015880738462154,0.620607356293866,0.0346007448492106,0.00253644029387642
"spot_241",0.0634776872644098,0.283241980662838,0.0199934417625414,0.0579493413796379,0.0873232137345944,0.0251193513621858,0.364263393009617,0.0765728436904979,0.0220587471336778
"spot_242",0.0178501702739794,0.676657067359661,0.0300310312287351,0.0878416141703936,0.0156173365952155,0.00271516289002065,0.0970025040572098,0.07121596698517,0.00106914643961525
"spot_243",0.0392554897643148,0.157236442003499,0.0201366867066004,0.0584403244827563,0.0803681265760483,0.0039185184419187,0.568365446367619,0.0691135021579524,0.0031654634992909
"spot_244",0.0339527327900043,0.250105271421088,0.0507445519938361,0.0410876181498277,0.355117613070519,0.00623466467389482,0.0648184782315757,0.0793240937327186,0.118614975936536
"spot_245",0.033513899942497,0.147604961541182,0.023721534119412,0.0527168230478325,0.055422419360921,0.00413827302957625,0.520268124700307,0.139146781256805,0.0234671830014672
"spot_246",0.0610218518402973,0.283826920815483,0.0396517391647715,0.0853186021057314,0.0570585639312436,0.0271230870918539,0.330754505121796,0.107639149880969,0.00760558004785367
"spot_247",0.00587280117714327,0.00303853179162974,0.00106722062258362,0.0488936870070675,0.139922061474615,0.0130112243509547,0.570986157240856,0.0710552448979972,0.146153071437153
"spot_248",0.010741767350457,0.00137230442597666,0.00268706659766261,0.0361423318558502,0.0516776951632514,0.00466402809060633,0.714610817942866,0.059061969620774,0.119042018952556
"spot_249",0.054991586692301,0.235754893652399,0.0649768341658561,0.04223472962239,0.0357989749996759,0.00319492841618815,0.502426943631559,0.0581676221030424,0.00245348671658925
"spot_250",0.0464504614340005,0.315855377563553,0.027692449375627,0.107104489365471,0.0899704975989819,0.0386418996956384,0.210448630513766,0.156079046053234,0.00775714839972787
"spot_251",0.0174756486823609,0.124482088206385,0.02513789904726,0.0776653383654823,0.0899325835448651,0.0131350788347088,0.486974299157521,0.0903030145609481,0.0748940496004692
"spot_252",0.0407078754969535,0.22412106152009,0.0139801782555146,0.131269148269391,0.217625972421163,0.0302730995315588,0.262438537790504,0.0489773024663504,0.0306068242484741
"spot_253",0.0363467641763296,0.156120090255836,0.0298626058325491,0.0541666145461066,0.0463938121252666,0.0369712584641405,0.535981774826384,0.0950786017600876,0.00907847801329994
"spot_254",0.0472668918131172,0.0335303905930293,0.00718591043173661,0.0612128090866929,0.163859521022569,0.0130722709185147,0.498880708003035,0.0755284193709739,0.0994630787603319
"spot_255",0.00154537217410665,0.271214028689866,0.044010825866285,0.0436228982860833,0.000956570678919176,4.5135979247508e-05,0.559892479601361,0.0786451081189983,6.75806051332308e-05
"spot_256",0.067868535114342,0.566396130904464,0.126762768177107,0.000488154151360122,7.65962311448044e-05,0.000115829807080569,0.116441723890681,0.121850145071109,1.16652710795937e-07
"spot_257",0.0534418593087731,0.342218511337224,0.0431991609857147,0.122137125036667,0.102551693293236,0.0069427826056743,0.217343839858576,0.105831861071148,0.00633316650298734
"spot_258",0.0219081593956595,0.00427430472910568,0.00569167056416436,0.0529212076369616,0.0993688920348877,0.0375864413582886,0.713298334902869,0.0239914163711693,0.0409595730068942
"spot_259",0.00859401044275324,0.00470787856805484,0.00150702866654108,0.0744526067311236,0.0410557201643355,0.00183282167810519,0.806131563898317,0.0591832522422063,0.00253511760856309
"spot_260",0.0141483533504835,0.133527205464259,0.0444071009393044,0.0450329505992564,0.10469757684225,7.51498301075948e-05,0.562103786560817,0.0863563815028493,0.00965149491067168
"spot_261",0.0186499068540704,0.186984185820731,0.0476767269923677,0.0539693960320705,0.12308777397691,0.0101407300502904,0.310255849360449,0.154771521622738,0.0944639092903727
"spot_262",0.02945713214663,0.221429971764629,0.0159848318928025,0.10682449881238,0.0380808265065351,0.000975006871500587,0.483501377294997,0.103317166584704,0.000429188125822362
"spot_263",0.0104221721368801,0.227726414158678,0.0502013912644561,0.0521543968717104,0.0223796339030424,0.00174787821110924,0.507394231684932,0.126947066538308,0.00102681523088385
"spot_264",0.0150301159608189,0.165994539272355,0.0196046908066094,0.120019425793585,0.0237709409117396,0.00168732687254297,0.596938976376564,0.055912003512553,0.00104198049323205
"spot_265",0.0354594499759081,0.00746782739593538,0.0270728150203997,0.0902902473104896,0.0661220823207004,0.00248082271420538,0.603128841601378,0.151649124237238,0.0163287894237463
"spot_266",0.0262404984569057,0.2519633768665,0.0397674539952604,0.125108293812834,0.161641099786743,0.000593030434013589,0.337568370676064,0.052639829933213,0.00447804603846744
"spot_267",0.00997870375676424,0.0888982969431445,0.0257047850354743,0.0798407324894134,0.0143450923714817,0.00098629161397222,0.721216214790812,0.0579551820425883,0.0010747009563498
"spot_268",0.0242542544545577,0.114420406335236,0.0303891466709962,0.093955874407421,0.0204858186667573,0.0011102847447554,0.591166721005977,0.1239305249802,0.00028696873409999
"spot_269",0.0111188294636322,0.0987770545967271,0.0342435802297391,0.00952495012440768,0.213411209047336,0.000244357283865025,0.559727176765472,0.0716001237590382,0.00135271872978291
"spot_270",0.0282137216674123,0.159391894947352,0.0544697998401223,0.0399273819004057,0.0102598730010313,0.0005318654725694,0.593045764692341,0.113999309236612,0.000160389242153314
"spot_271",0.0668526049916191,0.177654080989873,0.114498410524152,0.070256412103503,0.19833471308211,0.0186473753231256,0.212072284929964,0.0843970797483871,0.0572870383072658
"spot_272",0.0195592066194741,0.0176305316205751,0.142980435931399,0.13985635648642,0.15671116092562,0.0687836096879301,0.40025823013731,0.0327410044592648,0.0214794641320072
"spot_273",0.00837290681656382,0.18986798559039,0.025717282500034,0.109986195755923,0.133253886839684,0.00187148361202041,0.292864682253499,0.153463589000363,0.0846019876315222
"spot_274",0.0424642345893134,0.414267579030694,0.0574168965538043,0.0983411988510539,0.0361556558682423,0.00136656241275586,0.269333615652184,0.0802809503354855,0.000373306706466889
"spot_275",0.0768250045650552,0.111595067457218,0.0229323090696198,0.0856258123809232,0.0953393971899096,0.024444939387832,0.485559308173801,0.0556933764525478,0.0419847853230935
"spot_276",0.0202669910542954,0.286424550216489,0.0701446346597408,0.0612069683175089,0.319152623649463,0.00428303423727366,0.0944461401024852,0.0610633075946861,0.0830117501680577
"spot_277",0.0695488329466535,0.0655977133499541,0.0133004550795203,0.0570617331884752,0.227891987147079,0.0276933603398227,0.416228747023046,0.04732016112994,0.0753570097955094
"spot_278",0.0123155089983463,0.00265412887494574,0.00363006969807341,0.0549561914076486,0.266013217242306,0.00978118202738009,0.534540256438076,0.0235953734460005,0.0925140718672231
"spot_279",0.0138642276595777,0.00554777487793892,0.00597870988410288,0.0856915377099768,0.242001872279598,0.0698820374924495,0.262222799335968,0.028080053050566,0.286730987709822
"spot_280",0.0173899458815645,0.064566991709335,0.0100847552726654,0.004407697639586,0.287600157626367,0.000324759843149782,0.559329980874151,0.0506291342662404,0.00566657688694003
"spot_281",0.0485448917140691,0.175040245661613,0.0517679882411333,0.110202090147577,0.13568731051475,0.00258629527058942,0.359308175247809,0.113334022250306,0.00352898095215461
"spot_282",0.0168515830811868,0.198837423076089,0.00590854286936448,0.129393582731571,0.0245432829655315,0.00267613303747175,0.574721814487451,0.0460653230509174,0.00100231470041744
"spot_283",0.0483075380193568,0.286008594024914,0.189040934179895,0.0631525949043918,0.0587324463761527,0.00140931628022834,0.292692501677802,0.060606003537823,5.00709994368311e-05
"spot_284",0.0724213054452204,0.170015303235397,0.0516419947018413,0.0873211241092216,0.0443355066516443,0.00463630150965002,0.505008994823586,0.062466154794647,0.00215331472879242
"spot_285",0.0496754771865814,0.256929933274767,0.0667173935956109,0.028731687247162,0.124143442494395,0.00306916622700934,0.341912993583737,0.114256391683006,0.0145635147077313
"spot_286",0.0194502122373967,0.0601659021476333,0.00908034396694151,0.0579875483725801,0.0730755102774532,0.0410979764274932,0.661258266679775,0.050879540114155,0.0270046997765716
"spot_287",0.0397022683697299,0.151928728919503,0.0492632952119212,0.0660102771199494,0.128584030171829,0.00205686866097398,0.421845745477397,0.103140336671804,0.0374684493968919
"spot_288",0.0645606890810389,0.191115507694457,0.0422009662811877,0.0701987706183849,0.0401926752592397,0.00163107468637021,0.479298056723042,0.107773243420558,0.00302901623572178
"spot_289",0.0265161336949187,0.311037669858816,0.0494402113371496,0.115791829857904,0.0784566553237312,0.0472071033261588,0.273935395762677,0.0934716706501495,0.00414333018849587
"spot_290",0.00620695148131198,0.600046188576433,0.123363979768898,0.0417358638172694,0.0200501726884789,0.000681489968985053,0.0318712846325559,0.175957524494405,8.65445716623075e-05
"spot_291",0.00271207957152354,0.00183065677415617,0.0077053546567896,0.0768926415304261,0.396516514664679,0.000660339036952255,0.46101162369209,0.0382972963189288,0.0143734937544553
"spot_292",0.00950625073816902,0.370447618546656,0.0696161481615455,0.0805219023096169,0.0431433247283071,0.00170630844306849,0.278624602210053,0.146282095336532,0.000151749526051844
"spot_293",0.0488634762577833,0.18110814129579,0.04611141592869,0.0815998459951624,0.0606861310349052,0.00139788952104399,0.453927205175293,0.121997307447191,0.00430858734414163
"spot_294",0.0212251158080885,0.00311061659891875,0.00359467364788668,0.0438839282406782,0.136640107013393,0.00358198748195972,0.67595677434648,0.037028685138699,0.0749781117238963
"spot_295",0.00403111324010712,0.189246293676939,0.00895842311806907,0.0437885518219461,0.00176220024341879,9.8690043030463e-06,0.673680101723434,0.0785088829302914,1.4564241491995e-05
"spot_296",0.0189005189507104,0.00682554413119382,0.00099314027917878,0.0829261583358059,0.082173451997597,0.0472617869976393,0.613943205484043,0.12992027848507,0.0170559153387623
"spot_297",0.035071418061296,0.166467872145,0.0393021310331923,0.096333197658013,0.117425577653527,0.00181512961044785,0.442655561661679,0.0932524265865168,0.00767668559032795
"spot_298",0.0247397690806539,0.278075798875721,0.0430736902920014,0.0538106061923588,0.0353497404907372,0.00192323775148645,0.461616992907126,0.0996860838532201,0.00172408055669491
"spot_299",0.0561331619014428,0.19930884269551,0.0427430824840655,0.0990853771169371,0.0585158813719696,0.00518938743131111,0.457066969882271,0.0776925199916597,0.00426477712483312
"spot_300",0.0608202233310544,0.231652621802409,0.0218277408482533,0.0670872569779837,0.196830529591446,0.0195158057156008,0.250638451757877,0.103564587605837,0.0480627823695372
"spot_301",0.0508910777662708,0.00171204932145796,0.00202151290036468,0.129665190885889,0.119647553828728,0.000551294063947132,0.669258204874415,0.00525216156915333,0.0210009547897742
"spot_302",0.0298896491846754,0.279134284433338,0.0945896326963248,0.0955014514775301,0.036940651507578,0.000773531590869328,0.318859046336454,0.144175786534847,0.000135966238383827
"spot_303",0.0371488396511195,0.356060597152338,0.0567493442252631,0.0634702633439068,0.0446592079792044,0.00163304478959959,0.32449695563459,0.115498652518986,0.00028309470499302
"spot_304",0.0140492396455522,0.0621768044945025,0.0119424911236506,0.108759177448392,0.0384660003473658,0.0286756804807724,0.67476675312577,0.0493858254634775,0.0117780278705165
"spot_305",0.0216716608887793,0.167362746953031,0.0172235532947106,0.0686661514680156,0.087093842384607,0.0024187703126649,0.526448874425996,0.106354353510098,0.00276004676209797
"spot_306",0.0387594960566941,0.113275423973516,0.0405265807443871,0.0512282910083958,0.0888268239123541,0.0555002942284361,0.505548897163591,0.0769154384203713,0.0294187544922546
"spot_307",0.0129453139012679,0.00585286142527625,0.00438318095997702,0.0260905425301603,0.0112346778387531,0.00102192813864064,0.838943867948957,0.0924694000001656,0.00705822725680232
"spot_308",0.0353164510638339,0.151635082471707,0.0381320613430951,0.0988949018795452,0.0788760638842424,0.0387703616272752,0.442371109517146,0.102232556398186,0.0137714118149689
"spot_309",0.00544549169034312,0.000385836185516119,0.00120997268284525,0.0617456002108797,0.316346375222418,0.0162301730236941,0.157937955431447,0.0250088288696355,0.415689766683221
"spot_310",0.0131100521205771,0.00358228551654797,0.0106533701381246,0.143304329316149,0.45967563470931,0.00490458445297487,0.169621385182465,0.0351315848899216,0.160016773673929
"spot_311",0.00932276349259693,0.00385186222937835,0.0012650747745792,0.0886163502060834,0.0513987523706676,0.00167829023494644,0.727961532969533,0.113096889536073,0.00280848418614204
"spot_312",0.0698490606421021,0.123845426222544,0.0142973297266925,0.114280340900788,0.112038958545116,0.0432545707498481,0.456741514395601,0.0533866286819671,0.0123061701353415
"spot_313",0.0343406016962825,0.0565602170697312,0.00508087496999511,0.128773030888804,0.238770728823931,0.00790345437956625,0.386655973945711,0.0530562941559772,0.0888588240700013
"spot_314",0.0453804750479436,0.212721827149687,0.021490902251684,0.0309904214921661,0.170797153652501,0.0113815211754952,0.397945523499903,0.0801931100798331,0.0290990656507867
"spot_315",0.0438680515255844,0.0592457470799745,0.0660505899574713,0.0422113058092548,0.0377142194334045,0.00282949298174287,0.676384818426127,0.0631075415286078,0.00858823325783299
"spot_316",0.0140240029581161,0.0826730836749195,0.00796398240711099,0.0795709187029795,0.0368726049566463,0.00401527318110656,0.699755653218362,0.0670501333435374,0.00807434755722184
"spot_317",0.0577065240779556,0.0573271910497135,0.0185942591177752,0.110973411108555,0.151646516181093,0.00105019701959686,0.518071054797984,0.0811253457501725,0.00350550089715404
"spot_318",0.0293940624400591,0.20837065871655,0.0504390919951932,0.0655687546202075,0.130114632035528,0.000918686732867287,0.426705968384833,0.0810059180923841,0.00748222698237699
"spot_319",0.0334215127980572,0.00746664416343056,0.00741336810790329,0.0400092250762995,0.0267735436667752,0.0645627524295077,0.749550982901238,0.0402250767864373,0.0305768940703514
"spot_320",0.0591776682912424,0.0618391443050935,0.0148738589466365,0.0890063164885936,0.0832932438486729,0.00642339725892349,0.588374066690178,0.0595653403768624,0.0374469637937969
"spot_321",0.0213417465506788,0.0628382960675813,0.00515104190369867,0.0689031768583441,0.103453708075558,0.00283676271637099,0.639341374257552,0.0609847462360558,0.0351491473341602
"spot_322",0.0399360823734724,0.202931061146822,0.0371665566777587,0.0727871327446122,0.230293577433847,0.0203426206216615,0.284728216252287,0.0860661692747743,0.0257485834747646
"spot_323",0.029477688923892,0.211768903348395,0.00684548745480543,0.0822839877874609,0.103441292625899,0.0732773361236422,0.392705665270029,0.0896072181580563,0.0105924203078205
"spot_324",0.00249663632913282,0.000132700792715323,0.00297202743610333,0.00542186743301815,0.000828553023979505,2.02941820920166e-06,0.928523332598575,0.0596133212151639,9.53175310235878e-06
"spot_325",0.0344953753834307,0.0874057668676514,0.0239332500366487,0.0212549817296111,0.0471802239188696,0.0290658191983515,0.665617326545128,0.0553020109315355,0.0357452453887731
"spot_326",0.0422302688679773,0.151653367328622,0.0619461231836741,0.113092205874754,0.126724764188741,0.0635988898480812,0.359249261829633,0.0596743170045797,0.0218308018739371
"spot_327",0.0213535480664697,0.102487766433345,0.0163175832894096,0.0559778234158881,0.142793113615524,0.00259186353922906,0.615976604004122,0.0339462766796976,0.00855542095631506
"spot_328",0.0174761160012319,0.267694531056712,0.041546278623536,0.0375150541157352,0.189427037359789,0.0107987962694261,0.256157405519484,0.0399258295038182,0.139458951550267
"spot_329",0.0189396239048463,0.00252780933061639,0.00312797022398541,0.022096562243324,0.130981589043387,0.00481911170781682,0.658275796514635,0.0232841989138427,0.135947338117546
"spot_330",0.0202392236139805,0.286272311271183,0.0660248525364943,0.0979433008326527,0.185478508772956,0.00447741139732149,0.234594707583605,0.0967492808235326,0.00822040316827471
"spot_331",0.0629639962169622,0.0558400195802828,0.0348066396377295,0.0699152680422913,0.0712454384149619,0.0396590172070981,0.634239765099323,0.0177734731280239,0.0135563826733278
"spot_332",0.0167631940609997,0.00292190172612539,0.00198051208769569,0.0652146321909964,0.0190245573794658,0.0010076827432149,0.81024484583639,0.0736339088061393,0.0092087651689728
"spot_333",0.0456074663310742,0.385079016642487,0.061068325787151,0.0904276911370339,0.0836389173873794,0.0124143252121155,0.155947014327508,0.152105231468566,0.0137120117066861
"spot_334",0.0450309075993346,0.169082587446958,0.0169721938602861,0.103732495304136,0.159828550181027,0.103901659299651,0.269688467179059,0.108295554090897,0.0234675850386504
"spot_335",0.0171004781496983,0.0524986105950599,0.0163254971090635,0.100466438473855,0.0386984096950891,0.000582395851701261,0.708038597594891,0.0650723640047982,0.00121720852584395
"spot_336",0.0281238170921373,0.208530248791424,0.0199869443914583,0.0986798770937369,0.0955550313226723,0.0126097778905599,0.49966228466023,0.027225975997334,0.00962604276044777
"spot_337",0.035540134556335,0.133222178587136,0.0405267350181407,0.119120203056563,0.0133867390433175,0.00101142548265749,0.575609999408217,0.0779677060070506,0.00361487884058273
"spot_338",0.0809901956700303,0.261377806186663,0.0754873140575033,0.0272951917222352,0.0829917861222267,0.0102851357186298,0.250545187063932,0.114296311141912,0.0967310723168677
"spot_339",0.0246073488794602,0.0761170905015809,0.0138351710280904,0.104411910406703,0.0779038461217601,0.00468564420256189,0.545179481629309,0.108632999991471,0.0446265072390638
"spot_340",0.0106336712287004,0.169708393401925,0.0172679944487956,0.10587277979909,0.300269440628331,0.000697576219408423,0.264734084709775,0.129777850652384,0.00103820891159023
"spot_341",0.00888142273669282,0.0055589068341248,0.00494267991952842,0.0742779862004037,0.0144912537118335,0.00201898890729294,0.847448764360156,0.0403313138204947,0.00204868350947287
"spot_342",0.0457014715904607,0.130836481845881,0.016214919680943,0.120254085078875,0.0390289105868693,0.000935086642633096,0.589370908144949,0.0547642426353305,0.00289389379405825
"spot_343",0.0174997518734751,0.0828254792231534,0.0127634930516627,0.109882309147739,0.0604278088915036,0.00131527663896172,0.580225662314656,0.131524439857798,0.00353577900104977
"spot_344",0.0615885292097701,0.216373294991934,0.0738938917993459,0.108730681782857,0.0256146423811289,0.00623858862242717,0.435782483486538,0.0672461791285577,0.00453170859744164
"spot_345",0.217684583924461,0.000638615734530482,0.00687695455018126,0.0343786802875627,0.112711022997239,0.00200782921552257,0.424693844379097,0.042293746810308,0.158714722101098
"spot_346",0.0433953075730578,0.332740109535054,0.0506722641518888,0.0101848957895298,0.024267112258289,0.00700957867771606,0.453074779851488,0.077438697550595,0.0012172546123814
"spot_347",0.0828364445168039,0.239408681853591,0.0848445060320656,0.0727958501427667,0.0750247331436216,0.0214899801660932,0.284175403188167,0.11599707615608,0.0234273248008109
"spot_348",0.00313583015091643,0.00247719325092581,0.00797142547567328,0.0591930838475679,0.0607733219872972,0.00188971564601246,0.820635760727058,0.0329822364501044,0.010941432464444
"spot_349",0.0106170746950013,0.00571273613029304,0.00218688901015742,0.109648249211288,0.026734372653923,0.00179939508819618,0.747859190611537,0.0939561820211907,0.0014859105784134
"spot_350",0.0334339511079912,0.362886482385717,0.0920742921354364,0.10292870879018,0.133461751824574,0.0224580781640466,0.191010251166647,0.0216820737780337,0.0400644106473737
"spot_351",0.0198648880879203,0.0290041461993143,0.02380686521375,0.10395274259152,0.163727071456692,0.022603997950047,0.531240042153746,0.0526714808989971,0.0531287654480137
"spot_352",0.00729545812661344,0.258225076196741,0.0105518937354654,0.00712640995887125,0.320588098992186,7.97785674720571e-05,0.335271370161261,0.0600147292940819,0.000847184967307919
"spot_353",0.0893696581902439,0.179777456809818,0.0639763779833222,0.104596492839739,0.0541428890277119,0.0174190670650037,0.383104088817892,0.106048428764362,0.00156554050190714
"spot_354",0.032361194288036,0.00597558844685608,0.00268281569916357,0.0400867799672876,0.133282224044776,0.0423569470431451,0.633923285801964,0.0445946615683485,0.0647365031404239
"spot_355",0.0294627912997411,0.0124944956157962,0.00361336263817959,0.0895224386291944,0.219234345160577,0.0933907900183144,0.463307022068924,0.0624255581358484,0.0265491964334246
"spot_356",0.04000313858051,0.1506393110391,0.0237301169372576,0.0606244838861104,0.0455590296044421,0.000583287245486783,0.568918184371697,0.107780032810865,0.0021624155245315
"spot_357",0.0442812404075255,0.110320271717083,0.0169888905163453,0.0301110109883786,0.10515239349393,0.00271074276130792,0.567326226070047,0.111147304540982,0.0119619195044
"spot_358",0.0241967378284231,0.226012507243689,0.0381655424680388,0.0529487054649996,0.043892330210052,0.0388265052590983,0.5206103909836,0.0442331724811819,0.0111141080609178
"spot_359",0.0464780682848599,0.129495996647315,0.0275915860099458,0.0719990843077063,0.130146525534524,0.0822043841535118,0.390028123850658,0.0835126404224955,0.0385435907889839
"spot_360",0.0371965659536969,0.353014622702976,0.0339996257760709,0.135644800566134,0.0456283023991606,0.0214707522712425,0.23365255809154,0.0928790237332963,0.0465137485058825
"spot_361",0.073472764801407,0.177194794891665,0.0724669566164517,0.162765352615973,0.0452840096652903,0.00158926273526294,0.410464007737445,0.0556392009634173,0.00112364997308795
"spot_362",0.0142195526968744,0.00732732594194302,0.00438007644036099,0.11774639266442,0.104936178787726,0.0578523806886396,0.632908353942504,0.0402577353515943,0.0203720034859387
"spot_363",0.0282466364323481,0.000502790842603323,0.00691928719599719,0.025954071750918,0.266514013986846,0.000360150029846457,0.609971595174146,0.045502641060335,0.0160288135269598
"spot_364",0.0152409706223676,0.23324949958673,0.020745499089991,0.0584612351576112,0.12474011444563,0.045046127671771,0.358420630454499,0.0969688753115117,0.0471270476598884
"spot_365",0.0128245359994048,0.074192964250156,0.0177522938689168,0.108363022133438,0.0498753262974893,0.00372278353317558,0.720947439069454,0.00955856133343454,0.00276307351453093
"spot_366",0.00998755746156106,0.00396645094607592,0.00258361624032003,0.124479101771791,0.0160980017503603,0.00307158040832936,0.754121001312965,0.0848666507204399,0.000826039388157595
"spot_367",0.00340403045437488,0.00234449702079275,0.00265340220167637,0.112727293732668,0.272092917566817,0.00100872881402718,0.556059753127378,0.0346778701414994,0.0150315069407665
"spot_368",0.0485632157642166,0.21668831793723,0.0297151765702987,0.0424404845191953,0.0254323943189114,0.000743471539873071,0.436544837421364,0.199575301069331,0.000296800859579682
"spot_369",0.0267686546308062,0.132160392969669,0.0168496738919818,0.0626992763965852,0.0291207113375506,0.0181824734241826,0.651802959780926,0.0472727647613336,0.0151430928069652
"spot_370",0.00938622930516578,0.283494774855702,0.0212537646391102,0.0353531627699448,0.0978321845312317,0.000399825584064697,0.458316235328301,0.0931410528858123,0.000822770100666936
"spot_371",0.0146607921608345,0.000877022181734934,0.00122826534773726,0.0724660115552251,0.26421019584941,0.0364781504687669,0.265591886491003,0.0104920975619933,0.333995578383295
"spot_372",0.00194371608025553,0.00504214388046242,0.00387118468316754,0.12985570491621,0.351339859016152,0.000726375520685711,0.372823756143933,0.132926795106577,0.00147046465255619
"spot_373",0.0336593006511356,0.01848430011794,0.0607408628595574,0.121963022292746,0.0250146598341058,0.00290011377298187,0.696897963680003,0.039668403809067,0.000671372982463078
"spot_374",0.0323435005781071,0.316788378753218,0.0690673537859884,0.181687757221636,0.0402691097680516,0.00481464222910945,0.249266629531783,0.104636291842536,0.00112633628956979
"spot_375",0.0383234178144054,0.248693124605312,0.039659630628023,0.0571252413138246,0.0344237993612918,0.00189840557893105,0.526645976483358,0.0480132268839529,0.00521717733090052
"spot_376",0.0667780179480347,0.118339732773657,0.0314209576524075,0.0949714682326126,0.0971657296438601,0.00400740776528539,0.483710523388284,0.0225331028282268,0.0810730597676315
"spot_377",0.051797527270259,0.111705492467792,0.100486559913594,0.114652529894965,0.0627933364979999,0.033778790307263,0.455710895084136,0.0635417015820476,0.00553316698194344
"spot_378",0.0590362133361731,0.119185786506677,0.0535721621349175,0.10387367076207,0.169564892286898,0.073138863971709,0.303422409751167,0.0948302887091875,0.0233757125412008
"spot_379",0.0173301690756761,0.230305976682271,0.0098916899340346,0.0831744274192246,0.0388048858926552,0.00134158069467352,0.447679962414053,0.170658953364448,0.000812354522964319
"spot_380",0.0130840591324029,0.00625760810442794,0.0106465358720588,0.0913924601871948,0.112062331164415,0.00104580103969533,0.722775506941078,0.0391654358553047,0.00357026170342309
"spot_381",0.0567877325643398,0.230820720430848,0.0650008784113525,0.127443623067584,0.11134488653017,0.0342747253077195,0.300425107101631,0.0474950250912655,0.0264073014950887
"spot_382",0.199699033897932,0.243883464077424,0.0751492070624019,0.0828297370634268,0.105388109770866,0.0147452964796979,0.206388089453945,0.0675211898716145,0.00439587232269247
"spot_383",0.644942282232053,0.000171079439113027,0.00104315106285664,0.123377856182365,0.00408787062913661,0.000143275404994468,0.217126806427361,0.00127874183620079,0.00782893678592006
"spot_384",0.0706951103752758,0.0407249645111673,0.00153615940324657,0.0360521889181252,0.141504394523957,0.0053242205292507,0.473578387039954,0.0601373294113329,0.17044724528769
"spot_385",0.0668705276294417,0.225379778128248,0.035379837167188,0.0403372247389614,0.233295462345476,0.0107817872748538,0.286038915629502,0.0923468524283751,0.00956961465795402
"spot_386",0.0384603878653653,0.290306023981157,0.038867974279419,0.109213798125489,0.195765766413531,0.0136391128176452,0.108033720748926,0.0505979390544952,0.155115276713973
"spot_387",0.0697630965783729,0.151840934295951,0.0122641259717069,0.0531030098329974,0.0323473648016106,0.000131475763065654,0.63163967947215,0.0488291981866018,8.11150975434564e-05
"spot_388",0.0103283425959098,0.143948657251214,0.0188046481440053,0.0320660737018865,0.0140525737024294,0.0011458105479274,0.664174001622578,0.114545729800175,0.00093416263387471
"spot_389",0.0245296222598453,0.146102513915485,0.0205280472642453,0.135696769331266,0.282631288496059,0.0298716848590805,0.26259519960216,0.0891767815405907,0.00886809273126915
"spot_390",0.0515304817648677,0.287422750894325,0.065843593338675,0.0141512447609049,0.0119808390090719,0.000283191138705104,0.37663634922677,0.190800717846307,0.00135083202037384
"spot_391",0.0063409835801626,0.0032579219015021,0.00636620313898432,0.0615933823809205,0.346232198650431,0.00582998895386453,0.393840925737069,0.0337621231934041,0.142776272463661
"spot_392",0.0165786028883746,0.00930618044896513,0.000672564133086688,0.0526679907622071,0.0219553349523751,0.0116288645577939,0.727744917443941,0.146123816519285,0.0133217282939723
"spot_393",0.0577992860255538,0.193990431826112,0.0499795978787238,0.0995335891497358,0.144911269208761,0.00390656742278262,0.370845716995895,0.0718837765153394,0.00714976497709659
"spot_394",0.037610486355285,0.255064114152491,0.0303418975133975,0.0942323268811853,0.0420969139716036,0.0011257146768911,0.415331864753459,0.121802570436557,0.00239411125913092
"spot_395",0.0273555097338832,0.20963852539262,0.0412536067851317,0.0485005114624863,0.120047229820332,0.00423666168024875,0.325402196189911,0.137171024833647,0.0863947341017388
"spot_396",0.0283980270474905,0.190595604390539,0.0261915949984481,0.0640685360825674,0.132019076027075,0.0534939313675447,0.39895012990324,0.053711476972807,0.0525716232102886
"spot_397",0.0389087632901866,0.147152372766449,0.0290850381755244,0.0965782132035102,0.316812661060808,0.0534713316752346,0.198187911990987,0.0642990225904308,0.0555046852468695
"spot_398",0.0491334653212362,0.3268851661516,0.0392901489533972,0.0889385547808531,0.082306836505803,0.0180735611299864,0.232899273789359,0.160450238733114,0.00202275463465165
"spot_399",0.00917498822813808,0.00169768399532155,0.00381787389664498,0.0623710688940946,0.0317563328166531,0.00169124109393325,0.839461603231221,0.036119701069418,0.0139095067745752
"spot_400",0.0224511887199317,0.00228759292122515,0.00380173799541437,0.0443511768118043,0.24784945240376,0.0390527375794958,0.555961407216072,0.00940251740873665,0.0748421889435601
"spot_401",0.0069777824754811,0.309652285090116,0.034839694338183,0.0298567030269968,0.018194839116808,0.000236581895789579,0.51460584257675,0.0854021406418158,0.000234130838059402
"spot_402",0.0183895979589523,0.0910706898104167,0.0228254516781774,0.0514746900431263,0.206478257140529,0.0293116052348522,0.456116528162162,0.0632767486751739,0.0610564312966101
"spot_403",0.0502016767122761,0.360986887454726,0.0790486033795995,0.0694135882713403,0.0878624950575795,0.000742599010414668,0.224197828646701,0.121093439645309,0.00645288182205421
"spot_404",0.033555467068975,0.14292557962178,0.015660003815502,0.0928284882467118,0.214673029847871,0.0154443490947212,0.387411512338496,0.0578705941598515,0.0396309758060915
"spot_405",0.00168696556051038,0.00202104064239883,0.00254357136908885,0.0689999893411,0.00142396475220104,0.000283500603556159,0.839502696702483,0.0835101907469846,2.80802816772506e-05
"spot_406",0.0221164347375227,0.100234821595008,0.00543636245029349,0.043985302410746,0.312486124260066,0.0466522486330567,0.383757753926643,0.0219853355903468,0.0633456163963176
"spot_407",0.0298828631020304,0.187852726412713,0.0354079214885844,0.085511156268103,0.0282849444127978,0.00242039156355092,0.599533011001541,0.0306672950771361,0.000439690673542507
"spot_408",0.0841346555582594,0.107978778413618,0.0226146440404577,0.0879637696092646,0.148912629661171,0.031951635142582,0.371368783125783,0.0868156343937662,0.0582594700550985
"spot_409",0.0437339156819113,0.305482229872854,0.0527978638191031,0.131286033242488,0.293472254948854,0.00332749551062676,0.043571277689888,0.119447191843345,0.00688173739092969
"spot_410",0.0556422858766048,0.131861395903047,0.0225398649528316,0.0778511541012503,0.20806777415606,0.00134854936747672,0.399273383247658,0.0981361248384821,0.00527946755659003
"spot_411",0.036453840385694,0.105965519242549,0.0329346800059164,0.129447249656754,0.0610784510164871,0.00219993632924749,0.473234561169883,0.158245904401252,0.000439857792217801
"spot_412",0.0231554763237262,0.117696798004008,0.0367260185880211,0.038032938039557,0.214673936400969,0.0308352941872264,0.42359096001093,0.0835912897281254,0.0316972887174378
"spot_413",0.48393830731571,0.0076316368110081,0.0148869771999192,0.114124996426956,0.0767253472931997,0.000331918131511238,0.272741839596559,0.0291235188670606,0.000495458358076756
"spot_414",0.288303147381376,0.00458854295527361,0.00152151303759359,0.190319852978825,0.075576989105748,0.00101911794674228,0.386085215221836,0.0361095784091996,0.0164760429634055
"spot_415",0.0935659177880211,0.125626095029614,0.0128618824637991,0.0737652832718448,0.198249613362434,0.104135480399162,0.232879165826642,0.0739388276193968,0.084977734239087
"spot_416",0.00820792115352467,0.18681634603374,0.0498734351939917,0.140677689070067,0.251938553159079,0.000167137008114163,0.281942182092425,0.0755257959043568,0.004850940384702
"spot_417",0.0145726275161498,0.165628792976212,0.0512903010241746,0.0473529778335904,0.187135030598685,0.00272692868776316,0.479733188641984,0.0488859345098093,0.00267421821163147
"spot_418",0.0183613337920122,0.0613091479823816,0.0170099904538809,0.0398055256241326,0.213475866954027,0.00678114528069214,0.465415522995626,0.0618380851836555,0.116003381733592
"spot_419",0.0310594813862784,0.107608474330139,0.00902688899326236,0.106668604181487,0.016761426794404,0.00239921761920191,0.697449469290108,0.0278247313083977,0.00120170609672077
"spot_420",0.21235414959433,0.00363792623858192,0.00436474533040093,0.12744007240625,0.133642003073806,0.00366766287508959,0.403143704029999,0.104673845104787,0.00707589134675531
"spot_421",0.0125177396126853,0.00614455787834397,0.00259455980151244,0.0500792521108579,0.0263800212573441,0.0285073000680642,0.806293524800863,0.0555722545437587,0.0119107899265699
"spot_422",0.100753919077404,0.161981372696321,0.0818623854646005,0.0247354097897072,0.179672804790483,0.0750967055425711,0.282392594970686,0.0545340793625977,0.0389707283056293
"spot_423",0.037374331478497,0.367304476603477,0.0432889427883564,0.019282426787677,0.187696818869785,0.134512921321217,0.0441330900651184,0.122394397726271,0.0440125943596021
"spot_424",0.0466413703431427,0.140904745467971,0.0277782406865951,0.0830631114735329,0.101159641374844,0.00950429946648639,0.50251277660132,0.0833654069972329,0.00507040758887511
"spot_425",0.0263068399983062,0.142251695694819,0.0177286767545891,0.077335026677735,0.181096395316147,0.000895322246476856,0.502571200610829,0.0416404096144751,0.0101744330866218
"spot_426",0.0336508467622424,0.11217545958159,0.0193938874724883,0.0487101848723001,0.386115463896695,0.0287790403605939,0.260429119274351,0.0678291569438289,0.0429168408359106
"spot_427",0.0433059311195517,0.130972700626329,0.11778050929253,0.146471360222839,0.029166969940878,0.000561830706308948,0.453126505296026,0.0772261895295887,0.00138800326594907
"spot_428",0.0208634732284216,0.063502204832164,0.0241658517393481,0.0978345336361231,0.00840856971613973,0.000513447795685718,0.678153410359882,0.106075452966791,0.000483055725443871
"spot_429",0.101387067303693,0.260921824715651,0.0312584930846038,0.0510798710280035,0.102642850937258,0.101593504857297,0.248701450116375,0.0709522417589081,0.0314626961982099
"spot_430",0.0291853395528399,0.0372836652837797,0.0142001212976659,0.0754373256607982,0.194853297223593,0.00518958324355749,0.565777874182658,0.0486562836088404,0.029416509946267
"spot_431",0.0552084030263702,0.209470481778598,0.0623814316008092,0.0734726075758065,0.129292707859518,0.0014363878300512,0.378101178399779,0.0867741980728503,0.00386260385621776
"spot_432",0.14547280974167,0.106973553937619,0.0211365263462778,0.0660558489392953,0.440916497967828,0.0020539162481437,0.0594539902134006,0.135700707317963,0.022236149287803
"spot_433",0.0193079939523856,0.0031176279761558,0.000938654227072043,0.06863667248086,0.0447160071207713,0.00889380196690593,0.70050622104093,0.103217427338184,0.0506655938967357
"spot_434",0.0384200023823515,0.191641205468747,0.0375612142873551,0.17152121834985,0.219276956777954,0.0031128745340642,0.261239885146339,0.0397264053276839,0.0375002377256546
"spot_435",0.0335441584375231,0.0714308250062927,0.0236198145578502,0.0491577859903377,0.0305571529484981,0.0283811313626962,0.68182577408404,0.0712066153704672,0.0102767422422948
"spot_436",0.0644705492460842,0.13957264283001,0.0217517575207473,0.0352736600923881,0.261887038835042,0.0123357016332534,0.363600284535198,0.0673608452164852,0.0337475200907919
"spot_437",0.0322703442495756,0.166023665804373,0.0170425530376215,0.0869136359225881,0.236875170878576,0.000583176792053158,0.390450195400986,0.0587494242513196,0.0110918336629059
"spot_438",0.0462002808706438,0.182032613803437,0.0293496088915931,0.0834510621384116,0.0832371363195704,0.0171159156899907,0.467131776244125,0.0788357333512459,0.0126458726909823
"spot_439",0.0947249878233233,0.187673802350335,0.0473703631816775,0.0981781475384373,0.0147628069194715,0.00179929700066204,0.513487820041634,0.0376081271879438,0.00439464795651614
"spot_440",0.0198083983097662,0.187155045926138,0.00776370995967775,0.0669530787682709,0.310077089079233,0.047870642307953,0.2461151872414,0.0712968049310869,0.0429600434764747
"spot_441",0.049174711619877,0.164818399718775,0.0482551943574327,0.0496278306349158,0.0703034652416484,0.00318631556137616,0.504540931208507,0.0678247983946098,0.0422683532628585
"spot_442",0.0370258379929022,0.402987488006299,0.0935146816858776,0.0724519181218595,0.222101639916453,0.000183220345902087,0.0859455250353638,0.0828521533867628,0.00293753550857974
"spot_443",0.354549638661181,0.0085881278503391,0.0197256116620877,0.177470729582665,0.221482882082194,0.000146548927831799,0.202285264516234,0.0150802321207651,0.000670964596702789
"spot_444",0.447021148836927,0.0995921640684784,0.0247349226042239,0.050498123260081,0.272903544042675,6.63486782507317e-05,0.0889630971871397,0.0147168384079083,0.00150381291431549
"spot_445",0.262190332130097,0.00783239214305565,0.0037107179914541,0.112761297092452,0.00280412234986061,0.000142783338678469,0.57874789750193,0.0316460202398817,0.000164437212590066
"spot_446",0.0924739898960367,0.0914659439934778,0.0209487764961903,0.0590698992633974,0.220292754426264,0.00578994919556962,0.431521216351903,0.0277349874706142,0.0507024829065467
"spot_447",0.0121135351659017,0.0129393065978675,0.0103705731347763,0.228416898040415,0.241983844181853,0.077502660882851,0.335682203085891,0.0341261940198101,0.0468647848906348
"spot_448",0.070734521107016,0.313109474309332,0.0708879363755012,0.0149030281213316,0.355871339129633,0.00318519886811664,0.0476793835790175,0.048684826905558,0.0749442916044949
"spot_449",0.0235159292794269,0.382510045156566,0.146996644433284,0.0464044404988854,0.0713460921690193,0.000504292435792274,0.0348104907288622,0.293726702154786,0.000185363143377749
"spot_450",0.0117416443163887,0.00283643633536118,0.00425899371862721,0.0564404539409951,0.0742193759373577,0.00701618347407514,0.711727962758895,0.0363872054849683,0.0953717440333312
"spot_451",0.0105657017708051,0.00470842656597113,0.00131467586047716,0.135234834613799,0.0505700953049578,0.00765469970432587,0.696550060289486,0.0599359022102637,0.0334656036799138
"spot_452",0.0221736674008257,0.00323301491864317,0.00256933861865324,0.0417083073963163,0.107404796023525,0.00221581530471846,0.725757401928604,0.0817053836028497,0.013232274805864
"spot_453",0.0330730021937598,0.201187328788375,0.10209196251116,0.0255752007143631,0.13414707285361,0.0470211397740656,0.339853434443327,0.0728486676107164,0.0442021911106221
"spot_454",0.012625465912827,0.00226401607617252,0.00223709296157207,0.0705777953837239,0.0227943646066562,0.00042425711521218,0.790770619662722,0.0969993901776848,0.00130699810342983
"spot_455",0.0156470366689772,0.113259232325397,0.0576960280806228,0.0568259177920628,0.13633055160545,0.00720896523786698,0.499532878383736,0.0891855164538416,0.0243138734520447
"spot_456",0.0422962744999135,0.0798781111466553,0.0137160569481111,0.0680196982509735,0.0680776250344382,0.0448894403000102,0.551367419888722,0.0978190751840921,0.0339362987470841
"spot_457",0.0439580968792575,0.251259309955912,0.0679509090605331,0.174515448392693,0.0360038292245995,0.0288354928327513,0.32580208420589,0.0692606048957698,0.0024142245525933
"spot_458",0.0593126504499197,0.106546311361324,0.124392923677692,0.0978529802496854,0.0255792612832232,0.000289732774553563,0.523557930649097,0.0623743329688391,9.38765856652329e-05
"spot_459",0.0515648579140876,0.193922331106452,0.0432516226366196,0.155005170330065,0.0637822491098266,0.0200661948307058,0.372088522769121,0.0609700461503763,0.0393490051527468
"spot_460",0.0218158325697028,0.208824378315281,0.0586121046580173,0.0405316797462798,0.025068566369314,0.00164347655773693,0.578676443123168,0.0628809702128744,0.00194654844762581
"spot_461",0.0239969422178933,0.146703646140769,0.029548487680388,0.0805814250211852,0.0767035710031241,0.0555677534665682,0.463141487748259,0.0990399682241512,0.0247167184976619
"spot_462",0.0433336377514144,0.234265676176852,0.0332697963275326,0.0411874746149642,0.0228527802960641,0.00423360773701784,0.590167281754788,0.0294212195583533,0.00126852578301337
"spot_463",0.074177288708598,0.121205358228404,0.0703210561341719,0.089968463281956,0.0544314518389268,0.00183222969045993,0.519392999556794,0.0683532985911887,0.000317853969500746
"spot_464",0.0145560336769411,0.00903090736273285,0.00394542060166526,0.1016566802217,0.024304354210133,0.00222651480606418,0.720055510023261,0.121076290292126,0.00314828880537611
"spot_465",0.049015735207742,0.0688272717008342,0.0106585190915181,0.0220657616333889,0.0559096716359263,0.00393536733172878,0.622312830326077,0.121939548567682,0.0453352945051019
"spot_466",0.0108136843750477,0.111775012114825,0.0198432489453376,0.0639876026111334,0.268006627747922,0.000790874826448578,0.425043490258158,0.0976278406723146,0.00211161844881312
"spot_467",0.0200641973766466,0.00130978789692479,0.000653025197581204,0.0468157246485158,0.0279933736548145,0.00258427296141438,0.723934767818512,0.123411440739897,0.0532334097056939
"spot_468",0.0517107441094461,0.135575222585963,0.0386863921327112,0.0920598473695172,0.139303512896743,0.056827077922019,0.389589473102853,0.0233813945138773,0.0728663353668706
"spot_469",0.0141741778698246,0.0022830899437913,0.000794904166416607,0.0462859810050472,0.0557154715197264,0.00609320077893514,0.699862190817059,0.129072609695374,0.045718374203826
"spot_470",0.0818264704449204,0.0690802421301721,0.0526322655184045,0.0631311385294495,0.0930105231985468,0.00115898715852884,0.533121068733947,0.100346834906451,0.00569246937957987
"spot_471",0.0186068789586654,0.00467128754890484,0.00404982884695401,0.0166890788260927,0.00683229464664387,0.00132952452457225,0.879371792967095,0.0629126987398607,0.00553661494121155
"spot_472",0.0381425600878366,0.0913631147985581,0.0512673854759863,0.1025743055646,0.0280608577674857,0.00106171011253549,0.641821605503945,0.0453090308420292,0.000399429847022779
"spot_473",0.0627059172292988,0.147653998903772,0.0385877582915695,0.0843925737939666,0.107760020605778,0.0535915032569731,0.398436437826884,0.0885167873556492,0.0183550027361089
"spot_474",0.497403718630509,0.00582380204371966,0.00917430662931669,0.192633085714596,0.0497283937098495,0.000556005090060353,0.220305539870105,0.0230477735255249,0.00132737478631847
"spot_475",0.371486187038712,0.0106489223870562,0.0237118731389865,0.0314970386223827,0.390799214787595,0.000170348236924094,0.156803113933645,0.00888994420014501,0.00599335765455368
"spot_476",0.326235928346895,0.108616651037864,0.0251348678202285,0.0889665019301103,0.115004839238885,0.00129001909459384,0.258893824394148,0.0596187660457328,0.0162386020915425
"spot_477",0.0149643823112698,0.164366518784572,0.0394090870329757,0.0930677572085676,0.018838990782635,0.00238905840196775,0.599847895796011,0.065009162624463,0.00210714705753847
"spot_478",0.063861653631078,0.15625488060418,0.0226122749365045,0.0680891789307929,0.122902293021476,0.00662820235741935,0.466275169994549,0.0871161855638727,0.00626016096012776
"spot_479",0.0388498299352238,0.282916730605065,0.0283147863451242,0.0724464311693071,0.0240296630918749,0.000664042275797526,0.467177300398522,0.0845617305750139,0.00103948560407091
"spot_480",0.0458485412960613,0.0557611914605881,0.00655740186259659,0.0341594060681118,0.250321036306978,0.0334182645818706,0.486079322852744,0.0680848802646069,0.0197699553064423
"spot_481",0.0394608018667704,0.195975591116812,0.0143689414643347,0.0917046592888325,0.186564082021375,0.00630097548340035,0.323761274575411,0.0586358943486503,0.0832277798344139
"spot_482",0.031810247611207,0.066794968335581,0.0155003770806502,0.0913323989572342,0.256886130606169,0.0331269966057948,0.398800835744113,0.0547399546329215,0.0510080904263289
"spot_483",0.0549721589833317,0.185163257159303,0.0690115930452737,0.0872845484930604,0.164858517604638,0.0464766848531453,0.299882272670657,0.0711950421685699,0.0211559250220213
"spot_484",0.0237300464168034,0.0444793445134773,0.0160686455066124,0.08917827371269,0.169475502722148,0.0444733430355191,0.49405462763253,0.0277303238799465,0.0908098925802733
"spot_485",0.0625744768097394,0.12229631485105,0.0136559566559475,0.0653466115164291,0.137650148436789,0.0106013909496313,0.476284737397091,0.0701514832487597,0.0414388801345626
"spot_486",0.0589596777152792,0.129202394352465,0.02465238529492,0.0525502131009479,0.147814064897485,0.000522554094663225,0.483474562484198,0.100205910686983,0.00261823737305868
"spot_487",0.0254827530949245,0.0012898125207957,0.00159846914720827,0.0821560836118004,0.175483534458819,0.00381902566580155,0.617761963362449,0.0423049857202171,0.0501033724179843
"spot_488",0.0113703929241562,0.0056496540937876,0.00257731161301362,0.0874885398328601,0.015639428099716,0.00117203768316238,0.785813502512511,0.0897824129879321,0.000506720252861419
"spot_489",0.0101158513709345,0.0154133721674248,0.00607847646348117,0.0755606039664999,0.230032337300265,0.0941531792602578,0.466788003649062,0.0725287146376035,0.0293294611844711
"spot_490",0.0909159625846615,0.152739036508756,0.029922132916774,0.137892763826701,0.148623183621374,0.00175360148548373,0.336062805860956,0.0970168139523242,0.00507369924297001
"spot_491",0.0707875883903823,0.255367961606761,0.0348045502584434,0.0955055144207703,0.0344200552110083,0.00293678839651256,0.336546512748112,0.168610882515368,0.0010201464526415
"spot_492",0.0466180827850263,0.0699545305955608,0.0122380880854953,0.0753280511633891,0.105751316270288,0.00362210267923698,0.584062314578119,0.0320105534062501,0.0704149604366348
"spot_493",0.0381050320945195,0.06955919796878,0.015671895181819,0.125623915880969,0.161808983402273,0.00593323095749448,0.464854226873009,0.109526742300506,0.00891677534062996
"spot_494",0.0491843665368604,0.0565096821139771,0.112575655581383,0.0560431925367942,0.235394518353536,0.065347318585374,0.363235229678059,0.0294826564418452,0.032227380172171
"spot_495",0.00636993651118045,0.00435473798206863,0.0032109087468452,0.0579572662804677,0.259725407659725,0.00130356057581348,0.575716629898248,0.083616155679584,0.00774539666606673
"spot_496",0.0506686057264812,0.00715689364532677,0.0293775105460529,0.0379227237918035,0.394235708590083,0.0345159470621039,0.0347390765379534,0.0663825171753627,0.345001016924833
"spot_497",0.0227576825585863,0.00571359136825553,0.00247692514748823,0.0849523926690497,0.274369534262543,0.0184068784913297,0.412615842828842,0.0404639697041382,0.138243182969767
"spot_498",0.0204205776188023,0.0447682275949858,0.010342525186634,0.0830461767210076,0.141504729276377,0.0477102569854108,0.534776539411168,0.0527856295264989,0.0646453376791163
"spot_499",0.0518879392007963,0.132662012676421,0.081605174230674,0.0323090116988737,0.0374036253970688,0.000484992249881164,0.618584658380015,0.0425184388474058,0.00254414731886493
"spot_500",0.047533233089209,0.111891266956693,0.011754232726186,0.0774708589147043,0.357387586192876,0.0603012022810396,0.193198819414202,0.0495728779932803,0.0908899224318096
"spot_501",0.0245091535995208,0.0357717804450739,0.00321299202788553,0.0969627506976303,0.148879941235335,0.00496609428969577,0.53752263356794,0.110780766768157,0.0373938873687621
"spot_502",0.0135980653269089,0.00228634369762846,0.00286470069195866,0.0621760695389643,0.0236728141725577,0.00220216683365017,0.861661173471132,0.0216756766320566,0.00986298963514306
"spot_503",0.038604633493204,0.137288091029404,0.0102593060537997,0.169358267502431,0.121529662123841,0.0192093313022161,0.380282554116064,0.116939712508647,0.00652844187039199
"spot_504",0.0348532719118826,0.00115582552713621,0.000511247764128974,0.0830538433847658,0.00505812192826234,0.00157359787081919,0.781812308232627,0.0866293580284333,0.0053524253519444
"spot_505",0.351734104418299,0.00754837810566084,0.0352467537257868,0.0645207050582488,0.0223544685186071,0.000445791957673436,0.512073524824851,0.00502496223848466,0.00105131115238797
"spot_506",0.32500580221483,0.00169892800964221,0.00680250116477186,0.0667760636617001,0.176332900701648,0.00346276547883121,0.380239370185084,0.0117079685041235,0.0279737000793695
"spot_507",0.0180623723781507,0.00229748364946662,0.00502153215288474,0.0252623196391646,0.0199631498145647,0.00190493172473105,0.860405021396258,0.0442271658009716,0.0228560234438079
"spot_508",0.0545726793985092,0.217318899074562,0.0403909534290585,0.0767109820349638,0.412465528164823,0.0253826455901664,0.055374466942072,0.0520622099053085,0.0657216354605366
"spot_509",0.053216537914787,0.191933153723578,0.07173872792172,0.0811841923238936,0.392668467288317,0.00598761085348806,0.0699284982417372,0.0865233334271414,0.0468194783053376
"spot_510",0.0164715876567333,0.129762193222088,0.0111951234723231,0.0718532173675933,0.0316079796175783,0.000546176759085049,0.683747281658034,0.0537806441849877,0.00103579606157675
"spot_511",0.0310740090991437,0.28624633684043,0.0442777156442413,0.0906475755797799,0.0564724005870749,0.00225384262047622,0.423665158110035,0.0646007592194019,0.000762202299417243
"spot_512",0.0205056051467815,0.161801208363938,0.0197124482219185,0.127312313753157,0.181463994105465,0.00823767144775568,0.354786776835043,0.0773653706658807,0.0488146114600605
"spot_513",0.0340953454489113,0.159429927961103,0.0349492117096223,0.0325639672623768,0.03523433451097,0.00248999928277669,0.54856026291865,0.14872109656011,0.00395585434548026
"spot_514",0.0794402185783693,0.183120503579197,0.0439618428870899,0.133003233011566,0.362044440967812,0.032358513269387,0.0659225673584794,0.0949133440715667,0.00523533627653299
"spot_515",0.121729936936805,0.451656696878572,0.0766137982519585,0.0773059432108646,0.116872879860513,0.00182043921845812,0.026405509324731,0.127384727497545,0.000210068820552666
"spot_516",0.0254549754950327,0.0947990909249022,0.00620143877659751,0.0853047735518459,0.0291773475779756,0.00219584618225854,0.624278279468717,0.129537079603623,0.00305116841904776
"spot_517",0.0248482663899537,0.16049950407008,0.0120990424251945,0.0365081107463224,0.118774227727784,0.00272968330475659,0.5073598236509,0.0950803923928041,0.0421009492922052
"spot_518",0.0482180456426192,0.222607914500573,0.0180969493887857,0.0215418439208404,0.0426905940683274,0.00391052568510504,0.510456223185082,0.105570091268179,0.026907812340488
"spot_519",0.0192695172569711,0.122287904645925,0.00221790822390867,0.052210233403068,0.0873431297958274,0.00114076836841708,0.579683293007507,0.0756785759190867,0.0601686693792894
"spot_520",0.0404479996861836,0.185767642767279,0.0240667959131615,0.056062861732515,0.09233508955207,0.0543470896433263,0.322452408326636,0.219725772536732,0.00479433984209715
"spot_521",0.0207788380262729,0.0643339934550743,0.0831497924079233,0.149455957558715,0.233379151773351,0.0003769541146006,0.420769480494197,0.0270755282784497,0.000680303891416024
"spot_522",0.052559664139307,0.0915475899390252,0.0178534009418012,0.196791666170236,0.339234712541174,0.0544960249232953,0.0928759277576942,0.0377612701622291,0.116879743425239
"spot_523",0.0120102556407936,0.0679607527412136,0.0140470620974737,0.0584921314845387,0.0803192860332827,0.00818656426690351,0.567952405501585,0.0940959696508164,0.0969355725833931
"spot_524",0.0301764147742971,0.144742483159791,0.054831635306794,0.13189174916463,0.401970518773941,0.0413680133400257,0.0683165235427467,0.0937416415538192,0.0329610203839551
"spot_525",0.0768251445057254,0.0116301500461005,0.18459723620871,0.00464066736883303,0.0476635823745782,0.000627066629585389,0.67309502372023,0.000881840717690437,3.92884285469345e-05
"spot_526",0.0172683495847509,0.00235910589268149,0.00174907598645624,0.0827160928755612,0.0327165536216478,0.00147638706053721,0.765196956625269,0.0929804090270445,0.00353706932605143
"spot_527",0.020917895915681,0.108176377401453,0.00613933524265927,0.106419162905802,0.265689754974606,0.0645825906706013,0.278455840453832,0.0608653551632044,0.0887536872721609
"spot_528",0.0146110026374012,0.232410285284115,0.00556985141598361,0.163613489266624,0.207661580109056,0.047978339158111,0.109093694717408,0.026033589670357,0.193028167740943
"spot_529",0.0144688106050505,0.370335552032748,0.136781700078401,0.0561049070906259,0.278396603772174,0.000152057600410537,0.0170116686323886,0.123301896450013,0.00344680373818812
"spot_530",0.00646676357657145,0.00161277062634783,0.00510464988901688,0.0393215020780698,0.197844130370174,0.00025713431943848,0.700433052771982,0.041301714034095,0.00765828233430485
"spot_531",0.0425813017820086,0.0898262911224662,0.0112260099805066,0.0941873159866576,0.0304755958352202,0.00223768713143995,0.613496046324255,0.1085627699729,0.00740698186454623
"spot_532",0.0212515388711252,0.157051694196978,0.016191917585157,0.132529046776017,0.232022393822712,0.0267401089681774,0.338429818115488,0.0465953177673436,0.0291881638970018
"spot_533",0.0907393180994139,0.504394546685625,0.0513285215516831,0.101626402296356,0.054088504592414,0.00540685205346452,0.117978973411126,0.0739483753375,0.000488505972417032
"spot_534",0.0425244194886329,0.349053471215247,0.0323676669868168,0.0270796831445762,0.0342494718587056,0.0408132855020203,0.252906665069577,0.190558554497451,0.0304467822369731
"spot_535",0.0534736616544455,0.0855867621017339,0.0142412062221349,0.102390372797256,0.06948192278889,0.00832009032616528,0.632629289011287,0.0291979618639752,0.00467873323411181
"spot_536",0.186037076473166,0.118755460450333,0.0442631459383769,0.0386863981700805,0.214786663954487,0.000466688119907159,0.313648741661657,0.0759196060265378,0.00743621920545489
"spot_537",0.194347600323563,0.00427487074638212,0.0106496861252437,0.0584003485965843,0.19575161749245,0.000777451962279933,0.485098467076166,0.0405619716839461,0.0101379859933858
"spot_538",0.0191084700932404,0.142972535883241,0.010331380503708,0.062587505244597,0.185112166051868,0.00958796215004254,0.454666761192272,0.0491754004677337,0.0664578184132982
"spot_539",0.0205437415153157,0.0950464380795517,0.0192405943662409,0.0684113656810366,0.0734333617531418,0.0149672965183156,0.613519689710002,0.0913601927888115,0.00347731958758475
"spot_540",0.0220014146361231,0.00368955861113245,0.00229324682989224,0.0338582701381127,0.0345453000082879,0.00165062418255864,0.815261733169703,0.0762389403468865,0.0104609120773033
"spot_541",0.0437484180759164,0.256946652456242,0.0452573674320315,0.116754125494816,0.0469290262357779,0.00962292914403864,0.340663331713186,0.134233741764788,0.00584440768320242
"spot_542",0.0435496030145625,0.122419321439095,0.0390409496348543,0.112476041386665,0.0281627923925603,0.00183014303903399,0.566715313728524,0.0853484485987256,0.000457386765979293
"spot_543",0.0648628333822531,0.117891473670511,0.0228862538486698,0.0623069324440738,0.223353033447858,0.00221475211832612,0.447830314759236,0.0460479877690429,0.0126064185600296
"spot_544",0.0382228572199366,0.140872090682533,0.0316471572395372,0.0586814225508457,0.110756400995417,0.0280806671544766,0.516850514434859,0.0462050625640038,0.0286838271583918
"spot_545",0.0103852404963699,0.00568252418289398,0.00227969829176325,0.0462469457507602,0.08562927925183,0.0246729312867451,0.702099761099156,0.0967161981284971,0.0262874215119842
"spot_546",0.0339176150562441,0.235469826646344,0.0425399913920697,0.0996786579469881,0.114142498000282,0.0539489823291403,0.328087859589678,0.069491390590541,0.0227231784487132
"spot_547",0.0119539435072153,0.23100081919466,0.0526672318711214,0.106430926514534,0.0257533874782228,0.000719938293587767,0.464730748028005,0.106424522268669,0.000318482843984122
"spot_548",0.0380536607110702,0.275554438731031,0.059748944688549,0.0590840966498427,0.129544262443543,0.0542018924047661,0.275931112728227,0.0963519929217592,0.0115295987212112
"spot_549",0.0280914598913477,0.248616031780296,0.0527153811663054,0.0348154535734084,0.147213974989456,0.0010940578191379,0.402556997320898,0.0839470202474987,0.00094962321165186
"spot_550",0.00977005760125538,0.00252368002111647,0.00462827592665366,0.043585946928796,0.0257855600281328,0.000892421326620265,0.820745830086613,0.0897713977428057,0.00229683033800679
"spot_551",0.00741135902327614,0.00473661924585359,0.00546858134588519,0.0510456686424669,0.0113832308839074,0.0012094020327119,0.881743785334247,0.0345987791271183,0.00240257436453354
"spot_552",0.0291949112076371,0.0763810352863911,0.0182949870721946,0.163127225046652,0.19245387878763,0.000521741938117155,0.451416973756904,0.0665510145097015,0.00205823239477225
"spot_553",0.0334632649409778,0.0599714495750268,0.00852630787020743,0.0697049454968263,0.100833054545877,0.0200218812192349,0.620861267144001,0.0708627990601771,0.0157550301476719
"spot_554",0.00430149216205519,0.00552485435925878,0.0116508043700962,0.193779615086177,0.000930778996344404,2.53546321705529e-05,0.765210810137365,0.0185733684354006,2.92182113225578e-06
"spot_555",0.0272699457587416,0.00541490303909413,0.00150907176685237,0.126209559825816,0.594131328810022,0.0760638232202172,0.0702446942513373,0.0422587360610085,0.0568979372669111
"spot_556",0.0183268549541061,0.00165051752609175,0.0105962496271118,0.107810689787411,0.735771526465328,0.00901338397473531,0.0436316995399619,0.0158450180754955,0.0573540600497585
"spot_557",0.0332903505576301,0.204775273280627,0.0225208891424545,0.0680251834263147,0.0943310266760788,0.0179035811167701,0.39998577399693,0.110343433360119,0.0488244884430758
"spot_558",0.0287369986940255,0.013549563716578,0.00797528031341991,0.0459368918783461,0.353537949519482,0.0733970345152692,0.331534464473275,0.0879087692976931,0.0574230475919108
"spot_559",0.0179652249136181,0.263230934165587,0.0100612164641498,0.0427439670847225,0.0410306965209818,0.000691208159996485,0.571967732210009,0.0521872499464466,0.000121770534488928
"spot_560",0.0269752114215236,0.289469112568581,0.0422793261287916,0.199876508094735,0.18854755093388,0.000440473454651203,0.181125547569868,0.0678476322158515,0.00343863761211772
"spot_561",0.0128583593898458,0.0908958539747678,0.00917784836987062,0.0836391952815625,0.0359114565736928,0.00701355728348711,0.683222518683274,0.0747806884968792,0.00250052194662062
"spot_562",0.061158583489436,0.182896607500498,0.0245174289659674,0.0654766824965413,0.0651077637825687,0.0438095003710262,0.424689028281708,0.124470571558964,0.00787383355329082
"spot_563",0.0442938055390343,0.16926342076317,0.0538452191259973,0.110571008492207,0.0530226305679054,0.00423450881124173,0.484930666486672,0.0761015216250467,0.00373721858872507
"spot_564",0.0276386159899681,0.000186934396859946,0.000988368690372379,0.0397056459235322,0.0149194973441753,4.29591569542315e-05,0.780235602385924,0.114220671424761,0.0220617046874522
"spot_565",0.0307920912060123,0.151844879168735,0.013422379850899,0.0527269828252839,0.0154882078642933,0.00194856130972933,0.662616656053779,0.0670817611258632,0.00407848059540467
"spot_566",0.0323876430688205,0.277900855888669,0.0225073636486265,0.0767502678526856,0.145514878107724,0.0137048627409858,0.316474199533295,0.0711793500812938,0.0435805790778995
"spot_567",0.0533741153829405,0.219392394255378,0.0578698077820527,0.0585101162600896,0.053688618327167,0.0192359683252821,0.431928714571518,0.103600056277181,0.00240020881839165
"spot_568",0.20048835494459,0.163558346460141,0.0375359632874788,0.0869269384981417,0.187602056768847,0.0037143830897372,0.206458748921239,0.102421086465837,0.011294121563988
"spot_569",0.0439684754248487,0.12306136092787,0.0555514734692604,0.0943952019487093,0.442866059599122,0.0107613951546393,0.0963947363253114,0.0368530980877479,0.0961481990624901
"spot_570",0.0377032203817139,0.271121754020942,0.0574247566532266,0.0506748339050193,0.0221532781815102,0.000836898205623269,0.404280528660255,0.155531248626024,0.000273481365685408
"spot_571",0.0301643919194371,0.0743390550737702,0.0261994516183586,0.046821541019464,0.2008909659663,0.050930938631587,0.472098341587113,0.0694016653101253,0.0291536488738442
"spot_572",0.0410764920750217,0.212821019354528,0.0731394947787985,0.0227787122006161,0.0807452349585031,0.00200750589980911,0.381667201967849,0.0857427140822357,0.100021624682638
"spot_573",0.0110100443916534,0.113696078260651,0.00397751962412193,0.0618139393937066,0.0252261148393883,0.00214675345671195,0.685523161233768,0.0926957195745312,0.0039106692254679
"spot_574",0.00876834158531411,0.269382129675158,0.0366852692210191,0.0901040716631437,0.0602911677403452,0.00243159282099292,0.469592624933737,0.0596910222824436,0.00305378007784699
"spot_575",0.0309853818150797,0.0992587462457641,0.00739889500416712,0.0610797244874319,0.0412421151524903,0.000879561640928683,0.709665549640534,0.0450346655345156,0.0044553604790882
"spot_576",0.0360921312408653,0.10565688333214,0.015872864340884,0.0787606511066768,0.0387879566427247,0.0297287482150944,0.591014921335801,0.0741113168159369,0.0299745269698768
"spot_577",0.0125763194400438,0.0925444876122985,0.0347920071843436,0.0763157718279307,0.0352249277694682,0.00500399021143611,0.677653710207155,0.0598079021705041,0.00608088357682001
"spot_578",0.0456511489099716,0.119438872420688,0.0389693812382497,0.104339178669531,0.0481560104868365,0.0566529042974789,0.518855219472959,0.0613264994413104,0.00661078506297557
"spot_579",0.0263758959425833,0.16731489053052,0.0801020396708794,0.0612712885150858,0.0171563849854765,0.0119174215890589,0.541670685241358,0.0914822241973468,0.00270916932769124
"spot_580",0.0699872148733743,0.280218006398829,0.0586498013772652,0.0529139838226019,0.236943372400347,0.0659107219820451,0.0493934903974121,0.0586332989201003,0.127350109828025
"spot_581",0.0304236725998921,0.0637495021249501,0.0105196482824219,0.0419504877258431,0.0878634947099508,0.0574973227854745,0.609903348341145,0.0571285758404709,0.0409639475898517
"spot_582",0.0111037258577896,0.139384866220776,0.035171644038638,0.0401082631857003,0.0066506760824515,1.34364303227511e-05,0.681972760035194,0.0854956581176461,9.89700314819957e-05
"spot_583",0.0291634092209442,0.137937968391898,0.030228487857537,0.0413756269083579,0.181942033236064,0.0239171285502884,0.452857821539376,0.0421875175578186,0.0603900067377155
"spot_584",0.0483181010401979,0.174429695061865,0.108700631012858,0.0684215247905578,0.0403779792424016,0.000617725642703047,0.4766042430139,0.0815898335901041,0.000940266605412648
"spot_585",0.0350959398221555,0.151305017858146,0.0337632833315732,0.134587713716879,0.148781751257546,0.0876447888168574,0.161077796667866,0.236633380140179,0.0111103283887987
"spot_586",0.103251745686768,0.00978847306884737,0.0135872786625528,0.0323485111813344,0.541147068229307,0.0537950582015311,0.170725251267374,0.0173605789238996,0.0579960347783851
"spot_587",0.0221230111923776,0.114718741238585,0.0456699131798031,0.0857744383098238,0.358358541211331,0.00288197142896177,0.325979786337554,0.0313222469982822,0.0131713501032813
"spot_588",0.0363464353024419,0.172576409598084,0.0345411035662484,0.0612221362643802,0.319153564671992,0.0763568147510672,0.230477409970611,0.0534673109436846,0.015858814931491
"spot_589",0.000457202117110969,6.81020935696664e-06,7.13913346105158e-05,0.0535219338715267,0.49299001819803,0.00545795836907514,0.010126961521318,0.00168565877368319,0.435682065605288
"spot_590",0.0332277384153904,0.144187669595671,0.0204435873176344,0.078494191872732,0.0675052889765022,0.0875637437735856,0.540391293166266,0.0227248266985671,0.00546166018365143
"spot_591",0.0437292209208752,0.011020357757319,0.0542259121142733,0.0931841008327172,0.105985763050877,0.0283047140243019,0.615409851296131,0.0398542008278809,0.00828587917562399
"spot_592",0.0370746719000601,0.355771251017938,0.104485912866945,0.0845311625138818,0.063240247732313,0.00132598984974527,0.254495522267598,0.0982434468100153,0.000831795041503218
"spot_593",0.00107081532745244,0.00347717022472134,0.00424901514637528,0.0439296631782709,0.028767221770357,0.00330842749016116,0.903859542389108,0.00741457028239639,0.00392357419115746
"spot_594",0.0243745645541987,0.00601701183788586,0.00314507028016074,0.0463155315846597,0.376803912279748,0.0793595124709344,0.340138181602474,0.00623381998777526,0.117612395402163
"spot_595",0.0599126333503947,0.213286310542849,0.0570807721605709,0.0780332420728048,0.216040140027371,0.00245483491505501,0.221608916586952,0.137819815120719,0.0137633352232841
"spot_596",0.0497547773176726,0.0150935480991594,0.0745416079262125,0.0799323538271368,0.210647821414056,0.00303727490704955,0.549671761711671,0.00385547031890442,0.0134653844781381
"spot_597",0.0335127042715764,0.002167833578813,0.00251658072903506,0.194484487565768,0.0095534206580799,0.00156945003147431,0.719252255126096,0.0319237140371025,0.00501955400205485
"spot_598",0.0317886750456586,0.0560157474904662,0.019039679646,0.133982742502941,0.178731332934274,0.00282398919436499,0.534002709487703,0.0405061069741264,0.00310901672446569
"spot_599",0.0196529497300235,0.266203773568702,0.0361694182591355,0.0470621332480927,0.0153383667891891,0.000343588360669017,0.549313445322546,0.065854656938433,6.16677832096596e-05
"spot_600",0.0247234862135842,0.00818940200172972,0.00973402603975326,0.122623571504141,0.00179808886265957,0.00122532200430429,0.777627158939433,0.0506056070218149,0.00347333741258008
"spot_601",0.0668927134696521,0.0527458375248965,0.074502056756539,0.105744974340899,0.0938932483622294,0.0127831235311628,0.480507561533858,0.0812122519535418,0.0317182325272206
"spot_602",0.0317043439271834,0.130358388075905,0.0266542035832366,0.0189083020238464,0.191513855101582,0.0483173189023691,0.471046205588963,0.042315627093357,0.0391817557035569
"spot_603",0.0755772948767014,0.536492749506553,0.0653080000662042,0.100186289893782,0.0189322447986489,0.00101005078483752,0.0435738850014099,0.158806287062459,0.000113198009403435
"spot_604",0.05060221765406,0.118913426776811,0.0101018025753027,0.18290556786076,0.0836222261240978,0.0223513457532994,0.47916338699072,0.0496357340065045,0.00270429225844483
"spot_605",0.0228443583610125,0.00454218868554582,0.0168193060700099,0.0294782083516084,0.678308503863661,0.00226094000082955,0.170836520140246,0.0210325964024003,0.0538773781246864
"spot_606",0.0321201034929525,0.0413974567408959,0.00987139659259255,0.0724394051000258,0.0756776313169709,0.0274863065691133,0.675339586808197,0.0381777939082184,0.0274903194710333
"spot_607",0.0534711656909286,0.121551247086492,0.0607367619574609,0.0892538916851923,0.0851967099427698,0.0166653949864624,0.43214169274803,0.126665677886544,0.0143174580161198
"spot_608",0.0447258539529338,0.451955431536702,0.158069882312785,0.0748001379876473,0.0344643264999386,0.000289814160278206,0.0379852061714897,0.197362575953368,0.000346771424857325
"spot_609",0.0551276118607044,0.195776279755652,0.0539327494046879,0.0899115866060285,0.180235192693487,0.00792208150178585,0.357203144710319,0.0478157719805613,0.0120755814867749
"spot_610",0.0506605955211459,0.268031098320813,0.0335772582136424,0.114897522421683,0.219481005754381,0.0437388425030444,0.0245660990413492,0.124367580961043,0.120679997262898
"spot_611",0.0202279993680252,0.128710045018483,0.00961465241231908,0.147256100621748,0.0285562201593891,0.000411407572865669,0.59116117931326,0.0736752986618796,0.000387096872029885
"spot_612",0.00852978017882937,0.174119592265207,0.0343097216465319,0.0527246052480733,0.278948740428454,0.000615196160565153,0.337129696721831,0.110685722390656,0.00293694495985333
"spot_613",0.00561184163467264,0.10557915405527,0.0210543276605417,0.152531034284009,0.0312738827551284,0.00191950488389621,0.61734405512847,0.063762375595062,0.000923824002949762
"spot_614",0.017441952400748,0.138707078264398,0.0158007921829286,0.134098112848486,0.0805119781570547,0.0362572900218763,0.442249285220144,0.122241170720124,0.0126923401842408
"spot_615",0.0409019683455055,0.096491141048077,0.0597399687150431,0.032019688470823,0.199972067976885,0.000401404620605678,0.504494328352875,0.065286885522595,0.000692546947590443
"spot_616",0.00436711599283044,0.00295605781337732,0.00642649171649342,0.0917211061086307,0.63067090130342,0.000524180222104105,0.219418874212887,0.0222919776354331,0.0216232949948238
"spot_617",0.0106151935675982,0.00434991444692991,0.00458966226033903,0.0806101512429513,0.334629407395625,0.0203912349996575,0.476381330910757,0.0258490008582513,0.0425841043178907
"spot_618",0.0129722396563797,0.00239096406143339,0.00121664986536628,0.0407523997359298,0.326048156908026,0.036214454035453,0.454221614995571,0.0417675004704961,0.0844160202713446
"spot_619",0.0266559311081074,0.0806440758140587,0.0346388518875394,0.0415148273788081,0.012393754195493,0.000606045575122977,0.769469270346864,0.0337298955760175,0.000347348117988905
"spot_620",0.010952199269109,0.0748096212287826,0.00547547393680797,0.116371376780094,0.0922733243705352,0.00753592418265606,0.649907728427851,0.0367953353072711,0.00587901649689304
"spot_621",0.017733234847509,0.0864469295065765,0.0170049141477656,0.0255774746990275,0.0869863854894815,0.00480962875352602,0.617132505532977,0.0655266522720519,0.0787822747510846
"spot_622",0.00418678523450333,0.163324247830125,0.00204304871651086,0.0283443249880243,0.0166623073145982,0.00019888449643656,0.642265242521216,0.142365599664852,0.00060955923373402
"spot_623",0.0552632089179501,0.00142465380803855,0.0015129665811302,0.0267029943323943,0.0139740151090297,0.00665209338298686,0.813871309833341,0.0278398035858773,0.0527589544492519
"spot_624",0.0288476047183117,0.151688505019441,0.00634187124816073,0.0854335330443731,0.108271047632888,0.0136765445612163,0.498513468959734,0.0425057322527717,0.0647216925631032
"spot_625",0.00213655894012658,0.124634911530024,0.0180996267197935,0.0189608431091459,0.148045017861603,3.4188710559897e-05,0.629464128493264,0.0583212964623417,0.000303428173140808
"spot_626",0.0168696880552795,0.00385210075199718,0.0063044139423809,0.0531434477871912,0.0428168337673341,0.000815003323179341,0.842059552588065,0.0293104323895284,0.00482852739504458
"spot_627",0.028414692538666,0.164381276783781,0.0215065260719401,0.0849578260797264,0.0442078112089923,0.00130019826830492,0.552384067979724,0.101549245338482,0.00129835573038331
"spot_628",0.0923538319529058,0.110460386841533,0.0217592401965869,0.0802788744999991,0.174116766439282,0.0131038483063316,0.37600228244273,0.113969592058127,0.0179551772625046
"spot_629",0.0202604959222243,0.276602339563726,0.0507001564574411,0.00429481530248138,0.00764149205347351,5.2143091472861e-05,0.509313025961128,0.130645745962253,0.00048978568579931
"spot_630",0.0202261744728383,0.054263070777159,0.0131732510098907,0.104648079289272,0.146370590970011,0.00399936887770113,0.599782561322686,0.0551269419753905,0.00240996130505235
"spot_631",0.0533225286951705,0.217628852493686,0.0870531840094932,0.0769306624780568,0.0532086236797363,0.00154299524331653,0.450560238077338,0.0591790339502288,0.000573881372973929
"spot_632",0.0586110997775534,0.220140520588753,0.0867375456782703,0.0342857582610383,0.0364924527906436,0.00141216473714792,0.467316020501851,0.0937300385161728,0.00127439914856902
"spot_633",0.027587131354145,0.310282106400936,0.0643051688398245,0.0740763776431974,0.0145300665702521,0.00098972671860316,0.397075428788742,0.109957472020428,0.00119652166387107
"spot_634",0.0509034306359507,0.118762451825562,0.0239913388940155,0.0426181111508327,0.259921996450847,0.0460978969550412,0.385244466155211,0.0304549466489512,0.0420053612835881
"spot_635",0.0562548050106116,0.114510130817453,0.0688293140974932,0.118952342208767,0.151662657134499,0.00644956378903089,0.335123259626551,0.0584646011338727,0.089753326181721
"spot_636",0.02046238170274,0.0454466671857489,0.0350643188785375,0.100989467535321,0.0699501028778375,0.00397831012506854,0.608225990683413,0.0760353366575893,0.0398474243537449
"spot_637",0.042501012473377,0.0687095766775227,0.0262358701203367,0.0618862326118579,0.133885884986924,0.000804381955820656,0.608442758102189,0.0536213201741095,0.00391296289786173
"spot_638",0.014386862615583,0.119204781252888,0.00654292962999983,0.0288743306173728,0.090505768042781,0.0773080499678611,0.61717345181467,0.0319086388789733,0.0140951871798711
"spot_639",0.0295634042108825,0.101044147353796,0.0134729829634313,0.0660871546112109,0.20191079352307,0.037994881922765,0.374806625204941,0.115981137442179,0.0591388727677248
"spot_640",0.0650073728876602,0.147478854946501,0.0179848555548676,0.113310275325522,0.201573369928206,0.0256236094125645,0.370279422524729,0.0350317370636538,0.0237105023562952
"spot_641",0.127848013603865,0.341887612874761,0.077695225106252,0.148274842821938,0.0942781480919341,0.00518189834638631,0.0494727016977212,0.155076312983269,0.00028524447387402
"spot_642",0.0340377855361934,0.302128183428484,0.11414777961409,0.103276398551014,0.0232636398523832,0.000854620414730796,0.194072228062795,0.228029877954296,0.000189486586013543
"spot_643",0.0399914003974162,0.255419442293388,0.0321348684173693,0.0259611734363619,0.253587347460691,0.0425410244395002,0.252973085538239,0.0677339828692052,0.02965767514783
"spot_644",0.0613426549546219,0.308178531830418,0.0505860851273281,0.0789483906048052,0.166151191524271,0.00184922013709211,0.204132603230994,0.117518367570811,0.0112929550196586
"spot_645",0.0223918955052967,0.0164701979357469,0.00326285946234969,0.0669721099057584,0.373574779381079,0.0603491053280389,0.326562092502189,0.076931969747662,0.0534849902318796
"spot_646",0.0275443261082797,0.00784538352048384,0.0121615078083695,0.0422426354696357,0.39622623852003,0.0919548200320851,0.340610432811615,0.0548028912581062,0.026611764471395
"spot_647",0.0175420956318118,0.0146292688234348,0.0106978342527304,0.0896543162291033,0.435586724344228,0.0967465298863384,0.274617145062555,0.0298938352912757,0.030632250478523
"spot_648",0.0362075088326447,0.156158862066972,0.0182535375239664,0.147443964077005,0.351122885455926,0.0017283235412988,0.265866048080665,0.0048442151350624,0.018374655286459
"spot_649",0.0187771929972435,0.19791397601254,0.016510098122164,0.0404662588789078,0.262628588370696,0.0354442589349905,0.259580710011398,0.0709721174223327,0.0977067992497271
"spot_650",0.0384458688728843,0.152754310647876,0.0534978010441819,0.0709609079471692,0.0725829165709872,0.0163918413789408,0.503281102251501,0.0756237503261558,0.0164615009603033
"spot_651",0.0417470945222099,0.183238319238703,0.0319534834890749,0.119735284032428,0.16167056190493,0.054051033521525,0.275666505775041,0.0767807165199898,0.0551570009960987
"spot_652",0.0450805546494011,0.146436518545822,0.00960611177993943,0.101743095119283,0.213663329707536,0.00473748399145942,0.393048393944521,0.0658157296532099,0.0198687826088291
"spot_653",0.0291364376574443,0.171298801252479,0.0485066650013737,0.101427816393547,0.320128000640143,0.000459344134488197,0.236674406831388,0.0848078865904812,0.00756064149865623
"spot_654",0.0568832159443152,0.153423225490315,0.0483771738718605,0.0268714959847167,0.0955208476033116,0.0027438597118629,0.54359260094333,0.0704360844250404,0.00215149602524731
"spot_655",0.0827356207425896,0.262897871357317,0.0319085406673857,0.090943562042825,0.166369060133799,0.0449921056387033,0.150713430601707,0.120004984772102,0.0494348240435718
"spot_656",0.00742041980935785,0.000788360749355038,0.00176040043360244,0.0992360047902628,0.309098328520994,0.00096749127724668,0.498747446686052,0.0096002105425347,0.0723813371905948
"spot_657",0.0697795296200587,0.167453070516623,0.0456402229199616,0.126165478091732,0.0410844101512413,0.0132447670786981,0.478402714419008,0.0565731727638836,0.00165663443879403
"spot_658",0.0677313901329822,0.159820902621277,0.0881271567686286,0.0677231500976559,0.21782852381673,0.012923362355341,0.261881089901583,0.0934642525638608,0.0305001717419409
"spot_659",0.0653165423558549,0.0966035774832772,0.0194896578979953,0.0373139579655138,0.0363185529562518,0.00280709515906062,0.582595791862725,0.156904291436767,0.00265053288255451
"spot_660",0.045126434254585,0.300953541293294,0.0588623590340304,0.156725229943253,0.0427415870259055,0.00159703739775196,0.295530128526144,0.0968263174661934,0.00163736505884299
"spot_661",0.0608150521172516,0.26138601407781,0.0851405062369174,0.0864683724932525,0.178216786346484,0.0016170248342124,0.21598880794651,0.107025125561287,0.00334231038627618
"spot_662",0.0380656165387869,0.292389256075267,0.0663602220923512,0.0576386805406251,0.0302057276849144,0.00148743581842941,0.385289968423125,0.127812139004528,0.000750953821972708
"spot_663",0.0382428660649697,0.116866951799796,0.0377269338795167,0.0792427297077165,0.0286524552088561,0.00141931080208248,0.627092769181339,0.0691285172594968,0.00162746609622695
"spot_664",0.0212793567059938,0.00564284597155918,0.00248381200371127,0.0484004532150902,0.0989983883276837,0.0370746665075183,0.667994955135806,0.0265352709302465,0.0915902512023906
"spot_665",0.00855680085651096,0.0512144872385819,0.0085898442623118,0.0461274541516945,0.0353364546109137,0.00234795891633728,0.786815397412517,0.0593772639808073,0.00163433857032569
"spot_666",0.0296287209288839,0.192495608262243,0.0433654764167584,0.047152855744774,0.158006012430675,0.00338656275585884,0.343050079063501,0.0568478158648709,0.126066868532435
"spot_667",0.0327707236315917,0.308669115279593,0.119537156022438,0.0392055318663815,0.0430470190158302,0.000314727578924948,0.222265389687258,0.233765259385514,0.000425077532468874
"spot_668",0.00987469807799314,0.00848569209492745,0.00124532018112757,0.0270661835793736,0.0170347267663999,0.000693114856334762,0.794015886082266,0.14125190208005,0.00033247628152753
"spot_669",0.0381749821410566,0.151710597419258,0.0284798616155662,0.0711644762528637,0.0859093452181662,0.045915861636033,0.523239252539752,0.0371807819727175,0.0182248412045874
"spot_670",0.012222499042045,0.185515136137624,0.0143819374670678,0.0648312236935667,0.145460588984903,0.0661379841931184,0.297486453597395,0.171627039635924,0.0423371372483557
"spot_671",0.0122069224090925,0.117078278726993,0.00438935735758867,0.0697693252413871,0.0257197505457978,0.00388926770564756,0.704321591258014,0.0608323641981654,0.00179314255731448
"spot_672",0.0264447643690112,0.3752604182726,0.0688379512010587,0.00320652799818212,0.016028182454598,8.76704824634898e-05,0.399943015435658,0.110160699167675,3.07706187539007e-05
"spot_673",0.0523358697542023,0.233899660669476,0.0692442825949898,0.0936531035139394,0.160689935399155,0.000419280454558903,0.293607571891771,0.0947998324783119,0.00135046324359569
"spot_674",0.016851267744295,0.0942153459340661,0.0069097287726103,0.166873356200993,0.0219045596299054,0.00179679883638686,0.575094792127346,0.115902135920515,0.000452014833881634
"spot_675",0.0473201550894853,0.0855618038502449,0.0230074830920618,0.118006486141984,0.0456901047179431,0.00573313835300811,0.648009822615489,0.0233113329208872,0.0033596732188969
"spot_676",0.0139648957489212,0.0673712557294892,0.0246380482012045,0.0678653703981548,0.00805679342776949,0.00154958681598418,0.712789564587233,0.103176593309293,0.000587891781950409
"spot_677",0.0472418657179118,0.122898401886472,0.0191281412896796,0.0644314703431503,0.29522192805626,0.0447867798037512,0.336280141777106,0.0245349290520157,0.0454763420736534
"spot_678",0.0267972819450974,0.149829430598437,0.0170717149428009,0.0543039705666089,0.0141964198022197,0.001102358299735,0.685850204957585,0.0487936374769234,0.00205498141059299
"spot_679",0.0105496006096429,0.00130102942370635,0.00349020204957749,0.0644188184327541,0.152424468210547,0.00529115164643574,0.640030591338938,0.033204912032896,0.0892892262555024
"spot_680",0.021017795535571,0.00904142691310386,0.00307504784742283,0.0590062585812168,0.00847327245321399,0.00145957825520446,0.860311013117542,0.0274344732943206,0.0101811340024043
"spot_681",0.038699631309307,0.143258128600815,0.0264463338445381,0.0553457240739884,0.114375314099266,0.0235688641709043,0.451623805593677,0.0745254083722759,0.072156789935228
"spot_682",0.00701498619007524,0.00472070155605801,0.0023661975321488,0.0361635085432373,0.0152322510311974,0.000170460733242646,0.863907843788887,0.0694935266431084,0.000930523982045145
"spot_683",0.0900632454310997,0.247804343262117,0.0481698835367004,0.0813474084878723,0.0791241377094087,0.00178407038227151,0.342390161227894,0.0910454015781753,0.0182713483844607
"spot_684",0.0101709220868131,0.221851351845002,0.0483343675433976,0.0715002548276944,0.0235496703228616,0.000613517927042434,0.503547180483865,0.120233919647868,0.000198815315455794
"spot_685",0.0222125698883625,0.172476043378498,0.0555151835460884,0.0671320656174947,0.0754670132266852,0.00102349331856656,0.515423948756749,0.0876839494400012,0.00306573282755384
"spot_686",0.0449158604036023,0.0898433657163935,0.0145900397952343,0.127649390902182,0.151990683427473,0.0373856764477775,0.459602340125567,0.061057044081419,0.0129655991003514
"spot_688",0.0399493662923108,0.320971900933314,0.028372721766397,0.0247575895567255,0.0308361106372267,0.000249468795192591,0.472220118839956,0.0824864865796815,0.000156236599195925
"spot_689",0.0520889993438959,0.156367963056443,0.0257060708783596,0.0279634310141702,0.221361392898357,0.000754145544564618,0.443293384898576,0.0641450162678199,0.00831959609781359
"spot_690",0.0316179094614933,0.203760992996049,0.0193938537877172,0.0466601092558443,0.162018035644837,0.00649600825365596,0.296529313466928,0.103683237539439,0.129840539594035
"spot_691",0.0245431056201933,0.00697133311624991,0.00465203161273765,0.10150862640135,0.034762647051908,0.00432233830274008,0.778922355931437,0.0374241410471451,0.00689342091623907
"spot_692",0.0162872922330802,0.22418185275219,0.0258533601413887,0.188966980221834,0.0560840879428387,0.00293358484188861,0.437866767294094,0.0438015922813302,0.00402448229135498
"spot_693",0.0427603037545113,0.269883850164179,0.064311646396717,0.0276077112055478,0.375283285405106,0.001975094827694,0.0428131228548267,0.0863048583418415,0.089060127049576
"spot_694",0.0440757579408515,0.0036129355445812,0.00636539569665587,0.0432476760156511,0.0316921962215744,0.000254593108136524,0.836303069355045,0.0329012123960892,0.00154716372141508
"spot_695",0.0591460706786557,0.193597408674677,0.0464600437051545,0.099917359664127,0.0269135437259923,0.00321489999685683,0.481046965814473,0.0881484577610207,0.00155524997904388
"spot_696",0.0138258568846545,0.225112724105081,0.0282719786655533,0.105979915724541,0.22422060636208,0.0196317447622216,0.237487107676615,0.112041030339342,0.0334290354799115
"spot_697",0.0505890513475895,0.0847531771816259,0.0121062409731201,0.142958824257064,0.169946147901869,0.0212958150978795,0.465516484358323,0.0347698210140006,0.0180644378685284
"spot_698",0.116447734913014,0.15529403658498,0.0346085705872512,0.080877880450525,0.105747643388015,0.00207997962514812,0.464897088268395,0.0383695372971664,0.00167752888550464
"spot_699",0.0368964893676951,0.0595856546491086,0.0112936929886658,0.0991629409435998,0.0381872073719214,0.00429461530259659,0.689208930008726,0.0562026359439445,0.005167833423742
"spot_700",0.070861765874133,0.339291968974214,0.0661627929229019,0.107156328799395,0.256156547092135,0.00190469154897971,0.0372184383807466,0.119094865521737,0.00215260088575791
"spot_701",0.0214562953438725,0.0492835796456295,0.0292283694565023,0.125900098373311,0.132062458845925,0.00396734777634345,0.53722975460171,0.0884080220527556,0.0124640739039503
"spot_702",0.0227282596344979,0.108706559655667,0.00694914584028207,0.133941957273945,0.0760561605449434,0.0605750597248286,0.543956010791231,0.0303629179302251,0.0167239286043797
"spot_703",0.0316491524243177,0.152857808198039,0.0146671950243647,0.128632734925096,0.143718246983866,0.00495565747758923,0.300949399980371,0.10141861246489,0.121151192521467
"spot_704",0.0190167902814678,0.0922906262374989,0.019074876909757,0.0669839700518653,0.0196201269973668,0.000918042823505992,0.708639646996249,0.0718568073530496,0.00159911234923963
"spot_705",0.0766982098494012,0.465858435199612,0.106912394306912,0.0452539664439974,0.0813349257844729,0.00280673212092268,0.0269726335730294,0.193540177691275,0.000622525030377907
"spot_706",0.0288968762998344,0.19794779077664,0.0566826540461092,0.00643523262600918,0.00551334896784084,0.000477343556234792,0.581344485110551,0.120030755340523,0.00267151327625821
"spot_707",0.0374670622619754,0.110769917439746,0.0127438913228846,0.119049168903214,0.0415669680323834,0.0045670821265012,0.582504722561854,0.0877966844230266,0.00353450292841531
"spot_708",0.0424330396666805,0.0757896860502776,0.0160043169216878,0.0820617522238243,0.261023330455244,0.0194446930333097,0.340432951337562,0.0730303566990189,0.089779873612395
"spot_709",0.0428606510278538,0.346815045453596,0.0540582768160733,0.0445549412233934,0.117780537821459,0.0111433439856483,0.279018339617356,0.0902673605233143,0.0135015035313063
"spot_710",0.00828545534608745,0.00110036094333468,0.00463448470955676,0.017519322031261,0.430971715557371,0.000361760662864291,0.492460526251672,0.0347259196321338,0.0099404548657189
"spot_711",0.0280312662062633,0.00500025357015305,0.00116142027474758,0.0255498827986103,0.160172192379277,0.106634138840283,0.527606940300917,0.0742515569359963,0.0715923486937523
"spot_712",0.0041956616709746,0.00320673083602825,0.00170479071920223,0.11094608858102,0.359709477352274,0.0026266818626853,0.446340020455877,0.0579068090714593,0.0133637394504797
"spot_713",0.0427699781481112,0.259988426733503,0.0891933485084807,0.0788998020131144,0.0998533277224472,0.0405323203163179,0.261893005480562,0.11897429642738,0.00789549465008349
"spot_714",0.0398269693053261,0.271444657905725,0.0495610821787993,0.0666808345272549,0.122619933868922,0.0159245203055447,0.303753856057663,0.0740399316110328,0.0561482142397308
"spot_715",0.0191377018709728,0.0312011126755924,0.0105955400640506,0.0970521120709329,0.058780770825087,0.00800657327805538,0.717258557353841,0.0398694206771337,0.0180982111843338
"spot_716",0.0223376049325328,0.00583389820366675,0.00261154106417902,0.0426969459318985,0.103891905798113,0.0365314304574307,0.585139280674385,0.0353808648136625,0.165576528124132
"spot_717",0.0435101745086129,0.252657409272862,0.059588980638162,0.0376402351408158,0.327864449674482,0.000467113863265252,0.166993916158595,0.10903674691177,0.00224097383143544
"spot_718",0.0470506381616843,0.307879627460305,0.0329546772015889,0.0725183184283385,0.0599257136734098,0.000757798055748282,0.387373035820762,0.0904617206832315,0.00107847051493152
"spot_719",0.032999850266465,0.0814862472578263,0.0101541887226784,0.056961181595344,0.0998695241624242,0.0406368147920494,0.568895779820298,0.084687461750745,0.0243089516321692
"spot_720",0.0461261190746227,0.150240488625322,0.0826206801547726,0.0608738173630803,0.456288153125896,0.0323551149644269,0.030490751892605,0.0907239501228286,0.0502809246764461
"spot_721",0.0348207729373901,0.166479522120619,0.0282042253896694,0.0322353935201652,0.0211345156728529,0.000543574699365684,0.659642114371472,0.0549396329307288,0.00200024835773755
"spot_722",0.0621324379782369,0.0723810911122521,0.0390643385278302,0.125555022749187,0.0956329491560276,0.0390580389554169,0.489051106288651,0.0465956360083773,0.0305293792240207
"spot_723",0.0558979756960232,0.163281135229426,0.0535936037133766,0.0441330158305903,0.100953001708883,0.057886938282288,0.418819321644904,0.0693771618596676,0.0360578460348419
"spot_724",0.0390767435406228,0.326811824134733,0.197255161410671,0.0695300738195146,0.0436520424903535,0.000636987160187397,0.211197100645142,0.110420740521882,0.0014193262768934
"spot_725",0.0289884181510461,0.170560426182474,0.0206166717485225,0.0457391268271932,0.176380407228915,0.000628961710904914,0.504562439157791,0.0476411289597346,0.00488242003341903
"spot_726",0.0502416687291968,0.125459531271393,0.019513501126389,0.0653888797191688,0.0452813887446317,0.00174724656294766,0.637176445405287,0.0489777862309499,0.0062135522100363
"spot_727",0.0175610235618772,0.00437021870649652,0.00704184403913444,0.00503927613549677,0.357059322997145,0.0512548447606593,0.450241495824829,0.00625197533901471,0.101179998635347
"spot_728",0.0285353407913664,0.269912952590107,0.0291910837031694,0.0600984239255338,0.152766898944495,0.0116914915712173,0.314274786327921,0.0630660794430454,0.070462942703144
"spot_729",0.0249190908634014,0.00522574723133361,0.00203442886143656,0.0655623165411889,0.0989927513888025,0.0569333031394907,0.57926407748739,0.066533289598263,0.100534994888693
"spot_730",0.0407065639637457,0.260815864394252,0.0469859777520355,0.0537743739910386,0.154971991492201,0.000743229276622142,0.289609055135572,0.147754313437818,0.0046386305567152
"spot_731",0.0121302273613379,0.0247722463356679,0.02561410963534,0.0296102940606162,0.418118111680013,0.215827347644905,0.0453255699725557,0.046106094342476,0.182495998967088
"spot_732",0.0859873177135817,0.00548226258610842,0.00638653256283615,0.289165840628481,0.183691993858588,0.046293094701943,0.282609450580521,0.0402394647239064,0.0601440426440341
"spot_733",0.0980523209734394,0.128461719767621,0.0418628479634018,0.0543704348703765,0.0329224989871512,0.00202309451140609,0.566517680723078,0.0683371617010263,0.00745224050249972
"spot_734",0.0796418503390497,0.403291035514338,0.0578863631988283,0.183614313752991,0.084811983311884,0.02804801234385,0.0596718779967071,0.101814321613457,0.00122024192889437
"spot_735",0.0721354763220312,0.502519135738642,0.0480658730382797,0.0166925720260543,0.134401510958768,0.0136148340241053,0.0615609659613619,0.150995970083794,1.36618469634728e-05
"spot_736",0.0432804614606871,0.152209348348025,0.0192224012309436,0.102674426911825,0.109347071769134,0.0572846100766113,0.356039401990775,0.0639596479224957,0.0959826302895024
"spot_737",0.0278398484184879,0.0929670835419759,0.00582411149410079,0.0591598886556162,0.153772396905359,0.000854308264567177,0.599594245513255,0.0578522852551231,0.00213583195151476
"spot_738",0.0229006997729725,0.00216077606938238,0.00290554413038894,0.0869102864212692,0.0255597835361766,0.0017103770131887,0.842952399497993,0.0060701096537792,0.00883002390484957
"spot_739",0.0541624472098424,0.148149493505285,0.0331835560553629,0.0547035084582499,0.398565182253131,0.000992756909729663,0.240105933296822,0.0446914451054723,0.025445677206104
"spot_740",0.0148964414660406,0.184020255923527,0.0088684650804691,0.0986929847354167,0.10992311834744,0.0794032356338838,0.340019650839269,0.14450516145241,0.0196706865215432
"spot_741",0.0910448342556612,0.285404751351998,0.0359747075741892,0.0674146269589492,0.114679450636946,0.0419027004735907,0.24597424604954,0.0605832376427876,0.0570214450563389
"spot_742",0.0128531586304926,0.141797226985477,0.0347838637624125,0.107147243648018,0.0991866920603206,0.00141618814746511,0.566782826016699,0.0350135781473528,0.00101922260176277
"spot_743",0.0237595463320403,0.0502067354987108,0.108468232163838,0.092418317630761,0.107550898736529,0.0573947473731353,0.497212368299367,0.0506736157886393,0.0123155381769794
"spot_744",0.00988276730454426,0.216507544367092,0.0434788469552449,0.143889354900006,0.172211249119697,0.00906974381872861,0.217200239131161,0.0970473029330673,0.0907129514704583
"spot_745",0.0754484202252162,0.248953001006532,0.114154506341982,0.0388494475994613,0.377341431999649,0.000480047772098803,0.011469342450693,0.127251728030299,0.00605207457406806
"spot_746",0.0271337225510366,0.269747268796943,0.0803778916097071,0.0936533405086936,0.115533900572498,0.049419970000797,0.188635553809,0.138072983304538,0.0374253688467852
"spot_747",0.0452689224985798,0.242118059737333,0.0645851569641241,0.0397900844190941,0.138763533402489,0.0112294621086364,0.358339705021281,0.0887144208653781,0.0111906549830848
"spot_748",0.0397688913308986,0.238034925776445,0.038945320780861,0.0608192123430179,0.122930245036887,0.0511176703812638,0.264736210213595,0.153392240071255,0.0302552840657763
"spot_749",0.00974634365807414,0.234004597858846,0.00145932722406982,0.0488918989370523,0.0309279004867511,0.000706238784090935,0.575680108508508,0.0979639711127896,0.000619613429817705
"spot_750",0.0424873975839824,0.149031592987871,0.0471836098075654,0.104188769655207,0.0388583565478542,0.0522851579429876,0.481833088415702,0.0809233013134464,0.00320872574538482
"spot_751",0.0677304901954862,0.0220219220521618,0.0225526655272377,0.0610833696177537,0.290033569451571,0.250925733212018,0.201720508867199,0.0117654224473464,0.0721663186292259
"spot_752",0.0645201494996095,0.261457673454756,0.0901959268151514,0.0483201718927872,0.168214394709887,0.0936332599481772,0.0339112126337996,0.146016428443024,0.0937307826028081
"spot_753",0.0563218584923176,0.514429403631783,0.0683606607538036,0.122972891066541,0.0292647202485027,0.00106228897033016,0.146056121848665,0.0611233832707727,0.000408671717283431
"spot_754",0.0394349736697906,0.191665427389471,0.0243382418206438,0.0612954017859288,0.0908089123885858,0.0340506904571501,0.443763733819577,0.109011620723535,0.00563099794531794
"spot_755",0.040511524929906,0.186949356001484,0.0274633882423198,0.0710688696722375,0.194719395670789,0.034976128191018,0.352801809784629,0.05457051029612,0.0369390172114968
"spot_756",0.0308111691072955,0.211670808142106,0.0539319562511158,0.0865008440623624,0.0458416159297709,0.00323794559695708,0.477375688179213,0.0900056949134751,0.000624277817704977
"spot_757",0.0675047065456766,0.180186626951621,0.0586591756477626,0.0635098589408054,0.11733680396975,0.0421146883184453,0.352915912873186,0.0918268444384683,0.0259453823142849
"spot_758",0.0145437010776306,0.00989362793798979,0.003785711778947,0.107464719420564,0.0280726889649537,0.00189091607597104,0.782703678377893,0.0506427584953487,0.00100219787070157
"spot_759",0.0894045760065732,0.438463393544261,0.0575705912601367,0.0288770709239417,0.0435735575252841,0.00162163209790303,0.167470128312679,0.171660778698389,0.00135827163083348
"spot_760",0.0506790376007058,0.183367131412449,0.0181835491461651,0.0664654273542011,0.0361358476975143,0.0019768666657917,0.572512845543779,0.0679567576129759,0.00272253696641755
"spot_761",0.0145235110775721,0.197065532942364,0.00440428628697826,0.111144154451988,0.0228777076913685,0.00104668103355987,0.558421755673304,0.0899389361454273,0.000577434697438455
"spot_763",0.0141936004426699,0.00192294767855195,0.00193278442010878,0.334182720662169,0.519836715598185,0.00204699783327743,0.0753118961780498,0.00752147706111299,0.0430508601258748
"spot_764",0.0386544083631277,0.308053794062555,0.0261935242462013,0.0609499326610526,0.0199210834162111,0.00149576897869777,0.408139833753138,0.135738705863234,0.000852948655782958
"spot_765",0.0223331347061005,0.0896681285366992,0.00738090796491112,0.224185978042909,0.0637174091107024,0.0217915121447873,0.499259110135592,0.0346558554564498,0.0370079639018486
"spot_766",0.0272550916024886,0.317599258284397,0.0203785245624397,0.0539300672202209,0.107734135333395,0.0561326735822412,0.255948521163298,0.117163169094043,0.0438585591574769
"spot_767",0.0306021089857459,0.0915514700867314,0.0160551408136778,0.103996821673313,0.109575077074784,0.047527042279281,0.489039501366343,0.0475555020062988,0.0640973357138253
"spot_768",0.0247067294105718,0.144226123542803,0.027931580253717,0.115944544654891,0.0223711522739159,0.00272770939597241,0.579041558232359,0.080276774242681,0.00277382799308869
"spot_769",0.00598808640559337,0.00590232946417718,0.00238721013346011,0.0906720263903328,0.0344307223020472,0.00614120839289183,0.742688994410438,0.110406412605804,0.00138300989525469
"spot_770",0.00946200721462767,0.0625048814015836,0.0376788984925622,0.0327846720173214,0.319378215337979,0.0184026767101487,0.448467129484517,0.0640627419101625,0.0072587774310974
"spot_771",0.0677045855319524,0.164795036139768,0.0367137618999268,0.0777183441639557,0.0477267773193547,0.00497672753127862,0.508826774241079,0.0861525267956921,0.00538546637699208
"spot_772",0.0272382205335388,0.266635773874173,0.039487657522266,0.00688133155310478,0.00658915877280438,6.73784172837607e-05,0.552058648476693,0.101034032988026,7.79786211078344e-06
"spot_773",0.0285201964780126,0.338419903986622,0.104056597755247,0.11199114434616,0.0209902208385148,0.0105964796009663,0.240810833615691,0.135136564155782,0.00947805922300473
"spot_774",0.0488915638197139,0.161288505654494,0.136983560304991,0.133182004167301,0.21424842479989,0.00140217489869755,0.246613591610018,0.0553849057330555,0.00200526901183966
"spot_775",0.0748675928710158,0.291163484459759,0.0323943594465635,0.0563905097728651,0.231629933190629,0.00581290807173063,0.226512540193428,0.0708631277177081,0.0103655442762999
"spot_776",0.00972720941271589,0.0753449088893819,0.0115770590010691,0.061927633307374,0.0756925213338476,0.0397910260835957,0.654778888226264,0.0538101118289524,0.0173506419167993
"spot_777",0.0357302083175125,0.166121674256259,0.0339886825661888,0.0836491070968643,0.109792431450205,0.0536991280584603,0.441244292056994,0.0641163461870777,0.0116581300104385
"spot_778",0.0355931058949728,0.219729116872737,0.0371182431051398,0.113013736132313,0.0635717431936562,0.0118286985118078,0.415693466724076,0.09797906403211,0.00547282553318775
"spot_779",0.0472855219532487,0.087507697942556,0.0105484267288806,0.0721385148662382,0.0334032902385992,0.00920657949776173,0.615561566244615,0.0684316416999525,0.0559167608281484
"spot_780",0.0324386468137985,0.166456627405871,0.0244578682967575,0.0589673068113033,0.0715405556193573,0.0241539444832502,0.469593020994304,0.128308143185163,0.0240838863901954
"spot_782",0.136733893102547,0.394665353874145,0.121975675317748,0.0667255222387828,0.0850165271945035,0.0016123574054975,0.0325369213134892,0.160320207173848,0.000413542379438714
"spot_783",0.0622115558618852,0.178455331935257,0.0114311417495907,0.054308115600517,0.0792781143955448,0.0279327136720192,0.424745949460939,0.130199065692025,0.0314380116322222
"spot_784",0.0292148736577623,0.190492894488002,0.0353958059884637,0.0972091845094066,0.148536939587102,0.00490001585023817,0.401749948636503,0.0566430198718174,0.035857317410705
"spot_785",0.0319392011682877,0.207790026559571,0.0453774333299325,0.127088095389026,0.12517781039032,0.00120014308846585,0.361058352193455,0.091838228830013,0.00853070905092921
"spot_786",0.0407968374442501,0.119738518054889,0.0582770013638489,0.0749988987683525,0.161952464814404,0.00321274988899608,0.412172066354565,0.0862519718205491,0.0425994914901457
"spot_787",0.023698845645805,0.00841524039232949,0.00961465885104222,0.0597126039398549,0.362582486473605,0.0368071398942845,0.37323345657078,0.0691731586084171,0.0567624096238815
"spot_788",0.0200211713258024,0.171080888120103,0.0359161927142866,0.0860622507787696,0.285658821810982,0.000924483202397166,0.302638726174173,0.0972431685007586,0.000454297372727827
"spot_789",0.019521447276143,0.00881787669928556,0.018319524383398,0.158255973689764,0.131375371120181,0.0396889705066998,0.478434027113798,0.0820498534936634,0.0635369557170662
"spot_790",0.0128845505193447,0.00287371166280906,0.00165327214278486,0.0418378624787016,0.0121443769107481,0.000269414615426575,0.854269613568537,0.0726257675574251,0.00144143054422304
"spot_791",0.0727130744415558,0.234722980770089,0.0422778149083968,0.0500193690507224,0.0576185784809472,0.00448761252600945,0.429245747441519,0.0762336549717719,0.0326811674089885
"spot_792",0.0241319674562374,0.350750579263445,0.0448183211744714,0.0716361548880183,0.0270276775817083,0.000183773006329053,0.39835636722956,0.0826087217256608,0.000486437674570581
"spot_793",0.0811034572670087,0.0901344885009284,0.0567077750302714,0.0358792443825179,0.0481563995148827,0.0420266341316121,0.468861622969066,0.146862638434868,0.0302677397688454
"spot_794",0.0304235463932703,8.76624285232472e-05,0.000577122623304137,0.0159544968620325,0.759226605484213,0.000988218841141198,0.0740776428254813,0.00993350510708799,0.108731199434946
"spot_795",0.0422867611762403,0.0917825595448545,0.0389465196300963,0.0805205359723009,0.382114438362352,0.0751040478304752,0.22707914893531,0.0429821214766917,0.0191838670716796
"spot_796",0.0249388360638531,0.0958260878892915,0.0641543922214935,0.0826564663113843,0.0771254540197468,0.0028010185143353,0.5737784862467,0.0574497352340061,0.0212695234991897
"spot_797",0.0247876170481328,0.0246075635167622,0.0236820076320941,0.0763803301739361,0.16443691574985,0.0229759529705352,0.559684559652103,0.079673333509134,0.0237717197474522
"spot_798",0.0479279606321428,0.129959556889074,0.0778155059552134,0.0943598074871325,0.0480881444531787,0.00281435383391972,0.53266448888387,0.0608032740200932,0.00556690784537604
"spot_799",0.0304696707389067,0.276211287623528,0.0734230751021933,0.0120902250217853,0.015869797886255,6.38184219079634e-05,0.452220295263442,0.138909691122321,0.000742138819660543
"spot_800",0.00742547716135131,0.00169656736302031,0.00209442684066471,0.0678806111186846,0.180457239817784,0.0028349817798714,0.65680006546069,0.0265966320015096,0.054213998456424
"spot_801",0.0190278175412515,0.00440267582196352,0.00250326777530185,0.114317106169744,0.0910963339456936,0.00452884269371683,0.658485657311079,0.0733961265789453,0.0322421721623038
"spot_802",0.165795730838909,0.118711250697482,0.0452610094026627,0.0203187934517655,0.284198478479641,0.00048931568773927,0.265381233179232,0.0896693681080727,0.0101748201544947
"spot_803",0.083971737037767,0.416994919159077,0.0963672102153554,0.0183138258310736,0.111784574947981,0.00156369817268593,0.0680202125279804,0.20289842326145,8.53988466293594e-05
"spot_804",0.0210393663201434,0.104276728735194,0.0299060672823162,0.0253354790663522,0.14789917857676,0.000694114628464842,0.620423750483061,0.0480339716431162,0.00239134326459311
"spot_805",0.0571984732935411,0.266741579300561,0.0560174674782819,0.112863174295351,0.0485155882105485,0.0485775238027327,0.259952599279342,0.147190345698386,0.0029432486412563
"spot_806",0.00671290915045288,0.00165140553272718,0.00509012823036725,0.0575341702448342,0.222750651968479,0.000175836104576632,0.67113118760761,0.0176384679313425,0.0173152432296102
"spot_807",0.032624319179712,0.0952887351150532,0.0227618432344789,0.163306090280965,0.0264880435883463,0.000310186859286478,0.639964099286019,0.0189683567552964,0.000288325700842829
"spot_808",0.0167438919188527,0.0020513504831374,0.00326676939224449,0.0224142567546222,0.0217436194201007,6.87212767519734e-05,0.852801627636697,0.0806752203569616,0.00023454276063195
"spot_809",0.0366631628679941,0.0973052651661341,0.0438972218284686,0.0566570739222843,0.172710370044302,0.00370676938287865,0.453557387568358,0.0882407654005805,0.0472619838189994
"spot_810",0.0119569930349907,0.003550213358304,0.00389547303714799,0.0416148798161766,0.0568848906856573,0.000918154844128673,0.796225022201859,0.0799859861035657,0.0049683869181703
"spot_811",0.0136247501180749,0.0741474034513674,0.00813770582164611,0.0873003920892708,0.0375792331792157,0.00155078428593423,0.714154499562403,0.0606696158886995,0.00283561560338877
"spot_812",0.1337076873388,0.265176903929961,0.0714595020392721,0.0417716648016076,0.15102876989059,0.129685439125065,0.0684603361361885,0.114287439279672,0.0244222574588444
"spot_813",0.0388435176624805,0.128522954421868,0.0179704731345316,0.0951688776913015,0.0886138698942667,0.00933562768550403,0.580264694181018,0.0329462412678426,0.00833374406118664
"spot_814",0.0256798869563109,0.0916876945509681,0.0388177580541757,0.0395923042812152,0.0406492527296177,0.0559784912208408,0.601740706992423,0.0954791077122708,0.0103747975021775
"spot_815",0.0327199199856587,0.207872268723094,0.0502998585479351,0.0870904685202207,0.0931262974757936,0.00346862450869894,0.422394882043929,0.0447360860373077,0.0582915941573626
"spot_816",0.0463221615241152,0.224004379457578,0.0561454584174597,0.044165757554981,0.0262015365616279,0.00112711739829538,0.477061672838248,0.123127561884173,0.00184435436352289
"spot_817",0.0313500100047305,0.129707599564142,0.0265493153528261,0.0572781775837799,0.0211620799675533,0.000391687066196485,0.648322402681219,0.0851340462833257,0.000104681496227097
"spot_818",0.0416167902216283,0.239938822173277,0.0544078480972899,0.102501433780653,0.0191722263894749,0.00150763611516549,0.440998981769662,0.0997806387186294,7.56227342197162e-05
"spot_819",0.135936222598518,0.486708909141706,0.0548628681198338,0.026312268770142,0.0488527747386899,0.00722635764182062,0.016735197892156,0.223058012400225,0.000307388696908193
"spot_820",0.0577689999761907,0.427063808756452,0.107652839548906,0.0423274046182614,0.0284896284012129,0.000536812615169492,0.274321350366135,0.0615893699462362,0.000249785771436737
"spot_821",0.0314715085296479,0.1637280188556,0.0151183385538814,0.0776075608408989,0.0340451672680563,0.0100007474263654,0.569391292456695,0.0732881287340797,0.0253492373347749
"spot_822",0.0182811770877983,0.109360947838911,0.0138735717515592,0.112269011486141,0.148461305589276,0.0127820349320986,0.474496142759039,0.065223800445222,0.0452520081099548
"spot_823",0.0394094361808773,0.11692682816198,0.0122090828670229,0.0270740752765422,0.184686599342431,0.0392900854738036,0.435073445030555,0.101142048701224,0.0441883989655647
"spot_824",0.0136620821245936,0.0699107223788706,0.0107069184008194,0.0279394720533482,0.247671000151046,0.000525179299203563,0.490313625820573,0.0890652198278852,0.0502057799436598
"spot_825",0.0242691859566017,0.164944560931184,0.0833182498230969,0.250088765235829,0.205082404461485,0.0550313632002864,0.109992939836579,0.0807352954671817,0.0265372350877561
"spot_826",0.0373730213329116,0.0115355415511698,0.00324655611841123,0.545074765421444,0.141222101505993,0.107327589151851,0.0831266520440921,0.0306463528840975,0.0404474199900291
"spot_827",0.0585201967709111,0.000791776908339167,0.00265140461993558,0.480155239909876,0.221723448692726,0.000679756669454141,0.181178756396806,0.00614741003558175,0.0481520099963699
"spot_828",0.0229851953769542,0.00914970934807916,0.00221118382974222,0.0763711225275127,0.234419730961285,0.0295110033418408,0.547424944958165,0.0506119244562789,0.0273151852001426
"spot_829",0.0926178581064604,0.139945492811755,0.0196338442550913,0.121085249396387,0.0607103902796993,0.0069110063691185,0.446246875600599,0.108213356119129,0.0046359270617594
"spot_830",0.0173311749885093,0.241098818907603,0.0186175415462039,0.0551105586406712,0.0168208652684612,0.00224362279013668,0.529699127837251,0.116773333623377,0.00230495639778741
"spot_831",0.0256092768199658,0.149351843478214,0.0178793220027688,0.0700476100039841,0.168102348659698,0.00232407938915594,0.432368574517199,0.125521996926896,0.0087949482021177
"spot_832",0.0189911031769594,0.378850686047235,0.0455371816954348,0.18001493808413,0.178117524204875,0.00580765003086798,0.0450467391118853,0.146900435274344,0.000733742374268022
"spot_833",0.0664210168816639,0.0333602951114317,0.0283888939420584,0.105122757699582,0.293414860721894,0.20161062145803,0.173484773447362,0.0718365042266225,0.0263602765113552
"spot_834",0.00835211888788467,0.00635991169581269,0.00555839433450715,0.0626922621447092,0.282412641650393,0.00188361006707775,0.509846020595426,0.119184804391783,0.00371023623240557
"spot_835",0.0856834315310052,0.0158563608211012,0.00344639098693494,0.0508046198293749,0.117588160446087,0.191314730276357,0.478200996462578,0.0225213710917887,0.0345839385547727
"spot_836",0.0401461415397866,0.253676416686398,0.0261983226757224,0.0614090596594446,0.0247366392609005,0.000549263042665298,0.496735912063077,0.0962463445415473,0.000301900530457719
"spot_837",0.0471197148226604,0.062090821767713,0.0160591339265739,0.078532826056423,0.0629058176404377,0.0427677190550428,0.5614826192011,0.114916584888837,0.0141247626412113
"spot_838",0.0581245841778085,0.286294142757053,0.0333495274313771,0.0663986940405652,0.0227552544969108,0.00254279500337666,0.426063772921258,0.103369516683067,0.00110171248858259
"spot_839",0.0423452644795403,0.0139404504960696,0.0176500393028133,0.105700284924208,0.35103257558918,0.105722719485515,0.283393811683615,0.0153565932741685,0.0648582607648896
"spot_840",0.0731830836327103,0.23427548123225,0.040223737259077,0.038586242999296,0.224365521352192,0.00264243201638833,0.345246478341337,0.0365726919654292,0.00490433120131943
"spot_841",0.0369900243065995,0.00982988753395561,0.00317724515790676,0.0688655199327705,0.203026420726255,0.0878662708041087,0.40959678501229,0.104601253443158,0.076046593082956
"spot_842",0.0488299295150207,0.355274241810068,0.0704092314114067,0.0777980385810617,0.0268905222901652,0.000314876604118919,0.364138133405399,0.0557905411355766,0.000554485247183845
"spot_843",0.0374970816238567,0.216091370591841,0.0474484902198737,0.093206345050769,0.090841984799891,0.0111353455058442,0.382054558562685,0.063290077919234,0.0584347457260052
"spot_844",0.0325511279277114,0.188018846328631,0.0342077044330188,0.121132614486043,0.0425867383303204,0.00161835118807653,0.479771930603437,0.0981461173005088,0.0019665694022539
"spot_845",0.00570247501878295,0.00238850151182877,0.00318420269317772,0.0673402650491943,0.0129683687295422,0.000266376484850412,0.795419335412632,0.111779634500727,0.000950840599264302
"spot_846",0.0289702031576825,0.154871929422808,0.00401687930348484,0.121900681496968,0.270072146833914,0.000767646713405519,0.282164345279661,0.118587791574075,0.0186483762180027
"spot_847",0.0475208486333205,0.228043345430951,0.101367927366181,0.0105649154312996,0.00566722469645023,0.00210341173344907,0.414756590165376,0.173105664040642,0.0168700725023302
"spot_848",0.023954105547437,0.0608156488358754,0.00662656237929564,0.112697748774228,0.101329862105707,0.0276410891825,0.507769749632383,0.117504463864026,0.041660769678547
"spot_849",0.0556069037959534,0.00510817631447128,0.0134302316764768,0.107727378420964,0.0672115193157934,0.06453026952688,0.605230693033667,0.0376098710522719,0.0435449568635221
"spot_850",0.0115683757784547,0.122794020678037,0.0117202516163483,0.0959903271829186,0.0204875446239932,0.00248507012630369,0.681181212912138,0.0527685515346923,0.00100464554711483
"spot_851",0.04404865136046,0.356029194139742,0.0472402496402698,0.0415631906218952,0.107796111544378,0.0212082579725597,0.273232142070988,0.0975639572254234,0.0113182454242844
"spot_852",0.0386862788131367,0.156475038891582,0.0307926861295928,0.149965748510917,0.274149990384659,0.0287050572830507,0.113630505021678,0.0872671922937966,0.120327502671586
"spot_853",0.0461283410808032,0.197088329626363,0.0400368468113961,0.0829983875031815,0.0577643793606915,0.0118325204526981,0.460720597682412,0.0864277481112249,0.0170028493712295
"spot_854",0.0205521370324518,0.0148031132906425,0.0063275919935872,0.217359446880012,0.354189074710901,0.101081239145497,0.0583027948853156,0.0106076750745193,0.216776926987074
"spot_855",0.0267534254127845,0.168883918285339,0.0171392472582359,0.109792609193283,0.0831027579992395,0.0284515972994088,0.468109541213373,0.0788048690960833,0.0189620342422536
"spot_856",0.0812949889017469,0.100810579543429,0.00731961349454766,0.116178703546729,0.00861268547617695,0.00521078169407014,0.608533206399567,0.0613987462670157,0.0106406946767178
"spot_857",0.00377731959285845,0.00140105612410666,0.000417218132795518,0.783613831051206,0.126026374733759,0.00304026596293342,0.0189226278845422,0.00818313950473118,0.0546181670130677
"spot_858",0.0280810811541389,0.0356650982238532,0.0127654755475734,0.0349605686422524,0.304613933006064,0.320969485015925,0.186895917486764,0.0500932265686251,0.0259552143548041
"spot_859",0.0515702796780385,0.125576865125536,0.0339689535528283,0.204312684383578,0.119991274909114,0.0100719905986222,0.370616512682503,0.0389310647993723,0.0449603742704082
"spot_860",0.0288871555514714,0.41669718217824,0.0115214731638252,0.0234196883951391,0.0725417761156243,0.195802151390339,0.0585049139163054,0.158725916099715,0.0338997431893405
"spot_861",0.0241383412337224,0.0955744748886713,0.00192913758835266,0.085054643172772,0.0972630868325694,0.000325687216920374,0.660109267704502,0.0202389030847835,0.0153664582777069
"spot_862",0.0219574760019355,0.000355904032643005,0.00260537003725779,0.0488374564089408,0.0210994882679157,0.000540074134488349,0.756842325157433,0.12905031674666,0.0187115892127259
"spot_863",0.0299843151321907,0.224857076511923,0.0670349672884529,0.00411082266711583,0.0333017980614739,0.0409337145090138,0.429843903378495,0.0907189561780582,0.0792144462732763
"spot_864",0.00959660114157076,0.00393870900058502,0.00167938214463312,0.0579809364914266,0.0255577840891568,0.00288010343477066,0.830288106004013,0.0586522035361231,0.00942617415772076
"spot_865",0.0169316988863587,0.122742657787438,0.0259595463138623,0.074327823543941,0.142690656196675,0.0489522622719997,0.405322027993241,0.0757401963282672,0.0873331306782172
"spot_866",0.0316373008230948,0.106151234327666,0.0752432959710856,0.125055433973504,0.247779771216447,0.0227525760490569,0.279079430278995,0.0845128176406645,0.0277881397194859
"spot_867",0.0152924412577287,0.00402910109740332,0.0036209911390523,0.0222823349618205,0.00575754689946344,0.000112670084510872,0.886674465081856,0.0617121332507264,0.00051831622743869
"spot_868",0.0242110541685616,0.117100603222774,0.0111194219436622,0.0852098410547166,0.053530416449675,0.043061453242341,0.532327520297818,0.126930039440021,0.00650965018043052
"spot_869",0.0130324066310662,0.0496695572916457,0.0753398923094112,0.110029302762226,0.0361026024087759,0.0141020725009086,0.653656654670966,0.0438293070598502,0.00423820436514987
"spot_870",0.0135520342160432,0.00763661702655708,0.00622733321658475,0.0585787510732259,0.142820016518546,0.0468953300761117,0.651464476214345,0.0407012462785771,0.0321241953800096
"spot_871",0.042849779757213,0.0132720530932715,0.0673078164558212,0.0825189056666451,0.227376592113593,0.0356688618891039,0.362818880053478,0.131048579842869,0.0371385311280049
"spot_872",0.0789676427439803,0.225615777452766,0.0402479492735888,0.0965334024683218,0.306233564468344,0.0117378938259612,0.0824727481392547,0.0822953525255679,0.0758956691022155
"spot_873",0.033591530994019,0.218527508662551,0.0333541341101403,0.0359127507720722,0.288433850568234,0.00656319075349514,0.272247417879863,0.0324599039380262,0.0789097123215987
"spot_874",0.0511783892123941,0.249911107962408,0.0222794937614152,0.0808728289338495,0.0843886161498259,0.0213692958703817,0.403096237404934,0.0762474218821663,0.0106566088226252
"spot_875",0.0680260057816149,0.077515125410976,0.0312557200229501,0.10802995361315,0.226014534309149,0.00352494885245447,0.37612072790635,0.102720667389964,0.00679231671339211
"spot_876",0.00548512256658523,0.00402912016262023,0.0016791589303863,0.0693466321900726,0.0290196109029665,0.00166173394267907,0.785989003871986,0.0945458365122619,0.00824378092044208
"spot_877",0.0333449756391725,0.0350708208280594,0.00809994503710139,0.0448333351026625,0.0878421977185588,0.016989119466831,0.610175395695878,0.0604060759867327,0.103238134525003
"spot_878",0.0416878292455156,0.0991292499219778,0.0306747557169381,0.0454016614982662,0.201418706223099,0.0291922207233409,0.411841443863883,0.0506800696613991,0.0899740631455807
"spot_879",0.0246544153323839,0.27357917541562,0.0332421531094367,0.0918674495624424,0.102013134016396,0.0605254755016896,0.299053055114355,0.105788314938982,0.00927682700869393
"spot_880",0.0188347909171625,0.0040406312346981,0.00188126487065128,0.0732197404086384,0.0390127202767617,0.0127199294986459,0.686327332191295,0.0510977160370659,0.112865874565082
"spot_881",0.031709864739368,0.109624376969617,0.0363482960769225,0.081094230839669,0.190898223718041,0.00165873677041665,0.433785802088665,0.103942221732958,0.0109382470643437
"spot_882",0.032167784283207,0.0301995263398215,0.0170454353678239,0.0694923197987969,0.131906072843558,0.0313192963865443,0.624962895147788,0.041609840804363,0.0212968290280979
"spot_883",0.0419811133181586,0.15633124193942,0.0340823048356234,0.0359472910647259,0.19830238342166,0.0310493251834046,0.384003145696035,0.0794315300254856,0.038871664515487
"spot_884",0.0506713093670718,0.252718536631527,0.0683601719844455,0.0559049512774673,0.0284139664662484,0.000488502334642111,0.468477148489572,0.073882505585879,0.00108290786314693
"spot_885",0.00747420327536029,0.0993020858615963,0.0159785701303834,0.0605654142478205,0.329899768093371,0.000181733533228475,0.432268103061791,0.0525627692170468,0.00176735257940164
"spot_886",0.0122128752645771,0.127810353440162,0.0105693170822569,0.137980339763555,0.096810541389397,0.0804432523062062,0.441851787515765,0.0817340621937084,0.0105874710443727
"spot_887",0.0123274861409129,0.00599958056639252,0.00356861985806363,0.071414585960323,0.343079320866667,0.0902899977299911,0.385831981883211,0.0152349119601745,0.072253515034264
"spot_888",0.0477910624987295,0.0634779561610658,0.0108724001123636,0.242469142997255,0.123573819020768,0.0304127580471043,0.375916370805508,0.0407552062022779,0.0647312841549284
"spot_889",0.0226854859904042,0.00107200687820661,0.00220176397035979,0.179635653396014,0.243100315079412,0.004213645084422,0.436147217836425,0.0593068328938547,0.0516370788709014
"spot_890",0.0395082834406404,0.239615237414432,0.0698865117550529,0.3048761320051,0.155326365736879,0.00494352731933597,0.0388415564987775,0.133847222985564,0.0131551628442191
"spot_891",0.00889619027095294,0.00142273452895588,0.00493602896830408,0.133579401110519,0.369138815436012,0.00553974371253346,0.295655270972703,0.0137136307699679,0.167118184230051
"spot_892",0.0552555625646947,0.160230615057626,0.0624890243605296,0.12601125456424,0.0411928473817348,0.00269895403792683,0.459684193156944,0.0916509395334815,0.000786609342822394
"spot_893",0.0413130217214949,0.152655962111864,0.0576831234815981,0.0184995883355567,0.201064021849105,0.0585214005669662,0.288876074577834,0.131063920891348,0.0503228864642324
"spot_894",0.0228382612032036,0.00737121198690334,0.00258654764059243,0.106822656897541,0.0604685899031024,0.0695503461078615,0.587577209221101,0.0811783112879123,0.0616068657517816
"spot_895",0.0149661116050091,0.00638042261786347,0.00271352009097796,0.10734015685856,0.0406173775628354,0.00277437171631275,0.737802418981401,0.0843356087497259,0.00307001181731431
"spot_896",0.0543573076761977,0.221944284688591,0.0485234356355143,0.0826443530045392,0.10438047070132,0.0571429873512927,0.275824057897395,0.138654705824776,0.0165283972203739
"spot_897",0.0436551989858832,0.144357563298592,0.0759166995651291,0.0552291200747217,0.0352663877916132,0.000957755712054632,0.553205806610116,0.0791549552418483,0.0122565127200419
"spot_898",0.0718391897655518,0.229160907830877,0.0370034718403759,0.0819904001123901,0.0908474744894443,0.00141212699496398,0.401447721924167,0.0858271189980172,0.000471588044212952
"spot_899",0.0126472705644834,0.185938998725995,0.0128619137152007,0.059324009529597,0.137245955941465,0.0001246508799228,0.517800468357125,0.0723283649659402,0.00172836732027145
"spot_900",0.0293567490744596,0.116956829477407,0.0319739878026531,0.077290885502697,0.0724631325521443,0.0747905937902403,0.521468287527508,0.0625505821629733,0.0131489521099174
"spot_901",0.0460337157557389,0.275943079935998,0.0808375450594306,0.0273981033039834,0.0286507209008998,0.00130218949385655,0.366864534075347,0.172040750580755,0.000929360893989983
"spot_902",0.0337458213463242,0.376265368156813,0.0397248416214465,0.117478858544216,0.0396598408781184,0.029512406647485,0.205059315852189,0.151036905936634,0.00751664101677335
"spot_903",0.035954565612151,0.0125515124005786,0.0202388621826529,0.106248698297615,0.235996624679115,0.0765124552415712,0.420069845155791,0.0215347614823007,0.0708926749482243
"spot_904",0.0359498893033779,0.00484723753566888,0.00366892990520543,0.0638288605181996,0.0754112326817377,0.0734817688090212,0.63927244096381,0.0577502892992714,0.0457893509837074
"spot_905",0.0407897009079386,0.17626324490915,0.0720673195717983,0.041528317863664,0.223670968620705,0.00616272627090034,0.391611376657434,0.0448722014704141,0.00303414372799646
"spot_906",0.00971497378679938,0.0021329101179691,0.00380710862035715,0.0321267837159828,0.114228674914191,0.00483261113972505,0.685307570320917,0.0260807840091272,0.121768583374931
"spot_907",0.0174608467131432,0.0913270021299932,0.00951398718826349,0.0641534388039642,0.275301424451673,0.000715786691645836,0.441254546551325,0.0859402342671609,0.0143327332028315
"spot_908",0.0874291065383164,0.4191697763613,0.103465157886093,0.0380738689769695,0.0536674984729603,0.000704874721738369,0.0985350157775001,0.198719215215266,0.000235486049856257
"spot_909",0.0123589481273502,0.00804877090130747,0.00772917179421688,0.0544176557131189,0.129174436895959,0.00163990356803109,0.743090136774109,0.0388023766140124,0.00473859961189471
"spot_910",0.0259258377830741,0.0432844854371428,0.0633001806489578,0.156215054004828,0.0717427509082396,0.0352492573602004,0.562620412029675,0.0324783509231971,0.0091836709046852
"spot_911",0.00884543771221173,0.173562253075249,0.0187645955336016,0.0515082625753705,0.00318974840630499,0.000618572605973497,0.618721749385706,0.124749656083503,3.9724622079945e-05
"spot_912",0.0441418396356611,0.0421845819585912,0.0204826260106468,0.106323616543901,0.0820687691223194,0.0236811080550051,0.626204245061734,0.0319268083510463,0.0229864052610944
"spot_913",0.0494894351688676,0.168670186488221,0.0217168728760222,0.0402224680473212,0.138657317235092,0.0369970558377492,0.371993306622406,0.0957407153346525,0.0765126423896682
"spot_914",0.0750439892822935,0.306891037036632,0.0965520334457896,0.0549849101802893,0.045783430981547,0.0324372224319207,0.245177662452731,0.116413005678657,0.0267167085101398
"spot_915",0.00749239077392459,0.000940892751908068,0.00349961792899956,0.052268505437537,0.000901324649763421,2.1954277221327e-05,0.922604087397257,0.0122605336684677,1.06931149208183e-05
"spot_916",0.0242286782454244,0.218786685833585,0.063110533006467,0.138777044361816,0.0187561407688173,0.00106587472398867,0.398664293786966,0.136039293300416,0.000571455972519537
"spot_917",0.0123552134771726,0.155478620813771,0.0511093897960856,0.0617878085054841,0.0597850642722501,0.00352930672701445,0.533092308093031,0.0839253025608341,0.0389369857543575
"spot_918",0.0506691285910096,0.107857441002298,0.0132953486280431,0.122961777083936,0.101647411598857,0.0086298146410469,0.495817614832058,0.0907219654813474,0.00839949814140413
"spot_919",0.0174528392363791,0.282760352330502,0.022358986149013,0.0769854298302132,0.234187367839712,0.00453862220629151,0.286021059238398,0.0565962890434029,0.0190990541260882
"spot_920",0.0265104329055046,0.220385278027604,0.0393241056191221,0.0752877025111541,0.0384532364603238,0.0017945558794157,0.550544139976939,0.0465266841477934,0.00117386447214251
"spot_921",0.0562246026822089,0.244246132140479,0.0483489829853836,0.0819290393341273,0.035797316090782,0.000768888987482872,0.431796119711066,0.100825403805682,6.3514262787694e-05
"spot_922",0.01398511046913,0.110708873926778,0.0497490953809311,0.111652463437119,0.053127192426042,0.00188215502731017,0.605019044625949,0.0513371184608132,0.00253894624592829
"spot_923",0.0690314120365325,0.188028321129334,0.0284021957029032,0.0584397425264062,0.0315924742817646,0.00127675809482983,0.551699818545758,0.070033248601553,0.00149602908091911
"spot_924",0.0325265334390369,0.0289038504025418,0.0408261426156901,0.0967675221891681,0.19179807470982,0.0368406108589238,0.484503888999769,0.059503662989072,0.0283297137959788
"spot_925",0.0287597726413567,0.0563078510546841,0.0111928537544464,0.0782716043289544,0.18526288156609,0.00856887216441249,0.57322458132386,0.023700624241181,0.0347109589250152
"spot_926",0.0474899920306775,0.216481691638586,0.0540975995451619,0.0493082226148704,0.106966441052927,0.0267606399096806,0.375667746113677,0.0574047780633151,0.0658228890311046
"spot_927",0.0412009750769715,0.259138038237178,0.0783969246125324,0.0700214887613459,0.113342695755694,0.0291819187185893,0.323233907667454,0.0682007557270092,0.0172832954432248
"spot_928",0.111883040846137,0.172827560976113,0.025872037521407,0.0727437832358175,0.206736842049651,0.0249353060705516,0.260967998526842,0.0581090325717003,0.0659243982017806
"spot_929",0.0669037563694778,0.0899213814667739,0.0628452670296867,0.0759435593529828,0.0342745536811668,0.017073487466024,0.462449258235974,0.163507119740922,0.0270816166569922
"spot_931",0.020016895708981,0.140124459258557,0.0249311012022295,0.0366772017490234,0.0255672951591495,0.000917803668788564,0.608940137147634,0.141603340055803,0.00122176604983478
"spot_932",0.0316788475637152,0.183813754221513,0.031224265787546,0.104039295639205,0.0948605457797045,0.0371599759474437,0.410384304144386,0.0878256566434521,0.0190133542730349
"spot_933",0.0568443563585703,0.190316956286824,0.0217091810037534,0.117549757149491,0.120075893800242,0.0364113141440609,0.281255460014935,0.166440150776545,0.00939693046557888
"spot_934",0.132228736822451,0.14722982725725,0.012892736265163,0.040837866661984,0.0874257244773348,0.0274933726990259,0.324696656406121,0.162144308876187,0.0650507705344833
"spot_935",0.021365528222507,0.0081643211414239,0.00475366617209315,0.0743694657462583,0.0639531471341918,0.0193258007242583,0.701663998871648,0.0989503070242485,0.00745376496337087
"spot_936",0.0669009283540538,0.321312363282657,0.0670225157897986,0.0885255359587301,0.146952897891032,0.0635251976246166,0.0615785685784544,0.168188039596261,0.0159939529243968
"spot_937",0.0308266572856923,0.164387215366262,0.0256156956640806,0.106096433958847,0.0746530161411237,0.00542032623844462,0.462389330106504,0.0769164622126367,0.0536948630264088
"spot_938",0.0290971663136817,0.192188496054504,0.0649489914598779,0.0462527924245667,0.282215924235574,0.00409520400304957,0.26262251950966,0.109810603455783,0.0087683025433032
"spot_939",0.0257043394530691,0.214422041208008,0.0954387451625007,0.034987675528021,0.208396791798223,0.000594153183448901,0.259282566564854,0.157440083679656,0.00373360342221935
"spot_940",0.0118012700740647,0.13223502825659,0.0345231024202213,0.0677740894527109,0.018616613536516,0.000690112419002925,0.679161935577843,0.0546919925370658,0.000505855725985873
"spot_941",0.0198175314372597,0.203612986750375,0.0180641830813551,0.0868062517992938,0.127218005157357,0.0683103190408745,0.388708083603962,0.0558700771504791,0.0315925619790441
"spot_942",0.0818329093210766,0.0910183506070594,0.0303311209475498,0.0590740916862798,0.0464192963185873,0.0112057732824723,0.577088244148915,0.0654789319710183,0.0375512817170413
"spot_943",0.054831568213146,0.0245886618585837,0.0647938017576894,0.0766593402380761,0.24127278660636,0.000242432043582996,0.479854558851859,0.0562678244600902,0.00148902597061201
"spot_944",0.0548272866695215,0.242294416274541,0.093563282699166,0.0841947596248282,0.075134564874056,0.000819992681009657,0.388091587326588,0.0604438096185169,0.000630300231772823
"spot_945",0.0601762821135116,0.00461801458465331,0.000613611612856622,0.163577970461598,0.00528672404872433,0.0033616850943811,0.628653627589744,0.119530846109888,0.014181238384643
"spot_946",0.0307734092917421,0.0536757771506674,0.0178642753702313,0.0724706588292912,0.0256345685855158,0.000954780042757474,0.76423993500884,0.0336322635604693,0.00075433216048555
"spot_947",0.0587511682976651,0.202729639352891,0.0200093514325471,0.0624930988913206,0.0344837681356187,0.000871156949765509,0.548491175359398,0.0714983629954993,0.000672278585294758
"spot_948",0.0185226066397842,0.00443632048778922,0.00344483869915848,0.112854831941462,0.282629781843207,0.0430775166092824,0.459255969855447,0.0179433933325557,0.0578347405913143
"spot_949",0.0460750545219562,0.267444997654626,0.143087195929104,0.126548945103822,0.286426981871243,0.00038754243276972,0.0555496698115323,0.0646757572382453,0.00980385543670113
"spot_950",0.06329702648331,0.212197655154476,0.0593260375073244,0.147622409467045,0.0717050181682974,0.0188093677281389,0.274943275898106,0.139585312051249,0.0125138975420533
"spot_951",0.0147411741846317,0.08553196121729,0.0229059734031176,0.0458010188922527,0.171268868343053,0.00795892542865883,0.593638515884526,0.0472187952412697,0.0109347674052002
"spot_952",0.0163857650762485,0.0977996585346144,0.0164989475113296,0.0941751648434931,0.0196753704262863,0.000823993870374996,0.618116406470687,0.135812641441851,0.00071205182511503
"spot_953",0.0446305733181438,0.174574666831057,0.0544894611025835,0.0585400914543225,0.258885041024612,0.000534271902088564,0.345612152714124,0.0395615396800948,0.0231722019729732
"spot_954",0.0460555117807427,0.0947440879676927,0.0171770301766957,0.092005768943437,0.0196870843659266,0.00144613024800482,0.64612875194533,0.0797883533482989,0.00296728122387137
"spot_955",0.0198687950188194,0.0944627724443171,0.020760444080862,0.068231128720802,0.137179524987303,0.00122514264649149,0.579070107580758,0.0606815688504709,0.0185205156701761
"spot_956",0.040051482246056,0.27781988562143,0.0355234010075446,0.076222403384843,0.0663051579584517,0.0374509574411238,0.357926646195042,0.0715502682703587,0.0371497978751495
"spot_957",0.00801420599458138,0.00316868525143734,0.142065349133963,0.0187810574472269,0.0123039352482363,7.11320166971352e-05,0.77126467843511,0.0442653296947161,6.56267780310877e-05
"spot_958",0.0148746868464226,0.00417078850543611,0.0360674731413938,0.100924608391153,0.085620663158485,0.00269113717804751,0.646537089904945,0.0498021644541541,0.0593113884199633
"spot_959",0.0382286855302577,0.113590129708768,0.0127834749420979,0.0425570433514568,0.0718890685344318,0.00418520997367296,0.617072009860604,0.0710824092251679,0.0286119688735425
"spot_960",0.0398606930358977,0.299202287968066,0.0432457482714753,0.0504058540482229,0.124389368584904,0.00483791017685059,0.31479866926969,0.106590428815903,0.0166690398289903
"spot_961",0.0713062847427728,0.177875295900402,0.0437253596622161,0.0720880294514346,0.25620838703753,0.048162841068885,0.230670818433323,0.087389390777777,0.0125735929256592
