"","Endothelial","CAFs","PVL","Plasmablasts","T-cells","Myeloid","Cancer Epithelial","Normal Epithelial","B-cells"
"spot_1",0.0317827872647094,0.415010636876241,0.197538071519969,0.100959652395983,0.0559029362043024,0.0421854777346536,0.107003629146072,0.0495835230920399,3.32857660295882e-05
"spot_2",0.0274065185953996,0.241327195254458,0.0474256408892407,0.126903190217851,0.00903991309382933,0.000230275697233537,0.424481202941466,0.122943691138218,0.000242372172303957
"spot_3",0.022513546083732,0.00352886684646689,0.0151924928334982,0.042291899387736,0.360602562504154,0.0329647456591957,0.344634525735785,0.076054274139241,0.102217086810191
"spot_4",0.0613407643976292,0.359600627331091,0.0552287105239069,0.084025218277398,0.0408223568252012,0.00071520992066226,0.35334408005933,0.0442876353649541,0.000635397299826625
"spot_5",0.0273381747285149,0.188999717335379,0.0327747797447071,0.0775162684504661,0.107470808802352,0.00838487264898191,0.429884635829674,0.0754216855546667,0.0522090569052581
"spot_6",0.0452100463215628,0.256694359145472,0.026645098042335,0.139466169658617,0.0937896386506563,0.00300299564065039,0.340074095876135,0.0936762767341263,0.00144131993044453
"spot_7",0.0628810154863282,0.116906674434076,0.0372816363056122,0.111872192204343,0.187234185371935,0.0265335729751543,0.419506518842104,0.029660999306697,0.00812320507374949
"spot_8",0.0366474988213769,0.0904674876948755,0.0176844746453455,0.0712596048516236,0.205464057611673,0.119398965360809,0.3240544898518,0.0765168258098521,0.0585065953526443
"spot_9",0.0185315252210136,0.00626936623986565,0.00400653368694007,0.117398541132752,0.12860224910694,0.00358468131336125,0.675944848093881,0.0378741329466859,0.00778812225856035
"spot_10",0.0615070046866303,0.152140009267629,0.0275266373523654,0.147709913004682,0.124913539274836,0.0299396128565354,0.376037261282562,0.0600043694837864,0.0202216527909742
"spot_11",0.0818432579969389,0.169240974644023,0.0425829609169086,0.0740641961264987,0.154781959625949,0.00720413371147695,0.315216053700215,0.0690420534114562,0.0860244098665336
"spot_12",0.0317558325003797,0.0962432546406301,0.0367707409293106,0.0536060267943976,0.0356878601336128,0.00215039220598642,0.65607701483093,0.0852754665466632,0.00243341141808947
"spot_13",0.0261297891502261,0.0049111420380036,0.00215925263989432,0.104573060843226,0.214684557079856,0.00329661027114535,0.595075373381764,0.027175468974369,0.0219947456215158
"spot_14",0.0559513578415205,0.0757408737784133,0.0431330343390994,0.0749860312558466,0.178564747557244,0.0267682234850773,0.433433506824765,0.062864909345878,0.0485573155721565
"spot_15",0.0558206527404067,0.0080030280884735,0.0152106761291564,0.0573889959072301,0.193655282698929,0.0480897092468348,0.502510695845128,0.052982218744312,0.0663387405995301
"spot_16",0.00271272632640823,0.000887196767593408,0.000268165403601867,0.135719923829229,0.0159410565577347,0.00531729049742973,0.813887731467494,0.012608435218663,0.0126574739318466
"spot_17",0.039558944616593,0.145394493797812,0.0287349188890698,0.0734331848478427,0.150140105283122,0.0122153912664866,0.402080558832977,0.119070394646557,0.0293720078195406
"spot_18",0.0431917119651232,0.122544773230917,0.0182810663566848,0.0539271145415051,0.0222901851357667,0.000681428808772264,0.551776139632093,0.185794762139451,0.00151281818968754
"spot_19",0.0223151142158095,0.105394966867712,0.036052807363216,0.0724374833061136,0.0284607579628521,0.00133621988376041,0.644279659769543,0.0887226365153909,0.00100035411560252
"spot_20",0.0518957296996039,0.348813392713616,0.0580462063310554,0.0215703821095875,0.0214235160636533,0.000285775212010099,0.418543512087235,0.0791894182402784,0.000232067542960215
"spot_21",0.0434254820815263,0.130865333125029,0.0190661860564236,0.14664815668796,0.172616366459326,0.0705894805142152,0.324556982016357,0.0679715965107202,0.0242604165484429
"spot_22",0.00201793900977988,0.182139095737371,0.00930636934162097,0.118600882235114,0.0134755084991807,0.00152633272921843,0.63798612609179,0.0347726432748871,0.000175103081038339
"spot_23",0.043353604519885,0.0881181462253141,0.0235601339973545,0.117606112256262,0.256300049712875,0.00171426689655367,0.404701607741479,0.0417064576954426,0.0229396209548342
"spot_24",0.0373519159026183,0.219593310682085,0.0342584133470153,0.095479850474538,0.0530618657820627,0.000771446159009905,0.486127219567756,0.0702893027183606,0.00306667536655429
"spot_25",0.054999350106866,0.170867131659209,0.124430661591463,0.146116185425518,0.0943111990416296,0.000632020284283298,0.310034162671014,0.0954692539176617,0.0031400353023546
"spot_26",0.0506120855228408,0.183738295546928,0.0341853382934237,0.0486466958132328,0.149316592666127,0.133641583974276,0.27851321335442,0.107195476558451,0.0141507182703017
"spot_27",0.0736482434730032,0.179282635297479,0.0359087388902611,0.0508733966589036,0.019095472288834,0.000360574211212035,0.5865174211208,0.0518715300961525,0.00244198796335458
"spot_28",0.00776110005599679,0.00340686837450005,0.0235806282718955,0.125152256907011,0.237956092076847,0.00222397960420135,0.562697546294607,0.0168868859382214,0.0203346424767197
"spot_29",0.0540983461714667,0.158613274362933,0.0193908334984816,0.0555033421192479,0.209375959614695,0.00438605235291689,0.342245042329925,0.108206946360002,0.0481802031903327
"spot_30",0.0476588382745749,0.382488737503717,0.0654438188728598,0.0718888919708419,0.0602321631673283,0.00130534464583616,0.279080276583522,0.0914816874130996,0.000420241568220641
"spot_31",0.0401641313687079,0.128118310173133,0.0221374704570458,0.0445606506031038,0.151518402805219,0.0503887965326133,0.436035841578893,0.0708990747942998,0.0561773216869844
"spot_32",0.0241853268639526,0.129082534893486,0.0181086473759141,0.162722410420321,0.0110668542885778,0.00563283818940436,0.559310678951507,0.0718477396434049,0.0180429693734324
"spot_33",0.111944633329317,0.0726196151292955,0.0185373756265632,0.0737211366951367,0.082383167977541,0.026355502927448,0.541561948732273,0.0558684651159997,0.0170081544664266
"spot_34",0.0626428771118728,0.0771045423437788,0.0454975481494359,0.0496939641386496,0.211818807908288,0.00349143542574718,0.419449275456887,0.117798012819088,0.0125035366462528
"spot_35",0.0323938574738859,0.141729264370523,0.0194019130460728,0.100427640415419,0.145260086894624,0.000948911083779465,0.521887407708634,0.0326672645350316,0.00528365447202907
"spot_36",0.00715769403368296,0.115241679069549,0.0178749423552054,0.0706081023303275,0.021156523730494,0.00269392048907612,0.733031388727575,0.0307228244013286,0.00151292486276099
"spot_37",0.0176570874056773,0.187860875526207,0.0258465620962258,0.0772252471905933,0.210810531457809,0.0469687138545987,0.299995273101535,0.116480790250515,0.0171549191168384
"spot_38",0.0391233087013276,0.109839443743278,0.0336856693061553,0.0780065743694218,0.0136116750982212,0.00223211143318667,0.617226912721928,0.105894698814638,0.000379605811842592
"spot_39",0.047692814033377,0.20868454789822,0.0274481479264557,0.0704921357302916,0.175148255451186,0.0207974807609108,0.305872888368216,0.13151922281783,0.0123445070135121
"spot_40",0.0321253991843226,0.110377919852706,0.0243512237598339,0.0604947931584344,0.0851636824245915,0.01008356804843,0.565547085054212,0.0715910380691618,0.0402652904483076
"spot_41",0.0250116448782121,0.152593692425236,0.0379280734875479,0.0546628024036408,0.187897202040957,0.00047635860332082,0.462913694581156,0.0697989238105714,0.00871760776935889
"spot_42",0.0292095837417719,0.0955442364846103,0.00993260858760095,0.110467949456268,0.0676885567063347,0.0316122818880888,0.581251517020825,0.0627221401964976,0.011571125918002
"spot_43",0.0340881463902908,0.00787776223902338,0.0729963741793213,0.0960244002624738,0.412899496099163,0.00327991174165871,0.320957599598054,0.0240064909564882,0.0278698185335265
"spot_44",0.0171534936278494,0.666189129292084,0.0449967284494284,0.0598579494418923,0.0328737425725854,0.000138138531184289,0.0837819939850957,0.0947037213180149,0.000305102781865707
"spot_45",0.0199491593218567,0.12071948323919,0.0288651157082829,0.105619551442474,0.285037450287039,0.00626362977338191,0.30123970283174,0.0282205594227296,0.104085347973306
"spot_46",0.0221360884089552,0.176301741166975,0.043916740963115,0.111401912288336,0.129308766745034,0.0106033610897004,0.327322109026453,0.0124741979990887,0.166535082312343
"spot_47",0.0401849918641484,0.00729944456930899,0.00367760140135239,0.0749441171667181,0.174337381089884,0.0893574960221215,0.557223454945958,0.011451697174136,0.0415238157663724
"spot_48",0.0131219417202853,0.0849658222313911,0.0138694285933662,0.0416936920002873,0.0121183107141982,0.00045769567363967,0.724331525565223,0.107290303178301,0.00215128032330839
"spot_49",0.0476343508680539,0.0991083250900394,0.0430495833887787,0.026309984188095,0.0194711666746534,0.0068592809080567,0.586814736503263,0.168575886609275,0.00217668576978464
"spot_50",0.0674883979945846,0.185582776861471,0.0427109819753073,0.0754051169621266,0.130212674561242,0.0975674571822562,0.289616996583143,0.100198421250808,0.0112171766290603
"spot_51",0.0408097849071837,0.25022760873225,0.0449194774606605,0.0922207413886742,0.0406481884384565,0.002284503431344,0.38278488202339,0.145122973062208,0.000981840555832593
"spot_52",0.0498551687657052,0.164101876811366,0.0222367556037362,0.0589432318618528,0.0744030208906322,0.0246493335730815,0.513030534380137,0.0820192099326589,0.0107608681808305
"spot_53",0.0152614852126845,0.00404317058729007,0.00231766508118005,0.0550966339193936,0.0233304049723333,0.000986629002116038,0.852412430770205,0.0448916614528309,0.00165991900196668
"spot_54",0.041179249568253,0.196127922053938,0.0182151156829758,0.148603009590484,0.0429653276065432,0.00219219356269135,0.501981932124363,0.0456984031149574,0.00303684669579527
"spot_55",0.022735461537451,0.0123281328940488,0.0079220386089811,0.0545157885132381,0.0898841568562016,0.0848063694327951,0.630307407652082,0.0564898743833448,0.041010770121857
"spot_56",0.0224814060754915,0.114636348720625,0.00449056870014366,0.0549073162288093,0.0624084444343491,0.031670112725619,0.555159823630376,0.123074259464057,0.0311717200205301
"spot_57",0.0138132610707026,0.149094372612427,0.0284425589402513,0.128112519018384,0.0485414016374493,0.000842521468861466,0.541076943832455,0.0890353267727563,0.00104109464671357
"spot_58",0.0386303198183295,0.222987735253962,0.0452761126062638,0.0943365127811503,0.129462458624893,0.00182750830048317,0.381000080921722,0.0834817094788094,0.00299756221438693
"spot_59",0.0432832530958158,0.183810257690722,0.0277077952474239,0.0595861826515449,0.105748706471309,0.0508792864325225,0.378362815085146,0.130979029340777,0.0196426739847401
"spot_60",0.0469475974697516,0.199651304403365,0.0509642344981185,0.0733684497553332,0.116503545630238,0.0124695986833415,0.319879974313166,0.144544418504534,0.0356708767421523
"spot_61",0.0460532730613448,0.127431965659239,0.00936227488491579,0.0782412323356006,0.0967627925669427,0.00842842131596042,0.513689273800938,0.0621339591983982,0.0578968071766604
"spot_62",0.0117415058046469,0.32823927170067,0.0299922829011979,0.105240762387281,0.00694147767559249,0.00163560651794493,0.428527036395889,0.0847984324883861,0.00288362412839149
"spot_63",0.0491785774371296,0.176969743533249,0.0576543982256216,0.0760356714675336,0.155220423348417,0.00265072408808951,0.362477510217576,0.0814273250014768,0.0383856266809067
"spot_64",0.0158615545967175,0.050723464748948,0.00748993358419829,0.0768841802564694,0.0937201826668588,0.00278426083791655,0.687607208272382,0.0514790862841967,0.0134501287523126
"spot_65",0.0427615601635404,0.21036514431443,0.0280211570795965,0.0776216132086794,0.221893618848135,0.101525898608315,0.150472468067332,0.042815555422068,0.124522984287904
"spot_66",0.0221826739273331,0.261696929509828,0.0127940108686321,0.112891351887432,0.0800453258940344,0.00258053658934558,0.483247131441846,0.022861753408379,0.00170028647317026
"spot_67",0.0430202966288152,0.0625249455784858,0.0156762584527931,0.0939491417283492,0.0767278810515827,0.0337630050228541,0.613830774729622,0.0479823503192578,0.01252534648824
"spot_68",0.0371755583007127,0.127129932972922,0.0196977899318304,0.0928286288040873,0.102236600067061,0.00227682265909394,0.58204038674276,0.0271955637564714,0.00941871676506053
"spot_69",0.0481366191220216,0.221367020612443,0.0416643214254448,0.108691206190808,0.0317957234382498,0.00175309592146191,0.478868912603322,0.066734132386513,0.000988968299735463
"spot_70",0.00743417805279412,0.00272876492727719,0.00151072257406347,0.0593681736407752,0.165239698176843,0.0266854477949808,0.661631547147855,0.0547772854752899,0.0206241822101216
"spot_71",0.0623829551417448,0.237091144826384,0.0561611619429771,0.0287136717679242,0.0330582538239667,0.00160854499399807,0.478832698865212,0.100932382126341,0.00121918651145164
"spot_72",0.011466382646694,0.00302572886355319,0.00120633593076502,0.0215311839044394,0.151599663805078,0.00130860166517784,0.7342002411653,0.0571671357649,0.0184947262540926
"spot_73",0.0292154631274862,0.187035434365244,0.0581143544296005,0.063758664202408,0.0269578923799429,0.000747466672507371,0.527884007768343,0.104890998551445,0.00139571850302356
"spot_74",0.04105387346926,0.130002108512041,0.0548952042507485,0.120801088706091,0.114282695090655,0.0187559954704345,0.369903885054199,0.0356278777303536,0.114677271716218
"spot_75",0.108175302395475,0.251319709650954,0.0600237496353399,0.0340088732285432,0.149299566615194,0.190447640781438,0.0732271651146117,0.110514168769677,0.022983823808768
"spot_76",0.0296632291258194,0.0390047980153468,0.0537515842716821,0.0448126035029452,0.263211841457384,0.116125840244839,0.25013194626333,0.189268913772391,0.0140292433462622
"spot_77",0.00397844596608513,0.143546512552161,0.00461051630210027,0.011519236979096,0.0300304116724825,0.0061752705510804,0.76609637187945,0.0305156544308023,0.00352757966674198
"spot_78",0.0638767727173992,0.236286281102026,0.0309630568070223,0.0982434289538764,0.212843870496712,0.0292940679407849,0.279775417514301,0.0346351594250471,0.014081945042831
"spot_79",0.0384991449522689,0.273839193322591,0.0385155830526178,0.0575009760670885,0.051025816590905,0.00225981430324504,0.423549461403383,0.11349998604422,0.00131002426368115
"spot_80",0.0357064165830839,0.45856583626705,0.123965253533398,0.0403083122641652,0.057786783856177,0.000702170295543341,0.0191244720417147,0.263609505780403,0.000231249378464978
"spot_81",0.0688902954199537,0.227176137531676,0.0731333237203875,0.0296111265389873,0.116561304055719,0.0503966395778631,0.356757023617873,0.0719357315759975,0.00553841796154279
"spot_82",0.0439092502869805,0.0591691608900639,0.0593980985649026,0.1374784303288,0.0682343378542845,0.0236830746382158,0.518288641217668,0.0827231520144454,0.00711585420463957
"spot_83",0.0296604998511293,0.0555817053432052,0.0168355176293787,0.120690539238411,0.203410149942125,0.0178669643397741,0.494416159740802,0.0430530245013861,0.0184854394137883
"spot_84",0.0262846767197073,0.0922373242091638,0.0546350968370694,0.0890607993144086,0.28236478558428,0.0159796482380996,0.347777147433591,0.0631684120936184,0.0284921095700622
"spot_85",0.0673690481526283,0.310391104430612,0.036015158267812,0.0628611514548607,0.0575420057226972,0.0395240060338856,0.286975810665656,0.105620931454324,0.0337007838175243
"spot_86",0.0525480302417339,0.0783182479129821,0.0816504570931932,0.143407680875275,0.175333231843383,0.0566337872234625,0.347263438301374,0.0474657275334844,0.0173793989751117
"spot_87",0.0996004598159549,0.439576679666785,0.0577890401319059,0.123545908175114,0.058508960704715,0.0130020528702234,0.0809956795146222,0.121210065689046,0.00577115343163413
"spot_88",0.0345171376622771,0.26914862420766,0.0417283007430534,0.0667508473012321,0.0875602884621734,0.00433257226507743,0.310441018219852,0.115319562243116,0.0702016488955579
"spot_89",0.0241764852262972,0.339153275978438,0.0447599000782454,0.161865198068367,0.0672143816051128,0.00321893624738018,0.286872323773361,0.0716406680896035,0.00109883093319488
"spot_90",0.0797689018343297,0.255290540066993,0.0539019585795234,0.0713725842231338,0.0841298291260061,0.0213737497780012,0.313095537506093,0.114877872743697,0.00618902614222261
"spot_91",0.0383606058663396,0.36189174673607,0.0420779954139709,0.073072113672978,0.0398376475589884,0.000141679874747042,0.304937618645575,0.139253752018959,0.00042684021237261
"spot_92",0.0700507239939124,0.179752397493033,0.0752453928153146,0.0910300565317992,0.0416238304457348,0.00131037012571721,0.476854059641623,0.0633306163832457,0.000802552569619855
"spot_93",0.0453949969930661,0.0623756728509867,0.216533406359555,0.0968066541369944,0.0780926636479699,0.0324832134673075,0.361370418897764,0.0352423548132235,0.0717006188331322
"spot_94",0.003294360973963,0.00026036483832681,0.000785890240808787,0.0485693439617617,0.683929742512663,0.00993031335081554,0.0351731479652776,0.00494422069372118,0.213112615462663
"spot_95",0.0518058579968288,0.346472430057767,0.0463897961747735,0.0938475628995014,0.0280057671467697,0.00216592785214555,0.364714678130381,0.0654909388197591,0.00110704092207463
"spot_96",0.0116099434165201,0.133384670049562,0.0207585334984072,0.0836527554657861,0.0415248833035456,0.00369427799480793,0.62662697340913,0.0778131535648208,0.000934809297419786
"spot_97",0.0293882500323851,0.0734200135446878,0.0220753185122745,0.064035825552673,0.171444955683508,0.000591082686408172,0.579927957917637,0.0500819070324515,0.00903468903797498
"spot_98",0.040235285223255,0.252046581010965,0.0577814122213368,0.0553610446335388,0.126480324138048,0.00188092319857912,0.296617229778407,0.168807672294063,0.000789527501806295
"spot_99",0.0236663866817918,0.203534061710639,0.0876224527431471,0.0596677391073421,0.279540139998496,0.00094974860434739,0.20672530380834,0.134967863516218,0.00332630382967737
"spot_100",0.039784871822628,0.118707411304208,0.021985253990759,0.037968903536934,0.0211993797663475,0.000510779508236872,0.702026807702466,0.0569335811687929,0.000883011199627587
"spot_101",0.0297652436818061,0.168875032102076,0.0393249192744411,0.117226793839544,0.129293760568845,0.0184055678386725,0.408748257116791,0.0763368304817471,0.0120235950960777
"spot_102",0.0318935176590819,0.048223270919157,0.0312839904288822,0.0648147303205427,0.137669676673131,0.00467689735763812,0.591959441588935,0.0660460625213426,0.0234324125312904
"spot_103",0.0634148756753422,0.387582232602241,0.0637739660032758,0.0616630932716801,0.0645423185980184,0.00229758571025877,0.206838639414174,0.149464810758269,0.000422477966740844
"spot_104",0.0110681555254001,0.117902508183916,0.0591927934152089,0.0440096169530317,0.120023186450842,0.000882173298124798,0.609317779051445,0.028876136990577,0.00872765013145465
"spot_105",0.00556497136919482,0.00416821112029743,0.00181803281419703,0.0743970632715716,0.0319384590783251,0.00287221925545444,0.788392779442755,0.0834490958351682,0.00739916781303619
"spot_106",0.0355103222332481,0.155732933919734,0.0354435933502,0.0790205384195918,0.098257479680161,0.0172982599744273,0.459432179129113,0.104284617962985,0.0150200753305407
"spot_107",0.0319588471153068,0.0582082807428384,0.00937495074288337,0.0949643200178272,0.130627645926347,0.0303782486424391,0.587214956735976,0.0497591707074507,0.0075135793689312
"spot_108",0.216193937281098,0.311338285852989,0.0702231433591389,0.103180876218185,0.0610755268833121,0.00934519053070599,0.0673796317873889,0.156031728408251,0.00523167967893059
"spot_109",0.0492602720433519,0.204921237278734,0.055375993297173,0.107228029532091,0.217587801137778,0.0669221760930128,0.218298297171501,0.0431217090188706,0.0372844844274875
"spot_110",0.021024909843201,0.156122510790189,0.0276187682730288,0.0412639939343703,0.0292699119903667,0.000779250869165873,0.591197328473515,0.132050122049813,0.000673203776350199
"spot_111",0.0632756796337598,0.185521484503367,0.0537327297463515,0.0864282084440355,0.124298807940799,0.010888344467807,0.377863518724213,0.0837517529090537,0.0142394736306124
"spot_112",0.0455473758737064,0.129530709588331,0.00566058335646374,0.0581036756473778,0.33471423406284,0.0455006245941177,0.312085718575903,0.0508497815694362,0.0180072967318231
"spot_113",0.00991259563024758,0.0037151953348104,0.012730866674448,0.187594960202046,0.690262732056223,0.00157390485025884,0.0325946147450693,0.0212277719268823,0.0403873585800148
"spot_114",0.00291563448240023,0.0280961620110882,0.073739113335965,0.106012916715012,0.16892542270683,0.232616038267501,0.363199532690617,0.0123675227370476,0.0121276570535389
"spot_115",0.0767614992851236,0.420292557617069,0.0746644852351213,0.0431049489861883,0.0370815820246132,0.00452230299110699,0.266468581560685,0.0505913748239242,0.0265126674761684
"spot_116",0.0335856493240162,0.1270341875111,0.0228900902559462,0.0748249360733842,0.101244015776066,0.0467985133785124,0.52278320193222,0.0426104366672547,0.0282289690815007
"spot_117",0.0194974792189087,0.166822329913412,0.0297729981762405,0.0557114473332583,0.168262282747574,0.00489349286385875,0.414741721516429,0.0861897052834169,0.0541085429469023
"spot_118",0.0426483168570621,0.417720513757803,0.0447734605730144,0.104061580945478,0.0407699326827351,0.00192711476237523,0.293486224665066,0.0544488981635449,0.000163957592921057
"spot_119",0.0173713009491191,0.130067591689099,0.0181786392513679,0.0362864440712186,0.240492285779456,0.136173764166747,0.289155279747738,0.10463975127711,0.0276349430681453
"spot_120",0.0850704979400752,0.266610758589426,0.0338323310575103,0.0517416545273574,0.290397847014349,0.00336775586233614,0.149848033295768,0.104033661920029,0.0150974597931489
"spot_121",0.0200168364399,0.00966201859951748,0.00528974166298777,0.0508315937153728,0.12218821648318,0.0312844623887849,0.689545209154419,0.0466767693204134,0.0245051522354254
"spot_122",0.0817020106207207,0.241126233936357,0.0253603859439184,0.0677191196083142,0.32565409127711,0.0171229660853474,0.098681723346215,0.0877835324443208,0.0548499367376957
"spot_123",0.00358363805007519,0.0615543127817123,0.00654003663496189,0.057784020332051,0.214160040723193,0.00362697386795548,0.47597935457918,0.0511191322161432,0.125652490814728
"spot_124",0.0468821536193033,0.152157488495996,0.327567225001356,0.0957073153475488,0.016247491689403,0.000221513178838034,0.270755142502383,0.0903613428638951,0.000100327301277015
"spot_125",0.0262769905881505,0.273648086714027,0.0481087846011669,0.0837681728991821,0.0576134675961891,0.00193738771371906,0.441164573297567,0.0662340469312413,0.00124848965875713
"spot_126",0.0699712650549607,0.0721563118174402,0.0456101790703743,0.0929911469606339,0.286516676918822,0.00988568039187226,0.387382480902565,0.0320695064885495,0.00341675239478126
"spot_127",0.0369905292551979,0.0280725888168748,0.164268061731192,0.041318675558819,0.169468487734527,0.0558296004842757,0.411768546393416,0.0454119441410423,0.0468715658846555
"spot_128",0.0284708415240061,0.00165822647190525,0.00393262148136627,0.00886374959654282,0.221918769245366,0.00014966571843674,0.651107533133403,0.0778089715109419,0.00608962131803207
"spot_129",0.0474018843057903,0.537440295347701,0.0519467736474982,0.0513593761373102,0.0742080777367907,0.0461955561383389,0.0729439143133784,0.0979175110930491,0.0205866112801436
"spot_130",0.0289137183672224,0.183077433457261,0.144675481523085,0.147330758289822,0.181629662919641,0.0921000570954116,0.145940504060364,0.0543933053763137,0.02193907891088
"spot_131",0.0152231666083528,0.0170164278877085,0.00198055304831326,0.0508114969210779,0.158433661272807,0.0193945488223843,0.638906774800418,0.0496208950562394,0.048612475582699
"spot_132",0.0395601534044085,0.111351642580562,0.0377753284785513,0.0884480685247197,0.144204489242452,0.0152365054000972,0.468523611860802,0.0810421104813359,0.0138580900270714
"spot_133",0.0235811422064784,0.0892287341651909,0.011485193106403,0.0832892398278264,0.0900489720068032,0.00126189438689592,0.652500611293359,0.0396516860921437,0.00895252691489935
"spot_134",0.0126894517236612,0.0770733252613996,0.0038281711508766,0.0845216766630123,0.0702497843288679,0.0285810199573774,0.633447888601926,0.0822990198082448,0.00730966250463433
"spot_135",0.00419136474350728,0.00324767135813759,0.00710687959359421,0.029213246659036,0.0101396899978705,0.000649044126340367,0.879715965979355,0.0655287823788065,0.000207355163352647
"spot_136",0.0290401288733518,0.104374063987965,0.00788324827563324,0.0879427239869174,0.0204980019616371,0.00203624351852392,0.69636625528494,0.0501245709406613,0.00173476317036987
"spot_137",0.0388593516263159,0.165790792666946,0.0209437727698524,0.129630930276677,0.0151773738727529,0.000187156503696961,0.598304247829534,0.0300099102470586,0.00109646420716676
"spot_138",0.0451979030989736,0.0963613553983209,0.00897009103772372,0.081796240018759,0.11836629040916,0.0183870272333014,0.560471010541401,0.0489234234834435,0.0215266587789167
"spot_139",0.071168147528311,0.188265613275171,0.021876518849998,0.0746919070146704,0.0702404861102342,0.000881330697463589,0.413079461616076,0.157425999058813,0.00237053584926227
"spot_140",0.0655594092849662,0.169121916357515,0.110985826201177,0.0267356868221032,0.184059067876014,0.0570857410549946,0.183660358026589,0.120443973356616,0.0823480210200248
"spot_141",0.0806955593229312,0.159257033906942,0.0684875941788406,0.0433740153552526,0.152547036729032,0.0148661081698566,0.406338331391371,0.0684094313500576,0.00602488959571599
"spot_142",0.0901206507604819,0.210975408422029,0.0486098406657356,0.0362988384486344,0.224097671271558,0.174221329245347,0.0724592207209988,0.0784443420536752,0.0647726984115403
"spot_143",0.0299401332153695,0.200313091373968,0.0319773465568215,0.0885936284889947,0.0174622918319012,0.00159740677889778,0.6032630753151,0.0260483405476829,0.000804685891264293
"spot_144",0.0519902592676413,0.176092350493951,0.0537343085487146,0.101744054987442,0.154743927238115,0.00174506841128373,0.402563190962779,0.052614510851603,0.00477232923846987
"spot_145",0.00714406919903289,0.00445454783007672,0.000545268247387738,0.0870564077392386,0.0471354709199412,0.00588293675338162,0.774652373491225,0.065171161742423,0.00795776407729343
"spot_146",0.01515615542361,0.02270395872569,0.00740262902748035,0.125523551846153,0.343740038438369,0.162369566652709,0.112235744571897,0.0318176397864785,0.179050715527615
"spot_147",0.038633939317036,0.11359208240526,0.0359864495059553,0.0886487290209557,0.387477640713293,0.00776810179979839,0.242053986434595,0.0290201327258108,0.0568189380772955
"spot_148",0.00211841782242002,0.00385182702199093,0.000587500588851277,0.0908359926089872,0.0376778293344771,0.00229894775732363,0.732788581839699,0.127761558588643,0.00207934443760801
"spot_149",0.0602772981172091,0.260513558808693,0.0309778624152181,0.0100055784927822,0.0542153116388742,0.00157365384136611,0.539571141761118,0.0411210039447594,0.00174459097998062
"spot_150",0.0087766357597582,0.00803048152850424,0.0314196315466442,0.0457908162679713,0.018667852493019,0.00830098132757747,0.801152508067686,0.0491918570717712,0.0286692359370681
"spot_151",0.0302811967169593,0.190149456714763,0.0376819174108682,0.04564725373198,0.0949109772955809,0.0010978171736463,0.458287430185189,0.0912211753824708,0.0507227753885427
"spot_152",0.0355915723006191,0.131999825761793,0.0769556216387839,0.0529921258773695,0.164686907401784,0.00865689267731975,0.392810923835957,0.0409487378857995,0.0953573926205741
"spot_153",0.0185468095172298,0.139084375819469,0.0164847168116744,0.167314511629331,0.115512491763337,0.00548684100367575,0.479213658039167,0.0473003973215286,0.0110561980945878
"spot_154",0.0875766435815662,0.27194158208398,0.162090272618386,0.0787831766452669,0.260185150416906,0.00499238684923407,0.107513659762158,0.022961455802938,0.00395567223956507
"spot_155",0.0455881312850342,0.0122871938838534,0.289001503279549,0.063728081614442,0.288806777558886,0.0718731600632622,0.12093099331461,0.0918539866956594,0.0159301723047038
"spot_156",0.0336653760698913,0.30261303657361,0.028546588991139,0.0343491927234189,0.268076568923335,0.0019426908623123,0.244598584325673,0.0682346509953047,0.0179733105353155
"spot_157",0.028316325713406,0.00875575974698147,0.00691981012943088,0.0561101890667674,0.164754760323404,0.0658474615397693,0.579087915735878,0.0330393754512026,0.0571684022931603
"spot_158",0.0425300223336008,0.104538937612359,0.0293551218869721,0.0246638796486188,0.226453974758254,0.00124478839221848,0.536853433175575,0.0187424158059412,0.0156174263864605
"spot_159",0.0242640596222491,0.0413182305828806,0.0193612657537767,0.0634961683469484,0.0848948537747263,0.00386438249605828,0.658918456680867,0.0568417779848,0.0470408047576934
"spot_160",0.0446063684181137,0.089473904518882,0.0168606096472167,0.0519323238945408,0.15119634747375,0.0125070623820726,0.551641276449936,0.0565751393576933,0.025206967857795
"spot_161",0.0946276525439362,0.224673498727609,0.0371613575559155,0.0782107627096948,0.0389184108440285,0.0039351751954761,0.435243205964538,0.082033465141037,0.00519647131776434
"spot_162",0.0404817334289489,0.274585053922294,0.0491306597123228,0.055894215166303,0.11836680525706,0.0157805277525918,0.336454064275491,0.0952721501749128,0.014034790310076
"spot_163",0.0134300536784584,0.0052740508955691,0.00350351202223095,0.0466072310288162,0.0557248971061406,0.00211394349139073,0.845625135053759,0.0172754058565145,0.0104457708671203
"spot_164",0.0444502216200804,0.09639365373795,0.00392799616635058,0.107002237293159,0.0915114576991241,0.023853998254486,0.552567596050138,0.0444444128342508,0.0358484263444615
"spot_165",0.0595627765596798,0.16254299956974,0.062321719189507,0.102299681431745,0.0967474445393958,0.00917125892857445,0.393460135451325,0.0965051409672073,0.0173888433628269
"spot_166",0.0141542560985692,0.119498954900521,0.0116104258380068,0.117069522979237,0.149899718583806,0.0310115092488108,0.474112196661494,0.0641730803663694,0.0184703353231859
"spot_167",0.0122351170265513,0.0617800703483772,0.189329754636576,0.140956355284322,0.0666535175590257,0.0016938067219067,0.503783551130415,0.0225918087137411,0.000976018579085017
"spot_168",0.0501016828734958,0.350190934841033,0.111761147125071,0.085488765702968,0.119935817744987,0.00140693823610156,0.175128805408613,0.104500126126653,0.00148578194107667
"spot_169",0.0629993110566204,0.121804340688522,0.06487727675069,0.0389162593565579,0.0919931166030657,0.00129535725926417,0.486540807948624,0.0866791081942724,0.0448944221423829
"spot_170",0.0209203910128842,0.198669697974789,0.0602999857371025,0.0842533466464281,0.0109752931032695,0.000295440400943455,0.56613266750708,0.0577876903348517,0.00066548728265127
"spot_171",0.0754894209930827,0.152166165309559,0.0343115588214434,0.10146436977736,0.057195598435955,0.0228684589889177,0.479829010333785,0.0564861748733355,0.0201892424665618
"spot_172",0.0234419679377874,0.0674721013997863,0.0257102956857544,0.0627299912189994,0.0245649412051141,0.0016562486081496,0.732124322739713,0.0609512799850669,0.00134885121962859
"spot_173",0.0624666407072208,0.177008267052945,0.0460996792787037,0.127318172305655,0.301131503958853,0.0164301347775871,0.216570739873566,0.0269911986420982,0.0259836634033717
"spot_174",0.0288880651558189,0.278597083952023,0.0553966953352897,0.0635533749298083,0.116989778926124,0.00441819523545284,0.302220583450638,0.0821013845081343,0.0678348385067114
"spot_175",0.00582347004556465,0.311918015541897,0.0405253843725234,0.0411967305340966,0.0148422807461301,4.24819122469999e-06,0.516331098421716,0.0692966056106511,6.21665361956999e-05
"spot_176",0.00104247398274841,0.00194195411706135,0.00470424485190489,0.115132761394727,0.621233838015158,0.000943951859463017,0.0240616928579302,0.0140048067392001,0.216934276181807
"spot_177",0.090442987740356,0.192967961533316,0.0317875198216365,0.0534606673932333,0.140817002632214,0.00113546276421638,0.370792871033946,0.0970851129039646,0.0215104141771166
"spot_178",0.0158990148370479,0.146994678914302,0.0208397870492641,0.0680293710672885,0.275289465723396,0.0402067193499257,0.282270211813435,0.113550062789139,0.0369206884562022
"spot_179",0.0571908954435982,0.214062272696659,0.0443971623092699,0.0653929256509298,0.0536139500422629,0.000212180413244775,0.516333124637167,0.0480480503272934,0.000749438479574951
"spot_180",0.0258951005504422,0.0839146235212492,0.0329629882289759,0.100945974013853,0.0684041114159215,0.00817131183678077,0.62219252194099,0.0396756972277453,0.0178376712640428
"spot_181",0.0318139567722727,0.0411012062926428,0.0086777074605053,0.0610867721325529,0.150550714889413,0.00147246704560456,0.612726806448048,0.0854088621113378,0.0071615068476236
"spot_182",0.0808424009427055,0.584860632937665,0.137349234228647,0.0151379659106512,0.0167573095310074,0.000453204105678875,0.0681096241291939,0.0964087340898476,8.08941246033157e-05
"spot_183",0.0285568370378259,0.0153475701802993,0.00343677431261979,0.0778278672999816,0.0556956858819948,0.0629922259373063,0.687723714146411,0.06060086991134,0.00781845529222108
"spot_184",0.0136233075067252,0.179005740883534,0.037239144337958,0.106630584587886,0.0116854053506989,0.000713140145066401,0.588905995570863,0.0614989955055158,0.000697686111753515
"spot_185",0.0344459213063601,0.00372862243301869,0.314756453258442,0.0310860541997036,0.407025292718399,1.64400525557742e-06,0.17011590372202,0.0276819531611576,0.0111581551956444
"spot_186",0.0854289094862007,0.0177525928860168,0.310633490643023,0.137490538584855,0.30176623322777,0.00907630457422993,0.0650650829252341,0.0603084974641868,0.0124783502084832
"spot_187",0.0124726274416458,0.00652068549871248,0.00285307032966845,0.130867723564896,0.0186662536453332,0.00313916728357841,0.784716228153674,0.0389152055318017,0.00184903855069006
"spot_188",0.039557812783545,0.0891850711903287,0.016804488286786,0.0586260060422793,0.0319206581510452,0.00174355059306238,0.71684684342585,0.0428806805869327,0.00243488894017083
"spot_190",0.0239007384569671,0.0528695152903473,0.0200320884344656,0.0550109765158135,0.17979554282437,0.0277140887288332,0.489737871964353,0.0831639839204748,0.0677751938643758
"spot_191",0.0228598290649293,0.136485637984235,0.0185544184471738,0.0919763630532669,0.0719428387842931,0.00269507594015881,0.58657866811246,0.0340746290099842,0.0348325396034989
"spot_192",0.0658891644906195,0.117815844547557,0.0165424388777211,0.0656653733998789,0.0459016387349797,0.00191078609548892,0.599121335581935,0.0861449759715459,0.00100844230027334
"spot_193",0.0115081027549894,0.122915916071979,0.0112708721404072,0.0966376136539635,0.0362660630390602,0.00517195033699473,0.647215326445777,0.0669562832085238,0.00205787234830549
"spot_194",0.0229105374223075,0.163114378411624,0.00874267860119837,0.0930983906322737,0.18258802927333,0.000750056677936621,0.477148610336007,0.0492584485994633,0.00238887004585914
"spot_195",0.0690957557162153,0.164188123540157,0.0398582253563774,0.105374705132354,0.201786834194011,0.0338452628703032,0.274571724551607,0.0717846816564889,0.0394946869824857
"spot_196",0.0471476925999006,0.064619120733562,0.0226224253543361,0.0677485843300961,0.128427347050921,0.0332718868453752,0.51636802426897,0.0767222785521705,0.0430726402646677
"spot_197",0.0532761391350305,0.20958944145689,0.0196925881696688,0.106978183955517,0.072627362948319,0.0106134706852138,0.421037768297802,0.0946431635082236,0.0115418818433357
"spot_198",0.0852496451038787,0.210143075391917,0.0286944547621857,0.0280662042443242,0.00748732632716109,0.00075411647117701,0.407563216356578,0.162888007105828,0.0691539542369505
"spot_199",0.0389162989855646,0.00374822448597504,0.00556557668518774,0.0155057597448928,0.0939250684756794,0.0053826689846241,0.705612776628638,0.0297646533343986,0.10157897267504
"spot_200",0.0474504658739243,0.124676253198663,0.0483858078059719,0.0249226178551897,0.127234626491068,0.0791466560581084,0.346713206701875,0.156077188079223,0.0453931779359767
"spot_201",0.0476942372791941,0.204421625909359,0.0279331130521698,0.0876359350426525,0.0502106523278125,0.0355274373783179,0.454409814669108,0.0855722496314485,0.0065949347099376
"spot_202",0.0150501807587016,0.00926648431156714,0.00532846935992081,0.0110976637976548,0.524687274202037,0.091013779615184,0.155977253321021,0.0140901949299752,0.173488699703938
"spot_203",0.0187846984472772,0.177027329672285,0.0407510148030824,0.0451952702454619,0.162727592905346,0.0859560735287367,0.344705830464158,0.0783873403449962,0.0464648495886568
"spot_204",0.0419211632122674,0.0005678313162893,0.00698906974548947,0.0206220155194396,0.00852293515147291,0.00104440099024949,0.872894376551068,0.0253319383738387,0.0221062691398856
"spot_205",0.120530882786237,0.219756171229635,0.0367017581783144,0.170655576647466,0.0999246786847227,0.0830754221003502,0.10382467643956,0.120272831548126,0.0452580023855874
"spot_206",0.0489762575603071,0.0804295884197909,0.0215725824037847,0.145720958396789,0.125761183746636,0.0557287544720892,0.437795978498244,0.0567811352050968,0.0272335612972617
"spot_207",0.0392472096506261,0.17226741414561,0.0234599198300894,0.0578284906113505,0.0790531000591915,0.0282092500615977,0.481641932714427,0.106574837981654,0.0117178449454545
"spot_208",0.0248997654702069,0.0888552275034993,0.0962242444654706,0.00721243129934998,0.104677620248874,6.80844208776238e-06,0.60241045208307,0.0740704461592712,0.0016430043281704
"spot_209",0.0360147218056596,0.171211020149238,0.0313059361970986,0.0647030569482596,0.138937754973118,0.0103679193093139,0.457006427546333,0.0792100923623882,0.0112430707085912
"spot_210",0.0495226895393132,0.0977278588515739,0.0386736153858088,0.0459719071258008,0.293526289572652,0.0514050853024828,0.30340813387881,0.085738160018027,0.034026260325531
"spot_211",0.0139938189909286,0.00376406688012282,0.00187239670771159,0.0521881425345848,0.0970405011062156,0.0259391834184186,0.648488256738939,0.111069186144376,0.0456444474787036
"spot_212",0.0203939602055606,0.154806105265438,0.0286274795436097,0.092709044813058,0.122363920737351,0.00138259314954585,0.533625443267321,0.0399528000180494,0.00613865300006665
"spot_213",0.0501323278485059,0.141724659668644,0.0306353051434754,0.0520806624243289,0.0175692037834942,0.00222050342676558,0.560721089712612,0.141874279950236,0.00304196804193763
"spot_214",0.0367746555667796,0.00530638526609642,0.00727211805125774,0.125254016481121,0.0389479031654769,0.00305551006986092,0.766339884360336,0.0070710318398464,0.00997849519922435
"spot_215",0.0751713916181544,0.028355875745685,0.262371641359745,0.0312785433795128,0.405251817229965,0.00412750525475198,0.0401656026928878,0.0637171514390132,0.0895604712802847
"spot_216",0.0599490961582569,0.0102474531639764,0.427478840838303,0.04658804348504,0.0988025972392315,0.0141001348462074,0.156314506193747,0.0182260962678005,0.168293231807437
"spot_217",0.048010978738208,0.0268212527995945,0.285278002528656,0.0900723991953645,0.0976053687091689,0.00725043395884802,0.336584660976922,0.0876380377198959,0.0207388653733417
"spot_218",0.0349632435501333,0.321187343017004,0.0453410260979525,0.078362573615596,0.0363071832945453,0.00132103458687514,0.405840185386414,0.0743135105460176,0.00236389990546216
"spot_220",0.0621479847921124,0.246980420468059,0.0353267813489695,0.021770455203181,0.068889281020283,0.00136635304702932,0.4512305397366,0.111142526055202,0.00114565832856421
"spot_221",0.0342378990461816,0.0625549237518121,0.0117680834321115,0.095796789879506,0.0867973677173614,0.0474971226377156,0.540403335876313,0.11085216500341,0.0100923126555888
"spot_222",0.0491308277512569,0.332109928036041,0.0482868395044612,0.0696540496463116,0.110147202805758,0.00101645628145484,0.325046241388291,0.0619002045263402,0.00270825006008554
"spot_223",0.0660754597089112,0.365356560685214,0.076471597649067,0.0134577575845099,0.280781074448672,0.000410359879832558,0.0843451848202411,0.111313797382601,0.00178820784095151
"spot_224",0.0192260186837034,0.161040615814724,0.0129248563899875,0.0925492378306456,0.190829445160623,0.00315819742231229,0.452344137587658,0.0578595046981696,0.0100679864121759
"spot_225",0.0463933135139575,0.0769483968429734,0.0204116104512781,0.0318302816889153,0.0394864622718287,0.00315710783434311,0.626394297885503,0.141154389986077,0.0142241395251237
"spot_226",0.0302154603502738,0.110853106658193,0.0127783352635314,0.0521155548058108,0.0958508153754785,0.0015792783044235,0.584436698989376,0.0879276642771464,0.0242430859757665
"spot_227",0.0781418581324088,0.197167278894279,0.0152309296796889,0.0900973573836421,0.0638028047629969,0.0129824935956691,0.42097794350965,0.0801510510663721,0.0414482829752939
"spot_228",0.00990295355485627,0.00366193783874305,0.00415069622262737,0.0665814784676926,0.0178955055162462,0.00220328144915632,0.862416763299605,0.0313953827733691,0.00179200087770451
"spot_229",0.0229281663191939,0.241047231728706,0.0529298557183706,0.11241411707262,0.0296514407973142,0.000919580100261163,0.445471509927416,0.092191415720868,0.00244668261525054
"spot_230",0.0243553015898692,0.301450554164577,0.0316675388864762,0.0327118986084246,0.252273350658263,0.000175169053660027,0.299217278174835,0.053583480576982,0.00456542828691357
"spot_231",0.0362700833004104,0.0802385358420853,0.0373372972295237,0.0644095206432751,0.0661074037465273,0.0217066507939017,0.594246836388467,0.0711141319337812,0.0285695401220281
"spot_232",0.0332825039116225,0.148484914047235,0.053958039631072,0.0392137391188122,0.187409168745848,0.00209664238407445,0.477421279239554,0.0568283956133968,0.00130531730838513
"spot_233",0.0366475029395324,0.119267808969243,0.0377072233912259,0.0794488127071468,0.044695450362634,0.00276219497535052,0.567944619260264,0.111118503936194,0.000407883458409129
"spot_234",0.0448792502630526,0.222709093154565,0.0228390873791476,0.0869320260415684,0.157671235369043,0.0282307890572538,0.340252313125544,0.0717594632412898,0.0247267423685359
"spot_235",0.0253768287939821,0.206300110169257,0.0163929282423988,0.0695279290426474,0.221834123068093,0.047094198203004,0.309870552352917,0.0767338399669254,0.0268694901607757
"spot_236",0.0544810902967909,0.113689261808222,0.0393625005068686,0.111507547348814,0.0809148673929716,0.0491529840564074,0.459540192873136,0.0524326846891732,0.0389188710276168
"spot_237",0.0148291371125865,0.309550051786275,0.0249777437237117,0.0520167937059748,0.117602338905218,0.000451514973559484,0.396315547458509,0.0831459178569989,0.00111095447716634
"spot_238",0.0397723374212783,0.144434361937551,0.04010797726338,0.0207643611064095,0.3745188758111,0.026286746597999,0.24685627778881,0.0742282023844916,0.0330308596889815
"spot_239",0.0667944341324576,0.165559716933824,0.0235548583138479,0.034176181331894,0.328129473936849,0.0463767636818131,0.217266079085026,0.0788414350662383,0.0393010575180497
"spot_240",0.00879630429708962,0.0704113507990601,0.015138408502789,0.0385107949246873,0.401153501634101,0.00364552916523987,0.397159411047356,0.0184796146134396,0.0467050850162372
"spot_241",0.0416072275212189,0.461784708983058,0.0311649102288664,0.0469096671789474,0.0682654442365144,0.00328010116150162,0.225293466188115,0.0519623414634734,0.0697321330383043
"spot_242",0.0179286790221617,0.208945207627647,0.0234782993821648,0.0882815280893162,0.1093627277658,0.0161273704643199,0.439344159396659,0.0578723888214379,0.0386596394304928
"spot_243",0.0309367331238552,0.0483293968322041,0.0211515284381785,0.124983511302289,0.223480381110138,0.000817679305345531,0.522565821880524,0.0185870983953289,0.0091478496121372
"spot_244",0.11253796514725,0.0404182429374407,0.0146723767454738,0.140626938587018,0.096603711224034,0.0121537587993445,0.525413625281505,0.0296827018818887,0.0278906793960453
"spot_245",0.115782811341581,0.219316737492188,0.329245888342363,0.0367964649663504,0.0580225770856243,0.00128174872233126,0.120346354863733,0.116679415121492,0.00252800206433613
"spot_246",0.0558667270582028,0.023275142422844,0.657386985136686,0.00695600949572877,0.0191521814219517,2.39789276430493e-05,0.121673600900828,0.115640498039538,2.48765965771937e-05
"spot_247",0.0336461382341951,0.0131171573575211,0.252115991731421,0.0389045757527745,0.308371133603883,0.119466563360788,0.0556221078326214,0.123492028940738,0.0552643031860577
"spot_248",0.0195965472525295,0.141784070097142,0.00536948652567875,0.0956567539343889,0.166308397366647,0.0410603071629099,0.451076490003847,0.019800378071974,0.059347569584882
"spot_249",0.0924584728954866,0.47130848969646,0.0466893557377384,0.0640379288684389,0.108449881417655,0.0231068487864918,0.0751842875299694,0.104454224935627,0.0143105101321325
"spot_250",0.0120794633995377,0.167237856166479,0.0105923604440202,0.0873728082308189,0.0375313181113997,0.000739207544948294,0.593511460302427,0.0903513420544923,0.000584183745877507
"spot_251",0.0686010115384779,0.141925490524571,0.0632811405909127,0.0449000445092995,0.0859136482480199,0.00352630115105009,0.463229337470019,0.105055941823549,0.0235670841441011
"spot_252",0.0139458057398689,0.000337219725823518,0.0100106112631466,0.024020220825776,0.358116322442305,0.000262598581936128,0.509362520321074,0.0525931842963762,0.0313515168036934
"spot_253",0.00123600151075775,0.00102601009196509,0.000449630384381674,0.044391615234437,0.364499789703542,0.00382476280271661,0.454630321781257,0.069647275785695,0.0602945927052482
"spot_254",0.0137289144373233,0.272488105467,0.00170742893441382,0.0453605053572027,0.0176445117933612,0.000800909957922634,0.581437559182095,0.0651507245706127,0.00168134030006813
"spot_255",0.0248559302320684,0.0578603669030757,0.005172203438751,0.131115857880529,0.130112281193641,0.034137541910572,0.555038631767465,0.0489083056862068,0.0127988809876915
"spot_256",0.0429335392765796,0.23114801521175,0.0457827161362606,0.0811814473861705,0.104992688622757,0.00260979133177042,0.323256023799215,0.168032934218316,6.28440171807932e-05
"spot_257",0.0338668717092833,0.255721760154643,0.027005603009288,0.0833416093168987,0.0349029342545992,0.00126345073952126,0.501808326203044,0.0609947650650242,0.00109467954769765
"spot_258",0.044713859350752,0.43469582938673,0.0682155086886668,0.0414739443315138,0.0435184364346488,0.000711516293771922,0.239652279659756,0.126280434615384,0.000738191238776378
"spot_259",0.00651792038989325,0.00927985008272165,0.00172100324939067,0.0540249929749452,0.0450177521952318,0.0547929179386406,0.771609199724438,0.0517219654245063,0.0053143980202325
"spot_260",0.0267539650246053,0.207013434146623,0.0261045180001942,0.0683354256751182,0.0517320709980532,0.00237536999363637,0.519494869650494,0.096159592949141,0.00203075356213445
"spot_261",0.00567667675288968,0.140057031656634,0.0147206441273304,0.0430184370033542,0.0583281023337312,0.00110911817420421,0.65353494701846,0.082491118191933,0.00106392474146272
"spot_262",0.0130975010743365,0.079973669278656,0.0353655994343,0.0932487786973256,0.212121977071986,0.0305008618626856,0.388112504155641,0.0899397238613978,0.0576393845636714
"spot_263",0.0399362073981628,0.107151563885005,0.0334296799083102,0.0904380092337816,0.26284444822708,0.0306214009417869,0.380761081510496,0.0249564761709681,0.0298611327244101
"spot_264",0.0649135338733296,0.199646834716319,0.0745223871015966,0.064811784328938,0.337164205951164,0.00322834223603933,0.0369119152423906,0.139717248118162,0.079083748432061
"spot_265",0.0371372854313846,0.134130862749235,0.0217825078258853,0.0311706827788488,0.068898413347739,0.0139737234589833,0.603122934987483,0.0725999059470086,0.0171836834734319
"spot_266",0.0118570778168578,0.157236552475877,0.0157829519425939,0.128380010188301,0.0372122816239671,0.0019512357602483,0.604465612231287,0.0409173786457824,0.00219689931508561
"spot_267",0.0192488385810989,0.223330624236163,0.0477869552920237,0.0494205805760279,0.103128590456271,0.0781262762999051,0.414306918267995,0.0492450017559751,0.0154062145345411
"spot_268",0.00756441656347191,0.0039498170637215,0.0323024179465046,0.090576606574799,0.28508311599492,0.000660366565262864,0.522502698341455,0.0491157001165404,0.00824486083332526
"spot_269",0.0194298369541369,0.071989722968008,0.0248076500249583,0.0890541362702919,0.0680819421354592,0.0359573808935637,0.63235836931947,0.04528934777428,0.0130316136598316
"spot_270",0.0153841751140245,0.00449646185557453,0.00124889536787341,0.109152720236446,0.12198816362035,0.018500390834514,0.592008788874058,0.0498776374187931,0.087342766678366
"spot_271",0.0375730159966747,0.0724341516643493,0.0169713144908953,0.0775840265694681,0.19326824443207,0.0284293858858342,0.5108586490525,0.0311677528533609,0.0317134590548477
"spot_272",0.0186049748651871,0.22462920649854,0.0144285274797057,0.0491940717834,0.0519198086230438,0.000852507165049213,0.582392304326653,0.0556911675525886,0.00228743170583309
"spot_273",0.0364076575412125,0.0915132027316613,0.011747467510334,0.110577054993444,0.259287648855202,0.00346737091014416,0.378298938738908,0.046839121550714,0.0618615371683801
"spot_274",0.0332256029579588,0.151747725061814,0.0149732058173418,0.0291336935292902,0.208123257239735,0.00149903621201756,0.505292490079727,0.043191426738382,0.0128135623637336
"spot_275",0.0567125660206992,0.133656396555719,0.14919568671452,0.0695012088518138,0.0719080151689063,0.00233885430414999,0.443071153180126,0.062685559616063,0.0109305595880034
"spot_276",0.101470070847275,0.055151687088189,0.119325464422781,0.0301362595722616,0.454005598343088,0.0309258425728341,0.0740221113886419,0.00778956505381964,0.127173400711109
"spot_277",0.0330775006666116,0.340194544182474,0.0959947997199899,0.0274119364401585,0.0239701185774498,0.00306025886995739,0.393925730659004,0.0809100260837811,0.00145508480057429
"spot_278",0.0465848647408998,0.16655149872807,0.0458966233057153,0.0443288381031313,0.125081804754035,0.000362814116720097,0.501799790316789,0.0678464841416297,0.0015472817930099
"spot_279",0.0232666667141502,0.075892887425316,0.0336001310693537,0.0358022322161087,0.0216731763539508,0.00211468621773038,0.694706552879917,0.112227804148271,0.000715862975201785
"spot_280",0.046784428341431,0.217722681746542,0.0514107286048117,0.0509657716521504,0.0383001591420186,0.00139790333540243,0.528422502532528,0.0645133358835971,0.000482488761518999
"spot_281",0.0659288080931543,0.172926064522787,0.0866217311185779,0.0597414698196274,0.134411743410448,0.00762804411451692,0.287691660569942,0.121120190536011,0.0639302878149351
"spot_282",0.0307782045889257,0.223084166425319,0.0625470665056708,0.0300313863864257,0.0371309494144544,0.00451426144915965,0.540776863628363,0.0690713372970304,0.00206576430465095
"spot_283",0.0301164432614724,0.0958425087366239,0.00845421306627605,0.0811356094700083,0.0386246545063858,0.00802929462238697,0.647396476972686,0.0873457903641717,0.00305500899998861
"spot_284",0.0672072127685885,0.0893179284616679,0.0286691084405821,0.111220300664884,0.406306725284659,0.00264232093540198,0.194169847363215,0.0545089839942328,0.0459575720867686
"spot_285",0.0134303177865809,0.00441060755719549,0.00311205720683958,0.0781117361900825,0.0786884174177026,0.0780869541104069,0.69103529636293,0.0126352345601846,0.0404893788080775
"spot_286",0.0311356799292963,0.00857702962381566,0.00191892462801231,0.0834300061072223,0.324683596694288,0.119138889201378,0.282814939276939,0.0707359348475588,0.0775649996914899
"spot_287",0.0971669004991404,0.0683484318743676,0.0164599424024806,0.0684801234410144,0.170499990069207,0.0658186823598944,0.412490264234412,0.0565435716621611,0.044192093457323
"spot_288",0.0147982206301387,0.238073655811888,0.0361653993291998,0.0751067791782723,0.232228392017901,0.00148925809765258,0.371746914335115,0.0236054086927797,0.00678597190705235
"spot_289",0.00751666612132134,0.000229266896129552,0.00102649458750258,0.0134665835406973,0.209170992217741,0.00201072672082408,0.703322013697896,0.0251828229359153,0.0380744332819727
"spot_290",0.00547659708347628,0.238408604512635,0.0145401616277795,0.0808085573172484,0.31420535982118,0.00123605779197863,0.293906140665937,0.0303646899294802,0.021053831250285
"spot_291",0.023961898341622,0.141688282286017,0.00859390792977819,0.0883016208721368,0.279003732542545,0.00965929883315776,0.392607596822541,0.0315082692744549,0.0246753930977469
"spot_292",0.0135327308963149,0.129500730458044,0.0247744982466022,0.0984715603779118,0.0834517406991018,0.0216297009741258,0.482408030379724,0.0272338598783661,0.11899714808981
"spot_293",0.0936443514919055,0.363377500906219,0.0327853963016428,0.014795398221345,0.0314495760173037,0.000120062154526689,0.348967892273348,0.114672907021072,0.000186915612637266
"spot_294",0.0480914429862175,0.165972955402157,0.0557781670517256,0.13677474772429,0.0588329716848799,0.00201472330282825,0.370522666338081,0.160338434827917,0.00167389068190396
"spot_295",0.0699364803025753,0.269152749098615,0.0272479517181721,0.128930565784626,0.0199036056852057,0.00195192960217138,0.324333737015417,0.158133825131725,0.000409155661493732
"spot_296",0.013367165382196,0.211825429280283,0.0285461402834635,0.0978171667463613,0.0228635216873408,0.00164193356078671,0.604777320577353,0.0179615028966437,0.00119981958557201
"spot_297",0.0471918584588034,0.117258937028745,0.0151406270801153,0.0992457374552067,0.154735538233897,0.0149079706151229,0.455809869160528,0.0821785165620252,0.0135309454055561
"spot_298",0.0473570762179,0.0689957446871066,0.0135757347961244,0.0591783650563501,0.226889280151068,0.00339920273976171,0.495277890702052,0.0689154973529173,0.0164112082967193
"spot_299",0.02482373443584,0.0058799267144458,0.0034213519386675,0.0388184444144228,0.065649652077272,0.0266173458721297,0.713436632847275,0.0683533804633761,0.0529995312365708
"spot_300",0.047207840429975,0.191607089590068,0.0371568439902766,0.153678550472247,0.0953186943862936,0.0058913248147963,0.416564759374004,0.0521783766669773,0.000396520275362261
"spot_301",0.111970572881587,0.149433346973823,0.0388583446863733,0.0395759402963693,0.0401820596535868,0.00210119920745855,0.484976008022718,0.129243567758146,0.00365896051993831
"spot_302",0.0804172388417664,0.05961301086143,0.00539255946648173,0.144730310722162,0.284063784333728,0.0202963194365263,0.281420154195033,0.0521751872244188,0.0718914349184538
"spot_303",0.0125933581898114,0.00436752756800458,0.00451947586228768,0.0102758143516264,0.412106754816562,0.150528908963118,0.0314694279039433,0.0189261018335377,0.355212630511109
"spot_304",0.0355329755419005,0.340286373469661,0.085083600555685,0.0235180080710193,0.0133976432168792,0.000108606705799581,0.376723066132786,0.125278267192653,7.1459113615594e-05
"spot_305",0.00716866072827539,0.00348197764327775,0.00237076817118373,0.0390222873769668,0.022385626423552,0.0144523875933639,0.805821072348157,0.0524588776182673,0.0528383420969563
"spot_306",0.0253744379928102,0.274996687529617,0.03809174783966,0.131639277771906,0.0193915168622612,0.0032319598829911,0.449081077397073,0.0580085010511327,0.000184793672548292
"spot_307",0.0224939700934662,0.104063452654923,0.0099302627292113,0.0884059875851716,0.0786847991736497,0.0309165183060054,0.572301315377038,0.0705094940287564,0.0226942000517787
"spot_308",0.0213063860625859,0.374684905900924,0.00671581629439667,0.0162837263096051,0.112363091480363,0.163934630910218,0.234071808073185,0.0341074484701331,0.0365321864985879
"spot_309",0.0911334268640062,0.136125440009684,0.0279029845736002,0.0947546375107708,0.150412751513701,0.00419575726240234,0.463477253118067,0.0278781493530104,0.00411959979475843
"spot_310",0.0347604767378955,0.238068692363502,0.086386022127337,0.169093588462329,0.130287081064531,0.00558781544187934,0.159836087983353,0.0684513000571983,0.107528935761976
"spot_311",0.0244990425315076,0.00425749336622085,0.00135503879636061,0.0393385424088871,0.0944074373425843,0.0686195779408631,0.745873014752729,0.00546319673353268,0.0161866561273147
"spot_312",0.00167778142968512,0.000562320447239956,0.00261101858852233,0.0149625159675413,0.00239180903788665,1.24577318514672e-05,0.852204172183129,0.125534956571168,4.29680429758156e-05
"spot_313",0.0327121127351951,0.136921594587629,0.0284005624220851,0.0808859180824325,0.0832098324889314,0.035573836843949,0.475562375304584,0.113804747849511,0.0129290196856826
"spot_314",0.0563743177681096,0.0912964195308481,0.0325923501395024,0.0145012881365677,0.13442239864527,0.0547329140122921,0.477639561100852,0.0885787800269997,0.049861970639559
"spot_315",0.0248309459630727,0.0262563310351059,0.0024990983898614,0.0538320652553801,0.0348521302554401,0.179303697967384,0.617522040388804,0.0157281134864361,0.045175577258516
"spot_316",0.0207016164043825,0.00388819749543513,0.179179431950963,0.041964463858242,0.0820440773425223,0.0162690660926944,0.472184093021688,0.0190891413638214,0.164679912470251
"spot_317",0.0298065041750011,0.691160263167061,0.00552216741018085,1.84905199650212e-07,0.0282712577559111,1.16583427732831e-06,0.0422831638094396,0.19348155944988,0.00947373349304919
"spot_319",0.135241474883864,0.336510805360672,0.0375786171678112,0.149108280404105,0.137897700660248,0.0168568736730947,0.122636151481714,0.0557334369293918,0.00843665943909918
"spot_320",0.0571986272066537,0.16807340032166,0.016502366954297,0.103474519909876,0.221039475809923,0.0799039168683198,0.264531901591997,0.0492528511865948,0.0400229401506796
"spot_321",0.023056680961329,0.153054109661806,0.0090740339906238,0.0431557243281139,0.0411574997987096,0.00147834155818117,0.676539399713697,0.049677831951202,0.00280637803633751
"spot_322",0.00352188221099359,0.10002204463197,0.0136172169900378,0.128579624935082,0.153255565832558,0.00177225767074504,0.510587079321992,0.0840807965216436,0.00456353188497869
"spot_323",0.0802740402963054,0.196480864214591,0.0507157020107389,0.0676771799256721,0.0476766576987397,0.00110400007014888,0.51992967352733,0.0357086482613309,0.000433233995143324
"spot_324",0.0189812088559863,0.170588632277216,0.0356159147497527,0.100580048305567,0.092154021267783,0.0190662384729766,0.494625941241148,0.0503973750129438,0.0179906198166258
"spot_325",0.0405012511000447,0.0543563555679706,0.118650576090813,0.0730442792763301,0.142564609631061,0.0329158962788681,0.425269411284392,0.0944634151367604,0.0182342056337599
"spot_326",0.0347870332224242,0.170796478759609,0.0179660060637189,0.129449845006947,0.0476228521854489,0.0286405517217399,0.487904449947935,0.053985681774262,0.0288471013179156
"spot_327",0.0583505627734542,0.0983233449653902,0.0353039919190741,0.0506238939755715,0.0156321451578511,0.00073823497405091,0.680795804349715,0.0599478075308869,0.000284214354006417
"spot_328",0.0308131864241779,0.00275632743131119,0.00233537749525538,0.21389083964411,0.596875561729986,0.000997579864476586,0.0732985885768269,0.025489751777359,0.0535427870564974
"spot_329",0.0207355659925777,0.0976177928122135,0.0176287380599941,0.0583776160768274,0.0225557382286531,0.00239705940242495,0.7521871822329,0.0280813426273243,0.000418964567085183
"spot_330",0.00907493845934363,0.128044974193604,0.0299989465633018,0.0668434282111955,0.186222570898291,0.0456267979416683,0.4658276263,0.0556855293145854,0.0126751881180106
"spot_331",0.0928965379301458,0.0577417910674242,0.0590446374699764,0.0434900604476992,0.0914927986609101,0.0327734363517373,0.437013134228062,0.133515461656519,0.0520321421875266
"spot_332",0.0458398028000689,0.111162388915236,0.0282805774538754,0.0654924195962255,0.075622958321153,0.0165938146053177,0.560419523976356,0.0689195495276677,0.0276689648040997
"spot_333",0.00917788063532841,0.272293792306876,0.0185031372005085,0.00795596803936662,0.00374018878918487,8.50784980937139e-06,0.483786112398089,0.20446803133957,6.63814412676426e-05
"spot_334",0.0393107016513153,0.152031890205834,0.0536024872626305,0.146672077488788,0.0424434105762876,0.000666367440000443,0.53694153928645,0.0265601278148519,0.00177139827384259
"spot_335",0.0464079271467839,0.161488458592838,0.0270103820685172,0.0740981913278704,0.062539498315041,0.00683460554993172,0.547166757660725,0.0638319036421144,0.0106222756961783
"spot_336",0.0557754185060325,0.181451659480011,0.0251879228760229,0.101922957055257,0.0972194693527356,0.019189797079928,0.423859473580543,0.0664692088090653,0.0289240932604042
"spot_337",0.0410291810269094,0.0480903140895234,0.0235115758443623,0.068095799285899,0.075041371167789,0.0606131232121207,0.593924921192693,0.0741794337689575,0.0155142804117459
"spot_338",0.0715787591551676,0.301509200752614,0.0572870905047672,0.0707113618286605,0.0317849788532135,0.00125078111329392,0.364841274888475,0.100611579194577,0.000424973709231955
"spot_339",0.0449328784171863,0.281266717567908,0.0720447364867193,0.0525646648271864,0.022145901661844,0.0021284495103107,0.407591446656488,0.116892097096183,0.00043310777617393
"spot_340",0.0498003611424817,0.195393846838565,0.0526761379263923,0.0703134969118064,0.264526875610571,0.00486939209631711,0.22351852124179,0.0780272489077607,0.0608741193243164
"spot_341",0.00867497166360992,0.00237312251782271,0.00637905846168558,0.0640986244165439,0.01697230455765,0.00135729386443131,0.886656161643217,0.0110611217870138,0.0024273410880259
"spot_342",0.0144827298358374,0.0863789483241285,0.0380239118428479,0.0515411765003853,0.0871518662111227,0.000464122346687155,0.588349439024215,0.0790667937041414,0.0545410122106344
"spot_343",0.0477620813474948,0.132262624412776,0.0222497038234867,0.0575377484821912,0.178388664040197,0.0925429613322999,0.353477092499732,0.0831976511674131,0.0325814728944094
"spot_345",0.0379006344037168,0.158418853210327,0.0276159513738536,0.0568148684207473,0.121902284392822,0.00285855286757769,0.487518963358741,0.0753932034100601,0.0315766885621552
"spot_346",0.0155263273127566,0.306208239113285,0.357503648748278,0.0481999561446636,0.039989466590749,4.74268360263131e-05,0.132499722513132,0.0999440356110731,8.11771300362471e-05
"spot_347",0.0278958052552894,0.0835854977313334,0.112751019992147,0.0606888163825613,0.0383494924671397,0.000566280939978837,0.623520507248647,0.051985897083909,0.000656682898994217
"spot_348",0.0508119363886818,0.119456335831833,0.0227965560147182,0.112034645657313,0.466367170652774,0.0458894254460199,0.0892167153599221,0.034908276947199,0.0585189377015387
"spot_349",0.0360614483497843,0.136333945497349,0.0145267300331295,0.0882911833435164,0.292597510985602,0.0232141287345717,0.296444604793076,0.0255502421140133,0.0869802061489577
"spot_350",0.0251132573966821,0.011176514267774,0.00693333384195845,0.023343764555115,0.125957559965844,0.10118760089046,0.594872441580393,0.0811117754325678,0.0303037520692064
"spot_351",0.075008741325338,0.00405830854579616,0.0010438531811693,0.0846403050890761,0.384530846803849,0.116089665251008,0.173790658676468,0.0430374817555893,0.117800139371707
"spot_352",0.014254043652853,0.0197320355543519,0.0111523933971679,0.061034459815119,0.545687355431062,0.172396505179174,0.120280125275402,0.0136733934439367,0.0417896882509336
"spot_353",0.0209741505879657,0.00907424073962689,0.00941656001288892,0.178329675101995,0.269403757051582,0.0328426777272581,0.450642762379298,0.0207919033611937,0.0085242730381918
"spot_354",0.0613008080833531,0.130102535461949,0.115960889146016,0.099802417769862,0.0351929019432349,0.000835174323231471,0.484447678517939,0.0720617372736558,0.000295857480758157
"spot_355",0.0515849295893715,0.372070278957308,0.0966541468613247,0.0913953292855431,0.0393698792697324,0.000393388960047023,0.261226503946539,0.0867339813464013,0.000571561783732466
"spot_356",0.100567403262665,0.260655966046369,0.0327038319976824,0.0801345729127913,0.103844743767921,0.0124627347179236,0.271757823238271,0.0696654004550106,0.0682075236013671
"spot_357",0.0141630378899828,0.26732102649487,0.0281812678415579,0.072856008018134,0.295163728360224,0.00180662585923762,0.23868303911945,0.0735768262050113,0.00824844021153281
"spot_358",0.0399635131986233,0.188228820499905,0.0389899437001492,0.079899329118055,0.0596622954812357,0.00926488005618683,0.468879975388028,0.0960627559610772,0.0190484865967402
"spot_359",0.0465560983206262,0.0431712654740428,0.00713588498738309,0.0884489672343837,0.209199990242981,0.00223686440731478,0.476826220457325,0.0792470690989676,0.0471776397769754
"spot_360",0.0759483517824377,0.27282038398127,0.231649312417809,0.0450654188350784,0.0322814675154368,0.00374737243840156,0.0276362922976239,0.310023668259853,0.000827732472090313
"spot_361",0.0144916164812896,0.125742547687932,0.0163631591983609,0.0619603564917381,0.0928187573506577,0.0089532348641862,0.519291654040358,0.0904788816220805,0.0698997922633964
"spot_362",0.0359458653475416,0.214311581715906,0.0334584160321123,0.0531306271171716,0.0346439603140256,0.0679602946990063,0.471995886017675,0.0764522908014044,0.0121010779551571
"spot_363",0.0311635159545959,0.0994921004105109,0.0579068247975309,0.0977280047410856,0.116798789098212,0.0275068392653149,0.428581404985286,0.0865834657363259,0.0542390550111381
"spot_364",0.0310423343734472,0.370049232057152,0.0914032628425751,0.15604899058138,0.13952370050893,0.0378264360214384,0.088507542682528,0.0348926497307816,0.0507058512017686
"spot_365",0.0285461046338875,0.176043795374474,0.0379665291304383,0.0367210455138277,0.0534772348715083,0.025049881784981,0.543190060879527,0.0865373120891735,0.0124680357221832
"spot_366",0.0267397599799826,0.0920649911335708,0.0267932082598151,0.0856200975148566,0.026653979281488,0.0014127655887706,0.642822340842322,0.0971219828032077,0.000770874595986146
"spot_367",0.055580704107954,0.0798501217360797,0.0408599295819484,0.0875001951884676,0.058298633648355,0.00542676103768979,0.58342453645239,0.0699553570750113,0.0191037611721036
"spot_368",0.0432061893666343,0.120714398539659,0.00791108161517009,0.071246937194003,0.195000877396848,0.00793347970010416,0.429085663248851,0.0862175077571073,0.0386838651816232
"spot_369",0.0300764872038068,0.419469236368626,0.0821290109375526,0.041355109840602,0.0686214360098922,0.11649097563529,0.11222673554014,0.121100743761346,0.00853026470274384
"spot_370",0.0156127682927949,0.0156616276674521,0.0033493454438403,0.101360328683799,0.110038155823889,0.0707101171275447,0.570864926578496,0.100648409568421,0.0117543208137629
"spot_371",0.0163776846568997,0.169422972365486,0.0126028199501041,0.149602769806634,0.161956886663324,0.0618141782428412,0.343679763044194,0.0635975886762321,0.0209453365942858
"spot_372",0.0328200224822984,0.169089236790054,0.0237560504656493,0.0348255003995352,0.0888708780728057,0.000710067430838991,0.577466475625842,0.0677037409590296,0.00475802777394658
"spot_373",0.0114863582765856,0.230491288609382,0.0129668003695843,0.0866856497732444,0.0554403503488891,0.0146086333222566,0.514176293316032,0.0409330060364486,0.0332116199475782
"spot_374",0.0312334854740715,0.149816262735733,0.0259944486569208,0.0943256548380012,0.0471902341351608,0.0186574568943899,0.542469696191474,0.0814917944547084,0.00882096661954036
"spot_375",0.0142899887362719,0.245933921807046,0.0135581700901583,0.0870971495834721,0.00468528418058166,0.000522266950389964,0.509193485744528,0.124390879646803,0.000328853260749781
"spot_376",0.0178803477614325,0.00448186557870074,0.00814248135809446,0.0812214973809803,0.301016822113305,0.000154721808660739,0.557644354601996,0.0244526292402261,0.00500528015660459
"spot_377",0.00960508649136611,0.162713995444873,0.0221795163014531,0.100216926923638,0.0719179725917882,0.129546944874561,0.396726181069265,0.0877217341156949,0.0193716421873603
"spot_378",0.030657852807987,0.0748961262194607,0.017536754415688,0.109892421720544,0.177371893898892,0.00150152362617212,0.527035351189535,0.0242757495303791,0.0368323265913415
"spot_379",0.0143450463917846,0.230130441476254,0.044073306842984,0.162463832371009,0.0175163484977217,0.00457840375686444,0.493823757568149,0.030811532802601,0.00225733029263176
"spot_380",0.0812108591977962,0.291544918278445,0.106459865379519,0.0964522440715838,0.072626766729997,0.0163454514732415,0.235192584843177,0.0855038955967663,0.0146634144294736
"spot_381",0.0293287284486268,0.194273369696096,0.0479173864271018,0.113433707330423,0.0287788767013695,0.000491295012343078,0.535938399255543,0.0489630164478492,0.000875220680647768
"spot_382",0.107364328689598,0.0765356098991924,0.0121534312257905,0.0852233256100029,0.307480576479804,0.029640766257049,0.241894755815146,0.0841195814742574,0.0555876245491605
"spot_383",0.027060601642298,0.000816247561902169,0.00160690338560047,0.0129724957370767,0.726867864764699,0.0801483600299585,0.00956533349095293,0.00144179832986568,0.139520395057647
"spot_384",0.0334460318259633,0.0230839463232939,0.0397984183425204,0.0945700624686189,0.365463076145983,0.141042771393831,0.231152485145536,0.0523873632841529,0.0190558450700997
"spot_385",0.0226356701708325,0.00761954756773727,0.00676818803916992,0.135527678051442,0.334995444997303,0.0151820341350308,0.437966561676158,0.028516976882224,0.0107878984801031
"spot_386",0.065907659585769,0.0798462899201948,0.0627934748757012,0.0960003041177723,0.0683944383361047,0.00944049481379951,0.537312402041532,0.0627528245698344,0.0175521117392916
"spot_387",0.0244197010367608,0.175161725284699,0.0128482281108634,0.0826514889461321,0.207137105075,0.004238213216013,0.359137182502709,0.0561003126592798,0.0783060431685416
"spot_388",0.0070012831872336,0.00491427956226422,0.00492113146525517,0.0519989043760579,0.033381159287487,0.00142973763084654,0.853595857140324,0.0400734351540155,0.00268421219651625
"spot_389",0.0393565448519096,0.18656428455049,0.0316072541965813,0.102701778509957,0.183649953404203,0.0274824547192688,0.331352365321693,0.0768073625570372,0.0204780018888593
"spot_390",0.051750151286936,0.353083508259469,0.0816979927722886,0.0739034676835436,0.00888343686640022,0.00204994024095483,0.340419236897454,0.0875630573953773,0.000649208597576701
"spot_391",0.022973598198754,0.316631529634936,0.0227746134143917,0.00888127118043214,0.0246217597502258,4.98523444434121e-06,0.476492483165898,0.127573415868033,4.63435528843944e-05
"spot_392",0.0443600024005032,0.0942884781329974,0.0201722174877384,0.0978492561490101,0.110944374651567,0.030847336130611,0.51242203595781,0.0750745458402976,0.0140417532494654
"spot_393",0.0161351547494362,0.0519356467914122,0.0162512260492433,0.0899205724261277,0.0524702433515397,0.00421053609747183,0.733774987410363,0.0304176638457232,0.00488396927868273
"spot_394",0.0363301131723841,0.307083788781438,0.0415153070562909,0.104509114062959,0.0629473071317881,0.00976837892224937,0.356293867174144,0.0454389571257276,0.03611316657302
"spot_395",0.0233639784297596,0.0135122909576914,0.005643782811746,0.0172661250833316,0.321190951959612,0.242023744279569,0.244317308613517,0.0177880630397282,0.114893754825045
"spot_396",0.0647452696992425,0.195334442456807,0.0338281081902355,0.141521606032139,0.0731344911435574,0.00438925041760469,0.403383866206575,0.0711854618684555,0.0124775039853842
"spot_397",0.0466959422152665,0.0751339101679212,0.0195064794820619,0.0826519211771691,0.294095333719684,0.0602742527694349,0.338165395000735,0.0513089359999239,0.0321678294678038
"spot_398",0.0441891093929003,0.103009888949669,0.0230605999266021,0.130792793655308,0.0160766565142888,0.00122857276569005,0.645456673035347,0.0336894716359906,0.00249623412420493
"spot_399",0.0294061944968186,0.0592522224452209,0.0440363999019416,0.0690131597079161,0.0852424969185945,0.00628464062651561,0.641113715080019,0.0256813081048625,0.0399698627181109
"spot_400",0.0243108221126911,0.134607619945158,0.0120990742627064,0.0915452877695722,0.107796357159452,0.0422187970068844,0.538005001436552,0.0191008261674648,0.0303162141395186
"spot_401",0.0218809954440509,0.20233529519949,0.0753129624205556,0.0935673613315559,0.0274385464260069,0.00142598313948655,0.499345932828603,0.0779778808756161,0.000715042334634687
"spot_402",0.05323863790052,0.479292891173469,0.0364689680841886,0.0712406993877029,0.0299978351984579,0.00114368330393281,0.273674778203279,0.0548472066861055,9.53000623445273e-05
"spot_403",0.0723668996252632,0.229882897123371,0.0345677878334213,0.0503162228999161,0.24041267342513,0.0422748098736904,0.258491325948967,0.0530626312704629,0.0186247519997786
"spot_404",0.0965547945515429,0.422065963694076,0.0628613757618563,0.0677662419343998,0.0671070045983036,0.0269799829482102,0.185174970831282,0.0662576739771317,0.005231991703198
"spot_405",0.0196424440961786,0.00559545390260624,0.00955497651666115,0.0831433463841628,0.239410979576105,0.000134803836716821,0.591152613374263,0.0480289190194183,0.00333646329388799
"spot_406",0.0333168836303192,0.228765169823513,0.0588522845224957,0.149383370800198,0.0572274958114325,0.00520806148798512,0.379940334801228,0.0858865289618221,0.00141987016100647
"spot_407",0.0340698048287094,0.20954692579924,0.0254732596676347,0.0432767724228168,0.1527103647482,0.003826683040536,0.325722206244502,0.0875168366552037,0.117857146593156
"spot_408",0.0177008158626456,0.0701318447806756,0.0032389999212852,0.123093036519692,0.131789232018171,0.00433092628575602,0.540589418858491,0.0892699101238309,0.0198558156294524
"spot_409",0.0589640054613544,0.208449488713868,0.0355533498737764,0.058350247243747,0.0491840452598416,0.00280964953113169,0.489825351224322,0.0941966333486127,0.00266722934334631
"spot_410",0.0160339895075664,0.191095634714491,0.0172015871637897,0.0895536342414799,0.0733445887873939,0.0583847005787239,0.468699501915621,0.0583484531620296,0.0273379099289043
"spot_411",0.00762050406622635,0.120646640739858,0.027983910150499,0.0592905635910569,0.0259242004382598,0.00265343333034045,0.745034601428176,0.00814041948357457,0.00270572677200917
"spot_412",0.0102131368743849,0.194717327404298,0.0331778717948561,0.0242428176575667,0.02263615414803,0.000598837067636445,0.632230569461193,0.0781217514579178,0.00406153413411673
"spot_413",0.0144191052762694,0.100817241447085,0.035114985525366,0.0256689771066733,0.134558854514931,0.00789954425008869,0.512182655694877,0.0755482576600005,0.0937903785247093
"spot_414",0.0447319156744889,0.191339047007971,0.0437443632663456,0.0607960924164355,0.0539979897489753,0.0223378374744123,0.452941429086416,0.121296953444732,0.00881437188022301
"spot_415",0.0723417416670309,0.231297456596399,0.0798483587254353,0.0969528338730638,0.166405677470264,0.00319236254902532,0.264617228400624,0.0837818004576409,0.00156254026051683
"spot_416",0.08306162469328,0.202630056646269,0.0494102790039607,0.0474485564669748,0.0696903554732532,0.0547972053819769,0.314162446027089,0.153490652140828,0.0253088241663695
"spot_417",0.0298675691102053,0.175344042607327,0.018738578426887,0.0735586992739592,0.0912540693140753,0.0195582384349138,0.50134913106615,0.0723613745665888,0.0179682971998937
"spot_418",0.0355896233720459,0.172030271148897,0.0248909075112844,0.0620438628510374,0.119592664878573,0.0258066902015607,0.362985179656624,0.088091937727208,0.10896886265277
"spot_419",0.0542551537070799,0.123650802213455,0.0340007419259768,0.0832830373215168,0.0277815693365321,0.00297889123670299,0.615706156156311,0.0550026056958036,0.00334104240662174
"spot_420",0.0313476489682019,0.189427178811964,0.0376954381662301,0.0269587422675589,0.175204793486767,0.0659474689976348,0.305730655222575,0.0761788737822723,0.0915092002967959
"spot_421",0.0279002808721496,0.219246096004827,0.0616705087376026,0.0229130472385906,0.0270616464648235,8.40270335006179e-05,0.583770975340671,0.0570147361282421,0.000338682179592352
"spot_422",0.0646985600236841,0.132337349756373,0.0333056890406166,0.0293589540449716,0.199605436146382,0.0949889699568651,0.381021099453776,0.0353192090081141,0.0293647325692165
"spot_423",0.0217764828434768,0.280556140467219,0.0132671602451514,0.0752499554661107,0.0222485196321395,0.00322322172002268,0.480693277392605,0.0930248274742185,0.00996041475905606
"spot_424",0.0234371398574069,0.0746779972912093,0.0243208171336111,0.0208996872593533,0.129495407295945,0.000379601023941725,0.635307908939644,0.0878536361032614,0.00362780509562662
"spot_425",0.0516069968920474,0.257350624595292,0.0257384546631575,0.0554609043850927,0.14524302946947,0.0118969407509636,0.286207349233425,0.0668533091607521,0.0996423908498
"spot_426",0.0287320301808894,0.120647657246743,0.0343341214943033,0.11089556810707,0.309787271979751,0.00714896824257324,0.301226721091034,0.018829797787032,0.0683978638706038
"spot_427",0.0408547166707693,0.205692671007468,0.0547541241779386,0.0553753102760457,0.014310354001874,0.000109917189707829,0.474192272690041,0.154239851648947,0.000470782337209205
"spot_428",0.00269822893948815,0.00190748838087828,0.0027525837425263,0.129597627158145,0.368231590119456,0.000252356229453138,0.472158955782011,0.00526571978143026,0.0171354498666125
"spot_429",0.00709307783198264,0.00235326786393447,0.00160754636096211,0.0527287510232878,0.0956542924695733,0.0467027690321931,0.653559785015499,0.0772060728557479,0.0630944375468196
"spot_430",0.0315394862001626,0.448601215521845,0.00868945883560802,0.0219666065530897,0.216726923365498,0.00195464553819906,0.110218135527864,0.0565070048489302,0.103796523608803
"spot_431",0.0412111069459829,0.0740454371005667,0.0258700968580866,0.068783786740158,0.165930810226073,0.0143616196694807,0.556949140736686,0.024156815765958,0.0286911859570089
"spot_432",0.0618172499468361,0.284998375830757,0.106247568446752,0.0786019868533666,0.31460258194176,0.00806435762755279,0.0286218237261621,0.096769639127617,0.0202764164991965
"spot_433",0.0330677776172485,0.119219183233091,0.0276332929937451,0.0908164801370691,0.171537192511897,0.0678859982229388,0.37072848396956,0.053933710626581,0.0651778806878707
"spot_434",0.00148007080896877,0.246252519158236,0.0183381970384536,0.00859670385927443,0.209699718154351,0.097421763743444,0.229373851831157,0.136894016082037,0.0519431593240787
"spot_435",0.0289106650134594,0.101428163265727,0.0273187877494634,0.0536362254836186,0.0173630036159043,0.000380857140802114,0.729121523010284,0.0401340686871606,0.00170670603358099
"spot_436",0.00653024729645177,0.00407349677050569,0.000723699569709643,0.129861680058223,0.0119871250152339,0.00367192888456352,0.735588251103728,0.103788188236963,0.00377538306462148
"spot_437",0.00989890715788024,0.00163149660292426,0.0047423384496247,0.0248409334179909,0.0596169078129162,0.00503792694566722,0.752723864192409,0.0320533139972668,0.109454311423321
"spot_438",0.00716710766760134,0.144119478890432,0.0100977543797758,0.0618439450677037,0.096591264187938,0.0082641779675818,0.501953265898655,0.0926353412250905,0.0773276647152221
"spot_439",0.0998171144188715,0.0675865442575165,0.256480047672049,0.0512419587091547,0.0920382590811921,0.00137370305674668,0.33175550933791,0.0996876357570546,1.92277095054991e-05
"spot_440",0.0342905560021037,0.0832711756941225,0.0580429588209321,0.0679300089473553,0.413868619154682,0.00119047270303052,0.196833802397803,0.134277968980055,0.0102944372999165
"spot_441",0.061212066968216,0.127135585402187,0.0405315474147601,0.0715227049291013,0.0600468097219157,0.0744407555004456,0.48186894282959,0.0732210726014512,0.0100205146323331
"spot_442",0.0242331537898199,0.181738859247514,0.0073459101807402,0.0199049655856845,0.033798043054573,0.0106343768795046,0.573240698052637,0.124553464256526,0.024550528953001
"spot_443",0.0340948047469202,0.0965152592688497,0.0206376002179921,0.0735561630808606,0.114475535083828,0.00483570400402271,0.540007046263413,0.0713694569903091,0.0445084303438056
"spot_444",0.0671004270069234,0.227507188135177,0.0613050789420938,0.0634796234895169,0.0919600111227452,0.00489642787383168,0.386501413714935,0.0722634659966331,0.0249863637181431
"spot_445",0.00330577848974236,0.00267175357372909,0.00260944982929929,0.136845007905231,0.115114660118468,0.00698005360453385,0.543758744325919,0.0535337388786764,0.135180813274402
"spot_446",0.0339821336441198,0.447636281021097,0.0632251831227004,0.0267677891588573,0.0405899759924502,0.000160116725272742,0.249288186571392,0.137838110575226,0.000512223188884022
"spot_447",0.0913806338472501,0.515776136394405,0.0692789243653118,0.0307190349681273,0.0848561893289795,0.0631684286411265,0.0575320947978918,0.0544101984972034,0.0328783591597044
"spot_448",0.0871419592611582,0.197245494432533,0.054829556727177,0.056160508395804,0.0571112340547376,0.00204041301763802,0.44605396928689,0.0947719820262872,0.00464488279777494
"spot_449",0.0382026295778385,0.28327002577314,0.0200818232790186,0.042181287585964,0.0913124186763568,0.0843593853161119,0.285989311945917,0.106421756677663,0.0481813611679898
"spot_450",0.0766910320525783,0.0501721505323298,0.0567630421433356,0.0726778529265728,0.206685559897109,0.000893123024322141,0.496727475256939,0.0323314566108992,0.00705830755591447
"spot_451",0.0340782049682445,0.235679831171155,0.0360739759991149,0.047910814759537,0.0314932987028927,0.00335978728975258,0.561496614997623,0.0486414835369171,0.00126598857476318
"spot_452",0.0144281512672766,0.0025620094744442,0.0104035022924443,0.0556619078848029,0.19001221474572,0.0073426602193997,0.61981759440407,0.0196739803679972,0.0800979793438455
"spot_453",0.0633596514934558,0.140795250608035,0.0189452427573419,0.105019288275003,0.0337882449642331,0.000907752120908761,0.578349876978283,0.0581407841687487,0.000693908633990149
"spot_454",0.139695074763525,0.135055488636338,0.0439039466656666,0.0311409486744843,0.355357057052591,0.117672520316626,0.0670454684985566,0.0461333581244102,0.0639961372678025
"spot_455",0.0978187970276518,0.403786173818866,0.033856831548529,0.0645048551094554,0.0336357102626764,0.00561838881821123,0.282786841708818,0.0768997715811664,0.00109263012462548
"spot_456",0.0595159709536165,0.177254075711729,0.0351685340389446,0.0849653205991494,0.106429953223972,0.0315831607242608,0.394124419839221,0.103482169931027,0.00747639497807966
"spot_457",0.0274138687840317,0.172237137541352,0.0164021536152927,0.119847763593021,0.142509833642641,0.00322099696863003,0.479607084086567,0.0140406416123777,0.024720520156086
"spot_458",0.0435935705607513,0.182482781202706,0.0581586282034577,0.0741779367643992,0.0923951773198858,0.0248456984919611,0.41274069618581,0.093114130455731,0.0184913808152974
"spot_459",0.0273808921970981,0.00706889786445678,0.00947000082258275,0.0180981350542837,0.388275550882485,0.131315779494945,0.175326750424308,0.0100329600092666,0.233031033250574
"spot_460",0.0252260629676465,0.138004561340533,0.0376004315936148,0.0408481363717916,0.0259458871363827,0.00066852096242835,0.680953787932974,0.0479222807268486,0.00283033096778044
"spot_461",0.0449071519069207,0.128865104654662,0.0306113121675932,0.0671034856731199,0.192008971148432,0.024258226816189,0.406816209745632,0.0840412898179776,0.0213882480694737
"spot_462",0.0310732982386019,0.0774242200735829,0.0125964697756702,0.0942710100560819,0.0705944072026688,0.011460956473848,0.64435833627589,0.048120108841447,0.0101011930622091
"spot_463",0.0283650392883382,0.135915686647097,0.010975744692127,0.0376155143258689,0.00539540805988968,0.00891576077720219,0.61099283498899,0.155894992244841,0.00592901897564618
"spot_464",0.0313878643805811,0.0721082940969965,0.0293565485851496,0.102187743998264,0.0625884823089676,0.0208822664578716,0.616506247381038,0.0349341423416336,0.0300484104494978
"spot_465",0.043467397167001,0.126653820858123,0.0238427865643499,0.0489054922024312,0.124189810210013,0.106135802995264,0.446825411531873,0.0557225474502301,0.0242569310207157
"spot_466",0.0270820929448383,0.177671538029779,0.0313088942909206,0.0829011857002601,0.0412003604237766,0.0438108699109327,0.55996569556574,0.0313119348271735,0.00474742830657866
"spot_467",0.0516210412824489,0.14539916088365,0.0136546847476812,0.0764555986465598,0.267943571355588,0.0931160281605907,0.228027572601837,0.0920365231679688,0.0317458191536759
"spot_468",0.0247133959050812,0.283742667277012,0.0289055452659597,0.066184264642145,0.131971002529526,0.00371012379627442,0.300980765408681,0.096836558445725,0.0629556767295953
"spot_469",0.0354980482291576,0.0134680535111328,0.00891385670401817,0.0228627489778358,0.180228808624652,0.0808829029534638,0.511635909959362,0.084033887077964,0.0624757839624142
"spot_470",0.0468876691193979,0.102682786423996,0.0227259055324634,0.0685064092034054,0.0267067802229448,0.000560150182051391,0.67876020089784,0.0519306656874819,0.00123943273041943
"spot_471",0.0543307813342057,0.147693947148781,0.0281600844354911,0.0302237068664772,0.0183213570795051,0.00346660356481171,0.602384812878305,0.111940786666468,0.00347792002595514
"spot_472",0.0585089547477641,0.23316903458979,0.0817655998384265,0.0933152964548374,0.0389290478927192,0.000967897007236477,0.45205818271969,0.0405236994740781,0.000762287275458071
"spot_473",0.0333750170691287,0.187028907548371,0.0115124930472556,0.116537664869038,0.0682552059199295,0.0027846321384764,0.495987088642721,0.0841976383154789,0.000321352449601215
"spot_474",0.0323613933639002,0.128732536767301,0.0418846538888612,0.0455232964088209,0.271760034259862,0.000887373802953571,0.385717120019185,0.0832384990555416,0.00989509243357489
"spot_475",0.0152108824364191,0.00261585280015742,0.00282842836428505,0.0516171463772521,0.111986526445513,0.000353727027248825,0.745264475361822,0.0674565479294863,0.00266641325781672
"spot_476",0.0118162865633715,0.00529326951840927,0.00258154617053594,0.0258193622363416,0.30070177933044,0.0622586438912195,0.476676454504394,0.0707829536172641,0.0440697041680241
"spot_477",0.0215628635773212,0.188653541225102,0.0306967610892396,0.0981394987553634,0.0130901590980654,0.00336607453468437,0.515706779904835,0.127833037521786,0.000951284293602915
"spot_478",0.00711037275881024,0.00334083908774749,0.00642954492585265,0.0698973928018475,0.359699302453807,0.00786828252254351,0.28312373048253,0.0366556708723924,0.225874864094469
"spot_479",0.0220901524286085,0.0051354447275284,0.00234543671601805,0.0902309614770926,0.0666995979668638,0.0301047343555369,0.700142680976091,0.0628394650341901,0.020411526318071
"spot_480",0.0428484848822645,0.0484518185806793,0.0145780970263196,0.0995920334229581,0.134368884300596,0.0281768344904642,0.539123063174784,0.0140533762732844,0.0788074078486492
"spot_481",0.056742099268517,0.0976574111662416,0.0172648579119277,0.116045841767365,0.128691848543847,0.0164669754387276,0.47355418554275,0.0699213663351179,0.0236554140255068
"spot_482",0.0476362471489688,0.155574749273779,0.0226741199964292,0.0940086088070502,0.0517752206335754,0.00863303429639023,0.53837133750127,0.0589761205524845,0.0223505617900528
"spot_483",0.0420835262501448,0.271945691377654,0.0478689162245183,0.0729671688055637,0.0444985288259465,0.000978721678363772,0.467246097213816,0.0514468246824019,0.000964524941590646
"spot_484",0.0329759543129224,0.161679104785202,0.075125788526513,0.0862333640292592,0.0775574077408878,0.00387582740606135,0.508953661901654,0.0505546575051513,0.00304423379234951
"spot_485",0.0594455890470503,0.207028093079209,0.0288502318254559,0.156587666499064,0.0409086007149697,0.0171186665174141,0.427589660090893,0.0527654597063974,0.00970603251954665
"spot_486",0.046461303028463,0.0819063919005804,0.0442669615289848,0.0778487808990016,0.0701699890387663,0.0477934440430349,0.552554275243045,0.0548158418290149,0.0241830124891093
"spot_487",0.0243611412865656,0.235078413782387,0.0276336524576006,0.0630280286699268,0.198561714798641,0.00198656636423214,0.358469286948786,0.050925593518002,0.0399556021738589
"spot_488",0.0101898628668155,0.00358516358396382,0.00696834128935546,0.0617534938059735,0.0197078204765683,0.0017752700632833,0.847716827036138,0.0465031997822484,0.00180002109565375
"spot_489",0.0234657359528162,0.0672340600970764,0.00720085880919631,0.107595939690356,0.0235239049321253,0.00154053608478985,0.665404446951495,0.102009185256327,0.00202533222581808
"spot_490",0.0285905055732911,0.0695265110656708,0.01349018135081,0.075338150687873,0.110896523142784,0.0563226841081307,0.578405933965335,0.0498013697739217,0.0176281403321834
"spot_491",0.0162137662654346,0.132731236316579,0.0352458880712022,0.103305971318574,0.20685063556193,0.00237208998245813,0.467933079379292,0.0311123913763144,0.00423494172821514
"spot_492",0.069462260871625,0.440681764738237,0.0205180365570612,0.0847426383153889,0.0176952708735398,0.00171672140939857,0.353370463731004,0.0116869858205241,0.000125857683222072
"spot_493",0.0292829644060207,0.175765933403817,0.0278044424013055,0.0436178358316522,0.20522644270999,0.002092690291122,0.439887308995822,0.0671850080667651,0.00913737389350524
"spot_494",0.0256473808425586,0.195316120730769,0.0285612549689404,0.0417165827231114,0.26977639484398,0.0457341834283813,0.329945482490911,0.051325323431137,0.0119772765402114
"spot_495",0.0112222294772932,0.0694721126501389,0.00610337744100674,0.068309211320522,0.0296774960468581,0.00236149819404609,0.778744315769962,0.0312027010765644,0.00290705802360822
"spot_496",0.0295212962725216,0.147619358587508,0.0426962875061775,0.188034652763885,0.0658167162245524,0.0429244878353802,0.318256721661742,0.0516899063162884,0.113440572831945
"spot_497",0.0180055284308038,0.218785670559694,0.0184111916173551,0.181596471321164,0.252787595471508,0.00569850696250398,0.161213656142017,0.0942652492599737,0.0492361302349803
"spot_498",0.0424285209898394,0.260666485900656,0.0308183523142888,0.115962196409568,0.0872232950943306,0.0070926267677447,0.347545169061436,0.0738313476469549,0.0344320058151819
"spot_499",0.050121518975319,0.166654037176806,0.0534152090128022,0.0681736551020772,0.107107618338686,0.041953639315938,0.399839470389233,0.094211445827686,0.0185234058614521
"spot_500",0.0188913390416717,0.00416620843353665,0.0018915367984239,0.0583640725606541,0.299807860814697,0.0028603762599185,0.5122095413352,0.0658785926682931,0.0359304720876051
"spot_501",0.0308245357196715,0.11123910344227,0.00807026880500805,0.0614007672626551,0.0654556774880924,0.00010335081053189,0.564849319330619,0.157845565911447,0.000211411229704257
"spot_502",0.00436777253932724,0.00638548504516669,0.00396621645063905,0.0586925867843187,0.173534057805271,0.0228231437588657,0.429260377843559,0.0638073771648506,0.237162982608002
"spot_503",0.0458790024105498,0.0962208516825297,0.0317481046819239,0.043628568297855,0.200917079326526,0.0180349970474724,0.438496657577729,0.0371090266956776,0.0879657122797368
"spot_504",0.0369906319899661,0.163270636050274,0.0313287642349821,0.109352244462052,0.0447957269080404,0.000771644393728057,0.524485477816961,0.0881888048734182,0.000816069270577931
"spot_505",0.0435581862716645,0.0634038813877181,0.0247962951937162,0.111069780060199,0.0443884994015671,0.00308547304805521,0.65145082205578,0.0563245331933979,0.00192252938790209
"spot_506",0.0392108066586748,0.309792418825447,0.016968181111796,0.0930443158789682,0.166551160919859,0.0024755594801224,0.29080031560677,0.0749917037332037,0.0061655377851588
"spot_507",0.0607040814085715,0.0854606080095166,0.0346882071704095,0.0683912305344309,0.296503857774542,0.00137358626605696,0.394444101368093,0.0432657944750679,0.0151685329933111
"spot_508",0.0532970481317779,0.0112475803574594,0.00439289083607279,0.071831466119546,0.14759335049135,0.0630847030471296,0.57370089427753,0.0391706418856363,0.0356814248534986
"spot_509",0.0122954884471098,0.160584263117319,0.00547517883173217,0.126497633924662,0.155774526457963,0.0378316419775133,0.355274444398294,0.0813280276892102,0.0649387951561963
"spot_510",0.0398567433934774,0.192052097466238,0.0503314167538069,0.0282106970404867,0.494796468765217,0.00243435098479866,0.0227043505173275,0.0617207769504621,0.107893098128185
"spot_511",0.0534750268763476,0.2294538875934,0.0235246750422738,0.144495355398189,0.215232659726389,0.0896663071826675,0.0470652408745123,0.154650331236837,0.042436516069384
"spot_512",0.0411847194560917,0.000617768483622663,0.0155813499586178,0.0220295737372121,0.56187305632517,0.000274730944215534,0.31061334813096,0.0395562191422675,0.00826923382184246
"spot_513",0.054112915598809,0.288193999422229,0.0456802804136389,0.0407918108830038,0.0317875797089427,0.0014142837860363,0.407676381797235,0.128321071286136,0.00202167710396873
"spot_514",0.0540520634298717,0.295898628652879,0.0167047756064287,0.125794010435189,0.0511715400531308,0.000931386463339494,0.40840446259476,0.0462823507166926,0.000760782047709348
"spot_515",0.0414123203583915,0.146063849744596,0.0197655236671611,0.0819473542779863,0.0319303408591013,0.000591587856765959,0.6360711407351,0.0418106182524678,0.000407264248429565
"spot_516",0.0495445223960103,0.0595437292170764,0.00302787315743421,0.0650484821630753,0.0847176888726715,0.00776206069822101,0.633120788359228,0.0336758943633906,0.063558960772893
"spot_517",0.00457538926024392,0.00374994667859912,0.00842914514744833,0.189658151797783,0.517173090562869,0.00256303001411869,0.0709519455226759,0.029356349714763,0.173542951301498
"spot_518",0.0156927510071554,0.267511549349181,0.0142384963518412,0.0785242830915165,0.0270418470774026,0.00143788471929307,0.545964114195821,0.0479208225558896,0.00166825165190019
"spot_519",0.0321769002679165,0.390371351229915,0.0499574691775768,0.120521109372155,0.0916727750501457,0.0889260169369341,0.0792901839706466,0.119698157263194,0.0273860367315159
"spot_520",0.0169128588950108,0.124386467321518,0.0233630743990824,0.0837951147151367,0.0368928271730779,0.00101133788479039,0.632358941548201,0.0795789573967767,0.00170042066640604
"spot_521",0.0420189335342819,0.0949096520345691,0.0167317000204055,0.0616353484523035,0.142983006033624,0.00192181662426316,0.562260130897727,0.0711517171951523,0.00638769520767403
"spot_522",0.0591120000593259,0.189620200852682,0.0314820600329777,0.155208776583271,0.0547664946898156,0.0012006510573879,0.432709690562391,0.0740575416741984,0.00184258448795038
"spot_523",0.056905056380637,0.266435239981195,0.0213172114889299,0.137728005692956,0.206439352596229,0.00263381676762174,0.196835402405519,0.107767240873133,0.00393867381377956
"spot_524",0.00844759298402029,0.125254194254842,0.0303996057885044,0.123830661914569,0.364031943102772,0.00410561364643541,0.184458551753258,0.0261063136014858,0.133365522954113
"spot_525",0.014252609066357,0.184716866079585,0.0691292487095271,0.127079219109275,0.436069003076704,0.00168590963586176,0.0894253800026968,0.0608861147837073,0.0167556495362868
"spot_526",0.0358693091654074,0.212936173259082,0.0195768725665402,0.0929554925145438,0.0474399563933607,0.00231681860939253,0.474035395361131,0.114313400755796,0.000556581374746303
"spot_527",0.0485791648895508,0.130097106027258,0.029975572203407,0.128934875679995,0.0356437993491126,0.00267388112508048,0.539798190351416,0.0826077757784207,0.00168963459575853
"spot_528",0.0309570790053502,0.189397261581864,0.0190845900013937,0.163846035376461,0.113406466041591,0.00801690028887179,0.372709207926459,0.0816489460611779,0.020933513716832
"spot_529",0.00635699477960064,0.200117923405273,0.0129561540501209,0.107117843788576,0.015103618783156,0.00106069892680594,0.585501355272222,0.0716468560426249,0.000138554951620805
"spot_530",0.0772718362805592,0.16364004900268,0.0446236463704384,0.109569536819234,0.358566615057623,0.0521254539867798,0.105369124245907,0.0575954285732339,0.0312383096635449
"spot_531",0.0478468093721572,0.195644388781167,0.0147393506546479,0.102073411756813,0.213032189145322,0.0228729299943563,0.331501160121643,0.0470391993930328,0.0252505607808608
"spot_532",0.00671956257105605,0.00427884220589474,0.00306860756722782,0.0493249483726002,0.0272481285532743,0.00816795887886436,0.877157809392667,0.00475552854394551,0.0192786139144701
"spot_533",0.0762363398237186,0.317681193049569,0.0592908821881681,0.0968783192522238,0.328735465104392,0.000969057311499584,0.060715086555623,0.0537639966424859,0.00572966007232008
"spot_534",0.0396553645744776,0.108004753744322,0.0497124128878819,0.0760029586651086,0.229592820848828,0.00309348333757565,0.3464939789656,0.0690633294064776,0.078380897569729
"spot_535",0.0106372343806547,0.206674766879247,0.0139133484907006,0.0559951559450547,0.0191266767929739,0.00119717702626545,0.593360081578507,0.0962057808232951,0.00288977808330154
"spot_536",0.00828082176588675,0.193776844059302,0.0666197103189967,0.00884051578828192,0.0393961537048395,0.000195369014908207,0.60232760460538,0.0803611027936382,0.000201877948767001
"spot_537",0.0396077482019853,0.0789663153528142,0.0177071007736705,0.0626910413892174,0.0575878302817325,0.0211169776126185,0.632373506931464,0.067264275866758,0.0226852035897398
"spot_538",0.0262489107850868,0.131439676294967,0.0112152358471361,0.0523956700094277,0.254020721388107,0.00858464956187146,0.409116140155928,0.0613304196376865,0.0456485763197896
"spot_539",0.0614391417725125,0.289731593780415,0.0679842009648144,0.0142256121367861,0.109623998366441,0.00198110113598417,0.330160111591021,0.123371023063361,0.00148321718866529
"spot_540",0.0275079434141204,0.00402839623692181,0.00813417828859636,0.045017781948331,0.149857765629589,0.00250406439189494,0.716953875693953,0.0246271270363102,0.0213688673602827
"spot_541",0.0622323129822224,0.283097955343771,0.0322061396988201,0.0736504762861715,0.0330187353680598,0.00067912082500625,0.364716458256392,0.149836905011908,0.000561896227648632
"spot_542",0.0197991512287176,0.00820199821665457,0.00848818623893652,0.0532404931076582,0.134560268060983,0.0999358533645592,0.589458577947736,0.0629238949482908,0.0233915768864646
"spot_543",0.0243120180367922,0.140144511105421,0.0271600863936181,0.08550736609736,0.0802110093034957,0.0308281359898476,0.492780263961694,0.100818960198922,0.01823764891285
"spot_544",0.0806740365936884,0.264076212272374,0.0359686232392651,0.040682067339495,0.164539203616641,0.00313149982533619,0.310260734642632,0.0931881155621631,0.00747950690840563
"spot_545",0.103696453980905,0.336333038927672,0.113012672446621,0.0413595236445072,0.153426151793691,0.0350747783475873,0.158363944363569,0.0332970876395104,0.0254363488559367
"spot_546",0.0492663103904167,0.125037161764617,0.0203595955748025,0.0803668489215802,0.258438334231212,0.000635753147036123,0.403442810686886,0.0536246636504995,0.0088285216329506
"spot_547",0.0298726230642547,0.265394610921713,0.0137136691583955,0.0517962497416637,0.0563979605948077,0.00171528386020312,0.493235096342407,0.0841692167895342,0.00370528952702186
"spot_548",0.0135025715540818,0.00456623755161067,0.00817284766236923,0.040363240137826,0.0120552771535712,0.00112761782389807,0.876643992576466,0.038584468679997,0.00498374686018014
"spot_549",0.0599831342185337,0.251589549010413,0.0309855810019365,0.0550227637936566,0.021434689334886,0.00030564582226747,0.469136108459344,0.111278435257891,0.000264093101071471
"spot_550",0.0348312035399275,0.265245724837921,0.0384409285958005,0.0677927709414956,0.0274381543428885,0.000248690795339934,0.499110765612765,0.064660887341468,0.00223087399239335
"spot_551",0.025133021521847,0.00190625456349446,0.00911090952195829,0.107366129693695,0.11249458110946,0.00204375174376319,0.657865946982735,0.0489570539918939,0.0351223508711533
"spot_552",0.0328061279434242,0.169216479636715,0.0200807927852983,0.0551871723984397,0.0296309678867833,0.00201485419129403,0.618521051538802,0.0695504707014717,0.00299208291777164
"spot_553",0.0343093425760688,0.328455187836978,0.0348422508673782,0.0609612620265035,0.202714782147723,0.006700417803637,0.177157129355065,0.0917418900846148,0.0631177373020319
"spot_554",0.0261675499159384,0.153348081418265,0.0271754253466892,0.0929287588325379,0.196312609493989,0.0038880959603751,0.370959215714113,0.0881422140406686,0.0410780492774237
"spot_555",0.0526587703036549,0.108393758703715,0.0507357782975101,0.113808659219045,0.04688365186957,0.0119742856904412,0.52082638425862,0.0635853505900709,0.0311333610673741
"spot_556",0.124480112889021,0.649523916010348,0.05988643185954,0.0126835925061699,0.0182716243451856,0.00181933974212936,0.0982446653176674,0.0339451542527916,0.00114516307714798
"spot_557",0.0169139665752399,0.00334535141619747,0.00727079226350123,0.0261821141574912,0.00753038520065955,0.000501587788011972,0.794296037772164,0.134895587529648,0.0090641772970867
"spot_558",0.0311166642892753,0.125836893425133,0.0183660162161735,0.0699866819573285,0.148504876510516,0.0128386155042179,0.411083499228467,0.0456819309335246,0.136584821935364
"spot_559",0.0196431925289675,0.00976740696370332,0.00411138526508687,0.0993880707912553,0.142329614954483,0.110632809345188,0.51359220440755,0.0744524230663359,0.02608289267743
"spot_560",0.0689680275860593,0.297537833335502,0.130663348835541,0.0734852978730395,0.179297354204879,0.0234347642747948,0.0881858745240758,0.0577952226588042,0.0806322767073042
"spot_561",0.0796547063569199,0.279787632962306,0.0334481579366817,0.0919893265084761,0.0575954900727498,0.0053466273790559,0.359249028343529,0.0885146207916972,0.00441440964858422
"spot_562",0.0475082891531982,0.472201229684599,0.0680557506666915,0.0917382624626947,0.0669129124580015,0.00614928669817359,0.197094847133096,0.0501570731528803,0.000182348590665374
"spot_563",0.00503929747989668,0.00160252294161795,0.0222682868721404,0.048068511987169,0.0950773826524839,0.0120046787150915,0.781775819888883,0.0338714842780806,0.0002920151846369
"spot_564",0.0155896059774515,0.515012896984586,0.115169585578188,0.123392556024491,0.0245511407860597,0.000340210967521002,0.0659652153631533,0.139936901299555,4.18870189948573e-05
"spot_565",0.020800972789101,0.135427098814136,0.0164890838633625,0.1110448965429,0.199153193091081,0.0145801924976633,0.380266287274108,0.0410054910358259,0.0812327840918225
"spot_566",0.0412985444086253,0.00445856596902719,0.00759084054102045,0.0721335235559144,0.142923970283771,0.0274174149702839,0.625637607103009,0.0452174562791874,0.0333220768891613
"spot_567",0.0380961330142662,0.162137393901844,0.0276716455728868,0.117049829129678,0.0479120973463742,0.0185189732338903,0.489298751511497,0.08601376552317,0.0133014107663941
"spot_568",0.0216287878324446,0.256308390801841,0.0191255225846414,0.0423184173341754,0.0352344480778033,0.000892684245661009,0.587709204850477,0.0355215606200973,0.0012609836528592
"spot_569",0.0178398917876893,0.206879474072498,0.00658159909295261,0.0293859784158856,0.206630298373869,0.0312429364012074,0.38745244814856,0.0837866475986421,0.0302007261086961
"spot_570",0.0290917764170564,0.154076276468979,0.0148416284336433,0.134423917955886,0.141116212495246,0.0029484609513253,0.450197060927802,0.0601362963371628,0.0131683700128997
"spot_571",0.0158543785401182,0.340719338732674,0.0516847282718389,0.0769472259080957,0.00535065143909648,0.000654192319661343,0.44923817147743,0.0594219407965136,0.000129372514571322
"spot_572",0.0293674737188435,0.00153516995575295,0.00225583915646984,0.05818286698281,0.0466848185363303,0.000719619256486438,0.833529691845411,0.0207386587436226,0.00698586180427339
"spot_573",0.0460172810935832,0.166616827033915,0.0504652693572704,0.0758471203527757,0.210851214673489,0.0218892131744111,0.258645609788317,0.0660716567321738,0.103595807794065
"spot_574",0.0894983493133784,0.564695447886428,0.0645727994074421,0.0317325055408429,0.0457665120136834,0.000277911328067915,0.0462103036506297,0.156958320768582,0.000287850090945527
"spot_575",0.0388689430399032,0.0467715165370783,0.055409158204158,0.0967783564454989,0.390261283251766,0.000898676972557112,0.310819044320684,0.0556278496789114,0.00456517154944284
"spot_576",0.00942737528245675,0.00397321343027192,0.00181426731920624,0.0209879887273177,0.00374652461182457,0.0493432377909682,0.705027126502096,0.0652896043207901,0.140390662015068
"spot_577",0.0676691219893606,0.350618112685784,0.0483192959062129,0.0833558136466655,0.0533837404333044,0.00104227514305074,0.296858732533132,0.0984967352925325,0.000256172369957197
"spot_578",0.0459299723704197,0.380711475962653,0.093644867109817,0.0467792793412409,0.11451043594795,0.0122098970051949,0.206009542186929,0.0902908875768114,0.0099136424989838
"spot_579",0.0192188407588462,0.00849130254625124,0.00319721452032901,0.0518622144676048,0.0675671139541547,0.0580396685715724,0.709730504429007,0.0614092270088915,0.0204839137433437
"spot_580",0.0267363874891693,0.115511386735088,0.0239569552582314,0.0696762644848567,0.0317471261006357,0.00172301006824637,0.663725396226467,0.0605781422659575,0.00634533137134825
"spot_581",0.0416608114847897,0.197745782383427,0.0418359392696423,0.0672113485573983,0.222701152553639,0.041714200226013,0.284523054751859,0.0509337421872537,0.0516739685859773
"spot_582",0.0453629657974495,0.0911683172016605,0.010124200931487,0.0640851405217936,0.181473135811268,0.00216556213865315,0.492531639021658,0.106964332009917,0.00612470656611279
"spot_583",0.0256336491560906,0.161733254356702,0.0307273636126402,0.100927926490218,0.319643346245392,0.0153463266590467,0.0614405039304703,0.0624285669897558,0.222119062559684
"spot_584",0.0291677107402064,0.0193495109752391,0.0744184642584503,0.0776430022200889,0.112011922357631,0.0464007404422971,0.56818881374834,0.0594340433315829,0.0133857919261641
"spot_585",0.0620543425149651,0.133114367265654,0.0248042133462321,0.0647140935884785,0.023524627710423,0.00337308396195931,0.635905249068865,0.045203471179678,0.00730655136374523
"spot_586",0.0111744431470981,0.245350136149146,0.00535372854403491,0.0910558839089436,0.0309908690227253,0.00131339725861051,0.492873508228025,0.12134124689643,0.000546786844986422
"spot_587",0.0856374659543925,0.486217102623339,0.0643879512605917,0.0199305635613699,0.0417480990936578,0.0150094233880449,0.0700274962968065,0.166949754992149,0.0500921428296494
"spot_588",0.0367283677082642,0.063758859923322,0.019007017847359,0.054355790955538,0.0231812760086364,0.00154563270779449,0.736223065257562,0.0645693783305754,0.000630611260948246
"spot_589",0.0304060202726477,0.103290492240645,0.0201190373982194,0.0958752797935471,0.0343953924704482,0.00169419493441978,0.644952758220006,0.0676439307986749,0.00162289387139242
"spot_590",0.0193603649204607,0.242579924920471,0.0108717364241381,0.0940587600468726,0.102168267697121,0.0233675703098154,0.344520361760478,0.129859233091391,0.0332137808292533
"spot_591",0.0153737465461042,0.0857635822989204,0.0129488533210793,0.0673224565148322,0.191270707988744,0.00480738206081602,0.484497816350835,0.0972387604725332,0.0407766944461355
"spot_592",0.0518502398585253,0.147475896363795,0.0147598837017089,0.0978267199052693,0.0584039672528268,0.0291599712768442,0.465244775701279,0.121330513188693,0.0139480327510587
"spot_593",0.0124274575681756,0.00409954238357538,0.00242171187093409,0.0354800907072955,0.0470313568877216,0.00769650726911299,0.796775293653596,0.00687861094995529,0.0871894287096338
"spot_594",0.0335323217930995,0.161456450607709,0.0184150954125537,0.0546357252167262,0.139735731645975,0.0591529866349298,0.445803780692089,0.04985910056244,0.037408807434477
"spot_595",0.0241919273651149,0.215236777396892,0.0108633791503471,0.140781220468411,0.255261122315275,0.0027088315184945,0.258197572924903,0.0812163118467703,0.0115428570137916
"spot_596",0.068054170307831,0.155877138327445,0.096026023143801,0.101048607887287,0.150300561126857,0.00547901173307658,0.30852404478075,0.0445010910583135,0.0701893516346395
"spot_597",0.0302313948591521,0.0938570468037305,0.0278285683880619,0.0617759645004513,0.14444650752525,0.0489178551766056,0.510401859740789,0.0632539730304751,0.0192868299754842
"spot_598",0.0531626641624606,0.115652641749007,0.0281803214327411,0.0677497163162391,0.257442921158409,0.00111627306631432,0.43006820676134,0.0428442371917325,0.00378301816175653
"spot_599",0.02389994961107,0.172566431730654,0.0125776203302883,0.10621207487816,0.0226176548409442,0.00350331266335137,0.541075022277339,0.117049322535153,0.000498611133040532
"spot_600",0.0320927746060849,0.0837485707228095,0.0271955763723418,0.0558650337251869,0.348568230137899,0.101181153862975,0.251082081466621,0.0276892750412133,0.0725773040648687
"spot_601",0.0266024416624289,0.250953172206536,0.023052636195594,0.0809160803940696,0.196511421296618,0.0184169855579548,0.326269313521121,0.0469417927356652,0.0303361564300129
"spot_602",0.0262494111159419,0.141040368604832,0.0281973539227015,0.1065808581412,0.271257973853693,0.00511449291508533,0.322133491891747,0.0420683138064983,0.0573577357483006
"spot_603",0.0475540513912287,0.426958092064214,0.0499286779901807,0.0724835983596747,0.260971656334026,0.000191635148366353,0.130359213296863,0.00858649192657983,0.00296658348886655
"spot_604",0.00347452500122025,0.091693416194388,0.0236633841664167,0.0734480914416973,0.318237089752264,0.00236994809721715,0.328382019439573,0.0758467274860181,0.0828847984212061
"spot_605",0.0328063794278628,0.00464751476691208,0.00441788090632146,0.0412929315878013,0.0992499890588429,0.000992144286395309,0.741598875131211,0.0562768439134179,0.018717440921235
"spot_606",0.0394751938620148,0.0918809037664016,0.021044741615943,0.0235836290059588,0.497415060476764,0.0011809074332981,0.214911802289142,0.0765865280470629,0.0339212335034143
"spot_607",0.0437003927825754,0.0150533516974667,0.146897975822681,0.137149662360976,0.171104045464631,0.0003998414784822,0.454387126963751,0.0199340245478818,0.0113735788815536
"spot_608",0.0530430490870845,0.0880106053572226,0.00741517032101838,0.068903274835001,0.299842612020002,0.000252961547409758,0.462533812204231,0.0142970354775074,0.00570147915052389
"spot_609",0.0328448219916985,0.12169112488855,0.0145624333336818,0.0823164292098588,0.0314796116797955,0.00495944633852068,0.609685368720657,0.0969265312549122,0.0055342325823249
"spot_610",0.0173469665895542,0.00320836104137612,0.0019208018352764,0.0686129577174263,0.110007914309992,0.000761956662982834,0.738814558059593,0.050099824416361,0.00922665936743797
"spot_611",0.0199251627503489,0.228942790610493,0.0374060341685068,0.188831413187892,0.233858611517116,0.0001718095939522,0.270420781172895,0.019936829928162,0.000506567070633062
"spot_612",0.0259593367527781,0.166031664537133,0.0188164044662416,0.0692425799242818,0.186952694624702,0.0106543876080547,0.349340651739265,0.108287923922558,0.064714356424986
"spot_613",0.0128473577926939,0.00208529904262571,0.00450492088923663,0.0340463794130482,0.0810441698795766,0.0032469197090651,0.75271679920241,0.0460681533007478,0.0634400007705961
"spot_614",0.0456524712369812,0.0505921707433322,0.0632640295340616,0.137541052498158,0.0474207928315404,0.000301879629759302,0.632494986005514,0.0218905594479768,0.000842058072676654
"spot_615",0.0407593819315407,0.173429062170231,0.0185967358264432,0.0513493075457869,0.231571614406704,0.0561209255086912,0.21110492273675,0.0769078438505091,0.140160206023343
"spot_616",0.0543557814168053,0.120025140229722,0.0365798553184825,0.147051245506439,0.0668477078997932,0.0344527644242524,0.46327399585968,0.0492820826017237,0.0281314267431016
"spot_617",0.0319591869850115,0.0114679182857138,0.0384733509290017,0.114412413533226,0.0410141863173755,0.0201832454228348,0.681528174475788,0.0454763488148764,0.0154851752361728
"spot_618",0.00518612110505751,0.00531656896282998,0.00562166439875542,0.101849441196552,0.261392001214562,0.00281660509674961,0.590769398991413,0.0249829327667201,0.00206526626735996
"spot_619",0.0375968551810128,0.229946054145057,0.0242214568968423,0.0903402391703467,0.180948410995697,0.00388825215412473,0.336070884013463,0.0619857148036608,0.0350021326397962
"spot_620",0.0300137977891884,0.00930648946083118,0.0494388517901219,0.0914631469907845,0.169647246012593,0.000551323011962534,0.591106189631048,0.0521039114901852,0.00636904382328513
"spot_621",0.0306173662431385,0.224456202828672,0.0451563457997499,0.0541947940890754,0.0784067443144577,0.0219831498865982,0.395612185953545,0.123601610102513,0.0259716007822512
"spot_622",0.0491179253363894,0.130211308116695,0.0232041354183643,0.146196262857755,0.184872261889433,0.0181999489317023,0.359457581064178,0.0574460296504877,0.031294546734995
"spot_623",0.0222239963061036,0.232991153089187,0.0350301216151714,0.0752105109764317,0.218604882334877,0.00119599353065411,0.332562512522354,0.0538294238665794,0.0283514057586423
"spot_624",0.0465614181309282,0.286070175473768,0.0406202051893603,0.030298897545946,0.0358209378091769,0.00537078420142985,0.265323457258667,0.27869912697387,0.0112349974168538
"spot_625",0.0201995029941237,0.356880605564687,0.0760721257149105,0.072134729155471,0.0224908513673987,0.00104690089602154,0.340659968268485,0.110399206282346,0.000116109756556827
"spot_626",0.0143221392583638,0.00844069366091752,0.00531524059837505,0.0709380189698483,0.0972643942067956,0.0616678102218658,0.691701135897105,0.0329045198005127,0.0174460473862162
"spot_627",0.0293617872489032,0.10866359501654,0.0284078615718744,0.0817975486820961,0.144587389318922,0.114953581011214,0.424357920980054,0.038768484909629,0.0291018312607681
"spot_628",0.0519186044510721,0.208035903046818,0.0141091597278888,0.0545660870491103,0.0287896620727817,0.00104626446630128,0.577918190747157,0.0635052953244883,0.000110833114382267
"spot_629",0.0346535159601949,0.155394874733085,0.0486183270486096,0.0578775137838733,0.17559657622328,0.0307105678278479,0.385917113594211,0.0945333935207348,0.0166981173081638
"spot_630",0.0841536430565676,0.132289978407986,0.107134151509208,0.121411086791458,0.110177246149922,0.0200061947231039,0.31531013223199,0.0954031227831358,0.0141144443466304
"spot_631",0.11793444395168,0.407979195405062,0.12266696647573,0.0601326722476704,0.0996217565192486,0.00539373643395418,0.00607123410516284,0.178825282680141,0.0013747121813505
"spot_632",0.0796589475887939,0.232883451340256,0.0175857494101996,0.0389663899621952,0.114323924461333,0.046879712268885,0.397302255983971,0.0466795653432027,0.0257200036411631
"spot_633",0.0203435156105851,0.00711137481350865,0.0014010256068909,0.0718705638982401,0.12935795773883,0.0412371461362868,0.600482373191654,0.0559899218950462,0.0722061211089584
"spot_634",0.0148695096066289,0.0978591104999413,0.0124012775527576,0.0862549729344965,0.0408270343052731,0.00131871504666255,0.646468852605959,0.0989968376055879,0.00100368984269322
"spot_635",0.0467349044015002,0.119336083092172,0.0213661079815121,0.0701676768820393,0.0400045381335878,0.00236433977324384,0.651283823616506,0.0479682074031357,0.00077431871630266
"spot_636",0.0439313871040048,0.25312735866268,0.0395130476771948,0.0656018546451969,0.0858639812787878,0.0586561140563338,0.248539554113495,0.134809085837099,0.0699576166252069
"spot_637",0.0310201564753298,0.308332334452331,0.0253222663852079,0.0433697983795544,0.5072779279305,0.000710627986329309,0.071625632111232,0.00150061919923314,0.0108406370802824
"spot_638",0.0297611955621103,0.192690511635924,0.0264711602616121,0.0344831434648101,0.105650816001003,0.00759428120171586,0.462432386290749,0.116402379205848,0.0245141263762286
"spot_639",0.0183697626029309,0.00157142093553877,0.000647029171513178,0.0370148104277964,0.0258777531620433,0.00262523063225162,0.901134714009926,0.000679999655181076,0.0120792794028186
"spot_640",0.00233941282497044,0.00197395176291216,0.000351285912946803,0.0629136431206681,0.191953779627178,0.010331902889815,0.503576375724195,0.0581494053219253,0.168410242815389
"spot_641",0.00257128498456416,0.0032093504907133,0.00100515976355766,0.101974152055148,0.449410790268009,0.00430213296900919,0.350973163501894,0.0590694858803499,0.0274844800867545
"spot_642",0.0411569483149596,0.20229935941597,0.0320182050184398,0.0713467404824998,0.36325709201504,0.00162082619783517,0.208752149999789,0.0709830292573521,0.0085656492981144
"spot_643",0.0449453161921984,0.145601964295832,0.0121984130009388,0.105551710095212,0.258685039087127,0.0459270721868093,0.303934949754222,0.0638013395212636,0.0193541958663966
"spot_644",0.0484242276399855,0.0506772713079919,0.012518379413644,0.0968259687740031,0.239566161110564,0.00584987857875029,0.42938976081601,0.0855263773585609,0.0312219750004909
"spot_645",0.0355248351422349,0.0559023105788508,0.00421364661145439,0.104890159084372,0.243693346125078,0.00701508850781494,0.484179521929344,0.0553083769507138,0.0092727150701371
"spot_646",0.0261496169976176,0.0797414940527695,0.0341419082350563,0.0606635814565497,0.105148616850488,0.00403526163655822,0.580447375551309,0.0304896332659208,0.0791825119537311
"spot_647",0.0177436025038588,0.00324911123722311,0.00575605807810397,0.0536218631364476,0.0214737150682511,0.000561667022508973,0.875588934321502,0.019070878625875,0.00293417000622909
"spot_648",0.0979261130484178,0.231445369806395,0.0725379665899242,0.0632599957266758,0.0484628236409903,0.00122026355231728,0.320476115816583,0.163869616635374,0.000801735183323216
"spot_649",0.0871282978144637,0.217948238773601,0.0278525149148763,0.029492523738142,0.30413840810475,0.0291370378832021,0.167508185776086,0.0420422014628312,0.0947525915320473
"spot_650",0.00974139907365486,0.0169846728371055,0.00354585979817761,0.0661077000545662,0.475867212680431,0.0918359954125191,0.259140660855637,0.0250641378171357,0.0517123614707738
"spot_651",0.0254611184727344,0.0805247952728475,0.00715428270454182,0.133812092089119,0.0520501625449091,0.0142906939621225,0.617394778624459,0.0336035320575197,0.0357085442717466
"spot_652",0.0189369023212406,0.0143601757787577,0.00927644402682357,0.0270037057424358,0.583456054640441,0.184291371041389,0.0891475223711673,0.00867820575813172,0.0648496183196137
"spot_653",0.0426464191621331,0.343350979239078,0.137752822514189,0.0750294340833051,0.0380655389461831,0.000500132142791837,0.290809453186766,0.0711641580694948,0.000681062656059037
"spot_654",0.0303067623143125,0.0485880416246754,0.0186647629867371,0.0722283093674914,0.132164197253781,8.75685774347177e-05,0.644782427520688,0.0501454499402877,0.00303248041459195
"spot_655",0.024250618061336,0.229974254670892,0.0251589695848377,0.106409427912713,0.0539448177809665,0.00328475894667173,0.444672677865559,0.111492952132984,0.00081152304404019
"spot_656",0.0428288197688444,0.2512928176388,0.058695912573945,0.066880190565694,0.228663621615064,0.0660500106805388,0.0646313817174901,0.118671600683758,0.102285644755866
"spot_657",0.0635861821649237,0.267386738004289,0.0524324944546325,0.137458443510219,0.431993219260064,0.000553632956112897,0.0296025286390657,0.00991021875555101,0.00707654225514157
"spot_658",0.0215449015206746,0.0155386869344256,0.00599811023565911,0.0903005027940771,0.254666574375634,0.0856763754750183,0.390223504573349,0.100855288354095,0.0351960557370677
"spot_659",0.0283432496917012,0.137547160186366,0.0186128942023635,0.0573524833761863,0.0778724268924037,0.0238879476221539,0.551940087837291,0.0912058822016222,0.013237867989912
"spot_660",0.0331594621314808,0.166153261098898,0.0294530755030489,0.0913844752347528,0.126891654315133,0.0105902699215282,0.362009233560685,0.0606064077443112,0.119752160490162
"spot_661",0.0452977221357853,0.120295071330476,0.0374684117967439,0.129816813212425,0.0730544586656835,0.0123593887203883,0.486111418996771,0.0684772301880633,0.0271194849536632
"spot_662",0.033385606949022,0.055013431224127,0.0197684005207282,0.0776628308104003,0.0698292136417938,0.00168686449096484,0.703486537414374,0.0351365187581051,0.00403059619048488
"spot_663",0.0590709329265132,0.195711544115398,0.0312728927775304,0.0936122148709083,0.118896850416045,0.0248588122497038,0.312932287038725,0.152611409154724,0.0110330564504516
"spot_664",0.161694137111219,0.271061448494215,0.0878848083530359,0.111845548655653,0.190819039052033,0.00680248445266094,0.0474917444729426,0.118502110248841,0.00389867915939836
"spot_665",0.00304624034643704,0.00675543167056865,0.00277272913588947,0.073116470601425,0.0250955154839368,0.0065008873978629,0.81582468626498,0.066563768057715,0.000324271041184994
"spot_666",0.0772641416978852,0.162912644304565,0.0266972877686142,0.0711482628375946,0.108360498450563,0.0393900294707055,0.428156482651573,0.0711892914576539,0.0148813613608462
"spot_667",0.0127204100708213,0.0799308678788981,0.00552965564394522,0.0662254501543482,0.137490918443934,0.00258539733595282,0.631537113306814,0.0584895677378139,0.00549061942747294
"spot_668",0.027063178332407,0.00503961320889182,0.00409742111661906,0.0522406640072591,0.0515090215013394,0.00230730394812923,0.787119792273728,0.0598987246294458,0.0107242809821806
"spot_669",0.0145910835060476,0.133173879319974,0.00742548614191129,0.0763466588236187,0.134276431743847,0.0199318128401058,0.490822946736154,0.110770814781951,0.0126608861063911
"spot_670",0.0470020671265809,0.118434101218984,0.0324205342684513,0.0182834204625372,0.27864900667904,0.000365410088396287,0.429390381235663,0.0502909580276796,0.0251641208926674
"spot_671",0.0294153409343773,0.00339174039033971,0.0116476489023443,0.0324216621462428,0.287982550773912,0.0025533448670139,0.478443741222161,0.0610627739377881,0.0930811968258205
"spot_672",0.0619090124943841,0.144191976640006,0.0287592852690136,0.0652540701703935,0.123813584912558,0.0433952258661005,0.40362956241515,0.0795178721960616,0.0495294100363322
"spot_673",0.073276979430047,0.285604284699439,0.0695797307087641,0.0691102139902803,0.0287287466605199,0.00190197730121289,0.358460451839734,0.112919455976704,0.000418159393298704
"spot_674",0.0265609026545891,0.00312840264740529,0.00224996223752613,0.0700392609117552,0.0975786904170277,0.0513218254651795,0.593072351365157,0.0321378989247455,0.123910705376615
"spot_675",0.0195840118753021,0.164597896581804,0.0391087533006433,0.0823369508737537,0.0182458525494964,0.000171530613537914,0.625616182067588,0.0495736938761721,0.000765128261702424
"spot_676",0.0541036048445067,0.143379863766906,0.00823953773416084,0.151426539489624,0.123481895505706,0.0778001372379446,0.288804247649344,0.0707703469276388,0.0819938268441679
"spot_677",0.0136999809970359,0.156833155502621,0.0599562080307967,0.138833225072833,0.345828011822328,0.000229415538448004,0.225116800502062,0.0565495369530642,0.00295366558081029
"spot_678",0.0741892276128736,0.269639753627478,0.0643510833729202,0.0729485596965898,0.124195333740395,0.0349518316698211,0.241685551654714,0.109618353808331,0.00842030481687668
"spot_679",0.0842634199275844,0.239086823777904,0.0658966881139485,0.068252455346503,0.0416378088797958,0.00222511287285722,0.343899123955637,0.15420699484166,0.000531572284110572
"spot_680",0.054304925756201,0.245460509927155,0.029487514278807,0.053177438601814,0.0739844659680975,0.0024503719081892,0.393654697018386,0.125415517879531,0.0220645586618192
"spot_681",0.035995591258598,0.00786699996195006,0.00244556099861343,0.0955195032683551,0.102785174059067,0.0474825577333699,0.593055500131679,0.0673729200523038,0.047476192536064
"spot_682",0.031843490549863,0.113856134459623,0.00605772681065469,0.0522475214888721,0.0366263047423511,0.0358557405848668,0.655094432494128,0.0594830271182058,0.00893562175143609
"spot_683",0.0202139874245788,0.178850316132899,0.0147216884897016,0.0500565359193941,0.148773343444576,0.00960267876477202,0.372795868025807,0.031347852935222,0.17363772886305
"spot_684",0.00210225965831044,0.00212689492771463,0.00216080664175466,0.00861267001625865,0.233601717175202,0.00487965007216894,0.449853775211765,0.0594655354451088,0.237196690851717
"spot_685",0.014962185719397,0.081559662543354,0.0100711359162635,0.0815790657419884,0.106704313163273,0.0364783058131846,0.502797483401454,0.0835657891263368,0.0822820585747487
"spot_686",0.0615898724025297,0.0128288824147733,0.00492831904066366,0.210882302801228,0.165282648752511,0.151205245157347,0.356563238142199,0.00569321685166646,0.0310262744370815
"spot_687",0.0461560728135231,0.356006372603962,0.0821570505589387,0.132521893304945,0.0492906498404696,0.000427319049325916,0.200535325593136,0.13249234363042,0.000412972605278483
"spot_688",0.0790068496978122,0.402224003947752,0.0728019504490414,0.0444372030214076,0.020118209369729,0.0439303844600023,0.207929639140405,0.116540539829622,0.0130112200842286
"spot_689",0.0737600604716239,0.208862836012985,0.0373238923748523,0.0384991163028909,0.0434822070030208,0.00108092368587819,0.49924020160799,0.0957842331847696,0.00196652935598914
"spot_690",0.0344191975957128,0.0131587037346033,0.00251442345887341,0.0682281226416197,0.0650303023270706,0.068476245802336,0.631167959085173,0.105516356365339,0.0114886889892723
"spot_691",0.0474011785615244,0.122500341502727,0.0968893633566077,0.103748475565378,0.0452823772429971,0.000272266004953065,0.547874299096235,0.0354519489782868,0.000579749691290912
"spot_692",0.0658050900036293,0.211373544966769,0.0539970162422895,0.121966291262894,0.0916712344324506,0.00915723944904406,0.400578393860543,0.0304591006911604,0.0149920890912207
"spot_693",0.0243275945380201,0.42311187264698,0.0386121451114783,0.0674321681196526,0.0580567989413299,0.0020623396883335,0.269084807419849,0.115768515251674,0.00154375828268329
"spot_694",0.0579639508207837,0.321724689878864,0.103378743021298,0.0257448349533415,0.0546799024370558,0.000146275853979594,0.352324570595219,0.083327430662053,0.000709601777405759
"spot_695",0.0018388960709329,0.101532146574241,0.0295392474359005,0.0885921724611859,0.010221696261633,0.000790328501617924,0.734455043876055,0.0326935563220224,0.000336912496410873
"spot_696",0.0369026396180027,0.0415936826984323,0.00428919418456293,0.0331686687849032,0.123212943454313,0.036467989747892,0.652905115786813,0.011242907615854,0.0602168581092275
"spot_697",0.0508028176780651,0.0998132382280237,0.0120961974831853,0.0552525366633636,0.065493568267497,0.019812418796511,0.592877224289051,0.0897229673898389,0.0141290312044646
"spot_698",0.0493273364026786,0.0603324717890381,0.0193379097832514,0.374061650607943,0.126211647578049,0.0242852366254139,0.233228992415477,0.0525908933902152,0.0606238614079332
"spot_699",0.0327124008227695,0.0947735031208782,0.00926555995837452,0.213781419607845,0.167443944303214,0.0113813228491191,0.358761370344532,0.0654255297076812,0.0464549492855869
"spot_700",0.0237979864886487,0.0635368043975043,0.0184721451340233,0.00955435149792291,0.218158411046876,0.00197332154841596,0.479562060707924,0.0956042742607336,0.0893406449179513
"spot_701",0.0501092095308369,0.2878293664142,0.0395017786154336,0.0908722978497314,0.184939820406231,0.0620988408543436,0.144717455980207,0.0936680270365414,0.0462632033124757
"spot_702",0.0776668135509988,0.341536090883267,0.0716241040865395,0.0367886325597241,0.147896428543126,0.0726977436224676,0.0804791888445113,0.150997085563445,0.0203139123459214
"spot_703",0.0349678039214137,0.32757014353861,0.120350314459144,0.0680271577215854,0.0184583396091135,0.000450978511041803,0.333976806494454,0.0952932353787396,0.000905220365898122
"spot_704",0.0387846676869922,0.215035855768284,0.025157924528999,0.0521852476355022,0.148023527026001,0.00100111286480171,0.459385256334077,0.0578872681644542,0.00253913999088869
"spot_705",0.0136044921672561,0.122165407545147,0.0322546446871928,0.0653390686189155,0.0198188443485492,0.000658702355214298,0.720711054257888,0.0244485823880506,0.000999203631786404
"spot_706",0.014788382246431,0.165909278021943,0.0335212854892803,0.0285637380736873,0.117814724450441,0.000882560687429392,0.575910493908077,0.0584735005790396,0.00413603654367199
"spot_707",0.0738879621828489,0.0941198846486238,0.0308767633114369,0.0424730542682627,0.0623406392556145,0.0149512482953427,0.54924946911793,0.130722761227802,0.00137821769213904
"spot_708",0.0317161223221131,0.120668373268819,0.0112704070609138,0.105357089378672,0.0685748596958792,0.0360414306438953,0.560379749511322,0.0549444003384005,0.0110475677799855
"spot_709",0.00615493472144538,0.00399268291852976,0.00234923889883027,0.10193615002212,0.0943206480895865,0.0200617985906436,0.596073130519478,0.0190965761636556,0.15601484007571
"spot_710",0.0518908272344989,0.241592555972864,0.0351149227462432,0.0993243461087695,0.0256277650732566,0.000653187511396532,0.467592763675438,0.076107336383352,0.00209629529418208
"spot_711",0.0362597999535118,0.126921925705248,0.029831568117406,0.103972196672371,0.212358689352901,0.00630833886633082,0.43038701878157,0.0355507006203607,0.0184097619303003
"spot_712",0.0432709925782381,0.135479631396924,0.0209966454321302,0.0337244685757388,0.100016480662838,0.0349611394838532,0.432238997824066,0.16764816082195,0.0316634832242616
"spot_713",0.0179149173404127,0.100984825297738,0.022522205713725,0.0660582459916066,0.0477821326605377,0.0384418111801128,0.637671326533484,0.0622015156704961,0.0064230196118869
"spot_714",0.00545392229855924,0.00169430284991682,0.00140920864943943,0.0731153407716407,0.233727261844177,0.00886878222464838,0.345924076705992,0.0455028335194642,0.284304271136163
"spot_715",0.0101530721657278,0.00209521714690576,0.00247096486428246,0.0232551589605677,0.24973756375322,0.0170802583999903,0.559415019501405,0.0270666131850224,0.108726132022878
"spot_716",0.0477306419900336,0.0676603735658983,0.0211369292336579,0.0972232857706478,0.0250639262604703,0.00170299148431069,0.627488017452906,0.109688167446004,0.00230566679607127
"spot_717",0.185113211139366,0.000979003793091845,0.000113850245451018,0.0569304880257678,0.0067919639384137,0.00146524526893356,0.622848811061553,0.109917115736516,0.0158403107909076
"spot_718",0.0259817881856789,0.129849274415808,0.00297785847922997,0.0669209586981346,0.0925868822605506,0.042357142003552,0.487411827362346,0.0828367043850994,0.0690775642096001
"spot_719",0.044006500473451,0.17563668911455,0.080869362470223,0.0580635305088156,0.0496539935934178,0.0136362731662181,0.512830296355128,0.0650303479501479,0.000273006368048552
"spot_720",0.0402624739537876,0.202065747238721,0.025058197738357,0.0594811265076679,0.105039284920105,0.00197776056597565,0.502329681159106,0.0613810177045832,0.00240471021169697
"spot_721",0.0779286169196126,0.162296127078781,0.0301603666586299,0.124064913356681,0.101160578050367,0.0148813059773566,0.3883163320463,0.0677076950277594,0.0334840648845125
"spot_722",0.0264110263270307,0.109281726408148,0.038628646597029,0.0423399691907839,0.411077701846268,0.000482982262732233,0.296872115605175,0.0635232417027501,0.0113825900600835
"spot_723",0.0203721834328441,0.00380910651213727,0.00321483471040359,0.101455073007362,0.0272669216001058,0.00158123538818105,0.825969754519085,0.00871352631720137,0.00761736451267977
"spot_724",0.018397184072045,0.27105738921434,0.0500647711197061,0.104062612743459,0.0166815258319135,0.000648297025095461,0.484557250641615,0.0542842385914781,0.000246730760347717
"spot_725",0.0403703937591936,0.0448915257656788,0.0138803973061588,0.0731465549177309,0.139197245003799,0.0494022568254891,0.577586887723978,0.0376302397590755,0.0238944989388965
"spot_726",0.0148517413255496,0.00389625310366372,0.00080884378923285,0.106839151641279,0.288074050278374,0.00311324709678644,0.451778960160899,0.106722815226686,0.0239149373775281
"spot_727",0.0532951484254642,0.141696772792812,0.0448364148303237,0.0583420877680332,0.0983112611561072,0.0833195537039121,0.457713048891997,0.0148210089955398,0.047664703435811
"spot_728",0.0615138941968382,0.443738599360365,0.207084068774561,0.018918205484203,0.0381812760363656,0.00276277447108438,0.0384197014358995,0.188335440893676,0.00104603934700694
"spot_729",0.0614380642248662,0.220675996367209,0.0486453044428902,0.152946746041444,0.0508353304289083,0.0286854414305846,0.324634918670021,0.099022896734265,0.0131153016598124
"spot_730",0.0143194472146561,0.00864797512499294,0.0426418399164334,0.460064025064778,0.101879330671542,0.0396051004735501,0.0144106489850654,0.198706070279363,0.119725562269619
"spot_731",0.0259966280163858,0.057220300325,0.00713095851688638,0.239750298548461,0.234036773021063,0.0013417198147512,0.359869879668375,0.067432834819674,0.007220607269403
"spot_732",0.0308538101202583,0.2631595424594,0.0190867749488124,0.0917207791255734,0.11817663480964,0.0180558274136611,0.36473439360259,0.0468858118730677,0.047326425646997
"spot_733",0.00595376080301751,0.109788329201569,0.0122800784667958,0.0216259416004486,0.0770884919715819,0.00352358662020844,0.639404376524221,0.0253057908671415,0.105029643945016
"spot_734",0.0101324381686027,0.00340678390296728,0.00862774241484949,0.0567482351624355,0.21261922019338,0.000834251644300009,0.657881468664999,0.0308549672579811,0.0188948925904846
"spot_735",0.0454749177229693,0.0985125108363142,0.0172167752764086,0.092072826232874,0.179026454876235,0.00102821144119161,0.481058305605956,0.0777578209515916,0.00785217705645968
"spot_736",0.0205504311938178,0.0965542606920488,0.0232758537233166,0.0624289687091138,0.0745591063202846,0.00227464069697681,0.637459161570462,0.0493803258334631,0.0335172512605163
"spot_737",0.0130407320375818,0.191380255699332,0.022633076960676,0.0910506562798885,0.280293989764321,0.0684486748781231,0.17119551919028,0.0729543449526041,0.0890027502371943
"spot_738",0.0315557010152339,0.181415195459502,0.0228343804988531,0.116186532348177,0.243575194887305,0.000652761238630869,0.322925283400395,0.0742474533199149,0.00660749783198921
"spot_739",0.0476506335840086,0.109609676600943,0.0359566350405151,0.0943081909274797,0.192836526456596,0.0211280144212431,0.395698924260414,0.0638790951035673,0.0389323036052328
"spot_740",0.0263506527926574,0.0895951876680554,0.0525954887655713,0.055455801489482,0.00531062751053795,0.0095061304432896,0.699486323534545,0.0616938216061699,5.96618969101637e-06
"spot_741",0.0309550375024017,0.0497339529843926,0.0109689725783932,0.163301235517163,0.109619634959332,0.0296891238788784,0.529598806992995,0.0437177194129944,0.032415516173449
"spot_742",0.00273644647257658,0.00207243377928394,0.00455330302608646,0.0101854200664999,0.0017116880604436,1.15425123807445e-05,0.930286299278284,0.0483396509048684,0.000103215899576204
"spot_743",0.0142549176740098,0.143276180928482,0.0222696471054673,0.0744403668129807,0.247107173418497,0.000255970879323059,0.407813018008475,0.0890368692197595,0.00154585595300554
"spot_744",0.0130315217963394,0.159273855596053,0.0138216317450471,0.0562141211707319,0.0198553860198021,0.000982051644354606,0.627717226700916,0.107076154459451,0.00202805086730539
"spot_745",0.00439808289708545,0.00200988430407508,0.00603718947431641,0.142205865201924,0.231008632950356,0.0446374495689247,0.482014353573627,0.00873305617625042,0.0789554858534408
"spot_746",0.00538564761239211,0.00302750665717034,0.00314464639726432,0.0584879715039783,0.175230732461886,0.00113628229355687,0.681522326108718,0.0636480111261333,0.00841687583890099
"spot_747",0.0198591885084146,0.00555809205949598,0.00469832238488103,0.0742671621013834,0.0222082445115537,0.00784501200635362,0.816065459095763,0.0374193378613801,0.0120791814707742
"spot_748",0.0229988082687526,0.143252798820521,0.0166204570454588,0.0807313748465891,0.152908398151756,0.00513403747364699,0.46444670916824,0.0959904621144439,0.0179169541105915
"spot_749",0.0227444672320182,0.0860308794851064,0.0121535273252923,0.0779854146003783,0.0574395064060163,0.0206014577374086,0.610776649358183,0.106148858033454,0.00611923982214244
"spot_750",0.0156505896673355,0.122824852999387,0.0900337856725569,0.298055721768279,0.0432182130156261,0.00291182584343473,0.38145767220648,0.045795977139186,5.13616877151498e-05
"spot_751",0.133205040524821,0.343417367321349,0.0275361884744302,0.0177825338385849,0.0273023919750092,0.00091115945643615,0.347787172224364,0.101327488244182,0.000730657940823447
"spot_752",0.018353374322834,0.0006240814961124,0.000226229677264703,0.17301667562694,0.00883245303021932,0.000958965589514493,0.764138856530826,0.00781236079985567,0.0260370029264336
"spot_753",0.0155331801430499,0.112746623182125,0.0124743638851395,0.125531463952523,0.226638466938339,0.00774040349657312,0.394134355326861,0.00536994972693606,0.0998311933484524
"spot_754",0.0382099021812864,0.146499247826368,0.0195575504932716,0.107369571473988,0.160197392824022,0.00432417021858631,0.424253656318599,0.0872222220071276,0.0123662866567508
"spot_755",0.0158036349434573,0.00691425137500832,0.00199273438344683,0.0778925291046613,0.155623255694482,0.0583175214096694,0.540175169839677,0.0612228672347781,0.0820580360148204
"spot_756",0.0797190299896489,0.0732130951291336,0.0186409970046746,0.0168484549490899,0.016019113756828,0.00186711070951178,0.650150912705498,0.135458121268648,0.00808316448696723
"spot_757",0.0201099087799992,0.00764199594326409,0.00565290958321622,0.0730850241729518,0.072665275987693,0.0441007141427185,0.712545352645483,0.0470007613039385,0.0171980574407354
"spot_758",0.0653305239476709,0.573829891029289,0.138755283652482,0.0168335161161347,0.0169836506536676,0.000491584269921682,0.0578585863935962,0.129701336003732,0.000215627933505143
"spot_759",0.0378332645148951,0.0756816307682931,0.0109032497755887,0.118502373416854,0.115212278969703,0.00193724143627526,0.584958803040709,0.0469670443786333,0.00800411369904856
"spot_760",0.0245126501180239,0.21912380028951,0.0550207172121239,0.0776829659658805,0.155171549420748,0.0174200061995655,0.356156528283913,0.0792907547689238,0.0156210277413116
"spot_761",0.0414889976261886,0.00209119649439014,0.00127361564932282,0.17969267401882,0.472201497140438,0.035267855101619,0.0668765031748833,0.0321147431559125,0.168992917638426
"spot_762",0.0216742880693178,0.00835638002764966,0.00784384368120817,0.383763285169805,0.337827991185895,0.0399218523544985,0.0766155903358905,0.0520528878253549,0.0719438813503801
"spot_763",0.0303777322918188,0.195757737345325,0.0257105299149826,0.0592372900030153,0.120416222752946,0.106986636792226,0.348339156509089,0.0780989338283563,0.0350757605622399
"spot_764",0.0516195284323174,0.248877563563873,0.0584545801682676,0.0616816287263637,0.0796890404711157,0.00164326175078488,0.399228076557419,0.0764256289848935,0.0223806913449648
"spot_765",0.164302354622427,0.350754222642995,0.0197264078033985,0.0236296797801059,0.105492484759337,0.00776739270247559,0.0742647870981489,0.168868235868285,0.0851944347228267
"spot_766",0.0135033125529708,0.236250460202593,0.0221063434489207,0.175430465748302,0.0101919021118799,0.000623174690264501,0.410894551646013,0.130609151500718,0.000390638098338628
"spot_767",0.0386346817985291,0.0487577220694324,0.0667043535588655,0.0995691848517821,0.159731955921942,0.000298876062705524,0.518171974028687,0.0671612290178366,0.000970022690219591
"spot_768",0.0445022088229919,0.129643021656162,0.037832681136402,0.0556037740671733,0.132183293528863,0.0894044465431321,0.458567353222602,0.0364039046790016,0.0158593163436719
"spot_769",0.0380140142125076,0.253655765934736,0.0313534113945316,0.0703908858927124,0.0888811115633254,0.0299851587395161,0.337022725177833,0.110894558028556,0.0398023690562816
"spot_770",0.114779046112912,0.375419186287049,0.131592638608792,0.0697956125310004,0.0678161725885671,0.00489028489389546,0.0593223005353841,0.175938193057077,0.000446565385323027
"spot_771",0.0170025822656446,0.29359026192932,0.0724811698172683,0.147631006386405,0.0402545753644113,0.000890623458186515,0.361322210945553,0.0665577429206106,0.00026982691260063
"spot_772",0.0365086343918336,0.003825404760587,0.0112449009346538,0.0181749046624316,0.0158680845288019,0.00187802257280378,0.790951888909983,0.103508832621553,0.0180393266173517
"spot_773",0.0315174855795436,0.187231536205398,0.0225171027334911,0.0424999121483135,0.0302562831839151,0.00101612348765707,0.519375945135941,0.164030012260731,0.00155559926500945
"spot_774",0.019366496877906,0.0631150807827262,0.0127860472665108,0.107266907988584,0.128768914686845,0.0753369657403778,0.486038863184124,0.0943721162287789,0.0129486072441468
"spot_775",0.0336226998490111,0.18553559008155,0.0384207113979635,0.0691476751382506,0.0242124737226135,0.00115670004469283,0.545306279780709,0.101700387983961,0.000897482001248861
"spot_776",0.0136752336996338,0.00114532968554746,0.00378716091723738,0.13638426013541,0.434647369884792,0.0218333877394537,0.107333425740799,0.00461396204525629,0.27657987015187
"spot_777",0.0673309665527395,0.100167214284172,0.0223951234344948,0.0526243723556596,0.1884986212397,0.0317995957163959,0.424774997546068,0.0970304969714501,0.0153786118993195
"spot_778",0.104588627336927,0.152508324178823,0.0272265762340618,0.0583093789460935,0.0428454386653147,0.0965308028513781,0.412290025821621,0.052870767385692,0.0528300585800888
"spot_779",0.108382390989147,0.310948542260333,0.0416863700045769,0.0659566811687271,0.0933818696507846,0.0260497861744133,0.251212803235412,0.0792005367018566,0.0231810198147491
"spot_780",0.0547893868882459,0.228470172244866,0.0369866355356917,0.0714085808833332,0.032684418986222,0.000838542879966792,0.444877796768925,0.128572922119508,0.00137154369324164
"spot_781",0.0296545074936758,0.121870074941815,0.020530511769934,0.0950402636675657,0.0698846917853296,0.0137684563555347,0.527121951325802,0.106259794787607,0.0158697478727362
"spot_782",0.0351751639750179,0.166258837926096,0.0723514426638396,0.0911234648572617,0.119960402365913,0.0515754960903736,0.281073427013854,0.143499304339217,0.0389824607684272
"spot_783",0.0332052278660501,0.108170289896064,0.00791755691893082,0.097596743754887,0.105466679798179,0.0449633116963288,0.498009538844918,0.0989047267172633,0.00576592450738025
"spot_784",0.00557904703036521,0.141982403495608,0.014505267354696,0.13052307780181,0.192057788641945,0.00299961684469081,0.462091876174235,0.0380959626607792,0.0121649599958704
"spot_785",0.0257973893578983,0.0882632800749066,0.0393169105383233,0.0646969983765256,0.339497788273221,0.00623364871811042,0.290070342538873,0.10010080869865,0.046022833423491
"spot_786",0.0141944142857514,0.74183734077047,0.00912101358148794,0.058191666460787,0.0300524547439285,0.000542919098024748,0.0572077253460072,0.0854596334897342,0.00339283222380906
"spot_787",0.0556463071642507,0.23995954272341,0.0386913271829416,0.0476215072193405,0.0200922057598568,0.00110691709493323,0.503915371612426,0.0909217554074115,0.00204506583542987
"spot_788",0.0440225071395329,0.239181964182629,0.0317593978475715,0.0730541772645374,0.0353674843094283,0.00218441021200637,0.487421808104102,0.0854238918454597,0.00158435909473349
"spot_789",0.0184254336291671,0.0623704448583002,0.0287557613665289,0.0919682061474287,0.448298662780732,0.0189848348506196,0.215856543590033,0.0414809473776623,0.0738591653995275
"spot_790",0.0512137605703237,0.225565706063368,0.056872463648265,0.0788609560009564,0.113880155753451,0.0282063210470624,0.289637788109649,0.0954527121650803,0.0603101366418432
"spot_791",0.0419838759149561,0.124554713286005,0.0193485585285261,0.090937904726454,0.118786267667625,0.00211407668822671,0.491120310176077,0.0854405149629507,0.0257137780491793
"spot_792",0.0241589190504488,0.142295110912432,0.0166665287368973,0.229962864040291,0.165275661795827,0.0120620665870687,0.27460780962881,0.09653489312953,0.0384361461186945
"spot_793",0.209830513209976,0.00235901692222647,0.0247322821110367,0.0957309425938068,0.574227429805007,0.00426414043912256,0.029844233120501,0.0122665937104806,0.0467448480878426
"spot_794",0.0239397734782611,0.00602200146043849,0.00381969477217879,0.58132812498182,0.0679144881494894,0.0284118544459121,0.203878469775381,0.0250861394334154,0.059599453503103
"spot_795",0.0378114160080889,0.15990553809664,0.0153440334904645,0.0866791845771893,0.0210012112657017,0.00641435086146367,0.573140284495112,0.082155931627772,0.017548049577568
"spot_796",0.00928904546213673,0.0864982635620804,0.00105537494450073,0.0808416110805718,0.236165009146624,0.00233000329312836,0.523433844731877,0.0389381504619647,0.0214486973171157
"spot_797",0.0290882707135908,0.109909738292897,0.0764152627608221,0.0979401278678551,0.142437349100236,0.0196892672600778,0.398150640695203,0.102612158117744,0.023757185191573
"spot_798",0.0221407847238441,0.0448488402607809,0.0090357027949375,0.105039630832163,0.173337798969309,0.0145670661564862,0.502699477095663,0.117322792006254,0.0110079071605625
"spot_799",0.071078321852397,0.10032741722119,0.0433414941521151,0.0559280425542756,0.166297923854984,0.00142064654111571,0.478290554801082,0.0789243143097232,0.0043912847131161
"spot_800",0.0399256018192048,0.0782642277541512,0.00916325957921305,0.066812934538483,0.0335102610324567,0.0008349526903715,0.637546219065462,0.133137029616042,0.000805513904615937
"spot_801",0.0579323413565674,0.0951291861733084,0.0150919620696032,0.0991932422995761,0.0586544271296188,0.00682711335664934,0.575744022754524,0.0364270722074652,0.0550006326526877
"spot_802",0.058336324233065,0.0965225527818903,0.0583400444495482,0.115626789852386,0.0899453675523778,0.00251207139126638,0.497740779103512,0.0637792119937666,0.0171968586421883
"spot_803",0.0739313135278588,0.186863485053788,0.0637413225753194,0.0207155896524558,0.242660485741427,0.0880837300413061,0.075070538384466,0.0692907151965236,0.179642819826855
"spot_804",0.0590059173439739,0.25230692116021,0.0396160858549296,0.0603025678660295,0.1938011743748,0.00297997697846761,0.22675193247075,0.114875495475379,0.0503599284754592
"spot_805",0.0605187489298286,0.233369164560911,0.0407984436048516,0.125920811261724,0.14265102494368,0.0360142273364335,0.310098945733468,0.0444255892011542,0.00620304442794881
"spot_806",0.00988904046787117,0.00208908280005022,0.00504184331701384,0.0737244224653474,0.0802385348527102,0.00762257044405115,0.703864692854405,0.0990239119380085,0.0185059008605426
"spot_807",0.0203612642190681,0.00917149011526511,0.00220598216049693,0.0594792124242595,0.141942631797605,0.0423606824210936,0.652535397241063,0.0362564370953531,0.0356869025257961
"spot_808",0.0150395851607153,0.106394291544214,0.020149392868097,0.0554423739773255,0.191630836036281,0.000588467585589117,0.56160824092053,0.0481898838091502,0.0009569280980968
"spot_809",0.0300244728831982,0.0997416112205667,0.0019701551215465,0.0743565201630983,0.0973920952710579,0.0390481759317339,0.397836176035469,0.0826515962934447,0.176979197079885
"spot_810",0.00772162005800388,0.00248940864851745,0.000424708305916555,0.140339032013433,0.136619615010473,0.00752094833010633,0.473120098592225,0.0643823567600466,0.167382212281278
"spot_811",0.00862977923322509,0.00684526641434088,0.0016985774877497,0.104896383017501,0.0217013009427948,0.00131118636428066,0.768352202393179,0.0853999605906637,0.00116534355626556
"spot_812",0.0318634625647492,0.227149751131546,0.0389028607339461,0.0854866398096909,0.151983599369796,0.0173382493558216,0.295017227484774,0.0886514690409142,0.0636067405087626
"spot_813",0.0247668546097231,0.160742614339309,0.0143857109581833,0.135043019642733,0.020905255830707,0.00167505622566106,0.576190199841421,0.0655850978607436,0.000706190691518928
"spot_814",0.0239598206625151,0.00441660739009834,0.00242834123234632,0.0279705182654924,0.0820510779568736,0.00380888448064042,0.705029209417901,0.140358446597761,0.00997709399637256
"spot_815",0.0190279009000784,0.00661327217934842,0.0405908892797705,0.0976131740716741,0.447115066173842,0.00205939613213047,0.341630805554006,0.0232619158613477,0.0220875798478029
"spot_816",0.0581844426489203,0.344655949798779,0.0639254611140357,0.0264588798308057,0.153065952220455,0.00643380601790316,0.220434853342974,0.0982238834725968,0.02861677155353
"spot_817",0.0176462522747132,0.00475302658494707,0.005521122647366,0.0808237726217675,0.0442521554521361,0.00176555082590261,0.820725611215283,0.0123152608367255,0.0121972475411594
"spot_818",0.0345040252067921,0.141432868014353,0.0222533749893029,0.0762538843092108,0.246757404410619,0.0275107027515403,0.3417643397538,0.0667197181368382,0.0428036824275429
"spot_819",0.00301074281196305,0.00120530024259663,0.00220215562190547,0.0388410718982965,0.157062138571286,0.00637078979933914,0.584236962600027,0.0554167222561374,0.151654116198448
"spot_820",0.0721982491915804,0.109369976859769,0.053203650293713,0.030811299193292,0.0240100611721232,0.00368998180021173,0.53297774099818,0.164781743184591,0.00895729730653943
"spot_821",0.0552373953931357,0.117011656116166,0.0907146873926237,0.0584941846141125,0.014228083988138,0.00118211940522365,0.615009900231148,0.0462271434650192,0.00189482939443401
"spot_822",0.0322567978548942,0.185932757843676,0.0323191677172519,0.0527803780647262,0.0248344054130859,0.00172414176571972,0.593347308540644,0.0755513249087893,0.00125371789121276
"spot_823",0.034840173283762,0.10083643934763,0.0122217194847465,0.048443598335347,0.114664186612301,0.0189932739756004,0.545340067821601,0.0609982938220414,0.0636622473169707
"spot_824",0.0253046187245444,0.00258973149455894,2.9148411969455e-05,0.741854139095853,0.0664669553535537,0.000829589206793861,0.0969204886133096,0.00212192438261259,0.0638834047168044
"spot_825",0.052333435117782,0.00719717506327904,0.0101305855626793,0.506847135167152,0.165997191159785,0.0534029162508701,0.135745036523933,0.0176306365577493,0.0507158885967703
"spot_826",0.0235719348577604,0.0979835915347482,0.00594171808348728,0.15288341601741,0.186298735248796,0.0203898552897656,0.416128286260877,0.0340681442641302,0.0627343184430247
"spot_827",0.0509646269788491,0.0091738627090871,0.0300507126704313,0.0423004489106081,0.0967605191397227,0.0345885783907896,0.64258898424681,0.0603689314798465,0.033203335473856
"spot_828",0.0267373658749466,0.114196633682125,0.0143401708548233,0.101436418215474,0.0760709280678019,0.0751595685701973,0.524564749163783,0.0486325372044272,0.0188616283664224
"spot_829",0.0143224856104344,0.00811506299109066,0.00342754266826476,0.0591978438940883,0.211769824308126,0.0455725300898486,0.609345558074826,0.0191081738730075,0.0291409784903132
"spot_830",0.0425425342831071,0.0674758391349564,0.0177913405498293,0.12019204681497,0.0478455929460382,0.0241740798845332,0.636643759553072,0.0235365589509645,0.0197982478825295
"spot_831",0.0668652205259087,0.257127643833999,0.141587985115224,0.105565643181639,0.0743110760143842,0.000984470027542223,0.227452319539533,0.125506153954471,0.000599487807298431
"spot_832",0.0203982465726018,0.0821323386131027,0.0147457995046471,0.0505843941716528,0.213322136793304,0.000682765374760745,0.547038917534586,0.0475724959575604,0.0235229054777846
"spot_833",0.0384090177999302,0.00573762878846527,0.0141625784198274,0.0380636135658337,0.0768185715208658,0.0141929693173411,0.781225411787864,0.0171945491640252,0.0141956596358475
"spot_834",0.0476169306251852,0.351259843645581,0.118814985200061,0.112138835556849,0.102833035200916,0.0419445681194958,0.0971882706183254,0.125873865710473,0.00232966532311247
"spot_836",0.0952710634581197,0.0755281981278422,0.0236992569437408,0.178251108711053,0.0148752943609819,0.00411546685664218,0.536175949581416,0.0678819753143486,0.0042016866458552
"spot_837",0.102874735536741,0.0736483263004965,0.0237982553917009,0.0310164423225612,0.176113964716395,0.000891892012307817,0.516126297456183,0.0705047574693163,0.0050253287942983
"spot_838",0.0167932060608844,0.157504390741924,0.0396248382238594,0.110478449350283,0.161151410800565,0.00131903050361972,0.418140474896908,0.0923807853102828,0.00260741411167377
"spot_839",0.0459571567654466,0.536301970871197,0.200961947312101,0.0500669317207962,0.0398854973475446,3.68569580189506e-05,0.0430398543314528,0.0837170789866434,3.27057068000123e-05
"spot_840",0.0316164890172334,0.169157388811376,0.0231254317657424,0.053153034806587,0.0828621657036998,0.0488239049835774,0.481406111026789,0.0966742289931773,0.0131812448918177
"spot_841",0.0312636850644182,0.220337284682688,0.0186141177579933,0.0573585839269464,0.0839772658299754,0.00109413546523993,0.536679866708203,0.0455287347054648,0.00514632585907036
"spot_842",0.0616496526589986,0.180630685740684,0.0340253994953255,0.0623543234937898,0.187212915059312,0.058344818568077,0.30561679185501,0.0754831722114009,0.0346822409174033
"spot_843",0.0250558063008322,0.0985912557120574,0.0299781493153353,0.0289607732453631,0.180128470627296,0.00271588939020715,0.489956388616023,0.109149723033876,0.0354635437590096
"spot_844",0.0542412218787844,0.0914270408357019,0.0217228999829866,0.0909083633288717,0.0309605718187034,0.00208467912194009,0.5410485235113,0.1650972279086,0.00250947161311191
"spot_845",0.0391530611647321,0.237981809200174,0.0670891084763053,0.0642467034008047,0.0908403804962202,0.00660985879541494,0.350425729466127,0.107254170916497,0.0363991780837253
"spot_846",0.0270537998981535,0.132929144562648,0.0042511896658755,0.136276287304193,0.0674606347458426,0.0113144623277441,0.456991616271422,0.106051326991191,0.0576715382329307
"spot_847",0.0268709125176471,0.185463752366965,0.0361068501855062,0.0285481451719054,0.207694980562303,0.00356315620513806,0.388586138935664,0.0895013222759526,0.0336647417789185
"spot_848",0.0279771007352521,0.228601437697374,0.035083556187313,0.10126722866107,0.167727842370442,0.00335872345300383,0.365468218285142,0.0696630749679335,0.000852817642469595
"spot_849",0.0105111809072079,0.00854659422944161,0.00353114833140726,0.0875544128047245,0.0454838907251647,0.0521271439530313,0.746096181043846,0.0295198829175011,0.0166295650876757
"spot_850",0.0360172848761904,0.0600760574951964,0.0129797450297904,0.0738665899292176,0.181528682433628,0.0325290909659944,0.431858775917093,0.0603096503575896,0.1108341229953
"spot_851",0.0253980352066022,0.0660021093480622,0.0770276275535827,0.130709275457983,0.155204514894778,0.0217016489835783,0.387777797270984,0.0781195691332552,0.0580594221511744
"spot_852",0.0209946883142839,0.00355745741423164,0.00184012313121954,0.089717233119562,0.168301474389962,0.00112758193830318,0.691617565363458,0.0152325713299523,0.00761130499902729
"spot_853",0.0386856913504413,0.146183143443595,0.0673425951234907,0.156918378780929,0.214198062457364,0.00805434221285102,0.275444753210378,0.0534855019325616,0.0396875314883888
"spot_854",0.0189759662427339,0.138248856139691,0.0322191905162394,0.0968569150051731,0.0165289254555517,0.0014659459767103,0.616296127202692,0.0772884614164094,0.00211961204479892
"spot_855",0.112696234556511,0.076194106953867,0.0145795290297671,0.187471330839539,0.216623198916653,0.0153059979584479,0.3141543154894,0.0405381681323947,0.0224371181234197
"spot_856",0.0292040145982371,0.0630531863207067,0.0110914266590461,0.316862325834331,0.262971477206012,0.024575179795122,0.157241495096848,0.028895982412378,0.106104912077319
"spot_857",0.0088462305723464,0.058169943332866,0.00235030799579625,0.103637379631863,0.151312803659924,0.049106378795324,0.523692609418065,0.0690358506860451,0.03384849590777
"spot_858",0.065690179435664,0.204270515289515,0.0259911312965187,0.0572387098097849,0.165273842480036,0.0123914188904534,0.335073614121869,0.0678284854796846,0.0662421031964735
"spot_859",0.0163549246383038,0.134974887233469,0.109532931778678,0.0429761163867973,0.238464311924506,0.00707488101167057,0.299649867009925,0.0729596525892146,0.0780124274274364
"spot_860",0.0127887801865969,0.194079844970389,0.0265096886550652,0.0494507568074038,0.0632734113169887,0.0058410803309276,0.509804173926029,0.102756766907216,0.0354954968993828
"spot_861",0.0213247763093877,0.00559914232018018,0.00959014958021758,0.0977684849382786,0.187127129948071,0.00085562021293727,0.642844085454161,0.0227666656595935,0.0121239455771739
"spot_862",0.0734268145690313,0.184067228865527,0.0348393744810031,0.087550789090071,0.161196527772294,0.0654094955828185,0.31951772903029,0.0523461831066701,0.0216458575022953
"spot_863",0.047311617767433,0.143471475038829,0.0320986103172038,0.180254933570293,0.0361518362616998,0.00131306466943831,0.454412369200492,0.104654707491425,0.000331385683186043
"spot_864",0.0324880896417005,0.118212166143552,0.0208058011804503,0.0456635154383122,0.0834496884790083,0.013743841451545,0.487018938291784,0.0985777095922005,0.100040249781448
"spot_865",0.0350647793217814,0.0342392574753135,0.00486584477422685,0.0913397779417018,0.0810468547186226,0.0534420734324444,0.601257122558003,0.0672121013755017,0.0315321884024047
"spot_866",0.0374265491661145,0.0668398600454813,0.017468771288868,0.129146122056379,0.163438439216771,0.0101318952657926,0.448393072748196,0.0732652130619917,0.0538900771504055
"spot_867",0.0378655538538308,0.175842335198473,0.0183196109232043,0.0389355673411665,0.0168170144593404,0.0302541645347924,0.508709269674631,0.102716696731542,0.0705397872830195
"spot_868",0.0231882490722019,0.129853057279893,0.0098692207641309,0.072123947696938,0.0336095420139107,0.00279219971945133,0.599524998473653,0.124999199559502,0.00403958542031845
"spot_869",0.0306071128949605,0.0512151233319496,0.0220299286367684,0.122659202106071,0.324879180154648,0.0200212401683126,0.27235876044026,0.0533181412933577,0.102911310973672
"spot_870",0.0234131472889579,0.0049685499644809,0.00100036224443962,0.0524741800139022,0.172812494942797,0.0640968632360798,0.587601339825641,0.0457765342166761,0.0478565282670251
"spot_871",0.0150077482959921,0.184549890468808,0.0363142155593472,0.0673947285920569,0.0547739419325252,0.00253164970329472,0.499022344132554,0.100613525707408,0.0397919556080138
"spot_872",0.0260917857706372,0.25014987580954,0.0776139003280738,0.111814009148047,0.0745068283981579,0.0336314243700101,0.333259918976842,0.0747445196604455,0.0181877375382463
"spot_873",0.0398347354321677,0.12687652441785,0.0214266053286881,0.0630737986635646,0.079676273483449,0.0472449952500862,0.517921666838837,0.0913922511328783,0.0125531494524788
"spot_874",0.0320787794341884,0.314146324549799,0.0660340364652727,0.0424862668647541,0.0897848534747357,0.0269729159580195,0.299589309389471,0.109971878925705,0.0189356349380545
"spot_875",0.0760365378232871,0.254284386833846,0.0310470942599911,0.0900548036606048,0.0741742802790563,0.0309487334550459,0.394688235634123,0.0442713811622943,0.00449454689175204
"spot_876",0.068256535773506,0.178873455505296,0.023826906075297,0.0894244656813706,0.0347849305574556,0.00124073939207133,0.420627192797314,0.182508013873131,0.0004577603445584
"spot_877",0.0536426377114281,0.183161892170172,0.0144656819399623,0.0710267007753718,0.216584846362463,0.0244288522001338,0.366599947941104,0.0597501212810154,0.0103393196183494
"spot_878",0.00968755964010166,0.103931954026885,0.0138014770255129,0.0486796553287988,0.193902284932583,0.000493131530583169,0.597217210932281,0.0278978374641898,0.00438888911906474
"spot_879",0.0399680900285396,0.061408229409842,0.0213129641315531,0.0287581266698116,0.159790662768561,0.000407392556207654,0.623571130536516,0.0571630521187714,0.00762035178019768
"spot_880",0.0154620647451772,0.083409821822416,0.00156831218373151,0.102420014681874,0.215380805256609,0.0835545371417708,0.317050001694853,0.0621070761485619,0.119047366325006
"spot_881",0.0155966113653269,0.173427381381587,0.0220374644741929,0.0884653693474595,0.0267814061969055,0.000652351484824326,0.555218028330784,0.116868512657559,0.000952874761361006
"spot_882",0.0249905003962619,0.0127302660754419,0.017532656523089,0.0501948410986717,0.465996244734486,0.0810837366681993,0.270364516130397,0.0401664139014857,0.0369408244719669
"spot_883",0.0329229650065477,0.199338369417635,0.0502830841285106,0.0303504930742138,0.552194585278912,0.000937164977699205,0.0886966327362449,0.0137696098229099,0.0315070955573271
"spot_884",0.0733809899069386,0.212945288530206,0.082173086427596,0.0557312348777225,0.223446080875627,0.00249740604050935,0.271310283654834,0.0733500845818183,0.00516554510474865
"spot_885",0.017133070476287,0.0050608748861825,0.00668872626182163,0.0216518479861761,0.000966435801105263,0.00573156558786277,0.897886921569498,0.0366221061646741,0.00825845126639256
"spot_886",0.0239592510830036,0.0168065984614227,0.0121743142878486,0.0601391397083298,0.350697083289649,0.174199496279378,0.235105805317389,0.0866448118711293,0.0402734997018497
"spot_887",0.0479317804833673,0.014908666081108,0.0257194947722033,0.191614873381528,0.338185380262438,0.0667649915500067,0.16929712269642,0.0426742804910779,0.102903410281851
"spot_888",0.0382118499715056,0.340005294752674,0.0776497187721599,0.0544558174463583,0.0328240691523998,0.00111418275590678,0.333876435926539,0.121498466710937,0.00036416451151969
"spot_889",0.0256947168919989,0.249725147011936,0.0567627102235011,0.0341734977241157,0.0346591432195768,0.000546392628654578,0.494660079738035,0.103021586514603,0.000756726047578059
"spot_890",0.0486351626196838,0.222698402081194,0.0358957173667136,0.0883355341294616,0.0613715693370964,0.0253438826385143,0.426949702067853,0.0811060844472061,0.00966394531227697
"spot_891",0.0138859967930832,0.00637771354008968,0.00467286461240448,0.0517732062568416,0.160760353015752,0.0742189214907787,0.564962880261494,0.0349938561834701,0.0883542078460864
"spot_892",0.029940169702989,0.249780039564024,0.00516829117289824,0.0351006275514353,0.0488466293921322,0.00541107078321948,0.494977590554456,0.126785629109283,0.00398995216956247
"spot_893",0.0263365197499554,0.245442210467967,0.0275677388260704,0.0879451831140569,0.0398824519720998,0.000884974593464778,0.420686733969269,0.151071545692307,0.000182641614809352
"spot_894",0.0446901203453994,0.00669219300563904,0.00939958320544076,0.0283273560511222,0.165952420084557,0.0999336483019378,0.560491106332257,0.0420488189291209,0.042464753744526
"spot_895",0.0461987804377123,0.169980899199912,0.033793607433421,0.0599490391972537,0.40826907512141,0.0712853812022581,0.0457906169933305,0.0616900372847073,0.103042563129995
"spot_896",0.0526137991844671,0.118366252904992,0.031209826627603,0.0965073190260505,0.0241605046957884,0.0038576187056496,0.651013081960679,0.0197742049530152,0.00249739194175543
"spot_897",0.00467776200810197,0.0759326960985196,0.00179974511224808,0.104804317163058,0.123518280248384,0.00361860507833141,0.63278161958153,0.0524212752473153,0.00044569946251124
"spot_898",0.0156295714545257,0.00309998367227968,0.00355328761122885,0.0678328591421275,0.152390793127265,0.0012914531644874,0.715505885059588,0.0321981482765841,0.0084980184919136
"spot_899",0.0123854100544389,0.113796912780903,0.0232478188186512,0.0601311101379691,0.315025058990959,0.0777951770927687,0.284690112145912,0.0614459984370154,0.0514824015413826
"spot_900",0.0201467803283982,0.086250749598143,0.00794216159177112,0.0891289372522131,0.0303537828955791,0.0015565968975037,0.63686050070709,0.126571641762713,0.00118884896658884
"spot_901",0.0333852762798702,0.0065676849719662,0.00637016921066026,0.0848994817067566,0.0730984893814491,0.0350503724010315,0.688014737432214,0.0579954747427384,0.0146183138733136
"spot_902",0.0110239749904578,0.109540615365211,0.0193888902003948,0.0849283267946177,0.387870381927182,0.00409316379628006,0.312196167192607,0.0469036867011422,0.0240547930321082
"spot_903",0.0362268710277559,0.0167412407245003,0.00314187163269511,0.0878557196689849,0.0416407883935205,0.0940765728312937,0.667047295986511,0.0339470628521135,0.0193225768826253
"spot_904",0.0331962616754093,0.130554574433868,0.0454587462399976,0.0699796516917172,0.223022259019933,0.115731022437979,0.293050885962275,0.0495982698397099,0.039408328699112
"spot_905",0.0585813252207131,0.207353203251297,0.0456930624914119,0.0864835631847228,0.0121358139193508,0.00252656993599845,0.515667597644425,0.0691936042797362,0.00236526007234442
"spot_906",0.0277097572654729,0.244925750297169,0.0394125273111875,0.125229739373463,0.0672447560229325,0.00133217850094087,0.268786529206492,0.223789520571155,0.00156924145118622
"spot_907",0.00841947807694496,0.00493439140240354,0.00169335754633243,0.0513872460033205,0.0170933515017037,0.00398065876257733,0.874643449826209,0.0359698420167099,0.00187822486379858
"spot_908",0.145828139103622,0.539026634028453,0.0784978791511046,0.024374226869172,0.0512012840399054,0.0013702094273983,0.0180463397763939,0.141015502346872,0.000639785257079054
"spot_909",0.00298377351360299,0.00210660736277967,0.00263432551283034,0.0198987859579039,0.191325022856544,0.000207218689770018,0.736126013227497,0.0301190580896101,0.0145991947894617
"spot_910",0.0731846533996666,0.231055814011082,0.0318881334141786,0.0448236836185923,0.222076801896161,0.182214722265688,0.124730397751959,0.0408424979826593,0.0491832956600138
"spot_911",0.0291130512855477,0.232092434376925,0.0393897592780305,0.0889194321436541,0.0910279053126772,0.0344631925551703,0.368046959755251,0.058688925867,0.0582583394257441
"spot_912",0.0203153655586707,0.10726303768398,0.018100561134999,0.115129721430485,0.0379686924370384,0.000548500976173857,0.67925285537737,0.010128514007495,0.0112927513937881
"spot_913",0.000696263864480935,0.00115745826719647,0.000355383134194309,0.00642395135267996,9.66090839861605e-05,0.000100781008600302,0.937869172235967,0.0532953812845114,4.99976838288066e-06
"spot_914",0.00597670921187272,0.214257943123373,0.00506050303765562,0.0662805061002718,0.204102750702248,0.00152639180689071,0.399118710180167,0.0992156780157152,0.00446080782180573
"spot_915",0.157290036761321,0.284198522560303,0.250166745183781,0.0274162123061655,0.0573705990915279,0.00216898211970529,0.185322830733537,0.0359015003194006,0.000164570924259361
"spot_916",0.060207891812945,0.44939786204846,0.0641599240853378,0.0507247076237039,0.186098449944515,0.000691027484666719,0.0641778129882448,0.122839641620604,0.00170268239152268
"spot_917",0.00566600315469513,0.0107227585697294,0.00307354088237659,0.0201163551624012,0.259763374223556,0.07668281460171,0.440653585985893,0.047817572584043,0.135503994835596
"spot_918",0.027969441939503,0.108092551702087,0.0263448428766216,0.327146981778342,0.0464292064618254,0.0016394429487041,0.385088833034065,0.0685732935069448,0.00871540575190733
"spot_919",0.0754822505967003,0.0775899246513081,0.0222657965639832,0.130996237287278,0.167684040031898,0.0192977943332104,0.346282888246313,0.104804468888468,0.0555965994008409
"spot_920",0.0270994238731472,0.0609045582189257,0.0174265882698511,0.114956755233231,0.0781730263372891,0.00270500072372499,0.597624985990489,0.0971823737239187,0.00392728762942341
"spot_921",0.038327365413421,0.0611720665817671,0.00988579140696951,0.123190744289817,0.0471729125637405,0.0232826269733819,0.627335069721763,0.064456036311951,0.00517738673718898
"spot_922",0.0168189472454594,0.0956525441380684,0.0162488325563417,0.127163946903766,0.0356768680032199,0.00172861060627967,0.54314913668614,0.162457852961252,0.0011032608994725
"spot_923",0.0335450740058115,0.141403346365443,0.0278097741089995,0.0729244904691199,0.151028998863009,0.0739825023677868,0.366869028257809,0.115011874836629,0.0174249107253935
"spot_924",0.0283444378529798,0.109787318880669,0.0328047394745538,0.109242472476663,0.152654647260858,0.0342443895182564,0.461460759441112,0.0591807138707843,0.012280521224124
"spot_925",0.0084336559932281,0.00244823249816765,0.00151460809711,0.0733313903808924,0.0422274324954095,0.00435606578239857,0.831221524111846,0.0163455484275812,0.0201215422133667
"spot_926",0.0138252419038412,0.00219391323860302,0.00162875779574656,0.0482680057839545,0.030258757404244,0.00842646371048023,0.788803382470324,0.0524436306121805,0.0541518470806263
"spot_927",0.0350248665921327,0.252580951892819,0.0569249246624667,0.0491695962507958,0.303715588779267,0.00186179140014404,0.198063225901583,0.0803418232308386,0.0223172312899538
"spot_928",0.0425537131511818,0.121910778392953,0.111262282986021,0.0719549620951735,0.0996249045069404,0.00171587461200641,0.391453635084532,0.158542835122702,0.000981014048489982
"spot_929",0.0188469015675775,0.0004115876799898,0.000528217178173498,0.0757799260526712,0.267282275137212,0.0163742742822056,0.352461406351312,0.0414705472273027,0.226844864523556
"spot_930",0.0293756874799965,0.00800421917639861,0.00252646566334425,0.0767280445123667,0.131943753173973,0.0303087455126881,0.639756662263165,0.0519563970418796,0.029400025176188
"spot_931",0.0228739254096041,0.00438129536119211,0.00243181327998476,0.111248194843802,0.276762030613941,0.000322995048476187,0.482700695359506,0.0891706339971597,0.0101084160863341
"spot_932",0.0328004383350971,0.102422078737769,0.0199429243687145,0.0410863268424785,0.0273327147010319,0.000618443432872332,0.677621255823276,0.0951569363731221,0.00301888138563919
"spot_933",0.0458418653044093,0.118098869521946,0.0338598135731488,0.0426368769566371,0.0861962795324602,0.00237384566365144,0.628416071591101,0.03998614983306,0.00259022802358539
"spot_934",0.0275066422129973,0.2554320177884,0.03986304436008,0.0647343835135137,0.0429481300207028,0.00137527611675522,0.487883984638474,0.0795286242238913,0.000727897125185613
"spot_935",0.0211450959862399,0.0908159156498129,0.0397821258695275,0.0920031819235386,0.153679685138421,0.0169716238409662,0.434487280925149,0.0729184093612231,0.078196681305121
"spot_936",0.0293771363373475,0.0989930849951554,0.00815691445346817,0.093519570560434,0.121110024738366,0.00227113023347657,0.567516597164928,0.0729044562793869,0.00615108523743723
"spot_937",0.00771952756412746,0.14679516434551,0.0498879310885607,0.129982062070923,0.0526431382798164,0.00980773162946804,0.52612280937796,0.0767316457380392,0.000309989905595182
"spot_938",0.0295051250980386,0.00285665270051088,0.00920031276303218,0.0553133651522047,0.100410558096611,0.000850210379057851,0.766142339920694,0.0124150353185853,0.0233064005712664
"spot_939",0.0058391566337472,0.0669070521898663,0.0293415556401595,0.034714096061385,0.0791865203160179,0.000635235778715319,0.717310281494177,0.0657208046948435,0.000345297191088296
"spot_940",0.0342975401313579,0.0908983756673613,0.00353521983174574,0.0557266287204751,0.108293396207225,0.120100476364943,0.443003534600265,0.05379612232818,0.0903487061484469
"spot_941",0.0153897605990972,0.2401447789341,0.0321153116819733,0.0853547255334334,0.115593976467974,0.00988102094444118,0.347856641686018,0.0335219940422851,0.120141790110677
"spot_942",0.0491880787214842,0.171960597049732,0.0223498757308487,0.0414842753775037,0.280072731118344,0.0691856173967632,0.262972570130381,0.0698930827215605,0.0328931717533821
"spot_943",0.0505923452210553,0.0690521419749062,0.0102557080266154,0.100493974208529,0.0516316085986193,0.0290506347600328,0.586985991996362,0.0996588952570333,0.0022786999568466
"spot_944",0.00867793085867517,0.000811407092662674,0.00282123970100246,0.0581285915323844,0.00787326662936849,0.00634305652302293,0.888472153692918,0.0145199608368007,0.0123523931331651
"spot_945",0.0721399502340512,0.16068998502003,0.0290364967057489,0.0941846074055941,0.179562021136838,0.0228045813543211,0.345939955825065,0.0793350234874134,0.0163073788309379
"spot_946",0.0302086162857115,0.182173781544208,0.0197930740685159,0.108260185025263,0.23779855448226,0.0360015721123432,0.265163944249326,0.0636635236059321,0.0569367486264394
"spot_947",0.0592085980974597,0.0727178115107519,0.0537088795383772,0.0592732553132171,0.0755673256482984,0.0260028656756798,0.539503078683253,0.0457642908754012,0.0682538946575613
"spot_948",0.0528568178252129,0.0416637446720728,0.00578050636152477,0.115001082030909,0.2222156699594,0.0178109377004988,0.444096411120429,0.0318555783776835,0.0687192519522702
"spot_949",0.0357604067732287,0.0515882490241954,0.00563289798314523,0.0939730912738727,0.106457708743648,0.00455210340170639,0.627355263058695,0.059002691315476,0.0156775884260323
"spot_950",0.059258234215988,0.00608227422387946,0.0177299040413097,0.108712980459445,0.0852532536426747,0.0026917455203919,0.571790697396829,0.0468441869434708,0.101636723556012
"spot_951",0.0330599576135507,0.192102498031644,0.013081433300376,0.068990201260263,0.264911536404654,0.117579007495521,0.102303630961313,0.152588478163185,0.0553832567694923
"spot_952",0.0171134444276563,0.064187472693976,0.0260683307254611,0.0688190834947931,0.14902774166935,0.00507631951948868,0.410316009380559,0.0788119600013488,0.180579638087367
"spot_953",0.047014784383105,0.0782884424321876,0.0381127210830721,0.131256170882786,0.309655415156785,0.00141457415325902,0.307297522677888,0.0202781887360594,0.0666821804948575
"spot_954",0.0684287332252806,0.260879248564417,0.0829819930108568,0.062508143112108,0.142445949936255,0.0020442116048269,0.252399361828736,0.12430292379095,0.00400943492657012
"spot_955",0.0579566562156762,0.195645327899049,0.0640945813936862,0.0381177426913007,0.106233375149773,0.0218544235869355,0.329950240275228,0.142284017144086,0.0438636356442653
"spot_956",0.022642459888949,0.23386991638213,0.0684646873351863,0.0135037081520908,0.0097350794995598,4.27585356110802e-05,0.586744280557905,0.0649776084667386,1.95011818293664e-05
"spot_957",0.0202310965742513,0.0137949895754746,0.00331409875560075,0.117130491090175,0.0215033397756923,0.0623967415914854,0.702668593551979,0.0381086538729001,0.0208519952124418
"spot_958",0.0384224538021994,0.0666592459642193,0.0214544130649497,0.0465625905652878,0.257986508004624,0.0472498270547359,0.418523772598119,0.0423830902956908,0.0607580986501741
"spot_959",0.036865910189709,0.213748236305734,0.0362876414686136,0.104476225215192,0.0351033001882246,0.00294278931674602,0.483697207953305,0.0862948612030699,0.000583828159406257
"spot_960",0.0167651086964007,0.0927886850747524,0.0108792012817611,0.035121743976516,0.0904245864233548,0.00862849459769061,0.579834521669812,0.0778302911725906,0.0877273671071222
"spot_961",0.0592327425521456,0.337722068764712,0.0533759119395497,0.102465168019939,0.0437947698145975,0.00438846392922507,0.23691979329292,0.134529356281092,0.0275717254058185
