"","Endothelial","CAFs","PVL","Plasmablasts","T-cells","Myeloid","Cancer Epithelial","Normal Epithelial","B-cells"
"spot_1",0.62631716312042,0.0545417509607839,0.00292171494064996,0.0163948388471889,0.128294405480481,0.000150598566643146,0.106672524060265,0.0645241482540098,0.000182855769558548
"spot_2",0.320200445343446,0.00932035760531071,0.00888212102618417,0.0227987717352739,0.551387525479171,0.000570492528514917,0.0386012392945481,0.0377525575256123,0.0104864894619388
"spot_3",0.598325127991431,0.0177511258631884,0.0519767747253083,0.0368773765742188,0.11976819272505,0.00053180731359035,0.109619844126721,0.0644734233194927,0.000676327360999657
"spot_4",0.232341802147437,0.0657130763120664,0.260719614746166,0.066133517708488,0.18778209771057,0.000267621861304546,0.0600690025105503,0.126665115044413,0.000308151959004483
"spot_5",0.192861444704804,0.0123778750575717,0.297775117136598,0.0251010736709832,0.283889601458684,0.000746290556839585,0.06402963507367,0.117520412507237,0.00569854983361206
"spot_6",0.429614343080795,0.0138790840423205,0.107843029263187,0.0215086516163925,0.304844503895133,0.000227747715625541,0.0484022504198846,0.0727613280137556,0.000919061952905911
"spot_7",0.569075688845623,0.00526152701611949,0.00341098219456313,0.0228959013702111,0.240094358089471,0.00214324140711455,0.104245230706932,0.0507212831631196,0.00215178720684575
"spot_8",0.432445466292736,0.0489302063315525,0.0609466178757842,0.0100980874687219,0.327616356097845,0.000636740955619981,0.0476627247815741,0.0682916432643151,0.00337215693185149
"spot_9",0.617010812019067,0.00840987588239429,0.00437453465966896,0.00622525724553419,0.217440783355051,0.00161273283581655,0.0799285188926506,0.0615276132251178,0.00346987188469921
"spot_10",0.347220456973171,0.015020877650741,0.0515928344123942,0.0646368650825877,0.124348389857825,0.00105709306726088,0.289145704249196,0.106630697285398,0.000347081421426539
"spot_11",0.0151582143180984,0.00904789658154001,0.00266511733103003,0.0986595117287665,0.0259175777705157,0.0014482701561725,0.750451158741103,0.096422855947245,0.000229397425528649
"spot_12",0.0165307530398811,0.00525710947202418,0.00577613277782287,0.105386152612981,0.0262566495979823,0.00102536859714771,0.752658168507619,0.0867121292729461,0.000397536121596009
"spot_13",0.340517576730751,0.317378521354954,0.0755115457035021,0.0323944265984722,0.045028650864558,0.000656508807927227,0.0762058767821107,0.111768291554313,0.000538601603411389
"spot_14",0.654980347571278,0.0145471318331856,0.0373740834037104,0.0174819354701009,0.0755104873651391,0.00050787904449009,0.101618690695343,0.0973426698551081,0.000636774761644984
"spot_15",0.227293209403659,0.0488574061767873,0.384043064658934,0.0817299918272937,0.0442158585113388,0.00146111176882572,0.0796134170079377,0.131997370232336,0.00078857041288752
"spot_16",0.0621898224675975,0.0894382885178743,0.632345125986827,0.00219703303551225,0.0706885289043027,7.92251681933356e-06,0.116240374303847,0.0268855646205042,7.33964671570636e-06
"spot_17",0.240100040767968,0.0559723519902112,0.380473653985151,0.0518419767112088,0.0667738527964459,0.00157713080552841,0.0302653810574298,0.17199211790836,0.00100349397769634
"spot_18",0.0461033740329242,0.0702479326276708,0.516561541221833,0.0554349572914261,0.0904327484261369,0.000735873365974537,0.0781600237647076,0.140690620879831,0.00163292838949603
"spot_19",0.0152792059784777,0.0980396339448593,0.512176945340834,0.0628384387370704,0.109550912310939,0.000628014420255294,0.0568997285720428,0.144359177035996,0.000227943659526088
"spot_20",0.0271154058645129,0.0226967924741284,0.585166653455489,0.0392044350680994,0.0740425898192575,0.000875686718168568,0.0805329159137363,0.16951307825777,0.000852442428838362
"spot_21",0.0735161454934544,0.0778376393638786,0.510282531964491,0.0730092954039271,0.0795496333685613,0.00032968484023992,0.0948284287970238,0.0905714302606014,7.52105078226217e-05
"spot_22",0.0297620352764978,0.0166935222808286,0.639652962385203,0.0115386370847963,0.0947207362991982,0.0002602172347646,0.0773079841993544,0.128301183102772,0.00176272213658517
"spot_23",0.0558379727356574,0.0701934255409757,0.535222715899434,0.0351920432895304,0.089613144670466,0.000776593373229734,0.105768531575393,0.106548125092651,0.000847447822662308
"spot_24",0.0811523739795749,0.0308450447840416,0.131710829105956,0.0357160373781179,0.305709588223092,0.149830268069619,0.107090698455505,0.0620471860013994,0.0958979740026946
"spot_25",0.274765911320131,0.161893925536308,0.0273121355662943,0.122793075016698,0.104121886805433,0.0312424207340406,0.11468086064065,0.152184211775492,0.0110055726049521
"spot_26",0.181595310058404,0.215075957269045,0.0387238932384306,0.269321628344722,0.0400296524157039,0.00112002617792473,0.0277499857277813,0.225158668404639,0.00122487836334989
"spot_27",0.00726114005341575,0.00177420039683505,0.00292599311015969,0.539548977032847,0.182062385690187,0.00288191992701085,0.0242936903067564,0.212675705259547,0.0265759882232415
"spot_28",0.203432052292486,0.00586376466252563,0.0390051733335546,0.516300761955402,0.139823016133682,0.000164510190819513,0.0777370582234686,0.013150335077053,0.00452332813100841
"spot_29",0.566538441556571,0.0421753712268439,0.120527498461745,0.0794643376712325,0.0350883710024965,9.46531437158344e-05,0.0977594470007545,0.0583411673500807,1.07125865598738e-05
"spot_30",0.74199580500721,0.0172371995046301,0.00699211936180034,0.0227782007018309,0.0530609334772834,0.000487303886394038,0.0649472115967196,0.0922272439239611,0.000273982540170308
"spot_31",0.0186251999233215,0.0118843524742787,0.00520559962014957,0.0919472044781484,0.0375812909393042,0.0246752255665453,0.746047511993853,0.0613623601854897,0.00267125481890931
"spot_32",0.586748948134,0.00959804484453161,0.100460583962213,0.00620325201630289,0.0981847716163577,0.00012585505779367,0.0754191396815502,0.122952494483715,0.000306910203536638
"spot_33",0.409886755459283,0.0107646987542031,0.0629591409950542,0.0402721357984939,0.304076798559669,0.00319666008050784,0.0586251720519721,0.0951247210170657,0.0150939172837513
"spot_34",0.473594772362877,0.00400124788969196,0.00280761785724161,0.00428625181568302,0.425293102492555,0.000581324687456943,0.0405284312425848,0.0397250753847446,0.00918217626716474
"spot_35",0.384660009559698,0.0295451524884507,0.180135679464216,0.0879835861305,0.143729359243465,0.000462444813969454,0.0816368822891696,0.0907626805956384,0.00108420541489288
"spot_36",0.491815524245854,0.0951582916245188,0.0924087201782915,0.0847737664261729,0.063300817183164,0.000723137940789806,0.0997883959050508,0.0718673085965887,0.00016403789956947
"spot_37",0.331305986235644,0.00639783157599866,0.164670276034701,0.0111295597950141,0.344113843695253,0.00264675089137437,0.071767302627651,0.0539677608034615,0.0140006883409029
"spot_38",0.0366562071575431,0.000341310526435068,0.0120301961844904,0.0708269658706174,0.770946813478381,8.93182157296047e-05,0.0437607618473935,0.0221201434279856,0.0432282832914241
"spot_39",0.479133833151378,0.00909625942219476,0.0626125596401818,0.0189827481513757,0.242830274740107,0.000279412669014906,0.0878676620915001,0.0981769177586411,0.00102033237560709
"spot_40",0.512984647228787,0.00774068349560486,0.00430482239021793,0.0923042862789001,0.0724160589835514,0.000374383423312057,0.214142064243252,0.0955189067902626,0.00021414716611155
"spot_41",0.0319844252155626,0.00988468349927999,0.105399655690558,0.0827975531956063,0.133296466437762,0.00152975364112842,0.540176445689327,0.0865158790011129,0.00841513762966238
"spot_42",0.0288581362471009,0.00368330230740429,0.00349413222707285,0.140772148910679,0.00823208101876857,0.000631602072361603,0.754813890045692,0.058893444259179,0.000621262911741902
"spot_43",0.0328616078706109,0.145648683653815,0.134814305352022,0.0669268286332981,0.0189736983791115,0.000437685788766839,0.500859171868918,0.099336735763473,0.000141282689984521
"spot_44",0.0370307744662657,0.326067665359883,0.277291058886755,0.104870528082355,0.0650916852077598,0.0121775255359846,0.0510140492175425,0.125624103404367,0.00083260983908831
"spot_45",0.0362752842962734,0.0265335541445123,0.56849032539902,0.050855976084762,0.0545117232695891,0.000267283956191436,0.11320607718204,0.149761376476928,9.83991906841908e-05
"spot_46",0.0425689426856429,0.0433681582712179,0.575726670969525,0.0479991028698626,0.0822892683937326,0.00120847472332542,0.0941610764467652,0.111362748721391,0.00131555691853748
"spot_47",0.0382424199494707,0.0640358381374988,0.541951319807683,0.0561626113957418,0.0752242109340901,0.00191851065127134,0.0890778766579634,0.131876791306133,0.00151042116014797
"spot_48",0.0350268805818188,0.0519481928393923,0.548585877804685,0.0449767058958091,0.0744262311679481,0.000128400527672938,0.182080184738767,0.0621918620917158,0.000635664352191094
"spot_49",0.056724273178068,0.0630854384453738,0.524534572602602,0.0801097670401935,0.0877622692725334,0.000623925426203339,0.0860741565850232,0.100847712975243,0.00023788447475892
"spot_50",0.030462806016614,0.0822527382239926,0.582907064472363,0.0292016679429186,0.0857356362550958,8.79281869171838e-05,0.0646613835114183,0.124564608948049,0.000126166442631279
"spot_51",0.0787912416904244,0.0970424940248759,0.457263389714951,0.0866043310328814,0.0841576145841898,0.000682211599844604,0.131388756246459,0.0633047911033463,0.000765170003027467
"spot_52",0.0518607045535982,0.0373688452277997,0.538782067298981,0.0352819395604122,0.0805745229539567,0.00010205259226542,0.136215355979923,0.119675252595981,0.000139259237082787
"spot_53",0.0648768774020455,0.105026021964312,0.472745887450653,0.0979731425239142,0.0598912037389267,0.000575997310629877,0.0522202192331923,0.146405696359424,0.000284954016902101
"spot_54",0.01367962048995,0.0244272307298077,0.555979003345341,0.0351234275947532,0.086359540911561,0.000497525083321211,0.08936536021066,0.194161510971163,0.000406780663442972
"spot_55",0.0571274330397864,0.162272438072728,0.497691151856868,0.125702703442399,0.0576245093855355,0.000384139331654413,0.0609719984884436,0.0381440367090117,8.15896735724549e-05
"spot_56",0.0101047557742099,0.0315228152470985,0.362082642252393,0.0992783811154931,0.187845009111691,0.0620023939488729,0.110989066759374,0.123951138544052,0.0122237972468146
"spot_57",0.0815691566900489,0.0920297928074156,0.0683430192799042,0.147504335671088,0.160680986404309,0.100026396787098,0.0988630423747676,0.229137184063437,0.0218460859219319
"spot_58",0.00780677979749186,0.000631702620880921,0.000246190573470589,0.687284067713961,0.0710329819376722,0.00113532994516991,0.07423702440405,0.121850809555735,0.0357751134515689
"spot_59",0.0495753301321831,9.68917483855272e-06,0.00226359922376679,0.375905389157478,0.282398643484571,0.0028729356882308,0.13492557243351,0.00352855695575628,0.148520283749666
"spot_60",0.750408183306899,0.00709658588557341,0.00502798947262796,0.0105974382862723,0.0535624410365886,0.000987716450682369,0.0706431278427593,0.100951464708253,0.000725053010344006
"spot_61",0.338908085572048,0.0176259441681875,0.00752483484499527,0.0223808767713748,0.21701567649869,0.171193475725455,0.135042625238923,0.0491225121551665,0.0411859690251605
"spot_62",0.01916135430653,0.0113453640661227,0.00509336282419062,0.104453875043325,0.0394779842719923,0.033022385990811,0.733101758085686,0.0504341690992324,0.00390974631210927
"spot_63",0.595778753886137,0.0121572615593912,0.0542019872698888,0.0130831100163158,0.159317726685052,0.000331454778839806,0.0694843503738804,0.0951665423107006,0.00047881311979438
"spot_64",0.385434597763615,0.0134874950008164,0.100164999742484,0.040841083944497,0.312442353413807,0.000236322104642357,0.069267082592676,0.0764183191968094,0.00170774624065303
"spot_65",0.542095592149521,0.0329783955022854,0.0954839583960476,0.0259688720490581,0.176600076505786,0.000202442328334818,0.0610250240821051,0.0644371618961264,0.00120847709073584
"spot_66",0.410102898547653,0.0119035449587316,0.174928294446718,0.0279489957598898,0.186086804476083,0.000920616079794891,0.0892973674972263,0.0966189813990484,0.00219249683485532
"spot_67",0.480066446810137,0.00358714301628418,0.00447690511233264,0.279190417001925,0.13865687999195,0.00107327240865823,0.0337265379676862,0.058359355078732,0.000863042612294566
"spot_68",0.0197884473348558,0.0235422151613562,0.00578038061849943,0.190673813484127,0.544818013061075,0.00207594697847927,0.104711174458086,0.00370013532723577,0.104909873576286
"spot_69",0.358100523127628,0.0150712116194069,0.00176418950094162,0.0399692234148931,0.488711105194952,0.000169483298412743,0.0216341445820594,0.0742452211879534,0.000334898073752946
"spot_70",0.599040800727597,0.0130703931808915,0.029451521207628,0.0253422220912859,0.194873771036791,0.000644619629437871,0.0522429651503897,0.0839635998931058,0.00137010708287345
"spot_71",0.391935194530476,0.00803635726186616,0.00275781058037948,0.0529340705181541,0.231701407920346,0.00183785687957029,0.22885463670417,0.0808222632691904,0.00112040233584754
"spot_72",0.0214058851575893,0.00609425233851265,0.00314092246096852,0.0743444092476206,0.0111119569776179,0.000699888194696212,0.814291527913869,0.0684429367540722,0.000468220955054065
"spot_73",0.00878633907937693,0.00443606020633472,0.00212695867494908,0.106613759155059,0.0175233606811518,0.00139914459939121,0.773188598135226,0.0849598227357754,0.000965956732735571
"spot_74",0.011980508865585,0.00600495769088148,0.0945496053898948,0.0877978049375615,0.0136511480867898,0.000784730074645851,0.675814732953321,0.10882420594888,0.000592306052440458
"spot_75",0.0446362048673921,0.0922068565410548,0.569272644071726,0.0449744603180818,0.0716664320374329,0.000698052973593188,0.0742698751651812,0.101678568980025,0.00059690504551367
"spot_76",0.0322116333066495,0.111418462121653,0.479659941325796,0.167697607433353,0.0600196611383119,0.00375114604640312,0.0277468584803525,0.117000079020423,0.000494611127058324
"spot_77",0.0787913389546167,0.0609597456707635,0.536270675767168,0.0532569313258091,0.0827875107356258,0.000328557246291528,0.0644613808686443,0.122938233439858,0.000205625991223472
"spot_78",0.0320990798298802,0.0749349611971385,0.536692256112509,0.0694196917297731,0.0540145059141336,0.000639334198416551,0.112970424053783,0.118931534058236,0.000298212906130158
"spot_79",0.097571314409426,0.0648279191358468,0.474181481522564,0.0746249220087784,0.0786649917314959,0.00053379474254007,0.11952054450338,0.0876995793519674,0.00237545259400156
"spot_80",0.0819064173788489,0.0660816547598467,0.519939562415973,0.0576892913995968,0.0839709744645508,7.74951522454631e-05,0.0658353678972411,0.124138013101587,0.000361223430110934
"spot_81",0.0582343105171126,0.109379138914057,0.470038993830807,0.0774725658237095,0.0869962996238666,0.000149862525770242,0.111740329288965,0.0857984475210445,0.000190051954668086
"spot_82",0.103646910906933,0.0988037232666272,0.550060021250638,0.0411659871232525,0.0406241172627559,0.00058807251122643,0.104787811277021,0.0603009909948801,2.23654066659886e-05
"spot_83",0.0298827809294732,0.0713333540915482,0.565652787304347,0.0399736093782942,0.0565977728316105,0.000186615630887598,0.144502927711345,0.0918101373362628,6.0014786231116e-05
"spot_84",0.0326323693840172,0.0411749979845586,0.618346001256944,0.0399082675598157,0.0551499179360733,6.42324799294552e-05,0.114326574150332,0.0983659273010715,3.171194725815e-05
"spot_85",0.0472463751793108,0.0714977121389716,0.50928693538396,0.0595233699532743,0.0918785266018834,0.00163777282882859,0.11051141822064,0.107760939357349,0.00065695033578211
"spot_86",0.0795021156739801,0.14050814486216,0.448350038862203,0.140982087955811,0.0513188785872162,0.00422524813150027,0.097996435400999,0.0367338784678868,0.000383172058243701
"spot_87",0.0422294380163983,0.0866217257796288,0.458263997093745,0.0311011934972177,0.0541551661235113,0.000591547350290617,0.0135901961452309,0.313368371650171,7.83643438057162e-05
"spot_88",0.0358908855848872,0.017661524102607,0.105114996714847,0.0679939296907973,0.216698841000359,0.165618157106758,0.0984221524218529,0.269982513382021,0.0226169999958702
"spot_89",0.0278568204604479,0.0016141649513404,6.42092368848431e-05,0.455163199789747,0.0557867110500917,0.0193629097484916,0.0936075211676917,0.274932371423726,0.0716120921715794
"spot_90",0.024107105663651,0.00333624402529842,0.00342799465271717,0.403301908657808,0.146299411550991,0.00129032026566341,0.0605031975843525,0.343504612410478,0.0142292051890414
"spot_91",0.441839976502061,0.00749953013562308,0.00144827225144823,0.154813007320422,0.133447662371877,0.00051820449797915,0.227926900603256,0.0318238665327218,0.000682579784611703
"spot_92",0.745165628969177,0.0093943184432645,0.00346770298488346,0.016860520136259,0.0604980965077249,0.00140882528633571,0.0637638307010643,0.0986402359270415,0.00080084104424962
"spot_93",0.0163993798892749,0.00686311270022885,0.00361605382126319,0.0619244377415884,0.0150675050336486,0.000686680467692291,0.809628741774531,0.0854414049348418,0.000372683636930822
"spot_94",0.566835439894996,0.0131330188800527,0.0620416842666377,0.00763543664576926,0.159702987939197,0.00226566390670627,0.0882135374464616,0.0980554076263587,0.00211682339382129
"spot_95",0.36505515397086,0.00651837032390561,0.140437984619028,0.0118287258890143,0.297763723582713,0.000252760003564468,0.0630528841140487,0.113660096604308,0.00143030089255893
"spot_96",0.481548668210464,0.0107314214570876,0.0736282841517804,0.0482599233788846,0.182492491682671,0.00248424336832146,0.0914126821755481,0.104365464530147,0.00507682104509575
"spot_97",0.557682316654355,0.00846057391649322,0.00258777914767564,0.0187492799134758,0.27821073310499,0.00145378455246479,0.0649118943816317,0.0642891567557311,0.00365448157318317
"spot_98",0.159772318053653,0.00393810364995514,0.00342635916687185,0.0720860147234884,0.115757157736737,0.00399715868856194,0.5886557789888,0.0399107961027346,0.0124563128891976
"spot_99",0.0168665141138204,0.00635850316033923,0.00276687519610807,0.0624505769581883,0.0145393360681599,0.000467043863805993,0.826112171303502,0.0700621988774174,0.000376780458658264
"spot_100",0.321829278561597,0.00470287845183621,0.00537803440532013,0.0382851189819799,0.136529776457659,0.000209633850654391,0.403352892151652,0.0888835814863256,0.000828805652975511
"spot_101",0.613698564981433,0.019270103385961,0.0105676963503221,0.0534888812754233,0.177354545722524,0.00312061967926945,0.0405697492932533,0.0791020011105801,0.00282783820123409
"spot_102",0.0376441996210132,0.0185897210576607,0.0677695265050038,0.104392901314946,0.189748656149835,0.0066955408731835,0.473176413070759,0.0883661746137046,0.013616866793895
"spot_103",0.0222683187114403,0.00177799960120168,0.00455344320330449,0.192627763165485,0.0105276093931915,0.00125854337233101,0.718318225843732,0.046568709714073,0.00209938699524118
"spot_104",0.0194253566389116,0.0333442156921968,0.0835222314207816,0.0440842349120544,0.0301974241211877,0.000769183519902862,0.722836493702524,0.0648985315733369,0.000922328419104302
"spot_105",0.0791775870684784,0.114882576425724,0.329410505213618,0.0870526664346933,0.0677583441389754,0.000490233209211021,0.193895930595123,0.127029877536192,0.00030227937798567
"spot_106",0.105599654079514,0.0711798491086819,0.560336811238581,0.0201984571973173,0.120962334924758,0.000460722907014685,0.0922556790600607,0.0289901737763971,1.63177076749337e-05
"spot_107",0.0263890950986763,0.0173756406879766,0.567883302113923,0.0768188134660021,0.0572623143570351,0.001588168084201,0.0969569669767595,0.149490368677835,0.00623533053759127
"spot_108",0.0430373142726943,0.0794804111562798,0.489877229214461,0.129729415298011,0.0733723546603792,0.0031029945358984,0.132190999388173,0.0489851182985698,0.000224163175534191
"spot_109",0.20968883164367,0.10538052990511,0.498994500223666,3.84168269078459e-07,0.0546115644536067,1.21566709437922e-20,0.130934633602272,0.000389545239685334,1.0763720917355e-08
"spot_110",0.145656762401482,0.0337286767555504,0.478723614812021,0.069765853860927,0.0732765179076504,0.000698712876401659,0.0968286412825785,0.100689558853981,0.00063166124940894
"spot_111",0.191761741361298,0.0646631929027819,0.432202498131155,0.0392831177108233,0.0649881109879501,0.00037817422613907,0.108253135519803,0.0982244786635283,0.000245550496522045
"spot_112",0.0706837467582156,0.100932412074499,0.511049406426111,0.0814838595327876,0.072592177594004,7.76176112255561e-05,0.0565473112922174,0.106616231361679,1.72373492603269e-05
"spot_113",0.0245475609029183,0.0535184910815817,0.548738137030467,0.0238109227975705,0.0753324930114175,7.62180710251125e-05,0.103992757670286,0.169679122528445,0.000304296906289588
"spot_114",0.0863874735036133,0.0345396731860299,0.545332729861767,0.059175674360286,0.0743265193104903,0.00016601232855569,0.0935488082724412,0.105770799504032,0.000752309672784421
"spot_115",0.0610955796075357,0.0548796833640214,0.518558318943478,0.0412865067838966,0.0922853131889661,0.00284948478542029,0.143034983967139,0.0845564834494322,0.00145364591010985
"spot_116",0.0269232947902117,0.04002786625689,0.553095057675869,0.029050816583587,0.118606990448887,0.000121031206632752,0.0669345982616622,0.164293794912217,0.000946549864043612
"spot_117",0.0233489930099811,0.041008643700858,0.541195185008016,0.114713465267574,0.0670021133561271,0.00319343761140715,0.0558781539566722,0.153110351523592,0.000549656565772416
"spot_118",0.0244056397531509,0.0535082949029467,0.574157945310899,0.0612704526928394,0.0789022635339791,4.06654797988033e-05,0.083035716339022,0.124499208647173,0.00017981334019135
"spot_119",0.0325251798971596,0.0490746829000181,0.335223434147688,0.0509171098485612,0.325812641387378,0.000841880567243355,0.0702553055915652,0.115700973809874,0.0196487918505136
"spot_120",0.0246770576710566,0.000958231782761719,8.015681681399e-05,0.414075078583681,0.0379807302818669,0.000362398372297944,0.219873037165539,0.290479741483882,0.0115135678421002
"spot_121",0.031497206263156,0.0120819339922389,0.0369813570559939,0.39943338233655,0.0292048778205488,0.00397502588394711,0.0264474990450485,0.458345338412108,0.00203337919040876
"spot_122",0.364804590194946,0.00831097429270812,0.00326247157698992,0.247998012405924,0.20105832387296,0.0713075804118692,0.0289290705737719,0.0579647748872082,0.016364201783622
"spot_123",0.646514052402791,0.0123017008607883,0.0046248835586361,0.0465159668150721,0.116360006528569,0.00931463422141541,0.0966008278317198,0.0620047160795194,0.00576321170148859
"spot_124",0.00570237965562947,0.000918204498484359,0.00028439054963432,0.0325560981298927,0.0090103991154644,1.29900511162498e-05,0.871934076103556,0.0794492614952566,0.000132200400965851
"spot_125",0.519107089862866,0.0106168108368701,0.00560055153100181,0.0343901000475326,0.282275364953995,0.00331912821099835,0.0352186090804722,0.10584811765947,0.00362422781679333
"spot_126",0.333718259176984,0.0279482969300945,0.12723752164577,0.0465512285810608,0.153157718135278,0.000109439551723976,0.233058034065633,0.0780205242927806,0.000198977620674498
"spot_127",0.117951331974579,0.00367811428029936,0.00426995896450888,0.143987346033059,0.0131657735777352,0.000967968393042872,0.663037285949783,0.0508604967787935,0.00208172404820015
"spot_128",0.374690728191055,0.120915577992144,0.017353380684041,0.0205377079887497,0.0980993387209682,0.00433634228228384,0.256239272803834,0.0862721436730282,0.0215555076638964
"spot_129",0.230947075293316,0.215095938142018,0.0202540013142223,0.0861004571978256,0.0235839936520895,0.00160514176207138,0.24374501385901,0.178579844868566,8.85339108815033e-05
"spot_130",0.100787401745543,0.428503971029704,0.141129810328807,0.0287625287005354,0.0406030174426023,0.00147527958915186,0.0371312369118809,0.221015519046347,0.000591235205428751
"spot_131",0.234852060123562,0.0798044560791952,0.0083571445054039,0.0695079024182172,0.0417851619237697,0.00148141016673998,0.462585756785453,0.101013745085727,0.000612362911932279
"spot_132",0.0168653433204247,0.00717464152482549,0.00248301603129837,0.0729625869846508,0.0155329354622822,0.000457959534827773,0.800011668109724,0.084441639980792,7.02090511751774e-05
"spot_133",0.00166250768773025,0.00420853077324703,0.00582834734042633,0.143385189418143,0.00949337197541255,0.000772622586350999,0.784796028112933,0.0495937415238463,0.000259660581910435
"spot_134",0.112732906457792,0.00226176955072157,0.00485115699357486,0.0391445355558794,0.0224281816501517,4.21640675137167e-05,0.79553199112893,0.0229083038020642,9.8990793372449e-05
"spot_135",0.0149797091514176,0.0113796402160329,0.19101539641335,0.0485451483788771,0.0294441905966016,0.000353620974800407,0.584097791623396,0.119937018575565,0.000247484069959573
"spot_136",0.0322375787465886,0.0738121808785746,0.543764927692759,0.0835208515187735,0.0526502611159553,0.00132474884411444,0.0641482231475587,0.147779551123945,0.000761676931731215
"spot_137",0.0747925951583584,0.159385129557984,0.483042667558747,0.0819014449674545,0.0449458755099242,4.59323186992499e-05,0.12616860203721,0.0297136912029673,4.06168865579577e-06
"spot_138",0.149425279195975,0.0831642115882081,0.443610480949847,0.0576618421352374,0.0716172713689605,0.0014820482253508,0.0885857025455017,0.10403148641098,0.000421677579939519
"spot_139",0.0968021178750735,0.122516395564127,0.397050316257865,0.178248452638699,0.0379778285167719,2.06443982493567e-06,0.149785603508215,0.0176166120607718,6.09138652050659e-07
"spot_140",0.039158908750702,0.0936953287782466,0.508396926134274,0.0996429660927288,0.0644475947761381,0.000545393618783661,0.0603504683625988,0.133703746820891,5.86666656373008e-05
"spot_141",0.0437365239384284,0.0705130775233327,0.580794706810292,0.0769831315196877,0.0491273959419689,0.000415606456647337,0.131631797995001,0.0467113190605041,8.64407541376902e-05
"spot_142",0.0486933750341702,0.0686107176959475,0.509936332085104,0.0557749140907429,0.087695364624266,0.000666819206628844,0.0340401181885412,0.193877837813589,0.000704521261009993
"spot_143",0.0551719494589015,0.07395076558955,0.54436213599076,0.0839483828185801,0.0632230438048215,0.000259814828925688,0.138063718981232,0.0409515025638286,6.86859634008593e-05
"spot_144",0.0433069937887629,0.0269886733240596,0.505634697844444,0.0643147540450668,0.0856087028237261,0.000415283784599796,0.188465228061499,0.0847815172506471,0.000484149077195174
"spot_145",0.0885595902391296,0.0577109607310958,0.513307491267827,0.0324803913104083,0.0846485323445421,0.000111361829352645,0.187689819305021,0.0352213604095643,0.000270492563059158
"spot_146",0.038503863072212,0.0840545850802218,0.548051563777331,0.064907951148138,0.0643764123563963,0.00111255901655693,0.0952249894149279,0.101722724837335,0.00204535129688065
"spot_147",0.0759621385427667,0.0853288794780095,0.524216501597603,0.118727260546892,0.0560832044862448,0.000118598417061561,0.061608875704443,0.0779343620001173,2.01792268628566e-05
"spot_148",0.0349274507560194,0.0573788425670907,0.560557170722951,0.050608212501588,0.0411795319769289,6.77027417633959e-05,0.181094808916724,0.0740997765379799,8.65032789549169e-05
"spot_149",0.0602036124203355,0.140525058938733,0.578711164326795,0.0554736561873125,0.041848154096258,3.25399068134625e-05,0.0597372568950175,0.0634678153539256,7.41874809823577e-07
"spot_150",0.0941969221966805,0.0618218992082486,0.134768128539018,0.0447390035534347,0.262909248644553,0.160079276260337,0.156464824102686,0.0557217974782614,0.02929890001678
"spot_151",0.115890893219064,0.0204935599232156,0.0330681317280707,0.160086346088532,0.0360983656438701,0.0226286972623108,0.0198866869881843,0.551620675724448,0.0402266434223037
"spot_152",0.0357256564167207,0.00897792734916534,0.0185101271733365,0.576168550106498,0.0611844497033754,0.00148411249475534,0.00530981078182442,0.269898803560116,0.022740562414208
"spot_153",0.417082618213106,0.00978307215310405,0.0037866177949172,0.317010363841157,0.0608409551628984,0.0218332481214474,0.126709577253779,0.0356955998999925,0.00725794755959862
"spot_154",0.580749816875801,0.00969979239982446,0.00336850723992612,0.0608575532608737,0.155619183735295,0.0182458866166529,0.0977205278134679,0.0644487198779453,0.00929001218021268
"spot_155",0.0385164977857374,0.0164200576303278,0.0313132687230739,0.109106839194004,0.0944483757106639,0.0568052638363527,0.519471364125827,0.123833463239412,0.0100848697546013
"spot_156",0.277951222898678,0.102593886035851,0.15649801086738,0.00197291558524271,0.368182326716841,0.00209932345228507,0.0439995336981827,0.012051308036811,0.0346514727087282
"spot_157",0.0983734804000463,0.00317238646490664,0.00205530126022071,0.0624686664412895,0.019146996317061,0.000614971954580552,0.717735193773268,0.0956042233353985,0.000828780053228549
"spot_158",0.0465025600975484,0.309831786619283,0.0202068409198425,0.0678696395859564,0.013154518002529,0.000279745250256186,0.423314493791053,0.118761861629034,7.85541044977082e-05
"spot_159",0.298666595059899,0.254703344082425,0.091373167120312,0.0419870835457027,0.0505493466966173,0.00146869342519365,0.047170774949687,0.213734791888698,0.000346203231465256
"spot_160",0.223389336176291,0.319810837411846,0.0918398608967238,0.0892049277625998,0.0565856296744546,0.000530137593842873,0.0785407564237738,0.13871545253143,0.0013830615290379
"spot_161",0.133064356258859,0.490833862496197,0.0855525432286794,0.0432300272280777,0.0358657846272004,0.000382215764674874,0.0896479027679844,0.121283526976227,0.000139780652100004
"spot_162",0.464977149337019,0.218157221631965,0.0354452353111897,0.0393202244198686,0.0450626146616853,0.00120424099701525,0.0859186241061854,0.109255284474131,0.00065940506094041
"spot_163",0.315962097356242,0.133726701263707,0.0126882176168212,0.0172495686505862,0.0408162509590605,0.0172074856115202,0.418426814334976,0.0308726803028933,0.0130501839041942
"spot_164",0.0107886312025015,0.0076330411971141,0.08842093476434,0.096921665609014,0.0194137703097774,0.000190541835393104,0.698192849186368,0.0783553827075212,8.3183187970548e-05
"spot_165",0.00944722842767498,0.00640815351066654,0.00142292316810856,0.0783226597012856,0.00786307725967449,0.00140297877181485,0.789766500043906,0.104903354925045,0.000463124191824453
"spot_166",0.103894291465121,0.10257940919417,0.48562157894337,0.0663357045681869,0.0643606188061205,0.000112364885923224,0.105902622042641,0.0709624721317756,0.000230937962690933
"spot_167",0.121142758794844,0.0719542792003751,0.466072125927935,0.100467866102812,0.0784047108382149,0.000108176946726638,0.0887273117846441,0.0728450026726038,0.000277767731844563
"spot_168",0.19869797284326,0.153166852654633,0.362224664103823,0.0719557382347301,0.04858429472818,0.000641779051755607,0.0816570999659277,0.0830670690649832,4.52935270698681e-06
"spot_169",0.0662042633878617,0.0795259015177161,0.527497284683393,0.0814058100930169,0.0617272075348896,0.000198123432698509,0.0926535179835757,0.0907144523840211,7.34389828278967e-05
"spot_170",0.0420594682419397,0.093154205059638,0.533504060152741,0.0747831680214174,0.0845004768327315,0.000364466021720908,0.123717777676476,0.0477576918827676,0.000158686110568048
"spot_171",0.0345275976774014,0.0204823478561447,0.591660596156388,0.00636637108999841,0.0701114436075333,0.000278385752081376,0.17183307191001,0.104409922181444,0.000330263768997673
"spot_172",0.0284236349572826,0.0997037336987291,0.532277923132402,0.0815096209975845,0.0746165971739691,0.00145786971794344,0.111199261428533,0.0703323165804147,0.000479042313141062
"spot_173",0.0865025151602103,0.0404708726964596,0.548641826963119,0.02521981950633,0.081515709016235,0.00106782747201987,0.0590277685047838,0.154566285530423,0.0029873751504195
"spot_174",0.0587934060385028,0.0555137257738713,0.572066671384623,0.0261792817803686,0.0796254255248124,0.000676994901489334,0.131568297384878,0.0749756557793577,0.000600541432096432
"spot_175",0.0477372712293786,0.0986305344182919,0.513486578266143,0.0705749022144353,0.0809201203541714,0.000549595736808512,0.0910340118843519,0.0967994385444597,0.000267547351959452
"spot_176",0.0434607268914454,0.0872251725271165,0.528863022538706,0.0784843230030891,0.0821578871060863,0.000308576609500773,0.072723038879163,0.10646030272421,0.00031694972068313
"spot_177",0.0542943003059916,0.0641865258795415,0.587117406125798,0.0249245811306076,0.0436824930283519,0.00631079871941821,0.0383757025621989,0.180381303772516,0.000726888475575634
"spot_178",0.029290446190369,0.0861326243727347,0.495430325008513,0.0684126500345825,0.0644825268758642,0.00108349476356553,0.0714919463958092,0.182775268240106,0.000900718118456156
"spot_179",0.0512741063682104,0.0505722561709463,0.489631131840356,0.0523548845898629,0.109074871741545,0.0083869032937487,0.0529315678596399,0.182365268063098,0.00340901007259269
"spot_180",0.0622078547971641,0.0808279793108936,0.514147329929704,0.0386000868220417,0.0892698573134742,0.00027651587719307,0.081508170374534,0.133029662129647,0.000132543445348364
"spot_181",0.062218215649013,0.0584641838672088,0.432142657919074,0.0518641424799483,0.124732577828939,0.0456874377684543,0.0970576958468739,0.102896548719955,0.0249365399205336
"spot_182",0.0316698970795224,0.0223973717579107,0.0138116896642838,0.321156967483095,0.184144147014526,0.117891294967201,0.221044465495024,0.00868638801463632,0.079197778523801
"spot_183",0.00167935096968589,3.79614217592669e-05,2.33722744073992e-07,0.628768834730834,0.0400306390570194,0.00130254532302211,0.0286343701023499,0.266414524710725,0.033131539961861
"spot_184",0.300716597346315,0.00746999380622681,0.00613431672915047,0.393089688956526,0.0103560110620052,0.000150096500092908,0.15635787473828,0.12560856098188,0.000116859879524561
"spot_185",0.749580628671751,0.00758756344270746,0.00543776875828962,0.0110594967705059,0.0624436797107332,0.000767289534599795,0.077246547208586,0.0851455335225334,0.000731492380293634
"spot_186",0.135654478498423,0.00795084937840343,0.00382522440722585,0.0526836543551025,0.073530581157569,0.0303593929974949,0.60904729672936,0.0768237443909489,0.0101247780854726
"spot_187",0.162409326037774,0.0163745529711487,0.0569645118015426,0.0411774045455755,0.237012389822306,0.00167913793674192,0.365992466296417,0.107736424396295,0.0106537861921996
"spot_188",0.0364109962598321,0.176932597230859,0.015223644574293,0.0809726862263685,0.0524291887016057,0.00208816343284185,0.511778378025968,0.123763082061372,0.00040126348685985
"spot_189",0.25750157040846,0.359942695398267,0.0890813490606284,0.0296144109651097,0.0552409464082778,0.000160352925476776,0.0588385223809692,0.149596960959592,2.31914932196442e-05
"spot_190",0.108321804400848,0.486363781157502,0.0655756132168747,0.0575704531478184,0.0518036658654165,0.00108152710550543,0.0654239994040611,0.16379526118664,6.38945153338418e-05
"spot_191",0.119612157596542,0.466777865845082,0.105285353176779,0.0630370578275353,0.0461261496258232,0.000139320017858145,0.0434631770955043,0.155476300737507,8.26180773694945e-05
"spot_192",0.390459072032699,0.318036008609508,0.0578299728442343,0.0388007619032942,0.037547894147798,0.002396706438546,0.0864614750389236,0.0680158567135497,0.000452252271447336
"spot_193",0.0668569044759482,0.522320298723949,0.118146497593536,0.0440244355674948,0.0343647724967007,0.000757667564424844,0.0358037282263926,0.177609440285712,0.000116255065841456
"spot_194",0.249214870956035,0.437917339899463,0.0489921902127837,0.0193884733848753,0.0495258624579271,0.000651781553475344,0.0466938337783337,0.147166696951566,0.000448950805541662
"spot_195",0.363495131037745,0.00816638236300604,0.00301012368318748,0.0524994593363437,0.044364392157194,0.000573920183199237,0.413284246369675,0.113995859867052,0.000610485002596923
"spot_196",0.137442888245464,0.0522015141886501,0.0325859023072137,0.115968051148526,0.0326055830961369,0.000671150996813433,0.517934108243785,0.110415014735272,0.000175787038139206
"spot_197",0.0383879582918117,0.0943832498996641,0.374975315764142,0.124546862622182,0.0695152651026195,0.000247813351730972,0.221417233353408,0.0762723828737127,0.000253918740728869
"spot_198",0.0169222898095222,0.0426212791207068,0.603743928223986,0.0130287059786368,0.0809425625224083,1.58008965248827e-05,0.0530506154353203,0.189628927307883,4.58907050117354e-05
"spot_199",0.040433243129698,0.0422357075644126,0.548848961614383,0.0434934222426738,0.0841172410864652,0.000294500399943231,0.0686106619234001,0.171270885958067,0.000695376080957195
"spot_200",0.0323160932118578,0.0292920552670412,0.608457462972039,0.0124782862043155,0.0910060209359978,0.000867316217312292,0.0626633799603358,0.161245581693499,0.00167380353760134
"spot_201",0.0181700908685507,0.0287912834542882,0.567947174744374,0.0565943353557751,0.0857146493570921,0.000546738746475725,0.144985326543529,0.096678812976538,0.000571587953377704
"spot_202",0.0628781988862366,0.108485132361142,0.518936751202503,0.0408503303414585,0.0556073614460317,0.000215711498073486,0.130740271471663,0.0822008613765108,8.5381416380761e-05
"spot_203",0.00785286546244415,0.00935442457943748,0.556117054837228,0.114715199576416,0.0694056310511262,0.00374391544627992,0.0542207397433408,0.183620611969629,0.0009695573340987
"spot_204",0.120248690477101,0.130184140705787,0.446877350559098,0.105328872689956,0.0589850505326608,0.000941901227936886,0.0654912186554898,0.0718913675337681,5.14076182017578e-05
"spot_205",0.0414338553838255,0.043888128661889,0.547678929972825,0.0684568674740249,0.070064441853229,0.000388873853790907,0.117665551763792,0.109938126765618,0.00048522427100678
"spot_206",0.0662832615113993,0.0437945676075857,0.636994525146074,0.0194738926931026,0.0967140229016692,2.18032963514309e-05,0.00683170211864015,0.129737801914474,0.000148422810702856
"spot_207",0.0430472235942374,0.128397630344932,0.510256667878073,0.0411449002886766,0.073739476852424,0.000202203224222395,0.0631000521822591,0.139927698000355,0.000184147634820346
"spot_208",0.0799540365739401,0.066310124812208,0.523937551056174,0.0443211586074309,0.0981174704781061,0.000538614378905191,0.067693603707887,0.119032978851827,9.44615335216248e-05
"spot_209",0.0276071905213037,0.0146356308223723,0.669529041057622,0.0220866300626048,0.0877426139822101,4.34222747095771e-05,0.106498244934111,0.0714413202626069,0.000415906082458861
"spot_210",0.380375582367226,0.0321803802223871,0.290859260808521,0.0245579913286211,0.055188599018541,0.000771084885556262,0.0411071579668998,0.174353282069317,0.00060666133293106
"spot_211",0.0470689590693153,0.077345091336619,0.570445307756149,0.0866635096664923,0.0696313840195945,0.000111282484559213,0.0982501793462124,0.0504323144557952,5.19718652633445e-05
"spot_212",0.0441640663493274,0.0385095179943047,0.30719458007373,0.0428612117939872,0.191627526821485,0.124586468861084,0.153858705293672,0.0730519867305921,0.0241459360818183
"spot_213",0.0300309927492282,0.00034431329086155,6.77074015173744e-05,0.460671847977928,0.04450030362096,0.00270828750434855,0.233130294751287,0.197157301386713,0.0313889513171562
"spot_214",0.00779124296778632,0.00763834567882114,0.052627014327092,0.591614826050859,0.0386482733694912,0.00488318745628727,0.161455868281452,0.094997990209979,0.040343251658232
"spot_215",0.238082651459765,0.0126490548321651,0.0526266871383065,0.104244614345968,0.195070982397098,0.0943078243967814,0.1866077480008,0.0920063078456099,0.0244041295835055
"spot_216",0.762760246830668,0.00900855711084895,0.00870942603269986,0.0126841168209314,0.0472831824090295,0.00368329452165678,0.0762909473824925,0.0752212855195438,0.00435894337212908
"spot_217",0.262701178810907,0.012705256734826,0.00443364001227664,0.0944798091705703,0.0942551800054896,0.0176946680577199,0.449409039119749,0.061279331513561,0.00304189657490001
"spot_218",0.000909030809344306,0.00688626269192979,0.000968745100136397,0.143110179628498,0.0311492183162808,0.00426993081472316,0.71097748898141,0.101591429659784,0.000137713997892689
"spot_219",0.34673250037753,0.0619159129794258,0.0111448480162385,0.0520863559299054,0.0318418439262639,0.0024566691830374,0.420088711043103,0.0730425123094249,0.000690646235070849
"spot_220",0.178940605015855,0.362848816037029,0.0987570652909854,0.0488937783839685,0.0593687620367982,0.00460712350506239,0.0709827669340088,0.175000894144982,0.000600188651310619
"spot_221",0.109219364546693,0.446605491642651,0.0476550599969286,0.0615757092170762,0.0608212678363811,0.000190977217326947,0.0587332068721021,0.215191911537823,7.0111330181741e-06
"spot_222",0.177908151543428,0.384052031488463,0.0552594653207714,0.175770620882439,0.0433017956162452,0.000514152541687715,0.0845680903456829,0.0782731978392874,0.000352494421994041
"spot_223",0.391309361113756,0.244697616241516,0.0436789818980148,0.062275988292764,0.0580025334656459,0.000315472192003981,0.0486664352313216,0.15096119611899,9.2415445988108e-05
"spot_224",0.458183564729921,0.257289562911176,0.0598054999050173,0.0114141672291233,0.00687670037046444,0.0160236823311724,0.0864338880774075,0.101928605849982,0.00204432859573616
"spot_225",0.41255669114807,0.291459480295273,0.0295951418635641,0.0229779953050952,0.0474414968032051,0.00183187655702659,0.0385892192288363,0.155337017919517,0.000211080879412609
"spot_226",0.35158753459476,0.204771640329809,0.020567884023011,0.069666957961415,0.0567220441700119,0.000851462610625862,0.16829569597951,0.126973157924639,0.000563622406218862
"spot_227",0.169375328635363,0.00489741263998873,0.00569278454057716,0.0934605075289961,0.0265080677619601,0.00267020178175353,0.604188806349681,0.0900040040584918,0.00320288670318901
"spot_228",0.056758059866884,0.0344842202086347,0.533746145007118,0.0687403653833812,0.0741294600419335,0.000717309908340543,0.0529096043576336,0.175268278913048,0.00324655631302671
"spot_229",0.0564980773192882,0.0416306486370729,0.551167088695881,0.0564081451901855,0.0799989153095807,0.00201681303310116,0.0502858300109766,0.161439931220454,0.000554550583459328
"spot_230",0.0335481750699567,0.0380552635477914,0.620789493910781,0.0670358538575155,0.0533162353813185,0.00243588123594117,0.0875721516308207,0.0967165434067815,0.000530401959093981
"spot_231",0.0583414967961126,0.134313214592194,0.509679970728812,0.108358221939838,0.048349326902532,4.12568971858137e-05,0.0894008381409723,0.0515031814567958,1.24925455569305e-05
"spot_232",0.013957483421761,0.00944083958720928,0.621183647962865,0.0107487194543672,0.0813386238734938,0.000316375425000353,0.0228709880276471,0.240039628068111,0.000103694179545907
"spot_233",0.030259281017512,0.0518468181960167,0.551460901872386,0.0740091631253105,0.067994534565371,0.000994840293616297,0.0522139335237473,0.170960745801326,0.00025978160471428
"spot_234",0.0610294500798292,0.219575013899901,0.553729782156895,0.0754471552081438,0.0188297889859391,2.77598868045833e-05,0.0335446826950716,0.0378016906495632,1.46764378523692e-05
"spot_235",0.134323828447933,0.0437778712407115,0.447239462342386,0.0433742192198993,0.102100112680545,0.00123138056278391,0.107389700917555,0.119974081119077,0.000589343469109261
"spot_236",0.0395392402374155,0.0734911303791152,0.525913820404496,0.0735170185644235,0.0692278297407043,0.00252875942755352,0.0650649077325945,0.15028527866136,0.000432014852337921
"spot_237",0.083947304566449,0.150419287777478,0.444582377171595,0.122596724944354,0.0702348110142586,0.000252163093150198,0.0868025166572217,0.0410456495882979,0.000119165187195205
"spot_238",0.0484988087874956,0.0706432489907668,0.568846264713047,0.0283786330167708,0.0542604300697191,7.07936893405112e-05,0.130711014596423,0.098546046202946,4.47599334904625e-05
"spot_239",0.0246992496980436,0.0559925179961325,0.54849156771073,0.0882466865587391,0.0795025218203051,0.00104871535472999,0.0908606161222588,0.110932200252928,0.000225924486132188
"spot_240",0.0284266870868827,0.0653971359460676,0.550959040118467,0.0378184526779088,0.045174609365604,0.000224315720443142,0.0866827823224795,0.18498960469305,0.000327372069097218
"spot_241",0.0243210574135619,0.0416586979339173,0.551426666921203,0.0444315256174537,0.0911767527101476,0.00136839319125275,0.0937498573192131,0.15048506158231,0.00138198731093986
"spot_242",0.00691341011327427,0.0118842502195375,0.598910111868879,0.0105239293134135,0.163112764159796,0.0024274695829188,0.00570320277199102,0.200456765468053,6.80965021363826e-05
"spot_243",0.0212049165896076,0.0274336775057581,0.361770732248657,0.293707114322412,0.0712663937587544,0.00425573066187734,0.0769215580727055,0.141122294781241,0.00231758205898761
"spot_244",0.0798793264498568,0.0156563810451525,0.0208856557561951,0.657645564680931,0.0067527827349854,0.0029034555586342,0.165989283617035,0.0329494450675772,0.0173381050896335
"spot_245",0.0199094651834276,0.00416835557925873,0.0203683345409881,0.253569393303108,0.432119403972215,0.000896105066148434,0.223453331645928,0.0298262100669107,0.015689400642016
"spot_246",0.18627862486535,0.0239050593688319,0.109829245588761,0.0884411238197104,0.380156798271281,0.000729957511734361,0.152953421873476,0.0469355452946124,0.0107702234062431
"spot_247",0.790260845258992,0.00897138749590388,0.00446477144581984,0.0156432695453588,0.0270698614295666,0.000923704498394461,0.0743575268821982,0.0778165570781463,0.00049207636562019
"spot_248",0.540083888542148,0.00727495693947016,0.00204882665984902,0.0724967196274758,0.0898527092480038,0.0126732270584533,0.188012015391935,0.0782845791596839,0.00927307737298076
"spot_249",0.0343298104573112,0.00395836167872341,0.00113210761172738,0.133053386202124,0.00497723448795183,0.00168628979818962,0.730378513556727,0.0887549961329218,0.00172930007432428
"spot_250",0.363114871840386,0.322864773805387,0.0735157749311016,0.0208905707112491,0.0357672599259583,0.000818925328311959,0.0617544197913425,0.120928190238303,0.000345213427960586
"spot_251",0.192750644152409,0.424850042410874,0.0507207770375114,0.0699133102117298,0.0507861655184847,0.00250046713722285,0.0362281139729456,0.1715130832569,0.000737396301923121
"spot_252",0.196964704516488,0.420600706022133,0.0870734307737286,0.0486948729640279,0.0333596867482362,0.000590007231769027,0.0527382189397778,0.159457310824962,0.000521061978877606
"spot_253",0.177299059825429,0.422486509372511,0.142503137646453,0.0102121718069555,0.0274876860584182,0.000101854487959141,0.0556797154624067,0.164206928979556,2.29363603114986e-05
"spot_254",0.100153649489117,0.43989418667589,0.0791339147607497,0.0493448553909334,0.120289488090629,0.00597521598371237,0.0429228273472774,0.150153363247981,0.0121324990137102
"spot_255",0.0948381759335864,0.444055832898077,0.0888016578259761,0.0558936322285049,0.0684190420683927,0.000392530653205453,0.073134926718861,0.173846907301985,0.000617294371411178
"spot_256",0.128283902684039,0.419610750547435,0.11836061363299,0.0362853359835632,0.0476480521027221,0.00178957197144845,0.0636661833136427,0.18424431449828,0.000111275265880015
"spot_257",0.362238405846538,0.357763159214394,0.0654428192928169,0.00923712670775532,0.03823836991258,0.000525417967312835,0.0339337908628958,0.132530109947586,9.08002481211723e-05
"spot_258",0.33919250151548,0.0105530060056854,0.00397038542979491,0.0492599649597374,0.0409976050527492,0.00176867429067816,0.470760203582522,0.0829051441523118,0.000592515011041185
"spot_259",0.0429944191583563,0.0404398457302439,0.529298406471155,0.0460478902972592,0.0978752588689314,0.000655212817002008,0.0404407734484499,0.201890064042579,0.000358129166023388
"spot_260",0.0343851364840121,0.0434612469904466,0.54176782017281,0.0685113769503962,0.0738917307282973,0.0021996410176652,0.0758118818835132,0.153243281879569,0.00672788389329029
"spot_261",0.058834200976902,0.136975340518073,0.488739394806868,0.0313910242567728,0.0812427486817615,8.24676157469511e-06,0.169495347959983,0.033216438677489,9.72573605760602e-05
"spot_262",0.0508378133057198,0.0663129774885558,0.498606301711144,0.0536388242875513,0.0771426094097216,0.000853677016836926,0.115268248963049,0.136108263182517,0.00123128463490451
"spot_263",0.0278192057775188,0.0507284504673885,0.497062492246952,0.0496842826515201,0.100991528774673,0.000642352268495363,0.0993619214893657,0.172312692415613,0.00139707390847373
"spot_264",0.043173544287627,0.0891735805249792,0.574904875407453,0.0497488696821162,0.078524126218617,8.52685340608591e-05,0.0800836783212308,0.084229577420963,7.64796029529153e-05
"spot_265",0.0126130868086639,0.018282876628413,0.622001347296859,0.0571242554231694,0.0507974478311884,0.000260930234262723,0.11186696407778,0.126820759027103,0.000232332672560682
"spot_266",0.0463733346453505,0.0613248872311684,0.561597261275192,0.0147275554558871,0.0676653561855854,0.00108162730031147,0.0571799715872402,0.189548782788199,0.000501223531066185
"spot_267",0.027829267178464,0.0509866202081829,0.551558850617385,0.0800257264248404,0.0866320046092623,0.000699898758425619,0.0869961450424457,0.114597355966759,0.000674131194234469
"spot_268",0.160308758680373,0.0493799787982287,0.439169157619983,0.0870341012418072,0.0637796887447894,0.000205620159693818,0.125925811834989,0.0740870024729669,0.000109880447168781
"spot_269",0.0390289815097769,0.0677369265133126,0.542034367300054,0.0786224529690067,0.0637417500615289,0.000167074957132785,0.0531379422484895,0.155500007073747,3.04973669515434e-05
"spot_270",0.0564798857421097,0.116509353470887,0.492142506957137,0.031704927366024,0.102222593358574,0.000382111036699031,0.155697617366486,0.0444039075481656,0.000457097153917242
"spot_271",0.0832767207992023,0.117625202908434,0.498387835563535,0.0721252729140672,0.0612217305091301,0.00275891573905294,0.0865268524035822,0.0767529981369112,0.00132447102608537
"spot_272",0.0782341131879859,0.0682641238538363,0.555026073904704,0.0195728760549192,0.0774813297453695,0.000112994116385353,0.122029417583351,0.0769183620288312,0.00236070952461807
"spot_273",0.0755254404219666,0.0660794376612504,0.546850429204397,0.0454680188555526,0.0839248785084791,0.0047896200211711,0.076398056299953,0.0967024052151951,0.00426171381203493
"spot_274",0.0259915495681754,0.000325791737415884,0.000336060590899702,0.84462730971596,0.0230471595809887,0.00103216794869688,0.0732575241975345,0.00357887177675683,0.0278035648835717
"spot_275",0.0149901730715535,0.0102862829871207,0.0544299998214471,0.397262321665097,0.0476388029921709,0.0031525637266481,0.000770474847900709,0.445772170926504,0.0256972099615588
"spot_276",0.0253898099947714,0.00108472310929406,0.0709721614670539,0.0797249729848159,0.741168988821705,0.000379936872611086,0.015220937065013,0.0474177674532088,0.0186407022315274
"spot_277",0.0234351258477708,0.00420902685766091,0.0151266403657606,0.127937571633427,0.716595181276798,0.0016163725242799,0.0492874524629638,0.00956577443406229,0.0522268545972771
"spot_278",0.583205002906953,0.0112287036545841,0.00846391753346145,0.0101220912213539,0.0438885132324429,0.000103207706172263,0.275727558831195,0.0671730917868794,8.79131269579747e-05
"spot_279",0.661655165543279,0.00861654053212431,0.00518504502348551,0.0908742537081002,0.0618407940867083,0.0127563435562271,0.127478698518062,0.0286931905614472,0.00289996847056727
"spot_280",0.208961268347076,0.00936499991079212,0.00778304553380502,0.0849632756729104,0.0197103545391853,0.000373697460808206,0.593967213713258,0.0747704121687114,0.000105732653454152
"spot_281",0.257437049026653,0.365735175712096,0.0687105253590862,0.0628634044753214,0.0561078747201186,0.000863906439050384,0.0775384647288318,0.110294095096636,0.000449504442206255
"spot_282",0.0413226860936163,0.611267740725138,0.0904401310690185,0.0303259080967625,0.0220912730029486,0.000111002312224467,0.0580894685967454,0.146307664182744,4.41259208014065e-05
"spot_283",0.48654359892255,0.172298717756077,0.0147368698576954,0.0732140071248645,0.0516426388911937,0.00121366313377811,0.0877564729031048,0.111617729927493,0.000976301483243921
"spot_284",0.09987646885588,0.469683798068991,0.114039799696512,0.0507585052225505,0.0493932124021772,0.00131676782492562,0.0586654088912993,0.156067452016687,0.000198587020976944
"spot_285",0.111812032900972,0.415799174122412,0.0891499862494517,0.0414663941654918,0.131636414612669,0.00916254400998094,0.0470068230209543,0.132474031307689,0.0214925996103797
"spot_286",0.404942848866831,0.265780983511132,0.0468821234660062,0.031528663250315,0.0451674532348336,0.000727352698009457,0.0698712966187489,0.13462533824847,0.000473940105654568
"spot_287",0.184774699608809,0.411091327233002,0.0880861112865366,0.0389456165952674,0.06830094723277,0.000742178721226817,0.0605380378467179,0.147242273022295,0.000278808453375584
"spot_288",0.123182042716494,0.464457723677888,0.102443788282309,0.0312361368462849,0.0493872492747041,0.000235537344970668,0.110378852759441,0.118596646866264,8.20222316442729e-05
"spot_289",0.0284763706225871,0.0641777092416361,0.024214422012103,0.147856979614128,0.00811241988563139,0.00263414159696423,0.638847170609122,0.0853478413284528,0.000332945089375147
"spot_290",0.0409000617635646,0.0776359118163169,0.171971978336033,0.071543831163605,0.0496650830082436,0.00182501249301407,0.405556556890195,0.18044550581765,0.000456058711376657
"spot_291",0.104231061786487,0.0458192136281835,0.476596668422756,0.0707215850298741,0.0876156498749756,0.00109779913911983,0.121529111020506,0.0909273973492074,0.00146151374889019
"spot_292",0.0376279895424504,0.038997744362295,0.519468717474088,0.0528216713932889,0.0772874687619127,0.00185634098022861,0.115460566032723,0.15579674463009,0.000682756822923879
"spot_293",0.0159976617335463,0.0811862069168422,0.567308396091751,0.0281489800739622,0.0478824817165857,0.00191225168035792,0.0965480930467731,0.160803461054957,0.000212467685224959
"spot_294",0.019629255274567,0.0612687010983697,0.58164356646223,0.0357921627719385,0.0668136506704878,0.000248789387916385,0.0826055521592183,0.151002446894173,0.000995875281098838
"spot_295",0.013464266714692,0.0774883929289261,0.436094394235764,0.301450713628226,0.0176433134715822,0.00183266777961149,0.018249079744032,0.133764723458683,1.24480384838236e-05
"spot_296",0.0586423512735172,0.111224054201626,0.520914689844804,0.065777205724314,0.0619529494613719,1.79971963026579e-05,0.125854611530818,0.0555966026090157,1.95381582299336e-05
"spot_297",0.0439253515691476,0.0846462800029268,0.520294079306278,0.0809801959631676,0.0676133501437802,0.000175206764821397,0.0686338561926433,0.133532387207292,0.000199292849943672
"spot_298",0.0382862140797333,0.05452315632055,0.561579120661045,0.123376246426773,0.0415021265640006,0.00261573982475968,0.0741748022653849,0.103306159402434,0.000636434455319856
"spot_299",0.0520105545440102,0.0705895873958016,0.519610430185704,0.0265267157728878,0.075389027306179,0.00028841755087068,0.105227396652712,0.150000247098711,0.00035762349312368
"spot_300",0.0555900411301806,0.0544584877269429,0.551820533414673,0.0770462785830573,0.0532406521607966,0.000225798732305843,0.111086879082578,0.0964066065319609,0.000124722637505114
"spot_301",0.0400695487880797,0.039476737983319,0.561235665801828,0.0348615471693724,0.0829125108136712,0.0108719558742408,0.033115058586552,0.180789356086035,0.0166676188969012
"spot_302",0.0280313190055892,0.0403163973293519,0.585413374790938,0.0415965433992921,0.0612908434810085,0.000144853005199897,0.071578444899012,0.171585658157936,4.25659316726041e-05
"spot_303",0.0465692026456243,0.0852950902104706,0.504813453779973,0.067955435477616,0.0823037839733101,0.00193538934690524,0.0649055282518534,0.145764076703028,0.000458039611219333
"spot_304",0.0677993171514268,0.0352351031878573,0.13526313007801,0.0618715065857329,0.0660553095914732,0.000197134161405902,0.0516409585442765,0.581634415042866,0.000303125656952146
"spot_305",0.0367032702393972,0.00331507580847488,0.0122602028581933,0.115616275298605,0.164253172256857,0.00434748395860699,0.240554097994122,0.384232277811342,0.0387181437744018
"spot_306",0.010329631777251,0.0010122506619594,0.000186695206309467,0.0406330396955693,0.389284132782706,0.000150738702850586,0.294201431799425,0.249458940895935,0.0147431384779932
"spot_307",0.113074070744441,0.0116622884392723,0.0362181241151903,0.00179806530862183,0.0931637570570538,0.0361140917772849,0.00385163889689238,0.698373439717664,0.00574452394357944
"spot_308",0.0353613199605643,0.0063251186717539,0.00882158832412466,0.0413748220686436,0.322566602219728,0.00309386504891223,0.104317848855069,0.449991041753835,0.0281477930973691
"spot_309",0.22283685132186,0.0091771899687596,0.0115697867957143,0.0694990222574125,0.322503724538394,0.0140752147359627,0.229768090235575,0.114763406054414,0.00580671409190854
"spot_310",0.644743949818072,0.00772000378261534,0.00340661812092038,0.0169225292323577,0.0450613925278037,0.00102942826028539,0.187830629163877,0.092127144790761,0.00115830430330738
"spot_311",0.00584527684805102,0.00155998392966313,0.00159177501299189,0.0517289180688344,0.00170420457740336,0.000230752364396666,0.875536318342658,0.0617783550921827,2.44157638192402e-05
"spot_312",0.226632177135659,0.362155225723005,0.104518392513851,0.0644382023331261,0.0297704557578658,0.000324248522929932,0.0543734996153372,0.157676561589825,0.000111236808401355
"spot_313",0.225126801501107,0.384513249611354,0.0691134071931293,0.097472328424367,0.0367988111797924,0.000443893715333616,0.0767338443552274,0.109674594323922,0.000123069695767472
"spot_314",0.201591471300519,0.426793427285888,0.0926552825260245,0.0582900662282215,0.0387981865664141,0.00111683672458306,0.0456567162555111,0.134811129226369,0.000286883886470068
"spot_315",0.354873309741768,0.304775970983099,0.0570741209004557,0.0410923195158225,0.0623847491375296,0.00236128381695735,0.101201775033898,0.0753845970323324,0.000851873838136576
"spot_316",0.232455126523808,0.30911847531215,0.0433324436282775,0.0428945904703069,0.145539655487409,0.00363529428876146,0.0750039189768708,0.107207009072784,0.0408134862396335
"spot_317",0.0566970208924155,0.530146921054546,0.103290406343337,0.0343522755918999,0.0633684040907016,0.00046357339513348,0.0255345140289051,0.185754755014949,0.000392129588112919
"spot_318",0.308588740309984,0.345270987840418,0.0366742455029475,0.0550499180754251,0.0608718851937768,0.00165102042430921,0.0784528344501501,0.112973407301066,0.000466960901923355
"spot_319",0.146440411988186,0.295979512393295,0.136740532227384,0.0909062019929059,0.0704554715928827,0.00453633470251049,0.0706298306640667,0.183543530077706,0.000768174361062678
"spot_320",0.0289272098935083,0.0497551499502794,0.0216528439966765,0.128865449559649,0.0897025732677598,0.00550133402491376,0.581287247899677,0.0802800307128916,0.0140281606946453
"spot_321",0.100155820013004,0.00313179950986679,0.00442395129573869,0.158802702191512,0.0243245000569751,0.00058438921042932,0.639709840880518,0.068107350717744,0.000759646124212337
"spot_322",0.0692673488316239,0.0952607582793095,0.327432381510519,0.0740954726909298,0.0879850535066691,0.000315871477699386,0.288419045628708,0.0571711838355577,5.28842389835184e-05
"spot_323",0.0179895150585083,0.0566045187679215,0.618072866112512,0.0140186705594249,0.0454266674451448,0.00103467506120873,0.122546151076279,0.124173594803522,0.000133341115478988
"spot_324",0.0860576115057367,0.111130487845826,0.442513488129864,0.0565283976630605,0.124986206899834,0.000126996401577618,0.161892322901247,0.0167365988167128,2.78898361418539e-05
"spot_325",0.032983972622722,0.0269661344337724,0.602637598027161,0.0303980541674245,0.0484103294775986,0.000424756482362728,0.113643841696152,0.143651059739439,0.000884253353367795
"spot_326",0.0264003057404967,0.0944654106824844,0.542027017954301,0.041725644398895,0.0988608100272075,0.000505617882920874,0.0804502920629747,0.115276726381729,0.000288174868990607
"spot_327",0.0397274336379235,0.0725073890726502,0.525252635502296,0.0427537881420849,0.105433267314198,0.000455485888275274,0.0347211300731982,0.178082983801844,0.00106588656753002
"spot_328",0.259591121240436,0.0558244484488807,0.363901363872242,0.0494963207942849,0.0610153884321082,0.000964427792158405,0.0741322204867774,0.134986649281021,8.80596520915684e-05
"spot_329",0.0345851367891578,0.104088465263479,0.519260686559422,0.0525176221566621,0.100551560602283,0.000221074138959026,0.108268143604401,0.07969726188784,0.000810048997796025
"spot_330",0.0466205158881123,0.060831440853319,0.543000560315171,0.0704166177966803,0.068531421290191,0.000469387539561789,0.0749130105140753,0.1344940388099,0.000723006992989073
"spot_331",0.069545952757211,0.0997926794791831,0.528202334588251,0.0879291247991955,0.0525695734589772,6.9134408020668e-05,0.139851766245969,0.0220282018489138,1.12324142790255e-05
"spot_332",0.0766684206813444,0.0889860576078084,0.523962112834617,0.0702746745476506,0.0449732569732839,0.000540328261593568,0.0781282252335408,0.116381286585112,8.56372750492743e-05
"spot_333",0.0323590654362092,0.0640883641453688,0.578894813976997,0.0301131944575033,0.0575156829905695,0.0017801624815595,0.0349325585731334,0.199912532699746,0.000403625238913177
"spot_334",0.0726344996387341,0.0792085661272492,0.479544782656595,0.0265261776947049,0.0954411150837974,0.000112018887146043,0.113246520784517,0.133258726891021,2.75922362352951e-05
"spot_335",0.0239231794939851,0.0181874362829487,0.0515370746734939,0.0268483335963733,0.149524848951327,0.00118983799171606,0.00623090510023512,0.717091937774971,0.00546644613494906
"spot_336",0.0420599673333142,0.00700517925815806,0.00823573163417311,0.0104206299330836,0.128865413872794,0.00141301660449743,0.0115777641779481,0.781458027206094,0.00896426997993783
"spot_337",0.0567839785995898,0.00505320073570413,0.0109182530814688,0.0795918722148552,0.00638319379613109,0.00597169253121545,0.0205729182037833,0.804554792262017,0.0101700985752355
"spot_338",0.107658122230314,0.00295832475537044,0.00720195161586948,0.0627116766379034,0.247388178470181,0.00270364317584105,0.068106066024059,0.48332330834212,0.0179487287483421
"spot_339",0.0447488687186932,0.0137591986162295,0.0167345385768656,0.0192972488772461,0.115602925166341,0.000413947563410455,0.222255748798546,0.561963419244035,0.00522410443863339
"spot_340",0.0053431945284102,0.00955746785375828,0.088374822670436,0.000810408910745335,0.0106762866297244,0.000959815691246865,0.000528721696088106,0.881522284618634,0.00222699740095704
"spot_341",0.0382216900582246,0.000702790229184494,2.30613704951861e-05,0.0275007499700123,0.234925062606589,0.0013516505024993,0.296389089102252,0.377639646444655,0.0232462597160877
"spot_342",0.264522903064948,0.0345997611320856,0.00563152176787222,0.0403223564713099,0.0393580182294969,0.00125959642396123,0.536181503578499,0.0770651654300353,0.00105917390179109
"spot_343",0.237740988121011,0.384214410012966,0.0809631243963564,0.0429255716909637,0.0357606309085184,0.00100245349513111,0.0338656471094077,0.183322227646859,0.000204946618787794
"spot_344",0.0858323148877663,0.461952234676764,0.115422077758741,0.0543269836750301,0.0303027253545166,0.000366969740932399,0.028307184001106,0.223477982540781,1.1527364362464e-05
"spot_345",0.111967359090817,0.501875222688295,0.0921293518234949,0.0380115097905158,0.0382781823270344,0.000913309524790097,0.0581925955025166,0.158390336582779,0.000242132669757905
"spot_346",0.410486457934157,0.273730103354661,0.0339025928309734,0.0232200123071797,0.0547794230431098,0.00192664320968944,0.0581854478407358,0.142515756596372,0.00125356288312221
"spot_347",0.153303227226359,0.427010345279979,0.0775953108947285,0.0785575589560272,0.0545342355228802,0.00019505205858889,0.0580242710581038,0.150732107893336,4.78911099975621e-05
"spot_348",0.111926525312858,0.482993216724683,0.108785576458062,0.023031696732831,0.0460433779265554,0.000235101799747822,0.0387749391673995,0.188108030347187,0.000101535530677094
"spot_349",0.242780194231698,0.372551641543925,0.0692818366168618,0.068043102352273,0.0414865787973238,0.000315730482987671,0.0539724375244195,0.151360623473555,0.000207854976957017
"spot_350",0.0900912369405255,0.448869832017241,0.0964802945191232,0.0394701140841521,0.0938747933037413,0.000385301673072726,0.0256652099572719,0.204873208080545,0.000290009424327354
"spot_351",0.0277090029102526,0.00446687990134995,0.00306701037384633,0.137698696446836,0.0134500918852356,0.000301570765134647,0.759555432307679,0.0535981911769214,0.000153124232744256
"spot_352",0.121632449733905,0.00684655619459381,0.00940357441512262,0.113744628936553,0.0138646838317685,0.00289141694844638,0.674838930567305,0.0507329657292068,0.00604479364309899
"spot_353",0.0322611791460321,0.0290804381270125,0.0253014037358952,0.0573596023008658,0.00640423231459325,0.000543225367181513,0.780017853008428,0.0689768132308102,5.52527691817356e-05
"spot_354",0.0163601706234249,0.0153637420109951,0.426617827047469,0.0316711147863995,0.0142974092410761,4.30190665931514e-05,0.395346895114752,0.100198233754409,0.00010158835488249
"spot_355",0.0416651557889469,0.0783808117200753,0.498059493387236,0.0567197110855239,0.0794768000081369,0.000198993447094837,0.0616387002896106,0.183661746680391,0.000198587592984062
"spot_356",0.0283711473931166,0.054337626587153,0.555819262027849,0.0549410961894843,0.0597764621871514,0.000206620506156352,0.0481813478640863,0.198150066889219,0.000216370355783935
"spot_357",0.0361566097922402,0.0798475169281467,0.59234572876797,0.0305085423105042,0.0566288616921309,0.000202783899654589,0.112521380072868,0.0916858668033867,0.000102709733099085
"spot_358",0.0875127414415461,0.125164314854536,0.411264770551041,0.133015254529015,0.0732125364982258,0.000871291887882985,0.113191773390591,0.0554512543048326,0.000316062542329867
"spot_359",0.0338025766740267,0.0533272530788136,0.582555522525955,0.0382894750067263,0.0694096242080793,0.00157535643116964,0.0886811611706053,0.132180178102841,0.000178852801782966
"spot_360",0.0346755020056606,0.034129519363937,0.629669358708739,0.022948664240806,0.0548532541088536,4.95929948303478e-05,0.123826371698991,0.0995983611023867,0.000249375775795557
"spot_361",0.0470391843220897,0.167455380794267,0.4543752954494,0.0704159457494851,0.0739166847013467,1.65534972853524e-05,0.110316849878039,0.0763857571566794,7.83484514068811e-05
"spot_362",0.0391736659889952,0.125425946982291,0.574145319473175,0.0619154516618683,0.059013248511736,0.00113564943509612,0.0265476137853124,0.112573230785349,6.98733761770885e-05
"spot_363",0.0488523761664786,0.0595989758915902,0.54848630280126,0.021111844287898,0.100930712916125,0.000448050506221929,0.0291196445582643,0.191325980328117,0.000126112544044134
"spot_364",0.0745138740262847,0.0367561335940389,0.244836378255684,0.0582268909185839,0.2260806259898,0.000813474747824518,0.19928187672711,0.136567209856325,0.0229235358843498
"spot_365",0.0181204527251288,0.0101529172484305,0.0574755432712055,0.00787590161017921,0.263035901063475,0.000617450931631547,0.00269274679003061,0.6128760687763,0.0271530175836184
"spot_366",0.067421465205681,0.0142685322715017,0.0516343361828218,0.00231189075106038,0.0387689482981333,0.00139072997834586,0.00498065113993672,0.817923285930441,0.00130016024207824
"spot_367",0.0774966562688564,0.00828632544479536,0.0186761526305661,0.00261246170591901,0.0356611889352848,0.0018163406924852,0.0463410868209118,0.797188042729857,0.0119217447713245
"spot_368",0.00418065764469171,0.0299843819227547,0.107675140544102,1.65971599523752e-05,0.0129016286534258,0.000109468060619324,3.14159255097241e-07,0.844920879193007,0.000210932662192541
"spot_369",0.104991189946906,0.00640734031545911,0.0204502030394136,0.0194416266448278,0.254604381017423,0.000577894544984654,0.0144150788649393,0.567270509131337,0.0118417764947094
"spot_370",0.0295592273321931,0.0141564359296197,0.0516832699033008,0.0225571089638442,0.125411837187295,0.00266169108736145,0.0108186039810859,0.730319142671882,0.0128326829434176
"spot_371",0.0396263169673271,0.00087222496657254,6.88713049003277e-06,0.0394497447725504,0.0380909387179104,0.000613961749191573,0.278604568172716,0.60014048797774,0.0025948695455019
"spot_372",0.00381648845801237,0.0121009580241906,0.142658146655139,4.27684284115851e-05,0.00277702926075732,0.000416165402227128,1.89380848660127e-06,0.837497656590687,0.000688893372087592
"spot_373",0.175459266876193,0.00857680288429644,0.00375431198586547,0.0450844727077576,0.0305718742382382,0.00202364376009826,0.667751052007942,0.0654276911002317,0.00135088443937748
"spot_374",0.2668677268758,0.384334552159555,0.0200144924364719,0.0480526910181748,0.0544225081659656,0.00362685543854403,0.0571955112538131,0.164344017642056,0.00114164500961949
"spot_375",0.0797813724096552,0.512779547439293,0.120359700229275,0.00961897973039861,0.0354370294749162,0.00117975878326228,0.0659440585669811,0.17390076185403,0.000998791512189471
"spot_376",0.538912582602734,0.180542298837306,0.0227324177642219,0.0182931809928515,0.0248851626766257,0.00394271232226532,0.110752206783642,0.0991566263911152,0.000782811629238601
"spot_377",0.356472755531167,0.174274100492106,0.0475350288671956,0.0637727630283387,0.151332731449399,0.00368079200837277,0.0441980652508267,0.150245660000661,0.00848810337193301
"spot_378",0.271181271831211,0.313491704884697,0.0395896923091806,0.0787901373011977,0.0675823468402224,0.0015715338724787,0.0852185612673928,0.142425383129638,0.000149368563982187
"spot_379",0.363772314851001,0.286225185393651,0.0596685213119619,0.0328017021719811,0.0536610894567648,0.000201349187711642,0.0577712787169383,0.145774959166195,0.000123599743795488
"spot_380",0.151046865852636,0.440098216034181,0.0596094843973366,0.0460779003375421,0.0649254991913705,0.000688611115445562,0.0441157912640172,0.1933470043147,9.06274927702761e-05
"spot_381",0.234880408792273,0.101817294485643,0.0273526889966181,0.0566401784960211,0.0310166569044729,0.00310901360950794,0.422212655814235,0.121179284676424,0.0017918182248046
"spot_382",0.0129561003948944,0.00883233961954249,0.00265046061042842,0.0875726162811091,0.0207025954536367,0.00415994216716686,0.76466355811225,0.0910918984337395,0.00737048892723229
"spot_383",0.00881767379998773,0.00279149608441464,0.00330411095338644,0.049765068255265,0.00147538901377503,0.000674298561398886,0.880060011950952,0.0530809948120775,3.09565687423718e-05
"spot_384",0.0572836174831969,0.0489778768928546,0.0637288805232055,0.0759657983044884,0.00500953683175617,0.000103304011897216,0.700894982723722,0.0480283115812181,7.69164766101313e-06
"spot_385",0.0161905478594422,0.00606217639471619,0.0416974506442307,0.12123404547258,0.0226850881918902,0.000922051863525465,0.721908487525563,0.0685274960543891,0.000772655993663172
"spot_386",0.045088218376682,0.00645168883792331,0.266114545023623,0.0729227807987155,0.000587777108050828,6.59408097905984e-05,0.561403821400393,0.0470993818256393,0.00026584581918315
"spot_387",0.0345159938851961,0.0204378489865534,0.610517797080674,0.0298508078577494,0.092072688295272,0.000332035926388949,0.0939691026365702,0.117740895228713,0.00056283010288297
"spot_388",0.133932429543394,0.0651484551088391,0.487862088974335,0.0229080755240768,0.0699694551105129,0.000788821049362662,0.0674481079307537,0.150580613821637,0.00136195293708885
"spot_389",0.145636312762482,0.0343183437761827,0.454705025646487,0.0566638443491476,0.0754914820958417,0.00143079983096876,0.0843080501084804,0.14553522409072,0.0019109173396891
"spot_390",0.0922554734879821,0.111281417550784,0.472033879235564,0.111782007919025,0.0456928701694705,0.000360394656930639,0.0689712603258595,0.0976117609525337,1.09357018503313e-05
"spot_391",0.0722064502275675,0.0652358772780498,0.506963409771194,0.0726372873389137,0.076391069319056,0.000479638024049793,0.100184594702985,0.105428534662776,0.00047313867540862
"spot_392",0.0262281442969169,0.0784591775082445,0.550012049020424,0.0400787403944297,0.115581634490884,0.000152724382843803,0.115563110290965,0.0737891096971696,0.000135309918122347
"spot_393",0.0487489166896324,0.085731901008423,0.472766431072593,0.0181750155930318,0.0581407437677234,0.00041997519063722,0.170486839921311,0.14545261544225,7.75613143978524e-05
"spot_394",0.0372944007671636,0.00096455943821739,0.00510615647309017,0.0588603145200555,0.726470495328146,0.00914261208988279,0.0396047849956962,0.0414655241086641,0.081091152279084
"spot_395",0.0616356003334762,0.00677361194287625,0.00960646690528429,0.0241410290670076,0.048577979757474,0.00267986416735181,0.0483156682084435,0.784251328528785,0.0140184510893015
"spot_396",0.0152995100447356,0.0132458381200059,0.0704939386217496,0.00265923622587191,0.00450305190758499,0.000362445411493205,0.0201444924551587,0.867639721825653,0.00565176538774729
"spot_397",0.0320760377753894,0.0128866319123011,0.0171203999138086,0.0203683149202236,0.134157468820902,0.00187214114100967,0.00687323380813528,0.771053823443623,0.00359194826460751
"spot_398",0.0310972505857927,0.011537130193182,0.078885313635912,0.00535878382420994,0.436033632725738,0.000901621378275906,3.87290847740975e-05,0.413135883353975,0.0230116552181399
"spot_399",0.0316704278496573,0.00211270853871288,1.37356754330687e-05,0.0397603412702117,0.0597610425522571,0.00110937861559009,0.171425019398659,0.691481096283565,0.00266624981591311
"spot_400",0.0419972579332128,0.0181705959901698,0.0592581594095888,0.00578791724336244,0.0160639370777602,0.0020468545355046,0.00277687537373837,0.850840893448944,0.00305750898771952
"spot_401",0.0151193949446038,0.0165544409046284,0.0280560737245105,0.0578490087019407,0.0136507177276586,0.00244364469672576,0.121631197099237,0.744011159345871,0.000684362854823873
"spot_402",0.0380871609548168,0.00501891035221551,0.0261289007731833,0.0198236921184857,0.11938632104605,0.00367696977580074,0.0213600674341908,0.744401009506866,0.022116968038391
"spot_403",0.0401444546129173,0.00923411604262415,0.000942023398498801,0.0115582620781622,0.154487611447754,0.000663402434334099,0.0549292332830396,0.72255831712039,0.00548257958227968
"spot_404",0.0428703988488564,0.0188524899970202,0.278026326008115,0.110236229933792,0.0821656889300773,0.0242049722587391,0.343306386256841,0.0810359860424737,0.0193015217240863
"spot_405",0.100695353411976,0.178707369182586,0.036738299286286,0.0129154057562037,0.0839655535783681,0.000250164602103251,0.415397214039022,0.1711713093415,0.000159330801955227
"spot_406",0.23691389866741,0.380969642034118,0.0857057696054928,0.0395704191986863,0.0687145562828581,0.00152851467008154,0.0434794506526866,0.142297384748452,0.000820364140214045
"spot_407",0.105401264063139,0.441638094974875,0.0842190977616636,0.0199395260297615,0.114881439412991,0.00556881323763036,0.0566623324220777,0.128002892267378,0.0436865398304844
"spot_408",0.444074412406475,0.29071472948059,0.0154086994953001,0.056176724331299,0.0456469494996805,0.00138163104538327,0.0451552373493142,0.099814058324404,0.00162755806755458
"spot_409",0.078916630046979,0.421072710331175,0.121279703281487,0.090775250849531,0.035787576349427,0.00302330801539631,0.0802128516704001,0.168916037535347,1.59319202565527e-05
"spot_410",0.0817283234546226,0.488897415406261,0.0860237881241627,0.0606179087881558,0.052612402592345,0.00142392517743189,0.0643726102591511,0.163439042649747,0.000884583548122941
"spot_411",0.0519897182846908,0.216331439349079,0.0780762005185396,0.0541177111116931,0.278290889805018,0.0174429858856935,0.0352970160646343,0.0893931972558961,0.179060841724756
"spot_412",0.39393438905155,0.195612571428571,0.0204926666235032,0.040593543614022,0.0417952677962381,0.000679052092531309,0.155327432943368,0.150058918008296,0.00150615844192094
"spot_413",0.322402295943312,0.00614118841464312,0.0024475674272515,0.096256076659916,0.133652539814713,0.000287787400884334,0.378859785119026,0.0587896932814412,0.00116306593881294
"spot_414",0.0337552058630756,0.0138285486577491,0.129357908613305,0.0884548609379862,0.0315283117509419,0.000494734038730139,0.588303984261074,0.113302394764281,0.000974051112856908
"spot_415",0.023623694051071,0.00276399226778594,0.00483857847329184,0.100022604918968,0.00456228203714292,0.000376102226359906,0.83195170591946,0.0316965091893793,0.000164530916541167
"spot_416",0.0120054291245746,0.0042190224352296,0.00313609379188004,0.106560623773962,0.0229646234157231,0.00105593115396184,0.794030123781191,0.0554747014949735,0.000553451028504507
"spot_417",0.0182659425685861,0.00874301362019842,0.0047667204122173,0.0775398172848327,0.00290652046092119,0.000854909831476644,0.825126006821281,0.0616838782482396,0.000113190752247067
"spot_418",0.140454891637632,0.0141381648793699,0.124090984407989,0.071779990130672,0.0326676116082699,0.00123272721073948,0.49533698189139,0.119629139387536,0.000669508846401972
"spot_419",0.0222589563392466,0.0402489533003849,0.205986244456471,0.119036655067482,0.0253460728774563,0.00207165246380022,0.445579191306551,0.137993514494385,0.00147875969422296
"spot_420",0.0106357433471604,0.00448446558912103,0.00451493767159192,0.0419171632632964,0.0125623410880315,0.000263355007080531,0.835225262858055,0.090330357394951,6.63737807122446e-05
"spot_421",0.0203765400413471,0.011170548062863,0.080429300933431,0.0600288645818016,0.0165120392988122,0.00355713847407443,0.721017699289648,0.085732990180167,0.00117487913785606
"spot_422",0.0207610295432082,0.0149842350935067,0.222455238921768,0.039914167008189,0.0552567606759743,0.00297396416184089,0.496500538178357,0.144484545921818,0.00266952049533731
"spot_423",0.0681829530707065,0.0330245872325946,0.0975226207687988,0.098222678209558,0.0169577196372048,0.000324624373724397,0.649766744420985,0.0359579041025316,4.01681838963878e-05
"spot_424",0.00679402576425077,0.0042131832258605,0.00150526052132077,0.141892588592493,0.00913347372560068,0.001055592514197,0.789028401713039,0.0452064906944482,0.0011709832487898
"spot_425",0.0382833809576679,0.000612677955242706,0.00454836189888342,0.060316467041989,0.744295554988897,0.00123884496311372,0.0634039330918457,0.0109790672581368,0.0763217118442238
"spot_426",0.0429319697525605,0.00438474282952189,0.0101426563271828,0.0792206429733256,0.734413504240374,0.000641484866714765,0.0321892925770601,0.0319966462412176,0.064079060192043
"spot_427",0.0610738030417265,0.00239671532736335,0.00143322315402889,0.0103399215058262,0.155478618915908,0.00195886345622313,0.0713365122738207,0.669880679153633,0.0261016631714697
"spot_428",0.038916364365307,0.00112088321838377,4.8766397763081e-05,0.0431161365041939,0.0210561573143309,0.000311862357559135,0.466196700339461,0.427157936828693,0.00207519267430824
"spot_429",0.0148613106101206,0.0169288426775346,0.0917648693859692,0.000241074068363265,0.0273723044463325,0.000380867728662415,4.64876117424983e-05,0.847355969042042,0.00104827442923322
"spot_430",0.0496701174234103,0.0103243131726679,0.00460078143425419,0.0100930367497646,0.0823477003545646,0.00113594515284886,0.0128613869937898,0.816676076114536,0.0122906426041633
"spot_431",0.0527544675461768,0.0127690098287636,0.00605481340382141,0.0191408248417029,0.102079044323257,0.00235928312102066,0.0429644463736065,0.746937342524481,0.0149407680371706
"spot_432",0.00760607198092339,0.00672832881340641,0.000115660764919435,0.0227129727303832,0.00950340768493255,6.49155465250172e-06,0.436235271781566,0.517090400321397,1.39436781959092e-06
"spot_433",0.0426784564155149,0.0051150001597466,0.0043662740670866,0.0199519199681985,0.17658304253013,0.000369147196033859,0.0736852572452416,0.669832840857617,0.00741806156043072
"spot_434",0.00793538433342916,0.0117627731754117,0.083175863485245,0.00036590410928032,0.146560132829747,0.000183372984428958,8.39948201712008e-05,0.74798628511311,0.00194628914917738
"spot_435",0.0510782900398287,0.0234967166447158,0.234133635750496,0.0858867352483405,0.22879993998843,0.127394144695468,0.162876767635942,0.0645818005523209,0.0217519694444587
"spot_436",0.142965534898651,0.00667253145088185,0.00761337460786889,0.122224959252037,0.0208257212222994,0.00108225219788571,0.647611471462692,0.0494218492547959,0.00158230565288883
"spot_437",0.313094828780194,0.174005703088492,0.0213951683910073,0.0738189334980873,0.0128938612681766,0.000145243382238946,0.29851286273762,0.106036795621437,9.66032327470077e-05
"spot_438",0.211119077066666,0.463031506983746,0.0518917300637643,0.0331822328665283,0.0474462706886206,0.000224326302239268,0.0487437550191934,0.143787708838379,0.000573392170863233
"spot_439",0.308511947729388,0.320799401344419,0.022629396139121,0.0710709756120218,0.0545355141388478,0.00115469703514338,0.0659941062218651,0.154976586378463,0.000327375400731705
"spot_440",0.224814064043305,0.418826871600213,0.0984461318987742,0.0387344341433893,0.0355302480689922,0.000692793281544563,0.0367486399750434,0.146020207151393,0.000186609837346047
"spot_441",0.36925674733218,0.240192804868618,0.0493344647043067,0.0452472992164996,0.0632722657683703,0.00294380855023673,0.0563541028858058,0.17255923208973,0.000839274584253122
"spot_442",0.0444071709301588,0.277972132844318,0.0260819921853065,0.047844276798513,0.0182720506726236,0.000169405508483508,0.493102551781877,0.092099358946211,5.10603325083147e-05
"spot_443",0.185860915934277,0.00180794565529856,0.00244482187342898,0.113321409056397,0.258011261745522,0.00205274959062221,0.354270199485104,0.0748438024221915,0.00738689423715849
"spot_444",0.341675144739113,0.0429239125618572,0.313002279252611,0.0362805833373745,0.0768256030872825,0.00014056523189579,0.0988409896881705,0.089469387035007,0.000841535066688458
"spot_445",0.537349837429046,0.000683491784423643,0.000892139298883763,0.00336561868802003,0.329748749915016,0.00307697474987111,0.0590080355469158,0.049980612025353,0.0158945405624713
"spot_446",0.196951403496095,0.00224938587696402,0.00179992054559645,0.0656801949278777,0.186901291131007,0.00220467001643924,0.455496025247475,0.0775532696301,0.011163839128446
"spot_447",0.0924826899474734,0.0633150173677027,0.271557614063122,0.0562657862372405,0.0855639659085374,0.000419123862575281,0.30755970779061,0.117913592633605,0.0049225021891339
"spot_448",0.0199310678763493,0.00949935974427233,0.00172459071457751,0.148709615536631,0.00882565436819511,0.00196918206290958,0.706859679591438,0.101489500517612,0.000991349588014649
"spot_449",0.00211243984147211,0.00774225210861425,0.00187453426169059,0.128487433247902,0.0147724896132193,0.00214247678445978,0.748347851711628,0.0938755481198207,0.000644974311193478
"spot_450",0.0172219495085706,0.00944973141658846,0.120828032621618,0.184417208363652,0.0180562472323833,0.000513562320287849,0.54501271476753,0.104017558006968,0.000482995762401812
"spot_451",0.00674010884927193,0.00585890231043587,0.00158492493759226,0.0854390580071639,0.0155163041145332,0.00175913912467318,0.766806898458836,0.115604795864176,0.000689868333318316
"spot_452",0.184162927276795,0.0062137099210475,0.00824609297256726,0.0573382051212614,0.012588102452835,0.00171485811475619,0.705389792085403,0.0237560017414359,0.000590310313899451
"spot_453",0.0202785722774398,0.0277961047090547,0.0626591039076418,0.0578481331734714,0.0389015623948778,0.00166734707332672,0.655710625895448,0.134577229280505,0.000561321288234503
"spot_454",0.0164512155197077,0.00703159881485805,0.00310122344979047,0.0807134970644964,0.00968464205711131,0.000656067240653957,0.835796488408118,0.0459750210837187,0.000590246361545109
"spot_455",0.0138971211253446,0.00480781247930846,0.000749747458347477,0.134684926051399,0.0101867776182016,0.000678510705669881,0.7178538478898,0.116357117722727,0.000784138949201344
"spot_456",0.0177940402940532,6.28146936774012e-05,0.00160803136322418,0.0799669295705398,0.658589588448614,0.00397170874039596,0.114657436361518,0.00346895896865318,0.119880491559324
"spot_457",0.0311983506189767,0.0040168688893635,0.051069914389506,0.0350089396526385,0.355532116968773,0.00077991274887806,0.00529613551178244,0.48988870680122,0.0272090544188618
"spot_458",0.0177886207251373,0.000289971715039188,4.64237003342369e-06,0.154432184912643,0.00322949952888178,0.000494527129976045,0.492228338767437,0.32523698327981,0.00629523157104298
"spot_459",0.039109677639543,0.016259512488928,0.0176332398390643,0.0169813549935402,0.0940035169973091,0.000484512185500178,0.0249488411767824,0.783217135630574,0.00736220904875848
"spot_460",0.0163821976696436,0.0168159946409956,0.0569003485225206,0.0151617416159751,0.0949375595694181,0.00173310829566603,0.00613535822325048,0.790027501656091,0.00190618980643948
"spot_461",0.0639220209870792,0.007193171646541,0.00740775542993502,0.0445942884036437,0.200077211631616,0.00102294178477679,0.0352664947152431,0.624430888735219,0.0160852266659459
"spot_462",0.0407345801755533,0.00230869081464769,0.00268318922969529,0.0180731167715806,0.0262994683403812,0.00198199650857583,0.129282629111255,0.768478308680173,0.0101580203681384
"spot_463",0.0144339598381736,0.0205874749175746,0.0120140225715662,0.0473056632808283,0.222049147404315,0.000546276506434862,0.00940181287413696,0.672812706388967,0.000848936218003628
"spot_464",0.0740799522120655,0.0150164785341451,0.00206726834760222,0.000953574540000109,0.0687940062764976,0.00165047257894637,0.0251834851996483,0.799770429156351,0.0124843331547438
"spot_465",0.0764526977915161,0.0175688193734105,0.0452632093301672,0.00833303766488529,0.258947566312666,0.00382813986185007,0.0279707058381174,0.533775587719982,0.0278602361074049
"spot_466",0.041795324697302,0.0528543839748738,0.590847361765311,0.0300570612255489,0.0727134025794488,5.7077987735442e-05,0.103491428716354,0.108118405213024,6.55538404032331e-05
"spot_467",0.0505127427159249,0.0778671332915918,0.564896693288335,0.0255243499777223,0.0834933808864762,3.86769838404915e-05,0.0972144994392898,0.100192097541901,0.000260425874918797
"spot_468",0.0471312330298229,0.0356646651292036,0.617055748912752,0.0118255931354347,0.0625076551873066,0.00285120270200702,0.0838827996356659,0.137659296879763,0.00142180538804336
"spot_469",0.080025859324976,0.197056551216798,0.39123242189567,0.042806391881997,0.0866861875902677,0.000294658069200237,0.0673938180994357,0.134380349184187,0.000123762737469638
"spot_470",0.174486641891234,0.101732975127598,0.225394945480372,0.052877521056684,0.0457250507625745,0.00605386868589564,0.227039379798267,0.165589809435377,0.00109980776199882
"spot_471",0.0498408117456641,0.11076034670771,0.0272857646367187,0.225053249646119,0.016356902567152,0.00432854457281187,0.506086362178567,0.0578592415718671,0.0024287763733905
"spot_472",0.187185213792086,0.0487335514975053,0.00513736158024582,0.200619994076315,0.0658494493558895,0.00834073526383768,0.417055621758401,0.0436620619708057,0.023416010704914
"spot_473",0.145158152812395,0.0329634577728567,0.0283732292198163,0.051696454274775,0.163424777819358,0.0589479288688339,0.378054811520594,0.108587314056418,0.0327938736549536
"spot_474",0.347748181453024,0.0420469517164096,0.23341132510508,0.10444311931562,0.114103728826025,0.00141737035898706,0.079503108783822,0.0738046937587735,0.00352152068225845
"spot_475",0.640253543135256,0.00967984993487104,0.0966967331624642,0.0165548325461018,0.0736235332354285,0.00337085125765077,0.071732501906502,0.0869669544709961,0.00112120035072934
"spot_476",0.416869711885955,0.0474592814266548,0.133599489483339,0.061213489102763,0.169220269659555,0.00311474710580991,0.058770150875976,0.106801636627347,0.00295122383260025
"spot_477",0.522468084425412,0.0241975697910386,0.0816754975428096,0.0284661287744305,0.1858355993658,0.00160334247153049,0.0625671181749135,0.0910610400250103,0.00212561942905453
"spot_478",0.383398674000908,0.0248745414489681,0.108103337151045,0.0572981320823724,0.157743015895841,0.000463491511950894,0.131318324314517,0.135985971112742,0.000814512481654524
"spot_479",0.129284885939634,0.00414334784086199,0.00441402217077992,0.118851119179276,0.100739280095277,0.000278134029339217,0.583347810513034,0.0571979795575824,0.00174342067421535
"spot_480",0.0177858649156156,0.00357947681070493,0.0103412857872702,0.195714192943527,0.00407291426111682,0.0016882823013719,0.724918349502772,0.0386416426139117,0.00325799086370992
"spot_481",0.0203259824877343,0.00879655767534694,0.0489417201112961,0.135633459300926,0.0148887684023647,0.00186611559917429,0.704071107136899,0.0649860465331646,0.000490242753094321
"spot_482",0.0397128160992189,0.00525121671026383,0.00251720846310523,0.0784294305947003,0.0275359910611184,0.000517372544395782,0.740530805767021,0.103972077347306,0.00153308141287027
"spot_483",0.0190875560250109,0.0242346019040647,0.0466472942277734,0.105494271032861,0.0120029794775526,0.000920292659394407,0.733640595737679,0.0577490212897032,0.000223387645961135
"spot_484",0.0193754028203936,0.0157930998421375,0.0370532376847444,0.0687949933881946,0.0334689589351105,0.001255079314461,0.731004684501788,0.093001542883887,0.000253000629283109
"spot_485",0.00525443584443314,0.00582715281012784,0.123574077642087,0.243786118790535,0.00523523474131109,0.00302400577570446,0.554029008156399,0.0538551080093034,0.0054148582300993
"spot_486",0.0203539655472094,0.00858139970820527,0.0022329179370329,0.107690653570611,0.0104070569341708,0.000609612665039556,0.77371378950145,0.0761463517674675,0.000264252368812596
"spot_487",0.0340970157994021,0.00527710770239011,0.18446217469233,0.00856581063557614,0.666044100756413,0.000298947484484429,0.0477052614916846,0.0294551799102376,0.0240944015274818
"spot_488",0.0250576037739242,0.000946615076732303,0.0119975964305756,0.149349663173137,0.707043309719316,0.000125900431317136,0.0292347934909557,0.0143736140648994,0.0618709038391425
"spot_489",0.072738365581499,0.0109633364320333,0.0144060117890901,0.0421387879647026,0.0519611686615781,0.00468277377630047,0.124295631311845,0.675230051347028,0.00358387313592372
"spot_490",0.0644945385407948,0.0192403165867857,0.0356208656823176,0.0187112901179358,0.0411202846005982,0.00734536386213531,0.0141945454195392,0.798244473454393,0.00102832173550019
"spot_491",0.0228923893309446,0.00653668446142108,0.0516572238560548,0.00140757535179007,0.105501499674537,0.00126653867438885,0.00164617219373617,0.805319735053273,0.00377218140385462
"spot_492",0.0324279342161694,0.00984008426854011,0.0127778454211349,0.00707232055682829,0.0395791339896273,0.000289426759070985,0.0773668147645458,0.819672569241011,0.000973870783072036
"spot_493",0.0352573755809595,0.00949257924329875,0.00516076724383638,0.0256232490539724,0.196757124063675,0.000485161975350676,0.0636574563614526,0.659131776141313,0.00443451033614144
"spot_494",0.0595490195405914,0.0139449589095771,0.00664112430534488,0.0394971740524614,0.126448277668162,0.00553186853332991,0.0857210070200649,0.634667745776157,0.0279988241943114
"spot_495",0.0381986740912892,0.0142052173448656,0.0276323803134771,0.0141346026096847,0.14283033733731,0.000553961896098822,0.00384851279333323,0.754121521534988,0.00447479207895278
"spot_496",0.0144627469052372,0.00879100870363775,0.0440178329093192,0.00188885174446461,0.00707378174616758,0.000147981172984295,0.00835703966221,0.913517836458823,0.00174292069715624
"spot_497",0.0325504528765947,0.0823955939879723,0.572077671802051,0.0405186367457204,0.0527215217690212,0.000199266129620813,0.0975543417178369,0.121754326461033,0.000228188510150244
"spot_498",0.0329506713787819,0.0555742904542912,0.583141961891113,0.0226269176773021,0.0653823607649521,2.90304292474756e-05,0.133821872550018,0.106341026813019,0.000131868041275085
"spot_499",0.0182625857904773,0.0778071499617069,0.506293253314323,0.0982837952956595,0.0633491775826377,0.00117768140032299,0.0837103447313508,0.151015010783637,0.000101001139885395
"spot_500",0.0594647502360856,0.045803778988085,0.525265572843285,0.0641115328616956,0.069094285946299,0.000528925326686967,0.0956000847338258,0.138395348223595,0.00173572084044245
"spot_501",0.0538538383867982,0.0558132508844,0.552227840677765,0.0423742053049355,0.0948508982488047,0.000759435307752574,0.0693710003204325,0.130470065680461,0.000279465188651215
"spot_502",0.0200459092039314,0.0152615122939386,0.144294271258742,0.0735257629271409,0.0614201452729879,0.00319439423537832,0.588607426071173,0.0929776517387967,0.000672926997910743
"spot_503",0.0695368297255417,0.0357318458117651,0.11352865449342,0.017235003836939,0.305880552022315,0.187618170736841,0.0564848630602613,0.0846265650096197,0.129357515303297
"spot_504",0.00837575596744592,0.00420748411111208,0.269225061169051,0.100756868659302,0.227321130707566,0.0377206777885491,0.100635801387293,0.151613382961245,0.100143837248436
"spot_505",0.779727926045652,0.00386639325441314,0.00549866005224281,0.00235008225566054,0.0706494975116743,0.00059658705439112,0.112036880280101,0.0246539182556178,0.000620055290247935
"spot_506",0.256896943414893,0.00584622547636005,0.14920623391149,0.030425174133496,0.372004010533726,0.00304369762598806,0.0666773731055648,0.100274421834025,0.0156259199644571
"spot_507",0.58673596519217,0.0322554109453282,0.0784010536313153,0.0460314709587071,0.041903436463488,0.000858175118494869,0.0423891581245618,0.170883191399719,0.000542138166215842
"spot_508",0.184105477667643,0.0324665115517945,0.161174970827497,0.0518025761285344,0.0375330942354288,0.000326589079116781,0.493416533452368,0.0390376973750996,0.000136549682518366
"spot_509",0.0169093995523737,0.00383560180254013,0.000662575204248424,0.0914868361777174,0.140682369885489,0.00311049084861078,0.610146623979867,0.113177069971239,0.0199890325779151
"spot_510",0.142535290688419,0.00688774132515907,0.0023644794745382,0.0330576005340649,0.0232381469784821,0.000814928822412963,0.680055474894359,0.109756424360526,0.00128991292203881
"spot_511",0.381772806268829,0.0183138499398702,0.0110171305603527,0.130937041635469,0.0168204315997623,0.000796862099239815,0.396708811124574,0.0432279224986638,0.000405144273239262
"spot_512",0.528242634425063,0.0167175165219081,0.170977335991466,0.0174541939058053,0.0735944744347093,0.000533318799334101,0.128203913150092,0.0637231247656959,0.000553488005927011
"spot_513",0.0837687379440142,0.0168575131388425,0.0868997129213011,0.135958063505781,0.322539617422935,0.000424345731129435,0.31175694320002,0.0197749099550975,0.0220201561808794
"spot_514",0.591136732758514,0.0203910841632018,0.0882206851153782,0.0326055438255922,0.0851756053327961,0.0013656102432407,0.111304425682313,0.0637432464263131,0.00605706645265185
"spot_515",0.724184865416221,0.0118190398895239,0.00499321098748132,0.009875986641701,0.0604214252750358,0.000939115202918148,0.0599973760161629,0.127251660520449,0.000517320050507136
"spot_516",0.536690814404001,0.0126380254603062,0.060870443475142,0.0196138930363501,0.216886439150003,0.000593488469466356,0.0399552324775855,0.109206484470592,0.0035451790565533
"spot_517",0.396606273325498,0.00608766329704593,0.00474262939635385,0.047433979157173,0.437786041969983,0.00059332722291334,0.0366586221518624,0.0603754087601982,0.00971605471897234
"spot_518",0.047253041547937,0.0138414921727681,0.0520889702122465,0.093178711815667,0.648055703645881,0.000891049481976582,0.0557939449928947,0.016354245781295,0.0725428403493337
"spot_519",0.195428182486384,0.00186026617905056,0.0137277581935532,0.0366129759723931,0.680304261808687,0.000756715346738106,0.0100538641838618,0.0249261310327341,0.0363298447965976
"spot_520",0.0485397352176351,0.0118424857198299,0.0479705169919432,0.00454211425523296,0.193250841202519,0.00529757531526453,0.00341649384243475,0.658092255820038,0.0270479816351024
"spot_521",0.0759345490336585,0.0233372850428578,0.00290694961986589,0.00340860083499458,0.0352106487637238,0.00197458931932089,0.00890484544929047,0.845092908459961,0.00322962347632723
"spot_522",0.0648946218392732,0.0144603337514615,0.0476744598812681,0.00446538477095444,0.0441865818786686,0.000502678404851173,0.00280446114698094,0.818211463829343,0.00280001449719884
"spot_523",0.0300056280037783,0.00372705811951115,0.00207337198592593,0.00297100496589928,0.0308337491361967,0.000365028235641926,0.102816801018393,0.822087772899597,0.00511958563505676
"spot_524",0.0450452595712394,0.0108884002445874,0.0303770388036343,0.0210951077617368,0.0219785917722081,0.00215911170772816,0.024780673191254,0.841660040208448,0.00201577673916353
"spot_525",0.0642609734739357,0.0135709087494614,0.0272071402344263,0.00758206728520488,0.040966580949239,0.00117487839599398,0.0081402755172172,0.83413278971103,0.00296438568349137
"spot_526",0.0479761025771399,0.00747636413396287,0.0143461305221569,0.0496985251825677,0.102001798408491,0.000236202135848538,0.154748576335983,0.620720786296764,0.00279551440708599
"spot_527",0.0349107271124443,0.00948231363408614,0.029873789393532,0.0142719427148352,0.030422138678992,0.000536288913375221,0.0117141800819611,0.866753077883296,0.00203554158747781
"spot_528",0.0487458205459776,0.0871988406206859,0.562349776746697,0.0558974745665172,0.0576513911520127,8.26092839585195e-06,0.12303419937322,0.0650858907320952,2.83453343987709e-05
"spot_529",0.0323377897912329,0.0990466567581077,0.53144497396609,0.0620022701689032,0.0957829444619234,0.000153275832234436,0.0277416482976093,0.151359726628668,0.000130714095230845
"spot_530",0.0754417898293988,0.0401250071324658,0.475399035436665,0.0760074314914502,0.10855994828407,0.00633451196786479,0.135203655251071,0.0768823043735214,0.00604631623349302
"spot_531",0.00675276851783142,0.100881292767924,0.541553197277847,0.0491928910521621,0.0730111416551429,0.00231089982848002,0.012733421309036,0.21342518397448,0.000139203617096527
"spot_532",0.0297416450576222,0.0359080816533057,0.592529227901647,0.0484073227975813,0.0625091769665136,0.00154854897618005,0.0920725232067613,0.137004363203281,0.000279110237108029
"spot_533",0.064631885861128,0.0197512795218496,0.534446364485983,0.0871930597040519,0.0924133055377465,0.00106771654631298,0.0825605360533477,0.116906582590416,0.00102926969916362
"spot_534",0.067865154182763,0.0942883066313937,0.348323637494912,0.15233589357223,0.0705525760522515,0.0823058435966098,0.159394100033698,0.0230345250515727,0.00189996338456866
"spot_535",0.077499220623125,0.0160451861210191,0.00857562825758259,0.041171551954983,0.299413922567923,0.248198924487025,0.191590162072729,0.028917365197946,0.0885880387176673
"spot_536",0.008158707953931,0.103912579757615,0.241531462091469,0.0610628112278836,0.238814872330571,0.12932690906739,0.0835924072984838,0.128356285998538,0.00524396427411923
"spot_537",0.462717423481483,0.0441089101629142,0.0648742050079187,0.0658802829246869,0.190495425219856,0.0011368955053848,0.069635703444817,0.098946610749611,0.00220454350332784
"spot_538",0.10869959799812,0.00389096107578295,0.00339332644103087,0.0268360415532847,0.0655054501536708,0.000905931339070652,0.707010693447617,0.0822937295009677,0.00146426849045514
"spot_539",0.22258864265803,0.00638420026032648,0.00720639183928179,0.0959481079892935,0.10900347864142,0.000907727827447968,0.507308918424143,0.0396282026540481,0.0110243297060092
"spot_540",0.00595171177763426,0.000980498382112671,0.0048366115975554,0.0286597969066768,0.32154876431093,0.0211408812036758,0.0773834339114272,0.0241845550540638,0.515313746855924
"spot_541",0.058723229060028,0.00371243215761119,0.00617280639020971,0.0429756711619214,0.191098360837453,0.00946059016791804,0.388008165373242,0.0489565144091665,0.25089223044245
"spot_542",0.18774403620794,0.00827458559997537,0.00442364419063395,0.105340454328033,0.115570944696478,0.0239075223243908,0.41946140855045,0.0683725050175661,0.0669048990845326
"spot_543",0.129558104295161,0.00462351024960393,0.00241932485160789,0.118310556696424,0.0168387151576184,0.000541592982986235,0.639731762766359,0.0872308847069164,0.000745548293323496
"spot_544",0.202917524471237,0.00631069465942064,0.00672652594981849,0.0752901588371013,0.0245261934569249,0.0015777557750286,0.623467857607274,0.0587987451323464,0.000384544110848978
"spot_545",0.036767907187082,0.0893899415259604,0.227035424641312,0.100090155120517,0.235797898822805,6.16449191189572e-05,0.231496847094375,0.0772289993122845,0.0021311813765455
"spot_546",0.451667367786012,0.0317012795682708,0.0767158073429235,0.0243046035630293,0.258821479741471,0.00018051700318982,0.0282505965110922,0.127085660342478,0.00127268814153348
"spot_547",0.545582934607549,0.0195722400394925,0.047184954899904,0.0492928024579133,0.185606274798656,0.000951059637812135,0.0762699068517406,0.0743737637330927,0.00116606297383987
"spot_548",0.412103819536735,0.00955480984634865,0.148544682277539,0.0357605891981196,0.23671927511213,0.000710970360794856,0.0367257117265844,0.118909028863082,0.000971113078667153
"spot_549",0.338657738580179,0.0173638932919408,0.105817404458219,0.117725356733038,0.262780219002818,0.00224077355723083,0.0767870587285567,0.0765859852885257,0.00204157035949117
"spot_550",0.0349775515083572,3.7855007021399e-05,0.000174610142774813,0.0216701082790063,0.775818757980373,0.00280929130578937,0.0428479347689493,0.0151761563357911,0.106487734671937
"spot_551",0.0353735281180922,0.00129584887506129,1.40573189847198e-05,0.00949826232429341,0.0395375514830016,0.000712454477243516,0.11344024778939,0.794836112071969,0.00529193754196485
"spot_552",0.0329720519086886,0.0128960747741908,0.0104080102263,0.00920724498074857,0.0498976625869265,0.000825221589456638,0.0571433398902787,0.825887652449426,0.000762741593984766
"spot_553",0.0352626563326877,0.00677321098088,0.0224461783642551,0.0190724693549654,0.118338414893327,0.00150491847550071,0.0508256093427332,0.738146493296568,0.00763004895908285
"spot_554",0.0517927414144968,0.0205991321759114,0.0314435789039014,0.000270276895541542,0.0198619446793882,0.000428989194696065,0.000929599014753516,0.866095251404745,0.00857848631656665
"spot_555",0.0113007403331801,0.0227766879512476,0.123281300480587,0.00332905551310455,0.0241220237090581,0.00280789608947382,7.08024250461734e-05,0.808532733852049,0.00377875964625357
"spot_556",0.0239704761791219,0.0101819329888044,0.0363789531469259,0.057230888030909,0.253707700973225,0.00191582982960033,0.0951696467340921,0.499559826526562,0.0218847455907597
"spot_557",0.0485550995738831,0.00985136608581305,0.0152805141106881,0.0257094141309206,0.109656045426461,0.000773993212154409,0.0758898402709991,0.712658766850386,0.00162496033869398
"spot_558",0.0661646258326815,0.00283529310103901,0.000458537254122278,0.0192167434806917,0.259693812056692,0.000452487506254292,0.150299975616661,0.492748472120721,0.0081300530311369
"spot_559",0.0948300455583264,0.103307163494791,0.52198306576076,0.0584089898717647,0.0537372004623888,5.27956001444009e-05,0.0976976544349717,0.0699661257341583,1.69590826946748e-05
"spot_560",0.028442274011518,0.0387841485978128,0.553210707862239,0.0668795971269511,0.0586650726329411,0.00502514577353936,0.0894556161422885,0.159459240080953,7.81977717575452e-05
"spot_561",0.0413768201377077,0.0308228080803884,0.599848235927589,0.0437766580572578,0.0676612183464177,0.000287457390932029,0.0553804483219085,0.160663005785683,0.000183347952115057
"spot_562",0.0428597917526599,0.0579319270656564,0.581427881615996,0.0289545226199594,0.063626820897169,0.000894728151398955,0.12822943037193,0.0954035530598064,0.000671344465424009
"spot_563",0.0525385934503992,0.0975456740392366,0.588637253796378,0.0385971069992137,0.0413901327697329,9.30271816313328e-05,0.0738888193450282,0.107217476578854,9.19158395266761e-05
"spot_564",0.00238313025716417,0.0037510979778529,0.578002570667139,0.0275821088285222,0.0481520485579846,0.00213565168337445,0.0306080194296315,0.306714786920018,0.000670585678313408
"spot_565",0.0313982521629853,0.0329436395379148,0.512962658944322,0.0560783622404236,0.104615484289629,0.0104576753519105,0.0434921249569303,0.148690543627174,0.0593612588887103
"spot_566",0.0802723436503408,0.184191559032195,0.264652471516728,0.0788656848953554,0.097862094083413,0.0531372535902635,0.100681051156498,0.133942292253167,0.00639524982203831
"spot_567",0.101672536688989,0.366677641810486,0.187745805910609,0.0827417833070478,0.0460998485307773,0.00142201537764737,0.0188213440566275,0.194430993747195,0.00038803057062099
"spot_568",0.0852340203835492,0.26470655392299,0.0621467521622418,0.0693319397195014,0.119359306464891,0.0424715375774175,0.215449793548863,0.136358915267899,0.00494118095264824
"spot_569",0.0961126187549086,0.00216867301895598,0.00300106525536504,0.152915251646674,0.0933097787668238,0.00403199566858365,0.524398977956053,0.0729291397292696,0.0511324992033669
"spot_570",0.000611514619366819,0.000242755559398084,1.83334302703879e-05,0.0933697652315335,0.362516458881347,0.0181891371521322,0.0661687418838878,0.0037580499755895,0.455125243266474
"spot_571",0.0655365614463855,0.00200447680399837,0.0124001853166499,0.0552352336006858,0.377081061671938,0.00890385546742973,0.0861161132928065,0.00958789921859023,0.383134613181516
"spot_572",0.000820451810661895,0.00011895591314653,1.97231451730792e-05,0.079203425301998,0.450306088981005,0.015615077766494,0.00568896798075782,0.00334576699083409,0.44488154210993
"spot_573",0.150600331730142,0.0114639670398887,0.0146404220366504,0.0144077724077355,0.242539123157132,0.0319658169634029,0.0414041785443204,0.0214272759817186,0.471551112139009
"spot_574",0.00247673625629064,0.00470088128082144,0.00986752732247503,0.14099741620865,0.244072395027309,0.047187030519166,0.0166662467321415,0.00835192460348201,0.525679842049664
"spot_575",0.00883569626255942,0.00369728731708777,0.00110250177873622,0.109945718602376,0.120203931649303,0.00936427605754244,0.577956397639926,0.0590983842453777,0.109795806447092
"spot_576",0.280388749018786,0.00584383144194806,0.00476722587690195,0.105849102120886,0.0283859844777535,0.000711277979348654,0.526282931282354,0.0470760102829831,0.000694887519038809
"spot_577",0.273084615139154,0.0463031323594416,0.0812068339861496,0.0451521564719048,0.261458107759919,0.000820840818400646,0.248533711750135,0.0326932956219836,0.0107473060929113
"spot_578",0.659542091682237,0.00368117322966012,0.00395924041790119,0.012121385982655,0.201323492148162,0.003664910378572,0.0808414473783471,0.0271314250729028,0.00773483370956286
"spot_579",0.023065646990239,0.00548881708885909,0.278637147523679,0.242984242361864,0.217125010089553,0.00806834059325413,0.0570078145734759,0.112961438390031,0.0546615423890446
"spot_580",0.45577399810104,0.00706319388058779,0.0088955057462302,0.0182518176997808,0.407595510332202,0.0010317202809718,0.0355013397717393,0.0547001259788605,0.0111867882085879
"spot_581",0.0420938033056181,0.00152096664461479,0.0139301288998404,0.0957723448331513,0.755381189771006,0.000102961838464941,0.0441452899295146,0.0242173073281256,0.0228360074496639
"spot_582",0.0556537870703837,5.22895121774536e-05,0.000350724467309844,0.00211298937582569,0.517427332291864,0.00236288207617362,0.109965367651041,0.19239734930528,0.119677278249944
"spot_583",0.0353385562769154,0.011289794904096,0.0399849562513724,0.042483922271009,0.160239584335704,0.000781721398916194,0.0535282567774266,0.65365361596921,0.00269959181535036
"spot_584",0.0303733287575981,0.00784640044855452,0.0974862958738075,0.0168359255714146,0.0598705359998357,0.000989622399353206,7.19759786537756e-05,0.779589287174542,0.00693662779624048
"spot_585",0.0715941971424793,0.0220558498566677,0.0460972558368417,0.00600551546121656,0.343446809819125,0.00289380381426481,0.00261406170629416,0.470788016566219,0.0345044897968918
"spot_586",0.021008969446919,0.00750071471863519,0.0197581910826379,0.0165002224745282,0.0740370045554582,0.000641622213965545,0.0874214083951013,0.770381651354469,0.00275021575828608
"spot_587",0.0247069298775131,0.00132545168468245,0.000763279695285609,0.050945391834135,0.223806248597302,0.000654176775138865,0.256966766207715,0.431693869119825,0.00913788620840413
"spot_588",0.0171914553878058,0.0184296804346211,0.0981105357141392,0.000527248046347736,0.0204653171289797,0.000816138474638138,0.000175663110472784,0.843060402824188,0.00122355887880764
"spot_589",0.0624016857128863,0.000341454568295549,1.20038111105835e-07,0.0513578814542424,0.0217005854137048,0.00342155721278398,0.0885782858024365,0.766963386704983,0.00523504309255596
"spot_590",0.0570557380917929,0.197171989629357,0.49340054949731,0.00430060268901824,0.047150365120716,7.02089998130575e-05,0.162496960541919,0.03832861029428,2.49751357939145e-05
"spot_591",0.0402548481783751,0.105568723757682,0.530484822741046,0.0329824539351884,0.0657930720005499,0.000680151066116287,0.0891345319682375,0.135077386339593,2.40100132115621e-05
"spot_592",0.0944098740235067,0.144357401396474,0.458788071500576,0.0658647193146876,0.0891394387866553,0.000440160563797144,0.103461898789001,0.0434770913703685,6.13442549343963e-05
"spot_593",0.0324601039204677,0.226851914171973,0.454605804748924,0.0535854035159278,0.0908920158216936,0.000153146012112024,0.0826066128741349,0.0586224079121916,0.000222591022575918
"spot_594",0.0311003301425594,0.0436806157045311,0.597601658013642,0.0311972248173033,0.0471306682244336,9.37978498266103e-06,0.102220266297104,0.14705476870955,5.08830589415496e-06
"spot_595",0.0572501023506974,0.0559721463118113,0.46724846087084,0.0594651339264247,0.119593602511501,0.00393219862532387,0.0488151663061907,0.15151842847099,0.0362047606262218
"spot_596",0.046582136354415,0.10127202740182,0.472589641139724,0.096265239701306,0.0694164397782243,0.00331206922184679,0.103599527151572,0.104570301386107,0.00239261786498575
"spot_597",0.0687986704608915,0.101538732754606,0.500674569257638,0.0521257580286696,0.0798608887877403,5.3156099063924e-05,0.0922466419281879,0.104597876059141,0.000103706624062085
"spot_598",0.106676267621254,0.405291949776472,0.150737816514994,0.0791539787340973,0.0680218315474777,0.000213804310308659,0.0813750844009767,0.108419124627765,0.000110142466653996
"spot_599",0.0409326039299369,0.0775671452008347,0.0150057184538946,0.0741637302669619,0.141832617322505,0.0502935432173011,0.477421645542271,0.114437210086074,0.00834578598022053
"spot_600",0.00114052856317259,0.00295152267557898,0.00123065709305181,0.0411197793011835,0.419006444028192,0.0239398224718836,0.00298403313467059,0.00236705163250333,0.505260161099764
"spot_601",0.232773359533922,0.00318878512324554,0.0146757206686583,0.121092763378213,0.25763720674547,0.00906233961498209,0.0439587990951568,0.0271933362160944,0.290417689624258
"spot_602",0.00781894766296496,0.000164566156509186,0.000825623008299708,0.116283851389532,0.258623270958556,0.0228235778944749,0.11136524462169,0.00715304685893154,0.474941871449043
"spot_603",0.0013793723645773,0.00332946722278569,0.00267497482383376,0.0999945415631163,0.335407837992969,0.00789408597228289,0.0316761839983046,0.00408590727395453,0.513557628788176
"spot_604",0.112057963056376,0.000301004416114233,0.00441921260440195,0.0755783002342847,0.294954000228939,0.00558748184590286,0.0460504024986204,0.0137380354183345,0.447313599697026
"spot_605",0.0251150857615394,0.000362812164020749,0.00167845792476863,0.0556496429188578,0.351507060172066,0.0127962277480235,0.0255789170867349,0.00387116113599023,0.523440635087999
"spot_606",0.32581324915094,0.00317601992903684,0.00268983491039507,0.0754084696830564,0.208259897946273,0.0129292793713355,0.0822235415430776,0.028714708101354,0.260784999364531
"spot_607",0.00352190765113002,0.00570429957465514,0.0010381752190785,0.0966353829282257,0.173941313622807,0.0100777783967742,0.368452827360462,0.0761558721090909,0.264472443137776
"spot_608",0.00659537149376815,0.00507025241321237,0.00173445823590231,0.0788767657322811,0.0129496494268238,0.000998847065820911,0.810665585373335,0.082923701961693,0.000185368297162913
"spot_609",0.211350668313631,0.00187212901054304,0.00617092050362175,0.265069370883783,0.40544098822388,0.00281972765726717,0.0553712615010672,0.0272303944162487,0.0246745394899585
"spot_610",0.0227045950612901,8.11260130927941e-05,2.63449137775736e-05,0.499894380818753,0.314636162314623,0.00265575508867939,0.0737424201282744,0.00170684258543253,0.0845523730760768
"spot_611",0.00421331656361261,0.00410256679454592,0.00896578714983184,0.260217982206845,0.5336335593729,3.1442815430056e-05,0.180637794126411,0.00435793305068694,0.0038396179197366
"spot_612",0.0060695127079141,0.000167549564790833,0.00016517733339562,0.722633355965583,0.146041178727929,0.00239754111258257,0.0737649638301283,0.00350864191874927,0.0452520788389269
"spot_613",0.0327607907317294,0.00141476361082768,0.00282268193251983,0.554399935677291,0.329072455693325,0.000517091402229605,0.0149626837348691,0.026831104437543,0.0372184927796646
"spot_614",0.041907769991561,0.00205227614475774,0.000405834813151561,0.131509911911097,0.252307893344113,0.00280909384150185,0.175440274666313,0.386222136762285,0.00734480852522067
"spot_615",0.0153069268801402,0.0231320523147517,0.0317344611716212,0.0155865215470714,0.228933634156685,0.0040582901120836,0.00471868906311118,0.667575470364597,0.00895395438993845
"spot_616",0.043072422596316,0.00109564257981811,0.000328923987347613,0.0490713519960488,0.329021589946353,0.00140808017144236,0.236556429090218,0.30332305186024,0.0361225077722167
"spot_617",0.00861591479567129,0.0115546926403992,0.0777076596475914,0.00198105488101028,0.174739975427612,0.000312890312619588,0.000635049208867285,0.71244581839891,0.0120069446873191
"spot_618",0.0140116585527338,0.0114108264137819,0.082980690520712,0.00238370560098283,0.36444371326528,0.000750441090568184,0.000117575397947625,0.49438928984748,0.0295120993105136
"spot_619",0.0295479268469551,0.0145838301915518,0.0253389631605763,0.0559474344476512,0.125886266924138,0.00125948720340854,0.0472377517790111,0.698670809555277,0.00152752989143072
"spot_620",0.0532778107066087,0.0045819479775935,0.000636791594854625,0.026085024211422,0.242257053009767,0.000531484279166967,0.0433206852418091,0.613741733131476,0.0155674698473026
"spot_621",0.0229187426953465,0.0244672503266443,0.48784448913799,0.0694645906071149,0.125691265028798,0.00209252456892622,0.0606737310817316,0.123675831685745,0.0831715748677046
"spot_622",0.0903730677480076,0.167543258579993,0.477833611774613,0.0451763778450864,0.0602487810273683,0.000149393130671735,0.0665353276209776,0.0921091218473987,3.10604258831397e-05
"spot_623",0.0762346982547407,0.0418353885340055,0.572657057261431,0.000522990691999905,0.0873828428665907,2.49644823321143e-05,0.0900716195155339,0.129834920434637,0.0014355179587294
"spot_624",0.0378321758696751,0.0706083003892729,0.52707154239561,0.0704211555862553,0.0799107021460278,0.00174673925760539,0.0579549146415142,0.153482847838511,0.00097162187552798
"spot_625",0.0370050067104436,0.0450944913326651,0.530288806487725,0.07631712628725,0.0981928373708721,0.000309100647412914,0.0654820298964553,0.146894537107877,0.000416064159298605
"spot_626",0.0605492657450805,0.0743143866818797,0.353273482496121,0.150808306949154,0.151438659307074,0.00302461087603957,0.0541737476258257,0.0550304824138858,0.0973870579049401
"spot_627",0.0847211464367316,0.0645201830940926,0.490753138949889,0.0965361356809344,0.0820482154956661,0.000322043657128856,0.115939361716807,0.0647393866441956,0.00042038832455419
"spot_628",0.0287967694211505,0.0406570472801221,0.549473389541804,0.0756692996540842,0.0803221326944671,0.00172349690294815,0.0761381032969948,0.146828389500482,0.000391371707947141
"spot_629",0.0128612910588838,0.0403142288823888,0.466122444193455,0.240311633723671,0.103477798754869,0.0155137788205856,0.0506274722864193,0.0707282885382872,4.30637414396934e-05
"spot_630",0.197529347865926,0.0153346720602101,0.087718385281837,0.0237534392788362,0.0601888173079629,0.000331831728895934,0.49552797905044,0.119563253874928,5.2273550963133e-05
"spot_631",0.146516327289972,0.021114282440433,0.231711212596282,0.0922985980689482,0.112651220350543,0.00047633500592025,0.278693948524284,0.112515569623779,0.00402250609983948
"spot_632",0.00868173098995701,0.000159984942224736,0.00384455543655427,0.104547646433408,0.25936926356761,0.00541972491042762,0.221887690529966,0.0024647346995762,0.393624668490276
"spot_633",0.000244012286720483,0.000424769970776045,0.00031237628644066,0.0174282388467141,0.447541705520322,0.0409816419438906,0.000823542481699253,0.00309519063623942,0.489148522027198
"spot_634",0.0047079223694374,9.11144357914455e-05,0.00325524907694689,0.00729766340267616,0.318344776352008,0.020880815497395,0.0718020489267579,0.00132582570368066,0.572294584235307
"spot_635",0.000404118972045928,1.67816397720495e-06,1.11307915433943e-05,0.101714637861027,0.292245021989994,0.00509258266186953,0.0466819304407227,0.00214362807511131,0.551705271043709
"spot_636",0.0371844297075401,0.00813261368918164,0.024259228071357,0.0427342261608521,0.381582679891863,0.0047148735832599,0.0345536216305786,0.0227076551196242,0.444130672145743
"spot_637",0.342675528976752,0.00710643661298024,0.0173343144786067,0.0726936521975105,0.255242025696162,0.00507657134406573,0.0504536261753082,0.0467778581292679,0.202639986389347
"spot_638",0.327117070120351,0.00405315664614995,0.0112547639750689,0.00946433654047708,0.225091763629271,0.0118595714144162,0.10429919423803,0.0204380477959339,0.286422095640302
"spot_639",0.00335110234353923,9.81740687609478e-05,0.000142510139474081,0.464216614922652,0.194757907814273,0.00776907019427051,0.0400219748342018,0.00544850159760466,0.284194144085224
"spot_640",0.0473210453436546,0.0113366054957889,0.00731362668153591,0.540385594727125,0.124719600817995,0.0919935891989608,0.128679730052412,0.0120905084068822,0.0361596992756466
"spot_641",0.0168625125495162,0.013918892972722,0.0121673919727386,0.458402031739946,0.216086218748621,0.175960579316352,0.0622010294042265,0.0398739690674028,0.00452737422847584
"spot_642",0.0102188643363842,0.00030869422180358,0.000855698145030136,0.853350133809834,0.0300190244292216,0.000391112947939939,0.0647202857120049,0.00047825324687039,0.039657933150911
"spot_643",0.0511131831403539,0.00145753141595274,0.00531522614555785,0.623878363041374,0.0781429734476122,0.0279940988103526,0.147033796134996,0.00442146023555855,0.0606433676282426
"spot_644",0.00261084228085838,0.000311615518093694,6.95330767070716e-05,0.792259496309728,0.0507006140547772,0.00135100393858916,0.139847186851338,0.00303997795623028,0.00980973001367827
"spot_645",0.0897275532145748,0.0112622891775267,0.0433499465185952,0.0250057788894571,0.425424353132037,0.0012753258078203,0.00471407861436017,0.370392443198057,0.0288482314475723
"spot_646",0.0298087207325946,0.00142463276333855,0.000633185023443291,0.0331696810400953,0.0709550594811851,0.000395853021500816,0.672920228870692,0.186621421709292,0.00407121735785805
"spot_647",0.0198750693825471,0.0139732401980713,0.0291474039898342,0.0129115934724147,0.190372902079566,0.000572442447191212,0.00378864842410512,0.724027694098778,0.00533100590749312
"spot_648",0.0155071419713393,0.00740768376882942,0.0572444358996604,0.00343869280228238,0.262196118063684,0.00192606610718194,0.0010474487646926,0.635867735186518,0.0153646774358119
"spot_649",0.0189173455580469,0.0124003320455189,0.0405681398607163,0.0447057162641854,0.20134056154999,0.000692376076476282,0.0260751342811742,0.647290540491242,0.00800985387264999
"spot_650",0.0241213652921164,0.00909857426387118,0.0471735889191268,0.0348210252177942,0.350156710398256,0.00129820528699033,0.0134806441000934,0.487354791639807,0.0324950948819448
"spot_651",0.0519614864910143,0.00273587337815053,0.000618421659505309,0.0183988495223397,0.160405786327681,0.00247586382768583,0.146219638020932,0.593580900068124,0.0236031807045665
"spot_652",0.068727175680419,0.0504620063071268,0.547780954855734,0.0538248953463793,0.0947047748677937,7.29281949825467e-05,0.112856903605622,0.0714246308068886,0.000145730335053622
"spot_653",0.0347738973739081,0.0269738910299833,0.572564271914821,0.0293882853202304,0.0820223388955571,1.8310372884532e-05,0.165901471330444,0.0881315859348279,0.000225947827344322
"spot_654",0.0311429641903053,0.0298628660628957,0.590295375005527,0.0399608890733077,0.0763074031362554,0.000896989115190721,0.0804067933734283,0.150714130913901,0.000412589129188427
"spot_655",0.07602745923994,0.0751495064878148,0.517005922941423,0.0547263839838791,0.0751795032951757,7.60939111496632e-05,0.0997882878412859,0.102007587187641,3.92551116912228e-05
"spot_656",0.0805818360901855,0.0748154663802434,0.438300910239288,0.0649474967296473,0.115043789209857,0.00250255102483529,0.171344498655669,0.0412164928599569,0.0112469588103184
"spot_657",0.0368122044241813,0.0732310844656518,0.559835166856546,0.0294143942407113,0.091992324422642,0.000406236473637152,0.0352901188538374,0.172688966877781,0.000329503385011519
"spot_658",0.0657880445651402,0.0645824931098695,0.532403715093862,0.0423900688004709,0.0949096808259665,0.000530076337237499,0.0891737821194816,0.10984520291544,0.00037693623253159
"spot_659",0.0639682074739997,0.0930258944867572,0.48826909057508,0.153921354038008,0.0342525917802396,0.000116786650059717,0.0893149653065363,0.0770980204114561,3.30892778628177e-05
"spot_660",0.0975857669974191,0.0664881002076337,0.448249013779283,0.0735941837097636,0.127073653244365,0.0153301961519984,0.0745072298218405,0.0896813158322839,0.00749054025541264
"spot_661",0.0424929999733608,0.0931472567772121,0.530684950310163,0.0587583837233618,0.0693148013768513,0.000126208182552583,0.105149722783243,0.100051861432647,0.000273815440609198
"spot_662",0.0557420572772006,0.0698446328838908,0.578183199516229,0.0177195724738924,0.0565495322261398,0.000165042611460186,0.0546653117426679,0.166933910877039,0.000196740391479723
"spot_663",0.0341117973925561,0.0718387812355265,0.51133887087074,0.0816017750460986,0.074268520703737,0.000312499717226647,0.137681592301287,0.0887022026611647,0.000143960071664053
"spot_664",0.028702326429378,0.0151633393941338,0.265169961530583,0.0328087546155644,0.222243914471102,0.0546233421590911,0.073171470443431,0.0772198381082843,0.230897052848432
"spot_665",0.246702295796288,0.00364719360420272,0.00966455766316678,0.0334170820906773,0.252464319021494,0.0122185864212997,0.139504077499592,0.0147474347208991,0.287634453182381
"spot_666",0.000349103550802112,0.000135551097702466,3.3554604606106e-05,0.0449334374380997,0.444905130416869,0.00984136101287967,0.000950504536206737,0.00466089871055241,0.494190458632282
"spot_667",0.00835882247350449,0.00520605510036333,0.00275325889756546,0.055533101345965,0.316005839041852,0.0160830044406117,0.0672892718917712,0.0112617390770719,0.517508907731295
"spot_668",0.000789254433659317,1.75978575329093e-05,1.54172211361207e-05,0.0100175189690665,0.277719173748269,0.0251993499125864,0.0461143383646783,0.00615215122116143,0.63397519827191
"spot_669",0.000407379731731167,6.16042809726737e-06,1.82191548112325e-05,0.0104995289087969,0.455272761768975,0.0084317849554385,0.0275317545048942,0.00230178574691205,0.495530624800344
"spot_670",0.00510664008870424,0.000372001512327984,0.0124326353228712,0.0413817316421861,0.236659922923297,0.0338726048010003,0.0944941052000936,0.000302000910594476,0.575378357598925
"spot_671",0.0910829693298707,0.00456867963424449,0.00965040130861505,0.330369349589871,0.230578558508771,0.114984173895859,0.0109775920260358,0.0162263811025825,0.19156189460415
"spot_672",0.052534147379266,0.033888513395471,0.0161836199445191,0.0357019249825236,0.182621983726902,0.5060828628015,0.141023768005017,0.00816555005536517,0.0237976297094364
"spot_673",0.0674716525764133,0.0209929821686005,0.0100610028766205,0.0602354858025709,0.359537471837456,0.225921058906378,0.146822545053674,0.0572196812147842,0.0517381195635028
"spot_674",0.0461660432046757,0.0291507189090951,0.0120653331169154,0.0424305986817331,0.349797341251022,0.294173763729526,0.150277272031893,0.0316755243365735,0.0442634047385656
"spot_675",0.188614242137981,0.0796175991454828,0.0273437301050063,0.152696459082618,0.178949458778591,0.129299010030862,0.209235182111907,0.0246487054049231,0.00959561320262897
"spot_676",0.0362364938595123,0.0129369991183501,0.0218228008718139,0.0683951113135204,0.497720042014042,0.10992827263423,0.0490359418730483,0.159281761423222,0.0446425768922602
"spot_677",0.0109415320190563,0.0049625390245486,0.00137824895895542,0.132144541880378,0.0277313065455618,0.00346046273541484,0.698965750919671,0.119875269724628,0.000540348191785985
"spot_678",0.0176206772656527,0.0026672512047874,0.00161878215470112,0.0877906774188579,0.0227719302108229,0.000634937708682464,0.741035758362738,0.125007591923187,0.000852393750569826
"spot_679",0.0585200974600812,0.0108889996175944,0.02750081489243,0.0319639306685242,0.0864093576307543,0.0045788807798645,0.00873782325317961,0.758995532593243,0.0124045631043286
"spot_680",0.0199047868841851,0.0161024857258626,0.0335447261093674,0.00350522083287384,0.0202146352325475,0.000497005007091828,0.0186410897161166,0.886273405090399,0.001316645401556
"spot_681",0.0191663245830565,0.00602140198209591,0.0213394994084407,0.0465490056531829,0.34199899211555,8.01866328357753e-05,0.0970917644351077,0.454539414586689,0.0132134106030416
"spot_682",0.0323165969477846,0.00109717785202893,2.17527147839058e-05,0.0483425835773667,0.050535198164142,0.00149241908329589,0.240433317440995,0.620494465302055,0.00526648891754835
"spot_683",0.0373294273992637,0.0396827500981069,0.584326173444852,0.0487004624538843,0.0686572269794614,0.000130252079222645,0.0888353851548763,0.132110367392125,0.000227954998207834
"spot_684",0.0229951156045419,0.0596348054116792,0.595321626767998,0.0188871239132477,0.0512746115277006,0.000209509518773339,0.123221070395313,0.128343098894414,0.000113037966331481
"spot_685",0.0574586988972196,0.0556045715092535,0.49079384929412,0.0497938543326906,0.11805706945891,0.00259530824568914,0.0694240201325466,0.129846579260356,0.0264260488692148
"spot_686",0.0397947177997989,0.0277611050414216,0.554069313405241,0.0528417173635995,0.061559181657491,0.00157071591024824,0.160530029069785,0.10160212577656,0.000271093975854658
"spot_688",0.026931590412863,0.127448308180844,0.522415949528197,0.0503252134951896,0.0822212328133624,0.000202606856679689,0.0802834079525255,0.110059102065352,0.000112588694987364
"spot_689",0.0711992372664395,0.0722178462268483,0.554200113607303,0.0449806104379846,0.0625112597317731,4.06321437556759e-05,0.133686558299688,0.0611010200460236,6.27222401846068e-05
"spot_690",0.0276347085881549,0.0472735399170795,0.544126352977344,0.0238708283762207,0.0797441103482821,0.00125104156245355,0.0468165651109385,0.227226455677014,0.00205639744251288
"spot_691",0.0473154200195687,0.0557077014321867,0.553235561160776,0.0680470448752157,0.0803923929730222,0.000648114725721524,0.136574935742486,0.0577782718629181,0.000300557208104955
"spot_692",0.0168592036501204,0.0208413828739242,0.618742764273473,0.0320456617547612,0.0785681412859283,0.000452837748317716,0.122976145019241,0.109050756053847,0.000463107340388324
"spot_693",0.0495527699444998,0.0633675574355307,0.63150900293192,0.00697673669317629,0.0645288836613129,0.000150906152128781,0.0910626221647885,0.0923983660154327,0.00045315500121032
"spot_694",0.0194571949237972,0.017917049569128,0.641188180311245,0.0602277753642657,0.0356396405640452,0.000119731034760477,0.0990216966344482,0.126338254525582,9.04770727281666e-05
"spot_695",0.0490581033016634,0.122129447094134,0.534999027957958,0.0767576868895252,0.0728264490641371,0.000626284825975549,0.0786164956361616,0.0647962778813274,0.00019022734911776
"spot_696",0.503703414731434,0.00694730043980526,0.00318883917465473,0.0723167723674925,0.20463253739669,0.00885751010516496,0.0592252480905133,0.0750062528122318,0.0661221248820133
"spot_697",0.000826823418346444,2.61521592603648e-05,8.09530436259642e-05,0.0388005693426686,0.334952240842724,0.00793364899206138,0.0431688416040185,0.00736884549742649,0.566841925099869
"spot_698",0.127932216503466,0.00416745808177957,0.00747225254261002,0.0565495829424023,0.275452918932578,0.0196454660153338,0.0675607132177257,0.043778573444037,0.397440818320067
"spot_699",0.318615158265034,0.00292170620927162,0.00306195574839453,0.043966705468472,0.256523863535553,0.024073017725562,0.0645019644028586,0.0412426029631167,0.245093025681738
"spot_700",0.189029048380339,0.0157416678468245,0.0106907871697586,0.0725580496959048,0.251943473340992,0.0183183716666412,0.0497621257444026,0.0106088096683067,0.381347666486831
"spot_701",0.0675302907370527,0.0041234215390273,0.0075004501048455,0.0603364372200078,0.249037976282464,0.0480950504952793,0.105388213662631,0.0181251412008335,0.439863018757859
"spot_702",0.0779547769392262,0.00447939717943764,0.0176891486967187,0.0556220272865686,0.316070830943624,0.0126808254898049,0.0335800025025472,0.0292426217643192,0.452680369197753
"spot_703",0.0376004717669515,0.0205056566150137,0.0226350129249775,0.032003740154544,0.441337706127645,0.230790670431874,0.0683693272429828,0.04397760789573,0.102779806840282
"spot_704",0.0784809869896359,0.0254894159665529,0.0107566210649138,0.0208207642312436,0.272607354629766,0.373814130398185,0.140181489122461,0.0401314036073587,0.0377178339898838
"spot_705",0.0302880816445723,0.0230961278304588,0.0132875825552324,0.0175353483462756,0.455005138063706,0.255604566219664,0.10484322402488,0.0398889295964386,0.0604510017187713
"spot_706",0.0433385064003806,0.0244532848228351,0.0157447053023969,0.0205247207640869,0.335921340410655,0.26920398490634,0.208186687295118,0.0213581473675083,0.0612686227306794
"spot_707",0.0273034031336031,0.0805947851794446,0.013920704285981,0.0325876801313099,0.336679549127801,0.240048726530857,0.200421484512133,0.0402711902096375,0.0281724768892327
"spot_708",0.0382284861353961,0.0901858203113616,0.0224790145283317,0.0386619425183962,0.303762847400193,0.274195445026056,0.156790470272267,0.0485995819861832,0.027096391821815
"spot_709",0.0301779333109606,0.00452768836924476,0.00405529527044609,0.128815210579612,0.151633128502129,0.0197965082755298,0.57522074586627,0.0380340521381257,0.0477394376876822
"spot_710",0.0587337992664374,0.000713366596068121,0.0057365992765465,0.0702436129777538,0.347116208553147,0.000484500804366242,0.482958259165146,0.0147370082201783,0.0192766451403565
"spot_711",0.0394034621112018,0.00536507335968032,0.00444521601723213,0.0178972514148798,0.0538183783539363,0.000355068393809518,0.720827891181737,0.154228401039333,0.0036592581281905
"spot_712",0.00227727505064873,1.54736521076894e-05,0.000917487068383577,0.0163946453909456,0.939059986249966,4.40743978407183e-05,0.0214313776896858,0.00523340645961548,0.0146262740408062
"spot_713",0.0425881240970058,0.00250442035691042,0.00992281715985069,0.0308443670921203,0.555952804207399,0.00204045257255932,0.267608863038758,0.0323831384759376,0.056155012999459
"spot_714",0.0337330353011514,0.0523627083239367,0.56775322736302,0.0438106668365177,0.0758357309119022,0.000976319411831391,0.10759814084479,0.115853857208684,0.00207631379816565
"spot_715",0.0506057376299387,0.0510324585182658,0.528455002115148,0.046023548634207,0.115695775390536,0.00441856395064529,0.0542848490092197,0.145901014269576,0.00358305048246364
"spot_716",0.077251426276134,0.118970285077488,0.493770694132495,0.0943866541824711,0.0880607543669801,0.000367052247786458,0.0834353952043323,0.043317531003662,0.000440207508651907
"spot_717",0.0581719657648963,0.08299658178684,0.547717117517132,0.11435962152071,0.0545589571897776,0.000124352845850523,0.067307539882171,0.0747354041863957,2.84593062270285e-05
"spot_718",0.0611019465180931,0.0453094072489262,0.586010547523539,0.0441353568780485,0.0742046464954406,2.18637923942869e-05,0.0707928634867899,0.118342066050572,8.13020061969218e-05
"spot_719",0.0999462393696204,0.14134961860313,0.503560625047915,0.0484813706994505,0.0557822484258814,3.29034503696332e-05,0.128859639562537,0.0219796236578188,7.73118327744973e-06
"spot_720",0.0436384161974314,0.0890168974391854,0.485037062993562,0.101698165769771,0.0524439764376057,0.00129302958186051,0.133922081310479,0.0922662278560089,0.000684142414095211
"spot_721",0.056143234755818,0.016130606447526,0.452087920202902,0.0314966907771869,0.18755748278453,0.00255937743057305,0.0657200281477523,0.0775967680278696,0.110707891425842
"spot_722",0.0881327428751431,0.0761735171235657,0.54036222523344,0.0533317087294156,0.0558476745417854,2.55634684286303e-05,0.119662811440594,0.0664363085325559,2.74480550713835e-05
"spot_723",0.04479927862802,0.0487786365901843,0.57680271774385,0.0353248645094066,0.0686299896445888,0.000394130709616921,0.100698378715628,0.123942336648352,0.000629666810353355
"spot_724",0.0486516698123852,0.039707323329938,0.509085909419954,0.0588568997423586,0.109104961168408,9.44441571833913e-05,0.177835992963501,0.0562799237773505,0.000382875628920607
"spot_725",0.0748970692770294,0.0960436479776883,0.513085310623508,0.0810125837262049,0.052399511126002,0.00015844479316489,0.128526856271265,0.0538626537661954,1.39224389423756e-05
"spot_726",0.0126849416981051,0.0122590432278512,0.612518221744039,0.090017799270599,0.0430382535706018,0.000525533541379198,0.0596518000456033,0.169184589776942,0.000119817124879559
"spot_727",0.000973105585786168,1.61237552088851e-05,2.68102036110212e-05,0.0226045552802102,0.342963176138078,0.0149569991203467,0.00734917584307388,0.00188008597204694,0.609229968101638
"spot_728",0.445882241151286,0.0211831447701752,0.0113163407925251,0.104005324994354,0.141250766585487,0.0717453890013543,0.136924576511801,0.059125702278346,0.00856651391467215
"spot_729",0.000762763453832626,0.00050469539436137,0.00043717187673195,0.0329704374385862,0.269388521360432,0.0246026613859518,0.0347576161982288,0.0136224999346143,0.622953632957261
"spot_730",0.102825293825034,0.00520004976507231,0.00659629681391099,0.0277614374101895,0.296431442144791,0.0128651461042265,0.0436432077311587,0.031801769758205,0.472875356447412
"spot_731",0.000225141719455178,0.000207014137347604,8.25776016616369e-05,0.0651993983925624,0.425534014518083,0.0133125084840171,0.0192797934186913,0.00477071030587834,0.471388841422304
"spot_732",0.0303022751671417,0.00287871164710787,0.00849788189934212,0.0459531239456055,0.357062074305159,0.0104771213113519,0.0530765325379089,0.014401782377557,0.477350496808826
"spot_733",0.0012348628281285,0.000154685405445252,0.00121545638593288,0.0671696596450491,0.390868649905529,0.00810878297991745,0.0269525904801186,0.0108721463956941,0.493423165974185
"spot_734",0.0253316597047603,0.014689249433009,0.0177751247979352,0.0380118523926318,0.3337587696974,0.119307071799834,0.129338342163098,0.00697606364825976,0.314811866363071
"spot_735",0.152002874631825,2.93971159608478e-05,9.14936412653626e-06,0.00215249636589712,0.27867124284991,0.185188320471379,0.0281251846765704,0.141827286619993,0.211994047904339
"spot_736",0.0520278060782724,0.0161530191410785,0.00774605267775976,0.0285325605198783,0.35029895665635,0.275934272247013,0.169657157638133,0.0204575099362084,0.0791926651053062
"spot_737",0.0318718145347384,0.0391983091570215,0.0121484467192656,0.0374184910551471,0.39407446241969,0.306388352338334,0.0961072855746933,0.0586900018610153,0.024102836340095
"spot_738",0.045494179843792,0.0410220092871704,0.0437008794968496,0.085510014692858,0.329305197434261,0.186752208557122,0.250488615695495,0.00683687945360987,0.0108900155388427
"spot_739",0.0141278004591402,0.0360416399475317,0.0151879050468967,0.0207887916730745,0.39086226040446,0.302485639572283,0.117114808563007,0.0544157624287326,0.0489753919048742
"spot_740",0.0447671101391012,0.00688421004559226,0.00269013985729829,0.0410377734102738,0.318770673114794,0.22873954465406,0.177050284780699,0.0323655622087454,0.147694701789436
"spot_741",0.0200118524947688,0.00952230410522848,0.00589308633118189,0.0846671491734298,0.130873930341486,0.0260559974293955,0.650361417441357,0.0668768794532677,0.00573738322988487
"spot_742",0.0271167158537685,0.00514915591975573,0.0107820579040075,0.118300620166065,0.602653057864529,0.000539494786181148,0.170521184764791,0.0385252644846383,0.0264124482562644
"spot_743",0.0100323075757416,0.000385383687141167,0.00203750747642338,0.171222186509582,0.640611118378677,0.00304675893862997,0.0826764656114597,0.00257606027124041,0.0874122115511042
"spot_744",0.0598009664101822,0.087191213595835,0.0405830623022066,0.0552428576228094,0.624186805123834,0.000436590134706175,0.0834475616004636,0.0165378504045566,0.0325730928054066
"spot_745",0.0328468169401009,0.0299415377111488,0.392139464906093,0.0694993562745211,0.201195904982599,0.00161262421217782,0.168942477618943,0.0466825401391992,0.0571392772152165
"spot_746",0.0477163407693422,0.0591199383058904,0.56079227879118,0.0340947225854966,0.0829921690730638,0.00113605436689619,0.0672807161042469,0.146077377075508,0.000790402928375909
"spot_747",0.0475143266306847,0.0432116830741696,0.408760678269708,0.055649094856708,0.176636391766947,0.00487814757334355,0.125754446601125,0.0543978413154661,0.0831973899118479
"spot_748",0.0629960964521358,0.0608958878221618,0.534777778979624,0.0594164701396491,0.101356557489872,0.000507009098570834,0.0643396555712464,0.112309153008622,0.0034013914381184
"spot_749",0.0681594107344762,0.0498303150680237,0.591085151703168,0.0478478612971988,0.0853743600080679,0.000223977883078059,0.0862285408631669,0.0712080467683928,4.23356744274479e-05
"spot_750",0.0339392927748746,0.0232562010112982,0.454520439105844,0.181854567556199,0.0636337498739757,0.0117343554364693,0.0312948348077041,0.127413163678589,0.0723533957550461
"spot_751",0.0258896247068589,0.016266015362604,0.636859371490703,0.0137408250459695,0.0570937292276125,0.00417655172641703,0.10693789566208,0.130964613028052,0.00807137374970322
"spot_752",0.0246557324743786,0.00994982028408181,0.598353737091813,0.0437065039352765,0.0810977206467059,0.00134802651644073,0.0507758801425013,0.18627114653336,0.00384143237544216
"spot_753",0.119020300640914,0.0812800149174342,0.423219707006698,0.0215757641683753,0.108186280707183,0.0786785821833678,0.0690404756669778,0.0590013310715726,0.0399975436374768
"spot_754",0.0375807139526612,0.0267119886346122,0.563819198799728,0.0471927154051309,0.0866511929370826,0.000371876790889659,0.127142469153348,0.110424389436431,0.00010545489011594
"spot_755",0.0227422876344832,0.037037030014251,0.566579427574195,0.0413707515286777,0.0764341255517691,0.00116573972845603,0.180234597339412,0.0740605853129509,0.000375455315805772
"spot_756",0.0127015083037741,0.0272555363295367,0.554664627745654,0.0563301364576068,0.0717928130356801,0.00043299064138638,0.137320363642935,0.138973234892936,0.000528788950490902
"spot_757",0.012880202516994,0.0225758882900776,0.511626337417861,0.0602305111739828,0.175481561996509,0.0017247001478364,0.106103909946012,0.0782519906074845,0.0311248979032423
"spot_758",0.00409582797231039,0.000125164147658493,0.000124987401349964,0.0162514211587073,0.32665227870986,0.00878617904088246,0.0681423884611104,0.0219903267547128,0.553831426353409
"spot_759",0.000198481905528976,0.000182717219927563,0.000273458697813528,0.0532492003571376,0.376545062246152,0.00518873309462871,0.0923681210913306,0.00360769820679494,0.468386527180686
"spot_760",0.000982701515635545,0.000175486754888546,0.000118776741158178,0.0644591049898207,0.321407323941757,0.0166621872916113,0.0496472583473049,0.00808985021953236,0.538457310198291
"spot_761",0.432027267093688,0.00959376591949326,0.00506381264438086,0.034313784917004,0.223147136038849,0.0197735320279704,0.0693923518091497,0.0364851062978008,0.170203243251665
"spot_763",0.00110583290792086,0.000114615095600943,0.00026626744300151,0.0235621098134614,0.404954515557891,0.0282153433912181,0.0136962606567393,0.00727489077197839,0.520810164362189
"spot_764",0.542231971886546,0.00887837392020337,0.00591626862375515,0.0859340415798562,0.188981741907822,0.00588383734216141,0.0632871530485903,0.0558548248572962,0.0430317868337697
"spot_765",0.0030917856757289,0.00100658916793363,0.00415127234064355,0.0825422439585393,0.289949277769879,0.0109266060845816,0.0113566148612024,0.00214066519960832,0.594834944941883
"spot_766",0.0343209729859247,0.0135153587332046,0.0110556883547758,0.0701227538004894,0.358475600814571,0.223137283830118,0.123859489363355,0.0314254135784719,0.13408743853909
"spot_767",0.0290676605364954,0.0145252810976918,0.00925163679493435,0.0476529180765366,0.407417558898517,0.207379451546301,0.148398917931648,0.0367632040413588,0.0995433710765173
"spot_768",0.0546263804961068,0.00627171210184847,0.00105062446201477,0.0983078426238992,0.280495405534265,0.193879307319462,0.181429666945305,0.0184348262447969,0.165504234272302
"spot_769",0.106015633557815,0.115454796807878,0.0237355653590909,0.024014944437625,0.317164689002434,0.174276866518115,0.105376920582299,0.0430171453242443,0.0909434384104973
"spot_770",0.102201578183938,0.0150532774759498,0.00309287636639497,0.0277998030755094,0.349089245958843,0.246137584175921,0.149211314591207,0.0441568939898902,0.0632574261823468
"spot_771",0.0896347648028733,0.215701608145504,0.0507107383257543,0.0555300018451934,0.274928093803369,0.0779086211223455,0.107112595762619,0.0950943359521504,0.0333792402401912
"spot_772",0.0631122031941003,0.000543913406824391,0.00579978549873234,0.0957373087605498,0.714054770546007,0.000130457466340347,0.0348412897617958,0.0506239244934152,0.0351563468722344
"spot_773",0.0113196198332542,9.90705072629677e-05,7.76761120874813e-05,0.210682813933013,0.568429095995139,5.09076595297942e-05,0.174374233862073,0.00161372206602284,0.0333528600316174
"spot_774",0.0526408120546918,0.000535805749011998,0.00488124754282669,0.0148017304598338,0.794154637289586,0.00240392232796738,0.0323052888888074,0.0195113144990755,0.0787652411881994
"spot_775",0.0183660235657694,0.000751360154845281,0.00554102404444521,0.0578534966159425,0.830831672702378,0.000236374351349215,0.0447432134873375,0.0201280675553315,0.0215487675226009
"spot_776",0.0783848144354117,0.0823688532894762,0.500953298864352,0.0841528003303164,0.0756657070814106,0.000137213999424332,0.0487865793999609,0.129399695046265,0.000151037553382612
"spot_777",0.0339751932524892,0.0339112384604905,0.559726277495229,0.0452508486212311,0.0745961003034526,0.000298729947894305,0.16762581010772,0.0841842285521224,0.000431573259370754
"spot_778",0.0730356726303339,0.0532451543671112,0.554195171145212,0.0896470833020884,0.0509705550379603,0.000266587851994731,0.0885279222387079,0.0897133118482279,0.00039854157836373
"spot_779",0.0408183313074951,0.189676750475033,0.524542686259314,0.00442011605023641,0.0653950825155659,0.000136688577875158,0.124035473603382,0.0509690039854791,5.86722561923769e-06
"spot_780",0.0429037108008558,0.0281584779064726,0.577891002002072,0.0681934748986961,0.0687243397597044,0.00183093070655842,0.075452346060476,0.131161194896452,0.00568452296871292
"spot_782",0.0450360724037748,0.150007229026816,0.444816887605173,0.0847194775618087,0.0823084524912457,0.000251380352449692,0.0693638785765306,0.12306589854029,0.000430723441911861
"spot_783",0.0269312545722922,0.0423649855050522,0.558496774012472,0.0575531085941275,0.0800469795549214,0.00169935042343536,0.115712371715571,0.116664772812578,0.00053040280955023
"spot_784",0.0569212180548306,0.100916729908574,0.551793807321061,0.0724776505828497,0.0553617395521441,0.000333046034984963,0.082852858042896,0.0793069228007583,3.60277019006607e-05
"spot_785",0.0279163658611577,0.0372118576357285,0.564726110611101,0.0249209882070178,0.0810658878630068,0.000324503087776759,0.153332820704235,0.110175034964141,0.000326431065835485
"spot_786",0.0480058906137293,0.038505463519482,0.552549012987505,0.056254022178868,0.0923914486533966,0.00342489032851544,0.0736392432303527,0.133909988353766,0.00132004013438489
"spot_787",0.176639473564266,0.169954206783547,0.41453849334478,0.0402495350692221,0.055441413611625,2.91010128016917e-05,0.113170487142927,0.0299763482558916,9.41214939906323e-07
"spot_788",0.0999739065038325,0.0128057840644875,0.248891222217304,0.0379111068322803,0.270922422168534,0.0242439337479098,0.100403331121317,0.0471834633806254,0.157664829963709
"spot_789",0.14797612899785,0.00224267002217283,0.00789289122632661,0.0370248400302309,0.44622033586743,0.0129047448897496,0.0117854873549796,0.0207146078634168,0.313238293747844
"spot_790",0.00155513274180662,0.00141983678614509,0.00107576373404565,0.0714504287610072,0.249713597043919,0.0359693898240716,0.0484077413825784,0.0193144144933402,0.571093695233086
"spot_791",0.346920232103385,0.00281683375086052,0.00304777170150988,0.0208151439942134,0.174045916296275,0.0152667365688405,0.197687848741726,0.0246806618744561,0.214718854968734
"spot_792",0.233216235864141,0.00232645947957953,0.00382485443034044,0.0302114491704661,0.321286978604863,0.0161625818393345,0.121800141178932,0.0149220847457221,0.256249214686621
"spot_793",0.0217152536422068,0.00194383430840236,0.000206091832111485,0.168821311763411,0.272745201900525,0.204321631954265,0.00967394936733699,0.00657591443984583,0.313996810791895
"spot_794",0.429579406840053,0.0212719268685454,0.0267787864413035,0.0294730067615098,0.248453553526812,0.0120441532865071,0.047393487870822,0.0995516344745174,0.0854540439299299
"spot_795",0.282053891680162,0.00584602550430762,0.00581972591483894,0.0363757315894957,0.250546172562414,0.0443736327641832,0.0663951270336354,0.0396267483936312,0.268962944557332
"spot_796",0.198250185352372,0.00588689647560445,0.0160155905572808,0.028138335803172,0.205759816390514,0.0093508960620902,0.100541597439752,0.0348617690783141,0.401194912840901
"spot_797",0.04562223216165,0.0215214968046414,0.0222359475873783,0.0332753256658728,0.365239183634777,0.298508675043088,0.0992685150483838,0.0446356553678885,0.0696929686863198
"spot_798",0.123141789102482,0.0290550246967521,0.0217898222815141,0.0547571203587385,0.264321314740633,0.274631299081724,0.150520345836032,0.0513575816823547,0.0304257022197701
"spot_799",0.0665022893467648,0.0254379790520686,0.00577945538357766,0.0419430788021171,0.267308212307079,0.327506383045357,0.153177237556633,0.0221032310743399,0.090242133432063
"spot_800",0.0185072185100078,0.0297160395258634,0.0128366135940039,0.0573848682116729,0.382581646386237,0.25952750801123,0.0944464304507528,0.0524987406137911,0.0925009346964407
"spot_801",0.0488962701860008,0.160266280465194,0.0282538353945397,0.0778247603687686,0.249533931215819,0.133157364031582,0.109551862569122,0.0877973806715148,0.104718315097459
"spot_802",0.0673049797917974,0.18432015687688,0.0337463936514763,0.0323266858933199,0.249623044459277,0.0584439788398477,0.133938186808723,0.0486338880009738,0.191662685677705
"spot_803",0.00833896642083533,1.88091859615804e-06,3.01329650596108e-05,0.001651833929895,0.941774414533972,2.16735236113361e-05,0.00206156280587625,0.00283594855184096,0.0432835863503132
"spot_804",0.0165016017357517,0.0614284365150274,0.031026015416017,0.080819730568591,0.510357115048381,0.00609342874475723,0.0356958588462766,0.0236272659043254,0.234450547220872
"spot_805",0.188841274720031,0.000779972778647502,0.00690653397971285,0.0585515777033508,0.611125156661105,0.00738517139270009,0.00750844409956866,0.00731815134993186,0.111583717314952
"spot_806",0.0360358838616518,0.00929791907744811,0.00998028145293762,0.0635526557780445,0.751888992106086,0.000541524825289467,0.0701391586586998,0.0172818934354398,0.0412816908044031
"spot_807",0.017863387900006,0.0836314726776753,0.531016562983727,0.0608430158158487,0.0505605208209038,0.00103162866354283,0.0355733932326374,0.219293222918903,0.000186794986755828
"spot_808",0.0411839848828292,0.0515053645634282,0.555671840411361,0.076561096568006,0.0642402873771011,0.000894066742635495,0.0835549133726383,0.126188251189219,0.000200194892781371
"spot_809",0.0410323877394513,0.0598340112945591,0.574320977272467,0.0321105728446227,0.0414036205472515,0.00116000736632366,0.0848357879518785,0.164096309446692,0.00120632553675406
"spot_810",0.0793333897647379,0.116980673103821,0.527734107660694,0.0351835891187301,0.0748321251741617,0.000261932168562735,0.0595523008055168,0.105964245119249,0.000157637084526712
"spot_811",0.0458755149686716,0.0693580277616486,0.550979988987136,0.0419939208698119,0.0823392483295544,0.000830924694842183,0.0965148674432107,0.111486822471444,0.000620684473680364
"spot_812",0.0539753666052379,0.0676327365361899,0.537202020178141,0.0436216918779331,0.0881028236785579,0.00122333477684393,0.076208272207531,0.130599388468251,0.00143436567131511
"spot_813",0.0194741030041622,0.0509312159562969,0.578647243815239,0.0277820779068461,0.0755745133489534,0.00179669742155645,0.104265343964516,0.140117404746867,0.00141139983556331
"spot_814",0.0761955985869885,0.114346991639048,0.519157076018446,0.0350485600065193,0.0697686005199452,0.000148523937919875,0.115733625187466,0.0694442298048617,0.000156794298805393
"spot_815",0.120442877081886,0.0211461748702675,0.429552551466104,0.108235820517305,0.099987524799814,0.00331943080964344,0.0716067431299224,0.138944700387109,0.00676417693794932
"spot_816",0.0459414705585881,0.103580123380639,0.527860419562752,0.10692967329172,0.0719584205778679,0.00192038136306692,0.104435687997024,0.0373463148880547,2.75083802869342e-05
"spot_817",0.0176414475285321,0.0202941487953478,0.587596650025048,0.0367165588893124,0.0901571828975107,0.00174733738418412,0.0592690536279855,0.1851847143387,0.00139290651338004
"spot_818",0.0518454573795116,0.0753859786965353,0.352450760779756,0.143612727963818,0.109046803450328,0.019172426096225,0.100724527764031,0.0931473162138143,0.0546140016559805
"spot_819",0.0178833043651645,0.00377968072940423,0.000613375694216549,0.0173092481061847,0.495873318631166,0.138215090522671,0.042872862520459,0.0280023328841548,0.25545078654658
"spot_820",0.44891176703519,0.00661877628602298,0.0048498728503182,0.0550044084431084,0.231285583754962,0.0067879205694617,0.05881186770588,0.0515829498869827,0.136146853468074
"spot_821",0.637050423713997,0.0103684298769998,0.00371263722150743,0.0953310386383226,0.072864171989638,0.00781301795026461,0.103827990853922,0.0667360489736816,0.00229624078166725
"spot_822",0.110666144042821,0.00453440694981365,0.00876948596988097,0.0737853924278397,0.229423666316661,0.0123922623811568,0.0689374177046507,0.0335734971318388,0.457917727075337
"spot_823",0.392373225277923,0.010655372749645,0.00845742866270313,0.0159079224327486,0.163952935357789,0.0336953873767399,0.0735992960157861,0.0564733346232641,0.244885097503401
"spot_824",0.10891817912539,0.0146800655115766,0.0111329192550757,0.0619640331407089,0.272697767975989,0.0515101283381683,0.0582516320517197,0.0352745766558895,0.385570697945483
"spot_825",0.195276629955195,0.00836844059774792,0.0154977969529122,0.0827738437598807,0.237141217157876,0.105930922926389,0.159657226876728,0.00946783312229221,0.185886088650978
"spot_826",0.000260325365244462,1.94340528279692e-06,7.17017479636768e-06,0.00288143116324534,0.350131981924218,0.0074827935477223,0.0258021222163128,0.000481814517436336,0.612950417685742
"spot_827",0.196582554127764,0.000938211124957978,0.00246480551276941,0.200528820303865,0.244756429465035,0.0094173153039062,0.0324884612415681,0.00861570279874535,0.304207700121388
"spot_828",0.00344560010364656,0.000915750667987642,0.00120568616658245,0.0355179764037367,0.364859331825241,0.0173840846790362,0.00545563785612673,0.00136643637800993,0.569849495919633
"spot_829",0.0297543252676212,0.0826716326121118,0.0340423287737654,0.039972388833164,0.323246377074663,0.217559355390401,0.155006420597862,0.0297810884848141,0.0879660829655966
"spot_830",0.00844717992405189,0.0575452277105305,0.14688062454281,0.0296085040368111,0.250174843443116,0.0318322548732792,0.0271487462219763,0.0732446688884171,0.375117950359009
"spot_831",0.00647213873152585,0.24469809829902,0.0409601911505188,0.0320289559278938,0.257199112362072,0.0106774081299061,0.0359983797792085,0.0810103035281837,0.290955412091672
"spot_832",0.000690257661002702,0.000439677290070745,0.000218184056243451,0.032752024581013,0.368839348240056,0.0106944954889838,0.0300071860311328,0.0212313392313916,0.535127487420106
"spot_833",0.00246440761379649,3.0691676408454e-06,0.000133699994711411,0.17744650517585,0.326151094984,0.0041347233450135,0.0158323749153454,0.00449376634649518,0.469340358457147
"spot_834",0.00193118824111457,0.000120410691291378,0.000178683002033486,0.0319642645587141,0.371197873930376,0.0301060485644891,0.00500380006791914,0.00268148009287329,0.556816250851189
"spot_835",0.0336338362584079,0.199708006402188,0.0226293114232497,0.0861172912636732,0.212099531096988,0.00566634141198121,0.0685780704828065,0.0502067904739702,0.321360821186735
"spot_836",0.0296401232047902,0.290624714297205,0.0872915881206206,0.101034337753608,0.170022144472565,0.00362255004832951,0.0209639670814278,0.0886292700117011,0.208171305009753
"spot_837",0.010489753751583,0.115098215659291,0.0323524814086879,0.0847758423486547,0.363261290247218,0.011838014525242,0.0604014176877471,0.0230395025983924,0.298743481773185
"spot_838",0.143530532396101,0.0712997423557753,0.448857348607586,0.103740365703119,0.0492770211697241,0.000251416132726285,0.130726261160607,0.0521195091481189,0.000197803326243311
"spot_839",0.0596439218449862,0.186449609791878,0.35591305510659,0.128626221794184,0.0437782098199283,0.00100669782381876,0.190904862595384,0.0336335665573828,4.38546658491607e-05
"spot_840",0.0747240211417527,0.0227132909791199,0.565491967622143,0.0506665294774788,0.0886218962915335,0.00055180511381173,0.0377481765919064,0.159415505554784,6.68072274700218e-05
"spot_841",0.0351862746680647,0.056107075174661,0.596480317436743,0.021231773230989,0.0883905365602372,0.0010707326073921,0.0587163898603814,0.14208744379512,0.000729456666410753
"spot_842",0.0368793372275139,0.032390711653118,0.604119100901051,0.0324121417921237,0.0861041426861526,0.000164451169444461,0.0948360925236099,0.112462108556451,0.000631913490535705
"spot_843",0.0667647421612205,0.0374865204506967,0.149714541961432,0.0227750553540958,0.0450922384801689,0.000944840598835496,0.0943989082021769,0.580423526118828,0.00239962667254595
"spot_844",0.0556709791936133,0.0244365924263163,0.275923838242915,0.0347920754244227,0.0393298373899503,0.00057348999625364,0.206645572102943,0.361513818654457,0.00111379656912864
"spot_845",0.0230197080685706,0.0243144608704668,0.648565169949984,0.0741838055797558,0.0640643314437404,0.0041338477415451,0.107207336802369,0.054387802776314,0.000123536767254029
"spot_846",0.0120993689889464,0.0770740490871202,0.5897531356373,0.105511215307474,0.0440403161637745,5.09800212612868e-06,0.0229167074098937,0.148562608372113,3.75010312527431e-05
"spot_847",0.0175078779164202,0.0946149789345264,0.563008074040716,0.0256740431507087,0.0716537295903118,0.00114811105497059,0.0238137371630067,0.201598571560925,0.000980876588414311
"spot_848",0.154681965649603,0.0533847696849992,0.262845811084601,0.0142216193302698,0.193606589292493,0.117861678321259,0.0909722274456574,0.0882148922007415,0.024210446990375
"spot_849",0.0769096397168256,0.0121533383770767,0.00144233711805894,0.0865064249603646,0.341379683719811,0.239802509911986,0.184498074206406,0.0354791899157203,0.0218288020737507
"spot_850",0.0412075273429759,0.02306864450064,0.0298061744838418,0.0109976043238853,0.325968485295913,0.332678274621246,0.191673004716101,0.0185887167558923,0.0260115679595056
"spot_851",0.395299343695432,0.00746501618334881,0.00340617577054975,0.0501105646490259,0.238476738214944,0.042215193910194,0.104147169403082,0.0403969324402226,0.1184828657332
"spot_852",0.000674994050354371,0.000329654950484304,0.000532822467771165,0.0652479216115347,0.336110954177456,0.00403108119481657,0.0346601365354412,0.0124265427683838,0.545985892243758
"spot_853",0.139032423958733,0.00466562425508401,0.0132442552816877,0.0752835355909484,0.334711442326937,0.0107886337420681,0.0595827585139498,0.0207766578308826,0.341914668499709
"spot_854",0.0234340685726829,0.0074808720320799,0.00269719178689681,0.0449025113771008,0.295338704505884,0.159947371193637,0.123976828805148,0.0469809601728461,0.295241491553725
"spot_855",0.0549154523260664,0.00299471322818682,0.026301305728119,0.107053300357297,0.310822302450991,0.0153694348662034,0.0546599918690507,0.00310113911765242,0.424782360056434
"spot_856",0.00187621455579082,2.89687014612286e-05,0.000163514286186368,0.0232294615964513,0.420702565420894,0.00187241462310411,0.0346943169117679,0.0139040857162684,0.503528458188076
"spot_857",0.581196264171545,0.00349187323428648,0.00370716189346372,0.0316421374332664,0.215028603075548,0.00836917054267306,0.0626344500980185,0.0614789402407645,0.0324513993104347
"spot_858",0.000163103402370464,7.87670790217367e-06,7.17545783816835e-06,0.00611021883329549,0.465442821999725,0.0269000075929574,0.000530977838120142,0.000426644641559286,0.500411173526231
"spot_859",0.0156173477888959,0.01618712384428,0.11242557362733,0.0527092981536019,0.347569332466052,0.040327956625902,0.0708278508079896,0.0143462983826893,0.329989218303259
"spot_860",0.0752974088202615,0.29328183438998,0.0899838319199402,0.062690403539113,0.0947854724086046,0.0247565682847914,0.0261401954164344,0.211547290532352,0.121516994688524
"spot_861",0.0731079909514224,0.233684175696884,0.448048292385823,0.0505909709040001,0.0542654632689228,4.67190651508204e-05,0.0917245144084167,0.0484989868858179,3.28864335624717e-05
"spot_862",0.0668800279666915,0.255916139854672,0.371342307976517,0.00159128051255137,0.0825397311286796,2.97498186016636e-05,0.0496369724339369,0.171979330039756,8.44602685946403e-05
"spot_863",0.0645830750619368,0.161986944435351,0.543171404492559,0.0914680633887171,0.0278887036384494,0.000371677763735896,0.0863496165383417,0.0241391460585044,4.1368622404386e-05
"spot_864",0.105863974989014,0.168952220120117,0.254263626930915,0.0526215611645386,0.163178837829431,0.00697967703847929,0.111776088935374,0.0698088283355825,0.0665551846565478
"spot_865",0.0759825150923904,0.172958738345453,0.380250125793311,0.0315635300264461,0.0755659531522417,0.00040386707219775,0.19842847927683,0.0646794715203542,0.000167319720775081
"spot_866",0.118040944931594,0.00799638454659183,0.00612910663486277,0.111429874990275,0.0791616032757068,0.040437525640662,0.557172552106604,0.0493812560791757,0.0302507517945279
"spot_867",0.00575019924812598,0.0010284746480021,0.00116936874743399,0.0870433699804213,0.193639947686415,0.0229706157752101,0.457253549216531,0.0223466839982746,0.208797790699587
"spot_868",0.00814665890610622,0.00448310728257818,0.00483622548919186,0.0410447466660971,0.212214270079611,0.0271953480703025,0.26000571713692,0.021241444249734,0.420832482119459
"spot_869",0.104778475935269,0.290947580303347,0.24748764989115,0.119775889539633,0.0515339162669743,0.000158465046031454,0.0279971774230052,0.156914172965101,0.000406672629490006
"spot_870",0.0530522945185077,0.01322586962639,0.110756488297019,0.0219582134485315,0.0516018670316977,5.06795297697035e-05,0.294468696664213,0.454608141569144,0.000277749314727698
"spot_871",0.0897987758216975,0.17206628915785,0.227662838973893,0.0451388601189485,0.0405409402149293,0.000352530729627042,0.0975242015447967,0.326715178653342,0.000200384784915759
"spot_872",0.0594001136391133,0.071736301994476,0.000857693615682395,0.037165067754414,0.0629716049864132,0.00103968672529237,0.176256792631838,0.589752341002447,0.000820397650324071
"spot_873",0.05283860041278,0.0899537738256294,0.037471764651794,0.00896463034770708,0.0352052204618396,0.000903234824603046,0.0429228778126145,0.731277069282746,0.000462828380285902
"spot_874",0.0706800075825674,0.0896851454427941,0.023617773866019,0.0125211407017127,0.0507932896534153,0.00215916192672495,0.0450941654589935,0.703112355891615,0.00233695947615842
"spot_875",0.0599877601850666,0.0183604124533371,0.0122549305177534,0.032944090922657,0.0475219890445027,0.00392562873604182,0.00104581022871522,0.822917699917388,0.00104167799453842
"spot_876",0.147156374774109,0.484928884509597,0.0929657019161906,0.0588330963734346,0.0369613309582146,4.02064809869529e-06,0.0642641994832906,0.114883258489103,3.13284796225309e-06
"spot_877",0.0893851971844485,0.196489670279077,0.154930846759255,0.0386757887687668,0.0367327737881219,0.000975346579245638,0.0615089841664191,0.42125032603238,5.10664422866585e-05
"spot_878",0.0386378416411013,0.0457959462414704,0.016949325354596,0.0176488789288051,0.123565642871597,0.0707809823258017,0.124162917487248,0.542491126274708,0.0199673388746726
"spot_879",0.0820416689915282,0.0212324063992042,0.00292174992767625,0.0109704081082855,0.351950151174406,0.278440319201385,0.0578970998396933,0.068046535727697,0.126499660630124
"spot_880",0.150598696524405,0.0188055052754872,0.0370972884507163,0.00927142059056684,0.298758612710753,0.246160594724262,0.142908625828514,0.0114054476548287,0.0849938082404673
"spot_881",0.0344142816872443,0.0230150148948919,0.0160281569644286,0.0332075174725104,0.423196722849277,0.243936345359465,0.134162399131529,0.0537311934077322,0.0383083682329223
"spot_882",0.0556690753365945,0.0195694014867395,0.00665216530066763,0.0508735156909616,0.351304205589635,0.295577667487351,0.127039146063696,0.0336251865325961,0.0596896365117579
"spot_883",0.368220379243715,0.0068455721854379,0.0114666333715629,0.0389720630020812,0.211527233429036,0.0915956698794803,0.108299834867662,0.021006811114029,0.142065802906996
"spot_884",0.00645980155916951,8.67382159272847e-05,0.000101407161871755,0.0100638935431798,0.187150124453671,0.0503732543074416,0.0181859334463691,0.00543967543566891,0.722139171876701
"spot_885",0.153330784388511,0.00238764479043369,0.00313025730137991,0.0115172089358238,0.323012259641529,0.00741107177004379,0.050824394752897,0.0134070868766038,0.434979291542778
"spot_886",0.132883756163993,0.00188423580909245,0.0073479565612291,0.053220220432622,0.270190791254376,0.0214792492913501,0.0499189468100215,0.0262695772000332,0.436805266477283
"spot_887",0.00388271693278877,0.00132149763285292,0.00419210529748006,0.034043346630618,0.313185213620624,0.0117686451803709,0.0511753496036968,0.036085673913377,0.544345451188191
"spot_888",0.359714714706708,0.00682821376523243,0.00362068503187514,0.0359386427849855,0.206424803673946,0.021033004662283,0.111624416878548,0.0220683571175333,0.232747161378889
"spot_889",0.0134572471358433,0.175650053752437,0.171447609242933,0.055426292009803,0.186600530597453,0.00579040540559419,0.0529216418534886,0.098615645576889,0.24009057442556
"spot_890",0.0728436141768049,0.0566150182435501,0.508012203979096,0.0460292144319489,0.0912769047067215,0.000495327628530709,0.0778951206389438,0.14607469836762,0.000757897826784457
"spot_891",0.0739845951124574,0.0575027873618206,0.531182126253204,0.0307095368694653,0.0882641195512059,5.33625013985399e-05,0.106605341831269,0.111634217354931,6.3913164249351e-05
"spot_892",0.0511394057868595,0.076001763929237,0.597812561330098,0.00698349031046335,0.0701953774433191,8.47594794720418e-05,0.107583836393874,0.0901037128644852,9.5092462191435e-05
"spot_893",0.100057397724588,0.102343097229789,0.569829697508445,0.00835791359815132,0.056366540769161,8.4167194453893e-05,0.094458474787492,0.0683621234425959,0.000140587745323633
"spot_894",0.0105192876550053,0.0284102535895207,0.555626744305148,0.0833664713227411,0.0130573001370632,0.00117976316636732,0.137750534435179,0.170073276556272,1.63688327026103e-05
"spot_895",0.0853842535912485,0.045015745598884,0.560973543891352,0.0936925511390061,0.0579771322557195,2.20615506675794e-05,0.0965065570191281,0.0604200666165263,8.08833746802528e-06
"spot_896",0.057947610567471,0.0988901060364567,0.55337445175904,0.019360105557453,0.0625546805260771,0.000194222336448706,0.0939530090734236,0.113450841771403,0.000274972372226805
"spot_897",0.0444593353471771,0.0814137174838176,0.389027632281545,0.0667137099835617,0.0586422389914187,0.000577691074488249,0.240935436771463,0.117444958923819,0.000785279142710102
"spot_898",0.0237061920344535,0.0246016176770345,0.0812785821153248,0.074620944201012,0.176426389121895,0.0685163525657651,0.462917309777231,0.0837882926512547,0.00414431985602946
"spot_899",0.0300008856796375,0.00825507619063257,0.00444301208191446,0.0407805225577061,0.26077712059257,0.148205853112917,0.435749138559988,0.0271954517776082,0.044592939447027
"spot_900",0.0452699327415303,0.0959440105826049,0.0303972099319505,0.011417464148124,0.0282199347513682,0.00152729645149329,0.00854980814685286,0.777250325046687,0.00142401819938936
"spot_901",0.0723016281152862,0.103709947831153,0.00597346451002986,0.0365538570496453,0.0305041253307544,0.000959357835406452,0.181865323895618,0.567661103455713,0.000471191976393281
"spot_902",0.0619662638876649,0.0527322581222621,0.0492304551941671,0.0138141585761105,0.0432311258506,0.000577527212673086,0.0598898771101865,0.717844788981239,0.000713545065097178
"spot_903",0.0819086999117086,0.283365115524781,0.0356432014672693,0.0154536424114629,0.0416517597348987,0.000331173215598192,0.0573427739664736,0.484003738006382,0.000299895761425264
"spot_904",0.0817182920834618,0.0862631199898943,0.00435476831428408,0.03723624477725,0.0422391505661386,0.00425588737753706,0.16558153226787,0.576610412517901,0.00174059210566393
"spot_905",0.0655802978785427,0.00937904196141234,0.00524838334265102,0.0160852030828357,0.0420877946428443,0.0014693217421071,0.0322586259709975,0.825745975112079,0.00214535626653053
"spot_906",0.0997670377938565,0.239489785989917,0.390082988297042,0.0523590085942616,0.0798765009522545,0.000184105381530056,0.0398463137045086,0.0983738627126715,2.03965739583416e-05
"spot_907",0.082372137946111,0.032455354411281,0.184061547887467,0.0229179497207658,0.0489627955961665,0.00306492854319891,0.00151546184000039,0.622248130818838,0.00240169323617207
"spot_908",0.0464863540975571,0.265475845306557,0.0484215531313122,0.0109556150922963,0.0256160950227937,0.0014863279405866,0.0168985376160966,0.583891365652022,0.000768306140778658
"spot_909",0.0415888069016824,0.082039342519567,0.0210901316556109,0.0326975201622108,0.0304598166328689,0.00170455602650615,0.505227848058406,0.284090509229566,0.00110146881358141
"spot_910",0.18477724182559,0.0221140987011172,0.0121802735346888,0.0169885328944081,0.300418282372231,0.256063445352112,0.115514547223397,0.0550563839823177,0.0368871941141389
"spot_911",0.0454758072468653,0.0115279182658596,0.00299006473054607,0.0446867249109075,0.412500785697382,0.194956918073975,0.143055111649651,0.0306147623997627,0.114191907025051
"spot_912",0.0494107419505911,0.0233785320926032,0.0184361601040519,0.0266534691304347,0.382271738333307,0.270468979187917,0.105936125850379,0.0598877244610887,0.0635565288896271
"spot_913",0.0418243407905949,0.0267056049422061,0.016715916410658,0.0299025875629623,0.341119319944963,0.289868068827543,0.167655809532576,0.055822365705422,0.0303859862830742
"spot_914",0.0520867903901262,0.033961540875251,0.0102188651224026,0.0866331970819749,0.31022390685605,0.267605448960086,0.170705868055996,0.0208157231785194,0.0477486594795943
"spot_915",0.023981393368546,0.00137768207779792,0.00764708092350761,0.219797645508479,0.349867254680924,0.00362122589985865,0.0227528891155413,0.000754266185120784,0.370200562240225
"spot_916",0.0891611442092799,0.00683463353671253,0.0221946331124015,0.0579260173478325,0.343325399673465,0.0040300508032757,0.0438654245819363,0.0309167321867802,0.401745964548316
"spot_917",0.156009793979739,0.0104758915189088,0.0287797314682882,0.0371597377323537,0.345225895009914,0.00823924349925265,0.0391747259410366,0.00743927615384143,0.367495704696665
"spot_918",0.000398888825523973,7.94128720478953e-05,0.000180273905042987,0.0598921748944197,0.35948872688457,0.0122961864320161,0.00688039577671674,0.00575080005403771,0.555033140355625
"spot_919",0.194267917723783,0.00363583992165146,0.13558689539665,0.0249329909807947,0.234172941682756,0.0131399022427172,0.0408341587333113,0.10289213384169,0.250537219476646
"spot_920",0.0603956880166536,0.0831351535191335,0.49705094010225,0.0615414947941596,0.087538984909987,0.000439349509394648,0.103069189439838,0.105877644334024,0.000951555374559909
"spot_921",0.103821055398287,0.0841102510437362,0.495159530301626,0.0529569424979677,0.0684779691946922,0.00072112432949233,0.111949795326833,0.0826563819158947,0.000146949991470652
"spot_922",0.070859972876472,0.201967594775879,0.499826121775286,0.0470747407682118,0.0290324725642035,0.000240299623367041,0.130542127905385,0.0204372271525793,1.94425586164105e-05
"spot_923",0.0268450772516867,0.100053581199312,0.454268962135535,0.122211223254339,0.0662696411723191,0.00115576881303451,0.0946936086351691,0.133986209046519,0.000515928492084646
"spot_924",0.0185697464516487,0.0483283613916085,0.584881810149916,0.0387613792441608,0.0429404773343694,0.00406047426314212,0.0207199524152024,0.241406085922942,0.000331712827010371
"spot_925",0.0928000415054058,0.0720834339102141,0.483527453579106,0.0771128970392476,0.0967642659174063,0.000133230781914577,0.101951317742059,0.0753782083078803,0.000249151216765952
"spot_926",0.0301127980236868,0.102426958491638,0.528580371590109,0.0899507551614028,0.0804380166097422,9.75775982618523e-05,0.0705179290597687,0.0977391057527503,0.000136487712640454
"spot_927",0.111142448994778,0.139244042829084,0.407072811750056,0.0866752644324694,0.0724980383692786,0.000777138179744346,0.0924861335048554,0.0897832366081953,0.000320885331538425
"spot_928",0.0481076753597163,0.0205104193266452,0.601703351070976,0.0141974978914715,0.0665835752681455,9.39221721162134e-05,0.11475026855595,0.134017603924794,3.56864301842612e-05
"spot_929",0.0667078597733382,0.0540646061171613,0.329865948551364,0.0467942316380819,0.0712894828047578,6.62709619161737e-05,0.380530223745875,0.0505592789224962,0.000122097485009766
"spot_931",0.06068281467209,0.0739024768206592,0.00614760447278592,0.0467647067865551,0.0267359170418821,0.000630363110621803,0.214997661227591,0.568798486316686,0.00133996955112918
"spot_932",0.0334215022934959,0.119134989871341,0.0093455009616757,0.00836857526991461,0.135382349467531,0.00459802199516493,0.0846668438941606,0.5474447507359,0.0576374655108166
"spot_933",0.0304338067753472,0.0153082439168533,0.000539105593502083,0.11003530835804,0.0640034608105786,0.00421754065520282,0.0631736565919749,0.711238354250036,0.00105052304846464
"spot_934",0.0622958941773908,0.1426989639896,0.0258058882662279,0.0602438849173581,0.0374383837743117,0.00145164719025159,0.265381828802857,0.404185418783793,0.000498090098209924
"spot_935",0.0191272896656523,0.0220786369381655,0.196336173794488,0.0084243549916359,0.0269809473988874,0.0102343386000185,0.00184036845526184,0.712371596380034,0.00260629377585628
"spot_936",0.00659049422208932,0.0504270371710215,0.423541995141193,0.0311822172553121,0.0830216400195893,0.00638858094717218,0.00370314367558146,0.394847769802779,0.000297121765262452
"spot_937",0.061057688648617,0.0735627500164135,0.44861841708368,0.0782201310101576,0.180879447291212,0.000364043997257841,0.10798311052419,0.0484795735911386,0.00083483783733434
"spot_938",0.0297141403252407,0.0296183721324066,0.607172595323681,0.0125656192470916,0.041179299466968,0.00146108537143431,0.0883150275257695,0.189841280188358,0.000132580419050296
"spot_939",0.0278126471461947,0.0545537525370906,0.438638765065425,0.0477696925339723,0.0386468907452906,0.000171281375961435,0.00955747104703514,0.382788965828357,6.05337206724388e-05
"spot_940",0.0837498271016579,0.0939090816371091,0.48359790436716,0.028086468478982,0.0522881106207134,0.00310900607941128,0.145760223233403,0.107738949984995,0.00176042849656909
"spot_941",0.0136333672922742,0.00533253447860974,0.00526523952207266,0.0670153518715154,0.00590730563983713,0.000558201002213075,0.858465521397699,0.0437684549358236,5.40238599552265e-05
"spot_942",0.0429901519925374,0.113047644917297,0.0193005273204601,0.0260869317774459,0.309312591838228,0.230427090821356,0.15666551355322,0.0485158116770888,0.0536537361023675
"spot_943",0.0554726776132584,0.0274382950662306,0.0103860203712851,0.0407493369910141,0.345081351458057,0.259803416561748,0.157655140518581,0.0484336209895655,0.0549801404302597
"spot_944",0.0171871230058879,0.0268961444765935,0.0146779863849617,0.0379527744912529,0.293649241929162,0.379342903500527,0.163679960308795,0.0112274739034721,0.055386391999348
"spot_945",0.034182593253433,0.0206860910083405,0.0109818713512744,0.0173382787166885,0.327766952734246,0.312492227647222,0.208200029102304,0.0261308007561438,0.0422211554303472
"spot_946",0.050108282086926,0.0163309404383263,0.0148775054743853,0.0572654842563277,0.384228707872074,0.234418688296286,0.163337408766519,0.032964697778109,0.0464682850310466
"spot_947",0.0354415922580204,0.00959746445234417,0.00301893618852708,0.0410388377335254,0.418628880648768,0.18105238935665,0.0577923146660229,0.0336136635702041,0.219815921125938
"spot_948",0.263394953795423,0.00486087378344196,0.00589419866997945,0.067112243871078,0.332071933126482,0.0116250380882317,0.053116338791243,0.031177902006784,0.230746517867337
"spot_949",0.114930954664565,0.00404231638922184,0.0188701470406791,0.0364797003087926,0.305293992513056,0.00996676537838823,0.00822001941331396,0.00821317981138795,0.493982924480596
"spot_950",0.0241924014575235,0.0407588380766618,0.473902557244734,0.0382639790536266,0.142632867060273,0.0138351496131668,0.107861753705708,0.0905275840614596,0.0680248697268468
"spot_951",0.0518251297476527,0.238204279762076,0.405712333519591,0.0738386399772727,0.0568067686564315,0.000784041119054584,0.0922273855977102,0.0803738824828637,0.000227539137346996
"spot_952",0.0809869702196565,0.0874282989634847,0.512470334777095,0.0483554350257778,0.0736754606611988,0.000154535172269624,0.130389249681535,0.0664967259835657,4.29895154173788e-05
"spot_953",0.0608954213429702,0.0548465426056129,0.56814281535034,0.0352551320564489,0.0637141856133545,0.000119593330420796,0.0911799942271449,0.121933226789531,0.00391308868417622
"spot_954",0.0471852779173665,0.0441837319558748,0.589549276636253,0.0480522876529811,0.0154990981321529,0.000977720163223577,0.0892493963762601,0.165281554342977,2.16568229110888e-05
"spot_955",0.0409965857373768,0.0740634138404606,0.556619414749565,0.059675217260749,0.0534981497955418,0.0020932095611613,0.0704264665791429,0.142200427529814,0.000427114946189046
"spot_956",0.0599239496732054,0.129990814051921,0.479182084332181,0.0480231381870984,0.0848538651452487,0.000410924602363324,0.0840066931965809,0.113322548918739,0.000285981892661577
"spot_957",0.0362650880691695,0.0544200016762683,0.564581667781822,0.0827360154904696,0.0787233935665913,0.00024521388475182,0.0972262432334002,0.0855078030141738,0.000294573283353443
"spot_958",0.0407973885922815,0.0723910984233359,0.575890630149391,0.056328242752675,0.0828996808350889,0.00017923205480125,0.0906368971510026,0.0806693391409361,0.000207490900487263
"spot_959",0.0364142914749716,0.0283674997355256,0.540231971060695,0.0918839797159215,0.0996192135531852,0.00200360275582372,0.0993929953631543,0.101256500044181,0.000829946296542131
"spot_960",0.0401932335656549,0.0407046934611332,0.602277418791844,0.0166452912461577,0.0813037062156145,7.12999133971984e-05,0.180328683279285,0.0381402193517184,0.000335454175195252
"spot_961",0.109504388382396,0.122979775249893,0.11893350299258,0.0643350516034489,0.0223084688128619,0.00482566608031072,0.467509863604891,0.0850350740002631,0.00456820927335552
