"","Endothelial","CAFs","PVL","Plasmablasts","T-cells","Myeloid","Cancer Epithelial","Normal Epithelial","B-cells"
"spot_1",0.0641912722555361,0.0739442360363679,0.5363891359536,0.0600287063464907,0.0992803156289473,0.00147274059138856,0.0636812964633142,0.100020743515729,0.000991553208626366
"spot_2",0.11867878523438,0.0978567632189121,0.595833416174134,6.26676450082407e-05,0.039564440445818,9.76762544915043e-11,0.142840923350036,0.0051611692753321,1.83455870334759e-06
"spot_3",0.0555883459278361,0.0627574293446047,0.563296687650456,0.0169346904360606,0.0773469827777064,0.000267803932113167,0.0881262565811694,0.135266335425012,0.00041546792504097
"spot_4",0.152407825005055,0.111328622122185,0.49039547800514,0.0780987984514942,0.0165644399458158,8.10272375097627e-05,0.140801484866294,0.0103211306209488,1.19374555784083e-06
"spot_5",0.0410171230115685,0.0783994824418115,0.562024514281544,0.0250789793417881,0.0744558610100481,0.000311453132335336,0.0962853029640122,0.122315649315363,0.000111634501529218
"spot_6",0.0587775530226078,0.0501565408641825,0.576792563063512,0.0369067082949644,0.0502195733379334,0.000409679244558243,0.133708593070933,0.0923932530612761,0.000635536040032318
"spot_7",0.0709884679669089,0.145478809926185,0.023722354820303,0.0431641310509187,0.0439685049419923,0.0167996947610887,0.56639739303552,0.0618155510407264,0.0276650924563565
"spot_8",0.32565993486633,0.00742807655786519,0.0027073934064716,0.0655332063835412,0.0336353194395144,0.00292438268891072,0.437303354847621,0.122219464761195,0.00258886704855141
"spot_9",0.013950696219588,0.0110156850275272,0.0058746447370507,0.0511487463489324,0.2291482627775,0.115320553667238,0.451426411077194,0.0623129758976914,0.0598020242472783
"spot_10",0.0177766770431686,0.00960609740051791,0.00307824122228963,0.0495308894411292,0.236699232599876,0.112615968020855,0.458764283085316,0.0841695526317955,0.0277590585550517
"spot_11",0.0370747799910679,0.0065892243798977,0.00242612280755667,0.050400612170628,0.0659572167636254,0.0812664186115821,0.674497173663006,0.0568779793232705,0.0249104722893654
"spot_12",0.116288564300112,0.00616205680727913,0.0030995947006616,0.0819765803367435,0.0471819517529457,0.0273073089650643,0.661032728330104,0.0514636956039045,0.00548751920318551
"spot_13",0.0256304288771378,0.013110312947336,0.00558467131316966,0.0684314897788367,0.143955601533078,0.120385919855341,0.565054293947703,0.0195441977977737,0.0383030839496237
"spot_14",0.0227239819514876,0.0149399147690984,0.00257969787957862,0.106219598700346,0.166189850052815,0.0739833398121058,0.50451775664357,0.0886129325052998,0.0202329276856986
"spot_15",0.022094398825765,0.0147469676041245,0.0355391576909901,0.0958406098672924,0.119216259016294,0.068818898549486,0.540222505382512,0.0967556215313197,0.00676558153221647
"spot_16",0.187976486014349,0.00763205773847807,0.00742523701445483,0.040402736848561,0.174176437852861,0.08485202170535,0.447275106730706,0.0359446178307362,0.0143152982645042
"spot_17",0.0140796201761831,0.00525724639489631,0.00079771854650059,0.0861381544629222,0.142275264477088,0.0555992199197913,0.560814255231673,0.098946046457821,0.0360924743331238
"spot_18",0.0256238286061939,0.0203664582126975,0.00593390621211514,0.054975453690349,0.254163167577993,0.219054992533777,0.312368913458908,0.074808595425968,0.0327046842819995
"spot_19",0.0380585661091269,0.124151609121383,0.0386798700936549,0.0528245877110499,0.245324008386534,0.267600564193181,0.128761855459566,0.0834385725939669,0.0211603663315372
"spot_20",0.0446262521922062,0.00872265917847313,0.00706440303376103,0.00928194296968468,0.486951212432086,0.279833578784267,0.0607197720315572,0.0386902122675395,0.0641099671104253
"spot_21",0.0348714403717432,0.00748483375536393,0.00666717378585354,0.0995157037825539,0.0483683144468335,0.00210439776336218,0.719377552440708,0.0764493490838633,0.00516123456971879
"spot_22",0.00302346060136562,0.00639126350989244,0.0157014818712079,0.0372258205372273,0.0287971458657767,0.00325559834636911,0.853466473396427,0.0519547262189246,0.000184029652809816
"spot_23",0.0572522856211694,0.00176229893523372,0.00411380276019679,0.063023541442051,0.415606307219418,0.0102996787876254,0.337949682695907,0.0458151309509309,0.0641772715874679
"spot_24",0.0240975806285356,0.00477836678359704,0.00986085640973625,0.0979422514244801,0.702667708769562,0.0074039469522848,0.0442913614353608,0.0407332166205329,0.0682247109759107
"spot_25",0.0578141698569425,0.0734356978038539,0.0267562005719869,0.0567881406099497,0.605291375441898,0.00186261526772196,0.0780834150686766,0.0296189494009352,0.0703494359780354
"spot_27",0.00399387914720717,0.00174433921693324,0.0168858525969334,0.105814950981283,0.760424169564577,1.50330785403307e-05,0.0984658898873704,0.00688734744209472,0.00576853808506009
"spot_28",0.0550931643675048,6.20750540973125e-05,0.00166856587673943,0.00381312869456512,0.731601432423289,0.00762945352554058,0.0163465530453161,0.0141244639053003,0.169661163107647
"spot_29",0.0545518887909682,0.00193812695919278,0.0120347830087622,0.0912071387955688,0.70068839530192,0.000969054608511915,0.0410840140867276,0.0163557008058472,0.081170897642501
"spot_30",0.0321782436774324,0.00125331863784282,0.00625514718248725,0.0704393002008772,0.641917961565802,0.00152062730862017,0.186041276687516,0.0166190764637269,0.0437750482756948
"spot_31",0.00624508160835941,0.00149779646226342,0.00174876371132189,0.127092173392157,0.27451404337573,0.00557451742090491,0.522793379826433,0.0449305635738937,0.0156036806289363
"spot_32",0.0200174744098975,0.0106912594839503,0.601554507640997,0.047865644935075,0.0867675199930349,0.00106502203250442,0.105481953810206,0.124080115071347,0.00247650262298771
"spot_33",0.014373639668018,0.0149374747298028,0.580677003374294,0.0725490457335948,0.0852659405745619,0.00113687411108256,0.0394858689654445,0.190594091237996,0.000980061605205492
"spot_34",0.02971809377332,0.126170313271264,0.412659440253488,0.105757924174643,0.0340137786152676,0.00394702370586952,0.0185695963433765,0.266446147180934,0.00271768268183706
"spot_35",0.103339946371278,0.09779653175809,0.448219960186157,0.105974503963152,0.0860350282434674,0.00334597070892403,0.0950327508960164,0.0598232650885018,0.000432042784413147
"spot_36",0.0824916863864643,0.0730910865856669,0.489038529187341,0.171844031239136,0.0531739873702798,7.57517497467544e-05,0.0912459773789029,0.0390044437067104,3.45063957520183e-05
"spot_37",0.0277377506897057,0.115329631116261,0.520948182620616,0.0594584480441732,0.0564521746064811,0.00406400693965308,0.130833205175831,0.0847848193909621,0.000391781416317222
"spot_38",0.0340412386343885,0.0147515510896999,0.107737792654156,0.0622385859079436,0.131824857162451,0.12315810608162,0.443265299175148,0.028068644184367,0.0549139251102259
"spot_39",0.0240644360597215,0.00687809992307524,0.00168270483511998,0.0427130123741221,0.204295886087397,0.0734779723733109,0.4896541888865,0.0574909655182643,0.0997427339424889
"spot_40",0.165393426428643,0.00874699193577099,0.00555571040447006,0.0713727714888755,0.0453071619713417,0.0386696834607643,0.631865922623072,0.0251527154407863,0.00793561624627665
"spot_41",0.15034213654112,0.00928764542163204,0.00336791392429161,0.106826280031898,0.0587674325819619,0.0278830521638735,0.565617025685531,0.0696397612319706,0.00826875241772172
"spot_42",0.0228394037684993,0.00266707681586695,0.00501980464055531,0.0792619859690809,0.011559635573378,0.000546951772242288,0.867542952341023,0.00834940608670534,0.00221278303264936
"spot_43",0.0127240631774082,0.0162266331380288,0.00661285878368596,0.0737170160772249,0.194494628637541,0.101301658724223,0.534452196240459,0.0539543838222145,0.00651656139921414
"spot_44",0.0120829970969668,0.00345811184187195,0.00156553816732176,0.0591626900170059,0.110216609387375,0.0323045004961688,0.682862176256768,0.0572922031654832,0.0410551735710383
"spot_45",0.0164716284481713,0.00633968974150484,0.00305182865321092,0.0783512632845224,0.125543557636504,0.0567098692190166,0.61394652294479,0.0658460828962264,0.0337395571760536
"spot_46",0.292736972712014,0.0132901094406325,0.00776518486423673,0.0329459515646601,0.0648957957966441,0.0896672064577582,0.423739385252692,0.0484546305533293,0.0265047633580328
"spot_47",0.0212283945482839,0.0124900968990133,0.00687381184962737,0.0486859396893883,0.188981938300369,0.124740925254833,0.465119953424576,0.074248595829934,0.0576303442039753
"spot_48",0.0154976624885862,0.0143047783671153,0.00227216060538315,0.0901126541548695,0.0700013944637536,0.0707739041167766,0.626163228545575,0.09853642105305,0.0123377962048902
"spot_49",0.0271826860735496,0.0186968795921259,0.00606355620075916,0.00992581633776661,0.39892483448704,0.29618893431604,0.0643865518275349,0.0613088529910104,0.117321888174174
"spot_50",0.0856803769268842,0.0864684048387423,0.0486866957467836,0.0626187472919142,0.244154907494643,0.256627723059392,0.160407757575207,0.0248982685503218,0.0304571185161117
"spot_51",0.0518016976309647,0.0184760217709627,0.00542201357125489,0.0249831171732625,0.386994568608584,0.268881920607281,0.143515733098724,0.0587970129690033,0.0411279145699622
"spot_52",0.0298543143544733,0.0139773371962686,0.0297097507210184,0.0797933062012537,0.049024437254364,0.0217924745454593,0.691082862002001,0.0721964902463353,0.0125690274788263
"spot_53",0.0134544077097019,0.00504089242693764,0.00295297518354846,0.0691602947304284,0.236964287444721,0.00154662464704384,0.614697155639518,0.0457748875267733,0.0104084746913278
"spot_54",0.00301222312966502,0.00103502388530446,0.0199937352113056,0.182559199562454,0.72900144702729,0.000954950212369326,0.00653011388775842,0.000849014769768141,0.056064292314085
"spot_56",0.105271096521296,0.00150007099949108,0.00410305656011957,0.101258199743422,0.680884478168369,0.00215122848313754,0.0479168873941604,0.0101280350734061,0.0467869470565986
"spot_57",0.132098925987176,0.00124165719301297,0.0321004602629906,0.0161728396638247,0.647888064859477,0.0022572688163171,0.0222244816091262,0.0278274457102202,0.118188855897856
"spot_58",0.021989685093837,0.00154273904748296,0.00864047740302759,0.0712374714168854,0.799123160425154,0.00147136883859792,0.0409338258695226,0.011309996421882,0.0437512754836108
"spot_59",0.0225750863592175,0.00178377005616209,0.00165141211515881,0.158786477284198,0.592727514263839,0.00327538391944814,0.169142334141551,0.011633495677462,0.0384245261829634
"spot_60",0.00103728603449797,0.000849022170505224,0.0122243794355737,0.122315435377993,0.733425673401204,0.00358024919135025,0.0735482597097261,0.0135601985529481,0.0394594961262021
"spot_61",0.0312427578131704,0.000322455181966091,0.00574414064381299,0.0473318327448558,0.786576282721798,0.000945322817740867,0.0357196129625927,0.0218844458995365,0.0702331492145263
"spot_62",0.0150083278982047,0.00146492225427775,0.00618667294407825,0.0600805739948085,0.665737576795028,0.0013435445715745,0.131319721970512,0.0433120141766459,0.0755466453948699
"spot_63",0.0444311695395641,0.0429946716131925,0.55397877492341,0.0494011981696069,0.0796847124708866,0.00112796678012026,0.0899944250090729,0.136107852695859,0.00227922879828778
"spot_64",0.0299028638688297,0.0627388254026781,0.589480286291204,0.0505361365893574,0.0860005286625104,0.000474313572670939,0.104734885229546,0.0758110649169427,0.000321095466261328
"spot_65",0.0289491694050105,0.0380849423701745,0.588014024525212,0.0168085655584057,0.0727543628384034,0.00118715726507656,0.0719028864303582,0.181859650826795,0.000439240780563861
"spot_66",0.053890281839485,0.14875551880489,0.438205393579413,0.0472648069805966,0.0639943891590251,0.00155965072205635,0.10656147057694,0.139550891963917,0.000217596373676602
"spot_67",0.0602557012545226,0.0803974243731027,0.56440011186922,0.0502747546354347,0.0886876181204549,0.000274974336556198,0.115307806278166,0.0403184856870642,8.31234454789714e-05
"spot_68",0.0626891224691712,0.0683582467813598,0.535244774498495,0.0448788890009348,0.0863780490992089,0.00131033451403017,0.0596376732337753,0.138391425489512,0.00311148491351229
"spot_69",0.0435829008783087,0.027190964110458,0.343192357711478,0.0702389274896938,0.0337950273399377,0.000711363858900807,0.418025905529644,0.0622532265219427,0.00100932655963651
"spot_70",0.0832697127775547,0.00932491148281567,0.00598075008110837,0.038877224285527,0.154803022189096,0.0728403403345058,0.538198650092443,0.0751560640018761,0.0215493247550735
"spot_71",0.0842187225056834,0.00710772777657038,0.00193970222723426,0.0870713671961694,0.108559178307643,0.0631464043388232,0.530055458255712,0.0939269537816344,0.0239744856105299
"spot_72",0.0151858722423659,0.00395224370553615,0.00148591790167953,0.157259856220216,0.0144482737620305,0.00191859907005323,0.709027437737755,0.094969515751198,0.00175228360916565
"spot_73",0.0278601479945657,0.00549946209549416,0.00142417014565801,0.0472644965512211,0.0368408764886287,0.0831960006163015,0.68824660114227,0.098155482717614,0.0115127622482466
"spot_74",0.0458650458591007,0.0106365888905793,0.00372203856707186,0.138592498419951,0.0537939439641251,0.0409576420695316,0.692088797002256,0.00908102555149069,0.00526241967589332
"spot_75",0.0147289160048431,0.00509934058124409,0.00611037244790145,0.0811926167522297,0.0735985640990916,0.019919659980264,0.762576944621493,0.0251181507108742,0.0116554348020592
"spot_76",0.00203176910395739,0.00264154228841182,0.0055403339578524,0.0733792004099101,0.0457793377992939,0.00234435563295025,0.82619391191479,0.0271255945382654,0.014963954354569
"spot_77",0.0149010602710199,0.00722782595375602,0.00642787912240075,0.0929603728300196,0.127825602283156,0.0322831882399129,0.677986984101449,0.0283460167300416,0.0120410704682444
"spot_78",0.0139869653595919,0.00678053660956707,0.00349697798444868,0.0754314411450019,0.103495868532083,0.0511113124408779,0.708734802429825,0.015234961089226,0.0217271344093788
"spot_79",0.0388607647231215,0.0121954147421435,0.000637523870407426,0.0158738819796638,0.0482743632974964,0.0773521935144345,0.616681736408034,0.143121632444837,0.0470024890198617
"spot_80",0.0203159245023479,0.0102849023924764,0.00674884498830373,0.0560582787852924,0.204002634490538,0.0975974896368052,0.525485236106011,0.0444371038178653,0.0350695852803605
"spot_81",0.0431284381446825,0.0306203682919988,0.0162758355797394,0.0571484210701822,0.402503222701816,0.26162320231985,0.092022101722085,0.0585459123919485,0.038132497777698
"spot_82",0.0429168802247419,0.00926032696731427,0.00399349231754309,0.0499145982003819,0.370444349134967,0.202979300218742,0.138842942747827,0.0269990725118758,0.154649037676607
"spot_83",0.0477380017795573,0.0911799144633974,0.0157381695492205,0.0647489382187717,0.260557748558676,0.140319094261708,0.25849502991228,0.0770325423604115,0.0441905608959776
"spot_84",0.0169284840449085,0.00293612861715076,0.00153857370664168,0.0847242935906832,0.40917497812288,0.000571662724863754,0.419730139596951,0.0510596710498913,0.0133360685460294
"spot_85",0.0379153353972083,0.000491184689914814,0.0126436711190529,0.00826386125940927,0.75954923710871,0.00381646419473585,0.0736293231599643,0.0118881481824535,0.091802774888551
"spot_86",0.0127452889297032,1.21614405637733e-05,0.000597135339065688,0.105969049092127,0.745824882675964,0.000109262409475695,0.0749810934038907,0.00912830350989566,0.0506328231993144
"spot_87",0.0333317312310562,0.000360484076536008,0.00475313193891956,0.0480117166068288,0.807646207103667,0.00133573141258077,0.0392436185125232,0.0126160257583642,0.0527013533595242
"spot_88",0.0191593425005155,0.000966694891039137,0.0379055496390434,0.0290774961370605,0.616533712659889,0.00139117765307185,0.0018121309481299,0.21648549472838,0.0766684008428708
"spot_89",0.059174048928055,0.000504154185967993,0.00978747896540673,0.00976294989397114,0.789152910956246,0.00180473197589057,0.00703816681679327,0.0068303639554862,0.115945194322183
"spot_90",0.0403065863513434,0.000135910384034857,0.00223544419834859,0.171109911796511,0.610805797871201,0.000670117142514636,0.11155239172325,0.0104459757839279,0.0527378647488686
"spot_91",0.0411450630463749,8.81654290865122e-05,0.000687718801336892,0.136565041355266,0.729775608650976,0.000200935753388554,0.00141116198382629,0.0085954116249517,0.0815308933547931
"spot_92",0.00578320468311965,4.73951931782291e-05,0.00443511328581118,0.0380496151558217,0.858534388848001,5.60898504629482e-05,0.0424632735894859,0.00171977265448433,0.0489111467396354
"spot_93",0.110275652865912,0.000439401869190814,0.00445234390331097,0.00121028361390176,0.751343314042256,0.00546969699730217,0.0326350263750603,0.00315764858999932,0.0910166317430666
"spot_94",0.0893514815155828,0.0694879540667818,0.447661949315714,0.141572322029302,0.0776879111771469,0.000492847826700374,0.112711172848689,0.0608641045671223,0.00017025665296079
"spot_95",0.139168142648725,0.242603453378475,0.320487643073502,0.0475692603965571,0.0726130962938376,0.000444578648661335,0.0687875962360999,0.108311704510559,1.45248135829012e-05
"spot_96",0.0574367799096997,0.141617198852784,0.454543639508077,0.0636604343408418,0.0851186000219611,0.00048733378539082,0.0524284874480314,0.142629305543669,0.002078220589545
"spot_97",0.0459371278491271,0.0434112630570561,0.598205215594402,0.063818491818952,0.0755166363957432,0.00144150298936639,0.0723192109213913,0.0988475826154148,0.000502968758546495
"spot_98",0.0485743990667876,0.0763118391055379,0.5745610196666,0.0763304901877998,0.0728896480027511,0.000290611931192568,0.0472329186086,0.103688054463112,0.000121018967618881
"spot_99",0.0486789014570865,0.106059778349665,0.516534035084152,0.0438614742174803,0.100455761423847,0.000321182675488524,0.0823266113417002,0.101648664923666,0.000113590526915058
"spot_100",0.147928709164974,0.162338015498962,0.20681798388448,0.0836284543598917,0.0681986883278412,0.00143979463884463,0.195988367903016,0.133062867780621,0.00059711844137029
"spot_101",0.0254564887642632,0.0111077812429848,0.00151856049785968,0.0818159212992329,0.0925813304203223,0.0657605736243901,0.642698369241629,0.0499095033707369,0.0291514715385812
"spot_102",0.0111412310899605,0.00606844096075148,0.00165669599811311,0.0922537352179305,0.0515816689848819,0.0331089182964583,0.705144917202224,0.090459444185178,0.00858494806450246
"spot_103",0.00898628049577688,0.00564342056420341,0.000915441176982612,0.0917407672008927,0.0919170752193993,0.0358606100854831,0.618035681187289,0.135218530475999,0.011682193593974
"spot_104",0.0178712713023068,0.0075556963860889,0.00566872069755982,0.0561649290817027,0.184936913078588,0.13405567186545,0.482428956585952,0.0568976605787549,0.0544201804235972
"spot_105",0.0195770927491221,0.0149249355282325,0.00435634642865673,0.078632053667148,0.139920814742051,0.109964410608006,0.558614070275028,0.050281958155015,0.0237283178467411
"spot_106",0.0568551920532427,0.00836794237126594,0.00387445782510366,0.112337775261758,0.0700114353483627,0.0280877704517568,0.598467242980473,0.105874304778837,0.0161238789291996
"spot_107",0.0320886839845084,0.00645123470106501,0.00494306598860486,0.0746862576195116,0.0409758210650254,0.00104822347763337,0.774338766487816,0.0632976927375277,0.00217025393830822
"spot_108",0.0219206344555787,0.0134381967364249,0.00810385675805331,0.0437072094553354,0.17473404775313,0.158331140470926,0.517806018754953,0.037817437219868,0.0241414583957311
"spot_109",0.0257121401166802,0.0130446030693236,0.0068796719323436,0.0338442149270817,0.213609724256521,0.168391224118939,0.442774938234401,0.0755177689356957,0.0202257144090139
"spot_110",0.18146078033812,0.019232808143582,0.0116118620932163,0.120932255853045,0.210526679538704,0.0694341120327439,0.298970177912097,0.0731924739530612,0.0146388501354322
"spot_111",0.0296193333511143,0.0155582315416939,0.0158139756025599,0.0487067344536823,0.310690834803329,0.222523309124756,0.284453514610242,0.0394853393414468,0.0331487271711766
"spot_112",0.0216746008726839,0.138239542721112,0.0238340092240005,0.0279221007788585,0.321354907630714,0.262282193124418,0.0522433015930483,0.0691379459444076,0.083311398110757
"spot_113",0.10665026645795,0.0814846148538527,0.00144324956730511,0.0736641137290102,0.311234928013216,0.19769320395923,0.117396252819768,0.0231793033688776,0.0872540672307908
"spot_114",0.050340877580043,0.00759776523121192,0.00898156330647894,0.0394420462103239,0.294037977577632,0.254355897826296,0.130101854038167,0.0310228382914482,0.1841191799384
"spot_115",0.00521251339299436,0.00160596850022699,0.00186500170313197,0.0717494165496368,0.0140230836083925,0.00133685040729753,0.833723026698051,0.0688917702256228,0.00159236891464584
"spot_116",0.0164720399726466,0.00331650322213346,0.0243837178806054,0.0452239602770712,0.624412816791682,0.00259884552676239,0.011353026098916,0.221706854885076,0.0505322353451062
"spot_117",0.062039126300217,0.00054505987510037,0.00202980279281951,0.0361881095994473,0.611815773302768,0.00147928301778486,0.0721400616160011,0.105730483023768,0.108032300472094
"spot_118",0.0230950806839217,0.00041111921954136,0.00480530529324926,0.0117478322952097,0.754468591546899,0.00329845061497978,0.0693936325904337,0.00411593811810537,0.12866404963766
"spot_119",0.00481483571760463,0.000594769260401259,0.000504129108739134,0.161843446259191,0.763671350217935,0.000158624550653535,0.022996735696026,0.0135575801375589,0.0318585290518906
"spot_120",0.0204853265530927,0.000737157326809454,0.0151433076220551,0.0476763761984238,0.831729121061653,0.000130612696573701,0.0187712733579696,0.0142045648225284,0.0511222603608939
"spot_121",0.00164249925071321,0.00013997016460144,0.00134779821507173,0.037069473661481,0.884795380395173,0.000439323768711713,0.0292117134345388,0.0122538420861231,0.0330999990235862
"spot_122",0.031393390895629,0.00446236613089054,0.0176399465061738,0.127889372249251,0.66643254452245,0.00546414277660639,0.0416222818609323,0.0421994714690988,0.0628964835889683
"spot_123",0.0536446605587597,0.000849585275188563,0.0101122026331984,0.0344145678742009,0.837114588287281,0.00185267278059454,0.0165114744385516,0.010840894355425,0.0346593537968003
"spot_124",0.00375750520416185,0.000719293088220225,0.00669769014041099,0.0270947879148849,0.746858111561887,0.00580236185301262,0.037683949803329,0.00533965808616609,0.166046642347928
"spot_125",0.0252336088959026,0.0818262435070892,0.544617002591183,0.0299910947600454,0.08561141979291,0.000819340812931859,0.0503495468584856,0.180139250126014,0.00141249265543893
"spot_126",0.0684722540743722,0.0645492387082515,0.537170602005551,0.0890924041154108,0.0518185716604659,0.000132186976500145,0.123357969736317,0.0653421440171936,6.46287059381802e-05
"spot_127",0.0652272728596889,0.126757708871547,0.464989296247216,0.0569905462475151,0.0762723502528422,0.000879333268836121,0.159842975987724,0.0488160448384342,0.000224471426196259
"spot_128",0.0605194137678635,0.130257045290456,0.481610750572996,0.0921170465503759,0.067463919648808,0.000104832142006119,0.0663579598449997,0.101365470048627,0.000203562133867448
"spot_129",0.0694884339822127,0.0860479453230817,0.499764917091468,0.0314568536635738,0.0863096959444686,0.00110034245383323,0.125051216517162,0.0986437201471288,0.00213687487707091
"spot_130",0.035919411708378,0.0395224226754982,0.529022275853146,0.0453329232625456,0.0680433933039159,0.000499779303620252,0.115821048012536,0.165735063888495,0.000103681991865128
"spot_131",0.0677904956288616,0.114042318289373,0.421925971085653,0.0654551075144252,0.0652867560404967,0.00499237303075177,0.0731112863113962,0.184715812351601,0.00267987974744091
"spot_132",0.0034382191277095,0.00984474890276572,0.0156408995896517,0.102065931844974,0.280627365539688,0.019423538914652,0.426661066821314,0.025114326190957,0.117183903068288
"spot_133",0.015089854616512,0.0076915632457032,0.00287440081758966,0.0609000230345464,0.16316327798551,0.115509267556329,0.525948454263585,0.095768046505271,0.0130551119749534
"spot_134",0.017354712459365,0.00949163941005001,0.00218055879715935,0.0766468778083725,0.0560870431217981,0.0642643656987862,0.674645426727611,0.0811564988147118,0.0181728771621464
"spot_135",0.0819131253023446,0.0077544471621762,0.00201315976228072,0.0712325848825854,0.120286609095045,0.0616090872732884,0.551457691097411,0.0658340179737825,0.0378992774510869
"spot_136",0.213697845981186,0.0135162527868933,0.00488625177092621,0.0789054501521594,0.148165096886233,0.0435237193616635,0.415377389625236,0.0527212790813874,0.0292067143543154
"spot_137",0.00677686187643123,0.00425373942698409,0.00296129282580674,0.0957537546197006,0.10906300391454,0.0147627222049843,0.691190691990593,0.0465232682808938,0.028714664860066
"spot_138",0.00602584816241614,0.0017249058502503,0.00115330886631875,0.0985861053282051,0.0255538242766809,0.00187381953599778,0.800732549101596,0.057981396363783,0.00636824251475244
"spot_139",3.26441164498548e-05,0.00138191487728003,0.0011511579272512,0.010760764758236,2.5926398570879e-05,0.00765926903141535,0.967004632688087,0.01198269047207,9.99730639903858e-07
"spot_140",0.0336738526220055,0.0034809144703362,0.00136300055621444,0.100988327063747,0.0676600842291476,0.0199881284651298,0.679638004514177,0.0557211272223598,0.0374865608568829
"spot_141",0.0227383347416516,0.0137394742781434,0.00696586380202563,0.090393295407697,0.113839093874024,0.0722745628830924,0.626910126551919,0.0316263786066557,0.021512869854792
"spot_142",0.0265907680777791,0.0190456925546217,0.0203099148092418,0.0434774864288788,0.330958901302197,0.293541265817393,0.166018106695336,0.0660997238480667,0.0339581404664863
"spot_143",0.0299482700999572,0.0135366887288502,0.0433580654736894,0.0457612630001297,0.40966979712627,0.204842135495055,0.0691403593949829,0.0660820112742179,0.117661409406847
"spot_144",0.0491107512507323,0.0147420480119116,0.015427142407541,0.0414479815140924,0.369548436713819,0.280305912554513,0.114968367000778,0.0155875018149291,0.098861858731684
"spot_145",0.0331545094438848,0.0130049172446751,0.00815125954331622,0.0277976818387814,0.39381140229423,0.269151101294128,0.115511396937208,0.0140543650648427,0.125363366338933
"spot_146",0.0145806122268497,0.00759505710576147,0.00681582341458821,0.103068085669113,0.153468073890425,0.0334085272788277,0.641236595282303,0.0254490027623815,0.0143782223697499
"spot_147",0.0114076869792848,0.00736148682288596,0.0160396664227635,0.15343121943246,0.680119652330643,0.00828547462816854,0.102108259094668,0.00549104884237541,0.0157555054467506
"spot_148",0.0279233612955617,0.00248075045825372,0.0199646539683217,0.0495210537594377,0.777972964821686,0.00191934631922462,0.0593824686670307,0.00943602570155102,0.0513993750089327
"spot_149",0.0649227650580184,0.00197423711397373,0.00409222557979822,0.0141057416876087,0.779994985927759,0.000740184513921363,0.0317849508711783,0.019064282105709,0.0833206271420335
"spot_150",0.0183936745925543,0.00189364116721153,0.0147141354066475,0.0447634754542883,0.787770346064655,0.000379322988976922,0.117716867889775,0.00396290783593846,0.010405628599952
"spot_151",0.123572956753519,0.00292952016325618,0.0108852664292306,0.0301575206745147,0.752036254054781,0.000789799190048186,0.0565940847153883,0.00686496656737897,0.0161696314518837
"spot_152",0.0193941318050755,0.00139417407980772,0.0256333955439535,0.0365073440071471,0.86317915049445,0.00124444584500738,0.00717269918075999,0.0120902707932255,0.0333843882505736
"spot_153",0.000969795124339055,0.000162203861255013,0.00694091118697218,0.010594275178853,0.888838574472879,4.49016234809419e-07,0.0771698227603002,0.0130859719982675,0.00223799640089918
"spot_154",0.028867310886097,0.00163006811153454,0.00146504584797328,0.145416511968885,0.483622031479237,0.00535973895333969,0.215701177799988,0.0227246344140226,0.0952134805389222
"spot_155",0.00643372236743072,0.000695073961879517,0.00397337095512481,0.0350158168789982,0.31625507194877,0.0048879284296944,0.455632228377484,0.00794721403569138,0.169159573044927
"spot_156",0.126775212282606,0.138672009335222,0.462777681751948,0.0364289334888747,0.0471526249901191,0.000520561454706235,0.0589808366011243,0.128546232199841,0.000145907895558354
"spot_157",0.0400471316617113,0.0670622767023948,0.60249001364721,0.0394658368369892,0.0716510601124507,0.000398362915081484,0.101799042127719,0.0763288296353975,0.000757446361046623
"spot_158",0.0645212217948781,0.0780165934967805,0.479404615350433,0.0929418420510155,0.0745266716706278,0.00113500552911152,0.117302803944935,0.0906748005144085,0.00147644564781023
"spot_159",0.0273642214529561,0.104056277134783,0.498185627050315,0.0869794335159497,0.0783044528555841,0.00103294886222423,0.0354008451638731,0.1681163778355,0.000559816128814418
"spot_160",0.0717345954003069,0.0533610027319729,0.502256056905433,0.112525631860668,0.103682641287569,0.000316445973457248,0.0712339215677173,0.0848071380523415,8.25662205343271e-05
"spot_161",0.0197515859174597,0.0613675314244511,0.582091707060067,0.0651547695124211,0.0330337528675458,0.00322271934386829,0.0855473314649219,0.148837063593336,0.000993538815929344
"spot_162",0.00158701053817979,0.00407022986286187,0.00424855857963956,0.0680153593145153,0.367693329391118,0.0121102309098709,0.0231655442714758,0.0265073512852703,0.492602385847069
"spot_163",0.0451467724045032,0.148599205154626,0.0375484129445728,0.0421703402258955,0.267531751945463,0.219642898735457,0.122267552748632,0.0636393437613152,0.0534537220795347
"spot_164",0.00939200460838423,0.0245173119881512,0.00815607635662654,0.0788523398218481,0.158948799393958,0.114925284694322,0.575694372681096,0.0136697606658946,0.0158440497897196
"spot_165",0.0203088117120403,0.0132931308458745,0.00732939495170826,0.0630907331562893,0.183976102963805,0.13855202563726,0.474922472975503,0.0723719732980524,0.0261553544594669
"spot_166",0.0532765971513095,0.0250011243708222,0.00472345167363944,0.141986708997865,0.147439773143806,0.0725903910988292,0.494706102612451,0.0456451821055764,0.0146306688457018
"spot_167",0.0911900027358716,0.00582332039524638,0.0101174916120634,0.102340773761328,0.0984674226623552,0.011913143749948,0.639617091904844,0.0261350146331408,0.0143957385452021
"spot_168",0.0129433954343382,0.00573938346986095,0.00126029561620634,0.0846096714062098,0.0618371296115798,0.0320186177248886,0.676222871083817,0.105960088523975,0.0194085471291238
"spot_169",0.0242789155983493,0.00900714332267644,0.00576503589495856,0.032292032235275,0.131236979618308,0.0625616624754428,0.676888058899441,0.031101659390043,0.0268685125655054
"spot_170",0.0470246313965652,0.0167631695579542,0.00922265657992711,0.0260788951538519,0.170777511643326,0.165909269140682,0.453438657279202,0.0640974263974404,0.0466877828510504
"spot_171",0.0157633511329258,0.0132905006523072,0.00555035297852234,0.0729284085863063,0.0877067888495344,0.0649336775192167,0.671444370804568,0.0561117479164944,0.0122708015601254
"spot_172",0.03538202160987,0.0160875225917111,0.00257017375891982,0.019569542364536,0.206460082361334,0.212584369147153,0.371813687295032,0.107217304904682,0.0283152959667623
"spot_173",0.0197467675489492,0.0205608517543602,0.0181414744533322,0.0205610317207713,0.428645932058145,0.28615534697392,0.130947840110446,0.0269413524647093,0.0482994029153667
"spot_174",0.0574129332490634,0.131315596348375,0.0388145571780346,0.0239628861068094,0.321107905253956,0.191903168104977,0.132961109232141,0.046206598023121,0.056315246503523
"spot_175",0.0212697885886612,0.0102541728675226,0.00412397572230123,0.0621525973433661,0.273606546389888,0.236225377892505,0.270080930826396,0.0643676789550355,0.0579189314143248
"spot_176",0.0538355416290578,0.0354143536136123,0.0200769644100908,0.0444038413761416,0.319239316721034,0.286453959156705,0.156577223231155,0.0546630293314049,0.0293357705307992
"spot_177",0.0166974880287353,0.0112180010405803,0.00207966025114774,0.160306911066313,0.0172004427715996,0.00244987204206157,0.682747626480005,0.106856486880495,0.000443511439062479
"spot_178",0.0190774113556013,0.00257918410267339,0.00247006338782522,0.0744709355528847,0.062031963739355,0.000428806490732703,0.804136850523242,0.0277839914221187,0.00702079342556732
"spot_179",0.015254807239865,0.00279954894076876,0.00578713286255542,0.0710264286812603,0.23520117824046,0.000153974884522861,0.611567589460749,0.055924625915535,0.00228471377428433
"spot_180",0.0466075803413594,0.00120445584527493,0.0143644062936503,0.0391189585949947,0.804766421762572,0.000236560272516129,0.0491602928242683,0.0199164532798289,0.0246248707855357
"spot_181",0.0359019493645318,0.000718465117192906,0.0122885614340759,0.0129491183243999,0.799771141784321,0.00341189338822705,0.0212797004997607,0.00718116429651964,0.106498005790971
"spot_182",0.0106088369962645,0.000309288960458618,0.0067562712317662,0.0302734592898643,0.797277289387598,0.0011941286201442,0.039380241696107,0.00924434793439179,0.104956135883405
"spot_183",0.0297290625650887,0.00131758215306153,0.00122626212299817,0.0553495234997483,0.805772870982044,0.00126239646226356,0.0460352688671985,0.00105946117515009,0.0582475721724476
"spot_184",0.00682248504256811,5.12816126979261e-05,0.000177308991238307,0.0205713418937373,0.665216799327492,0.00805528233521693,0.0335863484482274,0.00467928178035931,0.260839870568463
"spot_185",0.0075504035638838,0.000771666583722724,0.000866696039995646,0.0674581836835158,0.368404375067565,0.0091968201135507,0.351502856016781,0.00682582520700785,0.187423173723978
"spot_186",0.036602107627853,0.0033029697882151,0.00504718634662982,0.0948537349013489,0.0927266943364421,0.0035174354157369,0.731741537390471,0.0166604979459236,0.0155478362473797
"spot_187",0.0594835553155069,0.101267158994638,0.466235547313583,0.0654660017517877,0.0884987185934638,7.92029322282875e-05,0.194063842659401,0.0247513134007198,0.000154659038671895
"spot_188",0.0481439657594334,0.0535353096518075,0.568070768802307,0.0622827003396169,0.0734550223900546,0.00182865635607257,0.0567743506243956,0.134743603439401,0.00116562263691107
"spot_189",0.148832637891687,0.245574274190562,0.335486683179004,0.0848747917714628,0.0411555245806883,0.00250154605536957,0.0578782221569495,0.0833621582527451,0.000334161921531313
"spot_190",0.041509850851647,0.0702801085634348,0.568822742587733,0.0392824068585817,0.0811596839838769,0.000563702413987475,0.123792850412596,0.0742569646099693,0.000331689718174105
"spot_191",0.055415216771849,0.100248507059308,0.469667356765641,0.137913010115032,0.0542213409275206,0.00214728793986893,0.105381773378432,0.0749303687590724,7.5138283276814e-05
"spot_192",0.0216771529464778,0.168534181554741,0.430479900594203,0.0773932637668143,0.0531487945549011,0.000388950052915476,0.102063621726949,0.145890028880405,0.000424105922592824
"spot_193",0.00874226373961057,0.0670916256768473,0.0081832312089449,0.0159466056550635,0.346878576752883,0.0052148089831043,0.0221939700650975,0.0395431380269199,0.486205779891529
"spot_194",0.0129256073304933,0.118564969068654,0.0240797921774494,0.0541514477346158,0.311381172817061,0.0243941969819282,0.0559732207264656,0.0364393891987792,0.362090203964553
"spot_195",0.0299283875416437,0.00774893454709754,0.00781989182216956,0.0936911550413016,0.152622096438908,0.161661813644909,0.342932400727045,0.0059542455683554,0.19764107466857
"spot_196",0.00545415812184552,0.00518094194867244,0.00337879493265863,0.114247027966946,0.106823808978009,0.0280762776373807,0.670618511373837,0.0562939787054482,0.00992650033520321
"spot_197",0.0389935066131316,0.0123585396265422,0.00546761666465654,0.127266053814548,0.0770983093317817,0.0779675393931355,0.613366858529362,0.0224029076729928,0.0250786683538496
"spot_198",0.0167950336816642,0.00557692209666043,0.00116991339170729,0.04380351468315,0.0518478088192382,0.0397943804582599,0.705696102107235,0.130484770808547,0.00483155395353725
"spot_199",0.123489963166678,0.00869366302481506,0.00518006009869529,0.110312303621629,0.0491398491163444,0.0172993377777648,0.615696886258964,0.0541374982557932,0.0160504386793163
"spot_200",0.0212307223457378,0.0102451104899954,0.0014398245622957,0.0210492775533245,0.276464448532989,0.0987945713973193,0.474513634981369,0.0177690799063928,0.078493330230576
"spot_201",0.00907059554882019,0.0151627538483293,0.00787893798948643,0.0718806260350895,0.117203274733246,0.0690315989265177,0.628924930195333,0.0608768360689509,0.0199704466542272
"spot_202",0.141042832777655,0.0146514456668698,0.00527026966282121,0.108569167353888,0.0891698103099687,0.0599309574326835,0.529875776204636,0.041860140073731,0.00962960051774659
"spot_203",0.0322359089428757,0.0144452148937098,0.0120826396540966,0.0126984505203399,0.357279352662251,0.315932274587513,0.108879124415574,0.0401598969282259,0.106287137395414
"spot_204",0.0230783367061045,0.0264712732853672,0.0154498124135863,0.0224031543521695,0.404138523091831,0.281510626651394,0.12544564348613,0.0571505053647917,0.044352124648626
"spot_205",0.0300064590922288,0.0116583606209792,0.00661479371020561,0.0550740480410774,0.423235584503972,0.261084795845444,0.124376629765602,0.0352722866387829,0.0526770417817081
"spot_206",0.0263816739868925,0.0183632310313689,0.00472213897335859,0.0520098284905187,0.389642250783656,0.266433201472926,0.126614081075247,0.0400881206649418,0.0757454735210912
"spot_207",0.0147903725309334,0.0114316319854666,0.00393557595370405,0.0662991026007835,0.0870681048010081,0.141037147430493,0.492052478246053,0.153321233843675,0.0300643526078832
"spot_208",0.0166082729705862,0.00345571079454922,0.00217862667451474,0.180094661594169,0.0229729375284498,0.00215220523842426,0.725059865748386,0.0437666702625223,0.00371104918839793
"spot_209",0.0760008599937978,0.0736574179329264,0.0136939629074586,0.0789964490395035,0.163081246347057,0.00286934727429728,0.376836313307394,0.207793555478841,0.00707084771872495
"spot_210",0.0305747311427169,0.0111182911114861,0.099201937834134,0.0939640770856633,0.03070841690991,0.00248117355489415,0.0498510728619398,0.680575417577501,0.00152488192175487
"spot_211",0.0662732467738291,0.102684290847243,0.0258982825119248,0.0471651759409226,0.355075276056241,0.00137846456180605,0.158569781841071,0.229807291170527,0.0131481902964351
"spot_212",0.0121184485452535,0.0235174498319867,0.0938107405253264,0.0144047334684373,0.37625120324783,0.000790603776163984,8.53261664572063e-06,0.448514826133444,0.030583461854912
"spot_213",0.00343135419733224,0.00829557498924703,0.000693180787892725,0.0782837654337201,0.789690511520968,0.00265130795887529,0.0775854211225193,0.00541510817688057,0.0339537758125649
"spot_214",0.000131222001916523,0.000235864945989576,0.00112640964221031,0.123528872211293,0.664139531009847,0.000245239236010732,0.0399914527852041,0.00831597260610278,0.162285435561426
"spot_215",0.0530227129678126,0.00742031806518503,0.012177481328298,0.159097969876092,0.326714345750154,0.0107880755496885,0.3072980820356,0.015479497694075,0.108001516733095
"spot_216",0.0122993820112695,0.00280561254193785,0.00120967478562129,0.077930547311951,0.167566018183827,0.00244547988735519,0.616180298414524,0.0941611056077023,0.0254018812558125
"spot_217",0.0105725395587122,0.00571073712723561,0.00529837225331199,0.0706092546927305,0.138872798942273,0.00183291470406474,0.665807636040116,0.0880191674004985,0.0132765792810575
"spot_218",0.0518437295594253,0.0905805521247038,0.496417158054261,0.152714889312959,0.0689513794756886,0.00255246189419952,0.0600311053139267,0.0762827399421017,0.000625984322734468
"spot_219",0.0486867301368617,0.085350560468237,0.547524627533699,0.029859702335264,0.0728218678551456,0.000893956989106036,0.0984810580032492,0.114424146331136,0.00195735034730126
"spot_220",0.0446166562855376,0.0644629303556476,0.522772697377272,0.0237408850353328,0.10578603121269,0.0027572572909652,0.0266455703431408,0.208514997693061,0.000702974406352928
"spot_221",0.0583276039439495,0.145085178185985,0.537788423668448,0.0251775942501736,0.0906961456749681,0.00017316147616391,0.0318943657537676,0.110586237142579,0.000271289903965706
"spot_222",0.0649609050438924,0.0999347180347216,0.532819379946186,0.0183762350958712,0.0840397038547775,0.000270645334848602,0.0545200914850082,0.144638745817298,0.000439575387396333
"spot_223",0.0521065965310747,0.121750988337762,0.177843061899898,0.12484567451963,0.183529720229277,0.00789014279119866,0.0704486345848212,0.0738818216102791,0.187703359496059
"spot_224",0.0291071519293769,0.229480788774305,0.0278946411164668,0.125842444685515,0.218194465453202,0.0158885967344377,0.105105139512559,0.0790117748643513,0.169474996929787
"spot_225",0.0526827232193699,0.355465906859167,0.0679067103718378,0.067147319966992,0.104152379007276,0.0129849274822739,0.145260210426424,0.194335491383929,6.43312827315491e-05
"spot_226",0.074610084970903,0.296695745641452,0.0283210848716101,0.131847318497473,0.208350494383736,0.0160249292290428,0.0799424250604455,0.0651435892800672,0.0990643280652704
"spot_227",0.0654858900849751,0.115141997438139,0.0168600813283683,0.152056930474831,0.0899042056034825,0.0983729531546665,0.35491220838955,0.0827606067838329,0.0245051267421548
"spot_228",0.0138682306909129,0.00526523026029573,0.00303373837631645,0.099532424057937,0.136403523404714,0.0311023146896093,0.552328290632952,0.0436696250224811,0.114796622864781
"spot_229",0.0161150277638734,0.0053035276112153,0.00172023456941376,0.0899915804792536,0.0238328857635605,0.00114503413042616,0.798763348558644,0.0608877335794232,0.00224062754418998
"spot_230",0.0400001390860965,0.00788354200463518,0.00287805823658914,0.125748666800111,0.130702683300601,0.0775243490592866,0.547457671859502,0.0453922059110491,0.0224126837421302
"spot_231",0.0138697501950396,0.00498282143634001,0.00373760120643971,0.0741235482443392,0.0725029382448058,0.0254654496131506,0.750874361798589,0.0415520985424201,0.0128914307188756
"spot_232",0.168880130648548,0.00913454250909425,0.00721942871880725,0.132776144425899,0.0909084871438817,0.0132439311256683,0.542502009470672,0.0236890429958352,0.0116462829615949
"spot_234",0.0821705159110158,0.00795361319066019,0.00672551908099143,0.0474320652896435,0.414654554350982,0.210293453984077,0.103889305671043,0.0441966557776776,0.0826843167439088
"spot_235",0.0488128881094966,0.102415722770585,0.0478922946561164,0.0366014629956475,0.310702546908138,0.216645242784049,0.144096833401643,0.0630375168251218,0.0297954915492031
"spot_236",0.0306485983925534,0.129984046301577,0.00478965723574569,0.0428621238497365,0.372927144385245,0.225031412880672,0.102765237334746,0.045639595557192,0.0453521840625314
"spot_237",0.0190149265483398,0.031526036044922,0.00730836885949584,0.0313661155444515,0.267229589422197,0.432672406049831,0.0961425116073899,0.04482454727568,0.0699154986476932
"spot_238",0.0238289649931222,0.0220866007771836,0.00478044981376021,0.0855797394876795,0.215991038315231,0.208622028158549,0.34310387405404,0.0774575582625211,0.0185497461379137
"spot_239",0.0529932728576744,0.0812801717766404,0.0243905436272152,0.132252694360985,0.0495557881207214,0.0204948462737172,0.267076994645448,0.368140579081313,0.00381510925628566
"spot_240",0.0452564157719231,0.118753666617809,0.0594157204513304,0.000347631213141558,0.0172448203023159,0.000566257301706214,0.000206300610219173,0.756203548664155,0.00200563906740006
"spot_241",0.0564510400601549,0.0956957325332919,0.0958331399047013,0.0195959382651568,0.0296429271684672,0.00108643537914522,0.0252035932456025,0.675136502648692,0.00135469079478819
"spot_242",0.0270380324313245,0.120730478743627,0.0931092007495556,0.00259013923997175,0.0175013395356054,0.00031375432536249,0.000769534669002236,0.736847384792171,0.00110013551338005
"spot_244",0.000903775521523347,5.92977380289965e-05,8.24055941573484e-05,0.0208351827966748,0.385606376124256,0.0119574815625421,0.00453486027558851,0.00429536013616031,0.571725260251069
"spot_245",0.0179114222672031,0.00196553915410214,0.0142652234787646,0.0610934381021067,0.251435448222776,0.0068940212038683,0.329236139875791,0.0282410717375167,0.288957695957871
"spot_246",0.0285370202562559,0.00258389368571752,0.00337135400762474,0.110125081062586,0.413370664411056,0.000321409045458861,0.400573468800026,0.00857464373329447,0.0325424649979798
"spot_247",0.0170151277498347,2.2684022813551e-05,0.000710034994658066,0.0733759606092501,0.828249846532777,0.000464996724038786,0.017657110865147,0.00912234277768357,0.0533818957237977
"spot_248",0.0208347640435269,0.00408844113604489,0.00514272311448049,0.14728586780288,0.365996146351274,0.000558903021010079,0.40646541475373,0.0405613690019038,0.00906637077514947
"spot_249",0.0378909683460273,0.0441588167673188,0.528597764111053,0.0579027771492959,0.0909824947728453,0.000238610044299826,0.179503832581973,0.0593910095372363,0.00133372668995008
"spot_250",0.0565065133458881,0.159138745039582,0.397946785492354,0.143186345342821,0.0485331798404286,0.00126428664720105,0.0860215371922713,0.107277209480836,0.000125397618617368
"spot_251",0.0522658733039036,0.0707729768340346,0.56487619561791,0.0435316247795851,0.0845298228424184,0.000461074103455585,0.0992844875104617,0.0842109059698929,6.70390383378375e-05
"spot_252",0.0600251827767438,0.162856439541749,0.493600623862183,0.0205952641432705,0.0715649322365359,0.000300840903218809,0.117230282772739,0.0737864109647884,4.00227987719402e-05
"spot_253",0.0697234007216391,0.0511659982041902,0.472868662129463,0.0742591189052479,0.152384648800652,0.000359755482769214,0.0791648720628151,0.0990646328750111,0.00100891081821216
"spot_254",0.00929046700057886,0.237796833707296,0.316607938022225,0.136828616813775,0.0560791250464575,3.54576172786994e-06,0.222642066877455,0.0207398882969639,1.15184735207681e-05
"spot_255",0.00362242963377454,0.000588029592859842,0.00418070121631895,0.0415752569854038,0.436885601785805,0.00669525891770076,0.051996356241738,0.00526319157910925,0.44919317404729
"spot_256",0.0213002503256313,0.153294344700373,0.00661455061794241,0.0110091429896361,0.128296318022084,0.0410471478365798,0.0512710279644918,0.0464343442982169,0.540732873245045
"spot_257",0.0294290223150547,0.265416775218161,0.024640193840312,0.0399340827554301,0.249268133096691,0.018477380650558,0.0517445972135476,0.111263223325304,0.209826591584942
"spot_258",0.0091596928373562,0.000265927188540868,0.000611739586823599,0.130649504601881,0.21883481283349,0.0465236554638895,0.217392159337674,0.00192367632447207,0.374638831825872
"spot_259",0.0120724318567082,0.0628390548586385,0.0299285832088319,0.0399991005332308,0.31875990609255,0.0142341332786974,0.0613467931791278,0.0296060574444155,0.4312139395478
"spot_260",0.000748202458639034,0.000144845828984549,0.000159566013466946,0.122307949282599,0.323842052679405,0.0198922050638338,0.0306848893719922,0.0138896737594397,0.488330615541639
"spot_261",0.0257430284219041,0.0668037486638386,0.0184487511745281,0.0241665609472991,0.338395669858659,0.288840591983179,0.131632128473381,0.0590148002294372,0.0469547202477742
"spot_262",0.00931581955612829,0.0104569937885912,0.00223507128844947,0.0513809438700552,0.265470726986202,0.136502245792544,0.416111469844005,0.0818640655866171,0.0266626632874075
"spot_263",0.037361302401059,0.0144375320841221,0.00315633188735354,0.0193573016179842,0.24533396522875,0.211623346977068,0.310197230540628,0.0578323133268354,0.100700675936199
"spot_264",0.0519622667474666,0.0111244950133653,0.0280856295368407,0.0186917131406218,0.295032625411458,0.368173187791312,0.12439335988629,0.050024090573096,0.0525126318995494
"spot_265",0.027239556647584,0.0219069901008254,0.008531971995969,0.114466019655921,0.354821431571746,0.307086480532017,0.0830350887339927,0.0586421678012561,0.0242702929606896
"spot_266",0.0469626015130479,0.0221314236372708,0.00571778963799686,0.0556180283586912,0.278663367848503,0.298093573439815,0.166910238201524,0.0164536741006621,0.109449303262489
"spot_267",0.0417103717027332,0.0183884214821675,0.0128696350584135,0.0276291929152987,0.394272901455605,0.27879534304939,0.100328753712696,0.0496362183651286,0.0763691622585664
"spot_269",0.0312250141900266,0.0315599333812409,0.0915086818759639,0.0185752084833411,0.0866683126608019,0.0804583987340073,0.00343742929051092,0.646286454164079,0.0102805672200279
"spot_270",0.036559613619979,0.098842406713546,0.0877156508714171,0.0113459095326988,0.0232317693921086,0.00522310455705059,0.00203702808309043,0.73450736551074,0.000537151719369782
"spot_271",0.0452210330715908,0.174627036180591,0.108109971936155,0.00418352559272938,0.0237380409363852,0.00149726985088113,0.00104362403328385,0.639918489782181,0.00166100861620313
"spot_272",0.0752591801658156,0.280132778495418,0.109809066657499,0.0286308220314732,0.0322761700874021,0.00293391789174663,0.0277907419393839,0.441475380385532,0.00169194234572974
"spot_273",0.043516143211503,0.470132185240456,0.111897507306602,0.172346589153282,0.000534600335621768,1.7519306309731e-05,0.0285848061325963,0.1729657205584,4.92875523017451e-06
"spot_274",0.0155268226084134,0.000867536349737808,0.00388970180097035,0.0672536684252212,0.474488781627046,0.0198693753881519,0.0235062780584584,0.0220933185498792,0.372504517192121
"spot_275",0.00166995870678477,7.3851690118845e-05,0.000480835348195843,0.00618900949159253,0.559803270772161,0.0137170265402828,0.000161254983256576,0.00134544386488709,0.41655934860272
"spot_276",0.0073113096177173,0.00529980563480731,0.00158634894664836,0.0880935180220971,0.0298873205050447,0.00261030694922993,0.779489946165759,0.0831499679412006,0.00257147621749604
"spot_277",0.0279993845543687,0.00331677852518757,0.00353401734799383,0.0862112469456532,0.203059194926442,0.00195523373283785,0.578279695381255,0.0309869470944804,0.064657501491781
"spot_278",0.0116701047304481,0.00378654262082506,0.00841311848124633,0.111826395425214,0.0262820305854903,0.00241275817529289,0.807427370750326,0.0233616325807241,0.00482004665043297
"spot_279",0.168452197865712,0.000293781871337135,0.00964290068178089,0.148634678276109,0.0332546443276725,0.000147537225044228,0.598864872458178,0.0403325252757603,0.00037686201840615
"spot_280",0.136748334482818,0.0625031756084209,0.476333974546251,0.0206955747763052,0.00703931050806231,1.08456808386806e-05,0.291555606127377,0.00511301345299872,1.64816927863375e-07
"spot_281",0.0693710438762595,0.0522685407795819,0.398668797462082,0.0654180146023705,0.263192525344469,0.00132202678517151,0.0848056969915798,0.0631056527053716,0.00184770145311363
"spot_282",0.0415498140536768,0.0620800903546683,0.56944940320489,0.0673327658442212,0.0657430617742007,0.000110758034715977,0.108649778027598,0.0846701884700694,0.000414140235959294
"spot_283",0.0709084157473287,0.129677705253075,0.5065451603127,0.0616888536601991,0.0752779655668968,0.000199809030167331,0.0949815426774364,0.0605772556922147,0.000143292059982285
"spot_284",0.10396337991916,0.0168019637572316,0.475629688242927,0.0517418219353139,0.0949122006164049,0.00403510724963721,0.0454935911089141,0.19864992378711,0.00877232338330134
"spot_285",0.049682942053252,0.0853081737649692,0.532129687674261,0.0442321802937538,0.0883126295034517,0.000282873562542016,0.0836955679721326,0.116271511943393,8.44332322446213e-05
"spot_286",0.0181245135534219,0.0112000226336225,0.414078052223767,0.0440034536764026,0.115682456378593,0.00731372074219434,0.0571973634797652,0.113769784812256,0.218630632499976
"spot_287",0.0455966836389495,0.276949028185873,0.0517260427535676,0.0518326326415217,0.238694086484731,0.0109229059966338,0.080494778202892,0.0937297962586465,0.150054045837185
"spot_288",0.0370561104491714,0.140806611818045,0.0253720949959396,0.0683429241213014,0.244995778908154,0.0150076144322218,0.0808212091355164,0.00659522238154151,0.381002433758109
"spot_289",0.0338445232482363,0.126490354257655,0.0561146287550553,0.116332500024204,0.166924026677031,0.0230998073702464,0.0264169765687623,0.0644718418995826,0.386305341199227
"spot_290",0.0164248603070852,0.127411863599199,0.0403982618781391,0.0373370778008725,0.402013441975073,0.00715302226992063,0.0285303681855044,0.0539294100208132,0.286801693963393
"spot_291",0.0367778146047397,0.126838838316829,0.0278765208355367,0.0745428332078416,0.307735685696116,0.108715388355736,0.0758886942650438,0.0556329057311713,0.185991318986986
"spot_292",0.077035929048039,0.266837257229773,0.0541332194129165,0.0365222630735836,0.225962766465445,0.131000813216345,0.0410670149343391,0.12969855658828,0.0377421800312784
"spot_293",0.0106508000794919,0.0138861297651054,0.00399006510861175,0.0280477284546453,0.544557946139768,0.270636460927192,0.0210079181775708,0.0238939364050781,0.0833290149425358
"spot_294",0.0513854231782111,0.019994200606547,0.0101135773749712,0.0355330879689495,0.323978630693541,0.248407333167214,0.231473670775857,0.0199419051466702,0.0591721710880396
"spot_295",0.0324723696745413,0.0854244136824018,0.0344915325948459,0.0633327741192041,0.383773103697185,0.183763630483013,0.158177534668489,0.0202492481541983,0.0383153929261221
"spot_296",0.0103384563321155,0.0246942559390401,0.0259162977971134,0.0620903777606859,0.464986662051354,0.12855478670215,0.197232536369859,0.00338623932998972,0.082800387717692
"spot_297",0.0478964362403768,0.031048400654574,0.0251894108185731,0.0155841505088582,0.354159946579903,0.353639712426316,0.118463913784531,0.0284574089495201,0.025560620037348
"spot_298",0.0378179388692298,0.0303533107912212,0.0122315440934325,0.0446616688161655,0.323019302730288,0.362176980691403,0.125010883553877,0.0402717980585359,0.024456572395847
"spot_299",0.0376183767685999,0.0187269538651939,0.043759580753822,0.0263640271976624,0.230194954252143,0.150533562656758,0.01065017727356,0.424208234104396,0.0579441331278644
"spot_300",0.041769258063491,0.128047135954432,0.075319533519501,0.0222766451037558,0.0472728994796182,0.00391375459085394,0.00107242230645238,0.675298282179471,0.00503006880242488
"spot_301",0.0184647804150245,0.184016919637197,0.123793223222197,0.00310218385161632,0.0315924512851298,0.00321694344209688,0.000535643316959479,0.634672442939669,0.000605411890109823
"spot_302",0.062085407218784,0.124859666050506,0.0528776661348375,0.130851175020278,0.0420002019543895,0.00215029912997101,0.142558322892486,0.440542972901573,0.00207428869717546
"spot_303",0.0335177458347851,0.0112726831627674,0.0536035563569536,0.130922520108189,0.0241349702828093,0.00329071959964611,0.239346073880624,0.488051017059808,0.0158607137144184
"spot_304",0.0393707244067261,0.105230134859145,0.0175322446583987,0.147296818614814,0.0312182428405594,0.00262146540043685,0.614202290571804,0.0398493002716856,0.00267877837643015
"spot_305",0.026030315191424,0.0522214859134946,0.0147632850936543,0.100750220545189,0.137099994886591,0.00210516234020083,0.596493236355257,0.063654416462298,0.00688188321189124
"spot_306",0.0192578111927875,0.00391569848774598,0.00389831375478838,0.127354341170037,0.12084843333139,0.00183536131884958,0.636074760979705,0.0428139147770674,0.0440013649876299
"spot_307",0.0118215658918336,0.00416942720237668,0.00342732517588871,0.11122312334774,0.163993147293891,0.000868759211038272,0.631545636979131,0.0708271094274719,0.00212390547062887
"spot_308",0.0102140975934034,0.00139705734596604,0.00380969283146841,0.116353237798139,0.251695207426482,0.00183780887852642,0.57300279193055,0.0202467102249941,0.0214433959704704
"spot_309",0.0190755002082906,0.00318091530615345,0.0018049429494472,0.102378697594965,0.136421535596693,0.00528646124535656,0.611229271937327,0.0819429773037283,0.0386796978580392
"spot_310",0.01554419701248,0.00513828279286161,0.00239469851162605,0.0845013018516576,0.1562950517371,0.000484287447849156,0.635461719493804,0.0985311940436664,0.00164926710895419
"spot_311",0.014040461679293,0.0165737414481326,0.627551524943449,0.0311278235953145,0.049019298850437,0.000520651621304425,0.0638317332430241,0.196761488446346,0.000573276172699066
"spot_312",0.0185276847573496,0.0580138888023727,0.556038956706199,0.0836706775757761,0.0900566172705664,0.00294102633591419,0.029532112348004,0.160025059879105,0.00119397632471348
"spot_313",0.0377853574301944,0.0351692342947324,0.570386739388715,0.0558988416480174,0.0990349681162461,0.00125096234789906,0.0909269676019176,0.108136239793008,0.0014106893792696
"spot_314",0.0469637493545998,0.0609128880949671,0.552162926160225,0.0316698557999705,0.0904746304894562,0.00121761361337448,0.107043698790551,0.108579186573371,0.0009754511234843
"spot_315",0.132318466844204,0.0684470127459472,0.377331778576562,0.0233827686548283,0.268214188465207,0.00173451759248858,0.0854110623741632,0.0362440178068833,0.00691618693971628
"spot_316",0.0456624736181727,0.0251752812107002,0.566464319708429,0.0594837077789791,0.0779078936257186,0.00231147610635864,0.0807052628014305,0.141920306551489,0.000369278598722187
"spot_317",0.04202583503991,0.0276158873465008,0.567669570645307,0.0416568277509118,0.0732272764648524,0.000364639964335269,0.0656328598191798,0.181531001604172,0.000276101364830822
"spot_318",0.0364319976640979,0.322019344998152,0.0716821973179201,0.208711474393529,0.098842951094151,0.0201229806875246,0.0805740816142152,0.114391050411955,0.047223921818456
"spot_319",0.115508007450665,0.18935311427751,0.151817670929973,0.132541774437099,0.167606282282652,0.0248007840977676,0.101434586431518,0.0295433088247702,0.0873944712680451
"spot_320",0.029911155131243,0.0665010112201828,0.437164215654646,0.0251231109665241,0.132949826117348,0.0060746659820611,0.0551833702443699,0.0948011245093523,0.152291520174273
"spot_321",0.0468007517441756,0.0503573578648174,0.387517365417691,0.0930435686886038,0.125908179484138,0.00588832748629405,0.0972649400136127,0.0623385016671083,0.130881007633559
"spot_322",0.0218496139096861,0.0253608625893846,0.0101911151220559,0.072243518137073,0.41298582932792,0.193706396674109,0.0840957381626714,0.0776906681852971,0.101876257891803
"spot_323",0.0851528129780713,0.0275977842897441,0.00831113999185703,0.0383098416723847,0.245348676989188,0.347682583313592,0.144738307120063,0.0477134248302401,0.0551454288148603
"spot_324",0.05604114219175,0.0177752223529458,0.00790668801176744,0.118148383180223,0.288938892308052,0.252210049549436,0.170491325932983,0.0366935556953592,0.0517947407774837
"spot_325",0.0558167107845712,0.0140261878054292,0.00457950078528075,0.0332707843822751,0.326538165488833,0.317853733757687,0.150394389849009,0.0474574465721321,0.0500630805747831
"spot_326",0.0475794687357943,0.0140452444858108,0.00825081276989407,0.0629157270210484,0.377142995527604,0.183916257341405,0.186517808163107,0.0303523682106942,0.0892793177446432
"spot_327",0.0258376161361692,0.0213930432752372,0.0156391768020446,0.0536958673345954,0.423137837804398,0.281980243793602,0.100002110663938,0.0646835796697932,0.0136305245202233
"spot_328",0.0196687352860179,0.00814954800351096,0.00763861050810997,0.0145460117855302,0.560680203660724,0.182885822789885,0.0107972686197112,0.0735188336433303,0.12211496570318
"spot_329",0.231674780510426,0.0287897572535744,0.0262634096856119,0.128850134337452,0.195219419260962,0.217806518063197,0.100894057591331,0.0587111345015457,0.0117907887959009
"spot_330",0.0753284096866399,0.202070855423504,0.0417112784307313,0.0780795444328721,0.238560144658561,0.148072021491166,0.0785523131952322,0.0938729348534577,0.0437524978278361
"spot_331",0.0455199362146875,0.024877037014393,0.10849167097175,0.0612064904152254,0.0386073727652034,0.017417119753371,0.000294708502234255,0.675428860833442,0.0281568035296929
"spot_332",0.0187875622478579,0.0899733306039425,0.0112696294741739,0.0945527821478922,0.0350410774846458,0.000878846351445078,0.560849797849111,0.17932634367291,0.0093206301680222
"spot_333",0.0370247026381633,0.0994489603648326,0.0150574058981132,0.110970251247353,0.0575865464146576,0.00119606490819173,0.587467047676085,0.0875085885776013,0.00374043227500214
"spot_334",0.0158967528428403,0.00540446496173703,0.00339803188431687,0.103623659573198,0.0164853623929132,0.00172486792829433,0.789685541155129,0.0624577005021433,0.00132361875942746
"spot_335",0.0278376980900425,0.151495408909543,0.0356577331398866,0.202922004494921,0.0660249551706562,0.0017257077786362,0.397486290443059,0.115604081918803,0.00124612005445277
"spot_336",0.0407490854189798,0.00191558286022863,0.00817659827656591,0.116340699378709,0.0365593096257795,0.00143976420289524,0.779370106240632,0.0135886555718193,0.00186019842439027
"spot_337",0.0356669877682912,0.113046407219373,0.0160565844267958,0.107256633603106,0.0445715341694302,0.00285971974805184,0.59865500678545,0.0808877042636193,0.000999422015882797
"spot_338",0.0335160743815109,0.15717235467281,0.0154123694381609,0.0552531401648398,0.0467490131044479,0.000652925833354505,0.514536761490803,0.176300500492917,0.000406860421155391
"spot_339",0.0360020462877233,0.00629632240091112,0.0304730473990412,0.0770561460104282,0.468084726928899,0.00314120519521205,0.323005273214942,0.0148058711947759,0.041135361368067
"spot_340",0.0656495371162437,0.00218887294764948,0.0117336473409862,0.104845534779169,0.233947454841438,0.00214321866376773,0.552816620926576,0.00571001174371172,0.0209651016404581
"spot_341",0.371389246755864,0.334164552552708,0.0520175980282399,0.0496933969404427,0.0389350706655459,0.00109452413394639,0.058520042090232,0.0938425006239973,0.000343068209024247
"spot_342",0.0554999212477497,0.0599598149012939,0.516223977929413,0.0500716536451708,0.0934304359166534,0.000936773985270944,0.0586898990270192,0.164337301856606,0.000850221490823152
"spot_343",0.116802879059288,0.0907002697971023,0.522525615472733,0.100590057296106,0.0796384796505067,0.00042986843808822,0.0657526320463159,0.0235377166455183,2.24815943420169e-05
"spot_344",0.0141466526020432,0.0252017885206411,0.57115523096608,0.032450240667693,0.0758811444727799,0.000684181025414973,0.1070625897473,0.171666954622095,0.00175121737595238
"spot_345",0.0694644020982246,0.0746299516292625,0.525766581817974,0.0594035367000046,0.0918793536510035,0.000321822941457455,0.104558268533896,0.0733175768540936,0.000658505774083436
"spot_346",0.062949381967427,0.114208761753026,0.535072272691109,0.0332480297503331,0.0581878472791802,0.000396774920239092,0.153463923246182,0.0420161364766807,0.000456871915822909
"spot_347",0.0532295661435551,0.0568893277313384,0.532064633181777,0.0316274555459797,0.0665102525258469,0.000185969180042104,0.106213083660544,0.152971429938084,0.00030828209283296
"spot_348",0.0571712253759852,0.14702305567378,0.262510121259531,0.083408913098121,0.188419636357343,0.00884648794295194,0.107441011698192,0.054261015397328,0.0909185331967687
"spot_349",0.0178792435689453,0.0249110186736443,0.251564953406892,0.02148289278936,0.226777538545988,0.0185860167820673,0.031894918579249,0.103360951631926,0.303542466021929
"spot_350",0.0638899211763035,0.208609641252369,0.403122032202541,0.0729051601679734,0.0794086436446116,0.000309680884757163,0.0831078820805473,0.0884994113176226,0.000147627273274247
"spot_351",0.229434215338099,0.0463237699090879,0.447529125864436,0.0360118404110125,0.0691711730876241,0.000688702539267638,0.0713799639953797,0.0992106377764727,0.000250571078620449
"spot_352",0.162893885831906,0.0722815416873001,0.487373851777192,0.105561943070097,0.0430454099097962,1.27019049288628e-05,0.107488255457,0.0213392104861407,3.19987563904812e-06
"spot_353",0.0134503952791607,0.0221217869035706,0.577774096264838,0.0235315863851991,0.0801171911233022,0.000272896863537486,0.0631015711199004,0.219231964371439,0.000398511689052358
"spot_354",0.0635910076631528,0.114148155924524,0.367929547821372,0.0631317870441109,0.189749310760379,0.0408297875504629,0.0541049160237122,0.0446638383610464,0.0618516488512402
"spot_355",0.0305458834854201,0.0271664153454129,0.0201467834651228,0.0200406767211064,0.447866504060532,0.205009711198868,0.124120184282677,0.0366776813376655,0.088426160103196
"spot_356",0.0222255602801023,0.00722164111721182,0.00467397858742811,0.0388438570490472,0.407358694346754,0.312585254239344,0.0535483629326831,0.0432944903553042,0.110248161092126
"spot_357",0.0360917026431141,0.0188928372224231,0.00514787639476986,0.0203362947567562,0.461899029041516,0.271490998112654,0.0546120710267433,0.069287021369428,0.0622421694325958
"spot_358",0.00653986557304774,0.00194756310853896,0.000902377232962151,0.00192970918914858,0.27891148071711,0.490830537009317,0.131635849579007,0.0335449439654761,0.0537576736253925
"spot_359",0.0371125367770366,0.0204383500678099,0.0129892331059061,0.0225568305784281,0.314043510727118,0.319649405595348,0.193713574328898,0.030176019370833,0.0493205394486228
"spot_360",0.0394965313054928,0.187213867266756,0.0306635605116626,0.0737461112480743,0.258366016315605,0.115391296334299,0.171336407446172,0.0786434934268018,0.045142716145136
"spot_361",0.0579760428172561,0.161003842682927,0.0617857477660389,0.0178924955909854,0.0326935741006591,0.00203595828437147,0.0229092486849201,0.642149763281015,0.00155332679182663
"spot_362",0.0406196254675517,0.0151172406676088,0.189717862999746,5.14839025768417e-05,0.000513881713604076,0.00844704842214687,3.39828299474477e-05,0.722978648557368,0.0225202254394511
"spot_363",0.0333313364530816,0.209447172859865,0.0496904476821119,0.149813440849476,0.0265383635132291,0.0132301580160959,0.467673298847255,0.049812914102156,0.000462867676729778
"spot_364",0.0241142109891819,0.0856220685999456,0.023078052366831,0.147649471196496,0.0183826661782041,0.00434798693418074,0.604570517228686,0.0911636001585317,0.00107142634794232
"spot_365",0.011762714750248,0.00550554801935943,0.00160723576893321,0.10441889279761,0.0195485745019553,0.00100182924155124,0.772716927213865,0.0825035121359843,0.000934765570493086
"spot_366",0.0397766523856671,0.133572039014277,0.00624094340874119,0.0831907766527159,0.0346443142916999,0.00108205800058187,0.56385517905734,0.136979867395164,0.000658169793814041
"spot_367",0.0116662418896343,0.0079006506667079,0.00308291100459909,0.0869501503949614,0.0169570551873461,0.00191092917441513,0.812379217392549,0.0585770994363614,0.000575744853425804
"spot_368",0.0339788144733373,0.118919049858809,0.0304649059471543,0.0755484411209572,0.0595677845910909,0.0011923711014733,0.603987851872324,0.0737293416108604,0.00261143942399372
"spot_369",0.036963890360749,0.00732088327635804,0.0204159607672277,0.0776193699121346,0.234876628635135,0.000875888322535285,0.514858892753608,0.099074062179841,0.00799442379241102
"spot_370",0.154790833460976,0.0603655974928578,0.0175298851776816,0.0512088496261593,0.169104446608897,0.00356091912046065,0.500866404726708,0.0262453117471344,0.016327752039125
"spot_371",0.120818002314835,0.317638112061215,0.0373662235494726,0.0863777057799974,0.0776908262385917,0.00730119851539577,0.213297759864723,0.139165405909391,0.000344765766378629
"spot_372",0.34634714517772,0.209828894964211,0.02004221149422,0.130786649643378,0.095269350578285,0.0098223569687993,0.059744339495478,0.122009318004925,0.00614973367298528
"spot_373",0.0336330568264076,0.0481390605809663,0.569226248628407,0.0390853364085858,0.074205672938128,0.000956248110334969,0.100332182538146,0.133155693894253,0.0012665000747711
"spot_374",0.0277481403789707,0.0645927371453528,0.497835475916571,0.0395247426642301,0.0659443270993655,0.00015379368752308,0.220543502272799,0.0827727874711621,0.000884493364025734
"spot_375",0.0782396558433871,0.196874387217348,0.426964996226717,0.105790331900544,0.0485092131375199,0.000182660105741747,0.123104078377196,0.0203196605296147,1.5016661931874e-05
"spot_376",0.030121629483596,0.0718612416440624,0.591152159362928,0.0367874923046114,0.0493993878899627,0.000954204231036599,0.102359724324529,0.117273622023238,9.05387360355695e-05
"spot_377",0.0806231705885337,0.1513073824241,0.428302591866424,0.107675520735734,0.0668589893618857,0.00013157478843422,0.12388247800095,0.0411755933218351,4.26989121015937e-05
"spot_378",0.0149283943209057,0.0175348159403081,0.575385581738251,0.0448796597269085,0.0772683484456443,0.000506517878832689,0.101864862623582,0.166279242213628,0.00135257711194037
"spot_379",0.044074564505044,0.0254267337936212,0.121311030752936,0.0829587786802732,0.1862443875455,0.000161911552364931,0.480059546013461,0.0586513342691398,0.00111171288765941
"spot_380",0.069090385397653,0.0550266179961494,0.369309750802427,0.0832244223797162,0.170110805021906,0.00715316283480428,0.131637577981453,0.0274110311802245,0.0870362464056671
"spot_381",0.0754036383635123,0.0967686596278942,0.5128864017563,0.0551120224466891,0.0772815832774599,0.000359973166171159,0.0899957921855818,0.0919464786821301,0.000245450494261586
"spot_382",0.0446763210207206,0.0811513380374643,0.5300504731117,0.0307901630426141,0.0734073413344539,0.000438609521045432,0.0542896552879532,0.185077604837863,0.000118493806185633
"spot_383",0.0304745368634302,0.0508976177195111,0.602248374993543,0.0316367783335195,0.0564289709977796,0.000553100848076412,0.0687617401510131,0.158851268233998,0.000147611859129033
"spot_384",0.0265819918354545,0.0436719442416367,0.554748007240725,0.0933779796052256,0.0227915342552744,0.00281845054083831,0.0586434893538542,0.197265931140249,0.000100671786742012
"spot_385",0.0616177061231696,0.0629160296322116,0.506553684426134,0.0504735085704816,0.0925036322231051,0.00205607330188428,0.118230635151713,0.102969386605591,0.0026793439657101
"spot_386",0.0125746406614713,0.0491478123974584,0.174296437534759,0.0138631271272557,0.343377390236862,0.222354604821589,0.0768535507364917,0.0567414961932016,0.0507909402909125
"spot_387",0.153407060016462,0.0281320958850336,0.0202638791316746,0.0442214557494969,0.332908212136406,0.205837026675424,0.0519920931912076,0.0761513204297291,0.0870868567845659
"spot_388",0.0570115012432261,0.00784367497224627,0.00150982373467175,0.0378597941383776,0.315189734293832,0.316280631427254,0.118502197274678,0.0276914562448472,0.118111186670867
"spot_389",0.0312946988851262,0.207618958481932,0.0346702759507174,0.072207729437915,0.251675562406303,0.153005942084316,0.131216979115771,0.0675205811924277,0.0507892724454923
"spot_390",0.0579078228627487,0.0884267293048537,0.0407873494913679,0.0409020507317715,0.244442870908818,0.262729121568613,0.186101851145627,0.0601522838107464,0.0185499201754541
"spot_391",0.0566328135944319,0.342331841116899,0.0983792499582924,0.0202918130005308,0.0417742108213283,0.00154418762967361,0.0132060809418585,0.424847893468984,0.000991909468001488
"spot_392",0.106133045870211,0.225753565557002,0.0354665086605709,0.194847125561659,0.0514070628073381,0.00167331878774162,0.0122245629769323,0.365444004127022,0.00705080565152334
"spot_393",0.0220691990097151,0.084461490808555,0.0662723019781099,0.101665538706802,0.0121669505939232,0.00336429690323978,0.0571027390748005,0.651102787075663,0.00179469584919158
"spot_394",0.00881510279315481,0.00614678624479158,0.00342397637978222,0.119479698619254,0.0250341057010777,0.00251560837438005,0.770367116241727,0.0636980357387797,0.000519569907053098
"spot_395",0.105004961163378,0.182143735752458,0.0388369641753507,0.0725528490195019,0.0316405893927886,0.000194301703917673,0.480459450235897,0.0891421114706061,2.50370861018016e-05
"spot_396",0.031957886257941,0.0471372581777126,0.0196536579483932,0.0636885516437418,0.0301607332991298,0.000832770890284793,0.763494340595342,0.039942752553835,0.00313204863361984
"spot_397",0.024303272645777,0.00382553960401722,0.00488269749883983,0.175722078345382,0.0156535478221207,0.00032325258680316,0.736011543079258,0.0380665962232763,0.00121147219452639
"spot_398",0.0483408090213281,0.12008894089431,0.0338740482816857,0.0757341127804176,0.0447978526912403,0.00286172597219142,0.587101402387636,0.0855881807082571,0.00161292726293461
"spot_399",0.0217521441613149,0.06532683366172,0.00753752404957477,0.10107445628295,0.0441946095650281,0.00193165811885601,0.719823416378287,0.0326440448211346,0.00571531296113456
"spot_400",0.0298256937919994,0.0016074414578565,0.00549763325362081,0.0457374558009687,0.00346822683151592,0.000702541305645247,0.892410642840136,0.020268235792114,0.000482128926143479
"spot_401",0.17794470632931,0.205140484648873,0.0362349725497671,0.0712251200945566,0.297210075234873,0.00836047082192598,0.0738437670136786,0.0716926006172037,0.0583478026898113
"spot_402",0.155894991757893,0.32076222733133,0.0547479353097375,0.0797767126874974,0.0515235505855466,0.000976548744423807,0.0862771896575637,0.249861101186246,0.00017974273976183
"spot_403",0.0810145366512546,0.139186251333205,0.0729562301103041,0.031587613905224,0.0360790170315905,0.0026713429084191,0.019861977087725,0.616153931330354,0.000489099641923772
"spot_404",0.033722506959516,0.0823131785113458,0.649382721659339,0.00447830819035882,0.0139571999265399,3.54631238368351e-06,0.0729526241958528,0.143186009774332,3.90447033250985e-06
"spot_405",0.0358161417092054,0.0569955932929616,0.436661561522966,0.0491472819622562,0.219377798918154,0.000308700259810484,0.0575757952483718,0.142932058150135,0.00118506893613864
"spot_406",0.0641598826851336,0.0894551764267654,0.537821292301807,0.0611111962690196,0.0794958839914152,5.15162560393192e-05,0.0888147039629946,0.0790399284544657,5.04196523599913e-05
"spot_407",0.0666434928747971,0.0526783124946279,0.496790450644784,0.00786783671649932,0.185755931444692,0.000905431777181767,0.124765971705593,0.0565868424953643,0.00800572984646056
"spot_408",0.0522076346856915,0.0347956438866275,0.52569770782519,0.0464959621890214,0.0975351153184689,0.000143534734922684,0.109532076121343,0.133236442898627,0.00035588234010704
"spot_409",0.0866663489765111,0.0703586640676306,0.4380394835232,0.0921730745382483,0.105010738390128,0.000490255176769518,0.177313875783006,0.0284997722132875,0.00144778733121901
"spot_410",0.0315143859669345,0.0131220534991431,0.160874223643342,0.0897935712757352,0.0445940229557167,0.00163603518161961,0.594408697325011,0.0601823568292787,0.00387465332321891
"spot_411",0.0596570524649605,0.0630395818621348,0.513680857956624,0.055000557040655,0.0873162978691574,0.00120113501475006,0.0708722933787873,0.148632019799872,0.00060020461305849
"spot_412",0.0326161238434185,0.0664381114326776,0.565795146962011,0.0821492782407032,0.0675711107893071,0.000766938133427494,0.0954149842855997,0.089182018247671,6.62880651845216e-05
"spot_413",0.0427363662333251,0.0202469781085017,0.57514530945157,0.0617347000592986,0.0813904469065976,0.000160126527164716,0.13576862465837,0.0827188723171336,9.85757380380015e-05
"spot_414",0.062493506691276,0.0397147187240785,0.523919198265537,0.0697079614137222,0.0884606556907307,0.000313540340259717,0.137103214406251,0.078019423770129,0.000267780698015483
"spot_415",0.0499120294719233,0.0407065245742054,0.558791209158081,0.0822683556909294,0.0745132754418778,0.000678211754942938,0.0597387108958291,0.131469306412739,0.00192237659947165
"spot_416",0.0916568211103126,0.0925150793762526,0.496216543802464,0.0814634103584231,0.056633432262773,0.000840854025750631,0.14118727380319,0.0394145800887712,7.20051720635548e-05
"spot_417",0.0681324763399277,0.0806079554906902,0.498704223865106,0.0425273197129302,0.0531750443043237,0.000369496720431502,0.0888224842909725,0.167638552683621,2.2446591997082e-05
"spot_418",0.0318601233343982,0.0208105229610869,0.253188082111918,0.0460069505276037,0.248710286249691,0.174901901999886,0.0881866412225415,0.089046441512949,0.0472890500799259
"spot_420",0.0292288542928263,0.0552392835446791,0.00969858519247634,0.0257447802296811,0.402196202451826,0.252406786811127,0.11828856054333,0.0436079202538459,0.063589026680208
"spot_421",0.0962263167640235,0.262762099897794,0.151224377057715,0.0241085203380152,0.0365177290332086,0.000536812340614777,0.000389042571760315,0.428132451962825,0.000102650034042942
"spot_422",0.00794806194622459,0.0116482510679053,0.0428163782108854,0.0127758156321576,0.365961559890754,0.149792343307081,0.00564873826239596,0.380989179892519,0.0224196717900771
"spot_423",0.256871676102476,0.0844798483251048,0.0239941981087303,0.016785777021103,0.0439673783396681,0.0275190535977846,0.0576296401677627,0.482088582226335,0.0066638461110354
"spot_424",0.0224213442136872,0.111204515496483,0.0859168192857329,0.0416001758073578,0.0352896819873905,0.00300680559428742,0.157979617982006,0.540930591719529,0.00165044791352628
"spot_425",0.0255754238939728,0.0973973953943752,0.00675764919854275,0.147705720894979,0.0306634980833662,0.00122837055789413,0.620182156653102,0.068504149250758,0.00198563607300989
"spot_426",0.0412656097357988,0.133356934542525,0.0421807979252962,0.0739330475297873,0.036750388213493,0.00331617334352335,0.495507929553716,0.173034882398316,0.000654236757544575
"spot_427",0.0560789779381007,0.130327535315409,0.0473569849635669,0.0886721764432243,0.033033128519629,0.000380166317004268,0.557958978198692,0.0856730913223638,0.000518960982009984
"spot_428",0.00566018748592283,0.00415433526987554,0.0041493798986801,0.0500781447739145,0.0209375009183759,0.00104227636009623,0.859887924028807,0.0530831627038186,0.00100708856050898
"spot_429",0.0283972190386006,0.0824011120551712,0.0141956484262023,0.105973116939574,0.0491881371967973,0.00317952054158103,0.620330825538901,0.0941416513531711,0.00219276891000104
"spot_430",0.0800243851934712,0.129936266350465,0.0505368147455034,0.0411971060133817,0.0510299195883655,0.000898270281242044,0.54580126068498,0.0982376276024363,0.00233834954015496
"spot_431",0.0166219912979966,0.0973942151819563,0.0258081828252704,0.0382207683358684,0.401417952295772,0.000731863397445175,0.305993301097097,0.0893857758525853,0.0244259497160088
"spot_432",0.257888858088973,0.0653689383839002,0.0896646302799714,0.00700570450792793,0.0321140064676554,0.00294787913583775,0.00177363407461355,0.542698968057059,0.000537381004062127
"spot_433",0.0731590177843012,0.0180544395732058,0.00546964794074353,0.0402173474085733,0.183967758738525,0.00227795081418137,0.015702055266203,0.616451523979396,0.0447002584948702
"spot_434",0.0622148442209331,0.00908403686869698,0.00946050394633021,0.0174098828386242,0.0500419701014165,0.0015797763383624,0.0313407036395665,0.815880961217487,0.00298732082858359
"spot_435",0.0182120539433396,0.0133695962051056,0.630221274147904,0.101183015219438,0.0620151301628893,0.00118802942159409,0.0341271855539198,0.139398970502089,0.000284744843720309
"spot_436",0.0486347801718918,0.0278741399943552,0.620157481976193,0.0144383007851765,0.0784735076779172,0.000170250879810041,0.0838639605103192,0.125431865513376,0.000955712490960723
"spot_437",0.0646425142546458,0.0885042393656081,0.440017132277885,0.11763239221958,0.14975947526573,0.00019258758682678,0.100806352902787,0.0383337109675141,0.000111595159422795
"spot_438",0.0362679537000902,0.0902208887775206,0.523644788901883,0.057899421123606,0.0823975730474019,0.000416240052954329,0.0696947079112927,0.139270840712439,0.000187585772812242
"spot_439",0.0752538049310533,0.0395791663653429,0.345669387752124,0.169126663921399,0.0598589779482412,0.00169386763270189,0.246434246270736,0.0616969534879728,0.000686931690428481
"spot_440",0.0293647933262601,0.0212645449177107,0.164272498693288,0.0756990469560713,0.119721918609622,0.000901199219049263,0.541619841097494,0.045629312492974,0.00152684468753088
"spot_441",0.0426055032897059,0.021289206720577,0.242797923907068,0.119066921522122,0.0842074661475362,0.000530080449884639,0.422762899114723,0.0651572457304531,0.00158275311793012
"spot_442",0.100669374596626,0.104797903373759,0.377312204763672,0.03417546471482,0.0864456737742489,0.119615056781663,0.118851018773928,0.0473838618861653,0.0107494413351176
"spot_443",0.0464472991662001,0.0471293201138809,0.575473131677323,0.045709029846942,0.0401265375529483,0.00158603658909364,0.0625926670017565,0.179771044516683,0.00116493353517287
"spot_444",0.0300066756384539,0.0458599393389798,0.597671647161486,0.0283430663493004,0.0456130117458172,0.00118476622376836,0.0304361427579803,0.220415708219838,0.000469042564376316
"spot_445",0.0200857822078815,0.0164083950135572,0.597011080245398,0.0249240004432459,0.0509224324539772,0.00334404522706003,0.0464301208134728,0.233382654474195,0.00749148912121273
"spot_446",0.0557678014835834,0.0655017748053172,0.540330617468238,0.05879087903443,0.0893256675148664,0.00279295510676925,0.100307422268333,0.0860818671073328,0.00110101521113025
"spot_447",0.053506953768747,0.0453963005724553,0.478531938762613,0.0822430296376239,0.104875755226253,0.0143165137820137,0.0800073721207254,0.134151065530406,0.00697107059916273
"spot_448",0.0471335798896175,0.0550142581563496,0.603213407193784,0.11127306846698,0.00457086150892342,0.0313425408033585,0.0640971625036046,0.0833550966535082,2.48238743376519e-08
"spot_449",0.103082936213931,0.138592017935556,0.138302025461635,0.158019846266972,0.182658919634039,0.126017805477559,0.0800593549663142,0.0578920975367782,0.0153749965072157
"spot_450",0.0921141267643159,0.0276217898056015,0.0121289560206038,0.0904805009551602,0.383386513554374,0.218585162111047,0.0535441978102671,0.0574666259588194,0.0646721270198103
"spot_451",0.550945931874935,0.0163075213571551,0.00338521274527482,0.073759266591114,0.208645245780057,0.0187674976113026,0.066483981524977,0.0449339284850607,0.0167714140301239
"spot_452",0.184885941440816,0.00456828135720433,0.00322092014939743,0.0557871276394306,0.0402542872955892,0.00187931002062746,0.626114963580476,0.0815820960783658,0.00170707243809319
"spot_453",0.339226499889793,0.00980412261776252,0.0109260351226348,0.0401944212027263,0.0495667453581144,0.00237069757051571,0.399061508476451,0.146996981794136,0.00185298796786586
"spot_454",0.627237896978668,0.013122411634047,0.00445902138063356,0.0908802725124159,0.0513846925417098,0.0760720908373356,0.0773594285158678,0.0505562201132181,0.00892796548610479
"spot_455",0.0314687485516018,0.0240786118851139,0.0511748823642123,0.0108859738415637,0.248763671547285,0.213820032640296,0.0178211587104273,0.370506063752255,0.0314808567072449
"spot_456",0.00773442900740229,0.00945268731063426,0.0358610121168885,0.017395924986186,0.0256407793905876,0.000236870688644786,0.634936133242192,0.268297690480705,0.000444472776759732
"spot_457",0.0429742190763077,0.0783227758045869,0.00816711620795697,0.0752930908442652,0.0321422463539841,0.00101178639854681,0.648031511062735,0.113476898542211,0.000580355709406343
"spot_458",0.085815275473436,0.225165643646524,0.0418168640780112,0.0645704747609697,0.0233460710958654,0.000423598354905412,0.481320390629957,0.0773604942192165,0.000181187741115017
"spot_459",0.00588830464395709,0.0855334564803049,0.0170647458727604,0.055651731277455,0.0173784149457392,0.00267713814886994,0.723893002966022,0.0917859810793413,0.000127224585549918
"spot_460",0.0365113768563384,0.0747673242727583,0.00819753611918022,0.141465259678865,0.0162241948836475,0.00017153743847417,0.599572260010806,0.122578230069181,0.000512280670750056
"spot_461",0.0226774124631356,0.00458650567098918,0.00494593709623046,0.0485399090716339,0.196217797083398,0.000571344864109899,0.654364090320369,0.0574916104356231,0.010605392994511
"spot_462",0.0154244807356636,0.00204102406934528,0.00237124262826056,0.0847559497394743,0.275824713032746,0.000676997561137839,0.550111701460871,0.0616218228895049,0.0071720678829963
"spot_463",0.0128558222435854,0.0171003466017092,0.0813143747179387,0.0129111262651867,0.0130685555379967,0.00242441819642532,0.00167779363825391,0.857320710720653,0.00132685207825163
"spot_464",0.0379400563913779,0.00798931211699239,0.0353672538290585,0.0268116959045583,0.142536800621452,0.00109976240782162,0.0409107719338354,0.683025949284657,0.0243183975102474
"spot_465",0.0367472443118118,0.0130728820813261,0.0541125625285234,0.0337647566256571,0.242602655094859,0.00109368786743961,0.00139575527255408,0.611119400537647,0.00609105568018126
"spot_466",0.0435223764492357,0.0340884359661863,0.539492948446443,0.0436313488645844,0.0887540349196871,0.00120590304256037,0.103222180667308,0.141190655001531,0.00489211664246355
"spot_467",0.0548898147487644,0.0494956890505359,0.538524365474073,0.0625581554151198,0.0734739650028434,0.000159062031926486,0.0727188798642759,0.147927919263379,0.000252149149082166
"spot_468",0.0580402587726482,0.0604249231963639,0.559009000106499,0.0380429698789789,0.0707115241890706,0.000143833917456084,0.127154144394689,0.0863893219410629,8.40236032306353e-05
"spot_469",0.0273275785196854,0.0453968828188149,0.188916214013417,0.054649684894605,0.128439251925878,0.000208089925809801,0.466093842936974,0.0888964646814556,7.19902833609015e-05
"spot_470",0.0263202691481421,0.00276085093753276,0.00282302336581553,0.0761025685729306,0.274554457500873,0.00153890393922683,0.549707985633785,0.0499265342167806,0.0162654066849134
"spot_471",0.00983947653786441,0.00480198405735578,0.00332349987381869,0.0599742707256703,0.0408784169098878,0.00340476440120184,0.839852591988943,0.0356164870510004,0.00230850845425755
"spot_472",0.0278344182463227,0.0123597388779318,0.0662296563004891,0.0901208677129016,0.0316592897812318,0.00136935244442384,0.696025069413891,0.0732076536372033,0.00119395358560498
"spot_473",0.0304589150834846,0.105231486484958,0.51520454870408,0.0412560869226588,0.0819795466254977,0.00107394302203871,0.0215645821281847,0.202404513415526,0.000826377613571273
"spot_474",0.0500546268495017,0.0612365353657055,0.521140592606122,0.0661156766580383,0.0920887322939238,0.00070335634248467,0.0970768538435562,0.110864092756512,0.000719533284156541
"spot_475",0.0499849905740591,0.0497604576789809,0.491026530934141,0.0802376875812155,0.093476096784518,0.0231843757824052,0.0542427282007005,0.143475501813293,0.014611630650686
"spot_476",0.0428234086433323,0.0168174434274743,0.511551517229854,0.00736580667755172,0.131393310836406,0.0319294858049334,0.0827404583491451,0.111103773725437,0.064274795305866
"spot_477",0.0191047392625358,0.0218273637109459,0.616361138129683,0.0203281629613021,0.015662417150215,0.0165655758674627,0.076806028946736,0.195007284124711,0.0183372898464079
"spot_478",0.0595461503467266,0.0455406250010247,0.572816048469946,0.0452855858587583,0.0773058024552175,0.000622336054336894,0.0542333099453805,0.144453179879031,0.000196961989578395
"spot_479",0.098730259018322,0.0339817197898963,0.548599724147385,0.143925668165547,0.0202664670231269,0.00238941198567974,0.0539403844202727,0.0977755010576138,0.000390864392156699
"spot_480",0.0208367045646087,0.0397659418525374,0.240344209853371,0.0853393916990977,0.0471847133313884,0.000987719041735302,0.48805980960609,0.0763524127295354,0.00112909732163646
"spot_481",0.359751052012675,0.00714198698216445,0.00808800597218521,0.0236207477669106,0.0208611458577281,0.00217781089478619,0.505547844881828,0.0715245498172965,0.00128685581442601
"spot_482",0.524677933534353,0.00360715407932261,0.00316083315987713,0.109417278005633,0.00516413355451183,2.71935280083024e-05,0.327543342131784,0.0263139570055584,8.81750009518585e-05
"spot_483",0.212645622119343,0.00755932702128393,0.00704939523019735,0.0312181498642195,0.0277106909145179,0.0026610674545572,0.476145459290305,0.230615799051698,0.00439448905387822
"spot_484",0.342255853254044,0.0130708731388007,0.00881668348283323,0.0384817138608642,0.0404945444524424,0.000252031380870309,0.506467753206042,0.0500392014938591,0.00012134573024429
"spot_485",0.203069576015899,0.00690329259667874,0.00383793072991552,0.0445602878232133,0.0387680698298334,0.000888568862368186,0.634691077288816,0.0657565776596032,0.0015246191936728
"spot_486",0.472765960897856,0.0278865882458986,0.0065705951324612,0.0182735829370306,0.213134286500955,0.11786309480893,0.0516434002131611,0.0595571462287682,0.0323053450349384
"spot_487",0.223080853414273,0.0143815845946829,0.0217709732135147,0.0104607111119415,0.235119956461246,0.204119184902442,0.0639041966793431,0.191354156993454,0.0358083826291031
"spot_488",0.0938863913858946,0.265806494193136,0.144328624328377,0.237110594151755,0.0261039551586124,0.0107109300402687,0.0401935844003213,0.177232395908358,0.0046270304332772
"spot_489",0.00680858652728926,0.00898317274237088,0.00512171807792408,0.116836338225664,0.019761601724647,0.0053671981792221,0.761223590764165,0.0737538589219302,0.00214393483678775
"spot_490",0.0174209699904206,0.00523798642199374,0.0030963972606192,0.122109863236852,0.0287998301003607,0.00137617265756714,0.756948160248686,0.0633601816994026,0.00165043838409815
"spot_491",0.0021790601888884,0.000256819863290806,0.000289333148232726,0.028143461930067,0.357257272699475,0.0124814087142336,0.238332512468053,0.0388278055783788,0.322232325409381
"spot_492",0.045721415330571,0.000540796519391876,0.00507756497438757,0.0333936656329133,0.490668563293589,0.00138995423396561,0.32069581847095,0.0666797344566319,0.0358324870875994
"spot_493",0.00190086454701451,0.00577830120741889,0.152582399570203,5.25396190737798e-05,0.001826048289381,6.78887607041318e-05,1.01253042611105e-05,0.83762954005288,0.000152292649063874
"spot_494",0.0794750756952364,0.0120521043570723,0.0265210786620578,0.0609847998076655,0.0139641408599149,0.00457618317395099,0.245789062504342,0.548782887030685,0.00785466790907525
"spot_495",0.0374404263641442,0.00905861785666564,0.0173269567478347,0.00475563335597759,0.21432047848329,0.000694191995873181,0.0192620093844429,0.695031685488746,0.0021100003230259
"spot_496",0.037022372700069,0.0122118969529699,0.0282359214020641,0.0355700686575627,0.216651946500052,0.00154431978150139,0.00724042847324651,0.652671547523506,0.00885149800902849
"spot_497",0.0588975643026844,0.00469425906132925,0.0205916688209022,0.0480243335822386,0.741740917637037,0.045467273902358,0.0473843732795157,0.00220238583369223,0.0309972235802424
"spot_498",0.0106951275549461,0.00101283172443016,0.00132631226512623,0.0765254013532405,0.541076242341627,0.00042004022136423,0.291418474850195,0.067001162931317,0.0105244067577541
"spot_499",0.00439942346586538,0.00266726076838217,0.00266338734864343,0.125424672246475,0.18803595984988,0.0025051638342133,0.598653263501075,0.0547065112441873,0.0209443577412788
"spot_500",0.0417350864421765,0.00417835802199823,0.00206118343764611,0.152979683497389,0.0305627813454203,0.000778572376035079,0.690813494811122,0.0719975065969791,0.00489333347123357
"spot_501",0.0175956809639474,0.00585859406972535,0.00253310678361859,0.0775186635138341,0.0397908672936941,0.00149968919842248,0.789296140601969,0.0638755118204577,0.00203174575433122
"spot_502",0.0112353019560253,0.00445875231779838,0.0032138562169159,0.0783663265239701,0.0160730411747491,0.00121840432273189,0.832797410907877,0.0486440862796861,0.00399282030024592
"spot_503",0.0164764235341932,0.00300897070894691,0.00171348781215035,0.0643162321978084,0.120534256744582,0.00136309415931593,0.722359021504317,0.0528576522071161,0.0173708611315705
"spot_504",0.0297466796673008,0.0725494172677902,0.522935037802988,0.0897482707860543,0.0838147453506258,0.000447175713984973,0.0676906321069972,0.13214639402416,0.00092164728009915
"spot_505",0.0600384741715359,0.136963151651829,0.476432045559789,0.0857210573460598,0.061565202220828,0.000997094368493998,0.1159100122025,0.0619641652248307,0.000408797254133641
"spot_506",0.0415354210439205,0.019988574718672,0.483102954784853,0.0884895665892085,0.111770343751082,0.0252593794543339,0.131445670882474,0.09373336047827,0.0046747282971865
"spot_507",0.0219589634639291,0.0840516097303921,0.594523492502278,0.0180853759217891,0.0565091802468942,0.000110754391237242,0.0506630360558383,0.173390595181904,0.000706992505737742
"spot_508",0.0496611336290753,0.114113625403736,0.523315852483696,0.0648779041550837,0.06978027717037,0.000428667417305587,0.0690009565929851,0.108705132067266,0.000116451080482399
"spot_509",0.051388313272071,0.07529713406387,0.499837490275346,0.0406308103228458,0.059365540422523,0.00301879123641817,0.0407194553892559,0.226862623252774,0.0028798417648956
"spot_510",0.0446582913134494,0.0418956808238783,0.554190471733906,0.0426587874135804,0.0741018769322346,0.00193347669715692,0.0881589074152764,0.151213046036896,0.00118946163362167
"spot_511",0.193310126074697,0.0277736576559941,0.195916243346907,0.128564935725316,0.0961161556960684,0.0449905740986571,0.234375500121441,0.0730018450940775,0.00595096218684197
"spot_512",0.375828947855237,0.0101943178769665,0.00564543586734141,0.0331346908242029,0.0327469320775364,0.00188366757349224,0.484034650274341,0.0550872965973368,0.00144406105354516
"spot_514",0.334969600259057,0.00815994802043592,0.00312112546172505,0.0656054732913811,0.0438063599341897,0.0011007614989418,0.419556049361136,0.122744652811943,0.000936029361190125
"spot_515",0.188091086074447,0.00381154807927648,0.0034358234445201,0.077174878254077,0.0292745146850949,0.00115384375116412,0.584367640442417,0.110426695337142,0.00226396993186058
"spot_516",0.325718377442288,0.00669385899600104,0.0109394067170518,0.0571469616103989,0.0399014550172733,0.000590366865832112,0.501272030247499,0.0572104556270464,0.000527087476609292
"spot_517",0.175425066097474,0.0134978335891993,0.0393934879180284,0.0545667197606006,0.0507446864042073,0.00197214991994556,0.322239074183718,0.341804437828481,0.000356544298346072
"spot_518",0.296653425538004,0.0211503528559286,0.0367581529755537,0.0489408934453283,0.0940219225978269,0.0195961601043821,0.379920725158716,0.0962896948028402,0.00666867252142006
"spot_519",0.352749724738128,0.0552503406804388,0.00890096292866797,0.0716322766621725,0.167973177713958,0.0729099744515585,0.179103301950708,0.0698566565234673,0.0216235843509014
"spot_520",0.0193356357022913,0.0175321136549385,0.0143337882323037,0.00988248316758246,0.122550093423983,0.0638452261966823,0.0147128798547098,0.7070754380079,0.0307323417596092
"spot_521",0.0747791531220878,0.255450808681839,0.122618740520113,0.0522800794414156,0.146913828980629,0.0011375195761993,0.0127339231185908,0.329072587379454,0.00501335917967138
"spot_522",0.0189611018274436,0.00066584146377259,0.108485450935297,0.0452388338515038,0.601923525612005,0.00552381152531956,0.0386732269415409,0.0471151308701257,0.133413076972991
"spot_523",0.0412789720706673,0.0240726244670758,0.307988875197634,0.0653086423631783,0.256720072597757,0.00722750910885003,0.0174774958163393,0.232925317955428,0.0470004904230707
"spot_524",0.0395827856945927,0.0424655680415248,0.485541877251232,0.0585694754779041,0.16839916587984,0.00143620319105997,0.0601751496562635,0.141651113577185,0.00217866123039785
"spot_525",0.0422651130725948,0.0167155590601858,0.112057339105526,0.0242732720579801,0.308578657694804,0.00143524561878708,0.00118957121522414,0.477394817712435,0.016090424462463
"spot_526",0.0332845857016026,0.0188067860158312,0.0640887150846473,0.0916883366720038,0.161085151170577,0.00269287199426441,0.00110710477870576,0.603018157988459,0.0242282905939091
"spot_527",0.0556761982381736,0.021365326292227,0.0082399342030216,0.0304224092494912,0.319429182238478,0.0037377126433321,0.0530437048365852,0.50420875307499,0.00387677922370072
"spot_528",0.0373654087848267,0.0872378283687369,0.127114933570542,0.173442596942066,0.459916313116002,0.00162767154095219,0.0540542191645478,0.0407987212358901,0.0184423072764362
"spot_529",0.0129755787633503,0.000879521722805383,0.00976594592571429,0.0764308196649811,0.805956011486947,9.83704911370712e-05,0.0380753325157378,0.0343995275247453,0.0214188919045822
"spot_530",0.0172558567489474,0.0053490107117562,0.00767324726714578,0.0517606062779656,0.80536929365936,0.00340181783418116,0.0330434666140809,0.011373499575978,0.0647732013105853
"spot_531",0.000673312587490921,0.00485294394622174,0.00817738743244441,0.0704011632494508,0.863109239136194,4.2533095307199e-06,0.00549214885049162,0.0467100562854995,0.000579495202676818
"spot_532",0.00661673034550879,0.00158788258788222,0.000780362265363243,0.1660026529186,0.284317710722719,0.00313137029957897,0.431864050588873,0.0879868297653625,0.0177124105061125
"spot_533",0.00637542242201234,0.00230247055060854,0.00345668779292812,0.118856453611939,0.490566695928315,0.000164641460743015,0.357520811689497,0.0105305859501155,0.0102262305938411
"spot_534",0.0317198368972699,0.00234774780760348,0.0228842588536693,0.0425829246062807,0.780514421520227,0.00128285764130446,0.0810398596739705,0.00771479451348898,0.0299132984861862
"spot_535",0.0369622928106959,0.0141557863402011,0.157946632300866,0.062124984403761,0.495613566807715,0.015913173174802,0.100451300746194,0.0531607352352771,0.0636715281804881
"spot_536",0.0747100488304747,0.0553517954777421,0.554334220925402,0.0724259020662539,0.057758300658099,0.000224722546366498,0.0937464147815429,0.0914142935875861,3.4301126533208e-05
"spot_537",0.0455743268427389,0.0934575062900438,0.563721453284113,0.0372039905360442,0.0605539907118974,0.00328066266691176,0.080377062538566,0.115622323930487,0.000208683199198317
"spot_538",0.0577353406867743,0.119510479144306,0.52050862494041,0.0770408590828741,0.0635104418234771,0.00214986720641461,0.0716294116322029,0.0870395081413598,0.000875467342181013
"spot_539",0.0721690237424265,0.0340133463421573,0.540414919817529,0.0440224797699887,0.0942113166761759,0.002312372506373,0.0583475622411849,0.150223797194439,0.00428518170972531
"spot_540",0.0582162191607654,0.0591743306695685,0.513067916563095,0.0681384911012137,0.0840736580440181,0.000192338214304185,0.136196609818672,0.0789665264036478,0.00197391002471512
"spot_541",0.0286223389735227,0.0152478058284284,0.342644802382185,0.0362740576573863,0.0470067338099057,0.000188306487764296,0.293727766679012,0.235737497351228,0.000550690830567816
"spot_542",0.021530720217323,0.00809547839845445,0.00301679445652433,0.0720577523874602,0.0946491067294475,0.0257292103418814,0.721851394183525,0.03870042274048,0.0143691205449042
"spot_543",0.0221311076553549,0.0104457875896628,0.00319222434170927,0.0903290248815008,0.0589107934155499,0.0374428948377159,0.700309373886576,0.0599002160984685,0.0173385772934621
"spot_544",0.106658180473695,0.0110244782585187,0.00734104176881472,0.0643884765549531,0.0266900251379011,0.00021546654884332,0.686570704281679,0.0966492631392595,0.000462363836336206
"spot_545",0.179916340520282,0.00848836177017811,0.00477691504356774,0.0727063678161526,0.0286989396407569,0.00137308952829933,0.625727315263997,0.0777031169327809,0.000609553483985254
"spot_546",0.2182730357424,0.0131747043224564,0.0189765696856076,0.0674521031293358,0.0430521231181224,0.00258491546948296,0.191009944228866,0.44408125630955,0.00139534799417828
"spot_547",0.423801493487846,0.00649975729989332,0.00634078437181958,0.0794030916962631,0.0559020551822821,0.000445968528747212,0.390308117842338,0.0362022775943271,0.00109645399648342
"spot_548",0.732863793047067,0.0166189269945563,0.00663886663756108,0.0289223374291717,0.0530041469135138,0.00362653069899356,0.0559828571612546,0.0997914444104799,0.00255109670740173
"spot_549",0.356887305287091,0.00690280584574995,0.00526439828357596,0.0512691166337111,0.0594837611066242,0.00113591817520634,0.370663712452338,0.147442945529864,0.000950036685839469
"spot_550",0.0479301247065757,0.0099289178087019,0.00569936789762835,0.0590120936024324,0.10266466750451,0.0342240237544495,0.539169343065806,0.192340183734665,0.00903127792523078
"spot_551",0.15750394251412,0.111604402673675,0.177541491679269,0.0298417409045525,0.148403067060821,0.052992955277637,0.0227155494019937,0.284597310512534,0.0147995399753973
"spot_552",0.017206451217014,0.058234638851364,0.477395017618749,0.0344106739268545,0.05333853469143,0.00351944893436045,0.0353486486200811,0.319509078352868,0.00103750778727852
"spot_553",0.0265968919617606,0.0282078051317275,0.570957891066372,0.0212907433285763,0.117364455697307,0.000214573491376157,0.0415433578189924,0.193695066972154,0.000129214531734323
"spot_554",0.106130738817755,0.099078546667192,0.479172753452777,0.0578345798199333,0.0398137343434448,0.000152680390189692,0.196682573314549,0.0211322078248181,2.1853693411601e-06
"spot_555",0.0852710473607772,0.0383834069539481,0.478019130878697,0.0935223678043789,0.109580231634308,0.000611041496755621,0.130756792051079,0.0630049596451649,0.000851022174891486
"spot_556",0.259026035314258,0.115837917469761,0.348516893745022,0.0636012195326679,0.0344816441131697,0.000416158426096121,0.0962860325260246,0.0817180282874527,0.000116070585547223
"spot_557",0.0483707128639404,0.0443375386840581,0.491268933727066,0.160019735815395,0.0508585312382378,0.000791536087296079,0.148108391060315,0.0561504390374421,9.41814862485148e-05
"spot_558",0.00907398155805286,0.0164530640984867,0.698457147431204,3.03224847262639e-05,0.000234007179925669,2.11369527807282e-08,0.0412369863640807,0.2345101445337,4.32521287064499e-06
"spot_559",0.334274285415065,0.0329630772760201,0.0358946514960862,0.0114764459438463,0.445435532663373,0.00336671418967055,0.0628399745467441,0.0446642289283569,0.0290850895408378
"spot_560",0.142556715434323,0.00492746305037179,0.0853623990805518,0.0580584218598298,0.420236045119984,0.00151803304039238,0.171930350958752,0.10739624807945,0.00801432337634564
"spot_561",0.170911840914257,0.00501854578594328,0.00840010760142799,0.0591052184653909,0.402301493638731,0.000527590158737374,0.284694541492194,0.0646279536452462,0.0044127082980714
"spot_562",0.0383325796875508,0.00143471529895987,0.00530897186218063,0.0156574342940368,0.75948801883514,0.0247944525536992,0.0212178421761931,0.0235118023575241,0.110254182934715
"spot_563",0.225850074259278,0.00252652339360446,0.0116680696499839,0.0225751851932212,0.649040571202268,0.00471393169092482,0.0263646649078953,0.0316899153892039,0.025571064313621
"spot_564",0.221944889451082,0.00440112609278056,0.00492169869318428,0.0705135136054176,0.578056846022324,0.00121179550530098,0.0697812237636346,0.0293217390266115,0.0198471678396651
"spot_565",0.0548356935596556,0.125206902776888,0.209565491144876,0.0383144750531205,0.391306839502935,0.000306781223929982,0.0454582166051286,0.128380541405994,0.00662505872747314
"spot_566",0.225335444107816,0.0905254184865843,0.174555146547758,0.0465008075106321,0.086797466715607,0.0296383920628753,0.0168250924769616,0.321024334550818,0.00879789754094668
"spot_567",0.147765469962673,0.00874933366416823,0.0772518675919066,0.0884495673304011,0.0469126191708805,0.00343070505464389,0.52872811848181,0.0945666829579741,0.0041456357855422
"spot_568",0.078348819192173,0.062778539904297,0.594667810612264,0.0125081857908809,0.0543187189110848,8.2562460264948e-05,0.107400288830517,0.0896402020930269,0.00025487220549135
"spot_569",0.0385489181521734,0.102429868793458,0.516429017705178,0.0776800038560109,0.0835564673360137,0.000827792968640528,0.120899060667698,0.0593102502614892,0.000318620259337638
"spot_570",0.0462880557845509,0.0644902390844048,0.527048264395089,0.130211606010392,0.0558086738826753,0.00116636814518033,0.0499366491911651,0.12469882665279,0.000351316853752426
"spot_571",0.0364302918227822,0.0783698882444516,0.578004658469612,0.0370585552102881,0.0601967761518057,0.000939574147291409,0.130396201620308,0.0784782717907573,0.000125782542703592
"spot_572",0.0192473574868248,0.00754598547959912,0.00822854322959378,0.124072245351484,0.0196956201893358,0.0328614441996804,0.764962102374189,0.0111391774026857,0.0122475242866068
"spot_573",0.0160478521909115,0.00691699413437689,0.00186631519236633,0.128673825356895,0.0302454768122281,0.00271108485193439,0.700738862441521,0.112283240307707,0.000516348712059841
"spot_574",0.0155150790939442,0.00227893528372361,0.00130995851368787,0.102396328165225,0.0130609942197918,0.000701528352408378,0.825454282003589,0.037258861877464,0.00202403249016575
"spot_575",0.00950518808174355,0.00459437103670151,0.00153486146147718,0.110416193318014,0.0268466283227923,0.00167730160887058,0.77886561547047,0.0657570895139952,0.00080275118593546
"spot_576",0.375421515955329,0.00852515242548035,0.00402150274451436,0.0370144827971127,0.0395020698481906,0.00112426490722845,0.299726434257402,0.232759047641608,0.00190552942313485
"spot_577",0.259231868692412,0.00748755418575153,0.0042923943949516,0.0641735152519302,0.0373315043691091,0.00143038964236688,0.573821126242159,0.0503477613076095,0.00188388591370947
"spot_578",0.260019879829504,0.00912847672770176,0.0107843701257387,0.0657247881712317,0.0359621946505545,0.00162033098122348,0.446301138501714,0.168711999852513,0.00174682115981866
"spot_579",0.479241774064077,0.00664306025721369,0.0133374963316666,0.0694143031995947,0.0576995055400225,4.05379383978952e-05,0.316000411670385,0.0574464362490505,0.000176474749592586
"spot_580",0.384828718362758,0.00816691347841983,0.00412920550390791,0.0622052823247295,0.033867024010857,0.0010188345999166,0.41341802165294,0.0917681871861113,0.000597812880359787
"spot_581",0.447182281434757,0.0184206926187877,0.25768723361182,0.00686013514728878,0.0629478698518942,0.000406652436783797,0.110446907336613,0.0955813266493777,0.000466900912677003
"spot_582",0.0973060345987316,0.0825095720644201,0.480107879841621,0.0638120270137422,0.0779436465567366,0.000266924561231884,0.0756960053924285,0.121997040628691,0.000360869342397646
"spot_583",0.0565657896136423,0.0684534973430515,0.546922300177594,0.051667471028711,0.0624377250577147,0.00306882086541773,0.126387059917106,0.0814809801488353,0.00301635584792702
"spot_584",0.0301016311783501,0.0690855407509952,0.53757853188112,0.0472943449680328,0.0646482886684067,0.000194134760817116,0.12480908064696,0.124817369013033,0.00147107813228571
"spot_585",0.068736852548057,0.0905557341562795,0.526791756170468,0.0523644724212787,0.0535880147974527,0.000155748544918554,0.151969177607312,0.0557811425227297,5.71012315034203e-05
"spot_586",0.0214948627122936,0.0476688541198829,0.500401541445974,0.0632446114338787,0.0484784455672899,0.00410150264050067,0.0518866332000459,0.256549931791468,0.00617361708866704
"spot_587",0.0391699804514869,0.0490035732257088,0.577194116012438,0.114237964023403,0.0606753370124853,0.000364706568417285,0.063982634400976,0.0949191714104368,0.000452516894648096
"spot_588",0.0406302759069395,0.0908266976842471,0.528529688904392,0.0369094273991309,0.0940299715265814,0.000950538935964641,0.0772743270277335,0.13041480619184,0.000434266423170462
"spot_589",0.155233414041773,0.12729064698825,0.37420711996441,0.185450635434896,0.0422048109530762,0.00136903588794865,0.0626884452111512,0.0507393612031726,0.000816530315321744
"spot_590",0.00384870236561694,0.00313917956817937,0.00717790041240831,0.119859368015555,0.059909196190246,0.00371833761116209,0.782123089469598,0.00662638336095801,0.0135978430062759
"spot_591",0.0283295720316154,0.00371888347935848,0.00107362973286612,0.123872581659413,0.0236900960576853,0.00181313679993697,0.692094138707163,0.121047545237537,0.00436041629442557
"spot_592",0.0175824375011389,0.00680276057503391,0.00134132615200198,0.0996340372070823,0.032594929164589,0.00116698788804089,0.713617394260424,0.126703102984385,0.00055702426730386
"spot_593",0.0132753993961948,0.00691830183220661,0.0364975301341306,0.0566737760128317,0.0125903268446112,0.00137018231300904,0.729320193438773,0.142783041592472,0.000571248435770996
"spot_594",0.139146417705708,0.00876776498905466,0.0720318038520427,0.0466996843780266,0.183520511850889,0.00208909867352794,0.464750214138279,0.0795552472608465,0.0034392571516254
"spot_595",0.237212904933226,0.00411047793857132,0.123679813744422,0.0475371549659865,0.425426041519046,0.00182128641024377,0.0478401019509736,0.0901015299398624,0.0222706885976689
"spot_596",0.0376296526098484,0.152430298059742,0.364849182203749,0.0767408616550611,0.0969964333089268,0.000766213194869324,0.0863521754613038,0.183298640376913,0.000936543129586936
"spot_597",0.444698552412588,0.013211315526577,0.00812424736961256,0.0535981017897684,0.221427326010352,0.0690018761908363,0.108637526665701,0.0601683111254289,0.0211327429091354
"spot_598",0.0283689854216309,0.00510027359161435,0.000683707057715168,0.113026054706992,0.0219804759748357,0.00122217479882673,0.698514409870232,0.130249606418289,0.000854312159863322
"spot_599",0.0213226154523131,0.0178085619783027,0.00891594393274001,0.104593799802464,0.0680493550086946,0.0703966221244778,0.62063164099574,0.0866254467631308,0.00165601394213657
"spot_600",0.00795431387901443,0.0151653366369999,0.00986234807870397,0.0565172635330556,0.127109640005285,0.0832827795816841,0.649012099500041,0.0404737953568805,0.0106224234283353
"spot_601",0.0183694929708131,0.00617577093940456,0.00280856883245552,0.099826334046872,0.029040532962484,0.0011523185879914,0.794205116761678,0.047023972461387,0.00139789243691486
"spot_602",0.0138675930391991,0.0116051085961584,0.00460458164458348,0.11051370916931,0.0557437366681356,0.0321520808963314,0.689639932081099,0.0751442640083425,0.00672899389684025
"spot_603",0.0153793756430286,0.00626620592916729,0.00481553527201092,0.0659790305227426,0.0589720679019324,0.0220964231850068,0.763337016100195,0.0381930953168412,0.0249612501290747
"spot_604",0.0209461514721598,0.00922583070783093,0.00674952780432168,0.0518945267557973,0.0982689243744704,0.0669332032629572,0.699814144153337,0.0305920961565686,0.0155755953125574
"spot_605",0.00523515348668788,0.00390271087958158,0.00206806218131295,0.0574931970515848,0.0254060512459633,0.00123324662087918,0.791027310362375,0.113027394433185,0.000606873738429533
"spot_606",0.0206263535130197,0.00621195105736501,0.00257464308328589,0.0995083432613595,0.025690112668725,0.00141010522661907,0.78569621876274,0.0569333407848039,0.00134893164208246
"spot_607",0.325010317848949,0.013132839287563,0.00749000234667003,0.0835269418005652,0.041970397479087,0.00186936182486853,0.431962071460141,0.0931544980802051,0.00188356987195066
"spot_608",0.378194249706034,0.00536728649733817,0.00276350922598002,0.0701010117666333,0.0218836037701944,0.000999777368219808,0.444872693675329,0.0748060681102979,0.00101179987997303
"spot_609",0.196242819287294,0.008354925465597,0.0260928706776991,0.0383751576641491,0.0132504565103131,0.000701698434772055,0.371308775975327,0.345219430823603,0.000453865161245208
"spot_610",0.19515682457021,0.00672742237550909,0.0643322147790595,0.072030990510431,0.0278157294258378,0.000785683564704316,0.606638014741816,0.0243135600755311,0.0021995599569007
"spot_612",0.0776790471700609,0.0710139343042828,0.473691257908215,0.0863903796652108,0.0710511449271113,0.00103854297084417,0.113331330001765,0.105204115199422,0.000600247853087619
"spot_613",0.0313334775058249,0.0579499016399573,0.5525324288196,0.0577651342308816,0.0849576205626029,0.00453851150350841,0.0263056445660939,0.18439410282358,0.000223178347951109
"spot_614",0.0629279743306427,0.0802763513087868,0.501207909598897,0.0536473069923688,0.0875247727938902,0.000249994434650039,0.103024886517918,0.109999190404944,0.00114161361790347
"spot_615",0.0458659523634045,0.0295455855444148,0.619554766901452,0.0107334750300497,0.0596219998922729,0.00140098810183023,0.0799513285542991,0.152144319912908,0.00118158369936918
"spot_616",0.16943915312573,0.104454961992928,0.440727916140126,0.0169639599435308,0.0742776456778183,3.47028533541138e-05,0.141194084772605,0.0529059099693286,1.66552457937591e-06
"spot_617",0.0742732753803722,0.095944831971268,0.490852022317025,0.0878555639857003,0.0623529575472505,0.00101497046308082,0.0370603729355342,0.150472851690975,0.000173153708794402
"spot_618",0.0219089954337243,0.024721195055718,0.57595947444715,0.0504313862308982,0.0438756113141946,0.00160790734376111,0.121532170077641,0.159842090039065,0.000121170057847652
"spot_619",0.0663264275142959,0.0890859408837992,0.556768269092791,0.0853904473528546,0.046534977562934,0.000120366007443318,0.0918850571104489,0.0638613959850704,2.71184903629409e-05
"spot_620",0.0201925861241158,0.0117697014346109,0.587109398455933,0.0397757609104081,0.0933704266917396,0.00137717554163994,0.0609884229284931,0.182006915557136,0.00340961235592397
"spot_621",0.017558504464795,0.0034805790542774,0.00246532128157427,0.0829062103391205,0.0356859902843828,0.00158234927292934,0.809396638977173,0.0396836479860158,0.00724075833973228
"spot_622",0.0114425607908573,0.00568792785347098,0.00390778637657795,0.0926662918244093,0.0197403710769188,0.00198823060325371,0.827759117183138,0.0358213839137408,0.000986330377633488
"spot_623",0.0273030334029616,0.00907737021393908,0.00285141809909516,0.103936482317923,0.0236124912518779,0.00141672645131155,0.748853155079135,0.0814303035137518,0.00151901967000503
"spot_624",0.0148647227196394,0.00407758092433462,0.00148922232182756,0.21740774498431,0.0271753282271731,0.000825206084521158,0.662631589648815,0.0681321343499281,0.00339647073945183
"spot_625",0.0457667861605585,0.00656489374540027,0.000861122702632077,0.195146646078359,0.0535426118220218,0.00107579728143301,0.548059746560428,0.119023406930344,0.0299589887188232
"spot_626",0.139196013735543,0.00456349083366869,0.00226792472496441,0.0953814958609919,0.016423053751377,0.00170043595233245,0.663523950745765,0.0747582471150565,0.00218538728030183
"spot_627",0.499226379668334,0.0224645588656334,0.0122993327118205,0.0182562335230661,0.192681144119585,0.0727537414652242,0.10892732765,0.0625156514564081,0.0108756305399293
"spot_628",0.420738497500582,0.0237793465562988,0.00847589976929185,0.0232195267133878,0.198674720894888,0.152096592793747,0.102123931454803,0.0482977908552641,0.0225936934617367
"spot_629",0.0467701826632249,0.0416266250677384,0.0252471421515081,0.050209052965198,0.240282089075903,0.299760334565787,0.234039504134317,0.0347825360717819,0.0272825333045418
"spot_630",0.0186589191909629,0.00325611906150858,0.00146725007136648,0.0874121745821575,0.0164989451894393,0.000384846015129541,0.773024106443089,0.0989420641767041,0.00035557526964307
"spot_631",0.00460327868947458,0.00455512322291809,0.00210755753823728,0.0606116228108662,0.0190773511231018,0.000978187667710942,0.889763150048323,0.0171889423915942,0.00111478650777433
"spot_632",0.00723906811184209,0.0188354752577356,0.0044752976547712,0.0555799976364803,0.186669486932446,0.124319244824662,0.528477265136518,0.0644973908953034,0.00990677355024139
"spot_633",0.00974582669022778,0.00414691714767432,0.00178216929730397,0.0806747032355039,0.064311471140753,0.0179058641662449,0.730318751145407,0.081325052468984,0.00978924470790082
"spot_634",0.0211220270103655,0.00406023686365562,0.0022545734340007,0.076121011257452,0.0297910453583347,0.0229210155697977,0.730968825223903,0.0727997817637567,0.0399614835187346
"spot_635",0.0487052845591015,0.00512001862055739,0.00145433543330448,0.0916213779965459,0.0622190545078516,0.017239806530904,0.641147049688418,0.0950085710985236,0.0374845015647936
"spot_636",0.0118239607409775,0.00818552801683205,0.000993352437714394,0.115130604169974,0.0260738609304925,0.00219062297197891,0.715079036170338,0.120132115153896,0.000390919407796733
"spot_637",0.00852223685819917,0.0106431427473747,0.0323299182302559,0.0455875968562295,0.0297259613216709,0.00231693135137814,0.520094859222295,0.34960181392259,0.0011775394900072
"spot_638",0.00960131342230345,0.00745469486095064,0.00507408110075999,0.117486678372055,0.0257125582124443,0.00157737622540028,0.774024424382031,0.0586682916281208,0.00040058179593438
"spot_639",0.0154807070090663,0.00612897714209009,0.00162880132980002,0.114117462486854,0.0327589163220007,0.00196212020131957,0.734770171006275,0.0921797245200544,0.000973119982539858
"spot_640",0.368214363836781,0.0275462975972786,0.0341805555923834,0.0107204474597772,0.0326376573595495,1.90397494860858e-05,0.196714575433396,0.329962197241587,4.8657297612079e-06
"spot_641",0.203059349071326,0.0108947001082983,0.19004322054527,0.0576236389068564,0.0436737208090799,0.00107226769679345,0.378725585309843,0.113947654208185,0.000959863344348122
"spot_642",0.066948715609061,0.0637804846359656,0.581288481024946,0.0247729152278111,0.0516197753708516,0.000736625397251931,0.0752803593273368,0.135236693550446,0.000335949856329497
"spot_643",0.112851053943108,0.145545287859195,0.500316026059339,0.0570814104115538,0.0648661743305451,0.000115087047506514,0.0684833875681481,0.0507155751584436,2.59976221608623e-05
"spot_644",0.0626090134559356,0.0889048100680984,0.452321785769482,0.102557219244171,0.113189742856336,0.00289313842857305,0.0438588276949596,0.133428318272617,0.000237144209827258
"spot_645",0.0762858074627939,0.0745782023654204,0.525276323639862,0.03341967328539,0.0748741269580377,0.000187094649167348,0.129980147240958,0.0848283054270089,0.000570318971361631
"spot_646",0.0389572953303294,0.043885322749232,0.556402318985299,0.0636429405976771,0.0807685594128399,0.00110307613473044,0.0701319888429485,0.144643280724533,0.000465217222411155
"spot_647",0.0424834875105326,0.0803819272452904,0.537196611920531,0.0430167592955665,0.136727324260081,0.000746371209737535,0.0353460079406558,0.123283901509268,0.000817609108337377
"spot_648",0.0379900796544778,0.133884096576108,0.593285360387141,0.0352663572279818,0.0493819822870533,0.000767049041858778,0.088139912676175,0.0612550839610563,3.00781881482568e-05
"spot_649",0.155870886005246,0.0576898547435911,0.480594026195469,0.0349634356664399,0.064950579278595,0.000350382838589062,0.0896314670804252,0.115533358707339,0.000416009484305314
"spot_650",0.0607692123105714,0.0622971777739068,0.544313887873408,0.0822411146314447,0.06082551465872,0.000400226876495528,0.116576957538313,0.0724684582688525,0.000107450068288776
"spot_651",0.0921445580260051,0.0520430405203034,0.471425798395099,0.0671227103266815,0.0976271089169221,0.000200302613220384,0.135145866455767,0.0838212396877047,0.000469375058296842
"spot_652",0.00774052564748795,0.00428222426208212,0.00264200633792001,0.091325980382479,0.0209562255878882,0.0033255465272598,0.787993428265494,0.0801561458133144,0.00157791717607488
"spot_653",0.0210439383166101,0.00956855346442226,0.00289963774240693,0.137736709507227,0.0191987691138632,0.00167184158913996,0.763492581103876,0.0434122315918829,0.000975737570571183
"spot_654",0.150981263115387,0.00587149865397711,0.00376628117824497,0.0829621724068651,0.0354635161372597,0.00360973417069664,0.679125321400788,0.034128510098346,0.00409170283843628
"spot_655",0.00429154638256996,0.00254181715750882,0.0017905056570926,0.11462665589049,0.0382790508081664,0.00336327560848508,0.803918164522287,0.0225625987294577,0.00862638524394212
"spot_656",0.104257545237385,0.00670342973107716,0.00256759269868336,0.0822124806237739,0.0515548696722803,0.0170821473795671,0.617393447333434,0.102323377874624,0.0159051094491749
"spot_657",0.599724005019089,0.00712569667766303,0.00260944325249472,0.0306879285907805,0.152760656010746,0.0477564713929123,0.0763345756464396,0.070872074550218,0.012129148859656
"spot_658",0.784161883413073,0.0100026434608442,0.00772487165182241,0.00665885406738352,0.0251752204621924,0.000930284407074017,0.0778075173413786,0.0861214830479952,0.00141724214823644
"spot_659",0.168135720972847,0.00813324183235012,0.00508488592882172,0.101578385253772,0.0739815608815311,0.0455717069456098,0.518725675489532,0.0517146975139742,0.0270741251815628
"spot_660",0.0194826256184427,0.0076679177475774,0.00156119011551925,0.119219806312882,0.0284919185679015,0.00226771952000237,0.701638884121751,0.118575648341294,0.00109428965462954
"spot_661",0.00944699897337036,0.00768204467356513,0.00209021584790027,0.0819588065267414,0.1723758339998,0.0776467413900784,0.563194241011832,0.0605656302558265,0.0250394873208859
"spot_662",0.0124095263956764,0.00726369053187371,0.00800631864732949,0.0745531559582627,0.080723646248173,0.0453382682764439,0.722636292323253,0.0386471675681311,0.0104219340508571
"spot_663",0.0618317106286749,0.0062742899234856,0.00157616441568195,0.0305711552449468,0.0304615505167987,0.0876297089733719,0.571894958603622,0.0804441550933655,0.129316306600052
"spot_664",0.00963277813498093,0.00688800164668648,0.00440852653029397,0.0756154893889634,0.0303335485420055,0.0035860927922979,0.814634639899319,0.049234395910505,0.00566652715494751
"spot_665",0.0102292963666804,0.0104721475643307,0.00453503268676776,0.0445300692107534,0.274912540168355,0.210410452983703,0.371706294618202,0.0192227204166731,0.0539814459845344
"spot_666",0.0114413761064549,0.00526172322759675,0.00220110185684283,0.114836176553194,0.0391107508994417,0.00185496732047841,0.729129047093286,0.0945128031297098,0.00165205381299544
"spot_667",0.0311288394484725,0.00619693557826734,0.00273805171598054,0.0886531264094684,0.085417797302804,0.0190074223541357,0.685271030423021,0.0563305821956824,0.025256214572168
"spot_668",0.0124774937099977,0.00817376831627627,0.00290461446855531,0.0869332422198538,0.0809281518475595,0.0251219099151574,0.710183371874455,0.0710495340478835,0.00222791360026135
"spot_669",0.490973399563513,0.00938471870801099,0.00567326293970366,0.0529518981787143,0.0344399354507585,0.00129492391267423,0.359451583377232,0.0439974702147286,0.00183280765466482
"spot_670",0.174022410881234,0.00746250372202239,0.0041853395105496,0.134309208839008,0.0339412607721053,0.00112513912224639,0.58515108322838,0.0583393134219062,0.00146374050254851
"spot_671",0.122244968365457,0.00585627917076482,0.00448602300823259,0.078639139950996,0.0406771086041626,0.00346626081271244,0.681265879346165,0.0609259012849734,0.00243843945653591
"spot_672",0.00511033961213464,0.0425881729592259,0.748901916667571,0.000782682414162927,0.00951838162536379,0.000270860162097467,0.00600167128093003,0.186813938236247,1.20370422665824e-05
"spot_673",0.175436288739947,0.0989700303496475,0.405173324356823,0.0391009423865865,0.0893495200519072,0.000485849665577452,0.0669082661312934,0.123456839826636,0.00111893849158203
"spot_674",0.0564359932708143,0.120858442066261,0.488727401862181,0.0913708941877301,0.0523051617119345,5.7969218880723e-05,0.107626903920982,0.0824605329148229,0.000156700846393046
"spot_675",0.0254253508372596,0.0822171329220862,0.512637677038129,0.104449257667965,0.0524910611708547,0.00344808647227587,0.0429893194516091,0.176225181150892,0.000116933288928465
"spot_676",0.0582373275272119,0.0918394660313016,0.584348949974236,0.0615342102209022,0.0403127870469975,4.80885548963579e-05,0.0924462864513902,0.0711462830998614,8.66010932032212e-05
"spot_677",0.0803680279870134,0.0336715066526216,0.637927488645821,0.0487726376211776,0.0596655523101544,0.000565503365984569,0.0879729695453317,0.0509515338553336,0.000104780016562474
"spot_678",0.0548847266417189,0.0692341458147914,0.518972717518396,0.03898845916238,0.0811264839643403,2.34278314235704e-05,0.18802823872215,0.0485972160082627,0.000144584336536285
"spot_679",0.054906562701732,0.06889869064744,0.516519646839567,0.106221672412971,0.0397695942781199,0.000714621561817104,0.121018305238426,0.0918233713764708,0.000127534943456404
"spot_680",0.0713204235121036,0.0654184173823268,0.5274535851815,0.0294614368357539,0.0833224350755255,0.00356205631172691,0.0830697300799821,0.134308726012814,0.00208318960826661
"spot_681",0.0622321148793027,0.0818578045163065,0.486427758125053,0.051756779017798,0.0913469010457182,0.00866347379562543,0.0897769518783089,0.121643016407787,0.00629520033409977
"spot_682",0.0805537994639121,0.123779076782004,0.498054428364308,0.0430437256230169,0.0753085068579736,0.00023486095097768,0.109353451671341,0.0695387054427371,0.000133444843730256
"spot_683",0.303434618207811,0.00238968098509832,0.00199032207554578,0.461879457882893,0.102061286609755,0.00793209501352988,0.0577181926070707,0.031875792911963,0.0307185537063335
"spot_684",0.558898024251132,0.00623617350776607,0.00348141769234967,0.221332633792342,0.0772637018993886,0.00494509974324684,0.0707616769264446,0.0484909757987888,0.00859029638854149
"spot_685",0.754717496214826,0.0107179396614214,0.00693618133510568,0.0233558750266332,0.0460516381356711,0.000738496638596407,0.0901153704993713,0.0666041199047639,0.000762882583610771
"spot_686",0.627029861415193,0.0122191828591327,0.00405623739436853,0.0201793736837073,0.0670180596677291,0.00150039799146915,0.193367488962062,0.0734000142413891,0.00122938378494866
"spot_687",0.558154209848126,0.00875923536606896,0.00403507467649498,0.0289439734883761,0.123713856211479,0.0361946992666469,0.17884861273203,0.0471302715957705,0.0142200668150081
"spot_688",0.775718994043211,0.00992510198766586,0.00467033685912384,0.0179748220864947,0.0246331941052288,0.00187802907290449,0.0738201160606055,0.0891722456619062,0.00220716012285974
"spot_689",0.16272300969917,0.00774064658197679,0.00322218071986328,0.1570889080318,0.0703301684791171,0.0291335100589015,0.52347139780114,0.0356476707192801,0.0106425079087521
"spot_690",0.0230144661213951,0.00603736455576218,0.00101638462842443,0.0887628296118994,0.0158051575162262,0.000539090156445908,0.748043754533468,0.116669507533394,0.000111445342984735
"spot_691",0.0733877650668121,0.0099545014344537,0.00777523462068813,0.179363952625273,0.0653993139619818,0.0590948679428677,0.577426608112621,0.00633362464288744,0.0212641315924147
"spot_692",0.0182277066275477,0.00499613354297987,0.00648251321992766,0.0926476645799647,0.0844953974523415,0.0450445811215974,0.689810671277842,0.036136425017227,0.0221589071605726
"spot_693",0.0282819647075872,0.0103589036167615,0.00332809142272791,0.0481538302026683,0.168224103069639,0.162387130317238,0.51047369150067,0.033477629607547,0.0353146555551607
"spot_694",0.0101777276837801,0.00553412412092919,0.002079632564567,0.104724550235703,0.0389891131834832,0.00298561782503591,0.787558292877209,0.0468015671142434,0.00114937439504986
"spot_695",0.020694831782565,0.0121029999288654,0.00809257778711904,0.0641162097342959,0.150890628445551,0.103351170477527,0.547507784860992,0.0442726588881102,0.0489711380949754
"spot_696",0.0173787062835265,0.00387117774929282,0.00241113844041231,0.0905339991105712,0.0329767713909471,0.00560071091113595,0.817273556364643,0.0232079475781723,0.00674599217129888
"spot_697",0.0210420203298465,0.0108477012842866,0.0062728525350776,0.136813079914319,0.0195370315026625,0.0545595988814518,0.714252018572292,0.0260677106364964,0.0106079863435667
"spot_698",0.167517714944238,0.0036336426238245,0.00253057711795025,0.113257379185733,0.0352985511281567,0.00161975591956269,0.633835916947803,0.0345347380622879,0.007771724070444
"spot_699",0.241722422393033,0.00581887911870247,0.0069282782197038,0.28065718305013,0.000347974208687796,0.00161828468591872,0.4081368732613,0.0545243941894844,0.000245710873040096
"spot_700",0.0962108535579276,0.0132361974861138,0.021530973352595,0.0645139936412206,0.0268367515938399,0.00153851073864065,0.659509754258814,0.114532702743297,0.00209026262755172
"spot_701",0.776362897176791,0.0203927184455221,0.00792109292919417,0.00110039196034674,0.0398788955654393,0.000347697537251888,0.124432263901176,0.0283490818188795,0.00121496066539922
"spot_702",0.200424570195454,0.0100584202769673,0.277009714979086,0.0498984743945759,0.0679535336522977,0.00159268090763593,0.282083097056043,0.10799798606555,0.00298152247239055
"spot_703",0.0581117694202934,0.0210820716806857,0.616881027957102,0.0317670920368396,0.0801446176171673,0.000195400506271491,0.0691825648422465,0.122051453097194,0.000584002842200421
"spot_704",0.0870630425074088,0.0761506870077354,0.515873885331544,0.0699038810123936,0.0795393342482361,0.00136066132771227,0.101570896807419,0.0675975201127331,0.000940091644817481
"spot_705",0.0924806891664434,0.181228875083061,0.356445797963642,0.10788172863327,0.0821764470557952,0.00127171839465757,0.0613872185067941,0.116480564748491,0.000646960447846136
"spot_706",0.0474768032157231,0.0759203372788169,0.570560580178425,0.0261226293861143,0.0738072248894862,0.00191733909381432,0.0816002085751563,0.120432858363967,0.00216201901849655
"spot_707",0.0378429655974628,0.0419065846821676,0.545114660705799,0.0990280238964647,0.0595488814327845,0.000529947627860891,0.129514043046631,0.0857205775220908,0.000794315488739268
"spot_708",0.0495835380331635,0.0595530292375143,0.514800187132107,0.0570181872567382,0.0953522521040582,0.00110526822158128,0.0888496881395393,0.133216766264787,0.000521083610510829
"spot_709",0.0242382042928509,0.0304541787807238,0.566885377092337,0.0425933041412861,0.0648861979798317,0.00036239119814047,0.0877176911263456,0.18273954531831,0.000123110070173799
"spot_710",0.0163407809184769,0.0134518072326993,0.584979327779249,0.071489977688441,0.0612010039256783,0.000110193291521648,0.0967603400867826,0.155604113603996,6.24554731551598e-05
"spot_711",0.0845107320193928,0.189594371607126,0.484503319969976,0.0367097334376405,0.07918332106552,8.86381474591856e-06,0.0750301517848301,0.0504436345406775,1.58717600910587e-05
"spot_712",0.0494382333403266,0.0775371454264288,0.48930533403305,0.0903106094152827,0.0887511420991856,0.000452189241571788,0.133729971322534,0.0688458062871986,0.00162956883442107
"spot_713",0.0294938373989697,0.0499513557014366,0.641691040731144,0.0283100361223264,0.0481585099377898,0.000419642417651009,0.0963693384897941,0.105567535178878,3.87040220110702e-05
"spot_714",0.462811899557669,0.00536908178910567,0.00395751813628898,0.325104184605788,0.045419986198512,0.00104769995299011,0.15148047766919,0.00292124058079959,0.00188791150965707
"spot_715",0.742995692147656,0.0107809559379443,0.00518833439510736,0.0215849557066177,0.0555589739659414,0.000938134709280357,0.0802909405984971,0.0819017598984711,0.000760252640484161
"spot_716",0.776636257742091,0.0134212555596246,0.00343241630930401,0.0250888803749683,0.0391791511630265,0.00198498012618302,0.068993525151029,0.0697001241568411,0.00156340941693226
"spot_717",0.540062879936993,0.00398810535723616,0.000958011546858554,0.286916052778739,0.0602499822412774,0.00102947860941115,0.0325083406289766,0.069604555427008,0.00468259347350058
"spot_718",0.715325455286161,0.00874045948708778,0.00609636670897209,0.0329445831880338,0.0583137053055585,0.00123044474257385,0.102388468885569,0.0740903394497149,0.000870176946329731
"spot_719",0.329217357259933,0.00913935309762144,0.00325849877811482,0.103023526563626,0.0491824682660082,0.00107085535528633,0.468236223377038,0.0349744295615592,0.00189728774081246
"spot_720",0.0148985231178967,0.00431671916173622,0.00226606579630011,0.0871744358796025,0.0282713363177986,0.00186907640918187,0.814637559389149,0.0384503968714342,0.00811588705690107
"spot_721",0.016151889766844,0.00538585088274456,0.00420973913306968,0.105898697408854,0.0767070866559724,0.0368098535709291,0.64476605612171,0.0903490100678586,0.0197218163920177
"spot_722",0.030347195387914,0.00548329710078251,0.00690758663264901,0.0914409503655859,0.0403653065224621,0.00193917622220485,0.800736155236692,0.0168618163436777,0.00591851618803175
"spot_723",0.0216307393492248,0.00789477711502166,0.00215249123757273,0.0833128279489805,0.0757451439252232,0.0272760997613172,0.696130935845695,0.0733105527283648,0.0125464320885998
"spot_724",0.0131666054322571,0.00389873706593207,0.00309298990167297,0.104948547456139,0.0948757010659857,0.0456211795837059,0.649159215282461,0.0634429014416084,0.0217941227702375
"spot_725",0.0165196236969163,0.00309110348107613,0.00208476833283705,0.108316656255811,0.028785649541736,0.00300714703112358,0.784108819036068,0.0480164412129676,0.00606979141146353
"spot_726",0.0243704687982575,0.0204534481842967,0.00536454376459738,0.147665672607884,0.0644283224034033,0.0866155079620435,0.582451239331806,0.0620284508942565,0.00662234605345602
"spot_727",0.0350973910848996,0.00629091588313125,0.0074092115235424,0.0743524766568264,0.0373165512753869,0.023490177326399,0.770373548696166,0.0249912141241617,0.0206785134294866
"spot_728",0.0120995266181483,0.00251756207677013,0.00142669969936482,0.063645024658729,0.0202954008343422,0.000449992189744338,0.826308832913961,0.0730624076802345,0.00019455332870563
"spot_729",0.0195964692805083,0.00404173277573354,0.0010243472075903,0.0954278239647435,0.0200492821545415,0.000694597453511255,0.756831793097767,0.101126300236262,0.0012076538293418
"spot_730",0.281507342178645,0.00968397504078873,0.00845424549435999,0.0639833044298923,0.0337444367394057,0.00316622355588075,0.514332436305946,0.0823307850998781,0.00279725115520292
"spot_731",0.226020137815767,0.010616398394727,0.0132818322802641,0.0610359412554415,0.0379060873194886,0.00131777565027064,0.44182322556895,0.206962516676662,0.00103608503842932
"spot_732",0.292418060627075,0.00759426939643148,0.00241612687884361,0.0994326855788831,0.0270241395456705,0.00140428981625919,0.484095402224654,0.0838077507432187,0.00180727518896403
"spot_733",0.000466278896014264,0.0057204803161783,0.000172545463242694,0.0351468043224354,0.00039282314211403,0.000828144159926244,0.945062479772765,0.0122041652634594,6.27866386461786e-06
"spot_734",0.0287335546007314,0.0607482665515868,0.578204995076732,0.0218524716531161,0.0876830217113176,0.000231643978944285,0.076363009674761,0.145846970868719,0.000336065884091953
"spot_735",0.0302593724742407,0.0627299940958709,0.553173623389287,0.0538316568350125,0.0672541283915109,0.00109942804740164,0.0497064930464292,0.181245225181541,0.000700078538705965
"spot_736",0.0429712779978652,0.130439138447462,0.507898099225968,0.0327770095444156,0.141906610623369,0.000282026382673989,0.0918063997320537,0.0517700968465809,0.000149341199612246
"spot_737",0.00600014691456106,0.0577442570439173,0.468280350763608,0.176123904409919,0.0625391106526218,0.00259166535513195,0.0958860264138775,0.130341047550688,0.000493490895676163
"spot_738",0.0547632646833232,0.0150183225894674,0.607552448103503,0.00877596990155227,0.0785376184482249,0.000290258367589974,0.141454458983433,0.0915003118586321,0.00210734706427386
"spot_739",0.0535223353205581,0.0637181742109649,0.548869480420571,0.0260026314838457,0.0504619613374871,0.000277837156806585,0.0482178535018251,0.208792748961084,0.000136977606857856
"spot_740",0.0486516422037929,0.054013952778875,0.630861389750956,0.00810777820104101,0.0383897817098295,0.000140515838190785,0.0899870769593736,0.129660804941047,0.00018705761689392
"spot_741",0.0150838894189786,0.0605771438662498,0.505665315259037,0.074607523726788,0.101229756922404,0.00483042240895115,0.119581923955601,0.117761207334406,0.00066281710758461
"spot_742",0.033567361025269,0.0877079824906357,0.552616119912649,0.0522890730521832,0.0775511939363494,0.00220584375619837,0.0670434981345567,0.126480561244868,0.000538366447290585
"spot_743",0.0560727719204035,0.0586901260626769,0.501563667298661,0.136935117132623,0.0820970117614798,0.000282330302817333,0.100285084391549,0.0634819346616377,0.000591956468152029
"spot_744",0.0713405057622083,0.0829436517085546,0.486270520057491,0.11442010272223,0.0841175903686843,0.0019112787080391,0.092800882475848,0.0658151477419732,0.000380320454971389
"spot_745",0.770958538655807,0.00635910914888569,0.00399398765016181,0.00872655339854807,0.0531635441159398,0.00138113829498601,0.0633461293471721,0.0900987357617029,0.00197226362679714
"spot_746",0.742975454707248,0.0149132284434168,0.00833428300070606,0.0129547282086023,0.0480536085149688,0.00149227355838387,0.0790694761876816,0.0908562129116192,0.00135073446737353
"spot_747",0.764841931988862,0.00597898172281029,0.0118509540307874,0.0303542783220864,0.0503379070626635,0.0016991614101846,0.0749692443927906,0.0578012852640885,0.00216625580572686
"spot_748",0.267575885886917,0.00302495146676328,0.00166922420451565,0.527967131575843,0.122728243491879,0.00170667867964245,0.0276216466207758,0.0248288718211177,0.0228773662525461
"spot_749",0.452084179089008,0.058236334315923,0.0176113839553628,0.0761850636910408,0.0462143360009977,0.0014916855926177,0.0639315505720506,0.28157431699753,0.00267114978546945
"spot_750",0.740832102592323,0.00532760447401952,0.00585223042170852,0.0542620185313204,0.0453661971327895,0.00271859298334655,0.086401505051582,0.0578486815666002,0.00139106724631026
"spot_751",0.0370902453314794,0.014229225934569,0.0378266983049655,0.064025017146317,0.00669371837509473,0.00255884454303324,0.305401652870949,0.529735972915802,0.00243862457778973
"spot_752",0.0149710167813748,0.00847409111625332,0.00766253733931245,0.141495861572964,0.107002755090925,0.0753893728321411,0.585251690153818,0.0141540280462576,0.0455986470669537
"spot_753",0.0413029893803777,0.00673566027808611,0.00572364201297219,0.158110831126616,0.0188156356083525,0.00222286050166694,0.711723253168854,0.049982250164497,0.00538287775857766
"spot_754",0.0095084006830966,0.00482303500223218,0.00170203103303157,0.0773157451622188,0.0180928459626219,0.00159386018774753,0.810577241509682,0.0756743437645398,0.000712496694829756
"spot_755",0.033754555919025,0.00459610489806052,0.00524603083777897,0.0569425892992712,0.00812148603491574,0.000291565788075838,0.763733348849612,0.127078199990976,0.000236118382284856
"spot_756",0.0193396235796333,0.00656584815309602,0.00163095515869984,0.0273897318054432,0.204307682120314,0.166040541826461,0.466958006553066,0.0636570818519898,0.044110528951297
"spot_757",0.0115607595395513,0.00281690133255244,0.00191461135430432,0.108474721432871,0.0899542763363867,0.0431505243115043,0.660455853142947,0.0257839953178808,0.0558883572320021
"spot_758",0.175407186016279,0.00621646504073943,0.00255232272484809,0.0840718669810796,0.0313360770099429,0.00155530395655645,0.619337141714213,0.0773011576541513,0.0022224789021897
"spot_759",0.135757925884736,0.00711205498294435,0.00460018874099181,0.0928480578708887,0.0230687758001999,0.000814207467647798,0.668226067996993,0.0669602053666644,0.000612515888933774
"spot_760",0.179797848028409,0.00527530989061498,0.00309601918659151,0.0687681631166051,0.0269983174449568,0.00181769641350248,0.65295476226023,0.0591580582771033,0.00213382538198674
"spot_761",0.308235289964434,0.0101745606366976,0.00650278571131449,0.0784014957172148,0.0432341349057365,0.00163086299496102,0.417741189116449,0.133363197598275,0.000716483354917392
"spot_762",0.315536875412337,0.00338707003483101,0.00554266019128479,0.0750181496405901,0.0403311406360198,0.00133237538925493,0.514691867233115,0.0423706080257101,0.00178925343685743
"spot_763",0.226812357578331,0.00783817910637986,0.00346269354493701,0.0988525317017652,0.0268100665617801,0.00372261998237804,0.568868002517634,0.0590046541938927,0.00462889481290163
"spot_764",0.0815311526239039,0.130417054825143,0.448533839617187,0.116059412006553,0.0373643468345285,0.000156524415188458,0.0870893058944459,0.0988455113197952,2.85246325437448e-06
"spot_765",0.018442912991518,0.0494555070565855,0.597245590786061,0.0570811453329413,0.0454733872761166,0.0018397644156524,0.144369434252538,0.0859440528853484,0.000148205003239363
"spot_766",0.0296600009001375,0.00881881184665556,0.627397838998265,0.0113856783855728,0.0248860216505406,2.87226953565352e-06,0.162699050743479,0.135082934809248,6.67903965659216e-05
"spot_767",0.0365937765078883,0.0206594201120291,0.591853834208451,0.03611333506809,0.0787910397544564,0.000653294923957915,0.0593878644138331,0.171700230856049,0.00424720415524575
"spot_768",0.0399802455400125,0.137284160554906,0.482376742785206,0.0846295116013142,0.0616500788338265,0.000460801406208058,0.0769160957466172,0.116378566440483,0.000323797091427442
"spot_769",0.0545645803709294,0.085697917148858,0.538703509421489,0.0374645084877791,0.0643602690814276,0.000649004652253845,0.130732245536122,0.0877650885394506,6.28767616899016e-05
"spot_770",0.0351001737306669,0.048526149886901,0.575043091492915,0.0608256250165344,0.0775384757691035,0.00122135176468602,0.0492868603865399,0.152131238339768,0.000327033612884617
"spot_771",0.10728520711883,0.0970586521772445,0.506772595471558,0.0286518122666281,0.0691380083675661,0.00147212759306556,0.117215962334015,0.0706327204823995,0.00177291418869352
"spot_772",0.0340235171825909,0.0885469498465451,0.535070679387275,0.0567791072869775,0.0780328668287469,0.000254929925914949,0.118803080937255,0.0875434610673786,0.000945407537315841
"spot_773",0.0514463612088691,0.0834092152343671,0.503398729092105,0.089658568412098,0.0847436050342615,0.000181935593364641,0.0812439675292757,0.105869678006667,4.79398889920995e-05
"spot_774",0.0465854913479026,0.0653883841930189,0.553909532239739,0.0454962582048498,0.0682035780758616,0.00103267494834467,0.132582187532737,0.0864336359904035,0.000368257467143007
"spot_775",0.0473887737273698,0.0798970378695328,0.523550650464262,0.0636629201154173,0.0643760342689878,0.000812498373579186,0.0841938032790772,0.135687903443644,0.000430378458129968
"spot_776",0.777203736922871,0.0079544774837343,0.00664695525871067,0.00242248683823874,0.0309704773938905,0.00193232899836979,0.0640883867945346,0.107633323307445,0.00114782700220531
"spot_777",0.797830726813194,0.00323542481528836,0.00189220263544842,0.00538387975786165,0.0558422480324938,0.002421951242155,0.0590731143502919,0.070198620242031,0.00412183211123621
"spot_778",0.064508399143865,0.0141062116780364,0.0908373697086733,0.016854301069322,0.0402953657572641,0.00317607159118764,0.00158460820518675,0.72433183117924,0.0443058416672244
"spot_780",0.0623477421714477,0.165095483797929,0.187631981859784,0.0363846152804629,0.0256693819423688,0.0066236062561461,0.00175616491898079,0.497595911327882,0.0168951124449985
"spot_781",0.0575675023998793,0.120013662697661,0.0686318677829063,0.0556100476348183,0.0232961312261155,0.00407556153269982,0.0330826754416452,0.637093817824971,0.00062873345930324
"spot_782",0.0106893270280803,0.00712267950317666,0.0703793976971631,0.000189121391819844,0.0127985432118417,0.000200857279534117,0.00164583836639012,0.896283224475109,0.000691011046885655
"spot_783",0.0791159624602854,0.221766877048462,0.151794803190164,0.00636007757390661,0.0313390938695294,0.00159415180371181,0.000514014484173739,0.504075595611728,0.00343942395804
"spot_784",0.00938543969077796,0.0148945096249739,0.103674937412757,0.00217093940649543,0.0752690501115368,0.0032227994426721,5.20207386594064e-05,0.714205956264617,0.077124347307511
"spot_785",0.210160088079819,0.0131946444080711,0.0164064276089859,0.0225665618638634,0.159519738798912,0.00386761098508831,0.402804825072215,0.0207139893066703,0.150766113876374
"spot_786",0.00297030369751352,0.00158398718929679,0.00333570741860975,0.0688561628509655,0.186116199668715,0.0082282889188292,0.524888674272277,0.0139177554877987,0.190102920495995
"spot_787",0.0275624116666161,0.00424169441375896,0.0031249406279261,0.169897802076663,0.0746508389213257,0.0050028234892497,0.616266291138236,0.059175695424552,0.0400775022416724
"spot_788",0.12743492548337,0.00502530150667537,0.00204880452859921,0.1394487418812,0.101345106202508,0.00877362584260903,0.549130640686291,0.0419867569593745,0.024806096909372
"spot_789",0.376836343155491,0.000347923223674032,0.000477799844090722,0.216024692744671,0.00471406285124555,0.00223056919841777,0.388868905153374,0.00784937918979194,0.00265032463924473
"spot_790",0.168893088722107,0.00474746051884551,0.000922929163957823,0.0508012311577461,0.0518596741950279,0.00314531160677326,0.510660526146193,0.201845257424927,0.00712452106442241
"spot_791",0.269462343932861,0.00763897545451698,0.00242977584591546,0.0556747130212348,0.0675506608824584,0.00373709841524339,0.511359143949279,0.0794871511192551,0.00266013737923571
"spot_792",0.508605752773277,0.00477646016606574,0.00400581673630298,0.0114006553238739,0.0248905729663873,0.000729147096761665,0.384542174879854,0.0598637466739509,0.00118567338352699
"spot_793",0.228575606445977,0.00627399394599352,0.00387698332437111,0.0667833444825814,0.0472750597629964,0.00191325443456625,0.512930411981774,0.130933301753635,0.00143804386810538
"spot_794",0.15301437632735,0.0108635830621117,0.0324235571217033,0.0344504142041104,0.0279513300261311,1.27029729599316e-05,0.739743857216873,0.00153244682346339,7.73224529707378e-06
"spot_795",0.0989294615359795,0.0146493578728854,0.290561791305647,0.0895007146920152,0.0262792483732245,0.000207274490864098,0.407058201464108,0.0727187782197802,9.51720454951413e-05
"spot_796",0.0120611022529791,0.015049836164362,0.566650503625974,0.0109470374134293,0.0483173321880638,0.00298076150625724,0.228935266950897,0.114073388772192,0.000984771125845024
"spot_797",0.100165215818029,0.0989976025151284,0.486125858479474,0.100925254765567,0.0237517639258034,0.000212315167361912,0.158308506873138,0.0315070807296717,6.40172582788885e-06
"spot_798",0.060358796058197,0.104400341615584,0.503037763846193,0.072757696080319,0.0675020419130609,0.00425722091688325,0.0742259776819726,0.109846793610679,0.00361336827711188
"spot_799",0.0760908565999005,0.108354702660183,0.547055628300487,0.0416574357685365,0.0550331754092021,6.38744226170189e-05,0.0772603237182553,0.0944332056879555,5.07974328631559e-05
"spot_800",0.0433319622075921,0.061011953598793,0.530922414199802,0.11644037063808,0.0455559299220249,0.00060031616719704,0.0900625947075776,0.111599899688415,0.000474558870518392
"spot_801",0.0402269352213857,0.0498962690068915,0.560181545404269,0.019398994505407,0.0904076632006893,0.000803451119597636,0.0885906166697697,0.146914863474592,0.00357966139739802
"spot_802",0.0329411954307926,0.0943900900259959,0.468024489781872,0.0745901090907217,0.0484106082033553,0.00545234617476083,0.0205390889074709,0.247910267982392,0.00774180440263853
"spot_803",0.0387389606343504,0.0638812275271037,0.537321452667386,0.0719574304885384,0.0953381770298719,0.00176466794554672,0.0193393548771807,0.170326292033609,0.00133243679641372
"spot_804",0.0351598106861645,0.0370852906771713,0.535183500338043,0.0829458378098537,0.109556929375128,0.00267370692050758,0.0847969325604865,0.111432254922176,0.00116573671046946
"spot_805",0.0669033525697472,0.125858700000305,0.523188453659443,0.0407366726456681,0.0579872066259926,0.000414914116021555,0.0693933552326519,0.115069990200454,0.000447354949716995
"spot_806",0.0224811693066757,0.0281528789310056,0.608701019267461,0.0222618183075753,0.065953544148416,0.00129689947510438,0.0556993380429299,0.194899952316009,0.000553380204822927
"spot_807",0.316549904362198,0.0218946614891935,0.0329966557324124,0.177873334447469,0.117638631954017,0.00562643291217227,0.00962372623884681,0.283957063462037,0.0338395894016536
"spot_808",0.0120851557756652,0.0218384081628669,0.132052416933058,0.00609584847197985,0.0330587136215547,0.00704601407848845,0.000326658223599122,0.783661663792376,0.00383512094041129
"spot_809",0.110863430825011,0.149492177024428,0.0155468522635738,0.0569963255401649,0.0672099517365721,0.000224804390721046,0.134130072086592,0.465471810347034,6.45757859032347e-05
"spot_810",0.0144469328629736,0.0992321549168774,0.0912320076980887,0.0111250852356607,0.0939732472186263,0.00170508275499765,0.000237034598177773,0.617382710097454,0.0706657446171435
"spot_811",0.0174580624567295,0.0168404730554373,0.0801564751604096,0.00800051052092438,0.0107378234833491,0.00319252806565854,0.0010680661892251,0.857995952054717,0.00455010901354947
"spot_812",0.0397175331228487,0.160063084521168,0.0454887387342537,0.0443461940768183,0.0994558738842974,0.0144350936335904,0.00597864756973285,0.518168193509599,0.0723466409476921
"spot_813",0.0796667364809441,0.415986863131705,0.259005145839073,0.000197020796651073,0.0110826047250441,4.7899669838096e-07,0.123192044228613,0.110868004063159,1.10173811234769e-06
"spot_814",0.059821338280241,0.164386498141971,0.0730400320572221,0.013073444711558,0.080439290535111,0.00796398809824203,0.00368152582528526,0.5677207088352,0.0298731735151691
"spot_815",0.0912822128651432,0.143515071232592,0.113077507787223,0.0239843421064675,0.0285003050193817,0.00514651503799056,0.00070317364697535,0.59039954852096,0.00339132378326594
"spot_816",0.0262267560332216,0.155549810164327,0.0977735720559389,0.00899158195490538,0.0220979072215694,0.000668902496467037,0.00287074232937164,0.685556122292736,0.000264605451463389
"spot_817",0.0386999132584169,0.113633624078067,0.0345320916979311,0.0118226880964386,0.0874374532892567,0.0117175151506077,0.0201954497373565,0.645266436417444,0.0366948282744814
"spot_818",0.00563113245972567,4.85411960618769e-05,7.45373756734786e-05,0.0821138734611647,0.394836410982109,0.0283476232718037,0.00867640494324812,0.00376502933832991,0.476506446971884
"spot_819",0.279700958554525,0.00943963399197377,0.00794761392469623,0.0582693683753715,0.304326261751635,0.0194222522078278,0.0590986468503567,0.0586517374117276,0.203143526931886
"spot_820",0.434139253351658,0.0181869677030781,0.0042422071187106,0.0348263715618574,0.15767892900769,0.135521424880248,0.109234140086446,0.0634005822748409,0.042770124015471
"spot_821",0.322463530004675,0.0120058915730988,0.0134143899291417,0.0619276520998809,0.0416574896502122,0.0524081725103412,0.46157503604382,0.0242554848933769,0.0102923532954534
"spot_822",0.212467013004749,0.00609169800819964,0.00367247569514309,0.0744272603853315,0.0493122648181775,0.00226222153438374,0.588764379906772,0.0604903182448058,0.00251236840243762
"spot_823",0.277867048922549,0.0100919001352304,0.0132377159095366,0.0564555060481403,0.0461948774086071,0.00249916301878069,0.249871690951078,0.341778282946033,0.0020038146600451
"spot_824",0.0123239051740149,0.00452613045776949,0.00317979897354129,0.0840219003576342,0.0423555198473949,0.00235436341826253,0.772592518093254,0.0775826976068079,0.00106316607132057
"spot_825",0.220355952870494,0.00668261107381212,0.0055343745681077,0.0795261647810399,0.0262137394009698,0.00197743297248409,0.499034222919986,0.159456644391905,0.00121885702120076
"spot_826",0.307389642506268,0.0180033034961793,0.0754015235036145,0.0367724907237192,0.0332432565962138,0.000139351885212376,0.47462298052467,0.0540443827244066,0.000383068039716718
"spot_827",0.0186100056947088,0.0800400127208779,0.576916677086273,0.0270509942469882,0.0553536860123351,0.000507590286590552,0.0554697819594129,0.185976809593021,7.444239979282e-05
"spot_828",0.335428163748555,0.038111908978977,0.300420459261852,0.0200623546913653,0.0918074287099379,0.000774343805134881,0.106119095880479,0.106258424907374,0.00101782001632527
"spot_829",0.0282341269445274,0.046030527069561,0.556295736608023,0.0538342973685996,0.0640113207163727,0.00023948431456853,0.0390728901120055,0.211765483882764,0.00051613298357811
"spot_830",0.0474790832982309,0.0671469948698081,0.534601147074436,0.0537239740718405,0.081894824992994,0.000200172874112586,0.111170764567854,0.103604119202756,0.000178919047967507
"spot_831",0.0821281373282566,0.0438614709324834,0.533866579014285,0.0407057559167159,0.0805027256283479,0.000754086215798115,0.119357750131543,0.0967273975812852,0.00209609725128417
"spot_832",0.0626023595902171,0.0991191860044058,0.500943733451629,0.0923300310179421,0.0761747187411617,0.000880182102794254,0.0850453405141734,0.0827545876230277,0.000149860954648873
"spot_833",0.0227301548394489,0.0589641546494789,0.62268875375096,0.0191192064009292,0.078507455841376,0.000912500152516811,0.0636875064148737,0.132643386560054,0.000746881390362046
"spot_835",0.00804712681139337,0.00362174791573142,0.502394897960371,0.109048390018021,0.100435469873674,0.00605342533087453,0.00477229207059382,0.257150646977497,0.00847600304184478
"spot_836",0.023747384372952,0.0460210423627927,0.571488450955156,0.0337651502238564,0.0824951402351046,0.00299863158486991,0.141441141458695,0.0941967111718874,0.0038463476346856
"spot_837",0.090623630003179,0.0882623246616776,0.508416905942812,0.0544815419051308,0.055632124314084,0.000246911296825485,0.172684798181449,0.0295543756518716,9.73880429705719e-05
"spot_838",0.0469097325464559,0.0697569729709236,0.0822538049751245,0.00781632990919882,0.0301720038533804,0.00453470290781246,0.0017837490683637,0.755067889430668,0.00170481433807222
"spot_839",0.0730108614620076,0.156899976117291,0.0359152173758309,0.0263716924865823,0.0412704500523939,0.00308113369258531,0.0637920880792736,0.597784299620721,0.00187428111331467
"spot_840",0.0624778581521165,0.021003868674477,0.0767893470679955,0.00326464926452915,0.00937960917743002,0.0107738592462634,0.00896231620084177,0.777873680998022,0.0294748112183246
"spot_841",0.039781091191845,0.020925381717766,0.435254200626814,0.0475743480204393,0.0660659431234152,0.000840225043614399,0.0377345469109753,0.349517631268386,0.00230663209674408
"spot_842",0.174839188479911,0.51184030159008,0.0654827242429699,0.0549135903490117,0.0131887934064056,0.000776496800357448,0.109506607199631,0.0693317345677813,0.000120563363852106
"spot_843",0.0149918199166665,0.0381575340919898,0.490952273728429,0.0296300570737306,0.0480585291982495,0.0011887640731959,0.0237847084397384,0.352229717473822,0.00100659600417786
"spot_844",0.0704516797959392,0.114952039671013,0.195087480759174,0.0445058226829903,0.0612588576040618,0.000708586879933886,0.0136690780129324,0.497026950913965,0.00233950367999102
"spot_845",0.0744035694511887,0.0683004023723008,0.198715998074918,0.014166240196663,0.0325749695920218,0.00393809505649245,0.00156597711619971,0.598682248666603,0.00765249947361287
"spot_846",0.0428628652855356,0.065476856208179,0.517995571738733,0.0587310056545348,0.0999071385736882,0.000247579107076641,0.0436912339265267,0.170457724722951,0.000630024782775668
"spot_847",0.0330280941997015,0.117015676448518,0.119457426685837,0.00486649609123898,0.0252649014989674,0.00285803916840081,0.000145170452946007,0.695510441088947,0.00185375436544282
"spot_848",0.0149233476077015,0.0673086310680667,0.142578272025223,0.000805181012095829,0.0173891203998835,0.000145252388171529,1.23722093537194e-05,0.756351534853998,0.000486288435505969
"spot_849",0.0725545431265071,0.10702028196534,0.0777928580277805,0.0314965526928887,0.0793608254227262,0.00431235411872631,0.00563134265059528,0.589658662989601,0.0321725790058348
"spot_850",0.0532368910394618,0.00401538628896884,0.00943945696606228,0.0665806508132265,0.318624949191183,0.0185085867013553,0.0417390369690843,0.0187819407228989,0.469073101307759
"spot_851",0.551871596003774,0.00569151595716373,0.00306847088365164,0.0719213592088694,0.197394151268739,0.00601761348612059,0.0569432518139423,0.0689695558531793,0.0381224855245601
"spot_852",0.0262783584825117,0.00342429928104314,0.000939640565881834,0.029113600253853,0.305600052475385,0.178072432834486,0.0804696927445915,0.0142235459942251,0.361878377368023
"spot_853",0.489562734469177,0.0139954531329198,0.00718499764617265,0.0182563112502517,0.177862649457698,0.119551755988025,0.0575158280923222,0.0851588060188896,0.0309114639445438
"spot_854",0.482340417559239,0.012344736930725,0.00299985990596713,0.0211529517984577,0.186421234197101,0.117780822591882,0.0762531798297594,0.0464438008091757,0.0542629963776938
"spot_855",0.573854230347087,0.0165570266968623,0.00914089571806069,0.0808287522474302,0.101990021412001,0.0250780056359712,0.0590097526687479,0.129489598468119,0.00405171680572087
"spot_856",0.232399115541171,0.0134317048662984,0.00450158406157515,0.0920181451004065,0.0775803157555577,0.0424657890543937,0.417493574681184,0.114192529535336,0.00591724140407739
"spot_857",0.225805326706162,0.00451929188572915,0.0108601045680212,0.115249258837645,0.0443471231144056,0.000659625084362572,0.584425179897731,0.0126778114916722,0.00145627841427081
"spot_858",0.145429718371799,0.045954720351173,0.222442377463898,0.07402113750166,0.118881745410146,0.059560912215035,0.236825135623386,0.0819016628284467,0.014982590234457
"spot_859",0.0360066248834832,0.0248004515144939,0.576347669436845,0.058669338112774,0.090893680615535,0.000700649692419218,0.0986539696311386,0.112771593853706,0.00115602225960475
"spot_860",0.0982921563795299,0.0512442518455178,0.514156406712523,0.0404715379418636,0.0632887527796937,0.000344626811299589,0.112771639509143,0.119156498292813,0.000274129727616164
"spot_861",0.0364125573922523,0.10802955079596,0.541314010457188,0.0374218571900142,0.0777219551941793,0.000232318765084327,0.0939883076871167,0.104401707694613,0.000477734823593361
"spot_862",0.0915645425560098,0.148859973135877,0.464766313525344,0.0886875247925399,0.0653070540894919,0.000120156487946857,0.101282181424469,0.0393233311569446,8.89228313767298e-05
"spot_863",0.132619765311483,0.0755582439285391,0.498933489587429,0.0368481489106162,0.0677420157194197,0.000556080195348958,0.0483903389294007,0.139348777982064,3.13943569889721e-06
"spot_864",0.0994181714149937,0.0739906580440064,0.525328034512415,0.0402275122288113,0.0615732478345539,0.000969178386720109,0.118853676059767,0.0792141558982864,0.000425365620445632
"spot_865",0.102215808036013,0.0948216520322942,0.474787771124906,0.118527704786121,0.0500626045043338,0.000667968846424953,0.123144039287928,0.0356020057265927,0.000170445655387251
"spot_866",0.0699800724535436,0.150476817449648,0.508712473987806,0.0618009833617043,0.0400301305281769,0.000161731407540188,0.0741274724744094,0.0947031362898711,7.18204730010598e-06
"spot_867",0.0553145826169259,0.0816187233417334,0.490762200540815,0.0580927975105852,0.0756104695285531,0.00160555336047372,0.0961951625520178,0.140546517587917,0.00025399296097893
"spot_868",0.0289223745521771,0.0222227018690676,0.554339898713018,0.0582180516824346,0.0899102093633193,0.000831020060398501,0.104838476432434,0.13940834336454,0.00130892396261057
"spot_869",0.0542725271303158,0.166597013639959,0.0909885939577211,0.00306237769045668,0.0322506777552976,0.0024350989954815,0.00179764501067035,0.647187961677581,0.00140810414251646
"spot_870",0.0215906012599164,0.0311428276382626,0.296368483643665,0.0107161928001301,0.0813474653232868,0.00423475303683915,0.00128641291637517,0.536635885975929,0.0166773774055959
"spot_871",0.0309847785139073,0.107828277830756,0.509138005226227,0.054321218219481,0.0831766956168401,0.000322735694094277,0.033705149276766,0.180213956199098,0.000309183422829968
"spot_872",0.0484830056111412,0.0849174794104927,0.557134979283755,0.0111798290496046,0.0701237742273409,0.000306213098675147,0.0926941828935621,0.134671784295686,0.000488752129742582
"spot_873",0.0467939720851413,0.0538090392234218,0.582039220547737,0.0204846749580127,0.0611830070412739,0.000204695316058019,0.162169547717031,0.0729110309132615,0.00040481219806262
"spot_874",0.0186019637989933,0.0600011517162674,0.570222379248945,0.0163625872897297,0.0717389398565574,0.00162971744929233,0.0420865130593616,0.218033711046966,0.00132303653388777
"spot_875",0.0730410237001426,0.0471766270124257,0.586882696221035,0.0169751464594229,0.077750042821463,1.17527067702229e-05,0.131759474105512,0.0663770872115556,2.6149761672943e-05
"spot_876",0.0660882746260373,0.110753138922984,0.525378315494577,0.0277869649009828,0.0686454376196816,0.000342345958228182,0.130630658884773,0.0701718683249771,0.000202995267758523
"spot_877",0.0727965889495441,0.0597231044859247,0.46523973976671,0.0975950853865767,0.0891593715595251,0.00710832921009392,0.0933924679433744,0.0851268324080454,0.0298584802902055
"spot_878",0.103725929637818,0.158906535298154,0.344410177234218,0.0381040220442369,0.106435887972708,5.98437352097511e-06,0.0743453442789198,0.174039699382801,2.64197776231723e-05
"spot_879",0.0358872905364759,0.10105213502508,0.0572361089814186,0.00226657974415952,0.041306033349156,0.00197851624084112,0.00211121344392884,0.755296748413513,0.00286537426542759
"spot_880",0.0554360689305248,0.699905485416664,0.108554936931333,0.00220590103246628,0.00744225873830085,0.000465782052569924,0.0854870110568414,0.0404959709047917,6.58493650787841e-06
"spot_881",0.199118458029802,0.107990812300188,0.0234805680159281,0.08227792388175,0.171607851952346,0.0153572460943888,0.0153134225001016,0.235338159882689,0.149515557342807
"spot_882",0.314398814362512,0.00529445279465613,0.00580523341053871,0.0811275550479289,0.209613719012187,0.0384900470301492,0.165837829943958,0.0180120875716508,0.16142026082642
"spot_883",0.554273205349825,0.00353347501536616,0.00573373123228666,0.034749038762539,0.199515554077395,0.00892382724337769,0.0635168980893627,0.0436948197258137,0.0860594505040344
"spot_884",0.00418602549049167,0.00137293310523758,0.00124634321227808,0.0947756563583455,0.155182580865172,0.00462212174825626,0.513727072139062,0.0176289224532762,0.207258344627881
"spot_885",0.548046422334165,0.00175343718337705,0.001956395701534,0.141246260046936,0.198385006064583,0.000727668127710818,0.0898295145869743,0.0158360149740428,0.00221928098067625
"spot_886",0.537854483876207,0.00409748520482185,0.00309120848288956,0.0814266132718615,0.179208072566065,0.0173890523488747,0.110656724917107,0.0481357533890288,0.0181406059431446
"spot_887",0.145614840472854,0.0213765554424757,0.0078339737876141,0.115879356984327,0.128344943348351,0.0539862630359814,0.475485712901794,0.0360082073193462,0.0154701467072553
"spot_888",0.243156764517465,0.00801993058552891,0.00388723257215981,0.0383803811920117,0.205259700337548,0.0819889230324318,0.309558948102234,0.078475124718353,0.0312729949422675
"spot_889",0.0243774685208537,0.00676480788397367,0.00252820688538815,0.0706834613844978,0.11934689924536,0.0361549735524728,0.655121724473179,0.0467354711076783,0.0382869869465972
"spot_890",0.177751254801269,0.0182987222993497,0.231125859698531,0.0414641198029712,0.0680596443053752,0.00158557597782442,0.291353249602983,0.167317797189708,0.00304377632198853
"spot_891",0.0682440858953397,0.130134719606731,0.482570214663865,0.0598009050290172,0.0651824725920308,0.000776665303160354,0.118968866456474,0.0736806787274331,0.000641391725948848
"spot_892",0.124075218899064,0.0515666632465653,0.479532431617755,0.0351109447424588,0.0687548902948202,0.000687033299576428,0.11293667614048,0.124826015021106,0.00251012673817437
"spot_893",0.0556675833904867,0.0401162617396288,0.569755045227763,0.0545820436243074,0.0823308928374248,8.3499177754295e-05,0.0917763192644893,0.105365119908772,0.000323234829373848
"spot_894",0.00496563930943249,0.0124095133803904,0.544820836461956,0.107961482194029,0.0632803786633303,0.00119654556807531,0.061218576905092,0.201412879856583,0.00273414766111126
"spot_895",0.0148197658638563,0.0169477788215847,0.591589731884411,0.0194041375101972,0.10395485814113,0.00147949697439829,0.0745095493442688,0.17567527490171,0.00161940655844424
"spot_896",0.0407779123537588,0.0365866488220862,0.561422029724735,0.041990667493117,0.0833924402182914,0.000920348248520409,0.10904801528754,0.125411845734227,0.000450092117723161
"spot_897",0.0546778811869781,0.0600875280599732,0.57952066606908,0.0190831349331864,0.0821159436454676,0.00126058424142663,0.0439392310828709,0.157203231849146,0.00211179893187131
"spot_898",0.115000841138182,0.0462837049382263,0.490163866121386,0.0562672285394928,0.0761935241447581,0.000158316961021143,0.115768523281098,0.100081042953439,8.29519223968696e-05
"spot_899",0.0379859567242824,0.0527490126939614,0.553149775661952,0.0470727364650932,0.0773133952562014,0.00184997849697816,0.091069103489793,0.138026202515629,0.000783838696108806
"spot_900",0.0445399746416517,0.0851178778689713,0.0963134463383018,0.0147891372541096,0.0590054529103976,0.00318382428747321,0.0225903654164267,0.669264867626691,0.00519505365597717
"spot_901",0.0281344097926549,0.0319978035670992,0.467857617197647,0.0904025934589479,0.145004990005179,0.00304374927376361,0.0779654783456536,0.0869715849422205,0.0686217734168342
"spot_902",0.0289371859670353,0.0898868731393002,0.543280150350486,0.0863594566020667,0.0491767980549817,0.000207184919177636,0.0841746486202025,0.116662413185601,0.00131528916114921
"spot_903",0.00031497299665623,0.0057914588257773,0.00062266491163042,0.0481893971765511,0.314597464867956,0.00808850783318861,0.0749136683937224,0.0596819420745643,0.487799922919953
"spot_904",0.0396367057544933,0.155824808574329,0.448793787684175,0.0881665982934281,0.0766332279699298,0.000376893050903895,0.0650518272210672,0.125287573833818,0.000228577617855714
"spot_905",0.0547698359230481,0.057796031251546,0.530304771250492,0.0685031541834666,0.0691566337240311,0.000707056262396475,0.0749798300509952,0.143041281348131,0.000741406005893558
"spot_906",0.0294274846115797,0.022528366828577,0.606742149767419,0.0209969396303556,0.0618163187057487,0.000202034996903957,0.0677370302187042,0.190342167428462,0.000207507812249725
"spot_907",0.0362499890815214,0.122910475078467,0.498868721937,0.0647200994362788,0.0787647498784792,0.000559769617452195,0.09263594682822,0.104938480127936,0.000351768014645684
"spot_908",0.0181264047242958,0.0267031837827215,0.556700043249471,0.0930646052160152,0.0678545712877937,0.000770662381193121,0.0527197510925472,0.183247552090977,0.00081322617498552
"spot_909",0.0310975085546573,0.0442844318630396,0.498030409659092,0.0869374584837803,0.0882906592944797,0.00171158938436965,0.0876932416572852,0.161094257473714,0.000860443629582312
"spot_910",0.0775093222503992,0.116273947160236,0.209035680983829,0.0125779083521059,0.0675625191084198,0.00038322212838808,0.00726153568868315,0.509074049078734,0.000321815249205368
"spot_911",0.0190403069115069,0.12586580814486,0.131200206228303,0.00175751071690414,0.0256512529470174,0.00220004743648784,0.000333601760120762,0.693138805969878,0.000812459884922043
"spot_912",0.0447507565244829,0.177074530216336,0.0252865835123321,0.047605396564174,0.0747660597934093,0.00508020983364255,0.0180945275996619,0.569578334614712,0.0377636013412487
"spot_913",0.000992490180745633,0.00027392595438703,0.000697102411733561,0.0411217373365203,0.373744212063878,0.00915264609179235,0.0459591145641947,0.00472668085140122,0.523332090545347
"spot_914",0.134047776055395,0.0100344907166869,0.0208650468409537,0.0228552105359589,0.297075742647414,0.0151444750945534,0.0575560428680793,0.0261549037866954,0.416266311454264
"spot_915",0.00161316668021806,4.48956351844459e-06,3.22816365196414e-05,0.0115281558828692,0.425711525663042,0.0158024838689327,0.00387686330193537,0.000909955978265829,0.540521077424699
"spot_916",0.343154148507103,0.00910626401776531,0.0134935565121463,0.0949871604759351,0.267803959337009,0.000252087457824418,0.217517532614735,0.05258224037376,0.00110305070372171
"spot_917",0.383579309591672,0.0270351634223599,0.0594970608119205,0.0457457137990466,0.368643870827536,0.000430454548878348,0.0750611601730023,0.0374951733924758,0.00251209343310928
"spot_918",0.548017386110238,0.0137542302062949,0.00235513518661319,0.0530848932963387,0.0300553405361193,0.000508871719038475,0.266358896217959,0.0857562689075744,0.000108977819823236
"spot_919",0.00299085179416001,0.00446178187236511,0.00275345932832776,0.0902001074610986,0.0301660970188355,0.00187927619577708,0.7872949703616,0.0788687097791815,0.00138474618865439
"spot_920",0.0146980641181509,0.0055602616883156,0.104710322031845,0.0292228271024553,0.0446857295748741,0.000530719024242867,0.713816917500254,0.0855838543099778,0.00119130464988494
"spot_921",0.00990185879966323,0.0039776292149099,0.00327767017118816,0.131980530315823,0.0556277281876763,0.00117442469953439,0.724664735041841,0.0624925207834193,0.00690290278594464
"spot_922",0.0360271965585817,0.0591964539488178,0.199743644468151,0.0750810147166283,0.143066504110541,0.000459811543594367,0.401753711446545,0.0818405862805488,0.0028310769265926
"spot_923",0.0316004699175493,0.0282689875650042,0.578657251427264,0.0862238953715741,0.0765471434329548,0.000640708049795814,0.106466518961734,0.090490390305557,0.00110463496856611
"spot_924",0.0716930157892936,0.0441621926692938,0.485273066327501,0.0766546212651948,0.0819582362051812,0.0011953645024267,0.11992084763607,0.118098032760656,0.00104462284438403
"spot_925",0.0643518782503495,0.103798852134123,0.506203050219394,0.0559154806872307,0.0717404301102784,0.000217363304529379,0.137902702413732,0.0588061021507848,0.0010641407295784
"spot_926",0.168400011148239,0.0383785200239232,0.472078003504806,0.0211934049228975,0.0786825741919728,0.000100100602624147,0.041001170137742,0.180066176492596,0.000100038975199765
"spot_927",0.0508167508461961,0.0724160367638488,0.495335235354406,0.0540181283597432,0.107366176055192,0.000653586644082867,0.104013945123035,0.114687577340143,0.000692563513353053
"spot_928",0.0306347027334467,0.0179686282030941,0.566926174215199,0.0964637910812795,0.0731117737314857,0.000148539581120391,0.0556391949417046,0.158859201443423,0.000247994069246687
"spot_929",0.0317090094347982,0.0458796596393138,0.595368007164385,0.00689760455350193,0.0565543081328134,4.21437495672047e-05,0.169878740917475,0.0934545839015366,0.000215942506609032
"spot_930",0.360690326959849,0.0689171421736926,0.278127946353845,0.0512859316229687,0.0578890979999606,0.00208146743968424,0.0547806331684047,0.124989468758426,0.00123798552316791
"spot_931",0.0702588850254853,0.104113104692278,0.495693813206003,0.046707160480441,0.0461125675771927,0.000938691464788368,0.0460388340887469,0.19001223247432,0.000124710990744514
"spot_932",0.0373690805310467,0.0981024621404364,0.475936764787083,0.0936236816815788,0.103360455446446,0.00259368071229926,0.0307320992717566,0.129620336136105,0.0286614392932477
"spot_933",0.0942917811968679,0.100007467816804,0.417026721430462,0.112985663243312,0.082300218154891,0.000654439721853151,0.155121770600761,0.0366963119522767,0.0009156258827724
"spot_934",0.0368600214397396,0.0725167230261027,0.526960197101277,0.0560986645729746,0.093434387133418,0.00130779368950279,0.0648435031903868,0.14743449151854,0.000544218328058505
"spot_935",0.0410379932028708,0.0488888770313845,0.630762430116816,0.0275112385931243,0.0420706231695187,0.00141068363292766,0.0522736452954759,0.155535922560941,0.000508586396941347
"spot_936",0.0231633473741369,0.0105788374679328,0.618461539832087,0.0292815059539567,0.0838126357946632,0.000554765463254398,0.0920808466478916,0.141635834148259,0.000430687317818698
"spot_937",0.0240176029431175,0.0627155569189865,0.580928426682727,0.025482025786229,0.0718884189954561,0.000939374848605843,0.0556364085465042,0.177402081964219,0.00099010331415458
"spot_938",0.0819952754128473,0.130066972050836,0.442093007683597,0.117912648748492,0.0588376481432474,0.00148645450835546,0.0844717423573873,0.0827007857730034,0.000435465322235012
"spot_939",0.183644467133346,0.13831697886994,0.410761720397335,0.0225086629590449,0.0242428495851554,0.00116318977236096,0.186268956753225,0.0319548330411261,0.00113834148846772
"spot_940",0.0914901917471712,0.0265877839759748,0.570194398477686,0.0431690907971193,0.0787266008436839,3.54128924883003e-05,0.151477155582115,0.0382790874145845,4.02782691767045e-05
"spot_941",0.0612629362746852,0.103614781727751,0.476107055078625,0.075698979178926,0.0840735535167871,0.000872194638000676,0.058369427009936,0.139655984187003,0.000345088388286442
"spot_942",0.0957061246219745,0.0735137253558639,0.0160741485713253,0.0856589751655058,0.0535214446610644,0.00700840628140008,0.259435007091854,0.408083007296627,0.000999160954384941
"spot_943",0.113719573320711,0.3254102038439,0.0704072395247927,0.0341221714754539,0.0493603074980017,0.00237612444835772,0.00932938883925901,0.390041002627535,0.00523398842198948
"spot_944",0.582571641693499,0.00680207637561304,0.00782121648043857,0.0604073493841366,0.16335918122549,0.00358112539756796,0.0592831211293849,0.0936043073471284,0.0225699809667415
"spot_945",0.146340188721387,0.0038180318496806,0.00927132830559592,0.0418483174914217,0.410840981646765,0.0211198891274923,0.0203204087603255,0.0218864219031058,0.324554432194226
"spot_946",0.014708115771187,0.00692036836471934,0.00222494330166764,0.0878667878832273,0.0318622462278709,0.00162958071212341,0.727639301984651,0.123123632879119,0.00402502287543415
"spot_947",0.529148668806189,0.00693073636640276,0.00743481345935083,0.0328976362400522,0.040563031030181,0.0010422800549157,0.340307963805213,0.0408190881044224,0.000855782133273335
"spot_948",0.0883117837025818,0.0752381171305461,0.41463854929215,0.0712113180812846,0.155382572365857,3.70355593677842e-05,0.0689267913276338,0.126246301899762,7.53064081665005e-06
"spot_949",0.164908199587207,0.0168525705124473,0.109860956874366,0.0736536129503897,0.485047236562501,0.00440843691223475,0.0786877260156211,0.0543185326041973,0.0122627279810361
"spot_950",0.00903683276518592,0.00592288555555967,0.000901945730225688,0.127050299265726,0.0136097393400683,0.00529633964544131,0.733916351105432,0.0867825386462426,0.0174830679461185
"spot_951",0.344160577831751,0.00953326517193103,0.00269515461900518,0.0967361965265642,0.0508807953218001,0.00225551957777574,0.380678737818843,0.112192392852856,0.000867360279473322
"spot_952",0.00703578629681279,0.00666507369470881,0.0862993910174055,0.135027490459703,0.0343640396926842,0.00143717612012741,0.570246778945453,0.158364279553472,0.000559984219632326
"spot_953",0.0239563626184409,0.00211760569343118,0.00244577757171701,0.103914473157348,0.310729369455376,0.00402135889253398,0.496475517575237,0.0161885451741087,0.0401509898618075
"spot_954",0.544656636479464,0.0110138681759669,0.152977950162282,0.0166770455276681,0.0512860117198502,0.00220881848157143,0.0634239812188393,0.157039955449228,0.000715732785129457
"spot_955",0.651971819015405,0.0221767975236967,0.0809232514036759,0.01143209922808,0.0461179937760608,0.000502378837980965,0.10072819943573,0.0856176280577402,0.000529832721629872
"spot_956",0.482461799460795,0.0562942567644141,0.151062894921124,0.0305657075677323,0.0568978467322244,0.00121453821587123,0.084716835950394,0.135722190106636,0.00106393028080989
"spot_957",0.416723547014821,0.0713128336848987,0.237780031600081,0.0397696856517964,0.0530356172763338,0.000902504386072359,0.0693765565949925,0.110652410018651,0.000446813772352863
"spot_958",0.764746433212045,0.00904906118472479,0.00449214268542587,0.00776363974805273,0.0521464059969397,0.000968972868376539,0.0503683436875965,0.108870609238177,0.00159439137866184
"spot_959",0.1734196563652,0.0682854630240709,0.420231544690418,0.101757184264274,0.05985606616611,0.000660263482181658,0.109125073619859,0.0665371956130482,0.000127552774837365
"spot_960",0.728667088097222,0.010695733207691,0.00402885987511396,0.0453598953668802,0.0444006335621219,0.000993347420165223,0.0834392862454746,0.0813571613796246,0.00105799484570633
"spot_961",0.772142414220692,0.00831307890273059,0.00955538554437834,0.0206188464956771,0.0216239225999782,0.00197287485739296,0.111674674419588,0.0520621520589565,0.00203665090060686
