"","Endothelial","CAFs","PVL","Plasmablasts","T-cells","Myeloid","Cancer Epithelial","Normal Epithelial","B-cells"
"spot_1",0.483411894006273,0.012944503487978,0.00759196817431854,0.0581945618691522,0.181066157489165,0.00105578858011311,0.194007050621444,0.0609585676478878,0.000769508123668039
"spot_2",0.510519473668432,0.0353261289703766,0.0490603794588296,0.019582498699873,0.200837001057558,0.00108200187862649,0.0403204201890436,0.141465089868962,0.00180700620829853
"spot_3",0.0244904983748087,1.46045692013467e-07,0.000206475699292192,5.59471930066035e-05,0.692883299134615,0.000331965340019516,0.123836515428461,0.00649901941319041,0.151696133370914
"spot_4",0.395688801132288,0.0406410451597474,0.183506744995551,0.0578373512688006,0.162079739710581,0.000509211251109993,0.0847803064764437,0.0740243268827417,0.000932473122736359
"spot_5",0.537308392071098,0.00469118091811873,0.00656824176639751,0.0111062109962641,0.300543477816791,0.00243673756484439,0.0564731866986063,0.0734278166670065,0.00744475550087345
"spot_6",0.511833968325173,0.0113543188222672,0.00354051431876638,0.0432060849798627,0.336947985375737,0.00133133733392699,0.036454957912015,0.0511226885483514,0.00420814438390057
"spot_7",0.631796485543917,0.0170255898350634,0.0902000979726451,0.00681831714942031,0.0682419032925731,0.000524977419445707,0.0461809010713403,0.138637721547585,0.000574006168010927
"spot_8",0.526290215964445,0.0133412121582609,0.0132506156443191,0.024358642949074,0.243390910885004,0.00997051113632755,0.074142664106174,0.0869401149245222,0.00831511223187332
"spot_9",0.0393005523996132,0.0195839821600479,0.0061942304921099,0.0134831733484254,0.386113005752975,0.28721593903321,0.0567033905967437,0.0867410206832247,0.10466470553365
"spot_10",0.114327602139233,0.052816766122152,0.137287832106735,0.162642126207813,0.21956045559088,0.0668657046190365,0.126698402457378,0.037691779627899,0.0821093311288733
"spot_11",0.0696128240295286,0.0894555957569344,0.475366728429299,0.0762724516113729,0.094167597122345,0.000304742046009173,0.0915107115460706,0.103123081536068,0.000186267922372364
"spot_12",0.0415736245439885,0.0333627707485188,0.53424072717805,0.0452152563303729,0.0814774530118823,0.000557904367131049,0.128611755690218,0.133025159157609,0.00193534897222842
"spot_13",0.0426383840648729,0.0603923018111512,0.480612327954857,0.0613160420269344,0.118832337593238,0.00155997417123433,0.0981952445713687,0.0611909192853072,0.0752624685210368
"spot_14",0.0690639025750563,0.086303004745236,0.52891535592337,0.0698676011925884,0.0715639870129643,0.000407447318553534,0.144651525925668,0.029150129511786,7.70457947772837e-05
"spot_15",0.0689216883499413,0.12133270147812,0.504741657898244,0.0567034248963692,0.0647849710587837,6.74968742342004e-05,0.100726953776575,0.0826438697061196,7.72359616136868e-05
"spot_16",0.118898919144185,0.0903054717611866,0.413281490278037,0.0724488450637599,0.11470334604051,0.00232476044144364,0.0927306938859173,0.0840939523714139,0.0112125210135459
"spot_17",0.080554967547681,0.0725140365535776,0.408594685393288,0.0667639805134355,0.151774651092609,0.00384964177043537,0.0956725445748534,0.0909468735223582,0.0293286190317622
"spot_18",0.0562565753875083,0.0517856347538021,0.555152171937318,0.0565461840227582,0.0929828282871617,0.00108706654256224,0.057647292642961,0.127961138080723,0.000581108345204684
"spot_19",0.0600224585200093,0.0124472210857231,0.532124603695147,0.0317653673491749,0.0818317464260014,0.00548173114417063,0.160766319701821,0.0951019494240813,0.0204586026538718
"spot_20",0.0695158563518515,0.0613918871991661,0.504278141658961,0.150937018224467,0.0523401722978671,0.000345168111858973,0.0490682214371585,0.111302022843159,0.000821511875510499
"spot_21",0.0689837821319852,0.0970080744791649,0.559717563730256,0.0355994881602489,0.0585700029565482,7.37292102124105e-05,0.0619567862665227,0.118066162812798,2.44102522637729e-05
"spot_22",0.0294685681209099,0.0540160584257723,0.500446489299336,0.0941834100922481,0.135829584392787,0.00386157803409114,0.109985036017647,0.0584952655685933,0.0137140100486157
"spot_23",0.0491554258742472,0.088040638630725,0.536143507359525,0.0520705530535865,0.0795653202300572,0.000938351632152573,0.107130266712967,0.0863550038539479,0.00060093265279145
"spot_24",0.110436879591011,0.13210577889872,0.421714269451411,0.160678798885618,0.0535168549092237,0.000340873423295332,0.0981849666481463,0.0230080994896092,1.34787029667057e-05
"spot_25",0.0377004751202808,0.0485721524946921,0.591885076257165,0.0697871932124332,0.071367114973023,0.000613282909210168,0.0934178852729569,0.0865216329336597,0.000135186826579531
"spot_26",0.0536664887096897,0.0882291858652079,0.512576291830887,0.0686307626397416,0.0732714191488826,0.00178394681611379,0.0645115361070519,0.136855447383683,0.00047492149874289
"spot_27",0.0414892535705261,0.0240453853058055,0.577117192043466,0.0992466466648504,0.0677722891691925,0.00137785819579138,0.0424476910435763,0.143139739588851,0.00336394441794012
"spot_28",0.0318825003050906,0.0729218873987336,0.549034759337723,0.0745479378044369,0.0362235381773026,0.00196056573943073,0.0750738528150689,0.157439232442536,0.000915725979677504
"spot_29",0.0660061519858776,0.114144673035603,0.485768831988377,0.0681041928584474,0.0791280327589946,0.000279545158079361,0.0597300570421905,0.126502829978108,0.000335685194323113
"spot_30",0.0548424956277594,0.089970214369734,0.473582993017817,0.142006770940323,0.0662912257500532,0.00217678123442372,0.107449592906441,0.0635431202518621,0.00013680590158703
"spot_31",0.0433168966141649,0.0504676275966851,0.559531563875437,0.0727586940351749,0.0697514612854226,0.000592361509846226,0.130645879615172,0.072294591992539,0.00064092347555826
"spot_32",0.574664187813889,0.00877653199445337,0.00448026881609027,0.0421782655830476,0.195279004816923,0.00200441252950474,0.0944303705886693,0.0694710682083331,0.00871588964908897
"spot_33",0.513635848002081,0.0214453086644519,0.0130582068836699,0.0335603914281365,0.258476047992173,0.000689114166184328,0.0947771722014868,0.0615127092937071,0.00284520136811009
"spot_34",0.180112527566513,0.00951425245218147,0.166016101931373,0.0565985971839187,0.397271374155042,0.00522926021732269,0.0575410334054873,0.104955520224704,0.0227613328634579
"spot_35",0.242947476661987,0.121565456523512,0.400732988531511,0.0301180158353367,0.0896855879807428,1.46915051851833e-06,0.0703926041340265,0.0445557569859671,6.44196397570104e-07
"spot_36",0.203002556486105,0.00497415091708075,0.146285285078685,0.045132747600625,0.430688452642688,0.000915559406056802,0.0567439514592087,0.0956654895715473,0.0165918068380034
"spot_37",0.315892341983088,0.0343026590004105,0.174385358798291,0.0296336866890241,0.325775273737573,0.000257471049495931,0.0516578912105827,0.0648727354774181,0.00322258205411692
"spot_38",0.509331475810045,0.00714385052796965,0.00230347350837661,0.0930037771867827,0.234747272771963,0.00664950236112896,0.052476585929582,0.0719644322449148,0.0223796296592378
"spot_39",0.262264777388356,0.0698340831119291,0.293647132590231,0.0415923950840724,0.134463780103281,0.0191012822422197,0.0985525671611208,0.0721621910571411,0.00838179126164972
"spot_40",0.0945945624000508,0.0314500217670948,0.221095337794154,0.0656150032996596,0.219307365776852,0.128211091842752,0.141172783239653,0.0786586058148195,0.0198952280649638
"spot_41",0.0342037061018068,0.0368487651555844,0.199950139234454,0.013194709242963,0.339427543686544,0.184703193989988,0.117718954449278,0.0353340753918428,0.0386189127475391
"spot_42",0.0564029756884542,0.0814376711090746,0.48822264632121,0.162062992096928,0.0561269448402758,0.00186593571198325,0.0863840269676055,0.0664440849052708,0.00105272235919789
"spot_43",0.0220444745474997,0.0462421706165741,0.536762779995682,0.142567074456476,0.0552995528812983,0.0014889461508444,0.141140039959384,0.0502548643395329,0.00420009705270837
"spot_44",0.0194834355678597,0.0186432208848173,0.428833291542124,0.0483340373577287,0.174177686393882,0.00268852954693397,0.147078843512039,0.0341875430944504,0.126573412100165
"spot_45",0.0171747033959451,0.0365090218042612,0.595580700921127,0.0977531511639787,0.0701615867469443,0.00301537718633406,0.0771131021296248,0.102496723224659,0.000195633427126322
"spot_46",0.0147641864333062,0.0600924865213179,0.416611853127835,0.0819761771844932,0.139587685282229,0.0114991946591044,0.072450171609818,0.128066334565809,0.0749519106160873
"spot_47",0.0517458947727737,0.070702999208672,0.572886370110444,0.062069248325244,0.0819737046069359,0.00109617794778097,0.0720478908892866,0.0866433620657751,0.00083435207308776
"spot_48",0.042408609514386,0.108694329641073,0.540011729741597,0.0549008956943746,0.0840430841184605,3.39293076675683e-05,0.099043289647846,0.070471367106559,0.000392765228035576
"spot_49",0.0503880427002256,0.0539507612179081,0.574232237201826,0.0798833958056099,0.0556788825596959,0.00149571919375601,0.118492024811001,0.0657126084118983,0.000166328098078896
"spot_50",0.0688936280649049,0.0708006375252258,0.559134272597939,0.0326032884538278,0.0689309232810006,0.00115152801001035,0.112831448293147,0.085310215834323,0.000344057939620873
"spot_51",0.0612127504331917,0.125374953676231,0.489561976306789,0.0707384164462794,0.102209240839054,6.94353388739535e-05,0.0751633349831634,0.0754372572513097,0.000232634725107412
"spot_52",0.135202752435014,0.131548046669684,0.475774342171852,0.0441993289672762,0.0263243665753937,0.000366370561986102,0.125062036000097,0.0615013432371389,2.14133815590086e-05
"spot_53",0.127105548206026,0.0146248222555993,0.679538106988419,0.095268213338609,0.00469501653790343,3.02374927534723e-08,0.00676710260661137,0.0720009802972346,1.79532104691583e-07
"spot_54",0.051028003447459,0.0866860748166522,0.537264223124435,0.0520200958648653,0.0902482498513724,0.00155359592940434,0.067312982347078,0.113322516560858,0.000564258057876435
"spot_55",0.0182835713141466,0.0158923895249776,0.378549359602309,0.0855082547686752,0.293217796308299,0.00265679975268569,0.0562368316875611,0.0917674648583009,0.0578875321830455
"spot_57",0.0466265429191109,0.0414425838862752,0.586052893149459,0.0376672700916507,0.0884477175947612,0.000346564144000232,0.0530294665850016,0.14521924285175,0.0011677187779913
"spot_58",0.0429567736052784,0.0721267715111498,0.53385756371653,0.116874627913853,0.043620837500023,0.000460175786616404,0.0570275252649874,0.133019953940063,5.57707614984055e-05
"spot_59",0.0445176949384052,0.085758452423991,0.545824626072253,0.0834216775798036,0.0619813909381501,0.000672244235273629,0.0954998610893339,0.081944519841633,0.000379532881155958
"spot_60",0.124368414438537,0.0858905234450969,0.436061538827149,0.0776640793534521,0.0932086281408697,0.000436966426929216,0.120713843267602,0.0613255273440304,0.000330478756334205
"spot_61",0.0450107835338613,0.0974502584503227,0.550812987866295,0.0648243344185526,0.0914827282716256,0.00019860624419396,0.0603805640654565,0.0897943510459022,4.53861037906432e-05
"spot_62",0.0286932760684478,0.0866399311270844,0.558266500397204,0.100142773546264,0.0532658611686019,3.00312105648675e-05,0.112942017295391,0.0599993340261464,2.02751602950388e-05
"spot_63",0.400991389666825,0.030976457974066,0.113721375748922,0.042669286115349,0.262572903632589,0.00268707408941797,0.0711144261038617,0.0678944366078364,0.00737265006113285
"spot_64",0.374260173817116,0.015047440793106,0.0932707558603967,0.0526830959758872,0.283824834461243,0.00208960979514024,0.0653517448519811,0.109803465973147,0.00366887847198276
"spot_65",0.33066165017635,0.0189039527445357,0.181837826810848,0.0716942561027556,0.231594941908965,0.000866727962777994,0.0710170567819944,0.0848336925479245,0.00858989496384858
"spot_66",0.505152156531471,0.00699262760356695,0.00587277284959162,0.0354161926333333,0.334586708692878,0.00097626636952138,0.0616089165705584,0.0408401240577478,0.00855423469133127
"spot_67",0.341507601659671,0.0171413091930938,0.139199499702268,0.0379373465758338,0.277527895605394,0.000431455678238975,0.0722795976263187,0.113016258165095,0.000959035794086836
"spot_68",0.330503679281157,0.00584462972051625,0.054754653726037,0.144024152342107,0.368548395590933,0.00105967868338809,0.0381763423201347,0.0545468257524835,0.00254164258324376
"spot_69",0.299651082629639,0.0210517223580588,0.146556377745163,0.0663740998123286,0.312453152000691,0.00114133371262216,0.0423591208207983,0.105739817834456,0.00467329308624283
"spot_70",0.233662543981186,0.0602569025665325,0.270551772638632,0.0750397901425932,0.216671848069034,0.000119778186153265,0.103572035752196,0.0397279093290964,0.000397419334577351
"spot_71",0.0498230482119392,0.0417880533747264,0.147351991363793,0.0195922664075168,0.317449054096938,0.178812769791673,0.110317551288194,0.0780827546285961,0.0567825108366233
"spot_72",0.104402354100624,0.0254265108238095,0.228302374281189,0.0705903786308557,0.287354812668442,0.116058035086586,0.106013889178682,0.0273459964109565,0.034505648818855
"spot_73",0.0588370550159576,0.05430003861643,0.525904689677613,0.0744758846129212,0.0845908053826625,0.0002096103245126,0.136818654804775,0.064726466395882,0.000136795169246144
"spot_74",0.156528146879738,0.0914993100456462,0.462325736628351,0.0545899918828209,0.0387914410745386,4.54480424869663e-06,0.186372836732365,0.00988370448480316,4.28746748915743e-06
"spot_75",0.0421008980106541,0.0436069567277424,0.531483667574945,0.110801954454926,0.0746159859969808,0.00107116236307897,0.115024519052514,0.0800817883944629,0.00121306742469527
"spot_76",0.0882835095342279,0.0868866237326532,0.505828086575603,0.0743890071586889,0.0492614447217742,0.00099188256794834,0.0884153054929071,0.1055347725131,0.000409367703097851
"spot_77",0.0949786258735094,0.0984128219925664,0.500389858268633,0.0507448935171828,0.0713364237871106,0.000272274592264712,0.111379531723922,0.0724327548981576,5.28153466532646e-05
"spot_78",0.0520063024833621,0.0592554625140454,0.578122488531449,0.0458992553779989,0.0570786643586811,0.00117601167431402,0.106968886553778,0.0985859693806821,0.000906959125689273
"spot_79",0.0218940069291982,0.0887048390302423,0.531552637924279,0.0631852754131309,0.0675500746666822,0.000402097723142229,0.0822296718753686,0.143854148745526,0.000627247692430713
"spot_80",0.0521052876666485,0.0280158030300359,0.636291957955123,0.0240513269019683,0.020716273934212,0.000186862176781675,0.101664479618659,0.135806685422809,0.00116132329376295
"spot_81",0.0196706570536641,0.0312622540756994,0.646183313829617,0.0127584785997625,0.0539710586190411,0.000148418362687648,0.136230679768225,0.0996240941440342,0.000151045547268882
"spot_82",0.0178354005739035,0.0448063820564782,0.581135678148423,0.0320127108211089,0.0916956750712825,0.00169775150629371,0.112749315772146,0.117526606126322,0.000540479924042532
"spot_83",0.0316876197865791,0.0404439636416218,0.557012654078109,0.0844100830912177,0.0746534235346701,0.0015542283095284,0.100049330502685,0.109178377157817,0.00101031989777243
"spot_84",0.0162852645376699,0.0296521480835695,0.430301190655071,0.0834143540367202,0.137168581857903,0.00297259075058688,0.0462361054831004,0.144682975774794,0.109286788820585
"spot_86",0.0771933555449858,0.048506379985094,0.537002843123914,0.0961425915473708,0.0580746729279929,0.000420014504443696,0.141815906989896,0.0403282517368197,0.000515983639483186
"spot_87",0.0200399949999989,0.0212021598023134,0.687287680984008,0.00173268567942348,0.035994746467046,1.18650053420499e-05,0.0226709861312663,0.211046246916757,1.36340138440739e-05
"spot_88",0.0267345501701332,0.0481386012223334,0.558851550230355,0.0602088304791297,0.0586646416867073,0.000831099300316109,0.072523579243069,0.172265619698263,0.00178152796969226
"spot_89",0.0364960498579474,0.0284551989305933,0.564687021637112,0.0623506961434706,0.0744522699577217,0.000264885671373424,0.0770050943319511,0.155803844611429,0.000484938858401561
"spot_90",0.0372930879224546,0.038820719199626,0.554626748815252,0.0265574759666687,0.105994526217139,0.000832964879703387,0.0460353076937438,0.182360028265977,0.0074791410394356
"spot_91",0.0552734120682944,0.048400342555537,0.595609030292055,0.0229698384324373,0.0730174298464976,0.000208548017589633,0.147946190857161,0.0564737084850581,0.000101499445370439
"spot_92",0.046902516088237,0.0797176995358211,0.576511571054886,0.0292271835141879,0.0874853404133505,7.16401660856748e-05,0.0880284874146028,0.0919129811681078,0.000142580644721012
"spot_93",0.253655682082578,0.0667019942219099,0.379532364558486,0.0709780522889984,0.0468049727718342,0.000296407013108376,0.116781818717621,0.0650408339933766,0.000207874352087649
"spot_94",0.282437170317294,0.0310687256238423,0.0391585560107323,0.104686911490199,0.460268651495194,0.00151257505014808,0.0438260666471591,0.0133605707915749,0.0236807725738563
"spot_95",0.321825900655166,0.0421387230978901,0.30760434592746,0.118091553672775,0.00287272439399151,0.000316537297102826,0.166380801573948,0.0407155411626054,5.38722190619842e-05
"spot_96",0.168999640042333,0.0195141399046804,0.126963110252547,0.0866201274285173,0.411981976946672,0.00228758541743982,0.0501444511835785,0.126401955917314,0.00708701290691822
"spot_97",0.232970820499708,0.00595445978934469,0.0131264705721273,0.0708598489234269,0.573184457004868,0.00114872546556433,0.0308247569716306,0.0621884679743701,0.00974199279896042
"spot_98",0.360613371965045,0.0178854038938851,0.0922964633223354,0.0545596691197301,0.305200894853487,0.000915931386639165,0.0808745385240384,0.0808726511563376,0.00678107577850239
"spot_99",0.311637226108382,0.00960141000604641,0.0764339623977882,0.102752427374423,0.381381366848636,0.00424906991502681,0.0468535009988346,0.0521856318262532,0.0149054045246096
"spot_100",0.655659960209438,0.0171501345674905,0.00974829580717687,0.0744211560237393,0.116785549719234,0.000463613677344513,0.0878762763430795,0.0373959434792892,0.000499070173208688
"spot_101",0.0122850673605921,0.00581863152699837,0.00302042033241392,0.0258807299590124,0.692932734970136,0.0750459135665986,0.0935322309089129,0.0281759895298608,0.0633082818454751
"spot_102",0.0445972332155433,0.022873472816141,0.0918531589658014,0.0551732502182041,0.374071523009211,0.204950416158644,0.0519724612629641,0.113154211749341,0.0413542726041495
"spot_103",0.03463450345783,0.033167260518758,0.124103457701498,0.0177169484972084,0.292685814348903,0.24938675020314,0.163235667405675,0.0273590746367666,0.0577105232302206
"spot_104",0.0648392593899,0.102416408160124,0.473918770415316,0.046633582642753,0.0907883076302751,0.00145427218192994,0.0541181546374754,0.165074830460079,0.000756414482147023
"spot_105",0.116683611572883,0.102334751229649,0.479160916378836,0.085226140271644,0.0492857472340232,0.000102928555279855,0.0826945863759478,0.0844688896739959,4.24287077404412e-05
"spot_106",0.0443729908035099,0.128762006517116,0.543100030070228,0.0649190007029306,0.0563388765994417,0.000280348213367454,0.149631372513228,0.0122421044343562,0.000353270145821973
"spot_107",0.0540104553527213,0.0857042125412187,0.545476807805119,0.0386916120631269,0.0860895295975147,0.00153085110968641,0.0924494098230195,0.0956898240028969,0.00035729770469699
"spot_108",0.024503078183285,0.0553486645973042,0.624248269166644,0.0944356573813993,0.0535437147115311,0.00226663812701086,0.0879686325231603,0.0576045091293328,8.0836180333072e-05
"spot_109",0.0310563316288753,0.0942904190622796,0.541840066335928,0.0291711423933654,0.0691957612172391,7.31532512470544e-05,0.128408819471578,0.105724434606556,0.000239872032932512
"spot_110",0.0600411993822725,0.0644580488659906,0.553216421049919,0.0841884584017225,0.0763809895876224,0.000292240605555625,0.118296289769204,0.0429290309486178,0.000197321389095631
"spot_111",0.00659818926029857,0.00414441066797471,0.761512571594656,0.0102956766429343,0.00910851119752674,0.0138982739095645,0.131217707288052,0.063133305560535,9.13538784581874e-05
"spot_112",0.0361910815797052,0.0836577443394886,0.511862438887569,0.0829769601878853,0.0869889717056772,0.000882814492967168,0.0874129876927787,0.108818960737446,0.00120804037648327
"spot_113",0.0541611129086551,0.0422940289885794,0.604655418269489,0.0204050252964574,0.0506762852074851,7.27573064406171e-05,0.0968708080096518,0.13072217431174,0.000142389701501915
"spot_114",0.0385094967779832,0.0684271601815357,0.578436466909383,0.0368782277076152,0.0601936930160776,0.00169324787603721,0.0747988794193468,0.140664703664335,0.000398124447686561
"spot_115",0.0390885709785737,0.0563003973365342,0.573939911121032,0.0477579821693903,0.0895440787252779,0.000562781593673981,0.124862070061907,0.0675120556123916,0.000432152401218798
"spot_116",0.0687415782014163,0.0372008462413263,0.626172107650467,0.0768519642341633,0.0317207692360557,5.10828777374069e-05,0.07308424329731,0.0860993285810351,7.80796804885483e-05
"spot_117",0.0729664098197071,0.144342483788107,0.52228810091396,0.0737508216890592,0.0379534692072761,3.3019450880083e-05,0.123428219670245,0.0252295201347045,7.95532606117437e-06
"spot_118",0.0446092354234084,0.0739425173543092,0.529893674936245,0.0194246272041245,0.086921667698194,0.0013618820200771,0.0705381912334705,0.172102401646323,0.00120580248384917
"spot_119",0.066472582092178,0.127487988303703,0.450720126942557,0.0791477689655456,0.103433971543306,0.00042227751872275,0.0690515429621235,0.103203945215894,5.97964559691881e-05
"spot_120",0.0308982868042263,0.118028240049865,0.572014359734664,0.0219982084853352,0.0635036953507752,0.000170833414490104,0.101210090382349,0.0918844184740606,0.000291867304234306
"spot_121",0.0459520932834785,0.0723001290601882,0.543298673621235,0.060709750300752,0.0948706382710821,0.000724149444001447,0.0683565217337858,0.110888387972985,0.00289965631249181
"spot_122",0.0628025808447044,0.0857941952299149,0.514353306774648,0.064765074308989,0.067095053097927,0.000349051608739736,0.0977957857098313,0.106887793895884,0.000157158529361366
"spot_123",0.0374561726194539,0.0511528105065166,0.543754328126583,0.0212792097951327,0.07160620123196,0.000243732195362633,0.146669905822509,0.127484614237827,0.000353025464654752
"spot_124",0.0412663102511246,0.0334941434893937,0.541362202893406,0.0639231707839908,0.0870164237591225,0.00182109349478199,0.123449101818621,0.105404540608319,0.00226301290124081
"spot_125",0.747743156607304,0.0120873063392355,0.0081654800743391,0.00856772664437908,0.0406079197534618,0.000375712641725965,0.0520739615024961,0.130073169510405,0.000305566926654277
"spot_126",0.121149358934685,0.0442103053630673,0.324761122732005,0.0380812399549346,0.319502961757138,6.9315254944461e-05,0.107820009888325,0.0436060508862084,0.000799635228691058
"spot_127",0.549042230310495,0.031220962342614,0.114567423460133,0.0331472251675819,0.0846439494906024,0.000254144303991776,0.109326490364665,0.0775216278939118,0.00027594666600427
"spot_128",0.450700625433133,0.0358583924998679,0.0727615465459357,0.0721605050263221,0.206626561820707,0.00108646926249439,0.0814860332308043,0.0786397888534342,0.000680077327302047
"spot_129",0.383819931406893,0.0716331407064214,0.222804884381664,0.032723869113957,0.127997582980922,0.00288155571197208,0.0465906440047145,0.110297376362522,0.00125101533093446
"spot_130",0.725476343180421,0.0130952654417642,0.0141263101030399,0.0051939622354312,0.0822359860272844,0.000253790650122194,0.0384221577258797,0.121092934800834,0.000103249835223263
"spot_131",0.436354889052242,0.0360908662285284,0.0431774393719225,0.0352814369581387,0.285607805852909,0.00160096528993752,0.0542851185615066,0.100934807562084,0.00666667112273109
"spot_132",0.276260230158035,0.0126098405019049,0.183913208563825,0.097263445262033,0.187265468710869,0.0102925632464466,0.0936040999302578,0.117983401412991,0.0208077422136386
"spot_133",0.0717679688490678,0.0893418883742313,0.169545846802062,0.0737821935441499,0.204010669785827,0.187477656062323,0.132139908254625,0.0256593498952452,0.0462745184324688
"spot_134",0.0461687213512262,0.0165171853937661,0.20342811098226,0.0576337959031184,0.22365508673224,0.0777751772719795,0.121089803182573,0.224169131705479,0.029562987477359
"spot_135",0.049295175353782,0.0467539486184771,0.583047568741218,0.0504481999379544,0.080447335052459,0.000166998355434923,0.0655635129709132,0.123681261838094,0.000595999131667942
"spot_136",0.0325680299120992,0.0390258746187043,0.532219284784365,0.150936610325925,0.0699879471183755,0.000840554830630948,0.0973509336331874,0.076591212526578,0.000479552250134675
"spot_137",0.0487162698621546,0.102652537288557,0.502742680611606,0.0374325461015729,0.0949327261947463,0.000806247797469012,0.0863157656638887,0.126000579467333,0.000400647012671803
"spot_138",0.0254200605148678,0.0565231761156448,0.548617210462002,0.0294985772998455,0.0947363722081405,0.000890525304484595,0.116993872533541,0.122841239351456,0.00447896621001806
"spot_139",0.0467185307572136,0.0542018481543022,0.529478099736216,0.0245069914296588,0.0720571966163998,0.00778078152254676,0.1150297894242,0.0844764473274741,0.0657503150319886
"spot_140",0.0288191362381289,0.0116061632487327,0.607001321909403,0.0360270186172823,0.0688789077287848,0.00233341820873161,0.151078411550585,0.0895644880093137,0.00469113448903843
"spot_141",0.0647652483305809,0.119019417486397,0.468711703789709,0.0943533454247092,0.0899518477907664,0.00020307062342326,0.109268337969267,0.053447186900418,0.000279841684728942
"spot_142",0.13247199128033,0.112225368233094,0.479282338194222,0.0600996129141727,0.0708066049299293,3.9458555194631e-05,0.11816919851406,0.0268730184503679,3.24089286304326e-05
"spot_143",0.0579591797443247,0.0921541262429721,0.527294229064404,0.0634122358221934,0.0760877895792073,0.000261321175454203,0.111599681098229,0.0709053011970259,0.000326136076190192
"spot_144",0.0345901947222787,0.0416265136236726,0.544511734091924,0.0951260174439342,0.067788225129667,0.000303541526838107,0.127859217384873,0.0880721649285472,0.000122391148264591
"spot_145",0.0822508336723204,0.0854642634571155,0.489434866869711,0.05316493562135,0.0876828929734843,0.000566215058922558,0.153282776223654,0.0461076533030964,0.00204556282034576
"spot_146",0.136233951472622,0.0924596280989709,0.559452823082073,0.0213023421714987,0.0316721681874912,3.37414789101365e-06,0.104499561682882,0.054370635954293,5.51520227856338e-06
"spot_147",0.0745537839733777,0.080968084856247,0.515041637845551,0.0712252868442426,0.0749685931297933,0.000177695682126758,0.144946494242465,0.0379780481973908,0.000140375228805188
"spot_148",0.0855013927795798,0.0714189587694691,0.528956251428058,0.0440137697295997,0.0786413911736122,0.000107607205414981,0.13143783285622,0.0598204099120919,0.000102386145953894
"spot_149",0.0579380374306554,0.0270197055299779,0.591305171669463,0.026972565746501,0.0733321868314082,0.000498948131556315,0.0758237495439986,0.146516756228105,0.000592878888335032
"spot_150",0.0413813692517941,0.0238485607593212,0.646519091478844,0.0195215845586358,0.0595799882717294,8.39579957370644e-05,0.156142784123074,0.0527607697360454,0.000161893824818421
"spot_151",0.181482617162234,0.0317994689997851,0.497684526000583,0.0473902350599886,0.0709808262024448,6.69146711343298e-05,0.0686321805931354,0.101914031379214,4.9199931480899e-05
"spot_152",0.109741999046615,0.109614746858801,0.468793746549171,0.0660801904895206,0.0839584559120902,9.14675118172375e-05,0.128330516730555,0.0332609673874232,0.000127909514005909
"spot_153",0.0496432549712638,0.0590314299396811,0.526433939273074,0.0696422260072976,0.0809905076400914,0.00135567331414992,0.0945656370134186,0.117634106170299,0.000703225670725204
"spot_154",0.0432041950369345,0.0637717059663868,0.453247734379811,0.180647294962899,0.0710450082636496,0.00402609723371061,0.117877235216904,0.0661006420191135,8.00869205914283e-05
"spot_155",0.0862539013754402,0.0394002695093749,0.545854213183069,0.0647854719493562,0.0766656850087687,0.00111677458428025,0.152299170562172,0.0330527421819242,0.000571771645613925
"spot_156",0.393753075519394,0.0366554019179093,0.108538083495203,0.0803301331624983,0.252629105730796,0.00102889898801253,0.0552302329871279,0.0696744564118641,0.00216061178719503
"spot_157",0.366871014713065,0.00911076800660994,0.128285113778597,0.0549332037475219,0.282253003198886,0.000648130351816508,0.0199510801181805,0.136352908951736,0.00159477713358762
"spot_158",0.372543966709731,0.0314236665749894,0.16957999401536,0.0444835990084914,0.227777225544088,0.0016462459349157,0.09148904620601,0.0575395637720339,0.00351669223438067
"spot_159",0.00687901429401535,0.00374673536843798,0.234535936746487,0.0318088377509604,0.55811159274963,3.94730189241749e-05,0.121201323689708,0.0412755235531014,0.00240156282873541
"spot_160",0.0120815051887656,0.0132873007900622,0.433573890455692,0.024505587032194,0.337298261515756,0.000200331786275839,0.0377103039927904,0.137245817560696,0.00409700167776759
"spot_161",0.25882085475082,0.0149093559215353,0.264747474614198,0.0163632584249636,0.25481010105501,0.00570299419337297,0.0927757753380774,0.0633835303953952,0.0284866553066268
"spot_162",0.509692761036005,0.0323937844959618,0.0577164421531754,0.0357915429424825,0.150034982701008,0.00180773209456327,0.0534520035795379,0.155927233937641,0.00318351705962482
"spot_163",0.509331071921704,0.00685259186472991,0.00486452143742159,0.0640746277332268,0.264038546936545,0.00201459627306408,0.0682377653288252,0.0728668562230919,0.00771942228139173
"spot_164",0.0361316853278592,0.0495269940422699,0.000137969527288519,0.0454855367890284,0.048957333477299,0.00261423276483129,0.238183955111438,0.570345867502206,0.00861642545778059
"spot_165",0.0632079663439118,0.145951853041719,0.0374667151736305,0.0069306110348778,0.0595343651802757,0.000391203089259692,0.0595784975904854,0.626189186510676,0.0007496020351641
"spot_166",0.0757129746221499,0.142303798353362,0.160812528984224,0.0615862605192077,0.0706139684977433,0.000961981077950393,0.152095389196056,0.335523892525133,0.000389206224173389
"spot_167",0.0328872805259213,0.0283712132479635,0.494692006472285,0.151433658893566,0.0696694581237433,0.00108899809480946,0.154516494720673,0.0672036648942077,0.000137225026830473
"spot_168",0.0928227259877949,0.0664388125795092,0.446900289706924,0.063495946918392,0.117579180040262,0.00110984256748484,0.144339636408483,0.0570859453327923,0.0102276204583584
"spot_169",0.052965867341831,0.0458003589267956,0.597096723528367,0.0331042646794781,0.0434466025032708,0.000804721163643336,0.0715217440752462,0.154776056146759,0.000483661634609133
"spot_170",0.0401117993713192,0.0707800426374566,0.543442285817922,0.045397693091921,0.091176597314553,0.00167060410511616,0.12028700170239,0.0863825878462091,0.000751388113112742
"spot_171",0.0632500165355318,0.0940072793702691,0.573679941244223,0.0480041406221112,0.0733805243459484,7.66886140236025e-05,0.0879937138995659,0.059540727970248,6.69673980792317e-05
"spot_172",0.0591231935254914,0.0778442231209031,0.547087171042276,0.0582564293198164,0.0724410636648041,0.000550148879265666,0.0834528055100084,0.100978859276504,0.000266105660931112
"spot_173",0.056787446302985,0.0306371894401833,0.59629724341649,0.0413864242096561,0.0739180058234622,0.000464754766168873,0.13236342043317,0.0680941142480463,5.14013598380038e-05
"spot_174",0.0583415508671294,0.0365251044751893,0.619063383668012,0.0350544679252133,0.0751374406716168,0.00133919868371813,0.0811479585166697,0.0927926019556947,0.000598293236756299
"spot_175",0.0832929535632781,0.0593410714508351,0.529956742983169,0.0472727432436241,0.0881048062878876,0.000232145476407918,0.114588304438369,0.0768301829589157,0.000381049597512756
"spot_176",0.0632834184330239,0.0506519862084752,0.508856979806341,0.120122517875106,0.0413215881999079,0.00369146830524213,0.148367499481487,0.0498691041172112,0.0138354375732051
"spot_177",0.0384847517559234,0.0663716473123587,0.508084458532267,0.0515601534230939,0.105132854199787,0.00664477951487024,0.0606342284234076,0.150336996268359,0.012750130569933
"spot_178",0.0700340662179103,0.183677640107714,0.347492367055253,0.0795199953753161,0.102686611015182,0.00214376390598087,0.0354168213280807,0.17873997956671,0.000288755427852975
"spot_179",0.0321598615067951,0.0800798556068176,0.518550432013969,0.0644195356115529,0.0756284163004728,0.00708739496018817,0.0823766537086099,0.139010102234536,0.00068774805705853
"spot_180",0.0393972901142357,0.0689506547533859,0.531005851329084,0.0807299743004333,0.0799109857239142,0.00133494304600831,0.104294479324368,0.0930894042357525,0.00128641717281908
"spot_181",0.0756358232491593,0.0671484340647315,0.522291650465526,0.0484581959840332,0.0747037177560715,0.000174772401568399,0.150568162837307,0.0608993568679542,0.000119886373649461
"spot_182",0.082105310254321,0.079333270975998,0.548233133319777,0.0295419050629601,0.0707872038726722,0.000451314477434196,0.0865196358342161,0.10267845172285,0.000349774479771492
"spot_183",0.0264531479983005,0.0182953785088386,0.57192940224785,0.0521112413827802,0.0776408827234533,0.000923273021113693,0.071893516482994,0.179391202351502,0.00136195528316794
"spot_184",0.0602257432965864,0.0446567271692916,0.523352078202531,0.0296982101189826,0.0911128024494022,0.00123463771989499,0.0837303763587239,0.163768432667429,0.00222099201715861
"spot_185",0.0411205646718012,0.0889748049379669,0.520286906510197,0.0547955313247458,0.0767675405020572,0.000221665958050862,0.098004567626913,0.119224791725422,0.00060362674284628
"spot_186",0.0544570833958276,0.0664156419706094,0.558822170604571,0.0407844737561021,0.0691124598655504,0.000748142759863609,0.104373659194167,0.105006851483565,0.000279516969744348
"spot_187",0.453560750304153,0.0205368938465374,0.0929201103393033,0.0141379880753461,0.230084531584704,0.00507003298612121,0.0911638954349227,0.0849275425786089,0.00759825485030305
"spot_188",0.0356880230074546,0.000643027445755618,0.0120000002348181,0.0212866460610678,0.795992545487331,0.00154590319681668,0.088610857923525,0.0228339355946986,0.0213990610485321
"spot_189",0.0611550027051397,0.0095390914041646,0.161656583124076,0.0931444336730853,0.599791730958312,0.00105734369796397,0.0330092790819019,0.0263610339726533,0.0142855013827034
"spot_190",0.42344184164612,0.0159651436370332,0.095531737107337,0.0257320201601019,0.287235063869356,0.00125429424722029,0.0506968121637977,0.0937568834503907,0.00638620371864407
"spot_191",0.362352026614185,0.0146977637141485,0.178387402247415,0.0399881954104727,0.207793337516817,0.00122067402274757,0.0582894048241666,0.134385715074846,0.00288548057520126
"spot_192",0.290461625966398,0.047495009834677,0.27420832679521,0.0668498228634933,0.106181800636212,0.000288945360762861,0.107252431448664,0.106777636130754,0.000484400963828255
"spot_193",0.514557292674621,0.0120622095680374,0.0237471121625216,0.00875058048011752,0.297756335883162,0.00188490469678843,0.0360082125941604,0.0992162581537178,0.00601709378687334
"spot_194",0.0497975377926359,0.170000400795854,0.241413902248512,0.0478676150159741,0.07318737687489,0.000720525615748706,0.146347729968458,0.269987803033694,0.000677108654232949
"spot_195",0.0181879936659135,0.0145112281468323,0.0449834199103011,0.013228308922383,0.0174013608182018,0.00111921943833781,0.102181388701153,0.787268637927614,0.00111844246926413
"spot_196",0.031302490130684,0.0150641944620314,0.0297459730155282,0.0201671642162463,0.0207727889602254,0.00130976104443097,0.120471540238395,0.756797915692356,0.00436817224010278
"spot_197",0.0700403688098121,0.174591890205314,0.0379823903792574,0.0311167613723936,0.0245876765881337,0.000736492299956938,0.025216855070156,0.635408415623415,0.000319149651561802
"spot_198",0.0516288097370526,0.0448556514054079,0.570517942813866,0.0573983325771733,0.0725264448194292,0.000728092451666784,0.0862879816887381,0.115329169271538,0.000727575235128629
"spot_199",0.0523535120563626,0.0852387487786108,0.362228613919842,0.0399458132828041,0.19544628752514,0.00281027469654622,0.0628274619795702,0.0203485756267828,0.178800712134341
"spot_200",0.0620031975403919,0.11145306365279,0.614362256334525,0.0103473911112283,0.0233249759135976,2.48643025125868e-05,0.0487722384143009,0.129706675754604,5.336976049038e-06
"spot_201",0.0296591827736912,0.025835824914949,0.505706851987533,0.0914628744636884,0.0783439492881153,0.00572254732569896,0.148711440293709,0.0612675188255772,0.0532898101270377
"spot_202",0.0601044450906793,0.0666249220574571,0.550486166854565,0.0720664569758835,0.0861485836113999,0.000216213361936688,0.0736304640243215,0.090576915460836,0.000145832562920606
"spot_203",0.0760608797519934,0.093393208349182,0.506903782987948,0.0606445393038434,0.0885885945612971,0.000337657735198931,0.131970559327068,0.041486156625887,0.000614621357582181
"spot_205",0.00506173319912373,0.0754621440261376,0.684023305306554,0.0904152695897314,0.0956452681786622,0.00884361592709508,0.0215231574486415,0.0188307335716016,0.000194772752453343
"spot_206",0.00289989393052627,0.00697822816685245,0.714259560497224,0.0659875608303337,0.0382847589911461,0.000536604582823593,0.0468245104756974,0.124153183008488,7.56995169081459e-05
"spot_207",0.0402508042537658,0.117620891639882,0.515079893127746,0.0630525542861435,0.0969705725732947,0.000309751126103437,0.0795894039580936,0.0869226340835829,0.000203494951388045
"spot_208",0.0870102365435579,0.0741623449300224,0.472399777391151,0.0690752095339802,0.0792486168749082,0.000347219698263276,0.0821588138973162,0.134527723854301,0.0010700572765
"spot_209",0.0115721735474351,0.311222196261186,0.386701500840176,0.0388884459982851,0.0367887307800146,0.0298392227703267,0.020999883979403,0.163780206699915,0.000207639123259269
"spot_210",0.0776980917914029,0.0828425580300058,0.467639026782297,0.0776676784188226,0.0922613338924818,0.000134647853528621,0.16982352760361,0.0318422938849996,9.08417428516284e-05
"spot_211",0.0331696703515654,0.0705260632263109,0.546674154742937,0.071769870846263,0.068071709819486,0.00160007127037843,0.119166453881398,0.0877541756220513,0.00126783023960969
"spot_212",0.0342742484957019,0.0608639508791194,0.515393645810359,0.079618292699234,0.0786075445462771,0.000419152162434199,0.128592987943943,0.101066139204069,0.00116403825886237
"spot_213",0.18161151333791,0.0453216067835068,0.433163268403077,0.0448088570452212,0.0621719857585075,0.000924650164889111,0.0557788978823359,0.174840334620972,0.00137888600358009
"spot_214",0.079048063506493,0.0465970795421178,0.590845125509605,0.0418672981910749,0.049750205519698,0.0021542050899574,0.103740894119517,0.0858899357420268,0.000107192779509825
"spot_215",0.0601943792347174,0.0499812920728748,0.614178694427389,0.0217879728393503,0.0762484235366945,8.2938032703857e-05,0.0977881826648574,0.0794302224271687,0.000307894764244351
"spot_216",0.0351504825219776,0.101134213801368,0.581985021758249,0.0417080724800477,0.0595209606946982,0.000328193227773799,0.0677580937715778,0.11237920766078,3.57540835282985e-05
"spot_217",0.0452463532634129,0.0466892960540113,0.595210370244214,0.0544968165371298,0.0344704072734125,0.000332410288166278,0.087880451861482,0.135611203393189,6.26910849826842e-05
"spot_218",0.641064123810127,0.00665779585595915,0.00649693460782398,0.0186874295465971,0.154747880118189,0.00146194566335265,0.107673711650164,0.0553006989689034,0.00790947977888367
"spot_219",0.437439870709777,0.0176671149708262,0.108097075231373,0.0281094328993048,0.226835542845007,0.000335689435713038,0.0853018288289394,0.0944451734105838,0.00176827166847635
"spot_220",0.50626257025279,0.0147399977238736,0.0037335239282435,0.0798332840239285,0.295088708480041,0.00315762610684681,0.0604524184437441,0.0331179228752619,0.0036139481652703
"spot_221",0.35647205634352,0.00927660181181985,0.00468069504188561,0.0724563276734131,0.484464202169046,0.000296355816826607,0.0241668512044514,0.0397568255412299,0.0084300843978079
"spot_222",0.315688317859869,0.0767423605640727,0.25311740194394,0.0294781956331268,0.179820044258342,0.000866379421247379,0.105086894297085,0.0327335811212544,0.00646682490106269
"spot_223",0.326656027237138,0.113173831121318,0.264544674566,0.107690256973924,0.0533548401258822,9.11906971030705e-05,0.0906406378102712,0.0438124326465536,3.61088218096619e-05
"spot_224",0.396857894746599,0.00816854485654107,0.00433024776726502,0.0384503613923722,0.300932735101189,0.000645135516154836,0.119823135010674,0.128705050842712,0.00208689476649257
"spot_225",0.097003734391599,0.182372225234783,0.0462075702237627,0.00329325173570141,0.0345643102603742,0.00503746707698417,0.000107543996348277,0.629757475177421,0.00165642190302634
"spot_226",0.106536311811924,0.388568110525917,0.0664367860773641,0.01416936708151,0.052371976185332,0.00110831713777562,0.0759031054576962,0.294434432593156,0.000471593129324863
"spot_227",0.0508544852490222,0.0624092208784285,0.0229750031009968,0.0217032984694079,0.0686766218978269,0.00290516246751493,0.0658759538761304,0.699413245146462,0.00518700891421041
"spot_228",0.0895900840403247,0.101973957520551,0.00447185822630232,0.0145652545707577,0.0911707697092285,0.00223045691573104,0.133184622897104,0.536746194396376,0.0260668017236256
"spot_229",0.0415821315282828,0.183541094499836,0.047900865663576,0.043529240370652,0.0550271197483366,0.00081877460918859,0.0956276883014059,0.53064170032099,0.00133138495773265
"spot_230",0.0459875606673158,0.0173891983543288,0.643523583103998,0.0109899477501547,0.0150678089706815,8.54360434805337e-06,0.0547258507505211,0.212307351906299,1.54892352429446e-07
"spot_231",0.0558425670420291,0.0622385756745629,0.593299053815794,0.0762234958256528,0.0399047805287795,0.000656455933247459,0.0993608598843087,0.0722313766181974,0.000242834677427697
"spot_232",0.0925935187333497,0.0899494854156672,0.534424269488916,0.0438990097766995,0.0614788060078553,9.56903940405039e-05,0.0979945861894312,0.0795090390224256,5.55949716150311e-05
"spot_233",0.0169970421118831,0.0311004574481757,0.531047940306139,0.020639521485625,0.0847981374937004,0.000175570798743223,0.0763567462158735,0.238826407273166,5.81768666939884e-05
"spot_234",0.0460744306277416,0.0660237038965176,0.570458621236929,0.0363245164887371,0.079761618525142,0.00035266571071658,0.094282201470212,0.106562625855373,0.000159616188630205
"spot_235",0.0571566608722472,0.0242088464428188,0.639648040784942,0.000558501807681876,0.0891935937264282,7.84050715447345e-08,0.11597715634094,0.073237516703705,1.96049161651177e-05
"spot_236",0.0505385536649898,0.0970638388530689,0.468564161419032,0.12374186547028,0.0752611105468262,0.000744207319387859,0.0764146585049635,0.10731582363841,0.000355780583041826
"spot_237",0.0482485440512368,0.117518646751524,0.494434230731935,0.0737128928298501,0.0785931856187781,0.000334102528045027,0.118372341966984,0.0677814702595503,0.00100458526209676
"spot_238",0.060269741465078,0.0187093964692396,0.561545281174571,0.0204451105963933,0.0933571879689297,0.000578608347853974,0.0946503220382574,0.149581747607911,0.000862604331766571
"spot_239",0.0753533201696202,0.0697180313285167,0.32689491687263,0.00674705610289754,0.0435085451472039,0.000345229337577262,0.0900771012207484,0.387010166149594,0.000345633671211592
"spot_240",0.0207300362904542,0.0137584849493092,0.0315330899971519,0.0200409602724419,0.0255616292976491,0.0033303182536939,0.143552575497736,0.739246393903557,0.00224651153800723
"spot_241",0.0327190859004254,0.0188229502420326,0.593918474937234,0.0584451196413249,0.0559193239614611,0.00202459196954812,0.110172067363213,0.127392162328234,0.000586223656527049
"spot_242",0.0600339038465083,0.0727276833580991,0.551847865328864,0.0330081700161889,0.0518984868705622,0.000780199711628166,0.128312623890252,0.100708535625015,0.000682531352882875
"spot_243",0.0372963270656944,0.0331181204592166,0.620930044937805,0.0332606718698875,0.0562894793762593,0.00203580431429289,0.0949496059409945,0.121095301118882,0.00102464491696735
"spot_244",0.0624685955828991,0.101902743311948,0.512980199404674,0.0768721892280136,0.0702633558945742,0.00117214890366028,0.0882221462081167,0.085536203505926,0.000582417960188768
"spot_245",0.05080688532601,0.0539429095501846,0.532463304875219,0.0655001294058509,0.0905323097361548,0.00329990691788765,0.063582972240621,0.137953881193123,0.00191770075494839
"spot_246",0.168362539700762,0.0890677887971701,0.418232534639415,0.0524514265927759,0.0816921461212043,0.000542210690683758,0.0808224899373574,0.108667762016333,0.000161101504299369
"spot_247",0.135901478813121,0.0962874844344571,0.487361773262231,0.0298012393275735,0.0581327599873461,0.000104948801582493,0.144941342822322,0.0467573822202693,0.000711590331096576
"spot_248",0.034646480921657,0.093301968755126,0.546137980541725,0.055231807280752,0.0655968712893228,0.000626542419339553,0.130561136974341,0.0736877038252093,0.000209507992527625
"spot_249",0.693953688679702,0.00864811265658907,0.00708929909036867,0.0223617127724729,0.0644944975638216,0.00255136156334032,0.111939442400718,0.0875651899615759,0.00139669531141121
"spot_250",0.411284929629253,0.0293433779054908,0.248189962962156,0.0241103688930638,0.0770575375396145,0.00163066759125491,0.102397899208287,0.10483143704035,0.00115381923052993
"spot_251",0.488612914338245,0.0105852410387064,0.00608883724201533,0.0483279188708792,0.294015631210588,0.000896713476264626,0.0627717940975796,0.0854962790493477,0.00320467067637377
"spot_252",0.460791577966711,0.0276998264009568,0.0534242178205794,0.0527752706446955,0.270502273852249,0.000895453997320027,0.0840652921302956,0.0339670545776859,0.0158790326095067
"spot_253",0.442375893606961,0.00430716519796652,0.0040739782877314,0.0147803349382014,0.420363914377365,0.0025275165690075,0.0850236556223623,0.0168944919440618,0.00965304945634333
"spot_254",0.510583647894911,0.0646935428430455,0.0285414141355332,0.0708929563076859,0.156121519252904,0.00126899118159924,0.126507647244618,0.0409260421886366,0.000464238951067315
"spot_255",0.339947730036802,0.0126723394617664,0.0195634653435356,0.0437308896449976,0.156703920417541,0.000562155016231561,0.0588247782231541,0.366939689600717,0.00105503225525471
"spot_256",0.0338102802160959,0.173986167876984,0.0199483808990783,0.14621174713733,0.0235312576050423,0.00165926720274772,0.322790343289352,0.27757516387098,0.000487391902389273
"spot_258",0.0678169604990095,0.111535796356798,0.0635057416949265,0.0409403414033579,0.0281379152845629,0.000664486912490054,0.0817574779652094,0.60521239832847,0.000428881555175755
"spot_259",0.153489506764355,0.102589599823434,0.00358406864164231,0.031887652394729,0.0409727843770863,0.00464043178480064,0.123945674237218,0.532482984667916,0.00640729730881876
"spot_260",0.0637665335796148,0.144462132536979,0.00952082969707692,0.0853796074472875,0.0414215308902017,0.00168897978352799,0.272627653990021,0.379413545516374,0.00171918655891771
"spot_261",0.079042377721949,0.147319793870578,0.0858819419249885,0.0165306137385195,0.0339086981264851,0.00137264441980975,0.0943759980721484,0.540161614277905,0.00140631784761653
"spot_262",0.0288741293372871,0.02001180850947,0.261483830497921,0.00988624342784674,0.0217178393934838,0.00778087776382715,0.000350449568430291,0.649093466760249,0.000801354741484825
"spot_263",0.0352072024927363,0.0107371135196288,0.243873261652681,0.0197682294950298,0.110223496410642,0.00422518267504276,0.199749817905847,0.225798506802915,0.150417189045476
"spot_264",0.0278909735632776,0.0750496122520042,0.555746202827747,0.093443916925011,0.0592689235764793,0.000653048987305609,0.0806675294329968,0.106308955196578,0.000970837238601006
"spot_265",0.251416779767302,0.0804312264551192,0.455017460974254,0.000945715398944502,0.03402571538707,5.36320367874044e-06,0.171180776297533,0.00697694629698175,1.6219116504121e-08
"spot_266",0.0979947745950002,0.0446691677144925,0.571994832067645,0.0153460218991765,0.0518988214389603,0.00101856481762025,0.130979345463438,0.0858645880925335,0.000233883911133243
"spot_267",0.0703797107704587,0.0640625308565531,0.51594431784792,0.0900490683174998,0.0797232085540335,0.000258885438581942,0.132559471105085,0.0469448177208204,7.79893890481874e-05
"spot_268",0.0136783110979318,0.251571247333556,0.488015014669599,0.093708344710819,0.00338506290298333,0.00188877860581082,0.0943665800195028,0.0533795068932791,7.15376651853439e-06
"spot_269",0.0641554020929577,0.000501854540909401,0.00199974746281141,0.062548618919575,0.470369623094754,0.00477316417263546,0.0776068642317057,0.270602646176386,0.0474420793082651
"spot_270",0.0528151425311856,0.13942726098091,0.00787993842067918,0.0283770633970979,0.0274600523091457,0.000566350274880392,0.372398662039879,0.370604866833992,0.00047066321222934
"spot_271",0.0391922587774063,0.00758330495873475,0.00231892668162643,0.0124508321165974,0.0135372273861899,0.000603806884208638,0.13997712648833,0.780006065035857,0.00433045167105013
"spot_272",0.02638463120361,0.0680917207315928,0.540701277842541,0.051954325046689,0.0928017105000676,0.00267295732003631,0.0777518610354401,0.138551025856786,0.00109049046323752
"spot_273",0.0244696348842609,0.0269663336232046,0.562905055069448,0.0470699440616755,0.0754240993375482,0.000471097611611813,0.142213826482617,0.119798971022453,0.000681037907180599
"spot_274",0.106278978586078,0.177410733119567,0.422237143432208,0.107963286409689,0.0701562186808317,0.000299738013844431,0.0987474257539182,0.0168605552910019,4.59207128607964e-05
"spot_275",0.0305048354830073,0.0449855363843652,0.520628418232692,0.07541328801866,0.091681886626559,0.00222097369551457,0.0965286561160909,0.134986457902988,0.00304994754012359
"spot_276",0.078793929216295,0.0536264598791692,0.514541727284886,0.0640916668250861,0.0697112472870172,0.00383257914063098,0.0963695376978338,0.114210978396129,0.00482187427295268
"spot_277",0.0500867189768507,0.0730121723138399,0.525871790887788,0.0279375346458732,0.0710931018633064,0.00236850747733977,0.054478814910195,0.194427295187613,0.000724063737194452
"spot_278",0.0647626711538831,0.0354594616932228,0.535219458140793,0.0285047392791434,0.0857720246794268,0.000357454296009561,0.111816833447979,0.137484750623623,0.000622606685919236
"spot_279",0.0353110375121767,0.0381359028466682,0.555372788800778,0.0548886540249253,0.0850241763981478,0.00441964361197042,0.0786222188059222,0.146652779412889,0.0015727985865224
"spot_280",0.473142944021699,0.014773303764094,0.039392240370123,0.0319805121940297,0.311373341420757,0.00068207173765533,0.102430857549897,0.0241217891217395,0.00210293982000606
"spot_281",0.201320150972298,0.03134923425473,0.235174875810803,0.134021101243093,0.196173681388613,0.0037304196691999,0.0655410302727364,0.1097986701328,0.0228908362557261
"spot_282",0.4747727047386,0.00982132961736759,0.112757231842213,0.04224545782727,0.190870024181996,0.000520993325505355,0.0975913988884267,0.0690334250368398,0.00238743454178172
"spot_283",0.784086564265786,0.00881448093881547,0.00519835222104467,0.010606178766113,0.0556769595699218,0.00161826609838246,0.0887312083253752,0.044316154521004,0.000951835293557718
"spot_284",0.459920073843424,0.0241430201930758,0.0946247421995711,0.0573750069721712,0.204327727372752,0.00045337645384843,0.0778176650500765,0.0801774618194653,0.00116092609561528
"spot_285",0.474614420831799,0.0155891971204184,0.00985908260221929,0.0721737561998242,0.316474305278296,5.75605585320142e-05,0.0823248552090131,0.0285531500203978,0.000353672179499799
"spot_286",0.0349832138347829,0.0612197150378058,0.0126270456023065,0.0430562730390596,0.0285530543676135,0.00264268513455131,0.139724329921219,0.672664347105585,0.00452933595707627
"spot_287",0.0358754816785037,0.13066542321513,0.0397782333082532,0.202540108918323,0.0677341135049463,0.00198816926769925,0.0410879530803259,0.479400450419783,0.000930066607035378
"spot_288",0.0559523116419886,0.0864476796517555,0.0674567560007269,0.0274250087423494,0.0408837512472515,0.00312713610260766,0.00507805778473286,0.71121831008473,0.00241098874385756
"spot_289",0.0609220246691928,0.113452938537421,0.0575707301929956,0.0552903084152409,0.154775357766704,0.0129290999643954,0.0175312852404369,0.401994569547678,0.125533685665936
"spot_290",0.0249959715272586,0.0361763025636473,0.00466205821770661,0.0411157364188532,0.045949577091034,0.00313778026419475,0.17970820709079,0.661561348931586,0.00269301789492906
"spot_291",0.0334281074578228,0.0017605636467669,5.43031199963178e-05,0.0228818729596365,0.0352412851105851,0.000553027287924611,0.36264863472963,0.539576057495359,0.00385614819227852
"spot_292",0.0434702629044607,0.0593955485000779,0.0234145812382719,0.0252201100174608,0.0339791816276783,0.0018073857323525,0.140366704875635,0.6697109636314,0.00263526147266347
"spot_293",0.0448213127554697,0.0613945631459214,0.00467389963984912,0.0417352269691899,0.0439472143353421,0.00304193297974757,0.191459225620122,0.606856997422132,0.00206962713222596
"spot_294",0.037679595679665,0.101247801290363,0.113066507850987,0.0313064144571449,0.0234809352619202,0.000512514924178225,0.025301802466487,0.666704150837468,0.000700277231786352
"spot_295",0.0560761643980922,0.121379421992494,0.118880462904727,0.0370538498064488,0.0391259785355462,0.00181125654408072,0.202532960758242,0.422685429576875,0.000454475483494146
"spot_296",0.0829661687795357,0.17542733193265,0.127636921253112,0.00706048214377319,0.0394970497515633,0.00927080655569798,0.00016703848755266,0.557490793045033,0.00048340805108219
"spot_297",0.0133805569332208,0.000298033159523503,4.43975332443586e-05,0.0123523498373873,0.47765698343924,0.000397922887464842,0.119559400873303,0.354728005602448,0.0215823497341677
"spot_298",0.0108969100329775,0.115368551575703,0.12364945097687,0.0422934445484779,0.276893298161304,0.00080769075982889,0.232003618203899,0.192278597787723,0.00580843795321627
"spot_299",0.0911658314915685,0.272626660368674,0.0551590245507945,0.0873868676825754,0.0488587284970753,0.000817869580386749,0.108509851029573,0.335089241156029,0.00038592564332386
"spot_300",0.0506171957619181,0.207342771227057,0.0158053220656341,0.0631561867399171,0.029827379431584,0.00185212426697989,0.177714630433192,0.453496696054665,0.000187694019051965
"spot_301",0.0436985224197331,0.010676157158763,0.0131609123157929,0.0203012751048653,0.044682226062688,0.00173888870152781,0.0861854709852786,0.774719651299395,0.00483689595195622
"spot_302",0.0704535179464399,0.304417381864697,0.0943190800964763,0.115132292581514,0.0045415406604768,0.00431130086106919,0.00537219793800729,0.400677860281427,0.000774827769892369
"spot_303",0.0306228655052839,0.16911146821845,0.462034004239749,0.0533735708978928,0.0298650835884107,0.000781261744805125,0.0619374005494891,0.192250806089092,2.35391668277155e-05
"spot_304",0.0195150698980237,0.0274935321625305,0.602530267459926,0.0135947611654598,0.0875811704175682,0.000388708822084913,0.0647508452062004,0.183834827528905,0.000310817339301913
"spot_305",0.0576833691284804,0.0892516353744887,0.560230836308238,0.0520417702179365,0.0890094242952008,7.51127307686464e-05,0.0797643027156802,0.071786098626693,0.000157450602513955
"spot_306",0.0365797236492886,0.131365314712345,0.473570461090241,0.067302623054609,0.0728730306974698,0.000289884046685933,0.0858565502092646,0.131727444595067,0.000434967945029063
"spot_307",0.0633892416658107,0.151453896653532,0.478780316150883,0.0200597344306627,0.0684922719731386,0.0015701231357199,0.0823587217554535,0.133518879217305,0.000376815017494286
"spot_308",0.0525294910751075,0.0834036526935396,0.537200471362751,0.0879852610848828,0.0575037110617452,0.000724191317190141,0.083587454837454,0.0961810940282125,0.000884672539116826
"spot_309",0.0884506355292595,0.0763886025141715,0.527647448304072,0.030636092144396,0.0950312926790129,0.000364841495940054,0.0478224291673076,0.133507722658035,0.000150935507805712
"spot_310",0.0506311067131493,0.0401785651500128,0.532878929345583,0.0814010916648303,0.0521228704652147,0.000150171217930199,0.0535276729329254,0.187902367542523,0.00120722496783138
"spot_311",0.59195973783257,0.00268292522571163,0.0035726966755535,0.0319990403990617,0.27358033820534,0.00566581801870053,0.0572471138935632,0.0194171096893939,0.0138752200601057
"spot_312",0.710123310970687,0.027376126985669,0.0226794855918483,0.046040820969705,0.0438251869878469,0.000145665282349808,0.0645573219203502,0.0849212961482157,0.000330785143327612
"spot_313",0.00514633098116344,0.00997902130970083,0.087537413380002,0.067419717730902,0.735919626347444,0.00110649858522102,0.0198266685780677,0.0403089759755841,0.0327557471119145
"spot_314",0.452250404818246,0.00393036532281284,0.0048244273954225,0.0111633622753068,0.408202449346683,0.00114363005997237,0.0555563029980835,0.0516312000071424,0.0112978577763309
"spot_315",0.014239424845459,0.0110652877716603,0.6490106544022,0.0412057828272036,0.0949852018135373,0.00128404267242203,0.0404496037205114,0.147331765342813,0.000428236604192791
"spot_316",0.388352806800525,0.0328250296663784,0.0476884095775212,0.0460327930281952,0.352129198950747,0.00410315419751829,0.0580446337758702,0.0680774868487818,0.00274648715446248
"spot_317",0.0222488749904541,0.00182801906503613,2.63366861797991e-05,0.0251212638286462,0.0366311087805987,0.000658727547693374,0.388958900201566,0.522444477555259,0.00208229134456647
"spot_318",0.18631634299697,0.110910729483989,0.00542497890906619,0.0344202291755835,0.0483304403843085,8.59060732020715e-05,0.381154795386117,0.232677515184295,0.000679062406469623
"spot_319",0.0534076688598674,0.0878213720523566,0.0229663170324516,0.0801919025718775,0.0287443022345646,0.00325840123476649,0.116422272307233,0.605461324471389,0.00172643923549369
"spot_320",0.0809071661381106,0.225249854800161,0.0419144297905863,0.0291274830542957,0.0354997110767987,0.0012032285202631,0.0896278843850409,0.49534317470811,0.00112706752663387
"spot_321",0.0586449434910467,0.225064157679193,0.0249511108994024,0.0330507108635522,0.0599620878065515,0.0044764894109827,0.122636156775335,0.465230639553636,0.00598370352030016
"spot_322",0.013830200227608,0.00100946831838118,0.000285039776894819,0.0567261591351878,0.0301689980378642,0.000324562283771103,0.528094501184257,0.368336644228095,0.00122442680794084
"spot_323",0.0484664568568697,0.0445041276618039,0.00272861278319134,0.029625054928875,0.0329859535083288,0.00129567317335536,0.239611168616271,0.597329397861199,0.00345355461010672
"spot_324",0.0220898370130481,0.000492438268881575,3.99430020359782e-06,0.0125898066009544,0.0469013922032465,0.000589355458644813,0.222042362175046,0.690425149741778,0.00486566423819697
"spot_325",0.032485252083384,0.00957266997946482,0.00210547020487174,0.0375991666203083,0.0388538020344757,0.00149343201784436,0.222863567666114,0.650535325487514,0.00449131390602299
"spot_326",0.0416853465156208,0.0716342018893523,0.0353608395835895,0.0324333966498296,0.0290585976548259,0.00344310855249586,0.443725173506287,0.342138057077648,0.000521278570351416
"spot_327",0.0139259768741207,0.00395274425004223,0.00425100351462254,0.0886414295812757,0.00285984816543357,0.00114799562976861,0.831264623435357,0.0533975573815847,0.000558821167794885
"spot_328",0.0172534489548422,0.00346066695852753,0.00253672405954342,0.11116805445503,0.113236970092424,0.0337417649982063,0.592396925038818,0.0857955783950821,0.0404098670475271
"spot_329",0.0250845797177517,0.00116836715104667,0.000407439287062781,0.0317771616123363,0.0199443636835114,6.99636349522609e-05,0.593191892115,0.327140338735572,0.00121589406276688
"spot_330",0.015558758016092,0.0051046382954233,0.00279146320450483,0.0429686427759119,0.0218905820520925,0.000718885153422532,0.816643073465915,0.0928751839084496,0.00144877312818829
"spot_331",0.034331816821532,0.137028788645093,0.142989771959379,0.0483540051262234,0.0424067200674651,0.00540607825825929,0.00345598179279556,0.584156560106541,0.0018702772227119
"spot_332",0.0449015871381948,0.0176887473873561,0.0255105169820743,0.012488121694351,0.0454135089786754,0.00150693734266959,0.128486375029952,0.721122984984533,0.00288122046219373
"spot_333",0.0530768565969089,0.0755387553417992,0.00871445350323293,0.0426200980125678,0.0274238637164483,0.00253401475513757,0.304762410145612,0.481210025529279,0.00411952239901452
"spot_334",0.0430368654142698,0.0823310807732622,0.275589480306974,0.0365716260730099,0.0827506839816789,0.000222729617061744,0.213932712800476,0.264976353572437,0.000588467460830166
"spot_335",0.0398699564685538,0.0496432966969267,0.570628151300201,0.0408524940663896,0.0930787629664145,0.00130585523026956,0.0813608927043563,0.122677800417781,0.00058279014910789
"spot_336",0.0770693276778546,0.0489733912691184,0.606621702122635,0.0292177978792455,0.0860751327039162,0.000451272180331698,0.0567075841341677,0.094859942827493,2.38492052376487e-05
"spot_337",0.0577407612452439,0.107253846827564,0.504962103503995,0.064251049653344,0.105344040061115,0.00112098463793815,0.0833320925351071,0.0759534838188392,4.16377168540424e-05
"spot_338",0.0348586569011637,0.0741982951458869,0.633827613459911,0.0265962768752862,0.0669308862111893,3.81310638999179e-06,0.0873466389493239,0.0762157620085075,2.20573423414762e-05
"spot_339",0.0211342951195032,0.0355677893941119,0.591320087225555,0.0538832058327377,0.0630419093400472,0.000433552134379079,0.100061055816614,0.13422891160418,0.000329193532872372
"spot_340",0.0523181671457444,0.0498115362800398,0.577355505065796,0.0820497224118901,0.0372249367500119,2.62157350269888e-05,0.103108147211759,0.098023555298975,8.22141007574148e-05
"spot_341",0.0890203782565839,0.0839813701662408,0.484332523750305,0.112064475469862,0.0581359516802362,0.00240347347418403,0.0602432618200766,0.109728195249336,9.03701331750272e-05
"spot_342",0.682279010441214,0.0113371390541811,0.00944122535510587,0.0712629490606794,0.118289999500166,1.4596316622229e-05,0.1043400434488,0.0029401821830271,9.48546402051533e-05
"spot_343",0.359936964485224,0.0169138129487244,0.0209506236853705,0.0782489984841059,0.400155274426596,0.000886206846231944,0.0750101052935604,0.0418550417970871,0.00604297203309962
"spot_344",0.526026281477209,0.0134637206849372,0.00607561329305377,0.128168089862187,0.175413610330829,0.00354367142965002,0.0892376610618718,0.0539271832130461,0.00414416864721591
"spot_345",0.538045077511984,0.0299312347512752,0.0659473659250208,0.0211368422480006,0.186690215830936,0.00156746513586314,0.0675433224231986,0.0870417616310267,0.00209671454269497
"spot_346",0.245713875851286,0.0206990729096375,0.136244460084649,0.0877969190296686,0.362248287347235,0.00090156372634268,0.0699387262113061,0.0686171751797369,0.0078399196601383
"spot_347",0.504829386985918,0.022219103852473,0.0806745698154793,0.0205519549101644,0.217305588648726,0.000664633722587227,0.045006941157227,0.107466710834871,0.00128111007255445
"spot_348",0.0695165456706408,0.171500097486343,0.0035177518333173,0.167729453940173,0.0320243742795228,0.00086970678194621,0.239098337907336,0.3148500219501,0.000893710150621928
"spot_349",0.00521523883577993,0.000462363878220035,0.00279001166951336,0.0647740995096738,0.802375678898112,1.88114524189612e-05,0.0711415296191625,0.00389603115423643,0.0493262349828832
"spot_350",0.0860490277052108,0.0905822404989964,0.000387272494114752,0.0481493204586861,0.0298563034195551,0.00192912982515824,0.216778444584313,0.522519757877441,0.00374850313652565
"spot_351",0.043086715460191,0.0215746703519999,0.0160725515558157,0.00485225370487855,0.0259050845397216,0.000868960965310026,0.0245780641932022,0.859107201352068,0.00395449787681328
"spot_352",0.0662408505480991,0.0630787948057989,0.0264286732368633,0.0363191442768295,0.0913741975206836,0.0144047823691023,0.128988811560935,0.533723827913975,0.0394409177677133
"spot_353",0.0508875490122001,0.0928042605870884,0.00872440433780844,0.0620835000054018,0.0519220657712624,0.0030270491248701,0.0782156607504009,0.651870500301715,0.000465010109253511
"spot_354",0.0368696971191607,0.0696937682203635,0.0494271587572511,0.0358218712935648,0.0369369470319618,0.00362853394418853,0.0636788993788187,0.700498905583367,0.00344421867132362
"spot_355",0.0176659995625898,0.144740765167296,0.132843134175049,0.0016051957960882,0.0376477515350005,0.000430760129155074,6.51329338989119e-05,0.664813295029834,0.0001879656710878
"spot_356",0.0932708271259511,0.127509108564379,0.0333130189965056,0.0275557608902405,0.0619469229469182,0.0375403796522894,0.0823793933617687,0.48480627479695,0.0516783136649975
"spot_357",0.0757511327218899,0.0166463449256067,0.0430205574449015,0.129482669027192,0.11925630307937,0.0592017226197015,0.474887034367416,0.0658243175099416,0.0159299183039812
"spot_358",0.0679257522959983,0.0550095798034849,0.48468650831992,0.0359604335661912,0.108541707245018,0.0328428516750397,0.0968340201204324,0.104520318022999,0.0136788289509168
"spot_359",0.0657547904245302,0.0307128759006262,0.253590186792943,0.0742323318347047,0.258250837371196,0.0327955102943212,0.212934751688213,0.0327234515989078,0.0390052640945577
"spot_360",0.0712417381456496,0.149320699877591,0.552174174467934,0.068028021948662,0.0525649386298657,3.04219995007359e-05,0.0711214326056554,0.0354938040577172,2.47682674249701e-05
"spot_361",0.0297356083144471,0.062372732193636,0.305158940705131,0.0921332715945085,0.1018469354932,0.0770131909854125,0.250042660383828,0.0648943516254239,0.0168023087044129
"spot_362",0.00353738749284286,0.00324572054734848,0.00230836055066719,0.0525173420312032,0.00108276320376571,0.000270995860332365,0.902096617062963,0.0348822106356064,5.86026152710847e-05
"spot_363",0.0376663200149825,0.14203691662795,0.0444920259002468,0.125817689536791,0.0709739202490971,0.0095219657479561,0.207933596273685,0.327302108631389,0.0342554570179022
"spot_364",0.0359588569057102,0.111173965506413,0.0306533760115421,0.0211260379054872,0.0329893341180104,0.00234758269450934,0.189604710830933,0.573522708083384,0.0026234279440113
"spot_365",0.0697264888101171,0.116771995690238,0.0432884345719829,0.0351068817987099,0.0318103963772003,0.000536051785376954,0.197497925101778,0.503552842541443,0.00170898332315334
"spot_366",0.0537786737587888,0.148897760683358,0.371504409569353,0.0700106044700902,0.115592047236346,0.0089330159756412,0.030542755995143,0.178689964239631,0.0220507680716499
"spot_367",0.0505183580252537,0.0654675875055589,0.556369376819537,0.0674573393356406,0.0580579933875055,0.00014910989162286,0.109021787299526,0.0928639131228534,9.45346125018753e-05
"spot_368",0.0818125090879424,0.0628773710361937,0.542647075455666,0.0205531541402659,0.08936712163729,0.00128565821311876,0.101409167975749,0.0995297307811043,0.000518211672670009
"spot_369",0.0441078147661601,0.0848064425334281,0.539233216583748,0.0758228146543663,0.064853811653422,0.000354319692025021,0.0917631144296409,0.0987281872275192,0.00033027845969095
"spot_370",0.0497872498277202,0.10387353405439,0.533866953029556,0.0301280831480614,0.0874887118706812,0.000306618304413671,0.144555377641894,0.0491409941618773,0.000852477961406035
"spot_371",0.0471594251118282,0.0533941521914885,0.554223829984974,0.0803261163783091,0.068586282478801,0.000457784915519506,0.106721646187562,0.0872287724979779,0.00190199025353971
"spot_372",0.0448292779115503,0.0970333524735271,0.520773289786945,0.0291102682055324,0.0500998625221257,0.00208429343634362,0.103878553393384,0.151669854866377,0.000521247404214551
"spot_373",0.0295582324555023,0.102722905579482,0.313804123861837,0.0299729991483509,0.415290419207457,2.40651826531262e-05,0.0768679936262495,0.0247187298329519,0.00704053110551645
"spot_374",0.285430038028058,0.0221809584047853,0.173328150859992,0.0283344893014327,0.256478877892483,0.00584002975618135,0.119645672984605,0.0745740991714376,0.0341876836010245
"spot_375",0.362098829846955,0.0188988714161046,0.0775158654002532,0.0785580265358002,0.309837834502496,0.000712371699148923,0.0643343078051958,0.0852611739252054,0.00278271886884068
"spot_376",0.6160807676912,0.0083768172892057,0.00648546177299103,0.0343126325830622,0.207659206781793,0.00163530317101444,0.0594688227344928,0.0614711809746065,0.00450980700163351
"spot_377",0.500954026942797,0.0152346687610769,0.1083069560638,0.0191942536578842,0.134504517585651,0.00223159245184837,0.0517405599660521,0.163430120060536,0.00440330451035321
"spot_378",0.569964871706372,0.0173785647088399,0.00684256105365227,0.0105613371180294,0.225859706730791,0.000542366465552483,0.0549838943596718,0.112573876734517,0.00129282112257435
"spot_379",0.0138316416706568,0.000544272630091582,0.00370682628689671,0.11477885244651,0.768982181191034,0.00034897645160515,0.0235759452598422,0.0231687884963004,0.051062515567064
"spot_380",0.0278036824102459,0.00395417590118361,0.0152484891062658,0.0955239519907826,0.55094791195628,0.00297502506721314,0.176057764786328,0.0410849768436394,0.0864040219380607
"spot_381",0.0872519627030721,0.0883640848702162,0.0137754600505918,0.0479552960807695,0.0505079539414255,0.00674885907167889,0.130936551525028,0.548471957527015,0.0259878742302031
"spot_382",0.0444040227528546,0.0674388374903863,0.034878507210496,0.079150665864072,0.0226704241209629,0.00128932527775713,0.142486393368011,0.606301949536868,0.00137987437859182
"spot_383",0.0498191361138376,0.144958149303652,0.0228317232734459,0.0112395396142684,0.0531589549214093,0.00114207705857458,0.00477157698982676,0.70937063432418,0.00270820840080514
"spot_384",0.0353819826168793,0.0867999250430673,0.0539400820421902,0.0119153664672068,0.0127832032133182,0.000208400205854386,0.224890777180972,0.572532659653296,0.00154760357721632
"spot_385",0.0448582382105314,0.159834296571855,0.0538982642252035,0.0246994757528367,0.0355958827808367,0.000664448954861843,0.121737906721561,0.557239207328779,0.00147227945353502
"spot_386",0.0418909101568879,0.190150081239246,0.016605519011406,0.053754236545059,0.0883088534324297,0.0218076541631713,0.175643926330994,0.33861066132403,0.0732281577967762
"spot_387",0.0186267904150701,0.0189801611292621,0.00965786083807782,0.0146609616781871,0.130180147166565,0.206210945027404,0.560163755835557,0.0305939089686808,0.0109254689411964
"spot_388",0.0197223804773152,0.072242859141146,0.301766603441692,0.0837798608181433,0.0347978541176788,0.00173674894907495,0.418358891717172,0.0669598214298969,0.000634979907880832
"spot_389",0.0928791372730886,0.189336958376936,0.518297751691357,0.0269631599911773,0.0374484654441717,3.34844044508566e-05,0.0776439051332703,0.0573398672064739,5.72704790752077e-05
"spot_390",0.0197579860429524,0.0395606634170592,0.578653614603043,0.0454252971753906,0.0742878963711526,0.00256649453604905,0.0161364863584022,0.223353944740672,0.000257616755278164
"spot_391",0.02629074439221,0.0391174319971366,0.599231500234428,0.0458827886320763,0.0745167970677079,0.000887351441241516,0.0652734226588876,0.148117646192865,0.000682317383447855
"spot_392",0.0663443239667139,0.0569334628018995,0.468475269311777,0.036464085212316,0.1824941857184,0.00053947310006395,0.107771828998095,0.0797313136625865,0.00124605722814863
"spot_393",0.0532577670858527,0.0555524301346587,0.533647939860078,0.047803014278967,0.0763572908077689,0.000343255198538135,0.0964438887234449,0.136420221522222,0.000174192388470192
"spot_394",0.177866785627604,0.0547304977085392,0.174229272076074,0.107978720856108,0.108884410691346,0.03931155609762,0.302527018419053,0.0236092691722462,0.0108624693514096
"spot_395",0.0811628016966893,0.295496792861841,0.079938279204565,0.0433761735227364,0.118598394212642,0.00544196222120409,0.025063225859603,0.291157225115547,0.0597651453051723
"spot_396",0.0460828594391629,0.124885078107154,0.00579434186183477,0.0225516032351871,0.0853463327483351,0.00279653281211,0.273381701220219,0.404790465286959,0.0343710852890379
"spot_397",0.0176228282271415,0.243941124434008,0.0572591168010415,0.0764217609653624,0.270133342390591,0.0115574651425945,0.0719415032093904,0.1014727308691,0.149650127960772
"spot_398",0.0281731379584244,0.0255223982262848,0.375716601484026,0.0747278939112909,0.190539292227599,0.0048708244657318,0.0434132650932341,0.0959049156030223,0.161131671030386
"spot_399",0.0752414987014409,0.112916004048961,0.506792807677332,0.0682671054752598,0.0731616023464537,0.000162711813018866,0.0999159238341472,0.0633453329506104,0.000197013152775882
"spot_400",0.0527722678426902,0.0943885872001636,0.489314313530638,0.0896993460039307,0.0855604196639298,0.000454728691172054,0.0883773463985684,0.0987866121347906,0.000646378534116592
"spot_401",0.040116309117846,0.037780129165767,0.542363583349403,0.0490053369276633,0.126789886932418,0.000276899382744304,0.100179474093685,0.102632629972494,0.000855751057980548
"spot_402",0.0726402943472211,0.207152296163865,0.461585382710012,0.0530961596870013,0.040448175095342,4.07704257574572e-05,0.0819972537597286,0.0830357978531374,3.86995793584191e-06
"spot_403",0.0527244458304324,0.0813096490084016,0.509532528326958,0.093384713733243,0.0728759727425795,0.00028970804547526,0.102208995973682,0.0875439955969536,0.000129990742274871
"spot_404",0.364320477144874,0.018247461418169,0.219514001685343,0.199256929131224,0.0442058777787852,0.00205124673633141,0.0545360066610106,0.0960068226259683,0.00186117681829391
"spot_405",0.289651901830617,0.007086800301988,0.00507353551283028,0.414804249500978,0.143910963055349,0.00283585176954468,0.083778124651915,0.0495253394513914,0.0033332339253864
"spot_406",0.00151906749698351,0.000350712418251321,0.000671977197420142,0.882561098345978,0.0561712757877766,0.000393853277291565,0.0540689767734413,0.000989497449174442,0.00327354125368327
"spot_407",0.0195892208510228,0.00381608513055871,0.0331595956008569,0.618931890364359,0.0541604086299209,0.00149291162692743,0.00181610459380958,0.243785455306356,0.0232483278961887
"spot_408",0.0209949990586679,0.00200994288066196,0.00736461887006892,0.126284412735448,0.0101348925354626,0.000140746513482183,0.745533737077324,0.0871453884374554,0.000391261891429555
"spot_409",0.0163806137862264,0.000978013396852482,0.00271142361168913,0.0361145307984624,0.450384714025269,0.00100475335734511,0.397847793966717,0.04910870382264,0.0454694532347994
"spot_410",0.0265842178008872,0.000634269664998117,0.00672597731917896,0.0513407301638007,0.858989704355981,0.000118414979011825,0.0171874741145693,0.0241313905611552,0.014287821040418
"spot_411",0.00728126690838083,0.0116351774123188,0.00692823677394787,0.0804501691328083,0.23484428916845,0.00231611415830835,0.571170621827575,0.0776673964065808,0.00770672821162975
"spot_412",0.0157227857434544,0.00812216971500146,0.00450954739784507,0.049539842757504,0.0848547411983612,0.00574742257537854,0.163207215689361,0.603174112140407,0.0651221627826875
"spot_413",0.10155954584107,0.227100440360042,0.0125022876863681,0.0230912892606846,0.0221058853541865,0.000247035513302604,0.163877350412913,0.448997475394333,0.000518690177101075
"spot_414",0.0176756528266598,0.0832339065013348,0.121005042524851,0.000801900375871881,0.0172077725404765,0.000302542349578492,0.000188685783970628,0.759519909160059,6.45879371986117e-05
"spot_415",0.0617767360435033,0.0858974988341815,0.000744570018728737,0.042144708900553,0.0620494340197031,0.00112563038693347,0.206374432921338,0.53859463674804,0.0012923521270192
"spot_416",0.0537336711141439,0.166709846243728,0.048453245950744,0.0556749236693617,0.039629950826039,0.00169939066283213,0.0235056942129982,0.609947292241164,0.000645985078988554
"spot_417",0.0400064010341025,0.0639523011469075,0.0611527929699515,0.0319321426628085,0.089353069232313,0.068767323693281,0.229466435975926,0.403235909758803,0.0121336235259067
"spot_418",0.0271476973189597,0.0143392342755388,0.150258354016657,0.127683811678804,0.0149591069702843,0.000163739926039576,0.643321804949569,0.0209010225004941,0.00122522836365365
"spot_419",0.0542060401412116,0.0730060989399526,0.528788144037785,0.0914004791510159,0.082522701438046,0.000344861939254269,0.042406929601039,0.126695608333661,0.000629136418034165
"spot_420",0.118557291334523,0.083889685125816,0.489001686134881,0.050615335372518,0.0758807057223128,0.000924964574804728,0.0687975363838199,0.111507016278713,0.00082577907261034
"spot_421",0.0618071992798738,0.0705794180801173,0.538312611677602,0.0816257482387482,0.0672663598149658,0.000487951198923047,0.13515849636362,0.0446306916454442,0.00013152370070573
"spot_422",0.0595986687371132,0.0275989131076633,0.507301652926241,0.0777654242501524,0.0751187177962346,0.00142652604219203,0.166572453409485,0.0775552346083763,0.00706240912254264
"spot_424",0.0886233686806692,0.182775225653036,0.45028793129381,0.0510122346289139,0.0695789057262449,0.000236616655347423,0.0933304607551417,0.0640010359340066,0.000154220672830522
"spot_425",0.0919827529709737,0.0895958218524515,0.498970370675095,0.0664213687418422,0.0826136963595516,0.000293927086569237,0.128627791402349,0.0413687973323436,0.000125473578823465
"spot_426",0.0578054448591293,0.00301401929110735,0.00961463649407616,0.12962823554109,0.00405532734397852,4.69483991388027e-05,0.779769351440208,0.0160454512018771,2.05854293953309e-05
"spot_427",0.0110320698000124,0.00196102482058757,3.39129162626616e-05,0.078192302991551,0.127347337646013,0.00342395822200743,0.133203913766299,0.496236478640288,0.148569001196979
"spot_428",0.0462666345816217,0.174163314139603,0.0428803522849259,0.125487669356589,0.217653262853129,0.00249912783287085,0.00785775138185683,0.0438641416454797,0.339327745923923
"spot_429",0.0162919968197853,0.300157884306884,0.0290567170890635,0.0570016377003243,0.203004645196305,0.0192750689908905,0.0281727139166036,0.0751729952617931,0.27186634071835
"spot_430",0.0477404286504341,0.053236307655349,0.521944862580044,0.0622418132211758,0.0704602931707117,0.000175101470290843,0.0426827293174818,0.201431693212028,8.67707224849425e-05
"spot_431",0.0527215573593805,0.0625384512864689,0.565104140849313,0.0320207986950621,0.0718294451011441,0.00177954624419236,0.163067309428675,0.0499483236874814,0.000990427348282101
"spot_432",0.0642531468738168,0.0900726368610791,0.505401533215733,0.0829670329570724,0.0577113621345241,0.00138199373385062,0.125251775388435,0.0722713723618281,0.000689146473660466
"spot_433",0.0345677279720812,0.0532957530049773,0.575539831962489,0.113506280059776,0.0596897726500819,0.00292125530681801,0.0643851852410607,0.0957590804095363,0.000335113393179695
"spot_434",0.0667509597990276,0.270934018176382,0.416895687398177,0.0748441728541723,0.0372216431661342,9.55756693170205e-05,0.0646167176721258,0.0686163116034001,2.49136612634168e-05
"spot_435",0.0439293753083186,0.00242885814299999,0.00429410299530951,0.915600954685599,0.00666001870337826,0.00160777751083443,0.0176233926000801,0.000121914539716562,0.00773360551376351
"spot_436",0.0303860488732346,0.0031252802188047,0.00210068473645928,0.439645187298342,0.0277755138965682,0.00307906888360624,0.0625315153953849,0.420440350915737,0.0109163497818627
"spot_437",0.0267630737430985,0.0033243941031626,0.00744517414408563,0.239923222269551,0.0357136388297,0.00333768289249634,0.63204688746899,0.0456741029707703,0.00577182357814591
"spot_438",0.0212855138665802,0.0048477920151449,0.0108217596220679,0.143372780589655,0.112317101424572,0.000254588836409595,0.669484781760955,0.0370312504860837,0.000584431398531599
"spot_439",0.0536761916900487,0.00257285639163449,0.0107195986884831,0.17500223090676,0.330497207336281,0.000188776396159739,0.407424004492263,0.0118157569304284,0.0081033771679408
"spot_440",0.119949205820974,0.00262363291656855,0.0230520954780819,0.0669755951959027,0.588921609575505,0.00880764356846147,0.0622622184886866,0.0425230492576559,0.0848849496981635
"spot_441",0.0191128649149438,0.00141047375025889,0.000611557333798006,0.0156773388894844,0.064843488764002,0.00387836579776538,0.748075791900609,0.111565707007648,0.0348244116414912
"spot_442",0.00816390118299756,0.00393155738235662,0.00333584766979573,0.0524949455280286,0.00122176673395935,0.00171323672506236,0.880133398950368,0.04891887815992,8.64676675113667e-05
"spot_443",0.0330506839682758,0.00886629087538803,0.00497182616638327,0.0358647852345887,0.028321184510618,0.00412359422986936,0.52619918867112,0.347902899598493,0.0106995467452642
"spot_444",0.0724272498568302,0.247691277629487,0.0655119779351237,0.0531498125408367,0.0410242483614057,0.00423448745119782,0.0564464102395523,0.455237507255074,0.00427702873049265
"spot_445",0.0517480373603224,0.180056587327528,0.0509088594370504,0.0176010914524561,0.125319207658342,0.00638214806836164,0.154138656591776,0.377507166184727,0.036338245919437
"spot_446",0.0463505635533295,0.130554954463864,0.0321131836281109,0.0357683248442294,0.0290697697277209,0.00061337378857855,0.236459109960299,0.48866247106805,0.000408248965817999
"spot_447",0.0333809672531236,0.139410999390098,0.0398607377262554,0.0356252970942313,0.063730624695403,0.0024234232090413,0.19121367448011,0.492185997213556,0.00216827893818119
"spot_448",0.0271903338026633,0.0177271152661548,0.109589341600442,0.0669635083381784,0.0461180803496813,0.0225018543355735,0.661079445532866,0.044389303949048,0.0044410168253929
"spot_449",0.0296903152476851,0.0878206178560433,0.464228727831687,0.091846641683064,0.113628512537314,0.00454127243200025,0.0836087134034688,0.124170184151005,0.000465014857732215
"spot_450",0.0728671523097801,0.024736147441778,0.614766656133142,0.0363344886566359,0.0557107141261936,0.000290122172283147,0.10322092562769,0.0919740174501705,9.97760823265117e-05
"spot_451",0.0492684567607151,0.0500027824933528,0.580860249883654,0.0447638299933984,0.0622829550996699,0.000168453490732436,0.137290502327972,0.0752444915183921,0.000118278432113852
"spot_452",0.0811391715038685,0.0456880091133249,0.507599439819161,0.0294719883818938,0.100083857888732,0.000153272127720904,0.204877333724654,0.0307882260222374,0.000198701418407601
"spot_453",0.0817377683065419,0.0686648676862689,0.499575687282152,0.0575587009352509,0.0648869534326028,0.000627450995977632,0.177601454882525,0.0493318610613169,1.52554173633981e-05
"spot_454",0.0332082791710351,0.0521811063879372,0.499697869507605,0.0971464652813066,0.0620774183785359,0.000454588902486472,0.113947346148652,0.140878764771186,0.000408161451256205
"spot_455",0.0370665903137946,0.0877182556424994,0.555360374362023,0.0824638229499763,0.0836730760380803,0.00125747759522533,0.0728376122522463,0.0795093008068424,0.000113490039312144
"spot_456",0.025442180579661,0.0347768130358836,0.575962745442297,0.05108547122463,0.0753397322819355,0.00037316134389792,0.125792398713477,0.110451939745097,0.000775557633120451
"spot_457",0.119431199016925,0.0226878544138826,0.219693799546706,0.0445155183783719,0.152373530297978,0.0648793622149189,0.246342903478542,0.0913583085778614,0.0387175240748144
"spot_458",0.00155580097044084,0.00624493575196903,0.0180400554190159,0.0168168707233802,0.314855821576688,0.0127163614691881,0.175299670067227,0.160550338115722,0.293920145906368
"spot_459",0.00224863011368698,0.000514713167783619,0.000101891918747587,0.0835092455018958,0.249500128679058,0.0241231512341432,0.0088106450995345,0.0150383026307769,0.616153291654373
"spot_460",0.0988461548410413,0.275018222402872,0.378535541624088,0.00266096100812666,0.0614475255714051,6.2218298176795e-05,0.0942262892806933,0.0890802826371014,0.000122804336494873
"spot_461",0.0461997366286716,0.0652018184370919,0.574830969135209,0.0411841488711443,0.0764427637063582,0.000141922689589099,0.0934177323849607,0.102237313108822,0.000343595038153046
"spot_462",0.0356879541986893,0.0328438827144774,0.590684643801459,0.0663918707887331,0.0673486817592434,0.000416889741424751,0.0813894934257911,0.124908756673052,0.000327826897130784
"spot_463",0.0403343493162038,0.378065860753191,0.130263756566778,0.0219253369481071,0.0797411611452939,0.0298838660462056,0.0627249428550672,0.2533349550847,0.00372577128445368
"spot_464",0.0431043487625659,0.102584194851161,0.466692657758181,0.0574054008262537,0.0705962473402828,3.36883087131202e-05,0.159300422062031,0.100191679821506,9.13602693056207e-05
"spot_465",0.0806211431500513,0.0383915686721038,0.536460304055961,0.0497896881789267,0.0819241231058817,0.00154391499740409,0.120690016028444,0.0863706144007299,0.00420862741049796
"spot_466",0.00686496043695071,0.00057547672402353,5.69837098500627e-05,0.628935797207308,0.0729304491445872,0.00221703161012236,0.123526123793199,0.146621662380707,0.0182715149932518
"spot_467",0.00944370015373964,0.0162911707618571,0.0570360773374322,0.0163049310247795,0.0723698388072997,0.0712427844618456,0.254250218701865,0.487402534741851,0.0156587440093304
"spot_468",0.00748095715504887,0.00314719362535345,0.0020876932021065,0.0715185362050574,0.320846949950904,0.0476926780140637,0.450976060283533,0.048057192230747,0.0481927393331859
"spot_469",0.0200902511448195,0.0261932345832139,0.0877078325374884,0.00403093731233648,0.138618580557697,0.0468335376140693,0.00141436834910396,0.650784326238709,0.024326931662562
"spot_470",0.0199719087739921,0.0202978113388584,0.0345753828396015,0.046776610093341,0.257796225053911,0.155046695847053,0.097151655960531,0.342726356437056,0.0256573536556564
"spot_471",0.0506046123922088,0.0073254200425203,0.00947126529606168,0.0762736302016702,0.583890713214937,0.122135427344532,0.0688699383387297,0.0120407567280128,0.0693882364413279
"spot_472",0.0287339070972701,0.00220977662488794,0.00126520816384182,0.105446143916871,0.0495247617214234,0.0199884567395851,0.753269527481303,0.0225245434841631,0.0170376747706545
"spot_473",0.0490349093943843,0.00848839773181087,0.0214880865136033,0.0651896628308117,0.0276854998847417,0.00335838350536999,0.782621703557796,0.0348700125034882,0.00726334407799391
"spot_474",0.0193177007731545,0.00678482185712744,0.00843248980035628,0.155517636040499,0.00844740864507009,0.000477594134104219,0.754606168191225,0.0461965966954303,0.000219583863033206
"spot_475",0.0632944273402311,0.0323955595849337,0.000751279968106613,0.0402981403373636,0.0501486152068579,0.00118532677931714,0.437371542432771,0.373336818173245,0.00121829017717418
"spot_476",0.0524630963314741,0.0636506706147747,0.0306454851851567,0.0120369952995005,0.028392261511415,0.00353131332062211,0.153732667985663,0.648098810578261,0.00744869917313274
"spot_477",0.0385519969720553,0.012233078244115,0.0124949815596223,0.0443923624981546,0.0305286043542392,0.00530401672909763,0.0656771184780089,0.780341592924265,0.0104762482404417
"spot_478",0.0358589900324105,0.24601118679529,0.0167147804101257,0.0483510862599336,0.0186117326008236,0.000157775374466882,0.291155390602442,0.343093852468512,4.52054559963064e-05
"spot_480",0.0514052076208097,0.0670961105711098,0.576686171218887,0.0370629785464664,0.0530851077252953,0.00150407326521778,0.12095815208845,0.09189264068087,0.000309558282893565
"spot_481",0.0628408841395242,0.074197173904846,0.509898035194768,0.076731606681769,0.093820727726188,0.00209367643228172,0.0848198880063036,0.094735591773693,0.000862416140626386
"spot_482",0.04206629072084,0.069566101675697,0.537068852123921,0.0447737949539537,0.0682144660388942,0.00145202339539531,0.0716286510411516,0.164779319815109,0.00045050023503819
"spot_483",0.0712401576090033,0.121773209754112,0.442190464434772,0.118059068209986,0.0797789076866062,0.000546513078251053,0.083939128086099,0.0822060075597507,0.000266543581419185
"spot_484",0.0396388390808006,0.0532330872069383,0.57064300769847,0.0659486202456736,0.0751953387320546,0.0043084630304576,0.105454386247943,0.0854644167700643,0.000113840987598719
"spot_485",0.0817740723004972,0.0779963888364417,0.488743739780709,0.134779918379796,0.0489856251972156,0.00225080256948748,0.0133045591426631,0.151073448315897,0.00109144547729231
"spot_487",0.0690273332633489,0.118016808457291,0.490862111644992,0.0735331053710282,0.0664936760829563,0.000973760753516228,0.0845232381760835,0.0963835882740606,0.000186377976722949
"spot_488",0.0812750734556703,0.0318934083321276,0.322758048945246,0.0574754515901792,0.15413750097804,0.0326646406153794,0.219569144351288,0.0912896984898307,0.00893703324223931
"spot_489",0.0376109837751287,0.0283332219730328,0.0149595202002226,0.143654626517946,0.0649044919881407,0.0253847911118471,0.600630586419326,0.0229492984197678,0.0615724795945884
"spot_490",0.00115222519006321,2.63696623036898e-05,6.67328061097726e-06,0.0848421306303059,0.293856383145137,0.0287286179887025,0.0203999727609743,2.73773529406942e-05,0.570960249988962
"spot_491",0.00766861476570985,0.113043652512313,0.0306722292090653,0.0899657512729946,0.30050889968422,0.0111884269747291,0.0722703021758287,0.0233010550639199,0.35138106834122
"spot_492",0.0381368196726096,0.0381273861487042,0.554755258846946,0.0195572728299561,0.0818793171995569,0.00227852404971504,0.0643328312043393,0.199929407033909,0.00100318301426394
"spot_493",0.0648772802814218,0.182401485216977,0.405200261988784,0.114217241938861,0.0647914099885503,0.000341237791497433,0.0724711484632738,0.0954163791624286,0.000283555168206694
"spot_494",0.0408452783313142,0.0553938708134705,0.576393482721899,0.0634224907594228,0.0604226610268538,0.000266064688708306,0.113855540936545,0.0893515060519143,4.91046698724714e-05
"spot_495",0.0365664373318326,0.056954603218974,0.512490681844304,0.101345701325394,0.0647059372224188,0.00029940083813251,0.150079341616442,0.077491188004964,6.67085975378714e-05
"spot_496",0.0922777274177115,0.143559278025589,0.546060763106305,0.0275235061686479,0.0230383616158019,0.000236358248879714,0.0799823134667793,0.0873126086634236,9.08328686170021e-06
"spot_497",0.0288226887645952,0.00505136837372227,0.000282237083716018,0.446929614240451,0.0902598897652572,0.0499494598944628,0.185707742681942,0.167367624634271,0.0256293745615832
"spot_498",0.110285063822755,0.0216111968808717,0.00891126961560402,0.0286590355122787,0.345398779495141,0.264264714260147,0.115553929555941,0.0571521554914856,0.0481638553657757
"spot_499",0.0284256562052056,0.0410312502542073,0.0231357700850273,0.0298545567401893,0.297479560395937,0.320168706228392,0.146836200555214,0.0779068987707748,0.0351614007650521
"spot_500",0.135779714288984,0.0255238037346131,0.0337236285753725,0.0273429613966624,0.262848472397829,0.253290196910375,0.14927156351796,0.0538417636485033,0.0583778955297006
"spot_501",0.0450872607716871,0.021142980012476,0.00976909304091366,0.0339937167296833,0.319613507294062,0.339614465954106,0.121433379648615,0.0209913864075732,0.0883542101408838
"spot_502",0.0301328160671677,0.016274251562277,0.0261718231745969,0.0349585333507398,0.216330661627099,0.199057331635722,0.128745390496763,0.312024970685246,0.0363042214003887
"spot_503",0.0266660927085169,0.0196786021952482,0.00598045696136631,0.0252409968695476,0.440998111305979,0.268343723300219,0.121155413474247,0.0171612222362301,0.0747753809486465
"spot_504",0.0456880417800629,0.000162407691074162,7.42862280977842e-05,0.0871198883803366,0.470824013252741,0.0566884308429138,0.0664421174222319,0.199035043650884,0.0739657707516578
"spot_505",0.0140414511325727,0.00636561348649554,0.0106021086649721,0.0407515990832598,0.821744023448445,0.000756932633955306,0.0485455825752469,0.0255409784540264,0.0316517105210264
"spot_506",0.00789394398433523,0.0220747674996766,0.0524581734304417,0.0157165379209592,0.0174115856024008,0.00820231686006203,0.305960771445115,0.566405774171681,0.00387612908532788
"spot_507",0.0100217479743149,0.0172186479610608,0.0356236114599244,0.148121191834792,0.00970710991876363,0.000599942751657247,0.539646707406377,0.236328598806969,0.00273244188614143
"spot_508",0.0294805506752759,0.144310272098422,0.029727415055809,0.0341185028946197,0.0530360698975482,0.0044798842598194,0.0377873447363808,0.665400231041471,0.0016597293406539
"spot_509",0.0324526428999725,0.103340840405725,0.00535198256806911,0.0798047597843616,0.0893386239855381,0.0392711131544305,0.409956090997915,0.220573592843858,0.0199103533601307
"spot_510",0.0459006630577615,0.0414681429278777,0.379093320381267,0.0763813579151945,0.0329506909045163,0.00103402431263027,0.354292716253002,0.0684626909094114,0.00041639333834002
"spot_511",0.0840543594576507,0.120075222510506,0.505442425892243,0.0852870971223183,0.0446072696902861,0.000249106961717798,0.111406562365609,0.0487780755213134,9.98804783559434e-05
"spot_512",0.0592076259560841,0.0794191228919553,0.525465093836375,0.0453518140404259,0.0566071792718707,0.000381027419257471,0.0724243645682952,0.161064749480295,7.90225354416202e-05
"spot_513",0.112593074707226,0.0735965275972638,0.515122401437567,0.0222532175964124,0.0690934473209966,5.66567166510227e-05,0.136335207904629,0.0708806379720206,6.88287472340022e-05
"spot_514",0.100752716402497,0.12457376806105,0.506109732190722,0.0403793549954471,0.0848136930579423,0.000218243222735194,0.0968745188116251,0.0459774886971626,0.000300484560818712
"spot_515",0.0552523798902612,0.145204373798222,0.479985699768494,0.0772578931976164,0.061325601918036,0.000391371073139968,0.122950312952953,0.0574839144987636,0.000148452902514423
"spot_516",0.0514677653064019,0.10649479011616,0.508653715775394,0.069325327516992,0.0553165482900236,0.000582435297087784,0.120195266353729,0.0877490255288016,0.000215125815409946
"spot_517",0.0520055117851629,0.0656454316527419,0.584234562307977,0.0236986194715755,0.082777052683501,0.000253522020661017,0.119652473636803,0.0707688315221031,0.000963994919474305
"spot_518",0.0683588283364626,0.100459007944264,0.552965812452589,0.0713221722352531,0.0619135125771069,0.000662798068613257,0.0842436899647623,0.0598442469085392,0.000229931512410216
"spot_519",0.0270356876413716,0.0437289555363512,0.573820885768276,0.0486514986956147,0.0448675713697445,0.00174467425107711,0.128002007276701,0.132105076597586,4.3642863278763e-05
"spot_520",0.0219171442027883,0.0267974514220248,0.013101620342054,0.0130965165801993,0.411866582407991,0.408542559411158,0.0498246207028202,0.0222845621495527,0.032568942781411
"spot_521",0.016709992338911,0.0833836242224018,0.0179130515065837,0.149674054741648,0.261158167145674,0.0327033425348888,0.0316300720929137,0.0143070900891057,0.392520605327874
"spot_522",0.0394478642924069,0.142909359155323,0.0461362461795843,0.0348428076271967,0.299665293833695,0.00768046651626951,0.0633651100174442,0.0557577030241155,0.310195149353965
"spot_523",0.108144390722091,0.0638654838122783,0.407128845205932,0.0666462429586767,0.158865671849413,0.000809296726822744,0.127906412226481,0.0398209165183617,0.0268127399799437
"spot_524",0.0434938378186035,0.0710838783126445,0.53040691212609,0.0652044228697209,0.0852435635720742,0.000195527159515995,0.128705672670579,0.0752001549472302,0.000466030523541793
"spot_525",0.0383909718396797,0.0404810351782798,0.510833777696989,0.0524743013434153,0.0908452146163818,0.00579016888570764,0.0802330026689049,0.149434809778208,0.031516717992434
"spot_526",0.0480851666434019,0.0664873947986191,0.555295791224701,0.048299025228279,0.0455457850669132,0.000191145121092319,0.146898119018081,0.0890868136157413,0.000110759283171752
"spot_527",0.0606495980043266,0.19881205775908,0.370398429021587,0.0496350321480932,0.0917054446233657,0.00448497822565301,0.104715857829368,0.1195773741824,2.12282061261387e-05
"spot_528",0.0338110395692569,0.0155916641524847,0.00759749817784152,0.037689668008292,0.301683274725464,0.11038394242769,0.197481762835991,0.263519840436326,0.0322413096666533
"spot_529",0.0195445257027406,0.0184080617893183,0.00929226291465526,0.0174595281119591,0.283097293863753,0.278436565219495,0.240097056526353,0.0831135198344754,0.0505511860372494
"spot_530",0.0110593621538598,0.0386627870789636,0.0390731848349063,0.0318471270786875,0.273322944605601,0.262402273757196,0.0341112180485587,0.298266192286052,0.0112549101561748
"spot_531",0.0298108106053037,0.0235808455039521,0.000305638862967571,0.221293337180919,0.0803916324261524,0.0721271094419049,0.328510625902937,0.207303503040066,0.0366764970357976
"spot_532",0.0191324218377211,0.00541432557142119,0.000976517197060304,0.0402322501826508,0.442104448757814,0.274659553158289,0.0622589291539226,0.0240279816491813,0.13119357249194
"spot_533",0.0321104449290499,0.020283579946053,0.00660286679906038,0.0479515378071467,0.267678095007329,0.209398900509029,0.225079629442858,0.174315999043909,0.0165789465155653
"spot_534",0.0419872884449597,0.0257119513130127,0.0245899021819476,0.0358664415936947,0.304493108524494,0.226163440299037,0.163073972290217,0.105732660460194,0.0723812348924425
"spot_535",0.0287364667058582,0.012228557086589,0.0725579928935476,0.0116224283031219,0.241588224865602,0.0599476761431435,0.00230040043881409,0.464904332228804,0.106113921334519
"spot_536",0.0620768430664611,0.00103623495971603,0.0196841113649683,0.0615785380753293,0.712969432363033,0.0015890674708556,0.0386295596449676,0.0286652111301946,0.073771001924474
"spot_537",0.00833599124338862,0.00122207947833377,0.00712414079846874,0.1285828104809,0.724659451277778,0.0109316242459039,0.048389403329909,0.0207686208599875,0.0499858782853298
"spot_538",0.00891175619897755,0.00121742392444994,0.00304501152223407,0.0560094984712879,0.144961673164356,0.00113826604695723,0.741695114897105,0.0362385080806908,0.00678274769394094
"spot_539",0.0305483929966387,0.0134507311958611,0.00619095526690838,0.0331321041019255,0.0291561953584582,0.00459074945944653,0.22563966424193,0.652403468036573,0.00488773934225873
"spot_540",0.0160394514540832,0.0071760536672675,0.00719012847173129,0.0375518269548348,0.156780100815536,0.0458439759146786,0.27539963167187,0.392417459362401,0.0616013716875973
"spot_541",0.0890558488456463,0.0624972897560715,0.526264194322878,0.0506840438634189,0.0851434357235447,0.000647066144590359,0.0801989725698644,0.105412258018391,9.68907555951019e-05
"spot_542",0.0305779709730013,0.0319756922222548,0.514453012324005,0.03491071366266,0.153570971418342,0.00245910649719239,0.0634132255008901,0.16558140730162,0.00305790010003466
"spot_543",0.0183043840895408,0.105594943400882,0.51570760904552,0.0584639469988447,0.0647234723858073,0.000711381729253445,0.0807932674205347,0.155232454838306,0.000468540091310513
"spot_544",0.068330759750878,0.0426124272030009,0.244425097109701,0.22369112933847,0.261046841142257,0.00899034236090561,0.0628565444067985,0.0555646069185185,0.0324822517694705
"spot_545",0.0598670529744815,0.102788891283997,0.547590839800983,0.0446745564849646,0.0754913371995431,0.000205641773167366,0.0953534206611037,0.0739301923391204,9.8067482639951e-05
"spot_546",0.0375801232792004,0.0820026132220671,0.515986813418114,0.0688226952004717,0.0689937864808985,0.00410321981167912,0.0663668535228369,0.153940817831881,0.00220307723285121
"spot_547",0.054428145368146,0.0629704855188913,0.574547232873595,0.0500318123456163,0.062882851828335,0.000424513823154673,0.101518257807033,0.0929855598262776,0.000211140608950994
"spot_548",0.0630539273896938,0.0533343022126602,0.550089544119764,0.0636985415206467,0.0836588167441626,0.000432479985946028,0.146542573482669,0.0391285088679511,6.13056765059486e-05
"spot_549",0.0341253397074407,0.0728261623214222,0.555871905847497,0.108804865401316,0.0540858549029782,0.000126227312659394,0.0711498748793887,0.102917263134299,9.25064929983721e-05
"spot_550",0.0260123244874837,0.00846459258740292,0.011971118892262,0.0413471989007073,0.109119679811277,0.090052789742416,0.545744760196132,0.118912595205249,0.0483749401770706
"spot_551",0.0190335846902534,0.0122320470659254,0.00130982297959153,0.0190053715078751,0.384862396934253,0.380111594052685,0.0898064869389629,0.0213115205896568,0.0723271752407968
"spot_552",0.153315583871086,0.334252780845929,0.0169174330100565,0.207873601893497,0.0740629456492039,0.000489822580752977,0.0734441855346667,0.139582824851233,6.0821763574823e-05
"spot_553",0.0149001270181805,0.0953935563148765,0.0258047086100407,0.170080992585303,0.194351468044561,0.0117962189020414,0.0913413035002905,0.0118579007632844,0.384473724261421
"spot_554",0.0464608479854542,0.262228482283974,0.0937330886959377,0.0680995183562876,0.210296057468998,0.0125339212955101,0.0591342176689799,0.0672060494332062,0.180307816811651
"spot_555",0.133435500625615,0.355204446754992,0.312671409537808,0.0327383705414195,0.0199964125706016,0.00190826028514888,0.065807189497135,0.0782265799824974,1.18302047825875e-05
"spot_556",0.0266176784911649,0.0434903869735984,0.589575213170725,0.0299897292027323,0.0536446472847233,0.000264764921271392,0.0894999636185035,0.166546470342977,0.000371145994304176
"spot_557",0.0829928206944763,0.0753250305457843,0.47727591935818,0.0763925063815934,0.0733195958205582,0.000472742342908435,0.188675363299104,0.0244695389122181,0.00107648264517698
"spot_559",0.0371578307016275,0.020303609911262,0.0496069867008831,0.00738161351232597,0.23216202825222,0.213965162557494,0.0280578905017794,0.343584367433482,0.0677805104289261
"spot_560",0.0499572825046059,0.0320383671834273,0.0618872946777813,0.00239483810104756,0.191721137472757,0.0520995294575634,0.00383120070263917,0.441103004533625,0.164967345366553
"spot_561",0.03938035597737,0.0383369639728679,0.0229801661395154,0.0567306505554706,0.303414544553586,0.306214429993404,0.165015823745385,0.0489738133696402,0.0189532516927604
"spot_562",0.0504745893680887,0.0124061732659796,0.00479950877900934,0.0491231250251991,0.326972497104689,0.219948130614587,0.181275396965758,0.0241695867777119,0.130830992098977
"spot_563",0.0559151956190438,0.030588960074682,0.00909546983962606,0.0431597612772373,0.244974436936692,0.149814243320985,0.214888251199756,0.19535404470634,0.056209637025638
"spot_564",0.121642605671448,0.0162015882377212,0.029015571026272,0.0171077934253847,0.22512027484663,0.193455099906311,0.274246114662205,0.094871944256988,0.0283390079670402
"spot_565",0.0485037732195734,0.0105054859774141,0.000293608671575536,0.0489962618685736,0.0949559008702638,0.0583943634729924,0.186009791178147,0.535485076521421,0.0168557382200387
"spot_566",0.0276224191139515,0.00472504881833885,0.0221962781266708,0.0123700410962511,0.195144842968428,0.113186307582819,0.0230866857450959,0.500033942592235,0.10163443395621
"spot_567",0.0335330225621558,0.0160092247144531,0.0197823471483584,0.0427107582185943,0.513527661620395,0.12828169157762,0.103784008831175,0.0600652486105389,0.0823060367167094
"spot_568",0.0724900236613266,0.000460586853804391,0.00226310561115424,0.00471693150055944,0.719509806069682,0.00442415843079799,0.0454316604502109,0.0290594778877902,0.121644249534674
"spot_569",0.0281862261152189,0.000173307035783259,0.00224507947832203,0.137936455453258,0.244204575861969,4.31875792112169e-05,0.566557710111713,0.0065898305867216,0.0140636277778031
"spot_570",0.030855057617515,0.00548005278253888,0.00942697991710525,0.0940507449229074,0.00829921432267855,0.00165382403163071,0.80717065987484,0.0421134443280902,0.000950022202694532
"spot_571",0.0318641110515645,0.0431875368408411,0.0139685632472661,0.0563762818383217,0.153367105221288,0.0691383995166128,0.568753568262274,0.0471296733500379,0.0162147606717942
"spot_572",0.0262448152054999,0.0240651557981348,0.564225475649001,0.0356461473203597,0.111255598976572,0.00391788963970819,0.0465432482270216,0.185540134221913,0.00256153496178985
"spot_573",0.0484807347334616,0.040305877135264,0.391323531160709,0.0730268420917847,0.243495899527263,0.000319462613603136,0.156348993331306,0.0439056348576475,0.00279302454896133
"spot_574",0.0485924806177258,0.053823487284057,0.469064247612991,0.088198287384896,0.170120112112144,0.000240435850738584,0.124465404345959,0.0453455850545316,0.000149959736956929
"spot_575",0.0421449971778931,0.0487617360816258,0.522642188099091,0.108125643526589,0.107144235892029,0.000386907633869362,0.0958781188580947,0.0732226628734067,0.00169350985740161
"spot_576",0.103827562183387,0.121207400029352,0.505345791712415,0.0472267493798365,0.0808761056516858,0.000118379082551221,0.0888849771322623,0.0524796585620803,3.33762664291007e-05
"spot_577",0.0534663361949999,0.0367745314749864,0.535366171042495,0.064489528873164,0.0836308114743499,0.00024528220840491,0.156362437135561,0.0693813320598268,0.000283569536212184
"spot_578",0.0222031326996996,0.016098609282963,0.604178376893341,0.0197044382288582,0.0812206998790106,0.000168335429066319,0.149955444958835,0.105691457570561,0.000779505057665297
"spot_579",0.0286941103764021,0.0388561971976134,0.586878644629151,0.0339796950350117,0.0618124154671601,0.000256411038794329,0.0837337846900517,0.165440603065572,0.000348138500243799
"spot_580",0.114927752552563,0.114978733704889,0.500392661055475,0.0577771221520035,0.0677565539110549,0.000109522821430725,0.064418347691687,0.0795742187896724,6.50873212244174e-05
"spot_581",0.0314814223614782,0.0157543084155138,0.183002583203416,0.145975954768089,0.0984451104517461,0.0193208312411679,0.398024285792789,0.0972794777827465,0.0107160259830535
"spot_582",0.0289863029210533,0.0223779394701613,0.0361486873124222,0.0519067000115898,0.267389118321948,0.207455783984645,0.300967734283744,0.0591538650203087,0.0256138686741282
"spot_583",0.0640904723351143,0.17165012495827,0.0220555592865336,0.0333550186111435,0.265973192400866,0.176659986148618,0.0944457968911982,0.039891596572776,0.131878252795481
"spot_584",0.0240349683987623,0.213072366827927,0.0278427516087238,0.0526251252307884,0.236715446404142,0.0266684240863362,0.0439677814583557,0.0957172709316894,0.279355865053275
"spot_585",0.0344643918202456,0.149465704236532,0.0477378885256861,0.0843125381248205,0.180311583453475,0.014435624877259,0.113592415232851,0.0277257781224475,0.347954075606682
"spot_586",0.0225075453548169,0.103083735590241,0.33092716763342,0.132596324332621,0.127188176612742,0.0244342620338194,0.120470039463535,0.0900152507866809,0.048777498192124
"spot_587",0.0933859454312845,0.088809774690045,0.563033668264101,0.00442050256155933,0.0478425350976082,1.51721133466999e-05,0.0867351564746254,0.11567131801945,8.59273479800958e-05
"spot_588",0.0334972844573305,0.0600599164401529,0.555930470355181,0.07648632035768,0.0481006653786551,0.00266944059333289,0.0329131708393851,0.189984180874777,0.000358550703505754
"spot_589",0.106222591696623,0.0963515152331553,0.474793969213545,0.106089679804115,0.0410447474995284,0.000336274810672096,0.102476048426257,0.0726506562621468,3.45170539575329e-05
"spot_590",0.0290088196599981,0.00628421356139636,4.74730585495179e-05,0.10272133786343,0.0581686628042364,0.0586594722635911,0.109798790861202,0.629813250051451,0.00549797987614545
"spot_591",0.0156341741627186,0.0328289816052604,0.00808388385343628,0.0239296687527989,0.370691342946748,0.324099529364299,0.152067153018896,0.0565040966269877,0.0161611696688551
"spot_592",0.0350947690104801,0.0365751675014781,0.000932722401615234,0.00602734074352876,0.325273650387686,0.467687157029449,0.0447865167239575,0.0673043989263394,0.0163182772754659
"spot_593",0.0507677989146503,0.0226840079827713,0.0151555097184585,0.0487270814283166,0.334301408180432,0.298788383762487,0.134165724450525,0.0561031811722652,0.0393069043900944
"spot_594",0.0316056057630744,0.0133057439345278,0.00524642513270317,0.0277257875082028,0.394781629368424,0.252853858498626,0.0700602800386749,0.101774042530585,0.102646627225182
"spot_595",0.0452913223657611,0.0140615284280269,0.0319418047937665,0.0595292981386139,0.278268733032619,0.190753388835969,0.0909286780602243,0.227542385923436,0.0616828604215828
"spot_596",0.0371915675104395,0.00880070090901798,0.0406775525139102,0.0090626887255151,0.132182038688681,0.243831626982949,0.0253622301653158,0.441478822493672,0.0614127720105
"spot_597",0.0469715197738232,0.0198299420888057,0.00727208208707805,0.0267453182077723,0.303993549237771,0.307225247170347,0.178732082663726,0.0116360879048108,0.0975941708658657
"spot_598",0.0489549557284156,0.0121482278698498,0.0203321652988959,0.0476149587674208,0.575098821836835,0.0813428731819793,0.0565138137846997,0.0955935054815368,0.0624006780503672
"spot_599",0.320563145111146,0.00676803763462849,0.0130881535088417,0.0831773953093813,0.501095414609964,5.78826180725395e-05,0.054149748539318,0.0205469563712881,0.000553266297359253
"spot_600",0.391664478744423,0.0119473240565208,0.0164054854994319,0.0531353873801523,0.414962022607699,0.000210894460094599,0.036606167582651,0.0688462252712482,0.00622201439777938
"spot_601",0.324069212812133,0.0106235822802409,0.0101025615308443,0.0270025366205901,0.0271285351039832,0.000409416799367662,0.543544315957523,0.0567993919287595,0.000320446966558602
"spot_602",0.10741602335152,0.00490327875071805,0.014312297827498,0.161941084014184,0.0108047127307945,0.000897621385141884,0.679912179200623,0.0195848002348052,0.000228002504715238
"spot_603",0.0354061737907645,0.012673627148952,0.252044744868054,0.115549588374248,0.0352131891683528,2.21936796354979e-05,0.456622011243258,0.0920637498849288,0.000404721841805647
"spot_604",0.0615830385577229,0.083580947464674,0.534231872951777,0.0617714700186684,0.0724794680064851,0.000115259072312832,0.145214474798814,0.0405985477718318,0.000424921357713861
"spot_605",0.0224247398333881,0.0795990169464449,0.482543658450698,0.034673167013342,0.248044321923913,0.000708775730912674,0.0523021531973219,0.0697470772039701,0.0099570897000096
"spot_606",0.0383626582460082,0.0652190829469137,0.54293822313077,0.0745179551648609,0.088097035830261,0.000539445968855485,0.073693522742932,0.115710225057985,0.000921850911413378
"spot_607",0.0252540309330108,0.0129643254785888,0.445088081789695,0.0338254245156762,0.263204269331038,0.000147345027085858,0.0832689989028123,0.123597704476802,0.0126498195452908
"spot_608",0.0837527006495296,0.0613067776446529,0.487081561068788,0.114617090743811,0.0525980696230519,0.000730842526391749,0.0986406731579007,0.100760975347035,0.000511309238838657
"spot_609",0.0707613320238512,0.112140490180589,0.44267692903153,0.0617857511295823,0.0933259219742623,0.00495830658164998,0.17986534503668,0.0272709947413467,0.00721492930050867
"spot_610",0.0721287718998337,0.0946592267733357,0.508906812427954,0.0752324811657305,0.0688671173771503,0.000357763720067294,0.138575710450766,0.0410438347089746,0.000228281476187752
"spot_611",0.0501628903865095,0.115438830108416,0.535661531520149,0.0562293454288974,0.0823402370912663,0.000636824371100872,0.107643468060397,0.0517613924792188,0.000125480554045819
"spot_612",0.0360997601903495,0.00478159020486007,0.00859214859812662,0.131070732761572,0.0558289363296024,0.0173610383571915,0.695155493082583,0.0293542830562616,0.0217560174194531
"spot_613",0.192740573832491,0.0161194961154206,0.00609459393551193,0.0214522940420227,0.318066672806368,0.188343595303752,0.113806807750347,0.0727509720315507,0.0706249941825357
"spot_614",0.00847308304397893,0.01755525170223,0.00307868134466503,0.0508934759177934,0.39913509796962,0.377180241419465,0.0726383859834128,0.0363927927349964,0.0346529898838385
"spot_615",0.0743449778515538,0.202012403907252,0.0562030440165752,0.0911558376172415,0.228239416268032,0.13592405653253,0.0754229878659098,0.0746918849886607,0.0620053909522453
"spot_616",0.0200743169847907,0.255346506555347,0.0983240601951317,0.00870229001411428,0.250810227915052,0.0136560474157622,0.0785489185327941,0.0833061108931561,0.191231521493852
"spot_617",0.025538896258925,0.152911693739324,0.0143985575668999,0.0706152408807938,0.248668860218054,0.0148251675788428,0.0601065159442397,0.0166592824214373,0.396275785391484
"spot_618",0.0409574884564533,0.0334739189627706,0.419353162936218,0.0435657392418038,0.100689499088297,0.00443679059692609,0.112276753276729,0.0671555682817097,0.178091079159093
"spot_619",0.0956265037863718,0.0979566185527546,0.471751455299111,0.055763277602014,0.0656924217652562,0.00527456007104365,0.0706462463209971,0.136679125353716,0.000609791248735431
"spot_620",0.0705235987056061,0.10688313823369,0.555361415555866,0.0333149712418984,0.0678295921427858,0.00328870748032103,0.041358202134136,0.120378899087666,0.00106147541803119
"spot_621",0.0427174357497995,0.0119372064677715,0.00726283169941728,0.0358718420691416,0.46030277044229,0.230308508602352,0.126428516471112,0.015241057865715,0.0699298306324008
"spot_622",0.0475331384746209,0.00886623209233917,0.00337074827177579,0.0174704916203943,0.418407790562176,0.107239622905019,0.20748860808739,0.12383036828656,0.0657929996997241
"spot_623",0.014267818105935,0.0204785271529682,0.0102543360616031,0.0500305741520502,0.565733257294656,0.18405455933429,0.0692879145830326,0.0646392179497269,0.0212537953657381
"spot_624",0.0231833269325669,0.014888614854712,0.00255140989571193,0.032678586760507,0.178525403942717,0.273895417409383,0.150058419578971,0.27504509917754,0.0491737214478915
"spot_625",0.0308520856223067,0.00802449183269668,0.00285867097857298,0.0386182520745794,0.204229948924229,0.177902627894642,0.285850997798303,0.130398659548799,0.121264265325871
"spot_626",0.0392717078058813,0.0270696743449069,0.0093663797280768,0.0317455103132274,0.258938504831679,0.286835934205699,0.168071705678539,0.158533685610678,0.0201668974813108
"spot_627",0.0557795760654337,0.012260428826436,0.0223161431171333,0.0388995411534705,0.0572625218396029,0.04800179635136,0.25193083651437,0.503571157357391,0.00997799877480292
"spot_628",0.0693313598763333,0.00447730977340033,7.32262472426937e-05,0.00429808474789258,0.150255344771805,0.212376423130944,0.128243857606853,0.361502548309129,0.0694418455364006
"spot_629",0.47034656595735,0.00672692648265265,0.0782436421164436,0.000916399123624535,0.0104779753779584,6.97241517533124e-05,0.007171407800638,0.425594601232936,0.00045275775664379
"spot_630",0.706982606113911,0.0105385807770302,0.00668136105845984,0.0161229918867847,0.0670428716641195,0.00175115064063354,0.0628110938156483,0.126538710868726,0.00153063317468753
"spot_631",0.750832604704679,0.00977400343476671,0.00904661640982482,0.0233494527382301,0.0484329450417634,0.00173851713010644,0.0633280006676945,0.0916485339660301,0.00184932590690501
"spot_633",0.691017063325107,0.0114427096331838,0.00328740800470704,0.0272415563500918,0.0854572517519477,0.00134246835808136,0.0970722523078216,0.0822158162764642,0.000923473992595503
"spot_634",0.00460446714611104,0.00327244036006271,0.0027620466363319,0.0505930224015568,0.0201684547667194,0.00248341769934336,0.85602432033492,0.0556978110823863,0.00439401957256801
"spot_635",0.0360264313576646,0.120579360973221,0.37516413212546,0.055370516065648,0.0451233756590789,0.00115350496500089,0.259811535692494,0.105837952009811,0.00093319115162244
"spot_636",0.0425095227445539,0.0647563720852529,0.568223747453423,0.0522973454530239,0.0829003612357813,0.000252224844031863,0.11302200475506,0.0759337796792508,0.000104641749623017
"spot_637",0.0518007912837035,0.0901226988719792,0.535273537266471,0.0693719186433701,0.0636015689525031,0.00490465786684131,0.0773548213288724,0.107497500112955,7.25056733050521e-05
"spot_638",0.0570083057896858,0.0790265013926744,0.4981978700682,0.0949755560686378,0.0722321811972278,0.000516547209377925,0.125522960353377,0.0723375075200601,0.000182570400759444
"spot_639",0.0438800952827783,0.0302037151655315,0.578803419848552,0.0448604968464627,0.0891817503733865,0.000373143253750186,0.0989622254620943,0.112777329660381,0.000957824107064084
"spot_640",0.0539660484613381,0.0559179958313977,0.561494518388328,0.0594860981109845,0.0815654726198084,0.000647494943253795,0.0537576157109666,0.132920795507852,0.000243960426070511
"spot_641",0.0211571898651804,0.0335132549000305,0.571549888014516,0.0396587450366596,0.0762079687736089,0.00341280974181922,0.151001447557943,0.102916296603988,0.000582399506253706
"spot_642",0.205227171585611,0.0393474714798939,0.242591030075454,0.0389648696988677,0.200069113968548,0.0688359325038666,0.122773924419835,0.0602977749040721,0.0218927113638516
"spot_643",0.0370284296344621,0.0212315811175305,0.00221646212126494,0.0251342530257055,0.193717043606049,0.157435836180805,0.501948065983829,0.0451697660355981,0.0161185622947556
"spot_644",0.09577856761138,0.0335484337113358,0.0376661210528747,0.0348920396078529,0.21842317421214,0.299091075072999,0.126928819738739,0.0558952260376139,0.0977765429550651
"spot_645",0.0303976329005259,0.0270386563912375,0.0160353779958864,0.0498680040946275,0.376408609730325,0.269886676545557,0.13510284296287,0.0273189307429016,0.0679432686360688
"spot_646",0.0435165467533947,0.0161294843060763,0.00923098088555605,0.0304749124494398,0.30205821520854,0.293484046240727,0.203422758516357,0.0538973447523046,0.0477857108876049
"spot_647",0.0296294570401676,0.0155454482090252,0.0123055390532597,0.0318551591240841,0.352272139620677,0.209559791753847,0.112248891462233,0.0724278921736945,0.164155681563012
"spot_648",0.0274480435670878,0.193214758522195,0.0367761940873163,0.0647727464251142,0.241598600159808,0.00559729607333461,0.0397533328830838,0.0850187983260091,0.305820229956051
"spot_649",0.0028990009090895,0.000157203834229241,0.000165544006901509,0.020947568301173,0.407940108993204,0.0128120536965155,0.00516639653542369,0.00106396783490207,0.548848155888562
"spot_650",0.0785256412144741,0.224725416881277,0.145743278315518,0.119647337872327,0.00841283792851954,0.000539653934609242,0.325491221448356,0.096913144041136,1.4683637826756e-06
"spot_651",0.0440459124241708,0.0110017081318307,0.208137903927028,0.0945889326288295,0.176072572757243,1.02927860356332e-05,0.454248215562908,0.0080590130442368,0.00383544873771754
"spot_652",0.0143145958751302,0.0394637939941376,0.0138906319331523,0.0222297258297028,0.353022669937146,0.348005488344198,0.124331047317783,0.0734362130256818,0.0113058337430679
"spot_653",0.011337774903103,0.0183008860033789,0.00295528910087916,0.0195946026288151,0.19335409763174,0.186178608259162,0.359291199504777,0.19264701576669,0.0163405262014552
"spot_654",0.0298770078917843,0.00706008154855678,0.00185227690772466,0.0438042226851604,0.456060605253362,0.118514492853765,0.0924193434725789,0.151015155025453,0.0993968143616147
"spot_655",0.0637449951456597,0.0343205189044881,0.010741067804801,0.0404845358541874,0.262303651696552,0.307375912874899,0.179353784815912,0.0173470187902624,0.084328514113239
"spot_656",0.0125953084206601,0.00907016739623623,0.0170337182881467,0.0523064140254215,0.502995183214705,0.230369086383717,0.0786768051136826,0.0385311348517999,0.0584221823056313
"spot_657",0.0257514550285036,0.0248764050366036,0.0459201374575706,0.0447772126608733,0.261954399521329,0.260266552732828,0.07004072214323,0.228730537017386,0.0376825784016759
"spot_658",0.0178523664673778,0.0297153204077191,0.0151420780501768,0.026914322490133,0.30977422372489,0.252042482796594,0.227780014533345,0.10787541488456,0.012903776645204
"spot_659",0.0436930426258972,0.00963287733354613,0.010054995774288,0.0716779268937889,0.4387582509494,0.119373340668419,0.11166512193974,0.0302585231735707,0.16488592064135
"spot_660",0.726483708984175,0.00856192230490641,0.00438598587312358,0.0218375099720167,0.0709644301701798,0.00187307835784954,0.0853406000283834,0.0782462659758497,0.0023064983335157
"spot_661",0.732356268474783,0.0162316687720207,0.00729306860920311,0.0190402743043895,0.0672810547292078,0.000842519757823714,0.0833853049079343,0.0729379595264549,0.000631880918183175
"spot_662",0.695473971974293,0.00962896667267093,0.0033229485040316,0.0244713974282181,0.082409597928233,0.00249949842821035,0.0754448794784258,0.104604550159527,0.00214418942639066
"spot_663",0.697792931366466,0.0189546586247799,0.0171820008213688,0.0261409542715173,0.0703828522562141,0.000298588656575665,0.109964238897445,0.0590424722024114,0.000241302903221885
"spot_664",0.696278530679659,0.0219975327513366,0.028293799603767,0.0240295809080956,0.0490979013763927,9.41712840465613e-06,0.117125257498577,0.0631555389878936,1.24410658744121e-05
"spot_665",0.708287243082842,0.011340865488628,0.00791209399962967,0.0147610297380116,0.0568487575151373,0.0029084365311725,0.0568444554008723,0.139062400652203,0.00203471759150377
"spot_666",0.201346952308635,0.0215637407004145,0.0159022136097911,0.0501530615864608,0.0605708568483681,0.0470656213221495,0.572132964233848,0.0284523240317117,0.00281226535862127
"spot_667",0.067643221333474,0.0656029834043072,0.34088827818622,0.098379586185561,0.0670291381589262,0.000695610072422372,0.30946472647972,0.0498687861087676,0.000427670070601744
"spot_668",0.0609524583292627,0.05021053815338,0.419590228463703,0.00488799026926983,0.0137274405313392,8.90714999628924e-05,0.355642493496351,0.0947634260504803,0.000136353206251475
"spot_669",0.0493841990641728,0.12278905203878,0.545027812096307,0.0493252590595389,0.061500348088513,6.59751047928708e-05,0.125314026430742,0.0465342007274311,5.91273897219875e-05
"spot_670",0.0433241845827719,0.0312317979694271,0.56944954698491,0.0788891317932419,0.0809155308750821,0.000543460298835502,0.149805616126055,0.0452075518359042,0.000633179533771793
"spot_671",0.0278651676345384,0.0798582429014774,0.54655896016797,0.0657933338377502,0.0941394445272405,0.000306113929698416,0.0951494343376473,0.0899457900929218,0.000383512570755656
"spot_672",0.026468104491526,0.0174512284104005,0.213400378618238,0.0785252373553067,0.0212271100856999,0.00243727395955006,0.477104888067628,0.163205932993868,0.00017984601778303
"spot_673",0.0069610589506057,0.000726846587241123,0.00056988219256065,0.01769279133275,0.0153816326595934,0.0738586543375568,0.762375730052847,0.085724156441486,0.0367092474453593
"spot_674",0.0107708352425141,0.0109718085183629,0.00605355547058764,0.0359048062431807,0.1958607477714,0.176939016628752,0.478371305189532,0.0583497303535327,0.0267781945821382
"spot_675",0.0397297233153393,0.0201478418687725,0.0114785005419392,0.0721520609873483,0.338696284553102,0.294533596093301,0.121294857743504,0.044896369707671,0.0570707651890225
"spot_676",0.0495608673234833,0.103790521729294,0.0579590565957439,0.0664054646320038,0.311130853201244,0.190284132686584,0.0728929706393339,0.063327242099024,0.0846488910932894
"spot_677",0.0377903911362905,0.0182758114743765,0.0136311242467631,0.0106106314493785,0.370205315226721,0.294030928381888,0.171160432963119,0.0250486177912921,0.0592467473301713
"spot_678",0.0367433894022889,0.0355065478807265,0.0182422712039382,0.0406843385135559,0.353199064930886,0.293158343182605,0.117448037088317,0.0788103340587934,0.0262076737388896
"spot_679",0.0123630240560042,0.02464078663584,0.0101096898098477,0.0336116692593336,0.337642994551882,0.337023250358021,0.169802520873377,0.0336794937166947,0.0411265707389999
"spot_680",0.0201607192572001,0.0596699577820803,0.0175154989099483,0.0579191519042037,0.00717018045853238,0.00198616104009079,0.786138967466849,0.049131708616193,0.000307654564902893
"spot_681",0.0220568248635413,0.000864276702889099,0.00179716761352255,0.109263201880171,0.014559705242571,0.00154860248174638,0.797923136469156,0.035256976509562,0.0167301082368412
"spot_682",0.00251422757130304,0.00277500374539319,0.00473949877102223,0.0545198009925396,0.00505489402216968,0.000647979516940163,0.887960132100551,0.0416008607621135,0.000187602517967826
"spot_683",0.0536386843657796,0.0207684392641501,0.00805688479596001,0.0159196590114846,0.227231070131612,0.296712587921866,0.168128145877206,0.174478819594643,0.035065709037299
"spot_684",0.0200305335230182,0.0163805135060702,0.0363616207067004,0.00969858376981725,0.133518150172571,0.0826547745665051,0.114017063500059,0.524369294489561,0.062969465765698
"spot_685",0.0163450462000269,0.0325167829170033,0.0157094717375629,0.111550040419512,0.44647624448776,0.190970964357764,0.073580246493957,0.0924566618131851,0.0203945415732294
"spot_686",0.0499684748372372,0.00742034865390182,0.00976519555234148,0.0210099973517267,0.397997960048174,0.341362429867009,0.0522674668735915,0.0205002439454418,0.0997078828705765
"spot_687",0.0176957594404954,0.0148043001072286,0.0137249240301519,0.162781436030767,0.40038593555941,0.245823778668967,0.0250097922858404,0.105372345488886,0.0144017283882537
"spot_688",0.0272344269060392,0.00792138451243714,0.000241705381641218,0.0468668642546828,0.17168461173585,0.124956852575306,0.173928354489842,0.408688786260134,0.0384770138840681
"spot_689",0.0295632787698363,0.0124309273950555,0.0425861511244683,0.0246436576125593,0.266472287426591,0.129924437903173,0.251804138156179,0.139056186930468,0.103518934681669
"spot_690",0.402178036395193,0.025301352786795,0.0315988755440145,0.0292013684093458,0.135512670803868,0.0663073130316781,0.0348034890582611,0.258746269851414,0.0163506241194302
"spot_691",0.740836277996627,0.0119745626613262,0.00998795231764007,0.0279023092851239,0.076816541667682,0.000221820821857545,0.0840446326188205,0.0476119919559722,0.000603910674950587
"spot_692",0.685507624777707,0.0498158081790231,0.0156831808562084,0.018452177485888,0.0579422577198276,0.000649245346430149,0.0714162065798757,0.1000373826712,0.0004961163838404
"spot_693",0.730541981500088,0.00765013516366036,0.00489218958857149,0.0571776651708109,0.0515312817819307,0.00324814985882324,0.039318939827551,0.101913540391745,0.00372611671681905
"spot_694",0.722564100612572,0.0370982868085169,0.0128718444643489,0.0185642886065689,0.0759876857411974,0.000370913740063505,0.0871813206906072,0.0444416765672052,0.000919882768920098
"spot_695",0.7400582752646,0.0195355450246477,0.00990904814618778,0.0157403201417884,0.0524155208867237,0.000526633091769355,0.082026619411906,0.0794404531982355,0.000347584834141968
"spot_696",0.738974987477783,0.0150211610532031,0.00633221643682108,0.021365057313029,0.0565075935950941,0.000614801203569399,0.0944912526193723,0.0656781224731319,0.00101480782799627
"spot_697",0.144379236311373,0.0150321039461137,0.00564002450021014,0.0267976708521019,0.0794039116609576,0.0187319706169988,0.662869014373846,0.0406081662308229,0.00653790150757596
"spot_698",0.0880033900054853,0.0154637029560963,0.00688152968922213,0.0348401511663775,0.134777358959868,0.129280269693485,0.509783020990456,0.0483308922907219,0.0326396842482879
"spot_699",0.0204727111224355,0.00901496841599434,0.00472848241996162,0.0575925422764182,0.0366631154946796,0.0286129379863971,0.783968470128598,0.0541332106999137,0.00481356145560157
"spot_700",0.184465455944072,0.0254009771287909,0.0858248713686577,0.0818953280011286,0.0298340254563108,0.000923522452857516,0.535904530924042,0.0553642015309721,0.000387087193168721
"spot_701",0.0803539341286168,0.122666366379422,0.113326119308074,0.0693464167345745,0.288005717389127,0.157841100872086,0.101198033562323,0.0188744626522929,0.0483878489734833
"spot_702",0.059628814657852,0.00724888970958451,0.00784715937554101,0.193542421004777,0.0329075495754525,0.00222112394791432,0.659918247291415,0.0332213633197219,0.00346443111774166
"spot_703",0.0202027756014074,0.0228158756425553,0.0192685212979549,0.0721946500362477,0.233116000642146,0.139025257896117,0.43901695191043,0.042247819723236,0.0121121472499053
"spot_704",0.0148523363607529,0.005333566885369,0.00373300673795957,0.0285098073972588,0.00136803336767921,0.000210493500139948,0.893166502323099,0.0528000856533476,2.61677743943111e-05
"spot_705",0.0252416382540263,0.00939710011759884,0.00359017039545504,0.363220836584552,0.10645581117574,0.0579313043668633,0.347578677937842,0.0653263344714065,0.0212581266965165
"spot_706",0.015364776355529,0.0216786578957064,0.00133352935720865,0.450309293984311,0.234898906272824,0.221093036810529,0.0424883528130882,0.00995600546284215,0.00287744104796073
"spot_707",0.0240145306385856,0.0104482674650413,0.00242703929048069,0.432421055868564,0.290999920611654,0.106952227434712,0.0722838995500446,0.0325849827771049,0.0278680763638127
"spot_708",0.070716709084383,0.0263618742424811,0.0238229318102773,0.0849299771202954,0.257437051963011,0.24874784724444,0.197019470460222,0.0492010217127452,0.0417631163621451
"spot_709",0.0152888379980535,0.0491818768870733,0.0175559281026405,0.0232517003279095,0.309745163779771,0.370878736279469,0.138435965737517,0.063537266569517,0.012124524318049
"spot_710",0.0226014046684018,0.0203825774728411,0.00562826302988273,0.0596947627472514,0.352596942847698,0.305561600978597,0.148238893802832,0.0398257168723621,0.0454698375801329
"spot_711",0.0450634180134422,0.00649235531120819,0.00603456622693392,0.12533273148571,0.324871374004215,0.0284791647654044,0.376193175326891,0.0301817362343514,0.0573514786318446
"spot_712",0.0206542276229751,0.00226792671333073,0.00859265848156902,0.110336030923883,0.00802670058108733,0.000609786416895132,0.819723138574127,0.0289216713929252,0.000867859293208303
"spot_713",0.0445388454993491,0.0118823994941546,0.00803960227440418,0.0674733552595158,0.344660579877836,0.00177742478182873,0.36367748971692,0.116626452579391,0.0413238505166009
"spot_714",0.00903290716789224,0.0242872162596634,0.011899564783677,0.112412172678809,0.350004300191948,0.25438734980394,0.171172533012461,0.0120580553105262,0.0547459007910821
"spot_715",0.0421291071977271,0.0169742458502436,0.00507799550368523,0.045595791974107,0.162531181301401,0.157893446370037,0.322888299780291,0.21213036980609,0.0347795622164187
"spot_716",0.0368367771027693,0.0165543634335483,0.000969700213643551,0.0617289795252368,0.118910864312328,0.129383955978337,0.165408228061717,0.378273990030766,0.091933141341653
"spot_717",0.0263329905277852,0.0234978987931808,0.0150228253880884,0.0614456809368685,0.375936358488415,0.290923884363617,0.0741966846882107,0.0561122563872304,0.0765314204266042
"spot_718",0.0297627068415343,0.0106236461199596,0.00259062992399872,0.0253678294162707,0.221334400968939,0.179358390831816,0.308170838809819,0.183753556537515,0.0390380005501473
"spot_719",0.064352627576071,0.0287885816935689,0.0148220704001809,0.0679347845367818,0.392760983684372,0.276514576662714,0.0832465990310911,0.0276833383848266,0.0438964380303941
"spot_720",0.0852842715658885,0.0247017885341924,0.0593580007335404,0.0504283217816843,0.221768915196853,0.199448018187159,0.0455759733369468,0.288046258007811,0.0253884526559247
"spot_721",0.715418085672685,0.0145723478635703,0.00993485212584141,0.0281057563542675,0.0586867434134379,0.000890091703031565,0.0784438645694782,0.0933576766326737,0.000590581665014193
"spot_722",0.700010722285433,0.0170476075820136,0.00830045454701522,0.0206707573218748,0.0618500493046633,0.0016094705745828,0.0785644163650872,0.110248582715708,0.0016979393036228
"spot_723",0.690673979532473,0.0130738240703614,0.00643004069202164,0.049968261553617,0.0478430145357452,0.00184658601269292,0.0710338225572472,0.118321611082341,0.000808859963501068
"spot_724",0.727693604402373,0.0128746715048668,0.00819596933998819,0.0123818163469414,0.0608443498839111,0.000428431507712048,0.0613919618131478,0.115812485682818,0.000376709518241676
"spot_725",0.720422549417751,0.0107750161678163,0.00802131166972891,0.00937210162715969,0.0670649218730897,0.00135493898609094,0.0844471490940215,0.0975291617952905,0.00101284936905112
"spot_726",0.730117080481799,0.0224804667628754,0.00772574752683425,0.0138034273830533,0.0430136825505607,0.00088754617178899,0.106504072350384,0.0736363351057868,0.0018316416669174
"spot_727",0.608718264377822,0.012143569471696,0.0122727047902633,0.035491489764008,0.052351475432908,0.000562410669919678,0.200749199044606,0.0771692836011834,0.000541602847593221
"spot_728",0.584836888229699,0.00971683201854003,0.00632464014574287,0.0208240785159531,0.0503757947640757,0.0016944411671349,0.199598963310746,0.125141782401076,0.00148657944703258
"spot_729",0.0164798227025984,0.00468625669749664,0.00242464219156798,0.0464391491861484,0.0808045228481742,0.0678173996720118,0.647389096758745,0.123051066667422,0.0109080432758355
"spot_730",0.0116325583320688,0.00174777137487791,0.00122998221145434,0.131243943788054,0.122816139309573,0.0642999513115486,0.547623450327034,0.027706861213066,0.091699342132323
"spot_731",0.0164535850485251,0.00727905794497381,0.00808099898911523,0.0170926888957471,0.0298697936593634,0.00221821441297083,0.875933263635725,0.0423999061983098,0.000672491215269577
"spot_732",0.303878117274778,0.0112065394956376,0.00410096406522637,0.136688044976957,0.240930890818425,0.129073813814454,0.137105429188274,0.0169660867115152,0.0200501136547317
"spot_733",0.0268393389008904,0.0108305861091783,0.0211583542759433,0.0855098270953487,0.184711868383333,0.100616070161264,0.51698056692928,0.0270367851522493,0.026316602992513
"spot_734",0.0135835957540568,0.00706952637348368,0.00357333936360057,0.295245180639763,0.133752206908836,0.0254358646466239,0.468670030270387,0.0398616024765771,0.0128086535666715
"spot_735",0.00431014850697174,0.000497160308051338,9.59014124942342e-05,0.745021756017437,0.202636333029453,0.0032819782373671,0.0123812735571396,0.00961481459931884,0.022160634331768
"spot_736",0.0212982500541482,0.000361081577993721,0.00469634258068512,0.572934732828103,0.305977043697987,0.00246403704108999,0.0164354182895563,0.0365394729859334,0.039293620944503
"spot_737",0.0757721033161734,0.000278102260775483,0.00013207054140617,0.515083438551346,0.312673127684409,0.0198524206418185,0.00453243665096884,0.000102176356197294,0.0715741239969056
"spot_738",0.00963709111536468,0.00185581506561952,0.00127048103898459,0.530676373138552,0.182421147598852,0.00235014215828482,0.248509967679458,0.0173514312018238,0.00592755100306112
"spot_739",0.0656839362347664,0.0130738558629457,0.0275529982278442,0.531791973883117,0.117518183500562,0.00677896401639238,0.187467290299255,0.0373850309869207,0.012747766988196
"spot_740",0.110982493791893,0.0183962586671677,0.0104057271954574,0.0586774180716376,0.304168771676962,0.256389105112864,0.146796314851961,0.0396322605793769,0.0545516500526805
"spot_741",0.0492678213233623,0.0380658129747141,0.0188140560656786,0.133150297756939,0.236183923972056,0.279542445016581,0.175837291740822,0.0283045118487064,0.04083383930114
"spot_742",0.000771421536032532,0.00537219195763274,0.00399401460963749,0.0403219222558787,0.122332251136172,0.000143451828113774,0.807727607319252,0.0192861213511542,5.1018006126363e-05
"spot_743",0.00477392670334422,0.00290467120735364,0.0181404420433984,0.195419827291465,0.270479768052966,0.00488137408160067,0.461916844941693,0.0121051337822948,0.0293780118958846
"spot_744",0.0215400047245906,0.00533315405290318,0.01079181989374,0.0854676777748252,0.155045620046132,0.00268845817329907,0.680642037203278,0.0311233374952353,0.00736789063599686
"spot_745",0.212707426602327,0.00365967473703224,0.00750978220082848,0.040692917139328,0.318285525235373,0.0234181954653501,0.067044693202533,0.0130051662150935,0.313676619202135
"spot_746",0.0034567471250348,0.00338164729949661,0.000407361315845806,0.0647568322883117,0.330806034120134,0.0589173520682182,0.0653032020250586,0.00843344371913286,0.464537380038767
"spot_747",0.0210517372889106,0.0077096867120304,0.00482102419054679,0.0080143208948098,0.29426389788419,0.109089645625553,0.290620767628904,0.0553706752953726,0.209058244479682
"spot_748",0.0103329909771248,0.00554892090581761,0.00351973420018556,0.0253005630651492,0.382936349807464,0.153987579227107,0.0485096065354362,0.0369526659069584,0.332911589374757
"spot_749",0.41468754702269,0.00966945673887958,0.0185032197924939,0.0362452124464908,0.247707232309382,0.0143704689483287,0.0588314210512834,0.0758636201344847,0.124121821555967
"spot_750",0.659310882597826,0.0146334114531429,0.0160789552532198,0.0616919731586465,0.0854750803636504,0.000905583142969119,0.070502728768521,0.0897668956659079,0.00163448959611603
"spot_751",0.699229674027978,0.035364918022275,0.0212979794413565,0.00927072227819498,0.0625038117623352,9.72941613642101e-05,0.071160318091307,0.10101918429209,5.60979230992101e-05
"spot_752",0.771259467269614,0.0111682990938379,0.00621533656093452,0.0406509295233803,0.0334249717119889,0.001656273468902,0.101923041114199,0.0313667052555311,0.00233497600161223
"spot_753",0.790890400932372,0.00975224363885566,0.00546450756082715,0.0114629028884297,0.0446026643677034,0.000817859847038369,0.0635995154972591,0.0722963427217279,0.00111356254578656
"spot_754",0.599827480098241,0.0113252091148635,0.00504963467470555,0.0465386766648785,0.0521004570553573,0.00075191178434457,0.171851955953623,0.111666348279455,0.000888326374531966
"spot_755",0.717681496793571,0.0122149344499301,0.00685831673056886,0.0246647157363243,0.0657010514790069,0.00121905773890928,0.097245378792879,0.0734606974243166,0.000954350854494526
"spot_756",0.717244960041931,0.0178759646662971,0.00579918048258731,0.0529504643833971,0.0629616075813578,0.00140915198802533,0.0799944263399715,0.060772239433927,0.000992005082506368
"spot_757",0.733405070196677,0.0113809794418692,0.00837144740270909,0.0148528131944184,0.078366285596609,0.000373689031441028,0.0845732209395391,0.0682535409976971,0.000422953199039555
"spot_758",0.690283080125202,0.0124820751938737,0.0109231109298594,0.0585795535547281,0.0528648696129587,0.000648916212856584,0.101477281210254,0.071633270954552,0.00110784220571616
"spot_759",0.728440479797302,0.0122573321047291,0.00686274176786985,0.0196528026768748,0.0580497137728594,0.00174580700624539,0.0866639023492821,0.0850870024691496,0.00124021805568779
"spot_760",0.7454385246587,0.0138740787776849,0.00452824099606972,0.0281521722593164,0.0518328776843798,0.00140918408207376,0.0942047782941904,0.0595784929236521,0.000981650323932768
"spot_761",0.371285275334571,0.015866616057049,0.0157193877623996,0.0323776755578994,0.00230311663296302,0.000343933601139558,0.426114207185043,0.135971970005362,1.78178635735847e-05
"spot_762",0.242971882940181,0.00207088239232416,0.00331085868680643,0.311695619741492,0.301593589289921,0.0329001119672993,0.0542757342232959,0.0373859035868745,0.0137954171718056
"spot_763",0.125063567089028,0.0154362292293608,0.0160673826316266,0.146499222884721,0.271664931700299,0.0394765694795452,0.296225372734421,0.0574050565116815,0.0321616677393158
"spot_764",0.000939702206630927,0.000808903838846962,0.000144936802360265,0.845563974866914,0.0943152413044109,0.00508545686627454,0.0312535127232264,0.00395930492972556,0.0179289664616104
"spot_765",0.00388045485934651,0.000299225975409212,0.00103272217050568,0.534805107937366,0.377388404880709,0.00170665899901596,0.024756308176781,0.0124593624320292,0.043671754568837
"spot_766",4.65035983604181e-06,0.000792270199728761,6.67714385821517e-05,0.897601844115511,0.0894600264936251,0.00869268007739885,0.000811067882077668,0.000585134590658521,0.00198555484258222
"spot_767",0.000217576941527342,4.61744320007482e-05,1.41651133892782e-06,0.918533204214009,0.0561311086070377,0.00331464400312311,0.00356944253840343,0.0013546236139547,0.0168318091386054
"spot_768",0.0854870514084108,0.000428930983657647,0.00828749366824375,0.184942177952841,0.590243905787534,0.00122177050919775,0.0129166920950901,0.0304388886763975,0.0860330889186263
"spot_769",0.0117156723661029,0.00284017270644472,0.020973370622004,0.438648393280539,0.31286486910736,0.00104318949386109,0.104128899700688,0.082399734382586,0.0253856983404138
"spot_770",0.0174485463216051,0.000773739292711069,0.00204561416061792,0.544240359314905,0.325016840156932,0.000367212936033346,0.0438126791584681,0.00480242605112003,0.061492582607607
"spot_771",0.000689131032527229,0.000411531447021831,0.000830822013929129,0.50956375739718,0.391180877101016,0.00192716677264351,0.0675568915318955,0.00192404169177325,0.0259157810120143
"spot_772",0.0514042019902048,0.0179905530203635,0.0251832766115296,0.172091042424951,0.200189804171446,0.134293779389633,0.314703704962813,0.0696192305888372,0.0145244068402224
"spot_773",0.0174913098891783,0.00959026735245602,0.00320839867302859,0.0353114284711037,0.0876394387900907,0.095478414887167,0.672124440932551,0.051769790118975,0.0273865108854495
"spot_774",0.0072536562929225,0.00177114445356902,0.000745951779466902,0.0235995510307478,0.00914224333697982,0.000211844292479034,0.817312787234241,0.139898730780284,6.40907993105087e-05
"spot_775",0.0463240320274639,0.00112873916200141,0.00773779179673441,0.0465052565679211,0.379561747785646,0.000849084353874724,0.403653912955213,0.0878032726400061,0.0264361627111393
"spot_776",0.275008995629198,0.00376692935892555,0.00694986683825958,0.0680232484409725,0.266171464843587,0.00595751935951,0.0446130686560161,0.0629262738269866,0.266582633046544
"spot_777",0.257216662795153,0.00844801267831105,0.0114398083662106,0.0333388022770785,0.365254011288759,0.0112705433164637,0.0664059710015218,0.0209150975365833,0.225711090739919
"spot_778",0.322159301643543,0.00790673708576774,0.00568391985761542,0.0221297227821441,0.217253108128884,0.0138363435104428,0.100179701787902,0.0451167653385521,0.265734399865148
"spot_779",0.10937674629286,0.00923052584913164,0.0131619593959807,0.0188102928841784,0.310201838001167,0.0486668890002024,0.0430203601727071,0.027536111687633,0.41999527671614
"spot_780",0.714471457735426,0.0101330637152029,0.00518251974544088,0.041251141606213,0.0659820112976374,0.00165406766480156,0.110793380048967,0.0487515218367905,0.00178083634952038
"spot_781",0.748276365890031,0.0056513198927687,0.00467105311402352,0.0103804443381567,0.0635295345994639,0.00332100766781322,0.0856607153101663,0.076543145229129,0.00196641395844778
"spot_782",0.692356996152503,0.0225034661150568,0.0100316715717391,0.0150659552492224,0.061906031234882,0.000862299168836008,0.0903279453148532,0.106345679681808,0.000599955511099902
"spot_783",0.743251389769797,0.00915703465936421,0.0104310200968541,0.0212444543589242,0.0606930269274722,0.000420596200355212,0.0834749804679929,0.070831140841956,0.000496356677284371
"spot_784",0.691880789352524,0.0219953198000042,0.00978160254453011,0.019536040448818,0.070958829422606,0.00114994771332796,0.0734017436134978,0.110477038517796,0.000818688586895848
"spot_785",0.444540927884647,0.00883644692544886,0.00282354838385476,0.0271724617258815,0.0386162057195531,0.00147305866515452,0.38587437391436,0.0897498255815362,0.000913151199563511
"spot_786",0.686837499681949,0.0107327189480842,0.00788638214230659,0.0214708549971839,0.0678409593608893,0.0011403347817454,0.0842602982449424,0.119237881694471,0.000593070148427649
"spot_787",0.67183758284716,0.0215398105512429,0.0123812369558438,0.0271885674669199,0.0692027912395436,4.93364309997063e-05,0.0968182577587735,0.100964983408107,1.74333414093192e-05
"spot_788",0.631206518419934,0.0159718302724219,0.0112647442290869,0.0262020593097917,0.0532714112164807,0.000382519644733454,0.182063079589757,0.0793752539527561,0.000262583365038671
"spot_789",0.705275498703847,0.0266080339641526,0.027274099287155,0.0430755736684243,0.0346962302474693,0.000516038301112648,0.0239255251021303,0.138344244032137,0.000284756693571475
"spot_790",0.694079026491206,0.031543778548908,0.0154808034551353,0.0359369993572131,0.0494348931233788,0.000171818940260795,0.0794026647773916,0.09382282796506,0.000127187341446179
"spot_791",0.730169639074588,0.0255591256613677,0.0133777929963231,0.0130533271209802,0.0597722864985721,0.000453374819207916,0.0910432449513679,0.0662515036068958,0.000319705270697504
"spot_792",0.752982898294544,0.0125945363605139,0.0434890259177201,0.00756487444973679,0.0593471852688062,9.87200570830838e-06,0.101663528003798,0.0223376138900956,1.04658090774256e-05
"spot_793",0.0204371796902119,0.000429317550240828,0.00202381613609905,0.295305805148948,0.455877554390252,0.0121951904155357,0.0548096643754686,0.000814390620772209,0.158107081672471
"spot_794",0.00964223315087564,0.000265836139490118,0.000402241091909946,0.223400177531876,0.718655557556655,0.00157226974233643,0.000623293150562613,0.00345962897090423,0.04197876266539
"spot_795",0.0240880394527788,0.0119126962634824,0.0265183642412564,0.477005556195783,0.051867951506468,0.00337288350432249,0.0152008034786628,0.362319210090872,0.0277144952663734
"spot_796",0.0238028404653453,0.0110532973840783,0.0280473522064325,0.0232474277832978,0.361062121183441,0.00187100607655144,0.0421493994026904,0.495445547552934,0.0133210079452298
"spot_797",0.0352374295695548,0.0103489564691634,0.0133169994633782,0.0197972642442295,0.0261486994121903,0.000705374525542278,0.077034579278101,0.812653348300314,0.00475734873752678
"spot_798",0.0116573456848118,0.0189110369836646,0.0727535829462388,0.403418567018006,0.0317790779571604,0.00287809096992612,0.0077119087543919,0.431069100151563,0.0198212895342374
"spot_799",0.033457724025543,0.000232922775594607,8.56363968958357e-05,0.921135259671446,0.0267428560327448,0.000496885171035901,0.0137626258766796,0.000495963667767556,0.00359012638229248
"spot_800",0.00126898272445781,0.000838335650811323,0.000618502934059268,0.520535607109716,0.46387390713156,0.000983960709621858,0.00150122916064425,0.00475117907812248,0.00562829550100772
"spot_801",0.00720579298664544,0.00102165385517906,0.00862708539810758,0.371786303129047,0.53869084458985,0.00170862055641901,0.0330712717358035,0.0123514828194694,0.0255369449294785
"spot_802",0.0107219481477744,0.000813733459159818,0.00063143149985793,0.613922910105721,0.148620530317303,0.00207523265807907,0.152941275328203,0.0267882223571281,0.0434847161267738
"spot_803",0.130096264547393,0.00143763462510832,0.000464387885534143,0.391486493427214,0.272422974423438,0.0514339992066515,0.0824191427034973,0.00869316681125823,0.0615459363699064
"spot_804",0.0147500359737596,0.0296066515510287,0.0163627201019029,0.0868919744775114,0.468128020761091,0.21988076874976,0.0367364113962371,0.122204958599118,0.005438458389591
"spot_805",0.0667475681538893,0.0448476661676907,0.0182305036513073,0.0641088721183456,0.128356557640214,0.000281070884401132,0.622036566899573,0.0539019454902224,0.0014892489943564
"spot_806",0.0136387176717903,0.0439380464531088,0.00946360430734772,0.026879475521861,0.139261427526699,0.00228404872466364,0.717172728340363,0.0386881087740236,0.00867384268014258
"spot_807",0.0042132262383184,0.000320876406039422,9.63974401305655e-05,0.0211274559852166,0.323395130678495,0.0152853812657726,0.179135625807971,0.00493397188105339,0.451491934297003
"spot_808",0.250678447401884,0.00582760191608499,0.00522829537876284,0.0367366960236444,0.256651045732396,0.020557801973315,0.0499741132427914,0.0402313916526967,0.334114606678425
"spot_809",0.202564401033593,0.00615448543695689,0.00931142230613236,0.0585589069800909,0.325114746307482,0.0166750996421154,0.0805139559125072,0.0245176722842952,0.276589310096827
"spot_810",0.000568886307521758,2.05695585003482e-05,9.72893440630267e-05,0.00939134052782785,0.321281195559049,0.00395424331401456,0.131927250944395,0.00113783120009498,0.531621393244534
"spot_811",0.408060032213735,0.00516326886287281,0.0177486622063192,0.0503112925819299,0.259555963699433,0.00804265310957421,0.0363591027903043,0.0756532348732031,0.139105789662629
"spot_812",0.779562418257668,0.0202057996562159,0.00578148085885749,0.0148852970690689,0.057762211693172,0.00116226552449952,0.0724517609559892,0.0468336165657882,0.00135514941874088
"spot_813",0.789536211882306,0.0205587696755227,0.0132620450782748,0.00620838642318289,0.0414274922170252,0.000340726070147056,0.0692410848924168,0.0589975905323905,0.000427693228733492
"spot_814",0.599393472179074,0.0051614710309062,0.00248428156532141,0.0188935204324233,0.0488025038256678,0.00159911310308172,0.241406132285181,0.0802581794154813,0.00200132616286323
"spot_815",0.768671043715834,0.0160414022861245,0.00405778618270268,0.0126011386067382,0.0553875724821451,0.000856498704642898,0.0850978014757934,0.056635724564409,0.000651031981610589
"spot_816",0.742803921512346,0.0122200624762652,0.00547903413346318,0.0274029309100232,0.0523265896945699,0.00161839747465055,0.075845465066932,0.0809891706224476,0.00131442810930197
"spot_817",0.717924835101229,0.0182289724720202,0.00617546814956625,0.0182662366813093,0.0842456396590041,0.000872907647897485,0.116921857674533,0.0354606927298399,0.00190338988460122
"spot_818",0.736372351436169,0.0198004336705427,0.012361105976372,0.0186244078240601,0.0613940358589394,0.000531713702372152,0.0783229492106718,0.0721853966872397,0.000407605633633234
"spot_819",0.689502409963082,0.00442083967332544,0.01271904844661,0.0033597488464253,0.0653442209495035,0.00215723477693609,0.0193988117256063,0.201177892680315,0.00191979293819678
"spot_820",0.738955049705049,0.0186814174126408,0.00749868842771328,0.0126916158239028,0.05663244406267,0.000541945178018115,0.0636758832973104,0.100957901551648,0.000365054541047921
"spot_821",0.680546802933219,0.0117502596665334,0.0263032387153283,0.0500886978082132,0.0614520823524205,0.000637528746867864,0.0629504606026127,0.104826417038317,0.00144451213648761
"spot_822",0.727112332194173,0.0236038193454822,0.0116798232029202,0.0303681478105071,0.0673197229509382,0.00104085618044972,0.0902331324634417,0.0476219615755137,0.00102020427657367
"spot_823",0.650630392407016,0.0202670838935864,0.0115944749005997,0.014411298998032,0.0666378586279797,0.0011997694891548,0.051780716037085,0.182686980905918,0.000791424740628467
"spot_824",0.032468523060143,0.000158892416921399,0.000229270368246662,0.142167584056125,0.319941749044177,0.00563795366915484,0.24249586339103,0.197630139913565,0.0592700240806367
"spot_825",0.0419975830096727,0.00894038612027295,0.000717243151962947,0.0460389459821178,0.0190498327294666,0.00214394861732068,0.198799711052516,0.680533447526211,0.0017789018104596
"spot_826",0.0340345789958358,0.00415486274955131,0.000539429360082669,0.0774552194313079,0.12036478391076,0.00144146297001885,0.281319493235569,0.477405225726181,0.00328494362069353
"spot_827",0.0079577411331604,0.00645983494023269,0.0941084817134469,0.0271012832158869,0.338204355666401,0.00113238355137175,6.87902634907046e-05,0.494714565171555,0.0302525643444547
"spot_828",0.0493065485362209,0.00604451675890983,0.0161176344557139,0.019702603568704,0.162327985508051,0.00251270757976073,0.144699484130929,0.584878965945657,0.014409553516054
"spot_829",3.10890980278473e-06,0.000444861317555258,0.00442605076588377,0.0073188537794726,0.982435606842543,0.000540376284255673,1.01968159095452e-06,0.000601758433592511,0.00422836398530359
"spot_830",0.0499624010806039,0.00212789081480851,0.00642105269115177,0.178905777315341,0.23458064919602,0.000558807696141267,0.170874636912878,0.324149958000059,0.0324188262929964
"spot_831",0.00219842654729933,0.000304678234994064,1.65708400951371e-05,0.944586076723464,0.0299672431636222,0.00257031814347057,0.00533938143668919,0.00839001363507793,0.00662729127528762
"spot_832",0.00591590801912131,4.71151015182045e-05,1.97195012758369e-05,0.309409338505154,0.547600401763597,0.00525810973349483,0.0208220959045116,0.000171471814877838,0.110755839656449
"spot_833",0.0110376865091842,0.002484561008124,0.00258600707273038,0.629476574825979,0.198884790732106,0.00100338902686759,0.0756565470854814,0.0120481498879855,0.0668222938515425
"spot_834",0.0191114770800975,0.00100427443913757,0.00314678448193573,0.502638426767621,0.303934420383212,0.000421761283849039,0.151182482786952,0.0125585034727026,0.00600186930449312
"spot_835",0.0119321586608393,0.0408510539028202,0.0198262289053892,0.0528180716359202,0.297143587698461,0.366040894643708,0.131035928452756,0.0676727876691599,0.0126792884309466
"spot_836",0.105298749970977,0.453124604659892,0.0831565749098036,0.0353121711636508,0.182069207809308,0.000506230804554502,0.0606812475004585,0.0791977057252345,0.000653507456121224
"spot_837",0.0537985862790667,0.314358419803675,0.0641093458697245,0.0507057639486672,0.129502587097515,7.96953519906952e-05,0.180130064689931,0.207239375065242,7.6161894188294e-05
"spot_838",0.123614614239515,0.0100639924501578,0.0206663704114102,0.0252206935064664,0.23529063788868,0.0381147167490253,0.0799485693115083,0.0212673923837579,0.445813013059479
"spot_839",0.255511727773454,0.00332961180787347,0.00978679809131441,0.0635542245973658,0.241634723289384,0.0162211535357596,0.0495796884460307,0.0273363088227549,0.333045763636062
"spot_840",0.00158401771888596,1.93192246775128e-05,0.000520271370098399,0.0398711941897364,0.362314022136878,0.0163707839537902,0.0591088315016461,0.00105435189840295,0.519157208005885
"spot_841",0.36220255481341,0.00398574120144381,0.00460940915999521,0.0449003548480405,0.31563258464552,0.00337387776215862,0.162898800009782,0.000619141969540848,0.101777535590108
"spot_842",0.0653914103970435,0.00479364153537152,0.00697731061595794,0.0355965786984586,0.337801439699078,0.0112175005176799,0.0468798927051329,0.0113530375535057,0.479989188277772
"spot_843",0.344408109679804,0.00654745044957281,0.0069685534942147,0.0376619360735491,0.224302356591515,0.0205574902606564,0.043493487289907,0.0423994621798845,0.273661153980897
"spot_844",0.733242450433991,0.0143551158024215,0.0102447899151264,0.0157483518029095,0.0539541919827977,0.00133742109595094,0.0659251334852408,0.103812461545754,0.00138008393580817
"spot_845",0.715101549976511,0.0142193309493223,0.017230584890591,0.0128414542289537,0.0552544934262817,0.000841116585210538,0.0627237773902753,0.121034796231849,0.000752896321005829
"spot_846",0.685798221428462,0.0187058722664828,0.00693807628504536,0.022090844122289,0.0662713512211883,0.000659725811619227,0.0569702114157338,0.142119197445078,0.000446500004100653
"spot_847",0.736867388310023,0.0121386281698592,0.00839744047649871,0.0244777593985107,0.0605670623957874,0.000749465555127758,0.101896123052535,0.0541459035211271,0.000760229120531782
"spot_848",0.747519290434274,0.0112256706441525,0.00599300861214218,0.0187188790915023,0.0559803052209363,0.00152732746749931,0.0677663904374447,0.0891457238547397,0.0021234042373091
"spot_849",0.761505283943731,0.00859445625916402,0.00683630094438935,0.00988234052186477,0.0554237497115835,0.00144542785630141,0.0878834188014316,0.0668732423318924,0.00155577962964209
"spot_850",0.712199052052326,0.0197528751191949,0.00982151229069747,0.0218112881172386,0.0609631789660731,0.00086585885861104,0.0526535238479884,0.121134510109675,0.000798200638195455
"spot_851",0.768682789726805,0.0181931265349523,0.00547968016548366,0.0275741692880139,0.0487803677277576,0.0015310045561924,0.084909900254236,0.043331766813796,0.00151719493276271
"spot_852",0.742513723297113,0.00926690275942704,0.00775146093717345,0.0351059895625061,0.0338243013486546,0.00586322263604362,0.0911001701472966,0.0702926239551232,0.00428160535666268
"spot_853",0.753846831027256,0.014199408219823,0.00985049602925908,0.0190526268231321,0.0530233153101304,0.0012663046797134,0.0753065907845031,0.0720974898321274,0.00135693729405577
"spot_854",0.180198990775565,0.00799895373794006,0.0182559519147877,0.0235232909998101,0.0318055223077159,0.000849947106166585,0.213830579224789,0.522504115568463,0.00103264836476262
"spot_855",0.0226417560982031,0.0107076615651674,0.037346966980412,0.00393165311871584,0.273616863657348,0.00144303475016064,0.0142487310474087,0.620425053592616,0.0156382791899681
"spot_856",0.0209649994031814,0.0172212308333006,0.0507141660771823,0.0339772086113862,0.275398432405023,0.0046720864398309,0.00456203251813981,0.586500652951028,0.00598919076092822
"spot_857",0.0142000441045998,0.000151767389203194,1.250030425892e-06,0.0847897229623421,0.0604257254131349,0.00296545382633884,0.145582781385397,0.682217782042839,0.00966547284571918
"spot_858",0.0237663410670443,0.000458638257913891,3.05748001964246e-05,0.0405665993955483,0.0330251599994676,0.000315601852774996,0.333544417522084,0.564380042315723,0.00391262478924773
"spot_859",0.0242402675055416,0.0126955082560821,0.0938380534424862,0.00981280579677841,0.174920269802998,0.00329140545902858,0.00203591682165561,0.671630299521821,0.00753547339360834
"spot_860",0.128476120550194,0.00400551169464587,0.0402027387394758,0.00414474889473768,0.673066707915716,0.00246325019966011,0.0506342292922057,0.0248727038165948,0.0721339888967705
"spot_861",0.0362211657898484,0.00572160054479602,0.000750460835385555,0.0543567530104413,0.138277964876629,0.000813183198538127,0.152489142945838,0.60886981096469,0.00249991783383294
"spot_862",0.0176915986523991,0.00521438295948719,0.0130824669118929,0.370232259588398,0.221680058947891,0.00078587305659932,0.0120788910482306,0.345664242412665,0.0135702264224375
"spot_863",0.000994602955689885,0.000219823212304349,0.000182697202110688,0.606918062300636,0.321719988013786,0.000279181877549159,0.0393359745794236,0.00320770786412484,0.0271419619943755
"spot_864",0.0241514257759328,0.000127855910319109,6.92535928108815e-05,0.505465010620497,0.410498341594251,0.0053479619304746,0.0193141626692608,0.00442180139645934,0.0306041865099949
"spot_865",0.0312305987320267,0.000330446294401667,7.82190321640329e-05,0.593461677286346,0.242222773796701,0.0065865831241623,0.0478566626418416,0.000720971247108097,0.077512067845249
"spot_866",0.0104732948577017,0.000566455702857886,0.000739203203107095,0.481174977546973,0.414344531095721,0.00243982523891986,0.0473507041188305,0.00391962697015578,0.0389913812657341
"spot_867",0.0993605803746091,0.203775188368756,0.0692467725780588,0.380017558811529,0.0396550292455228,0.00561680838181116,0.123176190739872,0.0705066013619677,0.00864527013787415
"spot_868",0.137723921445721,0.496729083238825,0.0554623723295308,0.0445176059677156,0.063975913943947,0.00238588694022911,0.0616567902595718,0.137206353778802,0.000342072095657321
"spot_869",0.0056850583598403,0.00343613048342006,0.000374940876238733,0.017682514379612,0.15318226116815,0.0608726331156674,0.089920076475587,0.00450106310213414,0.66434532203935
"spot_870",0.00282037128346823,6.76672664143528e-05,5.20277773176855e-05,0.0122666701885988,0.290359219947653,0.0136595247444185,0.14006089535672,0.00227798758497913,0.53843563585043
"spot_871",0.67825058280623,0.0135512032514486,0.00576652142953793,0.0232109346334188,0.136278114845753,0.00287511809917156,0.0608299670371662,0.0694607818461101,0.00977677605116398
"spot_872",0.0083805264527143,0.00865437508216288,0.00272040067139169,0.0458784835162067,0.305830357725996,0.0425323586244577,0.174197703468582,0.011183543775188,0.400622250683301
"spot_873",0.00333795096178759,0.00553677535729367,0.00979326770998604,0.0498391935563984,0.379829541307011,0.0155527126215189,0.0055157862335491,0.00209617530190109,0.528498596950554
"spot_874",0.282225810908083,0.0100146724171503,0.00350929084710248,0.121019751066542,0.243617745735878,0.0126837739630626,0.0658347605123032,0.0267237474570729,0.234370447092805
"spot_875",0.726419966711986,0.0147137196566416,0.010609155770748,0.0163856524049556,0.0512224822481047,0.000921744259555858,0.0640301733854618,0.114716490154078,0.000980615408468105
"spot_876",0.702363611057105,0.0129429329886798,0.0176524981678413,0.0185288314137905,0.0736839148627827,0.000874211094592134,0.0565462230121079,0.11663717911377,0.000770598289330862
"spot_877",0.725668922886462,0.0258733971111749,0.0144498155541867,0.0100458636152375,0.0506101299644556,0.0008567324091207,0.0314402081227044,0.140495697124696,0.000559233211962509
"spot_878",0.639064482472887,0.0165614012769575,0.0313940329494328,0.111439533935793,0.0609195844196393,0.000605905777445523,0.078838812530497,0.0602883757892327,0.000887870848115262
"spot_879",0.706249433571679,0.0314194672768232,0.017334301847372,0.0256552558092168,0.0560603214199724,5.07325059823056e-05,0.0552955746393283,0.107891922534915,4.29903947114975e-05
"spot_880",0.73236107449631,0.0253144878553702,0.0120924458667092,0.0165911606089832,0.0535707971157642,0.000282076360251807,0.112614252755849,0.0470059119967041,0.000167792944058449
"spot_881",0.709448972786071,0.0126568868745499,0.00600233565503095,0.0337404130618606,0.0737778523227831,0.000874206331893046,0.0622471306865488,0.100529288560269,0.000722913720993767
"spot_882",0.73323336749871,0.00802299989752171,0.00320189010051263,0.0235544437216998,0.0755429685454314,0.00488297497888783,0.0918299209159463,0.0547125869823161,0.00501884735897409
"spot_883",0.689673481903032,0.0206127304814858,0.0126855197422215,0.014789307659954,0.0612644919261943,0.000230949404516453,0.0530614925991305,0.147577628761013,0.00010439752245181
"spot_884",0.0393027684963638,0.0050150510761812,0.000965277014063587,0.0220732770926714,0.354886377938375,0.00547397224060692,0.110500797983087,0.444508061539905,0.0172744166187465
"spot_885",0.00509039974908854,0.016100508078641,0.0952800725341014,0.00125582858505191,0.00812446355875662,0.000374587582734477,0.000329481714222305,0.872360450688235,0.00108420750916919
"spot_886",0.0393123485525236,0.00488619133090868,0.00481934744717128,0.0162555076937791,0.017937978859779,0.000246525235258788,0.372396557391377,0.543034841250985,0.00111070223821817
"spot_887",0.0517379242574369,0.00731882155294634,0.004249114933383,0.00469220568637349,0.115216540310662,0.00128675441275188,0.0327537127514601,0.765753084265557,0.0169918418294286
"spot_888",0.0523334917411318,0.00932520395349743,0.0101516875721272,0.00648691117618377,0.216558943676616,0.000938725425115792,0.0217390240401152,0.671435294962136,0.0110307174530773
"spot_889",0.0252197397661178,0.00725655306938415,0.0120976718465591,0.0334748604833992,0.128578025757629,0.00110851101690011,0.238022913615741,0.538434135377596,0.0158075890666746
"spot_890",0.0351966008572537,0.00557861657704014,0.00205218830043912,0.0314065973640183,0.0340294396827071,0.000859912534345437,0.178676291714781,0.707281394618636,0.00491895835077869
"spot_891",0.0225108724331295,0.000240625517804336,0.000147534655966867,0.0325234590303481,0.0163826978665785,0.000158395169680106,0.533251527835681,0.39274163628769,0.0020432512031218
"spot_892",0.0508864787428012,0.0260034413381531,0.0517986459495057,0.0280915776972444,0.0552653120670382,0.00437777708586265,0.0658182901113603,0.712242657475707,0.00551581953232717
"spot_893",0.0334022134748071,0.0104597503324449,0.0365668359217012,0.0571982988323394,0.230535644360016,0.000201148838928733,0.331093138985482,0.297687122053158,0.00285584720112348
"spot_894",0.0943427772029974,0.00170642635007704,0.00166292710162223,0.652642601950174,0.213296103149515,0.000717715929291834,0.0082117775447221,0.0114491743961778,0.0159704963754228
"spot_895",0.00552971116905342,0.00086432969974062,0.000536613365342587,0.788704470162768,0.0972276064313535,0.00609293728177628,0.0563850099016977,0.00573285257472798,0.0389264694135397
"spot_896",0.00312407684507692,0.000999252594565473,0.000246492000283811,0.579935965844526,0.34856932872271,0.00199345394648059,0.0309722742121782,0.0018100288950152,0.0323491269391633
"spot_897",0.0020282608509798,0.00021777841224323,3.47024481079974e-05,0.688115014606453,0.104950297038729,0.00120489319755313,0.187470338096103,0.00322068055151366,0.0127580347983175
"spot_898",0.000773649814309622,2.77583995446752e-05,6.15231226338211e-06,0.967960689693116,0.0100921186539208,9.72433475445545e-05,0.0156312735739572,0.00114919896234297,0.0042619152430008
"spot_899",0.0272453444135753,0.00344505853826822,0.0159239945237271,0.747471944185953,0.0412700039522036,0.00829324087318898,0.128183409116527,0.0241711608797132,0.00399584351684396
"spot_900",0.361298309800901,0.0147878069105827,0.00483086155172697,0.0890927212837788,0.124564889437561,0.0198376131311369,0.0845696285544031,0.0585674163441774,0.242450752985732
"spot_901",0.13278172439443,0.0128621779653338,0.0153651481488435,0.0537604847692874,0.210818891553185,0.040569712001899,0.093968684654897,0.0102045845092332,0.429668592002891
"spot_902",0.0486355204808213,0.00365119799350604,0.0320855911760501,0.261979700783363,0.195266720210168,0.0579258519796107,0.113203242755131,0.0126765929254926,0.274575581695857
"spot_903",4.03957653849091e-05,0.000901435033419658,0.000700512553905433,0.0907645002245357,0.445291047033308,0.00565807531215562,0.0300555590853954,0.00801278886335814,0.418575686128537
"spot_904",0.0828595214475019,0.00772681021434521,0.0192271566280649,0.0590014888213715,0.395118776094014,0.0117762493909364,0.0241489585912899,0.0245329479404795,0.375608090871996
"spot_905",0.0511726364143297,0.00216915675548602,0.00598477023031453,0.0181109768874288,0.325161003686671,0.0374228986043486,0.0957519874532622,0.0136581000546242,0.450568469913535
"spot_906",0.000496861789704123,0.000515056273225926,0.000404620291426838,0.144842559578522,0.423859705005694,0.011706218173032,0.00720302762601983,0.00383127942049613,0.40714067184188
"spot_907",0.752852598995227,0.00851486815591379,0.0049764319410253,0.0160418021817455,0.0555276046077915,0.00113964468230146,0.0848896586666564,0.0746869293651503,0.00137046140418891
"spot_908",0.744667070822235,0.0183482641757969,0.0104590367638902,0.00934340607989506,0.0633151036806942,0.000832007055783675,0.0736309727798315,0.0781467464950354,0.00125739214683766
"spot_909",0.727623403578104,0.0169417886941514,0.0146015487842507,0.0213564069583569,0.0762425151977618,0.000540898833128636,0.0770209374618346,0.0654487897827354,0.000223710709676469
"spot_910",0.719398220307161,0.00970962096374676,0.00783214599401775,0.0132085180795972,0.070120079308445,0.000719485610079057,0.0717962955255636,0.106665704524816,0.000549929686573706
"spot_911",0.692877780488662,0.0163078403927726,0.0160183832572115,0.0195865601512338,0.065323079142329,0.000858452339389692,0.0783221678491634,0.110177628586632,0.000528107792606805
"spot_912",0.671378172561024,0.0177190551040213,0.0141581491978831,0.0655623626484445,0.080796761369188,0.00122556090874045,0.0595593878218524,0.089108198746081,0.000492351642765031
"spot_913",0.759131940563262,0.0173274254795423,0.0115743359921953,0.00838672083249559,0.0550739125719759,0.000173086545930069,0.0665757686812284,0.0815803613458192,0.000176447987550809
"spot_914",0.412448618984672,0.0100654395816036,0.00278188674649791,0.0573313937270859,0.316023951222903,0.000708892118150568,0.0730454291232465,0.124650115340594,0.00294427315524752
"spot_915",0.0214236154232022,0.0117209404502967,0.0642268451254741,0.00719480413887486,0.11479322906459,0.000453666973674856,0.0220051344213423,0.747340065219844,0.0108416991827014
"spot_916",0.0539575248570922,0.00437361890183524,0.00258591851705411,0.024957631590475,0.113425186384265,0.000441137977794684,0.41453255675762,0.379273475877321,0.00645294913654279
"spot_917",0.0366739966943429,0.00222606303457693,0.00544846405327786,0.0366371536170666,0.553140603052967,4.03371433650574e-05,0.203904674651883,0.157103500721575,0.00482520703094543
"spot_918",0.0320419997541138,0.0164585064585859,0.0170325642206152,0.097081497701631,0.108239387245532,0.00724742872436054,0.0200138175786816,0.700268689349643,0.00161610896683698
"spot_919",0.0242891557409874,0.0105393945473699,0.0540663223731492,0.0120383711243531,0.13930242792139,0.000693179567266804,0.0376730741851113,0.705172553195556,0.0162255213448156
"spot_920",0.026914262387508,0.00301071903490548,0.000121305195489911,0.0469613361454074,0.00767636863804255,0.000737219588205289,0.39025297887909,0.519649333245982,0.00467647688536896
"spot_921",0.0183443032367636,0.00229515070953565,0.0055927292385043,0.0106894843942441,0.377352647861953,0.000106843983318107,0.257929545157859,0.31583455693736,0.0118547384804624
"spot_922",0.0128389973755256,0.0122099829750047,0.0417681479677606,0.0112234896156663,0.16188352400455,0.000740713132156314,0.00725767631857624,0.740567494812645,0.0115099737981153
"spot_923",0.101844373596552,0.0053928854746596,0.0646541605880347,0.00296751932132482,0.31233579238001,0.00422615164361859,0.00162016257070163,0.43662011914062,0.0703388352844786
"spot_924",0.0445044391849175,0.0115909486685857,0.0362842711777628,0.0449458806962871,0.249947621181719,0.00217697133983963,0.00321307067302339,0.591809312902428,0.0155274841754361
"spot_925",0.0257722965850649,0.000330057618819505,0.00040874837769356,0.624181005623179,0.193432947180283,0.00150408741693863,0.10961798008768,0.0192964782226346,0.0254563988877061
"spot_926",0.11937659910837,0.00540241869105959,0.061230719012548,0.183006468702558,0.367000068521826,0.00182253881147793,0.00142778967788031,0.234790724277816,0.025942673196465
"spot_927",0.00826275705941423,0.0023629475158244,0.00285816665626566,0.614847730988686,0.233232210805599,0.00367481266043956,0.0945759945186693,0.0028541649743656,0.0373312148207363
"spot_928",0.00921474894767382,0.00178802056591853,0.00357275781831664,0.433036023402449,0.0271727448860528,0.00105709763615076,0.486727648165714,0.0281598877346741,0.0092710708430504
"spot_929",0.051674695788377,0.0114909901538071,0.0103840222617698,0.209715587621184,0.0455236374191066,0.00247438994655276,0.605742671157946,0.0622691243823714,0.000724881268885124
"spot_930",0.0054735501733724,0.000172061775031697,0.000105869676313619,0.709264964982627,0.0213177348112936,0.00268115904198236,0.23272741306587,0.00306461420927118,0.0251926322642388
"spot_931",0.00358537597964137,0.00414303293606264,0.0029401073225818,0.0804484634860559,0.28767888845009,0.036108516913164,0.0609234766901928,0.0118096955030443,0.512362442719167
"spot_932",0.172030105670592,0.00710645740843141,0.0100762831795625,0.178378889870103,0.163024722128036,0.038333135898019,0.085533005451193,0.00453782734696247,0.340979573047101
"spot_933",0.000836273489591501,1.12979943109984e-05,4.0904657116667e-06,0.0389708126175384,0.368572513684545,0.00681409229235545,0.0235863119189585,0.00312662209114617,0.558077985445842
"spot_934",0.463492787860738,0.00427684284403748,0.00518173454720427,0.0560955867275178,0.234471277838198,0.00712758249375496,0.0631297647454106,0.0373786087169031,0.128845814226236
"spot_935",0.00178763902426409,0.000106457312130859,0.000140086289201481,0.013786067843733,0.326544176474639,0.0170936135259049,0.048148974452649,0.00258321547313015,0.589809769604347
"spot_936",0.343186682892436,0.0100936097285497,0.00697853403581217,0.15958454818683,0.187996031132424,0.0145387983948953,0.0652137247052913,0.0193938561022947,0.193014214821467
"spot_937",0.00266418115833609,0.000332023261466433,0.00342236026247834,0.0171893809852395,0.352928605041499,0.0476004385503323,0.0492606525727771,0.000266787127569047,0.526335571040302
"spot_938",0.135878194427994,0.00372391352228584,0.0052468301452115,0.0393715718941885,0.00907261424288822,0.00122815687990185,0.75349414853895,0.0510280359209007,0.000956534427679341
"spot_939",0.511691643720128,0.164741825655147,0.0403837950677316,0.0190926798625876,0.0459182479934342,0.0016171668083651,0.0329637775958982,0.182136951947218,0.00145391134949027
"spot_940",0.719162383128828,0.0871527176130611,0.0135883641729221,0.00324104083417524,0.00601487396357993,0.000344841134263423,0.0843246814697675,0.0858363131792039,0.00033478450419923
"spot_941",0.668984636232688,0.00773101498553133,0.00702744562896157,0.0297966694185953,0.10791409113632,0.00133275888190272,0.061578721714887,0.113930463659578,0.00170419834153702
"spot_942",0.730494505952769,0.0156967972138174,0.0190903891653845,0.0328003433537992,0.0640656883029,0.000929226350286628,0.113893995194592,0.0209661849478427,0.0020628695186088
"spot_943",0.830593308945433,0.0148085281612471,0.0250326763989546,0.000574279167282894,0.000405593365916526,0.000114449873093101,0.0526434815592991,0.0755759726436925,0.000251709885081443
"spot_944",0.722841643734885,0.0320150751582641,0.00635225187925882,0.0333281233552598,0.0445068516676601,0.000770696408894303,0.0741865281130604,0.0853695166122434,0.000629313070473933
"spot_945",0.0336987048951465,0.0101908287495107,0.00460222299252946,0.0220624168498452,0.0254752206362533,0.0010225351115511,0.165066366596556,0.734556368822035,0.00332533534657314
"spot_946",0.0347080505756929,0.0136571663462742,0.0483249488909464,0.0120995900705077,0.0937133853472687,0.0067660037890448,0.0693105608092737,0.698911309406973,0.0225089847640187
"spot_947",0.040621133495821,0.0145165999115706,0.0561719716280915,0.0155364497181395,0.0338004261435345,0.00230886396369147,0.119838245623343,0.715622075980882,0.00158423353492649
"spot_948",0.00265622164927251,0.0209034820422838,0.120459509446038,0.000251174019310835,0.00492990234369048,0.000199592448681634,3.5171963776383e-05,0.848087114996635,0.00247783109031094
"spot_949",0.0261185924407415,0.0241047293203907,0.0913866030532468,0.00127783671402297,0.00385656197346764,0.00859117556257236,0.000666776929295428,0.80875328848718,0.0352444355190827
"spot_950",0.0237240249874799,0.000492404065924836,4.87072916822506e-05,0.0485876187272217,0.0323113950666863,0.000564161086918224,0.414022112727432,0.474374649629693,0.00587492641696119
"spot_951",0.0178444021990724,0.0192383019354221,0.0292464169314646,0.0199223718830742,0.0197877120456708,0.00287195938476993,0.134782666659868,0.754795337046974,0.00151083191368415
"spot_952",0.0361626886824163,0.00808263649224265,0.00286563714769534,0.0288056379306914,0.0911577916557205,0.000600950217337355,0.1451345231993,0.685473184999986,0.00171694967461051
"spot_953",0.0623094386991293,0.00999042618111136,0.00295552455906539,0.0171436700939682,0.0432838675542867,0.00130742550239675,0.188674088954562,0.672065629900531,0.00226992855494985
"spot_954",0.031127382108955,0.00867072281022221,0.0361170507966984,0.0403985229563436,0.356224266870252,0.00034903390561174,0.0342573414138529,0.482859067138797,0.00999661199926746
"spot_955",0.0345977856768925,0.000531839592533081,1.08426008849211e-05,0.0179956495733651,0.0219164021190164,0.000103724419407111,0.445172319959503,0.477653803135962,0.00201763292243599
"spot_956",0.0140415279683457,0.000206876226288376,0.000207312112871161,0.660687418719762,0.165084298337734,0.00319225948296198,0.0865206093017937,0.00338208543158716,0.0666776124186565
"spot_957",0.0206756280419746,0.000474456650252262,0.000767478642025,0.594313315226429,0.289585545718228,0.00984941494933915,0.0377850583992218,0.0127922280524031,0.0337568743201273
"spot_958",0.00186032521732201,0.000964066353887576,2.94663139510341e-05,0.821338466038321,0.125444515854894,0.00418258820659796,0.0273686083226512,0.000801324686332789,0.0180106390060432
"spot_959",0.0204201329484612,0.00290069298764874,0.00690829798112813,0.110787626713259,0.00255906330482152,3.6549540352707e-05,0.821672236424131,0.0344173463539926,0.000298053746205016
"spot_960",0.0114798469355828,0.0121808782319902,0.00638609341699841,0.155012830747392,0.0130690936085153,0.00449853263908755,0.741799478825483,0.0549432393423438,0.000630006252607371
"spot_961",0.00288507016046564,0.000280048578074046,0.002847564463739,0.119083645587324,0.00722214229669054,0.000640845891363272,0.810323339784375,0.053836085213463,0.00288125802450612
