"","CT1","CT2","CT3","CT4","CT5","CT6","CT7","CT8","CT9"
"spot_1",9.18801427015152e-15,9.44031573523325e-15,0.51925731650588,2.84910653581793e-15,1.53144801910528e-15,0.0943768790116342,1.58909384023286e-15,0.0660111923546715,0.32035461212779
"spot_2",1.20920861554709e-14,1.0964266618456e-14,0.500528471478581,0.0622282576943781,0.00431817276741326,1.47896764319781e-15,3.35011997365728e-14,0.0850308227077914,0.347894275351778
"spot_3",4.47886388122186e-14,5.84810276499947e-13,1.21395887051066e-12,2.59035901965945e-14,1.0519187647908e-13,1.38142139572271e-12,3.10735785805044e-14,0.999999999996612,7.00128331506875e-16
"spot_4",0.0692032945999116,8.75918865251865e-15,0.483795723388966,0.163022371667826,0.000964817928535289,1.72730329018137e-15,1.53437832122594e-15,0.0380196226563564,0.244994169758392
"spot_5",1.21751504386728e-14,8.90406719051853e-15,0.461664344795972,0.00132830055396981,1.30975740743412e-15,1.73725261523456e-15,1.21730209745141e-15,0.201058556212016,0.335948798438016
"spot_6",9.21088762890799e-15,7.31248549183792e-15,0.450270625971506,1.30137382814886e-15,2.17024852003737e-15,1.0819061797384e-15,1.19157391288553e-15,0.220279726774506,0.329449647253966
"spot_7",7.72540266136829e-15,1.06754516904479e-14,0.502444711184791,0.0873166115599817,1.73283355845127e-15,1.32675193794867e-15,9.32737681897134e-16,1.52278389267761e-15,0.410238677255204
"spot_8",0.222173802151813,6.29175993130067e-15,0.38726096050565,0.0161723970250904,2.3234672104544e-15,3.00590092576167e-15,1.53592533556003e-15,0.10190519356488,0.272487646752554
"spot_9",0.943808435900665,7.62795637968876e-16,0.0474564541968946,1.89176137389193e-16,0.000917021939966927,3.516304967321e-16,3.10610690804116e-16,0.00694133760108935,0.000876750361382467
"spot_10",0.597938561988429,2.58979844027553e-15,0.16674477434715,0.0898899451932433,0.0298472198828863,0.00702172624959338,0.0487733143856335,0.0325018580401207,0.0272825999129418
"spot_11",1.67265862026475e-14,0.00841950937830403,0.466751928323978,0.453396480910188,0.0714320813875017,2.15982742383661e-15,2.22106998645918e-15,3.16796657614499e-15,4.42051364901702e-15
"spot_12",8.60380551352418e-15,1.72022090645251e-14,0.483267804957695,0.493710862753952,0.00422754221555556,0.0187937900727682,1.1649437968144e-15,1.07648322395212e-15,1.23330407777123e-15
"spot_13",0.154647143828264,7.75597724311037e-15,0.3934284939451,0.384449013636066,0.00170671193025953,1.28997766007203e-13,0.000166687641092692,0.0656019490190792,1.77319121986978e-15
"spot_14",6.99877551954506e-08,9.81956986659291e-15,0.500042441633006,0.495131518014642,0.00354600595822747,1.95002429564286e-15,1.87196913315842e-15,2.09041316964609e-15,0.00127996440635284
"spot_15",1.62756681926418e-14,1.1202131067374e-14,0.423272129066183,0.494824311655461,0.0819035592783175,1.91238582228608e-15,2.31015167491697e-15,2.66084021537e-15,4.24060087957466e-15
"spot_16",0.0388677613319929,1.15977449712396e-14,0.440944054095795,0.330981455126112,0.121045925044622,2.01767334269029e-15,0.00273584223996529,0.0367111965992368,0.0287137655622624
"spot_17",0.101404723830419,9.29246195824437e-15,0.474311953055628,0.328555671068478,0.0321592127215985,1.7194792949673e-15,1.66761252037686e-15,0.0486433194629915,0.0149251198608732
"spot_18",1.0108693204259e-14,1.30010168869244e-14,0.500517578655511,0.479723713492638,0.0197587078518215,1.06258238797862e-15,1.36968208836997e-15,1.7136754478887e-15,2.79406022098468e-15
"spot_19",0.105152121854299,9.54614076346596e-15,0.415427700619133,0.439187768094486,7.13645561019205e-16,0.0197752951560724,0.0121750779206846,0.0082820363553124,1.85413498547384e-15
"spot_20",1.66168059234625e-14,1.4428225441141e-14,0.485140833591126,0.485296138453417,0.0295630279554153,1.81327534773344e-15,2.26165790600301e-15,2.95763994314045e-15,3.79227734874012e-15
"spot_21",1.11751965304383e-14,1.19779239748067e-14,0.458238601814602,0.505073210806615,0.0360385906152015,1.51711275522411e-15,1.31516406554221e-15,1.53476635842759e-15,0.000649596763554067
"spot_22",0.0798929368521994,0.00898877108386193,0.479869501082,0.398602686147445,0.00659578605745868,0.00203787477126222,0.00142001897933588,0.0225924250264361,9.36708662407358e-16
"spot_23",0.0125122330452361,1.16469186562995e-14,0.473014279976949,0.491743261764604,0.0227302252131918,1.33005555898299e-15,1.93304224484963e-15,1.73298572258986e-15,2.38357439517173e-15
"spot_24",1.96131310691408e-14,6.773416288727e-15,0.474287990589297,0.397656668853598,0.126568994389954,9.86291115105972e-16,2.66904205405721e-15,0.00148634616710865,1.2431317337821e-14
"spot_25",6.28236162807416e-15,9.59285561668534e-15,0.513635810302959,0.483783576438466,0.000382454451021558,1.12369182486724e-15,8.06336578140882e-16,7.91418163542086e-16,0.00219815880753403
"spot_26",0.00442153284965366,1.72090238166646e-14,0.450453467285366,0.481696941996746,0.0634280578682118,1.71960712755421e-15,9.26382163506557e-16,1.27723243879123e-15,1.9892347524822e-15
"spot_27",5.17988122839682e-15,1.12417761527996e-14,0.550200554042905,0.446523057381131,0.000283426621286205,0.000793970804920952,4.72196837141894e-16,6.28773259190651e-16,0.00219899114973975
"spot_28",0.000659191035300676,0.0485667100231833,0.450672749582629,0.467640256546066,0.0314563127859165,1.83978327761672e-15,9.48994752608407e-16,9.25022076426211e-16,0.00100478002690118
"spot_29",1.27007470941286e-14,1.58340406678896e-14,0.428583593629085,0.451258603647579,0.119126572679315,1.92845943941284e-15,1.34824292078867e-15,2.21600527167205e-15,0.00103123004398682
"spot_30",2.05329135645059e-14,9.12251998285598e-15,0.51816369160219,0.408486347709928,0.0704084873801555,0.00294147330768703,3.01367658831408e-15,2.38789032807267e-15,5.0802638191718e-15
"spot_31",9.0215679285176e-15,1.27339151993916e-14,0.525307364504729,0.466463732561986,1.1286378510538e-15,0.00690108418829197,8.5566805704104e-16,1.19916529039638e-15,0.00132781874496781
"spot_32",1.41838992548885e-14,8.50041608843369e-15,0.427246964897863,1.63551391033194e-15,1.55079659807795e-15,0.00740343300559608,0.0428275238189158,0.125276623689235,0.397245454588364
"spot_33",7.75903173988482e-15,5.98238447846368e-12,0.515622774710079,0.00575785326778356,0.0139154870101271,0.00540790175514283,1.08984160078324e-15,0.140041446839838,0.319254536411038
"spot_34",1.14698977266378e-14,0.000153136268871313,0.486840132060312,0.145168946769526,1.58471658002995e-15,0.000315223138887638,1.40437039926415e-15,0.26765770015093,0.0998648616114589
"spot_35",6.80939902313928e-15,1.09429070551461e-14,0.223553523768645,0.339312967515148,0.08626688594749,5.35709622094637e-15,0.197875817681404,0.0243853041114806,0.128605500975809
"spot_36",1.17051119380345e-14,2.54723828771637e-08,0.436250151351212,0.136705829993519,1.32141325316227e-15,0.00110924454014398,1.41111280846729e-15,0.308669598886683,0.117265149756045
"spot_37",8.43367464120324e-09,9.5109920465474e-15,0.417299964550384,0.170223581851583,2.2920233913807e-15,1.62391902895574e-15,1.85010832272252e-15,0.231714016576299,0.180762428588045
"spot_38",1.99081505273545e-14,8.82782794660227e-15,0.479859725662398,3.578996149814e-05,1.56028203748434e-15,0.00578632877442364,2.35850411924473e-15,0.171530394298378,0.34278776130327
"spot_39",0.303167921687974,4.82381875023241e-15,0.346363451399207,0.218853419469447,0.0299117907445537,1.28779822364946e-15,1.31100508895768e-15,1.52232417537752e-15,0.10170341669881
"spot_40",0.757094089866621,2.90458081731156e-15,0.113112496820641,0.117366697451782,1.33398796068026e-15,0.00551333899009837,1.09114326520982e-15,7.62899378272142e-16,0.00691337687085228
"spot_41",0.881142098490658,1.23853526557233e-15,0.0371951936862048,0.0812846671878714,9.03154389063216e-16,0.000378040635261043,7.03626743850296e-16,9.95710399301983e-16,5.32501535985665e-16
"spot_42",0.0692630942557305,8.83953564888686e-15,0.450345751540619,0.397895391035545,0.082495763168088,1.70840622463747e-15,1.75689727282211e-15,1.9925826191172e-15,2.87723544891038e-15
"spot_43",1.44605395140022e-14,1.04683689991887e-14,0.430879550655721,0.498718442110252,0.0159739339297059,0.0223506174267702,0.0179978899099831,0.0122641281713961,0.00181543779614706
"spot_44",0.200286019564208,5.62006335936722e-15,0.402310159843392,0.287693930075064,7.29197399310809e-16,0.00991149221236034,0.0233491557851299,0.0764492425198375,1.00257369993438e-15
"spot_45",5.82379109763225e-15,0.00213793639258981,0.547397789166246,0.450464274441155,7.63125047881468e-16,8.28169965204163e-16,5.5864787444827e-16,6.9154991813768e-16,2.82959703137609e-16
"spot_46",0.165765814361119,9.00062489238072e-15,0.448335349539415,0.300055668842491,0.0341846056677351,1.56342746610633e-15,0.00877220212164717,0.042886359467581,6.3798183348664e-16
"spot_47",0.00948100311881575,1.02513696862013e-14,0.511733952633839,0.477839222693753,0.00094582155357656,1.25022305123827e-15,8.10317378692344e-16,1.28869868549165e-15,2.06099703546569e-15
"spot_48",1.05277430093769e-14,9.96619909001486e-15,0.456942947619199,0.474854426081774,0.0664810651236322,0.00172156117536761,1.9793273276828e-15,2.147217503107e-15,2.47052876278886e-15
"spot_49",9.15519717866716e-07,9.71762763513593e-15,0.50525277288058,0.486233025981628,0.00273072197663451,0.00578256364142535,1.41932851531415e-15,1.07077177860758e-15,1.85737951232538e-15
"spot_50",9.306926633189e-15,1.24532055884062e-14,0.501960045961106,0.470283582926657,0.0245307558467693,1.45487053831399e-15,9.49566420132767e-16,1.08135257152919e-15,0.0032256152654424
"spot_51",1.63772715263839e-14,1.11493700109238e-14,0.42299581952924,0.475930071156698,0.101074109314024,1.55003068478122e-15,2.55318204783589e-15,3.1239535273509e-15,3.76630615063182e-15
"spot_52",2.89397455226519e-14,1.0310757334025e-14,0.453334448090622,0.445365348881253,0.100605118052458,3.76757517519886e-15,3.93981446644345e-15,5.95645463266037e-15,0.000695084975615296
"spot_53",3.82061703093941e-15,7.74831024207276e-15,0.423634280500521,0.576365719499465,4.19411939098032e-16,2.48443794410998e-16,4.3453097521651e-16,4.48989573240497e-16,8.48322854131566e-16
"spot_54",1.2414985536642e-14,0.0096499527846553,0.484292968356319,0.422954484570712,0.0734639273488651,1.27812842350422e-15,1.30353801337526e-15,1.86958048213562e-15,0.00963866693943166
"spot_55",0.101124765525627,5.96147511993955e-15,0.357468397264837,0.282134758484031,7.50870567209064e-16,8.30867062688529e-16,0.132736161591555,0.126493412746793,4.25043871486874e-05
"spot_57",8.27960556768676e-15,1.31874967899859e-14,0.492493799450755,0.507506200549218,1.20719116694148e-15,1.12245655711542e-15,8.39268547416839e-16,1.43810960699075e-15,1.67513049245256e-15
"spot_58",7.68124413511551e-15,1.57217695478755e-14,0.505155466952171,0.471427119133949,0.023417413913852,1.9680892768216e-15,6.93688150040454e-16,8.37345766779958e-16,1.04315178754668e-15
"spot_59",1.05883441363302e-14,1.07963098322296e-14,0.485512238963715,0.474501302530962,0.039537782589649,0.000448675915648872,1.17427221983982e-15,1.2507936257431e-15,1.71830536782622e-15
"spot_60",1.59328152863694e-14,1.0189463135074e-14,0.475562393499817,0.418414877004383,0.0488397833367715,0.00195537282605874,2.32618956580709e-15,0.00504125811844941,0.0501863152144912
"spot_61",0.000459934114893499,9.66091631489501e-15,0.445298562195417,0.499267296110477,0.0549742075791934,1.18599454933961e-15,3.54273895937424e-15,2.31991683518392e-15,2.13867390385216e-15
"spot_62",8.22776370674426e-15,7.03975840742284e-15,0.481946341594578,0.518036442024159,1.72163812429959e-05,1.70246864690001e-15,1.61530881731338e-15,1.09821068907042e-15,5.07279791673975e-16
"spot_63",1.68369387275636e-14,8.87525381982125e-15,0.462003671641526,0.117689137249764,1.6208829414261e-15,1.9734028908745e-15,0.000443348270621335,0.168543365340642,0.251320477497417
"spot_64",1.15572595457108e-14,1.20161746282698e-14,0.46125219121847,0.0985778351879108,1.75604866044938e-15,0.0079042329507193,1.80758156866425e-15,0.192764472789654,0.239501267853219
"spot_65",1.11424142996297e-14,1.09325772692728e-14,0.483175304936788,0.167023420064697,1.47580992064197e-15,0.00316749902466381,0.00920438832280159,0.133607198555268,0.203822189095758
"spot_66",9.22627544570378e-15,7.19678647066561e-15,0.44684787585074,1.79297687914609e-15,1.56536035569612e-15,1.0824012175492e-15,0.0228213829992828,0.238904559865593,0.291426181284363
"spot_67",0.000871121240324388,0.14655810048636,0.403497754992161,0.108987387989409,1.9141766347948e-15,0.000134186184557059,1.53060111773711e-15,0.1458808800845,0.194070569022685
"spot_68",8.59303694608939e-15,8.68718066692315e-15,0.440781281660294,0.0679158025165505,1.4737265174695e-15,1.70334182207242e-15,0.0318383560494824,0.264683007912354,0.194781551861299
"spot_69",8.61078549720794e-15,0.0774695046155683,0.472148506812274,0.120446893214522,8.00526623128968e-14,1.30987440213027e-15,1.26355758202289e-15,0.175387299284101,0.154547796073443
"spot_70",1.28269672124707e-14,8.5129326187177e-15,0.425918005674314,0.258118532184613,0.0168120174370642,3.94273706131864e-15,3.42754537042166e-15,0.162474478266951,0.136676966437029
"spot_71",0.911353105388727,1.27954461217944e-15,0.0201171349795872,0.0661669369176012,0.00201600623914613,1.19179312036025e-15,6.45514739648453e-16,5.45779530520993e-13,0.000346816474389431
"spot_72",0.694284835571815,2.75158603443172e-15,0.183253619791632,0.111746508932377,1.97468467690214e-15,1.38340743032524e-15,1.08190434952741e-15,0.0107150357041682,7.98960661593676e-16
"spot_73",1.44312685757028e-14,9.76343615059112e-15,0.522016634808301,0.474499863763126,0.00109503451353849,0.00161690472547641,2.55404209026329e-15,2.32527416421296e-15,0.000771562189528757
"spot_74",1.85620751462154e-14,7.43662776409077e-15,0.441423294120446,0.411134150542213,0.0211338505973675,0.0593664794019422,0.0236696517229647,0.00247003985273565,0.0408025337623055
"spot_75",1.07181067689102e-14,1.25036785444823e-14,0.517876877405603,0.476602510908743,0.000923221405678337,0.00378506207141962,1.60035704517528e-15,1.30087132128197e-15,0.000812328208529113
"spot_76",1.70050987990438e-14,0.0107723225414009,0.478318910800615,0.467720325408922,0.0431884412490347,1.59575603596632e-15,1.49092387209689e-15,2.1550429991495e-15,5.10528759712354e-15
"spot_77",1.22630625255336e-14,9.78511837064496e-15,0.444101788913259,0.457572772810529,0.0579837525016839,1.69615833762853e-15,1.82242305763112e-15,0.000345450847197356,0.0399962349273048
"spot_78",8.92087598088224e-15,1.278635849512e-14,0.488321600885833,0.510219801627091,1.79654080076358e-15,2.35038263013104e-15,1.2653532524117e-15,0.000552157785182159,0.000906439701865978
"spot_79",9.56560122307092e-15,0.0589943055759426,0.408895528534877,0.506276613437966,0.0231348433960343,0.0026987090551674,1.04339115030629e-15,1.39850688187958e-15,8.20372823332476e-16
"spot_80",4.88071029896629e-15,3.327097279409e-06,0.415774384711011,0.577200497050051,0.00569492780453254,0.00132686333711933,3.12052726261486e-16,7.1915558318833e-16,1.1003209942301e-15
"spot_81",5.33827215785718e-15,9.04145588700542e-15,0.480285810613457,0.514912801247441,7.26282006480225e-16,0.00480138813908451,9.49731358369379e-16,9.51763364051102e-16,5.30176441429709e-16
"spot_82",8.67275151315863e-15,2.78917113772832e-13,0.503675739318894,0.486584531354357,0.00973972932645766,1.56702051665406e-15,9.00573274384384e-16,1.02462819443012e-15,6.47118936247488e-16
"spot_83",8.97551053651536e-15,1.31716367826648e-14,0.529012830253372,0.464569174061602,1.06202907047785e-15,0.00641799568499906,1.15382439565888e-15,1.05600403036449e-15,1.22774226354704e-15
"spot_84",0.111830997617325,0.139316367613718,0.335590951269326,0.322541686399573,0.00247202782753512,1.61966104152252e-15,0.000147267678171581,0.0881007015943491,1.01704512323868e-15
"spot_86",1.06014600241159e-14,1.05464419717363e-14,0.508605023983375,0.486104879170368,0.00529009684622662,2.43135303870507e-15,1.95043200056881e-15,1.47592312550932e-15,3.09585731202722e-15
"spot_87",3.8852377188487e-15,1.65897715347093e-14,0.503276765816452,0.496723234183524,6.35549072854598e-16,1.58836894854668e-15,7.03451912619599e-16,6.04942349274183e-16,1.8438227043744e-16
"spot_88",7.10377813749853e-15,0.0954118377071873,0.407983449639384,0.494115214081718,0.00248949857170061,1.38489607868247e-15,7.75251234092347e-16,8.29332718377851e-16,5.83099631343576e-16
"spot_89",7.93073162537839e-15,1.75107830381769e-14,0.47599933436204,0.524000665637929,1.0421309310566e-15,1.59852087425087e-15,6.95972707705863e-16,9.16071089677919e-16,1.21561848576e-15
"spot_90",9.78394872336584e-15,0.0533211561625612,0.443306669332363,0.47511036134004,0.0282617169903698,1.25673558884548e-15,7.54488595786322e-16,2.00103309377119e-15,9.61746514812541e-08
"spot_91",9.4978770782575e-15,9.98405469273549e-15,0.504042735552383,0.491506338023926,0.00314969864668744,0.000422363640195714,1.14111826132318e-15,0.000827240803052522,5.16233337348352e-05
"spot_92",1.53750930149175e-14,1.14278095637308e-14,0.478947642196247,0.517785963275433,1.35380339093935e-14,2.04179531543569e-15,2.27101459112959e-15,0.00326639452827295,2.17625945207532e-15
"spot_93",1.07759938875451e-14,9.04202152537667e-15,0.497838301421059,0.339837934708423,0.00615480553908645,0.00166389879372353,2.08970115881249e-15,1.42611514439138e-15,0.154505059537685
"spot_94",8.96280069845655e-15,9.18269070292819e-15,0.420797501408858,0.0430709657963719,0.0194288006133969,2.16090501359612e-15,1.98717814757376e-15,0.375221951590448,0.141480780590903
"spot_95",8.70660392356739e-15,9.40743637082212e-15,0.239044454746823,0.246689115715446,0.0214896062735801,0.0823053681853886,0.220925436254579,0.00924402304665323,0.180301995777512
"spot_96",8.56172001860374e-15,2.65047650453509e-10,0.354279872622465,0.123388098643824,0.052461577738255,0.0371172426577772,0.0392546419964479,0.320353367114499,0.0731451989616753
"spot_97",8.25702997717834e-15,1.14489784526465e-14,0.406326361096554,0.0159692597538039,8.51077217369864e-14,1.60165740654019e-15,1.91331270202611e-15,0.435470736029053,0.14223364312048
"spot_98",8.06203225960242e-15,1.14443663841727e-14,0.53664260514677,0.0895831791392679,1.87166104513824e-15,1.76667736951608e-15,9.93764927742653e-16,0.170227429257225,0.203546786456713
"spot_99",1.01617940511615e-14,1.09460927038176e-14,0.396623577745281,0.0778008295917326,1.95591938703391e-15,3.35273416313762e-15,0.0380126482119455,0.312802778139813,0.174760166311201
"spot_100",8.28696651199753e-15,8.22612594573715e-15,0.475589345887594,4.8800807436706e-15,2.11581584774195e-15,2.78633455942399e-15,0.0312521247022372,0.0699765476747134,0.423181981735429
"spot_101",0.601635114219797,2.66934462922769e-15,0.103505782542866,1.83825387069881e-15,1.41265468543811e-15,0.00797007178861639,0.00364490830866169,0.283244123140053,1.39368488092845e-16
"spot_102",0.911427319354986,1.62607632649919e-15,0.0415618311202308,0.0304138375276094,0.012122244644615,7.1201088873122e-16,9.23323071960698e-16,0.00283953964306621,0.00163522770948889
"spot_103",0.939678050257984,6.61567170155822e-16,0.019285142321548,0.0403294768293395,0.000194942568623965,0.000512388022502547,4.54122229839084e-16,6.40983302078375e-16,6.80531282322902e-16
"spot_104",1.34461489254581e-14,1.38734516296698e-14,0.460256028838459,0.418103320706138,0.11497318478512,1.26917136895299e-15,1.19922045737974e-15,1.77064896509125e-15,0.00666746567025148
"spot_105",1.05127427694947e-14,9.86637540099193e-15,0.452459508472485,0.416757610273065,0.124694961643748,1.71011461493221e-15,1.4263197950064e-15,1.75500397895556e-15,0.00608791961067677
"spot_106",1.12979145285985e-14,5.53456358362099e-15,0.465432552381721,0.483088393433596,0.0514790541846602,9.43318261952781e-16,1.65795115855279e-15,1.17438857424464e-15,1.61658371105672e-15
"spot_107",0.0148778398441194,1.21170432339297e-14,0.478735417414022,0.497407909332598,8.78087700182709e-13,0.00412479941671515,2.04883851276507e-15,1.64491941050057e-15,0.00485403399165233
"spot_108",5.93563073147587e-15,8.32715934595808e-15,0.546818664215619,0.420601897249493,0.0325794385348706,7.91990307065318e-16,8.67246310803829e-16,9.07483721960805e-16,5.99310774151724e-16
"spot_109",9.53408998471111e-15,1.82008186809659e-13,0.442914423812838,0.509165789715389,0.0390988371862628,0.00882094928531448,1.28114936241607e-15,1.74407735184781e-15,1.36584108627223e-15
"spot_110",9.62213398646199e-15,8.29500685380379e-15,0.517864189456844,0.481744623581449,1.67521985623663e-15,0.000391186961683029,1.44424206454804e-15,1.33867377479924e-15,2.27541041816913e-15
"spot_111",2.43446287424738e-15,6.63152187637348e-15,0.599176011483868,0.399791033487902,1.93417088537767e-16,0.00103295502822113,2.48736151131183e-16,1.71485189050134e-16,4.19888094113783e-17
"spot_112",0.0124205160478117,0.0258193857742294,0.482587382958011,0.448755800852857,0.0259910617072371,0.0044258526598495,1.47091106830234e-15,1.48775345013524e-15,1.45865291118028e-15
"spot_113",1.09000669502747e-14,0.0364814952539626,0.406537369989389,0.534332299762914,0.00757160032655647,1.91087605549386e-15,0.0140927191214777,1.77368805814814e-15,0.000984515545685387
"spot_114",8.20936821734477e-15,1.26215254250215e-14,0.473056812436486,0.511461601319764,0.013595159333164,0.00188642691056262,7.65775935303063e-16,7.66052205608513e-16,8.86580303665925e-16
"spot_115",8.84648828062011e-15,1.22219482636805e-14,0.498369331052722,0.49377171858185,0.00785895036540134,2.1387469093709e-15,1.13870804895194e-15,1.47300495451374e-15,1.24674655757561e-15
"spot_116",3.78197127400884e-15,9.94893920112882e-15,0.541128692498636,0.458871307501345,1.24456386553727e-15,1.51276527992782e-15,3.5767382671993e-16,5.57974650745893e-16,1.67635536644201e-15
"spot_117",1.08703076187233e-14,7.47795928423808e-15,0.430990099499537,0.431349576875975,0.129141830776599,0.00545519111416265,2.05995771367614e-15,1.80782503312945e-15,0.0030633017337046
"spot_118",1.11780993985317e-14,1.87085022619981e-14,0.420278399631286,0.490184748837143,0.0895368515315344,1.57385943802963e-15,7.49123499408078e-16,2.04936670088316e-15,2.33347099922192e-15
"spot_119",1.25708926001374e-14,1.11919433382988e-14,0.48135429534962,0.393170211063648,0.124538759651722,1.29478929069338e-15,0.000936729578692854,4.35628749739331e-09,4.52943132162132e-15
"spot_120",8.03336031501615e-15,1.07307054917855e-14,0.444113164066908,0.478090104946598,0.0777859603085488,1.07706779231261e-05,9.92012662703043e-16,1.10748484391625e-15,9.07861787261711e-16
"spot_121",0.0468546322907389,1.31852150747365e-14,0.414883780546567,0.538261587162665,2.92078255559941e-15,1.75899491715424e-15,3.44757435964258e-15,3.64661945532353e-15,3.84895761532653e-15
"spot_122",1.56018137892207e-14,1.31462126815742e-14,0.413812997557381,0.508029828985851,0.0781571734567287,1.73173241030749e-15,2.10705210495436e-15,2.10387833660919e-15,3.84472456200888e-15
"spot_123",8.56260121322463e-15,1.64248072121259e-14,0.465905982123101,0.49872887977696,0.00495253678017206,0.0304126013197391,9.94099208328218e-16,1.04106541627595e-15,9.8620998247658e-16
"spot_124",1.14159666767071e-14,1.41100383798853e-14,0.480237801461198,0.511120990058431,0.00204667631351373,0.00647594116215334,1.5618274769729e-13,0.000118591004520766,1.26674938077377e-15
"spot_125",5.68949985768399e-15,9.39345881180925e-15,0.513770154666434,0.00237390135930918,1.60084767410419e-14,1.17381890857357e-15,6.97319251544244e-16,7.7268883114947e-16,0.483855943974223
"spot_126",1.07629138089587e-14,8.65257855883937e-15,0.4579116633412,0.280624351469447,0.010182717800253,1.77136909734842e-15,1.80963026545049e-15,0.191864031051831,0.0594172363372452
"spot_127",0.00538085227080687,9.70424660180636e-15,0.465008932887169,0.118281066816031,0.0053009327003621,0.00151411277929488,0.023456910142142,0.0150801996357674,0.365976992768417
"spot_128",9.64825451261018e-15,1.02250947043221e-14,0.494874014248333,0.0731827417870141,0.0431139667872687,1.84644258354587e-15,1.25224608114746e-15,0.103327888042951,0.285501389134411
"spot_129",0.0671907414353177,8.28868983245761e-15,0.453627344045179,0.18820758526592,0.0404992288250304,1.62853150330059e-15,1.86092764951959e-15,0.0424112152308861,0.208063885197655
"spot_130",6.96357316209406e-15,7.47668106990064e-15,0.479838473374451,0.0132706695869132,1.39401752949654e-15,7.07257762506821e-16,9.25173498828131e-16,1.82081896359831e-15,0.506890857038617
"spot_131",1.32839313410676e-14,9.94923019283036e-15,0.46121332642257,0.0502047156034997,0.0278287278016475,1.34843061117739e-15,1.33713596618202e-15,0.171631430349328,0.289121799822928
"spot_132",0.172346717732536,1.00916144537128e-14,0.446142501964011,0.151712066701074,1.46360208658459e-15,3.0548379543945e-15,0.0143478222945744,0.0655409904679819,0.149909900839808
"spot_133",0.819984249064223,1.50105801135589e-15,0.0560901145555294,0.068963359114269,0.0517179892777092,1.25621138710614e-15,7.59950139488033e-16,0.00324428798826473,9.26760608125676e-16
"spot_134",0.538549221314473,0.165218626783162,0.139310664111429,0.108846316589503,1.39475411175955e-15,0.0393949393893551,2.33301357701703e-15,0.00825123786771827,0.000428993944355117
"spot_135",0.000287899439617641,1.16697994546224e-14,0.487282404411687,0.511161886699479,0.00101139295346864,1.35832430602105e-15,1.14005025312963e-15,1.36572777529196e-15,0.000256416495732568
"spot_136",2.0053225459308e-14,1.25932695701727e-14,0.523356954150714,0.466760978326276,1.05213027953336e-15,0.00863220729867966,1.55230750067827e-15,1.33647725107924e-15,0.00124986022429385
"spot_137",1.63921991187677e-08,0.00159293531823013,0.450423772125962,0.449402147237277,0.0950811043811669,0.000197120954492154,1.10707004349388e-15,0.00203622269070651,0.00126668089996482
"spot_138",0.0117484509549929,1.40328733251548e-14,0.454673835530576,0.497454400402426,0.0291213679353869,0.00700194517659856,1.91594557967032e-15,2.1570488979251e-15,1.30714537987292e-15
"spot_139",0.148406448438303,7.31267492370973e-15,0.434495325093174,0.3885833039542,8.6024969941215e-16,0.00303253404358711,1.3246460869917e-15,0.0240354535668243,0.0014469349039022
"spot_140",6.13005252053891e-15,1.09524638673335e-14,0.521423831313464,0.469667873936891,5.35408288738797e-16,0.00890829474962507,9.58377004361059e-16,6.85046816713362e-16,5.7715124348695e-16
"spot_141",4.78443754706212e-10,9.97142463412977e-15,0.46282952740825,0.446825650519865,0.0829182573428297,1.83486969637294e-15,2.71336786709673e-15,2.79831884516241e-15,0.00742656425059495
"spot_142",1.4521394341068e-14,0.00768244609911864,0.431627066472581,0.465236329968448,0.0482529776583489,1.8177409868774e-15,3.05210859986415e-11,7.71998845103528e-05,0.0471239798864561
"spot_143",1.57067619963114e-14,1.10147081897743e-14,0.498032508116469,0.477056136481033,0.023175349464569,0.0008929986260257,2.55742889167418e-15,8.18195701877674e-05,0.000761187741686476
"spot_144",1.07287264048521e-14,1.17730783273168e-14,0.50481805534121,0.485964619921385,0.00183439214235315,0.00707539054189905,1.64789593946329e-15,1.30166871047927e-15,0.000307542053127589
"spot_145",1.83366803914522e-14,1.29041915763829e-14,0.477331039375447,0.502002970272345,0.0206659903521619,2.56843452937878e-15,2.08593967132053e-15,3.04569826368528e-15,7.40963782887334e-15
"spot_146",1.13550209015162e-14,9.34610034251271e-15,0.409079235582297,0.560752961100562,0.0276127337469496,1.74056977487738e-15,1.30314595366058e-15,2.43095988196781e-15,0.00255506957016489
"spot_147",0.015764101162592,8.79965688539946e-15,0.47635996889332,0.458529965779802,0.0409794562308922,0.00407248259838031,3.91922796972885e-15,1.9675342004598e-15,0.00429402533499898
"spot_148",1.29909756356701e-14,1.04032481433888e-14,0.477821025750754,0.507606618856495,0.00218292412089719,0.00765577842574635,2.07428165046711e-15,2.05899311455894e-15,0.00473365284607942
"spot_149",8.77198684810646e-15,1.39666483791367e-14,0.461037700393514,0.537643185610963,9.60428996031645e-16,1.8208619973347e-15,6.12167124816608e-16,1.21374914719409e-15,0.00131911399549598
"spot_150",7.79685134722985e-15,1.12719918982108e-14,0.468446538929998,0.529414456332331,7.99195515096189e-16,0.00213725349613781,1.75124151037476e-06,1.28818451274318e-15,1.3662567952026e-15
"spot_151",4.94317820130796e-15,1.09000930709222e-14,0.53564872725402,0.389731938492065,0.00477445676892043,9.44973767620436e-16,5.14185463031743e-16,0.000100530083335509,0.0697443474016417
"spot_152",0.0348021121309829,8.23942921580362e-15,0.432709009825142,0.443448808071203,0.0705786080069225,2.3391275233745e-15,4.39205945494453e-10,3.52175976400101e-15,0.0184614615265294
"spot_153",1.02222436479836e-14,1.40498572372088e-14,0.489999229657189,0.477460498175877,0.0220192446251894,0.00618827656258478,1.12354207016081e-15,1.20114728914061e-15,0.00433275097913322
"spot_154",4.19111605257988e-14,1.61635242452528e-14,0.408500759709156,0.416117718631996,0.00793328192357049,0.00819538055691204,0.159252859178298,4.48090638859705e-15,5.33472162975288e-15
"spot_155",2.13531896870641e-14,9.95796107014222e-15,0.387077221514762,0.525887035634187,1.5120836039082e-15,1.17789477204603e-08,0.0870357310720595,3.80835869641351e-15,6.27340938487369e-15
"spot_156",1.0420847081862e-14,1.03378580496451e-14,0.44224390821704,0.117814260082283,0.00709278255053845,1.76386534806412e-15,0.0163855908690874,0.173314642684522,0.243148815596506
"spot_157",8.25954396243712e-15,1.34230890404813e-14,0.494899203440901,0.121089573787041,1.63464398379356e-15,9.75159993539218e-16,1.04490728220353e-15,0.139474715923274,0.244536506848759
"spot_158",9.69502110417866e-15,9.82159068034567e-15,0.543832024300658,0.138297946536025,1.7687548714043e-12,1.86368342791652e-15,1.46166257128308e-15,0.106997316584697,0.210872712576829
"spot_159",4.50348495842474e-15,1.03288065276946e-14,0.364708510194138,0.179539518521999,1.01080147852352e-15,2.16559635040045e-15,0.113507453999996,0.342244517283848,4.49342239683429e-16
"spot_160",8.03183560993004e-15,1.97821101075069e-14,0.439702531345366,0.36237341087873,9.70517517423937e-16,2.19938656025427e-15,7.704265548058e-16,0.197773613914006,0.000150443861866322
"spot_161",1.24972507725449e-14,1.06812666124381e-14,0.483781690896862,0.200347611118273,1.14420271149262e-15,1.98230217348241e-15,1.1653857066813e-15,0.173172123176717,0.142698574808121
"spot_162",0.00545381493412454,0.180546826674292,0.370648150951844,0.0566533114994081,0.00672701482151431,1.57409704319883e-15,0.00123035555522948,0.0887477760426033,0.289992749520983
"spot_163",1.12295879391268e-14,9.6438656866205e-15,0.511374181167209,7.33023802375383e-08,2.55283457409396e-05,2.05970508339667e-15,1.24917681084415e-15,0.170671834140895,0.317928383043751
"spot_164",7.03121141526451e-15,0.752362454875774,0.0868943578206308,1.20219457650516e-16,0.0564122705645698,0.104330916739016,1.03747714923041e-15,8.76656879050982e-16,2.60222535403009e-16
"spot_165",7.7046126617921e-15,0.688706441899435,0.00316242927840531,5.14558120325279e-14,0.260575969709681,0.0396422907044519,0.007912868407958,1.72262721704167e-15,7.06765751288968e-15
"spot_166",1.15413515953497e-14,0.525553958890641,0.101140579290988,0.0759726075948124,0.258699617331543,0.0386332368919995,1.81280205394246e-15,1.69488814739365e-15,1.07803732423694e-15
"spot_167",1.04633684905694e-14,1.21716269169103e-14,0.544484202216932,0.440126818996232,1.29209574613041e-15,0.0153889787868079,1.45314921269633e-15,1.25106796251984e-15,1.09005737102597e-15
"spot_168",0.0946429526568502,8.47129991371805e-15,0.43354308844371,0.391337373398516,0.0127363061536563,0.00837024470536986,0.0292868500532461,0.0300831845886385,4.77950007595892e-15
"spot_169",5.3117051183943e-15,1.56113124590955e-14,0.465519368039951,0.533969131719196,7.49880756645685e-15,1.3617542628331e-15,4.01856675258644e-16,5.38900852791788e-16,0.000511500240821798
"spot_170",8.45051523426613e-15,9.59094356691926e-15,0.537067988486148,0.432968281082995,0.0269718496966238,0.00299188073420956,2.69165648838585e-15,1.40866313323108e-15,1.32768284611708e-15
"spot_171",1.16693602587239e-14,8.8635186458691e-15,0.480957543754268,0.501103438516629,0.0179390177290743,1.36169168926755e-15,1.60722070824088e-15,1.98041914973378e-15,3.17044381333656e-15
"spot_172",1.10659168905005e-14,1.2894643831019e-14,0.448881096927116,0.501133670994315,0.043752913269521,1.87446847404648e-15,0.00623231880901897,1.66720184746511e-15,1.79831801972473e-15
"spot_173",6.22251961862844e-15,8.50090746839548e-15,0.527332074968776,0.471358945797362,0.000193031354528051,0.000276974235347651,1.11241433861227e-15,6.51463958937523e-16,0.000838973643970033
"spot_174",4.12515319785913e-15,9.25318255390699e-15,0.537212632521134,0.458380200268853,0.00041460303476363,7.46570117808525e-16,4.26341137549252e-16,5.26847184870213e-16,0.00399256417523444
"spot_175",1.20116328781131e-14,1.12365687867822e-14,0.458222566435179,0.52111507205842,0.0113303091878362,1.51982567449322e-15,1.1000008818136e-15,1.47746223076914e-15,0.00933205231853752
"spot_176",2.14726188449283e-14,7.10470842015673e-15,5.06652289923373e-15,0.569957495611687,6.51595091784205e-16,8.28415765967095e-15,0.430042504388262,7.38847950917836e-15,1.61812097942104e-15
"spot_177",0.0560651534859361,0.0485295451591335,0.426190481924378,0.391552870646919,0.0604891613995544,1.77177808165026e-15,9.25894782139661e-16,0.0168424547819397,0.000330332602136923
"spot_178",0.0136933293263585,1.5124146254422e-14,0.293584005074811,0.243444519406591,0.449278146192215,1.72476831042346e-15,1.26592407540054e-15,3.06255005252031e-15,2.90744114645281e-15
"spot_179",0.00134545281556523,1.14041483503986e-08,0.531825586139795,0.437890143061547,0.0287733291703582,0.000165477408582118,9.00649095044241e-16,1.21436690720913e-15,1.88662520928743e-15
"spot_180",1.11256328317856e-14,1.11650117535159e-14,0.498693742259919,0.481545640755509,0.015510057244224,0.00014013363501108,0.00411042610531199,1.65173909566301e-15,1.39607925791056e-15
"spot_181",1.66293315827145e-14,1.1139986735773e-14,0.462683768330883,0.527368761801038,1.74154636317148e-15,0.00994746986804158,2.75647762073994e-15,2.0663967037049e-15,3.66597385261114e-15
"spot_182",9.67593496293386e-15,1.20524533976631e-14,0.47053272696656,0.476700603846373,0.0497909351857311,1.73900930524828e-15,1.00505083627814e-15,1.48915774138707e-15,0.0029757340013096
"spot_183",7.11385255591465e-15,0.12639907011316,0.399791154126883,0.469596038811711,7.79889749442481e-16,0.00421373694823595,7.91309946189211e-16,1.01022780265219e-15,6.84371304571691e-16
"spot_184",1.07621932034012e-14,0.123125829996275,0.418033108264282,0.452828606588104,0.00485062868102495,1.25489616484706e-15,9.09391241378036e-16,1.46435063639883e-15,0.0011618264703003
"spot_185",0.00919376148522136,0.0252765905606107,0.418474815824483,0.449604853480798,0.0268819182697282,2.87615393657049e-15,0.0705680603791464,5.21733934981005e-15,3.92622980635752e-15
"spot_186",1.14277633371253e-14,1.1388425364277e-12,0.520561750621455,0.442655878021826,0.0334162343538619,0.00336613700170071,1.57023946833584e-15,1.53752219933865e-15,2.70214291939879e-15
"spot_187",9.23862092230172e-07,9.74572492360527e-15,0.520318290582019,0.0856315660549449,0.0103796689220336,0.00210162268897666,1.07749336866693e-15,0.108884979634162,0.272682948255761
"spot_188",6.49858679867084e-15,1.81139706233381e-14,0.310512315241927,1.01629484502655e-14,6.33424985818565e-15,0.0470505777048198,2.0989920658336e-15,0.642437107053208,1.72111438495555e-15
"spot_189",8.39481717280142e-15,1.28927541391991e-14,0.322505444111515,0.144805636670392,2.73038468907826e-15,5.23749601057516e-15,2.25899161885059e-15,0.529498969299163,0.00318994991889792
"spot_190",1.13235963177201e-14,2.62312085973007e-12,0.457446991648182,0.0957452569317166,0.000130426813752238,0.00297962573578276,0.0180309337852777,0.169535072123099,0.256131692959556
"spot_191",0.0345858980799947,1.35415251998562e-14,0.487185822021042,0.160203476658332,1.63440870658998e-15,2.53308647473145e-15,0.00145342545181223,0.0881380558340832,0.228433321954718
"spot_192",0.00272525421446609,1.05333180696937e-14,0.492938412731645,0.277032769700716,5.20575908350196e-15,2.1668319588172e-15,0.0133474471065086,3.29926500999873e-15,0.213956116246643
"spot_193",1.15437631436951e-14,9.24572753795975e-15,0.436692247055926,0.0278758659907288,0.00475966471273877,3.06376583823852e-15,1.24605614992528e-15,0.229409333619165,0.301262888621417
"spot_194",1.20756417769551e-14,0.436396864677037,0.150823755790934,0.134768264873058,0.251257870377259,0.0267532442816947,1.72587558382818e-15,1.92282789152448e-15,9.88673878308786e-16
"spot_195",3.94912073357712e-15,0.899085471233586,0.00782454527404155,0.0205946996595615,0.000167710544452431,0.0723275732883527,5.0420526285551e-16,5.39431189200251e-16,8.33592883762235e-16
"spot_196",4.17178468330647e-15,0.919733209252053,0.0100644526165713,1.79457478763853e-08,4.78925882403339e-05,0.0701544275973802,5.5092217975247e-16,5.82171358124984e-16,1.64239278291419e-15
"spot_197",4.96722866280412e-15,0.68840576299076,0.0153873246490058,1.7078497296402e-15,0.290028723755861,0.00617818860436346,7.38708234605654e-16,7.37624387382123e-16,1.27004373327484e-15
"spot_198",6.68813940335032e-15,1.36848612830094e-14,0.498945164112337,0.490605370671851,0.00968931938262358,1.37239033562686e-15,6.81915646722788e-16,8.51982307942118e-16,0.000760145833165833
"spot_199",0.236509942857811,0.00446739725632678,0.369860817778585,0.212568462841741,0.054258655959493,1.03196436089863e-15,2.02423117533726e-15,0.122334723306037,3.01931484789296e-15
"spot_200",7.21287926720617e-15,1.11346273551362e-14,0.423428902479226,0.534047323690841,0.0425237738299107,8.96306559036141e-16,6.40167242718002e-16,8.77775589846753e-16,2.00850495220803e-15
"spot_201",0.0969781898191374,7.93626101000145e-15,0.484484797460735,0.375904798197539,1.12394634303009e-15,0.0139410196825668,0.00473753330854525,0.0239091776439548,4.44838875134243e-05
"spot_202",1.19329953089622e-14,1.505979538683e-14,0.429611832632287,0.560022428113829,1.98074130044348e-15,2.16569242879563e-15,1.79614252308908e-15,2.304432839466e-15,0.0103657392538489
"spot_203",1.70151904568332e-14,1.06231633340427e-14,0.482741722092338,0.487540189811425,0.0200338087881779,0.00167601507872175,3.13907951593722e-15,2.80157569809847e-15,0.00800826422930452
"spot_205",5.45905767840215e-15,5.96120976763488e-15,0.490671564698987,0.436986409529394,0.0723420257716051,3.89334806992345e-16,7.36339845729807e-16,6.24799653081025e-16,4.5290491357088e-17
"spot_206",2.10011499677842e-15,8.50804628754833e-15,0.508938241513789,0.491061758486199,2.66914234957224e-16,5.01178600492182e-16,2.96633590829153e-16,2.82530484703977e-16,4.63745479150918e-17
"spot_207",1.18659221237005e-14,9.99349415550122e-15,0.440743867277233,0.499230123038578,0.0600260096841582,1.1606014159291e-15,3.1494507049848e-15,2.32378405224455e-15,1.5985342924847e-15
"spot_208",1.20089599921826e-14,1.58710486611267e-14,0.438276863268586,0.470216728769153,0.0807654390896735,2.02304743831573e-15,1.41803124673984e-15,2.10026879361507e-15,0.0107409688725546
"spot_209",1.74530715968934e-14,1.02567513152496e-14,0.379859218347285,0.219625995030795,0.400514786621889,9.71336138693386e-16,1.34107020070102e-15,6.77952123160162e-16,3.85498479309463e-16
"spot_210",1.35668705752593e-14,8.04179275146823e-15,0.496446894216696,0.425869442300421,0.0254676819058056,0.0130059624768574,0.0323854975249052,2.45977738090596e-15,0.00682452157529082
"spot_211",0.00333668871335389,1.20806824150093e-14,0.519076947116575,0.467870887195133,0.00971547697491832,1.84323065735239e-15,1.75131461902447e-15,1.93719645270695e-15,1.75821553552792e-15
"spot_212",1.13422227837345e-14,1.61278562199116e-14,0.472229705135528,0.486611403419564,0.0250659899167761,0.0160929015280992,2.03924003852238e-15,1.87194979743429e-15,1.77972501861024e-15
"spot_213",8.58200183361641e-15,1.4878881730349e-14,0.48800992399546,0.394724647173385,0.0158209723773701,1.39266956726e-15,7.20275194675498e-16,1.20478916498472e-15,0.101444456453757
"spot_214",9.08600733568624e-15,8.93920121870403e-15,0.46023571739932,0.522530111837553,1.24849551270615e-15,1.60354577067502e-15,9.49972161776933e-16,8.28612490791929e-16,0.0172341707631043
"spot_215",0.000169512711571198,0.0237660750907839,0.488489907513458,0.48757450468418,1.18612054883673e-15,1.70839685750253e-15,1.11895928175544e-15,1.51175482831074e-15,1.9916031459241e-15
"spot_216",1.01114829263189e-14,1.03610770394041e-14,0.460208792810971,0.491904913763579,0.0478862934254247,1.066115338148e-15,2.08181165425876e-15,9.35263475842892e-16,9.52815074765692e-16
"spot_217",5.48655561919029e-15,1.20753844648674e-14,0.476573137222252,0.515336875454355,0.00568358290514911,0.00240640441822458,4.99012691895338e-16,5.70791111563831e-16,9.28214165441968e-16
"spot_218",1.03334127274496e-14,9.08570289254924e-15,0.245342624231783,4.93265691506061e-15,2.69323262242904e-15,7.9644112605426e-15,0.286826227736986,0.0880281101420803,0.379803037889116
"spot_219",8.05987033984194e-15,9.88518058641395e-15,0.513739805078112,0.107873752100178,1.48822223987378e-15,0.00743347346351635,0.00396145351706922,0.112158448129912,0.254833067711192
"spot_220",1.0042119143686e-14,6.35011281214315e-15,0.501463262475547,1.6204023925568e-15,1.61806274433888e-15,7.82398916955092e-16,1.40608820213957e-15,0.171004424300351,0.32753231322408
"spot_221",5.50405930932433e-15,8.98504461401258e-15,0.456770205729101,0.00199460331424143,0.00879972187312677,1.12889034260624e-15,1.46388251693777e-15,0.319891429893154,0.21254403919036
"spot_222",0.012667724984536,7.58582718148173e-15,0.422883663993036,0.216505266233908,0.0531078925740187,2.18072880166025e-15,2.63199494297812e-15,0.122867507723419,0.17196794449107
"spot_223",9.3429203873985e-15,7.35220606506443e-15,0.434940117527029,0.235453805622233,0.11306675707863,2.16332292813413e-15,0.00252493200418059,2.1141168008068e-15,0.214014387767906
"spot_224",9.20805356406219e-15,0.168990383776491,0.389644831614551,1.60353417894138e-05,1.9347470568505e-15,0.0479556794030684,1.47469462150114e-15,0.17054525443172,0.222847815432367
"spot_225",8.75618255235084e-15,0.653432866401953,0.029881459770505,2.07123250538462e-15,0.310757508705718,1.27285820473876e-16,8.17257489753626e-16,1.20283832388894e-15,0.00592816512181059
"spot_226",0.00803908294400324,0.265900581979421,3.38317142951259e-15,0.00685669435341679,0.677564420707204,0.0232379610556213,0.0177323141364087,2.07032986817946e-15,0.000668944823919213
"spot_227",9.69114064336136e-15,0.843156489671455,0.0420510726192511,0.00429888249850191,0.080058938089278,0.0273870412071702,8.78708544867926e-16,0.0030475759143325,1.11961835590158e-15
"spot_228",0.0799109778162218,0.614896893180796,0.0324135545832932,7.98080448535254e-16,0.179900284839292,0.0589359652373678,0.00578072606327118,0.0225203499462451,0.00564124833351182
"spot_229",5.76086749452229e-15,0.631346529150099,0.0343976233306172,5.81494810729226e-08,0.287404975566717,0.0363085927694361,0.0105422210336415,9.14479819042041e-16,7.22641367809995e-16
"spot_230",4.16089709736311e-15,1.61794822611297e-14,0.409107833334728,0.590892166665242,5.57048964233692e-16,4.42092352070213e-15,9.04759137086981e-16,1.31138515624182e-15,3.07556228715749e-15
"spot_231",7.6353862007552e-15,1.14940731975603e-14,0.495482748742075,0.5045172512579,1.90055886835542e-15,1.28303914621725e-15,7.48236696805256e-16,1.00506284142256e-15,1.13161125644924e-15
"spot_232",8.70253774497054e-15,1.18123919861265e-14,0.465484986582652,0.448699738272143,0.0775217809378657,1.44197193117444e-15,1.14236319378954e-15,1.07681322050489e-15,0.00829349420731547
"spot_233",9.1606196606022e-15,0.0679427160236568,0.450109169676779,0.476575276364346,0.00490718601865563,0.000465651916547922,1.72268556736516e-15,1.69861068317697e-15,1.24011667369329e-15
"spot_234",8.72576030688568e-15,1.21517880845895e-14,0.472285262843452,0.498145723269013,0.0282588828448085,1.27270768413067e-15,1.17432812762009e-15,1.34783513864712e-15,0.0013101310427023
"spot_235",8.58648570098071e-15,9.21322677001899e-15,0.43339612119215,0.505040464797239,3.78860189479647e-16,0.00117076622128987,0.0603926477892997,1.30343420574458e-15,1.3026348704827e-15
"spot_236",0.0297864108171612,1.42305092375161e-14,0.454147160184224,0.449777094774337,0.0662636871626569,2.87590577712803e-15,1.58926726374329e-15,1.8853150524924e-15,2.56470616005361e-05
"spot_237",1.64685980647861e-14,1.12293319919885e-14,0.458403781389361,0.464892461577722,0.0738943019252515,1.87066985316842e-15,2.46056880313648e-15,2.61556624045601e-15,0.0028094551076302
"spot_238",0.0534470802023728,0.0105772646200832,0.440635045032182,0.494668371668331,1.0254371896809e-15,2.515585984014e-15,2.35485303935294e-15,1.64450704861538e-15,0.0006722384770239
"spot_239",9.92455622564987e-15,0.604264147779464,0.107152144969695,0.206721733986017,0.0695962108408716,0.009441000871596,8.57656383809335e-16,1.06312487196303e-15,0.00282476155234521
"spot_240",6.25102065393352e-15,0.885635930667655,0.0102640149552416,0.00896344989849805,9.70963853009358e-16,0.0951366044785958,8.96097434901424e-16,7.17220385306316e-16,1.20250092273389e-15
"spot_241",6.86810977848141e-15,2.01785367931452e-12,0.535361043251738,0.46325404671882,5.72878717592315e-16,0.00138491002741451,5.56659051062212e-16,6.52456265696118e-16,5.79853250522112e-16
"spot_242",1.03871015525379e-14,1.45441217209826e-14,0.461877475306387,0.514002753045957,0.024119771647555,2.13367060249515e-15,1.03013892762287e-15,1.40059995541458e-15,7.12702230011782e-14
"spot_243",7.61466478365123e-15,0.0103493899369145,0.482039087157334,0.507611522905739,1.24368723892094e-15,1.04602959466327e-15,7.64588441182482e-16,9.52906815190064e-16,1.09703649103189e-15
"spot_244",1.11894584092012e-14,8.46458155751573e-15,0.48856298810336,0.423018954168887,0.0880466350488066,1.26656875680285e-15,2.01203475109347e-15,1.67692195702333e-15,0.00037142267892218
"spot_245",8.01276058572458e-15,0.0346602313284128,0.51192829373785,0.433724911316581,0.0196865636171433,1.04817279747858e-15,9.66181197737459e-16,9.46374859742093e-16,1.38572173201512e-15
"spot_246",1.81262563849345e-14,1.26258163797619e-14,0.474236666377351,0.378250211347661,0.0359762449867687,1.75482250173868e-15,1.10302310338965e-11,4.51729467722424e-15,0.111536877277153
"spot_247",1.90500309406943e-14,1.18178274658685e-14,0.416057526775077,0.462199631684233,0.0694917359375508,6.46874775171691e-15,0.0125222179015258,0.0169884434355962,0.0227404442659799
"spot_248",9.6758055505614e-15,1.34287652591791e-14,0.482544703602747,0.495738596039313,0.0213757416613955,0.000340958696516748,1.40723109938735e-15,1.26534591473416e-15,1.92660282299412e-15
"spot_249",1.09838564063092e-14,9.22520265835926e-15,0.542535754228722,2.21951799237202e-15,1.49348671054643e-15,2.43962199892417e-15,7.94845476294169e-16,1.24678353753957e-15,0.45746424577125
"spot_250",1.54336495634717e-14,1.00442681661185e-14,0.493227559359592,0.23191622759994,1.62336269612713e-15,0.00372190498748256,1.87292487079055e-15,1.9635911737911e-15,0.271134308052954
"spot_251",2.00757733054291e-08,1.06551978381509e-14,0.474416532357347,0.000980306266915804,2.0683031918305e-15,0.000152782644929968,1.16112661073129e-15,0.18611192743402,0.338338431221
"spot_252",1.30896597197492e-14,7.48188192486181e-15,0.503588388638658,0.0548061444032317,1.99028617337494e-15,3.19977501555986e-15,1.83074140632019e-15,0.199682224863773,0.24192324209431
"spot_253",1.18045984473085e-14,8.03734084681949e-15,0.406020930590017,2.33215326486204e-15,1.58841804848472e-15,2.64806067403441e-15,0.00044439768938157,0.317836506652885,0.27569816506769
"spot_254",1.03042324798909e-14,7.87811799192337e-15,0.455057482617999,0.0439374700911789,0.0612008209026554,5.290194581896e-15,0.0834204707909421,0.0570343374407557,0.299349418156445
"spot_255",8.58346237847294e-15,0.567353700577097,0.210170438712016,1.2144540626801e-15,1.80071865551399e-15,0.00568833103230719,1.61380490683513e-15,0.0744902373068983,0.142297292371669
"spot_256",7.76859038505097e-15,0.188577537589901,0.144414033789042,2.0039423752074e-15,0.379307471004898,0.287700957616145,2.01187692224854e-15,1.94633254985926e-15,9.51584277595427e-16
"spot_258",4.92917315686767e-15,0.74308115800121,0.0200231442098751,0.00107080535622387,0.192540800661204,0.0325592591092668,7.19505814366678e-16,6.53909226868637e-16,0.0107248326622135
"spot_259",0.00477325423188107,0.65993680779074,0.0581284271778669,5.40105682587564e-16,0.186912647135165,0.0546360863578351,1.34335228969232e-15,1.61929247670938e-15,0.035612777306509
"spot_260",9.21010891619565e-15,0.526957276757309,0.0777380580884453,7.78755351895155e-16,0.258550349170127,0.136754315984105,1.44561418327311e-15,1.16646134171888e-15,1.14508017890091e-15
"spot_261",8.36851840543281e-15,0.634883084722734,0.0234343707226536,0.0376730998109641,0.264629142979658,0.039380301763977,1.06134935299791e-15,1.5304005245342e-15,1.80961301655754e-15
"spot_262",7.31805404083868e-15,0.851664438780953,0.0328684302757001,0.115467130943336,8.47814518007099e-16,1.21815142984173e-16,6.52790918908495e-16,4.5785078321453e-16,6.91352833251744e-16
"spot_263",0.259109709214469,0.203741869219219,0.203428103542823,0.147482353150151,1.08121460694381e-15,0.0862257090952143,0.0289478111952401,0.0710644445828798,1.90631728963376e-15
"spot_264",1.09824661878446e-14,0.0234915722137303,0.469795828697417,0.482616971768625,0.0240956273202102,1.64909458705792e-15,1.94925418823443e-15,1.55315326417421e-15,1.0483654017828e-15
"spot_265",3.39704880637695e-14,8.4328278863213e-15,0.381075094503593,0.484098152569428,0.134826752926862,1.30977548962632e-14,2.98537867813015e-15,7.36703924137476e-15,5.08723802641865e-14
"spot_266",1.05647034206888e-14,0.0185671004412113,0.463850728924589,0.505063017883482,1.88004830886051e-15,3.52852273968234e-15,1.52084284265347e-15,0.00194242771860435,0.0105767250320964
"spot_267",1.20434412840957e-14,8.77112605745948e-15,0.514794927807176,0.485055518284549,1.92078721782504e-15,1.50657901354479e-15,2.87755953073464e-15,0.000149553908244333,2.7613025840845e-15
"spot_268",5.6666995686257e-15,1.02777317002139e-14,0.40161035044783,0.283225454329784,0.315164195222366,1.87376921913158e-15,1.31899831927122e-15,8.99057055013106e-16,2.17716466838821e-16
"spot_269",9.72603166699188e-15,0.411125831137329,0.209611727128439,5.59989600043127e-16,1.21120403068642e-15,0.046034873774764,1.8183189045872e-15,0.333227567959454,6.68019887597421e-16
"spot_270",4.98384964728999e-15,0.533311931487765,0.0845577632972148,4.48305342468628e-16,0.214001488388206,0.168128816826807,7.2499670102941e-16,5.2105871341884e-16,3.24093997650714e-16
"spot_271",4.28954267509192e-15,0.880593090863878,0.00588136062956443,6.70465464274619e-16,8.61023666490921e-16,0.113525548506549,6.75905836805097e-16,5.34834281095186e-16,1.83202730294676e-15
"spot_272",8.45092826221086e-15,0.0838213707173537,0.433071987354748,0.442770059683897,0.0345034908604746,1.12305354265926e-15,7.94865237257686e-16,1.50281707437901e-15,0.00583309138351469
"spot_273",9.49529224095243e-15,1.72618381467011e-14,0.4744917682452,0.515486189562407,2.51827258922804e-10,0.00982196736413069,1.62329273372397e-15,0.000200074576406217,7.55241120686267e-16
"spot_274",2.11671090191961e-14,6.29687101002982e-15,0.399777281820765,0.366372367925713,0.231963562464098,1.03768233912051e-15,7.01001828087805e-13,2.84269597750315e-15,0.00188678778869184
"spot_275",0.0088607417571615,0.010345431593149,0.50343313705062,0.455688360698814,0.0147645230346968,0.00690780586555581,1.06075629384752e-15,1.21666349743375e-15,1.27640158126631e-15
"spot_276",7.87290751166771e-15,1.38225658087831e-14,0.54659269054525,0.416714315462453,0.0344134629149364,1.55806035338597e-15,4.21439509828168e-16,9.87834284004333e-16,0.00227953107733597
"spot_277",1.21623726561978e-14,1.71309455881444e-14,0.499205627388413,0.458071686602709,0.0427226860088432,1.49180480987518e-15,6.75483535163344e-16,1.25829685823457e-15,1.88226839496147e-15
"spot_278",1.08749909581043e-14,1.6010463985202e-14,0.485992648046587,0.484968376531765,0.000760521881809516,0.0091452810042751,9.92293918217288e-16,0.000392461044708665,0.0187407114908274
"spot_279",1.00253404555399e-14,1.58630405950885e-14,0.504760395760222,0.48251763744225,0.0102443169241536,1.88210255759609e-15,7.69866941460451e-13,0.00247764987257528,1.34159940342061e-15
"spot_280",0.0239429661670596,8.43216049103653e-15,0.42052624611698,0.0531812655246697,5.9496603443072e-05,0.00312882660611361,0.0222252792399102,0.206759960539143,0.270175959202672
"spot_281",1.74811187481375e-14,1.67906308127232e-14,0.459613528535642,0.221459905061087,0.0126729598059903,3.19968827992343e-15,0.0106738606035776,0.154765305864168,0.140814440129498
"spot_282",8.07847674072727e-15,1.24629855550443e-14,0.496649297618859,0.0999283229565088,1.38740097099871e-15,2.8105425018626e-15,1.076303235178e-15,0.118421230406923,0.285001149017684
"spot_283",8.14143617155241e-15,5.3734174426048e-15,0.514986943822298,7.46396271551828e-16,9.24520372853632e-16,6.73370077248109e-16,5.93606780473548e-16,7.87085623115237e-16,0.485013056177685
"spot_284",9.83549932171403e-15,1.02553063559019e-14,0.508748731887881,0.0954296585480009,2.04553949421728e-15,1.93580931425862e-15,1.60148461041631e-15,0.0970883219721745,0.298733287591918
"spot_285",4.91022733873495e-15,1.04675902030632e-14,0.376269477554869,4.91214032088895e-15,0.00431637105100098,0.00985141090561477,0.103542324602993,0.214595397138859,0.291425018746644
"spot_286",6.56158124409837e-15,0.800015187901701,0.029333602783743,9.21293668685965e-16,0.098882042626152,0.0717691666883931,1.03706012243873e-15,8.65347822785384e-16,9.73630898017459e-16
"spot_287",7.67720016938101e-15,0.613701836461937,0.0816882942487734,1.14971645296818e-15,0.219437051635569,0.0139642283276986,0.0691336268440068,0.00207496248200516,4.5173677455958e-16
"spot_288",7.28574413590393e-15,0.796449029843797,0.00801538830145418,0.0232953017442486,0.171503829319599,0.000736450790889674,7.14124299817886e-16,9.41660881485208e-16,2.9474775790528e-15
"spot_289",0.159077388607234,0.435786349179932,0.0880448127741185,1.69574821170131e-09,0.198592850803811,0.0116867894483276,2.91039465103878e-15,0.106811807490821,4.79884780383764e-15
"spot_290",8.40231351462226e-15,0.832225298274842,0.0413344514164666,4.53761727182962e-16,0.0430771006833574,0.0833631496253229,1.21011910666833e-15,9.37480071023377e-16,3.8903467486059e-16
"spot_291",4.97222779653825e-15,0.745706395953902,0.0458812143497758,7.16543990928046e-17,4.01228546696123e-16,0.208412389696315,7.11361405164156e-16,5.76716672541911e-16,1.71282229912265e-16
"spot_292",7.80223619888528e-15,0.818321815611842,0.0297217093252684,0.00167715895093984,0.0817024727522698,0.0681216668860477,9.73312173806617e-16,0.000455176473622559,9.81068269372506e-16
"spot_293",1.15958285509719e-14,0.712694478789957,0.0234329340259168,0.00472587656569369,0.0884703326760401,0.130639298570499,0.0400370793718786,1.59539392971748e-15,1.38793013284394e-15
"spot_294",4.81131319896192e-15,0.786566668466249,0.0235446370267029,0.0533915080898511,0.126749553929305,0.00906118713216473,6.81225723836875e-16,6.19505036627149e-16,0.000686445355721345
"spot_295",1.03441859482801e-14,0.57929724404788,0.076491871496218,0.0522897452993746,0.214131913041735,0.0777892261147784,1.52347774118861e-15,1.15982400772193e-15,8.79284044239848e-16
"spot_296",8.33839653489401e-15,0.589598150049939,0.0148221183613317,0.0368224734877488,0.358757258100969,1.89046472144251e-16,7.41405518476669e-16,7.10375568263169e-16,1.38899524824779e-15
"spot_297",2.12457019295153e-07,0.502657087751742,0.232239415881358,1.04861861642045e-16,4.48541131410152e-16,0.0325409104708281,1.6079388871384e-15,0.23256237343905,5.90963175742207e-17
"spot_298",9.0953144064143e-15,0.210598072952081,0.236112494839536,0.0970037963078832,0.192281675753771,0.125079377490867,2.04730984665256e-15,0.13892458265585,3.78921515268809e-16
"spot_299",6.81940589380945e-15,0.390317392088545,0.0912715581286224,1.76113502043516e-15,0.498916398782769,0.0194946510000518,1.10623728846548e-15,1.06614394966049e-15,9.17965190687033e-16
"spot_300",9.47009241909874e-15,0.543092716391019,0.0228065778299016,1.10870691570214e-15,0.354634651840026,0.0794660539390397,1.29320104571556e-15,1.13808824348454e-15,7.83254769262569e-16
"spot_301",6.85323087020192e-15,0.925939749602084,0.0213837585093053,9.07178995537419e-16,0.000574912904484219,0.0521015789841152,8.07702836133552e-16,1.04828067330225e-15,1.48514630787144e-15
"spot_302",5.86957175608107e-15,0.406777986600043,0.0288818811759298,4.51184746197399e-12,0.564340132219505,4.04759258934079e-16,2.11359109133e-15,8.78982624135816e-16,8.17647461793182e-16
"spot_303",8.81035301480811e-15,1.28436977185083e-14,0.350418420916792,0.346977632584254,0.299877560776559,0.00272638572236894,1.93764787667408e-15,9.10509432495795e-16,5.22283802263577e-16
"spot_304",5.77193774961462e-15,0.0522697441343557,0.430807924066681,0.516884455294793,8.81310544397625e-16,8.55201842112352e-16,7.90096821438655e-16,9.72770668751807e-16,3.78765041605756e-05
"spot_305",8.48743069967747e-15,1.03789279368272e-14,0.488202604649329,0.493574335699977,0.01822305965067,9.02785020160209e-16,1.03944423989359e-15,1.45581688246222e-15,1.95203039703898e-15
"spot_306",1.6311298748668e-14,1.17617587817175e-14,0.38000970592007,0.416911832362514,0.198462115545516,0.00461634617186528,2.23346927287524e-15,2.55518834427386e-15,1.48638487139867e-15
"spot_307",9.45677717424465e-15,1.52755132912307e-14,0.364164411891575,0.363019019457999,0.265194034182823,2.20162762905841e-15,5.17379070427065e-16,1.0721282475469e-15,0.0076225344675747
"spot_308",9.32481546206168e-15,1.16971850559287e-14,0.479233243303172,0.470815791212637,0.047440301020988,0.00251066446317753,1.03308388519283e-15,1.14594294312125e-15,1.73638573567335e-15
"spot_309",0.0195400638659963,1.13024854676004e-14,0.454600711822798,0.473101205612945,0.0527391550310662,8.98200252238391e-16,1.88636671768071e-05,2.33232539573964e-15,2.86683950237573e-15
"spot_310",1.07518177591598e-14,0.185365053261451,0.389628728317205,0.421334068028723,0.00116024617605953,1.43929445195476e-15,1.76448802696037e-15,1.63425397277552e-15,0.00251190421654578
"spot_311",1.24913261228724e-05,5.60681535286397e-15,0.447242345173388,8.59120557430038e-16,8.9522057078558e-16,7.54006021003724e-16,1.01118867153247e-15,0.182722832705394,0.370022330795087
"spot_312",4.50508913201843e-15,8.54598010768203e-15,0.513979001385741,0.0103101797834622,0.010267513136435,1.28568961909961e-15,1.26761929570931e-15,8.92003806088298e-16,0.465443305694345
"spot_313",6.43586745818437e-15,0.0370144733618273,0.360787391535502,0.0697745473259339,0.00487307568518509,8.88464809646756e-16,2.41571140234798e-15,0.527550512091542,2.67737771153798e-16
"spot_314",1.09809274169043e-14,7.83858702262715e-15,0.443396142056941,1.8738225089619e-15,1.43410089087226e-15,1.17929603152337e-15,1.24425904918977e-15,0.270844799325616,0.285759058617418
"spot_315",3.8300194991661e-15,1.39032025012694e-14,0.512806075095915,0.487193924904065,3.02022647950465e-16,6.64945469315296e-16,3.08916133912598e-16,4.72853097313882e-16,1.04667459066359e-16
"spot_316",1.15378163140433e-14,1.03450346784948e-14,0.47737937040512,0.0481652242188532,0.0251938439859138,0.000112292517361853,1.63847258573804e-15,0.218809018818816,0.230340250053911
"spot_317",4.92160009368193e-15,0.738896542458475,0.0494995841411282,8.68180039512215e-17,5.1841658643647e-16,0.210875025622674,0.000728847777666121,7.06849729109313e-16,5.08210472558191e-14
"spot_318",6.02662297982442e-15,0.208446750494645,1.09742307187754e-15,2.7592597727719e-15,0.222957539208124,0.312821036357858,0.163739986461867,2.85646605480589e-15,0.0920346874774923
"spot_319",7.03438464015825e-15,0.750818095991127,0.01641558183748,1.54639711504684e-15,0.167133616689573,0.0656327054818068,1.20953234398075e-15,1.04299021995616e-15,2.02840126423511e-15
"spot_320",6.96996708462297e-15,0.569705190298166,0.00884138793436253,0.000487124644279495,0.395487878858313,0.0254784182648664,8.91031660470177e-16,1.32460395766313e-15,3.10351372852567e-15
"spot_321",8.59262888951001e-15,0.542991283639536,0.0431024532839477,1.17064624527418e-15,0.369441136222453,0.0444651268540507,1.22614642466268e-15,1.40011425609326e-15,6.53787028391262e-16
"spot_322",4.33126610264699e-15,0.548481471217132,0.144049855382399,1.23411218067766e-16,4.42462119394457e-16,0.307468673400463,8.88877471182021e-16,6.26241996128776e-16,7.27160147068166e-17
"spot_323",6.05349608733419e-15,0.78619391631077,0.0308068150664503,4.12118814404678e-16,0.0569141460000569,0.126085122622715,7.29214707698382e-16,8.04770288441119e-16,8.8608763225363e-16
"spot_324",3.56385127996172e-15,0.857359151575503,0.0330459539173098,2.69485706044876e-17,2.5143930466786e-16,0.109594894507183,5.10014893704368e-16,4.4176305035842e-16,1.02900300045733e-16
"spot_325",5.61999945566288e-15,0.839212590175372,0.0279056661961197,3.19189046728322e-16,0.00126894614953248,0.131612797478968,8.91660731404164e-16,7.67939233043041e-16,5.09468639234137e-16
"spot_326",9.24144916896365e-15,0.475400088289141,0.0579349739230405,0.00296582295164354,0.132831167552255,0.330867947283909,8.0647742228731e-16,1.04715830476841e-15,9.01761930912929e-16
"spot_327",8.42207461574209e-15,0.0085514802866631,0.0821255844819028,5.20886685667454e-15,4.32325115575149e-15,0.894446065519147,0.0148768697122665,8.24288297524434e-16,1.63484239050766e-15
"spot_328",0.355536383769483,0.0809986368835864,0.0676639352581391,0.000246458031734397,1.63707940409934e-15,0.457697814137886,0.0262761029413215,0.0115806689778473,4.33191096095504e-16
"spot_329",4.50938312914445e-15,0.541658809109191,0.0276154140869469,2.65090422255743e-16,9.17986481119423e-16,0.430725776803854,7.94389302906794e-16,6.13753003274012e-16,6.6378310914898e-16
"spot_330",6.4813687112912e-15,1.14939213093017e-14,0.177471606105682,3.22880723932532e-15,2.33842009607026e-15,0.822303703765697,5.8508594440676e-16,0.000224690128595625,1.94204612398623e-15
"spot_331",7.17386977680132e-15,0.673285269205529,0.0270687247457486,0.0608285274884813,0.238817478560231,2.93170099018055e-16,7.60419787081981e-16,7.50363150955508e-16,5.45022464498586e-16
"spot_332",5.05021493924039e-15,0.910181343338685,0.021017310591676,1.30728303192808e-15,0.00208081290653138,0.0667205331630994,5.59552224736923e-16,6.85863750985403e-16,7.80458831610796e-16
"spot_333",0.00248948553391847,0.650979015949228,0.033268154714626,7.79788449566617e-16,0.131070554058947,0.182192685870343,1.00733714019282e-15,1.03872933917054e-07,1.07923143738292e-15
"spot_334",1.20123165625528e-14,0.402892579244671,0.224599790864779,0.176705397845983,0.117566107291273,0.0765956832199341,2.14730534163681e-15,2.36087167345224e-15,0.00164044153334344
"spot_335",7.6513987521613e-15,1.2669835783174e-14,0.507618286580737,0.481257823539782,0.0102667750701269,1.34011374785259e-15,7.69645935535219e-16,1.09351608672776e-15,0.000857114809330972
"spot_336",7.26882136814222e-15,2.73079437011498e-06,0.541384796246443,0.452086436633219,0.00566796428201315,7.39088594919859e-05,1.07075680890675e-15,0.00036094426998975,0.000423218914465034
"spot_337",8.69137309520941e-15,8.68600923429598e-15,0.520985747372942,0.414880847928063,0.0641334046989729,1.05595724216857e-15,1.30365254451951e-15,1.18039539936962e-15,1.54066840036461e-15
"spot_338",7.50861894889153e-15,7.89321932433136e-15,0.421109048382146,0.578890951617831,1.39930583111135e-15,1.09432607358426e-15,1.81897036641694e-15,1.97425158059304e-15,1.37932076444923e-15
"spot_339",6.99632387888683e-15,1.30606008713696e-14,0.478076616855431,0.520392787175579,9.04345147323764e-16,0.00144826673984496,8.92756966554845e-16,5.29614004284714e-05,2.93678286950345e-05
"spot_340",8.78942396513046e-15,0.0360562769928355,0.458184797004326,0.501831399486798,1.35035566603639e-15,0.00174738318215279,0.00218014333387271,2.24115529179778e-15,1.91759775730665e-15
"spot_341",2.37547739561262e-14,0.00756269066325122,0.447517142180776,0.48055682265491,0.0314925284015941,3.42440538120604e-15,7.45548352883662e-12,0.00459194969519772,0.0282788663967889
"spot_342",1.98347485406265e-15,2.70395706398206e-15,3.20831158045491e-15,2.32500951689153e-14,5.11922886787908e-15,2.51879081366947e-14,0.520943724411042,3.51842554101543e-15,0.479056275588893
"spot_343",9.68563214267792e-15,8.2245700394516e-15,0.399530515393006,0.0412562674330338,0.00323387561588431,0.00293712186825982,0.0258050036906726,0.312364063262209,0.214873152736916
"spot_344",9.97474924192381e-15,1.03754211299335e-14,0.51836714635893,2.38565821555084e-15,2.38663944237648e-15,3.91299078282392e-15,1.78276635837714e-15,0.132664922450574,0.348967931190464
"spot_345",0.000340889084530107,9.72919153357003e-15,0.504734473326373,0.0614133579107639,0.0211623919370179,1.41443377953253e-15,1.01945364828903e-15,0.0817181193649399,0.330630768376363
"spot_346",0.02974897229922,1.6555222152445e-13,0.414904529196766,0.137617221706131,0.00620416830771847,0.00170896304784017,1.52412140131496e-15,0.266569096565719,0.143247048876439
"spot_347",0.0109856224891299,1.02563813903824e-14,0.500572282837211,0.0778084813064362,2.33312439196867e-15,1.58870010825153e-15,1.05342747223156e-15,0.0956587135960239,0.314974899771184
"spot_348",7.32667027904331e-15,0.395431933279699,0.0872912280942391,4.52824002637453e-16,0.300876195511153,0.119495251567801,0.0969053915470987,1.0727000208546e-15,4.20202079385148e-16
"spot_349",4.50648233451816e-15,1.28873037378426e-14,0.397177777436456,3.43125972778252e-15,3.09268421959489e-15,2.87350255239236e-15,1.22052078524045e-15,0.602822222563515,1.4863240842985e-15
"spot_350",7.25352070506153e-15,0.669650457040226,0.0310564131903911,2.50266325062486e-16,0.172691054983624,0.114603684779936,0.0119983900058118,9.53485346165353e-16,1.82935830774132e-15
"spot_351",0.000779673262957033,0.969184359952323,0.0110746709124079,1.3597438814996e-15,0.0023197163576238,0.0165384567285817,4.71497283201663e-16,0.000103122786102985,1.22751779941339e-15
"spot_352",0.12723359754116,0.628388429898621,0.0909966582626417,1.34436764154146e-10,0.0790724657572104,0.054459362748624,1.1254462341367e-15,0.0198494856573039,7.15198620835105e-16
"spot_353",5.86036633714291e-15,0.759144222172817,0.0312486832375287,6.64210723767545e-16,0.171755936668433,0.0378511579212126,8.14985504592653e-16,7.04587813297055e-16,6.63678889394202e-16
"spot_354",7.50328399361871e-15,0.816740217154489,0.0429140567742195,0.0114072645695717,0.103977775492416,0.0249606720836188,9.0217989996472e-16,8.05750223213471e-16,1.39256750234422e-08
"spot_355",2.94235136280766e-15,0.698878888413005,0.000611375968066804,0.0519626114508873,0.248547124168036,1.58057894092586e-16,2.68807099284431e-16,4.55955421261995e-16,8.39221461886655e-16
"spot_356",0.279313623441641,0.434883373027767,0.0234329338402314,0.00159771626573307,0.199970836361269,0.0393612523432713,0.00935531739175793,0.012084947328327,2.57612817620707e-15
"spot_357",0.5112608718309,2.44168936391552e-15,0.0254031626373513,0.036481291582202,0.00607167366095149,0.368998793604367,0.0364047498180175,1.06585063201495e-14,0.0153794568661974
"spot_358",0.318553162942191,6.25158981359819e-15,0.330019536080766,0.350697049047078,1.54507863017693e-15,0.00064999053733493,1.26242724358828e-15,1.20607403142414e-15,8.02613926198294e-05
"spot_359",0.348771997859927,5.42642328610395e-15,0.28747134379578,0.166970460494749,2.25391380988613e-15,0.0903068440311389,0.0109790937228267,0.0946357524795033,0.000864507616067299
"spot_360",9.31759509825755e-15,7.5158634381947e-15,0.432853985638966,0.460264004864936,0.106361304242462,0.000520705253613305,1.70985610194564e-15,1.94289806156124e-15,2.16212958615668e-15
"spot_361",0.558014717711642,4.53964424627813e-15,0.122892978496682,0.182341526595999,0.0335280088630614,0.0884910022786451,0.0147317660539646,8.61214285949654e-16,4.85690465075159e-16
"spot_362",2.40671377612766e-15,5.39197536468196e-15,0.0739371305558909,6.49030151270568e-16,2.35501727294597e-15,0.926062869444098,2.32472854260919e-16,1.79564077678354e-16,6.07072046730719e-17
"spot_363",0.0667280272169756,0.406439483408289,0.107157883919969,0.00021871216668418,0.25225955342586,0.103043233264016,0.0355508821407136,0.0286022244574906,9.20903655114795e-16
"spot_364",7.86990454705762e-15,0.675390707409858,0.0295237277427131,0.00205581229589428,0.194414984834827,0.0985116949929404,1.10956568910602e-15,0.00010307272375722,7.43596741439903e-16
"spot_365",5.63126838857701e-15,0.669218429339245,0.051081906643785,0.00265220942898293,0.187139341148614,0.0899081134393648,1.14811761108233e-15,7.70763050217179e-16,9.25281798804063e-16
"spot_366",0.0690073311562294,0.0453995238924692,0.33364810214659,0.233200500940551,0.284072153650865,1.86527090205767e-15,1.08316007726073e-15,0.0346723882132908,1.31527761064222e-15
"spot_367",9.67359553420105e-15,0.0110487616346362,0.471830993951426,0.504601260999347,0.00675132306875824,0.00553619811342133,1.8039469978963e-15,2.03751915207396e-15,0.00023146223239766
"spot_368",1.13424174711899e-14,1.04270203505834e-14,0.476775385488182,0.459468430761102,0.0513144516748017,0.00571393300398669,0.00338323576891514,2.77064020549948e-15,0.00334456330298777
"spot_369",8.48006078658739e-15,1.36392229092457e-14,0.480468277811057,0.485131386824439,0.0343832074672638,1.84430802041216e-15,7.66960514748453e-16,1.0599976280077e-15,1.71278972139755e-05
"spot_370",1.56438298773291e-14,1.00393541801316e-14,0.494763556434445,0.466590114744587,0.0302044663213546,0.00844186249957827,2.69766797371656e-15,2.91554906339546e-15,3.54489004792554e-15
"spot_371",6.18725591475605e-15,1.23685060876478e-14,0.519408616768854,0.447081419403097,0.0296827457531599,0.00382721807486814,8.79494063945415e-16,8.63451605189662e-16,1.20208234295549e-15
"spot_372",9.41746828380975e-15,0.0462748712564002,0.394274228894538,0.409154349721018,0.144572633341106,0.00572391678692459,1.78114272276643e-15,1.14237489317068e-15,1.67907125711115e-15
"spot_373",9.7854593440462e-15,8.62826007131106e-15,0.433024013387746,0.2528492534451,0.0543725573434955,0.00706056408916883,0.0082855248008843,0.244408086933586,1.22947799238099e-15
"spot_374",1.55376693141896e-14,1.08292757405934e-14,0.377501533408914,0.151883402402936,0.0105305004962367,0.030030667444036,0.0371767474297608,0.22991823471339,0.162958914104699
"spot_375",1.03612390245749e-14,1.01263018184402e-14,0.444876937996474,0.0780826857867128,2.0442678905318e-15,0.0084627876797395,2.07812916245289e-15,0.235329846947253,0.233247741589797
"spot_376",9.90720446741184e-15,7.21218336791889e-15,0.489264658973929,1.30422309155288e-15,1.44389573651544e-15,9.03852616665304e-16,9.35099564917353e-16,0.11043949875361,0.400295842272439
"spot_377",1.18671496365603e-14,0.035605907501084,0.490160578214906,0.105269861731776,0.000767305967502952,1.42030118563992e-15,9.70900591869858e-16,0.0395647281439918,0.328631618440725
"spot_378",9.00990202471887e-15,1.27182136976659e-14,0.482669057449405,3.4794958702959e-15,0.011423772857472,4.47636431400891e-15,0.000316132719429973,0.152289005528266,0.353302031445397
"spot_379",0.0372541565207389,1.20028291022175e-14,0.361576460262008,7.28576787158629e-15,3.66662244099641e-15,2.15927191805549e-15,2.78125730243152e-15,0.601169383217222,3.21633608876226e-15
"spot_380",1.348177987345e-14,0.0558831387673214,0.247536808821114,0.0113252266578611,0.0143906898790849,0.159209399860067,2.02822025207292e-15,0.51165473601446,7.54354758038487e-14
"spot_381",0.078433877945505,0.618695171899065,0.0980329594749804,1.08658782921026e-15,0.124947141340113,0.0702792512787039,1.38190116250793e-15,0.00961159806162832,1.85215374564023e-15
"spot_382",5.34571629058954e-15,0.728770756901973,0.0127569468086,0.0102143044587767,0.145426260901186,0.102831730929455,1.24756598514419e-15,6.58806821464313e-16,1.1775467419238e-15
"spot_383",5.53743020050346e-15,0.761608939630926,0.00559181823512359,2.69223634221997e-15,0.232225972830866,0.00057326930307103,5.13271133855188e-16,1.02282585373015e-15,3.0625415502467e-15
"spot_384",0.000293150883423583,0.733415519004539,0.00125597211405842,0.0375537866358736,0.079991687135058,0.121671129034854,0.0258187551921865,8.44993833554348e-16,5.35170650261804e-15
"spot_385",7.40649002798275e-15,0.683497922113044,0.0106520588485576,0.0301624540715114,0.225616714102993,0.0500708508638826,1.26563316579393e-15,1.18985591179358e-15,1.46920027943673e-15
"spot_386",0.155112477979284,0.285240818116717,0.146824170107233,3.13179180359627e-15,0.277961462393712,0.046120439995274,0.046676149848751,0.0389361814269744,0.00312830013205145
"spot_387",0.778610185050578,7.40945317432636e-16,0.00847391615938078,9.9674048387142e-16,7.23017463883811e-16,0.212915898790038,3.73695967530929e-16,1.98092161894394e-16,4.95236850208581e-16
"spot_388",1.99935717363204e-14,8.80177931289267e-15,0.255087360926758,0.264276933064009,0.0512411651492718,0.385089832205919,0.0439750296645744,0.000329678989437282,1.37216520081131e-15
"spot_389",0.127359121103598,2.34203999197847e-14,0.133891056324737,0.414347262723456,0.21958714387317,3.31867853402974e-15,0.0869665059769718,0.0178489099980404,1.12389782997181e-15
"spot_390",6.31059709572336e-15,1.81624729352112e-14,0.50870244004784,0.482380986542426,0.00891657340970805,6.1955048645302e-16,4.33569820704962e-16,5.57133842311641e-16,3.56609623960715e-16
"spot_391",5.23457238208825e-15,2.59448565568654e-06,0.519022351507181,0.479275676033996,0.000397735930560086,0.0013016420426003,4.71531166900358e-16,6.94940231624825e-16,5.70920009342765e-16
"spot_392",1.15906873172014e-14,1.27078520823297e-14,0.486693586969039,0.414297643334976,0.00825570223047854,1.77315682536164e-15,1.62323904470614e-15,0.0686606570149332,0.0220924104505457
"spot_393",1.02566811441729e-14,0.00404185045212688,0.45842964497929,0.493928512450781,0.0337201288109272,0.000453490133412353,1.07323962968863e-15,1.36842139423391e-15,0.00942637317345001
"spot_394",0.434351529934005,2.69126022569908e-15,0.101678355391176,0.137969399798449,0.0307907593161518,0.155326183086714,0.0853529145282266,1.32400933451582e-15,0.0545308579452734
"spot_395",0.105943746030234,0.231260700694259,0.0885235740070219,0.0256257269307033,0.471248075375784,0.00729923151393842,0.0234679658252213,0.0424625684309708,0.00416841119186666
"spot_396",0.0214127537145233,0.52570055844525,0.0509992805964152,6.31345068083329e-16,0.224042203466634,0.142919290944497,0.00372182435674541,0.031204088475934,8.59948616519268e-16
"spot_397",0.229755049758786,5.61953082976843e-15,0.153940450411183,0.017099568913715,0.414627787802225,0.017071877428088,0.0472850742117968,0.120220154251621,3.72225806995149e-08
"spot_398",0.209964117892028,6.47568208568862e-15,0.39089100929676,0.258206967065327,1.10221956288882e-15,9.44199862898369e-16,0.00314485108046157,0.131743648465944,0.00604940619947126
"spot_399",1.39682991641313e-14,1.07177975936911e-14,0.451995633043904,0.462211847442475,0.0854162888689419,1.74038448236755e-15,1.69455342928043e-15,2.01423103143861e-15,0.000376230644648911
"spot_400",0.0363845196912176,1.13362193900993e-14,0.41814481150131,0.498626159088955,0.0468445097184952,1.86910545523862e-15,2.78923914944394e-15,2.93539142328236e-15,3.34652992969246e-15
"spot_401",6.58597854269227e-15,7.91785242338994e-15,0.568580239663276,0.394287799372577,0.000366864509085828,5.28150390097092e-16,0.0367650964550441,1.02869346214034e-15,8.60546599788789e-16
"spot_402",1.07812267232009e-14,1.09448021773408e-14,0.323289583929667,0.340699705012126,0.335839619391147,0.000171091667031827,2.22299193006327e-15,1.39507907952296e-15,1.95501607841626e-15
"spot_403",1.34806211271548e-14,1.14337600563588e-14,0.472987782090282,0.507911190348122,0.0168027705657969,0.00034657615558294,2.06892918178805e-15,1.98954606900117e-15,0.00195168084018765
"spot_404",1.08793933464871e-13,9.70922836156672e-15,0.381220623801917,0.191802012631479,1.16213171694896e-15,1.32354683169745e-15,0.223840856829504,0.000383062092620691,0.202753444644359
"spot_405",7.02263275582265e-15,7.26548850082663e-15,0.301878851870668,0.00257790117239466,1.45899798125629e-15,0.0152914646316251,0.430414078225558,0.0725345916962259,0.177303112403512
"spot_406",4.54710568019244e-15,4.85625697189141e-15,0.0946777690428448,2.38379593816822e-15,2.09576107773412e-15,0.0122240516759248,0.891895000350018,0.00120317893119794,6.12251498569158e-16
"spot_407",8.43939535455559e-15,0.365728518912174,0.00590271909041055,0.0162000468781912,9.28482281548341e-16,6.00364448920603e-16,0.612168715119211,2.12410698798279e-15,1.10647491506131e-15
"spot_408",9.64569929873414e-15,0.0625695169169725,0.0472511438087321,0.00367865381323993,6.36894286889655e-15,0.758186875191912,0.123345895351995,0.00496791491712537,7.01461931499353e-15
"spot_409",0.00225222884377633,1.05799112388983e-14,0.179850209414548,7.68221366757767e-15,3.85392785951503e-15,0.384734124774267,0.0310685675911511,0.402094869376232,2.72432544369124e-15
"spot_410",4.93440419426878e-15,1.09031727073918e-14,0.32880905782972,3.75754578861673e-15,3.43172014288816e-15,4.00432056344491e-15,2.52675812237983e-15,0.67119094217025,5.21175410856929e-16
"spot_411",8.15383236052646e-15,1.23730017954924e-14,0.301921031843003,9.45153830147538e-15,3.81739170728919e-15,0.536444859343142,1.27226304334525e-15,0.161634108813818,1.91509337595859e-15
"spot_412",0.0998015480409578,0.717250727395197,0.0659471392929993,4.05448069341644e-16,7.9052805029954e-16,0.0897488166521185,1.38895273037457e-15,0.0272517686187244,3.36099086003616e-16
"spot_413",6.2162317131172e-15,0.52485142260875,0.0305967007432958,9.93923326129463e-16,0.373967616368909,0.0657251750594731,1.19599139929901e-15,8.95658528007766e-16,0.00485908521956298
"spot_414",3.21468194321753e-15,0.83478030870614,0.00731095164700526,0.0662289127523391,0.091679826894511,1.21121319938938e-16,3.20353922531183e-16,2.91200131515017e-16,5.26564480448007e-16
"spot_415",8.32170859928177e-15,0.691124588469527,0.0513425060887157,2.47124677593936e-16,0.157768916385998,0.0997639890557473,1.1605385615043e-15,1.31775271710339e-15,1.09921327541762e-15
"spot_416",6.15520227587173e-15,0.646121257884846,0.0495203443955719,0.0114497448390518,0.283956040167406,0.00809306947820887,9.11639668176275e-16,7.57251376778465e-16,0.000859543234907915
"spot_417",0.353896060756905,0.377710455289366,0.0412524125223445,0.020661698984961,0.0764047542287145,0.128888777876515,0.00089069547480744,7.82330584772613e-16,0.000295144866385231
"spot_418",1.31894873202522e-14,4.9069665506502e-15,0.0923287552031779,0.138836814329033,1.44349081449516e-15,0.643167960569759,0.125647931478298,1.70239570900467e-15,1.85384197102863e-05
"spot_419",0.0139605900777434,1.45263342900494e-14,0.456018820896261,0.507104187819989,0.0216618334515444,1.37068626494654e-15,1.72981103685495e-15,2.16345047248355e-15,0.00125456775444284
"spot_420",1.22589454389976e-14,1.21659043936835e-14,0.436127617957813,0.425063226396558,0.123682521814232,1.0280561265639e-15,6.90438440460891e-16,1.68356838179788e-15,0.0151266338313692
"spot_421",1.3694681199182e-14,9.98247917728226e-15,0.500257518097527,0.453605545455769,0.0451648714258024,0.000892296336645861,2.66057803684229e-15,7.97686842252092e-05,3.53879216474645e-15
"spot_422",0.00828341272601643,1.40615325681774e-14,0.457345383813137,0.488328805708627,1.18831426912834e-15,0.0321156268576669,0.0139267708945319,2.17948804018164e-15,3.29544818831122e-15
"spot_424",0.0269678634078345,0.0177586325416882,0.352617600452874,0.371749138495177,0.230906765102414,1.70129343693918e-15,3.17735329758926e-15,3.20522976515238e-15,3.56966772492907e-15
"spot_425",0.0120477259418565,8.5546459675037e-15,0.476693327169588,0.466426194466487,0.0407953368212182,0.00277319881146799,2.07699552681113e-15,2.62043552783547e-15,0.00126421678936884
"spot_426",1.52499653480232e-14,4.7999443462634e-15,0.05226888975182,4.06507497375356e-14,6.31399136305076e-15,0.774070303810876,0.173660806437196,2.22714623808176e-15,3.80852790446995e-14
"spot_427",0.149947730489804,0.575617784801174,0.152344637699937,1.26816637692194e-16,5.43027717572707e-16,0.0498542201309964,0.0128697383270298,0.059365888551058,3.09012138975635e-16
"spot_428",0.2362268600552,4.61125259344805e-15,0.272732202129176,3.70431866090504e-10,0.26356312999555,1.09303442826321e-15,0.0119239721912957,0.191077913938021,0.0244759213203194
"spot_429",0.192417785324227,3.79674704760344e-15,0.30207096043167,1.08502782639601e-15,0.399847400502522,1.1714494057557e-15,1.80487826983813e-15,0.105663853741572,9.77560113476868e-16
"spot_430",8.85296050034589e-15,2.65408393365096e-14,0.399412499752792,0.52079982726213,0.0797876729850356,3.077441492346e-15,6.64529845618596e-16,1.20746179311744e-15,1.86450929438159e-15
"spot_431",0.0147644510338628,9.76807847926657e-15,0.497807976926232,0.471176731072103,0.00500901101144899,0.0112418299563369,1.98498327834001e-15,1.80833607709024e-15,2.51485573387235e-15
"spot_432",0.0192516085317684,1.14141140101046e-14,0.47810051730947,0.456127656882771,0.0270405122901749,0.00546844649307274,2.072674146077e-15,1.98958680625429e-15,0.0140112584927276
"spot_433",7.58903800578881e-15,1.16555380997736e-14,0.531368125680904,0.460893795039024,0.00773807928005006,9.5984281409968e-16,6.54971444779198e-16,6.99949616662146e-16,1.16219210902879e-15
"spot_434",8.1619611779393e-15,7.88253849419199e-15,0.335154430593694,0.274852215045812,0.389894089833543,9.92645269318452e-05,1.30831698347584e-15,1.24220984370535e-15,1.43150834666502e-15
"spot_435",3.40942106533057e-15,3.11010598563928e-15,0.120580654814151,0.00680791797865747,0.000196049659015397,8.94248766699513e-16,0.872415377548168,2.82936172411551e-16,5.24257470729724e-16
"spot_436",3.76452468588294e-15,0.531476651072633,0.0266209996841533,3.12971668384311e-16,5.28803220574315e-16,0.0223476962068731,0.419105680128934,2.92799164770104e-16,0.000448972907401438
"spot_437",1.17172505773135e-14,0.0114589877873303,0.120834393514212,8.90595209264607e-15,4.28809845491514e-15,0.622437927478032,0.245260039679506,2.36117732541924e-15,8.65154089199279e-06
"spot_438",7.54925477886072e-15,7.83465042615842e-15,0.162151101881643,8.17704203962353e-15,4.07209804095684e-15,0.713020682432429,0.0341100104145059,0.0907182052713911,3.60056283310842e-15
"spot_439",9.87334457891973e-15,8.36562403807403e-15,0.122970945327703,0.0165910339322137,8.41963641971638e-15,0.403463296270749,0.157608848754004,0.299365875715295,8.7762115670773e-15
"spot_440",0.0366638514503139,0.0385283971212452,0.339329319667013,0.0127140987062812,3.60856987541584e-15,0.0159495804472045,0.0122503341468185,0.485397047195838,0.0591673712652824
"spot_441",0.0401186632731488,9.33447090672151e-15,0.133925134619708,1.99823135034498e-15,2.34449055530111e-15,0.738627121838351,4.59907693478583e-16,0.0873290802687764,1.48779420028659e-15
"spot_442",9.78539080444879e-15,9.35797468764549e-15,1.22403915943302e-05,2.13217416473993e-15,7.737303363382e-15,0.999987759608375,6.95991839691157e-16,7.26908306066568e-16,1.17655456310828e-16
"spot_443",2.54028965462882e-14,0.513260163608167,0.0365150767329358,9.81871542638862e-16,0.00301613887656914,0.427538776247641,0.0189066614314504,1.82769598863249e-15,0.000763183103207786
"spot_444",1.12265858658011e-14,0.528795643977414,0.0664082645431816,0.00718856791577529,0.389593098978426,0.00801442458518756,1.31259293647935e-15,1.4306817003022e-15,1.71606992040706e-15
"spot_445",0.114242643737878,0.389332481328997,0.0852332699759079,0.00569760061900631,0.298471648139402,0.0592101780399325,0.0169693605669348,0.0308428175919399,7.74594199257661e-16
"spot_446",6.89120050763338e-15,0.595075364581628,0.0633580407176937,1.46084455947379e-15,0.225358441039815,0.116208153660852,1.03588589947227e-15,1.051797414745e-15,9.13359482557417e-16
"spot_447",9.51919853496553e-15,0.610658973310414,0.0191771540915666,0.00969930734116999,0.231835076932258,0.101512318553462,0.0271171697711166,1.46598222414436e-15,1.00312246243224e-15
"spot_448",0.250870815541168,3.91839420457242e-15,0.0864610116702391,0.0799005448334543,0.00616614877775716,0.565234156512738,0.0113673226646381,8.02513026018318e-16,3.76076352876903e-16
"spot_449",0.019032387172406,0.0261577948286554,0.379424961440309,0.395739875628188,0.0894093454423723,0.00868834266072013,0.0369440864498133,0.044603206377534,1.69753831273106e-15
"spot_450",7.36956469031135e-15,1.1526059272884e-14,0.472858332975583,0.527141667024392,8.95057311168835e-16,1.3833328279542e-15,6.33321379514797e-16,8.72357900801607e-16,2.37555679930638e-15
"spot_451",8.56636896479869e-15,1.17949559912019e-14,0.484372331132721,0.514037842314765,1.18624879032234e-15,1.99338949679333e-15,1.21599273128865e-15,9.66356924585967e-16,0.00158982655248883
"spot_452",0.0102876038941552,8.27462277925456e-15,0.451159007644625,0.476912746736897,1.88122011522113e-15,0.033871043940208,0.0245339153283695,4.19278657044459e-15,0.00323568245573177
"spot_453",1.30834522073423e-14,9.98135850252431e-15,0.531183207707215,0.432252318646419,0.00446714769171838,0.0223605369319193,0.00471658199126848,1.75501672672386e-15,0.00502020703143475
"spot_454",1.07185960966979e-14,1.491346917407e-14,0.499469849974634,0.447176007833641,0.0445051840530546,0.00721004763472047,1.48167499412784e-15,1.84128543639733e-15,0.00163891050392023
"spot_455",0.000242215034375838,8.38463594431685e-15,0.532021105331777,0.451814490671937,0.0154413183610243,9.79214203916521e-16,1.52264985592913e-15,1.22007792261548e-15,0.000480870600873603
"spot_456",8.12420237233114e-15,1.2927760806491e-14,0.489808709252976,0.50823532670945,8.10729342051913e-16,0.00195596403754884,1.32020555898528e-15,1.07236544346631e-15,8.14086040714433e-16
"spot_457",0.510762173712185,4.85787735962784e-15,0.201200360697227,0.135433211053913,1.77299990333669e-15,0.125510732441257,8.4288331854352e-16,1.33388625268174e-15,0.0270935220954089
"spot_458",0.254489746763308,0.160612672341212,0.319258575490596,0.000195686731344214,0.00172001072254808,0.0745195352468074,0.00642793788930297,0.182775834814881,6.47960401221873e-16
"spot_459",0.398886491086028,1.40838603281236e-15,0.36441427569904,6.60080464473099e-17,3.02214091145735e-16,3.6177456786827e-16,0.0453607436479514,0.191338489566978,3.57178338663565e-16
"spot_460",9.70023232242892e-15,9.07734952818095e-15,0.282503571466279,0.244244727126439,0.454734759582667,0.00453758066809877,0.0139793611564937,1.37095021618766e-15,2.53702335838885e-15
"spot_461",2.43918648949659e-07,0.0032182410330252,0.467916567848178,0.528411159106177,1.96226147206289e-05,0.000334913090299893,2.30419830439387e-15,2.15271407486705e-15,9.92523889455775e-05
"spot_462",0.00240463970796907,1.21153573187231e-14,0.515787231062444,0.48180812922957,1.04462527336154e-15,1.27723414029902e-15,6.65792320429886e-16,1.13999954330511e-15,1.10400967654862e-15
"spot_463",2.4051515574622e-14,1.81813262262853e-14,0.144040973721703,0.0508904580612353,0.805068568217012,3.20436012593991e-15,2.12180367687899e-15,1.70135298663012e-15,5.26018244384956e-16
"spot_464",1.38734419698082e-14,0.0448904080313136,0.442464883797128,0.428221833067263,0.0456364783688282,0.0387863967354491,1.67429378585766e-15,1.61650120859825e-15,1.37561767711053e-15
"spot_465",1.1307513482047e-14,1.21859162522484e-14,0.53085328999394,0.469033751720472,2.41111702446424e-07,1.63922604963955e-15,1.26123863169864e-15,0.000112717173853867,4.47478552408567e-15
"spot_466",5.46892809115642e-15,0.273204837410238,0.0680856637025265,2.87983510725733e-16,7.44787276156513e-16,0.0521498860660159,0.603227579249471,0.00333203357174118,2.22237021022743e-16
"spot_467",0.39464953640055,0.379509212922602,4.54818674017306e-09,0.0326949340486392,7.38259405190341e-16,0.19314631208002,2.78743733168889e-16,3.72682254299172e-16,4.81973736523963e-16
"spot_468",0.402869805113727,0.00619150654517553,0.128180359711436,8.83506405110638e-16,1.16520887352994e-15,0.333808423487776,0.0112537849592885,0.117696120182595,9.0864881824209e-17
"spot_469",0.307180304135471,0.61580639883126,0.0244347272673869,0.0468110681697181,1.77702085113939e-07,0.000780392804565056,6.45076197901744e-16,0.00498693108951221,5.02490658766918e-16
"spot_470",0.710671627841796,0.205772770660622,0.035902699420775,0.012893553062249,1.6467396253962e-15,0.0347593429816868,9.29648104522214e-16,6.03286742485802e-09,6.53618656380117e-16
"spot_471",0.683125192143069,1.77359475522034e-12,0.0597596553371064,5.20640894770178e-05,1.84347544023291e-15,0.00151022388636422,0.0395574205947618,0.215741569356207,0.000253874591239248
"spot_472",0.206612596972857,2.75167761058925e-15,0.0174578066159757,1.34297119483167e-15,2.44049289590813e-15,0.691637921354694,0.0656091652999246,0.018682509756541,4.1928516693301e-16
"spot_473",0.0549019428253775,0.0260676270613774,0.00995145667827977,0.000133905348962677,3.40017787436425e-14,0.754760133181333,0.141977538705387,3.89764656971034e-15,0.0122073961992448
"spot_474",9.94400296654683e-15,5.57595229373962e-15,8.21628900521235e-15,1.14961127821002e-14,0.0354576038902153,0.865723263784374,0.0988191323253714,1.67840537544144e-15,2.03735110113764e-15
"spot_475",9.90546106213416e-15,0.576959064899635,0.031052904294031,5.33819020326685e-16,0.0561873900913842,0.308727185047501,0.0270734556674349,1.53635437688713e-15,2.37575188677905e-15
"spot_476",0.0219095371604852,0.734209292738452,0.0271372456871189,0.00533906263210524,0.117146142649876,0.0942587184956928,7.27384154310134e-16,9.04279856097776e-16,6.36268270103464e-10
"spot_477",6.50119579541184e-15,0.937514693988984,0.0330925552618081,4.75405200549016e-16,0.0029105782169542,0.0263737927925488,9.23060161636396e-16,0.000108379739696675,4.1938076167864e-16
"spot_478",9.45522354386821e-15,0.341289066022873,0.0129240139700983,3.91863413233553e-15,0.409211654021334,0.236575265985675,1.24173868189699e-15,1.73906391635221e-15,2.29735419075218e-15
"spot_480",0.0065269918585062,0.0020386452719278,0.486685746064217,0.485197312305801,0.0195513044995409,2.00876914603634e-15,1.62044316509245e-15,1.13412144141485e-15,1.70506806141506e-15
"spot_481",1.47752913006956e-14,1.23609671697028e-14,0.520444466949825,0.459845361136119,0.0197101719140177,1.78776755791687e-15,1.56625778658778e-15,2.53558746992214e-15,4.9064151689654e-15
"spot_482",9.12412102219456e-15,0.10890909057647,0.419859942490767,0.434348357800787,0.0368826091319619,1.00850301418355e-15,1.14684027013139e-15,1.69131598566002e-15,1.41301914951229e-15
"spot_483",0.000218717097402171,1.20939816670238e-14,0.433716577295851,0.439828794035188,0.121131083663638,3.03872002793633e-15,3.45114413039968e-15,3.63052567563925e-15,0.00510482790789759
"spot_484",9.56001554611464e-15,0.0187955003269803,0.556448380405019,0.413203962714123,0.0115521565538651,1.06136480404378e-15,1.03168827870262e-15,9.62431995676088e-16,3.95085026163972e-16
"spot_485",1.36105832850149e-14,2.10033076692365e-14,0.444760769421373,0.407731634617135,0.146096964203361,1.7870831256597e-15,1.08776699084889e-15,1.55050247674164e-15,0.00141063175809187
"spot_487",0.00731786250168675,1.26780336644914e-14,0.425525717746216,0.419323350239812,0.14783306945349,1.8088588998207e-15,2.36965524872956e-15,2.03459896231365e-15,5.87754831729509e-11
"spot_488",0.354596927804251,6.25892256831639e-15,0.256624101077904,0.242880681951224,0.00519102316319765,0.107199547881679,0.000677312200510578,0.0270715320627691,0.00575887385845881
"spot_489",0.277309801835533,2.79026431862419e-15,0.111125877553355,2.64957941898413e-15,0.0673101642389852,0.476024858508425,0.0442758214339374,0.0239534764297571,1.0666140495128e-15
"spot_490",0.285567653620004,2.11359976967783e-15,0.463948808691041,1.40045842029255e-16,3.01420940702565e-16,5.63182841628649e-16,1.14377598298577e-15,0.250483537688949,1.98851073278485e-15
"spot_491",0.322863278299173,3.52882761125871e-15,0.241736927172144,0.00242160678574119,0.135803230340632,1.59220026141691e-15,0.0681830742208931,0.228991883181411,1.08840001283588e-15
"spot_492",7.70269402298024e-15,1.97506067133542e-14,0.492574831247012,0.492928162562743,0.0144970061902132,1.95002573207192e-15,5.83136389819246e-16,1.07508929018884e-15,1.15749893492458e-15
"spot_493",1.81841932441786e-14,1.14207380352369e-14,0.403133176587309,0.36571602962155,0.231150793791098,1.96484780544576e-15,2.43050616820393e-15,2.8772405395903e-15,6.46953904692605e-15
"spot_494",1.36540046738968e-14,1.14374749469715e-14,0.47403496182874,0.525965038171227,1.11691791932325e-15,1.62197591712631e-15,1.85277419397472e-15,1.4938574085608e-15,1.57786791768785e-15
"spot_495",1.50698134775732e-14,1.22643062443644e-14,0.473097106450975,0.507717584355477,0.00441951517160073,2.88334124835722e-15,0.0147657940219132,1.73704723141107e-15,1.9941038145834e-15
"spot_496",1.26057527078352e-14,1.09695171139331e-14,0.409301009570631,0.474180781278843,0.116518209150494,1.9102305948807e-15,1.33879067702566e-15,1.65285939076095e-15,4.13456953455311e-15
"spot_497",0.284377207029633,0.194527663841972,0.11334161219876,9.2291850377839e-16,1.50578955546827e-15,0.0827081133857927,0.322272202383272,0.00277320116056693,4.15893847416707e-16
"spot_498",0.971408221347647,4.04788518806231e-16,0.00645656522529835,5.90466147705953e-16,9.92725450786819e-05,3.75832633811364e-16,3.95025822653766e-16,0.00189122250032353,0.0201447183816507
"spot_499",0.999999999999995,1.14251996686679e-16,2.14333067869943e-17,1.2208252532351e-15,3.55753525602097e-16,2.54874426582154e-16,5.45714691658184e-17,1.27334934767456e-16,3.25069414873077e-15
"spot_500",0.937068196268974,8.50790077133953e-16,0.00949691891517914,1.79251476388081e-15,7.93545389791327e-16,0.00264909287816431,4.72205828570552e-16,5.30693839311614e-16,0.050785791937678
"spot_501",0.995331813705289,1.39830259158864e-16,0.00406503310364355,1.44255768659461e-16,1.63788865092494e-16,1.39782066990883e-16,1.33243517604346e-16,0.000603153191065615,6.56956804562519e-16
"spot_502",0.751110323705881,0.168652854430784,0.0226158915466606,0.00332225338516151,0.000632904724011142,0.0461571738290266,0.00624253988871804,0.00126605848975598,5.76707131025369e-16
"spot_503",0.964285372400192,3.93845426607506e-16,0.00643168296976654,0.000351065121025789,6.44667158465262e-16,8.49669474624526e-16,0.00492703515006219,0.0240048443589513,7.9212600932631e-16
"spot_504",0.386404989727972,0.256659011638201,0.17056095719518,5.75266082684277e-16,7.20764523306523e-16,0.0120150181095762,1.12943394695731e-15,0.174360023329067,9.15832900286032e-16
"spot_505",8.48705478948105e-15,0.000117177307281984,0.331244571013951,0.0116061965529644,4.19999644350047e-15,0.0535954762700235,2.24440717524598e-15,0.603436578855762,2.12454816393489e-15
"spot_506",4.38659196218758e-15,0.682394405976232,0.0118641244045718,0.010727354057199,1.54071515629043e-15,0.29501411556199,2.48325866219274e-16,6.72366231802455e-16,3.68753961742688e-16
"spot_507",7.13130303964761e-15,0.401572643061497,2.84249865086898e-15,0.014206793104406,0.00591285112610001,0.501744879375161,0.0765628333328197,1.04941329061295e-15,4.43592393227653e-15
"spot_508",6.64931984945733e-15,0.721654083863271,0.0440231598839406,1.14319582181457e-15,0.223058810217869,0.0112639460349092,8.27922857762909e-16,9.61029973148106e-16,3.41838187138384e-16
"spot_509",0.323872174767217,0.20469065911896,0.0182860401840063,1.89813081597732e-15,0.169654343524826,0.269658508916363,0.0138382734886241,8.03076291401267e-16,6.22608159011658e-16
"spot_510",0.00311228115565273,1.03131527399242e-14,0.37579763132414,0.326681974891206,0.00189547750362533,0.292512635125362,1.27576411731318e-15,1.03932686946758e-15,1.32269903161347e-15
"spot_511",9.72244531706261e-15,8.71754153379553e-15,0.484719768086905,0.455110675458236,0.0547478923567571,0.000461957273482098,1.11995081200937e-15,1.20165606698645e-15,0.00495970682459955
"spot_512",1.29403706422457e-14,1.73771011629869e-14,0.436377756833601,0.468234949182377,0.0950401085654523,2.24628167634486e-15,1.26041237276314e-15,2.10730762342221e-15,0.000347185418534004
"spot_513",1.00565560706629e-14,1.11198352787291e-14,0.483317359142538,0.509017001547539,0.00316371171699856,2.02737075435465e-15,1.73157824252261e-15,1.90439148327099e-15,0.00450192759289832
"spot_514",1.70332658927924e-14,7.62273627519466e-15,0.458515339672323,0.436616097206902,0.0964815035635898,1.35885870331718e-15,1.99153166231718e-15,2.20951814714631e-15,0.00838705955715495
"spot_515",1.9034060739233e-05,9.59658401362486e-05,0.462312565526137,0.431234797441485,0.103556356664975,2.29862347444503e-15,2.06702667978254e-15,1.44579134226013e-15,0.00278128046652184
"spot_516",1.42517270320518e-14,1.16280073077623e-14,0.412609246146132,0.468115050737542,0.119275703116293,1.72654758615357e-15,2.09454908964252e-15,1.66894175757424e-15,1.83359910701636e-15
"spot_517",1.5452517929246e-10,1.21285044078435e-14,0.507816493543251,0.489587998180646,4.07487655021048e-06,2.48660038803928e-15,1.66915748067149e-15,1.78618620311082e-15,0.00259143324500958
"spot_518",1.39533556893918e-14,1.00683147688282e-14,0.47256470844973,0.508691715932608,0.0172369130194599,1.1615590613576e-15,1.31679423388386e-15,1.82615930896638e-15,0.00150666259817403
"spot_519",9.48549330917988e-15,1.41530165681881e-14,0.49848749043309,0.486722031390421,1.28832530957968e-15,0.0147087925465935,1.08950948273809e-15,8.27081388313026e-16,8.16856298686644e-05
"spot_520",0.996621022775101,1.62700795114889e-16,0.00337897722489722,3.46796611095557e-16,3.24037822969651e-16,1.11313959301959e-16,1.96627876526447e-16,2.69836330755138e-16,4.83538133164411e-16
"spot_521",0.391247211632296,1.99286386724769e-15,0.308182794232823,5.70577122498388e-16,0.100368095731855,0.000407763536073748,0.030240708077449,0.163859547717515,0.00569387907198533
"spot_522",0.240655740871189,4.27658479094768e-15,0.259431637859966,1.42087281970769e-15,0.260419632379127,0.00323470290659775,0.022690060001989,0.196352348977007,0.0172158770041178
"spot_523",0.151458860322486,7.15493490098039e-15,0.417762924509286,0.341144804469052,0.00076814136449776,0.00379697284647842,0.0166209743427223,0.0584214220041208,0.0100259001413495
"spot_524",0.000906988941024336,0.00115741844423188,0.477059612299033,0.518392789254399,9.06454931978188e-10,0.00191530206969625,1.75015969655925e-14,8.49769085194902e-05,0.000482911176623974
"spot_525",0.0409627502612576,0.0504091854150722,0.411741952297882,0.47384836307557,0.00705220161648056,0.00602248418968423,2.42167925894512e-15,2.52965668801163e-15,0.00996306314404768
"spot_526",8.33010440963054e-15,1.08424963874739e-14,0.45017949262838,0.535851584948845,1.37493174291765e-15,0.0115047250889355,0.00246419733381698,1.01825765967893e-15,1.10330713894649e-15
"spot_527",1.26213404974162e-14,1.17166610533679e-14,0.359178309467824,0.248209271227949,0.3911042420966,1.53854490133399e-15,8.26050761456573e-16,1.50495508373352e-15,0.0015081772075986
"spot_528",0.5608444887773,0.227258712403148,0.128579012556123,2.06418947929282e-15,1.27867496093236e-15,0.0576620766572891,1.07005350553457e-15,0.0256557096061346,2.18597401491444e-16
"spot_529",0.932183523654155,0.00625883525065268,0.0324453676957084,5.59145673409952e-16,6.86154795287375e-16,0.0291122733994811,4.23976035998643e-16,3.69808037345749e-16,2.48002430949123e-16
"spot_530",0.893401408661996,0.0903821952804053,0.00754533186282201,0.00867106419477246,1.48199689061103e-15,1.00364868551805e-15,3.54263324080593e-16,3.59363095341143e-16,6.93149583976694e-16
"spot_531",0.536407362062342,0.137546531678669,0.0776306555193619,1.37711596763816e-15,5.72801290564283e-15,0.248415450739618,1.43307986044279e-15,6.43591895499392e-16,4.00418699540524e-16
"spot_532",0.976976409601344,2.56814879593235e-16,0.0230011605698238,3.118192255746e-17,1.00998586344626e-16,1.05052262031414e-16,2.65394700121124e-16,2.24298288314601e-05,8.94851670569847e-17
"spot_533",0.84749326818963,0.0567240195140677,0.024631566864733,2.89247380643192e-15,1.67242350325485e-15,0.0605143663647118,0.0106367790668521,4.81530679835639e-16,6.61454665788178e-16
"spot_534",0.885853465588608,0.0554363337328405,0.0222228582431043,3.07006294267461e-15,1.5516623009538e-15,0.0244211371200352,6.9886851411298e-16,0.00620685480869078,0.00585935050671632
"spot_535",0.438382281081237,0.418679714095992,0.046870387653897,0.0204454693632183,1.27451819863582e-15,1.32122533062928e-05,0.00172341650127462,0.073885519051072,1.3210592134957e-15
"spot_536",1.00634827390696e-14,0.0787072515308162,0.311603797830519,0.00690823078660247,3.80617638612021e-15,3.08824450881008e-15,2.10145853125206e-15,0.591275708431849,0.0115050114201942
"spot_537",0.0702126387482725,1.14303716524328e-14,0.376162501999405,1.16293844399718e-14,3.49101833216299e-15,0.00551880926945429,2.84889436179804e-15,0.548106049982832,6.7737779341048e-15
"spot_538",6.6119788232239e-15,5.15600813201043e-15,0.155474520234834,1.29066959257215e-15,1.49913458057691e-15,0.745482361836212,6.66915672602386e-16,0.0990431179289387,5.37813073624924e-16
"spot_539",5.19476459028608e-15,0.854408747774953,0.0366651972842106,0.00021664115741357,4.55750005714641e-16,0.108709413783416,5.15178771751405e-16,5.17743534397575e-16,2.49446777672325e-16
"spot_540",0.322628883820184,0.419881849372614,0.0758279242267641,3.15572296230051e-05,9.15624410279246e-16,0.14695345663081,0.0048035817550976,0.0298727469649053,4.36822060900314e-16
"spot_541",9.31763439408296e-15,1.10179420520822e-14,0.49386328335112,0.460340030995946,0.03257577736291,1.22723940811719e-15,1.16282525183549e-15,1.46188400254709e-15,0.0132209082900005
"spot_542",0.0435608391216909,0.0201620905846969,0.446178996697448,0.452649008197337,1.59615241898349e-15,2.47256042796178e-15,1.24284254360874e-15,0.0374490653988205,1.27930756818422e-15
"spot_543",9.79282532253179e-15,1.37080493127575e-14,0.481742272751176,0.45284152456067,0.0644574631003471,0.000958739587780051,1.0965989839201e-15,1.30777945130069e-15,1.07821665498104e-15
"spot_544",2.07695459054655e-14,1.77737630397235e-14,0.209034103300482,0.25137912828407,0.0761468252405487,0.000225712388825189,0.204435016454641,0.25877921433139,3.63008733723969e-15
"spot_545",1.05090617946244e-14,9.94433486879032e-15,0.491141136057566,0.464457577525468,0.0434928724251718,1.45056180266859e-15,0.000908413991768674,1.57034304618665e-15,2.31411058956585e-15
"spot_546",1.32444823907242e-14,0.0913022664396259,0.407996675963129,0.397883354285882,0.102584583146663,1.53638436830256e-15,1.3900098223542e-15,0.000233120164682995,1.21074487225883e-15
"spot_547",9.55006225012871e-15,1.02214478482479e-14,0.497597112877313,0.49936698166438,0.00303590545828173,1.0720087659845e-15,1.34421414855622e-15,1.07550160800127e-15,1.64124109773098e-15
"spot_548",0.00354429115762223,9.05718615896e-15,0.524241734976837,0.471020925579288,1.46832062633043e-15,0.00119304828623715,1.6061062176391e-15,1.50635750018839e-15,2.06496992812782e-15
"spot_549",6.88075316186128e-15,5.09104960070122e-14,0.520930474840721,0.467032797308276,0.00901026686054102,0.000215182543047494,2.19108760089514e-15,1.15374769914466e-15,0.00281127844735308
"spot_550",0.583627694453,2.8068054594326e-15,0.0303662570332596,2.09443728705036e-15,1.71796595473718e-15,0.384442510051377,4.22814469521538e-16,9.11610105394252e-16,0.00156353846235571
"spot_551",0.995823923476799,9.38399074352651e-17,0.00417607652319982,2.62174607330861e-17,6.89142043345211e-17,2.9183047619928e-17,1.17581708889048e-16,1.36412796269669e-16,1.24155191686126e-16
"spot_552",1.1939610065138e-14,1.59303615654313e-14,0.364822091928471,3.88897351519757e-15,0.635177908071475,2.35180192900529e-15,8.85384900514102e-16,2.46273390359464e-15,1.57400976988297e-14
"spot_553",0.466386765543532,2.60684261593944e-15,0.195462210053704,0.00458610618191668,0.101805494772631,0.0255522251095018,0.0127830977206345,0.193424099085576,1.5325016324762e-09
"spot_554",0.234499078167876,0.00827486332536729,0.212144662406584,0.0313500001482243,0.398357603606559,2.34907749443387e-15,0.0287378555281733,0.0866359368172128,9.16362466325036e-16
"spot_555",2.96237852008994e-14,1.01007377751194e-14,0.213015211962539,0.191825467770199,0.595159320267196,6.81693083465125e-15,2.66555020005586e-15,3.70836992305995e-15,1.25598230087293e-14
"spot_556",9.12008133569856e-15,0.12502987545938,0.346482391230971,0.513776847462306,0.00278116058724254,0.000536470874673704,0.0113932543854155,1.37657183204099e-15,7.30452696943828e-16
"spot_557",0.00805991591764891,9.91451513835026e-15,0.489814856696843,0.466656323955217,0.0063879781009496,0.0236566019863349,0.00542432334298927,2.17687796536089e-15,5.08240730082742e-15
"spot_559",0.899254264806193,0.0858373504786828,0.00418815256379628,0.0107202321513248,8.35782733143845e-16,4.09049954522555e-16,2.10869766866716e-16,3.54699618531265e-16,1.63718241134302e-15
"spot_560",0.410489702526278,0.440344792885561,0.0710573916131127,0.0180513041538428,0.0130850331786693,3.93874037554647e-16,3.49504374477916e-16,0.0452098066202313,0.0017619690223045
"spot_561",0.999170871616988,3.31346266732778e-05,3.15042828127884e-07,1.74152854606258e-15,5.50197465927855e-16,4.0255828815627e-16,1.31778640075031e-16,1.91814734375803e-16,0.000795678713507437
"spot_562",0.958782150620181,5.40351472651959e-16,0.00637416409417858,8.32126567139364e-16,5.48868485045273e-16,0.0135641846742142,0.0101474560222774,0.0111320445891446,1.96554643283853e-15
"spot_563",0.674962488670975,0.150388827643993,0.0835770949048186,0.00316683554049203,0.0126360597269904,0.0565418399009499,0.00236108094732521,0.0163657726644545,1.11017663108224e-15
"spot_564",0.839368922542247,0.00561700994148766,0.0309376689775893,0.00447664392998404,1.46048036102383e-15,0.0892991534129878,8.00202582807734e-16,5.42802422917093e-16,0.0303006011957008
"spot_565",0.316554784241208,0.556871593970589,0.0468054192205688,4.44463820212704e-16,1.07299202144554e-15,0.0797682025676312,5.6030657022652e-16,4.83950441990282e-16,4.72550115200211e-16
"spot_566",0.576677578534401,0.385686931889358,0.0271055209417342,2.15675855727277e-15,7.70115517813021e-16,0.000828439830579612,3.71693105362933e-16,0.00970152880392214,1.15906655474407e-15
"spot_567",0.767922005967551,0.00344931141554383,0.0429347677713218,2.90145117500696e-15,2.01248327227233e-15,0.0097151311016526,0.00450143077584346,0.171477352968081,7.83159492191198e-16
"spot_568",1.5538176163716e-14,2.31350312148763e-14,0.324766363303843,1.67483283984733e-14,9.44615148252234e-15,1.89072264058083e-14,2.67043788042507e-15,0.675233636696047,2.305657181097e-14
"spot_569",7.94590910166965e-15,0.000668040723707406,9.46507511235146e-09,0.000912555018877171,9.3119681846277e-15,0.659476953973629,0.0930546031692753,0.245887837649418,6.69032894531325e-16
"spot_570",0.00233291121657703,8.23855257863319e-15,0.0452798684822309,1.20068092262844e-14,8.82099770188637e-15,0.88546184002032,0.0669253802808371,2.08294736659669e-15,3.83020155843467e-15
"spot_571",0.463880315054964,2.91042499231926e-15,0.0741193482849584,0.00267067846736632,0.0771721499162536,0.358042178348415,0.00957306431836087,0.0145422656096783,7.13611203878577e-16
"spot_572",7.36662786399647e-15,2.19488086926605e-14,0.558524535284876,0.441475464715089,1.38787384024679e-15,1.51175380118354e-15,4.65121996138957e-16,8.76010328298775e-16,8.20504257921835e-16
"spot_573",1.13072974883582e-14,1.05821498462381e-14,0.447925844793584,0.351783074742814,0.00305092180996375,0.0450919374546227,2.68810422477717e-15,0.152148221198989,2.48739710284227e-15
"spot_574",1.27533950724683e-14,1.07365362573228e-14,0.505408672917633,0.411357766284783,0.00787117935321756,0.00212983459562824,2.84999297309836e-15,0.0732325468487092,2.53489659641921e-15
"spot_575",1.04965396418899e-14,1.19232878032274e-11,0.494327055539097,0.473200915598938,1.12119922420719e-15,1.38358655761657e-15,0.00684997313307148,0.0256220557169552,2.1998121516607e-15
"spot_576",1.36637854794587e-14,7.09427149118926e-15,0.437624937533851,0.461214606558229,0.0898276215646045,1.01503918220652e-15,2.26153730385297e-15,2.66746895601037e-15,0.011332834343288
"spot_577",1.29206741778599e-14,1.17554573588788e-14,0.489225035076688,0.498343091056934,1.36929098873649e-15,0.00903384021493664,3.00816748960984e-15,1.87370932743257e-15,0.00339803365141063
"spot_578",7.73674568911e-15,1.15437660966726e-14,0.467301229106846,0.516993579341323,6.32066419745574e-16,0.0137883669602723,0.00191682459153685,8.99506084041545e-16,3.94514332291236e-16
"spot_579",5.66341409487859e-15,0.0027726155999447,0.481720339316881,0.51548696950645,1.13652911247148e-15,1.55629702279561e-15,8.25415065124044e-16,6.44277246713352e-16,2.0075576714648e-05
"spot_580",0.0190439309091437,8.76168283324631e-15,0.364120901153651,0.450903359049328,0.134697516649704,1.32098357673082e-15,2.7105000066808e-15,2.80958156831594e-15,0.0312342922381579
"spot_581",0.25588996478601,5.16496683132469e-15,0.124160246828026,0.134521954989289,0.0193698594598375,0.380492366479086,0.0719523066959091,0.0125940691171049,0.00101923164473233
"spot_582",0.88191774867475,6.55331844087198e-13,0.00895751339149038,0.00598076576888371,1.32382178775351e-15,0.0999860719969085,7.32117740995198e-16,5.66734645125415e-16,0.00315790016730969
"spot_583",0.692440645365607,2.08544758665039e-15,0.107330335776434,1.12646913381408e-15,0.174405484549683,1.1298645991882e-15,4.91930840135813e-16,0.0250853015706918,0.000738232737578754
"spot_584",0.315392360869823,3.81700293657217e-15,0.262178841224035,1.90472245134926e-15,0.291571871922522,1.30646033816132e-15,0.0163062344534657,0.111321935470786,0.00322875605936122
"spot_585",0.348664601061917,3.26486538635282e-15,0.244752777724462,1.5640925804191e-15,0.221984097139019,1.73798169964827e-15,0.0464192448997706,0.138179279174822,3.2255112937959e-15
"spot_586",0.273218296147587,6.84612073556675e-15,0.272188274291801,0.207436369150282,0.168228769695797,0.0102189773577202,0.0379103551462424,0.0307989582105625,4.86260647336307e-16
"spot_587",8.99540659025393e-15,1.37986969560672e-14,0.443103935887746,0.532914799256446,0.0232244390496622,1.505174167326e-15,2.05977747318784e-15,1.59703751643529e-15,0.000756825806118229
"spot_588",6.56984086105844e-15,0.0882905043844927,0.432534861248258,0.457741344622744,0.0214332897444957,6.2924569052339e-16,8.45442906136491e-16,7.31171558099239e-16,7.22456846967101e-16
"spot_589",1.33830449489357e-14,1.09568637959538e-14,0.491710488809593,0.460286355036416,0.0123668226968832,1.89799691550754e-15,1.13903541662153e-15,9.84310174957296e-16,0.0356363334570793
"spot_590",0.250637840774018,0.595914752311034,0.0703984569265684,1.14317590131124e-16,7.96169176316112e-16,0.0495871951771842,0.0334617548111939,3.95775705960538e-16,1.09927717731438e-16
"spot_591",0.995967448557401,4.20963468975631e-16,0.00401975785276588,6.22005168957539e-16,6.84471597643838e-16,5.41845241947822e-16,1.77411096544287e-16,1.27935898297706e-05,3.22626682181168e-16
"spot_592",0.989021256318837,2.88511691381793e-16,0.0109787436811612,2.72822044910106e-16,4.94621840464099e-16,2.20216074361813e-16,2.60917947887827e-16,7.67500219706788e-17,2.99551828976464e-16
"spot_593",0.995054434738403,3.29366650409866e-16,0.00371442642307003,0.000272708724755688,4.89894145962235e-16,4.98906143519846e-16,2.87760805010852e-16,0.000699417656737447,0.000259012457032428
"spot_594",0.995770840175082,0.000541380686666994,0.00368777913824964,1.62458996691687e-16,2.31575991701487e-16,1.80608775242033e-16,1.36458898256728e-16,5.12388213598714e-16,6.03957572063692e-16
"spot_595",0.830994565933507,0.0889527623987662,0.0339671193266735,0.0090537604970108,1.43002866351187e-15,0.00592133221314274,0.0197928923159026,0.0108070444898149,0.000510522825180886
"spot_596",0.782946522400046,0.176761740075154,0.0354650225323505,0.0048267149924454,9.78691190288677e-16,8.42423049333503e-16,6.34531626780421e-16,4.09084637838469e-16,1.44586316728864e-15
"spot_597",0.979863160149972,3.05698789667665e-16,0.0140768393782431,1.88811313757896e-16,2.67984117306874e-16,8.82548921268459e-05,0.00401191627849371,0.00147166806077796,0.000488161240385691
"spot_598",0.536695860255808,0.106052890734938,0.123420533898404,0.00504591972664289,2.33598381485318e-15,1.50556401868856e-15,1.67518008924063e-15,0.228784795384201,6.40733201534716e-16
"spot_599",6.50315154970447e-15,9.91157213070005e-15,0.334793089953184,0.00436221167618753,5.30402423502363e-15,2.55042596066935e-15,8.89650042586601e-15,0.420214715946638,0.240629982423958
"spot_600",5.28825031357314e-15,1.11115880070145e-14,0.462621649037621,4.62460039393317e-15,0.00920973200181475,1.48442529073221e-15,1.34889078928406e-15,0.280897714424101,0.247270904536439
"spot_601",4.59581277636113e-15,7.47965651629403e-15,0.298666435938115,2.30037841315461e-15,1.87711823176606e-15,0.495272026459745,4.98415661692893e-16,6.78114427263155e-16,0.206061537602123
"spot_602",9.82200719945731e-15,3.70974746732866e-15,6.33929104491514e-15,1.60395284670187e-14,7.81668734175029e-15,0.71079588584013,0.19150447179969,1.42310177473811e-15,0.0976996423601356
"spot_603",9.07822209563848e-15,3.65262003247933e-08,0.263920978389749,0.227709922193488,1.37162667081377e-15,0.463567930707818,0.0448011321827294,1.850512361689e-15,2.60558860031935e-15
"spot_604",1.46048269527588e-14,1.08243160643239e-14,0.458709967246042,0.508484169892901,0.0185895715666471,0.00062485767722205,0.00771043967179324,2.56192450871195e-15,0.00588099394536628
"spot_605",1.44181394543418e-14,1.05641140211057e-14,0.418634015500235,0.387230830737702,0.0339475524178933,1.27184879253517e-15,1.96650745849592e-15,0.16018760134414,1.16404877784516e-15
"spot_606",0.0165415863919382,1.35042045270892e-14,0.447058516364139,0.536399897243898,2.0253925757808e-15,1.66877607139739e-15,1.97987763308503e-15,2.53737846397081e-15,2.52981292955203e-15
"spot_607",5.55989930901384e-15,1.59669604958136e-14,0.515613105069178,0.362488016904914,8.88109712906436e-16,1.82414056297478e-15,8.67690949679649e-16,0.121898878025882,9.6560595416185e-16
"spot_608",0.0236151984391057,1.81203248881832e-14,0.364856421074801,0.514663977570437,0.0130221524151344,5.426791290411e-15,0.074275735857188,2.90877509352525e-15,0.00956651464330741
"spot_609",0.200579158860202,5.48180742490784e-15,0.351771559513288,0.368945561801455,0.0554113687648031,0.0232923510602366,3.62346881983081e-15,2.56919018475287e-15,3.28525033897702e-15
"spot_610",0.0504050392262886,8.36242110011092e-15,0.464571418165639,0.479406396181654,0.00561714642639966,1.80561321966318e-15,2.44712188768881e-15,1.93821821004069e-15,3.99000757439808e-15
"spot_611",1.76442359649189e-14,9.07544733018715e-15,0.471142873043343,0.477573110490648,0.0497443989890505,0.00153961747692396,2.68108204170286e-15,2.86039714879673e-15,2.8603671321752e-15
"spot_612",0.305099600442732,2.48748644896267e-15,0.0168561210173343,4.87137607672132e-15,2.49247039169041e-15,0.62240350883945,0.0556407697004715,1.29270916027658e-15,1.552621035773e-15
"spot_613",0.92490473379315,9.1254112388319e-16,0.0164259875873469,7.37291448248461e-16,0.000499803453816547,0.000945310963914044,0.00141307239628553,7.69469924177061e-16,0.0558110918054847
"spot_614",0.994871860490326,2.2507901566363e-16,0.00512813950967292,7.74488268891356e-17,1.81261768350617e-16,1.17633144273298e-16,1.4620187977069e-16,1.75942849770441e-16,7.51113626016461e-17
"spot_615",0.609450742974211,2.42168574936241e-15,0.0928274316275623,0.000918243370560518,0.28265658648216,9.0124260586498e-16,0.00753782450732791,0.00595213027641563,0.000657040761760222
"spot_616",0.127434492120158,4.45813417635327e-15,0.313455361343706,4.58712790746777e-15,0.442159947646731,8.56503144721815e-16,0.0301786731721642,0.0867715257172281,2.7546981508404e-15
"spot_617",0.356264368672349,2.67172149055228e-15,0.244193216666108,5.58183020686619e-16,0.205288842979185,1.41627528270758e-15,0.0237402568565496,0.170513314825803,1.60581429463673e-15
"spot_618",0.232727833525872,6.41494299864882e-15,0.407230917695151,0.271456173423188,1.19510844436529e-15,0.00083816237888802,1.1124670295069e-15,0.0844206143585926,0.00332629861830026
"spot_619",1.61487415626e-14,0.00547600880295568,0.409013126990958,0.411681654037588,0.160808521094171,2.88891057249728e-15,1.24437107644447e-12,0.00299067426457815,0.0100300148084849
"spot_620",0.00283662207211278,8.6752009903919e-15,0.471284526869234,0.420371809193737,0.105507041864905,4.16731507317522e-16,4.04520788221638e-16,8.36551040875347e-16,1.46247758245751e-15
"spot_621",0.908195005805753,8.04806745957075e-16,0.0286758937207204,0.000361959949802912,6.81694739796981e-16,9.2119068982726e-16,8.78376137257529e-16,0.0627671405237199,6.39207385590702e-16
"spot_622",0.631575579983718,0.0387889436602938,0.0192317050757109,2.19318427812801e-15,2.94496823258259e-15,0.121554973084614,0.0253175633100762,0.163531234553354,3.32228302841251e-10
"spot_623",0.836898650651206,1.46856967772354e-15,0.0383432570987026,2.36718689726535e-15,1.6875009787891e-15,1.31618301761598e-15,1.13033168971156e-15,0.124758092250083,2.44289700818242e-16
"spot_624",0.893880650068399,0.0874026326141351,0.00539446045849167,6.35827788991751e-16,6.24842651823977e-16,0.0133222473466314,9.51234083755909e-09,1.83240223556167e-16,6.00524106757397e-16
"spot_625",0.736500560239186,0.0583838888294019,0.0981613281295545,8.38944720618525e-16,1.10026812133034e-15,0.074308117792303,1.02795272273498e-15,0.0326461050095508,6.79917607476431e-16
"spot_626",0.955028296817005,0.0201330591196813,0.00585260905749352,1.52423673554849e-15,1.02195584663577e-15,0.0189860350058159,5.6597351881254e-16,2.43151448625407e-16,6.07364635661042e-16
"spot_627",0.311440431606654,0.531739185143907,0.00806152663119343,0.00792239657810834,1.45142233674106e-15,0.139258673139538,0.00157778690059335,5.65506566301449e-16,3.53619593961434e-15
"spot_628",0.736578320993443,0.193761629323036,0.0235190043206463,6.11218370659905e-16,0.00213361329183579,0.0432072446414325,6.80314940044461e-16,5.80084499677577e-16,0.00080018742960418
"spot_629",7.98241297580181e-15,0.542030428725339,0.133765011218143,0.038683036432029,7.23853078353061e-16,3.34132159849359e-16,0.0356806827543486,2.77831795292848e-15,0.249840840870128
"spot_630",4.80161442923094e-09,8.64991105088041e-15,0.530037936125889,0.000315788059735581,1.25684052020396e-15,1.12116454882563e-15,1.60679719194465e-05,1.05757395967946e-15,0.46963020304083
"spot_631",0.0104825092712671,7.10188949357957e-15,0.495309789601753,1.52099190844942e-15,0.00359954168411229,1.04000783123969e-15,1.1218432446713e-15,1.26111832681985e-15,0.490608159442856
"spot_633",1.51090370687768e-14,9.52525932375219e-15,0.422256368606386,1.43947736957516e-15,1.88636257240201e-15,0.00390705700960779,0.0616102001393109,1.87707243576105e-15,0.512226374244665
"spot_634",3.42782803760153e-12,7.77334341010006e-15,0.150760310307777,2.26701789215593e-15,1.56944433346779e-15,0.848946423564623,6.55090100592152e-16,0.000293266124158589,7.40182583792271e-16
"spot_635",1.18218525782476e-14,0.000473927482713881,0.350775550199854,0.321098745490864,0.107220261474108,0.219988543194182,1.63094862906462e-15,0.000442972158263828,1.46078532233357e-15
"spot_636",9.90571006003959e-15,9.63742688121897e-15,0.495970941188951,0.492331759158337,0.00930519888019888,0.00146469155027944,1.5586142815359e-15,1.32064901122218e-15,0.000927409222210797
"spot_637",1.26312792681356e-14,1.27680531226833e-14,0.467930030436649,0.453762516784302,0.076076112470344,1.53669588395002e-15,7.94087810717651e-16,8.84430742992009e-16,0.00223134030867698
"spot_638",0.00431508368762685,1.03506192429593e-14,0.505949858169119,0.469472671600567,0.0192977082254687,0.000964678317200677,2.59854465348381e-15,1.86615715861607e-15,3.01214535500218e-15
"spot_639",7.79628359215075e-15,1.25165098748165e-14,0.483084775733042,0.515098176778789,9.44101186632247e-16,0.000968911402578554,9.80933419364212e-16,1.16350936356803e-15,0.000848136085567166
"spot_640",8.78583200208996e-15,1.26577269123617e-14,0.483622933581915,0.504024752907842,0.0122194676347736,9.39600752046224e-16,1.22037742521741e-15,1.23933587136694e-15,0.000132845875444455
"spot_641",1.41812991623429e-14,1.70940759120879e-14,0.513785313594596,0.476426006992535,0.00625503623894119,0.00247748131485971,2.07616271759583e-15,0.00105616185903244,1.33121128004754e-15
"spot_642",0.512012869835531,4.37664771476722e-15,0.26802020881109,0.152450368168503,0.00831058389644093,1.35879511673535e-15,7.96536986618888e-16,1.20669224033171e-15,0.0592059692884277
"spot_643",0.766174444413068,5.67247160951025e-16,0.00177036944366301,4.96780600455656e-16,6.31295252817505e-16,0.231943052945459,1.728115436431e-16,3.30597768463011e-16,0.000112133197807977
"spot_644",0.938667832557696,1.00107288020271e-15,0.0418604421482085,0.00404808587139984,9.25223797482417e-16,4.63760730079381e-16,3.36203180353258e-16,0.00104720333579835,0.0143764360868943
"spot_645",0.994512535113159,2.15069288842214e-16,0.0024490304992338,4.78924882164667e-16,3.76953896556042e-16,6.99565136295343e-08,2.38435749420682e-16,0.00263959403482854,0.000398770396264081
"spot_646",0.981581501726238,3.80303591990015e-16,0.00372051467998684,6.77180047049034e-16,6.70332282539215e-16,0.0141455384335821,8.5063963531912e-12,3.57106525006585e-16,0.000552445151684189
"spot_647",0.95473381393048,7.34724478007108e-16,0.0183966024452183,3.80227538889324e-16,4.60935259720587e-16,0.000795360385250246,0.00110870791320534,0.0234332876658849,0.00153222765995968
"spot_648",0.255133162209776,5.3306027429036e-15,0.264102417331817,2.56341779878528e-15,0.296008102738356,2.13523217853526e-15,1.95257749287553e-15,0.183194211588647,0.00156210613139207
"spot_649",0.442396942502743,9.5872098471656e-16,0.302927776090244,4.61727920645581e-17,2.35872635541471e-16,2.87063328255436e-16,0.00150079522444377,0.253174486182567,2.65520380719549e-16
"spot_650",2.10415825476553e-14,0.10427518945026,0.132951834968659,0.0952132125838996,0.456406343718595,0.211153419278555,4.16496332880301e-15,2.34078615861535e-15,3.51634500298369e-15
"spot_651",1.22814646018105e-14,5.9620389064963e-15,0.116952550137891,0.190980013488838,1.02696814591349e-15,0.367042056941961,0.190451474521969,0.13455486352567,1.90413836520905e-05
"spot_652",0.999999999999997,5.23721145790755e-17,1.03455811027169e-17,7.65560996545369e-16,2.65584661180233e-16,9.24551386764769e-17,5.02768866637345e-17,9.0095057912805e-17,2.05281038293087e-15
"spot_653",0.78537127192821,0.0545534487154006,0.0111103554691997,1.34984741071908e-15,1.41377686629392e-15,0.148964923887185,3.39418387075555e-16,3.21074289802589e-16,3.41752565995589e-16
"spot_654",0.670292231777812,0.0935328145156775,0.115657623435142,8.52251986993939e-16,1.17141988442638e-15,0.0138828411003142,1.15137493321094e-15,0.10663448917105,4.81072255450661e-16
"spot_655",0.996058262335808,2.35741514450839e-16,0.00253523038326736,1.14406125446951e-15,6.28808540144528e-16,0.00102509981791203,3.15072677103577e-16,0.000381407463005405,5.43311857961429e-15
"spot_656",0.815505434333444,1.79758533464182e-15,0.114847247776788,0.000308635323701439,9.49697988317019e-16,0.000540279925762766,1.21531488314471e-15,0.0684891247154452,0.000309277924854022
"spot_657",0.945701549102362,0.0360933756144641,0.00042992293473818,0.0131454701878505,8.58559212307678e-16,5.58290018919993e-16,0.0046296821605807,3.43060836474158e-16,2.39399167554284e-15
"spot_658",0.852532210015453,0.0511819310148694,0.0402120919050248,3.41109951163318e-15,2.73022610360168e-15,0.0386845187210925,1.11951805959969e-15,0.0173892483435524,4.12329221522693e-16
"spot_659",0.762165171512873,2.22778624505668e-15,0.101386394496853,9.46296221280194e-16,1.22529104498657e-15,0.00677878613323566,0.0155647410554383,0.113471603805758,0.000633302995838268
"spot_660",1.11165284020247e-14,6.75252052493758e-15,0.510034046368481,7.5718245516e-16,9.7769180823366e-16,1.02176634601777e-15,7.03425311436456e-16,1.11095456731943e-15,0.489965953631496
"spot_661",8.94182522974621e-15,7.51504797229593e-15,0.50432493595781,0.000658537738364891,1.36440017964124e-15,1.35097474346162e-15,8.8074643362998e-16,1.39840120304868e-08,0.495016512319793
"spot_662",1.12843649818152e-14,7.63510517255466e-15,0.533697562716073,1.01882826904088e-15,1.10449007194957e-15,1.12775118148346e-15,9.09934527690778e-16,6.7419254819762e-05,0.466235018029084
"spot_663",0.00156566324788146,9.72446524680989e-15,0.465639165328059,0.0234915259263557,2.16237801594243e-15,3.293358132047e-15,0.0348649818118013,0.000805349913902538,0.473633313771985
"spot_664",4.76285279460445e-15,1.0904866746043e-14,0.459466664663413,0.0283741658663083,2.83605738597396e-15,3.82282929076707e-15,0.0333151691536786,2.16707391509206e-15,0.478844000316575
"spot_665",1.26686727245804e-14,9.81013747751598e-15,0.53269550596278,1.3030309522788e-15,1.26549924311644e-15,1.08803567725016e-15,5.42292868946565e-16,1.04914879626413e-15,0.467304494037193
"spot_666",0.4044309961434,2.48421905319474e-15,0.0776690887947049,0.00210616607803287,9.11586520200198e-10,0.396011856658807,0.027803128053663,7.35066993544832e-16,0.0919787633598024
"spot_667",0.0279141354679335,9.84348800827831e-15,0.384936882204113,0.315316127626738,0.0315173842462964,0.240315470454898,3.20717626503927e-15,2.30865265844655e-15,4.9988767783346e-15
"spot_668",0.00473227214132931,6.3068293578731e-06,0.32068563968224,0.362969772329952,1.74181683853544e-15,0.311606009017114,7.86518801496146e-16,1.48269865896342e-15,3.18464336477663e-15
"spot_669",1.01882782258036e-14,9.82036835712993e-15,0.41791691191728,0.434012667014551,0.138970127576708,0.00377751890058877,3.29419750327414e-15,0.00532277459084806,1.41149898258253e-15
"spot_670",0.00227389239154867,9.71372098735729e-15,0.489794323260373,0.493167660565877,0.000220809887085857,0.000638322951416281,0.013709256533648,1.87411691369001e-15,0.000195734410039887
"spot_671",8.94972408244012e-15,1.08585887095683e-14,0.474438721173234,0.490699559645557,0.0275727262026332,1.50011040503259e-15,0.00619451644489083,3.81934875827994e-10,0.00109447615172862
"spot_672",1.12927075098693e-14,0.245132398471388,0.211788726361669,0.147312614950427,0.000267164372175494,0.395499095844326,1.47348876471191e-15,1.24647150848583e-15,9.55069148145039e-16
"spot_673",0.347901047141716,2.59758953365526e-15,0.129503844896542,4.7644493778683e-16,9.3485748054448e-16,0.522595107961736,6.64327422644123e-16,5.15372785584384e-16,1.82820541675694e-16
"spot_674",0.766658873174189,5.95209663996903e-16,0.0102268305956642,3.3280486202449e-16,5.20167211721063e-16,0.223114296230144,3.62871463727026e-16,5.27577937935971e-16,2.46204803924279e-16
"spot_675",0.991023029274767,2.93871225532252e-16,0.00722839916735763,4.54196638697659e-16,4.64469559491813e-16,3.88677984721752e-16,4.95271337256823e-16,0.00174857155787208,6.89338899735266e-16
"spot_676",0.870696655993044,1.09258544057817e-15,0.0194052425343726,0.0155605905953864,0.0854745792011341,5.45609916569825e-16,0.00449661018410712,0.00392337872509193,0.00044294276686219
"spot_677",0.980393734463281,4.43489173394927e-16,0.0134387645474771,3.24759718959932e-11,4.74410053220041e-16,0.00329907127030593,4.22074608241826e-16,0.0028131130421373,5.53166443207402e-05
"spot_678",0.996526288807896,0.000894101819964024,0.00257960937213205,2.17047922839857e-15,7.79340489768098e-16,3.87456010428932e-16,1.74801342397403e-16,4.44075558578769e-16,3.62448533421037e-15
"spot_679",0.986365420968307,2.36130104110296e-16,0.00300294028956485,5.53073375612099e-16,3.39602909490726e-16,0.00140010073387447,0.00598804007594505,0.00324349793230734,4.47434850095378e-16
"spot_680",5.72764512117479e-15,0.0202109154097833,0.104433026360471,7.83453920945901e-05,0.136917924955578,0.738359787882066,5.04807813385576e-16,5.88234448192248e-16,3.21079377889157e-16
"spot_681",0.0337491407753465,3.81517277919681e-15,0.0683444533994096,2.54308903437444e-15,2.46452700635783e-15,0.848508124205442,0.0449942010908786,0.00440408052891351,1.16269571004519e-15
"spot_682",2.92881454221363e-15,4.45397129467859e-15,0.100862261133069,7.72144142209931e-16,1.51333986394744e-15,0.89913773886692,2.40124323089546e-16,3.77352916491472e-16,6.46119607164467e-17
"spot_683",0.962831084638649,0.0183272102601051,0.00446640091820294,9.11717702983316e-16,7.18855506669862e-16,0.0143753041830394,2.12430889269888e-16,1.70280842014103e-16,1.25404583798628e-15
"spot_684",0.486113600139631,0.435022940461841,0.00710053724606215,0.00802805088700103,1.1631810183445e-15,0.0544106597545255,3.87064721946501e-16,0.00932421151093694,1.46503439352063e-15
"spot_685",0.949566501687815,1.38265882213753e-15,0.0160695665169,7.95456848694969e-15,2.41725644721123e-15,1.25836232430816e-15,1.4447534463827e-15,0.0343639317952698,9.6810260552454e-16
"spot_686",0.988604399983146,2.10310318581937e-16,0.00954567188184958,1.14788342216952e-16,1.21153455331191e-16,7.42371318965538e-17,1.73188916942203e-16,3.83952364002438e-16,0.00184992813500299
"spot_687",0.993340872215887,4.0723345653716e-16,0.00665912778410533,1.45628449747691e-15,6.92948067276817e-16,5.7086673192942e-16,3.43296290574731e-15,7.13647112957347e-16,8.01433440005133e-16
"spot_688",0.580612947434906,0.283563542522124,0.0813846600176251,2.40210160604079e-16,6.2331028716705e-16,0.0544388500253433,4.21971438418487e-16,3.67726160946905e-16,1.15767423487672e-16
"spot_689",0.727950408960955,0.127827935944285,0.0626144646740201,0.00922699949493436,1.32198487004965e-15,0.0594951586812259,5.48755252097676e-16,0.0128850322445772,7.40236372902634e-16
"spot_690",0.489756996696412,0.188178483286538,0.150270442606631,0.015298081750616,2.12634151501831e-15,1.01675168308448e-15,0.000476107106544428,8.60793886287376e-16,0.156019888553254
"spot_691",6.91627371459975e-15,7.20845002029638e-15,0.459303221121139,8.74239226247627e-15,4.33162704542864e-08,1.38918790201457e-15,0.0488232935424471,2.22410645211832e-15,0.491873442020117
"spot_692",7.36239844397437e-15,8.54133963154394e-15,0.477258662347621,0.00322955642389812,0.0893562302163498,1.13087189437728e-15,7.08551539708208e-16,9.14184660325856e-16,0.430155551012112
"spot_693",9.7578390838518e-15,7.29832378545762e-15,0.554346393536282,0.000315248773736126,0.000304719264250292,8.13446293445212e-16,7.88518855793428e-16,6.09327516978478e-14,0.445033638425652
"spot_694",6.1188102345551e-15,6.51649190304422e-15,0.436528025760088,0.00622758820359701,0.0244419879015605,1.47174738706173e-15,0.0509592856938793,1.63709430660063e-15,0.481843112440859
"spot_695",6.71950683844444e-15,8.62968033971655e-15,0.50828887823333,0.0014681519788908,2.77435409041408e-05,1.3063902798445e-15,6.8571874463412e-16,8.33545073612072e-16,0.490215226246857
"spot_696",7.00286152529168e-15,6.85428809324308e-15,0.528718161349943,1.10104119668119e-15,1.26041236991239e-15,1.11102333927774e-15,7.5116395150482e-16,8.99274064912675e-16,0.471281838650038
"spot_697",0.236266891271973,2.37827999124876e-13,0.129765403214411,0.000772565858659161,3.48062251416682e-15,0.572447209364829,6.2563273131274e-16,0.00395776524752357,0.0567901650423625
"spot_698",0.664100528287605,1.71754781619421e-15,0.0269853281863591,1.0596420538706e-15,1.37265153074877e-15,0.280586813645483,4.22406179057301e-16,5.26034846087148e-16,0.0283273298805476
"spot_699",0.239547081452746,2.54155321638558e-15,0.0394877019601306,9.20262849288842e-16,1.50553599649645e-15,0.720965216587118,3.79254276527188e-16,5.14849682605386e-16,1.69138119648068e-16
"spot_700",5.09870225232111e-11,7.49159564389678e-15,0.293294450202857,0.0775788320140389,0.0173240340391955,0.512519287645627,1.09121391529838e-15,1.5278780973027e-15,0.0992833960472838
"spot_701",0.858760959295608,8.72538617533976e-16,0.00987080391696901,0.0629489192661124,0.0684193175213061,6.19203194937266e-16,7.40168961467218e-16,1.0786761644056e-15,1.25810129300149e-15
"spot_702",0.013078301750178,9.21250187205203e-15,0.134720746505674,1.8790279736224e-14,5.7857015678546e-15,0.640649862374949,0.175929234070668,3.22340185196382e-15,0.0356218552984938
"spot_703",0.724411705392922,1.46329135411089e-15,0.0398522312322515,0.000172789054743636,2.11738086470097e-15,0.235125650958906,1.43617180945346e-15,0.000437623361171748,2.97705984740338e-16
"spot_704",5.23482429961483e-15,5.7567523972756e-15,1.07448355166369e-09,1.5198997225165e-15,4.05803666006276e-15,0.999999998925499,3.79576613121222e-16,5.83348953378184e-16,1.26060698054085e-16
"spot_705",0.345012119228366,3.18233497322761e-15,0.0931115526942723,1.7058861383084e-15,3.22012132585432e-15,0.262792593300287,0.299083734777064,1.3153439774463e-15,5.5724557116434e-16
"spot_706",0.646249581385019,6.09377117878138e-17,6.61914765313927e-17,2.90048299298081e-16,3.28385964645872e-16,6.70859464670987e-17,0.353750418614979,1.0713503317033e-16,1.01817056536142e-15
"spot_707",0.593484666489097,2.66027550293794e-15,0.0764443904115168,2.26703843792723e-15,2.52918420034074e-15,0.00181247991090959,0.264663389077185,0.0635895294710477,5.54464023642605e-06
"spot_708",0.999216228508928,1.52941090075066e-16,0.000185519053564378,1.35852765650854e-15,5.3814883888831e-16,0.000598252437499898,2.59932001299208e-16,1.67026378779477e-16,4.75523905141938e-15
"spot_709",0.99765287323384,2.28277546929118e-16,0.00212161244078784,4.99232887831712e-16,4.91296578694912e-16,3.32771929366567e-16,1.37166213190751e-16,0.000225514325370197,3.09243271608224e-16
"spot_710",0.993836890257956,2.83673028455827e-16,0.00471808383574123,3.04638779428522e-16,3.80233863255068e-16,3.77434331977291e-16,0.00144502590630008,3.35742667809595e-16,6.14075394797761e-16
"spot_711",0.296807034587679,4.1759828470664e-15,0.183755173389641,1.8039641171171e-15,2.84311666327304e-15,0.294474741961848,1.49391633503818e-15,0.224963050060821,5.23287293776726e-16
"spot_712",1.15618829711327e-14,5.36159354137272e-15,4.79535136947313e-13,1.3434035552043e-14,8.0873652275225e-15,0.908154803510251,0.0918451964892253,1.96135576463258e-15,4.00630645643525e-15
"spot_713",1.18246473752822e-14,0.14276079397652,0.279439653712533,9.69792579161344e-15,4.67380021035383e-15,0.272421305749736,2.14116375503732e-15,0.30537824656117,1.28418005163425e-14
"spot_714",0.885035803822054,1.42363252735708e-15,0.0408274928195808,1.44553481676314e-15,1.42661069645966e-15,2.51005997919405e-15,0.0349030406200816,0.0392336627382763,2.18324424967002e-16
"spot_715",0.694731292540467,0.133043072944655,0.0422304327753761,1.34280224557514e-15,1.75075443590473e-15,0.129680058024604,4.93538265441226e-16,4.1617943172529e-16,0.000315143714894953
"spot_716",0.552889407935332,0.329373247090008,0.0909052428834738,1.17121825921067e-15,1.15942143168029e-15,0.0253891629358319,0.00144293915535091,8.94145839240177e-16,1.00538527593913e-15
"spot_717",0.980477065705983,1.80715640421495e-08,0.0153769584726713,0.000138601745566051,1.8147718502357e-05,3.10950660114051e-16,2.67527723550125e-16,0.00382561325405185,0.000163595031660828
"spot_718",0.788952183941462,0.0388442759226823,0.0459680408111341,6.65070022548832e-16,1.02748634673301e-15,0.126235499324718,4.16857313668849e-16,5.37340003159334e-16,3.46890418233043e-16
"spot_719",0.984523508292543,3.14159383028755e-16,0.00847844333438164,0.000414200143960186,4.79749931931351e-16,2.15369621667888e-16,2.5963629421658e-16,0.0029216696886129,0.00366217854050128
"spot_720",0.766114355761846,0.139682703662168,0.0302738746255251,1.43138552770203e-12,2.48833865228912e-15,1.05458601920638e-15,0.0371951043248609,8.26049495741329e-16,0.0267339616241648
"spot_721",0.00195992523982745,8.06382851574416e-15,0.509702562138182,1.84045794098616e-15,1.40133380711811e-15,4.09422953662538e-06,7.73607188847729e-16,1.0206088134804e-15,0.488333418392441
"spot_722",1.09544886104195e-14,8.88748990019454e-15,0.514603470673726,0.000248434772772641,1.49676958476027e-15,1.25288776425478e-15,7.61459010444066e-16,1.03035904388612e-15,0.485148094553477
"spot_723",0.0127191257018659,8.48837637356147e-15,0.537247793293064,0.00207616768754795,1.95435344227988e-15,1.41145997560834e-15,8.16000081744473e-16,9.46318956295864e-16,0.447956913317508
"spot_724",5.84733617798179e-15,8.54803620441912e-15,0.529075331820732,0.00120621601310319,1.52481036913661e-15,1.1769228894504e-15,6.82625169584801e-16,9.35692458558374e-16,0.469718452166146
"spot_725",8.71381581816201e-15,7.51643645273374e-15,0.515165475852015,0.000604549825357921,1.23994783787596e-15,1.08147181374101e-15,6.5438767925033e-16,9.99975079095429e-16,0.484229974322606
"spot_726",1.0851035055676e-14,9.17153659533405e-15,0.486767966556386,2.675623782849e-15,0.0169464261898677,3.08774857688147e-15,0.0157012491249383,2.23026914304874e-15,0.48058435812878
"spot_727",6.54265595884212e-15,1.00872364230822e-14,0.489912114597645,0.00194306004911016,1.8423927288773e-15,0.0996957906847593,8.7758060810765e-16,9.89535315396719e-16,0.408449034668465
"spot_728",9.71031380308674e-15,1.22900673506834e-14,0.491333307230453,2.40966476375054e-15,2.05009101797194e-15,0.125847771008866,1.00849142170929e-15,1.31878579302838e-15,0.382818921760652
"spot_729",0.458382766459891,3.59618229049109e-15,0.0387454439552514,1.23536847717839e-15,1.35853422718798e-15,0.50287178958485,6.47529750488975e-16,6.06641474297216e-16,3.55765144213162e-16
"spot_730",0.558423329819076,1.16654241463677e-15,0.014276310890115,1.05164231467172e-15,1.26296873261518e-15,0.349827948355129,0.077472388514696,2.24209801870512e-08,7.10342620622107e-16
"spot_731",6.09907539833599e-15,7.23941784236136e-15,0.230508266928284,3.56612007937821e-15,3.26073304169958e-15,0.769491733071693,5.65304800180037e-16,9.36693002568912e-16,1.22898612275665e-15
"spot_732",0.724988093641809,9.53751941898658e-16,0.0150981872161878,1.25608723773961e-15,6.8787090836429e-16,3.68541725981925e-15,0.129807269702083,0.00803380361869607,0.122072645821218
"spot_733",0.648277109159659,8.39022168779722e-16,0.00539069655682102,4.04133926424116e-15,1.21158324828495e-15,0.313942217174812,0.0200989463872317,0.0122910307214686,1.89602978119558e-15
"spot_734",0.207020495986782,3.73008748478215e-15,0.101368063725092,2.15163864534935e-15,0.00209825741663215,0.359281346709696,0.326857419016042,0.00337441714574988,2.99562826983855e-16
"spot_735",9.19201761644023e-15,9.70164159074545e-15,0.170739719851774,3.42687304818436e-15,3.7831437298374e-15,3.85203654577392e-15,0.700219059036861,0.128116175577784,0.000925045533549833
"spot_736",7.22034201715827e-15,9.16956417953792e-15,0.205190509385247,4.16328287154056e-15,3.0813298308211e-15,2.74482267287432e-15,0.555217068324549,0.239592422290173,4.62698106178077e-15
"spot_737",0.103690396676309,4.75149755253759e-15,0.149433709076795,1.22940742656224e-15,2.07617697714156e-15,6.99267887468586e-15,0.42932727018733,0.317548624059549,2.56453773455747e-15
"spot_738",7.090255079178e-15,5.57713782627707e-15,0.113377589640872,4.33142626547524e-15,0.00312694700562798,0.193716523496301,0.590473820013874,0.0993051198433072,9.30461564143659e-16
"spot_739",0.124609472554959,9.28424300068527e-15,0.208466773979693,0.0492565359877817,0.00175096333016715,0.134294827201855,0.460606038899211,0.0210153880463161,7.48971601184488e-15
"spot_740",0.947947339347199,9.75769593074926e-16,0.0362890918584767,1.1962788872259e-15,1.08926396917765e-15,1.13027687753961e-15,7.43400633727217e-16,0.000767976712960941,0.014995592081358
"spot_741",0.97982271779911,1.4297581301295e-16,0.000279789826436805,1.48164483697392e-15,0.00105767403437354,5.02274654465029e-16,0.0041002606355921,0.000141472744077782,0.0145980849604079
"spot_742",2.98179610427153e-15,4.38998855970183e-15,0.149737862474995,9.79820006204269e-16,1.24207068979909e-15,0.783506167161931,6.30343207666128e-16,0.0667559703630629,1.04296005278954e-16
"spot_743",7.91448124581689e-15,3.62105403984081e-15,8.06947217230235e-15,3.8272073128328e-15,8.80013859237656e-15,0.498085115992007,0.192985738764297,0.308929145243663,3.06452691940259e-16
"spot_744",7.91742074903959e-15,6.71534437205166e-15,0.175064398856782,0.00218611962170716,3.12291043444681e-15,0.692968283269822,0.00833423206541555,0.121446966186254,1.51351067185236e-15
"spot_745",0.423304921796062,1.98376235507836e-15,0.262343092163842,5.40865291599835e-16,7.36643724427824e-16,0.00051402031321683,0.0406376989007806,0.178259686012558,0.0949405808135374
"spot_746",0.586263787627925,9.76537602444594e-16,0.202101182619056,9.99391720000815e-17,3.07917221115026e-16,6.41435478823463e-05,0.0536212889231537,0.157949597281982,1.63767583051303e-16
"spot_747",0.743596369441833,2.04097291057316e-15,0.0884598776594204,5.35726850877568e-16,1.03862565459671e-15,0.0982995000520165,0.0117129652483618,0.0579312875983637,5.39776126827481e-16
"spot_748",0.844642973548834,8.0664614167882e-16,0.0644006064195048,8.44734176240793e-17,0.000262059970531264,4.07696978873118e-16,9.60504873772799e-16,0.0906943600611271,1.62467982859039e-16
"spot_749",0.234912382974913,3.89132018641969e-15,0.443427832464645,1.60136624892488e-15,1.26079414345274e-15,9.87007033475169e-16,1.57778458904541e-15,0.106471627964386,0.215188156596046
"spot_750",6.61761328851903e-15,8.66213619730996e-15,0.552200610353943,0.00329121124978288,1.27430512455892e-15,1.24702357305553e-15,8.32726204943278e-16,1.19003063021559e-15,0.444508178396254
"spot_751",4.78830158324235e-15,8.97903579474096e-15,0.48261170390873,0.0136920140297193,0.0365911293426357,1.59437555218897e-15,8.78618707551263e-16,1.07323196867116e-15,0.467105152718898
"spot_752",1.32422775235254e-14,6.92300014090802e-15,0.454413230024779,1.07492727969478e-15,1.32237268319342e-15,2.51287357369676e-15,0.0506594367952873,1.6350006433364e-15,0.494927333179907
"spot_753",7.00884886816929e-15,5.94956066929183e-15,0.52746601547973,9.52192660552497e-16,0.00140250522616769,6.70411274400245e-16,6.9565713004268e-16,8.70362390359465e-16,0.471131479294086
"spot_754",7.96201476311702e-15,1.03700079943862e-14,0.44589416530059,1.84512505697628e-15,1.66719097337518e-15,0.128476246572511,0.0167843362206945,1.17968489142127e-15,0.408845251906182
"spot_755",8.35071715628869e-15,7.06236637705635e-15,0.523635814261712,0.00050576886151104,1.17074854116022e-15,1.17229971385812e-15,7.37769626698467e-16,9.64586793384017e-16,0.475858416876757
"spot_756",0.00454158924301529,6.27259135629878e-15,0.486434070944077,1.29181288915554e-15,1.34551070181002e-11,1.27002715200107e-15,0.00488238121317194,1.63203821269022e-15,0.50414195858627
"spot_757",9.49222869393593e-15,8.00032744486752e-15,0.478468608560716,0.00120823327551052,1.92897614923338e-15,1.92554351266194e-15,0.0245503021141321,0.0062759401571811,0.489496915892439
"spot_758",8.57859655747128e-15,9.35331404408449e-15,0.497794467739005,0.013270929294371,6.39226420014787e-09,2.27253863232651e-15,0.0145505781043883,1.4163785504891e-15,0.47438401846995
"spot_759",8.68167374579027e-15,7.40799184750947e-15,0.526483852316666,0.00030467691226656,1.20955456683011e-15,1.02937892949669e-15,5.88698186131038e-16,8.66388458283901e-16,0.473211470771048
"spot_760",0.016091498320812,6.90757808663597e-15,0.515513056391441,1.10960214935442e-15,1.42870733802458e-15,1.3452662215795e-15,8.95692689162427e-16,1.13645973640586e-15,0.468395445287735
"spot_761",7.41162979525769e-15,0.0023444497363676,0.257498656346455,5.2687757765359e-15,1.89746301424028e-15,0.47623951894319,8.97943309042333e-16,1.12916535282791e-15,0.263917374973971
"spot_762",0.273749354141283,4.02607386655027e-15,0.262280273000694,2.18701842736371e-15,1.402719008371e-15,0.00271958117016421,0.24919011727216,0.096196084660914,0.115864589754777
"spot_763",0.398330366434162,4.30262184561788e-15,0.160530649068426,0.0135316179830289,0.00247155241108406,0.178226264846548,0.121616288598017,0.0835259044543216,0.0417673562044091
"spot_764",8.08208624830322e-15,0.0183399762405504,0.178478348569044,5.14711093222316e-07,1.563612791421e-15,0.00518960113841667,0.797991559340884,1.52413432960719e-15,7.92156882131878e-16
"spot_765",0.0238778593005295,7.56575069829266e-15,0.208082986222277,4.31952087176342e-15,2.82098248064694e-15,0.0115433976101932,0.510841795427269,0.245653961439716,1.10039339474307e-15
"spot_766",4.86636844610283e-15,6.55704258284823e-15,0.0591870682294963,4.42152592576387e-15,4.36143309641706e-15,2.02666132393837e-15,0.940812931770479,1.7100234521243e-15,3.20198428962899e-16
"spot_767",1.91253405740636e-15,2.0312309478907e-15,0.0947250078294809,1.49696915323219e-16,4.46294844805519e-16,6.16021145985618e-16,0.905243103320614,3.18888498998555e-05,1.25645180536842e-17
"spot_768",0.109883444352181,1.85412007636725e-14,0.261166779798591,1.6407716834454e-14,0.0172163100922385,8.03477687384326e-15,0.12510755846229,0.486625907294644,1.31923602257817e-14
"spot_769",0.0460913697233144,0.241324206280895,0.0901418391253895,0.00420529428221564,2.49935427960383e-15,0.0466080983739773,0.399772224507206,0.171856967707,5.68974083681234e-16
"spot_770",6.22397794188254e-15,1.04418093352084e-14,0.245005934737463,0.00211286679126138,2.80407689992796e-15,0.0245781572979446,0.483724579878217,0.244578461295091,3.98226608940904e-15
"spot_771",7.76115223002671e-15,8.39202721291718e-15,0.14654839359386,7.56943228666224e-15,3.04635186092467e-15,0.0297084366044768,0.60359878981905,0.220144379982586,9.93766794333921e-16
"spot_772",0.739129141694597,2.47772206482132e-15,0.0369401857332956,0.0107950488772483,2.41384260579096e-15,0.138401250521521,0.0629086438294123,2.94193928515601e-15,0.0118257293439185
"spot_773",0.533631950318236,1.50177683605162e-15,0.0291926247539766,3.64708998512277e-16,8.41396996715465e-16,0.437175424927783,3.52943196210646e-16,7.03927413100551e-16,1.47398990603344e-16
"spot_774",2.63200140864823e-15,9.92224406267323e-15,0.0880093025963114,8.19944328942641e-16,1.22731309068332e-15,0.911990697403673,2.25350405745885e-16,3.92058847585267e-16,1.08935632720181e-16
"spot_775",9.42830443879667e-15,0.0815612672891698,0.163276945576995,7.81997224323972e-15,4.01555255102691e-15,0.391186859266384,0.0251874570027103,0.338787470864716,3.77634205789188e-15
"spot_776",0.219059228868943,3.47782980998349e-15,0.454634547106369,0.00013178013299235,6.66867857887807e-16,8.06791057107123e-16,0.0248693235197763,0.175513836163364,0.12579128420855
"spot_777",0.340097450297126,2.27702265277274e-15,0.319434681128969,0.00108517602750934,8.63918107556037e-16,1.29093517634396e-15,0.0393096640422191,0.184917835103267,0.115155193400906
"spot_778",0.296213883575552,2.85333117066266e-15,0.438797780895991,5.01294719626835e-16,6.40639403263817e-16,8.22330438682198e-16,1.21489954776718e-15,0.120359395389447,0.144628940139003
"spot_779",0.516558882560288,1.70798719222566e-15,0.278334281731405,3.02405762991155e-05,6.3739116819942e-16,4.64525302584655e-16,0.0201407337529479,0.14608226143138,0.0388535999476776
"spot_780",1.07986377819136e-14,6.74371519739357e-15,0.503192739129147,6.93145412707344e-16,9.79274458116991e-16,0.000417222454424577,8.36124737679859e-16,0.000393437698374699,0.495996600718033
"spot_781",1.65223817439328e-14,6.92173730118916e-15,0.513248269485374,1.07768886394957e-15,8.6173700117518e-16,1.54059263356893e-15,7.72806130455571e-16,1.25665795870317e-15,0.486751730514597
"spot_782",6.9715839251399e-15,9.33691492157876e-15,0.53351087645143,1.89136506540405e-15,1.84211802681862e-15,1.39116700351654e-15,6.61219563848501e-16,7.92744488413299e-16,0.466489123548547
"spot_783",7.02433630814912e-15,6.75390604776166e-15,0.48178715484077,1.8743478223057e-15,1.20956620370414e-15,1.23435161838407e-15,0.0147107811720153,1.10034180754966e-15,0.503502063987195
"spot_784",7.92056310377462e-15,9.26852140497059e-15,0.533665560711232,0.00229353366002035,0.00781193695658155,1.21970039829687e-15,6.42448728876294e-16,9.68359064197307e-16,0.456228968672146
"spot_785",8.85399632589325e-15,8.98081637987444e-15,0.361853432672899,1.11261396620747e-15,1.48350907065802e-15,0.334403440193531,5.59414478387331e-16,8.77980542228475e-16,0.303743127133547
"spot_786",0.0054360967200372,1.07826056287662e-14,0.496507420851963,2.50612682537683e-15,1.31838396349074e-15,1.93576393245435e-15,1.03664300699515e-15,1.37326334742687e-15,0.498056482427981
"spot_787",4.17216323933165e-15,1.04825871385888e-14,0.529751163825801,0.00278190507812148,1.70894969424646e-15,1.87715911866904e-15,9.26296464116447e-16,9.98873611163484e-16,0.467466931096057
"spot_788",0.0020959968713524,0.00073320870672703,0.451365618498293,0.00243830381326477,0.00401226643203051,0.0938485702672513,0.0107218737829114,1.52404207006711e-15,0.434784161628168
"spot_789",6.09135979432456e-15,1.01640434436931e-14,0.494311890463964,0.0187470784617386,2.28260073175083e-15,1.2426049502629e-15,8.08075890527793e-16,1.21091390773582e-15,0.486941031074275
"spot_790",5.23330653144283e-15,1.09710686333015e-14,0.50168726128735,0.00770168736691205,0.0190097020472788,2.02974884514374e-15,0.00699368061507612,1.14224473857969e-15,0.464607668683364
"spot_791",8.01142931437762e-15,8.04832949973221e-15,0.507682661679855,0.00195117224789952,0.00211462039431428,1.77757518690895e-15,8.7469277733867e-16,1.31034876872398e-15,0.488251545677911
"spot_792",4.46892550335125e-15,7.48846934887125e-15,0.514974976306249,0.0148108603288875,1.309736479778e-15,3.1036058690209e-15,1.69517846161114e-15,2.32436897726432e-15,0.470214163364843
"spot_793",7.24853788120719e-12,4.30396287805278e-15,0.0772666982930768,3.74248726166384e-15,1.95748064470616e-15,9.32476529624045e-16,0.64245808917576,0.280275212523901,2.53863575633521e-15
"spot_794",6.1007179403115e-15,5.56828163155433e-15,0.307971163335547,2.08685146004168e-15,1.39501614664397e-15,1.48660637358315e-15,0.232665729540777,0.459363107123659,2.72299806969971e-16
"spot_795",0.00971520558193939,0.502885814292709,0.00371181279954575,0.0049003960495534,0.00988154067840223,0.00732440362638832,0.459455763380404,2.26361605826112e-13,0.00212506359083152
"spot_796",7.76769884141953e-15,0.630286406467982,0.105443259292071,0.00323979399274087,1.03017079009411e-15,0.0160690228201943,0.0673700334171015,0.177591484009901,3.48522812153448e-16
"spot_797",0.0020146710693255,0.937153292767045,0.00704487776333746,0.00141182864524805,7.73924284103108e-16,0.0523703227026606,6.88264827957804e-16,6.19541643367513e-16,5.00705238161341e-06
"spot_798",0.000419942417549489,0.584438863545658,0.00107668343820617,0.0395231900085123,2.05632211745077e-08,0.00247239524208105,0.372068904784769,1.11999734216365e-15,1.4914525323893e-15
"spot_799",7.17989651944044e-15,5.71100281701166e-15,0.0831739354703709,1.74758417773488e-15,3.26167169628881e-15,3.90710190320405e-15,0.910678723946368,0.00614734058323794,1.5496595049954e-15
"spot_800",5.15999640477807e-15,4.92211198066638e-15,0.2431152221159,2.20003594901419e-15,1.19423530123364e-15,4.09536438362355e-16,0.463317136773105,0.29356764111098,3.15093136923443e-16
"spot_801",7.01400813736934e-15,0.0186696230601942,0.252811676603652,0.00373423203244639,0.000588962707916396,1.42786754794205e-11,0.382067782936977,0.342127722644528,1.03861929079303e-15
"spot_802",0.139492232210634,6.64610831007241e-15,0.149873237144643,1.35815993217696e-09,6.16930225551823e-05,0.118734294216578,0.523708310387987,0.0681302316594345,1.65370697792981e-15
"spot_803",0.417887243419526,2.13461153666569e-15,0.0670542760941298,2.15336352732003e-15,1.42594310266749e-15,1.95587441836445e-15,0.361058210064588,0.119159851362194,0.0348404190595552
"spot_804",0.947425088829916,1.64065585265213e-15,0.0412048062641628,4.73678880820342e-15,3.17178508010027e-15,1.68992254980769e-15,2.56690132524889e-15,0.00460937665959559,0.00676072824631209
"spot_805",8.67914480171522e-15,9.62051637770543e-15,0.128481319310511,0.00148552201148716,0.163503190754853,0.608104793852168,9.27108185080923e-16,0.0910774162741017,0.00734775779685989
"spot_806",7.09236806353393e-15,6.46727786036231e-15,0.149284408724553,0.00351229322833103,0.0669169183759264,0.673772947896907,5.09727078124261e-16,0.106513431774268,1.1709598299666e-15
"spot_807",0.397123196998073,2.02348019736412e-15,0.318160640791145,2.48527566849739e-16,4.67769540746568e-16,0.0239660343574126,0.0485013028420994,0.212248825011267,6.9893969862807e-16
"spot_808",0.35360289782247,2.10039276435425e-15,0.339510474097245,2.88787678384866e-16,8.64958684333908e-05,6.45852031906006e-16,0.0277332421230062,0.166094183733325,0.112972706355517
"spot_809",0.386077928489086,2.11872192962604e-15,0.3136265876672,5.25326568227763e-16,7.02714536343784e-16,1.05556158428391e-15,0.0104166732408944,0.199452101001588,0.0904267096012267
"spot_810",0.361383342386322,1.53760876066739e-15,0.306510640537659,2.09655630987705e-16,4.11040160899146e-16,0.0134012002237015,0.0790030169161551,0.23970179993616,5.87652793644154e-16
"spot_811",0.217971773394604,4.35238524611957e-15,0.387208193343666,0.00687680173010081,1.0002531895325e-15,7.31871693602533e-16,0.0336647204924098,0.150617591897062,0.203660919142151
"spot_812",7.12712582002889e-15,5.40131672183677e-15,0.50435742141538,6.47319409020412e-05,1.39792910968214e-15,5.54653912769148e-16,5.66922857881167e-16,8.44954329368968e-16,0.495577846643702
"spot_813",7.33358084195903e-15,6.05090125297765e-15,0.459707660746054,0.00840357290625612,1.8189115781133e-15,1.13165286885095e-15,0.00849119598299796,1.38047323957133e-15,0.523397570364674
"spot_814",0.00300942011436431,9.18377154475307e-15,0.437942066074872,8.8406571534565e-16,1.09049376441914e-15,0.173048639817685,6.7497192182191e-16,1.15104973404609e-15,0.385999873993065
"spot_815",1.08436463755372e-06,7.23389838650239e-15,0.488878637186245,0.00100708104889912,0.00472213179496857,1.44538772617727e-15,7.66711936752341e-16,0.000164293011736653,0.505226772593503
"spot_816",8.45160860218879e-15,6.88953924372092e-15,0.523130152094152,7.9881160128595e-16,1.1736848006787e-15,8.58583969174895e-16,5.42919192823099e-16,7.40370210872182e-16,0.476869847905829
"spot_817",1.05541609302943e-14,6.21073655341154e-15,0.487391843872821,1.2127650521962e-15,0.00240209775280749,1.39729349419779e-15,0.0355961653170129,2.03230569024862e-15,0.474609893057337
"spot_818",7.15392165764577e-15,9.03534278576674e-15,0.505541426157366,0.001610132159674,1.94541376229113e-15,1.4863724053282e-15,8.86175390606574e-16,1.15444156746609e-15,0.492848441682938
"spot_819",1.94583233588203e-14,1.03600233212906e-14,0.461489747775242,3.174738157448e-15,7.46266447159895e-16,7.88038627128969e-16,7.9812359522258e-16,1.6418796226268e-15,0.538510252224721
"spot_820",6.26321578440025e-15,7.96529646896346e-15,0.516949228043485,0.00345904109643776,0.00366074832394044,0.00023146288274195,7.00449091571616e-16,3.72419804749244e-05,0.475662277672905
"spot_821",6.77300484918554e-15,9.55014575881409e-15,0.490351553964914,0.0185154952134632,1.46124948481889e-15,1.08860180288539e-15,0.0297716536559577,1.45879533377703e-15,0.461361297165645
"spot_822",6.31791977100339e-15,6.20217626562283e-15,0.538414262936525,0.00201214642237089,0.00640175167012932,7.53238221837235e-16,6.3700801848138e-16,8.92375914922384e-16,0.45317183897096
"spot_823",9.80084774292148e-15,0.235613774985879,0.38860181820907,1.3257148880016e-15,1.81855235343364e-15,7.71790234875478e-16,0.00108276806676655,1.44535038950721e-15,0.374701638738268
"spot_824",0.00474076197415553,0.373817704346535,0.0972729339368451,6.21506372724503e-16,2.02080321169109e-15,0.166279682056601,0.114171415460876,0.243717502224983,1.76957259796207e-15
"spot_825",4.8152318203014e-15,0.875880934386231,0.0494888332214091,1.70559444677286e-05,5.06291138459636e-16,0.0739046869527025,5.35562506674183e-16,0.000708489495183587,2.89605638786782e-16
"spot_826",1.08250523684652e-14,0.714553173740361,0.0766798392259145,2.26373255249965e-16,1.01598822221589e-15,0.165452482004737,2.48774341964244e-15,0.0433145050289724,6.6900873165412e-16
"spot_827",0.0599411711566393,0.657712334159079,0.0896587943953468,0.0327532182391185,5.88460243934142e-16,1.77578435063837e-16,1.35139371972557e-15,0.159934482049813,2.89437850001174e-16
"spot_828",9.49013323581162e-15,0.799229166383378,0.066407528806011,6.70358512447471e-16,0.000763594142780903,0.0605030995589768,1.16738363740131e-15,0.0730966111088414,8.93481251720996e-16
"spot_829",3.91282315691582e-15,3.7731490597759e-15,0.370693921008707,2.66870889652155e-15,1.2948618335931e-15,4.96169474689526e-16,2.2631885073463e-15,0.629306078991279,2.20585926365558e-17
"spot_830",0.0345154801073456,0.516236525497281,0.0663007038324404,0.00201471376285703,1.20448547449959e-15,0.0844193080059451,0.179159498720136,0.117353770073992,8.86353948577956e-16
"spot_831",1.19964310932852e-15,2.27251204343531e-15,2.82460529571198e-15,6.41173301210668e-16,1.56615337044805e-15,8.88856028483143e-16,0.99999999999999,1.16109499231307e-16,6.76524148673233e-17
"spot_832",1.30304550469286e-14,4.04049829981288e-15,0.239064450664279,1.87473355510737e-15,1.40687701426653e-15,1.09833145685103e-15,0.370021747898095,0.390913801437601,3.7878956817882e-15
"spot_833",0.0190712936004032,1.32411064656845e-14,0.136317949232623,0.0152487175248763,5.03880463620978e-15,0.0552344279023871,0.631907832321012,0.142219779418676,3.54501265409521e-15
"spot_834",5.85674235430346e-15,7.7652539771571e-15,0.227552134904329,4.03663322356743e-15,2.27835131173581e-15,0.112557997242229,0.466979558406943,0.192910309446477,1.71530418402156e-15
"spot_835",0.999861077948194,1.36969420212478e-16,0.000138922051803693,8.14326982662889e-16,3.78845230842329e-16,1.84110677266437e-16,6.8372082799805e-17,1.23349120219271e-16,8.38174236971182e-16
"spot_836",1.26561044472666e-14,1.73746092406171e-14,0.116019393251737,1.20177328707213e-14,0.803892872585184,0.00107411077122927,2.20814431042418e-15,0.07640189143524,0.00261173195656534
"spot_837",7.39462643451198e-15,0.0908003385628214,0.17867939142869,0.0135386295613072,0.566027041047897,0.110663277671026,1.12861919672618e-15,0.0402913217282473,1.9174394746156e-15
"spot_838",0.517162965915491,2.27891182769074e-15,0.246934226236709,4.70372205917749e-16,9.75265681494777e-16,1.2857335073782e-15,0.0172740014414093,0.169101480959336,0.0495273254470501
"spot_839",0.31860283018122,2.20289340289976e-15,0.372869968415465,9.5052728511286e-10,5.4839321980332e-16,6.38357862877857e-16,0.0207776039396987,0.172436266579887,0.115313329933199
"spot_840",0.503514432718819,1.12302215925911e-15,0.248484448961059,1.20109555849541e-16,2.07132104858365e-16,0.00115287498833637,0.0448230736213455,0.202025169710438,3.75082738647712e-16
"spot_841",0.257225763521905,3.18277603332394e-15,0.121028894715757,5.31799227283572e-15,3.40020996757158e-15,0.00450153287912623,0.225258905766113,0.219746156425269,0.172238746691818
"spot_842",0.385959461087717,1.67763590439707e-15,0.356768525163967,1.66341021698922e-16,4.11667836015323e-16,6.10346987574971e-16,0.00642995559394818,0.217849450576392,0.0329926075779724
"spot_843",0.28484959769835,2.74249123821451e-15,0.430101767808205,3.89309987224439e-16,5.29372203126468e-16,6.07712389945698e-16,0.00414148091257892,0.130924479941601,0.149982673639261
"spot_844",7.84012840964599e-15,7.70284622066046e-15,0.531175729959729,1.48978941305368e-15,1.46274365587188e-15,9.02210074760687e-16,6.11963005379484e-16,8.72243262124479e-16,0.468824270040251
"spot_845",8.28780130547634e-15,8.9635198351617e-15,0.50611225241624,0.0129072248114422,1.32743522859185e-15,1.15783570552715e-15,6.69010615301243e-16,9.68254785590873e-16,0.480980522772297
"spot_846",5.29040131415895e-15,9.49592349997661e-15,0.550632772054524,1.49879069227466e-15,0.0011085750827844,9.22227565864891e-16,0.00170125776805078,7.54877190003654e-16,0.446557395094623
"spot_847",7.83848811718755e-15,7.02851536100871e-15,0.512802332672896,1.30507516424634e-15,1.30636508296447e-15,0.000534035674636086,7.98130518821365e-16,9.75685594605862e-16,0.486663631652449
"spot_848",1.10995367189579e-14,7.46769180806589e-15,0.505222312405121,8.90579503486492e-16,1.22710547298846e-15,1.02442312895774e-15,1.38877601039142e-05,9.68250250654217e-16,0.494763799834752
"spot_849",1.08938964274681e-14,6.08630458015903e-15,0.47649742567363,2.80605813257914e-06,7.9911065324888e-16,8.53118575125942e-16,7.88917285770517e-16,1.02674613218744e-15,0.523499768268217
"spot_850",7.57050041550892e-15,8.96752819983319e-15,0.524443357043306,0.00235958250824107,1.92801125285611e-15,9.42832924562822e-16,6.22611410117494e-16,9.07220600233488e-16,0.473197060448432
"spot_851",5.39899103499099e-15,4.81050558886959e-15,0.520638587375397,5.63443805812261e-16,1.02395552662509e-15,4.96791794070902e-16,4.28686284477591e-16,6.02092984207667e-16,0.47936141262459
"spot_852",1.92154361164906e-14,9.30169743509913e-15,0.463417189305403,0.00033551817493082,1.58011910154937e-15,2.03562427702428e-15,0.032347837528104,1.80601991647305e-15,0.503899454991528
"spot_853",8.06081391438304e-15,7.05708607334548e-15,0.52822374460215,1.35239983625099e-15,0.000347290474441273,1.02351633741033e-15,0.000149414073275581,1.1987325335059e-15,0.471279550850115
"spot_854",9.67519160523448e-15,0.739131948778818,0.0574469862652243,0.0018130075271795,9.67309355996892e-16,0.124190750546718,1.3280541127309e-15,1.14165832209172e-15,0.0774173068820472
"spot_855",0.0171196840138895,0.79167820677546,0.0181848183973536,0.0077963010567022,8.92373800751807e-16,0.0122168979681395,1.13434358811246e-15,0.153004091788452,9.13556101234755e-16
"spot_856",8.59379547248375e-15,0.771223012343138,0.0614763142850251,0.00557814645898987,1.29843239460194e-15,0.000666343922455602,1.8755205458253e-15,0.161056182990379,6.45774636674731e-16
"spot_857",2.93010540688331e-15,0.736189742861843,0.232903068065186,1.10013270873814e-17,1.69954766927709e-16,0.0309071890729674,4.78760832561566e-16,3.62056338413462e-16,5.97237543795075e-18
"spot_858",4.77006107597122e-15,0.755582582268314,0.0421070712586642,8.21273610397526e-17,3.04388870066168e-16,0.202310346473015,7.79508741668441e-16,5.91118995426969e-16,1.87114287987377e-16
"spot_859",7.36662353604698e-15,0.795314008679023,0.0522379002625496,0.0360573287249775,1.31819765593167e-15,0.00464960782251174,1.23085075254221e-15,0.111349147821458,0.000392006689470075
"spot_860",1.27438382751484e-14,1.60997356856339e-14,0.312475119187393,1.80253532472398e-14,6.38952874811422e-15,4.15837524313627e-15,1.77149916800066e-15,0.572082251265305,0.115442629547243
"spot_861",6.19999009069485e-15,0.816753140596983,0.0798778124086053,1.44643903905163e-16,0.00155721380341384,0.0625165781202946,1.16315044272354e-15,0.0392952550706951,1.87255957469459e-16
"spot_862",5.62280839740385e-15,0.503713238303563,0.124383351495928,4.51421776094579e-16,7.62474927998862e-16,0.00130082901998641,0.257687797912734,0.112914783267781,1.7716533066636e-16
"spot_863",1.00625342241106e-14,0.0180784626466106,0.111659057454208,1.14457467444119e-14,1.0506519075362e-14,0.0441757213365368,0.650861221259672,0.175225537302939,7.69196651290016e-16
"spot_864",5.05451029321413e-15,5.57672314318455e-15,0.191757004085779,1.44972329537547e-15,1.22437017946275e-15,3.7116287514826e-15,0.550069920214156,0.258173075700048,8.83582578986635e-16
"spot_865",1.89237348758135e-14,2.34926210980691e-14,1.69102633643105e-14,1.63271297466076e-14,2.60099654527697e-14,1.72089940102415e-14,0.776058619258648,0.223941380741221,1.2379526768171e-14
"spot_866",7.03974751387427e-15,8.20897587437882e-15,0.244584806075737,3.5835510867351e-15,1.62038320756755e-15,1.93522576829218e-15,0.468460834607103,0.286954359317136,1.36298849193272e-15
"spot_867",0.0465063415712214,5.62267503789235e-14,0.000474149703123903,0.0185445857574419,0.492043939870268,0.0676240121304202,0.372159599235894,6.63179161253706e-15,0.00264737173156875
"spot_868",2.21634129443782e-14,1.45642943249925e-14,0.100435349550282,0.0110690310666185,0.855011832171522,3.01456063796022e-15,0.0334837867081943,4.73870195127513e-15,5.03338590045392e-10
"spot_869",0.54555596906105,7.55871651714903e-16,0.26065987451751,7.70685359202196e-17,3.10559644931538e-16,2.93699705322042e-16,0.0368729172290992,0.156911239192338,4.53488478208959e-16
"spot_870",0.420014761786627,1.65547052450593e-15,0.319926799108234,1.80419339493572e-16,3.81091754216362e-16,0.0132340343420672,0.0526991813827653,0.194125223380304,7.15122400806101e-16
"spot_871",0.0471230596724271,6.19146025573164e-15,0.532150228451614,1.00998489226545e-15,1.32346629527297e-15,1.38380417027839e-15,1.17676095412954e-15,0.0429209163334525,0.377805795542495
"spot_872",0.555455994240083,1.95319792873846e-15,0.224687968275253,3.70875949476412e-16,7.04785061796501e-16,0.0261646532616196,0.0121151196212183,0.181576264601822,4.66548173746111e-16
"spot_873",0.35957342535536,1.97301753347118e-15,0.316217936785378,2.85861680933296e-16,0.00138284403353504,5.12123777767955e-16,0.0743409541734039,0.248484839652317,3.08107984555726e-15
"spot_874",0.254391816834679,2.26731090484668e-15,0.315569024211385,3.47747052633141e-05,9.96847905105977e-16,9.5428877101531e-16,0.137714282159642,0.155311160498794,0.136978941590233
"spot_875",9.30245821197615e-15,8.80916174104925e-15,0.517593179315167,0.00144745536897231,0.000264998637231692,1.19387683832132e-15,7.60816913330253e-16,1.11592860058854e-15,0.480694366678608
"spot_876",8.4926898222447e-15,8.91044298782756e-15,0.524279689040065,0.0136026252994381,1.46282374319115e-15,1.14148983715206e-15,8.53935594516393e-16,1.23443336462686e-15,0.462117685660475
"spot_877",6.89097596575361e-15,8.21234555313188e-15,0.481208562456633,0.00184084881706865,0.00860108572333882,7.29042756101065e-16,6.93203501576099e-16,1.09756646976241e-15,0.508349503002942
"spot_878",1.08021757579147e-14,7.24675157879622e-15,0.421804535969791,0.0440795759705008,1.66980196233971e-15,2.17010827542351e-15,0.114391511680673,1.99592384320369e-15,0.419724376379012
"spot_879",4.88507359618495e-15,0.0253729893939586,0.482373128335874,0.017172296614469,0.00518054024020334,2.43728561545207e-15,1.99390789998774e-15,1.65108922755164e-15,0.469901045415484
"spot_880",0.000334435009161251,7.82631481604829e-15,0.517977840579631,0.00708058289681681,1.83732431077286e-15,1.71588853141535e-15,7.76260444260574e-16,9.87890939833805e-16,0.474607141514377
"spot_881",9.37500794439164e-15,0.00361601350624176,0.45010305496283,3.75018494224417e-05,1.18630253694068e-15,0.00204969257403316,0.0280426767972228,1.97620990662926e-15,0.516151060310237
"spot_882",1.40376325666018e-14,5.66340390502487e-15,0.529750015032113,5.41455110564308e-16,7.98384627094549e-16,7.7923724812611e-16,6.27926278421275e-16,1.18120411758632e-15,0.470249984967864
"spot_883",5.81900570023509e-15,1.01488800464545e-14,0.515023911405805,0.00619971928667607,1.87978205887744e-15,1.18131496281079e-15,7.30956148121351e-16,9.23394545121326e-16,0.478776369307499
"spot_884",1.38485994178869e-14,0.635478858051762,0.134089533685336,5.85076976813055e-16,1.11326842412952e-15,0.0423407613381383,0.023493315002529,0.164597531922219,5.05735333645807e-16
"spot_885",1.54969747194543e-15,0.940022171535625,0.000753645409030135,0.0588732209730021,3.2841277267585e-16,0.00035096208233978,2.07817558587397e-16,2.15203753967909e-16,5.5730857024206e-16
"spot_886",4.43429507307177e-15,0.729587042522734,0.00671818582250234,6.56453983566278e-16,9.26973036967426e-16,0.263694771654755,8.13299931719952e-16,6.19829417598453e-16,1.59034846770819e-15
"spot_887",5.44365755046121e-15,0.879942037313265,0.036289798526337,9.16509599472136e-05,6.69096354575541e-16,0.0185264681368544,9.46094884840628e-16,0.0651500450635887,4.55715979600351e-16
"spot_888",6.25332924956298e-15,0.841787456192242,0.0505633059947815,5.1627448513335e-16,7.80007966974758e-16,0.00665254788961736,1.00217012385899e-15,0.10099668992335,5.4468993190869e-16
"spot_889",1.61825697844723e-07,0.753173520181055,0.0308461309776507,6.63264523404141e-16,0.00147864564881994,0.144645652097339,1.59876487500885e-15,0.0698558892694346,9.42784099064527e-16
"spot_890",4.92579472919131e-15,0.874167058224949,0.0249280651605489,0.000220265319074571,4.49744271266037e-16,0.100684611295421,7.65690928180776e-16,6.9210972318113e-16,5.05647899085484e-16
"spot_891",4.78120923076575e-15,0.54382702413236,0.0734849505043167,1.80483217311413e-16,1.2791672729918e-15,0.382688025363315,8.82052732674662e-16,6.8810995802882e-16,3.81693537339885e-16
"spot_892",0.00509927327407184,0.930659089077142,0.0309607999547318,0.00606756233775682,0.00277014796762646,0.0222618771572971,1.06259056453929e-15,0.00218125023137154,1.55412831249953e-15
"spot_893",0.0767015757823339,0.502161052114344,0.0196836609513108,0.0164514120707741,2.1678678929074e-15,0.223972450851378,0.0710728973303644,0.0899569508994919,1.07516626955283e-15
"spot_894",0.0450376546400277,8.91861816439536e-15,0.211600608240577,3.12071608578402e-15,2.86384665086075e-15,3.99565063263011e-15,0.580139946281271,0.129633177717582,0.0335886131205231
"spot_895",0.0269096472098418,0.0201444956054422,0.228373114994246,2.56592686790917e-15,2.84870493645933e-15,0.0288321638676932,0.651688208722928,0.0440523695998404,2.16491142255454e-15
"spot_896",4.81449597207882e-15,9.49274928230848e-15,0.20056346331296,2.27425021237671e-15,2.23507223109051e-15,0.00371497480483698,0.571057512822056,0.224664049060128,6.64243919551378e-16
"spot_897",1.10548943115986e-14,8.13450217350967e-15,0.0907910758992611,3.30571357245442e-15,4.22269972310296e-15,0.143149721434236,0.723439120300908,0.0426200823655671,8.97233400992115e-16
"spot_898",2.45970351987414e-15,4.22038816445074e-15,0.083492017667164,7.31026598083712e-16,1.05378439708997e-15,1.6292735075092e-15,0.916507982332825,3.51691715121687e-16,8.41755869947196e-17
"spot_899",0.0164489485885173,7.57141604018327e-07,0.101053578878368,0.0225939279096404,0.000159835725317837,0.0963805372086771,0.763362414547872,1.16323016496626e-15,2.32645706171738e-15
"spot_900",0.20759475930572,3.41156974377653e-15,0.470015658024777,4.07253310052309e-16,0.0033487793283934,8.17659255040474e-16,0.0128289215995754,0.134127805899743,0.172084075841787
"spot_901",0.455306966729588,1.56038854144566e-15,0.340786908624977,3.95994761357307e-16,6.18590185071288e-16,0.000988364773787507,0.0227993428298075,0.122967050184659,0.0571513668571787
"spot_902",0.512127546057362,3.28336700909588e-15,0.296560391630182,0.00273828733707098,1.53758845104489e-15,3.09559087379268e-15,0.0634176348078456,0.100851808667325,0.0243043315002067
"spot_903",0.370553814826936,1.39844909148275e-15,0.306519384137895,1.00467689131755e-16,2.85642516478936e-16,8.38835579704961e-16,0.0212942352495407,0.301632565785626,4.48816155569282e-17
"spot_904",0.34988700786951,2.16406128600133e-15,0.321463340919813,0.000259990466277744,6.465772818048e-16,4.25124190192639e-16,0.0500067456392543,0.230529414008368,0.0478535010967748
"spot_905",0.542702799872235,1.56295694181536e-15,0.247825187476053,6.59831740205054e-05,4.62475552413269e-16,6.51853845842168e-16,0.0158251533419142,0.176923601312897,0.0166572748228771
"spot_906",0.300738375813405,2.01306638587209e-15,0.399985276914593,2.49556103202045e-16,0.00030403973109428,4.25575880761812e-16,0.0406576716348835,0.257844123843973,0.000470512062048269
"spot_907",1.03014596849189e-14,6.29875024607313e-15,0.501789484871463,8.68212997029592e-16,9.09132047331802e-16,9.42398236443684e-16,5.93507943823731e-16,8.47609311623879e-16,0.498210515128516
"spot_908",9.42653995405236e-15,7.89943426120183e-15,0.479575829045858,0.00885250461823664,0.0163902888855019,1.3839455072086e-15,0.00879198371861964,1.4805205113052e-15,0.486389393731763
"spot_909",7.1788136356674e-15,7.53329513619221e-15,0.478948709560446,0.00394356320611193,1.56353470447387e-15,1.34378674495433e-15,0.0195627031163141,1.31410882215375e-15,0.497545024117109
"spot_910",7.7445616283849e-15,9.12381787139812e-15,0.50651150223724,0.00308001629391471,1.70847484510281e-15,1.52685604395821e-15,0.00689573187010567,1.37945892883833e-15,0.483512749598718
"spot_911",8.72959342971507e-15,9.46994765740702e-15,0.516164877758824,0.0133787691282467,1.46637167670475e-15,1.25747620221576e-15,7.31315775274967e-16,1.00921857725696e-15,0.470456353112907
"spot_912",1.06269630583815e-14,9.0603855419848e-15,0.322848449606486,0.0219822499555952,2.75009689036533e-15,0.00475171970633106,0.204027411570312,0.00107695299446312,0.445313216166791
"spot_913",4.16471504708626e-15,7.76008005529129e-15,0.541072790436224,0.00200673887733106,0.00255229207493047,9.82508957596414e-16,6.33192679770795e-16,8.1556564488113e-16,0.4543681786115
"spot_914",7.46534779705695e-15,0.186972904246439,0.401930606918642,0.00123144289007769,1.61175806495712e-15,0.00722970895858279,1.29950640762339e-15,0.167377975573029,0.235257361413219
"spot_915",4.23807370768514e-15,0.910642743767312,0.0125550126261034,0.0157821526955995,8.52665081913076e-16,0.0164284452971302,7.28956625901907e-16,0.0445916456138484,7.71790815236117e-16
"spot_916",7.45205951495187e-15,0.593505133790907,0.0823252284780653,3.92766603826909e-16,1.45813134899394e-15,0.264304873593871,1.42829709178114e-15,0.0598647641371453,8.95074233242197e-16
"spot_917",0.0346492772290406,0.316357959257168,0.161851672871736,2.01476006326323e-15,2.47812557298217e-15,0.133022354557468,2.18277592756144e-15,0.354118736084579,8.20659626714464e-16
"spot_918",8.97718962271451e-15,0.90925881803384,0.0181796320947849,3.14333716967714e-06,0.0003108891876367,0.00499670151622463,0.0340251266218434,0.033225689208491,1.08551480440805e-15
"spot_919",5.98473027628264e-15,0.882083003554177,0.00623304330473179,0.0101939088061598,9.49874048208257e-16,0.0323079683015598,9.32352948097268e-16,0.0691820760333612,2.7065181673486e-15
"spot_920",4.20308950362392e-15,0.726658997606914,0.0097301457442936,1.24084272738853e-16,0.0020777745941848,0.261533082054601,6.08409630448238e-16,4.9080192157477e-16,6.12896522085753e-16
"spot_921",6.39043761665602e-15,0.500411299428312,0.0923975402387579,5.93596727296748e-16,1.23901424169965e-15,0.163848378067787,1.50931684455061e-15,0.243342782265134,2.91079390927504e-16
"spot_922",4.90912757634646e-15,0.918629045969074,0.0116994743545533,0.00193806955671164,0.000383102055965572,0.00295528274216831,7.49059129167143e-16,0.064395025321521,7.44835033102284e-16
"spot_923",2.19284862175464e-12,0.669942634292004,0.0788614988822772,0.011795184224793,0.0122865716599781,5.24724364559216e-16,1.03325066519961e-15,0.227114109951831,9.86922660050484e-10
"spot_924",6.73878466878599e-15,0.814036319567791,0.0536499263966135,1.05673104824663e-15,9.36897931523798e-16,2.73888072784283e-16,1.04886297595145e-15,0.132313754035585,6.29949808891205e-16
"spot_925",8.92040444189289e-15,3.106860410043e-14,6.63057133185919e-11,1.28898825323748e-14,2.31106538433993e-14,0.114729241175604,0.769517411874751,0.115753346883263,8.15684295481274e-16
"spot_926",8.52697155715857e-15,0.451334720510428,0.177308619478582,0.00896931902265159,1.69673680363115e-15,3.16017209124042e-16,0.0779267158530116,0.236338647389046,0.0481219777462702
"spot_927",1.11011583833579e-14,1.05371740256536e-14,0.25139080395076,9.27729763273778e-15,3.93325789847444e-15,0.03221166415441,0.560794754237782,0.153846732373116,0.00175604528389773
"spot_928",0.0114231789162992,7.03468530935084e-15,0.164638163644153,0.00606198200118565,1.99158760150229e-15,0.482819945436583,0.335056730001766,2.26772420183629e-15,1.74919677521605e-15
"spot_929",6.26786127001688e-15,0.00282876155896035,0.205254050320353,0.0090327920777885,2.22107557234778e-15,0.507208511719075,0.24760222132647,0.00110223138060349,0.026971431616741
"spot_930",1.87080819239001e-15,3.8985207555352e-15,0.0397009895088198,9.9742631120121e-16,1.13894459711847e-15,0.0855953739426975,0.874703636548475,9.91886064807171e-17,1.10480988384576e-16
"spot_931",0.468329650982364,1.65020694904783e-15,0.298139585775653,6.80472838008279e-06,5.7188141360898e-16,6.02903589680796e-16,0.038108560125422,0.195295152638008,0.000120245750170703
"spot_932",0.445361402151774,1.89590636731391e-15,0.323235163775388,3.80291652685452e-16,0.000901441708125004,0.0131043137234641,0.0186321075851984,0.126377994354782,0.0723875767012663
"spot_933",0.35815944577161,1.87804828624293e-15,0.331222670806829,3.77106007234525e-17,2.81705915918968e-16,4.20874763064691e-16,0.00252914134089734,0.30808874208066,5.26546381916536e-16
"spot_934",0.164889193943225,3.5787096368686e-15,0.465675906988999,7.5896194715642e-16,7.67447554653958e-16,6.55771447917687e-16,0.0237556155004467,0.128284184836141,0.217395098731183
"spot_935",0.467661983237043,1.06540314878418e-15,0.275036607682548,1.42294666169071e-16,2.40612053617181e-16,3.78138141549771e-16,0.0485816844543515,0.208719724626055,4.27534949356102e-16
"spot_936",0.245589939690756,3.64706687038055e-15,0.447634900237836,1.00830586680922e-15,1.0567500382838e-15,1.45572523092969e-15,0.0295087678938225,0.119220695580953,0.158045696596625
"spot_937",0.486143490944375,1.00293351703303e-15,0.288147096089509,1.79365611193368e-16,3.25946879101273e-16,7.10926414900512e-16,0.05995523021025,0.165754182755863,5.19187891733445e-16
"spot_938",7.25717203424764e-15,6.654813479553e-15,0.170206705695797,1.89372240154894e-15,1.6734324648645e-15,0.755268259727345,4.69058325605078e-16,6.42188025537961e-16,0.0745250345768391
"spot_939",8.17078264800651e-15,1.22598406606604e-14,0.329697204162261,0.0148234669166635,0.375440162463479,1.33111410655569e-15,8.68766590325687e-16,1.19063740030218e-15,0.280039166457573
"spot_940",3.64472021419273e-15,8.69130658407094e-15,0.47463847592526,2.48738362060041e-15,0.122739481812488,1.52373604898786e-15,6.0180911794638e-16,4.10970669013096e-16,0.402622042262234
"spot_941",0.00731659644335767,9.07846130796079e-15,0.476134095507693,0.00370523250184205,1.68111395261857e-15,1.47995560017081e-15,0.0430913640775369,2.65776491548826e-15,0.469752711469555
"spot_942",1.52358945404003e-14,7.68986451452932e-15,0.420394464735076,0.00387791024201761,1.68553216191806e-15,2.50379169718413e-15,0.0719408170927161,2.66117742983273e-15,0.50378680793016
"spot_943",1.50484905302402e-15,4.27863971970644e-15,0.353729515076052,0.0166469169307427,1.45862534556242e-15,1.07137746325362e-15,0.196900231740846,3.68924326040472e-16,0.432723336252351
"spot_944",7.54818471793398e-15,7.76899835295681e-15,0.516255644777123,1.3916186033462e-15,0.0371688962505972,1.0464208080956e-15,1.31173335804367e-06,9.65881810726201e-16,0.446574147238903
"spot_945",3.82062130878677e-15,0.86870884248432,0.00930995903167726,5.13078860999223e-16,6.34362934188235e-16,0.121981198483996,5.45857929081021e-16,4.91008483000243e-16,7.83175673282491e-16
"spot_946",0.0675086191695694,0.791812380308598,0.0246369539868547,0.0219251902919069,7.20482685797583e-16,0.0567494552167639,7.9836530986421e-16,0.0365477004929093,0.00081970053339683
"spot_947",5.82133531793617e-15,0.90084264827407,0.0233413707123752,0.00936981392548667,0.00447446472259233,0.061971702365468,8.65395385288537e-16,8.48852754519857e-16,7.79616032477821e-16
"spot_948",1.14514898519384e-15,0.916156240103089,2.72804484117935e-07,0.0819964588756004,0.00184702821682375,8.69722145196908e-17,1.20499994410189e-16,2.28005814652631e-16,7.28695216097399e-16
"spot_949",0.0566347675190101,0.88529516565483,0.00201274506855809,0.0536416793006607,3.09601801628478e-13,0.00230307575820009,2.57498390835454e-16,3.59115107274526e-16,0.000112566698430868
"spot_950",4.50045973825142e-15,0.702612389446296,0.0810140774035861,1.10672404033289e-06,3.06875323913288e-16,0.216372426426072,7.64651059607061e-16,6.58872105592183e-16,9.81875264909338e-17
"spot_951",5.08243100123947e-15,0.913835989459321,0.00572934794186415,2.35615386256615e-15,8.75404591426525e-16,0.0804346625533896,5.87751791573646e-16,5.48084913896591e-16,4.5416088781928e-11
"spot_952",0.0256508904504405,0.855302055886493,0.0137697775352596,5.11092833180733e-16,0.000628341130314847,0.087751162387268,8.1875285331873e-16,0.0168977726102219,7.05854121998853e-16
"spot_953",6.41458758829106e-15,0.883258886312761,0.0244741744861123,3.49529553148175e-16,0.00220222431673485,0.090064714884382,7.99988675695842e-16,8.41196844702643e-16,1.11113484736605e-15
"spot_954",5.43952235993449e-15,0.713051518432057,0.0885224258039236,7.71213265676452e-16,0.00102885922747837,0.0060766806378187,1.57120642397249e-15,0.191320515898714,1.95126808704065e-16
"spot_955",3.94556325117178e-15,0.700822119858276,0.0197053363541014,6.8785079662089e-17,4.35308611269372e-16,0.279472543787616,7.86244613365016e-16,6.29180132311374e-16,5.13806498332944e-16
"spot_956",1.44035162234896e-14,1.12550351157481e-14,0.106169006770292,5.14686680335613e-15,4.41255989240899e-15,0.0697577368631629,0.705310439392796,0.11876281697371,4.72094263508378e-15
"spot_957",1.35141687537552e-14,5.74492967346196e-15,0.189606522745769,2.10090703409092e-15,1.47635526606869e-15,0.010894386580162,0.61830435897926,0.181194731694785,1.94190511272804e-15
"spot_958",5.19924816580728e-15,5.50644534329147e-15,0.132991712853878,2.89385983069652e-15,1.95380111250812e-15,0.00493825727546303,0.85519578975129,0.00687424011935303,7.53748616096934e-16
"spot_959",1.49511949334097e-14,7.63838419507275e-15,0.0309475893589078,1.54181171421492e-14,9.66254689061906e-15,0.876522491719889,0.0925299189211483,2.29180636819998e-15,5.18681501150754e-15
"spot_960",4.58907350296156e-15,6.04320711073692e-15,0.183302804372988,0.00353791126992512,0.00557418820731258,0.754893056818893,0.0526920393308702,5.23273470416153e-16,3.046042368716e-16
"spot_961",7.78518043401947e-15,5.8323383681272e-15,0.014576263294752,3.07506189614994e-15,4.20563694053016e-15,0.908891004318643,0.0765327323865821,1.71021978885355e-15,2.69679355245575e-16
