"","CT1","CT2","CT3","CT4","CT5","CT6","CT7","CT8","CT9"
"spot_1",4.40250889515738e-15,0.103869589752273,0.896130410247715,1.03414763425623e-15,7.82281695368227e-16,1.24473280564885e-15,1.44018329450111e-15,2.80216816849956e-15,2.8226168509017e-16
"spot_2",8.8379846695262e-14,2.06956143899146e-14,5.98056857722498e-14,0.553095684874691,0.443111148016529,9.35761409801399e-16,0.00379316710860693,2.75549764506293e-15,1.28797227022439e-15
"spot_3",0.000634619298079084,3.86678172030497e-14,0.532617849757175,0.106121185379545,0.346605663592987,6.95138356808815e-16,0.00989297735671227,0.00412770461546184,7.28103647418734e-16
"spot_4",6.26363775042841e-16,1.43717953607539e-16,5.48580197035723e-16,1.89190470170202e-09,0.849855723385996,6.44484946458497e-17,1.8167950489558e-16,1.45147461056032e-17,0.150144274722098
"spot_5",3.20935914379478e-14,2.4866095360436e-07,0.41663621306383,0.313793368402108,0.249370713687687,0.00482119513405014,0.0132603125608592,0.000102763634885267,0.00201518485559552
"spot_6",3.28051059281851e-14,6.00608303110606e-14,0.256392422542834,0.309819691223177,0.430035991886914,7.67506483499023e-16,0.00299664456402485,0.000755249782956318,5.01737332867186e-16
"spot_7",6.21725419948089e-14,3.30053610083492e-14,0.307301122663257,0.0946801977753105,0.585669378162373,9.95799051953183e-16,2.33053041279311e-15,0.0123493013989007,5.988880024135e-14
"spot_8",1.0754934039349e-14,1.11956683280958e-13,0.389714071562401,0.6093839274045,9.35032358681964e-16,9.733417433534e-16,1.05411445158513e-15,0.000902001032972488,3.12221054478072e-16
"spot_9",0.163762069565858,1.31999447394879e-14,0.303836325742243,0.201681825190998,0.312178132825057,0.00559189245302075,0.00115001831497606,4.29974661462608e-08,0.0117996929103676
"spot_10",5.76348689634364e-14,1.2257085954813e-12,5.12227438659199e-14,0.427450065608639,0.572079710783992,1.67659924411336e-15,0.000470223606029663,2.20200067723941e-15,1.04929754949643e-15
"spot_11",1.47913469696335e-14,0.0200433883165637,0.597444777202814,0.0102625765562859,0.370087641061671,8.26202234889062e-16,0.00216161686251371,1.34952666355407e-13,1.49495849918569e-15
"spot_12",5.10648602404618e-14,4.30517585204227e-14,0.274147681114157,0.424756157708113,0.272988091077498,9.88979783110574e-16,0.0236279816930989,0.00140894994597923,0.00307113846105901
"spot_13",1.68201805975513e-13,2.25516658015629e-14,1.47846907648569e-13,0.82136437723988,0.168803940659786,0.00386147073230977,1.19100581764325e-12,8.8506444418282e-13,0.00597021136560985
"spot_14",3.9446430736013e-14,4.95116339695024e-12,0.236885693557243,0.107798451430518,0.100606984858506,0.00282717672759892,6.16880290643811e-15,0.551881693421137,4.85999830321005e-16
"spot_15",3.90060202576112e-14,1.32087514362488e-14,0.537583155692171,5.67648878553761e-16,1.51189265684548e-15,5.50565445843219e-16,7.9421613777314e-16,0.462416844307773,1.13379234245148e-15
"spot_16",8.44570298356458e-15,2.69846014265357e-14,0.669932773427319,1.14833829825551e-15,2.36907951138584e-16,0.330067226572643,4.21122996779034e-16,5.50046740950604e-16,3.40181726966916e-16
"spot_17",5.07773699368223e-14,3.63064275164289e-14,0.287479781220113,0.000484940228775233,4.57484171651966e-15,0.648694729587632,1.67144140051007e-15,0.0591577161479465,0.00418283281544059
"spot_18",2.12210024308708e-14,2.41213777846022e-14,0.348421367834249,2.00333120673417e-15,1.59663858066993e-15,0.650993341114639,1.05891862019785e-15,0.00058529105106127,6.77736020348826e-16
"spot_19",6.08822650804461e-14,5.98505475234e-14,0.0663026468387,2.84428435847889e-14,5.38002543044422e-14,0.777834455845719,3.41218642392814e-15,0.155862897315373,1.35370525131087e-15
"spot_20",2.41744613939189e-14,0.0208160975237194,0.299218945174857,3.37420802365256e-15,3.53929305505492e-15,0.679954863910344,1.89644841261819e-15,9.34583222594916e-16,1.0093391045761e-05
"spot_21",1.13568654256013e-13,1.8714704473583e-14,0.828775809327011,8.21424424413272e-16,1.82291268329554e-15,0.118847033945515,5.90183543058838e-16,0.0514558760165953,0.000921280710743346
"spot_22",5.57118837014676e-14,7.26544119849119e-14,7.89835127523241e-14,8.35955568244557e-14,5.61489798651321e-14,0.921520587306351,2.69728881901162e-15,0.000261961514908111,0.0782174511783911
"spot_23",2.80991800154149e-14,2.23896575641491e-14,0.292319349002793,2.44375636005807e-15,2.23441831428264e-15,0.707404491474363,8.28833047430774e-16,0.000276159522787335,1.19175245488622e-15
"spot_24",0.0145656182351328,2.56851819017992e-14,0.103744711564039,1.5441434560926e-14,2.53820806334492e-14,0.780785382816049,0.000409516118889984,0.0837709063561672,0.0167238649096553
"spot_25",0.0419024785567897,8.54983420124022e-15,1.25341332862071e-14,2.23560027861627e-14,4.36762514862995e-14,0.923954677461262,1.35221333082635e-15,1.45768571878805e-07,0.0341426982132884
"spot_26",3.16631254857433e-14,1.0970889904379e-09,0.248816043495341,3.01312046507015e-15,3.78766040738583e-15,0.751183955407529,1.44507584274809e-15,8.31172692739752e-16,7.19067825516551e-16
"spot_27",2.18608930766671e-13,3.91714837864268e-13,0.0193349600923727,3.15904016735102e-13,2.50673402409788e-13,0.980665039906325,1.2111266272555e-14,1.03130364965788e-13,1.0429347822094e-14
"spot_28",3.6573962288942e-14,3.93110742634242e-14,0.011925171008427,0.0276124240797584,0.0211013905448452,0.0393036940771742,1.69533724774054e-08,0.900057303336345,1.36755986867599e-15
"spot_29",2.62498662553505e-14,6.70451606773025e-14,0.336176470484867,5.0782432010963e-15,4.93072954575197e-15,0.00394266692118845,4.9901543971556e-15,0.657335683797717,0.00254517879611833
"spot_30",0.0373170703156141,4.51873677822529e-14,0.327625257670997,0.136825243749162,0.403317404060282,1.31883895495011e-15,0.0692386052946979,0.0103944797331681,0.0152819391760325
"spot_31",3.53875526618474e-14,2.02922713282111e-14,0.387081899206014,0.334397948074193,0.277224658768586,1.32389460343698e-15,3.97228622745294e-15,0.0012954939511452,8.56569928037343e-16
"spot_32",9.79773869992996e-14,3.10871222730999e-14,6.04638893803026e-14,0.136505265261408,0.862546333297977,0.000948401440418806,8.96065371052978e-16,4.61174938731351e-15,1.43390375435989e-15
"spot_33",2.52720974738854e-14,6.81833537778185e-14,0.485216606698144,0.0907446100584438,0.420718839149333,9.21420468770592e-16,0.00208941548730071,0.00123052860668422,2.40511672753271e-16
"spot_34",6.29666438822043e-14,2.6338412051604e-14,0.326175547857136,3.55215596127287e-15,0.652579353013501,1.26959201141118e-15,6.72138788195328e-05,0.0190035338127958,0.00217435143765407
"spot_35",3.86558432116115e-14,5.83149217813728e-14,0.179723333419993,0.111271465529494,0.69084044666203,7.85082649650355e-16,0.0181647543623711,2.60142490895435e-11,2.80148902072717e-16
"spot_36",4.55270784469771e-13,0.065200469197269,0.640261400425677,0.140529627145989,0.153063719460257,5.40290706733738e-16,0.000939969947853773,4.81382249899766e-06,2.31519724370895e-16
"spot_37",6.09723264131192e-14,6.58926513736795e-14,0.389352434216705,3.03959809263542e-13,0.58829765115487,0.022090990378018,3.56055180155633e-06,0.000255222725827489,1.40972347014343e-07
"spot_38",3.75413925541671e-14,0.199705555123741,1.20075319773985e-14,0.337751478335767,0.462542966540437,1.40213321092719e-15,1.55358365390569e-15,1.47399105494028e-15,6.29448281568716e-16
"spot_39",0.0576087099391393,4.33557461007308e-14,0.384338238375036,0.0748555217597741,0.474754693139168,0.00684311877251865,2.73454183376506e-15,0.000331880312838528,0.00126783770147982
"spot_40",0.00273161765474776,1.39881486847524e-14,0.505150031593574,3.51738124948517e-15,0.473723862415734,8.43661846164094e-16,2.20465069764814e-15,1.82736469223439e-06,0.0183926609712315
"spot_41",0.121073632012115,8.31472455741893e-15,0.427623674284205,0.272876382122936,0.0838560857056694,2.44674201082456e-07,4.97072804679302e-15,3.795516661648e-15,0.0945699812008566
"spot_42",0.000135770251197256,7.14152925087748e-14,0.33763308651197,0.0700391853998299,0.415999823360582,0.0224229384882837,0.0881655467034641,5.03155123364122e-12,0.0656036492795702
"spot_43",5.43160469153846e-09,3.89974345953553e-16,0.809401822474192,4.90277156135351e-17,6.00366611601664e-16,8.82535584099689e-17,1.19994052140294e-16,0.0231768668954696,0.167421305198733
"spot_44",0.540452977614821,1.05276361267171e-15,1.48931197592157e-13,1.85730352608878e-11,0.457641056676934,5.60708444226483e-16,1.40655269633259e-15,0.00034465402454886,0.00156131166497145
"spot_45",0.0854366010630577,8.87080988327742e-15,0.511750901796346,7.41853169997926e-16,1.55356136738453e-15,1.688040202994e-15,1.27432243273496e-15,0.402812494063375,3.07720735205927e-09
"spot_46",1.10718470106495e-09,0.0168957023711047,0.983104296521697,4.00040257993698e-16,2.65852278570756e-16,1.65674416579981e-16,2.61034031502999e-16,1.25358123235713e-14,2.54542160446415e-16
"spot_47",0.23737542833152,1.39339649178772e-14,7.92060930196089e-14,9.95923603223988e-15,5.75136253655806e-15,0.581458523893333,2.25475899243618e-15,0.181166047775033,1.59101120994485e-15
"spot_48",1.74218090955586e-14,1.54921471224237e-14,1.71501480878548e-14,1.93195452729271e-14,1.69759349021165e-14,0.993779516596356,1.10721875437131e-15,9.02827496446622e-16,0.00622048340355612
"spot_49",2.04268484760526e-14,3.29535091195074e-14,3.04208381101604e-14,2.79064700988402e-14,3.07615413429745e-14,0.999999999999854,1.29941509252135e-15,1.9835459714751e-15,5.86267680527325e-16
"spot_50",5.05464844143295e-14,1.63290692647281e-13,1.75742995317893e-13,9.87866708294449e-14,6.57629783105415e-14,0.999999999999416,5.00276626142921e-15,2.20809250534347e-14,2.86766324746169e-15
"spot_51",0.326128082606954,5.94790044564121e-15,0.449969013129368,2.6630056782134e-15,1.71798278001398e-05,0.215225379558709,1.86198868948734e-15,0.00866034235486917,2.52228889710305e-09
"spot_52",0.578350813858657,6.85066952461408e-15,0.233695686099641,4.39347002423536e-15,1.29121714529772e-15,0.167821249115199,3.31006689685502e-15,0.0198781814924233,0.000254069434063519
"spot_53",1.20046065974561e-14,1.2689349376433e-15,3.19612027517358e-15,3.87833982965471e-15,4.55342719301126e-15,0.977305333850263,3.08173501621244e-16,1.07249046397502e-16,0.022694666149712
"spot_54",0.249991947484784,6.68920474201468e-15,0.272421155745556,2.49646579272501e-15,1.2823953702536e-15,0.470777757590366,1.20291466845666e-15,0.00642975503164978,0.000379384147632781
"spot_55",4.97700782236047e-16,7.6286337021803e-16,1.86692090391898e-16,5.18623831181353e-16,3.48735228614129e-16,0.999999999999998,7.92945651982441e-17,4.33377565805194e-18,8.22582213761264e-18
"spot_56",2.11495405576777e-14,2.35363339862095e-14,0.619122057145993,1.44048966750499e-15,1.01009626411357e-15,0.378434908424999,1.13671457593257e-15,0.00234350663563821,9.95277933210777e-05
"spot_57",1.59825770782084e-14,2.91179296598026e-14,0.319659643709769,1.74242159629934e-15,1.11489323445764e-15,0.68034035629018,7.80912407218914e-16,1.07574940726971e-15,6.81847773770146e-16
"spot_58",3.41541682129898e-14,1.68467245086667e-10,0.441954281870729,2.74567478920592e-15,2.15921577354438e-15,0.55138029452701,0.000297505251124298,0.00492627420704871,0.00144164397558151
"spot_59",1.06915279703226e-08,2.19403952372479e-14,0.285966626137011,2.89008971412864e-15,0.00131170981461002,2.75672905364931e-15,2.99815124625696e-15,0.712383290256226,0.000338363100594262
"spot_60",0.14644984641,4.32375616220707e-15,0.816506143971493,4.24916661704844e-16,7.25084561232821e-16,9.9689515993129e-16,4.34466295665057e-16,0.0370440096184987,1.41580423119793e-15
"spot_61",4.09178450922908e-14,7.07886361481415e-15,1.32278505543084e-14,0.771602404750092,0.218975986853998,0.0020351676856938,7.84236758404078e-16,6.09577038886091e-16,0.00738644071015395
"spot_62",5.49348004678425e-14,3.7360189174041e-14,0.391433355404667,4.09629499825485e-15,0.584858830608794,0.000160941822072452,1.56878577503125e-15,0.0130225194162235,0.0105243527481451
"spot_63",0.0117733014035005,1.1064778700979e-11,0.175349276708456,0.274752972593187,0.535586495701041,0.00118977388668014,1.64106092823898e-15,0.00134817969606781,5.74325500709042e-16
"spot_64",2.72433185755786e-14,8.41715672937171e-12,0.531853676816392,0.269842237029373,0.196445761057255,0.00118933297510769,3.41382151361418e-15,0.000499961773666463,0.00016903033975703
"spot_65",2.65737730098655e-14,6.4303363962528e-11,0.38738091878462,0.203688211801935,0.24931951543899,9.3219293961798e-16,0.159611353910123,4.00600258732399e-16,5.14326317962996e-16
"spot_66",2.81382457874284e-14,1.19966263103903e-14,1.82595803446082e-14,0.0044282826959535,0.993852371616773,7.92035680114758e-16,9.6677677667651e-16,1.12221193164865e-15,0.00171934568721237
"spot_67",7.12643869252013e-14,2.00478340634126e-12,0.344075515040253,0.321511005515585,0.332031735065303,5.61239112251533e-16,1.37535544562637e-15,0.00238174437677972,3.03153827643054e-16
"spot_68",3.679813185907e-14,6.48793850476198e-14,0.408268199945088,0.0471567445367371,0.54017364259116,9.88852741663404e-16,2.34950996552373e-15,0.00394196814780043,0.000459444779108634
"spot_69",3.21590150931268e-14,7.76240670050546e-14,0.404192998398077,0.143046859139953,0.452745151818485,1.64252386525018e-15,2.23802790081256e-15,1.49906433709572e-05,4.36524050421132e-16
"spot_70",2.51212566054782e-14,3.08948469964674e-14,0.743727092436074,2.33629706118004e-15,0.256259878396472,5.24586795106356e-16,1.30291670759368e-05,3.19158650579768e-13,2.36763740429414e-16
"spot_71",9.23585225089483e-14,6.32558828578141e-14,7.97723335131409e-14,0.182172073075753,0.817827926924,3.23008683456417e-15,1.33202802788242e-15,5.94563614390159e-15,1.3204985490992e-15
"spot_72",4.9011174260438e-14,2.25013836090258e-05,0.220351986551557,0.186991412166348,0.592633695663963,2.47770370158974e-15,2.09845150063704e-15,4.04234468476043e-07,9.99101873046654e-16
"spot_73",0.32086646914749,1.14671268397037e-14,0.00174164809271843,3.25722545404686e-06,0.633542232010107,0.00531063514003143,0.00310693911711475,0.031587284519286,0.00384153474778771
"spot_74",0.262380724285922,2.46331447174906e-15,2.02262874485475e-15,3.42558766835173e-15,0.737572701464882,4.65696801137783e-05,1.10816039248164e-15,4.56907334470225e-09,3.45195164578289e-16
"spot_75",3.80859249466994e-14,2.65324674331624e-14,5.05804609591244e-14,1.96481957097352e-14,0.999946074748504,1.41166167428577e-15,9.24802582317418e-16,5.392525135807e-05,1.12392251398489e-15
"spot_76",3.03120617093395e-14,2.88482203527924e-14,3.04278540219149e-14,1.67168445640018e-14,0.380795655489781,2.62893438251572e-15,1.59106060460334e-15,0.619204344510106,2.47734900077476e-15
"spot_77",0.363226828986796,3.08839799073312e-15,0.00240087353383618,4.3166678535095e-15,2.56457020570783e-15,0.455745559144993,1.8060030388181e-15,0.178626738332885,1.47842497914013e-12
"spot_78",0.49048444776527,6.05857348300239e-09,1.25265198452299e-15,6.49184028508856e-15,5.68851797145215e-11,0.509390148054581,0.000125398064676817,5.17615288303411e-15,5.47415693010252e-16
"spot_79",0.318033863926561,0.0412676267813787,0.00464678208302578,0.0472260842406937,5.78728737738546e-15,0.579550641425823,1.73020957890215e-15,0.00927500154250909,9.20402379254922e-16
"spot_80",2.49721544204522e-15,1.39718725652823e-15,6.07055157274508e-16,4.53927424428062e-15,7.88363772774435e-15,0.945323151397742,4.36040719741369e-16,1.52963388723735e-17,0.0546768486022403
"spot_81",0.621855220902586,1.55014920498951e-15,6.09928331877079e-16,8.97794697253881e-16,6.37232784647393e-16,0.378144779097392,8.68718678774195e-16,1.66637969748541e-14,3.21623209166979e-16
"spot_82",0.229982118202365,9.19689202917995e-15,1.7529025059729e-15,2.13793768015307e-15,0.000419516277248502,0.76951342943126,8.49360872773251e-05,1.8355835388558e-12,2.04669663978598e-16
"spot_83",0.557456837131066,9.08324762881637e-15,1.5047831630226e-11,0.00107483135742884,0.00230946480021041,0.439149844770187,1.17880302345524e-15,9.02192604933802e-06,6.15793980916089e-16
"spot_84",0.209301995473131,1.97816380660765e-13,8.52687094863863e-15,0.499281533160179,0.00335251289757873,0.263887867742081,0.0192553916887132,0.00492069903810928,1.39469485488588e-15
"spot_85",4.70580926769081e-11,0.000884335977780057,0.19454261676073,0.517246126317557,0.00263677049027204,0.270069890363502,0.0110968849790965,0.00352337506400403,1.1124333936745e-15
"spot_86",1.01676877101541e-13,0.000242934085725461,1.76638611882705e-13,0.320197161729173,3.70281915479266e-15,0.679559904184803,1.16031389945484e-15,1.10533068568974e-14,4.61646434282152e-15
"spot_87",2.48158335899788e-14,0.0898075400178109,0.404326374487223,0.0618929537607303,0.00120034232880486,0.442772778431269,2.62742069222599e-15,1.09741337192727e-08,8.07042494622811e-16
"spot_88",2.50320520309064e-14,2.61982167136508e-14,0.458259939979139,1.71023693909259e-15,1.78889906668869e-15,0.54174005881548,1.15619908021601e-15,1.20532500923337e-09,7.33853425331789e-16
"spot_89",4.24531616160267e-14,4.16483386017069e-07,0.0141549755811204,0.000396388762677963,5.07609816577865e-14,0.985448219172531,2.34476323574486e-15,1.88301455545061e-13,9.82360457616645e-16
"spot_90",0.0523753835849704,1.88855773143917e-14,0.114738520990968,9.81303854848258e-15,7.56146023489538e-15,6.43434822426606e-15,6.89622245278178e-15,0.83288609542401,1.72415660539358e-15
"spot_91",6.03187966332257e-14,3.40064558713386e-14,0.521264774605175,0.0193378997489276,3.33743814140966e-15,2.57448591458649e-15,0.0247604163148698,0.434636909330926,1.49437388602944e-15
"spot_92",3.0535339614053e-14,4.64294140362605e-14,0.316052344029303,4.90191462762305e-15,0.682190491871877,6.38738223565634e-16,0.00175716409873675,7.03480251747193e-16,3.34883876204159e-16
"spot_93",4.70528562430125e-08,3.39499672706207e-14,0.234607761793782,0.228853653425913,0.437269056661221,0.0125204626130085,0.029021882387116,0.0034628706059274,0.0542642654601426
"spot_94",1.15125490373248e-13,2.07087577784655e-14,4.51122739308896e-14,0.488717524754687,0.510979148090827,7.50993152332677e-16,0.000303327154301434,2.33260880111379e-15,1.18334102593392e-15
"spot_95",0.0242101003323908,1.21463332280195e-12,0.430292143116025,0.237965604092858,0.295210533694529,0.0123022910022164,4.13806509877564e-15,1.93277607611528e-05,6.51963982128423e-16
"spot_96",2.57616544754695e-12,6.85740773096183e-05,0.174218999674232,3.46459720889337e-15,0.825463386323393,2.84013467996966e-05,1.24180588716426e-15,0.0002206385756839,3.70216296959449e-16
"spot_97",8.87585509659491e-14,1.0884894349399e-12,0.215735004349374,0.296559997883807,0.365770984482409,4.23226258838508e-15,0.0877743436077874,0.0341596696754384,1.753200831818e-15
"spot_98",3.50339649336069e-14,4.76257712064823e-14,0.17428406553188,0.298515758865803,0.518706608463323,0.00134340890986498,0.00342501959547544,3.03095621086864e-10,0.00372513833047462
"spot_99",2.96737920449036e-14,9.34238888264262e-14,0.242818331085233,0.172297962528597,0.584768228909311,0.000115476988747821,2.31775229008059e-15,4.8798467828348e-10,5.35687904033218e-16
"spot_100",2.73906110453106e-14,1.53681610489963e-14,0.698391112250449,2.56241315055686e-15,0.290379543324391,5.23344306190261e-16,1.91633067831807e-15,7.10609485572982e-13,0.0112293444244014
"spot_101",3.18455454263314e-14,2.10832795742675e-12,0.484353237432256,0.207278096512111,0.300700906610258,2.28305404545199e-15,1.85421698302538e-07,0.00766757402153381,9.94484938186495e-16
"spot_102",0.178835054107019,1.24091707222692e-14,3.22339265155727e-09,0.232903034349613,0.558360772038203,0.00504423730561642,1.5902348571467e-15,0.0198453128740641,0.00501158610207744
"spot_103",0.40097660132874,8.24395147374662e-05,0.0018445701512189,0.00608911648721185,0.556951394403436,0.00278546067911986,2.23567428068419e-15,0.0243753697644352,0.0068950476710977
"spot_104",0.395851475602737,0.000829244274673439,6.44073385068177e-16,9.71366028491394e-05,0.603222143519739,1.39425371210908e-16,9.33608168100332e-16,2.67230204879277e-16,1.28701101667525e-16
"spot_105",2.31219497490236e-14,2.67957792911293e-14,1.61928754982917e-14,0.0458877804131461,0.823995816968616,7.70807159263631e-16,0.13011640261817,8.97977602605707e-16,3.3173678464013e-16
"spot_106",1.43750735558525e-14,0.00214676164514302,1.56872496689383e-14,1.65696670993401e-14,1.34144908668511e-14,0.997853238354795,1.06398677768001e-15,9.42252200260964e-16,3.35181287188319e-16
"spot_107",0.431895149932159,0.00128551813335811,7.81678918466249e-09,5.68316701412639e-15,3.56285128682002e-15,0.560196957184005,1.55299636170678e-15,0.00662236693367583,2.20732874103191e-15
"spot_108",7.757377827364e-16,1.12401252429809e-15,1.77306873481465e-16,9.05410901753162e-16,6.45891157714961e-16,0.999999999999996,1.82547640044278e-16,5.54312379130038e-18,1.08081440444124e-17
"spot_109",0.345740151981489,7.71487433603744e-15,0.00284871457330071,4.05068107544349e-15,2.61432197517564e-15,0.635627556663186,0.000412345692298842,0.0153712310897097,7.15124976264324e-16
"spot_110",0.493849382669865,1.8820088893211e-15,3.14362610896587e-10,1.96531429579358e-15,0.00328080408428183,0.491322331384619,8.06319164925698e-16,0.0115474815468655,2.02153405267149e-15
"spot_111",0.737840852076072,1.48457136082225e-15,1.45315808864629e-07,1.18514066562218e-15,5.97231326429944e-16,0.255792558491535,6.47375255431871e-16,0.00636644411657937,8.31948715847485e-16
"spot_112",0.401345706380194,3.32653051938447e-15,3.53776113288004e-08,1.84163639074606e-15,1.16508894273755e-15,0.598068747849776,8.36481139782531e-16,0.000585510392410752,7.57545086629053e-16
"spot_113",3.76665508927194e-14,1.90564492071748e-14,2.96338621263504e-14,0.869342952146004,1.16136630953595e-16,0.112611375004905,1.97110596175598e-16,1.11337196323243e-15,0.0180456728490025
"spot_114",5.26911809703261e-15,9.06528343385414e-15,3.23446093048076e-15,0.999548429822319,0.000451564172656964,8.52792825253464e-17,6.00500623789654e-09,9.95615114080408e-17,7.15376406307331e-17
"spot_115",7.73975526563515e-15,4.50190517696797e-15,4.41628906458345e-15,0.987927934402411,0.000341941495137973,3.09396429461607e-06,0.00903024317828706,9.91975163234185e-06,0.0026868672082204
"spot_116",6.78267187521085e-15,0.0011299013419835,8.61485043429365e-15,0.997683248527477,0.000615073910170915,3.20348430017674e-16,0.000571776220352177,2.55143996311938e-16,4.03684266477297e-16
"spot_117",8.8583562553397e-15,0.0266924555734796,8.42946272122254e-15,0.973246117609859,2.91907048809266e-08,4.0631949559851e-16,2.62439235970956e-16,6.13976259379249e-05,2.0521132455631e-16
"spot_118",1.30468688737495e-14,0.14642881587125,6.99224908311095e-15,0.838230122561663,0.000269391639257005,3.7720394242424e-16,0.0150716699278091,4.81342331229181e-16,1.99887312228002e-16
"spot_119",0.0431970213487573,0.157740879645068,0.225602070240566,0.443040498504663,2.59427322026426e-15,0.13041953026094,1.78221077039868e-15,1.00976390458362e-15,5.95080698267748e-16
"spot_120",1.10132702739391e-13,2.67605925603024e-14,1.44786988578945e-10,0.355159133141614,4.2603534682496e-15,0.319722654320555,0.0262309761190238,0.298887236273872,7.09245382871618e-15
"spot_121",5.63390235189573e-14,2.03933016937565e-14,0.268767851933899,3.46377042276235e-15,0.00039906984933713,0.0400906843717441,3.48070003718473e-15,0.685476683883256,0.00526570996168044
"spot_122",1.44314828962276e-07,3.74412807037768e-14,0.479590492218533,0.446691811487516,0.011966952685384,6.55493125198688e-16,0.00547722937754878,0.0557196280151402,0.000553741901010592
"spot_123",0.0177430802705897,2.82304915160021e-14,0.330574226883135,0.454392661361947,0.18372969579474,1.29365875845017e-15,0.00466229004487239,0.00415902832610071,0.00473901731858583
"spot_124",2.81565409817202e-14,7.42126839019561e-14,0.252047535788324,0.205616568524336,0.541570893097782,1.07106810190807e-15,0.000765002589454602,4.66481716513862e-16,3.91300536685444e-16
"spot_125",2.74870085783076e-14,8.53184264676451e-14,0.537244990705481,0.103809680126913,0.319046943128982,5.88210070804693e-05,0.039839565031148,2.81856362361939e-13,2.72260755338134e-16
"spot_126",0.00860372401684496,4.45504136366204e-15,0.282166234851088,0.000171403386291855,0.645299088354625,6.25046522335996e-16,1.74398724753983e-15,0.00064571169053788,0.0631138377006058
"spot_127",6.65791586119046e-14,9.51778857359517e-14,1.27479731735087e-13,0.102663767357594,0.707765036188792,0.0888123468117715,2.41886924109708e-15,0.0874242826661568,0.0133345669753939
"spot_128",7.69863451201637e-14,1.64934884545607e-14,6.3696262141731e-14,0.407967083244133,0.581159680234751,1.08818341379566e-15,0.0108732365209523,4.42920489812453e-15,1.22648111100783e-15
"spot_129",0.122606895419173,2.74232163687835e-14,0.274518308434832,0.257495948592241,0.344715854185573,8.65016332946107e-16,0.000195660683264995,0.000467332684886082,1.03366085806219e-15
"spot_130",1.96093314632833e-14,3.23768700067798e-14,3.37421845600723e-14,1.85099751354234e-14,0.999679789037836,1.52835865092403e-15,0.00032021096205582,1.5511567981071e-15,7.85055837132499e-16
"spot_131",4.26451542571152e-14,5.63658651518675e-14,0.430632610088162,0.128281576264347,0.427232239259551,1.0905217850418e-15,0.0137932520113324,6.03223765072349e-05,4.70692338588803e-16
"spot_132",3.85509374902096e-14,4.65782057253651e-14,0.215467596191815,0.106277746041885,0.671175188678388,0.00707904893274997,2.44673372370756e-15,4.20155074798216e-07,8.70130708325121e-16
"spot_133",0.343327162196062,1.05218377981678e-14,0.0434165139921593,1.19809682257383e-07,0.609910942363075,1.71732541251647e-15,3.35858215781285e-07,0.00319682480697426,0.000148100973818554
"spot_134",5.08159420577811e-14,8.83464098384246e-05,9.08665971449528e-14,3.48408553201586e-14,0.883825316277162,0.115932750429189,1.84827966666596e-15,2.85548930172809e-12,0.000153586880776924
"spot_135",0.424777141864919,1.83636791215839e-15,5.49324659029361e-14,2.99524601272856e-15,1.97571843656554e-15,0.559056794766662,1.07268115777297e-15,0.00441474223400246,0.0117513211343536
"spot_136",0.518475871736334,8.44743413262409e-16,0.000292092782183787,1.39933966159421e-15,1.5846828188711e-15,0.458051299249648,4.16049895396143e-05,0.00188637360264773,0.0212527576396431
"spot_137",0.377671343732589,8.61812689531325e-09,0.0011947115066324,0.326818097221122,2.6796310203641e-15,0.26151652938277,9.61527369314315e-13,0.0327993095377947,6.42692431434757e-16
"spot_138",0.485548709943125,6.53396619707713e-15,0.000819493875069108,0.163153612362853,2.27836753047519e-15,0.333200712771017,0.0166278966534143,0.000641214046196068,8.36034831687049e-06
"spot_139",0.33768806287667,0.0034675531126526,2.74079056643724e-12,0.459909463233618,0.00738546655697704,0.169145261312679,0.0224041929046611,8.34836750796336e-16,1.119228978969e-15
"spot_140",0.272988139995607,0.000763865831533355,1.72721884967492e-15,0.126076118546561,1.20277171305696e-08,0.567468257807839,0.0327036057907408,3.40803636800773e-16,3.01443262948217e-16
"spot_141",0.58220299608469,3.75947141539152e-15,1.91582286982157e-15,1.75043513917698e-15,1.05919163342453e-15,0.413256679540138,1.04371232640331e-15,0.00454032437516243,4.02093917332972e-16
"spot_142",1.84750700817735e-13,2.74404499696552e-14,1.34375252357887e-13,6.87801235640295e-14,0.0263614697723546,0.850388878452507,4.42095993935162e-15,4.01442480872802e-14,0.123249651774678
"spot_143",1.63443013193233e-14,6.15251382970762e-05,2.12046953202556e-14,0.610087851945204,7.19096712774727e-16,0.389850622916459,4.0304309949188e-16,7.10242661754344e-16,3.58793209357726e-16
"spot_144",4.34736736986715e-14,2.6015060697578e-14,2.58432436020944e-05,0.995710702551185,9.77478686269168e-16,0.00161758330405031,0.00249255264551245,0.000153318255578351,1.7390890620764e-15
"spot_145",7.41873122768584e-05,5.22546956301337e-14,0.224446841721404,0.725718545213513,1.31754378614973e-06,1.83166522574544e-15,0.039449678167813,0.00980023124971363,0.000509198791439352
"spot_146",1.59658628116071e-14,9.63533101892265e-13,1.86777586118014e-14,0.993419572468318,4.29800032052345e-16,0.00657720201590633,3.22551477554942e-06,6.05188083411106e-16,5.28805893991278e-16
"spot_147",2.98650870940457e-14,1.76231391313125e-14,2.45681378136455e-14,0.978986467657552,0.0123049886139409,5.70469986936889e-16,0.00870854372843273,7.28837659408023e-16,6.5823402413914e-16
"spot_148",5.84303086926774e-13,1.25562748973069e-13,0.00412714606230318,0.9958728527347,7.40990591324115e-15,4.57807684157312e-14,2.76615833986083e-15,1.20143448511717e-09,7.96888321068e-13
"spot_149",7.01552881377184e-14,3.19736805190928e-14,3.19120017885317e-13,0.999999999999537,1.3057399354433e-15,3.00171208625598e-15,3.7380628484888e-16,3.14048492322118e-14,6.12422774087372e-15
"spot_150",0.00466332478014746,1.19819269189398e-14,1.28388797424649e-14,0.993247970890318,0.00117192039754494,4.15063457027495e-16,0.000916783548064516,3.8389972263745e-10,3.35633756696419e-16
"spot_151",2.2221495308998e-14,1.91040413423645e-14,3.1219317095486e-14,0.994117454566295,0.000470884665637876,1.32868113972592e-12,0.00402791099292967,1.52755282981713e-15,0.00138374977373484
"spot_152",2.86564309728247e-14,0.000307752596728187,0.000205775661628965,0.00824661157785308,0.133632523901173,4.72706470771049e-15,5.24794464628526e-15,0.857607336262578,3.18185392514545e-16
"spot_153",2.52510486126341e-14,6.17141326661353e-15,0.80646304226354,3.57242857562804e-16,5.40893912843279e-16,2.5706762671181e-16,3.3097482396245e-16,0.193536957736426,5.4069453187431e-16
"spot_154",3.05621121621161e-14,8.39221732385577e-14,0.696676583668631,0.303323416330538,7.10390305189102e-13,8.93182705148726e-16,4.67536515926084e-15,4.60406043233514e-16,2.12819241575744e-16
"spot_155",0.452771289803683,6.29490548711276e-15,0.289000521266318,5.40847292333362e-09,0.257861124243728,1.21531380110213e-15,0.000320685370367534,4.6373907422876e-05,6.70094803855113e-16
"spot_156",2.94829802871641e-14,4.3985781585971e-14,0.554800255958129,3.80804727303203e-15,0.444454949891905,0.000579433938276123,2.04330386705875e-15,0.000165360211610887,3.82914828971014e-16
"spot_157",7.68020449596146e-14,4.93099821870832e-14,7.83994034078207e-14,0.383029499434474,0.602362131154938,2.30575442273007e-15,0.0145774098228847,3.09595874948011e-05,1.66951884620055e-15
"spot_158",0.0112584764994222,1.53716334910597e-14,0.451522444555262,0.25752279867374,0.177266358540621,9.48165388647654e-16,0.0136488639427163,1.90133676496568e-07,0.0887808676545452
"spot_159",0.113850823232646,6.46191910590682e-14,0.480691069485737,0.296124913580906,0.0971210454430437,5.9417709573044e-16,0.000949567484310877,0.0112625807732913,2.70290834636079e-16
"spot_160",0.00481711580285527,3.76487500549735e-14,0.236010477025231,0.272871444782268,0.439755947537786,0.0100210702119016,0.031945113024306,0.000261977625628713,0.00431685398998574
"spot_161",3.40460427128789e-14,5.50517052131813e-10,0.356806110764825,0.232987193797098,0.396012447147485,1.09665838114472e-15,0.0141942365801088,1.11599301390672e-08,5.99703464657278e-16
"spot_162",0.00319504253012296,6.32028506192236e-14,0.279007954947102,0.217457170859929,0.481735538917109,1.09005576147317e-15,0.0182219597139554,0.000382333031716721,4.80899657530384e-16
"spot_163",0.00532733166926372,1.49822417046825e-14,1.30632500372983e-14,9.01924603957264e-15,0.994672668330696,3.76210113010478e-16,4.44017015287933e-16,2.14927445171715e-15,3.54606735132729e-16
"spot_164",0.409524074139504,1.62062431913963e-10,1.59826112075402e-15,0.00981766268705835,0.575529252514296,6.35513121945566e-16,0.00462523816400204,5.95274162516131e-16,0.000503772333074352
"spot_165",0.20177747273561,1.30397072802757e-14,2.35972320899061e-06,0.00916553156060114,0.138000645646299,0.651053970729686,1.56635958464855e-15,1.96045778663042e-08,1.12186334020623e-15
"spot_166",1.29726236810531e-13,3.28542410335984e-14,1.82237438184956e-13,0.683154436535109,2.20589303585178e-15,0.25493525987657,0.0496445751860432,1.01961260387468e-14,0.0122657284019205
"spot_167",2.94343361204777e-14,3.25792816780829e-11,5.01986728770218e-14,0.999481858641602,5.52716141707246e-16,0.000518141325735309,2.73313339638e-16,2.05560733741865e-15,1.30481983650026e-15
"spot_168",2.9387254210139e-14,0.0136278227566609,3.2186857008386e-14,0.981284754492703,6.9619474034414e-16,1.1284786717172e-15,0.00113688907882681,2.25810766780353e-05,0.00392795259506772
"spot_169",1.58891267352738e-14,1.41098609217636e-14,1.15454529528825e-14,0.840350893465696,9.99517613456731e-16,0.000167632878443022,0.159481473655818,2.6080406956075e-16,6.36810265574897e-16
"spot_170",2.81325687644253e-15,3.87051621947248e-14,4.93948201262931e-15,0.999441013973994,2.72106167077644e-16,0.000558986025958916,1.47010625472152e-16,1.21090381209683e-16,9.71978007278828e-17
"spot_171",1.48287299443321e-14,9.85009841892864e-14,2.22790683675993e-14,0.997831078971833,0.000299233256967503,0.00186968777106079,5.04683744326655e-16,1.10724242175366e-15,1.28074235124767e-15
"spot_172",3.64095587226599e-14,0.180685765975998,1.62492861512971e-14,0.37062579809074,1.63605646946881e-15,0.444991429025307,0.0036970069078983,1.43952609032862e-15,1.00651415665987e-15
"spot_173",0.272129504455305,0.00155538339176595,2.66866767570754e-15,0.0829901286568266,3.32086434305085e-15,0.64332489015594,9.31576347913726e-08,1.61032831940224e-11,1.66418964714104e-10
"spot_174",3.5324127425589e-14,2.75137795203498e-14,2.78480342934761e-14,0.984232806298492,0.014614565065566,0.000401295535570024,0.000751333100279875,1.04074060370981e-15,7.31531283899949e-16
"spot_175",1.51139773618619e-14,2.36057459922517e-14,2.73333211283225e-14,0.971830500339992,0.028169499659939,3.34322165757982e-16,1.14506540218594e-16,1.76476444349671e-15,5.32104522201088e-16
"spot_176",1.73372341069337e-14,1.89320970933057e-14,2.43252258213127e-14,0.914370145078339,0.00119435465294705,4.68461191227292e-16,0.0844355002686497,7.69820488239076e-16,2.10689014534149e-15
"spot_177",1.53592247595571e-14,1.29862021061879e-14,1.25302661324307e-14,0.816852344185785,1.05542726581898e-15,5.40312192992812e-16,0.183147655814172,4.91557070899766e-16,2.34369926467563e-16
"spot_178",2.54802555104124e-14,1.15457241475296e-10,5.64878479309703e-14,0.99924636669266,6.70351506265523e-16,1.02758116166574e-15,0.000695094443053378,5.64788216007733e-05,2.05992714489102e-06
"spot_179",3.00478793994591e-14,1.81301449791758e-12,3.79487678937051e-14,0.99999999565968,1.012248332459e-15,2.31970694623938e-14,4.3384120390957e-09,1.13550810187338e-15,1.68941135371093e-15
"spot_180",4.34871296149466e-14,1.80503305723095e-14,2.45637142243761e-14,0.924784569904675,0.00905385763521873,6.99930680800403e-16,0.0661615724600178,8.4789596583339e-16,5.26053389595427e-16
"spot_181",3.91583497740672e-14,0.00198058242651048,6.78582690923965e-14,0.993171953002686,1.13972472282839e-15,0.00130658311620597,0.00354088145448463,2.99260283273417e-15,1.53586494370538e-15
"spot_182",0.110459254889339,7.89537844288408e-15,3.31954171406146e-07,0.841026002203154,0.00135799498707261,0.0205715237730354,7.08210863964807e-16,0.00407488499945623,0.0225100071937627
"spot_183",1.01435113377934e-13,2.05901752586428e-13,1.16313484246519e-13,0.734045155151515,3.77898603090698e-15,5.03505423634759e-15,0.0496081928464607,0.214032222477929,0.00231442952366329
"spot_184",8.0411705169918e-15,1.90214708841445e-05,0.466124454640305,0.527688081410229,1.08781373331412e-15,0.0018488488905104,0.00431959358806158,6.45858853615082e-16,2.00189868896426e-16
"spot_185",1.09827793679909e-14,0.00266197215590344,0.829297820659868,9.82056371844685e-16,3.54328652846248e-05,0.167580027315506,1.19550017295985e-15,2.31107553823196e-16,0.00042474700342415
"spot_186",0.376516970318672,1.16596505774065e-15,0.353936687501755,6.96152388883347e-16,3.50698888463283e-16,1.60792705108598e-15,8.19715666262811e-16,0.251996225882854,0.0175501162967147
"spot_187",4.21930989391568e-14,2.44757256080442e-07,0.141012043031021,0.207884823985796,0.634725324250512,9.12778329938382e-05,0.0129960195621595,1.17791098325067e-10,0.00329026646242779
"spot_188",4.4662068429067e-14,1.87996280221454e-14,0.839585761572746,1.32465810057807e-15,0.153219407737477,3.68452066477354e-16,1.52382440243147e-15,0.00719483068971,3.53034897454562e-16
"spot_190",0.000966106638121038,2.74958911462188e-07,0.444906993897815,0.126638497594792,0.388645043689352,1.2463674358289e-15,0.038189900809781,0.00065318241122566,6.5606235961332e-16
"spot_191",1.04365636697292e-08,6.44824497320533e-14,0.28443667156367,0.0789390095762754,0.627381781027011,1.32292528859806e-15,0.00837712485012923,0.000865402546284884,5.06172286730373e-16
"spot_192",1.41251731137363e-13,4.00183067933232e-14,1.25821254311538e-13,0.282092420350186,0.650626825765943,2.96607866571107e-15,0.0672807538675001,1.60589832000818e-11,2.04372264315092e-15
"spot_193",0.286467801443785,4.04814331534095e-15,2.67152992361666e-15,0.179755572577774,0.533566617209798,8.46801728810519e-16,4.47874954090674e-12,0.000210008764156357,5.53524125376738e-16
"spot_194",1.60588088300317e-14,1.21062413070496e-14,1.45346363401741e-14,1.11962805601265e-14,0.999999999999944,5.96510329897863e-16,4.87525882112052e-16,8.80254627559703e-16,3.57439332177655e-16
"spot_195",0.358802646640652,1.44030683901036e-11,4.418091648822e-15,0.00010864895688963,0.419912429461212,0.218735311670205,0.000210188089552296,0.00223077516708071,8.9761325174547e-16
"spot_196",7.68994223096442e-14,1.26225243687926e-09,1.24600386822222e-13,0.739755761655888,1.20232132511983e-15,0.257510449564042,0.00273378751760772,5.96309102943703e-15,1.96564535041787e-15
"spot_197",1.15169560619519e-14,8.02661443459311e-06,1.535145741515e-14,0.999572804869716,0.000230993521152638,3.59736031135564e-06,0.000184577634357772,6.37914979087544e-16,5.72718653448678e-16
"spot_198",2.69538970476862e-14,4.75280309440817e-10,6.02093181857842e-14,0.999985032290906,7.40479095536426e-16,1.95973343938179e-15,1.49672337202283e-05,3.15383259772159e-15,5.43932951788971e-16
"spot_199",2.205007784104e-14,2.09575119792807e-14,1.67459842188868e-14,0.721387995472039,7.53802324811639e-16,9.11110007882735e-16,0.278612004527898,6.23234976088759e-16,3.32776474201482e-16
"spot_200",1.24321318153376e-14,0.22642832948532,1.77210918662774e-15,0.721339386409462,3.2943731981692e-16,3.28366562250218e-16,0.052232284105203,1.7741514032107e-16,1.52890173120807e-16
"spot_201",3.91028240414268e-14,6.28899654559479e-14,1.18475214471758e-13,0.966666461786637,7.40667335307416e-16,0.0333335382131312,1.7789128130402e-16,8.69025413570429e-15,2.03645312503133e-15
"spot_202",1.79050063975138e-14,5.66547668144567e-15,8.22159891119727e-15,0.999648212074991,3.07229937760146e-16,2.11671300708355e-16,0.00035178792497626,2.18185660446834e-16,7.47829164400273e-16
"spot_203",9.27461920741874e-14,2.3156704623412e-14,6.93853937425722e-14,0.814585561187576,1.35652513197412e-15,0.0060510769716744,0.168748999403093,2.50503771215986e-15,0.0106143624374675
"spot_204",4.50256422444812e-14,3.86490740975432e-14,5.06423367931609e-14,0.993013748897323,1.05801251408976e-15,0.00677665746909337,0.000209593633442757,1.9327927049902e-15,3.22650450517233e-15
"spot_205",7.48613542899333e-14,1.56525655907695e-14,7.93981256267445e-14,0.967758058979078,1.62490840657693e-15,0.0196809792525595,0.000317389180216559,1.47492733518719e-12,0.0122435725864994
"spot_206",7.66647987479258e-14,1.18415254107959e-14,1.05268745235039e-13,0.975394199825017,1.38537564402228e-15,0.0185204912135418,1.67442440369029e-08,5.50344644363627e-15,0.00608529221699685
"spot_207",1.32035768262519e-14,2.4557649862417e-14,1.42679566417506e-14,0.96658902947715,9.34630521354466e-16,6.65453262103611e-16,0.0334109705227953,3.901918550946e-16,2.83407228214013e-16
"spot_208",1.18113480651152e-14,1.75525807124855e-14,5.71673629248887e-15,0.985251818628943,3.8510610993262e-16,6.17195141413074e-16,0.0147481813710201,2.07687452992375e-16,1.68466710446094e-16
"spot_209",4.43647909799632e-14,1.56514263944129e-14,1.40550219999547e-08,0.982870772095126,0.000159684329769983,0.000100542332151096,0.0168689871878688,9.98184127073633e-16,1.49240973435556e-15
"spot_210",9.56205948498628e-07,8.05828665656887e-15,2.32141162024265e-09,0.962017801052999,2.17546540742285e-15,1.90294501721222e-15,0.0360456935776532,0.00193554684197155,3.98593044968493e-15
"spot_211",0.00489629160375282,7.78728973320483e-15,0.00286594858627503,0.939733519327432,8.31464288143523e-05,9.91375753251924e-16,0.0524210940537151,7.32146613815782e-16,1.09462739714048e-15
"spot_212",1.81637558028173e-14,0.141877546209558,0.0847808292863922,0.754972979798927,0.000721474270727957,8.34239310962075e-16,0.0176471704343754,5.46566108628627e-16,2.71571426976391e-16
"spot_213",2.96157452829005e-14,9.98184916331848e-15,3.33483055700414e-14,0.998598646153959,6.45766683003411e-16,0.00104181239707835,8.51400864890599e-07,1.04498392630948e-15,0.00035869004802283
"spot_214",6.14190503196464e-14,1.13521382268764e-14,8.54044633895415e-14,0.597377273129497,5.87206929993497e-15,2.72527986280736e-15,0.402622726870323,7.59731842109859e-15,5.09507560009174e-15
"spot_215",2.52359880622817e-14,0.00441765532717347,0.306919811567309,1.34148611053429e-15,2.1206017718116e-15,0.688662533105486,1.00552916935813e-15,7.04879431191672e-16,8.63175918877767e-16
"spot_216",3.38022321800221e-14,0.0887730955673366,0.211113482069879,5.34996860686852e-15,0.00747883060475207,0.692634591757989,2.08208582369898e-15,1.60177731343903e-15,9.4019833055972e-16
"spot_217",0.0326676039981967,3.40381593035637e-14,0.539396587125603,2.4544030672059e-15,1.39949104513852e-14,0.425875157347624,3.25311629024855e-15,4.64041190759142e-16,0.00206065152852242
"spot_218",3.28754318351124e-14,8.33496660467209e-14,0.345939569219913,0.0810096391642451,0.571856226105495,1.36661435295628e-15,2.43055172912299e-15,0.00119456551022615,5.19446943548573e-16
"spot_220",2.60286400371685e-14,5.33134871743707e-11,0.351064896583879,0.0110913453124542,0.637818577967432,1.02537884544876e-15,2.08809427548809e-15,2.51800828921525e-05,6.09366656730449e-16
"spot_221",2.87152207253484e-14,1.29493874968969e-14,0.228057940959306,2.26811301613348e-15,0.771937816536951,3.78622485824021e-16,1.00517332383196e-15,4.24250369691219e-06,2.80355928559727e-16
"spot_222",0.0343137120021376,5.38277981700369e-14,0.503568752543384,0.117897867140591,0.324923544660293,0.019295001414317,1.11562023449895e-06,6.6189892236852e-09,5.43321238617197e-16
"spot_223",0.0160321703032721,7.12910239030324e-13,2.31258507223926e-14,0.00812488728826812,0.97584294240772,9.14288056306154e-16,7.58219094467214e-16,1.95902298706448e-15,5.72364199929142e-16
"spot_224",0.182282961075772,1.52844451972605e-14,6.25251910015541e-15,0.0475501695481217,0.770166869365461,1.63905212092108e-15,1.06204534428326e-11,8.79464343115921e-16,5.33171154470233e-16
"spot_225",1.11701999436723e-14,8.39840721721952e-15,1.23298168575582e-14,0.00751789684193566,0.963510769939361,1.01669478253458e-15,8.94475152899625e-05,0.000500419947211778,0.0283814657561682
"spot_226",0.376947619506577,2.41970560192562e-13,5.60433993120056e-15,0.335259935713425,0.000471013402712482,0.267334465916557,0.0199865918956069,3.73564873719824e-07,1.34795563181728e-15
"spot_227",1.6219368341143e-14,0.179572122611694,1.30071228537125e-14,0.8194682597175,1.16666585043119e-15,1.57824230904173e-09,0.000959616092531395,1.62636231232565e-15,6.46600779264475e-16
"spot_228",0.000378552913220923,5.35914871153141e-15,5.97026249504108e-14,0.989667256873224,0.000412625172935083,0.00176122820012445,0.00265203288117062,0.000776201420221426,0.00435210253903871
"spot_229",3.285071936522e-15,7.39493574088328e-05,2.31936330117208e-06,0.984178459629108,9.64948972881194e-13,8.10656528631142e-17,0.0157414314064029,3.84024281105287e-06,4.0904164614218e-17
"spot_230",5.41326961406434e-14,5.28186656174835e-08,9.42059489433788e-14,0.99489788148479,2.4950188048513e-05,1.95473832450963e-15,3.87222566188317e-16,0.0050771155083442,9.73943758787198e-16
"spot_231",0.00201224280116724,8.48449929869748e-10,2.50070571310387e-14,0.957858859119404,0.00344002323368039,6.5415824100993e-16,0.0366888739972482,2.40072698979522e-14,8.19653944592393e-16
"spot_232",2.142905298411e-14,0.183853358645137,7.54193901396587e-15,0.780114443352532,2.42262907158603e-06,6.60437272004385e-16,0.0360297753732294,6.04295573480703e-16,3.58779327522376e-16
"spot_233",3.69047271004658e-12,1.08434697732653e-14,3.08936942290313e-12,0.729124675092997,3.288846967643e-15,2.41105436427184e-15,0.268785225561224,0.00209009933898133,1.89392997046479e-15
"spot_234",1.02850796281975e-14,1.41946575961754e-14,1.16693674982392e-14,0.995751724777422,0.000948683396502498,2.94404297320553e-16,0.00329959182603811,4.59132587298137e-16,1.94274527845588e-16
"spot_235",1.49991610485793e-14,2.78454206117407e-14,2.16595117807687e-14,0.97668880376319,0.000396873325727079,6.89401878411245e-05,0.0228453827231756,9.27971604254633e-16,3.19851013880881e-16
"spot_236",3.06737228564432e-14,1.41907836973509e-12,5.791512200102e-14,0.999999999998485,8.64109434690899e-16,1.19645035238013e-15,4.84030293026587e-16,2.91586922833129e-15,1.34990679747753e-15
"spot_237",2.3539698844099e-14,5.7589210099057e-07,2.08130760809532e-14,0.996129023616181,0.000802807766960044,7.65661735049688e-16,0.00302829555088968,3.92971738221883e-05,9.76591735159779e-16
"spot_238",8.49291956328683e-15,0.00183836779702235,1.28495443308453e-14,0.994738432926217,0.000725796651153441,4.95456511332175e-16,0.00269740262558479,4.3164771727129e-16,1.9014881604328e-16
"spot_239",1.7167879568788e-14,0.0345036304162067,1.24214902853666e-10,0.963070367964647,6.76566745181282e-16,9.21862271890578e-05,0.00232386377661285,9.9514911106326e-06,6.54051118819603e-16
"spot_240",6.04568615452709e-13,3.06013438239159e-14,2.4460962422398e-11,0.99687837847453,3.72515111391508e-05,2.84173540966128e-06,0.00289879144102432,0.000182736812800536,6.01242826954062e-16
"spot_241",7.28020978710209e-15,1.00883855380337e-14,8.47039465614932e-15,0.999045773549573,3.03902860520642e-16,0.000954225650933081,7.99467459688512e-10,2.41382128420934e-16,4.65031674604507e-16
"spot_242",0.00409689049222713,3.39761166053186e-14,0.159619639723651,0.833120362703059,9.63269078633143e-16,0.00298909114783446,1.11027054608166e-15,1.74588460600266e-10,0.000174015758604816
"spot_243",1.18124205998197e-14,0.0595295494835489,1.24317026394681e-14,0.937779527870037,4.27392805371658e-16,7.76598689314423e-12,0.00269092263862249,7.96231477531525e-16,4.41367521566264e-16
"spot_244",1.50916617886108e-14,7.24315205192489e-08,0.24223693906082,0.757234599685385,1.08118802051238e-15,0.00052821422928397,9.89680906590686e-16,1.74592973117803e-07,4.19082262364247e-16
"spot_245",9.49060533782411e-15,7.36851587087431e-11,1.37452520379671e-14,0.996939118894858,1.92072020767345e-16,0.0013798491847399,0.00168103184669244,4.72907322407975e-16,4.76803189663391e-16
"spot_246",2.04700273004465e-14,4.21520862920893e-15,8.97031478877487e-15,6.58025946625081e-15,1.08514451219445e-14,5.43338648957817e-15,7.57507242752693e-15,0.999999999999936,1.28101509162504e-16
"spot_247",8.6415363747616e-14,0.200607202359026,1.83693709249438e-14,0.259973274682377,0.000713827275127247,0.267812266395284,1.78246060548128e-15,0.270893413494397,1.57936815979634e-08
"spot_248",2.39452764923798e-14,0.0211349535250033,2.75755119229153e-14,0.910846694765236,8.65613094209293e-05,0.0679317904002863,2.7449523204893e-16,1.11998506250934e-15,7.24957356150932e-16
"spot_249",0.0102937327592568,3.17343799809296e-14,0.631617571328552,3.27723783004134e-15,0.346681898294014,5.74591197105206e-16,0.00452944087135256,0.00687735674678808,5.86058587967028e-16
"spot_250",0.110273807725459,1.28414978405524e-14,0.659878986201468,4.08194767836352e-15,0.220599502027432,0.00841522559741344,2.20677028320383e-15,0.000824929907610731,7.54854059829314e-06
"spot_251",4.61260799608763e-14,6.93190243577673e-14,0.427894908981606,0.110834163404078,0.459727537276491,2.4646487756356e-08,3.61182206234728e-15,1.46877889623013e-06,0.00154189691232229
"spot_252",2.93934410621116e-15,3.54938687780752e-15,0.999002074007183,2.17158144579802e-16,8.75049369961347e-17,2.65444625480868e-08,1.86010042698189e-16,2.01119253678267e-16,0.000997899448347534
"spot_253",1.29798577455982e-14,0.0745377964050761,4.99503496339751e-14,5.78630982370119e-06,0.814440674159957,1.81424515325403e-09,0.0373139494778849,1.38173234785002e-15,0.0737017918329484
"spot_254",3.70171304657188e-10,0.000220445518932708,0.471384454069486,0.526237884276859,3.49468299326402e-15,7.71960743920298e-06,1.5629791083011e-15,0.00214949615710658,1.16132875241678e-16
"spot_255",0.260270172552032,7.25878717989115e-15,0.269919330783112,4.47182858317413e-15,0.444440357315131,9.81781607592412e-16,2.55518295988039e-15,0.0253701393497075,1.73847324601387e-15
"spot_256",1.19204398343544e-13,3.83730914305685e-12,7.1103274440818e-14,0.520298587760045,0.473201487518768,0.00649992471715149,8.43259425250179e-16,4.4199063537208e-15,3.37437972570475e-15
"spot_257",8.48696632121409e-15,1.85098749124838e-13,3.06847717504124e-15,0.863946673033104,0.000300787259762754,1.54437970053086e-16,0.135752539706936,6.94734827506485e-17,5.11486295414074e-17
"spot_258",2.60194117820311e-09,0.100699422527599,4.61514675545752e-15,0.897531022353665,6.10694470503309e-11,2.78924818452916e-16,0.001721575118589,4.79773371312826e-05,2.73318361181257e-16
"spot_259",2.0169889462769e-14,6.26034018178199e-14,2.00875492798411e-14,0.99019669286639,0.00203138131537326,8.82601159192121e-16,0.00777192581813168,6.75101382666622e-16,3.87418013912669e-16
"spot_260",4.16991256472749e-14,2.47340538775935e-14,1.63142512966593e-14,0.946660438789405,1.52843611270769e-15,8.01412360113856e-16,0.0515813645903165,8.70823254140958e-16,0.00175819662019217
"spot_261",0.00796689021209955,9.92579331711941e-15,5.51193952416471e-14,0.972691999872874,2.14010111210492e-06,0.00403537887175021,0.0120486042709844,0.00260740788767307,0.000647578783441672
"spot_262",5.70980375003796e-14,0.036525639432537,4.05049168634181e-14,0.929242407281889,1.65750476137461e-15,2.5518353032608e-15,0.0130884841272876,2.41671349334161e-15,0.0211434691581818
"spot_263",2.22544685956695e-14,2.23023691721499e-07,2.15566706212037e-14,0.994498334091784,8.72279192291134e-16,7.24109664461544e-16,0.00550144288447713,8.59449141450684e-16,3.50094273786154e-16
"spot_264",2.68770610241945e-14,1.07856308760244e-14,3.67420900745744e-07,0.9880700947205,8.38878339246623e-16,3.34879871880174e-10,0.01192953752368,2.34644035980537e-16,6.34300281147226e-16
"spot_265",9.01645394852258e-14,3.93945377888374e-14,6.17815282507266e-14,0.9312992768139,0.00879064134019693,0.00384433391107182,0.0560629895307758,3.82805892121626e-15,2.75840386075379e-06
"spot_266",9.61109534993044e-15,1.76355367518326e-14,5.70105414784046e-15,0.964309352128023,3.60919361038823e-16,0.000826275339457552,0.0348643725324856,1.70919704216515e-16,1.85549955177541e-16
"spot_267",1.1544262476233e-14,1.59671820284836e-14,6.84918158831819e-15,0.716022292870372,7.61545865313908e-16,4.18321382112223e-16,0.283977707129592,2.21215790437186e-16,2.28074846837503e-16
"spot_268",1.82265052281773e-14,2.04477371466364e-14,2.86783893677012e-14,0.989480466087529,3.4973750282261e-16,0.00068209678157281,0.0014709550228751,1.03873955897943e-15,0.00836648210795441
"spot_269",2.07623751520614e-06,0.0025128624206322,8.70661749039882e-15,0.995545915495731,4.75851179802395e-16,4.28447967691326e-16,0.000742614172103897,2.39938231973871e-05,0.00117253785081097
"spot_270",1.48940833407265e-13,0.145954490598048,4.23443385993351e-14,0.770566632315659,2.42539344721463e-15,1.33468655472528e-15,0.0777195237302221,0.0057593533558738,1.38007725018738e-15
"spot_271",3.63415481271253e-15,1.46900519777151e-14,3.13433557980978e-15,0.999784745459059,2.10530009138191e-16,9.51744033500194e-05,0.000120080137569125,6.93841667053591e-17,9.24633002196375e-17
"spot_272",1.6617534633238e-14,0.144657233159107,8.12181319019825e-15,0.848931741988522,6.32491734421825e-05,6.55469320370406e-16,0.00634777567890287,5.97962470921544e-16,5.82214852764943e-16
"spot_273",2.36860167481021e-14,1.01245960232389e-14,0.00611984659262698,0.948142533741325,0.000565238370063593,0.000194460091637472,0.0449779062780648,1.49262441153796e-08,4.80242130684707e-15
"spot_274",4.57128306430387e-15,0.0596700600045182,0.00117797507048349,0.937819389753083,0.00016465130752739,1.50574178426481e-16,0.0011325175066364,3.54063577450865e-05,1.74308246110294e-15
"spot_275",7.62052127028949e-15,5.88914648710884e-14,0.141773934047186,0.857973022393494,3.4004772497177e-16,8.06888062365573e-16,5.01847009545172e-16,1.17996099272143e-14,0.000253043559240651
"spot_276",3.27352652486768e-14,5.4524087165293e-14,0.250169452709849,0.719481849149727,0.012373719327403,1.66991524035585e-15,0.012131565412847,0.000465362608717375,0.00537805079136774
"spot_277",5.36588343623226e-14,5.8901764116611e-15,4.01364138449411e-14,0.866691479494886,0.00333038933891762,0.00146512608438783,0.120434871024872,9.77517548885769e-16,0.0080781340568364
"spot_278",1.34990213771108e-14,1.1710778805117e-10,1.31794124322843e-14,0.982391046918913,6.63932877987146e-16,0.000303188658137075,0.0173057643058139,6.48674003796656e-16,2.57008376974804e-16
"spot_279",1.05513857910032e-08,2.74842591874862e-14,3.37600014634907e-14,0.996435313690768,1.61861687121739e-12,0.000375568596378885,0.00194356638012458,0.00124554077966199,1.09729317069774e-15
"spot_280",4.70024242977239e-14,1.60187694952094e-14,0.279529068440037,5.09962162430312e-15,0.703879743004099,1.09038376901132e-15,2.13020822597529e-15,0.00499426456304333,0.011596923992749
"spot_281",2.65236105863694e-13,4.00566947705471e-14,2.30693638504513e-13,0.69321880694067,0.306712690677837,6.85023682046618e-05,6.67684183283365e-16,1.2746709380883e-11,5.83423636799644e-15
"spot_282",9.06805170323558e-14,2.03962912758385e-14,3.54911886095945e-14,0.417135197470727,0.549367540155141,8.64495262931853e-16,0.0334972623739829,1.71161266326838e-15,4.64366017636697e-16
"spot_283",3.61183394577928e-14,2.55051029050384e-14,0.264454788616792,0.00119041028457834,0.734342825286194,5.23514066900395e-16,2.5038377433927e-15,1.19758123706291e-05,4.34053310559486e-16
"spot_284",0.0873772088069893,2.42021296909921e-14,0.49587443989151,0.0975782124992716,0.313851377145557,4.60468484567619e-05,6.28357413484983e-12,4.82825709438384e-10,0.00527271431908096
"spot_285",7.0949598986486e-14,3.26126645556029e-14,0.434475132137046,0.00751093106980033,0.558013936790337,9.20692059008564e-16,2.04465715706027e-15,2.7100915576806e-12,3.89495696738041e-16
"spot_286",0.406188096612888,1.45768359268785e-15,9.36050104730281e-16,2.70513012027639e-15,0.593808955227328,2.94814620842335e-06,9.70638626127915e-16,1.35700735076259e-11,3.16616137152322e-16
"spot_287",0.19245735506078,9.86773384821788e-15,9.31023061106179e-15,0.496431845938825,0.305608114528709,0.00518130878738311,0.00032137568428124,1.29067089401422e-15,1.27783578105247e-15
"spot_288",6.88466060836858e-15,0.0134974826303087,7.86635998962907e-15,0.986104939163193,0.00030757862911379,4.08053460425024e-05,4.88551159536386e-05,3.39115373556801e-07,8.79406891946918e-17
"spot_289",2.35161649337855e-14,1.40015959317659e-14,1.69883476562025e-14,0.999344622225036,0.000230476271060705,7.56618759515284e-16,0.00042490150384691,6.11228293749313e-16,6.64298730380616e-16
"spot_290",7.40670047631913e-15,0.186187464405992,3.74135025431172e-15,0.813812535593995,6.08887851932563e-16,3.12568955146896e-16,3.29382490460697e-16,3.4121932100069e-16,1.69711050064956e-16
"spot_291",6.4426191962098e-15,8.78805492076907e-15,7.01688031573185e-15,0.999343058185794,0.000133684495138583,2.13045902141082e-16,0.000516465425555494,6.79189348894679e-06,2.30057963995095e-16
"spot_292",2.07969179491608e-14,4.10289791791085e-05,2.27382406984892e-14,0.998556710147927,6.77259563706508e-05,7.93985259058039e-16,0.00133453491647729,7.70315401205813e-16,3.9158367895588e-16
"spot_293",2.78004237156263e-14,1.54515872448343e-15,4.00152834117511e-15,0.549447864228579,1.21805094964552e-15,5.30395239332424e-16,0.422345060228444,7.7619043794183e-17,0.0282070755429413
"spot_294",9.18693132610212e-15,1.03492203723355e-14,1.81064527346501e-14,0.999701342266226,3.20316582416826e-16,0.000274941084309446,2.37166494249776e-05,7.24019816314327e-16,9.10212620339387e-16
"spot_295",1.29077543092992e-15,1.50380758120235e-15,1.01564152586279e-15,0.937177699454723,3.42315842619482e-16,5.42691558650532e-17,0.0628223005452729,1.98603175994155e-17,8.30049037160996e-17
"spot_296",6.5435146470201e-14,5.1621338943575e-14,1.911523199734e-13,0.971729091033126,0.000340716870691608,2.75631483327069e-05,0.0042004721612504,0.0237021567862825,8.80103865479873e-15
"spot_297",0.0106286437482654,0.0240371741126712,8.45355048471513e-15,0.963309690367558,4.87725135362069e-10,0.000391081732506506,0.0016333768119091,3.27393560283578e-08,4.80977903658136e-16
"spot_298",1.85078650301069e-14,4.33730383054576e-14,2.08930434102713e-07,0.993877099556199,6.62643480816875e-16,8.69764106825498e-16,0.00436473861159814,0.0017572868372839,6.6606442104137e-07
"spot_299",8.21883581041326e-14,2.80461467371646e-10,3.88789764567563e-14,0.999999999719413,4.42400016465875e-16,1.18542358150811e-15,1.46066181917656e-16,2.25911031835377e-15,5.48382057207083e-16
"spot_300",5.13514844075599e-09,0.00321617678691195,4.56633061396309e-14,0.995681547556741,0.000275538922290347,4.63074746648594e-16,0.000826731598861433,8.70313890524686e-16,1.37766530984626e-16
"spot_301",5.35498351698199e-14,2.85681488242029e-14,9.16222448670092e-14,0.996761556265718,0.000171453952388447,1.2655961810767e-15,0.0030669760642983,1.37174175735771e-08,2.89863384512269e-15
"spot_302",2.14340555336157e-14,6.47382407874431e-15,1.09946920576509e-14,0.974423244082814,9.54554565005977e-16,0.000308108114061753,0.0249864079873856,2.68512199171871e-16,0.000282239815698723
"spot_303",2.37806551458012e-14,7.50705718289718e-15,3.81713369556783e-14,0.999999999999925,1.85071843011132e-15,4.11558985112131e-16,1.29447035184378e-15,1.11066970473316e-15,9.08746142627874e-16
"spot_304",3.19946844138526e-15,0.00632022290773887,0.000263305804170055,0.972829680772976,4.36828304204553e-06,1.27406276831599e-16,0.0205824222320696,3.92961615112483e-17,4.77065288284698e-16
"spot_305",2.38073890838314e-14,6.80249445055901e-14,0.20262817253748,0.795159665409982,9.99637308820784e-05,1.1000490596515e-15,1.68078990310473e-15,0.00104366677040256,0.00106853155115902
"spot_306",8.36653693455087e-14,0.110887147167262,7.90441814399039e-14,0.855099824481334,0.000830286159460694,2.35509462917771e-15,0.0331827421917699,5.77987472251163e-15,2.17133365750793e-15
"spot_307",2.01054574944898e-14,1.62603292237616e-12,1.5545212103197e-14,0.98265837703484,8.236497294506e-16,8.27728276314432e-16,0.0158571971073768,0.00148442585611882,5.01251327532082e-16
"spot_308",9.11306442994014e-15,0.0375331333728668,1.34993478981154e-14,0.962466866627108,3.71546093598511e-16,9.47754547858247e-16,2.24802294386795e-16,7.57219033341327e-16,1.86660212376823e-16
"spot_309",4.00115032880398e-10,2.61047453707329e-14,2.56068023986683e-14,0.998646404676466,6.40679451914407e-16,0.000844953317116698,0.000417345962301038,9.12956439480579e-05,7.20366405278528e-16
"spot_310",3.28697061077298e-14,0.200511386530538,1.47288095933047e-14,0.767439611509151,1.18757126201749e-15,0.0212542054355741,0.0104566660359869,0.000338130488701043,7.42237345391416e-16
"spot_311",3.44957553870158e-14,0.0190456431717006,1.3469905491119e-14,0.309094890677797,1.46640008722265e-15,0.641999175660641,0.0298602904898108,8.57540110628875e-16,1.11989592011756e-15
"spot_312",9.04402627585721e-14,1.38818173016871e-14,2.62048129640149e-14,0.53520510802824,0.464251174028778,0.00054371794284747,5.45743001346948e-16,2.17911839528979e-15,1.56994064030495e-15
"spot_313",4.6981769809342e-14,4.34758125519085e-14,0.329637203827437,3.50689722099262e-15,3.34010806743644e-15,0.651138570979522,1.55060771298771e-15,0.019224225192942,8.82522275860083e-16
"spot_314",1.8214356729421e-14,3.40913670614648e-14,0.459898842036132,2.73515463536454e-15,1.55433413178941e-15,0.539122426394007,1.12812912709663e-15,0.000978731569801784,1.19914131817228e-15
"spot_315",5.52405256854179e-14,6.5759317037595e-14,9.67537693252959e-14,3.53409132972432e-14,0.557859278433173,0.442140721347896,1.7286474995398e-15,2.1867304342235e-10,2.49830764465294e-15
"spot_316",1.2924883902097e-14,0.144599561990335,0.724845342891998,8.22483414606291e-16,8.13649911736801e-16,0.130555095117635,1.24445186927177e-15,1.58449917722164e-14,4.84152518815456e-16
"spot_317",2.16466687498917e-14,4.303958251075e-06,5.12870984430022e-14,0.00613936988939099,0.993856326152274,4.48281975504186e-15,3.20299846487031e-15,1.60350920845218e-15,1.21220705721213e-15
"spot_319",4.27972514653147e-14,0.00204472986803489,3.79683508614095e-14,0.940407049765618,1.27056753836221e-15,4.37550353729256e-07,0.0575159735019885,1.35931879311214e-15,3.18093139219805e-05
"spot_320",1.40407078561538e-14,6.39706562013287e-14,1.08228372165923e-14,0.909713134539084,0.00113094283847974,3.93123105799104e-16,0.0891559226223459,2.88920884967903e-16,5.56354381731052e-16
"spot_321",6.06123910615461e-11,1.67955871122663e-14,0.00909573641352528,0.983682338163234,6.61608515351279e-16,0.00413595008105657,2.13300910396127e-10,0.00308597506764592,6.07589890526655e-13
"spot_322",0.00136002060584896,1.76711574140352e-14,1.00298171311262e-14,0.997912510632654,3.62436823419223e-16,2.42178669214743e-12,0.000727468759046765,3.72152718008074e-16,2.00117342561707e-16
"spot_323",0.00603579753258351,4.52590301165403e-15,6.46595362922891e-15,0.978291619515745,1.69220259245311e-05,1.97783787869652e-16,0.0156556582540361,2.67169915175332e-09,2.86605784518711e-16
"spot_324",2.03781296075536e-14,3.19847449089319e-14,2.00134244258361e-14,0.843293663246805,1.68201969936035e-05,8.02261010239769e-16,0.156689516556128,6.47390754927545e-16,3.27006851476844e-16
"spot_325",2.33551545938278e-14,1.41366684799728e-14,9.84330618676092e-15,0.974281464823375,0.00218252622151293,4.97362802557648e-16,0.0235360089550635,2.54679781723862e-16,2.66376450441097e-16
"spot_326",4.42643953496396e-15,0.00523604219750436,2.74578087925068e-15,0.979425570097338,5.68998075704288e-16,2.17832153318868e-16,0.0153383877051492,8.90468269431648e-17,5.11742732242377e-17
"spot_327",1.54917736928246e-14,1.42205327783478e-14,4.27150734732624e-07,0.999669010482695,4.61074878103455e-16,8.26553916527275e-05,3.22781715857703e-16,6.68397001318023e-05,0.000181067274754999
"spot_328",0.251388132928979,2.40432253114261e-15,1.72906654718355e-14,0.643769047723246,2.76118576776976e-05,5.0342210932902e-16,0.103237472843942,0.0015777346461297,5.17288515364564e-15
"spot_329",5.78753015119409e-14,1.49710531289507e-14,4.37947621181744e-14,0.665910108077773,2.59259599976868e-15,1.24961009248395e-15,0.333497022266795,0.000592869655310148,1.18897943634479e-15
"spot_330",6.40030763022216e-15,9.04547699136316e-15,7.04523455721049e-15,0.99940878757152,8.84350753915045e-05,0.000221723631337708,0.000281053721728034,2.36765352031608e-16,1.08258544263786e-16
"spot_331",4.20247627629755e-15,0.217424798809065,1.34158028635539e-15,0.782093409550361,3.80099849375342e-16,3.01161975857497e-16,0.000481791640568299,1.38556865372659e-16,1.41366711161937e-16
"spot_332",2.73530673378052e-14,1.44064958124819e-14,1.03620082130004e-11,0.986827079748109,8.20185595265468e-05,0.000627398366703469,0.0124506199092443,1.28834060113262e-05,1.01045753527422e-15
"spot_333",1.69129638706246e-13,1.61840254529204e-14,1.91046066253383e-13,0.999995835469037,3.60860962509209e-15,6.80420944952873e-07,2.57020415078448e-15,3.48410961779368e-06,1.75208008699417e-14
"spot_334",2.99421018971635e-15,0.0556932823093454,1.1779404280942e-14,0.944306717690638,1.21825123240835e-16,3.98023406049806e-16,4.90579446727566e-17,6.48379705236312e-16,2.70207676593165e-16
"spot_335",2.79242525084006e-12,9.32931237812521e-12,1.6543203974455e-14,0.994986150880913,0.000242602817041523,4.9162297652721e-16,0.00440167242011779,0.000211947635701701,0.000157626234087166
"spot_336",1.41207066542167e-14,1.31851830898387e-14,1.8684956278136e-14,0.998623753700171,0.000180747829789295,0.000772903354876399,0.00042259511511572,8.03495212694825e-16,7.98827891330491e-16
"spot_337",5.57137879958217e-15,7.5271823896624e-15,5.85351855264623e-15,0.999841315871677,0.000158684128302208,3.14418209343611e-16,1.26956170300146e-15,2.14369541627925e-16,2.43114062305797e-16
"spot_338",1.35264263643011e-14,2.33553613527496e-14,1.2352368364847e-14,0.978667466062782,0.000217398645407701,3.77891501940409e-16,0.0211151352917601,3.64555829449756e-16,2.74419601282867e-16
"spot_339",0.0131802292065014,8.30411607650651e-15,1.4888749316878e-14,0.852116669721874,5.80469457684997e-08,3.80479671694314e-16,0.134693606703891,9.43632076297262e-06,6.50968908118392e-16
"spot_340",9.08950393971965e-05,1.06050192734978e-14,1.57066274971053e-14,0.99920988290903,2.63059389264348e-13,3.50000988402758e-16,0.000699213198012675,8.85326786237342e-09,2.79922261634118e-15
"spot_341",7.07409938447281e-14,0.0232868689485622,3.43710866321623e-14,0.900814256358068,1.58852171184717e-15,3.45591292251647e-13,0.0758988746929152,8.27646587599808e-16,1.11173291129617e-15
"spot_342",1.66214141049438e-11,0.0137496413602023,0.245034742932812,3.74947091222324e-15,5.25277294344538e-15,0.729895679547696,1.62514968275335e-05,0.011231476572554,7.22080732781964e-05
"spot_343",2.5888432526125e-14,1.93345394442272e-14,0.35105028405374,2.03041713233441e-15,1.56530432150963e-15,0.646222978536461,1.69124132546902e-15,1.35452281006827e-06,0.0027253828869378
"spot_345",1.51441712409703e-14,2.08435442407242e-14,0.636765578052348,9.27271038654534e-16,8.10932699934092e-16,0.361391906871103,7.23520495301495e-16,0.0018425150765102,6.82101667885325e-16
"spot_346",2.61901343005032e-14,2.21231852625433e-14,7.09785223924185e-15,1.18912666526753e-14,1.02955156777248e-14,0.999999999999922,2.33392834577095e-16,3.27846456326783e-16,1.06865284387639e-17
"spot_347",1.97876162171568e-14,3.85275202869115e-14,0.331906491191479,2.80168183563845e-15,1.66825324106806e-15,0.668001707661038,1.26102511121766e-15,2.2888745510564e-05,6.89124019087586e-05
"spot_348",4.31841622905949e-14,7.76700197069616e-14,0.342927010189505,5.68865740047736e-15,0.222673036944971,0.418741946621146,3.64116265927992e-15,0.0156580062442474,4.79553532371762e-16
"spot_349",4.48460658404403e-14,8.24163396390939e-11,1.02018683397499e-13,0.999483075954703,0.000516923962722377,1.82742819211391e-15,5.71350569061833e-16,5.39952560929991e-15,3.15064347951423e-15
"spot_350",4.15520624210989e-14,6.7662804012746e-14,5.75024972901998e-14,0.999526916122814,0.000251916482361459,2.51158271996814e-15,0.000221167394651099,3.23266803644896e-15,1.26478372152019e-15
"spot_351",3.78515735157892e-15,6.65746715915082e-15,0.00340480823461317,0.994536950598617,3.33775195070894e-16,1.50809788684379e-16,0.00205824116675793,4.2610363646862e-17,4.7193651731716e-16
"spot_352",2.11424520077712e-14,0.11635981949908,7.89593707134486e-15,0.869739990588141,5.67657609996405e-16,0.00500319241854774,0.00889697648772965,6.52247550897028e-16,2.1006471667951e-08
"spot_353",6.51335827786606e-15,3.05543620930465e-14,1.03565330146744e-14,0.999999999999738,3.71966764570265e-16,5.41950286040129e-16,2.12521136958638e-13,4.70816380214559e-16,1.73405239418236e-16
"spot_354",0.00363487240255045,1.11422127727982e-14,3.13534183300383e-14,0.995319303642484,9.64373649556324e-05,0.000224226448169492,0.000616171855783191,0.000108988286013527,1.02658282785493e-15
"spot_355",5.68399052382779e-15,0.0218203551238312,4.53980423581459e-15,0.978179638105712,4.4503860908265e-16,6.77044527763664e-09,2.81833488318916e-16,2.0368092401524e-16,2.04633089651941e-16
"spot_356",1.21622539446298e-14,1.46523370097426e-06,2.31181792473618e-14,0.994405088015833,6.17736053620863e-16,1.21407943904442e-15,0.00559344675042745,1.1016253909756e-15,5.51898421911453e-16
"spot_357",8.75805425751228e-15,0.0617327813677342,2.1709933213185e-15,0.933167874300028,3.30641568420284e-16,0.000466632300403811,0.00463270488714757,1.32788302571053e-16,7.14467508258149e-09
"spot_358",8.34930141838361e-15,2.3774045997048e-12,1.16498279890154e-14,0.997029344733768,3.34720789459566e-16,0.000191287789717166,0.000396001297062249,3.349369910686e-16,0.00238336617705471
"spot_359",1.31881170424961e-14,2.35908407916455e-14,1.89172289836473e-14,0.995491238180193,8.15248309906502e-16,2.69400067949864e-16,0.00450876181974946,6.22702600768395e-16,5.80496600638808e-16
"spot_360",1.90956577406461e-14,1.22889666710598e-14,3.44397221022155e-14,0.996090151070614,3.38720311234685e-16,0.00390984892931581,8.95945005230812e-17,1.23428958209685e-15,2.23861798128005e-15
"spot_361",1.55144304637506e-07,3.55861005031253e-10,1.43180724299789e-14,0.974206468438681,0.000614824831110513,0.000313685773828267,0.0248648654561992,4.56426643708089e-16,4.51096251898529e-16
"spot_362",5.79027787958287e-14,0.115644602823512,1.32812483065775e-14,0.568872434699804,0.00642958859836494,0.139188552080048,0.148748723211874,1.04715186447693e-15,0.0211160985863242
"spot_363",4.63276557792573e-14,1.38325290850048e-14,3.55766559971062e-14,0.958307117061582,0.000509372546913022,5.05325593093046e-09,0.0405084013788872,0.000675103948033207,1.12326995653067e-11
"spot_364",0.00491008001689125,0.0820738219691802,2.33805666897172e-15,0.859119169522858,3.87746028354104e-16,1.40104732845911e-16,0.0538969284910673,6.49089058396765e-17,5.71973165529019e-17
"spot_365",1.49834326175327e-13,2.43192959860725e-12,1.89587306816313e-13,0.878694961125335,0.00218115964124811,0.0119707354027946,0.0999349540860446,0.00569547071502414,0.00152271902678203
"spot_366",0.0468936250983414,1.02200076282537e-14,2.12319650142134e-14,0.947774495496302,9.05592037731172e-16,0.00391351196928403,0.00141836740270895,3.31690240942348e-11,1.61822484442181e-13
"spot_367",0.259332574148726,8.24441956446477e-15,1.12028759077564e-11,0.557363526782945,1.47520414722526e-09,0.1366689652868,0.0166925826442674,0.0129530870296083,0.0169892626212381
"spot_368",6.52955451641094e-14,0.000456467762639375,1.88820788308347e-08,0.408384841775779,2.63784762318997e-15,0.23137295924555,0.0713736831343287,0.288412029199555,1.54818607842038e-15
"spot_369",1.39075546448159e-14,4.01844418262811e-14,2.41790381912707e-14,0.996234468974592,0.00104190840836649,9.01875960637589e-16,0.00272362261696035,1.26682193522162e-15,5.64697786167585e-16
"spot_370",5.81548543303387e-14,2.30733859037146e-14,6.44142570435512e-14,0.697243175098415,0.018755726442662,1.44227647233612e-15,0.284001098458772,2.87502357392746e-15,1.11232373542901e-15
"spot_371",0.0212465510531604,1.84747076317731e-14,2.12169485597668e-14,0.944015920675822,6.72857937855565e-05,6.26797536860412e-16,0.0346657375306138,4.50494657702285e-06,6.08927051163788e-16
"spot_372",4.35645268021324e-14,1.32924225348643e-09,5.32280165027317e-08,0.952205716317343,0.00142540509806881,8.85618818197593e-16,2.77853240542231e-16,0.046368824027283,1.84369535947414e-15
"spot_373",4.58750875974067e-14,0.141458380603332,0.643528538914858,0.00784570397661143,2.24751705905342e-05,0.191200743240629,1.49576723467539e-15,0.0159441580939294,2.17625520447724e-15
"spot_374",0.055880485822321,1.76788609637863e-14,0.233429857219896,0.0130747460690074,3.32208864231804e-14,0.420472577949348,0.00088767763183679,0.00869761104589222,0.267557044261648
"spot_375",4.15460612046393e-14,1.19911797071877e-12,0.0011071372942826,2.61769654437783e-13,1.50343499068083e-13,6.72243594268364e-13,9.49801077453642e-13,0.393560960413287,0.605331902289156
"spot_376",5.02001688515489e-14,1.28245048713589e-13,0.141507190192876,2.63052479581116e-14,0.167377768607149,0.427874293198932,3.90339739211335e-15,4.88890135439676e-15,0.26324074800083
"spot_377",3.09638270163281e-14,1.50626680419061e-14,3.39812904479452e-14,3.07554822134521e-14,3.93105814454656e-11,0.314442552085583,0.00879539219483689,5.00915957247847e-15,0.676762055680154
"spot_378",3.0080484050916e-14,6.52389494223321e-14,0.208234248472559,4.37104281912072e-15,4.43461900627438e-15,0.765687653095382,1.83385086730399e-15,0.00141969881781309,0.0246583996141397
"spot_379",2.04533078330262e-14,3.07800971420205e-14,0.402643232970885,2.65742665131785e-15,1.72793786548493e-15,0.583731373381368,0.00387800699518721,3.76373601023778e-06,0.00974362291649437
"spot_380",1.79842976275044e-13,6.11754076304776e-14,1.41733055381426e-13,0.865295115183011,5.95734335851932e-15,0.131474377007659,5.25788105178436e-16,0.00323050780893676,4.25471719418378e-15
"spot_381",1.33391679090988e-14,1.54232655129332e-14,1.31451333681712e-14,0.997860569276646,0.000240563503987756,4.81450762791696e-16,0.00177199353774936,4.03710110066016e-16,0.000126873681573871
"spot_382",2.3883169481049e-14,3.99850610927558e-10,2.39810682980989e-14,0.996812903360726,0.00120588054472919,3.83724315012345e-05,0.00194284326314381,1.12337085409134e-15,5.39185800667453e-16
"spot_383",7.86752625606149e-15,1.49754705341679e-14,9.50078138271871e-15,0.999999999999966,3.77045350029296e-16,4.68064416281982e-16,4.47355127887027e-16,3.26294487623021e-16,2.23227168974835e-16
"spot_384",1.38509317926818e-14,2.24614608721765e-14,1.99306807322662e-14,0.996227569828821,0.000143161490242391,7.28629229185278e-16,0.00362926868087844,8.52941387729278e-16,3.81050926256326e-16
"spot_385",1.92045351948287e-14,0.00505884305429956,2.04669370669484e-14,0.987363551079096,0.000457177471293691,5.44816635135188e-16,0.00712042839526938,8.61612839287111e-16,3.23063998980415e-16
"spot_386",1.74540009369906e-14,3.89174872688201e-14,2.09999269481789e-14,0.995896422532921,4.73869456215751e-16,0.000853691133375527,0.00324988633362426,9.42746371339993e-16,5.41211980245738e-16
"spot_387",0.000893431288753483,2.17955111333926e-14,0.0204594768568943,0.978485333830955,0.000161570046170853,2.75252787892038e-14,5.26269053803637e-16,1.87977170196726e-07,6.34151440871077e-15
"spot_388",1.92421656321775e-14,3.22394285180667e-14,2.09254803400921e-14,0.83273468134782,7.04919726706466e-16,0.000721787178103957,0.166543531474002,9.01845867299494e-16,7.16068317078813e-16
"spot_389",4.13845900452071e-14,7.97716847332094e-13,4.14666888595694e-14,0.968114565196368,0.00492920518565779,0.00118673123018383,0.0243983157874381,0.000575936627831206,0.000795245971640916
"spot_390",2.85242041480104e-14,1.41164829053608e-14,2.95386368874851e-14,0.994178495198745,0.000298028900926778,0.0014386604605863,0.00382902204184407,0.000255793397823994,1.43281968567904e-15
"spot_391",6.85102818516888e-15,7.60418780803569e-16,3.01445244477937e-15,0.991091665097802,2.85684069423186e-16,4.37059531620309e-16,0.00640007308712824,9.67084186011549e-17,0.00250826181505856
"spot_392",2.66777444287493e-14,4.00247803872161e-07,3.19309066272514e-14,0.995407772480338,3.84132492825059e-08,0.00259955692963378,0.00105793484807175,0.000934297080843957,9.47638321084397e-16
"spot_393",0.516719941591775,3.99310951112188e-15,2.7534441937257e-06,5.03716452896419e-15,2.09719600825333e-09,0.41742710622305,1.31207429818708e-15,0.0658501966437735,1.50599305859822e-15
"spot_394",0.622352122352716,0.00571883283459748,3.62736757494885e-15,5.72547010012778e-15,0.105939776777815,0.249471828168977,2.53669723336373e-15,0.00655418707225262,0.00996325279363042
"spot_395",0.592498035488688,3.86727311972842e-15,9.93181869062678e-14,0.0900402727927699,2.00856335541386e-15,0.316107433239592,2.55244923795755e-15,0.00135425847884205,4.5918944171686e-16
"spot_396",0.260950036768962,6.4326724560835e-05,1.19067217609603e-13,0.411264741173669,1.96112617794365e-10,0.308438781342488,0.0192746120067033,7.50178738461196e-06,1.64299659437857e-15
"spot_397",0.440221263388889,0.0184930464787999,2.03032158405054e-09,0.197284269588892,1.83957818927194e-15,0.338216551059455,1.56217415180513e-15,0.00578486745363891,1.01219810202816e-15
"spot_398",0.450827914627437,3.34159728411317e-15,2.09195402146794e-15,4.15885685253216e-15,0.151710733552831,0.39744546039627,1.68132308110467e-15,1.58914234499458e-05,7.56306288050099e-16
"spot_399",0.200846572967259,1.10862047649971e-05,2.33741161787193e-15,0.2534220082311,2.20407726480271e-15,0.50799094967821,0.0377293829186599,2.36605178371825e-16,6.951211755854e-16
"spot_400",2.87888283345475e-14,0.0724589813189401,3.67744920743507e-14,0.906183834517369,7.2368012167335e-16,1.67302522074079e-08,0.0213571674333681,2.87261162904953e-15,1.62513360579357e-15
"spot_401",5.32984279702997e-15,8.10302982811906e-08,6.184750073072e-15,0.999321998016428,2.3860530858129e-16,0.000367686612046174,0.000310234341215545,1.50563545954448e-16,1.97608040514997e-16
"spot_402",7.17472102635357e-14,0.0691367371981658,6.43484963197157e-14,0.793630182385442,1.61024626786808e-15,1.05273361975154e-07,0.00720510933314443,0.130027865809747,1.12573958901587e-15
"spot_403",2.82826782396996e-15,7.49003315131765e-15,2.29168371396427e-15,0.99980906440766,2.22300958935454e-16,0.000103187805435179,8.7747786891823e-05,4.92634021253276e-17,5.9890182333356e-17
"spot_404",9.27971052870701e-15,0.00310785841328428,0.60705167298468,1.51406261449187e-06,6.36504723046569e-16,1.6520930740187e-15,1.01507519223337e-15,0.00535340596822829,0.38448554857118
"spot_405",9.5439282494649e-15,6.42088255846774e-15,0.640325095022021,4.11196601795e-16,1.8033070846721e-16,5.09194667840191e-16,2.26280478628532e-16,1.0713851140821e-08,0.359674894264111
"spot_406",2.00136674054802e-14,0.0577874000646445,0.434635558286253,3.77104322695873e-15,0.00108692819501911,0.00470105614673151,0.00240908896627352,3.74579432629518e-15,0.499379968341051
"spot_407",3.28079314632899e-14,6.96839791270446e-15,0.96949760480035,2.42874181493595e-16,2.28336241967693e-16,0.0252404686199001,2.0412150160052e-16,0.00526192657970972,1.42695039974181e-16
"spot_408",2.34423225431982e-12,1.57797605371778e-14,0.540524917221017,7.23507028148693e-16,1.95599241949886e-15,9.80595478741575e-16,1.40210626949402e-15,0.0323152669586771,0.427159815817941
"spot_409",0.000781448843706323,4.24749002076225e-15,0.982333135051389,2.35031434995121e-16,2.45294680360647e-16,0.000481716062390031,2.15214272074105e-16,0.0164037000425092,9.91089215214458e-16
"spot_410",1.92517259114199e-14,4.80378898649577e-14,0.712963390844818,1.06441629985686e-15,9.84690596661787e-16,0.202552544310003,1.7049733715452e-15,0.00152778637008872,0.0829562784750194
"spot_411",0.0717826699555822,2.06798090708283e-14,0.173534871100946,0.748288377690191,1.50315644092807e-15,0.000156477006205103,0.00562233081252529,0.000615273434527597,8.93525754604077e-16
"spot_412",5.55365276100706e-15,4.79050203865635e-09,2.3745334485065e-15,0.995056196686759,2.3661641342812e-16,1.01023585861061e-16,0.000691337649179598,8.38718474886973e-17,0.00425246087355122
"spot_413",4.04684066095644e-14,9.33714134321044e-15,0.00302311599898833,0.933488494041877,0.0332757037344691,1.1141800278714e-14,0.0302126862246029,5.08562449715821e-16,8.52140260383144e-16
"spot_414",8.92161940115205e-15,1.61754882091148e-14,5.67656698567963e-15,0.996483864457873,2.99512075960913e-05,0.000187649982392759,0.00329853435210709,1.67540019395155e-16,1.11098564687665e-16
"spot_415",2.23454452073491e-13,2.49590806604888e-14,1.85030873504801e-13,0.676755751507315,0.00183457836245078,6.58489536480221e-15,0.321409670129775,1.03963626190565e-14,8.19919949416777e-15
"spot_416",3.66812367584371e-14,1.61323458470587e-14,3.69065274049079e-14,0.925090053592014,0.000496056233248449,0.0198137614542299,0.052185536890777,9.87796160148577e-16,0.00241459182963955
"spot_417",2.24456875449281e-14,0.000126771120989152,2.10599821197931e-14,0.989749006962958,7.75642919168702e-16,3.83478972924775e-10,0.0101242215325279,6.63533713380989e-16,6.66918611845495e-16
"spot_418",5.9000813633954e-15,1.2108681265657e-14,5.50012940302887e-15,0.911854403786891,3.54483286864312e-16,3.8442629914279e-16,0.0881455962130839,2.5426622830347e-16,1.22826517988445e-16
"spot_419",0.0296035679510369,1.03184372057488e-14,5.28271293013661e-14,0.785521873936966,2.12954068555605e-15,7.90308957800356e-16,0.184874558032446,7.94833826775864e-11,1.45446731833352e-15
"spot_420",1.07617782203232e-14,1.57377344816751e-14,9.4848007385152e-15,0.998228932628121,0.000272443958252409,0.0009029931300621,0.000595630283527881,2.86000966336348e-16,3.1626838257783e-16
"spot_421",3.03246604874598e-14,1.16868099501798e-14,3.30929411383389e-14,0.953180072940925,8.9843681109966e-16,0.000267494867425616,0.0465524321913569,2.13617596399145e-13,2.76506653455353e-15
"spot_422",1.70611896281119e-14,3.70870972252239e-14,9.23261024509722e-15,0.992295869061787,5.30444304271165e-16,4.52013537904835e-09,0.00770412641801249,2.55211974703591e-16,5.46165346552263e-16
"spot_423",0.277198391721154,3.69892197147907e-15,9.1811398102395e-16,0.551425186790929,1.58864000118009e-15,0.000458919906299787,0.170917501581609,4.81527577741094e-16,6.29386202311967e-16
"spot_424",0.766473062235059,3.83683286475269e-05,6.31426845462799e-16,7.33251884151663e-16,5.52892906876278e-16,0.196250413832689,4.37391077771783e-16,0.00101823663357574,0.0362199189700264
"spot_425",0.749463269587969,0.00310714033925243,0.00078808776043662,3.70373017983877e-15,0.00129321646587552,0.185383591030097,2.1135146771031e-15,0.05375487575953,0.00620981905683341
"spot_426",0.275668671753761,4.38568754343821e-15,3.16136926244807e-15,2.35797032714151e-15,1.93794969739947e-15,0.714465349654641,1.24426953515191e-15,0.00986597859158424,6.2231605683667e-16
"spot_427",0.715932281879397,1.16032317167993e-15,0.00112277022433681,1.46584943704988e-15,2.40597991119271e-15,0.273721281900097,9.5203087432602e-16,0.00153490211540572,0.00768876388075751
"spot_428",1.68462270179036e-14,2.18493908339926e-14,1.97885599905171e-14,1.69071804379274e-14,1.46695733512871e-14,0.999999999999908,7.35293933997581e-16,1.20962863121505e-15,3.33635461999272e-16
"spot_429",0.50057408827349,0.0416467668764253,2.507472727875e-15,0.0274688559884244,0.180837638709221,0.243085274407062,0.00485531419706649,0.00153206154830712,6.23306458996033e-16
"spot_430",9.74391307204842e-14,7.09207435805228e-14,2.40362496444863e-13,1.01897908566361e-13,8.84067185745463e-14,0.999999999999364,3.07536965695462e-15,2.35527516944945e-14,1.03621747069293e-14
"spot_431",2.51536982481224e-14,1.65829435170092e-14,1.43315915127397e-14,0.992073110666898,0.000566880034401752,8.46469193339265e-16,0.00736000929864252,5.60131503306378e-16,4.81178449758504e-16
"spot_432",1.8222451227014e-14,1.03194946828859e-10,1.2647689304138e-14,0.972483918686471,0.00344419800182093,3.51316219105331e-12,0.0240718832049683,3.79658973649032e-16,5.63375745188817e-16
"spot_433",1.24264613734811e-14,0.00929267938711092,1.08251472579357e-14,0.973966768791949,5.23169524241856e-16,3.3735591638078e-16,0.0167405518209158,3.35612638164947e-16,1.62063495643196e-16
"spot_434",1.05409226576836e-13,3.0362247061267e-14,1.06539026719318e-13,0.989769746552283,0.010228537431532,3.37585215879144e-15,1.71601592982273e-06,5.48212127652992e-15,4.07851445910616e-15
"spot_435",1.03480978630037e-14,9.27505162586593e-15,1.14525319724105e-14,1.39913723673664e-14,1.1669526351049e-14,0.0219514179472135,9.25695176196117e-15,4.89517525866404e-15,0.978048582052716
"spot_436",6.10231648682362e-15,1.08453802295784e-14,0.65911005673702,6.07201071529203e-16,1.46544620817463e-07,8.39646266869663e-16,2.37995756880602e-10,1.51391093906526e-15,0.340889796480343
"spot_437",4.03461820294286e-14,4.95392390616854e-14,0.500448290326801,1.99015200191625e-15,3.59353403967891e-15,2.70864564702639e-15,4.03248075854961e-15,0.0442019439278796,0.455349765745218
"spot_438",8.63442370315075e-15,4.07688641544329e-15,0.953084158406639,2.74232496476758e-16,1.81693028863754e-16,0.000742037685669318,2.75648676705557e-16,0.000138907019830784,0.0460348968878471
"spot_439",1.15610392119388e-14,9.33171461620096e-08,0.99959708335756,6.75167051861818e-16,1.31405189090621e-08,7.18363711022855e-16,1.04884044513785e-15,0.000402810184760465,2.21218463871645e-16
"spot_440",8.71474203663687e-15,4.48135192208404e-15,0.997871985243445,2.38831309689324e-16,2.6048982905221e-16,1.29463392710092e-16,2.23326325744538e-16,0.00198188342814293,0.000146131328397733
"spot_441",0.00756062661738009,0.0247029477062581,0.964312321539226,3.36909162612935e-16,2.81500414956594e-15,5.84002187229689e-05,3.31412054932075e-16,0.00336570391840941,3.21705477072078e-16
"spot_442",2.07616107918886e-14,1.05770229580681e-13,0.912595386874236,0.0808297493614685,2.32188041958544e-15,0.00178505520247763,6.33754634941508e-11,5.65756594595576e-06,0.00478415093236795
"spot_443",2.46126753581226e-14,7.12549895435082e-07,1.65805573394766e-14,0.737155414100439,1.1573759210662e-15,6.68454787471023e-16,0.262843873349622,4.72587554111796e-16,4.46490628554675e-16
"spot_444",2.2322755778132e-14,5.07668573638544e-08,8.40024511903905e-13,0.961589207982754,0.000210553870470513,3.76772457442457e-16,0.0382001873790547,3.70559081637163e-16,5.66652860908105e-16
"spot_445",3.12822275355236e-10,1.17308950792755e-14,9.07882437346647e-15,0.997033335204047,4.34163240778063e-16,3.4418361713109e-16,0.00288712343073022,7.9541052377994e-05,4.71803582667494e-16
"spot_446",5.23476264737925e-14,2.13471303554339e-14,3.76220188701304e-14,0.99356092945836,0.00171405177239474,8.57152372521326e-16,0.00472501876912996,1.79812672699092e-15,1.1074560914841e-15
"spot_447",3.25466027518877e-14,0.00227858746892067,5.69104940129846e-14,0.754744613829033,1.73311185187184e-15,2.46657928746713e-15,0.242976798701948,3.47891690062966e-15,1.04026534875439e-15
"spot_448",5.36029655955078e-15,3.12348277512296e-15,1.09677975137551e-14,0.995203823371632,1.6955017554469e-16,0.00446812770074055,8.41686576923415e-17,8.66478280173657e-06,0.000319384144805821
"spot_449",0.0215723856579064,1.05357810701266e-06,2.00026012649454e-15,0.978426550481897,2.15422943253302e-16,2.34807804821937e-16,1.02820865708639e-08,8.34771867365604e-17,6.38895091444094e-16
"spot_450",4.90796336044191e-12,1.70495619956739e-14,1.23301739930204e-13,0.971645606346087,0.00165266054693306,0.00314879498968435,0.0222793511347018,0.00127358697744437,1.01423692969484e-13
"spot_451",1.22159776264367e-13,0.000231310666271155,9.5313908301155e-14,0.843547024162354,4.30740075003699e-13,0.0157739041345162,0.140447759512717,1.52348992940182e-09,3.51915672972763e-15
"spot_452",6.70259033259544e-15,2.29355930312654e-14,8.74472673182315e-15,0.99999999999996,2.30091678123374e-16,3.07640949739828e-16,2.08662210156881e-16,2.63067213417405e-16,2.00557315546314e-16
"spot_453",1.55150476103129e-14,7.9038501077564e-15,8.15215828444576e-15,0.984602849684274,9.02577991535819e-16,3.06382758364848e-16,0.0153971503156927,1.94419344197592e-16,2.93625153436435e-16
"spot_454",0.898417383455832,1.32263813387246e-08,1.21677911495331e-12,0.010955783079726,1.55941677401223e-15,0.0532178670630907,1.0325476064475e-15,0.0374089531737501,8.2415044638325e-16
"spot_455",0.349998177580204,3.25670599077929e-15,1.17623926835486e-14,3.36413663284845e-15,0.137001186407625,0.512396902581595,1.51375600082955e-15,0.000603733430555813,4.0275422742228e-16
"spot_456",0.379350207257365,0.00049856294929653,2.00757132050274e-15,0.00129769220680679,0.046033143758824,0.561324321459356,2.15508175904753e-15,0.00114993072905615,0.0103461416392915
"spot_457",0.920270483407453,6.59269797234229e-16,2.12626203921378e-16,9.71987160785019e-16,0.0477289761615222,0.0320005404310167,9.74440967262211e-16,4.71462670221551e-15,2.25367715332824e-16
"spot_458",0.473545425298211,3.63209719370868e-15,1.07321065995926e-07,7.07513354217977e-15,0.0447820890340907,0.450379506421812,0.00265504939119138,0.00629616402221698,0.0223416585114008
"spot_459",0.999664146169063,2.41456873786421e-17,2.00927423742243e-17,6.92585418381566e-17,7.28642630745928e-17,0.000335853830936199,8.65355284573365e-17,2.13396205914918e-17,1.24527115675731e-16
"spot_460",0.374272885047854,1.21974254226962e-14,8.04014271689505e-15,7.66292067498688e-15,0.213833372160878,0.351650378086953,2.80216827648741e-15,0.0602433647042811,2.228102199008e-15
"spot_461",6.9214083133572e-14,4.68171191299539e-14,4.51849956355864e-14,0.887908719823037,1.22879010549692e-15,0.0859341539181908,0.0260980691205321,5.9057138075332e-05,2.42416804185443e-15
"spot_462",1.02562649216207e-13,1.54724714455522e-14,7.59274380146477e-14,0.897488147186105,0.00913906118932281,1.95747795941085e-15,0.00649467093594122,0.0471815700809137,0.0396965506075214
"spot_463",2.50066874308166e-08,1.91370158917463e-14,1.89495245000503e-14,0.993242438194183,1.36803429930095e-05,0.00558074077816607,2.18583082343373e-16,0.000598519434420332,0.000564596243511637
"spot_464",1.42626932114958e-14,0.0171554756054375,1.43387091355801e-14,0.981515735957016,0.000852566117222443,0.00031632257780899,2.13356511302213e-11,0.0001598997197789,1.37158845703658e-12
"spot_465",7.04380324149704e-14,0.0943310728488585,2.52031903188354e-14,0.791673208363259,1.15193205874713e-15,8.1772405295018e-16,0.0199118375847203,0.0940838812030636,8.39743252771413e-16
"spot_466",0.0168882502969772,0.000128129157653625,0.670137872268223,0.000692591636075307,1.15549698751777e-15,0.00514712755579196,1.99166963902772e-15,4.54820402660223e-16,0.307006029085275
"spot_467",9.5477999954363e-14,3.40684273548765e-13,2.16476455746596e-13,1.64371719116279e-13,1.11931028015363e-13,1.13990653753079e-13,1.56187229252684e-13,0.163756782385216,0.836243217613585
"spot_468",8.17465689439351e-15,4.33568875123094e-15,0.932866961200288,1.68734270454919e-16,2.23377231921055e-16,2.60370097593299e-16,1.98668098014276e-16,0.00419109276631319,0.0629419460333857
"spot_469",1.00912082473797e-14,2.74063365400576e-15,0.991006656441268,6.11493405863573e-05,1.67995241198628e-16,0.00181632754531955,1.08588027463532e-16,0.00711586667281322,1.37556525024855e-16
"spot_470",6.31900885805995e-15,3.58987091393347e-15,0.996246990391885,1.5045761969505e-16,9.53855260395732e-17,1.24047976915653e-16,1.19896698230672e-16,0.00354202872943778,0.000210980878666778
"spot_471",1.50703732922767e-14,0.112208750170052,0.881591070782699,5.11679238023804e-05,1.19144248365528e-15,7.763385899772e-14,1.47564211279689e-15,0.00614901112335098,4.19760560322084e-16
"spot_472",9.8653311512281e-15,4.63165242506262e-15,0.992292438716837,2.44351468395303e-16,2.17693223939666e-16,0.000735967770276425,2.30508292182486e-16,0.000568243085507614,0.00640335042736321
"spot_473",7.09726338962139e-15,4.26642821954449e-15,0.999115533321291,2.1022032588894e-16,1.14803748830298e-16,1.18191503269369e-16,1.59495178239088e-16,0.00046808872747797,0.000416377951218746
"spot_474",4.88666054767261e-14,7.15774795040978e-14,0.271262210908791,0.618760452584765,1.96363981589896e-15,0.0441983670237256,0.0409577879880173,0.00813653919514364,0.016684642299435
"spot_475",1.90298479218561e-11,1.50140405756745e-14,1.56085231396289e-14,0.861838649626092,8.38947653417244e-14,4.05316030971718e-16,0.137839051712491,0.000322298642271719,5.60682144772991e-16
"spot_476",7.05024212700932e-14,7.75432518678026e-10,1.17728770251675e-13,0.992894437509063,0.00651951729714123,0.000120668333288477,0.000465376084878894,6.03427012738348e-15,1.99381107355395e-15
"spot_477",0.000105355351475908,2.49077912128512e-14,6.72744194975342e-14,0.976734974717119,0.000728390907343815,4.75278038546415e-05,0.0223386160368356,4.5135183276266e-05,2.22861076007938e-15
"spot_478",1.76569908093295e-14,0.0537998477635648,1.26424832393644e-14,0.946144974050783,6.15665046518316e-16,3.60768742466862e-14,5.51781855837259e-05,5.13539803884315e-16,4.94826475107446e-16
"spot_479",8.97650347307805e-15,3.03068700016107e-08,1.20459121982794e-14,0.999267254656115,4.61136061224612e-06,4.03689998392667e-16,0.000728103676380337,4.72072294651577e-16,1.4588786394001e-16
"spot_480",5.81976405892846e-15,9.39313560104559e-15,0.0003966192570218,0.999389665815759,3.70703713633922e-16,0.000208748530971027,2.58404927264865e-16,4.96639623210437e-06,1.5073269585347e-16
"spot_481",8.35942457590299e-15,0.0137667295171989,1.19298496326077e-14,0.984502794782506,1.57095728728122e-05,0.00171443145459336,3.34672807406263e-07,6.91648605236988e-16,3.21357327176914e-16
"spot_482",5.59527255961133e-15,2.47176505917778e-14,1.59269263268396e-14,0.999999999999952,2.33065652625967e-16,4.19779861320844e-16,1.10420660928501e-16,7.08511799928569e-16,4.59155096371029e-16
"spot_483",7.66947835245313e-14,6.00971504704424e-14,2.63194188605454e-13,0.966242289652559,1.25766051685222e-15,2.36433313972971e-15,0.00301602460907291,0.0256838228409921,0.00505786289697261
"spot_484",0.443017833648422,1.49407075948307e-14,3.24017635589363e-08,0.427405242507608,2.35856142961899e-15,2.53992312372612e-15,1.84518826247455e-15,0.129576891442183,1.82264858548393e-15
"spot_485",0.986669496430524,5.3466596107658e-17,2.01372664826063e-16,1.62268905778397e-16,0.00606124771907111,6.17462252808655e-17,1.4929171437524e-16,0.00192691250233683,0.00534234334806752
"spot_486",0.983028781506041,6.702651435493e-16,2.48311894411926e-16,1.57356306809104e-16,4.48797497233169e-05,8.69082282453821e-05,0.000437900701102416,0.0163808802494526,2.06495654346782e-05
"spot_487",0.345887662294487,0.000849660790402531,0.00161996099701891,0.00113690347995951,0.128460268993547,0.520917737750098,2.84846991833163e-15,1.28150721654327e-08,0.00112779287941222
"spot_488",0.669443388353158,1.81731163424575e-15,1.44159048414894e-14,9.23292567414276e-16,1.1927429393227e-15,0.326403381714008,9.01870744324255e-16,0.00415322993281501,3.10866933564582e-16
"spot_489",0.428321988967357,2.7664235421672e-15,1.25180568165169e-12,2.65637802934358e-15,0.000285706061193184,0.571392304846504,1.0740353811245e-15,1.23686530121855e-10,1.07995189205974e-15
"spot_490",0.217202086998128,1.4522825690026e-09,0.0450381967690082,1.55081935314601e-14,0.00340189589210774,0.632309133011773,2.31115172645084e-15,0.0848563449518205,0.0171923409248619
"spot_491",1.6490118902173e-14,0.00240245036231106,6.83880101734725e-15,1.15285752957545e-14,1.12252526196642e-10,0.99690146810369,9.37653755110207e-16,2.95130980508054e-16,0.000696081421710079
"spot_492",0.529545651593422,3.98398660359743e-15,4.21525316888176e-15,2.03786576000941e-15,1.19479085429249e-15,0.452004603362512,8.5275975170323e-16,0.018449745044053,1.11986016600691e-15
"spot_493",0.00900696830254439,1.70450080376528e-14,5.91134745826606e-14,0.983433496533971,0.00564031989794861,0.00191724344658046,7.21005091705937e-16,1.97181887195653e-06,6.55304761130882e-15
"spot_494",1.83945736978311e-14,0.0589395440980257,1.18152987808148e-14,0.938316359748698,5.24928087442285e-16,0.0011536868999136,0.00159040925333061,6.45988757700718e-16,4.42687569275556e-16
"spot_495",7.46826349641564e-14,0.000134857591909841,0.00358959962253706,0.890960958764016,1.16713876830925e-15,0.00259257659843397,6.14308900997e-16,0.102722007423023,3.86494645059934e-15
"spot_496",5.38852888945706e-15,0.000430137423946193,3.35551727894853e-15,0.999426405461904,0.000130122159667299,1.3334954473636e-05,1.41459988347597e-16,8.63131190819688e-17,9.41698875138727e-17
"spot_497",2.07725599646731e-14,3.36215656842287e-05,0.513432354038543,0.0018208910245413,3.65361482569744e-15,0.255443113384295,0.0018112947674934,8.88734547975693e-16,0.227458725219417
"spot_498",1.92230735874496e-14,0.0981033347394343,0.520129800951179,2.31795437389979e-15,1.80044436405513e-15,0.0221809119219925,2.25195545075272e-15,0.00379975512987698,0.355786197257492
"spot_499",1.11200573398542e-14,4.30293826869459e-15,0.997926324518109,1.41886977517108e-16,1.86172409943369e-16,1.05158584701543e-16,1.31134711910657e-16,0.00198541224163626,8.82632402384507e-05
"spot_500",7.14232521495477e-15,2.96795833327972e-15,0.998389178294659,1.19135228919691e-16,1.16645005608418e-16,8.58338932433119e-17,1.07084439650361e-16,0.00159024359888768,2.0578106443226e-05
"spot_501",0.0178544371830152,1.44340579923173e-07,0.973431547311632,0.0033468933637335,3.93727438988614e-16,2.72430997508403e-16,0.00523709144014675,0.000129886360891996,2.13487400001121e-16
"spot_502",0.00879440237107773,0.0114310771840643,0.965668620975511,7.04045124614107e-16,7.64305079234643e-16,7.27676139444678e-05,5.36358014105611e-16,0.013913987355033,0.000119144500367119
"spot_503",1.63546921617454e-14,0.163906655053597,0.630387349412674,0.000340537557782584,8.72640693102215e-16,0.00150838109923293,9.66283742917061e-16,8.90875699733654e-05,0.203767989306721
"spot_504",0.134402901404536,2.75195766360757e-15,0.823829278846687,4.90673740675861e-16,1.00743032566131e-15,0.00506317721967175,6.67508748458814e-16,0.00262355474327471,0.0340810877858255
"spot_505",1.31254830733502e-14,1.00042484400591e-14,0.999894878430968,2.82982988159678e-16,3.10712509051517e-16,3.01768043529792e-16,4.28153648337236e-16,9.92874787712171e-05,5.83409023675254e-06
"spot_506",1.4618305452553e-14,0.00196886310980297,0.243601457537342,0.506743656496298,0.00938589314155783,6.80942354442179e-16,0.23819089474183,0.000109234973153556,2.27056848649018e-16
"spot_507",2.28597154040952e-15,1.14161819452024e-08,3.52231640017597e-15,0.999999979449342,1.44492681212522e-16,9.04240617574097e-09,9.20638391241919e-11,1.03433962117543e-16,5.11027800152315e-17
"spot_508",5.6219118020739e-15,0.130276789187513,2.29244309573819e-15,0.868486496829826,4.16578126742709e-16,1.79344256442021e-16,0.00123671398265264,1.3927706419272e-16,1.26653698934497e-16
"spot_509",2.90487790450182e-14,2.24869944218648e-07,4.53897135371377e-14,0.995400654658621,7.02742387079772e-05,1.7323349296262e-14,0.00452878054652558,6.56861077037556e-08,1.25491646816103e-15
"spot_510",3.73032926997801e-14,1.73125671277405e-14,0.00765616235677161,0.824430975903933,1.18015499438024e-15,1.09472027242985e-15,0.1679128557001,6.03913708745717e-09,1.65825259124072e-15
"spot_511",1.14256689818746e-14,0.00056719574572403,1.11441828693481e-14,0.99941798661129,4.11059601227278e-16,1.48035436113566e-05,1.93486904982303e-16,1.40993516419079e-08,2.13707256244517e-16
"spot_512",1.30437362630543e-14,0.17841529235878,6.62376051482349e-15,0.820203495617773,0.000108290394496936,0.00127292162892913,2.98639594227968e-16,5.30534212799199e-16,3.40299660131608e-16
"spot_513",1.03000667658713e-14,2.68073768992845e-14,6.77839104607097e-15,0.980170846930753,5.49724668552879e-16,2.89508186020572e-16,0.0198291530692016,1.47711236911728e-16,1.50221898628424e-16
"spot_514",0.966015454122056,1.24699404029729e-05,5.92420943845641e-16,2.30473973200632e-16,5.5858815735453e-16,1.3320013158254e-16,2.03019110349805e-16,0.0339720759375391,6.48636214421112e-17
"spot_515",0.874080996888745,0.0879245251814743,3.14273658664618e-11,1.40333193170112e-15,9.67088103756285e-16,0.000936398122670563,1.04361452035893e-15,0.0357974572367355,0.00126062253894389
"spot_516",0.687535612572559,0.283665406712204,1.78513359188591e-13,3.77103886496222e-12,9.3978530301565e-16,0.000474242206999988,7.31816075880513e-14,0.0283247385042132,4.29940401252949e-16
"spot_517",1,3.62849681508184e-18,5.79054099823977e-18,5.57441395005012e-18,3.90408559550821e-17,5.62295114038301e-18,1.44103082410768e-17,1.38020436405032e-17,9.66461164744046e-18
"spot_518",0.542628663733343,4.39798129397798e-15,0.00810305299894386,4.03798467475358e-15,5.31171856265739e-05,0.432194537719958,1.61159892162152e-15,0.017020628362118,9.52887041835659e-16
"spot_519",5.3687237484991e-14,6.50862629366902e-14,1.38649080967629e-13,4.70660530500028e-14,0.395627444047756,0.604372555951925,1.46832824269604e-15,9.05692669745941e-15,4.23132208652109e-15
"spot_520",0.516017876085555,1.90540356596466e-05,3.55355898963918e-15,2.00804029316202e-15,1.7082953316853e-15,0.429148707780548,1.05009612259188e-15,0.0513658537391527,0.00344850835907634
"spot_521",0.351001630599477,2.40684400455596e-15,1.75835052373513e-15,3.37211700595231e-15,0.113680366973588,0.52897219271882,2.6885086996785e-15,0.0026181894227383,0.00372762028536658
"spot_522",0.318994491344541,0.000784728930203077,7.54991297352025e-13,2.42356421794666e-12,1.92561401498889e-15,0.676923690579369,7.45692299272001e-16,3.76629051538168e-10,0.00329708876607622
"spot_523",0.40079947425854,1.33137256125922e-15,1.62185564656609e-15,3.81423558335159e-07,1.76049066328985e-15,0.584918336481399,1.05820723086683e-15,2.39166777411493e-13,0.0142818078362575
"spot_524",8.9806127218514e-07,0.276977941231287,6.30791986106661e-15,0.424228186274564,0.0074833815688527,0.179687849401134,0.111620163284677,1.58017820549246e-06,9.1787051730533e-16
"spot_525",9.71208333120417e-15,5.22587359216634e-12,6.7044452660376e-15,0.986496437855239,4.73993293674488e-16,1.8771620534954e-16,0.0133893650309829,0.000114197108534922,1.15188668414776e-16
"spot_526",3.53718696017452e-05,1.98239585475664e-14,0.000270531054891057,0.999177593113676,9.71949023633487e-16,4.70258908746477e-05,0.000151279845359899,0.000318198225574446,1.04248831240002e-15
"spot_527",3.12143698917035e-15,0.0964967424803427,8.90248541539505e-16,0.897211827062921,2.74810085033658e-16,5.64144597718176e-05,0.00621901190000821,1.60040969519754e-05,4.13760421868375e-17
"spot_528",1.65252429572189e-14,8.37918012514334e-15,0.800354427924549,3.74432458554175e-16,4.19621356610627e-16,2.36185714303544e-16,2.71259842477986e-16,0.013731608401141,0.185913963674284
"spot_529",0.0181038089034819,2.79330210204813e-14,0.864907361267034,1.03167763175064e-15,0.00181152434428649,0.00616752085974369,1.22031290791195e-15,0.00970449522360519,0.0993052894018187
"spot_530",8.17267081475635e-15,0.000522005697945385,0.999475330079431,4.33708618440253e-16,1.21221356298351e-06,1.71660701345935e-16,4.01320419019438e-16,1.45200905123242e-06,1.24894965196808e-16
"spot_531",0.0815430281326592,1.01593910357264e-14,0.911954290758636,7.09659614766405e-16,8.46802399196686e-16,6.66827856767348e-16,0.000290809453074538,0.00621187165561699,5.09525035180049e-16
"spot_532",0.0249332728128372,2.10089437933161e-15,0.958211519378579,1.23125545747839e-16,1.31107120281012e-16,0.00665688850633924,1.10131972956407e-16,0.010198319302241,8.11319973881768e-16
"spot_533",0.0510769660656485,0.0383674770075194,0.854037521708087,0.0144984432268737,1.38552360600153e-15,0.0374525089273873,4.94595593145422e-15,6.88332282734159e-16,0.0045670830644769
"spot_534",8.83671648992857e-15,4.33106845654131e-15,0.993245621523391,2.08270128366965e-16,2.52593824268922e-16,1.37891429253951e-16,2.1657620484899e-16,0.00675437847659456,3.48652273492718e-16
"spot_535",0.0140918668061042,0.00577144564005037,0.980134325804825,3.58309997031117e-16,2.17764088279242e-16,2.01464604265061e-10,3.3329661231694e-16,2.36154755427536e-06,4.08756854343941e-16
"spot_536",4.30749224064309e-15,8.36519284679279e-15,0.996147213943195,1.5790538415645e-16,8.73551458553694e-14,1.15289773447862e-16,1.61336554202069e-16,0.00385278605670391,2.19658920378993e-16
"spot_537",0.0200692462071769,0.00210627382699874,0.962066994604417,7.71697498380234e-16,0.00553385438449478,0.00080079277936481,8.63112047732213e-16,0.00573716007923281,0.00368567811831321
"spot_538",7.99770792879806e-11,1.91601483338125e-14,0.966705524310328,1.34095863770901e-15,1.20448894212282e-15,0.0221377648513005,1.19004860955422e-15,0.0111567107583709,8.04169154090021e-16
"spot_539",1.13183544923629e-14,9.91967680348221e-14,0.436783342856383,0.533594304189168,2.06156717271113e-05,1.31571628533821e-15,0.0295920619491254,9.67533348384881e-06,3.5982575459489e-16
"spot_540",2.84693023499972e-14,8.67234263437139e-15,2.30017829803306e-14,0.994942792599773,0.000508815263489442,8.11524758993969e-16,0.00454839213667531,5.50714562778816e-16,8.4241831943049e-16
"spot_541",2.7053275541152e-14,0.294932441694662,3.6968440968256e-15,0.525751461124612,0.00301784593138628,0.0019874399555027,0.174111740284045,0.000199071009760717,5.91955628213957e-16
"spot_542",0.429306142548057,6.26446797242813e-15,1.34400112069223e-15,0.560424616181906,8.15296745266594e-16,5.64005852992929e-16,0.0102691496168549,9.16531732641293e-08,4.38288043355267e-16
"spot_543",0.660875823249762,0.0137509594723205,4.78171954481521e-16,0.316194521491389,7.4415623106895e-16,0.00405402842722769,0.0051246673592694,2.90424821215409e-14,5.10363005466503e-16
"spot_544",0.879836309410284,0.119920098537474,0.000114253587771398,2.06850984739305e-15,0.000129313739279714,6.41395818070168e-16,1.70791941941256e-15,2.47251865592567e-08,2.2021000735788e-16
"spot_545",0.428331853802201,0.538662454151504,0.000131272939148326,1.3761644678082e-15,0.000335283545912611,0.00124535794551608,0.00243544960893144,0.0288583280067842,6.82638719264797e-16
"spot_546",0.645479643832122,0.277345383541749,0.00516110305483827,1.99586166927132e-15,1.13117023098436e-05,0.00784135761617234,1.44350944013801e-15,0.0605088535577611,0.00365234669504399
"spot_547",0.802830078406536,0.185625496841681,0.00035087821427019,2.69617919341917e-09,2.05307245968748e-14,7.29146224978022e-07,9.31374687607466e-08,0.011192721557619,2.63875679661653e-16
"spot_548",0.99828289829665,3.13172170882858e-17,7.84347705033296e-17,3.52684618282225e-17,2.04245897503248e-16,2.33804745681951e-17,2.95907973334725e-17,0.00171710170334916,2.50687154730326e-17
"spot_549",0.788347847681661,1.37318180457155e-16,1.02183153830478e-16,4.27860934721762e-16,4.09560039954417e-16,0.163897933709975,5.25164029894191e-16,7.01190455250663e-17,0.0477542186083617
"spot_550",8.29238784113748e-15,1.69126499133741e-14,9.27604162591392e-15,1.09546638233547e-14,1.01824034167988e-14,0.999999999999943,4.36713045939688e-16,4.94710071479385e-16,1.73353093027228e-16
"spot_551",0.54793957993188,0.000936291536670073,1.36700970590018e-15,2.75597949568127e-15,0.00166053039297565,0.447687056641685,2.09020148659785e-15,2.37539301368492e-15,0.00177654149678056
"spot_552",0.5844955965176,1.55880379113405e-15,5.35122051051865e-16,1.5086826990125e-15,1.85978076711588e-15,0.403751128089268,1.424078769446e-15,2.34845911264975e-09,0.0117532730446661
"spot_553",0.608556519692448,4.02391827538747e-15,0.000578634804005045,4.00833129138244e-15,0.147889856042646,0.216525915966972,0.000519586311754712,0.0224746790801249,0.0034548081020424
"spot_554",0.408036442797971,9.01002042959182e-15,2.08197594880268e-11,5.40558091711237e-15,0.00258045862487181,0.516205520896647,2.12319225714537e-15,0.0731766178691662,9.59790506963968e-07
"spot_555",1.07791637139174e-13,0.053812721522176,9.33576696206282e-14,0.477111435516666,0.137485136195593,0.320067869458514,1.09271893268341e-15,0.00562208750226633,0.00590074980458286
"spot_556",3.06401292551278e-16,2.27209778074415e-14,3.26729008553971e-16,0.999999999999976,6.04568319413919e-17,3.13223163435479e-17,3.65590573168041e-17,8.58909054213109e-18,3.10957272801322e-18
"spot_557",1.85863171999857e-14,1.13665643425192e-07,2.60549720184381e-14,0.9999998863334,7.34566079927574e-16,1.07749021397217e-15,1.43611113773157e-16,9.09868057067476e-13,1.60091648659525e-16
"spot_558",2.48829450261044e-14,7.10240255994776e-15,1.89958309630862e-14,0.999999999999946,4.13121034806568e-16,5.74149957772796e-16,2.81946516488172e-16,6.078799020713e-16,7.78453433167554e-16
"spot_559",3.0471306964472e-14,5.70752410470003e-14,0.370491553479616,3.20052645189702e-15,2.98154931839755e-15,0.274277319000797,2.34126638361329e-15,1.18286532358322e-15,0.35523112751949
"spot_560",1.40878939403765e-14,2.06584705628307e-15,0.317431441621353,6.19687252259243e-16,0.000550207377263792,0.000628008629432537,0.00258838904358382,0.00112604747780829,0.677675905850542
"spot_561",0.0149691182333456,6.70838476239074e-15,0.979564661021335,3.39212300712111e-16,2.34969048497117e-16,0.000644181289601236,3.70431476366403e-16,0.00150870116715889,0.00331333828855143
"spot_562",0.0121362250166654,0.0759085501910703,0.911556825026441,6.65010468803766e-16,4.98491452614526e-16,0.000222853374681219,4.9430555306837e-16,0.000175546391139902,1.33802365323578e-16
"spot_563",1.55311678342651e-15,1.01861983970477e-15,0.999999999999997,4.57175003230978e-17,2.59929252817457e-17,3.85565633619488e-17,3.32071155129311e-17,2.57099419453344e-16,2.72715133467758e-17
"spot_564",6.76980017575769e-15,8.95514534067263e-14,0.999999999999899,5.23422461225747e-16,6.32708418724252e-16,1.01169110446726e-15,7.92730652258365e-16,9.35171450554842e-16,3.26091736147434e-16
"spot_565",4.06095921513157e-15,0.001106965611062,0.984285412929071,1.97971996441296e-16,9.78189873731543e-17,1.70301362892758e-16,2.11126500839421e-07,6.37814767917714e-10,0.0146074096955464
"spot_566",1.73881092058282e-14,5.5456953075758e-15,0.977635710260071,3.7010784211182e-16,2.7281623604011e-16,0.0032437199340151,2.32901955873176e-16,0.0191205695380935,2.67796910178149e-10
"spot_567",0.100009300287613,4.77138917689289e-15,0.897355416927152,6.36603827102649e-16,3.2870943552026e-16,4.34919128929997e-16,0.000165465349274021,0.00206504671793838,0.000404770718016412
"spot_568",3.13022816663839e-14,3.3586324326831e-14,0.779719294940777,9.64142130424723e-16,9.88692624754014e-16,0.0740380160795183,7.22204638050111e-16,0.0294243835462276,0.11681830543341
"spot_569",2.84095435778906e-14,1.00280211080744e-14,0.975769296086553,5.56747301806393e-16,5.43108826556977e-16,0.01502568625022,5.65303908128187e-16,0.00740378503421448,0.00180123262897206
"spot_570",0.0270818074358503,3.06337467029367e-14,0.898437248674626,0.000300705200786054,9.32345438388567e-16,0.0567859791476964,1.34132793508025e-15,0.0132064186792677,0.00418784086174083
"spot_571",5.57843025663214e-15,1.0893732872208e-14,0.997851629038475,2.7456209104571e-16,2.1446739134449e-16,3.07416140439564e-16,2.68230116853636e-16,0.00210578912899411,4.25818325135222e-05
"spot_572",0.963157220983739,6.53489877600565e-18,0.000108665000435755,1.69935709573978e-17,2.00060282525618e-16,0.00019496653931107,5.85948275347984e-17,7.70985926795429e-17,0.0365391474765136
"spot_573",0.686852842320652,0.29879897591848,1.3805638142003e-12,9.10268187506147e-05,0.000859240474451845,0.00667484501256588,1.41936775287816e-15,0.00636187762381807,0.000361191829900157
"spot_574",0.828058538978216,0.100609040813037,7.93538734237829e-16,2.11793217464774e-15,1.03464766192393e-15,0.0713324202087387,1.98508318322531e-15,1.52013843232364e-15,7.79467878921173e-16
"spot_575",0.288913108491821,0.596350876509134,1.13133137989106e-05,0.000294733705025571,1.02530930905994e-15,0.113824762455143,2.61902103510133e-15,0.000605205525072641,7.40059673524758e-16
"spot_576",0.799809207547361,0.198853557892553,2.11055834062305e-16,1.85504715056305e-06,0.00112729009405286,0.000208089418606158,9.07203027911035e-16,2.75087357450035e-13,7.56742629665278e-17
"spot_577",0.45265129879389,0.508929548569832,8.16563680119747e-10,1.47018040215441e-15,8.00959500838226e-16,0.000524840096103159,5.45088043660747e-16,0.0378943117236082,5.62841037900055e-16
"spot_578",0.835625641736564,0.16405265231345,2.95078564922031e-05,1.47620807636959e-05,7.844845002823e-16,1.50378347469979e-14,8.7174015864599e-16,0.000277436012713052,3.23166438781012e-16
"spot_579",0.498144156975932,0.501834687529113,8.69660759329532e-17,1.23792933696141e-15,3.90909540011523e-16,8.73014602517995e-17,3.69476933670536e-16,2.11554949529374e-05,6.09314443903581e-17
"spot_580",0.826623675497359,0.172796735310255,8.18802035349154e-05,0.000497708988848588,6.30291926074369e-16,4.68499997056812e-16,1.72929726101501e-15,8.00635057828873e-17,1.97219658938085e-16
"spot_581",0.611137150075399,0.103264746134504,0.00281143698166857,1.80004543556502e-08,1.24294620498695e-06,0.226463651680343,1.21878188765559e-15,0.0563217541814236,1.44165228748501e-15
"spot_582",3.08959112382351e-14,2.010555704031e-14,2.56784635287128e-14,2.62363353404773e-14,2.81393125168087e-14,0.98325162428353,1.38813387315001e-15,1.64491879422118e-15,0.0167483757163358
"spot_583",0.609346504789968,5.93368056924297e-15,0.0309251003953605,6.09559851968482e-15,1.59982460064541e-15,0.35629101132886,2.72258745709086e-15,0.00343738348579266,2.15446213233346e-15
"spot_584",0.559950263320425,1.74705251908204e-15,0.000467364915963659,2.15803580397044e-15,9.42813895730992e-16,0.439508659704628,9.45260110953217e-16,7.37120589761075e-05,1.46345721868859e-15
"spot_585",0.765226338341565,1.08520588174915e-15,0.0024971445065357,1.52058986646327e-15,4.6889197698577e-05,0.227649642824494,3.7854995450485e-05,0.00332677797337055,0.00121535216088345
"spot_586",5.51631335122268e-14,6.67268860205729e-11,1.63376073921781e-13,0.584078967255555,2.24567465796948e-15,0.415921032677481,7.40413193378493e-16,1.19672544765513e-14,3.92728064107687e-15
"spot_587",7.78955238563650e-09,0.00243376252126427,1.66494663336203e-14,0.991258591590067,4.3057842316966e-08,0.000529075088014134,0.00575781249891877,2.07074543236133e-05,4.79065122721041e-16
"spot_588",6.33043526112769e-14,1.08833611875462e-12,0.0351415284441093,0.919244071264238,1.34208093044895e-15,1.19220236087142e-15,0.045614400290496,1.27087047137522e-15,9.92326748138076e-16
"spot_589",7.17895090995412e-15,1.24186513408291e-14,5.38349275419712e-15,0.997739126803214,5.2246563619883e-16,2.14407892151166e-16,0.00226087319675974,1.19981376877649e-16,1.21709441218597e-16
"spot_590",1.87947393830232e-14,2.65345216056658e-14,0.261485284648271,3.32073019849498e-15,2.81917320180809e-15,0.00283159914641336,2.83613817027011e-15,2.76233991252703e-15,0.735683116205258
"spot_591",0.0234346490326191,1.92651697465529e-06,0.714611465397199,9.87638032737885e-06,5.17903763405051e-16,0.00121289961516989,5.27522091451352e-16,0.0110268066380402,0.249702376419668
"spot_592",0.0871399746493362,1.74675080526409e-15,0.903248942893198,2.32346347043385e-16,2.56696800509645e-16,0.000417266933102918,1.58539333305142e-16,0.00820061845013531,0.000993197074224904
"spot_593",0.0188847979696929,7.41962874326319e-15,0.981113850888671,2.42782189699321e-16,4.60482124076447e-16,2.63569108889288e-16,3.17029933930482e-16,1.35114162696803e-06,1.9405975708122e-16
"spot_594",1.3033414599464e-14,0.0267059308287497,0.968057601658305,0.000149757048965939,0.000593260163335509,0.000288312968859102,7.90129256859111e-16,0.00420513733177044,2.14406826105088e-16
"spot_595",0.124521975399807,5.5628303629578e-15,0.86439702528921,6.65443457718698e-16,3.46985917517058e-15,4.02286863398502e-16,4.82283953241685e-16,0.0110809993109718,4.05250663600999e-16
"spot_596",0.0727733077256339,4.43360513280569e-15,0.921758663783473,3.84800066522455e-16,3.02170552804014e-16,0.000863909084098143,3.50215557436505e-16,0.00294974836641765,0.00165437104037202
"spot_597",6.89324295822905e-10,1.38137933894887e-14,0.957449936111611,1.09694390072659e-15,0.0237552421481984,0.000355604565965191,9.43760039933972e-16,0.0175315808804351,0.000907635604449833
"spot_598",0.0874356413170855,2.48284088916611e-15,0.902708929045044,1.70782074055866e-16,3.3310911367646e-16,0.000190219853703631,2.09173587029157e-16,0.00966520978416303,4.81895629916917e-16
"spot_599",1.43894118312872e-15,2.96942375920944e-15,0.999999202727733,7.94162765793268e-17,3.00113217477648e-17,7.25355231400074e-17,5.74917863115304e-17,7.97272262268179e-07,6.62926817452391e-17
"spot_600",0.000286748934195553,3.48696276788912e-15,0.990204383495424,1.31653856717314e-16,1.92419871334919e-16,0.000139501742868184,1.66130151855964e-16,0.00936128848005949,8.07734744858031e-06
"spot_601",0.0255294707588756,7.17964333583333e-15,0.97057715977937,4.97972077116913e-16,5.08282651346885e-16,2.25731979164026e-16,0.00014147191568463,1.58607164738526e-11,0.00375189753020122
"spot_602",1.26225980785602e-14,1.91311927038104e-14,0.985918134748011,5.27212219982451e-16,3.17292726622766e-16,0.00365020270377028,5.87555012111928e-16,0.00870399067985407,0.00172767186833097
"spot_603",0.998706241313783,2.06250339683826e-16,0.000969813226017117,4.35154601461587e-16,9.16061221057903e-06,0.000314758628212914,5.79533571277181e-16,2.62197744862842e-08,5.54469280923315e-16
"spot_604",0.655928110516699,0.231891581396994,8.96127757528033e-08,0.0121303829033758,0.0269174085657353,1.06451636057583e-15,0.00088096031226056,0.0722514666921578,7.2227783312886e-16
"spot_605",0.999924706281471,2.43638014858332e-18,7.30217014684048e-18,3.85856466552504e-18,2.98504447677887e-17,4.99964095314869e-18,1.24101818250283e-17,6.17967759233453e-10,7.52931005611683e-05
"spot_606",0.952858906562465,0.0057890968277584,0.00069948705798516,2.28117138704307e-06,0.0135748161241635,6.11741523311645e-16,1.11623018368755e-15,0.0270754122562387,3.05135349164986e-16
"spot_607",0.941727280149654,0.0582042270927782,9.46322612769794e-10,5.16480796298192e-06,4.16880033784079e-16,1.50109788824552e-05,4.83160243986399e-05,6.10013243189973e-17,1.94573741642445e-16
"spot_608",0.97526681517154,1.52294988752588e-16,7.93349549237497e-15,1.72462310135347e-06,5.00668209407723e-15,8.89960037346458e-17,1.23669825076391e-16,0.0247314602053449,1.31855553942535e-16
"spot_609",0.970563151914032,0.000921313183015145,7.58794197707294e-14,0.00467534497775509,0.000551764109964453,7.65359902349546e-17,3.53252741356153e-16,0.0232297911996453,5.86346155112405e-05
"spot_610",0.99473147135778,0.00152688663455104,6.43557160708625e-17,1.30238510458246e-05,1.63696688004985e-16,0.00372717706604627,2.57478260302787e-16,1.44109057594708e-06,3.18338678926854e-16
"spot_611",0.607474840807424,0.351907650215851,3.4641024554929e-11,0.00103527388903914,0.000222926350215672,2.36836192765388e-11,8.05616328461821e-16,0.0228886382423585,0.0164706704367861
"spot_612",0.501402944667981,0.222613698110403,1.24581112640248e-12,4.7100703297566e-15,0.0467751711227947,0.00043412939781427,2.799985803928e-15,0.223746859243713,0.0050271974560406
"spot_613",0.397096738299383,5.78107584101863e-15,0.00023331341238347,4.97013710310945e-15,3.5896375230726e-15,0.13446841085871,0.00121787325200079,0.466983664177508,9.16297358771009e-16
"spot_614",1.31442202939038e-06,2.29920307925097e-14,0.111097116894512,1.51063314377042e-14,1.09765120221171e-14,0.22602484781707,0.00198619176595367,0.627283194612615,0.0336073344877708
"spot_615",0.306263073402456,0.00348140436006877,0.000551925046150314,7.54343986555772e-15,2.29079246796226e-09,0.356471806093179,4.70999096174385e-15,0.333231771812599,1.6994742262491e-08
"spot_616",0.525827962412392,3.24981217416842e-15,6.31665154611480e-11,0.00184226622026745,0.219222545638156,0.250652194257943,0.0024550314080701,4.85642379325761e-16,1.21064390488983e-15
"spot_617",0.642071303662111,2.29287905928517e-15,2.21269778152889e-13,3.53466720704018e-15,0.0767370208159211,0.272838088955399,0.000948284707074702,0.00191079088769885,0.00549451097156754
"spot_618",9.82951044228034e-15,1.13447634405098e-14,6.24927563290649e-15,0.995592697003975,0.000152599464347457,1.42012884334521e-05,0.00424050224321642,1.44005425597021e-16,3.43540940207959e-16
"spot_619",3.2654533037995e-14,1.36895056472301e-14,3.64210992686504e-14,0.978085041423862,0.000430280096564017,8.74605760134918e-16,0.021484678479487,1.53815587060194e-15,2.02852633464648e-15
"spot_620",0.0021761016374605,1.20521047392053e-11,2.28342972957058e-14,0.96820118104323,8.83624764505162e-16,7.04294722456151e-16,0.029622717307232,5.60632912742291e-16,5.93514131400613e-16
"spot_621",3.54406541525982e-14,5.11561856782135e-14,0.582573378774988,0.000289913708372043,0.0273402616962771,0.269990671079849,2.37259680559925e-15,0.000273808977777764,0.119531965762647
"spot_622",0.0991760034223297,6.94935877093068e-14,0.105751928019015,0.0628313736474852,0.0930517786864885,0.0831194712142775,7.16316136121623e-15,2.29851620596957e-05,0.556046459848268
"spot_623",0.0191410586781826,7.51308454153443e-15,0.978962199527041,5.67403435737817e-05,2.70746707402492e-16,7.03670129141212e-05,3.69825177473956e-16,0.00173995973373852,2.96747045413453e-05
"spot_624",1.34321779326499e-14,3.94153086287199e-14,0.846208020745674,2.56436134179438e-15,2.25528808359662e-08,0.131730550415251,3.93908848818432e-15,4.90745677445871e-16,0.0220614062861346
"spot_625",4.86911674099282e-15,9.8673231789336e-16,0.994562476298854,5.65124016268317e-17,9.27506324605855e-17,2.93841941001185e-17,5.15133220987046e-17,0.00543752370114009,1.58005323560682e-16
"spot_626",8.90819367435676e-15,6.41258362394706e-15,0.99737823945142,1.98893622268198e-16,2.52764512957555e-16,0.000272537165058947,1.96738622793661e-16,0.0023492233835045,1.87970432087363e-16
"spot_627",0.0684788305948423,1.28556104739233e-14,0.916320163946006,4.41725307470055e-16,6.08161861548788e-16,0.0075558115670654,5.2188238369829e-16,0.00764519389207154,4.44124002977008e-16
"spot_628",4.62395048083393e-15,0.00473174070021047,0.995268259299784,2.22221167288439e-16,1.5836248461375e-16,1.71926619420339e-16,3.09033213936667e-16,2.41491375248284e-16,1.77081877143936e-16
"spot_629",0.0197468796569959,1.22391090671612e-14,0.975010668143926,4.27210288263021e-16,5.66903052635158e-16,0.00121709245925151,5.57215183604914e-16,0.00402535973981211,2.73982130144117e-16
"spot_630",7.03497606620889e-15,4.07937349480446e-15,0.997972661744337,1.79718135838247e-16,1.6589594840015e-16,0.000197216709490435,1.6124391427694e-16,0.00183012154616073,2.82956203041847e-16
"spot_631",2.44612495079089e-14,0.853251939630993,0.146748060368975,4.64850968561352e-16,7.80724159320693e-16,1.98941093158255e-16,2.6535234736381e-16,2.66324201942376e-15,2.7684221791319e-15
"spot_632",0.000568278643880917,1.93395189538766e-14,0.902913811627407,5.27544914433437e-16,0.000211192461692558,4.27616042293802e-16,7.18887514315061e-16,1.60569732248623e-14,0.0963067172669827
"spot_633",0.111801105901354,9.58482806184176e-15,0.494149573350547,2.567342340044e-15,0.385417961374679,7.1746586708582e-16,1.68014966896002e-15,0.00647603551484355,0.00215532385856202
"spot_634",0.531684428789673,0.235802683478757,9.61043852883273e-07,4.24291236419534e-10,0.118892426652343,0.000908532618950421,3.04161902622658e-15,0.025543881192812,0.0871670857993169
"spot_635",0.993241478414063,9.05366861335452e-17,0.000255753279077975,8.68069169367846e-17,2.58344087170555e-16,3.20381057255095e-17,9.97990773359328e-17,0.0065027683068585,2.43613654609957e-17
"spot_636",0.857946036066265,0.13960137008634,5.02776882273263e-16,2.06915086596524e-15,4.71152843131751e-16,0.00189158716406708,9.28874675978845e-16,0.000561006683323418,5.16360902024401e-16
"spot_637",0.376566819883942,0.55145140315545,8.69335058184619e-16,1.66904333476253e-15,1.13997434455947e-15,1.02496447392449e-15,2.1775739002977e-15,0.0719817769606002,3.91974210875154e-16
"spot_638",0.873615545618805,0.116536094089915,7.87304276411603e-16,0.000812481020842021,3.56685815899703e-10,0.000488545578539199,9.6961020370482e-16,0.00854733333521035,3.96663885085782e-16
"spot_639",3.11776516128863e-16,0.999999999999999,1.87982724528024e-17,8.51915859363417e-17,8.92708691953507e-18,6.38287067575453e-17,2.16198598710184e-17,1.85728449094865e-17,4.13364223577569e-17
"spot_640",0.458989722357713,0.483392842010839,2.2501671536887e-10,1.55517999805099e-15,0.000735810550739693,0.00134634593928621,4.16380223984743e-11,0.0555089651104668,2.63137642997222e-05
"spot_641",0.999996163489937,1.61104736171659e-18,8.84276259293204e-18,1.28170683626846e-18,1.72577535935519e-17,5.48908809673651e-19,4.00813499638984e-18,3.83651006318462e-06,4.4731839937498e-18
"spot_642",0.984277720319886,1.79442604370593e-16,3.67951242976091e-11,3.28505348833161e-16,0.0126191234133911,2.2483432087757e-12,3.04666894327659e-16,0.00310315622767877,2.56265335501446e-16
"spot_643",5.07938900913299e-07,0.379318528666291,4.54088611621083e-15,1.71213302263082e-15,0.236281689504652,0.00187673015008736,6.34056311707895e-11,0.382522543676656,1.23655594004851e-15
"spot_644",0.345219333303039,5.01293825853254e-15,4.20681743340126e-05,5.04533869745732e-15,0.109725359931677,0.00155631819955241,4.42209428868772e-15,0.533175439975797,0.010281480415586
"spot_645",3.42125681218621e-14,1.32144547494782e-14,0.0511282127381797,1.01582018150868e-14,0.168563698393284,2.27857112036277e-15,2.08269202221823e-15,0.780308088868471,3.03203474428561e-15
"spot_646",5.58696216151578e-14,3.94243814618229e-14,1.14659430424695e-05,1.95197691717511e-14,0.429921198580339,5.53009060222553e-08,2.59190144590025e-15,0.562171321822926,0.00789595835266879
"spot_647",0.0131845515275646,1.48144789834763e-14,1.87549743579173e-14,8.80513875933557e-15,0.986815448472389,8.22358156565142e-16,5.3999205181779e-16,1.86430387884154e-15,5.42150514935986e-16
"spot_648",8.44388465084829e-15,7.63097239708768e-15,6.52790997007197e-15,0.00865974923843503,0.987679673384166,3.89325031758173e-16,0.00366057737737576,2.03735622127871e-16,2.19862796671871e-16
"spot_649",2.24214691058539e-14,0.0386305784235378,0.0012161331178042,1.22411406063792e-10,0.752168001155861,1.10248539836715e-14,2.95283248683517e-15,0.00210712337478268,0.205878163805566
"spot_650",2.24373553151348e-13,1.41373396758887e-11,2.09889358054062e-13,0.875372206344328,0.000623012539669985,6.29264281649641e-15,0.124001992302871,1.28104462835657e-14,2.78879854068149e-06
"spot_651",7.96691206756559e-15,1.67612436785522e-14,8.28176145936081e-15,0.999772886954019,2.45586568793117e-06,3.17193724462675e-16,0.000224657180259357,2.6913928279074e-16,1.79073579219432e-16
"spot_652",8.73485436330344e-15,8.0637576929955e-15,8.03139029712047e-15,1.23213396099224e-14,1.51639940039429e-14,6.10530949103271e-15,4.31964987525455e-15,0.383443301461526,0.616556698538411
"spot_653",0.0122744028141172,1.16776852128679e-14,0.414077115385477,9.3908736673636e-16,2.339747357481e-15,1.06209078713465e-15,8.72898301762197e-16,0.0124024710643025,0.561246010736087
"spot_654",1.26871571009188e-14,8.46393981551366e-15,0.539772091188022,7.40765955520564e-16,6.06037302048391e-16,6.96257845341291e-05,6.57567787573896e-16,0.00083167545073258,0.459326607576688
"spot_655",9.14915115795919e-15,5.20370701119578e-15,0.993159531325182,1.89086103510683e-16,2.73145818570274e-16,3.31906958561694e-11,2.35340602855703e-16,5.89681431763497e-09,0.00684046274479827
"spot_656",0.115299428502915,1.48988143060919e-15,0.884691631728444,3.94740396217184e-16,3.79412993169521e-16,1.62833743414136e-16,3.32449150724416e-16,8.93939382710053e-06,3.74810992144187e-10
"spot_657",3.95843078706447e-15,6.99817434706955e-15,0.999999999807456,2.74855607460226e-16,1.26574424585551e-16,3.77824351111396e-16,1.98322009165755e-16,4.92171684747641e-16,1.92531369296778e-10
"spot_658",0.0185007973197008,0.00271427780645545,0.978663314998612,5.414875518605e-16,3.9108647274034e-16,6.16823593682901e-16,6.08154624372441e-16,0.000121609875229562,3.49621223833723e-16
"spot_659",0.0130768657199267,1.37407684118679e-14,0.986923133597764,4.9305231790679e-16,6.6335432614814e-16,3.83550868816941e-16,6.00457460772353e-16,6.82292524128842e-10,5.81289698028301e-16
"spot_660",2.62679315090162e-06,9.22380264498284e-15,0.999356544259255,3.38990966435703e-16,2.99143098784128e-16,5.68414590788341e-05,3.51685127029619e-16,0.000344851250006803,0.000239136238497783
"spot_661",0.0398896922929147,6.01218867002645e-15,0.940493698751384,6.41463754445302e-16,0.00738724271126242,2.79223293789747e-16,6.93549808789598e-16,0.00391505070272276,0.00831431554170876
"spot_662",3.79703613893531e-14,2.4453981409208e-14,0.175357728813096,0.000405376080543259,0.824200350381616,6.16215147279576e-16,1.03920003183196e-15,3.65447246798924e-05,4.15054188315623e-16
"spot_663",7.69470995747468e-15,4.07765300822736e-15,6.99992432465792e-15,4.78523742547055e-07,0.970002935607666,2.62983134505179e-16,3.8870178888485e-05,2.30532878033024e-16,0.0299577156896838
"spot_664",2.47942401542544e-14,4.87315380014919e-14,1.00125604039529e-08,0.0365116073350802,0.958245354655292,3.70636445025852e-15,0.00523346842886655,9.55956812159671e-06,2.18386074201174e-15
"spot_665",4.54999245334686e-15,0.000108293899531626,7.07778575051277e-15,1.55333215254433e-05,0.880475763043627,1.0759241339762e-15,7.34455444534991e-16,1.69225575758817e-16,0.119400409735303
"spot_666",0.373093760611637,0.277733104385876,3.05130808694824e-15,4.79500312321654e-15,0.292233994198178,1.12554769994408e-15,1.50674947334058e-15,0.0569391408042978,5.01393408113897e-16
"spot_667",0.66329422900529,0.311889603081424,5.95227749448637e-05,1.20578021116549e-15,5.00592070759243e-16,0.000442402283662051,8.32947355458743e-16,0.02377752874956,0.000536714105116898
"spot_668",0.511806520470533,0.467949925771488,9.16468902829745e-16,6.5193039386605e-16,5.07756713763263e-16,8.14889971987127e-16,7.20678433842392e-16,0.0202435537579745,3.241283442972e-16
"spot_669",0.988837293591873,1.38316264387566e-16,2.79927972303306e-14,5.85775002457105e-16,0.0108576930231965,2.31902983567591e-16,5.07515705396135e-16,0.000305013384898967,1.94320047302615e-15
"spot_670",0.93522365910987,8.45928961019236e-14,0.00143465657765673,0.00193958555581668,0.000183777130780677,0.0371278624120433,1.39875925324016e-15,0.0168402781556774,0.00725018105806875
"spot_671",0.762912682547071,0.230241663489322,4.00808764988713e-12,2.06323184743071e-15,6.00782587223364e-16,6.26470213693205e-16,1.12374751090054e-15,0.00684565395959385,3.98911852049106e-16
"spot_672",0.678620501712155,0.209622794909818,1.75447892878375e-09,0.00364702548258175,0.0710688996993053,5.56675288254572e-11,1.34487909003584e-07,0.0370406418980833,1.20994147009155e-15
"spot_673",0.411996158252635,0.44981575014362,1.95981040506401e-15,0.0166056091954607,0.117406651164672,0.0041758312389527,4.21153518207407e-12,4.43261400330403e-13,3.92405531142083e-15
"spot_674",6.2106663101523e-14,2.24738350929679e-14,0.00897423576228096,2.63422900514681e-14,4.13471054937494e-14,0.256845830151332,0.00478284422633533,0.729397089859892,7.23412432133686e-15
"spot_675",5.12846762077021e-14,0.0151874252821121,5.13766965338528e-12,0.00289657837027085,0.16872680171142,0.527187556627463,2.29191301633492e-15,0.284444989449262,0.00155664855428073
"spot_676",5.00482571577522e-14,2.56863842099229e-14,0.0313164631955396,2.3218333282357e-14,2.58097366485239e-14,0.719432109625643,2.45588062730064e-15,0.247163167253353,0.00208825992533726
"spot_677",3.07110855977569e-14,2.33568178435474e-14,0.0121793525484638,0.0531553549613903,0.521167071645292,0.391426389948534,2.01000580081132e-15,1.62775381664834e-14,0.0220718308962476
"spot_678",8.93671645330599e-15,1.94132877773264e-10,3.55026400739386e-08,0.010255250319505,0.98974471360479,3.78089809033704e-10,1.16997933485058e-15,8.3162674629622e-13,6.72079892309954e-16
"spot_679",2.73968260979723e-14,4.48526838232482e-14,4.03646718793828e-14,1.99638337418771e-14,0.999137235735297,1.26405389940024e-15,7.91674545517308e-16,0.000862764264567541,7.99870436132029e-16
"spot_680",4.66498266705525e-14,4.05125935727506e-14,6.07207577470575e-14,2.05468872773023e-14,0.903935865863109,2.80098322390623e-15,1.35887091178475e-15,0.00628430133406315,0.0897798328026557
"spot_681",1.20573939368704e-13,2.3789161667435e-14,0.200232007542551,0.412596212101466,0.27704691844073,3.46867034385701e-15,0.110124861796344,1.18748277406421e-10,1.2823187975739e-14
"spot_682",5.21138622833631e-14,0.000345880935391685,0.00108568146759478,0.981352931602266,9.8496774448326e-16,3.21309641986949e-05,0.00441175681178903,0.00970440310688399,0.00306721511182261
"spot_683",3.68956817853969e-14,2.605117163584e-14,0.609897272153106,0.000134047236854704,1.17550895271823e-15,0.0819526863452754,1.40708869126456e-15,0.0134959227979564,0.294520071466742
"spot_684",2.50783200612329e-13,5.9652772729658e-14,4.67235368477435e-05,4.519761391301e-14,1.89089098683871e-13,1.24409035660345e-13,0.121894659855271,4.38079775651489e-14,0.878058616607168
"spot_685",0.0592738445730508,2.78859796941795e-14,0.431087161500246,0.0230808100711448,3.95211011368353e-15,0.021323304944134,4.76885443670779e-15,0.0231690882892364,0.442065790622151
"spot_686",7.93841824135039e-15,3.02567299043023e-15,0.993315419585567,1.14045473518718e-16,1.16750902416403e-16,6.55432779406786e-17,1.00180374258245e-16,0.00668458041442117,1.96372567391971e-16
"spot_687",0.00363111071074912,6.68203354451298e-15,0.991172229035952,1.67087131085126e-16,3.19600827902305e-16,1.4986332257024e-16,1.5095069276412e-16,0.0051710899110858,2.55703422060383e-05
"spot_688",0.0251956091477909,7.21353947415975e-15,0.968201917494812,3.68859416242082e-16,5.85783677976706e-16,3.43145697135142e-16,3.43558885261075e-16,0.00660247335738787,2.27281462504958e-16
"spot_689",1.22949983950808e-05,1.12199679065425e-14,0.944979509724942,4.41233245774277e-16,6.89178312982263e-16,0.0103863743154195,6.34722230125844e-16,0.0190805683435043,0.0255412526177264
"spot_690",1.5350114322377e-14,0.0216388904175256,0.976439206481055,0.00034208424629462,0.00151059042903396,6.9228423115923e-05,9.25977662936189e-16,2.95869026377657e-12,1.13071304578226e-16
"spot_691",4.9401062598899e-15,2.06017826563785e-14,0.999999999998744,4.8513932387588e-16,3.6370564974619e-16,5.06092558161745e-16,4.34907290440748e-16,1.22754888890438e-12,6.79589913502911e-16
"spot_692",0.0269033545179101,3.32097081304974e-14,0.186383047274614,0.0140087049002139,0.772704893307224,1.37697877855041e-15,1.56005549197841e-15,1.18719233803136e-15,5.67722322981236e-16
"spot_693",9.58348174133422e-15,2.44729433420454e-14,1.57895942937098e-14,0.00136586023281024,0.998633850248084,2.89519053821958e-07,8.07647282060031e-16,5.73193811385901e-16,5.03620171821324e-16
"spot_694",4.76003719953084e-14,2.87386851582764e-14,2.21156772812771e-14,0.000177129428093985,0.999809340130261,1.35304415427081e-05,8.86363475781482e-16,2.29838018283551e-15,5.83067008084651e-16
"spot_695",9.44791545706924e-08,6.93958109383939e-16,2.67877729954649e-15,5.94925307908295e-15,0.979025960060286,4.65993076087457e-17,1.22652279875597e-16,2.78188360432055e-15,0.0209739454605474
"spot_696",0.00564167874119178,0.00104158580915769,2.80053503954604e-14,0.0140197538621522,0.972736984708723,1.16687093767432e-15,1.32742757757824e-15,0.000283457654351355,0.00627653922439377
"spot_697",0.216134495793993,3.48670011885716e-15,2.72181062792928e-15,4.84589673374553e-05,0.783783662311672,2.91001447768214e-16,7.1811436437672e-16,3.33829269899706e-05,2.20490732509038e-16
"spot_698",0.997016777576908,2.35419862622875e-17,6.19692941855551e-17,4.60965594474334e-17,0.00251999084957579,2.80331776833319e-06,0.00010703997909851,0.000120496949854677,0.000232891326794341
"spot_699",0.709300432359693,0.27666650188834,0.000269818833362832,3.79517620592226e-06,0.000863713255737331,9.56999435420653e-16,0.000500190445029254,0.0109013786932871,0.00149416934834378
"spot_700",0.419651489929105,0.269934898305144,0.220939241229137,0.00254593835676355,1.91700581844946e-15,1.54148055759527e-10,2.01917533845052e-15,0.076167976458197,0.0107604555675019
"spot_701",0.998592902905716,1.58353763805696e-17,5.26481054034114e-17,1.28788386812705e-17,4.95359810481625e-17,1.32071305349071e-17,3.01312518296312e-17,0.00140709709428395,1.33798050779803e-16
"spot_702",0.678568587390708,0.219978300157671,1.89054100050651e-15,0.00480418724518017,1.61067915057509e-15,0.0775126247721957,0.00594224097455954,0.00817661107519532,0.00501744838448713
"spot_703",0.666537786679569,9.20039257452036e-16,8.1683632293217e-16,6.29894622930254e-16,3.80811154613779e-16,5.68864397566826e-16,6.15398563277583e-16,1.76245432145605e-13,0.333462213320251
"spot_704",3.2417654583328e-14,0.468505730959773,0.332336181791665,6.8357987318784e-13,2.10224079930329e-15,1.20853122151467e-15,1.11505964723323e-15,5.09403069414265e-15,0.199158087247836
"spot_705",2.69342648095367e-13,4.36979796160722e-15,0.998674886973666,2.06940749482407e-16,1.52399728651569e-16,3.11102654295815e-15,2.01697094195811e-16,0.00132511302605641,3.43244535502898e-16
"spot_706",1.67491302651568e-14,4.34542626099325e-14,0.237942187755833,2.99902605373723e-15,2.15722911104012e-15,0.761837530054481,1.64320826392042e-15,0.000220282189618607,6.34125918487318e-16
"spot_707",1.2414441213261e-12,0.0364434931988949,0.469029281632511,9.70164555302692e-09,2.60655353771797e-05,0.49337638549846,2.16588642323799e-15,0.00112476443186763,4.66579452111423e-16
"spot_708",4.67413944188113e-14,1.4209484419651e-14,3.25153304497706e-14,0.0170289526214903,0.784554113551108,4.44742386170227e-15,2.02914777904623e-15,6.22782281566278e-16,0.198416933827301
"spot_709",8.03317499574124e-15,1.17812029060715e-14,8.62200437695627e-15,0.00424910556715223,0.995750894432818,2.99169173997894e-16,6.63041464590133e-16,2.63476163342957e-16,2.56572824243886e-16
"spot_710",3.99656344274221e-12,4.60073450127524e-14,7.71211688579105e-14,3.2038823895548e-07,0.821888423847038,0.00885367817715844,1.22853485987683e-15,1.41981119997916e-10,0.169257577441462
"spot_711",0.0259271548579287,1.59097019510323e-14,2.02280915092814e-14,0.00317539959799991,0.948943530320364,0.00734071606399297,1.05285316557315e-12,1.30929022770474e-15,0.0146131991586242
"spot_712",1.67262087882695e-14,1.14959079090316e-14,1.69522423055777e-14,1.35429437406929e-14,0.963681378873094,6.54627400451892e-16,0.028035887857013,9.95154253186255e-16,0.00828273326983228
"spot_713",7.60936099736097e-15,3.11437540961362e-15,3.67054592713226e-15,6.00300662528935e-15,0.99769033078867,2.38850097786145e-16,0.000320486029739988,2.53756777548269e-07,0.0019889294247922
"spot_714",1.78478877155909e-14,8.85394694197993e-15,0.435024775595744,1.74092206863513e-15,0.0406647602476513,1.17944286305428e-15,1.89105008452082e-15,3.91094408402162e-05,0.524271354715733
"spot_715",2.18627166791203e-14,3.31695838241045e-14,0.557200715623445,1.67748921774845e-15,1.17290439447674e-15,7.22078074469379e-11,1.61943074500248e-15,1.80976784018805e-15,0.442799284304286
"spot_716",2.62959189712252e-15,2.78906842508981e-15,4.02668012723186e-15,2.49985265626675e-15,5.40246748983138e-15,3.97507721979664e-15,2.0535885658444e-15,4.33772863205626e-15,0.999999999999972
"spot_717",6.05556323200418e-14,7.55390744609065e-14,4.37532463261561e-13,7.82008565183295e-14,5.90247621686418e-14,0.145812670860056,1.10939846656853e-14,0.0519867314939718,0.80220059764525
"spot_718",0.00432561002949748,1.36815751950921e-14,0.867633377647519,6.64252397405083e-16,4.19041727460482e-16,0.0129983012428916,6.27260424365698e-16,0.00666262123564074,0.108380089844436
"spot_719",8.76335768975619e-15,4.2501649672761e-15,0.993817705211515,4.31725541308555e-16,2.14732349464754e-16,0.000674791923154176,3.44758791656705e-16,0.000602855574727664,0.00490464729058885
"spot_720",8.40720719509185e-15,9.53213166483851e-15,0.992888928992271,3.35491096632181e-16,2.04576509692374e-16,0.00247329502318126,3.26854238818215e-16,0.00291410770764488,0.0017236682768842
"spot_721",0.00179579795753176,6.14154353824632e-15,0.996334647205436,2.12416213185477e-16,2.62923039163235e-16,9.19789970519168e-05,2.86327393261103e-16,0.00172509092184991,5.24849181239118e-05
"spot_722",9.59245723811116e-14,0.00363143946555643,0.00421570966020662,7.65497882516788e-15,0.980103573419416,0.000366160919773588,5.55158471639989e-16,4.93243556994284e-09,0.0116831116025079
"spot_723",2.40159416761724e-14,5.76036536204479e-14,5.29923140635938e-14,0.00271005098734334,0.997289949012514,2.25153366575512e-15,1.36765620378301e-15,2.97751101523384e-15,9.08235971875023e-16
"spot_724",1.33775602909252e-14,7.09647943842229e-11,3.90504685805088e-14,0.00395994157777265,0.99367291733915,2.17967309637984e-15,0.00236714101205534,1.30252344956786e-15,1.31107838328474e-15
"spot_725",0.00162633129553955,3.30266153891645e-14,3.16653644323136e-14,0.0116967932913519,0.986628191245645,1.53776447245975e-15,4.86841673943566e-05,2.00016649824483e-15,8.49449428379461e-16
"spot_726",1.75582091380311e-14,2.398171812034e-14,2.35092743720273e-14,0.011133569462477,0.988866430537454,7.86997703506391e-16,1.09076407572186e-15,1.27834843409674e-15,5.52244321476749e-16
"spot_727",2.50438503392002e-14,4.67331694513741e-10,0.00412926649278573,0.0430475101958613,0.952471650777101,6.74499343722122e-15,0.000351555859501871,1.62073847522811e-08,1.68841422917095e-15
"spot_728",3.86809317435864e-14,3.2797949586646e-14,3.31468142416421e-14,7.51784170820325e-07,0.999999248215612,1.51900914346613e-15,8.76226011721308e-16,1.09886016758303e-13,6.65029630234375e-16
"spot_729",0.0153833976369881,8.79006114445021e-05,3.76261514619801e-14,0.0351992179137123,0.949329483724741,1.55835521416193e-15,1.41614349831137e-15,1.13072696191406e-10,9.15595913722454e-16
"spot_730",2.46789967488286e-14,2.38033907513356e-14,2.92607792440323e-14,1.54832206298365e-14,0.999999999999902,1.26813117133511e-15,8.75538483446327e-16,1.88579837707548e-15,7.11973053530001e-16
"spot_731",0.574842901194368,1.85702464077203e-15,1.23601075893837e-15,2.67097175485836e-15,0.424386746765051,3.33612694170409e-16,1.17457906728478e-15,0.000770352040573562,2.95946417777498e-16
"spot_732",0.442829442575882,0.000152045243508838,0.0617478711132994,0.0175903734777509,0.203290410896948,1.84698528116021e-07,0.27078776784226,4.77394495724786e-07,0.00360142675732738
"spot_733",2.55330359296761e-14,7.16192187281627e-06,0.100504532767277,0.0233719716626833,0.205784288450665,1.3241214413534e-14,0.58125877982317,1.21714400849861e-10,0.0890732652525789
"spot_734",0.0175855191623641,1.66033609539725e-14,0.415647163311927,1.82602272150458e-15,1.16613032602534e-15,0.0582767851214612,1.73946730583637e-15,0.00231900992010648,0.50617152248412
"spot_735",2.74847845376421e-14,0.0441758675870976,0.264379849036923,9.61363702311132e-15,6.13666585518468e-15,0.00859447671051259,5.57986884718637e-15,0.113071669128823,0.569778137536595
"spot_736",9.15422224935532e-15,2.87427712896212e-13,0.990443698449775,4.57477183018437e-16,3.88357940515825e-09,0.00878903295586896,4.84677408425462e-16,6.10243270609036e-08,0.000767203686151576
"spot_737",1.24009317471123e-14,2.3747299978596e-14,0.99129353608669,6.04471032059667e-11,0.000153785424266384,3.91690823025966e-16,6.07046235916177e-16,0.00855267842855884,2.10969753052388e-16
"spot_738",0.000919617503480128,1.1260703080927e-14,0.983228495513324,7.27890421990054e-16,0.0108782860716399,1.53872016590046e-16,6.58612212428663e-16,0.0048924201790635,8.11807324800161e-05
"spot_739",6.00213169143852e-14,0.218894739163021,0.133122897528014,0.00136328488824485,0.636736930760042,1.25619094008562e-15,1.35809855398398e-15,0.00988214766061394,1.31157458259173e-15
"spot_740",6.35545132612162e-15,1.35606392174902e-15,2.76942023276914e-15,0.0503570211654179,0.944507350249258,1.37139111040712e-16,1.21738225264655e-15,5.49968695001261e-17,0.00513562858531229
"spot_741",1.35000664177762e-14,0.952381845331436,4.63717660754048e-16,5.63380332902345e-06,7.62014936131602e-16,0.00135173951362928,0.0462607813515903,3.2886920864353e-16,6.25787438697056e-16
"spot_742",3.78896255892729e-16,0.999905826532339,2.33979206544908e-17,1.08531302181517e-16,3.39532144628422e-17,3.11834646551635e-17,9.41734676602623e-05,2.13844848069138e-17,9.55124969194152e-18
"spot_743",1.1930107509399e-14,0.717098558677332,8.83758707294346e-16,0.00217119194045755,9.0322961376023e-16,4.27880554212044e-16,0.280730249382195,6.9279092009555e-16,4.6997024043402e-16
"spot_744",4.6448982076556e-15,0.837713316150213,2.61628454624921e-16,4.31287848873407e-11,3.75964868380038e-16,0.00192117509533015,0.160365508711322,2.10759035214155e-16,3.82799958716566e-16
"spot_745",0.00873545328974899,1.55691957058621e-14,0.638213876685406,4.71807252456766e-16,9.76218715502682e-16,5.50759664879063e-16,6.0525201768543e-16,0.0149551368882719,0.338095533136555
"spot_746",3.15063007219292e-14,0.000119005545496029,0.404893490415417,0.00500481629735842,0.0193268075185662,0.296566629187996,5.28630424705513e-15,1.56134359962829e-14,0.274089251035114
"spot_747",0.11847604419798,7.31405701667798e-15,0.266341469475711,2.09039696600066e-15,4.59756250413648e-15,2.48400456313616e-15,2.73476801622418e-15,0.0389943544348342,0.576188131891456
"spot_748",5.83007490871822e-14,1.10457342385367e-13,1.06968688246869e-13,7.90987318510282e-14,5.00195943391368e-14,0.196320165754012,9.02034389851111e-15,5.40024170438171e-14,0.80367983424552
"spot_749",0.0720188379228854,8.57994915789284e-15,0.350219852552062,1.68519970312996e-15,2.14416483097048e-15,2.21085130121074e-15,0.000178043703682462,2.47933459949239e-15,0.577583265821353
"spot_750",2.68444831873218e-14,2.06049706182585e-14,0.776183318058949,3.92790630614321e-16,4.46164021556307e-16,6.5265235800575e-16,1.14855936377718e-15,2.99218940767217e-09,0.223816678948811
"spot_751",3.39409891973778e-14,7.51273575427614e-15,0.996520053497444,8.2750664963503e-16,0.000254686001466826,1.45288164775513e-16,4.26947403981847e-16,0.00322526050104567,1.01466017093329e-16
"spot_752",2.4052522309587e-15,2.83090460333578e-14,0.999999999993243,3.81719258351953e-16,1.47628485943493e-16,4.78266998828214e-16,2.92269544649491e-16,6.72446470688871e-12,3.57518951345244e-16
"spot_753",1.65361659940709e-14,6.2464538236538e-15,1.0062795043761e-14,7.63940083600659e-15,0.999999999997021,3.23696115059294e-16,5.63057537663154e-16,2.93712360281629e-12,2.48945885923839e-16
"spot_754",5.22638476175696e-14,0.041774143308712,6.98219168098219e-14,2.8471250191609e-14,0.809836288263392,0.14758160046569,1.33324216505341e-15,0.000807967962051348,2.85589169395915e-15
"spot_755",1.91164815987928e-14,2.98694649870635e-14,5.1088570004173e-14,2.14325731417371e-14,0.958537603259343,0.0015526100093558,0.00067316689926232,1.41980901961411e-15,0.0392366198319161
"spot_756",3.27992100567894e-14,0.000297030632351933,1.49774189260302e-14,7.07183313080771e-15,0.99969908104563,3.88756824648819e-06,2.94613799401654e-16,7.53715756704558e-10,4.02146147520887e-16
"spot_757",8.57790740194222e-14,8.67678201779816e-05,1.11806667814162e-13,0.0785512194933402,0.830675952078891,0.0779297957488217,0.0127562648585611,8.2063262836692e-15,2.48871174999214e-15
"spot_758",1.75049223978859e-14,2.32280073343003e-14,2.31194159913561e-14,0.024020158401611,0.97597984159832,5.87263050543013e-16,1.1681970694056e-15,2.6743738518033e-15,1.04298206470344e-15
"spot_759",2.10134758883707e-14,2.12741375077661e-14,2.16705271881955e-14,0.00560115472395438,0.992737739701423,1.05795993837323e-15,0.00166110557455518,1.27888012748798e-15,7.19344544331614e-16
"spot_760",2.14903734947355e-14,3.65722502017078e-14,5.12872709682387e-14,0.0649404545867751,0.906822753894352,3.44367251877767e-15,3.91648596090703e-09,1.8056344091828e-15,0.0282367876022722
"spot_761",3.56119761332808e-14,1.71111443181999e-14,1.92083728522307e-14,1.70979684656793e-14,0.987932126789187,9.67983225047718e-16,1.109920237996e-15,1.27434975274124e-15,0.0120678732107209
"spot_762",1.66629643591e-14,3.36054644734357e-14,2.79024942877817e-14,0.00554826931390256,0.990161566204308,1.3003604245329e-15,0.00429016448170856,1.14346892257672e-15,7.23985888506085e-16
"spot_763",1.74590568480256e-14,2.5231281256416e-07,0.354407453452457,3.41105896567015e-15,0.628622063125247,1.02232946216803e-15,0.00894851383212873,0.00802171727733119,1.48631845868741e-15
"spot_764",1.91143586766318e-14,3.1995550131374e-07,0.132946449792894,0.0441034268797865,6.49558701791543e-15,4.35656590236888e-15,0.821013539016765,7.06603649045175e-16,0.00193626435502188
"spot_765",1.45725553443753e-14,2.01645360336767e-14,0.482521236456806,2.26875089210651e-15,3.15193689729467e-15,1.57478468657698e-15,0.360295317917984,6.76851429200792e-16,0.157183445625167
"spot_766",8.17887046809522e-14,2.123443273981e-12,0.0749614608356959,0.00494735431070608,0.58113477287104,9.77965351734027e-15,3.00656995825359e-15,0.0344516840547295,0.30450472792561
"spot_767",3.07925592868669e-14,0.0741360329575604,1.45974424235995e-14,0.151183954629939,3.69902877303615e-15,0.774677993367834,2.01904461578393e-06,1.01577010232395e-15,6.20276165314911e-16
"spot_768",4.5745560956471e-14,0.327030207424716,0.428857882814129,7.85494110746595e-05,2.29304130784145e-15,0.24402823939361,1.00312115974469e-15,5.12095642000901e-06,1.83603790559364e-15
"spot_769",2.75799714361554e-14,0.540855206804502,0.459144690963381,1.80779637366203e-14,2.4653359734222e-11,6.70290655614357e-16,6.16585949975538e-16,1.02207191022693e-07,2.25395851199008e-13
"spot_770",3.34649178833313e-15,0.999142423440571,1.03878457421556e-16,0.000857575213001005,1.34642342426096e-09,1.5585963109356e-16,2.84167673665996e-16,9.76698063535744e-17,1.03088291276281e-16
"spot_771",1.52640418138416e-14,0.999419302012393,0.00042950638902483,3.78357641155853e-16,6.96745455336288e-16,0.000151190507133342,6.7006759185092e-16,1.09143059816637e-09,1.17701893491951e-15
"spot_772",9.31151295434617e-15,0.998365619976845,3.80434589572385e-16,0.00163438002314346,2.69209902024441e-16,1.43410988529086e-16,7.14747741090097e-16,3.13395012010406e-16,2.24559449889438e-16
"spot_773",3.47256295549919e-13,0.999739944099279,9.0964884911607e-17,0.000121166805676209,8.58749868820326e-05,1.14904651434236e-16,2.25531502453721e-16,1.65929025717443e-09,5.30124485247207e-05
"spot_774",5.12293171848005e-14,0.803713884026354,0.146852076633996,5.19642347460061e-16,1.38334320947248e-15,0.0109263287616007,0.00125424643668802,0.0226678183379324,0.0145856458033749
"spot_775",3.01626389354661e-14,0.934608866599347,0.0152800752695524,7.92428678781518e-08,1.15148431461761e-15,6.57844004739465e-16,0.0435494297910587,0.00389971889506591,0.00266183020207654
"spot_776",3.7334256739622e-14,5.00411802780824e-14,0.353001735880167,4.09600709286897e-15,3.20170794457899e-15,0.0475648043708487,4.11781225698421e-15,0.0229282445463422,0.576505215202543
"spot_777",6.37176783740162e-14,0.0433549923159133,0.0200427885505689,0.0200941473944451,3.62390073895719e-14,0.138740925718735,0.0312666980154498,0.00625098014446256,0.740249467860326
"spot_778",1.77234809340198e-14,8.67328961601152e-14,0.609381861873208,2.67054709245777e-15,9.28828178818677e-16,0.175028159459349,6.28989210766579e-15,0.00115224212325924,0.21443773654407
"spot_779",5.70618154010576e-14,0.38487253581238,8.86276300219481e-15,2.33771650204735e-15,3.45827097059871e-15,0.218254300299351,1.54738259125923e-15,6.43872454047496e-15,0.396873163888189
"spot_780",2.4864783736653e-14,4.7855695391424e-07,0.502884005387604,0.00202694675009319,1.94727180716615e-15,0.122770682731143,1.94305662843834e-15,0.00036316255378032,0.371954724020397
"spot_781",4.02236197107408e-14,7.4657543743715e-14,9.38842712369476e-14,3.93598672284005e-14,4.17553057723961e-14,0.681932923572646,3.66394289060419e-15,1.05819005823703e-14,0.31806707642705
"spot_782",0.210361563114044,5.51794863806475e-15,0.0299929784748117,5.47998643159972e-15,3.59585728460181e-15,0.605681572402864,1.76224308066231e-15,2.79052551150541e-08,0.153963858103009
"spot_783",3.64135343445757e-14,3.22176742177256e-14,4.64847978846311e-14,0.0128826417658957,0.287398331899154,0.597812479666248,2.12677340357126e-15,2.27907762695078e-15,0.101906546668583
"spot_784",3.0107843568255e-14,1.75501109663225e-14,1.99905686866193e-14,2.00266869567577e-14,0.996191221907455,1.0260043124948e-15,1.09580088753287e-15,0.000307858310144315,0.00350091978231085
"spot_785",1.61159858448938e-14,1.60406885085349e-14,1.41817789194406e-14,1.48555429712006e-14,0.999999999999936,9.00870708453961e-16,7.72658535886089e-16,9.26488059321643e-16,4.88720236542413e-16
"spot_786",7.2703004736814e-14,1.16427577300917e-13,1.48952069288256e-13,0.00922795418949016,0.985993647404462,4.98664467006716e-15,0.00477836389690068,3.45088023769866e-08,1.97650437599457e-15
"spot_787",2.95290721910397e-14,5.15021138923879e-14,4.81885267243878e-14,0.0173257522991307,0.982674247700732,2.65576018242269e-15,1.6102438500365e-15,2.19035414533637e-15,1.22332618096478e-15
"spot_788",2.26225145692224e-14,2.35521122408045e-14,2.5161691109795e-14,0.000881668427743608,0.994875626848563,1.46077872769078e-15,6.26746711836374e-06,8.42610409006854e-08,0.00423635299546102
"spot_789",1.55787424099504e-14,2.23641881473544e-14,0.0332760044852553,0.0246818241476152,0.897946385393057,1.30886563700096e-15,0.00422773938177801,7.46500047348762e-16,0.0398680465922547
"spot_790",0.0128952592278878,0.0270411733442618,4.05684872273233e-14,1.11712502927832e-10,0.911038499942736,0.0487360568551175,7.86266151105833e-05,2.78863145726916e-15,0.000210383903130865
"spot_791",1.64137561060387e-14,2.18816278941915e-14,0.00529630004204387,2.16412760809387e-14,0.994242682939157,1.2630918267717e-15,0.000461017018734534,1.15276874833083e-15,1.80089297166146e-15
"spot_792",1.87904857584677e-10,2.76701302530364e-14,2.82549720876058e-14,0.0121813834093294,0.98707932250803,1.54474947087678e-15,0.000739293225516895,6.69160212588621e-10,9.29742992338287e-16
"spot_793",1.51750500459885e-14,6.87620228457034e-15,8.12274463863996e-15,9.49033394417873e-15,0.999999999999958,5.96545149775868e-16,4.5389799770833e-16,6.56710398638984e-16,2.21092726237925e-16
"spot_794",0.00130623747835697,7.543181142299e-09,2.11314647316367e-14,1.55194364281124e-14,0.998693754978421,1.04746957804185e-15,7.50896755393206e-16,1.70062894252333e-15,5.21686356108268e-16
"spot_795",3.16762673306355e-14,4.12379292190156e-10,0.346828668952717,0.00662986804896513,0.233118041904506,2.61463321243444e-15,0.413422638938685,7.81742712625329e-07,4.69322434603782e-16
"spot_796",2.54717066688164e-14,0.18624656714721,0.402242959779834,4.38205102661666e-05,7.77732436969045e-07,0.0828919547482196,0.328237560831576,4.73238764293197e-13,0.000336359249958088
"spot_797",1.35394285437008e-14,0.0461841219494506,0.28523797727388,0.0200427821833466,0.00398054284547896,2.34845110124591e-15,0.644523759017577,6.00187672633496e-16,3.081673025011e-05
"spot_798",3.12128083676462e-14,0.123083398581962,0.17765797632087,0.00262282126614484,5.14837395464028e-15,0.119849181387927,0.576786475909056,1.46534004065491e-07,1.00165690225164e-15
"spot_799",4.20187889629019e-14,0.627496599542821,3.69732329685244e-15,1.02037164727825e-15,2.76244262713191e-15,0.372441273576467,9.56978401628556e-16,6.21268806592084e-05,2.8387454160039e-15
"spot_800",1.36239630115423e-14,0.533435792512103,7.23588059395584e-16,9.04441036329694e-06,0.00203692170017928,0.000160428824057717,0.464357812553281,3.29509561486771e-16,5.29297557902052e-16
"spot_801",6.88146564908291e-14,0.910375639786737,0.0871280745050004,0.000153809481565919,2.04648252561449e-15,2.44555642258709e-15,0.00234247622661385,5.44133378355364e-15,4.06058333531762e-15
"spot_802",8.64648134958742e-14,0.707144374157713,0.127035995571219,9.33775480331572e-16,3.32119748094294e-15,0.143922501687792,1.37666121020417e-15,0.0218971285831802,4.07394127487873e-15
"spot_803",1.36613577192142e-14,0.999999999999974,6.91230704356662e-16,4.93028204019048e-16,5.30072570746912e-16,8.18675326076076e-15,4.94390754175946e-16,9.302952401369e-16,6.80104983800273e-16
"spot_804",0.00410418905440139,0.991482410554756,0.00156131785857281,0.000470754643481512,1.35764389464112e-12,0.0023813188510419,3.69715939786214e-16,9.03638772604138e-09,3.07244288461211e-16
"spot_805",8.24814569685679e-14,0.678415223097028,0.215721679108991,6.65160491810876e-13,2.19837009325192e-15,0.065459044523402,1.17765913821802e-15,0.0404040532698252,3.13469657045763e-15
"spot_806",1.58825270182545e-11,0.994973359899239,0.00350428770158824,1.62903066176636e-11,4.4459976225276e-08,2.75610848105601e-16,2.7624877779167e-16,0.00152230790702249,4.35792907593007e-16
"spot_807",3.20793103123508e-14,3.65579968540599e-14,0.608634754084467,1.84524235982713e-15,6.91950694654695e-05,0.00335511141233207,1.93347765121662e-15,0.000605309969489922,0.387335629464173
"spot_808",3.87517448298098e-14,5.36762837221309e-14,2.43691961166196e-06,8.89304861451713e-14,5.26203170067655e-14,0.0441736996308613,2.39080264390817e-14,0.0675142179543595,0.88830964549491
"spot_809",2.10316758910922e-14,1.10741837182165e-10,0.440740967894734,0.00409113551848319,2.23026871510258e-12,0.00219946774382376,3.96422651809206e-15,1.75975599667497e-14,0.552968428729944
"spot_810",6.23321299484941e-12,7.49249292147708e-12,2.14361879253981e-10,3.33471660665076e-12,3.07918438180033e-12,0.185033192025427,1.30493053898348e-12,3.45745129292041e-12,0.814966807735309
"spot_811",5.77349247944757e-14,2.55722253415869e-14,5.31230705377027e-14,3.93381396837756e-14,6.11828691267442e-14,0.994319289734245,2.03442100577801e-15,0.00568071026551468,1.79849518246206e-15
"spot_812",6.49522198320553e-14,0.105234327545116,0.117280417605239,4.02584531590797e-14,4.67558857069766e-14,0.740038025230684,4.6322893770543e-15,1.09542764139604e-14,0.0374472296187936
"spot_813",1.18929678595774e-14,4.54926258753674e-15,3.95630421128867e-15,8.27579736592744e-15,1.03541918787363e-14,0.976133908298023,9.19912516133341e-16,1.37007287879976e-16,0.0238660917019367
"spot_814",1.51622136865991e-14,1.30042287368022e-14,9.36201895684394e-15,1.29003205862289e-14,0.999999999999948,4.91571178311803e-16,3.57865727498814e-16,6.51546937188985e-16,2.44119684591413e-16
"spot_815",5.97477677776645e-14,4.88743518212955e-14,6.38835405445279e-14,0.140639112026836,0.84959712380427,1.76564651574153e-15,0.00976376416871415,4.13899230356482e-15,9.22773279455387e-16
"spot_816",1.07969176622289e-14,1.61169311609247e-14,1.95027750153901e-14,0.00825656566633998,0.991658286635285,6.58257279095567e-16,8.51476983266113e-05,4.48823121217413e-16,5.15396951110547e-16
"spot_817",6.91876411869089e-15,6.94057049384053e-14,7.19362262375792e-14,3.16045104631378e-05,0.994526868176147,3.07365841640952e-15,0.00544152731323582,5.29632441074134e-16,2.15076540694837e-15
"spot_818",2.90281144118278e-14,2.64574858527662e-10,4.52869991483916e-14,8.53636423569476e-05,0.904552419502133,2.72368035101466e-15,0.0953622165589994,3.18576631448148e-11,9.87515159191167e-16
"spot_819",1.53202391727035e-14,1.06897287366105e-14,2.59175065324126e-14,1.37357553771336e-14,1.75166737109514e-14,1.23883795370534e-14,0.711468061589274,0.268961832161896,0.0195701062487343
"spot_820",0.0894151837957227,1.15199860233492e-14,2.57295406404027e-14,1.72714096185401e-14,0.210305034481919,0.00234501005310283,2.97062091926407e-15,0.697934771669196,1.94982242432011e-15
"spot_821",2.99581233537868e-14,0.0137882850272359,0.0428281384499137,1.40432216534282e-06,0.061548652464373,0.011297543229339,0.248025181271076,0.604557146778394,0.0179536484574736
"spot_822",7.4982083139844e-14,2.1684029292238e-14,5.2788279903713e-14,1.31407130880974e-05,0.619115441539166,0.0665343978475189,0.000216729992054163,0.257282795979628,0.0568374939283953
"spot_823",5.99185785003682e-14,8.69578360081141e-14,5.36677170373098e-12,4.65967026033325e-14,0.764729561917622,7.10041367495889e-15,0.062963303744127,0.172307134332681,2.36434943570404e-15
"spot_824",4.50502994036219e-14,5.12990042278466e-07,4.07673215301749e-14,1.90511668982687e-14,0.999611224248983,0.000388262754021112,8.11984405900137e-16,6.84733472202226e-12,9.35331063647758e-16
"spot_825",2.13540768521334e-14,3.98961188028127e-05,3.59195405846053e-14,0.00471526649220296,0.994958853931188,1.64577445592671e-15,8.37797293056848e-16,0.000273273684448624,1.2709773298127e-05
"spot_826",3.70574156816515e-14,7.91974623698759e-14,0.36012138495729,0.0055517989146329,0.632386118053557,2.38251320156317e-15,1.75036788130978e-07,3.73726623873535e-12,0.001940523033876
"spot_827",3.0710896974666e-14,5.21113069729795e-14,0.354213775630138,3.20856303941216e-15,2.90641737529783e-15,0.637217092069189,1.63481708017642e-15,0.00565183997305659,0.00291729232752576
"spot_828",2.03501639731046e-14,0.0747758877147531,0.397113987319919,0.000708863242952061,0.0107452836761288,0.0523721604257349,0.464283817620483,8.38437662951446e-15,4.50127251113304e-16
"spot_829",3.80229844985215e-14,0.516024663933937,4.32036588288144e-15,3.66799278495715e-08,2.34685750323159e-15,0.0637251937362622,0.40403039686289,3.0561797892977e-15,0.016219708786936
"spot_830",5.89589536676476e-15,0.596686293709972,2.8252011191635e-16,0.00305581968831046,8.31119365757677e-11,4.44201512463102e-16,0.400257886518599,1.12610511588541e-16,2.31654470907288e-16
"spot_831",7.94312869526453e-15,0.751577471555039,4.79119948843187e-16,0.00624510377582884,1.17082935795094e-15,4.93884686863701e-16,0.242177424669122,3.35332730127898e-16,3.367589338975e-16
"spot_832",4.26808479886143e-14,0.950001167826511,0.0342489754042197,1.25824357884817e-12,1.4038123469517e-15,1.11768663755223e-15,4.76130721197716e-05,0.0157022436958444,2.00125659854912e-15
"spot_833",3.78987507574553e-14,0.88916702212443,0.0742825944653921,1.15937790625921e-12,1.30419588979116e-15,0.019794739020115,1.05527539854898e-15,4.41108127004866e-15,0.0167556443888586
"spot_834",0.00124936341739145,0.951708496126119,0.034340775115786,3.91237235208165e-06,1.10820306721486e-15,0.0034977912956168,1.91226188758106e-15,0.00919966167273009,1.96889114620862e-15
"spot_836",0.0352530862173681,0.809642111330419,0.142133895576213,5.90697662989341e-05,1.33974425902915e-15,0.00968748247832029,1.07009668132481e-15,7.67399198096501e-09,0.00322434695738616
"spot_837",2.4652917262729e-14,0.855100186141313,0.142179186805323,6.03049817065274e-16,8.98522689929295e-16,8.35175490115517e-09,0.00115094371466175,0.00156967498691688,4.9634275419591e-15
"spot_838",6.49579071571426e-14,1.25007068938893e-13,1.24803379408814e-13,1.20833099292619e-13,9.0948179721124e-14,0.095364947139029,4.79987578572488e-14,0.195686531810094,0.708948521050302
"spot_839",6.98868402003255e-20,5.22037219046925e-20,2.86958076170404e-19,1.72905139396093e-19,6.19104861128884e-20,5.78801172698719e-20,6.04266589888839e-19,2.1854222418039e-19,1
"spot_840",1.95215350318956e-14,5.6335078891622e-15,7.81561707724431e-15,1.01080905561478e-14,1.514497278168e-14,0.0523972740565352,1.60976605510004e-15,0.11665997140532,0.830942754538085
"spot_841",0.231900086877949,0.00049342712701614,2.48685605090378e-15,3.12899794130212e-15,6.16329926784644e-11,0.766315080858297,0.000560433134632708,5.15461822120761e-07,0.000730456478644335
"spot_842",4.6616696341878e-14,0.000608690425795119,3.66242093864604e-14,4.48369876345174e-14,4.22977074091379e-14,0.895530393993645,0.00109447769847837,2.26097160574815e-15,0.102766437881909
"spot_843",4.5584470706917e-14,4.20734076561305e-14,7.69586782492058e-14,4.53907828649792e-14,4.39409941567038e-14,0.999999999999736,1.78097613574806e-15,6.42356174641536e-15,1.56590452214637e-15
"spot_844",3.58768324726308e-14,2.0971621473653e-14,0.00149300918218741,2.61541195073652e-14,3.39621098449278e-14,0.998506990817283,1.26785225097146e-15,4.10700188806067e-13,9.86719420729224e-16
"spot_845",0.00286657400330419,9.2325177585538e-15,7.44768615104875e-15,9.59076448276566e-15,1.0124616190019e-14,0.892221455713728,8.06570377111617e-16,4.29396140347016e-16,0.10491197028293
"spot_846",8.27177785845732e-15,3.31164066683017e-14,1.37917319370017e-14,0.00956685480707388,0.971504693201889,6.82499158752765e-16,5.1375946891272e-16,4.07222913453048e-16,0.0189284519909802
"spot_847",0.0103888808983211,0.000778741880274698,3.77955457116593e-14,2.00065506417478e-05,0.984470437796586,8.41036523407997e-16,0.00434167376443642,2.59109700470343e-07,8.58546271726917e-16
"spot_848",0.0135337273425027,3.62325038989247e-14,0.0611615886362395,0.00256727249463118,0.201042984357122,0.00447448034213891,0.0110591688772358,0.704325956717522,0.00183482123257215
"spot_849",1.21231878012086e-08,4.6084991033025e-05,0.0369972901605914,9.19974715074032e-15,1.35618089905368e-14,1.47503131390607e-14,0.267654633100763,0.695301979624387,5.02842202867147e-16
"spot_850",2.32838655958308e-14,7.29597732499553e-15,0.0309318373270128,6.09695427291773e-15,7.65745385155138e-15,0.00904683966440969,4.24671613272999e-15,0.955846058637296,0.00417526437123296
"spot_851",3.26873180329493e-14,3.66941276885675e-10,0.0623916125972419,0.0110671438173836,0.00125727488783062,1.5650643890125e-14,0.348450539401517,0.573076240654403,0.00375718827463421
"spot_852",0.142110530465134,1.47431999353976e-11,1.73440181207971e-14,8.98477129627388e-07,1.11746983465211e-14,2.06989438322493e-11,0.390674765923726,0.467213079763641,7.25334898659269e-07
"spot_853",4.66180006494536e-13,8.58114878228691e-15,0.00699478857328163,0.0151671505966251,0.00428189176653975,9.02479924180014e-15,0.414526161363851,0.490624621272264,0.0684053864269547
"spot_854",0.0175563519133654,0.00924655462240196,1.88406154015492e-05,0.023379045075262,0.0472094587419594,0.00386681966045417,0.377451519009945,0.518753777604441,0.00251763275676925
"spot_855",4.80531518828819e-14,6.42456899183303e-14,0.02169186013414,0.00908331246959051,0.68859815076501,5.89620832844163e-15,2.51476568001725e-15,0.280626676631137,1.5842332909802e-15
"spot_856",1.9446002272032e-14,1.36371870281403e-14,1.67000659443259e-14,1.15972005004949e-14,0.999868313942911,5.51803687499865e-16,7.55165633810039e-16,1.02208288336528e-15,0.000131686057025568
"spot_857",8.15879352139557e-14,4.32047772858535e-14,3.94880860358555e-14,0.036616773711835,0.913528834776245,0.0473685193350095,1.40891395630922e-15,3.03670633498088e-15,0.002485872176742
"spot_858",5.49391577354204e-14,1.40953430667154e-14,0.39348411390197,4.88861345016417e-15,0.000780360589712763,0.353677284832344,0.222547256035466,4.40094613862805e-16,0.0295109846404324
"spot_859",8.65412788478038e-14,0.338279380843678,0.103230796031549,1.16987947476126e-15,3.7699030875331e-08,0.51942878401796,1.67949532396763e-15,0.0390610014076896,2.83151173750052e-15
"spot_860",2.94761271938143e-14,0.759518872448282,1.31769414122214e-15,0.000903968723875624,1.79720200138558e-15,0.00155982318503249,0.238017335642776,8.0276636043863e-16,7.91350164129537e-16
"spot_861",4.95076676080372e-15,0.749689233818317,1.74248428013945e-16,6.57023909155371e-08,6.0820486873271e-16,0.0598451276647323,0.190465572814553,7.87053528904623e-17,1.38908115974714e-16
"spot_862",7.04791428929862e-14,0.781819512623978,0.178626292369315,7.05395901519373e-16,2.45723824676954e-05,9.78923575895838e-16,1.02400882534833e-15,0.0395296226241638,1.74825348480592e-15
"spot_863",2.17409507188027e-14,0.888796402941105,1.91068056907592e-09,0.000191824498798344,1.05171447629381e-15,0.107827005171039,6.08017817807653e-16,0.00318476547835209,1.84254367231419e-15
"spot_864",0.000567946199961021,0.987045538125201,2.05159884965446e-16,4.77347426443889e-13,0.00031585836270676,0.0118567078889061,0.000204732923410805,9.21649933615319e-06,2.77454477968481e-16
"spot_865",0.0576873848003752,0.870271333225196,0.0494856178353233,0.000831472472085938,0.000159734673469411,0.021564456993539,6.12915975541675e-15,2.02908973582764e-15,2.936057727101e-15
"spot_866",4.09219303838452e-14,0.594882044104797,0.317439416913907,4.84200790705303e-16,1.23074762741134e-15,0.0869557227731863,7.43554640675608e-16,0.000722816208063586,3.02990256150292e-15
"spot_867",9.36238730421109e-15,0.999999999179121,3.35242281803195e-16,2.67981295607217e-16,3.92034217983657e-16,8.20868001233948e-10,3.04415547906387e-16,3.58548037429369e-16,3.58281280053437e-16
"spot_868",3.05657223752192e-14,0.968731551881121,0.0191884578651556,5.34917944627393e-16,1.3977381154863e-15,0.00772590628864349,7.73346340473588e-16,0.00435408396193442,3.11189282183547e-12
"spot_869",4.52225917151896e-14,6.64518068934715e-15,0.246801897499017,1.87035448678568e-15,2.35795457944707e-15,0.0316844095162601,2.55249475880952e-15,1.05577718931586e-15,0.721513692984663
"spot_870",0.00057742794026867,7.22961188749619e-14,0.265722550725549,1.06731911796842e-14,1.49354111918336e-14,0.0379519300218125,1.45742680852363e-14,0.0587186428403991,0.637029448471858
"spot_871",0.284310335356747,1.36476433145713e-14,0.006791735840297,9.97512594149585e-15,8.46428008971107e-15,0.523815908423114,3.56074608548099e-15,0.0194258225315209,0.165656197848286
"spot_872",3.43893786658255e-14,4.37075998163831e-13,5.03557290516961e-14,4.4365930446882e-14,4.15404525184189e-14,0.999999999999385,2.60163956863318e-15,3.72091941013108e-15,9.78072852556989e-16
"spot_873",1.68294067291035e-14,1.69408613557044e-14,1.48839862527223e-14,1.42565885901702e-14,1.5228169641366e-14,0.99999999999992,7.37455814970353e-16,7.96767605231414e-16,3.02044467979269e-16
"spot_874",8.04840895184809e-15,2.05090554593598e-14,0.000451823497938531,1.20401297361154e-14,1.10137908580143e-14,0.999238304472718,9.22121726116435e-16,2.51691135305546e-16,0.000309872029290639
"spot_875",2.04995645370912e-14,5.63722360074339e-15,1.18659727654956e-14,1.52573798933798e-14,2.35938227984367e-14,0.879954823220809,1.5836132021499e-15,5.70664051893372e-16,0.120045176779112
"spot_876",7.53582735065754e-14,1.70502380989981e-10,0.00879201478799283,1.10092686695586e-13,1.25882130719136e-13,0.991207985041176,5.01602204665951e-15,1.04887784858168e-14,2.26220916899831e-15
"spot_877",5.18845134357569e-14,6.08450650826699e-14,6.7803843284597e-14,3.36248000875669e-09,0.875218004962205,0.124781652684428,1.45788383768199e-15,3.38990702752505e-07,1.66662585219872e-15
"spot_878",6.19729503051197e-14,4.12552776747422e-14,0.117388919114287,0.0034995891249281,0.797364902832015,1.8824444820809e-15,1.69163478316223e-15,0.0817465889286613,1.30010698004771e-15
"spot_879",9.26641002792815e-14,1.47938351878488e-06,0.0314394585102436,0.0202766365405986,0.0105633635213316,0.0250747726379555,0.482797329946222,0.429846959460035,2.48885815051701e-15
"spot_880",0.00339908587093267,2.23925101048098e-14,4.47153464812077e-08,1.49912425324788e-14,1.78753381340612e-14,1.53017251273952e-14,1.79291816846634e-14,0.996214649346414,0.000386220067218006
"spot_881",6.9247689096258e-14,1.83113413580622e-14,0.0899637299355354,7.16963110128948e-15,1.50357574327133e-14,0.0369467101135992,0.211386340724621,0.661703219226133,1.9640159488612e-15
"spot_882",1.65214287040679e-14,0.0281790241896879,2.67618195787689e-14,0.00538201660220426,1.20135356350711e-14,0.0601691743087376,0.319526670100961,0.586743114798351,3.15451607695573e-15
"spot_883",6.90218631053775e-15,1.82578169518617e-14,1.97769154630823e-14,1.78407011110889e-14,1.10682892155724e-14,2.95840124852082e-14,1.8280322492328e-14,0.997371091999623,0.00262890800025498
"spot_884",2.26737853012749e-14,0.0322160246720685,0.000395314528593202,0.0137109412113723,1.59697489624047e-14,1.19664043631201e-14,0.356528578193952,0.576284080732852,0.0208650606611122
"spot_885",6.30324299019745e-13,2.26264230190205e-14,1.3752961630107e-14,3.78163601647068e-14,2.64427340071472e-14,1.26903648339852e-14,2.09467206146898e-14,0.99826633518028,0.00173366481895581
"spot_886",1.84031649031619e-13,1.69045287075067e-14,0.0360276347035225,1.04850152073459e-14,8.93724491011651e-15,0.015519073416821,1.09002878124121e-14,0.946336050969021,0.002117240910404
"spot_887",2.84920198118278e-14,2.02413030740711e-14,2.73628556072328e-14,0.00198752129258142,0.0284360641834658,0.0301458549137569,0.361834296734662,0.577583316913203,1.29459622548818e-05
"spot_888",0.0405142930890558,4.82010118147026e-14,0.546650237219228,6.59490657083021e-15,0.220962919024862,0.190767674088746,3.07468124216993e-15,0.000723592419761653,0.000381284158289146
"spot_889",4.55409582086086e-14,4.84723482396991e-14,0.338768250563493,3.97124722238608e-15,3.80235509525211e-15,0.638313880334058,3.10141056059534e-15,0.00117335241570008,0.0217445166866444
"spot_890",0.00818269382014395,0.665196224153432,0.0679675033185679,2.89430490837868e-08,0.000121508652049532,0.160786463987118,0.0800554191397656,0.0176901579858702,3.13612771208954e-15
"spot_891",0.102889498156313,0.763610283009412,3.95686472287799e-16,3.40401035554384e-12,0.00399112221178085,2.29869732945477e-06,0.126663627532584,0.00284317038917616,3.26525168835906e-16
"spot_892",6.6358437739312e-15,0.999999999999991,2.95435007313211e-16,6.14327065607107e-16,3.8721105754195e-16,2.27456930455787e-16,4.41987794548283e-16,3.00505148098394e-16,2.40533071305229e-16
"spot_893",4.46994700607427e-14,0.930915730320371,0.0365670888000196,2.70980153758696e-15,3.03730572887738e-09,0.0322269158486255,0.00012680319825073,0.000163458795376799,3.29149182763489e-15
"spot_894",3.20256872845501e-15,0.76204310312474,2.50180021397462e-16,0.237956896875255,5.26419123780727e-16,1.89736946502314e-16,4.84987845624349e-16,1.09105520824481e-16,1.83935838891889e-16
"spot_895",1.93586288022037e-14,0.0825701723918635,2.51136324733194e-14,0.917429827608089,4.41804041294574e-16,6.65261524361911e-16,1.98226793363119e-16,1.49107598448409e-15,4.38851523663148e-16
"spot_896",7.40546265130804e-14,3.20621557292249e-10,6.38747376803719e-14,0.939927942171957,0.0480481525854909,0.000243039448489104,0.0117808654732985,3.12418103777208e-15,1.86407498691401e-15
"spot_897",2.7109508320773e-14,0.0994274330130766,0.241772329953616,0.58017679477632,1.7151882207948e-15,7.71936716061829e-16,0.0786234422569561,9.04743344403065e-16,6.43721474894028e-16
"spot_898",3.73953428673197e-14,0.55587912683392,3.51295734246506e-15,0.393979513304856,0.00258824327973518,0.0385299073185839,0.0090232092628577,1.76851043103827e-15,5.00303876519887e-15
"spot_899",0.11511591864955,0.235073567340891,0.165667039581029,0.455731466915059,2.13665980154269e-15,0.00308115365689308,0.00346903681012637,1.01769351371587e-15,0.0218618170464481
"spot_900",1.45571379887986e-14,3.89493226499239e-14,4.00634835368816e-14,3.3198054525068e-14,2.36883625614234e-14,2.68509944867261e-14,2.02541429889303e-14,0.112197792678304,0.887802207321499
"spot_901",2.16504336092658e-14,6.6346705434882e-15,9.00156791057917e-15,9.54502674422292e-15,0.0103103901085118,0.0376621129655627,0.0144443085815996,8.03544488230707e-05,0.937502833895456
"spot_902",8.23201673256739e-14,7.42915887531567e-14,8.33471488213144e-14,6.33856994628188e-14,8.85391065153367e-14,0.633823509862972,5.38832493242858e-15,1.02145146284576e-14,0.366176490136621
"spot_903",3.12596695057797e-14,3.19090724018965e-14,4.48793666318583e-14,2.53922105301189e-14,2.7915333500373e-14,0.999999999999834,8.33839539005984e-16,3.27500050976933e-15,8.65074998706035e-16
"spot_904",1.45915504846305e-14,1.53245748579095e-14,1.544710661444e-14,1.41979548034889e-14,1.46818032145262e-14,0.999999999999924,6.01972445016493e-16,8.84560407821068e-16,3.8903219323683e-16
"spot_905",3.75704686350253e-14,0.0450055174653923,5.64942927364284e-14,3.92154953292991e-14,4.87159164267371e-14,0.954994482529015,2.26427246324044e-15,5.40771742281716e-12,1.10903134422659e-15
"spot_906",9.03615598224781e-15,6.30381273856608e-16,1.62214297870868e-15,5.37707149085459e-15,6.25276821957006e-15,0.875462057708761,3.23721326364339e-16,4.75633007867448e-17,0.124537942291216
"spot_907",3.17386494172108e-14,3.13660988687926e-14,3.48749429738291e-14,3.86391671071514e-14,4.15960997529481e-14,0.703160597985942,3.07063491303499e-15,2.31937661743848e-15,0.296839402013875
"spot_908",4.93528122906007e-14,0.0259497811512692,0.143197686956441,1.29282884184747e-14,0.45762269924396,0.347404711152929,1.26718009883229e-15,0.0258251214953366,1.30786634428775e-15
"spot_909",6.37683555801622e-14,6.39781592423197e-14,6.96189577188038e-14,2.82468502753233e-14,0.516932779516959,5.2395867932896e-15,0.236626162495574,0.246441057987234,1.15380164988482e-15
"spot_910",3.96639521404749e-14,7.74760387759788e-15,0.0725244922271905,3.98814740848833e-15,7.26130412781858e-15,0.000112407696748096,0.324435207361285,0.602927892714709,8.1254442147761e-15
"spot_911",2.13576091684302e-14,2.57682195440631e-14,0.00104327660786215,2.21499433909903e-11,2.93889353776487e-14,0.0416535408819384,0.294996567215301,0.635532469795031,0.0267741454776403
"spot_912",3.45713646755145e-14,2.6418180256988e-14,0.172826177392506,6.73545660302071e-15,0.00861752647646627,6.70030830134144e-15,9.35973002291392e-15,0.803370031097649,0.0151862650332943
"spot_913",1.63355836098846e-14,4.33852057616822e-14,0.391089185875787,6.1085916886117e-15,2.39790966992547e-15,0.000153996956174328,0.482171538618839,0.125687913613015,0.000897364936116923
"spot_914",0.00216179043853995,3.2176726354923e-11,0.0574403669147057,0.115300803046554,9.66577788547739e-07,1.8576417054493e-14,0.740292934721998,0.0618968209502385,0.0229063173179804
"spot_915",6.15193830117082e-15,2.85902451004397e-14,1.2903452722863e-14,2.39934275946894e-14,1.04953591661895e-14,3.44637420636373e-14,2.30291054171349e-14,0.98475365597977,0.0152463440200902
"spot_916",8.1437356913115e-10,3.2496562070975e-14,3.83094861712138e-13,0.0247797032169404,2.70875123820109e-14,6.79021055071866e-14,3.39798903051201e-14,0.97522029596814,1.37744308639353e-15
"spot_917",1.20880446629603e-14,1.46690211120744e-14,0.0537044225028103,1.97248933487456e-14,8.88382195449772e-15,9.4693008411453e-15,1.66129697538079e-14,0.946295577484756,1.23524064873329e-11
"spot_918",9.78309409603381e-15,6.69829045830449e-14,0.000352935885112797,1.78281309784848e-14,1.34016138836366e-14,3.29325945145631e-14,0.545763225165036,0.453883838949707,2.82905357315499e-15
"spot_919",1.82207463876742e-14,5.75953235081836e-12,5.69446619822951e-14,4.11310639922897e-14,6.20955431278158e-14,0.280099843568277,0.355595691394831,0.364304465030953,9.76218905115748e-16
"spot_920",1.95030077973914e-14,2.23998166968194e-14,0.36577092994264,1.63183999871438e-15,1.22754063595116e-15,0.633478632444282,7.52318115582865e-05,7.16833292576242e-12,0.000675205794306398
"spot_921",0.000171691979927044,0.68441696772251,1.77047266093759e-16,9.19649615799257e-16,5.50439669787389e-16,2.34895444755318e-09,0.315411337864475,8.41315611840045e-11,1.05272012256542e-16
"spot_922",3.727644857685e-15,0.999999999999995,2.29848759507248e-16,2.60610204069603e-16,2.02799994447003e-16,1.93498573177542e-16,1.58501745327293e-16,2.41406500927074e-16,1.82756824764434e-16
"spot_923",4.63551421121883e-14,0.461633135470817,4.23212382554865e-12,0.511178457488869,0.00395435014058756,1.00844798893714e-15,0.0232340568954446,9.75777588766687e-16,1.87906206398089e-15
"spot_924",1.40361430604185e-14,2.29055097895233e-14,1.46149147377289e-14,0.99584498322564,0.00050164648513433,0.000211009871777904,0.00344236041370316,3.69291815705786e-12,3.69316310839498e-16
"spot_925",2.49931727100982e-15,5.17236452144268e-06,0.00178302326186557,0.945599599745142,1.37306696703466e-16,0.000146385787939715,3.56854794265522e-17,7.9752724040798e-18,0.0524658188405289
"spot_926",2.227969154638e-14,9.29951076290523e-11,1.96946226003724e-14,0.998785766810267,6.88574137617254e-16,0.000138005326251318,0.00107622777044232,5.56514973748956e-16,8.96211139071497e-16
"spot_927",1.42979164291411e-13,0.000299609356578872,1.06124481144019e-13,0.885126818487031,0.106790144393346,2.93669133721557e-15,0.00472184009844445,0.00306158766434615,2.18323063336785e-15
"spot_928",2.64038552435072e-14,1.61762854396016e-14,2.66517567594894e-09,0.99426342895538,7.56004686189566e-16,4.60992257441398e-16,0.00396275415820594,0.000902998915193317,0.000870815306001074
"spot_929",2.83427699314645e-14,5.42673301836846e-14,8.79518997749333e-11,0.984788732761246,1.12439702978204e-15,8.12669070995185e-16,0.0152112671507162,1.25849288581167e-15,4.15886760857234e-16
"spot_930",3.08581686114138e-09,9.79839498564894e-06,2.79890919870949e-14,0.99356113316398,7.70158611879045e-16,4.70945289309316e-05,0.00638197081242641,1.38300319650404e-11,9.12126589233374e-16
"spot_931",0.0428339473028541,2.26044568963586e-10,0.0498883816683555,0.0436893357895662,0.0020611251194195,0.156489016517479,0.0367694470594687,0.0440758197892719,0.624192926527541
"spot_932",1.14527417338394e-13,1.16927240678384e-13,1.48844236495297e-13,1.26317680371134e-13,1.14878989462973e-13,0.142516785563265,2.81015529755451e-14,5.19921814945213e-14,0.857483214436034
"spot_933",7.439247171807e-14,7.48510383200828e-12,0.230086500944311,2.25787850514372e-14,2.73995055896298e-14,0.418517529509411,5.61853487009654e-15,0.00499057253164361,0.346405397007019
"spot_934",1.85998103478457e-14,3.38826447469066e-11,3.16289872501569e-14,2.14000061220044e-14,0.0108293542645603,0.989170645701482,1.16043261623892e-15,1.48113425758087e-15,5.16237223425979e-16
"spot_935",3.38751349700332e-14,4.35199736175989e-14,5.80830899207996e-14,4.33228186206358e-14,4.48909964748339e-14,0.809731212475457,3.0496711579828e-15,4.53425769611354e-15,0.190268787524311
"spot_936",1.8660527683609e-14,1.12280940139559e-06,1.4616866745158e-14,0.000364867590445581,0.000636083177261087,0.915320637469377,1.07727555837631e-15,1.26936318628765e-07,0.0836771620171621
"spot_937",5.3082310643417e-15,2.99733297260264e-15,2.56098240732047e-15,3.39043511245057e-15,3.93536671601859e-15,0.61830115284023,3.24782698617546e-16,3.44300665001411e-14,0.381698847159717
"spot_938",7.18252647697475e-14,0.129852305038965,7.13248225838243e-14,5.67137931518513e-10,5.20681025142522e-14,0.677968059968862,0.192179634424827,9.20705534883155e-15,3.25125984119546e-15
"spot_939",2.58394927893453e-14,9.68334226402834e-07,1.1387289801722e-14,0.000776051342000373,0.680805133049155,0.306775134832179,1.43591545818174e-15,3.05629635312503e-16,0.0116427124424007
"spot_940",3.60248049335634e-14,0.0780214485076052,0.000112211509163094,0.0728223578342553,0.252876903149988,6.96841534377284e-15,0.0622004379077432,0.525785912686443,0.00818072840475913
"spot_941",6.50708940249409e-14,9.54685034349127e-07,3.13042571939162e-14,7.12142691617759e-10,8.60970881923011e-15,1.91828378986363e-14,0.739987345248074,0.21528388763806,0.0447278117165655
"spot_942",2.95383875482757e-14,0.0259712747593501,1.84708050455839e-14,1.95004415550947e-12,2.35316197455171e-14,0.112120251663092,0.159570975698129,0.702337497877407,9.49265778244213e-16
"spot_943",9.3747406040539e-09,0.0176236441215773,0.0575826534473318,0.0184309430393731,3.1322968902913e-05,0.000714359808311392,0.411747479183108,0.493869588056654,1.2362603439989e-15
"spot_944",5.50308943300427e-14,4.35816215538672e-10,0.215275201040161,0.0288143769180677,1.32295545609043e-14,8.51439535528848e-15,0.530930370303685,0.224980051302182,1.18921829247722e-14
"spot_945",0.00869233263724336,0.0159888612973806,9.40346739096185e-11,0.0537436351338132,5.64476571370296e-15,0.0081567731432497,0.0487729056180034,0.860910663778343,0.00373482829792594
"spot_946",2.00949391927292e-09,1.72093747741264e-14,0.0164358544370991,0.0054150257588525,1.73110560520393e-14,0.00722573451319725,0.380119253157349,0.590776143264276,2.79868596972595e-05
"spot_947",1.30531064333203e-14,2.91562946832336e-14,5.5856333692865e-11,3.33145770199968e-14,2.64365463735815e-14,2.32819336264896e-14,3.66882198469365e-14,0.992150186665587,0.00784981327839499
"spot_948",2.13738552332788e-07,2.26211720346438e-14,5.90114078928296e-07,1.58721088213712e-14,2.01194472834911e-14,0.0678659706369688,0.275868340574362,0.655735080080861,0.0005298048551182
"spot_949",0.0279920859635971,1.7272178569946e-14,2.81257566625929e-11,1.34061723347635e-14,0.00568050654239401,2.01047972028852e-14,0.180590587296156,0.785736820169675,1.42074045027259e-15
"spot_950",4.38789445130247e-14,1.79495731378908e-14,1.08277203973545e-07,1.14718436004979e-14,0.0467134910201576,1.18491067543443e-14,0.362287550032585,0.590998850669967,1.14398120171772e-15
"spot_951",5.08769322996054e-14,3.98047694650778e-13,1.77575364426117e-12,4.07413038542662e-14,7.03517341764842e-14,0.500574300901173,3.25360556696798e-15,0.499425699096487,1.05932594431537e-15
"spot_952",4.27444120181503e-15,0.999362127093003,1.1492585725732e-16,0.000324091211276746,3.1472214904466e-16,1.5311200475021e-05,0.000274842340060858,2.36281551798627e-05,1.00056798790843e-16
"spot_953",9.41538375369585e-15,0.897458133132283,5.19776123519888e-16,0.0993697015422592,0.000329946759162099,4.05241359611902e-16,0.00284221856628401,2.93494615540376e-16,7.02763114632408e-16
"spot_954",2.10569930707312e-14,0.000217321261466414,2.09116675845352e-14,0.987572562707091,0.00137960736675298,5.98099097740636e-16,0.0108305086646464,8.10665652998396e-16,3.02270288378969e-16
"spot_955",2.28322185785742e-14,1.19636255671366e-14,2.1022266164774e-14,0.997645177292548,4.19062201885824e-05,0.000757349264030822,3.62029721813382e-15,6.63570135888801e-16,0.00155556722317236
"spot_956",0.00607704876319838,0.333952775510797,8.29034245302943e-16,0.658951842029774,4.87331089573858e-14,1.88474041508625e-16,0.00101833249417452,1.2020064805313e-09,7.07005453612222e-17
"spot_957",2.28604117598257e-14,1.73885398021717e-14,1.4288779780576e-14,0.926508662667425,0.00704503808083998,3.89816982689094e-16,0.0664462992516797,4.26910504090999e-16,1.93807905701715e-16
"spot_958",6.12004002891796e-15,5.48380143304357e-15,4.87217301507161e-15,0.980551435403409,2.76854812204558e-16,2.38979049708314e-16,0.0194485643410036,1.23200911086281e-16,2.55569846037e-10
"spot_959",7.81812849641499e-14,3.40398436004038e-14,8.35912791853896e-14,0.926685097536798,0.0356282905239881,1.6950949042066e-15,0.0376866119390118,3.48382928668099e-15,9.84682554071605e-16
"spot_960",4.93831255487509e-15,0.000212518536062692,8.18374643517668e-15,0.998503134679795,0.000108241969010302,0.00117610481511865,9.57259031243555e-17,2.16104446153561e-16,1.57890590084008e-16
"spot_961",3.69916696513157e-14,6.425430340765e-15,6.27314290656143e-05,0.987076406640927,0.000460000480400756,0.000546778176752602,0.0114793583205993,0.000373886487734285,8.38464477087114e-07
