"","Endothelial","CAFs","PVL","Plasmablasts","T-cells","Myeloid","Cancer Epithelial","Normal Epithelial","B-cells"
"spot_1",0.11111780703694,0.00472138489786199,0.00930187146685716,0.0939923086994542,0.101068215555647,0.00954222173982531,0.5882883638133,0.0711479456826909,0.0108198811074234
"spot_2",0.0130683132938221,0.0098295975850485,0.00236564861424885,0.0699767428541122,0.101420664329872,0.0771105264457956,0.612078965426753,0.0969363959676714,0.0172131454826753
"spot_3",0.034686085560107,0.0162609868226988,0.0101683549177629,0.056088465242101,0.163296439425133,0.150549620267675,0.498064526937604,0.038054620008551,0.0328309008183676
"spot_4",0.0176741019037946,0.016003539733764,0.00536203345506537,0.0914207616725186,0.194114030434375,0.132203816552282,0.470694318399597,0.034444685426806,0.0380827124217978
"spot_5",0.0264444452181003,0.00780939298527361,0.0089119440160945,0.146678583434859,0.0525860132278237,0.0433993182867228,0.60316515000271,0.109133042777453,0.00187211005096333
"spot_6",0.00930863764908088,0.00546794715440337,0.00147343648057858,0.104823554583215,0.0108352351183768,0.0011966146737802,0.778420312602589,0.0879622666307376,0.0005119951072388
"spot_7",0.0029177146129399,0.00743521979524482,0.00106900306376933,0.109950528529274,0.0255839944532551,0.00243881384491722,0.730697968413644,0.119672009124345,0.000234748162610622
"spot_8",0.189114292174872,0.00668624658158303,0.00329892589565106,0.102860507154859,0.0344558193017154,0.00232510784442349,0.607224021919605,0.0531175610863312,0.000917518040959361
"spot_9",0.227737483532081,0.00905074862459507,0.0110425714977165,0.0311313214430734,0.0240960753798485,0.00286551999252903,0.501102547518141,0.190477855639642,0.0024958763723732
"spot_10",0.208313549703058,0.012128745262569,0.00124108787793074,0.0684097663580619,0.0366322892294847,0.00316461561661296,0.570662577995791,0.0973957435378675,0.00205162441862408
"spot_11",0.0865084857696364,0.00624711684092581,0.0011195627867615,0.0992998558845544,0.0342932486689556,0.00196554211660147,0.640042711721537,0.129976984445738,0.000546491765290548
"spot_12",0.392114105166518,0.00901411948738659,0.00250537579372601,0.041055227505091,0.0298651691239073,0.00120921602135707,0.369900697914201,0.153807286429436,0.000528802558377397
"spot_13",0.00161496575167982,0.00573199859601861,0.00104325556469872,0.0805495658652135,0.0100337067056201,0.00151669051869445,0.823532666748045,0.0756863709710412,0.000290779278988223
"spot_14",0.418357993283787,0.00821908265508732,0.003364433909474,0.0480523687518128,0.0358960158684286,0.00055169173194297,0.369937363205213,0.11523700117867,0.000384049415584575
"spot_15",0.414508417436249,0.00627988166863545,0.00660711579666963,0.105832477699249,0.0537473670960124,0.00167533636611166,0.354403069478115,0.0558611021579859,0.00108523230097149
"spot_16",0.148177892524887,0.00825777337645237,0.00321891882745221,0.0405069855974558,0.029433779556212,0.00103180752857317,0.628343321555976,0.14076577182162,0.000263749211372086
"spot_17",0.427261888818121,0.00548320202318464,0.00376362057998828,0.0440622448649149,0.0286273853147536,0.00114350565730326,0.413416816229269,0.0748301096832398,0.00141122682922491
"spot_18",0.724072686130465,0.0168645803174079,0.0112580097556953,0.02120715898134,0.0462574315629053,0.000237522018845059,0.114783884179989,0.0651489918473445,0.000169735206007968
"spot_19",0.121624850590234,0.00535997605156792,0.00194710600118299,0.107448213432811,0.0363536294457243,0.000887863790261668,0.619310331777822,0.106070864595785,0.000997164314610617
"spot_20",0.253379078418932,0.0124760410291639,0.00307480654908497,0.090955086373524,0.167374282089257,0.0599978929042749,0.311183419132853,0.0868598441150876,0.0146995493878215
"spot_21",0.11784996497449,0.330108027556465,0.203995960648559,0.0245208690931795,0.0287725007268499,0.000214223027146284,0.0487595409085533,0.2457728929322,6.02013255646162e-06
"spot_22",0.0604548887875661,0.0559516669942655,0.54149291797819,0.0859174177119973,0.0620268047137033,0.000713868763248407,0.103312438729055,0.0900345541706597,9.54421513145159e-05
"spot_23",0.0174245668916612,0.0413825610389398,0.572043742138438,0.0202571578212005,0.0559325334470022,0.000280580550156215,0.1659725554773,0.125856992787373,0.000849309847930009
"spot_24",0.0734816046278467,0.14007422604177,0.422510271084808,0.0767718133749009,0.0988857230075674,0.000471054582946961,0.105239786059037,0.0824566756644649,0.000108845556657782
"spot_25",0.0776131710229983,0.0876230641665897,0.483615208468201,0.081469801399119,0.0453203367027938,0.000731235933964664,0.107383216515875,0.11616714585597,7.68199344890553e-05
"spot_26",0.103026029272489,0.117433581433164,0.454103112989771,0.0888726685154886,0.0794371994266031,6.27362902511363e-05,0.114412483019922,0.0426389333341055,1.32557182064008e-05
"spot_27",0.0313412995918752,0.0712327774986975,0.566405942386363,0.0502609429545285,0.0662451588192439,0.000430052319470082,0.12763983388235,0.0862011161923758,0.000242876355096123
"spot_28",0.081678863294497,0.148711475289908,0.449083818514061,0.0899145220948804,0.0831249468916039,0.000239801403316654,0.105761377647061,0.0413252170085797,0.000159977856091747
"spot_29",0.033457590627031,0.0585243118353799,0.539822641076085,0.0832405661943958,0.0893226902926018,0.000900524389550454,0.0708654066010525,0.122977308838548,0.000888960145355147
"spot_30",0.0163156291982178,0.0388847223181897,0.109007020826417,0.0875063418396485,0.0237404724678416,0.000990049930093001,0.577241573530619,0.146083632247657,0.000230557641316702
"spot_31",0.0090805613136529,0.00454142481402344,0.00233627307501057,0.0637341896189927,0.0169970520223919,0.000822790835811854,0.791431228200486,0.110697434074095,0.000359046045535758
"spot_32",0.0325872176667079,0.00462508438687813,0.0016626156008329,0.0888035976141976,0.117481643996326,0.040357147574984,0.61369893540698,0.0786665556361728,0.0221172021169212
"spot_33",0.0176591483956544,0.0056500186113909,0.00100760368341913,0.0838604048340467,0.0322186167928992,0.00131990736345238,0.716263334303878,0.140518703609609,0.00150226240565004
"spot_34",0.0367447810580572,0.0169035193479316,0.00651326426003153,0.0760337363790105,0.17111493400379,0.125818080927783,0.51888680472706,0.0378325924310586,0.010152286865278
"spot_35",0.0185167427126839,0.00502686947069135,0.00131441508321368,0.0809824193588927,0.0710010257593457,0.013234711341327,0.673735813295082,0.125825690925615,0.0103623120531492
"spot_36",0.0972974614287228,0.0120498337971653,0.00854304915878254,0.089434268459039,0.0783744890313615,0.0243366466661649,0.608273173069537,0.0767883912810763,0.0049026871081509
"spot_37",0.23243204869521,0.00793443865690157,0.00581332996614245,0.0542224788342988,0.0293169452447895,0.000462814567129654,0.572366121708671,0.0972015888736742,0.000250233453183341
"spot_38",0.00256675912878338,0.00524554213222501,0.00115926598901025,0.0914049940003366,0.0242107197182149,0.0051769956103361,0.766293627971851,0.10381979667475,0.000122298774492469
"spot_39",0.230079700378119,0.00660318607682043,0.00392711112289239,0.0665649708632116,0.0279190863888025,0.00174225686213574,0.577309066800282,0.0851600184092487,0.000694603098487059
"spot_40",0.248096904314744,0.0102451639733364,0.00290325204043782,0.127305946448978,0.0110371616709958,0.000242383482034147,0.522279911959798,0.0778478043560982,4.14717535783374e-05
"spot_41",0.236736629779331,0.00643309943180277,0.00288889604868607,0.0876998154261919,0.0194015866438094,0.00114878639482652,0.568346073331279,0.076572739957302,0.000772372986771502
"spot_42",0.293378141740273,0.00154729171228887,0.00119167482454364,0.050916841466523,0.041343350769208,0.000428463009494705,0.502338021610214,0.107486483536759,0.00136973133069584
"spot_43",0.353584045220363,0.0111713598040793,0.00633928622873824,0.0171898996808513,0.0198812250579591,0.00070743531094385,0.534674457023373,0.0561910907357145,0.000261200937977814
"spot_44",0.377656915291064,0.00658491670449928,0.00377985329393993,0.0412502687150874,0.0272684211421943,0.000972258925762657,0.445876881773813,0.0953957019545706,0.00121478219906912
"spot_45",0.124715000533032,0.00693118042765423,0.0150036116416852,0.0117976402548512,0.0105277027785108,1.77076424978335e-05,0.760642469692603,0.0702161447153763,0.000148542313789371
"spot_46",0.439787135038939,0.0105957078687851,0.00583378638403146,0.0448533453762095,0.0285769272961193,0.000757845463744857,0.365913693406235,0.103172457634352,0.00050910153158349
"spot_47",0.0210528416219313,0.00695118958940945,0.000730699643497479,0.105539772256673,0.0188790006423157,0.00089192064674612,0.714118785034621,0.131504969176023,0.000330821388782056
"spot_48",0.00578842217880293,0.00490310442186174,0.00061705338242338,0.0933748746028404,0.0258061087712309,0.00146906345988704,0.713933969459033,0.152832393888923,0.00127500983499715
"spot_49",0.294207825929864,0.0110243547289405,0.0131447804936276,0.048765567025415,0.0444347280572336,0.000442099983392204,0.514179669801641,0.0736865889726395,0.000114385007246079
"spot_50",0.0975266583968738,0.00644341689158557,0.00256203505239512,0.138726009915807,0.0180996394271899,0.00158054488270407,0.657968570532741,0.0760836374707598,0.00100948742994423
"spot_51",0.541140136763676,0.0118773623473638,0.00335863151293461,0.0314925766716813,0.159812286385254,0.0539630464687393,0.0754257429501727,0.0974281105844497,0.025502106315728
"spot_52",0.117635985033811,0.288361416001217,0.0423828649765683,0.0277434736367841,0.0968132427382339,0.130563750311788,0.14731560932044,0.133530139065288,0.0156535189158701
"spot_53",0.104064372296515,0.18227765507878,0.30112771371275,0.051246020480039,0.116107659722079,0.022185602691132,0.049452082344879,0.16531764812694,0.00822124554688675
"spot_54",0.0226075913483005,0.0775115520506245,0.510618315836501,0.0799253113924468,0.0781924832218774,0.00609064505089372,0.0742948116811678,0.14998897473297,0.000770314685218147
"spot_55",0.0708143215638597,0.0651577329818226,0.432798872555664,0.0935689404300551,0.0936858642632823,0.012714867150941,0.0930407587741032,0.12362121460259,0.0145974276776825
"spot_56",0.0548222949478204,0.0662337686125237,0.527112846579419,0.0597512608603147,0.0692752687960329,0.00165001417101763,0.115582495262793,0.105218532906044,0.000353517864034853
"spot_57",0.0083364791894683,0.0752283878045054,0.557486371198594,0.00495020136100865,0.0754062584799558,0.000291299917328994,0.0112770840894344,0.265465660003392,0.0015582579563126
"spot_58",0.0429879059648387,0.0497533069514626,0.576043253196674,0.0395675556395086,0.0725025163804694,0.000482114687409749,0.167111155394197,0.0511226901963378,0.000429501589101943
"spot_59",0.0514314837141648,0.0926021926521871,0.544122927232927,0.0273350220537358,0.0614242535358941,1.58856320137682e-05,0.0817276196553484,0.14127364377094,6.69717527889273e-05
"spot_60",0.029037982558377,0.0229101247365597,0.584926584452725,0.0441049408556738,0.0838491602510125,0.000771221664219457,0.043314271112948,0.19042915028377,0.000656564084715098
"spot_61",0.0253711046640085,0.0117980219469448,0.0350062334623457,0.134823838304329,0.0146264130267477,0.00324478799546228,0.658426475771766,0.116006278236975,0.00069684659142043
"spot_62",0.00484867766488926,0.0098931953273384,0.00280448510534559,0.0823615983973646,0.0279484442730158,0.00766889724622491,0.789983547600808,0.0661061076329728,0.00838504675204032
"spot_63",0.234061471458589,0.0258732454593775,0.00844584030606102,0.0336835559522882,0.327862386387773,0.168727119612936,0.144502210855423,0.0254700420474681,0.0313741279200839
"spot_64",0.0242409660148991,0.0104808110670929,0.00299669317935582,0.067152251935312,0.1292721040051,0.0700504184569932,0.594900720021923,0.0676588797507469,0.033247155568577
"spot_65",0.0436461346998078,0.0154159708918073,0.00349951973962372,0.0500488747661375,0.120320166464709,0.0842457553000234,0.543058897689371,0.105048826158286,0.0347158542902344
"spot_66",0.0892660664846633,0.0213572220004903,0.0270484697329304,0.0388144881704194,0.257120070292697,0.254909528821403,0.258031877759388,0.0254647912026677,0.0279874855353406
"spot_67",0.0246955555085445,0.0151639645315811,0.00440212408714421,0.0884207770709188,0.142436705157304,0.0836761693769401,0.536876763024787,0.0928945989481572,0.0114333422946233
"spot_68",0.043263799515061,0.00362214415183015,0.000989974721674761,0.148068317488885,0.0312650928708164,0.0111155443927976,0.633820092363848,0.0907012089163559,0.0371538255787321
"spot_69",0.282910351442969,0.0122903946652371,0.00176120775407464,0.0741547881875411,0.0862591586412023,0.0469090690153793,0.370992279308613,0.0968908953042524,0.0278318556807314
"spot_70",0.371882033362263,0.00696288935540013,0.00160552390214384,0.0464216124357656,0.0456829077559659,0.000965094250835484,0.278262121894982,0.247410674362039,0.000807142680604796
"spot_71",0.00744645131335485,0.00321098422803673,0.000980940077288797,0.0543335629944926,0.0218112712843546,0.000918032573524082,0.779988133146817,0.130916276414644,0.000394347967487241
"spot_72",0.212497601789595,0.0100347087491385,0.00322866281231683,0.0524168359808613,0.039479134718343,0.000909542569249541,0.566841656876264,0.113874554838906,0.000717301665326004
"spot_73",0.256982189503145,0.00966874266355022,0.00432824444100317,0.0544219672552239,0.0230122546134528,0.00144857412407075,0.588075673376741,0.0609353071479221,0.00112704687489074
"spot_74",0.106345715394053,0.00585157869678495,0.0015086834026856,0.131825947410566,0.0191386560083991,0.000853855497468389,0.643172415128325,0.0901583386977135,0.00114480976400476
"spot_75",0.289695528474985,0.00694279021354327,0.00179725439087715,0.0350380698295805,0.0265204450445588,0.000612645421298071,0.519274504268687,0.119388588285191,0.000730174071279063
"spot_76",0.0167068121500396,0.00240093410802247,0.000823586410006154,0.0857419575666033,0.00502092231706187,0.000639489595849484,0.775985440095771,0.112545430964035,0.000135426792610996
"spot_77",0.392477655915923,0.00937435180663065,0.00587419102680203,0.0715457706643478,0.0404787623828207,0.000318648231127785,0.408210628464163,0.0713518361855098,0.00036815532267538
"spot_78",0.294679538765864,0.0192309003047211,0.00427634284890992,0.0454092429279107,0.0270697253044101,0.000187940498017626,0.534943152210953,0.0740817890179324,0.000121368121281443
"spot_79",0.757734474208791,0.0122677930420952,0.00623561682206489,0.0108930148070636,0.0527866896227045,0.00056294061120067,0.074811116541993,0.0840894782352888,0.000618876108798151
"spot_80",0.229111902604721,0.00878370474638532,0.00245211163756674,0.0818903290328565,0.0282252314212001,0.00199222466524309,0.524514149044903,0.122413585440916,0.000616761406208086
"spot_81",0.0197387854663449,0.00657243056044793,0.00109468600584921,0.101359172969965,0.0477711345975854,0.0028581953086316,0.659045729693776,0.159899217998433,0.00166064739896598
"spot_82",0.0504999708285625,0.0208558267863256,0.0160734561747067,0.0273673268520804,0.338104179339927,0.260781536579475,0.20885395482922,0.0305479099152866,0.0469158386944162
"spot_83",0.0964071086828806,0.368473327363157,0.0761084750105536,0.0516074904807861,0.134454724943444,0.0311048461118966,0.106831066213323,0.110309852278377,0.0247031089155824
"spot_84",0.0885956997482009,0.548665049388612,0.0816376728285384,0.0301352726559719,0.0525668110207206,0.00103461178289339,0.0598899052234331,0.137360526196649,0.000114451154981076
"spot_85",0.0303119972866448,0.0249871748940646,0.556389351998124,0.0518358761761488,0.0844434707688016,0.00117761900828149,0.108001527532256,0.141172416543132,0.00168056579254768
"spot_86",0.0350751976409052,0.0209834937841816,0.544818384245087,0.100669402224719,0.0648885624649259,0.00149405647720538,0.127409199902177,0.103744045082287,0.000917658178512234
"spot_87",0.147575420889046,0.0240555377662631,0.457694454370394,0.0792486219378381,0.0934260518999962,0.00110075182928045,0.0483906531591374,0.145934663213876,0.00257384493416915
"spot_88",0.0314823017355864,0.064991655422774,0.578914139309287,0.0691937660943526,0.0527330622309223,0.000254460634817319,0.0825230024310873,0.119671400306215,0.000236211834957889
"spot_89",0.0202478043469425,0.0823764356566279,0.516804699706676,0.0623424874122269,0.0665583555526796,0.000756733295783728,0.0553885614713295,0.194587887612228,0.000937034945505891
"spot_90",0.0226410477220766,0.0526556255034396,0.605473856319947,0.0251299844597298,0.0661761088320869,0.00107374799009576,0.0731001726284839,0.153568042343952,0.000181414200187904
"spot_91",0.00492396187310555,0.00602332397154104,0.278260127882737,0.00600566563353022,0.0180192392248642,3.72363495261636e-05,0.56323091176851,0.123440357977816,5.917531836982e-05
"spot_92",0.00708214249673925,0.00537130034028402,0.00278353759944844,0.11131401525315,0.00504479452745432,0.000351814639940067,0.815275151399257,0.0527274250117825,4.98187319445789e-05
"spot_93",0.0119777159794962,0.00620600170027751,0.000885497469633745,0.114654302421312,0.0259197395668688,0.00199570657418718,0.709225051829635,0.127110359948638,0.00202562450995184
"spot_94",0.0191609760626766,0.0067884456261588,0.0019851379526587,0.0618024347570009,0.0615556838642699,0.029838943274394,0.692629292456924,0.116970456946491,0.00926862905942557
"spot_95",0.0475385292640509,0.014895534937611,0.00995484460462163,0.0938848242381223,0.169811368347891,0.162689179473788,0.418125790456439,0.071440239787005,0.0116596888904711
"spot_96",0.0325234638555224,0.0133731677899099,0.00802729755696958,0.0765326402303227,0.118864788003197,0.0516740249405926,0.609517717564293,0.0724612763435682,0.0170256237156244
"spot_97",0.00611231301221818,0.00593684813638995,0.00111815669640287,0.0464850440346836,0.118260268416406,0.033655950593194,0.643755327635726,0.119972132221913,0.0247039592530666
"spot_98",0.0130025952459081,0.0116259815072457,0.00369404981505151,0.0579532124197755,0.108804336727759,0.0850364683209328,0.632624796808927,0.0661318046489375,0.021126754505463
"spot_99",0.070997955297775,0.00365067384017246,0.000236312185662958,0.120678780200018,0.0154659494458534,0.00183722907220511,0.659882592085107,0.124872004577733,0.00237850329547361
"spot_100",0.181856311121431,0.0104395764684268,0.00818132840738327,0.0771717314382094,0.12725782591158,0.0801969760823932,0.447000172021674,0.0527051122680524,0.0151909662808504
"spot_101",0.309591140876497,0.0163049034452004,0.0147003462960644,0.0611693737663713,0.0311549673961721,0.000653116541296165,0.477740931313899,0.0885859420315937,9.92783329055353e-05
"spot_102",0.250277805043948,0.00120407689486095,0.00103335192141456,0.0994318732447599,0.00418336206944503,0.000264203005827499,0.512893374181042,0.130433760546163,0.000278193092538809
"spot_103",0.16813639026688,0.00925084608479052,0.00235024878164081,0.0715282760631203,0.0230532380661677,0.00139857795088681,0.614395442731317,0.109375561382199,0.000511418672998826
"spot_104",0.35393974700162,0.00720905178496645,0.00452097315872634,0.0477220630431084,0.0318381576500946,0.00130181204308984,0.457115368957411,0.0953244672511473,0.00102835910983636
"spot_105",0.31919107975007,0.00762702614990789,0.00784910408709566,0.0394618200031304,0.0335537787062873,0.00133162587214139,0.386413340706029,0.203805568309103,0.000766656416235528
"spot_106",0.0254250649947486,0.00907308589865114,0.00119979359897007,0.126634411415509,0.0216580900943416,0.00132325968677434,0.712969150844627,0.101472037919608,0.000245105546770363
"spot_107",0.276942767735502,0.0109170774563908,0.00366296961847979,0.0842060801200542,0.0443804705325753,0.000628311685666693,0.475717986708914,0.103377261610775,0.000167074531641857
"spot_108",0.430433623866564,0.00833716067195146,0.00308603186759936,0.0451003276394719,0.0370455416358584,0.000804045190585086,0.376990721390372,0.0977004417753763,0.000502105962221431
"spot_109",0.22389406883966,0.00734465453504528,0.00855585012391108,0.0172747835788764,0.0607330470141647,0.00323559083653852,0.566328511278155,0.107456211213009,0.00517728258064035
"spot_110",0.356507979416836,0.00731394002548067,0.00355695262159075,0.0291586524289238,0.0388388615750902,0.00160720366124567,0.481759962600462,0.0803856500128686,0.000870797657501988
"spot_111",0.086210857582413,0.00815661907147152,0.00415354559897663,0.0874797832146913,0.0203035469045459,0.000595672491968555,0.726413129259211,0.0661821790112555,0.000504666865466602
"spot_112",0.353608519021998,0.00580697319711738,0.00197240408631094,0.0370047598924113,0.0456176552824601,0.00109283025686974,0.36085465295795,0.192916927061806,0.00112527824307742
"spot_113",0.199752330814224,0.0124010871329365,0.0241305640508371,0.0269466891530743,0.157142180547869,0.0949505050204586,0.22702101734599,0.230531166973827,0.0271244589607834
"spot_114",0.264521102144326,0.324408750221688,0.0270663775325872,0.0693883277325663,0.103678590345303,0.010715627425501,0.0688256328556926,0.127249547085067,0.00414604465727002
"spot_115",0.0846379111509617,0.40299960965101,0.191603466542581,0.0517972986396531,0.0654353478800832,0.00164310066982729,0.0831280494952901,0.117869914407982,0.000885301562611318
"spot_116",0.0790474561755492,0.212847621241356,0.363014899040424,0.046672383754993,0.0791439014118693,0.000839351462585751,0.140015249087459,0.0778409211681231,0.000578216657640673
"spot_117",0.0256716578217847,0.0264809808684763,0.334788773215945,0.102075808092048,0.323344915641137,0.0015289109134447,0.063498398669215,0.109582916870377,0.0130276379075731
"spot_118",0.0542912573282848,0.0539621023170979,0.529270506683565,0.0555748065010649,0.0617784299020156,0.000673407899787256,0.122807207289654,0.119434822441627,0.00220745963690347
"spot_119",0.032691709688608,0.0209978322347195,0.655558123990831,0.0289192518327585,0.058495698211414,1.48638051775582e-05,0.124750106888179,0.0784661362815804,0.000106277066731373
"spot_120",0.00372328695307489,0.0172261725800778,0.434293775453299,0.0615475222111946,0.0404198649666414,0.0022307433553207,0.271655992781594,0.167710338302458,0.00119230339633896
"spot_121",0.0142057270090293,0.00343520072829991,0.00113726759931948,0.0714288886861928,0.011055836936516,0.000533266093128256,0.811075411026381,0.0869447385792103,0.000183663341923455
"spot_122",0.00796489554839905,0.0046946080115507,0.00159829389482267,0.0916217331725587,0.00884709598384001,0.000878294398061585,0.813357496396805,0.0707499558395524,0.000287626754410243
"spot_123",0.00967294987465636,0.00880201310922759,0.0194625127069102,0.0721361203015101,0.0639310461234063,0.00181638178502082,0.553846270485436,0.268304909950858,0.00202779566297456
"spot_124",0.505838365934347,0.00391806133415723,0.00168943258390244,0.0133206602392341,0.0413917031775546,0.000271598098351745,0.330776390876754,0.102179757238865,0.000614030516834347
"spot_125",0.00566168349231103,0.00472422219507593,0.00105979078969707,0.0904657662550333,0.0264902163693825,0.00759645902811832,0.744968841239075,0.117302894578601,0.00173012605270584
"spot_126",0.00620050821595198,0.0041132794062947,0.000763550614653516,0.0736399691838194,0.0067469895347906,0.00153047169351411,0.795804093766775,0.111127714132346,7.34234518549673e-05
"spot_127",0.142684534037251,0.0235887322431864,0.0216752402544494,0.0358320120589925,0.329598396444311,0.170448127250442,0.176838663913165,0.0414462046399114,0.0578880891582908
"spot_128",0.0362279187233613,0.00870441751317502,0.00137960417909496,0.0812854856663283,0.111718913649639,0.059718177252138,0.597426934024482,0.0886189098743042,0.0149196391174774
"spot_129",0.0369500955249485,0.0222014349127518,0.00770335212644758,0.153999205586889,0.127299890577841,0.208105038194058,0.382536336787858,0.0368828710848698,0.0243217752043356
"spot_130",0.024142186124229,0.0123182883622842,0.00766784308898191,0.102847802115044,0.0858272546535102,0.0687556447714363,0.605381890674098,0.0729988199240969,0.020060270286319
"spot_132",0.139905923653934,0.00255523958707756,0.00134783384989001,0.133697489318805,0.0227048812268571,0.00548435344795152,0.598990728199645,0.0899957105288244,0.00531784018701577
"spot_133",0.505516636424362,0.0120466092828935,0.00630063133493557,0.116867905976037,0.0355759824622698,0.000387488718196836,0.276374722530261,0.0463726756441652,0.000557347626878778
"spot_134",0.537194508668225,0.00517743468325219,0.00474131128299628,0.023383542628197,0.0381036145497729,0.00138944275689134,0.313145132399597,0.075844263054178,0.00102074997688972
"spot_135",0.256739646955879,0.00717477495951127,0.00533909727700866,0.0579721709938016,0.0328847706185947,0.00208473879140187,0.576582389077807,0.0603228747988399,0.000899536527155261
"spot_136",0.255948494231541,0.00859986362617533,0.0028603967377281,0.0765535049658766,0.0337984620278364,0.0012900871302683,0.526673837396531,0.0934853365465047,0.00079001733753896
"spot_137",0.207469554440063,0.00741706956435936,0.00345579479024352,0.0848821547673056,0.0465751503348425,0.00362905311450498,0.564760116298475,0.0795087726772822,0.00230233401292471
"spot_138",0.227533760026635,0.00466947278468641,0.00283809793679301,0.0554728532092171,0.0563603703472938,0.000939381530042223,0.505373799379559,0.146211200629464,0.000601064156310226
"spot_139",0.302849496337028,0.00948894270263192,0.00727290837339565,0.0514452922973545,0.0386902244477064,0.00149142729979971,0.405525008429115,0.182418823331316,0.00081787678165336
"spot_140",0.733059711277209,0.0112918550600416,0.00414958619706445,0.0198268397286967,0.0571126517035482,0.00160187197238117,0.0933346538892306,0.0781108192724961,0.00151201089933217
"spot_141",0.179862071543032,0.0074494636138474,0.00246670414426402,0.0918154291694868,0.0186821035066478,0.00158540111218395,0.493499451129985,0.203590774050351,0.0010486017302015
"spot_142",0.216323517638903,0.00738110157623588,0.00258825264990509,0.0820554900796595,0.0293695559188455,0.00176596873228488,0.553234962849211,0.106052063015168,0.00122908753978663
"spot_143",0.0290058708718537,0.00550423779312906,0.00116872670602866,0.0712423937563219,0.0338256718431257,0.00152992612689661,0.727434537925494,0.117727315642944,0.0125613193342063
"spot_144",0.305656578223903,0.0238991359954341,0.0236105281207977,0.0428507705031885,0.237583319198963,0.14696183451192,0.135496715104259,0.0480001419194018,0.035940976422132
"spot_145",0.146566276205783,0.384523845909073,0.156962690501603,0.0525675650116253,0.0605178716834755,0.00120596237120254,0.0518059706883801,0.14579723083796,5.2586790898444e-05
"spot_146",0.117459912987037,0.376003835371429,0.0687067126603626,0.0547421465406474,0.117997304068688,0.0198161591392796,0.0690981837731755,0.172481512599216,0.00369423286016407
"spot_147",0.0389267900873728,0.307616114032529,0.264223512373837,0.101844090730902,0.0270388944497501,0.00449959967782928,0.0686391692213459,0.186085835521893,0.00112599390454029
"spot_148",0.0103644590779256,0.000102672661017377,0.0116899944158146,0.207265581486605,0.717457018922209,2.70567904694636e-05,0.0498334222966042,0.00011839408070585,0.00314140026864944
"spot_149",0.0128771453928636,0.00462571214560074,0.0174854259043988,0.117864824002923,0.709920270153507,0.00315892483493126,0.0792017689044837,0.0173535014126093,0.0375124272486821
"spot_150",0.0235326183349002,0.0158608207349367,0.0602409754916651,0.134107888120527,0.0268324941903832,0.00126721237672423,0.635369122398942,0.10259495738102,0.00019391097090195
"spot_151",0.0117430163428989,0.00839426650818188,0.00469501181345379,0.110371070169806,0.0135583673118889,0.000595514334015168,0.765214546218568,0.0853388083674049,8.93989337824447e-05
"spot_152",0.0369542280187855,0.00451676924609048,0.000309278290396867,0.157139926695503,0.0136181556785464,0.00305119376414931,0.660585395459167,0.120232889452951,0.00359216339441069
"spot_153",0.0175691211338676,0.0057606475078732,0.00136056724706486,0.0851871035205585,0.0335654154200479,0.00178238471175967,0.722238254356093,0.131538136104394,0.000998369998341379
"spot_154",0.0239095112654132,0.00416923671792902,0.00303592410773781,0.126959561773056,0.117541029741652,0.0014725691209264,0.629011062950113,0.0925703037346549,0.00133080058851789
"spot_155",0.0236615391377801,0.00392655491233062,0.00117165108814427,0.0554993018507817,0.015144318805661,0.000523680491345122,0.788183294305948,0.111269866300514,0.000619793107494528
"spot_156",0.0114380890222698,0.00726897293709212,0.0015841329790612,0.103907380943781,0.0243641033867035,0.00133930697245228,0.741539552923246,0.108219853170668,0.000338607664726293
"spot_157",0.0401536648861962,0.0223721000998486,0.0168521756667989,0.0133715964225364,0.34201328768641,0.364811095803902,0.121979420123828,0.0408009132447662,0.0376457460657141
"spot_158",0.0764479888166572,0.00524699656427258,0.00226350867280136,0.116987195147023,0.0370668213179382,0.00032901479409363,0.641889764965889,0.119124103032346,0.00064460668897974
"spot_159",0.0281463369773215,0.00344675738596755,0.00182714085139147,0.132465292970672,0.056772702246198,0.0500901718565825,0.673143029112109,0.0394569109356195,0.014651657664139
"spot_160",0.0173684390955387,0.00948186924119777,0.00127545583796692,0.0401903963051369,0.161852622328853,0.0405187009217958,0.510982186076273,0.116734956431218,0.10159537376202
"spot_161",0.170852651751274,0.00714717359183145,0.00418087457033227,0.07800236299623,0.0432993934561837,0.0386384769076443,0.605295570042651,0.0426670512882715,0.00991644539558151
"spot_162",0.117124034181274,0.00384273922008058,0.0047832013674425,0.129733979828941,0.018402374626201,0.00062676435749412,0.617321298179107,0.107530767238395,0.000634841001064768
"spot_163",0.0296127676824579,0.018952345744896,0.006121025676387,0.0703268740594659,0.188159977069983,0.101146146715656,0.465197324885795,0.0828972556140454,0.0375862825513142
"spot_164",0.209846042085265,0.00558050024468412,0.00178103364639132,0.0608246950398853,0.0379860443158382,0.00132912045517907,0.541692735476601,0.139612782009935,0.00134704672621982
"spot_165",0.206218293247338,0.00675634135486844,0.0019447576577697,0.0824114746503238,0.0112109792900155,0.00425440982227882,0.533324688797679,0.152926440012226,0.000952615167500773
"spot_166",0.329715647330984,0.00834955906971775,0.00632482632974993,0.0520735803288355,0.0194546336019671,0.00229595827351653,0.457337889558327,0.122616907951479,0.00183099755542379
"spot_167",0.314326516190242,0.00356774414523043,0.0014953714796778,0.0353149910612608,0.0382145711843023,0.00340400581223546,0.476298513926776,0.12153798853039,0.00584029766988444
"spot_168",0.30679931515152,0.00514265621158078,0.00104031862694988,0.0731670578307567,0.00657121140848338,0.00201255855074251,0.507847893842521,0.0966375402974444,0.000781448080001398
"spot_169",0.182679715585239,0.0053666693971793,0.00193764574631191,0.0542458222231123,0.0252088955552675,0.00154592379152113,0.639281232796324,0.0874784477394376,0.00225564716560715
"spot_170",0.338372134050039,0.00485060639182324,0.00286725292886524,0.101784191364432,0.0102552606151061,0.000414649304719553,0.487867655781665,0.052697309589009,0.000890939974341135
"spot_171",0.291566584699135,0.00694183841921255,0.00450772382315207,0.0445192849927387,0.0292589669885168,0.00201971449665936,0.438601684316572,0.181423789483704,0.00116041278030964
"spot_172",0.35108598060807,0.0169114563535298,0.019245981472782,0.0374033025570182,0.0279102844654352,0.000424722724276014,0.278437448511953,0.26834442901091,0.000236394296026346
"spot_173",0.0234291039891059,0.00764093430966191,0.00132024419851208,0.121891484301513,0.0205597684116606,0.00138726301833437,0.707132320766908,0.11608999610975,0.000548884894553823
"spot_174",0.464280353527317,0.00577110450818715,0.00344038965400052,0.0302222184401385,0.0457382540743455,0.0012159120729759,0.344147525426928,0.103774921901079,0.00140932039502839
"spot_175",0.0377853774144655,0.0171568420257636,0.00599837440522963,0.0255682957209291,0.310131262972173,0.279429195020281,0.264531620680479,0.015084657299171,0.044314374461507
"spot_176",0.144090857744034,0.0556868421440959,0.144197831484376,0.217445836771175,0.0867408495343219,0.0135762532289579,0.211606891704478,0.108765610968913,0.017889026419648
"spot_177",0.291158503345524,0.00385713376394475,0.0121867571466681,0.0972867506204681,0.439604236233208,0.00397157509056072,0.0703716747677931,0.0407631862016498,0.0408001828301837
"spot_178",0.076905061743389,0.399575326592304,0.0704293507343794,0.127298420980887,0.0729632531816834,0.00346856538182342,0.0684039825133868,0.180486227010323,0.000469811861824505
"spot_179",0.0208419547805162,0.00171049031690389,0.00918752923957157,0.015705202600059,0.871628514147378,0.000265645318807897,0.0117011585234347,0.00893229253441303,0.060027212538916
"spot_180",0.00958868789517798,0.00502280449544398,0.00186426598688487,0.123238662591881,0.261250763466807,0.00610546623236475,0.51600327603888,0.0742028112301536,0.00272326206240674
"spot_181",0.0223729985691445,0.00633197078874832,0.0102824799190807,0.111598811903317,0.118592310823087,0.00224187652866326,0.68462719591073,0.0331640372763517,0.0107883182808769
"spot_182",0.0130537884889793,0.00564747541894872,0.00186911402257457,0.0961525544984123,0.0329060469419915,0.00175556922323105,0.753143220524525,0.0949444582302287,0.0005277726511086
"spot_183",0.024859284526161,0.00807541571541984,0.00237723330482488,0.110162076840045,0.0271327450324815,0.00161162913511217,0.726927898686381,0.0983160441325046,0.000537672627069964
"spot_184",0.019403922151925,0.00299024159807685,0.00651549552689545,0.095591744737112,0.199655045200845,0.00109315343544451,0.60413995360059,0.0639978279211666,0.00661261582794494
"spot_185",0.0338589367074863,0.00734542898704425,0.000421398699920481,0.122008368282572,0.0192501727789415,0.00171499619531167,0.7028503891014,0.112006923001697,0.000543386245627162
"spot_186",0.00748195551744967,0.00521743023012993,0.00185370938958209,0.0952170180516245,0.0169104471851436,0.00108099504300103,0.784184550814365,0.0874419547566627,0.000611939012041514
"spot_187",0.0318271384371748,0.0137151384138014,0.00439954724196711,0.0904595085833816,0.203490025072592,0.0553026972704796,0.447685404817046,0.127915907907376,0.0252046322561809
"spot_188",0.305873620483548,0.016382046109658,0.00392597896185391,0.0218948243976614,0.015837731801499,0.000427854963030664,0.507976664079755,0.1273921730303,0.000289106172693457
"spot_189",0.0150048547080174,0.012196816735018,0.00204027947109823,0.137268903521971,0.108202515313952,0.0238470408360725,0.527851870393691,0.173574254340089,1.34646800908948e-05
"spot_190",0.00362589549271663,0.0106707707025505,0.00132099031283979,0.159105958386615,0.0108462078701981,0.000826458304874851,0.713427625616364,0.100027228371476,0.00014886494236544
"spot_191",0.0321969934411257,0.00599079069280541,0.00641358891907849,0.132843572801554,0.018197486384826,0.000142647846192146,0.731815783134893,0.0714681812995743,0.000930955479951439
"spot_192",0.0535246491355155,0.0134797640913247,0.010120820051971,0.018672091615271,0.305863692198763,0.161568145001819,0.31105172115722,0.0595148971896842,0.0662042195584314
"spot_193",0.0248579155928545,0.00885457865134528,0.0101733459914807,0.145236690631926,0.0595940382134816,0.0576491108471602,0.60705796990296,0.0757425504399143,0.0108337997288772
"spot_194",0.0161276338823113,0.00700834003861343,0.00522373048007682,0.0776151176661172,0.0885188614431992,0.0298524516394612,0.66511323709181,0.0911466655797142,0.0193939621786963
"spot_195",0.00253484183645464,0.00233355893145133,0.00123769730854579,0.0964385574186447,0.0156304353736121,0.00165889446355543,0.797916360074086,0.0820107472402632,0.000238907353386567
"spot_196",0.384890781408484,0.00652085000636223,0.0021668755188618,0.0126979340381868,0.0263034874133974,9.64738304108631e-05,0.490981760257991,0.0759758977173751,0.000365939808930959
"spot_197",0.32301677574678,0.00694290632991243,0.00286914813045149,0.0459004163195079,0.0384138106820258,0.00080957606299419,0.443674440561685,0.138166180910751,0.000206745255892888
"spot_198",0.266376361298709,0.0292518540965176,0.02361004012906,0.0645562150808017,0.0303270833230453,0.000764390392668446,0.443695848296474,0.140556902151566,0.000861305231158862
"spot_199",0.326815802549927,0.00623567180401609,0.0034610770598137,0.0483778276381033,0.0306126312354042,0.00128125377853407,0.493528482797537,0.0886511726780323,0.00103608045863159
"spot_200",0.34718196632856,0.00608120653442801,0.00362177898573325,0.0590953893039181,0.0489886453679071,0.0014510340422024,0.418108222588045,0.114197836886755,0.00127391996245071
"spot_201",0.0327547716829465,0.00903715538417836,0.00901394888821279,0.0552779565966456,0.03863975691368,0.000548315471840385,0.760722740756629,0.0923654990023321,0.00163985530353485
"spot_202",0.235820108896056,0.00591129254759508,0.00159647945542424,0.0603621314724035,0.0315019996351719,0.0029439621135926,0.477081917699266,0.182881643423292,0.00190046475719857
"spot_203",0.0284782983519847,0.128242554437443,0.0152782222318387,0.0635987168291248,0.0288193138310183,0.00110063013359864,0.267962521082584,0.46515521462526,0.00136452847714789
"spot_204",0.0530944567298859,0.205883310378522,0.065231900262562,0.0648346598936882,0.0468607749605203,0.00144178480530001,0.0996907954263118,0.462652278425474,0.000310039117735393
"spot_205",0.0551621190565711,0.162693386996919,0.0891017674476157,0.0146578652715248,0.00868971559957755,0.00429836727772678,0.031091788888315,0.632854345244567,0.00145064421718367
"spot_206",0.044982101970997,0.0840497237242871,0.012844093383466,0.0164215128673426,0.0433058890741104,0.0030672505488791,0.0405475282386131,0.748953187445568,0.00582871274673653
"spot_207",0.14536029266076,0.436530477452236,0.0800428845699297,0.102729943184905,0.0399421624201973,0.00951625050443894,0.0351241391209422,0.148817778781795,0.00193607130479635
"spot_208",0.0795760343163272,0.251620346713276,0.0408834806459948,0.0956814445209133,0.0487258183023959,0.00100623577170877,0.160303747116129,0.32061422009608,0.00158867251717473
"spot_209",0.242864234289514,0.368024546294971,0.0186128894514205,0.0459885535329948,0.0888571988549706,0.00141227800584762,0.0357587957083726,0.197630210659208,0.000851293202699802
"spot_210",0.0406614268095883,0.00180743826841245,0.00381184008333475,0.0860974257201884,0.557601944353907,0.000469370093914318,0.25592175164264,0.0345714047983991,0.0190573982296154
"spot_211",0.0727523754370316,0.00348047693893779,0.0332537909288643,0.0278488527502048,0.308291313920128,0.00559397467659343,0.431286668016401,0.0628555743300615,0.0546369730017778
"spot_212",0.00880053125509894,0.00492021858196685,0.00122653511838408,0.0757788026169014,0.106897545631092,0.000584967358594955,0.683335923689546,0.117922551749545,0.000532923998870049
"spot_213",0.0111132630031519,0.00652133311746732,0.00208047400011583,0.109313738648465,0.0204028732882959,0.00204356449691241,0.752794341932636,0.0952883616258349,0.000442049887121035
"spot_214",0.0211424927675731,0.00469971053516342,0.00299574770472043,0.105902422042505,0.0564015867119331,0.00164771659564588,0.73562959785017,0.0677631444145593,0.0038175813777299
"spot_215",0.00562547314551832,0.00480447032987258,0.00033086125776045,0.0878821942544833,0.0183739824432807,0.00109410480292874,0.706895860923378,0.173773576612655,0.00121947623012373
"spot_216",0.0207113797149278,0.00583537390162459,0.00138545442368853,0.127150551348078,0.0317677748831666,0.000985201338645928,0.699413279209297,0.111315614804385,0.00143537037618746
"spot_217",0.016107253787076,0.00325763715886082,0.00122843171630067,0.0965229839512683,0.0668481825166848,0.000806356740644555,0.716217255201422,0.0936427623393939,0.00536913658834951
"spot_218",0.0615892298206327,0.00847325947187183,0.00563372681136207,0.0708547701837609,0.0698342846108892,0.0640683370918484,0.629681917649797,0.0692490991626595,0.020615375197178
"spot_219",0.0412572620805351,0.0134620420822683,0.00334767114588085,0.0430179104621228,0.128323229513712,0.140549972045279,0.53385676023444,0.0676650414563215,0.0285201109794408
"spot_220",0.278891270503814,0.0149301095253855,0.00601433923715596,0.111222833568289,0.133888073177265,0.0318765324408991,0.365919452735203,0.0470615841235162,0.0101958046884731
"spot_221",0.0225575767423998,0.00581254602286339,0.00130289380451328,0.0535845502957376,0.126031677126659,0.054730199762458,0.609195526082857,0.0958486712104054,0.0309363589521074
"spot_222",0.0208668706460213,0.0150668592366537,0.00101382543829747,0.0716552257998256,0.118123028641734,0.114413881354695,0.548277527596517,0.0998166677962069,0.0107661134900482
"spot_223",0.042215283307472,0.0127646740183787,0.00183275968058968,0.0813807208335607,0.119585083621316,0.108392483091353,0.509631259025992,0.096422781344579,0.0277749550767595
"spot_224",0.0333406854602232,0.0100336002197869,0.00356767692289692,0.0569824746589823,0.17922406810622,0.100399348321967,0.517513655256569,0.0838025933250122,0.0151358977283416
"spot_225",0.179837686902695,0.0126167347523813,0.00485949043150743,0.0713936054142578,0.0775394785399965,0.080880630149528,0.508731014552568,0.0471607795682676,0.0169805796887982
"spot_226",0.00946496910784712,0.0042022657863981,0.000450629577895368,0.0746939424792948,0.0265107672885921,0.000892166777286027,0.726496298307257,0.156856416118398,0.000432544557031933
"spot_227",0.317401250999518,0.012388022312149,0.00476714474651945,0.0605532460936233,0.0372171621452251,0.00167390968309289,0.410776040890653,0.15388210224922,0.00134112087999921
"spot_228",0.365565028735221,0.0119898427951206,0.0106798948106836,0.147829587407369,0.0141570191354771,0.00186486646762074,0.396254841322734,0.0495156675518925,0.00214325177388157
"spot_229",0.0370637075151134,0.00493418523648491,0.00447892553607546,0.112720359044994,0.0286082935543745,0.000611264558793556,0.736175521718972,0.073566081929435,0.0018416609057574
"spot_230",0.151934834050758,0.00620272005545934,0.0015198957393023,0.0735180936719943,0.0194423683656537,0.00206413962464807,0.487501378979509,0.255393411547694,0.00242315796498164
"spot_231",0.151442831389919,0.0511135800075183,0.00805421835382458,0.075118219951087,0.0456154368366285,0.00230322853699488,0.460311431258181,0.205072896065815,0.000968157600031312
"spot_232",0.0448390048877228,0.20411272454757,0.00738437162336168,0.215252954053565,0.00231280088380957,0.0122494590080761,0.146702471426945,0.365939885437972,0.00120632813097849
"spot_233",0.058894111025511,0.202053124488586,0.0305677680507474,0.0195831733311579,0.037364079080097,0.00304295942627216,0.0207272972968802,0.624472212137007,0.00329527516374087
"spot_234",0.0651432433151072,0.00814537943926844,0.0135452527392255,0.0407969402296771,0.030055380373591,0.000843749423076042,0.113904937944252,0.723873848117549,0.00369126841825429
"spot_235",0.0285739582525642,0.0067068759887145,0.0140496859875817,0.0563050524500244,0.0628469756728967,0.00438152768108039,0.191412284216492,0.575087663692586,0.0606359760580596
"spot_236",0.0114402962653736,0.0152871434674166,0.0334921341835141,0.0256472023520866,0.0494949311551348,0.00384521164837231,0.0575670791113645,0.801089614140904,0.00213638767583314
"spot_237",0.07213795948219,0.141639045625395,0.0571400529790979,0.00837181054213476,0.0343513010680191,0.000598983026621357,0.0775816078783049,0.607830388110077,0.000348851288159744
"spot_238",0.0651261503698827,0.0452715467567318,0.00586838398263251,0.0329579713753447,0.0275679800202786,0.000345238511986896,0.347083489651285,0.475501017430826,0.000278221901031658
"spot_239",0.082036498432724,0.200190762481961,0.0575558191818667,0.0246676030637149,0.0463436523788503,0.000512725065447522,0.111055818274467,0.477507290895753,0.000129830225216055
"spot_240",0.0322390682031974,0.0919826172587434,0.0239161401179634,0.0421135142715484,0.16281397294844,0.000170671255250704,0.104984055492961,0.540795011774532,0.000984948677363587
"spot_241",0.0477537133945463,0.251862048549368,0.0427449054809167,0.127931258904265,0.239685913420694,0.00458375203475899,0.121414207346789,0.155739765865354,0.00828443500330758
"spot_242",0.140996071896853,0.00211836874984761,0.0219456654150507,0.046320545414122,0.677147826151338,0.00139562200442683,0.0292393401301277,0.029553891602148,0.0512826686360854
"spot_243",0.0258390752892144,0.00374926310673382,0.00335621617857898,0.132477254338214,0.0275416827583005,0.00255061517421598,0.713718130890517,0.0881114480834475,0.0026563141807778
"spot_244",0.0242097430424405,0.00602355312975378,0.00707809050027449,0.187422902264054,0.102938500218655,0.00310009137469424,0.611833970070996,0.0523834701407612,0.00500967925837001
"spot_245",0.013324350304741,0.0030758984131812,0.00386824099263867,0.148045289135772,0.0309302035865152,0.00110146969958691,0.697293228136243,0.0897448139214149,0.0126165058099078
"spot_246",0.00666069518530859,0.00654957329272283,0.00398101858580547,0.0673581205723471,0.0122136930105577,0.000979116657321393,0.83259730957386,0.0694263554333757,0.000234117688700866
"spot_247",0.0185673699886602,0.00285745678999235,0.0032518751208152,0.052694165612429,0.0270613183530945,0.000226264067918427,0.782511108901322,0.11134719542475,0.00148324574101875
"spot_248",0.0117972448195038,0.0051683385979621,0.00206694384893279,0.0746285666058902,0.157019953648382,0.00250387390910657,0.638539611445929,0.102971949670528,0.00530351745376565
"spot_249",0.00723380601273256,0.00539104784644324,0.00108872718439593,0.0664037203522039,0.114493186669171,0.0396567846800538,0.653589454459841,0.0892564779388141,0.0228867948563444
"spot_250",0.00443691274306082,0.00989842048271061,0.00413248128086524,0.0423975724093385,0.00221736794788171,0.000771807292261095,0.863107960022267,0.0728795051694402,0.00015797265217445
"spot_251",0.0645473314716081,0.018977018446403,0.00675834422836617,0.0757933599068715,0.131786037420153,0.0858491645951708,0.517996359557765,0.074271986181348,0.0240203981923143
"spot_252",0.0228681815829448,0.0174461172102589,0.0142100222306925,0.295297405938002,0.0109755012649207,2.78653277944596e-05,0.623198007199292,0.0159765056651031,3.9358099209495e-07
"spot_253",0.0287329658834756,0.00783129200391475,0.00139393105587175,0.125554858267716,0.0668862339548259,0.0165211976423551,0.669016898745634,0.0724488966778457,0.0116137257683615
"spot_254",0.0730644067992798,0.0111625792583315,0.00774678818213765,0.0690681714932026,0.0564334908047626,0.0420666692452237,0.637610921771835,0.0876151588704386,0.0152318135747887
"spot_255",0.0176306962875315,0.0139778546510632,0.00312430248667015,0.126666198266521,0.0362890212704905,0.0340118330542087,0.670692847973624,0.0968990602709656,0.000708185738925238
"spot_256",0.118510983801723,0.0055609115118283,0.00350204784987211,0.106234958458735,0.0190102669939059,0.00136821105116262,0.657849402983611,0.0865785368142253,0.00138468053493675
"spot_257",0.183344157797141,0.00574854233001582,0.00340467431684421,0.0688564345686645,0.0264476767736345,0.00127604727336013,0.629971288065629,0.0803420629485995,0.000609115926111802
"spot_258",0.184941846363521,0.00767270617904995,0.00645377597472694,0.12401553021902,0.0115492053938842,0.000590596139004902,0.612280718628061,0.0520934902005481,0.000402130902184107
"spot_259",0.458462918830399,0.00842218926820377,0.00537984998227775,0.0273590087878827,0.0575278754713947,0.00139156281898286,0.297739962444794,0.142950825898482,0.000765806497583723
"spot_260",0.157219487731587,0.00807101181570359,0.00449030646798305,0.0736430648896247,0.013144730743772,0.0021361310194415,0.684162226767953,0.0556246952446769,0.00150834531925862
"spot_261",0.212248348673122,0.0063866983375966,0.0156285875186977,0.00626224520999193,0.0130446075976979,0.000208870034855462,0.691014202311508,0.0550451353237777,0.000161304992753298
"spot_262",0.0837074596769096,0.165565028900834,0.0329923450876859,0.0638156580259663,0.0299883870492756,0.00232915817267283,0.442027019280359,0.178924848331627,0.000650095474669726
"spot_263",0.0725819872172843,0.144535082312498,0.0241550349799359,0.0257703688650304,0.0408622873113554,0.00121179641127694,0.150047805554115,0.539793830259224,0.00104180708927972
"spot_264",0.0138268861542721,0.00582646798180891,0.00621450267639331,0.0303985555198963,0.151370934500995,0.00212102366405724,0.0313568502171487,0.678186776357484,0.0806980029279439
"spot_265",0.068152654505854,0.193687461852603,0.0367719528122726,0.0681662126737967,0.067302814053662,0.00114397287020581,0.0952731254932874,0.469288266759268,0.000213538979050703
"spot_266",0.0458721646774573,0.284270841500767,0.134021962389413,0.0145203779043998,0.0497243001103735,0.00258944286296197,0.0117407088000958,0.456747280715081,0.000512921039450088
"spot_267",0.0628692619430408,0.178598266059395,0.0570476109169072,0.0251809916930229,0.0395515506411091,0.000978618735998319,0.0869376086870038,0.547046188466444,0.00178990285707893
"spot_268",0.0635338225059954,0.203878549183419,0.0117938210183195,0.042350603467021,0.0396063512987274,0.00146232532761997,0.123535587105847,0.512897295690724,0.00094164440232702
"spot_269",0.0780133033213942,0.125268117214057,0.0581098454023958,0.0252098929250673,0.0165952177906107,0.000518448559120133,0.0385658938359595,0.657547258682336,0.000172022269059068
"spot_270",0.0386706399410391,0.0685734271179497,0.00127153430661983,0.0139135303745453,0.0493498341192445,0.000470097688453548,0.200204345206985,0.626095267983875,0.00145132326128768
"spot_271",0.0570908691271996,0.0632575718232819,0.0234926184076025,0.0242749654986752,0.0416005242118099,0.000248098560671079,0.326146879667073,0.462880435518394,0.0010080371852923
"spot_272",0.0251711275269582,0.014637828647168,0.0370369623199699,0.00472137244396835,0.0275346251769752,0.000492815357625066,0.0399739430596706,0.849077331827635,0.00135399364003004
"spot_273",0.0292743821752219,0.000572962671907011,0.000765566648126392,0.147135984422136,0.486987563572316,0.000132190812917321,0.195527089199012,0.121532504509545,0.0180717559888186
"spot_274",0.0338591200261637,0.0013715033189816,0.0106313588486912,0.0376651712096817,0.687258302543542,0.0010437225809541,0.125746637074103,0.041405455519133,0.0610187288787499
"spot_275",0.0107577391916519,0.00173845463090138,0.00370984071015942,0.0944002657717184,0.548422090589583,0.000684298149516599,0.269028462405799,0.0453727272750185,0.025886121275652
"spot_276",0.00762483538532559,0.0047937175832368,0.00385457954481946,0.111753995918373,0.158259909360694,0.000760778207903089,0.646356182214051,0.0640340413746602,0.00256196041093701
"spot_277",0.00803589711948425,0.00524779192393133,0.00233294454124444,0.093445307350544,0.013260094056382,0.00165685827953331,0.773215709052196,0.102278144637005,0.0005272530396799
"spot_278",0.0135138118441207,0.00648861886469806,0.00330928841819482,0.115637944910936,0.0170245362060538,0.00147370252775354,0.766780870876611,0.0744655560804336,0.00130567027119922
"spot_279",0.0135104389661909,0.010091979203644,0.00449609710379668,0.123170071144258,0.0148747446518211,0.000957974059078943,0.770085398220422,0.0625698471289211,0.000243449521867224
"spot_280",0.0391990363425978,0.00645282678174736,0.00276332584876428,0.0331506196140589,0.137359522712525,0.0751891609371119,0.590142727005644,0.0869576990332063,0.0287850817243442
"spot_281",0.0315387429867202,0.0111888887475338,0.00633003141558988,0.0964861135901309,0.0928246792882098,0.0111854480989869,0.580697435153409,0.169126564194675,0.000622096524743891
"spot_282",0.0246819317767012,0.00428515213280604,0.00253693755068395,0.148002559059106,0.0176073216998136,0.000691470447983152,0.738885548734841,0.0625069818694371,0.000802096728628213
"spot_283",0.12525235727644,0.00656135973403025,0.0036497772928415,0.086834479287597,0.0200806503430951,0.000748012380944889,0.645092079652235,0.111286384653822,0.000494899378994007
"spot_284",0.017895512430805,0.0161765961616733,0.0107893895937599,0.0880038696772595,0.0727250571248028,0.0657068104077195,0.678485341255938,0.0266263192044172,0.0235911041436252
"spot_285",0.119267183302746,0.0151776353260608,0.0104784573702411,0.0922813399218958,0.20386946736448,0.0805507514546369,0.385971747871741,0.0602497228089779,0.0321536945792203
"spot_286",0.000754874522490277,0.00195981590347268,0.0005069748126564,0.48530343958188,0.00591625423935457,0.000193802903231322,0.440081562692619,0.0652526441855876,3.06311587087285e-05
"spot_287",0.00243276194165219,0.0030606910206628,0.00308817281931599,0.13086578077132,0.0323149138437407,0.0016121506228188,0.754393898367626,0.0715447752543237,0.00068685535854002
"spot_288",0.133050680342669,0.00512950121828645,0.00372730928887819,0.173107579284194,0.00945934047426612,0.000999453080915787,0.616393877859385,0.0573156199542967,0.000816638497109003
"spot_289",0.67218013048721,0.0293204893425532,0.0165776641111229,0.0271403331825307,0.0496698874803367,0.000190223128224202,0.0785575114296987,0.126217696729589,0.000146064108734442
"spot_290",0.0548932897392092,0.00178663485786512,0.00233920393976685,0.0692764945188042,0.0133238381847574,1.69026129035089e-05,0.793872481076102,0.064485876137795,5.27893279698599e-06
"spot_291",0.249011596370556,0.0109609035999711,0.032049535409788,0.0258620435260213,0.017299370751255,0.000906909219333016,0.26627578742212,0.396940525413265,0.000693328287690415
"spot_292",0.0637761465678823,0.14796181289648,0.0358403655339701,0.062094769684739,0.0505572313624499,0.00551762590096507,0.00490561922903008,0.628861116424971,0.000485312399512809
"spot_293",0.0644991658307449,0.156639934206322,0.0265646188994227,0.0543075519618285,0.132005039426097,0.0022005653212537,0.0746630432057373,0.48414253746956,0.00497754367903414
"spot_294",0.0501331235489458,0.0654768253046944,0.0131344289165894,0.0237649331347179,0.0241187026938981,0.000338238507644789,0.274408671407632,0.548181286094176,0.000443790391701569
"spot_295",0.0622956374229251,0.156299228455538,0.0158185924208813,0.0310059027250995,0.0416024700108389,0.00371236490944785,0.0738112914631274,0.608828020363073,0.00662649222906913
"spot_296",0.0280231258770002,0.0124461954973527,0.00882549308108901,0.0206325669259281,0.0365667221090097,0.00064062367767203,0.147718801646528,0.743349962449824,0.00179650873559669
"spot_297",0.119582231911681,0.259649955253903,0.0660195275109497,0.0186131218139757,0.0126754969726985,0.000371672404022937,0.112666944061398,0.41000623648302,0.000414813588350875
"spot_298",0.039754069475355,0.0900135074155766,0.061160524638918,0.0757006890120237,0.0284262310223644,0.00261976370789725,0.0612012978702909,0.638707888482278,0.00241602837529599
"spot_299",0.0481536918802065,0.295978539188826,0.0154135850962379,0.0402967976650237,0.0352515552067352,0.00308465508368723,0.182004692127828,0.377537448607774,0.00227903514368101
"spot_300",0.0503727033512309,0.0087071434205618,0.00568570538427323,0.0372232203514101,0.0303807206747255,0.0020096011420299,0.242675388000998,0.621693088463098,0.00125242921167242
"spot_301",0.142771550733953,0.37464730012095,0.000538409686890256,8.23848591453053e-05,0.0457091669716768,2.03389415210254e-10,0.0561382891500179,0.380109091731195,3.80654278195157e-06
"spot_302",0.0973753909822622,0.0124882201379817,0.00155925089237478,0.00512410713404671,0.0147198998912907,0.00989390542555124,0.245920947491956,0.584956141255202,0.0279621367893349
"spot_303",0.0764165240852952,0.110449883444868,0.030990899035536,0.0105846886081716,0.0366630679743016,0.00161869681118466,0.0115623896002095,0.719757255606942,0.00195659483349162
"spot_304",0.0657803373851891,0.18467470498419,0.0540086947775458,0.0347736614942252,0.107809667936522,0.00308932028162564,0.0108120712091256,0.501601070476599,0.0374504714549773
"spot_305",0.0173656267147992,0.000103041225127601,0.00256396605894405,0.0579102585278004,0.806783967926316,0.000806532360079342,0.0230679746902564,0.0122763674987274,0.0791222649979493
"spot_306",0.00818862459628856,0.00579290612706568,0.00561969013942051,0.229857778498959,0.382485916915229,0.00043900694464344,0.289709918193537,0.0576083933897632,0.0202977651950933
"spot_307",0.0132052808367253,0.00444252440493363,0.00257518754248701,0.126356382572266,0.10831970924529,0.00213346986671784,0.65809387011954,0.0729921558434834,0.0118814195685563
"spot_308",0.0282480675659121,0.00856474447154636,0.00225550462662186,0.0822204100318039,0.100641756341833,0.00260649097938858,0.649625186065992,0.122100270796008,0.00373756912089466
"spot_309",0.0259296277573717,0.00506506451282177,0.00470485642351217,0.0857920295437161,0.292661829635616,0.00212129172856528,0.498607734035051,0.0671799801035946,0.0179375862597507
"spot_310",0.0249298061502946,0.00533346987631028,0.000719742157552556,0.112515991524145,0.019843313280825,0.00163122381295159,0.697648655723834,0.136103429468636,0.0012743680054505
"spot_311",0.0107703900314048,0.00251940452015794,0.00316201847985823,0.41783415931977,0.0833797643613203,0.00348214430558895,0.380001029441648,0.0397154533576911,0.0591356361825607
"spot_312",0.00644926599607692,0.0058375966825247,0.00167791973523976,0.0854866149549788,0.0178738654896756,0.00108592987007816,0.782509957002467,0.0986158522857452,0.000462997983214258
"spot_313",0.20714840556754,0.00379438153705439,0.00489612674355664,0.037307330808568,0.0194652151743204,0.000716105524645001,0.671809338904965,0.0539815284795656,0.000881567259785251
"spot_314",0.0362597554736902,0.00959512541132995,0.00307202151275518,0.0514907323572819,0.0482313057294439,0.00111857722930363,0.734415189299194,0.112570631104931,0.00324666188207014
"spot_315",0.0187531177989003,0.00576805569801837,0.00368592825012288,0.0506342521859702,0.0268849357838203,0.000505197260390857,0.809013546632233,0.0842825276611917,0.000472438729351976
"spot_316",0.00646220749218995,0.00664359304329627,0.00430649615563287,0.277685388423883,0.0067730936141911,0.00263079530635601,0.643559943807773,0.051879408899525,5.90732571517784e-05
"spot_317",0.00872837673441523,0.00759205176405947,0.00338896688859375,0.400083070656658,0.0420997165942335,0.00216431351010237,0.476812383149623,0.057370307127314,0.00176081357500087
"spot_318",0.00840990354312754,0.000184240080282755,0.000175173859620262,0.87307605733837,0.0359030818109474,8.87734699591351e-05,0.0675928225905882,0.00233566344722124,0.0122342838598838
"spot_319",0.00618326162118021,0.00132362157069038,0.000709999433841576,0.713790235870695,0.0581377330390809,0.00309351891174053,0.168609605124216,0.0201606034915282,0.0279914209370264
"spot_320",0.264847381296275,0.00670938881885065,0.00315878390794593,0.0665406884824211,0.0319237661481395,0.00141070377063206,0.517827013617837,0.106625097603141,0.00095717635475838
"spot_321",0.115809735633766,0.00655208040905152,0.00259004250566122,0.0770571752303953,0.0438656096528569,0.00109390600777754,0.529933390455651,0.222501877250717,0.000596182854123115
"spot_322",0.301108520631245,0.0382694492989262,0.00654636294770711,0.0591348173485515,0.0438530518383036,0.00148248049648888,0.372771107270537,0.176247385128662,0.000586825039578311
"spot_323",0.0338211173237259,0.22253041990862,0.00364662354400604,0.0543192643756365,0.0306187405323295,0.000516612050398702,0.341686807559569,0.311325905134235,0.00153450957147834
"spot_324",0.0647610629895869,0.0922651817827284,0.00214506278443216,0.0356847536025512,0.045845957493344,0.000600478372291647,0.277263493778135,0.480152629838739,0.00128137935819234
"spot_325",0.0536032421919276,0.11815951804963,0.0504905321312489,0.0264987060654845,0.0245988878428219,0.000721815949462434,0.0348390439643043,0.689808332535539,0.00127992126958068
"spot_326",0.0566535199408146,0.239192994712605,0.0974059755113252,0.106903721102362,0.0409043779055745,0.00649791168035907,0.00826681261237322,0.444044415561047,0.000130270973539402
"spot_327",0.0430138221138392,0.141150160035893,0.0425114704706267,0.0141773641360929,0.0262692035877555,0.000731328401126021,0.0238835687317705,0.705779946954376,0.00248313556852025
"spot_328",0.0390226140156139,0.0900197165784838,0.000238727598343283,0.0375130292507195,0.0462013805832443,0.000909476852329479,0.214749026001423,0.568343660880306,0.00300236823953687
"spot_329",0.062659220089847,0.136372052126625,0.0277748403116983,0.00835969003141737,0.0663351368726278,0.0019882937273916,0.0345220203777518,0.657442194987989,0.00454655147465229
"spot_330",0.0102053250620703,0.0156150708590209,0.0711055849881642,0.0422352175317523,0.0499445636228987,0.00227666271488671,0.029846767342653,0.777947304964722,0.000823502913832249
"spot_331",0.104517263537076,0.171381574062559,0.0383390109552969,0.0438434154338196,0.0546106526440774,0.000838646959087756,0.0352200185466851,0.550084585134782,0.00116483272661614
"spot_332",0.0402075151102829,0.252622634949925,0.0743501870441419,0.0127615240422939,0.0152701645661793,0.000614282212725422,0.0789390662535578,0.524561846109033,0.000672779711860502
"spot_333",0.0662131639896039,0.118863292977683,0.0411599886351749,0.0432506701486363,0.0281834346926539,0.000165046031709317,0.355325482553675,0.346765743494735,7.31774761284031e-05
"spot_334",0.0859194116104375,0.145608974123023,0.00329487097934402,0.0572164761038874,0.107588664958299,0.00576790958697718,0.211831700888629,0.330166950713031,0.052605041036372
"spot_335",0.0734651885692091,0.0210230041623798,0.00389241889511599,0.0111895116344437,0.0130001662582753,0.00100833688293143,0.138470447931482,0.736387660581094,0.00156326508506933
"spot_336",0.0586938999339369,0.234554205507699,0.0229153886416342,0.0764573597908434,0.225175644633049,0.00175444395058779,0.207242838494271,0.164443425880891,0.0087627931670882
"spot_337",0.0778023916903123,0.539245074294948,0.125122379939312,0.0130906211142539,0.0284751771626389,0.000153910812425893,0.0329044680283676,0.182972347185815,0.000233629771926625
"spot_338",0.0130314782641817,0.00199706543108486,0.0105765894160297,0.0886901972206495,0.789419791698547,0.000402952898088399,0.0265628667058387,0.0141397694240087,0.0551792889415718
"spot_339",0.0139785065440264,0.000677211516386564,0.00554359728243347,0.106241454283112,0.581279548964146,0.000333855421441079,0.212198886491739,0.0478765696072314,0.0318703698894845
"spot_340",0.130507552552163,0.00027943367327648,0.00646864710001783,0.0584694661209092,0.695292047364936,0.000557642472511452,0.0475785773880162,0.00901412939453465,0.0518325039336354
"spot_341",0.0196301598759841,0.00154614642321784,0.00488874107722831,0.129768706687864,0.724362873209059,0.00149826550033648,0.0558512690467664,0.00707294775064005,0.0553808904289038
"spot_342",0.00124370710731818,0.000747315574282794,0.00370161908942643,0.0450626530766787,0.501015557294584,0.00973396130740877,0.0180808487612029,0.0276487616897503,0.392765576099348
"spot_343",0.00244572603101413,0.000341411565086018,0.000339365476068181,0.0868940012688802,0.50733076501854,0.0140193567778948,0.035967005003639,0.0135112740896163,0.339151094769261
"spot_344",0.0058356437874065,0.00107204973768319,0.00104707696533984,0.0595724265799539,0.457158935305615,0.0122862647668943,0.0256708560893701,0.0188093867299861,0.418547360037751
"spot_345",0.00344726593221436,0.000164068771422266,0.000653281384569526,0.0425415378999697,0.432626413442625,0.0163396650235638,0.0726211502350327,0.010919678723084,0.420686938587519
"spot_346",0.00151872219410036,2.24298153632404e-05,9.37598701027226e-05,0.0704382844709747,0.659429164927313,0.00274610282509722,0.00965863670193706,0.0254595943141143,0.230633304880997
"spot_347",0.00236471683021867,0.000797887279640009,0.00053444728273338,0.452665263762653,0.298948231641937,0.00560912955405756,0.0351625531391516,0.0330943551069941,0.170823415402614
"spot_348",0.00513102544635959,0.00143095172385427,0.00297688593308637,0.648427508595711,0.119637229438876,0.00367196174620996,0.143066080486759,0.00206939843818127,0.0735889581909626
"spot_349",0.00567863478132603,0.00117423145592767,0.000311404280055719,0.808324689066377,0.0353857762059989,0.00470522022178111,0.103005203027602,0.00211933341223614,0.039295507548695
"spot_350",0.000501995833154546,4.2837988154226e-08,5.88809795705911e-08,0.997660615526157,2.67903764096477e-05,2.92970657362757e-07,0.000355327647063485,0.000765795217540989,0.00068908071004917
"spot_351",0.270938165756734,0.00530552672214916,0.00413823628160446,0.20513733981255,0.120427552246449,0.026759781868633,0.298643763790554,0.0270384216727129,0.0416112118486127
"spot_352",0.125927206044528,0.0104689210549174,0.00226668641999736,0.102038036683235,0.0507809246887853,0.0149502104267326,0.591006225443312,0.0944119117868051,0.00814987745168641
"spot_353",0.0626277033819079,0.0893557331583722,0.0299191730635693,0.024011034679944,0.0537387619285264,0.000847797191402153,0.107556056917179,0.621426748093113,0.0105169915859854
"spot_354",0.0735676714685509,0.210639691123701,0.019391034878492,0.149764499259101,0.054216361161477,0.00115900335716117,0.109263601060177,0.381196045639822,0.000802092051517418
"spot_355",0.051761727165233,0.11608680402204,0.0545273697946094,0.0416353465057513,0.0268508893579334,0.000632088071803562,0.101008488990224,0.605714554477476,0.00178273161492972
"spot_356",0.0389239879822582,0.215171848296607,0.109546330640153,0.00984661925234341,0.0343254937378624,0.007362939589717,0.000613325309654793,0.537383739294121,0.0468257158972839
"spot_357",0.0247682954472039,0.000782509029388064,7.49528475297816e-05,0.0473248979521474,0.0337529295283087,0.000203125528979635,0.444505066011829,0.4458116195985,0.00277660405611319
"spot_358",0.0483116166754439,0.0656627216202642,0.00483443448752754,0.0669795068686653,0.0816756741196321,0.00508124881912348,0.126575740619873,0.573223160558462,0.0276558962310084
"spot_359",0.074605858427885,0.0995351313914845,0.0303200601271666,0.0756212910829558,0.0373661173502595,0.00284030649628342,0.280862640327332,0.397731477437463,0.0011171173591695
"spot_360",0.028456299793848,0.139796706047313,0.043943963056646,0.0407127976152786,0.0227713412334245,0.000647663265286861,0.137398905122917,0.585115710961241,0.00115661290404478
"spot_361",0.057047169259123,0.155021974306257,0.068437448003962,0.0130061862629669,0.0191977370734589,0.000101921582862145,0.0969158031751012,0.590108827942783,0.000162932393486861
"spot_362",0.042121798557445,0.0821135480840084,0.0746232343835351,0.015951826379479,0.00906333474058393,0.00495385027184232,0.0194284908761217,0.74804490265909,0.00369901404789446
"spot_363",0.0875304556015315,0.109984223031516,0.0102750817578945,0.0669066566710147,0.103601122188821,0.00429073798227168,0.0549495863758871,0.537445467705746,0.0250166686853171
"spot_364",0.080480228521426,0.212881460827908,0.0864831028620104,0.0230648098922858,0.0384814776147887,0.00157686212452695,0.0736717960310011,0.482334853210912,0.0010254089151406
"spot_365",0.0445650535010263,0.205863862779739,0.0365760048874094,0.0419831730629952,0.0926387251112663,0.00470680088592228,0.300924353749441,0.221627359506936,0.0511146665152645
"spot_366",0.0464045125823887,0.00174349892704336,0.000140098078525804,0.0284769017022419,0.0510528203154434,0.0149042539960288,0.254488875445282,0.555045406244634,0.0477436327084116
"spot_367",0.0534278418780211,0.122022476522248,0.0178685265370933,0.100530465531159,0.0329354825713172,0.000474190396911228,0.406993149606285,0.265561154279161,0.000186712677804777
"spot_368",0.0991021944226221,0.637632332363089,0.0219528654923568,0.0614870385016518,0.0262940127275911,0.00681675742253006,0.0205589177141345,0.125186596354514,0.000969285001509902
"spot_369",0.0175819640760971,0.00442963506999263,0.207432850929839,0.0263128748231224,0.291505337977865,8.95160145017893e-06,0.425841062277211,0.0263094527014412,0.000577870542981354
"spot_370",0.312741656826312,0.0102119705293132,0.0942132577300392,0.0322042321797045,0.393723299435083,0.00586854891969929,0.0530765639407171,0.0892073065139245,0.00875316392520743
"spot_371",0.0667659208771502,0.00586715995523296,0.151375405831707,0.0780456967316394,0.318803427184102,0.000601593449853926,0.284434980524057,0.0697019088836921,0.0244039065625651
"spot_372",0.230706982920071,0.0117874440022713,0.0701332584551765,0.112686374363733,0.46182769016955,0.000702758543558455,0.0568376563046777,0.0440008360738377,0.0113169991671237
"spot_373",0.00990376113738731,0.000108134081867127,1.10546784380042e-05,0.0489578237132876,0.0266330356327144,0.000126729913886884,0.444865507374714,0.466558809008108,0.00283514445959657
"spot_374",0.00278724214529507,0.0211499685575064,0.0768057070635292,0.00226729072600271,0.244493762097233,0.00192102331599359,0.00267737960468707,0.630334904830514,0.0175627216592386
"spot_375",0.0486468270767447,0.000200052023089401,5.00737172504297e-06,0.0780295495687546,0.152184109202075,0.0015855838636424,0.20088149494632,0.504281983604833,0.0141853923428154
"spot_376",0.0172829290074399,0.00159437766928997,0.00954863697681396,0.199366407772721,0.360322257241101,0.0039143960589299,0.0300913388737103,0.000441153337818886,0.377438503062175
"spot_377",0.00603305857569682,0.000807525675835658,0.0127521101741516,0.0536043763254615,0.277451616636853,0.0128707505002561,0.0682712796974445,0.00271083164961461,0.565498450764687
"spot_378",0.00514234709926874,0.000410124890575023,0.000982330150714092,0.124985919102902,0.405113049555492,0.00861720943163701,0.052570954312054,0.00598732022137167,0.396190745235985
"spot_379",0.00705305689648338,0.00192936923008724,0.00432986479004708,0.0360107430101185,0.425833606068099,0.0393085557127379,0.0931227925701424,0.00425734059007426,0.388154671132211
"spot_380",0.00192062587038793,0.000546281238246923,0.000277546068948366,0.0240549890320785,0.589230368338602,0.0211179006498834,0.00893375537217051,0.0191505590716352,0.334767974358047
"spot_381",0.379214386156343,0.0346345960141858,0.163568112514207,0.0369234724500494,0.194052565005146,0.00621814917814869,0.103760140926032,0.0755561359446605,0.00607244181122811
"spot_383",0.0500217519422228,0.201287270477204,0.031853771659422,0.0531614238699872,0.0656904323648248,0.00575565622426028,0.119239879679147,0.467726789567625,0.0052630242153066
"spot_384",0.0354239423546481,0.131580962344315,0.0648092383379954,0.0209103214935309,0.0437030283858004,0.00261202379697791,0.00510957145592514,0.694831398307333,0.00101951352347467
"spot_385",0.028446033751773,0.00580774672344934,0.00427481769243996,0.029796019421096,0.0776671039162219,0.00717253470919202,0.225203738941021,0.549206700159217,0.0724253046855892
"spot_386",0.0159216487796626,0.0107157819403741,0.0363361811330756,0.0530175789238569,0.0137443831164173,0.00052052394944197,0.213849160842838,0.65379230319074,0.00210243812359312
"spot_387",0.0523436390815372,0.215529128570064,0.0221735619513486,0.0330569678503128,0.0434603743056961,0.00106566972065034,0.164931234743774,0.465915396284053,0.00152402749256464
"spot_388",0.0328131830216418,0.0942403528229959,0.016217657842427,0.00698223405108632,0.0205392432815511,0.0002036231402977,0.215121012650461,0.612603121524371,0.00127957166516781
"spot_389",0.0216435426047891,0.00908278757359681,0.0432641288005459,0.0281704535429576,0.111030866829169,0.00374100219375292,0.0242978779759113,0.605339983303191,0.153429357176086
"spot_390",0.053937094005502,0.0109551951236445,0.0136330516708711,0.0191320647973575,0.0310845393032146,0.000700085105049178,0.210634475495841,0.658519858284893,0.00140363621362682
"spot_391",0.105713306164263,0.245166554790646,0.076528186949282,0.0392440355159536,0.0714486031905885,0.00217177881685561,0.169916848385841,0.269180981655329,0.020629704531242
"spot_392",0.0487047169674664,0.0168243063296208,0.0318617796028958,0.00479139745077845,0.0264754116226372,0.00133392013045114,0.00890015258721119,0.859274003235979,0.00183431207295996
"spot_393",0.0658902195916038,0.179442919031539,0.0731801050289133,0.0145739203795091,0.0370539248744161,0.000182903854353562,0.0666889320917892,0.562871658397482,0.000115416750394296
"spot_394",0.0324833465303268,0.00145686896103871,1.36607616228268e-05,0.023561299696005,0.0627120095290212,0.0013580979750063,0.108442188649482,0.766451387603289,0.00352114029420834
"spot_395",0.0726698946541941,0.125851854376396,0.0553703081153102,0.0155790683161286,0.0395792569999732,0.00566475759770378,0.0354343503519499,0.649232417142277,0.000618092446067452
"spot_396",0.0534338958508352,0.107774183064284,0.0234037024919016,0.0417622423506474,0.0330889417587658,0.000297139027056202,0.450474612931604,0.289676654490667,8.86280342383695e-05
"spot_397",0.0460690394370607,0.066469363137253,0.00130126200336139,0.0297907900082977,0.0397959521830396,0.000384739348000992,0.307889274705033,0.50602065123103,0.00227892794692375
"spot_398",0.0463359579819893,0.11024462560081,0.0735531739394057,0.0267094775751437,0.0355131196726429,0.00379680092537106,0.102429316718426,0.600174051814097,0.00124347577211401
"spot_399",0.0144546675528834,0.00921264046721929,0.0295210024706136,0.0131597697167996,0.203151779107223,0.0005287373557025,0.0817256904048847,0.647137538626557,0.00110817429811695
"spot_400",0.341777226244078,0.132328334385073,0.0232738741849086,0.0305248320390969,0.030583343706065,0.000340028884025978,0.343314523747408,0.0974328793504907,0.000424957458853884
"spot_401",0.496547690304151,0.0565478929160903,0.0769114702613935,0.0131553347965172,0.212948145431427,0.00062045404637651,0.0404334397123076,0.102310243556105,0.000525328975632096
"spot_402",0.411808324681657,0.00440083877915625,0.00592095267085753,0.00984307275017287,0.421454911282366,0.000331639189221841,0.0891455608743699,0.0545238085127808,0.00257089125941806
"spot_403",0.474315996518613,0.0254333189219024,0.0503927938744786,0.025548689934643,0.276544070774262,0.000289529810702253,0.0672826033950614,0.0794783100061805,0.00071468676415593
"spot_404",0.167256586953044,0.00937808857182631,0.0214891285356193,0.00825717598224742,0.0420790511619616,0.00124429585790049,0.0834738119720671,0.665006613684134,0.00181524728119947
"spot_405",0.016965383221447,0.00624616230208718,0.00454630960713324,0.02435835791176,0.206705699234533,0.00017580425914825,0.035703264208949,0.702786736479476,0.0025122827754656
"spot_406",0.0348748029230555,0.00045422902040774,7.87848177261452e-05,0.0178644631483412,0.20007480584034,0.00112640551312403,0.2213449239199,0.511508569366835,0.0126730154502705
"spot_407",0.0406384397192916,0.0039156034267637,0.0069799018832255,0.0715400080902568,0.0939899929376278,0.0201063793685421,0.182291594533029,0.516415420608287,0.0641226594329766
"spot_408",0.027240851460967,0.00426265393378052,0.00354885017449773,0.0431952576530988,0.352595858136439,0.00292679380467971,0.42084388725852,0.0886634393920153,0.0567224081860026
"spot_409",0.00315612255122534,0.00349656363831104,0.00120205278270942,0.0952803350519615,0.161356491791946,0.0228417359778131,0.375483296542531,0.0665156791379911,0.270667722525512
"spot_410",0.0142468531346083,0.000285445788908733,0.00201607002457084,0.0928771606371034,0.500762155591227,0.017041287858703,0.0678799106997571,0.00795554407596273,0.296935572189159
"spot_411",0.000766323276861231,2.68603446328374e-05,0.0123690918094592,0.108854712242608,0.38546291553531,0.00264353935792486,0.00168019991218663,0.00148625605879227,0.486710101462225
"spot_412",0.0070218411178195,0.000434817038776344,0.00387158805296776,0.0498377856335931,0.59701885872609,0.00125025960155574,0.0473939117046029,0.0430715071303592,0.250099430994236
"spot_413",0.016735843060678,0.137322091415793,0.0213491281892234,0.0184777984608899,0.476088085704927,0.00862429010961097,0.0257792918641431,0.0744529396040443,0.22117053159069
"spot_414",0.0698310647147322,0.141800771905587,0.00471034346982293,0.00885463265379099,0.346127704859056,0.000117194569328129,0.0566096488869726,0.360881293133198,0.0110673458075114
"spot_415",0.0377193842219696,0.00664632740303614,0.0249999888971386,0.0151568567433758,0.0317161225972915,0.000382996609088361,0.163126235477363,0.719200299062301,0.00105178898843629
"spot_416",0.025225505679973,0.114481271516009,0.0482913411431514,0.028227429923858,0.0385619182670983,0.0033942199347596,0.00355246870691279,0.733513715245289,0.00475212958294968
"spot_417",0.0783866390582616,0.106187765748247,0.0109389495663009,0.0253458912959478,0.0332237290581117,0.00148057770040965,0.17491469433946,0.566446331694153,0.00307542153910847
"spot_418",0.0713938790420828,0.0916035314092026,0.0323702456184734,0.0083046878115212,0.0318456298225481,0.00171704440619131,0.0223554596932465,0.733553874728142,0.00685564746859198
"spot_419",0.0389196307532095,0.152221214414042,0.120941665289632,0.00525803363845211,0.0188919907684165,0.00591661102340586,0.000975593180478428,0.655044054428058,0.00183120650430561
"spot_420",0.0746479611904662,0.169691364074379,0.00642422303929997,0.0424666936563479,0.0399164364504698,0.000905331747686674,0.213354603353371,0.451219391221441,0.00137399526653896
"spot_421",0.0381712510736619,0.0152946141535981,0.0108311829950045,0.0169810831203438,0.0678073615625557,0.00549831300266984,0.0171332901170367,0.784312314210133,0.0439705897649967
"spot_422",0.0505056890648507,0.120494189856784,0.0804149645965673,0.0193787891392898,0.0143122442151559,0.000667699587641298,0.0798003081621779,0.634188342116872,0.000237773260661018
"spot_423",0.0295349452165931,0.171466144302498,0.0397293139485701,0.00834063681122014,0.0256631336283197,0.00390780410391747,0.00404874979269008,0.710901294149792,0.00640797804639932
"spot_424",0.0502128282686909,0.0698271973342963,0.0123523549566388,0.0297680852617696,0.026430104773693,0.000851809922260571,0.186842126007236,0.621228724652042,0.00248676882337262
"spot_425",0.0464445329635905,0.122725289227351,0.0319324270850066,0.0420185627030584,0.0288318904614716,0.000450565718052087,0.174302043021375,0.552836293938545,0.000458394881549826
"spot_426",0.0357016976457876,0.0874723505364494,0.0221820568167585,0.0258463243231617,0.0252214783207385,0.00134310403349909,0.0292562865465438,0.771485663040891,0.0014910387361704
"spot_427",0.042248199424474,0.132658180234532,0.0635240658926299,0.0814543857613406,0.0448659073036349,0.00147960795392548,0.148611005638341,0.485037855022448,0.000120792768674286
"spot_428",0.0329718312173656,0.100808922763861,0.151717100389243,6.47871457208594e-05,0.0228349308313999,0.00217002705299389,1.87833531535216e-05,0.686264923545459,0.00314869370080305
"spot_429",0.0601676564674329,0.108383799170874,0.0260948151162155,0.0144310000616318,0.0120882432710045,4.93235333157878e-05,0.149873797224227,0.628628010472646,0.000283354682652173
"spot_430",0.0338415401334035,0.000919005423469548,5.46885106071466e-05,0.0980295732268845,0.218206974595815,0.00465576273491658,0.208566620275195,0.404411938659304,0.0313138964404048
"spot_431",0.134526980342928,0.0666894631460141,0.00469689268587021,0.0624113172419624,0.148024670226321,0.00412100526451282,0.462109425113673,0.114204484613314,0.00321576136540496
"spot_432",0.573521453645554,0.0092884970886624,0.033865630706778,0.114121645494357,0.0800585297139519,0.000507479764077642,0.0710630301617781,0.117133690388486,0.000440043036354684
"spot_433",0.394489468812881,0.00250308365670011,0.00914743310333961,0.0634895900162523,0.437093662572943,0.000459874059974866,0.0418047381627676,0.040973537832149,0.0100386117829927
"spot_434",0.338569355488672,0.0209867704203681,0.359594980393774,0.0360365300700008,0.0725884490119439,0.000833152032300686,0.0804000140389531,0.0905603674253918,0.000430381118595622
"spot_435",0.0156467779429093,0.0077629087821619,0.314963230247412,0.0374070177511777,0.241079319258097,0.00346704521956579,0.173907604796223,0.196071959348951,0.00969413665350293
"spot_436",0.0345993683629539,0.0409131410560509,0.549866306503428,0.0301335232109098,0.119138975529511,0.00153726490551266,0.0522101582260484,0.171387147299219,0.000214114906367038
"spot_437",0.0533947793110429,0.0243638341501067,0.100565838868075,0.0351021826467191,0.0636981923007746,0.000599172664470597,0.180558415940309,0.540255913238944,0.00146167087955855
"spot_438",0.0841966964776209,0.0633312930396534,0.18946113968384,0.068881750879483,0.0569955170612069,0.00159565109695131,0.105702241478691,0.428367154059424,0.00146855622312994
"spot_439",0.00465263530243885,0.00559744501782526,0.0141139752076773,0.0391276100842966,0.193939932935039,0.00124346520894292,0.361497188708863,0.375697318201018,0.00413042933389922
"spot_440",0.0374532401917224,0.00352268524578256,0.0133293945586869,0.115203877246193,0.255793747958207,0.00141305467581223,0.497072472441186,0.0603996673754709,0.0158118603069384
"spot_441",0.0492605167068831,0.00054900973141169,0.000863801260850915,0.0405597701550767,0.173313562751883,0.00321927350098036,0.605493759896843,0.0780682000164315,0.0486721059796394
"spot_442",0.0107305895599306,0.00223814550140396,0.00161565386116149,0.0909147531861821,0.1681975660942,0.00856159566487032,0.510499476208048,0.0562288244911337,0.15101339543307
"spot_443",0.0134757415856319,0.00157497658219058,0.00725664008090685,0.117939471053265,0.573900152298578,0.00720191103719886,0.0166023509340879,0.0144190311123499,0.247629725315791
"spot_444",0.00673533447022149,0.00722799166794583,0.00451696066018787,0.0798746361439249,0.346268871724839,0.0249654853323841,0.0498791124376533,0.0428706728280404,0.437660934734803
"spot_445",0.0600562879804942,0.286497990807285,0.0648472379657098,0.0458422500714739,0.179933631210674,0.000205490070411621,0.205222976009283,0.155998203342728,0.00139593254194001
"spot_446",0.0710224431745157,0.12583720193473,0.0201124353999895,0.0433225613717869,0.0458125253609411,0.00198760635640146,0.192451082144524,0.495714186512252,0.00373995774485996
"spot_447",0.0606765508112718,0.0130815555457374,0.00432677540942781,0.0127223197418676,0.0326710122391191,0.00122874149822868,0.105706273337379,0.766612482374707,0.0029742890422624
"spot_448",0.0244210642199549,0.000433172425482928,1.98850654129882e-06,0.0215676200511693,0.0447499339863136,0.00045259406491418,0.166410300324078,0.74008316122221,0.00188016519933609
"spot_449",0.0493273264608685,0.00795043174981016,0.000673142249138079,0.0124933676647484,0.0447416467249927,0.000393116269240972,0.128868544332749,0.752528894865248,0.00302352968320321
"spot_450",0.0549929808544737,0.301682981212938,0.0848563043680519,0.0318648555693018,0.0339368318624656,0.000665663339013457,0.0155065697179431,0.476275132774142,0.000218680301670592
"spot_451",0.0623053441482304,0.120812400914852,0.0459922763161042,0.0263130243631639,0.0388615408595309,0.000751930205645998,0.184650556607975,0.519625849655332,0.000687076929165053
"spot_452",0.0514776706876282,0.268527085581145,0.12358135906038,0.00502752154752566,0.0213655155690949,0.00119522853382794,0.00103960808006882,0.527249838906749,0.000536172033580237
"spot_453",0.0388140010528381,0.0150039442234963,0.0416143631652009,0.016242639913111,0.0333619420285694,0.00178167478407508,0.0486524258021117,0.802193237949386,0.00233577108121167
"spot_454",0.0627276029102758,0.281967947329839,0.100918035628967,0.0507217283431221,0.0321043184006469,0.000291303764773007,0.209971830746086,0.261209441641795,8.77912344953544e-05
"spot_455",0.0597547626217351,0.11743357846398,0.00163490027484676,0.0259831395670657,0.0465173232942724,0.000850618351313287,0.268350681763821,0.473935029872793,0.00553996579017341
"spot_456",0.0365993618626044,0.0997828721471639,0.123123367368249,0.00183086683505483,0.0178092871200429,0.007386953840502,2.82944291305608e-05,0.689513776891684,0.0239252195055685
"spot_457",0.0681055800812035,0.323927846689873,0.0390958872543159,0.0583088374215061,0.0729339252438171,0.00540205147416021,0.0431543095290783,0.32646463404626,0.0626069282597854
"spot_458",0.031026623105381,0.0153017978795531,0.00772431972092415,0.0112828804232053,0.0312189475609019,0.00200716446017969,0.147263801012389,0.747024709315179,0.00714975652228681
"spot_459",0.0318952813058533,0.150376046111167,0.0809048015279601,0.00757676417976486,0.00510090211190823,0.00030151218966586,0.00976819710853197,0.713564330990577,0.000512164474571927
"spot_460",0.0455349061945053,0.0609442351637809,0.00700509307777925,0.0337752444233499,0.0425310172222767,0.00326848237069708,0.0704329815383599,0.734314020029988,0.00219401997926305
"spot_461",0.0745895386960079,0.213559786650622,0.0669813582731086,0.0257486467078907,0.0551139928117295,0.0114539163735573,0.0282597926642753,0.485493850362202,0.0387991174606077
"spot_462",0.159392142137955,0.308781982706289,0.141309179197501,0.0255283832418442,0.0382763839939595,0.000372015448628026,0.174039199609317,0.151503371444079,0.000797342220427366
"spot_463",0.264633605714676,0.00686105493199238,0.00565852473731084,0.0689201708175605,0.513836793133855,0.0028624172901866,0.0742722547312566,0.0528582068055833,0.010096971837579
"spot_464",0.136192553296615,0.294447185126179,0.0350205770699133,0.0547963640322695,0.330846731242082,0.00117355855797978,0.0376900241890739,0.103809953743635,0.00602305274225355
"spot_465",0.0539315927151763,0.35209441415796,0.292493546456653,0.0771418175441407,0.0412900996404367,0.000146267187851294,0.0469186320700799,0.13592850622927,5.51239984325347e-05
"spot_466",0.0941731024108501,0.178323865773631,0.461301597623794,0.0254183224413366,0.0568946079099178,1.24511060345986e-05,0.127341404070874,0.0565294904155876,5.15824797433592e-06
"spot_467",0.0653041587435357,0.0920007834771863,0.520066633072428,0.0430394801932214,0.0862824747273278,0.000653799829657731,0.136375635500262,0.0561937934602819,8.32409960991658e-05
"spot_468",0.0895482389931524,0.140478090533773,0.506658896778602,0.0688666553914302,0.0508216077127337,0.000126851388760939,0.0811966376741889,0.0622497539762677,5.32675510908245e-05
"spot_469",0.0577203143006898,0.183935351724863,0.560071322901709,0.0191319347202882,0.0276753065145259,6.85324378846479e-07,0.123576777679105,0.0278774592132491,1.0847621191504e-05
"spot_470",0.0194743625910845,0.0786464325646325,0.517518447902812,0.0960429144528208,0.0773619612099861,0.000793510031982804,0.049052244812532,0.160797789411829,0.000312337022320853
"spot_471",0.0406720617566339,0.0389180532457834,0.504950409991076,0.133094533960843,0.0935158890593212,0.00212026322805741,0.0313778248137156,0.153903303889148,0.00144766005542179
"spot_472",0.0494913954529934,0.00345118429944208,0.00127911652939362,0.170830565978234,0.111273578935309,0.00214501596408917,0.588672709988657,0.0585563130743137,0.0143001197775685
"spot_473",0.0284112056010797,0.00161949531842361,0.00265283199075294,0.0302404531335099,0.139503942813515,0.00406101893626949,0.736075524992722,0.0420674405348896,0.0153680866788372
"spot_474",0.0182015240876024,0.00445694796748054,0.00229438339302439,0.107722224804773,0.287082668893298,0.000436293003518056,0.490863670040312,0.0761064918319755,0.0128357959780163
"spot_475",0.0033436652888515,0.000977276858502609,0.0101235446540549,0.0953208403155365,0.287739768075878,0.00994843131029833,0.0114065537060096,0.00770237511917715,0.573437544671692
"spot_476",0.119267411436182,0.232618845484852,0.0605054452515131,0.0200120113950737,0.0422416169283588,0.00197765427187275,0.108478616975475,0.413138052325623,0.00176034593104925
"spot_477",0.0312517458062575,0.00258966424335981,0.00447142752315502,0.0305104658907665,0.0259449220170719,0.00365762514787439,0.238571982244576,0.655071446638556,0.00793072048838352
"spot_478",0.0373366099009019,0.142538648147557,0.0554883890494181,0.0109524444702579,0.0270829378798673,0.000305238702500636,0.106370959540453,0.619514605605577,0.00041016670346774
"spot_479",0.0970460121710469,0.209070812658825,0.0307321231647772,0.0407598297133875,0.0326020149624762,0.000296287733625004,0.187250550366894,0.401907768302742,0.000334600926225833
"spot_480",0.0295897891316434,0.000634326609936243,5.06949662839758e-05,0.0347771565505671,0.0315174591549495,0.000296501727984646,0.458231800158432,0.442723645683511,0.00217862601669266
"spot_481",0.0553318619134119,0.0156000369354694,0.0203615393498978,0.00560834215722099,0.0193129505351618,0.000624477930267378,0.167935815139267,0.713583850281619,0.00164112575768542
"spot_482",0.0655255550301232,0.128206306114928,0.00464999305127879,0.0335797587368013,0.0731708812689714,0.00780192349140862,0.0589416519884332,0.573267304404536,0.0548566259135195
"spot_483",0.0304001056858094,0.0102796200927445,0.0192941966155082,0.0060475506630083,0.014674012903462,0.000471297485521376,0.121521196372489,0.795316570543542,0.00199544963791588
"spot_484",0.0798840719728832,0.184239383793877,0.00476279075106621,0.038597151816448,0.0570173640678145,0.000572520228466805,0.0979908662497268,0.535571238458858,0.00136461266085906
"spot_485",0.118136546223233,0.193987102203304,0.0295440822688128,0.103725265086552,0.0649526544669705,0.00305987276761132,0.172803782058436,0.311597579522487,0.00219311540259304
"spot_486",0.0225545186115054,0.0154796225402748,0.0199418880530642,0.0166819689639569,0.0354145012425308,0.000343148620127459,0.205137447819152,0.68390222499168,0.000544679157708711
"spot_487",0.0306027170147371,0.172374456334171,0.038601577121347,0.0155961004542335,0.0510807503268205,0.00333787541997992,0.0905503898499932,0.591230861086016,0.00662527239270082
"spot_488",0.0473977374654937,0.105498249494723,0.0105038010725156,0.0466201951123228,0.0650019166127195,0.00235762223726018,0.194991479995516,0.509473474630454,0.0181555233789952
"spot_489",0.0286359146829872,0.0043846418199465,0.00173090122392487,0.022286094988659,0.0251369186560378,7.18624057141224e-05,0.340803093237106,0.576681053609053,0.000269519376571802
"spot_490",0.033993491621564,0.0727172465266716,0.030005815530828,0.156495528981727,0.024653953563508,0.00147687860942657,0.305485650794416,0.374990523128266,0.000180911243593565
"spot_491",0.0778990214417376,0.120957971864061,0.0142892232651668,0.0335165292127348,0.0720658934078667,0.00420374646170531,0.089586233091336,0.579235116210809,0.00824626504458296
"spot_492",0.0617973128403244,0.23611503446952,0.0257372156800456,0.0468559879658841,0.0421200857205008,0.00150383797290296,0.219893894644447,0.365142280908235,0.000834349798139747
"spot_493",0.0973795865987973,0.308245752217804,0.03396846766042,0.0364708983458232,0.0170105238879768,0.000184471412767018,0.399222568767929,0.107500141797443,1.7589311039491e-05
"spot_494",0.133469412647603,0.341105483400835,0.0598701466649247,0.0244574125272683,0.265902729665862,0.00161522964689397,0.0511545606503246,0.119565054077464,0.00285997071882437
"spot_495",0.0520337644589953,0.440325432407161,0.0427634551404261,0.0894970050675327,0.169242868142936,0.00233127910066991,0.0386805757950207,0.156574254193479,0.00855136569377899
"spot_496",0.00187454856729467,0.00531360163859733,0.00776256359111709,0.0448383575752207,0.888024716009825,0.000535881724775177,0.00124625966817952,0.00207448604352761,0.0483295851814631
"spot_497",0.0780957783875302,0.143270999596064,0.476626263275777,0.0814661205400216,0.0587122307378939,5.72731020192569e-05,0.0838562755459667,0.0778306401385373,8.44186761895193e-05
"spot_498",0.0623336311779038,0.0887218255297193,0.531155007676206,0.0355558246170423,0.0637928818020325,0.0081201813359114,0.0688901998418436,0.139170241512113,0.00226020650722851
"spot_499",0.0551811036359261,0.0594561997201776,0.565239301072472,0.0127949836599015,0.0898176705267965,0.000415508934522619,0.067544183633504,0.149173327803776,0.000377721012923337
"spot_500",0.149315468160744,0.144325981580739,0.370534199855653,0.156067272214321,0.0465862105317953,0.000119949210649128,0.0754155958281591,0.0570740537724088,0.000561268845530511
"spot_501",0.059449900876758,0.13986932620088,0.472617449389563,0.0575939090393854,0.0768870402591433,0.00196735997705932,0.0808599199180762,0.109935051726458,0.000820042612677864
"spot_502",0.0683338872471726,0.0706647805773448,0.513340152156379,0.0572198354112724,0.0809405808762043,0.000431801706831468,0.0755115297087905,0.133154847212919,0.000402585103086016
"spot_503",0.0353233096844193,0.0226889282941195,0.184708741083717,0.0691492302013731,0.100598018221095,0.00320712355046392,0.4658800540672,0.103737966343944,0.0147066285536681
"spot_504",0.00284094405774212,0.0027286483166964,0.0106555864826193,0.00909061172069553,0.627514842432289,0.00131750155351423,0.242554735870276,0.0193003228675948,0.0839968066985728
"spot_505",0.0308088706624775,0.005441986005133,0.00221447169445602,0.120993813635204,0.122780480214732,0.0011635294305722,0.601701434615465,0.113081918369808,0.00181349537215286
"spot_506",0.00370026993619448,0.00434401245771517,0.00553715875740708,0.127866258176595,0.0109758745878278,0.000738605236710778,0.787049471224603,0.0595038986413115,0.000284450981635301
"spot_507",0.0116105518756677,0.00332295101347883,0.000446833047791862,0.0840691275003991,0.187360690316403,0.00100958860073719,0.477156320609434,0.233397780856226,0.00162615617986182
"spot_508",0.000775561344142786,0.00176013814531483,0.0374419889949386,0.137686733550278,0.0069310980735945,0.00209431116063275,0.225259361158742,0.587763108209299,0.000287699363057715
"spot_509",0.0783901223057486,0.264739017126919,0.0457983903030061,0.0288994218019365,0.0245674361466455,0.000605940090409267,0.163885685404793,0.392952511842829,0.000161474977712465
"spot_510",0.022358998645437,0.013032903109966,0.0160897033430035,0.00249360146886962,0.101080939765543,0.00513510093042165,0.00697805038566152,0.710725461061022,0.122105241290076
"spot_511",0.0658259524177434,0.0022295537234165,0.00117619646293581,0.0533462348387211,0.0291263411472325,0.0035803172415926,0.382765793105292,0.451096089276233,0.0108535217868335
"spot_512",0.0539611664223594,0.156801652870519,0.0263810259933075,0.0410480530959407,0.0296616429737021,0.000412117753661172,0.247609243489327,0.442368741636401,0.00175635576478228
"spot_513",0.0676293977006947,0.247799328651537,0.00937384191673069,0.0245008805937573,0.0795556041068593,0.00148217972359301,0.125232005075904,0.443550998836449,0.000875763394476095
"spot_514",0.0728239520138591,0.169113878465459,0.0166493542860168,0.0422255562196879,0.0413138935227023,0.00104267972899421,0.16438159789464,0.491242428667846,0.0012066592007947
"spot_515",0.0104885796713737,0.0161902353163721,0.0828729268685044,0.00828016093598358,0.0336612156402814,0.00043890467518253,0.0167390782437593,0.830115663899491,0.00121323474905163
"spot_516",0.0509425967525617,0.306634996883453,0.00381039864519538,0.00543900812829528,0.0166579329108028,0.000161965245768898,0.0327867796947075,0.581550189118998,0.00201613262021676
"spot_517",0.119190655205228,0.208974667788804,0.0568165371674257,0.0188189747861351,0.0630319721621029,0.00155119656408439,0.0417613051924978,0.488194989435679,0.00165970169804256
"spot_518",0.0316823206276515,0.0899329314231795,0.00248395049604537,0.0433906701955865,0.0323678700066647,0.000262396511590194,0.440688330330824,0.357509871676834,0.001681658731625
"spot_519",0.086576877734129,0.0906344098304406,0.00385230350666948,0.0421008156957789,0.0196712167100184,0.00302316232759086,0.1167395817531,0.625833786809323,0.0115678456329497
"spot_520",0.0651130969148743,0.220633479530961,0.0337318640975583,0.0400412060063251,0.0452847228899917,0.000399118224420345,0.277690645385884,0.316570755015919,0.000535111934066001
"spot_521",0.0788941343948678,0.190163313445379,0.0226385418881195,0.0852884038359299,0.0582433537728129,0.00167475370524012,0.227876621296963,0.334512060436927,0.000708817223760257
"spot_522",0.055209222533009,0.190467874590878,0.0525435793308626,0.038919274190248,0.0440714971042547,0.0012362518614223,0.0335088325904285,0.583411764094486,0.00063170370441098
"spot_523",0.0290723626019806,0.143130366740079,0.043243444902034,0.0177999586829466,0.0993934051749169,0.0104879126103043,0.114922378642428,0.51110820622901,0.0308419644163016
"spot_524",0.024314683730307,0.00630092199528031,0.00169260004786059,0.125598358708602,0.143789347647638,0.0630898951355135,0.512317731027573,0.0752293883764944,0.0476670733307312
"spot_525",0.338471330518715,0.0149908780384613,0.00323552568409998,0.0662907225771472,0.0337074761916029,0.00557073168343379,0.418779402104831,0.117127056097479,0.00182687710423003
"spot_526",0.017625684693918,0.000557121467425882,0.00248418327428034,0.0528604598794649,0.750844714960809,0.00362029409185846,0.0476502895119363,0.00690758716733074,0.117449664952977
"spot_527",0.0638580943284948,0.0769923513091673,0.0275766825248961,0.0412486278218631,0.686976410660624,0.00153825063829364,0.0594789872535828,0.0230588851121699,0.0192717103509082
"spot_528",0.0384950425290994,0.0350646009988746,0.588101272785295,0.0152680057051343,0.0531657587673119,0.000439377558243583,0.139012590040181,0.130020066913092,0.000433284702768316
"spot_529",0.0124807870414064,0.0229375730511501,0.590513012011283,0.0397067167316918,0.0596340798185524,0.000205092768566728,0.0965556711276684,0.177337898713831,0.000629168735850552
"spot_530",0.0239478465355989,0.0262532300763902,0.466477933679719,0.128244838068998,0.122997638751246,0.00569255442955609,0.0472174762753403,0.130160787830062,0.0490076943530899
"spot_531",0.0414314041182195,0.0857156686275284,0.530446096690982,0.0465448633887009,0.135643059766774,0.00210933733307368,0.0399125370856117,0.118051109255527,0.000145923733582802
"spot_532",0.0413966437633179,0.0566425137936336,0.604156052709347,0.0451880907748742,0.0411495138426324,0.00118752642342831,0.113597744868344,0.0965688787021068,0.000113035122316018
"spot_533",0.172422359981232,0.15179985253867,0.306109389320827,0.22461449064728,0.00472291846090918,0.0061105775213385,0.133711720820696,0.000501980156338922,6.71055270800635e-06
"spot_534",0.037362624395916,0.0504213329752016,0.571371482526927,0.0378895269443455,0.0857082635343044,0.00256588439595198,0.109923546239909,0.103964283316723,0.00079305567072142
"spot_535",0.0373139689649358,0.0405824770836842,0.340590880078029,0.0445474419033243,0.0536423793187447,0.000652588512033399,0.379390118776134,0.102605918861727,0.000674226501386909
"spot_536",0.0422413814603744,0.0241368783930725,0.147872142993114,0.0827828209787212,0.154947660641342,0.00378806976978363,0.417027872056923,0.0449686855167704,0.0822344881898993
"spot_537",0.0449395164354676,0.0014972902051632,0.00243711729805214,0.141403950117276,0.178770098387507,0.00101722042880508,0.545018213886689,0.0551499025880486,0.0297666906529915
"spot_538",0.0464183324369428,0.00149718663164319,0.00134862472236693,0.0541428784684388,0.409149130879275,0.00476637047978656,0.383252391484852,0.0339205424735069,0.0655045424231878
"spot_539",0.0337015195801122,0.00377083415365984,0.00118113243520872,0.0289884706381145,0.0297599819421675,0.000678624086742806,0.186949274028398,0.71316138674314,0.0018087763924559
"spot_540",0.0223210187851967,0.000883699902527144,2.27311863657497e-05,0.0157652912584352,0.0228188361908968,7.22780570387511e-05,0.488080207175724,0.449649316586414,0.000386620857402127
"spot_541",0.061020136363442,0.108709511206735,0.0256809447018587,0.0594694677519082,0.12069628544466,0.00542973026429125,0.153160195158331,0.417384971388049,0.0484487577207246
"spot_542",0.0220231966161683,0.0010699404881716,6.08562564914559e-05,0.0636765071023323,0.0603799148388406,0.0016825660465924,0.389811196879255,0.452457025680935,0.00883879609121337
"spot_543",0.0351558949890784,0.0658146803753818,0.0155232165999826,0.0098888340461079,0.0234977370098831,0.0008695390834999,0.145354814222629,0.696520243095524,0.0073750405779132
"spot_544",0.0741260476229191,0.226718567859522,0.0577197398742943,0.0300564947229807,0.092216918172264,0.00381441511372582,0.191672941555559,0.312678317672013,0.010996557406722
"spot_545",0.0672475013275682,0.113495638383807,0.0222338413815144,0.0681296544419601,0.064609414768114,0.00636649715491906,0.169254691184287,0.481069368949448,0.00759339240838251
"spot_546",0.0646302998625089,0.109561281235463,0.0130804956407329,0.0430292081218612,0.035965084968633,0.000775188441144218,0.161400775991537,0.570611675955928,0.000945989782193136
"spot_547",0.0436475907986967,0.173549534143174,0.0326177049263873,0.0618743805711875,0.0452928770822033,0.00123853077414717,0.356351988874177,0.285220159563363,0.000207233266663955
"spot_548",0.0244706685265689,0.0151425288269791,0.0727783282183659,0.00567240301870369,0.0275686175505291,0.00464076929205533,0.00124301446422056,0.837033036849418,0.011450633253159
"spot_549",0.0372813003605025,0.250348960974999,0.0332216204761916,0.0204580407353862,0.0392881795034583,0.000883033888939385,0.0769035513239904,0.540885391335423,0.000729921401109973
"spot_550",0.0496423134711418,0.182861584900487,0.0499786779838805,0.0262098608428422,0.0291837869581794,0.00104800427367996,0.127259032883522,0.533249474108279,0.000567264577987404
"spot_551",0.0544561672852728,0.0162443121656143,0.00666402717844833,0.0381681566802368,0.0486498835668014,0.00710921774801245,0.0585612914644872,0.762861736682743,0.00728520722838383
"spot_552",0.0305841183111825,0.00214224594991275,0.000155937079550013,0.0180391974818881,0.0435175783621084,0.000266505428907876,0.299768434400744,0.602233479483941,0.00329250350176495
"spot_553",0.0989661875510845,0.113235276882281,0.0529048911051996,0.00935007305013379,0.0394673055590198,0.00100344804116477,0.0727679891379767,0.611096304795271,0.00120852387786836
"spot_554",0.28438653644231,0.0138791428849639,0.0124814870780488,0.0190190005108825,0.284125084388955,0.00580538195236153,0.0290156272069847,0.05756403424309,0.293723705292403
"spot_555",0.0438224513995039,0.00225341992067841,0.0136515783185002,0.153750597039596,0.583342551432437,0.0027050591145371,0.0733896754935415,0.0248204656060057,0.102264201675201
"spot_556",0.0188232738514153,0.000899116689866378,0.00114849104415295,0.0742705361107041,0.696190711143499,0.00317375902705692,0.107385527495726,0.00584518263756033,0.092263402000019
"spot_557",0.00257191810912103,0.00171104353275096,0.0109854175247168,0.181624501613312,0.70448884984545,0.00114282532766098,0.0342199096341759,0.0105161631530214,0.0527393712597903
"spot_558",0.00963216934734916,0.00194636731670329,0.0112838371001333,0.0404690536947699,0.637030955530427,0.00426493510519779,0.181752907033573,0.0635458633770072,0.0500739114948391
"spot_559",0.0397536940735016,0.112701673161616,0.565390119585033,0.0287689013755889,0.0440340971950004,0.0010112897053079,0.0869112084633566,0.12111538884494,0.000313627595656149
"spot_560",0.01425658402021,0.0103000168174736,0.591942812266901,0.0252866962341955,0.0647210994085728,0.00111485204991165,0.0466962304875718,0.242754578900862,0.00292712981430215
"spot_561",0.02287407136274,0.053418827095294,0.527166348160006,0.0953972635263668,0.0506669120503373,0.000641901167992544,0.1129577713983,0.136838446225279,3.84590136841725e-05
"spot_562",0.0361473671582751,0.0200452062342068,0.580369016720475,0.0374000303772446,0.0948030894885595,0.00056192014251068,0.0967761305988722,0.131862568258625,0.00203467102123094
"spot_563",0.0318032783384235,0.0319602012481345,0.588201385573614,0.0370542348443315,0.0846244125856095,0.000603728660916163,0.0970141720019566,0.127693930929856,0.00104465581715799
"spot_564",0.103414910418355,0.046111870363859,0.508636660092741,0.0320047545936963,0.0776131490261201,0.000752504296311436,0.0569361901750737,0.174354623080799,0.000175337953044666
"spot_565",0.10716692091415,0.134614417209322,0.421699317141858,0.0860832931067812,0.0828243292261669,0.00104868100338514,0.0674498328987869,0.0985279338827307,0.000585274616818803
"spot_566",0.0480429762108079,0.0719615587819703,0.572406221960073,0.0813831528263037,0.0609857064892201,0.000201246158233704,0.106630282105889,0.0582939546745445,9.49007929585522e-05
"spot_567",0.0307352196603077,0.0613254853934554,0.461360253057994,0.0827610575500089,0.123314649851429,0.00289603834361017,0.0995020627449916,0.103993335740507,0.0341118976576956
"spot_568",0.0154043187366801,0.0123085311543499,0.0604911974401182,0.0679174088860969,0.149797536397673,0.000683766577224608,0.656679307146101,0.0341083865009357,0.00260954716082032
"spot_569",0.00755179848805193,0.00723480041624054,0.00103088484231708,0.135070190813681,0.0188152657635974,0.00207071433010496,0.706977979688919,0.120550323553458,0.000698042103630281
"spot_570",0.0521647832731115,0.00128776452558789,0.0200067324638226,0.00493497360474533,0.659191026503939,0.00214928726755117,0.00409136526124517,0.169067311679853,0.0871067554201443
"spot_571",0.0611243555779441,0.1628877071858,0.19303467349091,0.00609823776583375,0.0180630360883631,0.000129508754919714,0.000387838650155892,0.557812504218042,0.000462138268032104
"spot_572",0.0561659552936924,0.245914355811709,0.00847122854239226,0.00115798083993433,0.04716423705283,0.000216488310860564,0.015340058791248,0.625240402298865,0.000329293058468507
"spot_573",0.0406664184288392,0.00177111238157945,0.000174599948419535,0.0465088733242176,0.038215068230845,0.00199851046674864,0.369611215036813,0.494495627101749,0.00655857508078853
"spot_574",0.0436287853893361,0.108985413890771,0.063177493967176,0.00887904150440627,0.00960783942110558,0.000693154334689216,0.027870440515677,0.736146513371399,0.00101131760544065
"spot_575",0.109025306848455,0.1742533061787,0.157687555214971,0.00811691571668589,0.0486492508794262,0.00380278092268209,0.00164748622292917,0.493332975889954,0.00348442212619628
"spot_576",0.037074278138129,0.00907879847727742,0.0230612915701309,0.107893983954104,0.020342079977042,0.00287850500135115,0.207822417707438,0.582253095272175,0.00959554990235271
"spot_577",0.0783189670533773,0.0818024427648103,0.0149709806414769,0.0250163970426394,0.0463051590884469,0.00335878632637854,0.0521914268260958,0.695027050844173,0.0030087894126015
"spot_578",0.0546851575527814,0.106175413315364,0.0110088239248196,0.0231204782314394,0.0442441666281477,0.00116690434338219,0.115431967726566,0.641914682579225,0.00225240569827514
"spot_579",0.0484327718472909,0.164018698954024,0.0397606791994879,0.101435241658827,0.0367106773973189,0.00255445689309394,0.42778811390902,0.17726852280097,0.00203083733996776
"spot_580",0.0631980247437821,0.323581160719199,0.0879794324706327,0.0173367814752682,0.0408993837743698,0.00144862561459638,0.0961771777538215,0.369243124852149,0.000136288596180601
"spot_581",0.0297441386125359,0.0421331446395875,0.00418961351933959,0.0568749430618111,0.0881908079085578,0.00339387649543167,0.273253560665094,0.465276638868036,0.0369432762296065
"spot_582",0.0479714025553665,0.122675986455327,0.0111666899114645,0.0174487864084563,0.0237896849388668,0.000205868710713534,0.432142696641439,0.344419227017159,0.000179657361207482
"spot_583",0.0899491901130423,0.125870184643806,0.00959843999802754,0.0514151383386786,0.0645070829636108,0.00164411724243058,0.205264911338339,0.45084354866382,0.000907386698245653
"spot_584",0.0213263198456055,0.000251642881536981,1.46154062242149e-05,0.0169762522566359,0.0985917964423856,0.00488332127427105,0.278046565219384,0.445073286744292,0.134836199929664
"spot_585",0.0140435619386897,0.00166228998693326,0.00765967495352344,0.0864345152249884,0.651273695121602,0.0107328066272634,0.0729303405664917,0.00682781828549283,0.148435297295015
"spot_586",0.0192338019745494,0.00334494255190922,0.0311716395209232,0.25605736067263,0.483147647518523,0.000203642059330616,0.167827234699934,0.0387646596929601,0.000249071309239971
"spot_587",0.0531135396596677,0.000955712689816923,0.00863695724656487,0.0610828343763488,0.792665588626967,0.0013731421060479,0.022411498015378,0.0187765946508606,0.0409841326283485
"spot_588",0.027668595643326,0.00124529128405921,0.0109493514808686,0.0401176038377314,0.831765012171578,0.00182362589018022,0.0380867001797827,0.0172908536872018,0.0310529658252717
"spot_589",0.0678274802834451,0.000326199658886786,0.00932615805408285,0.155345547671464,0.674403000468633,0.000593125308351497,0.036989339086151,0.0171759615732259,0.0380131878957598
"spot_590",0.0367525941574165,0.104409669248228,0.562347289226137,0.0225542117007308,0.0880054282739899,0.000924320821404541,0.0366608293224274,0.14789920018571,0.000446457063955392
"spot_591",0.0626096538558429,0.0798924350026095,0.534262722162911,0.060499458645369,0.0726710849380751,0.000230723360368377,0.108280339740111,0.0813877416128048,0.000165840681908028
"spot_592",0.0665207343918275,0.0650151476017446,0.496389380998621,0.0223877455311201,0.0945345946951838,0.0162766992350113,0.0676025902201138,0.147657027831098,0.0236160794952799
"spot_593",0.0296447331795642,0.0789857553904173,0.547233459266273,0.06508279602148,0.0629030977737465,0.00212460238016005,0.0948754486319784,0.119041429191817,0.000108678164563106
"spot_594",0.0669936585410116,0.132466502728885,0.585530683979936,0.061474198524976,0.0189880242215304,0.000380226041556645,0.070099122229491,0.0640373171659314,3.02665666819702e-05
"spot_595",0.0307680075864498,0.150421913869276,0.501730049833965,0.0351249872713689,0.0693057397807886,0.00278723838325311,0.11119765430112,0.0963611852624273,0.00230322371135141
"spot_596",0.0492381431944845,0.100202255708811,0.495180863393622,0.0644797441922539,0.0932847761163689,0.000467366522184308,0.0506965434836394,0.146265846862263,0.000184460526372099
"spot_597",0.0356947944813058,0.0960394976611044,0.522318415021205,0.114525981301669,0.0881472121982665,0.000201037440216473,0.0505205182056566,0.0923536327364417,0.000198910954134206
"spot_598",0.0253720311832354,0.102160093169745,0.63872057874362,0.00753442177080938,0.0767696497995346,2.29865714351612e-05,0.103456827472939,0.045925550787326,3.78605013553519e-05
"spot_599",0.00817723355775363,0.00870555682371834,0.590455244404732,0.058608247553273,0.0868018150854749,0.00157112552664035,0.130897247263073,0.114004793894911,0.000778735890423861
"spot_600",0.0123256393827347,0.00429412253602024,0.000859932540925418,0.117118073525544,0.0591188620276063,0.00329478741637503,0.667741418213566,0.107001005879372,0.0282461584778566
"spot_601",0.0301602277026517,0.0149271940367836,0.0351460617150596,0.0619905206109905,0.701996571261632,0.00132747777526139,0.0127808519161398,0.0337314058097584,0.107939689171723
"spot_602",0.0302034837615188,0.00362840905520063,0.00119664397442515,0.243035271085074,0.121897569130207,0.00174230232972227,0.141242224547956,0.442833829292974,0.0142202668229218
"spot_603",0.0525709252860288,0.0860168019822054,0.00323025804097914,0.0361804454888616,0.0360543093053641,0.00127409740870975,0.193155772742934,0.589841914810874,0.00167547493404296
"spot_604",0.0607440935521863,0.297311061431297,0.039963971515764,0.0195370898775139,0.0286286171768794,0.00071692670606802,0.0814494436949361,0.469570832763292,0.0020779632820633
"spot_605",0.0455130519451694,0.0656532664056094,0.00594863226249539,0.0257414327844664,0.0297707458567916,0.000537757656185037,0.21898033825936,0.606618507039615,0.00123626779030773
"spot_606",0.0367713979933885,0.0723017534067427,0.0715680947635241,0.016435929095228,0.0351671717057882,0.0013185592780222,0.0332234146410135,0.732035845801736,0.00117783331455634
"spot_607",0.0245907145823327,0.020527331375357,0.150508461385139,0.0253702047432178,0.0573902783438342,0.0245376593989074,0.00247915843650744,0.69221862964851,0.00237756208619471
"spot_608",0.0714083013245657,0.0768678450412174,0.00747982596514232,0.0223194164012292,0.0278731105779776,0.000815610233328832,0.111145722543429,0.678958789803318,0.00313137810979265
"spot_609",0.0370715215540523,0.237473919542951,0.0465951447944527,0.0246875787966907,0.0283180395984941,0.000403518035213855,0.235302071729554,0.38923307577581,0.000915130172781338
"spot_610",0.0437746464416281,0.00934040990325819,0.0096081501716625,0.0369388842265209,0.0371249867675003,0.000576682512740436,0.195344928277382,0.663461634007844,0.00382967769146328
"spot_611",0.0906629059230465,0.151947352963903,0.0141427104845253,0.0493956825786877,0.0985268832295354,0.00368394787617791,0.138757304827931,0.425155849797234,0.0277273623189586
"spot_612",0.0711420123142032,0.299820185129603,0.0399778469838308,0.033942738630613,0.0545953890276781,0.00245129904695091,0.295380495542427,0.201237768157897,0.00145226516679739
"spot_613",0.0445696360683001,0.0836104884862274,0.042238883148774,0.0254875356406522,0.0246391061670508,0.000953789800787724,0.128414322807711,0.64742755894381,0.00265867893668645
"spot_614",0.19388349958456,0.00366183868814082,0.000828172093772312,0.015899322281595,0.111884834016433,0.00433034472924216,0.212608221784447,0.41724441482775,0.0396593519940593
"spot_615",0.0158959061262457,0.00253026683900748,0.00364158095084969,0.0213443878491343,0.290035848788803,0.0393733514596681,0.0331949663673716,0.00890297940280129,0.585080712216119
"spot_616",0.0398230015543704,0.000865364825000862,0.00396009079139622,0.361031856966909,0.45088785362388,0.000213211362115211,0.113052885478822,0.00528987104623204,0.0248758643512748
"spot_617",0.0581019714048821,0.0017931176531231,0.00931021734066824,0.0728886373303326,0.755024197801847,0.000708535429493902,0.0433235498555664,0.00909914079305223,0.049750632391034
"spot_618",0.0471817638075397,0.00042118524742026,0.00393012359758037,0.163958502956798,0.656371519543313,0.00591033307996873,0.020054073215829,0.00909860655433428,0.0930738919972176
"spot_619",0.0245290928530171,0.000149890106081424,0.00195768638895089,0.102724657238789,0.713105777284506,0.000330869553446219,0.0444744992407559,0.0183778876503048,0.0943496396841484
"spot_620",0.048097226838412,0.000814867581535296,0.0149352373970629,0.110544963794218,0.707900367424591,0.00452830523006184,0.0349389383272686,0.0213080044907634,0.0569320889160876
"spot_621",0.0309414164907542,0.0555694683838113,0.579392187763728,0.0468774006260926,0.0704093681893158,0.00410735468752421,0.0454838057787618,0.166945214435808,0.000273783644204422
"spot_622",0.0192414011423302,0.0368503905510845,0.506967535396678,0.0264744956992776,0.116084324498619,0.00411133734798601,0.102436826539355,0.126901514912436,0.0609321739122344
"spot_623",0.019001170779856,0.0373366240641602,0.726291750752116,0.0171662019020406,0.00771201158191547,5.13466605313735e-05,0.0954460258833382,0.0969933199918186,1.54838422365691e-06
"spot_624",0.0847412774512078,0.0883175053950921,0.618920168969061,0.00129075607790303,0.0288322807946174,5.19666935277461e-06,0.0900804994469595,0.0878103173129218,1.99788288503954e-06
"spot_625",0.0381386323434216,0.0490962481437589,0.497615159774716,0.0479926093207259,0.131815937578189,0.00431925303340251,0.0678568670946221,0.145358569995932,0.017806722715233
"spot_626",0.0508502345478025,0.0685570253806123,0.512517541541298,0.0615821900935553,0.0860846873550797,0.000507459110603493,0.107158429415983,0.111660346488695,0.00108208606637027
"spot_627",0.0366994661975575,0.0645446917177791,0.586780566153524,0.0233051351434774,0.0895072367671037,0.00105361890922081,0.0664381500963217,0.131519539370983,0.000151595644032378
"spot_628",0.0598558745693451,0.078180133471847,0.512932435802976,0.0465024433521791,0.0709106063493804,0.000307041554015396,0.0734748898557758,0.157697283973963,0.000139291070518791
"spot_629",0.0584450957716566,0.0234542304657096,0.577004148507379,0.049635562922923,0.0568916107587035,5.0592970183325e-07,0.187295175409898,0.0472724855369323,1.18469709574792e-06
"spot_630",0.0587023049652201,0.0922382831143779,0.587402838551702,0.0089423573705577,0.0460504436379554,0.000912506088109928,0.137320880816574,0.0683537437449678,7.66417105350018e-05
"spot_631",0.0336139296825484,0.0242526276520145,0.214929912679708,0.0894866213761579,0.0332547973797762,0.00326806181490619,0.4375238655846,0.162984109584311,0.000686074245976849
"spot_632",0.0263605394475253,0.00282324205989036,0.0118297370849938,0.356418336981125,0.228185138876133,0.000264657527785774,0.215679500075129,0.139182781109703,0.0192560668377158
"spot_633",0.00924569457510734,0.000144737951603976,2.55482886925732e-05,0.627166753114175,0.107548747171288,0.00508634052933366,0.213469770991749,0.00429201943718858,0.0330203879408619
"spot_634",0.0634323627355382,0.118428152149178,0.027109817980733,0.214162120551913,0.224974607028573,0.000951420979207797,0.188897441825488,0.158508040919179,0.00353603583019089
"spot_635",0.0159986225629003,0.00519267982924965,0.0102809710462449,0.0216620873834821,0.0710284744321112,0.00182774911272795,0.292429769413693,0.525518016805879,0.0560616294137124
"spot_636",0.0673741363108145,0.206688126614894,0.0111225236730962,0.0462005752978499,0.0377186584420427,0.00137967899663717,0.253395241331116,0.375657276825601,0.000463782507949672
"spot_637",0.0447476849707568,0.0548128950061859,0.000785021836899807,0.0677118829081466,0.0381293526184902,0.000949052424879102,0.309037990518628,0.482955143932821,0.000870975783192275
"spot_638",0.03722482481155,0.13887385140603,0.125310248858585,0.000957109865414909,0.0308476345140661,0.00279869147117311,9.9519806437014e-05,0.661038595557818,0.00284952370892542
"spot_639",0.0669267968806411,0.0819056119914325,0.0243589680886809,0.0175818696323027,0.0175382569322634,0.0078398000330117,0.137705528072973,0.634822983776699,0.0113201845919952
"spot_640",0.0441865832733746,0.120064131131911,0.0232241754477083,0.0409176208940681,0.0962327215146786,0.0112569343213599,0.0896444568244013,0.514955325626628,0.0595180509658707
"spot_641",0.054162241516592,0.00857444209781648,0.000267158080774837,0.0328994756541394,0.0294005548706055,0.000889489807911215,0.581785419324781,0.291120499802102,0.000900718845277725
"spot_642",0.0805532496078963,0.070742658172469,0.0377448760574213,0.00184855775491988,0.0247724818126358,0.000167123188005509,0.0130083306184839,0.76940507018896,0.00175765259920859
"spot_643",0.0512556033008381,0.197286394747674,0.00281489483168463,0.0830718890407101,0.0137172494634961,0.00121973580392967,0.347110777160528,0.299060584214098,0.00446287143704225
"spot_644",0.0293217267901312,0.116992973771138,0.00613587359747183,0.0167715418580581,0.0359135215430456,0.00266455515146578,0.0272320984061614,0.763866436888726,0.0011012719938028
"spot_645",0.000267008853618393,0.00876625884273574,0.00178672881430549,0.285297976326366,0.241043805539983,0.00426761308987766,0.00752331059800849,0.00637949518984851,0.444667802745256
"spot_646",0.0953115737215933,0.00493501500430105,0.0103827819309066,0.0355452153511666,0.393212704250085,0.0108964843713153,0.0665373198530076,0.0352464084282407,0.347932497089384
"spot_647",0.0530073113565823,0.000500322582282175,0.0090903005244415,0.100053218788813,0.726475646454424,0.000750160743738321,0.0321118223866708,0.0253157339276922,0.0526954832353554
"spot_648",0.0461703516803483,0.00196051539346175,0.0088040980139976,0.0775174064482419,0.725959490120297,0.00146816201820396,0.0651267004959045,0.00375666622522797,0.0692366096043172
"spot_649",0.0113162354629056,0.000367075146909355,0.00777467149004113,0.105607916982887,0.767033453438419,0.000649977051726361,0.0383084435370331,0.00450127857112661,0.0644409483189513
"spot_650",0.00366371833047006,0.000597378257122438,0.008659771880435,0.111861730823155,0.759144013189212,0.000118980717262732,0.102038636896211,0.00312268109132473,0.0107930888148067
"spot_651",0.0518327570457239,0.00213463249934956,0.0117628836226938,0.0277587357563943,0.778959812722476,0.00429599815039045,0.055821520286568,0.0243695544607628,0.0430641054556414
"spot_652",0.0598445980836495,0.0749411737552566,0.55074673102321,0.0835055714694327,0.065580591411826,0.000200997052354173,0.0793938431005821,0.0856440613024938,0.000142432801194817
"spot_653",0.0224479106833415,0.0356928044689951,0.535992119984689,0.0465459257750715,0.117396696116251,0.00206317659228763,0.0663222504266769,0.172646558732418,0.000892557220269474
"spot_654",0.0917513387072212,0.157083988571721,0.4285507670333,0.0969156083537757,0.0763361690356719,0.000412535001997953,0.128455019400112,0.0201662131978917,0.000328360698307544
"spot_655",0.0374340945911778,0.0832924082232584,0.530268057035295,0.0846848641376233,0.0716458029693524,0.000104847250455223,0.08834379950373,0.103706810665578,0.000519315623529742
"spot_656",0.0468101890583116,0.0244794501439909,0.590219511228327,0.0291767829165384,0.0881133820670218,0.000434006722674624,0.0187395543032934,0.199288831568643,0.0027382919911997
"spot_657",0.107842800301017,0.110297010734611,0.48216613808772,0.0649080898054322,0.08336646428978,0.000286102220207,0.0921578344727547,0.0588683435606591,0.000107216527818806
"spot_658",0.0450825914637006,0.115226404304881,0.516532526970745,0.0550791766145556,0.073279324691195,0.00059605008853739,0.0914201891323556,0.102205586145914,0.000578150588115553
"spot_659",0.0652862870856631,0.0738223353582519,0.538776567855764,0.0599455976248196,0.0592941404997196,0.000869175504468593,0.0495409023082142,0.151091336798006,0.00137365696509325
"spot_660",0.0809351766134145,0.115047367850618,0.375915621653874,0.0558095957387,0.119598791968889,0.00641197140046045,0.14405420869848,0.046974450446981,0.0552528156285837
"spot_661",0.0408809160526644,0.0449099126937983,0.564817225063156,0.0466088254682047,0.0634456469506163,0.000809902519932041,0.13504663988292,0.10333804999515,0.000142881373558977
"spot_662",0.0675667972767762,0.0979918007705747,0.402009328706916,0.0506429940688453,0.170623598751355,0.00196302960037448,0.0797938584022838,0.0679454544922841,0.0614631379305901
"spot_663",0.0190485564853742,0.000750346253533681,0.00548934066480007,0.611617081304875,0.247576242195301,0.000649789034062542,0.0339687052572283,0.00598614763239183,0.0749137911724336
"spot_664",0.0412117228405306,0.00146954379525528,0.00229071451547787,0.649213174102056,0.151433860940312,0.00164953512029587,0.102819638186671,0.0125798320256608,0.0373319784737413
"spot_665",0.00174441487474846,4.33979361222045e-05,6.34895604586861e-05,0.931711003037668,0.0119469116535764,0.00142287100817623,0.0361423298840613,0.0144385014899163,0.00248708055527218
"spot_666",0.0503031558270411,0.0636103304800411,0.0456874564239966,0.209967790703342,0.224626223566356,0.0131374576797507,0.00700682355177896,0.374923979779289,0.0107367819884046
"spot_667",0.0892122429059149,0.0930344564028919,0.0299846267489412,0.13619695975769,0.129138531617685,0.00282707684909825,0.0497420026504857,0.463410950757837,0.00645315230945652
"spot_668",0.0940866005181594,0.215643961341148,0.0259320597179932,0.105054742894273,0.0357485537046443,0.000569609322810718,0.186125289062898,0.336663183267855,0.000176000170219559
"spot_669",0.0582782774330834,0.0625546936285133,0.0424569161331359,0.0219741835144943,0.0670177848445801,0.00150385885353953,0.0530005432440089,0.672685552584,0.0205281897646449
"spot_670",0.0776502853678515,0.00131746682472423,0.000202880779647537,0.029380231218003,0.0386435867873855,0.00935199520848721,0.039810015254798,0.772931306138182,0.0307122324209206
"spot_671",0.00542468279383857,0.0118235857212029,0.156628225586964,0.000237436951462197,0.0282164400885332,0.00322010218185354,5.38451152939832e-06,0.793804202335837,0.000639939828779711
"spot_672",0.0128026591349335,0.000599848053976271,3.17645029046437e-05,0.0372211447281153,0.149282963923809,0.000568387413459591,0.247043248118127,0.464414211776865,0.0880357723478103
"spot_673",0.0409796840920921,0.216419263486168,0.054094445687311,0.0337127297764146,0.0463963854111456,0.00194903206893701,0.17446272565797,0.430448245381838,0.00153748843812304
"spot_674",0.0494718601774168,0.0419811609278831,0.351932214580476,0.0482477890807256,0.18563794602276,0.00211003161638764,0.0605080094283645,0.255925204615736,0.00418578355025038
"spot_675",0.0184488790132405,0.0557584418015753,0.410334907266495,0.131511098380609,0.0876388621703501,0.00337475932999051,0.0251879098895368,0.131780272051259,0.135964870096944
"spot_676",0.0239315546434529,0.0321172790175475,0.580460540001346,0.0691705072605504,0.0597062895194956,0.00478038903894126,0.0439363372928779,0.185682801446112,0.000214301779676644
"spot_677",0.0120614052860261,0.0111001642456855,0.430347204306296,0.188243659101951,0.182181271969582,0.00116820199183866,0.026205993017787,0.111371190778034,0.0373209093028004
"spot_678",0.0228715968176104,0.0426156727727848,0.493442419664624,0.0760071658413947,0.189070086345798,0.00398730534414766,0.0933949913597298,0.0764674974165873,0.00214326443732328
"spot_679",0.000283388457503929,0.00182562409185184,0.00179387495618277,0.0225151835833655,0.916311236059392,0.00032881410716024,0.0335773314555556,0.000790086888970117,0.0225744604000175
"spot_680",0.0453146949257507,0.000588924850894082,0.0109101874719651,0.125251393668268,0.73752680601184,0.000106515248682585,0.0430448530755083,0.018696227498772,0.0185603972483188
"spot_682",0.0371327226254782,0.00284491484069267,0.00532292786543615,0.182590013570088,0.639747703190683,0.000300226878814581,0.0474563290568654,0.0109037768248286,0.0737013851471129
"spot_683",0.0311996202116491,0.045946457145788,0.570324752240785,0.0509931557618463,0.0711841996056374,0.00122287323383947,0.0743985052592675,0.152488912850509,0.00224152369067776
"spot_684",0.0383906963112667,0.0273214716540257,0.571053496251264,0.0512109787704431,0.0788686294459846,0.00244479329056468,0.114657765598473,0.114808885224221,0.00124328345375759
"spot_685",0.0806079906484302,0.039142908021271,0.557275949999063,0.0639008846550666,0.0494459761456236,0.000963789474879223,0.119806356340709,0.0888469785461062,9.16616885139883e-06
"spot_686",0.20017247723685,0.0111867083104224,0.528656677536691,0.209625446120686,0.0144591767869901,0.00236617751129956,0.0230234701344782,0.0105098435485308,2.28140518146401e-08
"spot_687",0.0347887346655945,0.0364641882275298,0.609584390636192,0.0360206182241772,0.0747162916711739,0.00390578279454309,0.0195932873913168,0.181842696090808,0.00308401029866532
"spot_688",0.109455869325563,0.0291872672170348,0.447225131433746,0.0957494817538232,0.0983093528098696,0.00773496846382893,0.0697365693029851,0.0680123347007793,0.0745890249923698
"spot_689",0.123841198866152,0.122313657451349,0.467716657455847,0.131608938844711,0.028484281568417,3.36514244829903e-05,0.102975632459935,0.0230248684536488,1.1134754568895e-06
"spot_690",0.0578985100138214,0.0907899349152491,0.51109018868747,0.0978555601280514,0.0544024782679381,0.000124943244945902,0.0947859464521798,0.0930425857554687,9.85253487585999e-06
"spot_691",0.0538464143941174,0.0303857904781137,0.44323908953722,0.0525418466151873,0.121339717706002,0.00336493825909654,0.120331476206639,0.0932207714482532,0.0817299553553708
"spot_692",0.0252709815611039,0.017290140581939,0.555518651587701,0.0925657937052121,0.103014495248827,0.00164634453701763,0.0974775343205193,0.104945487716449,0.00227057074123119
"spot_693",0.0361770340723388,0.0755091721493654,0.562098555826643,0.0419073947464691,0.0705959375062095,0.000268107579285465,0.0816268549674316,0.131609726566388,0.000207216585868736
"spot_694",0.0509771997150512,0.0333038272175452,0.0405075086417982,0.713651950616316,0.0932489401276645,0.000262167066984527,0.0379951294382169,0.0114536552777895,0.0185996218986344
"spot_695",0.0371691020886726,0.0025045350275734,0.00295088624437549,0.62076589559111,0.287568475280806,0.000668885275588819,0.0313067387028982,0.00470119786682541,0.0123642839221502
"spot_696",0.0593926920694974,0.00905091292154213,0.0213396437975045,0.441247330769954,0.239670997579423,0.00680888265743418,0.147602248983869,0.0535113319636909,0.0213759592570854
"spot_697",0.012958010352665,0.00287471237967938,0.000679989840305138,0.801239867728312,0.0578772798025012,0.00111315675723083,0.0846232852343129,0.00182484686771317,0.0368088510372804
"spot_698",0.291568462498557,0.00933045859962723,0.00246487047221266,0.214450482012534,0.285097063391925,0.00497318240734014,0.105574415194223,0.0264763285238086,0.0600647368997734
"spot_699",0.340710764230853,0.00958503849531846,0.0106508256409605,0.0482628504418282,0.216064718084346,0.02426847452004,0.0942885137858957,0.0254852905357281,0.23068352426503
"spot_700",0.187290973309774,0.00859556782871932,0.00616658569867309,0.0180862384868859,0.248015026542554,0.00390534658213999,0.102006388702482,0.272313041399367,0.153620831449404
"spot_701",0.0242005675121185,0.0589804680754042,0.0245408739348784,0.0220484072526632,0.195862260574495,0.00959213032346496,0.0832844217376659,0.349380496494871,0.232110374094439
"spot_702",0.00303053230355933,0.000397002042227722,0.00036384103889126,0.0962922229353817,0.242876577099954,0.00598691427584487,0.118584408523547,0.180519984523556,0.351948517257037
"spot_703",0.109200307841259,0.0290701458195774,0.354346106384861,0.001594703245882,0.133416443452942,0.000785388829994756,0.0523735484323425,0.306796288963122,0.0124170670300191
"spot_704",0.0764202050333302,0.108395995889754,0.549598872852731,0.0283480062899551,0.041913299440648,7.12098065048439e-06,0.190357118300404,0.00495364681275451,5.73439977232882e-06
"spot_705",0.0799450454065327,0.0823098450215258,0.477078897872199,0.0539903728868981,0.0908179945413025,0.00083799827944861,0.128107268323165,0.0864826616378374,0.000429916031090898
"spot_706",0.0437354539408398,0.0699525533266878,0.528280770946713,0.102665977297188,0.0780470627155548,0.000644700553821789,0.08659806702755,0.0900017638653581,7.36503262865979e-05
"spot_707",0.0812219416455239,0.0620227315458422,0.590153798322254,0.0822063783494652,0.0683079199026028,0.00106801673683213,0.0825507656504626,0.0324528214774665,1.56263695504247e-05
"spot_708",0.0499049662685472,0.0983084173318386,0.52982265505106,0.0624858240811497,0.0809859853075139,0.000345073162752574,0.0934655315084628,0.084324392221367,0.000357155067307888
"spot_709",0.0262510759171993,0.0284053126023734,0.594232919960207,0.034449367674332,0.0811344864799753,0.00042368890786055,0.0573920482789055,0.177326803076668,0.000384297102479525
"spot_710",0.0492895837891448,0.019028651363308,0.595340095468424,0.0320359210098555,0.0786987769085912,0.000837157064214934,0.0702041049186133,0.151205528131921,0.00336018134592648
"spot_711",0.0824691137306466,0.0877784591171022,0.230411414783147,0.0145349798248288,0.498539998398168,4.55492078468388e-05,0.06688674644861,0.014949084113078,0.00438465437657268
"spot_712",0.0406434044681195,0.000534019124510343,0.00408803255656673,0.0347909069538572,0.789286568016667,0.00133995060423709,0.0513598175605555,0.0142287425133132,0.0637285582021736
"spot_713",0.15931417990444,0.00193609302190301,0.00417056848977762,0.0549946667690984,0.706383596147378,0.0037075878734211,0.0364566094912854,0.00999396384538405,0.0230427344573127
"spot_714",0.0505832648487823,0.0414937070570122,0.572976328184203,0.0254370321681735,0.0903844649776146,0.000874694230598712,0.038947999502292,0.175854105855701,0.0034484031756225
"spot_715",0.0585645494368124,0.133139914384213,0.522583580549485,0.0545961102345688,0.0756069445278535,0.000215638598149962,0.0712635959474304,0.0839791931498575,5.04731716289828e-05
"spot_716",0.0205051179507289,0.0712787614753411,0.486319449219077,0.0826261175914427,0.0994713605160736,0.000895866545906823,0.0917014655671762,0.146650226800411,0.000551634333843529
"spot_717",0.0302276156567021,0.0231657811866386,0.59888710397287,0.0568346821457087,0.0587294656030316,0.000346453621616621,0.0435484052203139,0.187566543406627,0.000693949186490716
"spot_718",0.105734120773408,0.197461075259264,0.433490057230826,0.0855792847023269,0.0640782869153406,9.49472277124846e-05,0.0678516698941697,0.0456960980677119,1.44599292409154e-05
"spot_719",0.0591141507837402,0.0886473058251075,0.570492724736338,0.023234045788773,0.0821437727616524,0.00036461672731803,0.101393585709213,0.074321504897913,0.000288292769945052
"spot_720",0.0601163921368155,0.0426214493881753,0.528564186520441,0.0637580092311697,0.0804005214273356,0.000182419282562374,0.111890160772183,0.112255925837047,0.000210935404270757
"spot_721",0.0856723128275377,0.133192468709021,0.465492805335194,0.057505005499258,0.0760163669534558,0.0010876696076083,0.076359081984206,0.102640285168569,0.00203400391514975
"spot_722",0.146253989378015,0.0235125762970028,0.450220804186143,0.175794996912118,0.0376994701207094,1.66385640004416e-05,0.128810513765423,0.0376908824178814,1.28358705933573e-07
"spot_723",0.0524423584247535,0.0960745193469313,0.490430113179156,0.0719738120182329,0.0606533259977297,0.000386932773868932,0.111018834053772,0.116820068210641,0.00020003599491387
"spot_724",0.105271563154762,0.0685482568563353,0.568009575216006,0.0829579874116073,0.0194401430385045,2.75615438771365e-05,0.0849679428047416,0.0707764291341214,5.4084004507279e-07
"spot_725",0.026024247917228,0.00420754806132062,0.078562280640643,0.54304948685783,0.23808058693689,0.000444737688562533,0.0841771620860916,0.00955486404525729,0.0158990857661764
"spot_726",0.00585422636277967,0.00224326637305723,0.00397511268558542,0.574332581755031,0.216137161254666,0.00267773046758921,0.138996467692194,0.00275198339028162,0.0530314700188152
"spot_727",0.106231717222855,0.00227363907208386,0.00265022550937816,0.324203478568627,0.300378058607411,0.00298976389116577,0.168199987924734,0.0352476545702589,0.0578254746334868
"spot_728",0.00237021990136361,0.001832972489955,0.00346955937340201,0.517616258755535,0.280329888128573,0.00273896719372395,0.141122828458043,0.0334905229761266,0.0170287827232789
"spot_729",0.26549427419787,0.00431419724302531,0.00571789606506196,0.234956933950249,0.23422658688941,0.00640992612476435,0.0408914212590749,0.0196547256268566,0.188334038643688
"spot_730",0.12900702171123,0.00483816528966401,0.00944527224108263,0.0690542702144464,0.339939784636237,0.016670571310313,0.089675240521258,0.0286765689175703,0.312693105158198
"spot_731",0.25382222289554,0.00577997316922791,0.00453447447682021,0.0675495995574762,0.29978504331371,0.0105045069085986,0.0604776310090763,0.0319851577048469,0.265561390964704
"spot_732",0.178618344888781,0.00682229986408594,0.00874207582963549,0.0762369055363459,0.240364520148626,0.0571789191776309,0.0690684249958303,0.0434403445508515,0.319528165008213
"spot_733",0.00624239972947274,0.00242769689725567,0.70477919790593,0.0425317267546275,0.0121910336583482,0.00873547484241832,0.036139581342036,0.186943144283889,9.74458602202392e-06
"spot_734",0.0355797041519426,0.0409077782446954,0.504018967765584,0.123617943296845,0.0990285704733325,0.0018094421881118,0.0343269220748382,0.154243185497948,0.00646748630670217
"spot_735",0.0822466527571487,0.043990491860138,0.513175223056455,0.0492399202031012,0.0842134883783573,0.000439539308895993,0.0877238134419178,0.138127536920398,0.000843334073588336
"spot_736",0.0690884640700661,0.0319184702373506,0.573762147130246,0.0282379562469541,0.0884051759460136,0.00106806369785177,0.105732533481206,0.0979931437479356,0.00379404544237536
"spot_737",0.0273866272124922,0.0378935891069567,0.543652524725254,0.0735366172571453,0.141916900091702,0.00286125077091068,0.0747105565715518,0.0974088322685502,0.000633101995437808
"spot_738",0.0759196144498476,0.083983903029045,0.471255289616322,0.0907925250589672,0.0827997617738411,0.00249858538917047,0.0759136489209601,0.115973192658296,0.000863479103550483
"spot_739",0.0192634688025495,0.0308576801376111,0.522387250070761,0.10353634547711,0.0541955433122556,0.000361863904024659,0.0643259365016664,0.204545944466237,0.000525967327784644
"spot_740",0.0291497178189476,0.0693474082128743,0.534760879042615,0.0713128706653375,0.0715081239696612,0.00173950233089961,0.0855224246023029,0.135044931533664,0.00161414182369802
"spot_741",0.0375763708609873,0.041658141030599,0.572680086810704,0.066070483801847,0.065668078577291,0.00238971416484631,0.0932423640003496,0.119522583581495,0.00119217717188
"spot_742",0.123422892517293,0.20773654155254,0.313583871115292,0.16062474279956,0.136808955137069,0.000540692329478752,0.0143171558422661,0.0429557529893384,9.39571716299166e-06
"spot_743",0.0382507148198013,0.000490453986514591,0.00221360013110999,0.035515170398649,0.796728766479742,0.00117981520202344,0.0312098107435862,0.0185573772884286,0.0758542909501446
"spot_744",0.0775686877037899,0.00179537176652368,0.00998241874583349,0.0548443632956214,0.744469335247652,0.000149630230428704,0.0351336128407173,0.00657773657259278,0.0694788435968404
"spot_745",0.0694921648406403,0.121743895245508,0.434102601245816,0.0712681143744835,0.109491682914098,6.45796822086205e-05,0.166354142759332,0.0267773388857781,0.000705480052134914
"spot_746",0.032314611650419,0.053352028162019,0.5268235849633,0.12904276856358,0.0823132342757978,0.00248752545003722,0.0572921125306263,0.115981619139917,0.000392515264303803
"spot_747",0.0555783132549925,0.0618875611686556,0.392575611715797,0.0577788631111177,0.133779380270847,0.00151637670600827,0.144082296758812,0.0387096100145124,0.114091986999258
"spot_748",0.0593474892107963,0.0875467796858807,0.528078367827205,0.0444672624190226,0.065135481861244,0.000221260677728695,0.135640099077376,0.0764362335742974,0.00312702566644944
"spot_749",0.0512749394045066,0.0556107456696514,0.521226903337214,0.0785626070928442,0.0929143218268233,0.000873339024791462,0.108728702783661,0.089673218191503,0.00113522266900443
"spot_750",0.0437844888225375,0.0671018338302364,0.575921318891586,0.0504245746629818,0.0580740251084228,0.000215304835278599,0.0613548415805198,0.142876707364866,0.000246904903570354
"spot_751",0.0470794784534086,0.0769590497090559,0.43229974456012,0.0452671142294723,0.109058691513708,0.0120016134989403,0.0299545073841906,0.205046764839739,0.0423330358113654
"spot_752",0.0690563248020235,0.112676285428819,0.482818407341936,0.0675455567595473,0.0828227099189834,0.000212228890126372,0.117025911480441,0.0676234569246383,0.000219118453484565
"spot_753",0.0238658643778926,0.0539582501139856,0.558427822751398,0.0757843145328508,0.0563098195626509,0.00272459723999752,0.0828364403195216,0.14505163409309,0.00104125700861298
"spot_754",0.0278438740427207,0.10834947307391,0.4181705531296,0.0833089485640118,0.121399781332138,0.00263848415823768,0.0773281677475884,0.125855130004297,0.0351055879474968
"spot_755",0.0681773535984286,0.0889906869317154,0.449985098210978,0.058362422461631,0.119978969321499,0.00165032235772564,0.120182401678486,0.0552517489920593,0.0374209964474765
"spot_756",0.0224965679247516,9.50311626560879e-05,0.000114650964286102,0.771105649399043,0.12516834202745,0.000810788692915799,0.000565249162170009,0.000356731752631754,0.0792869889140952
"spot_757",0.0249254739162452,0.000881893643585848,0.0018201764971987,0.522470640070318,0.22508723322914,0.00191191170016218,0.159482820436267,0.0377098479902082,0.0257100025168745
"spot_758",0.016114794543178,0.000579216971955022,0.00127704505351851,0.522401805244999,0.320602946323777,0.00222586069681896,0.079097134929146,0.00358757868063551,0.0541136175559726
"spot_759",0.0240183403279791,0.00936154406118477,0.0609582001575818,0.535196094072554,0.0219560128862442,0.00333127163592499,0.0434148811143332,0.300833445395308,0.000930210348890198
"spot_760",0.00134555185115318,0.000174276120365658,2.36753940618333e-05,0.0107306311190937,0.162608516918663,0.0571069337077413,0.0205071675390367,0.023183807732946,0.724319439616938
"spot_761",0.000609684834542989,3.0950882776491e-09,2.77761404222262e-05,0.0035007794361356,0.312457714453684,0.000598412261215096,0.27257607061801,0.00134627619564832,0.408883282965254
"spot_762",0.00447342866204907,7.97689581811304e-05,0.00013660735766381,0.0376668494054005,0.218724532948941,0.0287036102497609,0.104074742720586,0.0031641783651946,0.602976281332223
"spot_763",0.334454347451962,0.0104411502882174,0.00708692992702719,0.0549498882623718,0.257072941920324,0.0704049309710486,0.0698156919788613,0.0502401320856233,0.145533987114565
"spot_764",0.0559754268060141,0.0436283148264258,0.569092139193063,0.0556145231478437,0.0678824236276779,0.000878849127307076,0.0628476850809752,0.143926544391982,0.000154093798710317
"spot_765",0.0811316889983537,0.0821472898510845,0.57190555166264,0.0467664308863608,0.0586989681656072,0.000299219070207892,0.084963606189294,0.0739852503837135,0.000101994792737936
"spot_766",0.028286892700351,0.0252300104696067,0.637769747064121,0.0117557929287175,0.062693838067136,0.000778029963589291,0.115110041999439,0.115069715832391,0.0033059309746484
"spot_767",0.0173826532779678,0.0377852978102423,0.564454557226329,0.025486557068002,0.108585500554654,0.00204030964177131,0.0570792384692966,0.185752489349451,0.00143339660228615
"spot_768",0.0807335930414969,0.101032726765221,0.46620814803034,0.0812417249857871,0.0776114127875586,0.0013979959236891,0.0815301500441725,0.108332527306034,0.00191172111570068
"spot_769",0.0365021993914497,0.087816737966122,0.488032286591399,0.0844545930282824,0.0579268388547679,0.00198400742441264,0.0729909673229062,0.16943975257666,0.000852616843999897
"spot_770",0.0821176038737482,0.141681616692038,0.48000896060366,0.0909136370696304,0.0560562845406983,0.000482243834348532,0.105715532164813,0.042818435544118,0.000205685676945159
"spot_771",0.0376673529051154,0.0780845055040614,0.610836378868225,0.0130324165137298,0.0792957913092329,0.000137014836609865,0.102881068907785,0.0777105478395724,0.000354923315668076
"spot_772",0.130355788409808,0.0991825334576229,0.474058261081866,0.0597433291964455,0.0666200059938413,1.36926832172616e-05,0.128961822466707,0.0410576832623146,6.8834481779374e-06
"spot_773",0.0378814069823322,0.0653922602211948,0.474788889366334,0.0813200796989112,0.151106872259388,0.000462646387799396,0.122473704502019,0.0662927074984957,0.000281433083525174
"spot_774",0.0407903287888462,0.0735315950015157,0.229051263123483,0.119312731551548,0.437060981848232,0.000749564816348507,0.0477978499339081,0.0469162949118829,0.00478939002423576
"spot_775",0.0139785929248245,0.0019476968978317,0.0427339776611845,0.0854204771525193,0.759558735918435,0.00116682438191557,0.038740096200179,0.0188787929498357,0.0375748059132749
"spot_776",0.0415722865185922,0.077312496415624,0.518461555305685,0.0329173181240697,0.112367817794879,0.00245455957493163,0.15945652579286,0.0548434384569066,0.000614002016452074
"spot_777",0.0225574651357625,0.0422481961832327,0.529548840425591,0.0658666532444401,0.0589898436684088,0.0029031505569927,0.0268190000089333,0.249731442469796,0.00133540830684315
"spot_778",0.0632920968890575,0.0552998573275253,0.543949959858244,0.0464768751555608,0.0657330870840649,0.000108894288198073,0.100102899709528,0.124817616547021,0.000218713140800402
"spot_779",0.0722062257787369,0.0659294787393883,0.533218128446039,0.0284342666767779,0.0806951383334635,5.49077092887533e-05,0.0957124877095344,0.123720929157442,2.8437449329323e-05
"spot_780",0.0554358632706378,0.107266664027495,0.520682794614206,0.0856975429784754,0.0799339434190874,0.000320755971862479,0.0791381615946988,0.071398440868341,0.000125833255196405
"spot_781",0.0355300169468603,0.0445341675262627,0.569927989651414,0.0740585020726772,0.0728558440055041,0.000966602281893364,0.0818039599583318,0.119778213685742,0.000544703871315094
"spot_782",0.0798141184786075,0.0608857685755545,0.546242969864253,0.0261381522595773,0.0679876046526778,0.000267488972034401,0.13154546857381,0.0860924946500638,0.00102593397342216
"spot_783",0.0751445576900413,0.117362811641247,0.541465853515367,0.0423223441401553,0.0919598725631561,0.000257729516458671,0.082394781886488,0.0490836262256364,8.42282144994444e-06
"spot_784",0.0317082441417086,0.0507263668633627,0.517410560387403,0.0669758619299406,0.092102485898205,0.00135087835133109,0.114396458357787,0.124203586037057,0.00112555803320531
"spot_785",0.0390589464815322,0.100784913104619,0.546719703733902,0.076626738059323,0.0895564461828639,0.00101252783968716,0.0601371556377798,0.0854153089954467,0.000688259964846896
"spot_786",0.0395345498856438,0.0314599414555357,0.450872993477903,0.132891847930187,0.0644372046839808,0.000965647044858263,0.133758297378722,0.141328130640301,0.00475138750286687
"spot_787",0.196694087811033,0.00351467945371291,0.00582671161779452,0.278398469587125,0.416894274809722,0.00161608711139661,0.0579989794516427,0.0249124320671739,0.0141442780903995
"spot_788",0.598962164113707,0.00892959257686839,0.0075256768176537,0.172376260912952,0.0704991741354487,0.0010709422791307,0.0596645689231987,0.0798713529746465,0.00110026726639411
"spot_789",0.760940088733686,0.0100673941737225,0.0111374113604279,0.0147186170482395,0.0479045339804953,0.000313295074400506,0.0844024641400982,0.0702352658061987,0.000280929682732001
"spot_790",0.769861032895539,0.0116678015099439,0.00535695345289887,0.0122164489009591,0.0456231204429999,0.000654706767229992,0.0613916747713614,0.0926495348859979,0.000578726373069773
"spot_791",0.783601572085397,0.0124170910250292,0.00729481773097508,0.0103849346716702,0.0446306001901588,0.000982670448853784,0.0770861300297589,0.0629589582244305,0.000643225593726189
"spot_792",0.730935648734779,0.0143807869067512,0.00492384984290149,0.0136830804340806,0.0791772185837861,0.00163066529921733,0.0795837499460324,0.0735738915187053,0.00211110873374626
"spot_793",0.0778779817098836,0.0039875524158139,0.0191905445617135,0.0826226927361745,0.366530326222102,0.00942671598594337,0.0516723957592735,0.0124143212750237,0.376277469334072
"spot_794",0.42854227062294,0.0145548037333207,0.228217090910474,0.0173628191678002,0.0738452393564903,0.00114700759522831,0.0390052463299712,0.196320355173112,0.00100516711066408
"spot_795",0.0475831908662882,0.0927734049338053,0.537804933109926,0.0138236343816688,0.0436247424970206,0.000395249588557767,0.119500985143849,0.144323890681584,0.000169968797300675
"spot_796",0.0284685887199766,0.0286549331727115,0.579137099198081,0.0175355381843668,0.102777231580508,0.000261064304667062,0.105205123084868,0.135993843796764,0.00196657795805623
"spot_797",0.0150278656413287,0.0662253184357083,0.605838542085032,0.021975924072495,0.0534303636285093,1.81356915388555e-06,0.154120878085042,0.083319618211202,5.96762715288081e-05
"spot_798",0.0688927866142924,0.0758024282846182,0.554372063633166,0.0332797908530767,0.0576648488472028,0.000448854210477106,0.12323169503103,0.0859578531924402,0.000349679333696286
"spot_799",0.00409670289296509,0.0107301359757059,0.608564180866904,0.0243571388865314,0.035814392059588,0.000428954143656632,0.0791565453389754,0.236838502580026,1.3447255647472e-05
"spot_800",0.0783311502386573,0.104325704801789,0.500548234439354,0.058455020299298,0.0711118812013845,6.99576262758853e-05,0.119442444642092,0.0675738781199222,0.000141728631226529
"spot_801",0.0268545558280168,0.0449697081088458,0.571788064627139,0.046269154649117,0.0964341500447597,0.00193375427798449,0.0316347846102971,0.179787764083729,0.000328063770110865
"spot_802",0.0336997928949697,0.0312290370268892,0.564660604271244,0.0621855361138265,0.0678575504188151,0.001127741287343,0.0912040807820377,0.146704303141306,0.00133135406356896
"spot_803",0.116139699005673,0.140273561006468,0.468364024858089,0.0780136708931613,0.0616954770806144,1.99335628089676e-05,0.116745164779288,0.0187411035272347,7.36528666231938e-06
"spot_804",0.0130569130246234,0.0192627618327018,0.545144136279581,0.0905398421569568,0.0757559656494273,0.00193451543754216,0.053088016019483,0.20000488991329,0.00121295968639442
"spot_805",0.0636553334548071,0.0600857441100565,0.525411403795725,0.124103223311156,0.0860365834666493,0.000435522638902101,0.0799990155892373,0.0600583247565577,0.000214848876909802
"spot_806",0.041979141892192,1.95151699245229e-05,0.000220274821156993,0.0140439548212139,0.646519647353907,0.0190857666064819,0.0562164236434688,0.00884396687042945,0.213071308821225
"spot_807",0.0832879220372322,0.0642202135770389,0.50822124134867,0.0839490116435085,0.0421387049178596,0.000332496644980874,0.1385766600576,0.0792647552099315,8.99456317793923e-06
"spot_808",0.0964922407052346,0.166590229781013,0.51510490044272,0.017522102334623,0.0415968094171757,6.13773764073216e-05,0.147031886615217,0.0155988055161982,1.64781141159458e-06
"spot_809",0.05214233521717,0.156012594053273,0.426329129344052,0.0579724601002056,0.0903884599342518,8.7512814617054e-05,0.170539445124407,0.0464569769593807,7.10864526425033e-05
"spot_810",0.0235837818978175,0.0309112590291297,0.62375117357662,0.0160731766584791,0.0284983548564456,0.00205170666573988,0.0775730806027303,0.197442942752461,0.000114523960576356
"spot_811",0.0236535129918223,0.0511035711009082,0.578629505899873,0.0492423886701729,0.0624141881040343,0.000173829391826627,0.0942752841366391,0.140051633115594,0.000456086589130059
"spot_812",0.0520997174974277,0.0984562895712707,0.551532673247815,0.065808554760079,0.0500551783146574,5.3273085564599e-05,0.108667939049915,0.0733080742194043,1.83002538662601e-05
"spot_813",0.0265355614195901,0.0288643394264616,0.580260312298814,0.0324118321392072,0.0872775131953908,0.00251709772177421,0.0745848903916853,0.164921709800845,0.00262674360623182
"spot_814",0.0840699615465346,0.0818234220439946,0.341441451303309,0.0854766093542915,0.160105332911299,0.0109996363078277,0.038034304188098,0.102567851384506,0.0954814309601391
"spot_815",0.107559945320529,0.108529517980832,0.553130441516917,0.0454912041893793,0.0659268460520624,8.68585705505802e-06,0.0975311174940683,0.0218102333037436,1.20082854134802e-05
"spot_816",0.0455285486105576,0.0951665499946788,0.560385549516779,0.0344349667350613,0.0418913846707133,0.00267880898891353,0.0952540032908522,0.124411143668674,0.000249044523770177
"spot_817",0.287972470819976,0.0706651701731149,0.157758077391094,0.232898405390494,0.0671493713724454,0.000923420794425552,0.0855623374267536,0.0961744844268076,0.000896262204889368
"spot_818",0.73830246309772,0.00826237751638061,0.00440818540963038,0.0126041183330399,0.0669278430458355,0.00207854302428125,0.0842873622356839,0.0821232141381463,0.00100589319928215
"spot_819",0.733297368814112,0.0101250510998778,0.00445910126641766,0.0246707448768461,0.0611535710578587,0.00102033152169069,0.0847512274148846,0.0798502719245638,0.00067233202374865
"spot_820",0.76480858675279,0.0111812527066424,0.00953647709348848,0.00656194944820043,0.0461752908834068,0.000432552129594902,0.0779416840322313,0.0829879720151294,0.000374234938515826
"spot_821",0.778667140771199,0.0218725335487521,0.0130234763412392,0.00564273510574273,0.037098838200873,2.51262120475529e-05,0.0750877085580854,0.0685579639773619,2.447728469867e-05
"spot_822",0.782535682808457,0.00862730253051486,0.00382623245444504,0.0311370974158191,0.0311383237502354,0.0037107905262513,0.0801246336137973,0.0562640116499581,0.00263592525052154
"spot_823",0.75045537265857,0.0166437467055636,0.00601593587219482,0.026792276963189,0.0430847603269788,0.000416104886042103,0.0497478279077398,0.106514593016397,0.000329381663324945
"spot_824",0.771844002394243,0.00909791923265437,0.00542785773769361,0.0136263754396703,0.0475686383326736,0.000896768744836673,0.0685910050854096,0.0817698070481749,0.00117762598464409
"spot_825",0.47012106213177,0.0355394661696101,0.210677948225562,0.0162158905139298,0.0740542346545126,0.000745327568264541,0.0741902219526,0.113847763589731,0.00460808519401928
"spot_826",0.0557577048249898,0.0746725899954517,0.498588231296528,0.118929710003159,0.0894587236524513,0.000683654681752607,0.074775849276229,0.0869153753210366,0.00021816094840185
"spot_827",0.0553828562491327,0.0971238879247352,0.507499882422112,0.0745959243841507,0.0733425612441981,0.00114431434616307,0.128216758225584,0.0624756226069739,0.000218192596950475
"spot_828",0.0680366698997167,0.089973457935839,0.493479941681074,0.0810488913954799,0.0879682096489394,0.000168351472036053,0.132524376943876,0.0467260451287666,7.40558942720669e-05
"spot_829",0.0428963565332838,0.0906713252994333,0.397161249906426,0.0823116114231784,0.212088677955096,0.000505950769494521,0.122175312432516,0.0505309060005644,0.00165860968000752
"spot_830",0.0365895155676354,0.0829202387550596,0.537022012132735,0.0780853687079558,0.0627557591074965,0.00103515359168289,0.0905742987882591,0.110873480655114,0.000144172694061489
"spot_831",0.0379721698854029,0.0303415848334039,0.450618163388764,0.0462255051874541,0.229980486660611,0.000446930928584548,0.130112818132556,0.0687733682111771,0.00552897277204664
"spot_832",0.0371239804943096,0.0640161980902425,0.542542468996246,0.0473403404373102,0.0673253767469336,0.00123399601309631,0.146399299553819,0.0937614305935951,0.000256909074447861
"spot_833",0.0374989191045251,0.03776229580578,0.529081584318864,0.105387963663307,0.0591552032045896,0.000346030799074086,0.0437325653273061,0.18682917878566,0.000206258990894154
"spot_835",0.0727574624096591,0.0839949884679252,0.545786770854698,0.0528483257585417,0.0806573790786845,0.000397123633184459,0.0830262143614594,0.0802119660784834,0.000319769357363849
"spot_836",0.0856365502536932,0.183151722755261,0.503018962215541,0.00190923488813769,0.0375149742062559,2.6711502985587e-06,0.00969406006991259,0.179069324168282,2.50029261801264e-06
"spot_837",0.103956410578815,0.0207474621878904,0.0376931198912931,0.0304765592556988,0.365657943349559,0.193707624096811,0.104802106501486,0.0863296536550593,0.0566291204833865
"spot_838",0.0538507915593827,0.0284304841724079,0.597901252680355,0.0819777533628506,0.022337604828221,0.00449672660486443,0.137391136763779,0.0735372942182637,7.69558098755556e-05
"spot_839",0.0547393241276206,0.0637367934488631,0.524316595261963,0.0777685950626121,0.0759301414721039,9.26470903807223e-05,0.120537266535215,0.0826839390150209,0.000194697986220721
"spot_840",0.0882557322999907,0.132489587863703,0.513799177139967,0.0507756201274584,0.0629194188856536,5.68310882597173e-05,0.101923340410094,0.0497321452961491,4.81468887252448e-05
"spot_841",0.0655564637721292,0.072508703755567,0.471529260343484,0.0487998957527871,0.106055230950029,0.00526639834674148,0.0977175943847207,0.109329740710976,0.0232367119835657
"spot_842",0.0534210821609438,0.0278154240024969,0.43888113732997,0.0358576382257086,0.184036742598943,0.00323034042311786,0.118775384134975,0.0823279212350081,0.0556543298888369
"spot_843",0.0525935913316682,0.0991098027499125,0.507382809208666,0.109246849741729,0.0626943529685527,0.000301019322796932,0.0753782497403726,0.0932231843581641,7.01405781384879e-05
"spot_844",0.0279355757878139,0.0272664794140629,0.527948499966649,0.0476413361747476,0.0798528159983038,0.00155804183095569,0.117645669654807,0.166474213566587,0.00367736760607307
"spot_845",0.0454755915926799,0.0770561678717239,0.557511147059087,0.0532702520300666,0.0728490220634878,0.000395385100177375,0.0708915772345071,0.1208102186542,0.00174063839407082
"spot_846",0.0443207618957695,0.0466513503205537,0.571270699061033,0.0562196285623209,0.0619963884174257,0.000926092954328672,0.079701845937429,0.138796591149912,0.000116641701227672
"spot_847",0.331276414774713,0.044036977956026,0.353286066123305,0.030550189721388,0.0652089302241946,0.000193775735481981,0.0545519553543882,0.120264469409076,0.00063122070142625
"spot_848",0.755086731954805,0.0125457230465067,0.00937884469319728,0.0151082690560607,0.0377545338648876,0.000322578717543669,0.084734974309223,0.0846754420546731,0.000392902303103029
"spot_849",0.742473491240809,0.00941370146218859,0.00519764168770302,0.0126706089247499,0.0484922546788369,0.00184360832929833,0.0891930797514468,0.089274563018035,0.0014410509069321
"spot_850",0.743374388862787,0.0139124620959764,0.0084805737824699,0.00575944868615734,0.063626132975616,0.000137015291217859,0.105098388994737,0.0592852025555864,0.000326386755451697
"spot_851",0.713413173504458,0.00672307943232895,0.00546140384968392,0.061376377731914,0.0556852003502646,0.00126539472338475,0.0958916333142387,0.0594689222619122,0.000714814831814924
"spot_852",0.744499767216134,0.0151535019366424,0.00727537668246201,0.0159011061760903,0.0483222451803706,0.000229563390352485,0.0833639866676024,0.0850147113858343,0.000239741364511827
"spot_853",0.717758306696155,0.00460020744123387,0.00202073935787783,0.0252932704351101,0.0632495741751491,0.00148992694735264,0.0760857210501476,0.108193349118669,0.00130890477830453
"spot_854",0.732143448728974,0.0161486688483433,0.00623105870251431,0.0129743974455205,0.0695013940983194,0.00152823564554714,0.0708120538132292,0.089778151461048,0.000882591256504323
"spot_855",0.732069076588981,0.0191569504132925,0.00827909427884602,0.0300283841565667,0.0618587444307599,0.000246183375470605,0.0765945131278145,0.0716209441176102,0.000146109510658118
"spot_856",0.76037449274358,0.00788685021444439,0.00391707129654913,0.0141336190938103,0.0517654709100692,0.000870598705953948,0.083031599104331,0.0770330132100789,0.000987284721183314
"spot_857",0.0577287309770603,0.029429073359448,0.56684351138201,0.0418987966149251,0.0379826082028529,0.000105325306237807,0.0888883166338542,0.176986317966574,0.00013731955703711
"spot_858",0.0253556670553162,0.0239574846780887,0.545959127774881,0.0599745945066086,0.0659370198929305,0.00166196598865713,0.0720209309187398,0.204143275483917,0.000989933700861041
"spot_859",0.0317445719743986,0.0661486569595204,0.532422283463149,0.0808505025405874,0.0675372480334573,0.00496063201349848,0.0471116023201181,0.166820120074267,0.00240438262100374
"spot_860",0.0192286994617589,0.0147296127986832,0.640774148130024,0.00682558977106662,0.0635267013904389,0.000116240080067473,0.0942264125227399,0.16036550161722,0.000207094228000325
"spot_861",0.0365223922128981,0.0130281177482268,0.605609021128706,0.0180915392804377,0.043972431775129,0.000201035065555363,0.0565216558721387,0.225979937536979,7.38693799290196e-05
"spot_862",0.0399251269268645,0.0305658482356749,0.458380391685393,0.0754910490917295,0.176428300808043,0.000111807783717852,0.107094372469873,0.103776274994868,0.00822682800383542
"spot_863",0.0493278777694344,0.0219385607473328,0.514963047155993,0.0260248216917359,0.21272082717793,0.000582729039651489,0.13400697035419,0.0402398904548773,0.000195275608855063
"spot_864",0.0539352705034459,0.0547953966048298,0.610824411830437,0.0374367722765694,0.0538562085800314,0.00114974080604486,0.0909899394055405,0.096618845660275,0.000393414332826666
"spot_865",0.045094205363122,0.0713491167776777,0.523293991289466,0.0377698888873525,0.188187417853451,0.000347160698661046,0.0673414063237875,0.0664795969577246,0.000137215848757576
"spot_866",0.0573209319704773,0.0307435254516614,0.593291852660746,0.026731301607351,0.0533335005206744,0.000652937724356986,0.0861271443153816,0.15084248570442,0.000956320044931729
"spot_867",0.0560157282318919,0.029403107477258,0.289495354937047,0.0415326173888284,0.23601830963662,0.127874667137335,0.0747520654644581,0.112646059633788,0.0322620900927729
"spot_868",0.039223223314783,0.0190919212079711,0.010495611005556,0.00818042797058245,0.356587352516691,0.219053143222179,0.178902810215387,0.0297501256766628,0.138715384870188
"spot_869",0.0499034196670467,0.028709985436532,0.569731728597489,0.0584336378068163,0.0727144765033978,0.000851897244096223,0.125179967075761,0.0938505068061802,0.000624380862680692
"spot_870",0.0436843266813515,0.0464307251880499,0.531975913505385,0.0859016194950968,0.071872385056123,0.000883380509366576,0.167347524943978,0.0499381481667634,0.00196597645388589
"spot_871",0.0474651742503472,0.061020515175826,0.564057976673318,0.0346024603289809,0.0682725064811624,0.000700811506625779,0.122784359718349,0.100761505513348,0.000334690352042349
"spot_872",0.0562834033759762,0.0577676220858088,0.578104752732796,0.028217869466893,0.0858921403055386,0.000283731678437663,0.0837819510225886,0.109543166583516,0.000125362748445641
"spot_873",0.0378680536733075,0.0611964458910022,0.550344612450397,0.033221284672286,0.0819888879059275,0.00239936015994915,0.0456132181306248,0.184677102094886,0.00269103502161922
"spot_874",0.036976355758961,0.0862172544199925,0.577293890104124,0.0289554166470492,0.057409016510745,0.000807048366026884,0.0724060688474866,0.139580888846347,0.000354060499267408
"spot_875",0.0136948630049385,0.0238442402231111,0.653866495712727,0.0216565720712561,0.0418639384778104,0.000691702458523101,0.0288555739394368,0.214745306088141,0.000781308024055629
"spot_876",0.0498776780421259,0.0683536546011211,0.498008642707676,0.0743943884228738,0.0754980168931121,0.000114976550431665,0.159395312315922,0.074254919750741,0.000102410715996382
"spot_877",0.0276592680072247,0.017769417676671,0.69451870800703,0.0491398021344197,0.0300085573509333,0.00150448961598912,0.138189285759319,0.0411003988221677,0.000110072626244858
"spot_878",0.440667198049526,0.0306087484013607,0.199164129487835,0.0616946618210332,0.0502846661449469,0.0025188923941864,0.0680839459441154,0.145803750607302,0.00117400714969538
"spot_879",0.799228961488195,0.00828410026503103,0.00902680629072893,0.00802614275899631,0.0294875083539596,0.000672130239692779,0.112751433702842,0.0322675099414454,0.000255406959109159
"spot_880",0.802062083974435,0.00934178719489544,0.00652008190751764,0.0146606308932314,0.0294087311342677,0.000718996263096561,0.0777818518504308,0.0587620940289539,0.000743742753171211
"spot_881",0.753956291843564,0.00886162759086058,0.00308685692257436,0.0147306975105523,0.0541698441013843,0.00184466468382198,0.0821725213336098,0.0795538606436667,0.00162363536996572
"spot_882",0.752656428434304,0.00396685864724809,0.0026827464969449,0.0229506288473229,0.0471120352351146,0.00307677816856185,0.0893380114589232,0.0765380808592018,0.00167843185237918
"spot_883",0.731426512412841,0.0133496848545738,0.00733189643821429,0.0171144670836541,0.0601361913518803,0.000669516865522126,0.0860215155016977,0.0835725169751726,0.000377698516444066
"spot_884",0.742599181030564,0.0132453840424805,0.008665161686743,0.00839465411466014,0.0514892473395633,0.000665961112016757,0.0830488436970867,0.0910239591087503,0.000867607868135578
"spot_885",0.750552585893392,0.0118396508732705,0.00646539820227817,0.0255055350551434,0.0588111294432107,0.000650113732169667,0.0852553785418086,0.060090911783561,0.000829296475165399
"spot_886",0.781218357600302,0.0125677195434303,0.00545932343781542,0.0107010768863172,0.0401524693337948,0.000963681258046711,0.0589138463787055,0.0890975530792807,0.000925972482307257
"spot_887",0.747243790533102,0.0107877429269941,0.0102484660884751,0.0177460901289376,0.0556483939317799,0.000342636547974383,0.0918724995137988,0.0655947186605012,0.00051566166843722
"spot_888",0.286606328377433,0.0295433847291375,0.376951337345468,0.00542993785487758,0.0865458425197458,0.00347241473260786,0.0542320528137404,0.156595916733627,0.000622784893363434
"spot_889",0.0488864282614982,0.0425301875584947,0.574824307273049,0.0291165334659269,0.0873552786229692,0.000124026132709137,0.110854185264876,0.106071344119386,0.000237709301090642
"spot_890",0.1121274090147,0.0614652996137931,0.367886307783979,0.087438175102453,0.122979327711851,0.000321934182295194,0.197972528195473,0.0360061570723778,0.0138028613230777
"spot_891",0.118044999698941,0.0548469112000273,0.514846526661052,0.0714989038240943,0.0704561734669557,0.000243170730325369,0.15164268189931,0.0183305980951022,9.00344241920249e-05
"spot_892",0.0726822941976571,0.0454837508744022,0.524861746950891,0.093389600138751,0.0732147606565603,9.54971424839789e-05,0.103831312062023,0.0864085301941091,3.25077831228326e-05
"spot_893",0.0896173301231053,0.148211487004317,0.445804866459676,0.0892744564389508,0.0861241515736983,0.000209788051186123,0.0906314859603556,0.0500814764887342,4.49578999770745e-05
"spot_894",0.0368089038639729,0.0433476806281399,0.585858833906627,0.0292796264431155,0.0686189351070817,0.00230136851302318,0.0977917932205328,0.135701600732614,0.000291257584892607
"spot_895",0.0819126609346307,0.105062836062707,0.488636933159376,0.0549404754334297,0.065442923778769,0.000322153337148304,0.125407038405792,0.0780741824525499,0.000200796435597295
"spot_896",0.0754066771126474,0.0742808541523798,0.506588852590634,0.0551719812629545,0.0799092874289834,0.000289329395042181,0.160871648886908,0.0471176458894907,0.000363723280959725
"spot_897",0.0963760622334799,0.201988570587596,0.376695598703735,0.0981842351143791,0.0793580939499832,0.000313196413000743,0.119545837421445,0.0274731387785964,6.52667977855444e-05
"spot_898",0.0256018410556309,0.028614739486971,0.0253577692065707,0.0950032919479282,0.301715393009062,0.251105741867269,0.192478983783826,0.0289994251075036,0.0511228145352385
"spot_899",0.121301741459284,0.0182503178319723,0.00860227923764594,0.0428765205861625,0.301592221598572,0.254941299224982,0.193450830707518,0.0210559201280552,0.0379288692258077
"spot_900",0.0261449677656001,0.024138615418664,0.595035080403567,0.0854158497280238,0.0657110293924791,0.000104918905426704,0.0512006627266508,0.15218009331458,6.87823450076566e-05
"spot_901",0.0764833708188484,0.124814553476447,0.586684249264769,0.0217569819728034,0.0452502503741867,7.20809778216812e-07,0.123723832933896,0.0212846655740871,1.37477518468537e-06
"spot_902",0.0250796759827368,0.0214111540917008,0.576450034350459,0.0331336328274385,0.104774801797209,0.000326383555804563,0.0509133465668721,0.187066381205186,0.00084458962259334
"spot_903",0.0807873081364924,0.0638321676552133,0.563230479999254,0.023018508557688,0.0834072484504905,6.67478007651727e-05,0.12212280026063,0.0632979486330787,0.000236790506388076
"spot_904",0.0440222285821528,0.0437248604851283,0.558889889888688,0.0444278454359132,0.0739569761633826,0.000132253304206413,0.113494694327477,0.121130225347695,0.000221026465356999
"spot_905",0.0748826044008825,0.0934609030333757,0.545582780955606,0.0509418737383749,0.0512386964250323,0.000139937728588286,0.091094315726031,0.0926081534701008,5.07345220080938e-05
"spot_906",0.0196808217629622,0.0761072882945935,0.507744372374136,0.00361108432078546,0.121613583134422,0.00131709908547252,0.0295281545805791,0.0834818958258053,0.156915700621244
"spot_907",0.0407254329412575,0.105762157050567,0.506006401768946,0.0589016824973898,0.0825683054782907,0.000156022043269381,0.0892173364847675,0.116524135179943,0.000138526555569456
"spot_908",0.626121315631873,0.0121538307807974,0.0877771485851292,0.0210633281819813,0.0643712381415213,0.000566914217192178,0.0611088807921734,0.126253136380034,0.000584207289298314
"spot_909",0.743221623435171,0.0114630785349213,0.00359022029290527,0.031961138448983,0.0544305921194161,0.000669421463563201,0.0900590244321693,0.0642758977775983,0.000329003495272105
"spot_910",0.691459016682616,0.00925158360706038,0.0203365454428009,0.0635402374933576,0.0667534807943228,0.00035662922834716,0.0981708810437297,0.0498772862573788,0.00025433945038647
"spot_911",0.680300352032209,0.0102821833287469,0.00706026765576378,0.0187186756891072,0.0529054502758092,0.00067759325340141,0.148902482822904,0.0805488369338716,0.000604158008186967
"spot_912",0.783643342276091,0.0125145973293114,0.00579092158991605,0.0150667867830045,0.045970760043649,0.0010879639261466,0.0769145628011887,0.0584712538667816,0.000539811383911192
"spot_913",0.737952053307531,0.0172566156295729,0.0125687503602759,0.0097704714554679,0.051891504264138,0.000317701076859651,0.0995159745807504,0.0703798750593172,0.000347054266087522
"spot_914",0.785039407575896,0.0179285526973664,0.00950635686971289,0.0201016284940442,0.0201262317007848,0.003346342479745,0.091858479534725,0.0505244746162447,0.00156852603148065
"spot_915",0.715586796816808,0.0269678763765339,0.0102130528993076,0.061185304396966,0.0654786077015687,0.0104477903621578,0.0385690246054581,0.0666777659875346,0.00487378085366562
"spot_916",0.738602549258596,0.0114837840005231,0.00929076723266925,0.0163972931063028,0.0504700169303052,0.000779034430026203,0.0579857901984153,0.114053443691883,0.000937321151278874
"spot_917",0.746048303356278,0.00882753186311852,0.00627119025336233,0.0262960903846338,0.0558616680766841,0.000801053229218436,0.067780696471651,0.0874293380874839,0.000684128277569899
"spot_918",0.71366548801877,0.0174238852794304,0.00834784979521962,0.0216021158590108,0.0543217806629369,0.00108009093596121,0.087379136123599,0.0953563398625453,0.000823313462526324
"spot_919",0.726811896582894,0.0133441553540216,0.00739381744491596,0.0228821458076518,0.0580659904207938,0.000483626133204621,0.0709438445718936,0.0996030946369616,0.000471429047662969
"spot_920",0.107670329040183,0.0501575320076394,0.379421761674409,0.256290179125441,0.0549082265584324,0.00470726068716032,0.102168348465213,0.0438856172366443,0.000790745204877742
"spot_921",0.0662893757811822,0.0940861200194968,0.54632101152351,0.0320201900410156,0.0566341701973627,3.24397618863867e-05,0.16464584073369,0.0399422032152508,2.86487266052268e-05
"spot_922",0.0727476851625625,0.12367961110491,0.44466633256626,0.0959858618525398,0.0745142312169622,0.000230344175160384,0.146625775934081,0.0415272390505379,2.29189369861909e-05
"spot_923",0.0115160567630093,0.0175661603316,0.567618258664684,0.0605707104862593,0.0791383269693668,0.000924338859534249,0.0497444921594024,0.21197766491914,0.000943990847003869
"spot_924",0.0286662816826275,0.0484505234055269,0.55493845740783,0.0328041323158733,0.05417865745952,0.000618708680760736,0.0381666363180458,0.241992630993207,0.000183971736608204
"spot_925",0.0453267758317564,0.166777151375033,0.481058467344623,0.0368961188785972,0.0612344954565643,0.0009933892036195,0.0167074645695327,0.190853861114118,0.000152276226155838
"spot_926",0.0301458739195379,0.0553207080713893,0.53974300008193,0.00254049053959066,0.035218859830858,8.21789787693752e-05,0.220100083132896,0.116750265145499,9.85402995295861e-05
"spot_928",0.188814384987211,0.0499463267323266,0.168554394191291,0.0457717943071525,0.216315885727288,0.102211301902316,0.0660934375708896,0.118977899775641,0.0433145748058852
"spot_929",0.055976500842204,0.0133937330758126,0.0158802281063285,0.0762372750929002,0.377672058628564,0.205455895678724,0.119204079524395,0.0188708069965993,0.117309422054471
"spot_930",0.0474641661945742,0.124595165223262,0.0247346451307684,0.0340193464181329,0.297532549998871,0.22961130969827,0.153496138443993,0.0508892182026141,0.037657460689515
"spot_931",0.0228574900717505,0.0411340734965048,0.57638160054477,0.0535830521616517,0.0622848154743335,0.00128775643556462,0.116984537568833,0.125312679719397,0.00017399452719562
"spot_932",0.167835496371171,0.21629247246418,0.381288761812273,0.0849032106044235,0.0392868370379376,9.64106451099273e-06,0.0933059373230774,0.0170774322686496,2.1105377768394e-07
"spot_933",0.0232884341434136,0.0383862471236359,0.577015817888401,0.0292466590709077,0.0671754680139457,0.000575476144982346,0.0997282469719424,0.163228541520332,0.00135510912243901
"spot_934",0.066673676057169,0.122526626818851,0.527499649101119,0.0446942105960751,0.0840749374426426,9.73053326206839e-05,0.106945986558423,0.0466913081636449,0.000796299929455588
"spot_935",0.0474376290188619,0.0138898223237402,0.487871690776221,0.0524932816461246,0.158070012533206,0.00389849251004062,0.0923902909857843,0.122380918995616,0.021567861210405
"spot_936",0.0158324146001948,0.047506187724229,0.54280707311496,0.17443118764571,0.0259215781994798,0.00113656613962093,0.127418423094013,0.0649356097636566,1.09597181344322e-05
"spot_937",0.0870352067711384,0.086605211213386,0.498787282702469,0.0432490849327006,0.0873353319277646,0.000987547342200829,0.0799704818400944,0.115374468623033,0.000655384647213718
"spot_938",0.108542015916346,0.0215645059029095,0.505085112370151,0.0502175342726112,0.0828805844205643,0.0018905516382466,0.0871667126299407,0.140206064836686,0.00244691801254538
"spot_939",0.660655056442769,0.0109413456874322,0.00426847137724385,0.0201849370974379,0.111234578971561,0.0238935275717743,0.0703438840529982,0.0909094838212563,0.00756871497752709
"spot_940",0.730385081711468,0.00744356149225359,0.00338862310842543,0.046667540751374,0.0580850650670743,0.00117383524404475,0.0799610022659826,0.0716048862728077,0.00129040408656926
"spot_941",0.739024212011542,0.00734763470248446,0.00532983300734238,0.00957836235961724,0.0642570356386688,0.00234203617496496,0.108321485885059,0.0612497023315786,0.00254969788874201
"spot_942",0.775092861744246,0.0128699437207676,0.009954511806502,0.0286755181634383,0.0181037734411387,0.000136761325915298,0.0783065981288386,0.0766910401828187,0.000168991486335196
"spot_943",0.728573976450392,0.0178275798642411,0.00623081957506755,0.00906355191853388,0.0618974342423369,0.000401344812884222,0.0676248231976217,0.108178690358925,0.000201779579997251
"spot_944",0.775906431639067,0.0119763791690874,0.00833674271496156,0.0114907668049985,0.0469362207189885,0.000638931935132176,0.0994253907178696,0.0445163997360308,0.000772736563864853
"spot_945",0.719023578368585,0.0138810517203078,0.00865487787130218,0.0194880460891141,0.0591969787246465,0.000590143479284302,0.091439425613207,0.0872370234578716,0.000488874675681552
"spot_946",0.624288995273544,0.0169691093279152,0.00712783470606996,0.0345365746974718,0.0502362760176757,0.00028647553890977,0.147333967205174,0.118993758807749,0.000227008425490273
"spot_947",0.770540426591542,0.0262669161114317,0.00559410688440004,0.0143790176002914,0.0391308182141243,0.000491677538971794,0.0526696215867118,0.090770691459757,0.000156724012769688
"spot_948",0.761553998543012,0.007543352294901,0.00440714563228354,0.0153201553577937,0.0602956217135226,0.00248878195241503,0.0553004210441374,0.0911336096444117,0.00195691381752322
"spot_949",0.597081197705232,0.01239035820936,0.00954873704930655,0.0195869380364845,0.0504439222571247,0.00119354994624135,0.20031484432151,0.108855509490013,0.000584942984727482
"spot_950",0.765633737229167,0.0151103562480671,0.00861951530447603,0.0308513188345361,0.031807173512512,0.000234355386037413,0.0972102866910398,0.0501610355768679,0.000372221217296608
"spot_951",0.189985957966493,0.00750401457042615,0.00179521682759102,0.0840841619910056,0.0663648659290849,0.00949109953209229,0.51904210383114,0.109126134373203,0.0126064449789641
"spot_952",0.0559357484385836,0.0118772525566699,0.000902668720682632,0.0713427372683377,0.0910450461110476,0.107469716332694,0.492589549687286,0.159298926609237,0.00953835427546139
"spot_953",0.0159694479540889,0.0175367985452571,0.320265211653706,0.101292779962026,0.0569014659982169,0.000374209995884186,0.350131243551322,0.137309825336964,0.000219017002534884
"spot_954",0.0694718560045717,0.112280510032406,0.336189000356374,0.0783315645609059,0.282458874873822,0.000116848649678709,0.0641924140457158,0.0557165672769118,0.00124236419961465
"spot_955",0.0309072107326352,0.0313375298156531,0.529194514309316,0.0459053065122285,0.163443870869353,0.000319494234672669,0.0811620056111819,0.113951805428802,0.00377826248615839
"spot_956",0.0369110070184574,0.0263207150118717,0.458824317915975,0.0783541901575586,0.148992270119136,0.0277362439116619,0.12011343930477,0.064477481183629,0.0382703353769399
"spot_957",0.0245246643427213,0.0167600665869301,0.247363051452382,0.0253380485729702,0.236895333457308,0.17217561417687,0.170421780119004,0.0845412200909782,0.0219802212008353
"spot_958",0.105386268945242,0.134179265677238,0.0102201069246721,0.0176444780466854,0.277893871176544,0.219935214976229,0.121728104757625,0.043717708891576,0.0692949806041891
"spot_959",0.0416274835381027,0.0161795490986102,0.00699768603959596,0.0470821512830924,0.300076786696797,0.279357598489953,0.21166107692471,0.0438352907889135,0.0531823771402267
"spot_960",0.0408621024175203,0.0141856848822675,0.00757839779071756,0.0174541427263598,0.386660638456217,0.300615479436905,0.119955999269562,0.0338982557049962,0.0787892993154551
"spot_961",0.0826895456959322,0.175274102170951,0.0294247927937343,0.0449428242613883,0.260988148208569,0.160240894096579,0.113207253875469,0.0770178042380383,0.0562146346593394
