"","Endothelial","CAFs","PVL","Plasmablasts","T-cells","Myeloid","Cancer Epithelial","Normal Epithelial","B-cells"
"spot_1",0.00174268060034425,0.000981700243896817,0.0287036643093766,0.159772789418468,0.641969401621214,1.39048065975148e-05,0.0513411363362204,0.0434968151615112,0.0719779075023722
"spot_2",0.364551814170039,0.0653742417326132,0.25741045882352,0.0548952566193963,0.0816573538836687,0.000344724042714394,0.0730065779576975,0.102065874145677,0.000693698624673794
"spot_3",0.297168220712638,0.0291605898768514,0.064476761038186,0.0511268844942141,0.425196759480443,0.000926653311343277,0.0591378250496873,0.062049010995092,0.0107572950415445
"spot_4",0.843821088395631,0.0105974328730946,0.00724855970639368,0.00125476828084977,0.0032255200396279,2.80284483264573e-05,0.123788398722404,0.00987518934316509,0.000161014190507256
"spot_5",0.258776180401704,0.0292920781502072,0.167119313590356,0.11007043567017,0.292002161777873,0.000308662110655893,0.0966927423271833,0.0445763372837876,0.00116208868806167
"spot_6",0.419706823824743,0.0236132398774539,0.159237047425367,0.0222011255496018,0.230888950861795,0.000267041908348963,0.0459868624699705,0.0970794612202122,0.00101944686250789
"spot_7",0.501944480311523,0.0139032818664977,0.051734698898886,0.0560424140460022,0.243229282290662,0.00539690016617175,0.0848769038225954,0.035462019919944,0.00741001867771789
"spot_8",0.0165520377860664,0.0118614749188998,0.368132388396002,0.0284913954301529,0.399168393931628,0.000477079147748366,0.070831823984123,0.102257659825781,0.00222774657959921
"spot_9",0.331980583515715,0.0190604607294736,0.0913030090686391,0.0577307253356564,0.307763013755065,0.0023904550514467,0.133339366760033,0.0508578514794877,0.00557453430448396
"spot_10",0.481662415569481,0.0376662712486601,0.192403226392654,0.0324215574936079,0.0585486769346585,0.000337781006586665,0.0554923365286228,0.141050874679656,0.000416860146073504
"spot_11",0.356076025153231,0.0139777477955403,0.0227024222050641,0.0348973058906199,0.458011560557177,0.000131791935839416,0.0237674654737897,0.0888361387152955,0.00159954227344355
"spot_12",0.291416434117392,0.0536269767624858,0.220314226751715,0.0660699305324756,0.24598946240213,0.00105868820964205,0.0838135490935472,0.0352825538558173,0.00242817827479526
"spot_13",0.205175635884254,0.0491495635212524,0.367958658564541,0.0604483657593113,0.0986519534642159,0.00029030556722505,0.144068413965035,0.0728507498573839,0.00140635341678238
"spot_14",0.066153077908707,0.00564806645445361,0.117277483137522,0.0111575997868281,0.337303781021783,0.012677206795269,0.031115209532299,0.0586460927935419,0.360021482569597
"spot_15",0.000921641215325198,0.00107532612225657,0.000813980780620928,0.0370351760560321,0.616187953829608,0.00558812190098214,0.0210277870816123,0.0169867550902722,0.30036325792329
"spot_16",2.0891228107748e-05,0.00195536517521408,0.000682772580069872,0.0591181750678344,0.465070653309135,0.000375604657571989,0.430278962452072,0.0414359547275303,0.00106162080246483
"spot_17",0.00470016728728352,0.00288765077383427,0.000867786199638439,0.109522326459493,0.151543920306498,0.00291868191718332,0.636598683430136,0.0567564152229029,0.03420436840303
"spot_18",0.00524532780793596,0.00564350345499581,0.00120532551204555,0.104586379484523,0.194532466985274,0.000800507649594831,0.621424072134594,0.0621618384667302,0.00440057850430649
"spot_19",0.0208045360681959,0.00336929066992543,0.00195741891783753,0.0558888660843203,0.0801914205656214,0.003399823167368,0.70554663547785,0.0798190261048813,0.0490229829440005
"spot_20",0.0159537710272132,0.00506156218520253,0.00220938331657743,0.0912476964454129,0.14256753521757,0.000674834614429138,0.665252987011446,0.069102860582038,0.00792936960011144
"spot_21",0.0110101412577325,0.00241155983839294,0.000312458420656451,0.0639182928126748,0.562434151368129,0.0116709928840879,0.234511583427062,0.0256862936313332,0.0880445263599315
"spot_22",0.00480108516476177,0.00497299273270397,0.00433101931964133,0.0423724335065831,0.0144508684446643,0.00141902183842826,0.88585472488742,0.0399781085848719,0.00181974552092529
"spot_23",0.00917134233577439,0.00505192213832887,0.000441111670303512,0.0991495971357063,0.130130157441155,0.00137191686181233,0.692467064456498,0.0571757586492311,0.00504112931119052
"spot_24",0.011826418327707,0.00423162639567803,0.00123544302193719,0.106343600695866,0.0475115816467477,0.00498421115611497,0.728544113961521,0.0505110538911665,0.0448119509032613
"spot_25",0.0384768845141601,0.00460666913327604,0.00262163028993338,0.141973416773455,0.0139224450670763,0.00131110211709068,0.726130044963654,0.0680710134397219,0.00288679370163299
"spot_26",0.0268786823935123,0.00628525949790421,0.00135736205740928,0.108971913444225,0.120283036146026,0.00158145663681383,0.681877359650438,0.0504869362732612,0.00227799390041057
"spot_27",0.00494978139448102,0.00524660417586246,0.00195964927481192,0.107320047123548,0.0476495793484942,0.0019734681486091,0.740662532807697,0.0891197060368547,0.00111863168964095
"spot_28",0.00828113793029863,0.00443445322251456,0.00552464691501147,0.113080401959893,0.180571632681813,0.0400188447825205,0.117126080707506,0.00640132366627074,0.524561478134172
"spot_29",0.00262165768083534,0.000371998559744505,0.000497707160905102,0.0576709448696573,0.478646014861949,0.0211658309594407,0.0374196009745814,0.00594189087373908,0.395664354059148
"spot_30",0.4248402651987,0.0375545339672623,0.0998608654683281,0.0522259528795746,0.252625956186635,0.00424051521039802,0.0724384343981794,0.0461465725172259,0.0100669041736966
"spot_31",0.295206880786824,0.043157058075851,0.17981729764194,0.0231107206349664,0.317417171511412,8.06983220273107e-05,0.126534549545223,0.0140393884331682,0.000636235048588868
"spot_32",0.676882518136987,0.0190028855865809,0.0363974863434923,0.0207450294760169,0.0627203498017292,0.000944138225515231,0.0822249577426182,0.100284126527992,0.000798508159068489
"spot_33",0.400210352481008,0.0127471142934803,0.0664000007919416,0.0194381922111817,0.380648882467475,0.000294223662407131,0.0573121048890301,0.0609198684134977,0.00202926078997881
"spot_34",0.563335551647412,0.00754698617264594,0.00486490644414686,0.0331550478833738,0.262329641360014,0.00312447083815421,0.0691338389598815,0.0511012888353699,0.00540826785900132
"spot_35",0.551350079498589,0.0235047192470331,0.0627931331157638,0.0160516324239687,0.174762290614387,0.000837419247315448,0.0599759402192181,0.108045116971558,0.00267966866216599
"spot_36",0.17920114999578,0.0107452329030936,0.10152763888402,0.0460805683610171,0.531764078792103,0.00170276612451126,0.0362255366745248,0.0786476138623173,0.0141054144026334
"spot_37",0.490225667615073,0.0168957417632064,0.0116771219065345,0.0291666139148079,0.264020773063687,0.00297364528674918,0.158589117074345,0.0223112399886107,0.00414007938698707
"spot_38",0.440920516251716,0.018097385498092,0.198825559816613,0.0300107426605679,0.0562182630622473,0.000939689587462286,0.0500788932836289,0.204475389261525,0.000433560578148438
"spot_39",0.424216574002736,0.0134590691995772,0.0365161512928061,0.0343174438869191,0.310768060933341,0.000823428071956766,0.116923217735138,0.0608640067652425,0.00211204811228394
"spot_40",0.415137494530685,0.007911459078432,0.00719967963372368,0.0608885180553474,0.418513618722281,8.70471641529556e-05,0.061018906027481,0.0285051964417701,0.000738080346126862
"spot_41",0.147301966402251,0.0312400303426227,0.134852021904439,0.202476521658802,0.381842281874503,0.00362858582896307,0.0884478920189936,0.00650125925653236,0.00370944071289328
"spot_42",0.341006967414611,0.0340319953192548,0.0522399684756039,0.157544844024052,0.213821712601766,0.000248657761963856,0.172359921881944,0.027781833740594,0.000964098780210669
"spot_43",0.034801898399123,3.32342431718977e-06,4.54449987819877e-06,0.0161264302004082,0.764591299608274,0.000385233613711549,0.045945054169762,0.00526076356620607,0.132881452518319
"spot_44",0.48461433174709,0.0129261520646481,0.0118664117405993,0.0348314587119073,0.211203973349664,0.0300939393314816,0.170011940130451,0.0346996078649917,0.00975218505916657
"spot_45",0.0029507675471901,0.000101015342103617,0.000237985746899069,0.0490861996909872,0.54744216151941,0.00683422212818603,0.0603827919608157,0.00653963468801711,0.326425221376391
"spot_46",0.00101325981388479,0.000811227884229897,0.0166836840433568,0.0528426450379949,0.830321856539444,0.000596121011486507,0.0139856297126681,0.0554307297747068,0.028314846182228
"spot_47",0.011061090684931,0.00469694882979865,0.00181833040599826,0.142910963622568,0.0859366733653625,0.0293016129847839,0.627085555748799,0.0521420984472348,0.0450467259105243
"spot_48",0.00226019603232495,0.00370711783733427,0.00318327884804182,0.112532847428402,0.0159263606293362,0.00086550196118917,0.805054521309231,0.0562255853867286,0.000244590567411963
"spot_49",0.0220786351133664,0.00250610393247194,0.00158062304132502,0.0663310313100857,0.0246507080199332,0.000540015077318814,0.778159591287289,0.103197381854856,0.000955910363354088
"spot_50",0.000950852583519187,0.00465477772116675,0.000572340696140145,0.103053221517141,0.0124816529856219,0.00331643951100403,0.76018650563045,0.114567114918774,0.000217094436183155
"spot_51",0.0107520613803047,0.00619390375022634,0.00475599843050265,0.056220634230169,0.457036946898063,0.0400034571504059,0.383323052590689,0.0118631434693543,0.0298508021002849
"spot_52",0.0192380071956798,0.0106340114800864,0.0166686229672134,0.0767089264939464,0.359937917813059,0.0880932972856175,0.33942049983694,0.0567428918416946,0.032555825085763
"spot_53",0.0163368030712445,0.00503603362577156,0.0017660869998584,0.162943349960552,0.00260696225735676,0.00164181749569675,0.789576807501382,0.0191747287953115,0.000917410292827023
"spot_54",0.00553381393396941,0.00369535994741695,0.0051335302352702,0.0585625063318794,0.279142601192964,0.0196402108459242,0.555203073471581,0.0474170172340077,0.0256718868069867
"spot_55",0.00235977964337861,0.00313902687032574,0.002598114333989,0.0353581764918995,0.00343120011015489,0.000228417601764737,0.917353547796676,0.0354230254052594,0.000108711746552512
"spot_56",0.00658388206702596,0.00466308327195783,0.00106895344105972,0.0549126113926103,0.430892600871695,0.00247099234458168,0.434868629241967,0.0512276520790563,0.0133115952900466
"spot_57",0.00281120938746162,0.00187192913017412,0.000261946636984163,0.110028367659445,0.159071314339405,0.000557781583560319,0.641452346947887,0.0803503946006694,0.00359470971441335
"spot_58",0.0120096328879771,0.00471533450199243,0.00240147674865624,0.104272943738028,0.235530776009135,0.00186192430400069,0.555053604254064,0.071698607162979,0.0124557003931676
"spot_59",0.00155156359403033,0.000594995933311157,0.00216122602352347,0.0681274978450199,0.470882095629566,0.0114379446813073,0.0158884037406898,0.0100005362540807,0.419355736298471
"spot_60",0.0261553038453535,0.000712286937379247,0.0014050682609591,0.0950342385827738,0.659247556675987,0.0017739477222047,0.0482738609782307,0.00582503281494517,0.161572704182167
"spot_61",0.250000537437099,0.0371212449531436,0.421698229258948,0.0212358106651502,0.0344681914483143,9.74683858798476e-05,0.185317874397043,0.0489389476114286,0.00112169584299394
"spot_62",0.500785773802126,0.0073792558574235,0.00635797370299797,0.0251570898754552,0.298105048037873,0.00253200658464133,0.0956425760522407,0.0558469745931931,0.00819330149404878
"spot_63",0.477214388611001,0.0180813426199705,0.128822269408805,0.0208611581273778,0.16075593533309,0.00108501680713483,0.0919709136779657,0.0992992125306822,0.00190976288397286
"spot_64",0.22258897641015,0.0156471577164678,0.153872000187021,0.0357066423925082,0.424991476404573,0.000115610646202954,0.0699661297392105,0.0744006266422096,0.00271137986165733
"spot_65",0.268884863658958,0.122143342516626,0.126466274819736,0.0718479572843948,0.331603850309163,0.000281649559575974,0.0354647602120383,0.0422226895624813,0.00108461207702592
"spot_66",0.743448708182442,0.0173405353424908,0.0110041419653995,0.0136867804113242,0.0689566876560662,0.00124333802831427,0.0969378394713077,0.0462089091250636,0.00117305981759139
"spot_67",0.32220448500959,0.00479537976241611,0.192136097335578,0.0104732303560823,0.292519607451091,0.00577288787286628,0.0257492741966604,0.124647123641986,0.0217019143737298
"spot_68",0.439396609419921,0.00933151967647097,0.0356076865039919,0.0293756551649429,0.336393407171057,0.00147418810087017,0.06372730631147,0.0822864596314888,0.00240716801978662
"spot_69",0.416814306416135,0.00853262362639568,0.090529226854083,0.0274437911057603,0.322482439859077,0.00061618078508204,0.081776120562155,0.050660186814655,0.00114512397665683
"spot_70",0.249987042368248,0.00642014270080844,0.00883753987822397,0.0594079337921569,0.58718914333551,0.000508958603177619,0.0417295617455312,0.0375459493883242,0.00837372818801955
"spot_71",0.641331041815352,0.0187387794147958,0.067242620365179,0.0102023209019853,0.0674893122787789,0.00182937206824848,0.0833064444261668,0.108907609403392,0.000952499326101518
"spot_72",0.507455117015543,0.0157035546814333,0.07210690976811,0.0522589749685566,0.173081272389145,0.000607288903781999,0.0449167542312755,0.132996596211563,0.000873531830592237
"spot_73",0.553891827837806,0.0155369201257841,0.00761264208406696,0.0807787896325853,0.148784330743412,0.0112572968183481,0.108481747150399,0.0643836882196857,0.00927275738791259
"spot_74",0.675268660019938,0.0137710678660187,0.00586028640279791,0.0314756845475062,0.0893073917518302,0.0133783380703703,0.100904082546921,0.0630201725056917,0.00701431628892582
"spot_75",0.808901619044497,0.00824310642137984,0.00651578651208021,0.0035483495809866,0.0502435298706555,0.00179123767187808,0.0626765466254337,0.0561709163120681,0.00190890796102061
"spot_76",0.400731532951044,0.00203073820182934,0.00129448866159107,0.0246119574102468,0.192451109532299,0.0298243000833181,0.0283529637704913,0.0212146811380739,0.299488228251107
"spot_77",0.00905922518167906,0.00753118282061562,0.0044385267123696,0.0431058281372278,0.201454926009911,0.0258327922900173,0.575942272838892,0.0260705407786008,0.106564705230687
"spot_78",0.0190972606133198,0.0149019053088968,0.00410287599912899,0.0747489858164972,0.0765442713271971,0.0647903770632105,0.654400870019448,0.0826839528795041,0.00872950097279712
"spot_79",0.0436436750004585,0.0062613680460374,0.0282089982980405,0.0848178440385316,0.074703681569872,0.0203188741663914,0.610159345805948,0.108189016395145,0.0236971966795757
"spot_80",0.0432948893950526,0.00116828805909872,0.00998340142196283,0.195423659070457,0.000130826992083507,6.28373141714042e-05,0.722128939637822,0.0277452162821899,6.19418271614699e-05
"spot_81",0.0143353730382177,0.0128295663042977,0.00453881544367324,0.0356668228796101,0.0951970933136305,0.116589181279461,0.653288787600877,0.0600009997585987,0.00755336038163362
"spot_82",0.0261841439968973,0.00505213771261047,0.00136061155873843,0.0594558373094583,0.0505760024265048,0.0218079477884531,0.75966074079002,0.0660161492616126,0.00988642915570507
"spot_83",0.0443929877878226,0.0159300718127558,0.00887232637849395,0.0708829983649935,0.102946831155519,0.0711873465671639,0.607551835339349,0.0654450333089235,0.0127905692849786
"spot_84",0.0541336845922465,0.0413645681199221,0.268831615301311,0.068398376345945,0.0577913761246302,0.0258754104362849,0.38835398114795,0.0857642477532989,0.0094867401784114
"spot_85",0.0583699814946448,0.0420886753304914,0.235141099963492,0.0900590967911926,0.117759583785909,0.00206332190690999,0.367929512567925,0.0827554526715338,0.00383327548790168
"spot_86",0.0293347373874605,0.0141595168827463,0.110110557479266,0.0855836827901213,0.0475403135635974,0.00132288860676941,0.631422204775986,0.0799601499340305,0.000565948580022815
"spot_87",0.021683903834371,0.00675616090353255,0.0567485366079347,0.0664484360996276,0.237322488501051,0.000929725521982345,0.522443940278236,0.0830654446243979,0.00460136362886695
"spot_88",0.0201882489115595,0.00380151847313888,0.00138659122565351,0.0865512395016246,0.262775983983334,0.00106436711984511,0.581381345797832,0.0376061486355449,0.00524455635146748
"spot_89",0.0111446686452652,0.00609686062319414,0.00116264838897588,0.0771333169328926,0.0221118136414401,0.00174749925940399,0.775996063711482,0.101995433632459,0.00261169516488622
"spot_90",0.00197934438595921,7.12381701441908e-05,0.000300946024907762,0.0465507922975113,0.457635629739831,0.022116801535061,0.00533723081840091,0.00467049087304761,0.461337526155137
"spot_91",0.00638003858555074,0.0303111416130438,0.0343911008810374,0.115603007120684,0.466648123812107,0.00787374752876732,0.0498078438549249,0.0130460359558981,0.275938960647987
"spot_92",0.540247971101387,0.0155893432322352,0.0095955958667903,0.0331177436587248,0.262955185301196,0.00145141948400788,0.0238862890464806,0.111814430008702,0.00134202230047618
"spot_93",0.399232304058373,0.0334702010578001,0.0967197028499622,0.124553045545798,0.144200060584986,0.00261442138287231,0.145977909939681,0.0433985869343926,0.00983376764613498
"spot_94",0.397987758748061,0.0510734541021806,0.22294441017641,0.0277611741476788,0.0925039984783452,0.0011629034432205,0.0711388326664613,0.1342653999765,0.00116206826114224
"spot_95",0.314693823353312,0.0180840370358044,0.119358169380623,0.0231478870735052,0.30859055105937,0.000265991023299619,0.167392047546839,0.046598637974655,0.00186885555259202
"spot_96",0.639424221920575,0.00926112180758304,0.00575661272628108,0.0230444545816596,0.174352338306884,0.00211069865859994,0.0908849149950934,0.0526506953041192,0.00251494169920422
"spot_97",0.401380246481072,0.0721440388828118,0.142851584078548,0.0476287917083299,0.115397554587143,0.00292397065024841,0.0711993093048287,0.139999384627248,0.00647511967976919
"spot_98",0.439813837816841,0.0341508563856218,0.146273469418742,0.0609905482377331,0.143705977014485,0.000166149665605458,0.073436875126785,0.101105480370278,0.000356805963909365
"spot_99",0.462984776482402,0.0219896316241141,0.0849583941337348,0.0624626813449399,0.210824649800606,0.000459127459006826,0.0969699719142893,0.0586909081716246,0.00065985906928199
"spot_100",0.277483351873318,0.00495466955894042,0.00774080214576729,0.103129701928734,0.526916898468121,0.00058475062847064,0.0566004754357597,0.017532456637411,0.00505689332347773
"spot_101",0.326061670861881,0.0178868101074576,0.122101037564943,0.0550431751051646,0.346202445112545,0.000366470804435864,0.0725047769051901,0.0581755444922593,0.00165806904612307
"spot_102",0.506486403676999,0.0183110174717059,0.0951171700080166,0.0604534653558528,0.124061778676415,0.00386748013901412,0.117790582346791,0.0697054558255581,0.00420664649964709
"spot_103",0.524386128350113,0.0157013589342599,0.00760209241518408,0.0496212519050557,0.181974906265519,0.0282012811842022,0.105411887493358,0.0767383232014584,0.0103627702508502
"spot_104",0.632515329093345,0.012395956074191,0.0101802294886752,0.0288025577812597,0.115364169704063,0.0321107172828903,0.0818552576935849,0.075701495025123,0.0110742878568676
"spot_105",0.644777725638537,0.0869494423109363,0.0220008526522707,0.0108520180553266,0.064308032287276,0.000880333240707896,0.0655030505028328,0.104136010681544,0.000592534630568783
"spot_106",0.00378120096263796,0.00505324847390354,0.00224782987908562,0.0686992105824842,0.016874369192564,0.00280160854528981,0.82898997323359,0.0710491587289953,0.000503400401449163
"spot_107",0.0262256642378703,0.0107092873395339,0.00297463314574723,0.114400021076179,0.0739809694791501,0.0404559706106179,0.634683513213777,0.0816994891302444,0.0148704517668796
"spot_108",0.00264535767854111,0.00325825662505562,0.00292283389395121,0.0475891988812275,0.000614060126720121,0.000107465946434987,0.92295081785849,0.0198456765187002,6.6332470879494e-05
"spot_109",0.0108800012860372,0.00612700548022266,0.00280178116504219,0.0863461425819484,0.0901998396923168,0.0371583099844707,0.681645769643066,0.062812762470435,0.0220283876964612
"spot_110",0.0550612851995463,0.0071779530094439,0.000420964270794916,0.108297718984308,0.099963713678849,0.0430660055783891,0.594889053963372,0.0595581008043873,0.03156520451091
"spot_111",0.0222140146641884,0.0151223437100725,0.00446970595261792,0.0635165633291548,0.171864952884445,0.135362876242825,0.517901229288562,0.0440617904633243,0.0254865234648108
"spot_112",0.0115232344756971,0.00826673889806348,0.000463624714707795,0.0795586898042731,0.0940941007154878,0.0498193400908029,0.649323779829713,0.09834066008335,0.00860983138790472
"spot_113",0.00175358758868468,0.00452160413935731,0.443401333349324,0.207103690719611,0.00968780660184845,0.000223291514170743,0.257325715644417,0.075982612245879,3.58196707173446e-07
"spot_114",0.0989270759519615,0.0573887297770288,0.557156615955672,0.0610754887750134,0.0794404713213798,0.000176927847381986,0.0470125361299128,0.0988107059557636,1.14482858861852e-05
"spot_115",0.0767323770390382,0.0930191552780343,0.526571884263668,0.04387304399288,0.0646388132398344,0.000140589974261576,0.144652265958902,0.0498289284502047,0.000542941803176465
"spot_116",0.0426610065969257,0.0474710527479429,0.584904946195868,0.0460901661986542,0.0637981128360868,0.000227267616162547,0.104685905136638,0.109905611179941,0.000255931491780477
"spot_117",0.0287929379170647,0.0291659336705499,0.590314322092796,0.0764570786151117,0.0628097388456951,0.00148055827894906,0.0682542285523014,0.142254179377844,0.000471022649687887
"spot_118",0.0526812456672498,0.0622678189120037,0.535255573290821,0.044601139800201,0.0765321774492573,0.00110480678283838,0.0364843767478628,0.189096656702097,0.00197620464766912
"spot_119",0.0402187454927807,0.0162392522343037,0.283158695459546,0.0789043175063526,0.236749264724425,0.000561378932933362,0.235065315831087,0.105975325212126,0.00312770460644551
"spot_120",0.0392579267530253,0.0632523770154551,0.133271479342181,0.0554666144680164,0.154231884516654,0.00712661174088283,0.381060594386574,0.0969911711067994,0.0693413406704114
"spot_121",0.00440943071370612,0.000587278969448331,0.00355515153222138,0.0414353797901615,0.393103432493004,0.00913829091798211,0.130607937499065,0.0033717546574184,0.413791343426993
"spot_122",0.0452579290307771,0.0380746477208684,0.258977082213007,0.0636998811258633,0.401944454266974,0.0015548314753717,0.050140355707288,0.0341877205890363,0.106163097870815
"spot_123",0.214718900792832,0.0343451996058659,0.232897668182554,0.0508981739920694,0.314904324745748,0.00169452816433282,0.109364423972789,0.036699355292307,0.00447742525150239
"spot_124",0.474760564053285,0.0222800538904696,0.0991628124879393,0.0243240102226367,0.216155818184023,0.000305717219473151,0.0534232945578033,0.108916502724889,0.000671226659481054
"spot_125",0.322421014121012,0.0282850303120335,0.0652612881746734,0.022515868349976,0.429872757057511,0.000589192471152331,0.0645830300679817,0.0625505902889592,0.00392122915670074
"spot_126",0.498501605405686,0.00380412932663975,0.00711412144436202,0.049302364163003,0.280304150361474,0.000446251849103213,0.137937371643361,0.0215330498422563,0.00105695596411483
"spot_127",0.635103139257301,0.0309398309915463,0.0216971088345353,0.015544966047812,0.0201551305629696,0.00699570303456713,0.18666623907806,0.0801446250842816,0.00275325710892652
"spot_128",0.507046731646206,0.0631305581340195,0.189913714731462,0.0354835321522201,0.0588471153829895,0.000617824987818124,0.0716663884789532,0.0729401796287515,0.00035395485757993
"spot_129",0.336508864902507,0.016024034372349,0.122014386166008,0.0383202637131037,0.318535547757296,0.00257749177077443,0.0447075785077937,0.116871037877544,0.00444079493262434
"spot_130",0.701586028351408,0.0175999166572721,0.00910705634899878,0.0323611674127161,0.0622332632122725,0.000885707652483544,0.0895583765940631,0.085269313096603,0.00139917067418253
"spot_131",0.383104842160719,0.0334528371945691,0.0705204219178103,0.0507245277990389,0.325115040244175,0.000553510839203328,0.0523072224238172,0.0815944393633741,0.00262715805729339
"spot_132",0.520857407442705,0.011672809544194,0.0535739651410359,0.0172008590185681,0.182678648512452,0.000388018676818883,0.146336075136993,0.0658597886893047,0.00143242783792763
"spot_133",0.605161709719203,0.0193139305733854,0.00844195319283176,0.026835485392768,0.141593308980001,0.0259564784099046,0.0788592638023835,0.0828766762069624,0.0109611937225602
"spot_134",0.62332917852155,0.0136826655432576,0.00709172422722986,0.0267105800011576,0.0570559640358296,0.00155261481594923,0.188444288569526,0.0811273795710417,0.00100560471445899
"spot_135",0.0472633845322505,0.00725011447129553,0.0152943134711043,0.0400347258994718,0.113600361013578,0.0403000231141127,0.697877206096082,0.0167958313422354,0.0215840400598705
"spot_136",0.0335400712812269,0.00988812810882961,0.00402807482458669,0.142768204265001,0.112271425537281,0.0488274774885561,0.586972451825112,0.0359824751455602,0.0257216915238469
"spot_137",0.0552816243643674,0.0183765507820173,0.198685790166106,0.0360092127151673,0.170332399575489,0.0345428589892571,0.40982660639576,0.0508680838434102,0.0260768731684264
"spot_138",0.045679163057055,0.0328923155085074,0.102327180177327,0.0611409180869301,0.0779351518033215,0.0709465109093834,0.534628472404548,0.067274665177325,0.00717562287560199
"spot_139",0.0602075051859792,0.0506277350449492,0.245933469917293,0.0771487577221895,0.130159396098498,0.0379775959056471,0.264099197426344,0.129055794657948,0.00479054804115122
"spot_140",0.0309427584228356,0.0314204323248963,0.0800074235357095,0.0815255300533952,0.0296757028960621,0.0281129448857895,0.657721508864168,0.058698857056868,0.00189484196027581
"spot_141",0.017156123156028,0.0128791868080692,0.00200424831084463,0.0645821193702109,0.0635134870968526,0.099428732761838,0.633602989082184,0.084279239042914,0.0225538743710591
"spot_142",0.0479213695635139,0.00450674940157963,0.000251773864108228,0.167599645277425,0.0349544308126011,0.00071751243448707,0.676989757454072,0.0640903392745698,0.00296842191764392
"spot_143",0.0146283242559305,0.0144693891300068,0.321505528568413,0.0742040929449957,0.0393003133957349,0.00036278845650647,0.480020068666744,0.0550140222361392,0.000495472345529275
"spot_144",0.0407375917635816,0.0580770992145133,0.52377468717813,0.0723895629852419,0.0933620549209375,0.000532390142322881,0.139282663614138,0.071614097286645,0.00022985289449011
"spot_145",0.0745551936927407,0.0648200132742794,0.383140743553469,0.101171610494537,0.178578621330608,0.0102564673443465,0.117464097807132,0.063022094538185,0.00699115796470207
"spot_146",0.0165116025792313,0.0404011227825771,0.515672437419945,0.0424668226372875,0.0846116691211148,0.000543641602457331,0.150310216219237,0.140869962363952,0.00861252527419861
"spot_147",0.113979864711762,0.0913204397448576,0.464772953380185,0.0479349717123492,0.0871713258856383,8.81639735877647e-05,0.088849613242676,0.10574490613572,0.000137761213223877
"spot_148",0.0602000021086558,0.0745134939671531,0.461908562496131,0.246865772983995,0.073984657131424,1.82695915473384e-05,0.0571335804985301,0.025373081077259,2.58014530428399e-06
"spot_149",0.0478322689933911,0.0367591704787878,0.632287616879338,0.0730956676839075,0.0644975740982503,0.00432983911107476,0.12147770494207,0.0193848898667903,0.000335267946390277
"spot_150",0.0531299505459952,0.0695267802226934,0.521124918056209,0.0894504130864637,0.0882547669933259,0.000728007385472842,0.105464124841897,0.0716571748975647,0.00066386397037855
"spot_151",0.0495997635490625,0.0765150560329006,0.535893579559134,0.0428760800300991,0.0856854794074846,0.000216551875453044,0.134937717145438,0.073673489321286,0.000602283079142698
"spot_152",0.0198299028034163,0.000579008162986523,0.028275611571687,0.069126118527728,0.320846685616858,0.00512689756695878,0.0193828642803376,0.0247849598682998,0.512047951601728
"spot_153",0.00187884002853536,0.0025724160235908,0.00746467829400138,0.102641587827834,0.712282868565786,0.00588329343236798,0.00558718838102423,0.00322132503216512,0.158467802414694
"spot_154",0.0784103227045265,0.0179589108018362,0.170683289941626,0.052451680450544,0.533364433810053,0.00133963777227862,0.0734992466153293,0.0431052012430847,0.0291872766607209
"spot_155",0.313479137459609,0.0101189127000597,0.00541575999904846,0.0532195415856421,0.403503034012465,0.0438418550742881,0.0873108524852916,0.0543708183667743,0.0287400883168216
"spot_156",0.396940901338244,0.00749796458138852,0.0127516694033247,0.0573164155212414,0.422706568268453,0.00141406855630926,0.0404950824189383,0.0544871727788953,0.00639015713320491
"spot_157",0.490621587586734,0.0562145677155852,0.172056519500294,0.0333427869902608,0.0480677975673371,0.000204196804507836,0.071988972925724,0.127301451852558,0.000202119056999289
"spot_158",0.189891060562225,0.0147913715518606,0.122254671616656,0.100234345846488,0.421657683318117,0.000844181653018504,0.104120318575424,0.0384547227827764,0.00775164409343517
"spot_159",0.143876022146241,0.0109478812335234,0.202847711976681,0.00810413172835846,0.466164311329115,0.00888341877733798,0.0284039788717083,0.0930976556155913,0.0376748883214441
"spot_160",0.388158436756703,0.048360812700453,0.131283375767492,0.0288958267485433,0.201373077816155,0.000818319630610256,0.142158996375517,0.0569306395511422,0.00202051465338346
"spot_161",0.342986743571133,0.034146449195007,0.112973836512579,0.0693790848114393,0.262532596081019,0.00114424021942888,0.0446532121857195,0.129170480585433,0.00301335683824117
"spot_162",0.41524123171644,0.0366925809127717,0.112431902661506,0.0453668458484051,0.22932858113108,0.000818795294514949,0.0714725036570951,0.0860341838661686,0.00261337491201826
"spot_163",0.757428914674518,0.00988855809871336,0.0066493706835718,0.0256950437912544,0.0318458178629355,0.00447319189443931,0.0574840519966395,0.102884498548282,0.00365055244964645
"spot_164",0.55572649389486,0.0288307087717398,0.00635172201194974,0.042356292020623,0.145550644417266,0.0289518929536985,0.0862861063596269,0.102957589902706,0.00298854966753047
"spot_165",0.12209245404511,0.00764696521494677,0.00269115769005712,0.103121570770752,0.0458486974919796,0.00571198277785526,0.624185631595487,0.0854924571527242,0.00320908326108702
"spot_166",0.0447386899182216,0.0984104192896353,0.292771500048847,0.103507551055637,0.0669455234901455,0.000530466013160788,0.335753832436125,0.0567357095785886,0.000606308169639878
"spot_167",0.0207415301284517,0.0254770014994903,0.510438678056753,0.137069746663603,0.0730891051719286,0.00274983327492307,0.139677416012222,0.0901918913867787,0.000564797805849811
"spot_168",0.0304857302676964,0.0381898610273923,0.540286957412904,0.0958458505998767,0.0828919945994769,0.00238243265086742,0.0655356561793519,0.142975436713658,0.00140608054877739
"spot_169",0.063867886081158,0.161836989887684,0.439123290657657,0.0673109882678736,0.0605317686486835,7.523401291975e-05,0.103035393896308,0.104158004274396,6.04442733195541e-05
"spot_170",0.0231790976663015,0.0278998720720115,0.55954970723981,0.0223779730452632,0.0548436547370276,5.93631551903518e-05,0.11861488641066,0.193415532617181,5.99130565545964e-05
"spot_171",0.0640676398220355,0.0518502791879192,0.571467209063451,0.050273604721947,0.0444213495418946,0.000214535185177152,0.118815556405068,0.0985008139177034,0.000389012154804089
"spot_172",0.0116317347544743,0.0259125071559832,0.188850094485125,0.080915683741631,0.0347974114326839,0.00257544030652118,0.481835354239353,0.172746858250725,0.000734915633502993
"spot_173",0.0265362368199593,0.0212034512975424,0.0430350164115442,0.0711079326704683,0.0426733012669269,0.0228638497311557,0.695056416844096,0.0699677906914289,0.00755600426687836
"spot_174",0.0988702601759794,0.0444187057559115,0.527483395869677,0.0372390148177407,0.0727873340391141,0.000564882745186577,0.122822339057337,0.0957230602001416,9.10073389126497e-05
"spot_175",0.160409406650003,0.00864106320632772,0.560399359039442,0.0152382037068906,0.0793489830224319,0.000109575133428328,0.0536617516763508,0.121611067249815,0.000580590315310368
"spot_176",0.0228290252654343,0.151603546737371,0.519046795740634,0.0601171282851193,0.0944466554285297,0.000490971010701339,0.019252416842442,0.131931205514725,0.000282255175043039
"spot_177",0.087707747733699,0.188834041794377,0.457895130150065,0.0505269879283058,0.0422768330061883,0.000681856747553136,0.105173004918093,0.0668627690247055,4.16286970133855e-05
"spot_178",0.0337509840706098,0.0300501834491782,0.56337161162808,0.0530140272809721,0.0997779313323406,0.00322717376416598,0.089269766413822,0.125508768652619,0.00202955340821157
"spot_179",0.0588668083068594,0.0621491376583207,0.546354246391105,0.0689068397717299,0.0811040569978982,0.000150642535308765,0.105719640965976,0.0767042593415624,4.43680312398744e-05
"spot_180",0.109531662343814,0.122911434390743,0.448180524285247,0.0716332825788492,0.0746355351906615,0.000513661457790791,0.0879409570599952,0.0842724845532556,0.000380458139643539
"spot_181",0.0455850225391976,0.0632079475716653,0.522879927306724,0.0877263468845821,0.0841037014702265,0.0012414558901102,0.115267682673765,0.0790725068049777,0.000915408858751821
"spot_182",0.089051542979089,0.0489902126737826,0.441267833578238,0.0826684293000465,0.112466731964474,0.00143566733042284,0.215412411574235,0.00792387248280156,0.000783298116910385
"spot_183",0.0700600074844977,0.105697797926333,0.406063395618563,0.104055771721593,0.095538013185158,0.0163866414199954,0.0737495049929898,0.0809908303301688,0.0474580373207012
"spot_184",0.0117183259968615,0.0183018892092576,0.356152661653433,0.0886347549483107,0.370942020387773,0.000734750760664318,0.0246275235719604,0.118738674165255,0.0101493993064841
"spot_185",0.00822030476505052,0.00286390437562131,0.00320307707796612,0.0413001506587925,0.582831325199929,0.000330628636852208,0.31224283133822,0.033902034521096,0.0151057434264726
"spot_186",0.00353427814914482,0.00535011884905538,0.00269325282637939,0.0853627462236062,0.559015673673145,0.0785512144598014,0.0781961951038036,0.0134816342473756,0.173814886467688
"spot_187",0.504615680738785,0.0313788442308494,0.0852788056428404,0.0692072194267074,0.152949561052544,0.00170965913311731,0.0829936300391714,0.0704159945031505,0.00145060523283449
"spot_188",0.205993108872702,0.00446756140575012,0.00546448886766378,0.0329500473699984,0.668440060753679,0.00492414823839314,0.0287296489731514,0.0145209862500413,0.0345099492686203
"spot_190",0.360035980460231,0.0300406864877278,0.0937221386755238,0.0340585896476491,0.340967307921497,0.00070565708869839,0.0340291247370806,0.102580991446969,0.00385952353462305
"spot_191",0.551552028303625,0.0345760170997803,0.0423512518175229,0.0217033719661728,0.20682721670277,0.00109095865036795,0.0527400555243701,0.0866876798229044,0.00247142011248661
"spot_192",0.542239306803524,0.121550174759307,0.0930235850251148,0.031130982161836,0.0518555899095671,0.00111897365798259,0.0825201501981776,0.0758310899008485,0.000730147583642832
"spot_193",0.547135001843444,0.0430253231492821,0.0796436454186308,0.0310453666841558,0.106588654250286,0.0138495128558415,0.0952966635840541,0.0792978530088144,0.00411797920549125
"spot_194",0.740193792026917,0.0118985502780044,0.00639961879295917,0.0209789365442901,0.0650045157102613,0.000778597144383556,0.0902972526106313,0.0635851502455408,0.000863586647011944
"spot_195",0.382043449641174,0.0117610648423298,0.00460735404876397,0.0529064358897985,0.0988474522774333,0.026958962957302,0.362494867463257,0.0511535998918025,0.00922681298813883
"spot_196",0.032670087606397,0.0467495630971456,0.356508777402918,0.0620288559414369,0.0759151342358726,0.00117517441905527,0.332200351809556,0.0920533097026653,0.000698745784953383
"spot_197",0.0570551587073079,0.0400620211487784,0.581328542702347,0.0558649069919084,0.0800265612706619,0.000762211253082774,0.0796843335795495,0.105043810194664,0.000172454151700769
"spot_198",0.0346488548149119,0.0381301543600047,0.575829121259922,0.0390112978731484,0.0925810244972269,0.00111987307576227,0.0536363320031781,0.159076219467262,0.00596712264858331
"spot_199",0.0452505857609913,0.203957753902068,0.444897339271879,0.0825392990271925,0.0567752939624208,0.00126389019773955,0.0795000520508892,0.0857761967211072,3.95891057124834e-05
"spot_200",0.0196336150224829,0.107258632783297,0.529405175355223,0.0359827859615002,0.0315535505463466,0.00923132659920957,0.0326361322430232,0.233289134717666,0.00100964677125199
"spot_201",0.0318084886180515,0.013214222977442,0.612191472133571,0.0163249418215992,0.0626229585519836,0.00113378578101905,0.20537171452444,0.0571176884858922,0.000214727106001558
"spot_202",0.0140483468737283,0.149798525310349,0.602317153429993,0.0566098044428089,0.0416856546900378,0.00741853428496071,0.0716260127777292,0.056471781185458,2.41870049353431e-05
"spot_203",0.0412531789825708,0.136518591040748,0.426530376630704,0.113087559524327,0.0773759386757813,0.00259562688047229,0.145596676886995,0.0567333032854309,0.000308748092971559
"spot_204",0.0442146974608443,0.0452392013833608,0.515279288528023,0.0758314283613741,0.065976707333144,0.00220661116841109,0.149752786190606,0.101299344849436,0.000199934724801212
"spot_205",0.0672458559964377,0.0513886848020239,0.436809038119907,0.104372522509807,0.0878082471154924,0.000192301529957435,0.197733505177662,0.0540974146158571,0.000352430132855335
"spot_206",0.0718585777081977,0.087440470796156,0.50351215046494,0.0394885933342869,0.0832447110772365,0.00029527748853566,0.191725275028997,0.0223475348675022,8.74092341481672e-05
"spot_207",0.0522133417318981,0.143223373845717,0.53662086345304,0.0181248907306859,0.0526775299635316,0.000203066200356534,0.0945209116775032,0.102334837477141,8.1184920126248e-05
"spot_208",0.0405177921077345,0.139490360555849,0.527148142342249,0.0772095391835213,0.0337660328852748,0.00198746572901534,0.0768165776552227,0.102874455194033,0.000189634347101171
"spot_209",0.0611927142669403,0.101352969200925,0.489710747582442,0.0959650944501643,0.076571235036696,0.00042703492009306,0.112280560634171,0.062234703238375,0.000264940670194006
"spot_210",0.0857484092653235,0.135451793242181,0.477708926961674,0.0665571103549486,0.0702875405315542,0.000210998056375449,0.134181843615967,0.0296885059672955,0.000164872004680337
"spot_211",0.0647435143493765,0.163587353738903,0.514901747867647,0.0416550430832469,0.0635382070133517,1.09257990614431e-05,0.103504747752244,0.0480329082541024,2.5552142067278e-05
"spot_212",0.0346132689713607,0.0705857341625223,0.520588728756386,0.0159773362273103,0.13903154270289,0.00257575601001363,0.082779906332234,0.13187284886868,0.0019748779686029
"spot_213",0.0402234075338018,0.0654717039854167,0.523085563586131,0.0763005719308863,0.0937519694413407,0.000161770733875037,0.163493979607674,0.0366956637258239,0.000815369455049688
"spot_214",0.0856365494870906,0.39892735677305,0.242537154229012,0.18316836623603,0.0183775146590476,4.75874398172212e-05,0.060883335796344,0.0103715837917949,5.05515878129743e-05
"spot_215",0.0258428795722037,0.00316406161387115,0.00102142371789429,0.0631206302972389,0.145950443667766,0.00140077284291842,0.675436712787762,0.0686770387329237,0.0153860367674221
"spot_216",0.0202708054573434,0.00555987397852221,0.00232826282620831,0.086055022688258,0.0913381300075475,0.0025851194133963,0.687065202125683,0.0983442232100356,0.00645336029300611
"spot_217",0.0204281702159436,0.00218985058508153,0.0128661006704134,0.0543611614839665,0.343205780323729,0.000316269586554589,0.517262978222916,0.0304387586969279,0.0189309302144672
"spot_218",0.504112378826264,0.00975402948386948,0.0416755131386886,0.0161429917141676,0.262090602992892,0.000628537609679653,0.0559105735770592,0.108378467431988,0.00130690522539154
"spot_220",0.534754662287847,0.0152119450753326,0.0154616385840777,0.0282600625085787,0.267373664961193,0.000737103498919544,0.0553111103690625,0.0810113980374169,0.00187841467757194
"spot_221",0.631904407819774,0.0121966255535945,0.00482039254394916,0.0110126938878234,0.229422600300921,0.00104090199495252,0.0496550830209939,0.0572506149001476,0.00269667997784474
"spot_222",0.316643175428598,0.0167196644135855,0.0610019818138021,0.0194538886873,0.403421352333291,0.000161868283607591,0.153478413349439,0.0282984938053365,0.000821161885040129
"spot_223",0.695166234048184,0.0113401550420057,0.00763029988060975,0.0250628023569126,0.0780041361248007,0.00260480395095799,0.0695220327020444,0.108647995085279,0.00202154080920584
"spot_224",0.650954889300646,0.0258576010008543,0.0172846721338255,0.0298435494722184,0.0761579268189152,0.00395758276166378,0.0902167698290966,0.104693183952002,0.00103382473077822
"spot_225",0.740620262781074,0.0262387267313264,0.0182760609815328,0.0357200801890836,0.0474821078396839,0.000297452535744798,0.0812187913940367,0.0500857129356971,6.0804611821171e-05
"spot_226",0.0736180142466631,0.0606268302181402,0.160538339969997,0.0870135389834061,0.0705610170003486,0.0334485264365697,0.429554486780919,0.070570630268458,0.0140686160954977
"spot_227",0.059638550757658,0.0371864459854682,0.602090151626412,0.0312827063808055,0.0539731876603409,0.00042830352389894,0.0636650126523327,0.151719557587678,1.60838254057869e-05
"spot_228",0.0868353611755185,0.0918815766375205,0.443466628986032,0.119860180859959,0.0841425921470473,3.64726361559241e-05,0.145384420435379,0.0281560084267172,0.000236758695671961
"spot_229",0.0596748552136981,0.09881398278092,0.537332773521852,0.0381669552613711,0.0833896876870292,0.000180599670341968,0.0678460504371288,0.114400716596263,0.000194378831395859
"spot_230",0.0505374697176371,0.0336899844872518,0.519652471946759,0.048990820612745,0.101004232218373,0.00280980187736633,0.0512122050867146,0.190720190048983,0.00138282400417111
"spot_231",0.111214770166803,0.124747474119282,0.490241571105278,0.057448297671339,0.0629291976135476,0.000234582889232146,0.102670025263059,0.0503832051623574,0.000130876009102441
"spot_232",0.0217331451701812,0.0885732278749205,0.536850789204821,0.055412223120799,0.0526761279911072,0.00438134132808887,0.0525869386417706,0.187250695723309,0.000535510945002603
"spot_233",0.0961159982060431,0.195020504851277,0.394052916781193,0.0897620374554813,0.0778627832706131,0.000961545703999452,0.103713793052192,0.0424841297380125,2.62909411890066e-05
"spot_234",0.0750017098469483,0.0747591340589513,0.564764056246466,0.057524469640946,0.074621039315058,0.00020844948984539,0.0804485437865029,0.0724721779368831,0.000200419678399187
"spot_235",0.0713717316851032,0.0927671051802633,0.540030078527647,0.0307138746028009,0.084161536866799,0.000319177099510456,0.0729975951540064,0.105837535675829,0.00180136520804034
"spot_236",0.0567348770905585,0.0496491607500689,0.572224489519268,0.0985504880033969,0.0633601771047525,0.00101550095877286,0.109689808956266,0.0486584928670715,0.000117004749845361
"spot_237",0.0900591066624205,0.0865152290470709,0.529310913939679,0.0615794094332459,0.0632213097521003,6.0491717178348e-05,0.103426547039023,0.0658115042792904,1.54881299914595e-05
"spot_238",0.0579065936688885,0.0576936831593692,0.569313226475774,0.0238965049357609,0.079740036061236,9.10259569434299e-05,0.0789056461925573,0.131964005087088,0.000489278462382836
"spot_239",0.0369449103624025,0.0513462138101366,0.541789869166712,0.0718220659595788,0.0883563564984114,0.000542380223067229,0.0876432642405794,0.120806388079079,0.000748551660033537
"spot_240",0.0553234323719284,0.0720064365955209,0.506510414599066,0.0724289710388452,0.0887133950440564,0.000354536239075286,0.0867188974515844,0.117759200635305,0.000184716024618487
"spot_241",0.029348749580976,0.0516718304647887,0.637285146743924,0.0113077780715257,0.0535812577090208,2.26330677772952e-05,0.162315418413334,0.0543751230585305,9.20628901232435e-05
"spot_242",0.0438935312056702,0.0369833539182935,0.511034191841788,0.038356317984858,0.170843975651337,9.01354283669089e-05,0.154506961044969,0.0440787952260201,0.000212737698698109
"spot_243",0.0220935488874448,0.0464785575027523,0.587707331075803,0.0966884245015466,0.0420343411282462,0.00204904773328399,0.0628191577862682,0.139933101841519,0.000196489543136121
"spot_244",0.0259150588796022,0.0291835778451808,0.44868596309928,0.103843950582033,0.231876994053898,0.00190133140472025,0.0789537896652757,0.0777648113338584,0.00187452313615092
"spot_245",0.012576556480938,0.0635832411154353,0.571182398576061,0.0700863408587082,0.0657592491148214,0.00133234366716745,0.106379692381975,0.10867937700527,0.000420800799623604
"spot_246",0.00110044323140666,0.000357096052824301,0.000330986117608886,0.0185748143602497,0.360450667695216,0.0112082757532482,0.0144727422504018,0.00155795003183945,0.591947024507205
"spot_247",0.00942046520798322,0.00630421017498574,0.215151433952246,0.0247179027592139,0.0807683973430694,0.0215100026009278,0.458635747535581,0.0661193929585341,0.117372447467459
"spot_248",0.0328084699476557,0.0223691964592345,0.462634090520758,0.0394875175311801,0.0695235088368998,0.000297316794021627,0.216941792171488,0.155418064317289,0.000520043421474111
"spot_249",0.342844613545636,0.0128546455417766,0.012613032074056,0.0349627758157518,0.523712443372032,0.000931425019215129,0.0262488773209615,0.0389027528169276,0.00692943449364256
"spot_250",0.242866131024901,0.00722248999197621,0.00653986645385291,0.059815886334459,0.54339010791919,0.000997710947524229,0.122010545155991,0.00712229514323554,0.0100349670288698
"spot_251",0.420969892339846,0.0168044123788356,0.0655951411977007,0.0259627721704037,0.31587090212341,0.00100160044527595,0.084945852833235,0.0658029067867974,0.00304651972449587
"spot_252",0.00173311813785917,0.00267217799754945,0.0133387081063647,0.0608992439910809,0.841521529401138,2.08997321798172e-05,0.0761034801903089,0.00276510825544561,0.000945734188073031
"spot_253",0.488359156112644,0.0490656522169671,0.0267177996162033,0.205834231029154,0.0978548592804738,0.000141603489300815,0.081994269265441,0.0498081968206734,0.000224232169142533
"spot_254",0.0536288450448827,0.00661684622225361,0.293396208889277,0.017045163331026,0.387455574103834,0.00294449938928858,0.0839745620063467,0.102597933807334,0.0523403672057578
"spot_255",0.438362862075733,0.0137026284002619,0.00309519645379806,0.0742677338604363,0.327850622789425,0.0186881966600689,0.0431268117883349,0.0695714702840198,0.0113344776879226
"spot_256",0.404455757004072,0.0355252947076936,0.247598775296794,0.0294058935496716,0.0598066774920883,0.000495352720786959,0.140676398110657,0.0814867881045744,0.000549063013661037
"spot_257",0.0590565200642823,0.140336282349095,0.471857355195212,0.0210064826937705,0.0574918910307014,0.000610854363022548,0.0366654569016361,0.212889736286018,8.54211162630233e-05
"spot_258",0.0418404373532096,0.0564608851071455,0.540097458687382,0.0733595516400049,0.0741971681571972,0.000551010380540746,0.0507569633723579,0.162386878828595,0.00034964647356698
"spot_259",0.0321521487494098,0.0577550392913635,0.553663304771977,0.0423998081766113,0.0837411460007261,0.00087003372494778,0.0686667580649782,0.159948098354994,0.000803662864992438
"spot_260",0.0836318002898648,0.128930110928435,0.534434802800514,0.100623890207233,0.00485141914852695,0.000452071164784442,0.0805218670846421,0.0665540057389126,3.26370868799562e-08
"spot_261",0.0877182455439861,0.0863794758834131,0.467030355429562,0.0865718063514415,0.0761776520835188,0.000902265002085272,0.160850791484918,0.0331874474340115,0.00118196078706448
"spot_262",0.0676634077055802,0.0629271727577223,0.53001269102701,0.0497781724774338,0.068000342593116,0.000207017597651842,0.165417531849779,0.0558504656051909,0.000143198386516292
"spot_263",0.0688509174899661,0.0603392639896119,0.538067918712909,0.04988275016038,0.0701003449851464,0.00157490503220971,0.0789276359081462,0.131125345968269,0.00113091775336148
"spot_264",0.0727298440999288,0.074924842206096,0.516459532685605,0.0383737632635173,0.0977142868914708,0.000134934049669421,0.118029849221296,0.0815801136700829,5.28339123334806e-05
"spot_265",0.0989083746090786,0.0944477677980358,0.487494886606418,0.0428289723296104,0.0516778054095949,0.00481151682920021,0.147308473085457,0.0712467722749921,0.00127543105761317
"spot_266",0.0313009721982911,0.110680333888795,0.516764534879446,0.0358960876553504,0.0634730654988658,0.00049836874960161,0.121022964299103,0.120212199850296,0.00015147298025149
"spot_267",0.0745625764721689,0.229452554764925,0.433296429673727,0.0600223412571381,0.0408622819837021,0.000207336374788063,0.0702970709971239,0.0912340755489469,6.53329274805226e-05
"spot_268",0.0216711105319975,0.0522847978615293,0.52484207706719,0.109598515147311,0.0795145334526513,9.0190724797891e-05,0.1105071320251,0.0999011645805813,0.00159047860884168
"spot_269",0.0573788362629604,0.0596855684071818,0.543123554267651,0.0998811696333188,0.0641129276843515,0.000971617718028391,0.136822022657804,0.0378425414115118,0.000181761957192494
"spot_270",0.0685085886792275,0.132682201508214,0.441627406338117,0.0841451903557337,0.0721879610409454,0.000899696534230473,0.0604982651997571,0.135115900664057,0.00433478967971809
"spot_271",0.032912206829859,0.0416187623406422,0.572787067680052,0.0458442952480646,0.0673143189837795,0.000177993073409232,0.0973033719635924,0.141804769990099,0.000237213890502146
"spot_272",0.0264515725869078,0.0510284117474691,0.548558357281438,0.0329434348811393,0.0672610138293242,0.00231474054416615,0.0716992175225602,0.199023666592829,0.000719585014166205
"spot_273",0.0830982153801752,0.121371898541671,0.472872005082739,0.0533949224256254,0.0917738014244957,0.00032803421939244,0.114145437593006,0.0624792887556775,0.000536396577218268
"spot_274",0.0233580703949732,0.0221277642485411,0.704863323165441,0.0111039980786505,0.059226662288104,0.000851054344075159,0.0898357187030461,0.0855605116844532,0.00307289709271574
"spot_275",0.00810000145189751,0.0210227688133983,0.565564029970005,0.0670092947030005,0.189169268266261,0.000794433089602691,0.0595281284986441,0.0862750474146359,0.00253702779255468
"spot_276",0.133533266718342,0.0222148534703926,0.408156979523094,0.0215550854894883,0.223252445946395,0.000379288116940752,0.12271269214989,0.0506634275182592,0.0175319610671982
"spot_277",0.0894296298130068,0.169003658648536,0.400534213777399,0.0829046422061971,0.0870074363609355,0.000115717697571528,0.138840956003906,0.0320997094975161,6.40359949320139e-05
"spot_278",0.0611633414518962,0.0715002145472613,0.559513940606583,0.0396183404599994,0.0368228500978573,0.00196565108777824,0.102870412931737,0.125944196690528,0.00060105212635938
"spot_279",0.0518062545447048,0.0669813896507489,0.521948076746536,0.0819595892319204,0.0813427880772504,0.00163064024177108,0.104507974530419,0.0882661452241575,0.00155714175249216
"spot_280",0.522361881256035,0.0163018989191354,0.0083696195689575,0.0746566170820134,0.261832239600174,0.000433628191489484,0.089555344339921,0.0249572398837426,0.00153153115853208
"spot_281",0.308629121458327,0.0306783982694,0.360137146102221,0.0247839650066561,0.109094341425944,0.00229468063833365,0.0584308788343823,0.104467678374738,0.00148378988999862
"spot_282",0.486351257639857,0.0770121413507492,0.190162270516953,0.0283336384763167,0.0637351976275418,0.000327264717724592,0.0814211313408411,0.0725749789302264,8.21193997901365e-05
"spot_283",0.552923090195836,0.0100044957851899,0.00954590061450377,0.0163407251943984,0.272993950137386,0.000699843000101216,0.0483471850451684,0.0873993331632338,0.00174547686418225
"spot_284",0.338671606363085,0.0106231374490835,0.0657325371343007,0.0622072384210077,0.401631914187526,0.00150497591211255,0.0847201491424381,0.0274964986650907,0.00741194272535635
"spot_285",0.457577645624843,0.0065066882017532,0.00465643039983624,0.0705133573692514,0.331565197869489,0.000809022140175349,0.0574547617728062,0.0687749239763289,0.00214197264551613
"spot_286",0.592343430759439,0.0159101232940106,0.00650241180261174,0.0391357372761407,0.124177217068008,0.0328584244680134,0.0982762531624047,0.0804022070099892,0.0103941951593827
"spot_287",0.348105292140484,0.0431844821315599,0.244967259191013,0.065911224389164,0.0820000566254413,0.00526274854903422,0.136631737378192,0.0719802458206032,0.00195695377450875
"spot_288",0.0343389670369441,0.0218278783181686,0.581388009979534,0.0353341951630031,0.0810950947028292,0.00272470832238837,0.0575490851287215,0.178034902179504,0.00770715916890677
"spot_289",0.0527706555512979,0.0654320226655959,0.517782783812952,0.102366532525732,0.0686264225455689,0.00146794189756128,0.131678195181245,0.0595754010227003,0.000300044797346818
"spot_290",0.036193075414323,0.0300191182043431,0.550847462999414,0.0786007079911614,0.0766882424924384,0.00103427977798658,0.0495626199038893,0.175294591567005,0.00175990164943895
"spot_291",0.0718593805352288,0.0468954377524319,0.580813738824673,0.032461283255151,0.0772491008610353,0.000186160156477237,0.100764713829246,0.0896732085057224,9.69762800342954e-05
"spot_292",0.0574814789744658,0.0645366264967671,0.538816513623111,0.0657784594080521,0.0828078224800921,0.000975547587753532,0.0921360230520591,0.0967879547842314,0.000679573593467905
"spot_293",0.101689751654922,0.252585597625632,0.301812586104888,0.136388117851559,0.0566359819679564,0.000149395217219588,0.111078954081225,0.0395979756124287,6.16398841701633e-05
"spot_294",0.029292304578679,0.0584503707867707,0.609340024625882,0.0430509638999638,0.0790130764616933,0.000101878375827758,0.122037506822748,0.0585949417290943,0.000118932719340329
"spot_295",0.076962685332369,0.217391793263322,0.592107183441987,0.0159616975248798,0.00491731891041054,3.71764606231468e-08,0.0539777557663738,0.0386815067553674,2.18288295420888e-08
"spot_296",0.0495708959361273,0.0812161965075753,0.535829251087055,0.0478742488514435,0.126645985796437,0.000908033969286359,0.0846014496422875,0.0729232453141942,0.000430692895593889
"spot_297",0.0601750003747126,0.0586510338120909,0.527929823133178,0.0459821327704467,0.0782947256877983,0.000467711554039414,0.101271510926279,0.126899283228949,0.000328778512506289
"spot_298",0.0387538113713605,0.059226567307907,0.511652753464979,0.0909715082105346,0.086493010940021,0.000324436798403454,0.0615183983639292,0.150961064164824,9.84493780406174e-05
"spot_299",0.0428988504020057,0.0286084894107929,0.645528529102976,0.0325826444952962,0.0682101249616631,0.000421896307859574,0.129506354565399,0.0521413968117605,0.000101713942247563
"spot_300",0.0681224474097361,0.0431031393863643,0.536835996744392,0.0425395742129154,0.0847354762168232,0.00280895125215699,0.0440782870424857,0.176365466515619,0.00141066121950746
"spot_301",0.0458338968121309,0.0756667453314106,0.571167664102656,0.0755596049846515,0.0882498004752732,0.00133280330309777,0.0533317605045327,0.0887750069779325,8.27175083151469e-05
"spot_302",0.0759942861109709,0.106797965472994,0.475370374534795,0.0819749821901629,0.0631211233506229,5.0087877277337e-05,0.125563403175742,0.0710588969381689,6.88803492652127e-05
"spot_303",0.106077049593029,0.112091146258923,0.585180324794893,0.00760231695108568,0.0719451750347216,1.10012150266108e-07,0.0759829283560979,0.0411207610395415,1.87959557685154e-07
"spot_304",0.0551876010160501,0.147751608850487,0.568155457565843,0.0590040531198804,0.0223820890568275,1.42500002112938e-05,0.0769733836996265,0.0705282872625504,3.26942852420556e-06
"spot_305",0.0516265520756443,0.0422067799845247,0.434722660064947,0.0738374046042926,0.211575462799746,0.00082475407646366,0.0717864479137993,0.110607039194182,0.00281289928639986
"spot_306",0.07101325653151,0.0839719013041622,0.567547255253683,0.022071852085419,0.0690836730532076,0.00291552345450362,0.103267811511036,0.0796604409752196,0.000468285831259483
"spot_307",0.0579886921598186,0.080576206621782,0.51257276956753,0.0635487783342571,0.0606598439289798,0.00150289950581715,0.10707907564848,0.115000017669999,0.0010717165633362
"spot_308",0.0327133152368184,0.0235404890074162,0.589879380229525,0.0332490887196434,0.0765362995080131,0.00209366685119498,0.0830339466393528,0.155997701870574,0.00295611193746217
"spot_309",0.0483643849806855,0.0390960981703201,0.547472456177405,0.0695633065750276,0.0712424005173968,0.00196442026581573,0.139562552762556,0.0812645447393147,0.00146983581147868
"spot_310",0.0487473843063692,0.0522823537191417,0.520141555892269,0.0354071475458921,0.0507736258226467,0.00290647779836658,0.160926534457929,0.12871117183173,0.000103748625655041
"spot_311",0.0279145145001742,0.0557512180057355,0.136783513261345,0.0624892971995014,0.013890579374399,5.37379888627275e-05,0.674448845379354,0.0285104359450585,0.000157858345570001
"spot_312",0.433266501859761,0.0263463066734644,0.284283885130952,0.020680394665104,0.0534479581493082,0.000751669553915083,0.109147618861965,0.0702895619635323,0.00178610314199833
"spot_313",0.0130123741439091,0.00493974771333287,0.00166878717053616,0.0768915436702161,0.178145344044306,0.00681841221809739,0.645175927180748,0.0620834267372863,0.0112644371215685
"spot_314",0.00890528550651566,0.00710121451587381,0.00126695928637131,0.154612486627001,0.181487517766703,0.0013330213805445,0.592940669555672,0.0448381094732236,0.0075147358880955
"spot_315",0.378209280270404,0.0143284952951806,0.00354453962408204,0.0445474706093066,0.0208156828282851,0.00257864915781035,0.461572642216914,0.0727495961419909,0.0016536438560258
"spot_316",0.018521186358584,0.00935844227333776,0.00795915199547406,0.0906421110492099,0.559748442936141,0.000433881691954989,0.260791532974997,0.0457831361616436,0.00676211455865718
"spot_317",0.70162046883727,0.0286825241959272,0.0170340260419111,0.0212341596564937,0.0394750081704356,0.000382534692328997,0.0884323837506001,0.102899611555456,0.000239283099577335
"spot_319",0.0548003715824565,0.112995001700784,0.471621188000735,0.111927269187586,0.0400018313136617,0.000661155677814037,0.123614230469182,0.0843231080129805,5.58440548007916e-05
"spot_320",0.0652523825795991,0.136687951652905,0.496215392666448,0.0390838176022907,0.0644336305302317,0.000258634592760985,0.0607898490566371,0.137046227203826,0.000232114115301534
"spot_321",0.0442701668515498,0.0676860905128446,0.553941431409377,0.0433464009855357,0.0981720177184087,0.000397345278664088,0.153163454103584,0.0380656250033402,0.000957468136696042
"spot_322",0.0400930625227621,0.0475613173003332,0.576415526508875,0.0752068903378874,0.0740660163185837,0.000898955872179788,0.0936547925292427,0.0908182936486677,0.00128514496146829
"spot_323",0.075322178883616,0.116343249690138,0.525213456293605,0.0495318546039042,0.077822267648969,0.000170565175546255,0.109080288729161,0.0463392109180314,0.000176928057028902
"spot_324",0.0647903589946814,0.16312902238081,0.452884245664538,0.0646219264910155,0.0591125849717752,0.000762014867580831,0.0613710064332094,0.132540832228835,0.000788007967554191
"spot_325",0.108569362204192,0.0815564884926898,0.506712314104404,0.0400447933371813,0.0575436420727659,0.000395134424132956,0.114346400545981,0.0906485610122418,0.000183303806411808
"spot_326",0.064521142342331,0.0669771132620083,0.533823049535043,0.0687525334104667,0.0345690004479851,0.000878991346384652,0.0538112902281119,0.175353321881887,0.00131355754578228
"spot_327",0.0347369223829659,0.0373843521075755,0.536802389383963,0.115837675846881,0.0641066560895489,0.000224178896135774,0.153769861975853,0.0568363520371738,0.000301611279902602
"spot_328",0.128377253100896,0.128753997642438,0.30304871893911,0.220921596720614,0.112053162177315,0.00391135932567001,0.0596667938899267,0.0369835220150341,0.00628359618899632
"spot_329",0.0957064596366495,0.227654507024145,0.38902042624154,0.0694889839589088,0.054212730180502,0.00176163859373277,0.0813812275158802,0.0799262064061744,0.000847820442467278
"spot_330",0.0481702905586657,0.0651454295609893,0.648205348637296,0.0413535175648355,0.0357450470213353,0.000430954146555736,0.116039336712419,0.0448521858205569,5.7889977345839e-05
"spot_331",0.0255376237591085,0.0196457481861369,0.54005247327347,0.107387488321202,0.0204779947140866,0.00721479452268587,0.0474823155334902,0.228025557492438,0.00417600419738135
"spot_332",0.0586675245565704,0.0887357350100007,0.496513699703523,0.094983634870471,0.0670934891149822,0.000631859647719303,0.136153299415708,0.0566649765994756,0.000555781081550092
"spot_333",0.101493122466627,0.110328384415098,0.49126139107524,0.0302921785655439,0.0647076192404327,4.11410149078971e-05,0.187648825360877,0.0142230648601029,4.27300117103097e-06
"spot_334",0.00460932783696876,0.00401320020049326,0.674439242534792,0.0221077571119257,0.0975046380741594,4.91208675754582e-06,0.0141270884113835,0.18260386511208,0.000589968631439675
"spot_335",0.0499795345487197,0.0631712450854932,0.54509295144693,0.070591831963884,0.0755179676420233,0.00173203999371856,0.050714266151818,0.142701519605441,0.000498643561971853
"spot_336",0.0470126011497107,0.055771568472812,0.587316719062267,0.052241327704007,0.0646183190568075,0.000543241985545604,0.13475893086791,0.0575320200109562,0.000205271689984735
"spot_337",0.0379183654670404,0.0539716115805224,0.606380746083285,0.0509303467083288,0.0649642619480888,0.000396428216895253,0.129484153199205,0.0557367300497629,0.00021735674687089
"spot_338",0.0338449101007251,0.112587746998775,0.537818379912083,0.0559852696606351,0.0615434077340995,0.0010187087913329,0.0807975976506078,0.116244087516161,0.000159891635580169
"spot_339",0.0809086254616707,0.157308723961749,0.45657218657535,0.050884957211766,0.102240894700611,0.00010873554938641,0.0803000327797579,0.0715321364793075,0.000143707280401693
"spot_340",0.0534505633526428,0.065423207038673,0.545445254342973,0.0902978806705906,0.0844035408503073,0.000604590564548787,0.0831914356328209,0.0769805507150225,0.000202976832420949
"spot_341",0.0878369303520189,0.102792895069739,0.465500434141118,0.054987446108439,0.086318036265546,0.000368897108051625,0.118285236024176,0.0837694161689126,0.000140708761998962
"spot_342",0.0208839984240798,0.00404685664203405,0.00124038269726536,0.0871031189757523,0.109320029816972,0.00303104691258927,0.675013787486313,0.0855998337773811,0.0137609452676126
"spot_343",0.00577887014849816,0.00466129506354199,0.00300129457028975,0.10072582837622,0.214396364174752,0.000593760460196929,0.617991740345611,0.0491402298060498,0.00371061705484056
"spot_345",0.00763852782904288,0.00164029062345513,0.0024853454616143,0.0688341684529817,0.416413009572854,0.000378072905226185,0.457680397432361,0.0323643885957815,0.0125657991266835
"spot_346",0.00354494596003581,0.0148338055349046,0.00510236382818023,0.137059935913065,0.000275128786025243,0.00570246486438741,0.776998546895882,0.0564764496799056,6.35853761412463e-06
"spot_347",0.00784622495565047,0.0070608090348567,0.0029183797679882,0.0695644138385218,0.181755722904874,0.000821400678446215,0.659804483767287,0.067506314734248,0.00272225031812776
"spot_348",0.187988264790211,0.00751187069888188,0.00357105792068454,0.0606786650410535,0.209364842390541,0.00260904306274335,0.478199471735862,0.0449862570799408,0.00509052728008113
"spot_349",0.0615736527601466,0.0363362272622994,0.582859160932287,0.0660826685783966,0.0945655967699982,0.000712269693182004,0.094372265771294,0.0633285416381283,0.000169616594267663
"spot_350",0.0519527607995902,0.0693908103660952,0.530374127887174,0.0674782409764683,0.0627291938045137,0.00513269763093598,0.0931513051038328,0.119506951505975,0.000283911925415411
"spot_351",0.0450980661560842,0.0568459472300192,0.539717046958817,0.134020845157367,0.0622587886085737,9.3305159217858e-05,0.115301290656033,0.0465700012976443,9.47087762442971e-05
"spot_352",0.0324238146438227,0.0622760079136223,0.508433015710165,0.0664964352216322,0.0466120882312414,0.00359205831223969,0.113599532436145,0.16430941297874,0.00225763455239238
"spot_353",0.0347416809703657,0.0835130182093186,0.623501342348836,0.00562975317238191,0.0590804357486188,0.000171945644198314,0.0879236966002596,0.104888038647888,0.000550088658133805
"spot_354",0.0805944013410184,0.0559765382997025,0.536074811762112,0.045877586399806,0.0887262504091053,0.000224188184269846,0.160846426454964,0.0311949780212236,0.000484819127798342
"spot_355",0.0466136432391535,0.0337607963961873,0.636357454862114,0.0142832451710623,0.042798166472262,6.69444651367635e-05,0.126736416170066,0.0992635146413394,0.000119818582678201
"spot_356",0.04016902553771,0.0801046919148114,0.556264608611772,0.084410479445023,0.0507449336022533,9.81353900211274e-05,0.0879902998271522,0.100040811207645,0.000177014463612077
"spot_357",0.0225843044453126,0.0947869065450698,0.586748241755669,0.0527216073492144,0.0427496342043628,0.00226834560674271,0.0680568701416422,0.128623468110916,0.00146062184107107
"spot_358",0.0389657052722864,0.0409925919338601,0.599116362563524,0.0407996119787698,0.0825079531351376,0.000143205838670127,0.110275462634684,0.0870176641845299,0.000181442458538083
"spot_359",0.0719036551921526,0.0726878222759623,0.530920895332369,0.0474831809561087,0.0972282576089248,0.000598069600602158,0.0421455058414962,0.13570787998881,0.00132473320357391
"spot_360",0.0168682605382198,0.019625375360733,0.583122050472202,0.0543208826939219,0.103831186470169,0.000132688931052313,0.180437163395089,0.0413686212273019,0.000293770911311247
"spot_361",0.0583688051988633,0.109766995084954,0.505124149017238,0.0740217999411537,0.0665863679852975,0.000475015627367436,0.101695174480741,0.0835393385688198,0.000422354095565142
"spot_362",0.0755871756084256,0.0987209129172048,0.320756975961918,0.0294928851273216,0.0709195034924051,0.00214736742037165,0.338723733920584,0.0635034167730442,0.000148028778724816
"spot_363",0.0755952520017611,0.123056783083796,0.481106248560065,0.0651751494707197,0.0786935480277796,0.000546591729932677,0.12017023411111,0.0551238470907352,0.000532345924099748
"spot_364",0.0293278364474685,0.107322192131938,0.496539063312647,0.0382717512918772,0.0650985829865684,0.0033481009484047,0.0494402903918291,0.209440960913495,0.00121122157577206
"spot_365",0.0766960843672669,0.113605250877216,0.423533774197368,0.0958622688551946,0.0615346634691253,0.00121773755812264,0.126001658646336,0.100933185887448,0.000615376141923255
"spot_366",0.0457666656658618,0.073385603430349,0.483501780218405,0.0609703687815313,0.103069483222034,0.000524865317009764,0.147224937391069,0.08421658373345,0.00133971224029019
"spot_367",0.0830921881616293,0.0509617509883355,0.294647779589292,0.0846501606959772,0.105559725243872,0.0151816439044279,0.295628909716015,0.0554828492656045,0.0147949924348465
"spot_368",0.0330817712973801,0.0734976072833021,0.197166920523457,0.065777809484244,0.147451168404748,0.00856106463504437,0.284883748008336,0.119966510171302,0.0696134001921868
"spot_369",0.0374510814227343,0.0728009701137737,0.601956189376851,0.0571201931312736,0.0435237238307895,0.000402288638961346,0.102376677124337,0.0838891637164009,0.00047971264487819
"spot_370",0.129370330640171,0.198638876312969,0.426295341061702,0.0556055210739039,0.0578136342270002,0.000108393786565467,0.0731262593687128,0.0590313932160935,1.02503128824477e-05
"spot_371",0.0733754423830382,0.12330866300685,0.477572850162279,0.106041293068604,0.0703587146037094,0.000468552720702789,0.0634452916262371,0.0852700990456744,0.000159093382904835
"spot_372",0.0382708992581047,0.0183446738836041,0.511601419202006,0.0866674003549118,0.11154974353033,0.0062746792685608,0.0483771381665849,0.149751414757078,0.02916263157882
"spot_373",0.0128825142470396,0.00295888293478658,0.0453957164143832,0.0447914828932281,0.475229986292931,0.00152959552501462,0.325953955004029,0.0502467622600176,0.0410111044285712
"spot_374",0.0478784934056661,0.00135656186913561,0.00426806350250265,0.35174553495771,0.122425045678504,0.000602242786265133,0.436249836872872,0.0225079410837652,0.012966279843578
"spot_375",0.00342062553226312,0.000162178116771402,1.03908658442969e-06,0.858469401720392,0.0505279268835375,0.00444277419694804,0.00401933034484251,0.00227349939300414,0.076683224725657
"spot_376",0.0904082648625638,0.00271904524160821,0.00785548989870894,0.386920089856349,0.0592053769594192,0.00211587620253057,0.399282346279554,0.0408321575851598,0.0106613531141069
"spot_377",0.00120802072677622,0.00580079455478008,0.000390245292762669,0.625639022596808,0.0510250386352932,0.00454317273610179,0.291201966799885,0.0112807856004556,0.00891095305713769
"spot_378",0.0184782038922066,0.00172570910432118,0.00149454813899109,0.189899560339742,0.0586809373698455,0.00114628378857373,0.676643507112598,0.0472125664960906,0.0047186837576312
"spot_379",0.00608668168486666,0.00445672711238916,0.013663950629002,0.0771635866848085,0.226979238367704,0.000739465241116815,0.617540479044159,0.0412266618958225,0.0121432093401317
"spot_380",0.0434464974122452,0.0477695423005521,0.431013098458349,0.085288312818192,0.0711351572216746,0.000160338384544844,0.245619588016552,0.0753381883232535,0.000229277064637154
"spot_381",0.0404976716528696,0.0554324986623118,0.579858569084244,0.0465334375880927,0.0804378251227215,0.000249184900409091,0.115221982607398,0.081671014216563,9.78161653904429e-05
"spot_382",0.0934970913363064,0.0625810021549554,0.564766811947918,0.0456152594318859,0.0605868777254978,0.000474415066835576,0.091535363223904,0.0806499219566124,0.000293257156084438
"spot_383",0.0301351150864827,0.0627250634722583,0.607641671296548,0.0382308608920755,0.0747139494874638,0.000170345477177849,0.0989992915268932,0.0873515819557086,3.21208053921058e-05
"spot_384",0.0510385119372614,0.0833234346171437,0.587823731119973,0.0321498439052078,0.0536189396128727,0.000682682337809788,0.10958953374369,0.0816079201825986,0.000165402543443194
"spot_385",0.0667389415938201,0.0683182515146163,0.536976795917113,0.03092485218077,0.0705821463064385,0.00140158414631264,0.100384000862122,0.124390142831646,0.000283284647161429
"spot_386",0.0392247680045933,0.062750500557275,0.561876131934146,0.0715224783477901,0.0565797501421823,0.000901259571219934,0.0754168514609699,0.131561577660221,0.000166682321603317
"spot_387",0.0485098236517505,0.0505044637423589,0.560317093064655,0.120116700083601,0.0529050080835519,0.000825803741767817,0.140102510833674,0.0266477535197839,7.08432788564222e-05
"spot_388",0.0352856421909406,0.134640806009126,0.497899632200883,0.0381953657145755,0.0595433045151262,0.00277216742189543,0.108180216152755,0.120639319587289,0.00284354620740896
"spot_389",0.0928613329930714,0.0901269263633915,0.510911759053428,0.0615626553545607,0.0731973594957609,0.00138636771875249,0.0642943979650841,0.105114837495687,0.000544363560263411
"spot_390",0.0642652353589112,0.0791132841657632,0.495822156734365,0.0934059495138836,0.0862810939199266,0.000223526285476454,0.118084502040394,0.0622943333081111,0.000509918673169092
"spot_391",0.0616120737712713,0.115367398528864,0.478969652460088,0.0694211693099069,0.0362769805028484,4.57960463028066e-05,0.232629358280792,0.00567448097404405,3.09012588255663e-06
"spot_392",0.0560919199218875,0.0398754674241524,0.556416182013972,0.0282000525416499,0.0819027510965589,0.000859091942545684,0.146462737353803,0.0891930082794891,0.000998789425941084
"spot_393",0.0357013978607615,0.0114624354752812,0.00410381750321427,0.0991701365742899,0.133446654030656,0.0641396208865488,0.569153500985682,0.0534394736229057,0.0293829630606608
"spot_394",0.164119850535434,0.0174896109622081,0.0109903518747148,0.110235865426026,0.0824182345727249,0.0941222990323254,0.41210292460488,0.086856603175562,0.0216642598161255
"spot_395",0.0662384693861905,0.0209113496706499,0.0717041204725306,0.0242627230237891,0.0907137460818541,0.0946259820014725,0.55468445132422,0.0579261353457426,0.0189330226935504
"spot_396",0.0530801204419012,0.0418470024189148,0.202244379818976,0.0784698371697189,0.0793751190426235,0.0249044578566227,0.42930201278073,0.0833249506708423,0.00745211979967091
"spot_397",0.0247971271262233,0.0162566921621362,0.124472056855474,0.0470932781197566,0.117521432265921,0.0619162561676555,0.512826049531622,0.0846298110441593,0.0104872967270522
"spot_398",0.180331835701956,0.010079412615629,0.00374784516139041,0.0738245604113394,0.0732206236534981,0.0430301377515079,0.562600364135016,0.039439855578017,0.0137253649916456
"spot_399",0.0365775937333992,0.0408466781317276,0.11927280244479,0.0925016924265205,0.0451833151425433,0.0181975622672622,0.576541035364665,0.0695815190106143,0.00129780147847694
"spot_400",0.0105807046259911,0.101945685086084,0.550395633926827,0.0596102893948863,0.0600734538963385,0.00509661277829951,0.0855670045315642,0.126331945330152,0.000398670429857164
"spot_401",0.022214956534222,0.0582690462126466,0.547507845276553,0.0391032188638677,0.082454756898423,0.000140312849056941,0.125121614357749,0.124435173099393,0.000753075908088459
"spot_402",0.0369749046482116,0.0608689204927825,0.461237483395416,0.043408565547753,0.108337957850126,0.00523307108348294,0.114101800505983,0.119604395188697,0.0502329012875478
"spot_403",0.0540948096349209,0.0416571446922285,0.598357892845593,0.031109967580569,0.0537813474464294,0.000103422607958983,0.111300464038463,0.109413791391619,0.000181159762218439
"spot_404",0.0166966533813505,0.000352165417895165,0.000925999420215078,0.523481230090047,0.374513342025432,0.00124009518681774,0.030480265077239,0.00856483599684826,0.0437454134041554
"spot_405",0.00016464921666609,8.61112202375781e-05,0.0002303412215424,0.625502275350552,0.356005530018697,0.000502087474056967,0.00656106670133609,0.000256384285930263,0.0106915545109814
"spot_406",0.0108055301813319,0.00536792066428468,0.00224662824056795,0.729420072709463,0.17465270387561,0.0020172183461734,0.0383091396888222,0.00331926844041612,0.0338615178533308
"spot_407",0.000892264827464024,0.000198233768027741,0.00106097685874361,0.00196794685103198,0.736510984368262,0.000229048381234361,0.207405866445154,0.00198369283506495,0.0497509856650167
"spot_408",0.019038028019599,0.000574299226160851,0.000156608801558235,0.570841944452346,0.321935415425249,0.0162651519234414,0.0166656668234648,0.00110681629090473,0.0534160690372749
"spot_409",0.00188078416643209,0.00113147392820448,0.0017587747161782,0.0609568563150073,0.768951247239984,0.00240571135788878,0.105628520500116,0.00414341144928761,0.0531432203269019
"spot_410",0.00257576734441143,0.000314493068046968,0.000965266898226709,0.232258514297892,0.46813850032617,0.000375035290680764,0.248107225521811,0.0257932244843179,0.021471972768444
"spot_411",0.0475562643295941,0.0649819936651925,0.409854414449678,0.0442153814402638,0.25513171001878,0.00174553557296537,0.0737054956015483,0.0960638754095184,0.00674532951246008
"spot_412",0.0439013139334387,0.0332844183592025,0.580897405141356,0.0390624103162563,0.0820397354153415,0.00282932895346669,0.0369719839980138,0.17915653445006,0.0018568694328645
"spot_413",0.122214096734392,0.111200516916341,0.435016974666159,0.0694425404817953,0.0781899959594451,0.000357305974674126,0.121591755281753,0.0617776545103884,0.000209159475052412
"spot_414",0.0524852845187393,0.0678177618359181,0.569784139002794,0.0547396088474381,0.0539348288738027,0.000970371198551933,0.100964422154569,0.0992571284300962,4.64551380912153e-05
"spot_415",0.0830441526460981,0.268827551623196,0.369970514474248,0.092431538308588,0.061652441146271,0.000906980076475344,0.0787447707186029,0.0443678750995839,5.41759069367524e-05
"spot_416",0.036538327298342,0.114424421206873,0.4610992327943,0.0495281014750595,0.0796981868885612,0.000580599022371041,0.194020722403097,0.0634533419901104,0.000657066921285646
"spot_417",0.047875336651628,0.0878542400929237,0.532349493269748,0.0674829456519314,0.0724670770040918,0.00123412557551934,0.100245417203508,0.0902092889334891,0.000282075617160164
"spot_418",0.0197626060042199,0.191001938987556,0.544890832697298,0.060178747530104,0.00730833062410271,0.000525629094387515,0.137489912157337,0.0388237038084642,1.82990965303583e-05
"spot_419",0.0792447664340989,0.164531101078916,0.406047996602052,0.115245409907213,0.0937782368197622,0.000322355329713873,0.0784102498379712,0.0622024523387226,0.000217431651550249
"spot_420",0.0369921858339813,0.0400976297115821,0.546881704160193,0.0781430654589935,0.0652365567939949,0.000671102055013742,0.126294822928285,0.105525299009816,0.000157634048140453
"spot_421",0.0732198091230791,0.105749508244208,0.509963165259832,0.0402621032471175,0.0803280035152467,0.0009215786597808,0.147984752554763,0.0412247866504906,0.000346292745482383
"spot_422",0.0557965653822308,0.0980112732986495,0.509415261036362,0.0576017113557325,0.0776623298606378,0.000252492455620291,0.107018611238891,0.0940562009147674,0.000185554457108989
"spot_423",0.102091768017011,0.14314187638659,0.336523884883501,0.0794003087606901,0.0868378616869015,0.0272039986573788,0.129891342044678,0.0915669015251137,0.00334205803813494
"spot_424",0.0312042611787542,0.00963852563998187,0.0091958042969925,0.129519694802904,0.164409483454127,0.128958785041414,0.470748019765612,0.0369879972899447,0.0193374285302697
"spot_425",0.0366915873066866,0.0108645820264915,0.0252074011320727,0.0646639567213744,0.174902049447373,0.166758978046709,0.420725092450069,0.0550043934322041,0.0451819594370192
"spot_426",0.0187418806043296,0.00969381684990573,0.00228653702709818,0.120564462637501,0.0390291568441612,0.0274132319138247,0.722920091313754,0.04721260019516,0.0121382226142663
"spot_427",0.0821798706474898,0.00781630564176442,0.00674195638978108,0.0870760634301729,0.134006751184997,0.0744185031815677,0.487750874160487,0.0462416513798191,0.0737680239839206
"spot_428",0.0069524180808431,0.00445201094984783,0.00193389576741333,0.071055849282971,0.0193082894061126,0.0010860409495858,0.832394297237324,0.0623570087758942,0.000460189550007592
"spot_429",0.207912699042653,0.020812333379489,0.0202062076781706,0.0553964102038171,0.106919686801378,0.0587259212152788,0.37285831276637,0.14489713763757,0.0122712912752725
"spot_430",0.00185237322535921,0.00653996517595502,0.000235021779457506,0.155737290655611,0.00743169803617788,0.00106837839653568,0.748476673793328,0.0786229524849082,3.56464526668559e-05
"spot_431",0.0563329642163622,0.0689326908856018,0.541858642987808,0.06945744741126,0.0373812975618087,0.00282732901393773,0.138894027477356,0.0815850248289356,0.00273057561692965
"spot_432",0.0585612313374999,0.0946742274574961,0.497883122968859,0.0884165665045337,0.0786604630751168,0.000216623111917796,0.0887415859925304,0.092652623812878,0.000193555739168071
"spot_433",0.0474684821722786,0.0814921759429269,0.546665535500705,0.0450440845174467,0.0819213780233736,0.00120648591244822,0.0622616825019724,0.133492472128618,0.000447703300230504
"spot_434",0.10584418513873,0.0619876284083115,0.449888302783699,0.152146461954115,0.0558716703473751,0.000460166963199807,0.102935191824981,0.0706859032333521,0.000180489346236445
"spot_435",0.000349753949737117,7.01140471166903e-05,8.78996048550955e-06,0.854992895257057,0.0627236000817934,0.000487539542023928,0.0708327600219484,0.00108153943547352,0.00945300770436433
"spot_436",0.000363673002753204,0.00017544903674749,0.000118763510189769,0.512357723832693,0.461516647712437,0.000248262206148503,0.0168078392009934,0.00076480083225886,0.00764684066577878
"spot_437",0.0093287322203857,0.000416430409370102,0.000182999540214526,0.720507528751205,0.190541861731929,0.000787176293394711,0.0108188106446366,0.0039507527006265,0.0634657077082373
"spot_438",0.00235007055730675,0.00182816075287887,0.00104019528275841,0.14019348250604,0.749471854257717,0.000892099551613933,0.0701524466893772,0.00575432095189509,0.0283173694504125
"spot_439",0.0324759113339747,0.00140619901127612,0.00305881674016073,0.157393074801889,0.644248841057485,0.00164849074823959,0.0409507242711353,0.056145165440473,0.0626727765953666
"spot_440",0.00783174672993687,0.000463019525097244,0.00363331467979801,0.0129832457987069,0.900128985082785,0.000845830946917113,0.00968532393693832,0.000702770985542463,0.0637257623142785
"spot_441",0.0202828282616787,0.00141487392631338,0.00997644591851604,0.121779788316257,0.769988871099588,0.00044575796734372,0.0227249857123789,0.0110582995533487,0.0423281492445753
"spot_442",0.0286788293969586,0.00494889990888663,0.0801733503023271,0.14746086328491,0.598527316000384,0.000338969090040205,0.0737456679139532,0.0321909954835655,0.0339351086189752
"spot_443",0.0693210727897169,0.195523453978023,0.409800423612405,0.0615208999931437,0.0695254508181266,0.000391719415644355,0.0741879628449991,0.119512936121495,0.000216080426445986
"spot_444",0.0737518680655158,0.114573461720088,0.506881241456018,0.0561702002688053,0.0757735759660091,0.000208129924583113,0.0889130786181379,0.0836888095879848,3.96343928572406e-05
"spot_445",0.0399857797662178,0.0798282161087962,0.550320878701459,0.0690855777091922,0.0692885137525954,0.000311078193271495,0.103724821916956,0.0869578906605139,0.000497243190997315
"spot_446",0.110285931981451,0.0827342656891034,0.486286861293341,0.0917551608881683,0.0671946218346831,0.000265820604459288,0.111533983994146,0.049869495696124,7.38580185231489e-05
"spot_447",0.0850741416413466,0.198165332469239,0.456608781001171,0.0327208256186825,0.0581049823653144,0.000682725015105453,0.0758187485023893,0.0912686470942958,0.00155581629245642
"spot_448",0.00923645263120283,0.0264986390722836,0.640136527618673,0.00100489259601356,0.074632517128512,3.28467139912726e-06,0.22914626959336,0.014844455516854,0.00449696117170142
"spot_449",0.0213917145672571,0.0350037770369113,0.601429745211641,0.0235850856381196,0.0596137360851131,0.00115482962686632,0.107132546561395,0.150294857644364,0.000393707628332283
"spot_450",0.075594429476686,0.105153287671608,0.452454975923641,0.0731889958909875,0.100906068131978,0.000723160777570112,0.135171309183884,0.0565431229101279,0.000264650033517367
"spot_451",0.0607999382907243,0.136543413931825,0.417612170877296,0.0566148641396447,0.0844916231906253,0.00121229946635437,0.161356809096517,0.0806247331130098,0.000744147894003914
"spot_452",0.01876756984414,0.0289581515097673,0.594242043768719,0.0907250661653429,0.0711947049155472,0.000828105590934733,0.0908260881160537,0.10396318763196,0.000495082457534787
"spot_453",0.0851667098456128,0.108836824563421,0.521507558025208,0.0382125859936935,0.0552501815518361,0.000205543181951004,0.107966604286518,0.0828241690617992,2.98234899602463e-05
"spot_454",0.0325162103878046,0.0186942651550952,0.0529679748576595,0.0276060406743996,0.260372837138187,0.191779158389849,0.302554447189003,0.046270220880545,0.0672388453274579
"spot_455",0.158593722615193,0.00396448429884682,0.00287947402940409,0.040380770132809,0.0716187334677799,0.0251327608100722,0.65059149984338,0.0346735783499196,0.0121649764525954
"spot_456",0.0842307610734217,0.00938134908133213,0.00817170951684548,0.0813136989124583,0.0600759579591571,0.0359370225224913,0.667543841307172,0.0346606593949146,0.0186850002322076
"spot_457",0.193275701854632,0.0269992819420735,0.0138772770921127,0.0268490888852777,0.135610178118064,0.196634799921852,0.330951060119678,0.0577125612426656,0.0180900508236452
"spot_458",0.0808584042183452,0.0117852081191694,0.00367020318332962,0.159574381114942,0.100514739251512,0.0428601508871726,0.536285300458017,0.0497086790356373,0.0147429337318748
"spot_459",0.0256871240085495,0.0315768632789039,0.030548435807715,0.0465752491690462,0.212196293760467,0.281046730187394,0.308439339889361,0.0488238891555147,0.0151060747430494
"spot_460",0.225087142110653,0.0104875945146404,0.00243854241886915,0.105028045535846,0.0612264530574698,0.0490440922428215,0.475787637123814,0.0426453466898851,0.0282551463060015
"spot_461",0.0370118395071473,0.0999498375841158,0.385443056983837,0.0821572753615288,0.0695637471605765,0.000427055974043324,0.220127878557061,0.105060823958292,0.000258484913398543
"spot_462",0.107455376555642,0.0817974430571964,0.462463175861046,0.078982202633616,0.0991269797299693,0.00310079436360662,0.105331027940404,0.0549762672815492,0.0067667325769695
"spot_463",0.0449939154175121,0.0207335196177086,0.527351211796874,0.0540661089561298,0.094421826712968,0.000559075993750541,0.174257937733424,0.0811985389404416,0.0024178648311912
"spot_464",0.0266998681022425,0.03442346452191,0.543774686454729,0.123967459593338,0.0725328637983183,0.00324728824741186,0.0941291816208237,0.0930396870601308,0.0081855006010956
"spot_465",0.017824633961574,0.0733604344142866,0.475898858275547,0.021280749867743,0.109515001850942,0.00636968587647163,0.0373416022890039,0.184244752135854,0.0741642813285785
"spot_466",0.00589921438207284,0.00107956464639457,0.00941439645044468,0.442611758745676,0.401996383179966,0.00187720824651154,0.0836162886387676,0.017801020914022,0.0357041647961439
"spot_467",0.00127248067338365,0.000241426709851138,1.36158364603987e-05,0.912172905441132,0.0740861651000885,0.00310783258300378,0.00241819061536274,0.00224763107170353,0.00443975196901451
"spot_468",0.00511555042857766,4.92921475798833e-05,0.00014552492724877,0.0865251582164272,0.79537581998401,0.000399483698271665,0.0684194132582998,0.00421744891534731,0.0397523084242376
"spot_469",0.00481428606114381,3.46373034822684e-05,0.000594416078188232,0.00452833511123871,0.827681106552656,0.000724960324290641,0.115893967746224,0.000538944305728126,0.0451893465170475
"spot_470",0.000366170434169968,0.000569080694605313,0.00308371780425413,0.0714457098582143,0.856644566623155,8.86425170130172e-05,0.0317633723579356,0.0162252262102295,0.0198135135004233
"spot_471",0.0523170558733028,0.00157316514151506,0.0228080589610984,0.107741054473336,0.721817943257561,0.00318022740349265,0.0359703663124969,0.0202830086574478,0.0343091199197492
"spot_472",0.00521417734454253,0.000424661494985666,0.00551013147240244,0.0643491056483471,0.769054997746706,8.41069736731593e-05,0.0982286278946563,0.0107655972259898,0.0463685941986973
"spot_473",0.00126617924564969,0.00145324647937742,0.00444076002669986,0.0907550160376985,0.864914748980308,0.000352252434090554,0.00498115251944351,0.0157173485432255,0.0161192957335073
"spot_474",0.0348826870261656,0.0852222313729493,0.343846254341935,0.140717550371212,0.161424750736784,0.00211523478955613,0.175938721611216,0.0536492338451385,0.00220333590504344
"spot_475",0.085580734200441,0.173951699809341,0.496939365975323,0.0225325077559776,0.0540506754653745,0.00021868376515594,0.0648858067550337,0.100991731247366,0.000848795025988423
"spot_476",0.058754116598353,0.0409111078215534,0.562210406043411,0.0944044416267296,0.0936170174793853,0.00231616350258289,0.0874888739802307,0.0595934114196923,0.000704461528062071
"spot_477",0.0709187525666511,0.106377633601747,0.464491459409375,0.0896271483131936,0.0906591598295285,0.00052799543335949,0.0905364073165997,0.0859775681500218,0.000883875379524368
"spot_478",0.0391068432128841,0.0313198439193028,0.572711438591801,0.0390919827675316,0.0894391843057663,0.000550309677520461,0.097422710341107,0.129745683427555,0.000612003756532269
"spot_479",0.0368532780548542,0.0410283356126484,0.578603516083259,0.0607928150500156,0.0746335344813274,0.00160910069020039,0.0767512968362856,0.129079043626147,0.000649079565263015
"spot_480",0.0683231636839347,0.0592609644212653,0.55932289849788,0.0188672114737549,0.0487912091638186,0.000107841168306766,0.158330182748073,0.0869242356632251,7.22931797417719e-05
"spot_481",0.0156288776582565,0.0272463149285944,0.551266639110525,0.0773109141462184,0.0430723840649085,0.00101055106589574,0.0992730967748389,0.184657342229362,0.000533880021401102
"spot_482",0.0291318077225609,0.0203615410892387,0.636727554833566,0.039289090034323,0.0740820928247182,0.000201881040690533,0.102210547904755,0.0976988987745316,0.000296585775616095
"spot_483",0.0461149707111541,0.0512063484872396,0.539590511710533,0.0879804530849132,0.117369488919058,0.000477529278333793,0.0336565725104089,0.123155783702409,0.000448341595950644
"spot_484",0.0282531124086027,0.0149802164600684,0.317589551846223,0.0401409158449566,0.259136240408771,0.0767032292588711,0.105590416646962,0.0665039471009978,0.0911023700245466
"spot_485",0.118102011663229,0.0170994576704388,0.0163069107328541,0.0633221367737197,0.311337766231002,0.212907370927446,0.10814593750021,0.089306196138357,0.0634722123627421
"spot_486",0.023582469569629,0.0348231293353831,0.0132585448152495,0.0365300788333611,0.341132922578679,0.304670431379457,0.142941718760104,0.0534428274433891,0.0496178772847493
"spot_487",0.146310553801756,0.00737673176506761,0.0117662313795681,0.0533854171144894,0.0699679883336736,0.0248167885161612,0.620087930313213,0.0538664951112494,0.0124218636648215
"spot_488",0.0377432510246418,0.0134423194675798,0.00339215123703945,0.0410700574970871,0.159142295041241,0.0997899410314746,0.518066721388927,0.0829579506908517,0.044395312621158
"spot_489",0.0216245175974442,0.0138785254821181,0.00089375735673343,0.0938941271105882,0.053250345554631,0.049879500474425,0.672599159823845,0.0884543244265579,0.00552574217365719
"spot_490",0.0275099651598803,0.00544588342141301,0.000791831593164093,0.103852197989004,0.100486647315327,0.0111995708843973,0.643829348735877,0.0731099071051735,0.0337746477957642
"spot_491",0.0241691471384133,0.00469313087963345,0.00397982846488011,0.0497751228808761,0.0163504669865204,0.0019911878585854,0.826291524556664,0.0711685042826482,0.00158108695177921
"spot_492",0.00992653659374712,0.00869443850613171,0.00128090534934058,0.0825709323468713,0.103295731511415,0.0777133604408961,0.621706494091682,0.0657610744775364,0.0290505266823803
"spot_493",0.0669233556665098,0.0458186301480205,0.492284633181536,0.151674174208742,0.0757729272688059,0.00274469219288061,0.105811903375352,0.0582239633651417,0.000745720593011285
"spot_494",0.0316088590801027,0.0522684883190752,0.581993502086023,0.0336701227443077,0.0816900421825297,0.000342058879092562,0.107873710915464,0.110372315589025,0.000180900204380076
"spot_495",0.0435994633067123,0.0378219451478253,0.507357254610017,0.0834301568989203,0.115379656370509,0.00623375933098776,0.116515441986112,0.0679782425851182,0.0216840797637987
"spot_496",0.0479562117702393,0.027464098844459,0.562815440170581,0.032278387581741,0.0619946292449383,0.000394880609830877,0.103399157384899,0.159737388497494,0.00395980589581761
"spot_497",0.0295590537865394,0.0064464667696906,0.00444422041232268,0.300239537585801,0.260034416501951,0.00035032395182001,0.322034673715185,0.0395730484916036,0.0373182587850859
"spot_498",0.00412156615696574,0.00149006210044396,0.00913348520657305,0.597053541707026,0.276952257839586,0.00047186057478048,0.083295290364726,0.0163218734294704,0.0111600626204277
"spot_499",0.00757491905820606,0.000267845314288561,0.0020726592221774,0.0781896583452337,0.831749221880976,0.001209890247746,0.0177418669755119,0.0246379262831025,0.0365560126727583
"spot_500",0.001124764847248,0.000736454903613905,0.0049838831961705,0.0586674035610922,0.869398054324664,0.000461903126210978,0.0121559109788828,0.0202031654143391,0.0322684596477787
"spot_501",0.00180293200734528,0.0138118367385293,0.0237872642712103,0.0483443294493939,0.82770279240983,0.00017144852879306,0.0121575475863346,0.053848230554967,0.0183736184535962
"spot_502",0.0131107266211775,0.000275699689208107,0.0286484428877482,0.0679326043104744,0.718548307504204,0.000351562263858801,0.0403569321353942,0.0393969060136365,0.0913788185742987
"spot_503",0.00775118006239541,0.00440641657903864,0.0202044592301166,0.307743614083483,0.517273196801753,0.000819752366827152,0.046360150170724,0.068772684924905,0.0266685457807564
"spot_504",0.0680518789439303,8.70444947245889e-05,0.000433786877165601,0.0845169316476498,0.635286115459946,0.00128358033922445,0.124546434952346,0.000297747053026274,0.0854964802319876
"spot_505",0.00513419171831486,0.00163585629575401,0.00588712204999997,0.130685190780396,0.771539808469236,0.000703140362932334,0.0297773324743958,0.0186664666646363,0.0359708911843346
"spot_506",0.0840154816649183,0.131413168243391,0.289756682702267,0.0632191838060654,0.257340595242955,0.000473205299250128,0.0278394013938754,0.137220878343755,0.00872140330352253
"spot_507",0.0221686567735815,0.0246641457395868,0.612733293283584,0.0522095281725789,0.0648199971221896,0.000198479379777146,0.0697398426847343,0.153208841848442,0.000257214995525927
"spot_508",0.0241758207547245,0.0706771188273241,0.564681193930253,0.0192630772868253,0.0751943782652165,0.000516807982280795,0.0297791654975153,0.215414942392266,0.000297495063595136
"spot_509",0.0370283008575905,0.0763852325333833,0.538249112183127,0.0665541312457121,0.0770756416721113,0.00102391635749805,0.112270425069828,0.0907832927141924,0.000629947366557184
"spot_510",0.0695203615134225,0.181804548661252,0.475214675757783,0.0914396235712901,0.0390772722816655,0.00127635042771202,0.0732891774941886,0.0669684218926251,0.00140956840006145
"spot_511",0.0410037623275093,0.0210678153381032,0.567130468432668,0.0590714735195619,0.0681232983520939,0.00209330538449112,0.11458661971467,0.121741724411719,0.00518153251918345
"spot_512",0.0375621114226593,0.0173721143530222,0.548553089974216,0.0411799377065589,0.0812181738432857,0.00392442564320324,0.132361076372206,0.133428564050263,0.00440050663458482
"spot_513",0.0524606097945555,0.0826545790118503,0.515632296998,0.0483447078611339,0.0708315291747675,0.000351248525492905,0.0678384667830078,0.1617781464883,0.000108415362892223
"spot_514",0.0855147149217275,0.0196562840106476,0.00589886376963534,0.0197227790268847,0.310276428341463,0.299146147777759,0.150124701434987,0.0230052807427306,0.0866547999741653
"spot_515",0.0335755594500908,0.0182708507230353,0.0346978939836955,0.0274463444077918,0.297862161380038,0.202572095018442,0.12239779176473,0.178880611306488,0.0842966919656889
"spot_516",0.0394846776860801,0.0174900929976953,0.0449220181877495,0.0246409365866047,0.272688738403059,0.151736045722612,0.0452491081686422,0.344035006844045,0.0597533754035128
"spot_517",0.0588004018144323,0.0265266085742464,0.0272685500198709,0.0760110769582521,0.235032701761536,0.29510425453576,0.218730346788002,0.0311835932435713,0.0313424663043291
"spot_518",0.0240170230898182,0.0142654166221036,0.00770744515115915,0.0712339158075009,0.150880210979507,0.0670999386955356,0.604909993464852,0.0462527496678503,0.0136333065216728
"spot_519",0.241549649904596,0.00976593743141,0.00327171689192821,0.0762674945296736,0.0293173075169958,0.00174538021167812,0.576322215104672,0.0612576399875697,0.000502658421476327
"spot_520",0.0190941622469594,0.00666121552525003,0.00327769797108138,0.0603933983006813,0.14634317877477,0.0693749790893941,0.605084931831935,0.04163721209817,0.0481332241617585
"spot_521",0.130936694540207,0.00937073530572293,0.0044828747279191,0.0965759145962883,0.0656330495264716,0.0265855388119897,0.618966068696923,0.030825543417315,0.0166235803771638
"spot_522",0.0254433849225485,0.00677180129901076,0.0037079470443989,0.132109015610702,0.0453041085660051,0.021375986833918,0.68075380985912,0.0627649345870075,0.0217690112772889
"spot_523",0.0213291574809988,0.0100445463933009,0.00341294692123588,0.139888611095715,0.037893587608439,0.0386460934811708,0.671405965462826,0.0630462705495172,0.014332821006796
"spot_524",0.0396267916478456,0.0776986640271841,0.277062282173586,0.0536995666743353,0.0631793099240963,0.0039882317353528,0.329650371109413,0.145599474937077,0.0094953077711097
"spot_525",0.042927340991685,0.0782735865219883,0.511878268551446,0.0762649461646997,0.0667218278914505,0.000859836029895054,0.0509416556629281,0.171851263376725,0.000281274809182593
"spot_526",0.0442441196308849,0.060011506153702,0.546863848311422,0.0781086707918503,0.0848495912587652,0.000197339535313527,0.128023047252486,0.0571873636813123,0.000514513384263683
"spot_527",0.0328717533861611,0.0608616538730683,0.555263181645199,0.0441739375114829,0.0402822539248044,0.000802607049292221,0.0691660812105698,0.196159213603986,0.000419317795436801
"spot_528",0.00957400341891512,0.00103802064259676,0.00303803900887008,0.310390106550738,0.607478996156775,0.00399625964252564,0.0101087045697261,0.0151468418693673,0.039229028140486
"spot_529",0.0454116404355339,0.00123623028222953,0.00606960540076218,0.161689491280192,0.58382150637589,0.00306428753623068,0.127669150654007,0.00488268796856536,0.0661554000665889
"spot_530",0.0186730928424642,0.000642014424741699,0.0192204111302671,0.0704567931164694,0.791489274519742,0.000581621883712568,0.0178994752680263,0.060212475399888,0.0208248414146886
"spot_531",0.0311732686205932,0.000657120490744631,0.00771847568492959,0.0450260962741842,0.774872098181192,0.00284941953425843,0.0594323430494743,0.0262240302061288,0.0520471479584952
"spot_532",0.00174855309152425,4.52261900515305e-05,8.03711156429277e-05,0.133986761373819,0.662999010539517,0.00237923601448784,0.140111625787055,0.000691247713414587,0.0579579681744873
"spot_533",0.0263449212418856,0.0123312869024222,0.0548532068731341,0.078136787094637,0.594341866557327,0.00192032923230075,0.131358598251478,0.0390633269140481,0.0616496769327669
"spot_534",0.00635958834800742,0.000751098384108635,0.00384929729576171,0.0754848108237958,0.832450107308374,0.000790711224774152,0.0218263892467639,0.00146014664241711,0.0570278507259973
"spot_535",0.00120857792875475,0.00114101380072287,0.00400063084649315,0.0867769851753513,0.837623193515616,0.000968544590966572,0.0344470937066911,0.0130807051114034,0.0207532553240012
"spot_536",0.0126983375175059,0.00010772708068996,0.000526196868044263,0.0993964610598041,0.831921086776695,2.9820460966996e-05,0.0114089299853916,0.00307941285443384,0.0408320273964686
"spot_537",0.0584319892537558,0.00175004247556451,0.00795228245717966,0.0981760427501877,0.701819603065015,0.0012446498342897,0.0750466198243323,0.0140946845531369,0.0414840857865389
"spot_538",0.0303468990601089,0.00117219661924282,0.0121762104335047,0.0652424227754166,0.660491582040414,0.000529516468202309,0.13487116839852,0.00906273773834118,0.0861072664662493
"spot_539",0.0151414370096123,0.0642424065698933,0.326645380148988,0.0388600343873164,0.401995151152582,0.000352660128727085,0.0891170362811593,0.0603851408531034,0.00326075346861821
"spot_540",0.0678894990760642,0.0820771146956757,0.508361551013088,0.103539917873973,0.0673491426841099,0.000152930759303209,0.121395142824441,0.0492146316332874,2.006944005758e-05
"spot_541",0.0937314808203703,0.122234937576608,0.374029716473611,0.00946728305330063,0.08095232776009,0.000941262661476344,0.0436824798213499,0.273403317384373,0.00155719444882143
"spot_542",0.0399652614080932,0.0647717586414964,0.408891986566711,0.0426067500494758,0.156274773544773,0.0787141171296576,0.115585798099084,0.0790860066388723,0.0141035479218373
"spot_543",0.022187132953171,0.0421267330309785,0.292719240594595,0.0259960362246718,0.180504788954069,0.134840966613697,0.179794376113705,0.100230599955657,0.0216001255594555
"spot_544",0.0383834564565748,0.0384249828278665,0.0477594266195349,0.0560100278145612,0.22329594397056,0.222454555698248,0.0998902005689848,0.253708060297762,0.0200733457459075
"spot_545",0.0659315231843248,0.0225273332933894,0.0491760665333519,0.0295190528229177,0.155318015800224,0.0757082546539019,0.0038145601741951,0.535875878075441,0.0621293154622541
"spot_546",0.0327009323388525,0.0101025999560634,0.0198401860752857,0.0215131055521924,0.241868440922304,0.132494073293703,0.019017756298876,0.404149118431758,0.118313787130964
"spot_547",0.0418710273285416,0.0219379759926464,0.0547408189403137,0.0126382959072951,0.217964104266651,0.190426306337836,0.0861487654550398,0.287851364642595,0.0864213411290807
"spot_548",0.0860837022656613,0.0156400010585779,0.00950393396391148,0.0394586349751719,0.3243058020945,0.31728326489927,0.142023257350739,0.0258318946170151,0.0398695087751535
"spot_549",0.0608335224008637,0.0116662296602092,0.0169261749400265,0.154009110475052,0.116495891502246,0.116389145568991,0.461572291989787,0.028902132649771,0.0332055008130529
"spot_550",0.0106923022600929,0.00272639467014483,0.0032264093126964,0.0389073821950195,0.00549868333578895,0.000201575964926899,0.904871014955219,0.0338103533522006,6.58839539109561e-05
"spot_551",0.0232155917292714,0.0111543976627102,0.00785350405950286,0.130683454500725,0.0767308296476354,0.0709868370063428,0.58731437252128,0.0870968964464915,0.0049641164260417
"spot_552",0.0595960754573238,0.00780456308325444,0.0153219433778048,0.132916070952327,0.0953098448143813,0.0652673787749519,0.545664196073909,0.060582411101521,0.0175375163645267
"spot_553",0.20792739295489,0.00716161714672163,0.00497414701539676,0.0338157509697342,0.191135597925667,0.0807804978532476,0.417182103021198,0.0258350918468258,0.0311878012663192
"spot_554",0.0323704492041431,0.00663061673959674,0.00232488347333062,0.0859181774710516,0.103461364439259,0.0554785911182203,0.632226367427939,0.0589079174252999,0.0226816327011594
"spot_555",0.17103280442728,0.0144770187474564,0.225685942719167,0.048055110039982,0.0366229549598713,0.00012840938463723,0.431024454181571,0.0722841650533936,0.000689140486640987
"spot_556",0.0272706598671001,0.00737738018942129,0.66638829905557,0.00637268249224031,0.0411994302997089,0.000361953893550156,0.064589944963628,0.185589970186185,0.000849679052596682
"spot_557",0.0835159197495685,0.0125697905482454,0.540199157296386,0.0182087122970741,0.0874778360495837,0.00112193213225072,0.0658398866232536,0.16074622363021,0.0303205416734273
"spot_558",0.0508502796073888,0.0663452245823738,0.57027137727946,0.0601759520255187,0.0752000804793384,0.000360687856772704,0.139114028313421,0.0375166473902123,0.00016572246551467
"spot_559",0.0124365559576866,0.00447898175006935,0.000935973404643478,0.508527517354729,0.15749526579097,0.0045355680410554,0.276730139703137,0.0245550744772338,0.0103049235204752
"spot_560",0.00314967811234125,0.0031115551837423,0.00290182331051326,0.589739978845016,0.292342050990233,0.0011733622271794,0.0580643587217292,0.0040584782660967,0.0454587143431489
"spot_561",0.00394026536048512,0.00245152023385937,0.00790150293464195,0.106332400810635,0.777686829130341,0.00036616061793228,0.0853385709484564,0.00565028747427911,0.0103324624893694
"spot_562",0.0114407146520682,0.00130370573191021,0.0331054893221513,0.0434769471689432,0.759308624890103,8.58673110371378e-05,0.0235776122753103,0.0907320926526918,0.0369689459957849
"spot_563",0.000779454108245421,9.22090227256112e-06,2.39266695442767e-05,0.013400024425613,0.959820855121534,2.26252853973227e-05,0.000828372877881304,4.50449919543128e-05,0.0250704756175583
"spot_564",0.00879637634518458,6.80222128952317e-05,0.0033746546965262,0.138943853655996,0.663045200567412,0.00021800174429727,0.0397987649121249,0.0765600131570765,0.0691951127084874
"spot_565",0.000153188697112158,0.000590321614362958,0.00454937791922465,0.130828309906676,0.803099490644903,2.30296554404645e-05,0.0356329031085942,0.0192771931950989,0.00584618525858722
"spot_566",0.00218345812952057,0.000295837779356428,0.00178063027019461,0.025347572974136,0.77993794542536,0.0011432274576141,0.123560182317122,0.000784986701799319,0.0649661589448969
"spot_567",0.00257138084532335,0.00425314459614427,0.00797837117863255,0.0880502392846907,0.814740865267263,0.00579024930043279,0.0290189590014444,0.0156374424230854,0.0319593481029836
"spot_568",0.00875818097040197,0.000747282589735197,0.000919263392966223,0.199470371555869,0.545057788182684,0.00478926326741795,0.171862603274432,0.0309994960523857,0.0373957507141079
"spot_569",0.00455200930688843,0.000397289081746316,0.00550180128554957,0.0891709469287007,0.713254636343979,0.000859399604170852,0.13297486792881,0.00351872379498213,0.0497703257251733
"spot_570",0.0260851344384169,0.000532013793046019,0.00827492431548716,0.0565618559379239,0.594439900068603,0.00095697995369389,0.234490044912305,0.00724449575363764,0.0714146508268868
"spot_571",0.00700359269599173,0.000277461500276313,0.00359896535745174,0.0567114317504117,0.851393893731602,7.69621155235133e-05,0.0415325305172917,0.0126915205248289,0.0267136418066225
"spot_572",0.0783907533129216,0.00900504484613679,0.00102121718863122,0.222353656216169,0.182530921911067,0.202905475995913,0.193231827572745,0.0280511153143348,0.0825099876420823
"spot_573",0.0540725385893076,0.0185030250237751,0.0378290460406189,0.0437741009363116,0.213815159853544,0.146991952541754,0.0469679822048907,0.397194044116721,0.0408521506930768
"spot_574",0.0535839511640729,0.0214890131705142,0.00272563183437007,0.0320431905127416,0.135898074295589,0.206499327624678,0.211473523606033,0.330588653504415,0.00569863428758568
"spot_575",0.0305775706971366,0.034484278679903,0.0589219673853187,0.0163006158141767,0.10641640733084,0.0401506014092883,0.119846824419958,0.584323133548405,0.00897860071497356
"spot_576",0.0530896409752762,0.0263911813301068,0.0460808688282358,0.0135907294135695,0.196617926648594,0.199785534384634,0.0269937964625306,0.392568246971569,0.0448820749854842
"spot_577",0.0149359357155336,0.0151029854944161,0.0625423223525769,0.00520457922039473,0.18915273533566,0.0765156420637581,0.00291638957134049,0.543120836195506,0.0905085740508139
"spot_578",0.0435042007877243,0.0227611927825076,0.0395786149462413,0.0245496302957564,0.218268966710834,0.229752481907166,0.0581058394870114,0.332103785836118,0.0313752872466412
"spot_579",0.0147735176872815,0.0252079208011483,0.090772839539279,0.00388036937683122,0.0756638575754971,0.128476745749504,0.000592672840339224,0.637311458530288,0.0233206178998312
"spot_580",0.03916639655237,0.0294630456897622,0.0818248333338741,0.0513779435225571,0.187968551926299,0.174772911130537,0.0978075955159622,0.326292531683804,0.0113261906448337
"spot_581",0.0247737129203527,0.0100258775390502,0.0228672681800234,0.0721230948170528,0.173236782365783,0.0904051830595695,0.388230348534617,0.159817262719648,0.0585204698639039
"spot_582",0.0149418719725472,0.00302901666842023,0.000968639661813022,0.0882865898865621,0.0177486139582207,0.00144886107429322,0.80366653910479,0.0684631238136321,0.00144674385972136
"spot_583",0.0142842898099995,0.0210285881176415,0.00768832251585461,0.0885796624442428,0.177853965986013,0.0893787546829776,0.528559951887106,0.0619239943324758,0.0107024702236885
"spot_584",0.0139086089251324,0.0206875739455348,0.00311383559526933,0.115637100715921,0.100307233431293,0.0756768930866084,0.59620936398174,0.0695298872970036,0.0049295030214978
"spot_585",0.0361435268962054,0.0202194043311928,0.00796018676275118,0.118177197075986,0.172156110629109,0.132430359444967,0.461366544611073,0.0383603419106117,0.0131863283381039
"spot_586",0.0328673895706007,0.0211260874457625,0.266759315207251,0.112295822375703,0.0390669847655427,0.000397563540790143,0.465973873321424,0.0612724090705603,0.000240554702365769
"spot_587",0.0445315882745295,0.0484979871849264,0.544650885026407,0.0838641971035451,0.0825697763234772,0.000622645195888531,0.136524561273393,0.0584293677658271,0.000308991852007089
"spot_588",0.0855369954900479,0.112435396109606,0.490397394990574,0.0493510319746428,0.100354934251703,0.000245079839656156,0.0910223899213149,0.0706493551142583,7.42230819633392e-06
"spot_589",0.0860301656296087,0.058915160500433,0.552270318106618,0.0495114703861425,0.0649174516664095,0.000146286802474658,0.0971194617188494,0.0910619482264548,2.77369630095872e-05
"spot_590",0.00431513231420503,0.00136285930947846,0.000652698452650169,0.754174927295212,0.141409928215575,0.003113509574977,0.0476772837972911,0.00239451290159036,0.0448991481390204
"spot_591",0.00264258708617808,0.000627982123799976,0.000492332652692422,0.391142386659296,0.517355481682972,0.0025602881410014,0.0532366706300873,0.00671571090147536,0.0252265601224972
"spot_592",0.00782900235392427,0.00040911557712311,0.00632695116763864,0.0315616184559381,0.812849630045414,0.000849321910117741,0.0729573747595956,0.0141534946465716,0.0530634910836772
"spot_593",0.0376798797408593,0.000257284151981114,0.00678035426512047,0.0503134010987821,0.817318189631566,0.00014620218967056,0.0389384402645077,0.00354959639903759,0.0450166522584755
"spot_594",0.0404929950214356,0.00335991562843045,0.0284444005117974,0.0373971565388743,0.788641845240846,0.000598348991321981,0.0364722394254547,0.0215633130526378,0.0430297855892017
"spot_595",0.0148010278639802,0.00101156939151677,0.0120229720210054,0.0740916944773206,0.800969243929629,0.00568202661473816,0.0203429686106347,0.0200858056891863,0.0509926914019891
"spot_596",0.00286832980002391,0.000582818163244905,0.00165222153037371,0.0727789016176635,0.748429171423578,0.00163505745588245,0.0991686326008327,0.00412516048872631,0.0687597069196747
"spot_597",0.0794227759780301,0.0021260819453559,0.00853831971573273,0.0660245760138807,0.714957523134507,0.00293272125147985,0.0552451952961168,0.00575793298363287,0.0649948736812642
"spot_598",0.0106473965673877,0.000175853250308489,0.000335148725827734,0.0529843603402676,0.827768493203196,0.00185031782598599,0.0373359151567337,0.00219126753650849,0.0667112473937838
"spot_599",2.27306636993384e-06,2.36475315589482e-05,0.000738634560502101,0.0080462080641314,0.951750422000901,7.07990208717377e-08,0.0059550104180086,0.0293675786982946,0.00411615486121248
"spot_600",0.00426716603604451,0.000554797576624246,0.00222084523050959,0.0919442389133878,0.796338284424577,0.00124949670009507,0.0355365616542322,0.00368605252278436,0.0642025569417452
"spot_601",0.0276674859660549,0.00187598212096382,0.00916467754234942,0.110678436173683,0.786353905501905,0.000267827828458934,0.0238172729652796,0.0028538802176645,0.0373205316836407
"spot_602",0.000698813523704212,0.000495072956247379,0.00709368157880048,0.0299526808756021,0.795560053564694,0.000427865911016999,0.104069303452923,0.0169234350467083,0.0447790930903032
"spot_603",0.0314731335450054,0.0181820564002925,0.0245938852276924,0.0706092535102324,0.347650351687503,0.214407466163101,0.201213672040462,0.086948752554744,0.00492142887096688
"spot_604",0.134262679891805,0.017749216321162,0.084050728984184,0.0268295984588212,0.268511610675756,0.154984794246286,0.0484854564707978,0.171785015864867,0.0933408990863208
"spot_605",0.0505404397406137,0.0217549270686322,0.00735063279485351,0.023891751735032,0.274521094176993,0.339602254007654,0.194160207419875,0.0301688949049654,0.0580097981513808
"spot_606",0.0881916956213646,0.0203067370492001,0.0452494028842961,0.0203218423212176,0.374202285694171,0.200760579527106,0.136835707123731,0.0889627531691935,0.0251689966097205
"spot_607",0.061969732274344,0.027094665635363,0.035921259000956,0.041080772884773,0.166809900936858,0.253509878705968,0.0471366458393876,0.342524326056964,0.0239528186653861
"spot_608",0.0238592235193895,0.0146187426744099,0.00441318028448174,0.0333719133793678,0.410353053330192,0.29281169531095,0.110424384733488,0.0621099218200275,0.0480378849476936
"spot_609",0.0533216224105928,0.0194912260994209,0.0647320307691894,0.0108498296530513,0.375728430534575,0.215794595823421,0.0478003986366794,0.107494806708103,0.104787059364967
"spot_610",0.0541571641672946,0.0186891794217258,0.00563270488911289,0.0744578235337927,0.21291199044558,0.223956663684893,0.214389143707123,0.169038823486342,0.0267665066641366
"spot_611",0.0443738489060592,0.00619192181090629,0.0501639886135617,0.0224032776828606,0.214469679586423,0.105026214304693,0.0135815325027999,0.459164208353069,0.0846253282396271
"spot_612",0.101885923286279,0.0178389577253528,0.0294480475649675,0.0647358869312878,0.259661203549018,0.0985571727671817,0.0437346388354145,0.23169391098497,0.152444258355529
"spot_613",0.0155808572438388,0.0069188994075562,0.00377087414795826,0.0559928338300813,0.287104569567238,0.057311083820535,0.284583109867046,0.0296699768798026,0.259067795235944
"spot_614",0.00447479316208568,0.00143519952747987,0.00464029642256095,0.0620369286425273,0.229815771389958,0.0125038098132387,0.376889657635567,0.0183485511590296,0.289854992247553
"spot_615",0.0204574782520866,0.00651562936193082,0.00509229768435053,0.0949553690470442,0.163843523352806,0.0250957119508444,0.455223273504668,0.0428627943785006,0.185953922467768
"spot_616",0.2427740022692,0.0365315552349791,0.00706453766340681,0.0872695063290168,0.114187815356129,0.0544477481319569,0.410008097335515,0.0459489105478318,0.00176782713196502
"spot_617",0.135101412240796,0.0155553119214787,0.00644091378021396,0.0788663555116494,0.154125026115834,0.0722492730422337,0.47632313539958,0.0382160510378518,0.0231225209503622
"spot_618",0.0497927174011593,0.0688725437583603,0.538708902406545,0.0596174918212729,0.0723277263392858,0.000220835243839344,0.100995964344172,0.109118705373361,0.000345113312004858
"spot_619",0.0657497567836337,0.118871807179813,0.502170487143919,0.0848607986576864,0.0687226048061329,0.000386631628505667,0.0982698126955019,0.0609138567934363,5.42443113706372e-05
"spot_620",0.0481785337329984,0.0989312127007504,0.491142208992964,0.0826087413612047,0.0890806715145573,0.000247748114985562,0.0632663069835386,0.126419234366057,0.00012534223294361
"spot_621",0.0792513476905319,0.0069843356998612,0.00504426057061963,0.224964369767769,0.282473469102585,0.00564786285844804,0.338389928144578,0.035674632289182,0.0215697938764255
"spot_622",0.0570735554448429,0.00251127896795128,0.00600307664117157,0.794545967337116,0.0310503577187885,0.00121898046977586,0.0911587819067892,0.00654286731813428,0.0098951341954302
"spot_623",0.009907671997318,0.000430367323823428,0.00332838323640378,0.0639262312503079,0.827288467855175,0.000870104710814026,0.0340160682545809,0.0141265753570166,0.0461061300145603
"spot_624",0.0418755580424944,0.00453669061222664,0.0246871668276171,0.0798377487361005,0.570270642628576,0.000150525874013042,0.274740671440515,0.000880428180812254,0.00302056765764465
"spot_625",0.000702466597344188,1.19910992528651e-05,5.00553618668388e-05,0.00284731354161727,0.948274893685965,5.93892841533409e-05,0.000815242827870092,0.000865166192213331,0.0463734814097171
"spot_626",0.020856077641621,0.00139770180267086,0.00937391540328456,0.0498904013676722,0.785135582213596,0.00263302124828064,0.0704083616292735,0.00485113090914412,0.0554538077844569
"spot_627",0.00789309674365498,0.000303389521878451,0.00137492780404542,0.0330137632976093,0.687648338511022,0.00404826870520652,0.143865655030444,0.0150555565883857,0.106797003797754
"spot_628",0.00372752067459714,0.00189459194288356,0.015192925800613,0.0619055469015887,0.842614962611254,0.000180009609176665,0.012545529829432,0.0470132550875685,0.0149256575428869
"spot_629",0.0137658681315703,0.000696583474852876,0.00356753703089555,0.0515679572577787,0.783467840739284,0.00175980084453593,0.0803180134105553,0.0130980810351022,0.051758318075425
"spot_630",0.00399610224296289,0.000623168572927759,0.00197123781744313,0.0438695694842265,0.858288366545747,0.000149310207057715,0.0563845715855327,0.012679239678584,0.0220384338655179
"spot_631",0.00529565491361839,0.00379510374511267,0.109904599549641,0.00100227012525076,0.226167620044326,0.000541174836982616,5.40729452638008e-07,0.637012154389953,0.0162808816656635
"spot_632",0.0184268632666669,0.00100017147028636,0.00610225477719358,0.289062033778105,0.605738263011109,0.000844088742467411,0.0170461986501475,0.0368155746070158,0.0249645516970089
"spot_633",0.367847136036368,0.00631306687522115,0.00640801846446861,0.01156654559834,0.461717947381274,0.00252641767030517,0.1096201735281,0.024559101413415,0.00944159303250789
"spot_634",0.211012661290398,0.0125419450281333,0.0172427919962536,0.217333234276646,0.185510617405122,0.0769127351052957,0.0446338971654112,0.217218459105347,0.0175936586273936
"spot_635",0.0779817326624301,0.022085637621001,0.0292418336514757,0.0130532002049097,0.362581402577077,0.266614046487374,0.085617410531568,0.082375734638653,0.0604490016255116
"spot_636",0.0258207845984802,0.0282064760022097,0.0618857015583557,0.0307148459388056,0.233589733414033,0.21816755128271,0.126913433826292,0.252492548727186,0.0222089246519273
"spot_637",0.0202444280882316,0.0492610602745467,0.0881950947068442,0.0257491216121186,0.0157466386203342,0.144998560350558,0.00148802975560795,0.622310948221125,0.0320061183706333
"spot_638",0.032758720119215,0.0253426374646886,0.0532094050646309,0.00552408498740348,0.253701742724783,0.240103818370479,0.0663426032313896,0.279581806896493,0.0434351811409181
"spot_639",5.83338322630611e-05,0.00297454249408172,0.110740091176372,0.000872812897698281,0.000482142911539812,0.000615295439392338,8.00591002489655e-06,0.883987445587602,0.000261329751025915
"spot_640",0.0438673969267897,0.0234489731983416,0.0416584303325218,0.0255537487847043,0.211388414525073,0.079566488253098,0.010192363622264,0.469381531755242,0.0949426526019654
"spot_641",0.0250542389955193,0.0248545452182604,0.00188283950496292,0.00464593551011149,0.353926779364629,0.465359325909637,0.0151171686433602,0.023569662557073,0.0855895042964471
"spot_642",0.140227496480975,0.0205717681412398,0.0180443365208144,0.0482052376419579,0.307136504836551,0.199626213565311,0.146400903901808,0.0607719225275822,0.0590156163837602
"spot_643",0.23836975810073,0.0113483002963577,0.0158765528500845,0.0111040024675458,0.152788210200693,0.0271234761385185,0.00796164716246912,0.361760237392861,0.17366781539074
"spot_644",0.13840049314736,0.00600153156706242,0.00454198604259216,0.0380296425813241,0.254689470137902,0.0754405950280683,0.103827201535645,0.0261166277826029,0.352952452177443
"spot_645",0.117769632840743,0.00151256159731995,0.00491919482847075,0.0437200032019312,0.379592866898225,0.0176248949295469,0.0349858294331034,0.00522799821852245,0.394647018052137
"spot_646",0.351236209587819,0.00398465280482274,0.00482307794816826,0.0577685160295017,0.213007843628631,0.0165993363738423,0.0754730083366858,0.031102656260712,0.246004699029817
"spot_647",0.717783799701945,0.00736461512213289,0.00254081652068692,0.0233889298252581,0.0713883516087611,0.00274542139054522,0.0838065822395309,0.0892157784814094,0.00176570510973044
"spot_648",0.730077533672493,0.0314222772317307,0.0110301738032822,0.0110179000878946,0.0613601128883796,0.000135829386121527,0.0820100087332099,0.0727630764943643,0.000183087702524384
"spot_649",0.535379333526127,0.0145404727399008,0.0139661259400262,0.266053176801029,0.0159736812899775,2.32021956764915e-05,0.078005222014114,0.0760464264514462,1.23590417024343e-05
"spot_650",0.112953648902839,0.131358479213289,0.370398614328016,0.142891081345081,0.0802736756055323,0.00164441145471901,0.0442722285650599,0.115347280149582,0.00086058043588257
"spot_651",0.0338332148433658,0.0567138239049343,0.59132243343467,0.0493458290407307,0.0627248801823278,0.000279762460130506,0.0929039598809625,0.112546739262066,0.000329356990812332
"spot_652",0.0203601530270801,1.95658924178247e-05,2.65843313322157e-06,0.747923171483179,0.0785305468598168,0.0118414255533889,0.00421192547236198,0.000231786335951682,0.13687876694267
"spot_653",0.0171377329974884,6.12637241950367e-05,0.000226968258151126,0.597494326753667,0.246778513959103,0.00502838973545957,0.0485641728786758,0.0146296630453821,0.0700789686478788
"spot_654",0.00207240346554113,0.000421274193386017,0.00124967868574301,0.518502184553185,0.417071453916325,0.00135589423926488,0.0334375779297352,0.00650560993185427,0.0193839230849657
"spot_655",0.0207021695821872,0.000634566450229536,0.0029545606496656,0.0973873251959796,0.78306462441121,6.10824194639103e-05,0.0436001629873003,0.00742549772093412,0.0441700105830298
"spot_656",0.0170571877616297,0.0033685546437922,0.015053208363767,0.0598554793934438,0.810988634561094,0.00674168117786192,0.0355042449456753,0.00629614180701018,0.0451348673457254
"spot_657",0.00105060200494352,0.000359537277191213,0.00244419348006989,0.135779872091847,0.814110801463697,1.62434331144157e-05,0.0332242574193295,0.00563179860143579,0.00738269422837135
"spot_658",0.015991701203229,0.00249668808093019,0.0111296917677119,0.126285961941527,0.765912471833198,0.000270884338320158,0.0382449830143794,0.0114714134482767,0.0281962043724273
"spot_659",0.023521412925879,0.000608014027380944,0.00249619506477268,0.142354362195026,0.74155563935658,0.000114163297758675,0.0233466312666842,0.0059707622509831,0.0600328196149356
"spot_660",0.0078672608241967,0.000618041683320236,0.00837019262270834,0.0893793594924778,0.800100184734368,0.000289412876422834,0.0556341756154865,0.012035317140459,0.0257060550105607
"spot_661",0.0866298115677843,0.000920718281801286,0.0105020875114009,0.0354390398283017,0.74672737274476,0.000983831631196776,0.0538286347138271,0.00582278727707999,0.0591457164438481
"spot_662",0.708251653331832,0.00760530066848279,0.00612232476230455,0.00401743057147968,0.148688317986945,0.00135772495435792,0.0540007508706786,0.0669760399683001,0.0029804568856193
"spot_663",0.719769369773834,0.0107605067781141,0.0138069496307639,0.0595693926017317,0.0603650791878806,0.000325448556601855,0.0679046259808918,0.0671071220422657,0.000391505447916902
"spot_664",0.693950289292537,0.0285241840398464,0.0139744175241487,0.0274165692340881,0.0691518850408916,0.000346113352533686,0.101730116039217,0.0646471478355385,0.000259277641199029
"spot_665",0.68574568460175,0.0149869406403508,0.0208826976854471,0.0874935622361114,0.0214537176052612,1.21881714059677e-05,0.0982096221139692,0.0709496972018527,0.000265889743851174
"spot_666",0.379524410663512,0.0168282881905552,0.0215474225323473,0.0235778317857159,0.123735894223644,0.0572298069316802,0.0263578101987292,0.295368396497271,0.0558301389765451
"spot_667",0.0262815639915693,0.0143244023027774,0.0518808555269162,0.0128515407466043,0.276237487527506,0.182593544810554,0.0138088860600531,0.401398373338686,0.0206233456953339
"spot_668",0.0183933688969758,0.0212709533524115,0.0465557782894148,0.0055058231080127,0.111890722302905,0.176001812493554,0.00501046591759523,0.60025991121422,0.0151111644249101
"spot_669",0.162266763815631,0.0161016900185626,0.0113753187474602,0.0357088681283749,0.297088680199171,0.232434431091539,0.154676111248041,0.0487185114043834,0.0416296253468371
"spot_670",0.00578865965638929,0.0273483953954618,0.0244126642615975,0.200436910812251,0.0925796101562565,0.288281042187652,0.292634458052789,0.0618494219970983,0.00666883748050397
"spot_671",0.02471012943135,0.0276138269183037,0.0462021389734966,0.0238262958065079,0.246778943894509,0.187017628953738,0.0406662392880928,0.35414297044342,0.0490418262905818
"spot_672",0.149700332863446,0.0223144037786834,0.0464197144138328,0.0377012556324914,0.271993508728697,0.168333198411659,0.0753744995707996,0.207807832922119,0.0203552536782714
"spot_673",0.240844312395322,0.0271015502612057,0.0263931369765546,0.140181943313004,0.0744106077883914,0.0491119838738756,0.0172230453636167,0.420617534693562,0.00411588533446865
"spot_674",0.00234204658831054,0.00292167252429947,0.000793272265988911,0.0223656588063611,0.197486245584889,0.00783320608342116,0.36387430111217,0.00799748776033851,0.394386109274221
"spot_675",0.123877171908875,0.00442366875354973,0.00413382467966442,0.0598906505455469,0.104520758516759,0.0130254891223702,0.57801708347041,0.0447952170929488,0.0673161359098762
"spot_676",0.00216066706925284,0.00193288015691695,0.000484866643162563,0.106633053230365,0.0865527636969453,0.00427089801583381,0.680555982568604,0.0340829753122801,0.0833259133066396
"spot_677",0.34705493827501,0.0179161441643165,0.0134480141640376,0.107604662878228,0.0312019478613169,0.000119328605893834,0.435736800412711,0.0468051842317463,0.000112979406740634
"spot_678",0.737339936399144,0.0194426288864008,0.0101008622937577,0.0110696638452118,0.0504909258888032,0.000100447368936031,0.0594704933093022,0.111887891218957,9.71507894877208e-05
"spot_679",0.690738580118155,0.00697580087830936,0.00686390116875245,0.0133534587372241,0.0801472809845769,0.000851450353500907,0.054560130584537,0.144864804559587,0.0016445926153569
"spot_680",0.609688563266082,0.00953706890165491,0.00519231925264895,0.167609792829069,0.0698220625102923,0.00184204775432962,0.0728532299093281,0.061127370141515,0.00232754543507989
"spot_681",0.347741974528461,0.144389674667093,0.233296391165948,0.0669713153006463,0.0671716565062701,1.69763709729089e-05,0.0584388583379945,0.0819703772269116,2.77589570233663e-06
"spot_682",0.0647510925416351,0.0713753341256974,0.522211914356575,0.0433130116075299,0.0797454466286055,0.00136452594800551,0.159546938831001,0.0516420953869375,0.00604964057401347
"spot_683",0.0105013894321743,0.0031908593407181,0.00428634284241887,0.464178658303653,0.343471265171031,0.00779146778673212,0.141488492025513,0.00601179745893379,0.0190797276388255
"spot_684",0.00765071499190904,0.00664741451273868,0.000674555476544217,0.767826464403289,0.0549313224529762,0.00419440347180746,0.0698755435525899,0.00105211889213341,0.0871474622460116
"spot_685",0.0271167069815277,0.00191555442256559,0.0316368499913619,0.538971773021413,0.24985641763227,0.00525775209536667,0.117941276544108,0.00596060717441879,0.0213430621369686
"spot_686",0.00157180089920841,0.000561726225031681,0.00362404036453731,0.0360130688976368,0.900981661857287,0.000426429659004536,0.00510841249726448,0.0173811457438577,0.0343317138561719
"spot_687",0.0130066281678796,4.91425036708756e-05,0.00166093864741115,0.0545824702667776,0.845168162178591,0.000657512138502481,0.0237460839899134,0.00788662411244768,0.0532424379948058
"spot_688",0.0187964304372657,0.000422034061295666,0.00226757148539672,0.020403003682114,0.820071225991414,0.0037411937062402,0.0491781778691323,0.0103408201679315,0.0747795425992097
"spot_689",0.0111325309869621,0.000209044505914445,0.00260118334241928,0.0998601734666432,0.637663140627621,0.00197562913570181,0.136482537270311,0.00778815588635179,0.102287604778075
"spot_690",0.0558527733718953,0.00188672953416136,0.0103090341879896,0.0783404919147733,0.727183947063194,0.000653945213975275,0.0218310585044478,0.0208050914964391,0.0831369287131248
"spot_691",0.00639183782963364,0.000238114393324125,0.00644252970696988,0.127800139652337,0.767871018950492,1.12890136194885e-05,0.039032888548324,0.0233664164862602,0.0288457654190394
"spot_692",0.627360832363931,0.0117309944850744,0.012228908544674,0.028281060331458,0.153938888630889,0.00261066825859924,0.0985961191620275,0.0626359268883823,0.00261660133496417
"spot_693",0.727983467345415,0.0132070978348061,0.00926269483992848,0.0216687364966196,0.0530968093449762,0.000335565220593179,0.0608738152605671,0.113405784365412,0.000166029291682296
"spot_694",0.727203876087683,0.00984981966791454,0.00751526931817195,0.0169212635849754,0.0517705612719576,0.00294438570674051,0.0806681041063073,0.0991900178160967,0.00393670244015282
"spot_695",0.773895977000191,0.00393764980771989,0.0188561897246954,0.0140038585804497,0.0680601133135111,0.00122557845757572,0.0811649719488805,0.0374046844261421,0.00145097674083456
"spot_696",0.717998948676893,0.0184423284327459,0.00897691606383658,0.0257781429924326,0.0602383606933978,0.00035144815105949,0.0953254119695686,0.072552739711516,0.000335703308550258
"spot_697",0.701308198069671,0.010120044629953,0.00525302977620425,0.0124261677326338,0.0989053575159636,0.0121274091449271,0.0602722437676275,0.0941410812054918,0.00544646815752737
"spot_698",0.138663293520323,0.0231841933634251,0.0121556957158369,0.0436140576581342,0.291070939654416,0.241527788242732,0.158105372339881,0.0349645411583572,0.0567141183468941
"spot_699",0.0474469673534454,0.0287659635156092,0.0516454968381762,0.0421987205018735,0.231545026967414,0.170818063848524,0.0346066634467022,0.353456432562958,0.0395166649652981
"spot_700",0.0381479062631854,0.00873373170335315,0.046275135133909,0.030412562949585,0.406271581525273,0.0567995100027804,0.029453860924277,0.282004961550116,0.101900749947521
"spot_701",0.0375732939063327,0.0179347405709587,0.00630484070575085,0.0109755296788117,0.354587794595596,0.325968238760022,0.106066754028263,0.0839651707650642,0.0566236369892007
"spot_702",0.0492710014643081,0.0275214909397613,0.0561989895685781,0.0203530591497788,0.18172541608666,0.143708658212183,0.176421569400671,0.306473945255932,0.0383258699221279
"spot_703",0.0101170253891354,0.0135958787567671,0.00373009052728005,0.524598298646751,0.179159661728085,0.147068310079793,0.0817963710510542,0.0270029022845715,0.012931461536562
"spot_704",0.0266554300848564,0.00556518194607806,0.0436196999143162,0.200788720983784,0.336380082552936,0.00107599008052137,0.00189991723199515,0.356069990052178,0.0279449871533358
"spot_705",0.00275683399834679,0.00111637840369946,0.00876854072141578,0.0962575765130144,0.7910116557849,0.00066476598080618,0.0625887810901306,0.00131913464510665,0.0355163328625802
"spot_706",0.0045547402878524,0.00406639945169067,0.00189914157812377,0.0666701468889021,0.143185565559403,0.00207471199726251,0.722126466277068,0.053568427314888,0.00185440064480896
"spot_707",0.0141119082386586,0.00277506595621268,0.00752683579061769,0.0759000813518683,0.298679863383985,0.000634018031651991,0.556490413809625,0.0233872184105937,0.0204945950267863
"spot_708",0.506072817563576,0.01612915472381,0.0131766373993348,0.243184111577577,0.058702873051208,0.00032479223267612,0.116981188475268,0.0447015858400649,0.000726839136485127
"spot_709",0.764213554074791,0.0194993247599862,0.0140800092431148,0.00779531324632984,0.0493430409966993,0.000217522729074237,0.0536476588274762,0.0909301417146646,0.000273434407864258
"spot_710",0.598874119239828,0.00891507538980389,0.00339167228390236,0.152956890741604,0.0588574132319788,0.00124392259058102,0.131882369365108,0.0424293239306185,0.00144921322657608
"spot_711",0.709957167679798,0.0109072941199086,0.00566366542281096,0.0296838770246896,0.0484735976747924,0.00136358788441755,0.134916681500632,0.0580920185603012,0.000942110132649147
"spot_712",0.700005027985127,0.0521742998901561,0.00553378855796257,0.00654083026188435,0.0716561452657161,0.000619239604390011,0.0923916729778865,0.0698956663916838,0.00118332906519326
"spot_713",0.766183735268475,0.011863299874117,0.00704125418034436,0.0168878106401806,0.0427113990663122,0.000861817708763448,0.100928367417601,0.0528074902394342,0.00071482560477155
"spot_714",0.111053917156221,0.000229169855749565,0.00273652309456461,0.552413233793667,0.273432619199748,0.00043610937194035,0.0448888846203403,0.00565399243835109,0.00915555046941782
"spot_715",0.00164320357777145,0.000940394378017383,7.19601970256292e-05,0.628789889582273,0.308657513683687,0.00243961868940753,0.0397085316717553,0.00395567512165196,0.0137932130984103
"spot_716",0.00848832430269825,1.8128608435606e-06,5.52206564336517e-07,0.932116157028239,0.0100742151926161,4.36089862912359e-05,0.0237108091564008,0.00395307031660427,0.0216114499497423
"spot_717",0.000289258551388227,0.000193660363360743,0.000234385461130217,0.746128984877011,0.100378782053621,0.00268957355016736,0.126657699918344,0.00262899146591477,0.0207986637590627
"spot_718",0.000985717608426616,0.000316999180940573,0.000673250013148643,0.148499597480947,0.675695309560785,0.00121519420580846,0.139908048363442,0.0162711156716899,0.0164347679148109
"spot_719",0.000881697383944256,0.00155597927149376,0.00641934049696792,0.00696541273494039,0.882491611917849,0.000133491477272924,0.0963741111034726,0.000780767919797687,0.0043975876942619
"spot_720",0.000667324974538335,0.00100485834560937,0.00349122374931559,0.0596416041083052,0.806209541004743,0.000349412219611971,0.105167075104823,0.0089755543269091,0.0144934061661448
"spot_721",0.0117819740430368,0.000492804459852044,0.00383580752343737,0.0819861064376965,0.798284016550416,0.00030370541015549,0.0557892408328348,0.0109528142029646,0.0365735305396058
"spot_722",0.681498718534458,0.0117627053930256,0.00786938828565697,0.05821071648209,0.083283000268295,0.00103092330433079,0.0711978659941604,0.0830497163046002,0.00209696543338276
"spot_723",0.731219197168596,0.0161296358162976,0.00804099362457189,0.0243279509130787,0.0584484374399367,0.000986771237478026,0.0843355075799616,0.0757275675868612,0.000783938633218633
"spot_724",0.706716139039982,0.0233372559438143,0.0120318194891592,0.0378153962435546,0.0470428453597322,0.000171378402679597,0.0600018178637065,0.11265502298205,0.000228324675321796
"spot_725",0.712942168292404,0.0127572067546183,0.00674376449063951,0.0352565701028685,0.054910750348111,0.00117980568602574,0.0798177227695083,0.0953370868396494,0.00105492471617503
"spot_726",0.742551336610465,0.0215767488378603,0.00749556959704454,0.0176362360091631,0.0602261651875627,0.000657236735418086,0.0686931627237923,0.0804035457368053,0.000759998561888449
"spot_727",0.676637654272596,0.0283711397059398,0.0191842810107008,0.0213068938909777,0.0608159392597652,0.000142863291767671,0.0648517558276451,0.128623921622253,6.55511183552694e-05
"spot_728",0.710634440711504,0.0112937258389872,0.00646406186428355,0.0183243096958205,0.0683304013430425,0.00263769920710226,0.0761463402144197,0.103963063515483,0.00220595760935702
"spot_729",0.713336889868954,0.0148148418199228,0.014403721340403,0.0252678509063412,0.0574787170989723,0.00126958272780655,0.0648217959061894,0.107673533462931,0.000933066868479367
"spot_730",0.749679864226477,0.0143486526890604,0.00715384186735212,0.011441441405343,0.0561337557698745,0.000988631448306419,0.0880985467289184,0.0708153549090907,0.00133991095557749
"spot_731",0.516793593437476,0.0170832772723522,0.0123500116705903,0.0265539369721137,0.153506900528715,0.0884707102816969,0.106886916459331,0.0627759312850998,0.0155787220926248
"spot_732",0.260941826731526,0.160607890279875,0.0340268067426846,0.0877685269248841,0.203914441570651,0.0453739649457661,0.0934281361955465,0.0953243989379781,0.0186140076710876
"spot_733",0.207311697921412,0.257602669524797,0.0448766229592554,0.264866348790434,0.0671306702513197,0.000578315540803178,0.0947511087515231,0.0627287910348045,0.000153775225651794
"spot_734",0.00202138362162228,0.000717744974099405,0.000861946093759117,0.521407529160796,0.292994207262568,0.000598663115460385,0.153748609488926,0.00525033661206653,0.0223995796707028
"spot_735",0.00534844907132997,0.000822854646935152,0.00147420314248532,0.799807668682115,0.117629036021932,0.000885912037052426,0.0524127051688788,0.00319421912427914,0.0184249521049923
"spot_736",0.00255012198924918,0.00162475204412728,0.00376711899881542,0.0620393646843635,0.777539820939774,0.000167987588292822,0.0987559646104924,0.0270779904444663,0.0264768787004196
"spot_737",0.00787756466774705,0.00125772814392377,0.0106431109289393,0.0987902518045049,0.75496351523434,0.00121988741743545,0.0393861418805156,0.0205867195854902,0.0652750803371039
"spot_738",0.0640518341598045,0.00475957103817413,0.0232088543906523,0.0152741503506234,0.797184632547198,0.00184011136253523,0.0227603253251071,0.0175052048753077,0.0534153159505975
"spot_739",0.538537293482166,0.0138857876685005,0.0130030996346822,0.0280528979766836,0.183622231350124,0.00131219701216701,0.0432584681103208,0.176061513683924,0.00226651108143196
"spot_740",0.777919189671002,0.0386654751123815,0.0261423639865995,0.00917717501196527,0.0401634940666368,6.6110420288097e-05,0.0862611670883212,0.0213762599180047,0.000228764724800877
"spot_741",0.0197204373946467,0.0636789408501204,0.119716076279949,0.0127106607202373,0.0308465472541126,0.00286394554587758,0.000344988016476228,0.74815435073058,0.00196405320799999
"spot_742",0.000367176592208295,0.0226031545898947,0.0980778075143054,4.8625956882724e-07,0.00576397134482512,2.40581015683642e-05,9.56313604596865e-07,0.873146152687356,1.62365966686686e-05
"spot_743",0.0211707437567713,0.189935386581496,0.126445281454439,0.012694384266821,0.0492943070043698,0.00903469236929174,0.000555832330142529,0.589569106016159,0.00130026622050873
"spot_744",0.00732852750628898,0.140207351157711,0.0942183767268188,0.000853547149824139,0.00508133298547966,0.00127872176199402,0.000735033104724689,0.749759147103518,0.000537962503640676
"spot_745",0.0109268468718499,7.25696097256755e-07,2.06385163903465e-06,0.409205957304415,0.492369052163349,0.000195769441086872,0.0057792496944835,0.000991936612735321,0.0805283983643449
"spot_746",0.0420677879415135,0.00767120772635347,0.0102733842022194,0.352842932506089,0.223239723062979,0.00092667410797698,0.326306028735764,0.0204087787226987,0.016263482994405
"spot_747",0.018804259444488,9.90584294734266e-05,6.33341873308505e-05,0.731179052152983,0.189312336555142,0.00412413392668053,0.016590307310889,0.00280974727427876,0.0370177707187341
"spot_748",0.000259905296976455,0.000460636526976656,7.067886948691e-05,0.835097473256684,0.0188235241154866,0.00149714703167177,0.136583949972113,0.00658461964039375,0.00062206529021083
"spot_749",0.00917213268324266,0.000883868905344542,0.00044718662586511,0.718273358279484,0.226929058593285,0.00108253985666576,0.0120972315902614,0.0014803720110702,0.0296342514547813
"spot_750",0.0111567800608852,0.000626368797858293,0.000240330480962119,0.407379122040039,0.490293347570083,0.00241481476877931,0.00798116854691228,0.0335328785838184,0.0463751891506621
"spot_751",0.00885156057970863,0.00448327389275894,0.0157712441000257,0.0373393410280113,0.8042763092119,0.00383915181049854,0.0465763236286136,0.00857797439779346,0.0702848213506904
"spot_752",5.12635947772267e-06,5.87595317747865e-05,7.60693109107986e-05,0.0072061567014027,0.966895479667979,3.18696479677493e-06,0.00217443943451845,0.0132309787847358,0.0103498032444041
"spot_753",0.791694492715793,0.0131215469132926,0.00769172724842522,0.0153668732525583,0.0412870143883951,0.00210060777553951,0.102261790463808,0.0242146629741306,0.00226128426805728
"spot_754",0.562394152873761,0.00964821319156092,0.00821531862533188,0.029988484386123,0.0555514305260201,0.00136116097504123,0.183634089314745,0.147803825665894,0.00140332444152295
"spot_755",0.739307745330422,0.00887884609709826,0.00340747633571986,0.0869509758899644,0.0231857181157022,0.000425264703732363,0.10788583166594,0.029806991192214,0.000151150669206707
"spot_756",0.71598664389776,0.00678247994759348,0.00408701997725099,0.0328377930705137,0.0807727013022016,0.00270481143229322,0.0910969342737507,0.0635883837921721,0.00214323230646431
"spot_757",0.600266768580507,0.0224157201942913,0.0113089315316521,0.0219630013033073,0.071220679434401,0.00145659339894881,0.140976282291311,0.129674309264809,0.000717714000772924
"spot_758",0.809305757593832,0.00660351939492296,0.0156211016195002,0.00268772942895604,0.0280234897450753,0.00169375804985654,0.0234221138364051,0.108149429960194,0.00449310037125747
"spot_759",0.761852306451898,0.0131156924111492,0.0100909947675737,0.0309979456605087,0.0429033170803224,0.000770753826519924,0.0711520606530886,0.0684625915120066,0.000654337636933243
"spot_760",0.696417325731077,0.0150863902075362,0.0178688009140141,0.0594120523875201,0.0444314920390643,0.000127080899995986,0.104581876703036,0.0618075108701067,0.000267470247648894
"spot_761",0.759871679882405,0.0102926074380242,0.00546789964705442,0.0494634882958715,0.0244985447742563,0.00450131652472923,0.0967080420804102,0.0465498975750801,0.00264652378216881
"spot_762",0.704722880238437,0.0279133027044935,0.00839271227223973,0.0178620350923282,0.0637105244554164,0.000572408664370898,0.0709988805952799,0.105185967114351,0.000641288863083129
"spot_763",0.572627553370758,0.0250014661484883,0.00263614925965383,0.0485506306009695,0.2672598943752,0.000312539168923515,0.0205404546012654,0.0608993112081474,0.00217200126659411
"spot_764",0.0742230268137708,0.432775263909647,0.0871484588992627,0.0944579359070928,0.112400914277032,0.00376197829267946,0.0740348979991598,0.120801392914786,0.000396130986568675
"spot_765",0.0795945049338924,0.143890680703825,0.0199138601732748,0.404439867882045,0.289507192985218,0.000678755824636439,0.0529421958283779,0.0061044018051635,0.00292853986356785
"spot_766",0.370516864755984,0.00561522913640614,0.00466287996242207,0.449357347391594,0.091917786268483,0.00162746879594506,0.0285676990512332,0.0461433547766781,0.00159136986125353
"spot_767",0.0181912476919203,0.0148041295176051,0.0690010535210772,0.0617858620303547,0.0186877032938121,0.00311498868926593,0.718730048905832,0.0942773217704993,0.0014076445796337
"spot_768",0.0217888183467683,0.00692869362092255,0.0253081836176483,0.0757868721109552,0.297005161098188,0.00204031235704685,0.36333336161855,0.184083475467999,0.0237251217619226
"spot_769",0.00970467318444715,0.00667351377843078,0.0718566235997077,0.018386374229953,0.440941978145858,0.000413401549699826,0.000285540531480668,0.432289782112333,0.0194481128680897
"spot_770",0.00667587922925997,0.0225659074384148,0.146446465904628,0.00179841346972213,0.0128629832436214,0.00239158684266721,8.83224983705154e-05,0.801069767938107,0.00610067343520928
"spot_771",0.0137582498800515,0.0313942702226451,0.102095722307359,0.0116654300471647,0.0391172520602796,0.00606175376057424,0.000197759859600941,0.792090341732829,0.00361922012949577
"spot_772",0.000842225313452003,0.0281480803409509,0.135940613863416,2.57981603504296e-05,0.061751533986246,0.00223579040664903,1.96781693922738e-05,0.771006176559915,3.01031996281865e-05
"spot_773",0.0141865995827432,0.0229607029799118,0.136784133339252,0.000639814904817763,0.0133024773252971,0.00124699552479417,9.35420925840312e-06,0.803869598935728,0.00700032319819797
"spot_774",0.0244966672375938,0.0239205796470348,0.0787449638408939,0.00820506444034187,0.194802161486378,0.00330111112291548,0.00129564696615051,0.646807049851455,0.018426755407236
"spot_775",0.00839147076104471,0.0679514596178027,0.114848421504823,0.0124021090958184,0.111803631807437,0.00364335471470676,0.000129885772510173,0.670646780978465,0.0101828857473917
"spot_776",0.00412649033859317,0.000421183958545393,0.000277590813972681,0.625124994957117,0.208365846657425,0.00117939201548644,0.128009446640402,0.00148351877163493,0.0310115358468236
"spot_777",0.00849888569926749,0.00781006626323003,0.00187796756466915,0.75343143736146,0.0473320957989385,0.00407866253547372,0.146599341279679,0.00742086141983606,0.0229506820774462
"spot_778",0.00426034462098812,0.00460771525159421,0.00523255288000632,0.303476299126367,0.419888518253148,0.00120091447358733,0.249407182448978,0.00277585974858375,0.00915061319674745
"spot_779",0.00312075363961945,0.00579776965983131,0.0167434024554481,0.505430240622552,0.0308073042777272,0.00341753101032291,0.196418116217389,0.22768977037224,0.0105751117448702
"spot_780",0.00621407520288151,0.00222350346414755,0.00400535989795391,0.536197131916748,0.255087388705122,0.00121351335257547,0.162672582237896,0.0209527843603475,0.0114336608623269
"spot_781",0.00437682045205199,0.00532638816872139,0.000483496300083008,0.36896676401495,0.021448117691584,0.00155518412709024,0.553913129947632,0.0427565748983972,0.00117352439949061
"spot_782",0.0136092628445985,0.0045954893213198,0.000810960953978562,0.255585195510562,0.075715996706852,0.0113890930982687,0.581085078604565,0.0490939808746656,0.00811494208518962
"spot_783",0.179732281807082,0.00889879791093803,0.00579585919593439,0.165388274564354,0.0194984967917171,0.00132529920017685,0.574561257727932,0.0439646330979653,0.000835099703899318
"spot_784",0.706285628889373,0.0159436104419992,0.00724341139013989,0.0336103508309916,0.0733715087247574,0.00291831095300578,0.0757441910323235,0.0837475069436916,0.00113548079371849
"spot_785",0.77172288388481,0.0148534753875975,0.00987864916353895,0.0117629828387836,0.0242365732577953,0.00197052444978014,0.104259181445386,0.0599985861902777,0.00131714338203109
"spot_786",0.691832729448617,0.0107735089684777,0.00494036814725421,0.0698197717898621,0.0465465279467323,0.00612664376717934,0.0522068838420002,0.108756379852996,0.00899718623688154
"spot_787",0.695699967036516,0.0164462498702665,0.0124427344877208,0.025233755335055,0.0657842390998943,0.000590798803368417,0.081577588395512,0.101772291323079,0.000452375648588015
"spot_788",0.709875150436965,0.0158306163855582,0.00821677234609556,0.0301591941521984,0.0663828925823499,0.000568079446379119,0.0793457624514503,0.0887559841346168,0.000865548064386154
"spot_789",0.623655411313051,0.0188205127679799,0.0172739655127814,0.157626775635894,0.0567860580059862,0.000459085057059006,0.0604934521251555,0.064528529155781,0.000356210426311778
"spot_790",0.682358568723975,0.0113048505724026,0.00395696087529531,0.0265749547189556,0.0385437689917418,0.00116858547770532,0.164237594656025,0.0710505761487753,0.000804139835123336
"spot_791",0.767449018525393,0.0118006700763142,0.0107659758710158,0.0103881256228045,0.0395090788686765,0.00031689216240819,0.0915316895238102,0.0677623026605017,0.000476246689075607
"spot_792",0.713012393293503,0.0170688525911753,0.008151429127087,0.0200562985399227,0.065627458634943,0.000653041173954989,0.0745009174553843,0.0999901085060597,0.000939500677969807
"spot_793",0.796628145757696,0.011683808072654,0.00693777195276306,0.00645571804097528,0.0339274528662628,0.00113760173789176,0.120281816516206,0.022175381782973,0.000772303272578762
"spot_794",0.736657423290765,0.0113005921810807,0.00565534088926484,0.011917127025453,0.0556184835129021,0.00141867007380632,0.0595806134598679,0.11666936895817,0.00118238060869053
"spot_795",0.292140187954787,0.20783093619554,0.0490350087175106,0.0121623759489075,0.286587233705939,0.000575745549825787,0.0820386944209578,0.0686262880847023,0.00100352942182947
"spot_796",0.0605677007934839,0.174577990737075,0.0291648021955195,0.0926476751125926,0.31541903831981,0.000819561874538651,0.17256337687951,0.146369220198281,0.00787063388919022
"spot_797",0.0560779692175766,0.369892890115041,0.10671273298931,0.0349633536053401,0.266616512099364,0.00044197905944349,0.0449094817312216,0.120171921591812,0.00021315959089168
"spot_798",0.0424738763349099,0.319193936293615,0.0471113261032758,0.0801855083676543,0.151543820215165,0.00140143234385794,0.203774846273484,0.154065229628315,0.000250024439722445
"spot_799",0.0223593184223779,0.0181492062199507,0.0124920091516642,0.0521698091890702,0.0197449634094277,0.00111723278213525,0.302349648291568,0.56890133895528,0.00271647357852614
"spot_800",0.0691497737881135,0.288911034234423,0.114315458135457,0.0246542663625077,0.0336020697675727,0.00317141982820087,0.00703513535030421,0.458579378032097,0.00058146450132375
"spot_801",0.028029577840563,0.016420535623526,0.093989793782085,0.0178040109655905,0.131006360021004,0.00467689026999842,0.000511077261209834,0.68902019506014,0.0185415591758833
"spot_802",0.0395912824045886,0.0136943602530789,0.051866264004394,0.022390026508122,0.152735278071938,0.00558294724160465,0.136899007008303,0.560947704433387,0.0162931300745829
"spot_803",0.00939657609992939,0.0265647112694584,0.128435914596897,0.00643184066435982,0.0405287685109402,0.00455910096437653,0.000286487510092395,0.776360634624495,0.00743596575945066
"spot_804",0.017170311551299,0.0163643848883652,0.104063835658144,0.00102603495391307,0.0503018525280791,0.00119036408647759,0.000205857594579362,0.801588846450707,0.00808851228843513
"spot_805",0.0345726995319743,0.0175497537545071,0.0563899762831857,0.00821662035917073,0.278326499428198,0.00218499004427197,0.0442109214421072,0.539777279062102,0.0187712600944824
"spot_806",0.00873379066306856,0.0136217506372218,0.110910238914311,0.000759182813682982,0.0949138456034656,0.00186837626990878,2.53671316979753e-05,0.75139126998582,0.0177761779808233
"spot_807",0.00528097594223541,0.00147895408856568,0.00218524630794072,0.528168584625855,0.328594474833114,0.0019505197104048,0.0792741099631942,0.00898518535885853,0.0440819491698313
"spot_808",0.00215871377996344,0.000764754318000652,0.000749677355629824,0.818028263388798,0.0962062203798037,0.00502521853374971,0.058957888636766,0.00165664776410042,0.0164526158431878
"spot_809",0.0263980764599303,0.000468941192184068,0.00758488470141125,0.658251413383013,0.224072755666546,0.000718980249011689,0.0265624500961688,0.0195520805643715,0.0363904176873635
"spot_810",0.00480299353802641,0.00018791486395672,0.000252155150775973,0.861365364369876,0.0640091681292256,0.00109739623331223,0.0422297288928434,0.0166189072848225,0.00943637153716072
"spot_811",0.0190805115781536,0.00718907613456144,0.00168104469117715,0.110386209991588,0.0112986793173381,0.00381259642203537,0.795754965152228,0.0480395214530195,0.00275739525989911
"spot_812",0.0175371873420539,0.00670803180312671,0.00234538075422908,0.103583208359065,0.0493758697656794,0.00211075289038367,0.710572912268358,0.102612255862209,0.00515440095489494
"spot_813",0.0228293470619355,0.00305802937228424,0.00463604446869462,0.143746150742698,0.016687475288836,0.00121445203458937,0.760865263929185,0.0457528173066761,0.00121041979510137
"spot_814",0.738799313965045,0.00871263897687741,0.00759369279667051,0.012966503935032,0.0574669107431302,0.000719041806670931,0.0810716432275314,0.092069097377656,0.000601157171386792
"spot_815",0.652885730233644,0.037587881349031,0.0315320409881454,0.0178230816836863,0.0690052064638084,0.000974125037110646,0.056539755582038,0.132974155883351,0.000678022779185823
"spot_816",0.768307783056939,0.0211554296375369,0.0161285332931763,0.00704098420599774,0.0491998567700448,0.000176642582742876,0.0799313045435392,0.0578940337497433,0.000165432160279912
"spot_817",0.653761507782444,0.03928869711625,0.0189256107445843,0.036032188333571,0.0831110248329971,8.28505142875788e-06,0.0753197835490902,0.0935471631391185,5.73945051641093e-06
"spot_818",0.673281541143809,0.0585329171513716,0.0113540751797134,0.018812603432108,0.0636622287605711,0.00102563111702629,0.0937362709650691,0.0785766728511697,0.00101805939916147
"spot_819",0.101720178651397,0.379748955946116,0.0589548575982521,0.11167789521184,0.161736714372245,0.0103046309368605,0.0188036530683069,0.0690913781349979,0.0879617360799846
"spot_820",0.186017734193164,0.00654062118873387,0.00680065391954954,0.0720216750527952,0.29045862796968,0.0188619089840876,0.0637461689593684,0.0194326442592445,0.336119965473377
"spot_821",0.0376356579117639,0.1289125724437,0.0363345584176245,0.0260335888071311,0.189044698562006,0.0120240397336917,0.0993074425490524,0.0370619939176176,0.433645447657412
"spot_822",0.544580507257713,0.00700021723020132,0.00495950030843701,0.0265332967250166,0.126512149441156,0.0144261831359717,0.196887452272839,0.0166244706483125,0.0624762229803529
"spot_823",0.610416605834252,0.0428355910630507,0.00989326317992862,0.0421736987855422,0.123506841500523,0.00416536265522125,0.0849267961141667,0.0724075361973232,0.00967430466999288
"spot_824",0.727978775818164,0.00908264995988854,0.00515270555096713,0.0326885696825001,0.052621577135675,0.00307408536326625,0.100767309537454,0.066404068290961,0.00223025866112422
"spot_825",0.744845811952469,0.00940938368570352,0.00888217719821205,0.0216154406849458,0.0553995148029328,0.000371874270688758,0.0716175574741453,0.087430783201545,0.000427456729358191
"spot_826",0.508227250673881,0.0176119803836813,0.0159944916651313,0.0891971717397853,0.217268410147308,0.000963158527204923,0.0873037812529642,0.0609921438949519,0.00244161171509191
"spot_827",0.0129050233482563,0.00273023273778515,0.00127121811170143,0.104782048006164,0.167196270642846,0.00179865445987429,0.616114132863701,0.0771374330553194,0.0160649867743522
"spot_828",0.110627886643152,0.229870559202686,0.0707503543956427,0.0350362639844345,0.292783568494817,0.000836291533170775,0.178063452656815,0.0756027415131715,0.00642888157611006
"spot_829",0.0478452196718532,0.269934144356835,0.049857603255081,0.0323083611131305,0.055626661435618,0.00312353446148219,0.0576169109295936,0.482573764995652,0.00111379978075393
"spot_830",0.033486607621997,0.265804074109045,0.11873377720247,0.0237073524436619,0.0219256331140751,0.00164886713080782,0.00284029956816998,0.531383625863692,0.000469762946081926
"spot_831",0.0375398772734555,0.193690441920133,0.125274044833787,0.00149898223303227,0.024872025325559,0.00155450525395419,0.000453397059538505,0.613760115404221,0.00135661069632013
"spot_832",0.01266397756617,0.0164009350765487,0.127084823725111,0.00937161559164301,0.112582131932331,0.00868780675756951,0.000232663883879893,0.695203861987763,0.0177721834789837
"spot_833",0.0122934170561086,0.0223976559297063,0.129444153594646,0.00337881677733499,0.158403582034375,0.000296476672187286,0.00244140956100196,0.66967126317179,0.00167322520284948
"spot_834",0.008565402075373,0.0075837399926865,0.10014973627259,0.0130619353554487,0.127914263976207,0.00280900483633772,0.000164380260513914,0.72646478626604,0.0132867509648026
"spot_836",0.0154106986187928,0.0187180003589599,0.0753887843730979,0.0138686155951971,0.231399738091503,0.00201991509825051,0.00145829593969293,0.634863978216697,0.00687197370780823
"spot_837",0.00561414524461227,0.0194141937971827,0.0970257527666274,0.0333838059477469,0.175359589402161,0.00112991710779543,7.07648733978304e-05,0.654138003565838,0.0138638272946382
"spot_838",0.0117125652717852,0.000273624755371115,7.02776256458623e-05,0.82408593806264,0.088650682691958,0.000651469814132424,0.0549708874939416,0.00231787223915073,0.0172666820453751
"spot_839",5.27436551736656e-08,6.58006484973481e-06,1.10006494685909e-08,0.954540365292233,0.0440171607342096,0.00117398229366691,3.04195182837099e-07,2.71172906441977e-06,0.000258831946489284
"spot_840",0.00446546313854105,0.000101607724100864,4.78471576560494e-05,0.734495843840713,0.0384186210675692,0.00866184517008622,0.14714587750937,0.00158411588672762,0.0650787785052362
"spot_841",0.0208268906944494,0.00819987597181629,0.00279200958399174,0.0883550287065309,0.0397996745369782,0.0163554117535205,0.745239420011213,0.0626264089448081,0.0158052797966922
"spot_842",0.0130395665020112,0.00797898377681469,0.00338704674128356,0.167877152184051,0.02971511791295,0.00269563635217472,0.72895129629065,0.0456977454937147,0.000657454746350447
"spot_843",0.00641797799066673,0.00732654794556912,0.00103103099475962,0.105609451574552,0.0154086108670064,0.001882419029022,0.793728088309071,0.0681238870098973,0.000471986279456519
"spot_844",0.0174920985248517,0.00555516705614714,0.000694289006232176,0.11426740504608,0.0219795652268892,0.000904355093883339,0.761264189367709,0.0763864812663144,0.00145644941189306
"spot_845",0.00651663904994667,0.00277376539462452,0.00302616964859925,0.173881384284254,0.017764665284093,0.00361984253030874,0.760991013172165,0.0301590318183893,0.00126748881761953
"spot_846",0.729633414100442,0.00878012528703567,0.0110997293976901,0.0397375239595649,0.0682393946639665,8.15119770205631e-05,0.0888534034657599,0.0530418556633648,0.000533041485155186
"spot_847",0.750633542595363,0.024765681593599,0.00731258972631941,0.0106050420751212,0.0599335113962281,0.000840275650742301,0.0242865771291232,0.120591675907525,0.00103110392597787
"spot_848",0.152288773480012,0.0148378575031913,0.00645941095741084,0.0415324096222563,0.326761311457522,0.0105923156099596,0.0515468912875225,0.0200581532710671,0.375922876811059
"spot_849",0.00698333874449028,0.138966980233004,0.0205902790822568,0.0218275949230404,0.336691284835293,0.00657928128229559,0.0510684658242749,0.0288542834014905,0.388438491673855
"spot_850",0.00125241090583216,1.25734445164003e-05,4.96135420226378e-05,0.0482151708335436,0.346090495891537,0.0120144372093081,0.0505237507225443,0.000993400564055454,0.54084814688664
"spot_851",0.0373069272878532,0.231337194041286,0.0504934344477617,0.0324127221432912,0.143106560994666,0.0290033185763561,0.0797293212862389,0.043179272377697,0.353431248844851
"spot_852",0.0203336266495633,0.224239072575613,0.0177905377538142,0.0327066051003037,0.218458608609864,0.00860293305471931,0.0816937543290633,0.0517517541047873,0.344423107822272
"spot_853",0.00910985314875681,0.213493415106064,0.0294490475657729,0.14789092714493,0.268763411154634,0.00700802495992271,0.0432020481125341,0.0125747408043463,0.268508532003039
"spot_854",0.0506716587215833,0.191468831466426,0.0502373205504134,0.093655078595555,0.226508942219443,0.00981849819994108,0.0295402750417617,0.0962900816299255,0.251809313574951
"spot_855",0.590448457275833,0.0101686675366542,0.00745811017038305,0.0439929081460489,0.163766307317061,0.00778008311711232,0.0935242390251771,0.0518529061406649,0.0310083212710656
"spot_856",0.760311943670586,0.0116662914533606,0.00772686795750281,0.0198680570756668,0.052364605484134,0.00130425450346009,0.0715980311440219,0.0738821863197105,0.00127776239155771
"spot_857",0.61528356380799,0.00877650545603793,0.00855895014207135,0.0458327069584972,0.0553176200500405,0.00190805992519457,0.151731900604661,0.110951646721365,0.00163904633414314
"spot_858",0.0716578060175518,0.0932827080390653,0.006912468114549,0.13146282192769,0.23414586705101,0.000441304880845321,0.441642131027592,0.00936436201388066,0.0110905309278159
"spot_859",0.0235642898961126,0.0110912448462494,0.0028030304388715,0.0453770742961266,0.0872567627296987,0.00724371607750325,0.526628536541251,0.260442958747012,0.035592386427175
"spot_860",0.0369028304962546,0.196476811074683,0.101821822625749,0.0119262605705077,0.0520016964854499,0.00793462726626562,0.00302357089287391,0.584892209962564,0.00502017062565191
"spot_861",0.0187931646887311,0.117056080368743,0.0879647575238043,0.00538777294644281,0.0113718123616047,0.00110631583901703,0.0590050592707713,0.698730292292071,0.000584744708815214
"spot_862",0.0463535363041001,0.0119658555243319,0.0802385849326509,0.00255561554675425,0.197826833101446,0.00234661875464008,0.00017592374566768,0.603563550947514,0.0549734811428956
"spot_863",0.018305469555322,0.0243148846478199,0.0347269681886673,0.0136090327706606,0.0368412951910626,0.00163483138357723,0.0127708353869362,0.853469502349084,0.00432718052687063
"spot_864",0.0198227267711081,0.0207272296903833,0.105547914888193,0.00120556161468671,0.0212303000398896,0.00256654800382353,0.00158621339304134,0.825089022710535,0.00222448288833936
"spot_865",0.00928484162424885,0.0149890156469646,0.0983178704159288,0.0280099215400352,0.169961293902988,0.001516742988966,0.00300903899819115,0.666258221801129,0.00865305308154836
"spot_866",0.0149209361212978,0.00953404614500881,0.0202880107834842,0.0232211989757779,0.310280748783118,0.00061365689508159,0.0334617367736376,0.580121789983601,0.00755787553899294
"spot_867",0.0210815481129809,0.0247449644172527,0.10356656065463,0.00239027658988249,0.0194048213216422,0.00407100129969581,6.08929438610962e-05,0.824090370364431,0.000589564295623355
"spot_868",0.0289589326748827,0.0232420836254232,0.0822848033209316,0.00403551455591882,0.100412645750794,0.00161485620895203,0.000469033359862687,0.753858692982629,0.00512343752060514
"spot_869",0.0104915392614151,0.00130685857652999,0.00133437944878474,0.693154798067736,0.168504390151312,0.00102311242856383,0.108285355137362,0.00127754760985642,0.0146220193184392
"spot_870",0.0305394457935022,0.000241044061909417,9.07579074326477e-05,0.761045157013333,0.0988539850939919,0.00126412803265146,0.0659422953205612,0.000881797418242194,0.0411413893583759
"spot_871",0.021377372811985,0.00582400117390931,0.00158209412958195,0.296922921433817,0.0519182939704565,0.0176331458200632,0.521822445404943,0.0468044066580398,0.0361153185972036
"spot_872",0.0108204533299698,0.00600582657497776,0.00208387078700987,0.0814969011002937,0.0222075211292752,0.0016723723858229,0.792587743904428,0.082207787136851,0.000917523651371454
"spot_873",0.00933479020244572,0.0058234495411917,0.00127282094152448,0.0850976372202999,0.0161952708560888,0.00180879002154553,0.804731854685612,0.0754715015471004,0.000263884984190902
"spot_874",0.0156584540626748,0.00461108950368518,0.00379353885810854,0.0568184916826213,0.0203853189818564,0.000669693039129755,0.813745416876327,0.0834637117228641,0.000854285272732609
"spot_875",0.022679170094401,0.00575019509751743,0.00161461133970164,0.229350201150653,0.00660064522601559,0.000184637861923344,0.695890669535461,0.0372313972633307,0.000698472430995907
"spot_876",0.0269776045107673,0.00675256492372036,0.00168495944826961,0.06562378450674,0.0338718466095594,0.000760565146934606,0.755570653134652,0.10654123872431,0.0022167829950466
"spot_877",0.615451258831837,0.00808573893535258,0.00400445583665244,0.0306251787743723,0.0565487402338403,0.00163030334515839,0.22365924310678,0.0590555090582107,0.000939571877795581
"spot_878",0.617148414746257,0.0118369911210756,0.00965722053519595,0.0235981546223414,0.16354795812951,0.00284024480199952,0.0810294132019889,0.0807185366911727,0.00962306615045848
"spot_879",0.055781942732136,0.267785940140122,0.0404162061784846,0.0571121935474006,0.172238639692323,0.0169116143078898,0.0967736682669323,0.0905974867436063,0.202382308391105
"spot_880",0.00146300905824994,8.52386524289294e-05,6.7097086405233e-05,0.0876176826496684,0.334267484633451,0.0184548325089266,0.00745306382969045,0.00517647365152039,0.545415117929659
"spot_881",0.021791872616941,0.0977827077749268,0.0155795459921827,0.0873258872685271,0.288214302259534,0.0190487257312095,0.116888923570477,0.00945330235385131,0.34391473243235
"spot_882",0.0127821958332891,0.170249276018893,0.050818092630457,0.0965645952462751,0.198219886179979,0.00892337324775731,0.117163745146879,0.0122720765142646,0.333006759182205
"spot_883",0.000553659451058827,1.43019886236664e-05,2.99965313210426e-05,0.0527648181644568,0.348039062288461,0.00334308140772955,0.0232612046655261,0.00331804184425076,0.568675833658572
"spot_884",0.0354149113809258,0.165963499642716,0.0393442670778272,0.0555353078731739,0.321325959643015,0.0091648815175116,0.0258433822728058,0.0588219977391176,0.288585792852906
"spot_885",0.000789398606114301,0.000102773491571305,2.6592634552169e-05,0.0488523728498706,0.362887494119267,0.033263314352888,0.0101559426391225,0.00483296179715069,0.539089149509463
"spot_886",0.00191931926147974,0.000207827743894937,0.000117142491531182,0.0816003064967142,0.338508226918923,0.00853755883685698,0.0627404453763984,0.00220220589025657,0.504166966983945
"spot_887",0.0257321627224739,0.229852639239518,0.0135874073671737,0.0385821714495901,0.236643362399828,0.0130010458659754,0.049468905313558,0.0510184085727586,0.342113897069125
"spot_888",0.200388365406097,0.00921988491184362,0.00574384298068174,0.0718900905968889,0.362198535012527,0.00140868577608731,0.292648660111772,0.0529294401816723,0.00357249502242972
"spot_889",0.0194227021534899,0.00594164444797492,0.00842647851994979,0.106803119871011,0.151965134034334,0.00284109760825514,0.61054808613829,0.0705749653070232,0.0234767719196727
"spot_890",0.0450855424088803,0.0647461416366874,0.0511803080601507,0.0154916745747031,0.114680544765127,0.00509661358821664,0.128467201364405,0.560185762682082,0.0150662109197473
"spot_891",0.0741749329392497,0.086127098864631,0.170315151994862,0.00096320322285587,0.0101573724839519,0.0220918747197783,0.000341704701003014,0.601375078537598,0.0344535825360708
"spot_892",0.0152499099629225,0.0182328706221542,0.144964095670079,0.0013566665941454,0.0479936725617212,0.00567103886359756,9.3515643208441e-05,0.757604761624039,0.00883346845813262
"spot_893",0.0141400680901517,0.0139828267690875,0.087309967336297,0.0123827557913483,0.139547045868159,0.0016581411891476,0.0047949679118846,0.72297943309812,0.00320479394580453
"spot_894",0.00633072343629925,0.00963054635595427,0.352877905641765,0.00520959056970865,0.0240697790729485,0.000827559958331802,0.000740497979804095,0.599707331381762,0.000606065603426127
"spot_895",0.0196557718687524,0.0196962000826626,0.6467729705965,0.0256123831804045,0.0452466910375669,0.0101375521373871,0.0385036841907098,0.194158564030241,0.000216182875775813
"spot_896",0.157297725512569,0.0747185929010358,0.444875017586711,0.0327442696591653,0.0777435312052494,0.000677167585789015,0.105081314825308,0.106670401722686,0.000191979001486902
"spot_897",0.0605478349334273,0.109997570458989,0.39130550086218,0.0316550078154792,0.273173333803327,0.000211080860552689,0.060128575939396,0.0727521985008796,0.000228896825770416
"spot_898",0.0464293311733881,0.0467779209191062,0.305793971045119,0.0322826292437393,0.041163849963105,0.000407677885407396,0.0786597995672114,0.446771122948592,0.00171369725433114
"spot_899",0.0374682615237452,0.0468405310694058,0.321909929709091,0.0628599549408832,0.243803787025738,0.000553183997780602,0.0897471199055039,0.19334115579549,0.00347607603236214
"spot_900",0.00280748039049241,8.66757526835592e-05,1.65626158458408e-05,0.908504619405883,0.0766848981376803,0.00106998897695663,0.0069060962376316,0.000598001312616959,0.00332567717021021
"spot_901",0.0118013676839792,0.00129750800661692,6.4511800983988e-05,0.807301001116907,0.0535301529990795,0.00325803373056383,0.099714751607771,0.00129513294824912,0.0217375401058492
"spot_902",0.0189216820438218,0.00170543983915531,0.00104681890418147,0.43588259359937,0.0116349664800688,0.00210242461592374,0.495552787636283,0.0302922201391132,0.00286106674208335
"spot_903",0.00887882291339978,0.00385157822514869,0.000827557410451788,0.104930717435112,0.0215850336620571,0.00109108821172397,0.791247963792677,0.0673270523578097,0.00026018599162076
"spot_904",0.00944663643078971,0.00447708924866633,0.00174258322236571,0.0757167221482581,0.00901822776504925,0.00103583911212801,0.837194774413553,0.0610120005107008,0.000356127148489597
"spot_905",0.0221366779574444,0.00565173901766946,0.00184284622833217,0.0644655253575668,0.0246839840053243,0.0009485222781208,0.775169696931369,0.104350632061769,0.000750376162404401
"spot_906",0.0308094416800316,0.00184082630765766,0.00447428372675756,0.200413321601941,0.0171262410436665,0.000227096477695653,0.724292197868542,0.0188375809074287,0.00197901038628009
"spot_907",0.00717793135320912,0.00383301176057769,0.00181707853409904,0.289244826793624,0.0237507215389757,0.0020100014217706,0.6225651044302,0.0473541226442161,0.0022472015233277
"spot_908",0.355560267275697,0.00650298719104133,0.00246954860301437,0.035192095890775,0.0942683816617824,0.00210034463716284,0.374126029860377,0.127298370550012,0.00248197433013784
"spot_909",0.521259562899315,0.124960635421781,0.00785348208119349,0.0294615478034181,0.140573640136399,0.0167312077979354,0.0671363025883109,0.0627539112557657,0.0292697100158815
"spot_910",0.00480999880983439,0.174265360426514,0.000773276507486462,0.0485303992228939,0.365888855849041,0.0138396396518947,0.0829887711470168,0.0235927697592537,0.285310928626065
"spot_911",0.0197736012044175,0.154363947084021,0.0405210514100353,0.102416289955639,0.159513480141592,0.0220759109036634,0.102423172448312,0.0141656125889316,0.384746934263389
"spot_912",0.00203287827956409,2.6219494855148e-05,3.62857526636021e-05,0.0287007912869473,0.418196020325691,0.00644727189931023,0.039542333658901,0.00562618922082147,0.499392010081246
"spot_913",0.0321073096024853,0.334630395704478,0.0238042192572651,0.0200997655206322,0.431952246932534,0.00359486054143271,0.018749428231583,0.0766160394961416,0.0584457347134486
"spot_914",0.081128771373711,0.437932126122146,0.103274359690323,0.033103970060106,0.130361879360354,0.00623714131560872,0.100330834148324,0.0869599984728868,0.0206709194565404
"spot_915",0.001545118458128,0.000537781296043885,0.000520664377439547,0.0609736526968962,0.297581012721534,0.0134629352119052,0.0346423079437053,0.00430379004026245,0.586432737254086
"spot_916",0.00441242896855225,0.00164473988361768,0.0140054731692802,0.099987302616387,0.268964501763391,0.0248847999768342,0.0707602851734589,0.00193715674254859,0.51340331170593
"spot_917",0.000297133892667771,0.000420915923630783,0.000296535720907528,0.138247896663694,0.473554109550849,0.00701751715664704,0.00139191212997914,0.00105770700268401,0.377716271958941
"spot_918",0.0188085185850884,0.284092651952449,0.0628831850774817,0.154501972108287,0.179462014802977,0.0259495458217842,0.0304874364786376,0.0751944700268426,0.168620205146452
"spot_919",0.043975301988769,0.164428818449932,0.0115223372790809,0.0724192119976323,0.150258518971194,0.00121606398497942,0.381318400884597,0.059253362485715,0.1156079839581
"spot_920",0.00678604272704124,0.00301765243909317,0.000828651993397168,0.0858644432801349,0.211370213596492,0.000508692078740033,0.641839951251418,0.0441425139744219,0.00564183865926119
"spot_921",0.0313889987428653,0.221395400137952,0.0732338894011681,0.00562973316570669,0.025524749756956,0.00104411310453854,0.000336949685210755,0.640240429834145,0.00120573617145844
"spot_922",0.0037287270072285,0.0220855936971528,0.115367489671609,0.000264848837245506,0.0194264479191466,0.0015768921681929,1.94087568826719e-05,0.835175888512601,0.00235470342994161
"spot_923",0.0644259113808857,0.100355151596694,0.362040367793382,0.0785907234116661,0.0289330659146019,0.00509414937821822,0.0135848318132802,0.346820375220471,0.00015542349080145
"spot_924",0.036872997958417,0.0682898899008209,0.541018953004698,0.0484926416715886,0.0904147406308446,0.000683402404951123,0.101393258047224,0.112269459660518,0.000564656720938294
"spot_925",0.0193916248062859,0.018285367210446,0.472595819780638,0.242819186165598,0.0780410685861169,8.08139134957151e-05,0.134152762363239,0.0333545399049052,0.0012788172692755
"spot_926",0.0694000231069444,0.0545218038113329,0.548007983937676,0.0251579795354322,0.0789708789649369,0.000206746382604755,0.12932735562144,0.0943492770226609,5.79516169723839e-05
"spot_927",0.170442739286,0.0532471748047563,0.43618859913568,0.0696908833892917,0.0614630023719813,0.00277293147044208,0.065008320818436,0.138297664896372,0.00288868382704062
"spot_928",0.0504073377253467,0.0844811352801687,0.540892734106808,0.0527198121666271,0.111345999840113,0.00023558809066872,0.0540036930965118,0.105776236739454,0.000137462954301256
"spot_929",0.0648405522340852,0.0890853770333373,0.530433852369052,0.0280147327200746,0.0862803464171883,0.000437421541302762,0.0393782564238419,0.160675018825582,0.000854442435535694
"spot_930",0.0533961018660472,0.0734719996810443,0.496772128072072,0.0996850778660536,0.0794276558159822,0.00101693863377864,0.126955477685745,0.0686707348906417,0.000603885488635119
"spot_931",0.00679340719473655,0.0193117178670616,0.00309510341032958,0.571958853590557,0.119453665351015,0.0150451595317567,0.232006198508041,0.0147942172402944,0.0175416773062082
"spot_932",0.00137211715236956,0.000345839867181048,5.4878390352544e-05,0.819162211074598,0.0659321131430873,0.00223330484940609,0.0931271296989071,0.00190565866811965,0.0158667471559785
"spot_933",0.00707040759671661,0.00251556708155727,0.00148173130219633,0.504381082181368,0.0698144720365117,0.00238067429635217,0.347269597878311,0.0475465683672584,0.0175398992597288
"spot_934",0.0207875300918317,0.00319590182592104,0.00139894977299852,0.0579326689065336,0.0359707312601749,0.000244649897640709,0.813868153591572,0.0659070302770564,0.000694384376271467
"spot_935",0.012868724487782,0.00939847952013494,0.00206508177767599,0.176725082419166,0.031644295487251,0.00224575885140372,0.705853142743589,0.0588116071118365,0.000387827601160629
"spot_936",0.00846350900133452,0.00225571542245029,0.00101539113304675,0.153232657708073,0.017060547282398,0.00139879429241835,0.748917549129409,0.0653443002181416,0.00231153581272892
"spot_937",0.0029732286559584,0.00332790083441353,0.00143490286916659,0.334105635807769,0.0245915341149737,0.000698290899126647,0.623706001629803,0.00634109553490191,0.00282140965388688
"spot_938",0.0296490444718915,0.0726052880070817,0.0141314345863756,0.111069956953485,0.0249478460644373,0.0020552935904904,0.667517249987433,0.0746332221427052,0.00339066419610006
"spot_939",0.419233067199866,0.0111719417382664,0.00712286048771177,0.0866434320152369,0.0380486054018878,0.000756263214453323,0.375647003804449,0.060964260368028,0.000412565770100732
"spot_940",0.231341009100501,0.0403840499007783,0.0363905890003066,0.0939835107089292,0.254096201208689,0.00705434395780209,0.0487868168956912,0.0883006075284043,0.199662871698899
"spot_941",0.0123605487691527,0.37490517579719,0.0464478285738724,0.0423574807252815,0.185052689365383,0.0179573880941294,0.0516547747353387,0.144519016058153,0.1247450978815
"spot_942",0.00962838093737099,0.0720531460149176,0.0165493148134069,0.0254614224641148,0.232932228871192,0.00968815815074363,0.204536395710415,0.00458783544507064,0.424563117592769
"spot_943",0.0349432181323087,0.225319985747802,0.0572118600419199,0.0872246390544727,0.202140337857901,0.0194097803336401,0.0327601738730866,0.0601670769590238,0.280822927999845
"spot_944",0.0623437566300731,0.351108508452532,0.0733148365094657,0.0573676029584906,0.147677412283449,0.00199302821158875,0.122745482694049,0.0246487402348125,0.15880063202554
"spot_945",0.00174055509520203,0.0473472594227699,0.0358219306344222,0.0794406953096092,0.283285165695362,0.00761158588510503,0.0560612165360324,0.0128129814175525,0.475878610003944
"spot_946",0.0198496934330831,0.20809148897337,0.038801841256935,0.0812923789290715,0.251869816693308,0.0108469287654865,0.0706982199818328,0.0168613313273166,0.301688300639597
"spot_947",0.000947746666206031,5.73299339025069e-05,1.24514010072645e-05,0.0394777977467909,0.414717237976653,0.0139425707467196,0.0188956261044929,0.00901472302772213,0.502934516396506
"spot_948",0.0120212784198635,0.155085856807487,0.00891265073370921,0.0300500812556418,0.276741824757931,0.0202756352418501,0.130042265349364,0.0314127594688359,0.335457647965317
"spot_949",0.00820013055951303,0.106706354149447,0.0147641896513323,0.0307382191225688,0.242568559098356,0.0230234517329093,0.0529997808387092,0.0304686606333177,0.490530654213847
"spot_950",0.0693976245305951,0.229255806934134,0.0188977226974139,0.0740916977756191,0.117343768484782,0.0312060001534918,0.0124302539173998,0.0492214634481208,0.398155662058443
"spot_951",0.00484117712662853,0.00178322359880054,0.000143246211928308,0.082041339561806,0.0864349592601364,0.00218723624537371,0.513941961278834,0.0914998449904958,0.217127011725997
"spot_952",0.0208097630558331,0.0308225108951599,0.114644734603774,0.000418769645268924,0.0102817999579556,0.0017808457321771,4.90277975931618e-05,0.817875334141623,0.00331721417061448
"spot_953",0.0261007757879678,0.0248380836007613,0.255015357586452,0.0028271431776369,0.0246881751227836,0.000485861971073026,0.000275224545426568,0.655861748584579,0.00990762962331986
"spot_954",0.099824519467628,0.0681291746578919,0.527352194270419,0.0537468623195918,0.0635626473070419,0.000333818852911251,0.0899496789647429,0.0969444407560932,0.000156663403680133
"spot_955",0.0672708841534654,0.0605037833002048,0.518319238595398,0.0565189578156344,0.0826700145475918,9.67508884124869e-05,0.142700014146902,0.0718441565807571,7.61999716346832e-05
"spot_956",0.0309302473709928,0.0113775148432708,0.537712628008985,0.0486184866219922,0.0521968236927736,0.0183239547001539,0.0337631874219971,0.245041882485911,0.0220352748539241
"spot_957",0.104816202864031,0.126554731148642,0.467226296850911,0.0777680890709304,0.0696068790036463,0.000336826468734629,0.0786750779468087,0.0749387869042493,7.71097420461368e-05
"spot_958",0.0430346059415594,0.127188194594846,0.533591883571202,0.0876257966655793,0.0536976109046874,7.88996811283083e-05,0.101535552922105,0.0531925659988725,5.48897200202508e-05
"spot_959",0.117805087876642,0.133475229299315,0.460287291580342,0.0488134042196149,0.0668527608912688,0.000663887540237509,0.0669183766451878,0.105179313013101,4.64893429110469e-06
"spot_960",0.0273224739912633,0.0127598203957447,0.558636885721619,0.0264873036451009,0.0907097008760481,0.000374661989926538,0.100965487725021,0.180721888000905,0.00202177765437144
"spot_961",0.0821520976517408,0.0902810729168468,0.467699844272859,0.0883841840609586,0.0745424732411256,0.000410682449694834,0.135095067858661,0.0611060382838728,0.000328539264240455
