"","CT1","CT2","CT3","CT4","CT5","CT6","CT7","CT8","CT9"
"spot_1",0.318294942660322,4.7828928674744e-15,3.46489867790687e-15,0.0081454060781499,3.34485790921122e-15,0.526195146606638,0.0227294046171994,0.0594411479648881,0.0651939520727912
"spot_2",0.525648513819472,9.83418227038838e-16,1.39888014583759e-15,1.67428668631533e-15,2.28189432070123e-15,0.432555892349078,6.05511307453244e-16,0.0417955938314425,6.49130599813705e-16
"spot_3",0.860865909356459,5.58658505629402e-16,7.93667859665271e-16,8.05646043667023e-16,4.74713671343996e-16,0.107344524830671,1.46579084691933e-16,0.0317895658128657,1.08883335196078e-15
"spot_4",0.810242755011333,8.17774529740483e-16,1.56662269518691e-15,2.14267498758511e-15,1.49606797554352e-15,0.111592260074393,0.00751965537942002,0.0695450082486282,0.00110032128621956
"spot_5",0.38008308526053,0.000882170678900554,2.64217989912313e-15,0.0119988667016107,3.0974801867623e-15,0.566314333554397,0.00343107157245357,0.0353223730037946,0.00196809922830797
"spot_6",0.000284912132657006,3.1670720618706e-15,4.42787795748733e-15,3.75089380095357e-15,4.30242064793355e-15,0.920631002873978,3.56454943536714e-16,0.0790840849933484,2.47865373549578e-16
"spot_7",6.79017304054928e-15,6.21619152732538e-15,8.40968647534334e-15,1.07778619319338e-14,1.45527006164758e-14,0.970366110302645,1.58279802887516e-15,0.0296338896973065,5.47039231674968e-16
"spot_8",1.42312707115658e-14,1.95485218966038e-14,2.11638140551669e-14,2.08974064028753e-14,1.42410364161322e-14,0.63694787682406,3.31613982896281e-15,0.0748121017775391,0.288240021398308
"spot_9",0.00702456168053602,1.19680528603189e-14,9.15705262571687e-15,0.00509867152308595,0.16429398531559,0.526619034451194,1.82699718247298e-15,0.0172578670327445,0.279705879996827
"spot_10",1.46132170269432e-14,0.000297090260776801,1.86758147736348e-14,1.66834145054798e-14,1.72440795196099e-14,0.675541835642095,3.24754687645238e-15,0.0125577966425489,0.311603277454509
"spot_11",1.36123741022941e-14,1.59421412317764e-14,1.92908393371775e-14,2.46506680616476e-14,2.44836779577827e-14,0.869757644259656,3.32344186439139e-15,0.0347620207836838,0.095480334956559
"spot_12",1.02764976021062e-14,1.27138529068113e-14,1.30581687030917e-14,4.98068596078448e-06,0.0544657254095174,0.293190869833622,0.00184375228444248,0.096312681980822,0.554181989805599
"spot_13",3.74516089989974e-15,4.6757884129143e-15,6.40916060185132e-15,5.05817251979779e-15,6.04861771306008e-15,0.888313956786613,5.88290228924946e-16,0.11168604321336,2.65173564791187e-16
"spot_14",9.6702684506339e-15,1.2231833115297e-14,9.81012936613583e-15,8.07131181728968e-15,8.52879403717361e-15,0.380716808101423,1.69574661353679e-15,0.00879231852188815,0.610490873376639
"spot_15",2.19584613488331e-14,2.72831522587077e-14,6.61548324083345e-15,5.82863403612438e-15,4.97841400375531e-15,0.408101604996436,2.31550553681749e-15,3.12690491118802e-16,0.591898395003495
"spot_16",1.46831228482638e-14,1.71554417084815e-14,2.14090512545604e-14,0.0321323185369786,0.00159825370613624,0.638975380811255,0.000514466415768364,0.124355424808768,0.202424155721041
"spot_17",9.63507410699887e-15,1.07026860984173e-14,6.16920480530582e-15,6.56563266300764e-15,4.46588123419219e-15,0.380624006221892,1.12068581236299e-15,0.0112660172988899,0.60810997647918
"spot_18",5.92314354824637e-15,1.31913671521744e-14,9.69158889738971e-15,7.01137247170247e-15,6.37194897245805e-15,1.13952384162609e-14,5.58350321223149e-15,2.03139963675838e-14,0.999999999999921
"spot_19",1.36113500404716e-14,1.88729370049577e-14,6.8685612020402e-15,4.09882184586542e-15,6.02745881561315e-15,0.890171749491853,0.00607556711457428,0.000960830520776414,0.102791852872746
"spot_20",0.511134722348842,3.24316105423691e-15,4.26766442268476e-15,4.14741302649018e-15,4.13111052942415e-15,0.200131821879722,0.022758697189556,0.0108241423313921,0.255150616250472
"spot_21",5.70345429170068e-15,0.242729644697786,0.628425835589473,0.031895126918488,0.0907210205445856,9.32740815280187e-16,0.00130366694395099,0.00492470530570866,1.08386143308591e-15
"spot_22",0.0129762065920241,0.710583070263006,0.000136332890190788,0.276275460893991,3.57875831047782e-16,2.73937075932837e-16,1.15280191466353e-16,1.37488845446601e-16,2.89293607867478e-05
"spot_23",8.42750051430035e-15,0.58034603718654,1.69322550024458e-15,0.403041528448284,1.5308493216542e-15,0.0166124343651601,9.96457053763606e-16,2.50303280932213e-15,8.5009839818842e-16
"spot_24",0.0760275024332055,0.707671794573618,0.0518833533750487,0.159067911572111,0.00327557804836416,0.00207385999764908,1.03775168316886e-15,1.15592140993345e-15,1.37138822505634e-15
"spot_25",4.73751167202207e-15,0.567544100186819,0.0724816720495773,0.359974227763594,6.30217382487427e-16,6.61956231373507e-16,4.13982376221208e-16,1.21182128609658e-15,2.07826351074525e-15
"spot_26",4.71206843654992e-15,0.804107437063993,0.0155295469668773,0.173364075487162,1.24972767140686e-15,6.88848334782618e-16,8.4947568991028e-16,1.13405791658848e-15,0.00699894048195918
"spot_27",5.47560876740368e-12,0.652768638773693,3.57962891080037e-06,0.345289935956266,8.21551741834449e-16,0.00124382260402842,0.000694023031623941,6.30429066195669e-16,8.71336950772458e-16
"spot_28",1.11359121849558e-14,0.787590621379704,0.0426062691842449,0.164861894761007,2.3620680895169e-15,1.67883174216148e-15,2.10096222293827e-15,2.57313412541599e-15,0.00494121467502339
"spot_29",9.78797666944041e-15,0.632452352794569,0.00106319129916853,0.364992437469567,1.9134049962367e-15,1.65465230969805e-08,1.62943106345938e-15,0.000684094075734128,0.000807907814424884
"spot_30",8.72246419383414e-15,0.0963507011091144,0.0806599269045111,0.105096570183625,3.19890862509747e-15,0.653437330500913,1.28158374679723e-15,0.0644554713018225,7.68726550184341e-16
"spot_31",2.55082869590297e-15,2.21219651964475e-15,4.52951083351513e-15,6.70933545866282e-15,5.81931867234311e-15,0.823185864520602,3.89674326071396e-16,0.176814135479376,2.72675482894845e-16
"spot_32",0.430387017782264,9.87793585104067e-16,1.19142961784314e-15,1.1589382465769e-15,0.00105763778712923,0.527320098539159,0.00141317033958854,0.0398220755518561,6.49675893257214e-16
"spot_33",5.91392630708876e-15,5.24286250863142e-15,7.15243788030573e-15,8.6709978111382e-15,1.12525314367138e-14,0.946811343482368,9.57912844867062e-16,0.0531886565175923,5.91816456327316e-16
"spot_34",0.776676369902348,1.4045475868833e-15,1.10039856552132e-15,6.41588414689534e-05,5.97571108139592e-16,0.203365525161754,2.04537850410698e-16,0.0198939460944246,9.00216278151823e-16
"spot_35",0.19613722851656,1.55449845631217e-15,1.94190848795063e-15,2.49658981401854e-15,2.62016336294423e-15,0.694595281463991,0.00354824049581749,0.105719249523623,4.86847993942948e-16
"spot_36",0.344112687354426,5.57013304116251e-15,0.00298913084440155,0.00936309265640257,3.39026962347302e-15,0.494098866949993,0.00773345064696229,0.0645723744443649,0.0771303971034405
"spot_37",7.98298069537535e-15,1.52615557282017e-14,1.48806799539806e-14,3.69831878377596e-09,1.18312875280548e-14,0.592802349176331,1.62228699879511e-15,0.0698883583982861,0.337309288727012
"spot_38",4.05603412233919e-15,2.95069140146974e-15,5.40938148702023e-15,5.96488230765523e-15,7.50338352478161e-15,0.927704858630908,7.37468994597428e-16,0.0722951413690647,2.49415162193544e-16
"spot_39",1.04093437153449e-14,1.21116049148435e-14,1.10993006348485e-14,5.90110626172875e-12,9.44302962374229e-15,0.644166494689224,1.32150858433745e-15,0.0210016313915624,0.334831873913269
"spot_40",1.07153913702513e-14,3.30383784426068e-14,9.02219872630608e-15,5.89691515182693e-15,5.76796431350036e-15,0.66066774670624,7.84862252360193e-16,0.000257974581457022,0.339074278712237
"spot_41",1.066253725415e-14,1.47731462938242e-14,1.28353663261917e-14,1.26502586055463e-14,1.0289367600698e-14,0.60498319744859,1.9150092892516e-15,0.0410467854000583,0.353970017151289
"spot_42",1.39770475172727e-14,1.3682310597038e-14,6.45064920736114e-15,4.64756794131873e-15,6.79149300827641e-15,0.582809648543978,1.63919614305699e-15,0.0109109993114055,0.40627935214457
"spot_43",4.69651706045001e-15,9.76081736820232e-15,1.34391500274018e-14,9.41079304940619e-15,3.56308495899156e-15,0.340033055982019,6.4680721878916e-16,0.130926778196314,0.529040165821625
"spot_44",9.05123722579073e-15,1.27645438396025e-14,9.7589615115225e-15,9.11709167800374e-15,8.53965834479282e-15,0.443688697855676,1.48061989881258e-15,0.0135616286848878,0.542749673459385
"spot_45",3.23623929444488e-15,0.110934061766792,3.14475732851401e-15,3.0935207873105e-15,1.70493070873265e-15,0.64768977101739,3.0617115888088e-16,0.220078269862341,0.0212978973534663
"spot_46",8.38574390450938e-15,0.00132749057978832,1.2668866060896e-14,1.33322804063371e-14,9.6153767011114e-15,0.310456584667871,2.08917393296544e-15,0.0527398281513276,0.635476096600967
"spot_47",2.30221332323272e-15,2.31993058843554e-15,1.46182825596696e-15,9.21854743763241e-16,1.96989956295475e-15,0.99657747956095,1.49442196233286e-16,0.00342252043904082,1.8942348180082e-16
"spot_48",4.40544061132949e-15,3.70873679143047e-15,4.75503514376492e-15,5.81048272895632e-15,8.6244607564424e-15,0.96341013888992,6.97944732765181e-16,0.0365898611100514,3.91244647768536e-16
"spot_49",0.0503634951965468,1.39315184660505e-14,1.06654630898718e-14,0.0448771270706005,4.41580863680326e-15,0.451813201814784,2.25178555776444e-15,0.0524886886469338,0.400457487271103
"spot_50",0.0225277785205947,1.81711939802279e-14,0.00149297023129416,5.45999196937217e-15,5.03858398789311e-15,0.873290003982975,6.85672767086785e-16,0.0177401999613193,0.0849490473037871
"spot_51",0.425892844303637,6.64652068958702e-16,1.52649150740715e-15,2.15369406119297e-15,1.65729001618822e-15,4.69080796666498e-16,1.15085266990894e-15,9.49144219477617e-16,0.574107155696355
"spot_52",0.526055316736957,1.62207627471456e-05,0.465141648272265,6.98365971846839e-05,1.90361858009592e-16,0.000684928864392742,1.16173340244578e-16,0.00223661372770217,0.00579543503875183
"spot_53",0.20809509881348,0.221855099176891,0.413479440189955,0.155825343529561,6.57718834605142e-16,0.000404522179163561,0.000292862998560819,5.40930157030673e-14,4.76331123350076e-05
"spot_54",2.53810373729422e-14,0.394595013921236,0.180148285746099,0.418754811727106,0.00449220372655604,0.00200968487897109,2.95038794340051e-15,1.97895467190539e-15,2.13498195999646e-15
"spot_55",0.238496770836257,0.486788874860772,0.0150819804345938,0.258228755713555,1.34511225312346e-15,0.000887547730439791,9.33734626941234e-16,0.000377279012222383,0.000138791412158051
"spot_56",1.40742006594454e-14,0.599003163729074,0.0105446565958526,0.382194935723839,1.64726244053945e-15,0.00477788070344958,1.40023489835125e-15,1.46727462838686e-15,0.00347936324776631
"spot_57",9.55255018092722e-15,2.48066520259185e-14,0.376746842382618,0.614611407462305,7.41063406105253e-16,1.36686595003563e-15,1.93548677163115e-15,1.31313809382103e-15,0.00864175015503683
"spot_58",1.77738335871724e-14,0.676469808180022,0.00275858759436522,0.307696656875224,1.95631800680409e-15,0.0130749473503615,2.8609738199589e-15,3.18089901068917e-15,1.18572503409348e-15
"spot_59",1.36922256187477e-15,0.746789580746544,0.00249447261781131,0.250521178350425,9.93687798377735e-05,1.44764781749671e-16,9.53995053784311e-05,1.04862829532275e-15,3.42829445576251e-16
"spot_60",9.54274863799982e-15,0.425093651300473,3.51515665495058e-15,0.573411262130083,1.40521109122824e-15,0.0014950865694243,1.8560589505795e-15,1.63247538962915e-15,1.81886207207614e-15
"spot_61",0.00423538985998948,0.0487249717211553,3.92685304654788e-15,0.0400552077583702,2.63210723818505e-15,0.882352301025251,6.21620958483287e-16,0.0246321296352261,6.02185601201958e-16
"spot_62",9.23332159953826e-15,6.59070001800773e-15,0.00860735175117215,3.6973381829114e-15,4.43299816247837e-15,0.961378704852567,6.30569030555374e-16,0.0300139433962358,3.8691175390611e-16
"spot_63",0.814803280506774,0.00198879448985007,0.000383553451948205,0.00107985677621046,1.71451146511607e-16,1.15120578450772e-16,0.00188665978303603,1.88783207789211e-16,0.179857854992181
"spot_64",0.579343151352968,9.21665877195296e-16,1.24808843503369e-15,1.26351808350481e-15,1.23893252822894e-15,0.362957925207708,5.40728255979139e-16,0.0576989234393172,9.50883100569135e-16
"spot_65",0.551641195793839,1.66481387949183e-09,0.00471363601580318,0.0038050734532855,4.32661630461324e-15,0.37265185542209,0.0387153826569149,0.0284728549932474,2.44789173934269e-15
"spot_66",0.998353328971684,2.08062182079894e-16,3.78432800189997e-16,0.0007045856319489,1.52154743971796e-16,0.00079882955062684,1.01212057872663e-16,0.000143255845737569,1.85633481389315e-15
"spot_67",0.604867101688443,1.29175297041438e-15,1.93707785360356e-15,2.87671171201587e-15,2.21528165163016e-15,0.364911434713191,0.00245343633446159,0.0277680272638942,1.0690082291495e-15
"spot_68",0.263875840375654,2.92344757314759e-15,2.85033039219869e-15,2.13934351411659e-15,3.81719941978431e-15,0.686179468520409,0.00482849450636786,0.0451161965975566,1.08023923468608e-15
"spot_69",0.404479164926835,1.6926462501836e-15,2.7419985597818e-15,4.2808476250811e-15,0.0287902534747368,0.215147131419055,0.0136888633878814,0.0194183852874322,0.318476201504051
"spot_70",1.51592099093099e-14,1.0716580579412e-14,9.85258914941009e-15,5.6162363731574e-15,0.188954145169176,0.224776095148682,5.34395692606062e-15,0.090194162725631,0.496075596956465
"spot_71",2.41301280321653e-15,2.08234563930021e-15,4.41464021320475e-15,5.32542749853015e-15,4.9816609010858e-15,0.81196498025098,3.67212283109893e-16,0.188035019749,2.17024497907467e-16
"spot_72",1.35739094490623e-14,1.68389048441226e-14,2.73846862891658e-14,0.00621038020133262,2.30684382444942e-14,0.562852444775567,4.29857031130642e-15,0.107388018929743,0.323549156093272
"spot_73",7.0702093017779e-08,1.27118408293349e-14,0.0173382566180811,1.72518805606761e-14,1.21287731055374e-14,0.531026455208332,0.000355357587903903,0.0817500986461799,0.369529761237368
"spot_74",1.42005845620338e-14,2.00506258860935e-14,1.78566494615035e-14,1.62339922325726e-14,1.40413162172907e-14,0.832901487896737,1.83131096797501e-15,0.0301618230378977,0.136936689065282
"spot_75",9.55210770640852e-15,9.56769101005608e-15,0.0203483613010456,1.25302018809985e-14,1.07713299605648e-14,0.415828165357969,1.96170834185167e-15,0.126184239624333,0.437639233716608
"spot_76",2.56121023936242e-15,3.0708857921674e-15,4.10336294944847e-15,3.81622378051025e-15,4.3976856995358e-15,0.800445535369336,3.1045001820577e-16,0.199554464630645,2.96753660699854e-16
"spot_77",1.04838895585153e-14,1.45270328842405e-14,0.000928431340887804,0.00380098222225793,4.23944519154713e-15,0.390363587051583,1.15016886599357e-15,0.00857374935361234,0.596333250031628
"spot_78",7.81020125325052e-15,1.67567126012078e-14,0.0254615721399063,9.14245099760914e-15,5.07421642068856e-15,0.498891354178728,7.95871007817978e-16,0.0529816745178559,0.42266539916347
"spot_79",4.39003782699963e-15,4.65620549838796e-15,4.4852519725585e-15,6.19245981805977e-15,4.33426007303597e-15,3.9242574747363e-15,3.56859719300379e-15,3.66769892858271e-15,0.999999999999965
"spot_80",1.43995409946179e-14,0.00961546887996242,1.15839620341011e-14,0.0131238748585481,1.04291802631073e-14,0.628510005420774,2.55992925248364e-15,0.019306687546727,0.329443963293949
"spot_81",1.58056112895545e-14,0.0148113814239579,1.46201660371999e-14,1.24219591334542e-14,0.0724046132732171,0.828177559280231,0.000493692438159835,0.0832482569378769,0.000864496646514578
"spot_82",0.999999999999999,1.33619109077809e-16,1.15161389597178e-16,7.15746220046134e-17,4.31797089939529e-17,3.84029243104296e-17,7.20018812860489e-17,2.521721052575e-17,9.89321189497282e-16
"spot_83",0.252435942095903,0.0225280871555384,0.719572096491034,0.005169102414088,2.16806631507886e-05,0.000273091175682107,4.12251265450929e-12,2.09613463856424e-16,4.80755593155271e-13
"spot_84",2.79129228904459e-16,4.4058389379906e-15,0.999590676397475,0.0004093236025197,1.97961882562326e-17,2.53757651074818e-17,1.84222104771883e-17,3.47497879786323e-17,1.11305817066919e-16
"spot_85",4.15363692096188e-14,0.503630399264853,3.21063940752038e-15,0.470586391279165,0.000512429854097903,0.0252707796018278,4.56053186795023e-15,4.6287225040243e-15,2.32262271525363e-15
"spot_86",3.74755720800353e-14,0.517372200711151,3.04268174367173e-15,0.47036483821933,2.74945919004424e-15,0.0122629610694641,4.69038697522124e-15,3.62282925240965e-15,2.7883276300672e-15
"spot_87",2.73670717175723e-14,0.422300100620722,3.83247407090854e-15,0.400357717734232,2.79875296909226e-15,0.000678389544766792,4.92102672712514e-15,2.21342203368253e-15,0.176663792100238
"spot_88",6.94689939313231e-15,0.614221194992525,0.0155579472166303,0.367918778601833,1.37327905344433e-15,0.00230207918900018,8.99480081428573e-16,1.21571213301628e-15,9.31417426470476e-16
"spot_89",4.89960770357982e-15,0.515282449944601,0.0926581491167383,0.391841526329025,8.56854961806589e-16,5.59204876119603e-16,3.91475795183721e-16,4.95879138695671e-16,0.000217874609628558
"spot_90",4.8005016369777e-15,0.545729206557078,0.0153549817992537,0.438868389992907,9.56842483926554e-16,4.74216507529661e-05,6.88484142647636e-16,1.03068524085817e-15,9.85367432837162e-16
"spot_91",3.62376531466649e-15,0.239236159502739,1.47510620666822e-15,0.247830938928949,8.23831987412264e-16,0.383606949288914,2.32881777028936e-16,0.129325952279391,3.78062966786828e-16
"spot_92",2.02346178384956e-15,1.69448723849508e-15,1.92971152606648e-15,2.90245760569296e-15,3.20769193317174e-15,0.984153168683385,2.33671522083829e-16,0.0158468313166029,1.86905670066257e-16
"spot_93",5.09611280801077e-15,4.20997356886865e-15,4.95654230345381e-15,5.03005285282824e-15,7.62756480548526e-15,0.983001977982304,7.10183836273884e-16,0.0169980220176674,4.33255739505577e-16
"spot_94",0.271121559517654,1.64308532902171e-15,0.00475350245974821,3.78482633470773e-15,3.39345956218058e-15,0.601554256117462,8.42950890848913e-16,0.122570678549701,3.35542464053698e-09
"spot_95",0.860198825789092,7.84679746691517e-16,1.15473937765078e-15,8.52042049840905e-16,8.25253253084714e-16,0.115720422958116,2.74638650559576e-16,0.0233050909328509,0.00077566031993638
"spot_96",0.50393802112565,1.56926183298315e-15,1.68596509892343e-15,1.90210323615046e-15,1.64372356834392e-15,0.445577389149499,0.00247346584533028,0.0476652745807866,0.000345849298726968
"spot_97",0.324518382756554,1.09252424559799e-15,1.65604589136019e-15,1.40482907365644e-15,1.40105901009426e-15,0.519099663570688,0.00833897611031945,0.148011748325703,3.1229236729781e-05
"spot_98",0.552550879070961,1.14363684197233e-15,1.83661841854707e-15,1.88409347691847e-15,1.62537789137951e-15,0.366709090867255,0.000445796467377159,0.079881743235985,0.000412490358415882
"spot_99",1.52759682136559e-14,1.6367261655678e-14,8.26896897968425e-15,5.81712650334033e-15,8.54645646278763e-15,0.958060895130789,1.16431800412563e-15,0.0103994935748829,0.0315396112942727
"spot_100",0.635321038425726,1.90382673391507e-15,1.11503344189726e-15,1.17614416224121e-15,7.77502809227484e-16,0.202830754146193,2.4037460400585e-16,0.00561625673612071,0.156231950691955
"spot_101",9.2329768852761e-15,0.0337278312110635,0.00110381926223966,0.0242582934023026,4.40647885425347e-15,0.366950943786277,2.06659983624403e-15,0.113540178176195,0.460418934161907
"spot_102",1.87553795964618e-14,2.4691791978871e-14,6.71348937686884e-15,5.20209538731114e-15,0.038049283491768,0.590929295571227,1.13012892028579e-15,0.031843233728953,0.339178187207996
"spot_103",1.14214869129832e-14,1.57832660308382e-14,1.51989449998554e-14,1.34974923808736e-14,1.34400057239309e-14,0.726457578043406,1.84160642435509e-15,0.0347119889684751,0.238830432988048
"spot_104",8.84633101297126e-15,9.37794638052046e-15,7.0040838924757e-15,0.00203482965235529,7.24660367587281e-15,0.486813133896704,1.17597767363538e-15,0.000386869594767938,0.510765166856139
"spot_105",0.000783575698276731,9.17495968772205e-15,7.85826618257635e-15,0.0179217321672212,0.163526644597966,0.368907691189904,2.0247288043728e-15,0.0324265772826869,0.416433779063925
"spot_106",4.38985692606031e-15,4.6212207418497e-15,3.15218013234182e-15,2.17065126150249e-15,3.83842174947192e-15,0.995636163340527,3.9952499829331e-16,0.00436383665945391,4.02055599128212e-16
"spot_107",0.0578027229630514,2.1278823017205e-14,0.0235210603420059,5.21733593143222e-15,5.05635260577618e-15,0.539032588882934,1.06481520836997e-15,0.0111600408627237,0.368483586949252
"spot_108",8.13204903475132e-15,9.15440599256918e-15,7.83410485503331e-15,7.05753684288517e-15,6.56377475154885e-15,0.375618462776148,1.35911948477888e-15,0.00331570789397928,0.621065829329832
"spot_109",1.64188326562194e-14,1.37973872309964e-14,2.16030641579864e-14,0.0105675008063125,2.22693249171774e-14,0.517808718042183,7.25738139738214e-15,0.118215396963697,0.353408384187726
"spot_110",1.08330642457271e-14,1.00340689892221e-14,1.57204120285951e-14,1.77586871433554e-14,1.07599669221099e-14,0.375193926567553,2.28946255360034e-15,0.093327840697249,0.531478232735131
"spot_111",0.0178136344347601,7.10884939243664e-05,0.00429428035425709,8.69047315625033e-15,5.9188042752773e-15,0.804952370878448,4.18166755569217e-12,0.107231317746063,0.0656373080883504
"spot_112",0.00721954503498099,1.02292720987058e-14,9.04160937730523e-15,6.98516673589109e-15,0.113563662599723,0.295848451980002,3.50767782817827e-15,0.0837530903235816,0.499615250061682
"spot_113",0.597416187401961,1.77558271484578e-15,2.7217240637293e-15,0.0212360096303825,0.143497366924909,0.0596234579377836,8.95616972471598e-13,0.00602910740185436,0.17219787070221
"spot_114",0.150930949536825,6.24677407464429e-15,0.717354055883515,0.000145621296698291,1.86989869422151e-16,2.1088017225923e-16,1.99747336476563e-16,1.39612937152752e-16,0.131569373282955
"spot_115",2.38875626349711e-15,0.157595651704769,0.83021361937267,0.0117526951339223,1.8156995477016e-16,0.000253529779155802,0.000184504009479601,2.79009125011807e-16,3.10044657078313e-16
"spot_116",0.00365125227896754,0.418940352789719,0.403085734262076,0.167486655976225,9.39967641156904e-16,0.00312205556472625,6.8920419916135e-16,1.27344747733091e-15,0.00371394912828291
"spot_117",1.62669460168697e-14,0.253796388570815,0.0380463100147355,0.295627677298297,2.72962470416734e-15,0.00875521461540405,0.403774409500726,2.31935423554221e-15,1.81195028584961e-15
"spot_118",9.56051029877513e-15,0.640561107439619,1.9785155669714e-15,0.347028585287224,0.00453195742295613,0.00766822798547726,3.97811354137993e-05,2.09660947004966e-15,0.000170340729295898
"spot_119",0.00941813922938143,0.588183795899747,3.33001594959216e-16,0.40239806487087,2.93791690247665e-16,4.93147973358955e-16,2.90931853987089e-16,1.86254459656615e-16,4.48924684232897e-16
"spot_120",1.69236303846043e-14,0.313323936652614,0.00404789009761622,0.416870708323676,2.09712142581855e-15,0.259506667576751,2.26040504245678e-15,0.00625079734932065,1.2514452043521e-15
"spot_121",1.21653139533461e-15,1.10021348836942e-15,1.33563937868604e-15,1.35738040938365e-15,1.73038962044647e-15,0.926871500165512,9.22049302402619e-17,0.0731284998344809,1.14072208232516e-16
"spot_122",2.80393861637964e-15,2.65016474779564e-15,3.92748509167571e-15,3.51579590867413e-15,3.52982053458254e-15,0.906448934186541,2.6289150883787e-16,0.0935510658134423,2.74387931065288e-16
"spot_123",8.70371804802471e-15,6.55246609126165e-15,5.85973332295393e-15,0.00188143052406484,0.261291932157894,0.676940669283901,0.0257885171528292,0.0340974508812885,7.25237986524586e-16
"spot_124",6.34418746996408e-15,8.65949982868634e-15,9.12370872390423e-15,7.01670008635051e-15,7.90626477998162e-15,0.21122828792198,2.67068094463553e-15,0.0665827706109233,0.722188941467055
"spot_125",6.48691777207097e-15,4.52036818040929e-15,7.42066889247983e-15,7.84369464014334e-15,0.0107729325111025,0.94695247387495,1.18013582284818e-15,0.041764866136434,0.000509727477486584
"spot_126",2.59618721113312e-15,2.47278552684512e-15,3.35862594680248e-15,4.37676304211956e-15,4.48196539283089e-15,0.885470449080445,2.52543265248025e-16,0.114529550919538,2.21964660221589e-16
"spot_127",0.884130535892004,1.00402997207525e-15,0.00105523524870767,0.00233456097480355,5.84931615574533e-16,2.96685438776527e-16,0.00912868695985589,4.72581841232957e-16,0.103350980924626
"spot_128",0.478218132829707,1.08589820214415e-15,1.87607162582326e-15,1.68183392022315e-15,2.18413151684333e-15,0.46991524298743,0.000987040458618464,0.0502472127249432,0.000632370999294769
"spot_129",0.991179771939594,1.59031390500296e-16,0.000437980422451128,5.11140787403447e-17,3.14766859504958e-17,0.0070245842534115,1.27994089450452e-17,7.33746244887935e-17,0.0013576633845432
"spot_130",0.561167098874085,1.58519357699019e-15,1.64322024212399e-15,1.31077339689319e-15,1.4015502173093e-15,0.390299588000896,3.01044822380456e-16,0.0484273861957556,0.000105926929256889
"spot_132",0.0446767722928149,8.90609630116742e-15,6.68477012858034e-15,6.0625135737418e-15,4.44553458609307e-15,0.711534590292648,7.05230171918539e-16,0.0377172827100502,0.20607135470446
"spot_133",0.110503341575076,1.32085613071772e-14,7.50729727542873e-15,5.33705079588298e-15,4.30752231691992e-15,0.206376267432823,1.33586514252986e-15,0.00264026526227377,0.680480125729795
"spot_134",9.85152358066994e-15,8.88480619091705e-15,9.47223041047602e-15,1.37902150898647e-14,8.61934625568456e-15,0.196736401895465,3.43723570526596e-15,0.0593743851974252,0.743889212907056
"spot_135",1.34349854472367e-14,1.35859231183521e-14,1.88953504064287e-14,2.45683922102724e-14,1.57807133331335e-14,0.515815788273546,3.36531990012491e-15,0.0988252028194284,0.385359008906936
"spot_136",1.11251324102767e-14,1.15679699395128e-14,1.04971143589255e-14,1.27442431811821e-14,1.09178305223884e-14,0.629055484431963,2.02747672909126e-15,0.00349233322801373,0.367452182339965
"spot_137",2.26264400978252e-14,1.89347996694473e-14,2.51556173264803e-14,3.57789211564891e-14,3.1274423350124e-14,0.62066729295402,7.71985414739101e-15,0.0476781555801653,0.331654551465673
"spot_138",2.06623204445173e-14,2.17879361684221e-14,1.53932397462657e-14,1.02285688507508e-14,0.10631723714122,0.535173964804373,3.66696283153015e-15,0.0694379978368125,0.289070800217523
"spot_139",1.56824173435233e-14,1.24750711799343e-14,0.00909688068235631,0.0129005750903239,0.108385170805202,0.356987527568076,0.0017474808598782,0.0775132148807738,0.433369150113362
"spot_140",9.31762559801532e-15,4.4699544795318e-15,7.59024683956846e-15,7.18854711715495e-15,8.68237332265064e-15,9.54627161493603e-15,8.53502021664212e-15,1.32095925832763e-14,0.999999999999931
"spot_141",5.95582219738103e-07,1.90473595020037e-14,1.51034509560342e-14,5.9355868970786e-15,0.142540310932561,0.465183038303586,1.13393573588998e-15,0.144358187418809,0.247917867762783
"spot_142",1.35957882337528e-14,1.42461266485228e-14,2.38659154079061e-14,2.63727403384233e-14,1.8284665928716e-14,0.54358212738353,0.000334609482955429,0.117983353761166,0.338099909372252
"spot_143",0.0129933519546496,6.76027546820634e-15,1.06139267449091e-14,1.33398147187649e-14,1.37015127798079e-14,0.894742489088465,8.92727051673367e-08,0.0922640696841343,1.17167214562761e-15
"spot_144",0.703081752453404,1.74286050527065e-15,2.16988048122785e-15,0.00197835983679712,1.79854916779035e-15,5.45696066286703e-16,3.18513116207112e-11,0.00247686246774197,0.292463025210199
"spot_145",0.016741443777527,0.094499156103997,0.861269745061998,0.0172612830462349,0.000514259687039813,0.000624935262739237,1.4900008614412e-10,0.000591561936774069,0.00849761497468935
"spot_146",0.156326317250747,3.47531042300638e-15,0.820776512068715,0.00714672888211098,0.00190769346136026,7.29677335719448e-16,0.00970152759562651,0.00134658382808213,0.00279463691335357
"spot_147",2.72650895663829e-15,0.0206316717885256,0.85233312700057,0.126633889319344,3.52255316040894e-16,3.20912428225222e-16,3.09824973813756e-16,0.000401311891555849,5.36358341379654e-16
"spot_148",0.0596509088362551,1.75454141900723e-14,1.85250559425612e-15,1.02934994642771e-15,1.23104986148876e-15,0.0238508537522471,0.916498237411476,1.00055179638195e-16,3.91978849055241e-16
"spot_149",5.58885581996103e-15,1.77458233892596e-14,3.49247683601582e-14,6.77006153680565e-12,2.71870886122989e-14,2.37025816928525e-14,0.999999413617459,5.86375660477924e-07,1.2732583382568e-15
"spot_150",1.19389836534317e-14,0.17901356072844,0.00130983966719161,0.023794288197417,0.0146809330096811,0.726520057004223,1.10161485540321e-15,0.0546057285640936,7.55928289407422e-05
"spot_151",4.25170307734004e-15,5.20868072471346e-15,6.46614011730527e-15,6.68811681154803e-15,6.64642668589604e-15,0.939951813386235,6.9576273951745e-16,0.0600481866137342,4.45478644413621e-16
"spot_152",0.0414697826654314,8.28291797538049e-15,7.24714475149235e-15,6.53327367801098e-15,9.78028984710913e-15,0.931679864734878,1.33559320328467e-15,0.0268503525996559,1.39290030356849e-15
"spot_153",6.01874926079149e-15,6.02324209189368e-15,7.73098719232866e-15,8.87444042669382e-15,1.1564814232582e-14,0.956957936786718,4.53841812690622e-13,0.0430420632127871,6.23727771603086e-16
"spot_154",1.88539124222702e-14,1.6974420749852e-14,1.79994680713989e-14,1.87480936819212e-14,1.57509884095999e-14,0.81937918482661,0.118232738657388,0.0623880765159124,1.98300268431583e-15
"spot_155",8.27536947631154e-05,2.10228157378842e-15,2.27982775015292e-15,1.84200821942013e-15,2.2364963994225e-15,0.887029948443507,1.4680245914959e-16,0.112887297861721,2.15037896041518e-16
"spot_156",6.10483066971229e-15,6.66488705895833e-15,8.10367175659208e-15,7.78854486216209e-15,1.06506876219198e-14,0.96378348018188,1.14012987984823e-15,0.0362165198180789,5.31652460198582e-16
"spot_157",0.999999999999999,3.2645766668568e-17,6.60476604664775e-17,3.30388456929539e-17,3.01036923745495e-17,1.00813830090955e-17,5.88315300310834e-17,7.46492006625718e-18,7.45130799219018e-16
"spot_158",1.47352762777811e-14,0.00213657820494526,1.29351728226921e-14,1.17546561239441e-14,1.3823449829598e-14,0.941328331735,2.15660585137412e-15,0.0117199179275065,0.0448151721324924
"spot_159",0.410225448126248,2.59195304771402e-15,3.43232962148616e-15,2.8665934258969e-15,1.63402252289822e-15,0.386665086729308,7.89355383042667e-16,0.203109465144431,1.37919676866722e-15
"spot_160",0.416049727317961,2.32778231725039e-15,3.8035893277513e-15,4.20607610444128e-15,5.90642992570013e-15,0.398701561485936,0.134005965325044,0.0512427458710407,2.11247178934142e-15
"spot_161",0.370544493093467,1.80600643432166e-15,2.41556212411302e-15,2.56062144242878e-15,1.39494642619572e-15,0.361654258828736,4.21453131355901e-16,0.108487112264719,0.159314135813069
"spot_162",1.88482320604499e-14,2.01560948176215e-14,1.24438680452735e-14,0.0130759227743719,0.0168933631192702,0.799933561472793,1.36113064313774e-15,0.0303323733895103,0.139764779244002
"spot_163",0.677977162056804,9.70083979918516e-16,1.99768060509531e-15,0.00153672297297159,7.20946073754136e-11,0.317980173116311,0.00248727158874426,1.86701930700324e-05,1.37249582613695e-15
"spot_164",1.1541747435734e-14,1.08366257392265e-14,1.19495899004725e-14,0.00499685270601151,1.41582815993507e-14,0.655611143572124,2.2399750572241e-15,0.033755606332459,0.305636397389355
"spot_165",1.15957052661825e-14,8.51370464936258e-15,1.71456595688064e-14,0.00972138518972671,1.38747270223763e-09,0.500722199623233,1.52633996623298e-15,0.177825929268813,0.311730484530716
"spot_166",1.25429631986714e-14,1.32252096521576e-14,1.15307504335083e-14,0.0185473595034652,8.10606099074325e-15,0.44306144679139,2.15790380048368e-15,0.0559964217851703,0.482394771919927
"spot_167",2.00188572113779e-14,1.05478652893688e-14,6.36192667697065e-15,5.18392357277945e-15,4.63692491310864e-15,0.474243528214617,1.28037971993885e-15,0.0458157636184879,0.479940708166847
"spot_168",0.0263010698438248,5.77985639301462e-15,1.04675216147335e-14,6.51480328781997e-15,6.76076929004482e-15,0.360839883664729,1.50351725226099e-15,0.127469773772705,0.485389272718711
"spot_169",1.09629746828984e-14,1.35117027772403e-14,1.55730008106769e-14,1.4846545797787e-14,1.09801602339646e-14,0.68023364490532,1.86917120137167e-15,0.062637083756339,0.257129271338273
"spot_170",1.1079493475841e-14,1.56332794935126e-14,1.20232833506445e-14,5.67815523861667e-15,5.15115315747663e-15,0.368034376889813,1.05383749912673e-15,0.104968607977527,0.526997015132609
"spot_171",0.0100413164509158,1.44638871480481e-14,1.0919369671129e-14,6.65415911770326e-15,0.118798267916612,0.346009856952502,2.03607326150892e-15,0.111501295371947,0.413649263307989
"spot_172",8.67347495058657e-15,1.15818814787254e-14,9.56456607011886e-15,0.0286926255896763,0.196173138749911,0.269073230078066,1.80194437146119e-15,0.0246792878470817,0.481381717735234
"spot_173",4.89150343913672e-15,5.28207611000277e-15,3.7718490529713e-15,2.77345760504715e-15,4.68513635963521e-15,0.991272401569952,4.51464010096201e-16,0.00872759843002613,4.61319802275663e-16
"spot_174",0.000647067601247444,9.90588615057596e-15,1.00789541026489e-14,1.32572801187237e-14,1.04209183161169e-14,0.313287270958024,3.0354324271133e-15,0.0216928475576135,0.664372813883068
"spot_175",0.999999999999999,1.15091753223856e-16,1.17107403926106e-16,5.66563472931121e-17,4.81822751968113e-17,5.32207526363665e-17,8.09708278164593e-17,4.22055910320985e-17,7.69658428653372e-16
"spot_176",0.127176355440456,0.294109387622699,0.0370959540014913,0.0646513530743834,4.47171433995189e-15,0.165727188577931,0.19079188411316,0.0496013487312592,0.0708465284386151
"spot_177",1.06339602916828e-14,6.75756992067652e-15,7.81303370301856e-15,0.0352521170319055,4.14883932943711e-15,3.24944040867661e-15,0.595135756462153,8.49463842868976e-16,0.369612126505908
"spot_178",3.24646595692648e-15,1.93279518025731e-15,0.992580635911006,0.00119211964506889,2.20608145878082e-16,4.28775598353544e-16,3.52459625989848e-16,0.00622724444391818,3.30674805980142e-16
"spot_179",2.76069420138202e-15,6.52194211022165e-15,5.37030335054671e-15,4.76372717888618e-15,3.8584471978547e-15,0.0146921513147599,0.985307848685216,4.98441771979983e-16,3.3918895852863e-16
"spot_180",0.0474301796799971,1.02034934855171e-14,7.3670007309446e-15,7.82772026758643e-15,7.14818238224521e-15,0.599659859556412,0.346054021541247,0.00685593922231082,6.76319800748365e-16
"spot_181",2.12174175952752e-14,1.72286985562231e-14,1.85552971158673e-14,1.75781942626432e-14,7.9727756980237e-15,0.77227086263915,0.135102597196974,0.0926265401637911,1.97303289279532e-15
"spot_182",7.51065012674158e-15,6.65487687569053e-15,1.00639179771286e-14,1.1873273451038e-14,1.24416642165893e-14,0.909444246182184,1.4031764663325e-15,0.0905557538177654,7.23747349858149e-16
"spot_183",5.41488528782094e-15,5.63879220062446e-15,5.44628503350456e-15,4.80872385218989e-15,6.52985270727024e-15,0.97730754930077,6.56941937488482e-16,0.022692450699201,5.97216791650299e-16
"spot_184",1.4061450337016e-14,1.51318830498781e-14,9.27588795859303e-15,9.16494969015042e-15,7.3860981331266e-15,0.723217574895687,0.254073455192619,0.0227089699116377,1.07641870029571e-15
"spot_185",0.00621420361265656,3.7239537976352e-15,2.3846252878795e-15,1.50914819795484e-15,3.0964131808935e-15,0.990115309350807,3.17626286025198e-16,0.00367048703652447,4.09621146540547e-16
"spot_186",3.25224417669391e-15,3.01221416344237e-15,4.30922181871891e-15,4.22326011014679e-15,4.88984708916398e-15,0.926319843883898,3.73443733211383e-16,0.0736801561160813,2.81644221400852e-16
"spot_187",0.528780460903813,2.28067883483514e-15,2.67343356133357e-15,3.68901220410867e-15,0.0135334453745266,0.354706503892229,0.0673055247017343,0.0356740651276872,1.29737020000998e-15
"spot_188",7.46019331150113e-15,0.0606914873134036,9.96402974489482e-15,5.71560394927326e-15,9.35869810175243e-15,0.542020865149238,2.40638803400996e-15,0.0222113951092733,0.37507625242805
"spot_189",0.22480489939659,1.90171095002436e-14,1.75340944179173e-14,1.96586730419257e-14,1.46820619966792e-14,0.595314620134989,0.0585194414442198,0.0611987042792508,0.060162334744879
"spot_190",4.17258499136635e-15,4.42518901843631e-15,2.83002580343838e-15,1.98214763831592e-15,4.48628993050719e-15,0.998081897821977,4.15331198419699e-16,0.00156549600945233,0.000352606168552481
"spot_191",1.04419470323338e-11,8.98963725554583e-14,5.88172525836221e-15,1.38830230020099e-10,0.0147851618867382,0.921141458096441,0.000168846032336416,0.0639045338351157,7.22865480396528e-16
"spot_192",0.89522975206411,8.15588463599003e-16,1.33103746901138e-15,0.00188208098402875,1.55930348702877e-15,0.0600631566374942,0.0347332048820785,0.00578777197367041,0.00230403345861418
"spot_193",0.454507014950618,1.23262989318683e-15,1.12108561506062e-15,9.92359762447556e-16,1.09606093158578e-15,0.534460280502039,1.81898775636868e-16,0.0110327045473374,5.70001507384687e-16
"spot_194",0.335439962764564,2.6488248288506e-15,4.05557046537232e-15,7.48040517966437e-15,5.6767903151305e-15,0.5976947760752,0.0098453093286384,0.0570199518315772,9.81546088073466e-16
"spot_195",4.77393571296501e-15,3.17676464274331e-15,7.51379071917479e-15,1.13481165393574e-14,9.70425657504502e-15,0.848220350458893,1.30409815261137e-15,0.151779649541069,3.82606191789543e-16
"spot_196",4.30007222883504e-15,1.1530116153729e-14,8.9867003537622e-15,6.30612146526682e-15,5.19418150156825e-15,0.402801027730455,8.15457909603032e-16,0.0414243309261018,0.555774641343406
"spot_197",0.00498490296783489,1.41413723498907e-14,0.006068590701706,7.37441615532466e-15,0.0574395901127754,0.401219361523312,1.65973326947854e-15,0.0651630012199317,0.465124553474417
"spot_198",1.17564537920947e-14,5.96305095485462e-13,0.0915063118262609,0.0402523229230146,3.66262425672827e-15,0.509723506568489,0.00037973528661454,0.00849349711849201,0.349644626276517
"spot_199",1.2830071725466e-14,1.48408275046164e-14,1.67942123074813e-14,2.03234445137064e-14,1.57924416153553e-14,0.443356361125262,3.27112829901066e-15,0.0700282148014444,0.48661542407321
"spot_200",0.00556171547600387,1.15850168297633e-14,1.53685312877547e-14,2.15814792472746e-14,1.90118896902752e-14,0.450437755847876,4.34664020488142e-15,0.0404954593189835,0.503505069357065
"spot_201",2.26955289276691e-14,3.29825248109619e-14,6.65000981584999e-14,1.06554831694513e-13,6.43124310623607e-14,0.779308472640011,1.20279644479412e-14,0.220691527359679,5.00303630205485e-15
"spot_202",1.38006000123692e-14,1.01444995901063e-14,1.21317053753753e-14,7.17449825272092e-15,0.125028612481733,0.462403835820816,2.76535109243472e-15,0.0918355147557489,0.320732036941656
"spot_203",1.05790837978169e-14,8.69339960304935e-15,0.380123692657601,1.25902124721026e-06,0.256941891144446,0.23942753243766,1.61832691429451e-15,0.123505624739023,9.24345499161319e-16
"spot_204",1.27812757320731e-14,7.0271206156864e-15,0.667728130335827,0.0156084522243692,0.146688574052972,0.00115805744132428,3.64035882767339e-15,0.168816785945483,9.95507610690111e-16
"spot_205",0.0237464500011227,0.000347530474222843,0.485846842105691,0.0485959641541715,0.374702137493791,0.0500285218002515,3.36471739557926e-16,0.0167325539707491,8.22891715142346e-16
"spot_206",8.93265717312673e-15,5.27461308026561e-15,0.253936197640064,2.78054287372062e-15,0.573120306287149,1.73085348272424e-15,0.00387754262768085,0.169065953445086,1.06529159268831e-15
"spot_207",3.73850594629679e-15,4.61659258115826e-15,0.975756357195052,0.00444720705134082,0.00128504784166563,2.19605777748373e-16,3.39376685636824e-16,2.91997800796427e-16,0.0185113879119326
"spot_208",1.3016257673684e-14,1.03547418083925e-14,0.794471065488934,0.000797855267767076,0.0706105634004061,0.0870682665995608,1.77611433949483e-15,0.0470522492433062,1.01719475594939e-15
"spot_209",4.83595971047959e-15,3.52460000508096e-15,0.866152630344224,1.60270579230401e-09,3.11549199078841e-16,3.71520495141686e-16,5.69971731213378e-16,5.52447166841028e-16,0.13384736805306
"spot_210",5.84084215214147e-15,9.47103220705369e-15,1.1073498070877e-14,1.41418296798591e-14,9.92535263147896e-15,0.25869432190924,0.740591690074862,0.000713988015846643,9.27361845464186e-16
"spot_211",0.129253611629878,0.0271378678499278,5.73683434921504e-15,0.0333024805215153,0.0142970873676385,0.28088843012396,0.422769872845129,0.0923506496619431,2.14058482557513e-15
"spot_212",7.66197953782305e-15,6.42214898604886e-15,8.53177539593822e-15,8.83250939587493e-15,1.13715998712024e-14,0.861268725522448,0.0843422927862257,0.0543889816912823,7.19436544632666e-16
"spot_213",5.41643672047233e-15,5.19203881676159e-15,6.21660723855942e-15,6.87973745524005e-15,8.31813803817974e-15,0.961608033034998,8.52842634119135e-16,0.0383919669649682,4.7898665712133e-16
"spot_214",0.020881983091605,8.61931583769679e-15,0.00678496043587756,6.38937264920426e-15,0.000665086740170598,0.840461391214342,0.02878235772946,0.102424220788529,9.92455734832782e-16
"spot_215",3.7546927911826e-15,3.1786113690855e-15,4.07214479469619e-15,3.9946921209742e-15,7.02985686534925e-15,0.955597405867607,4.58752262339159e-16,0.0444025941323701,3.20916558481353e-16
"spot_216",8.68700908053961e-15,7.83532576795851e-15,5.84797559947362e-15,4.77518050517986e-15,7.2928147489835e-15,0.982911731895652,8.22066944673666e-16,0.0170882681043124,6.22173959911471e-16
"spot_217",7.36024087763468e-15,6.56041430188668e-15,7.16635209153656e-15,6.5500356195529e-15,7.06021039101314e-15,0.878343604838939,0.0264581508020041,0.0951982443590217,8.14658599284232e-16
"spot_218",0.533062434917118,1.46983109735419e-15,1.06749217960939e-15,9.61054903572426e-16,8.43175294644741e-16,0.422436454496797,2.54456795329049e-16,0.0343620372217044,0.010139073364376
"spot_219",0.742616555698088,5.13089669211085e-16,8.66843946667541e-16,6.18145479037098e-16,8.5343019606233e-16,0.251421178917662,2.46564207223141e-16,0.00596226538424555,1.15600349989447e-15
"spot_220",0.438679829206996,3.86962775393859e-15,0.00816717370901202,3.93846870370007e-15,1.87550810814549e-15,0.220581896455786,4.58695367923822e-12,0.0178210199382358,0.314750080685374
"spot_221",0.484432232828433,8.66021721461355e-16,1.44224379731188e-15,1.74254356371148e-15,2.04302890779373e-15,0.445240824978209,0.00157045953132935,0.0687564826620216,9.17194149636401e-16
"spot_222",0.669295591121386,6.50199173357977e-16,7.03368402642856e-16,3.82365536559212e-16,6.97825910231788e-16,0.319448136343655,1.65781838790166e-16,0.0112562725349556,7.42471697952262e-16
"spot_223",0.685718390182479,0.00158172183858668,1.47280674625709e-15,1.01738342803873e-15,1.42943106827495e-15,0.258225458500117,4.96497812679027e-16,0.0488785894151563,0.00559584006365674
"spot_224",0.659580621347277,1.05801342847247e-15,1.59069625658463e-15,1.45423195324613e-15,1.87244923182035e-15,0.284847096935017,6.76245350010422e-16,0.0499247815270183,0.00564750019068168
"spot_225",0.550244402419158,1.09785872394133e-15,1.74859156682293e-15,1.7931293871449e-15,1.27876955335599e-15,0.235707445779236,3.90761427172681e-16,0.0317532178925244,0.182294933909075
"spot_226",3.22308133865667e-15,2.80242157200136e-15,3.24320240722785e-15,4.25971683484348e-15,6.92521124436469e-15,0.970237250092379,4.95876334812764e-16,0.0297627499075996,2.5806801451672e-16
"spot_227",1.44501921564066e-14,1.26196462675363e-14,2.2103162700452e-14,0.00614752106098995,0.0551918471701531,0.428339580365656,5.27030382191443e-15,0.0595003508127657,0.450820700590381
"spot_228",0.0494708516773992,2.1406397350907e-14,0.0148857313246752,0.0128334318615126,8.51903354877427e-15,0.387485182897752,0.0163309021674638,0.0228558063550667,0.496138093716101
"spot_229",0.0236687145297292,8.51603779897157e-15,5.88718789874069e-15,5.28127197435456e-15,4.65392617461815e-15,0.883676809036672,6.20464488485144e-12,0.0926544764273688,7.7680356727491e-16
"spot_230",1.50186589860824e-14,1.12305715023501e-14,8.943375396573e-15,6.37506708154826e-15,0.160988027714384,0.56748991746654,1.71906084619301e-15,0.0815805295797559,0.189941525239278
"spot_231",1.98507735905111e-14,8.50622076984602e-15,0.219326609008529,0.0106968823905061,0.074183315701251,0.465066482400304,4.96298280790339e-15,0.085165688904647,0.14556102159473
"spot_232",2.45627504924665e-14,2.79283409055933e-15,0.704978515400014,7.36004997571958e-16,0.126876944580521,2.47259874928196e-15,5.87487830191199e-15,0.168144540019427,1.12491088448661e-15
"spot_233",9.16986255024337e-15,7.04430101913987e-15,0.554727900545011,0.00604643320508872,0.335997015348572,1.37565300835599e-15,0.000177891292543518,0.103050759608766,9.78023854618641e-16
"spot_234",1.36413009227943e-14,0.000259495322798442,1.44302230317234e-14,0.0220570733850155,0.692402317112484,0.0169988450262932,2.64300773237032e-15,0.267397366620878,0.000884902532499811
"spot_235",0.219881872681599,5.52173870871103e-15,4.12923697318796e-15,0.0106117744429711,0.441721673666281,0.105898345917699,0.0594534268164993,0.16182117097836,0.000611735496580582
"spot_236",0.00822918650240683,1.06379850690547e-14,1.07936038570491e-14,0.00138224039043289,0.798111147845871,0.0494006859968913,2.00267725046899e-15,0.142876739264374,1.02974122611918e-15
"spot_237",6.25946793352423e-15,9.12800764939643e-15,0.522177173027229,0.0236096424447392,0.318381692804079,0.021378636104863,7.85743666821947e-16,0.114452855619073,1.32051501364244e-15
"spot_238",1.17953266092154e-14,1.14452469887867e-14,0.274128154302771,0.0209861076475465,0.203657556522958,0.10313466390028,2.3427647367629e-15,0.398093517626417,2.32369503852617e-15
"spot_239",8.31765973272756e-15,6.41141646350004e-15,0.66159989063714,0.0137282113675543,0.20358952944042,0.0102767675160386,1.50516540588935e-15,0.110805601038829,1.30572848022619e-15
"spot_240",0.00969506472274634,0.0521813460434224,0.282378883874247,0.00115084387644419,0.319511170071883,0.0406228248057863,0.151728381266509,0.140915579645707,0.00181590569325538
"spot_241",1.49814452793521e-14,8.48475059005862e-15,0.68311787155949,0.00353427111859471,1.38688524360324e-15,0.00304697081686162,0.259468564489559,0.050832322015468,1.24017254239224e-15
"spot_242",6.57647491141788e-15,1.07186861479887e-14,1.25768308916958e-14,0.0327271437480736,0.0113016747912112,6.03210231152146e-15,0.898792331656802,0.000306022475301809,0.0568728273285757
"spot_243",0.0258339057061015,3.29575521659798e-15,3.3276666555083e-15,3.01185964966196e-15,3.06592316870262e-15,0.955087288771211,3.07397688757827e-16,0.019078805522674,3.64670000285835e-16
"spot_244",0.136952482555451,9.25096950119692e-15,6.08909126652403e-15,4.70187987533327e-15,0.00209171631983461,0.804432733910183,0.0508616760824748,0.00566139113203623,8.798472371451e-16
"spot_245",1.39866142190829e-14,1.32607204590267e-14,7.75187828186484e-15,1.01204745774167e-10,5.61077879127685e-15,0.963435520967559,9.06137750024267e-16,0.0358138474303879,0.000750631500807116
"spot_246",1.80135877376927e-15,1.8690163242291e-15,2.06157866961641e-15,2.65338487307393e-15,2.41154115510243e-15,0.955060188382881,1.61772174721582e-16,0.0449398116171083,1.50090270453632e-16
"spot_247",5.81290584777844e-15,7.04413284727133e-15,9.12101226000022e-15,1.68100025417474e-14,1.17198539373403e-14,0.836989000396805,1.04643694091423e-15,0.163010999603143,7.06638042253076e-16
"spot_248",9.98735562176671e-15,7.5904116800257e-15,1.69045649256214e-14,2.68557818662711e-14,1.61301525419623e-14,0.626707844811146,0.240171059775996,0.13312109541278,9.93079107700507e-16
"spot_249",0.364686822833755,7.29312850231755e-16,1.09358893186241e-15,1.40384193715136e-15,1.54014782875514e-15,0.557305078259268,0.00900421087046854,0.0690038880365035,4.44714434893588e-16
"spot_250",1.10381596445995e-15,1.16447101436221e-15,1.33723781683215e-15,2.50996188861848e-15,1.94549526102054e-15,0.954987681462826,7.65276676004482e-17,0.0450123185371652,1.02426666827148e-16
"spot_251",0.689396995061362,2.20457688242687e-15,2.33575856457726e-15,0.000500294608186236,1.76197175663919e-15,0.255370908505664,6.14070417308283e-16,0.0547318018247786,2.39848690809091e-15
"spot_252",0.136295922795579,1.13102680871221e-14,0.0162054741420723,7.41727675404097e-17,9.37703394965703e-18,0.847498603062338,1.00916911789381e-18,5.67366755927147e-17,7.98422965372197e-17
"spot_253",0.237004152739858,0.00176484635388614,0.00016891732622585,8.34226030458871e-16,1.13266547184229e-15,0.683605562578383,3.07499257101545e-16,0.0774565210016443,5.66955778518491e-16
"spot_254",0.403287052232956,2.7740192321083e-15,2.90774930952925e-15,0.00999361875263567,2.26567913177933e-15,0.497180275917732,5.0673283833169e-16,0.0596102957929652,0.0299287573037018
"spot_255",0.268510712318648,2.45803671671995e-15,2.68685932088716e-15,2.02111348658174e-14,2.77415409251878e-15,0.718173675778189,4.79807513377671e-16,0.013315611903134,6.0415783716151e-16
"spot_256",0.0137540775639994,1.55812008643518e-14,1.23583770897857e-14,1.34779707335276e-14,8.93561619885883e-15,0.79843463562292,1.03839245398924e-15,0.0367545799988113,0.151056706814218
"spot_257",1.00485614383872e-14,1.61412542510288e-14,1.27842404153711e-14,0.00237609503587278,9.24483377346999e-15,0.693590553403167,1.38550020986285e-15,0.0515797935162244,0.252453558044686
"spot_258",1.2414408678675e-14,1.85848521018997e-14,1.54209036855247e-14,7.69343084616884e-15,4.69543765051827e-15,0.669648668879024,5.29019743708762e-16,0.0469543254367119,0.283397005684205
"spot_259",1.19819610903576e-14,8.91408844738474e-15,1.16919920492628e-14,0.0224674745173859,1.21473873207415e-14,0.283633472156237,3.63648661929391e-15,0.0378329077506775,0.656066145575651
"spot_260",1.34846743146045e-14,1.46068356323951e-14,1.51086779894219e-14,1.31968837515659e-14,7.97823667905432e-15,0.734246471020408,9.63071073022211e-16,0.048171522080509,0.217582006899018
"spot_261",9.43356509062951e-15,0.00248801779954385,3.24985367040461e-14,8.07032506862313e-07,1.12044044064409e-14,0.51951264640276,5.45253124135676e-05,0.155551955510268,0.322392047942455
"spot_262",0.051986497947183,6.52214156554383e-15,0.590637469482493,0.0188547381357544,4.60864177675428e-15,0.219778759609162,8.18241355759944e-16,0.118742534825394,1.40102873625494e-15
"spot_263",0.0015576428723808,2.61075085161269e-07,0.514291765325006,0.0153891216598511,0.262418404133651,0.0702468655938371,1.71314252030666e-15,0.136095939340186,1.36295570521702e-15
"spot_264",1.33420991331127e-14,4.65832747223945e-15,5.47235997251392e-15,4.16324589762162e-15,0.557874920609173,2.5146892444375e-15,0.312019250175315,0.130105829215481,9.22426588137178e-16
"spot_265",1.47825557653755e-14,5.19065198076744e-15,0.601367354554422,0.0131031281257502,0.251251109510757,0.0145979974215912,0.00676567624532549,0.112914734142133,1.2767332599388e-15
"spot_266",2.52273018200762e-15,3.8776090150947e-15,0.722808057972576,0.0404657528881593,0.236726189139256,4.54359624003168e-16,4.64406222171729e-16,1.00065253467719e-15,5.65600638003109e-16
"spot_267",2.82427001098055e-12,0.021617297257035,0.52540132583618,0.028784423549772,0.277413506103712,0.0366649509893139,1.46905029185136e-15,0.10830465103122,0.00181384522994104
"spot_268",1.09530536893137e-14,7.07272364849468e-15,0.676361021465587,1.04533662307547e-15,0.151831694634613,0.000618048834691081,1.45426790853842e-15,0.169732842758071,0.00145639230701767
"spot_269",3.38140042035336e-15,4.89380510220327e-15,0.460573001046465,0.0381864495212564,0.400014785635628,0.0159459448870708,4.32785252606535e-16,0.0781423662032787,0.00713745270629247
"spot_270",0.00315039429234537,6.09441765116213e-15,0.298289052613578,1.92055766567538e-15,0.367571711021239,0.0507247135126491,1.62147309830766e-15,0.280264128560178,1.21959434737481e-15
"spot_271",1.34277317617369e-14,0.00183390897765136,0.337420910353641,0.048918031626406,0.174341457452614,0.0995142904457156,2.73360138625599e-15,0.337971401143954,2.16406806568231e-15
"spot_272",4.70940130182083e-15,7.92901269913801e-15,7.42121942772543e-15,0.0457518601388612,0.742770461898746,0.0126188806647951,9.30698225140549e-16,0.198858797297576,1.02862096005642e-15
"spot_273",8.53585058919089e-15,1.29772088399751e-14,1.00549848458136e-14,5.42064248638669e-15,0.0918788337796626,0.099413338797699,0.718193660610107,0.0905141668124935,1.17699232567897e-15
"spot_274",5.55802733471312e-15,8.38562119109997e-15,7.41414652678222e-15,0.0102624411413451,6.07438277301031e-15,0.103524161980299,0.879952786359368,0.0062606105189595,8.40422161047722e-16
"spot_275",8.16341972257844e-15,1.20634665811054e-14,1.29636127466232e-14,1.31153720065722e-14,9.39095449037006e-15,0.254171338447004,0.727229467499224,0.0185991940537153,7.69398342966317e-16
"spot_276",1.30066055667822e-14,1.23925701950665e-14,1.63098260557328e-14,1.88425355616787e-14,0.000356899180653124,0.723696164419159,0.207360162775983,0.068586773624143,1.09323807713878e-15
"spot_277",2.92405460291378e-15,3.00855213943863e-15,3.92005692535692e-15,3.68763747361768e-15,4.48031414012211e-15,0.920418961530587,2.79920029832904e-16,0.0795810384693943,2.74563576295125e-16
"spot_278",3.93364404789497e-15,3.1318646339669e-15,3.12264459827509e-15,2.69454725522749e-15,3.15536127302508e-15,0.957833078097665,1.9074571277391e-16,0.0421669219023183,2.56103328982881e-16
"spot_279",4.9429940798422e-15,7.53548579315479e-15,5.9000235026369e-15,5.51107991576935e-15,6.74671481103996e-15,0.988368930436645,6.96797721463542e-16,0.0116310695633237,4.89833440469419e-16
"spot_280",0.594766762876346,1.09667695241528e-15,1.6626371334283e-15,1.91847489187212e-15,1.98332801819564e-15,0.317842545214939,2.96535872556648e-07,0.0871885819892028,0.000201813383633165
"spot_281",8.44032172158354e-14,1.19559407815019e-13,2.28904637650985e-13,3.2569549860777e-13,1.72574658367355e-13,0.556194831991295,0.257591338856491,0.186213829151272,1.05406332310703e-14
"spot_282",0.00333178648278166,4.41066654584617e-15,3.07780955832275e-15,2.2840651692302e-15,2.45402952240654e-15,0.973326923537277,2.2187316647866e-16,0.0233412899799285,3.63772112109281e-16
"spot_283",1.00089517583082e-14,0.00551539664431193,1.51574512472087e-14,1.39967037790639e-14,1.21056652870429e-14,0.75456633155658,0.000797423601864641,0.0732582968860182,0.165862551311174
"spot_284",0.48948617734002,1.97997725225656e-15,3.3849480951041e-15,3.90267163104744e-15,2.95988230570679e-15,0.46599880304757,0.00498495809884931,0.0395300615135473,1.2819227723819e-15
"spot_285",0.654743208719018,2.77645410511969e-15,3.62540273998295e-15,4.9539669675021e-15,2.77676042596318e-15,0.178026337518998,0.0195463639557952,0.0459031442111592,0.101780945595016
"spot_286",0.43884302174903,2.11866343524885e-15,3.96277796743299e-15,8.29616875609911e-15,1.0682604243626e-14,0.482065133224102,3.1964160464983e-15,0.079091845026839,3.64559512288768e-16
"spot_287",7.68777117151136e-15,4.85025207482976e-15,6.72576204746716e-15,6.78239811064148e-15,6.02931881414371e-15,0.910284808304145,6.16312003501638e-16,0.0897151916958216,3.53772286860817e-16
"spot_288",0.191737816604259,8.90323685483312e-15,6.18852412635003e-15,6.56798808568977e-15,4.28971514676731e-15,0.640858910706542,5.40635941109026e-16,0.0418413874693458,0.125561885219827
"spot_289",1.04725514390313e-14,1.46321089316713e-14,0.017438955308755,0.0543342234192257,2.18510937638107e-14,2.01276882215976e-14,1.58186547361941e-14,3.96319834939754e-14,0.928226821271897
"spot_290",7.12177815832219e-16,1.55905859242914e-15,3.06100056754993e-15,2.26341803140841e-15,8.89342209910672e-16,0.740496715403628,3.24135569390974e-17,0.259503284596363,1.97473102906584e-16
"spot_291",7.91434158590061e-15,8.83028639947972e-15,9.16326240143396e-15,0.0469003006089838,0.290988818728525,0.220704696861009,7.48311087331694e-16,0.0936746505736347,0.347731533227821
"spot_292",1.01545059594023e-14,6.1291782492658e-15,0.46526764903744,0.00979447351180178,0.462255570670495,0.000421648129986121,1.55100737936505e-15,0.0622606586502584,1.17400230979472e-15
"spot_293",0.0345739392145325,1.18786751603368e-14,0.478792505373367,1.6964442614772e-15,0.225345793596174,0.0131729203137472,0.105997069808598,0.140812042411235,0.0013057292823325
"spot_294",9.56166862315451e-15,1.0709233559019e-14,0.289305003912198,0.0103293133183793,0.328820759091876,0.0768358816635436,1.80537987935935e-15,0.294709042013979,1.6618424137012e-15
"spot_295",0.0043072436407358,7.76044750814463e-11,0.500636988107563,1.65822381020086e-15,0.333247406815112,0.00150427513715135,1.879120624979e-15,0.158964553254126,0.00133953296770394
"spot_296",7.34427454775343e-15,7.53297877483269e-15,0.0126892431844321,0.00343820848242317,0.67573361941472,0.0999612489978177,1.20546332127657e-15,0.20817767992059,1.11551992835665e-15
"spot_297",9.32665047281056e-15,0.117121783602271,0.654719674668889,1.34423768326999e-08,0.0916026082475598,0.00336151431090519,2.11091760676014e-15,0.132842781311087,0.000351624416900299
"spot_298",1.16606646092539e-14,0.0280035721155935,0.302607321369712,0.0422436938136456,0.464730410008434,0.0386223072956486,1.61853114413787e-15,0.123792695396952,1.1016554956274e-15
"spot_299",8.50283572984504e-15,5.44133877307287e-15,0.805764694862514,0.00019346120640762,0.0260180548126171,8.86611672491732e-09,1.30633065518211e-15,0.168023780252328,6.06846017097671e-16
"spot_300",1.48667545709282e-14,1.16689040798458e-14,1.61070715647228e-14,1.47027848379481e-09,0.615761148900605,0.0795264206236346,2.62638268890234e-15,0.304712429005435,2.08361344640589e-15
"spot_301",6.30139256664195e-15,9.778848202628e-16,0.698006084322783,5.86429781971108e-13,0.194482205875775,1.79724655657488e-15,0.086360471851839,0.0211512379490064,7.06321642787329e-16
"spot_302",0.216541918303288,5.0268473454766e-15,1.07980749065935e-14,3.15383392675122e-15,0.424580037647308,0.0378952247682612,1.67031424143932e-15,0.301327473467793,0.0196553458133286
"spot_303",7.10850307511508e-15,8.27644078962331e-15,0.413302739295166,0.0198605393649737,0.461533112296895,0.00110761789613083,9.27563178367158e-16,0.101927790462876,0.00226820068394258
"spot_304",1.50770501799268e-14,0.00144977353674992,0.488702634228545,0.0177972009547232,0.316115620093292,2.04896534241885e-15,0.141705155176247,0.0286611073341035,0.00556850867632243
"spot_305",3.07582372962789e-15,3.56532711373785e-15,4.35496936105962e-15,6.56209897175754e-15,5.0012180867963e-15,3.89833111994602e-15,0.999999999999972,6.35586248910968e-16,3.96177591518973e-16
"spot_306",5.76220974855486e-15,9.02976523270136e-15,1.48406625479936e-14,0.00428464317729607,1.15602740321775e-14,0.345028160938957,0.648328001000113,0.00235919488359241,8.27497822576917e-16
"spot_307",1.7070524876759e-14,1.22317914085153e-14,1.52942758969373e-14,1.38543738806141e-14,1.35169383183732e-14,0.778732023193281,0.146186345614821,0.0750816311918238,1.38682577055807e-15
"spot_308",1.55361238638185e-14,2.25036551339113e-14,1.23408757690249e-14,9.98915774738506e-15,0.00175899801228458,0.871705539728858,0.105076026551675,0.0214594357071203,1.56321047473897e-15
"spot_309",0.066466919466374,1.1254778810351e-14,1.44733626199601e-14,1.66459566138269e-14,1.36549020692436e-14,0.451114525982439,0.402377175239607,0.0800413793115224,1.53644547124915e-15
"spot_310",0.00365629090929637,3.54774209691563e-15,3.02345639680646e-15,2.62223604001581e-15,4.63412422977907e-15,0.979908918597768,3.62177547385659e-16,0.0164347904929209,4.02238837497097e-16
"spot_311",0.678413034614428,0.00207242826484701,1.04467155735081e-15,0.000336681193184082,2.20336078220736e-15,0.2308852486099,0.0329446136724022,0.0553479936452351,2.11422706753414e-16
"spot_312",3.87486659328593e-15,3.67676591848608e-15,4.55983790420781e-15,0.000491213546617046,0.000369182430446007,0.954489888807635,5.16690974648138e-16,0.0446497152152891,3.26998965654197e-16
"spot_313",1.42581413748917e-14,1.53217013337641e-14,1.9655162967459e-14,2.65146105096228e-14,1.69586661084814e-14,0.693190693315613,3.55011238329357e-15,0.0482247020238644,0.258584604660426
"spot_314",1.6000185942466e-14,2.08245124426505e-14,2.59917269711038e-14,0.0183220530673573,2.10824868476743e-14,0.851252826026497,1.0919190205285e-06,0.130424028987039,2.35361023017733e-15
"spot_315",3.3131279278051e-15,3.57947964266313e-15,5.88490266241804e-15,0.000409031619910846,4.47475245600552e-15,0.865479024007363,3.41853231384574e-16,0.134111944372708,3.75838494993275e-16
"spot_316",0.282111285898262,1.55864032757768e-15,1.40957868449812e-15,8.61463701201759e-16,1.17847617712568e-15,0.679260629971447,2.78210067890692e-16,0.0386280841302854,1.36832723312152e-16
"spot_317",0.58280510044441,0.00599340310011602,4.13715907023819e-09,0.00233410640460016,1.23437126534515e-15,0.317737588631657,7.49869217804521e-05,0.091054810360276,1.13240820731058e-16
"spot_318",0.993086431203968,5.33851689991349e-16,2.3686718441899e-16,3.51886185804711e-16,5.51160225893397e-16,0.00691214988478034,4.25296532253944e-16,1.41891124909206e-06,1.72697757193652e-17
"spot_319",0.803298322196413,1.32922913803064e-15,1.18451389665464e-15,1.71324289245982e-15,3.15434776298275e-15,0.12573984015912,0.043325910130304,0.0276359275141563,1.02693739744448e-16
"spot_320",1.15370930521637e-14,1.02001642292681e-14,1.40240188305434e-14,1.68677118967455e-14,1.18425241180686e-14,0.527411093379982,2.10165800308548e-15,0.0683904708735742,0.404198435746378
"spot_321",1.43860439064334e-14,0.000972395407005717,1.12867681568055e-14,0.00138371982143565,0.19368786222597,0.61283004888441,2.96071006030837e-15,0.0805689006765045,0.110557072984645
"spot_322",1.609131157103e-14,9.31419715199127e-15,0.166240203129232,1.78147170433916e-08,0.0528056352790672,0.337705902909734,4.14586952502839e-15,0.0673354741888897,0.37591276667833
"spot_323",9.50510682915494e-15,5.43890743662336e-15,0.679926680369391,8.01945462975222e-16,0.00481375663916015,0.0749486597957707,1.52426297047112e-15,0.24031090319566,7.41201394738094e-16
"spot_324",0.0495560487267678,2.26610966657182e-13,0.398153042692801,1.43895743020186e-15,0.196118839605942,0.0860542851776247,6.16221172197518e-06,0.270111621584913,1.69671833127521e-15
"spot_325",5.50555799984787e-15,7.08248105228776e-10,0.414617416755752,0.0235277121034765,0.433945210880666,0.0116640807841268,6.917278457267e-16,0.113962151764942,0.00228342700278269
"spot_326",6.72138918125901e-15,4.07477587636693e-15,0.744163181602715,1.15476781695818e-09,0.247150727571167,1.00268818554424e-15,6.70058074142948e-16,0.0086860896713371,4.59248391516501e-16
"spot_327",4.86433925371567e-15,6.80885347646771e-15,0.444401850009727,0.0108828031017722,0.42493954639548,0.00240546451259834,8.64648570092021e-16,0.117370335980409,8.53779522811046e-16
"spot_328",1.32965410582038e-14,5.51193795571685e-15,0.378142928631982,9.35030478074185e-16,0.279967056135713,0.0100094536176868,4.24251111886981e-15,0.331880561614593,1.32419034657586e-15
"spot_329",9.57663023311264e-15,5.64418380359027e-15,0.432898344066237,0.0116765676008598,0.447241601066505,1.88987458010647e-15,0.00661305552737407,0.101570431739006,1.21855712479617e-15
"spot_330",1.00399504177458e-14,1.04892826407181e-14,2.3978770582856e-08,0.0705167227245284,0.798478956333691,0.0321556517247955,1.39782939390205e-15,0.0988486452381911,1.1218051643002e-15
"spot_331",6.84153426440933e-15,6.06167410618045e-15,0.644571152276957,4.18885475800298e-09,0.270494602137907,0.00350909216660849,9.46576683437307e-16,0.0770224768906137,0.00440267233904563
"spot_332",2.11748320117659e-15,5.7329476953576e-15,0.694089244445726,0.00908271285305254,0.216542450882925,9.52307960664214e-16,4.64221249709773e-16,0.0802855918182862,5.22831655962627e-16
"spot_333",1.16925585816681e-14,0.0705844487199305,0.486876443042393,0.034071995140676,0.0259985184783896,0.0930740873665902,2.46419437962109e-15,0.289394507252005,1.73318930582462e-15
"spot_334",0.140432088224526,3.34899103439383e-15,0.513859610747438,1.11873603681638e-15,0.0442873880552729,0.0249419543885511,0.0994295016967183,0.170235007756387,0.00681444913110247
"spot_335",7.20514918290958e-15,1.39100362652008e-14,0.0638684180591936,6.71911228982357e-15,0.641212959488834,0.0566356917465574,6.4199606261725e-16,0.238282930705384,2.4541499607616e-15
"spot_336",1.15312860031953e-14,6.96701421690936e-15,0.629063530316241,7.68219752294516e-05,0.0071238741150312,0.0366581688377564,0.257641204900542,0.0694363998551798,9.03838975104544e-16
"spot_337",2.02298674727048e-16,4.10257320068514e-13,0.998249200773436,0.00175079922615371,3.04741481754229e-17,2.6002435251984e-17,1.38821471726617e-17,2.4626888330479e-17,1.33002317804852e-16
"spot_338",3.63961143007456e-15,7.27358724276342e-15,9.52638436797411e-15,3.15563357292553e-09,7.64282557878576e-15,0.0119780080265367,0.9880219888178,8.10941790687788e-16,4.88212625714993e-16
"spot_339",7.69006309668071e-15,1.27053962246143e-14,1.09016491504947e-14,0.00262631510350951,1.05332481106374e-14,0.219902015799712,0.770835428924274,0.0066362401724613,1.10525687568541e-15
"spot_340",5.82911914050907e-15,1.28419234887858e-14,8.84751364403168e-15,8.46683229886919e-15,5.0074609347245e-15,5.04245671183968e-15,0.966756511572388,0.00110925619103805,0.0321342322365281
"spot_341",0.0773477904529282,4.81973391218484e-15,3.64521368761015e-15,2.96445138585958e-15,2.55434060284848e-15,0.00646531831875845,0.916186891228298,4.1775068079907e-16,4.49346501351039e-16
"spot_342",1.21492777344312e-06,6.90687836285405e-15,1.00575542545192e-14,9.09434251429599e-15,1.96380294481813e-14,1.32461989795462e-14,0.999090066248542,0.000908718823623728,1.719097479446e-15
"spot_343",0.161731184713378,2.98005995015448e-15,5.33554254377176e-15,5.03544570369536e-15,9.63266167142629e-15,6.18940795914718e-15,0.838195139090864,7.36761957275748e-05,1.59502159577069e-15
"spot_344",5.16232591552447e-13,4.03271044319669e-15,0.00436290508155501,4.6467184339008e-15,1.0561022432216e-14,8.51356567148988e-15,0.993703219133975,1.18588995152017e-15,0.00193387578392526
"spot_345",0.386740325834406,9.85329834658482e-16,1.03128443919301e-15,1.0552485609335e-15,2.24776735959104e-15,1.50163239652752e-06,0.61325817253319,7.0873609841852e-16,1.16717423098822e-15
"spot_346",8.46601143665021e-15,1.27701919990402e-15,1.77838166685706e-15,2.40222892315229e-15,2.04614492988913e-15,3.24265664869777e-15,0.99999999999998,2.12336279167713e-16,4.90284417426235e-16
"spot_347",0.541187145492143,0.00102207560722373,1.4725471090726e-15,0.00282844852369533,2.91279387709675e-15,1.76392592570783e-15,0.453879711739964,0.0010826186369669,4.2022414617127e-16
"spot_348",0.916685956143607,1.49580546878531e-15,5.87976376452027e-16,0.000358509329710405,1.13370145564789e-15,0.036150969871412,0.0468045646552651,1.84740163372559e-15,8.47254548345437e-17
"spot_349",0.997067793204511,2.98746608540036e-16,0.000116913825639409,1.30672360520538e-16,2.25188737437437e-16,0.00278732382832482,2.79691415235095e-05,4.41599474402693e-16,1.25077961455456e-17
"spot_350",0.999999999999998,2.63950779440189e-16,8.46738756372516e-17,6.6945150329736e-17,3.75536114950402e-16,2.82454073274219e-16,4.64654261202765e-16,2.33453267900826e-16,8.6358376829945e-18
"spot_351",0.474850818072117,2.36643841112714e-15,4.95676955677186e-15,8.71200099735568e-15,5.46655112707183e-15,0.0879111530069457,0.0830218991859271,0.0811534027848227,0.273062726950166
"spot_352",0.271427513770843,5.1419872819429e-15,0.00286423086055649,3.81204244484185e-15,3.72507420946357e-15,0.564736550510373,8.856768007461e-16,0.0605554369730937,0.10041626788512
"spot_353",0.0467330707488723,7.03289516779122e-15,0.285899940471749,0.0182585484680512,0.430995519084271,0.0471007456910623,0.020466667243956,0.132414355117699,0.0181311531743322
"spot_354",2.0863161414665e-14,7.30256113886888e-15,0.750727885570487,1.05190806614007e-15,0.128518342839212,3.12244327340004e-15,4.21923852052389e-15,0.120753771590263,1.4868241090064e-15
"spot_355",6.39138593448637e-15,7.82181146602588e-15,0.4685801500739,0.0367960653136359,0.322681208555553,0.038542877160565,8.73915557178891e-16,0.133399698896329,9.5227398879973e-16
"spot_356",0.0654666450752934,6.66956990583842e-15,0.576274128493825,0.0421821453534234,0.300752518655943,6.29615120451495e-16,0.013378882944198,6.32306653105251e-16,0.00194567947730923
"spot_357",2.08817075405158e-14,1.1181493370298e-14,1.08151146556277e-14,0.00259757856919685,0.335645412677683,0.257869230685874,0.000398605132171412,0.40348917293503,2.1458202107577e-15
"spot_358",0.157146140435917,4.85424128185005e-15,0.231546892296511,2.34458639314313e-15,0.333457569518065,0.0183957455898841,0.0627961165674827,0.19665753559213,1.59661564330807e-15
"spot_359",0.0110111473633172,8.80059725622355e-15,0.459173933689263,0.0473980870274615,0.124663284280252,0.125222782329461,4.03768809442992e-15,0.225481819417969,0.00704894589226381
"spot_360",9.02691575622238e-15,1.04671287177381e-14,0.445296833218078,0.019196086467231,0.315453482288548,0.0481734604999426,1.60715873611641e-15,0.171880137526177,1.05888347176795e-15
"spot_361",3.56289945321635e-15,5.58356304239435e-15,0.535148002913823,0.0379825838287307,0.278728176794359,0.0425912200700458,0.000214423924676148,0.105335592468355,8.60897836580027e-16
"spot_362",7.9038071866093e-15,0.135451281838222,0.134058406889815,0.0404189387649093,0.599340599817279,0.0389188532328692,2.44132890145154e-16,0.0518119194568976,8.37087063097512e-16
"spot_363",0.131269806900401,6.7625213748803e-15,0.386756649329711,7.77270229935609e-12,0.261815180717013,1.81269030615689e-15,0.0726885455799528,0.136928994592547,0.0105408228725932
"spot_364",9.43955705480992e-15,0.0303894310999934,0.611207010873423,0.0342859411259695,0.229467704084856,0.00723830251162062,1.0734739015042e-15,0.0863693492857139,0.00104226101841265
"spot_365",0.160967540603697,1.39714528247819e-10,0.576287869687358,0.00829402051290954,1.43832974756604e-09,0.063310561728355,0.0556079025182673,0.135528743890169,3.35948119969998e-06
"spot_366",0.203385986673572,3.47075446432123e-15,4.39107901745163e-15,2.60736212283293e-15,0.43335720520285,0.0592671793207465,0.080475459035064,0.223514169767756,1.80808792037045e-15
"spot_367",1.23727051286601e-14,0.0354713497143878,0.457275756959629,1.12236792457973e-15,0.0459360537794207,0.259385331338999,1.6706479956534e-15,0.201931508207547,1.10027080544124e-15
"spot_368",2.80191430087704e-15,3.83473905872094e-15,0.999999999999992,3.69972868412947e-17,1.06273822544322e-16,2.28287170614711e-16,4.20845797502329e-16,2.58447914020128e-16,2.60328161575886e-16
"spot_369",0.0439710159465268,0.148060413891785,3.86183545004842e-15,0.148205770529434,1.9075495619138e-15,0.319588356825923,0.302487368362541,0.0376870744437837,1.19115764361315e-15
"spot_370",0.0265791695094965,0.0629603644414441,6.01200269896997e-15,0.0981931880812131,3.18967814030458e-15,4.61141988656786e-15,0.458285154530446,2.50913971925152e-15,0.353982123437384
"spot_371",0.13343596131693,0.156890772912136,3.14544024532234e-15,0.114570997350459,2.15914855631133e-06,0.199993403074634,0.389460940449062,0.00564576574821886,1.60614744523548e-15
"spot_372",8.52486295287717e-15,0.148531732500362,2.43942007129153e-10,0.0568387101403404,5.06995321879456e-15,4.36295732724257e-15,0.623190772727978,2.90996850052985e-15,0.171438784387356
"spot_373",2.41018226038067e-14,1.51449220429234e-14,3.1087863839562e-14,7.24442457250183e-15,0.357535738991909,0.131723642701103,7.59394791416178e-15,0.510740618306901,2.62476384336322e-15
"spot_374",9.81186216946393e-15,8.34074122590241e-15,0.0112398261533702,0.0741237059231111,0.567352308666668,0.00851736319948133,0.298723193788159,0.040043602269191,9.16382181007811e-16
"spot_375",1.19147293608888e-14,7.77566702438082e-15,9.50799698233809e-15,3.87108464903204e-15,0.362001956163095,2.86938887853653e-15,0.3265553765197,0.311442667317167,2.24707642330462e-15
"spot_376",0.505319145489323,6.03647132493376e-16,2.16281269121242e-16,2.94430107702226e-16,2.81089890359058e-16,2.71693040230089e-16,0.494680854510674,5.65235499348508e-17,1.03519049338608e-15
"spot_377",0.378866163535608,1.60692802188303e-15,2.7490628502915e-15,1.97891937759207e-15,5.14826959562686e-15,4.77522658949511e-15,0.616598093096262,2.18611832347533e-15,0.00453574336811164
"spot_378",0.394464089940167,1.09104702418185e-15,1.10662363703287e-15,1.16049635155373e-15,2.25897008785528e-15,0.00130251308245917,0.600321299428715,7.63231511019769e-16,0.00391209754865203
"spot_379",0.397120363130604,1.85915020556641e-15,2.74168563186091e-15,0.00438041257849124,3.6741465342275e-15,3.74444628184596e-15,0.59849922429089,1.7683976630329e-15,1.50180291638423e-15
"spot_380",1.42686347574296e-12,2.61183672226395e-15,4.75779304636476e-15,3.28057808451242e-15,7.49871004708864e-15,7.88442289284527e-15,0.999999999998545,8.72916452856964e-16,1.17048494934388e-15
"spot_381",0.109941606713383,0.290594693889255,2.5156589123185e-15,0.06873669759084,2.58581572197762e-15,3.80875313482139e-07,0.141438031784662,1.47512436303583e-13,0.389288589146394
"spot_383",1.8664521815258e-14,8.68008655493049e-15,0.591370299046382,0.0107338569583619,0.268149351612255,0.00971377398129458,0.000379490000591977,0.119653228401086,1.3704412420663e-15
"spot_384",6.38394238802829e-15,4.30406205384324e-15,0.396594434521585,0.0255921382273098,0.520476443045519,1.1486366092203e-15,0.00108063663952552,0.056256347566048,7.67967793663688e-16
"spot_385",0.146764832238708,5.20189834430528e-15,6.69588530840787e-15,0.0121955204431788,0.394917274884964,0.0704891761824579,0.146420860767771,0.229212335482906,2.06049267850797e-15
"spot_386",6.95336303890464e-15,1.31902211386269e-14,1.02936529689015e-14,0.0492136129770425,0.585347289863339,0.0677872553408509,9.59242437753206e-16,0.297651841818735,1.66512231729087e-15
"spot_387",9.63899839529129e-15,6.50089898075259e-15,0.665135884527234,0.00352010429453391,0.137647587602365,0.0200280316864949,1.76690495597338e-15,0.173668391889353,9.92584369526355e-16
"spot_388",0.00632024420538603,4.85391119096452e-13,0.300391487193205,0.000105857930527409,0.394518053521407,0.0888905453401719,9.71372367268854e-16,0.209773811808815,9.82373738286175e-16
"spot_389",0.223180696268917,4.14452886059062e-15,5.15012366475566e-15,0.0165123879514104,0.470053452482961,0.0114709728907382,0.20885983231534,0.0699226580906217,2.45995949815254e-15
"spot_390",1.0708362884532e-14,0.00534676852138161,1.22831621068266e-14,5.81141160713834e-06,0.626247594259214,0.114353453591184,1.60053101207391e-15,0.254046372216587,1.74766146617996e-15
"spot_391",0.113715386389618,7.20938561986144e-15,0.705925306908053,0.0167570184584094,0.0557228437483297,0.0319976034778413,0.0231768308178877,0.0526985912114701,6.41898838298573e-06
"spot_392",4.57180092014068e-15,9.0412998767221e-15,9.20662864674623e-15,0.004804846487673,0.861381465880913,1.00393049798397e-15,7.24794340958111e-16,0.133813687631388,1.46652558599564e-15
"spot_393",5.18677029484022e-15,6.60834450839768e-15,0.625473898962992,0.0479402771964223,0.237159473732503,0.0279185946839282,6.54054635611257e-16,0.0615077554241412,1.17168156333545e-15
"spot_394",9.99574109433252e-15,4.91448948672335e-15,7.53911353880802e-15,2.03712084961036e-15,0.648380893819519,1.62540567689074e-15,3.37083556832112e-15,0.35161910618045,1.44375054437268e-15
"spot_395",1.49752195006499e-14,1.13038288974195e-14,0.471144439043955,0.0418973863514218,0.343774568650699,1.90196133780413e-15,1.78397969758993e-15,0.143183605953892,1.98236336258996e-15
"spot_396",1.16341912318043e-14,8.58788811137415e-15,0.493423093407116,0.0241768755836449,3.34211777357664e-15,0.188790636197181,1.6664321280694e-15,0.293609394812032,1.19848655800925e-15
"spot_397",1.46364385912746e-14,1.00910000907506e-14,0.287823314618745,2.23623176759887e-15,0.248897631252287,0.13992641690872,2.80060731530439e-15,0.323352637220217,1.80950302763484e-15
"spot_398",1.62083158485913e-07,1.07944978686727e-14,0.38060499642775,0.0687037697478947,0.353647998713413,0.108242779692143,1.3764873802217e-15,0.0882578528141232,0.000542440521505222
"spot_399",9.94450614926039e-15,1.26096383290803e-14,1.24698165109866e-14,0.00600735709454633,0.640788896638304,0.0375838283252826,0.171807017215176,0.143812900726655,1.45869780113995e-15
"spot_400",1.06348586831585e-14,2.33281871394065e-08,0.361589925463767,0.00216615998094622,1.84479426467591e-12,0.243199545028293,8.80251441485396e-16,0.0138671529223621,0.379177193274589
"spot_401",8.19053632941472e-15,0.0767917520221768,0.111841194054923,0.0673749457532357,2.3176836026179e-15,1.95318963603945e-15,0.163613658228639,1.20533225326001e-15,0.580378449941012
"spot_402",5.07741398627745e-15,1.57912123309104e-14,1.34375950176876e-14,9.82308706084919e-09,1.05738155508212e-14,1.08312789413442e-14,0.51403036905171,2.17033999916629e-15,0.485969621125145
"spot_403",1.03753021410332e-14,0.123566729242483,4.42361569852104e-11,0.0399290396135603,0.00135989479431048,3.46465256311254e-15,0.244975320026852,1.04901613038209e-15,0.590169016278543
"spot_404",1.92399715131709e-14,1.43624153351094e-14,1.14263491983771e-14,0.0561675603712969,0.523326395595161,0.0395980898749627,4.05218443880949e-15,0.198326621227962,0.182581332930569
"spot_405",9.65445428557252e-15,7.44185409223074e-15,7.22800040661811e-15,2.36584018194793e-05,0.582479233913144,2.42365523340925e-15,0.23994464451737,0.177243315059887,0.000309148107753353
"spot_406",1.45179018730949e-14,0.0010573583406047,7.1837917129781e-15,4.40028024287684e-15,0.32615289001522,0.0594892841875816,0.294907874003749,0.318392593452816,1.92455345253303e-15
"spot_407",0.32157760059994,5.15993739406462e-15,4.25176939074775e-15,4.21760604621339e-15,0.367989904295216,0.0216001947810052,0.102254892990726,0.184839055688957,0.00173835164414157
"spot_408",0.103287516078011,7.75424297068061e-15,8.50232540113123e-15,1.02474193576438e-14,1.16522492602006e-14,0.391591727569974,0.470403997902644,0.0330387905554469,0.00167796789388582
"spot_409",0.353716656489854,2.31100449495179e-15,2.2323620531757e-15,1.92024019210778e-15,5.52062955246696e-15,0.239880787198603,0.391086661444875,0.0153158948666542,1.16552846241838e-15
"spot_410",0.278765925862395,2.10310045395295e-15,1.77919591792463e-15,1.59066814725766e-15,2.05820649885461e-15,2.88018828952734e-15,0.721234074137593,6.59870808667764e-16,1.38983249803566e-15
"spot_411",0.247206034656631,1.2561449315897e-15,1.80577066709289e-15,3.03439698154649e-15,0.0094817866278611,2.22849058018673e-15,0.743312178715498,6.69182653541684e-16,6.19389958175864e-16
"spot_412",0.145596601065169,2.58491992345022e-15,3.78392436411077e-15,0.00179139191160741,5.35922633510271e-15,4.80040193021999e-15,0.852612007023205,1.06779896042589e-15,1.16568080117741e-15
"spot_413",0.215115122491824,2.38959649600195e-15,0.26029660949385,0.00684258690562692,1.65666290780823e-15,1.43204039167333e-15,0.517745681106842,6.35192561840689e-16,1.85075866089596e-12
"spot_414",8.73621578294569e-15,8.59242290890168e-15,0.430118728376342,8.66139595443985e-16,0.110032053399527,0.0140794593112991,0.369435522923139,0.0763342359896733,1.20421743386944e-15
"spot_415",5.70482031849193e-15,1.13887592347462e-14,9.52921800387211e-15,0.00125741032305271,0.701056569551959,0.0672198065894725,6.35508450791798e-16,0.230466213535487,1.29261405696551e-15
"spot_416",6.10950773260654e-15,5.56879278227775e-15,0.346563647416708,0.0240077788233887,0.566106451073603,8.48211453330321e-05,0.000587958360137168,0.061628101828891,0.0010212413519266
"spot_417",1.04082649732133e-14,1.12612941724511e-14,0.426396729817939,0.00489607447763491,0.282455071456932,0.0738405086162424,1.08962283526613e-15,0.197504400444409,0.0149072151868193
"spot_418",0.0142607265541732,5.27085241811024e-15,0.328170653133291,9.69082362590809e-09,0.542583789152754,0.000358233678478167,1.42407233189661e-15,0.114626587790472,1.20145624994294e-15
"spot_419",4.58152520217372e-15,1.15329878432109e-13,0.414704651055455,0.0316645639107176,0.552647295559688,7.66923345419143e-16,5.6567368944048e-16,7.19332243947487e-16,0.000983489474017136
"spot_420",1.24409930354182e-14,6.53703470506379e-15,0.593141335087139,1.38119821549377e-15,0.138070717587747,0.0283917431001347,2.89909474528843e-15,0.240396204224955,1.55622384187769e-15
"spot_421",0.0919336507041603,7.77719387490265e-15,0.00840359828015379,6.23897921038446e-15,0.699029614132058,0.00309909173202632,0.0605472964744671,0.133766521769035,0.00322022690808546
"spot_422",4.80092435302675e-15,7.46597873078201e-15,0.434019137341895,0.0700215776070476,0.343724887466455,0.0142360981505003,8.49823330359134e-16,0.137853593322465,0.000144706111624301
"spot_423",3.73870861885958e-15,0.00759598957062975,0.478082332143368,0.000139511731653124,0.451390425890123,0.000997589558667081,4.32464487328761e-16,0.0617941511055541,6.49714449209917e-16
"spot_424",1.14485570826964e-14,1.21591997472261e-12,0.287936026695141,0.0137930548445295,0.397181057960539,0.0212549282476954,2.83628138170834e-15,0.279834932250848,1.77816296072529e-14
"spot_425",8.32988714067769e-15,8.49457028387434e-15,0.450932754205329,0.0163178820061738,0.298499494250554,0.0517927095612834,1.42756155995641e-15,0.18245715997664,1.19928459236662e-15
"spot_426",8.02247611631599e-15,7.64963205211852e-15,0.261198373461491,0.000119092529957957,0.577069942574147,0.000198272981438945,1.77486396929539e-15,0.161414318452946,1.30268999420017e-15
"spot_427",7.65088475662521e-15,6.20219496858434e-15,0.472863661886782,0.0438229596228822,0.23612367304915,0.221655953581076,9.17786311296514e-16,0.025533751860094,9.95806898799917e-16
"spot_428",1.5520183849438e-15,3.91831674344676e-15,0.327843950007736,0.13059640195612,0.541559648036137,2.59377354810368e-16,2.84364873457428e-16,3.21012350116778e-16,5.30848396400005e-16
"spot_429",4.32962265208411e-15,6.52962708863568e-15,0.387128785236745,0.00245308752221561,0.380177419371226,0.05140004171152,7.12089637537083e-16,0.175207383723487,0.00363328243479437
"spot_430",0.141859064367046,0.00149584140836402,4.96643905100853e-15,3.78569858785557e-10,0.262048264220037,0.16045607399441,0.274296147942857,0.15984460768871,1.79298008366069e-15
"spot_431",1.91984507926373e-14,1.44501646766023e-12,0.229546120724916,0.0014738412240925,3.99942754022622e-15,0.491608224501323,0.168139080073038,0.0190653407961092,0.0901673926790527
"spot_432",0.107403858351183,3.82575904403411e-06,4.13750911889917e-15,0.052425615522526,1.9791348301153e-15,3.67116959989031e-15,2.5627889564812e-15,2.07786808304674e-15,0.840166700367233
"spot_433",6.55189023650025e-15,7.02275729343165e-15,6.50294872666745e-15,0.0298949180228672,5.10057805167751e-15,0.00212832616422039,0.520957661683502,6.12180539318746e-16,0.447019094129385
"spot_434",7.97515891303692e-15,0.388410866221462,1.42792333718389e-15,0.20559008096892,1.04420634888065e-15,8.90984292669026e-16,1.79140637470026e-15,4.32618859267456e-16,0.405999052809605
"spot_435",2.31830365455066e-14,0.135962501524134,8.50731094708895e-15,0.326552724499805,2.58757039615878e-15,0.0782544220478884,0.363603171326479,0.095627180601657,2.54348370751364e-15
"spot_436",1.99541894074013e-14,0.54839259706539,3.33846568356024e-15,0.451607402934574,2.82581329945832e-15,2.58221179805053e-15,2.88146679972177e-15,1.87767854419581e-15,1.93447442406596e-15
"spot_437",0.00557986750523632,0.229034836357787,0.00262070561724456,0.0981116152991561,0.388174195333039,0.0267707324763638,4.45348395894449e-15,0.248227368677293,0.00148067873387591
"spot_438",2.68175197768272e-14,0.358108479019328,0.0211444907084477,0.136742980436915,0.304481116067177,0.028728910096966,5.16159450014939e-15,0.125621899326309,0.0251721243448248
"spot_439",8.7564981903097e-15,4.81295713061109e-15,4.9161010780435e-15,0.014172781914443,0.293278446404601,0.38688617619775,0.21030927479467,0.0953533206885161,5.06786553598689e-16
"spot_440",3.01970596029809e-14,2.77910403239345e-14,1.95140440406634e-14,0.0304502415544865,7.54604738578435e-15,0.56398608362239,0.384377148818388,0.0211865260046485,2.2545852489596e-15
"spot_441",0.185373045730975,4.29966061261675e-15,3.44079196219502e-15,5.46346189637553e-15,5.52137334597443e-15,0.527089719858458,0.206155210313308,0.0813820240972385,1.57903876659911e-15
"spot_442",0.214338353609532,3.24441306202259e-15,4.30162035030722e-15,4.40533984581048e-15,6.63263472651067e-15,0.406586721321267,0.34342541907819,0.0356495059909908,1.40007978894636e-15
"spot_443",0.0908656037089655,0.00360399782904553,6.54259519431273e-15,4.16864862045991e-15,5.71058946526978e-15,5.40340913544848e-15,0.905530398461964,1.44418102435129e-15,1.71153085912351e-15
"spot_444",0.475081585517102,1.8464818254014e-10,0.00339631496736089,1.74769668897606e-15,2.68898235909227e-15,9.35436642376943e-16,0.51734207694936,0.00126050833138402,0.00291951405013927
"spot_445",9.58117530963709e-11,0.0903723766674881,0.747075588563668,0.00625200347950669,7.2802624544125e-16,0.0342224651778203,0.0751192901567832,0.0469582758589204,6.54461347090236e-16
"spot_446",1.66206914709799e-14,9.98490359031854e-15,0.429540018623029,0.00491808188254876,0.306749267569912,0.0185540123610873,5.2855087385424e-15,0.240238619563389,1.92720059357493e-15
"spot_447",9.29749562201311e-15,1.58634995557425e-14,1.22902300846385e-14,7.71758012749662e-06,0.679136004385567,0.0313546843584991,1.12374746687062e-15,0.287325399828567,0.00217619384720034
"spot_448",8.9466143436965e-15,4.63297447949179e-15,5.04684143595647e-15,1.3048557019255e-15,0.563990272223131,0.0119666208197465,2.58177274863153e-15,0.424043106957099,1.05024154152255e-15
"spot_449",9.01277590039212e-15,6.71308076468253e-15,9.69400211672215e-15,4.5383905563293e-15,0.664240228989935,0.0155737327559833,2.30674282441218e-15,0.320186038254048,1.76624510828041e-15
"spot_450",3.44996611446312e-15,5.72314681269357e-15,0.805787865961502,0.0238626543013992,0.139376904481737,1.97378306282174e-14,5.21003465765062e-16,0.0309725752553309,7.73695037664428e-16
"spot_451",8.20821680203687e-15,9.80852806076445e-15,0.467837830897649,0.0337754643696209,0.258335256494965,0.0507775316810199,1.10225360370605e-15,0.187273723784321,0.00200019277240568
"spot_452",0.000510475374046085,1.0419308028569e-14,0.757340575682037,0.0392176444216262,0.202735860302605,4.12567480802641e-16,1.9119138071194e-16,1.20039023458733e-15,0.000195444219673123
"spot_453",8.65185355249323e-15,1.42899482004162e-14,1.1214638666477e-14,0.028133788241425,0.789890495724602,0.0277486171721977,1.13554482995849e-15,0.154227098861738,1.72315510509399e-15
"spot_454",6.49193951920114e-15,7.08866909425374e-06,0.843864432900782,0.0332086023456693,0.00196064415119147,0.0172318444954048,7.24799802113033e-16,0.10372738743785,8.4133459665155e-16
"spot_455",2.62198465208695e-14,8.43758518358167e-15,0.467679462604282,1.49949003751481e-15,0.183338900151751,0.0505442654551049,1.23603768074651e-09,0.298437367284661,3.26812791333877e-09
"spot_456",3.98397031685648e-07,6.31478415949207e-15,0.317395132701678,0.0778492334560143,0.597930567255164,4.78903046756533e-16,6.73399990185103e-16,4.79464602542281e-16,0.00682466819010348
"spot_457",0.0406964072363991,9.67743629370425e-15,0.706699633064457,8.05693510326611e-16,0.0704427063607496,1.76632839465603e-15,0.125209216707546,0.0569520366308342,1.48535375296072e-15
"spot_458",1.04832915542862e-14,9.62306799097768e-15,1.23144449007974e-14,2.034722674954e-07,0.70646378564636,0.00263238270399542,2.39911080022037e-15,0.29090362817734,1.60402595850501e-15
"spot_459",3.83091593122972e-15,0.012638055413149,0.437376163042013,0.017797629354294,0.460331524185384,0.0134273685020698,4.7565299051616e-16,0.0584292595030856,7.23677001427409e-16
"spot_460",9.66124348085655e-15,6.24851798272358e-15,0.263580544609201,0.0182295749211941,0.488197314299653,1.57752448157745e-15,2.43089550112107e-15,0.229992566169932,1.17354670625643e-15
"spot_461",0.170707339238253,2.99475379954071e-15,0.555655798478566,0.0248457695641247,0.193123117731213,0.00282359499918576,0.00659222635780806,0.0462521536307132,1.33264894563172e-13
"spot_462",5.03092663590619e-15,0.111525812762752,0.737270952352472,0.0444545557649743,7.43290828136651e-16,0.02266683767245,5.32192303557936e-16,0.0154421137688168,0.0686397276785292
"spot_463",9.55599083913149e-15,2.00322672661347e-14,2.17828627403827e-14,0.00740314576112326,0.00620779858304787,1.87662674239467e-14,0.670495134264826,4.00097701577701e-15,0.315893921390928
"spot_464",1.16021453151599e-14,0.00583553933888194,0.720509176338332,0.000999814967696807,4.24380562304574e-16,1.02324273745668e-15,0.236068361222902,6.1282008482817e-16,0.0365871081321738
"spot_465",1.77766908194877e-15,0.245730568402288,0.681096572545851,0.0731236627357967,2.76480356309967e-16,2.26653451052919e-16,1.59555550458319e-16,1.68884528139232e-16,4.91963160607856e-05
"spot_466",4.54668038744376e-15,0.594297343584504,0.206749950000518,0.198952501585584,7.96804022831771e-16,7.07617612370413e-16,6.56301452550219e-16,1.30143827874992e-15,2.04829386641925e-07
"spot_467",1.43115306783101e-14,0.686451488120635,0.0293500716610164,0.273203702452503,1.9204209744679e-15,0.00912946542924082,2.50133029338432e-15,3.32654155446283e-15,0.00186527233658315
"spot_468",1.2226836496791e-14,0.664621854723582,0.068337971955624,0.259759887059622,2.4029420257141e-15,2.03641858256725e-15,2.28699837419909e-15,1.68324066496378e-15,0.00728028626115178
"spot_469",1.16021863927331e-15,0.839255737394998,0.0188989080036211,0.141643685351899,3.13794807130366e-16,0.000201669249479899,1.53190646574694e-16,4.03150120065935e-16,2.95860048083188e-16
"spot_470",6.54318715833696e-15,0.574146219983804,0.0318474936166518,0.393158631275887,1.64388707874633e-15,9.04475017057421e-16,1.0260728131174e-15,1.47111607569577e-15,0.000847655123646363
"spot_471",8.94792114115314e-15,0.5309371821603,2.83460049085346e-15,0.469062817839679,1.48663785589933e-15,1.12418058175578e-15,1.65082969423382e-15,3.82570726488966e-15,1.18141102444303e-15
"spot_472",3.40511707508974e-09,2.23215874554949e-14,1.62866283397763e-14,1.11417466965313e-14,1.00498017080251e-14,0.788830152146186,0.179726671321958,0.0314431731266747,4.26505224993627e-15
"spot_473",1.01928273565832e-14,7.92231978030131e-15,1.10281447131561e-14,1.13087538625055e-14,7.11542870981581e-15,0.699906198252323,0.186977876353874,0.113115925393755,1.1304778266173e-15
"spot_474",8.03639163696914e-15,9.81361690976091e-15,1.16709436037993e-14,1.10514399329246e-14,1.23448669159416e-14,0.568990163201319,0.418810104414625,0.012199732384002,1.00630512984457e-15
"spot_475",0.29747647142808,1.87343004429818e-15,4.05542757042685e-15,0.00332632734447374,9.91839244590354e-15,4.57414721626602e-15,0.68835722076849,2.92090797083372e-15,0.0108399804589332
"spot_476",1.20995930988817e-14,0.0709140696318559,0.657779796077909,0.000913330749233223,0.130549877737488,0.00101123789475447,2.89586893053471e-15,0.138831687908744,1.30795234012421e-15
"spot_477",1.47571307481611e-14,9.37739237484581e-15,8.12921673436749e-15,6.0622153746391e-15,0.602300977699905,0.0883064306019603,3.09165086896545e-15,0.309392591698092,1.42391311344957e-15
"spot_478",5.84525360092442e-15,9.22387747506116e-15,0.433003278121606,0.0407678163678605,0.344974413618005,0.0286221228544881,1.06674230019836e-15,0.152632369038023,1.04654260394813e-15
"spot_479",8.79263831615031e-15,1.14867396343245e-14,0.706928951743939,0.00108664128964983,0.0602671540290518,0.0286725795350109,1.23794486215584e-15,0.180647680850878,0.022396992551449
"spot_480",6.62727255088367e-11,1.18424836853186e-14,1.05525440022928e-14,6.69083932238259e-15,0.292833815497971,0.237221732334271,0.00646898555768433,0.463475466543769,2.33633664711943e-15
"spot_481",6.99943497884689e-15,1.13621450457941e-14,0.05065937846832,0.0177523426939715,0.611314589467258,0.0451288379460425,8.5856206925959e-16,0.275052011692415,9.28397319731938e-05
"spot_482",0.0671879845898302,7.55524176951465e-15,0.362856179963139,8.30567509353219e-16,0.261177052811296,2.31029703508102e-15,0.140624062341155,0.168154720294568,1.52578427587486e-15
"spot_483",5.55439306764067e-15,8.73388966874896e-15,8.27485214814945e-15,0.0453796349928947,0.633686922251754,0.0468228658647201,7.30988047406858e-16,0.273214306963613,0.000896269926994961
"spot_484",9.94145528331326e-15,7.14426218282129e-15,0.60149942688634,1.1220794887042e-15,0.189727502054257,1.50011493987284e-15,3.05264050446798e-15,0.208773071059379,1.60306501164862e-15
"spot_485",3.56614071659102e-14,1.110192528909e-14,0.707250541737947,0.0019113853219767,0.0460362463546279,0.0482421598230528,0.0109047798868166,0.166694147819716,0.0189607390558159
"spot_486",0.00589499218671463,1.16498506400443e-14,9.58705181102167e-15,0.00649775115104915,0.624514138714175,0.132812948755904,8.70197820454829e-16,0.230280169192134,9.26615077098375e-16
"spot_487",9.84643103054369e-15,7.83471712833611e-15,0.509721897271027,0.0279820917521062,0.311851152855747,0.030151985681144,1.38435532391461e-15,0.119025011826671,0.00126786061328468
"spot_488",0.0164760035403449,6.55577110852459e-13,0.343142305750045,0.00192783620499684,0.292992018781545,0.0626705051797553,0.0828480740741889,0.199943256468466,1.55714453527088e-15
"spot_489",7.28001335703968e-15,9.14899617831185e-15,9.38813391208682e-15,9.39513435325667e-11,0.448184709649465,0.15862315372857,9.24954332434286e-16,0.393192136527985,1.36923322444223e-15
"spot_490",0.0202366916065295,6.73146000308507e-15,0.378858697218014,0.0687882961354239,0.120812027171194,0.108524107476412,0.00576120684658026,0.297018973545838,1.7842395106744e-15
"spot_491",0.100522356864962,5.67628574699606e-15,0.419488074938251,0.00119752677290841,0.309195416757869,0.0129709404262939,0.0116289319936196,0.144996752246088,1.53529382889219e-15
"spot_492",7.79242167837976e-15,6.16364668921764e-15,0.733146875469464,0.000315668149125837,0.0587304742613406,0.0507314853492859,1.2356947348752e-15,0.157075496770767,9.69966879685663e-16
"spot_493",3.02861756063936e-15,7.88652432674465e-15,0.794900957958594,1.563774802507e-08,3.66523937628868e-16,0.130537964697341,2.25283851315354e-16,0.0745610617063054,7.6049040939894e-16
"spot_494",0.031979442627797,5.14382567093055e-15,0.818767106424757,1.16643567435307e-05,3.95656625241283e-16,8.53778668731079e-16,0.14835473659799,6.93170131766453e-16,0.000887049992705075
"spot_495",0.0909239473702687,2.74689315791035e-15,0.874032100792853,0.000995224301328392,4.61052915049677e-16,0.000149485011260886,0.0331922921029549,0.000706950421330213,3.58358152251666e-16
"spot_496",1.91864174628788e-15,6.01306338385095e-15,3.49455053733616e-15,4.24727983167703e-15,2.8387834843221e-15,3.35326948781199e-15,0.999999999999978,1.69642610853745e-16,1.07966494322186e-16
"spot_497",3.59646640685457e-15,0.744654438117698,0.0306334015487515,0.221864551483198,7.88314488445988e-16,0.000231746313513015,4.44452239844141e-16,1.81689841752359e-08,0.00261584436785033
"spot_498",0.037343990359773,0.58138510749377,0.0373389548949769,0.336292851824292,0.00242424831112472,9.35103849595847e-16,9.62176193516559e-16,1.10239262573758e-15,0.00521484711606126
"spot_499",8.8628370602994e-15,0.485289301752831,0.0292413529074976,0.485219972063247,1.82987889108922e-15,1.247184254034e-15,0.00024937327640832,1.68494433105607e-15,2.29611476660306e-15
"spot_500",3.09712939609773e-14,0.535673538555725,0.273160176995474,0.19116628444874,4.82272392529222e-15,3.60840709683354e-15,1.22138489616552e-14,4.64784159753106e-15,4.69710411476119e-15
"spot_501",1.76641215671069e-14,0.518797972416005,0.218306929037475,0.259471321016432,3.02130367456984e-15,0.00342377753005969,3.80832997564431e-15,2.93102024398511e-15,1.79194910295411e-15
"spot_502",8.51208008323353e-15,0.585076886125219,0.0342240322760936,0.380699081598672,1.65476671945292e-15,1.11268855595533e-15,1.06791216879884e-15,9.03357874445006e-16,1.81586212553503e-15
"spot_503",2.24883544717353e-14,0.212864913945881,0.0158340374754562,0.145375668066967,3.39276986174555e-15,0.381909652666567,0.151822415129322,0.0911744690975238,0.00101884361825807
"spot_504",9.58397312842152e-15,1.56119411596439e-14,6.38977476838432e-15,5.0840253984263e-15,4.39032079909396e-15,0.151242681904943,0.844662139333325,0.0040951787616896,9.29342908646777e-16
"spot_505",0.0560960029301276,9.95552575966308e-15,8.99835427558768e-15,9.44508134110618e-15,0.0083017654778594,0.79488511340362,0.113167519192306,0.027549598996058,1.3091679388507e-15
"spot_506",7.14910264067796e-15,5.32006701424729e-15,9.15211275799333e-15,2.69445741020453e-14,1.38325739894426e-14,0.874118823715545,1.79789801324312e-15,0.125881176284391,6.21326772315994e-16
"spot_507",1.32896262320065e-14,1.23657193483139e-14,1.13942527505236e-14,6.86492220481891e-15,0.158380391732957,0.467672078456381,0.256526922682396,0.117420607128221,1.16222267776786e-15
"spot_508",7.05874537793198e-15,8.60005146711887e-15,8.8186076558244e-15,2.7951297385618e-14,0.67211690536251,0.0510782749143398,1.26900141571539e-15,0.276804819723095,5.88924576926425e-16
"spot_509",5.81391017365648e-15,0.000696764784015418,0.783904103342704,0.00898982406931772,0.0615682364039489,0.0133633191345223,8.68489495332215e-16,0.131477752265483,9.60413069251469e-16
"spot_510",0.183532549204967,2.34424265605966e-15,4.32836008710767e-15,3.67408539361605e-15,0.640764785486613,0.00203172568622299,0.107296686564344,0.0663742530578407,1.76088452274674e-15
"spot_511",0.0630415321819434,1.61264863865471e-14,1.7773211846787e-14,8.51342140337844e-15,0.454274976374053,0.0676102346119244,9.68525807060126e-15,0.407571493638497,0.00750176319352992
"spot_512",8.95047821452558e-15,9.22962130707956e-15,0.536280082202382,0.0042445392426254,0.179080044511409,0.108425489445244,1.16198587083967e-15,0.171969844598319,1.05566928210468e-15
"spot_513",7.5461819101924e-15,3.69662137726403e-15,0.76159594249863,0.000509446487957896,0.07969836944428,1.52476688226176e-15,2.2446660288471e-15,0.158196241569116,8.21987727968591e-16
"spot_514",1.22018428304867e-14,9.53381625576559e-15,0.596679985590187,1.82162862654436e-15,0.169195872512437,0.0118628646047165,2.236130354529e-15,0.222261277292632,1.634066481036e-15
"spot_515",2.87142779409881e-15,0.00467018043992631,6.42432669480226e-15,0.112855377769227,0.785881633505101,0.0237848197910559,3.62166553862788e-16,0.0728079884946799,5.06985954868783e-16
"spot_516",3.26556243405524e-15,4.71460853326929e-14,0.747607131041034,3.37893695507739e-16,0.0927357631337417,8.00603112402084e-16,5.56691213729918e-16,0.159657105825171,6.6193389950304e-16
"spot_517",1.192363097265e-14,1.40891513847062e-12,0.65003773444436,0.0198477620442492,0.250096339085966,1.70224626408201e-15,2.1272651703137e-15,0.0740495950053791,0.00596856941862095
"spot_518",4.72507879163649e-07,7.62299465758647e-15,0.388314060105471,2.13139628582478e-15,0.0604068210952124,0.201687762327298,1.98756300513507e-15,0.34947667394848,0.000114210015647255
"spot_519",1.1415601412558e-14,9.14711719254251e-15,0.392558646009794,2.29727275560378e-15,0.349893036809893,1.05830902287902e-15,3.39790493752001e-15,0.257548317180284,2.12324090089301e-15
"spot_520",1.06756003722748e-14,8.92270513243744e-15,0.728029524464109,0.0092127746406944,0.0010064777803121,0.0772103459849379,1.85551855788155e-15,0.184540877129924,1.321486611963e-15
"spot_521",9.91065072721088e-15,4.18253737444849e-15,0.74904088145751,0.00135875352017742,0.037079464326545,0.00586719866195426,2.19351372675719e-15,0.206653702033796,1.15417014491919e-15
"spot_522",8.68975752802955e-15,7.85368571255744e-15,0.534996324736189,0.0100162609959214,0.354616078999258,0.00219223389595478,1.89215013192688e-15,0.0981791013726577,1.03989822940144e-15
"spot_523",0.035312470313865,5.76248691504106e-15,0.347255733496375,0.0148817011204615,0.366990437922747,2.48478504002e-15,0.124595947699865,0.110963709446677,1.22656504681893e-15
"spot_524",0.577220896378136,1.93487976072229e-15,1.22869667403176e-15,1.25472078168098e-15,2.10379697644886e-15,0.39121231074823,0.0228513597329461,0.00871543314068043,9.81374949924604e-16
"spot_525",1.43836227742747e-14,1.53773081046599e-14,1.99909141292214e-14,1.27262963317758e-14,1.68070736097219e-14,0.477401415694071,3.82865847421714e-15,0.0219601550296746,0.500638429276172
"spot_526",7.57724032680212e-15,6.47042773339117e-15,4.96340635036429e-15,4.24495885662974e-15,2.60422883854306e-15,0.0173950830247433,0.98260491697523,2.46443928255973e-16,7.58338925212738e-16
"spot_527",5.60313586151496e-15,8.43049894419514e-15,0.192027611669254,0.00472206784918265,1.41676974182659e-15,2.91012460958163e-15,0.803250320477992,1.06618031028137e-15,3.55188092084608e-12
"spot_528",6.11889818420281e-15,0.476263339681269,3.6329454940865e-15,0.523736660318715,9.61817418096017e-16,1.29658436492851e-15,9.88727121406229e-16,1.43513556842333e-15,1.99334866162092e-15
"spot_529",1.88923153215727e-15,0.538704382999348,7.26759729070683e-16,0.460843439448949,5.09481667197677e-16,0.000309448955934518,1.65514742191733e-16,0.000142728595764639,4.13627856782046e-16
"spot_530",0.121169608604342,0.417704410382339,2.71856145623541e-15,0.342201793473174,2.95177791349686e-15,2.50144813651436e-15,0.117612018651384,0.000142554568985799,0.00116961431976766
"spot_531",4.48346889552636e-14,0.708064158381512,0.0106260906635297,0.27829545799414,0.00142155241644194,4.59314513669497e-15,1.28179070787723e-14,6.28849572429717e-15,0.00159274054430795
"spot_532",7.73755139259037e-15,0.615202036411852,0.0104989865624887,0.371084859782407,1.54748636064374e-15,1.48226157093392e-15,1.14971138139162e-15,0.00321411724323907,1.14801885001957e-15
"spot_533",4.66833199818309e-15,0.998261409178668,2.09529990661971e-16,2.01022097416692e-17,8.50877547149212e-17,4.96619857802948e-16,0.00173859082132615,9.48542068635177e-17,2.75031593326509e-16
"spot_534",1.36608649332614e-14,0.636035763054669,1.88217965256274e-15,0.358181816432348,7.19791273935077e-06,0.00325640674669318,2.08433451949038e-15,0.000440183818606864,0.00207863203492564
"spot_535",1.96481565327424e-14,0.467261698455484,2.17524441570984e-15,0.188029402822152,0.0160210329732082,0.255918023223807,3.98103108794045e-15,0.0727698425253223,1.31522647014959e-15
"spot_536",0.265013793808279,0.188642023462203,3.59869126566918e-15,0.0950964661856291,2.80888162483481e-15,0.21788750549822,0.141346324085875,0.0873583208192774,0.00465556614050932
"spot_537",0.0749368384691015,1.86112372908804e-14,9.03184761935818e-15,6.61232183174438e-15,4.73987902235525e-15,0.633444349316013,0.251298930955208,0.0402678660879838,5.20151716546563e-05
"spot_538",0.0686786245434125,1.40944259005602e-14,5.93416984970306e-15,4.86406275143658e-15,4.34863220258664e-15,0.361372980962417,0.567355523456585,0.00259287103755326,2.27043786203139e-15
"spot_539",1.29756846801469e-14,9.46219941059836e-15,8.63222426831757e-15,6.83852962073928e-15,0.641833236002983,0.0206769468765308,3.27258349677378e-15,0.337489817120443,1.57222468382424e-15
"spot_540",8.90154837151483e-15,1.0022914623809e-14,1.06579612188134e-14,6.32360990434811e-15,0.242032402057662,0.212893727377918,1.72745140985271e-15,0.545073870564381,1.52695828282202e-15
"spot_541",0.151311576102647,5.97693340545076e-15,0.356341112636162,0.00483181500953563,0.200755609555392,0.0326703737186237,0.128692969457584,0.125396543520048,1.72500307130106e-15
"spot_542",4.07612953657379e-14,0.000837975996462453,1.64942758886697e-14,6.31984079612887e-15,0.404025943731417,0.186026753491478,0.0637668103938648,0.345342516386712,2.58672078268939e-15
"spot_543",0.00456346710113625,6.26523733766917e-15,0.251272184304374,0.00565052192848143,0.468686033777363,0.0607657779408695,1.11773422142638e-15,0.209062014947767,1.10295544256298e-15
"spot_544",0.11003871285079,0.0302810998278323,0.622393725571315,0.0256684902154212,0.0388276388188926,0.0187774062919006,0.0250241845424182,0.128988741881428,1.24337556619265e-15
"spot_545",1.69965381254322e-14,6.90905556228646e-15,0.43150981982619,0.00738031828577306,0.360544244243917,0.0165486306483817,0.0085601059560435,0.175456881039603,6.74903468049739e-14
"spot_546",1.24413773660519e-14,0.0460805735518512,0.364767414763218,1.62288706938519e-15,0.322813509927833,0.0570032754461983,0.00108416102810584,0.208251065282779,1.44978154640099e-15
"spot_547",1.17770538971956e-14,6.96049448779287e-15,0.637370594393282,0.0317249849964082,2.33414912004025e-15,0.0677667899971687,3.06531200770931e-15,0.263137630613116,8.92513659711349e-16
"spot_548",5.48499369712308e-15,6.95053247462753e-15,9.204246046384e-15,0.0635357429440645,0.873621112577265,7.88014302363285e-16,8.40689972047925e-16,0.0617506091218527,0.00109253535679421
"spot_549",7.17583015578048e-15,0.0067120843066241,0.62366408916604,3.98465105998541e-08,0.237354365192016,0.00635875072819956,1.6829870874873e-15,0.125910670760601,7.48681865158471e-16
"spot_550",6.44743170697763e-15,6.36197369705495e-15,0.636621963745239,0.0229358385140585,0.182344201899478,0.0298495941640486,9.00474666825216e-16,0.128003656052743,0.000244745624419247
"spot_551",0.031196530243849,1.49725182320045e-14,0.0333187423503524,1.48500076544035e-13,0.700083301562529,0.0199296344955945,5.66894915472879e-15,0.215471791347503,2.84939938642912e-15
"spot_552",2.0855103831127e-14,1.87006648496198e-14,1.37380737737899e-14,4.79319407692477e-15,0.51292830241273,0.0850189110595962,0.0017779282377072,0.400274858289906,2.5883780699059e-15
"spot_553",7.70653235554669e-15,0.0488419589420392,0.397085450201559,0.0375287781539602,0.324681554679489,0.00495315187317114,1.20945616179568e-15,0.161874869816529,0.0250342363332443
"spot_554",0.190171985260811,4.35972407331254e-15,0.00500635173257339,0.00244325808900971,7.09704423234185e-15,3.8857062077541e-15,0.47316724433588,1.90992197933526e-15,0.329211160581708
"spot_555",0.181048726026388,7.49788526000308e-15,5.10636054988342e-15,0.000644328653326535,0.0110437526441731,0.0193159629684398,0.785453130225841,0.00249353359495332,5.65886865775687e-07
"spot_556",0.0587002800566971,6.41599832488366e-15,4.30141755790914e-15,3.94233598548386e-15,3.28754615282024e-15,0.0416101831584295,0.899689536784854,4.94915403946396e-16,7.6809745863449e-16
"spot_557",0.180619590495134,4.10814031124195e-15,3.0615476550051e-15,0.000884899940441394,2.89347097487218e-15,2.85706713988633e-15,0.818495509564411,5.63131099922376e-16,3.0251808567536e-16
"spot_558",7.72426749929807e-15,1.27101715498643e-14,9.20413888706101e-15,5.96083063853062e-05,0.0381791505640498,0.162675493758457,0.79537849936697,0.00370724800410719,9.75162930519521e-16
"spot_559",2.31606118118251e-15,0.667154987666658,0.000930104660260124,0.331171327114583,6.85600627166234e-16,0.000743580558493943,2.49827534707023e-16,8.91726339764859e-16,5.38733361233565e-16
"spot_560",9.14781143799761e-15,0.384261317840695,3.19493296424342e-15,0.614948773724161,1.80963597321471e-15,0.000789908435125469,1.25748117493669e-15,1.50746634554815e-15,1.55507870497595e-15
"spot_561",1.55131414181483e-14,0.425826231894425,0.117143409211536,0.44405654108295,8.76346512537577e-16,0.0129738178110685,1.39984291057391e-15,1.17654958631318e-15,1.78042278951808e-15
"spot_562",1.77048058407474e-14,0.538105364255067,2.08774900851992e-15,0.460570134556223,2.18942473034493e-15,2.77371339962988e-15,0.00132450118867958,3.11760386224345e-15,2.04587174917688e-15
"spot_563",7.63045007025594e-15,0.590244150709805,0.000967058494412378,0.408432596611513,0.000271822877391337,1.25999104351651e-15,1.27622685326417e-15,1.42574434808274e-15,8.43713068670469e-05
"spot_564",1.4989829980125e-09,0.488247279760472,0.0385386639978724,0.414503882602342,7.1564794344654e-06,0.00184985008978687,1.63660164369706e-15,1.56003351624625e-15,0.0568531655711063
"spot_565",5.56576011136821e-15,0.628772049688726,0.121396321470844,0.228783894260322,6.85496217040941e-16,3.35251175461922e-16,4.41289032451612e-16,3.87114585601916e-16,0.0210477345801001
"spot_566",3.00018579409951e-15,0.688837053822139,1.05163260941037e-15,0.31066633785475,7.28240745278071e-16,0.000378204740011578,4.46323853324446e-16,6.54737958904164e-16,0.000118403583093249
"spot_567",0.128702343174431,0.526227158341936,0.00628151291410221,0.265549633041325,0.000470168900585183,0.00766753536903494,0.0651016321218602,1.61367238365802e-08,1.35378299132431e-15
"spot_568",1.28736841877163e-14,0.117155069778353,4.20556676869907e-15,0.0402959178153131,3.80846539539842e-15,0.618488882135513,0.134581731363034,0.0894783989077657,7.83547203106563e-16
"spot_569",8.56496833619728e-15,9.03575693121521e-15,9.5890494333648e-15,1.00913252823541e-14,1.46942883075478e-14,0.981339650411849,1.66461681729463e-15,0.0186603495880971,7.38090123574644e-16
"spot_570",0.00917699846535729,4.81079411649032e-15,0.0106177486726954,8.61923983864647e-06,0.157049427060197,1.96805467830286e-15,0.823147206561904,5.98391970054644e-16,1.0338466161326e-15
"spot_571",1.14494499478128e-15,2.53244508045898e-12,0.555034576946085,0.141032985723732,0.302718401553625,2.97401279761137e-16,1.1929881172619e-16,0.00121403577402367,9.69946150985013e-16
"spot_572",5.85998768027703e-15,4.42785240927482e-15,0.640923632505292,4.17350816931359e-12,0.283813590596213,1.52755726490446e-15,1.3073592241501e-15,0.0752627768943079,8.68940480343484e-16
"spot_573",3.33350825569372e-14,0.00729801998347219,1.88088959285055e-14,6.81994313594812e-15,0.443706640214952,0.1007401443113,1.03730437422658e-14,0.448255195490202,3.88917379232421e-15
"spot_574",3.30861176063567e-15,5.52001243013437e-15,0.31502020582896,0.0899467751219033,0.497158656031932,0.0149292674189187,2.77713371242418e-16,0.0829450955982769,7.80889032477549e-16
"spot_575",8.08411216151109e-15,4.19883646567119e-11,0.560881047022868,0.0972416301683319,0.329389556293453,1.06290677374165e-15,1.39579359795911e-15,2.76023861647917e-05,0.0124601640871825
"spot_576",0.000338548676968859,1.00385443299326e-14,0.0279113780923747,0.0392964414031003,0.595531429522631,0.124646625700736,0.0165833362572799,0.195692238152318,2.19458096513016e-09
"spot_577",1.1493253796796e-14,5.35203068190113e-15,0.316346497574784,0.00982325712963315,0.523553193112697,0.014392169696604,2.28925074794819e-15,0.135884880277723,2.20853908345756e-09
"spot_578",0.00305689112386627,7.62712331201576e-15,0.405832353148396,0.00503024918191858,0.347067049464416,0.0129037650564027,1.93603831713126e-15,0.225691490980251,0.00041820104473951
"spot_579",7.82147799382535e-15,4.11590809488367e-15,0.568166364707204,0.00413241240375819,0.00975553866576814,0.376834553266493,1.07740932076936e-15,0.0410034124686014,0.000107718488161719
"spot_580",4.19249248468063e-15,8.28120140655338e-15,0.842529199717335,0.00459604464237644,0.0932564049900882,0.0183376297399983,4.81098174190098e-16,0.0412807209101881,6.82728946762165e-16
"spot_581",0.129685032812346,0.00134034218277822,0.183210106104509,1.4936340932181e-08,0.283529223400224,0.0772980544892116,0.0880090789456928,0.236685863623883,0.000242283505015297
"spot_582",1.13343453019878e-14,9.50155239938667e-15,0.531265778170075,2.11659936201242e-15,0.00209104928856341,0.135335543876363,2.05252472542502e-15,0.331307628664972,1.25455068281879e-15
"spot_583",0.0552108563465905,0.0909070127676599,0.415971853353828,9.44677905284948e-16,0.145162810461076,0.086319963811749,1.98931869094684e-15,0.206427503259092,1.46137416116952e-15
"spot_584",0.154152353985816,3.15371931294542e-15,4.39403190750016e-15,3.17013312664363e-15,0.264642557923595,0.0437387041372525,0.295380250286478,0.242086133666847,1.67994112784845e-15
"spot_585",0.249198549682984,2.65705210970274e-15,0.000912165759982819,0.00156908453343224,2.44040337399107e-15,0.0180657037138599,0.730254496309734,8.91181170332171e-16,4.68826543185073e-16
"spot_586",4.3717073265063e-15,1.65149433415506e-14,2.94573987316422e-14,8.41521875830975e-14,1.74095210302605e-14,8.73535271084822e-05,0.911502182108058,0.0884104643646811,8.82925275475043e-16
"spot_587",0.00661028663802779,7.16660482380401e-15,5.64007943794758e-15,0.00615999251933363,3.76458020608258e-15,4.09240961254046e-15,0.986206130503629,0.00102359033898789,6.10861906143674e-16
"spot_588",2.92182064836627e-15,6.17097091825858e-15,4.82784003035139e-15,0.00265934656959859,4.03721076058567e-15,6.36267299249266e-15,0.997160145720476,0.000180507709901292,3.49104220906866e-16
"spot_589",4.90651641713998e-15,7.0771386137605e-15,5.87169715084154e-15,0.014597932823486,3.6853592843796e-15,2.82128793819101e-15,0.984264962141636,0.00113710503485337,8.2048446081843e-16
"spot_590",6.21034492861045e-15,0.534440838370244,0.0656099271620984,0.396125940681456,1.44687982242579e-15,6.83079500585492e-16,0.00382329378618827,3.11566158083909e-15,1.36599777538444e-15
"spot_591",8.08246025109155e-15,0.64249597480954,0.0392205147901566,0.314376594862353,1.62315348722443e-15,1.1913645953917e-15,1.11504338235161e-15,1.64072757702742e-15,0.00390691553793688
"spot_592",0.131319247210313,0.428496728028515,0.0230810964304501,0.35672430887759,1.93917912043845e-15,1.31817351663489e-15,0.0344380504625169,1.37041575610942e-15,0.0259405689906094
"spot_593",1.35814133132735e-14,0.62583697457166,0.0240369701469617,0.350126055281352,2.55670039946086e-15,2.7001675671069e-15,2.47221789794375e-15,3.90846111431921e-15,1.35460277339583e-15
"spot_594",2.19994623338374e-15,0.735169905406065,0.011093543905662,0.252258046244611,0.00144425540614485,3.79116664687524e-16,3.42490375134894e-05,4.29050371370165e-16,8.9904790059393e-16
"spot_595",1.57929690187442e-14,0.546571721601646,0.165041947932231,0.287228930051257,2.19139476214595e-15,2.23142938154283e-15,0.00115740041484033,3.98668396680438e-15,1.28935342409985e-15
"spot_596",0.0269313655908851,0.532962493806956,0.113794000434183,0.318239691910547,2.22278660488497e-15,1.49264208805169e-15,1.84016899866905e-15,1.73573702074122e-15,0.00807244825742189
"spot_597",8.30957021717509e-15,0.716334425634024,1.13057269282912e-10,0.283665574252905,1.5540226862357e-15,9.85638369987497e-16,1.47234730569966e-15,1.15429437832521e-15,1.0088320154037e-15
"spot_598",3.00691693501418e-15,0.735418665369211,1.06067386584649e-15,0.264581334630782,7.7429165087169e-16,4.9487655384788e-16,7.23575633345455e-16,4.25045625348876e-16,6.02024802299318e-16
"spot_599",3.92338055494088e-14,0.478038799756276,2.18846705132441e-15,0.475452751992682,3.44080013600174e-15,0.0443486339984484,0.00215981425254426,3.79053440422828e-15,1.41966574917062e-15
"spot_600",0.126651833988994,0.00244775762958253,3.31025170103814e-15,3.0637805780403e-15,5.25241655910622e-15,0.801991083890451,0.0404602062051723,0.0284491182857873,7.72244955172613e-16
"spot_601",1.00247595512411e-14,9.04691084406701e-15,0.0818490358202397,0.0373558447755184,1.99102982715822e-15,3.18978042567625e-15,0.880795119404215,1.32366357693813e-15,1.05781388298277e-15
"spot_602",0.481949948754483,2.81383270536794e-15,5.96244843272241e-05,2.92489507969044e-15,0.287670431897943,0.029701823701682,0.046304346294243,0.154192027016422,0.000121797850894392
"spot_603",1.50796223759703e-14,9.25226712854079e-15,0.320300011192987,1.8838674769044e-15,0.354267296216298,0.0597475891251129,0.000683264239024013,0.26500183922655,1.70997932080906e-15
"spot_604",4.54160072218467e-15,0.0082651300724069,0.784368075545961,9.1130558639735e-16,0.0896899977077053,1.11253874998006e-15,7.36620252397499e-16,0.117676796673919,6.90101803584263e-16
"spot_605",6.64388823498215e-05,8.31536072833361e-15,0.264180922793496,5.34756485395773e-05,0.388798659490648,0.0513831435678722,2.1075314139152e-15,0.295517359617083,1.44516851427883e-15
"spot_606",8.79077371829144e-15,7.96002588040326e-15,0.235811367440999,0.022601645556918,0.623881017377627,0.00970776894450995,2.45517913174247e-15,0.107998200679926,1.11285151154137e-15
"spot_607",1.29191947071153e-14,3.72376741893549e-14,2.71390706167401e-14,1.31894007627266e-09,0.999999997387825,1.09715728456017e-15,1.71455493717636e-15,1.29315216956098e-09,2.27885863564051e-15
"spot_608",1.01060752549419e-14,4.45227077060079e-07,0.294946505908592,1.13074447555827e-11,0.467971147786423,0.0174707488670844,1.80467448302312e-15,0.219611152199502,1.67696921412438e-15
"spot_609",1.08271151070586e-14,9.35247661263382e-15,0.690150619308009,0.018375145106118,0.0844787583746753,0.0144152427676623,0.000171953305322944,0.192408281138191,1.20447972387985e-15
"spot_610",0.0037937594336123,1.23729175736835e-14,1.04389094031655e-14,0.0206346383671264,0.599957967859421,0.097929855246906,3.38425604579348e-15,0.277683779092907,1.82978162069799e-15
"spot_611",0.174967614683436,5.13616860090708e-15,0.465843953133802,9.33791822704858e-09,0.175028312023469,0.0297257127659921,0.0338860486036541,0.107523987047284,0.0130243624044392
"spot_612",1.22673699342635e-14,6.00286514238802e-15,0.803200234192191,0.000527134401957504,1.02459849877975e-15,0.0788142426967402,2.96889148662773e-15,0.113327095967658,0.00413129274143139
"spot_613",7.67323695968588e-15,8.24303184241836e-15,0.302856883626858,0.037299899721933,0.432420326999462,0.0580814585243214,1.25378251825569e-15,0.169341431127407,1.27350456674081e-15
"spot_614",0.132384573012503,6.70935538957889e-15,7.33517360987822e-15,0.00335812327764687,0.256656860666871,0.0277620055173384,0.166653258707964,0.19575829485723,0.217426883960434
"spot_615",0.516916851723053,4.63040555618353e-16,5.72862491947419e-16,5.0985918727362e-16,1.43147936636571e-15,6.58330906574346e-16,0.481854533613339,4.30486505421771e-16,0.00122861466360392
"spot_616",0.467885502469039,1.14921203615847e-14,1.2722035767999e-15,7.83537346703407e-16,9.50069562083206e-16,0.0119023775095686,0.520212120021377,2.90145762804439e-16,3.952321815752e-16
"spot_617",0.0549473466658096,1.16568624681604e-14,0.002890106511643,0.00681481772199834,3.50173112069266e-15,5.71994672157262e-15,0.933820450941085,4.22717412261918e-16,0.00152727815944252
"spot_618",0.205415009685734,3.58025152198933e-15,4.1550915911254e-15,4.02479067742735e-15,3.83472786512761e-15,2.33140763518408e-15,0.794226942219053,0.000358048095194455,8.29206969786046e-16
"spot_619",4.12364650832786e-15,5.78531307048945e-15,7.47463894664906e-15,8.62462130424245e-15,7.07065667347043e-15,6.14577607581118e-15,0.999255136729153,0.000208255529032101,0.000536607741776146
"spot_620",2.96888091244435e-15,6.27910614254476e-15,8.57923151535435e-15,0.0219665217424703,7.34638084175409e-15,4.14053280890289e-15,0.978033478257499,1.00304945525825e-15,7.34160675953541e-16
"spot_621",1.47334052820155e-14,0.55785504417633,0.00221523880739144,0.439929717016253,2.51915769267796e-15,1.88238245843494e-15,2.45921197190518e-15,2.16766702128499e-15,1.68460555525411e-15
"spot_622",0.0905021690774971,0.420565757198676,0.0116219772951563,0.344261045243866,1.94862521685969e-15,3.42623416611911e-15,0.133049051184797,1.42136261078638e-15,1.27473675284271e-15
"spot_623",3.28087505394957e-15,0.63418202020707,6.99980362840011e-16,0.365817979792921,9.84785058536825e-16,7.21490033736841e-16,8.73024076324918e-16,2.00444342966826e-15,5.80883350265878e-16
"spot_624",2.68626650763383e-15,0.667600127100618,0.00292568359476148,0.329474189304612,1.26158131040656e-15,5.16358742767413e-16,6.71792941505872e-16,1.34941924454457e-15,1.44091590017581e-15
"spot_625",0.110802669990627,0.426922761833371,0.0168028457861223,0.333431160084278,3.35361792517708e-15,3.33585449665095e-15,0.105869702664431,3.14574955008281e-15,0.00617085964116119
"spot_626",0.0132839015329435,0.661725817800732,0.0132050646435235,0.311776448738937,1.09741020152165e-15,8.76728385904939e-06,8.63509732624108e-16,8.4713547135203e-16,1.13336834126287e-15
"spot_627",9.01130270846478e-15,0.643794270667849,0.00441903046281671,0.350323666966979,1.95390172151056e-15,0.000252827610130153,1.62710172199012e-15,0.000268522816896947,0.000941681475315453
"spot_628",4.16529561607411e-15,0.602424759762159,0.0193385538814014,0.374600370969498,0.00109108673045571,4.57121713816735e-16,4.19509148394375e-16,6.39404453064295e-16,0.00254522865647993
"spot_629",1.13446366673994e-14,0.703667395859473,5.4073381441448e-16,0.273773021735158,1.00880619268981e-15,0.022559582405353,1.12165521450359e-15,1.60915547966516e-15,8.37744051728146e-16
"spot_630",0.0230231013802599,0.66150835661161,0.0301595926638197,0.284509211579202,1.41310189796855e-15,1.73318442467287e-15,9.41264256121748e-16,0.000799737765103161,1.29772926569825e-15
"spot_631",1.53873083727813e-14,0.252825545032188,3.03082181148834e-15,0.19391142915921,0.00442889361918186,0.538941498941031,1.56631563267811e-15,0.00989263324836818,1.36372016679636e-15
"spot_632",0.56369868080984,2.61259422608002e-15,1.66059440246996e-15,0.00655437277406448,0.109807964211832,0.181580006617105,0.118890369719696,0.0194686058674578,2.73804277387386e-16
"spot_633",0.917052584799512,1.13192730050327e-15,5.67906807132239e-16,8.38802178816662e-16,1.68208260663727e-15,0.0487729284551183,0.0341744819616853,4.78368049632627e-09,5.77069000104752e-17
"spot_634",0.354067194409749,0.0110003153591094,0.360014034648012,0.00927855179081389,2.5516956034397e-15,0.0311501294052792,0.13148022242452,0.103009551962513,7.34933319390928e-16
"spot_635",0.121638962061565,8.613150331695e-15,7.18751803545118e-15,0.00570074544274879,0.409522124552886,0.128889859470633,0.0843699879304335,0.249878320541716,1.564062747292e-15
"spot_636",1.25920945066724e-14,6.14641477437333e-15,0.681752309555111,3.29496519499894e-05,0.0432426263694398,0.0645684098239157,2.61406084327145e-15,0.208929911721667,0.00147379287789579
"spot_637",1.92584825085727e-14,1.00991815865875e-14,0.270145281821427,1.75518446832668e-15,0.299831337534514,0.0933577483040503,5.38779689171184e-15,0.336665632339971,1.60330570133424e-15
"spot_638",3.10600309631212e-15,5.72533731472403e-15,0.41352732807825,0.0532253404105715,0.533247331511167,4.17623046152603e-16,5.86277966005424e-16,6.43202293271867e-16,7.04082306675199e-16
"spot_639",0.00530979474105537,5.1023310391759e-15,0.358734972903904,0.0347156520127761,0.369085952427542,0.0332788694851278,1.24809908000998e-15,0.198874758429368,2.20609409083965e-13
"spot_640",0.0446228898766489,5.71105239118459e-15,0.363759463497166,0.00718981554763014,0.307100339597933,2.01354997290498e-15,0.144291718568904,0.133035772911709,1.37675974780239e-15
"spot_641",2.85582355800702e-14,0.000622826354428092,5.94852496415245e-14,4.46592385814432e-14,3.99426445398974e-14,0.444363123105415,6.1172021891819e-15,0.555014050539972,6.40433560843254e-15
"spot_642",4.23048700827824e-15,9.17583573472806e-15,0.282113995470769,0.01633264648019,0.574246672426742,1.00956045324626e-15,9.03491344118723e-16,0.12603456980082,0.00127211582146314
"spot_643",9.95246181856538e-15,6.99352347704987e-15,0.695572683688223,5.37109754411658e-16,8.00739651206186e-16,0.0468342397991642,9.38973240237767e-16,0.257593076511435,1.15857294448555e-12
"spot_644",5.1885291729826e-15,3.48368466292461e-15,0.367059949139834,0.00159142782333499,0.482124860640432,1.10308680067985e-15,1.3276824196613e-15,0.149223762396387,6.66089974973747e-16
"spot_645",0.430561634256699,8.96488225886678e-16,5.73519805481177e-16,2.95404648878215e-16,8.22430011911305e-16,8.62151666370073e-16,0.569438365743297,2.69262653807157e-16,1.64728746070487e-16
"spot_646",0.305937982326204,2.24546012374237e-15,0.00229916889504484,3.34754708428841e-15,5.63267697360556e-15,2.50227833440096e-15,0.578181671972515,1.50295895492477e-15,0.113581176806221
"spot_647",0.0126798389926032,1.02265627156049e-14,9.25919305071464e-15,0.0111563872482946,5.14195813189097e-13,4.71462904158234e-15,0.976163773758562,7.37907294997074e-16,1.09530451228023e-15
"spot_648",5.7598906034071e-15,8.14504308988955e-15,6.43703310029963e-15,6.9285552702884e-15,4.52324220218604e-15,0.0180692501926691,0.981930749807298,6.1730554505654e-16,7.53105663845525e-16
"spot_649",3.93359992917273e-15,5.04239598346911e-15,3.5163072028331e-15,4.54756996010332e-15,2.80981733641658e-15,0.0101461800272632,0.989853819972716,3.15057134181526e-16,3.33390647558398e-16
"spot_650",3.25911074108303e-15,9.38374787217855e-15,4.1576741162083e-15,4.26641132162523e-15,2.65994682007611e-15,0.0491876439339768,0.950812356065999,3.93880625818495e-16,3.9390265393931e-16
"spot_651",3.10123127854267e-15,7.13965853055515e-15,1.31110569360004e-14,2.08027993748016e-14,8.45054132719633e-15,8.50940019150818e-15,0.999999999999937,1.28421188069472e-15,7.34029782079588e-16
"spot_652",6.83705969652902e-15,0.690195873566735,1.90893413991382e-15,0.307194085114863,1.77772888310721e-15,0.00201134889612888,1.59159256709376e-15,2.19818625792604e-10,0.000598692202443109
"spot_653",5.84127500484146e-14,0.579465786659573,2.81794341344942e-15,0.395107845998771,6.48904201760837e-15,0.0254263673415673,1.24034685455766e-14,6.46149255680805e-15,2.17325609083736e-15
"spot_654",0.029535678859309,0.78533962957582,0.0560193032426103,0.129105388309214,1.23765385654322e-15,1.27965543015474e-15,1.30407521009752e-11,1.56346999128454e-15,1.1822258398911e-15
"spot_655",6.46628403528965e-15,0.667622136992181,0.0122488072861862,0.319850600263057,2.98966674716102e-15,0.000278455425770221,8.48841945886985e-16,3.27942147218103e-11,9.45969533343142e-16
"spot_656",5.84548938747347e-15,0.438611818359657,2.83128111338328e-15,0.561388181640329,1.34733571495806e-15,7.11139842027201e-16,9.22951842231066e-16,8.14914361764081e-16,1.77768764857679e-15
"spot_657",2.72886749255992e-05,0.780066670999965,0.0185490696439747,0.19661049282221,1.15452411390135e-15,0.000200799499265262,1.02867891220671e-15,7.78560243151728e-16,0.00454567835965706
"spot_658",4.2954144140945e-15,0.62761266987877,0.0793748825541546,0.293012447567066,1.48832242041985e-15,6.81806639921314e-16,7.0635627600951e-16,1.16802897717113e-15,8.71177634780002e-16
"spot_659",3.90086250745271e-15,0.582813271784255,0.0357737159069783,0.381413012308759,8.34187372801483e-16,3.40268021472601e-16,5.54097342880986e-16,4.67945242039388e-16,1.53978737416765e-15
"spot_660",0.163322080346958,0.548744768065383,0.028526869114987,0.130775466713245,2.55704293877881e-15,2.0082921844413e-15,0.128630815759418,2.48273269090326e-15,1.7784111736958e-15
"spot_661",9.25821906985948e-15,0.513697741820434,4.29713749737214e-15,0.486302258179543,1.0096234644858e-15,1.8087340034578e-15,1.43883758720311e-15,2.31058434024102e-15,2.75068798816403e-15
"spot_662",0.000224470464759108,0.477164502127139,0.0938156182280389,0.211927774562409,2.68817174128623e-15,2.95660662615159e-15,0.216867634179737,2.12804600755938e-15,4.37909323258572e-10
"spot_663",0.7396339220162,0.00347961806642607,1.41432507113893e-15,1.66023304715386e-15,1.65561848202809e-15,0.00117346551097155,0.252695236116463,0.00301775828993428,2.83572597376865e-16
"spot_664",0.832287565174854,2.08681540418232e-15,1.62999251071045e-15,4.74334131133071e-07,2.63058820565416e-15,0.0533823801650368,0.111934082326889,0.000320425166726951,0.00207507283235533
"spot_665",0.945098570451097,6.06005560136631e-16,4.33584253920844e-16,4.32213427547887e-16,1.37037382949254e-15,1.83206839076238e-15,0.0549014295488958,2.05557583580371e-15,3.84992826224878e-17
"spot_666",0.311954462798573,4.18822478198345e-15,0.184893931162718,0.00296768212071801,0.299030655857354,0.00378845367485114,0.187113786517474,0.0102510278683069,8.16772919887555e-16
"spot_667",0.158251587262231,6.06601973590117e-15,0.329674823263538,0.00575658662037131,0.290603847370874,0.00245722684988309,0.112823985347946,0.100431943285149,1.70527556025845e-15
"spot_668",0.0593532923483215,0.0383351723572719,0.732052988508677,0.000393746356223165,0.0209506259740416,0.021560858597508,3.52874728908402e-16,0.127353315857955,1.09819874817979e-15
"spot_669",0.0799982914882869,6.28774706767998e-10,0.192698622987665,0.017785086155876,0.533848167843838,0.0374590772336507,0.0246890732911591,0.104643040294549,0.00887864007620049
"spot_670",1.44986501257673e-14,3.207406492433e-15,7.02679294163729e-15,4.11450852083975e-15,0.791068931668482,1.09220221255652e-15,8.54167314786792e-15,0.208931068331478,2.05117591486158e-15
"spot_671",1.63845784970847e-15,1.32359306684832e-15,3.70302019216678e-15,0.161412559938659,0.838587440061333,3.00781871863046e-16,3.36253878699997e-16,2.90299671530732e-16,3.69966451221897e-16
"spot_672",0.0973058251132848,0.00224526594870685,5.99206833082592e-15,0.00135441508015958,0.297369885837245,0.0581718136676439,0.27659138431907,0.266961410033882,1.44336404915812e-15
"spot_673",1.11761507423445e-14,2.38690276677452e-06,0.636561791808968,0.018011555053013,0.143688391782147,0.0275718701910551,2.57544609720139e-15,0.172315461090641,0.00184854317139533
"spot_674",2.14437123208024e-14,0.313247628373655,0.0383175560730526,0.286110885800761,0.109789358508559,0.00671243641250062,0.20305902394078,0.0427631108906672,2.57757072667467e-15
"spot_675",0.116726501145791,0.338874384546085,0.0353769614363639,0.216823123859649,0.0440083106657478,2.9117991614019e-15,0.248190718346356,1.55716475167978e-15,1.89487931424964e-15
"spot_676",0.00111965899494915,0.513040643664669,0.00707965656952977,0.474360701513819,2.57083256352847e-15,2.13857078582539e-15,0.000767838315903717,0.00361757966219753,1.39212789271143e-05
"spot_677",0.0284770112281467,0.337877548498979,3.05473438414234e-15,0.336996509020945,3.40126167462314e-15,3.7252613610581e-15,0.296648931251915,2.90445198348565e-15,1.39210898604426e-15
"spot_678",2.3626713962083e-14,0.481572466206186,0.00944280354759916,0.349879870155259,2.45402702932873e-15,4.50867356570266e-15,0.15910486009092,3.98026307237399e-15,1.52800143403777e-15
"spot_679",3.71611994009693e-15,9.57209860950604e-15,3.50183293616707e-15,3.60478847200603e-15,2.95114467046088e-15,0.0280007432164569,0.971999256783519,2.77002570476497e-16,1.95404885542166e-16
"spot_680",2.11941937304973e-15,3.94872328381667e-15,4.51924696303076e-15,6.34163771514468e-15,4.06094804951856e-15,4.07764053100826e-15,0.999999999999974,5.89911731130404e-16,4.09182895999638e-16
"spot_682",3.62332181465474e-15,9.34709718918581e-15,1.26658156667904e-14,1.70454180739126e-14,1.07440540116251e-14,1.67694933665245e-14,0.999999999999927,1.87432632303951e-15,5.60274919530019e-16
"spot_683",1.16488068292428e-14,0.545514581186979,0.0111781671069893,0.442028731168955,1.72470468561372e-15,1.79829881891616e-15,1.91472787345665e-15,1.93056500351838e-15,0.00127852053705714
"spot_684",1.72687242704219e-14,0.509181666170478,0.011185278305203,0.47963305552429,1.70016428949878e-15,2.77910153839762e-15,2.66257328622305e-15,2.03905726899872e-15,1.92159682724401e-15
"spot_685",6.6128055657611e-15,0.622917611514997,1.5822888013362e-15,0.376339109719286,9.89593423997611e-16,1.18204542033925e-15,5.93998987865057e-16,0.000743278765704552,1.95804059905162e-15
"spot_686",4.35366565643882e-17,1,7.35622101165402e-19,1.50291735432146e-17,1.44929268404773e-18,1.65350419778164e-18,7.36935866256658e-20,2.43463968020707e-21,2.58830320461548e-17
"spot_687",6.42180977182134e-15,0.48129762125423,2.15117831463509e-15,0.513787206401833,1.03825646008654e-15,5.71819770430451e-16,9.76140902642495e-16,3.86198317755276e-16,0.00491517234392534
"spot_688",0.195028422588504,0.575849765037546,9.56048278220406e-05,0.166627865623441,1.1538786444743e-15,9.9647277903202e-16,0.0623983418978167,2.6091664289651e-16,2.48682837322472e-11
"spot_689",1.01262548378721e-14,0.769061153737476,0.058127891915842,0.163393261716389,1.53147712896695e-15,1.19555799547366e-15,1.74603429261313e-15,2.19420127995517e-15,0.009417692630276
"spot_690",1.18449484979791e-14,0.671990231053451,0.0357624822420908,0.286973920722049,1.97788795015881e-15,0.00527336598239013,2.21245464266836e-15,1.84450752096501e-15,1.2726499732475e-15
"spot_691",0.195268831108996,0.391108462413049,0.00137819927468492,0.283829673774093,2.43048698512807e-15,0.00107247543764535,0.121303684390478,2.27488825845392e-15,0.0060386736010487
"spot_692",0.033979691937236,0.618311332828857,1.65772163033336e-15,0.3345392962764,5.85417973522448e-15,1.03967635190902e-07,0.0108483358570745,6.23524152608044e-15,0.0023212391327839
"spot_693",1.16008875439227e-14,0.62016978195048,0.0150954063737106,0.363535401261508,1.79533054580428e-05,1.53247591488198e-15,1.86249599559341e-15,0.00118145710882653,1.48942238320943e-15
"spot_694",0.8173545278215,0.149128663908892,0.0149896892631867,0.00599156349660949,1.0427912099825e-15,7.86733247453784e-16,0.0100304480147523,0.00250510749505722,1.76773695662647e-16
"spot_695",0.587325121157574,3.76903212028812e-15,2.75420172189128e-15,3.02710671654244e-15,3.58511155849969e-15,0.00118728747721193,0.411487591365199,1.80780705780934e-15,3.44529050958284e-16
"spot_696",0.505784309849762,0.0514019551097957,2.29753006339455e-15,0.0188708885356936,2.75865704602187e-15,0.125362992892676,0.295238316233296,0.00334153737877034,3.7463914237828e-16
"spot_697",0.991109585485463,3.78142374241137e-16,0.000628765240254195,1.70447407448047e-16,1.74992631506039e-16,0.00818659581383768,3.97968726841642e-05,2.73023274614925e-16,3.52565877604042e-05
"spot_698",0.517583359940838,0.00323806748767976,3.00129392823156e-15,0.000191939503925534,2.83454037118932e-15,0.0136521611835804,0.202867341103228,2.08391229066145e-15,0.26246713078074
"spot_699",0.339996213110315,2.50729792581145e-15,2.4320116038188e-15,0.000275527116583914,2.62919549597101e-15,0.00368886378598176,0.302298458512681,1.05143554040286e-15,0.35374093747443
"spot_700",0.277630743686345,0.00373550669893906,5.97263146408859e-09,3.24484171573079e-15,0.131637388847424,0.00733079432326939,0.287554726754597,0.0681862386535179,0.223924595063273
"spot_701",0.278722338915331,2.71888396179428e-15,0.121560238191372,0.00799973507301294,0.193302921900246,0.00357547336524064,0.330448062835492,0.0643912297193002,2.25769290742227e-15
"spot_702",0.323452646724443,1.06082135419748e-15,1.86668905566827e-15,2.24961240909611e-15,0.106173154949107,2.19526197637222e-15,0.49053565081212,0.0798385475143208,1.16283582310279e-15
"spot_703",0.186784908647503,0.25797731717511,2.98902389130993e-15,0.192820133628351,0.204354114015893,0.0209021282804403,0.100400490233833,0.000261427849153429,0.0364994801697146
"spot_704",1.87853210112703e-15,0.91273625420709,2.73812460184069e-16,0.0872637457929066,2.95129527804867e-16,3.10833737515132e-16,2.06332642827897e-16,3.70268860479625e-16,2.26408297832051e-16
"spot_705",1.41258151608383e-14,0.651828687887443,0.034561135547607,0.291042501150971,1.4288290318433e-15,1.83419089178303e-15,0.000142056970642831,1.57661505210224e-15,0.022425618443318
"spot_706",1.30806842395077e-14,0.653583018096395,0.00597893785596215,0.338981885372577,2.38179524309239e-15,2.01709418598227e-15,2.41895739317578e-15,2.89212259529893e-15,0.00145615867504228
"spot_707",1.12033828660005e-14,0.798323215368026,1.03789973957328e-15,0.201676784631955,1.079182164053e-15,1.14724094827701e-15,1.81000165958207e-15,1.4630105123719e-15,1.26835499434299e-15
"spot_708",0.00603112638508028,0.711259774363943,0.0107159996316485,0.268368725608832,0.00361840315916658,1.11091684209294e-15,1.19872593484404e-15,1.06567965047008e-15,5.97085132611947e-06
"spot_709",9.53835474354607e-15,0.506651799852004,2.00876522157031e-15,0.493213065817145,1.7261338692818e-15,0.000135134330833421,1.52582074298713e-15,1.40543773205254e-15,1.15722099696974e-15
"spot_710",6.52170159334298e-15,0.493000694078938,2.21105156228502e-15,0.497679755712421,1.60403075720434e-15,1.15558871325833e-15,1.17279227909795e-15,1.32415851238328e-15,0.00931955020862764
"spot_711",0.0120004259497074,0.436681037569098,0.0272183098658515,0.0595779758734655,2.34855979482027e-15,1.94042243667888e-15,0.463898170843551,1.99173933560339e-15,0.000624079898320493
"spot_712",3.2690864140375e-15,5.69707194392069e-15,5.68252726253126e-15,6.13600472522783e-15,4.76268165250102e-15,0.00740995481266473,0.991095412588442,0.00149463259886665,5.76964135597518e-16
"spot_713",0.0267108877782622,1.27259727810446e-14,9.53657736770343e-15,1.21093353041865e-14,5.42675587218516e-15,5.90963810543261e-15,0.862856015078565,6.61951504701171e-16,0.110433097143126
"spot_714",9.1853105156299e-15,0.523618486096569,0.0107306412951575,0.436366134891863,0.0220252114412569,1.34967130902913e-15,1.74122987230357e-15,1.40983646902369e-15,0.00725952627514072
"spot_715",1.98792593011318e-15,0.718187044631361,0.0317305232469555,0.249847352715047,4.27874694891223e-16,1.9871271108999e-16,2.17674942582774e-16,2.37215003732068e-16,0.00023507940663355
"spot_716",3.09429203022536e-14,0.61221910487952,0.0216306032952291,0.339034222962535,3.14998670609667e-15,2.14660340594334e-10,0.00295242944393986,0.0241636392040794,1.58299753849967e-15
"spot_717",5.07506191569602e-15,0.447523070134109,5.56493163858633e-13,0.552476929865324,1.23872304396817e-15,9.30737813322766e-16,7.8581441842181e-16,6.54258608360254e-16,1.41197389168031e-15
"spot_718",3.96980072744075e-15,0.698925407836331,0.162116740682072,0.137473524731565,1.0702614823904e-15,5.0960595626089e-16,6.97849619717165e-16,8.81695549219396e-16,0.00148432675002503
"spot_719",7.23971748445643e-15,0.722819129800381,0.00304654570662653,0.271454336925775,1.72692004415433e-15,1.3514198466217e-15,1.62777286355769e-15,0.00267998756720389,1.09646963221051e-15
"spot_720",7.11920146323045e-15,0.638518084943055,0.00100348944299376,0.353856957865111,1.03783240953384e-15,0.00303688382172912,7.39945931232832e-16,1.17454570941947e-15,0.00358458392710068
"spot_721",7.97968429769143e-15,0.535228711788244,0.197566046002009,0.267205242204873,1.61173878587187e-15,1.00299737233672e-15,1.13458404160985e-15,1.72511529520077e-15,4.86020727036163e-12
"spot_722",2.10917151201778e-15,0.852907899633011,1.62947792828076e-16,0.147092100366985,2.66563772858432e-16,2.92192837581444e-16,8.15445597025685e-17,2.13344010335972e-16,1.38229567147105e-15
"spot_723",1.32039252659753e-14,0.623008487701998,0.0381910271022666,0.300171732561839,0.00101207379691252,0.0176654966147577,2.26412283191174e-15,0.019783410507459,0.000167771714751672
"spot_724",6.94152873049408e-15,0.663207417597365,1.42979874343215e-15,0.310210451687772,1.20431829909883e-15,1.12362921110206e-15,1.18532737801075e-15,8.45016971291552e-16,0.0265821307148501
"spot_725",0.708876837754637,0.0890592537506485,1.36777500014205e-15,0.0454255493010029,1.53675834039046e-15,0.00230045317132052,0.154204455194785,1.77811818524363e-15,0.000133450827601379
"spot_726",0.805356332942432,1.85225014234926e-15,1.66838545382837e-15,3.00672079853418e-15,2.4374699784033e-15,0.024574474138995,0.17006633427321,2.85864535467534e-06,1.71454932448874e-16
"spot_727",0.508377904271349,3.5114227154325e-15,0.00205908632040506,0.00026764068559392,1.44762628392961e-09,0.0976502210482285,0.366565476241395,0.00533074165273127,0.0197489283326671
"spot_728",0.545513241133655,2.54490473990886e-15,1.96872586817191e-15,3.80030790232917e-15,4.27515689265064e-15,0.129666802290545,0.324081894107119,0.00073806246866776,1.85851832934268e-16
"spot_729",0.392533423674561,0.001727927603912,2.73539495578592e-15,2.32544252816781e-15,0.00258513831867235,1.68404932649193e-15,0.331114919665091,1.49604395348162e-09,0.272038589241713
"spot_730",0.371920599526586,1.51937215247123e-15,2.07548666641644e-15,1.9813520956656e-15,3.45347880644824e-15,0.00101589903629362,0.476565278253959,0.0075639865392112,0.142934236643941
"spot_731",0.335604319882655,2.45202610720165e-15,1.90271584017737e-15,9.62923291010301e-05,2.80444964106811e-15,2.38945390103169e-15,0.399376758526177,7.80429188437643e-16,0.264922629262057
"spot_732",0.429210768520696,1.82748623791598e-15,0.00195964032325555,3.02180769550732e-15,4.66320929031878e-15,1.95999990866042e-15,0.398514718279975,1.35813285529385e-15,0.170314872876061
"spot_733",1.98769556223678e-13,0.345908094183228,1.61033154313854e-14,0.654091905816475,4.5558701947611e-15,3.21940194618833e-14,2.05068946274577e-14,1.67548053505751e-14,7.78667119062675e-15
"spot_734",0.0370967143704519,0.509659961532326,3.29028322983514e-15,0.441186029412506,2.2437765407743e-15,2.47002800359292e-15,0.00147311297076035,1.85346364712703e-15,0.010584181713946
"spot_735",1.47352556478415e-14,0.526113499802444,3.30969496617529e-15,0.436948758547684,1.97852520686628e-15,2.25059220982704e-15,2.12416078777181e-15,0.00403857313231519,0.0328991685175319
"spot_736",1.97050650467806e-14,0.555383802180142,4.08288207876163e-15,0.443491296874112,3.03270611868228e-15,3.22365190873677e-15,4.14790554692928e-15,3.99982494191879e-15,0.00112490094570744
"spot_737",8.91089852333032e-14,0.654571845021264,3.53341191678582e-15,0.345428154978577,7.84803504218336e-15,9.79675043922531e-15,3.54712414248055e-14,9.7586955890328e-15,3.52994339599067e-15
"spot_738",2.54827674287414e-14,0.513672670055004,0.103935435886646,0.343855122047323,3.05661528199065e-15,2.79842993176993e-15,3.70319069527824e-05,2.53729864177401e-15,0.0384997401040399
"spot_739",1.62635531630077e-14,0.522311274338997,1.83632567993604e-06,0.442429726638068,0.0221030236502454,0.000650811872862931,1.73088200651861e-15,0.010739867339322,0.00176345983480705
"spot_740",1.51221140352522e-14,0.506651949122031,0.0652902301562178,0.427657428524034,0.000400392197692741,2.16819077188104e-15,3.26835754609278e-15,2.4065654755267e-15,1.90510977848835e-15
"spot_741",7.10520800214861e-15,0.575345588790068,0.000465837787295467,0.417622568018232,1.18985363295533e-15,1.04277613112746e-15,1.07838131952828e-15,0.00257674463242595,0.00398926077196849
"spot_742",9.25527779624175e-14,0.93771090478901,0.0365104906494681,0.0257786045613394,9.86719815686654e-15,6.0979172139113e-15,2.04051475181369e-14,5.19784822041585e-14,1.40758204122637e-15
"spot_743",3.22437907612152e-15,4.76562312458367e-15,7.04965640295556e-15,8.6777721467724e-15,5.41542930133212e-15,5.40802676107419e-15,0.999999999999964,8.00926434700694e-16,5.43391585942697e-16
"spot_744",0.00341708288369167,1.53831258629291e-12,0.00523516421927608,1.52977573626994e-14,6.58693354152519e-15,5.65340247179597e-15,0.991347752895465,1.00647023785192e-15,8.65695203809087e-16
"spot_745",0.0372375923876663,0.797445278617821,0.00834227903789551,0.146866501564429,1.37796192721944e-15,0.0101083483921814,1.73256236488363e-15,2.26451580730679e-15,1.07105372899167e-15
"spot_746",3.13326021283069e-14,0.571765079191921,0.0417943611597694,0.38313746030067,4.94375806523521e-12,4.04735782066133e-15,5.13281344511509e-15,2.9920267894498e-15,0.0033030993426527
"spot_747",0.271727931360334,0.426974772401643,0.0050020881308892,0.172173188877308,1.95109495433312e-15,0.0121491603794485,0.111598628056288,2.0740373195354e-15,0.000374230794085013
"spot_748",0.00169962728739314,0.685179821298721,0.0120239849538226,0.29688791085783,7.64125605078443e-16,0.00396416657518671,0.000244489027044608,4.4805385622162e-16,9.11121724065234e-16
"spot_749",0.0289876095273998,0.638204470504894,0.000692289224043605,0.332115627040531,1.24379089549957e-15,1.43657984550373e-15,1.37160774305209e-15,1.03495998138466e-15,3.70312691769434e-09
"spot_750",4.26956019201248e-15,0.612461246249828,0.00780314188784135,0.378875391959419,1.30927494254412e-15,6.36348307684984e-16,7.89353774814694e-16,1.13789079069439e-15,0.00086021990290304
"spot_751",0.0926564094340504,0.250602843109777,0.164920897249001,0.328899771576771,3.07005823091164e-15,1.84875157727756e-15,0.154876922872581,1.73860496775871e-15,0.00804315575781218
"spot_752",8.04149390693578e-15,0.697316290285642,0.0397304512539944,0.258112651094848,1.11183897192495e-15,9.512210811173e-16,1.08321150802435e-15,1.20399041051061e-15,0.00484060736550298
"spot_753",0.00557549178339579,0.557080062468994,0.0131619511056306,0.423988788027787,7.52554912324118e-07,0.000192954059274007,2.06460100709903e-15,2.28799734895126e-15,1.24647504297009e-15
"spot_754",3.10304158397224e-14,0.472046627961264,0.122442198755908,0.254349111634415,3.29370254496795e-15,3.52853297330227e-15,0.15116206164837,3.06966420094433e-15,1.93234899794619e-15
"spot_755",0.233523665100156,0.544408277598956,0.0140795451543284,0.177922565374359,0.000395158474558014,1.2871591423551e-15,0.0279752149020886,9.41965918701851e-16,0.00169557339555109
"spot_756",0.958193223373502,0.00165699582575181,1.02479464654932e-15,9.5028340621584e-16,1.34825125978687e-15,5.28005675258997e-16,0.0401497808007418,6.27854047429508e-16,2.75933609914203e-16
"spot_757",0.705099869954642,0.00219470304987161,1.05571555636117e-15,1.37907479968137e-15,1.62932402354757e-15,0.0795217223826914,0.197264042900668,0.0159196617121227,1.58940176816507e-16
"spot_758",0.607366392637657,1.34581193158121e-15,1.3264267542936e-15,1.76539313884682e-15,2.03102123093278e-15,0.00547277562874957,0.384158672903637,0.00300215882994922,2.16004217848237e-16
"spot_759",0.677376181134109,0.0286642593009831,2.34930253942326e-15,0.0525662438608784,0.175538335223303,0.0371268635595371,0.000564942828771742,0.0281631740924153,3.23956187609071e-16
"spot_760",0.351589098241501,1.77635896660507e-15,5.04946708991378e-15,7.08085469759549e-15,1.03915843698211e-14,6.25005757223997e-15,0.648410901758463,2.6244081873909e-15,2.56375604192885e-15
"spot_761",0.588547043822557,1.21761676705386e-15,3.17126203521083e-16,4.13486806380781e-16,7.2353120043855e-16,0.0729723365459365,0.338480619631502,9.87888468997181e-16,4.47506353314947e-16
"spot_762",0.354640968190152,1.93663735484578e-15,3.21595394538479e-15,5.29083952384179e-07,1.08707867304597e-14,7.52725123113459e-15,0.641082980458505,3.203544448975e-15,0.00427552226736358
"spot_763",0.571225366549056,0.000737443984695522,1.20029377026028e-15,1.39385429221426e-15,1.57339405129439e-15,7.73847811750031e-16,0.135579247655079,8.15170624982692e-16,0.292457941811163
"spot_764",8.10616098073816e-15,0.654108183229159,0.00309868998477921,0.341367655945482,1.30371344497288e-15,9.32860780959087e-16,9.71640905907737e-16,7.49870791349149e-16,0.00142547084056821
"spot_765",9.55947307666672e-15,0.700579641856086,0.00472715105113935,0.294422947116745,2.28635957997829e-15,1.12574983357705e-15,0.000268743795103006,1.84347067519819e-15,1.51618091140689e-06
"spot_766",4.38824504149158e-15,0.516195177715656,1.25519552448406e-15,0.481940928438012,6.93286113096774e-16,7.07633879372806e-16,4.73327821912345e-16,8.79104298222353e-16,0.00186389384632287
"spot_767",1.78474397868615e-14,0.378595363948817,0.0850210877351059,0.536383548316048,1.90197015817656e-15,2.41472994543656e-15,2.72693926717159e-15,1.82775565101793e-15,1.9174081227812e-15
"spot_768",1.7890820038417e-14,0.594705650196913,0.118409578505852,0.282639170012948,0.00416724491084059,1.71930218010766e-15,2.13305760466606e-15,2.16074387292211e-15,7.83563734219883e-05
"spot_769",1.37996998533749e-14,0.504261395844511,0.083750155913516,0.398044757586014,0.0139436906559356,2.11426687761394e-15,2.39938256654678e-15,3.03761277715707e-15,2.18130592270491e-15
"spot_770",8.63546591747947e-15,0.678311469169077,0.104452564767091,0.21505897963544,1.74780614164499e-15,1.41808197141096e-15,1.71356368711433e-15,1.62220300614415e-15,0.00217698642837658
"spot_771",6.07689373059005e-15,0.603874687592336,1.90114576510235e-15,0.396125312407649,1.30988418159116e-15,1.30800691225325e-15,1.30185903902816e-15,1.37660918795652e-15,1.09291797646298e-15
"spot_772",4.64898463313998e-15,0.834109778761223,1.23990386707037e-15,0.153405927720347,1.27481522745289e-15,0.000373953365427084,9.43233455310552e-16,0.0074371955821809,0.00467314457081366
"spot_773",1.97607764783352e-14,0.65041647037443,0.0225791146452283,0.275893399976485,1.95084666862952e-15,2.64307794034836e-15,0.0511110150038292,1.45497990653361e-15,1.27576495227306e-15
"spot_774",8.38150989744818e-15,0.34989396695032,0.048612404983836,0.102511856425897,2.39143488229947e-15,2.44652191312139e-15,0.497885125366869,0.000769903272544783,0.000326743000519131
"spot_775",3.92447340345962e-15,4.91862652231794e-15,4.61343390354992e-15,0.0445992950226247,2.19539261077088e-15,3.2130998099003e-15,0.955097840733452,5.36646669619445e-16,0.000302864243904139
"spot_776",2.44552294844001e-14,0.686663709722731,0.00818736214741346,0.288209330029469,0.00171028431108545,0.0139036762726225,3.84716299714601e-15,3.89932278290209e-15,0.00132563751664616
"spot_777",1.98885539293877e-14,0.486392762350188,5.24804194641786e-15,0.513607237649776,3.24779476610086e-15,2.28970422272494e-15,2.28023282113219e-15,1.43225545825247e-15,2.42865983786331e-15
"spot_778",4.21245658362943e-15,0.648331454341743,0.0014037567729576,0.343142927345366,7.88221795410869e-16,5.49593637965548e-16,3.60793723767256e-16,5.35400295863624e-16,0.00712186153992768
"spot_779",9.68907782812006e-15,0.646417934082817,0.00449552335853233,0.347232316787417,1.51654011963507e-15,0.00132269635220436,1.11711087115974e-15,4.99169151127749e-05,0.00048161250390388
"spot_780",0.0025221566646272,0.708685338178041,0.0172033008300493,0.271589204327279,6.78766473056181e-16,6.58008829183669e-16,5.96998133866754e-16,4.71222728427594e-16,8.59691589332114e-16
"spot_781",0.000464546223144943,0.607946294645217,1.47931094069561e-15,0.391151622647772,1.36939265998629e-15,1.13390688420916e-15,1.22505125320472e-15,1.28400735912335e-15,0.000437536483860028
"spot_782",4.50963285473496e-15,0.680785314691879,0.00178564008685807,0.310489463868828,5.97198671265329e-16,5.68682770251868e-16,4.61103826363666e-16,9.17730274682158e-05,0.0068478083249599
"spot_783",1.2056964728105e-14,0.756077778975726,0.0155851591426069,0.228337061881647,2.03175588795448e-15,1.24668976062267e-15,1.87148473343885e-15,1.64837979055827e-15,1.28063307643683e-15
"spot_784",1.75076527519373e-14,0.590236479029158,0.00635350698622876,0.390028820485422,2.14643548417828e-15,0.00904672602505232,0.000568197387175804,0.0037662700869428,1.54940488886371e-15
"spot_785",0.0131272445678841,0.738479974360322,0.00374609611216473,0.243843696018831,1.11813109141721e-15,0.000154890458927771,5.28058040932957e-05,7.07123397835609e-16,0.000595292677775193
"spot_786",0.194873090999631,0.412060815380695,0.00833195998946397,0.370581406595019,1.2133349154032e-15,0.012249208892316,6.44710582412108e-16,2.28702154435885e-15,0.00190351814287061
"spot_787",0.228895513316497,9.14329147603962e-15,1.11014784516206e-14,2.13714677402046e-14,7.95421048890445e-12,0.0280819476532395,0.571210725629767,3.536392230411e-15,0.171811813392497
"spot_788",0.250902461502442,5.67279308355436e-15,4.11766491454463e-15,0.00975417990403021,3.95640870753676e-15,2.85468556295596e-15,2.9408151052489e-15,2.4912056270376e-15,0.739343358593506
"spot_789",7.68644978840971e-15,1.31323073996071e-14,9.01180610134572e-15,1.07156824964053e-14,9.24995851201391e-15,1.24530516825053e-14,7.83761688695762e-15,1.25609588698504e-14,0.999999999999917
"spot_790",5.1627874982203e-15,4.93460481772667e-15,5.67730922122005e-15,6.98332790620868e-15,6.04943397274345e-15,4.56012560536404e-15,4.86761703144282e-15,5.08226041787531e-15,0.999999999999957
"spot_791",5.17195627104969e-15,5.28854810844247e-15,5.67281994254899e-15,1.03897427239215e-14,5.94741007328329e-15,5.62544735728729e-15,5.35319114434925e-15,4.6165255702158e-15,0.999999999999952
"spot_792",9.44710004556373e-15,0.0053300373050899,7.05221201588743e-15,0.011278182098519,4.35324754105356e-15,6.92418169775728e-15,0.106673138982688,3.68357566996215e-15,0.876718641613671
"spot_793",0.305968886434693,3.79768226631483e-15,3.70336205954943e-15,4.37942656927933e-15,5.82020866549596e-15,0.00596365844363763,0.596478039303499,1.65315332368354e-15,0.0915894158181507
"spot_794",1.75110720042542e-14,0.057206681794576,9.04507077944747e-15,0.267323067320263,2.64083424308371e-15,3.18476703490703e-15,3.16791899131751e-15,2.53252119919024e-15,0.675470250885123
"spot_795",2.09695077147828e-15,0.555754750929507,0.049508225279398,0.393785512810644,0.000359825966167361,0.000466402945321757,1.51171387115019e-16,0.000125282068959118,8.84794867741029e-16
"spot_796",1.52562804723345e-14,0.581576334460977,1.63525141518331e-15,0.412990682220238,1.50087883109293e-15,0.00543298331876112,2.10206198827931e-15,1.91272491164836e-15,1.49634317415345e-15
"spot_797",0.000530426325540097,0.793898849726764,5.17306494778576e-16,0.205570723947692,1.13754478294014e-15,9.54194537522028e-16,5.971522568434e-16,1.2631299113909e-15,2.1767295008018e-16
"spot_798",3.7295845540082e-15,0.675009470917882,0.00860457029630192,0.316204204088898,0.000181754696912607,4.38856680348089e-16,2.83666228634982e-16,3.28675183146735e-16,7.162423003365e-16
"spot_799",1.1079343549231e-14,0.413500240612433,4.22995491724243e-15,0.58649975938754,2.14991277106822e-15,3.30045686082968e-15,2.1088197342123e-15,3.10517807447061e-15,1.3181840697048e-15
"spot_800",0.00211871768554304,0.757770516363257,1.30768403808354e-15,0.238577556580371,9.29018024383418e-16,0.00153320937082038,9.77085363772814e-16,9.94088972074996e-16,4.12525444248604e-15
"spot_801",2.27851951414547e-14,0.607483896516311,6.2257251588642e-06,0.391340112313682,0.00116966581848497,2.03230847371727e-15,5.23776332081143e-15,9.96263324216153e-08,1.31118754359816e-15
"spot_802",9.77774008631011e-15,0.538333216740151,2.54273267211943e-15,0.455046974216999,1.67404692817398e-15,0.00339071276866578,1.58359825325317e-15,0.000803497335945105,0.0024255989382242
"spot_803",6.97677225398689e-15,0.859390970914926,0.0214081451248828,0.11690265725541,1.81717534544847e-15,1.46247025576626e-15,1.68639831005223e-15,1.78471519059319e-15,0.00229822670476822
"spot_804",2.16329275850118e-14,0.472819802051501,0.00903770726414011,0.512825379122282,2.75665073443685e-15,0.0022794222321544,3.16107843332531e-15,0.00303768932989298,1.41633785526672e-15
"spot_805",7.9452775707781e-15,0.668253756555152,2.13703467891215e-06,0.330227168019216,7.8318760243413e-16,7.66812813958333e-16,7.76456913150105e-14,8.32179083465248e-16,0.00151693839086534
"spot_806",1.45842695013879e-14,5.56968055527177e-15,4.5081837537596e-15,9.92477872408844e-15,5.20851200205905e-15,4.410446504824e-15,0.999088615724554,0.000911384275399705,2.4333522070491e-15
"spot_807",1.34666164598604e-14,0.688255782897253,2.02459308927276e-15,0.311744217102721,2.27697208765656e-15,2.15159870732783e-15,2.24579388921677e-15,2.20383049431433e-15,1.52890743442224e-15
"spot_808",6.70684874804643e-16,0.875348725769074,0.000731717361955434,0.123919556868969,1.41476269300738e-16,8.68296869860405e-17,8.29781728821544e-17,2.14357699109573e-16,3.16521635280723e-16
"spot_809",6.52558164610988e-15,0.760937087743853,0.0623865527847952,0.170355075451259,8.4991938203576e-16,0.00632128402008346,5.49194305855918e-16,1.13215181196053e-15,6.97356832528673e-16
"spot_810",4.44171124970212e-15,0.464429700510313,2.68479658021159e-15,0.535570299489675,9.33008374015315e-16,9.30058845377549e-16,4.63581371880547e-16,6.72368855414769e-16,1.18394671385125e-15
"spot_811",4.9775441301117e-15,0.562664258789953,1.24736545137784e-12,0.437335741208789,1.07814249846508e-15,7.96431294170194e-16,7.39034019845084e-16,1.38945409755013e-15,1.09480481608323e-15
"spot_812",3.39396494587926e-15,0.725415672757414,0.00727793247917374,0.266842712527928,8.01628875890806e-16,0.000451425233287338,3.79580575680149e-16,5.96734547730064e-16,1.22570021924908e-05
"spot_813",8.98784278427919e-15,0.516134992249713,2.01123310472649e-15,0.482625935001259,1.52028464334031e-15,1.41191447981927e-15,1.35821664743979e-15,1.08010180426531e-15,0.00123907274901182
"spot_814",0.228352890800444,0.381623529617958,0.0511528650789067,0.165918812784842,2.3002731147482e-15,9.41622098638622e-16,0.16564541023989,1.11986540819646e-15,0.0073064914779541
"spot_815",2.33036703973209e-15,0.846961248799515,5.16481602416614e-09,0.152662553781099,9.03864292137449e-16,3.79542772904794e-16,6.31439803113941e-16,9.2332707707796e-16,0.000376192254564745
"spot_816",1.60764468355374e-14,0.53398114579741,0.105987968549389,0.35924282198431,2.31467411937434e-15,2.79703879308732e-15,3.08719458556646e-15,0.000516931918021104,0.000271131750845693
"spot_817",0.403605766304351,0.0331204663400362,0.137525906318516,0.138503647800639,6.33995350786053e-16,0.00626120117135064,5.430987499835e-16,8.1228820588201e-16,0.280983012065105
"spot_818",9.43824734238965e-15,4.45043406287245e-15,6.37834516239769e-15,0.00056916818217952,8.01245887164468e-15,8.78161934949816e-15,8.98149354280194e-15,9.58532977660265e-15,0.999430831817765
"spot_819",1.19142553995717e-14,7.23554857301751e-15,1.21397907656933e-14,0.00316103103591917,1.81482421288659e-14,2.66933260680983e-12,1.81283983423891e-14,0.00108604952224241,0.995752919439101
"spot_820",5.00043316733838e-15,9.65579118106403e-15,8.90149943094423e-15,0.00280323464317674,7.17020780540851e-15,6.34617406207943e-15,4.52812390601608e-15,1.17409304002e-14,0.99719676535677
"spot_821",2.60051019239553e-15,0.0206712866881508,6.49397701788362e-15,0.0026396989528436,3.46243940776945e-15,5.21505345560725e-05,3.03079185243267e-15,2.68281670112253e-06,0.976634181007733
"spot_822",0.00284597558370233,4.02273555342707e-15,7.5901368277802e-15,0.0022457978484019,8.30671882091816e-15,8.59316176606926e-15,1.09295729059229e-14,9.1375335939012e-15,0.994908226567847
"spot_823",6.8518171150075e-15,0.011027528035661,7.91082281509099e-15,0.00307326448485525,8.46682690095236e-15,6.70297151396447e-15,7.34358216928616e-15,5.85032356217899e-15,0.985899207479441
"spot_824",9.36160449913806e-15,6.1316118816915e-15,0.00561441125209754,1.42929110949241e-14,1.43953748014474e-14,1.25224486849794e-14,1.57850866289194e-14,1.14772759997018e-14,0.994385588747819
"spot_825",1.58472105986307e-14,0.309213875866022,2.27345329127855e-15,0.129965417217067,2.32810095058575e-15,0.00222706089211576,2.67987957848821e-15,2.11634207699033e-15,0.55859364602477
"spot_826",0.0246121980036018,0.655052364589888,0.0014663278759032,0.316726643124755,1.42082266167347e-15,0.00214246640584743,1.42853732760793e-15,1.29480949177843e-15,1.2743683986083e-15
"spot_827",1.8557854097255e-14,0.687598013447157,0.0351487309981165,0.275260804043125,1.70356459966473e-15,0.00128863174498817,0.000621327823003874,2.20514431216242e-15,8.24919435878745e-05
"spot_828",1.37613278164854e-14,0.708794062343986,0.0262893701522242,0.263785406074757,1.73020730840235e-15,1.98663998008983e-15,2.246963687569e-15,2.2512052340602e-15,0.00113116142901004
"spot_829",1.8026409832752e-14,0.496563605404442,0.0276020836060204,0.203754142977704,2.63633929752e-15,0.0102446260272121,0.261733301035178,1.57533548799877e-07,0.000102083415874096
"spot_830",8.2043553397756e-15,0.645329237324375,0.0151939326851082,0.338747449562278,1.56220631849482e-15,1.19342520087654e-15,9.93263551472409e-16,1.01631045213842e-15,0.000729380428225417
"spot_831",0.00898555856733012,0.549344784626402,1.52782099847755e-15,0.288662985397418,1.67416014726071e-15,0.00716706326252735,0.143629824168948,0.00217396036577752,3.58236115931736e-05
"spot_832",2.71600338167194e-14,0.546426819389329,0.0177413476439071,0.402938155642262,3.08408466452237e-15,0.032893677324461,3.74273249310474e-15,4.89016419157315e-15,1.98985661565294e-15
"spot_833",2.71829733020717e-14,0.532122111521332,0.0177427268241366,0.437889590121024,0.00528952992497234,0.00686576476787594,3.7100272608668e-15,4.26049836886255e-15,9.02768406242419e-05
"spot_835",4.65638547583128e-15,0.73058115447761,0.0047671712856833,0.26261670255041,1.0929159692597e-15,6.05134866576153e-16,4.32427372636849e-05,7.751956956543e-16,0.00199172894902654
"spot_836",1.03716572795714e-16,0.649088420899667,0.0785247945224514,0.272386784577881,1.3975330975597e-16,1.10756938069335e-17,8.84346410929532e-18,3.874910477995e-17,3.80023012365581e-16
"spot_837",0.894357157654683,6.62804608199439e-16,1.39267886466465e-15,0.0178021187944288,9.64597327701288e-16,1.33460924373171e-16,0.0253268067790631,3.34959114180525e-16,0.0625139167718219
"spot_838",0.00785310094152389,0.654623298007096,1.03996118406525e-15,0.332172033520121,1.22833428262083e-15,0.00384650728510649,1.02146720067728e-15,1.17128714414434e-15,0.0015050602461474
"spot_839",1.06573254626737e-14,0.675659088302235,0.0131900005546586,0.303322961460152,1.41888494896585e-15,0.00524487527499873,1.22162947249384e-15,2.15356089310322e-15,0.00258307440794108
"spot_840",2.37337005023847e-14,0.646945980118001,0.0685708822567409,0.277647608396213,3.56777722332164e-15,3.44725612996176e-15,6.40670142345644e-15,0.00683552922900579,2.69724323127968e-15
"spot_841",0.155713100527575,0.534437464249762,0.0259137095387431,0.252884938236115,0.00813105432709389,0.00123388350431213,0.0216858496163948,1.80782546367214e-15,1.6354966468281e-15
"spot_842",0.174237670821464,0.422444517981851,1.54126864105002e-15,0.242998247092639,2.14867716953027e-15,0.0117058716784708,0.143781878172841,1.32628242020514e-15,0.00483181425272898
"spot_843",7.4732122064555e-15,0.697574004091514,0.015533968888133,0.285332477859405,1.24498179899459e-15,9.96883108134837e-16,8.75125252440568e-16,1.4790451044203e-15,0.001559549160936
"spot_844",0.0234257373773732,0.493226415397282,2.50029111363088e-15,0.474408317867771,1.12216378882275e-15,0.00893952935756521,1.39928807776534e-15,1.3671525874989e-15,1.84079069310809e-15
"spot_845",0.000548643573410788,0.589745129961159,0.0267314362363559,0.381702272179667,1.57549391515278e-15,0.00127239171915014,1.26330251881446e-07,1.88288762691242e-15,1.40438868823842e-15
"spot_846",8.53066642504265e-15,0.537929018849625,2.95532760661509e-15,0.461435093230752,1.2264784394463e-15,1.16818208784472e-15,9.13559369674104e-16,0.000635887919605619,1.7086516915145e-15
"spot_847",7.74629206887957e-15,0.453879113908964,1.16602544278639e-15,0.18466588489916,9.66479780991016e-16,4.97126579738937e-16,8.27388262329049e-16,3.38387103879487e-16,0.361455001191865
"spot_848",7.77390922076209e-15,1.0258134401093e-14,1.27490931018446e-14,0.000172043212767373,1.83875018576383e-14,1.58551516677917e-14,1.20590965164774e-14,2.08244146501942e-14,0.999827956787135
"spot_849",1.978081590654e-06,9.60892096365658e-15,0.0122354626425108,0.00771925525671655,1.34541972335866e-14,1.75199553514699e-14,1.25199965043438e-14,0.000142512368639668,0.979900791650489
"spot_850",0.00961694033225049,0.0257215343883279,0.00371139581513459,2.83970943015075e-15,3.13482359677654e-15,0.001961762186484,5.10912243367075e-15,3.67627012784227e-15,0.958988367277788
"spot_851",1.1354400701161e-14,3.07184235410044e-05,9.13083327104761e-15,0.00640731722894148,8.66097765714268e-15,1.03860199158252e-14,0.0961009976192963,4.7888027821967e-15,0.897460966728177
"spot_852",5.99026848137784e-15,7.98770125108002e-15,8.47768143201813e-15,0.0135082987955925,7.29331624834898e-15,8.30869840881585e-15,5.9827681292834e-15,8.71007111929541e-15,0.986491701204355
"spot_853",1.45232160556095e-14,5.04480239005296e-15,8.00679943247274e-15,2.00754978752794e-14,2.17406477349819e-14,2.01834905465217e-14,2.38523468460796e-14,1.79876546491597e-14,0.999999999999869
"spot_854",1.56352579217972e-14,9.06003058072224e-15,0.0294652971698072,0.0165475000258324,2.20991174716079e-14,1.98017841300173e-14,2.50839074688852e-14,2.82121658571621e-14,0.953987202804241
"spot_855",1.05810467554553e-14,1.46749376012142e-14,0.00338473388804769,0.00534652559900414,1.02063678510367e-14,1.4645308923911e-14,0.0439962124491845,9.75945504998481e-15,0.947272528063704
"spot_856",8.1588214585224e-15,5.50521266836271e-15,5.95320746728535e-15,0.00459379091069313,6.61830649923807e-15,7.22372011850555e-15,6.88034076432297e-15,6.90277964650914e-15,0.99540620908926
"spot_857",5.82472962680797e-15,0.529958203413807,1.76728070607093e-15,0.455702063307325,1.07899749374514e-15,0.0106553265173377,7.51520532960723e-16,7.80701198687889e-16,0.00368440676152061
"spot_858",2.02171575894785e-14,0.451140669814383,0.00278679266740399,0.545880776232339,0.000191761285840381,3.49287521366063e-15,2.88909176332929e-15,4.13171903825836e-15,2.66916379375399e-15
"spot_859",2.21845037815866e-14,0.52925714752833,0.0533547206077617,0.407094591338139,0.0102935405198904,3.17048083151259e-15,5.84699775467536e-12,4.16270287709258e-15,2.29393957322266e-15
"spot_860",1.03129610506582e-14,0.543269848391797,1.26141977114081e-15,0.454573460572322,1.60220207595634e-15,0.00215669103586463,1.06822751298342e-15,1.10333614851501e-15,1.05642449637809e-15
"spot_861",3.956967925626e-15,0.418175385821674,2.14559839512638e-15,0.58129434502301,7.31734449184001e-16,7.26703042558794e-16,4.23995017650793e-16,0.000530269155305837,2.20083802591695e-15
"spot_862",2.23594217224106e-14,0.468950960815097,2.81272289457477e-15,0.333306735272552,3.30229400899793e-15,0.0139650638298862,0.182343413128131,3.55533970825464e-15,0.00143382695430034
"spot_863",1.12249051632946e-14,0.541871794325663,1.31736896725771e-15,0.253005776753499,1.96577959829259e-15,0.00214059301506727,0.202981835905751,4.28878125987456e-15,1.01875719867752e-15
"spot_864",3.53742018368496e-15,0.620262412419908,0.000244712306953653,0.379492875273131,8.3250240449513e-16,5.57882438875474e-16,5.11102324470111e-16,8.3922382970155e-16,1.11849019148567e-15
"spot_865",1.35602216869429e-14,0.609645354217837,0.00272241310671418,0.232370253822217,0.00760028661330284,2.73783294473344e-15,0.14766169223991,2.23972150231226e-15,1.1888007424618e-15
"spot_866",3.58203462119026e-15,0.522099806799739,1.8415623254717e-15,0.47446236483757,1.0097340695703e-15,6.81102279830301e-16,5.31586631439629e-16,8.98580401237053e-16,0.00343782836268291
"spot_867",0.731212722677993,0.1029910171635,0.000950678641723303,0.162542760302471,8.75371503811822e-16,2.67373377310359e-16,6.61483554773583e-16,3.31181020160114e-16,0.00230282121431007
"spot_868",0.996692060506798,1.40997120354421e-16,1.40931282743569e-16,1.03872181088984e-16,6.70144713825162e-17,4.37423856627972e-17,0.00330793949320062,4.42273677283879e-17,1.12268116764789e-15
"spot_869",0.000367218599288345,0.604008880230738,1.39145673939358e-15,0.391725627001321,1.55400520642774e-15,0.00389827416864528,1.46054623065025e-15,1.77443771600881e-15,1.38672079891762e-15
"spot_870",2.19203546219575e-14,0.642465171027364,1.84595178367715e-15,0.342901427870021,1.44794138627244e-15,0.0120608861472127,2.64062264072678e-15,2.79878772745803e-15,0.00257251495537154
"spot_871",6.4737214359017e-15,0.622428185593671,0.00858299676049274,0.366522323024793,1.47608772455392e-15,0.000638670401596049,0.000200466564252514,1.06601473548997e-15,0.00162735765518555
"spot_872",3.91079447490739e-15,0.635127310177965,1.36054243358326e-15,0.364872689822026,9.22509767230732e-16,6.15173854179076e-16,6.13911983655323e-16,6.18173085287727e-16,9.12922199753539e-16
"spot_873",7.76717149401936e-15,0.468825262008911,0.0652584391147602,0.463875556763044,1.46840851812084e-15,8.52397419914082e-16,1.19366126046363e-15,8.11071021824777e-16,0.00204074211327241
"spot_874",4.26918660362399e-15,0.537414757583196,0.0629839752543217,0.399601267162474,9.45445626534279e-16,6.44562136064033e-16,6.32713211796262e-16,5.46479432098873e-16,9.00615053781342e-16
"spot_875",5.42354084338806e-15,0.487862209617577,2.25455106365664e-15,0.50762648524713,0.00451130513528073,1.06422432300642e-15,9.49215525747224e-16,1.0987287867376e-15,9.36112343652218e-16
"spot_876",9.33137526392724e-15,0.724057369299963,0.00153580560564282,0.263950285265887,1.27483144725569e-15,0.0104197453159284,3.67945125647407e-05,1.97701983262823e-15,1.04991781483318e-15
"spot_877",1.89693256238547e-14,0.580502852281055,1.34828304926754e-15,0.419497147718909,1.99797607138176e-15,4.2429959809595e-15,3.83317962037496e-15,3.63596712944649e-15,1.83882673609418e-15
"spot_878",0.000769105062861794,0.185305711347889,0.0192249009243361,0.185730640252944,3.6036729901696e-15,2.49324276327611e-05,5.24167301243856e-15,0.00348943192711377,0.605455278057213
"spot_879",5.22922491491199e-15,5.79920481280083e-15,5.0048242285159e-15,1.20627245859244e-14,6.17570743709933e-15,8.08230087450638e-15,6.71986327557026e-15,5.46503735363987e-15,0.999999999999945
"spot_880",0.000534353836536046,0.00905225052131094,3.90242453843202e-15,3.3109781557957e-15,3.32737060537405e-15,4.51035283258896e-15,3.88472899645967e-15,3.60378333436972e-15,0.99041339564213
"spot_881",9.71802697666994e-15,4.77774547051343e-15,7.40376414654761e-15,7.72558348816553e-15,1.06263585400067e-14,7.59963237866799e-10,0.00201666739402488,0.00103111450119687,0.996952217344775
"spot_882",1.26771222277421e-14,3.76976421662165e-15,6.27074927656137e-15,1.01024495238904e-14,1.22751644539621e-14,1.29567810711128e-14,1.64972867819373e-14,1.26633917467002e-14,0.999999999999913
"spot_883",8.80694402152836e-15,9.20567984219391e-15,0.00608656968997756,0.00603837307495671,9.03668205901353e-15,0.00767317684693541,7.79107639409014e-15,8.54103426420592e-15,0.980201880388087
"spot_884",1.33701704036172e-14,0.036029614455718,9.57599348605642e-15,0.0070844887001822,0.0106484596017574,1.40441737785981e-14,1.25441503765225e-14,1.04408080747795e-14,0.946237437242282
"spot_885",0.00249448699287677,0.0060145750668996,4.63511136342798e-15,4.11408571214202e-15,3.41905521994447e-15,4.79392378893359e-15,4.61821017757182e-15,3.7678844488126e-15,0.991490937940198
"spot_886",9.74152316064765e-15,7.59965899666576e-15,1.17859545219197e-14,1.12806278058536e-14,1.71593301594568e-14,1.40653651738767e-14,1.27758163459808e-14,1.69481000953281e-14,0.999999999999899
"spot_887",8.77608322646059e-15,1.21953219980245e-14,0.00813839439683371,0.00798400455237979,7.95487186492952e-15,1.05721729549334e-14,9.82106161146258e-15,6.47666734465451e-15,0.983877601050731
"spot_888",1.67640398024163e-14,0.37435319426782,2.31721912044078e-15,0.290072460302353,3.22006751698432e-15,2.40283482534668e-15,4.70925938527631e-15,3.01754077742378e-15,0.335574345429794
"spot_889",5.37883059944485e-15,0.650798471003076,0.00547816360355819,0.341195759140945,7.78401796784085e-16,0.000725231195013822,0.00180237505739885,4.67896489663808e-16,9.09170663128374e-16
"spot_890",0.177936366491836,0.672375259892717,0.00136343822181555,0.0942865707736924,1.01674215618021e-15,0.0218125172792225,0.0322258473407137,1.14960986009994e-15,1.0031078437321e-15
"spot_891",1.62065320513785e-14,0.742122254456008,1.15711917945086e-15,0.250634336991337,1.33857395560322e-15,2.56999474587996e-15,2.74293501901499e-15,1.68879159653292e-15,0.00724340855262905
"spot_892",6.42670755819421e-15,0.687992529110897,0.00244799536456362,0.306469298761051,1.22025058619665e-15,9.57043846127546e-16,8.40342505826278e-16,0.000578567636372049,0.00251160912710689
"spot_893",1.2714218231719e-14,0.711630885008573,0.105658068642398,0.181691770454131,2.30718622874594e-15,1.72351340380787e-15,2.46277328427961e-15,3.32543846810875e-15,0.00101927589487521
"spot_894",9.42776453217355e-14,0.536169071657177,0.0219615867438928,0.395123406013225,0.0467459355855608,1.29479711544726e-14,2.08562687972201e-14,1.10618431130806e-14,5.48980473581469e-15
"spot_895",8.71919256450596e-15,0.672332765795704,0.043354573243385,0.283568584722463,1.29726824010617e-15,0.000744076238433984,1.06589899419452e-15,1.65448383987591e-15,1.41299294186168e-15
"spot_896",0.0170267828577089,0.715189625190189,0.0073507868990801,0.25651487425726,1.65206985832689e-15,0.00245625329052812,0.000467963136852748,2.19235305731374e-15,0.000993714368376677
"spot_897",1.4357011462873e-14,0.785219511720659,0.134839103085252,0.0799413851940637,2.23458968746974e-15,2.02097315059566e-15,2.40053983903957e-15,3.0788308262601e-15,1.28632556638222e-15
"spot_898",0.998026605887736,2.14366825650637e-16,0.000245206459160275,0.000384412254286113,1.12351428931302e-16,1.0001008179354e-16,0.00134377539881613,6.64524690228362e-17,8.77573854270927e-16
"spot_899",0.961168305400729,4.29834979866005e-16,7.36539342666069e-16,0.000207831753024121,4.07553284058262e-16,2.18587965940954e-16,7.53586433744666e-11,3.26843129583601e-16,0.0386238627708863
"spot_900",7.09443469981909e-15,0.511488704164898,1.48030014117794e-15,0.484753357119244,0.00272137056056419,1.093912078194e-15,7.45017893688868e-16,0.00103656815528245,1.0733565236736e-15
"spot_901",3.70478204170788e-15,0.801343475658352,1.29092349729749e-15,0.198656524341639,9.01953565299879e-16,7.77128385655118e-16,6.6420061946032e-16,1.24186585981851e-15,6.55161973022427e-16
"spot_902",5.83807608384624e-15,0.573029414743005,7.97749184326669e-16,0.426246116877563,1.19692567812095e-15,6.7333654672306e-16,0.000724468379422095,6.53857147216999e-16,7.69249939885685e-16
"spot_903",7.42652494153486e-15,0.720277951573525,1.0296081611721e-15,0.271824773496583,1.07618485574161e-15,1.13674217803509e-15,1.09257109114091e-15,1.02005435759246e-15,0.00789727492987872
"spot_904",4.86840863792543e-15,0.598510328706241,1.34647494396531e-15,0.400763927235624,9.06932877056453e-16,0.000649422523878563,5.20597690737249e-16,1.0110477352672e-08,7.63114237719101e-05
"spot_905",8.4490521574214e-15,0.687198204942306,0.0178868366999735,0.292355065344181,0.00144736086839712,9.42983025495665e-16,1.3235829154125e-15,6.77185194941434e-09,0.00111252537327953
"spot_906",0.156608946147767,0.456808134892857,0.0456654182819212,0.219998623058229,8.65466909821758e-16,4.54932875751845e-16,0.120918877619223,2.15804997963162e-16,1.05964229124599e-15
"spot_907",0.00776901818197299,0.721727511211785,0.0183034059045452,0.251552291062543,4.45493088267492e-07,0.000647328146063804,8.0490581966628e-16,8.78100386728546e-16,7.24605934471424e-16
"spot_908",1.73860904955401e-14,0.0840841019397587,4.85931150494559e-15,0.103139363435184,4.1996363364513e-15,5.84799718615607e-15,7.29003880302384e-15,6.27953828014774e-15,0.812776534625012
"spot_909",8.88816991935265e-15,6.06055002550453e-15,1.2212141843009e-14,1.75328879857719e-14,1.94813354119828e-14,1.98308512133326e-14,1.82957477775565e-14,1.56284383822016e-14,0.999999999999882
"spot_910",0.0400480918000921,2.92217359121767e-14,4.41489756093267e-05,1.02461178303389e-14,4.22107302179331e-15,9.87002738651897e-15,0.0458127330560915,1.6577446694127e-15,0.914095026168152
"spot_911",8.17502790226364e-15,8.2914215872699e-15,8.00395685137413e-15,0.0143930522115061,7.84311744819065e-15,0.0567507015394938,6.32695840994215e-15,0.0262736883574318,0.90258255789153
"spot_912",9.13824595358085e-15,0.0291036238658169,5.22767770786532e-15,5.03020514149795e-15,5.60683445492575e-15,7.06508364961278e-15,7.24114003961955e-15,3.89807424300798e-15,0.97089637613414
"spot_913",1.10459200607662e-14,0.0767475208227601,0.000968957894516303,5.95590467704313e-15,6.09749378349614e-15,9.9494863502996e-15,8.6473982557192e-15,7.2913733539336e-15,0.922283521282675
"spot_914",1.77567347090313e-14,1.13026200388993e-14,2.57868153062042e-14,0.0174630872441056,4.55982680666061e-14,3.48945122959194e-14,3.38307355390833e-14,3.48493710482408e-14,0.98253691275569
"spot_915",2.60196426033407e-14,2.46323563075365e-14,1.40395149474286e-14,1.07121710621524e-14,7.13547209016853e-15,1.11610063168904e-14,8.9243881944284e-15,2.06709255188118e-15,0.999999999999895
"spot_916",9.14564227970793e-15,0.00683982926570104,9.92494397035322e-05,0.0158111119563412,1.12323659487975e-14,9.80382972779044e-15,9.24400206273042e-15,1.49995523578256e-14,0.9772498093382
"spot_917",6.58040124100556e-15,5.524209277923e-15,6.04387159719986e-15,0.00635308527345229,7.5949146096103e-15,7.08383502208748e-15,7.69406073861983e-15,6.15419803970632e-15,0.993646914726501
"spot_918",0.000383714789766522,1.03137077673336e-14,1.48220562485625e-14,0.0189411625678026,1.58046824942077e-14,1.82584780659946e-14,1.48226438858739e-14,1.94683883643723e-14,0.980675122642337
"spot_919",9.41097575017634e-15,8.6353360871314e-15,1.3922223761573e-14,0.0146948536722166,2.05206656209969e-14,1.60423342549581e-14,1.72709827336121e-14,1.88820723953669e-14,0.985305146327679
"spot_920",0.324193370097479,0.437386578760618,3.6823111056971e-15,0.219444411842307,2.30760804275735e-15,0.00761229337457812,2.06834778839994e-15,1.14120962684859e-09,0.0113633447838003
"spot_921",3.98157065732236e-15,0.77233624548114,0.00039876134366315,0.223449720013432,7.49354802696053e-16,0.00381527316175834,4.06971240053819e-16,5.72528076612988e-16,7.26583300258779e-16
"spot_922",2.69707812159892e-14,0.726253096120647,0.0325917415629462,0.220615179559259,2.96615795405625e-15,0.0106118579515984,4.73023358118578e-15,0.00874918717844685,0.00117893762706786
"spot_923",0.00235835090758516,0.458189235505534,0.00112344887798675,0.537624408671921,4.7063270791801e-09,0.000704549678585637,9.19813508931824e-16,1.06136042804824e-15,1.6520582890719e-09
"spot_924",4.75860780355862e-15,0.49370675744504,0.00786305300027836,0.498430189554672,1.99080473631992e-15,7.94010413993263e-16,7.29940900831821e-16,7.76007025099388e-16,1.3175368583814e-15
"spot_925",5.29758640522996e-15,0.485814329176793,0.209907248670985,0.296595174603372,1.4393678858968e-15,6.28706851954442e-16,5.85710524547191e-16,1.1624451046238e-15,0.00768324754884138
"spot_926",3.92954962770776e-15,0.541702108856271,1.66147797551068e-06,0.442813912929699,3.8147503043234e-16,0.0154822873298184,2.1124408344178e-16,2.94062309301858e-08,8.83056249386794e-16
"spot_928",0.642358736043984,0.0569397378267772,0.0269021015030704,0.0994192986841298,9.68505140941691e-16,2.60161884389851e-16,0.0091443347490596,4.48979821772661e-16,0.165235791192977
"spot_929",0.785992828777026,7.48633251287556e-16,2.32011422419946e-15,4.13157706088712e-15,2.37791293702118e-15,6.856816446653e-16,0.187319647268166,1.92063102203302e-15,0.0266875239547953
"spot_930",0.893261556922725,7.16336049055811e-16,0.106738443075731,1.54020110278753e-12,3.57058587890662e-16,1.17607278648543e-16,2.8178731698883e-16,2.21603716764001e-16,1.89041837312643e-15
"spot_931",1.09290120487227e-14,0.502300955068601,0.00272205161944535,0.490931394347491,1.18356207655875e-15,0.0040455626003217,1.50933728445744e-15,3.6364126194286e-08,1.33230546281685e-15
"spot_932",5.42520139769673e-15,0.889922931425388,0.059249560126797,0.0508275084478036,1.40200941350989e-15,9.85147160279616e-16,1.15339615252159e-15,1.10491191826316e-15,1.28236355046085e-15
"spot_933",6.8667247943615e-15,0.563654590183325,0.00717880444481241,0.424090059907337,0.00140741015311012,0.00366913531140515,7.2696090390769e-16,1.07990861150489e-15,8.86482974052963e-16
"spot_934",5.56021982414718e-15,0.738545462725096,0.0279136386878776,0.231027742278182,1.3301813358398e-15,7.20005931738202e-16,1.15437266083392e-15,1.08971711643836e-15,0.00251315630883496
"spot_935",0.221794845003833,0.427498371530801,1.93162081795113e-15,0.328285686112742,1.94633286273742e-15,4.21483333724552e-09,0.0222994917225641,0.000121601415220026,2.24643956661356e-15
"spot_936",1.75890141490272e-14,0.63570301609094,0.00256573310340607,0.341531495842943,1.85118329361091e-15,0.0201997549626862,2.09030064964896e-15,1.95307311371917e-15,1.09385060626555e-15
"spot_937",5.8280795969738e-07,0.647133572369645,0.0293882808524418,0.302038381463275,1.25547160457584e-15,0.000109933792698006,8.05471836013668e-16,8.64739908128042e-16,0.0213292487139777
"spot_938",2.30274939956521e-14,0.463576140747127,3.07856358841838e-15,0.41836503470924,3.47827594336493e-15,3.44361854991009e-15,4.43469748418636e-15,3.05327012101666e-15,0.118058824543593
"spot_939",0.263618676228331,1.50125012381632e-15,0.000790792886553974,1.4742542000933e-15,1.13638069241063e-15,7.72438465091255e-16,9.56286423799498e-16,5.9294130017593e-16,0.735590530885108
"spot_940",0.000358046130196864,6.43780257348152e-15,4.54611078313929e-15,3.61867937895113e-15,4.45409295609481e-15,7.23652065070761e-15,5.33339766380408e-15,0.00513934186404539,0.994502612005726
"spot_941",1.31792915170245e-14,6.29933872658763e-15,8.9688904564445e-15,9.20411589656037e-15,1.38677925449667e-14,0.000347396387137401,0.0246255481819895,1.59672522778432e-14,0.975027055430805
"spot_942",3.54537137235678e-15,0.0356495822317107,2.79472170200637e-15,2.99258503011255e-15,1.66467117623907e-15,2.9875531447935e-15,1.52245936968063e-15,1.76046899416277e-15,0.964350417768272
"spot_943",7.22689055012676e-15,8.1356673001085e-15,0.0050291858723761,0.0105877659650357,1.1070225148806e-14,1.16160714738767e-14,0.00932139874169584,1.25810376772342e-14,0.975061649420842
"spot_944",6.83589684904438e-15,9.59951457789943e-15,0.0114815413023781,7.53506787023497e-15,6.78206761169445e-15,7.8478329423252e-15,5.95582144716467e-15,5.02581825101589e-15,0.988518458697572
"spot_945",8.6835674318183e-15,3.55888971665301e-14,4.91971404649863e-06,0.0184339496591599,1.10065719001254e-14,1.28716207245897e-14,1.02515691115343e-14,1.61670450105122e-14,0.981561130626699
"spot_946",9.50942211030696e-15,1.59375660729177e-14,1.83796027433e-14,9.9057343845732e-12,1.74741331795295e-14,0.136279446872446,0.0115862530082402,0.0268055129048085,0.825328787204538
"spot_947",6.63537257066191e-15,9.1747390951256e-15,0.0108771938026021,8.97317713080945e-15,7.68925860938125e-15,7.840820895576e-15,7.0646268520193e-14,7.2832159640755e-15,0.98912280619728
"spot_948",5.55604049312291e-15,2.95457787487341e-15,3.21844173450828e-15,4.18117633679025e-15,3.49175392968928e-15,2.87942384890702e-15,4.32195821626181e-15,2.94605464037266e-15,0.99999999999997
"spot_949",1.08784818787304e-14,7.82824955053866e-15,9.61265108632877e-15,0.0402557084871234,6.43549427486028e-15,0.147658358355851,4.93310312716319e-15,0.0248772477363768,0.787208685420609
"spot_950",1.57972255299141e-07,1.55740688287363e-14,1.08788229469716e-14,1.41760822351023e-14,1.19405358745851e-14,0.0179342014691047,0.00848788364387109,8.05554465030012e-15,0.973577756914708
"spot_951",0.154628432639618,6.87204192093575e-15,9.08173845368754e-15,0.00047744536476379,1.03693939099429e-14,0.521673746118176,0.0391606533874483,0.0382265747031017,0.245833147786865
"spot_952",0.641412451122368,1.06877154004427e-15,1.77410044937611e-15,1.15516264019992e-15,0.00630492916087769,0.32145408651518,2.73639370807385e-16,0.0206843881038572,0.0101441450977124
"spot_953",1.51861788317718e-14,0.333367793670426,1.57599440721611e-15,0.257006665711261,0.00856174745906517,0.401063715301603,1.47648268632088e-15,7.78576265239422e-08,7.12618886299723e-16
"spot_954",1.12884213038568e-14,0.640787323458705,0.0459574404812474,0.140281505428959,0.00169929535456093,1.29399971864226e-15,0.16967813912109,1.97547456344456e-15,0.00159629615542306
"spot_955",1.4904566152451e-14,0.520635438254468,1.78644332221365e-15,0.376687840761812,2.22890560479644e-15,2.59081289010557e-15,0.101406508400775,1.79238889731182e-15,0.0012702125829216
"spot_956",0.365130822627714,0.388456721173736,1.28383513064402e-15,0.241279259929084,8.81353233258072e-16,0.000505687462024046,0.00462750880743736,6.95465672400745e-16,1.28156388581922e-15
"spot_957",0.842750539767506,0.0148282560325429,1.43739325502375e-15,0.142014872573895,5.36900388447084e-05,0.000308221280173942,5.33343886761407e-16,4.58699651412342e-16,4.44203070348134e-05
"spot_958",0.857801612028952,4.10143154234589e-16,0.142198387971043,5.19675855825302e-16,2.32122000446754e-16,6.00438480951437e-17,2.24910127365293e-16,1.34500341689064e-16,2.7939186200264e-15
"spot_959",0.999772071965327,3.447989297496e-17,2.47124186466007e-17,9.78225010916885e-18,8.99927118561329e-18,1.38500472824884e-17,0.000208602806824028,1.93251208960666e-05,1.06953032664828e-10
"spot_960",0.998219412857226,6.31478370285141e-17,1.57683162323224e-16,1.29288218974355e-16,1.28355721892609e-16,1.40720759371673e-16,6.00427860941556e-05,1.05892886292527e-12,0.00172054435562068
"spot_961",0.69897276533575,5.72534729446308e-16,0.292968792830556,0.00502735159318976,3.48864212267861e-16,1.40527479044683e-16,2.3802649495876e-13,2.59553365610817e-16,0.00303109024026529
