2026-02-18 18:09:20,550 - __main__ - INFO - ============================================================
2026-02-18 18:09:20,550 - __main__ - INFO - BENCHMARK: replicate=3, condition=mixed, mode=dapi
2026-02-18 18:09:20,550 - __main__ - INFO - ============================================================
2026-02-18 18:09:20,550 - __main__ - INFO - Loading image: /ix1/alee/LO_LAB/Personal/Alexander_Chang/alc376/CITEgeist/Benchmarking/simulation_benchmarking/CITEgeist/mixed/images/dapi/Wu_rep_3_cellpose.png
2026-02-18 18:09:21,113 - __main__ - INFO - Image shape: (8000, 8000, 3)
2026-02-18 18:09:21,114 - __main__ - INFO - Running Cellpose with model_type=nuclei
2026-02-18 18:09:22,719 - cellpose.models - WARNING - model_type argument is not used in v4.0.1+. Ignoring this argument...
2026-02-18 18:09:22,719 - cellpose.core - INFO - >>>> using CPU
2026-02-18 18:09:22,719 - cellpose.core - INFO - >>>> using CPU
2026-02-18 18:09:23,569 - cellpose.models - INFO - >>>> loading model /ihome/alee/alc376/.cellpose/models/cpsam
2026-02-18 18:09:23,809 - cellpose.models - WARNING - channels deprecated in v4.0.1+. If data contain more than 3 channels, only the first 3 channels will be used
2026-02-18 18:09:23,824 - cellpose.transforms - INFO - processing image with (8000, 8000) HW, and 3 channels
2026-02-18 18:15:32,221 - __main__ - INFO - Detected 4897 nuclei in 371.1s
2026-02-18 18:15:32,576 - __main__ - INFO - Nuclei count correlation: 0.987
2026-02-18 18:15:32,576 - __main__ - INFO - Nuclei count RMSE: 0.44
2026-02-18 18:15:32,589 - __main__ - INFO - Loading h5ad files...
2026-02-18 18:15:35,164 - root - INFO - Logging initialized.
2026-02-18 18:15:35,164 - __main__ - INFO - Using per-cell normalization: Y / nuclei_count
2026-02-18 18:15:35,165 - __main__ - INFO - Per-cell normalization: raw range [0.00, 68.00] -> per-cell range [0.00, 65.00]
2026-02-18 18:15:35,172 - __main__ - INFO - Per-cell preprocessing complete: shape (956, 100)
2026-02-18 18:15:35,289 - root - INFO - Normalization stats:
2026-02-18 18:15:35,289 - root - INFO - Original median total: 52549287164.00
2026-02-18 18:15:35,294 - root - INFO - Mean scaled total: 9979.76
2026-02-18 18:15:35,299 - root - INFO - Max scaled value: 10000.00
2026-02-18 18:15:35,357 - root - INFO - Gene expression data normalized to 10000 counts per spot and validated for discrete count analysis.
2026-02-18 18:15:35,357 - root - INFO - Mapped 18 markers to 9 cell types (preserving marker-level data)
2026-02-18 18:15:35,357 - __main__ - INFO - Discrete cell type order: ['B-cells', 'CAFs', 'Cancer Epithelial', 'Endothelial', 'Myeloid', 'Normal Epithelial', 'PVL', 'Plasmablasts', 'T-cells']
2026-02-18 18:15:35,358 - root - INFO - Mapped 18 markers to 9 cell types (preserving marker-level data)
2026-02-18 18:15:35,358 - root - INFO - Running discrete cell assignment: 956 spots, 18 markers, 9 cell types
2026-02-18 18:15:35,358 - root - INFO - Total nuclei: 4897, mean per spot: 5.12
2026-02-18 18:15:35,358 - root - INFO - Discrete cell assignment EM: 956 spots, 18 markers, 9 cell types
2026-02-18 18:15:35,358 - root - INFO - Total nuclei: 4897, mean per spot: 5.12
2026-02-18 18:15:35,359 - root - INFO - 
=== EM Iteration 1/10 ===
2026-02-18 18:15:35,359 - root - INFO - Global IQP: 956 spots x 9 cell types = 8604 integer variables
2026-02-18 18:15:35,359 - root - INFO - Time limit: 600.0s, MIP gap: 5.0%
2026-02-18 18:15:35,361 - gurobipy - INFO - Set parameter LicenseID to value 276015
2026-02-18 18:15:35,361 - gurobipy - INFO - Set parameter GURO_PAR_SPECIAL
2026-02-18 18:15:35,361 - gurobipy - INFO - Set parameter TokenServer to value "license.crc.pitt.edu"
2026-02-18 18:15:35,365 - gurobipy - INFO - Set parameter TimeLimit to value 600
2026-02-18 18:15:35,365 - gurobipy - INFO - Set parameter MIPGap to value 0.05
2026-02-18 18:15:36,186 - root - INFO - Starting global IQP optimization...
2026-02-18 18:15:36,186 - gurobipy - INFO - Gurobi Optimizer version 11.0.2 build v11.0.2rc0 (linux64 - "Red Hat Enterprise Linux 9.6 (Plow)")
2026-02-18 18:15:36,186 - gurobipy - INFO - 
2026-02-18 18:15:36,186 - gurobipy - INFO - CPU model: AMD EPYC 9575F 64-Core Processor, instruction set [SSE2|AVX|AVX2|AVX512]
2026-02-18 18:15:36,186 - gurobipy - INFO - Thread count: 128 physical cores, 128 logical processors, using up to 32 threads
2026-02-18 18:15:36,186 - gurobipy - INFO - 
2026-02-18 18:15:36,186 - gurobipy - INFO - Optimize a model with 1864 rows, 8604 columns and 16776 nonzeros
2026-02-18 18:15:36,186 - gurobipy - INFO - Model fingerprint: 0x497f120d
2026-02-18 18:15:36,186 - gurobipy - INFO - Model has 8604 quadratic objective terms
2026-02-18 18:15:36,186 - gurobipy - INFO - Variable types: 0 continuous, 8604 integer (0 binary)
2026-02-18 18:15:36,186 - gurobipy - INFO - Coefficient statistics:
2026-02-18 18:15:36,187 - gurobipy - INFO -   Matrix range     [1e+00, 1e+00]
2026-02-18 18:15:36,187 - gurobipy - INFO -   Objective range  [1e-02, 4e+00]
2026-02-18 18:15:36,187 - gurobipy - INFO -   QObjective range [4e+00, 4e+00]
2026-02-18 18:15:36,187 - gurobipy - INFO -   Bounds range     [1e+00, 2e+01]
2026-02-18 18:15:36,187 - gurobipy - INFO -   RHS range        [1e+00, 2e+01]
2026-02-18 18:15:36,187 - gurobipy - INFO - 
2026-02-18 18:15:36,187 - gurobipy - INFO - Loaded user MIP start with objective 9084.94
2026-02-18 18:15:36,187 - gurobipy - INFO - 
2026-02-18 18:15:41,738 - gurobipy - INFO - Presolve removed 1863 rows and 8595 columns (presolve time = 6s) ...
2026-02-18 18:15:41,738 - gurobipy - INFO - Presolve removed 1863 rows and 8595 columns
2026-02-18 18:15:41,738 - gurobipy - INFO - Presolve time: 5.55s
2026-02-18 18:15:41,738 - gurobipy - INFO - Presolved: 1 rows, 9 columns, 9 nonzeros
2026-02-18 18:15:41,738 - gurobipy - INFO - Presolved model has 9 quadratic objective terms
2026-02-18 18:15:41,738 - gurobipy - INFO - Found heuristic solution: objective 7319.5085748
2026-02-18 18:15:41,739 - gurobipy - INFO - Variable types: 0 continuous, 9 integer (0 binary)
2026-02-18 18:15:41,739 - gurobipy - INFO - 
2026-02-18 18:15:41,739 - gurobipy - INFO - Explored 0 nodes (0 simplex iterations) in 5.55 seconds (0.23 work units)
2026-02-18 18:15:41,739 - gurobipy - INFO - Thread count was 32 (of 128 available processors)
2026-02-18 18:15:41,739 - gurobipy - INFO - 
2026-02-18 18:15:41,739 - gurobipy - INFO - Solution count 2: 7319.51 9084.94 
2026-02-18 18:15:41,739 - gurobipy - INFO - 
2026-02-18 18:15:41,739 - gurobipy - INFO - Optimal solution found (tolerance 5.00e-02)
2026-02-18 18:15:41,739 - gurobipy - INFO - Best objective 7.319508574842e+03, best bound 7.308748115638e+03, gap 0.1470%
2026-02-18 18:15:41,750 - root - INFO - Global IQP solved: status=2, gap=0.15%, time=5.6s
/ix1/alee/LO_LAB/Personal/Alexander_Chang/alc376/CITEgeist/CITEgeist/model/gurobi_impl.py:3800: RuntimeWarning: invalid value encountered in scalar divide
  loss_change = abs(prev_loss - loss) / max(abs(prev_loss), 1e-10)
2026-02-18 18:15:42,017 - root - INFO -   Loss: 1506.3660 (change: nan)
2026-02-18 18:15:42,017 - root - INFO -   Beta range: [0.188, 0.284]
2026-02-18 18:15:42,017 - root - INFO -   Max beta change: 0.811681
2026-02-18 18:15:42,017 - root - INFO -   Cell count range: [0, 17]
2026-02-18 18:15:42,017 - root - INFO -     B-cells: 492 cells (10.0%)
2026-02-18 18:15:42,017 - root - INFO -     CAFs: 614 cells (12.5%)
2026-02-18 18:15:42,017 - root - INFO -     Cancer Epithelial: 686 cells (14.0%)
2026-02-18 18:15:42,017 - root - INFO -     Endothelial: 510 cells (10.4%)
2026-02-18 18:15:42,017 - root - INFO -     Myeloid: 502 cells (10.3%)
2026-02-18 18:15:42,017 - root - INFO -     Normal Epithelial: 523 cells (10.7%)
2026-02-18 18:15:42,017 - root - INFO -     PVL: 512 cells (10.5%)
2026-02-18 18:15:42,017 - root - INFO -     Plasmablasts: 579 cells (11.8%)
2026-02-18 18:15:42,017 - root - INFO -     T-cells: 479 cells (9.8%)
2026-02-18 18:15:42,017 - root - INFO - 
=== EM Iteration 2/10 ===
2026-02-18 18:15:42,017 - root - INFO - Global IQP: 956 spots x 9 cell types = 8604 integer variables
2026-02-18 18:15:42,017 - root - INFO - Time limit: 600.0s, MIP gap: 5.0%
2026-02-18 18:15:42,018 - gurobipy - INFO - Set parameter TimeLimit to value 600
2026-02-18 18:15:42,018 - gurobipy - INFO - Set parameter MIPGap to value 0.05
2026-02-18 18:15:42,850 - root - INFO - Starting global IQP optimization...
2026-02-18 18:15:42,850 - gurobipy - INFO - Gurobi Optimizer version 11.0.2 build v11.0.2rc0 (linux64 - "Red Hat Enterprise Linux 9.6 (Plow)")
2026-02-18 18:15:42,850 - gurobipy - INFO - 
2026-02-18 18:15:42,850 - gurobipy - INFO - CPU model: AMD EPYC 9575F 64-Core Processor, instruction set [SSE2|AVX|AVX2|AVX512]
2026-02-18 18:15:42,850 - gurobipy - INFO - Thread count: 128 physical cores, 128 logical processors, using up to 32 threads
2026-02-18 18:15:42,850 - gurobipy - INFO - 
2026-02-18 18:15:42,850 - gurobipy - INFO - Optimize a model with 1864 rows, 8604 columns and 16776 nonzeros
2026-02-18 18:15:42,851 - gurobipy - INFO - Model fingerprint: 0x771ee124
2026-02-18 18:15:42,851 - gurobipy - INFO - Model has 8604 quadratic objective terms
2026-02-18 18:15:42,851 - gurobipy - INFO - Variable types: 0 continuous, 8604 integer (0 binary)
2026-02-18 18:15:42,851 - gurobipy - INFO - Coefficient statistics:
2026-02-18 18:15:42,851 - gurobipy - INFO -   Matrix range     [1e+00, 1e+00]
2026-02-18 18:15:42,851 - gurobipy - INFO -   Objective range  [3e-03, 1e+00]
2026-02-18 18:15:42,851 - gurobipy - INFO -   QObjective range [2e-01, 3e-01]
2026-02-18 18:15:42,851 - gurobipy - INFO -   Bounds range     [1e+00, 2e+01]
2026-02-18 18:15:42,851 - gurobipy - INFO -   RHS range        [1e+00, 2e+01]
2026-02-18 18:15:42,851 - gurobipy - INFO - 
2026-02-18 18:15:42,851 - gurobipy - INFO - Loaded user MIP start with objective 1506.37
2026-02-18 18:15:42,851 - gurobipy - INFO - 
2026-02-18 18:15:46,172 - gurobipy - INFO - Presolve removed 1863 rows and 8595 columns
2026-02-18 18:15:46,172 - gurobipy - INFO - Presolve time: 3.32s
2026-02-18 18:15:46,172 - gurobipy - INFO - Presolved: 1 rows, 9 columns, 9 nonzeros
2026-02-18 18:15:46,172 - gurobipy - INFO - Presolved model has 9 quadratic objective terms
2026-02-18 18:15:46,173 - gurobipy - INFO - Found heuristic solution: objective 1333.8779366
2026-02-18 18:15:46,173 - gurobipy - INFO - Variable types: 0 continuous, 9 integer (0 binary)
2026-02-18 18:15:46,173 - gurobipy - INFO - 
2026-02-18 18:15:46,173 - gurobipy - INFO - Explored 0 nodes (0 simplex iterations) in 3.32 seconds (0.13 work units)
2026-02-18 18:15:46,173 - gurobipy - INFO - Thread count was 32 (of 128 available processors)
2026-02-18 18:15:46,173 - gurobipy - INFO - 
2026-02-18 18:15:46,173 - gurobipy - INFO - Solution count 2: 1333.88 1506.37 
2026-02-18 18:15:46,173 - gurobipy - INFO - 
2026-02-18 18:15:46,173 - gurobipy - INFO - Optimal solution found (tolerance 5.00e-02)
2026-02-18 18:15:46,173 - gurobipy - INFO - Best objective 1.333877936597e+03, best bound 1.331257374707e+03, gap 0.1965%
2026-02-18 18:15:46,182 - root - INFO - Global IQP solved: status=2, gap=0.20%, time=3.3s
2026-02-18 18:15:46,227 - root - INFO -   Loss: 1325.6963 (change: 0.119937)
2026-02-18 18:15:46,227 - root - INFO -   Beta range: [0.144, 0.293]
2026-02-18 18:15:46,227 - root - INFO -   Max beta change: 0.047850
2026-02-18 18:15:46,227 - root - INFO -   Cell count range: [0, 17]
2026-02-18 18:15:46,227 - root - INFO -     B-cells: 501 cells (10.2%)
2026-02-18 18:15:46,227 - root - INFO -     CAFs: 594 cells (12.1%)
2026-02-18 18:15:46,227 - root - INFO -     Cancer Epithelial: 671 cells (13.7%)
2026-02-18 18:15:46,227 - root - INFO -     Endothelial: 565 cells (11.5%)
2026-02-18 18:15:46,227 - root - INFO -     Myeloid: 506 cells (10.3%)
2026-02-18 18:15:46,227 - root - INFO -     Normal Epithelial: 540 cells (11.0%)
2026-02-18 18:15:46,227 - root - INFO -     PVL: 521 cells (10.6%)
2026-02-18 18:15:46,227 - root - INFO -     Plasmablasts: 547 cells (11.2%)
2026-02-18 18:15:46,227 - root - INFO -     T-cells: 452 cells (9.2%)
2026-02-18 18:15:46,227 - root - INFO - 
=== EM Iteration 3/10 ===
2026-02-18 18:15:46,227 - root - INFO - Global IQP: 956 spots x 9 cell types = 8604 integer variables
2026-02-18 18:15:46,227 - root - INFO - Time limit: 600.0s, MIP gap: 5.0%
2026-02-18 18:15:46,228 - gurobipy - INFO - Set parameter TimeLimit to value 600
2026-02-18 18:15:46,228 - gurobipy - INFO - Set parameter MIPGap to value 0.05
2026-02-18 18:15:46,811 - root - INFO - Starting global IQP optimization...
2026-02-18 18:15:46,811 - gurobipy - INFO - Gurobi Optimizer version 11.0.2 build v11.0.2rc0 (linux64 - "Red Hat Enterprise Linux 9.6 (Plow)")
2026-02-18 18:15:46,812 - gurobipy - INFO - 
2026-02-18 18:15:46,812 - gurobipy - INFO - CPU model: AMD EPYC 9575F 64-Core Processor, instruction set [SSE2|AVX|AVX2|AVX512]
2026-02-18 18:15:46,812 - gurobipy - INFO - Thread count: 128 physical cores, 128 logical processors, using up to 32 threads
2026-02-18 18:15:46,812 - gurobipy - INFO - 
2026-02-18 18:15:46,812 - gurobipy - INFO - Optimize a model with 1864 rows, 8604 columns and 16776 nonzeros
2026-02-18 18:15:46,812 - gurobipy - INFO - Model fingerprint: 0xb315c557
2026-02-18 18:15:46,812 - gurobipy - INFO - Model has 8604 quadratic objective terms
2026-02-18 18:15:46,812 - gurobipy - INFO - Variable types: 0 continuous, 8604 integer (0 binary)
2026-02-18 18:15:46,812 - gurobipy - INFO - Coefficient statistics:
2026-02-18 18:15:46,812 - gurobipy - INFO -   Matrix range     [1e+00, 1e+00]
2026-02-18 18:15:46,812 - gurobipy - INFO -   Objective range  [3e-03, 1e+00]
2026-02-18 18:15:46,812 - gurobipy - INFO -   QObjective range [1e-01, 3e-01]
2026-02-18 18:15:46,812 - gurobipy - INFO -   Bounds range     [1e+00, 2e+01]
2026-02-18 18:15:46,812 - gurobipy - INFO -   RHS range        [1e+00, 2e+01]
2026-02-18 18:15:46,812 - gurobipy - INFO - 
2026-02-18 18:15:46,812 - gurobipy - INFO - Loaded user MIP start with objective 1325.7
2026-02-18 18:15:46,812 - gurobipy - INFO - 
2026-02-18 18:15:49,907 - gurobipy - INFO - Presolve removed 1863 rows and 8595 columns
2026-02-18 18:15:49,907 - gurobipy - INFO - Presolve time: 3.09s
2026-02-18 18:15:49,907 - gurobipy - INFO - Presolved: 1 rows, 9 columns, 9 nonzeros
2026-02-18 18:15:49,907 - gurobipy - INFO - Presolved model has 9 quadratic objective terms
2026-02-18 18:15:49,907 - gurobipy - INFO - Found heuristic solution: objective 1318.2030085
2026-02-18 18:15:49,907 - gurobipy - INFO - Variable types: 0 continuous, 9 integer (0 binary)
2026-02-18 18:15:49,907 - gurobipy - INFO - 
2026-02-18 18:15:49,907 - gurobipy - INFO - Explored 0 nodes (0 simplex iterations) in 3.10 seconds (0.12 work units)
2026-02-18 18:15:49,907 - gurobipy - INFO - Thread count was 32 (of 128 available processors)
2026-02-18 18:15:49,907 - gurobipy - INFO - 
2026-02-18 18:15:49,907 - gurobipy - INFO - Solution count 2: 1318.2 1325.7 
2026-02-18 18:15:49,907 - gurobipy - INFO - 
2026-02-18 18:15:49,907 - gurobipy - INFO - Optimal solution found (tolerance 5.00e-02)
2026-02-18 18:15:49,907 - gurobipy - INFO - Best objective 1.318203008546e+03, best bound 1.315595898361e+03, gap 0.1978%
2026-02-18 18:15:49,918 - root - INFO - Global IQP solved: status=2, gap=0.20%, time=3.1s
2026-02-18 18:15:49,961 - root - INFO -   Loss: 1310.9044 (change: 0.011158)
2026-02-18 18:15:49,961 - root - INFO -   Beta range: [0.110, 0.315]
2026-02-18 18:15:49,961 - root - INFO -   Max beta change: 0.038503
2026-02-18 18:15:49,961 - root - INFO -   Cell count range: [0, 17]
2026-02-18 18:15:49,961 - root - INFO -     B-cells: 493 cells (10.1%)
2026-02-18 18:15:49,961 - root - INFO -     CAFs: 551 cells (11.3%)
2026-02-18 18:15:49,961 - root - INFO -     Cancer Epithelial: 617 cells (12.6%)
2026-02-18 18:15:49,961 - root - INFO -     Endothelial: 667 cells (13.6%)
2026-02-18 18:15:49,961 - root - INFO -     Myeloid: 477 cells (9.7%)
2026-02-18 18:15:49,961 - root - INFO -     Normal Epithelial: 574 cells (11.7%)
2026-02-18 18:15:49,961 - root - INFO -     PVL: 565 cells (11.5%)
2026-02-18 18:15:49,961 - root - INFO -     Plasmablasts: 536 cells (10.9%)
2026-02-18 18:15:49,961 - root - INFO -     T-cells: 417 cells (8.5%)
2026-02-18 18:15:49,961 - root - INFO - 
=== EM Iteration 4/10 ===
2026-02-18 18:15:49,961 - root - INFO - Global IQP: 956 spots x 9 cell types = 8604 integer variables
2026-02-18 18:15:49,961 - root - INFO - Time limit: 600.0s, MIP gap: 5.0%
2026-02-18 18:15:49,961 - gurobipy - INFO - Set parameter TimeLimit to value 600
2026-02-18 18:15:49,961 - gurobipy - INFO - Set parameter MIPGap to value 0.05
2026-02-18 18:15:50,738 - root - INFO - Starting global IQP optimization...
2026-02-18 18:15:50,739 - gurobipy - INFO - Gurobi Optimizer version 11.0.2 build v11.0.2rc0 (linux64 - "Red Hat Enterprise Linux 9.6 (Plow)")
2026-02-18 18:15:50,739 - gurobipy - INFO - 
2026-02-18 18:15:50,739 - gurobipy - INFO - CPU model: AMD EPYC 9575F 64-Core Processor, instruction set [SSE2|AVX|AVX2|AVX512]
2026-02-18 18:15:50,739 - gurobipy - INFO - Thread count: 128 physical cores, 128 logical processors, using up to 32 threads
2026-02-18 18:15:50,739 - gurobipy - INFO - 
2026-02-18 18:15:50,739 - gurobipy - INFO - Optimize a model with 1864 rows, 8604 columns and 16776 nonzeros
2026-02-18 18:15:50,739 - gurobipy - INFO - Model fingerprint: 0xe4ba9291
2026-02-18 18:15:50,739 - gurobipy - INFO - Model has 8604 quadratic objective terms
2026-02-18 18:15:50,739 - gurobipy - INFO - Variable types: 0 continuous, 8604 integer (0 binary)
2026-02-18 18:15:50,739 - gurobipy - INFO - Coefficient statistics:
2026-02-18 18:15:50,739 - gurobipy - INFO -   Matrix range     [1e+00, 1e+00]
2026-02-18 18:15:50,739 - gurobipy - INFO -   Objective range  [4e-03, 1e+00]
2026-02-18 18:15:50,739 - gurobipy - INFO -   QObjective range [6e-02, 4e-01]
2026-02-18 18:15:50,739 - gurobipy - INFO -   Bounds range     [1e+00, 2e+01]
2026-02-18 18:15:50,739 - gurobipy - INFO -   RHS range        [1e+00, 2e+01]
2026-02-18 18:15:50,739 - gurobipy - INFO - 
2026-02-18 18:15:50,739 - gurobipy - INFO - Loaded user MIP start with objective 1310.9
2026-02-18 18:15:50,739 - gurobipy - INFO - 
2026-02-18 18:15:53,395 - gurobipy - INFO - Presolve removed 1863 rows and 8595 columns
2026-02-18 18:15:53,395 - gurobipy - INFO - Presolve time: 2.66s
2026-02-18 18:15:53,395 - gurobipy - INFO - Presolved: 1 rows, 9 columns, 9 nonzeros
2026-02-18 18:15:53,395 - gurobipy - INFO - Presolved model has 9 quadratic objective terms
2026-02-18 18:15:53,395 - gurobipy - INFO - Found heuristic solution: objective 1302.5702982
2026-02-18 18:15:53,395 - gurobipy - INFO - Variable types: 0 continuous, 9 integer (0 binary)
2026-02-18 18:15:53,396 - gurobipy - INFO - 
2026-02-18 18:15:53,396 - gurobipy - INFO - Explored 0 nodes (0 simplex iterations) in 2.66 seconds (0.12 work units)
2026-02-18 18:15:53,396 - gurobipy - INFO - Thread count was 32 (of 128 available processors)
2026-02-18 18:15:53,396 - gurobipy - INFO - 
2026-02-18 18:15:53,396 - gurobipy - INFO - Solution count 2: 1302.57 1310.9 
2026-02-18 18:15:53,396 - gurobipy - INFO - 
2026-02-18 18:15:53,396 - gurobipy - INFO - Optimal solution found (tolerance 5.00e-02)
2026-02-18 18:15:53,396 - gurobipy - INFO - Best objective 1.302570298167e+03, best bound 1.299913000095e+03, gap 0.2040%
2026-02-18 18:15:53,405 - root - INFO - Global IQP solved: status=2, gap=0.20%, time=2.7s
2026-02-18 18:15:53,447 - root - INFO -   Loss: 1295.5116 (change: 0.011742)
2026-02-18 18:15:53,447 - root - INFO -   Beta range: [0.100, 0.338]
2026-02-18 18:15:53,447 - root - INFO -   Max beta change: 0.027172
2026-02-18 18:15:53,447 - root - INFO -   Cell count range: [0, 17]
2026-02-18 18:15:53,447 - root - INFO -     B-cells: 450 cells (9.2%)
2026-02-18 18:15:53,447 - root - INFO -     CAFs: 521 cells (10.6%)
2026-02-18 18:15:53,447 - root - INFO -     Cancer Epithelial: 579 cells (11.8%)
2026-02-18 18:15:53,447 - root - INFO -     Endothelial: 834 cells (17.0%)
2026-02-18 18:15:53,447 - root - INFO -     Myeloid: 422 cells (8.6%)
2026-02-18 18:15:53,447 - root - INFO -     Normal Epithelial: 594 cells (12.1%)
2026-02-18 18:15:53,447 - root - INFO -     PVL: 598 cells (12.2%)
2026-02-18 18:15:53,447 - root - INFO -     Plasmablasts: 524 cells (10.7%)
2026-02-18 18:15:53,447 - root - INFO -     T-cells: 375 cells (7.7%)
2026-02-18 18:15:53,447 - root - INFO - 
=== EM Iteration 5/10 ===
2026-02-18 18:15:53,447 - root - INFO - Global IQP: 956 spots x 9 cell types = 8604 integer variables
2026-02-18 18:15:53,447 - root - INFO - Time limit: 600.0s, MIP gap: 5.0%
2026-02-18 18:15:53,447 - gurobipy - INFO - Set parameter TimeLimit to value 600
2026-02-18 18:15:53,447 - gurobipy - INFO - Set parameter MIPGap to value 0.05
2026-02-18 18:15:54,215 - root - INFO - Starting global IQP optimization...
2026-02-18 18:15:54,215 - gurobipy - INFO - Gurobi Optimizer version 11.0.2 build v11.0.2rc0 (linux64 - "Red Hat Enterprise Linux 9.6 (Plow)")
2026-02-18 18:15:54,215 - gurobipy - INFO - 
2026-02-18 18:15:54,215 - gurobipy - INFO - CPU model: AMD EPYC 9575F 64-Core Processor, instruction set [SSE2|AVX|AVX2|AVX512]
2026-02-18 18:15:54,215 - gurobipy - INFO - Thread count: 128 physical cores, 128 logical processors, using up to 32 threads
2026-02-18 18:15:54,215 - gurobipy - INFO - 
2026-02-18 18:15:54,215 - gurobipy - INFO - Optimize a model with 1864 rows, 8604 columns and 16776 nonzeros
2026-02-18 18:15:54,215 - gurobipy - INFO - Model fingerprint: 0xe9f8fe1d
2026-02-18 18:15:54,215 - gurobipy - INFO - Model has 8604 quadratic objective terms
2026-02-18 18:15:54,215 - gurobipy - INFO - Variable types: 0 continuous, 8604 integer (0 binary)
2026-02-18 18:15:54,215 - gurobipy - INFO - Coefficient statistics:
2026-02-18 18:15:54,215 - gurobipy - INFO -   Matrix range     [1e+00, 1e+00]
2026-02-18 18:15:54,215 - gurobipy - INFO -   Objective range  [4e-03, 1e+00]
2026-02-18 18:15:54,215 - gurobipy - INFO -   QObjective range [4e-02, 4e-01]
2026-02-18 18:15:54,215 - gurobipy - INFO -   Bounds range     [1e+00, 2e+01]
2026-02-18 18:15:54,215 - gurobipy - INFO -   RHS range        [1e+00, 2e+01]
2026-02-18 18:15:54,215 - gurobipy - INFO - 
2026-02-18 18:15:54,216 - gurobipy - INFO - Loaded user MIP start with objective 1295.51
2026-02-18 18:15:54,216 - gurobipy - INFO - 
2026-02-18 18:15:57,409 - gurobipy - INFO - Presolve removed 1863 rows and 8595 columns
2026-02-18 18:15:57,409 - gurobipy - INFO - Presolve time: 3.19s
2026-02-18 18:15:57,409 - gurobipy - INFO - Presolved: 1 rows, 9 columns, 9 nonzeros
2026-02-18 18:15:57,409 - gurobipy - INFO - Presolved model has 9 quadratic objective terms
2026-02-18 18:15:57,409 - gurobipy - INFO - Found heuristic solution: objective 1289.1551299
2026-02-18 18:15:57,409 - gurobipy - INFO - Variable types: 0 continuous, 9 integer (0 binary)
2026-02-18 18:15:57,409 - gurobipy - INFO - 
2026-02-18 18:15:57,409 - gurobipy - INFO - Explored 0 nodes (0 simplex iterations) in 3.19 seconds (0.12 work units)
2026-02-18 18:15:57,409 - gurobipy - INFO - Thread count was 32 (of 128 available processors)
2026-02-18 18:15:57,409 - gurobipy - INFO - 
2026-02-18 18:15:57,409 - gurobipy - INFO - Solution count 2: 1289.16 1295.51 
2026-02-18 18:15:57,409 - gurobipy - INFO - 
2026-02-18 18:15:57,409 - gurobipy - INFO - Optimal solution found (tolerance 5.00e-02)
2026-02-18 18:15:57,410 - gurobipy - INFO - Best objective 1.289155129926e+03, best bound 1.286426863664e+03, gap 0.2116%
2026-02-18 18:15:57,421 - root - INFO - Global IQP solved: status=2, gap=0.21%, time=3.2s
2026-02-18 18:15:57,464 - root - INFO -   Loss: 1284.6948 (change: 0.008349)
2026-02-18 18:15:57,464 - root - INFO -   Beta range: [0.100, 0.366]
2026-02-18 18:15:57,464 - root - INFO -   Max beta change: 0.031062
2026-02-18 18:15:57,464 - root - INFO -   Cell count range: [0, 17]
2026-02-18 18:15:57,464 - root - INFO -     B-cells: 406 cells (8.3%)
2026-02-18 18:15:57,464 - root - INFO -     CAFs: 485 cells (9.9%)
2026-02-18 18:15:57,464 - root - INFO -     Cancer Epithelial: 523 cells (10.7%)
2026-02-18 18:15:57,464 - root - INFO -     Endothelial: 1000 cells (20.4%)
2026-02-18 18:15:57,464 - root - INFO -     Myeloid: 384 cells (7.8%)
2026-02-18 18:15:57,464 - root - INFO -     Normal Epithelial: 623 cells (12.7%)
2026-02-18 18:15:57,464 - root - INFO -     PVL: 635 cells (13.0%)
2026-02-18 18:15:57,464 - root - INFO -     Plasmablasts: 498 cells (10.2%)
2026-02-18 18:15:57,464 - root - INFO -     T-cells: 343 cells (7.0%)
2026-02-18 18:15:57,464 - root - INFO - 
=== EM Iteration 6/10 ===
2026-02-18 18:15:57,465 - root - INFO - Global IQP: 956 spots x 9 cell types = 8604 integer variables
2026-02-18 18:15:57,465 - root - INFO - Time limit: 600.0s, MIP gap: 5.0%
2026-02-18 18:15:57,465 - gurobipy - INFO - Set parameter TimeLimit to value 600
2026-02-18 18:15:57,465 - gurobipy - INFO - Set parameter MIPGap to value 0.05
2026-02-18 18:15:58,238 - root - INFO - Starting global IQP optimization...
2026-02-18 18:15:58,239 - gurobipy - INFO - Gurobi Optimizer version 11.0.2 build v11.0.2rc0 (linux64 - "Red Hat Enterprise Linux 9.6 (Plow)")
2026-02-18 18:15:58,239 - gurobipy - INFO - 
2026-02-18 18:15:58,239 - gurobipy - INFO - CPU model: AMD EPYC 9575F 64-Core Processor, instruction set [SSE2|AVX|AVX2|AVX512]
2026-02-18 18:15:58,239 - gurobipy - INFO - Thread count: 128 physical cores, 128 logical processors, using up to 32 threads
2026-02-18 18:15:58,239 - gurobipy - INFO - 
2026-02-18 18:15:58,239 - gurobipy - INFO - Optimize a model with 1864 rows, 8604 columns and 16776 nonzeros
2026-02-18 18:15:58,239 - gurobipy - INFO - Model fingerprint: 0xf2eb16cb
2026-02-18 18:15:58,239 - gurobipy - INFO - Model has 8604 quadratic objective terms
2026-02-18 18:15:58,239 - gurobipy - INFO - Variable types: 0 continuous, 8604 integer (0 binary)
2026-02-18 18:15:58,239 - gurobipy - INFO - Coefficient statistics:
2026-02-18 18:15:58,239 - gurobipy - INFO -   Matrix range     [1e+00, 1e+00]
2026-02-18 18:15:58,239 - gurobipy - INFO -   Objective range  [4e-03, 1e+00]
2026-02-18 18:15:58,239 - gurobipy - INFO -   QObjective range [4e-02, 5e-01]
2026-02-18 18:15:58,239 - gurobipy - INFO -   Bounds range     [1e+00, 2e+01]
2026-02-18 18:15:58,239 - gurobipy - INFO -   RHS range        [1e+00, 2e+01]
2026-02-18 18:15:58,239 - gurobipy - INFO - 
2026-02-18 18:15:58,239 - gurobipy - INFO - Loaded user MIP start with objective 1284.69
2026-02-18 18:15:58,239 - gurobipy - INFO - 
2026-02-18 18:16:01,015 - gurobipy - INFO - Presolve removed 1863 rows and 8595 columns
2026-02-18 18:16:01,015 - gurobipy - INFO - Presolve time: 2.78s
2026-02-18 18:16:01,015 - gurobipy - INFO - Presolved: 1 rows, 9 columns, 9 nonzeros
2026-02-18 18:16:01,015 - gurobipy - INFO - Presolved model has 9 quadratic objective terms
2026-02-18 18:16:01,015 - gurobipy - INFO - Found heuristic solution: objective 1280.3920117
2026-02-18 18:16:01,015 - gurobipy - INFO - Variable types: 0 continuous, 9 integer (0 binary)
2026-02-18 18:16:01,015 - gurobipy - INFO - 
2026-02-18 18:16:01,015 - gurobipy - INFO - Explored 0 nodes (0 simplex iterations) in 2.78 seconds (0.12 work units)
2026-02-18 18:16:01,015 - gurobipy - INFO - Thread count was 32 (of 128 available processors)
2026-02-18 18:16:01,015 - gurobipy - INFO - 
2026-02-18 18:16:01,015 - gurobipy - INFO - Solution count 2: 1280.39 1284.69 
2026-02-18 18:16:01,015 - gurobipy - INFO - 
2026-02-18 18:16:01,015 - gurobipy - INFO - Optimal solution found (tolerance 5.00e-02)
2026-02-18 18:16:01,015 - gurobipy - INFO - Best objective 1.280392011663e+03, best bound 1.277586840141e+03, gap 0.2191%
2026-02-18 18:16:01,025 - root - INFO - Global IQP solved: status=2, gap=0.22%, time=2.8s
2026-02-18 18:16:01,069 - root - INFO -   Loss: 1275.8469 (change: 0.006887)
2026-02-18 18:16:01,069 - root - INFO -   Beta range: [0.100, 0.399]
2026-02-18 18:16:01,069 - root - INFO -   Max beta change: 0.033577
2026-02-18 18:16:01,069 - root - INFO -   Cell count range: [0, 17]
2026-02-18 18:16:01,069 - root - INFO -     B-cells: 377 cells (7.7%)
2026-02-18 18:16:01,069 - root - INFO -     CAFs: 470 cells (9.6%)
2026-02-18 18:16:01,069 - root - INFO -     Cancer Epithelial: 489 cells (10.0%)
2026-02-18 18:16:01,069 - root - INFO -     Endothelial: 1035 cells (21.1%)
2026-02-18 18:16:01,069 - root - INFO -     Myeloid: 354 cells (7.2%)
2026-02-18 18:16:01,069 - root - INFO -     Normal Epithelial: 674 cells (13.8%)
2026-02-18 18:16:01,069 - root - INFO -     PVL: 716 cells (14.6%)
2026-02-18 18:16:01,069 - root - INFO -     Plasmablasts: 473 cells (9.7%)
2026-02-18 18:16:01,069 - root - INFO -     T-cells: 309 cells (6.3%)
2026-02-18 18:16:01,069 - root - INFO - 
=== EM Iteration 7/10 ===
2026-02-18 18:16:01,069 - root - INFO - Global IQP: 956 spots x 9 cell types = 8604 integer variables
2026-02-18 18:16:01,069 - root - INFO - Time limit: 600.0s, MIP gap: 5.0%
2026-02-18 18:16:01,069 - gurobipy - INFO - Set parameter TimeLimit to value 600
2026-02-18 18:16:01,069 - gurobipy - INFO - Set parameter MIPGap to value 0.05
2026-02-18 18:16:01,858 - root - INFO - Starting global IQP optimization...
2026-02-18 18:16:01,859 - gurobipy - INFO - Gurobi Optimizer version 11.0.2 build v11.0.2rc0 (linux64 - "Red Hat Enterprise Linux 9.6 (Plow)")
2026-02-18 18:16:01,859 - gurobipy - INFO - 
2026-02-18 18:16:01,859 - gurobipy - INFO - CPU model: AMD EPYC 9575F 64-Core Processor, instruction set [SSE2|AVX|AVX2|AVX512]
2026-02-18 18:16:01,859 - gurobipy - INFO - Thread count: 128 physical cores, 128 logical processors, using up to 32 threads
2026-02-18 18:16:01,859 - gurobipy - INFO - 
2026-02-18 18:16:01,859 - gurobipy - INFO - Optimize a model with 1864 rows, 8604 columns and 16776 nonzeros
2026-02-18 18:16:01,859 - gurobipy - INFO - Model fingerprint: 0x9141e38c
2026-02-18 18:16:01,859 - gurobipy - INFO - Model has 8604 quadratic objective terms
2026-02-18 18:16:01,859 - gurobipy - INFO - Variable types: 0 continuous, 8604 integer (0 binary)
2026-02-18 18:16:01,859 - gurobipy - INFO - Coefficient statistics:
2026-02-18 18:16:01,859 - gurobipy - INFO -   Matrix range     [1e+00, 1e+00]
2026-02-18 18:16:01,859 - gurobipy - INFO -   Objective range  [4e-03, 2e+00]
2026-02-18 18:16:01,859 - gurobipy - INFO -   QObjective range [4e-02, 6e-01]
2026-02-18 18:16:01,859 - gurobipy - INFO -   Bounds range     [1e+00, 2e+01]
2026-02-18 18:16:01,859 - gurobipy - INFO -   RHS range        [1e+00, 2e+01]
2026-02-18 18:16:01,859 - gurobipy - INFO - 
2026-02-18 18:16:01,859 - gurobipy - INFO - Loaded user MIP start with objective 1275.85
2026-02-18 18:16:01,859 - gurobipy - INFO - 
2026-02-18 18:16:04,519 - gurobipy - INFO - Presolve removed 1863 rows and 8595 columns
2026-02-18 18:16:04,519 - gurobipy - INFO - Presolve time: 2.66s
2026-02-18 18:16:04,519 - gurobipy - INFO - Presolved: 1 rows, 9 columns, 9 nonzeros
2026-02-18 18:16:04,519 - gurobipy - INFO - Presolved model has 9 quadratic objective terms
2026-02-18 18:16:04,520 - gurobipy - INFO - Found heuristic solution: objective 1271.3761456
2026-02-18 18:16:04,520 - gurobipy - INFO - Variable types: 0 continuous, 9 integer (0 binary)
2026-02-18 18:16:04,520 - gurobipy - INFO - 
2026-02-18 18:16:04,520 - gurobipy - INFO - Explored 0 nodes (0 simplex iterations) in 2.66 seconds (0.12 work units)
2026-02-18 18:16:04,520 - gurobipy - INFO - Thread count was 32 (of 128 available processors)
2026-02-18 18:16:04,520 - gurobipy - INFO - 
2026-02-18 18:16:04,520 - gurobipy - INFO - Solution count 2: 1271.38 1275.85 
2026-02-18 18:16:04,520 - gurobipy - INFO - 
2026-02-18 18:16:04,520 - gurobipy - INFO - Optimal solution found (tolerance 5.00e-02)
2026-02-18 18:16:04,520 - gurobipy - INFO - Best objective 1.271376145629e+03, best bound 1.268524619794e+03, gap 0.2243%
2026-02-18 18:16:04,531 - root - INFO - Global IQP solved: status=2, gap=0.22%, time=2.7s
2026-02-18 18:16:04,575 - root - INFO -   Loss: 1267.0027 (change: 0.006932)
2026-02-18 18:16:04,575 - root - INFO -   Beta range: [0.100, 0.429]
2026-02-18 18:16:04,575 - root - INFO -   Max beta change: 0.029383
2026-02-18 18:16:04,575 - root - INFO -   Cell count range: [0, 17]
2026-02-18 18:16:04,575 - root - INFO -     B-cells: 336 cells (6.9%)
2026-02-18 18:16:04,575 - root - INFO -     CAFs: 448 cells (9.1%)
2026-02-18 18:16:04,575 - root - INFO -     Cancer Epithelial: 458 cells (9.4%)
2026-02-18 18:16:04,575 - root - INFO -     Endothelial: 1030 cells (21.0%)
2026-02-18 18:16:04,575 - root - INFO -     Myeloid: 325 cells (6.6%)
2026-02-18 18:16:04,575 - root - INFO -     Normal Epithelial: 721 cells (14.7%)
2026-02-18 18:16:04,575 - root - INFO -     PVL: 832 cells (17.0%)
2026-02-18 18:16:04,575 - root - INFO -     Plasmablasts: 459 cells (9.4%)
2026-02-18 18:16:04,575 - root - INFO -     T-cells: 288 cells (5.9%)
2026-02-18 18:16:04,575 - root - INFO - 
=== EM Iteration 8/10 ===
2026-02-18 18:16:04,575 - root - INFO - Global IQP: 956 spots x 9 cell types = 8604 integer variables
2026-02-18 18:16:04,575 - root - INFO - Time limit: 600.0s, MIP gap: 5.0%
2026-02-18 18:16:04,576 - gurobipy - INFO - Set parameter TimeLimit to value 600
2026-02-18 18:16:04,576 - gurobipy - INFO - Set parameter MIPGap to value 0.05
2026-02-18 18:16:05,372 - root - INFO - Starting global IQP optimization...
2026-02-18 18:16:05,547 - gurobipy - INFO - Gurobi Optimizer version 11.0.2 build v11.0.2rc0 (linux64 - "Red Hat Enterprise Linux 9.6 (Plow)")
2026-02-18 18:16:05,547 - gurobipy - INFO - 
2026-02-18 18:16:05,547 - gurobipy - INFO - CPU model: AMD EPYC 9575F 64-Core Processor, instruction set [SSE2|AVX|AVX2|AVX512]
2026-02-18 18:16:05,547 - gurobipy - INFO - Thread count: 128 physical cores, 128 logical processors, using up to 32 threads
2026-02-18 18:16:05,547 - gurobipy - INFO - 
2026-02-18 18:16:05,547 - gurobipy - INFO - Optimize a model with 1864 rows, 8604 columns and 16776 nonzeros
2026-02-18 18:16:05,548 - gurobipy - INFO - Model fingerprint: 0x21740f3d
2026-02-18 18:16:05,548 - gurobipy - INFO - Model has 8604 quadratic objective terms
2026-02-18 18:16:05,548 - gurobipy - INFO - Variable types: 0 continuous, 8604 integer (0 binary)
2026-02-18 18:16:05,548 - gurobipy - INFO - Coefficient statistics:
2026-02-18 18:16:05,548 - gurobipy - INFO -   Matrix range     [1e+00, 1e+00]
2026-02-18 18:16:05,548 - gurobipy - INFO -   Objective range  [4e-03, 2e+00]
2026-02-18 18:16:05,548 - gurobipy - INFO -   QObjective range [4e-02, 7e-01]
2026-02-18 18:16:05,548 - gurobipy - INFO -   Bounds range     [1e+00, 2e+01]
2026-02-18 18:16:05,548 - gurobipy - INFO -   RHS range        [1e+00, 2e+01]
2026-02-18 18:16:05,548 - gurobipy - INFO - 
2026-02-18 18:16:05,548 - gurobipy - INFO - Loaded user MIP start with objective 1267
2026-02-18 18:16:05,548 - gurobipy - INFO - 
2026-02-18 18:16:08,347 - gurobipy - INFO - Presolve removed 1863 rows and 8595 columns
2026-02-18 18:16:08,347 - gurobipy - INFO - Presolve time: 2.80s
2026-02-18 18:16:08,347 - gurobipy - INFO - Presolved: 1 rows, 9 columns, 9 nonzeros
2026-02-18 18:16:08,347 - gurobipy - INFO - Presolved model has 9 quadratic objective terms
2026-02-18 18:16:08,347 - gurobipy - INFO - Found heuristic solution: objective 1262.0043156
2026-02-18 18:16:08,347 - gurobipy - INFO - Variable types: 0 continuous, 9 integer (0 binary)
2026-02-18 18:16:08,348 - gurobipy - INFO - 
2026-02-18 18:16:08,348 - gurobipy - INFO - Explored 0 nodes (0 simplex iterations) in 2.80 seconds (0.11 work units)
2026-02-18 18:16:08,348 - gurobipy - INFO - Thread count was 32 (of 128 available processors)
2026-02-18 18:16:08,348 - gurobipy - INFO - 
2026-02-18 18:16:08,348 - gurobipy - INFO - Solution count 2: 1262 1267 
2026-02-18 18:16:08,348 - gurobipy - INFO - 
2026-02-18 18:16:08,348 - gurobipy - INFO - Optimal solution found (tolerance 5.00e-02)
2026-02-18 18:16:08,348 - gurobipy - INFO - Best objective 1.262004315628e+03, best bound 1.259082097445e+03, gap 0.2316%
2026-02-18 18:16:08,358 - root - INFO - Global IQP solved: status=2, gap=0.23%, time=2.8s
2026-02-18 18:16:08,399 - root - INFO -   Loss: 1256.2511 (change: 0.008486)
2026-02-18 18:16:08,399 - root - INFO -   Beta range: [0.100, 0.463]
2026-02-18 18:16:08,399 - root - INFO -   Max beta change: 0.034624
2026-02-18 18:16:08,399 - root - INFO -   Cell count range: [0, 17]
2026-02-18 18:16:08,399 - root - INFO -     B-cells: 309 cells (6.3%)
2026-02-18 18:16:08,399 - root - INFO -     CAFs: 426 cells (8.7%)
2026-02-18 18:16:08,399 - root - INFO -     Cancer Epithelial: 428 cells (8.7%)
2026-02-18 18:16:08,399 - root - INFO -     Endothelial: 1002 cells (20.5%)
2026-02-18 18:16:08,399 - root - INFO -     Myeloid: 300 cells (6.1%)
2026-02-18 18:16:08,399 - root - INFO -     Normal Epithelial: 765 cells (15.6%)
2026-02-18 18:16:08,399 - root - INFO -     PVL: 976 cells (19.9%)
2026-02-18 18:16:08,399 - root - INFO -     Plasmablasts: 427 cells (8.7%)
2026-02-18 18:16:08,399 - root - INFO -     T-cells: 264 cells (5.4%)
2026-02-18 18:16:08,399 - root - INFO - 
=== EM Iteration 9/10 ===
2026-02-18 18:16:08,399 - root - INFO - Global IQP: 956 spots x 9 cell types = 8604 integer variables
2026-02-18 18:16:08,399 - root - INFO - Time limit: 600.0s, MIP gap: 5.0%
2026-02-18 18:16:08,399 - gurobipy - INFO - Set parameter TimeLimit to value 600
2026-02-18 18:16:08,399 - gurobipy - INFO - Set parameter MIPGap to value 0.05
2026-02-18 18:16:09,187 - root - INFO - Starting global IQP optimization...
2026-02-18 18:16:09,188 - gurobipy - INFO - Gurobi Optimizer version 11.0.2 build v11.0.2rc0 (linux64 - "Red Hat Enterprise Linux 9.6 (Plow)")
2026-02-18 18:16:09,188 - gurobipy - INFO - 
2026-02-18 18:16:09,188 - gurobipy - INFO - CPU model: AMD EPYC 9575F 64-Core Processor, instruction set [SSE2|AVX|AVX2|AVX512]
2026-02-18 18:16:09,188 - gurobipy - INFO - Thread count: 128 physical cores, 128 logical processors, using up to 32 threads
2026-02-18 18:16:09,188 - gurobipy - INFO - 
2026-02-18 18:16:09,188 - gurobipy - INFO - Optimize a model with 1864 rows, 8604 columns and 16776 nonzeros
2026-02-18 18:16:09,188 - gurobipy - INFO - Model fingerprint: 0x86ed0adb
2026-02-18 18:16:09,188 - gurobipy - INFO - Model has 8604 quadratic objective terms
2026-02-18 18:16:09,188 - gurobipy - INFO - Variable types: 0 continuous, 8604 integer (0 binary)
2026-02-18 18:16:09,188 - gurobipy - INFO - Coefficient statistics:
2026-02-18 18:16:09,188 - gurobipy - INFO -   Matrix range     [1e+00, 1e+00]
2026-02-18 18:16:09,188 - gurobipy - INFO -   Objective range  [2e-03, 2e+00]
2026-02-18 18:16:09,188 - gurobipy - INFO -   QObjective range [4e-02, 8e-01]
2026-02-18 18:16:09,188 - gurobipy - INFO -   Bounds range     [1e+00, 2e+01]
2026-02-18 18:16:09,188 - gurobipy - INFO -   RHS range        [1e+00, 2e+01]
2026-02-18 18:16:09,188 - gurobipy - INFO - 
2026-02-18 18:16:09,188 - gurobipy - INFO - Loaded user MIP start with objective 1256.25
2026-02-18 18:16:09,188 - gurobipy - INFO - 
2026-02-18 18:16:12,486 - gurobipy - INFO - Presolve removed 1863 rows and 8595 columns
2026-02-18 18:16:12,486 - gurobipy - INFO - Presolve time: 3.30s
2026-02-18 18:16:12,486 - gurobipy - INFO - Presolved: 1 rows, 9 columns, 9 nonzeros
2026-02-18 18:16:12,486 - gurobipy - INFO - Presolved model has 9 quadratic objective terms
2026-02-18 18:16:12,487 - gurobipy - INFO - Found heuristic solution: objective 1253.7577311
2026-02-18 18:16:12,487 - gurobipy - INFO - Variable types: 0 continuous, 9 integer (0 binary)
2026-02-18 18:16:12,487 - gurobipy - INFO - 
2026-02-18 18:16:12,487 - gurobipy - INFO - Explored 0 nodes (0 simplex iterations) in 3.30 seconds (0.11 work units)
2026-02-18 18:16:12,487 - gurobipy - INFO - Thread count was 32 (of 128 available processors)
2026-02-18 18:16:12,487 - gurobipy - INFO - 
2026-02-18 18:16:12,487 - gurobipy - INFO - Solution count 2: 1253.76 1256.25 
2026-02-18 18:16:12,487 - gurobipy - INFO - 
2026-02-18 18:16:12,487 - gurobipy - INFO - Optimal solution found (tolerance 5.00e-02)
2026-02-18 18:16:12,487 - gurobipy - INFO - Best objective 1.253757731109e+03, best bound 1.250729996122e+03, gap 0.2415%
2026-02-18 18:16:12,498 - root - INFO - Global IQP solved: status=2, gap=0.24%, time=3.3s
2026-02-18 18:16:12,543 - root - INFO -   Loss: 1248.2529 (change: 0.006367)
2026-02-18 18:16:12,544 - root - INFO -   Beta range: [0.100, 0.482]
2026-02-18 18:16:12,544 - root - INFO -   Max beta change: 0.026643
2026-02-18 18:16:12,544 - root - INFO -   Cell count range: [0, 17]
2026-02-18 18:16:12,544 - root - INFO -     B-cells: 285 cells (5.8%)
2026-02-18 18:16:12,544 - root - INFO -     CAFs: 414 cells (8.5%)
2026-02-18 18:16:12,544 - root - INFO -     Cancer Epithelial: 414 cells (8.5%)
2026-02-18 18:16:12,544 - root - INFO -     Endothelial: 1012 cells (20.7%)
2026-02-18 18:16:12,544 - root - INFO -     Myeloid: 279 cells (5.7%)
2026-02-18 18:16:12,544 - root - INFO -     Normal Epithelial: 818 cells (16.7%)
2026-02-18 18:16:12,544 - root - INFO -     PVL: 1029 cells (21.0%)
2026-02-18 18:16:12,544 - root - INFO -     Plasmablasts: 395 cells (8.1%)
2026-02-18 18:16:12,544 - root - INFO -     T-cells: 251 cells (5.1%)
2026-02-18 18:16:12,544 - root - INFO - 
=== EM Iteration 10/10 ===
2026-02-18 18:16:12,544 - root - INFO - Global IQP: 956 spots x 9 cell types = 8604 integer variables
2026-02-18 18:16:12,544 - root - INFO - Time limit: 600.0s, MIP gap: 5.0%
2026-02-18 18:16:12,544 - gurobipy - INFO - Set parameter TimeLimit to value 600
2026-02-18 18:16:12,544 - gurobipy - INFO - Set parameter MIPGap to value 0.05
2026-02-18 18:16:13,389 - root - INFO - Starting global IQP optimization...
2026-02-18 18:16:13,390 - gurobipy - INFO - Gurobi Optimizer version 11.0.2 build v11.0.2rc0 (linux64 - "Red Hat Enterprise Linux 9.6 (Plow)")
2026-02-18 18:16:13,390 - gurobipy - INFO - 
2026-02-18 18:16:13,390 - gurobipy - INFO - CPU model: AMD EPYC 9575F 64-Core Processor, instruction set [SSE2|AVX|AVX2|AVX512]
2026-02-18 18:16:13,390 - gurobipy - INFO - Thread count: 128 physical cores, 128 logical processors, using up to 32 threads
2026-02-18 18:16:13,390 - gurobipy - INFO - 
2026-02-18 18:16:13,390 - gurobipy - INFO - Optimize a model with 1864 rows, 8604 columns and 16776 nonzeros
2026-02-18 18:16:13,390 - gurobipy - INFO - Model fingerprint: 0x0d99a0bb
2026-02-18 18:16:13,390 - gurobipy - INFO - Model has 8604 quadratic objective terms
2026-02-18 18:16:13,390 - gurobipy - INFO - Variable types: 0 continuous, 8604 integer (0 binary)
2026-02-18 18:16:13,390 - gurobipy - INFO - Coefficient statistics:
2026-02-18 18:16:13,390 - gurobipy - INFO -   Matrix range     [1e+00, 1e+00]
2026-02-18 18:16:13,390 - gurobipy - INFO -   Objective range  [6e-04, 2e+00]
2026-02-18 18:16:13,390 - gurobipy - INFO -   QObjective range [4e-02, 9e-01]
2026-02-18 18:16:13,390 - gurobipy - INFO -   Bounds range     [1e+00, 2e+01]
2026-02-18 18:16:13,390 - gurobipy - INFO -   RHS range        [1e+00, 2e+01]
2026-02-18 18:16:13,390 - gurobipy - INFO - 
2026-02-18 18:16:13,390 - gurobipy - INFO - Loaded user MIP start with objective 1248.25
2026-02-18 18:16:13,390 - gurobipy - INFO - 
2026-02-18 18:16:16,118 - gurobipy - INFO - Presolve removed 1863 rows and 8595 columns
2026-02-18 18:16:16,118 - gurobipy - INFO - Presolve time: 2.73s
2026-02-18 18:16:16,118 - gurobipy - INFO - Presolved: 1 rows, 9 columns, 9 nonzeros
2026-02-18 18:16:16,118 - gurobipy - INFO - Presolved model has 9 quadratic objective terms
2026-02-18 18:16:16,118 - gurobipy - INFO - Found heuristic solution: objective 1246.7946737
2026-02-18 18:16:16,118 - gurobipy - INFO - Variable types: 0 continuous, 9 integer (0 binary)
2026-02-18 18:16:16,119 - gurobipy - INFO - 
2026-02-18 18:16:16,119 - gurobipy - INFO - Explored 0 nodes (0 simplex iterations) in 2.73 seconds (0.11 work units)
2026-02-18 18:16:16,119 - gurobipy - INFO - Thread count was 32 (of 128 available processors)
2026-02-18 18:16:16,119 - gurobipy - INFO - 
2026-02-18 18:16:16,119 - gurobipy - INFO - Solution count 2: 1246.79 1248.25 
2026-02-18 18:16:16,119 - gurobipy - INFO - 
2026-02-18 18:16:16,119 - gurobipy - INFO - Optimal solution found (tolerance 5.00e-02)
2026-02-18 18:16:16,119 - gurobipy - INFO - Best objective 1.246794673716e+03, best bound 1.243698538864e+03, gap 0.2483%
2026-02-18 18:16:16,128 - root - INFO - Global IQP solved: status=2, gap=0.25%, time=2.7s
2026-02-18 18:16:16,173 - root - INFO -   Loss: 1247.8202 (change: 0.000347)
2026-02-18 18:16:16,173 - root - INFO -   Beta range: [0.100, 0.489]
2026-02-18 18:16:16,173 - root - INFO -   Max beta change: 0.026043
2026-02-18 18:16:16,173 - root - INFO -   Cell count range: [0, 17]
2026-02-18 18:16:16,173 - root - INFO -     B-cells: 251 cells (5.1%)
2026-02-18 18:16:16,173 - root - INFO -     CAFs: 406 cells (8.3%)
2026-02-18 18:16:16,173 - root - INFO -     Cancer Epithelial: 408 cells (8.3%)
2026-02-18 18:16:16,173 - root - INFO -     Endothelial: 1016 cells (20.7%)
2026-02-18 18:16:16,173 - root - INFO -     Myeloid: 269 cells (5.5%)
2026-02-18 18:16:16,173 - root - INFO -     Normal Epithelial: 878 cells (17.9%)
2026-02-18 18:16:16,173 - root - INFO -     PVL: 1036 cells (21.2%)
2026-02-18 18:16:16,173 - root - INFO -     Plasmablasts: 387 cells (7.9%)
2026-02-18 18:16:16,173 - root - INFO -     T-cells: 246 cells (5.0%)
2026-02-18 18:16:16,173 - root - INFO - 
Final beta values:
2026-02-18 18:16:16,173 - root - INFO -   B-cells_Protein_1: β=0.345, α=0.026
2026-02-18 18:16:16,173 - root - INFO -   B-cells_Protein_2: β=0.365, α=0.000
2026-02-18 18:16:16,173 - root - INFO -   CAFs_Protein_1: β=0.348, α=0.000
2026-02-18 18:16:16,173 - root - INFO -   CAFs_Protein_2: β=0.357, α=0.000
2026-02-18 18:16:16,173 - root - INFO -   Cancer Epithelial_Protein_1: β=0.432, α=0.000
2026-02-18 18:16:16,173 - root - INFO -   Cancer Epithelial_Protein_2: β=0.434, α=0.000
2026-02-18 18:16:16,173 - root - INFO -   Endothelial_Protein_1: β=0.100, α=0.000
2026-02-18 18:16:16,173 - root - INFO -   Endothelial_Protein_2: β=0.100, α=0.000
2026-02-18 18:16:16,173 - root - INFO -   Myeloid_Protein_1: β=0.425, α=0.000
2026-02-18 18:16:16,173 - root - INFO -   Myeloid_Protein_2: β=0.451, α=0.000
2026-02-18 18:16:16,173 - root - INFO -   Normal Epithelial_Protein_1: β=0.136, α=0.000
2026-02-18 18:16:16,173 - root - INFO -   Normal Epithelial_Protein_2: β=0.100, α=0.000
2026-02-18 18:16:16,173 - root - INFO -   PVL_Protein_1: β=0.100, α=0.000
2026-02-18 18:16:16,173 - root - INFO -   PVL_Protein_2: β=0.100, α=0.000
2026-02-18 18:16:16,173 - root - INFO -   Plasmablasts_Protein_1: β=0.286, α=0.000
2026-02-18 18:16:16,173 - root - INFO -   Plasmablasts_Protein_2: β=0.379, α=0.000
2026-02-18 18:16:16,173 - root - INFO -   T-cells_Protein_1: β=0.452, α=0.000
2026-02-18 18:16:16,173 - root - INFO -   T-cells_Protein_2: β=0.489, α=0.000
2026-02-18 18:16:17,074 - root - INFO - Saved discrete cell counts to Benchmarking/simulation_benchmarking/CITEgeist/output_discrete_per_cell/mixed/dapi/mixed/dapi/Wu_rep_3/Wu_rep_3_discrete_cell_counts.csv
2026-02-18 18:16:17,081 - root - INFO - Saved derived proportions to Benchmarking/simulation_benchmarking/CITEgeist/output_discrete_per_cell/mixed/dapi/mixed/dapi/Wu_rep_3/Wu_rep_3_cell_prop_discrete.csv
2026-02-18 18:16:17,081 - root - INFO - Cell type distribution:
2026-02-18 18:16:17,081 - root - INFO -   B-cells: 251 cells (5.1%)
2026-02-18 18:16:17,081 - root - INFO -   CAFs: 406 cells (8.3%)
2026-02-18 18:16:17,081 - root - INFO -   Cancer Epithelial: 408 cells (8.3%)
2026-02-18 18:16:17,081 - root - INFO -   Endothelial: 1016 cells (20.7%)
2026-02-18 18:16:17,081 - root - INFO -   Myeloid: 269 cells (5.5%)
2026-02-18 18:16:17,081 - root - INFO -   Normal Epithelial: 878 cells (17.9%)
2026-02-18 18:16:17,081 - root - INFO -   PVL: 1036 cells (21.2%)
2026-02-18 18:16:17,081 - root - INFO -   Plasmablasts: 387 cells (7.9%)
2026-02-18 18:16:17,081 - root - INFO -   T-cells: 246 cells (5.0%)
2026-02-18 18:16:17,109 - __main__ - INFO - Loaded ground truth proportions: 956 spots, 9 cell types
2026-02-18 18:16:17,110 - __main__ - INFO - Proportion correlation: 0.298
2026-02-18 18:16:17,110 - __main__ - INFO - Proportion RMSE: 0.2296
2026-02-18 18:16:17,110 - __main__ - INFO - Running GEX deconvolution...
2026-02-18 18:16:17,110 - CITEgeist.model.utils - INFO - Detected spot spacing: 1.61 units (median of 956 nearest-neighbor distances)
2026-02-18 18:16:17,110 - CITEgeist.model.utils - INFO - Computed optimal radius: 4.92 (3.0 rings, spot_spacing=1.61)
2026-02-18 18:16:17,110 - root - INFO - Auto-detected radius: 4.92 (3 rings)
2026-02-18 18:16:17,110 - root - INFO - Starting Pass 1: Error minimization with enrichment weights...
2026-02-18 18:16:17,110 - root - INFO - Using discrete mode: cell counts as fixed multipliers
2026-02-18 18:16:17,110 - root - WARNING - Found 24 spots with zero cells. These will be skipped in deconvolution.
2026-02-18 18:16:17,111 - root - WARNING - Found 24 spots with zero or negligible total cell proportions. Deconvolution for these spots may fail and their profiles will be imputed as zeros. Example spot indices: [ 40  41  45 150 212]
2026-02-18 18:16:17,111 - root - INFO - Starting analysis for Wu_rep_3
2026-02-18 18:16:17,111 - root - INFO - Already completed spots: 0
2026-02-18 18:16:17,111 - root - INFO - Using enrichment weights - Global: 0.5, Local: 0.5
2026-02-18 18:16:17,111 - root - INFO - Using 128 workers
2026-02-18 18:16:17,111 - root - INFO - Processing 956 remaining spots
Deconvoluting Remaining Spots:   0%|          | 0/956 [00:00<?, ?it/s]Deconvoluting Remaining Spots:   0%|          | 1/956 [00:02<41:43,  2.62s/it]Deconvoluting Remaining Spots:   0%|          | 2/956 [00:02<19:10,  1.21s/it]Deconvoluting Remaining Spots:   0%|          | 3/956 [00:02<11:34,  1.37it/s]Deconvoluting Remaining Spots:   0%|          | 4/956 [00:03<08:20,  1.90it/s]Deconvoluting Remaining Spots:   1%|          | 5/956 [00:03<06:31,  2.43it/s]Deconvoluting Remaining Spots:   1%|          | 6/956 [00:03<05:20,  2.96it/s]Deconvoluting Remaining Spots:   1%|          | 7/956 [00:03<04:38,  3.41it/s]Deconvoluting Remaining Spots:   1%|          | 8/956 [00:04<04:15,  3.72it/s]Deconvoluting Remaining Spots:   1%|          | 9/956 [00:04<03:48,  4.14it/s]Deconvoluting Remaining Spots:   1%|          | 10/956 [00:04<03:56,  4.00it/s]Deconvoluting Remaining Spots:   1%|          | 11/956 [00:04<04:36,  3.41it/s]Deconvoluting Remaining Spots:   1%|▏         | 13/956 [00:05<03:10,  4.94it/s]Deconvoluting Remaining Spots:   1%|▏         | 14/956 [00:05<03:05,  5.09it/s]Deconvoluting Remaining Spots:   2%|▏         | 15/956 [00:05<02:54,  5.40it/s]Deconvoluting Remaining Spots:   2%|▏         | 16/956 [00:05<03:12,  4.89it/s]Deconvoluting Remaining Spots:   2%|▏         | 17/956 [00:05<03:14,  4.83it/s]Deconvoluting Remaining Spots:   2%|▏         | 18/956 [00:06<03:57,  3.95it/s]Deconvoluting Remaining Spots:   2%|▏         | 20/956 [00:06<03:04,  5.07it/s]Deconvoluting Remaining Spots:   2%|▏         | 21/956 [00:06<03:05,  5.04it/s]Deconvoluting Remaining Spots:   2%|▏         | 22/956 [00:06<03:06,  5.01it/s]Deconvoluting Remaining Spots:   2%|▏         | 23/956 [00:07<03:07,  4.96it/s]Deconvoluting Remaining Spots:   3%|▎         | 24/956 [00:07<03:11,  4.88it/s]Deconvoluting Remaining Spots:   3%|▎         | 25/956 [00:07<03:17,  4.71it/s]Deconvoluting Remaining Spots:   3%|▎         | 26/956 [00:07<03:10,  4.89it/s]Deconvoluting Remaining Spots:   3%|▎         | 27/956 [00:07<03:07,  4.95it/s]Deconvoluting Remaining Spots:   3%|▎         | 28/956 [00:08<03:11,  4.84it/s]Deconvoluting Remaining Spots:   3%|▎         | 29/956 [00:08<03:12,  4.82it/s]Deconvoluting Remaining Spots:   3%|▎         | 30/956 [00:08<03:12,  4.81it/s]Deconvoluting Remaining Spots:   3%|▎         | 31/956 [00:08<03:20,  4.61it/s]Deconvoluting Remaining Spots:   3%|▎         | 32/956 [00:09<03:14,  4.74it/s]Deconvoluting Remaining Spots:   3%|▎         | 33/956 [00:09<03:25,  4.49it/s]Deconvoluting Remaining Spots:   4%|▎         | 34/956 [00:09<03:21,  4.57it/s]Deconvoluting Remaining Spots:   4%|▎         | 35/956 [00:09<03:18,  4.64it/s]Deconvoluting Remaining Spots:   4%|▍         | 36/956 [00:09<03:18,  4.64it/s]Deconvoluting Remaining Spots:   4%|▍         | 37/956 [00:10<03:25,  4.48it/s]Deconvoluting Remaining Spots:   4%|▍         | 38/956 [00:10<03:17,  4.66it/s]Deconvoluting Remaining Spots:   4%|▍         | 39/956 [00:10<03:07,  4.90it/s]Deconvoluting Remaining Spots:   4%|▍         | 40/956 [00:11<04:28,  3.41it/s]Deconvoluting Remaining Spots:   4%|▍         | 42/956 [00:11<03:00,  5.05it/s]Deconvoluting Remaining Spots:   4%|▍         | 43/956 [00:11<03:15,  4.68it/s]Deconvoluting Remaining Spots:   5%|▍         | 44/956 [00:11<03:04,  4.95it/s]Deconvoluting Remaining Spots:   5%|▍         | 45/956 [00:11<03:05,  4.92it/s]Deconvoluting Remaining Spots:   5%|▍         | 46/956 [00:12<02:59,  5.06it/s]Deconvoluting Remaining Spots:   5%|▍         | 47/956 [00:12<03:17,  4.61it/s]Deconvoluting Remaining Spots:   5%|▌         | 48/956 [00:12<03:24,  4.44it/s]Deconvoluting Remaining Spots:   5%|▌         | 49/956 [00:12<03:15,  4.65it/s]Deconvoluting Remaining Spots:   5%|▌         | 50/956 [00:12<02:56,  5.15it/s]Deconvoluting Remaining Spots:   5%|▌         | 51/956 [00:13<03:15,  4.63it/s]Deconvoluting Remaining Spots:   5%|▌         | 52/956 [00:13<03:07,  4.81it/s]Deconvoluting Remaining Spots:   6%|▌         | 53/956 [00:13<04:45,  3.17it/s]Deconvoluting Remaining Spots:   6%|▌         | 56/956 [00:14<02:53,  5.19it/s]Deconvoluting Remaining Spots:   6%|▌         | 57/956 [00:14<03:20,  4.48it/s]Deconvoluting Remaining Spots:   6%|▌         | 59/956 [00:14<02:56,  5.09it/s]Deconvoluting Remaining Spots:   6%|▋         | 60/956 [00:15<02:57,  5.05it/s]Deconvoluting Remaining Spots:   6%|▋         | 61/956 [00:15<02:56,  5.08it/s]Deconvoluting Remaining Spots:   6%|▋         | 62/956 [00:15<02:50,  5.24it/s]Deconvoluting Remaining Spots:   7%|▋         | 63/956 [00:15<03:01,  4.91it/s]Deconvoluting Remaining Spots:   7%|▋         | 64/956 [00:15<03:03,  4.87it/s]Deconvoluting Remaining Spots:   7%|▋         | 65/956 [00:16<03:12,  4.64it/s]Deconvoluting Remaining Spots:   7%|▋         | 66/956 [00:16<03:07,  4.75it/s]Deconvoluting Remaining Spots:   7%|▋         | 67/956 [00:16<02:58,  4.98it/s]Deconvoluting Remaining Spots:   7%|▋         | 68/956 [00:16<03:00,  4.93it/s]Deconvoluting Remaining Spots:   7%|▋         | 69/956 [00:16<03:11,  4.63it/s]Deconvoluting Remaining Spots:   7%|▋         | 70/956 [00:17<03:06,  4.75it/s]Deconvoluting Remaining Spots:   7%|▋         | 71/956 [00:17<03:08,  4.69it/s]Deconvoluting Remaining Spots:   8%|▊         | 72/956 [00:17<03:05,  4.76it/s]Deconvoluting Remaining Spots:   8%|▊         | 73/956 [00:17<03:07,  4.70it/s]Deconvoluting Remaining Spots:   8%|▊         | 74/956 [00:18<03:24,  4.32it/s]Deconvoluting Remaining Spots:   8%|▊         | 75/956 [00:18<03:14,  4.52it/s]Deconvoluting Remaining Spots:   8%|▊         | 76/956 [00:18<03:11,  4.59it/s]Deconvoluting Remaining Spots:   8%|▊         | 77/956 [00:18<03:08,  4.67it/s]Deconvoluting Remaining Spots:   8%|▊         | 78/956 [00:18<02:55,  5.00it/s]Deconvoluting Remaining Spots:   8%|▊         | 79/956 [00:18<02:57,  4.95it/s]Deconvoluting Remaining Spots:   8%|▊         | 80/956 [00:19<03:12,  4.56it/s]Deconvoluting Remaining Spots:   8%|▊         | 81/956 [00:19<03:13,  4.53it/s]Deconvoluting Remaining Spots:   9%|▊         | 82/956 [00:19<03:38,  4.00it/s]Deconvoluting Remaining Spots:   9%|▉         | 84/956 [00:20<02:48,  5.17it/s]Deconvoluting Remaining Spots:   9%|▉         | 85/956 [00:20<02:48,  5.18it/s]Deconvoluting Remaining Spots:   9%|▉         | 86/956 [00:20<02:52,  5.04it/s]Deconvoluting Remaining Spots:   9%|▉         | 87/956 [00:20<02:52,  5.03it/s]Deconvoluting Remaining Spots:   9%|▉         | 88/956 [00:20<02:49,  5.11it/s]Deconvoluting Remaining Spots:   9%|▉         | 89/956 [00:21<02:52,  5.04it/s]Deconvoluting Remaining Spots:   9%|▉         | 90/956 [00:21<02:59,  4.82it/s]Deconvoluting Remaining Spots:  10%|▉         | 91/956 [00:21<03:17,  4.37it/s]Deconvoluting Remaining Spots:  10%|▉         | 92/956 [00:21<02:48,  5.13it/s]Deconvoluting Remaining Spots:  10%|▉         | 93/956 [00:21<03:00,  4.79it/s]Deconvoluting Remaining Spots:  10%|▉         | 94/956 [00:22<03:00,  4.77it/s]Deconvoluting Remaining Spots:  10%|▉         | 95/956 [00:22<03:09,  4.54it/s]Deconvoluting Remaining Spots:  10%|█         | 96/956 [00:22<03:21,  4.26it/s]Deconvoluting Remaining Spots:  10%|█         | 97/956 [00:22<03:15,  4.40it/s]Deconvoluting Remaining Spots:  10%|█         | 98/956 [00:23<03:14,  4.41it/s]Deconvoluting Remaining Spots:  10%|█         | 99/956 [00:23<03:23,  4.21it/s]Deconvoluting Remaining Spots:  10%|█         | 100/956 [00:23<03:05,  4.62it/s]2026-02-18 18:16:43,247 - root - INFO - Saved checkpoint after 100 completed spots
Deconvoluting Remaining Spots:  11%|█         | 101/956 [00:24<08:11,  1.74it/s]Deconvoluting Remaining Spots:  11%|█         | 107/956 [00:25<02:27,  5.74it/s]Deconvoluting Remaining Spots:  11%|█▏        | 109/956 [00:25<02:35,  5.44it/s]Deconvoluting Remaining Spots:  12%|█▏        | 111/956 [00:25<02:36,  5.40it/s]Deconvoluting Remaining Spots:  12%|█▏        | 113/956 [00:26<02:43,  5.14it/s]Deconvoluting Remaining Spots:  12%|█▏        | 114/956 [00:26<02:50,  4.94it/s]Deconvoluting Remaining Spots:  12%|█▏        | 115/956 [00:26<02:45,  5.07it/s]Deconvoluting Remaining Spots:  12%|█▏        | 116/956 [00:26<02:49,  4.95it/s]Deconvoluting Remaining Spots:  12%|█▏        | 117/956 [00:27<02:48,  4.97it/s]Deconvoluting Remaining Spots:  12%|█▏        | 118/956 [00:27<02:57,  4.71it/s]Deconvoluting Remaining Spots:  12%|█▏        | 119/956 [00:27<03:04,  4.55it/s]Deconvoluting Remaining Spots:  13%|█▎        | 120/956 [00:27<02:59,  4.66it/s]Deconvoluting Remaining Spots:  13%|█▎        | 121/956 [00:28<03:03,  4.54it/s]Deconvoluting Remaining Spots:  13%|█▎        | 122/956 [00:28<02:55,  4.75it/s]Deconvoluting Remaining Spots:  13%|█▎        | 123/956 [00:28<02:48,  4.94it/s]Deconvoluting Remaining Spots:  13%|█▎        | 124/956 [00:28<02:48,  4.95it/s]Deconvoluting Remaining Spots:  13%|█▎        | 125/956 [00:28<02:52,  4.82it/s]Deconvoluting Remaining Spots:  13%|█▎        | 126/956 [00:29<02:58,  4.64it/s]Deconvoluting Remaining Spots:  13%|█▎        | 127/956 [00:29<02:58,  4.63it/s]Deconvoluting Remaining Spots:  13%|█▎        | 128/956 [00:29<02:45,  5.00it/s]Deconvoluting Remaining Spots:  13%|█▎        | 129/956 [00:29<02:39,  5.18it/s]Deconvoluting Remaining Spots:  14%|█▎        | 130/956 [00:29<02:31,  5.46it/s]Deconvoluting Remaining Spots:  14%|█▎        | 131/956 [00:29<02:29,  5.50it/s]Deconvoluting Remaining Spots:  14%|█▍        | 132/956 [00:30<02:31,  5.45it/s]Deconvoluting Remaining Spots:  14%|█▍        | 133/956 [00:30<02:41,  5.09it/s]Deconvoluting Remaining Spots:  14%|█▍        | 134/956 [00:30<02:32,  5.38it/s]Deconvoluting Remaining Spots:  14%|█▍        | 135/956 [00:30<02:31,  5.41it/s]Deconvoluting Remaining Spots:  14%|█▍        | 136/956 [00:30<02:25,  5.65it/s]Deconvoluting Remaining Spots:  14%|█▍        | 137/956 [00:31<02:23,  5.70it/s]Deconvoluting Remaining Spots:  14%|█▍        | 138/956 [00:31<02:26,  5.59it/s]Deconvoluting Remaining Spots:  15%|█▍        | 139/956 [00:31<02:54,  4.68it/s]Deconvoluting Remaining Spots:  15%|█▍        | 141/956 [00:31<02:12,  6.13it/s]Deconvoluting Remaining Spots:  15%|█▍        | 142/956 [00:32<02:37,  5.18it/s]Deconvoluting Remaining Spots:  15%|█▌        | 144/956 [00:32<02:12,  6.15it/s]Deconvoluting Remaining Spots:  15%|█▌        | 145/956 [00:32<02:17,  5.92it/s]Deconvoluting Remaining Spots:  15%|█▌        | 147/956 [00:32<02:10,  6.18it/s]Deconvoluting Remaining Spots:  15%|█▌        | 148/956 [00:32<02:11,  6.17it/s]Deconvoluting Remaining Spots:  16%|█▌        | 149/956 [00:33<02:23,  5.62it/s]Deconvoluting Remaining Spots:  16%|█▌        | 150/956 [00:33<02:28,  5.42it/s]Deconvoluting Remaining Spots:  16%|█▌        | 151/956 [00:33<03:06,  4.32it/s]Deconvoluting Remaining Spots:  16%|█▌        | 153/956 [00:33<02:14,  5.95it/s]Deconvoluting Remaining Spots:  16%|█▌        | 154/956 [00:34<02:27,  5.44it/s]Deconvoluting Remaining Spots:  16%|█▌        | 155/956 [00:34<02:23,  5.58it/s]Deconvoluting Remaining Spots:  16%|█▋        | 156/956 [00:34<02:45,  4.82it/s]Deconvoluting Remaining Spots:  17%|█▋        | 158/956 [00:34<02:20,  5.67it/s]Deconvoluting Remaining Spots:  17%|█▋        | 159/956 [00:35<02:34,  5.17it/s]Deconvoluting Remaining Spots:  17%|█▋        | 161/956 [00:35<02:10,  6.10it/s]Deconvoluting Remaining Spots:  17%|█▋        | 162/956 [00:35<02:22,  5.59it/s]Deconvoluting Remaining Spots:  17%|█▋        | 163/956 [00:35<02:28,  5.34it/s]Deconvoluting Remaining Spots:  17%|█▋        | 165/956 [00:35<02:05,  6.30it/s]Deconvoluting Remaining Spots:  17%|█▋        | 166/956 [00:36<02:40,  4.91it/s]Deconvoluting Remaining Spots:  17%|█▋        | 167/956 [00:36<02:21,  5.59it/s]Deconvoluting Remaining Spots:  18%|█▊        | 169/956 [00:36<02:14,  5.85it/s]Deconvoluting Remaining Spots:  18%|█▊        | 170/956 [00:36<02:14,  5.85it/s]Deconvoluting Remaining Spots:  18%|█▊        | 171/956 [00:37<02:27,  5.32it/s]Deconvoluting Remaining Spots:  18%|█▊        | 172/956 [00:37<02:18,  5.67it/s]Deconvoluting Remaining Spots:  18%|█▊        | 173/956 [00:37<02:05,  6.26it/s]Deconvoluting Remaining Spots:  18%|█▊        | 174/956 [00:37<02:57,  4.40it/s]Deconvoluting Remaining Spots:  18%|█▊        | 175/956 [00:38<02:55,  4.44it/s]Deconvoluting Remaining Spots:  18%|█▊        | 176/956 [00:38<02:29,  5.22it/s]Deconvoluting Remaining Spots:  19%|█▊        | 177/956 [00:38<02:09,  6.03it/s]Deconvoluting Remaining Spots:  19%|█▊        | 179/956 [00:38<01:52,  6.92it/s]Deconvoluting Remaining Spots:  19%|█▉        | 180/956 [00:38<02:04,  6.22it/s]Deconvoluting Remaining Spots:  19%|█▉        | 181/956 [00:39<02:40,  4.81it/s]Deconvoluting Remaining Spots:  19%|█▉        | 182/956 [00:39<02:18,  5.58it/s]Deconvoluting Remaining Spots:  19%|█▉        | 184/956 [00:39<02:25,  5.29it/s]Deconvoluting Remaining Spots:  19%|█▉        | 186/956 [00:39<01:56,  6.59it/s]Deconvoluting Remaining Spots:  20%|█▉        | 187/956 [00:40<02:16,  5.65it/s]Deconvoluting Remaining Spots:  20%|█▉        | 188/956 [00:40<03:12,  3.99it/s]Deconvoluting Remaining Spots:  20%|█▉        | 191/956 [00:40<02:14,  5.69it/s]Deconvoluting Remaining Spots:  20%|██        | 192/956 [00:40<02:08,  5.95it/s]Deconvoluting Remaining Spots:  20%|██        | 193/956 [00:41<02:05,  6.08it/s]Deconvoluting Remaining Spots:  20%|██        | 194/956 [00:41<02:29,  5.10it/s]Deconvoluting Remaining Spots:  20%|██        | 195/956 [00:41<02:23,  5.32it/s]Deconvoluting Remaining Spots:  21%|██        | 196/956 [00:41<02:14,  5.64it/s]Deconvoluting Remaining Spots:  21%|██        | 197/956 [00:41<02:01,  6.25it/s]Deconvoluting Remaining Spots:  21%|██        | 198/956 [00:42<02:14,  5.62it/s]Deconvoluting Remaining Spots:  21%|██        | 199/956 [00:42<02:20,  5.39it/s]Deconvoluting Remaining Spots:  21%|██        | 200/956 [00:42<02:39,  4.74it/s]2026-02-18 18:17:03,015 - root - INFO - Saved checkpoint after 200 completed spots
Deconvoluting Remaining Spots:  21%|██        | 201/956 [00:44<09:50,  1.28it/s]Deconvoluting Remaining Spots:  22%|██▏       | 213/956 [00:44<01:43,  7.20it/s]Deconvoluting Remaining Spots:  23%|██▎       | 216/956 [00:45<01:53,  6.50it/s]Deconvoluting Remaining Spots:  23%|██▎       | 219/956 [00:45<01:54,  6.43it/s]Deconvoluting Remaining Spots:  23%|██▎       | 221/956 [00:46<01:45,  6.97it/s]Deconvoluting Remaining Spots:  23%|██▎       | 223/956 [00:46<01:53,  6.46it/s]Deconvoluting Remaining Spots:  24%|██▎       | 225/956 [00:47<02:25,  5.03it/s]Deconvoluting Remaining Spots:  24%|██▎       | 227/956 [00:47<02:07,  5.70it/s]Deconvoluting Remaining Spots:  24%|██▍       | 228/956 [00:47<02:06,  5.76it/s]Deconvoluting Remaining Spots:  24%|██▍       | 229/956 [00:47<02:06,  5.73it/s]Deconvoluting Remaining Spots:  24%|██▍       | 230/956 [00:48<02:27,  4.92it/s]Deconvoluting Remaining Spots:  24%|██▍       | 231/956 [00:48<02:35,  4.68it/s]Deconvoluting Remaining Spots:  24%|██▍       | 232/956 [00:48<02:19,  5.19it/s]Deconvoluting Remaining Spots:  24%|██▍       | 233/956 [00:48<02:08,  5.64it/s]Deconvoluting Remaining Spots:  24%|██▍       | 234/956 [00:48<02:04,  5.79it/s]Deconvoluting Remaining Spots:  25%|██▍       | 235/956 [00:48<01:58,  6.07it/s]Deconvoluting Remaining Spots:  25%|██▍       | 236/956 [00:49<02:02,  5.88it/s]Deconvoluting Remaining Spots:  25%|██▍       | 237/956 [00:49<02:24,  4.99it/s]Deconvoluting Remaining Spots:  25%|██▌       | 239/956 [00:49<01:48,  6.61it/s]Deconvoluting Remaining Spots:  25%|██▌       | 240/956 [00:50<02:50,  4.19it/s]Deconvoluting Remaining Spots:  25%|██▌       | 241/956 [00:50<02:25,  4.91it/s]Deconvoluting Remaining Spots:  25%|██▌       | 243/956 [00:50<01:45,  6.73it/s]Deconvoluting Remaining Spots:  26%|██▌       | 244/956 [00:50<01:43,  6.91it/s]Deconvoluting Remaining Spots:  26%|██▌       | 245/956 [00:50<02:09,  5.49it/s]Deconvoluting Remaining Spots:  26%|██▌       | 246/956 [00:50<02:12,  5.37it/s]Deconvoluting Remaining Spots:  26%|██▌       | 247/956 [00:51<02:05,  5.65it/s]Deconvoluting Remaining Spots:  26%|██▌       | 248/956 [00:51<02:01,  5.80it/s]Deconvoluting Remaining Spots:  26%|██▌       | 249/956 [00:51<02:14,  5.26it/s]Deconvoluting Remaining Spots:  26%|██▋       | 251/956 [00:51<02:20,  5.02it/s]Deconvoluting Remaining Spots:  26%|██▋       | 252/956 [00:51<02:05,  5.60it/s]Deconvoluting Remaining Spots:  27%|██▋       | 254/956 [00:52<01:40,  6.95it/s]Deconvoluting Remaining Spots:  27%|██▋       | 255/956 [00:52<01:53,  6.20it/s]Deconvoluting Remaining Spots:  27%|██▋       | 256/956 [00:52<02:12,  5.30it/s]Deconvoluting Remaining Spots:  27%|██▋       | 257/956 [00:52<02:10,  5.34it/s]Deconvoluting Remaining Spots:  27%|██▋       | 258/956 [00:53<02:09,  5.37it/s]Deconvoluting Remaining Spots:  27%|██▋       | 260/956 [00:53<01:55,  6.00it/s]Deconvoluting Remaining Spots:  27%|██▋       | 261/956 [00:53<02:16,  5.09it/s]Deconvoluting Remaining Spots:  27%|██▋       | 262/956 [00:53<02:16,  5.07it/s]Deconvoluting Remaining Spots:  28%|██▊       | 263/956 [00:53<02:14,  5.15it/s]Deconvoluting Remaining Spots:  28%|██▊       | 265/956 [00:54<02:08,  5.39it/s]Deconvoluting Remaining Spots:  28%|██▊       | 267/956 [00:54<02:00,  5.72it/s]Deconvoluting Remaining Spots:  28%|██▊       | 268/956 [00:54<01:51,  6.19it/s]Deconvoluting Remaining Spots:  28%|██▊       | 269/956 [00:54<01:50,  6.23it/s]Deconvoluting Remaining Spots:  28%|██▊       | 270/956 [00:55<02:02,  5.61it/s]Deconvoluting Remaining Spots:  28%|██▊       | 271/956 [00:55<02:00,  5.67it/s]Deconvoluting Remaining Spots:  28%|██▊       | 272/956 [00:55<02:02,  5.57it/s]Deconvoluting Remaining Spots:  29%|██▊       | 273/956 [00:55<02:15,  5.03it/s]Deconvoluting Remaining Spots:  29%|██▉       | 275/956 [00:56<02:21,  4.81it/s]Deconvoluting Remaining Spots:  29%|██▉       | 276/956 [00:56<02:06,  5.39it/s]Deconvoluting Remaining Spots:  29%|██▉       | 278/956 [00:56<01:42,  6.63it/s]Deconvoluting Remaining Spots:  29%|██▉       | 279/956 [00:56<02:06,  5.37it/s]Deconvoluting Remaining Spots:  29%|██▉       | 280/956 [00:57<02:13,  5.06it/s]Deconvoluting Remaining Spots:  29%|██▉       | 282/956 [00:57<01:53,  5.92it/s]Deconvoluting Remaining Spots:  30%|██▉       | 283/956 [00:57<02:10,  5.16it/s]Deconvoluting Remaining Spots:  30%|██▉       | 285/956 [00:57<01:50,  6.09it/s]Deconvoluting Remaining Spots:  30%|██▉       | 286/956 [00:58<01:53,  5.90it/s]Deconvoluting Remaining Spots:  30%|███       | 287/956 [00:58<01:49,  6.11it/s]Deconvoluting Remaining Spots:  30%|███       | 288/956 [00:58<02:08,  5.21it/s]Deconvoluting Remaining Spots:  30%|███       | 289/956 [00:58<02:03,  5.41it/s]Deconvoluting Remaining Spots:  30%|███       | 290/956 [00:58<01:56,  5.72it/s]Deconvoluting Remaining Spots:  30%|███       | 291/956 [00:58<02:03,  5.37it/s]Deconvoluting Remaining Spots:  31%|███       | 292/956 [00:59<01:50,  5.99it/s]Deconvoluting Remaining Spots:  31%|███       | 293/956 [00:59<01:53,  5.85it/s]Deconvoluting Remaining Spots:  31%|███       | 294/956 [00:59<02:24,  4.58it/s]Deconvoluting Remaining Spots:  31%|███       | 296/956 [00:59<01:52,  5.87it/s]Deconvoluting Remaining Spots:  31%|███       | 297/956 [01:00<02:16,  4.84it/s]Deconvoluting Remaining Spots:  31%|███       | 298/956 [01:00<02:05,  5.23it/s]Deconvoluting Remaining Spots:  31%|███▏      | 300/956 [01:00<01:50,  5.95it/s]2026-02-18 18:17:21,761 - root - INFO - Saved checkpoint after 300 completed spots
Deconvoluting Remaining Spots:  31%|███▏      | 301/956 [01:03<08:45,  1.25it/s]Deconvoluting Remaining Spots:  33%|███▎      | 317/956 [01:03<01:29,  7.18it/s]Deconvoluting Remaining Spots:  33%|███▎      | 320/956 [01:04<01:33,  6.78it/s]Deconvoluting Remaining Spots:  34%|███▎      | 322/956 [01:04<01:36,  6.56it/s]Deconvoluting Remaining Spots:  34%|███▍      | 324/956 [01:04<01:39,  6.33it/s]Deconvoluting Remaining Spots:  34%|███▍      | 326/956 [01:05<01:41,  6.18it/s]Deconvoluting Remaining Spots:  34%|███▍      | 327/956 [01:05<01:41,  6.22it/s]Deconvoluting Remaining Spots:  34%|███▍      | 328/956 [01:05<01:41,  6.17it/s]Deconvoluting Remaining Spots:  34%|███▍      | 329/956 [01:05<01:45,  5.96it/s]Deconvoluting Remaining Spots:  35%|███▍      | 330/956 [01:06<01:56,  5.38it/s]Deconvoluting Remaining Spots:  35%|███▍      | 332/956 [01:06<01:58,  5.25it/s]Deconvoluting Remaining Spots:  35%|███▍      | 334/956 [01:06<01:56,  5.34it/s]Deconvoluting Remaining Spots:  35%|███▌      | 336/956 [01:07<01:51,  5.57it/s]Deconvoluting Remaining Spots:  35%|███▌      | 338/956 [01:07<01:50,  5.58it/s]Deconvoluting Remaining Spots:  35%|███▌      | 339/956 [01:07<01:45,  5.85it/s]Deconvoluting Remaining Spots:  36%|███▌      | 341/956 [01:07<01:43,  5.94it/s]Deconvoluting Remaining Spots:  36%|███▌      | 343/956 [01:08<01:36,  6.37it/s]Deconvoluting Remaining Spots:  36%|███▌      | 344/956 [01:08<01:46,  5.77it/s]Deconvoluting Remaining Spots:  36%|███▌      | 345/956 [01:08<01:52,  5.41it/s]Deconvoluting Remaining Spots:  36%|███▌      | 346/956 [01:08<01:52,  5.44it/s]Deconvoluting Remaining Spots:  36%|███▋      | 347/956 [01:09<01:52,  5.42it/s]Deconvoluting Remaining Spots:  36%|███▋      | 348/956 [01:09<01:48,  5.58it/s]Deconvoluting Remaining Spots:  37%|███▋      | 349/956 [01:09<02:07,  4.77it/s]Deconvoluting Remaining Spots:  37%|███▋      | 350/956 [01:09<01:52,  5.41it/s]Deconvoluting Remaining Spots:  37%|███▋      | 351/956 [01:09<01:48,  5.58it/s]Deconvoluting Remaining Spots:  37%|███▋      | 352/956 [01:10<01:48,  5.59it/s]Deconvoluting Remaining Spots:  37%|███▋      | 353/956 [01:10<01:44,  5.77it/s]Deconvoluting Remaining Spots:  37%|███▋      | 354/956 [01:10<01:38,  6.14it/s]Deconvoluting Remaining Spots:  37%|███▋      | 355/956 [01:10<01:45,  5.68it/s]Deconvoluting Remaining Spots:  37%|███▋      | 356/956 [01:10<01:39,  6.01it/s]Deconvoluting Remaining Spots:  37%|███▋      | 357/956 [01:10<01:41,  5.92it/s]Deconvoluting Remaining Spots:  37%|███▋      | 358/956 [01:11<01:40,  5.98it/s]Deconvoluting Remaining Spots:  38%|███▊      | 359/956 [01:11<01:38,  6.07it/s]Deconvoluting Remaining Spots:  38%|███▊      | 360/956 [01:11<01:57,  5.08it/s]Deconvoluting Remaining Spots:  38%|███▊      | 361/956 [01:11<01:43,  5.77it/s]Deconvoluting Remaining Spots:  38%|███▊      | 362/956 [01:11<01:43,  5.76it/s]Deconvoluting Remaining Spots:  38%|███▊      | 363/956 [01:11<01:45,  5.62it/s]Deconvoluting Remaining Spots:  38%|███▊      | 364/956 [01:12<01:46,  5.57it/s]Deconvoluting Remaining Spots:  38%|███▊      | 365/956 [01:12<01:50,  5.36it/s]Deconvoluting Remaining Spots:  38%|███▊      | 366/956 [01:12<01:55,  5.12it/s]Deconvoluting Remaining Spots:  38%|███▊      | 367/956 [01:12<02:13,  4.42it/s]Deconvoluting Remaining Spots:  38%|███▊      | 368/956 [01:12<01:57,  5.01it/s]Deconvoluting Remaining Spots:  39%|███▊      | 370/956 [01:13<01:32,  6.37it/s]Deconvoluting Remaining Spots:  39%|███▉      | 371/956 [01:13<01:27,  6.70it/s]Deconvoluting Remaining Spots:  39%|███▉      | 372/956 [01:13<01:27,  6.71it/s]Deconvoluting Remaining Spots:  39%|███▉      | 373/956 [01:13<01:33,  6.23it/s]Deconvoluting Remaining Spots:  39%|███▉      | 374/956 [01:13<01:34,  6.19it/s]Deconvoluting Remaining Spots:  39%|███▉      | 375/956 [01:14<02:04,  4.66it/s]Deconvoluting Remaining Spots:  39%|███▉      | 377/956 [01:14<01:53,  5.08it/s]Deconvoluting Remaining Spots:  40%|███▉      | 379/956 [01:14<01:33,  6.16it/s]Deconvoluting Remaining Spots:  40%|███▉      | 380/956 [01:14<01:47,  5.35it/s]Deconvoluting Remaining Spots:  40%|███▉      | 381/956 [01:15<02:09,  4.42it/s]Deconvoluting Remaining Spots:  40%|████      | 383/956 [01:15<01:29,  6.37it/s]Deconvoluting Remaining Spots:  40%|████      | 384/956 [01:15<01:31,  6.24it/s]Deconvoluting Remaining Spots:  40%|████      | 385/956 [01:16<02:05,  4.53it/s]Deconvoluting Remaining Spots:  40%|████      | 387/956 [01:16<01:35,  5.95it/s]Deconvoluting Remaining Spots:  41%|████      | 388/956 [01:16<01:32,  6.17it/s]Deconvoluting Remaining Spots:  41%|████      | 389/956 [01:16<01:30,  6.26it/s]Deconvoluting Remaining Spots:  41%|████      | 390/956 [01:16<01:49,  5.17it/s]Deconvoluting Remaining Spots:  41%|████      | 391/956 [01:17<01:57,  4.82it/s]Deconvoluting Remaining Spots:  41%|████      | 392/956 [01:17<02:05,  4.50it/s]Deconvoluting Remaining Spots:  41%|████      | 393/956 [01:17<01:49,  5.14it/s]Deconvoluting Remaining Spots:  41%|████      | 394/956 [01:17<01:45,  5.31it/s]Deconvoluting Remaining Spots:  41%|████▏     | 396/956 [01:17<01:30,  6.21it/s]Deconvoluting Remaining Spots:  42%|████▏     | 397/956 [01:18<01:39,  5.65it/s]Deconvoluting Remaining Spots:  42%|████▏     | 398/956 [01:18<01:36,  5.80it/s]Deconvoluting Remaining Spots:  42%|████▏     | 399/956 [01:18<01:40,  5.56it/s]Deconvoluting Remaining Spots:  42%|████▏     | 400/956 [01:18<01:44,  5.34it/s]2026-02-18 18:17:39,795 - root - INFO - Saved checkpoint after 400 completed spots
Deconvoluting Remaining Spots:  42%|████▏     | 401/956 [01:21<08:39,  1.07it/s]Deconvoluting Remaining Spots:  44%|████▎     | 417/956 [01:21<01:15,  7.12it/s]Deconvoluting Remaining Spots:  44%|████▍     | 419/956 [01:22<01:17,  6.90it/s]Deconvoluting Remaining Spots:  44%|████▍     | 421/956 [01:22<01:26,  6.21it/s]Deconvoluting Remaining Spots:  44%|████▍     | 423/956 [01:22<01:24,  6.29it/s]Deconvoluting Remaining Spots:  44%|████▍     | 425/956 [01:23<01:27,  6.08it/s]Deconvoluting Remaining Spots:  45%|████▍     | 426/956 [01:23<01:30,  5.84it/s]Deconvoluting Remaining Spots:  45%|████▍     | 427/956 [01:23<01:28,  6.01it/s]Deconvoluting Remaining Spots:  45%|████▍     | 428/956 [01:23<01:31,  5.74it/s]Deconvoluting Remaining Spots:  45%|████▍     | 429/956 [01:23<01:26,  6.10it/s]Deconvoluting Remaining Spots:  45%|████▍     | 430/956 [01:24<01:32,  5.66it/s]Deconvoluting Remaining Spots:  45%|████▌     | 431/956 [01:24<01:34,  5.54it/s]Deconvoluting Remaining Spots:  45%|████▌     | 432/956 [01:24<01:31,  5.72it/s]Deconvoluting Remaining Spots:  45%|████▌     | 433/956 [01:24<01:23,  6.29it/s]Deconvoluting Remaining Spots:  45%|████▌     | 434/956 [01:24<01:38,  5.27it/s]Deconvoluting Remaining Spots:  46%|████▌     | 435/956 [01:25<01:27,  5.98it/s]Deconvoluting Remaining Spots:  46%|████▌     | 436/956 [01:25<01:33,  5.53it/s]Deconvoluting Remaining Spots:  46%|████▌     | 437/956 [01:25<01:32,  5.60it/s]Deconvoluting Remaining Spots:  46%|████▌     | 438/956 [01:25<01:53,  4.57it/s]Deconvoluting Remaining Spots:  46%|████▌     | 440/956 [01:25<01:27,  5.87it/s]Deconvoluting Remaining Spots:  46%|████▌     | 441/956 [01:26<01:25,  6.03it/s]Deconvoluting Remaining Spots:  46%|████▌     | 442/956 [01:26<01:24,  6.07it/s]Deconvoluting Remaining Spots:  46%|████▋     | 443/956 [01:26<01:37,  5.27it/s]Deconvoluting Remaining Spots:  47%|████▋     | 445/956 [01:26<01:31,  5.56it/s]Deconvoluting Remaining Spots:  47%|████▋     | 446/956 [01:27<01:39,  5.14it/s]Deconvoluting Remaining Spots:  47%|████▋     | 448/956 [01:27<01:21,  6.26it/s]Deconvoluting Remaining Spots:  47%|████▋     | 449/956 [01:27<01:25,  5.96it/s]Deconvoluting Remaining Spots:  47%|████▋     | 450/956 [01:27<01:32,  5.48it/s]Deconvoluting Remaining Spots:  47%|████▋     | 451/956 [01:27<01:33,  5.38it/s]Deconvoluting Remaining Spots:  47%|████▋     | 452/956 [01:28<01:30,  5.54it/s]Deconvoluting Remaining Spots:  47%|████▋     | 453/956 [01:28<01:32,  5.46it/s]Deconvoluting Remaining Spots:  47%|████▋     | 454/956 [01:28<01:42,  4.92it/s]Deconvoluting Remaining Spots:  48%|████▊     | 455/956 [01:28<01:38,  5.08it/s]Deconvoluting Remaining Spots:  48%|████▊     | 457/956 [01:28<01:24,  5.93it/s]Deconvoluting Remaining Spots:  48%|████▊     | 458/956 [01:29<01:24,  5.91it/s]Deconvoluting Remaining Spots:  48%|████▊     | 459/956 [01:29<01:21,  6.07it/s]Deconvoluting Remaining Spots:  48%|████▊     | 460/956 [01:29<01:24,  5.87it/s]Deconvoluting Remaining Spots:  48%|████▊     | 461/956 [01:29<01:26,  5.75it/s]Deconvoluting Remaining Spots:  48%|████▊     | 462/956 [01:29<01:29,  5.52it/s]Deconvoluting Remaining Spots:  48%|████▊     | 463/956 [01:30<01:27,  5.63it/s]Deconvoluting Remaining Spots:  49%|████▊     | 464/956 [01:30<01:28,  5.55it/s]Deconvoluting Remaining Spots:  49%|████▊     | 465/956 [01:30<01:25,  5.75it/s]Deconvoluting Remaining Spots:  49%|████▊     | 466/956 [01:30<01:26,  5.69it/s]Deconvoluting Remaining Spots:  49%|████▉     | 467/956 [01:30<01:27,  5.58it/s]Deconvoluting Remaining Spots:  49%|████▉     | 468/956 [01:31<02:00,  4.07it/s]Deconvoluting Remaining Spots:  49%|████▉     | 469/956 [01:31<01:44,  4.68it/s]Deconvoluting Remaining Spots:  49%|████▉     | 471/956 [01:31<01:14,  6.52it/s]Deconvoluting Remaining Spots:  49%|████▉     | 472/956 [01:31<01:28,  5.48it/s]Deconvoluting Remaining Spots:  49%|████▉     | 473/956 [01:31<01:18,  6.14it/s]Deconvoluting Remaining Spots:  50%|████▉     | 474/956 [01:31<01:14,  6.50it/s]Deconvoluting Remaining Spots:  50%|████▉     | 475/956 [01:32<01:14,  6.44it/s]Deconvoluting Remaining Spots:  50%|████▉     | 476/956 [01:32<01:17,  6.20it/s]Deconvoluting Remaining Spots:  50%|████▉     | 477/956 [01:32<01:22,  5.83it/s]Deconvoluting Remaining Spots:  50%|█████     | 478/956 [01:32<01:16,  6.23it/s]Deconvoluting Remaining Spots:  50%|█████     | 479/956 [01:32<01:21,  5.86it/s]Deconvoluting Remaining Spots:  50%|█████     | 480/956 [01:33<01:20,  5.94it/s]Deconvoluting Remaining Spots:  50%|█████     | 481/956 [01:33<01:27,  5.42it/s]Deconvoluting Remaining Spots:  50%|█████     | 482/956 [01:33<01:26,  5.51it/s]Deconvoluting Remaining Spots:  51%|█████     | 483/956 [01:33<01:33,  5.08it/s]Deconvoluting Remaining Spots:  51%|█████     | 484/956 [01:33<01:52,  4.20it/s]Deconvoluting Remaining Spots:  51%|█████     | 486/956 [01:34<01:23,  5.62it/s]Deconvoluting Remaining Spots:  51%|█████     | 487/956 [01:34<01:43,  4.52it/s]Deconvoluting Remaining Spots:  51%|█████     | 488/956 [01:34<01:31,  5.09it/s]Deconvoluting Remaining Spots:  51%|█████▏    | 490/956 [01:34<01:16,  6.06it/s]Deconvoluting Remaining Spots:  51%|█████▏    | 491/956 [01:35<01:19,  5.83it/s]Deconvoluting Remaining Spots:  51%|█████▏    | 492/956 [01:35<01:17,  5.98it/s]Deconvoluting Remaining Spots:  52%|█████▏    | 493/956 [01:35<01:13,  6.28it/s]Deconvoluting Remaining Spots:  52%|█████▏    | 494/956 [01:35<01:34,  4.89it/s]Deconvoluting Remaining Spots:  52%|█████▏    | 495/956 [01:35<01:25,  5.38it/s]Deconvoluting Remaining Spots:  52%|█████▏    | 496/956 [01:36<01:48,  4.24it/s]Deconvoluting Remaining Spots:  52%|█████▏    | 498/956 [01:36<01:29,  5.13it/s]Deconvoluting Remaining Spots:  52%|█████▏    | 500/956 [01:36<01:12,  6.32it/s]2026-02-18 18:17:59,323 - root - INFO - Saved checkpoint after 500 completed spots
Deconvoluting Remaining Spots:  52%|█████▏    | 501/956 [01:40<08:02,  1.06s/it]Deconvoluting Remaining Spots:  55%|█████▍    | 525/956 [01:41<00:58,  7.41it/s]Deconvoluting Remaining Spots:  55%|█████▌    | 528/956 [01:41<01:00,  7.08it/s]Deconvoluting Remaining Spots:  56%|█████▌    | 531/956 [01:42<01:08,  6.23it/s]Deconvoluting Remaining Spots:  56%|█████▌    | 533/956 [01:42<01:06,  6.33it/s]Deconvoluting Remaining Spots:  56%|█████▌    | 535/956 [01:43<01:02,  6.75it/s]Deconvoluting Remaining Spots:  56%|█████▌    | 537/956 [01:43<01:06,  6.33it/s]Deconvoluting Remaining Spots:  56%|█████▋    | 539/956 [01:43<01:06,  6.27it/s]Deconvoluting Remaining Spots:  56%|█████▋    | 540/956 [01:43<01:07,  6.17it/s]Deconvoluting Remaining Spots:  57%|█████▋    | 541/956 [01:44<01:15,  5.50it/s]Deconvoluting Remaining Spots:  57%|█████▋    | 542/956 [01:44<01:09,  5.94it/s]Deconvoluting Remaining Spots:  57%|█████▋    | 543/956 [01:44<01:22,  5.03it/s]Deconvoluting Remaining Spots:  57%|█████▋    | 544/956 [01:44<01:18,  5.23it/s]Deconvoluting Remaining Spots:  57%|█████▋    | 545/956 [01:45<01:16,  5.34it/s]Deconvoluting Remaining Spots:  57%|█████▋    | 546/956 [01:45<01:14,  5.53it/s]Deconvoluting Remaining Spots:  57%|█████▋    | 547/956 [01:45<01:06,  6.12it/s]Deconvoluting Remaining Spots:  57%|█████▋    | 548/956 [01:45<01:03,  6.42it/s]Deconvoluting Remaining Spots:  57%|█████▋    | 549/956 [01:45<01:11,  5.70it/s]Deconvoluting Remaining Spots:  58%|█████▊    | 550/956 [01:45<01:11,  5.70it/s]Deconvoluting Remaining Spots:  58%|█████▊    | 551/956 [01:46<01:12,  5.62it/s]Deconvoluting Remaining Spots:  58%|█████▊    | 552/956 [01:46<01:18,  5.13it/s]Deconvoluting Remaining Spots:  58%|█████▊    | 553/956 [01:46<01:19,  5.06it/s]Deconvoluting Remaining Spots:  58%|█████▊    | 555/956 [01:46<01:21,  4.93it/s]Deconvoluting Remaining Spots:  58%|█████▊    | 557/956 [01:47<01:01,  6.46it/s]Deconvoluting Remaining Spots:  58%|█████▊    | 558/956 [01:47<01:06,  6.01it/s]Deconvoluting Remaining Spots:  58%|█████▊    | 559/956 [01:47<01:09,  5.71it/s]Deconvoluting Remaining Spots:  59%|█████▊    | 560/956 [01:47<01:09,  5.69it/s]Deconvoluting Remaining Spots:  59%|█████▊    | 561/956 [01:47<01:11,  5.53it/s]Deconvoluting Remaining Spots:  59%|█████▉    | 562/956 [01:48<01:27,  4.52it/s]Deconvoluting Remaining Spots:  59%|█████▉    | 563/956 [01:48<01:14,  5.28it/s]Deconvoluting Remaining Spots:  59%|█████▉    | 564/956 [01:48<01:05,  5.99it/s]Deconvoluting Remaining Spots:  59%|█████▉    | 565/956 [01:48<01:09,  5.59it/s]Deconvoluting Remaining Spots:  59%|█████▉    | 566/956 [01:48<01:10,  5.56it/s]Deconvoluting Remaining Spots:  59%|█████▉    | 567/956 [01:49<01:18,  4.93it/s]Deconvoluting Remaining Spots:  59%|█████▉    | 568/956 [01:49<01:07,  5.77it/s]Deconvoluting Remaining Spots:  60%|█████▉    | 569/956 [01:49<01:23,  4.61it/s]Deconvoluting Remaining Spots:  60%|█████▉    | 571/956 [01:49<01:08,  5.59it/s]Deconvoluting Remaining Spots:  60%|█████▉    | 572/956 [01:49<01:01,  6.26it/s]Deconvoluting Remaining Spots:  60%|█████▉    | 573/956 [01:49<01:02,  6.14it/s]Deconvoluting Remaining Spots:  60%|██████    | 574/956 [01:50<01:12,  5.25it/s]Deconvoluting Remaining Spots:  60%|██████    | 576/956 [01:50<01:01,  6.21it/s]Deconvoluting Remaining Spots:  60%|██████    | 577/956 [01:50<01:04,  5.85it/s]Deconvoluting Remaining Spots:  60%|██████    | 578/956 [01:50<01:07,  5.58it/s]Deconvoluting Remaining Spots:  61%|██████    | 579/956 [01:51<01:02,  6.04it/s]Deconvoluting Remaining Spots:  61%|██████    | 580/956 [01:51<01:00,  6.21it/s]Deconvoluting Remaining Spots:  61%|██████    | 581/956 [01:51<01:10,  5.33it/s]Deconvoluting Remaining Spots:  61%|██████    | 582/956 [01:51<01:20,  4.62it/s]Deconvoluting Remaining Spots:  61%|██████    | 584/956 [01:52<01:19,  4.68it/s]Deconvoluting Remaining Spots:  61%|██████▏   | 586/956 [01:52<01:15,  4.92it/s]Deconvoluting Remaining Spots:  61%|██████▏   | 587/956 [01:52<01:15,  4.89it/s]Deconvoluting Remaining Spots:  62%|██████▏   | 588/956 [01:52<01:08,  5.38it/s]Deconvoluting Remaining Spots:  62%|██████▏   | 590/956 [01:53<00:57,  6.40it/s]Deconvoluting Remaining Spots:  62%|██████▏   | 591/956 [01:53<00:56,  6.46it/s]Deconvoluting Remaining Spots:  62%|██████▏   | 592/956 [01:53<01:13,  4.95it/s]Deconvoluting Remaining Spots:  62%|██████▏   | 594/956 [01:53<00:56,  6.39it/s]Deconvoluting Remaining Spots:  62%|██████▏   | 595/956 [01:53<00:56,  6.41it/s]Deconvoluting Remaining Spots:  62%|██████▏   | 596/956 [01:54<01:11,  5.05it/s]Deconvoluting Remaining Spots:  63%|██████▎   | 598/956 [01:54<01:21,  4.38it/s]Deconvoluting Remaining Spots:  63%|██████▎   | 600/956 [01:54<01:01,  5.82it/s]2026-02-18 18:18:17,831 - root - INFO - Saved checkpoint after 600 completed spots
Deconvoluting Remaining Spots:  63%|██████▎   | 601/956 [01:59<06:26,  1.09s/it]Deconvoluting Remaining Spots:  65%|██████▌   | 626/956 [02:00<00:48,  6.81it/s]Deconvoluting Remaining Spots:  66%|██████▌   | 628/956 [02:00<00:46,  7.03it/s]Deconvoluting Remaining Spots:  66%|██████▌   | 630/956 [02:00<00:48,  6.74it/s]Deconvoluting Remaining Spots:  66%|██████▌   | 632/956 [02:00<00:49,  6.56it/s]Deconvoluting Remaining Spots:  66%|██████▋   | 634/956 [02:01<00:51,  6.22it/s]Deconvoluting Remaining Spots:  66%|██████▋   | 635/956 [02:01<00:56,  5.68it/s]Deconvoluting Remaining Spots:  67%|██████▋   | 636/956 [02:01<00:54,  5.92it/s]Deconvoluting Remaining Spots:  67%|██████▋   | 637/956 [02:02<00:56,  5.67it/s]Deconvoluting Remaining Spots:  67%|██████▋   | 638/956 [02:02<00:57,  5.53it/s]Deconvoluting Remaining Spots:  67%|██████▋   | 639/956 [02:02<01:03,  4.98it/s]Deconvoluting Remaining Spots:  67%|██████▋   | 641/956 [02:02<00:59,  5.29it/s]Deconvoluting Remaining Spots:  67%|██████▋   | 643/956 [02:03<00:56,  5.50it/s]Deconvoluting Remaining Spots:  67%|██████▋   | 645/956 [02:03<00:47,  6.50it/s]Deconvoluting Remaining Spots:  68%|██████▊   | 646/956 [02:03<00:52,  5.87it/s]Deconvoluting Remaining Spots:  68%|██████▊   | 647/956 [02:03<00:55,  5.53it/s]Deconvoluting Remaining Spots:  68%|██████▊   | 649/956 [02:04<00:45,  6.76it/s]Deconvoluting Remaining Spots:  68%|██████▊   | 650/956 [02:04<00:49,  6.18it/s]Deconvoluting Remaining Spots:  68%|██████▊   | 651/956 [02:04<00:58,  5.19it/s]Deconvoluting Remaining Spots:  68%|██████▊   | 652/956 [02:04<00:58,  5.16it/s]Deconvoluting Remaining Spots:  68%|██████▊   | 654/956 [02:05<00:54,  5.57it/s]Deconvoluting Remaining Spots:  69%|██████▊   | 655/956 [02:05<00:55,  5.39it/s]Deconvoluting Remaining Spots:  69%|██████▊   | 656/956 [02:05<01:01,  4.85it/s]Deconvoluting Remaining Spots:  69%|██████▊   | 657/956 [02:05<00:56,  5.33it/s]Deconvoluting Remaining Spots:  69%|██████▉   | 658/956 [02:05<00:54,  5.49it/s]Deconvoluting Remaining Spots:  69%|██████▉   | 659/956 [02:05<00:54,  5.49it/s]Deconvoluting Remaining Spots:  69%|██████▉   | 660/956 [02:06<00:50,  5.86it/s]Deconvoluting Remaining Spots:  69%|██████▉   | 661/956 [02:06<00:49,  5.99it/s]Deconvoluting Remaining Spots:  69%|██████▉   | 662/956 [02:06<00:49,  5.91it/s]Deconvoluting Remaining Spots:  69%|██████▉   | 663/956 [02:06<00:49,  5.88it/s]Deconvoluting Remaining Spots:  70%|██████▉   | 665/956 [02:06<00:51,  5.70it/s]Deconvoluting Remaining Spots:  70%|██████▉   | 666/956 [02:07<00:51,  5.61it/s]Deconvoluting Remaining Spots:  70%|██████▉   | 667/956 [02:07<01:02,  4.64it/s]Deconvoluting Remaining Spots:  70%|██████▉   | 669/956 [02:07<00:55,  5.17it/s]Deconvoluting Remaining Spots:  70%|███████   | 671/956 [02:08<00:48,  5.92it/s]Deconvoluting Remaining Spots:  70%|███████   | 672/956 [02:08<00:54,  5.23it/s]Deconvoluting Remaining Spots:  70%|███████   | 673/956 [02:08<00:50,  5.61it/s]Deconvoluting Remaining Spots:  71%|███████   | 674/956 [02:08<00:50,  5.61it/s]Deconvoluting Remaining Spots:  71%|███████   | 675/956 [02:08<00:45,  6.23it/s]Deconvoluting Remaining Spots:  71%|███████   | 676/956 [02:08<00:42,  6.60it/s]Deconvoluting Remaining Spots:  71%|███████   | 677/956 [02:09<00:53,  5.26it/s]Deconvoluting Remaining Spots:  71%|███████   | 679/956 [02:09<00:44,  6.25it/s]Deconvoluting Remaining Spots:  71%|███████   | 680/956 [02:09<00:48,  5.68it/s]Deconvoluting Remaining Spots:  71%|███████   | 681/956 [02:09<00:52,  5.23it/s]Deconvoluting Remaining Spots:  71%|███████▏  | 682/956 [02:10<00:55,  4.96it/s]Deconvoluting Remaining Spots:  71%|███████▏  | 683/956 [02:10<01:01,  4.45it/s]Deconvoluting Remaining Spots:  72%|███████▏  | 684/956 [02:10<01:01,  4.42it/s]Deconvoluting Remaining Spots:  72%|███████▏  | 685/956 [02:10<00:53,  5.07it/s]Deconvoluting Remaining Spots:  72%|███████▏  | 687/956 [02:11<00:50,  5.33it/s]Deconvoluting Remaining Spots:  72%|███████▏  | 688/956 [02:11<00:49,  5.41it/s]Deconvoluting Remaining Spots:  72%|███████▏  | 690/956 [02:11<00:42,  6.29it/s]Deconvoluting Remaining Spots:  72%|███████▏  | 692/956 [02:11<00:39,  6.60it/s]Deconvoluting Remaining Spots:  72%|███████▏  | 693/956 [02:11<00:39,  6.73it/s]Deconvoluting Remaining Spots:  73%|███████▎  | 694/956 [02:12<00:43,  6.06it/s]Deconvoluting Remaining Spots:  73%|███████▎  | 695/956 [02:12<00:41,  6.31it/s]Deconvoluting Remaining Spots:  73%|███████▎  | 696/956 [02:12<00:43,  5.96it/s]Deconvoluting Remaining Spots:  73%|███████▎  | 697/956 [02:12<00:49,  5.25it/s]Deconvoluting Remaining Spots:  73%|███████▎  | 698/956 [02:12<00:45,  5.68it/s]Deconvoluting Remaining Spots:  73%|███████▎  | 699/956 [02:13<00:52,  4.94it/s]Deconvoluting Remaining Spots:  73%|███████▎  | 700/956 [02:13<00:58,  4.39it/s]2026-02-18 18:18:36,848 - root - INFO - Saved checkpoint after 700 completed spots
Deconvoluting Remaining Spots:  73%|███████▎  | 701/956 [02:18<06:58,  1.64s/it]Deconvoluting Remaining Spots:  76%|███████▋  | 729/956 [02:18<00:30,  7.38it/s]Deconvoluting Remaining Spots:  77%|███████▋  | 734/956 [02:19<00:33,  6.55it/s]Deconvoluting Remaining Spots:  77%|███████▋  | 738/956 [02:20<00:33,  6.57it/s]Deconvoluting Remaining Spots:  78%|███████▊  | 741/956 [02:20<00:32,  6.56it/s]Deconvoluting Remaining Spots:  78%|███████▊  | 743/956 [02:21<00:34,  6.21it/s]Deconvoluting Remaining Spots:  78%|███████▊  | 745/956 [02:21<00:34,  6.11it/s]Deconvoluting Remaining Spots:  78%|███████▊  | 747/956 [02:22<00:37,  5.55it/s]Deconvoluting Remaining Spots:  78%|███████▊  | 748/956 [02:22<00:38,  5.39it/s]Deconvoluting Remaining Spots:  78%|███████▊  | 750/956 [02:22<00:31,  6.45it/s]Deconvoluting Remaining Spots:  79%|███████▊  | 752/956 [02:22<00:33,  6.04it/s]Deconvoluting Remaining Spots:  79%|███████▉  | 753/956 [02:23<00:37,  5.40it/s]Deconvoluting Remaining Spots:  79%|███████▉  | 755/956 [02:23<00:33,  5.93it/s]Deconvoluting Remaining Spots:  79%|███████▉  | 756/956 [02:23<00:35,  5.61it/s]Deconvoluting Remaining Spots:  79%|███████▉  | 757/956 [02:24<00:46,  4.32it/s]Deconvoluting Remaining Spots:  79%|███████▉  | 760/956 [02:24<00:34,  5.62it/s]Deconvoluting Remaining Spots:  80%|███████▉  | 762/956 [02:24<00:29,  6.50it/s]Deconvoluting Remaining Spots:  80%|███████▉  | 763/956 [02:24<00:33,  5.76it/s]Deconvoluting Remaining Spots:  80%|███████▉  | 764/956 [02:25<00:34,  5.50it/s]Deconvoluting Remaining Spots:  80%|████████  | 765/956 [02:25<00:38,  4.91it/s]Deconvoluting Remaining Spots:  80%|████████  | 766/956 [02:25<00:34,  5.50it/s]Deconvoluting Remaining Spots:  80%|████████  | 767/956 [02:25<00:31,  6.08it/s]Deconvoluting Remaining Spots:  80%|████████  | 768/956 [02:25<00:30,  6.20it/s]Deconvoluting Remaining Spots:  80%|████████  | 769/956 [02:26<00:37,  4.96it/s]Deconvoluting Remaining Spots:  81%|████████  | 770/956 [02:26<00:39,  4.76it/s]Deconvoluting Remaining Spots:  81%|████████  | 772/956 [02:26<00:27,  6.60it/s]Deconvoluting Remaining Spots:  81%|████████  | 773/956 [02:26<00:32,  5.62it/s]Deconvoluting Remaining Spots:  81%|████████  | 774/956 [02:26<00:31,  5.83it/s]Deconvoluting Remaining Spots:  81%|████████  | 775/956 [02:27<00:34,  5.23it/s]Deconvoluting Remaining Spots:  81%|████████  | 776/956 [02:27<00:31,  5.69it/s]Deconvoluting Remaining Spots:  81%|████████▏ | 777/956 [02:27<00:38,  4.64it/s]Deconvoluting Remaining Spots:  81%|████████▏ | 779/956 [02:27<00:32,  5.46it/s]Deconvoluting Remaining Spots:  82%|████████▏ | 781/956 [02:28<00:29,  5.84it/s]Deconvoluting Remaining Spots:  82%|████████▏ | 782/956 [02:28<00:32,  5.43it/s]Deconvoluting Remaining Spots:  82%|████████▏ | 784/956 [02:28<00:29,  5.92it/s]Deconvoluting Remaining Spots:  82%|████████▏ | 785/956 [02:29<00:36,  4.70it/s]Deconvoluting Remaining Spots:  82%|████████▏ | 786/956 [02:29<00:32,  5.29it/s]Deconvoluting Remaining Spots:  82%|████████▏ | 787/956 [02:29<00:29,  5.80it/s]Deconvoluting Remaining Spots:  82%|████████▏ | 788/956 [02:29<00:28,  5.83it/s]Deconvoluting Remaining Spots:  83%|████████▎ | 789/956 [02:29<00:34,  4.88it/s]Deconvoluting Remaining Spots:  83%|████████▎ | 791/956 [02:30<00:31,  5.21it/s]Deconvoluting Remaining Spots:  83%|████████▎ | 792/956 [02:30<00:30,  5.40it/s]Deconvoluting Remaining Spots:  83%|████████▎ | 794/956 [02:30<00:27,  5.87it/s]Deconvoluting Remaining Spots:  83%|████████▎ | 795/956 [02:30<00:25,  6.35it/s]Deconvoluting Remaining Spots:  83%|████████▎ | 796/956 [02:31<00:32,  4.98it/s]Deconvoluting Remaining Spots:  83%|████████▎ | 797/956 [02:31<00:28,  5.49it/s]Deconvoluting Remaining Spots:  83%|████████▎ | 798/956 [02:31<00:25,  6.20it/s]Deconvoluting Remaining Spots:  84%|████████▎ | 799/956 [02:31<00:24,  6.32it/s]Deconvoluting Remaining Spots:  84%|████████▎ | 800/956 [02:31<00:35,  4.40it/s]2026-02-18 18:18:56,582 - root - INFO - Saved checkpoint after 800 completed spots
Deconvoluting Remaining Spots:  84%|████████▍ | 801/956 [02:38<05:10,  2.00s/it]Deconvoluting Remaining Spots:  87%|████████▋ | 836/956 [02:38<00:15,  7.54it/s]Deconvoluting Remaining Spots:  89%|████████▊ | 847/956 [02:40<00:16,  6.48it/s]Deconvoluting Remaining Spots:  89%|████████▉ | 855/956 [02:41<00:15,  6.43it/s]Deconvoluting Remaining Spots:  90%|█████████ | 861/956 [02:43<00:15,  5.95it/s]Deconvoluting Remaining Spots:  90%|█████████ | 865/956 [02:43<00:14,  6.22it/s]Deconvoluting Remaining Spots:  91%|█████████ | 869/956 [02:44<00:14,  6.21it/s]Deconvoluting Remaining Spots:  91%|█████████ | 872/956 [02:44<00:14,  5.99it/s]Deconvoluting Remaining Spots:  91%|█████████▏| 874/956 [02:45<00:15,  5.16it/s]Deconvoluting Remaining Spots:  92%|█████████▏| 876/956 [02:45<00:14,  5.60it/s]Deconvoluting Remaining Spots:  92%|█████████▏| 878/956 [02:46<00:12,  6.16it/s]Deconvoluting Remaining Spots:  92%|█████████▏| 880/956 [02:46<00:12,  6.32it/s]Deconvoluting Remaining Spots:  92%|█████████▏| 882/956 [02:46<00:13,  5.52it/s]Deconvoluting Remaining Spots:  92%|█████████▏| 883/956 [02:46<00:12,  5.71it/s]Deconvoluting Remaining Spots:  92%|█████████▏| 884/956 [02:47<00:11,  6.12it/s]Deconvoluting Remaining Spots:  93%|█████████▎| 885/956 [02:47<00:11,  6.31it/s]Deconvoluting Remaining Spots:  93%|█████████▎| 886/956 [02:47<00:14,  4.86it/s]Deconvoluting Remaining Spots:  93%|█████████▎| 888/956 [02:47<00:10,  6.24it/s]Deconvoluting Remaining Spots:  93%|█████████▎| 889/956 [02:48<00:11,  5.60it/s]Deconvoluting Remaining Spots:  93%|█████████▎| 890/956 [02:48<00:11,  5.57it/s]Deconvoluting Remaining Spots:  93%|█████████▎| 891/956 [02:48<00:11,  5.52it/s]Deconvoluting Remaining Spots:  93%|█████████▎| 892/956 [02:48<00:13,  4.59it/s]Deconvoluting Remaining Spots:  93%|█████████▎| 893/956 [02:48<00:14,  4.32it/s]Deconvoluting Remaining Spots:  94%|█████████▎| 894/956 [02:49<00:12,  5.05it/s]Deconvoluting Remaining Spots:  94%|█████████▎| 895/956 [02:49<00:10,  5.78it/s]Deconvoluting Remaining Spots:  94%|█████████▎| 896/956 [02:49<00:12,  4.72it/s]Deconvoluting Remaining Spots:  94%|█████████▍| 897/956 [02:49<00:12,  4.90it/s]Deconvoluting Remaining Spots:  94%|█████████▍| 898/956 [02:49<00:11,  5.15it/s]Deconvoluting Remaining Spots:  94%|█████████▍| 899/956 [02:50<00:10,  5.43it/s]2026-02-18 18:19:16,350 - root - INFO - Saved checkpoint after 900 completed spots
Deconvoluting Remaining Spots:  94%|█████████▍| 901/956 [02:58<01:46,  1.93s/it]Deconvoluting Remaining Spots:  99%|█████████▊| 943/956 [02:58<00:01,  7.51it/s]Deconvoluting Remaining Spots: 100%|██████████| 956/956 [03:00<00:00,  7.14it/s]Deconvoluting Remaining Spots: 100%|██████████| 956/956 [03:00<00:00,  5.31it/s]
2026-02-18 18:19:24,639 - root - INFO - Saved final results with 956 completed spots
2026-02-18 18:19:30,995 - root - INFO - Saved profiles to Benchmarking/simulation_benchmarking/CITEgeist/output_discrete_per_cell/mixed/dapi/mixed/dapi/Wu_rep_3/Wu_rep_3_gene_expression_pass1.parquet with cell types: ['B-cells', 'CAFs', 'Cancer Epithelial', 'Endothelial', 'Myeloid', 'Normal Epithelial', 'PVL', 'Plasmablasts', 'T-cells']
2026-02-18 18:19:32,578 - root - INFO - Successfully added layer: Plasmablasts_genes_pass1
2026-02-18 18:19:32,761 - root - INFO - Successfully added layer: B-cells_genes_pass1
2026-02-18 18:19:32,939 - root - INFO - Successfully added layer: CAFs_genes_pass1
2026-02-18 18:19:33,119 - root - INFO - Successfully added layer: T-cells_genes_pass1
2026-02-18 18:19:33,299 - root - INFO - Successfully added layer: Myeloid_genes_pass1
2026-02-18 18:19:33,482 - root - INFO - Successfully added layer: Cancer_Epithelial_genes_pass1
2026-02-18 18:19:33,665 - root - INFO - Successfully added layer: Endothelial_genes_pass1
2026-02-18 18:19:33,848 - root - INFO - Successfully added layer: PVL_genes_pass1
2026-02-18 18:19:34,029 - root - INFO - Successfully added layer: Normal_Epithelial_genes_pass1
2026-02-18 18:19:41,795 - root - INFO - Exported layer 'Plasmablasts_genes_pass1' to 'Benchmarking/simulation_benchmarking/CITEgeist/output_discrete_per_cell/mixed/dapi/mixed/dapi/Wu_rep_3/Wu_rep_3_pass1/layers/pass1/Plasmablasts_layer_pass1.csv'
2026-02-18 18:19:49,323 - root - INFO - Exported layer 'B-cells_genes_pass1' to 'Benchmarking/simulation_benchmarking/CITEgeist/output_discrete_per_cell/mixed/dapi/mixed/dapi/Wu_rep_3/Wu_rep_3_pass1/layers/pass1/B-cells_layer_pass1.csv'
2026-02-18 18:19:56,881 - root - INFO - Exported layer 'CAFs_genes_pass1' to 'Benchmarking/simulation_benchmarking/CITEgeist/output_discrete_per_cell/mixed/dapi/mixed/dapi/Wu_rep_3/Wu_rep_3_pass1/layers/pass1/CAFs_layer_pass1.csv'
2026-02-18 18:20:04,462 - root - INFO - Exported layer 'T-cells_genes_pass1' to 'Benchmarking/simulation_benchmarking/CITEgeist/output_discrete_per_cell/mixed/dapi/mixed/dapi/Wu_rep_3/Wu_rep_3_pass1/layers/pass1/T-cells_layer_pass1.csv'
2026-02-18 18:20:12,053 - root - INFO - Exported layer 'Myeloid_genes_pass1' to 'Benchmarking/simulation_benchmarking/CITEgeist/output_discrete_per_cell/mixed/dapi/mixed/dapi/Wu_rep_3/Wu_rep_3_pass1/layers/pass1/Myeloid_layer_pass1.csv'
2026-02-18 18:20:19,555 - root - INFO - Exported layer 'Cancer_Epithelial_genes_pass1' to 'Benchmarking/simulation_benchmarking/CITEgeist/output_discrete_per_cell/mixed/dapi/mixed/dapi/Wu_rep_3/Wu_rep_3_pass1/layers/pass1/Cancer_Epithelial_layer_pass1.csv'
2026-02-18 18:20:27,192 - root - INFO - Exported layer 'Endothelial_genes_pass1' to 'Benchmarking/simulation_benchmarking/CITEgeist/output_discrete_per_cell/mixed/dapi/mixed/dapi/Wu_rep_3/Wu_rep_3_pass1/layers/pass1/Endothelial_layer_pass1.csv'
2026-02-18 18:20:34,760 - root - INFO - Exported layer 'PVL_genes_pass1' to 'Benchmarking/simulation_benchmarking/CITEgeist/output_discrete_per_cell/mixed/dapi/mixed/dapi/Wu_rep_3/Wu_rep_3_pass1/layers/pass1/PVL_layer_pass1.csv'
2026-02-18 18:20:42,221 - root - INFO - Exported layer 'Normal_Epithelial_genes_pass1' to 'Benchmarking/simulation_benchmarking/CITEgeist/output_discrete_per_cell/mixed/dapi/mixed/dapi/Wu_rep_3/Wu_rep_3_pass1/layers/pass1/Normal_Epithelial_layer_pass1.csv'
2026-02-18 18:20:42,221 - __main__ - INFO - GEX deconvolution completed in 265.1s
2026-02-18 18:21:51,323 - __main__ - INFO - Exported 9 cell type layers to Benchmarking/simulation_benchmarking/CITEgeist/output_discrete_per_cell/mixed/dapi/mixed/dapi/Wu_rep_3/layers
2026-02-18 18:21:51,346 - __main__ - INFO - Comparing against ground truth GEX: /ix1/alee/LO_LAB/Personal/Brent_Schlegel/bts76/Projects/CITEgeist/Wu_Visium/Simulations/scCube_12k/replicates/mixed/ST_GEX_sim/sample_3/layers
2026-02-18 18:22:42,201 - __main__ - INFO - GEX Average RMSE: 0.1516
2026-02-18 18:22:42,201 - __main__ - INFO - GEX Average NRMSE: 0.0207
2026-02-18 18:22:42,209 - __main__ - INFO - Results saved to Benchmarking/simulation_benchmarking/CITEgeist/output_discrete_per_cell/mixed/dapi/mixed/dapi/Wu_rep_3
