2026-02-18 16:19:11,053 - __main__ - INFO - ============================================================
2026-02-18 16:19:11,053 - __main__ - INFO - BENCHMARK: replicate=3, condition=mixed, mode=dapi
2026-02-18 16:19:11,053 - __main__ - INFO - ============================================================
2026-02-18 16:19:11,060 - __main__ - INFO - Loading image: /ix1/alee/LO_LAB/Personal/Alexander_Chang/alc376/CITEgeist/Benchmarking/simulation_benchmarking/CITEgeist/mixed/images/dapi/Wu_rep_3_cellpose.png
2026-02-18 16:19:11,661 - __main__ - INFO - Image shape: (8000, 8000, 3)
2026-02-18 16:19:11,662 - __main__ - INFO - Running Cellpose with model_type=nuclei
2026-02-18 16:19:15,171 - cellpose.models - WARNING - model_type argument is not used in v4.0.1+. Ignoring this argument...
2026-02-18 16:19:15,171 - cellpose.core - INFO - >>>> using CPU
2026-02-18 16:19:15,171 - cellpose.core - INFO - >>>> using CPU
2026-02-18 16:19:16,159 - cellpose.models - INFO - >>>> loading model /ihome/alee/alc376/.cellpose/models/cpsam
2026-02-18 16:19:16,797 - cellpose.models - WARNING - channels deprecated in v4.0.1+. If data contain more than 3 channels, only the first 3 channels will be used
2026-02-18 16:19:16,844 - cellpose.transforms - INFO - processing image with (8000, 8000) HW, and 3 channels
2026-02-18 16:28:00,126 - __main__ - INFO - Detected 4897 nuclei in 528.5s
2026-02-18 16:28:00,156 - __main__ - INFO - Nuclei count correlation: 0.987
2026-02-18 16:28:00,156 - __main__ - INFO - Nuclei count RMSE: 0.44
2026-02-18 16:28:00,157 - __main__ - INFO - Loading h5ad files...
2026-02-18 16:28:00,753 - root - INFO - Logging initialized.
2026-02-18 16:28:00,753 - __main__ - INFO - Using CLR preprocessing (continuous model style)
2026-02-18 16:28:00,933 - root - INFO - Normalization stats:
2026-02-18 16:28:00,934 - root - INFO - Original median total: 52549287164.00
2026-02-18 16:28:00,940 - root - INFO - Mean scaled total: 9979.76
2026-02-18 16:28:00,946 - root - INFO - Max scaled value: 10000.00
2026-02-18 16:28:01,024 - root - INFO - Gene expression data normalized to 10000 counts per spot and validated for discrete count analysis.
2026-02-18 16:28:01,025 - root - INFO - Mapped 18 markers to 9 cell types (preserving marker-level data)
2026-02-18 16:28:01,025 - __main__ - INFO - Discrete cell type order: ['B-cells', 'CAFs', 'Cancer Epithelial', 'Endothelial', 'Myeloid', 'Normal Epithelial', 'PVL', 'Plasmablasts', 'T-cells']
2026-02-18 16:28:01,026 - root - INFO - Mapped 18 markers to 9 cell types (preserving marker-level data)
2026-02-18 16:28:01,026 - root - INFO - Running discrete cell assignment: 956 spots, 18 markers, 9 cell types
2026-02-18 16:28:01,026 - root - INFO - Total nuclei: 4897, mean per spot: 5.12
2026-02-18 16:28:01,026 - root - INFO - Discrete cell assignment EM: 956 spots, 18 markers, 9 cell types
2026-02-18 16:28:01,026 - root - INFO - Total nuclei: 4897, mean per spot: 5.12
2026-02-18 16:28:01,027 - root - INFO - 
=== EM Iteration 1/10 ===
2026-02-18 16:28:01,027 - root - INFO - Marker weighting enabled: weights range [0.500, 0.500]
2026-02-18 16:28:01,027 - root - INFO - Global IQP: 956 spots x 9 cell types = 8604 integer variables
2026-02-18 16:28:01,027 - root - INFO - Time limit: 600.0s, MIP gap: 5.0%
2026-02-18 16:28:01,027 - root - INFO - Constraint slack: ±1 cells
2026-02-18 16:28:01,027 - root - INFO - Elastic net: lambda=1.00, alpha=0.50
2026-02-18 16:28:01,030 - gurobipy - INFO - Set parameter LicenseID to value 276015
2026-02-18 16:28:01,030 - gurobipy - INFO - Set parameter GURO_PAR_SPECIAL
2026-02-18 16:28:01,030 - gurobipy - INFO - Set parameter TokenServer to value "license.crc.pitt.edu"
2026-02-18 16:28:01,035 - gurobipy - INFO - Set parameter TimeLimit to value 600
2026-02-18 16:28:01,035 - gurobipy - INFO - Set parameter MIPGap to value 0.05
2026-02-18 16:28:02,211 - root - INFO - Starting global IQP optimization...
2026-02-18 16:28:02,212 - gurobipy - INFO - Gurobi Optimizer version 11.0.2 build v11.0.2rc0 (linux64 - "Red Hat Enterprise Linux 9.6 (Plow)")
2026-02-18 16:28:02,212 - gurobipy - INFO - 
2026-02-18 16:28:02,212 - gurobipy - INFO - CPU model: AMD EPYC 9374F 32-Core Processor, instruction set [SSE2|AVX|AVX2|AVX512]
2026-02-18 16:28:02,212 - gurobipy - INFO - Thread count: 64 physical cores, 64 logical processors, using up to 32 threads
2026-02-18 16:28:02,212 - gurobipy - INFO - 
2026-02-18 16:28:02,212 - gurobipy - INFO - Optimize a model with 1864 rows, 8604 columns and 16776 nonzeros
2026-02-18 16:28:02,212 - gurobipy - INFO - Model fingerprint: 0xf15d11da
2026-02-18 16:28:02,212 - gurobipy - INFO - Model has 8604 quadratic objective terms
2026-02-18 16:28:02,212 - gurobipy - INFO - Variable types: 0 continuous, 8604 integer (0 binary)
2026-02-18 16:28:02,212 - gurobipy - INFO - Coefficient statistics:
2026-02-18 16:28:02,212 - gurobipy - INFO -   Matrix range     [1e+00, 1e+00]
2026-02-18 16:28:02,212 - gurobipy - INFO -   Objective range  [8e-08, 2e+00]
2026-02-18 16:28:02,212 - gurobipy - INFO -   QObjective range [2e+00, 3e+00]
2026-02-18 16:28:02,212 - gurobipy - INFO -   Bounds range     [1e+00, 2e+01]
2026-02-18 16:28:02,212 - gurobipy - INFO -   RHS range        [1e+00, 2e+01]
2026-02-18 16:28:02,212 - gurobipy - INFO - 
2026-02-18 16:28:02,213 - gurobipy - INFO - Loaded user MIP start with objective 4238.35
2026-02-18 16:28:02,213 - gurobipy - INFO - 
2026-02-18 16:28:10,933 - gurobipy - INFO - Presolve removed 1862 rows and 8595 columns (presolve time = 9s) ...
2026-02-18 16:28:10,934 - gurobipy - INFO - Presolve removed 1862 rows and 8595 columns
2026-02-18 16:28:10,934 - gurobipy - INFO - Presolve time: 8.72s
2026-02-18 16:28:10,934 - gurobipy - INFO - Presolved: 2 rows, 9 columns, 18 nonzeros
2026-02-18 16:28:10,934 - gurobipy - INFO - Presolved model has 9 quadratic objective terms
2026-02-18 16:28:10,934 - gurobipy - INFO - Found heuristic solution: objective 2721.3189746
2026-02-18 16:28:10,934 - gurobipy - INFO - Variable types: 0 continuous, 9 integer (0 binary)
2026-02-18 16:28:10,935 - gurobipy - INFO - 
2026-02-18 16:28:10,935 - gurobipy - INFO - Explored 0 nodes (0 simplex iterations) in 8.72 seconds (0.26 work units)
2026-02-18 16:28:10,935 - gurobipy - INFO - Thread count was 32 (of 64 available processors)
2026-02-18 16:28:10,935 - gurobipy - INFO - 
2026-02-18 16:28:10,935 - gurobipy - INFO - Solution count 2: 2721.32 4238.35 
2026-02-18 16:28:10,935 - gurobipy - INFO - 
2026-02-18 16:28:10,935 - gurobipy - INFO - Optimal solution found (tolerance 5.00e-02)
2026-02-18 16:28:10,935 - gurobipy - INFO - Best objective 2.721318974625e+03, best bound 2.715505641810e+03, gap 0.2136%
2026-02-18 16:28:10,952 - root - INFO - Global IQP solved: status=2, gap=0.21%, time=8.7s
/ix1/alee/LO_LAB/Personal/Alexander_Chang/alc376/CITEgeist/CITEgeist/model/gurobi_impl.py:3800: RuntimeWarning: invalid value encountered in scalar divide
  loss_change = abs(prev_loss - loss) / max(abs(prev_loss), 1e-10)
2026-02-18 16:28:11,024 - root - INFO -   Loss: 893.6370 (change: nan)
2026-02-18 16:28:11,024 - root - INFO -   Beta range: [0.100, 0.683]
2026-02-18 16:28:11,024 - root - INFO -   Max beta change: 0.900000
2026-02-18 16:28:11,024 - root - INFO -   Cell count range: [0, 16]
2026-02-18 16:28:11,024 - root - INFO -     B-cells: 376 cells (9.4%)
2026-02-18 16:28:11,024 - root - INFO -     CAFs: 728 cells (18.2%)
2026-02-18 16:28:11,024 - root - INFO -     Cancer Epithelial: 812 cells (20.3%)
2026-02-18 16:28:11,024 - root - INFO -     Endothelial: 274 cells (6.8%)
2026-02-18 16:28:11,024 - root - INFO -     Myeloid: 440 cells (11.0%)
2026-02-18 16:28:11,024 - root - INFO -     Normal Epithelial: 284 cells (7.1%)
2026-02-18 16:28:11,024 - root - INFO -     PVL: 292 cells (7.3%)
2026-02-18 16:28:11,024 - root - INFO -     Plasmablasts: 350 cells (8.7%)
2026-02-18 16:28:11,024 - root - INFO -     T-cells: 453 cells (11.3%)
2026-02-18 16:28:11,025 - root - INFO - 
=== EM Iteration 2/10 ===
2026-02-18 16:28:11,025 - root - INFO - Marker weighting enabled: weights range [0.500, 0.500]
2026-02-18 16:28:11,025 - root - INFO - Global IQP: 956 spots x 9 cell types = 8604 integer variables
2026-02-18 16:28:11,025 - root - INFO - Time limit: 600.0s, MIP gap: 5.0%
2026-02-18 16:28:11,025 - root - INFO - Constraint slack: ±1 cells
2026-02-18 16:28:11,025 - root - INFO - Elastic net: lambda=1.00, alpha=0.50
2026-02-18 16:28:11,025 - gurobipy - INFO - Set parameter TimeLimit to value 600
2026-02-18 16:28:11,025 - gurobipy - INFO - Set parameter MIPGap to value 0.05
2026-02-18 16:28:12,366 - root - INFO - Starting global IQP optimization...
2026-02-18 16:28:12,367 - gurobipy - INFO - Gurobi Optimizer version 11.0.2 build v11.0.2rc0 (linux64 - "Red Hat Enterprise Linux 9.6 (Plow)")
2026-02-18 16:28:12,367 - gurobipy - INFO - 
2026-02-18 16:28:12,367 - gurobipy - INFO - CPU model: AMD EPYC 9374F 32-Core Processor, instruction set [SSE2|AVX|AVX2|AVX512]
2026-02-18 16:28:12,367 - gurobipy - INFO - Thread count: 64 physical cores, 64 logical processors, using up to 32 threads
2026-02-18 16:28:12,367 - gurobipy - INFO - 
2026-02-18 16:28:12,367 - gurobipy - INFO - Optimize a model with 1864 rows, 8604 columns and 16776 nonzeros
2026-02-18 16:28:12,367 - gurobipy - INFO - Model fingerprint: 0x0798bae5
2026-02-18 16:28:12,367 - gurobipy - INFO - Model has 8604 quadratic objective terms
2026-02-18 16:28:12,367 - gurobipy - INFO - Variable types: 0 continuous, 8604 integer (0 binary)
2026-02-18 16:28:12,367 - gurobipy - INFO - Coefficient statistics:
2026-02-18 16:28:12,367 - gurobipy - INFO -   Matrix range     [1e+00, 1e+00]
2026-02-18 16:28:12,367 - gurobipy - INFO -   Objective range  [1e-08, 1e+00]
2026-02-18 16:28:12,367 - gurobipy - INFO -   QObjective range [2e-02, 2e+00]
2026-02-18 16:28:12,367 - gurobipy - INFO -   Bounds range     [1e+00, 2e+01]
2026-02-18 16:28:12,367 - gurobipy - INFO -   RHS range        [1e+00, 2e+01]
2026-02-18 16:28:12,367 - gurobipy - INFO - 
2026-02-18 16:28:12,367 - gurobipy - INFO - Loaded user MIP start with objective 872.885
2026-02-18 16:28:12,367 - gurobipy - INFO - 
2026-02-18 16:28:19,873 - gurobipy - INFO - Presolve removed 1862 rows and 8595 columns (presolve time = 8s) ...
2026-02-18 16:28:19,874 - gurobipy - INFO - Presolve removed 1862 rows and 8595 columns
2026-02-18 16:28:19,874 - gurobipy - INFO - Presolve time: 7.51s
2026-02-18 16:28:19,874 - gurobipy - INFO - Presolved: 2 rows, 9 columns, 18 nonzeros
2026-02-18 16:28:19,874 - gurobipy - INFO - Presolved model has 9 quadratic objective terms
2026-02-18 16:28:19,874 - gurobipy - INFO - Found heuristic solution: objective 737.2172511
2026-02-18 16:28:19,874 - gurobipy - INFO - Variable types: 0 continuous, 9 integer (0 binary)
2026-02-18 16:28:19,874 - gurobipy - INFO - 
2026-02-18 16:28:19,874 - gurobipy - INFO - Explored 0 nodes (0 simplex iterations) in 7.51 seconds (0.17 work units)
2026-02-18 16:28:19,874 - gurobipy - INFO - Thread count was 32 (of 64 available processors)
2026-02-18 16:28:19,874 - gurobipy - INFO - 
2026-02-18 16:28:19,874 - gurobipy - INFO - Solution count 2: 737.217 872.885 
2026-02-18 16:28:19,874 - gurobipy - INFO - 
2026-02-18 16:28:19,875 - gurobipy - INFO - Optimal solution found (tolerance 5.00e-02)
2026-02-18 16:28:19,875 - gurobipy - INFO - Best objective 7.372172511343e+02, best bound 7.353162872857e+02, gap 0.2579%
2026-02-18 16:28:19,890 - root - INFO - Global IQP solved: status=2, gap=0.26%, time=7.5s
2026-02-18 16:28:19,938 - root - INFO -   Loss: 548.4992 (change: 0.386217)
2026-02-18 16:28:19,938 - root - INFO -   Beta range: [0.100, 0.547]
2026-02-18 16:28:19,938 - root - INFO -   Max beta change: 0.156094
2026-02-18 16:28:19,938 - root - INFO -   Cell count range: [0, 16]
2026-02-18 16:28:19,938 - root - INFO -     B-cells: 320 cells (8.0%)
2026-02-18 16:28:19,938 - root - INFO -     CAFs: 706 cells (17.6%)
2026-02-18 16:28:19,938 - root - INFO -     Cancer Epithelial: 680 cells (16.9%)
2026-02-18 16:28:19,938 - root - INFO -     Endothelial: 392 cells (9.8%)
2026-02-18 16:28:19,938 - root - INFO -     Myeloid: 364 cells (9.1%)
2026-02-18 16:28:19,938 - root - INFO -     Normal Epithelial: 346 cells (8.6%)
2026-02-18 16:28:19,938 - root - INFO -     PVL: 410 cells (10.2%)
2026-02-18 16:28:19,938 - root - INFO -     Plasmablasts: 425 cells (10.6%)
2026-02-18 16:28:19,938 - root - INFO -     T-cells: 375 cells (9.3%)
2026-02-18 16:28:19,938 - root - INFO - 
=== EM Iteration 3/10 ===
2026-02-18 16:28:19,938 - root - INFO - Marker weighting enabled: weights range [0.500, 0.500]
2026-02-18 16:28:19,938 - root - INFO - Global IQP: 956 spots x 9 cell types = 8604 integer variables
2026-02-18 16:28:19,938 - root - INFO - Time limit: 600.0s, MIP gap: 5.0%
2026-02-18 16:28:19,938 - root - INFO - Constraint slack: ±1 cells
2026-02-18 16:28:19,938 - root - INFO - Elastic net: lambda=1.00, alpha=0.50
2026-02-18 16:28:19,938 - gurobipy - INFO - Set parameter TimeLimit to value 600
2026-02-18 16:28:19,938 - gurobipy - INFO - Set parameter MIPGap to value 0.05
2026-02-18 16:28:21,105 - root - INFO - Starting global IQP optimization...
2026-02-18 16:28:21,105 - gurobipy - INFO - Gurobi Optimizer version 11.0.2 build v11.0.2rc0 (linux64 - "Red Hat Enterprise Linux 9.6 (Plow)")
2026-02-18 16:28:21,105 - gurobipy - INFO - 
2026-02-18 16:28:21,105 - gurobipy - INFO - CPU model: AMD EPYC 9374F 32-Core Processor, instruction set [SSE2|AVX|AVX2|AVX512]
2026-02-18 16:28:21,105 - gurobipy - INFO - Thread count: 64 physical cores, 64 logical processors, using up to 32 threads
2026-02-18 16:28:21,105 - gurobipy - INFO - 
2026-02-18 16:28:21,105 - gurobipy - INFO - Optimize a model with 1864 rows, 8604 columns and 16776 nonzeros
2026-02-18 16:28:21,106 - gurobipy - INFO - Model fingerprint: 0xf719c0aa
2026-02-18 16:28:21,106 - gurobipy - INFO - Model has 8604 quadratic objective terms
2026-02-18 16:28:21,106 - gurobipy - INFO - Variable types: 0 continuous, 8604 integer (0 binary)
2026-02-18 16:28:21,106 - gurobipy - INFO - Coefficient statistics:
2026-02-18 16:28:21,106 - gurobipy - INFO -   Matrix range     [1e+00, 1e+00]
2026-02-18 16:28:21,106 - gurobipy - INFO -   Objective range  [1e-08, 1e+00]
2026-02-18 16:28:21,106 - gurobipy - INFO -   QObjective range [2e-02, 2e+00]
2026-02-18 16:28:21,106 - gurobipy - INFO -   Bounds range     [1e+00, 2e+01]
2026-02-18 16:28:21,106 - gurobipy - INFO -   RHS range        [1e+00, 2e+01]
2026-02-18 16:28:21,106 - gurobipy - INFO - 
2026-02-18 16:28:21,106 - gurobipy - INFO - Loaded user MIP start with objective 718.469
2026-02-18 16:28:21,106 - gurobipy - INFO - 
2026-02-18 16:28:26,612 - gurobipy - INFO - Presolve removed 1862 rows and 8595 columns (presolve time = 6s) ...
2026-02-18 16:28:26,612 - gurobipy - INFO - Presolve removed 1862 rows and 8595 columns
2026-02-18 16:28:26,612 - gurobipy - INFO - Presolve time: 5.51s
2026-02-18 16:28:26,612 - gurobipy - INFO - Presolved: 2 rows, 9 columns, 18 nonzeros
2026-02-18 16:28:26,612 - gurobipy - INFO - Presolved model has 9 quadratic objective terms
2026-02-18 16:28:26,614 - gurobipy - INFO - Found heuristic solution: objective 694.9304378
2026-02-18 16:28:26,614 - gurobipy - INFO - Variable types: 0 continuous, 9 integer (0 binary)
2026-02-18 16:28:26,614 - gurobipy - INFO - 
2026-02-18 16:28:26,614 - gurobipy - INFO - Explored 0 nodes (0 simplex iterations) in 5.51 seconds (0.16 work units)
2026-02-18 16:28:26,614 - gurobipy - INFO - Thread count was 32 (of 64 available processors)
2026-02-18 16:28:26,614 - gurobipy - INFO - 
2026-02-18 16:28:26,614 - gurobipy - INFO - Solution count 2: 694.93 718.469 
2026-02-18 16:28:26,614 - gurobipy - INFO - 
2026-02-18 16:28:26,614 - gurobipy - INFO - Optimal solution found (tolerance 5.00e-02)
2026-02-18 16:28:26,614 - gurobipy - INFO - Best objective 6.949304378074e+02, best bound 6.929294283451e+02, gap 0.2879%
2026-02-18 16:28:26,632 - root - INFO - Global IQP solved: status=2, gap=0.29%, time=5.5s
2026-02-18 16:28:26,679 - root - INFO -   Loss: 540.4880 (change: 0.014606)
2026-02-18 16:28:26,680 - root - INFO -   Beta range: [0.100, 0.533]
2026-02-18 16:28:26,680 - root - INFO -   Max beta change: 0.136901
2026-02-18 16:28:26,680 - root - INFO -   Cell count range: [0, 16]
2026-02-18 16:28:26,680 - root - INFO -     B-cells: 299 cells (7.5%)
2026-02-18 16:28:26,680 - root - INFO -     CAFs: 730 cells (18.2%)
2026-02-18 16:28:26,680 - root - INFO -     Cancer Epithelial: 545 cells (13.6%)
2026-02-18 16:28:26,680 - root - INFO -     Endothelial: 449 cells (11.2%)
2026-02-18 16:28:26,680 - root - INFO -     Myeloid: 339 cells (8.5%)
2026-02-18 16:28:26,680 - root - INFO -     Normal Epithelial: 388 cells (9.7%)
2026-02-18 16:28:26,680 - root - INFO -     PVL: 445 cells (11.1%)
2026-02-18 16:28:26,680 - root - INFO -     Plasmablasts: 459 cells (11.4%)
2026-02-18 16:28:26,680 - root - INFO -     T-cells: 355 cells (8.9%)
2026-02-18 16:28:26,680 - root - INFO - 
=== EM Iteration 4/10 ===
2026-02-18 16:28:26,680 - root - INFO - Marker weighting enabled: weights range [0.500, 0.500]
2026-02-18 16:28:26,680 - root - INFO - Global IQP: 956 spots x 9 cell types = 8604 integer variables
2026-02-18 16:28:26,680 - root - INFO - Time limit: 600.0s, MIP gap: 5.0%
2026-02-18 16:28:26,680 - root - INFO - Constraint slack: ±1 cells
2026-02-18 16:28:26,680 - root - INFO - Elastic net: lambda=1.00, alpha=0.50
2026-02-18 16:28:26,680 - gurobipy - INFO - Set parameter TimeLimit to value 600
2026-02-18 16:28:26,680 - gurobipy - INFO - Set parameter MIPGap to value 0.05
2026-02-18 16:28:27,837 - root - INFO - Starting global IQP optimization...
2026-02-18 16:28:27,838 - gurobipy - INFO - Gurobi Optimizer version 11.0.2 build v11.0.2rc0 (linux64 - "Red Hat Enterprise Linux 9.6 (Plow)")
2026-02-18 16:28:27,838 - gurobipy - INFO - 
2026-02-18 16:28:27,838 - gurobipy - INFO - CPU model: AMD EPYC 9374F 32-Core Processor, instruction set [SSE2|AVX|AVX2|AVX512]
2026-02-18 16:28:27,838 - gurobipy - INFO - Thread count: 64 physical cores, 64 logical processors, using up to 32 threads
2026-02-18 16:28:27,838 - gurobipy - INFO - 
2026-02-18 16:28:27,838 - gurobipy - INFO - Optimize a model with 1864 rows, 8604 columns and 16776 nonzeros
2026-02-18 16:28:27,838 - gurobipy - INFO - Model fingerprint: 0xb03c3c96
2026-02-18 16:28:27,838 - gurobipy - INFO - Model has 8604 quadratic objective terms
2026-02-18 16:28:27,838 - gurobipy - INFO - Variable types: 0 continuous, 8604 integer (0 binary)
2026-02-18 16:28:27,838 - gurobipy - INFO - Coefficient statistics:
2026-02-18 16:28:27,838 - gurobipy - INFO -   Matrix range     [1e+00, 1e+00]
2026-02-18 16:28:27,838 - gurobipy - INFO -   Objective range  [1e-08, 1e+00]
2026-02-18 16:28:27,838 - gurobipy - INFO -   QObjective range [2e-02, 2e+00]
2026-02-18 16:28:27,838 - gurobipy - INFO -   Bounds range     [1e+00, 2e+01]
2026-02-18 16:28:27,838 - gurobipy - INFO -   RHS range        [1e+00, 2e+01]
2026-02-18 16:28:27,838 - gurobipy - INFO - 
2026-02-18 16:28:27,839 - gurobipy - INFO - Loaded user MIP start with objective 711.725
2026-02-18 16:28:27,839 - gurobipy - INFO - 
2026-02-18 16:28:32,885 - gurobipy - INFO - Presolve removed 1862 rows and 8595 columns (presolve time = 5s) ...
2026-02-18 16:28:32,885 - gurobipy - INFO - Presolve removed 1862 rows and 8595 columns
2026-02-18 16:28:32,885 - gurobipy - INFO - Presolve time: 5.05s
2026-02-18 16:28:32,885 - gurobipy - INFO - Presolved: 2 rows, 9 columns, 18 nonzeros
2026-02-18 16:28:32,885 - gurobipy - INFO - Presolved model has 9 quadratic objective terms
2026-02-18 16:28:32,885 - gurobipy - INFO - Found heuristic solution: objective 690.4475124
2026-02-18 16:28:32,885 - gurobipy - INFO - Variable types: 0 continuous, 9 integer (0 binary)
2026-02-18 16:28:32,885 - gurobipy - INFO - 
2026-02-18 16:28:32,885 - gurobipy - INFO - Explored 0 nodes (0 simplex iterations) in 5.05 seconds (0.15 work units)
2026-02-18 16:28:32,885 - gurobipy - INFO - Thread count was 32 (of 64 available processors)
2026-02-18 16:28:32,885 - gurobipy - INFO - 
2026-02-18 16:28:32,885 - gurobipy - INFO - Solution count 2: 690.448 711.725 
2026-02-18 16:28:32,886 - gurobipy - INFO - 
2026-02-18 16:28:32,886 - gurobipy - INFO - Optimal solution found (tolerance 5.00e-02)
2026-02-18 16:28:32,886 - gurobipy - INFO - Best objective 6.904475123627e+02, best bound 6.884095576806e+02, gap 0.2952%
2026-02-18 16:28:32,898 - root - INFO - Global IQP solved: status=2, gap=0.30%, time=5.0s
2026-02-18 16:28:32,944 - root - INFO -   Loss: 533.1745 (change: 0.013531)
2026-02-18 16:28:32,944 - root - INFO -   Beta range: [0.100, 0.523]
2026-02-18 16:28:32,944 - root - INFO -   Max beta change: 0.023835
2026-02-18 16:28:32,945 - root - INFO -   Cell count range: [0, 16]
2026-02-18 16:28:32,945 - root - INFO -     B-cells: 276 cells (6.9%)
2026-02-18 16:28:32,945 - root - INFO -     CAFs: 755 cells (18.9%)
2026-02-18 16:28:32,945 - root - INFO -     Cancer Epithelial: 434 cells (10.9%)
2026-02-18 16:28:32,945 - root - INFO -     Endothelial: 478 cells (12.0%)
2026-02-18 16:28:32,945 - root - INFO -     Myeloid: 328 cells (8.2%)
2026-02-18 16:28:32,945 - root - INFO -     Normal Epithelial: 423 cells (10.6%)
2026-02-18 16:28:32,945 - root - INFO -     PVL: 466 cells (11.7%)
2026-02-18 16:28:32,945 - root - INFO -     Plasmablasts: 487 cells (12.2%)
2026-02-18 16:28:32,945 - root - INFO -     T-cells: 350 cells (8.8%)
2026-02-18 16:28:32,945 - root - INFO - 
=== EM Iteration 5/10 ===
2026-02-18 16:28:32,945 - root - INFO - Marker weighting enabled: weights range [0.500, 0.500]
2026-02-18 16:28:32,945 - root - INFO - Global IQP: 956 spots x 9 cell types = 8604 integer variables
2026-02-18 16:28:32,945 - root - INFO - Time limit: 600.0s, MIP gap: 5.0%
2026-02-18 16:28:32,945 - root - INFO - Constraint slack: ±1 cells
2026-02-18 16:28:32,945 - root - INFO - Elastic net: lambda=1.00, alpha=0.50
2026-02-18 16:28:32,945 - gurobipy - INFO - Set parameter TimeLimit to value 600
2026-02-18 16:28:32,945 - gurobipy - INFO - Set parameter MIPGap to value 0.05
2026-02-18 16:28:34,247 - root - INFO - Starting global IQP optimization...
2026-02-18 16:28:34,247 - gurobipy - INFO - Gurobi Optimizer version 11.0.2 build v11.0.2rc0 (linux64 - "Red Hat Enterprise Linux 9.6 (Plow)")
2026-02-18 16:28:34,247 - gurobipy - INFO - 
2026-02-18 16:28:34,247 - gurobipy - INFO - CPU model: AMD EPYC 9374F 32-Core Processor, instruction set [SSE2|AVX|AVX2|AVX512]
2026-02-18 16:28:34,247 - gurobipy - INFO - Thread count: 64 physical cores, 64 logical processors, using up to 32 threads
2026-02-18 16:28:34,247 - gurobipy - INFO - 
2026-02-18 16:28:34,247 - gurobipy - INFO - Optimize a model with 1864 rows, 8604 columns and 16776 nonzeros
2026-02-18 16:28:34,247 - gurobipy - INFO - Model fingerprint: 0x92b768e2
2026-02-18 16:28:34,247 - gurobipy - INFO - Model has 8604 quadratic objective terms
2026-02-18 16:28:34,248 - gurobipy - INFO - Variable types: 0 continuous, 8604 integer (0 binary)
2026-02-18 16:28:34,248 - gurobipy - INFO - Coefficient statistics:
2026-02-18 16:28:34,248 - gurobipy - INFO -   Matrix range     [1e+00, 1e+00]
2026-02-18 16:28:34,248 - gurobipy - INFO -   Objective range  [1e-08, 1e+00]
2026-02-18 16:28:34,248 - gurobipy - INFO -   QObjective range [2e-02, 2e+00]
2026-02-18 16:28:34,248 - gurobipy - INFO -   Bounds range     [1e+00, 2e+01]
2026-02-18 16:28:34,248 - gurobipy - INFO -   RHS range        [1e+00, 2e+01]
2026-02-18 16:28:34,248 - gurobipy - INFO - 
2026-02-18 16:28:34,248 - gurobipy - INFO - Loaded user MIP start with objective 705.162
2026-02-18 16:28:34,248 - gurobipy - INFO - 
2026-02-18 16:28:39,417 - gurobipy - INFO - Presolve removed 1862 rows and 8595 columns (presolve time = 5s) ...
2026-02-18 16:28:39,418 - gurobipy - INFO - Presolve removed 1862 rows and 8595 columns
2026-02-18 16:28:39,418 - gurobipy - INFO - Presolve time: 5.17s
2026-02-18 16:28:39,418 - gurobipy - INFO - Presolved: 2 rows, 9 columns, 18 nonzeros
2026-02-18 16:28:39,418 - gurobipy - INFO - Presolved model has 9 quadratic objective terms
2026-02-18 16:28:39,418 - gurobipy - INFO - Found heuristic solution: objective 692.6500957
2026-02-18 16:28:39,418 - gurobipy - INFO - Variable types: 0 continuous, 9 integer (0 binary)
2026-02-18 16:28:39,418 - gurobipy - INFO - 
2026-02-18 16:28:39,418 - gurobipy - INFO - Explored 0 nodes (0 simplex iterations) in 5.17 seconds (0.15 work units)
2026-02-18 16:28:39,418 - gurobipy - INFO - Thread count was 32 (of 64 available processors)
2026-02-18 16:28:39,418 - gurobipy - INFO - 
2026-02-18 16:28:39,418 - gurobipy - INFO - Solution count 2: 692.65 705.162 
2026-02-18 16:28:39,418 - gurobipy - INFO - 
2026-02-18 16:28:39,418 - gurobipy - INFO - Optimal solution found (tolerance 5.00e-02)
2026-02-18 16:28:39,418 - gurobipy - INFO - Best objective 6.926500956793e+02, best bound 6.905207309186e+02, gap 0.3074%
2026-02-18 16:28:39,433 - root - INFO - Global IQP solved: status=2, gap=0.31%, time=5.2s
2026-02-18 16:28:39,486 - root - INFO -   Loss: 533.8127 (change: 0.001197)
2026-02-18 16:28:39,486 - root - INFO -   Beta range: [0.100, 0.519]
2026-02-18 16:28:39,486 - root - INFO -   Max beta change: 0.026706
2026-02-18 16:28:39,486 - root - INFO -   Cell count range: [0, 16]
2026-02-18 16:28:39,486 - root - INFO -     B-cells: 255 cells (6.4%)
2026-02-18 16:28:39,486 - root - INFO -     CAFs: 762 cells (19.1%)
2026-02-18 16:28:39,486 - root - INFO -     Cancer Epithelial: 403 cells (10.1%)
2026-02-18 16:28:39,486 - root - INFO -     Endothelial: 493 cells (12.3%)
2026-02-18 16:28:39,486 - root - INFO -     Myeloid: 321 cells (8.0%)
2026-02-18 16:28:39,486 - root - INFO -     Normal Epithelial: 452 cells (11.3%)
2026-02-18 16:28:39,486 - root - INFO -     PVL: 473 cells (11.8%)
2026-02-18 16:28:39,486 - root - INFO -     Plasmablasts: 495 cells (12.4%)
2026-02-18 16:28:39,486 - root - INFO -     T-cells: 342 cells (8.6%)
2026-02-18 16:28:39,486 - root - WARNING - Loss increased from 533.1745 to 533.8127
2026-02-18 16:28:39,486 - root - INFO - 
=== EM Iteration 6/10 ===
2026-02-18 16:28:39,486 - root - INFO - Marker weighting enabled: weights range [0.500, 0.500]
2026-02-18 16:28:39,486 - root - INFO - Global IQP: 956 spots x 9 cell types = 8604 integer variables
2026-02-18 16:28:39,486 - root - INFO - Time limit: 600.0s, MIP gap: 5.0%
2026-02-18 16:28:39,486 - root - INFO - Constraint slack: ±1 cells
2026-02-18 16:28:39,486 - root - INFO - Elastic net: lambda=1.00, alpha=0.50
2026-02-18 16:28:39,487 - gurobipy - INFO - Set parameter TimeLimit to value 600
2026-02-18 16:28:39,487 - gurobipy - INFO - Set parameter MIPGap to value 0.05
2026-02-18 16:28:40,629 - root - INFO - Starting global IQP optimization...
2026-02-18 16:28:40,629 - gurobipy - INFO - Gurobi Optimizer version 11.0.2 build v11.0.2rc0 (linux64 - "Red Hat Enterprise Linux 9.6 (Plow)")
2026-02-18 16:28:40,629 - gurobipy - INFO - 
2026-02-18 16:28:40,629 - gurobipy - INFO - CPU model: AMD EPYC 9374F 32-Core Processor, instruction set [SSE2|AVX|AVX2|AVX512]
2026-02-18 16:28:40,629 - gurobipy - INFO - Thread count: 64 physical cores, 64 logical processors, using up to 32 threads
2026-02-18 16:28:40,629 - gurobipy - INFO - 
2026-02-18 16:28:40,629 - gurobipy - INFO - Optimize a model with 1864 rows, 8604 columns and 16776 nonzeros
2026-02-18 16:28:40,630 - gurobipy - INFO - Model fingerprint: 0xf87db30e
2026-02-18 16:28:40,630 - gurobipy - INFO - Model has 8604 quadratic objective terms
2026-02-18 16:28:40,630 - gurobipy - INFO - Variable types: 0 continuous, 8604 integer (0 binary)
2026-02-18 16:28:40,630 - gurobipy - INFO - Coefficient statistics:
2026-02-18 16:28:40,630 - gurobipy - INFO -   Matrix range     [1e+00, 1e+00]
2026-02-18 16:28:40,630 - gurobipy - INFO -   Objective range  [1e-08, 1e+00]
2026-02-18 16:28:40,630 - gurobipy - INFO -   QObjective range [2e-02, 2e+00]
2026-02-18 16:28:40,630 - gurobipy - INFO -   Bounds range     [1e+00, 2e+01]
2026-02-18 16:28:40,630 - gurobipy - INFO -   RHS range        [1e+00, 2e+01]
2026-02-18 16:28:40,630 - gurobipy - INFO - 
2026-02-18 16:28:40,630 - gurobipy - INFO - Loaded user MIP start with objective 705.087
2026-02-18 16:28:40,630 - gurobipy - INFO - 
2026-02-18 16:28:45,549 - gurobipy - INFO - Presolve removed 1862 rows and 8595 columns
2026-02-18 16:28:45,549 - gurobipy - INFO - Presolve time: 4.92s
2026-02-18 16:28:45,549 - gurobipy - INFO - Presolved: 2 rows, 9 columns, 18 nonzeros
2026-02-18 16:28:45,549 - gurobipy - INFO - Presolved model has 9 quadratic objective terms
2026-02-18 16:28:45,550 - gurobipy - INFO - Found heuristic solution: objective 693.2658945
2026-02-18 16:28:45,550 - gurobipy - INFO - Variable types: 0 continuous, 9 integer (0 binary)
2026-02-18 16:28:45,550 - gurobipy - INFO - 
2026-02-18 16:28:45,550 - gurobipy - INFO - Explored 0 nodes (0 simplex iterations) in 4.92 seconds (0.15 work units)
2026-02-18 16:28:45,550 - gurobipy - INFO - Thread count was 32 (of 64 available processors)
2026-02-18 16:28:45,550 - gurobipy - INFO - 
2026-02-18 16:28:45,550 - gurobipy - INFO - Solution count 2: 693.266 705.087 
2026-02-18 16:28:45,550 - gurobipy - INFO - 
2026-02-18 16:28:45,550 - gurobipy - INFO - Optimal solution found (tolerance 5.00e-02)
2026-02-18 16:28:45,550 - gurobipy - INFO - Best objective 6.932658945229e+02, best bound 6.910907726575e+02, gap 0.3138%
2026-02-18 16:28:45,568 - root - INFO - Global IQP solved: status=2, gap=0.31%, time=4.9s
2026-02-18 16:28:45,635 - root - INFO -   Loss: 532.5908 (change: 0.002289)
2026-02-18 16:28:45,635 - root - INFO -   Beta range: [0.100, 0.516]
2026-02-18 16:28:45,635 - root - INFO -   Max beta change: 0.021381
2026-02-18 16:28:45,635 - root - INFO -   Cell count range: [0, 16]
2026-02-18 16:28:45,635 - root - INFO -     B-cells: 246 cells (6.2%)
2026-02-18 16:28:45,636 - root - INFO -     CAFs: 767 cells (19.2%)
2026-02-18 16:28:45,636 - root - INFO -     Cancer Epithelial: 399 cells (10.0%)
2026-02-18 16:28:45,636 - root - INFO -     Endothelial: 497 cells (12.4%)
2026-02-18 16:28:45,636 - root - INFO -     Myeloid: 318 cells (8.0%)
2026-02-18 16:28:45,636 - root - INFO -     Normal Epithelial: 452 cells (11.3%)
2026-02-18 16:28:45,636 - root - INFO -     PVL: 486 cells (12.2%)
2026-02-18 16:28:45,636 - root - INFO -     Plasmablasts: 501 cells (12.5%)
2026-02-18 16:28:45,636 - root - INFO -     T-cells: 331 cells (8.3%)
2026-02-18 16:28:45,636 - root - INFO - 
=== EM Iteration 7/10 ===
2026-02-18 16:28:45,636 - root - INFO - Marker weighting enabled: weights range [0.500, 0.500]
2026-02-18 16:28:45,636 - root - INFO - Global IQP: 956 spots x 9 cell types = 8604 integer variables
2026-02-18 16:28:45,636 - root - INFO - Time limit: 600.0s, MIP gap: 5.0%
2026-02-18 16:28:45,636 - root - INFO - Constraint slack: ±1 cells
2026-02-18 16:28:45,636 - root - INFO - Elastic net: lambda=1.00, alpha=0.50
2026-02-18 16:28:45,636 - gurobipy - INFO - Set parameter TimeLimit to value 600
2026-02-18 16:28:45,636 - gurobipy - INFO - Set parameter MIPGap to value 0.05
2026-02-18 16:28:46,839 - root - INFO - Starting global IQP optimization...
2026-02-18 16:28:46,839 - gurobipy - INFO - Gurobi Optimizer version 11.0.2 build v11.0.2rc0 (linux64 - "Red Hat Enterprise Linux 9.6 (Plow)")
2026-02-18 16:28:46,839 - gurobipy - INFO - 
2026-02-18 16:28:46,839 - gurobipy - INFO - CPU model: AMD EPYC 9374F 32-Core Processor, instruction set [SSE2|AVX|AVX2|AVX512]
2026-02-18 16:28:46,839 - gurobipy - INFO - Thread count: 64 physical cores, 64 logical processors, using up to 32 threads
2026-02-18 16:28:46,839 - gurobipy - INFO - 
2026-02-18 16:28:46,839 - gurobipy - INFO - Optimize a model with 1864 rows, 8604 columns and 16776 nonzeros
2026-02-18 16:28:46,840 - gurobipy - INFO - Model fingerprint: 0x1971d52e
2026-02-18 16:28:46,840 - gurobipy - INFO - Model has 8604 quadratic objective terms
2026-02-18 16:28:46,840 - gurobipy - INFO - Variable types: 0 continuous, 8604 integer (0 binary)
2026-02-18 16:28:46,840 - gurobipy - INFO - Coefficient statistics:
2026-02-18 16:28:46,840 - gurobipy - INFO -   Matrix range     [1e+00, 1e+00]
2026-02-18 16:28:46,840 - gurobipy - INFO -   Objective range  [1e-08, 1e+00]
2026-02-18 16:28:46,840 - gurobipy - INFO -   QObjective range [2e-02, 2e+00]
2026-02-18 16:28:46,840 - gurobipy - INFO -   Bounds range     [1e+00, 2e+01]
2026-02-18 16:28:46,840 - gurobipy - INFO -   RHS range        [1e+00, 2e+01]
2026-02-18 16:28:46,840 - gurobipy - INFO - 
2026-02-18 16:28:46,840 - gurobipy - INFO - Loaded user MIP start with objective 704.556
2026-02-18 16:28:46,840 - gurobipy - INFO - 
2026-02-18 16:28:52,683 - gurobipy - INFO - Presolve removed 1862 rows and 8595 columns (presolve time = 6s) ...
2026-02-18 16:28:52,683 - gurobipy - INFO - Presolve removed 1862 rows and 8595 columns
2026-02-18 16:28:52,683 - gurobipy - INFO - Presolve time: 5.84s
2026-02-18 16:28:52,683 - gurobipy - INFO - Presolved: 2 rows, 9 columns, 18 nonzeros
2026-02-18 16:28:52,683 - gurobipy - INFO - Presolved model has 9 quadratic objective terms
2026-02-18 16:28:52,684 - gurobipy - INFO - Found heuristic solution: objective 692.8341711
2026-02-18 16:28:52,684 - gurobipy - INFO - Variable types: 0 continuous, 9 integer (0 binary)
2026-02-18 16:28:52,684 - gurobipy - INFO - 
2026-02-18 16:28:52,684 - gurobipy - INFO - Explored 0 nodes (0 simplex iterations) in 5.84 seconds (0.15 work units)
2026-02-18 16:28:52,684 - gurobipy - INFO - Thread count was 32 (of 64 available processors)
2026-02-18 16:28:52,684 - gurobipy - INFO - 
2026-02-18 16:28:52,684 - gurobipy - INFO - Solution count 2: 692.834 704.556 
2026-02-18 16:28:52,684 - gurobipy - INFO - 
2026-02-18 16:28:52,684 - gurobipy - INFO - Optimal solution found (tolerance 5.00e-02)
2026-02-18 16:28:52,684 - gurobipy - INFO - Best objective 6.928341710782e+02, best bound 6.906630445431e+02, gap 0.3134%
2026-02-18 16:28:52,699 - root - INFO - Global IQP solved: status=2, gap=0.31%, time=5.8s
2026-02-18 16:28:52,751 - root - INFO -   Loss: 534.1597 (change: 0.002946)
2026-02-18 16:28:52,751 - root - INFO -   Beta range: [0.100, 0.515]
2026-02-18 16:28:52,751 - root - INFO -   Max beta change: 0.015199
2026-02-18 16:28:52,751 - root - INFO -   Cell count range: [0, 16]
2026-02-18 16:28:52,751 - root - INFO -     B-cells: 236 cells (5.9%)
2026-02-18 16:28:52,751 - root - INFO -     CAFs: 768 cells (19.2%)
2026-02-18 16:28:52,751 - root - INFO -     Cancer Epithelial: 398 cells (10.0%)
2026-02-18 16:28:52,751 - root - INFO -     Endothelial: 500 cells (12.5%)
2026-02-18 16:28:52,751 - root - INFO -     Myeloid: 321 cells (8.0%)
2026-02-18 16:28:52,751 - root - INFO -     Normal Epithelial: 460 cells (11.5%)
2026-02-18 16:28:52,751 - root - INFO -     PVL: 490 cells (12.3%)
2026-02-18 16:28:52,751 - root - INFO -     Plasmablasts: 504 cells (12.6%)
2026-02-18 16:28:52,751 - root - INFO -     T-cells: 320 cells (8.0%)
2026-02-18 16:28:52,751 - root - WARNING - Loss increased from 532.5908 to 534.1597
2026-02-18 16:28:52,751 - root - INFO - 
=== EM Iteration 8/10 ===
2026-02-18 16:28:52,752 - root - INFO - Marker weighting enabled: weights range [0.500, 0.500]
2026-02-18 16:28:52,752 - root - INFO - Global IQP: 956 spots x 9 cell types = 8604 integer variables
2026-02-18 16:28:52,752 - root - INFO - Time limit: 600.0s, MIP gap: 5.0%
2026-02-18 16:28:52,752 - root - INFO - Constraint slack: ±1 cells
2026-02-18 16:28:52,752 - root - INFO - Elastic net: lambda=1.00, alpha=0.50
2026-02-18 16:28:52,752 - gurobipy - INFO - Set parameter TimeLimit to value 600
2026-02-18 16:28:52,752 - gurobipy - INFO - Set parameter MIPGap to value 0.05
2026-02-18 16:28:54,027 - root - INFO - Starting global IQP optimization...
2026-02-18 16:28:54,027 - gurobipy - INFO - Gurobi Optimizer version 11.0.2 build v11.0.2rc0 (linux64 - "Red Hat Enterprise Linux 9.6 (Plow)")
2026-02-18 16:28:54,027 - gurobipy - INFO - 
2026-02-18 16:28:54,027 - gurobipy - INFO - CPU model: AMD EPYC 9374F 32-Core Processor, instruction set [SSE2|AVX|AVX2|AVX512]
2026-02-18 16:28:54,027 - gurobipy - INFO - Thread count: 64 physical cores, 64 logical processors, using up to 32 threads
2026-02-18 16:28:54,027 - gurobipy - INFO - 
2026-02-18 16:28:54,027 - gurobipy - INFO - Optimize a model with 1864 rows, 8604 columns and 16776 nonzeros
2026-02-18 16:28:54,027 - gurobipy - INFO - Model fingerprint: 0xe6ae942e
2026-02-18 16:28:54,027 - gurobipy - INFO - Model has 8604 quadratic objective terms
2026-02-18 16:28:54,028 - gurobipy - INFO - Variable types: 0 continuous, 8604 integer (0 binary)
2026-02-18 16:28:54,028 - gurobipy - INFO - Coefficient statistics:
2026-02-18 16:28:54,028 - gurobipy - INFO -   Matrix range     [1e+00, 1e+00]
2026-02-18 16:28:54,028 - gurobipy - INFO -   Objective range  [1e-08, 1e+00]
2026-02-18 16:28:54,028 - gurobipy - INFO -   QObjective range [2e-02, 2e+00]
2026-02-18 16:28:54,028 - gurobipy - INFO -   Bounds range     [1e+00, 2e+01]
2026-02-18 16:28:54,028 - gurobipy - INFO -   RHS range        [1e+00, 2e+01]
2026-02-18 16:28:54,028 - gurobipy - INFO - 
2026-02-18 16:28:54,028 - gurobipy - INFO - Loaded user MIP start with objective 705.217
2026-02-18 16:28:54,028 - gurobipy - INFO - 
2026-02-18 16:28:58,885 - gurobipy - INFO - Presolve removed 1862 rows and 8595 columns
2026-02-18 16:28:58,885 - gurobipy - INFO - Presolve time: 4.86s
2026-02-18 16:28:58,885 - gurobipy - INFO - Presolved: 2 rows, 9 columns, 18 nonzeros
2026-02-18 16:28:58,885 - gurobipy - INFO - Presolved model has 9 quadratic objective terms
2026-02-18 16:28:58,885 - gurobipy - INFO - Found heuristic solution: objective 693.2485792
2026-02-18 16:28:58,885 - gurobipy - INFO - Variable types: 0 continuous, 9 integer (0 binary)
2026-02-18 16:28:58,886 - gurobipy - INFO - 
2026-02-18 16:28:58,886 - gurobipy - INFO - Explored 0 nodes (0 simplex iterations) in 4.86 seconds (0.15 work units)
2026-02-18 16:28:58,886 - gurobipy - INFO - Thread count was 32 (of 64 available processors)
2026-02-18 16:28:58,886 - gurobipy - INFO - 
2026-02-18 16:28:58,886 - gurobipy - INFO - Solution count 2: 693.249 705.217 
2026-02-18 16:28:58,886 - gurobipy - INFO - 
2026-02-18 16:28:58,886 - gurobipy - INFO - Optimal solution found (tolerance 5.00e-02)
2026-02-18 16:28:58,886 - gurobipy - INFO - Best objective 6.932485791610e+02, best bound 6.910564530627e+02, gap 0.3162%
2026-02-18 16:28:58,901 - root - INFO - Global IQP solved: status=2, gap=0.32%, time=4.9s
2026-02-18 16:28:58,948 - root - INFO -   Loss: 535.4844 (change: 0.002480)
2026-02-18 16:28:58,948 - root - INFO -   Beta range: [0.100, 0.515]
2026-02-18 16:28:58,948 - root - INFO -   Max beta change: 0.011615
2026-02-18 16:28:58,948 - root - INFO -   Cell count range: [0, 16]
2026-02-18 16:28:58,948 - root - INFO -     B-cells: 233 cells (5.8%)
2026-02-18 16:28:58,948 - root - INFO -     CAFs: 768 cells (19.2%)
2026-02-18 16:28:58,948 - root - INFO -     Cancer Epithelial: 398 cells (10.0%)
2026-02-18 16:28:58,948 - root - INFO -     Endothelial: 491 cells (12.3%)
2026-02-18 16:28:58,948 - root - INFO -     Myeloid: 322 cells (8.1%)
2026-02-18 16:28:58,948 - root - INFO -     Normal Epithelial: 462 cells (11.6%)
2026-02-18 16:28:58,948 - root - INFO -     PVL: 499 cells (12.5%)
2026-02-18 16:28:58,948 - root - INFO -     Plasmablasts: 508 cells (12.7%)
2026-02-18 16:28:58,948 - root - INFO -     T-cells: 316 cells (7.9%)
2026-02-18 16:28:58,948 - root - WARNING - Loss increased from 534.1597 to 535.4844
2026-02-18 16:28:58,948 - root - INFO - 
=== EM Iteration 9/10 ===
2026-02-18 16:28:58,948 - root - INFO - Marker weighting enabled: weights range [0.500, 0.500]
2026-02-18 16:28:58,948 - root - INFO - Global IQP: 956 spots x 9 cell types = 8604 integer variables
2026-02-18 16:28:58,948 - root - INFO - Time limit: 600.0s, MIP gap: 5.0%
2026-02-18 16:28:58,948 - root - INFO - Constraint slack: ±1 cells
2026-02-18 16:28:58,948 - root - INFO - Elastic net: lambda=1.00, alpha=0.50
2026-02-18 16:28:58,948 - gurobipy - INFO - Set parameter TimeLimit to value 600
2026-02-18 16:28:58,949 - gurobipy - INFO - Set parameter MIPGap to value 0.05
2026-02-18 16:29:00,090 - root - INFO - Starting global IQP optimization...
2026-02-18 16:29:00,091 - gurobipy - INFO - Gurobi Optimizer version 11.0.2 build v11.0.2rc0 (linux64 - "Red Hat Enterprise Linux 9.6 (Plow)")
2026-02-18 16:29:00,091 - gurobipy - INFO - 
2026-02-18 16:29:00,091 - gurobipy - INFO - CPU model: AMD EPYC 9374F 32-Core Processor, instruction set [SSE2|AVX|AVX2|AVX512]
2026-02-18 16:29:00,091 - gurobipy - INFO - Thread count: 64 physical cores, 64 logical processors, using up to 32 threads
2026-02-18 16:29:00,091 - gurobipy - INFO - 
2026-02-18 16:29:00,091 - gurobipy - INFO - Optimize a model with 1864 rows, 8604 columns and 16776 nonzeros
2026-02-18 16:29:00,091 - gurobipy - INFO - Model fingerprint: 0x35f6c3d1
2026-02-18 16:29:00,091 - gurobipy - INFO - Model has 8604 quadratic objective terms
2026-02-18 16:29:00,091 - gurobipy - INFO - Variable types: 0 continuous, 8604 integer (0 binary)
2026-02-18 16:29:00,091 - gurobipy - INFO - Coefficient statistics:
2026-02-18 16:29:00,091 - gurobipy - INFO -   Matrix range     [1e+00, 1e+00]
2026-02-18 16:29:00,091 - gurobipy - INFO -   Objective range  [1e-08, 1e+00]
2026-02-18 16:29:00,091 - gurobipy - INFO -   QObjective range [2e-02, 2e+00]
2026-02-18 16:29:00,091 - gurobipy - INFO -   Bounds range     [1e+00, 2e+01]
2026-02-18 16:29:00,091 - gurobipy - INFO -   RHS range        [1e+00, 2e+01]
2026-02-18 16:29:00,091 - gurobipy - INFO - 
2026-02-18 16:29:00,092 - gurobipy - INFO - Loaded user MIP start with objective 705.643
2026-02-18 16:29:00,092 - gurobipy - INFO - 
2026-02-18 16:29:04,969 - gurobipy - INFO - Presolve removed 1862 rows and 8595 columns
2026-02-18 16:29:04,969 - gurobipy - INFO - Presolve time: 4.88s
2026-02-18 16:29:04,969 - gurobipy - INFO - Presolved: 2 rows, 9 columns, 18 nonzeros
2026-02-18 16:29:04,969 - gurobipy - INFO - Presolved model has 9 quadratic objective terms
2026-02-18 16:29:04,969 - gurobipy - INFO - Found heuristic solution: objective 693.6429902
2026-02-18 16:29:04,969 - gurobipy - INFO - Variable types: 0 continuous, 9 integer (0 binary)
2026-02-18 16:29:04,969 - gurobipy - INFO - 
2026-02-18 16:29:04,969 - gurobipy - INFO - Explored 0 nodes (0 simplex iterations) in 4.88 seconds (0.15 work units)
2026-02-18 16:29:04,969 - gurobipy - INFO - Thread count was 32 (of 64 available processors)
2026-02-18 16:29:04,969 - gurobipy - INFO - 
2026-02-18 16:29:04,969 - gurobipy - INFO - Solution count 2: 693.643 705.643 
2026-02-18 16:29:04,969 - gurobipy - INFO - 
2026-02-18 16:29:04,969 - gurobipy - INFO - Optimal solution found (tolerance 5.00e-02)
2026-02-18 16:29:04,969 - gurobipy - INFO - Best objective 6.936429902345e+02, best bound 6.914358784928e+02, gap 0.3182%
2026-02-18 16:29:04,984 - root - INFO - Global IQP solved: status=2, gap=0.32%, time=4.9s
2026-02-18 16:29:05,031 - root - INFO -   Loss: 535.4732 (change: 0.000021)
2026-02-18 16:29:05,031 - root - INFO -   Beta range: [0.100, 0.515]
2026-02-18 16:29:05,031 - root - INFO -   Max beta change: 0.004366
2026-02-18 16:29:05,031 - root - INFO -   Cell count range: [0, 16]
2026-02-18 16:29:05,031 - root - INFO -     B-cells: 230 cells (5.8%)
2026-02-18 16:29:05,031 - root - INFO -     CAFs: 768 cells (19.2%)
2026-02-18 16:29:05,031 - root - INFO -     Cancer Epithelial: 398 cells (10.0%)
2026-02-18 16:29:05,031 - root - INFO -     Endothelial: 491 cells (12.3%)
2026-02-18 16:29:05,031 - root - INFO -     Myeloid: 322 cells (8.1%)
2026-02-18 16:29:05,031 - root - INFO -     Normal Epithelial: 465 cells (11.6%)
2026-02-18 16:29:05,031 - root - INFO -     PVL: 500 cells (12.5%)
2026-02-18 16:29:05,031 - root - INFO -     Plasmablasts: 509 cells (12.7%)
2026-02-18 16:29:05,031 - root - INFO -     T-cells: 314 cells (7.9%)
2026-02-18 16:29:05,031 - root - INFO - 
=== EM Iteration 10/10 ===
2026-02-18 16:29:05,031 - root - INFO - Marker weighting enabled: weights range [0.500, 0.500]
2026-02-18 16:29:05,031 - root - INFO - Global IQP: 956 spots x 9 cell types = 8604 integer variables
2026-02-18 16:29:05,031 - root - INFO - Time limit: 600.0s, MIP gap: 5.0%
2026-02-18 16:29:05,031 - root - INFO - Constraint slack: ±1 cells
2026-02-18 16:29:05,031 - root - INFO - Elastic net: lambda=1.00, alpha=0.50
2026-02-18 16:29:05,031 - gurobipy - INFO - Set parameter TimeLimit to value 600
2026-02-18 16:29:05,031 - gurobipy - INFO - Set parameter MIPGap to value 0.05
2026-02-18 16:29:06,147 - root - INFO - Starting global IQP optimization...
2026-02-18 16:29:06,147 - gurobipy - INFO - Gurobi Optimizer version 11.0.2 build v11.0.2rc0 (linux64 - "Red Hat Enterprise Linux 9.6 (Plow)")
2026-02-18 16:29:06,147 - gurobipy - INFO - 
2026-02-18 16:29:06,147 - gurobipy - INFO - CPU model: AMD EPYC 9374F 32-Core Processor, instruction set [SSE2|AVX|AVX2|AVX512]
2026-02-18 16:29:06,147 - gurobipy - INFO - Thread count: 64 physical cores, 64 logical processors, using up to 32 threads
2026-02-18 16:29:06,147 - gurobipy - INFO - 
2026-02-18 16:29:06,147 - gurobipy - INFO - Optimize a model with 1864 rows, 8604 columns and 16776 nonzeros
2026-02-18 16:29:06,147 - gurobipy - INFO - Model fingerprint: 0x78fb5bd2
2026-02-18 16:29:06,148 - gurobipy - INFO - Model has 8604 quadratic objective terms
2026-02-18 16:29:06,148 - gurobipy - INFO - Variable types: 0 continuous, 8604 integer (0 binary)
2026-02-18 16:29:06,148 - gurobipy - INFO - Coefficient statistics:
2026-02-18 16:29:06,148 - gurobipy - INFO -   Matrix range     [1e+00, 1e+00]
2026-02-18 16:29:06,148 - gurobipy - INFO -   Objective range  [1e-08, 1e+00]
2026-02-18 16:29:06,148 - gurobipy - INFO -   QObjective range [2e-02, 2e+00]
2026-02-18 16:29:06,148 - gurobipy - INFO -   Bounds range     [1e+00, 2e+01]
2026-02-18 16:29:06,148 - gurobipy - INFO -   RHS range        [1e+00, 2e+01]
2026-02-18 16:29:06,148 - gurobipy - INFO - 
2026-02-18 16:29:06,148 - gurobipy - INFO - Loaded user MIP start with objective 705.626
2026-02-18 16:29:06,148 - gurobipy - INFO - 
2026-02-18 16:29:11,159 - gurobipy - INFO - Presolve removed 1862 rows and 8595 columns (presolve time = 5s) ...
2026-02-18 16:29:11,159 - gurobipy - INFO - Presolve removed 1862 rows and 8595 columns
2026-02-18 16:29:11,159 - gurobipy - INFO - Presolve time: 5.01s
2026-02-18 16:29:11,159 - gurobipy - INFO - Presolved: 2 rows, 9 columns, 18 nonzeros
2026-02-18 16:29:11,159 - gurobipy - INFO - Presolved model has 9 quadratic objective terms
2026-02-18 16:29:11,159 - gurobipy - INFO - Found heuristic solution: objective 693.6247504
2026-02-18 16:29:11,159 - gurobipy - INFO - Variable types: 0 continuous, 9 integer (0 binary)
2026-02-18 16:29:11,160 - gurobipy - INFO - 
2026-02-18 16:29:11,160 - gurobipy - INFO - Explored 0 nodes (0 simplex iterations) in 5.01 seconds (0.15 work units)
2026-02-18 16:29:11,160 - gurobipy - INFO - Thread count was 32 (of 64 available processors)
2026-02-18 16:29:11,160 - gurobipy - INFO - 
2026-02-18 16:29:11,160 - gurobipy - INFO - Solution count 2: 693.625 705.626 
2026-02-18 16:29:11,160 - gurobipy - INFO - 
2026-02-18 16:29:11,160 - gurobipy - INFO - Optimal solution found (tolerance 5.00e-02)
2026-02-18 16:29:11,160 - gurobipy - INFO - Best objective 6.936247504189e+02, best bound 6.914144349301e+02, gap 0.3187%
2026-02-18 16:29:11,174 - root - INFO - Global IQP solved: status=2, gap=0.32%, time=5.0s
2026-02-18 16:29:11,225 - root - INFO -   Loss: 534.7172 (change: 0.001412)
2026-02-18 16:29:11,225 - root - INFO -   Beta range: [0.100, 0.515]
2026-02-18 16:29:11,225 - root - INFO -   Max beta change: 0.003785
2026-02-18 16:29:11,225 - root - INFO -   Cell count range: [0, 16]
2026-02-18 16:29:11,225 - root - INFO -     B-cells: 229 cells (5.7%)
2026-02-18 16:29:11,225 - root - INFO -     CAFs: 768 cells (19.2%)
2026-02-18 16:29:11,225 - root - INFO -     Cancer Epithelial: 399 cells (10.0%)
2026-02-18 16:29:11,225 - root - INFO -     Endothelial: 492 cells (12.3%)
2026-02-18 16:29:11,225 - root - INFO -     Myeloid: 322 cells (8.1%)
2026-02-18 16:29:11,225 - root - INFO -     Normal Epithelial: 466 cells (11.7%)
2026-02-18 16:29:11,225 - root - INFO -     PVL: 500 cells (12.5%)
2026-02-18 16:29:11,225 - root - INFO -     Plasmablasts: 510 cells (12.8%)
2026-02-18 16:29:11,225 - root - INFO -     T-cells: 311 cells (7.8%)
2026-02-18 16:29:11,225 - root - INFO - 
Final beta values:
2026-02-18 16:29:11,225 - root - INFO -   B-cells_Protein_1: β=0.334, α=0.000
2026-02-18 16:29:11,225 - root - INFO -   B-cells_Protein_2: β=0.323, α=0.000
2026-02-18 16:29:11,225 - root - INFO -   CAFs_Protein_1: β=0.515, α=0.000
2026-02-18 16:29:11,225 - root - INFO -   CAFs_Protein_2: β=0.515, α=0.000
2026-02-18 16:29:11,225 - root - INFO -   Cancer Epithelial_Protein_1: β=0.437, α=0.500
2026-02-18 16:29:11,225 - root - INFO -   Cancer Epithelial_Protein_2: β=0.437, α=0.500
2026-02-18 16:29:11,225 - root - INFO -   Endothelial_Protein_1: β=0.100, α=0.000
2026-02-18 16:29:11,225 - root - INFO -   Endothelial_Protein_2: β=0.100, α=0.000
2026-02-18 16:29:11,225 - root - INFO -   Myeloid_Protein_1: β=0.399, α=0.000
2026-02-18 16:29:11,225 - root - INFO -   Myeloid_Protein_2: β=0.418, α=0.000
2026-02-18 16:29:11,225 - root - INFO -   Normal Epithelial_Protein_1: β=0.100, α=0.000
2026-02-18 16:29:11,225 - root - INFO -   Normal Epithelial_Protein_2: β=0.101, α=0.000
2026-02-18 16:29:11,225 - root - INFO -   PVL_Protein_1: β=0.100, α=0.000
2026-02-18 16:29:11,225 - root - INFO -   PVL_Protein_2: β=0.100, α=0.000
2026-02-18 16:29:11,225 - root - INFO -   Plasmablasts_Protein_1: β=0.100, α=0.000
2026-02-18 16:29:11,225 - root - INFO -   Plasmablasts_Protein_2: β=0.100, α=0.000
2026-02-18 16:29:11,225 - root - INFO -   T-cells_Protein_1: β=0.410, α=0.000
2026-02-18 16:29:11,225 - root - INFO -   T-cells_Protein_2: β=0.411, α=0.008
2026-02-18 16:29:11,230 - root - INFO - Saved discrete cell counts to Benchmarking/simulation_benchmarking/CITEgeist/output_discrete_relaxed/mixed/dapi/mixed/dapi/Wu_rep_3/Wu_rep_3_discrete_cell_counts.csv
2026-02-18 16:29:11,235 - root - INFO - Saved derived proportions to Benchmarking/simulation_benchmarking/CITEgeist/output_discrete_relaxed/mixed/dapi/mixed/dapi/Wu_rep_3/Wu_rep_3_cell_prop_discrete.csv
2026-02-18 16:29:11,235 - root - INFO - Cell type distribution:
2026-02-18 16:29:11,235 - root - INFO -   B-cells: 229 cells (5.7%)
2026-02-18 16:29:11,235 - root - INFO -   CAFs: 768 cells (19.2%)
2026-02-18 16:29:11,235 - root - INFO -   Cancer Epithelial: 399 cells (10.0%)
2026-02-18 16:29:11,235 - root - INFO -   Endothelial: 492 cells (12.3%)
2026-02-18 16:29:11,235 - root - INFO -   Myeloid: 322 cells (8.1%)
2026-02-18 16:29:11,235 - root - INFO -   Normal Epithelial: 466 cells (11.7%)
2026-02-18 16:29:11,235 - root - INFO -   PVL: 500 cells (12.5%)
2026-02-18 16:29:11,235 - root - INFO -   Plasmablasts: 510 cells (12.8%)
2026-02-18 16:29:11,235 - root - INFO -   T-cells: 311 cells (7.8%)
2026-02-18 16:29:11,240 - __main__ - INFO - Loaded ground truth proportions: 956 spots, 9 cell types
2026-02-18 16:29:11,241 - __main__ - INFO - Proportion correlation: 0.486
2026-02-18 16:29:11,241 - __main__ - INFO - Proportion RMSE: 0.1970
2026-02-18 16:29:11,241 - __main__ - INFO - Running GEX deconvolution...
2026-02-18 16:29:11,242 - CITEgeist.model.utils - INFO - Detected spot spacing: 1.61 units (median of 956 nearest-neighbor distances)
2026-02-18 16:29:11,242 - CITEgeist.model.utils - INFO - Computed optimal radius: 4.92 (3.0 rings, spot_spacing=1.61)
2026-02-18 16:29:11,242 - root - INFO - Auto-detected radius: 4.92 (3 rings)
2026-02-18 16:29:11,242 - root - INFO - Starting Pass 1: Error minimization with enrichment weights...
2026-02-18 16:29:11,242 - root - INFO - Using discrete mode: cell counts as fixed multipliers
2026-02-18 16:29:11,242 - root - WARNING - Found 38 spots with zero cells. These will be skipped in deconvolution.
2026-02-18 16:29:11,242 - root - WARNING - Found 38 spots with zero or negligible total cell proportions. Deconvolution for these spots may fail and their profiles will be imputed as zeros. Example spot indices: [ 48  82 101 141 152]
2026-02-18 16:29:11,243 - root - INFO - Starting analysis for Wu_rep_3
2026-02-18 16:29:11,243 - root - INFO - Already completed spots: 0
2026-02-18 16:29:11,243 - root - INFO - Using enrichment weights - Global: 0.5, Local: 0.5
2026-02-18 16:29:11,243 - root - INFO - Using 64 workers
2026-02-18 16:29:11,243 - root - INFO - Processing 956 remaining spots
Deconvoluting Remaining Spots:   0%|          | 0/956 [00:00<?, ?it/s]Deconvoluting Remaining Spots:   0%|          | 1/956 [00:03<59:35,  3.74s/it]Deconvoluting Remaining Spots:   0%|          | 2/956 [00:04<28:31,  1.79s/it]Deconvoluting Remaining Spots:   0%|          | 3/956 [00:04<18:10,  1.14s/it]Deconvoluting Remaining Spots:   0%|          | 4/956 [00:04<13:29,  1.18it/s]Deconvoluting Remaining Spots:   1%|          | 5/956 [00:05<10:37,  1.49it/s]Deconvoluting Remaining Spots:   1%|          | 6/956 [00:05<08:51,  1.79it/s]Deconvoluting Remaining Spots:   1%|          | 7/956 [00:06<07:55,  2.00it/s]Deconvoluting Remaining Spots:   1%|          | 8/956 [00:06<07:50,  2.02it/s]Deconvoluting Remaining Spots:   1%|          | 9/956 [00:06<07:22,  2.14it/s]Deconvoluting Remaining Spots:   1%|          | 10/956 [00:07<06:59,  2.26it/s]Deconvoluting Remaining Spots:   1%|          | 11/956 [00:07<07:23,  2.13it/s]Deconvoluting Remaining Spots:   1%|▏         | 12/956 [00:08<06:31,  2.41it/s]Deconvoluting Remaining Spots:   1%|▏         | 13/956 [00:08<06:26,  2.44it/s]Deconvoluting Remaining Spots:   1%|▏         | 14/956 [00:08<06:27,  2.43it/s]Deconvoluting Remaining Spots:   2%|▏         | 15/956 [00:09<06:31,  2.40it/s]Deconvoluting Remaining Spots:   2%|▏         | 16/956 [00:09<06:37,  2.37it/s]Deconvoluting Remaining Spots:   2%|▏         | 17/956 [00:10<07:17,  2.15it/s]Deconvoluting Remaining Spots:   2%|▏         | 18/956 [00:11<08:21,  1.87it/s]Deconvoluting Remaining Spots:   2%|▏         | 20/956 [00:11<06:10,  2.53it/s]Deconvoluting Remaining Spots:   2%|▏         | 21/956 [00:11<06:01,  2.59it/s]Deconvoluting Remaining Spots:   2%|▏         | 22/956 [00:12<06:05,  2.56it/s]Deconvoluting Remaining Spots:   2%|▏         | 23/956 [00:12<06:18,  2.46it/s]Deconvoluting Remaining Spots:   3%|▎         | 24/956 [00:13<06:29,  2.39it/s]Deconvoluting Remaining Spots:   3%|▎         | 25/956 [00:13<06:49,  2.27it/s]Deconvoluting Remaining Spots:   3%|▎         | 26/956 [00:14<06:50,  2.27it/s]Deconvoluting Remaining Spots:   3%|▎         | 27/956 [00:14<06:29,  2.38it/s]Deconvoluting Remaining Spots:   3%|▎         | 28/956 [00:15<07:03,  2.19it/s]Deconvoluting Remaining Spots:   3%|▎         | 29/956 [00:15<06:03,  2.55it/s]Deconvoluting Remaining Spots:   3%|▎         | 30/956 [00:15<06:11,  2.50it/s]Deconvoluting Remaining Spots:   3%|▎         | 31/956 [00:16<06:20,  2.43it/s]Deconvoluting Remaining Spots:   3%|▎         | 32/956 [00:16<06:03,  2.54it/s]Deconvoluting Remaining Spots:   3%|▎         | 33/956 [00:17<06:43,  2.29it/s]Deconvoluting Remaining Spots:   4%|▎         | 34/956 [00:17<06:44,  2.28it/s]Deconvoluting Remaining Spots:   4%|▎         | 35/956 [00:17<06:56,  2.21it/s]Deconvoluting Remaining Spots:   4%|▍         | 36/956 [00:18<06:40,  2.30it/s]Deconvoluting Remaining Spots:   4%|▍         | 37/956 [00:18<06:03,  2.53it/s]Deconvoluting Remaining Spots:   4%|▍         | 38/956 [00:19<06:22,  2.40it/s]Deconvoluting Remaining Spots:   4%|▍         | 39/956 [00:19<05:49,  2.62it/s]Deconvoluting Remaining Spots:   4%|▍         | 40/956 [00:19<05:45,  2.65it/s]Deconvoluting Remaining Spots:   4%|▍         | 41/956 [00:20<06:20,  2.41it/s]Deconvoluting Remaining Spots:   4%|▍         | 42/956 [00:20<06:12,  2.45it/s]Deconvoluting Remaining Spots:   4%|▍         | 43/956 [00:21<06:17,  2.42it/s]Deconvoluting Remaining Spots:   5%|▍         | 44/956 [00:21<06:08,  2.47it/s]Deconvoluting Remaining Spots:   5%|▍         | 45/956 [00:21<06:08,  2.47it/s]Deconvoluting Remaining Spots:   5%|▍         | 46/956 [00:22<05:29,  2.76it/s]Deconvoluting Remaining Spots:   5%|▍         | 47/956 [00:22<05:43,  2.65it/s]Deconvoluting Remaining Spots:   5%|▌         | 48/956 [00:22<05:37,  2.69it/s]Deconvoluting Remaining Spots:   5%|▌         | 49/956 [00:23<05:41,  2.66it/s]Deconvoluting Remaining Spots:   5%|▌         | 50/956 [00:23<05:55,  2.55it/s]Deconvoluting Remaining Spots:   5%|▌         | 51/956 [00:24<06:15,  2.41it/s]Deconvoluting Remaining Spots:   5%|▌         | 52/956 [00:24<06:04,  2.48it/s]Deconvoluting Remaining Spots:   6%|▌         | 53/956 [00:24<05:31,  2.73it/s]Deconvoluting Remaining Spots:   6%|▌         | 54/956 [00:25<06:18,  2.38it/s]Deconvoluting Remaining Spots:   6%|▌         | 55/956 [00:25<05:37,  2.67it/s]Deconvoluting Remaining Spots:   6%|▌         | 56/956 [00:26<05:49,  2.58it/s]Deconvoluting Remaining Spots:   6%|▌         | 57/956 [00:26<06:17,  2.38it/s]Deconvoluting Remaining Spots:   6%|▌         | 58/956 [00:26<06:07,  2.44it/s]Deconvoluting Remaining Spots:   6%|▌         | 59/956 [00:27<05:38,  2.65it/s]Deconvoluting Remaining Spots:   6%|▋         | 60/956 [00:27<05:23,  2.77it/s]Deconvoluting Remaining Spots:   6%|▋         | 61/956 [00:28<05:49,  2.56it/s]Deconvoluting Remaining Spots:   6%|▋         | 62/956 [00:28<05:21,  2.78it/s]Deconvoluting Remaining Spots:   7%|▋         | 63/956 [00:28<05:53,  2.53it/s]Deconvoluting Remaining Spots:   7%|▋         | 64/956 [00:29<06:01,  2.47it/s]Deconvoluting Remaining Spots:   7%|▋         | 65/956 [00:29<05:42,  2.60it/s]Deconvoluting Remaining Spots:   7%|▋         | 66/956 [00:30<08:15,  1.80it/s]Deconvoluting Remaining Spots:   7%|▋         | 67/956 [00:30<07:35,  1.95it/s]Deconvoluting Remaining Spots:   7%|▋         | 69/956 [00:31<06:02,  2.44it/s]Deconvoluting Remaining Spots:   7%|▋         | 70/956 [00:31<05:45,  2.57it/s]Deconvoluting Remaining Spots:   7%|▋         | 71/956 [00:32<05:29,  2.69it/s]Deconvoluting Remaining Spots:   8%|▊         | 73/956 [00:32<04:04,  3.62it/s]Deconvoluting Remaining Spots:   8%|▊         | 74/956 [00:32<04:18,  3.41it/s]Deconvoluting Remaining Spots:   8%|▊         | 75/956 [00:32<03:39,  4.01it/s]Deconvoluting Remaining Spots:   8%|▊         | 76/956 [00:33<05:01,  2.92it/s]Deconvoluting Remaining Spots:   8%|▊         | 78/956 [00:34<06:01,  2.43it/s]Deconvoluting Remaining Spots:   8%|▊         | 80/956 [00:35<05:05,  2.87it/s]Deconvoluting Remaining Spots:   8%|▊         | 81/956 [00:35<05:24,  2.70it/s]Deconvoluting Remaining Spots:   9%|▊         | 82/956 [00:35<04:43,  3.08it/s]Deconvoluting Remaining Spots:   9%|▊         | 83/956 [00:35<04:17,  3.40it/s]Deconvoluting Remaining Spots:   9%|▉         | 84/956 [00:36<04:50,  3.00it/s]Deconvoluting Remaining Spots:   9%|▉         | 85/956 [00:36<05:13,  2.78it/s]Deconvoluting Remaining Spots:   9%|▉         | 87/956 [00:37<04:58,  2.91it/s]Deconvoluting Remaining Spots:   9%|▉         | 88/956 [00:37<04:27,  3.25it/s]Deconvoluting Remaining Spots:   9%|▉         | 89/956 [00:37<04:07,  3.51it/s]Deconvoluting Remaining Spots:   9%|▉         | 90/956 [00:38<05:09,  2.80it/s]Deconvoluting Remaining Spots:  10%|▉         | 91/956 [00:38<05:11,  2.78it/s]Deconvoluting Remaining Spots:  10%|▉         | 92/956 [00:38<04:18,  3.34it/s]Deconvoluting Remaining Spots:  10%|▉         | 93/956 [00:39<04:10,  3.44it/s]Deconvoluting Remaining Spots:  10%|▉         | 94/956 [00:39<04:40,  3.07it/s]Deconvoluting Remaining Spots:  10%|▉         | 95/956 [00:39<05:01,  2.86it/s]Deconvoluting Remaining Spots:  10%|█         | 96/956 [00:40<05:34,  2.57it/s]Deconvoluting Remaining Spots:  10%|█         | 97/956 [00:40<04:45,  3.01it/s]Deconvoluting Remaining Spots:  10%|█         | 98/956 [00:41<04:59,  2.87it/s]Deconvoluting Remaining Spots:  10%|█         | 99/956 [00:41<04:46,  2.99it/s]Deconvoluting Remaining Spots:  10%|█         | 100/956 [00:41<05:30,  2.59it/s]2026-02-18 16:29:55,259 - root - INFO - Saved checkpoint after 100 completed spots
Deconvoluting Remaining Spots:  11%|█         | 101/956 [00:42<08:44,  1.63it/s]Deconvoluting Remaining Spots:  11%|█         | 104/956 [00:43<04:50,  2.94it/s]Deconvoluting Remaining Spots:  11%|█         | 105/956 [00:44<06:20,  2.24it/s]Deconvoluting Remaining Spots:  11%|█         | 106/956 [00:44<05:25,  2.61it/s]Deconvoluting Remaining Spots:  11%|█         | 107/956 [00:44<05:14,  2.70it/s]Deconvoluting Remaining Spots:  11%|█▏        | 108/956 [00:44<04:21,  3.25it/s]Deconvoluting Remaining Spots:  11%|█▏        | 109/956 [00:45<05:04,  2.79it/s]Deconvoluting Remaining Spots:  12%|█▏        | 110/956 [00:45<04:28,  3.15it/s]Deconvoluting Remaining Spots:  12%|█▏        | 111/956 [00:46<05:07,  2.75it/s]Deconvoluting Remaining Spots:  12%|█▏        | 112/956 [00:46<04:20,  3.24it/s]Deconvoluting Remaining Spots:  12%|█▏        | 114/956 [00:46<04:03,  3.46it/s]Deconvoluting Remaining Spots:  12%|█▏        | 115/956 [00:47<03:57,  3.55it/s]Deconvoluting Remaining Spots:  12%|█▏        | 116/956 [00:47<06:10,  2.27it/s]Deconvoluting Remaining Spots:  12%|█▏        | 117/956 [00:48<05:11,  2.69it/s]Deconvoluting Remaining Spots:  12%|█▏        | 118/956 [00:48<06:17,  2.22it/s]Deconvoluting Remaining Spots:  12%|█▏        | 119/956 [00:48<05:14,  2.66it/s]Deconvoluting Remaining Spots:  13%|█▎        | 120/956 [00:49<04:22,  3.19it/s]Deconvoluting Remaining Spots:  13%|█▎        | 121/956 [00:49<05:27,  2.55it/s]Deconvoluting Remaining Spots:  13%|█▎        | 123/956 [00:50<04:11,  3.32it/s]Deconvoluting Remaining Spots:  13%|█▎        | 124/956 [00:50<04:33,  3.04it/s]Deconvoluting Remaining Spots:  13%|█▎        | 125/956 [00:51<05:18,  2.61it/s]Deconvoluting Remaining Spots:  13%|█▎        | 126/956 [00:51<04:46,  2.89it/s]Deconvoluting Remaining Spots:  13%|█▎        | 127/956 [00:51<04:39,  2.97it/s]Deconvoluting Remaining Spots:  13%|█▎        | 128/956 [00:51<04:41,  2.94it/s]Deconvoluting Remaining Spots:  13%|█▎        | 129/956 [00:52<04:46,  2.88it/s]Deconvoluting Remaining Spots:  14%|█▎        | 130/956 [00:52<04:51,  2.84it/s]Deconvoluting Remaining Spots:  14%|█▎        | 131/956 [00:52<04:36,  2.98it/s]Deconvoluting Remaining Spots:  14%|█▍        | 132/956 [00:53<04:50,  2.84it/s]Deconvoluting Remaining Spots:  14%|█▍        | 133/956 [00:53<04:41,  2.93it/s]Deconvoluting Remaining Spots:  14%|█▍        | 134/956 [00:54<05:28,  2.50it/s]Deconvoluting Remaining Spots:  14%|█▍        | 135/956 [00:54<04:50,  2.82it/s]Deconvoluting Remaining Spots:  14%|█▍        | 136/956 [00:54<04:27,  3.06it/s]Deconvoluting Remaining Spots:  14%|█▍        | 137/956 [00:55<04:47,  2.84it/s]Deconvoluting Remaining Spots:  14%|█▍        | 138/956 [00:55<05:41,  2.40it/s]Deconvoluting Remaining Spots:  15%|█▍        | 139/956 [00:56<05:26,  2.50it/s]Deconvoluting Remaining Spots:  15%|█▍        | 140/956 [00:56<05:24,  2.52it/s]Deconvoluting Remaining Spots:  15%|█▍        | 142/956 [00:57<05:05,  2.66it/s]Deconvoluting Remaining Spots:  15%|█▌        | 144/956 [00:57<03:52,  3.49it/s]Deconvoluting Remaining Spots:  15%|█▌        | 145/956 [00:57<04:28,  3.02it/s]Deconvoluting Remaining Spots:  15%|█▌        | 146/956 [00:58<04:10,  3.23it/s]Deconvoluting Remaining Spots:  15%|█▌        | 147/956 [00:58<03:47,  3.55it/s]Deconvoluting Remaining Spots:  15%|█▌        | 148/956 [00:58<03:57,  3.40it/s]Deconvoluting Remaining Spots:  16%|█▌        | 149/956 [00:59<04:24,  3.06it/s]Deconvoluting Remaining Spots:  16%|█▌        | 150/956 [00:59<04:22,  3.07it/s]Deconvoluting Remaining Spots:  16%|█▌        | 151/956 [01:00<05:28,  2.45it/s]Deconvoluting Remaining Spots:  16%|█▌        | 152/956 [01:00<04:41,  2.85it/s]Deconvoluting Remaining Spots:  16%|█▌        | 153/956 [01:00<04:40,  2.86it/s]Deconvoluting Remaining Spots:  16%|█▌        | 154/956 [01:00<04:26,  3.01it/s]Deconvoluting Remaining Spots:  16%|█▌        | 155/956 [01:01<04:23,  3.04it/s]Deconvoluting Remaining Spots:  16%|█▋        | 156/956 [01:01<04:57,  2.69it/s]Deconvoluting Remaining Spots:  16%|█▋        | 157/956 [01:02<04:52,  2.73it/s]Deconvoluting Remaining Spots:  17%|█▋        | 159/956 [01:02<04:05,  3.25it/s]Deconvoluting Remaining Spots:  17%|█▋        | 160/956 [01:02<03:55,  3.39it/s]Deconvoluting Remaining Spots:  17%|█▋        | 161/956 [01:03<03:58,  3.34it/s]Deconvoluting Remaining Spots:  17%|█▋        | 162/956 [01:03<04:14,  3.12it/s]Deconvoluting Remaining Spots:  17%|█▋        | 163/956 [01:03<04:08,  3.19it/s]Deconvoluting Remaining Spots:  17%|█▋        | 164/956 [01:04<05:21,  2.47it/s]Deconvoluting Remaining Spots:  17%|█▋        | 166/956 [01:04<04:10,  3.15it/s]Deconvoluting Remaining Spots:  17%|█▋        | 167/956 [01:05<04:18,  3.05it/s]Deconvoluting Remaining Spots:  18%|█▊        | 168/956 [01:05<04:26,  2.96it/s]Deconvoluting Remaining Spots:  18%|█▊        | 169/956 [01:05<04:07,  3.18it/s]Deconvoluting Remaining Spots:  18%|█▊        | 170/956 [01:06<04:31,  2.89it/s]Deconvoluting Remaining Spots:  18%|█▊        | 171/956 [01:06<04:39,  2.81it/s]Deconvoluting Remaining Spots:  18%|█▊        | 172/956 [01:06<04:27,  2.93it/s]Deconvoluting Remaining Spots:  18%|█▊        | 173/956 [01:07<04:10,  3.13it/s]Deconvoluting Remaining Spots:  18%|█▊        | 174/956 [01:07<05:37,  2.31it/s]Deconvoluting Remaining Spots:  18%|█▊        | 176/956 [01:08<04:16,  3.04it/s]Deconvoluting Remaining Spots:  19%|█▊        | 177/956 [01:08<03:49,  3.39it/s]Deconvoluting Remaining Spots:  19%|█▊        | 178/956 [01:08<04:33,  2.84it/s]Deconvoluting Remaining Spots:  19%|█▊        | 179/956 [01:09<03:42,  3.49it/s]Deconvoluting Remaining Spots:  19%|█▉        | 180/956 [01:09<03:53,  3.33it/s]Deconvoluting Remaining Spots:  19%|█▉        | 181/956 [01:09<04:11,  3.09it/s]Deconvoluting Remaining Spots:  19%|█▉        | 182/956 [01:10<04:23,  2.94it/s]Deconvoluting Remaining Spots:  19%|█▉        | 183/956 [01:10<04:36,  2.80it/s]Deconvoluting Remaining Spots:  19%|█▉        | 184/956 [01:11<05:19,  2.42it/s]Deconvoluting Remaining Spots:  19%|█▉        | 185/956 [01:11<04:18,  2.98it/s]Deconvoluting Remaining Spots:  19%|█▉        | 186/956 [01:11<04:07,  3.11it/s]Deconvoluting Remaining Spots:  20%|█▉        | 187/956 [01:11<04:30,  2.84it/s]Deconvoluting Remaining Spots:  20%|█▉        | 188/956 [01:12<04:16,  2.99it/s]Deconvoluting Remaining Spots:  20%|█▉        | 189/956 [01:12<04:18,  2.97it/s]Deconvoluting Remaining Spots:  20%|█▉        | 190/956 [01:12<03:46,  3.38it/s]Deconvoluting Remaining Spots:  20%|█▉        | 191/956 [01:13<04:16,  2.98it/s]Deconvoluting Remaining Spots:  20%|██        | 192/956 [01:13<04:09,  3.06it/s]Deconvoluting Remaining Spots:  20%|██        | 193/956 [01:14<05:00,  2.54it/s]Deconvoluting Remaining Spots:  20%|██        | 194/956 [01:14<04:17,  2.96it/s]Deconvoluting Remaining Spots:  20%|██        | 195/956 [01:14<04:27,  2.84it/s]Deconvoluting Remaining Spots:  21%|██        | 196/956 [01:14<03:51,  3.28it/s]Deconvoluting Remaining Spots:  21%|██        | 197/956 [01:15<05:25,  2.33it/s]Deconvoluting Remaining Spots:  21%|██        | 199/956 [01:16<04:28,  2.82it/s]Deconvoluting Remaining Spots:  21%|██        | 200/956 [01:16<04:39,  2.71it/s]2026-02-18 16:30:30,917 - root - INFO - Saved checkpoint after 200 completed spots
Deconvoluting Remaining Spots:  21%|██        | 201/956 [01:18<10:16,  1.23it/s]Deconvoluting Remaining Spots:  22%|██▏       | 208/956 [01:18<03:04,  4.05it/s]Deconvoluting Remaining Spots:  22%|██▏       | 210/956 [01:19<03:23,  3.67it/s]Deconvoluting Remaining Spots:  22%|██▏       | 211/956 [01:19<03:28,  3.56it/s]Deconvoluting Remaining Spots:  22%|██▏       | 212/956 [01:20<03:46,  3.29it/s]Deconvoluting Remaining Spots:  22%|██▏       | 213/956 [01:20<03:46,  3.27it/s]Deconvoluting Remaining Spots:  22%|██▏       | 214/956 [01:21<04:37,  2.67it/s]Deconvoluting Remaining Spots:  22%|██▏       | 215/956 [01:21<04:23,  2.81it/s]Deconvoluting Remaining Spots:  23%|██▎       | 216/956 [01:22<04:57,  2.48it/s]Deconvoluting Remaining Spots:  23%|██▎       | 217/956 [01:22<04:38,  2.66it/s]Deconvoluting Remaining Spots:  23%|██▎       | 218/956 [01:22<04:33,  2.70it/s]Deconvoluting Remaining Spots:  23%|██▎       | 219/956 [01:23<04:16,  2.88it/s]Deconvoluting Remaining Spots:  23%|██▎       | 220/956 [01:23<03:58,  3.09it/s]Deconvoluting Remaining Spots:  23%|██▎       | 221/956 [01:23<04:29,  2.73it/s]Deconvoluting Remaining Spots:  23%|██▎       | 222/956 [01:24<04:04,  3.00it/s]Deconvoluting Remaining Spots:  23%|██▎       | 223/956 [01:24<03:47,  3.22it/s]Deconvoluting Remaining Spots:  23%|██▎       | 224/956 [01:24<04:34,  2.67it/s]Deconvoluting Remaining Spots:  24%|██▎       | 225/956 [01:25<04:49,  2.52it/s]Deconvoluting Remaining Spots:  24%|██▎       | 226/956 [01:25<04:25,  2.75it/s]Deconvoluting Remaining Spots:  24%|██▎       | 227/956 [01:25<03:52,  3.13it/s]Deconvoluting Remaining Spots:  24%|██▍       | 228/956 [01:26<03:35,  3.38it/s]Deconvoluting Remaining Spots:  24%|██▍       | 229/956 [01:26<03:58,  3.05it/s]Deconvoluting Remaining Spots:  24%|██▍       | 230/956 [01:26<03:56,  3.08it/s]Deconvoluting Remaining Spots:  24%|██▍       | 231/956 [01:27<04:06,  2.94it/s]Deconvoluting Remaining Spots:  24%|██▍       | 232/956 [01:27<04:04,  2.96it/s]Deconvoluting Remaining Spots:  24%|██▍       | 233/956 [01:27<03:30,  3.43it/s]Deconvoluting Remaining Spots:  24%|██▍       | 234/956 [01:28<03:59,  3.02it/s]Deconvoluting Remaining Spots:  25%|██▍       | 235/956 [01:28<05:40,  2.12it/s]Deconvoluting Remaining Spots:  25%|██▍       | 236/956 [01:28<04:25,  2.71it/s]Deconvoluting Remaining Spots:  25%|██▍       | 237/956 [01:29<04:04,  2.94it/s]Deconvoluting Remaining Spots:  25%|██▍       | 238/956 [01:29<03:34,  3.35it/s]Deconvoluting Remaining Spots:  25%|██▌       | 239/956 [01:30<04:30,  2.65it/s]Deconvoluting Remaining Spots:  25%|██▌       | 240/956 [01:30<03:34,  3.35it/s]Deconvoluting Remaining Spots:  25%|██▌       | 241/956 [01:30<03:38,  3.27it/s]Deconvoluting Remaining Spots:  25%|██▌       | 242/956 [01:30<03:51,  3.09it/s]Deconvoluting Remaining Spots:  25%|██▌       | 243/956 [01:31<05:04,  2.34it/s]Deconvoluting Remaining Spots:  26%|██▌       | 244/956 [01:31<04:50,  2.45it/s]Deconvoluting Remaining Spots:  26%|██▌       | 245/956 [01:32<04:05,  2.90it/s]Deconvoluting Remaining Spots:  26%|██▌       | 247/956 [01:32<03:53,  3.03it/s]Deconvoluting Remaining Spots:  26%|██▌       | 248/956 [01:33<04:40,  2.52it/s]Deconvoluting Remaining Spots:  26%|██▌       | 249/956 [01:33<03:57,  2.98it/s]Deconvoluting Remaining Spots:  26%|██▌       | 250/956 [01:34<05:07,  2.29it/s]Deconvoluting Remaining Spots:  26%|██▋       | 251/956 [01:34<04:11,  2.80it/s]Deconvoluting Remaining Spots:  26%|██▋       | 252/956 [01:34<04:37,  2.54it/s]Deconvoluting Remaining Spots:  26%|██▋       | 253/956 [01:34<03:57,  2.96it/s]Deconvoluting Remaining Spots:  27%|██▋       | 254/956 [01:35<04:13,  2.77it/s]Deconvoluting Remaining Spots:  27%|██▋       | 255/956 [01:35<03:39,  3.19it/s]Deconvoluting Remaining Spots:  27%|██▋       | 256/956 [01:35<03:39,  3.19it/s]Deconvoluting Remaining Spots:  27%|██▋       | 257/956 [01:36<05:28,  2.13it/s]Deconvoluting Remaining Spots:  27%|██▋       | 258/956 [01:37<05:22,  2.16it/s]Deconvoluting Remaining Spots:  27%|██▋       | 259/956 [01:37<05:10,  2.25it/s]Deconvoluting Remaining Spots:  27%|██▋       | 260/956 [01:37<04:51,  2.39it/s]Deconvoluting Remaining Spots:  27%|██▋       | 261/956 [01:38<03:45,  3.08it/s]Deconvoluting Remaining Spots:  27%|██▋       | 262/956 [01:38<03:24,  3.39it/s]Deconvoluting Remaining Spots:  28%|██▊       | 264/956 [01:38<02:40,  4.32it/s]Deconvoluting Remaining Spots:  28%|██▊       | 265/956 [01:39<03:34,  3.23it/s]Deconvoluting Remaining Spots:  28%|██▊       | 266/956 [01:39<03:11,  3.61it/s]Deconvoluting Remaining Spots:  28%|██▊       | 267/956 [01:40<04:26,  2.58it/s]Deconvoluting Remaining Spots:  28%|██▊       | 268/956 [01:40<04:07,  2.78it/s]Deconvoluting Remaining Spots:  28%|██▊       | 269/956 [01:40<04:02,  2.83it/s]Deconvoluting Remaining Spots:  28%|██▊       | 270/956 [01:41<04:05,  2.79it/s]Deconvoluting Remaining Spots:  28%|██▊       | 271/956 [01:41<04:08,  2.76it/s]Deconvoluting Remaining Spots:  28%|██▊       | 272/956 [01:41<04:00,  2.85it/s]Deconvoluting Remaining Spots:  29%|██▊       | 273/956 [01:41<03:49,  2.98it/s]Deconvoluting Remaining Spots:  29%|██▊       | 274/956 [01:42<03:52,  2.94it/s]Deconvoluting Remaining Spots:  29%|██▉       | 275/956 [01:42<03:57,  2.87it/s]Deconvoluting Remaining Spots:  29%|██▉       | 276/956 [01:43<03:59,  2.84it/s]Deconvoluting Remaining Spots:  29%|██▉       | 277/956 [01:43<04:22,  2.59it/s]Deconvoluting Remaining Spots:  29%|██▉       | 279/956 [01:44<03:39,  3.08it/s]Deconvoluting Remaining Spots:  29%|██▉       | 280/956 [01:44<04:31,  2.49it/s]Deconvoluting Remaining Spots:  29%|██▉       | 281/956 [01:44<03:58,  2.83it/s]Deconvoluting Remaining Spots:  29%|██▉       | 282/956 [01:45<03:43,  3.01it/s]Deconvoluting Remaining Spots:  30%|██▉       | 283/956 [01:45<03:39,  3.07it/s]Deconvoluting Remaining Spots:  30%|██▉       | 284/956 [01:45<03:24,  3.29it/s]Deconvoluting Remaining Spots:  30%|██▉       | 285/956 [01:46<03:54,  2.86it/s]Deconvoluting Remaining Spots:  30%|██▉       | 286/956 [01:46<04:47,  2.33it/s]Deconvoluting Remaining Spots:  30%|███       | 287/956 [01:46<03:50,  2.90it/s]Deconvoluting Remaining Spots:  30%|███       | 288/956 [01:47<04:16,  2.61it/s]Deconvoluting Remaining Spots:  30%|███       | 289/956 [01:47<04:21,  2.55it/s]Deconvoluting Remaining Spots:  30%|███       | 290/956 [01:48<04:19,  2.57it/s]Deconvoluting Remaining Spots:  30%|███       | 291/956 [01:48<03:48,  2.91it/s]Deconvoluting Remaining Spots:  31%|███       | 292/956 [01:48<03:57,  2.79it/s]Deconvoluting Remaining Spots:  31%|███       | 293/956 [01:49<03:39,  3.02it/s]Deconvoluting Remaining Spots:  31%|███       | 294/956 [01:49<04:54,  2.25it/s]Deconvoluting Remaining Spots:  31%|███       | 295/956 [01:49<03:46,  2.92it/s]Deconvoluting Remaining Spots:  31%|███       | 296/956 [01:50<03:39,  3.01it/s]Deconvoluting Remaining Spots:  31%|███       | 297/956 [01:50<04:04,  2.69it/s]Deconvoluting Remaining Spots:  31%|███       | 298/956 [01:50<03:13,  3.39it/s]Deconvoluting Remaining Spots:  31%|███▏      | 299/956 [01:51<03:29,  3.14it/s]Deconvoluting Remaining Spots:  31%|███▏      | 300/956 [01:51<04:12,  2.60it/s]2026-02-18 16:31:06,958 - root - INFO - Saved checkpoint after 300 completed spots
Deconvoluting Remaining Spots:  31%|███▏      | 301/956 [01:54<12:35,  1.15s/it]Deconvoluting Remaining Spots:  32%|███▏      | 310/956 [01:54<02:46,  3.89it/s]Deconvoluting Remaining Spots:  33%|███▎      | 312/956 [01:55<02:44,  3.91it/s]Deconvoluting Remaining Spots:  33%|███▎      | 314/956 [01:56<02:59,  3.59it/s]Deconvoluting Remaining Spots:  33%|███▎      | 315/956 [01:56<02:52,  3.72it/s]Deconvoluting Remaining Spots:  33%|███▎      | 316/956 [01:56<03:18,  3.22it/s]Deconvoluting Remaining Spots:  33%|███▎      | 317/956 [01:57<02:58,  3.57it/s]Deconvoluting Remaining Spots:  33%|███▎      | 318/956 [01:57<03:18,  3.22it/s]Deconvoluting Remaining Spots:  33%|███▎      | 319/956 [01:57<03:48,  2.79it/s]Deconvoluting Remaining Spots:  33%|███▎      | 320/956 [01:58<04:35,  2.31it/s]Deconvoluting Remaining Spots:  34%|███▎      | 322/956 [01:58<03:30,  3.01it/s]Deconvoluting Remaining Spots:  34%|███▍      | 323/956 [01:59<03:33,  2.97it/s]Deconvoluting Remaining Spots:  34%|███▍      | 324/956 [01:59<03:27,  3.04it/s]Deconvoluting Remaining Spots:  34%|███▍      | 325/956 [02:00<03:44,  2.81it/s]Deconvoluting Remaining Spots:  34%|███▍      | 326/956 [02:00<03:25,  3.07it/s]Deconvoluting Remaining Spots:  34%|███▍      | 327/956 [02:00<03:39,  2.86it/s]Deconvoluting Remaining Spots:  34%|███▍      | 328/956 [02:00<03:17,  3.18it/s]Deconvoluting Remaining Spots:  34%|███▍      | 329/956 [02:01<03:13,  3.24it/s]Deconvoluting Remaining Spots:  35%|███▍      | 330/956 [02:01<03:25,  3.05it/s]Deconvoluting Remaining Spots:  35%|███▍      | 331/956 [02:02<03:50,  2.72it/s]Deconvoluting Remaining Spots:  35%|███▍      | 332/956 [02:02<03:39,  2.85it/s]Deconvoluting Remaining Spots:  35%|███▍      | 333/956 [02:02<03:39,  2.83it/s]Deconvoluting Remaining Spots:  35%|███▍      | 334/956 [02:03<03:55,  2.65it/s]Deconvoluting Remaining Spots:  35%|███▌      | 335/956 [02:03<04:03,  2.56it/s]Deconvoluting Remaining Spots:  35%|███▌      | 336/956 [02:03<03:54,  2.65it/s]Deconvoluting Remaining Spots:  35%|███▌      | 337/956 [02:04<03:03,  3.38it/s]Deconvoluting Remaining Spots:  35%|███▌      | 338/956 [02:04<03:16,  3.14it/s]Deconvoluting Remaining Spots:  35%|███▌      | 339/956 [02:04<03:01,  3.40it/s]Deconvoluting Remaining Spots:  36%|███▌      | 340/956 [02:04<03:04,  3.33it/s]Deconvoluting Remaining Spots:  36%|███▌      | 341/956 [02:05<03:18,  3.10it/s]Deconvoluting Remaining Spots:  36%|███▌      | 342/956 [02:05<03:55,  2.60it/s]Deconvoluting Remaining Spots:  36%|███▌      | 343/956 [02:06<03:40,  2.78it/s]Deconvoluting Remaining Spots:  36%|███▌      | 344/956 [02:06<03:41,  2.76it/s]Deconvoluting Remaining Spots:  36%|███▌      | 345/956 [02:06<03:49,  2.66it/s]Deconvoluting Remaining Spots:  36%|███▌      | 346/956 [02:07<03:56,  2.58it/s]Deconvoluting Remaining Spots:  36%|███▋      | 347/956 [02:07<04:08,  2.45it/s]Deconvoluting Remaining Spots:  36%|███▋      | 348/956 [02:08<03:38,  2.78it/s]Deconvoluting Remaining Spots:  37%|███▋      | 349/956 [02:08<03:38,  2.77it/s]Deconvoluting Remaining Spots:  37%|███▋      | 350/956 [02:08<03:51,  2.61it/s]Deconvoluting Remaining Spots:  37%|███▋      | 351/956 [02:09<03:33,  2.83it/s]Deconvoluting Remaining Spots:  37%|███▋      | 352/956 [02:09<03:49,  2.63it/s]Deconvoluting Remaining Spots:  37%|███▋      | 353/956 [02:10<03:59,  2.52it/s]Deconvoluting Remaining Spots:  37%|███▋      | 354/956 [02:10<03:42,  2.71it/s]Deconvoluting Remaining Spots:  37%|███▋      | 355/956 [02:10<03:39,  2.74it/s]Deconvoluting Remaining Spots:  37%|███▋      | 356/956 [02:11<03:39,  2.73it/s]Deconvoluting Remaining Spots:  37%|███▋      | 357/956 [02:11<03:48,  2.63it/s]Deconvoluting Remaining Spots:  37%|███▋      | 358/956 [02:11<03:27,  2.88it/s]Deconvoluting Remaining Spots:  38%|███▊      | 359/956 [02:12<04:28,  2.23it/s]Deconvoluting Remaining Spots:  38%|███▊      | 361/956 [02:12<03:10,  3.12it/s]Deconvoluting Remaining Spots:  38%|███▊      | 362/956 [02:13<03:11,  3.10it/s]Deconvoluting Remaining Spots:  38%|███▊      | 363/956 [02:13<03:13,  3.06it/s]Deconvoluting Remaining Spots:  38%|███▊      | 364/956 [02:13<03:16,  3.01it/s]Deconvoluting Remaining Spots:  38%|███▊      | 365/956 [02:14<03:19,  2.97it/s]Deconvoluting Remaining Spots:  38%|███▊      | 366/956 [02:14<03:22,  2.91it/s]Deconvoluting Remaining Spots:  38%|███▊      | 367/956 [02:15<04:11,  2.34it/s]Deconvoluting Remaining Spots:  39%|███▊      | 369/956 [02:15<03:48,  2.57it/s]Deconvoluting Remaining Spots:  39%|███▉      | 371/956 [02:16<03:00,  3.25it/s]Deconvoluting Remaining Spots:  39%|███▉      | 372/956 [02:16<03:03,  3.18it/s]Deconvoluting Remaining Spots:  39%|███▉      | 373/956 [02:16<03:12,  3.02it/s]Deconvoluting Remaining Spots:  39%|███▉      | 374/956 [02:17<03:18,  2.93it/s]Deconvoluting Remaining Spots:  39%|███▉      | 375/956 [02:17<03:38,  2.66it/s]Deconvoluting Remaining Spots:  39%|███▉      | 376/956 [02:17<03:07,  3.09it/s]Deconvoluting Remaining Spots:  39%|███▉      | 377/956 [02:18<03:07,  3.09it/s]Deconvoluting Remaining Spots:  40%|███▉      | 378/956 [02:18<03:09,  3.05it/s]Deconvoluting Remaining Spots:  40%|███▉      | 379/956 [02:18<03:06,  3.10it/s]Deconvoluting Remaining Spots:  40%|███▉      | 380/956 [02:19<03:24,  2.82it/s]Deconvoluting Remaining Spots:  40%|███▉      | 381/956 [02:19<02:58,  3.22it/s]Deconvoluting Remaining Spots:  40%|███▉      | 382/956 [02:20<03:37,  2.64it/s]Deconvoluting Remaining Spots:  40%|████      | 383/956 [02:20<03:13,  2.96it/s]Deconvoluting Remaining Spots:  40%|████      | 384/956 [02:20<03:49,  2.49it/s]Deconvoluting Remaining Spots:  40%|████      | 385/956 [02:21<03:20,  2.85it/s]Deconvoluting Remaining Spots:  40%|████      | 386/956 [02:21<03:43,  2.55it/s]Deconvoluting Remaining Spots:  40%|████      | 387/956 [02:21<03:08,  3.03it/s]Deconvoluting Remaining Spots:  41%|████      | 388/956 [02:22<03:02,  3.11it/s]Deconvoluting Remaining Spots:  41%|████      | 389/956 [02:22<02:59,  3.15it/s]Deconvoluting Remaining Spots:  41%|████      | 390/956 [02:22<03:07,  3.02it/s]Deconvoluting Remaining Spots:  41%|████      | 391/956 [02:23<03:25,  2.75it/s]Deconvoluting Remaining Spots:  41%|████      | 392/956 [02:23<04:30,  2.09it/s]Deconvoluting Remaining Spots:  41%|████      | 394/956 [02:24<03:06,  3.02it/s]Deconvoluting Remaining Spots:  41%|████▏     | 395/956 [02:24<02:51,  3.27it/s]Deconvoluting Remaining Spots:  41%|████▏     | 396/956 [02:24<03:10,  2.94it/s]Deconvoluting Remaining Spots:  42%|████▏     | 397/956 [02:25<03:45,  2.48it/s]Deconvoluting Remaining Spots:  42%|████▏     | 398/956 [02:25<03:10,  2.93it/s]Deconvoluting Remaining Spots:  42%|████▏     | 399/956 [02:25<02:47,  3.33it/s]Deconvoluting Remaining Spots:  42%|████▏     | 400/956 [02:26<02:48,  3.31it/s]2026-02-18 16:31:41,460 - root - INFO - Saved checkpoint after 400 completed spots
Deconvoluting Remaining Spots:  42%|████▏     | 401/956 [02:29<10:04,  1.09s/it]Deconvoluting Remaining Spots:  43%|████▎     | 409/956 [02:29<02:35,  3.53it/s]Deconvoluting Remaining Spots:  43%|████▎     | 411/956 [02:29<02:24,  3.76it/s]Deconvoluting Remaining Spots:  43%|████▎     | 412/956 [02:30<02:26,  3.71it/s]Deconvoluting Remaining Spots:  43%|████▎     | 413/956 [02:30<02:34,  3.53it/s]Deconvoluting Remaining Spots:  43%|████▎     | 414/956 [02:30<02:42,  3.33it/s]Deconvoluting Remaining Spots:  43%|████▎     | 415/956 [02:31<02:49,  3.19it/s]Deconvoluting Remaining Spots:  44%|████▎     | 416/956 [02:31<02:45,  3.27it/s]Deconvoluting Remaining Spots:  44%|████▎     | 417/956 [02:31<02:48,  3.20it/s]Deconvoluting Remaining Spots:  44%|████▎     | 418/956 [02:32<02:54,  3.09it/s]Deconvoluting Remaining Spots:  44%|████▍     | 419/956 [02:32<02:47,  3.21it/s]Deconvoluting Remaining Spots:  44%|████▍     | 420/956 [02:32<02:56,  3.05it/s]Deconvoluting Remaining Spots:  44%|████▍     | 421/956 [02:33<03:00,  2.97it/s]Deconvoluting Remaining Spots:  44%|████▍     | 422/956 [02:33<02:58,  3.00it/s]Deconvoluting Remaining Spots:  44%|████▍     | 423/956 [02:34<03:53,  2.28it/s]Deconvoluting Remaining Spots:  44%|████▍     | 424/956 [02:34<03:07,  2.84it/s]Deconvoluting Remaining Spots:  44%|████▍     | 425/956 [02:34<02:35,  3.41it/s]Deconvoluting Remaining Spots:  45%|████▍     | 426/956 [02:34<02:31,  3.50it/s]Deconvoluting Remaining Spots:  45%|████▍     | 427/956 [02:35<03:19,  2.65it/s]Deconvoluting Remaining Spots:  45%|████▍     | 428/956 [02:35<03:16,  2.69it/s]Deconvoluting Remaining Spots:  45%|████▍     | 429/956 [02:36<03:36,  2.44it/s]Deconvoluting Remaining Spots:  45%|████▍     | 430/956 [02:36<03:10,  2.77it/s]Deconvoluting Remaining Spots:  45%|████▌     | 432/956 [02:37<02:46,  3.15it/s]Deconvoluting Remaining Spots:  45%|████▌     | 433/956 [02:37<02:29,  3.51it/s]Deconvoluting Remaining Spots:  45%|████▌     | 434/956 [02:37<03:20,  2.61it/s]Deconvoluting Remaining Spots:  46%|████▌     | 435/956 [02:38<03:14,  2.68it/s]Deconvoluting Remaining Spots:  46%|████▌     | 436/956 [02:38<03:17,  2.63it/s]Deconvoluting Remaining Spots:  46%|████▌     | 437/956 [02:38<02:58,  2.91it/s]Deconvoluting Remaining Spots:  46%|████▌     | 438/956 [02:39<02:52,  3.01it/s]Deconvoluting Remaining Spots:  46%|████▌     | 439/956 [02:39<03:04,  2.80it/s]Deconvoluting Remaining Spots:  46%|████▌     | 440/956 [02:39<02:56,  2.93it/s]Deconvoluting Remaining Spots:  46%|████▌     | 441/956 [02:40<02:59,  2.87it/s]Deconvoluting Remaining Spots:  46%|████▌     | 442/956 [02:40<03:09,  2.72it/s]Deconvoluting Remaining Spots:  46%|████▋     | 443/956 [02:41<03:03,  2.79it/s]Deconvoluting Remaining Spots:  46%|████▋     | 444/956 [02:41<02:58,  2.87it/s]Deconvoluting Remaining Spots:  47%|████▋     | 445/956 [02:41<02:59,  2.85it/s]Deconvoluting Remaining Spots:  47%|████▋     | 446/956 [02:42<04:30,  1.89it/s]Deconvoluting Remaining Spots:  47%|████▋     | 447/956 [02:42<03:26,  2.46it/s]Deconvoluting Remaining Spots:  47%|████▋     | 448/956 [02:43<03:00,  2.82it/s]Deconvoluting Remaining Spots:  47%|████▋     | 449/956 [02:43<03:51,  2.19it/s]Deconvoluting Remaining Spots:  47%|████▋     | 450/956 [02:44<03:48,  2.22it/s]Deconvoluting Remaining Spots:  47%|████▋     | 451/956 [02:44<03:36,  2.34it/s]Deconvoluting Remaining Spots:  47%|████▋     | 453/956 [02:45<02:55,  2.87it/s]Deconvoluting Remaining Spots:  48%|████▊     | 455/956 [02:45<02:20,  3.56it/s]Deconvoluting Remaining Spots:  48%|████▊     | 456/956 [02:45<02:08,  3.90it/s]Deconvoluting Remaining Spots:  48%|████▊     | 457/956 [02:45<02:03,  4.04it/s]Deconvoluting Remaining Spots:  48%|████▊     | 458/956 [02:46<02:55,  2.84it/s]Deconvoluting Remaining Spots:  48%|████▊     | 459/956 [02:46<02:37,  3.16it/s]Deconvoluting Remaining Spots:  48%|████▊     | 460/956 [02:47<03:14,  2.55it/s]Deconvoluting Remaining Spots:  48%|████▊     | 461/956 [02:47<02:47,  2.96it/s]Deconvoluting Remaining Spots:  48%|████▊     | 462/956 [02:47<02:44,  3.01it/s]Deconvoluting Remaining Spots:  48%|████▊     | 463/956 [02:48<02:50,  2.88it/s]Deconvoluting Remaining Spots:  49%|████▊     | 464/956 [02:48<02:40,  3.07it/s]Deconvoluting Remaining Spots:  49%|████▊     | 465/956 [02:48<03:00,  2.72it/s]Deconvoluting Remaining Spots:  49%|████▊     | 466/956 [02:49<02:28,  3.29it/s]Deconvoluting Remaining Spots:  49%|████▉     | 467/956 [02:49<02:30,  3.26it/s]Deconvoluting Remaining Spots:  49%|████▉     | 468/956 [02:49<02:41,  3.03it/s]Deconvoluting Remaining Spots:  49%|████▉     | 469/956 [02:50<03:03,  2.66it/s]Deconvoluting Remaining Spots:  49%|████▉     | 470/956 [02:50<02:41,  3.01it/s]Deconvoluting Remaining Spots:  49%|████▉     | 471/956 [02:51<03:17,  2.45it/s]Deconvoluting Remaining Spots:  49%|████▉     | 472/956 [02:51<03:30,  2.30it/s]Deconvoluting Remaining Spots:  49%|████▉     | 473/956 [02:51<02:51,  2.82it/s]Deconvoluting Remaining Spots:  50%|████▉     | 474/956 [02:51<02:22,  3.37it/s]Deconvoluting Remaining Spots:  50%|████▉     | 475/956 [02:52<02:48,  2.85it/s]Deconvoluting Remaining Spots:  50%|████▉     | 476/956 [02:52<02:25,  3.29it/s]Deconvoluting Remaining Spots:  50%|████▉     | 477/956 [02:53<02:44,  2.91it/s]Deconvoluting Remaining Spots:  50%|█████     | 478/956 [02:53<03:10,  2.50it/s]Deconvoluting Remaining Spots:  50%|█████     | 479/956 [02:53<02:50,  2.79it/s]Deconvoluting Remaining Spots:  50%|█████     | 480/956 [02:54<02:39,  2.98it/s]Deconvoluting Remaining Spots:  50%|█████     | 481/956 [02:54<02:47,  2.84it/s]Deconvoluting Remaining Spots:  50%|█████     | 482/956 [02:54<02:43,  2.90it/s]Deconvoluting Remaining Spots:  51%|█████     | 483/956 [02:55<03:38,  2.17it/s]Deconvoluting Remaining Spots:  51%|█████     | 485/956 [02:55<02:27,  3.19it/s]Deconvoluting Remaining Spots:  51%|█████     | 486/956 [02:56<02:28,  3.16it/s]Deconvoluting Remaining Spots:  51%|█████     | 487/956 [02:56<03:08,  2.49it/s]Deconvoluting Remaining Spots:  51%|█████     | 489/956 [02:57<02:20,  3.32it/s]Deconvoluting Remaining Spots:  51%|█████▏    | 490/956 [02:57<02:20,  3.31it/s]Deconvoluting Remaining Spots:  51%|█████▏    | 491/956 [02:57<02:21,  3.30it/s]Deconvoluting Remaining Spots:  51%|█████▏    | 492/956 [02:58<02:33,  3.03it/s]Deconvoluting Remaining Spots:  52%|█████▏    | 493/956 [02:58<02:36,  2.97it/s]Deconvoluting Remaining Spots:  52%|█████▏    | 494/956 [02:58<02:52,  2.68it/s]Deconvoluting Remaining Spots:  52%|█████▏    | 495/956 [02:59<02:34,  2.98it/s]Deconvoluting Remaining Spots:  52%|█████▏    | 496/956 [02:59<02:37,  2.92it/s]Deconvoluting Remaining Spots:  52%|█████▏    | 497/956 [02:59<02:41,  2.83it/s]Deconvoluting Remaining Spots:  52%|█████▏    | 498/956 [03:00<02:40,  2.86it/s]Deconvoluting Remaining Spots:  52%|█████▏    | 499/956 [03:00<02:32,  3.01it/s]Deconvoluting Remaining Spots:  52%|█████▏    | 500/956 [03:00<02:18,  3.29it/s]2026-02-18 16:32:16,968 - root - INFO - Saved checkpoint after 500 completed spots
Deconvoluting Remaining Spots:  52%|█████▏    | 501/956 [03:04<10:20,  1.36s/it]Deconvoluting Remaining Spots:  54%|█████▎    | 512/956 [03:05<02:01,  3.66it/s]Deconvoluting Remaining Spots:  54%|█████▎    | 513/956 [03:05<02:04,  3.54it/s]Deconvoluting Remaining Spots:  54%|█████▍    | 514/956 [03:06<02:23,  3.09it/s]Deconvoluting Remaining Spots:  54%|█████▍    | 516/956 [03:06<02:09,  3.40it/s]Deconvoluting Remaining Spots:  54%|█████▍    | 517/956 [03:06<02:07,  3.43it/s]Deconvoluting Remaining Spots:  54%|█████▍    | 518/956 [03:07<02:06,  3.46it/s]Deconvoluting Remaining Spots:  54%|█████▍    | 519/956 [03:07<02:04,  3.51it/s]Deconvoluting Remaining Spots:  54%|█████▍    | 520/956 [03:07<02:10,  3.33it/s]Deconvoluting Remaining Spots:  54%|█████▍    | 521/956 [03:08<02:16,  3.18it/s]Deconvoluting Remaining Spots:  55%|█████▍    | 522/956 [03:08<02:46,  2.61it/s]Deconvoluting Remaining Spots:  55%|█████▍    | 523/956 [03:08<02:30,  2.88it/s]Deconvoluting Remaining Spots:  55%|█████▍    | 524/956 [03:09<02:55,  2.46it/s]Deconvoluting Remaining Spots:  55%|█████▍    | 525/956 [03:09<02:44,  2.62it/s]Deconvoluting Remaining Spots:  55%|█████▌    | 526/956 [03:09<02:16,  3.15it/s]Deconvoluting Remaining Spots:  55%|█████▌    | 527/956 [03:10<02:23,  2.99it/s]Deconvoluting Remaining Spots:  55%|█████▌    | 528/956 [03:10<02:52,  2.48it/s]Deconvoluting Remaining Spots:  55%|█████▌    | 529/956 [03:11<03:12,  2.22it/s]Deconvoluting Remaining Spots:  55%|█████▌    | 530/956 [03:11<02:59,  2.37it/s]Deconvoluting Remaining Spots:  56%|█████▌    | 531/956 [03:12<02:41,  2.63it/s]Deconvoluting Remaining Spots:  56%|█████▌    | 532/956 [03:12<02:06,  3.35it/s]Deconvoluting Remaining Spots:  56%|█████▌    | 533/956 [03:12<02:44,  2.57it/s]Deconvoluting Remaining Spots:  56%|█████▌    | 534/956 [03:12<02:14,  3.13it/s]Deconvoluting Remaining Spots:  56%|█████▌    | 535/956 [03:13<02:06,  3.33it/s]Deconvoluting Remaining Spots:  56%|█████▌    | 536/956 [03:13<02:08,  3.27it/s]Deconvoluting Remaining Spots:  56%|█████▌    | 537/956 [03:13<02:11,  3.18it/s]Deconvoluting Remaining Spots:  56%|█████▋    | 538/956 [03:14<02:25,  2.88it/s]Deconvoluting Remaining Spots:  56%|█████▋    | 539/956 [03:14<02:04,  3.36it/s]Deconvoluting Remaining Spots:  56%|█████▋    | 540/956 [03:14<02:09,  3.22it/s]Deconvoluting Remaining Spots:  57%|█████▋    | 541/956 [03:15<02:13,  3.12it/s]Deconvoluting Remaining Spots:  57%|█████▋    | 542/956 [03:15<02:18,  2.99it/s]Deconvoluting Remaining Spots:  57%|█████▋    | 543/956 [03:15<02:18,  2.99it/s]Deconvoluting Remaining Spots:  57%|█████▋    | 544/956 [03:16<02:16,  3.02it/s]Deconvoluting Remaining Spots:  57%|█████▋    | 545/956 [03:16<02:23,  2.87it/s]Deconvoluting Remaining Spots:  57%|█████▋    | 546/956 [03:16<02:12,  3.09it/s]Deconvoluting Remaining Spots:  57%|█████▋    | 547/956 [03:17<02:01,  3.35it/s]Deconvoluting Remaining Spots:  57%|█████▋    | 548/956 [03:17<02:17,  2.96it/s]Deconvoluting Remaining Spots:  57%|█████▋    | 549/956 [03:17<01:53,  3.59it/s]Deconvoluting Remaining Spots:  58%|█████▊    | 550/956 [03:18<02:16,  2.97it/s]Deconvoluting Remaining Spots:  58%|█████▊    | 551/956 [03:18<02:23,  2.82it/s]Deconvoluting Remaining Spots:  58%|█████▊    | 552/956 [03:18<02:26,  2.76it/s]Deconvoluting Remaining Spots:  58%|█████▊    | 553/956 [03:19<02:28,  2.72it/s]Deconvoluting Remaining Spots:  58%|█████▊    | 554/956 [03:19<02:22,  2.82it/s]Deconvoluting Remaining Spots:  58%|█████▊    | 555/956 [03:19<02:15,  2.96it/s]Deconvoluting Remaining Spots:  58%|█████▊    | 556/956 [03:20<02:29,  2.67it/s]Deconvoluting Remaining Spots:  58%|█████▊    | 557/956 [03:20<02:30,  2.65it/s]Deconvoluting Remaining Spots:  58%|█████▊    | 558/956 [03:20<02:04,  3.19it/s]Deconvoluting Remaining Spots:  58%|█████▊    | 559/956 [03:21<02:05,  3.15it/s]Deconvoluting Remaining Spots:  59%|█████▊    | 560/956 [03:21<02:13,  2.96it/s]Deconvoluting Remaining Spots:  59%|█████▊    | 561/956 [03:21<02:01,  3.25it/s]Deconvoluting Remaining Spots:  59%|█████▉    | 562/956 [03:22<02:57,  2.22it/s]Deconvoluting Remaining Spots:  59%|█████▉    | 564/956 [03:22<02:06,  3.09it/s]Deconvoluting Remaining Spots:  59%|█████▉    | 565/956 [03:23<02:02,  3.19it/s]Deconvoluting Remaining Spots:  59%|█████▉    | 566/956 [03:23<02:06,  3.09it/s]Deconvoluting Remaining Spots:  59%|█████▉    | 567/956 [03:23<02:08,  3.03it/s]Deconvoluting Remaining Spots:  59%|█████▉    | 568/956 [03:24<02:05,  3.08it/s]Deconvoluting Remaining Spots:  60%|█████▉    | 569/956 [03:24<02:39,  2.43it/s]Deconvoluting Remaining Spots:  60%|█████▉    | 571/956 [03:25<01:51,  3.44it/s]Deconvoluting Remaining Spots:  60%|█████▉    | 572/956 [03:25<02:15,  2.83it/s]Deconvoluting Remaining Spots:  60%|█████▉    | 573/956 [03:25<02:03,  3.11it/s]Deconvoluting Remaining Spots:  60%|██████    | 574/956 [03:26<01:53,  3.37it/s]Deconvoluting Remaining Spots:  60%|██████    | 575/956 [03:26<02:11,  2.89it/s]Deconvoluting Remaining Spots:  60%|██████    | 576/956 [03:27<02:09,  2.94it/s]Deconvoluting Remaining Spots:  60%|██████    | 577/956 [03:27<02:31,  2.51it/s]Deconvoluting Remaining Spots:  60%|██████    | 578/956 [03:27<02:02,  3.10it/s]Deconvoluting Remaining Spots:  61%|██████    | 579/956 [03:27<01:42,  3.68it/s]Deconvoluting Remaining Spots:  61%|██████    | 580/956 [03:28<01:51,  3.37it/s]Deconvoluting Remaining Spots:  61%|██████    | 581/956 [03:28<02:40,  2.33it/s]Deconvoluting Remaining Spots:  61%|██████    | 582/956 [03:29<02:09,  2.90it/s]Deconvoluting Remaining Spots:  61%|██████    | 584/956 [03:29<01:47,  3.45it/s]Deconvoluting Remaining Spots:  61%|██████    | 585/956 [03:29<01:51,  3.32it/s]Deconvoluting Remaining Spots:  61%|██████▏   | 586/956 [03:30<01:58,  3.13it/s]Deconvoluting Remaining Spots:  61%|██████▏   | 587/956 [03:30<01:58,  3.13it/s]Deconvoluting Remaining Spots:  62%|██████▏   | 588/956 [03:30<01:47,  3.43it/s]Deconvoluting Remaining Spots:  62%|██████▏   | 589/956 [03:31<01:59,  3.08it/s]Deconvoluting Remaining Spots:  62%|██████▏   | 590/956 [03:31<01:58,  3.09it/s]Deconvoluting Remaining Spots:  62%|██████▏   | 591/956 [03:31<01:50,  3.32it/s]Deconvoluting Remaining Spots:  62%|██████▏   | 592/956 [03:32<01:56,  3.13it/s]Deconvoluting Remaining Spots:  62%|██████▏   | 593/956 [03:32<02:27,  2.46it/s]Deconvoluting Remaining Spots:  62%|██████▏   | 594/956 [03:32<02:03,  2.92it/s]Deconvoluting Remaining Spots:  62%|██████▏   | 595/956 [03:33<01:56,  3.10it/s]Deconvoluting Remaining Spots:  62%|██████▏   | 596/956 [03:33<02:22,  2.53it/s]Deconvoluting Remaining Spots:  62%|██████▏   | 597/956 [03:34<02:55,  2.04it/s]Deconvoluting Remaining Spots:  63%|██████▎   | 599/956 [03:35<02:28,  2.41it/s]2026-02-18 16:32:51,867 - root - INFO - Saved checkpoint after 600 completed spots
Deconvoluting Remaining Spots:  63%|██████▎   | 601/956 [03:39<06:43,  1.14s/it]Deconvoluting Remaining Spots:  64%|██████▍   | 613/956 [03:39<01:33,  3.67it/s]Deconvoluting Remaining Spots:  64%|██████▍   | 615/956 [03:40<01:44,  3.27it/s]Deconvoluting Remaining Spots:  65%|██████▍   | 617/956 [03:41<01:36,  3.52it/s]Deconvoluting Remaining Spots:  65%|██████▍   | 619/956 [03:41<01:38,  3.43it/s]Deconvoluting Remaining Spots:  65%|██████▍   | 620/956 [03:42<01:42,  3.29it/s]Deconvoluting Remaining Spots:  65%|██████▍   | 621/956 [03:42<01:49,  3.07it/s]Deconvoluting Remaining Spots:  65%|██████▌   | 622/956 [03:43<01:55,  2.88it/s]Deconvoluting Remaining Spots:  65%|██████▌   | 623/956 [03:43<01:58,  2.80it/s]Deconvoluting Remaining Spots:  65%|██████▌   | 624/956 [03:43<01:57,  2.83it/s]Deconvoluting Remaining Spots:  65%|██████▌   | 625/956 [03:44<01:53,  2.92it/s]Deconvoluting Remaining Spots:  65%|██████▌   | 626/956 [03:44<01:52,  2.93it/s]Deconvoluting Remaining Spots:  66%|██████▌   | 627/956 [03:44<01:58,  2.78it/s]Deconvoluting Remaining Spots:  66%|██████▌   | 628/956 [03:45<01:49,  3.00it/s]Deconvoluting Remaining Spots:  66%|██████▌   | 629/956 [03:45<01:51,  2.92it/s]Deconvoluting Remaining Spots:  66%|██████▌   | 630/956 [03:46<02:30,  2.16it/s]Deconvoluting Remaining Spots:  66%|██████▌   | 631/956 [03:46<02:04,  2.61it/s]Deconvoluting Remaining Spots:  66%|██████▌   | 632/956 [03:46<01:50,  2.93it/s]Deconvoluting Remaining Spots:  66%|██████▌   | 633/956 [03:46<01:43,  3.13it/s]Deconvoluting Remaining Spots:  66%|██████▋   | 634/956 [03:47<01:36,  3.33it/s]Deconvoluting Remaining Spots:  66%|██████▋   | 635/956 [03:47<02:04,  2.59it/s]Deconvoluting Remaining Spots:  67%|██████▋   | 636/956 [03:48<02:02,  2.61it/s]Deconvoluting Remaining Spots:  67%|██████▋   | 637/956 [03:48<01:36,  3.32it/s]Deconvoluting Remaining Spots:  67%|██████▋   | 638/956 [03:48<01:30,  3.53it/s]Deconvoluting Remaining Spots:  67%|██████▋   | 639/956 [03:49<02:05,  2.53it/s]Deconvoluting Remaining Spots:  67%|██████▋   | 640/956 [03:49<02:12,  2.39it/s]Deconvoluting Remaining Spots:  67%|██████▋   | 641/956 [03:49<01:53,  2.77it/s]Deconvoluting Remaining Spots:  67%|██████▋   | 642/956 [03:50<01:34,  3.31it/s]Deconvoluting Remaining Spots:  67%|██████▋   | 643/956 [03:50<01:46,  2.93it/s]Deconvoluting Remaining Spots:  67%|██████▋   | 644/956 [03:50<01:26,  3.61it/s]Deconvoluting Remaining Spots:  67%|██████▋   | 645/956 [03:51<02:17,  2.26it/s]Deconvoluting Remaining Spots:  68%|██████▊   | 646/956 [03:51<02:14,  2.30it/s]Deconvoluting Remaining Spots:  68%|██████▊   | 647/956 [03:52<01:47,  2.86it/s]Deconvoluting Remaining Spots:  68%|██████▊   | 649/956 [03:52<01:22,  3.71it/s]Deconvoluting Remaining Spots:  68%|██████▊   | 650/956 [03:52<01:36,  3.17it/s]Deconvoluting Remaining Spots:  68%|██████▊   | 651/956 [03:53<01:43,  2.95it/s]Deconvoluting Remaining Spots:  68%|██████▊   | 652/956 [03:53<02:06,  2.41it/s]Deconvoluting Remaining Spots:  68%|██████▊   | 654/956 [03:54<01:47,  2.80it/s]Deconvoluting Remaining Spots:  69%|██████▊   | 655/956 [03:54<02:00,  2.50it/s]Deconvoluting Remaining Spots:  69%|██████▊   | 657/956 [03:55<01:38,  3.04it/s]Deconvoluting Remaining Spots:  69%|██████▉   | 658/956 [03:55<01:33,  3.20it/s]Deconvoluting Remaining Spots:  69%|██████▉   | 659/956 [03:56<01:44,  2.84it/s]Deconvoluting Remaining Spots:  69%|██████▉   | 660/956 [03:56<01:30,  3.29it/s]Deconvoluting Remaining Spots:  69%|██████▉   | 661/956 [03:56<01:43,  2.85it/s]Deconvoluting Remaining Spots:  69%|██████▉   | 662/956 [03:56<01:25,  3.45it/s]Deconvoluting Remaining Spots:  69%|██████▉   | 663/956 [03:57<01:37,  3.01it/s]Deconvoluting Remaining Spots:  69%|██████▉   | 664/956 [03:57<01:52,  2.59it/s]Deconvoluting Remaining Spots:  70%|██████▉   | 666/956 [03:58<01:26,  3.35it/s]Deconvoluting Remaining Spots:  70%|██████▉   | 667/956 [03:58<01:52,  2.57it/s]Deconvoluting Remaining Spots:  70%|██████▉   | 668/956 [03:59<01:31,  3.15it/s]Deconvoluting Remaining Spots:  70%|██████▉   | 669/956 [03:59<01:33,  3.06it/s]Deconvoluting Remaining Spots:  70%|███████   | 670/956 [03:59<01:29,  3.20it/s]Deconvoluting Remaining Spots:  70%|███████   | 671/956 [03:59<01:25,  3.34it/s]Deconvoluting Remaining Spots:  70%|███████   | 672/956 [04:00<01:38,  2.88it/s]Deconvoluting Remaining Spots:  70%|███████   | 673/956 [04:00<01:25,  3.32it/s]Deconvoluting Remaining Spots:  71%|███████   | 674/956 [04:01<01:49,  2.58it/s]Deconvoluting Remaining Spots:  71%|███████   | 675/956 [04:01<01:29,  3.12it/s]Deconvoluting Remaining Spots:  71%|███████   | 676/956 [04:01<01:26,  3.25it/s]Deconvoluting Remaining Spots:  71%|███████   | 677/956 [04:01<01:25,  3.27it/s]Deconvoluting Remaining Spots:  71%|███████   | 678/956 [04:02<01:29,  3.12it/s]Deconvoluting Remaining Spots:  71%|███████   | 679/956 [04:02<01:29,  3.11it/s]Deconvoluting Remaining Spots:  71%|███████   | 680/956 [04:02<01:26,  3.19it/s]Deconvoluting Remaining Spots:  71%|███████   | 681/956 [04:03<01:43,  2.65it/s]Deconvoluting Remaining Spots:  71%|███████▏  | 682/956 [04:03<01:34,  2.91it/s]Deconvoluting Remaining Spots:  71%|███████▏  | 683/956 [04:04<02:04,  2.20it/s]Deconvoluting Remaining Spots:  72%|███████▏  | 685/956 [04:04<01:20,  3.39it/s]Deconvoluting Remaining Spots:  72%|███████▏  | 686/956 [04:04<01:17,  3.49it/s]Deconvoluting Remaining Spots:  72%|███████▏  | 687/956 [04:05<01:27,  3.08it/s]Deconvoluting Remaining Spots:  72%|███████▏  | 688/956 [04:05<01:25,  3.12it/s]Deconvoluting Remaining Spots:  72%|███████▏  | 689/956 [04:05<01:30,  2.94it/s]Deconvoluting Remaining Spots:  72%|███████▏  | 690/956 [04:06<01:41,  2.63it/s]Deconvoluting Remaining Spots:  72%|███████▏  | 691/956 [04:06<01:24,  3.15it/s]Deconvoluting Remaining Spots:  72%|███████▏  | 692/956 [04:07<01:43,  2.56it/s]Deconvoluting Remaining Spots:  72%|███████▏  | 693/956 [04:07<01:41,  2.59it/s]Deconvoluting Remaining Spots:  73%|███████▎  | 694/956 [04:08<01:44,  2.51it/s]Deconvoluting Remaining Spots:  73%|███████▎  | 695/956 [04:08<01:32,  2.83it/s]Deconvoluting Remaining Spots:  73%|███████▎  | 696/956 [04:08<01:29,  2.89it/s]Deconvoluting Remaining Spots:  73%|███████▎  | 698/956 [04:08<01:11,  3.62it/s]Deconvoluting Remaining Spots:  73%|███████▎  | 699/956 [04:09<01:17,  3.30it/s]Deconvoluting Remaining Spots:  73%|███████▎  | 700/956 [04:09<01:19,  3.21it/s]2026-02-18 16:33:27,408 - root - INFO - Saved checkpoint after 700 completed spots
Deconvoluting Remaining Spots:  73%|███████▎  | 701/956 [04:15<07:15,  1.71s/it]Deconvoluting Remaining Spots:  75%|███████▍  | 716/956 [04:15<01:01,  3.88it/s]Deconvoluting Remaining Spots:  75%|███████▌  | 720/956 [04:16<01:04,  3.65it/s]Deconvoluting Remaining Spots:  76%|███████▌  | 723/956 [04:17<01:06,  3.50it/s]Deconvoluting Remaining Spots:  76%|███████▌  | 725/956 [04:18<01:06,  3.46it/s]Deconvoluting Remaining Spots:  76%|███████▌  | 727/956 [04:19<01:15,  3.04it/s]Deconvoluting Remaining Spots:  76%|███████▋  | 729/956 [04:19<01:06,  3.40it/s]Deconvoluting Remaining Spots:  76%|███████▋  | 730/956 [04:20<01:13,  3.07it/s]Deconvoluting Remaining Spots:  76%|███████▋  | 731/956 [04:20<01:08,  3.28it/s]Deconvoluting Remaining Spots:  77%|███████▋  | 732/956 [04:20<01:08,  3.28it/s]Deconvoluting Remaining Spots:  77%|███████▋  | 733/956 [04:20<01:13,  3.03it/s]Deconvoluting Remaining Spots:  77%|███████▋  | 734/956 [04:21<01:09,  3.21it/s]Deconvoluting Remaining Spots:  77%|███████▋  | 735/956 [04:21<01:15,  2.94it/s]Deconvoluting Remaining Spots:  77%|███████▋  | 736/956 [04:21<01:09,  3.19it/s]Deconvoluting Remaining Spots:  77%|███████▋  | 737/956 [04:22<01:10,  3.11it/s]Deconvoluting Remaining Spots:  77%|███████▋  | 738/956 [04:22<01:21,  2.68it/s]Deconvoluting Remaining Spots:  77%|███████▋  | 739/956 [04:23<01:23,  2.61it/s]Deconvoluting Remaining Spots:  77%|███████▋  | 740/956 [04:23<01:13,  2.93it/s]Deconvoluting Remaining Spots:  78%|███████▊  | 741/956 [04:23<01:08,  3.12it/s]Deconvoluting Remaining Spots:  78%|███████▊  | 742/956 [04:24<01:13,  2.91it/s]Deconvoluting Remaining Spots:  78%|███████▊  | 743/956 [04:24<01:03,  3.38it/s]Deconvoluting Remaining Spots:  78%|███████▊  | 744/956 [04:24<01:10,  3.01it/s]Deconvoluting Remaining Spots:  78%|███████▊  | 745/956 [04:25<01:15,  2.81it/s]Deconvoluting Remaining Spots:  78%|███████▊  | 746/956 [04:25<01:15,  2.77it/s]Deconvoluting Remaining Spots:  78%|███████▊  | 747/956 [04:25<01:00,  3.47it/s]Deconvoluting Remaining Spots:  78%|███████▊  | 748/956 [04:25<01:10,  2.96it/s]Deconvoluting Remaining Spots:  78%|███████▊  | 749/956 [04:26<01:07,  3.08it/s]Deconvoluting Remaining Spots:  78%|███████▊  | 750/956 [04:26<01:03,  3.26it/s]Deconvoluting Remaining Spots:  79%|███████▊  | 751/956 [04:27<01:12,  2.83it/s]Deconvoluting Remaining Spots:  79%|███████▊  | 752/956 [04:27<01:13,  2.77it/s]Deconvoluting Remaining Spots:  79%|███████▉  | 753/956 [04:27<01:17,  2.63it/s]Deconvoluting Remaining Spots:  79%|███████▉  | 754/956 [04:28<01:08,  2.94it/s]Deconvoluting Remaining Spots:  79%|███████▉  | 755/956 [04:28<01:12,  2.77it/s]Deconvoluting Remaining Spots:  79%|███████▉  | 756/956 [04:28<01:17,  2.57it/s]Deconvoluting Remaining Spots:  79%|███████▉  | 757/956 [04:29<01:22,  2.41it/s]Deconvoluting Remaining Spots:  79%|███████▉  | 758/956 [04:29<01:08,  2.88it/s]Deconvoluting Remaining Spots:  79%|███████▉  | 759/956 [04:29<00:57,  3.43it/s]Deconvoluting Remaining Spots:  79%|███████▉  | 760/956 [04:30<00:56,  3.47it/s]Deconvoluting Remaining Spots:  80%|███████▉  | 761/956 [04:30<01:07,  2.91it/s]Deconvoluting Remaining Spots:  80%|███████▉  | 762/956 [04:30<01:09,  2.81it/s]Deconvoluting Remaining Spots:  80%|███████▉  | 763/956 [04:31<01:02,  3.09it/s]Deconvoluting Remaining Spots:  80%|███████▉  | 764/956 [04:31<01:03,  3.01it/s]Deconvoluting Remaining Spots:  80%|████████  | 765/956 [04:32<01:20,  2.37it/s]Deconvoluting Remaining Spots:  80%|████████  | 766/956 [04:32<01:08,  2.77it/s]Deconvoluting Remaining Spots:  80%|████████  | 767/956 [04:32<01:16,  2.46it/s]Deconvoluting Remaining Spots:  80%|████████  | 768/956 [04:33<01:01,  3.07it/s]Deconvoluting Remaining Spots:  80%|████████  | 769/956 [04:33<01:07,  2.79it/s]Deconvoluting Remaining Spots:  81%|████████  | 770/956 [04:33<01:08,  2.71it/s]Deconvoluting Remaining Spots:  81%|████████  | 771/956 [04:34<01:19,  2.32it/s]Deconvoluting Remaining Spots:  81%|████████  | 772/956 [04:34<01:02,  2.92it/s]Deconvoluting Remaining Spots:  81%|████████  | 773/956 [04:34<01:03,  2.88it/s]Deconvoluting Remaining Spots:  81%|████████  | 774/956 [04:35<00:58,  3.13it/s]Deconvoluting Remaining Spots:  81%|████████  | 775/956 [04:35<01:00,  3.01it/s]Deconvoluting Remaining Spots:  81%|████████  | 776/956 [04:35<01:03,  2.85it/s]Deconvoluting Remaining Spots:  81%|████████▏ | 777/956 [04:36<01:05,  2.74it/s]Deconvoluting Remaining Spots:  81%|████████▏ | 778/956 [04:36<00:56,  3.16it/s]Deconvoluting Remaining Spots:  81%|████████▏ | 779/956 [04:36<00:57,  3.06it/s]Deconvoluting Remaining Spots:  82%|████████▏ | 780/956 [04:37<01:07,  2.61it/s]Deconvoluting Remaining Spots:  82%|████████▏ | 781/956 [04:37<00:59,  2.96it/s]Deconvoluting Remaining Spots:  82%|████████▏ | 782/956 [04:37<00:57,  3.02it/s]Deconvoluting Remaining Spots:  82%|████████▏ | 783/956 [04:38<00:57,  3.00it/s]Deconvoluting Remaining Spots:  82%|████████▏ | 784/956 [04:38<00:56,  3.06it/s]Deconvoluting Remaining Spots:  82%|████████▏ | 785/956 [04:38<00:53,  3.17it/s]Deconvoluting Remaining Spots:  82%|████████▏ | 786/956 [04:39<01:03,  2.68it/s]Deconvoluting Remaining Spots:  82%|████████▏ | 787/956 [04:39<00:49,  3.41it/s]Deconvoluting Remaining Spots:  82%|████████▏ | 788/956 [04:40<01:02,  2.69it/s]Deconvoluting Remaining Spots:  83%|████████▎ | 790/956 [04:40<00:51,  3.24it/s]Deconvoluting Remaining Spots:  83%|████████▎ | 791/956 [04:41<00:59,  2.80it/s]Deconvoluting Remaining Spots:  83%|████████▎ | 792/956 [04:41<00:57,  2.86it/s]Deconvoluting Remaining Spots:  83%|████████▎ | 793/956 [04:41<00:51,  3.19it/s]Deconvoluting Remaining Spots:  83%|████████▎ | 794/956 [04:41<00:54,  2.95it/s]Deconvoluting Remaining Spots:  83%|████████▎ | 795/956 [04:42<00:53,  3.00it/s]Deconvoluting Remaining Spots:  83%|████████▎ | 796/956 [04:42<01:06,  2.40it/s]Deconvoluting Remaining Spots:  83%|████████▎ | 798/956 [04:43<00:46,  3.41it/s]Deconvoluting Remaining Spots:  84%|████████▎ | 799/956 [04:43<00:51,  3.03it/s]Deconvoluting Remaining Spots:  84%|████████▎ | 800/956 [04:44<00:56,  2.76it/s]2026-02-18 16:34:02,402 - root - INFO - Saved checkpoint after 800 completed spots
Deconvoluting Remaining Spots:  84%|████████▍ | 801/956 [04:50<04:54,  1.90s/it]Deconvoluting Remaining Spots:  86%|████████▌ | 819/956 [04:50<00:34,  4.00it/s]Deconvoluting Remaining Spots:  86%|████████▌ | 822/956 [04:51<00:35,  3.82it/s]Deconvoluting Remaining Spots:  86%|████████▌ | 824/956 [04:52<00:36,  3.58it/s]Deconvoluting Remaining Spots:  86%|████████▋ | 826/956 [04:52<00:37,  3.48it/s]Deconvoluting Remaining Spots:  87%|████████▋ | 828/956 [04:53<00:42,  3.00it/s]Deconvoluting Remaining Spots:  87%|████████▋ | 829/956 [04:54<00:45,  2.82it/s]Deconvoluting Remaining Spots:  87%|████████▋ | 831/956 [04:54<00:40,  3.07it/s]Deconvoluting Remaining Spots:  87%|████████▋ | 832/956 [04:55<00:46,  2.69it/s]Deconvoluting Remaining Spots:  87%|████████▋ | 834/956 [04:55<00:38,  3.19it/s]Deconvoluting Remaining Spots:  87%|████████▋ | 835/956 [04:56<00:40,  2.98it/s]Deconvoluting Remaining Spots:  87%|████████▋ | 836/956 [04:56<00:40,  2.96it/s]Deconvoluting Remaining Spots:  88%|████████▊ | 837/956 [04:57<00:46,  2.59it/s]Deconvoluting Remaining Spots:  88%|████████▊ | 838/956 [04:57<00:43,  2.69it/s]Deconvoluting Remaining Spots:  88%|████████▊ | 839/956 [04:57<00:41,  2.85it/s]Deconvoluting Remaining Spots:  88%|████████▊ | 840/956 [04:58<00:41,  2.79it/s]Deconvoluting Remaining Spots:  88%|████████▊ | 841/956 [04:58<00:40,  2.86it/s]Deconvoluting Remaining Spots:  88%|████████▊ | 842/956 [04:58<00:43,  2.65it/s]Deconvoluting Remaining Spots:  88%|████████▊ | 843/956 [04:59<00:42,  2.64it/s]Deconvoluting Remaining Spots:  88%|████████▊ | 844/956 [04:59<00:38,  2.89it/s]Deconvoluting Remaining Spots:  88%|████████▊ | 845/956 [04:59<00:34,  3.24it/s]Deconvoluting Remaining Spots:  88%|████████▊ | 846/956 [05:00<00:35,  3.08it/s]Deconvoluting Remaining Spots:  89%|████████▊ | 847/956 [05:00<00:41,  2.64it/s]Deconvoluting Remaining Spots:  89%|████████▊ | 848/956 [05:00<00:39,  2.73it/s]Deconvoluting Remaining Spots:  89%|████████▉ | 849/956 [05:01<00:37,  2.85it/s]Deconvoluting Remaining Spots:  89%|████████▉ | 850/956 [05:01<00:33,  3.18it/s]Deconvoluting Remaining Spots:  89%|████████▉ | 851/956 [05:01<00:36,  2.86it/s]Deconvoluting Remaining Spots:  89%|████████▉ | 852/956 [05:02<00:32,  3.25it/s]Deconvoluting Remaining Spots:  89%|████████▉ | 853/956 [05:02<00:39,  2.58it/s]Deconvoluting Remaining Spots:  89%|████████▉ | 854/956 [05:02<00:35,  2.84it/s]Deconvoluting Remaining Spots:  89%|████████▉ | 855/956 [05:03<00:39,  2.58it/s]Deconvoluting Remaining Spots:  90%|████████▉ | 856/956 [05:03<00:36,  2.74it/s]Deconvoluting Remaining Spots:  90%|████████▉ | 857/956 [05:04<00:36,  2.74it/s]Deconvoluting Remaining Spots:  90%|████████▉ | 858/956 [05:04<00:33,  2.96it/s]Deconvoluting Remaining Spots:  90%|████████▉ | 859/956 [05:04<00:29,  3.24it/s]Deconvoluting Remaining Spots:  90%|████████▉ | 860/956 [05:05<00:34,  2.75it/s]Deconvoluting Remaining Spots:  90%|█████████ | 861/956 [05:05<00:33,  2.88it/s]Deconvoluting Remaining Spots:  90%|█████████ | 862/956 [05:05<00:31,  2.99it/s]Deconvoluting Remaining Spots:  90%|█████████ | 863/956 [05:05<00:28,  3.29it/s]Deconvoluting Remaining Spots:  90%|█████████ | 864/956 [05:06<00:31,  2.94it/s]Deconvoluting Remaining Spots:  90%|█████████ | 865/956 [05:06<00:25,  3.59it/s]Deconvoluting Remaining Spots:  91%|█████████ | 866/956 [05:06<00:26,  3.36it/s]Deconvoluting Remaining Spots:  91%|█████████ | 867/956 [05:07<00:26,  3.42it/s]Deconvoluting Remaining Spots:  91%|█████████ | 868/956 [05:07<00:26,  3.27it/s]Deconvoluting Remaining Spots:  91%|█████████ | 869/956 [05:07<00:27,  3.15it/s]Deconvoluting Remaining Spots:  91%|█████████ | 870/956 [05:08<00:31,  2.76it/s]Deconvoluting Remaining Spots:  91%|█████████ | 871/956 [05:08<00:30,  2.81it/s]Deconvoluting Remaining Spots:  91%|█████████ | 872/956 [05:08<00:26,  3.18it/s]Deconvoluting Remaining Spots:  91%|█████████▏| 873/956 [05:09<00:30,  2.74it/s]Deconvoluting Remaining Spots:  91%|█████████▏| 874/956 [05:09<00:25,  3.25it/s]Deconvoluting Remaining Spots:  92%|█████████▏| 875/956 [05:10<00:33,  2.40it/s]Deconvoluting Remaining Spots:  92%|█████████▏| 877/956 [05:10<00:26,  3.02it/s]Deconvoluting Remaining Spots:  92%|█████████▏| 878/956 [05:10<00:24,  3.23it/s]Deconvoluting Remaining Spots:  92%|█████████▏| 879/956 [05:11<00:24,  3.20it/s]Deconvoluting Remaining Spots:  92%|█████████▏| 880/956 [05:11<00:21,  3.54it/s]Deconvoluting Remaining Spots:  92%|█████████▏| 881/956 [05:11<00:24,  3.09it/s]Deconvoluting Remaining Spots:  92%|█████████▏| 882/956 [05:12<00:25,  2.91it/s]Deconvoluting Remaining Spots:  92%|█████████▏| 883/956 [05:12<00:24,  2.94it/s]Deconvoluting Remaining Spots:  92%|█████████▏| 884/956 [05:12<00:21,  3.39it/s]Deconvoluting Remaining Spots:  93%|█████████▎| 885/956 [05:13<00:21,  3.34it/s]Deconvoluting Remaining Spots:  93%|█████████▎| 886/956 [05:13<00:19,  3.67it/s]Deconvoluting Remaining Spots:  93%|█████████▎| 887/956 [05:13<00:19,  3.55it/s]Deconvoluting Remaining Spots:  93%|█████████▎| 888/956 [05:13<00:20,  3.31it/s]Deconvoluting Remaining Spots:  93%|█████████▎| 889/956 [05:14<00:20,  3.24it/s]Deconvoluting Remaining Spots:  93%|█████████▎| 890/956 [05:14<00:22,  2.96it/s]Deconvoluting Remaining Spots:  93%|█████████▎| 891/956 [05:15<00:22,  2.83it/s]Deconvoluting Remaining Spots:  93%|█████████▎| 892/956 [05:15<00:20,  3.19it/s]Deconvoluting Remaining Spots:  93%|█████████▎| 893/956 [05:15<00:21,  2.87it/s]Deconvoluting Remaining Spots:  94%|█████████▎| 894/956 [05:15<00:19,  3.24it/s]Deconvoluting Remaining Spots:  94%|█████████▎| 895/956 [05:16<00:19,  3.15it/s]Deconvoluting Remaining Spots:  94%|█████████▎| 896/956 [05:16<00:16,  3.68it/s]Deconvoluting Remaining Spots:  94%|█████████▍| 897/956 [05:16<00:17,  3.45it/s]Deconvoluting Remaining Spots:  94%|█████████▍| 898/956 [05:17<00:20,  2.86it/s]Deconvoluting Remaining Spots:  94%|█████████▍| 899/956 [05:17<00:21,  2.60it/s]Deconvoluting Remaining Spots:  94%|█████████▍| 900/956 [05:17<00:19,  2.94it/s]2026-02-18 16:34:37,345 - root - INFO - Saved checkpoint after 900 completed spots
Deconvoluting Remaining Spots:  94%|█████████▍| 901/956 [05:25<02:10,  2.37s/it]Deconvoluting Remaining Spots:  97%|█████████▋| 923/956 [05:25<00:08,  4.05it/s]Deconvoluting Remaining Spots:  97%|█████████▋| 925/956 [05:26<00:08,  3.71it/s]Deconvoluting Remaining Spots:  97%|█████████▋| 927/956 [05:27<00:07,  3.63it/s]Deconvoluting Remaining Spots:  97%|█████████▋| 928/956 [05:27<00:07,  3.66it/s]Deconvoluting Remaining Spots:  97%|█████████▋| 929/956 [05:27<00:07,  3.64it/s]Deconvoluting Remaining Spots:  97%|█████████▋| 930/956 [05:28<00:07,  3.35it/s]Deconvoluting Remaining Spots:  97%|█████████▋| 931/956 [05:28<00:07,  3.41it/s]Deconvoluting Remaining Spots:  97%|█████████▋| 932/956 [05:28<00:07,  3.36it/s]Deconvoluting Remaining Spots:  98%|█████████▊| 933/956 [05:29<00:07,  3.28it/s]Deconvoluting Remaining Spots:  98%|█████████▊| 934/956 [05:29<00:06,  3.26it/s]Deconvoluting Remaining Spots:  98%|█████████▊| 935/956 [05:29<00:06,  3.30it/s]Deconvoluting Remaining Spots:  98%|█████████▊| 936/956 [05:29<00:06,  3.33it/s]Deconvoluting Remaining Spots:  98%|█████████▊| 937/956 [05:30<00:05,  3.19it/s]Deconvoluting Remaining Spots:  98%|█████████▊| 938/956 [05:30<00:05,  3.43it/s]Deconvoluting Remaining Spots:  98%|█████████▊| 939/956 [05:30<00:05,  2.96it/s]Deconvoluting Remaining Spots:  98%|█████████▊| 940/956 [05:31<00:04,  3.37it/s]Deconvoluting Remaining Spots:  98%|█████████▊| 941/956 [05:31<00:04,  3.37it/s]Deconvoluting Remaining Spots:  99%|█████████▊| 942/956 [05:31<00:04,  3.06it/s]Deconvoluting Remaining Spots:  99%|█████████▊| 943/956 [05:32<00:03,  3.47it/s]Deconvoluting Remaining Spots:  99%|█████████▊| 944/956 [05:32<00:03,  3.40it/s]Deconvoluting Remaining Spots:  99%|█████████▉| 945/956 [05:32<00:03,  3.26it/s]Deconvoluting Remaining Spots:  99%|█████████▉| 946/956 [05:33<00:03,  3.14it/s]Deconvoluting Remaining Spots:  99%|█████████▉| 947/956 [05:33<00:02,  3.23it/s]Deconvoluting Remaining Spots:  99%|█████████▉| 948/956 [05:33<00:02,  3.16it/s]Deconvoluting Remaining Spots:  99%|█████████▉| 949/956 [05:33<00:02,  3.27it/s]Deconvoluting Remaining Spots:  99%|█████████▉| 950/956 [05:34<00:02,  2.95it/s]Deconvoluting Remaining Spots:  99%|█████████▉| 951/956 [05:34<00:01,  2.81it/s]Deconvoluting Remaining Spots: 100%|█████████▉| 952/956 [05:34<00:01,  3.07it/s]Deconvoluting Remaining Spots: 100%|█████████▉| 953/956 [05:35<00:00,  3.06it/s]Deconvoluting Remaining Spots: 100%|█████████▉| 954/956 [05:35<00:00,  2.84it/s]Deconvoluting Remaining Spots: 100%|█████████▉| 955/956 [05:36<00:00,  2.97it/s]Deconvoluting Remaining Spots: 100%|██████████| 956/956 [05:36<00:00,  3.15it/s]Deconvoluting Remaining Spots: 100%|██████████| 956/956 [05:36<00:00,  2.84it/s]
2026-02-18 16:34:55,307 - root - INFO - Saved final results with 956 completed spots
2026-02-18 16:35:01,579 - root - INFO - Saved profiles to Benchmarking/simulation_benchmarking/CITEgeist/output_discrete_relaxed/mixed/dapi/mixed/dapi/Wu_rep_3/Wu_rep_3_gene_expression_pass1.parquet with cell types: ['B-cells', 'CAFs', 'Cancer Epithelial', 'Endothelial', 'Myeloid', 'Normal Epithelial', 'PVL', 'Plasmablasts', 'T-cells']
2026-02-18 16:35:03,771 - root - INFO - Successfully added layer: PVL_genes_pass1
2026-02-18 16:35:04,021 - root - INFO - Successfully added layer: Endothelial_genes_pass1
2026-02-18 16:35:04,272 - root - INFO - Successfully added layer: Cancer_Epithelial_genes_pass1
2026-02-18 16:35:04,523 - root - INFO - Successfully added layer: B-cells_genes_pass1
2026-02-18 16:35:04,773 - root - INFO - Successfully added layer: Plasmablasts_genes_pass1
2026-02-18 16:35:05,024 - root - INFO - Successfully added layer: T-cells_genes_pass1
2026-02-18 16:35:05,275 - root - INFO - Successfully added layer: Myeloid_genes_pass1
2026-02-18 16:35:05,524 - root - INFO - Successfully added layer: Normal_Epithelial_genes_pass1
2026-02-18 16:35:05,774 - root - INFO - Successfully added layer: CAFs_genes_pass1
2026-02-18 16:35:17,834 - root - INFO - Exported layer 'PVL_genes_pass1' to 'Benchmarking/simulation_benchmarking/CITEgeist/output_discrete_relaxed/mixed/dapi/mixed/dapi/Wu_rep_3/Wu_rep_3_pass1/layers/pass1/PVL_layer_pass1.csv'
2026-02-18 16:35:29,881 - root - INFO - Exported layer 'Endothelial_genes_pass1' to 'Benchmarking/simulation_benchmarking/CITEgeist/output_discrete_relaxed/mixed/dapi/mixed/dapi/Wu_rep_3/Wu_rep_3_pass1/layers/pass1/Endothelial_layer_pass1.csv'
2026-02-18 16:35:41,875 - root - INFO - Exported layer 'Cancer_Epithelial_genes_pass1' to 'Benchmarking/simulation_benchmarking/CITEgeist/output_discrete_relaxed/mixed/dapi/mixed/dapi/Wu_rep_3/Wu_rep_3_pass1/layers/pass1/Cancer_Epithelial_layer_pass1.csv'
2026-02-18 16:35:53,903 - root - INFO - Exported layer 'B-cells_genes_pass1' to 'Benchmarking/simulation_benchmarking/CITEgeist/output_discrete_relaxed/mixed/dapi/mixed/dapi/Wu_rep_3/Wu_rep_3_pass1/layers/pass1/B-cells_layer_pass1.csv'
2026-02-18 16:36:05,990 - root - INFO - Exported layer 'Plasmablasts_genes_pass1' to 'Benchmarking/simulation_benchmarking/CITEgeist/output_discrete_relaxed/mixed/dapi/mixed/dapi/Wu_rep_3/Wu_rep_3_pass1/layers/pass1/Plasmablasts_layer_pass1.csv'
2026-02-18 16:36:17,993 - root - INFO - Exported layer 'T-cells_genes_pass1' to 'Benchmarking/simulation_benchmarking/CITEgeist/output_discrete_relaxed/mixed/dapi/mixed/dapi/Wu_rep_3/Wu_rep_3_pass1/layers/pass1/T-cells_layer_pass1.csv'
2026-02-18 16:36:30,039 - root - INFO - Exported layer 'Myeloid_genes_pass1' to 'Benchmarking/simulation_benchmarking/CITEgeist/output_discrete_relaxed/mixed/dapi/mixed/dapi/Wu_rep_3/Wu_rep_3_pass1/layers/pass1/Myeloid_layer_pass1.csv'
2026-02-18 16:36:42,021 - root - INFO - Exported layer 'Normal_Epithelial_genes_pass1' to 'Benchmarking/simulation_benchmarking/CITEgeist/output_discrete_relaxed/mixed/dapi/mixed/dapi/Wu_rep_3/Wu_rep_3_pass1/layers/pass1/Normal_Epithelial_layer_pass1.csv'
2026-02-18 16:36:54,084 - root - INFO - Exported layer 'CAFs_genes_pass1' to 'Benchmarking/simulation_benchmarking/CITEgeist/output_discrete_relaxed/mixed/dapi/mixed/dapi/Wu_rep_3/Wu_rep_3_pass1/layers/pass1/CAFs_layer_pass1.csv'
2026-02-18 16:36:54,085 - __main__ - INFO - GEX deconvolution completed in 462.8s
2026-02-18 16:38:43,068 - __main__ - INFO - Exported 9 cell type layers to Benchmarking/simulation_benchmarking/CITEgeist/output_discrete_relaxed/mixed/dapi/mixed/dapi/Wu_rep_3/layers
2026-02-18 16:38:43,071 - __main__ - INFO - Comparing against ground truth GEX: /ix1/alee/LO_LAB/Personal/Brent_Schlegel/bts76/Projects/CITEgeist/Wu_Visium/Simulations/scCube_12k/replicates/mixed/ST_GEX_sim/sample_3/layers
2026-02-18 16:39:47,958 - __main__ - INFO - GEX Average RMSE: 0.1507
2026-02-18 16:39:47,958 - __main__ - INFO - GEX Average NRMSE: 0.0205
2026-02-18 16:39:47,966 - __main__ - INFO - Results saved to Benchmarking/simulation_benchmarking/CITEgeist/output_discrete_relaxed/mixed/dapi/mixed/dapi/Wu_rep_3
