2026-02-18 17:04:51,113 - __main__ - INFO - ============================================================
2026-02-18 17:04:51,114 - __main__ - INFO - BENCHMARK: replicate=0, condition=mixed, mode=dapi
2026-02-18 17:04:51,114 - __main__ - INFO - ============================================================
2026-02-18 17:04:51,115 - __main__ - INFO - Loading image: /ix1/alee/LO_LAB/Personal/Alexander_Chang/alc376/CITEgeist/Benchmarking/simulation_benchmarking/CITEgeist/mixed/images/dapi/Wu_rep_0_cellpose.png
2026-02-18 17:04:51,659 - __main__ - INFO - Image shape: (8000, 8000, 3)
2026-02-18 17:04:51,660 - __main__ - INFO - Running Cellpose with model_type=nuclei
2026-02-18 17:04:54,862 - cellpose.models - WARNING - model_type argument is not used in v4.0.1+. Ignoring this argument...
2026-02-18 17:04:54,863 - cellpose.core - INFO - >>>> using CPU
2026-02-18 17:04:54,863 - cellpose.core - INFO - >>>> using CPU
2026-02-18 17:04:55,670 - cellpose.models - INFO - >>>> loading model /ihome/alee/alc376/.cellpose/models/cpsam
2026-02-18 17:04:55,902 - cellpose.models - WARNING - channels deprecated in v4.0.1+. If data contain more than 3 channels, only the first 3 channels will be used
2026-02-18 17:04:55,918 - cellpose.transforms - INFO - processing image with (8000, 8000) HW, and 3 channels
2026-02-18 17:10:47,085 - __main__ - INFO - Detected 4894 nuclei in 355.4s
2026-02-18 17:10:47,161 - __main__ - INFO - Nuclei count correlation: 0.986
2026-02-18 17:10:47,162 - __main__ - INFO - Nuclei count RMSE: 0.46
2026-02-18 17:10:47,211 - __main__ - INFO - Loading h5ad files...
2026-02-18 17:10:47,865 - root - INFO - Logging initialized.
2026-02-18 17:10:47,865 - __main__ - INFO - Using CLR preprocessing (continuous model style)
2026-02-18 17:10:47,982 - root - INFO - Normalization stats:
2026-02-18 17:10:47,982 - root - INFO - Original median total: 70657598764.00
2026-02-18 17:10:47,987 - root - INFO - Mean scaled total: 9980.12
2026-02-18 17:10:47,992 - root - INFO - Max scaled value: 10000.00
2026-02-18 17:10:48,051 - root - INFO - Gene expression data normalized to 10000 counts per spot and validated for discrete count analysis.
2026-02-18 17:10:48,051 - root - INFO - Mapped 18 markers to 9 cell types (preserving marker-level data)
2026-02-18 17:10:48,051 - __main__ - INFO - Discrete cell type order: ['B-cells', 'CAFs', 'Cancer Epithelial', 'Endothelial', 'Myeloid', 'Normal Epithelial', 'PVL', 'Plasmablasts', 'T-cells']
2026-02-18 17:10:48,052 - root - INFO - Mapped 18 markers to 9 cell types (preserving marker-level data)
2026-02-18 17:10:48,052 - root - INFO - Running discrete cell assignment: 951 spots, 18 markers, 9 cell types
2026-02-18 17:10:48,052 - root - INFO - Total nuclei: 4894, mean per spot: 5.15
2026-02-18 17:10:48,052 - root - INFO - Discrete cell assignment EM: 951 spots, 18 markers, 9 cell types
2026-02-18 17:10:48,052 - root - INFO - Total nuclei: 4894, mean per spot: 5.15
2026-02-18 17:10:48,053 - root - INFO - 
=== EM Iteration 1/10 ===
2026-02-18 17:10:48,053 - root - INFO - Marker weighting enabled: weights range [0.500, 0.500]
2026-02-18 17:10:48,053 - root - INFO - Global IQP: 951 spots x 9 cell types = 8559 integer variables
2026-02-18 17:10:48,053 - root - INFO - Time limit: 600.0s, MIP gap: 5.0%
2026-02-18 17:10:48,057 - gurobipy - INFO - Set parameter LicenseID to value 276015
2026-02-18 17:10:48,057 - gurobipy - INFO - Set parameter GURO_PAR_SPECIAL
2026-02-18 17:10:48,057 - gurobipy - INFO - Set parameter TokenServer to value "license.crc.pitt.edu"
2026-02-18 17:10:48,067 - gurobipy - INFO - Set parameter TimeLimit to value 600
2026-02-18 17:10:48,067 - gurobipy - INFO - Set parameter MIPGap to value 0.05
2026-02-18 17:10:48,986 - root - INFO - Starting global IQP optimization...
2026-02-18 17:10:48,987 - gurobipy - INFO - Gurobi Optimizer version 11.0.2 build v11.0.2rc0 (linux64 - "Red Hat Enterprise Linux 9.6 (Plow)")
2026-02-18 17:10:48,987 - gurobipy - INFO - 
2026-02-18 17:10:48,987 - gurobipy - INFO - CPU model: AMD EPYC 9575F 64-Core Processor, instruction set [SSE2|AVX|AVX2|AVX512]
2026-02-18 17:10:48,987 - gurobipy - INFO - Thread count: 128 physical cores, 128 logical processors, using up to 32 threads
2026-02-18 17:10:48,987 - gurobipy - INFO - 
2026-02-18 17:10:48,987 - gurobipy - INFO - Optimize a model with 1854 rows, 8559 columns and 16686 nonzeros
2026-02-18 17:10:48,987 - gurobipy - INFO - Model fingerprint: 0x7661bb0a
2026-02-18 17:10:48,987 - gurobipy - INFO - Model has 8559 quadratic objective terms
2026-02-18 17:10:48,987 - gurobipy - INFO - Variable types: 0 continuous, 8559 integer (0 binary)
2026-02-18 17:10:48,987 - gurobipy - INFO - Coefficient statistics:
2026-02-18 17:10:48,987 - gurobipy - INFO -   Matrix range     [1e+00, 1e+00]
2026-02-18 17:10:48,987 - gurobipy - INFO -   Objective range  [1e-07, 2e+00]
2026-02-18 17:10:48,987 - gurobipy - INFO -   QObjective range [2e+00, 2e+00]
2026-02-18 17:10:48,987 - gurobipy - INFO -   Bounds range     [1e+00, 2e+01]
2026-02-18 17:10:48,987 - gurobipy - INFO -   RHS range        [1e+00, 2e+01]
2026-02-18 17:10:48,987 - gurobipy - INFO - 
2026-02-18 17:10:48,987 - gurobipy - INFO - Loaded user MIP start with objective 3648.6
2026-02-18 17:10:48,987 - gurobipy - INFO - 
2026-02-18 17:10:56,750 - gurobipy - INFO - Presolve removed 1853 rows and 8550 columns (presolve time = 8s) ...
2026-02-18 17:10:56,751 - gurobipy - INFO - Presolve removed 1853 rows and 8550 columns
2026-02-18 17:10:56,751 - gurobipy - INFO - Presolve time: 7.76s
2026-02-18 17:10:56,751 - gurobipy - INFO - Presolved: 1 rows, 9 columns, 9 nonzeros
2026-02-18 17:10:56,751 - gurobipy - INFO - Presolved model has 9 quadratic objective terms
2026-02-18 17:10:56,751 - gurobipy - INFO - Found heuristic solution: objective 3003.0460070
2026-02-18 17:10:56,751 - gurobipy - INFO - Variable types: 0 continuous, 9 integer (0 binary)
2026-02-18 17:10:56,751 - gurobipy - INFO - 
2026-02-18 17:10:56,751 - gurobipy - INFO - Explored 0 nodes (0 simplex iterations) in 7.76 seconds (0.26 work units)
2026-02-18 17:10:56,751 - gurobipy - INFO - Thread count was 32 (of 128 available processors)
2026-02-18 17:10:56,751 - gurobipy - INFO - 
2026-02-18 17:10:56,751 - gurobipy - INFO - Solution count 2: 3003.05 3648.6 
2026-02-18 17:10:56,751 - gurobipy - INFO - 
2026-02-18 17:10:56,751 - gurobipy - INFO - Optimal solution found (tolerance 5.00e-02)
2026-02-18 17:10:56,751 - gurobipy - INFO - Best objective 3.003046007047e+03, best bound 2.997879340868e+03, gap 0.1720%
2026-02-18 17:10:56,767 - root - INFO - Global IQP solved: status=2, gap=0.17%, time=7.8s
/ix1/alee/LO_LAB/Personal/Alexander_Chang/alc376/CITEgeist/CITEgeist/model/gurobi_impl.py:3800: RuntimeWarning: invalid value encountered in scalar divide
  loss_change = abs(prev_loss - loss) / max(abs(prev_loss), 1e-10)
2026-02-18 17:10:56,826 - root - INFO -   Loss: 899.8874 (change: nan)
2026-02-18 17:10:56,826 - root - INFO -   Beta range: [0.100, 0.639]
2026-02-18 17:10:56,826 - root - INFO -   Max beta change: 0.900000
2026-02-18 17:10:56,826 - root - INFO -   Cell count range: [0, 19]
2026-02-18 17:10:56,826 - root - INFO -     B-cells: 493 cells (10.1%)
2026-02-18 17:10:56,826 - root - INFO -     CAFs: 799 cells (16.3%)
2026-02-18 17:10:56,826 - root - INFO -     Cancer Epithelial: 876 cells (17.9%)
2026-02-18 17:10:56,826 - root - INFO -     Endothelial: 414 cells (8.5%)
2026-02-18 17:10:56,826 - root - INFO -     Myeloid: 563 cells (11.5%)
2026-02-18 17:10:56,826 - root - INFO -     Normal Epithelial: 398 cells (8.1%)
2026-02-18 17:10:56,826 - root - INFO -     PVL: 393 cells (8.0%)
2026-02-18 17:10:56,826 - root - INFO -     Plasmablasts: 389 cells (7.9%)
2026-02-18 17:10:56,826 - root - INFO -     T-cells: 569 cells (11.6%)
2026-02-18 17:10:56,826 - root - INFO - 
=== EM Iteration 2/10 ===
2026-02-18 17:10:56,826 - root - INFO - Marker weighting enabled: weights range [0.500, 0.500]
2026-02-18 17:10:56,826 - root - INFO - Global IQP: 951 spots x 9 cell types = 8559 integer variables
2026-02-18 17:10:56,826 - root - INFO - Time limit: 600.0s, MIP gap: 5.0%
2026-02-18 17:10:56,826 - gurobipy - INFO - Set parameter TimeLimit to value 600
2026-02-18 17:10:56,827 - gurobipy - INFO - Set parameter MIPGap to value 0.05
2026-02-18 17:10:57,732 - root - INFO - Starting global IQP optimization...
2026-02-18 17:10:57,732 - gurobipy - INFO - Gurobi Optimizer version 11.0.2 build v11.0.2rc0 (linux64 - "Red Hat Enterprise Linux 9.6 (Plow)")
2026-02-18 17:10:57,732 - gurobipy - INFO - 
2026-02-18 17:10:57,733 - gurobipy - INFO - CPU model: AMD EPYC 9575F 64-Core Processor, instruction set [SSE2|AVX|AVX2|AVX512]
2026-02-18 17:10:57,733 - gurobipy - INFO - Thread count: 128 physical cores, 128 logical processors, using up to 32 threads
2026-02-18 17:10:57,733 - gurobipy - INFO - 
2026-02-18 17:10:57,733 - gurobipy - INFO - Optimize a model with 1854 rows, 8559 columns and 16686 nonzeros
2026-02-18 17:10:57,733 - gurobipy - INFO - Model fingerprint: 0xb2720255
2026-02-18 17:10:57,733 - gurobipy - INFO - Model has 8559 quadratic objective terms
2026-02-18 17:10:57,733 - gurobipy - INFO - Variable types: 0 continuous, 8559 integer (0 binary)
2026-02-18 17:10:57,733 - gurobipy - INFO - Coefficient statistics:
2026-02-18 17:10:57,733 - gurobipy - INFO -   Matrix range     [1e+00, 1e+00]
2026-02-18 17:10:57,733 - gurobipy - INFO -   Objective range  [1e-08, 1e+00]
2026-02-18 17:10:57,733 - gurobipy - INFO -   QObjective range [2e-02, 8e-01]
2026-02-18 17:10:57,733 - gurobipy - INFO -   Bounds range     [1e+00, 2e+01]
2026-02-18 17:10:57,733 - gurobipy - INFO -   RHS range        [1e+00, 2e+01]
2026-02-18 17:10:57,733 - gurobipy - INFO - 
2026-02-18 17:10:57,733 - gurobipy - INFO - Loaded user MIP start with objective 449.944
2026-02-18 17:10:57,733 - gurobipy - INFO - 
2026-02-18 17:11:00,401 - gurobipy - INFO - Presolve removed 1853 rows and 8550 columns
2026-02-18 17:11:00,401 - gurobipy - INFO - Presolve time: 2.67s
2026-02-18 17:11:00,401 - gurobipy - INFO - Presolved: 1 rows, 9 columns, 9 nonzeros
2026-02-18 17:11:00,402 - gurobipy - INFO - Presolved model has 9 quadratic objective terms
2026-02-18 17:11:00,402 - gurobipy - INFO - Found heuristic solution: objective 260.6666532
2026-02-18 17:11:00,402 - gurobipy - INFO - Variable types: 0 continuous, 9 integer (0 binary)
2026-02-18 17:11:00,402 - gurobipy - INFO - 
2026-02-18 17:11:00,402 - gurobipy - INFO - Explored 0 nodes (0 simplex iterations) in 2.67 seconds (0.10 work units)
2026-02-18 17:11:00,402 - gurobipy - INFO - Thread count was 32 (of 128 available processors)
2026-02-18 17:11:00,402 - gurobipy - INFO - 
2026-02-18 17:11:00,402 - gurobipy - INFO - Solution count 2: 260.667 449.944 
2026-02-18 17:11:00,402 - gurobipy - INFO - 
2026-02-18 17:11:00,402 - gurobipy - INFO - Optimal solution found (tolerance 5.00e-02)
2026-02-18 17:11:00,402 - gurobipy - INFO - Best objective 2.606666531917e+02, best bound 2.591992176750e+02, gap 0.5630%
2026-02-18 17:11:00,412 - root - INFO - Global IQP solved: status=2, gap=0.56%, time=2.7s
2026-02-18 17:11:00,453 - root - INFO -   Loss: 502.8703 (change: 0.441185)
2026-02-18 17:11:00,453 - root - INFO -   Beta range: [0.100, 0.567]
2026-02-18 17:11:00,453 - root - INFO -   Max beta change: 0.072562
2026-02-18 17:11:00,453 - root - INFO -   Cell count range: [0, 19]
2026-02-18 17:11:00,453 - root - INFO -     B-cells: 419 cells (8.6%)
2026-02-18 17:11:00,453 - root - INFO -     CAFs: 796 cells (16.3%)
2026-02-18 17:11:00,453 - root - INFO -     Cancer Epithelial: 936 cells (19.1%)
2026-02-18 17:11:00,453 - root - INFO -     Endothelial: 467 cells (9.5%)
2026-02-18 17:11:00,453 - root - INFO -     Myeloid: 494 cells (10.1%)
2026-02-18 17:11:00,453 - root - INFO -     Normal Epithelial: 455 cells (9.3%)
2026-02-18 17:11:00,453 - root - INFO -     PVL: 463 cells (9.5%)
2026-02-18 17:11:00,453 - root - INFO -     Plasmablasts: 394 cells (8.1%)
2026-02-18 17:11:00,453 - root - INFO -     T-cells: 470 cells (9.6%)
2026-02-18 17:11:00,453 - root - INFO - 
=== EM Iteration 3/10 ===
2026-02-18 17:11:00,453 - root - INFO - Marker weighting enabled: weights range [0.500, 0.500]
2026-02-18 17:11:00,453 - root - INFO - Global IQP: 951 spots x 9 cell types = 8559 integer variables
2026-02-18 17:11:00,453 - root - INFO - Time limit: 600.0s, MIP gap: 5.0%
2026-02-18 17:11:00,454 - gurobipy - INFO - Set parameter TimeLimit to value 600
2026-02-18 17:11:00,454 - gurobipy - INFO - Set parameter MIPGap to value 0.05
2026-02-18 17:11:01,080 - root - INFO - Starting global IQP optimization...
2026-02-18 17:11:01,080 - gurobipy - INFO - Gurobi Optimizer version 11.0.2 build v11.0.2rc0 (linux64 - "Red Hat Enterprise Linux 9.6 (Plow)")
2026-02-18 17:11:01,080 - gurobipy - INFO - 
2026-02-18 17:11:01,080 - gurobipy - INFO - CPU model: AMD EPYC 9575F 64-Core Processor, instruction set [SSE2|AVX|AVX2|AVX512]
2026-02-18 17:11:01,080 - gurobipy - INFO - Thread count: 128 physical cores, 128 logical processors, using up to 32 threads
2026-02-18 17:11:01,080 - gurobipy - INFO - 
2026-02-18 17:11:01,080 - gurobipy - INFO - Optimize a model with 1854 rows, 8559 columns and 16686 nonzeros
2026-02-18 17:11:01,081 - gurobipy - INFO - Model fingerprint: 0x8e431987
2026-02-18 17:11:01,081 - gurobipy - INFO - Model has 8559 quadratic objective terms
2026-02-18 17:11:01,081 - gurobipy - INFO - Variable types: 0 continuous, 8559 integer (0 binary)
2026-02-18 17:11:01,081 - gurobipy - INFO - Coefficient statistics:
2026-02-18 17:11:01,081 - gurobipy - INFO -   Matrix range     [1e+00, 1e+00]
2026-02-18 17:11:01,081 - gurobipy - INFO -   Objective range  [1e-08, 1e+00]
2026-02-18 17:11:01,081 - gurobipy - INFO -   QObjective range [2e-02, 6e-01]
2026-02-18 17:11:01,081 - gurobipy - INFO -   Bounds range     [1e+00, 2e+01]
2026-02-18 17:11:01,081 - gurobipy - INFO -   RHS range        [1e+00, 2e+01]
2026-02-18 17:11:01,081 - gurobipy - INFO - 
2026-02-18 17:11:01,081 - gurobipy - INFO - Loaded user MIP start with objective 251.435
2026-02-18 17:11:01,081 - gurobipy - INFO - 
2026-02-18 17:11:03,737 - gurobipy - INFO - Presolve removed 1853 rows and 8550 columns
2026-02-18 17:11:03,737 - gurobipy - INFO - Presolve time: 2.66s
2026-02-18 17:11:03,737 - gurobipy - INFO - Presolved: 1 rows, 9 columns, 9 nonzeros
2026-02-18 17:11:03,737 - gurobipy - INFO - Presolved model has 9 quadratic objective terms
2026-02-18 17:11:03,737 - gurobipy - INFO - Found heuristic solution: objective 245.3857292
2026-02-18 17:11:03,737 - gurobipy - INFO - Variable types: 0 continuous, 9 integer (0 binary)
2026-02-18 17:11:03,737 - gurobipy - INFO - 
2026-02-18 17:11:03,737 - gurobipy - INFO - Explored 0 nodes (0 simplex iterations) in 2.66 seconds (0.09 work units)
2026-02-18 17:11:03,737 - gurobipy - INFO - Thread count was 32 (of 128 available processors)
2026-02-18 17:11:03,737 - gurobipy - INFO - 
2026-02-18 17:11:03,737 - gurobipy - INFO - Solution count 2: 245.386 251.435 
2026-02-18 17:11:03,737 - gurobipy - INFO - 
2026-02-18 17:11:03,737 - gurobipy - INFO - Optimal solution found (tolerance 5.00e-02)
2026-02-18 17:11:03,737 - gurobipy - INFO - Best objective 2.453857291947e+02, best bound 2.440072337054e+02, gap 0.5618%
2026-02-18 17:11:03,749 - root - INFO - Global IQP solved: status=2, gap=0.56%, time=2.7s
2026-02-18 17:11:03,795 - root - INFO -   Loss: 482.2302 (change: 0.041044)
2026-02-18 17:11:03,795 - root - INFO -   Beta range: [0.100, 0.527]
2026-02-18 17:11:03,795 - root - INFO -   Max beta change: 0.040504
2026-02-18 17:11:03,795 - root - INFO -   Cell count range: [0, 19]
2026-02-18 17:11:03,795 - root - INFO -     B-cells: 391 cells (8.0%)
2026-02-18 17:11:03,795 - root - INFO -     CAFs: 825 cells (16.9%)
2026-02-18 17:11:03,795 - root - INFO -     Cancer Epithelial: 1028 cells (21.0%)
2026-02-18 17:11:03,795 - root - INFO -     Endothelial: 473 cells (9.7%)
2026-02-18 17:11:03,795 - root - INFO -     Myeloid: 465 cells (9.5%)
2026-02-18 17:11:03,795 - root - INFO -     Normal Epithelial: 459 cells (9.4%)
2026-02-18 17:11:03,795 - root - INFO -     PVL: 413 cells (8.4%)
2026-02-18 17:11:03,795 - root - INFO -     Plasmablasts: 405 cells (8.3%)
2026-02-18 17:11:03,795 - root - INFO -     T-cells: 435 cells (8.9%)
2026-02-18 17:11:03,795 - root - INFO - 
=== EM Iteration 4/10 ===
2026-02-18 17:11:03,795 - root - INFO - Marker weighting enabled: weights range [0.500, 0.500]
2026-02-18 17:11:03,795 - root - INFO - Global IQP: 951 spots x 9 cell types = 8559 integer variables
2026-02-18 17:11:03,795 - root - INFO - Time limit: 600.0s, MIP gap: 5.0%
2026-02-18 17:11:03,795 - gurobipy - INFO - Set parameter TimeLimit to value 600
2026-02-18 17:11:03,795 - gurobipy - INFO - Set parameter MIPGap to value 0.05
2026-02-18 17:11:04,602 - root - INFO - Starting global IQP optimization...
2026-02-18 17:11:04,603 - gurobipy - INFO - Gurobi Optimizer version 11.0.2 build v11.0.2rc0 (linux64 - "Red Hat Enterprise Linux 9.6 (Plow)")
2026-02-18 17:11:04,603 - gurobipy - INFO - 
2026-02-18 17:11:04,603 - gurobipy - INFO - CPU model: AMD EPYC 9575F 64-Core Processor, instruction set [SSE2|AVX|AVX2|AVX512]
2026-02-18 17:11:04,603 - gurobipy - INFO - Thread count: 128 physical cores, 128 logical processors, using up to 32 threads
2026-02-18 17:11:04,603 - gurobipy - INFO - 
2026-02-18 17:11:04,603 - gurobipy - INFO - Optimize a model with 1854 rows, 8559 columns and 16686 nonzeros
2026-02-18 17:11:04,603 - gurobipy - INFO - Model fingerprint: 0xedc917f3
2026-02-18 17:11:04,603 - gurobipy - INFO - Model has 8559 quadratic objective terms
2026-02-18 17:11:04,603 - gurobipy - INFO - Variable types: 0 continuous, 8559 integer (0 binary)
2026-02-18 17:11:04,603 - gurobipy - INFO - Coefficient statistics:
2026-02-18 17:11:04,603 - gurobipy - INFO -   Matrix range     [1e+00, 1e+00]
2026-02-18 17:11:04,603 - gurobipy - INFO -   Objective range  [1e-08, 1e+00]
2026-02-18 17:11:04,603 - gurobipy - INFO -   QObjective range [2e-02, 6e-01]
2026-02-18 17:11:04,603 - gurobipy - INFO -   Bounds range     [1e+00, 2e+01]
2026-02-18 17:11:04,603 - gurobipy - INFO -   RHS range        [1e+00, 2e+01]
2026-02-18 17:11:04,603 - gurobipy - INFO - 
2026-02-18 17:11:04,603 - gurobipy - INFO - Loaded user MIP start with objective 241.115
2026-02-18 17:11:04,603 - gurobipy - INFO - 
2026-02-18 17:11:07,036 - gurobipy - INFO - Presolve removed 1853 rows and 8550 columns
2026-02-18 17:11:07,036 - gurobipy - INFO - Presolve time: 2.43s
2026-02-18 17:11:07,036 - gurobipy - INFO - Presolved: 1 rows, 9 columns, 9 nonzeros
2026-02-18 17:11:07,036 - gurobipy - INFO - Presolved model has 9 quadratic objective terms
2026-02-18 17:11:07,036 - gurobipy - INFO - Found heuristic solution: objective 238.8226877
2026-02-18 17:11:07,036 - gurobipy - INFO - Variable types: 0 continuous, 9 integer (0 binary)
2026-02-18 17:11:07,036 - gurobipy - INFO - 
2026-02-18 17:11:07,036 - gurobipy - INFO - Explored 0 nodes (0 simplex iterations) in 2.43 seconds (0.09 work units)
2026-02-18 17:11:07,036 - gurobipy - INFO - Thread count was 32 (of 128 available processors)
2026-02-18 17:11:07,036 - gurobipy - INFO - 
2026-02-18 17:11:07,036 - gurobipy - INFO - Solution count 2: 238.823 241.115 
2026-02-18 17:11:07,036 - gurobipy - INFO - 
2026-02-18 17:11:07,036 - gurobipy - INFO - Optimal solution found (tolerance 5.00e-02)
2026-02-18 17:11:07,036 - gurobipy - INFO - Best objective 2.388226877318e+02, best bound 2.374981063015e+02, gap 0.5546%
2026-02-18 17:11:07,048 - root - INFO - Global IQP solved: status=2, gap=0.55%, time=2.4s
2026-02-18 17:11:07,094 - root - INFO -   Loss: 467.4123 (change: 0.030728)
2026-02-18 17:11:07,094 - root - INFO -   Beta range: [0.100, 0.508]
2026-02-18 17:11:07,094 - root - INFO -   Max beta change: 0.022593
2026-02-18 17:11:07,094 - root - INFO -   Cell count range: [0, 19]
2026-02-18 17:11:07,094 - root - INFO -     B-cells: 364 cells (7.4%)
2026-02-18 17:11:07,094 - root - INFO -     CAFs: 846 cells (17.3%)
2026-02-18 17:11:07,094 - root - INFO -     Cancer Epithelial: 1080 cells (22.1%)
2026-02-18 17:11:07,094 - root - INFO -     Endothelial: 462 cells (9.4%)
2026-02-18 17:11:07,094 - root - INFO -     Myeloid: 446 cells (9.1%)
2026-02-18 17:11:07,094 - root - INFO -     Normal Epithelial: 454 cells (9.3%)
2026-02-18 17:11:07,094 - root - INFO -     PVL: 417 cells (8.5%)
2026-02-18 17:11:07,094 - root - INFO -     Plasmablasts: 422 cells (8.6%)
2026-02-18 17:11:07,094 - root - INFO -     T-cells: 403 cells (8.2%)
2026-02-18 17:11:07,094 - root - INFO - 
=== EM Iteration 5/10 ===
2026-02-18 17:11:07,094 - root - INFO - Marker weighting enabled: weights range [0.500, 0.500]
2026-02-18 17:11:07,094 - root - INFO - Global IQP: 951 spots x 9 cell types = 8559 integer variables
2026-02-18 17:11:07,094 - root - INFO - Time limit: 600.0s, MIP gap: 5.0%
2026-02-18 17:11:07,094 - gurobipy - INFO - Set parameter TimeLimit to value 600
2026-02-18 17:11:07,094 - gurobipy - INFO - Set parameter MIPGap to value 0.05
2026-02-18 17:11:07,952 - root - INFO - Starting global IQP optimization...
2026-02-18 17:11:07,952 - gurobipy - INFO - Gurobi Optimizer version 11.0.2 build v11.0.2rc0 (linux64 - "Red Hat Enterprise Linux 9.6 (Plow)")
2026-02-18 17:11:07,952 - gurobipy - INFO - 
2026-02-18 17:11:07,952 - gurobipy - INFO - CPU model: AMD EPYC 9575F 64-Core Processor, instruction set [SSE2|AVX|AVX2|AVX512]
2026-02-18 17:11:07,952 - gurobipy - INFO - Thread count: 128 physical cores, 128 logical processors, using up to 32 threads
2026-02-18 17:11:07,952 - gurobipy - INFO - 
2026-02-18 17:11:07,952 - gurobipy - INFO - Optimize a model with 1854 rows, 8559 columns and 16686 nonzeros
2026-02-18 17:11:07,953 - gurobipy - INFO - Model fingerprint: 0x6e503ce8
2026-02-18 17:11:07,953 - gurobipy - INFO - Model has 8559 quadratic objective terms
2026-02-18 17:11:07,953 - gurobipy - INFO - Variable types: 0 continuous, 8559 integer (0 binary)
2026-02-18 17:11:07,953 - gurobipy - INFO - Coefficient statistics:
2026-02-18 17:11:07,953 - gurobipy - INFO -   Matrix range     [1e+00, 1e+00]
2026-02-18 17:11:07,953 - gurobipy - INFO -   Objective range  [1e-08, 1e+00]
2026-02-18 17:11:07,953 - gurobipy - INFO -   QObjective range [2e-02, 5e-01]
2026-02-18 17:11:07,953 - gurobipy - INFO -   Bounds range     [1e+00, 2e+01]
2026-02-18 17:11:07,953 - gurobipy - INFO -   RHS range        [1e+00, 2e+01]
2026-02-18 17:11:07,953 - gurobipy - INFO - 
2026-02-18 17:11:07,953 - gurobipy - INFO - Loaded user MIP start with objective 233.706
2026-02-18 17:11:07,953 - gurobipy - INFO - 
2026-02-18 17:11:10,501 - gurobipy - INFO - Presolve removed 1853 rows and 8550 columns
2026-02-18 17:11:10,501 - gurobipy - INFO - Presolve time: 2.55s
2026-02-18 17:11:10,501 - gurobipy - INFO - Presolved: 1 rows, 9 columns, 9 nonzeros
2026-02-18 17:11:10,501 - gurobipy - INFO - Presolved model has 9 quadratic objective terms
2026-02-18 17:11:10,501 - gurobipy - INFO - Found heuristic solution: objective 233.0057359
2026-02-18 17:11:10,501 - gurobipy - INFO - Variable types: 0 continuous, 9 integer (0 binary)
2026-02-18 17:11:10,501 - gurobipy - INFO - 
2026-02-18 17:11:10,501 - gurobipy - INFO - Explored 0 nodes (0 simplex iterations) in 2.55 seconds (0.08 work units)
2026-02-18 17:11:10,501 - gurobipy - INFO - Thread count was 32 (of 128 available processors)
2026-02-18 17:11:10,501 - gurobipy - INFO - 
2026-02-18 17:11:10,501 - gurobipy - INFO - Solution count 2: 233.006 233.706 
2026-02-18 17:11:10,501 - gurobipy - INFO - 
2026-02-18 17:11:10,501 - gurobipy - INFO - Optimal solution found (tolerance 5.00e-02)
2026-02-18 17:11:10,501 - gurobipy - INFO - Best objective 2.330057359404e+02, best bound 2.316970008678e+02, gap 0.5617%
2026-02-18 17:11:10,513 - root - INFO - Global IQP solved: status=2, gap=0.56%, time=2.6s
2026-02-18 17:11:10,557 - root - INFO -   Loss: 455.2179 (change: 0.026089)
2026-02-18 17:11:10,557 - root - INFO -   Beta range: [0.100, 0.500]
2026-02-18 17:11:10,557 - root - INFO -   Max beta change: 0.031266
2026-02-18 17:11:10,557 - root - INFO -   Cell count range: [0, 19]
2026-02-18 17:11:10,557 - root - INFO -     B-cells: 340 cells (6.9%)
2026-02-18 17:11:10,557 - root - INFO -     CAFs: 846 cells (17.3%)
2026-02-18 17:11:10,557 - root - INFO -     Cancer Epithelial: 1106 cells (22.6%)
2026-02-18 17:11:10,557 - root - INFO -     Endothelial: 475 cells (9.7%)
2026-02-18 17:11:10,557 - root - INFO -     Myeloid: 419 cells (8.6%)
2026-02-18 17:11:10,557 - root - INFO -     Normal Epithelial: 463 cells (9.5%)
2026-02-18 17:11:10,557 - root - INFO -     PVL: 427 cells (8.7%)
2026-02-18 17:11:10,558 - root - INFO -     Plasmablasts: 435 cells (8.9%)
2026-02-18 17:11:10,558 - root - INFO -     T-cells: 383 cells (7.8%)
2026-02-18 17:11:10,558 - root - INFO - 
=== EM Iteration 6/10 ===
2026-02-18 17:11:10,558 - root - INFO - Marker weighting enabled: weights range [0.500, 0.500]
2026-02-18 17:11:10,558 - root - INFO - Global IQP: 951 spots x 9 cell types = 8559 integer variables
2026-02-18 17:11:10,558 - root - INFO - Time limit: 600.0s, MIP gap: 5.0%
2026-02-18 17:11:10,558 - gurobipy - INFO - Set parameter TimeLimit to value 600
2026-02-18 17:11:10,558 - gurobipy - INFO - Set parameter MIPGap to value 0.05
2026-02-18 17:11:11,436 - root - INFO - Starting global IQP optimization...
2026-02-18 17:11:11,436 - gurobipy - INFO - Gurobi Optimizer version 11.0.2 build v11.0.2rc0 (linux64 - "Red Hat Enterprise Linux 9.6 (Plow)")
2026-02-18 17:11:11,436 - gurobipy - INFO - 
2026-02-18 17:11:11,436 - gurobipy - INFO - CPU model: AMD EPYC 9575F 64-Core Processor, instruction set [SSE2|AVX|AVX2|AVX512]
2026-02-18 17:11:11,436 - gurobipy - INFO - Thread count: 128 physical cores, 128 logical processors, using up to 32 threads
2026-02-18 17:11:11,436 - gurobipy - INFO - 
2026-02-18 17:11:11,436 - gurobipy - INFO - Optimize a model with 1854 rows, 8559 columns and 16686 nonzeros
2026-02-18 17:11:11,437 - gurobipy - INFO - Model fingerprint: 0x8963e740
2026-02-18 17:11:11,437 - gurobipy - INFO - Model has 8559 quadratic objective terms
2026-02-18 17:11:11,437 - gurobipy - INFO - Variable types: 0 continuous, 8559 integer (0 binary)
2026-02-18 17:11:11,437 - gurobipy - INFO - Coefficient statistics:
2026-02-18 17:11:11,437 - gurobipy - INFO -   Matrix range     [1e+00, 1e+00]
2026-02-18 17:11:11,437 - gurobipy - INFO -   Objective range  [1e-08, 1e+00]
2026-02-18 17:11:11,437 - gurobipy - INFO -   QObjective range [2e-02, 5e-01]
2026-02-18 17:11:11,437 - gurobipy - INFO -   Bounds range     [1e+00, 2e+01]
2026-02-18 17:11:11,437 - gurobipy - INFO -   RHS range        [1e+00, 2e+01]
2026-02-18 17:11:11,437 - gurobipy - INFO - 
2026-02-18 17:11:11,437 - gurobipy - INFO - Loaded user MIP start with objective 227.609
2026-02-18 17:11:11,437 - gurobipy - INFO - 
2026-02-18 17:11:13,864 - gurobipy - INFO - Presolve removed 1853 rows and 8550 columns
2026-02-18 17:11:13,864 - gurobipy - INFO - Presolve time: 2.43s
2026-02-18 17:11:13,864 - gurobipy - INFO - Presolved: 1 rows, 9 columns, 9 nonzeros
2026-02-18 17:11:13,864 - gurobipy - INFO - Presolved model has 9 quadratic objective terms
2026-02-18 17:11:13,865 - gurobipy - INFO - Found heuristic solution: objective 227.0358550
2026-02-18 17:11:13,865 - gurobipy - INFO - Variable types: 0 continuous, 9 integer (0 binary)
2026-02-18 17:11:13,865 - gurobipy - INFO - 
2026-02-18 17:11:13,865 - gurobipy - INFO - Explored 0 nodes (0 simplex iterations) in 2.43 seconds (0.08 work units)
2026-02-18 17:11:13,865 - gurobipy - INFO - Thread count was 32 (of 128 available processors)
2026-02-18 17:11:13,865 - gurobipy - INFO - 
2026-02-18 17:11:13,865 - gurobipy - INFO - Solution count 2: 227.036 227.609 
2026-02-18 17:11:13,865 - gurobipy - INFO - 
2026-02-18 17:11:13,865 - gurobipy - INFO - Optimal solution found (tolerance 5.00e-02)
2026-02-18 17:11:13,865 - gurobipy - INFO - Best objective 2.270358550098e+02, best bound 2.257193245041e+02, gap 0.5799%
2026-02-18 17:11:13,874 - root - INFO - Global IQP solved: status=2, gap=0.58%, time=2.4s
2026-02-18 17:11:13,920 - root - INFO -   Loss: 445.4761 (change: 0.021400)
2026-02-18 17:11:13,920 - root - INFO -   Beta range: [0.100, 0.496]
2026-02-18 17:11:13,920 - root - INFO -   Max beta change: 0.037206
2026-02-18 17:11:13,920 - root - INFO -   Cell count range: [0, 19]
2026-02-18 17:11:13,920 - root - INFO -     B-cells: 319 cells (6.5%)
2026-02-18 17:11:13,920 - root - INFO -     CAFs: 830 cells (17.0%)
2026-02-18 17:11:13,920 - root - INFO -     Cancer Epithelial: 1117 cells (22.8%)
2026-02-18 17:11:13,920 - root - INFO -     Endothelial: 491 cells (10.0%)
2026-02-18 17:11:13,920 - root - INFO -     Myeloid: 400 cells (8.2%)
2026-02-18 17:11:13,920 - root - INFO -     Normal Epithelial: 477 cells (9.7%)
2026-02-18 17:11:13,920 - root - INFO -     PVL: 440 cells (9.0%)
2026-02-18 17:11:13,920 - root - INFO -     Plasmablasts: 445 cells (9.1%)
2026-02-18 17:11:13,920 - root - INFO -     T-cells: 375 cells (7.7%)
2026-02-18 17:11:13,920 - root - INFO - 
=== EM Iteration 7/10 ===
2026-02-18 17:11:13,920 - root - INFO - Marker weighting enabled: weights range [0.500, 0.500]
2026-02-18 17:11:13,920 - root - INFO - Global IQP: 951 spots x 9 cell types = 8559 integer variables
2026-02-18 17:11:13,920 - root - INFO - Time limit: 600.0s, MIP gap: 5.0%
2026-02-18 17:11:13,920 - gurobipy - INFO - Set parameter TimeLimit to value 600
2026-02-18 17:11:13,921 - gurobipy - INFO - Set parameter MIPGap to value 0.05
2026-02-18 17:11:14,754 - root - INFO - Starting global IQP optimization...
2026-02-18 17:11:14,755 - gurobipy - INFO - Gurobi Optimizer version 11.0.2 build v11.0.2rc0 (linux64 - "Red Hat Enterprise Linux 9.6 (Plow)")
2026-02-18 17:11:14,755 - gurobipy - INFO - 
2026-02-18 17:11:14,755 - gurobipy - INFO - CPU model: AMD EPYC 9575F 64-Core Processor, instruction set [SSE2|AVX|AVX2|AVX512]
2026-02-18 17:11:14,755 - gurobipy - INFO - Thread count: 128 physical cores, 128 logical processors, using up to 32 threads
2026-02-18 17:11:14,755 - gurobipy - INFO - 
2026-02-18 17:11:14,755 - gurobipy - INFO - Optimize a model with 1854 rows, 8559 columns and 16686 nonzeros
2026-02-18 17:11:14,755 - gurobipy - INFO - Model fingerprint: 0x13314280
2026-02-18 17:11:14,755 - gurobipy - INFO - Model has 8559 quadratic objective terms
2026-02-18 17:11:14,755 - gurobipy - INFO - Variable types: 0 continuous, 8559 integer (0 binary)
2026-02-18 17:11:14,755 - gurobipy - INFO - Coefficient statistics:
2026-02-18 17:11:14,755 - gurobipy - INFO -   Matrix range     [1e+00, 1e+00]
2026-02-18 17:11:14,755 - gurobipy - INFO -   Objective range  [1e-08, 1e+00]
2026-02-18 17:11:14,755 - gurobipy - INFO -   QObjective range [2e-02, 5e-01]
2026-02-18 17:11:14,755 - gurobipy - INFO -   Bounds range     [1e+00, 2e+01]
2026-02-18 17:11:14,755 - gurobipy - INFO -   RHS range        [1e+00, 2e+01]
2026-02-18 17:11:14,755 - gurobipy - INFO - 
2026-02-18 17:11:14,755 - gurobipy - INFO - Loaded user MIP start with objective 222.738
2026-02-18 17:11:14,755 - gurobipy - INFO - 
2026-02-18 17:11:17,106 - gurobipy - INFO - Presolve removed 1853 rows and 8550 columns
2026-02-18 17:11:17,106 - gurobipy - INFO - Presolve time: 2.35s
2026-02-18 17:11:17,106 - gurobipy - INFO - Presolved: 1 rows, 9 columns, 9 nonzeros
2026-02-18 17:11:17,106 - gurobipy - INFO - Presolved model has 9 quadratic objective terms
2026-02-18 17:11:17,107 - gurobipy - INFO - Found heuristic solution: objective 222.3123092
2026-02-18 17:11:17,107 - gurobipy - INFO - Variable types: 0 continuous, 9 integer (0 binary)
2026-02-18 17:11:17,107 - gurobipy - INFO - 
2026-02-18 17:11:17,107 - gurobipy - INFO - Explored 0 nodes (0 simplex iterations) in 2.35 seconds (0.08 work units)
2026-02-18 17:11:17,107 - gurobipy - INFO - Thread count was 32 (of 128 available processors)
2026-02-18 17:11:17,107 - gurobipy - INFO - 
2026-02-18 17:11:17,107 - gurobipy - INFO - Solution count 2: 222.312 222.738 
2026-02-18 17:11:17,107 - gurobipy - INFO - 
2026-02-18 17:11:17,107 - gurobipy - INFO - Optimal solution found (tolerance 5.00e-02)
2026-02-18 17:11:17,107 - gurobipy - INFO - Best objective 2.223123092160e+02, best bound 2.209840467500e+02, gap 0.5975%
2026-02-18 17:11:17,117 - root - INFO - Global IQP solved: status=2, gap=0.60%, time=2.4s
2026-02-18 17:11:17,162 - root - INFO -   Loss: 439.8222 (change: 0.012692)
2026-02-18 17:11:17,162 - root - INFO -   Beta range: [0.100, 0.490]
2026-02-18 17:11:17,162 - root - INFO -   Max beta change: 0.040843
2026-02-18 17:11:17,162 - root - INFO -   Cell count range: [0, 19]
2026-02-18 17:11:17,162 - root - INFO -     B-cells: 308 cells (6.3%)
2026-02-18 17:11:17,162 - root - INFO -     CAFs: 807 cells (16.5%)
2026-02-18 17:11:17,162 - root - INFO -     Cancer Epithelial: 1123 cells (22.9%)
2026-02-18 17:11:17,163 - root - INFO -     Endothelial: 499 cells (10.2%)
2026-02-18 17:11:17,163 - root - INFO -     Myeloid: 401 cells (8.2%)
2026-02-18 17:11:17,163 - root - INFO -     Normal Epithelial: 480 cells (9.8%)
2026-02-18 17:11:17,163 - root - INFO -     PVL: 453 cells (9.3%)
2026-02-18 17:11:17,163 - root - INFO -     Plasmablasts: 451 cells (9.2%)
2026-02-18 17:11:17,163 - root - INFO -     T-cells: 372 cells (7.6%)
2026-02-18 17:11:17,163 - root - INFO - 
=== EM Iteration 8/10 ===
2026-02-18 17:11:17,163 - root - INFO - Marker weighting enabled: weights range [0.500, 0.500]
2026-02-18 17:11:17,163 - root - INFO - Global IQP: 951 spots x 9 cell types = 8559 integer variables
2026-02-18 17:11:17,163 - root - INFO - Time limit: 600.0s, MIP gap: 5.0%
2026-02-18 17:11:17,163 - gurobipy - INFO - Set parameter TimeLimit to value 600
2026-02-18 17:11:17,163 - gurobipy - INFO - Set parameter MIPGap to value 0.05
2026-02-18 17:11:18,032 - root - INFO - Starting global IQP optimization...
2026-02-18 17:11:18,032 - gurobipy - INFO - Gurobi Optimizer version 11.0.2 build v11.0.2rc0 (linux64 - "Red Hat Enterprise Linux 9.6 (Plow)")
2026-02-18 17:11:18,032 - gurobipy - INFO - 
2026-02-18 17:11:18,032 - gurobipy - INFO - CPU model: AMD EPYC 9575F 64-Core Processor, instruction set [SSE2|AVX|AVX2|AVX512]
2026-02-18 17:11:18,032 - gurobipy - INFO - Thread count: 128 physical cores, 128 logical processors, using up to 32 threads
2026-02-18 17:11:18,032 - gurobipy - INFO - 
2026-02-18 17:11:18,032 - gurobipy - INFO - Optimize a model with 1854 rows, 8559 columns and 16686 nonzeros
2026-02-18 17:11:18,033 - gurobipy - INFO - Model fingerprint: 0x0a426d2b
2026-02-18 17:11:18,033 - gurobipy - INFO - Model has 8559 quadratic objective terms
2026-02-18 17:11:18,033 - gurobipy - INFO - Variable types: 0 continuous, 8559 integer (0 binary)
2026-02-18 17:11:18,033 - gurobipy - INFO - Coefficient statistics:
2026-02-18 17:11:18,033 - gurobipy - INFO -   Matrix range     [1e+00, 1e+00]
2026-02-18 17:11:18,033 - gurobipy - INFO -   Objective range  [1e-08, 1e+00]
2026-02-18 17:11:18,033 - gurobipy - INFO -   QObjective range [2e-02, 5e-01]
2026-02-18 17:11:18,033 - gurobipy - INFO -   Bounds range     [1e+00, 2e+01]
2026-02-18 17:11:18,033 - gurobipy - INFO -   RHS range        [1e+00, 2e+01]
2026-02-18 17:11:18,033 - gurobipy - INFO - 
2026-02-18 17:11:18,033 - gurobipy - INFO - Loaded user MIP start with objective 219.911
2026-02-18 17:11:18,033 - gurobipy - INFO - 
2026-02-18 17:11:20,339 - gurobipy - INFO - Presolve removed 1853 rows and 8550 columns
2026-02-18 17:11:20,339 - gurobipy - INFO - Presolve time: 2.31s
2026-02-18 17:11:20,339 - gurobipy - INFO - Presolved: 1 rows, 9 columns, 9 nonzeros
2026-02-18 17:11:20,339 - gurobipy - INFO - Presolved model has 9 quadratic objective terms
2026-02-18 17:11:20,340 - gurobipy - INFO - Found heuristic solution: objective 218.9857021
2026-02-18 17:11:20,340 - gurobipy - INFO - Variable types: 0 continuous, 9 integer (0 binary)
2026-02-18 17:11:20,340 - gurobipy - INFO - 
2026-02-18 17:11:20,340 - gurobipy - INFO - Explored 0 nodes (0 simplex iterations) in 2.31 seconds (0.08 work units)
2026-02-18 17:11:20,340 - gurobipy - INFO - Thread count was 32 (of 128 available processors)
2026-02-18 17:11:20,340 - gurobipy - INFO - 
2026-02-18 17:11:20,340 - gurobipy - INFO - Solution count 2: 218.986 219.911 
2026-02-18 17:11:20,340 - gurobipy - INFO - 
2026-02-18 17:11:20,340 - gurobipy - INFO - Optimal solution found (tolerance 5.00e-02)
2026-02-18 17:11:20,340 - gurobipy - INFO - Best objective 2.189857021463e+02, best bound 2.176389031866e+02, gap 0.6150%
2026-02-18 17:11:20,350 - root - INFO - Global IQP solved: status=2, gap=0.62%, time=2.3s
2026-02-18 17:11:20,395 - root - INFO -   Loss: 437.9321 (change: 0.004297)
2026-02-18 17:11:20,395 - root - INFO -   Beta range: [0.100, 0.483]
2026-02-18 17:11:20,395 - root - INFO -   Max beta change: 0.040971
2026-02-18 17:11:20,395 - root - INFO -   Cell count range: [0, 19]
2026-02-18 17:11:20,395 - root - INFO -     B-cells: 305 cells (6.2%)
2026-02-18 17:11:20,395 - root - INFO -     CAFs: 757 cells (15.5%)
2026-02-18 17:11:20,395 - root - INFO -     Cancer Epithelial: 1129 cells (23.1%)
2026-02-18 17:11:20,395 - root - INFO -     Endothelial: 504 cells (10.3%)
2026-02-18 17:11:20,395 - root - INFO -     Myeloid: 406 cells (8.3%)
2026-02-18 17:11:20,395 - root - INFO -     Normal Epithelial: 482 cells (9.8%)
2026-02-18 17:11:20,395 - root - INFO -     PVL: 469 cells (9.6%)
2026-02-18 17:11:20,395 - root - INFO -     Plasmablasts: 468 cells (9.6%)
2026-02-18 17:11:20,395 - root - INFO -     T-cells: 374 cells (7.6%)
2026-02-18 17:11:20,395 - root - INFO - 
=== EM Iteration 9/10 ===
2026-02-18 17:11:20,395 - root - INFO - Marker weighting enabled: weights range [0.500, 0.500]
2026-02-18 17:11:20,395 - root - INFO - Global IQP: 951 spots x 9 cell types = 8559 integer variables
2026-02-18 17:11:20,395 - root - INFO - Time limit: 600.0s, MIP gap: 5.0%
2026-02-18 17:11:20,395 - gurobipy - INFO - Set parameter TimeLimit to value 600
2026-02-18 17:11:20,395 - gurobipy - INFO - Set parameter MIPGap to value 0.05
2026-02-18 17:11:21,252 - root - INFO - Starting global IQP optimization...
2026-02-18 17:11:21,253 - gurobipy - INFO - Gurobi Optimizer version 11.0.2 build v11.0.2rc0 (linux64 - "Red Hat Enterprise Linux 9.6 (Plow)")
2026-02-18 17:11:21,253 - gurobipy - INFO - 
2026-02-18 17:11:21,253 - gurobipy - INFO - CPU model: AMD EPYC 9575F 64-Core Processor, instruction set [SSE2|AVX|AVX2|AVX512]
2026-02-18 17:11:21,253 - gurobipy - INFO - Thread count: 128 physical cores, 128 logical processors, using up to 32 threads
2026-02-18 17:11:21,253 - gurobipy - INFO - 
2026-02-18 17:11:21,253 - gurobipy - INFO - Optimize a model with 1854 rows, 8559 columns and 16686 nonzeros
2026-02-18 17:11:21,253 - gurobipy - INFO - Model fingerprint: 0x3cf4e7f2
2026-02-18 17:11:21,253 - gurobipy - INFO - Model has 8559 quadratic objective terms
2026-02-18 17:11:21,253 - gurobipy - INFO - Variable types: 0 continuous, 8559 integer (0 binary)
2026-02-18 17:11:21,253 - gurobipy - INFO - Coefficient statistics:
2026-02-18 17:11:21,253 - gurobipy - INFO -   Matrix range     [1e+00, 1e+00]
2026-02-18 17:11:21,253 - gurobipy - INFO -   Objective range  [1e-08, 9e-01]
2026-02-18 17:11:21,253 - gurobipy - INFO -   QObjective range [2e-02, 5e-01]
2026-02-18 17:11:21,253 - gurobipy - INFO -   Bounds range     [1e+00, 2e+01]
2026-02-18 17:11:21,253 - gurobipy - INFO -   RHS range        [1e+00, 2e+01]
2026-02-18 17:11:21,253 - gurobipy - INFO - 
2026-02-18 17:11:21,253 - gurobipy - INFO - Loaded user MIP start with objective 218.966
2026-02-18 17:11:21,253 - gurobipy - INFO - 
2026-02-18 17:11:23,835 - gurobipy - INFO - Presolve removed 1853 rows and 8550 columns
2026-02-18 17:11:23,835 - gurobipy - INFO - Presolve time: 2.58s
2026-02-18 17:11:23,835 - gurobipy - INFO - Presolved: 1 rows, 9 columns, 9 nonzeros
2026-02-18 17:11:23,835 - gurobipy - INFO - Presolved model has 9 quadratic objective terms
2026-02-18 17:11:23,835 - gurobipy - INFO - Found heuristic solution: objective 218.3540808
2026-02-18 17:11:23,835 - gurobipy - INFO - Variable types: 0 continuous, 9 integer (0 binary)
2026-02-18 17:11:23,835 - gurobipy - INFO - 
2026-02-18 17:11:23,835 - gurobipy - INFO - Explored 0 nodes (0 simplex iterations) in 2.58 seconds (0.08 work units)
2026-02-18 17:11:23,835 - gurobipy - INFO - Thread count was 32 (of 128 available processors)
2026-02-18 17:11:23,835 - gurobipy - INFO - 
2026-02-18 17:11:23,835 - gurobipy - INFO - Solution count 2: 218.354 218.966 
2026-02-18 17:11:23,835 - gurobipy - INFO - 
2026-02-18 17:11:23,835 - gurobipy - INFO - Optimal solution found (tolerance 5.00e-02)
2026-02-18 17:11:23,835 - gurobipy - INFO - Best objective 2.183540807787e+02, best bound 2.169802183873e+02, gap 0.6292%
2026-02-18 17:11:23,845 - root - INFO - Global IQP solved: status=2, gap=0.63%, time=2.6s
2026-02-18 17:11:23,892 - root - INFO -   Loss: 443.1444 (change: 0.011902)
2026-02-18 17:11:23,892 - root - INFO -   Beta range: [0.100, 0.473]
2026-02-18 17:11:23,892 - root - INFO -   Max beta change: 0.042094
2026-02-18 17:11:23,892 - root - INFO -   Cell count range: [0, 19]
2026-02-18 17:11:23,892 - root - INFO -     B-cells: 304 cells (6.2%)
2026-02-18 17:11:23,892 - root - INFO -     CAFs: 715 cells (14.6%)
2026-02-18 17:11:23,892 - root - INFO -     Cancer Epithelial: 1127 cells (23.0%)
2026-02-18 17:11:23,892 - root - INFO -     Endothelial: 515 cells (10.5%)
2026-02-18 17:11:23,892 - root - INFO -     Myeloid: 415 cells (8.5%)
2026-02-18 17:11:23,892 - root - INFO -     Normal Epithelial: 494 cells (10.1%)
2026-02-18 17:11:23,892 - root - INFO -     PVL: 474 cells (9.7%)
2026-02-18 17:11:23,892 - root - INFO -     Plasmablasts: 472 cells (9.6%)
2026-02-18 17:11:23,892 - root - INFO -     T-cells: 378 cells (7.7%)
2026-02-18 17:11:23,892 - root - WARNING - Loss increased from 437.9321 to 443.1444
2026-02-18 17:11:23,892 - root - INFO - 
=== EM Iteration 10/10 ===
2026-02-18 17:11:23,892 - root - INFO - Marker weighting enabled: weights range [0.500, 0.500]
2026-02-18 17:11:23,892 - root - INFO - Global IQP: 951 spots x 9 cell types = 8559 integer variables
2026-02-18 17:11:23,892 - root - INFO - Time limit: 600.0s, MIP gap: 5.0%
2026-02-18 17:11:23,892 - gurobipy - INFO - Set parameter TimeLimit to value 600
2026-02-18 17:11:23,892 - gurobipy - INFO - Set parameter MIPGap to value 0.05
2026-02-18 17:11:24,811 - root - INFO - Starting global IQP optimization...
2026-02-18 17:11:24,811 - gurobipy - INFO - Gurobi Optimizer version 11.0.2 build v11.0.2rc0 (linux64 - "Red Hat Enterprise Linux 9.6 (Plow)")
2026-02-18 17:11:24,811 - gurobipy - INFO - 
2026-02-18 17:11:24,811 - gurobipy - INFO - CPU model: AMD EPYC 9575F 64-Core Processor, instruction set [SSE2|AVX|AVX2|AVX512]
2026-02-18 17:11:24,811 - gurobipy - INFO - Thread count: 128 physical cores, 128 logical processors, using up to 32 threads
2026-02-18 17:11:24,811 - gurobipy - INFO - 
2026-02-18 17:11:24,811 - gurobipy - INFO - Optimize a model with 1854 rows, 8559 columns and 16686 nonzeros
2026-02-18 17:11:24,811 - gurobipy - INFO - Model fingerprint: 0xaba79367
2026-02-18 17:11:24,811 - gurobipy - INFO - Model has 8559 quadratic objective terms
2026-02-18 17:11:24,811 - gurobipy - INFO - Variable types: 0 continuous, 8559 integer (0 binary)
2026-02-18 17:11:24,811 - gurobipy - INFO - Coefficient statistics:
2026-02-18 17:11:24,811 - gurobipy - INFO -   Matrix range     [1e+00, 1e+00]
2026-02-18 17:11:24,811 - gurobipy - INFO -   Objective range  [1e-08, 9e-01]
2026-02-18 17:11:24,811 - gurobipy - INFO -   QObjective range [2e-02, 4e-01]
2026-02-18 17:11:24,811 - gurobipy - INFO -   Bounds range     [1e+00, 2e+01]
2026-02-18 17:11:24,811 - gurobipy - INFO -   RHS range        [1e+00, 2e+01]
2026-02-18 17:11:24,811 - gurobipy - INFO - 
2026-02-18 17:11:24,812 - gurobipy - INFO - Loaded user MIP start with objective 221.572
2026-02-18 17:11:24,812 - gurobipy - INFO - 
2026-02-18 17:11:27,128 - gurobipy - INFO - Presolve removed 1853 rows and 8550 columns
2026-02-18 17:11:27,128 - gurobipy - INFO - Presolve time: 2.32s
2026-02-18 17:11:27,128 - gurobipy - INFO - Presolved: 1 rows, 9 columns, 9 nonzeros
2026-02-18 17:11:27,128 - gurobipy - INFO - Presolved model has 9 quadratic objective terms
2026-02-18 17:11:27,128 - gurobipy - INFO - Found heuristic solution: objective 220.7944239
2026-02-18 17:11:27,128 - gurobipy - INFO - Variable types: 0 continuous, 9 integer (0 binary)
2026-02-18 17:11:27,128 - gurobipy - INFO - 
2026-02-18 17:11:27,128 - gurobipy - INFO - Explored 0 nodes (0 simplex iterations) in 2.32 seconds (0.08 work units)
2026-02-18 17:11:27,128 - gurobipy - INFO - Thread count was 32 (of 128 available processors)
2026-02-18 17:11:27,128 - gurobipy - INFO - 
2026-02-18 17:11:27,128 - gurobipy - INFO - Solution count 2: 220.794 221.572 
2026-02-18 17:11:27,128 - gurobipy - INFO - 
2026-02-18 17:11:27,128 - gurobipy - INFO - Optimal solution found (tolerance 5.00e-02)
2026-02-18 17:11:27,128 - gurobipy - INFO - Best objective 2.207944238966e+02, best bound 2.194019634759e+02, gap 0.6307%
2026-02-18 17:11:27,138 - root - INFO - Global IQP solved: status=2, gap=0.63%, time=2.3s
2026-02-18 17:11:27,184 - root - INFO -   Loss: 454.7071 (change: 0.026092)
2026-02-18 17:11:27,184 - root - INFO -   Beta range: [0.100, 0.462]
2026-02-18 17:11:27,184 - root - INFO -   Max beta change: 0.041846
2026-02-18 17:11:27,184 - root - INFO -   Cell count range: [0, 19]
2026-02-18 17:11:27,184 - root - INFO -     B-cells: 298 cells (6.1%)
2026-02-18 17:11:27,184 - root - INFO -     CAFs: 659 cells (13.5%)
2026-02-18 17:11:27,184 - root - INFO -     Cancer Epithelial: 1124 cells (23.0%)
2026-02-18 17:11:27,184 - root - INFO -     Endothelial: 531 cells (10.9%)
2026-02-18 17:11:27,184 - root - INFO -     Myeloid: 420 cells (8.6%)
2026-02-18 17:11:27,184 - root - INFO -     Normal Epithelial: 507 cells (10.4%)
2026-02-18 17:11:27,184 - root - INFO -     PVL: 489 cells (10.0%)
2026-02-18 17:11:27,184 - root - INFO -     Plasmablasts: 481 cells (9.8%)
2026-02-18 17:11:27,184 - root - INFO -     T-cells: 385 cells (7.9%)
2026-02-18 17:11:27,184 - root - WARNING - Loss increased from 443.1444 to 454.7071
2026-02-18 17:11:27,184 - root - INFO - 
Final beta values:
2026-02-18 17:11:27,184 - root - INFO -   B-cells_Protein_1: β=0.272, α=0.008
2026-02-18 17:11:27,184 - root - INFO -   B-cells_Protein_2: β=0.262, α=0.000
2026-02-18 17:11:27,184 - root - INFO -   CAFs_Protein_1: β=0.345, α=0.285
2026-02-18 17:11:27,184 - root - INFO -   CAFs_Protein_2: β=0.233, α=0.451
2026-02-18 17:11:27,184 - root - INFO -   Cancer Epithelial_Protein_1: β=0.442, α=0.083
2026-02-18 17:11:27,184 - root - INFO -   Cancer Epithelial_Protein_2: β=0.462, α=0.054
2026-02-18 17:11:27,184 - root - INFO -   Endothelial_Protein_1: β=0.100, α=0.000
2026-02-18 17:11:27,184 - root - INFO -   Endothelial_Protein_2: β=0.100, α=0.000
2026-02-18 17:11:27,184 - root - INFO -   Myeloid_Protein_1: β=0.310, α=0.024
2026-02-18 17:11:27,184 - root - INFO -   Myeloid_Protein_2: β=0.321, α=0.013
2026-02-18 17:11:27,184 - root - INFO -   Normal Epithelial_Protein_1: β=0.100, α=0.000
2026-02-18 17:11:27,184 - root - INFO -   Normal Epithelial_Protein_2: β=0.100, α=0.000
2026-02-18 17:11:27,184 - root - INFO -   PVL_Protein_1: β=0.100, α=0.000
2026-02-18 17:11:27,184 - root - INFO -   PVL_Protein_2: β=0.100, α=0.000
2026-02-18 17:11:27,184 - root - INFO -   Plasmablasts_Protein_1: β=0.100, α=0.000
2026-02-18 17:11:27,184 - root - INFO -   Plasmablasts_Protein_2: β=0.100, α=0.000
2026-02-18 17:11:27,185 - root - INFO -   T-cells_Protein_1: β=0.286, α=0.099
2026-02-18 17:11:27,185 - root - INFO -   T-cells_Protein_2: β=0.352, α=0.000
2026-02-18 17:11:27,190 - root - INFO - Saved discrete cell counts to Benchmarking/simulation_benchmarking/CITEgeist/output_discrete_weighting_only/mixed/dapi/mixed/dapi/Wu_rep_0/Wu_rep_0_discrete_cell_counts.csv
2026-02-18 17:11:27,195 - root - INFO - Saved derived proportions to Benchmarking/simulation_benchmarking/CITEgeist/output_discrete_weighting_only/mixed/dapi/mixed/dapi/Wu_rep_0/Wu_rep_0_cell_prop_discrete.csv
2026-02-18 17:11:27,195 - root - INFO - Cell type distribution:
2026-02-18 17:11:27,195 - root - INFO -   B-cells: 298 cells (6.1%)
2026-02-18 17:11:27,195 - root - INFO -   CAFs: 659 cells (13.5%)
2026-02-18 17:11:27,195 - root - INFO -   Cancer Epithelial: 1124 cells (23.0%)
2026-02-18 17:11:27,195 - root - INFO -   Endothelial: 531 cells (10.9%)
2026-02-18 17:11:27,195 - root - INFO -   Myeloid: 420 cells (8.6%)
2026-02-18 17:11:27,195 - root - INFO -   Normal Epithelial: 507 cells (10.4%)
2026-02-18 17:11:27,195 - root - INFO -   PVL: 489 cells (10.0%)
2026-02-18 17:11:27,195 - root - INFO -   Plasmablasts: 481 cells (9.8%)
2026-02-18 17:11:27,195 - root - INFO -   T-cells: 385 cells (7.9%)
2026-02-18 17:11:27,200 - __main__ - INFO - Loaded ground truth proportions: 951 spots, 9 cell types
2026-02-18 17:11:27,201 - __main__ - INFO - Proportion correlation: 0.644
2026-02-18 17:11:27,201 - __main__ - INFO - Proportion RMSE: 0.1620
2026-02-18 17:11:27,201 - __main__ - INFO - Running GEX deconvolution...
2026-02-18 17:11:27,201 - CITEgeist.model.utils - INFO - Detected spot spacing: 1.61 units (median of 951 nearest-neighbor distances)
2026-02-18 17:11:27,201 - CITEgeist.model.utils - INFO - Computed optimal radius: 4.92 (3.0 rings, spot_spacing=1.61)
2026-02-18 17:11:27,201 - root - INFO - Auto-detected radius: 4.92 (3 rings)
2026-02-18 17:11:27,201 - root - INFO - Starting Pass 1: Error minimization with enrichment weights...
2026-02-18 17:11:27,201 - root - INFO - Using discrete mode: cell counts as fixed multipliers
2026-02-18 17:11:27,202 - root - WARNING - Found 24 spots with zero cells. These will be skipped in deconvolution.
2026-02-18 17:11:27,202 - root - WARNING - Found 24 spots with zero or negligible total cell proportions. Deconvolution for these spots may fail and their profiles will be imputed as zeros. Example spot indices: [  1   5  80 174 231]
2026-02-18 17:11:27,202 - root - INFO - Starting analysis for Wu_rep_0
2026-02-18 17:11:27,202 - root - INFO - Already completed spots: 0
2026-02-18 17:11:27,202 - root - INFO - Using enrichment weights - Global: 0.5, Local: 0.5
2026-02-18 17:11:27,202 - root - INFO - Using 128 workers
2026-02-18 17:11:27,202 - root - INFO - Processing 951 remaining spots
Deconvoluting Remaining Spots:   0%|          | 0/951 [00:00<?, ?it/s]Deconvoluting Remaining Spots:   0%|          | 1/951 [00:02<41:20,  2.61s/it]Deconvoluting Remaining Spots:   0%|          | 2/951 [00:02<20:35,  1.30s/it]Deconvoluting Remaining Spots:   0%|          | 4/951 [00:03<08:38,  1.83it/s]Deconvoluting Remaining Spots:   1%|          | 5/951 [00:03<06:49,  2.31it/s]Deconvoluting Remaining Spots:   1%|          | 6/951 [00:03<05:41,  2.76it/s]Deconvoluting Remaining Spots:   1%|          | 7/951 [00:03<04:50,  3.25it/s]Deconvoluting Remaining Spots:   1%|          | 8/951 [00:03<04:20,  3.61it/s]Deconvoluting Remaining Spots:   1%|          | 9/951 [00:04<03:53,  4.04it/s]Deconvoluting Remaining Spots:   1%|          | 10/951 [00:04<03:38,  4.30it/s]Deconvoluting Remaining Spots:   1%|          | 11/951 [00:04<03:30,  4.46it/s]Deconvoluting Remaining Spots:   1%|▏         | 12/951 [00:04<03:26,  4.55it/s]Deconvoluting Remaining Spots:   1%|▏         | 13/951 [00:04<03:28,  4.51it/s]Deconvoluting Remaining Spots:   1%|▏         | 14/951 [00:05<03:22,  4.63it/s]Deconvoluting Remaining Spots:   2%|▏         | 15/951 [00:05<03:18,  4.71it/s]Deconvoluting Remaining Spots:   2%|▏         | 16/951 [00:05<03:10,  4.92it/s]Deconvoluting Remaining Spots:   2%|▏         | 17/951 [00:05<03:01,  5.13it/s]Deconvoluting Remaining Spots:   2%|▏         | 18/951 [00:05<03:03,  5.09it/s]Deconvoluting Remaining Spots:   2%|▏         | 19/951 [00:06<03:06,  4.99it/s]Deconvoluting Remaining Spots:   2%|▏         | 20/951 [00:06<02:57,  5.26it/s]Deconvoluting Remaining Spots:   2%|▏         | 21/951 [00:06<03:24,  4.55it/s]Deconvoluting Remaining Spots:   2%|▏         | 22/951 [00:06<03:09,  4.90it/s]Deconvoluting Remaining Spots:   2%|▏         | 23/951 [00:06<03:03,  5.05it/s]Deconvoluting Remaining Spots:   3%|▎         | 24/951 [00:07<02:43,  5.67it/s]Deconvoluting Remaining Spots:   3%|▎         | 25/951 [00:07<02:44,  5.65it/s]Deconvoluting Remaining Spots:   3%|▎         | 26/951 [00:07<02:44,  5.62it/s]Deconvoluting Remaining Spots:   3%|▎         | 27/951 [00:07<03:10,  4.85it/s]Deconvoluting Remaining Spots:   3%|▎         | 28/951 [00:07<02:42,  5.67it/s]Deconvoluting Remaining Spots:   3%|▎         | 29/951 [00:08<02:45,  5.56it/s]Deconvoluting Remaining Spots:   3%|▎         | 30/951 [00:08<03:12,  4.78it/s]Deconvoluting Remaining Spots:   3%|▎         | 31/951 [00:08<02:52,  5.34it/s]Deconvoluting Remaining Spots:   3%|▎         | 32/951 [00:08<02:47,  5.50it/s]Deconvoluting Remaining Spots:   3%|▎         | 33/951 [00:08<02:54,  5.26it/s]Deconvoluting Remaining Spots:   4%|▎         | 34/951 [00:08<02:50,  5.37it/s]Deconvoluting Remaining Spots:   4%|▎         | 35/951 [00:09<02:52,  5.31it/s]Deconvoluting Remaining Spots:   4%|▍         | 36/951 [00:09<02:52,  5.31it/s]Deconvoluting Remaining Spots:   4%|▍         | 37/951 [00:09<03:00,  5.08it/s]Deconvoluting Remaining Spots:   4%|▍         | 38/951 [00:09<02:55,  5.20it/s]Deconvoluting Remaining Spots:   4%|▍         | 39/951 [00:09<03:06,  4.88it/s]Deconvoluting Remaining Spots:   4%|▍         | 40/951 [00:10<02:45,  5.50it/s]Deconvoluting Remaining Spots:   4%|▍         | 41/951 [00:10<02:56,  5.16it/s]Deconvoluting Remaining Spots:   4%|▍         | 42/951 [00:10<03:01,  5.01it/s]Deconvoluting Remaining Spots:   5%|▍         | 43/951 [00:10<03:00,  5.03it/s]Deconvoluting Remaining Spots:   5%|▍         | 44/951 [00:10<02:51,  5.30it/s]Deconvoluting Remaining Spots:   5%|▍         | 45/951 [00:11<03:01,  4.99it/s]Deconvoluting Remaining Spots:   5%|▍         | 46/951 [00:11<02:57,  5.09it/s]Deconvoluting Remaining Spots:   5%|▍         | 47/951 [00:11<02:58,  5.08it/s]Deconvoluting Remaining Spots:   5%|▌         | 48/951 [00:11<02:57,  5.09it/s]Deconvoluting Remaining Spots:   5%|▌         | 49/951 [00:11<02:59,  5.01it/s]Deconvoluting Remaining Spots:   5%|▌         | 50/951 [00:12<03:02,  4.95it/s]Deconvoluting Remaining Spots:   5%|▌         | 51/951 [00:12<02:54,  5.16it/s]Deconvoluting Remaining Spots:   5%|▌         | 52/951 [00:12<02:49,  5.31it/s]Deconvoluting Remaining Spots:   6%|▌         | 53/951 [00:12<03:19,  4.51it/s]Deconvoluting Remaining Spots:   6%|▌         | 55/951 [00:13<02:41,  5.56it/s]Deconvoluting Remaining Spots:   6%|▌         | 56/951 [00:13<02:47,  5.33it/s]Deconvoluting Remaining Spots:   6%|▌         | 57/951 [00:13<02:55,  5.09it/s]Deconvoluting Remaining Spots:   6%|▌         | 58/951 [00:13<03:04,  4.84it/s]Deconvoluting Remaining Spots:   6%|▌         | 59/951 [00:13<02:49,  5.28it/s]Deconvoluting Remaining Spots:   6%|▋         | 60/951 [00:14<02:42,  5.49it/s]Deconvoluting Remaining Spots:   6%|▋         | 61/951 [00:14<02:52,  5.16it/s]Deconvoluting Remaining Spots:   7%|▋         | 62/951 [00:14<02:54,  5.10it/s]Deconvoluting Remaining Spots:   7%|▋         | 63/951 [00:14<02:56,  5.04it/s]Deconvoluting Remaining Spots:   7%|▋         | 64/951 [00:14<02:47,  5.31it/s]Deconvoluting Remaining Spots:   7%|▋         | 65/951 [00:14<02:38,  5.60it/s]Deconvoluting Remaining Spots:   7%|▋         | 66/951 [00:15<02:51,  5.15it/s]Deconvoluting Remaining Spots:   7%|▋         | 67/951 [00:15<02:50,  5.17it/s]Deconvoluting Remaining Spots:   7%|▋         | 68/951 [00:15<02:37,  5.60it/s]Deconvoluting Remaining Spots:   7%|▋         | 69/951 [00:15<02:46,  5.31it/s]Deconvoluting Remaining Spots:   7%|▋         | 70/951 [00:15<02:46,  5.28it/s]Deconvoluting Remaining Spots:   7%|▋         | 71/951 [00:16<02:47,  5.27it/s]Deconvoluting Remaining Spots:   8%|▊         | 72/951 [00:16<02:52,  5.11it/s]Deconvoluting Remaining Spots:   8%|▊         | 73/951 [00:16<02:51,  5.11it/s]Deconvoluting Remaining Spots:   8%|▊         | 74/951 [00:16<03:38,  4.01it/s]Deconvoluting Remaining Spots:   8%|▊         | 76/951 [00:17<02:44,  5.31it/s]Deconvoluting Remaining Spots:   8%|▊         | 77/951 [00:17<02:40,  5.45it/s]Deconvoluting Remaining Spots:   8%|▊         | 78/951 [00:17<02:42,  5.37it/s]Deconvoluting Remaining Spots:   8%|▊         | 79/951 [00:17<02:44,  5.30it/s]Deconvoluting Remaining Spots:   8%|▊         | 80/951 [00:17<02:44,  5.28it/s]Deconvoluting Remaining Spots:   9%|▊         | 81/951 [00:18<02:48,  5.17it/s]Deconvoluting Remaining Spots:   9%|▊         | 82/951 [00:18<02:56,  4.92it/s]Deconvoluting Remaining Spots:   9%|▊         | 83/951 [00:18<02:57,  4.88it/s]Deconvoluting Remaining Spots:   9%|▉         | 84/951 [00:18<02:45,  5.24it/s]Deconvoluting Remaining Spots:   9%|▉         | 85/951 [00:18<02:47,  5.16it/s]Deconvoluting Remaining Spots:   9%|▉         | 86/951 [00:19<02:46,  5.21it/s]Deconvoluting Remaining Spots:   9%|▉         | 87/951 [00:19<02:46,  5.18it/s]Deconvoluting Remaining Spots:   9%|▉         | 88/951 [00:19<03:01,  4.75it/s]Deconvoluting Remaining Spots:   9%|▉         | 89/951 [00:19<03:32,  4.05it/s]Deconvoluting Remaining Spots:  10%|▉         | 91/951 [00:20<02:37,  5.46it/s]Deconvoluting Remaining Spots:  10%|▉         | 92/951 [00:20<02:33,  5.58it/s]Deconvoluting Remaining Spots:  10%|▉         | 93/951 [00:20<02:46,  5.16it/s]Deconvoluting Remaining Spots:  10%|▉         | 94/951 [00:20<02:49,  5.04it/s]Deconvoluting Remaining Spots:  10%|▉         | 95/951 [00:20<02:45,  5.18it/s]Deconvoluting Remaining Spots:  10%|█         | 96/951 [00:21<02:35,  5.49it/s]Deconvoluting Remaining Spots:  10%|█         | 97/951 [00:21<02:47,  5.09it/s]Deconvoluting Remaining Spots:  10%|█         | 98/951 [00:21<02:42,  5.25it/s]Deconvoluting Remaining Spots:  10%|█         | 99/951 [00:21<02:46,  5.11it/s]Deconvoluting Remaining Spots:  11%|█         | 100/951 [00:21<02:44,  5.16it/s]2026-02-18 17:11:51,631 - root - INFO - Saved checkpoint after 100 completed spots
Deconvoluting Remaining Spots:  11%|█         | 101/951 [00:22<04:14,  3.34it/s]Deconvoluting Remaining Spots:  11%|█         | 103/951 [00:22<02:37,  5.39it/s]Deconvoluting Remaining Spots:  11%|█         | 104/951 [00:22<02:35,  5.44it/s]Deconvoluting Remaining Spots:  11%|█         | 105/951 [00:22<02:44,  5.13it/s]Deconvoluting Remaining Spots:  11%|█         | 106/951 [00:23<02:41,  5.23it/s]Deconvoluting Remaining Spots:  11%|█▏        | 107/951 [00:23<02:38,  5.31it/s]Deconvoluting Remaining Spots:  11%|█▏        | 108/951 [00:23<02:22,  5.93it/s]Deconvoluting Remaining Spots:  11%|█▏        | 109/951 [00:23<02:22,  5.90it/s]Deconvoluting Remaining Spots:  12%|█▏        | 110/951 [00:23<02:33,  5.48it/s]Deconvoluting Remaining Spots:  12%|█▏        | 111/951 [00:23<02:33,  5.48it/s]Deconvoluting Remaining Spots:  12%|█▏        | 112/951 [00:24<02:56,  4.75it/s]Deconvoluting Remaining Spots:  12%|█▏        | 113/951 [00:24<02:50,  4.90it/s]Deconvoluting Remaining Spots:  12%|█▏        | 114/951 [00:24<02:54,  4.79it/s]Deconvoluting Remaining Spots:  12%|█▏        | 115/951 [00:24<02:45,  5.05it/s]Deconvoluting Remaining Spots:  12%|█▏        | 116/951 [00:24<02:40,  5.21it/s]Deconvoluting Remaining Spots:  12%|█▏        | 117/951 [00:25<02:53,  4.81it/s]Deconvoluting Remaining Spots:  12%|█▏        | 118/951 [00:25<02:54,  4.77it/s]Deconvoluting Remaining Spots:  13%|█▎        | 119/951 [00:25<02:47,  4.96it/s]Deconvoluting Remaining Spots:  13%|█▎        | 120/951 [00:25<02:56,  4.71it/s]Deconvoluting Remaining Spots:  13%|█▎        | 121/951 [00:26<02:43,  5.08it/s]Deconvoluting Remaining Spots:  13%|█▎        | 122/951 [00:26<02:34,  5.37it/s]Deconvoluting Remaining Spots:  13%|█▎        | 123/951 [00:26<02:40,  5.15it/s]Deconvoluting Remaining Spots:  13%|█▎        | 124/951 [00:26<03:00,  4.58it/s]Deconvoluting Remaining Spots:  13%|█▎        | 125/951 [00:26<02:53,  4.76it/s]Deconvoluting Remaining Spots:  13%|█▎        | 126/951 [00:27<02:45,  4.98it/s]Deconvoluting Remaining Spots:  13%|█▎        | 127/951 [00:27<02:56,  4.67it/s]Deconvoluting Remaining Spots:  13%|█▎        | 128/951 [00:27<02:44,  5.00it/s]Deconvoluting Remaining Spots:  14%|█▎        | 129/951 [00:27<02:27,  5.58it/s]Deconvoluting Remaining Spots:  14%|█▎        | 130/951 [00:27<02:28,  5.53it/s]Deconvoluting Remaining Spots:  14%|█▍        | 131/951 [00:27<02:31,  5.43it/s]Deconvoluting Remaining Spots:  14%|█▍        | 132/951 [00:28<02:29,  5.48it/s]Deconvoluting Remaining Spots:  14%|█▍        | 133/951 [00:28<02:17,  5.97it/s]Deconvoluting Remaining Spots:  14%|█▍        | 134/951 [00:28<02:20,  5.80it/s]Deconvoluting Remaining Spots:  14%|█▍        | 135/951 [00:28<02:13,  6.11it/s]Deconvoluting Remaining Spots:  14%|█▍        | 136/951 [00:28<02:26,  5.55it/s]Deconvoluting Remaining Spots:  14%|█▍        | 137/951 [00:29<02:41,  5.04it/s]Deconvoluting Remaining Spots:  15%|█▍        | 138/951 [00:29<02:24,  5.64it/s]Deconvoluting Remaining Spots:  15%|█▍        | 140/951 [00:29<01:55,  7.05it/s]Deconvoluting Remaining Spots:  15%|█▍        | 141/951 [00:29<02:04,  6.48it/s]Deconvoluting Remaining Spots:  15%|█▍        | 142/951 [00:29<02:43,  4.94it/s]Deconvoluting Remaining Spots:  15%|█▌        | 143/951 [00:30<02:29,  5.41it/s]Deconvoluting Remaining Spots:  15%|█▌        | 145/951 [00:30<02:50,  4.72it/s]Deconvoluting Remaining Spots:  15%|█▌        | 147/951 [00:30<02:35,  5.16it/s]Deconvoluting Remaining Spots:  16%|█▌        | 149/951 [00:31<02:01,  6.59it/s]Deconvoluting Remaining Spots:  16%|█▌        | 150/951 [00:31<02:23,  5.58it/s]Deconvoluting Remaining Spots:  16%|█▌        | 152/951 [00:31<01:56,  6.88it/s]Deconvoluting Remaining Spots:  16%|█▌        | 153/951 [00:31<02:22,  5.60it/s]Deconvoluting Remaining Spots:  16%|█▋        | 155/951 [00:32<02:11,  6.05it/s]Deconvoluting Remaining Spots:  16%|█▋        | 156/951 [00:32<02:01,  6.52it/s]Deconvoluting Remaining Spots:  17%|█▋        | 157/951 [00:32<02:04,  6.35it/s]Deconvoluting Remaining Spots:  17%|█▋        | 158/951 [00:32<02:31,  5.22it/s]Deconvoluting Remaining Spots:  17%|█▋        | 159/951 [00:32<02:20,  5.64it/s]Deconvoluting Remaining Spots:  17%|█▋        | 160/951 [00:32<02:22,  5.56it/s]Deconvoluting Remaining Spots:  17%|█▋        | 161/951 [00:33<03:16,  4.03it/s]Deconvoluting Remaining Spots:  17%|█▋        | 163/951 [00:33<02:10,  6.06it/s]Deconvoluting Remaining Spots:  17%|█▋        | 164/951 [00:33<02:14,  5.86it/s]Deconvoluting Remaining Spots:  17%|█▋        | 165/951 [00:33<02:22,  5.51it/s]Deconvoluting Remaining Spots:  18%|█▊        | 167/951 [00:34<02:05,  6.25it/s]Deconvoluting Remaining Spots:  18%|█▊        | 168/951 [00:34<02:26,  5.35it/s]Deconvoluting Remaining Spots:  18%|█▊        | 170/951 [00:34<01:55,  6.76it/s]Deconvoluting Remaining Spots:  18%|█▊        | 171/951 [00:34<02:01,  6.42it/s]Deconvoluting Remaining Spots:  18%|█▊        | 172/951 [00:34<01:58,  6.58it/s]Deconvoluting Remaining Spots:  18%|█▊        | 173/951 [00:35<02:06,  6.16it/s]Deconvoluting Remaining Spots:  18%|█▊        | 174/951 [00:35<02:08,  6.04it/s]Deconvoluting Remaining Spots:  18%|█▊        | 175/951 [00:35<02:18,  5.59it/s]Deconvoluting Remaining Spots:  19%|█▊        | 176/951 [00:35<02:17,  5.63it/s]Deconvoluting Remaining Spots:  19%|█▊        | 177/951 [00:35<02:33,  5.03it/s]Deconvoluting Remaining Spots:  19%|█▊        | 178/951 [00:36<02:30,  5.14it/s]Deconvoluting Remaining Spots:  19%|█▉        | 179/951 [00:36<03:02,  4.24it/s]Deconvoluting Remaining Spots:  19%|█▉        | 180/951 [00:36<02:57,  4.34it/s]Deconvoluting Remaining Spots:  19%|█▉        | 182/951 [00:36<02:06,  6.07it/s]Deconvoluting Remaining Spots:  19%|█▉        | 183/951 [00:37<02:08,  5.98it/s]Deconvoluting Remaining Spots:  19%|█▉        | 184/951 [00:37<02:08,  5.97it/s]Deconvoluting Remaining Spots:  20%|█▉        | 186/951 [00:37<01:56,  6.58it/s]Deconvoluting Remaining Spots:  20%|█▉        | 187/951 [00:37<02:00,  6.35it/s]Deconvoluting Remaining Spots:  20%|█▉        | 188/951 [00:37<02:01,  6.27it/s]Deconvoluting Remaining Spots:  20%|█▉        | 189/951 [00:38<02:24,  5.29it/s]Deconvoluting Remaining Spots:  20%|█▉        | 190/951 [00:38<02:12,  5.74it/s]Deconvoluting Remaining Spots:  20%|██        | 191/951 [00:38<02:08,  5.89it/s]Deconvoluting Remaining Spots:  20%|██        | 192/951 [00:38<02:39,  4.76it/s]Deconvoluting Remaining Spots:  20%|██        | 194/951 [00:38<01:59,  6.32it/s]Deconvoluting Remaining Spots:  21%|██        | 195/951 [00:39<02:13,  5.67it/s]Deconvoluting Remaining Spots:  21%|██        | 196/951 [00:39<02:22,  5.32it/s]Deconvoluting Remaining Spots:  21%|██        | 197/951 [00:39<02:04,  6.04it/s]Deconvoluting Remaining Spots:  21%|██        | 198/951 [00:39<02:30,  5.00it/s]Deconvoluting Remaining Spots:  21%|██        | 200/951 [00:39<02:04,  6.05it/s]2026-02-18 17:12:10,594 - root - INFO - Saved checkpoint after 200 completed spots
Deconvoluting Remaining Spots:  21%|██        | 201/951 [00:41<05:39,  2.21it/s]Deconvoluting Remaining Spots:  22%|██▏       | 208/951 [00:41<01:50,  6.71it/s]Deconvoluting Remaining Spots:  22%|██▏       | 210/951 [00:41<01:57,  6.29it/s]Deconvoluting Remaining Spots:  22%|██▏       | 212/951 [00:42<01:47,  6.84it/s]Deconvoluting Remaining Spots:  23%|██▎       | 214/951 [00:42<01:51,  6.63it/s]Deconvoluting Remaining Spots:  23%|██▎       | 216/951 [00:42<01:47,  6.85it/s]Deconvoluting Remaining Spots:  23%|██▎       | 217/951 [00:42<01:54,  6.41it/s]Deconvoluting Remaining Spots:  23%|██▎       | 218/951 [00:43<02:14,  5.44it/s]Deconvoluting Remaining Spots:  23%|██▎       | 219/951 [00:43<02:15,  5.38it/s]Deconvoluting Remaining Spots:  23%|██▎       | 220/951 [00:43<02:13,  5.49it/s]Deconvoluting Remaining Spots:  23%|██▎       | 221/951 [00:43<02:12,  5.51it/s]Deconvoluting Remaining Spots:  23%|██▎       | 222/951 [00:43<02:08,  5.66it/s]Deconvoluting Remaining Spots:  23%|██▎       | 223/951 [00:44<02:44,  4.41it/s]Deconvoluting Remaining Spots:  24%|██▎       | 225/951 [00:44<02:10,  5.56it/s]Deconvoluting Remaining Spots:  24%|██▍       | 227/951 [00:44<01:59,  6.07it/s]Deconvoluting Remaining Spots:  24%|██▍       | 228/951 [00:45<02:10,  5.55it/s]Deconvoluting Remaining Spots:  24%|██▍       | 230/951 [00:45<01:52,  6.40it/s]Deconvoluting Remaining Spots:  24%|██▍       | 231/951 [00:45<01:53,  6.35it/s]Deconvoluting Remaining Spots:  24%|██▍       | 232/951 [00:45<02:02,  5.89it/s]Deconvoluting Remaining Spots:  25%|██▍       | 233/951 [00:45<01:54,  6.29it/s]Deconvoluting Remaining Spots:  25%|██▍       | 234/951 [00:46<02:22,  5.04it/s]Deconvoluting Remaining Spots:  25%|██▍       | 236/951 [00:46<01:54,  6.24it/s]Deconvoluting Remaining Spots:  25%|██▍       | 237/951 [00:46<01:54,  6.21it/s]Deconvoluting Remaining Spots:  25%|██▌       | 238/951 [00:46<02:06,  5.63it/s]Deconvoluting Remaining Spots:  25%|██▌       | 239/951 [00:46<02:08,  5.54it/s]Deconvoluting Remaining Spots:  25%|██▌       | 240/951 [00:47<02:31,  4.68it/s]Deconvoluting Remaining Spots:  25%|██▌       | 241/951 [00:47<02:47,  4.23it/s]Deconvoluting Remaining Spots:  25%|██▌       | 242/951 [00:47<02:23,  4.94it/s]Deconvoluting Remaining Spots:  26%|██▌       | 244/951 [00:47<01:43,  6.81it/s]Deconvoluting Remaining Spots:  26%|██▌       | 246/951 [00:48<01:56,  6.08it/s]Deconvoluting Remaining Spots:  26%|██▌       | 247/951 [00:48<02:08,  5.48it/s]Deconvoluting Remaining Spots:  26%|██▌       | 248/951 [00:48<02:01,  5.78it/s]Deconvoluting Remaining Spots:  26%|██▋       | 250/951 [00:48<02:05,  5.60it/s]Deconvoluting Remaining Spots:  26%|██▋       | 252/951 [00:49<01:45,  6.61it/s]Deconvoluting Remaining Spots:  27%|██▋       | 253/951 [00:49<01:38,  7.11it/s]Deconvoluting Remaining Spots:  27%|██▋       | 254/951 [00:49<01:57,  5.95it/s]Deconvoluting Remaining Spots:  27%|██▋       | 255/951 [00:49<01:51,  6.24it/s]Deconvoluting Remaining Spots:  27%|██▋       | 256/951 [00:49<02:13,  5.20it/s]Deconvoluting Remaining Spots:  27%|██▋       | 257/951 [00:50<02:47,  4.15it/s]Deconvoluting Remaining Spots:  27%|██▋       | 259/951 [00:50<01:59,  5.80it/s]Deconvoluting Remaining Spots:  27%|██▋       | 260/951 [00:50<02:14,  5.12it/s]Deconvoluting Remaining Spots:  28%|██▊       | 262/951 [00:51<02:08,  5.36it/s]Deconvoluting Remaining Spots:  28%|██▊       | 264/951 [00:51<01:41,  6.77it/s]Deconvoluting Remaining Spots:  28%|██▊       | 265/951 [00:51<02:06,  5.42it/s]Deconvoluting Remaining Spots:  28%|██▊       | 267/951 [00:51<01:40,  6.80it/s]Deconvoluting Remaining Spots:  28%|██▊       | 268/951 [00:52<02:08,  5.30it/s]Deconvoluting Remaining Spots:  28%|██▊       | 269/951 [00:52<02:07,  5.35it/s]Deconvoluting Remaining Spots:  28%|██▊       | 270/951 [00:52<02:04,  5.48it/s]Deconvoluting Remaining Spots:  29%|██▊       | 272/951 [00:52<01:37,  6.95it/s]Deconvoluting Remaining Spots:  29%|██▊       | 273/951 [00:52<02:01,  5.59it/s]Deconvoluting Remaining Spots:  29%|██▉       | 274/951 [00:53<01:57,  5.79it/s]Deconvoluting Remaining Spots:  29%|██▉       | 275/951 [00:53<01:53,  5.96it/s]Deconvoluting Remaining Spots:  29%|██▉       | 276/951 [00:53<01:49,  6.14it/s]Deconvoluting Remaining Spots:  29%|██▉       | 277/951 [00:53<02:03,  5.47it/s]Deconvoluting Remaining Spots:  29%|██▉       | 278/951 [00:53<02:03,  5.43it/s]Deconvoluting Remaining Spots:  29%|██▉       | 280/951 [00:53<01:35,  7.05it/s]Deconvoluting Remaining Spots:  30%|██▉       | 281/951 [00:54<02:20,  4.76it/s]Deconvoluting Remaining Spots:  30%|██▉       | 283/951 [00:54<02:01,  5.48it/s]Deconvoluting Remaining Spots:  30%|██▉       | 285/951 [00:54<01:48,  6.14it/s]Deconvoluting Remaining Spots:  30%|███       | 286/951 [00:55<01:46,  6.23it/s]Deconvoluting Remaining Spots:  30%|███       | 287/951 [00:55<01:51,  5.95it/s]Deconvoluting Remaining Spots:  30%|███       | 288/951 [00:55<02:03,  5.36it/s]Deconvoluting Remaining Spots:  30%|███       | 289/951 [00:55<02:07,  5.20it/s]Deconvoluting Remaining Spots:  30%|███       | 290/951 [00:55<01:51,  5.94it/s]Deconvoluting Remaining Spots:  31%|███       | 291/951 [00:56<02:11,  5.00it/s]Deconvoluting Remaining Spots:  31%|███       | 293/951 [00:56<01:46,  6.18it/s]Deconvoluting Remaining Spots:  31%|███       | 294/951 [00:56<01:57,  5.58it/s]Deconvoluting Remaining Spots:  31%|███       | 295/951 [00:56<01:46,  6.14it/s]Deconvoluting Remaining Spots:  31%|███       | 296/951 [00:56<01:58,  5.55it/s]Deconvoluting Remaining Spots:  31%|███       | 297/951 [00:56<01:45,  6.21it/s]Deconvoluting Remaining Spots:  31%|███▏      | 298/951 [00:57<02:00,  5.42it/s]Deconvoluting Remaining Spots:  31%|███▏      | 299/951 [00:57<02:01,  5.39it/s]Deconvoluting Remaining Spots:  32%|███▏      | 300/951 [00:57<01:52,  5.80it/s]2026-02-18 17:12:28,670 - root - INFO - Saved checkpoint after 300 completed spots
Deconvoluting Remaining Spots:  32%|███▏      | 301/951 [00:59<07:15,  1.49it/s]Deconvoluting Remaining Spots:  33%|███▎      | 312/951 [00:59<01:34,  6.75it/s]Deconvoluting Remaining Spots:  33%|███▎      | 314/951 [01:00<01:28,  7.17it/s]Deconvoluting Remaining Spots:  33%|███▎      | 316/951 [01:00<01:30,  6.99it/s]Deconvoluting Remaining Spots:  33%|███▎      | 317/951 [01:00<01:31,  6.93it/s]Deconvoluting Remaining Spots:  33%|███▎      | 318/951 [01:00<01:41,  6.26it/s]Deconvoluting Remaining Spots:  34%|███▎      | 319/951 [01:00<01:49,  5.76it/s]Deconvoluting Remaining Spots:  34%|███▎      | 320/951 [01:01<01:42,  6.14it/s]Deconvoluting Remaining Spots:  34%|███▍      | 321/951 [01:01<01:51,  5.67it/s]Deconvoluting Remaining Spots:  34%|███▍      | 322/951 [01:01<02:24,  4.36it/s]Deconvoluting Remaining Spots:  34%|███▍      | 323/951 [01:01<02:11,  4.76it/s]Deconvoluting Remaining Spots:  34%|███▍      | 324/951 [01:02<02:11,  4.78it/s]Deconvoluting Remaining Spots:  34%|███▍      | 326/951 [01:02<01:37,  6.44it/s]Deconvoluting Remaining Spots:  34%|███▍      | 327/951 [01:02<01:37,  6.38it/s]Deconvoluting Remaining Spots:  34%|███▍      | 328/951 [01:02<01:46,  5.83it/s]Deconvoluting Remaining Spots:  35%|███▍      | 329/951 [01:02<01:35,  6.53it/s]Deconvoluting Remaining Spots:  35%|███▍      | 330/951 [01:02<01:44,  5.97it/s]Deconvoluting Remaining Spots:  35%|███▍      | 331/951 [01:03<01:45,  5.87it/s]Deconvoluting Remaining Spots:  35%|███▍      | 332/951 [01:03<01:33,  6.65it/s]Deconvoluting Remaining Spots:  35%|███▌      | 333/951 [01:03<01:36,  6.40it/s]Deconvoluting Remaining Spots:  35%|███▌      | 334/951 [01:03<01:36,  6.41it/s]Deconvoluting Remaining Spots:  35%|███▌      | 335/951 [01:03<01:59,  5.17it/s]Deconvoluting Remaining Spots:  35%|███▌      | 337/951 [01:04<02:01,  5.05it/s]Deconvoluting Remaining Spots:  36%|███▌      | 338/951 [01:04<02:21,  4.32it/s]Deconvoluting Remaining Spots:  36%|███▌      | 340/951 [01:04<01:39,  6.15it/s]Deconvoluting Remaining Spots:  36%|███▌      | 341/951 [01:04<01:33,  6.52it/s]Deconvoluting Remaining Spots:  36%|███▌      | 342/951 [01:05<01:52,  5.42it/s]Deconvoluting Remaining Spots:  36%|███▌      | 343/951 [01:05<01:50,  5.51it/s]Deconvoluting Remaining Spots:  36%|███▌      | 344/951 [01:05<01:36,  6.26it/s]Deconvoluting Remaining Spots:  36%|███▋      | 346/951 [01:05<01:32,  6.55it/s]Deconvoluting Remaining Spots:  36%|███▋      | 347/951 [01:05<01:41,  5.95it/s]Deconvoluting Remaining Spots:  37%|███▋      | 348/951 [01:06<01:51,  5.40it/s]Deconvoluting Remaining Spots:  37%|███▋      | 349/951 [01:06<02:05,  4.82it/s]Deconvoluting Remaining Spots:  37%|███▋      | 351/951 [01:06<01:59,  5.02it/s]Deconvoluting Remaining Spots:  37%|███▋      | 353/951 [01:07<02:02,  4.87it/s]Deconvoluting Remaining Spots:  37%|███▋      | 355/951 [01:07<01:37,  6.09it/s]Deconvoluting Remaining Spots:  37%|███▋      | 356/951 [01:07<01:30,  6.56it/s]Deconvoluting Remaining Spots:  38%|███▊      | 357/951 [01:07<01:55,  5.13it/s]Deconvoluting Remaining Spots:  38%|███▊      | 358/951 [01:07<01:46,  5.59it/s]Deconvoluting Remaining Spots:  38%|███▊      | 359/951 [01:08<01:46,  5.54it/s]Deconvoluting Remaining Spots:  38%|███▊      | 361/951 [01:08<01:26,  6.84it/s]Deconvoluting Remaining Spots:  38%|███▊      | 362/951 [01:08<01:44,  5.63it/s]Deconvoluting Remaining Spots:  38%|███▊      | 364/951 [01:08<01:31,  6.40it/s]Deconvoluting Remaining Spots:  38%|███▊      | 365/951 [01:09<01:42,  5.72it/s]Deconvoluting Remaining Spots:  38%|███▊      | 366/951 [01:09<01:52,  5.20it/s]Deconvoluting Remaining Spots:  39%|███▊      | 368/951 [01:09<01:31,  6.36it/s]Deconvoluting Remaining Spots:  39%|███▉      | 369/951 [01:09<01:53,  5.12it/s]Deconvoluting Remaining Spots:  39%|███▉      | 370/951 [01:10<01:54,  5.07it/s]Deconvoluting Remaining Spots:  39%|███▉      | 372/951 [01:10<01:47,  5.37it/s]Deconvoluting Remaining Spots:  39%|███▉      | 374/951 [01:10<01:32,  6.24it/s]Deconvoluting Remaining Spots:  39%|███▉      | 375/951 [01:10<01:43,  5.59it/s]Deconvoluting Remaining Spots:  40%|███▉      | 377/951 [01:11<01:25,  6.68it/s]Deconvoluting Remaining Spots:  40%|███▉      | 378/951 [01:11<01:29,  6.40it/s]Deconvoluting Remaining Spots:  40%|███▉      | 379/951 [01:11<01:33,  6.11it/s]Deconvoluting Remaining Spots:  40%|███▉      | 380/951 [01:11<01:43,  5.52it/s]Deconvoluting Remaining Spots:  40%|████      | 381/951 [01:11<01:55,  4.93it/s]Deconvoluting Remaining Spots:  40%|████      | 382/951 [01:12<01:44,  5.46it/s]Deconvoluting Remaining Spots:  40%|████      | 384/951 [01:12<01:23,  6.81it/s]Deconvoluting Remaining Spots:  40%|████      | 385/951 [01:12<01:47,  5.28it/s]Deconvoluting Remaining Spots:  41%|████      | 386/951 [01:12<01:37,  5.82it/s]Deconvoluting Remaining Spots:  41%|████      | 387/951 [01:12<01:44,  5.42it/s]Deconvoluting Remaining Spots:  41%|████      | 388/951 [01:13<01:41,  5.54it/s]Deconvoluting Remaining Spots:  41%|████      | 389/951 [01:13<01:41,  5.52it/s]Deconvoluting Remaining Spots:  41%|████      | 390/951 [01:13<01:40,  5.57it/s]Deconvoluting Remaining Spots:  41%|████      | 392/951 [01:13<01:35,  5.83it/s]Deconvoluting Remaining Spots:  41%|████▏     | 393/951 [01:13<01:29,  6.25it/s]Deconvoluting Remaining Spots:  41%|████▏     | 394/951 [01:14<01:30,  6.12it/s]Deconvoluting Remaining Spots:  42%|████▏     | 395/951 [01:14<01:39,  5.59it/s]Deconvoluting Remaining Spots:  42%|████▏     | 397/951 [01:14<01:47,  5.16it/s]Deconvoluting Remaining Spots:  42%|████▏     | 399/951 [01:14<01:32,  5.98it/s]Deconvoluting Remaining Spots:  42%|████▏     | 400/951 [01:15<01:35,  5.76it/s]2026-02-18 17:12:46,828 - root - INFO - Saved checkpoint after 400 completed spots
Deconvoluting Remaining Spots:  42%|████▏     | 401/951 [01:17<06:21,  1.44it/s]Deconvoluting Remaining Spots:  44%|████▎     | 415/951 [01:17<01:14,  7.23it/s]Deconvoluting Remaining Spots:  44%|████▍     | 417/951 [01:18<01:16,  6.99it/s]Deconvoluting Remaining Spots:  44%|████▍     | 419/951 [01:18<01:20,  6.57it/s]Deconvoluting Remaining Spots:  44%|████▍     | 421/951 [01:18<01:21,  6.54it/s]Deconvoluting Remaining Spots:  44%|████▍     | 423/951 [01:19<01:25,  6.21it/s]Deconvoluting Remaining Spots:  45%|████▍     | 424/951 [01:19<01:28,  5.93it/s]Deconvoluting Remaining Spots:  45%|████▍     | 425/951 [01:19<01:29,  5.88it/s]Deconvoluting Remaining Spots:  45%|████▍     | 426/951 [01:19<01:31,  5.73it/s]Deconvoluting Remaining Spots:  45%|████▍     | 427/951 [01:20<01:38,  5.33it/s]Deconvoluting Remaining Spots:  45%|████▌     | 428/951 [01:20<01:29,  5.82it/s]Deconvoluting Remaining Spots:  45%|████▌     | 429/951 [01:20<01:30,  5.77it/s]Deconvoluting Remaining Spots:  45%|████▌     | 430/951 [01:20<01:32,  5.65it/s]Deconvoluting Remaining Spots:  45%|████▌     | 431/951 [01:20<01:32,  5.62it/s]Deconvoluting Remaining Spots:  45%|████▌     | 432/951 [01:20<01:30,  5.75it/s]Deconvoluting Remaining Spots:  46%|████▌     | 433/951 [01:21<01:27,  5.92it/s]Deconvoluting Remaining Spots:  46%|████▌     | 434/951 [01:21<01:26,  5.96it/s]Deconvoluting Remaining Spots:  46%|████▌     | 435/951 [01:21<01:27,  5.92it/s]Deconvoluting Remaining Spots:  46%|████▌     | 436/951 [01:21<01:23,  6.15it/s]Deconvoluting Remaining Spots:  46%|████▌     | 437/951 [01:21<01:25,  5.99it/s]Deconvoluting Remaining Spots:  46%|████▌     | 438/951 [01:21<01:27,  5.86it/s]Deconvoluting Remaining Spots:  46%|████▌     | 439/951 [01:22<01:40,  5.09it/s]Deconvoluting Remaining Spots:  46%|████▋     | 440/951 [01:22<01:33,  5.44it/s]Deconvoluting Remaining Spots:  46%|████▋     | 441/951 [01:22<01:23,  6.13it/s]Deconvoluting Remaining Spots:  46%|████▋     | 442/951 [01:22<01:55,  4.41it/s]Deconvoluting Remaining Spots:  47%|████▋     | 443/951 [01:22<01:37,  5.19it/s]Deconvoluting Remaining Spots:  47%|████▋     | 445/951 [01:23<01:17,  6.52it/s]Deconvoluting Remaining Spots:  47%|████▋     | 446/951 [01:23<01:23,  6.02it/s]Deconvoluting Remaining Spots:  47%|████▋     | 447/951 [01:23<01:33,  5.41it/s]Deconvoluting Remaining Spots:  47%|████▋     | 449/951 [01:23<01:17,  6.49it/s]Deconvoluting Remaining Spots:  47%|████▋     | 450/951 [01:24<01:18,  6.34it/s]Deconvoluting Remaining Spots:  47%|████▋     | 451/951 [01:24<01:23,  6.01it/s]Deconvoluting Remaining Spots:  48%|████▊     | 452/951 [01:24<01:17,  6.47it/s]Deconvoluting Remaining Spots:  48%|████▊     | 453/951 [01:24<01:25,  5.79it/s]Deconvoluting Remaining Spots:  48%|████▊     | 454/951 [01:24<01:19,  6.24it/s]Deconvoluting Remaining Spots:  48%|████▊     | 455/951 [01:24<01:18,  6.31it/s]Deconvoluting Remaining Spots:  48%|████▊     | 456/951 [01:25<01:24,  5.87it/s]Deconvoluting Remaining Spots:  48%|████▊     | 457/951 [01:25<01:38,  5.04it/s]Deconvoluting Remaining Spots:  48%|████▊     | 458/951 [01:25<01:25,  5.77it/s]Deconvoluting Remaining Spots:  48%|████▊     | 459/951 [01:25<01:18,  6.26it/s]Deconvoluting Remaining Spots:  48%|████▊     | 460/951 [01:25<01:22,  5.94it/s]Deconvoluting Remaining Spots:  48%|████▊     | 461/951 [01:25<01:26,  5.69it/s]Deconvoluting Remaining Spots:  49%|████▊     | 462/951 [01:26<01:37,  5.00it/s]Deconvoluting Remaining Spots:  49%|████▊     | 463/951 [01:26<01:32,  5.25it/s]Deconvoluting Remaining Spots:  49%|████▉     | 464/951 [01:26<01:20,  6.04it/s]Deconvoluting Remaining Spots:  49%|████▉     | 465/951 [01:26<01:36,  5.06it/s]Deconvoluting Remaining Spots:  49%|████▉     | 466/951 [01:26<01:32,  5.23it/s]Deconvoluting Remaining Spots:  49%|████▉     | 467/951 [01:27<01:27,  5.56it/s]Deconvoluting Remaining Spots:  49%|████▉     | 468/951 [01:27<01:26,  5.61it/s]Deconvoluting Remaining Spots:  49%|████▉     | 469/951 [01:27<01:26,  5.60it/s]Deconvoluting Remaining Spots:  49%|████▉     | 470/951 [01:27<01:16,  6.30it/s]Deconvoluting Remaining Spots:  50%|████▉     | 471/951 [01:27<01:33,  5.16it/s]Deconvoluting Remaining Spots:  50%|████▉     | 473/951 [01:28<01:21,  5.86it/s]Deconvoluting Remaining Spots:  50%|████▉     | 474/951 [01:28<01:31,  5.20it/s]Deconvoluting Remaining Spots:  50%|████▉     | 475/951 [01:28<01:20,  5.94it/s]Deconvoluting Remaining Spots:  50%|█████     | 476/951 [01:28<01:30,  5.24it/s]Deconvoluting Remaining Spots:  50%|█████     | 478/951 [01:28<01:15,  6.29it/s]Deconvoluting Remaining Spots:  50%|█████     | 479/951 [01:29<01:22,  5.73it/s]Deconvoluting Remaining Spots:  50%|█████     | 480/951 [01:29<01:23,  5.67it/s]Deconvoluting Remaining Spots:  51%|█████     | 481/951 [01:29<01:19,  5.89it/s]Deconvoluting Remaining Spots:  51%|█████     | 482/951 [01:29<01:41,  4.61it/s]Deconvoluting Remaining Spots:  51%|█████     | 483/951 [01:29<01:26,  5.38it/s]Deconvoluting Remaining Spots:  51%|█████     | 484/951 [01:30<01:15,  6.19it/s]Deconvoluting Remaining Spots:  51%|█████     | 485/951 [01:30<01:16,  6.12it/s]Deconvoluting Remaining Spots:  51%|█████     | 487/951 [01:30<01:16,  6.07it/s]Deconvoluting Remaining Spots:  51%|█████▏    | 488/951 [01:30<01:17,  5.99it/s]Deconvoluting Remaining Spots:  52%|█████▏    | 490/951 [01:30<01:09,  6.65it/s]Deconvoluting Remaining Spots:  52%|█████▏    | 491/951 [01:31<01:15,  6.09it/s]Deconvoluting Remaining Spots:  52%|█████▏    | 492/951 [01:31<01:18,  5.82it/s]Deconvoluting Remaining Spots:  52%|█████▏    | 493/951 [01:31<01:19,  5.74it/s]Deconvoluting Remaining Spots:  52%|█████▏    | 494/951 [01:31<01:13,  6.24it/s]Deconvoluting Remaining Spots:  52%|█████▏    | 495/951 [01:31<01:21,  5.59it/s]Deconvoluting Remaining Spots:  52%|█████▏    | 497/951 [01:32<01:20,  5.67it/s]Deconvoluting Remaining Spots:  52%|█████▏    | 498/951 [01:32<01:32,  4.90it/s]Deconvoluting Remaining Spots:  53%|█████▎    | 500/951 [01:32<01:05,  6.91it/s]2026-02-18 17:13:07,406 - root - INFO - Saved checkpoint after 500 completed spots
Deconvoluting Remaining Spots:  53%|█████▎    | 501/951 [01:38<10:09,  1.35s/it]Deconvoluting Remaining Spots:  56%|█████▌    | 532/951 [01:38<00:52,  7.91it/s]Deconvoluting Remaining Spots:  57%|█████▋    | 542/951 [01:40<01:01,  6.61it/s]Deconvoluting Remaining Spots:  58%|█████▊    | 549/951 [01:41<01:00,  6.64it/s]Deconvoluting Remaining Spots:  58%|█████▊    | 554/951 [01:42<01:00,  6.61it/s]Deconvoluting Remaining Spots:  59%|█████▊    | 558/951 [01:42<01:02,  6.30it/s]Deconvoluting Remaining Spots:  59%|█████▉    | 561/951 [01:43<01:03,  6.18it/s]Deconvoluting Remaining Spots:  59%|█████▉    | 564/951 [01:43<01:01,  6.30it/s]Deconvoluting Remaining Spots:  60%|█████▉    | 566/951 [01:44<01:09,  5.54it/s]Deconvoluting Remaining Spots:  60%|█████▉    | 568/951 [01:44<01:03,  6.01it/s]Deconvoluting Remaining Spots:  60%|█████▉    | 570/951 [01:44<01:00,  6.29it/s]Deconvoluting Remaining Spots:  60%|██████    | 572/951 [01:45<01:12,  5.23it/s]Deconvoluting Remaining Spots:  60%|██████    | 574/951 [01:45<01:06,  5.71it/s]Deconvoluting Remaining Spots:  61%|██████    | 576/951 [01:46<01:01,  6.13it/s]Deconvoluting Remaining Spots:  61%|██████    | 577/951 [01:46<01:01,  6.12it/s]Deconvoluting Remaining Spots:  61%|██████    | 578/951 [01:46<01:01,  6.03it/s]Deconvoluting Remaining Spots:  61%|██████    | 579/951 [01:46<01:18,  4.74it/s]Deconvoluting Remaining Spots:  61%|██████    | 580/951 [01:46<01:12,  5.10it/s]Deconvoluting Remaining Spots:  61%|██████    | 582/951 [01:47<00:58,  6.34it/s]Deconvoluting Remaining Spots:  61%|██████▏   | 584/951 [01:47<00:58,  6.25it/s]Deconvoluting Remaining Spots:  62%|██████▏   | 585/951 [01:47<01:03,  5.75it/s]Deconvoluting Remaining Spots:  62%|██████▏   | 586/951 [01:47<00:58,  6.29it/s]Deconvoluting Remaining Spots:  62%|██████▏   | 587/951 [01:48<00:59,  6.17it/s]Deconvoluting Remaining Spots:  62%|██████▏   | 588/951 [01:48<01:11,  5.07it/s]Deconvoluting Remaining Spots:  62%|██████▏   | 589/951 [01:48<01:07,  5.34it/s]Deconvoluting Remaining Spots:  62%|██████▏   | 591/951 [01:48<01:10,  5.10it/s]Deconvoluting Remaining Spots:  62%|██████▏   | 593/951 [01:49<01:00,  5.96it/s]Deconvoluting Remaining Spots:  62%|██████▏   | 594/951 [01:49<01:07,  5.31it/s]Deconvoluting Remaining Spots:  63%|██████▎   | 596/951 [01:49<00:54,  6.53it/s]Deconvoluting Remaining Spots:  63%|██████▎   | 597/951 [01:49<00:54,  6.50it/s]Deconvoluting Remaining Spots:  63%|██████▎   | 598/951 [01:50<01:09,  5.06it/s]Deconvoluting Remaining Spots:  63%|██████▎   | 600/951 [01:50<00:54,  6.41it/s]2026-02-18 17:13:23,021 - root - INFO - Saved checkpoint after 600 completed spots
Deconvoluting Remaining Spots:  63%|██████▎   | 601/951 [01:53<05:15,  1.11it/s]Deconvoluting Remaining Spots:  65%|██████▌   | 620/951 [01:54<00:46,  7.17it/s]Deconvoluting Remaining Spots:  66%|██████▌   | 623/951 [01:54<00:47,  6.92it/s]Deconvoluting Remaining Spots:  66%|██████▌   | 626/951 [01:55<00:49,  6.52it/s]Deconvoluting Remaining Spots:  66%|██████▌   | 628/951 [01:55<00:49,  6.49it/s]Deconvoluting Remaining Spots:  66%|██████▌   | 630/951 [01:55<00:53,  6.02it/s]Deconvoluting Remaining Spots:  66%|██████▋   | 632/951 [01:56<00:52,  6.12it/s]Deconvoluting Remaining Spots:  67%|██████▋   | 633/951 [01:56<00:51,  6.24it/s]Deconvoluting Remaining Spots:  67%|██████▋   | 634/951 [01:56<00:57,  5.55it/s]Deconvoluting Remaining Spots:  67%|██████▋   | 635/951 [01:56<00:54,  5.77it/s]Deconvoluting Remaining Spots:  67%|██████▋   | 637/951 [01:56<00:47,  6.65it/s]Deconvoluting Remaining Spots:  67%|██████▋   | 638/951 [01:57<00:50,  6.25it/s]Deconvoluting Remaining Spots:  67%|██████▋   | 639/951 [01:57<00:48,  6.39it/s]Deconvoluting Remaining Spots:  67%|██████▋   | 640/951 [01:57<01:02,  4.94it/s]Deconvoluting Remaining Spots:  68%|██████▊   | 642/951 [01:57<00:49,  6.21it/s]Deconvoluting Remaining Spots:  68%|██████▊   | 643/951 [01:58<00:51,  5.94it/s]Deconvoluting Remaining Spots:  68%|██████▊   | 644/951 [01:58<00:47,  6.44it/s]Deconvoluting Remaining Spots:  68%|██████▊   | 645/951 [01:58<00:57,  5.31it/s]Deconvoluting Remaining Spots:  68%|██████▊   | 647/951 [01:58<00:57,  5.26it/s]Deconvoluting Remaining Spots:  68%|██████▊   | 649/951 [01:59<00:52,  5.71it/s]Deconvoluting Remaining Spots:  68%|██████▊   | 650/951 [01:59<01:01,  4.93it/s]Deconvoluting Remaining Spots:  69%|██████▊   | 652/951 [01:59<00:57,  5.18it/s]Deconvoluting Remaining Spots:  69%|██████▉   | 654/951 [02:00<00:49,  5.98it/s]Deconvoluting Remaining Spots:  69%|██████▉   | 655/951 [02:00<00:55,  5.34it/s]Deconvoluting Remaining Spots:  69%|██████▉   | 657/951 [02:00<00:51,  5.69it/s]Deconvoluting Remaining Spots:  69%|██████▉   | 658/951 [02:00<00:50,  5.76it/s]Deconvoluting Remaining Spots:  69%|██████▉   | 659/951 [02:00<00:49,  5.92it/s]Deconvoluting Remaining Spots:  69%|██████▉   | 660/951 [02:01<00:51,  5.67it/s]Deconvoluting Remaining Spots:  70%|██████▉   | 662/951 [02:01<00:43,  6.60it/s]Deconvoluting Remaining Spots:  70%|██████▉   | 663/951 [02:01<00:44,  6.50it/s]Deconvoluting Remaining Spots:  70%|██████▉   | 664/951 [02:01<00:56,  5.05it/s]Deconvoluting Remaining Spots:  70%|███████   | 666/951 [02:02<00:49,  5.82it/s]Deconvoluting Remaining Spots:  70%|███████   | 667/951 [02:02<00:53,  5.33it/s]Deconvoluting Remaining Spots:  70%|███████   | 668/951 [02:02<00:47,  5.99it/s]Deconvoluting Remaining Spots:  70%|███████   | 669/951 [02:02<00:49,  5.67it/s]Deconvoluting Remaining Spots:  70%|███████   | 670/951 [02:02<00:55,  5.08it/s]Deconvoluting Remaining Spots:  71%|███████   | 672/951 [02:03<00:44,  6.32it/s]Deconvoluting Remaining Spots:  71%|███████   | 673/951 [02:03<00:45,  6.08it/s]Deconvoluting Remaining Spots:  71%|███████   | 674/951 [02:03<00:47,  5.84it/s]Deconvoluting Remaining Spots:  71%|███████   | 675/951 [02:03<00:50,  5.51it/s]Deconvoluting Remaining Spots:  71%|███████   | 676/951 [02:03<00:47,  5.85it/s]Deconvoluting Remaining Spots:  71%|███████   | 677/951 [02:04<00:48,  5.66it/s]Deconvoluting Remaining Spots:  71%|███████▏  | 678/951 [02:04<00:45,  5.99it/s]Deconvoluting Remaining Spots:  71%|███████▏  | 679/951 [02:04<00:54,  5.01it/s]Deconvoluting Remaining Spots:  72%|███████▏  | 680/951 [02:04<00:46,  5.81it/s]Deconvoluting Remaining Spots:  72%|███████▏  | 681/951 [02:04<00:48,  5.58it/s]Deconvoluting Remaining Spots:  72%|███████▏  | 682/951 [02:05<00:53,  5.03it/s]Deconvoluting Remaining Spots:  72%|███████▏  | 684/951 [02:05<00:51,  5.22it/s]Deconvoluting Remaining Spots:  72%|███████▏  | 686/951 [02:05<00:47,  5.54it/s]Deconvoluting Remaining Spots:  72%|███████▏  | 687/951 [02:05<00:47,  5.57it/s]Deconvoluting Remaining Spots:  72%|███████▏  | 689/951 [02:06<00:36,  7.10it/s]Deconvoluting Remaining Spots:  73%|███████▎  | 690/951 [02:06<00:44,  5.84it/s]Deconvoluting Remaining Spots:  73%|███████▎  | 691/951 [02:06<00:55,  4.70it/s]Deconvoluting Remaining Spots:  73%|███████▎  | 693/951 [02:06<00:40,  6.40it/s]Deconvoluting Remaining Spots:  73%|███████▎  | 694/951 [02:07<00:42,  6.00it/s]Deconvoluting Remaining Spots:  73%|███████▎  | 695/951 [02:07<00:44,  5.72it/s]Deconvoluting Remaining Spots:  73%|███████▎  | 696/951 [02:07<00:45,  5.56it/s]Deconvoluting Remaining Spots:  73%|███████▎  | 697/951 [02:07<00:45,  5.61it/s]Deconvoluting Remaining Spots:  74%|███████▎  | 699/951 [02:07<00:36,  6.90it/s]Deconvoluting Remaining Spots:  74%|███████▎  | 700/951 [02:08<00:43,  5.73it/s]2026-02-18 17:13:41,772 - root - INFO - Saved checkpoint after 700 completed spots
Deconvoluting Remaining Spots:  74%|███████▎  | 701/951 [02:12<05:13,  1.26s/it]Deconvoluting Remaining Spots:  76%|███████▌  | 725/951 [02:12<00:31,  7.28it/s]Deconvoluting Remaining Spots:  77%|███████▋  | 729/951 [02:13<00:30,  7.28it/s]Deconvoluting Remaining Spots:  77%|███████▋  | 732/951 [02:13<00:32,  6.78it/s]Deconvoluting Remaining Spots:  77%|███████▋  | 735/951 [02:14<00:33,  6.47it/s]Deconvoluting Remaining Spots:  77%|███████▋  | 737/951 [02:14<00:34,  6.19it/s]Deconvoluting Remaining Spots:  78%|███████▊  | 739/951 [02:15<00:33,  6.36it/s]Deconvoluting Remaining Spots:  78%|███████▊  | 741/951 [02:15<00:32,  6.44it/s]Deconvoluting Remaining Spots:  78%|███████▊  | 743/951 [02:15<00:33,  6.14it/s]Deconvoluting Remaining Spots:  78%|███████▊  | 744/951 [02:15<00:33,  6.24it/s]Deconvoluting Remaining Spots:  78%|███████▊  | 745/951 [02:16<00:31,  6.55it/s]Deconvoluting Remaining Spots:  78%|███████▊  | 746/951 [02:16<00:34,  6.02it/s]Deconvoluting Remaining Spots:  79%|███████▊  | 747/951 [02:16<00:39,  5.13it/s]Deconvoluting Remaining Spots:  79%|███████▊  | 748/951 [02:16<00:35,  5.66it/s]Deconvoluting Remaining Spots:  79%|███████▉  | 750/951 [02:17<00:34,  5.85it/s]Deconvoluting Remaining Spots:  79%|███████▉  | 751/951 [02:17<00:33,  5.88it/s]Deconvoluting Remaining Spots:  79%|███████▉  | 752/951 [02:17<00:36,  5.40it/s]Deconvoluting Remaining Spots:  79%|███████▉  | 753/951 [02:17<00:43,  4.58it/s]Deconvoluting Remaining Spots:  79%|███████▉  | 754/951 [02:17<00:39,  4.96it/s]Deconvoluting Remaining Spots:  79%|███████▉  | 756/951 [02:18<00:29,  6.54it/s]Deconvoluting Remaining Spots:  80%|███████▉  | 757/951 [02:18<00:27,  7.04it/s]Deconvoluting Remaining Spots:  80%|███████▉  | 758/951 [02:18<00:29,  6.60it/s]Deconvoluting Remaining Spots:  80%|███████▉  | 759/951 [02:18<00:29,  6.52it/s]Deconvoluting Remaining Spots:  80%|███████▉  | 760/951 [02:18<00:29,  6.56it/s]Deconvoluting Remaining Spots:  80%|████████  | 761/951 [02:18<00:31,  6.01it/s]Deconvoluting Remaining Spots:  80%|████████  | 762/951 [02:19<00:35,  5.25it/s]Deconvoluting Remaining Spots:  80%|████████  | 763/951 [02:19<00:39,  4.75it/s]Deconvoluting Remaining Spots:  80%|████████  | 765/951 [02:19<00:40,  4.64it/s]Deconvoluting Remaining Spots:  81%|████████  | 767/951 [02:19<00:30,  5.97it/s]Deconvoluting Remaining Spots:  81%|████████  | 769/951 [02:20<00:31,  5.69it/s]Deconvoluting Remaining Spots:  81%|████████  | 771/951 [02:20<00:27,  6.47it/s]Deconvoluting Remaining Spots:  81%|████████  | 772/951 [02:20<00:29,  6.08it/s]Deconvoluting Remaining Spots:  81%|████████▏ | 773/951 [02:20<00:28,  6.34it/s]Deconvoluting Remaining Spots:  81%|████████▏ | 774/951 [02:21<00:27,  6.40it/s]Deconvoluting Remaining Spots:  81%|████████▏ | 775/951 [02:21<00:31,  5.66it/s]Deconvoluting Remaining Spots:  82%|████████▏ | 776/951 [02:21<00:31,  5.52it/s]Deconvoluting Remaining Spots:  82%|████████▏ | 777/951 [02:21<00:29,  5.90it/s]Deconvoluting Remaining Spots:  82%|████████▏ | 778/951 [02:22<00:39,  4.37it/s]Deconvoluting Remaining Spots:  82%|████████▏ | 780/951 [02:22<00:35,  4.85it/s]Deconvoluting Remaining Spots:  82%|████████▏ | 782/951 [02:22<00:30,  5.53it/s]Deconvoluting Remaining Spots:  82%|████████▏ | 783/951 [02:22<00:33,  5.07it/s]Deconvoluting Remaining Spots:  83%|████████▎ | 785/951 [02:23<00:25,  6.39it/s]Deconvoluting Remaining Spots:  83%|████████▎ | 786/951 [02:23<00:24,  6.78it/s]Deconvoluting Remaining Spots:  83%|████████▎ | 787/951 [02:23<00:27,  6.05it/s]Deconvoluting Remaining Spots:  83%|████████▎ | 788/951 [02:23<00:28,  5.74it/s]Deconvoluting Remaining Spots:  83%|████████▎ | 790/951 [02:23<00:24,  6.48it/s]Deconvoluting Remaining Spots:  83%|████████▎ | 791/951 [02:24<00:32,  4.88it/s]Deconvoluting Remaining Spots:  83%|████████▎ | 793/951 [02:24<00:30,  5.20it/s]Deconvoluting Remaining Spots:  84%|████████▎ | 795/951 [02:24<00:29,  5.33it/s]Deconvoluting Remaining Spots:  84%|████████▎ | 796/951 [02:25<00:26,  5.83it/s]Deconvoluting Remaining Spots:  84%|████████▍ | 797/951 [02:25<00:29,  5.30it/s]Deconvoluting Remaining Spots:  84%|████████▍ | 798/951 [02:25<00:27,  5.65it/s]Deconvoluting Remaining Spots:  84%|████████▍ | 799/951 [02:25<00:25,  6.07it/s]Deconvoluting Remaining Spots:  84%|████████▍ | 800/951 [02:26<00:40,  3.76it/s]2026-02-18 17:14:00,175 - root - INFO - Saved checkpoint after 800 completed spots
Deconvoluting Remaining Spots:  84%|████████▍ | 801/951 [02:30<03:48,  1.52s/it]Deconvoluting Remaining Spots:  87%|████████▋ | 829/951 [02:31<00:15,  7.77it/s]Deconvoluting Remaining Spots:  88%|████████▊ | 838/951 [02:32<00:16,  7.05it/s]Deconvoluting Remaining Spots:  89%|████████▉ | 845/951 [02:33<00:16,  6.55it/s]Deconvoluting Remaining Spots:  89%|████████▉ | 850/951 [02:34<00:16,  6.25it/s]Deconvoluting Remaining Spots:  90%|████████▉ | 854/951 [02:35<00:15,  6.40it/s]Deconvoluting Remaining Spots:  90%|█████████ | 857/951 [02:36<00:15,  5.97it/s]Deconvoluting Remaining Spots:  90%|█████████ | 859/951 [02:36<00:14,  6.50it/s]Deconvoluting Remaining Spots:  91%|█████████ | 861/951 [02:36<00:14,  6.03it/s]Deconvoluting Remaining Spots:  91%|█████████ | 863/951 [02:36<00:14,  5.99it/s]Deconvoluting Remaining Spots:  91%|█████████ | 865/951 [02:37<00:14,  5.84it/s]Deconvoluting Remaining Spots:  91%|█████████ | 866/951 [02:37<00:16,  5.01it/s]Deconvoluting Remaining Spots:  91%|█████████▏| 868/951 [02:37<00:13,  6.04it/s]Deconvoluting Remaining Spots:  91%|█████████▏| 869/951 [02:38<00:13,  5.99it/s]Deconvoluting Remaining Spots:  91%|█████████▏| 870/951 [02:38<00:14,  5.71it/s]Deconvoluting Remaining Spots:  92%|█████████▏| 871/951 [02:38<00:13,  5.83it/s]Deconvoluting Remaining Spots:  92%|█████████▏| 872/951 [02:38<00:13,  5.78it/s]Deconvoluting Remaining Spots:  92%|█████████▏| 873/951 [02:38<00:12,  6.03it/s]Deconvoluting Remaining Spots:  92%|█████████▏| 874/951 [02:39<00:15,  5.00it/s]Deconvoluting Remaining Spots:  92%|█████████▏| 876/951 [02:39<00:10,  6.87it/s]Deconvoluting Remaining Spots:  92%|█████████▏| 877/951 [02:39<00:11,  6.59it/s]Deconvoluting Remaining Spots:  92%|█████████▏| 878/951 [02:39<00:12,  5.82it/s]Deconvoluting Remaining Spots:  93%|█████████▎| 880/951 [02:39<00:12,  5.68it/s]Deconvoluting Remaining Spots:  93%|█████████▎| 882/951 [02:40<00:11,  5.84it/s]Deconvoluting Remaining Spots:  93%|█████████▎| 883/951 [02:40<00:12,  5.33it/s]Deconvoluting Remaining Spots:  93%|█████████▎| 884/951 [02:40<00:11,  5.70it/s]Deconvoluting Remaining Spots:  93%|█████████▎| 885/951 [02:40<00:10,  6.11it/s]Deconvoluting Remaining Spots:  93%|█████████▎| 886/951 [02:41<00:11,  5.90it/s]Deconvoluting Remaining Spots:  93%|█████████▎| 887/951 [02:41<00:11,  5.71it/s]Deconvoluting Remaining Spots:  93%|█████████▎| 888/951 [02:41<00:10,  5.79it/s]Deconvoluting Remaining Spots:  93%|█████████▎| 889/951 [02:41<00:10,  5.88it/s]Deconvoluting Remaining Spots:  94%|█████████▎| 890/951 [02:41<00:10,  5.64it/s]Deconvoluting Remaining Spots:  94%|█████████▎| 891/951 [02:41<00:10,  5.79it/s]Deconvoluting Remaining Spots:  94%|█████████▍| 892/951 [02:42<00:09,  5.96it/s]Deconvoluting Remaining Spots:  94%|█████████▍| 893/951 [02:42<00:10,  5.48it/s]Deconvoluting Remaining Spots:  94%|█████████▍| 894/951 [02:42<00:11,  4.76it/s]Deconvoluting Remaining Spots:  94%|█████████▍| 896/951 [02:42<00:08,  6.20it/s]Deconvoluting Remaining Spots:  94%|█████████▍| 897/951 [02:42<00:08,  6.34it/s]Deconvoluting Remaining Spots:  94%|█████████▍| 898/951 [02:43<00:08,  5.94it/s]Deconvoluting Remaining Spots:  95%|█████████▍| 899/951 [02:43<00:08,  6.03it/s]Deconvoluting Remaining Spots:  95%|█████████▍| 900/951 [02:43<00:08,  6.22it/s]2026-02-18 17:14:18,159 - root - INFO - Saved checkpoint after 900 completed spots
Deconvoluting Remaining Spots:  95%|█████████▍| 901/951 [02:48<01:24,  1.69s/it]Deconvoluting Remaining Spots:  98%|█████████▊| 931/951 [02:49<00:02,  7.62it/s]Deconvoluting Remaining Spots:  99%|█████████▉| 940/951 [02:50<00:01,  6.56it/s]Deconvoluting Remaining Spots: 100%|█████████▉| 947/951 [02:51<00:00,  6.77it/s]Deconvoluting Remaining Spots: 100%|██████████| 951/951 [02:52<00:00,  5.52it/s]
2026-02-18 17:14:26,412 - root - INFO - Saved final results with 951 completed spots
2026-02-18 17:14:31,061 - root - INFO - Saved profiles to Benchmarking/simulation_benchmarking/CITEgeist/output_discrete_weighting_only/mixed/dapi/mixed/dapi/Wu_rep_0/Wu_rep_0_gene_expression_pass1.parquet with cell types: ['B-cells', 'CAFs', 'Cancer Epithelial', 'Endothelial', 'Myeloid', 'Normal Epithelial', 'PVL', 'Plasmablasts', 'T-cells']
2026-02-18 17:14:32,642 - root - INFO - Successfully added layer: Myeloid_genes_pass1
2026-02-18 17:14:32,825 - root - INFO - Successfully added layer: B-cells_genes_pass1
2026-02-18 17:14:33,006 - root - INFO - Successfully added layer: Normal_Epithelial_genes_pass1
2026-02-18 17:14:33,190 - root - INFO - Successfully added layer: CAFs_genes_pass1
2026-02-18 17:14:33,374 - root - INFO - Successfully added layer: Plasmablasts_genes_pass1
2026-02-18 17:14:33,554 - root - INFO - Successfully added layer: Cancer_Epithelial_genes_pass1
2026-02-18 17:14:33,737 - root - INFO - Successfully added layer: Endothelial_genes_pass1
2026-02-18 17:14:33,921 - root - INFO - Successfully added layer: T-cells_genes_pass1
2026-02-18 17:14:34,105 - root - INFO - Successfully added layer: PVL_genes_pass1
2026-02-18 17:14:42,336 - root - INFO - Exported layer 'Myeloid_genes_pass1' to 'Benchmarking/simulation_benchmarking/CITEgeist/output_discrete_weighting_only/mixed/dapi/mixed/dapi/Wu_rep_0/Wu_rep_0_pass1/layers/pass1/Myeloid_layer_pass1.csv'
2026-02-18 17:14:50,491 - root - INFO - Exported layer 'B-cells_genes_pass1' to 'Benchmarking/simulation_benchmarking/CITEgeist/output_discrete_weighting_only/mixed/dapi/mixed/dapi/Wu_rep_0/Wu_rep_0_pass1/layers/pass1/B-cells_layer_pass1.csv'
2026-02-18 17:14:58,334 - root - INFO - Exported layer 'Normal_Epithelial_genes_pass1' to 'Benchmarking/simulation_benchmarking/CITEgeist/output_discrete_weighting_only/mixed/dapi/mixed/dapi/Wu_rep_0/Wu_rep_0_pass1/layers/pass1/Normal_Epithelial_layer_pass1.csv'
2026-02-18 17:15:05,884 - root - INFO - Exported layer 'CAFs_genes_pass1' to 'Benchmarking/simulation_benchmarking/CITEgeist/output_discrete_weighting_only/mixed/dapi/mixed/dapi/Wu_rep_0/Wu_rep_0_pass1/layers/pass1/CAFs_layer_pass1.csv'
2026-02-18 17:15:14,607 - root - INFO - Exported layer 'Plasmablasts_genes_pass1' to 'Benchmarking/simulation_benchmarking/CITEgeist/output_discrete_weighting_only/mixed/dapi/mixed/dapi/Wu_rep_0/Wu_rep_0_pass1/layers/pass1/Plasmablasts_layer_pass1.csv'
2026-02-18 17:15:22,514 - root - INFO - Exported layer 'Cancer_Epithelial_genes_pass1' to 'Benchmarking/simulation_benchmarking/CITEgeist/output_discrete_weighting_only/mixed/dapi/mixed/dapi/Wu_rep_0/Wu_rep_0_pass1/layers/pass1/Cancer_Epithelial_layer_pass1.csv'
2026-02-18 17:15:30,071 - root - INFO - Exported layer 'Endothelial_genes_pass1' to 'Benchmarking/simulation_benchmarking/CITEgeist/output_discrete_weighting_only/mixed/dapi/mixed/dapi/Wu_rep_0/Wu_rep_0_pass1/layers/pass1/Endothelial_layer_pass1.csv'
2026-02-18 17:15:37,634 - root - INFO - Exported layer 'T-cells_genes_pass1' to 'Benchmarking/simulation_benchmarking/CITEgeist/output_discrete_weighting_only/mixed/dapi/mixed/dapi/Wu_rep_0/Wu_rep_0_pass1/layers/pass1/T-cells_layer_pass1.csv'
2026-02-18 17:15:45,853 - root - INFO - Exported layer 'PVL_genes_pass1' to 'Benchmarking/simulation_benchmarking/CITEgeist/output_discrete_weighting_only/mixed/dapi/mixed/dapi/Wu_rep_0/Wu_rep_0_pass1/layers/pass1/PVL_layer_pass1.csv'
2026-02-18 17:15:45,854 - __main__ - INFO - GEX deconvolution completed in 258.7s
2026-02-18 17:16:57,227 - __main__ - INFO - Exported 9 cell type layers to Benchmarking/simulation_benchmarking/CITEgeist/output_discrete_weighting_only/mixed/dapi/mixed/dapi/Wu_rep_0/layers
2026-02-18 17:16:57,242 - __main__ - INFO - Comparing against ground truth GEX: /ix1/alee/LO_LAB/Personal/Brent_Schlegel/bts76/Projects/CITEgeist/Wu_Visium/Simulations/scCube_12k/replicates/mixed/ST_GEX_sim/sample_0/layers
2026-02-18 17:17:49,517 - __main__ - INFO - GEX Average RMSE: 0.1498
2026-02-18 17:17:49,517 - __main__ - INFO - GEX Average NRMSE: 0.0206
2026-02-18 17:17:49,524 - __main__ - INFO - Results saved to Benchmarking/simulation_benchmarking/CITEgeist/output_discrete_weighting_only/mixed/dapi/mixed/dapi/Wu_rep_0
