2026-02-17 21:30:06,990 - __main__ - INFO - ============================================================
2026-02-17 21:30:06,991 - __main__ - INFO - BENCHMARK: replicate=2, condition=mixed, mode=dapi
2026-02-17 21:30:06,991 - __main__ - INFO - ============================================================
2026-02-17 21:30:06,992 - __main__ - INFO - Loading image: /ix1/alee/LO_LAB/Personal/Alexander_Chang/alc376/CITEgeist/Benchmarking/simulation_benchmarking/CITEgeist/mixed/images/dapi/Wu_rep_2_cellpose.png
2026-02-17 21:30:08,174 - __main__ - INFO - Image shape: (8000, 8000, 3)
2026-02-17 21:30:08,176 - __main__ - INFO - Running Cellpose with model_type=nuclei
2026-02-17 21:30:11,363 - cellpose.models - WARNING - model_type argument is not used in v4.0.1+. Ignoring this argument...
2026-02-17 21:30:11,363 - cellpose.core - INFO - >>>> using CPU
2026-02-17 21:30:11,363 - cellpose.core - INFO - >>>> using CPU
2026-02-17 21:30:13,433 - cellpose.models - INFO - >>>> loading model /ihome/alee/alc376/.cellpose/models/cpsam
2026-02-17 21:30:14,058 - cellpose.models - WARNING - channels deprecated in v4.0.1+. If data contain more than 3 channels, only the first 3 channels will be used
2026-02-17 21:30:14,106 - cellpose.transforms - INFO - processing image with (8000, 8000) HW, and 3 channels
2026-02-17 22:25:28,551 - __main__ - INFO - Detected 4892 nuclei in 3320.4s
2026-02-17 22:25:28,651 - __main__ - INFO - Nuclei count correlation: 0.986
2026-02-17 22:25:28,652 - __main__ - INFO - Nuclei count RMSE: 0.46
2026-02-17 22:25:28,653 - __main__ - INFO - Loading h5ad files...
2026-02-17 22:25:29,630 - root - INFO - Logging initialized.
2026-02-17 22:25:29,654 - root - INFO - Discrete antibody preprocessing complete: Row sums range [31.71, 51.95], mean=40.06, std=2.86
2026-02-17 22:25:30,031 - root - INFO - Normalization stats:
2026-02-17 22:25:30,031 - root - INFO - Original median total: 46399322355.00
2026-02-17 22:25:30,048 - root - INFO - Mean scaled total: 9978.28
2026-02-17 22:25:30,064 - root - INFO - Max scaled value: 10000.00
2026-02-17 22:25:30,245 - root - INFO - Gene expression data normalized to 10000 counts per spot and validated for discrete count analysis.
2026-02-17 22:25:30,247 - root - INFO - Mapped 18 markers to 9 cell types (preserving marker-level data)
2026-02-17 22:25:30,247 - root - INFO - Running discrete cell assignment: 957 spots, 18 markers, 9 cell types
2026-02-17 22:25:30,247 - root - INFO - Total nuclei: 4892, mean per spot: 5.11
2026-02-17 22:25:30,247 - root - INFO - Discrete cell assignment EM: 957 spots, 18 markers, 9 cell types
2026-02-17 22:25:30,247 - root - INFO - Total nuclei: 4892, mean per spot: 5.11
2026-02-17 22:25:30,249 - root - INFO - 
=== EM Iteration 1/10 ===
2026-02-17 22:25:30,249 - root - INFO - Global IQP: 957 spots x 9 cell types = 8613 integer variables
2026-02-17 22:25:30,249 - root - INFO - Time limit: 600.0s, MIP gap: 5.0%
2026-02-17 22:25:30,288 - gurobipy - INFO - Set parameter LicenseID to value 276015
2026-02-17 22:25:30,288 - gurobipy - INFO - Set parameter GURO_PAR_SPECIAL
2026-02-17 22:25:30,288 - gurobipy - INFO - Set parameter TokenServer to value "license.crc.pitt.edu"
2026-02-17 22:25:30,303 - gurobipy - INFO - Set parameter TimeLimit to value 600
2026-02-17 22:25:30,303 - gurobipy - INFO - Set parameter MIPGap to value 0.05
2026-02-17 22:25:32,203 - root - INFO - Starting global IQP optimization...
2026-02-17 22:25:32,204 - gurobipy - INFO - Gurobi Optimizer version 11.0.2 build v11.0.2rc0 (linux64 - "Red Hat Enterprise Linux 9.6 (Plow)")
2026-02-17 22:25:32,204 - gurobipy - INFO - 
2026-02-17 22:25:32,204 - gurobipy - INFO - CPU model: Intel(R) Xeon(R) Platinum 8352Y CPU @ 2.20GHz, instruction set [SSE2|AVX|AVX2|AVX512]
2026-02-17 22:25:32,204 - gurobipy - INFO - Thread count: 64 physical cores, 64 logical processors, using up to 32 threads
2026-02-17 22:25:32,205 - gurobipy - INFO - 
2026-02-17 22:25:32,205 - gurobipy - INFO - Optimize a model with 940 rows, 8613 columns and 8460 nonzeros
2026-02-17 22:25:32,205 - gurobipy - INFO - Model fingerprint: 0x055e8a1b
2026-02-17 22:25:32,205 - gurobipy - INFO - Model has 8613 quadratic objective terms
2026-02-17 22:25:32,205 - gurobipy - INFO - Variable types: 0 continuous, 8613 integer (0 binary)
2026-02-17 22:25:32,205 - gurobipy - INFO - Coefficient statistics:
2026-02-17 22:25:32,205 - gurobipy - INFO -   Matrix range     [1e+00, 1e+00]
2026-02-17 22:25:32,205 - gurobipy - INFO -   Objective range  [5e-02, 4e+00]
2026-02-17 22:25:32,205 - gurobipy - INFO -   QObjective range [4e+00, 4e+00]
2026-02-17 22:25:32,205 - gurobipy - INFO -   Bounds range     [1e+00, 2e+01]
2026-02-17 22:25:32,205 - gurobipy - INFO -   RHS range        [1e+00, 2e+01]
2026-02-17 22:25:32,207 - gurobipy - INFO - 
2026-02-17 22:25:32,207 - gurobipy - INFO - Loaded user MIP start with objective 7561.3
2026-02-17 22:25:32,207 - gurobipy - INFO - 
2026-02-17 22:25:43,250 - gurobipy - INFO - Presolve removed 935 rows and 8568 columns (presolve time = 11s) ...
2026-02-17 22:25:43,251 - gurobipy - INFO - Presolve removed 935 rows and 8568 columns
2026-02-17 22:25:43,251 - gurobipy - INFO - Presolve time: 11.04s
2026-02-17 22:25:43,251 - gurobipy - INFO - Presolved: 5 rows, 45 columns, 45 nonzeros
2026-02-17 22:25:43,251 - gurobipy - INFO - Presolved model has 45 quadratic objective terms
2026-02-17 22:25:43,251 - gurobipy - INFO - Found heuristic solution: objective 5409.2283722
2026-02-17 22:25:43,251 - gurobipy - INFO - Variable types: 0 continuous, 45 integer (0 binary)
2026-02-17 22:25:43,252 - gurobipy - INFO - 
2026-02-17 22:25:43,252 - gurobipy - INFO - Explored 0 nodes (0 simplex iterations) in 11.05 seconds (0.22 work units)
2026-02-17 22:25:43,252 - gurobipy - INFO - Thread count was 32 (of 64 available processors)
2026-02-17 22:25:43,252 - gurobipy - INFO - 
2026-02-17 22:25:43,252 - gurobipy - INFO - Solution count 2: 5409.23 7561.3 
2026-02-17 22:25:43,252 - gurobipy - INFO - 
2026-02-17 22:25:43,252 - gurobipy - INFO - Optimal solution found (tolerance 5.00e-02)
2026-02-17 22:25:43,252 - gurobipy - INFO - Best objective 5.409228372164e+03, best bound 5.354778860695e+03, gap 1.0066%
2026-02-17 22:25:43,284 - root - INFO - Global IQP solved: status=2, gap=1.01%, time=11.1s
/ix1/alee/LO_LAB/Personal/Alexander_Chang/alc376/CITEgeist/CITEgeist/model/gurobi_impl.py:3692: RuntimeWarning: invalid value encountered in scalar divide
  loss_change = abs(prev_loss - loss) / max(abs(prev_loss), 1e-10)
2026-02-17 22:25:43,327 - root - INFO -   Loss: 1362.5268 (change: nan)
2026-02-17 22:25:43,327 - root - INFO -   Beta range: [0.304, 0.465]
2026-02-17 22:25:43,327 - root - INFO -   Max beta change: 0.696466
2026-02-17 22:25:43,327 - root - INFO -   Cell count range: [0, 20]
2026-02-17 22:25:43,327 - root - INFO -     B-cells: 457 cells (9.3%)
2026-02-17 22:25:43,327 - root - INFO -     CAFs: 672 cells (13.7%)
2026-02-17 22:25:43,327 - root - INFO -     Cancer Epithelial: 715 cells (14.6%)
2026-02-17 22:25:43,327 - root - INFO -     Endothelial: 509 cells (10.4%)
2026-02-17 22:25:43,327 - root - INFO -     Myeloid: 503 cells (10.3%)
2026-02-17 22:25:43,327 - root - INFO -     Normal Epithelial: 506 cells (10.3%)
2026-02-17 22:25:43,327 - root - INFO -     PVL: 537 cells (11.0%)
2026-02-17 22:25:43,327 - root - INFO -     Plasmablasts: 512 cells (10.5%)
2026-02-17 22:25:43,327 - root - INFO -     T-cells: 481 cells (9.8%)
2026-02-17 22:25:43,327 - root - INFO - 
=== EM Iteration 2/10 ===
2026-02-17 22:25:43,328 - root - INFO - Global IQP: 957 spots x 9 cell types = 8613 integer variables
2026-02-17 22:25:43,328 - root - INFO - Time limit: 600.0s, MIP gap: 5.0%
2026-02-17 22:25:43,328 - gurobipy - INFO - Set parameter TimeLimit to value 600
2026-02-17 22:25:43,328 - gurobipy - INFO - Set parameter MIPGap to value 0.05
2026-02-17 22:25:45,020 - root - INFO - Starting global IQP optimization...
2026-02-17 22:25:45,021 - gurobipy - INFO - Gurobi Optimizer version 11.0.2 build v11.0.2rc0 (linux64 - "Red Hat Enterprise Linux 9.6 (Plow)")
2026-02-17 22:25:45,021 - gurobipy - INFO - 
2026-02-17 22:25:45,021 - gurobipy - INFO - CPU model: Intel(R) Xeon(R) Platinum 8352Y CPU @ 2.20GHz, instruction set [SSE2|AVX|AVX2|AVX512]
2026-02-17 22:25:45,021 - gurobipy - INFO - Thread count: 64 physical cores, 64 logical processors, using up to 32 threads
2026-02-17 22:25:45,022 - gurobipy - INFO - 
2026-02-17 22:25:45,022 - gurobipy - INFO - Optimize a model with 940 rows, 8613 columns and 8460 nonzeros
2026-02-17 22:25:45,022 - gurobipy - INFO - Model fingerprint: 0xa68dae02
2026-02-17 22:25:45,022 - gurobipy - INFO - Model has 8613 quadratic objective terms
2026-02-17 22:25:45,022 - gurobipy - INFO - Variable types: 0 continuous, 8613 integer (0 binary)
2026-02-17 22:25:45,022 - gurobipy - INFO - Coefficient statistics:
2026-02-17 22:25:45,022 - gurobipy - INFO -   Matrix range     [1e+00, 1e+00]
2026-02-17 22:25:45,022 - gurobipy - INFO -   Objective range  [2e-02, 2e+00]
2026-02-17 22:25:45,022 - gurobipy - INFO -   QObjective range [4e-01, 9e-01]
2026-02-17 22:25:45,022 - gurobipy - INFO -   Bounds range     [1e+00, 2e+01]
2026-02-17 22:25:45,023 - gurobipy - INFO -   RHS range        [1e+00, 2e+01]
2026-02-17 22:25:45,023 - gurobipy - INFO - 
2026-02-17 22:25:45,023 - gurobipy - INFO - Loaded user MIP start with objective 1362.53
2026-02-17 22:25:45,023 - gurobipy - INFO - 
2026-02-17 22:25:51,273 - gurobipy - INFO - Presolve removed 939 rows and 8604 columns (presolve time = 6s) ...
2026-02-17 22:25:51,273 - gurobipy - INFO - Presolve removed 939 rows and 8604 columns
2026-02-17 22:25:51,273 - gurobipy - INFO - Presolve time: 6.25s
2026-02-17 22:25:51,273 - gurobipy - INFO - Presolved: 1 rows, 9 columns, 9 nonzeros
2026-02-17 22:25:51,273 - gurobipy - INFO - Presolved model has 9 quadratic objective terms
2026-02-17 22:25:51,274 - gurobipy - INFO - Found heuristic solution: objective 1057.8523621
2026-02-17 22:25:51,274 - gurobipy - INFO - Variable types: 0 continuous, 9 integer (0 binary)
2026-02-17 22:25:51,274 - gurobipy - INFO - 
2026-02-17 22:25:51,274 - gurobipy - INFO - Explored 0 nodes (0 simplex iterations) in 6.25 seconds (0.12 work units)
2026-02-17 22:25:51,274 - gurobipy - INFO - Thread count was 32 (of 64 available processors)
2026-02-17 22:25:51,274 - gurobipy - INFO - 
2026-02-17 22:25:51,274 - gurobipy - INFO - Solution count 2: 1057.85 1362.53 
2026-02-17 22:25:51,274 - gurobipy - INFO - 
2026-02-17 22:25:51,274 - gurobipy - INFO - Optimal solution found (tolerance 5.00e-02)
2026-02-17 22:25:51,275 - gurobipy - INFO - Best objective 1.057852362141e+03, best bound 1.054822655943e+03, gap 0.2864%
2026-02-17 22:25:51,298 - root - INFO - Global IQP solved: status=2, gap=0.29%, time=6.3s
2026-02-17 22:25:51,336 - root - INFO -   Loss: 1046.1839 (change: 0.232174)
2026-02-17 22:25:51,336 - root - INFO -   Beta range: [0.267, 0.437]
2026-02-17 22:25:51,336 - root - INFO -   Max beta change: 0.044211
2026-02-17 22:25:51,336 - root - INFO -   Cell count range: [0, 20]
2026-02-17 22:25:51,336 - root - INFO -     B-cells: 469 cells (9.6%)
2026-02-17 22:25:51,336 - root - INFO -     CAFs: 645 cells (13.2%)
2026-02-17 22:25:51,336 - root - INFO -     Cancer Epithelial: 726 cells (14.8%)
2026-02-17 22:25:51,336 - root - INFO -     Endothelial: 520 cells (10.6%)
2026-02-17 22:25:51,336 - root - INFO -     Myeloid: 496 cells (10.1%)
2026-02-17 22:25:51,336 - root - INFO -     Normal Epithelial: 511 cells (10.4%)
2026-02-17 22:25:51,336 - root - INFO -     PVL: 534 cells (10.9%)
2026-02-17 22:25:51,336 - root - INFO -     Plasmablasts: 517 cells (10.6%)
2026-02-17 22:25:51,336 - root - INFO -     T-cells: 474 cells (9.7%)
2026-02-17 22:25:51,336 - root - INFO - 
=== EM Iteration 3/10 ===
2026-02-17 22:25:51,336 - root - INFO - Global IQP: 957 spots x 9 cell types = 8613 integer variables
2026-02-17 22:25:51,336 - root - INFO - Time limit: 600.0s, MIP gap: 5.0%
2026-02-17 22:25:51,336 - gurobipy - INFO - Set parameter TimeLimit to value 600
2026-02-17 22:25:51,336 - gurobipy - INFO - Set parameter MIPGap to value 0.05
2026-02-17 22:25:53,211 - root - INFO - Starting global IQP optimization...
2026-02-17 22:25:53,212 - gurobipy - INFO - Gurobi Optimizer version 11.0.2 build v11.0.2rc0 (linux64 - "Red Hat Enterprise Linux 9.6 (Plow)")
2026-02-17 22:25:53,212 - gurobipy - INFO - 
2026-02-17 22:25:53,212 - gurobipy - INFO - CPU model: Intel(R) Xeon(R) Platinum 8352Y CPU @ 2.20GHz, instruction set [SSE2|AVX|AVX2|AVX512]
2026-02-17 22:25:53,212 - gurobipy - INFO - Thread count: 64 physical cores, 64 logical processors, using up to 32 threads
2026-02-17 22:25:53,212 - gurobipy - INFO - 
2026-02-17 22:25:53,212 - gurobipy - INFO - Optimize a model with 940 rows, 8613 columns and 8460 nonzeros
2026-02-17 22:25:53,213 - gurobipy - INFO - Model fingerprint: 0x17e29111
2026-02-17 22:25:53,213 - gurobipy - INFO - Model has 8613 quadratic objective terms
2026-02-17 22:25:53,213 - gurobipy - INFO - Variable types: 0 continuous, 8613 integer (0 binary)
2026-02-17 22:25:53,213 - gurobipy - INFO - Coefficient statistics:
2026-02-17 22:25:53,213 - gurobipy - INFO -   Matrix range     [1e+00, 1e+00]
2026-02-17 22:25:53,213 - gurobipy - INFO -   Objective range  [1e-02, 2e+00]
2026-02-17 22:25:53,213 - gurobipy - INFO -   QObjective range [3e-01, 8e-01]
2026-02-17 22:25:53,213 - gurobipy - INFO -   Bounds range     [1e+00, 2e+01]
2026-02-17 22:25:53,213 - gurobipy - INFO -   RHS range        [1e+00, 2e+01]
2026-02-17 22:25:53,213 - gurobipy - INFO - 
2026-02-17 22:25:53,214 - gurobipy - INFO - Loaded user MIP start with objective 1046.18
2026-02-17 22:25:53,214 - gurobipy - INFO - 
2026-02-17 22:25:59,017 - gurobipy - INFO - Presolve removed 939 rows and 8604 columns (presolve time = 6s) ...
2026-02-17 22:25:59,018 - gurobipy - INFO - Presolve removed 939 rows and 8604 columns
2026-02-17 22:25:59,018 - gurobipy - INFO - Presolve time: 5.80s
2026-02-17 22:25:59,018 - gurobipy - INFO - Presolved: 1 rows, 9 columns, 9 nonzeros
2026-02-17 22:25:59,018 - gurobipy - INFO - Presolved model has 9 quadratic objective terms
2026-02-17 22:25:59,018 - gurobipy - INFO - Found heuristic solution: objective 1043.9274217
2026-02-17 22:25:59,018 - gurobipy - INFO - Variable types: 0 continuous, 9 integer (0 binary)
2026-02-17 22:25:59,019 - gurobipy - INFO - 
2026-02-17 22:25:59,019 - gurobipy - INFO - Explored 0 nodes (0 simplex iterations) in 5.81 seconds (0.11 work units)
2026-02-17 22:25:59,019 - gurobipy - INFO - Thread count was 32 (of 64 available processors)
2026-02-17 22:25:59,019 - gurobipy - INFO - 
2026-02-17 22:25:59,019 - gurobipy - INFO - Solution count 2: 1043.93 1046.18 
2026-02-17 22:25:59,019 - gurobipy - INFO - 
2026-02-17 22:25:59,019 - gurobipy - INFO - Optimal solution found (tolerance 5.00e-02)
2026-02-17 22:25:59,019 - gurobipy - INFO - Best objective 1.043927421696e+03, best bound 1.040987075956e+03, gap 0.2817%
2026-02-17 22:25:59,048 - root - INFO - Global IQP solved: status=2, gap=0.28%, time=5.8s
2026-02-17 22:25:59,084 - root - INFO -   Loss: 1040.4944 (change: 0.005438)
2026-02-17 22:25:59,085 - root - INFO -   Beta range: [0.253, 0.426]
2026-02-17 22:25:59,085 - root - INFO -   Max beta change: 0.021675
2026-02-17 22:25:59,085 - root - INFO -   Cell count range: [0, 20]
2026-02-17 22:25:59,085 - root - INFO -     B-cells: 454 cells (9.3%)
2026-02-17 22:25:59,085 - root - INFO -     CAFs: 643 cells (13.1%)
2026-02-17 22:25:59,085 - root - INFO -     Cancer Epithelial: 741 cells (15.1%)
2026-02-17 22:25:59,085 - root - INFO -     Endothelial: 532 cells (10.9%)
2026-02-17 22:25:59,085 - root - INFO -     Myeloid: 486 cells (9.9%)
2026-02-17 22:25:59,085 - root - INFO -     Normal Epithelial: 516 cells (10.5%)
2026-02-17 22:25:59,085 - root - INFO -     PVL: 531 cells (10.9%)
2026-02-17 22:25:59,085 - root - INFO -     Plasmablasts: 525 cells (10.7%)
2026-02-17 22:25:59,085 - root - INFO -     T-cells: 464 cells (9.5%)
2026-02-17 22:25:59,085 - root - INFO - 
=== EM Iteration 4/10 ===
2026-02-17 22:25:59,085 - root - INFO - Global IQP: 957 spots x 9 cell types = 8613 integer variables
2026-02-17 22:25:59,085 - root - INFO - Time limit: 600.0s, MIP gap: 5.0%
2026-02-17 22:25:59,085 - gurobipy - INFO - Set parameter TimeLimit to value 600
2026-02-17 22:25:59,085 - gurobipy - INFO - Set parameter MIPGap to value 0.05
2026-02-17 22:26:01,147 - root - INFO - Starting global IQP optimization...
2026-02-17 22:26:01,148 - gurobipy - INFO - Gurobi Optimizer version 11.0.2 build v11.0.2rc0 (linux64 - "Red Hat Enterprise Linux 9.6 (Plow)")
2026-02-17 22:26:01,148 - gurobipy - INFO - 
2026-02-17 22:26:01,148 - gurobipy - INFO - CPU model: Intel(R) Xeon(R) Platinum 8352Y CPU @ 2.20GHz, instruction set [SSE2|AVX|AVX2|AVX512]
2026-02-17 22:26:01,148 - gurobipy - INFO - Thread count: 64 physical cores, 64 logical processors, using up to 32 threads
2026-02-17 22:26:01,148 - gurobipy - INFO - 
2026-02-17 22:26:01,148 - gurobipy - INFO - Optimize a model with 940 rows, 8613 columns and 8460 nonzeros
2026-02-17 22:26:01,149 - gurobipy - INFO - Model fingerprint: 0xb8432624
2026-02-17 22:26:01,149 - gurobipy - INFO - Model has 8613 quadratic objective terms
2026-02-17 22:26:01,149 - gurobipy - INFO - Variable types: 0 continuous, 8613 integer (0 binary)
2026-02-17 22:26:01,149 - gurobipy - INFO - Coefficient statistics:
2026-02-17 22:26:01,149 - gurobipy - INFO -   Matrix range     [1e+00, 1e+00]
2026-02-17 22:26:01,149 - gurobipy - INFO -   Objective range  [4e-05, 2e+00]
2026-02-17 22:26:01,149 - gurobipy - INFO -   QObjective range [3e-01, 7e-01]
2026-02-17 22:26:01,149 - gurobipy - INFO -   Bounds range     [1e+00, 2e+01]
2026-02-17 22:26:01,149 - gurobipy - INFO -   RHS range        [1e+00, 2e+01]
2026-02-17 22:26:01,149 - gurobipy - INFO - 
2026-02-17 22:26:01,149 - gurobipy - INFO - Loaded user MIP start with objective 1040.49
2026-02-17 22:26:01,149 - gurobipy - INFO - 
2026-02-17 22:26:07,657 - gurobipy - INFO - Presolve removed 939 rows and 8604 columns (presolve time = 7s) ...
2026-02-17 22:26:07,658 - gurobipy - INFO - Presolve removed 939 rows and 8604 columns
2026-02-17 22:26:07,658 - gurobipy - INFO - Presolve time: 6.51s
2026-02-17 22:26:07,658 - gurobipy - INFO - Presolved: 1 rows, 9 columns, 9 nonzeros
2026-02-17 22:26:07,658 - gurobipy - INFO - Presolved model has 9 quadratic objective terms
2026-02-17 22:26:07,659 - gurobipy - INFO - Found heuristic solution: objective 1039.9053586
2026-02-17 22:26:07,659 - gurobipy - INFO - Variable types: 0 continuous, 9 integer (0 binary)
2026-02-17 22:26:07,659 - gurobipy - INFO - 
2026-02-17 22:26:07,659 - gurobipy - INFO - Explored 0 nodes (0 simplex iterations) in 6.51 seconds (0.11 work units)
2026-02-17 22:26:07,659 - gurobipy - INFO - Thread count was 32 (of 64 available processors)
2026-02-17 22:26:07,659 - gurobipy - INFO - 
2026-02-17 22:26:07,659 - gurobipy - INFO - Solution count 2: 1039.91 1040.49 
2026-02-17 22:26:07,659 - gurobipy - INFO - 
2026-02-17 22:26:07,659 - gurobipy - INFO - Optimal solution found (tolerance 5.00e-02)
2026-02-17 22:26:07,659 - gurobipy - INFO - Best objective 1.039905358614e+03, best bound 1.036988158724e+03, gap 0.2805%
2026-02-17 22:26:07,692 - root - INFO - Global IQP solved: status=2, gap=0.28%, time=6.5s
2026-02-17 22:26:07,731 - root - INFO -   Loss: 1035.5935 (change: 0.004710)
2026-02-17 22:26:07,732 - root - INFO -   Beta range: [0.244, 0.413]
2026-02-17 22:26:07,732 - root - INFO -   Max beta change: 0.016700
2026-02-17 22:26:07,732 - root - INFO -   Cell count range: [0, 20]
2026-02-17 22:26:07,732 - root - INFO -     B-cells: 444 cells (9.1%)
2026-02-17 22:26:07,732 - root - INFO -     CAFs: 639 cells (13.1%)
2026-02-17 22:26:07,732 - root - INFO -     Cancer Epithelial: 759 cells (15.5%)
2026-02-17 22:26:07,732 - root - INFO -     Endothelial: 538 cells (11.0%)
2026-02-17 22:26:07,732 - root - INFO -     Myeloid: 476 cells (9.7%)
2026-02-17 22:26:07,732 - root - INFO -     Normal Epithelial: 525 cells (10.7%)
2026-02-17 22:26:07,732 - root - INFO -     PVL: 527 cells (10.8%)
2026-02-17 22:26:07,732 - root - INFO -     Plasmablasts: 529 cells (10.8%)
2026-02-17 22:26:07,732 - root - INFO -     T-cells: 455 cells (9.3%)
2026-02-17 22:26:07,732 - root - INFO - 
=== EM Iteration 5/10 ===
2026-02-17 22:26:07,732 - root - INFO - Global IQP: 957 spots x 9 cell types = 8613 integer variables
2026-02-17 22:26:07,732 - root - INFO - Time limit: 600.0s, MIP gap: 5.0%
2026-02-17 22:26:07,732 - gurobipy - INFO - Set parameter TimeLimit to value 600
2026-02-17 22:26:07,732 - gurobipy - INFO - Set parameter MIPGap to value 0.05
2026-02-17 22:26:09,439 - root - INFO - Starting global IQP optimization...
2026-02-17 22:26:09,439 - gurobipy - INFO - Gurobi Optimizer version 11.0.2 build v11.0.2rc0 (linux64 - "Red Hat Enterprise Linux 9.6 (Plow)")
2026-02-17 22:26:09,440 - gurobipy - INFO - 
2026-02-17 22:26:09,440 - gurobipy - INFO - CPU model: Intel(R) Xeon(R) Platinum 8352Y CPU @ 2.20GHz, instruction set [SSE2|AVX|AVX2|AVX512]
2026-02-17 22:26:09,440 - gurobipy - INFO - Thread count: 64 physical cores, 64 logical processors, using up to 32 threads
2026-02-17 22:26:09,440 - gurobipy - INFO - 
2026-02-17 22:26:09,440 - gurobipy - INFO - Optimize a model with 940 rows, 8613 columns and 8460 nonzeros
2026-02-17 22:26:09,440 - gurobipy - INFO - Model fingerprint: 0xf9d4e92e
2026-02-17 22:26:09,440 - gurobipy - INFO - Model has 8613 quadratic objective terms
2026-02-17 22:26:09,440 - gurobipy - INFO - Variable types: 0 continuous, 8613 integer (0 binary)
2026-02-17 22:26:09,441 - gurobipy - INFO - Coefficient statistics:
2026-02-17 22:26:09,441 - gurobipy - INFO -   Matrix range     [1e+00, 1e+00]
2026-02-17 22:26:09,441 - gurobipy - INFO -   Objective range  [2e-03, 2e+00]
2026-02-17 22:26:09,441 - gurobipy - INFO -   QObjective range [3e-01, 7e-01]
2026-02-17 22:26:09,441 - gurobipy - INFO -   Bounds range     [1e+00, 2e+01]
2026-02-17 22:26:09,441 - gurobipy - INFO -   RHS range        [1e+00, 2e+01]
2026-02-17 22:26:09,441 - gurobipy - INFO - 
2026-02-17 22:26:09,441 - gurobipy - INFO - Loaded user MIP start with objective 1035.59
2026-02-17 22:26:09,441 - gurobipy - INFO - 
2026-02-17 22:26:16,137 - gurobipy - INFO - Presolve removed 939 rows and 8604 columns (presolve time = 7s) ...
2026-02-17 22:26:16,138 - gurobipy - INFO - Presolve removed 939 rows and 8604 columns
2026-02-17 22:26:16,138 - gurobipy - INFO - Presolve time: 6.70s
2026-02-17 22:26:16,138 - gurobipy - INFO - Presolved: 1 rows, 9 columns, 9 nonzeros
2026-02-17 22:26:16,138 - gurobipy - INFO - Presolved model has 9 quadratic objective terms
2026-02-17 22:26:16,139 - gurobipy - INFO - Found heuristic solution: objective 1035.1159737
2026-02-17 22:26:16,139 - gurobipy - INFO - Variable types: 0 continuous, 9 integer (0 binary)
2026-02-17 22:26:16,139 - gurobipy - INFO - 
2026-02-17 22:26:16,139 - gurobipy - INFO - Explored 0 nodes (0 simplex iterations) in 6.70 seconds (0.11 work units)
2026-02-17 22:26:16,139 - gurobipy - INFO - Thread count was 32 (of 64 available processors)
2026-02-17 22:26:16,139 - gurobipy - INFO - 
2026-02-17 22:26:16,139 - gurobipy - INFO - Solution count 2: 1035.12 1035.59 
2026-02-17 22:26:16,139 - gurobipy - INFO - 
2026-02-17 22:26:16,139 - gurobipy - INFO - Optimal solution found (tolerance 5.00e-02)
2026-02-17 22:26:16,139 - gurobipy - INFO - Best objective 1.035115973666e+03, best bound 1.032207295107e+03, gap 0.2810%
2026-02-17 22:26:16,166 - root - INFO - Global IQP solved: status=2, gap=0.28%, time=6.7s
2026-02-17 22:26:16,223 - root - INFO -   Loss: 1031.7500 (change: 0.003711)
2026-02-17 22:26:16,223 - root - INFO -   Beta range: [0.235, 0.406]
2026-02-17 22:26:16,223 - root - INFO -   Max beta change: 0.012845
2026-02-17 22:26:16,223 - root - INFO -   Cell count range: [0, 20]
2026-02-17 22:26:16,224 - root - INFO -     B-cells: 428 cells (8.7%)
2026-02-17 22:26:16,224 - root - INFO -     CAFs: 631 cells (12.9%)
2026-02-17 22:26:16,224 - root - INFO -     Cancer Epithelial: 769 cells (15.7%)
2026-02-17 22:26:16,224 - root - INFO -     Endothelial: 553 cells (11.3%)
2026-02-17 22:26:16,224 - root - INFO -     Myeloid: 466 cells (9.5%)
2026-02-17 22:26:16,224 - root - INFO -     Normal Epithelial: 534 cells (10.9%)
2026-02-17 22:26:16,224 - root - INFO -     PVL: 527 cells (10.8%)
2026-02-17 22:26:16,224 - root - INFO -     Plasmablasts: 534 cells (10.9%)
2026-02-17 22:26:16,224 - root - INFO -     T-cells: 450 cells (9.2%)
2026-02-17 22:26:16,224 - root - INFO - 
=== EM Iteration 6/10 ===
2026-02-17 22:26:16,224 - root - INFO - Global IQP: 957 spots x 9 cell types = 8613 integer variables
2026-02-17 22:26:16,224 - root - INFO - Time limit: 600.0s, MIP gap: 5.0%
2026-02-17 22:26:16,224 - gurobipy - INFO - Set parameter TimeLimit to value 600
2026-02-17 22:26:16,224 - gurobipy - INFO - Set parameter MIPGap to value 0.05
2026-02-17 22:26:18,095 - root - INFO - Starting global IQP optimization...
2026-02-17 22:26:18,096 - gurobipy - INFO - Gurobi Optimizer version 11.0.2 build v11.0.2rc0 (linux64 - "Red Hat Enterprise Linux 9.6 (Plow)")
2026-02-17 22:26:18,096 - gurobipy - INFO - 
2026-02-17 22:26:18,096 - gurobipy - INFO - CPU model: Intel(R) Xeon(R) Platinum 8352Y CPU @ 2.20GHz, instruction set [SSE2|AVX|AVX2|AVX512]
2026-02-17 22:26:18,096 - gurobipy - INFO - Thread count: 64 physical cores, 64 logical processors, using up to 32 threads
2026-02-17 22:26:18,096 - gurobipy - INFO - 
2026-02-17 22:26:18,097 - gurobipy - INFO - Optimize a model with 940 rows, 8613 columns and 8460 nonzeros
2026-02-17 22:26:18,097 - gurobipy - INFO - Model fingerprint: 0xc4c1d417
2026-02-17 22:26:18,097 - gurobipy - INFO - Model has 8613 quadratic objective terms
2026-02-17 22:26:18,097 - gurobipy - INFO - Variable types: 0 continuous, 8613 integer (0 binary)
2026-02-17 22:26:18,097 - gurobipy - INFO - Coefficient statistics:
2026-02-17 22:26:18,097 - gurobipy - INFO -   Matrix range     [1e+00, 1e+00]
2026-02-17 22:26:18,097 - gurobipy - INFO -   Objective range  [5e-03, 2e+00]
2026-02-17 22:26:18,097 - gurobipy - INFO -   QObjective range [3e-01, 7e-01]
2026-02-17 22:26:18,097 - gurobipy - INFO -   Bounds range     [1e+00, 2e+01]
2026-02-17 22:26:18,097 - gurobipy - INFO -   RHS range        [1e+00, 2e+01]
2026-02-17 22:26:18,097 - gurobipy - INFO - 
2026-02-17 22:26:18,098 - gurobipy - INFO - Loaded user MIP start with objective 1031.75
2026-02-17 22:26:18,098 - gurobipy - INFO - 
2026-02-17 22:26:24,623 - gurobipy - INFO - Presolve removed 939 rows and 8604 columns (presolve time = 7s) ...
2026-02-17 22:26:24,624 - gurobipy - INFO - Presolve removed 939 rows and 8604 columns
2026-02-17 22:26:24,624 - gurobipy - INFO - Presolve time: 6.53s
2026-02-17 22:26:24,624 - gurobipy - INFO - Presolved: 1 rows, 9 columns, 9 nonzeros
2026-02-17 22:26:24,624 - gurobipy - INFO - Presolved model has 9 quadratic objective terms
2026-02-17 22:26:24,624 - gurobipy - INFO - Found heuristic solution: objective 1031.2305262
2026-02-17 22:26:24,624 - gurobipy - INFO - Variable types: 0 continuous, 9 integer (0 binary)
2026-02-17 22:26:24,625 - gurobipy - INFO - 
2026-02-17 22:26:24,625 - gurobipy - INFO - Explored 0 nodes (0 simplex iterations) in 6.53 seconds (0.11 work units)
2026-02-17 22:26:24,625 - gurobipy - INFO - Thread count was 32 (of 64 available processors)
2026-02-17 22:26:24,625 - gurobipy - INFO - 
2026-02-17 22:26:24,625 - gurobipy - INFO - Solution count 2: 1031.23 1031.75 
2026-02-17 22:26:24,625 - gurobipy - INFO - 
2026-02-17 22:26:24,625 - gurobipy - INFO - Optimal solution found (tolerance 5.00e-02)
2026-02-17 22:26:24,625 - gurobipy - INFO - Best objective 1.031230526209e+03, best bound 1.028326291388e+03, gap 0.2816%
2026-02-17 22:26:24,651 - root - INFO - Global IQP solved: status=2, gap=0.28%, time=6.5s
2026-02-17 22:26:24,695 - root - INFO -   Loss: 1027.7854 (change: 0.003843)
2026-02-17 22:26:24,695 - root - INFO -   Beta range: [0.227, 0.406]
2026-02-17 22:26:24,695 - root - INFO -   Max beta change: 0.013341
2026-02-17 22:26:24,695 - root - INFO -   Cell count range: [0, 20]
2026-02-17 22:26:24,695 - root - INFO -     B-cells: 420 cells (8.6%)
2026-02-17 22:26:24,695 - root - INFO -     CAFs: 623 cells (12.7%)
2026-02-17 22:26:24,695 - root - INFO -     Cancer Epithelial: 774 cells (15.8%)
2026-02-17 22:26:24,695 - root - INFO -     Endothelial: 568 cells (11.6%)
2026-02-17 22:26:24,695 - root - INFO -     Myeloid: 451 cells (9.2%)
2026-02-17 22:26:24,695 - root - INFO -     Normal Epithelial: 535 cells (10.9%)
2026-02-17 22:26:24,695 - root - INFO -     PVL: 533 cells (10.9%)
2026-02-17 22:26:24,695 - root - INFO -     Plasmablasts: 542 cells (11.1%)
2026-02-17 22:26:24,695 - root - INFO -     T-cells: 446 cells (9.1%)
2026-02-17 22:26:24,695 - root - INFO - 
=== EM Iteration 7/10 ===
2026-02-17 22:26:24,695 - root - INFO - Global IQP: 957 spots x 9 cell types = 8613 integer variables
2026-02-17 22:26:24,695 - root - INFO - Time limit: 600.0s, MIP gap: 5.0%
2026-02-17 22:26:24,696 - gurobipy - INFO - Set parameter TimeLimit to value 600
2026-02-17 22:26:24,696 - gurobipy - INFO - Set parameter MIPGap to value 0.05
2026-02-17 22:26:26,577 - root - INFO - Starting global IQP optimization...
2026-02-17 22:26:26,578 - gurobipy - INFO - Gurobi Optimizer version 11.0.2 build v11.0.2rc0 (linux64 - "Red Hat Enterprise Linux 9.6 (Plow)")
2026-02-17 22:26:26,578 - gurobipy - INFO - 
2026-02-17 22:26:26,578 - gurobipy - INFO - CPU model: Intel(R) Xeon(R) Platinum 8352Y CPU @ 2.20GHz, instruction set [SSE2|AVX|AVX2|AVX512]
2026-02-17 22:26:26,578 - gurobipy - INFO - Thread count: 64 physical cores, 64 logical processors, using up to 32 threads
2026-02-17 22:26:26,578 - gurobipy - INFO - 
2026-02-17 22:26:26,578 - gurobipy - INFO - Optimize a model with 940 rows, 8613 columns and 8460 nonzeros
2026-02-17 22:26:26,579 - gurobipy - INFO - Model fingerprint: 0x722aeb37
2026-02-17 22:26:26,579 - gurobipy - INFO - Model has 8613 quadratic objective terms
2026-02-17 22:26:26,579 - gurobipy - INFO - Variable types: 0 continuous, 8613 integer (0 binary)
2026-02-17 22:26:26,579 - gurobipy - INFO - Coefficient statistics:
2026-02-17 22:26:26,579 - gurobipy - INFO -   Matrix range     [1e+00, 1e+00]
2026-02-17 22:26:26,579 - gurobipy - INFO -   Objective range  [2e-03, 2e+00]
2026-02-17 22:26:26,579 - gurobipy - INFO -   QObjective range [3e-01, 6e-01]
2026-02-17 22:26:26,579 - gurobipy - INFO -   Bounds range     [1e+00, 2e+01]
2026-02-17 22:26:26,579 - gurobipy - INFO -   RHS range        [1e+00, 2e+01]
2026-02-17 22:26:26,579 - gurobipy - INFO - 
2026-02-17 22:26:26,580 - gurobipy - INFO - Loaded user MIP start with objective 1027.79
2026-02-17 22:26:26,580 - gurobipy - INFO - 
2026-02-17 22:26:32,348 - gurobipy - INFO - Presolve removed 939 rows and 8604 columns (presolve time = 6s) ...
2026-02-17 22:26:32,349 - gurobipy - INFO - Presolve removed 939 rows and 8604 columns
2026-02-17 22:26:32,349 - gurobipy - INFO - Presolve time: 5.77s
2026-02-17 22:26:32,349 - gurobipy - INFO - Presolved: 1 rows, 9 columns, 9 nonzeros
2026-02-17 22:26:32,349 - gurobipy - INFO - Presolved model has 9 quadratic objective terms
2026-02-17 22:26:32,349 - gurobipy - INFO - Found heuristic solution: objective 1027.2955153
2026-02-17 22:26:32,349 - gurobipy - INFO - Variable types: 0 continuous, 9 integer (0 binary)
2026-02-17 22:26:32,350 - gurobipy - INFO - 
2026-02-17 22:26:32,350 - gurobipy - INFO - Explored 0 nodes (0 simplex iterations) in 5.77 seconds (0.11 work units)
2026-02-17 22:26:32,350 - gurobipy - INFO - Thread count was 32 (of 64 available processors)
2026-02-17 22:26:32,350 - gurobipy - INFO - 
2026-02-17 22:26:32,350 - gurobipy - INFO - Solution count 2: 1027.3 1027.79 
2026-02-17 22:26:32,350 - gurobipy - INFO - 
2026-02-17 22:26:32,350 - gurobipy - INFO - Optimal solution found (tolerance 5.00e-02)
2026-02-17 22:26:32,350 - gurobipy - INFO - Best objective 1.027295515312e+03, best bound 1.024417262163e+03, gap 0.2802%
2026-02-17 22:26:32,384 - root - INFO - Global IQP solved: status=2, gap=0.28%, time=5.8s
2026-02-17 22:26:32,443 - root - INFO -   Loss: 1017.1710 (change: 0.010327)
2026-02-17 22:26:32,443 - root - INFO -   Beta range: [0.221, 0.407]
2026-02-17 22:26:32,443 - root - INFO -   Max beta change: 0.012834
2026-02-17 22:26:32,443 - root - INFO -   Cell count range: [0, 20]
2026-02-17 22:26:32,443 - root - INFO -     B-cells: 421 cells (8.6%)
2026-02-17 22:26:32,443 - root - INFO -     CAFs: 617 cells (12.6%)
2026-02-17 22:26:32,443 - root - INFO -     Cancer Epithelial: 775 cells (15.8%)
2026-02-17 22:26:32,443 - root - INFO -     Endothelial: 586 cells (12.0%)
2026-02-17 22:26:32,443 - root - INFO -     Myeloid: 428 cells (8.7%)
2026-02-17 22:26:32,443 - root - INFO -     Normal Epithelial: 534 cells (10.9%)
2026-02-17 22:26:32,444 - root - INFO -     PVL: 538 cells (11.0%)
2026-02-17 22:26:32,444 - root - INFO -     Plasmablasts: 550 cells (11.2%)
2026-02-17 22:26:32,444 - root - INFO -     T-cells: 443 cells (9.1%)
2026-02-17 22:26:32,444 - root - INFO - 
=== EM Iteration 8/10 ===
2026-02-17 22:26:32,444 - root - INFO - Global IQP: 957 spots x 9 cell types = 8613 integer variables
2026-02-17 22:26:32,444 - root - INFO - Time limit: 600.0s, MIP gap: 5.0%
2026-02-17 22:26:32,444 - gurobipy - INFO - Set parameter TimeLimit to value 600
2026-02-17 22:26:32,444 - gurobipy - INFO - Set parameter MIPGap to value 0.05
2026-02-17 22:26:34,315 - root - INFO - Starting global IQP optimization...
2026-02-17 22:26:34,316 - gurobipy - INFO - Gurobi Optimizer version 11.0.2 build v11.0.2rc0 (linux64 - "Red Hat Enterprise Linux 9.6 (Plow)")
2026-02-17 22:26:34,316 - gurobipy - INFO - 
2026-02-17 22:26:34,316 - gurobipy - INFO - CPU model: Intel(R) Xeon(R) Platinum 8352Y CPU @ 2.20GHz, instruction set [SSE2|AVX|AVX2|AVX512]
2026-02-17 22:26:34,316 - gurobipy - INFO - Thread count: 64 physical cores, 64 logical processors, using up to 32 threads
2026-02-17 22:26:34,316 - gurobipy - INFO - 
2026-02-17 22:26:34,316 - gurobipy - INFO - Optimize a model with 940 rows, 8613 columns and 8460 nonzeros
2026-02-17 22:26:34,317 - gurobipy - INFO - Model fingerprint: 0xd1242971
2026-02-17 22:26:34,317 - gurobipy - INFO - Model has 8613 quadratic objective terms
2026-02-17 22:26:34,317 - gurobipy - INFO - Variable types: 0 continuous, 8613 integer (0 binary)
2026-02-17 22:26:34,317 - gurobipy - INFO - Coefficient statistics:
2026-02-17 22:26:34,317 - gurobipy - INFO -   Matrix range     [1e+00, 1e+00]
2026-02-17 22:26:34,317 - gurobipy - INFO -   Objective range  [1e-04, 2e+00]
2026-02-17 22:26:34,317 - gurobipy - INFO -   QObjective range [3e-01, 6e-01]
2026-02-17 22:26:34,317 - gurobipy - INFO -   Bounds range     [1e+00, 2e+01]
2026-02-17 22:26:34,317 - gurobipy - INFO -   RHS range        [1e+00, 2e+01]
2026-02-17 22:26:34,317 - gurobipy - INFO - 
2026-02-17 22:26:34,318 - gurobipy - INFO - Loaded user MIP start with objective 1017.17
2026-02-17 22:26:34,318 - gurobipy - INFO - 
2026-02-17 22:26:40,224 - gurobipy - INFO - Presolve removed 939 rows and 8604 columns (presolve time = 6s) ...
2026-02-17 22:26:40,224 - gurobipy - INFO - Presolve removed 939 rows and 8604 columns
2026-02-17 22:26:40,224 - gurobipy - INFO - Presolve time: 5.91s
2026-02-17 22:26:40,224 - gurobipy - INFO - Presolved: 1 rows, 9 columns, 9 nonzeros
2026-02-17 22:26:40,224 - gurobipy - INFO - Presolved model has 9 quadratic objective terms
2026-02-17 22:26:40,225 - gurobipy - INFO - Found heuristic solution: objective 1016.2567701
2026-02-17 22:26:40,225 - gurobipy - INFO - Variable types: 0 continuous, 9 integer (0 binary)
2026-02-17 22:26:40,225 - gurobipy - INFO - 
2026-02-17 22:26:40,225 - gurobipy - INFO - Explored 0 nodes (0 simplex iterations) in 5.91 seconds (0.10 work units)
2026-02-17 22:26:40,226 - gurobipy - INFO - Thread count was 32 (of 64 available processors)
2026-02-17 22:26:40,226 - gurobipy - INFO - 
2026-02-17 22:26:40,226 - gurobipy - INFO - Solution count 2: 1016.26 1017.17 
2026-02-17 22:26:40,226 - gurobipy - INFO - 
2026-02-17 22:26:40,226 - gurobipy - INFO - Optimal solution found (tolerance 5.00e-02)
2026-02-17 22:26:40,226 - gurobipy - INFO - Best objective 1.016256770057e+03, best bound 1.013425698068e+03, gap 0.2786%
2026-02-17 22:26:40,253 - root - INFO - Global IQP solved: status=2, gap=0.28%, time=5.9s
2026-02-17 22:26:40,295 - root - INFO -   Loss: 1010.2577 (change: 0.006797)
2026-02-17 22:26:40,295 - root - INFO -   Beta range: [0.214, 0.408]
2026-02-17 22:26:40,296 - root - INFO -   Max beta change: 0.010569
2026-02-17 22:26:40,296 - root - INFO -   Cell count range: [0, 20]
2026-02-17 22:26:40,296 - root - INFO -     B-cells: 421 cells (8.6%)
2026-02-17 22:26:40,296 - root - INFO -     CAFs: 613 cells (12.5%)
2026-02-17 22:26:40,296 - root - INFO -     Cancer Epithelial: 779 cells (15.9%)
2026-02-17 22:26:40,296 - root - INFO -     Endothelial: 602 cells (12.3%)
2026-02-17 22:26:40,296 - root - INFO -     Myeloid: 397 cells (8.1%)
2026-02-17 22:26:40,296 - root - INFO -     Normal Epithelial: 542 cells (11.1%)
2026-02-17 22:26:40,296 - root - INFO -     PVL: 546 cells (11.2%)
2026-02-17 22:26:40,296 - root - INFO -     Plasmablasts: 552 cells (11.3%)
2026-02-17 22:26:40,296 - root - INFO -     T-cells: 440 cells (9.0%)
2026-02-17 22:26:40,296 - root - INFO - 
=== EM Iteration 9/10 ===
2026-02-17 22:26:40,296 - root - INFO - Global IQP: 957 spots x 9 cell types = 8613 integer variables
2026-02-17 22:26:40,296 - root - INFO - Time limit: 600.0s, MIP gap: 5.0%
2026-02-17 22:26:40,296 - gurobipy - INFO - Set parameter TimeLimit to value 600
2026-02-17 22:26:40,296 - gurobipy - INFO - Set parameter MIPGap to value 0.05
2026-02-17 22:26:42,187 - root - INFO - Starting global IQP optimization...
2026-02-17 22:26:42,188 - gurobipy - INFO - Gurobi Optimizer version 11.0.2 build v11.0.2rc0 (linux64 - "Red Hat Enterprise Linux 9.6 (Plow)")
2026-02-17 22:26:42,188 - gurobipy - INFO - 
2026-02-17 22:26:42,188 - gurobipy - INFO - CPU model: Intel(R) Xeon(R) Platinum 8352Y CPU @ 2.20GHz, instruction set [SSE2|AVX|AVX2|AVX512]
2026-02-17 22:26:42,188 - gurobipy - INFO - Thread count: 64 physical cores, 64 logical processors, using up to 32 threads
2026-02-17 22:26:42,188 - gurobipy - INFO - 
2026-02-17 22:26:42,188 - gurobipy - INFO - Optimize a model with 940 rows, 8613 columns and 8460 nonzeros
2026-02-17 22:26:42,189 - gurobipy - INFO - Model fingerprint: 0x85709856
2026-02-17 22:26:42,189 - gurobipy - INFO - Model has 8613 quadratic objective terms
2026-02-17 22:26:42,189 - gurobipy - INFO - Variable types: 0 continuous, 8613 integer (0 binary)
2026-02-17 22:26:42,189 - gurobipy - INFO - Coefficient statistics:
2026-02-17 22:26:42,189 - gurobipy - INFO -   Matrix range     [1e+00, 1e+00]
2026-02-17 22:26:42,189 - gurobipy - INFO -   Objective range  [7e-05, 1e+00]
2026-02-17 22:26:42,189 - gurobipy - INFO -   QObjective range [3e-01, 6e-01]
2026-02-17 22:26:42,189 - gurobipy - INFO -   Bounds range     [1e+00, 2e+01]
2026-02-17 22:26:42,189 - gurobipy - INFO -   RHS range        [1e+00, 2e+01]
2026-02-17 22:26:42,189 - gurobipy - INFO - 
2026-02-17 22:26:42,190 - gurobipy - INFO - Loaded user MIP start with objective 1010.26
2026-02-17 22:26:42,190 - gurobipy - INFO - 
2026-02-17 22:26:48,421 - gurobipy - INFO - Presolve removed 939 rows and 8604 columns (presolve time = 6s) ...
2026-02-17 22:26:48,421 - gurobipy - INFO - Presolve removed 939 rows and 8604 columns
2026-02-17 22:26:48,421 - gurobipy - INFO - Presolve time: 6.23s
2026-02-17 22:26:48,422 - gurobipy - INFO - Presolved: 1 rows, 9 columns, 9 nonzeros
2026-02-17 22:26:48,422 - gurobipy - INFO - Presolved model has 9 quadratic objective terms
2026-02-17 22:26:48,422 - gurobipy - INFO - Found heuristic solution: objective 1009.6989772
2026-02-17 22:26:48,422 - gurobipy - INFO - Variable types: 0 continuous, 9 integer (0 binary)
2026-02-17 22:26:48,423 - gurobipy - INFO - 
2026-02-17 22:26:48,423 - gurobipy - INFO - Explored 0 nodes (0 simplex iterations) in 6.23 seconds (0.10 work units)
2026-02-17 22:26:48,423 - gurobipy - INFO - Thread count was 32 (of 64 available processors)
2026-02-17 22:26:48,423 - gurobipy - INFO - 
2026-02-17 22:26:48,423 - gurobipy - INFO - Solution count 2: 1009.7 1010.26 
2026-02-17 22:26:48,423 - gurobipy - INFO - 
2026-02-17 22:26:48,423 - gurobipy - INFO - Optimal solution found (tolerance 5.00e-02)
2026-02-17 22:26:48,423 - gurobipy - INFO - Best objective 1.009698977203e+03, best bound 1.006897922125e+03, gap 0.2774%
2026-02-17 22:26:48,450 - root - INFO - Global IQP solved: status=2, gap=0.28%, time=6.2s
2026-02-17 22:26:48,505 - root - INFO -   Loss: 1003.9898 (change: 0.006204)
2026-02-17 22:26:48,506 - root - INFO -   Beta range: [0.210, 0.406]
2026-02-17 22:26:48,506 - root - INFO -   Max beta change: 0.016952
2026-02-17 22:26:48,506 - root - INFO -   Cell count range: [0, 20]
2026-02-17 22:26:48,506 - root - INFO -     B-cells: 423 cells (8.6%)
2026-02-17 22:26:48,506 - root - INFO -     CAFs: 613 cells (12.5%)
2026-02-17 22:26:48,506 - root - INFO -     Cancer Epithelial: 777 cells (15.9%)
2026-02-17 22:26:48,506 - root - INFO -     Endothelial: 615 cells (12.6%)
2026-02-17 22:26:48,506 - root - INFO -     Myeloid: 370 cells (7.6%)
2026-02-17 22:26:48,506 - root - INFO -     Normal Epithelial: 546 cells (11.2%)
2026-02-17 22:26:48,506 - root - INFO -     PVL: 553 cells (11.3%)
2026-02-17 22:26:48,506 - root - INFO -     Plasmablasts: 559 cells (11.4%)
2026-02-17 22:26:48,506 - root - INFO -     T-cells: 436 cells (8.9%)
2026-02-17 22:26:48,506 - root - INFO - 
=== EM Iteration 10/10 ===
2026-02-17 22:26:48,506 - root - INFO - Global IQP: 957 spots x 9 cell types = 8613 integer variables
2026-02-17 22:26:48,506 - root - INFO - Time limit: 600.0s, MIP gap: 5.0%
2026-02-17 22:26:48,506 - gurobipy - INFO - Set parameter TimeLimit to value 600
2026-02-17 22:26:48,506 - gurobipy - INFO - Set parameter MIPGap to value 0.05
2026-02-17 22:26:50,397 - root - INFO - Starting global IQP optimization...
2026-02-17 22:26:50,397 - gurobipy - INFO - Gurobi Optimizer version 11.0.2 build v11.0.2rc0 (linux64 - "Red Hat Enterprise Linux 9.6 (Plow)")
2026-02-17 22:26:50,397 - gurobipy - INFO - 
2026-02-17 22:26:50,397 - gurobipy - INFO - CPU model: Intel(R) Xeon(R) Platinum 8352Y CPU @ 2.20GHz, instruction set [SSE2|AVX|AVX2|AVX512]
2026-02-17 22:26:50,398 - gurobipy - INFO - Thread count: 64 physical cores, 64 logical processors, using up to 32 threads
2026-02-17 22:26:50,398 - gurobipy - INFO - 
2026-02-17 22:26:50,398 - gurobipy - INFO - Optimize a model with 940 rows, 8613 columns and 8460 nonzeros
2026-02-17 22:26:50,398 - gurobipy - INFO - Model fingerprint: 0xd228136a
2026-02-17 22:26:50,398 - gurobipy - INFO - Model has 8613 quadratic objective terms
2026-02-17 22:26:50,398 - gurobipy - INFO - Variable types: 0 continuous, 8613 integer (0 binary)
2026-02-17 22:26:50,398 - gurobipy - INFO - Coefficient statistics:
2026-02-17 22:26:50,398 - gurobipy - INFO -   Matrix range     [1e+00, 1e+00]
2026-02-17 22:26:50,398 - gurobipy - INFO -   Objective range  [2e-03, 1e+00]
2026-02-17 22:26:50,398 - gurobipy - INFO -   QObjective range [3e-01, 6e-01]
2026-02-17 22:26:50,398 - gurobipy - INFO -   Bounds range     [1e+00, 2e+01]
2026-02-17 22:26:50,399 - gurobipy - INFO -   RHS range        [1e+00, 2e+01]
2026-02-17 22:26:50,399 - gurobipy - INFO - 
2026-02-17 22:26:50,399 - gurobipy - INFO - Loaded user MIP start with objective 1003.99
2026-02-17 22:26:50,399 - gurobipy - INFO - 
2026-02-17 22:26:56,499 - gurobipy - INFO - Presolve removed 939 rows and 8604 columns (presolve time = 6s) ...
2026-02-17 22:26:56,500 - gurobipy - INFO - Presolve removed 939 rows and 8604 columns
2026-02-17 22:26:56,500 - gurobipy - INFO - Presolve time: 6.10s
2026-02-17 22:26:56,500 - gurobipy - INFO - Presolved: 1 rows, 9 columns, 9 nonzeros
2026-02-17 22:26:56,500 - gurobipy - INFO - Presolved model has 9 quadratic objective terms
2026-02-17 22:26:56,500 - gurobipy - INFO - Found heuristic solution: objective 1003.1943534
2026-02-17 22:26:56,501 - gurobipy - INFO - Variable types: 0 continuous, 9 integer (0 binary)
2026-02-17 22:26:56,501 - gurobipy - INFO - 
2026-02-17 22:26:56,501 - gurobipy - INFO - Explored 0 nodes (0 simplex iterations) in 6.10 seconds (0.10 work units)
2026-02-17 22:26:56,501 - gurobipy - INFO - Thread count was 32 (of 64 available processors)
2026-02-17 22:26:56,501 - gurobipy - INFO - 
2026-02-17 22:26:56,501 - gurobipy - INFO - Solution count 2: 1003.19 1003.99 
2026-02-17 22:26:56,501 - gurobipy - INFO - 
2026-02-17 22:26:56,501 - gurobipy - INFO - Optimal solution found (tolerance 5.00e-02)
2026-02-17 22:26:56,501 - gurobipy - INFO - Best objective 1.003194353406e+03, best bound 1.000411674950e+03, gap 0.2774%
2026-02-17 22:26:56,529 - root - INFO - Global IQP solved: status=2, gap=0.28%, time=6.1s
2026-02-17 22:26:56,587 - root - INFO -   Loss: 1001.5660 (change: 0.002414)
2026-02-17 22:26:56,587 - root - INFO -   Beta range: [0.207, 0.405]
2026-02-17 22:26:56,587 - root - INFO -   Max beta change: 0.008389
2026-02-17 22:26:56,587 - root - INFO -   Cell count range: [0, 20]
2026-02-17 22:26:56,587 - root - INFO -     B-cells: 423 cells (8.6%)
2026-02-17 22:26:56,587 - root - INFO -     CAFs: 618 cells (12.6%)
2026-02-17 22:26:56,587 - root - INFO -     Cancer Epithelial: 778 cells (15.9%)
2026-02-17 22:26:56,587 - root - INFO -     Endothelial: 625 cells (12.8%)
2026-02-17 22:26:56,587 - root - INFO -     Myeloid: 341 cells (7.0%)
2026-02-17 22:26:56,587 - root - INFO -     Normal Epithelial: 555 cells (11.3%)
2026-02-17 22:26:56,587 - root - INFO -     PVL: 554 cells (11.3%)
2026-02-17 22:26:56,587 - root - INFO -     Plasmablasts: 562 cells (11.5%)
2026-02-17 22:26:56,587 - root - INFO -     T-cells: 436 cells (8.9%)
2026-02-17 22:26:56,587 - root - INFO - 
Final beta values:
2026-02-17 22:26:56,587 - root - INFO -   B-cells_Protein_1: β=0.328, α=0.000
2026-02-17 22:26:56,587 - root - INFO -   B-cells_Protein_2: β=0.310, α=0.000
2026-02-17 22:26:56,587 - root - INFO -   CAFs_Protein_1: β=0.328, α=0.115
2026-02-17 22:26:56,587 - root - INFO -   CAFs_Protein_2: β=0.405, α=0.000
2026-02-17 22:26:56,587 - root - INFO -   Cancer Epithelial_Protein_1: β=0.379, α=0.017
2026-02-17 22:26:56,587 - root - INFO -   Cancer Epithelial_Protein_2: β=0.351, α=0.073
2026-02-17 22:26:56,587 - root - INFO -   Endothelial_Protein_1: β=0.284, α=0.000
2026-02-17 22:26:56,587 - root - INFO -   Endothelial_Protein_2: β=0.207, α=0.000
2026-02-17 22:26:56,587 - root - INFO -   Myeloid_Protein_1: β=0.364, α=0.136
2026-02-17 22:26:56,587 - root - INFO -   Myeloid_Protein_2: β=0.374, α=0.110
2026-02-17 22:26:56,587 - root - INFO -   Normal Epithelial_Protein_1: β=0.277, α=0.000
2026-02-17 22:26:56,587 - root - INFO -   Normal Epithelial_Protein_2: β=0.257, α=0.000
2026-02-17 22:26:56,587 - root - INFO -   PVL_Protein_1: β=0.311, α=0.000
2026-02-17 22:26:56,588 - root - INFO -   PVL_Protein_2: β=0.304, α=0.000
2026-02-17 22:26:56,588 - root - INFO -   Plasmablasts_Protein_1: β=0.287, α=0.000
2026-02-17 22:26:56,588 - root - INFO -   Plasmablasts_Protein_2: β=0.295, α=0.000
2026-02-17 22:26:56,588 - root - INFO -   T-cells_Protein_1: β=0.366, α=0.000
2026-02-17 22:26:56,588 - root - INFO -   T-cells_Protein_2: β=0.347, α=0.053
2026-02-17 22:26:56,598 - root - INFO - Saved discrete cell counts to Benchmarking/simulation_benchmarking/CITEgeist/output_discrete_global/mixed/dapi/mixed/dapi/Wu_rep_2/Wu_rep_2_discrete_cell_counts.csv
2026-02-17 22:26:56,606 - root - INFO - Saved derived proportions to Benchmarking/simulation_benchmarking/CITEgeist/output_discrete_global/mixed/dapi/mixed/dapi/Wu_rep_2/Wu_rep_2_cell_prop_discrete.csv
2026-02-17 22:26:56,606 - root - INFO - Cell type distribution:
2026-02-17 22:26:56,606 - root - INFO -   B-cells: 423 cells (8.6%)
2026-02-17 22:26:56,606 - root - INFO -   CAFs: 618 cells (12.6%)
2026-02-17 22:26:56,606 - root - INFO -   Cancer Epithelial: 778 cells (15.9%)
2026-02-17 22:26:56,606 - root - INFO -   Endothelial: 625 cells (12.8%)
2026-02-17 22:26:56,606 - root - INFO -   Myeloid: 341 cells (7.0%)
2026-02-17 22:26:56,606 - root - INFO -   Normal Epithelial: 555 cells (11.3%)
2026-02-17 22:26:56,606 - root - INFO -   PVL: 554 cells (11.3%)
2026-02-17 22:26:56,606 - root - INFO -   Plasmablasts: 562 cells (11.5%)
2026-02-17 22:26:56,606 - root - INFO -   T-cells: 436 cells (8.9%)
2026-02-17 22:26:56,613 - __main__ - INFO - Loaded ground truth proportions: 957 spots, 9 cell types
2026-02-17 22:26:56,616 - __main__ - INFO - Proportion correlation: 0.471
2026-02-17 22:26:56,616 - __main__ - INFO - Proportion RMSE: 0.1930
2026-02-17 22:26:56,616 - __main__ - INFO - Running GEX deconvolution...
2026-02-17 22:26:56,617 - CITEgeist.model.utils - INFO - Detected spot spacing: 1.61 units (median of 957 nearest-neighbor distances)
2026-02-17 22:26:56,618 - CITEgeist.model.utils - INFO - Computed optimal radius: 4.92 (3.0 rings, spot_spacing=1.61)
2026-02-17 22:26:56,618 - root - INFO - Auto-detected radius: 4.92 (3 rings)
2026-02-17 22:26:56,618 - root - INFO - Starting Pass 1: Error minimization with enrichment weights...
2026-02-17 22:26:56,618 - root - INFO - Using discrete mode: cell counts as fixed multipliers
2026-02-17 22:26:56,618 - root - WARNING - Found 17 spots with zero cells. These will be skipped in deconvolution.
2026-02-17 22:26:56,618 - root - WARNING - Found 17 spots with zero or negligible total cell proportions. Deconvolution for these spots may fail and their profiles will be imputed as zeros. Example spot indices: [33 39 44 81 98]
2026-02-17 22:26:56,619 - root - INFO - Starting analysis for Wu_rep_2
2026-02-17 22:26:56,619 - root - INFO - Already completed spots: 0
2026-02-17 22:26:56,619 - root - INFO - Using enrichment weights - Global: 0.5, Local: 0.5
2026-02-17 22:26:56,619 - root - INFO - Using 64 workers
2026-02-17 22:26:56,619 - root - INFO - Processing 957 remaining spots
Deconvoluting Remaining Spots:   0%|          | 0/957 [00:00<?, ?it/s]Deconvoluting Remaining Spots:   0%|          | 1/957 [00:08<2:14:30,  8.44s/it]Deconvoluting Remaining Spots:   0%|          | 2/957 [00:08<1:00:25,  3.80s/it]Deconvoluting Remaining Spots:   0%|          | 3/957 [00:09<36:57,  2.32s/it]  Deconvoluting Remaining Spots:   0%|          | 4/957 [00:10<26:08,  1.65s/it]Deconvoluting Remaining Spots:   1%|          | 5/957 [00:10<20:46,  1.31s/it]Deconvoluting Remaining Spots:   1%|          | 6/957 [00:11<17:37,  1.11s/it]Deconvoluting Remaining Spots:   1%|          | 7/957 [00:12<14:53,  1.06it/s]Deconvoluting Remaining Spots:   1%|          | 8/957 [00:12<12:41,  1.25it/s]Deconvoluting Remaining Spots:   1%|          | 9/957 [00:13<11:41,  1.35it/s]Deconvoluting Remaining Spots:   1%|          | 10/957 [00:13<11:23,  1.39it/s]Deconvoluting Remaining Spots:   1%|          | 11/957 [00:14<10:39,  1.48it/s]Deconvoluting Remaining Spots:   1%|▏         | 12/957 [00:15<10:27,  1.51it/s]Deconvoluting Remaining Spots:   1%|▏         | 13/957 [00:15<10:21,  1.52it/s]Deconvoluting Remaining Spots:   1%|▏         | 14/957 [00:16<10:08,  1.55it/s]Deconvoluting Remaining Spots:   2%|▏         | 15/957 [00:17<09:58,  1.57it/s]Deconvoluting Remaining Spots:   2%|▏         | 16/957 [00:17<10:02,  1.56it/s]Deconvoluting Remaining Spots:   2%|▏         | 17/957 [00:18<09:45,  1.60it/s]Deconvoluting Remaining Spots:   2%|▏         | 18/957 [00:18<09:47,  1.60it/s]Deconvoluting Remaining Spots:   2%|▏         | 19/957 [00:19<10:26,  1.50it/s]Deconvoluting Remaining Spots:   2%|▏         | 20/957 [00:20<09:56,  1.57it/s]Deconvoluting Remaining Spots:   2%|▏         | 21/957 [00:21<10:52,  1.43it/s]Deconvoluting Remaining Spots:   2%|▏         | 22/957 [00:21<09:49,  1.58it/s]Deconvoluting Remaining Spots:   2%|▏         | 23/957 [00:22<09:50,  1.58it/s]Deconvoluting Remaining Spots:   3%|▎         | 24/957 [00:22<09:57,  1.56it/s]Deconvoluting Remaining Spots:   3%|▎         | 25/957 [00:23<09:32,  1.63it/s]Deconvoluting Remaining Spots:   3%|▎         | 26/957 [00:24<09:36,  1.61it/s]Deconvoluting Remaining Spots:   3%|▎         | 27/957 [00:24<09:28,  1.64it/s]Deconvoluting Remaining Spots:   3%|▎         | 28/957 [00:25<09:27,  1.64it/s]Deconvoluting Remaining Spots:   3%|▎         | 29/957 [00:25<09:38,  1.60it/s]Deconvoluting Remaining Spots:   3%|▎         | 30/957 [00:26<09:32,  1.62it/s]Deconvoluting Remaining Spots:   3%|▎         | 31/957 [00:27<09:35,  1.61it/s]Deconvoluting Remaining Spots:   3%|▎         | 32/957 [00:27<09:23,  1.64it/s]Deconvoluting Remaining Spots:   3%|▎         | 33/957 [00:28<09:37,  1.60it/s]Deconvoluting Remaining Spots:   4%|▎         | 34/957 [00:29<09:39,  1.59it/s]Deconvoluting Remaining Spots:   4%|▎         | 35/957 [00:29<10:24,  1.48it/s]Deconvoluting Remaining Spots:   4%|▍         | 36/957 [00:30<10:02,  1.53it/s]Deconvoluting Remaining Spots:   4%|▍         | 37/957 [00:31<09:57,  1.54it/s]Deconvoluting Remaining Spots:   4%|▍         | 38/957 [00:31<09:36,  1.59it/s]Deconvoluting Remaining Spots:   4%|▍         | 39/957 [00:32<09:09,  1.67it/s]Deconvoluting Remaining Spots:   4%|▍         | 40/957 [00:32<09:19,  1.64it/s]Deconvoluting Remaining Spots:   4%|▍         | 41/957 [00:33<09:19,  1.64it/s]Deconvoluting Remaining Spots:   4%|▍         | 42/957 [00:34<09:19,  1.63it/s]Deconvoluting Remaining Spots:   4%|▍         | 43/957 [00:34<09:14,  1.65it/s]Deconvoluting Remaining Spots:   5%|▍         | 44/957 [00:35<09:20,  1.63it/s]Deconvoluting Remaining Spots:   5%|▍         | 45/957 [00:35<09:33,  1.59it/s]Deconvoluting Remaining Spots:   5%|▍         | 46/957 [00:36<10:12,  1.49it/s]Deconvoluting Remaining Spots:   5%|▍         | 47/957 [00:37<09:36,  1.58it/s]Deconvoluting Remaining Spots:   5%|▌         | 48/957 [00:37<09:53,  1.53it/s]Deconvoluting Remaining Spots:   5%|▌         | 49/957 [00:38<09:11,  1.65it/s]Deconvoluting Remaining Spots:   5%|▌         | 50/957 [00:39<09:26,  1.60it/s]Deconvoluting Remaining Spots:   5%|▌         | 51/957 [00:39<09:19,  1.62it/s]Deconvoluting Remaining Spots:   5%|▌         | 52/957 [00:40<09:28,  1.59it/s]Deconvoluting Remaining Spots:   6%|▌         | 53/957 [00:40<09:32,  1.58it/s]Deconvoluting Remaining Spots:   6%|▌         | 54/957 [00:41<09:55,  1.52it/s]Deconvoluting Remaining Spots:   6%|▌         | 55/957 [00:42<10:14,  1.47it/s]Deconvoluting Remaining Spots:   6%|▌         | 56/957 [00:42<09:12,  1.63it/s]Deconvoluting Remaining Spots:   6%|▌         | 57/957 [00:43<09:16,  1.62it/s]Deconvoluting Remaining Spots:   6%|▌         | 58/957 [00:44<09:07,  1.64it/s]Deconvoluting Remaining Spots:   6%|▌         | 59/957 [00:44<09:39,  1.55it/s]Deconvoluting Remaining Spots:   6%|▋         | 60/957 [00:45<11:07,  1.34it/s]Deconvoluting Remaining Spots:   6%|▋         | 61/957 [00:46<08:41,  1.72it/s]Deconvoluting Remaining Spots:   6%|▋         | 62/957 [00:46<08:53,  1.68it/s]Deconvoluting Remaining Spots:   7%|▋         | 63/957 [00:47<08:59,  1.66it/s]Deconvoluting Remaining Spots:   7%|▋         | 64/957 [00:47<09:24,  1.58it/s]Deconvoluting Remaining Spots:   7%|▋         | 65/957 [00:48<08:08,  1.83it/s]Deconvoluting Remaining Spots:   7%|▋         | 66/957 [00:49<09:04,  1.64it/s]Deconvoluting Remaining Spots:   7%|▋         | 67/957 [00:49<09:13,  1.61it/s]Deconvoluting Remaining Spots:   7%|▋         | 68/957 [00:50<10:46,  1.38it/s]Deconvoluting Remaining Spots:   7%|▋         | 70/957 [00:51<08:38,  1.71it/s]Deconvoluting Remaining Spots:   8%|▊         | 72/957 [00:51<06:13,  2.37it/s]Deconvoluting Remaining Spots:   8%|▊         | 73/957 [00:52<07:05,  2.08it/s]Deconvoluting Remaining Spots:   8%|▊         | 74/957 [00:53<08:54,  1.65it/s]Deconvoluting Remaining Spots:   8%|▊         | 76/957 [00:54<06:58,  2.11it/s]Deconvoluting Remaining Spots:   8%|▊         | 77/957 [00:54<07:46,  1.88it/s]Deconvoluting Remaining Spots:   8%|▊         | 78/957 [00:55<06:59,  2.09it/s]Deconvoluting Remaining Spots:   8%|▊         | 79/957 [00:55<07:08,  2.05it/s]Deconvoluting Remaining Spots:   8%|▊         | 80/957 [00:56<08:00,  1.83it/s]Deconvoluting Remaining Spots:   8%|▊         | 81/957 [00:56<07:38,  1.91it/s]Deconvoluting Remaining Spots:   9%|▊         | 82/957 [00:57<08:32,  1.71it/s]Deconvoluting Remaining Spots:   9%|▊         | 83/957 [00:58<09:06,  1.60it/s]Deconvoluting Remaining Spots:   9%|▉         | 84/957 [00:58<07:36,  1.91it/s]Deconvoluting Remaining Spots:   9%|▉         | 85/957 [00:59<07:40,  1.89it/s]Deconvoluting Remaining Spots:   9%|▉         | 86/957 [00:59<08:54,  1.63it/s]Deconvoluting Remaining Spots:   9%|▉         | 87/957 [01:00<08:28,  1.71it/s]Deconvoluting Remaining Spots:   9%|▉         | 88/957 [01:01<08:38,  1.68it/s]Deconvoluting Remaining Spots:   9%|▉         | 89/957 [01:01<06:39,  2.17it/s]Deconvoluting Remaining Spots:   9%|▉         | 90/957 [01:01<07:51,  1.84it/s]Deconvoluting Remaining Spots:  10%|▉         | 91/957 [01:02<07:44,  1.87it/s]Deconvoluting Remaining Spots:  10%|▉         | 92/957 [01:02<07:20,  1.96it/s]Deconvoluting Remaining Spots:  10%|▉         | 93/957 [01:03<07:22,  1.95it/s]Deconvoluting Remaining Spots:  10%|▉         | 94/957 [01:03<06:28,  2.22it/s]Deconvoluting Remaining Spots:  10%|▉         | 95/957 [01:04<08:11,  1.75it/s]Deconvoluting Remaining Spots:  10%|█         | 96/957 [01:05<08:45,  1.64it/s]Deconvoluting Remaining Spots:  10%|█         | 97/957 [01:06<09:56,  1.44it/s]Deconvoluting Remaining Spots:  10%|█         | 98/957 [01:06<09:36,  1.49it/s]Deconvoluting Remaining Spots:  10%|█         | 99/957 [01:07<09:43,  1.47it/s]Deconvoluting Remaining Spots:  10%|█         | 100/957 [01:07<07:45,  1.84it/s]2026-02-17 22:28:07,462 - root - INFO - Saved checkpoint after 100 completed spots
Deconvoluting Remaining Spots:  11%|█         | 101/957 [01:09<14:12,  1.00it/s]Deconvoluting Remaining Spots:  11%|█         | 104/957 [01:10<07:07,  2.00it/s]Deconvoluting Remaining Spots:  11%|█         | 105/957 [01:10<07:13,  1.97it/s]Deconvoluting Remaining Spots:  11%|█         | 106/957 [01:11<07:44,  1.83it/s]Deconvoluting Remaining Spots:  11%|█         | 107/957 [01:11<07:37,  1.86it/s]Deconvoluting Remaining Spots:  11%|█▏        | 108/957 [01:12<06:46,  2.09it/s]Deconvoluting Remaining Spots:  11%|█▏        | 109/957 [01:13<09:49,  1.44it/s]Deconvoluting Remaining Spots:  11%|█▏        | 110/957 [01:13<07:52,  1.79it/s]Deconvoluting Remaining Spots:  12%|█▏        | 111/957 [01:14<08:16,  1.71it/s]Deconvoluting Remaining Spots:  12%|█▏        | 112/957 [01:14<08:26,  1.67it/s]Deconvoluting Remaining Spots:  12%|█▏        | 113/957 [01:15<07:46,  1.81it/s]Deconvoluting Remaining Spots:  12%|█▏        | 114/957 [01:15<07:23,  1.90it/s]Deconvoluting Remaining Spots:  12%|█▏        | 115/957 [01:16<07:35,  1.85it/s]Deconvoluting Remaining Spots:  12%|█▏        | 116/957 [01:17<07:54,  1.77it/s]Deconvoluting Remaining Spots:  12%|█▏        | 117/957 [01:17<07:37,  1.84it/s]Deconvoluting Remaining Spots:  12%|█▏        | 118/957 [01:17<06:57,  2.01it/s]Deconvoluting Remaining Spots:  12%|█▏        | 119/957 [01:18<07:00,  1.99it/s]Deconvoluting Remaining Spots:  13%|█▎        | 120/957 [01:19<07:26,  1.87it/s]Deconvoluting Remaining Spots:  13%|█▎        | 121/957 [01:19<08:24,  1.66it/s]Deconvoluting Remaining Spots:  13%|█▎        | 122/957 [01:20<08:57,  1.55it/s]Deconvoluting Remaining Spots:  13%|█▎        | 123/957 [01:21<08:19,  1.67it/s]Deconvoluting Remaining Spots:  13%|█▎        | 124/957 [01:21<07:11,  1.93it/s]Deconvoluting Remaining Spots:  13%|█▎        | 125/957 [01:22<07:45,  1.79it/s]Deconvoluting Remaining Spots:  13%|█▎        | 126/957 [01:22<07:36,  1.82it/s]Deconvoluting Remaining Spots:  13%|█▎        | 127/957 [01:23<07:32,  1.83it/s]Deconvoluting Remaining Spots:  13%|█▎        | 128/957 [01:23<08:13,  1.68it/s]Deconvoluting Remaining Spots:  13%|█▎        | 129/957 [01:24<08:14,  1.67it/s]Deconvoluting Remaining Spots:  14%|█▎        | 130/957 [01:25<08:39,  1.59it/s]Deconvoluting Remaining Spots:  14%|█▎        | 131/957 [01:25<09:28,  1.45it/s]Deconvoluting Remaining Spots:  14%|█▍        | 132/957 [01:26<08:14,  1.67it/s]Deconvoluting Remaining Spots:  14%|█▍        | 133/957 [01:26<07:09,  1.92it/s]Deconvoluting Remaining Spots:  14%|█▍        | 134/957 [01:27<07:16,  1.89it/s]Deconvoluting Remaining Spots:  14%|█▍        | 135/957 [01:27<07:42,  1.78it/s]Deconvoluting Remaining Spots:  14%|█▍        | 136/957 [01:28<08:05,  1.69it/s]Deconvoluting Remaining Spots:  14%|█▍        | 137/957 [01:28<06:58,  1.96it/s]Deconvoluting Remaining Spots:  14%|█▍        | 138/957 [01:29<06:24,  2.13it/s]Deconvoluting Remaining Spots:  15%|█▍        | 139/957 [01:29<07:30,  1.82it/s]Deconvoluting Remaining Spots:  15%|█▍        | 140/957 [01:30<06:43,  2.02it/s]Deconvoluting Remaining Spots:  15%|█▍        | 141/957 [01:30<07:09,  1.90it/s]Deconvoluting Remaining Spots:  15%|█▍        | 142/957 [01:31<07:07,  1.91it/s]Deconvoluting Remaining Spots:  15%|█▍        | 143/957 [01:32<07:48,  1.74it/s]Deconvoluting Remaining Spots:  15%|█▌        | 144/957 [01:32<07:41,  1.76it/s]Deconvoluting Remaining Spots:  15%|█▌        | 145/957 [01:32<06:30,  2.08it/s]Deconvoluting Remaining Spots:  15%|█▌        | 146/957 [01:33<06:46,  1.99it/s]Deconvoluting Remaining Spots:  15%|█▌        | 147/957 [01:34<08:13,  1.64it/s]Deconvoluting Remaining Spots:  15%|█▌        | 148/957 [01:34<08:11,  1.65it/s]Deconvoluting Remaining Spots:  16%|█▌        | 149/957 [01:36<10:03,  1.34it/s]Deconvoluting Remaining Spots:  16%|█▌        | 151/957 [01:36<07:56,  1.69it/s]Deconvoluting Remaining Spots:  16%|█▌        | 152/957 [01:37<07:40,  1.75it/s]Deconvoluting Remaining Spots:  16%|█▌        | 153/957 [01:37<07:29,  1.79it/s]Deconvoluting Remaining Spots:  16%|█▌        | 154/957 [01:38<07:22,  1.81it/s]Deconvoluting Remaining Spots:  16%|█▌        | 155/957 [01:38<07:12,  1.85it/s]Deconvoluting Remaining Spots:  16%|█▋        | 156/957 [01:39<08:03,  1.66it/s]Deconvoluting Remaining Spots:  16%|█▋        | 157/957 [01:40<09:16,  1.44it/s]Deconvoluting Remaining Spots:  17%|█▋        | 158/957 [01:40<07:28,  1.78it/s]Deconvoluting Remaining Spots:  17%|█▋        | 159/957 [01:41<07:35,  1.75it/s]Deconvoluting Remaining Spots:  17%|█▋        | 160/957 [01:41<07:10,  1.85it/s]Deconvoluting Remaining Spots:  17%|█▋        | 161/957 [01:42<08:24,  1.58it/s]Deconvoluting Remaining Spots:  17%|█▋        | 162/957 [01:43<07:55,  1.67it/s]Deconvoluting Remaining Spots:  17%|█▋        | 163/957 [01:43<07:37,  1.74it/s]Deconvoluting Remaining Spots:  17%|█▋        | 164/957 [01:44<07:37,  1.73it/s]Deconvoluting Remaining Spots:  17%|█▋        | 165/957 [01:44<06:15,  2.11it/s]Deconvoluting Remaining Spots:  17%|█▋        | 166/957 [01:45<06:55,  1.90it/s]Deconvoluting Remaining Spots:  17%|█▋        | 167/957 [01:45<07:06,  1.85it/s]Deconvoluting Remaining Spots:  18%|█▊        | 168/957 [01:46<08:32,  1.54it/s]Deconvoluting Remaining Spots:  18%|█▊        | 169/957 [01:46<06:23,  2.05it/s]Deconvoluting Remaining Spots:  18%|█▊        | 170/957 [01:47<06:43,  1.95it/s]Deconvoluting Remaining Spots:  18%|█▊        | 171/957 [01:48<06:56,  1.89it/s]Deconvoluting Remaining Spots:  18%|█▊        | 172/957 [01:48<06:48,  1.92it/s]Deconvoluting Remaining Spots:  18%|█▊        | 173/957 [01:49<07:03,  1.85it/s]Deconvoluting Remaining Spots:  18%|█▊        | 174/957 [01:49<06:38,  1.96it/s]Deconvoluting Remaining Spots:  18%|█▊        | 175/957 [01:49<06:05,  2.14it/s]Deconvoluting Remaining Spots:  18%|█▊        | 176/957 [01:50<06:55,  1.88it/s]Deconvoluting Remaining Spots:  18%|█▊        | 177/957 [01:51<06:26,  2.02it/s]Deconvoluting Remaining Spots:  19%|█▊        | 178/957 [01:51<07:31,  1.72it/s]Deconvoluting Remaining Spots:  19%|█▊        | 179/957 [01:52<06:52,  1.89it/s]Deconvoluting Remaining Spots:  19%|█▉        | 180/957 [01:52<07:44,  1.67it/s]Deconvoluting Remaining Spots:  19%|█▉        | 181/957 [01:53<08:17,  1.56it/s]Deconvoluting Remaining Spots:  19%|█▉        | 182/957 [01:53<06:16,  2.06it/s]Deconvoluting Remaining Spots:  19%|█▉        | 183/957 [01:54<06:40,  1.93it/s]Deconvoluting Remaining Spots:  19%|█▉        | 184/957 [01:55<07:23,  1.74it/s]Deconvoluting Remaining Spots:  19%|█▉        | 185/957 [01:55<07:11,  1.79it/s]Deconvoluting Remaining Spots:  19%|█▉        | 186/957 [01:55<06:21,  2.02it/s]Deconvoluting Remaining Spots:  20%|█▉        | 187/957 [01:56<07:08,  1.80it/s]Deconvoluting Remaining Spots:  20%|█▉        | 188/957 [01:57<07:19,  1.75it/s]Deconvoluting Remaining Spots:  20%|█▉        | 189/957 [01:57<07:17,  1.76it/s]Deconvoluting Remaining Spots:  20%|█▉        | 190/957 [01:58<06:33,  1.95it/s]Deconvoluting Remaining Spots:  20%|█▉        | 191/957 [01:58<06:05,  2.10it/s]Deconvoluting Remaining Spots:  20%|██        | 192/957 [01:59<08:43,  1.46it/s]Deconvoluting Remaining Spots:  20%|██        | 194/957 [02:00<06:22,  2.00it/s]Deconvoluting Remaining Spots:  20%|██        | 195/957 [02:00<06:15,  2.03it/s]Deconvoluting Remaining Spots:  20%|██        | 196/957 [02:01<07:43,  1.64it/s]Deconvoluting Remaining Spots:  21%|██        | 198/957 [02:03<07:58,  1.59it/s]Deconvoluting Remaining Spots:  21%|██        | 200/957 [02:03<06:06,  2.07it/s]2026-02-17 22:29:05,279 - root - INFO - Saved checkpoint after 200 completed spots
Deconvoluting Remaining Spots:  21%|██        | 201/957 [02:07<15:40,  1.24s/it]Deconvoluting Remaining Spots:  22%|██▏       | 208/957 [02:07<05:22,  2.33it/s]Deconvoluting Remaining Spots:  22%|██▏       | 209/957 [02:08<06:02,  2.06it/s]Deconvoluting Remaining Spots:  22%|██▏       | 210/957 [02:09<05:30,  2.26it/s]Deconvoluting Remaining Spots:  22%|██▏       | 211/957 [02:09<05:43,  2.17it/s]Deconvoluting Remaining Spots:  22%|██▏       | 212/957 [02:10<06:26,  1.93it/s]Deconvoluting Remaining Spots:  22%|██▏       | 213/957 [02:10<05:47,  2.14it/s]Deconvoluting Remaining Spots:  22%|██▏       | 214/957 [02:11<06:23,  1.94it/s]Deconvoluting Remaining Spots:  22%|██▏       | 215/957 [02:11<06:09,  2.01it/s]Deconvoluting Remaining Spots:  23%|██▎       | 216/957 [02:12<06:01,  2.05it/s]Deconvoluting Remaining Spots:  23%|██▎       | 217/957 [02:12<06:38,  1.85it/s]Deconvoluting Remaining Spots:  23%|██▎       | 218/957 [02:13<08:26,  1.46it/s]Deconvoluting Remaining Spots:  23%|██▎       | 219/957 [02:14<07:01,  1.75it/s]Deconvoluting Remaining Spots:  23%|██▎       | 220/957 [02:14<06:28,  1.90it/s]Deconvoluting Remaining Spots:  23%|██▎       | 221/957 [02:15<06:35,  1.86it/s]Deconvoluting Remaining Spots:  23%|██▎       | 222/957 [02:15<06:56,  1.76it/s]Deconvoluting Remaining Spots:  23%|██▎       | 223/957 [02:16<07:41,  1.59it/s]Deconvoluting Remaining Spots:  23%|██▎       | 224/957 [02:17<07:52,  1.55it/s]Deconvoluting Remaining Spots:  24%|██▎       | 225/957 [02:17<06:22,  1.91it/s]Deconvoluting Remaining Spots:  24%|██▎       | 226/957 [02:18<06:20,  1.92it/s]Deconvoluting Remaining Spots:  24%|██▎       | 227/957 [02:18<06:49,  1.78it/s]Deconvoluting Remaining Spots:  24%|██▍       | 228/957 [02:19<05:59,  2.03it/s]Deconvoluting Remaining Spots:  24%|██▍       | 229/957 [02:19<06:32,  1.85it/s]Deconvoluting Remaining Spots:  24%|██▍       | 230/957 [02:20<06:20,  1.91it/s]Deconvoluting Remaining Spots:  24%|██▍       | 231/957 [02:20<06:14,  1.94it/s]Deconvoluting Remaining Spots:  24%|██▍       | 232/957 [02:21<08:30,  1.42it/s]Deconvoluting Remaining Spots:  24%|██▍       | 233/957 [02:21<06:29,  1.86it/s]Deconvoluting Remaining Spots:  24%|██▍       | 234/957 [02:22<05:37,  2.15it/s]Deconvoluting Remaining Spots:  25%|██▍       | 235/957 [02:22<05:15,  2.29it/s]Deconvoluting Remaining Spots:  25%|██▍       | 236/957 [02:23<05:18,  2.26it/s]Deconvoluting Remaining Spots:  25%|██▍       | 237/957 [02:23<06:03,  1.98it/s]Deconvoluting Remaining Spots:  25%|██▍       | 238/957 [02:24<06:51,  1.75it/s]Deconvoluting Remaining Spots:  25%|██▍       | 239/957 [02:25<06:51,  1.75it/s]Deconvoluting Remaining Spots:  25%|██▌       | 240/957 [02:25<06:00,  1.99it/s]Deconvoluting Remaining Spots:  25%|██▌       | 241/957 [02:25<05:48,  2.06it/s]Deconvoluting Remaining Spots:  25%|██▌       | 242/957 [02:26<07:52,  1.51it/s]Deconvoluting Remaining Spots:  25%|██▌       | 243/957 [02:27<06:44,  1.76it/s]Deconvoluting Remaining Spots:  25%|██▌       | 244/957 [02:28<07:26,  1.60it/s]Deconvoluting Remaining Spots:  26%|██▌       | 245/957 [02:28<05:38,  2.10it/s]Deconvoluting Remaining Spots:  26%|██▌       | 246/957 [02:28<05:09,  2.30it/s]Deconvoluting Remaining Spots:  26%|██▌       | 247/957 [02:29<06:05,  1.94it/s]Deconvoluting Remaining Spots:  26%|██▌       | 248/957 [02:29<05:07,  2.31it/s]Deconvoluting Remaining Spots:  26%|██▌       | 249/957 [02:30<06:13,  1.90it/s]Deconvoluting Remaining Spots:  26%|██▌       | 250/957 [02:30<05:58,  1.97it/s]Deconvoluting Remaining Spots:  26%|██▌       | 251/957 [02:31<06:08,  1.91it/s]Deconvoluting Remaining Spots:  26%|██▋       | 252/957 [02:31<05:38,  2.08it/s]Deconvoluting Remaining Spots:  26%|██▋       | 253/957 [02:32<07:21,  1.60it/s]Deconvoluting Remaining Spots:  27%|██▋       | 254/957 [02:32<05:59,  1.95it/s]Deconvoluting Remaining Spots:  27%|██▋       | 255/957 [02:33<07:09,  1.63it/s]Deconvoluting Remaining Spots:  27%|██▋       | 256/957 [02:34<08:10,  1.43it/s]Deconvoluting Remaining Spots:  27%|██▋       | 257/957 [02:34<06:31,  1.79it/s]Deconvoluting Remaining Spots:  27%|██▋       | 258/957 [02:34<05:09,  2.26it/s]Deconvoluting Remaining Spots:  27%|██▋       | 259/957 [02:35<07:08,  1.63it/s]Deconvoluting Remaining Spots:  27%|██▋       | 260/957 [02:36<06:56,  1.68it/s]Deconvoluting Remaining Spots:  27%|██▋       | 261/957 [02:36<05:47,  2.00it/s]Deconvoluting Remaining Spots:  27%|██▋       | 262/957 [02:37<05:33,  2.09it/s]Deconvoluting Remaining Spots:  27%|██▋       | 263/957 [02:37<05:56,  1.95it/s]Deconvoluting Remaining Spots:  28%|██▊       | 264/957 [02:38<05:59,  1.93it/s]Deconvoluting Remaining Spots:  28%|██▊       | 265/957 [02:38<05:47,  1.99it/s]Deconvoluting Remaining Spots:  28%|██▊       | 266/957 [02:39<05:35,  2.06it/s]Deconvoluting Remaining Spots:  28%|██▊       | 267/957 [02:39<05:36,  2.05it/s]Deconvoluting Remaining Spots:  28%|██▊       | 268/957 [02:40<06:06,  1.88it/s]Deconvoluting Remaining Spots:  28%|██▊       | 269/957 [02:40<05:06,  2.25it/s]Deconvoluting Remaining Spots:  28%|██▊       | 270/957 [02:41<06:09,  1.86it/s]Deconvoluting Remaining Spots:  28%|██▊       | 271/957 [02:42<07:01,  1.63it/s]Deconvoluting Remaining Spots:  28%|██▊       | 272/957 [02:42<07:03,  1.62it/s]Deconvoluting Remaining Spots:  29%|██▊       | 273/957 [02:43<07:17,  1.56it/s]Deconvoluting Remaining Spots:  29%|██▊       | 274/957 [02:43<06:02,  1.88it/s]Deconvoluting Remaining Spots:  29%|██▊       | 275/957 [02:44<06:11,  1.84it/s]Deconvoluting Remaining Spots:  29%|██▉       | 276/957 [02:44<06:11,  1.84it/s]Deconvoluting Remaining Spots:  29%|██▉       | 277/957 [02:45<06:38,  1.71it/s]Deconvoluting Remaining Spots:  29%|██▉       | 278/957 [02:46<06:44,  1.68it/s]Deconvoluting Remaining Spots:  29%|██▉       | 279/957 [02:46<05:46,  1.96it/s]Deconvoluting Remaining Spots:  29%|██▉       | 280/957 [02:47<05:50,  1.93it/s]Deconvoluting Remaining Spots:  29%|██▉       | 281/957 [02:47<06:23,  1.76it/s]Deconvoluting Remaining Spots:  29%|██▉       | 282/957 [02:48<05:46,  1.95it/s]Deconvoluting Remaining Spots:  30%|██▉       | 283/957 [02:48<05:41,  1.97it/s]Deconvoluting Remaining Spots:  30%|██▉       | 284/957 [02:49<05:38,  1.99it/s]Deconvoluting Remaining Spots:  30%|██▉       | 285/957 [02:49<06:26,  1.74it/s]Deconvoluting Remaining Spots:  30%|██▉       | 286/957 [02:50<06:10,  1.81it/s]Deconvoluting Remaining Spots:  30%|██▉       | 287/957 [02:51<06:41,  1.67it/s]Deconvoluting Remaining Spots:  30%|███       | 288/957 [02:51<05:54,  1.88it/s]Deconvoluting Remaining Spots:  30%|███       | 289/957 [02:51<05:23,  2.06it/s]Deconvoluting Remaining Spots:  30%|███       | 290/957 [02:52<07:13,  1.54it/s]Deconvoluting Remaining Spots:  31%|███       | 292/957 [02:53<05:19,  2.08it/s]Deconvoluting Remaining Spots:  31%|███       | 293/957 [02:53<05:28,  2.02it/s]Deconvoluting Remaining Spots:  31%|███       | 294/957 [02:54<05:54,  1.87it/s]Deconvoluting Remaining Spots:  31%|███       | 295/957 [02:55<06:28,  1.71it/s]Deconvoluting Remaining Spots:  31%|███       | 296/957 [02:55<05:10,  2.13it/s]Deconvoluting Remaining Spots:  31%|███       | 297/957 [02:55<05:11,  2.12it/s]Deconvoluting Remaining Spots:  31%|███       | 298/957 [02:56<05:20,  2.05it/s]Deconvoluting Remaining Spots:  31%|███       | 299/957 [02:56<05:27,  2.01it/s]Deconvoluting Remaining Spots:  31%|███▏      | 300/957 [02:57<05:45,  1.90it/s]2026-02-17 22:30:01,319 - root - INFO - Saved checkpoint after 300 completed spots
Deconvoluting Remaining Spots:  31%|███▏      | 301/957 [03:03<23:47,  2.18s/it]Deconvoluting Remaining Spots:  32%|███▏      | 311/957 [03:04<04:47,  2.25it/s]Deconvoluting Remaining Spots:  33%|███▎      | 313/957 [03:04<04:25,  2.43it/s]Deconvoluting Remaining Spots:  33%|███▎      | 314/957 [03:05<04:51,  2.21it/s]Deconvoluting Remaining Spots:  33%|███▎      | 315/957 [03:05<04:45,  2.25it/s]Deconvoluting Remaining Spots:  33%|███▎      | 316/957 [03:06<05:06,  2.09it/s]Deconvoluting Remaining Spots:  33%|███▎      | 317/957 [03:06<04:57,  2.15it/s]Deconvoluting Remaining Spots:  33%|███▎      | 318/957 [03:07<05:42,  1.87it/s]Deconvoluting Remaining Spots:  33%|███▎      | 319/957 [03:08<05:48,  1.83it/s]Deconvoluting Remaining Spots:  33%|███▎      | 320/957 [03:08<06:09,  1.72it/s]Deconvoluting Remaining Spots:  34%|███▎      | 321/957 [03:09<05:43,  1.85it/s]Deconvoluting Remaining Spots:  34%|███▎      | 322/957 [03:10<06:37,  1.60it/s]Deconvoluting Remaining Spots:  34%|███▍      | 323/957 [03:10<06:30,  1.62it/s]Deconvoluting Remaining Spots:  34%|███▍      | 324/957 [03:11<06:42,  1.57it/s]Deconvoluting Remaining Spots:  34%|███▍      | 325/957 [03:11<06:12,  1.70it/s]Deconvoluting Remaining Spots:  34%|███▍      | 326/957 [03:12<06:22,  1.65it/s]Deconvoluting Remaining Spots:  34%|███▍      | 327/957 [03:12<05:11,  2.02it/s]Deconvoluting Remaining Spots:  34%|███▍      | 328/957 [03:13<05:06,  2.06it/s]Deconvoluting Remaining Spots:  34%|███▍      | 329/957 [03:13<05:11,  2.01it/s]Deconvoluting Remaining Spots:  34%|███▍      | 330/957 [03:14<05:16,  1.98it/s]Deconvoluting Remaining Spots:  35%|███▍      | 331/957 [03:14<05:40,  1.84it/s]Deconvoluting Remaining Spots:  35%|███▍      | 332/957 [03:15<05:46,  1.80it/s]Deconvoluting Remaining Spots:  35%|███▍      | 333/957 [03:15<05:20,  1.95it/s]Deconvoluting Remaining Spots:  35%|███▍      | 334/957 [03:16<05:47,  1.79it/s]Deconvoluting Remaining Spots:  35%|███▌      | 335/957 [03:16<04:54,  2.11it/s]Deconvoluting Remaining Spots:  35%|███▌      | 336/957 [03:17<05:01,  2.06it/s]Deconvoluting Remaining Spots:  35%|███▌      | 337/957 [03:18<06:07,  1.69it/s]Deconvoluting Remaining Spots:  35%|███▌      | 338/957 [03:18<05:12,  1.98it/s]Deconvoluting Remaining Spots:  35%|███▌      | 339/957 [03:19<06:05,  1.69it/s]Deconvoluting Remaining Spots:  36%|███▌      | 340/957 [03:19<05:23,  1.91it/s]Deconvoluting Remaining Spots:  36%|███▌      | 341/957 [03:20<05:20,  1.92it/s]Deconvoluting Remaining Spots:  36%|███▌      | 342/957 [03:20<05:49,  1.76it/s]Deconvoluting Remaining Spots:  36%|███▌      | 343/957 [03:21<05:29,  1.86it/s]Deconvoluting Remaining Spots:  36%|███▌      | 344/957 [03:22<06:29,  1.57it/s]Deconvoluting Remaining Spots:  36%|███▌      | 345/957 [03:22<05:36,  1.82it/s]Deconvoluting Remaining Spots:  36%|███▌      | 346/957 [03:23<06:20,  1.61it/s]Deconvoluting Remaining Spots:  36%|███▋      | 347/957 [03:23<05:30,  1.85it/s]Deconvoluting Remaining Spots:  36%|███▋      | 348/957 [03:24<06:01,  1.69it/s]Deconvoluting Remaining Spots:  36%|███▋      | 349/957 [03:24<05:13,  1.94it/s]Deconvoluting Remaining Spots:  37%|███▋      | 350/957 [03:25<06:05,  1.66it/s]Deconvoluting Remaining Spots:  37%|███▋      | 352/957 [03:26<06:08,  1.64it/s]Deconvoluting Remaining Spots:  37%|███▋      | 354/957 [03:27<04:41,  2.14it/s]Deconvoluting Remaining Spots:  37%|███▋      | 355/957 [03:27<04:40,  2.14it/s]Deconvoluting Remaining Spots:  37%|███▋      | 356/957 [03:28<04:44,  2.11it/s]Deconvoluting Remaining Spots:  37%|███▋      | 357/957 [03:28<04:57,  2.02it/s]Deconvoluting Remaining Spots:  37%|███▋      | 358/957 [03:29<04:45,  2.10it/s]Deconvoluting Remaining Spots:  38%|███▊      | 359/957 [03:30<06:08,  1.62it/s]Deconvoluting Remaining Spots:  38%|███▊      | 360/957 [03:30<04:47,  2.08it/s]Deconvoluting Remaining Spots:  38%|███▊      | 361/957 [03:31<08:05,  1.23it/s]Deconvoluting Remaining Spots:  38%|███▊      | 363/957 [03:32<04:56,  2.00it/s]Deconvoluting Remaining Spots:  38%|███▊      | 364/957 [03:32<04:11,  2.36it/s]Deconvoluting Remaining Spots:  38%|███▊      | 365/957 [03:32<04:22,  2.26it/s]Deconvoluting Remaining Spots:  38%|███▊      | 366/957 [03:33<05:19,  1.85it/s]Deconvoluting Remaining Spots:  38%|███▊      | 367/957 [03:34<05:55,  1.66it/s]Deconvoluting Remaining Spots:  38%|███▊      | 368/957 [03:34<05:47,  1.69it/s]Deconvoluting Remaining Spots:  39%|███▊      | 369/957 [03:35<04:32,  2.16it/s]Deconvoluting Remaining Spots:  39%|███▊      | 370/957 [03:35<04:42,  2.08it/s]Deconvoluting Remaining Spots:  39%|███▉      | 371/957 [03:36<04:50,  2.02it/s]Deconvoluting Remaining Spots:  39%|███▉      | 372/957 [03:36<05:19,  1.83it/s]Deconvoluting Remaining Spots:  39%|███▉      | 373/957 [03:37<05:10,  1.88it/s]Deconvoluting Remaining Spots:  39%|███▉      | 374/957 [03:38<06:06,  1.59it/s]Deconvoluting Remaining Spots:  39%|███▉      | 375/957 [03:38<04:53,  1.98it/s]Deconvoluting Remaining Spots:  39%|███▉      | 376/957 [03:39<06:03,  1.60it/s]Deconvoluting Remaining Spots:  39%|███▉      | 377/957 [03:39<05:56,  1.63it/s]Deconvoluting Remaining Spots:  39%|███▉      | 378/957 [03:40<06:19,  1.53it/s]Deconvoluting Remaining Spots:  40%|███▉      | 379/957 [03:41<05:20,  1.80it/s]Deconvoluting Remaining Spots:  40%|███▉      | 380/957 [03:41<05:16,  1.83it/s]Deconvoluting Remaining Spots:  40%|███▉      | 381/957 [03:41<04:51,  1.97it/s]Deconvoluting Remaining Spots:  40%|███▉      | 382/957 [03:42<05:53,  1.63it/s]Deconvoluting Remaining Spots:  40%|████      | 383/957 [03:42<04:35,  2.08it/s]Deconvoluting Remaining Spots:  40%|████      | 384/957 [03:43<04:38,  2.06it/s]Deconvoluting Remaining Spots:  40%|████      | 385/957 [03:44<06:02,  1.58it/s]Deconvoluting Remaining Spots:  40%|████      | 387/957 [03:44<04:21,  2.18it/s]Deconvoluting Remaining Spots:  41%|████      | 388/957 [03:45<05:07,  1.85it/s]Deconvoluting Remaining Spots:  41%|████      | 389/957 [03:45<04:08,  2.29it/s]Deconvoluting Remaining Spots:  41%|████      | 390/957 [03:46<05:36,  1.69it/s]Deconvoluting Remaining Spots:  41%|████      | 392/957 [03:47<04:20,  2.17it/s]Deconvoluting Remaining Spots:  41%|████      | 393/957 [03:48<04:29,  2.09it/s]Deconvoluting Remaining Spots:  41%|████      | 394/957 [03:48<05:07,  1.83it/s]Deconvoluting Remaining Spots:  41%|████▏     | 395/957 [03:49<05:16,  1.77it/s]Deconvoluting Remaining Spots:  41%|████▏     | 396/957 [03:50<05:33,  1.68it/s]Deconvoluting Remaining Spots:  41%|████▏     | 397/957 [03:50<05:06,  1.83it/s]Deconvoluting Remaining Spots:  42%|████▏     | 398/957 [03:51<05:17,  1.76it/s]Deconvoluting Remaining Spots:  42%|████▏     | 399/957 [03:51<05:05,  1.82it/s]Deconvoluting Remaining Spots:  42%|████▏     | 400/957 [03:52<05:00,  1.85it/s]2026-02-17 22:30:58,713 - root - INFO - Saved checkpoint after 400 completed spots
Deconvoluting Remaining Spots:  42%|████▏     | 401/957 [04:01<28:01,  3.02s/it]Deconvoluting Remaining Spots:  44%|████▎     | 418/957 [04:01<03:31,  2.55it/s]Deconvoluting Remaining Spots:  44%|████▍     | 420/957 [04:02<03:48,  2.35it/s]Deconvoluting Remaining Spots:  44%|████▍     | 421/957 [04:03<04:06,  2.17it/s]Deconvoluting Remaining Spots:  44%|████▍     | 422/957 [04:03<03:50,  2.32it/s]Deconvoluting Remaining Spots:  44%|████▍     | 423/957 [04:04<04:06,  2.17it/s]Deconvoluting Remaining Spots:  44%|████▍     | 424/957 [04:05<04:21,  2.04it/s]Deconvoluting Remaining Spots:  44%|████▍     | 425/957 [04:05<04:31,  1.96it/s]Deconvoluting Remaining Spots:  45%|████▍     | 426/957 [04:06<05:02,  1.76it/s]Deconvoluting Remaining Spots:  45%|████▍     | 427/957 [04:07<04:53,  1.80it/s]Deconvoluting Remaining Spots:  45%|████▍     | 428/957 [04:07<04:49,  1.82it/s]Deconvoluting Remaining Spots:  45%|████▍     | 429/957 [04:08<05:24,  1.63it/s]Deconvoluting Remaining Spots:  45%|████▍     | 430/957 [04:08<04:40,  1.88it/s]Deconvoluting Remaining Spots:  45%|████▌     | 431/957 [04:09<04:25,  1.98it/s]Deconvoluting Remaining Spots:  45%|████▌     | 432/957 [04:09<05:01,  1.74it/s]Deconvoluting Remaining Spots:  45%|████▌     | 433/957 [04:10<04:09,  2.10it/s]Deconvoluting Remaining Spots:  45%|████▌     | 434/957 [04:10<04:06,  2.12it/s]Deconvoluting Remaining Spots:  45%|████▌     | 435/957 [04:10<03:57,  2.19it/s]Deconvoluting Remaining Spots:  46%|████▌     | 436/957 [04:11<03:59,  2.18it/s]Deconvoluting Remaining Spots:  46%|████▌     | 437/957 [04:12<05:48,  1.49it/s]Deconvoluting Remaining Spots:  46%|████▌     | 438/957 [04:12<05:00,  1.73it/s]Deconvoluting Remaining Spots:  46%|████▌     | 439/957 [04:13<04:21,  1.98it/s]Deconvoluting Remaining Spots:  46%|████▌     | 440/957 [04:14<05:03,  1.71it/s]Deconvoluting Remaining Spots:  46%|████▌     | 441/957 [04:14<04:26,  1.93it/s]Deconvoluting Remaining Spots:  46%|████▌     | 442/957 [04:14<04:15,  2.01it/s]Deconvoluting Remaining Spots:  46%|████▋     | 443/957 [04:15<04:25,  1.94it/s]Deconvoluting Remaining Spots:  46%|████▋     | 444/957 [04:15<04:17,  2.00it/s]Deconvoluting Remaining Spots:  46%|████▋     | 445/957 [04:16<05:15,  1.62it/s]Deconvoluting Remaining Spots:  47%|████▋     | 446/957 [04:17<04:34,  1.86it/s]Deconvoluting Remaining Spots:  47%|████▋     | 447/957 [04:17<05:02,  1.68it/s]Deconvoluting Remaining Spots:  47%|████▋     | 448/957 [04:18<05:36,  1.51it/s]Deconvoluting Remaining Spots:  47%|████▋     | 449/957 [04:19<05:05,  1.66it/s]Deconvoluting Remaining Spots:  47%|████▋     | 451/957 [04:19<03:44,  2.25it/s]Deconvoluting Remaining Spots:  47%|████▋     | 452/957 [04:20<04:00,  2.10it/s]Deconvoluting Remaining Spots:  47%|████▋     | 453/957 [04:21<04:40,  1.80it/s]Deconvoluting Remaining Spots:  47%|████▋     | 454/957 [04:21<04:05,  2.05it/s]Deconvoluting Remaining Spots:  48%|████▊     | 455/957 [04:21<04:05,  2.04it/s]Deconvoluting Remaining Spots:  48%|████▊     | 456/957 [04:22<04:04,  2.05it/s]Deconvoluting Remaining Spots:  48%|████▊     | 457/957 [04:22<03:57,  2.11it/s]Deconvoluting Remaining Spots:  48%|████▊     | 458/957 [04:23<05:33,  1.49it/s]Deconvoluting Remaining Spots:  48%|████▊     | 459/957 [04:24<04:16,  1.94it/s]Deconvoluting Remaining Spots:  48%|████▊     | 460/957 [04:24<03:51,  2.14it/s]Deconvoluting Remaining Spots:  48%|████▊     | 461/957 [04:25<04:23,  1.88it/s]Deconvoluting Remaining Spots:  48%|████▊     | 462/957 [04:25<04:34,  1.80it/s]Deconvoluting Remaining Spots:  48%|████▊     | 463/957 [04:26<05:06,  1.61it/s]Deconvoluting Remaining Spots:  48%|████▊     | 464/957 [04:26<04:52,  1.69it/s]Deconvoluting Remaining Spots:  49%|████▊     | 465/957 [04:27<04:34,  1.79it/s]Deconvoluting Remaining Spots:  49%|████▊     | 466/957 [04:27<04:06,  1.99it/s]Deconvoluting Remaining Spots:  49%|████▉     | 467/957 [04:28<04:48,  1.70it/s]Deconvoluting Remaining Spots:  49%|████▉     | 468/957 [04:29<04:38,  1.75it/s]Deconvoluting Remaining Spots:  49%|████▉     | 469/957 [04:29<04:24,  1.85it/s]Deconvoluting Remaining Spots:  49%|████▉     | 470/957 [04:30<04:48,  1.69it/s]Deconvoluting Remaining Spots:  49%|████▉     | 471/957 [04:30<04:15,  1.90it/s]Deconvoluting Remaining Spots:  49%|████▉     | 472/957 [04:31<05:00,  1.61it/s]Deconvoluting Remaining Spots:  49%|████▉     | 473/957 [04:31<03:58,  2.03it/s]Deconvoluting Remaining Spots:  50%|████▉     | 474/957 [04:32<04:03,  1.98it/s]Deconvoluting Remaining Spots:  50%|████▉     | 475/957 [04:32<04:12,  1.91it/s]Deconvoluting Remaining Spots:  50%|████▉     | 476/957 [04:33<04:06,  1.95it/s]Deconvoluting Remaining Spots:  50%|████▉     | 477/957 [04:34<04:53,  1.64it/s]Deconvoluting Remaining Spots:  50%|████▉     | 478/957 [04:34<04:05,  1.95it/s]Deconvoluting Remaining Spots:  50%|█████     | 479/957 [04:35<04:12,  1.89it/s]Deconvoluting Remaining Spots:  50%|█████     | 480/957 [04:35<04:47,  1.66it/s]Deconvoluting Remaining Spots:  50%|█████     | 481/957 [04:36<04:02,  1.96it/s]Deconvoluting Remaining Spots:  50%|█████     | 482/957 [04:36<04:37,  1.71it/s]Deconvoluting Remaining Spots:  50%|█████     | 483/957 [04:37<03:59,  1.98it/s]Deconvoluting Remaining Spots:  51%|█████     | 484/957 [04:37<03:48,  2.07it/s]Deconvoluting Remaining Spots:  51%|█████     | 485/957 [04:38<04:00,  1.97it/s]Deconvoluting Remaining Spots:  51%|█████     | 486/957 [04:38<03:41,  2.13it/s]Deconvoluting Remaining Spots:  51%|█████     | 487/957 [04:39<03:55,  1.99it/s]Deconvoluting Remaining Spots:  51%|█████     | 488/957 [04:39<04:42,  1.66it/s]Deconvoluting Remaining Spots:  51%|█████     | 489/957 [04:40<04:45,  1.64it/s]Deconvoluting Remaining Spots:  51%|█████     | 490/957 [04:40<03:55,  1.98it/s]Deconvoluting Remaining Spots:  51%|█████▏    | 491/957 [04:41<04:48,  1.61it/s]Deconvoluting Remaining Spots:  51%|█████▏    | 492/957 [04:41<03:53,  2.00it/s]Deconvoluting Remaining Spots:  52%|█████▏    | 493/957 [04:42<04:05,  1.89it/s]Deconvoluting Remaining Spots:  52%|█████▏    | 494/957 [04:42<03:51,  2.00it/s]Deconvoluting Remaining Spots:  52%|█████▏    | 495/957 [04:43<03:48,  2.02it/s]Deconvoluting Remaining Spots:  52%|█████▏    | 496/957 [04:44<04:24,  1.74it/s]Deconvoluting Remaining Spots:  52%|█████▏    | 497/957 [04:44<03:33,  2.16it/s]Deconvoluting Remaining Spots:  52%|█████▏    | 498/957 [04:45<04:00,  1.91it/s]Deconvoluting Remaining Spots:  52%|█████▏    | 499/957 [04:45<03:47,  2.02it/s]Deconvoluting Remaining Spots:  52%|█████▏    | 500/957 [04:46<03:52,  1.97it/s]2026-02-17 22:31:53,985 - root - INFO - Saved checkpoint after 500 completed spots
Deconvoluting Remaining Spots:  52%|█████▏    | 501/957 [04:56<26:08,  3.44s/it]Deconvoluting Remaining Spots:  54%|█████▍    | 519/957 [04:57<03:10,  2.30it/s]Deconvoluting Remaining Spots:  54%|█████▍    | 520/957 [04:57<03:05,  2.36it/s]Deconvoluting Remaining Spots:  54%|█████▍    | 521/957 [04:57<03:01,  2.40it/s]Deconvoluting Remaining Spots:  55%|█████▍    | 522/957 [04:58<03:13,  2.25it/s]Deconvoluting Remaining Spots:  55%|█████▍    | 523/957 [04:59<03:31,  2.05it/s]Deconvoluting Remaining Spots:  55%|█████▍    | 524/957 [04:59<03:12,  2.24it/s]Deconvoluting Remaining Spots:  55%|█████▍    | 525/957 [05:00<03:43,  1.93it/s]Deconvoluting Remaining Spots:  55%|█████▍    | 526/957 [05:00<03:55,  1.83it/s]Deconvoluting Remaining Spots:  55%|█████▌    | 527/957 [05:01<03:16,  2.19it/s]Deconvoluting Remaining Spots:  55%|█████▌    | 528/957 [05:01<03:44,  1.91it/s]Deconvoluting Remaining Spots:  55%|█████▌    | 529/957 [05:01<03:05,  2.31it/s]Deconvoluting Remaining Spots:  55%|█████▌    | 530/957 [05:02<03:51,  1.84it/s]Deconvoluting Remaining Spots:  55%|█████▌    | 531/957 [05:03<03:28,  2.05it/s]Deconvoluting Remaining Spots:  56%|█████▌    | 532/957 [05:03<03:55,  1.80it/s]Deconvoluting Remaining Spots:  56%|█████▌    | 533/957 [05:04<03:57,  1.78it/s]Deconvoluting Remaining Spots:  56%|█████▌    | 534/957 [05:05<04:51,  1.45it/s]Deconvoluting Remaining Spots:  56%|█████▌    | 535/957 [05:05<03:38,  1.93it/s]Deconvoluting Remaining Spots:  56%|█████▌    | 536/957 [05:05<03:10,  2.21it/s]Deconvoluting Remaining Spots:  56%|█████▌    | 537/957 [05:06<03:11,  2.19it/s]Deconvoluting Remaining Spots:  56%|█████▌    | 538/957 [05:06<03:26,  2.03it/s]Deconvoluting Remaining Spots:  56%|█████▋    | 539/957 [05:07<04:32,  1.53it/s]Deconvoluting Remaining Spots:  56%|█████▋    | 540/957 [05:08<03:32,  1.96it/s]Deconvoluting Remaining Spots:  57%|█████▋    | 541/957 [05:08<03:50,  1.80it/s]Deconvoluting Remaining Spots:  57%|█████▋    | 542/957 [05:08<03:08,  2.21it/s]Deconvoluting Remaining Spots:  57%|█████▋    | 543/957 [05:09<03:16,  2.10it/s]Deconvoluting Remaining Spots:  57%|█████▋    | 544/957 [05:10<03:29,  1.97it/s]Deconvoluting Remaining Spots:  57%|█████▋    | 545/957 [05:10<03:25,  2.00it/s]Deconvoluting Remaining Spots:  57%|█████▋    | 546/957 [05:11<03:28,  1.97it/s]Deconvoluting Remaining Spots:  57%|█████▋    | 547/957 [05:12<04:23,  1.55it/s]Deconvoluting Remaining Spots:  57%|█████▋    | 549/957 [05:13<03:53,  1.75it/s]Deconvoluting Remaining Spots:  57%|█████▋    | 550/957 [05:13<03:08,  2.15it/s]Deconvoluting Remaining Spots:  58%|█████▊    | 551/957 [05:14<03:58,  1.70it/s]Deconvoluting Remaining Spots:  58%|█████▊    | 552/957 [05:14<03:23,  1.99it/s]Deconvoluting Remaining Spots:  58%|█████▊    | 553/957 [05:15<03:56,  1.71it/s]Deconvoluting Remaining Spots:  58%|█████▊    | 554/957 [05:15<04:09,  1.61it/s]Deconvoluting Remaining Spots:  58%|█████▊    | 555/957 [05:16<04:31,  1.48it/s]Deconvoluting Remaining Spots:  58%|█████▊    | 556/957 [05:17<03:48,  1.75it/s]Deconvoluting Remaining Spots:  58%|█████▊    | 558/957 [05:17<03:03,  2.17it/s]Deconvoluting Remaining Spots:  58%|█████▊    | 559/957 [05:17<02:46,  2.40it/s]Deconvoluting Remaining Spots:  59%|█████▊    | 560/957 [05:18<03:10,  2.09it/s]Deconvoluting Remaining Spots:  59%|█████▊    | 561/957 [05:19<03:15,  2.02it/s]Deconvoluting Remaining Spots:  59%|█████▊    | 562/957 [05:19<03:27,  1.90it/s]Deconvoluting Remaining Spots:  59%|█████▉    | 563/957 [05:20<03:13,  2.03it/s]Deconvoluting Remaining Spots:  59%|█████▉    | 564/957 [05:21<04:13,  1.55it/s]Deconvoluting Remaining Spots:  59%|█████▉    | 566/957 [05:22<03:30,  1.85it/s]Deconvoluting Remaining Spots:  59%|█████▉    | 567/957 [05:22<03:11,  2.04it/s]Deconvoluting Remaining Spots:  59%|█████▉    | 568/957 [05:23<03:41,  1.75it/s]Deconvoluting Remaining Spots:  59%|█████▉    | 569/957 [05:23<03:46,  1.71it/s]Deconvoluting Remaining Spots:  60%|█████▉    | 570/957 [05:24<03:47,  1.70it/s]Deconvoluting Remaining Spots:  60%|█████▉    | 571/957 [05:24<03:42,  1.74it/s]Deconvoluting Remaining Spots:  60%|█████▉    | 572/957 [05:25<03:17,  1.95it/s]Deconvoluting Remaining Spots:  60%|█████▉    | 573/957 [05:25<03:31,  1.82it/s]Deconvoluting Remaining Spots:  60%|█████▉    | 574/957 [05:26<03:47,  1.69it/s]Deconvoluting Remaining Spots:  60%|██████    | 575/957 [05:26<02:59,  2.13it/s]Deconvoluting Remaining Spots:  60%|██████    | 576/957 [05:27<03:47,  1.68it/s]Deconvoluting Remaining Spots:  60%|██████    | 577/957 [05:27<02:59,  2.11it/s]Deconvoluting Remaining Spots:  60%|██████    | 578/957 [05:28<03:11,  1.98it/s]Deconvoluting Remaining Spots:  61%|██████    | 579/957 [05:29<03:44,  1.68it/s]Deconvoluting Remaining Spots:  61%|██████    | 580/957 [05:29<03:15,  1.93it/s]Deconvoluting Remaining Spots:  61%|██████    | 581/957 [05:30<03:15,  1.92it/s]Deconvoluting Remaining Spots:  61%|██████    | 582/957 [05:30<03:01,  2.07it/s]Deconvoluting Remaining Spots:  61%|██████    | 583/957 [05:30<02:43,  2.28it/s]Deconvoluting Remaining Spots:  61%|██████    | 584/957 [05:31<03:52,  1.60it/s]Deconvoluting Remaining Spots:  61%|██████    | 585/957 [05:32<03:21,  1.85it/s]Deconvoluting Remaining Spots:  61%|██████    | 586/957 [05:32<03:36,  1.72it/s]Deconvoluting Remaining Spots:  61%|██████▏   | 587/957 [05:33<03:26,  1.79it/s]Deconvoluting Remaining Spots:  61%|██████▏   | 588/957 [05:33<02:49,  2.17it/s]Deconvoluting Remaining Spots:  62%|██████▏   | 589/957 [05:34<03:29,  1.76it/s]Deconvoluting Remaining Spots:  62%|██████▏   | 590/957 [05:34<03:04,  1.98it/s]Deconvoluting Remaining Spots:  62%|██████▏   | 591/957 [05:35<03:47,  1.61it/s]Deconvoluting Remaining Spots:  62%|██████▏   | 592/957 [05:36<03:35,  1.69it/s]Deconvoluting Remaining Spots:  62%|██████▏   | 593/957 [05:36<03:32,  1.71it/s]Deconvoluting Remaining Spots:  62%|██████▏   | 594/957 [05:36<02:48,  2.15it/s]Deconvoluting Remaining Spots:  62%|██████▏   | 595/957 [05:37<02:52,  2.09it/s]Deconvoluting Remaining Spots:  62%|██████▏   | 596/957 [05:38<02:55,  2.06it/s]Deconvoluting Remaining Spots:  62%|██████▏   | 597/957 [05:38<03:39,  1.64it/s]Deconvoluting Remaining Spots:  62%|██████▏   | 598/957 [05:39<02:48,  2.13it/s]Deconvoluting Remaining Spots:  63%|██████▎   | 599/957 [05:39<02:59,  2.00it/s]Deconvoluting Remaining Spots:  63%|██████▎   | 600/957 [05:40<02:54,  2.04it/s]2026-02-17 22:32:49,701 - root - INFO - Saved checkpoint after 600 completed spots
Deconvoluting Remaining Spots:  63%|██████▎   | 601/957 [05:52<23:20,  3.93s/it]Deconvoluting Remaining Spots:  65%|██████▍   | 622/957 [05:52<02:14,  2.49it/s]Deconvoluting Remaining Spots:  65%|██████▌   | 626/957 [05:54<02:24,  2.30it/s]Deconvoluting Remaining Spots:  66%|██████▌   | 629/957 [05:56<02:37,  2.08it/s]Deconvoluting Remaining Spots:  66%|██████▌   | 631/957 [05:57<02:39,  2.05it/s]Deconvoluting Remaining Spots:  66%|██████▌   | 633/957 [05:58<02:35,  2.09it/s]Deconvoluting Remaining Spots:  66%|██████▋   | 635/957 [05:59<02:33,  2.10it/s]Deconvoluting Remaining Spots:  66%|██████▋   | 636/957 [05:59<02:31,  2.12it/s]Deconvoluting Remaining Spots:  67%|██████▋   | 637/957 [06:00<02:33,  2.09it/s]Deconvoluting Remaining Spots:  67%|██████▋   | 638/957 [06:01<02:57,  1.80it/s]Deconvoluting Remaining Spots:  67%|██████▋   | 639/957 [06:01<02:29,  2.12it/s]Deconvoluting Remaining Spots:  67%|██████▋   | 640/957 [06:02<02:38,  2.00it/s]Deconvoluting Remaining Spots:  67%|██████▋   | 641/957 [06:02<02:40,  1.97it/s]Deconvoluting Remaining Spots:  67%|██████▋   | 642/957 [06:03<02:42,  1.94it/s]Deconvoluting Remaining Spots:  67%|██████▋   | 643/957 [06:03<03:01,  1.73it/s]Deconvoluting Remaining Spots:  67%|██████▋   | 644/957 [06:04<02:29,  2.09it/s]Deconvoluting Remaining Spots:  67%|██████▋   | 645/957 [06:05<03:04,  1.69it/s]Deconvoluting Remaining Spots:  68%|██████▊   | 646/957 [06:05<02:32,  2.04it/s]Deconvoluting Remaining Spots:  68%|██████▊   | 647/957 [06:05<02:49,  1.83it/s]Deconvoluting Remaining Spots:  68%|██████▊   | 648/957 [06:06<02:47,  1.84it/s]Deconvoluting Remaining Spots:  68%|██████▊   | 649/957 [06:07<03:11,  1.60it/s]Deconvoluting Remaining Spots:  68%|██████▊   | 650/957 [06:07<02:41,  1.90it/s]Deconvoluting Remaining Spots:  68%|██████▊   | 651/957 [06:08<02:38,  1.93it/s]Deconvoluting Remaining Spots:  68%|██████▊   | 652/957 [06:08<02:30,  2.03it/s]Deconvoluting Remaining Spots:  68%|██████▊   | 653/957 [06:09<02:37,  1.93it/s]Deconvoluting Remaining Spots:  68%|██████▊   | 654/957 [06:09<03:03,  1.65it/s]Deconvoluting Remaining Spots:  68%|██████▊   | 655/957 [06:10<02:26,  2.07it/s]Deconvoluting Remaining Spots:  69%|██████▊   | 656/957 [06:10<02:21,  2.12it/s]Deconvoluting Remaining Spots:  69%|██████▊   | 657/957 [06:11<02:35,  1.93it/s]Deconvoluting Remaining Spots:  69%|██████▉   | 658/957 [06:11<02:50,  1.76it/s]Deconvoluting Remaining Spots:  69%|██████▉   | 659/957 [06:12<03:18,  1.50it/s]Deconvoluting Remaining Spots:  69%|██████▉   | 660/957 [06:12<02:30,  1.97it/s]Deconvoluting Remaining Spots:  69%|██████▉   | 661/957 [06:13<02:34,  1.92it/s]Deconvoluting Remaining Spots:  69%|██████▉   | 662/957 [06:13<02:27,  2.00it/s]Deconvoluting Remaining Spots:  69%|██████▉   | 663/957 [06:14<02:24,  2.04it/s]Deconvoluting Remaining Spots:  69%|██████▉   | 664/957 [06:15<03:06,  1.58it/s]Deconvoluting Remaining Spots:  70%|██████▉   | 666/957 [06:16<02:35,  1.87it/s]Deconvoluting Remaining Spots:  70%|██████▉   | 667/957 [06:16<02:31,  1.92it/s]Deconvoluting Remaining Spots:  70%|██████▉   | 668/957 [06:17<02:39,  1.81it/s]Deconvoluting Remaining Spots:  70%|██████▉   | 669/957 [06:17<02:29,  1.93it/s]Deconvoluting Remaining Spots:  70%|███████   | 670/957 [06:18<02:19,  2.05it/s]Deconvoluting Remaining Spots:  70%|███████   | 671/957 [06:18<02:15,  2.11it/s]Deconvoluting Remaining Spots:  70%|███████   | 672/957 [06:19<02:27,  1.93it/s]Deconvoluting Remaining Spots:  70%|███████   | 673/957 [06:20<02:54,  1.62it/s]Deconvoluting Remaining Spots:  70%|███████   | 674/957 [06:20<02:13,  2.11it/s]Deconvoluting Remaining Spots:  71%|███████   | 675/957 [06:20<02:39,  1.77it/s]Deconvoluting Remaining Spots:  71%|███████   | 676/957 [06:21<02:48,  1.67it/s]Deconvoluting Remaining Spots:  71%|███████   | 677/957 [06:22<02:43,  1.71it/s]Deconvoluting Remaining Spots:  71%|███████   | 678/957 [06:22<02:26,  1.90it/s]Deconvoluting Remaining Spots:  71%|███████   | 679/957 [06:23<02:31,  1.83it/s]Deconvoluting Remaining Spots:  71%|███████   | 680/957 [06:23<02:48,  1.64it/s]Deconvoluting Remaining Spots:  71%|███████   | 681/957 [06:24<02:07,  2.16it/s]Deconvoluting Remaining Spots:  71%|███████▏  | 682/957 [06:24<02:25,  1.89it/s]Deconvoluting Remaining Spots:  71%|███████▏  | 683/957 [06:24<01:58,  2.31it/s]Deconvoluting Remaining Spots:  71%|███████▏  | 684/957 [06:25<02:26,  1.86it/s]Deconvoluting Remaining Spots:  72%|███████▏  | 685/957 [06:26<02:17,  1.98it/s]Deconvoluting Remaining Spots:  72%|███████▏  | 686/957 [06:26<02:30,  1.80it/s]Deconvoluting Remaining Spots:  72%|███████▏  | 687/957 [06:27<02:06,  2.13it/s]Deconvoluting Remaining Spots:  72%|███████▏  | 688/957 [06:28<02:47,  1.61it/s]Deconvoluting Remaining Spots:  72%|███████▏  | 689/957 [06:28<02:27,  1.81it/s]Deconvoluting Remaining Spots:  72%|███████▏  | 690/957 [06:28<02:18,  1.93it/s]Deconvoluting Remaining Spots:  72%|███████▏  | 691/957 [06:29<02:28,  1.79it/s]Deconvoluting Remaining Spots:  72%|███████▏  | 692/957 [06:29<02:16,  1.95it/s]Deconvoluting Remaining Spots:  72%|███████▏  | 693/957 [06:30<02:43,  1.61it/s]Deconvoluting Remaining Spots:  73%|███████▎  | 694/957 [06:31<02:15,  1.94it/s]Deconvoluting Remaining Spots:  73%|███████▎  | 695/957 [06:31<02:38,  1.65it/s]Deconvoluting Remaining Spots:  73%|███████▎  | 696/957 [06:32<02:02,  2.13it/s]Deconvoluting Remaining Spots:  73%|███████▎  | 697/957 [06:32<02:03,  2.11it/s]Deconvoluting Remaining Spots:  73%|███████▎  | 698/957 [06:33<02:07,  2.03it/s]Deconvoluting Remaining Spots:  73%|███████▎  | 699/957 [06:33<02:20,  1.84it/s]Deconvoluting Remaining Spots:  73%|███████▎  | 700/957 [06:34<02:06,  2.03it/s]2026-02-17 22:33:46,666 - root - ERROR - Failed to save checkpoint: [Errno 116] Stale file handle
Deconvoluting Remaining Spots:  73%|███████▎  | 701/957 [06:49<20:32,  4.81s/it]Deconvoluting Remaining Spots:  76%|███████▌  | 727/957 [06:49<01:35,  2.41it/s]Deconvoluting Remaining Spots:  76%|███████▌  | 729/957 [06:50<01:32,  2.46it/s]Deconvoluting Remaining Spots:  76%|███████▋  | 731/957 [06:51<01:33,  2.42it/s]Deconvoluting Remaining Spots:  76%|███████▋  | 732/957 [06:51<01:39,  2.27it/s]Deconvoluting Remaining Spots:  77%|███████▋  | 733/957 [06:52<01:40,  2.22it/s]Deconvoluting Remaining Spots:  77%|███████▋  | 734/957 [06:53<01:44,  2.13it/s]Deconvoluting Remaining Spots:  77%|███████▋  | 735/957 [06:53<01:46,  2.08it/s]Deconvoluting Remaining Spots:  77%|███████▋  | 736/957 [06:54<01:50,  2.01it/s]Deconvoluting Remaining Spots:  77%|███████▋  | 737/957 [06:55<02:06,  1.74it/s]Deconvoluting Remaining Spots:  77%|███████▋  | 738/957 [06:55<01:45,  2.08it/s]Deconvoluting Remaining Spots:  77%|███████▋  | 739/957 [06:55<01:50,  1.98it/s]Deconvoluting Remaining Spots:  77%|███████▋  | 740/957 [06:56<01:49,  1.99it/s]Deconvoluting Remaining Spots:  77%|███████▋  | 741/957 [06:57<02:20,  1.53it/s]Deconvoluting Remaining Spots:  78%|███████▊  | 742/957 [06:57<02:01,  1.77it/s]Deconvoluting Remaining Spots:  78%|███████▊  | 743/957 [06:57<01:45,  2.03it/s]Deconvoluting Remaining Spots:  78%|███████▊  | 744/957 [06:58<01:47,  1.98it/s]Deconvoluting Remaining Spots:  78%|███████▊  | 745/957 [06:58<01:45,  2.01it/s]Deconvoluting Remaining Spots:  78%|███████▊  | 746/957 [06:59<01:50,  1.91it/s]Deconvoluting Remaining Spots:  78%|███████▊  | 747/957 [07:00<02:05,  1.67it/s]Deconvoluting Remaining Spots:  78%|███████▊  | 748/957 [07:00<01:59,  1.74it/s]Deconvoluting Remaining Spots:  78%|███████▊  | 749/957 [07:01<01:42,  2.03it/s]Deconvoluting Remaining Spots:  78%|███████▊  | 750/957 [07:01<01:57,  1.76it/s]Deconvoluting Remaining Spots:  78%|███████▊  | 751/957 [07:02<01:35,  2.16it/s]Deconvoluting Remaining Spots:  79%|███████▊  | 752/957 [07:02<01:50,  1.86it/s]Deconvoluting Remaining Spots:  79%|███████▊  | 753/957 [07:03<02:00,  1.69it/s]Deconvoluting Remaining Spots:  79%|███████▉  | 754/957 [07:03<01:34,  2.15it/s]Deconvoluting Remaining Spots:  79%|███████▉  | 755/957 [07:04<01:40,  2.01it/s]Deconvoluting Remaining Spots:  79%|███████▉  | 756/957 [07:05<01:58,  1.69it/s]Deconvoluting Remaining Spots:  79%|███████▉  | 757/957 [07:05<01:40,  1.98it/s]Deconvoluting Remaining Spots:  79%|███████▉  | 758/957 [07:05<01:36,  2.05it/s]Deconvoluting Remaining Spots:  79%|███████▉  | 759/957 [07:06<02:09,  1.53it/s]Deconvoluting Remaining Spots:  80%|███████▉  | 761/957 [07:07<01:35,  2.05it/s]Deconvoluting Remaining Spots:  80%|███████▉  | 762/957 [07:08<01:40,  1.94it/s]Deconvoluting Remaining Spots:  80%|███████▉  | 763/957 [07:08<01:39,  1.95it/s]Deconvoluting Remaining Spots:  80%|███████▉  | 764/957 [07:09<01:38,  1.96it/s]Deconvoluting Remaining Spots:  80%|███████▉  | 765/957 [07:09<01:40,  1.91it/s]Deconvoluting Remaining Spots:  80%|████████  | 766/957 [07:10<01:46,  1.79it/s]Deconvoluting Remaining Spots:  80%|████████  | 767/957 [07:11<02:07,  1.49it/s]Deconvoluting Remaining Spots:  80%|████████  | 768/957 [07:11<01:51,  1.70it/s]Deconvoluting Remaining Spots:  80%|████████  | 769/957 [07:12<01:55,  1.63it/s]Deconvoluting Remaining Spots:  80%|████████  | 770/957 [07:12<01:55,  1.61it/s]Deconvoluting Remaining Spots:  81%|████████  | 772/957 [07:13<01:39,  1.86it/s]Deconvoluting Remaining Spots:  81%|████████  | 774/957 [07:14<01:18,  2.34it/s]Deconvoluting Remaining Spots:  81%|████████  | 775/957 [07:15<01:29,  2.03it/s]Deconvoluting Remaining Spots:  81%|████████  | 776/957 [07:15<01:32,  1.97it/s]Deconvoluting Remaining Spots:  81%|████████  | 777/957 [07:16<01:27,  2.05it/s]Deconvoluting Remaining Spots:  81%|████████▏ | 778/957 [07:16<01:29,  1.99it/s]Deconvoluting Remaining Spots:  81%|████████▏ | 779/957 [07:17<01:42,  1.74it/s]Deconvoluting Remaining Spots:  82%|████████▏ | 780/957 [07:18<01:55,  1.54it/s]Deconvoluting Remaining Spots:  82%|████████▏ | 781/957 [07:18<01:32,  1.90it/s]Deconvoluting Remaining Spots:  82%|████████▏ | 782/957 [07:18<01:22,  2.11it/s]Deconvoluting Remaining Spots:  82%|████████▏ | 783/957 [07:19<01:45,  1.65it/s]Deconvoluting Remaining Spots:  82%|████████▏ | 784/957 [07:19<01:21,  2.11it/s]Deconvoluting Remaining Spots:  82%|████████▏ | 785/957 [07:20<01:42,  1.68it/s]Deconvoluting Remaining Spots:  82%|████████▏ | 786/957 [07:20<01:23,  2.06it/s]Deconvoluting Remaining Spots:  82%|████████▏ | 787/957 [07:21<01:40,  1.70it/s]Deconvoluting Remaining Spots:  82%|████████▏ | 788/957 [07:22<01:28,  1.91it/s]Deconvoluting Remaining Spots:  82%|████████▏ | 789/957 [07:22<01:24,  1.99it/s]Deconvoluting Remaining Spots:  83%|████████▎ | 790/957 [07:23<01:26,  1.94it/s]Deconvoluting Remaining Spots:  83%|████████▎ | 791/957 [07:23<01:33,  1.78it/s]Deconvoluting Remaining Spots:  83%|████████▎ | 792/957 [07:24<01:27,  1.89it/s]Deconvoluting Remaining Spots:  83%|████████▎ | 793/957 [07:24<01:29,  1.83it/s]Deconvoluting Remaining Spots:  83%|████████▎ | 794/957 [07:25<01:39,  1.63it/s]Deconvoluting Remaining Spots:  83%|████████▎ | 795/957 [07:26<01:32,  1.76it/s]Deconvoluting Remaining Spots:  83%|████████▎ | 796/957 [07:26<01:21,  1.98it/s]Deconvoluting Remaining Spots:  83%|████████▎ | 797/957 [07:27<01:38,  1.62it/s]Deconvoluting Remaining Spots:  83%|████████▎ | 798/957 [07:27<01:22,  1.93it/s]Deconvoluting Remaining Spots:  83%|████████▎ | 799/957 [07:28<01:24,  1.88it/s]Deconvoluting Remaining Spots:  84%|████████▎ | 800/957 [07:28<01:35,  1.64it/s]2026-02-17 22:34:43,368 - root - INFO - Saved checkpoint after 800 completed spots
Deconvoluting Remaining Spots:  84%|████████▎ | 801/957 [07:45<14:09,  5.44s/it]Deconvoluting Remaining Spots:  85%|████████▍ | 812/957 [07:45<02:19,  1.04it/s]Deconvoluting Remaining Spots:  87%|████████▋ | 832/957 [07:46<00:41,  3.00it/s]Deconvoluting Remaining Spots:  87%|████████▋ | 835/957 [07:47<00:40,  3.01it/s]Deconvoluting Remaining Spots:  87%|████████▋ | 837/957 [07:48<00:44,  2.71it/s]Deconvoluting Remaining Spots:  88%|████████▊ | 839/957 [07:50<00:47,  2.48it/s]Deconvoluting Remaining Spots:  88%|████████▊ | 840/957 [07:50<00:49,  2.35it/s]Deconvoluting Remaining Spots:  88%|████████▊ | 841/957 [07:51<00:48,  2.40it/s]Deconvoluting Remaining Spots:  88%|████████▊ | 842/957 [07:51<00:49,  2.31it/s]Deconvoluting Remaining Spots:  88%|████████▊ | 843/957 [07:52<01:02,  1.82it/s]Deconvoluting Remaining Spots:  88%|████████▊ | 844/957 [07:53<01:02,  1.81it/s]Deconvoluting Remaining Spots:  88%|████████▊ | 845/957 [07:53<00:55,  2.03it/s]Deconvoluting Remaining Spots:  88%|████████▊ | 846/957 [07:54<00:55,  2.00it/s]Deconvoluting Remaining Spots:  89%|████████▊ | 847/957 [07:54<00:49,  2.23it/s]Deconvoluting Remaining Spots:  89%|████████▊ | 848/957 [07:55<00:52,  2.07it/s]Deconvoluting Remaining Spots:  89%|████████▊ | 849/957 [07:55<00:58,  1.85it/s]Deconvoluting Remaining Spots:  89%|████████▉ | 850/957 [07:56<00:53,  1.98it/s]Deconvoluting Remaining Spots:  89%|████████▉ | 851/957 [07:57<01:09,  1.53it/s]Deconvoluting Remaining Spots:  89%|████████▉ | 853/957 [07:57<00:54,  1.92it/s]Deconvoluting Remaining Spots:  89%|████████▉ | 854/957 [07:58<00:59,  1.74it/s]Deconvoluting Remaining Spots:  89%|████████▉ | 855/957 [07:59<00:51,  1.97it/s]Deconvoluting Remaining Spots:  89%|████████▉ | 856/957 [07:59<00:50,  2.02it/s]Deconvoluting Remaining Spots:  90%|████████▉ | 857/957 [08:00<01:03,  1.58it/s]Deconvoluting Remaining Spots:  90%|████████▉ | 858/957 [08:00<00:49,  2.01it/s]Deconvoluting Remaining Spots:  90%|████████▉ | 859/957 [08:01<00:59,  1.64it/s]Deconvoluting Remaining Spots:  90%|████████▉ | 860/957 [08:01<00:51,  1.87it/s]Deconvoluting Remaining Spots:  90%|████████▉ | 861/957 [08:02<00:50,  1.91it/s]Deconvoluting Remaining Spots:  90%|█████████ | 862/957 [08:02<00:45,  2.10it/s]Deconvoluting Remaining Spots:  90%|█████████ | 863/957 [08:03<00:43,  2.16it/s]Deconvoluting Remaining Spots:  90%|█████████ | 864/957 [08:03<00:43,  2.13it/s]Deconvoluting Remaining Spots:  90%|█████████ | 865/957 [08:04<00:49,  1.87it/s]Deconvoluting Remaining Spots:  90%|█████████ | 866/957 [08:04<00:49,  1.82it/s]Deconvoluting Remaining Spots:  91%|█████████ | 867/957 [08:05<00:48,  1.87it/s]Deconvoluting Remaining Spots:  91%|█████████ | 868/957 [08:05<00:46,  1.93it/s]Deconvoluting Remaining Spots:  91%|█████████ | 869/957 [08:06<00:47,  1.84it/s]Deconvoluting Remaining Spots:  91%|█████████ | 870/957 [08:07<00:51,  1.68it/s]Deconvoluting Remaining Spots:  91%|█████████ | 871/957 [08:07<00:44,  1.91it/s]Deconvoluting Remaining Spots:  91%|█████████ | 872/957 [08:08<00:50,  1.68it/s]Deconvoluting Remaining Spots:  91%|█████████ | 873/957 [08:08<00:43,  1.92it/s]Deconvoluting Remaining Spots:  91%|█████████▏| 874/957 [08:09<00:50,  1.65it/s]Deconvoluting Remaining Spots:  91%|█████████▏| 875/957 [08:09<00:43,  1.89it/s]Deconvoluting Remaining Spots:  92%|█████████▏| 876/957 [08:10<00:47,  1.72it/s]Deconvoluting Remaining Spots:  92%|█████████▏| 877/957 [08:10<00:41,  1.95it/s]Deconvoluting Remaining Spots:  92%|█████████▏| 878/957 [08:11<00:39,  2.01it/s]Deconvoluting Remaining Spots:  92%|█████████▏| 879/957 [08:11<00:40,  1.92it/s]Deconvoluting Remaining Spots:  92%|█████████▏| 880/957 [08:13<00:55,  1.40it/s]Deconvoluting Remaining Spots:  92%|█████████▏| 881/957 [08:13<00:49,  1.53it/s]Deconvoluting Remaining Spots:  92%|█████████▏| 883/957 [08:14<00:38,  1.93it/s]Deconvoluting Remaining Spots:  92%|█████████▏| 884/957 [08:14<00:31,  2.30it/s]Deconvoluting Remaining Spots:  92%|█████████▏| 885/957 [08:15<00:33,  2.16it/s]Deconvoluting Remaining Spots:  93%|█████████▎| 886/957 [08:15<00:37,  1.88it/s]Deconvoluting Remaining Spots:  93%|█████████▎| 887/957 [08:16<00:38,  1.81it/s]Deconvoluting Remaining Spots:  93%|█████████▎| 888/957 [08:16<00:34,  1.99it/s]Deconvoluting Remaining Spots:  93%|█████████▎| 889/957 [08:17<00:35,  1.94it/s]Deconvoluting Remaining Spots:  93%|█████████▎| 890/957 [08:17<00:32,  2.05it/s]Deconvoluting Remaining Spots:  93%|█████████▎| 891/957 [08:18<00:34,  1.91it/s]Deconvoluting Remaining Spots:  93%|█████████▎| 892/957 [08:19<00:37,  1.71it/s]Deconvoluting Remaining Spots:  93%|█████████▎| 893/957 [08:19<00:37,  1.72it/s]Deconvoluting Remaining Spots:  93%|█████████▎| 894/957 [08:20<00:49,  1.28it/s]Deconvoluting Remaining Spots:  94%|█████████▎| 895/957 [08:21<00:41,  1.50it/s]Deconvoluting Remaining Spots:  94%|█████████▎| 896/957 [08:21<00:38,  1.58it/s]Deconvoluting Remaining Spots:  94%|█████████▎| 897/957 [08:22<00:35,  1.67it/s]Deconvoluting Remaining Spots:  94%|█████████▍| 898/957 [08:22<00:34,  1.73it/s]Deconvoluting Remaining Spots:  94%|█████████▍| 899/957 [08:23<00:31,  1.82it/s]Deconvoluting Remaining Spots:  94%|█████████▍| 900/957 [08:23<00:30,  1.86it/s]2026-02-17 22:35:39,079 - root - INFO - Saved checkpoint after 900 completed spots
Deconvoluting Remaining Spots:  94%|█████████▍| 901/957 [08:41<05:15,  5.63s/it]Deconvoluting Remaining Spots:  97%|█████████▋| 932/957 [08:42<00:10,  2.42it/s]Deconvoluting Remaining Spots:  98%|█████████▊| 934/957 [08:43<00:09,  2.37it/s]Deconvoluting Remaining Spots:  98%|█████████▊| 936/957 [08:44<00:09,  2.33it/s]Deconvoluting Remaining Spots:  98%|█████████▊| 937/957 [08:44<00:08,  2.28it/s]Deconvoluting Remaining Spots:  98%|█████████▊| 938/957 [08:45<00:08,  2.19it/s]Deconvoluting Remaining Spots:  98%|█████████▊| 939/957 [08:45<00:08,  2.22it/s]Deconvoluting Remaining Spots:  98%|█████████▊| 940/957 [08:46<00:08,  2.04it/s]Deconvoluting Remaining Spots:  98%|█████████▊| 941/957 [08:47<00:09,  1.70it/s]Deconvoluting Remaining Spots:  98%|█████████▊| 942/957 [08:47<00:07,  1.88it/s]Deconvoluting Remaining Spots:  99%|█████████▊| 943/957 [08:48<00:06,  2.05it/s]Deconvoluting Remaining Spots:  99%|█████████▊| 944/957 [08:48<00:06,  2.04it/s]Deconvoluting Remaining Spots:  99%|█████████▊| 945/957 [08:49<00:05,  2.13it/s]Deconvoluting Remaining Spots:  99%|█████████▉| 946/957 [08:49<00:05,  2.02it/s]Deconvoluting Remaining Spots:  99%|█████████▉| 947/957 [08:50<00:04,  2.03it/s]Deconvoluting Remaining Spots:  99%|█████████▉| 948/957 [08:50<00:04,  2.03it/s]Deconvoluting Remaining Spots:  99%|█████████▉| 949/957 [08:51<00:04,  1.90it/s]Deconvoluting Remaining Spots:  99%|█████████▉| 950/957 [08:51<00:03,  1.93it/s]Deconvoluting Remaining Spots:  99%|█████████▉| 951/957 [08:52<00:03,  1.77it/s]Deconvoluting Remaining Spots:  99%|█████████▉| 952/957 [08:52<00:02,  1.93it/s]Deconvoluting Remaining Spots: 100%|█████████▉| 953/957 [08:53<00:02,  1.85it/s]Deconvoluting Remaining Spots: 100%|█████████▉| 954/957 [08:53<00:01,  1.89it/s]Deconvoluting Remaining Spots: 100%|█████████▉| 955/957 [08:54<00:01,  1.74it/s]Deconvoluting Remaining Spots: 100%|█████████▉| 956/957 [08:54<00:00,  2.07it/s]Deconvoluting Remaining Spots: 100%|██████████| 957/957 [08:55<00:00,  1.81it/s]Deconvoluting Remaining Spots: 100%|██████████| 957/957 [08:55<00:00,  1.79it/s]
2026-02-17 22:36:09,120 - root - INFO - Saved final results with 957 completed spots
2026-02-17 22:36:21,657 - root - INFO - Saved profiles to Benchmarking/simulation_benchmarking/CITEgeist/output_discrete_global/mixed/dapi/mixed/dapi/Wu_rep_2/Wu_rep_2_gene_expression_pass1.parquet with cell types: ['B-cells', 'CAFs', 'Cancer Epithelial', 'Endothelial', 'Myeloid', 'Normal Epithelial', 'PVL', 'Plasmablasts', 'T-cells']
2026-02-17 22:36:25,653 - root - INFO - Successfully added layer: Endothelial_genes_pass1
2026-02-17 22:36:26,167 - root - INFO - Successfully added layer: B-cells_genes_pass1
2026-02-17 22:36:26,686 - root - INFO - Successfully added layer: Cancer_Epithelial_genes_pass1
2026-02-17 22:36:27,199 - root - INFO - Successfully added layer: Normal_Epithelial_genes_pass1
2026-02-17 22:36:27,711 - root - INFO - Successfully added layer: CAFs_genes_pass1
2026-02-17 22:36:28,224 - root - INFO - Successfully added layer: Plasmablasts_genes_pass1
2026-02-17 22:36:28,736 - root - INFO - Successfully added layer: T-cells_genes_pass1
2026-02-17 22:36:29,249 - root - INFO - Successfully added layer: Myeloid_genes_pass1
2026-02-17 22:36:29,761 - root - INFO - Successfully added layer: PVL_genes_pass1
2026-02-17 22:36:57,053 - root - INFO - Exported layer 'Endothelial_genes_pass1' to 'Benchmarking/simulation_benchmarking/CITEgeist/output_discrete_global/mixed/dapi/mixed/dapi/Wu_rep_2/Wu_rep_2_pass1/layers/pass1/Endothelial_layer_pass1.csv'
2026-02-17 22:37:24,323 - root - INFO - Exported layer 'B-cells_genes_pass1' to 'Benchmarking/simulation_benchmarking/CITEgeist/output_discrete_global/mixed/dapi/mixed/dapi/Wu_rep_2/Wu_rep_2_pass1/layers/pass1/B-cells_layer_pass1.csv'
2026-02-17 22:37:51,521 - root - INFO - Exported layer 'Cancer_Epithelial_genes_pass1' to 'Benchmarking/simulation_benchmarking/CITEgeist/output_discrete_global/mixed/dapi/mixed/dapi/Wu_rep_2/Wu_rep_2_pass1/layers/pass1/Cancer_Epithelial_layer_pass1.csv'
2026-02-17 22:38:18,728 - root - INFO - Exported layer 'Normal_Epithelial_genes_pass1' to 'Benchmarking/simulation_benchmarking/CITEgeist/output_discrete_global/mixed/dapi/mixed/dapi/Wu_rep_2/Wu_rep_2_pass1/layers/pass1/Normal_Epithelial_layer_pass1.csv'
2026-02-17 22:38:46,190 - root - INFO - Exported layer 'CAFs_genes_pass1' to 'Benchmarking/simulation_benchmarking/CITEgeist/output_discrete_global/mixed/dapi/mixed/dapi/Wu_rep_2/Wu_rep_2_pass1/layers/pass1/CAFs_layer_pass1.csv'
2026-02-17 22:39:13,259 - root - INFO - Exported layer 'Plasmablasts_genes_pass1' to 'Benchmarking/simulation_benchmarking/CITEgeist/output_discrete_global/mixed/dapi/mixed/dapi/Wu_rep_2/Wu_rep_2_pass1/layers/pass1/Plasmablasts_layer_pass1.csv'
2026-02-17 22:39:40,544 - root - INFO - Exported layer 'T-cells_genes_pass1' to 'Benchmarking/simulation_benchmarking/CITEgeist/output_discrete_global/mixed/dapi/mixed/dapi/Wu_rep_2/Wu_rep_2_pass1/layers/pass1/T-cells_layer_pass1.csv'
2026-02-17 22:40:07,698 - root - INFO - Exported layer 'Myeloid_genes_pass1' to 'Benchmarking/simulation_benchmarking/CITEgeist/output_discrete_global/mixed/dapi/mixed/dapi/Wu_rep_2/Wu_rep_2_pass1/layers/pass1/Myeloid_layer_pass1.csv'
2026-02-17 22:40:34,978 - root - INFO - Exported layer 'PVL_genes_pass1' to 'Benchmarking/simulation_benchmarking/CITEgeist/output_discrete_global/mixed/dapi/mixed/dapi/Wu_rep_2/Wu_rep_2_pass1/layers/pass1/PVL_layer_pass1.csv'
2026-02-17 22:40:34,978 - __main__ - INFO - GEX deconvolution completed in 818.4s
2026-02-17 22:44:37,807 - __main__ - INFO - Exported 9 cell type layers to Benchmarking/simulation_benchmarking/CITEgeist/output_discrete_global/mixed/dapi/mixed/dapi/Wu_rep_2/layers
2026-02-17 22:44:37,825 - __main__ - INFO - Comparing against ground truth GEX: /ix1/alee/LO_LAB/Personal/Brent_Schlegel/bts76/Projects/CITEgeist/Wu_Visium/Simulations/scCube_12k/replicates/mixed/ST_GEX_sim/sample_2/layers
2026-02-17 22:46:54,714 - __main__ - INFO - GEX Average RMSE: 0.1479
2026-02-17 22:46:54,714 - __main__ - INFO - GEX Average NRMSE: 0.0228
2026-02-17 22:46:54,728 - __main__ - INFO - Results saved to Benchmarking/simulation_benchmarking/CITEgeist/output_discrete_global/mixed/dapi/mixed/dapi/Wu_rep_2
