2026-02-17 21:30:03,521 - __main__ - INFO - ============================================================
2026-02-17 21:30:03,521 - __main__ - INFO - BENCHMARK: replicate=3, condition=mixed, mode=dapi
2026-02-17 21:30:03,521 - __main__ - INFO - ============================================================
2026-02-17 21:30:03,522 - __main__ - INFO - Loading image: /ix1/alee/LO_LAB/Personal/Alexander_Chang/alc376/CITEgeist/Benchmarking/simulation_benchmarking/CITEgeist/mixed/images/dapi/Wu_rep_3_cellpose.png
2026-02-17 21:30:04,461 - __main__ - INFO - Image shape: (8000, 8000, 3)
2026-02-17 21:30:04,463 - __main__ - INFO - Running Cellpose with model_type=nuclei
2026-02-17 21:30:07,099 - cellpose.models - WARNING - model_type argument is not used in v4.0.1+. Ignoring this argument...
2026-02-17 21:30:07,099 - cellpose.core - INFO - >>>> using CPU
2026-02-17 21:30:07,099 - cellpose.core - INFO - >>>> using CPU
2026-02-17 21:30:08,783 - cellpose.models - INFO - >>>> loading model /ihome/alee/alc376/.cellpose/models/cpsam
2026-02-17 21:30:10,601 - cellpose.models - WARNING - channels deprecated in v4.0.1+. If data contain more than 3 channels, only the first 3 channels will be used
2026-02-17 21:30:10,663 - cellpose.transforms - INFO - processing image with (8000, 8000) HW, and 3 channels
2026-02-17 22:17:03,987 - __main__ - INFO - Detected 4897 nuclei in 2819.5s
2026-02-17 22:17:04,092 - __main__ - INFO - Nuclei count correlation: 0.987
2026-02-17 22:17:04,093 - __main__ - INFO - Nuclei count RMSE: 0.44
2026-02-17 22:17:04,094 - __main__ - INFO - Loading h5ad files...
2026-02-17 22:17:04,793 - root - INFO - Logging initialized.
2026-02-17 22:17:04,813 - root - INFO - Discrete antibody preprocessing complete: Row sums range [30.81, 48.52], mean=39.75, std=2.82
2026-02-17 22:17:05,272 - root - INFO - Normalization stats:
2026-02-17 22:17:05,272 - root - INFO - Original median total: 52549287164.00
2026-02-17 22:17:05,291 - root - INFO - Mean scaled total: 9979.76
2026-02-17 22:17:05,310 - root - INFO - Max scaled value: 10000.00
2026-02-17 22:17:05,666 - root - INFO - Gene expression data normalized to 10000 counts per spot and validated for discrete count analysis.
2026-02-17 22:17:05,667 - root - INFO - Mapped 18 markers to 9 cell types (preserving marker-level data)
2026-02-17 22:17:05,667 - root - INFO - Running discrete cell assignment: 956 spots, 18 markers, 9 cell types
2026-02-17 22:17:05,668 - root - INFO - Total nuclei: 4897, mean per spot: 5.12
2026-02-17 22:17:05,668 - root - INFO - Discrete cell assignment EM: 956 spots, 18 markers, 9 cell types
2026-02-17 22:17:05,668 - root - INFO - Total nuclei: 4897, mean per spot: 5.12
2026-02-17 22:17:05,669 - root - INFO - 
=== EM Iteration 1/10 ===
2026-02-17 22:17:05,669 - root - INFO - Global IQP: 956 spots x 9 cell types = 8604 integer variables
2026-02-17 22:17:05,669 - root - INFO - Time limit: 600.0s, MIP gap: 5.0%
2026-02-17 22:17:05,702 - gurobipy - INFO - Set parameter LicenseID to value 276015
2026-02-17 22:17:05,702 - gurobipy - INFO - Set parameter GURO_PAR_SPECIAL
2026-02-17 22:17:05,702 - gurobipy - INFO - Set parameter TokenServer to value "license.crc.pitt.edu"
2026-02-17 22:17:05,716 - gurobipy - INFO - Set parameter TimeLimit to value 600
2026-02-17 22:17:05,716 - gurobipy - INFO - Set parameter MIPGap to value 0.05
2026-02-17 22:17:07,353 - root - INFO - Starting global IQP optimization...
2026-02-17 22:17:07,354 - gurobipy - INFO - Gurobi Optimizer version 11.0.2 build v11.0.2rc0 (linux64 - "Red Hat Enterprise Linux 9.6 (Plow)")
2026-02-17 22:17:07,354 - gurobipy - INFO - 
2026-02-17 22:17:07,354 - gurobipy - INFO - CPU model: Intel(R) Xeon(R) Gold 6248R CPU @ 3.00GHz, instruction set [SSE2|AVX|AVX2|AVX512]
2026-02-17 22:17:07,354 - gurobipy - INFO - Thread count: 48 physical cores, 48 logical processors, using up to 32 threads
2026-02-17 22:17:07,354 - gurobipy - INFO - 
2026-02-17 22:17:07,354 - gurobipy - INFO - Optimize a model with 932 rows, 8604 columns and 8388 nonzeros
2026-02-17 22:17:07,355 - gurobipy - INFO - Model fingerprint: 0x4bfef86f
2026-02-17 22:17:07,355 - gurobipy - INFO - Model has 8604 quadratic objective terms
2026-02-17 22:17:07,355 - gurobipy - INFO - Variable types: 0 continuous, 8604 integer (0 binary)
2026-02-17 22:17:07,355 - gurobipy - INFO - Coefficient statistics:
2026-02-17 22:17:07,355 - gurobipy - INFO -   Matrix range     [1e+00, 1e+00]
2026-02-17 22:17:07,355 - gurobipy - INFO -   Objective range  [5e-02, 4e+00]
2026-02-17 22:17:07,355 - gurobipy - INFO -   QObjective range [4e+00, 4e+00]
2026-02-17 22:17:07,355 - gurobipy - INFO -   Bounds range     [1e+00, 2e+01]
2026-02-17 22:17:07,355 - gurobipy - INFO -   RHS range        [1e+00, 2e+01]
2026-02-17 22:17:07,356 - gurobipy - INFO - 
2026-02-17 22:17:07,356 - gurobipy - INFO - Loaded user MIP start with objective 7558.32
2026-02-17 22:17:07,356 - gurobipy - INFO - 
2026-02-17 22:17:15,651 - gurobipy - INFO - Presolve removed 931 rows and 8595 columns (presolve time = 8s) ...
2026-02-17 22:17:15,652 - gurobipy - INFO - Presolve removed 931 rows and 8595 columns
2026-02-17 22:17:15,652 - gurobipy - INFO - Presolve time: 8.30s
2026-02-17 22:17:15,652 - gurobipy - INFO - Presolved: 1 rows, 9 columns, 9 nonzeros
2026-02-17 22:17:15,652 - gurobipy - INFO - Presolved model has 9 quadratic objective terms
2026-02-17 22:17:15,653 - gurobipy - INFO - Found heuristic solution: objective 5510.2985856
2026-02-17 22:17:15,653 - gurobipy - INFO - Variable types: 0 continuous, 9 integer (0 binary)
2026-02-17 22:17:15,654 - gurobipy - INFO - 
2026-02-17 22:17:15,654 - gurobipy - INFO - Explored 0 nodes (0 simplex iterations) in 8.30 seconds (0.21 work units)
2026-02-17 22:17:15,654 - gurobipy - INFO - Thread count was 32 (of 48 available processors)
2026-02-17 22:17:15,654 - gurobipy - INFO - 
2026-02-17 22:17:15,654 - gurobipy - INFO - Solution count 2: 5510.3 7558.32 
2026-02-17 22:17:15,654 - gurobipy - INFO - 
2026-02-17 22:17:15,654 - gurobipy - INFO - Optimal solution found (tolerance 5.00e-02)
2026-02-17 22:17:15,654 - gurobipy - INFO - Best objective 5.510298585584e+03, best bound 5.499857027143e+03, gap 0.1895%
2026-02-17 22:17:15,673 - root - INFO - Global IQP solved: status=2, gap=0.19%, time=8.3s
/ix1/alee/LO_LAB/Personal/Alexander_Chang/alc376/CITEgeist/CITEgeist/model/gurobi_impl.py:3692: RuntimeWarning: invalid value encountered in scalar divide
  loss_change = abs(prev_loss - loss) / max(abs(prev_loss), 1e-10)
2026-02-17 22:17:15,731 - root - INFO -   Loss: 1323.4648 (change: nan)
2026-02-17 22:17:15,731 - root - INFO -   Beta range: [0.297, 0.455]
2026-02-17 22:17:15,731 - root - INFO -   Max beta change: 0.703297
2026-02-17 22:17:15,731 - root - INFO -   Cell count range: [0, 17]
2026-02-17 22:17:15,731 - root - INFO -     B-cells: 458 cells (9.4%)
2026-02-17 22:17:15,732 - root - INFO -     CAFs: 645 cells (13.2%)
2026-02-17 22:17:15,732 - root - INFO -     Cancer Epithelial: 718 cells (14.7%)
2026-02-17 22:17:15,732 - root - INFO -     Endothelial: 539 cells (11.0%)
2026-02-17 22:17:15,732 - root - INFO -     Myeloid: 490 cells (10.0%)
2026-02-17 22:17:15,732 - root - INFO -     Normal Epithelial: 534 cells (10.9%)
2026-02-17 22:17:15,732 - root - INFO -     PVL: 515 cells (10.5%)
2026-02-17 22:17:15,732 - root - INFO -     Plasmablasts: 526 cells (10.7%)
2026-02-17 22:17:15,732 - root - INFO -     T-cells: 472 cells (9.6%)
2026-02-17 22:17:15,732 - root - INFO - 
=== EM Iteration 2/10 ===
2026-02-17 22:17:15,732 - root - INFO - Global IQP: 956 spots x 9 cell types = 8604 integer variables
2026-02-17 22:17:15,732 - root - INFO - Time limit: 600.0s, MIP gap: 5.0%
2026-02-17 22:17:15,732 - gurobipy - INFO - Set parameter TimeLimit to value 600
2026-02-17 22:17:15,732 - gurobipy - INFO - Set parameter MIPGap to value 0.05
2026-02-17 22:17:17,093 - root - INFO - Starting global IQP optimization...
2026-02-17 22:17:17,094 - gurobipy - INFO - Gurobi Optimizer version 11.0.2 build v11.0.2rc0 (linux64 - "Red Hat Enterprise Linux 9.6 (Plow)")
2026-02-17 22:17:17,094 - gurobipy - INFO - 
2026-02-17 22:17:17,094 - gurobipy - INFO - CPU model: Intel(R) Xeon(R) Gold 6248R CPU @ 3.00GHz, instruction set [SSE2|AVX|AVX2|AVX512]
2026-02-17 22:17:17,094 - gurobipy - INFO - Thread count: 48 physical cores, 48 logical processors, using up to 32 threads
2026-02-17 22:17:17,094 - gurobipy - INFO - 
2026-02-17 22:17:17,094 - gurobipy - INFO - Optimize a model with 932 rows, 8604 columns and 8388 nonzeros
2026-02-17 22:17:17,094 - gurobipy - INFO - Model fingerprint: 0xe5f1942e
2026-02-17 22:17:17,094 - gurobipy - INFO - Model has 8604 quadratic objective terms
2026-02-17 22:17:17,094 - gurobipy - INFO - Variable types: 0 continuous, 8604 integer (0 binary)
2026-02-17 22:17:17,095 - gurobipy - INFO - Coefficient statistics:
2026-02-17 22:17:17,095 - gurobipy - INFO -   Matrix range     [1e+00, 1e+00]
2026-02-17 22:17:17,095 - gurobipy - INFO -   Objective range  [2e-02, 2e+00]
2026-02-17 22:17:17,095 - gurobipy - INFO -   QObjective range [4e-01, 8e-01]
2026-02-17 22:17:17,095 - gurobipy - INFO -   Bounds range     [1e+00, 2e+01]
2026-02-17 22:17:17,095 - gurobipy - INFO -   RHS range        [1e+00, 2e+01]
2026-02-17 22:17:17,095 - gurobipy - INFO - 
2026-02-17 22:17:17,095 - gurobipy - INFO - Loaded user MIP start with objective 1323.46
2026-02-17 22:17:17,095 - gurobipy - INFO - 
2026-02-17 22:17:22,737 - gurobipy - INFO - Presolve removed 931 rows and 8595 columns (presolve time = 6s) ...
2026-02-17 22:17:22,737 - gurobipy - INFO - Presolve removed 931 rows and 8595 columns
2026-02-17 22:17:22,737 - gurobipy - INFO - Presolve time: 5.64s
2026-02-17 22:17:22,737 - gurobipy - INFO - Presolved: 1 rows, 9 columns, 9 nonzeros
2026-02-17 22:17:22,737 - gurobipy - INFO - Presolved model has 9 quadratic objective terms
2026-02-17 22:17:22,738 - gurobipy - INFO - Found heuristic solution: objective 1017.9674239
2026-02-17 22:17:22,738 - gurobipy - INFO - Variable types: 0 continuous, 9 integer (0 binary)
2026-02-17 22:17:22,738 - gurobipy - INFO - 
2026-02-17 22:17:22,738 - gurobipy - INFO - Explored 0 nodes (0 simplex iterations) in 5.64 seconds (0.12 work units)
2026-02-17 22:17:22,739 - gurobipy - INFO - Thread count was 32 (of 48 available processors)
2026-02-17 22:17:22,739 - gurobipy - INFO - 
2026-02-17 22:17:22,739 - gurobipy - INFO - Solution count 2: 1017.97 1323.46 
2026-02-17 22:17:22,739 - gurobipy - INFO - 
2026-02-17 22:17:22,739 - gurobipy - INFO - Optimal solution found (tolerance 5.00e-02)
2026-02-17 22:17:22,739 - gurobipy - INFO - Best objective 1.017967423861e+03, best bound 1.014368952914e+03, gap 0.3535%
2026-02-17 22:17:22,756 - root - INFO - Global IQP solved: status=2, gap=0.35%, time=5.6s
2026-02-17 22:17:22,805 - root - INFO -   Loss: 1008.3384 (change: 0.238107)
2026-02-17 22:17:22,805 - root - INFO -   Beta range: [0.248, 0.432]
2026-02-17 22:17:22,805 - root - INFO -   Max beta change: 0.048308
2026-02-17 22:17:22,805 - root - INFO -   Cell count range: [0, 17]
2026-02-17 22:17:22,805 - root - INFO -     B-cells: 482 cells (9.8%)
2026-02-17 22:17:22,805 - root - INFO -     CAFs: 640 cells (13.1%)
2026-02-17 22:17:22,805 - root - INFO -     Cancer Epithelial: 715 cells (14.6%)
2026-02-17 22:17:22,805 - root - INFO -     Endothelial: 531 cells (10.8%)
2026-02-17 22:17:22,805 - root - INFO -     Myeloid: 481 cells (9.8%)
2026-02-17 22:17:22,805 - root - INFO -     Normal Epithelial: 525 cells (10.7%)
2026-02-17 22:17:22,805 - root - INFO -     PVL: 506 cells (10.3%)
2026-02-17 22:17:22,805 - root - INFO -     Plasmablasts: 547 cells (11.2%)
2026-02-17 22:17:22,805 - root - INFO -     T-cells: 470 cells (9.6%)
2026-02-17 22:17:22,805 - root - INFO - 
=== EM Iteration 3/10 ===
2026-02-17 22:17:22,805 - root - INFO - Global IQP: 956 spots x 9 cell types = 8604 integer variables
2026-02-17 22:17:22,805 - root - INFO - Time limit: 600.0s, MIP gap: 5.0%
2026-02-17 22:17:22,805 - gurobipy - INFO - Set parameter TimeLimit to value 600
2026-02-17 22:17:22,805 - gurobipy - INFO - Set parameter MIPGap to value 0.05
2026-02-17 22:17:24,390 - root - INFO - Starting global IQP optimization...
2026-02-17 22:17:24,390 - gurobipy - INFO - Gurobi Optimizer version 11.0.2 build v11.0.2rc0 (linux64 - "Red Hat Enterprise Linux 9.6 (Plow)")
2026-02-17 22:17:24,390 - gurobipy - INFO - 
2026-02-17 22:17:24,390 - gurobipy - INFO - CPU model: Intel(R) Xeon(R) Gold 6248R CPU @ 3.00GHz, instruction set [SSE2|AVX|AVX2|AVX512]
2026-02-17 22:17:24,390 - gurobipy - INFO - Thread count: 48 physical cores, 48 logical processors, using up to 32 threads
2026-02-17 22:17:24,390 - gurobipy - INFO - 
2026-02-17 22:17:24,390 - gurobipy - INFO - Optimize a model with 932 rows, 8604 columns and 8388 nonzeros
2026-02-17 22:17:24,391 - gurobipy - INFO - Model fingerprint: 0x383550e7
2026-02-17 22:17:24,391 - gurobipy - INFO - Model has 8604 quadratic objective terms
2026-02-17 22:17:24,391 - gurobipy - INFO - Variable types: 0 continuous, 8604 integer (0 binary)
2026-02-17 22:17:24,391 - gurobipy - INFO - Coefficient statistics:
2026-02-17 22:17:24,391 - gurobipy - INFO -   Matrix range     [1e+00, 1e+00]
2026-02-17 22:17:24,391 - gurobipy - INFO -   Objective range  [2e-02, 2e+00]
2026-02-17 22:17:24,391 - gurobipy - INFO -   QObjective range [3e-01, 7e-01]
2026-02-17 22:17:24,391 - gurobipy - INFO -   Bounds range     [1e+00, 2e+01]
2026-02-17 22:17:24,391 - gurobipy - INFO -   RHS range        [1e+00, 2e+01]
2026-02-17 22:17:24,391 - gurobipy - INFO - 
2026-02-17 22:17:24,391 - gurobipy - INFO - Loaded user MIP start with objective 1008.34
2026-02-17 22:17:24,391 - gurobipy - INFO - 
2026-02-17 22:17:30,183 - gurobipy - INFO - Presolve removed 931 rows and 8595 columns (presolve time = 6s) ...
2026-02-17 22:17:30,184 - gurobipy - INFO - Presolve removed 931 rows and 8595 columns
2026-02-17 22:17:30,184 - gurobipy - INFO - Presolve time: 5.79s
2026-02-17 22:17:30,184 - gurobipy - INFO - Presolved: 1 rows, 9 columns, 9 nonzeros
2026-02-17 22:17:30,184 - gurobipy - INFO - Presolved model has 9 quadratic objective terms
2026-02-17 22:17:30,185 - gurobipy - INFO - Found heuristic solution: objective 1005.7694577
2026-02-17 22:17:30,185 - gurobipy - INFO - Variable types: 0 continuous, 9 integer (0 binary)
2026-02-17 22:17:30,185 - gurobipy - INFO - 
2026-02-17 22:17:30,185 - gurobipy - INFO - Explored 0 nodes (0 simplex iterations) in 5.79 seconds (0.11 work units)
2026-02-17 22:17:30,185 - gurobipy - INFO - Thread count was 32 (of 48 available processors)
2026-02-17 22:17:30,185 - gurobipy - INFO - 
2026-02-17 22:17:30,185 - gurobipy - INFO - Solution count 2: 1005.77 1008.34 
2026-02-17 22:17:30,185 - gurobipy - INFO - 
2026-02-17 22:17:30,185 - gurobipy - INFO - Optimal solution found (tolerance 5.00e-02)
2026-02-17 22:17:30,185 - gurobipy - INFO - Best objective 1.005769457683e+03, best bound 1.002267893197e+03, gap 0.3481%
2026-02-17 22:17:30,202 - root - INFO - Global IQP solved: status=2, gap=0.35%, time=5.8s
2026-02-17 22:17:30,249 - root - INFO -   Loss: 1001.1640 (change: 0.007115)
2026-02-17 22:17:30,249 - root - INFO -   Beta range: [0.226, 0.417]
2026-02-17 22:17:30,249 - root - INFO -   Max beta change: 0.022064
2026-02-17 22:17:30,249 - root - INFO -   Cell count range: [0, 17]
2026-02-17 22:17:30,249 - root - INFO -     B-cells: 480 cells (9.8%)
2026-02-17 22:17:30,249 - root - INFO -     CAFs: 646 cells (13.2%)
2026-02-17 22:17:30,249 - root - INFO -     Cancer Epithelial: 722 cells (14.7%)
2026-02-17 22:17:30,249 - root - INFO -     Endothelial: 517 cells (10.6%)
2026-02-17 22:17:30,249 - root - INFO -     Myeloid: 469 cells (9.6%)
2026-02-17 22:17:30,249 - root - INFO -     Normal Epithelial: 528 cells (10.8%)
2026-02-17 22:17:30,249 - root - INFO -     PVL: 511 cells (10.4%)
2026-02-17 22:17:30,249 - root - INFO -     Plasmablasts: 569 cells (11.6%)
2026-02-17 22:17:30,249 - root - INFO -     T-cells: 455 cells (9.3%)
2026-02-17 22:17:30,249 - root - INFO - 
=== EM Iteration 4/10 ===
2026-02-17 22:17:30,249 - root - INFO - Global IQP: 956 spots x 9 cell types = 8604 integer variables
2026-02-17 22:17:30,249 - root - INFO - Time limit: 600.0s, MIP gap: 5.0%
2026-02-17 22:17:30,249 - gurobipy - INFO - Set parameter TimeLimit to value 600
2026-02-17 22:17:30,249 - gurobipy - INFO - Set parameter MIPGap to value 0.05
2026-02-17 22:17:32,084 - root - INFO - Starting global IQP optimization...
2026-02-17 22:17:32,085 - gurobipy - INFO - Gurobi Optimizer version 11.0.2 build v11.0.2rc0 (linux64 - "Red Hat Enterprise Linux 9.6 (Plow)")
2026-02-17 22:17:32,085 - gurobipy - INFO - 
2026-02-17 22:17:32,085 - gurobipy - INFO - CPU model: Intel(R) Xeon(R) Gold 6248R CPU @ 3.00GHz, instruction set [SSE2|AVX|AVX2|AVX512]
2026-02-17 22:17:32,085 - gurobipy - INFO - Thread count: 48 physical cores, 48 logical processors, using up to 32 threads
2026-02-17 22:17:32,085 - gurobipy - INFO - 
2026-02-17 22:17:32,085 - gurobipy - INFO - Optimize a model with 932 rows, 8604 columns and 8388 nonzeros
2026-02-17 22:17:32,085 - gurobipy - INFO - Model fingerprint: 0x78ee7c6a
2026-02-17 22:17:32,085 - gurobipy - INFO - Model has 8604 quadratic objective terms
2026-02-17 22:17:32,085 - gurobipy - INFO - Variable types: 0 continuous, 8604 integer (0 binary)
2026-02-17 22:17:32,085 - gurobipy - INFO - Coefficient statistics:
2026-02-17 22:17:32,085 - gurobipy - INFO -   Matrix range     [1e+00, 1e+00]
2026-02-17 22:17:32,085 - gurobipy - INFO -   Objective range  [7e-04, 2e+00]
2026-02-17 22:17:32,085 - gurobipy - INFO -   QObjective range [3e-01, 7e-01]
2026-02-17 22:17:32,086 - gurobipy - INFO -   Bounds range     [1e+00, 2e+01]
2026-02-17 22:17:32,086 - gurobipy - INFO -   RHS range        [1e+00, 2e+01]
2026-02-17 22:17:32,086 - gurobipy - INFO - 
2026-02-17 22:17:32,086 - gurobipy - INFO - Loaded user MIP start with objective 1001.16
2026-02-17 22:17:32,086 - gurobipy - INFO - 
2026-02-17 22:17:36,153 - gurobipy - INFO - Presolve removed 931 rows and 8595 columns
2026-02-17 22:17:36,154 - gurobipy - INFO - Presolve time: 4.07s
2026-02-17 22:17:36,154 - gurobipy - INFO - Presolved: 1 rows, 9 columns, 9 nonzeros
2026-02-17 22:17:36,154 - gurobipy - INFO - Presolved model has 9 quadratic objective terms
2026-02-17 22:17:36,154 - gurobipy - INFO - Found heuristic solution: objective 1000.1747752
2026-02-17 22:17:36,154 - gurobipy - INFO - Variable types: 0 continuous, 9 integer (0 binary)
2026-02-17 22:17:36,155 - gurobipy - INFO - 
2026-02-17 22:17:36,155 - gurobipy - INFO - Explored 0 nodes (0 simplex iterations) in 4.07 seconds (0.11 work units)
2026-02-17 22:17:36,155 - gurobipy - INFO - Thread count was 32 (of 48 available processors)
2026-02-17 22:17:36,155 - gurobipy - INFO - 
2026-02-17 22:17:36,155 - gurobipy - INFO - Solution count 2: 1000.17 1001.16 
2026-02-17 22:17:36,155 - gurobipy - INFO - 
2026-02-17 22:17:36,155 - gurobipy - INFO - Optimal solution found (tolerance 5.00e-02)
2026-02-17 22:17:36,155 - gurobipy - INFO - Best objective 1.000174775167e+03, best bound 9.966875243314e+02, gap 0.3487%
2026-02-17 22:17:36,172 - root - INFO - Global IQP solved: status=2, gap=0.35%, time=4.1s
2026-02-17 22:17:36,240 - root - INFO -   Loss: 992.3778 (change: 0.008776)
2026-02-17 22:17:36,240 - root - INFO -   Beta range: [0.197, 0.404]
2026-02-17 22:17:36,240 - root - INFO -   Max beta change: 0.029056
2026-02-17 22:17:36,240 - root - INFO -   Cell count range: [0, 17]
2026-02-17 22:17:36,240 - root - INFO -     B-cells: 479 cells (9.8%)
2026-02-17 22:17:36,240 - root - INFO -     CAFs: 657 cells (13.4%)
2026-02-17 22:17:36,240 - root - INFO -     Cancer Epithelial: 722 cells (14.7%)
2026-02-17 22:17:36,240 - root - INFO -     Endothelial: 499 cells (10.2%)
2026-02-17 22:17:36,240 - root - INFO -     Myeloid: 456 cells (9.3%)
2026-02-17 22:17:36,240 - root - INFO -     Normal Epithelial: 536 cells (10.9%)
2026-02-17 22:17:36,240 - root - INFO -     PVL: 518 cells (10.6%)
2026-02-17 22:17:36,240 - root - INFO -     Plasmablasts: 593 cells (12.1%)
2026-02-17 22:17:36,240 - root - INFO -     T-cells: 437 cells (8.9%)
2026-02-17 22:17:36,240 - root - INFO - 
=== EM Iteration 5/10 ===
2026-02-17 22:17:36,240 - root - INFO - Global IQP: 956 spots x 9 cell types = 8604 integer variables
2026-02-17 22:17:36,240 - root - INFO - Time limit: 600.0s, MIP gap: 5.0%
2026-02-17 22:17:36,240 - gurobipy - INFO - Set parameter TimeLimit to value 600
2026-02-17 22:17:36,240 - gurobipy - INFO - Set parameter MIPGap to value 0.05
2026-02-17 22:17:37,622 - root - INFO - Starting global IQP optimization...
2026-02-17 22:17:37,622 - gurobipy - INFO - Gurobi Optimizer version 11.0.2 build v11.0.2rc0 (linux64 - "Red Hat Enterprise Linux 9.6 (Plow)")
2026-02-17 22:17:37,622 - gurobipy - INFO - 
2026-02-17 22:17:37,622 - gurobipy - INFO - CPU model: Intel(R) Xeon(R) Gold 6248R CPU @ 3.00GHz, instruction set [SSE2|AVX|AVX2|AVX512]
2026-02-17 22:17:37,622 - gurobipy - INFO - Thread count: 48 physical cores, 48 logical processors, using up to 32 threads
2026-02-17 22:17:37,622 - gurobipy - INFO - 
2026-02-17 22:17:37,622 - gurobipy - INFO - Optimize a model with 932 rows, 8604 columns and 8388 nonzeros
2026-02-17 22:17:37,623 - gurobipy - INFO - Model fingerprint: 0xb3b571db
2026-02-17 22:17:37,623 - gurobipy - INFO - Model has 8604 quadratic objective terms
2026-02-17 22:17:37,623 - gurobipy - INFO - Variable types: 0 continuous, 8604 integer (0 binary)
2026-02-17 22:17:37,623 - gurobipy - INFO - Coefficient statistics:
2026-02-17 22:17:37,623 - gurobipy - INFO -   Matrix range     [1e+00, 1e+00]
2026-02-17 22:17:37,623 - gurobipy - INFO -   Objective range  [7e-03, 2e+00]
2026-02-17 22:17:37,623 - gurobipy - INFO -   QObjective range [2e-01, 6e-01]
2026-02-17 22:17:37,623 - gurobipy - INFO -   Bounds range     [1e+00, 2e+01]
2026-02-17 22:17:37,623 - gurobipy - INFO -   RHS range        [1e+00, 2e+01]
2026-02-17 22:17:37,623 - gurobipy - INFO - 
2026-02-17 22:17:37,623 - gurobipy - INFO - Loaded user MIP start with objective 992.378
2026-02-17 22:17:37,623 - gurobipy - INFO - 
2026-02-17 22:17:44,122 - gurobipy - INFO - Presolve removed 931 rows and 8595 columns (presolve time = 6s) ...
2026-02-17 22:17:44,123 - gurobipy - INFO - Presolve removed 931 rows and 8595 columns
2026-02-17 22:17:44,123 - gurobipy - INFO - Presolve time: 6.50s
2026-02-17 22:17:44,123 - gurobipy - INFO - Presolved: 1 rows, 9 columns, 9 nonzeros
2026-02-17 22:17:44,123 - gurobipy - INFO - Presolved model has 9 quadratic objective terms
2026-02-17 22:17:44,123 - gurobipy - INFO - Found heuristic solution: objective 991.2834662
2026-02-17 22:17:44,123 - gurobipy - INFO - Variable types: 0 continuous, 9 integer (0 binary)
2026-02-17 22:17:44,124 - gurobipy - INFO - 
2026-02-17 22:17:44,124 - gurobipy - INFO - Explored 0 nodes (0 simplex iterations) in 6.50 seconds (0.11 work units)
2026-02-17 22:17:44,124 - gurobipy - INFO - Thread count was 32 (of 48 available processors)
2026-02-17 22:17:44,124 - gurobipy - INFO - 
2026-02-17 22:17:44,124 - gurobipy - INFO - Solution count 2: 991.283 992.378 
2026-02-17 22:17:44,124 - gurobipy - INFO - 
2026-02-17 22:17:44,124 - gurobipy - INFO - Optimal solution found (tolerance 5.00e-02)
2026-02-17 22:17:44,124 - gurobipy - INFO - Best objective 9.912834661628e+02, best bound 9.877940632409e+02, gap 0.3520%
2026-02-17 22:17:44,142 - root - INFO - Global IQP solved: status=2, gap=0.35%, time=6.5s
2026-02-17 22:17:44,194 - root - INFO -   Loss: 992.0125 (change: 0.000368)
2026-02-17 22:17:44,194 - root - INFO -   Beta range: [0.196, 0.391]
2026-02-17 22:17:44,194 - root - INFO -   Max beta change: 0.013666
2026-02-17 22:17:44,194 - root - INFO -   Cell count range: [0, 17]
2026-02-17 22:17:44,194 - root - INFO -     B-cells: 476 cells (9.7%)
2026-02-17 22:17:44,194 - root - INFO -     CAFs: 665 cells (13.6%)
2026-02-17 22:17:44,194 - root - INFO -     Cancer Epithelial: 720 cells (14.7%)
2026-02-17 22:17:44,194 - root - INFO -     Endothelial: 495 cells (10.1%)
2026-02-17 22:17:44,194 - root - INFO -     Myeloid: 452 cells (9.2%)
2026-02-17 22:17:44,194 - root - INFO -     Normal Epithelial: 544 cells (11.1%)
2026-02-17 22:17:44,194 - root - INFO -     PVL: 523 cells (10.7%)
2026-02-17 22:17:44,194 - root - INFO -     Plasmablasts: 595 cells (12.2%)
2026-02-17 22:17:44,194 - root - INFO -     T-cells: 427 cells (8.7%)
2026-02-17 22:17:44,194 - root - INFO - 
=== EM Iteration 6/10 ===
2026-02-17 22:17:44,194 - root - INFO - Global IQP: 956 spots x 9 cell types = 8604 integer variables
2026-02-17 22:17:44,194 - root - INFO - Time limit: 600.0s, MIP gap: 5.0%
2026-02-17 22:17:44,195 - gurobipy - INFO - Set parameter TimeLimit to value 600
2026-02-17 22:17:44,195 - gurobipy - INFO - Set parameter MIPGap to value 0.05
2026-02-17 22:17:45,769 - root - INFO - Starting global IQP optimization...
2026-02-17 22:17:45,770 - gurobipy - INFO - Gurobi Optimizer version 11.0.2 build v11.0.2rc0 (linux64 - "Red Hat Enterprise Linux 9.6 (Plow)")
2026-02-17 22:17:45,770 - gurobipy - INFO - 
2026-02-17 22:17:45,770 - gurobipy - INFO - CPU model: Intel(R) Xeon(R) Gold 6248R CPU @ 3.00GHz, instruction set [SSE2|AVX|AVX2|AVX512]
2026-02-17 22:17:45,770 - gurobipy - INFO - Thread count: 48 physical cores, 48 logical processors, using up to 32 threads
2026-02-17 22:17:45,770 - gurobipy - INFO - 
2026-02-17 22:17:45,770 - gurobipy - INFO - Optimize a model with 932 rows, 8604 columns and 8388 nonzeros
2026-02-17 22:17:45,770 - gurobipy - INFO - Model fingerprint: 0x5e35b727
2026-02-17 22:17:45,771 - gurobipy - INFO - Model has 8604 quadratic objective terms
2026-02-17 22:17:45,771 - gurobipy - INFO - Variable types: 0 continuous, 8604 integer (0 binary)
2026-02-17 22:17:45,771 - gurobipy - INFO - Coefficient statistics:
2026-02-17 22:17:45,771 - gurobipy - INFO -   Matrix range     [1e+00, 1e+00]
2026-02-17 22:17:45,771 - gurobipy - INFO -   Objective range  [5e-03, 2e+00]
2026-02-17 22:17:45,771 - gurobipy - INFO -   QObjective range [2e-01, 6e-01]
2026-02-17 22:17:45,771 - gurobipy - INFO -   Bounds range     [1e+00, 2e+01]
2026-02-17 22:17:45,771 - gurobipy - INFO -   RHS range        [1e+00, 2e+01]
2026-02-17 22:17:45,771 - gurobipy - INFO - 
2026-02-17 22:17:45,771 - gurobipy - INFO - Loaded user MIP start with objective 992.012
2026-02-17 22:17:45,771 - gurobipy - INFO - 
2026-02-17 22:17:49,594 - gurobipy - INFO - Presolve removed 931 rows and 8595 columns
2026-02-17 22:17:49,594 - gurobipy - INFO - Presolve time: 3.82s
2026-02-17 22:17:49,594 - gurobipy - INFO - Presolved: 1 rows, 9 columns, 9 nonzeros
2026-02-17 22:17:49,594 - gurobipy - INFO - Presolved model has 9 quadratic objective terms
2026-02-17 22:17:49,595 - gurobipy - INFO - Found heuristic solution: objective 991.3013804
2026-02-17 22:17:49,595 - gurobipy - INFO - Variable types: 0 continuous, 9 integer (0 binary)
2026-02-17 22:17:49,595 - gurobipy - INFO - 
2026-02-17 22:17:49,595 - gurobipy - INFO - Explored 0 nodes (0 simplex iterations) in 3.83 seconds (0.11 work units)
2026-02-17 22:17:49,595 - gurobipy - INFO - Thread count was 32 (of 48 available processors)
2026-02-17 22:17:49,595 - gurobipy - INFO - 
2026-02-17 22:17:49,596 - gurobipy - INFO - Solution count 2: 991.301 992.012 
2026-02-17 22:17:49,596 - gurobipy - INFO - 
2026-02-17 22:17:49,596 - gurobipy - INFO - Optimal solution found (tolerance 5.00e-02)
2026-02-17 22:17:49,596 - gurobipy - INFO - Best objective 9.913013803828e+02, best bound 9.878165348255e+02, gap 0.3515%
2026-02-17 22:17:49,612 - root - INFO - Global IQP solved: status=2, gap=0.35%, time=3.8s
2026-02-17 22:17:49,668 - root - INFO -   Loss: 994.6035 (change: 0.002612)
2026-02-17 22:17:49,668 - root - INFO -   Beta range: [0.190, 0.393]
2026-02-17 22:17:49,668 - root - INFO -   Max beta change: 0.013927
2026-02-17 22:17:49,668 - root - INFO -   Cell count range: [0, 17]
2026-02-17 22:17:49,668 - root - INFO -     B-cells: 470 cells (9.6%)
2026-02-17 22:17:49,668 - root - INFO -     CAFs: 671 cells (13.7%)
2026-02-17 22:17:49,668 - root - INFO -     Cancer Epithelial: 724 cells (14.8%)
2026-02-17 22:17:49,668 - root - INFO -     Endothelial: 477 cells (9.7%)
2026-02-17 22:17:49,668 - root - INFO -     Myeloid: 437 cells (8.9%)
2026-02-17 22:17:49,668 - root - INFO -     Normal Epithelial: 547 cells (11.2%)
2026-02-17 22:17:49,668 - root - INFO -     PVL: 530 cells (10.8%)
2026-02-17 22:17:49,668 - root - INFO -     Plasmablasts: 630 cells (12.9%)
2026-02-17 22:17:49,668 - root - INFO -     T-cells: 411 cells (8.4%)
2026-02-17 22:17:49,668 - root - WARNING - Loss increased from 992.0125 to 994.6035
2026-02-17 22:17:49,668 - root - INFO - 
=== EM Iteration 7/10 ===
2026-02-17 22:17:49,668 - root - INFO - Global IQP: 956 spots x 9 cell types = 8604 integer variables
2026-02-17 22:17:49,668 - root - INFO - Time limit: 600.0s, MIP gap: 5.0%
2026-02-17 22:17:49,669 - gurobipy - INFO - Set parameter TimeLimit to value 600
2026-02-17 22:17:49,669 - gurobipy - INFO - Set parameter MIPGap to value 0.05
2026-02-17 22:17:51,243 - root - INFO - Starting global IQP optimization...
2026-02-17 22:17:51,244 - gurobipy - INFO - Gurobi Optimizer version 11.0.2 build v11.0.2rc0 (linux64 - "Red Hat Enterprise Linux 9.6 (Plow)")
2026-02-17 22:17:51,244 - gurobipy - INFO - 
2026-02-17 22:17:51,244 - gurobipy - INFO - CPU model: Intel(R) Xeon(R) Gold 6248R CPU @ 3.00GHz, instruction set [SSE2|AVX|AVX2|AVX512]
2026-02-17 22:17:51,244 - gurobipy - INFO - Thread count: 48 physical cores, 48 logical processors, using up to 32 threads
2026-02-17 22:17:51,244 - gurobipy - INFO - 
2026-02-17 22:17:51,244 - gurobipy - INFO - Optimize a model with 932 rows, 8604 columns and 8388 nonzeros
2026-02-17 22:17:51,244 - gurobipy - INFO - Model fingerprint: 0x55dae72d
2026-02-17 22:17:51,244 - gurobipy - INFO - Model has 8604 quadratic objective terms
2026-02-17 22:17:51,244 - gurobipy - INFO - Variable types: 0 continuous, 8604 integer (0 binary)
2026-02-17 22:17:51,245 - gurobipy - INFO - Coefficient statistics:
2026-02-17 22:17:51,245 - gurobipy - INFO -   Matrix range     [1e+00, 1e+00]
2026-02-17 22:17:51,245 - gurobipy - INFO -   Objective range  [2e-03, 2e+00]
2026-02-17 22:17:51,245 - gurobipy - INFO -   QObjective range [2e-01, 6e-01]
2026-02-17 22:17:51,245 - gurobipy - INFO -   Bounds range     [1e+00, 2e+01]
2026-02-17 22:17:51,245 - gurobipy - INFO -   RHS range        [1e+00, 2e+01]
2026-02-17 22:17:51,245 - gurobipy - INFO - 
2026-02-17 22:17:51,245 - gurobipy - INFO - Loaded user MIP start with objective 994.603
2026-02-17 22:17:51,245 - gurobipy - INFO - 
2026-02-17 22:17:57,272 - gurobipy - INFO - Presolve removed 931 rows and 8595 columns (presolve time = 6s) ...
2026-02-17 22:17:57,272 - gurobipy - INFO - Presolve removed 931 rows and 8595 columns
2026-02-17 22:17:57,272 - gurobipy - INFO - Presolve time: 6.03s
2026-02-17 22:17:57,272 - gurobipy - INFO - Presolved: 1 rows, 9 columns, 9 nonzeros
2026-02-17 22:17:57,272 - gurobipy - INFO - Presolved model has 9 quadratic objective terms
2026-02-17 22:17:57,273 - gurobipy - INFO - Found heuristic solution: objective 993.7776036
2026-02-17 22:17:57,273 - gurobipy - INFO - Variable types: 0 continuous, 9 integer (0 binary)
2026-02-17 22:17:57,273 - gurobipy - INFO - 
2026-02-17 22:17:57,273 - gurobipy - INFO - Explored 0 nodes (0 simplex iterations) in 6.03 seconds (0.11 work units)
2026-02-17 22:17:57,273 - gurobipy - INFO - Thread count was 32 (of 48 available processors)
2026-02-17 22:17:57,273 - gurobipy - INFO - 
2026-02-17 22:17:57,273 - gurobipy - INFO - Solution count 2: 993.778 994.603 
2026-02-17 22:17:57,273 - gurobipy - INFO - 
2026-02-17 22:17:57,273 - gurobipy - INFO - Optimal solution found (tolerance 5.00e-02)
2026-02-17 22:17:57,274 - gurobipy - INFO - Best objective 9.937776035557e+02, best bound 9.903104255862e+02, gap 0.3489%
2026-02-17 22:17:57,293 - root - INFO - Global IQP solved: status=2, gap=0.35%, time=6.0s
2026-02-17 22:17:57,345 - root - INFO -   Loss: 981.9270 (change: 0.012745)
2026-02-17 22:17:57,345 - root - INFO -   Beta range: [0.185, 0.392]
2026-02-17 22:17:57,345 - root - INFO -   Max beta change: 0.013712
2026-02-17 22:17:57,345 - root - INFO -   Cell count range: [0, 17]
2026-02-17 22:17:57,345 - root - INFO -     B-cells: 460 cells (9.4%)
2026-02-17 22:17:57,345 - root - INFO -     CAFs: 679 cells (13.9%)
2026-02-17 22:17:57,345 - root - INFO -     Cancer Epithelial: 738 cells (15.1%)
2026-02-17 22:17:57,345 - root - INFO -     Endothelial: 469 cells (9.6%)
2026-02-17 22:17:57,345 - root - INFO -     Myeloid: 420 cells (8.6%)
2026-02-17 22:17:57,345 - root - INFO -     Normal Epithelial: 542 cells (11.1%)
2026-02-17 22:17:57,345 - root - INFO -     PVL: 532 cells (10.9%)
2026-02-17 22:17:57,345 - root - INFO -     Plasmablasts: 653 cells (13.3%)
2026-02-17 22:17:57,346 - root - INFO -     T-cells: 404 cells (8.2%)
2026-02-17 22:17:57,346 - root - INFO - 
=== EM Iteration 8/10 ===
2026-02-17 22:17:57,346 - root - INFO - Global IQP: 956 spots x 9 cell types = 8604 integer variables
2026-02-17 22:17:57,346 - root - INFO - Time limit: 600.0s, MIP gap: 5.0%
2026-02-17 22:17:57,346 - gurobipy - INFO - Set parameter TimeLimit to value 600
2026-02-17 22:17:57,346 - gurobipy - INFO - Set parameter MIPGap to value 0.05
2026-02-17 22:17:58,938 - root - INFO - Starting global IQP optimization...
2026-02-17 22:17:58,939 - gurobipy - INFO - Gurobi Optimizer version 11.0.2 build v11.0.2rc0 (linux64 - "Red Hat Enterprise Linux 9.6 (Plow)")
2026-02-17 22:17:58,939 - gurobipy - INFO - 
2026-02-17 22:17:58,939 - gurobipy - INFO - CPU model: Intel(R) Xeon(R) Gold 6248R CPU @ 3.00GHz, instruction set [SSE2|AVX|AVX2|AVX512]
2026-02-17 22:17:58,939 - gurobipy - INFO - Thread count: 48 physical cores, 48 logical processors, using up to 32 threads
2026-02-17 22:17:58,939 - gurobipy - INFO - 
2026-02-17 22:17:58,939 - gurobipy - INFO - Optimize a model with 932 rows, 8604 columns and 8388 nonzeros
2026-02-17 22:17:58,939 - gurobipy - INFO - Model fingerprint: 0x1460ed5a
2026-02-17 22:17:58,940 - gurobipy - INFO - Model has 8604 quadratic objective terms
2026-02-17 22:17:58,940 - gurobipy - INFO - Variable types: 0 continuous, 8604 integer (0 binary)
2026-02-17 22:17:58,940 - gurobipy - INFO - Coefficient statistics:
2026-02-17 22:17:58,940 - gurobipy - INFO -   Matrix range     [1e+00, 1e+00]
2026-02-17 22:17:58,940 - gurobipy - INFO -   Objective range  [8e-03, 2e+00]
2026-02-17 22:17:58,940 - gurobipy - INFO -   QObjective range [2e-01, 6e-01]
2026-02-17 22:17:58,940 - gurobipy - INFO -   Bounds range     [1e+00, 2e+01]
2026-02-17 22:17:58,940 - gurobipy - INFO -   RHS range        [1e+00, 2e+01]
2026-02-17 22:17:58,940 - gurobipy - INFO - 
2026-02-17 22:17:58,940 - gurobipy - INFO - Loaded user MIP start with objective 981.927
2026-02-17 22:17:58,940 - gurobipy - INFO - 
2026-02-17 22:18:03,565 - gurobipy - INFO - Presolve removed 931 rows and 8595 columns
2026-02-17 22:18:03,566 - gurobipy - INFO - Presolve time: 4.63s
2026-02-17 22:18:03,566 - gurobipy - INFO - Presolved: 1 rows, 9 columns, 9 nonzeros
2026-02-17 22:18:03,566 - gurobipy - INFO - Presolved model has 9 quadratic objective terms
2026-02-17 22:18:03,566 - gurobipy - INFO - Found heuristic solution: objective 980.8748180
2026-02-17 22:18:03,566 - gurobipy - INFO - Variable types: 0 continuous, 9 integer (0 binary)
2026-02-17 22:18:03,567 - gurobipy - INFO - 
2026-02-17 22:18:03,567 - gurobipy - INFO - Explored 0 nodes (0 simplex iterations) in 4.63 seconds (0.10 work units)
2026-02-17 22:18:03,567 - gurobipy - INFO - Thread count was 32 (of 48 available processors)
2026-02-17 22:18:03,567 - gurobipy - INFO - 
2026-02-17 22:18:03,567 - gurobipy - INFO - Solution count 2: 980.875 981.927 
2026-02-17 22:18:03,567 - gurobipy - INFO - 
2026-02-17 22:18:03,567 - gurobipy - INFO - Optimal solution found (tolerance 5.00e-02)
2026-02-17 22:18:03,567 - gurobipy - INFO - Best objective 9.808748180292e+02, best bound 9.774450017073e+02, gap 0.3497%
2026-02-17 22:18:03,586 - root - INFO - Global IQP solved: status=2, gap=0.35%, time=4.6s
2026-02-17 22:18:03,631 - root - INFO -   Loss: 975.3414 (change: 0.006707)
2026-02-17 22:18:03,631 - root - INFO -   Beta range: [0.183, 0.391]
2026-02-17 22:18:03,631 - root - INFO -   Max beta change: 0.022799
2026-02-17 22:18:03,631 - root - INFO -   Cell count range: [0, 17]
2026-02-17 22:18:03,631 - root - INFO -     B-cells: 443 cells (9.0%)
2026-02-17 22:18:03,631 - root - INFO -     CAFs: 685 cells (14.0%)
2026-02-17 22:18:03,631 - root - INFO -     Cancer Epithelial: 742 cells (15.2%)
2026-02-17 22:18:03,631 - root - INFO -     Endothelial: 468 cells (9.6%)
2026-02-17 22:18:03,631 - root - INFO -     Myeloid: 393 cells (8.0%)
2026-02-17 22:18:03,631 - root - INFO -     Normal Epithelial: 552 cells (11.3%)
2026-02-17 22:18:03,631 - root - INFO -     PVL: 543 cells (11.1%)
2026-02-17 22:18:03,631 - root - INFO -     Plasmablasts: 678 cells (13.8%)
2026-02-17 22:18:03,631 - root - INFO -     T-cells: 393 cells (8.0%)
2026-02-17 22:18:03,631 - root - INFO - 
=== EM Iteration 9/10 ===
2026-02-17 22:18:03,631 - root - INFO - Global IQP: 956 spots x 9 cell types = 8604 integer variables
2026-02-17 22:18:03,631 - root - INFO - Time limit: 600.0s, MIP gap: 5.0%
2026-02-17 22:18:03,631 - gurobipy - INFO - Set parameter TimeLimit to value 600
2026-02-17 22:18:03,631 - gurobipy - INFO - Set parameter MIPGap to value 0.05
2026-02-17 22:18:05,271 - root - INFO - Starting global IQP optimization...
2026-02-17 22:18:05,272 - gurobipy - INFO - Gurobi Optimizer version 11.0.2 build v11.0.2rc0 (linux64 - "Red Hat Enterprise Linux 9.6 (Plow)")
2026-02-17 22:18:05,272 - gurobipy - INFO - 
2026-02-17 22:18:05,272 - gurobipy - INFO - CPU model: Intel(R) Xeon(R) Gold 6248R CPU @ 3.00GHz, instruction set [SSE2|AVX|AVX2|AVX512]
2026-02-17 22:18:05,272 - gurobipy - INFO - Thread count: 48 physical cores, 48 logical processors, using up to 32 threads
2026-02-17 22:18:05,272 - gurobipy - INFO - 
2026-02-17 22:18:05,272 - gurobipy - INFO - Optimize a model with 932 rows, 8604 columns and 8388 nonzeros
2026-02-17 22:18:05,272 - gurobipy - INFO - Model fingerprint: 0x0aa1e898
2026-02-17 22:18:05,272 - gurobipy - INFO - Model has 8604 quadratic objective terms
2026-02-17 22:18:05,272 - gurobipy - INFO - Variable types: 0 continuous, 8604 integer (0 binary)
2026-02-17 22:18:05,272 - gurobipy - INFO - Coefficient statistics:
2026-02-17 22:18:05,272 - gurobipy - INFO -   Matrix range     [1e+00, 1e+00]
2026-02-17 22:18:05,272 - gurobipy - INFO -   Objective range  [2e-03, 2e+00]
2026-02-17 22:18:05,273 - gurobipy - INFO -   QObjective range [2e-01, 6e-01]
2026-02-17 22:18:05,273 - gurobipy - INFO -   Bounds range     [1e+00, 2e+01]
2026-02-17 22:18:05,273 - gurobipy - INFO -   RHS range        [1e+00, 2e+01]
2026-02-17 22:18:05,273 - gurobipy - INFO - 
2026-02-17 22:18:05,273 - gurobipy - INFO - Loaded user MIP start with objective 975.341
2026-02-17 22:18:05,273 - gurobipy - INFO - 
2026-02-17 22:18:10,907 - gurobipy - INFO - Presolve removed 931 rows and 8595 columns (presolve time = 6s) ...
2026-02-17 22:18:10,908 - gurobipy - INFO - Presolve removed 931 rows and 8595 columns
2026-02-17 22:18:10,908 - gurobipy - INFO - Presolve time: 5.63s
2026-02-17 22:18:10,908 - gurobipy - INFO - Presolved: 1 rows, 9 columns, 9 nonzeros
2026-02-17 22:18:10,908 - gurobipy - INFO - Presolved model has 9 quadratic objective terms
2026-02-17 22:18:10,908 - gurobipy - INFO - Found heuristic solution: objective 974.3177828
2026-02-17 22:18:10,908 - gurobipy - INFO - Variable types: 0 continuous, 9 integer (0 binary)
2026-02-17 22:18:10,909 - gurobipy - INFO - 
2026-02-17 22:18:10,909 - gurobipy - INFO - Explored 0 nodes (0 simplex iterations) in 5.64 seconds (0.10 work units)
2026-02-17 22:18:10,909 - gurobipy - INFO - Thread count was 32 (of 48 available processors)
2026-02-17 22:18:10,909 - gurobipy - INFO - 
2026-02-17 22:18:10,909 - gurobipy - INFO - Solution count 2: 974.318 975.341 
2026-02-17 22:18:10,909 - gurobipy - INFO - 
2026-02-17 22:18:10,909 - gurobipy - INFO - Optimal solution found (tolerance 5.00e-02)
2026-02-17 22:18:10,909 - gurobipy - INFO - Best objective 9.743177828436e+02, best bound 9.708808582257e+02, gap 0.3528%
2026-02-17 22:18:10,933 - root - INFO - Global IQP solved: status=2, gap=0.35%, time=5.6s
2026-02-17 22:18:10,986 - root - INFO -   Loss: 972.0912 (change: 0.003332)
2026-02-17 22:18:10,986 - root - INFO -   Beta range: [0.174, 0.390]
2026-02-17 22:18:10,986 - root - INFO -   Max beta change: 0.019143
2026-02-17 22:18:10,986 - root - INFO -   Cell count range: [0, 17]
2026-02-17 22:18:10,986 - root - INFO -     B-cells: 428 cells (8.7%)
2026-02-17 22:18:10,986 - root - INFO -     CAFs: 693 cells (14.2%)
2026-02-17 22:18:10,986 - root - INFO -     Cancer Epithelial: 744 cells (15.2%)
2026-02-17 22:18:10,986 - root - INFO -     Endothelial: 463 cells (9.5%)
2026-02-17 22:18:10,986 - root - INFO -     Myeloid: 365 cells (7.5%)
2026-02-17 22:18:10,986 - root - INFO -     Normal Epithelial: 562 cells (11.5%)
2026-02-17 22:18:10,986 - root - INFO -     PVL: 554 cells (11.3%)
2026-02-17 22:18:10,986 - root - INFO -     Plasmablasts: 701 cells (14.3%)
2026-02-17 22:18:10,986 - root - INFO -     T-cells: 387 cells (7.9%)
2026-02-17 22:18:10,986 - root - INFO - 
=== EM Iteration 10/10 ===
2026-02-17 22:18:10,986 - root - INFO - Global IQP: 956 spots x 9 cell types = 8604 integer variables
2026-02-17 22:18:10,986 - root - INFO - Time limit: 600.0s, MIP gap: 5.0%
2026-02-17 22:18:10,987 - gurobipy - INFO - Set parameter TimeLimit to value 600
2026-02-17 22:18:10,987 - gurobipy - INFO - Set parameter MIPGap to value 0.05
2026-02-17 22:18:12,580 - root - INFO - Starting global IQP optimization...
2026-02-17 22:18:12,580 - gurobipy - INFO - Gurobi Optimizer version 11.0.2 build v11.0.2rc0 (linux64 - "Red Hat Enterprise Linux 9.6 (Plow)")
2026-02-17 22:18:12,581 - gurobipy - INFO - 
2026-02-17 22:18:12,581 - gurobipy - INFO - CPU model: Intel(R) Xeon(R) Gold 6248R CPU @ 3.00GHz, instruction set [SSE2|AVX|AVX2|AVX512]
2026-02-17 22:18:12,581 - gurobipy - INFO - Thread count: 48 physical cores, 48 logical processors, using up to 32 threads
2026-02-17 22:18:12,581 - gurobipy - INFO - 
2026-02-17 22:18:12,581 - gurobipy - INFO - Optimize a model with 932 rows, 8604 columns and 8388 nonzeros
2026-02-17 22:18:12,581 - gurobipy - INFO - Model fingerprint: 0xcb4460e7
2026-02-17 22:18:12,581 - gurobipy - INFO - Model has 8604 quadratic objective terms
2026-02-17 22:18:12,581 - gurobipy - INFO - Variable types: 0 continuous, 8604 integer (0 binary)
2026-02-17 22:18:12,581 - gurobipy - INFO - Coefficient statistics:
2026-02-17 22:18:12,581 - gurobipy - INFO -   Matrix range     [1e+00, 1e+00]
2026-02-17 22:18:12,581 - gurobipy - INFO -   Objective range  [2e-04, 2e+00]
2026-02-17 22:18:12,581 - gurobipy - INFO -   QObjective range [2e-01, 6e-01]
2026-02-17 22:18:12,581 - gurobipy - INFO -   Bounds range     [1e+00, 2e+01]
2026-02-17 22:18:12,581 - gurobipy - INFO -   RHS range        [1e+00, 2e+01]
2026-02-17 22:18:12,581 - gurobipy - INFO - 
2026-02-17 22:18:12,582 - gurobipy - INFO - Loaded user MIP start with objective 972.091
2026-02-17 22:18:12,582 - gurobipy - INFO - 
2026-02-17 22:18:17,137 - gurobipy - INFO - Presolve removed 931 rows and 8595 columns
2026-02-17 22:18:17,138 - gurobipy - INFO - Presolve time: 4.56s
2026-02-17 22:18:17,138 - gurobipy - INFO - Presolved: 1 rows, 9 columns, 9 nonzeros
2026-02-17 22:18:17,138 - gurobipy - INFO - Presolved model has 9 quadratic objective terms
2026-02-17 22:18:17,138 - gurobipy - INFO - Found heuristic solution: objective 971.2415066
2026-02-17 22:18:17,138 - gurobipy - INFO - Variable types: 0 continuous, 9 integer (0 binary)
2026-02-17 22:18:17,139 - gurobipy - INFO - 
2026-02-17 22:18:17,139 - gurobipy - INFO - Explored 0 nodes (0 simplex iterations) in 4.56 seconds (0.10 work units)
2026-02-17 22:18:17,139 - gurobipy - INFO - Thread count was 32 (of 48 available processors)
2026-02-17 22:18:17,139 - gurobipy - INFO - 
2026-02-17 22:18:17,139 - gurobipy - INFO - Solution count 2: 971.242 972.091 
2026-02-17 22:18:17,139 - gurobipy - INFO - 
2026-02-17 22:18:17,139 - gurobipy - INFO - Optimal solution found (tolerance 5.00e-02)
2026-02-17 22:18:17,139 - gurobipy - INFO - Best objective 9.712415066186e+02, best bound 9.678000348828e+02, gap 0.3543%
2026-02-17 22:18:17,162 - root - INFO - Global IQP solved: status=2, gap=0.35%, time=4.6s
2026-02-17 22:18:17,214 - root - INFO -   Loss: 969.3035 (change: 0.002868)
2026-02-17 22:18:17,214 - root - INFO -   Beta range: [0.168, 0.388]
2026-02-17 22:18:17,214 - root - INFO -   Max beta change: 0.018781
2026-02-17 22:18:17,214 - root - INFO -   Cell count range: [0, 17]
2026-02-17 22:18:17,214 - root - INFO -     B-cells: 418 cells (8.5%)
2026-02-17 22:18:17,214 - root - INFO -     CAFs: 694 cells (14.2%)
2026-02-17 22:18:17,214 - root - INFO -     Cancer Epithelial: 748 cells (15.3%)
2026-02-17 22:18:17,214 - root - INFO -     Endothelial: 461 cells (9.4%)
2026-02-17 22:18:17,214 - root - INFO -     Myeloid: 343 cells (7.0%)
2026-02-17 22:18:17,214 - root - INFO -     Normal Epithelial: 566 cells (11.6%)
2026-02-17 22:18:17,214 - root - INFO -     PVL: 567 cells (11.6%)
2026-02-17 22:18:17,214 - root - INFO -     Plasmablasts: 715 cells (14.6%)
2026-02-17 22:18:17,214 - root - INFO -     T-cells: 385 cells (7.9%)
2026-02-17 22:18:17,214 - root - INFO - 
Final beta values:
2026-02-17 22:18:17,214 - root - INFO -   B-cells_Protein_1: β=0.314, α=0.000
2026-02-17 22:18:17,214 - root - INFO -   B-cells_Protein_2: β=0.311, α=0.000
2026-02-17 22:18:17,214 - root - INFO -   CAFs_Protein_1: β=0.368, α=0.000
2026-02-17 22:18:17,215 - root - INFO -   CAFs_Protein_2: β=0.372, α=0.000
2026-02-17 22:18:17,215 - root - INFO -   Cancer Epithelial_Protein_1: β=0.384, α=0.020
2026-02-17 22:18:17,215 - root - INFO -   Cancer Epithelial_Protein_2: β=0.388, α=0.024
2026-02-17 22:18:17,215 - root - INFO -   Endothelial_Protein_1: β=0.324, α=0.000
2026-02-17 22:18:17,215 - root - INFO -   Endothelial_Protein_2: β=0.354, α=0.000
2026-02-17 22:18:17,215 - root - INFO -   Myeloid_Protein_1: β=0.348, α=0.128
2026-02-17 22:18:17,215 - root - INFO -   Myeloid_Protein_2: β=0.307, α=0.154
2026-02-17 22:18:17,215 - root - INFO -   Normal Epithelial_Protein_1: β=0.293, α=0.000
2026-02-17 22:18:17,215 - root - INFO -   Normal Epithelial_Protein_2: β=0.267, α=0.000
2026-02-17 22:18:17,215 - root - INFO -   PVL_Protein_1: β=0.234, α=0.000
2026-02-17 22:18:17,215 - root - INFO -   PVL_Protein_2: β=0.297, α=0.000
2026-02-17 22:18:17,215 - root - INFO -   Plasmablasts_Protein_1: β=0.168, α=0.000
2026-02-17 22:18:17,215 - root - INFO -   Plasmablasts_Protein_2: β=0.194, α=0.037
2026-02-17 22:18:17,215 - root - INFO -   T-cells_Protein_1: β=0.365, α=0.038
2026-02-17 22:18:17,215 - root - INFO -   T-cells_Protein_2: β=0.376, α=0.029
2026-02-17 22:18:17,225 - root - INFO - Saved discrete cell counts to Benchmarking/simulation_benchmarking/CITEgeist/output_discrete_global/mixed/dapi/mixed/dapi/Wu_rep_3/Wu_rep_3_discrete_cell_counts.csv
2026-02-17 22:18:17,231 - root - INFO - Saved derived proportions to Benchmarking/simulation_benchmarking/CITEgeist/output_discrete_global/mixed/dapi/mixed/dapi/Wu_rep_3/Wu_rep_3_cell_prop_discrete.csv
2026-02-17 22:18:17,232 - root - INFO - Cell type distribution:
2026-02-17 22:18:17,232 - root - INFO -   B-cells: 418 cells (8.5%)
2026-02-17 22:18:17,232 - root - INFO -   CAFs: 694 cells (14.2%)
2026-02-17 22:18:17,232 - root - INFO -   Cancer Epithelial: 748 cells (15.3%)
2026-02-17 22:18:17,232 - root - INFO -   Endothelial: 461 cells (9.4%)
2026-02-17 22:18:17,232 - root - INFO -   Myeloid: 343 cells (7.0%)
2026-02-17 22:18:17,232 - root - INFO -   Normal Epithelial: 566 cells (11.6%)
2026-02-17 22:18:17,232 - root - INFO -   PVL: 567 cells (11.6%)
2026-02-17 22:18:17,232 - root - INFO -   Plasmablasts: 715 cells (14.6%)
2026-02-17 22:18:17,232 - root - INFO -   T-cells: 385 cells (7.9%)
2026-02-17 22:18:17,252 - __main__ - INFO - Loaded ground truth proportions: 956 spots, 9 cell types
2026-02-17 22:18:17,256 - __main__ - INFO - Proportion correlation: 0.486
2026-02-17 22:18:17,256 - __main__ - INFO - Proportion RMSE: 0.1926
2026-02-17 22:18:17,256 - __main__ - INFO - Running GEX deconvolution...
2026-02-17 22:18:17,257 - CITEgeist.model.utils - INFO - Detected spot spacing: 1.61 units (median of 956 nearest-neighbor distances)
2026-02-17 22:18:17,257 - CITEgeist.model.utils - INFO - Computed optimal radius: 4.92 (3.0 rings, spot_spacing=1.61)
2026-02-17 22:18:17,258 - root - INFO - Auto-detected radius: 4.92 (3 rings)
2026-02-17 22:18:17,258 - root - INFO - Starting Pass 1: Error minimization with enrichment weights...
2026-02-17 22:18:17,258 - root - INFO - Using discrete mode: cell counts as fixed multipliers
2026-02-17 22:18:17,258 - root - WARNING - Found 24 spots with zero cells. These will be skipped in deconvolution.
2026-02-17 22:18:17,258 - root - WARNING - Found 24 spots with zero or negligible total cell proportions. Deconvolution for these spots may fail and their profiles will be imputed as zeros. Example spot indices: [ 40  41  45 150 212]
2026-02-17 22:18:17,259 - root - INFO - Starting analysis for Wu_rep_3
2026-02-17 22:18:17,259 - root - INFO - Already completed spots: 0
2026-02-17 22:18:17,259 - root - INFO - Using enrichment weights - Global: 0.5, Local: 0.5
2026-02-17 22:18:17,259 - root - INFO - Using 48 workers
2026-02-17 22:18:17,259 - root - INFO - Processing 956 remaining spots
Deconvoluting Remaining Spots:   0%|          | 0/956 [00:00<?, ?it/s]Deconvoluting Remaining Spots:   0%|          | 1/956 [00:07<1:58:53,  7.47s/it]Deconvoluting Remaining Spots:   0%|          | 2/956 [00:08<54:28,  3.43s/it]  Deconvoluting Remaining Spots:   0%|          | 3/956 [00:08<33:21,  2.10s/it]Deconvoluting Remaining Spots:   0%|          | 4/956 [00:09<23:36,  1.49s/it]Deconvoluting Remaining Spots:   1%|          | 5/956 [00:09<18:30,  1.17s/it]Deconvoluting Remaining Spots:   1%|          | 6/956 [00:10<15:14,  1.04it/s]Deconvoluting Remaining Spots:   1%|          | 7/956 [00:10<13:17,  1.19it/s]Deconvoluting Remaining Spots:   1%|          | 8/956 [00:11<12:08,  1.30it/s]Deconvoluting Remaining Spots:   1%|          | 9/956 [00:12<11:15,  1.40it/s]Deconvoluting Remaining Spots:   1%|          | 10/956 [00:12<10:54,  1.44it/s]Deconvoluting Remaining Spots:   1%|          | 11/956 [00:13<10:32,  1.50it/s]Deconvoluting Remaining Spots:   1%|▏         | 12/956 [00:13<10:02,  1.57it/s]Deconvoluting Remaining Spots:   1%|▏         | 13/956 [00:14<09:48,  1.60it/s]Deconvoluting Remaining Spots:   1%|▏         | 14/956 [00:15<09:33,  1.64it/s]Deconvoluting Remaining Spots:   2%|▏         | 15/956 [00:15<09:05,  1.73it/s]Deconvoluting Remaining Spots:   2%|▏         | 16/956 [00:16<09:31,  1.64it/s]Deconvoluting Remaining Spots:   2%|▏         | 17/956 [00:16<09:35,  1.63it/s]Deconvoluting Remaining Spots:   2%|▏         | 18/956 [00:17<11:37,  1.34it/s]Deconvoluting Remaining Spots:   2%|▏         | 19/956 [00:18<08:59,  1.74it/s]Deconvoluting Remaining Spots:   2%|▏         | 20/956 [00:18<08:51,  1.76it/s]Deconvoluting Remaining Spots:   2%|▏         | 21/956 [00:19<08:46,  1.77it/s]Deconvoluting Remaining Spots:   2%|▏         | 22/956 [00:19<08:42,  1.79it/s]Deconvoluting Remaining Spots:   2%|▏         | 23/956 [00:20<08:38,  1.80it/s]Deconvoluting Remaining Spots:   3%|▎         | 24/956 [00:21<09:19,  1.67it/s]Deconvoluting Remaining Spots:   3%|▎         | 25/956 [00:21<09:29,  1.63it/s]Deconvoluting Remaining Spots:   3%|▎         | 26/956 [00:22<08:52,  1.75it/s]Deconvoluting Remaining Spots:   3%|▎         | 27/956 [00:22<09:09,  1.69it/s]Deconvoluting Remaining Spots:   3%|▎         | 28/956 [00:23<08:50,  1.75it/s]Deconvoluting Remaining Spots:   3%|▎         | 29/956 [00:23<08:53,  1.74it/s]Deconvoluting Remaining Spots:   3%|▎         | 30/956 [00:24<09:04,  1.70it/s]Deconvoluting Remaining Spots:   3%|▎         | 31/956 [00:25<09:17,  1.66it/s]Deconvoluting Remaining Spots:   3%|▎         | 32/956 [00:25<09:01,  1.71it/s]Deconvoluting Remaining Spots:   3%|▎         | 33/956 [00:26<09:12,  1.67it/s]Deconvoluting Remaining Spots:   4%|▎         | 34/956 [00:26<09:10,  1.67it/s]Deconvoluting Remaining Spots:   4%|▎         | 35/956 [00:27<09:17,  1.65it/s]Deconvoluting Remaining Spots:   4%|▍         | 36/956 [00:28<08:39,  1.77it/s]Deconvoluting Remaining Spots:   4%|▍         | 37/956 [00:28<09:18,  1.65it/s]Deconvoluting Remaining Spots:   4%|▍         | 38/956 [00:29<09:56,  1.54it/s]Deconvoluting Remaining Spots:   4%|▍         | 39/956 [00:30<09:34,  1.60it/s]Deconvoluting Remaining Spots:   4%|▍         | 40/956 [00:30<09:29,  1.61it/s]Deconvoluting Remaining Spots:   4%|▍         | 41/956 [00:31<08:56,  1.71it/s]Deconvoluting Remaining Spots:   4%|▍         | 42/956 [00:31<08:59,  1.69it/s]Deconvoluting Remaining Spots:   4%|▍         | 43/956 [00:32<09:49,  1.55it/s]Deconvoluting Remaining Spots:   5%|▍         | 44/956 [00:32<08:52,  1.71it/s]Deconvoluting Remaining Spots:   5%|▍         | 45/956 [00:33<08:44,  1.74it/s]Deconvoluting Remaining Spots:   5%|▍         | 46/956 [00:34<08:31,  1.78it/s]Deconvoluting Remaining Spots:   5%|▍         | 47/956 [00:34<09:10,  1.65it/s]Deconvoluting Remaining Spots:   5%|▌         | 48/956 [00:35<09:25,  1.61it/s]Deconvoluting Remaining Spots:   5%|▌         | 49/956 [00:35<08:52,  1.70it/s]Deconvoluting Remaining Spots:   5%|▌         | 50/956 [00:36<08:28,  1.78it/s]Deconvoluting Remaining Spots:   5%|▌         | 51/956 [00:36<08:14,  1.83it/s]Deconvoluting Remaining Spots:   5%|▌         | 52/956 [00:37<08:13,  1.83it/s]Deconvoluting Remaining Spots:   6%|▌         | 53/956 [00:37<06:45,  2.23it/s]Deconvoluting Remaining Spots:   6%|▌         | 54/956 [00:38<07:54,  1.90it/s]Deconvoluting Remaining Spots:   6%|▌         | 55/956 [00:38<06:45,  2.22it/s]Deconvoluting Remaining Spots:   6%|▌         | 56/956 [00:39<07:03,  2.13it/s]Deconvoluting Remaining Spots:   6%|▌         | 57/956 [00:39<08:23,  1.79it/s]Deconvoluting Remaining Spots:   6%|▌         | 58/956 [00:40<07:42,  1.94it/s]Deconvoluting Remaining Spots:   6%|▌         | 59/956 [00:40<07:39,  1.95it/s]Deconvoluting Remaining Spots:   6%|▋         | 60/956 [00:41<06:49,  2.19it/s]Deconvoluting Remaining Spots:   6%|▋         | 61/956 [00:41<06:48,  2.19it/s]Deconvoluting Remaining Spots:   6%|▋         | 62/956 [00:42<06:30,  2.29it/s]Deconvoluting Remaining Spots:   7%|▋         | 63/956 [00:42<07:12,  2.06it/s]Deconvoluting Remaining Spots:   7%|▋         | 64/956 [00:43<07:19,  2.03it/s]Deconvoluting Remaining Spots:   7%|▋         | 65/956 [00:43<07:53,  1.88it/s]Deconvoluting Remaining Spots:   7%|▋         | 66/956 [00:44<07:17,  2.03it/s]Deconvoluting Remaining Spots:   7%|▋         | 67/956 [00:44<07:19,  2.02it/s]Deconvoluting Remaining Spots:   7%|▋         | 68/956 [00:45<07:08,  2.07it/s]Deconvoluting Remaining Spots:   7%|▋         | 69/956 [00:45<07:08,  2.07it/s]Deconvoluting Remaining Spots:   7%|▋         | 70/956 [00:46<06:57,  2.12it/s]Deconvoluting Remaining Spots:   7%|▋         | 71/956 [00:46<07:00,  2.11it/s]Deconvoluting Remaining Spots:   8%|▊         | 72/956 [00:47<07:34,  1.95it/s]Deconvoluting Remaining Spots:   8%|▊         | 73/956 [00:47<07:31,  1.96it/s]Deconvoluting Remaining Spots:   8%|▊         | 74/956 [00:48<07:47,  1.88it/s]Deconvoluting Remaining Spots:   8%|▊         | 75/956 [00:48<07:41,  1.91it/s]Deconvoluting Remaining Spots:   8%|▊         | 76/956 [00:49<06:58,  2.10it/s]Deconvoluting Remaining Spots:   8%|▊         | 77/956 [00:49<07:40,  1.91it/s]Deconvoluting Remaining Spots:   8%|▊         | 78/956 [00:50<07:02,  2.08it/s]Deconvoluting Remaining Spots:   8%|▊         | 79/956 [00:50<08:28,  1.72it/s]Deconvoluting Remaining Spots:   8%|▊         | 80/956 [00:51<08:05,  1.81it/s]Deconvoluting Remaining Spots:   8%|▊         | 81/956 [00:51<07:06,  2.05it/s]Deconvoluting Remaining Spots:   9%|▊         | 82/956 [00:52<07:58,  1.83it/s]Deconvoluting Remaining Spots:   9%|▊         | 83/956 [00:52<06:34,  2.21it/s]Deconvoluting Remaining Spots:   9%|▉         | 84/956 [00:53<06:27,  2.25it/s]Deconvoluting Remaining Spots:   9%|▉         | 85/956 [00:53<07:13,  2.01it/s]Deconvoluting Remaining Spots:   9%|▉         | 86/956 [00:54<07:03,  2.05it/s]Deconvoluting Remaining Spots:   9%|▉         | 87/956 [00:54<07:14,  2.00it/s]Deconvoluting Remaining Spots:   9%|▉         | 88/956 [00:55<07:17,  1.98it/s]Deconvoluting Remaining Spots:   9%|▉         | 89/956 [00:55<07:19,  1.97it/s]Deconvoluting Remaining Spots:   9%|▉         | 90/956 [00:56<07:29,  1.92it/s]Deconvoluting Remaining Spots:  10%|▉         | 91/956 [00:56<07:34,  1.90it/s]Deconvoluting Remaining Spots:  10%|▉         | 92/956 [00:57<06:42,  2.15it/s]Deconvoluting Remaining Spots:  10%|▉         | 93/956 [00:57<07:07,  2.02it/s]Deconvoluting Remaining Spots:  10%|▉         | 94/956 [00:58<06:57,  2.07it/s]Deconvoluting Remaining Spots:  10%|▉         | 95/956 [00:58<07:12,  1.99it/s]Deconvoluting Remaining Spots:  10%|█         | 96/956 [00:59<07:11,  1.99it/s]Deconvoluting Remaining Spots:  10%|█         | 97/956 [00:59<07:32,  1.90it/s]Deconvoluting Remaining Spots:  10%|█         | 98/956 [01:00<07:23,  1.94it/s]Deconvoluting Remaining Spots:  10%|█         | 99/956 [01:00<07:16,  1.96it/s]Deconvoluting Remaining Spots:  10%|█         | 100/956 [01:01<07:34,  1.88it/s]2026-02-17 22:19:21,286 - root - INFO - Saved checkpoint after 100 completed spots
Deconvoluting Remaining Spots:  11%|█         | 101/956 [01:02<11:53,  1.20it/s]Deconvoluting Remaining Spots:  11%|█         | 104/956 [01:03<07:21,  1.93it/s]Deconvoluting Remaining Spots:  11%|█         | 105/956 [01:04<07:15,  1.95it/s]Deconvoluting Remaining Spots:  11%|█         | 106/956 [01:04<07:35,  1.87it/s]Deconvoluting Remaining Spots:  11%|█         | 107/956 [01:05<06:26,  2.19it/s]Deconvoluting Remaining Spots:  11%|█▏        | 108/956 [01:05<06:44,  2.10it/s]Deconvoluting Remaining Spots:  11%|█▏        | 109/956 [01:06<07:35,  1.86it/s]Deconvoluting Remaining Spots:  12%|█▏        | 110/956 [01:06<06:32,  2.16it/s]Deconvoluting Remaining Spots:  12%|█▏        | 111/956 [01:07<06:37,  2.13it/s]Deconvoluting Remaining Spots:  12%|█▏        | 112/956 [01:07<06:56,  2.03it/s]Deconvoluting Remaining Spots:  12%|█▏        | 113/956 [01:08<06:40,  2.10it/s]Deconvoluting Remaining Spots:  12%|█▏        | 114/956 [01:08<07:00,  2.00it/s]Deconvoluting Remaining Spots:  12%|█▏        | 115/956 [01:09<06:38,  2.11it/s]Deconvoluting Remaining Spots:  12%|█▏        | 116/956 [01:09<06:53,  2.03it/s]Deconvoluting Remaining Spots:  12%|█▏        | 117/956 [01:10<06:40,  2.10it/s]Deconvoluting Remaining Spots:  12%|█▏        | 118/956 [01:10<06:49,  2.05it/s]Deconvoluting Remaining Spots:  12%|█▏        | 119/956 [01:11<07:04,  1.97it/s]Deconvoluting Remaining Spots:  13%|█▎        | 120/956 [01:11<07:22,  1.89it/s]Deconvoluting Remaining Spots:  13%|█▎        | 121/956 [01:12<07:02,  1.98it/s]Deconvoluting Remaining Spots:  13%|█▎        | 122/956 [01:12<07:21,  1.89it/s]Deconvoluting Remaining Spots:  13%|█▎        | 123/956 [01:13<08:00,  1.73it/s]Deconvoluting Remaining Spots:  13%|█▎        | 124/956 [01:13<06:48,  2.04it/s]Deconvoluting Remaining Spots:  13%|█▎        | 125/956 [01:14<06:37,  2.09it/s]Deconvoluting Remaining Spots:  13%|█▎        | 126/956 [01:14<06:53,  2.01it/s]Deconvoluting Remaining Spots:  13%|█▎        | 127/956 [01:15<07:45,  1.78it/s]Deconvoluting Remaining Spots:  13%|█▎        | 128/956 [01:15<06:41,  2.06it/s]Deconvoluting Remaining Spots:  13%|█▎        | 129/956 [01:16<07:29,  1.84it/s]Deconvoluting Remaining Spots:  14%|█▎        | 130/956 [01:16<06:25,  2.14it/s]Deconvoluting Remaining Spots:  14%|█▎        | 131/956 [01:17<07:24,  1.85it/s]Deconvoluting Remaining Spots:  14%|█▍        | 132/956 [01:17<06:30,  2.11it/s]Deconvoluting Remaining Spots:  14%|█▍        | 133/956 [01:18<07:17,  1.88it/s]Deconvoluting Remaining Spots:  14%|█▍        | 134/956 [01:18<06:26,  2.13it/s]Deconvoluting Remaining Spots:  14%|█▍        | 135/956 [01:19<07:30,  1.82it/s]Deconvoluting Remaining Spots:  14%|█▍        | 136/956 [01:19<07:06,  1.92it/s]Deconvoluting Remaining Spots:  14%|█▍        | 137/956 [01:20<07:27,  1.83it/s]Deconvoluting Remaining Spots:  14%|█▍        | 138/956 [01:20<06:54,  1.97it/s]Deconvoluting Remaining Spots:  15%|█▍        | 139/956 [01:21<07:48,  1.74it/s]Deconvoluting Remaining Spots:  15%|█▍        | 140/956 [01:21<05:55,  2.29it/s]Deconvoluting Remaining Spots:  15%|█▍        | 141/956 [01:22<05:50,  2.32it/s]Deconvoluting Remaining Spots:  15%|█▍        | 142/956 [01:22<07:29,  1.81it/s]Deconvoluting Remaining Spots:  15%|█▍        | 143/956 [01:23<07:13,  1.87it/s]Deconvoluting Remaining Spots:  15%|█▌        | 144/956 [01:23<06:07,  2.21it/s]Deconvoluting Remaining Spots:  15%|█▌        | 145/956 [01:24<06:08,  2.20it/s]Deconvoluting Remaining Spots:  15%|█▌        | 146/956 [01:24<06:04,  2.22it/s]Deconvoluting Remaining Spots:  15%|█▌        | 147/956 [01:25<06:16,  2.15it/s]Deconvoluting Remaining Spots:  15%|█▌        | 148/956 [01:25<06:28,  2.08it/s]Deconvoluting Remaining Spots:  16%|█▌        | 149/956 [01:26<06:56,  1.94it/s]Deconvoluting Remaining Spots:  16%|█▌        | 150/956 [01:26<06:45,  1.99it/s]Deconvoluting Remaining Spots:  16%|█▌        | 151/956 [01:27<08:15,  1.62it/s]Deconvoluting Remaining Spots:  16%|█▌        | 152/956 [01:27<07:10,  1.87it/s]Deconvoluting Remaining Spots:  16%|█▌        | 153/956 [01:28<07:10,  1.86it/s]Deconvoluting Remaining Spots:  16%|█▌        | 154/956 [01:28<06:07,  2.18it/s]Deconvoluting Remaining Spots:  16%|█▌        | 155/956 [01:29<06:09,  2.17it/s]Deconvoluting Remaining Spots:  16%|█▋        | 156/956 [01:29<07:16,  1.83it/s]Deconvoluting Remaining Spots:  16%|█▋        | 157/956 [01:30<06:16,  2.12it/s]Deconvoluting Remaining Spots:  17%|█▋        | 158/956 [01:30<07:10,  1.85it/s]Deconvoluting Remaining Spots:  17%|█▋        | 159/956 [01:31<07:07,  1.87it/s]Deconvoluting Remaining Spots:  17%|█▋        | 160/956 [01:31<06:11,  2.14it/s]Deconvoluting Remaining Spots:  17%|█▋        | 161/956 [01:32<06:49,  1.94it/s]Deconvoluting Remaining Spots:  17%|█▋        | 162/956 [01:33<07:10,  1.84it/s]Deconvoluting Remaining Spots:  17%|█▋        | 163/956 [01:33<06:14,  2.12it/s]Deconvoluting Remaining Spots:  17%|█▋        | 164/956 [01:33<06:15,  2.11it/s]Deconvoluting Remaining Spots:  17%|█▋        | 165/956 [01:34<06:03,  2.18it/s]Deconvoluting Remaining Spots:  17%|█▋        | 166/956 [01:34<06:23,  2.06it/s]Deconvoluting Remaining Spots:  17%|█▋        | 167/956 [01:35<07:28,  1.76it/s]Deconvoluting Remaining Spots:  18%|█▊        | 168/956 [01:36<07:11,  1.83it/s]Deconvoluting Remaining Spots:  18%|█▊        | 169/956 [01:36<06:20,  2.07it/s]Deconvoluting Remaining Spots:  18%|█▊        | 170/956 [01:37<07:02,  1.86it/s]Deconvoluting Remaining Spots:  18%|█▊        | 171/956 [01:37<05:54,  2.21it/s]Deconvoluting Remaining Spots:  18%|█▊        | 172/956 [01:37<06:16,  2.08it/s]Deconvoluting Remaining Spots:  18%|█▊        | 173/956 [01:39<10:21,  1.26it/s]Deconvoluting Remaining Spots:  18%|█▊        | 174/956 [01:39<08:12,  1.59it/s]Deconvoluting Remaining Spots:  18%|█▊        | 175/956 [01:39<06:56,  1.87it/s]Deconvoluting Remaining Spots:  18%|█▊        | 176/956 [01:40<06:23,  2.03it/s]Deconvoluting Remaining Spots:  19%|█▊        | 177/956 [01:40<05:44,  2.26it/s]Deconvoluting Remaining Spots:  19%|█▊        | 178/956 [01:40<04:28,  2.90it/s]Deconvoluting Remaining Spots:  19%|█▊        | 179/956 [01:41<04:59,  2.59it/s]Deconvoluting Remaining Spots:  19%|█▉        | 180/956 [01:42<06:47,  1.90it/s]Deconvoluting Remaining Spots:  19%|█▉        | 181/956 [01:42<06:36,  1.95it/s]Deconvoluting Remaining Spots:  19%|█▉        | 182/956 [01:43<06:43,  1.92it/s]Deconvoluting Remaining Spots:  19%|█▉        | 183/956 [01:43<06:34,  1.96it/s]Deconvoluting Remaining Spots:  19%|█▉        | 184/956 [01:44<07:18,  1.76it/s]Deconvoluting Remaining Spots:  19%|█▉        | 185/956 [01:44<06:22,  2.01it/s]Deconvoluting Remaining Spots:  19%|█▉        | 186/956 [01:44<05:20,  2.40it/s]Deconvoluting Remaining Spots:  20%|█▉        | 187/956 [01:45<05:52,  2.18it/s]Deconvoluting Remaining Spots:  20%|█▉        | 188/956 [01:46<06:35,  1.94it/s]Deconvoluting Remaining Spots:  20%|█▉        | 189/956 [01:46<06:43,  1.90it/s]Deconvoluting Remaining Spots:  20%|█▉        | 190/956 [01:47<06:19,  2.02it/s]Deconvoluting Remaining Spots:  20%|█▉        | 191/956 [01:47<05:54,  2.16it/s]Deconvoluting Remaining Spots:  20%|██        | 192/956 [01:47<06:10,  2.06it/s]Deconvoluting Remaining Spots:  20%|██        | 193/956 [01:48<06:05,  2.09it/s]Deconvoluting Remaining Spots:  20%|██        | 194/956 [01:49<06:54,  1.84it/s]Deconvoluting Remaining Spots:  20%|██        | 195/956 [01:49<05:55,  2.14it/s]Deconvoluting Remaining Spots:  21%|██        | 196/956 [01:49<06:05,  2.08it/s]Deconvoluting Remaining Spots:  21%|██        | 197/956 [01:50<06:04,  2.08it/s]Deconvoluting Remaining Spots:  21%|██        | 198/956 [01:50<06:12,  2.04it/s]Deconvoluting Remaining Spots:  21%|██        | 199/956 [01:51<06:36,  1.91it/s]Deconvoluting Remaining Spots:  21%|██        | 200/956 [01:52<09:52,  1.28it/s]2026-02-17 22:20:14,338 - root - INFO - Saved checkpoint after 200 completed spots
Deconvoluting Remaining Spots:  21%|██        | 201/956 [01:55<18:32,  1.47s/it]Deconvoluting Remaining Spots:  22%|██▏       | 208/956 [01:56<04:50,  2.57it/s]Deconvoluting Remaining Spots:  22%|██▏       | 210/956 [01:57<05:11,  2.39it/s]Deconvoluting Remaining Spots:  22%|██▏       | 211/956 [01:57<05:13,  2.38it/s]Deconvoluting Remaining Spots:  22%|██▏       | 212/956 [01:58<05:45,  2.15it/s]Deconvoluting Remaining Spots:  22%|██▏       | 213/956 [01:58<05:43,  2.17it/s]Deconvoluting Remaining Spots:  22%|██▏       | 214/956 [01:59<07:00,  1.77it/s]Deconvoluting Remaining Spots:  22%|██▏       | 215/956 [01:59<05:42,  2.16it/s]Deconvoluting Remaining Spots:  23%|██▎       | 216/956 [02:00<05:33,  2.22it/s]Deconvoluting Remaining Spots:  23%|██▎       | 217/956 [02:00<05:41,  2.16it/s]Deconvoluting Remaining Spots:  23%|██▎       | 218/956 [02:01<06:17,  1.96it/s]Deconvoluting Remaining Spots:  23%|██▎       | 219/956 [02:02<07:05,  1.73it/s]Deconvoluting Remaining Spots:  23%|██▎       | 220/956 [02:02<06:03,  2.02it/s]Deconvoluting Remaining Spots:  23%|██▎       | 221/956 [02:03<06:45,  1.81it/s]Deconvoluting Remaining Spots:  23%|██▎       | 222/956 [02:03<06:16,  1.95it/s]Deconvoluting Remaining Spots:  23%|██▎       | 223/956 [02:04<06:33,  1.86it/s]Deconvoluting Remaining Spots:  23%|██▎       | 224/956 [02:04<06:22,  1.92it/s]Deconvoluting Remaining Spots:  24%|██▎       | 225/956 [02:05<06:16,  1.94it/s]Deconvoluting Remaining Spots:  24%|██▎       | 226/956 [02:05<06:22,  1.91it/s]Deconvoluting Remaining Spots:  24%|██▎       | 227/956 [02:06<06:14,  1.95it/s]Deconvoluting Remaining Spots:  24%|██▍       | 228/956 [02:06<05:16,  2.30it/s]Deconvoluting Remaining Spots:  24%|██▍       | 229/956 [02:07<06:31,  1.86it/s]Deconvoluting Remaining Spots:  24%|██▍       | 230/956 [02:07<05:38,  2.14it/s]Deconvoluting Remaining Spots:  24%|██▍       | 231/956 [02:08<06:33,  1.84it/s]Deconvoluting Remaining Spots:  24%|██▍       | 232/956 [02:08<06:21,  1.90it/s]Deconvoluting Remaining Spots:  24%|██▍       | 233/956 [02:08<05:29,  2.19it/s]Deconvoluting Remaining Spots:  24%|██▍       | 234/956 [02:09<05:37,  2.14it/s]Deconvoluting Remaining Spots:  25%|██▍       | 235/956 [02:10<06:27,  1.86it/s]Deconvoluting Remaining Spots:  25%|██▍       | 236/956 [02:10<05:33,  2.16it/s]Deconvoluting Remaining Spots:  25%|██▍       | 237/956 [02:11<06:13,  1.92it/s]Deconvoluting Remaining Spots:  25%|██▍       | 238/956 [02:11<05:38,  2.12it/s]Deconvoluting Remaining Spots:  25%|██▌       | 239/956 [02:11<05:41,  2.10it/s]Deconvoluting Remaining Spots:  25%|██▌       | 240/956 [02:12<05:30,  2.17it/s]Deconvoluting Remaining Spots:  25%|██▌       | 241/956 [02:12<05:30,  2.16it/s]Deconvoluting Remaining Spots:  25%|██▌       | 242/956 [02:13<05:46,  2.06it/s]Deconvoluting Remaining Spots:  25%|██▌       | 243/956 [02:14<06:55,  1.72it/s]Deconvoluting Remaining Spots:  26%|██▌       | 244/956 [02:14<06:42,  1.77it/s]Deconvoluting Remaining Spots:  26%|██▌       | 245/956 [02:15<05:53,  2.01it/s]Deconvoluting Remaining Spots:  26%|██▌       | 246/956 [02:15<05:50,  2.02it/s]Deconvoluting Remaining Spots:  26%|██▌       | 247/956 [02:15<05:28,  2.16it/s]Deconvoluting Remaining Spots:  26%|██▌       | 248/956 [02:16<05:51,  2.02it/s]Deconvoluting Remaining Spots:  26%|██▌       | 249/956 [02:17<06:35,  1.79it/s]Deconvoluting Remaining Spots:  26%|██▌       | 250/956 [02:17<06:14,  1.88it/s]Deconvoluting Remaining Spots:  26%|██▋       | 251/956 [02:18<06:49,  1.72it/s]Deconvoluting Remaining Spots:  26%|██▋       | 252/956 [02:18<05:14,  2.24it/s]Deconvoluting Remaining Spots:  26%|██▋       | 253/956 [02:19<06:01,  1.95it/s]Deconvoluting Remaining Spots:  27%|██▋       | 254/956 [02:19<05:55,  1.97it/s]Deconvoluting Remaining Spots:  27%|██▋       | 255/956 [02:20<05:16,  2.22it/s]Deconvoluting Remaining Spots:  27%|██▋       | 256/956 [02:20<06:05,  1.92it/s]Deconvoluting Remaining Spots:  27%|██▋       | 257/956 [02:21<06:03,  1.92it/s]Deconvoluting Remaining Spots:  27%|██▋       | 258/956 [02:21<05:58,  1.95it/s]Deconvoluting Remaining Spots:  27%|██▋       | 259/956 [02:22<05:54,  1.96it/s]Deconvoluting Remaining Spots:  27%|██▋       | 260/956 [02:22<05:10,  2.24it/s]Deconvoluting Remaining Spots:  27%|██▋       | 261/956 [02:23<05:58,  1.94it/s]Deconvoluting Remaining Spots:  27%|██▋       | 262/956 [02:23<05:53,  1.96it/s]Deconvoluting Remaining Spots:  28%|██▊       | 263/956 [02:24<05:50,  1.98it/s]Deconvoluting Remaining Spots:  28%|██▊       | 264/956 [02:24<05:45,  2.00it/s]Deconvoluting Remaining Spots:  28%|██▊       | 265/956 [02:25<06:03,  1.90it/s]Deconvoluting Remaining Spots:  28%|██▊       | 266/956 [02:25<05:37,  2.05it/s]Deconvoluting Remaining Spots:  28%|██▊       | 267/956 [02:26<05:11,  2.21it/s]Deconvoluting Remaining Spots:  28%|██▊       | 268/956 [02:26<05:06,  2.24it/s]Deconvoluting Remaining Spots:  28%|██▊       | 269/956 [02:26<05:15,  2.18it/s]Deconvoluting Remaining Spots:  28%|██▊       | 270/956 [02:27<05:38,  2.02it/s]Deconvoluting Remaining Spots:  28%|██▊       | 271/956 [02:28<06:14,  1.83it/s]Deconvoluting Remaining Spots:  28%|██▊       | 272/956 [02:28<05:29,  2.08it/s]Deconvoluting Remaining Spots:  29%|██▊       | 273/956 [02:29<07:00,  1.62it/s]Deconvoluting Remaining Spots:  29%|██▊       | 274/956 [02:30<07:10,  1.59it/s]Deconvoluting Remaining Spots:  29%|██▉       | 275/956 [02:30<06:29,  1.75it/s]Deconvoluting Remaining Spots:  29%|██▉       | 276/956 [02:31<06:23,  1.77it/s]Deconvoluting Remaining Spots:  29%|██▉       | 277/956 [02:31<05:15,  2.15it/s]Deconvoluting Remaining Spots:  29%|██▉       | 279/956 [02:31<04:28,  2.52it/s]Deconvoluting Remaining Spots:  29%|██▉       | 280/956 [02:32<06:00,  1.87it/s]Deconvoluting Remaining Spots:  29%|██▉       | 281/956 [02:33<05:44,  1.96it/s]Deconvoluting Remaining Spots:  29%|██▉       | 282/956 [02:33<05:05,  2.21it/s]Deconvoluting Remaining Spots:  30%|██▉       | 283/956 [02:34<04:54,  2.28it/s]Deconvoluting Remaining Spots:  30%|██▉       | 284/956 [02:34<04:52,  2.30it/s]Deconvoluting Remaining Spots:  30%|██▉       | 285/956 [02:35<05:58,  1.87it/s]Deconvoluting Remaining Spots:  30%|██▉       | 286/956 [02:35<05:35,  2.00it/s]Deconvoluting Remaining Spots:  30%|███       | 287/956 [02:36<05:34,  2.00it/s]Deconvoluting Remaining Spots:  30%|███       | 288/956 [02:37<06:40,  1.67it/s]Deconvoluting Remaining Spots:  30%|███       | 289/956 [02:37<06:07,  1.82it/s]Deconvoluting Remaining Spots:  30%|███       | 290/956 [02:37<05:08,  2.16it/s]Deconvoluting Remaining Spots:  30%|███       | 291/956 [02:38<04:55,  2.25it/s]Deconvoluting Remaining Spots:  31%|███       | 292/956 [02:38<05:18,  2.08it/s]Deconvoluting Remaining Spots:  31%|███       | 293/956 [02:39<05:16,  2.09it/s]Deconvoluting Remaining Spots:  31%|███       | 294/956 [02:39<05:38,  1.96it/s]Deconvoluting Remaining Spots:  31%|███       | 295/956 [02:40<05:24,  2.04it/s]Deconvoluting Remaining Spots:  31%|███       | 296/956 [02:40<06:06,  1.80it/s]Deconvoluting Remaining Spots:  31%|███       | 297/956 [02:41<05:32,  1.98it/s]Deconvoluting Remaining Spots:  31%|███       | 298/956 [02:41<05:44,  1.91it/s]Deconvoluting Remaining Spots:  31%|███▏      | 299/956 [02:42<05:19,  2.06it/s]Deconvoluting Remaining Spots:  31%|███▏      | 300/956 [02:43<06:29,  1.68it/s]2026-02-17 22:21:06,073 - root - INFO - Saved checkpoint after 300 completed spots
Deconvoluting Remaining Spots:  31%|███▏      | 301/956 [02:47<19:47,  1.81s/it]Deconvoluting Remaining Spots:  32%|███▏      | 310/956 [02:48<04:16,  2.52it/s]Deconvoluting Remaining Spots:  33%|███▎      | 312/956 [02:49<04:33,  2.36it/s]Deconvoluting Remaining Spots:  33%|███▎      | 313/956 [02:49<04:35,  2.34it/s]Deconvoluting Remaining Spots:  33%|███▎      | 314/956 [02:50<04:40,  2.29it/s]Deconvoluting Remaining Spots:  33%|███▎      | 315/956 [02:50<04:57,  2.16it/s]Deconvoluting Remaining Spots:  33%|███▎      | 316/956 [02:50<04:37,  2.30it/s]Deconvoluting Remaining Spots:  33%|███▎      | 317/956 [02:51<05:19,  2.00it/s]Deconvoluting Remaining Spots:  33%|███▎      | 318/956 [02:52<05:28,  1.94it/s]Deconvoluting Remaining Spots:  33%|███▎      | 319/956 [02:52<05:53,  1.80it/s]Deconvoluting Remaining Spots:  33%|███▎      | 320/956 [02:53<05:46,  1.84it/s]Deconvoluting Remaining Spots:  34%|███▎      | 321/956 [02:53<05:30,  1.92it/s]Deconvoluting Remaining Spots:  34%|███▎      | 322/956 [02:54<05:21,  1.97it/s]Deconvoluting Remaining Spots:  34%|███▍      | 323/956 [02:54<05:01,  2.10it/s]Deconvoluting Remaining Spots:  34%|███▍      | 324/956 [02:55<05:35,  1.89it/s]Deconvoluting Remaining Spots:  34%|███▍      | 325/956 [02:55<05:32,  1.90it/s]Deconvoluting Remaining Spots:  34%|███▍      | 326/956 [02:56<05:28,  1.92it/s]Deconvoluting Remaining Spots:  34%|███▍      | 327/956 [02:56<05:03,  2.07it/s]Deconvoluting Remaining Spots:  34%|███▍      | 328/956 [02:57<05:21,  1.95it/s]Deconvoluting Remaining Spots:  34%|███▍      | 329/956 [02:57<05:15,  1.98it/s]Deconvoluting Remaining Spots:  35%|███▍      | 330/956 [02:58<06:14,  1.67it/s]Deconvoluting Remaining Spots:  35%|███▍      | 331/956 [02:59<05:43,  1.82it/s]Deconvoluting Remaining Spots:  35%|███▍      | 332/956 [02:59<05:15,  1.98it/s]Deconvoluting Remaining Spots:  35%|███▍      | 333/956 [02:59<05:02,  2.06it/s]Deconvoluting Remaining Spots:  35%|███▍      | 334/956 [03:00<05:56,  1.74it/s]Deconvoluting Remaining Spots:  35%|███▌      | 335/956 [03:01<05:08,  2.01it/s]Deconvoluting Remaining Spots:  35%|███▌      | 336/956 [03:01<05:39,  1.83it/s]Deconvoluting Remaining Spots:  35%|███▌      | 337/956 [03:01<04:33,  2.26it/s]Deconvoluting Remaining Spots:  35%|███▌      | 338/956 [03:02<04:54,  2.10it/s]Deconvoluting Remaining Spots:  35%|███▌      | 339/956 [03:02<04:51,  2.11it/s]Deconvoluting Remaining Spots:  36%|███▌      | 340/956 [03:03<04:31,  2.27it/s]Deconvoluting Remaining Spots:  36%|███▌      | 341/956 [03:03<05:04,  2.02it/s]Deconvoluting Remaining Spots:  36%|███▌      | 342/956 [03:04<05:16,  1.94it/s]Deconvoluting Remaining Spots:  36%|███▌      | 343/956 [03:05<05:21,  1.91it/s]Deconvoluting Remaining Spots:  36%|███▌      | 344/956 [03:05<05:11,  1.97it/s]Deconvoluting Remaining Spots:  36%|███▌      | 345/956 [03:06<05:14,  1.94it/s]Deconvoluting Remaining Spots:  36%|███▌      | 346/956 [03:06<05:06,  1.99it/s]Deconvoluting Remaining Spots:  36%|███▋      | 347/956 [03:07<05:10,  1.96it/s]Deconvoluting Remaining Spots:  36%|███▋      | 348/956 [03:07<05:39,  1.79it/s]Deconvoluting Remaining Spots:  37%|███▋      | 349/956 [03:08<05:30,  1.83it/s]Deconvoluting Remaining Spots:  37%|███▋      | 350/956 [03:08<05:20,  1.89it/s]Deconvoluting Remaining Spots:  37%|███▋      | 351/956 [03:09<05:12,  1.94it/s]Deconvoluting Remaining Spots:  37%|███▋      | 352/956 [03:09<05:05,  1.98it/s]Deconvoluting Remaining Spots:  37%|███▋      | 353/956 [03:09<04:28,  2.24it/s]Deconvoluting Remaining Spots:  37%|███▋      | 354/956 [03:10<05:12,  1.93it/s]Deconvoluting Remaining Spots:  37%|███▋      | 355/956 [03:11<05:07,  1.95it/s]Deconvoluting Remaining Spots:  37%|███▋      | 356/956 [03:11<04:24,  2.26it/s]Deconvoluting Remaining Spots:  37%|███▋      | 357/956 [03:12<05:15,  1.90it/s]Deconvoluting Remaining Spots:  37%|███▋      | 358/956 [03:12<04:38,  2.15it/s]Deconvoluting Remaining Spots:  38%|███▊      | 359/956 [03:12<04:36,  2.16it/s]Deconvoluting Remaining Spots:  38%|███▊      | 360/956 [03:13<05:25,  1.83it/s]Deconvoluting Remaining Spots:  38%|███▊      | 361/956 [03:14<05:14,  1.89it/s]Deconvoluting Remaining Spots:  38%|███▊      | 362/956 [03:14<05:20,  1.85it/s]Deconvoluting Remaining Spots:  38%|███▊      | 363/956 [03:15<05:09,  1.92it/s]Deconvoluting Remaining Spots:  38%|███▊      | 364/956 [03:15<04:21,  2.26it/s]Deconvoluting Remaining Spots:  38%|███▊      | 365/956 [03:16<04:34,  2.15it/s]Deconvoluting Remaining Spots:  38%|███▊      | 366/956 [03:16<04:41,  2.10it/s]Deconvoluting Remaining Spots:  38%|███▊      | 367/956 [03:17<05:45,  1.71it/s]Deconvoluting Remaining Spots:  38%|███▊      | 368/956 [03:17<04:36,  2.13it/s]Deconvoluting Remaining Spots:  39%|███▊      | 369/956 [03:18<05:19,  1.84it/s]Deconvoluting Remaining Spots:  39%|███▊      | 370/956 [03:18<04:17,  2.28it/s]Deconvoluting Remaining Spots:  39%|███▉      | 371/956 [03:18<04:01,  2.42it/s]Deconvoluting Remaining Spots:  39%|███▉      | 372/956 [03:19<04:42,  2.07it/s]Deconvoluting Remaining Spots:  39%|███▉      | 373/956 [03:20<05:00,  1.94it/s]Deconvoluting Remaining Spots:  39%|███▉      | 374/956 [03:20<05:00,  1.93it/s]Deconvoluting Remaining Spots:  39%|███▉      | 375/956 [03:21<05:36,  1.73it/s]Deconvoluting Remaining Spots:  39%|███▉      | 376/956 [03:21<04:42,  2.05it/s]Deconvoluting Remaining Spots:  39%|███▉      | 377/956 [03:22<04:49,  2.00it/s]Deconvoluting Remaining Spots:  40%|███▉      | 378/956 [03:22<04:55,  1.95it/s]Deconvoluting Remaining Spots:  40%|███▉      | 379/956 [03:23<04:41,  2.05it/s]Deconvoluting Remaining Spots:  40%|███▉      | 380/956 [03:23<05:38,  1.70it/s]Deconvoluting Remaining Spots:  40%|███▉      | 381/956 [03:24<04:27,  2.15it/s]Deconvoluting Remaining Spots:  40%|███▉      | 382/956 [03:24<04:24,  2.17it/s]Deconvoluting Remaining Spots:  40%|████      | 383/956 [03:25<04:45,  2.01it/s]Deconvoluting Remaining Spots:  40%|████      | 384/956 [03:25<04:34,  2.08it/s]Deconvoluting Remaining Spots:  40%|████      | 385/956 [03:26<04:33,  2.09it/s]Deconvoluting Remaining Spots:  40%|████      | 386/956 [03:26<04:55,  1.93it/s]Deconvoluting Remaining Spots:  40%|████      | 387/956 [03:27<04:43,  2.01it/s]Deconvoluting Remaining Spots:  41%|████      | 388/956 [03:27<04:32,  2.09it/s]Deconvoluting Remaining Spots:  41%|████      | 389/956 [03:28<04:40,  2.02it/s]Deconvoluting Remaining Spots:  41%|████      | 390/956 [03:28<05:00,  1.89it/s]Deconvoluting Remaining Spots:  41%|████      | 391/956 [03:29<05:29,  1.72it/s]Deconvoluting Remaining Spots:  41%|████      | 392/956 [03:30<06:40,  1.41it/s]Deconvoluting Remaining Spots:  41%|████      | 394/956 [03:30<04:43,  1.98it/s]Deconvoluting Remaining Spots:  41%|████▏     | 395/956 [03:31<04:15,  2.20it/s]Deconvoluting Remaining Spots:  41%|████▏     | 396/956 [03:31<04:44,  1.97it/s]Deconvoluting Remaining Spots:  42%|████▏     | 397/956 [03:32<04:43,  1.97it/s]Deconvoluting Remaining Spots:  42%|████▏     | 398/956 [03:32<04:41,  1.99it/s]Deconvoluting Remaining Spots:  42%|████▏     | 399/956 [03:33<04:41,  1.98it/s]Deconvoluting Remaining Spots:  42%|████▏     | 400/956 [03:33<04:06,  2.26it/s]2026-02-17 22:21:58,293 - root - INFO - Saved checkpoint after 400 completed spots
Deconvoluting Remaining Spots:  42%|████▏     | 401/956 [03:39<19:55,  2.15s/it]Deconvoluting Remaining Spots:  43%|████▎     | 413/956 [03:40<03:27,  2.62it/s]Deconvoluting Remaining Spots:  43%|████▎     | 415/956 [03:41<03:39,  2.47it/s]Deconvoluting Remaining Spots:  44%|████▎     | 416/956 [03:41<03:48,  2.36it/s]Deconvoluting Remaining Spots:  44%|████▎     | 417/956 [03:42<03:48,  2.36it/s]Deconvoluting Remaining Spots:  44%|████▎     | 418/956 [03:42<03:57,  2.26it/s]Deconvoluting Remaining Spots:  44%|████▍     | 419/956 [03:43<03:57,  2.26it/s]Deconvoluting Remaining Spots:  44%|████▍     | 420/956 [03:43<04:13,  2.11it/s]Deconvoluting Remaining Spots:  44%|████▍     | 421/956 [03:44<04:41,  1.90it/s]Deconvoluting Remaining Spots:  44%|████▍     | 422/956 [03:45<04:25,  2.01it/s]Deconvoluting Remaining Spots:  44%|████▍     | 423/956 [03:45<04:37,  1.92it/s]Deconvoluting Remaining Spots:  44%|████▍     | 424/956 [03:46<04:22,  2.02it/s]Deconvoluting Remaining Spots:  44%|████▍     | 425/956 [03:46<04:17,  2.06it/s]Deconvoluting Remaining Spots:  45%|████▍     | 426/956 [03:47<04:24,  2.00it/s]Deconvoluting Remaining Spots:  45%|████▍     | 427/956 [03:47<04:35,  1.92it/s]Deconvoluting Remaining Spots:  45%|████▍     | 428/956 [03:48<04:26,  1.98it/s]Deconvoluting Remaining Spots:  45%|████▍     | 429/956 [03:48<04:38,  1.90it/s]Deconvoluting Remaining Spots:  45%|████▍     | 430/956 [03:49<04:25,  1.98it/s]Deconvoluting Remaining Spots:  45%|████▌     | 431/956 [03:49<04:35,  1.90it/s]Deconvoluting Remaining Spots:  45%|████▌     | 432/956 [03:50<04:29,  1.95it/s]Deconvoluting Remaining Spots:  45%|████▌     | 433/956 [03:50<03:56,  2.21it/s]Deconvoluting Remaining Spots:  45%|████▌     | 434/956 [03:51<04:39,  1.86it/s]Deconvoluting Remaining Spots:  46%|████▌     | 435/956 [03:51<05:01,  1.73it/s]Deconvoluting Remaining Spots:  46%|████▌     | 436/956 [03:52<04:17,  2.02it/s]Deconvoluting Remaining Spots:  46%|████▌     | 437/956 [03:52<04:17,  2.02it/s]Deconvoluting Remaining Spots:  46%|████▌     | 438/956 [03:53<03:48,  2.26it/s]Deconvoluting Remaining Spots:  46%|████▌     | 439/956 [03:53<04:12,  2.05it/s]Deconvoluting Remaining Spots:  46%|████▌     | 440/956 [03:54<04:30,  1.90it/s]Deconvoluting Remaining Spots:  46%|████▌     | 441/956 [03:54<04:24,  1.95it/s]Deconvoluting Remaining Spots:  46%|████▌     | 442/956 [03:55<04:17,  1.99it/s]Deconvoluting Remaining Spots:  46%|████▋     | 443/956 [03:55<04:11,  2.04it/s]Deconvoluting Remaining Spots:  46%|████▋     | 444/956 [03:56<04:12,  2.03it/s]Deconvoluting Remaining Spots:  47%|████▋     | 445/956 [03:56<04:19,  1.97it/s]Deconvoluting Remaining Spots:  47%|████▋     | 446/956 [03:57<04:48,  1.77it/s]Deconvoluting Remaining Spots:  47%|████▋     | 447/956 [03:57<03:56,  2.15it/s]Deconvoluting Remaining Spots:  47%|████▋     | 448/956 [03:58<04:02,  2.09it/s]Deconvoluting Remaining Spots:  47%|████▋     | 449/956 [03:58<04:10,  2.03it/s]Deconvoluting Remaining Spots:  47%|████▋     | 450/956 [03:59<04:06,  2.05it/s]Deconvoluting Remaining Spots:  47%|████▋     | 451/956 [03:59<04:46,  1.77it/s]Deconvoluting Remaining Spots:  47%|████▋     | 452/956 [04:00<04:10,  2.01it/s]Deconvoluting Remaining Spots:  47%|████▋     | 453/956 [04:00<04:16,  1.96it/s]Deconvoluting Remaining Spots:  47%|████▋     | 454/956 [04:01<04:15,  1.96it/s]Deconvoluting Remaining Spots:  48%|████▊     | 455/956 [04:01<04:21,  1.92it/s]Deconvoluting Remaining Spots:  48%|████▊     | 456/956 [04:02<04:13,  1.97it/s]Deconvoluting Remaining Spots:  48%|████▊     | 457/956 [04:02<03:48,  2.19it/s]Deconvoluting Remaining Spots:  48%|████▊     | 458/956 [04:03<04:01,  2.06it/s]Deconvoluting Remaining Spots:  48%|████▊     | 459/956 [04:03<03:54,  2.12it/s]Deconvoluting Remaining Spots:  48%|████▊     | 460/956 [04:04<04:00,  2.06it/s]Deconvoluting Remaining Spots:  48%|████▊     | 461/956 [04:04<04:13,  1.95it/s]Deconvoluting Remaining Spots:  48%|████▊     | 462/956 [04:05<04:06,  2.00it/s]Deconvoluting Remaining Spots:  48%|████▊     | 463/956 [04:05<04:20,  1.89it/s]Deconvoluting Remaining Spots:  49%|████▊     | 464/956 [04:06<04:06,  1.99it/s]Deconvoluting Remaining Spots:  49%|████▊     | 465/956 [04:06<04:16,  1.92it/s]Deconvoluting Remaining Spots:  49%|████▊     | 466/956 [04:07<04:12,  1.94it/s]Deconvoluting Remaining Spots:  49%|████▉     | 467/956 [04:07<03:59,  2.04it/s]Deconvoluting Remaining Spots:  49%|████▉     | 468/956 [04:08<04:24,  1.84it/s]Deconvoluting Remaining Spots:  49%|████▉     | 469/956 [04:08<04:17,  1.89it/s]Deconvoluting Remaining Spots:  49%|████▉     | 470/956 [04:09<04:44,  1.71it/s]Deconvoluting Remaining Spots:  49%|████▉     | 471/956 [04:09<03:51,  2.09it/s]Deconvoluting Remaining Spots:  49%|████▉     | 472/956 [04:10<05:24,  1.49it/s]Deconvoluting Remaining Spots:  49%|████▉     | 473/956 [04:11<04:34,  1.76it/s]Deconvoluting Remaining Spots:  50%|████▉     | 474/956 [04:11<04:31,  1.78it/s]Deconvoluting Remaining Spots:  50%|████▉     | 475/956 [04:12<04:16,  1.88it/s]Deconvoluting Remaining Spots:  50%|████▉     | 476/956 [04:12<03:57,  2.02it/s]Deconvoluting Remaining Spots:  50%|████▉     | 477/956 [04:12<03:13,  2.47it/s]Deconvoluting Remaining Spots:  50%|█████     | 478/956 [04:13<03:20,  2.39it/s]Deconvoluting Remaining Spots:  50%|█████     | 479/956 [04:13<03:30,  2.27it/s]Deconvoluting Remaining Spots:  50%|█████     | 480/956 [04:14<03:37,  2.18it/s]Deconvoluting Remaining Spots:  50%|█████     | 481/956 [04:14<03:48,  2.08it/s]Deconvoluting Remaining Spots:  50%|█████     | 482/956 [04:15<04:01,  1.96it/s]Deconvoluting Remaining Spots:  51%|█████     | 483/956 [04:15<04:05,  1.93it/s]Deconvoluting Remaining Spots:  51%|█████     | 484/956 [04:16<03:58,  1.98it/s]Deconvoluting Remaining Spots:  51%|█████     | 485/956 [04:16<03:40,  2.14it/s]Deconvoluting Remaining Spots:  51%|█████     | 486/956 [04:17<03:46,  2.08it/s]Deconvoluting Remaining Spots:  51%|█████     | 487/956 [04:17<04:09,  1.88it/s]Deconvoluting Remaining Spots:  51%|█████     | 488/956 [04:18<03:56,  1.98it/s]Deconvoluting Remaining Spots:  51%|█████     | 489/956 [04:18<03:53,  2.00it/s]Deconvoluting Remaining Spots:  51%|█████▏    | 490/956 [04:19<04:01,  1.93it/s]Deconvoluting Remaining Spots:  51%|█████▏    | 491/956 [04:20<04:28,  1.73it/s]Deconvoluting Remaining Spots:  51%|█████▏    | 492/956 [04:20<03:57,  1.96it/s]Deconvoluting Remaining Spots:  52%|█████▏    | 493/956 [04:21<04:17,  1.80it/s]Deconvoluting Remaining Spots:  52%|█████▏    | 494/956 [04:21<04:30,  1.71it/s]Deconvoluting Remaining Spots:  52%|█████▏    | 495/956 [04:21<03:22,  2.27it/s]Deconvoluting Remaining Spots:  52%|█████▏    | 496/956 [04:22<03:35,  2.13it/s]Deconvoluting Remaining Spots:  52%|█████▏    | 497/956 [04:23<04:16,  1.79it/s]Deconvoluting Remaining Spots:  52%|█████▏    | 498/956 [04:23<04:06,  1.86it/s]Deconvoluting Remaining Spots:  52%|█████▏    | 499/956 [04:24<03:30,  2.17it/s]Deconvoluting Remaining Spots:  52%|█████▏    | 500/956 [04:24<03:37,  2.09it/s]2026-02-17 22:22:50,728 - root - INFO - Saved checkpoint after 500 completed spots
Deconvoluting Remaining Spots:  52%|█████▏    | 501/956 [04:32<20:20,  2.68s/it]Deconvoluting Remaining Spots:  54%|█████▍    | 516/956 [04:32<02:48,  2.62it/s]Deconvoluting Remaining Spots:  54%|█████▍    | 518/956 [04:33<02:51,  2.55it/s]Deconvoluting Remaining Spots:  54%|█████▍    | 520/956 [04:34<02:59,  2.43it/s]Deconvoluting Remaining Spots:  54%|█████▍    | 521/956 [04:35<03:04,  2.36it/s]Deconvoluting Remaining Spots:  55%|█████▍    | 522/956 [04:35<03:20,  2.17it/s]Deconvoluting Remaining Spots:  55%|█████▍    | 523/956 [04:36<03:40,  1.96it/s]Deconvoluting Remaining Spots:  55%|█████▍    | 524/956 [04:36<03:22,  2.13it/s]Deconvoluting Remaining Spots:  55%|█████▍    | 525/956 [04:37<03:14,  2.22it/s]Deconvoluting Remaining Spots:  55%|█████▌    | 526/956 [04:37<03:13,  2.22it/s]Deconvoluting Remaining Spots:  55%|█████▌    | 527/956 [04:38<03:30,  2.04it/s]Deconvoluting Remaining Spots:  55%|█████▌    | 528/956 [04:38<03:28,  2.05it/s]Deconvoluting Remaining Spots:  55%|█████▌    | 529/956 [04:39<04:00,  1.78it/s]Deconvoluting Remaining Spots:  55%|█████▌    | 530/956 [04:40<03:52,  1.84it/s]Deconvoluting Remaining Spots:  56%|█████▌    | 531/956 [04:40<04:11,  1.69it/s]Deconvoluting Remaining Spots:  56%|█████▌    | 532/956 [04:41<03:35,  1.97it/s]Deconvoluting Remaining Spots:  56%|█████▌    | 533/956 [04:41<03:35,  1.97it/s]Deconvoluting Remaining Spots:  56%|█████▌    | 534/956 [04:41<03:09,  2.22it/s]Deconvoluting Remaining Spots:  56%|█████▌    | 535/956 [04:42<03:10,  2.21it/s]Deconvoluting Remaining Spots:  56%|█████▌    | 536/956 [04:43<03:38,  1.92it/s]Deconvoluting Remaining Spots:  56%|█████▌    | 537/956 [04:43<03:34,  1.96it/s]Deconvoluting Remaining Spots:  56%|█████▋    | 538/956 [04:44<03:39,  1.90it/s]Deconvoluting Remaining Spots:  56%|█████▋    | 539/956 [04:44<03:27,  2.01it/s]Deconvoluting Remaining Spots:  56%|█████▋    | 540/956 [04:44<03:05,  2.24it/s]Deconvoluting Remaining Spots:  57%|█████▋    | 541/956 [04:45<03:05,  2.24it/s]Deconvoluting Remaining Spots:  57%|█████▋    | 542/956 [04:46<03:38,  1.90it/s]Deconvoluting Remaining Spots:  57%|█████▋    | 543/956 [04:46<03:33,  1.93it/s]Deconvoluting Remaining Spots:  57%|█████▋    | 544/956 [04:47<03:47,  1.81it/s]Deconvoluting Remaining Spots:  57%|█████▋    | 545/956 [04:47<03:46,  1.82it/s]Deconvoluting Remaining Spots:  57%|█████▋    | 546/956 [04:48<03:14,  2.11it/s]Deconvoluting Remaining Spots:  57%|█████▋    | 547/956 [04:48<03:08,  2.16it/s]Deconvoluting Remaining Spots:  57%|█████▋    | 548/956 [04:48<03:01,  2.25it/s]Deconvoluting Remaining Spots:  57%|█████▋    | 549/956 [04:49<03:04,  2.21it/s]Deconvoluting Remaining Spots:  58%|█████▊    | 550/956 [04:49<03:08,  2.15it/s]Deconvoluting Remaining Spots:  58%|█████▊    | 551/956 [04:50<03:11,  2.11it/s]Deconvoluting Remaining Spots:  58%|█████▊    | 552/956 [04:50<03:28,  1.94it/s]Deconvoluting Remaining Spots:  58%|█████▊    | 553/956 [04:51<03:12,  2.09it/s]Deconvoluting Remaining Spots:  58%|█████▊    | 554/956 [04:51<03:22,  1.98it/s]Deconvoluting Remaining Spots:  58%|█████▊    | 555/956 [04:52<03:21,  1.99it/s]Deconvoluting Remaining Spots:  58%|█████▊    | 556/956 [04:52<03:14,  2.06it/s]Deconvoluting Remaining Spots:  58%|█████▊    | 557/956 [04:53<03:22,  1.97it/s]Deconvoluting Remaining Spots:  58%|█████▊    | 558/956 [04:53<03:29,  1.90it/s]Deconvoluting Remaining Spots:  58%|█████▊    | 559/956 [04:54<04:14,  1.56it/s]Deconvoluting Remaining Spots:  59%|█████▊    | 560/956 [04:55<03:54,  1.69it/s]Deconvoluting Remaining Spots:  59%|█████▊    | 561/956 [04:55<03:44,  1.76it/s]Deconvoluting Remaining Spots:  59%|█████▉    | 562/956 [04:56<03:10,  2.07it/s]Deconvoluting Remaining Spots:  59%|█████▉    | 563/956 [04:56<03:41,  1.78it/s]Deconvoluting Remaining Spots:  59%|█████▉    | 564/956 [04:57<03:14,  2.01it/s]Deconvoluting Remaining Spots:  59%|█████▉    | 565/956 [04:57<03:00,  2.16it/s]Deconvoluting Remaining Spots:  59%|█████▉    | 566/956 [04:58<03:06,  2.09it/s]Deconvoluting Remaining Spots:  59%|█████▉    | 567/956 [04:58<03:17,  1.97it/s]Deconvoluting Remaining Spots:  59%|█████▉    | 568/956 [04:59<03:13,  2.00it/s]Deconvoluting Remaining Spots:  60%|█████▉    | 569/956 [05:00<03:51,  1.67it/s]Deconvoluting Remaining Spots:  60%|█████▉    | 570/956 [05:00<03:10,  2.03it/s]Deconvoluting Remaining Spots:  60%|█████▉    | 571/956 [05:00<02:57,  2.17it/s]Deconvoluting Remaining Spots:  60%|█████▉    | 572/956 [05:01<02:45,  2.32it/s]Deconvoluting Remaining Spots:  60%|█████▉    | 573/956 [05:01<03:18,  1.93it/s]Deconvoluting Remaining Spots:  60%|██████    | 574/956 [05:02<03:09,  2.01it/s]Deconvoluting Remaining Spots:  60%|██████    | 575/956 [05:02<03:22,  1.88it/s]Deconvoluting Remaining Spots:  60%|██████    | 576/956 [05:03<03:20,  1.90it/s]Deconvoluting Remaining Spots:  60%|██████    | 577/956 [05:04<03:42,  1.71it/s]Deconvoluting Remaining Spots:  60%|██████    | 578/956 [05:04<03:01,  2.08it/s]Deconvoluting Remaining Spots:  61%|██████    | 579/956 [05:04<03:00,  2.08it/s]Deconvoluting Remaining Spots:  61%|██████    | 580/956 [05:05<03:10,  1.98it/s]Deconvoluting Remaining Spots:  61%|██████    | 581/956 [05:05<03:03,  2.04it/s]Deconvoluting Remaining Spots:  61%|██████    | 582/956 [05:06<03:10,  1.96it/s]Deconvoluting Remaining Spots:  61%|██████    | 583/956 [05:06<03:05,  2.01it/s]Deconvoluting Remaining Spots:  61%|██████    | 584/956 [05:07<03:40,  1.69it/s]Deconvoluting Remaining Spots:  61%|██████    | 585/956 [05:07<02:54,  2.12it/s]Deconvoluting Remaining Spots:  61%|██████▏   | 586/956 [05:08<02:56,  2.10it/s]Deconvoluting Remaining Spots:  61%|██████▏   | 587/956 [05:08<02:49,  2.18it/s]Deconvoluting Remaining Spots:  62%|██████▏   | 588/956 [05:09<03:06,  1.98it/s]Deconvoluting Remaining Spots:  62%|██████▏   | 589/956 [05:09<02:53,  2.11it/s]Deconvoluting Remaining Spots:  62%|██████▏   | 590/956 [05:10<03:05,  1.97it/s]Deconvoluting Remaining Spots:  62%|██████▏   | 591/956 [05:10<03:04,  1.98it/s]Deconvoluting Remaining Spots:  62%|██████▏   | 592/956 [05:11<03:23,  1.79it/s]Deconvoluting Remaining Spots:  62%|██████▏   | 593/956 [05:11<03:09,  1.92it/s]Deconvoluting Remaining Spots:  62%|██████▏   | 594/956 [05:12<03:06,  1.94it/s]Deconvoluting Remaining Spots:  62%|██████▏   | 595/956 [05:12<03:06,  1.94it/s]Deconvoluting Remaining Spots:  62%|██████▏   | 596/956 [05:13<03:41,  1.63it/s]Deconvoluting Remaining Spots:  62%|██████▏   | 597/956 [05:14<02:56,  2.04it/s]Deconvoluting Remaining Spots:  63%|██████▎   | 598/956 [05:14<03:10,  1.88it/s]Deconvoluting Remaining Spots:  63%|██████▎   | 599/956 [05:15<03:22,  1.76it/s]Deconvoluting Remaining Spots:  63%|██████▎   | 600/956 [05:15<02:41,  2.20it/s]2026-02-17 22:23:43,673 - root - INFO - Saved checkpoint after 600 completed spots
Deconvoluting Remaining Spots:  63%|██████▎   | 601/956 [05:25<19:22,  3.27s/it]Deconvoluting Remaining Spots:  65%|██████▍   | 620/956 [05:25<02:07,  2.64it/s]Deconvoluting Remaining Spots:  65%|██████▌   | 622/956 [05:27<02:16,  2.46it/s]Deconvoluting Remaining Spots:  65%|██████▌   | 624/956 [05:27<02:14,  2.46it/s]Deconvoluting Remaining Spots:  65%|██████▌   | 625/956 [05:28<02:20,  2.36it/s]Deconvoluting Remaining Spots:  65%|██████▌   | 626/956 [05:28<02:26,  2.26it/s]Deconvoluting Remaining Spots:  66%|██████▌   | 627/956 [05:29<02:28,  2.21it/s]Deconvoluting Remaining Spots:  66%|██████▌   | 628/956 [05:30<02:31,  2.17it/s]Deconvoluting Remaining Spots:  66%|██████▌   | 629/956 [05:30<02:41,  2.02it/s]Deconvoluting Remaining Spots:  66%|██████▌   | 630/956 [05:31<02:39,  2.04it/s]Deconvoluting Remaining Spots:  66%|██████▌   | 631/956 [05:31<02:40,  2.03it/s]Deconvoluting Remaining Spots:  66%|██████▌   | 632/956 [05:32<02:57,  1.82it/s]Deconvoluting Remaining Spots:  66%|██████▌   | 633/956 [05:32<02:26,  2.20it/s]Deconvoluting Remaining Spots:  66%|██████▋   | 634/956 [05:32<02:27,  2.18it/s]Deconvoluting Remaining Spots:  66%|██████▋   | 635/956 [05:33<02:40,  2.00it/s]Deconvoluting Remaining Spots:  67%|██████▋   | 636/956 [05:34<02:51,  1.87it/s]Deconvoluting Remaining Spots:  67%|██████▋   | 637/956 [05:34<02:44,  1.94it/s]Deconvoluting Remaining Spots:  67%|██████▋   | 638/956 [05:35<02:41,  1.96it/s]Deconvoluting Remaining Spots:  67%|██████▋   | 639/956 [05:36<03:12,  1.65it/s]Deconvoluting Remaining Spots:  67%|██████▋   | 640/956 [05:36<02:37,  2.01it/s]Deconvoluting Remaining Spots:  67%|██████▋   | 641/956 [05:36<02:54,  1.81it/s]Deconvoluting Remaining Spots:  67%|██████▋   | 642/956 [05:37<02:27,  2.12it/s]Deconvoluting Remaining Spots:  67%|██████▋   | 643/956 [05:38<03:02,  1.71it/s]Deconvoluting Remaining Spots:  67%|██████▋   | 644/956 [05:38<02:17,  2.27it/s]Deconvoluting Remaining Spots:  67%|██████▋   | 645/956 [05:38<02:28,  2.09it/s]Deconvoluting Remaining Spots:  68%|██████▊   | 646/956 [05:39<02:18,  2.23it/s]Deconvoluting Remaining Spots:  68%|██████▊   | 647/956 [05:39<02:21,  2.19it/s]Deconvoluting Remaining Spots:  68%|██████▊   | 648/956 [05:40<02:26,  2.10it/s]Deconvoluting Remaining Spots:  68%|██████▊   | 649/956 [05:40<02:32,  2.01it/s]Deconvoluting Remaining Spots:  68%|██████▊   | 650/956 [05:41<02:34,  1.98it/s]Deconvoluting Remaining Spots:  68%|██████▊   | 651/956 [05:41<02:44,  1.86it/s]Deconvoluting Remaining Spots:  68%|██████▊   | 652/956 [05:42<02:47,  1.81it/s]Deconvoluting Remaining Spots:  68%|██████▊   | 653/956 [05:42<02:40,  1.89it/s]Deconvoluting Remaining Spots:  68%|██████▊   | 654/956 [05:43<02:29,  2.02it/s]Deconvoluting Remaining Spots:  69%|██████▊   | 655/956 [05:43<02:20,  2.15it/s]Deconvoluting Remaining Spots:  69%|██████▊   | 656/956 [05:44<02:32,  1.96it/s]Deconvoluting Remaining Spots:  69%|██████▊   | 657/956 [05:44<02:38,  1.89it/s]Deconvoluting Remaining Spots:  69%|██████▉   | 658/956 [05:45<02:33,  1.94it/s]Deconvoluting Remaining Spots:  69%|██████▉   | 659/956 [05:45<02:44,  1.80it/s]Deconvoluting Remaining Spots:  69%|██████▉   | 660/956 [05:46<02:30,  1.97it/s]Deconvoluting Remaining Spots:  69%|██████▉   | 661/956 [05:46<02:23,  2.06it/s]Deconvoluting Remaining Spots:  69%|██████▉   | 662/956 [05:47<02:30,  1.95it/s]Deconvoluting Remaining Spots:  69%|██████▉   | 663/956 [05:47<02:19,  2.10it/s]Deconvoluting Remaining Spots:  69%|██████▉   | 664/956 [05:48<02:20,  2.08it/s]Deconvoluting Remaining Spots:  70%|██████▉   | 665/956 [05:48<02:21,  2.06it/s]Deconvoluting Remaining Spots:  70%|██████▉   | 666/956 [05:49<02:30,  1.92it/s]Deconvoluting Remaining Spots:  70%|██████▉   | 667/956 [05:49<02:30,  1.92it/s]Deconvoluting Remaining Spots:  70%|██████▉   | 668/956 [05:50<02:44,  1.75it/s]Deconvoluting Remaining Spots:  70%|██████▉   | 669/956 [05:51<02:37,  1.82it/s]Deconvoluting Remaining Spots:  70%|███████   | 670/956 [05:51<02:26,  1.96it/s]Deconvoluting Remaining Spots:  70%|███████   | 671/956 [05:52<02:25,  1.97it/s]Deconvoluting Remaining Spots:  70%|███████   | 672/956 [05:52<02:25,  1.95it/s]Deconvoluting Remaining Spots:  70%|███████   | 673/956 [05:53<02:25,  1.94it/s]Deconvoluting Remaining Spots:  71%|███████   | 674/956 [05:53<02:21,  1.99it/s]Deconvoluting Remaining Spots:  71%|███████   | 675/956 [05:54<02:25,  1.94it/s]Deconvoluting Remaining Spots:  71%|███████   | 676/956 [05:54<02:17,  2.04it/s]Deconvoluting Remaining Spots:  71%|███████   | 677/956 [05:55<02:25,  1.92it/s]Deconvoluting Remaining Spots:  71%|███████   | 678/956 [05:55<02:20,  1.98it/s]Deconvoluting Remaining Spots:  71%|███████   | 679/956 [05:56<02:21,  1.96it/s]Deconvoluting Remaining Spots:  71%|███████   | 680/956 [05:56<02:13,  2.07it/s]Deconvoluting Remaining Spots:  71%|███████   | 681/956 [05:57<02:34,  1.78it/s]Deconvoluting Remaining Spots:  71%|███████▏  | 682/956 [05:57<02:34,  1.77it/s]Deconvoluting Remaining Spots:  71%|███████▏  | 683/956 [05:58<03:10,  1.43it/s]Deconvoluting Remaining Spots:  72%|███████▏  | 684/956 [05:59<02:37,  1.72it/s]Deconvoluting Remaining Spots:  72%|███████▏  | 685/956 [05:59<02:06,  2.14it/s]Deconvoluting Remaining Spots:  72%|███████▏  | 686/956 [05:59<02:01,  2.23it/s]Deconvoluting Remaining Spots:  72%|███████▏  | 687/956 [06:00<02:17,  1.96it/s]Deconvoluting Remaining Spots:  72%|███████▏  | 688/956 [06:00<02:11,  2.04it/s]Deconvoluting Remaining Spots:  72%|███████▏  | 689/956 [06:01<02:14,  1.99it/s]Deconvoluting Remaining Spots:  72%|███████▏  | 690/956 [06:01<02:15,  1.96it/s]Deconvoluting Remaining Spots:  72%|███████▏  | 691/956 [06:02<02:14,  1.97it/s]Deconvoluting Remaining Spots:  72%|███████▏  | 692/956 [06:02<02:15,  1.95it/s]Deconvoluting Remaining Spots:  72%|███████▏  | 693/956 [06:03<02:05,  2.10it/s]Deconvoluting Remaining Spots:  73%|███████▎  | 694/956 [06:03<02:15,  1.93it/s]Deconvoluting Remaining Spots:  73%|███████▎  | 695/956 [06:04<02:18,  1.88it/s]Deconvoluting Remaining Spots:  73%|███████▎  | 696/956 [06:04<02:10,  1.99it/s]Deconvoluting Remaining Spots:  73%|███████▎  | 697/956 [06:05<02:20,  1.84it/s]Deconvoluting Remaining Spots:  73%|███████▎  | 698/956 [06:05<02:09,  1.99it/s]Deconvoluting Remaining Spots:  73%|███████▎  | 699/956 [06:06<02:17,  1.87it/s]Deconvoluting Remaining Spots:  73%|███████▎  | 700/956 [06:07<02:09,  1.98it/s]2026-02-17 22:24:36,555 - root - INFO - Saved checkpoint after 700 completed spots
Deconvoluting Remaining Spots:  73%|███████▎  | 701/956 [06:18<15:45,  3.71s/it]Deconvoluting Remaining Spots:  76%|███████▌  | 722/956 [06:18<01:29,  2.62it/s]Deconvoluting Remaining Spots:  76%|███████▌  | 725/956 [06:20<01:33,  2.46it/s]Deconvoluting Remaining Spots:  76%|███████▌  | 727/956 [06:20<01:34,  2.43it/s]Deconvoluting Remaining Spots:  76%|███████▋  | 729/956 [06:22<01:38,  2.31it/s]Deconvoluting Remaining Spots:  76%|███████▋  | 731/956 [06:23<01:39,  2.26it/s]Deconvoluting Remaining Spots:  77%|███████▋  | 732/956 [06:23<01:47,  2.09it/s]Deconvoluting Remaining Spots:  77%|███████▋  | 733/956 [06:24<01:55,  1.94it/s]Deconvoluting Remaining Spots:  77%|███████▋  | 734/956 [06:25<01:53,  1.96it/s]Deconvoluting Remaining Spots:  77%|███████▋  | 735/956 [06:25<01:51,  1.99it/s]Deconvoluting Remaining Spots:  77%|███████▋  | 736/956 [06:25<01:47,  2.05it/s]Deconvoluting Remaining Spots:  77%|███████▋  | 737/956 [06:26<01:53,  1.94it/s]Deconvoluting Remaining Spots:  77%|███████▋  | 738/956 [06:27<01:54,  1.91it/s]Deconvoluting Remaining Spots:  77%|███████▋  | 739/956 [06:27<02:05,  1.73it/s]Deconvoluting Remaining Spots:  77%|███████▋  | 740/956 [06:28<01:44,  2.07it/s]Deconvoluting Remaining Spots:  78%|███████▊  | 741/956 [06:28<01:41,  2.13it/s]Deconvoluting Remaining Spots:  78%|███████▊  | 742/956 [06:28<01:39,  2.16it/s]Deconvoluting Remaining Spots:  78%|███████▊  | 743/956 [06:29<01:48,  1.97it/s]Deconvoluting Remaining Spots:  78%|███████▊  | 744/956 [06:30<02:04,  1.70it/s]Deconvoluting Remaining Spots:  78%|███████▊  | 745/956 [06:30<01:58,  1.78it/s]Deconvoluting Remaining Spots:  78%|███████▊  | 746/956 [06:31<01:40,  2.09it/s]Deconvoluting Remaining Spots:  78%|███████▊  | 747/956 [06:31<01:43,  2.02it/s]Deconvoluting Remaining Spots:  78%|███████▊  | 748/956 [06:32<01:38,  2.10it/s]Deconvoluting Remaining Spots:  78%|███████▊  | 749/956 [06:32<01:45,  1.97it/s]Deconvoluting Remaining Spots:  78%|███████▊  | 750/956 [06:33<01:42,  2.01it/s]Deconvoluting Remaining Spots:  79%|███████▊  | 751/956 [06:33<01:56,  1.76it/s]Deconvoluting Remaining Spots:  79%|███████▊  | 752/956 [06:34<01:40,  2.03it/s]Deconvoluting Remaining Spots:  79%|███████▉  | 753/956 [06:34<01:52,  1.80it/s]Deconvoluting Remaining Spots:  79%|███████▉  | 754/956 [06:35<01:34,  2.13it/s]Deconvoluting Remaining Spots:  79%|███████▉  | 755/956 [06:35<01:43,  1.94it/s]Deconvoluting Remaining Spots:  79%|███████▉  | 756/956 [06:36<01:39,  2.02it/s]Deconvoluting Remaining Spots:  79%|███████▉  | 757/956 [06:37<02:01,  1.63it/s]Deconvoluting Remaining Spots:  79%|███████▉  | 758/956 [06:37<01:40,  1.97it/s]Deconvoluting Remaining Spots:  79%|███████▉  | 759/956 [06:37<01:35,  2.06it/s]Deconvoluting Remaining Spots:  79%|███████▉  | 760/956 [06:38<01:29,  2.19it/s]Deconvoluting Remaining Spots:  80%|███████▉  | 761/956 [06:38<01:29,  2.18it/s]Deconvoluting Remaining Spots:  80%|███████▉  | 762/956 [06:39<01:29,  2.17it/s]Deconvoluting Remaining Spots:  80%|███████▉  | 763/956 [06:39<01:34,  2.05it/s]Deconvoluting Remaining Spots:  80%|███████▉  | 764/956 [06:40<01:39,  1.93it/s]Deconvoluting Remaining Spots:  80%|████████  | 765/956 [06:40<01:34,  2.03it/s]Deconvoluting Remaining Spots:  80%|████████  | 766/956 [06:41<01:35,  1.99it/s]Deconvoluting Remaining Spots:  80%|████████  | 767/956 [06:41<01:40,  1.89it/s]Deconvoluting Remaining Spots:  80%|████████  | 768/956 [06:42<01:36,  1.94it/s]Deconvoluting Remaining Spots:  80%|████████  | 769/956 [06:42<01:38,  1.90it/s]Deconvoluting Remaining Spots:  81%|████████  | 770/956 [06:43<01:52,  1.66it/s]Deconvoluting Remaining Spots:  81%|████████  | 771/956 [06:43<01:34,  1.95it/s]Deconvoluting Remaining Spots:  81%|████████  | 772/956 [06:44<01:30,  2.04it/s]Deconvoluting Remaining Spots:  81%|████████  | 773/956 [06:44<01:29,  2.05it/s]Deconvoluting Remaining Spots:  81%|████████  | 774/956 [06:45<01:27,  2.07it/s]Deconvoluting Remaining Spots:  81%|████████  | 775/956 [06:45<01:33,  1.94it/s]Deconvoluting Remaining Spots:  81%|████████  | 776/956 [06:46<01:33,  1.93it/s]Deconvoluting Remaining Spots:  81%|████████▏ | 777/956 [06:47<01:38,  1.83it/s]Deconvoluting Remaining Spots:  81%|████████▏ | 778/956 [06:47<01:25,  2.09it/s]Deconvoluting Remaining Spots:  81%|████████▏ | 779/956 [06:47<01:24,  2.08it/s]Deconvoluting Remaining Spots:  82%|████████▏ | 780/956 [06:48<01:28,  1.98it/s]Deconvoluting Remaining Spots:  82%|████████▏ | 781/956 [06:48<01:28,  1.97it/s]Deconvoluting Remaining Spots:  82%|████████▏ | 782/956 [06:49<01:30,  1.91it/s]Deconvoluting Remaining Spots:  82%|████████▏ | 783/956 [06:49<01:26,  2.00it/s]Deconvoluting Remaining Spots:  82%|████████▏ | 784/956 [06:50<01:28,  1.95it/s]Deconvoluting Remaining Spots:  82%|████████▏ | 785/956 [06:50<01:26,  1.97it/s]Deconvoluting Remaining Spots:  82%|████████▏ | 786/956 [06:51<01:44,  1.63it/s]Deconvoluting Remaining Spots:  82%|████████▏ | 787/956 [06:52<01:24,  1.99it/s]Deconvoluting Remaining Spots:  82%|████████▏ | 788/956 [06:52<01:35,  1.76it/s]Deconvoluting Remaining Spots:  83%|████████▎ | 789/956 [06:53<01:20,  2.06it/s]Deconvoluting Remaining Spots:  83%|████████▎ | 790/956 [06:53<01:19,  2.09it/s]Deconvoluting Remaining Spots:  83%|████████▎ | 791/956 [06:54<01:33,  1.76it/s]Deconvoluting Remaining Spots:  83%|████████▎ | 792/956 [06:54<01:18,  2.10it/s]Deconvoluting Remaining Spots:  83%|████████▎ | 793/956 [06:55<01:18,  2.08it/s]Deconvoluting Remaining Spots:  83%|████████▎ | 794/956 [06:55<01:18,  2.07it/s]Deconvoluting Remaining Spots:  83%|████████▎ | 795/956 [06:56<01:19,  2.04it/s]Deconvoluting Remaining Spots:  83%|████████▎ | 796/956 [06:57<01:39,  1.61it/s]Deconvoluting Remaining Spots:  83%|████████▎ | 797/956 [06:57<01:18,  2.03it/s]Deconvoluting Remaining Spots:  83%|████████▎ | 798/956 [06:57<01:16,  2.07it/s]Deconvoluting Remaining Spots:  84%|████████▎ | 799/956 [06:58<01:12,  2.17it/s]Deconvoluting Remaining Spots:  84%|████████▎ | 800/956 [06:59<01:38,  1.58it/s]2026-02-17 22:25:30,336 - root - INFO - Saved checkpoint after 800 completed spots
Deconvoluting Remaining Spots:  84%|████████▍ | 801/956 [07:11<11:07,  4.30s/it]Deconvoluting Remaining Spots:  86%|████████▋ | 826/956 [07:12<00:50,  2.57it/s]Deconvoluting Remaining Spots:  87%|████████▋ | 828/956 [07:13<00:51,  2.49it/s]Deconvoluting Remaining Spots:  87%|████████▋ | 830/956 [07:14<00:52,  2.41it/s]Deconvoluting Remaining Spots:  87%|████████▋ | 831/956 [07:15<00:53,  2.32it/s]Deconvoluting Remaining Spots:  87%|████████▋ | 832/956 [07:16<00:59,  2.07it/s]Deconvoluting Remaining Spots:  87%|████████▋ | 834/956 [07:16<00:51,  2.35it/s]Deconvoluting Remaining Spots:  87%|████████▋ | 835/956 [07:17<00:53,  2.28it/s]Deconvoluting Remaining Spots:  87%|████████▋ | 836/956 [07:17<00:55,  2.17it/s]Deconvoluting Remaining Spots:  88%|████████▊ | 837/956 [07:18<00:55,  2.13it/s]Deconvoluting Remaining Spots:  88%|████████▊ | 838/956 [07:18<00:55,  2.13it/s]Deconvoluting Remaining Spots:  88%|████████▊ | 839/956 [07:19<00:56,  2.06it/s]Deconvoluting Remaining Spots:  88%|████████▊ | 840/956 [07:19<00:58,  1.98it/s]Deconvoluting Remaining Spots:  88%|████████▊ | 841/956 [07:20<00:57,  1.98it/s]Deconvoluting Remaining Spots:  88%|████████▊ | 842/956 [07:20<00:57,  2.00it/s]Deconvoluting Remaining Spots:  88%|████████▊ | 843/956 [07:21<01:00,  1.88it/s]Deconvoluting Remaining Spots:  88%|████████▊ | 844/956 [07:21<00:56,  2.00it/s]Deconvoluting Remaining Spots:  88%|████████▊ | 845/956 [07:22<00:59,  1.88it/s]Deconvoluting Remaining Spots:  88%|████████▊ | 846/956 [07:22<00:52,  2.08it/s]Deconvoluting Remaining Spots:  89%|████████▊ | 847/956 [07:23<00:57,  1.91it/s]Deconvoluting Remaining Spots:  89%|████████▊ | 848/956 [07:23<00:54,  1.98it/s]Deconvoluting Remaining Spots:  89%|████████▉ | 849/956 [07:24<00:56,  1.90it/s]Deconvoluting Remaining Spots:  89%|████████▉ | 850/956 [07:24<00:52,  2.01it/s]Deconvoluting Remaining Spots:  89%|████████▉ | 851/956 [07:25<00:52,  1.99it/s]Deconvoluting Remaining Spots:  89%|████████▉ | 852/956 [07:26<00:54,  1.90it/s]Deconvoluting Remaining Spots:  89%|████████▉ | 853/956 [07:26<00:53,  1.93it/s]Deconvoluting Remaining Spots:  89%|████████▉ | 854/956 [07:27<00:53,  1.91it/s]Deconvoluting Remaining Spots:  89%|████████▉ | 855/956 [07:27<00:48,  2.08it/s]Deconvoluting Remaining Spots:  90%|████████▉ | 856/956 [07:28<00:51,  1.92it/s]Deconvoluting Remaining Spots:  90%|████████▉ | 857/956 [07:28<00:50,  1.95it/s]Deconvoluting Remaining Spots:  90%|████████▉ | 858/956 [07:29<00:51,  1.90it/s]Deconvoluting Remaining Spots:  90%|████████▉ | 859/956 [07:29<00:45,  2.15it/s]Deconvoluting Remaining Spots:  90%|████████▉ | 860/956 [07:30<00:52,  1.83it/s]Deconvoluting Remaining Spots:  90%|█████████ | 861/956 [07:30<00:59,  1.59it/s]Deconvoluting Remaining Spots:  90%|█████████ | 862/956 [07:31<00:50,  1.86it/s]Deconvoluting Remaining Spots:  90%|█████████ | 863/956 [07:31<00:48,  1.92it/s]Deconvoluting Remaining Spots:  90%|█████████ | 864/956 [07:32<00:44,  2.05it/s]Deconvoluting Remaining Spots:  90%|█████████ | 865/956 [07:32<00:42,  2.13it/s]Deconvoluting Remaining Spots:  91%|█████████ | 866/956 [07:33<00:46,  1.94it/s]Deconvoluting Remaining Spots:  91%|█████████ | 867/956 [07:33<00:44,  2.00it/s]Deconvoluting Remaining Spots:  91%|█████████ | 868/956 [07:34<00:42,  2.05it/s]Deconvoluting Remaining Spots:  91%|█████████ | 869/956 [07:34<00:45,  1.91it/s]Deconvoluting Remaining Spots:  91%|█████████ | 870/956 [07:35<00:39,  2.15it/s]Deconvoluting Remaining Spots:  91%|█████████ | 871/956 [07:35<00:44,  1.89it/s]Deconvoluting Remaining Spots:  91%|█████████ | 872/956 [07:36<00:40,  2.05it/s]Deconvoluting Remaining Spots:  91%|█████████▏| 873/956 [07:37<00:52,  1.59it/s]Deconvoluting Remaining Spots:  91%|█████████▏| 874/956 [07:37<00:39,  2.06it/s]Deconvoluting Remaining Spots:  92%|█████████▏| 875/956 [07:38<00:49,  1.65it/s]Deconvoluting Remaining Spots:  92%|█████████▏| 876/956 [07:38<00:39,  2.02it/s]Deconvoluting Remaining Spots:  92%|█████████▏| 877/956 [07:38<00:38,  2.06it/s]Deconvoluting Remaining Spots:  92%|█████████▏| 878/956 [07:39<00:37,  2.10it/s]Deconvoluting Remaining Spots:  92%|█████████▏| 879/956 [07:39<00:36,  2.11it/s]Deconvoluting Remaining Spots:  92%|█████████▏| 880/956 [07:40<00:36,  2.08it/s]Deconvoluting Remaining Spots:  92%|█████████▏| 881/956 [07:40<00:37,  1.98it/s]Deconvoluting Remaining Spots:  92%|█████████▏| 882/956 [07:41<00:39,  1.90it/s]Deconvoluting Remaining Spots:  92%|█████████▏| 883/956 [07:41<00:33,  2.17it/s]Deconvoluting Remaining Spots:  92%|█████████▏| 884/956 [07:42<00:38,  1.88it/s]Deconvoluting Remaining Spots:  93%|█████████▎| 885/956 [07:42<00:37,  1.91it/s]Deconvoluting Remaining Spots:  93%|█████████▎| 886/956 [07:43<00:36,  1.91it/s]Deconvoluting Remaining Spots:  93%|█████████▎| 887/956 [07:43<00:35,  1.93it/s]Deconvoluting Remaining Spots:  93%|█████████▎| 888/956 [07:44<00:34,  1.95it/s]Deconvoluting Remaining Spots:  93%|█████████▎| 889/956 [07:44<00:34,  1.96it/s]Deconvoluting Remaining Spots:  93%|█████████▎| 890/956 [07:45<00:33,  1.97it/s]Deconvoluting Remaining Spots:  93%|█████████▎| 891/956 [07:46<00:34,  1.87it/s]Deconvoluting Remaining Spots:  93%|█████████▎| 892/956 [07:46<00:34,  1.85it/s]Deconvoluting Remaining Spots:  93%|█████████▎| 893/956 [07:47<00:39,  1.58it/s]Deconvoluting Remaining Spots:  94%|█████████▎| 894/956 [07:47<00:31,  1.97it/s]Deconvoluting Remaining Spots:  94%|█████████▎| 895/956 [07:48<00:32,  1.90it/s]Deconvoluting Remaining Spots:  94%|█████████▎| 896/956 [07:48<00:27,  2.15it/s]Deconvoluting Remaining Spots:  94%|█████████▍| 897/956 [07:49<00:28,  2.06it/s]Deconvoluting Remaining Spots:  94%|█████████▍| 898/956 [07:49<00:27,  2.08it/s]Deconvoluting Remaining Spots:  94%|█████████▍| 899/956 [07:50<00:29,  1.91it/s]Deconvoluting Remaining Spots:  94%|█████████▍| 900/956 [07:50<00:29,  1.90it/s]2026-02-17 22:26:23,381 - root - INFO - Saved checkpoint after 900 completed spots
Deconvoluting Remaining Spots:  94%|█████████▍| 901/956 [08:05<04:15,  4.65s/it]Deconvoluting Remaining Spots:  97%|█████████▋| 928/956 [08:05<00:10,  2.60it/s]Deconvoluting Remaining Spots:  97%|█████████▋| 931/956 [08:07<00:10,  2.44it/s]Deconvoluting Remaining Spots:  98%|█████████▊| 933/956 [08:08<00:09,  2.31it/s]Deconvoluting Remaining Spots:  98%|█████████▊| 935/956 [08:09<00:09,  2.32it/s]Deconvoluting Remaining Spots:  98%|█████████▊| 936/956 [08:09<00:09,  2.21it/s]Deconvoluting Remaining Spots:  98%|█████████▊| 937/956 [08:10<00:08,  2.18it/s]Deconvoluting Remaining Spots:  98%|█████████▊| 938/956 [08:10<00:07,  2.38it/s]Deconvoluting Remaining Spots:  98%|█████████▊| 939/956 [08:11<00:08,  2.06it/s]Deconvoluting Remaining Spots:  98%|█████████▊| 940/956 [08:11<00:07,  2.04it/s]Deconvoluting Remaining Spots:  98%|█████████▊| 941/956 [08:12<00:07,  2.03it/s]Deconvoluting Remaining Spots:  99%|█████████▊| 942/956 [08:13<00:06,  2.01it/s]Deconvoluting Remaining Spots:  99%|█████████▊| 943/956 [08:13<00:06,  1.92it/s]Deconvoluting Remaining Spots:  99%|█████████▊| 944/956 [08:14<00:06,  1.97it/s]Deconvoluting Remaining Spots:  99%|█████████▉| 945/956 [08:14<00:05,  1.89it/s]Deconvoluting Remaining Spots:  99%|█████████▉| 946/956 [08:15<00:05,  2.00it/s]Deconvoluting Remaining Spots:  99%|█████████▉| 947/956 [08:15<00:04,  1.88it/s]Deconvoluting Remaining Spots:  99%|█████████▉| 948/956 [08:16<00:04,  1.90it/s]Deconvoluting Remaining Spots:  99%|█████████▉| 949/956 [08:16<00:03,  1.89it/s]Deconvoluting Remaining Spots:  99%|█████████▉| 950/956 [08:17<00:03,  1.92it/s]Deconvoluting Remaining Spots:  99%|█████████▉| 951/956 [08:17<00:02,  2.02it/s]Deconvoluting Remaining Spots: 100%|█████████▉| 952/956 [08:18<00:01,  2.05it/s]Deconvoluting Remaining Spots: 100%|█████████▉| 953/956 [08:18<00:01,  1.95it/s]Deconvoluting Remaining Spots: 100%|█████████▉| 954/956 [08:19<00:01,  1.88it/s]Deconvoluting Remaining Spots: 100%|█████████▉| 955/956 [08:19<00:00,  2.04it/s]Deconvoluting Remaining Spots: 100%|██████████| 956/956 [08:20<00:00,  2.11it/s]Deconvoluting Remaining Spots: 100%|██████████| 956/956 [08:20<00:00,  1.91it/s]
2026-02-17 22:26:50,299 - root - INFO - Saved final results with 956 completed spots
2026-02-17 22:27:01,988 - root - INFO - Saved profiles to Benchmarking/simulation_benchmarking/CITEgeist/output_discrete_global/mixed/dapi/mixed/dapi/Wu_rep_3/Wu_rep_3_gene_expression_pass1.parquet with cell types: ['B-cells', 'CAFs', 'Cancer Epithelial', 'Endothelial', 'Myeloid', 'Normal Epithelial', 'PVL', 'Plasmablasts', 'T-cells']
2026-02-17 22:27:06,342 - root - INFO - Successfully added layer: B-cells_genes_pass1
2026-02-17 22:27:06,957 - root - INFO - Successfully added layer: PVL_genes_pass1
2026-02-17 22:27:07,566 - root - INFO - Successfully added layer: Endothelial_genes_pass1
2026-02-17 22:27:08,175 - root - INFO - Successfully added layer: Cancer_Epithelial_genes_pass1
2026-02-17 22:27:08,786 - root - INFO - Successfully added layer: Plasmablasts_genes_pass1
2026-02-17 22:27:09,397 - root - INFO - Successfully added layer: T-cells_genes_pass1
2026-02-17 22:27:10,007 - root - INFO - Successfully added layer: CAFs_genes_pass1
2026-02-17 22:27:10,619 - root - INFO - Successfully added layer: Myeloid_genes_pass1
2026-02-17 22:27:11,230 - root - INFO - Successfully added layer: Normal_Epithelial_genes_pass1
2026-02-17 22:27:33,859 - root - INFO - Exported layer 'B-cells_genes_pass1' to 'Benchmarking/simulation_benchmarking/CITEgeist/output_discrete_global/mixed/dapi/mixed/dapi/Wu_rep_3/Wu_rep_3_pass1/layers/pass1/B-cells_layer_pass1.csv'
2026-02-17 22:27:56,261 - root - INFO - Exported layer 'PVL_genes_pass1' to 'Benchmarking/simulation_benchmarking/CITEgeist/output_discrete_global/mixed/dapi/mixed/dapi/Wu_rep_3/Wu_rep_3_pass1/layers/pass1/PVL_layer_pass1.csv'
2026-02-17 22:28:18,738 - root - INFO - Exported layer 'Endothelial_genes_pass1' to 'Benchmarking/simulation_benchmarking/CITEgeist/output_discrete_global/mixed/dapi/mixed/dapi/Wu_rep_3/Wu_rep_3_pass1/layers/pass1/Endothelial_layer_pass1.csv'
2026-02-17 22:28:41,335 - root - INFO - Exported layer 'Cancer_Epithelial_genes_pass1' to 'Benchmarking/simulation_benchmarking/CITEgeist/output_discrete_global/mixed/dapi/mixed/dapi/Wu_rep_3/Wu_rep_3_pass1/layers/pass1/Cancer_Epithelial_layer_pass1.csv'
2026-02-17 22:29:03,819 - root - INFO - Exported layer 'Plasmablasts_genes_pass1' to 'Benchmarking/simulation_benchmarking/CITEgeist/output_discrete_global/mixed/dapi/mixed/dapi/Wu_rep_3/Wu_rep_3_pass1/layers/pass1/Plasmablasts_layer_pass1.csv'
2026-02-17 22:29:26,336 - root - INFO - Exported layer 'T-cells_genes_pass1' to 'Benchmarking/simulation_benchmarking/CITEgeist/output_discrete_global/mixed/dapi/mixed/dapi/Wu_rep_3/Wu_rep_3_pass1/layers/pass1/T-cells_layer_pass1.csv'
2026-02-17 22:29:48,920 - root - INFO - Exported layer 'CAFs_genes_pass1' to 'Benchmarking/simulation_benchmarking/CITEgeist/output_discrete_global/mixed/dapi/mixed/dapi/Wu_rep_3/Wu_rep_3_pass1/layers/pass1/CAFs_layer_pass1.csv'
2026-02-17 22:30:11,485 - root - INFO - Exported layer 'Myeloid_genes_pass1' to 'Benchmarking/simulation_benchmarking/CITEgeist/output_discrete_global/mixed/dapi/mixed/dapi/Wu_rep_3/Wu_rep_3_pass1/layers/pass1/Myeloid_layer_pass1.csv'
2026-02-17 22:30:34,253 - root - INFO - Exported layer 'Normal_Epithelial_genes_pass1' to 'Benchmarking/simulation_benchmarking/CITEgeist/output_discrete_global/mixed/dapi/mixed/dapi/Wu_rep_3/Wu_rep_3_pass1/layers/pass1/Normal_Epithelial_layer_pass1.csv'
2026-02-17 22:30:34,253 - __main__ - INFO - GEX deconvolution completed in 737.0s
2026-02-17 22:33:56,988 - __main__ - INFO - Exported 9 cell type layers to Benchmarking/simulation_benchmarking/CITEgeist/output_discrete_global/mixed/dapi/mixed/dapi/Wu_rep_3/layers
2026-02-17 22:33:56,996 - __main__ - INFO - Comparing against ground truth GEX: /ix1/alee/LO_LAB/Personal/Brent_Schlegel/bts76/Projects/CITEgeist/Wu_Visium/Simulations/scCube_12k/replicates/mixed/ST_GEX_sim/sample_3/layers
2026-02-17 22:35:50,434 - __main__ - INFO - GEX Average RMSE: 0.1510
2026-02-17 22:35:50,434 - __main__ - INFO - GEX Average NRMSE: 0.0206
2026-02-17 22:35:50,446 - __main__ - INFO - Results saved to Benchmarking/simulation_benchmarking/CITEgeist/output_discrete_global/mixed/dapi/mixed/dapi/Wu_rep_3
