2026-02-18 16:50:46,183 - __main__ - INFO - ============================================================
2026-02-18 16:50:46,183 - __main__ - INFO - BENCHMARK: replicate=4, condition=mixed, mode=dapi
2026-02-18 16:50:46,183 - __main__ - INFO - ============================================================
2026-02-18 16:50:46,201 - __main__ - INFO - Loading image: /ix1/alee/LO_LAB/Personal/Alexander_Chang/alc376/CITEgeist/Benchmarking/simulation_benchmarking/CITEgeist/mixed/images/dapi/Wu_rep_4_cellpose.png
2026-02-18 16:50:46,797 - __main__ - INFO - Image shape: (8000, 8000, 3)
2026-02-18 16:50:46,799 - __main__ - INFO - Running Cellpose with model_type=nuclei
2026-02-18 16:50:50,513 - cellpose.models - WARNING - model_type argument is not used in v4.0.1+. Ignoring this argument...
2026-02-18 16:50:50,513 - cellpose.core - INFO - >>>> using CPU
2026-02-18 16:50:50,513 - cellpose.core - INFO - >>>> using CPU
2026-02-18 16:50:51,538 - cellpose.models - INFO - >>>> loading model /ihome/alee/alc376/.cellpose/models/cpsam
2026-02-18 16:50:51,844 - cellpose.models - WARNING - channels deprecated in v4.0.1+. If data contain more than 3 channels, only the first 3 channels will be used
2026-02-18 16:50:51,881 - cellpose.transforms - INFO - processing image with (8000, 8000) HW, and 3 channels
2026-02-18 16:58:46,015 - __main__ - INFO - Detected 4894 nuclei in 479.2s
2026-02-18 16:58:46,073 - __main__ - INFO - Nuclei count correlation: 0.986
2026-02-18 16:58:46,073 - __main__ - INFO - Nuclei count RMSE: 0.43
2026-02-18 16:58:46,099 - __main__ - INFO - Loading h5ad files...
2026-02-18 16:58:46,759 - root - INFO - Logging initialized.
2026-02-18 16:58:46,759 - __main__ - INFO - Using CLR preprocessing (continuous model style)
2026-02-18 16:58:46,936 - root - INFO - Normalization stats:
2026-02-18 16:58:46,936 - root - INFO - Original median total: 80712055723.50
2026-02-18 16:58:46,942 - root - INFO - Mean scaled total: 9978.33
2026-02-18 16:58:46,948 - root - INFO - Max scaled value: 10000.00
2026-02-18 16:58:47,024 - root - INFO - Gene expression data normalized to 10000 counts per spot and validated for discrete count analysis.
2026-02-18 16:58:47,025 - root - INFO - Mapped 18 markers to 9 cell types (preserving marker-level data)
2026-02-18 16:58:47,025 - __main__ - INFO - Discrete cell type order: ['B-cells', 'CAFs', 'Cancer Epithelial', 'Endothelial', 'Myeloid', 'Normal Epithelial', 'PVL', 'Plasmablasts', 'T-cells']
2026-02-18 16:58:47,026 - root - INFO - Mapped 18 markers to 9 cell types (preserving marker-level data)
2026-02-18 16:58:47,026 - root - INFO - Running discrete cell assignment: 956 spots, 18 markers, 9 cell types
2026-02-18 16:58:47,026 - root - INFO - Total nuclei: 4894, mean per spot: 5.12
2026-02-18 16:58:47,026 - root - INFO - Discrete cell assignment EM: 956 spots, 18 markers, 9 cell types
2026-02-18 16:58:47,026 - root - INFO - Total nuclei: 4894, mean per spot: 5.12
2026-02-18 16:58:47,027 - root - INFO - 
=== EM Iteration 1/10 ===
2026-02-18 16:58:47,027 - root - INFO - Global IQP: 956 spots x 9 cell types = 8604 integer variables
2026-02-18 16:58:47,027 - root - INFO - Time limit: 600.0s, MIP gap: 5.0%
2026-02-18 16:58:47,027 - root - INFO - Constraint slack: ±1 cells
2026-02-18 16:58:47,032 - gurobipy - INFO - Set parameter LicenseID to value 276015
2026-02-18 16:58:47,032 - gurobipy - INFO - Set parameter GURO_PAR_SPECIAL
2026-02-18 16:58:47,032 - gurobipy - INFO - Set parameter TokenServer to value "license.crc.pitt.edu"
2026-02-18 16:58:47,039 - gurobipy - INFO - Set parameter TimeLimit to value 600
2026-02-18 16:58:47,039 - gurobipy - INFO - Set parameter MIPGap to value 0.05
2026-02-18 16:58:48,146 - root - INFO - Starting global IQP optimization...
2026-02-18 16:58:48,146 - gurobipy - INFO - Gurobi Optimizer version 11.0.2 build v11.0.2rc0 (linux64 - "Red Hat Enterprise Linux 9.6 (Plow)")
2026-02-18 16:58:48,146 - gurobipy - INFO - 
2026-02-18 16:58:48,147 - gurobipy - INFO - CPU model: AMD EPYC 9374F 32-Core Processor, instruction set [SSE2|AVX|AVX2|AVX512]
2026-02-18 16:58:48,147 - gurobipy - INFO - Thread count: 64 physical cores, 64 logical processors, using up to 32 threads
2026-02-18 16:58:48,147 - gurobipy - INFO - 
2026-02-18 16:58:48,147 - gurobipy - INFO - Optimize a model with 1878 rows, 8604 columns and 16902 nonzeros
2026-02-18 16:58:48,147 - gurobipy - INFO - Model fingerprint: 0xdc73e2e6
2026-02-18 16:58:48,147 - gurobipy - INFO - Model has 8604 quadratic objective terms
2026-02-18 16:58:48,147 - gurobipy - INFO - Variable types: 0 continuous, 8604 integer (0 binary)
2026-02-18 16:58:48,147 - gurobipy - INFO - Coefficient statistics:
2026-02-18 16:58:48,147 - gurobipy - INFO -   Matrix range     [1e+00, 1e+00]
2026-02-18 16:58:48,147 - gurobipy - INFO -   Objective range  [2e-07, 4e+00]
2026-02-18 16:58:48,147 - gurobipy - INFO -   QObjective range [4e+00, 4e+00]
2026-02-18 16:58:48,147 - gurobipy - INFO -   Bounds range     [1e+00, 2e+01]
2026-02-18 16:58:48,147 - gurobipy - INFO -   RHS range        [1e+00, 2e+01]
2026-02-18 16:58:48,147 - gurobipy - INFO - 
2026-02-18 16:58:48,147 - gurobipy - INFO - Loaded user MIP start with objective 7068.17
2026-02-18 16:58:48,147 - gurobipy - INFO - 
2026-02-18 16:58:54,140 - gurobipy - INFO - Presolve removed 1876 rows and 8595 columns (presolve time = 6s) ...
2026-02-18 16:58:54,140 - gurobipy - INFO - Presolve removed 1876 rows and 8595 columns
2026-02-18 16:58:54,140 - gurobipy - INFO - Presolve time: 5.99s
2026-02-18 16:58:54,141 - gurobipy - INFO - Presolved: 2 rows, 9 columns, 18 nonzeros
2026-02-18 16:58:54,141 - gurobipy - INFO - Presolved model has 9 quadratic objective terms
2026-02-18 16:58:54,141 - gurobipy - INFO - Found heuristic solution: objective 4218.9724948
2026-02-18 16:58:54,141 - gurobipy - INFO - Variable types: 0 continuous, 9 integer (0 binary)
2026-02-18 16:58:54,141 - gurobipy - INFO - 
2026-02-18 16:58:54,141 - gurobipy - INFO - Explored 0 nodes (0 simplex iterations) in 5.99 seconds (0.25 work units)
2026-02-18 16:58:54,141 - gurobipy - INFO - Thread count was 32 (of 64 available processors)
2026-02-18 16:58:54,141 - gurobipy - INFO - 
2026-02-18 16:58:54,141 - gurobipy - INFO - Solution count 2: 4218.97 7068.17 
2026-02-18 16:58:54,141 - gurobipy - INFO - 
2026-02-18 16:58:54,141 - gurobipy - INFO - Optimal solution found (tolerance 5.00e-02)
2026-02-18 16:58:54,141 - gurobipy - INFO - Best objective 4.218972494756e+03, best bound 4.211528050947e+03, gap 0.1765%
2026-02-18 16:58:54,157 - root - INFO - Global IQP solved: status=2, gap=0.18%, time=6.0s
/ix1/alee/LO_LAB/Personal/Alexander_Chang/alc376/CITEgeist/CITEgeist/model/gurobi_impl.py:3800: RuntimeWarning: invalid value encountered in scalar divide
  loss_change = abs(prev_loss - loss) / max(abs(prev_loss), 1e-10)
2026-02-18 16:58:54,212 - root - INFO -   Loss: 836.5867 (change: nan)
2026-02-18 16:58:54,212 - root - INFO -   Beta range: [0.114, 0.681]
2026-02-18 16:58:54,212 - root - INFO -   Max beta change: 0.886088
2026-02-18 16:58:54,213 - root - INFO -   Cell count range: [0, 14]
2026-02-18 16:58:54,213 - root - INFO -     B-cells: 335 cells (8.2%)
2026-02-18 16:58:54,213 - root - INFO -     CAFs: 740 cells (18.2%)
2026-02-18 16:58:54,213 - root - INFO -     Cancer Epithelial: 849 cells (20.8%)
2026-02-18 16:58:54,213 - root - INFO -     Endothelial: 409 cells (10.0%)
2026-02-18 16:58:54,213 - root - INFO -     Myeloid: 449 cells (11.0%)
2026-02-18 16:58:54,213 - root - INFO -     Normal Epithelial: 362 cells (8.9%)
2026-02-18 16:58:54,213 - root - INFO -     PVL: 238 cells (5.8%)
2026-02-18 16:58:54,213 - root - INFO -     Plasmablasts: 245 cells (6.0%)
2026-02-18 16:58:54,213 - root - INFO -     T-cells: 449 cells (11.0%)
2026-02-18 16:58:54,213 - root - INFO - 
=== EM Iteration 2/10 ===
2026-02-18 16:58:54,213 - root - INFO - Global IQP: 956 spots x 9 cell types = 8604 integer variables
2026-02-18 16:58:54,213 - root - INFO - Time limit: 600.0s, MIP gap: 5.0%
2026-02-18 16:58:54,213 - root - INFO - Constraint slack: ±1 cells
2026-02-18 16:58:54,213 - gurobipy - INFO - Set parameter TimeLimit to value 600
2026-02-18 16:58:54,213 - gurobipy - INFO - Set parameter MIPGap to value 0.05
2026-02-18 16:58:55,337 - root - INFO - Starting global IQP optimization...
2026-02-18 16:58:55,337 - gurobipy - INFO - Gurobi Optimizer version 11.0.2 build v11.0.2rc0 (linux64 - "Red Hat Enterprise Linux 9.6 (Plow)")
2026-02-18 16:58:55,337 - gurobipy - INFO - 
2026-02-18 16:58:55,337 - gurobipy - INFO - CPU model: AMD EPYC 9374F 32-Core Processor, instruction set [SSE2|AVX|AVX2|AVX512]
2026-02-18 16:58:55,337 - gurobipy - INFO - Thread count: 64 physical cores, 64 logical processors, using up to 32 threads
2026-02-18 16:58:55,337 - gurobipy - INFO - 
2026-02-18 16:58:55,337 - gurobipy - INFO - Optimize a model with 1878 rows, 8604 columns and 16902 nonzeros
2026-02-18 16:58:55,338 - gurobipy - INFO - Model fingerprint: 0xff870b81
2026-02-18 16:58:55,338 - gurobipy - INFO - Model has 8604 quadratic objective terms
2026-02-18 16:58:55,338 - gurobipy - INFO - Variable types: 0 continuous, 8604 integer (0 binary)
2026-02-18 16:58:55,338 - gurobipy - INFO - Coefficient statistics:
2026-02-18 16:58:55,338 - gurobipy - INFO -   Matrix range     [1e+00, 1e+00]
2026-02-18 16:58:55,338 - gurobipy - INFO -   Objective range  [3e-08, 3e+00]
2026-02-18 16:58:55,338 - gurobipy - INFO -   QObjective range [5e-02, 2e+00]
2026-02-18 16:58:55,338 - gurobipy - INFO -   Bounds range     [1e+00, 2e+01]
2026-02-18 16:58:55,338 - gurobipy - INFO -   RHS range        [1e+00, 2e+01]
2026-02-18 16:58:55,338 - gurobipy - INFO - 
2026-02-18 16:58:55,338 - gurobipy - INFO - Loaded user MIP start with objective 836.587
2026-02-18 16:58:55,338 - gurobipy - INFO - 
2026-02-18 16:58:58,953 - gurobipy - INFO - Presolve removed 1876 rows and 8595 columns
2026-02-18 16:58:58,953 - gurobipy - INFO - Presolve time: 3.61s
2026-02-18 16:58:58,953 - gurobipy - INFO - Presolved: 2 rows, 9 columns, 18 nonzeros
2026-02-18 16:58:58,953 - gurobipy - INFO - Presolved model has 9 quadratic objective terms
2026-02-18 16:58:58,953 - gurobipy - INFO - Found heuristic solution: objective 484.3007611
2026-02-18 16:58:58,953 - gurobipy - INFO - Variable types: 0 continuous, 9 integer (0 binary)
2026-02-18 16:58:58,954 - gurobipy - INFO - 
2026-02-18 16:58:58,954 - gurobipy - INFO - Explored 0 nodes (0 simplex iterations) in 3.62 seconds (0.11 work units)
2026-02-18 16:58:58,954 - gurobipy - INFO - Thread count was 32 (of 64 available processors)
2026-02-18 16:58:58,954 - gurobipy - INFO - 
2026-02-18 16:58:58,954 - gurobipy - INFO - Solution count 2: 484.301 836.587 
2026-02-18 16:58:58,954 - gurobipy - INFO - 
2026-02-18 16:58:58,954 - gurobipy - INFO - Optimal solution found (tolerance 5.00e-02)
2026-02-18 16:58:58,954 - gurobipy - INFO - Best objective 4.843007610945e+02, best bound 4.807781599203e+02, gap 0.7274%
2026-02-18 16:58:58,967 - root - INFO - Global IQP solved: status=2, gap=0.73%, time=3.6s
2026-02-18 16:58:59,028 - root - INFO -   Loss: 466.8635 (change: 0.441943)
2026-02-18 16:58:59,028 - root - INFO -   Beta range: [0.100, 0.549]
2026-02-18 16:58:59,028 - root - INFO -   Max beta change: 0.133942
2026-02-18 16:58:59,028 - root - INFO -   Cell count range: [1, 14]
2026-02-18 16:58:59,028 - root - INFO -     B-cells: 363 cells (7.4%)
2026-02-18 16:58:59,028 - root - INFO -     CAFs: 790 cells (16.1%)
2026-02-18 16:58:59,028 - root - INFO -     Cancer Epithelial: 753 cells (15.3%)
2026-02-18 16:58:59,028 - root - INFO -     Endothelial: 567 cells (11.5%)
2026-02-18 16:58:59,028 - root - INFO -     Myeloid: 447 cells (9.1%)
2026-02-18 16:58:59,028 - root - INFO -     Normal Epithelial: 513 cells (10.4%)
2026-02-18 16:58:59,028 - root - INFO -     PVL: 515 cells (10.5%)
2026-02-18 16:58:59,028 - root - INFO -     Plasmablasts: 502 cells (10.2%)
2026-02-18 16:58:59,028 - root - INFO -     T-cells: 464 cells (9.4%)
2026-02-18 16:58:59,028 - root - INFO - 
=== EM Iteration 3/10 ===
2026-02-18 16:58:59,028 - root - INFO - Global IQP: 956 spots x 9 cell types = 8604 integer variables
2026-02-18 16:58:59,028 - root - INFO - Time limit: 600.0s, MIP gap: 5.0%
2026-02-18 16:58:59,028 - root - INFO - Constraint slack: ±1 cells
2026-02-18 16:58:59,028 - gurobipy - INFO - Set parameter TimeLimit to value 600
2026-02-18 16:58:59,028 - gurobipy - INFO - Set parameter MIPGap to value 0.05
2026-02-18 16:58:59,933 - root - INFO - Starting global IQP optimization...
2026-02-18 16:58:59,933 - gurobipy - INFO - Gurobi Optimizer version 11.0.2 build v11.0.2rc0 (linux64 - "Red Hat Enterprise Linux 9.6 (Plow)")
2026-02-18 16:58:59,933 - gurobipy - INFO - 
2026-02-18 16:58:59,933 - gurobipy - INFO - CPU model: AMD EPYC 9374F 32-Core Processor, instruction set [SSE2|AVX|AVX2|AVX512]
2026-02-18 16:58:59,933 - gurobipy - INFO - Thread count: 64 physical cores, 64 logical processors, using up to 32 threads
2026-02-18 16:58:59,933 - gurobipy - INFO - 
2026-02-18 16:58:59,933 - gurobipy - INFO - Optimize a model with 1878 rows, 8604 columns and 16902 nonzeros
2026-02-18 16:58:59,934 - gurobipy - INFO - Model fingerprint: 0x003954e7
2026-02-18 16:58:59,934 - gurobipy - INFO - Model has 8604 quadratic objective terms
2026-02-18 16:58:59,934 - gurobipy - INFO - Variable types: 0 continuous, 8604 integer (0 binary)
2026-02-18 16:58:59,934 - gurobipy - INFO - Coefficient statistics:
2026-02-18 16:58:59,934 - gurobipy - INFO -   Matrix range     [1e+00, 1e+00]
2026-02-18 16:58:59,934 - gurobipy - INFO -   Objective range  [2e-08, 2e+00]
2026-02-18 16:58:59,934 - gurobipy - INFO -   QObjective range [4e-02, 1e+00]
2026-02-18 16:58:59,934 - gurobipy - INFO -   Bounds range     [1e+00, 2e+01]
2026-02-18 16:58:59,934 - gurobipy - INFO -   RHS range        [1e+00, 2e+01]
2026-02-18 16:58:59,934 - gurobipy - INFO - 
2026-02-18 16:58:59,934 - gurobipy - INFO - Loaded user MIP start with objective 466.863
2026-02-18 16:58:59,934 - gurobipy - INFO - 
2026-02-18 16:59:02,443 - gurobipy - INFO - Presolve removed 1876 rows and 8595 columns
2026-02-18 16:59:02,444 - gurobipy - INFO - Presolve time: 2.51s
2026-02-18 16:59:02,444 - gurobipy - INFO - Presolved: 2 rows, 9 columns, 18 nonzeros
2026-02-18 16:59:02,444 - gurobipy - INFO - Presolved model has 9 quadratic objective terms
2026-02-18 16:59:02,444 - gurobipy - INFO - Found heuristic solution: objective 425.9291320
2026-02-18 16:59:02,444 - gurobipy - INFO - Variable types: 0 continuous, 9 integer (0 binary)
2026-02-18 16:59:02,444 - gurobipy - INFO - 
2026-02-18 16:59:02,444 - gurobipy - INFO - Explored 0 nodes (0 simplex iterations) in 2.51 seconds (0.10 work units)
2026-02-18 16:59:02,444 - gurobipy - INFO - Thread count was 32 (of 64 available processors)
2026-02-18 16:59:02,444 - gurobipy - INFO - 
2026-02-18 16:59:02,444 - gurobipy - INFO - Solution count 2: 425.929 466.863 
2026-02-18 16:59:02,444 - gurobipy - INFO - 
2026-02-18 16:59:02,444 - gurobipy - INFO - Optimal solution found (tolerance 5.00e-02)
2026-02-18 16:59:02,444 - gurobipy - INFO - Best objective 4.259291319736e+02, best bound 4.223863464932e+02, gap 0.8318%
2026-02-18 16:59:02,457 - root - INFO - Global IQP solved: status=2, gap=0.83%, time=2.5s
2026-02-18 16:59:02,505 - root - INFO -   Loss: 451.7052 (change: 0.032468)
2026-02-18 16:59:02,505 - root - INFO -   Beta range: [0.100, 0.488]
2026-02-18 16:59:02,505 - root - INFO -   Max beta change: 0.178315
2026-02-18 16:59:02,505 - root - INFO -   Cell count range: [1, 14]
2026-02-18 16:59:02,506 - root - INFO -     B-cells: 355 cells (7.0%)
2026-02-18 16:59:02,506 - root - INFO -     CAFs: 875 cells (17.3%)
2026-02-18 16:59:02,506 - root - INFO -     Cancer Epithelial: 644 cells (12.8%)
2026-02-18 16:59:02,506 - root - INFO -     Endothelial: 574 cells (11.4%)
2026-02-18 16:59:02,506 - root - INFO -     Myeloid: 443 cells (8.8%)
2026-02-18 16:59:02,506 - root - INFO -     Normal Epithelial: 536 cells (10.6%)
2026-02-18 16:59:02,506 - root - INFO -     PVL: 551 cells (10.9%)
2026-02-18 16:59:02,506 - root - INFO -     Plasmablasts: 597 cells (11.8%)
2026-02-18 16:59:02,506 - root - INFO -     T-cells: 470 cells (9.3%)
2026-02-18 16:59:02,506 - root - INFO - 
=== EM Iteration 4/10 ===
2026-02-18 16:59:02,506 - root - INFO - Global IQP: 956 spots x 9 cell types = 8604 integer variables
2026-02-18 16:59:02,506 - root - INFO - Time limit: 600.0s, MIP gap: 5.0%
2026-02-18 16:59:02,506 - root - INFO - Constraint slack: ±1 cells
2026-02-18 16:59:02,506 - gurobipy - INFO - Set parameter TimeLimit to value 600
2026-02-18 16:59:02,506 - gurobipy - INFO - Set parameter MIPGap to value 0.05
2026-02-18 16:59:03,561 - root - INFO - Starting global IQP optimization...
2026-02-18 16:59:03,562 - gurobipy - INFO - Gurobi Optimizer version 11.0.2 build v11.0.2rc0 (linux64 - "Red Hat Enterprise Linux 9.6 (Plow)")
2026-02-18 16:59:03,562 - gurobipy - INFO - 
2026-02-18 16:59:03,562 - gurobipy - INFO - CPU model: AMD EPYC 9374F 32-Core Processor, instruction set [SSE2|AVX|AVX2|AVX512]
2026-02-18 16:59:03,562 - gurobipy - INFO - Thread count: 64 physical cores, 64 logical processors, using up to 32 threads
2026-02-18 16:59:03,562 - gurobipy - INFO - 
2026-02-18 16:59:03,562 - gurobipy - INFO - Optimize a model with 1878 rows, 8604 columns and 16902 nonzeros
2026-02-18 16:59:03,562 - gurobipy - INFO - Model fingerprint: 0x94ccbbc8
2026-02-18 16:59:03,562 - gurobipy - INFO - Model has 8604 quadratic objective terms
2026-02-18 16:59:03,562 - gurobipy - INFO - Variable types: 0 continuous, 8604 integer (0 binary)
2026-02-18 16:59:03,562 - gurobipy - INFO - Coefficient statistics:
2026-02-18 16:59:03,562 - gurobipy - INFO -   Matrix range     [1e+00, 1e+00]
2026-02-18 16:59:03,562 - gurobipy - INFO -   Objective range  [2e-08, 2e+00]
2026-02-18 16:59:03,562 - gurobipy - INFO -   QObjective range [4e-02, 9e-01]
2026-02-18 16:59:03,562 - gurobipy - INFO -   Bounds range     [1e+00, 2e+01]
2026-02-18 16:59:03,562 - gurobipy - INFO -   RHS range        [1e+00, 2e+01]
2026-02-18 16:59:03,562 - gurobipy - INFO - 
2026-02-18 16:59:03,563 - gurobipy - INFO - Loaded user MIP start with objective 451.705
2026-02-18 16:59:03,563 - gurobipy - INFO - 
2026-02-18 16:59:06,059 - gurobipy - INFO - Presolve removed 1876 rows and 8595 columns
2026-02-18 16:59:06,059 - gurobipy - INFO - Presolve time: 2.50s
2026-02-18 16:59:06,059 - gurobipy - INFO - Presolved: 2 rows, 9 columns, 18 nonzeros
2026-02-18 16:59:06,059 - gurobipy - INFO - Presolved model has 9 quadratic objective terms
2026-02-18 16:59:06,059 - gurobipy - INFO - Found heuristic solution: objective 417.4010510
2026-02-18 16:59:06,059 - gurobipy - INFO - Variable types: 0 continuous, 9 integer (0 binary)
2026-02-18 16:59:06,059 - gurobipy - INFO - 
2026-02-18 16:59:06,059 - gurobipy - INFO - Explored 0 nodes (0 simplex iterations) in 2.50 seconds (0.09 work units)
2026-02-18 16:59:06,059 - gurobipy - INFO - Thread count was 32 (of 64 available processors)
2026-02-18 16:59:06,059 - gurobipy - INFO - 
2026-02-18 16:59:06,059 - gurobipy - INFO - Solution count 2: 417.401 451.705 
2026-02-18 16:59:06,059 - gurobipy - INFO - 
2026-02-18 16:59:06,059 - gurobipy - INFO - Optimal solution found (tolerance 5.00e-02)
2026-02-18 16:59:06,059 - gurobipy - INFO - Best objective 4.174010509846e+02, best bound 4.139562143521e+02, gap 0.8253%
2026-02-18 16:59:06,071 - root - INFO - Global IQP solved: status=2, gap=0.83%, time=2.5s
2026-02-18 16:59:06,117 - root - INFO -   Loss: 439.5242 (change: 0.026967)
2026-02-18 16:59:06,117 - root - INFO -   Beta range: [0.100, 0.454]
2026-02-18 16:59:06,117 - root - INFO -   Max beta change: 0.048933
2026-02-18 16:59:06,117 - root - INFO -   Cell count range: [1, 14]
2026-02-18 16:59:06,117 - root - INFO -     B-cells: 360 cells (7.1%)
2026-02-18 16:59:06,117 - root - INFO -     CAFs: 932 cells (18.4%)
2026-02-18 16:59:06,117 - root - INFO -     Cancer Epithelial: 536 cells (10.6%)
2026-02-18 16:59:06,117 - root - INFO -     Endothelial: 599 cells (11.8%)
2026-02-18 16:59:06,117 - root - INFO -     Myeloid: 445 cells (8.8%)
2026-02-18 16:59:06,117 - root - INFO -     Normal Epithelial: 590 cells (11.6%)
2026-02-18 16:59:06,117 - root - INFO -     PVL: 538 cells (10.6%)
2026-02-18 16:59:06,117 - root - INFO -     Plasmablasts: 598 cells (11.8%)
2026-02-18 16:59:06,117 - root - INFO -     T-cells: 477 cells (9.4%)
2026-02-18 16:59:06,117 - root - INFO - 
=== EM Iteration 5/10 ===
2026-02-18 16:59:06,117 - root - INFO - Global IQP: 956 spots x 9 cell types = 8604 integer variables
2026-02-18 16:59:06,117 - root - INFO - Time limit: 600.0s, MIP gap: 5.0%
2026-02-18 16:59:06,117 - root - INFO - Constraint slack: ±1 cells
2026-02-18 16:59:06,117 - gurobipy - INFO - Set parameter TimeLimit to value 600
2026-02-18 16:59:06,117 - gurobipy - INFO - Set parameter MIPGap to value 0.05
2026-02-18 16:59:07,161 - root - INFO - Starting global IQP optimization...
2026-02-18 16:59:07,161 - gurobipy - INFO - Gurobi Optimizer version 11.0.2 build v11.0.2rc0 (linux64 - "Red Hat Enterprise Linux 9.6 (Plow)")
2026-02-18 16:59:07,161 - gurobipy - INFO - 
2026-02-18 16:59:07,161 - gurobipy - INFO - CPU model: AMD EPYC 9374F 32-Core Processor, instruction set [SSE2|AVX|AVX2|AVX512]
2026-02-18 16:59:07,161 - gurobipy - INFO - Thread count: 64 physical cores, 64 logical processors, using up to 32 threads
2026-02-18 16:59:07,161 - gurobipy - INFO - 
2026-02-18 16:59:07,161 - gurobipy - INFO - Optimize a model with 1878 rows, 8604 columns and 16902 nonzeros
2026-02-18 16:59:07,162 - gurobipy - INFO - Model fingerprint: 0xc686c2db
2026-02-18 16:59:07,162 - gurobipy - INFO - Model has 8604 quadratic objective terms
2026-02-18 16:59:07,162 - gurobipy - INFO - Variable types: 0 continuous, 8604 integer (0 binary)
2026-02-18 16:59:07,162 - gurobipy - INFO - Coefficient statistics:
2026-02-18 16:59:07,162 - gurobipy - INFO -   Matrix range     [1e+00, 1e+00]
2026-02-18 16:59:07,162 - gurobipy - INFO -   Objective range  [2e-08, 2e+00]
2026-02-18 16:59:07,162 - gurobipy - INFO -   QObjective range [4e-02, 8e-01]
2026-02-18 16:59:07,162 - gurobipy - INFO -   Bounds range     [1e+00, 2e+01]
2026-02-18 16:59:07,162 - gurobipy - INFO -   RHS range        [1e+00, 2e+01]
2026-02-18 16:59:07,162 - gurobipy - INFO - 
2026-02-18 16:59:07,162 - gurobipy - INFO - Loaded user MIP start with objective 439.524
2026-02-18 16:59:07,162 - gurobipy - INFO - 
2026-02-18 16:59:09,662 - gurobipy - INFO - Presolve removed 1876 rows and 8595 columns
2026-02-18 16:59:09,662 - gurobipy - INFO - Presolve time: 2.50s
2026-02-18 16:59:09,662 - gurobipy - INFO - Presolved: 2 rows, 9 columns, 18 nonzeros
2026-02-18 16:59:09,662 - gurobipy - INFO - Presolved model has 9 quadratic objective terms
2026-02-18 16:59:09,662 - gurobipy - INFO - Found heuristic solution: objective 423.2359530
2026-02-18 16:59:09,662 - gurobipy - INFO - Variable types: 0 continuous, 9 integer (0 binary)
2026-02-18 16:59:09,663 - gurobipy - INFO - 
2026-02-18 16:59:09,663 - gurobipy - INFO - Explored 0 nodes (0 simplex iterations) in 2.50 seconds (0.08 work units)
2026-02-18 16:59:09,663 - gurobipy - INFO - Thread count was 32 (of 64 available processors)
2026-02-18 16:59:09,663 - gurobipy - INFO - 
2026-02-18 16:59:09,663 - gurobipy - INFO - Solution count 2: 423.236 439.524 
2026-02-18 16:59:09,663 - gurobipy - INFO - 
2026-02-18 16:59:09,663 - gurobipy - INFO - Optimal solution found (tolerance 5.00e-02)
2026-02-18 16:59:09,663 - gurobipy - INFO - Best objective 4.232359529773e+02, best bound 4.198011361244e+02, gap 0.8116%
2026-02-18 16:59:09,676 - root - INFO - Global IQP solved: status=2, gap=0.81%, time=2.5s
2026-02-18 16:59:09,722 - root - INFO -   Loss: 431.0460 (change: 0.019290)
2026-02-18 16:59:09,722 - root - INFO -   Beta range: [0.100, 0.434]
2026-02-18 16:59:09,722 - root - INFO -   Max beta change: 0.047843
2026-02-18 16:59:09,722 - root - INFO -   Cell count range: [1, 14]
2026-02-18 16:59:09,722 - root - INFO -     B-cells: 363 cells (7.2%)
2026-02-18 16:59:09,722 - root - INFO -     CAFs: 942 cells (18.6%)
2026-02-18 16:59:09,722 - root - INFO -     Cancer Epithelial: 468 cells (9.2%)
2026-02-18 16:59:09,722 - root - INFO -     Endothelial: 611 cells (12.0%)
2026-02-18 16:59:09,722 - root - INFO -     Myeloid: 447 cells (8.8%)
2026-02-18 16:59:09,722 - root - INFO -     Normal Epithelial: 629 cells (12.4%)
2026-02-18 16:59:09,722 - root - INFO -     PVL: 539 cells (10.6%)
2026-02-18 16:59:09,722 - root - INFO -     Plasmablasts: 595 cells (11.7%)
2026-02-18 16:59:09,722 - root - INFO -     T-cells: 481 cells (9.5%)
2026-02-18 16:59:09,722 - root - INFO - 
=== EM Iteration 6/10 ===
2026-02-18 16:59:09,722 - root - INFO - Global IQP: 956 spots x 9 cell types = 8604 integer variables
2026-02-18 16:59:09,722 - root - INFO - Time limit: 600.0s, MIP gap: 5.0%
2026-02-18 16:59:09,722 - root - INFO - Constraint slack: ±1 cells
2026-02-18 16:59:09,722 - gurobipy - INFO - Set parameter TimeLimit to value 600
2026-02-18 16:59:09,722 - gurobipy - INFO - Set parameter MIPGap to value 0.05
2026-02-18 16:59:10,771 - root - INFO - Starting global IQP optimization...
2026-02-18 16:59:10,771 - gurobipy - INFO - Gurobi Optimizer version 11.0.2 build v11.0.2rc0 (linux64 - "Red Hat Enterprise Linux 9.6 (Plow)")
2026-02-18 16:59:10,771 - gurobipy - INFO - 
2026-02-18 16:59:10,771 - gurobipy - INFO - CPU model: AMD EPYC 9374F 32-Core Processor, instruction set [SSE2|AVX|AVX2|AVX512]
2026-02-18 16:59:10,771 - gurobipy - INFO - Thread count: 64 physical cores, 64 logical processors, using up to 32 threads
2026-02-18 16:59:10,771 - gurobipy - INFO - 
2026-02-18 16:59:10,771 - gurobipy - INFO - Optimize a model with 1878 rows, 8604 columns and 16902 nonzeros
2026-02-18 16:59:10,772 - gurobipy - INFO - Model fingerprint: 0x80206346
2026-02-18 16:59:10,772 - gurobipy - INFO - Model has 8604 quadratic objective terms
2026-02-18 16:59:10,772 - gurobipy - INFO - Variable types: 0 continuous, 8604 integer (0 binary)
2026-02-18 16:59:10,772 - gurobipy - INFO - Coefficient statistics:
2026-02-18 16:59:10,772 - gurobipy - INFO -   Matrix range     [1e+00, 1e+00]
2026-02-18 16:59:10,772 - gurobipy - INFO -   Objective range  [2e-08, 2e+00]
2026-02-18 16:59:10,772 - gurobipy - INFO -   QObjective range [4e-02, 7e-01]
2026-02-18 16:59:10,772 - gurobipy - INFO -   Bounds range     [1e+00, 2e+01]
2026-02-18 16:59:10,772 - gurobipy - INFO -   RHS range        [1e+00, 2e+01]
2026-02-18 16:59:10,772 - gurobipy - INFO - 
2026-02-18 16:59:10,772 - gurobipy - INFO - Loaded user MIP start with objective 431.046
2026-02-18 16:59:10,772 - gurobipy - INFO - 
2026-02-18 16:59:13,170 - gurobipy - INFO - Presolve removed 1876 rows and 8595 columns
2026-02-18 16:59:13,171 - gurobipy - INFO - Presolve time: 2.40s
2026-02-18 16:59:13,171 - gurobipy - INFO - Presolved: 2 rows, 9 columns, 18 nonzeros
2026-02-18 16:59:13,171 - gurobipy - INFO - Presolved model has 9 quadratic objective terms
2026-02-18 16:59:13,171 - gurobipy - INFO - Found heuristic solution: objective 417.9248195
2026-02-18 16:59:13,171 - gurobipy - INFO - Variable types: 0 continuous, 9 integer (0 binary)
2026-02-18 16:59:13,171 - gurobipy - INFO - 
2026-02-18 16:59:13,171 - gurobipy - INFO - Explored 0 nodes (0 simplex iterations) in 2.40 seconds (0.08 work units)
2026-02-18 16:59:13,171 - gurobipy - INFO - Thread count was 32 (of 64 available processors)
2026-02-18 16:59:13,171 - gurobipy - INFO - 
2026-02-18 16:59:13,171 - gurobipy - INFO - Solution count 2: 417.925 431.046 
2026-02-18 16:59:13,171 - gurobipy - INFO - 
2026-02-18 16:59:13,171 - gurobipy - INFO - Optimal solution found (tolerance 5.00e-02)
2026-02-18 16:59:13,171 - gurobipy - INFO - Best objective 4.179248195115e+02, best bound 4.143662336992e+02, gap 0.8515%
2026-02-18 16:59:13,185 - root - INFO - Global IQP solved: status=2, gap=0.85%, time=2.4s
2026-02-18 16:59:13,231 - root - INFO -   Loss: 426.3390 (change: 0.010920)
2026-02-18 16:59:13,231 - root - INFO -   Beta range: [0.100, 0.418]
2026-02-18 16:59:13,231 - root - INFO -   Max beta change: 0.045494
2026-02-18 16:59:13,231 - root - INFO -   Cell count range: [1, 14]
2026-02-18 16:59:13,231 - root - INFO -     B-cells: 363 cells (7.1%)
2026-02-18 16:59:13,231 - root - INFO -     CAFs: 926 cells (18.2%)
2026-02-18 16:59:13,231 - root - INFO -     Cancer Epithelial: 456 cells (9.0%)
2026-02-18 16:59:13,231 - root - INFO -     Endothelial: 619 cells (12.2%)
2026-02-18 16:59:13,231 - root - INFO -     Myeloid: 448 cells (8.8%)
2026-02-18 16:59:13,231 - root - INFO -     Normal Epithelial: 681 cells (13.4%)
2026-02-18 16:59:13,231 - root - INFO -     PVL: 524 cells (10.3%)
2026-02-18 16:59:13,231 - root - INFO -     Plasmablasts: 588 cells (11.6%)
2026-02-18 16:59:13,231 - root - INFO -     T-cells: 478 cells (9.4%)
2026-02-18 16:59:13,231 - root - INFO - 
=== EM Iteration 7/10 ===
2026-02-18 16:59:13,231 - root - INFO - Global IQP: 956 spots x 9 cell types = 8604 integer variables
2026-02-18 16:59:13,231 - root - INFO - Time limit: 600.0s, MIP gap: 5.0%
2026-02-18 16:59:13,231 - root - INFO - Constraint slack: ±1 cells
2026-02-18 16:59:13,232 - gurobipy - INFO - Set parameter TimeLimit to value 600
2026-02-18 16:59:13,232 - gurobipy - INFO - Set parameter MIPGap to value 0.05
2026-02-18 16:59:14,284 - root - INFO - Starting global IQP optimization...
2026-02-18 16:59:14,284 - gurobipy - INFO - Gurobi Optimizer version 11.0.2 build v11.0.2rc0 (linux64 - "Red Hat Enterprise Linux 9.6 (Plow)")
2026-02-18 16:59:14,284 - gurobipy - INFO - 
2026-02-18 16:59:14,284 - gurobipy - INFO - CPU model: AMD EPYC 9374F 32-Core Processor, instruction set [SSE2|AVX|AVX2|AVX512]
2026-02-18 16:59:14,284 - gurobipy - INFO - Thread count: 64 physical cores, 64 logical processors, using up to 32 threads
2026-02-18 16:59:14,284 - gurobipy - INFO - 
2026-02-18 16:59:14,285 - gurobipy - INFO - Optimize a model with 1878 rows, 8604 columns and 16902 nonzeros
2026-02-18 16:59:14,285 - gurobipy - INFO - Model fingerprint: 0x0a82da82
2026-02-18 16:59:14,285 - gurobipy - INFO - Model has 8604 quadratic objective terms
2026-02-18 16:59:14,285 - gurobipy - INFO - Variable types: 0 continuous, 8604 integer (0 binary)
2026-02-18 16:59:14,285 - gurobipy - INFO - Coefficient statistics:
2026-02-18 16:59:14,285 - gurobipy - INFO -   Matrix range     [1e+00, 1e+00]
2026-02-18 16:59:14,285 - gurobipy - INFO -   Objective range  [2e-08, 1e+00]
2026-02-18 16:59:14,285 - gurobipy - INFO -   QObjective range [4e-02, 7e-01]
2026-02-18 16:59:14,285 - gurobipy - INFO -   Bounds range     [1e+00, 2e+01]
2026-02-18 16:59:14,285 - gurobipy - INFO -   RHS range        [1e+00, 2e+01]
2026-02-18 16:59:14,285 - gurobipy - INFO - 
2026-02-18 16:59:14,285 - gurobipy - INFO - Loaded user MIP start with objective 426.339
2026-02-18 16:59:14,285 - gurobipy - INFO - 
2026-02-18 16:59:16,368 - gurobipy - INFO - Presolve removed 1876 rows and 8595 columns
2026-02-18 16:59:16,368 - gurobipy - INFO - Presolve time: 2.08s
2026-02-18 16:59:16,368 - gurobipy - INFO - Presolved: 2 rows, 9 columns, 18 nonzeros
2026-02-18 16:59:16,368 - gurobipy - INFO - Presolved model has 9 quadratic objective terms
2026-02-18 16:59:16,368 - gurobipy - INFO - Found heuristic solution: objective 414.5989484
2026-02-18 16:59:16,368 - gurobipy - INFO - Variable types: 0 continuous, 9 integer (0 binary)
2026-02-18 16:59:16,368 - gurobipy - INFO - 
2026-02-18 16:59:16,368 - gurobipy - INFO - Explored 0 nodes (0 simplex iterations) in 2.08 seconds (0.08 work units)
2026-02-18 16:59:16,368 - gurobipy - INFO - Thread count was 32 (of 64 available processors)
2026-02-18 16:59:16,368 - gurobipy - INFO - 
2026-02-18 16:59:16,368 - gurobipy - INFO - Solution count 2: 414.599 426.339 
2026-02-18 16:59:16,368 - gurobipy - INFO - 
2026-02-18 16:59:16,368 - gurobipy - INFO - Optimal solution found (tolerance 5.00e-02)
2026-02-18 16:59:16,368 - gurobipy - INFO - Best objective 4.145989484043e+02, best bound 4.110085075920e+02, gap 0.8660%
2026-02-18 16:59:16,382 - root - INFO - Global IQP solved: status=2, gap=0.87%, time=2.1s
2026-02-18 16:59:16,428 - root - INFO -   Loss: 424.4859 (change: 0.004346)
2026-02-18 16:59:16,428 - root - INFO -   Beta range: [0.100, 0.419]
2026-02-18 16:59:16,428 - root - INFO -   Max beta change: 0.027330
2026-02-18 16:59:16,428 - root - INFO -   Cell count range: [1, 14]
2026-02-18 16:59:16,428 - root - INFO -     B-cells: 363 cells (7.1%)
2026-02-18 16:59:16,428 - root - INFO -     CAFs: 895 cells (17.6%)
2026-02-18 16:59:16,428 - root - INFO -     Cancer Epithelial: 455 cells (9.0%)
2026-02-18 16:59:16,428 - root - INFO -     Endothelial: 632 cells (12.4%)
2026-02-18 16:59:16,428 - root - INFO -     Myeloid: 449 cells (8.8%)
2026-02-18 16:59:16,428 - root - INFO -     Normal Epithelial: 714 cells (14.1%)
2026-02-18 16:59:16,428 - root - INFO -     PVL: 523 cells (10.3%)
2026-02-18 16:59:16,428 - root - INFO -     Plasmablasts: 572 cells (11.3%)
2026-02-18 16:59:16,428 - root - INFO -     T-cells: 476 cells (9.4%)
2026-02-18 16:59:16,428 - root - INFO - 
=== EM Iteration 8/10 ===
2026-02-18 16:59:16,428 - root - INFO - Global IQP: 956 spots x 9 cell types = 8604 integer variables
2026-02-18 16:59:16,428 - root - INFO - Time limit: 600.0s, MIP gap: 5.0%
2026-02-18 16:59:16,428 - root - INFO - Constraint slack: ±1 cells
2026-02-18 16:59:16,429 - gurobipy - INFO - Set parameter TimeLimit to value 600
2026-02-18 16:59:16,429 - gurobipy - INFO - Set parameter MIPGap to value 0.05
2026-02-18 16:59:17,480 - root - INFO - Starting global IQP optimization...
2026-02-18 16:59:17,481 - gurobipy - INFO - Gurobi Optimizer version 11.0.2 build v11.0.2rc0 (linux64 - "Red Hat Enterprise Linux 9.6 (Plow)")
2026-02-18 16:59:17,481 - gurobipy - INFO - 
2026-02-18 16:59:17,481 - gurobipy - INFO - CPU model: AMD EPYC 9374F 32-Core Processor, instruction set [SSE2|AVX|AVX2|AVX512]
2026-02-18 16:59:17,481 - gurobipy - INFO - Thread count: 64 physical cores, 64 logical processors, using up to 32 threads
2026-02-18 16:59:17,481 - gurobipy - INFO - 
2026-02-18 16:59:17,481 - gurobipy - INFO - Optimize a model with 1878 rows, 8604 columns and 16902 nonzeros
2026-02-18 16:59:17,481 - gurobipy - INFO - Model fingerprint: 0x559bbf9e
2026-02-18 16:59:17,481 - gurobipy - INFO - Model has 8604 quadratic objective terms
2026-02-18 16:59:17,481 - gurobipy - INFO - Variable types: 0 continuous, 8604 integer (0 binary)
2026-02-18 16:59:17,481 - gurobipy - INFO - Coefficient statistics:
2026-02-18 16:59:17,481 - gurobipy - INFO -   Matrix range     [1e+00, 1e+00]
2026-02-18 16:59:17,481 - gurobipy - INFO -   Objective range  [2e-08, 1e+00]
2026-02-18 16:59:17,481 - gurobipy - INFO -   QObjective range [4e-02, 7e-01]
2026-02-18 16:59:17,481 - gurobipy - INFO -   Bounds range     [1e+00, 2e+01]
2026-02-18 16:59:17,481 - gurobipy - INFO -   RHS range        [1e+00, 2e+01]
2026-02-18 16:59:17,481 - gurobipy - INFO - 
2026-02-18 16:59:17,482 - gurobipy - INFO - Loaded user MIP start with objective 424.486
2026-02-18 16:59:17,482 - gurobipy - INFO - 
2026-02-18 16:59:19,917 - gurobipy - INFO - Presolve removed 1876 rows and 8595 columns
2026-02-18 16:59:19,917 - gurobipy - INFO - Presolve time: 2.44s
2026-02-18 16:59:19,918 - gurobipy - INFO - Presolved: 2 rows, 9 columns, 18 nonzeros
2026-02-18 16:59:19,918 - gurobipy - INFO - Presolved model has 9 quadratic objective terms
2026-02-18 16:59:19,918 - gurobipy - INFO - Found heuristic solution: objective 413.4744757
2026-02-18 16:59:19,918 - gurobipy - INFO - Variable types: 0 continuous, 9 integer (0 binary)
2026-02-18 16:59:19,918 - gurobipy - INFO - 
2026-02-18 16:59:19,918 - gurobipy - INFO - Explored 0 nodes (0 simplex iterations) in 2.44 seconds (0.08 work units)
2026-02-18 16:59:19,918 - gurobipy - INFO - Thread count was 32 (of 64 available processors)
2026-02-18 16:59:19,918 - gurobipy - INFO - 
2026-02-18 16:59:19,918 - gurobipy - INFO - Solution count 2: 413.474 424.486 
2026-02-18 16:59:19,918 - gurobipy - INFO - 
2026-02-18 16:59:19,918 - gurobipy - INFO - Optimal solution found (tolerance 5.00e-02)
2026-02-18 16:59:19,918 - gurobipy - INFO - Best objective 4.134744756673e+02, best bound 4.098634961867e+02, gap 0.8733%
2026-02-18 16:59:19,932 - root - INFO - Global IQP solved: status=2, gap=0.87%, time=2.4s
2026-02-18 16:59:19,977 - root - INFO -   Loss: 426.7318 (change: 0.005291)
2026-02-18 16:59:19,977 - root - INFO -   Beta range: [0.100, 0.419]
2026-02-18 16:59:19,977 - root - INFO -   Max beta change: 0.038368
2026-02-18 16:59:19,977 - root - INFO -   Cell count range: [1, 14]
2026-02-18 16:59:19,977 - root - INFO -     B-cells: 363 cells (7.2%)
2026-02-18 16:59:19,977 - root - INFO -     CAFs: 853 cells (16.8%)
2026-02-18 16:59:19,977 - root - INFO -     Cancer Epithelial: 457 cells (9.0%)
2026-02-18 16:59:19,977 - root - INFO -     Endothelial: 648 cells (12.8%)
2026-02-18 16:59:19,977 - root - INFO -     Myeloid: 449 cells (8.9%)
2026-02-18 16:59:19,977 - root - INFO -     Normal Epithelial: 732 cells (14.4%)
2026-02-18 16:59:19,977 - root - INFO -     PVL: 522 cells (10.3%)
2026-02-18 16:59:19,977 - root - INFO -     Plasmablasts: 571 cells (11.3%)
2026-02-18 16:59:19,977 - root - INFO -     T-cells: 476 cells (9.4%)
2026-02-18 16:59:19,977 - root - WARNING - Loss increased from 424.4859 to 426.7318
2026-02-18 16:59:19,977 - root - INFO - 
=== EM Iteration 9/10 ===
2026-02-18 16:59:19,977 - root - INFO - Global IQP: 956 spots x 9 cell types = 8604 integer variables
2026-02-18 16:59:19,977 - root - INFO - Time limit: 600.0s, MIP gap: 5.0%
2026-02-18 16:59:19,977 - root - INFO - Constraint slack: ±1 cells
2026-02-18 16:59:19,978 - gurobipy - INFO - Set parameter TimeLimit to value 600
2026-02-18 16:59:19,978 - gurobipy - INFO - Set parameter MIPGap to value 0.05
2026-02-18 16:59:21,039 - root - INFO - Starting global IQP optimization...
2026-02-18 16:59:21,039 - gurobipy - INFO - Gurobi Optimizer version 11.0.2 build v11.0.2rc0 (linux64 - "Red Hat Enterprise Linux 9.6 (Plow)")
2026-02-18 16:59:21,039 - gurobipy - INFO - 
2026-02-18 16:59:21,039 - gurobipy - INFO - CPU model: AMD EPYC 9374F 32-Core Processor, instruction set [SSE2|AVX|AVX2|AVX512]
2026-02-18 16:59:21,039 - gurobipy - INFO - Thread count: 64 physical cores, 64 logical processors, using up to 32 threads
2026-02-18 16:59:21,039 - gurobipy - INFO - 
2026-02-18 16:59:21,039 - gurobipy - INFO - Optimize a model with 1878 rows, 8604 columns and 16902 nonzeros
2026-02-18 16:59:21,040 - gurobipy - INFO - Model fingerprint: 0xd2e12300
2026-02-18 16:59:21,040 - gurobipy - INFO - Model has 8604 quadratic objective terms
2026-02-18 16:59:21,040 - gurobipy - INFO - Variable types: 0 continuous, 8604 integer (0 binary)
2026-02-18 16:59:21,040 - gurobipy - INFO - Coefficient statistics:
2026-02-18 16:59:21,040 - gurobipy - INFO -   Matrix range     [1e+00, 1e+00]
2026-02-18 16:59:21,040 - gurobipy - INFO -   Objective range  [2e-08, 1e+00]
2026-02-18 16:59:21,040 - gurobipy - INFO -   QObjective range [4e-02, 7e-01]
2026-02-18 16:59:21,040 - gurobipy - INFO -   Bounds range     [1e+00, 2e+01]
2026-02-18 16:59:21,040 - gurobipy - INFO -   RHS range        [1e+00, 2e+01]
2026-02-18 16:59:21,040 - gurobipy - INFO - 
2026-02-18 16:59:21,040 - gurobipy - INFO - Loaded user MIP start with objective 426.732
2026-02-18 16:59:21,040 - gurobipy - INFO - 
2026-02-18 16:59:23,636 - gurobipy - INFO - Presolve removed 1876 rows and 8595 columns
2026-02-18 16:59:23,636 - gurobipy - INFO - Presolve time: 2.60s
2026-02-18 16:59:23,636 - gurobipy - INFO - Presolved: 2 rows, 9 columns, 18 nonzeros
2026-02-18 16:59:23,636 - gurobipy - INFO - Presolved model has 9 quadratic objective terms
2026-02-18 16:59:23,636 - gurobipy - INFO - Found heuristic solution: objective 416.8808443
2026-02-18 16:59:23,637 - gurobipy - INFO - Variable types: 0 continuous, 9 integer (0 binary)
2026-02-18 16:59:23,637 - gurobipy - INFO - 
2026-02-18 16:59:23,637 - gurobipy - INFO - Explored 0 nodes (0 simplex iterations) in 2.60 seconds (0.08 work units)
2026-02-18 16:59:23,637 - gurobipy - INFO - Thread count was 32 (of 64 available processors)
2026-02-18 16:59:23,637 - gurobipy - INFO - 
2026-02-18 16:59:23,637 - gurobipy - INFO - Solution count 2: 416.881 426.732 
2026-02-18 16:59:23,637 - gurobipy - INFO - 
2026-02-18 16:59:23,637 - gurobipy - INFO - Optimal solution found (tolerance 5.00e-02)
2026-02-18 16:59:23,637 - gurobipy - INFO - Best objective 4.168808443357e+02, best bound 4.132565610403e+02, gap 0.8694%
2026-02-18 16:59:23,650 - root - INFO - Global IQP solved: status=2, gap=0.87%, time=2.6s
2026-02-18 16:59:23,696 - root - INFO -   Loss: 439.5922 (change: 0.030137)
2026-02-18 16:59:23,696 - root - INFO -   Beta range: [0.100, 0.419]
2026-02-18 16:59:23,696 - root - INFO -   Max beta change: 0.049478
2026-02-18 16:59:23,696 - root - INFO -   Cell count range: [1, 14]
2026-02-18 16:59:23,696 - root - INFO -     B-cells: 361 cells (7.1%)
2026-02-18 16:59:23,696 - root - INFO -     CAFs: 814 cells (16.1%)
2026-02-18 16:59:23,696 - root - INFO -     Cancer Epithelial: 458 cells (9.0%)
2026-02-18 16:59:23,696 - root - INFO -     Endothelial: 661 cells (13.0%)
2026-02-18 16:59:23,696 - root - INFO -     Myeloid: 449 cells (8.9%)
2026-02-18 16:59:23,696 - root - INFO -     Normal Epithelial: 752 cells (14.8%)
2026-02-18 16:59:23,696 - root - INFO -     PVL: 525 cells (10.4%)
2026-02-18 16:59:23,696 - root - INFO -     Plasmablasts: 572 cells (11.3%)
2026-02-18 16:59:23,696 - root - INFO -     T-cells: 479 cells (9.4%)
2026-02-18 16:59:23,696 - root - WARNING - Loss increased from 426.7318 to 439.5922
2026-02-18 16:59:23,696 - root - INFO - 
=== EM Iteration 10/10 ===
2026-02-18 16:59:23,696 - root - INFO - Global IQP: 956 spots x 9 cell types = 8604 integer variables
2026-02-18 16:59:23,696 - root - INFO - Time limit: 600.0s, MIP gap: 5.0%
2026-02-18 16:59:23,696 - root - INFO - Constraint slack: ±1 cells
2026-02-18 16:59:23,696 - gurobipy - INFO - Set parameter TimeLimit to value 600
2026-02-18 16:59:23,696 - gurobipy - INFO - Set parameter MIPGap to value 0.05
2026-02-18 16:59:24,756 - root - INFO - Starting global IQP optimization...
2026-02-18 16:59:24,756 - gurobipy - INFO - Gurobi Optimizer version 11.0.2 build v11.0.2rc0 (linux64 - "Red Hat Enterprise Linux 9.6 (Plow)")
2026-02-18 16:59:24,756 - gurobipy - INFO - 
2026-02-18 16:59:24,757 - gurobipy - INFO - CPU model: AMD EPYC 9374F 32-Core Processor, instruction set [SSE2|AVX|AVX2|AVX512]
2026-02-18 16:59:24,757 - gurobipy - INFO - Thread count: 64 physical cores, 64 logical processors, using up to 32 threads
2026-02-18 16:59:24,757 - gurobipy - INFO - 
2026-02-18 16:59:24,757 - gurobipy - INFO - Optimize a model with 1878 rows, 8604 columns and 16902 nonzeros
2026-02-18 16:59:24,757 - gurobipy - INFO - Model fingerprint: 0xf24e8121
2026-02-18 16:59:24,757 - gurobipy - INFO - Model has 8604 quadratic objective terms
2026-02-18 16:59:24,757 - gurobipy - INFO - Variable types: 0 continuous, 8604 integer (0 binary)
2026-02-18 16:59:24,757 - gurobipy - INFO - Coefficient statistics:
2026-02-18 16:59:24,757 - gurobipy - INFO -   Matrix range     [1e+00, 1e+00]
2026-02-18 16:59:24,757 - gurobipy - INFO -   Objective range  [2e-08, 1e+00]
2026-02-18 16:59:24,757 - gurobipy - INFO -   QObjective range [4e-02, 7e-01]
2026-02-18 16:59:24,757 - gurobipy - INFO -   Bounds range     [1e+00, 2e+01]
2026-02-18 16:59:24,757 - gurobipy - INFO -   RHS range        [1e+00, 2e+01]
2026-02-18 16:59:24,757 - gurobipy - INFO - 
2026-02-18 16:59:24,757 - gurobipy - INFO - Loaded user MIP start with objective 439.592
2026-02-18 16:59:24,757 - gurobipy - INFO - 
2026-02-18 16:59:27,188 - gurobipy - INFO - Presolve removed 1876 rows and 8595 columns
2026-02-18 16:59:27,188 - gurobipy - INFO - Presolve time: 2.43s
2026-02-18 16:59:27,188 - gurobipy - INFO - Presolved: 2 rows, 9 columns, 18 nonzeros
2026-02-18 16:59:27,188 - gurobipy - INFO - Presolved model has 9 quadratic objective terms
2026-02-18 16:59:27,188 - gurobipy - INFO - Found heuristic solution: objective 428.5169654
2026-02-18 16:59:27,188 - gurobipy - INFO - Variable types: 0 continuous, 9 integer (0 binary)
2026-02-18 16:59:27,189 - gurobipy - INFO - 
2026-02-18 16:59:27,189 - gurobipy - INFO - Explored 0 nodes (0 simplex iterations) in 2.43 seconds (0.08 work units)
2026-02-18 16:59:27,189 - gurobipy - INFO - Thread count was 32 (of 64 available processors)
2026-02-18 16:59:27,189 - gurobipy - INFO - 
2026-02-18 16:59:27,189 - gurobipy - INFO - Solution count 2: 428.517 439.592 
2026-02-18 16:59:27,189 - gurobipy - INFO - 
2026-02-18 16:59:27,189 - gurobipy - INFO - Optimal solution found (tolerance 5.00e-02)
2026-02-18 16:59:27,189 - gurobipy - INFO - Best objective 4.285169653553e+02, best bound 4.248964904858e+02, gap 0.8449%
2026-02-18 16:59:27,203 - root - INFO - Global IQP solved: status=2, gap=0.84%, time=2.4s
2026-02-18 16:59:27,249 - root - INFO -   Loss: 464.5442 (change: 0.056762)
2026-02-18 16:59:27,249 - root - INFO -   Beta range: [0.100, 0.419]
2026-02-18 16:59:27,249 - root - INFO -   Max beta change: 0.050574
2026-02-18 16:59:27,249 - root - INFO -   Cell count range: [1, 14]
2026-02-18 16:59:27,249 - root - INFO -     B-cells: 365 cells (7.2%)
2026-02-18 16:59:27,249 - root - INFO -     CAFs: 737 cells (14.6%)
2026-02-18 16:59:27,249 - root - INFO -     Cancer Epithelial: 458 cells (9.1%)
2026-02-18 16:59:27,249 - root - INFO -     Endothelial: 676 cells (13.4%)
2026-02-18 16:59:27,249 - root - INFO -     Myeloid: 454 cells (9.0%)
2026-02-18 16:59:27,249 - root - INFO -     Normal Epithelial: 774 cells (15.3%)
2026-02-18 16:59:27,249 - root - INFO -     PVL: 528 cells (10.4%)
2026-02-18 16:59:27,249 - root - INFO -     Plasmablasts: 578 cells (11.4%)
2026-02-18 16:59:27,249 - root - INFO -     T-cells: 485 cells (9.6%)
2026-02-18 16:59:27,249 - root - WARNING - Loss increased from 439.5922 to 464.5442
2026-02-18 16:59:27,249 - root - INFO - 
Final beta values:
2026-02-18 16:59:27,249 - root - INFO -   B-cells_Protein_1: β=0.267, α=0.000
2026-02-18 16:59:27,249 - root - INFO -   B-cells_Protein_2: β=0.248, α=0.000
2026-02-18 16:59:27,249 - root - INFO -   CAFs_Protein_1: β=0.227, α=0.445
2026-02-18 16:59:27,249 - root - INFO -   CAFs_Protein_2: β=0.278, α=0.347
2026-02-18 16:59:27,249 - root - INFO -   Cancer Epithelial_Protein_1: β=0.416, α=0.500
2026-02-18 16:59:27,249 - root - INFO -   Cancer Epithelial_Protein_2: β=0.419, α=0.500
2026-02-18 16:59:27,249 - root - INFO -   Endothelial_Protein_1: β=0.150, α=0.000
2026-02-18 16:59:27,249 - root - INFO -   Endothelial_Protein_2: β=0.133, α=0.000
2026-02-18 16:59:27,249 - root - INFO -   Myeloid_Protein_1: β=0.353, α=0.000
2026-02-18 16:59:27,249 - root - INFO -   Myeloid_Protein_2: β=0.337, α=0.000
2026-02-18 16:59:27,249 - root - INFO -   Normal Epithelial_Protein_1: β=0.100, α=0.000
2026-02-18 16:59:27,249 - root - INFO -   Normal Epithelial_Protein_2: β=0.135, α=0.000
2026-02-18 16:59:27,249 - root - INFO -   PVL_Protein_1: β=0.100, α=0.000
2026-02-18 16:59:27,249 - root - INFO -   PVL_Protein_2: β=0.100, α=0.000
2026-02-18 16:59:27,249 - root - INFO -   Plasmablasts_Protein_1: β=0.100, α=0.000
2026-02-18 16:59:27,249 - root - INFO -   Plasmablasts_Protein_2: β=0.100, α=0.000
2026-02-18 16:59:27,249 - root - INFO -   T-cells_Protein_1: β=0.302, α=0.027
2026-02-18 16:59:27,249 - root - INFO -   T-cells_Protein_2: β=0.311, α=0.017
2026-02-18 16:59:27,275 - root - INFO - Saved discrete cell counts to Benchmarking/simulation_benchmarking/CITEgeist/output_discrete_slack_only/mixed/dapi/mixed/dapi/Wu_rep_4/Wu_rep_4_discrete_cell_counts.csv
2026-02-18 16:59:27,286 - root - INFO - Saved derived proportions to Benchmarking/simulation_benchmarking/CITEgeist/output_discrete_slack_only/mixed/dapi/mixed/dapi/Wu_rep_4/Wu_rep_4_cell_prop_discrete.csv
2026-02-18 16:59:27,286 - root - INFO - Cell type distribution:
2026-02-18 16:59:27,286 - root - INFO -   B-cells: 365 cells (7.2%)
2026-02-18 16:59:27,286 - root - INFO -   CAFs: 737 cells (14.6%)
2026-02-18 16:59:27,286 - root - INFO -   Cancer Epithelial: 458 cells (9.1%)
2026-02-18 16:59:27,286 - root - INFO -   Endothelial: 676 cells (13.4%)
2026-02-18 16:59:27,286 - root - INFO -   Myeloid: 454 cells (9.0%)
2026-02-18 16:59:27,286 - root - INFO -   Normal Epithelial: 774 cells (15.3%)
2026-02-18 16:59:27,286 - root - INFO -   PVL: 528 cells (10.4%)
2026-02-18 16:59:27,286 - root - INFO -   Plasmablasts: 578 cells (11.4%)
2026-02-18 16:59:27,286 - root - INFO -   T-cells: 485 cells (9.6%)
2026-02-18 16:59:27,297 - __main__ - INFO - Loaded ground truth proportions: 956 spots, 9 cell types
2026-02-18 16:59:27,298 - __main__ - INFO - Proportion correlation: 0.384
2026-02-18 16:59:27,298 - __main__ - INFO - Proportion RMSE: 0.2034
2026-02-18 16:59:27,298 - __main__ - INFO - Running GEX deconvolution...
2026-02-18 16:59:27,299 - CITEgeist.model.utils - INFO - Detected spot spacing: 1.61 units (median of 956 nearest-neighbor distances)
2026-02-18 16:59:27,299 - CITEgeist.model.utils - INFO - Computed optimal radius: 4.92 (3.0 rings, spot_spacing=1.61)
2026-02-18 16:59:27,299 - root - INFO - Auto-detected radius: 4.92 (3 rings)
2026-02-18 16:59:27,299 - root - INFO - Starting Pass 1: Error minimization with enrichment weights...
2026-02-18 16:59:27,299 - root - INFO - Using discrete mode: cell counts as fixed multipliers
2026-02-18 16:59:27,302 - root - INFO - Starting analysis for Wu_rep_4
2026-02-18 16:59:27,302 - root - INFO - Already completed spots: 0
2026-02-18 16:59:27,302 - root - INFO - Using enrichment weights - Global: 0.5, Local: 0.5
2026-02-18 16:59:27,302 - root - INFO - Using 64 workers
2026-02-18 16:59:27,302 - root - INFO - Processing 956 remaining spots
Deconvoluting Remaining Spots:   0%|          | 0/956 [00:00<?, ?it/s]Deconvoluting Remaining Spots:   0%|          | 1/956 [00:03<1:01:08,  3.84s/it]Deconvoluting Remaining Spots:   0%|          | 2/956 [00:04<28:57,  1.82s/it]  Deconvoluting Remaining Spots:   0%|          | 3/956 [00:04<17:09,  1.08s/it]Deconvoluting Remaining Spots:   0%|          | 4/956 [00:04<12:34,  1.26it/s]Deconvoluting Remaining Spots:   1%|          | 5/956 [00:05<09:56,  1.59it/s]Deconvoluting Remaining Spots:   1%|          | 6/956 [00:05<08:35,  1.84it/s]Deconvoluting Remaining Spots:   1%|          | 7/956 [00:05<07:58,  1.98it/s]Deconvoluting Remaining Spots:   1%|          | 8/956 [00:06<07:19,  2.16it/s]Deconvoluting Remaining Spots:   1%|          | 9/956 [00:06<07:08,  2.21it/s]Deconvoluting Remaining Spots:   1%|          | 10/956 [00:07<06:43,  2.34it/s]Deconvoluting Remaining Spots:   1%|          | 11/956 [00:07<07:16,  2.16it/s]Deconvoluting Remaining Spots:   1%|▏         | 12/956 [00:07<06:16,  2.51it/s]Deconvoluting Remaining Spots:   1%|▏         | 13/956 [00:08<06:05,  2.58it/s]Deconvoluting Remaining Spots:   1%|▏         | 14/956 [00:08<06:21,  2.47it/s]Deconvoluting Remaining Spots:   2%|▏         | 15/956 [00:09<06:45,  2.32it/s]Deconvoluting Remaining Spots:   2%|▏         | 16/956 [00:09<06:43,  2.33it/s]Deconvoluting Remaining Spots:   2%|▏         | 17/956 [00:09<06:00,  2.61it/s]Deconvoluting Remaining Spots:   2%|▏         | 18/956 [00:10<06:00,  2.60it/s]Deconvoluting Remaining Spots:   2%|▏         | 19/956 [00:10<06:07,  2.55it/s]Deconvoluting Remaining Spots:   2%|▏         | 20/956 [00:11<05:55,  2.63it/s]Deconvoluting Remaining Spots:   2%|▏         | 21/956 [00:11<05:32,  2.81it/s]Deconvoluting Remaining Spots:   2%|▏         | 22/956 [00:11<05:44,  2.71it/s]Deconvoluting Remaining Spots:   2%|▏         | 23/956 [00:12<07:02,  2.21it/s]Deconvoluting Remaining Spots:   3%|▎         | 24/956 [00:12<05:46,  2.69it/s]Deconvoluting Remaining Spots:   3%|▎         | 25/956 [00:12<05:35,  2.78it/s]Deconvoluting Remaining Spots:   3%|▎         | 26/956 [00:13<06:03,  2.56it/s]Deconvoluting Remaining Spots:   3%|▎         | 27/956 [00:13<05:51,  2.64it/s]Deconvoluting Remaining Spots:   3%|▎         | 28/956 [00:14<06:49,  2.27it/s]Deconvoluting Remaining Spots:   3%|▎         | 29/956 [00:14<06:23,  2.42it/s]Deconvoluting Remaining Spots:   3%|▎         | 30/956 [00:15<06:24,  2.41it/s]Deconvoluting Remaining Spots:   3%|▎         | 31/956 [00:15<06:20,  2.43it/s]Deconvoluting Remaining Spots:   3%|▎         | 32/956 [00:15<06:24,  2.40it/s]Deconvoluting Remaining Spots:   3%|▎         | 33/956 [00:16<06:24,  2.40it/s]Deconvoluting Remaining Spots:   4%|▎         | 34/956 [00:16<06:03,  2.54it/s]Deconvoluting Remaining Spots:   4%|▎         | 35/956 [00:17<06:12,  2.47it/s]Deconvoluting Remaining Spots:   4%|▍         | 36/956 [00:17<06:08,  2.50it/s]Deconvoluting Remaining Spots:   4%|▍         | 37/956 [00:18<06:37,  2.31it/s]Deconvoluting Remaining Spots:   4%|▍         | 38/956 [00:18<05:51,  2.61it/s]Deconvoluting Remaining Spots:   4%|▍         | 39/956 [00:18<05:43,  2.67it/s]Deconvoluting Remaining Spots:   4%|▍         | 40/956 [00:19<06:22,  2.39it/s]Deconvoluting Remaining Spots:   4%|▍         | 41/956 [00:19<06:33,  2.32it/s]Deconvoluting Remaining Spots:   4%|▍         | 42/956 [00:19<06:20,  2.40it/s]Deconvoluting Remaining Spots:   4%|▍         | 43/956 [00:20<06:32,  2.33it/s]Deconvoluting Remaining Spots:   5%|▍         | 44/956 [00:20<06:02,  2.51it/s]Deconvoluting Remaining Spots:   5%|▍         | 45/956 [00:21<05:57,  2.55it/s]Deconvoluting Remaining Spots:   5%|▍         | 46/956 [00:21<05:57,  2.55it/s]Deconvoluting Remaining Spots:   5%|▍         | 47/956 [00:21<05:47,  2.61it/s]Deconvoluting Remaining Spots:   5%|▌         | 48/956 [00:22<05:40,  2.67it/s]Deconvoluting Remaining Spots:   5%|▌         | 49/956 [00:22<05:47,  2.61it/s]Deconvoluting Remaining Spots:   5%|▌         | 50/956 [00:23<06:06,  2.47it/s]Deconvoluting Remaining Spots:   5%|▌         | 51/956 [00:23<05:34,  2.71it/s]Deconvoluting Remaining Spots:   5%|▌         | 52/956 [00:23<06:27,  2.33it/s]Deconvoluting Remaining Spots:   6%|▌         | 53/956 [00:24<05:48,  2.59it/s]Deconvoluting Remaining Spots:   6%|▌         | 54/956 [00:24<05:56,  2.53it/s]Deconvoluting Remaining Spots:   6%|▌         | 55/956 [00:25<06:53,  2.18it/s]Deconvoluting Remaining Spots:   6%|▌         | 56/956 [00:25<05:52,  2.56it/s]Deconvoluting Remaining Spots:   6%|▌         | 57/956 [00:25<05:44,  2.61it/s]Deconvoluting Remaining Spots:   6%|▌         | 58/956 [00:26<05:28,  2.73it/s]Deconvoluting Remaining Spots:   6%|▌         | 59/956 [00:26<05:36,  2.66it/s]Deconvoluting Remaining Spots:   6%|▋         | 60/956 [00:26<05:38,  2.64it/s]Deconvoluting Remaining Spots:   6%|▋         | 61/956 [00:27<06:10,  2.41it/s]Deconvoluting Remaining Spots:   6%|▋         | 62/956 [00:27<05:57,  2.50it/s]Deconvoluting Remaining Spots:   7%|▋         | 63/956 [00:28<06:01,  2.47it/s]Deconvoluting Remaining Spots:   7%|▋         | 64/956 [00:28<05:38,  2.64it/s]Deconvoluting Remaining Spots:   7%|▋         | 65/956 [00:28<05:23,  2.76it/s]Deconvoluting Remaining Spots:   7%|▋         | 66/956 [00:29<05:08,  2.88it/s]Deconvoluting Remaining Spots:   7%|▋         | 67/956 [00:29<04:58,  2.98it/s]Deconvoluting Remaining Spots:   7%|▋         | 68/956 [00:29<04:46,  3.10it/s]Deconvoluting Remaining Spots:   7%|▋         | 69/956 [00:30<04:53,  3.02it/s]Deconvoluting Remaining Spots:   7%|▋         | 70/956 [00:30<04:31,  3.26it/s]Deconvoluting Remaining Spots:   7%|▋         | 71/956 [00:30<04:30,  3.27it/s]Deconvoluting Remaining Spots:   8%|▊         | 72/956 [00:31<04:31,  3.26it/s]Deconvoluting Remaining Spots:   8%|▊         | 73/956 [00:31<04:31,  3.25it/s]Deconvoluting Remaining Spots:   8%|▊         | 74/956 [00:31<04:36,  3.19it/s]Deconvoluting Remaining Spots:   8%|▊         | 75/956 [00:32<04:46,  3.08it/s]Deconvoluting Remaining Spots:   8%|▊         | 76/956 [00:32<04:28,  3.28it/s]Deconvoluting Remaining Spots:   8%|▊         | 77/956 [00:32<04:31,  3.23it/s]Deconvoluting Remaining Spots:   8%|▊         | 78/956 [00:32<04:40,  3.13it/s]Deconvoluting Remaining Spots:   8%|▊         | 79/956 [00:33<04:36,  3.17it/s]Deconvoluting Remaining Spots:   8%|▊         | 80/956 [00:33<05:10,  2.82it/s]Deconvoluting Remaining Spots:   8%|▊         | 81/956 [00:33<04:10,  3.49it/s]Deconvoluting Remaining Spots:   9%|▊         | 82/956 [00:34<04:20,  3.36it/s]Deconvoluting Remaining Spots:   9%|▊         | 83/956 [00:34<04:17,  3.39it/s]Deconvoluting Remaining Spots:   9%|▉         | 84/956 [00:34<04:27,  3.26it/s]Deconvoluting Remaining Spots:   9%|▉         | 85/956 [00:35<04:28,  3.24it/s]Deconvoluting Remaining Spots:   9%|▉         | 86/956 [00:35<04:05,  3.55it/s]Deconvoluting Remaining Spots:   9%|▉         | 87/956 [00:35<04:08,  3.50it/s]Deconvoluting Remaining Spots:   9%|▉         | 88/956 [00:36<04:43,  3.06it/s]Deconvoluting Remaining Spots:   9%|▉         | 89/956 [00:36<04:31,  3.19it/s]Deconvoluting Remaining Spots:   9%|▉         | 90/956 [00:36<04:25,  3.27it/s]Deconvoluting Remaining Spots:  10%|▉         | 91/956 [00:36<04:15,  3.39it/s]Deconvoluting Remaining Spots:  10%|▉         | 92/956 [00:37<04:12,  3.42it/s]Deconvoluting Remaining Spots:  10%|▉         | 93/956 [00:37<04:50,  2.97it/s]Deconvoluting Remaining Spots:  10%|▉         | 94/956 [00:37<04:28,  3.21it/s]Deconvoluting Remaining Spots:  10%|▉         | 95/956 [00:38<05:03,  2.84it/s]Deconvoluting Remaining Spots:  10%|█         | 96/956 [00:38<04:07,  3.47it/s]Deconvoluting Remaining Spots:  10%|█         | 97/956 [00:38<04:17,  3.34it/s]Deconvoluting Remaining Spots:  10%|█         | 98/956 [00:39<04:23,  3.26it/s]Deconvoluting Remaining Spots:  10%|█         | 99/956 [00:39<04:23,  3.25it/s]Deconvoluting Remaining Spots:  10%|█         | 100/956 [00:39<04:09,  3.42it/s]2026-02-18 17:00:08,636 - root - INFO - Saved checkpoint after 100 completed spots
Deconvoluting Remaining Spots:  11%|█         | 101/956 [00:40<06:22,  2.24it/s]Deconvoluting Remaining Spots:  11%|█         | 103/956 [00:40<04:00,  3.55it/s]Deconvoluting Remaining Spots:  11%|█         | 104/956 [00:41<04:21,  3.26it/s]Deconvoluting Remaining Spots:  11%|█         | 105/956 [00:41<04:35,  3.09it/s]Deconvoluting Remaining Spots:  11%|█         | 106/956 [00:41<04:25,  3.20it/s]Deconvoluting Remaining Spots:  11%|█         | 107/956 [00:41<04:17,  3.29it/s]Deconvoluting Remaining Spots:  11%|█▏        | 108/956 [00:42<05:12,  2.72it/s]Deconvoluting Remaining Spots:  11%|█▏        | 109/956 [00:42<04:11,  3.37it/s]Deconvoluting Remaining Spots:  12%|█▏        | 110/956 [00:42<04:23,  3.21it/s]Deconvoluting Remaining Spots:  12%|█▏        | 111/956 [00:43<04:01,  3.49it/s]Deconvoluting Remaining Spots:  12%|█▏        | 112/956 [00:43<04:27,  3.15it/s]Deconvoluting Remaining Spots:  12%|█▏        | 113/956 [00:43<04:48,  2.92it/s]Deconvoluting Remaining Spots:  12%|█▏        | 114/956 [00:44<04:47,  2.93it/s]Deconvoluting Remaining Spots:  12%|█▏        | 116/956 [00:44<03:52,  3.61it/s]Deconvoluting Remaining Spots:  12%|█▏        | 117/956 [00:45<03:55,  3.57it/s]Deconvoluting Remaining Spots:  12%|█▏        | 118/956 [00:45<04:21,  3.20it/s]Deconvoluting Remaining Spots:  12%|█▏        | 119/956 [00:45<04:04,  3.43it/s]Deconvoluting Remaining Spots:  13%|█▎        | 120/956 [00:46<04:29,  3.10it/s]Deconvoluting Remaining Spots:  13%|█▎        | 121/956 [00:46<04:25,  3.14it/s]Deconvoluting Remaining Spots:  13%|█▎        | 122/956 [00:46<04:05,  3.40it/s]Deconvoluting Remaining Spots:  13%|█▎        | 123/956 [00:46<04:06,  3.38it/s]Deconvoluting Remaining Spots:  13%|█▎        | 124/956 [00:47<04:05,  3.38it/s]Deconvoluting Remaining Spots:  13%|█▎        | 125/956 [00:47<04:16,  3.25it/s]Deconvoluting Remaining Spots:  13%|█▎        | 126/956 [00:47<04:26,  3.11it/s]Deconvoluting Remaining Spots:  13%|█▎        | 127/956 [00:48<04:19,  3.19it/s]Deconvoluting Remaining Spots:  13%|█▎        | 128/956 [00:48<04:15,  3.24it/s]Deconvoluting Remaining Spots:  13%|█▎        | 129/956 [00:48<04:11,  3.29it/s]Deconvoluting Remaining Spots:  14%|█▎        | 130/956 [00:49<04:12,  3.27it/s]Deconvoluting Remaining Spots:  14%|█▎        | 131/956 [00:49<04:15,  3.23it/s]Deconvoluting Remaining Spots:  14%|█▍        | 132/956 [00:49<04:06,  3.35it/s]Deconvoluting Remaining Spots:  14%|█▍        | 133/956 [00:49<04:14,  3.23it/s]Deconvoluting Remaining Spots:  14%|█▍        | 134/956 [00:50<04:50,  2.83it/s]Deconvoluting Remaining Spots:  14%|█▍        | 135/956 [00:50<04:14,  3.23it/s]Deconvoluting Remaining Spots:  14%|█▍        | 136/956 [00:50<04:16,  3.19it/s]Deconvoluting Remaining Spots:  14%|█▍        | 137/956 [00:51<05:44,  2.38it/s]Deconvoluting Remaining Spots:  15%|█▍        | 139/956 [00:52<04:16,  3.18it/s]Deconvoluting Remaining Spots:  15%|█▍        | 140/956 [00:52<04:14,  3.21it/s]Deconvoluting Remaining Spots:  15%|█▍        | 141/956 [00:52<04:14,  3.20it/s]Deconvoluting Remaining Spots:  15%|█▍        | 142/956 [00:53<04:24,  3.08it/s]Deconvoluting Remaining Spots:  15%|█▍        | 143/956 [00:53<04:15,  3.19it/s]Deconvoluting Remaining Spots:  15%|█▌        | 144/956 [00:53<04:42,  2.88it/s]Deconvoluting Remaining Spots:  15%|█▌        | 145/956 [00:54<04:31,  2.98it/s]Deconvoluting Remaining Spots:  15%|█▌        | 146/956 [00:54<05:02,  2.67it/s]Deconvoluting Remaining Spots:  15%|█▌        | 147/956 [00:54<04:28,  3.01it/s]Deconvoluting Remaining Spots:  15%|█▌        | 148/956 [00:55<04:41,  2.87it/s]Deconvoluting Remaining Spots:  16%|█▌        | 149/956 [00:55<04:44,  2.84it/s]Deconvoluting Remaining Spots:  16%|█▌        | 150/956 [00:55<04:13,  3.19it/s]Deconvoluting Remaining Spots:  16%|█▌        | 151/956 [00:55<04:08,  3.24it/s]Deconvoluting Remaining Spots:  16%|█▌        | 152/956 [00:56<04:05,  3.27it/s]Deconvoluting Remaining Spots:  16%|█▌        | 153/956 [00:56<03:59,  3.35it/s]Deconvoluting Remaining Spots:  16%|█▌        | 154/956 [00:56<03:58,  3.37it/s]Deconvoluting Remaining Spots:  16%|█▌        | 155/956 [00:57<04:07,  3.24it/s]Deconvoluting Remaining Spots:  16%|█▋        | 156/956 [00:57<03:58,  3.35it/s]Deconvoluting Remaining Spots:  16%|█▋        | 157/956 [00:57<04:00,  3.32it/s]Deconvoluting Remaining Spots:  17%|█▋        | 158/956 [00:58<03:55,  3.38it/s]Deconvoluting Remaining Spots:  17%|█▋        | 159/956 [00:58<03:55,  3.39it/s]Deconvoluting Remaining Spots:  17%|█▋        | 160/956 [00:58<04:02,  3.28it/s]Deconvoluting Remaining Spots:  17%|█▋        | 161/956 [00:59<04:26,  2.98it/s]Deconvoluting Remaining Spots:  17%|█▋        | 162/956 [00:59<03:54,  3.39it/s]Deconvoluting Remaining Spots:  17%|█▋        | 163/956 [00:59<04:16,  3.09it/s]Deconvoluting Remaining Spots:  17%|█▋        | 164/956 [00:59<03:43,  3.55it/s]Deconvoluting Remaining Spots:  17%|█▋        | 165/956 [01:00<04:01,  3.28it/s]Deconvoluting Remaining Spots:  17%|█▋        | 166/956 [01:00<04:20,  3.03it/s]Deconvoluting Remaining Spots:  17%|█▋        | 167/956 [01:00<04:06,  3.20it/s]Deconvoluting Remaining Spots:  18%|█▊        | 168/956 [01:01<04:16,  3.08it/s]Deconvoluting Remaining Spots:  18%|█▊        | 169/956 [01:01<04:22,  3.00it/s]Deconvoluting Remaining Spots:  18%|█▊        | 170/956 [01:01<04:14,  3.09it/s]Deconvoluting Remaining Spots:  18%|█▊        | 171/956 [01:02<04:18,  3.04it/s]Deconvoluting Remaining Spots:  18%|█▊        | 172/956 [01:02<04:04,  3.21it/s]Deconvoluting Remaining Spots:  18%|█▊        | 173/956 [01:02<03:53,  3.36it/s]Deconvoluting Remaining Spots:  18%|█▊        | 174/956 [01:03<04:01,  3.23it/s]Deconvoluting Remaining Spots:  18%|█▊        | 175/956 [01:03<04:49,  2.70it/s]Deconvoluting Remaining Spots:  18%|█▊        | 176/956 [01:03<03:47,  3.43it/s]Deconvoluting Remaining Spots:  19%|█▊        | 177/956 [01:03<03:40,  3.53it/s]Deconvoluting Remaining Spots:  19%|█▊        | 178/956 [01:04<03:41,  3.50it/s]Deconvoluting Remaining Spots:  19%|█▊        | 179/956 [01:04<03:48,  3.40it/s]Deconvoluting Remaining Spots:  19%|█▉        | 180/956 [01:04<03:46,  3.42it/s]Deconvoluting Remaining Spots:  19%|█▉        | 181/956 [01:05<04:51,  2.66it/s]Deconvoluting Remaining Spots:  19%|█▉        | 182/956 [01:06<05:49,  2.22it/s]Deconvoluting Remaining Spots:  19%|█▉        | 184/956 [01:06<04:02,  3.18it/s]Deconvoluting Remaining Spots:  19%|█▉        | 185/956 [01:06<03:30,  3.67it/s]Deconvoluting Remaining Spots:  19%|█▉        | 186/956 [01:06<03:34,  3.60it/s]Deconvoluting Remaining Spots:  20%|█▉        | 187/956 [01:07<03:36,  3.55it/s]Deconvoluting Remaining Spots:  20%|█▉        | 188/956 [01:07<03:50,  3.34it/s]Deconvoluting Remaining Spots:  20%|█▉        | 189/956 [01:07<03:50,  3.33it/s]Deconvoluting Remaining Spots:  20%|█▉        | 190/956 [01:08<04:09,  3.07it/s]Deconvoluting Remaining Spots:  20%|█▉        | 191/956 [01:08<04:14,  3.01it/s]Deconvoluting Remaining Spots:  20%|██        | 192/956 [01:08<04:07,  3.09it/s]Deconvoluting Remaining Spots:  20%|██        | 193/956 [01:09<04:01,  3.16it/s]Deconvoluting Remaining Spots:  20%|██        | 194/956 [01:09<04:09,  3.05it/s]Deconvoluting Remaining Spots:  20%|██        | 195/956 [01:09<03:59,  3.18it/s]Deconvoluting Remaining Spots:  21%|██        | 196/956 [01:10<04:07,  3.07it/s]Deconvoluting Remaining Spots:  21%|██        | 197/956 [01:10<04:11,  3.02it/s]Deconvoluting Remaining Spots:  21%|██        | 198/956 [01:10<04:03,  3.12it/s]Deconvoluting Remaining Spots:  21%|██        | 199/956 [01:10<03:47,  3.33it/s]Deconvoluting Remaining Spots:  21%|██        | 200/956 [01:11<03:56,  3.19it/s]2026-02-18 17:00:41,569 - root - INFO - Saved checkpoint after 200 completed spots
Deconvoluting Remaining Spots:  21%|██        | 201/956 [01:13<10:28,  1.20it/s]Deconvoluting Remaining Spots:  22%|██▏       | 207/956 [01:13<03:22,  3.70it/s]Deconvoluting Remaining Spots:  22%|██▏       | 208/956 [01:13<03:13,  3.87it/s]Deconvoluting Remaining Spots:  22%|██▏       | 209/956 [01:14<03:35,  3.47it/s]Deconvoluting Remaining Spots:  22%|██▏       | 210/956 [01:14<03:26,  3.61it/s]Deconvoluting Remaining Spots:  22%|██▏       | 211/956 [01:14<03:30,  3.53it/s]Deconvoluting Remaining Spots:  22%|██▏       | 212/956 [01:15<03:48,  3.26it/s]Deconvoluting Remaining Spots:  22%|██▏       | 213/956 [01:15<04:02,  3.07it/s]Deconvoluting Remaining Spots:  22%|██▏       | 214/956 [01:15<03:35,  3.44it/s]Deconvoluting Remaining Spots:  22%|██▏       | 215/956 [01:16<03:34,  3.45it/s]Deconvoluting Remaining Spots:  23%|██▎       | 216/956 [01:16<03:40,  3.36it/s]Deconvoluting Remaining Spots:  23%|██▎       | 217/956 [01:16<03:39,  3.37it/s]Deconvoluting Remaining Spots:  23%|██▎       | 218/956 [01:17<03:52,  3.18it/s]Deconvoluting Remaining Spots:  23%|██▎       | 219/956 [01:17<03:45,  3.26it/s]Deconvoluting Remaining Spots:  23%|██▎       | 220/956 [01:17<03:52,  3.17it/s]Deconvoluting Remaining Spots:  23%|██▎       | 221/956 [01:18<03:56,  3.11it/s]Deconvoluting Remaining Spots:  23%|██▎       | 222/956 [01:18<03:46,  3.24it/s]Deconvoluting Remaining Spots:  23%|██▎       | 223/956 [01:18<03:44,  3.27it/s]Deconvoluting Remaining Spots:  23%|██▎       | 224/956 [01:18<03:31,  3.47it/s]Deconvoluting Remaining Spots:  24%|██▎       | 225/956 [01:19<03:52,  3.14it/s]Deconvoluting Remaining Spots:  24%|██▎       | 226/956 [01:19<03:50,  3.17it/s]Deconvoluting Remaining Spots:  24%|██▎       | 227/956 [01:19<03:41,  3.30it/s]Deconvoluting Remaining Spots:  24%|██▍       | 228/956 [01:20<04:46,  2.54it/s]Deconvoluting Remaining Spots:  24%|██▍       | 230/956 [01:21<04:19,  2.80it/s]Deconvoluting Remaining Spots:  24%|██▍       | 231/956 [01:21<04:15,  2.84it/s]Deconvoluting Remaining Spots:  24%|██▍       | 232/956 [01:21<04:00,  3.01it/s]Deconvoluting Remaining Spots:  24%|██▍       | 233/956 [01:21<03:54,  3.08it/s]Deconvoluting Remaining Spots:  24%|██▍       | 234/956 [01:22<04:00,  3.00it/s]Deconvoluting Remaining Spots:  25%|██▍       | 235/956 [01:22<03:57,  3.04it/s]Deconvoluting Remaining Spots:  25%|██▍       | 236/956 [01:22<03:41,  3.25it/s]Deconvoluting Remaining Spots:  25%|██▍       | 237/956 [01:23<03:33,  3.37it/s]Deconvoluting Remaining Spots:  25%|██▍       | 238/956 [01:23<03:38,  3.28it/s]Deconvoluting Remaining Spots:  25%|██▌       | 239/956 [01:23<03:22,  3.53it/s]Deconvoluting Remaining Spots:  25%|██▌       | 240/956 [01:24<03:42,  3.22it/s]Deconvoluting Remaining Spots:  25%|██▌       | 241/956 [01:24<03:41,  3.23it/s]Deconvoluting Remaining Spots:  25%|██▌       | 242/956 [01:24<03:45,  3.17it/s]Deconvoluting Remaining Spots:  25%|██▌       | 243/956 [01:25<04:04,  2.91it/s]Deconvoluting Remaining Spots:  26%|██▌       | 244/956 [01:25<03:55,  3.02it/s]Deconvoluting Remaining Spots:  26%|██▌       | 245/956 [01:25<03:32,  3.34it/s]Deconvoluting Remaining Spots:  26%|██▌       | 246/956 [01:25<03:32,  3.35it/s]Deconvoluting Remaining Spots:  26%|██▌       | 247/956 [01:26<03:13,  3.67it/s]Deconvoluting Remaining Spots:  26%|██▌       | 248/956 [01:26<03:50,  3.07it/s]Deconvoluting Remaining Spots:  26%|██▌       | 249/956 [01:26<03:31,  3.34it/s]Deconvoluting Remaining Spots:  26%|██▌       | 250/956 [01:27<03:47,  3.10it/s]Deconvoluting Remaining Spots:  26%|██▋       | 251/956 [01:27<03:46,  3.11it/s]Deconvoluting Remaining Spots:  26%|██▋       | 252/956 [01:27<03:52,  3.02it/s]Deconvoluting Remaining Spots:  26%|██▋       | 253/956 [01:28<03:35,  3.26it/s]Deconvoluting Remaining Spots:  27%|██▋       | 254/956 [01:28<03:35,  3.25it/s]Deconvoluting Remaining Spots:  27%|██▋       | 255/956 [01:28<03:07,  3.74it/s]Deconvoluting Remaining Spots:  27%|██▋       | 256/956 [01:28<03:20,  3.48it/s]Deconvoluting Remaining Spots:  27%|██▋       | 257/956 [01:29<03:30,  3.32it/s]Deconvoluting Remaining Spots:  27%|██▋       | 258/956 [01:29<03:58,  2.93it/s]Deconvoluting Remaining Spots:  27%|██▋       | 259/956 [01:30<03:50,  3.02it/s]Deconvoluting Remaining Spots:  27%|██▋       | 260/956 [01:30<03:50,  3.02it/s]Deconvoluting Remaining Spots:  27%|██▋       | 261/956 [01:30<03:21,  3.45it/s]Deconvoluting Remaining Spots:  27%|██▋       | 262/956 [01:30<03:20,  3.47it/s]Deconvoluting Remaining Spots:  28%|██▊       | 263/956 [01:31<03:45,  3.08it/s]Deconvoluting Remaining Spots:  28%|██▊       | 264/956 [01:31<03:42,  3.11it/s]Deconvoluting Remaining Spots:  28%|██▊       | 265/956 [01:31<03:39,  3.14it/s]Deconvoluting Remaining Spots:  28%|██▊       | 266/956 [01:32<03:37,  3.17it/s]Deconvoluting Remaining Spots:  28%|██▊       | 267/956 [01:32<03:34,  3.22it/s]Deconvoluting Remaining Spots:  28%|██▊       | 268/956 [01:32<03:36,  3.18it/s]Deconvoluting Remaining Spots:  28%|██▊       | 269/956 [01:33<03:34,  3.21it/s]Deconvoluting Remaining Spots:  28%|██▊       | 270/956 [01:33<03:37,  3.15it/s]Deconvoluting Remaining Spots:  28%|██▊       | 271/956 [01:33<03:33,  3.21it/s]Deconvoluting Remaining Spots:  28%|██▊       | 272/956 [01:34<03:30,  3.24it/s]Deconvoluting Remaining Spots:  29%|██▊       | 273/956 [01:34<03:30,  3.25it/s]Deconvoluting Remaining Spots:  29%|██▊       | 274/956 [01:34<03:29,  3.25it/s]Deconvoluting Remaining Spots:  29%|██▉       | 275/956 [01:35<03:31,  3.22it/s]Deconvoluting Remaining Spots:  29%|██▉       | 276/956 [01:35<03:26,  3.29it/s]Deconvoluting Remaining Spots:  29%|██▉       | 277/956 [01:35<03:26,  3.28it/s]Deconvoluting Remaining Spots:  29%|██▉       | 278/956 [01:35<03:20,  3.38it/s]Deconvoluting Remaining Spots:  29%|██▉       | 279/956 [01:36<03:22,  3.34it/s]Deconvoluting Remaining Spots:  29%|██▉       | 280/956 [01:36<04:00,  2.81it/s]Deconvoluting Remaining Spots:  29%|██▉       | 281/956 [01:36<03:27,  3.26it/s]Deconvoluting Remaining Spots:  29%|██▉       | 282/956 [01:37<03:30,  3.20it/s]Deconvoluting Remaining Spots:  30%|██▉       | 283/956 [01:37<03:30,  3.19it/s]Deconvoluting Remaining Spots:  30%|██▉       | 284/956 [01:37<03:15,  3.43it/s]Deconvoluting Remaining Spots:  30%|██▉       | 285/956 [01:38<03:25,  3.27it/s]Deconvoluting Remaining Spots:  30%|██▉       | 286/956 [01:38<03:26,  3.25it/s]Deconvoluting Remaining Spots:  30%|███       | 287/956 [01:38<03:19,  3.35it/s]Deconvoluting Remaining Spots:  30%|███       | 288/956 [01:38<03:14,  3.43it/s]Deconvoluting Remaining Spots:  30%|███       | 289/956 [01:39<03:19,  3.35it/s]Deconvoluting Remaining Spots:  30%|███       | 290/956 [01:39<03:15,  3.41it/s]Deconvoluting Remaining Spots:  30%|███       | 291/956 [01:39<03:21,  3.30it/s]Deconvoluting Remaining Spots:  31%|███       | 292/956 [01:40<03:20,  3.30it/s]Deconvoluting Remaining Spots:  31%|███       | 293/956 [01:40<03:30,  3.15it/s]Deconvoluting Remaining Spots:  31%|███       | 294/956 [01:40<03:30,  3.15it/s]Deconvoluting Remaining Spots:  31%|███       | 295/956 [01:41<03:22,  3.27it/s]Deconvoluting Remaining Spots:  31%|███       | 296/956 [01:41<03:33,  3.09it/s]Deconvoluting Remaining Spots:  31%|███       | 297/956 [01:41<03:23,  3.24it/s]Deconvoluting Remaining Spots:  31%|███       | 298/956 [01:42<03:31,  3.11it/s]Deconvoluting Remaining Spots:  31%|███▏      | 299/956 [01:42<03:20,  3.28it/s]Deconvoluting Remaining Spots:  31%|███▏      | 300/956 [01:42<03:05,  3.54it/s]2026-02-18 17:01:12,997 - root - INFO - Saved checkpoint after 300 completed spots
Deconvoluting Remaining Spots:  31%|███▏      | 301/956 [01:44<09:22,  1.16it/s]Deconvoluting Remaining Spots:  32%|███▏      | 308/956 [01:45<02:36,  4.15it/s]Deconvoluting Remaining Spots:  32%|███▏      | 310/956 [01:45<02:49,  3.80it/s]Deconvoluting Remaining Spots:  33%|███▎      | 311/956 [01:46<02:55,  3.68it/s]Deconvoluting Remaining Spots:  33%|███▎      | 312/956 [01:46<02:59,  3.59it/s]Deconvoluting Remaining Spots:  33%|███▎      | 313/956 [01:46<03:09,  3.40it/s]Deconvoluting Remaining Spots:  33%|███▎      | 314/956 [01:46<03:02,  3.52it/s]Deconvoluting Remaining Spots:  33%|███▎      | 315/956 [01:47<03:09,  3.38it/s]Deconvoluting Remaining Spots:  33%|███▎      | 316/956 [01:47<02:42,  3.93it/s]Deconvoluting Remaining Spots:  33%|███▎      | 317/956 [01:47<03:10,  3.36it/s]Deconvoluting Remaining Spots:  33%|███▎      | 318/956 [01:48<02:58,  3.58it/s]Deconvoluting Remaining Spots:  33%|███▎      | 319/956 [01:48<03:13,  3.29it/s]Deconvoluting Remaining Spots:  33%|███▎      | 320/956 [01:48<03:11,  3.33it/s]Deconvoluting Remaining Spots:  34%|███▎      | 321/956 [01:49<03:08,  3.36it/s]Deconvoluting Remaining Spots:  34%|███▎      | 322/956 [01:49<03:22,  3.13it/s]Deconvoluting Remaining Spots:  34%|███▍      | 323/956 [01:49<03:22,  3.12it/s]Deconvoluting Remaining Spots:  34%|███▍      | 324/956 [01:50<03:19,  3.17it/s]Deconvoluting Remaining Spots:  34%|███▍      | 325/956 [01:50<03:51,  2.73it/s]Deconvoluting Remaining Spots:  34%|███▍      | 326/956 [01:50<03:04,  3.42it/s]Deconvoluting Remaining Spots:  34%|███▍      | 327/956 [01:50<03:12,  3.28it/s]Deconvoluting Remaining Spots:  34%|███▍      | 328/956 [01:51<03:11,  3.28it/s]Deconvoluting Remaining Spots:  34%|███▍      | 329/956 [01:51<03:04,  3.40it/s]Deconvoluting Remaining Spots:  35%|███▍      | 330/956 [01:52<04:04,  2.56it/s]Deconvoluting Remaining Spots:  35%|███▍      | 331/956 [01:52<03:13,  3.24it/s]Deconvoluting Remaining Spots:  35%|███▍      | 332/956 [01:52<02:40,  3.88it/s]Deconvoluting Remaining Spots:  35%|███▍      | 333/956 [01:52<02:41,  3.86it/s]Deconvoluting Remaining Spots:  35%|███▍      | 334/956 [01:52<02:43,  3.81it/s]Deconvoluting Remaining Spots:  35%|███▌      | 335/956 [01:53<03:00,  3.44it/s]Deconvoluting Remaining Spots:  35%|███▌      | 336/956 [01:53<02:58,  3.47it/s]Deconvoluting Remaining Spots:  35%|███▌      | 337/956 [01:53<03:01,  3.41it/s]Deconvoluting Remaining Spots:  35%|███▌      | 338/956 [01:54<03:06,  3.32it/s]Deconvoluting Remaining Spots:  35%|███▌      | 339/956 [01:54<03:27,  2.98it/s]Deconvoluting Remaining Spots:  36%|███▌      | 340/956 [01:54<03:11,  3.22it/s]Deconvoluting Remaining Spots:  36%|███▌      | 341/956 [01:55<03:22,  3.04it/s]Deconvoluting Remaining Spots:  36%|███▌      | 342/956 [01:55<04:11,  2.44it/s]Deconvoluting Remaining Spots:  36%|███▌      | 343/956 [01:55<03:16,  3.13it/s]Deconvoluting Remaining Spots:  36%|███▌      | 344/956 [01:56<03:11,  3.20it/s]Deconvoluting Remaining Spots:  36%|███▌      | 345/956 [01:56<03:10,  3.20it/s]Deconvoluting Remaining Spots:  36%|███▌      | 346/956 [01:56<03:14,  3.14it/s]Deconvoluting Remaining Spots:  36%|███▋      | 347/956 [01:57<03:24,  2.98it/s]Deconvoluting Remaining Spots:  36%|███▋      | 348/956 [01:57<03:45,  2.69it/s]Deconvoluting Remaining Spots:  37%|███▋      | 349/956 [01:57<03:22,  3.00it/s]Deconvoluting Remaining Spots:  37%|███▋      | 350/956 [01:58<03:21,  3.01it/s]Deconvoluting Remaining Spots:  37%|███▋      | 351/956 [01:58<02:51,  3.54it/s]Deconvoluting Remaining Spots:  37%|███▋      | 352/956 [01:58<03:16,  3.07it/s]Deconvoluting Remaining Spots:  37%|███▋      | 353/956 [01:59<03:17,  3.05it/s]Deconvoluting Remaining Spots:  37%|███▋      | 354/956 [01:59<03:15,  3.08it/s]Deconvoluting Remaining Spots:  37%|███▋      | 355/956 [01:59<03:19,  3.01it/s]Deconvoluting Remaining Spots:  37%|███▋      | 356/956 [02:00<03:58,  2.51it/s]Deconvoluting Remaining Spots:  37%|███▋      | 358/956 [02:00<02:57,  3.37it/s]Deconvoluting Remaining Spots:  38%|███▊      | 359/956 [02:01<02:51,  3.48it/s]Deconvoluting Remaining Spots:  38%|███▊      | 360/956 [02:01<02:53,  3.44it/s]Deconvoluting Remaining Spots:  38%|███▊      | 361/956 [02:01<02:54,  3.42it/s]Deconvoluting Remaining Spots:  38%|███▊      | 362/956 [02:01<02:52,  3.45it/s]Deconvoluting Remaining Spots:  38%|███▊      | 363/956 [02:02<02:57,  3.34it/s]Deconvoluting Remaining Spots:  38%|███▊      | 364/956 [02:02<02:52,  3.43it/s]Deconvoluting Remaining Spots:  38%|███▊      | 365/956 [02:02<03:05,  3.18it/s]Deconvoluting Remaining Spots:  38%|███▊      | 366/956 [02:03<03:45,  2.61it/s]Deconvoluting Remaining Spots:  38%|███▊      | 368/956 [02:03<02:40,  3.67it/s]Deconvoluting Remaining Spots:  39%|███▊      | 369/956 [02:04<02:44,  3.56it/s]Deconvoluting Remaining Spots:  39%|███▊      | 370/956 [02:04<02:51,  3.42it/s]Deconvoluting Remaining Spots:  39%|███▉      | 371/956 [02:04<03:06,  3.13it/s]Deconvoluting Remaining Spots:  39%|███▉      | 372/956 [02:05<03:24,  2.85it/s]Deconvoluting Remaining Spots:  39%|███▉      | 373/956 [02:05<03:21,  2.90it/s]Deconvoluting Remaining Spots:  39%|███▉      | 374/956 [02:06<03:47,  2.55it/s]Deconvoluting Remaining Spots:  39%|███▉      | 375/956 [02:06<03:01,  3.20it/s]Deconvoluting Remaining Spots:  39%|███▉      | 376/956 [02:06<03:15,  2.97it/s]Deconvoluting Remaining Spots:  39%|███▉      | 377/956 [02:06<02:56,  3.28it/s]Deconvoluting Remaining Spots:  40%|███▉      | 378/956 [02:07<03:19,  2.90it/s]Deconvoluting Remaining Spots:  40%|███▉      | 379/956 [02:07<03:47,  2.54it/s]Deconvoluting Remaining Spots:  40%|███▉      | 380/956 [02:07<03:20,  2.88it/s]Deconvoluting Remaining Spots:  40%|███▉      | 381/956 [02:08<03:12,  2.99it/s]Deconvoluting Remaining Spots:  40%|███▉      | 382/956 [02:08<03:03,  3.12it/s]Deconvoluting Remaining Spots:  40%|████      | 383/956 [02:08<03:01,  3.16it/s]Deconvoluting Remaining Spots:  40%|████      | 384/956 [02:09<03:18,  2.89it/s]Deconvoluting Remaining Spots:  40%|████      | 385/956 [02:09<03:07,  3.04it/s]Deconvoluting Remaining Spots:  40%|████      | 386/956 [02:09<02:58,  3.19it/s]Deconvoluting Remaining Spots:  40%|████      | 387/956 [02:10<03:27,  2.75it/s]Deconvoluting Remaining Spots:  41%|████      | 388/956 [02:10<03:07,  3.03it/s]Deconvoluting Remaining Spots:  41%|████      | 389/956 [02:10<02:34,  3.67it/s]Deconvoluting Remaining Spots:  41%|████      | 390/956 [02:11<02:38,  3.57it/s]Deconvoluting Remaining Spots:  41%|████      | 391/956 [02:11<02:51,  3.30it/s]Deconvoluting Remaining Spots:  41%|████      | 392/956 [02:11<02:53,  3.26it/s]Deconvoluting Remaining Spots:  41%|████      | 393/956 [02:11<02:40,  3.51it/s]Deconvoluting Remaining Spots:  41%|████      | 394/956 [02:12<02:46,  3.37it/s]Deconvoluting Remaining Spots:  41%|████▏     | 395/956 [02:12<03:02,  3.08it/s]Deconvoluting Remaining Spots:  41%|████▏     | 396/956 [02:12<02:51,  3.26it/s]Deconvoluting Remaining Spots:  42%|████▏     | 397/956 [02:13<02:48,  3.32it/s]Deconvoluting Remaining Spots:  42%|████▏     | 398/956 [02:13<03:10,  2.93it/s]Deconvoluting Remaining Spots:  42%|████▏     | 399/956 [02:13<03:03,  3.03it/s]Deconvoluting Remaining Spots:  42%|████▏     | 400/956 [02:14<03:27,  2.68it/s]2026-02-18 17:01:45,590 - root - INFO - Saved checkpoint after 400 completed spots
Deconvoluting Remaining Spots:  42%|████▏     | 401/956 [02:17<10:44,  1.16s/it]Deconvoluting Remaining Spots:  43%|████▎     | 410/956 [02:17<02:21,  3.86it/s]Deconvoluting Remaining Spots:  43%|████▎     | 412/956 [02:18<02:14,  4.04it/s]Deconvoluting Remaining Spots:  43%|████▎     | 414/956 [02:18<02:19,  3.88it/s]Deconvoluting Remaining Spots:  43%|████▎     | 415/956 [02:19<02:47,  3.23it/s]Deconvoluting Remaining Spots:  44%|████▎     | 416/956 [02:19<02:37,  3.42it/s]Deconvoluting Remaining Spots:  44%|████▎     | 417/956 [02:20<03:04,  2.92it/s]Deconvoluting Remaining Spots:  44%|████▎     | 418/956 [02:20<02:38,  3.39it/s]Deconvoluting Remaining Spots:  44%|████▍     | 419/956 [02:20<02:45,  3.25it/s]Deconvoluting Remaining Spots:  44%|████▍     | 420/956 [02:20<02:28,  3.60it/s]Deconvoluting Remaining Spots:  44%|████▍     | 421/956 [02:20<02:28,  3.61it/s]Deconvoluting Remaining Spots:  44%|████▍     | 422/956 [02:21<02:35,  3.44it/s]Deconvoluting Remaining Spots:  44%|████▍     | 423/956 [02:21<02:36,  3.41it/s]Deconvoluting Remaining Spots:  44%|████▍     | 424/956 [02:22<03:47,  2.34it/s]Deconvoluting Remaining Spots:  44%|████▍     | 425/956 [02:22<03:13,  2.74it/s]Deconvoluting Remaining Spots:  45%|████▍     | 426/956 [02:22<02:55,  3.01it/s]Deconvoluting Remaining Spots:  45%|████▍     | 427/956 [02:23<02:38,  3.34it/s]Deconvoluting Remaining Spots:  45%|████▍     | 428/956 [02:23<02:37,  3.36it/s]Deconvoluting Remaining Spots:  45%|████▍     | 429/956 [02:23<02:31,  3.47it/s]Deconvoluting Remaining Spots:  45%|████▍     | 430/956 [02:23<02:50,  3.09it/s]Deconvoluting Remaining Spots:  45%|████▌     | 431/956 [02:24<02:51,  3.07it/s]Deconvoluting Remaining Spots:  45%|████▌     | 432/956 [02:24<02:47,  3.12it/s]Deconvoluting Remaining Spots:  45%|████▌     | 433/956 [02:24<02:52,  3.03it/s]Deconvoluting Remaining Spots:  45%|████▌     | 434/956 [02:25<02:47,  3.12it/s]Deconvoluting Remaining Spots:  46%|████▌     | 435/956 [02:25<02:43,  3.19it/s]Deconvoluting Remaining Spots:  46%|████▌     | 436/956 [02:25<02:39,  3.27it/s]Deconvoluting Remaining Spots:  46%|████▌     | 437/956 [02:26<02:39,  3.25it/s]Deconvoluting Remaining Spots:  46%|████▌     | 438/956 [02:26<02:35,  3.33it/s]Deconvoluting Remaining Spots:  46%|████▌     | 439/956 [02:26<02:37,  3.29it/s]Deconvoluting Remaining Spots:  46%|████▌     | 440/956 [02:27<02:40,  3.21it/s]Deconvoluting Remaining Spots:  46%|████▌     | 441/956 [02:27<02:24,  3.57it/s]Deconvoluting Remaining Spots:  46%|████▌     | 442/956 [02:27<02:46,  3.09it/s]Deconvoluting Remaining Spots:  46%|████▋     | 443/956 [02:28<02:44,  3.13it/s]Deconvoluting Remaining Spots:  46%|████▋     | 444/956 [02:28<02:49,  3.03it/s]Deconvoluting Remaining Spots:  47%|████▋     | 445/956 [02:28<02:47,  3.05it/s]Deconvoluting Remaining Spots:  47%|████▋     | 446/956 [02:28<02:28,  3.43it/s]Deconvoluting Remaining Spots:  47%|████▋     | 447/956 [02:29<02:24,  3.52it/s]Deconvoluting Remaining Spots:  47%|████▋     | 448/956 [02:29<02:44,  3.08it/s]Deconvoluting Remaining Spots:  47%|████▋     | 449/956 [02:29<02:23,  3.54it/s]Deconvoluting Remaining Spots:  47%|████▋     | 450/956 [02:30<02:31,  3.34it/s]Deconvoluting Remaining Spots:  47%|████▋     | 451/956 [02:30<02:31,  3.33it/s]Deconvoluting Remaining Spots:  47%|████▋     | 452/956 [02:30<02:37,  3.19it/s]Deconvoluting Remaining Spots:  47%|████▋     | 453/956 [02:31<02:33,  3.27it/s]Deconvoluting Remaining Spots:  47%|████▋     | 454/956 [02:31<02:37,  3.19it/s]Deconvoluting Remaining Spots:  48%|████▊     | 455/956 [02:31<03:15,  2.56it/s]Deconvoluting Remaining Spots:  48%|████▊     | 456/956 [02:32<02:47,  2.98it/s]Deconvoluting Remaining Spots:  48%|████▊     | 457/956 [02:32<02:27,  3.38it/s]Deconvoluting Remaining Spots:  48%|████▊     | 458/956 [02:32<02:21,  3.51it/s]Deconvoluting Remaining Spots:  48%|████▊     | 459/956 [02:32<02:22,  3.48it/s]Deconvoluting Remaining Spots:  48%|████▊     | 460/956 [02:33<03:10,  2.61it/s]Deconvoluting Remaining Spots:  48%|████▊     | 462/956 [02:33<02:22,  3.48it/s]Deconvoluting Remaining Spots:  48%|████▊     | 463/956 [02:34<02:39,  3.10it/s]Deconvoluting Remaining Spots:  49%|████▊     | 464/956 [02:34<02:36,  3.14it/s]Deconvoluting Remaining Spots:  49%|████▊     | 465/956 [02:34<02:41,  3.04it/s]Deconvoluting Remaining Spots:  49%|████▊     | 466/956 [02:35<02:28,  3.29it/s]Deconvoluting Remaining Spots:  49%|████▉     | 467/956 [02:35<02:35,  3.14it/s]Deconvoluting Remaining Spots:  49%|████▉     | 468/956 [02:35<02:41,  3.02it/s]Deconvoluting Remaining Spots:  49%|████▉     | 469/956 [02:36<02:51,  2.84it/s]Deconvoluting Remaining Spots:  49%|████▉     | 470/956 [02:36<02:28,  3.27it/s]Deconvoluting Remaining Spots:  49%|████▉     | 471/956 [02:36<02:16,  3.55it/s]Deconvoluting Remaining Spots:  49%|████▉     | 472/956 [02:37<02:25,  3.32it/s]Deconvoluting Remaining Spots:  49%|████▉     | 473/956 [02:37<02:20,  3.45it/s]Deconvoluting Remaining Spots:  50%|████▉     | 474/956 [02:37<02:21,  3.40it/s]Deconvoluting Remaining Spots:  50%|████▉     | 475/956 [02:37<02:22,  3.38it/s]Deconvoluting Remaining Spots:  50%|████▉     | 476/956 [02:38<02:20,  3.42it/s]Deconvoluting Remaining Spots:  50%|████▉     | 477/956 [02:38<02:19,  3.42it/s]Deconvoluting Remaining Spots:  50%|█████     | 478/956 [02:38<02:40,  2.97it/s]Deconvoluting Remaining Spots:  50%|█████     | 479/956 [02:39<02:34,  3.08it/s]Deconvoluting Remaining Spots:  50%|█████     | 480/956 [02:39<02:27,  3.23it/s]Deconvoluting Remaining Spots:  50%|█████     | 481/956 [02:39<02:37,  3.01it/s]Deconvoluting Remaining Spots:  50%|█████     | 482/956 [02:40<02:36,  3.02it/s]Deconvoluting Remaining Spots:  51%|█████     | 483/956 [02:40<02:36,  3.03it/s]Deconvoluting Remaining Spots:  51%|█████     | 484/956 [02:40<02:29,  3.15it/s]Deconvoluting Remaining Spots:  51%|█████     | 485/956 [02:41<02:18,  3.39it/s]Deconvoluting Remaining Spots:  51%|█████     | 486/956 [02:41<02:23,  3.28it/s]Deconvoluting Remaining Spots:  51%|█████     | 487/956 [02:41<02:19,  3.37it/s]Deconvoluting Remaining Spots:  51%|█████     | 488/956 [02:42<02:15,  3.44it/s]Deconvoluting Remaining Spots:  51%|█████     | 489/956 [02:42<02:22,  3.29it/s]Deconvoluting Remaining Spots:  51%|█████▏    | 490/956 [02:42<02:38,  2.94it/s]Deconvoluting Remaining Spots:  51%|█████▏    | 491/956 [02:43<02:34,  3.02it/s]Deconvoluting Remaining Spots:  51%|█████▏    | 492/956 [02:43<02:18,  3.36it/s]Deconvoluting Remaining Spots:  52%|█████▏    | 493/956 [02:43<02:12,  3.51it/s]Deconvoluting Remaining Spots:  52%|█████▏    | 494/956 [02:43<02:22,  3.25it/s]Deconvoluting Remaining Spots:  52%|█████▏    | 495/956 [02:44<03:10,  2.42it/s]Deconvoluting Remaining Spots:  52%|█████▏    | 496/956 [02:44<02:52,  2.67it/s]Deconvoluting Remaining Spots:  52%|█████▏    | 497/956 [02:45<02:45,  2.77it/s]Deconvoluting Remaining Spots:  52%|█████▏    | 498/956 [02:45<02:40,  2.85it/s]Deconvoluting Remaining Spots:  52%|█████▏    | 499/956 [02:45<02:12,  3.45it/s]Deconvoluting Remaining Spots:  52%|█████▏    | 500/956 [02:45<02:12,  3.45it/s]2026-02-18 17:02:19,534 - root - INFO - Saved checkpoint after 500 completed spots
Deconvoluting Remaining Spots:  52%|█████▏    | 501/956 [02:51<13:47,  1.82s/it]Deconvoluting Remaining Spots:  54%|█████▍    | 518/956 [02:51<01:44,  4.20it/s]Deconvoluting Remaining Spots:  54%|█████▍    | 520/956 [02:52<01:50,  3.95it/s]Deconvoluting Remaining Spots:  55%|█████▍    | 522/956 [02:53<01:54,  3.80it/s]Deconvoluting Remaining Spots:  55%|█████▍    | 523/956 [02:53<01:55,  3.75it/s]Deconvoluting Remaining Spots:  55%|█████▍    | 524/956 [02:53<01:53,  3.82it/s]Deconvoluting Remaining Spots:  55%|█████▍    | 525/956 [02:53<01:58,  3.62it/s]Deconvoluting Remaining Spots:  55%|█████▌    | 526/956 [02:54<02:13,  3.23it/s]Deconvoluting Remaining Spots:  55%|█████▌    | 527/956 [02:54<02:06,  3.40it/s]Deconvoluting Remaining Spots:  55%|█████▌    | 528/956 [02:54<02:06,  3.38it/s]Deconvoluting Remaining Spots:  55%|█████▌    | 529/956 [02:55<02:03,  3.45it/s]Deconvoluting Remaining Spots:  55%|█████▌    | 530/956 [02:55<02:32,  2.79it/s]Deconvoluting Remaining Spots:  56%|█████▌    | 531/956 [02:56<02:24,  2.95it/s]Deconvoluting Remaining Spots:  56%|█████▌    | 532/956 [02:56<02:24,  2.93it/s]Deconvoluting Remaining Spots:  56%|█████▌    | 533/956 [02:56<02:20,  3.01it/s]Deconvoluting Remaining Spots:  56%|█████▌    | 534/956 [02:57<02:18,  3.04it/s]Deconvoluting Remaining Spots:  56%|█████▌    | 535/956 [02:57<02:17,  3.07it/s]Deconvoluting Remaining Spots:  56%|█████▌    | 536/956 [02:57<02:16,  3.08it/s]Deconvoluting Remaining Spots:  56%|█████▌    | 537/956 [02:57<02:03,  3.38it/s]Deconvoluting Remaining Spots:  56%|█████▋    | 538/956 [02:58<02:00,  3.46it/s]Deconvoluting Remaining Spots:  56%|█████▋    | 539/956 [02:58<02:01,  3.43it/s]Deconvoluting Remaining Spots:  56%|█████▋    | 540/956 [02:58<02:00,  3.46it/s]Deconvoluting Remaining Spots:  57%|█████▋    | 541/956 [02:59<02:10,  3.17it/s]Deconvoluting Remaining Spots:  57%|█████▋    | 542/956 [02:59<02:06,  3.28it/s]Deconvoluting Remaining Spots:  57%|█████▋    | 543/956 [02:59<02:12,  3.11it/s]Deconvoluting Remaining Spots:  57%|█████▋    | 544/956 [03:00<02:18,  2.97it/s]Deconvoluting Remaining Spots:  57%|█████▋    | 545/956 [03:00<02:39,  2.58it/s]Deconvoluting Remaining Spots:  57%|█████▋    | 547/956 [03:01<02:04,  3.28it/s]Deconvoluting Remaining Spots:  57%|█████▋    | 548/956 [03:01<01:59,  3.40it/s]Deconvoluting Remaining Spots:  57%|█████▋    | 549/956 [03:01<02:02,  3.32it/s]Deconvoluting Remaining Spots:  58%|█████▊    | 550/956 [03:01<02:04,  3.25it/s]Deconvoluting Remaining Spots:  58%|█████▊    | 551/956 [03:02<02:04,  3.24it/s]Deconvoluting Remaining Spots:  58%|█████▊    | 552/956 [03:02<02:45,  2.45it/s]Deconvoluting Remaining Spots:  58%|█████▊    | 553/956 [03:03<02:25,  2.77it/s]Deconvoluting Remaining Spots:  58%|█████▊    | 555/956 [03:03<01:37,  4.12it/s]Deconvoluting Remaining Spots:  58%|█████▊    | 556/956 [03:03<01:42,  3.89it/s]Deconvoluting Remaining Spots:  58%|█████▊    | 557/956 [03:03<01:46,  3.75it/s]Deconvoluting Remaining Spots:  58%|█████▊    | 558/956 [03:04<02:08,  3.11it/s]Deconvoluting Remaining Spots:  58%|█████▊    | 559/956 [03:04<02:09,  3.07it/s]Deconvoluting Remaining Spots:  59%|█████▊    | 560/956 [03:05<02:19,  2.84it/s]Deconvoluting Remaining Spots:  59%|█████▉    | 562/956 [03:05<01:49,  3.60it/s]Deconvoluting Remaining Spots:  59%|█████▉    | 563/956 [03:05<01:47,  3.64it/s]Deconvoluting Remaining Spots:  59%|█████▉    | 564/956 [03:06<02:03,  3.18it/s]Deconvoluting Remaining Spots:  59%|█████▉    | 565/956 [03:06<02:02,  3.20it/s]Deconvoluting Remaining Spots:  59%|█████▉    | 566/956 [03:06<02:03,  3.15it/s]Deconvoluting Remaining Spots:  59%|█████▉    | 567/956 [03:07<02:03,  3.16it/s]Deconvoluting Remaining Spots:  59%|█████▉    | 568/956 [03:07<02:08,  3.02it/s]Deconvoluting Remaining Spots:  60%|█████▉    | 569/956 [03:07<01:57,  3.30it/s]Deconvoluting Remaining Spots:  60%|█████▉    | 570/956 [03:08<02:01,  3.18it/s]Deconvoluting Remaining Spots:  60%|█████▉    | 571/956 [03:08<02:00,  3.21it/s]Deconvoluting Remaining Spots:  60%|█████▉    | 572/956 [03:08<01:55,  3.32it/s]Deconvoluting Remaining Spots:  60%|█████▉    | 573/956 [03:09<01:59,  3.22it/s]Deconvoluting Remaining Spots:  60%|██████    | 574/956 [03:09<01:52,  3.40it/s]Deconvoluting Remaining Spots:  60%|██████    | 575/956 [03:09<01:54,  3.32it/s]Deconvoluting Remaining Spots:  60%|██████    | 576/956 [03:09<01:55,  3.30it/s]Deconvoluting Remaining Spots:  60%|██████    | 577/956 [03:10<01:55,  3.27it/s]Deconvoluting Remaining Spots:  60%|██████    | 578/956 [03:10<01:57,  3.23it/s]Deconvoluting Remaining Spots:  61%|██████    | 579/956 [03:10<01:54,  3.28it/s]Deconvoluting Remaining Spots:  61%|██████    | 580/956 [03:11<01:56,  3.22it/s]Deconvoluting Remaining Spots:  61%|██████    | 581/956 [03:11<02:01,  3.08it/s]Deconvoluting Remaining Spots:  61%|██████    | 582/956 [03:11<02:10,  2.86it/s]Deconvoluting Remaining Spots:  61%|██████    | 583/956 [03:12<01:51,  3.34it/s]Deconvoluting Remaining Spots:  61%|██████    | 584/956 [03:12<01:50,  3.37it/s]Deconvoluting Remaining Spots:  61%|██████    | 585/956 [03:12<01:47,  3.45it/s]Deconvoluting Remaining Spots:  61%|██████▏   | 586/956 [03:13<01:45,  3.51it/s]Deconvoluting Remaining Spots:  61%|██████▏   | 587/956 [03:13<01:46,  3.45it/s]Deconvoluting Remaining Spots:  62%|██████▏   | 588/956 [03:13<01:49,  3.37it/s]Deconvoluting Remaining Spots:  62%|██████▏   | 589/956 [03:13<01:54,  3.21it/s]Deconvoluting Remaining Spots:  62%|██████▏   | 590/956 [03:14<01:59,  3.07it/s]Deconvoluting Remaining Spots:  62%|██████▏   | 591/956 [03:14<02:04,  2.94it/s]Deconvoluting Remaining Spots:  62%|██████▏   | 592/956 [03:15<02:04,  2.92it/s]Deconvoluting Remaining Spots:  62%|██████▏   | 593/956 [03:15<01:56,  3.11it/s]Deconvoluting Remaining Spots:  62%|██████▏   | 594/956 [03:15<02:00,  3.01it/s]Deconvoluting Remaining Spots:  62%|██████▏   | 595/956 [03:15<01:56,  3.11it/s]Deconvoluting Remaining Spots:  62%|██████▏   | 596/956 [03:16<02:04,  2.90it/s]Deconvoluting Remaining Spots:  62%|██████▏   | 597/956 [03:16<01:57,  3.06it/s]Deconvoluting Remaining Spots:  63%|██████▎   | 598/956 [03:16<01:52,  3.18it/s]Deconvoluting Remaining Spots:  63%|██████▎   | 599/956 [03:17<01:49,  3.25it/s]Deconvoluting Remaining Spots:  63%|██████▎   | 600/956 [03:17<01:40,  3.54it/s]2026-02-18 17:02:50,058 - root - INFO - Saved checkpoint after 600 completed spots
Deconvoluting Remaining Spots:  63%|██████▎   | 601/956 [03:21<09:01,  1.53s/it]Deconvoluting Remaining Spots:  64%|██████▍   | 615/956 [03:22<01:22,  4.13it/s]Deconvoluting Remaining Spots:  65%|██████▍   | 617/956 [03:22<01:24,  4.03it/s]Deconvoluting Remaining Spots:  65%|██████▍   | 618/956 [03:23<01:26,  3.90it/s]Deconvoluting Remaining Spots:  65%|██████▍   | 619/956 [03:23<01:29,  3.75it/s]Deconvoluting Remaining Spots:  65%|██████▍   | 620/956 [03:23<01:34,  3.56it/s]Deconvoluting Remaining Spots:  65%|██████▍   | 621/956 [03:24<01:35,  3.51it/s]Deconvoluting Remaining Spots:  65%|██████▌   | 622/956 [03:24<01:39,  3.34it/s]Deconvoluting Remaining Spots:  65%|██████▌   | 623/956 [03:24<01:46,  3.13it/s]Deconvoluting Remaining Spots:  65%|██████▌   | 624/956 [03:25<01:33,  3.55it/s]Deconvoluting Remaining Spots:  65%|██████▌   | 625/956 [03:25<01:42,  3.24it/s]Deconvoluting Remaining Spots:  65%|██████▌   | 626/956 [03:25<01:37,  3.38it/s]Deconvoluting Remaining Spots:  66%|██████▌   | 627/956 [03:26<02:01,  2.70it/s]Deconvoluting Remaining Spots:  66%|██████▌   | 629/956 [03:26<01:34,  3.47it/s]Deconvoluting Remaining Spots:  66%|██████▌   | 630/956 [03:26<01:33,  3.49it/s]Deconvoluting Remaining Spots:  66%|██████▌   | 631/956 [03:27<01:33,  3.48it/s]Deconvoluting Remaining Spots:  66%|██████▌   | 632/956 [03:27<01:36,  3.36it/s]Deconvoluting Remaining Spots:  66%|██████▌   | 633/956 [03:28<01:58,  2.73it/s]Deconvoluting Remaining Spots:  66%|██████▋   | 634/956 [03:28<01:40,  3.20it/s]Deconvoluting Remaining Spots:  66%|██████▋   | 635/956 [03:28<02:03,  2.61it/s]Deconvoluting Remaining Spots:  67%|██████▋   | 636/956 [03:29<01:48,  2.96it/s]Deconvoluting Remaining Spots:  67%|██████▋   | 637/956 [03:29<01:46,  3.00it/s]Deconvoluting Remaining Spots:  67%|██████▋   | 638/956 [03:29<01:31,  3.47it/s]Deconvoluting Remaining Spots:  67%|██████▋   | 639/956 [03:29<01:35,  3.32it/s]Deconvoluting Remaining Spots:  67%|██████▋   | 640/956 [03:30<01:33,  3.38it/s]Deconvoluting Remaining Spots:  67%|██████▋   | 641/956 [03:30<01:33,  3.37it/s]Deconvoluting Remaining Spots:  67%|██████▋   | 642/956 [03:30<01:36,  3.24it/s]Deconvoluting Remaining Spots:  67%|██████▋   | 643/956 [03:31<01:41,  3.08it/s]Deconvoluting Remaining Spots:  67%|██████▋   | 644/956 [03:31<01:37,  3.22it/s]Deconvoluting Remaining Spots:  67%|██████▋   | 645/956 [03:31<01:36,  3.22it/s]Deconvoluting Remaining Spots:  68%|██████▊   | 646/956 [03:32<01:33,  3.31it/s]Deconvoluting Remaining Spots:  68%|██████▊   | 647/956 [03:32<01:37,  3.17it/s]Deconvoluting Remaining Spots:  68%|██████▊   | 648/956 [03:32<01:52,  2.75it/s]Deconvoluting Remaining Spots:  68%|██████▊   | 649/956 [03:33<01:35,  3.22it/s]Deconvoluting Remaining Spots:  68%|██████▊   | 650/956 [03:33<01:41,  3.01it/s]Deconvoluting Remaining Spots:  68%|██████▊   | 651/956 [03:33<01:31,  3.33it/s]Deconvoluting Remaining Spots:  68%|██████▊   | 652/956 [03:34<01:37,  3.12it/s]Deconvoluting Remaining Spots:  68%|██████▊   | 653/956 [03:34<01:51,  2.71it/s]Deconvoluting Remaining Spots:  68%|██████▊   | 654/956 [03:34<01:35,  3.17it/s]Deconvoluting Remaining Spots:  69%|██████▊   | 655/956 [03:35<01:32,  3.26it/s]Deconvoluting Remaining Spots:  69%|██████▊   | 656/956 [03:35<01:33,  3.19it/s]Deconvoluting Remaining Spots:  69%|██████▊   | 657/956 [03:35<01:32,  3.25it/s]Deconvoluting Remaining Spots:  69%|██████▉   | 658/956 [03:35<01:31,  3.25it/s]Deconvoluting Remaining Spots:  69%|██████▉   | 659/956 [03:36<01:30,  3.29it/s]Deconvoluting Remaining Spots:  69%|██████▉   | 660/956 [03:36<01:29,  3.32it/s]Deconvoluting Remaining Spots:  69%|██████▉   | 661/956 [03:36<01:31,  3.23it/s]Deconvoluting Remaining Spots:  69%|██████▉   | 662/956 [03:37<01:26,  3.38it/s]Deconvoluting Remaining Spots:  69%|██████▉   | 663/956 [03:37<01:28,  3.32it/s]Deconvoluting Remaining Spots:  69%|██████▉   | 664/956 [03:37<01:29,  3.28it/s]Deconvoluting Remaining Spots:  70%|██████▉   | 665/956 [03:38<01:26,  3.37it/s]Deconvoluting Remaining Spots:  70%|██████▉   | 666/956 [03:38<01:29,  3.25it/s]Deconvoluting Remaining Spots:  70%|██████▉   | 667/956 [03:38<01:28,  3.26it/s]Deconvoluting Remaining Spots:  70%|██████▉   | 668/956 [03:38<01:23,  3.47it/s]Deconvoluting Remaining Spots:  70%|██████▉   | 669/956 [03:39<01:31,  3.15it/s]Deconvoluting Remaining Spots:  70%|███████   | 670/956 [03:39<01:24,  3.37it/s]Deconvoluting Remaining Spots:  70%|███████   | 671/956 [03:39<01:20,  3.53it/s]Deconvoluting Remaining Spots:  70%|███████   | 672/956 [03:40<01:28,  3.21it/s]Deconvoluting Remaining Spots:  70%|███████   | 673/956 [03:40<01:25,  3.29it/s]Deconvoluting Remaining Spots:  71%|███████   | 674/956 [03:40<01:25,  3.31it/s]Deconvoluting Remaining Spots:  71%|███████   | 675/956 [03:41<01:26,  3.25it/s]Deconvoluting Remaining Spots:  71%|███████   | 676/956 [03:41<01:23,  3.36it/s]Deconvoluting Remaining Spots:  71%|███████   | 677/956 [03:41<01:26,  3.23it/s]Deconvoluting Remaining Spots:  71%|███████   | 678/956 [03:41<01:22,  3.38it/s]Deconvoluting Remaining Spots:  71%|███████   | 679/956 [03:42<01:22,  3.34it/s]Deconvoluting Remaining Spots:  71%|███████   | 680/956 [03:42<01:24,  3.25it/s]Deconvoluting Remaining Spots:  71%|███████   | 681/956 [03:42<01:20,  3.41it/s]Deconvoluting Remaining Spots:  71%|███████▏  | 682/956 [03:43<01:21,  3.36it/s]Deconvoluting Remaining Spots:  71%|███████▏  | 683/956 [03:43<01:23,  3.26it/s]Deconvoluting Remaining Spots:  72%|███████▏  | 684/956 [03:43<01:23,  3.28it/s]Deconvoluting Remaining Spots:  72%|███████▏  | 685/956 [03:44<01:23,  3.23it/s]Deconvoluting Remaining Spots:  72%|███████▏  | 686/956 [03:44<01:23,  3.25it/s]Deconvoluting Remaining Spots:  72%|███████▏  | 687/956 [03:44<01:31,  2.95it/s]Deconvoluting Remaining Spots:  72%|███████▏  | 688/956 [03:45<01:21,  3.29it/s]Deconvoluting Remaining Spots:  72%|███████▏  | 689/956 [03:45<01:25,  3.11it/s]Deconvoluting Remaining Spots:  72%|███████▏  | 690/956 [03:45<01:17,  3.44it/s]Deconvoluting Remaining Spots:  72%|███████▏  | 691/956 [03:45<01:17,  3.40it/s]Deconvoluting Remaining Spots:  72%|███████▏  | 692/956 [03:46<01:16,  3.45it/s]Deconvoluting Remaining Spots:  72%|███████▏  | 693/956 [03:46<01:17,  3.40it/s]Deconvoluting Remaining Spots:  73%|███████▎  | 694/956 [03:46<01:25,  3.07it/s]Deconvoluting Remaining Spots:  73%|███████▎  | 695/956 [03:47<01:14,  3.50it/s]Deconvoluting Remaining Spots:  73%|███████▎  | 696/956 [03:47<01:14,  3.50it/s]Deconvoluting Remaining Spots:  73%|███████▎  | 697/956 [03:47<01:15,  3.41it/s]Deconvoluting Remaining Spots:  73%|███████▎  | 698/956 [03:47<01:15,  3.42it/s]Deconvoluting Remaining Spots:  73%|███████▎  | 699/956 [03:48<01:20,  3.21it/s]Deconvoluting Remaining Spots:  73%|███████▎  | 700/956 [03:48<01:28,  2.89it/s]2026-02-18 17:03:22,096 - root - INFO - Saved checkpoint after 700 completed spots
Deconvoluting Remaining Spots:  73%|███████▎  | 701/956 [03:53<07:35,  1.79s/it]Deconvoluting Remaining Spots:  75%|███████▌  | 717/956 [03:54<00:57,  4.18it/s]Deconvoluting Remaining Spots:  75%|███████▌  | 720/956 [03:55<01:03,  3.74it/s]Deconvoluting Remaining Spots:  76%|███████▌  | 722/956 [03:55<01:04,  3.65it/s]Deconvoluting Remaining Spots:  76%|███████▌  | 724/956 [03:56<01:06,  3.47it/s]Deconvoluting Remaining Spots:  76%|███████▌  | 725/956 [03:56<01:06,  3.49it/s]Deconvoluting Remaining Spots:  76%|███████▌  | 726/956 [03:57<01:06,  3.44it/s]Deconvoluting Remaining Spots:  76%|███████▌  | 727/956 [03:57<01:03,  3.58it/s]Deconvoluting Remaining Spots:  76%|███████▌  | 728/956 [03:57<01:05,  3.49it/s]Deconvoluting Remaining Spots:  76%|███████▋  | 729/956 [03:58<01:05,  3.46it/s]Deconvoluting Remaining Spots:  76%|███████▋  | 730/956 [03:58<01:05,  3.45it/s]Deconvoluting Remaining Spots:  76%|███████▋  | 731/956 [03:58<01:06,  3.39it/s]Deconvoluting Remaining Spots:  77%|███████▋  | 732/956 [03:58<01:05,  3.41it/s]Deconvoluting Remaining Spots:  77%|███████▋  | 733/956 [03:59<01:08,  3.27it/s]Deconvoluting Remaining Spots:  77%|███████▋  | 734/956 [03:59<01:13,  3.03it/s]Deconvoluting Remaining Spots:  77%|███████▋  | 735/956 [03:59<01:12,  3.05it/s]Deconvoluting Remaining Spots:  77%|███████▋  | 736/956 [04:00<01:19,  2.78it/s]Deconvoluting Remaining Spots:  77%|███████▋  | 737/956 [04:00<01:07,  3.25it/s]Deconvoluting Remaining Spots:  77%|███████▋  | 738/956 [04:01<01:14,  2.91it/s]Deconvoluting Remaining Spots:  77%|███████▋  | 739/956 [04:01<01:10,  3.07it/s]Deconvoluting Remaining Spots:  77%|███████▋  | 740/956 [04:01<01:12,  2.99it/s]Deconvoluting Remaining Spots:  78%|███████▊  | 741/956 [04:01<01:06,  3.26it/s]Deconvoluting Remaining Spots:  78%|███████▊  | 742/956 [04:02<01:12,  2.97it/s]Deconvoluting Remaining Spots:  78%|███████▊  | 743/956 [04:02<01:11,  3.00it/s]Deconvoluting Remaining Spots:  78%|███████▊  | 744/956 [04:02<01:04,  3.31it/s]Deconvoluting Remaining Spots:  78%|███████▊  | 745/956 [04:03<01:03,  3.32it/s]Deconvoluting Remaining Spots:  78%|███████▊  | 746/956 [04:03<01:11,  2.93it/s]Deconvoluting Remaining Spots:  78%|███████▊  | 747/956 [04:03<01:01,  3.39it/s]Deconvoluting Remaining Spots:  78%|███████▊  | 748/956 [04:04<01:11,  2.92it/s]Deconvoluting Remaining Spots:  78%|███████▊  | 749/956 [04:04<00:59,  3.47it/s]Deconvoluting Remaining Spots:  78%|███████▊  | 750/956 [04:04<01:05,  3.14it/s]Deconvoluting Remaining Spots:  79%|███████▊  | 751/956 [04:05<01:02,  3.26it/s]Deconvoluting Remaining Spots:  79%|███████▊  | 752/956 [04:05<01:02,  3.26it/s]Deconvoluting Remaining Spots:  79%|███████▉  | 753/956 [04:05<01:02,  3.26it/s]Deconvoluting Remaining Spots:  79%|███████▉  | 754/956 [04:06<01:08,  2.96it/s]Deconvoluting Remaining Spots:  79%|███████▉  | 755/956 [04:06<01:02,  3.23it/s]Deconvoluting Remaining Spots:  79%|███████▉  | 756/956 [04:06<01:01,  3.24it/s]Deconvoluting Remaining Spots:  79%|███████▉  | 757/956 [04:07<01:03,  3.16it/s]Deconvoluting Remaining Spots:  79%|███████▉  | 758/956 [04:07<01:04,  3.06it/s]Deconvoluting Remaining Spots:  79%|███████▉  | 759/956 [04:07<01:00,  3.25it/s]Deconvoluting Remaining Spots:  79%|███████▉  | 760/956 [04:07<00:59,  3.28it/s]Deconvoluting Remaining Spots:  80%|███████▉  | 761/956 [04:08<01:05,  2.97it/s]Deconvoluting Remaining Spots:  80%|███████▉  | 762/956 [04:08<00:55,  3.51it/s]Deconvoluting Remaining Spots:  80%|███████▉  | 763/956 [04:08<00:51,  3.75it/s]Deconvoluting Remaining Spots:  80%|███████▉  | 764/956 [04:09<00:56,  3.39it/s]Deconvoluting Remaining Spots:  80%|████████  | 765/956 [04:09<00:58,  3.29it/s]Deconvoluting Remaining Spots:  80%|████████  | 766/956 [04:09<01:12,  2.62it/s]Deconvoluting Remaining Spots:  80%|████████  | 767/956 [04:10<01:06,  2.85it/s]Deconvoluting Remaining Spots:  80%|████████  | 768/956 [04:10<01:19,  2.36it/s]Deconvoluting Remaining Spots:  81%|████████  | 770/956 [04:11<00:54,  3.42it/s]Deconvoluting Remaining Spots:  81%|████████  | 771/956 [04:11<00:53,  3.46it/s]Deconvoluting Remaining Spots:  81%|████████  | 772/956 [04:11<00:54,  3.35it/s]Deconvoluting Remaining Spots:  81%|████████  | 773/956 [04:12<00:56,  3.26it/s]Deconvoluting Remaining Spots:  81%|████████  | 774/956 [04:12<00:54,  3.34it/s]Deconvoluting Remaining Spots:  81%|████████  | 775/956 [04:12<00:53,  3.41it/s]Deconvoluting Remaining Spots:  81%|████████  | 776/956 [04:12<00:52,  3.41it/s]Deconvoluting Remaining Spots:  81%|████████▏ | 777/956 [04:13<00:53,  3.36it/s]Deconvoluting Remaining Spots:  81%|████████▏ | 778/956 [04:13<00:55,  3.21it/s]Deconvoluting Remaining Spots:  81%|████████▏ | 779/956 [04:13<00:53,  3.28it/s]Deconvoluting Remaining Spots:  82%|████████▏ | 780/956 [04:14<00:57,  3.04it/s]Deconvoluting Remaining Spots:  82%|████████▏ | 781/956 [04:14<00:53,  3.29it/s]Deconvoluting Remaining Spots:  82%|████████▏ | 782/956 [04:14<01:00,  2.87it/s]Deconvoluting Remaining Spots:  82%|████████▏ | 783/956 [04:15<00:52,  3.27it/s]Deconvoluting Remaining Spots:  82%|████████▏ | 784/956 [04:15<00:52,  3.30it/s]Deconvoluting Remaining Spots:  82%|████████▏ | 785/956 [04:15<00:51,  3.32it/s]Deconvoluting Remaining Spots:  82%|████████▏ | 786/956 [04:15<00:49,  3.44it/s]Deconvoluting Remaining Spots:  82%|████████▏ | 787/956 [04:16<00:48,  3.48it/s]Deconvoluting Remaining Spots:  82%|████████▏ | 788/956 [04:16<00:51,  3.29it/s]Deconvoluting Remaining Spots:  83%|████████▎ | 789/956 [04:17<00:55,  3.03it/s]Deconvoluting Remaining Spots:  83%|████████▎ | 790/956 [04:17<00:46,  3.55it/s]Deconvoluting Remaining Spots:  83%|████████▎ | 791/956 [04:17<00:48,  3.39it/s]Deconvoluting Remaining Spots:  83%|████████▎ | 792/956 [04:17<00:48,  3.35it/s]Deconvoluting Remaining Spots:  83%|████████▎ | 793/956 [04:18<00:49,  3.31it/s]Deconvoluting Remaining Spots:  83%|████████▎ | 794/956 [04:18<00:50,  3.21it/s]Deconvoluting Remaining Spots:  83%|████████▎ | 795/956 [04:18<00:48,  3.29it/s]Deconvoluting Remaining Spots:  83%|████████▎ | 796/956 [04:19<00:47,  3.34it/s]Deconvoluting Remaining Spots:  83%|████████▎ | 797/956 [04:19<00:49,  3.24it/s]Deconvoluting Remaining Spots:  83%|████████▎ | 798/956 [04:19<00:47,  3.31it/s]Deconvoluting Remaining Spots:  84%|████████▎ | 799/956 [04:19<00:50,  3.14it/s]Deconvoluting Remaining Spots:  84%|████████▎ | 800/956 [04:20<00:47,  3.29it/s]2026-02-18 17:03:54,388 - root - INFO - Saved checkpoint after 800 completed spots
Deconvoluting Remaining Spots:  84%|████████▍ | 801/956 [04:26<05:09,  2.00s/it]Deconvoluting Remaining Spots:  86%|████████▌ | 820/956 [04:26<00:33,  4.04it/s]Deconvoluting Remaining Spots:  86%|████████▌ | 822/956 [04:27<00:32,  4.12it/s]Deconvoluting Remaining Spots:  86%|████████▌ | 823/956 [04:27<00:32,  4.13it/s]Deconvoluting Remaining Spots:  86%|████████▌ | 824/956 [04:27<00:33,  3.99it/s]Deconvoluting Remaining Spots:  86%|████████▋ | 825/956 [04:28<00:33,  3.87it/s]Deconvoluting Remaining Spots:  86%|████████▋ | 826/956 [04:28<00:35,  3.64it/s]Deconvoluting Remaining Spots:  87%|████████▋ | 827/956 [04:28<00:36,  3.56it/s]Deconvoluting Remaining Spots:  87%|████████▋ | 828/956 [04:29<00:35,  3.58it/s]Deconvoluting Remaining Spots:  87%|████████▋ | 829/956 [04:29<00:37,  3.35it/s]Deconvoluting Remaining Spots:  87%|████████▋ | 830/956 [04:29<00:42,  2.94it/s]Deconvoluting Remaining Spots:  87%|████████▋ | 831/956 [04:30<00:38,  3.27it/s]Deconvoluting Remaining Spots:  87%|████████▋ | 832/956 [04:30<00:37,  3.33it/s]Deconvoluting Remaining Spots:  87%|████████▋ | 833/956 [04:30<00:40,  3.02it/s]Deconvoluting Remaining Spots:  87%|████████▋ | 834/956 [04:31<00:47,  2.58it/s]Deconvoluting Remaining Spots:  87%|████████▋ | 835/956 [04:31<00:37,  3.23it/s]Deconvoluting Remaining Spots:  87%|████████▋ | 836/956 [04:31<00:40,  2.99it/s]Deconvoluting Remaining Spots:  88%|████████▊ | 837/956 [04:32<00:35,  3.35it/s]Deconvoluting Remaining Spots:  88%|████████▊ | 838/956 [04:32<00:39,  2.98it/s]Deconvoluting Remaining Spots:  88%|████████▊ | 839/956 [04:32<00:39,  2.98it/s]Deconvoluting Remaining Spots:  88%|████████▊ | 840/956 [04:33<00:35,  3.28it/s]Deconvoluting Remaining Spots:  88%|████████▊ | 841/956 [04:33<00:35,  3.20it/s]Deconvoluting Remaining Spots:  88%|████████▊ | 842/956 [04:33<00:38,  2.99it/s]Deconvoluting Remaining Spots:  88%|████████▊ | 843/956 [04:34<00:35,  3.16it/s]Deconvoluting Remaining Spots:  88%|████████▊ | 844/956 [04:34<00:33,  3.36it/s]Deconvoluting Remaining Spots:  88%|████████▊ | 845/956 [04:34<00:32,  3.37it/s]Deconvoluting Remaining Spots:  88%|████████▊ | 846/956 [04:34<00:34,  3.21it/s]Deconvoluting Remaining Spots:  89%|████████▊ | 847/956 [04:35<00:33,  3.28it/s]Deconvoluting Remaining Spots:  89%|████████▊ | 848/956 [04:35<00:32,  3.37it/s]Deconvoluting Remaining Spots:  89%|████████▉ | 849/956 [04:35<00:33,  3.16it/s]Deconvoluting Remaining Spots:  89%|████████▉ | 850/956 [04:36<00:35,  2.97it/s]Deconvoluting Remaining Spots:  89%|████████▉ | 851/956 [04:36<00:33,  3.09it/s]Deconvoluting Remaining Spots:  89%|████████▉ | 852/956 [04:36<00:32,  3.16it/s]Deconvoluting Remaining Spots:  89%|████████▉ | 853/956 [04:37<00:31,  3.28it/s]Deconvoluting Remaining Spots:  89%|████████▉ | 854/956 [04:37<00:34,  2.97it/s]Deconvoluting Remaining Spots:  89%|████████▉ | 855/956 [04:37<00:36,  2.75it/s]Deconvoluting Remaining Spots:  90%|████████▉ | 856/956 [04:38<00:41,  2.39it/s]Deconvoluting Remaining Spots:  90%|████████▉ | 857/956 [04:38<00:32,  3.00it/s]Deconvoluting Remaining Spots:  90%|████████▉ | 858/956 [04:38<00:31,  3.07it/s]Deconvoluting Remaining Spots:  90%|████████▉ | 859/956 [04:39<00:28,  3.42it/s]Deconvoluting Remaining Spots:  90%|████████▉ | 860/956 [04:39<00:26,  3.62it/s]Deconvoluting Remaining Spots:  90%|█████████ | 861/956 [04:39<00:28,  3.30it/s]Deconvoluting Remaining Spots:  90%|█████████ | 862/956 [04:40<00:29,  3.14it/s]Deconvoluting Remaining Spots:  90%|█████████ | 863/956 [04:40<00:33,  2.76it/s]Deconvoluting Remaining Spots:  90%|█████████ | 864/956 [04:40<00:26,  3.48it/s]Deconvoluting Remaining Spots:  90%|█████████ | 865/956 [04:41<00:27,  3.33it/s]Deconvoluting Remaining Spots:  91%|█████████ | 866/956 [04:41<00:27,  3.26it/s]Deconvoluting Remaining Spots:  91%|█████████ | 867/956 [04:41<00:28,  3.10it/s]Deconvoluting Remaining Spots:  91%|█████████ | 868/956 [04:41<00:26,  3.28it/s]Deconvoluting Remaining Spots:  91%|█████████ | 869/956 [04:42<00:27,  3.22it/s]Deconvoluting Remaining Spots:  91%|█████████ | 870/956 [04:42<00:28,  3.06it/s]Deconvoluting Remaining Spots:  91%|█████████ | 871/956 [04:43<00:30,  2.80it/s]Deconvoluting Remaining Spots:  91%|█████████ | 872/956 [04:43<00:25,  3.34it/s]Deconvoluting Remaining Spots:  91%|█████████▏| 873/956 [04:43<00:24,  3.33it/s]Deconvoluting Remaining Spots:  91%|█████████▏| 874/956 [04:43<00:25,  3.17it/s]Deconvoluting Remaining Spots:  92%|█████████▏| 875/956 [04:44<00:27,  2.95it/s]Deconvoluting Remaining Spots:  92%|█████████▏| 876/956 [04:44<00:25,  3.14it/s]Deconvoluting Remaining Spots:  92%|█████████▏| 877/956 [04:44<00:25,  3.15it/s]Deconvoluting Remaining Spots:  92%|█████████▏| 878/956 [04:45<00:25,  3.06it/s]Deconvoluting Remaining Spots:  92%|█████████▏| 879/956 [04:45<00:25,  3.05it/s]Deconvoluting Remaining Spots:  92%|█████████▏| 880/956 [04:45<00:24,  3.12it/s]Deconvoluting Remaining Spots:  92%|█████████▏| 881/956 [04:46<00:22,  3.41it/s]Deconvoluting Remaining Spots:  92%|█████████▏| 882/956 [04:46<00:22,  3.27it/s]Deconvoluting Remaining Spots:  92%|█████████▏| 883/956 [04:46<00:22,  3.29it/s]Deconvoluting Remaining Spots:  92%|█████████▏| 884/956 [04:47<00:23,  3.03it/s]Deconvoluting Remaining Spots:  93%|█████████▎| 885/956 [04:47<00:23,  3.06it/s]Deconvoluting Remaining Spots:  93%|█████████▎| 886/956 [04:47<00:22,  3.06it/s]Deconvoluting Remaining Spots:  93%|█████████▎| 887/956 [04:48<00:24,  2.77it/s]Deconvoluting Remaining Spots:  93%|█████████▎| 888/956 [04:48<00:21,  3.23it/s]Deconvoluting Remaining Spots:  93%|█████████▎| 889/956 [04:48<00:20,  3.23it/s]Deconvoluting Remaining Spots:  93%|█████████▎| 890/956 [04:49<00:20,  3.21it/s]Deconvoluting Remaining Spots:  93%|█████████▎| 891/956 [04:49<00:19,  3.30it/s]Deconvoluting Remaining Spots:  93%|█████████▎| 892/956 [04:49<00:19,  3.35it/s]Deconvoluting Remaining Spots:  93%|█████████▎| 893/956 [04:49<00:20,  3.05it/s]Deconvoluting Remaining Spots:  94%|█████████▎| 894/956 [04:50<00:20,  3.04it/s]Deconvoluting Remaining Spots:  94%|█████████▎| 895/956 [04:50<00:21,  2.89it/s]Deconvoluting Remaining Spots:  94%|█████████▎| 896/956 [04:51<00:19,  3.02it/s]Deconvoluting Remaining Spots:  94%|█████████▍| 897/956 [04:51<00:18,  3.16it/s]Deconvoluting Remaining Spots:  94%|█████████▍| 898/956 [04:51<00:17,  3.37it/s]Deconvoluting Remaining Spots:  94%|█████████▍| 899/956 [04:51<00:17,  3.31it/s]Deconvoluting Remaining Spots:  94%|█████████▍| 900/956 [04:52<00:17,  3.11it/s]2026-02-18 17:04:26,978 - root - INFO - Saved checkpoint after 900 completed spots
Deconvoluting Remaining Spots:  94%|█████████▍| 901/956 [04:58<02:00,  2.20s/it]Deconvoluting Remaining Spots:  96%|█████████▋| 922/956 [04:59<00:07,  4.25it/s]Deconvoluting Remaining Spots:  97%|█████████▋| 924/956 [04:59<00:07,  4.14it/s]Deconvoluting Remaining Spots:  97%|█████████▋| 926/956 [05:00<00:07,  3.91it/s]Deconvoluting Remaining Spots:  97%|█████████▋| 928/956 [05:01<00:07,  3.63it/s]Deconvoluting Remaining Spots:  97%|█████████▋| 929/956 [05:01<00:07,  3.71it/s]Deconvoluting Remaining Spots:  97%|█████████▋| 930/956 [05:01<00:07,  3.66it/s]Deconvoluting Remaining Spots:  97%|█████████▋| 931/956 [05:02<00:07,  3.53it/s]Deconvoluting Remaining Spots:  97%|█████████▋| 932/956 [05:02<00:07,  3.17it/s]Deconvoluting Remaining Spots:  98%|█████████▊| 933/956 [05:02<00:07,  3.18it/s]Deconvoluting Remaining Spots:  98%|█████████▊| 934/956 [05:03<00:06,  3.46it/s]Deconvoluting Remaining Spots:  98%|█████████▊| 935/956 [05:03<00:05,  3.51it/s]Deconvoluting Remaining Spots:  98%|█████████▊| 936/956 [05:03<00:05,  3.40it/s]Deconvoluting Remaining Spots:  98%|█████████▊| 937/956 [05:03<00:05,  3.47it/s]Deconvoluting Remaining Spots:  98%|█████████▊| 938/956 [05:04<00:05,  3.28it/s]Deconvoluting Remaining Spots:  98%|█████████▊| 939/956 [05:04<00:05,  3.03it/s]Deconvoluting Remaining Spots:  98%|█████████▊| 940/956 [05:04<00:04,  3.27it/s]Deconvoluting Remaining Spots:  98%|█████████▊| 941/956 [05:05<00:04,  3.18it/s]Deconvoluting Remaining Spots:  99%|█████████▊| 942/956 [05:05<00:04,  3.35it/s]Deconvoluting Remaining Spots:  99%|█████████▊| 943/956 [05:05<00:04,  3.03it/s]Deconvoluting Remaining Spots:  99%|█████████▊| 944/956 [05:06<00:03,  3.17it/s]Deconvoluting Remaining Spots:  99%|█████████▉| 945/956 [05:06<00:03,  3.18it/s]Deconvoluting Remaining Spots:  99%|█████████▉| 946/956 [05:06<00:03,  2.67it/s]Deconvoluting Remaining Spots:  99%|█████████▉| 947/956 [05:07<00:02,  3.27it/s]Deconvoluting Remaining Spots:  99%|█████████▉| 948/956 [05:07<00:02,  3.13it/s]Deconvoluting Remaining Spots:  99%|█████████▉| 949/956 [05:07<00:02,  3.08it/s]Deconvoluting Remaining Spots:  99%|█████████▉| 950/956 [05:08<00:01,  3.16it/s]Deconvoluting Remaining Spots:  99%|█████████▉| 951/956 [05:08<00:01,  2.98it/s]Deconvoluting Remaining Spots: 100%|█████████▉| 952/956 [05:08<00:01,  3.33it/s]Deconvoluting Remaining Spots: 100%|█████████▉| 953/956 [05:08<00:00,  3.45it/s]Deconvoluting Remaining Spots: 100%|█████████▉| 954/956 [05:09<00:00,  3.54it/s]Deconvoluting Remaining Spots: 100%|█████████▉| 955/956 [05:09<00:00,  3.49it/s]Deconvoluting Remaining Spots: 100%|██████████| 956/956 [05:09<00:00,  3.28it/s]Deconvoluting Remaining Spots: 100%|██████████| 956/956 [05:09<00:00,  3.08it/s]
2026-02-18 17:04:44,641 - root - INFO - Saved final results with 956 completed spots
2026-02-18 17:04:50,665 - root - INFO - Saved profiles to Benchmarking/simulation_benchmarking/CITEgeist/output_discrete_slack_only/mixed/dapi/mixed/dapi/Wu_rep_4/Wu_rep_4_gene_expression_pass1.parquet with cell types: ['B-cells', 'CAFs', 'Cancer Epithelial', 'Endothelial', 'Myeloid', 'Normal Epithelial', 'PVL', 'Plasmablasts', 'T-cells']
2026-02-18 17:04:52,820 - root - INFO - Successfully added layer: CAFs_genes_pass1
2026-02-18 17:04:53,064 - root - INFO - Successfully added layer: Endothelial_genes_pass1
2026-02-18 17:04:53,308 - root - INFO - Successfully added layer: Cancer_Epithelial_genes_pass1
2026-02-18 17:04:53,552 - root - INFO - Successfully added layer: Plasmablasts_genes_pass1
2026-02-18 17:04:53,797 - root - INFO - Successfully added layer: Myeloid_genes_pass1
2026-02-18 17:04:54,043 - root - INFO - Successfully added layer: Normal_Epithelial_genes_pass1
2026-02-18 17:04:54,290 - root - INFO - Successfully added layer: T-cells_genes_pass1
2026-02-18 17:04:54,535 - root - INFO - Successfully added layer: PVL_genes_pass1
2026-02-18 17:04:54,780 - root - INFO - Successfully added layer: B-cells_genes_pass1
2026-02-18 17:05:07,928 - root - INFO - Exported layer 'CAFs_genes_pass1' to 'Benchmarking/simulation_benchmarking/CITEgeist/output_discrete_slack_only/mixed/dapi/mixed/dapi/Wu_rep_4/Wu_rep_4_pass1/layers/pass1/CAFs_layer_pass1.csv'
2026-02-18 17:05:21,656 - root - INFO - Exported layer 'Endothelial_genes_pass1' to 'Benchmarking/simulation_benchmarking/CITEgeist/output_discrete_slack_only/mixed/dapi/mixed/dapi/Wu_rep_4/Wu_rep_4_pass1/layers/pass1/Endothelial_layer_pass1.csv'
2026-02-18 17:05:34,669 - root - INFO - Exported layer 'Cancer_Epithelial_genes_pass1' to 'Benchmarking/simulation_benchmarking/CITEgeist/output_discrete_slack_only/mixed/dapi/mixed/dapi/Wu_rep_4/Wu_rep_4_pass1/layers/pass1/Cancer_Epithelial_layer_pass1.csv'
2026-02-18 17:05:47,621 - root - INFO - Exported layer 'Plasmablasts_genes_pass1' to 'Benchmarking/simulation_benchmarking/CITEgeist/output_discrete_slack_only/mixed/dapi/mixed/dapi/Wu_rep_4/Wu_rep_4_pass1/layers/pass1/Plasmablasts_layer_pass1.csv'
2026-02-18 17:06:00,540 - root - INFO - Exported layer 'Myeloid_genes_pass1' to 'Benchmarking/simulation_benchmarking/CITEgeist/output_discrete_slack_only/mixed/dapi/mixed/dapi/Wu_rep_4/Wu_rep_4_pass1/layers/pass1/Myeloid_layer_pass1.csv'
2026-02-18 17:06:12,316 - root - INFO - Exported layer 'Normal_Epithelial_genes_pass1' to 'Benchmarking/simulation_benchmarking/CITEgeist/output_discrete_slack_only/mixed/dapi/mixed/dapi/Wu_rep_4/Wu_rep_4_pass1/layers/pass1/Normal_Epithelial_layer_pass1.csv'
2026-02-18 17:06:24,146 - root - INFO - Exported layer 'T-cells_genes_pass1' to 'Benchmarking/simulation_benchmarking/CITEgeist/output_discrete_slack_only/mixed/dapi/mixed/dapi/Wu_rep_4/Wu_rep_4_pass1/layers/pass1/T-cells_layer_pass1.csv'
2026-02-18 17:06:36,066 - root - INFO - Exported layer 'PVL_genes_pass1' to 'Benchmarking/simulation_benchmarking/CITEgeist/output_discrete_slack_only/mixed/dapi/mixed/dapi/Wu_rep_4/Wu_rep_4_pass1/layers/pass1/PVL_layer_pass1.csv'
2026-02-18 17:06:47,956 - root - INFO - Exported layer 'B-cells_genes_pass1' to 'Benchmarking/simulation_benchmarking/CITEgeist/output_discrete_slack_only/mixed/dapi/mixed/dapi/Wu_rep_4/Wu_rep_4_pass1/layers/pass1/B-cells_layer_pass1.csv'
2026-02-18 17:06:47,956 - __main__ - INFO - GEX deconvolution completed in 440.7s
2026-02-18 17:08:38,877 - __main__ - INFO - Exported 9 cell type layers to Benchmarking/simulation_benchmarking/CITEgeist/output_discrete_slack_only/mixed/dapi/mixed/dapi/Wu_rep_4/layers
2026-02-18 17:08:38,896 - __main__ - INFO - Comparing against ground truth GEX: /ix1/alee/LO_LAB/Personal/Brent_Schlegel/bts76/Projects/CITEgeist/Wu_Visium/Simulations/scCube_12k/replicates/mixed/ST_GEX_sim/sample_4/layers
2026-02-18 17:09:49,245 - __main__ - INFO - GEX Average RMSE: 0.1482
2026-02-18 17:09:49,245 - __main__ - INFO - GEX Average NRMSE: 0.0230
2026-02-18 17:09:49,255 - __main__ - INFO - Results saved to Benchmarking/simulation_benchmarking/CITEgeist/output_discrete_slack_only/mixed/dapi/mixed/dapi/Wu_rep_4
