2026-02-18 15:21:07,088 - __main__ - INFO - ============================================================
2026-02-18 15:21:07,089 - __main__ - INFO - BENCHMARK: replicate=3, condition=mixed, mode=dapi
2026-02-18 15:21:07,089 - __main__ - INFO - ============================================================
2026-02-18 15:21:07,090 - __main__ - INFO - Loading image: /ix1/alee/LO_LAB/Personal/Alexander_Chang/alc376/CITEgeist/Benchmarking/simulation_benchmarking/CITEgeist/mixed/images/dapi/Wu_rep_3_cellpose.png
2026-02-18 15:21:08,259 - __main__ - INFO - Image shape: (8000, 8000, 3)
2026-02-18 15:21:08,260 - __main__ - INFO - Running Cellpose with model_type=nuclei
2026-02-18 15:21:11,640 - cellpose.models - WARNING - model_type argument is not used in v4.0.1+. Ignoring this argument...
2026-02-18 15:21:11,640 - cellpose.core - INFO - >>>> using CPU
2026-02-18 15:21:11,640 - cellpose.core - INFO - >>>> using CPU
2026-02-18 15:21:13,631 - cellpose.models - INFO - >>>> loading model /ihome/alee/alc376/.cellpose/models/cpsam
2026-02-18 15:21:14,222 - cellpose.models - WARNING - channels deprecated in v4.0.1+. If data contain more than 3 channels, only the first 3 channels will be used
2026-02-18 15:21:14,269 - cellpose.transforms - INFO - processing image with (8000, 8000) HW, and 3 channels
2026-02-18 16:16:12,572 - __main__ - INFO - Detected 4897 nuclei in 3304.3s
2026-02-18 16:16:12,653 - __main__ - INFO - Nuclei count correlation: 0.987
2026-02-18 16:16:12,653 - __main__ - INFO - Nuclei count RMSE: 0.44
2026-02-18 16:16:12,655 - __main__ - INFO - Loading h5ad files...
2026-02-18 16:16:13,572 - root - INFO - Logging initialized.
2026-02-18 16:16:13,572 - __main__ - INFO - Using CLR preprocessing (continuous model style)
2026-02-18 16:16:13,576 - __main__ - INFO - Applying nuclei scaling to CLR-normalized data
2026-02-18 16:16:13,577 - __main__ - INFO - Nuclei scaling applied: mean=5.1, range=[0.0, 3.3]
2026-02-18 16:16:13,966 - root - INFO - Normalization stats:
2026-02-18 16:16:13,966 - root - INFO - Original median total: 52549287164.00
2026-02-18 16:16:13,984 - root - INFO - Mean scaled total: 9979.76
2026-02-18 16:16:14,000 - root - INFO - Max scaled value: 10000.00
2026-02-18 16:16:14,186 - root - INFO - Gene expression data normalized to 10000 counts per spot and validated for discrete count analysis.
2026-02-18 16:16:14,187 - root - INFO - Mapped 18 markers to 9 cell types (preserving marker-level data)
2026-02-18 16:16:14,187 - __main__ - INFO - Discrete cell type order: ['B-cells', 'CAFs', 'Cancer Epithelial', 'Endothelial', 'Myeloid', 'Normal Epithelial', 'PVL', 'Plasmablasts', 'T-cells']
2026-02-18 16:16:14,189 - root - INFO - Mapped 18 markers to 9 cell types (preserving marker-level data)
2026-02-18 16:16:14,189 - root - INFO - Running discrete cell assignment: 956 spots, 18 markers, 9 cell types
2026-02-18 16:16:14,189 - root - INFO - Total nuclei: 4897, mean per spot: 5.12
2026-02-18 16:16:14,189 - root - INFO - Discrete cell assignment EM: 956 spots, 18 markers, 9 cell types
2026-02-18 16:16:14,189 - root - INFO - Total nuclei: 4897, mean per spot: 5.12
2026-02-18 16:16:14,191 - root - INFO - 
=== EM Iteration 1/10 ===
2026-02-18 16:16:14,191 - root - INFO - Global IQP: 956 spots x 9 cell types = 8604 integer variables
2026-02-18 16:16:14,191 - root - INFO - Time limit: 600.0s, MIP gap: 5.0%
2026-02-18 16:16:14,198 - gurobipy - INFO - Set parameter LicenseID to value 276015
2026-02-18 16:16:14,198 - gurobipy - INFO - Set parameter GURO_PAR_SPECIAL
2026-02-18 16:16:14,198 - gurobipy - INFO - Set parameter TokenServer to value "license.crc.pitt.edu"
2026-02-18 16:16:14,217 - gurobipy - INFO - Set parameter TimeLimit to value 600
2026-02-18 16:16:14,217 - gurobipy - INFO - Set parameter MIPGap to value 0.05
2026-02-18 16:16:16,273 - root - INFO - Starting global IQP optimization...
2026-02-18 16:16:16,274 - gurobipy - INFO - Gurobi Optimizer version 11.0.2 build v11.0.2rc0 (linux64 - "Red Hat Enterprise Linux 9.6 (Plow)")
2026-02-18 16:16:16,274 - gurobipy - INFO - 
2026-02-18 16:16:16,274 - gurobipy - INFO - CPU model: Intel(R) Xeon(R) Platinum 8352Y CPU @ 2.20GHz, instruction set [SSE2|AVX|AVX2|AVX512]
2026-02-18 16:16:16,274 - gurobipy - INFO - Thread count: 64 physical cores, 64 logical processors, using up to 32 threads
2026-02-18 16:16:16,274 - gurobipy - INFO - 
2026-02-18 16:16:16,274 - gurobipy - INFO - Optimize a model with 932 rows, 8604 columns and 8388 nonzeros
2026-02-18 16:16:16,275 - gurobipy - INFO - Model fingerprint: 0xbe497941
2026-02-18 16:16:16,275 - gurobipy - INFO - Model has 8604 quadratic objective terms
2026-02-18 16:16:16,275 - gurobipy - INFO - Variable types: 0 continuous, 8604 integer (0 binary)
2026-02-18 16:16:16,275 - gurobipy - INFO - Coefficient statistics:
2026-02-18 16:16:16,275 - gurobipy - INFO -   Matrix range     [1e+00, 1e+00]
2026-02-18 16:16:16,275 - gurobipy - INFO -   Objective range  [2e-08, 4e+00]
2026-02-18 16:16:16,275 - gurobipy - INFO -   QObjective range [4e+00, 4e+00]
2026-02-18 16:16:16,275 - gurobipy - INFO -   Bounds range     [1e+00, 2e+01]
2026-02-18 16:16:16,275 - gurobipy - INFO -   RHS range        [1e+00, 2e+01]
2026-02-18 16:16:16,275 - gurobipy - INFO - 
2026-02-18 16:16:16,276 - gurobipy - INFO - Loaded user MIP start with objective 8184.84
2026-02-18 16:16:16,276 - gurobipy - INFO - 
2026-02-18 16:16:22,681 - gurobipy - INFO - Presolve removed 666 rows and 6210 columns (presolve time = 6s) ...
2026-02-18 16:16:22,683 - gurobipy - INFO - Presolve removed 666 rows and 6210 columns
2026-02-18 16:16:22,683 - gurobipy - INFO - Presolve time: 6.41s
2026-02-18 16:16:22,683 - gurobipy - INFO - Presolved: 266 rows, 2394 columns, 2394 nonzeros
2026-02-18 16:16:22,683 - gurobipy - INFO - Presolved model has 2394 quadratic objective terms
2026-02-18 16:16:22,684 - gurobipy - INFO - Found heuristic solution: objective 7847.7001061
2026-02-18 16:16:22,685 - gurobipy - INFO - Variable types: 0 continuous, 2394 integer (0 binary)
2026-02-18 16:16:22,685 - gurobipy - INFO - Found heuristic solution: objective 7675.6729914
2026-02-18 16:16:22,691 - gurobipy - INFO - 
2026-02-18 16:16:22,691 - gurobipy - INFO - Root simplex log...
2026-02-18 16:16:22,691 - gurobipy - INFO - 
2026-02-18 16:16:22,691 - gurobipy - INFO - Iteration    Objective       Primal Inf.    Dual Inf.      Time
2026-02-18 16:16:22,691 - gurobipy - INFO -        0    5.4131009e+03   0.000000e+00   0.000000e+00      6s
2026-02-18 16:16:22,692 - gurobipy - INFO -      267    6.8854624e+03   0.000000e+00   0.000000e+00      6s
2026-02-18 16:16:22,692 - gurobipy - INFO - 
2026-02-18 16:16:22,692 - gurobipy - INFO - Root relaxation: objective 6.885462e+03, 267 iterations, 0.00 seconds (0.00 work units)
2026-02-18 16:16:22,695 - gurobipy - INFO - 
2026-02-18 16:16:22,695 - gurobipy - INFO -     Nodes    |    Current Node    |     Objective Bounds      |     Work
2026-02-18 16:16:22,695 - gurobipy - INFO -  Expl Unexpl |  Obj  Depth IntInf | Incumbent    BestBd   Gap | It/Node Time
2026-02-18 16:16:22,695 - gurobipy - INFO - 
2026-02-18 16:16:22,695 - gurobipy - INFO -      0     0 6885.46236    0 2394 7675.67299 6885.46236  10.3%     -    6s
2026-02-18 16:16:22,804 - gurobipy - INFO - H    0     0                    7668.3721417 6885.46236  10.2%     -    6s
2026-02-18 16:16:23,212 - gurobipy - INFO - H    0     0                    7668.0450107 6885.46236  10.2%     -    6s
2026-02-18 16:16:23,248 - gurobipy - INFO -      0     0 6886.00259    0 2394 7668.04501 6886.00259  10.2%     -    6s
2026-02-18 16:16:24,038 - gurobipy - INFO -      0     2 6886.00259    0 2394 7668.04501 6886.00259  10.2%     -    7s
2026-02-18 16:16:26,477 - gurobipy - INFO -     95   128 6894.25614    7 2387 7668.04501 6886.00259  10.2%   2.0   10s
2026-02-18 16:16:31,332 - gurobipy - INFO -   8044  8439 6913.53392  214 2175 7668.04501 6886.76890  10.2%   2.1   15s
2026-02-18 16:16:36,576 - gurobipy - INFO -  13409 13445 6934.72652  374 2012 7668.04501 6886.76890  10.2%   2.1   20s
2026-02-18 16:16:38,801 - gurobipy - INFO - H14964 14965                    7668.0450097 6886.76890  10.2%   2.1   22s
2026-02-18 16:16:41,634 - gurobipy - INFO -  14965 14966 7021.27522  470 2394 7668.04501 7660.58015  0.10%   2.1   25s
2026-02-18 16:16:41,636 - gurobipy - INFO - 
2026-02-18 16:16:41,636 - gurobipy - INFO - Explored 14965 nodes (31344 simplex iterations) in 25.36 seconds (1.85 work units)
2026-02-18 16:16:41,636 - gurobipy - INFO - Thread count was 32 (of 64 available processors)
2026-02-18 16:16:41,636 - gurobipy - INFO - 
2026-02-18 16:16:41,636 - gurobipy - INFO - Solution count 8: 7668.05 7668.05 7668.05 ... 8184.84
2026-02-18 16:16:41,636 - gurobipy - INFO - 
2026-02-18 16:16:41,636 - gurobipy - INFO - Optimal solution found (tolerance 5.00e-02)
2026-02-18 16:16:41,637 - gurobipy - INFO - Best objective 7.668045009496e+03, best bound 7.660580151161e+03, gap 0.0974%
2026-02-18 16:16:41,669 - root - INFO - Global IQP solved: status=2, gap=0.10%, time=25.4s
/ix1/alee/LO_LAB/Personal/Alexander_Chang/alc376/CITEgeist/CITEgeist/model/gurobi_impl.py:3735: RuntimeWarning: invalid value encountered in scalar divide
  constraint_slack=constraint_slack,
2026-02-18 16:16:41,772 - root - INFO -   Loss: 198.9443 (change: nan)
2026-02-18 16:16:41,772 - root - INFO -   Beta range: [0.100, 0.282]
2026-02-18 16:16:41,772 - root - INFO -   Max beta change: 0.900000
2026-02-18 16:16:41,772 - root - INFO -   Cell count range: [0, 17]
2026-02-18 16:16:41,772 - root - INFO -     B-cells: 464 cells (9.5%)
2026-02-18 16:16:41,773 - root - INFO -     CAFs: 782 cells (16.0%)
2026-02-18 16:16:41,773 - root - INFO -     Cancer Epithelial: 850 cells (17.4%)
2026-02-18 16:16:41,773 - root - INFO -     Endothelial: 453 cells (9.3%)
2026-02-18 16:16:41,773 - root - INFO -     Myeloid: 514 cells (10.5%)
2026-02-18 16:16:41,773 - root - INFO -     Normal Epithelial: 393 cells (8.0%)
2026-02-18 16:16:41,773 - root - INFO -     PVL: 416 cells (8.5%)
2026-02-18 16:16:41,773 - root - INFO -     Plasmablasts: 500 cells (10.2%)
2026-02-18 16:16:41,773 - root - INFO -     T-cells: 525 cells (10.7%)
2026-02-18 16:16:41,773 - root - INFO - 
=== EM Iteration 2/10 ===
2026-02-18 16:16:41,773 - root - INFO - Global IQP: 956 spots x 9 cell types = 8604 integer variables
2026-02-18 16:16:41,773 - root - INFO - Time limit: 600.0s, MIP gap: 5.0%
2026-02-18 16:16:41,773 - gurobipy - INFO - Set parameter TimeLimit to value 600
2026-02-18 16:16:41,773 - gurobipy - INFO - Set parameter MIPGap to value 0.05
2026-02-18 16:16:43,576 - root - INFO - Starting global IQP optimization...
2026-02-18 16:16:43,577 - gurobipy - INFO - Gurobi Optimizer version 11.0.2 build v11.0.2rc0 (linux64 - "Red Hat Enterprise Linux 9.6 (Plow)")
2026-02-18 16:16:43,577 - gurobipy - INFO - 
2026-02-18 16:16:43,577 - gurobipy - INFO - CPU model: Intel(R) Xeon(R) Platinum 8352Y CPU @ 2.20GHz, instruction set [SSE2|AVX|AVX2|AVX512]
2026-02-18 16:16:43,577 - gurobipy - INFO - Thread count: 64 physical cores, 64 logical processors, using up to 32 threads
2026-02-18 16:16:43,577 - gurobipy - INFO - 
2026-02-18 16:16:43,577 - gurobipy - INFO - Optimize a model with 932 rows, 8604 columns and 8388 nonzeros
2026-02-18 16:16:43,578 - gurobipy - INFO - Model fingerprint: 0x48f7a779
2026-02-18 16:16:43,578 - gurobipy - INFO - Model has 8604 quadratic objective terms
2026-02-18 16:16:43,578 - gurobipy - INFO - Variable types: 0 continuous, 8604 integer (0 binary)
2026-02-18 16:16:43,578 - gurobipy - INFO - Coefficient statistics:
2026-02-18 16:16:43,578 - gurobipy - INFO -   Matrix range     [1e+00, 1e+00]
2026-02-18 16:16:43,578 - gurobipy - INFO -   Objective range  [2e-09, 1e+00]
2026-02-18 16:16:43,578 - gurobipy - INFO -   QObjective range [4e-02, 3e-01]
2026-02-18 16:16:43,578 - gurobipy - INFO -   Bounds range     [1e+00, 2e+01]
2026-02-18 16:16:43,578 - gurobipy - INFO -   RHS range        [1e+00, 2e+01]
2026-02-18 16:16:43,578 - gurobipy - INFO - 
2026-02-18 16:16:43,578 - gurobipy - INFO - Loaded user MIP start with objective 198.944
2026-02-18 16:16:43,578 - gurobipy - INFO - 
2026-02-18 16:16:48,117 - gurobipy - INFO - Presolve removed 931 rows and 8595 columns
2026-02-18 16:16:48,117 - gurobipy - INFO - Presolve time: 4.54s
2026-02-18 16:16:48,117 - gurobipy - INFO - Presolved: 1 rows, 9 columns, 9 nonzeros
2026-02-18 16:16:48,117 - gurobipy - INFO - Presolved model has 9 quadratic objective terms
2026-02-18 16:16:48,118 - gurobipy - INFO - Found heuristic solution: objective 82.8120240
2026-02-18 16:16:48,118 - gurobipy - INFO - Variable types: 0 continuous, 9 integer (0 binary)
2026-02-18 16:16:48,118 - gurobipy - INFO - 
2026-02-18 16:16:48,118 - gurobipy - INFO - Explored 0 nodes (0 simplex iterations) in 4.54 seconds (0.12 work units)
2026-02-18 16:16:48,118 - gurobipy - INFO - Thread count was 32 (of 64 available processors)
2026-02-18 16:16:48,118 - gurobipy - INFO - 
2026-02-18 16:16:48,118 - gurobipy - INFO - Solution count 2: 82.812 198.944 
2026-02-18 16:16:48,118 - gurobipy - INFO - 
2026-02-18 16:16:48,118 - gurobipy - INFO - Optimal solution found (tolerance 5.00e-02)
2026-02-18 16:16:48,118 - gurobipy - INFO - Best objective 8.281202395796e+01, best bound 8.257008409573e+01, gap 0.2922%
2026-02-18 16:16:48,144 - root - INFO - Global IQP solved: status=2, gap=0.29%, time=4.5s
2026-02-18 16:16:48,207 - root - INFO -   Loss: 81.0212 (change: 0.592744)
2026-02-18 16:16:48,207 - root - INFO -   Beta range: [0.100, 0.264]
2026-02-18 16:16:48,207 - root - INFO -   Max beta change: 0.018530
2026-02-18 16:16:48,207 - root - INFO -   Cell count range: [0, 17]
2026-02-18 16:16:48,207 - root - INFO -     B-cells: 532 cells (10.9%)
2026-02-18 16:16:48,208 - root - INFO -     CAFs: 777 cells (15.9%)
2026-02-18 16:16:48,208 - root - INFO -     Cancer Epithelial: 840 cells (17.2%)
2026-02-18 16:16:48,208 - root - INFO -     Endothelial: 427 cells (8.7%)
2026-02-18 16:16:48,208 - root - INFO -     Myeloid: 510 cells (10.4%)
2026-02-18 16:16:48,208 - root - INFO -     Normal Epithelial: 384 cells (7.8%)
2026-02-18 16:16:48,208 - root - INFO -     PVL: 386 cells (7.9%)
2026-02-18 16:16:48,208 - root - INFO -     Plasmablasts: 528 cells (10.8%)
2026-02-18 16:16:48,208 - root - INFO -     T-cells: 513 cells (10.5%)
2026-02-18 16:16:48,208 - root - INFO - 
=== EM Iteration 3/10 ===
2026-02-18 16:16:48,208 - root - INFO - Global IQP: 956 spots x 9 cell types = 8604 integer variables
2026-02-18 16:16:48,208 - root - INFO - Time limit: 600.0s, MIP gap: 5.0%
2026-02-18 16:16:48,208 - gurobipy - INFO - Set parameter TimeLimit to value 600
2026-02-18 16:16:48,208 - gurobipy - INFO - Set parameter MIPGap to value 0.05
2026-02-18 16:16:50,183 - root - INFO - Starting global IQP optimization...
2026-02-18 16:16:50,183 - gurobipy - INFO - Gurobi Optimizer version 11.0.2 build v11.0.2rc0 (linux64 - "Red Hat Enterprise Linux 9.6 (Plow)")
2026-02-18 16:16:50,183 - gurobipy - INFO - 
2026-02-18 16:16:50,183 - gurobipy - INFO - CPU model: Intel(R) Xeon(R) Platinum 8352Y CPU @ 2.20GHz, instruction set [SSE2|AVX|AVX2|AVX512]
2026-02-18 16:16:50,183 - gurobipy - INFO - Thread count: 64 physical cores, 64 logical processors, using up to 32 threads
2026-02-18 16:16:50,183 - gurobipy - INFO - 
2026-02-18 16:16:50,184 - gurobipy - INFO - Optimize a model with 932 rows, 8604 columns and 8388 nonzeros
2026-02-18 16:16:50,184 - gurobipy - INFO - Model fingerprint: 0x6545c798
2026-02-18 16:16:50,184 - gurobipy - INFO - Model has 8604 quadratic objective terms
2026-02-18 16:16:50,184 - gurobipy - INFO - Variable types: 0 continuous, 8604 integer (0 binary)
2026-02-18 16:16:50,184 - gurobipy - INFO - Coefficient statistics:
2026-02-18 16:16:50,184 - gurobipy - INFO -   Matrix range     [1e+00, 1e+00]
2026-02-18 16:16:50,184 - gurobipy - INFO -   Objective range  [2e-09, 9e-01]
2026-02-18 16:16:50,184 - gurobipy - INFO -   QObjective range [4e-02, 2e-01]
2026-02-18 16:16:50,184 - gurobipy - INFO -   Bounds range     [1e+00, 2e+01]
2026-02-18 16:16:50,184 - gurobipy - INFO -   RHS range        [1e+00, 2e+01]
2026-02-18 16:16:50,184 - gurobipy - INFO - 
2026-02-18 16:16:50,185 - gurobipy - INFO - Loaded user MIP start with objective 81.0212
2026-02-18 16:16:50,185 - gurobipy - INFO - 
2026-02-18 16:16:54,873 - gurobipy - INFO - Presolve removed 931 rows and 8595 columns
2026-02-18 16:16:54,873 - gurobipy - INFO - Presolve time: 4.69s
2026-02-18 16:16:54,873 - gurobipy - INFO - Presolved: 1 rows, 9 columns, 9 nonzeros
2026-02-18 16:16:54,873 - gurobipy - INFO - Presolved model has 9 quadratic objective terms
2026-02-18 16:16:54,874 - gurobipy - INFO - Found heuristic solution: objective 79.9637703
2026-02-18 16:16:54,874 - gurobipy - INFO - Variable types: 0 continuous, 9 integer (0 binary)
2026-02-18 16:16:54,874 - gurobipy - INFO - 
2026-02-18 16:16:54,874 - gurobipy - INFO - Explored 0 nodes (0 simplex iterations) in 4.69 seconds (0.12 work units)
2026-02-18 16:16:54,874 - gurobipy - INFO - Thread count was 32 (of 64 available processors)
2026-02-18 16:16:54,874 - gurobipy - INFO - 
2026-02-18 16:16:54,874 - gurobipy - INFO - Solution count 2: 79.9638 81.0212 
2026-02-18 16:16:54,874 - gurobipy - INFO - 
2026-02-18 16:16:54,874 - gurobipy - INFO - Optimal solution found (tolerance 5.00e-02)
2026-02-18 16:16:54,874 - gurobipy - INFO - Best objective 7.996377033360e+01, best bound 7.973076851096e+01, gap 0.2914%
2026-02-18 16:16:54,900 - root - INFO - Global IQP solved: status=2, gap=0.29%, time=4.7s
2026-02-18 16:16:54,963 - root - INFO -   Loss: 79.1895 (change: 0.022608)
2026-02-18 16:16:54,963 - root - INFO -   Beta range: [0.100, 0.250]
2026-02-18 16:16:54,963 - root - INFO -   Max beta change: 0.013952
2026-02-18 16:16:54,963 - root - INFO -   Cell count range: [0, 17]
2026-02-18 16:16:54,963 - root - INFO -     B-cells: 557 cells (11.4%)
2026-02-18 16:16:54,963 - root - INFO -     CAFs: 812 cells (16.6%)
2026-02-18 16:16:54,963 - root - INFO -     Cancer Epithelial: 893 cells (18.2%)
2026-02-18 16:16:54,963 - root - INFO -     Endothelial: 386 cells (7.9%)
2026-02-18 16:16:54,963 - root - INFO -     Myeloid: 535 cells (10.9%)
2026-02-18 16:16:54,963 - root - INFO -     Normal Epithelial: 350 cells (7.1%)
2026-02-18 16:16:54,963 - root - INFO -     PVL: 355 cells (7.2%)
2026-02-18 16:16:54,963 - root - INFO -     Plasmablasts: 484 cells (9.9%)
2026-02-18 16:16:54,964 - root - INFO -     T-cells: 525 cells (10.7%)
2026-02-18 16:16:54,964 - root - INFO - 
=== EM Iteration 4/10 ===
2026-02-18 16:16:54,964 - root - INFO - Global IQP: 956 spots x 9 cell types = 8604 integer variables
2026-02-18 16:16:54,964 - root - INFO - Time limit: 600.0s, MIP gap: 5.0%
2026-02-18 16:16:54,964 - gurobipy - INFO - Set parameter TimeLimit to value 600
2026-02-18 16:16:54,964 - gurobipy - INFO - Set parameter MIPGap to value 0.05
2026-02-18 16:16:57,168 - root - INFO - Starting global IQP optimization...
2026-02-18 16:16:57,169 - gurobipy - INFO - Gurobi Optimizer version 11.0.2 build v11.0.2rc0 (linux64 - "Red Hat Enterprise Linux 9.6 (Plow)")
2026-02-18 16:16:57,169 - gurobipy - INFO - 
2026-02-18 16:16:57,169 - gurobipy - INFO - CPU model: Intel(R) Xeon(R) Platinum 8352Y CPU @ 2.20GHz, instruction set [SSE2|AVX|AVX2|AVX512]
2026-02-18 16:16:57,169 - gurobipy - INFO - Thread count: 64 physical cores, 64 logical processors, using up to 32 threads
2026-02-18 16:16:57,169 - gurobipy - INFO - 
2026-02-18 16:16:57,169 - gurobipy - INFO - Optimize a model with 932 rows, 8604 columns and 8388 nonzeros
2026-02-18 16:16:57,169 - gurobipy - INFO - Model fingerprint: 0x74bc618e
2026-02-18 16:16:57,169 - gurobipy - INFO - Model has 8604 quadratic objective terms
2026-02-18 16:16:57,169 - gurobipy - INFO - Variable types: 0 continuous, 8604 integer (0 binary)
2026-02-18 16:16:57,170 - gurobipy - INFO - Coefficient statistics:
2026-02-18 16:16:57,170 - gurobipy - INFO -   Matrix range     [1e+00, 1e+00]
2026-02-18 16:16:57,170 - gurobipy - INFO -   Objective range  [2e-09, 9e-01]
2026-02-18 16:16:57,170 - gurobipy - INFO -   QObjective range [4e-02, 2e-01]
2026-02-18 16:16:57,170 - gurobipy - INFO -   Bounds range     [1e+00, 2e+01]
2026-02-18 16:16:57,170 - gurobipy - INFO -   RHS range        [1e+00, 2e+01]
2026-02-18 16:16:57,170 - gurobipy - INFO - 
2026-02-18 16:16:57,170 - gurobipy - INFO - Loaded user MIP start with objective 79.1895
2026-02-18 16:16:57,170 - gurobipy - INFO - 
2026-02-18 16:17:01,568 - gurobipy - INFO - Presolve removed 931 rows and 8595 columns
2026-02-18 16:17:01,568 - gurobipy - INFO - Presolve time: 4.40s
2026-02-18 16:17:01,568 - gurobipy - INFO - Presolved: 1 rows, 9 columns, 9 nonzeros
2026-02-18 16:17:01,568 - gurobipy - INFO - Presolved model has 9 quadratic objective terms
2026-02-18 16:17:01,568 - gurobipy - INFO - Found heuristic solution: objective 78.3348813
2026-02-18 16:17:01,569 - gurobipy - INFO - Variable types: 0 continuous, 9 integer (0 binary)
2026-02-18 16:17:01,569 - gurobipy - INFO - 
2026-02-18 16:17:01,569 - gurobipy - INFO - Explored 0 nodes (0 simplex iterations) in 4.40 seconds (0.12 work units)
2026-02-18 16:17:01,569 - gurobipy - INFO - Thread count was 32 (of 64 available processors)
2026-02-18 16:17:01,569 - gurobipy - INFO - 
2026-02-18 16:17:01,569 - gurobipy - INFO - Solution count 2: 78.3349 79.1895 
2026-02-18 16:17:01,569 - gurobipy - INFO - 
2026-02-18 16:17:01,569 - gurobipy - INFO - Optimal solution found (tolerance 5.00e-02)
2026-02-18 16:17:01,569 - gurobipy - INFO - Best objective 7.833488132732e+01, best bound 7.810590012371e+01, gap 0.2923%
2026-02-18 16:17:01,595 - root - INFO - Global IQP solved: status=2, gap=0.29%, time=4.4s
2026-02-18 16:17:01,658 - root - INFO -   Loss: 77.4534 (change: 0.021923)
2026-02-18 16:17:01,658 - root - INFO -   Beta range: [0.100, 0.236]
2026-02-18 16:17:01,658 - root - INFO -   Max beta change: 0.014106
2026-02-18 16:17:01,658 - root - INFO -   Cell count range: [0, 17]
2026-02-18 16:17:01,658 - root - INFO -     B-cells: 543 cells (11.1%)
2026-02-18 16:17:01,658 - root - INFO -     CAFs: 854 cells (17.4%)
2026-02-18 16:17:01,658 - root - INFO -     Cancer Epithelial: 947 cells (19.3%)
2026-02-18 16:17:01,658 - root - INFO -     Endothelial: 357 cells (7.3%)
2026-02-18 16:17:01,658 - root - INFO -     Myeloid: 542 cells (11.1%)
2026-02-18 16:17:01,658 - root - INFO -     Normal Epithelial: 326 cells (6.7%)
2026-02-18 16:17:01,658 - root - INFO -     PVL: 333 cells (6.8%)
2026-02-18 16:17:01,658 - root - INFO -     Plasmablasts: 455 cells (9.3%)
2026-02-18 16:17:01,658 - root - INFO -     T-cells: 540 cells (11.0%)
2026-02-18 16:17:01,658 - root - INFO - 
=== EM Iteration 5/10 ===
2026-02-18 16:17:01,658 - root - INFO - Global IQP: 956 spots x 9 cell types = 8604 integer variables
2026-02-18 16:17:01,658 - root - INFO - Time limit: 600.0s, MIP gap: 5.0%
2026-02-18 16:17:01,659 - gurobipy - INFO - Set parameter TimeLimit to value 600
2026-02-18 16:17:01,659 - gurobipy - INFO - Set parameter MIPGap to value 0.05
2026-02-18 16:17:03,439 - root - INFO - Starting global IQP optimization...
2026-02-18 16:17:03,440 - gurobipy - INFO - Gurobi Optimizer version 11.0.2 build v11.0.2rc0 (linux64 - "Red Hat Enterprise Linux 9.6 (Plow)")
2026-02-18 16:17:03,440 - gurobipy - INFO - 
2026-02-18 16:17:03,440 - gurobipy - INFO - CPU model: Intel(R) Xeon(R) Platinum 8352Y CPU @ 2.20GHz, instruction set [SSE2|AVX|AVX2|AVX512]
2026-02-18 16:17:03,440 - gurobipy - INFO - Thread count: 64 physical cores, 64 logical processors, using up to 32 threads
2026-02-18 16:17:03,440 - gurobipy - INFO - 
2026-02-18 16:17:03,440 - gurobipy - INFO - Optimize a model with 932 rows, 8604 columns and 8388 nonzeros
2026-02-18 16:17:03,441 - gurobipy - INFO - Model fingerprint: 0x4f8c866e
2026-02-18 16:17:03,441 - gurobipy - INFO - Model has 8604 quadratic objective terms
2026-02-18 16:17:03,441 - gurobipy - INFO - Variable types: 0 continuous, 8604 integer (0 binary)
2026-02-18 16:17:03,441 - gurobipy - INFO - Coefficient statistics:
2026-02-18 16:17:03,441 - gurobipy - INFO -   Matrix range     [1e+00, 1e+00]
2026-02-18 16:17:03,441 - gurobipy - INFO -   Objective range  [2e-09, 8e-01]
2026-02-18 16:17:03,441 - gurobipy - INFO -   QObjective range [4e-02, 2e-01]
2026-02-18 16:17:03,441 - gurobipy - INFO -   Bounds range     [1e+00, 2e+01]
2026-02-18 16:17:03,441 - gurobipy - INFO -   RHS range        [1e+00, 2e+01]
2026-02-18 16:17:03,441 - gurobipy - INFO - 
2026-02-18 16:17:03,442 - gurobipy - INFO - Loaded user MIP start with objective 77.4534
2026-02-18 16:17:03,442 - gurobipy - INFO - 
2026-02-18 16:17:07,659 - gurobipy - INFO - Presolve removed 931 rows and 8595 columns
2026-02-18 16:17:07,659 - gurobipy - INFO - Presolve time: 4.22s
2026-02-18 16:17:07,659 - gurobipy - INFO - Presolved: 1 rows, 9 columns, 9 nonzeros
2026-02-18 16:17:07,659 - gurobipy - INFO - Presolved model has 9 quadratic objective terms
2026-02-18 16:17:07,659 - gurobipy - INFO - Found heuristic solution: objective 76.8750108
2026-02-18 16:17:07,659 - gurobipy - INFO - Variable types: 0 continuous, 9 integer (0 binary)
2026-02-18 16:17:07,660 - gurobipy - INFO - 
2026-02-18 16:17:07,660 - gurobipy - INFO - Explored 0 nodes (0 simplex iterations) in 4.22 seconds (0.11 work units)
2026-02-18 16:17:07,660 - gurobipy - INFO - Thread count was 32 (of 64 available processors)
2026-02-18 16:17:07,660 - gurobipy - INFO - 
2026-02-18 16:17:07,660 - gurobipy - INFO - Solution count 2: 76.875 77.4534 
2026-02-18 16:17:07,660 - gurobipy - INFO - 
2026-02-18 16:17:07,660 - gurobipy - INFO - Optimal solution found (tolerance 5.00e-02)
2026-02-18 16:17:07,660 - gurobipy - INFO - Best objective 7.687501079113e+01, best bound 7.665001149674e+01, gap 0.2927%
2026-02-18 16:17:07,686 - root - INFO - Global IQP solved: status=2, gap=0.29%, time=4.2s
2026-02-18 16:17:07,749 - root - INFO -   Loss: 76.4316 (change: 0.013192)
2026-02-18 16:17:07,749 - root - INFO -   Beta range: [0.100, 0.228]
2026-02-18 16:17:07,749 - root - INFO -   Max beta change: 0.008598
2026-02-18 16:17:07,749 - root - INFO -   Cell count range: [0, 17]
2026-02-18 16:17:07,749 - root - INFO -     B-cells: 529 cells (10.8%)
2026-02-18 16:17:07,749 - root - INFO -     CAFs: 892 cells (18.2%)
2026-02-18 16:17:07,750 - root - INFO -     Cancer Epithelial: 984 cells (20.1%)
2026-02-18 16:17:07,750 - root - INFO -     Endothelial: 342 cells (7.0%)
2026-02-18 16:17:07,750 - root - INFO -     Myeloid: 545 cells (11.1%)
2026-02-18 16:17:07,750 - root - INFO -     Normal Epithelial: 309 cells (6.3%)
2026-02-18 16:17:07,750 - root - INFO -     PVL: 319 cells (6.5%)
2026-02-18 16:17:07,750 - root - INFO -     Plasmablasts: 431 cells (8.8%)
2026-02-18 16:17:07,750 - root - INFO -     T-cells: 546 cells (11.1%)
2026-02-18 16:17:07,750 - root - INFO - 
=== EM Iteration 6/10 ===
2026-02-18 16:17:07,750 - root - INFO - Global IQP: 956 spots x 9 cell types = 8604 integer variables
2026-02-18 16:17:07,750 - root - INFO - Time limit: 600.0s, MIP gap: 5.0%
2026-02-18 16:17:07,750 - gurobipy - INFO - Set parameter TimeLimit to value 600
2026-02-18 16:17:07,750 - gurobipy - INFO - Set parameter MIPGap to value 0.05
2026-02-18 16:17:09,693 - root - INFO - Starting global IQP optimization...
2026-02-18 16:17:09,694 - gurobipy - INFO - Gurobi Optimizer version 11.0.2 build v11.0.2rc0 (linux64 - "Red Hat Enterprise Linux 9.6 (Plow)")
2026-02-18 16:17:09,694 - gurobipy - INFO - 
2026-02-18 16:17:09,694 - gurobipy - INFO - CPU model: Intel(R) Xeon(R) Platinum 8352Y CPU @ 2.20GHz, instruction set [SSE2|AVX|AVX2|AVX512]
2026-02-18 16:17:09,694 - gurobipy - INFO - Thread count: 64 physical cores, 64 logical processors, using up to 32 threads
2026-02-18 16:17:09,694 - gurobipy - INFO - 
2026-02-18 16:17:09,694 - gurobipy - INFO - Optimize a model with 932 rows, 8604 columns and 8388 nonzeros
2026-02-18 16:17:09,695 - gurobipy - INFO - Model fingerprint: 0x0051906b
2026-02-18 16:17:09,695 - gurobipy - INFO - Model has 8604 quadratic objective terms
2026-02-18 16:17:09,695 - gurobipy - INFO - Variable types: 0 continuous, 8604 integer (0 binary)
2026-02-18 16:17:09,695 - gurobipy - INFO - Coefficient statistics:
2026-02-18 16:17:09,695 - gurobipy - INFO -   Matrix range     [1e+00, 1e+00]
2026-02-18 16:17:09,695 - gurobipy - INFO -   Objective range  [2e-09, 8e-01]
2026-02-18 16:17:09,695 - gurobipy - INFO -   QObjective range [4e-02, 2e-01]
2026-02-18 16:17:09,695 - gurobipy - INFO -   Bounds range     [1e+00, 2e+01]
2026-02-18 16:17:09,695 - gurobipy - INFO -   RHS range        [1e+00, 2e+01]
2026-02-18 16:17:09,695 - gurobipy - INFO - 
2026-02-18 16:17:09,695 - gurobipy - INFO - Loaded user MIP start with objective 76.4316
2026-02-18 16:17:09,695 - gurobipy - INFO - 
2026-02-18 16:17:13,863 - gurobipy - INFO - Presolve removed 931 rows and 8595 columns
2026-02-18 16:17:13,863 - gurobipy - INFO - Presolve time: 4.17s
2026-02-18 16:17:13,863 - gurobipy - INFO - Presolved: 1 rows, 9 columns, 9 nonzeros
2026-02-18 16:17:13,863 - gurobipy - INFO - Presolved model has 9 quadratic objective terms
2026-02-18 16:17:13,864 - gurobipy - INFO - Found heuristic solution: objective 76.2279248
2026-02-18 16:17:13,864 - gurobipy - INFO - Variable types: 0 continuous, 9 integer (0 binary)
2026-02-18 16:17:13,864 - gurobipy - INFO - 
2026-02-18 16:17:13,864 - gurobipy - INFO - Explored 0 nodes (0 simplex iterations) in 4.17 seconds (0.11 work units)
2026-02-18 16:17:13,864 - gurobipy - INFO - Thread count was 32 (of 64 available processors)
2026-02-18 16:17:13,864 - gurobipy - INFO - 
2026-02-18 16:17:13,864 - gurobipy - INFO - Solution count 2: 76.2279 76.4316 
2026-02-18 16:17:13,864 - gurobipy - INFO - 
2026-02-18 16:17:13,864 - gurobipy - INFO - Optimal solution found (tolerance 5.00e-02)
2026-02-18 16:17:13,864 - gurobipy - INFO - Best objective 7.622792478570e+01, best bound 7.600553758174e+01, gap 0.2917%
2026-02-18 16:17:13,890 - root - INFO - Global IQP solved: status=2, gap=0.29%, time=4.2s
2026-02-18 16:17:13,952 - root - INFO -   Loss: 75.8296 (change: 0.007877)
2026-02-18 16:17:13,952 - root - INFO -   Beta range: [0.100, 0.221]
2026-02-18 16:17:13,953 - root - INFO -   Max beta change: 0.009107
2026-02-18 16:17:13,953 - root - INFO -   Cell count range: [0, 17]
2026-02-18 16:17:13,953 - root - INFO -     B-cells: 519 cells (10.6%)
2026-02-18 16:17:13,953 - root - INFO -     CAFs: 916 cells (18.7%)
2026-02-18 16:17:13,953 - root - INFO -     Cancer Epithelial: 1006 cells (20.5%)
2026-02-18 16:17:13,953 - root - INFO -     Endothelial: 328 cells (6.7%)
2026-02-18 16:17:13,953 - root - INFO -     Myeloid: 544 cells (11.1%)
2026-02-18 16:17:13,953 - root - INFO -     Normal Epithelial: 300 cells (6.1%)
2026-02-18 16:17:13,953 - root - INFO -     PVL: 311 cells (6.4%)
2026-02-18 16:17:13,953 - root - INFO -     Plasmablasts: 426 cells (8.7%)
2026-02-18 16:17:13,953 - root - INFO -     T-cells: 547 cells (11.2%)
2026-02-18 16:17:13,953 - root - INFO - 
=== EM Iteration 7/10 ===
2026-02-18 16:17:13,953 - root - INFO - Global IQP: 956 spots x 9 cell types = 8604 integer variables
2026-02-18 16:17:13,953 - root - INFO - Time limit: 600.0s, MIP gap: 5.0%
2026-02-18 16:17:13,953 - gurobipy - INFO - Set parameter TimeLimit to value 600
2026-02-18 16:17:13,953 - gurobipy - INFO - Set parameter MIPGap to value 0.05
2026-02-18 16:17:15,906 - root - INFO - Starting global IQP optimization...
2026-02-18 16:17:15,907 - gurobipy - INFO - Gurobi Optimizer version 11.0.2 build v11.0.2rc0 (linux64 - "Red Hat Enterprise Linux 9.6 (Plow)")
2026-02-18 16:17:15,907 - gurobipy - INFO - 
2026-02-18 16:17:15,907 - gurobipy - INFO - CPU model: Intel(R) Xeon(R) Platinum 8352Y CPU @ 2.20GHz, instruction set [SSE2|AVX|AVX2|AVX512]
2026-02-18 16:17:15,907 - gurobipy - INFO - Thread count: 64 physical cores, 64 logical processors, using up to 32 threads
2026-02-18 16:17:15,907 - gurobipy - INFO - 
2026-02-18 16:17:15,907 - gurobipy - INFO - Optimize a model with 932 rows, 8604 columns and 8388 nonzeros
2026-02-18 16:17:15,908 - gurobipy - INFO - Model fingerprint: 0x5ca9dbdb
2026-02-18 16:17:15,908 - gurobipy - INFO - Model has 8604 quadratic objective terms
2026-02-18 16:17:15,908 - gurobipy - INFO - Variable types: 0 continuous, 8604 integer (0 binary)
2026-02-18 16:17:15,908 - gurobipy - INFO - Coefficient statistics:
2026-02-18 16:17:15,908 - gurobipy - INFO -   Matrix range     [1e+00, 1e+00]
2026-02-18 16:17:15,908 - gurobipy - INFO -   Objective range  [2e-09, 7e-01]
2026-02-18 16:17:15,908 - gurobipy - INFO -   QObjective range [4e-02, 2e-01]
2026-02-18 16:17:15,908 - gurobipy - INFO -   Bounds range     [1e+00, 2e+01]
2026-02-18 16:17:15,908 - gurobipy - INFO -   RHS range        [1e+00, 2e+01]
2026-02-18 16:17:15,908 - gurobipy - INFO - 
2026-02-18 16:17:15,908 - gurobipy - INFO - Loaded user MIP start with objective 75.8296
2026-02-18 16:17:15,908 - gurobipy - INFO - 
2026-02-18 16:17:19,876 - gurobipy - INFO - Presolve removed 931 rows and 8595 columns
2026-02-18 16:17:19,876 - gurobipy - INFO - Presolve time: 3.97s
2026-02-18 16:17:19,876 - gurobipy - INFO - Presolved: 1 rows, 9 columns, 9 nonzeros
2026-02-18 16:17:19,876 - gurobipy - INFO - Presolved model has 9 quadratic objective terms
2026-02-18 16:17:19,877 - gurobipy - INFO - Found heuristic solution: objective 75.6085857
2026-02-18 16:17:19,877 - gurobipy - INFO - Variable types: 0 continuous, 9 integer (0 binary)
2026-02-18 16:17:19,877 - gurobipy - INFO - 
2026-02-18 16:17:19,877 - gurobipy - INFO - Explored 0 nodes (0 simplex iterations) in 3.97 seconds (0.11 work units)
2026-02-18 16:17:19,877 - gurobipy - INFO - Thread count was 32 (of 64 available processors)
2026-02-18 16:17:19,877 - gurobipy - INFO - 
2026-02-18 16:17:19,877 - gurobipy - INFO - Solution count 2: 75.6086 75.8296 
2026-02-18 16:17:19,877 - gurobipy - INFO - 
2026-02-18 16:17:19,877 - gurobipy - INFO - Optimal solution found (tolerance 5.00e-02)
2026-02-18 16:17:19,877 - gurobipy - INFO - Best objective 7.560858571725e+01, best bound 7.538845497985e+01, gap 0.2911%
2026-02-18 16:17:19,903 - root - INFO - Global IQP solved: status=2, gap=0.29%, time=4.0s
2026-02-18 16:17:19,966 - root - INFO -   Loss: 75.3622 (change: 0.006164)
2026-02-18 16:17:19,966 - root - INFO -   Beta range: [0.100, 0.215]
2026-02-18 16:17:19,966 - root - INFO -   Max beta change: 0.007399
2026-02-18 16:17:19,966 - root - INFO -   Cell count range: [0, 17]
2026-02-18 16:17:19,966 - root - INFO -     B-cells: 505 cells (10.3%)
2026-02-18 16:17:19,966 - root - INFO -     CAFs: 939 cells (19.2%)
2026-02-18 16:17:19,966 - root - INFO -     Cancer Epithelial: 1033 cells (21.1%)
2026-02-18 16:17:19,966 - root - INFO -     Endothelial: 324 cells (6.6%)
2026-02-18 16:17:19,966 - root - INFO -     Myeloid: 540 cells (11.0%)
2026-02-18 16:17:19,967 - root - INFO -     Normal Epithelial: 292 cells (6.0%)
2026-02-18 16:17:19,967 - root - INFO -     PVL: 302 cells (6.2%)
2026-02-18 16:17:19,967 - root - INFO -     Plasmablasts: 417 cells (8.5%)
2026-02-18 16:17:19,967 - root - INFO -     T-cells: 545 cells (11.1%)
2026-02-18 16:17:19,967 - root - INFO - 
=== EM Iteration 8/10 ===
2026-02-18 16:17:19,967 - root - INFO - Global IQP: 956 spots x 9 cell types = 8604 integer variables
2026-02-18 16:17:19,967 - root - INFO - Time limit: 600.0s, MIP gap: 5.0%
2026-02-18 16:17:19,967 - gurobipy - INFO - Set parameter TimeLimit to value 600
2026-02-18 16:17:19,967 - gurobipy - INFO - Set parameter MIPGap to value 0.05
2026-02-18 16:17:21,912 - root - INFO - Starting global IQP optimization...
2026-02-18 16:17:21,913 - gurobipy - INFO - Gurobi Optimizer version 11.0.2 build v11.0.2rc0 (linux64 - "Red Hat Enterprise Linux 9.6 (Plow)")
2026-02-18 16:17:21,913 - gurobipy - INFO - 
2026-02-18 16:17:21,913 - gurobipy - INFO - CPU model: Intel(R) Xeon(R) Platinum 8352Y CPU @ 2.20GHz, instruction set [SSE2|AVX|AVX2|AVX512]
2026-02-18 16:17:21,913 - gurobipy - INFO - Thread count: 64 physical cores, 64 logical processors, using up to 32 threads
2026-02-18 16:17:21,913 - gurobipy - INFO - 
2026-02-18 16:17:21,913 - gurobipy - INFO - Optimize a model with 932 rows, 8604 columns and 8388 nonzeros
2026-02-18 16:17:21,913 - gurobipy - INFO - Model fingerprint: 0x49ec9535
2026-02-18 16:17:21,913 - gurobipy - INFO - Model has 8604 quadratic objective terms
2026-02-18 16:17:21,913 - gurobipy - INFO - Variable types: 0 continuous, 8604 integer (0 binary)
2026-02-18 16:17:21,914 - gurobipy - INFO - Coefficient statistics:
2026-02-18 16:17:21,914 - gurobipy - INFO -   Matrix range     [1e+00, 1e+00]
2026-02-18 16:17:21,914 - gurobipy - INFO -   Objective range  [2e-09, 7e-01]
2026-02-18 16:17:21,914 - gurobipy - INFO -   QObjective range [4e-02, 2e-01]
2026-02-18 16:17:21,914 - gurobipy - INFO -   Bounds range     [1e+00, 2e+01]
2026-02-18 16:17:21,914 - gurobipy - INFO -   RHS range        [1e+00, 2e+01]
2026-02-18 16:17:21,914 - gurobipy - INFO - 
2026-02-18 16:17:21,914 - gurobipy - INFO - Loaded user MIP start with objective 75.3622
2026-02-18 16:17:21,914 - gurobipy - INFO - 
2026-02-18 16:17:25,993 - gurobipy - INFO - Presolve removed 931 rows and 8595 columns
2026-02-18 16:17:25,993 - gurobipy - INFO - Presolve time: 4.08s
2026-02-18 16:17:25,993 - gurobipy - INFO - Presolved: 1 rows, 9 columns, 9 nonzeros
2026-02-18 16:17:25,993 - gurobipy - INFO - Presolved model has 9 quadratic objective terms
2026-02-18 16:17:25,994 - gurobipy - INFO - Found heuristic solution: objective 75.0468326
2026-02-18 16:17:25,994 - gurobipy - INFO - Variable types: 0 continuous, 9 integer (0 binary)
2026-02-18 16:17:25,994 - gurobipy - INFO - 
2026-02-18 16:17:25,994 - gurobipy - INFO - Explored 0 nodes (0 simplex iterations) in 4.08 seconds (0.11 work units)
2026-02-18 16:17:25,994 - gurobipy - INFO - Thread count was 32 (of 64 available processors)
2026-02-18 16:17:25,994 - gurobipy - INFO - 
2026-02-18 16:17:25,994 - gurobipy - INFO - Solution count 2: 75.0468 75.3622 
2026-02-18 16:17:25,994 - gurobipy - INFO - 
2026-02-18 16:17:25,994 - gurobipy - INFO - Optimal solution found (tolerance 5.00e-02)
2026-02-18 16:17:25,994 - gurobipy - INFO - Best objective 7.504683259583e+01, best bound 7.482898323650e+01, gap 0.2903%
2026-02-18 16:17:26,020 - root - INFO - Global IQP solved: status=2, gap=0.29%, time=4.1s
2026-02-18 16:17:26,081 - root - INFO -   Loss: 74.8243 (change: 0.007137)
2026-02-18 16:17:26,081 - root - INFO -   Beta range: [0.100, 0.207]
2026-02-18 16:17:26,081 - root - INFO -   Max beta change: 0.007519
2026-02-18 16:17:26,081 - root - INFO -   Cell count range: [0, 17]
2026-02-18 16:17:26,081 - root - INFO -     B-cells: 501 cells (10.2%)
2026-02-18 16:17:26,081 - root - INFO -     CAFs: 960 cells (19.6%)
2026-02-18 16:17:26,082 - root - INFO -     Cancer Epithelial: 1078 cells (22.0%)
2026-02-18 16:17:26,082 - root - INFO -     Endothelial: 315 cells (6.4%)
2026-02-18 16:17:26,082 - root - INFO -     Myeloid: 538 cells (11.0%)
2026-02-18 16:17:26,082 - root - INFO -     Normal Epithelial: 285 cells (5.8%)
2026-02-18 16:17:26,082 - root - INFO -     PVL: 293 cells (6.0%)
2026-02-18 16:17:26,082 - root - INFO -     Plasmablasts: 390 cells (8.0%)
2026-02-18 16:17:26,082 - root - INFO -     T-cells: 537 cells (11.0%)
2026-02-18 16:17:26,082 - root - INFO - 
=== EM Iteration 9/10 ===
2026-02-18 16:17:26,082 - root - INFO - Global IQP: 956 spots x 9 cell types = 8604 integer variables
2026-02-18 16:17:26,082 - root - INFO - Time limit: 600.0s, MIP gap: 5.0%
2026-02-18 16:17:26,082 - gurobipy - INFO - Set parameter TimeLimit to value 600
2026-02-18 16:17:26,082 - gurobipy - INFO - Set parameter MIPGap to value 0.05
2026-02-18 16:17:28,044 - root - INFO - Starting global IQP optimization...
2026-02-18 16:17:28,044 - gurobipy - INFO - Gurobi Optimizer version 11.0.2 build v11.0.2rc0 (linux64 - "Red Hat Enterprise Linux 9.6 (Plow)")
2026-02-18 16:17:28,045 - gurobipy - INFO - 
2026-02-18 16:17:28,045 - gurobipy - INFO - CPU model: Intel(R) Xeon(R) Platinum 8352Y CPU @ 2.20GHz, instruction set [SSE2|AVX|AVX2|AVX512]
2026-02-18 16:17:28,045 - gurobipy - INFO - Thread count: 64 physical cores, 64 logical processors, using up to 32 threads
2026-02-18 16:17:28,045 - gurobipy - INFO - 
2026-02-18 16:17:28,045 - gurobipy - INFO - Optimize a model with 932 rows, 8604 columns and 8388 nonzeros
2026-02-18 16:17:28,045 - gurobipy - INFO - Model fingerprint: 0x3cd28783
2026-02-18 16:17:28,045 - gurobipy - INFO - Model has 8604 quadratic objective terms
2026-02-18 16:17:28,045 - gurobipy - INFO - Variable types: 0 continuous, 8604 integer (0 binary)
2026-02-18 16:17:28,045 - gurobipy - INFO - Coefficient statistics:
2026-02-18 16:17:28,046 - gurobipy - INFO -   Matrix range     [1e+00, 1e+00]
2026-02-18 16:17:28,046 - gurobipy - INFO -   Objective range  [2e-09, 7e-01]
2026-02-18 16:17:28,046 - gurobipy - INFO -   QObjective range [4e-02, 1e-01]
2026-02-18 16:17:28,046 - gurobipy - INFO -   Bounds range     [1e+00, 2e+01]
2026-02-18 16:17:28,046 - gurobipy - INFO -   RHS range        [1e+00, 2e+01]
2026-02-18 16:17:28,046 - gurobipy - INFO - 
2026-02-18 16:17:28,046 - gurobipy - INFO - Loaded user MIP start with objective 74.8243
2026-02-18 16:17:28,046 - gurobipy - INFO - 
2026-02-18 16:17:32,877 - gurobipy - INFO - Presolve removed 931 rows and 8595 columns
2026-02-18 16:17:32,877 - gurobipy - INFO - Presolve time: 4.83s
2026-02-18 16:17:32,877 - gurobipy - INFO - Presolved: 1 rows, 9 columns, 9 nonzeros
2026-02-18 16:17:32,877 - gurobipy - INFO - Presolved model has 9 quadratic objective terms
2026-02-18 16:17:32,878 - gurobipy - INFO - Found heuristic solution: objective 74.5391763
2026-02-18 16:17:32,878 - gurobipy - INFO - Variable types: 0 continuous, 9 integer (0 binary)
2026-02-18 16:17:32,878 - gurobipy - INFO - 
2026-02-18 16:17:32,878 - gurobipy - INFO - Explored 0 nodes (0 simplex iterations) in 4.83 seconds (0.10 work units)
2026-02-18 16:17:32,878 - gurobipy - INFO - Thread count was 32 (of 64 available processors)
2026-02-18 16:17:32,878 - gurobipy - INFO - 
2026-02-18 16:17:32,878 - gurobipy - INFO - Solution count 2: 74.5392 74.8243 
2026-02-18 16:17:32,878 - gurobipy - INFO - 
2026-02-18 16:17:32,879 - gurobipy - INFO - Optimal solution found (tolerance 5.00e-02)
2026-02-18 16:17:32,879 - gurobipy - INFO - Best objective 7.453917628756e+01, best bound 7.432329148394e+01, gap 0.2896%
2026-02-18 16:17:32,905 - root - INFO - Global IQP solved: status=2, gap=0.29%, time=4.8s
2026-02-18 16:17:32,968 - root - INFO -   Loss: 74.4761 (change: 0.004653)
2026-02-18 16:17:32,968 - root - INFO -   Beta range: [0.100, 0.200]
2026-02-18 16:17:32,968 - root - INFO -   Max beta change: 0.006779
2026-02-18 16:17:32,968 - root - INFO -   Cell count range: [0, 17]
2026-02-18 16:17:32,968 - root - INFO -     B-cells: 492 cells (10.0%)
2026-02-18 16:17:32,968 - root - INFO -     CAFs: 983 cells (20.1%)
2026-02-18 16:17:32,968 - root - INFO -     Cancer Epithelial: 1123 cells (22.9%)
2026-02-18 16:17:32,968 - root - INFO -     Endothelial: 305 cells (6.2%)
2026-02-18 16:17:32,968 - root - INFO -     Myeloid: 538 cells (11.0%)
2026-02-18 16:17:32,968 - root - INFO -     Normal Epithelial: 278 cells (5.7%)
2026-02-18 16:17:32,968 - root - INFO -     PVL: 284 cells (5.8%)
2026-02-18 16:17:32,968 - root - INFO -     Plasmablasts: 362 cells (7.4%)
2026-02-18 16:17:32,968 - root - INFO -     T-cells: 532 cells (10.9%)
2026-02-18 16:17:32,968 - root - INFO - 
=== EM Iteration 10/10 ===
2026-02-18 16:17:32,968 - root - INFO - Global IQP: 956 spots x 9 cell types = 8604 integer variables
2026-02-18 16:17:32,968 - root - INFO - Time limit: 600.0s, MIP gap: 5.0%
2026-02-18 16:17:32,969 - gurobipy - INFO - Set parameter TimeLimit to value 600
2026-02-18 16:17:32,969 - gurobipy - INFO - Set parameter MIPGap to value 0.05
2026-02-18 16:17:34,924 - root - INFO - Starting global IQP optimization...
2026-02-18 16:17:34,924 - gurobipy - INFO - Gurobi Optimizer version 11.0.2 build v11.0.2rc0 (linux64 - "Red Hat Enterprise Linux 9.6 (Plow)")
2026-02-18 16:17:34,925 - gurobipy - INFO - 
2026-02-18 16:17:34,925 - gurobipy - INFO - CPU model: Intel(R) Xeon(R) Platinum 8352Y CPU @ 2.20GHz, instruction set [SSE2|AVX|AVX2|AVX512]
2026-02-18 16:17:34,925 - gurobipy - INFO - Thread count: 64 physical cores, 64 logical processors, using up to 32 threads
2026-02-18 16:17:34,925 - gurobipy - INFO - 
2026-02-18 16:17:34,925 - gurobipy - INFO - Optimize a model with 932 rows, 8604 columns and 8388 nonzeros
2026-02-18 16:17:34,925 - gurobipy - INFO - Model fingerprint: 0x6ea3f1bd
2026-02-18 16:17:34,925 - gurobipy - INFO - Model has 8604 quadratic objective terms
2026-02-18 16:17:34,925 - gurobipy - INFO - Variable types: 0 continuous, 8604 integer (0 binary)
2026-02-18 16:17:34,926 - gurobipy - INFO - Coefficient statistics:
2026-02-18 16:17:34,926 - gurobipy - INFO -   Matrix range     [1e+00, 1e+00]
2026-02-18 16:17:34,926 - gurobipy - INFO -   Objective range  [2e-09, 7e-01]
2026-02-18 16:17:34,926 - gurobipy - INFO -   QObjective range [4e-02, 1e-01]
2026-02-18 16:17:34,926 - gurobipy - INFO -   Bounds range     [1e+00, 2e+01]
2026-02-18 16:17:34,926 - gurobipy - INFO -   RHS range        [1e+00, 2e+01]
2026-02-18 16:17:34,926 - gurobipy - INFO - 
2026-02-18 16:17:34,926 - gurobipy - INFO - Loaded user MIP start with objective 74.4761
2026-02-18 16:17:34,926 - gurobipy - INFO - 
2026-02-18 16:17:38,780 - gurobipy - INFO - Presolve removed 931 rows and 8595 columns
2026-02-18 16:17:38,780 - gurobipy - INFO - Presolve time: 3.85s
2026-02-18 16:17:38,780 - gurobipy - INFO - Presolved: 1 rows, 9 columns, 9 nonzeros
2026-02-18 16:17:38,780 - gurobipy - INFO - Presolved model has 9 quadratic objective terms
2026-02-18 16:17:38,781 - gurobipy - INFO - Found heuristic solution: objective 74.3429185
2026-02-18 16:17:38,781 - gurobipy - INFO - Variable types: 0 continuous, 9 integer (0 binary)
2026-02-18 16:17:38,781 - gurobipy - INFO - 
2026-02-18 16:17:38,782 - gurobipy - INFO - Explored 0 nodes (0 simplex iterations) in 3.86 seconds (0.10 work units)
2026-02-18 16:17:38,782 - gurobipy - INFO - Thread count was 32 (of 64 available processors)
2026-02-18 16:17:38,782 - gurobipy - INFO - 
2026-02-18 16:17:38,782 - gurobipy - INFO - Solution count 2: 74.3429 74.4761 
2026-02-18 16:17:38,782 - gurobipy - INFO - 
2026-02-18 16:17:38,782 - gurobipy - INFO - Optimal solution found (tolerance 5.00e-02)
2026-02-18 16:17:38,782 - gurobipy - INFO - Best objective 7.434291845948e+01, best bound 7.412971890240e+01, gap 0.2868%
2026-02-18 16:17:38,808 - root - INFO - Global IQP solved: status=2, gap=0.29%, time=3.9s
2026-02-18 16:17:38,910 - root - INFO -   Loss: 74.2353 (change: 0.003234)
2026-02-18 16:17:38,910 - root - INFO -   Beta range: [0.100, 0.196]
2026-02-18 16:17:38,910 - root - INFO -   Max beta change: 0.004476
2026-02-18 16:17:38,911 - root - INFO -   Cell count range: [0, 17]
2026-02-18 16:17:38,911 - root - INFO -     B-cells: 490 cells (10.0%)
2026-02-18 16:17:38,911 - root - INFO -     CAFs: 1000 cells (20.4%)
2026-02-18 16:17:38,911 - root - INFO -     Cancer Epithelial: 1157 cells (23.6%)
2026-02-18 16:17:38,911 - root - INFO -     Endothelial: 303 cells (6.2%)
2026-02-18 16:17:38,911 - root - INFO -     Myeloid: 535 cells (10.9%)
2026-02-18 16:17:38,911 - root - INFO -     Normal Epithelial: 268 cells (5.5%)
2026-02-18 16:17:38,911 - root - INFO -     PVL: 274 cells (5.6%)
2026-02-18 16:17:38,911 - root - INFO -     Plasmablasts: 343 cells (7.0%)
2026-02-18 16:17:38,911 - root - INFO -     T-cells: 527 cells (10.8%)
2026-02-18 16:17:38,911 - root - INFO - 
Final beta values:
2026-02-18 16:17:38,911 - root - INFO -   B-cells_Protein_1: β=0.105, α=0.000
2026-02-18 16:17:38,911 - root - INFO -   B-cells_Protein_2: β=0.100, α=0.000
2026-02-18 16:17:38,911 - root - INFO -   CAFs_Protein_1: β=0.173, α=0.000
2026-02-18 16:17:38,911 - root - INFO -   CAFs_Protein_2: β=0.149, α=0.000
2026-02-18 16:17:38,911 - root - INFO -   Cancer Epithelial_Protein_1: β=0.162, α=0.002
2026-02-18 16:17:38,911 - root - INFO -   Cancer Epithelial_Protein_2: β=0.196, α=0.000
2026-02-18 16:17:38,911 - root - INFO -   Endothelial_Protein_1: β=0.100, α=0.000
2026-02-18 16:17:38,911 - root - INFO -   Endothelial_Protein_2: β=0.100, α=0.000
2026-02-18 16:17:38,911 - root - INFO -   Myeloid_Protein_1: β=0.157, α=0.000
2026-02-18 16:17:38,911 - root - INFO -   Myeloid_Protein_2: β=0.110, α=0.000
2026-02-18 16:17:38,911 - root - INFO -   Normal Epithelial_Protein_1: β=0.102, α=0.000
2026-02-18 16:17:38,911 - root - INFO -   Normal Epithelial_Protein_2: β=0.100, α=0.000
2026-02-18 16:17:38,911 - root - INFO -   PVL_Protein_1: β=0.100, α=0.000
2026-02-18 16:17:38,911 - root - INFO -   PVL_Protein_2: β=0.100, α=0.000
2026-02-18 16:17:38,911 - root - INFO -   Plasmablasts_Protein_1: β=0.100, α=0.000
2026-02-18 16:17:38,911 - root - INFO -   Plasmablasts_Protein_2: β=0.116, α=0.000
2026-02-18 16:17:38,911 - root - INFO -   T-cells_Protein_1: β=0.126, α=0.000
2026-02-18 16:17:38,911 - root - INFO -   T-cells_Protein_2: β=0.135, α=0.000
2026-02-18 16:17:38,923 - root - INFO - Saved discrete cell counts to Benchmarking/simulation_benchmarking/CITEgeist/output_discrete_nuclei_clr/mixed/dapi/mixed/dapi/Wu_rep_3/Wu_rep_3_discrete_cell_counts.csv
2026-02-18 16:17:38,934 - root - INFO - Saved derived proportions to Benchmarking/simulation_benchmarking/CITEgeist/output_discrete_nuclei_clr/mixed/dapi/mixed/dapi/Wu_rep_3/Wu_rep_3_cell_prop_discrete.csv
2026-02-18 16:17:38,934 - root - INFO - Cell type distribution:
2026-02-18 16:17:38,934 - root - INFO -   B-cells: 490 cells (10.0%)
2026-02-18 16:17:38,934 - root - INFO -   CAFs: 1000 cells (20.4%)
2026-02-18 16:17:38,934 - root - INFO -   Cancer Epithelial: 1157 cells (23.6%)
2026-02-18 16:17:38,935 - root - INFO -   Endothelial: 303 cells (6.2%)
2026-02-18 16:17:38,935 - root - INFO -   Myeloid: 535 cells (10.9%)
2026-02-18 16:17:38,935 - root - INFO -   Normal Epithelial: 268 cells (5.5%)
2026-02-18 16:17:38,935 - root - INFO -   PVL: 274 cells (5.6%)
2026-02-18 16:17:38,935 - root - INFO -   Plasmablasts: 343 cells (7.0%)
2026-02-18 16:17:38,935 - root - INFO -   T-cells: 527 cells (10.8%)
2026-02-18 16:17:38,949 - __main__ - INFO - Loaded ground truth proportions: 956 spots, 9 cell types
2026-02-18 16:17:38,951 - __main__ - INFO - Proportion correlation: 0.671
2026-02-18 16:17:38,951 - __main__ - INFO - Proportion RMSE: 0.1569
2026-02-18 16:17:38,951 - __main__ - INFO - Running GEX deconvolution...
2026-02-18 16:17:38,952 - CITEgeist.model.utils - INFO - Detected spot spacing: 1.61 units (median of 956 nearest-neighbor distances)
2026-02-18 16:17:38,952 - CITEgeist.model.utils - INFO - Computed optimal radius: 4.92 (3.0 rings, spot_spacing=1.61)
2026-02-18 16:17:38,952 - root - INFO - Auto-detected radius: 4.92 (3 rings)
2026-02-18 16:17:38,952 - root - INFO - Starting Pass 1: Error minimization with enrichment weights...
2026-02-18 16:17:38,952 - root - INFO - Using discrete mode: cell counts as fixed multipliers
2026-02-18 16:17:38,953 - root - WARNING - Found 24 spots with zero cells. These will be skipped in deconvolution.
2026-02-18 16:17:38,953 - root - WARNING - Found 24 spots with zero or negligible total cell proportions. Deconvolution for these spots may fail and their profiles will be imputed as zeros. Example spot indices: [ 40  41  45 150 212]
2026-02-18 16:17:38,953 - root - INFO - Starting analysis for Wu_rep_3
2026-02-18 16:17:38,954 - root - INFO - Already completed spots: 0
2026-02-18 16:17:38,954 - root - INFO - Using enrichment weights - Global: 0.5, Local: 0.5
2026-02-18 16:17:38,954 - root - INFO - Using 64 workers
2026-02-18 16:17:38,954 - root - INFO - Processing 956 remaining spots
Deconvoluting Remaining Spots:   0%|          | 0/956 [00:00<?, ?it/s]Deconvoluting Remaining Spots:   0%|          | 1/956 [00:08<2:13:52,  8.41s/it]Deconvoluting Remaining Spots:   0%|          | 2/956 [00:09<1:01:13,  3.85s/it]Deconvoluting Remaining Spots:   0%|          | 3/956 [00:09<37:23,  2.35s/it]  Deconvoluting Remaining Spots:   0%|          | 4/956 [00:10<26:26,  1.67s/it]Deconvoluting Remaining Spots:   1%|          | 5/956 [00:10<20:24,  1.29s/it]Deconvoluting Remaining Spots:   1%|          | 6/956 [00:11<16:47,  1.06s/it]Deconvoluting Remaining Spots:   1%|          | 7/956 [00:12<14:50,  1.07it/s]Deconvoluting Remaining Spots:   1%|          | 8/956 [00:12<12:54,  1.22it/s]Deconvoluting Remaining Spots:   1%|          | 9/956 [00:13<12:02,  1.31it/s]Deconvoluting Remaining Spots:   1%|          | 10/956 [00:14<12:03,  1.31it/s]Deconvoluting Remaining Spots:   1%|          | 11/956 [00:14<10:56,  1.44it/s]Deconvoluting Remaining Spots:   1%|▏         | 12/956 [00:15<10:30,  1.50it/s]Deconvoluting Remaining Spots:   1%|▏         | 13/956 [00:15<10:26,  1.50it/s]Deconvoluting Remaining Spots:   1%|▏         | 14/956 [00:16<10:18,  1.52it/s]Deconvoluting Remaining Spots:   2%|▏         | 15/956 [00:17<09:53,  1.58it/s]Deconvoluting Remaining Spots:   2%|▏         | 16/956 [00:17<10:27,  1.50it/s]Deconvoluting Remaining Spots:   2%|▏         | 17/956 [00:18<10:36,  1.47it/s]Deconvoluting Remaining Spots:   2%|▏         | 18/956 [00:19<12:36,  1.24it/s]Deconvoluting Remaining Spots:   2%|▏         | 19/956 [00:19<09:26,  1.65it/s]Deconvoluting Remaining Spots:   2%|▏         | 20/956 [00:20<09:38,  1.62it/s]Deconvoluting Remaining Spots:   2%|▏         | 21/956 [00:21<09:21,  1.66it/s]Deconvoluting Remaining Spots:   2%|▏         | 22/956 [00:21<09:08,  1.70it/s]Deconvoluting Remaining Spots:   2%|▏         | 23/956 [00:22<09:28,  1.64it/s]Deconvoluting Remaining Spots:   3%|▎         | 24/956 [00:22<09:42,  1.60it/s]Deconvoluting Remaining Spots:   3%|▎         | 25/956 [00:23<10:22,  1.50it/s]Deconvoluting Remaining Spots:   3%|▎         | 26/956 [00:24<09:44,  1.59it/s]Deconvoluting Remaining Spots:   3%|▎         | 27/956 [00:24<09:41,  1.60it/s]Deconvoluting Remaining Spots:   3%|▎         | 28/956 [00:25<09:44,  1.59it/s]Deconvoluting Remaining Spots:   3%|▎         | 29/956 [00:26<09:28,  1.63it/s]Deconvoluting Remaining Spots:   3%|▎         | 30/956 [00:26<09:39,  1.60it/s]Deconvoluting Remaining Spots:   3%|▎         | 31/956 [00:27<10:00,  1.54it/s]Deconvoluting Remaining Spots:   3%|▎         | 32/956 [00:28<09:51,  1.56it/s]Deconvoluting Remaining Spots:   3%|▎         | 33/956 [00:28<10:02,  1.53it/s]Deconvoluting Remaining Spots:   4%|▎         | 34/956 [00:29<10:18,  1.49it/s]Deconvoluting Remaining Spots:   4%|▎         | 35/956 [00:30<10:12,  1.50it/s]Deconvoluting Remaining Spots:   4%|▍         | 36/956 [00:30<10:07,  1.51it/s]Deconvoluting Remaining Spots:   4%|▍         | 37/956 [00:31<09:57,  1.54it/s]Deconvoluting Remaining Spots:   4%|▍         | 38/956 [00:32<10:04,  1.52it/s]Deconvoluting Remaining Spots:   4%|▍         | 39/956 [00:32<09:40,  1.58it/s]Deconvoluting Remaining Spots:   4%|▍         | 40/956 [00:33<09:50,  1.55it/s]Deconvoluting Remaining Spots:   4%|▍         | 41/956 [00:34<10:09,  1.50it/s]Deconvoluting Remaining Spots:   4%|▍         | 42/956 [00:34<09:38,  1.58it/s]Deconvoluting Remaining Spots:   4%|▍         | 43/956 [00:35<11:22,  1.34it/s]Deconvoluting Remaining Spots:   5%|▍         | 44/956 [00:35<08:56,  1.70it/s]Deconvoluting Remaining Spots:   5%|▍         | 45/956 [00:36<09:21,  1.62it/s]Deconvoluting Remaining Spots:   5%|▍         | 46/956 [00:37<08:54,  1.70it/s]Deconvoluting Remaining Spots:   5%|▍         | 47/956 [00:37<09:35,  1.58it/s]Deconvoluting Remaining Spots:   5%|▌         | 48/956 [00:38<09:17,  1.63it/s]Deconvoluting Remaining Spots:   5%|▌         | 49/956 [00:38<09:18,  1.62it/s]Deconvoluting Remaining Spots:   5%|▌         | 50/956 [00:39<09:43,  1.55it/s]Deconvoluting Remaining Spots:   5%|▌         | 51/956 [00:40<09:30,  1.59it/s]Deconvoluting Remaining Spots:   5%|▌         | 52/956 [00:40<09:33,  1.58it/s]Deconvoluting Remaining Spots:   6%|▌         | 53/956 [00:41<09:17,  1.62it/s]Deconvoluting Remaining Spots:   6%|▌         | 54/956 [00:42<09:33,  1.57it/s]Deconvoluting Remaining Spots:   6%|▌         | 55/956 [00:42<09:52,  1.52it/s]Deconvoluting Remaining Spots:   6%|▌         | 56/956 [00:43<09:43,  1.54it/s]Deconvoluting Remaining Spots:   6%|▌         | 57/956 [00:44<10:52,  1.38it/s]Deconvoluting Remaining Spots:   6%|▌         | 58/956 [00:44<09:25,  1.59it/s]Deconvoluting Remaining Spots:   6%|▌         | 59/956 [00:45<09:22,  1.60it/s]Deconvoluting Remaining Spots:   6%|▋         | 60/956 [00:46<09:13,  1.62it/s]Deconvoluting Remaining Spots:   6%|▋         | 61/956 [00:46<09:10,  1.63it/s]Deconvoluting Remaining Spots:   6%|▋         | 62/956 [00:47<09:02,  1.65it/s]Deconvoluting Remaining Spots:   7%|▋         | 63/956 [00:47<09:31,  1.56it/s]Deconvoluting Remaining Spots:   7%|▋         | 64/956 [00:48<09:18,  1.60it/s]Deconvoluting Remaining Spots:   7%|▋         | 65/956 [00:49<08:43,  1.70it/s]Deconvoluting Remaining Spots:   7%|▋         | 66/956 [00:49<09:23,  1.58it/s]Deconvoluting Remaining Spots:   7%|▋         | 67/956 [00:50<08:57,  1.65it/s]Deconvoluting Remaining Spots:   7%|▋         | 68/956 [00:50<08:43,  1.70it/s]Deconvoluting Remaining Spots:   7%|▋         | 69/956 [00:51<08:32,  1.73it/s]Deconvoluting Remaining Spots:   7%|▋         | 70/956 [00:51<08:23,  1.76it/s]Deconvoluting Remaining Spots:   7%|▋         | 71/956 [00:52<08:16,  1.78it/s]Deconvoluting Remaining Spots:   8%|▊         | 72/956 [00:53<08:26,  1.74it/s]Deconvoluting Remaining Spots:   8%|▊         | 73/956 [00:53<08:25,  1.75it/s]Deconvoluting Remaining Spots:   8%|▊         | 74/956 [00:54<09:04,  1.62it/s]Deconvoluting Remaining Spots:   8%|▊         | 75/956 [00:54<08:46,  1.67it/s]Deconvoluting Remaining Spots:   8%|▊         | 76/956 [00:55<08:25,  1.74it/s]Deconvoluting Remaining Spots:   8%|▊         | 77/956 [00:55<07:53,  1.86it/s]Deconvoluting Remaining Spots:   8%|▊         | 78/956 [00:56<08:06,  1.80it/s]Deconvoluting Remaining Spots:   8%|▊         | 79/956 [00:57<08:44,  1.67it/s]Deconvoluting Remaining Spots:   8%|▊         | 80/956 [00:57<07:54,  1.85it/s]Deconvoluting Remaining Spots:   8%|▊         | 81/956 [00:58<07:45,  1.88it/s]Deconvoluting Remaining Spots:   9%|▊         | 82/956 [00:58<08:36,  1.69it/s]Deconvoluting Remaining Spots:   9%|▊         | 83/956 [00:59<07:24,  1.96it/s]Deconvoluting Remaining Spots:   9%|▉         | 84/956 [00:59<07:34,  1.92it/s]Deconvoluting Remaining Spots:   9%|▉         | 85/956 [01:00<07:17,  1.99it/s]Deconvoluting Remaining Spots:   9%|▉         | 86/956 [01:00<07:55,  1.83it/s]Deconvoluting Remaining Spots:   9%|▉         | 87/956 [01:01<08:03,  1.80it/s]Deconvoluting Remaining Spots:   9%|▉         | 88/956 [01:01<07:49,  1.85it/s]Deconvoluting Remaining Spots:   9%|▉         | 89/956 [01:02<08:17,  1.74it/s]Deconvoluting Remaining Spots:   9%|▉         | 90/956 [01:03<07:58,  1.81it/s]Deconvoluting Remaining Spots:  10%|▉         | 91/956 [01:03<08:49,  1.63it/s]Deconvoluting Remaining Spots:  10%|▉         | 92/956 [01:04<07:24,  1.95it/s]Deconvoluting Remaining Spots:  10%|▉         | 93/956 [01:04<07:50,  1.83it/s]Deconvoluting Remaining Spots:  10%|▉         | 94/956 [01:05<07:19,  1.96it/s]Deconvoluting Remaining Spots:  10%|▉         | 95/956 [01:05<07:52,  1.82it/s]Deconvoluting Remaining Spots:  10%|█         | 96/956 [01:06<07:49,  1.83it/s]Deconvoluting Remaining Spots:  10%|█         | 97/956 [01:06<07:59,  1.79it/s]Deconvoluting Remaining Spots:  10%|█         | 98/956 [01:07<07:39,  1.87it/s]Deconvoluting Remaining Spots:  10%|█         | 99/956 [01:07<07:49,  1.83it/s]Deconvoluting Remaining Spots:  10%|█         | 100/956 [01:08<07:47,  1.83it/s]2026-02-18 16:18:51,147 - root - INFO - Saved checkpoint after 100 completed spots
Deconvoluting Remaining Spots:  11%|█         | 101/956 [01:10<14:21,  1.01s/it]Deconvoluting Remaining Spots:  11%|█         | 104/956 [01:11<07:23,  1.92it/s]Deconvoluting Remaining Spots:  11%|█         | 105/956 [01:11<06:45,  2.10it/s]Deconvoluting Remaining Spots:  11%|█         | 106/956 [01:12<08:39,  1.64it/s]Deconvoluting Remaining Spots:  11%|█▏        | 108/956 [01:12<06:49,  2.07it/s]Deconvoluting Remaining Spots:  11%|█▏        | 109/956 [01:13<06:56,  2.03it/s]Deconvoluting Remaining Spots:  12%|█▏        | 110/956 [01:14<07:07,  1.98it/s]Deconvoluting Remaining Spots:  12%|█▏        | 111/956 [01:14<07:14,  1.95it/s]Deconvoluting Remaining Spots:  12%|█▏        | 112/956 [01:15<07:27,  1.89it/s]Deconvoluting Remaining Spots:  12%|█▏        | 113/956 [01:15<07:28,  1.88it/s]Deconvoluting Remaining Spots:  12%|█▏        | 114/956 [01:16<07:31,  1.86it/s]Deconvoluting Remaining Spots:  12%|█▏        | 115/956 [01:16<07:20,  1.91it/s]Deconvoluting Remaining Spots:  12%|█▏        | 116/956 [01:17<07:41,  1.82it/s]Deconvoluting Remaining Spots:  12%|█▏        | 117/956 [01:17<07:33,  1.85it/s]Deconvoluting Remaining Spots:  12%|█▏        | 118/956 [01:18<07:53,  1.77it/s]Deconvoluting Remaining Spots:  12%|█▏        | 119/956 [01:19<08:28,  1.64it/s]Deconvoluting Remaining Spots:  13%|█▎        | 120/956 [01:19<08:05,  1.72it/s]Deconvoluting Remaining Spots:  13%|█▎        | 121/956 [01:20<07:34,  1.84it/s]Deconvoluting Remaining Spots:  13%|█▎        | 122/956 [01:20<08:04,  1.72it/s]Deconvoluting Remaining Spots:  13%|█▎        | 123/956 [01:21<07:42,  1.80it/s]Deconvoluting Remaining Spots:  13%|█▎        | 124/956 [01:21<07:28,  1.86it/s]Deconvoluting Remaining Spots:  13%|█▎        | 125/956 [01:22<07:14,  1.91it/s]Deconvoluting Remaining Spots:  13%|█▎        | 126/956 [01:22<07:24,  1.87it/s]Deconvoluting Remaining Spots:  13%|█▎        | 127/956 [01:23<07:44,  1.78it/s]Deconvoluting Remaining Spots:  13%|█▎        | 128/956 [01:23<07:17,  1.89it/s]Deconvoluting Remaining Spots:  13%|█▎        | 129/956 [01:24<07:23,  1.86it/s]Deconvoluting Remaining Spots:  14%|█▎        | 130/956 [01:25<07:12,  1.91it/s]Deconvoluting Remaining Spots:  14%|█▎        | 131/956 [01:25<07:23,  1.86it/s]Deconvoluting Remaining Spots:  14%|█▍        | 132/956 [01:26<07:33,  1.82it/s]Deconvoluting Remaining Spots:  14%|█▍        | 133/956 [01:26<07:35,  1.81it/s]Deconvoluting Remaining Spots:  14%|█▍        | 134/956 [01:27<07:08,  1.92it/s]Deconvoluting Remaining Spots:  14%|█▍        | 135/956 [01:27<07:58,  1.72it/s]Deconvoluting Remaining Spots:  14%|█▍        | 136/956 [01:28<07:46,  1.76it/s]Deconvoluting Remaining Spots:  14%|█▍        | 137/956 [01:29<08:11,  1.67it/s]Deconvoluting Remaining Spots:  14%|█▍        | 138/956 [01:29<08:16,  1.65it/s]Deconvoluting Remaining Spots:  15%|█▍        | 139/956 [01:30<08:59,  1.51it/s]Deconvoluting Remaining Spots:  15%|█▍        | 140/956 [01:30<06:51,  1.98it/s]Deconvoluting Remaining Spots:  15%|█▍        | 141/956 [01:31<06:31,  2.08it/s]Deconvoluting Remaining Spots:  15%|█▍        | 142/956 [01:32<08:24,  1.61it/s]Deconvoluting Remaining Spots:  15%|█▍        | 143/956 [01:32<06:53,  1.97it/s]Deconvoluting Remaining Spots:  15%|█▌        | 144/956 [01:32<07:07,  1.90it/s]Deconvoluting Remaining Spots:  15%|█▌        | 145/956 [01:33<06:41,  2.02it/s]Deconvoluting Remaining Spots:  15%|█▌        | 146/956 [01:33<06:34,  2.05it/s]Deconvoluting Remaining Spots:  15%|█▌        | 147/956 [01:34<06:49,  1.97it/s]Deconvoluting Remaining Spots:  15%|█▌        | 148/956 [01:34<06:37,  2.03it/s]Deconvoluting Remaining Spots:  16%|█▌        | 149/956 [01:35<07:16,  1.85it/s]Deconvoluting Remaining Spots:  16%|█▌        | 150/956 [01:35<06:48,  1.97it/s]Deconvoluting Remaining Spots:  16%|█▌        | 151/956 [01:36<09:14,  1.45it/s]Deconvoluting Remaining Spots:  16%|█▌        | 152/956 [01:37<07:12,  1.86it/s]Deconvoluting Remaining Spots:  16%|█▌        | 153/956 [01:37<06:55,  1.93it/s]Deconvoluting Remaining Spots:  16%|█▌        | 154/956 [01:38<07:14,  1.85it/s]Deconvoluting Remaining Spots:  16%|█▌        | 155/956 [01:38<07:12,  1.85it/s]Deconvoluting Remaining Spots:  16%|█▋        | 156/956 [01:39<08:36,  1.55it/s]Deconvoluting Remaining Spots:  16%|█▋        | 157/956 [01:39<07:08,  1.86it/s]Deconvoluting Remaining Spots:  17%|█▋        | 158/956 [01:40<07:09,  1.86it/s]Deconvoluting Remaining Spots:  17%|█▋        | 159/956 [01:41<08:04,  1.65it/s]Deconvoluting Remaining Spots:  17%|█▋        | 160/956 [01:41<06:36,  2.01it/s]Deconvoluting Remaining Spots:  17%|█▋        | 161/956 [01:42<07:02,  1.88it/s]Deconvoluting Remaining Spots:  17%|█▋        | 162/956 [01:42<07:36,  1.74it/s]Deconvoluting Remaining Spots:  17%|█▋        | 163/956 [01:43<06:52,  1.92it/s]Deconvoluting Remaining Spots:  17%|█▋        | 164/956 [01:43<06:56,  1.90it/s]Deconvoluting Remaining Spots:  17%|█▋        | 165/956 [01:44<06:27,  2.04it/s]Deconvoluting Remaining Spots:  17%|█▋        | 166/956 [01:44<07:14,  1.82it/s]Deconvoluting Remaining Spots:  17%|█▋        | 167/956 [01:45<08:18,  1.58it/s]Deconvoluting Remaining Spots:  18%|█▊        | 168/956 [01:46<07:53,  1.67it/s]Deconvoluting Remaining Spots:  18%|█▊        | 169/956 [01:46<06:22,  2.06it/s]Deconvoluting Remaining Spots:  18%|█▊        | 170/956 [01:47<07:09,  1.83it/s]Deconvoluting Remaining Spots:  18%|█▊        | 171/956 [01:47<06:41,  1.96it/s]Deconvoluting Remaining Spots:  18%|█▊        | 172/956 [01:48<07:07,  1.83it/s]Deconvoluting Remaining Spots:  18%|█▊        | 173/956 [01:48<06:39,  1.96it/s]Deconvoluting Remaining Spots:  18%|█▊        | 174/956 [01:49<08:42,  1.50it/s]Deconvoluting Remaining Spots:  18%|█▊        | 175/956 [01:49<07:13,  1.80it/s]Deconvoluting Remaining Spots:  18%|█▊        | 176/956 [01:50<06:19,  2.05it/s]Deconvoluting Remaining Spots:  19%|█▊        | 177/956 [01:50<06:02,  2.15it/s]Deconvoluting Remaining Spots:  19%|█▊        | 178/956 [01:51<06:17,  2.06it/s]Deconvoluting Remaining Spots:  19%|█▊        | 179/956 [01:51<06:26,  2.01it/s]Deconvoluting Remaining Spots:  19%|█▉        | 180/956 [01:52<06:41,  1.94it/s]Deconvoluting Remaining Spots:  19%|█▉        | 181/956 [01:52<07:23,  1.75it/s]Deconvoluting Remaining Spots:  19%|█▉        | 182/956 [01:53<07:26,  1.73it/s]Deconvoluting Remaining Spots:  19%|█▉        | 183/956 [01:54<07:28,  1.73it/s]Deconvoluting Remaining Spots:  19%|█▉        | 184/956 [01:54<08:39,  1.49it/s]Deconvoluting Remaining Spots:  19%|█▉        | 186/956 [01:55<06:46,  1.89it/s]Deconvoluting Remaining Spots:  20%|█▉        | 187/956 [01:56<06:49,  1.88it/s]Deconvoluting Remaining Spots:  20%|█▉        | 188/956 [01:56<06:57,  1.84it/s]Deconvoluting Remaining Spots:  20%|█▉        | 189/956 [01:57<08:06,  1.58it/s]Deconvoluting Remaining Spots:  20%|█▉        | 190/956 [01:57<06:31,  1.96it/s]Deconvoluting Remaining Spots:  20%|█▉        | 191/956 [01:58<06:36,  1.93it/s]Deconvoluting Remaining Spots:  20%|██        | 192/956 [01:58<06:25,  1.98it/s]Deconvoluting Remaining Spots:  20%|██        | 193/956 [01:59<06:40,  1.90it/s]Deconvoluting Remaining Spots:  20%|██        | 194/956 [02:00<08:03,  1.58it/s]Deconvoluting Remaining Spots:  20%|██        | 195/956 [02:00<06:09,  2.06it/s]Deconvoluting Remaining Spots:  21%|██        | 196/956 [02:01<06:20,  2.00it/s]Deconvoluting Remaining Spots:  21%|██        | 197/956 [02:01<06:32,  1.94it/s]Deconvoluting Remaining Spots:  21%|██        | 198/956 [02:02<06:50,  1.85it/s]Deconvoluting Remaining Spots:  21%|██        | 199/956 [02:02<07:24,  1.70it/s]Deconvoluting Remaining Spots:  21%|██        | 200/956 [02:03<09:23,  1.34it/s]2026-02-18 16:19:48,365 - root - INFO - Saved checkpoint after 200 completed spots
Deconvoluting Remaining Spots:  21%|██        | 201/956 [02:07<21:02,  1.67s/it]Deconvoluting Remaining Spots:  22%|██▏       | 209/956 [02:08<05:10,  2.41it/s]Deconvoluting Remaining Spots:  22%|██▏       | 210/956 [02:08<05:33,  2.24it/s]Deconvoluting Remaining Spots:  22%|██▏       | 211/956 [02:09<05:09,  2.40it/s]Deconvoluting Remaining Spots:  22%|██▏       | 212/956 [02:09<06:05,  2.03it/s]Deconvoluting Remaining Spots:  22%|██▏       | 213/956 [02:10<06:15,  1.98it/s]Deconvoluting Remaining Spots:  22%|██▏       | 214/956 [02:11<07:47,  1.59it/s]Deconvoluting Remaining Spots:  23%|██▎       | 216/956 [02:12<06:16,  1.97it/s]Deconvoluting Remaining Spots:  23%|██▎       | 217/956 [02:12<06:33,  1.88it/s]Deconvoluting Remaining Spots:  23%|██▎       | 218/956 [02:13<06:54,  1.78it/s]Deconvoluting Remaining Spots:  23%|██▎       | 219/956 [02:14<06:58,  1.76it/s]Deconvoluting Remaining Spots:  23%|██▎       | 220/956 [02:14<06:39,  1.84it/s]Deconvoluting Remaining Spots:  23%|██▎       | 221/956 [02:15<06:33,  1.87it/s]Deconvoluting Remaining Spots:  23%|██▎       | 222/956 [02:15<06:40,  1.83it/s]Deconvoluting Remaining Spots:  23%|██▎       | 223/956 [02:16<06:41,  1.83it/s]Deconvoluting Remaining Spots:  23%|██▎       | 224/956 [02:16<06:34,  1.86it/s]Deconvoluting Remaining Spots:  24%|██▎       | 225/956 [02:17<07:24,  1.65it/s]Deconvoluting Remaining Spots:  24%|██▎       | 226/956 [02:18<07:24,  1.64it/s]Deconvoluting Remaining Spots:  24%|██▎       | 227/956 [02:18<06:32,  1.86it/s]Deconvoluting Remaining Spots:  24%|██▍       | 228/956 [02:18<06:10,  1.96it/s]Deconvoluting Remaining Spots:  24%|██▍       | 229/956 [02:19<06:23,  1.89it/s]Deconvoluting Remaining Spots:  24%|██▍       | 230/956 [02:20<06:25,  1.88it/s]Deconvoluting Remaining Spots:  24%|██▍       | 231/956 [02:20<07:31,  1.61it/s]Deconvoluting Remaining Spots:  24%|██▍       | 232/956 [02:21<06:18,  1.91it/s]Deconvoluting Remaining Spots:  24%|██▍       | 233/956 [02:21<06:03,  1.99it/s]Deconvoluting Remaining Spots:  24%|██▍       | 234/956 [02:22<06:17,  1.91it/s]Deconvoluting Remaining Spots:  25%|██▍       | 235/956 [02:22<06:23,  1.88it/s]Deconvoluting Remaining Spots:  25%|██▍       | 236/956 [02:23<06:10,  1.94it/s]Deconvoluting Remaining Spots:  25%|██▍       | 237/956 [02:23<06:27,  1.85it/s]Deconvoluting Remaining Spots:  25%|██▍       | 238/956 [02:24<05:52,  2.03it/s]Deconvoluting Remaining Spots:  25%|██▌       | 239/956 [02:24<06:14,  1.92it/s]Deconvoluting Remaining Spots:  25%|██▌       | 240/956 [02:25<06:01,  1.98it/s]Deconvoluting Remaining Spots:  25%|██▌       | 241/956 [02:25<06:16,  1.90it/s]Deconvoluting Remaining Spots:  25%|██▌       | 242/956 [02:26<06:23,  1.86it/s]Deconvoluting Remaining Spots:  25%|██▌       | 243/956 [02:27<06:47,  1.75it/s]Deconvoluting Remaining Spots:  26%|██▌       | 244/956 [02:27<07:30,  1.58it/s]Deconvoluting Remaining Spots:  26%|██▌       | 245/956 [02:28<06:29,  1.82it/s]Deconvoluting Remaining Spots:  26%|██▌       | 246/956 [02:28<06:50,  1.73it/s]Deconvoluting Remaining Spots:  26%|██▌       | 247/956 [02:29<06:12,  1.90it/s]Deconvoluting Remaining Spots:  26%|██▌       | 248/956 [02:29<05:57,  1.98it/s]Deconvoluting Remaining Spots:  26%|██▌       | 249/956 [02:30<07:37,  1.54it/s]Deconvoluting Remaining Spots:  26%|██▌       | 250/956 [02:30<06:08,  1.92it/s]Deconvoluting Remaining Spots:  26%|██▋       | 251/956 [02:31<07:35,  1.55it/s]Deconvoluting Remaining Spots:  26%|██▋       | 253/956 [02:32<05:51,  2.00it/s]Deconvoluting Remaining Spots:  27%|██▋       | 254/956 [02:32<05:41,  2.05it/s]Deconvoluting Remaining Spots:  27%|██▋       | 255/956 [02:33<05:59,  1.95it/s]Deconvoluting Remaining Spots:  27%|██▋       | 256/956 [02:34<06:15,  1.87it/s]Deconvoluting Remaining Spots:  27%|██▋       | 257/956 [02:34<06:22,  1.83it/s]Deconvoluting Remaining Spots:  27%|██▋       | 258/956 [02:35<06:32,  1.78it/s]Deconvoluting Remaining Spots:  27%|██▋       | 259/956 [02:35<06:02,  1.92it/s]Deconvoluting Remaining Spots:  27%|██▋       | 260/956 [02:36<06:04,  1.91it/s]Deconvoluting Remaining Spots:  27%|██▋       | 261/956 [02:36<06:32,  1.77it/s]Deconvoluting Remaining Spots:  27%|██▋       | 262/956 [02:37<06:11,  1.87it/s]Deconvoluting Remaining Spots:  28%|██▊       | 263/956 [02:38<06:35,  1.75it/s]Deconvoluting Remaining Spots:  28%|██▊       | 264/956 [02:38<06:08,  1.88it/s]Deconvoluting Remaining Spots:  28%|██▊       | 265/956 [02:39<07:27,  1.54it/s]Deconvoluting Remaining Spots:  28%|██▊       | 266/956 [02:39<06:32,  1.76it/s]Deconvoluting Remaining Spots:  28%|██▊       | 267/956 [02:40<05:47,  1.98it/s]Deconvoluting Remaining Spots:  28%|██▊       | 268/956 [02:40<06:07,  1.87it/s]Deconvoluting Remaining Spots:  28%|██▊       | 269/956 [02:41<06:07,  1.87it/s]Deconvoluting Remaining Spots:  28%|██▊       | 270/956 [02:41<06:22,  1.79it/s]Deconvoluting Remaining Spots:  28%|██▊       | 271/956 [02:42<06:14,  1.83it/s]Deconvoluting Remaining Spots:  28%|██▊       | 272/956 [02:42<05:53,  1.94it/s]Deconvoluting Remaining Spots:  29%|██▊       | 273/956 [02:43<05:54,  1.92it/s]Deconvoluting Remaining Spots:  29%|██▊       | 274/956 [02:43<05:47,  1.96it/s]Deconvoluting Remaining Spots:  29%|██▉       | 275/956 [02:44<06:13,  1.82it/s]Deconvoluting Remaining Spots:  29%|██▉       | 276/956 [02:45<06:10,  1.84it/s]Deconvoluting Remaining Spots:  29%|██▉       | 277/956 [02:45<06:05,  1.86it/s]Deconvoluting Remaining Spots:  29%|██▉       | 278/956 [02:45<05:35,  2.02it/s]Deconvoluting Remaining Spots:  29%|██▉       | 279/956 [02:46<06:11,  1.82it/s]Deconvoluting Remaining Spots:  29%|██▉       | 280/956 [02:47<07:47,  1.44it/s]Deconvoluting Remaining Spots:  29%|██▉       | 281/956 [02:47<05:59,  1.88it/s]Deconvoluting Remaining Spots:  29%|██▉       | 282/956 [02:48<05:52,  1.91it/s]Deconvoluting Remaining Spots:  30%|██▉       | 283/956 [02:48<06:09,  1.82it/s]Deconvoluting Remaining Spots:  30%|██▉       | 284/956 [02:49<05:39,  1.98it/s]Deconvoluting Remaining Spots:  30%|██▉       | 285/956 [02:49<06:17,  1.78it/s]Deconvoluting Remaining Spots:  30%|██▉       | 286/956 [02:50<05:54,  1.89it/s]Deconvoluting Remaining Spots:  30%|███       | 287/956 [02:51<06:13,  1.79it/s]Deconvoluting Remaining Spots:  30%|███       | 288/956 [02:52<07:28,  1.49it/s]Deconvoluting Remaining Spots:  30%|███       | 289/956 [02:52<06:51,  1.62it/s]Deconvoluting Remaining Spots:  30%|███       | 290/956 [02:52<05:17,  2.10it/s]Deconvoluting Remaining Spots:  30%|███       | 291/956 [02:53<05:00,  2.21it/s]Deconvoluting Remaining Spots:  31%|███       | 292/956 [02:53<05:17,  2.09it/s]Deconvoluting Remaining Spots:  31%|███       | 293/956 [02:54<05:33,  1.99it/s]Deconvoluting Remaining Spots:  31%|███       | 294/956 [02:54<05:44,  1.92it/s]Deconvoluting Remaining Spots:  31%|███       | 295/956 [02:55<06:17,  1.75it/s]Deconvoluting Remaining Spots:  31%|███       | 296/956 [02:56<07:09,  1.54it/s]Deconvoluting Remaining Spots:  31%|███       | 297/956 [02:56<05:59,  1.84it/s]Deconvoluting Remaining Spots:  31%|███       | 298/956 [02:56<05:43,  1.92it/s]Deconvoluting Remaining Spots:  31%|███▏      | 299/956 [02:57<05:44,  1.91it/s]Deconvoluting Remaining Spots:  31%|███▏      | 300/956 [02:58<06:52,  1.59it/s]2026-02-18 16:20:44,764 - root - INFO - Saved checkpoint after 300 completed spots
Deconvoluting Remaining Spots:  31%|███▏      | 301/956 [03:04<23:51,  2.18s/it]Deconvoluting Remaining Spots:  33%|███▎      | 312/956 [03:04<04:32,  2.36it/s]Deconvoluting Remaining Spots:  33%|███▎      | 313/956 [03:05<04:42,  2.28it/s]Deconvoluting Remaining Spots:  33%|███▎      | 314/956 [03:05<04:44,  2.25it/s]Deconvoluting Remaining Spots:  33%|███▎      | 315/956 [03:06<04:54,  2.18it/s]Deconvoluting Remaining Spots:  33%|███▎      | 316/956 [03:06<05:02,  2.12it/s]Deconvoluting Remaining Spots:  33%|███▎      | 317/956 [03:07<05:19,  2.00it/s]Deconvoluting Remaining Spots:  33%|███▎      | 318/956 [03:08<05:44,  1.85it/s]Deconvoluting Remaining Spots:  33%|███▎      | 319/956 [03:08<06:03,  1.75it/s]Deconvoluting Remaining Spots:  33%|███▎      | 320/956 [03:09<05:49,  1.82it/s]Deconvoluting Remaining Spots:  34%|███▎      | 321/956 [03:10<06:18,  1.68it/s]Deconvoluting Remaining Spots:  34%|███▎      | 322/956 [03:10<05:36,  1.88it/s]Deconvoluting Remaining Spots:  34%|███▍      | 323/956 [03:10<05:13,  2.02it/s]Deconvoluting Remaining Spots:  34%|███▍      | 324/956 [03:11<05:29,  1.92it/s]Deconvoluting Remaining Spots:  34%|███▍      | 325/956 [03:12<05:53,  1.78it/s]Deconvoluting Remaining Spots:  34%|███▍      | 326/956 [03:12<05:33,  1.89it/s]Deconvoluting Remaining Spots:  34%|███▍      | 327/956 [03:13<05:50,  1.80it/s]Deconvoluting Remaining Spots:  34%|███▍      | 328/956 [03:13<05:36,  1.87it/s]Deconvoluting Remaining Spots:  34%|███▍      | 329/956 [03:14<05:22,  1.94it/s]Deconvoluting Remaining Spots:  35%|███▍      | 330/956 [03:14<06:19,  1.65it/s]Deconvoluting Remaining Spots:  35%|███▍      | 331/956 [03:15<05:41,  1.83it/s]Deconvoluting Remaining Spots:  35%|███▍      | 332/956 [03:15<05:42,  1.82it/s]Deconvoluting Remaining Spots:  35%|███▍      | 333/956 [03:16<05:27,  1.90it/s]Deconvoluting Remaining Spots:  35%|███▍      | 334/956 [03:17<06:25,  1.62it/s]Deconvoluting Remaining Spots:  35%|███▌      | 335/956 [03:17<05:14,  1.97it/s]Deconvoluting Remaining Spots:  35%|███▌      | 336/956 [03:18<05:33,  1.86it/s]Deconvoluting Remaining Spots:  35%|███▌      | 337/956 [03:18<05:04,  2.03it/s]Deconvoluting Remaining Spots:  35%|███▌      | 338/956 [03:19<05:18,  1.94it/s]Deconvoluting Remaining Spots:  35%|███▌      | 339/956 [03:19<04:48,  2.14it/s]Deconvoluting Remaining Spots:  36%|███▌      | 340/956 [03:19<04:59,  2.06it/s]Deconvoluting Remaining Spots:  36%|███▌      | 341/956 [03:20<05:15,  1.95it/s]Deconvoluting Remaining Spots:  36%|███▌      | 342/956 [03:21<05:57,  1.72it/s]Deconvoluting Remaining Spots:  36%|███▌      | 343/956 [03:21<05:40,  1.80it/s]Deconvoluting Remaining Spots:  36%|███▌      | 344/956 [03:22<05:23,  1.89it/s]Deconvoluting Remaining Spots:  36%|███▌      | 345/956 [03:22<05:32,  1.84it/s]Deconvoluting Remaining Spots:  36%|███▌      | 346/956 [03:23<05:14,  1.94it/s]Deconvoluting Remaining Spots:  36%|███▋      | 347/956 [03:23<05:39,  1.79it/s]Deconvoluting Remaining Spots:  36%|███▋      | 348/956 [03:24<05:29,  1.84it/s]Deconvoluting Remaining Spots:  37%|███▋      | 349/956 [03:25<06:10,  1.64it/s]Deconvoluting Remaining Spots:  37%|███▋      | 350/956 [03:25<05:48,  1.74it/s]Deconvoluting Remaining Spots:  37%|███▋      | 351/956 [03:26<05:43,  1.76it/s]Deconvoluting Remaining Spots:  37%|███▋      | 352/956 [03:26<05:33,  1.81it/s]Deconvoluting Remaining Spots:  37%|███▋      | 353/956 [03:27<05:19,  1.89it/s]Deconvoluting Remaining Spots:  37%|███▋      | 354/956 [03:27<05:02,  1.99it/s]Deconvoluting Remaining Spots:  37%|███▋      | 355/956 [03:28<05:07,  1.95it/s]Deconvoluting Remaining Spots:  37%|███▋      | 356/956 [03:28<05:18,  1.88it/s]Deconvoluting Remaining Spots:  37%|███▋      | 357/956 [03:29<05:33,  1.80it/s]Deconvoluting Remaining Spots:  37%|███▋      | 358/956 [03:29<05:12,  1.91it/s]Deconvoluting Remaining Spots:  38%|███▊      | 359/956 [03:30<05:18,  1.87it/s]Deconvoluting Remaining Spots:  38%|███▊      | 360/956 [03:31<06:27,  1.54it/s]Deconvoluting Remaining Spots:  38%|███▊      | 361/956 [03:31<06:06,  1.62it/s]Deconvoluting Remaining Spots:  38%|███▊      | 362/956 [03:32<05:17,  1.87it/s]Deconvoluting Remaining Spots:  38%|███▊      | 363/956 [03:32<05:19,  1.86it/s]Deconvoluting Remaining Spots:  38%|███▊      | 364/956 [03:33<05:01,  1.96it/s]Deconvoluting Remaining Spots:  38%|███▊      | 365/956 [03:33<05:11,  1.90it/s]Deconvoluting Remaining Spots:  38%|███▊      | 366/956 [03:34<05:08,  1.91it/s]Deconvoluting Remaining Spots:  38%|███▊      | 367/956 [03:35<06:32,  1.50it/s]Deconvoluting Remaining Spots:  38%|███▊      | 368/956 [03:35<04:54,  2.00it/s]Deconvoluting Remaining Spots:  39%|███▊      | 369/956 [03:35<04:53,  2.00it/s]Deconvoluting Remaining Spots:  39%|███▊      | 370/956 [03:36<04:43,  2.07it/s]Deconvoluting Remaining Spots:  39%|███▉      | 371/956 [03:36<04:48,  2.03it/s]Deconvoluting Remaining Spots:  39%|███▉      | 372/956 [03:37<05:14,  1.86it/s]Deconvoluting Remaining Spots:  39%|███▉      | 373/956 [03:37<05:16,  1.84it/s]Deconvoluting Remaining Spots:  39%|███▉      | 374/956 [03:38<05:22,  1.81it/s]Deconvoluting Remaining Spots:  39%|███▉      | 375/956 [03:39<06:38,  1.46it/s]Deconvoluting Remaining Spots:  39%|███▉      | 377/956 [03:40<04:56,  1.95it/s]Deconvoluting Remaining Spots:  40%|███▉      | 378/956 [03:40<04:52,  1.97it/s]Deconvoluting Remaining Spots:  40%|███▉      | 379/956 [03:41<05:13,  1.84it/s]Deconvoluting Remaining Spots:  40%|███▉      | 380/956 [03:41<05:02,  1.91it/s]Deconvoluting Remaining Spots:  40%|███▉      | 381/956 [03:42<04:54,  1.95it/s]Deconvoluting Remaining Spots:  40%|███▉      | 382/956 [03:42<05:00,  1.91it/s]Deconvoluting Remaining Spots:  40%|████      | 383/956 [03:43<05:23,  1.77it/s]Deconvoluting Remaining Spots:  40%|████      | 384/956 [03:44<05:16,  1.81it/s]Deconvoluting Remaining Spots:  40%|████      | 385/956 [03:44<05:05,  1.87it/s]Deconvoluting Remaining Spots:  40%|████      | 386/956 [03:45<05:12,  1.83it/s]Deconvoluting Remaining Spots:  40%|████      | 387/956 [03:45<05:02,  1.88it/s]Deconvoluting Remaining Spots:  41%|████      | 388/956 [03:46<05:06,  1.86it/s]Deconvoluting Remaining Spots:  41%|████      | 389/956 [03:46<04:53,  1.93it/s]Deconvoluting Remaining Spots:  41%|████      | 390/956 [03:47<05:46,  1.63it/s]Deconvoluting Remaining Spots:  41%|████      | 391/956 [03:47<05:22,  1.75it/s]Deconvoluting Remaining Spots:  41%|████      | 392/956 [03:49<06:59,  1.34it/s]Deconvoluting Remaining Spots:  41%|████      | 393/956 [03:49<05:20,  1.76it/s]Deconvoluting Remaining Spots:  41%|████      | 394/956 [03:49<04:44,  1.98it/s]Deconvoluting Remaining Spots:  41%|████▏     | 395/956 [03:50<05:02,  1.86it/s]Deconvoluting Remaining Spots:  41%|████▏     | 396/956 [03:50<04:44,  1.97it/s]Deconvoluting Remaining Spots:  42%|████▏     | 397/956 [03:51<04:50,  1.92it/s]Deconvoluting Remaining Spots:  42%|████▏     | 398/956 [03:51<04:44,  1.96it/s]Deconvoluting Remaining Spots:  42%|████▏     | 399/956 [03:52<04:51,  1.91it/s]Deconvoluting Remaining Spots:  42%|████▏     | 400/956 [03:52<04:37,  2.01it/s]2026-02-18 16:21:40,777 - root - INFO - Saved checkpoint after 400 completed spots
Deconvoluting Remaining Spots:  42%|████▏     | 401/956 [04:00<24:13,  2.62s/it]Deconvoluting Remaining Spots:  43%|████▎     | 414/956 [04:00<03:43,  2.43it/s]Deconvoluting Remaining Spots:  44%|████▎     | 416/956 [04:01<03:55,  2.30it/s]Deconvoluting Remaining Spots:  44%|████▎     | 418/956 [04:02<04:07,  2.18it/s]Deconvoluting Remaining Spots:  44%|████▍     | 420/956 [04:03<04:15,  2.10it/s]Deconvoluting Remaining Spots:  44%|████▍     | 421/956 [04:04<04:35,  1.94it/s]Deconvoluting Remaining Spots:  44%|████▍     | 422/956 [04:05<04:35,  1.94it/s]Deconvoluting Remaining Spots:  44%|████▍     | 423/956 [04:05<04:39,  1.91it/s]Deconvoluting Remaining Spots:  44%|████▍     | 424/956 [04:06<05:15,  1.69it/s]Deconvoluting Remaining Spots:  44%|████▍     | 425/956 [04:07<05:05,  1.74it/s]Deconvoluting Remaining Spots:  45%|████▍     | 426/956 [04:07<04:43,  1.87it/s]Deconvoluting Remaining Spots:  45%|████▍     | 427/956 [04:08<05:02,  1.75it/s]Deconvoluting Remaining Spots:  45%|████▍     | 428/956 [04:08<04:55,  1.79it/s]Deconvoluting Remaining Spots:  45%|████▍     | 429/956 [04:09<04:58,  1.77it/s]Deconvoluting Remaining Spots:  45%|████▍     | 430/956 [04:09<04:39,  1.88it/s]Deconvoluting Remaining Spots:  45%|████▌     | 431/956 [04:10<04:56,  1.77it/s]Deconvoluting Remaining Spots:  45%|████▌     | 432/956 [04:10<05:08,  1.70it/s]Deconvoluting Remaining Spots:  45%|████▌     | 433/956 [04:11<04:39,  1.87it/s]Deconvoluting Remaining Spots:  45%|████▌     | 434/956 [04:12<05:34,  1.56it/s]Deconvoluting Remaining Spots:  46%|████▌     | 435/956 [04:12<04:50,  1.79it/s]Deconvoluting Remaining Spots:  46%|████▌     | 436/956 [04:13<04:45,  1.82it/s]Deconvoluting Remaining Spots:  46%|████▌     | 437/956 [04:13<04:37,  1.87it/s]Deconvoluting Remaining Spots:  46%|████▌     | 438/956 [04:14<04:15,  2.03it/s]Deconvoluting Remaining Spots:  46%|████▌     | 439/956 [04:14<04:48,  1.79it/s]Deconvoluting Remaining Spots:  46%|████▌     | 440/956 [04:15<04:23,  1.96it/s]Deconvoluting Remaining Spots:  46%|████▌     | 441/956 [04:15<04:34,  1.88it/s]Deconvoluting Remaining Spots:  46%|████▌     | 442/956 [04:16<04:32,  1.89it/s]Deconvoluting Remaining Spots:  46%|████▋     | 443/956 [04:16<04:25,  1.93it/s]Deconvoluting Remaining Spots:  46%|████▋     | 444/956 [04:17<04:19,  1.97it/s]Deconvoluting Remaining Spots:  47%|████▋     | 445/956 [04:17<04:39,  1.83it/s]Deconvoluting Remaining Spots:  47%|████▋     | 446/956 [04:18<05:14,  1.62it/s]Deconvoluting Remaining Spots:  47%|████▋     | 447/956 [04:18<04:25,  1.91it/s]Deconvoluting Remaining Spots:  47%|████▋     | 448/956 [04:19<04:12,  2.01it/s]Deconvoluting Remaining Spots:  47%|████▋     | 449/956 [04:19<04:30,  1.87it/s]Deconvoluting Remaining Spots:  47%|████▋     | 450/956 [04:20<04:29,  1.88it/s]Deconvoluting Remaining Spots:  47%|████▋     | 451/956 [04:21<04:40,  1.80it/s]Deconvoluting Remaining Spots:  47%|████▋     | 452/956 [04:21<04:39,  1.80it/s]Deconvoluting Remaining Spots:  47%|████▋     | 453/956 [04:22<05:04,  1.65it/s]Deconvoluting Remaining Spots:  47%|████▋     | 454/956 [04:22<04:33,  1.84it/s]Deconvoluting Remaining Spots:  48%|████▊     | 455/956 [04:23<04:33,  1.83it/s]Deconvoluting Remaining Spots:  48%|████▊     | 456/956 [04:23<04:07,  2.02it/s]Deconvoluting Remaining Spots:  48%|████▊     | 457/956 [04:24<04:08,  2.01it/s]Deconvoluting Remaining Spots:  48%|████▊     | 458/956 [04:24<04:17,  1.94it/s]Deconvoluting Remaining Spots:  48%|████▊     | 459/956 [04:25<04:15,  1.95it/s]Deconvoluting Remaining Spots:  48%|████▊     | 460/956 [04:25<04:15,  1.94it/s]Deconvoluting Remaining Spots:  48%|████▊     | 461/956 [04:26<04:30,  1.83it/s]Deconvoluting Remaining Spots:  48%|████▊     | 462/956 [04:26<04:28,  1.84it/s]Deconvoluting Remaining Spots:  48%|████▊     | 463/956 [04:27<04:29,  1.83it/s]Deconvoluting Remaining Spots:  49%|████▊     | 464/956 [04:27<04:08,  1.98it/s]Deconvoluting Remaining Spots:  49%|████▊     | 465/956 [04:28<04:13,  1.94it/s]Deconvoluting Remaining Spots:  49%|████▊     | 466/956 [04:29<04:29,  1.82it/s]Deconvoluting Remaining Spots:  49%|████▉     | 467/956 [04:29<04:24,  1.85it/s]Deconvoluting Remaining Spots:  49%|████▉     | 468/956 [04:30<04:41,  1.74it/s]Deconvoluting Remaining Spots:  49%|████▉     | 469/956 [04:30<04:40,  1.74it/s]Deconvoluting Remaining Spots:  49%|████▉     | 470/956 [04:31<04:33,  1.78it/s]Deconvoluting Remaining Spots:  49%|████▉     | 471/956 [04:31<04:22,  1.85it/s]Deconvoluting Remaining Spots:  49%|████▉     | 472/956 [04:32<04:20,  1.86it/s]Deconvoluting Remaining Spots:  49%|████▉     | 473/956 [04:33<04:44,  1.70it/s]Deconvoluting Remaining Spots:  50%|████▉     | 474/956 [04:33<04:05,  1.96it/s]Deconvoluting Remaining Spots:  50%|████▉     | 475/956 [04:34<04:10,  1.92it/s]Deconvoluting Remaining Spots:  50%|████▉     | 476/956 [04:34<04:02,  1.98it/s]Deconvoluting Remaining Spots:  50%|████▉     | 477/956 [04:35<04:09,  1.92it/s]Deconvoluting Remaining Spots:  50%|█████     | 478/956 [04:35<03:59,  1.99it/s]Deconvoluting Remaining Spots:  50%|█████     | 479/956 [04:36<04:03,  1.96it/s]Deconvoluting Remaining Spots:  50%|█████     | 480/956 [04:36<04:17,  1.85it/s]Deconvoluting Remaining Spots:  50%|█████     | 481/956 [04:37<04:18,  1.84it/s]Deconvoluting Remaining Spots:  50%|█████     | 482/956 [04:37<04:36,  1.71it/s]Deconvoluting Remaining Spots:  51%|█████     | 483/956 [04:38<04:24,  1.79it/s]Deconvoluting Remaining Spots:  51%|█████     | 484/956 [04:38<04:26,  1.77it/s]Deconvoluting Remaining Spots:  51%|█████     | 485/956 [04:39<03:58,  1.97it/s]Deconvoluting Remaining Spots:  51%|█████     | 486/956 [04:39<04:02,  1.94it/s]Deconvoluting Remaining Spots:  51%|█████     | 487/956 [04:40<04:01,  1.95it/s]Deconvoluting Remaining Spots:  51%|█████     | 488/956 [04:40<04:03,  1.92it/s]Deconvoluting Remaining Spots:  51%|█████     | 489/956 [04:41<04:16,  1.82it/s]Deconvoluting Remaining Spots:  51%|█████▏    | 490/956 [04:42<04:08,  1.87it/s]Deconvoluting Remaining Spots:  51%|█████▏    | 491/956 [04:42<04:19,  1.79it/s]Deconvoluting Remaining Spots:  51%|█████▏    | 492/956 [04:43<04:17,  1.80it/s]Deconvoluting Remaining Spots:  52%|█████▏    | 493/956 [04:43<04:16,  1.81it/s]Deconvoluting Remaining Spots:  52%|█████▏    | 494/956 [04:44<05:03,  1.52it/s]Deconvoluting Remaining Spots:  52%|█████▏    | 496/956 [04:45<03:56,  1.95it/s]Deconvoluting Remaining Spots:  52%|█████▏    | 497/956 [04:46<04:17,  1.78it/s]Deconvoluting Remaining Spots:  52%|█████▏    | 498/956 [04:46<04:38,  1.65it/s]Deconvoluting Remaining Spots:  52%|█████▏    | 499/956 [04:46<03:47,  2.01it/s]Deconvoluting Remaining Spots:  52%|█████▏    | 500/956 [04:47<03:58,  1.91it/s]2026-02-18 16:22:37,633 - root - INFO - Saved checkpoint after 500 completed spots
Deconvoluting Remaining Spots:  52%|█████▏    | 501/956 [04:57<23:28,  3.10s/it]Deconvoluting Remaining Spots:  54%|█████▍    | 518/956 [04:57<02:59,  2.44it/s]Deconvoluting Remaining Spots:  54%|█████▍    | 520/956 [04:58<03:06,  2.34it/s]Deconvoluting Remaining Spots:  55%|█████▍    | 522/956 [04:59<03:17,  2.19it/s]Deconvoluting Remaining Spots:  55%|█████▍    | 523/956 [05:00<03:31,  2.05it/s]Deconvoluting Remaining Spots:  55%|█████▍    | 524/956 [05:00<03:19,  2.16it/s]Deconvoluting Remaining Spots:  55%|█████▍    | 525/956 [05:01<03:25,  2.09it/s]Deconvoluting Remaining Spots:  55%|█████▌    | 526/956 [05:01<03:27,  2.07it/s]Deconvoluting Remaining Spots:  55%|█████▌    | 527/956 [05:02<03:52,  1.84it/s]Deconvoluting Remaining Spots:  55%|█████▌    | 528/956 [05:03<03:37,  1.97it/s]Deconvoluting Remaining Spots:  55%|█████▌    | 529/956 [05:03<04:02,  1.76it/s]Deconvoluting Remaining Spots:  55%|█████▌    | 530/956 [05:04<03:58,  1.78it/s]Deconvoluting Remaining Spots:  56%|█████▌    | 531/956 [05:05<04:49,  1.47it/s]Deconvoluting Remaining Spots:  56%|█████▌    | 533/956 [05:06<03:44,  1.88it/s]Deconvoluting Remaining Spots:  56%|█████▌    | 534/956 [05:06<03:40,  1.91it/s]Deconvoluting Remaining Spots:  56%|█████▌    | 535/956 [05:07<03:37,  1.94it/s]Deconvoluting Remaining Spots:  56%|█████▌    | 536/956 [05:07<03:50,  1.82it/s]Deconvoluting Remaining Spots:  56%|█████▌    | 537/956 [05:08<03:52,  1.80it/s]Deconvoluting Remaining Spots:  56%|█████▋    | 538/956 [05:08<03:57,  1.76it/s]Deconvoluting Remaining Spots:  56%|█████▋    | 539/956 [05:09<03:31,  1.97it/s]Deconvoluting Remaining Spots:  56%|█████▋    | 540/956 [05:09<03:22,  2.06it/s]Deconvoluting Remaining Spots:  57%|█████▋    | 541/956 [05:10<03:27,  2.00it/s]Deconvoluting Remaining Spots:  57%|█████▋    | 542/956 [05:10<03:39,  1.89it/s]Deconvoluting Remaining Spots:  57%|█████▋    | 543/956 [05:11<04:03,  1.70it/s]Deconvoluting Remaining Spots:  57%|█████▋    | 544/956 [05:12<03:54,  1.75it/s]Deconvoluting Remaining Spots:  57%|█████▋    | 545/956 [05:12<04:29,  1.53it/s]Deconvoluting Remaining Spots:  57%|█████▋    | 546/956 [05:13<03:57,  1.73it/s]Deconvoluting Remaining Spots:  57%|█████▋    | 547/956 [05:13<03:26,  1.98it/s]Deconvoluting Remaining Spots:  57%|█████▋    | 548/956 [05:14<03:23,  2.01it/s]Deconvoluting Remaining Spots:  57%|█████▋    | 549/956 [05:14<03:32,  1.91it/s]Deconvoluting Remaining Spots:  58%|█████▊    | 550/956 [05:15<03:39,  1.85it/s]Deconvoluting Remaining Spots:  58%|█████▊    | 551/956 [05:15<03:36,  1.87it/s]Deconvoluting Remaining Spots:  58%|█████▊    | 552/956 [05:16<03:49,  1.76it/s]Deconvoluting Remaining Spots:  58%|█████▊    | 553/956 [05:16<03:39,  1.83it/s]Deconvoluting Remaining Spots:  58%|█████▊    | 554/956 [05:17<03:43,  1.80it/s]Deconvoluting Remaining Spots:  58%|█████▊    | 555/956 [05:17<03:27,  1.94it/s]Deconvoluting Remaining Spots:  58%|█████▊    | 556/956 [05:18<03:31,  1.90it/s]Deconvoluting Remaining Spots:  58%|█████▊    | 557/956 [05:18<03:22,  1.97it/s]Deconvoluting Remaining Spots:  58%|█████▊    | 558/956 [05:19<03:36,  1.84it/s]Deconvoluting Remaining Spots:  58%|█████▊    | 559/956 [05:20<03:45,  1.76it/s]Deconvoluting Remaining Spots:  59%|█████▊    | 560/956 [05:20<03:41,  1.79it/s]Deconvoluting Remaining Spots:  59%|█████▊    | 561/956 [05:21<03:59,  1.65it/s]Deconvoluting Remaining Spots:  59%|█████▉    | 562/956 [05:21<03:51,  1.70it/s]Deconvoluting Remaining Spots:  59%|█████▉    | 563/956 [05:22<03:50,  1.71it/s]Deconvoluting Remaining Spots:  59%|█████▉    | 564/956 [05:23<03:45,  1.74it/s]Deconvoluting Remaining Spots:  59%|█████▉    | 565/956 [05:23<03:11,  2.04it/s]Deconvoluting Remaining Spots:  59%|█████▉    | 566/956 [05:23<03:11,  2.04it/s]Deconvoluting Remaining Spots:  59%|█████▉    | 567/956 [05:24<03:52,  1.67it/s]Deconvoluting Remaining Spots:  59%|█████▉    | 568/956 [05:25<03:14,  1.99it/s]Deconvoluting Remaining Spots:  60%|█████▉    | 569/956 [05:25<04:06,  1.57it/s]Deconvoluting Remaining Spots:  60%|█████▉    | 570/956 [05:26<03:10,  2.02it/s]Deconvoluting Remaining Spots:  60%|█████▉    | 571/956 [05:26<02:59,  2.15it/s]Deconvoluting Remaining Spots:  60%|█████▉    | 572/956 [05:27<03:03,  2.09it/s]Deconvoluting Remaining Spots:  60%|█████▉    | 573/956 [05:27<03:22,  1.89it/s]Deconvoluting Remaining Spots:  60%|██████    | 574/956 [05:28<03:28,  1.83it/s]Deconvoluting Remaining Spots:  60%|██████    | 575/956 [05:28<03:32,  1.79it/s]Deconvoluting Remaining Spots:  60%|██████    | 576/956 [05:29<03:25,  1.85it/s]Deconvoluting Remaining Spots:  60%|██████    | 577/956 [05:30<03:35,  1.76it/s]Deconvoluting Remaining Spots:  60%|██████    | 578/956 [05:30<03:22,  1.87it/s]Deconvoluting Remaining Spots:  61%|██████    | 579/956 [05:30<03:12,  1.96it/s]Deconvoluting Remaining Spots:  61%|██████    | 580/956 [05:31<03:28,  1.81it/s]Deconvoluting Remaining Spots:  61%|██████    | 581/956 [05:32<03:17,  1.90it/s]Deconvoluting Remaining Spots:  61%|██████    | 582/956 [05:32<03:24,  1.83it/s]Deconvoluting Remaining Spots:  61%|██████    | 583/956 [05:33<03:12,  1.94it/s]Deconvoluting Remaining Spots:  61%|██████    | 584/956 [05:34<04:08,  1.50it/s]Deconvoluting Remaining Spots:  61%|██████    | 585/956 [05:34<03:09,  1.96it/s]Deconvoluting Remaining Spots:  61%|██████▏   | 586/956 [05:34<03:23,  1.81it/s]Deconvoluting Remaining Spots:  61%|██████▏   | 587/956 [05:35<03:05,  1.99it/s]Deconvoluting Remaining Spots:  62%|██████▏   | 588/956 [05:35<03:22,  1.81it/s]Deconvoluting Remaining Spots:  62%|██████▏   | 589/956 [05:36<03:13,  1.90it/s]Deconvoluting Remaining Spots:  62%|██████▏   | 590/956 [05:36<03:12,  1.90it/s]Deconvoluting Remaining Spots:  62%|██████▏   | 591/956 [05:37<03:23,  1.80it/s]Deconvoluting Remaining Spots:  62%|██████▏   | 592/956 [05:38<03:18,  1.83it/s]Deconvoluting Remaining Spots:  62%|██████▏   | 593/956 [05:38<03:17,  1.84it/s]Deconvoluting Remaining Spots:  62%|██████▏   | 594/956 [05:39<03:21,  1.80it/s]Deconvoluting Remaining Spots:  62%|██████▏   | 595/956 [05:39<03:17,  1.82it/s]Deconvoluting Remaining Spots:  62%|██████▏   | 596/956 [05:40<03:57,  1.51it/s]Deconvoluting Remaining Spots:  62%|██████▏   | 597/956 [05:40<03:03,  1.96it/s]Deconvoluting Remaining Spots:  63%|██████▎   | 598/956 [05:41<03:18,  1.81it/s]Deconvoluting Remaining Spots:  63%|██████▎   | 599/956 [05:42<03:57,  1.50it/s]2026-02-18 16:23:34,439 - root - INFO - Saved checkpoint after 600 completed spots
Deconvoluting Remaining Spots:  63%|██████▎   | 601/956 [05:53<17:48,  3.01s/it]Deconvoluting Remaining Spots:  65%|██████▍   | 621/956 [05:54<02:26,  2.29it/s]Deconvoluting Remaining Spots:  65%|██████▌   | 622/956 [05:54<02:20,  2.38it/s]Deconvoluting Remaining Spots:  65%|██████▌   | 623/956 [05:55<02:23,  2.32it/s]Deconvoluting Remaining Spots:  65%|██████▌   | 624/956 [05:55<02:21,  2.35it/s]Deconvoluting Remaining Spots:  65%|██████▌   | 625/956 [05:56<02:24,  2.28it/s]Deconvoluting Remaining Spots:  65%|██████▌   | 626/956 [05:57<02:34,  2.14it/s]Deconvoluting Remaining Spots:  66%|██████▌   | 627/956 [05:57<02:37,  2.09it/s]Deconvoluting Remaining Spots:  66%|██████▌   | 628/956 [05:58<02:49,  1.93it/s]Deconvoluting Remaining Spots:  66%|██████▌   | 629/956 [05:58<02:51,  1.91it/s]Deconvoluting Remaining Spots:  66%|██████▌   | 630/956 [05:59<02:49,  1.92it/s]Deconvoluting Remaining Spots:  66%|██████▌   | 631/956 [05:59<02:55,  1.85it/s]Deconvoluting Remaining Spots:  66%|██████▌   | 632/956 [06:00<02:50,  1.90it/s]Deconvoluting Remaining Spots:  66%|██████▌   | 633/956 [06:00<02:36,  2.06it/s]Deconvoluting Remaining Spots:  66%|██████▋   | 634/956 [06:01<02:46,  1.93it/s]Deconvoluting Remaining Spots:  66%|██████▋   | 635/956 [06:02<02:59,  1.78it/s]Deconvoluting Remaining Spots:  67%|██████▋   | 636/956 [06:02<03:09,  1.69it/s]Deconvoluting Remaining Spots:  67%|██████▋   | 637/956 [06:03<03:00,  1.77it/s]Deconvoluting Remaining Spots:  67%|██████▋   | 638/956 [06:03<03:14,  1.63it/s]Deconvoluting Remaining Spots:  67%|██████▋   | 639/956 [06:04<03:31,  1.50it/s]Deconvoluting Remaining Spots:  67%|██████▋   | 640/956 [06:04<02:42,  1.95it/s]Deconvoluting Remaining Spots:  67%|██████▋   | 641/956 [06:05<03:07,  1.68it/s]Deconvoluting Remaining Spots:  67%|██████▋   | 642/956 [06:05<02:31,  2.07it/s]Deconvoluting Remaining Spots:  67%|██████▋   | 643/956 [06:06<03:22,  1.55it/s]Deconvoluting Remaining Spots:  67%|██████▋   | 645/956 [06:07<02:33,  2.02it/s]Deconvoluting Remaining Spots:  68%|██████▊   | 646/956 [06:07<02:27,  2.10it/s]Deconvoluting Remaining Spots:  68%|██████▊   | 647/956 [06:08<02:34,  2.00it/s]Deconvoluting Remaining Spots:  68%|██████▊   | 648/956 [06:08<02:24,  2.13it/s]Deconvoluting Remaining Spots:  68%|██████▊   | 649/956 [06:09<02:41,  1.90it/s]Deconvoluting Remaining Spots:  68%|██████▊   | 650/956 [06:10<02:41,  1.90it/s]Deconvoluting Remaining Spots:  68%|██████▊   | 651/956 [06:10<02:45,  1.84it/s]Deconvoluting Remaining Spots:  68%|██████▊   | 652/956 [06:11<02:56,  1.72it/s]Deconvoluting Remaining Spots:  68%|██████▊   | 653/956 [06:11<02:46,  1.82it/s]Deconvoluting Remaining Spots:  68%|██████▊   | 654/956 [06:12<02:54,  1.74it/s]Deconvoluting Remaining Spots:  69%|██████▊   | 655/956 [06:12<02:43,  1.84it/s]Deconvoluting Remaining Spots:  69%|██████▊   | 656/956 [06:13<02:36,  1.91it/s]Deconvoluting Remaining Spots:  69%|██████▊   | 657/956 [06:14<02:54,  1.72it/s]Deconvoluting Remaining Spots:  69%|██████▉   | 658/956 [06:14<02:58,  1.67it/s]Deconvoluting Remaining Spots:  69%|██████▉   | 659/956 [06:15<02:47,  1.77it/s]Deconvoluting Remaining Spots:  69%|██████▉   | 660/956 [06:15<02:37,  1.88it/s]Deconvoluting Remaining Spots:  69%|██████▉   | 661/956 [06:16<02:44,  1.79it/s]Deconvoluting Remaining Spots:  69%|██████▉   | 662/956 [06:16<02:42,  1.80it/s]Deconvoluting Remaining Spots:  69%|██████▉   | 663/956 [06:17<02:31,  1.93it/s]Deconvoluting Remaining Spots:  69%|██████▉   | 664/956 [06:17<02:27,  1.98it/s]Deconvoluting Remaining Spots:  70%|██████▉   | 665/956 [06:18<02:34,  1.88it/s]Deconvoluting Remaining Spots:  70%|██████▉   | 666/956 [06:18<02:37,  1.85it/s]Deconvoluting Remaining Spots:  70%|██████▉   | 667/956 [06:19<02:37,  1.83it/s]Deconvoluting Remaining Spots:  70%|██████▉   | 668/956 [06:20<03:05,  1.55it/s]Deconvoluting Remaining Spots:  70%|██████▉   | 669/956 [06:20<02:57,  1.61it/s]Deconvoluting Remaining Spots:  70%|███████   | 670/956 [06:21<02:31,  1.89it/s]Deconvoluting Remaining Spots:  70%|███████   | 671/956 [06:21<02:31,  1.88it/s]Deconvoluting Remaining Spots:  70%|███████   | 672/956 [06:22<02:34,  1.84it/s]Deconvoluting Remaining Spots:  70%|███████   | 673/956 [06:22<02:27,  1.92it/s]Deconvoluting Remaining Spots:  71%|███████   | 674/956 [06:23<02:29,  1.89it/s]Deconvoluting Remaining Spots:  71%|███████   | 675/956 [06:23<02:29,  1.89it/s]Deconvoluting Remaining Spots:  71%|███████   | 676/956 [06:24<02:19,  2.01it/s]Deconvoluting Remaining Spots:  71%|███████   | 677/956 [06:24<02:28,  1.88it/s]Deconvoluting Remaining Spots:  71%|███████   | 678/956 [06:25<02:25,  1.91it/s]Deconvoluting Remaining Spots:  71%|███████   | 679/956 [06:25<02:20,  1.97it/s]Deconvoluting Remaining Spots:  71%|███████   | 680/956 [06:26<02:16,  2.02it/s]Deconvoluting Remaining Spots:  71%|███████   | 681/956 [06:27<02:40,  1.71it/s]Deconvoluting Remaining Spots:  71%|███████▏  | 682/956 [06:27<02:37,  1.74it/s]Deconvoluting Remaining Spots:  71%|███████▏  | 683/956 [06:28<03:18,  1.38it/s]Deconvoluting Remaining Spots:  72%|███████▏  | 684/956 [06:29<02:38,  1.72it/s]Deconvoluting Remaining Spots:  72%|███████▏  | 685/956 [06:29<02:12,  2.04it/s]Deconvoluting Remaining Spots:  72%|███████▏  | 686/956 [06:29<02:08,  2.10it/s]Deconvoluting Remaining Spots:  72%|███████▏  | 687/956 [06:30<02:18,  1.94it/s]Deconvoluting Remaining Spots:  72%|███████▏  | 688/956 [06:30<02:15,  1.97it/s]Deconvoluting Remaining Spots:  72%|███████▏  | 689/956 [06:31<02:21,  1.89it/s]Deconvoluting Remaining Spots:  72%|███████▏  | 690/956 [06:32<02:26,  1.82it/s]Deconvoluting Remaining Spots:  72%|███████▏  | 691/956 [06:32<02:15,  1.96it/s]Deconvoluting Remaining Spots:  72%|███████▏  | 692/956 [06:33<02:18,  1.90it/s]Deconvoluting Remaining Spots:  72%|███████▏  | 693/956 [06:33<02:16,  1.93it/s]Deconvoluting Remaining Spots:  73%|███████▎  | 694/956 [06:34<02:25,  1.80it/s]Deconvoluting Remaining Spots:  73%|███████▎  | 695/956 [06:34<02:22,  1.83it/s]Deconvoluting Remaining Spots:  73%|███████▎  | 696/956 [06:35<02:19,  1.86it/s]Deconvoluting Remaining Spots:  73%|███████▎  | 697/956 [06:35<02:15,  1.91it/s]Deconvoluting Remaining Spots:  73%|███████▎  | 698/956 [06:36<02:45,  1.56it/s]Deconvoluting Remaining Spots:  73%|███████▎  | 699/956 [06:37<02:29,  1.72it/s]Deconvoluting Remaining Spots:  73%|███████▎  | 700/956 [06:37<02:36,  1.63it/s]2026-02-18 16:24:32,532 - root - INFO - Saved checkpoint after 700 completed spots
Deconvoluting Remaining Spots:  73%|███████▎  | 701/956 [06:51<19:55,  4.69s/it]Deconvoluting Remaining Spots:  76%|███████▌  | 726/956 [06:52<01:33,  2.46it/s]Deconvoluting Remaining Spots:  76%|███████▋  | 731/956 [06:54<01:37,  2.30it/s]Deconvoluting Remaining Spots:  77%|███████▋  | 734/956 [06:56<01:43,  2.15it/s]Deconvoluting Remaining Spots:  77%|███████▋  | 737/956 [06:58<01:44,  2.09it/s]Deconvoluting Remaining Spots:  77%|███████▋  | 739/956 [06:59<01:50,  1.97it/s]Deconvoluting Remaining Spots:  78%|███████▊  | 741/956 [07:00<01:44,  2.06it/s]Deconvoluting Remaining Spots:  78%|███████▊  | 742/956 [07:00<01:41,  2.10it/s]Deconvoluting Remaining Spots:  78%|███████▊  | 743/956 [07:01<01:46,  1.99it/s]Deconvoluting Remaining Spots:  78%|███████▊  | 744/956 [07:02<01:51,  1.90it/s]Deconvoluting Remaining Spots:  78%|███████▊  | 745/956 [07:02<01:52,  1.87it/s]Deconvoluting Remaining Spots:  78%|███████▊  | 746/956 [07:03<01:52,  1.87it/s]Deconvoluting Remaining Spots:  78%|███████▊  | 747/956 [07:03<01:46,  1.97it/s]Deconvoluting Remaining Spots:  78%|███████▊  | 748/956 [07:04<01:40,  2.08it/s]Deconvoluting Remaining Spots:  78%|███████▊  | 749/956 [07:04<01:50,  1.87it/s]Deconvoluting Remaining Spots:  78%|███████▊  | 750/956 [07:05<01:50,  1.86it/s]Deconvoluting Remaining Spots:  79%|███████▊  | 751/956 [07:05<01:53,  1.81it/s]Deconvoluting Remaining Spots:  79%|███████▊  | 752/956 [07:06<01:51,  1.84it/s]Deconvoluting Remaining Spots:  79%|███████▉  | 753/956 [07:07<02:09,  1.56it/s]Deconvoluting Remaining Spots:  79%|███████▉  | 754/956 [07:07<01:44,  1.93it/s]Deconvoluting Remaining Spots:  79%|███████▉  | 755/956 [07:08<01:49,  1.84it/s]Deconvoluting Remaining Spots:  79%|███████▉  | 756/956 [07:08<01:50,  1.82it/s]Deconvoluting Remaining Spots:  79%|███████▉  | 757/956 [07:09<02:17,  1.45it/s]Deconvoluting Remaining Spots:  79%|███████▉  | 758/956 [07:09<01:47,  1.85it/s]Deconvoluting Remaining Spots:  79%|███████▉  | 759/956 [07:10<01:37,  2.03it/s]Deconvoluting Remaining Spots:  79%|███████▉  | 760/956 [07:10<01:35,  2.05it/s]Deconvoluting Remaining Spots:  80%|███████▉  | 761/956 [07:11<01:35,  2.04it/s]Deconvoluting Remaining Spots:  80%|███████▉  | 762/956 [07:11<01:36,  2.01it/s]Deconvoluting Remaining Spots:  80%|███████▉  | 763/956 [07:12<01:38,  1.96it/s]Deconvoluting Remaining Spots:  80%|███████▉  | 764/956 [07:13<01:44,  1.84it/s]Deconvoluting Remaining Spots:  80%|████████  | 765/956 [07:13<01:39,  1.92it/s]Deconvoluting Remaining Spots:  80%|████████  | 766/956 [07:14<01:39,  1.92it/s]Deconvoluting Remaining Spots:  80%|████████  | 767/956 [07:14<01:39,  1.90it/s]Deconvoluting Remaining Spots:  80%|████████  | 768/956 [07:15<01:46,  1.77it/s]Deconvoluting Remaining Spots:  80%|████████  | 769/956 [07:15<01:52,  1.66it/s]Deconvoluting Remaining Spots:  81%|████████  | 770/956 [07:16<01:46,  1.75it/s]Deconvoluting Remaining Spots:  81%|████████  | 771/956 [07:16<01:42,  1.80it/s]Deconvoluting Remaining Spots:  81%|████████  | 772/956 [07:17<01:42,  1.80it/s]Deconvoluting Remaining Spots:  81%|████████  | 773/956 [07:17<01:36,  1.90it/s]Deconvoluting Remaining Spots:  81%|████████  | 774/956 [07:18<01:37,  1.86it/s]Deconvoluting Remaining Spots:  81%|████████  | 775/956 [07:19<01:42,  1.76it/s]Deconvoluting Remaining Spots:  81%|████████  | 776/956 [07:19<01:37,  1.84it/s]Deconvoluting Remaining Spots:  81%|████████▏ | 777/956 [07:20<01:53,  1.57it/s]Deconvoluting Remaining Spots:  81%|████████▏ | 778/956 [07:20<01:35,  1.87it/s]Deconvoluting Remaining Spots:  81%|████████▏ | 779/956 [07:21<01:27,  2.02it/s]Deconvoluting Remaining Spots:  82%|████████▏ | 780/956 [07:21<01:32,  1.90it/s]Deconvoluting Remaining Spots:  82%|████████▏ | 781/956 [07:22<01:30,  1.92it/s]Deconvoluting Remaining Spots:  82%|████████▏ | 782/956 [07:22<01:37,  1.79it/s]Deconvoluting Remaining Spots:  82%|████████▏ | 783/956 [07:23<01:31,  1.88it/s]Deconvoluting Remaining Spots:  82%|████████▏ | 784/956 [07:23<01:33,  1.83it/s]Deconvoluting Remaining Spots:  82%|████████▏ | 785/956 [07:24<01:34,  1.81it/s]Deconvoluting Remaining Spots:  82%|████████▏ | 786/956 [07:25<01:45,  1.60it/s]Deconvoluting Remaining Spots:  82%|████████▏ | 787/956 [07:25<01:26,  1.95it/s]Deconvoluting Remaining Spots:  82%|████████▏ | 788/956 [07:26<01:29,  1.87it/s]Deconvoluting Remaining Spots:  83%|████████▎ | 789/956 [07:26<01:27,  1.91it/s]Deconvoluting Remaining Spots:  83%|████████▎ | 790/956 [07:27<01:30,  1.84it/s]Deconvoluting Remaining Spots:  83%|████████▎ | 791/956 [07:28<01:40,  1.64it/s]Deconvoluting Remaining Spots:  83%|████████▎ | 792/956 [07:28<01:26,  1.90it/s]Deconvoluting Remaining Spots:  83%|████████▎ | 793/956 [07:28<01:26,  1.88it/s]Deconvoluting Remaining Spots:  83%|████████▎ | 794/956 [07:29<01:27,  1.85it/s]Deconvoluting Remaining Spots:  83%|████████▎ | 795/956 [07:29<01:24,  1.91it/s]Deconvoluting Remaining Spots:  83%|████████▎ | 796/956 [07:30<01:46,  1.50it/s]Deconvoluting Remaining Spots:  83%|████████▎ | 798/956 [07:31<01:17,  2.03it/s]Deconvoluting Remaining Spots:  84%|████████▎ | 799/956 [07:31<01:15,  2.07it/s]Deconvoluting Remaining Spots:  84%|████████▎ | 800/956 [07:33<01:42,  1.51it/s]2026-02-18 16:25:28,938 - root - INFO - Saved checkpoint after 800 completed spots
Deconvoluting Remaining Spots:  84%|████████▍ | 801/956 [07:48<11:57,  4.63s/it]Deconvoluting Remaining Spots:  87%|████████▋ | 829/956 [07:48<00:51,  2.46it/s]Deconvoluting Remaining Spots:  87%|████████▋ | 831/956 [07:50<00:53,  2.34it/s]Deconvoluting Remaining Spots:  87%|████████▋ | 833/956 [07:51<00:53,  2.31it/s]Deconvoluting Remaining Spots:  87%|████████▋ | 834/956 [07:51<00:53,  2.26it/s]Deconvoluting Remaining Spots:  87%|████████▋ | 835/956 [07:52<00:55,  2.19it/s]Deconvoluting Remaining Spots:  87%|████████▋ | 836/956 [07:52<00:57,  2.09it/s]Deconvoluting Remaining Spots:  88%|████████▊ | 837/956 [07:53<00:58,  2.03it/s]Deconvoluting Remaining Spots:  88%|████████▊ | 838/956 [07:53<00:57,  2.07it/s]Deconvoluting Remaining Spots:  88%|████████▊ | 839/956 [07:54<00:57,  2.02it/s]Deconvoluting Remaining Spots:  88%|████████▊ | 840/956 [07:55<00:58,  1.98it/s]Deconvoluting Remaining Spots:  88%|████████▊ | 841/956 [07:55<00:58,  1.97it/s]Deconvoluting Remaining Spots:  88%|████████▊ | 842/956 [07:56<01:03,  1.81it/s]Deconvoluting Remaining Spots:  88%|████████▊ | 843/956 [07:56<01:02,  1.82it/s]Deconvoluting Remaining Spots:  88%|████████▊ | 844/956 [07:57<01:00,  1.85it/s]Deconvoluting Remaining Spots:  88%|████████▊ | 845/956 [07:57<00:58,  1.90it/s]Deconvoluting Remaining Spots:  88%|████████▊ | 846/956 [07:58<00:56,  1.95it/s]Deconvoluting Remaining Spots:  89%|████████▊ | 847/956 [07:59<01:04,  1.68it/s]Deconvoluting Remaining Spots:  89%|████████▊ | 848/956 [07:59<00:58,  1.84it/s]Deconvoluting Remaining Spots:  89%|████████▉ | 849/956 [07:59<00:54,  1.97it/s]Deconvoluting Remaining Spots:  89%|████████▉ | 850/956 [08:00<00:53,  1.97it/s]Deconvoluting Remaining Spots:  89%|████████▉ | 851/956 [08:01<00:56,  1.87it/s]Deconvoluting Remaining Spots:  89%|████████▉ | 852/956 [08:01<00:55,  1.86it/s]Deconvoluting Remaining Spots:  89%|████████▉ | 853/956 [08:02<00:56,  1.83it/s]Deconvoluting Remaining Spots:  89%|████████▉ | 854/956 [08:02<00:53,  1.90it/s]Deconvoluting Remaining Spots:  89%|████████▉ | 855/956 [08:03<00:53,  1.89it/s]Deconvoluting Remaining Spots:  90%|████████▉ | 856/956 [08:03<00:59,  1.68it/s]Deconvoluting Remaining Spots:  90%|████████▉ | 857/956 [08:04<00:58,  1.68it/s]Deconvoluting Remaining Spots:  90%|████████▉ | 858/956 [08:04<00:51,  1.92it/s]Deconvoluting Remaining Spots:  90%|████████▉ | 859/956 [08:05<00:47,  2.06it/s]Deconvoluting Remaining Spots:  90%|████████▉ | 860/956 [08:05<00:53,  1.81it/s]Deconvoluting Remaining Spots:  90%|█████████ | 861/956 [08:06<00:55,  1.71it/s]Deconvoluting Remaining Spots:  90%|█████████ | 862/956 [08:07<00:54,  1.71it/s]Deconvoluting Remaining Spots:  90%|█████████ | 863/956 [08:07<00:49,  1.87it/s]Deconvoluting Remaining Spots:  90%|█████████ | 864/956 [08:08<00:46,  1.98it/s]Deconvoluting Remaining Spots:  90%|█████████ | 865/956 [08:08<00:41,  2.21it/s]Deconvoluting Remaining Spots:  91%|█████████ | 866/956 [08:09<00:46,  1.95it/s]Deconvoluting Remaining Spots:  91%|█████████ | 867/956 [08:09<00:46,  1.92it/s]Deconvoluting Remaining Spots:  91%|█████████ | 868/956 [08:10<00:45,  1.92it/s]Deconvoluting Remaining Spots:  91%|█████████ | 869/956 [08:10<00:46,  1.85it/s]Deconvoluting Remaining Spots:  91%|█████████ | 870/956 [08:11<00:44,  1.94it/s]Deconvoluting Remaining Spots:  91%|█████████ | 871/956 [08:11<00:45,  1.87it/s]Deconvoluting Remaining Spots:  91%|█████████ | 872/956 [08:12<00:45,  1.84it/s]Deconvoluting Remaining Spots:  91%|█████████▏| 873/956 [08:13<00:56,  1.48it/s]Deconvoluting Remaining Spots:  91%|█████████▏| 874/956 [08:13<00:43,  1.90it/s]Deconvoluting Remaining Spots:  92%|█████████▏| 875/956 [08:14<00:52,  1.54it/s]Deconvoluting Remaining Spots:  92%|█████████▏| 877/956 [08:15<00:39,  1.98it/s]Deconvoluting Remaining Spots:  92%|█████████▏| 878/956 [08:15<00:38,  2.03it/s]Deconvoluting Remaining Spots:  92%|█████████▏| 879/956 [08:16<00:38,  1.99it/s]Deconvoluting Remaining Spots:  92%|█████████▏| 880/956 [08:16<00:37,  2.03it/s]Deconvoluting Remaining Spots:  92%|█████████▏| 881/956 [08:17<00:38,  1.95it/s]Deconvoluting Remaining Spots:  92%|█████████▏| 882/956 [08:17<00:39,  1.90it/s]Deconvoluting Remaining Spots:  92%|█████████▏| 883/956 [08:18<00:38,  1.88it/s]Deconvoluting Remaining Spots:  92%|█████████▏| 884/956 [08:18<00:40,  1.78it/s]Deconvoluting Remaining Spots:  93%|█████████▎| 885/956 [08:19<00:37,  1.89it/s]Deconvoluting Remaining Spots:  93%|█████████▎| 886/956 [08:19<00:37,  1.87it/s]Deconvoluting Remaining Spots:  93%|█████████▎| 887/956 [08:20<00:36,  1.88it/s]Deconvoluting Remaining Spots:  93%|█████████▎| 888/956 [08:20<00:38,  1.79it/s]Deconvoluting Remaining Spots:  93%|█████████▎| 889/956 [08:21<00:37,  1.81it/s]Deconvoluting Remaining Spots:  93%|█████████▎| 890/956 [08:22<00:37,  1.75it/s]Deconvoluting Remaining Spots:  93%|█████████▎| 891/956 [08:22<00:38,  1.71it/s]Deconvoluting Remaining Spots:  93%|█████████▎| 892/956 [08:23<00:36,  1.77it/s]Deconvoluting Remaining Spots:  93%|█████████▎| 893/956 [08:24<00:44,  1.42it/s]Deconvoluting Remaining Spots:  94%|█████████▎| 895/956 [08:24<00:32,  1.90it/s]Deconvoluting Remaining Spots:  94%|█████████▎| 896/956 [08:25<00:29,  2.06it/s]Deconvoluting Remaining Spots:  94%|█████████▍| 897/956 [08:25<00:30,  1.94it/s]Deconvoluting Remaining Spots:  94%|█████████▍| 898/956 [08:26<00:30,  1.88it/s]Deconvoluting Remaining Spots:  94%|█████████▍| 899/956 [08:26<00:30,  1.89it/s]Deconvoluting Remaining Spots:  94%|█████████▍| 900/956 [08:27<00:31,  1.79it/s]2026-02-18 16:26:25,129 - root - INFO - Saved checkpoint after 900 completed spots
Deconvoluting Remaining Spots:  94%|█████████▍| 901/956 [08:44<04:52,  5.31s/it]Deconvoluting Remaining Spots:  97%|█████████▋| 931/956 [08:44<00:10,  2.47it/s]Deconvoluting Remaining Spots:  98%|█████████▊| 935/956 [08:47<00:09,  2.32it/s]Deconvoluting Remaining Spots:  98%|█████████▊| 938/956 [08:48<00:08,  2.25it/s]Deconvoluting Remaining Spots:  98%|█████████▊| 940/956 [08:49<00:07,  2.19it/s]Deconvoluting Remaining Spots:  99%|█████████▊| 942/956 [08:50<00:06,  2.13it/s]Deconvoluting Remaining Spots:  99%|█████████▊| 943/956 [08:51<00:06,  2.10it/s]Deconvoluting Remaining Spots:  99%|█████████▊| 944/956 [08:51<00:05,  2.11it/s]Deconvoluting Remaining Spots:  99%|█████████▉| 945/956 [08:52<00:05,  2.06it/s]Deconvoluting Remaining Spots:  99%|█████████▉| 946/956 [08:53<00:04,  2.02it/s]Deconvoluting Remaining Spots:  99%|█████████▉| 947/956 [08:53<00:04,  1.92it/s]Deconvoluting Remaining Spots:  99%|█████████▉| 948/956 [08:54<00:04,  1.84it/s]Deconvoluting Remaining Spots:  99%|█████████▉| 949/956 [08:54<00:03,  2.02it/s]Deconvoluting Remaining Spots:  99%|█████████▉| 950/956 [08:55<00:02,  2.03it/s]Deconvoluting Remaining Spots:  99%|█████████▉| 951/956 [08:55<00:02,  1.92it/s]Deconvoluting Remaining Spots: 100%|█████████▉| 952/956 [08:56<00:02,  1.86it/s]Deconvoluting Remaining Spots: 100%|█████████▉| 953/956 [08:56<00:01,  1.86it/s]Deconvoluting Remaining Spots: 100%|█████████▉| 954/956 [08:57<00:01,  1.84it/s]Deconvoluting Remaining Spots: 100%|█████████▉| 955/956 [08:57<00:00,  1.90it/s]Deconvoluting Remaining Spots: 100%|██████████| 956/956 [08:58<00:00,  1.94it/s]Deconvoluting Remaining Spots: 100%|██████████| 956/956 [08:58<00:00,  1.78it/s]
2026-02-18 16:26:54,872 - root - INFO - Saved final results with 956 completed spots
2026-02-18 16:27:07,335 - root - INFO - Saved profiles to Benchmarking/simulation_benchmarking/CITEgeist/output_discrete_nuclei_clr/mixed/dapi/mixed/dapi/Wu_rep_3/Wu_rep_3_gene_expression_pass1.parquet with cell types: ['B-cells', 'CAFs', 'Cancer Epithelial', 'Endothelial', 'Myeloid', 'Normal Epithelial', 'PVL', 'Plasmablasts', 'T-cells']
2026-02-18 16:27:11,529 - root - INFO - Successfully added layer: B-cells_genes_pass1
2026-02-18 16:27:12,079 - root - INFO - Successfully added layer: Myeloid_genes_pass1
2026-02-18 16:27:12,628 - root - INFO - Successfully added layer: Cancer_Epithelial_genes_pass1
2026-02-18 16:27:13,177 - root - INFO - Successfully added layer: PVL_genes_pass1
2026-02-18 16:27:13,726 - root - INFO - Successfully added layer: CAFs_genes_pass1
2026-02-18 16:27:14,273 - root - INFO - Successfully added layer: T-cells_genes_pass1
2026-02-18 16:27:14,823 - root - INFO - Successfully added layer: Plasmablasts_genes_pass1
2026-02-18 16:27:15,373 - root - INFO - Successfully added layer: Normal_Epithelial_genes_pass1
2026-02-18 16:27:15,924 - root - INFO - Successfully added layer: Endothelial_genes_pass1
2026-02-18 16:27:43,960 - root - INFO - Exported layer 'B-cells_genes_pass1' to 'Benchmarking/simulation_benchmarking/CITEgeist/output_discrete_nuclei_clr/mixed/dapi/mixed/dapi/Wu_rep_3/Wu_rep_3_pass1/layers/pass1/B-cells_layer_pass1.csv'
2026-02-18 16:28:11,785 - root - INFO - Exported layer 'Myeloid_genes_pass1' to 'Benchmarking/simulation_benchmarking/CITEgeist/output_discrete_nuclei_clr/mixed/dapi/mixed/dapi/Wu_rep_3/Wu_rep_3_pass1/layers/pass1/Myeloid_layer_pass1.csv'
2026-02-18 16:28:39,596 - root - INFO - Exported layer 'Cancer_Epithelial_genes_pass1' to 'Benchmarking/simulation_benchmarking/CITEgeist/output_discrete_nuclei_clr/mixed/dapi/mixed/dapi/Wu_rep_3/Wu_rep_3_pass1/layers/pass1/Cancer_Epithelial_layer_pass1.csv'
2026-02-18 16:29:07,481 - root - INFO - Exported layer 'PVL_genes_pass1' to 'Benchmarking/simulation_benchmarking/CITEgeist/output_discrete_nuclei_clr/mixed/dapi/mixed/dapi/Wu_rep_3/Wu_rep_3_pass1/layers/pass1/PVL_layer_pass1.csv'
2026-02-18 16:29:35,375 - root - INFO - Exported layer 'CAFs_genes_pass1' to 'Benchmarking/simulation_benchmarking/CITEgeist/output_discrete_nuclei_clr/mixed/dapi/mixed/dapi/Wu_rep_3/Wu_rep_3_pass1/layers/pass1/CAFs_layer_pass1.csv'
2026-02-18 16:30:03,184 - root - INFO - Exported layer 'T-cells_genes_pass1' to 'Benchmarking/simulation_benchmarking/CITEgeist/output_discrete_nuclei_clr/mixed/dapi/mixed/dapi/Wu_rep_3/Wu_rep_3_pass1/layers/pass1/T-cells_layer_pass1.csv'
2026-02-18 16:30:30,934 - root - INFO - Exported layer 'Plasmablasts_genes_pass1' to 'Benchmarking/simulation_benchmarking/CITEgeist/output_discrete_nuclei_clr/mixed/dapi/mixed/dapi/Wu_rep_3/Wu_rep_3_pass1/layers/pass1/Plasmablasts_layer_pass1.csv'
2026-02-18 16:30:58,879 - root - INFO - Exported layer 'Normal_Epithelial_genes_pass1' to 'Benchmarking/simulation_benchmarking/CITEgeist/output_discrete_nuclei_clr/mixed/dapi/mixed/dapi/Wu_rep_3/Wu_rep_3_pass1/layers/pass1/Normal_Epithelial_layer_pass1.csv'
2026-02-18 16:31:26,753 - root - INFO - Exported layer 'Endothelial_genes_pass1' to 'Benchmarking/simulation_benchmarking/CITEgeist/output_discrete_nuclei_clr/mixed/dapi/mixed/dapi/Wu_rep_3/Wu_rep_3_pass1/layers/pass1/Endothelial_layer_pass1.csv'
2026-02-18 16:31:26,753 - __main__ - INFO - GEX deconvolution completed in 827.8s
2026-02-18 16:35:40,204 - __main__ - INFO - Exported 9 cell type layers to Benchmarking/simulation_benchmarking/CITEgeist/output_discrete_nuclei_clr/mixed/dapi/mixed/dapi/Wu_rep_3/layers
2026-02-18 16:35:40,217 - __main__ - INFO - Comparing against ground truth GEX: /ix1/alee/LO_LAB/Personal/Brent_Schlegel/bts76/Projects/CITEgeist/Wu_Visium/Simulations/scCube_12k/replicates/mixed/ST_GEX_sim/sample_3/layers
2026-02-18 16:37:58,726 - __main__ - INFO - GEX Average RMSE: 0.1500
2026-02-18 16:37:58,727 - __main__ - INFO - GEX Average NRMSE: 0.0204
2026-02-18 16:37:58,744 - __main__ - INFO - Results saved to Benchmarking/simulation_benchmarking/CITEgeist/output_discrete_nuclei_clr/mixed/dapi/mixed/dapi/Wu_rep_3
