2026-02-18 15:21:07,060 - __main__ - INFO - ============================================================
2026-02-18 15:21:07,060 - __main__ - INFO - BENCHMARK: replicate=2, condition=mixed, mode=dapi
2026-02-18 15:21:07,060 - __main__ - INFO - ============================================================
2026-02-18 15:21:07,060 - __main__ - INFO - Loading image: /ix1/alee/LO_LAB/Personal/Alexander_Chang/alc376/CITEgeist/Benchmarking/simulation_benchmarking/CITEgeist/mixed/images/dapi/Wu_rep_2_cellpose.png
2026-02-18 15:21:07,588 - __main__ - INFO - Image shape: (8000, 8000, 3)
2026-02-18 15:21:07,589 - __main__ - INFO - Running Cellpose with model_type=nuclei
2026-02-18 15:21:10,424 - cellpose.models - WARNING - model_type argument is not used in v4.0.1+. Ignoring this argument...
2026-02-18 15:21:10,424 - cellpose.core - INFO - >>>> using CPU
2026-02-18 15:21:10,424 - cellpose.core - INFO - >>>> using CPU
2026-02-18 15:21:11,832 - cellpose.models - INFO - >>>> loading model /ihome/alee/alc376/.cellpose/models/cpsam
2026-02-18 15:21:12,817 - cellpose.models - WARNING - channels deprecated in v4.0.1+. If data contain more than 3 channels, only the first 3 channels will be used
2026-02-18 15:21:12,831 - cellpose.transforms - INFO - processing image with (8000, 8000) HW, and 3 channels
2026-02-18 15:27:38,625 - __main__ - INFO - Detected 4892 nuclei in 391.0s
2026-02-18 15:27:38,657 - __main__ - INFO - Nuclei count correlation: 0.986
2026-02-18 15:27:38,657 - __main__ - INFO - Nuclei count RMSE: 0.46
2026-02-18 15:27:38,658 - __main__ - INFO - Loading h5ad files...
2026-02-18 15:27:39,608 - root - INFO - Logging initialized.
2026-02-18 15:27:39,608 - __main__ - INFO - Using CLR preprocessing (continuous model style)
2026-02-18 15:27:39,610 - __main__ - INFO - Applying nuclei scaling to CLR-normalized data
2026-02-18 15:27:39,610 - __main__ - INFO - Nuclei scaling applied: mean=5.1, range=[0.0, 3.9]
2026-02-18 15:27:39,726 - root - INFO - Normalization stats:
2026-02-18 15:27:39,726 - root - INFO - Original median total: 46399322355.00
2026-02-18 15:27:39,731 - root - INFO - Mean scaled total: 9978.28
2026-02-18 15:27:39,735 - root - INFO - Max scaled value: 10000.00
2026-02-18 15:27:39,794 - root - INFO - Gene expression data normalized to 10000 counts per spot and validated for discrete count analysis.
2026-02-18 15:27:39,794 - root - INFO - Mapped 18 markers to 9 cell types (preserving marker-level data)
2026-02-18 15:27:39,794 - __main__ - INFO - Discrete cell type order: ['B-cells', 'CAFs', 'Cancer Epithelial', 'Endothelial', 'Myeloid', 'Normal Epithelial', 'PVL', 'Plasmablasts', 'T-cells']
2026-02-18 15:27:39,795 - root - INFO - Mapped 18 markers to 9 cell types (preserving marker-level data)
2026-02-18 15:27:39,795 - root - INFO - Running discrete cell assignment: 957 spots, 18 markers, 9 cell types
2026-02-18 15:27:39,795 - root - INFO - Total nuclei: 4892, mean per spot: 5.11
2026-02-18 15:27:39,795 - root - INFO - Discrete cell assignment EM: 957 spots, 18 markers, 9 cell types
2026-02-18 15:27:39,795 - root - INFO - Total nuclei: 4892, mean per spot: 5.11
2026-02-18 15:27:39,796 - root - INFO - 
=== EM Iteration 1/10 ===
2026-02-18 15:27:39,796 - root - INFO - Global IQP: 957 spots x 9 cell types = 8613 integer variables
2026-02-18 15:27:39,796 - root - INFO - Time limit: 600.0s, MIP gap: 5.0%
2026-02-18 15:27:39,798 - gurobipy - INFO - Set parameter LicenseID to value 276015
2026-02-18 15:27:39,799 - gurobipy - INFO - Set parameter GURO_PAR_SPECIAL
2026-02-18 15:27:39,799 - gurobipy - INFO - Set parameter TokenServer to value "license.crc.pitt.edu"
2026-02-18 15:27:39,804 - gurobipy - INFO - Set parameter TimeLimit to value 600
2026-02-18 15:27:39,804 - gurobipy - INFO - Set parameter MIPGap to value 0.05
2026-02-18 15:27:40,621 - root - INFO - Starting global IQP optimization...
2026-02-18 15:27:40,621 - gurobipy - INFO - Gurobi Optimizer version 11.0.2 build v11.0.2rc0 (linux64 - "Red Hat Enterprise Linux 9.6 (Plow)")
2026-02-18 15:27:40,621 - gurobipy - INFO - 
2026-02-18 15:27:40,621 - gurobipy - INFO - CPU model: AMD EPYC 9575F 64-Core Processor, instruction set [SSE2|AVX|AVX2|AVX512]
2026-02-18 15:27:40,621 - gurobipy - INFO - Thread count: 128 physical cores, 128 logical processors, using up to 32 threads
2026-02-18 15:27:40,621 - gurobipy - INFO - 
2026-02-18 15:27:40,621 - gurobipy - INFO - Optimize a model with 940 rows, 8613 columns and 8460 nonzeros
2026-02-18 15:27:40,621 - gurobipy - INFO - Model fingerprint: 0x5f6bbfdc
2026-02-18 15:27:40,621 - gurobipy - INFO - Model has 8613 quadratic objective terms
2026-02-18 15:27:40,621 - gurobipy - INFO - Variable types: 0 continuous, 8613 integer (0 binary)
2026-02-18 15:27:40,621 - gurobipy - INFO - Coefficient statistics:
2026-02-18 15:27:40,621 - gurobipy - INFO -   Matrix range     [1e+00, 1e+00]
2026-02-18 15:27:40,621 - gurobipy - INFO -   Objective range  [1e-08, 4e+00]
2026-02-18 15:27:40,621 - gurobipy - INFO -   QObjective range [4e+00, 4e+00]
2026-02-18 15:27:40,621 - gurobipy - INFO -   Bounds range     [1e+00, 2e+01]
2026-02-18 15:27:40,621 - gurobipy - INFO -   RHS range        [1e+00, 2e+01]
2026-02-18 15:27:40,621 - gurobipy - INFO - 
2026-02-18 15:27:40,622 - gurobipy - INFO - Loaded user MIP start with objective 8321.27
2026-02-18 15:27:40,622 - gurobipy - INFO - 
2026-02-18 15:27:47,421 - gurobipy - INFO - Presolve removed 678 rows and 6255 columns (presolve time = 7s) ...
2026-02-18 15:27:47,422 - gurobipy - INFO - Presolve removed 678 rows and 6255 columns
2026-02-18 15:27:47,422 - gurobipy - INFO - Presolve time: 6.80s
2026-02-18 15:27:47,422 - gurobipy - INFO - Presolved: 262 rows, 2358 columns, 2358 nonzeros
2026-02-18 15:27:47,422 - gurobipy - INFO - Presolved model has 2358 quadratic objective terms
2026-02-18 15:27:47,422 - gurobipy - INFO - Found heuristic solution: objective 7882.8233145
2026-02-18 15:27:47,422 - gurobipy - INFO - Variable types: 0 continuous, 2358 integer (0 binary)
2026-02-18 15:27:47,423 - gurobipy - INFO - Found heuristic solution: objective 7634.5908385
2026-02-18 15:27:47,425 - gurobipy - INFO - 
2026-02-18 15:27:47,425 - gurobipy - INFO - Root simplex log...
2026-02-18 15:27:47,425 - gurobipy - INFO - 
2026-02-18 15:27:47,425 - gurobipy - INFO - Iteration    Objective       Primal Inf.    Dual Inf.      Time
2026-02-18 15:27:47,425 - gurobipy - INFO -        0    5.4387532e+03   0.000000e+00   0.000000e+00      7s
2026-02-18 15:27:47,426 - gurobipy - INFO -      263    6.8548909e+03   0.000000e+00   0.000000e+00      7s
2026-02-18 15:27:47,426 - gurobipy - INFO - 
2026-02-18 15:27:47,426 - gurobipy - INFO - Root relaxation: objective 6.854891e+03, 263 iterations, 0.00 seconds (0.00 work units)
2026-02-18 15:27:47,426 - gurobipy - INFO - 
2026-02-18 15:27:47,426 - gurobipy - INFO -     Nodes    |    Current Node    |     Objective Bounds      |     Work
2026-02-18 15:27:47,427 - gurobipy - INFO -  Expl Unexpl |  Obj  Depth IntInf | Incumbent    BestBd   Gap | It/Node Time
2026-02-18 15:27:47,427 - gurobipy - INFO - 
2026-02-18 15:27:47,427 - gurobipy - INFO -      0     0 6854.89090    0 2358 7634.59084 6854.89090  10.2%     -    6s
2026-02-18 15:27:47,451 - gurobipy - INFO - H    0     0                    7621.2322979 6854.89090  10.1%     -    6s
2026-02-18 15:27:47,661 - gurobipy - INFO - H    0     0                    7621.0560015 6854.89090  10.1%     -    7s
2026-02-18 15:27:47,685 - gurobipy - INFO -      0     0 6855.58609    0 2358 7621.05600 6855.58609  10.0%     -    7s
2026-02-18 15:27:47,975 - gurobipy - INFO -      0     2 6855.58609    0 2358 7621.05600 6855.58609  10.0%     -    7s
2026-02-18 15:27:50,639 - gurobipy - INFO -   7911  8346 6878.79120  193 2161 7621.05600 6856.62375  10.0%   2.1   10s
2026-02-18 15:27:53,354 - gurobipy - INFO - H14742 14743                    7621.0560006 6856.62375  10.0%   2.1   12s
2026-02-18 15:27:55,946 - gurobipy - INFO -  14743 14744 6875.53876   76 2358 7621.05600 7615.05533  0.08%   2.1   15s
2026-02-18 15:27:55,956 - gurobipy - INFO - 
2026-02-18 15:27:55,957 - gurobipy - INFO - Explored 14743 nodes (31411 simplex iterations) in 15.34 seconds (1.77 work units)
2026-02-18 15:27:55,957 - gurobipy - INFO - Thread count was 32 (of 128 available processors)
2026-02-18 15:27:55,957 - gurobipy - INFO - 
2026-02-18 15:27:55,957 - gurobipy - INFO - Solution count 8: 7621.06 7621.06 7621.06 ... 8321.27
2026-02-18 15:27:55,957 - gurobipy - INFO - 
2026-02-18 15:27:55,957 - gurobipy - INFO - Optimal solution found (tolerance 5.00e-02)
2026-02-18 15:27:55,957 - gurobipy - INFO - Best objective 7.621056000319e+03, best bound 7.615055331012e+03, gap 0.0787%
2026-02-18 15:27:55,973 - root - INFO - Global IQP solved: status=2, gap=0.08%, time=15.3s
/ix1/alee/LO_LAB/Personal/Alexander_Chang/alc376/CITEgeist/CITEgeist/model/gurobi_impl.py:3735: RuntimeWarning: invalid value encountered in scalar divide
  loss_change = abs(prev_loss - loss) / max(abs(prev_loss), 1e-10)
2026-02-18 15:27:56,032 - root - INFO -   Loss: 198.8528 (change: nan)
2026-02-18 15:27:56,032 - root - INFO -   Beta range: [0.100, 0.260]
2026-02-18 15:27:56,032 - root - INFO -   Max beta change: 0.900000
2026-02-18 15:27:56,032 - root - INFO -   Cell count range: [0, 20]
2026-02-18 15:27:56,032 - root - INFO -     B-cells: 442 cells (9.0%)
2026-02-18 15:27:56,032 - root - INFO -     CAFs: 708 cells (14.5%)
2026-02-18 15:27:56,032 - root - INFO -     Cancer Epithelial: 840 cells (17.2%)
2026-02-18 15:27:56,032 - root - INFO -     Endothelial: 340 cells (7.0%)
2026-02-18 15:27:56,032 - root - INFO -     Myeloid: 568 cells (11.6%)
2026-02-18 15:27:56,032 - root - INFO -     Normal Epithelial: 521 cells (10.7%)
2026-02-18 15:27:56,032 - root - INFO -     PVL: 458 cells (9.4%)
2026-02-18 15:27:56,032 - root - INFO -     Plasmablasts: 468 cells (9.6%)
2026-02-18 15:27:56,032 - root - INFO -     T-cells: 547 cells (11.2%)
2026-02-18 15:27:56,032 - root - INFO - 
=== EM Iteration 2/10 ===
2026-02-18 15:27:56,032 - root - INFO - Global IQP: 957 spots x 9 cell types = 8613 integer variables
2026-02-18 15:27:56,032 - root - INFO - Time limit: 600.0s, MIP gap: 5.0%
2026-02-18 15:27:56,033 - gurobipy - INFO - Set parameter TimeLimit to value 600
2026-02-18 15:27:56,033 - gurobipy - INFO - Set parameter MIPGap to value 0.05
2026-02-18 15:27:56,859 - root - INFO - Starting global IQP optimization...
2026-02-18 15:27:56,860 - gurobipy - INFO - Gurobi Optimizer version 11.0.2 build v11.0.2rc0 (linux64 - "Red Hat Enterprise Linux 9.6 (Plow)")
2026-02-18 15:27:56,860 - gurobipy - INFO - 
2026-02-18 15:27:56,860 - gurobipy - INFO - CPU model: AMD EPYC 9575F 64-Core Processor, instruction set [SSE2|AVX|AVX2|AVX512]
2026-02-18 15:27:56,860 - gurobipy - INFO - Thread count: 128 physical cores, 128 logical processors, using up to 32 threads
2026-02-18 15:27:56,860 - gurobipy - INFO - 
2026-02-18 15:27:56,860 - gurobipy - INFO - Optimize a model with 940 rows, 8613 columns and 8460 nonzeros
2026-02-18 15:27:56,860 - gurobipy - INFO - Model fingerprint: 0x1e24021c
2026-02-18 15:27:56,860 - gurobipy - INFO - Model has 8613 quadratic objective terms
2026-02-18 15:27:56,860 - gurobipy - INFO - Variable types: 0 continuous, 8613 integer (0 binary)
2026-02-18 15:27:56,860 - gurobipy - INFO - Coefficient statistics:
2026-02-18 15:27:56,860 - gurobipy - INFO -   Matrix range     [1e+00, 1e+00]
2026-02-18 15:27:56,860 - gurobipy - INFO -   Objective range  [2e-09, 8e-01]
2026-02-18 15:27:56,860 - gurobipy - INFO -   QObjective range [4e-02, 2e-01]
2026-02-18 15:27:56,860 - gurobipy - INFO -   Bounds range     [1e+00, 2e+01]
2026-02-18 15:27:56,860 - gurobipy - INFO -   RHS range        [1e+00, 2e+01]
2026-02-18 15:27:56,860 - gurobipy - INFO - 
2026-02-18 15:27:56,860 - gurobipy - INFO - Loaded user MIP start with objective 198.853
2026-02-18 15:27:56,860 - gurobipy - INFO - 
2026-02-18 15:28:00,799 - gurobipy - INFO - Presolve removed 939 rows and 8604 columns
2026-02-18 15:28:00,799 - gurobipy - INFO - Presolve time: 3.94s
2026-02-18 15:28:00,799 - gurobipy - INFO - Presolved: 1 rows, 9 columns, 9 nonzeros
2026-02-18 15:28:00,799 - gurobipy - INFO - Presolved model has 9 quadratic objective terms
2026-02-18 15:28:00,799 - gurobipy - INFO - Found heuristic solution: objective 98.2655969
2026-02-18 15:28:00,799 - gurobipy - INFO - Variable types: 0 continuous, 9 integer (0 binary)
2026-02-18 15:28:00,799 - gurobipy - INFO - 
2026-02-18 15:28:00,799 - gurobipy - INFO - Explored 0 nodes (0 simplex iterations) in 3.94 seconds (0.12 work units)
2026-02-18 15:28:00,799 - gurobipy - INFO - Thread count was 32 (of 128 available processors)
2026-02-18 15:28:00,799 - gurobipy - INFO - 
2026-02-18 15:28:00,799 - gurobipy - INFO - Solution count 2: 98.2656 198.853 
2026-02-18 15:28:00,799 - gurobipy - INFO - 
2026-02-18 15:28:00,799 - gurobipy - INFO - Optimal solution found (tolerance 5.00e-02)
2026-02-18 15:28:00,800 - gurobipy - INFO - Best objective 9.826559691452e+01, best bound 9.809395765698e+01, gap 0.1747%
2026-02-18 15:28:00,808 - root - INFO - Global IQP solved: status=2, gap=0.17%, time=3.9s
2026-02-18 15:28:00,857 - root - INFO -   Loss: 97.2409 (change: 0.510990)
2026-02-18 15:28:00,857 - root - INFO -   Beta range: [0.100, 0.244]
2026-02-18 15:28:00,857 - root - INFO -   Max beta change: 0.016305
2026-02-18 15:28:00,857 - root - INFO -   Cell count range: [0, 20]
2026-02-18 15:28:00,857 - root - INFO -     B-cells: 466 cells (9.5%)
2026-02-18 15:28:00,857 - root - INFO -     CAFs: 700 cells (14.3%)
2026-02-18 15:28:00,857 - root - INFO -     Cancer Epithelial: 829 cells (16.9%)
2026-02-18 15:28:00,857 - root - INFO -     Endothelial: 355 cells (7.3%)
2026-02-18 15:28:00,857 - root - INFO -     Myeloid: 531 cells (10.9%)
2026-02-18 15:28:00,857 - root - INFO -     Normal Epithelial: 545 cells (11.1%)
2026-02-18 15:28:00,857 - root - INFO -     PVL: 437 cells (8.9%)
2026-02-18 15:28:00,857 - root - INFO -     Plasmablasts: 514 cells (10.5%)
2026-02-18 15:28:00,857 - root - INFO -     T-cells: 515 cells (10.5%)
2026-02-18 15:28:00,857 - root - INFO - 
=== EM Iteration 3/10 ===
2026-02-18 15:28:00,857 - root - INFO - Global IQP: 957 spots x 9 cell types = 8613 integer variables
2026-02-18 15:28:00,857 - root - INFO - Time limit: 600.0s, MIP gap: 5.0%
2026-02-18 15:28:00,857 - gurobipy - INFO - Set parameter TimeLimit to value 600
2026-02-18 15:28:00,857 - gurobipy - INFO - Set parameter MIPGap to value 0.05
2026-02-18 15:28:01,423 - root - INFO - Starting global IQP optimization...
2026-02-18 15:28:01,423 - gurobipy - INFO - Gurobi Optimizer version 11.0.2 build v11.0.2rc0 (linux64 - "Red Hat Enterprise Linux 9.6 (Plow)")
2026-02-18 15:28:01,423 - gurobipy - INFO - 
2026-02-18 15:28:01,423 - gurobipy - INFO - CPU model: AMD EPYC 9575F 64-Core Processor, instruction set [SSE2|AVX|AVX2|AVX512]
2026-02-18 15:28:01,423 - gurobipy - INFO - Thread count: 128 physical cores, 128 logical processors, using up to 32 threads
2026-02-18 15:28:01,423 - gurobipy - INFO - 
2026-02-18 15:28:01,423 - gurobipy - INFO - Optimize a model with 940 rows, 8613 columns and 8460 nonzeros
2026-02-18 15:28:01,423 - gurobipy - INFO - Model fingerprint: 0x80118c21
2026-02-18 15:28:01,423 - gurobipy - INFO - Model has 8613 quadratic objective terms
2026-02-18 15:28:01,423 - gurobipy - INFO - Variable types: 0 continuous, 8613 integer (0 binary)
2026-02-18 15:28:01,423 - gurobipy - INFO - Coefficient statistics:
2026-02-18 15:28:01,424 - gurobipy - INFO -   Matrix range     [1e+00, 1e+00]
2026-02-18 15:28:01,424 - gurobipy - INFO -   Objective range  [2e-09, 8e-01]
2026-02-18 15:28:01,424 - gurobipy - INFO -   QObjective range [4e-02, 2e-01]
2026-02-18 15:28:01,424 - gurobipy - INFO -   Bounds range     [1e+00, 2e+01]
2026-02-18 15:28:01,424 - gurobipy - INFO -   RHS range        [1e+00, 2e+01]
2026-02-18 15:28:01,424 - gurobipy - INFO - 
2026-02-18 15:28:01,424 - gurobipy - INFO - Loaded user MIP start with objective 97.2409
2026-02-18 15:28:01,424 - gurobipy - INFO - 
2026-02-18 15:28:04,985 - gurobipy - INFO - Presolve removed 939 rows and 8604 columns
2026-02-18 15:28:04,985 - gurobipy - INFO - Presolve time: 3.56s
2026-02-18 15:28:04,985 - gurobipy - INFO - Presolved: 1 rows, 9 columns, 9 nonzeros
2026-02-18 15:28:04,985 - gurobipy - INFO - Presolved model has 9 quadratic objective terms
2026-02-18 15:28:04,985 - gurobipy - INFO - Found heuristic solution: objective 96.5423694
2026-02-18 15:28:04,985 - gurobipy - INFO - Variable types: 0 continuous, 9 integer (0 binary)
2026-02-18 15:28:04,985 - gurobipy - INFO - 
2026-02-18 15:28:04,985 - gurobipy - INFO - Explored 0 nodes (0 simplex iterations) in 3.56 seconds (0.11 work units)
2026-02-18 15:28:04,985 - gurobipy - INFO - Thread count was 32 (of 128 available processors)
2026-02-18 15:28:04,985 - gurobipy - INFO - 
2026-02-18 15:28:04,985 - gurobipy - INFO - Solution count 2: 96.5424 97.2409 
2026-02-18 15:28:04,985 - gurobipy - INFO - 
2026-02-18 15:28:04,985 - gurobipy - INFO - Optimal solution found (tolerance 5.00e-02)
2026-02-18 15:28:04,985 - gurobipy - INFO - Best objective 9.654236944504e+01, best bound 9.637121974586e+01, gap 0.1773%
2026-02-18 15:28:04,995 - root - INFO - Global IQP solved: status=2, gap=0.18%, time=3.6s
2026-02-18 15:28:05,054 - root - INFO -   Loss: 96.1139 (change: 0.011590)
2026-02-18 15:28:05,054 - root - INFO -   Beta range: [0.100, 0.233]
2026-02-18 15:28:05,054 - root - INFO -   Max beta change: 0.011544
2026-02-18 15:28:05,054 - root - INFO -   Cell count range: [0, 20]
2026-02-18 15:28:05,054 - root - INFO -     B-cells: 470 cells (9.6%)
2026-02-18 15:28:05,054 - root - INFO -     CAFs: 736 cells (15.0%)
2026-02-18 15:28:05,054 - root - INFO -     Cancer Epithelial: 874 cells (17.9%)
2026-02-18 15:28:05,054 - root - INFO -     Endothelial: 341 cells (7.0%)
2026-02-18 15:28:05,054 - root - INFO -     Myeloid: 518 cells (10.6%)
2026-02-18 15:28:05,054 - root - INFO -     Normal Epithelial: 537 cells (11.0%)
2026-02-18 15:28:05,054 - root - INFO -     PVL: 410 cells (8.4%)
2026-02-18 15:28:05,054 - root - INFO -     Plasmablasts: 492 cells (10.1%)
2026-02-18 15:28:05,054 - root - INFO -     T-cells: 514 cells (10.5%)
2026-02-18 15:28:05,054 - root - INFO - 
=== EM Iteration 4/10 ===
2026-02-18 15:28:05,054 - root - INFO - Global IQP: 957 spots x 9 cell types = 8613 integer variables
2026-02-18 15:28:05,054 - root - INFO - Time limit: 600.0s, MIP gap: 5.0%
2026-02-18 15:28:05,054 - gurobipy - INFO - Set parameter TimeLimit to value 600
2026-02-18 15:28:05,054 - gurobipy - INFO - Set parameter MIPGap to value 0.05
2026-02-18 15:28:05,818 - root - INFO - Starting global IQP optimization...
2026-02-18 15:28:05,819 - gurobipy - INFO - Gurobi Optimizer version 11.0.2 build v11.0.2rc0 (linux64 - "Red Hat Enterprise Linux 9.6 (Plow)")
2026-02-18 15:28:05,819 - gurobipy - INFO - 
2026-02-18 15:28:05,819 - gurobipy - INFO - CPU model: AMD EPYC 9575F 64-Core Processor, instruction set [SSE2|AVX|AVX2|AVX512]
2026-02-18 15:28:05,819 - gurobipy - INFO - Thread count: 128 physical cores, 128 logical processors, using up to 32 threads
2026-02-18 15:28:05,819 - gurobipy - INFO - 
2026-02-18 15:28:05,819 - gurobipy - INFO - Optimize a model with 940 rows, 8613 columns and 8460 nonzeros
2026-02-18 15:28:05,819 - gurobipy - INFO - Model fingerprint: 0x37343e77
2026-02-18 15:28:05,819 - gurobipy - INFO - Model has 8613 quadratic objective terms
2026-02-18 15:28:05,819 - gurobipy - INFO - Variable types: 0 continuous, 8613 integer (0 binary)
2026-02-18 15:28:05,819 - gurobipy - INFO - Coefficient statistics:
2026-02-18 15:28:05,819 - gurobipy - INFO -   Matrix range     [1e+00, 1e+00]
2026-02-18 15:28:05,819 - gurobipy - INFO -   Objective range  [2e-09, 7e-01]
2026-02-18 15:28:05,819 - gurobipy - INFO -   QObjective range [4e-02, 2e-01]
2026-02-18 15:28:05,819 - gurobipy - INFO -   Bounds range     [1e+00, 2e+01]
2026-02-18 15:28:05,819 - gurobipy - INFO -   RHS range        [1e+00, 2e+01]
2026-02-18 15:28:05,819 - gurobipy - INFO - 
2026-02-18 15:28:05,819 - gurobipy - INFO - Loaded user MIP start with objective 96.1139
2026-02-18 15:28:05,819 - gurobipy - INFO - 
2026-02-18 15:28:09,069 - gurobipy - INFO - Presolve removed 939 rows and 8604 columns
2026-02-18 15:28:09,070 - gurobipy - INFO - Presolve time: 3.25s
2026-02-18 15:28:09,070 - gurobipy - INFO - Presolved: 1 rows, 9 columns, 9 nonzeros
2026-02-18 15:28:09,070 - gurobipy - INFO - Presolved model has 9 quadratic objective terms
2026-02-18 15:28:09,070 - gurobipy - INFO - Found heuristic solution: objective 95.6954835
2026-02-18 15:28:09,070 - gurobipy - INFO - Variable types: 0 continuous, 9 integer (0 binary)
2026-02-18 15:28:09,070 - gurobipy - INFO - 
2026-02-18 15:28:09,070 - gurobipy - INFO - Explored 0 nodes (0 simplex iterations) in 3.25 seconds (0.11 work units)
2026-02-18 15:28:09,070 - gurobipy - INFO - Thread count was 32 (of 128 available processors)
2026-02-18 15:28:09,070 - gurobipy - INFO - 
2026-02-18 15:28:09,070 - gurobipy - INFO - Solution count 2: 95.6955 96.1139 
2026-02-18 15:28:09,070 - gurobipy - INFO - 
2026-02-18 15:28:09,070 - gurobipy - INFO - Optimal solution found (tolerance 5.00e-02)
2026-02-18 15:28:09,070 - gurobipy - INFO - Best objective 9.569548348867e+01, best bound 9.552290543340e+01, gap 0.1803%
2026-02-18 15:28:09,079 - root - INFO - Global IQP solved: status=2, gap=0.18%, time=3.3s
2026-02-18 15:28:09,124 - root - INFO -   Loss: 95.3007 (change: 0.008460)
2026-02-18 15:28:09,124 - root - INFO -   Beta range: [0.100, 0.223]
2026-02-18 15:28:09,124 - root - INFO -   Max beta change: 0.009943
2026-02-18 15:28:09,124 - root - INFO -   Cell count range: [0, 20]
2026-02-18 15:28:09,124 - root - INFO -     B-cells: 468 cells (9.6%)
2026-02-18 15:28:09,124 - root - INFO -     CAFs: 774 cells (15.8%)
2026-02-18 15:28:09,124 - root - INFO -     Cancer Epithelial: 914 cells (18.7%)
2026-02-18 15:28:09,124 - root - INFO -     Endothelial: 329 cells (6.7%)
2026-02-18 15:28:09,124 - root - INFO -     Myeloid: 509 cells (10.4%)
2026-02-18 15:28:09,124 - root - INFO -     Normal Epithelial: 533 cells (10.9%)
2026-02-18 15:28:09,124 - root - INFO -     PVL: 379 cells (7.7%)
2026-02-18 15:28:09,124 - root - INFO -     Plasmablasts: 470 cells (9.6%)
2026-02-18 15:28:09,124 - root - INFO -     T-cells: 516 cells (10.5%)
2026-02-18 15:28:09,125 - root - INFO - 
=== EM Iteration 5/10 ===
2026-02-18 15:28:09,125 - root - INFO - Global IQP: 957 spots x 9 cell types = 8613 integer variables
2026-02-18 15:28:09,125 - root - INFO - Time limit: 600.0s, MIP gap: 5.0%
2026-02-18 15:28:09,125 - gurobipy - INFO - Set parameter TimeLimit to value 600
2026-02-18 15:28:09,125 - gurobipy - INFO - Set parameter MIPGap to value 0.05
2026-02-18 15:28:09,883 - root - INFO - Starting global IQP optimization...
2026-02-18 15:28:09,884 - gurobipy - INFO - Gurobi Optimizer version 11.0.2 build v11.0.2rc0 (linux64 - "Red Hat Enterprise Linux 9.6 (Plow)")
2026-02-18 15:28:09,884 - gurobipy - INFO - 
2026-02-18 15:28:09,884 - gurobipy - INFO - CPU model: AMD EPYC 9575F 64-Core Processor, instruction set [SSE2|AVX|AVX2|AVX512]
2026-02-18 15:28:09,884 - gurobipy - INFO - Thread count: 128 physical cores, 128 logical processors, using up to 32 threads
2026-02-18 15:28:09,884 - gurobipy - INFO - 
2026-02-18 15:28:09,884 - gurobipy - INFO - Optimize a model with 940 rows, 8613 columns and 8460 nonzeros
2026-02-18 15:28:09,884 - gurobipy - INFO - Model fingerprint: 0x87088deb
2026-02-18 15:28:09,884 - gurobipy - INFO - Model has 8613 quadratic objective terms
2026-02-18 15:28:09,884 - gurobipy - INFO - Variable types: 0 continuous, 8613 integer (0 binary)
2026-02-18 15:28:09,884 - gurobipy - INFO - Coefficient statistics:
2026-02-18 15:28:09,884 - gurobipy - INFO -   Matrix range     [1e+00, 1e+00]
2026-02-18 15:28:09,884 - gurobipy - INFO -   Objective range  [2e-09, 7e-01]
2026-02-18 15:28:09,884 - gurobipy - INFO -   QObjective range [4e-02, 2e-01]
2026-02-18 15:28:09,884 - gurobipy - INFO -   Bounds range     [1e+00, 2e+01]
2026-02-18 15:28:09,884 - gurobipy - INFO -   RHS range        [1e+00, 2e+01]
2026-02-18 15:28:09,884 - gurobipy - INFO - 
2026-02-18 15:28:09,884 - gurobipy - INFO - Loaded user MIP start with objective 95.3007
2026-02-18 15:28:09,884 - gurobipy - INFO - 
2026-02-18 15:28:13,351 - gurobipy - INFO - Presolve removed 939 rows and 8604 columns
2026-02-18 15:28:13,351 - gurobipy - INFO - Presolve time: 3.47s
2026-02-18 15:28:13,351 - gurobipy - INFO - Presolved: 1 rows, 9 columns, 9 nonzeros
2026-02-18 15:28:13,351 - gurobipy - INFO - Presolved model has 9 quadratic objective terms
2026-02-18 15:28:13,351 - gurobipy - INFO - Found heuristic solution: objective 94.9031245
2026-02-18 15:28:13,351 - gurobipy - INFO - Variable types: 0 continuous, 9 integer (0 binary)
2026-02-18 15:28:13,351 - gurobipy - INFO - 
2026-02-18 15:28:13,352 - gurobipy - INFO - Explored 0 nodes (0 simplex iterations) in 3.47 seconds (0.11 work units)
2026-02-18 15:28:13,352 - gurobipy - INFO - Thread count was 32 (of 128 available processors)
2026-02-18 15:28:13,352 - gurobipy - INFO - 
2026-02-18 15:28:13,352 - gurobipy - INFO - Solution count 2: 94.9031 95.3007 
2026-02-18 15:28:13,352 - gurobipy - INFO - 
2026-02-18 15:28:13,352 - gurobipy - INFO - Optimal solution found (tolerance 5.00e-02)
2026-02-18 15:28:13,352 - gurobipy - INFO - Best objective 9.490312453966e+01, best bound 9.472885754779e+01, gap 0.1836%
2026-02-18 15:28:13,361 - root - INFO - Global IQP solved: status=2, gap=0.18%, time=3.5s
2026-02-18 15:28:13,411 - root - INFO -   Loss: 94.5771 (change: 0.007593)
2026-02-18 15:28:13,411 - root - INFO -   Beta range: [0.100, 0.214]
2026-02-18 15:28:13,411 - root - INFO -   Max beta change: 0.008938
2026-02-18 15:28:13,411 - root - INFO -   Cell count range: [0, 20]
2026-02-18 15:28:13,411 - root - INFO -     B-cells: 453 cells (9.3%)
2026-02-18 15:28:13,411 - root - INFO -     CAFs: 811 cells (16.6%)
2026-02-18 15:28:13,411 - root - INFO -     Cancer Epithelial: 956 cells (19.5%)
2026-02-18 15:28:13,411 - root - INFO -     Endothelial: 324 cells (6.6%)
2026-02-18 15:28:13,411 - root - INFO -     Myeloid: 505 cells (10.3%)
2026-02-18 15:28:13,411 - root - INFO -     Normal Epithelial: 520 cells (10.6%)
2026-02-18 15:28:13,411 - root - INFO -     PVL: 355 cells (7.3%)
2026-02-18 15:28:13,411 - root - INFO -     Plasmablasts: 452 cells (9.2%)
2026-02-18 15:28:13,411 - root - INFO -     T-cells: 516 cells (10.5%)
2026-02-18 15:28:13,411 - root - INFO - 
=== EM Iteration 6/10 ===
2026-02-18 15:28:13,411 - root - INFO - Global IQP: 957 spots x 9 cell types = 8613 integer variables
2026-02-18 15:28:13,411 - root - INFO - Time limit: 600.0s, MIP gap: 5.0%
2026-02-18 15:28:13,411 - gurobipy - INFO - Set parameter TimeLimit to value 600
2026-02-18 15:28:13,411 - gurobipy - INFO - Set parameter MIPGap to value 0.05
2026-02-18 15:28:14,192 - root - INFO - Starting global IQP optimization...
2026-02-18 15:28:14,192 - gurobipy - INFO - Gurobi Optimizer version 11.0.2 build v11.0.2rc0 (linux64 - "Red Hat Enterprise Linux 9.6 (Plow)")
2026-02-18 15:28:14,192 - gurobipy - INFO - 
2026-02-18 15:28:14,192 - gurobipy - INFO - CPU model: AMD EPYC 9575F 64-Core Processor, instruction set [SSE2|AVX|AVX2|AVX512]
2026-02-18 15:28:14,192 - gurobipy - INFO - Thread count: 128 physical cores, 128 logical processors, using up to 32 threads
2026-02-18 15:28:14,192 - gurobipy - INFO - 
2026-02-18 15:28:14,192 - gurobipy - INFO - Optimize a model with 940 rows, 8613 columns and 8460 nonzeros
2026-02-18 15:28:14,193 - gurobipy - INFO - Model fingerprint: 0x43876fe8
2026-02-18 15:28:14,193 - gurobipy - INFO - Model has 8613 quadratic objective terms
2026-02-18 15:28:14,193 - gurobipy - INFO - Variable types: 0 continuous, 8613 integer (0 binary)
2026-02-18 15:28:14,193 - gurobipy - INFO - Coefficient statistics:
2026-02-18 15:28:14,193 - gurobipy - INFO -   Matrix range     [1e+00, 1e+00]
2026-02-18 15:28:14,193 - gurobipy - INFO -   Objective range  [2e-09, 7e-01]
2026-02-18 15:28:14,193 - gurobipy - INFO -   QObjective range [4e-02, 1e-01]
2026-02-18 15:28:14,193 - gurobipy - INFO -   Bounds range     [1e+00, 2e+01]
2026-02-18 15:28:14,193 - gurobipy - INFO -   RHS range        [1e+00, 2e+01]
2026-02-18 15:28:14,193 - gurobipy - INFO - 
2026-02-18 15:28:14,193 - gurobipy - INFO - Loaded user MIP start with objective 94.5771
2026-02-18 15:28:14,193 - gurobipy - INFO - 
2026-02-18 15:28:17,972 - gurobipy - INFO - Presolve removed 939 rows and 8604 columns
2026-02-18 15:28:17,972 - gurobipy - INFO - Presolve time: 3.78s
2026-02-18 15:28:17,972 - gurobipy - INFO - Presolved: 1 rows, 9 columns, 9 nonzeros
2026-02-18 15:28:17,972 - gurobipy - INFO - Presolved model has 9 quadratic objective terms
2026-02-18 15:28:17,973 - gurobipy - INFO - Found heuristic solution: objective 94.2179636
2026-02-18 15:28:17,973 - gurobipy - INFO - Variable types: 0 continuous, 9 integer (0 binary)
2026-02-18 15:28:17,973 - gurobipy - INFO - 
2026-02-18 15:28:17,973 - gurobipy - INFO - Explored 0 nodes (0 simplex iterations) in 3.78 seconds (0.11 work units)
2026-02-18 15:28:17,973 - gurobipy - INFO - Thread count was 32 (of 128 available processors)
2026-02-18 15:28:17,973 - gurobipy - INFO - 
2026-02-18 15:28:17,973 - gurobipy - INFO - Solution count 2: 94.218 94.5771 
2026-02-18 15:28:17,973 - gurobipy - INFO - 
2026-02-18 15:28:17,973 - gurobipy - INFO - Optimal solution found (tolerance 5.00e-02)
2026-02-18 15:28:17,973 - gurobipy - INFO - Best objective 9.421796356970e+01, best bound 9.404207588360e+01, gap 0.1867%
2026-02-18 15:28:17,982 - root - INFO - Global IQP solved: status=2, gap=0.19%, time=3.8s
2026-02-18 15:28:18,025 - root - INFO -   Loss: 93.9356 (change: 0.006783)
2026-02-18 15:28:18,025 - root - INFO -   Beta range: [0.100, 0.207]
2026-02-18 15:28:18,025 - root - INFO -   Max beta change: 0.008307
2026-02-18 15:28:18,025 - root - INFO -   Cell count range: [0, 20]
2026-02-18 15:28:18,025 - root - INFO -     B-cells: 431 cells (8.8%)
2026-02-18 15:28:18,025 - root - INFO -     CAFs: 854 cells (17.5%)
2026-02-18 15:28:18,025 - root - INFO -     Cancer Epithelial: 989 cells (20.2%)
2026-02-18 15:28:18,025 - root - INFO -     Endothelial: 325 cells (6.6%)
2026-02-18 15:28:18,025 - root - INFO -     Myeloid: 501 cells (10.2%)
2026-02-18 15:28:18,025 - root - INFO -     Normal Epithelial: 504 cells (10.3%)
2026-02-18 15:28:18,025 - root - INFO -     PVL: 330 cells (6.7%)
2026-02-18 15:28:18,025 - root - INFO -     Plasmablasts: 443 cells (9.1%)
2026-02-18 15:28:18,025 - root - INFO -     T-cells: 515 cells (10.5%)
2026-02-18 15:28:18,025 - root - INFO - 
=== EM Iteration 7/10 ===
2026-02-18 15:28:18,026 - root - INFO - Global IQP: 957 spots x 9 cell types = 8613 integer variables
2026-02-18 15:28:18,026 - root - INFO - Time limit: 600.0s, MIP gap: 5.0%
2026-02-18 15:28:18,026 - gurobipy - INFO - Set parameter TimeLimit to value 600
2026-02-18 15:28:18,026 - gurobipy - INFO - Set parameter MIPGap to value 0.05
2026-02-18 15:28:18,802 - root - INFO - Starting global IQP optimization...
2026-02-18 15:28:18,803 - gurobipy - INFO - Gurobi Optimizer version 11.0.2 build v11.0.2rc0 (linux64 - "Red Hat Enterprise Linux 9.6 (Plow)")
2026-02-18 15:28:18,803 - gurobipy - INFO - 
2026-02-18 15:28:18,803 - gurobipy - INFO - CPU model: AMD EPYC 9575F 64-Core Processor, instruction set [SSE2|AVX|AVX2|AVX512]
2026-02-18 15:28:18,803 - gurobipy - INFO - Thread count: 128 physical cores, 128 logical processors, using up to 32 threads
2026-02-18 15:28:18,803 - gurobipy - INFO - 
2026-02-18 15:28:18,803 - gurobipy - INFO - Optimize a model with 940 rows, 8613 columns and 8460 nonzeros
2026-02-18 15:28:18,803 - gurobipy - INFO - Model fingerprint: 0x9e01c146
2026-02-18 15:28:18,803 - gurobipy - INFO - Model has 8613 quadratic objective terms
2026-02-18 15:28:18,803 - gurobipy - INFO - Variable types: 0 continuous, 8613 integer (0 binary)
2026-02-18 15:28:18,803 - gurobipy - INFO - Coefficient statistics:
2026-02-18 15:28:18,803 - gurobipy - INFO -   Matrix range     [1e+00, 1e+00]
2026-02-18 15:28:18,803 - gurobipy - INFO -   Objective range  [1e-09, 7e-01]
2026-02-18 15:28:18,803 - gurobipy - INFO -   QObjective range [4e-02, 1e-01]
2026-02-18 15:28:18,803 - gurobipy - INFO -   Bounds range     [1e+00, 2e+01]
2026-02-18 15:28:18,803 - gurobipy - INFO -   RHS range        [1e+00, 2e+01]
2026-02-18 15:28:18,803 - gurobipy - INFO - 
2026-02-18 15:28:18,803 - gurobipy - INFO - Loaded user MIP start with objective 93.9356
2026-02-18 15:28:18,803 - gurobipy - INFO - 
2026-02-18 15:28:22,529 - gurobipy - INFO - Presolve removed 939 rows and 8604 columns
2026-02-18 15:28:22,529 - gurobipy - INFO - Presolve time: 3.73s
2026-02-18 15:28:22,529 - gurobipy - INFO - Presolved: 1 rows, 9 columns, 9 nonzeros
2026-02-18 15:28:22,529 - gurobipy - INFO - Presolved model has 9 quadratic objective terms
2026-02-18 15:28:22,529 - gurobipy - INFO - Found heuristic solution: objective 93.7118953
2026-02-18 15:28:22,529 - gurobipy - INFO - Variable types: 0 continuous, 9 integer (0 binary)
2026-02-18 15:28:22,529 - gurobipy - INFO - 
2026-02-18 15:28:22,529 - gurobipy - INFO - Explored 0 nodes (0 simplex iterations) in 3.73 seconds (0.11 work units)
2026-02-18 15:28:22,529 - gurobipy - INFO - Thread count was 32 (of 128 available processors)
2026-02-18 15:28:22,529 - gurobipy - INFO - 
2026-02-18 15:28:22,529 - gurobipy - INFO - Solution count 2: 93.7119 93.9356 
2026-02-18 15:28:22,529 - gurobipy - INFO - 
2026-02-18 15:28:22,529 - gurobipy - INFO - Optimal solution found (tolerance 5.00e-02)
2026-02-18 15:28:22,530 - gurobipy - INFO - Best objective 9.371189527088e+01, best bound 9.353416635004e+01, gap 0.1897%
2026-02-18 15:28:22,538 - root - INFO - Global IQP solved: status=2, gap=0.19%, time=3.7s
2026-02-18 15:28:22,586 - root - INFO -   Loss: 93.5276 (change: 0.004344)
2026-02-18 15:28:22,586 - root - INFO -   Beta range: [0.100, 0.202]
2026-02-18 15:28:22,586 - root - INFO -   Max beta change: 0.004947
2026-02-18 15:28:22,586 - root - INFO -   Cell count range: [0, 20]
2026-02-18 15:28:22,586 - root - INFO -     B-cells: 415 cells (8.5%)
2026-02-18 15:28:22,586 - root - INFO -     CAFs: 890 cells (18.2%)
2026-02-18 15:28:22,586 - root - INFO -     Cancer Epithelial: 1013 cells (20.7%)
2026-02-18 15:28:22,586 - root - INFO -     Endothelial: 325 cells (6.6%)
2026-02-18 15:28:22,586 - root - INFO -     Myeloid: 499 cells (10.2%)
2026-02-18 15:28:22,586 - root - INFO -     Normal Epithelial: 492 cells (10.1%)
2026-02-18 15:28:22,586 - root - INFO -     PVL: 312 cells (6.4%)
2026-02-18 15:28:22,586 - root - INFO -     Plasmablasts: 436 cells (8.9%)
2026-02-18 15:28:22,586 - root - INFO -     T-cells: 510 cells (10.4%)
2026-02-18 15:28:22,586 - root - INFO - 
=== EM Iteration 8/10 ===
2026-02-18 15:28:22,586 - root - INFO - Global IQP: 957 spots x 9 cell types = 8613 integer variables
2026-02-18 15:28:22,586 - root - INFO - Time limit: 600.0s, MIP gap: 5.0%
2026-02-18 15:28:22,586 - gurobipy - INFO - Set parameter TimeLimit to value 600
2026-02-18 15:28:22,586 - gurobipy - INFO - Set parameter MIPGap to value 0.05
2026-02-18 15:28:23,376 - root - INFO - Starting global IQP optimization...
2026-02-18 15:28:23,377 - gurobipy - INFO - Gurobi Optimizer version 11.0.2 build v11.0.2rc0 (linux64 - "Red Hat Enterprise Linux 9.6 (Plow)")
2026-02-18 15:28:23,377 - gurobipy - INFO - 
2026-02-18 15:28:23,377 - gurobipy - INFO - CPU model: AMD EPYC 9575F 64-Core Processor, instruction set [SSE2|AVX|AVX2|AVX512]
2026-02-18 15:28:23,377 - gurobipy - INFO - Thread count: 128 physical cores, 128 logical processors, using up to 32 threads
2026-02-18 15:28:23,377 - gurobipy - INFO - 
2026-02-18 15:28:23,377 - gurobipy - INFO - Optimize a model with 940 rows, 8613 columns and 8460 nonzeros
2026-02-18 15:28:23,377 - gurobipy - INFO - Model fingerprint: 0xacc0e65a
2026-02-18 15:28:23,377 - gurobipy - INFO - Model has 8613 quadratic objective terms
2026-02-18 15:28:23,377 - gurobipy - INFO - Variable types: 0 continuous, 8613 integer (0 binary)
2026-02-18 15:28:23,377 - gurobipy - INFO - Coefficient statistics:
2026-02-18 15:28:23,377 - gurobipy - INFO -   Matrix range     [1e+00, 1e+00]
2026-02-18 15:28:23,377 - gurobipy - INFO -   Objective range  [1e-09, 7e-01]
2026-02-18 15:28:23,377 - gurobipy - INFO -   QObjective range [4e-02, 1e-01]
2026-02-18 15:28:23,377 - gurobipy - INFO -   Bounds range     [1e+00, 2e+01]
2026-02-18 15:28:23,377 - gurobipy - INFO -   RHS range        [1e+00, 2e+01]
2026-02-18 15:28:23,377 - gurobipy - INFO - 
2026-02-18 15:28:23,377 - gurobipy - INFO - Loaded user MIP start with objective 93.5276
2026-02-18 15:28:23,377 - gurobipy - INFO - 
2026-02-18 15:28:26,757 - gurobipy - INFO - Presolve removed 939 rows and 8604 columns
2026-02-18 15:28:26,757 - gurobipy - INFO - Presolve time: 3.38s
2026-02-18 15:28:26,757 - gurobipy - INFO - Presolved: 1 rows, 9 columns, 9 nonzeros
2026-02-18 15:28:26,757 - gurobipy - INFO - Presolved model has 9 quadratic objective terms
2026-02-18 15:28:26,757 - gurobipy - INFO - Found heuristic solution: objective 93.3847462
2026-02-18 15:28:26,758 - gurobipy - INFO - Variable types: 0 continuous, 9 integer (0 binary)
2026-02-18 15:28:26,758 - gurobipy - INFO - 
2026-02-18 15:28:26,758 - gurobipy - INFO - Explored 0 nodes (0 simplex iterations) in 3.38 seconds (0.11 work units)
2026-02-18 15:28:26,758 - gurobipy - INFO - Thread count was 32 (of 128 available processors)
2026-02-18 15:28:26,758 - gurobipy - INFO - 
2026-02-18 15:28:26,758 - gurobipy - INFO - Solution count 2: 93.3847 93.5276 
2026-02-18 15:28:26,758 - gurobipy - INFO - 
2026-02-18 15:28:26,758 - gurobipy - INFO - Optimal solution found (tolerance 5.00e-02)
2026-02-18 15:28:26,758 - gurobipy - INFO - Best objective 9.338474617527e+01, best bound 9.320586269924e+01, gap 0.1916%
2026-02-18 15:28:26,769 - root - INFO - Global IQP solved: status=2, gap=0.19%, time=3.4s
2026-02-18 15:28:26,815 - root - INFO -   Loss: 93.1855 (change: 0.003657)
2026-02-18 15:28:26,815 - root - INFO -   Beta range: [0.100, 0.199]
2026-02-18 15:28:26,815 - root - INFO -   Max beta change: 0.004937
2026-02-18 15:28:26,815 - root - INFO -   Cell count range: [0, 20]
2026-02-18 15:28:26,815 - root - INFO -     B-cells: 400 cells (8.2%)
2026-02-18 15:28:26,815 - root - INFO -     CAFs: 928 cells (19.0%)
2026-02-18 15:28:26,815 - root - INFO -     Cancer Epithelial: 1030 cells (21.1%)
2026-02-18 15:28:26,815 - root - INFO -     Endothelial: 324 cells (6.6%)
2026-02-18 15:28:26,815 - root - INFO -     Myeloid: 496 cells (10.1%)
2026-02-18 15:28:26,815 - root - INFO -     Normal Epithelial: 482 cells (9.9%)
2026-02-18 15:28:26,815 - root - INFO -     PVL: 303 cells (6.2%)
2026-02-18 15:28:26,815 - root - INFO -     Plasmablasts: 422 cells (8.6%)
2026-02-18 15:28:26,815 - root - INFO -     T-cells: 507 cells (10.4%)
2026-02-18 15:28:26,815 - root - INFO - 
=== EM Iteration 9/10 ===
2026-02-18 15:28:26,815 - root - INFO - Global IQP: 957 spots x 9 cell types = 8613 integer variables
2026-02-18 15:28:26,815 - root - INFO - Time limit: 600.0s, MIP gap: 5.0%
2026-02-18 15:28:26,815 - gurobipy - INFO - Set parameter TimeLimit to value 600
2026-02-18 15:28:26,815 - gurobipy - INFO - Set parameter MIPGap to value 0.05
2026-02-18 15:28:27,608 - root - INFO - Starting global IQP optimization...
2026-02-18 15:28:27,608 - gurobipy - INFO - Gurobi Optimizer version 11.0.2 build v11.0.2rc0 (linux64 - "Red Hat Enterprise Linux 9.6 (Plow)")
2026-02-18 15:28:27,608 - gurobipy - INFO - 
2026-02-18 15:28:27,608 - gurobipy - INFO - CPU model: AMD EPYC 9575F 64-Core Processor, instruction set [SSE2|AVX|AVX2|AVX512]
2026-02-18 15:28:27,608 - gurobipy - INFO - Thread count: 128 physical cores, 128 logical processors, using up to 32 threads
2026-02-18 15:28:27,608 - gurobipy - INFO - 
2026-02-18 15:28:27,608 - gurobipy - INFO - Optimize a model with 940 rows, 8613 columns and 8460 nonzeros
2026-02-18 15:28:27,608 - gurobipy - INFO - Model fingerprint: 0x7b861d2e
2026-02-18 15:28:27,608 - gurobipy - INFO - Model has 8613 quadratic objective terms
2026-02-18 15:28:27,608 - gurobipy - INFO - Variable types: 0 continuous, 8613 integer (0 binary)
2026-02-18 15:28:27,609 - gurobipy - INFO - Coefficient statistics:
2026-02-18 15:28:27,609 - gurobipy - INFO -   Matrix range     [1e+00, 1e+00]
2026-02-18 15:28:27,609 - gurobipy - INFO -   Objective range  [1e-09, 7e-01]
2026-02-18 15:28:27,609 - gurobipy - INFO -   QObjective range [4e-02, 1e-01]
2026-02-18 15:28:27,609 - gurobipy - INFO -   Bounds range     [1e+00, 2e+01]
2026-02-18 15:28:27,609 - gurobipy - INFO -   RHS range        [1e+00, 2e+01]
2026-02-18 15:28:27,609 - gurobipy - INFO - 
2026-02-18 15:28:27,609 - gurobipy - INFO - Loaded user MIP start with objective 93.1855
2026-02-18 15:28:27,609 - gurobipy - INFO - 
2026-02-18 15:28:31,006 - gurobipy - INFO - Presolve removed 939 rows and 8604 columns
2026-02-18 15:28:31,006 - gurobipy - INFO - Presolve time: 3.40s
2026-02-18 15:28:31,006 - gurobipy - INFO - Presolved: 1 rows, 9 columns, 9 nonzeros
2026-02-18 15:28:31,006 - gurobipy - INFO - Presolved model has 9 quadratic objective terms
2026-02-18 15:28:31,006 - gurobipy - INFO - Found heuristic solution: objective 93.0881415
2026-02-18 15:28:31,006 - gurobipy - INFO - Variable types: 0 continuous, 9 integer (0 binary)
2026-02-18 15:28:31,006 - gurobipy - INFO - 
2026-02-18 15:28:31,006 - gurobipy - INFO - Explored 0 nodes (0 simplex iterations) in 3.40 seconds (0.11 work units)
2026-02-18 15:28:31,006 - gurobipy - INFO - Thread count was 32 (of 128 available processors)
2026-02-18 15:28:31,006 - gurobipy - INFO - 
2026-02-18 15:28:31,006 - gurobipy - INFO - Solution count 2: 93.0881 93.1855 
2026-02-18 15:28:31,006 - gurobipy - INFO - 
2026-02-18 15:28:31,006 - gurobipy - INFO - Optimal solution found (tolerance 5.00e-02)
2026-02-18 15:28:31,006 - gurobipy - INFO - Best objective 9.308814154775e+01, best bound 9.290733589769e+01, gap 0.1942%
2026-02-18 15:28:31,017 - root - INFO - Global IQP solved: status=2, gap=0.19%, time=3.4s
2026-02-18 15:28:31,084 - root - INFO -   Loss: 92.9051 (change: 0.003010)
2026-02-18 15:28:31,084 - root - INFO -   Beta range: [0.100, 0.196]
2026-02-18 15:28:31,084 - root - INFO -   Max beta change: 0.003913
2026-02-18 15:28:31,084 - root - INFO -   Cell count range: [0, 20]
2026-02-18 15:28:31,084 - root - INFO -     B-cells: 386 cells (7.9%)
2026-02-18 15:28:31,084 - root - INFO -     CAFs: 963 cells (19.7%)
2026-02-18 15:28:31,084 - root - INFO -     Cancer Epithelial: 1042 cells (21.3%)
2026-02-18 15:28:31,084 - root - INFO -     Endothelial: 321 cells (6.6%)
2026-02-18 15:28:31,084 - root - INFO -     Myeloid: 496 cells (10.1%)
2026-02-18 15:28:31,084 - root - INFO -     Normal Epithelial: 478 cells (9.8%)
2026-02-18 15:28:31,084 - root - INFO -     PVL: 300 cells (6.1%)
2026-02-18 15:28:31,084 - root - INFO -     Plasmablasts: 403 cells (8.2%)
2026-02-18 15:28:31,085 - root - INFO -     T-cells: 503 cells (10.3%)
2026-02-18 15:28:31,085 - root - INFO - 
=== EM Iteration 10/10 ===
2026-02-18 15:28:31,085 - root - INFO - Global IQP: 957 spots x 9 cell types = 8613 integer variables
2026-02-18 15:28:31,085 - root - INFO - Time limit: 600.0s, MIP gap: 5.0%
2026-02-18 15:28:31,085 - gurobipy - INFO - Set parameter TimeLimit to value 600
2026-02-18 15:28:31,085 - gurobipy - INFO - Set parameter MIPGap to value 0.05
2026-02-18 15:28:32,048 - root - INFO - Starting global IQP optimization...
2026-02-18 15:28:32,049 - gurobipy - INFO - Gurobi Optimizer version 11.0.2 build v11.0.2rc0 (linux64 - "Red Hat Enterprise Linux 9.6 (Plow)")
2026-02-18 15:28:32,049 - gurobipy - INFO - 
2026-02-18 15:28:32,049 - gurobipy - INFO - CPU model: AMD EPYC 9575F 64-Core Processor, instruction set [SSE2|AVX|AVX2|AVX512]
2026-02-18 15:28:32,049 - gurobipy - INFO - Thread count: 128 physical cores, 128 logical processors, using up to 32 threads
2026-02-18 15:28:32,049 - gurobipy - INFO - 
2026-02-18 15:28:32,049 - gurobipy - INFO - Optimize a model with 940 rows, 8613 columns and 8460 nonzeros
2026-02-18 15:28:32,049 - gurobipy - INFO - Model fingerprint: 0x7d595a69
2026-02-18 15:28:32,049 - gurobipy - INFO - Model has 8613 quadratic objective terms
2026-02-18 15:28:32,049 - gurobipy - INFO - Variable types: 0 continuous, 8613 integer (0 binary)
2026-02-18 15:28:32,049 - gurobipy - INFO - Coefficient statistics:
2026-02-18 15:28:32,049 - gurobipy - INFO -   Matrix range     [1e+00, 1e+00]
2026-02-18 15:28:32,049 - gurobipy - INFO -   Objective range  [1e-09, 7e-01]
2026-02-18 15:28:32,049 - gurobipy - INFO -   QObjective range [4e-02, 1e-01]
2026-02-18 15:28:32,049 - gurobipy - INFO -   Bounds range     [1e+00, 2e+01]
2026-02-18 15:28:32,049 - gurobipy - INFO -   RHS range        [1e+00, 2e+01]
2026-02-18 15:28:32,049 - gurobipy - INFO - 
2026-02-18 15:28:32,049 - gurobipy - INFO - Loaded user MIP start with objective 92.9051
2026-02-18 15:28:32,049 - gurobipy - INFO - 
2026-02-18 15:28:35,658 - gurobipy - INFO - Presolve removed 939 rows and 8604 columns
2026-02-18 15:28:35,658 - gurobipy - INFO - Presolve time: 3.61s
2026-02-18 15:28:35,658 - gurobipy - INFO - Presolved: 1 rows, 9 columns, 9 nonzeros
2026-02-18 15:28:35,658 - gurobipy - INFO - Presolved model has 9 quadratic objective terms
2026-02-18 15:28:35,659 - gurobipy - INFO - Found heuristic solution: objective 92.8201471
2026-02-18 15:28:35,659 - gurobipy - INFO - Variable types: 0 continuous, 9 integer (0 binary)
2026-02-18 15:28:35,659 - gurobipy - INFO - 
2026-02-18 15:28:35,659 - gurobipy - INFO - Explored 0 nodes (0 simplex iterations) in 3.61 seconds (0.11 work units)
2026-02-18 15:28:35,659 - gurobipy - INFO - Thread count was 32 (of 128 available processors)
2026-02-18 15:28:35,659 - gurobipy - INFO - 
2026-02-18 15:28:35,659 - gurobipy - INFO - Solution count 2: 92.8201 92.9051 
2026-02-18 15:28:35,659 - gurobipy - INFO - 
2026-02-18 15:28:35,659 - gurobipy - INFO - Optimal solution found (tolerance 5.00e-02)
2026-02-18 15:28:35,659 - gurobipy - INFO - Best objective 9.282014711558e+01, best bound 9.263741028505e+01, gap 0.1969%
2026-02-18 15:28:35,668 - root - INFO - Global IQP solved: status=2, gap=0.20%, time=3.6s
2026-02-18 15:28:35,731 - root - INFO -   Loss: 92.5790 (change: 0.003509)
2026-02-18 15:28:35,731 - root - INFO -   Beta range: [0.100, 0.193]
2026-02-18 15:28:35,731 - root - INFO -   Max beta change: 0.004929
2026-02-18 15:28:35,731 - root - INFO -   Cell count range: [0, 20]
2026-02-18 15:28:35,731 - root - INFO -     B-cells: 372 cells (7.6%)
2026-02-18 15:28:35,731 - root - INFO -     CAFs: 993 cells (20.3%)
2026-02-18 15:28:35,731 - root - INFO -     Cancer Epithelial: 1058 cells (21.6%)
2026-02-18 15:28:35,731 - root - INFO -     Endothelial: 316 cells (6.5%)
2026-02-18 15:28:35,731 - root - INFO -     Myeloid: 494 cells (10.1%)
2026-02-18 15:28:35,731 - root - INFO -     Normal Epithelial: 473 cells (9.7%)
2026-02-18 15:28:35,731 - root - INFO -     PVL: 293 cells (6.0%)
2026-02-18 15:28:35,731 - root - INFO -     Plasmablasts: 395 cells (8.1%)
2026-02-18 15:28:35,731 - root - INFO -     T-cells: 498 cells (10.2%)
2026-02-18 15:28:35,731 - root - INFO - 
Final beta values:
2026-02-18 15:28:35,731 - root - INFO -   B-cells_Protein_1: β=0.119, α=0.000
2026-02-18 15:28:35,731 - root - INFO -   B-cells_Protein_2: β=0.141, α=0.000
2026-02-18 15:28:35,731 - root - INFO -   CAFs_Protein_1: β=0.113, α=0.000
2026-02-18 15:28:35,731 - root - INFO -   CAFs_Protein_2: β=0.116, α=0.000
2026-02-18 15:28:35,731 - root - INFO -   Cancer Epithelial_Protein_1: β=0.192, α=0.004
2026-02-18 15:28:35,731 - root - INFO -   Cancer Epithelial_Protein_2: β=0.135, α=0.011
2026-02-18 15:28:35,731 - root - INFO -   Endothelial_Protein_1: β=0.100, α=0.000
2026-02-18 15:28:35,731 - root - INFO -   Endothelial_Protein_2: β=0.100, α=0.000
2026-02-18 15:28:35,731 - root - INFO -   Myeloid_Protein_1: β=0.160, α=0.000
2026-02-18 15:28:35,732 - root - INFO -   Myeloid_Protein_2: β=0.193, α=0.000
2026-02-18 15:28:35,732 - root - INFO -   Normal Epithelial_Protein_1: β=0.100, α=0.000
2026-02-18 15:28:35,732 - root - INFO -   Normal Epithelial_Protein_2: β=0.140, α=0.000
2026-02-18 15:28:35,732 - root - INFO -   PVL_Protein_1: β=0.171, α=0.000
2026-02-18 15:28:35,732 - root - INFO -   PVL_Protein_2: β=0.100, α=0.000
2026-02-18 15:28:35,732 - root - INFO -   Plasmablasts_Protein_1: β=0.100, α=0.000
2026-02-18 15:28:35,732 - root - INFO -   Plasmablasts_Protein_2: β=0.130, α=0.000
2026-02-18 15:28:35,732 - root - INFO -   T-cells_Protein_1: β=0.156, α=0.000
2026-02-18 15:28:35,732 - root - INFO -   T-cells_Protein_2: β=0.190, α=0.000
2026-02-18 15:28:35,757 - root - INFO - Saved discrete cell counts to Benchmarking/simulation_benchmarking/CITEgeist/output_discrete_nuclei_clr/mixed/dapi/mixed/dapi/Wu_rep_2/Wu_rep_2_discrete_cell_counts.csv
2026-02-18 15:28:35,773 - root - INFO - Saved derived proportions to Benchmarking/simulation_benchmarking/CITEgeist/output_discrete_nuclei_clr/mixed/dapi/mixed/dapi/Wu_rep_2/Wu_rep_2_cell_prop_discrete.csv
2026-02-18 15:28:35,773 - root - INFO - Cell type distribution:
2026-02-18 15:28:35,773 - root - INFO -   B-cells: 372 cells (7.6%)
2026-02-18 15:28:35,773 - root - INFO -   CAFs: 993 cells (20.3%)
2026-02-18 15:28:35,773 - root - INFO -   Cancer Epithelial: 1058 cells (21.6%)
2026-02-18 15:28:35,773 - root - INFO -   Endothelial: 316 cells (6.5%)
2026-02-18 15:28:35,773 - root - INFO -   Myeloid: 494 cells (10.1%)
2026-02-18 15:28:35,773 - root - INFO -   Normal Epithelial: 473 cells (9.7%)
2026-02-18 15:28:35,773 - root - INFO -   PVL: 293 cells (6.0%)
2026-02-18 15:28:35,773 - root - INFO -   Plasmablasts: 395 cells (8.1%)
2026-02-18 15:28:35,773 - root - INFO -   T-cells: 498 cells (10.2%)
2026-02-18 15:28:35,789 - __main__ - INFO - Loaded ground truth proportions: 957 spots, 9 cell types
2026-02-18 15:28:35,790 - __main__ - INFO - Proportion correlation: 0.607
2026-02-18 15:28:35,790 - __main__ - INFO - Proportion RMSE: 0.1676
2026-02-18 15:28:35,790 - __main__ - INFO - Running GEX deconvolution...
2026-02-18 15:28:35,791 - CITEgeist.model.utils - INFO - Detected spot spacing: 1.61 units (median of 957 nearest-neighbor distances)
2026-02-18 15:28:35,791 - CITEgeist.model.utils - INFO - Computed optimal radius: 4.92 (3.0 rings, spot_spacing=1.61)
2026-02-18 15:28:35,791 - root - INFO - Auto-detected radius: 4.92 (3 rings)
2026-02-18 15:28:35,791 - root - INFO - Starting Pass 1: Error minimization with enrichment weights...
2026-02-18 15:28:35,791 - root - INFO - Using discrete mode: cell counts as fixed multipliers
2026-02-18 15:28:35,791 - root - WARNING - Found 17 spots with zero cells. These will be skipped in deconvolution.
2026-02-18 15:28:35,791 - root - WARNING - Found 17 spots with zero or negligible total cell proportions. Deconvolution for these spots may fail and their profiles will be imputed as zeros. Example spot indices: [33 39 44 81 98]
2026-02-18 15:28:35,791 - root - INFO - Starting analysis for Wu_rep_2
2026-02-18 15:28:35,791 - root - INFO - Already completed spots: 0
2026-02-18 15:28:35,791 - root - INFO - Using enrichment weights - Global: 0.5, Local: 0.5
2026-02-18 15:28:35,791 - root - INFO - Using 128 workers
2026-02-18 15:28:35,791 - root - INFO - Processing 957 remaining spots
Deconvoluting Remaining Spots:   0%|          | 0/957 [00:00<?, ?it/s]Deconvoluting Remaining Spots:   0%|          | 1/957 [00:02<40:47,  2.56s/it]Deconvoluting Remaining Spots:   0%|          | 2/957 [00:02<19:16,  1.21s/it]Deconvoluting Remaining Spots:   0%|          | 3/957 [00:03<12:02,  1.32it/s]Deconvoluting Remaining Spots:   0%|          | 4/957 [00:03<08:30,  1.87it/s]Deconvoluting Remaining Spots:   1%|          | 5/957 [00:03<07:09,  2.22it/s]Deconvoluting Remaining Spots:   1%|          | 6/957 [00:03<05:58,  2.65it/s]Deconvoluting Remaining Spots:   1%|          | 7/957 [00:03<04:51,  3.26it/s]Deconvoluting Remaining Spots:   1%|          | 8/957 [00:04<04:08,  3.83it/s]Deconvoluting Remaining Spots:   1%|          | 9/957 [00:04<03:44,  4.22it/s]Deconvoluting Remaining Spots:   1%|          | 10/957 [00:04<03:37,  4.36it/s]Deconvoluting Remaining Spots:   1%|          | 11/957 [00:04<03:22,  4.67it/s]Deconvoluting Remaining Spots:   1%|▏         | 12/957 [00:04<03:45,  4.20it/s]Deconvoluting Remaining Spots:   1%|▏         | 13/957 [00:05<03:21,  4.68it/s]Deconvoluting Remaining Spots:   1%|▏         | 14/957 [00:05<03:53,  4.03it/s]Deconvoluting Remaining Spots:   2%|▏         | 16/957 [00:05<04:04,  3.86it/s]Deconvoluting Remaining Spots:   2%|▏         | 17/957 [00:06<03:48,  4.12it/s]Deconvoluting Remaining Spots:   2%|▏         | 18/957 [00:06<03:39,  4.27it/s]Deconvoluting Remaining Spots:   2%|▏         | 19/957 [00:06<03:38,  4.29it/s]Deconvoluting Remaining Spots:   2%|▏         | 20/957 [00:06<03:26,  4.55it/s]Deconvoluting Remaining Spots:   2%|▏         | 21/957 [00:07<03:38,  4.28it/s]Deconvoluting Remaining Spots:   2%|▏         | 23/957 [00:07<02:47,  5.57it/s]Deconvoluting Remaining Spots:   3%|▎         | 24/957 [00:07<03:04,  5.06it/s]Deconvoluting Remaining Spots:   3%|▎         | 25/957 [00:07<03:19,  4.67it/s]Deconvoluting Remaining Spots:   3%|▎         | 26/957 [00:08<03:31,  4.39it/s]Deconvoluting Remaining Spots:   3%|▎         | 27/957 [00:08<03:45,  4.13it/s]Deconvoluting Remaining Spots:   3%|▎         | 29/957 [00:08<02:42,  5.71it/s]Deconvoluting Remaining Spots:   3%|▎         | 30/957 [00:08<03:29,  4.43it/s]Deconvoluting Remaining Spots:   3%|▎         | 31/957 [00:09<03:22,  4.57it/s]Deconvoluting Remaining Spots:   3%|▎         | 32/957 [00:09<03:17,  4.68it/s]Deconvoluting Remaining Spots:   3%|▎         | 33/957 [00:09<03:25,  4.51it/s]Deconvoluting Remaining Spots:   4%|▎         | 35/957 [00:10<03:26,  4.46it/s]Deconvoluting Remaining Spots:   4%|▍         | 36/957 [00:10<03:20,  4.60it/s]Deconvoluting Remaining Spots:   4%|▍         | 37/957 [00:10<03:16,  4.69it/s]Deconvoluting Remaining Spots:   4%|▍         | 38/957 [00:10<03:11,  4.81it/s]Deconvoluting Remaining Spots:   4%|▍         | 39/957 [00:10<03:13,  4.73it/s]Deconvoluting Remaining Spots:   4%|▍         | 40/957 [00:11<03:28,  4.40it/s]Deconvoluting Remaining Spots:   4%|▍         | 41/957 [00:11<03:46,  4.04it/s]Deconvoluting Remaining Spots:   4%|▍         | 42/957 [00:11<03:45,  4.06it/s]Deconvoluting Remaining Spots:   4%|▍         | 43/957 [00:11<03:35,  4.25it/s]Deconvoluting Remaining Spots:   5%|▍         | 44/957 [00:12<03:23,  4.49it/s]Deconvoluting Remaining Spots:   5%|▍         | 45/957 [00:12<03:22,  4.50it/s]Deconvoluting Remaining Spots:   5%|▍         | 47/957 [00:12<03:18,  4.59it/s]Deconvoluting Remaining Spots:   5%|▌         | 48/957 [00:13<03:40,  4.13it/s]Deconvoluting Remaining Spots:   5%|▌         | 49/957 [00:13<03:12,  4.72it/s]Deconvoluting Remaining Spots:   5%|▌         | 50/957 [00:13<03:12,  4.71it/s]Deconvoluting Remaining Spots:   5%|▌         | 51/957 [00:13<03:44,  4.04it/s]Deconvoluting Remaining Spots:   6%|▌         | 53/957 [00:13<03:02,  4.96it/s]Deconvoluting Remaining Spots:   6%|▌         | 55/957 [00:14<03:18,  4.54it/s]Deconvoluting Remaining Spots:   6%|▌         | 56/957 [00:14<03:04,  4.88it/s]Deconvoluting Remaining Spots:   6%|▌         | 57/957 [00:14<03:10,  4.73it/s]Deconvoluting Remaining Spots:   6%|▌         | 58/957 [00:15<03:03,  4.90it/s]Deconvoluting Remaining Spots:   6%|▌         | 59/957 [00:15<03:12,  4.67it/s]Deconvoluting Remaining Spots:   6%|▋         | 60/957 [00:15<02:49,  5.28it/s]Deconvoluting Remaining Spots:   6%|▋         | 61/957 [00:15<03:22,  4.42it/s]Deconvoluting Remaining Spots:   6%|▋         | 62/957 [00:15<03:14,  4.61it/s]Deconvoluting Remaining Spots:   7%|▋         | 63/957 [00:16<03:35,  4.15it/s]Deconvoluting Remaining Spots:   7%|▋         | 64/957 [00:16<03:19,  4.48it/s]Deconvoluting Remaining Spots:   7%|▋         | 65/957 [00:16<04:34,  3.25it/s]Deconvoluting Remaining Spots:   7%|▋         | 67/957 [00:17<03:45,  3.94it/s]Deconvoluting Remaining Spots:   7%|▋         | 68/957 [00:17<03:58,  3.73it/s]Deconvoluting Remaining Spots:   7%|▋         | 70/957 [00:17<03:03,  4.83it/s]Deconvoluting Remaining Spots:   8%|▊         | 72/957 [00:18<02:51,  5.15it/s]Deconvoluting Remaining Spots:   8%|▊         | 73/957 [00:18<02:36,  5.64it/s]Deconvoluting Remaining Spots:   8%|▊         | 74/957 [00:18<02:58,  4.96it/s]Deconvoluting Remaining Spots:   8%|▊         | 75/957 [00:18<02:55,  5.04it/s]Deconvoluting Remaining Spots:   8%|▊         | 76/957 [00:19<03:04,  4.78it/s]Deconvoluting Remaining Spots:   8%|▊         | 77/957 [00:19<03:04,  4.77it/s]Deconvoluting Remaining Spots:   8%|▊         | 78/957 [00:19<03:02,  4.83it/s]Deconvoluting Remaining Spots:   8%|▊         | 79/957 [00:19<03:44,  3.92it/s]Deconvoluting Remaining Spots:   8%|▊         | 81/957 [00:20<02:57,  4.94it/s]Deconvoluting Remaining Spots:   9%|▊         | 83/957 [00:20<02:57,  4.93it/s]Deconvoluting Remaining Spots:   9%|▉         | 84/957 [00:20<02:56,  4.94it/s]Deconvoluting Remaining Spots:   9%|▉         | 85/957 [00:20<03:03,  4.75it/s]Deconvoluting Remaining Spots:   9%|▉         | 86/957 [00:21<02:41,  5.38it/s]Deconvoluting Remaining Spots:   9%|▉         | 87/957 [00:21<03:11,  4.54it/s]Deconvoluting Remaining Spots:   9%|▉         | 88/957 [00:21<03:09,  4.58it/s]Deconvoluting Remaining Spots:   9%|▉         | 89/957 [00:21<03:09,  4.59it/s]Deconvoluting Remaining Spots:  10%|▉         | 91/957 [00:22<03:07,  4.62it/s]Deconvoluting Remaining Spots:  10%|▉         | 92/957 [00:22<02:46,  5.18it/s]Deconvoluting Remaining Spots:  10%|▉         | 93/957 [00:22<02:32,  5.66it/s]Deconvoluting Remaining Spots:  10%|▉         | 94/957 [00:22<03:15,  4.42it/s]Deconvoluting Remaining Spots:  10%|▉         | 95/957 [00:23<03:13,  4.46it/s]Deconvoluting Remaining Spots:  10%|█         | 96/957 [00:23<03:06,  4.62it/s]Deconvoluting Remaining Spots:  10%|█         | 97/957 [00:23<02:58,  4.83it/s]Deconvoluting Remaining Spots:  10%|█         | 98/957 [00:23<03:17,  4.35it/s]Deconvoluting Remaining Spots:  10%|█         | 99/957 [00:23<03:08,  4.55it/s]Deconvoluting Remaining Spots:  10%|█         | 100/957 [00:24<03:06,  4.59it/s]2026-02-18 15:29:02,281 - root - INFO - Saved checkpoint after 100 completed spots
Deconvoluting Remaining Spots:  11%|█         | 101/957 [00:24<05:33,  2.57it/s]Deconvoluting Remaining Spots:  11%|█         | 104/957 [00:25<02:48,  5.06it/s]Deconvoluting Remaining Spots:  11%|█         | 105/957 [00:25<02:34,  5.51it/s]Deconvoluting Remaining Spots:  11%|█         | 106/957 [00:25<02:48,  5.05it/s]Deconvoluting Remaining Spots:  11%|█         | 107/957 [00:25<02:46,  5.10it/s]Deconvoluting Remaining Spots:  11%|█▏        | 108/957 [00:25<03:01,  4.68it/s]Deconvoluting Remaining Spots:  11%|█▏        | 109/957 [00:26<03:46,  3.74it/s]Deconvoluting Remaining Spots:  12%|█▏        | 111/957 [00:26<02:57,  4.76it/s]Deconvoluting Remaining Spots:  12%|█▏        | 112/957 [00:26<03:02,  4.64it/s]Deconvoluting Remaining Spots:  12%|█▏        | 113/957 [00:27<02:59,  4.70it/s]Deconvoluting Remaining Spots:  12%|█▏        | 114/957 [00:27<03:05,  4.56it/s]Deconvoluting Remaining Spots:  12%|█▏        | 115/957 [00:27<03:30,  4.00it/s]Deconvoluting Remaining Spots:  12%|█▏        | 116/957 [00:27<03:06,  4.50it/s]Deconvoluting Remaining Spots:  12%|█▏        | 117/957 [00:27<02:55,  4.80it/s]Deconvoluting Remaining Spots:  12%|█▏        | 118/957 [00:28<02:40,  5.21it/s]Deconvoluting Remaining Spots:  12%|█▏        | 119/957 [00:28<03:17,  4.25it/s]Deconvoluting Remaining Spots:  13%|█▎        | 120/957 [00:28<03:14,  4.30it/s]Deconvoluting Remaining Spots:  13%|█▎        | 122/957 [00:28<02:49,  4.94it/s]Deconvoluting Remaining Spots:  13%|█▎        | 123/957 [00:29<03:15,  4.26it/s]Deconvoluting Remaining Spots:  13%|█▎        | 125/957 [00:29<02:35,  5.34it/s]Deconvoluting Remaining Spots:  13%|█▎        | 126/957 [00:29<03:02,  4.55it/s]Deconvoluting Remaining Spots:  13%|█▎        | 128/957 [00:30<02:58,  4.65it/s]Deconvoluting Remaining Spots:  13%|█▎        | 129/957 [00:30<03:02,  4.54it/s]Deconvoluting Remaining Spots:  14%|█▎        | 130/957 [00:30<02:51,  4.81it/s]Deconvoluting Remaining Spots:  14%|█▎        | 131/957 [00:31<03:37,  3.80it/s]Deconvoluting Remaining Spots:  14%|█▍        | 133/957 [00:31<03:04,  4.48it/s]Deconvoluting Remaining Spots:  14%|█▍        | 134/957 [00:31<02:41,  5.10it/s]Deconvoluting Remaining Spots:  14%|█▍        | 135/957 [00:31<02:52,  4.77it/s]Deconvoluting Remaining Spots:  14%|█▍        | 136/957 [00:31<02:38,  5.17it/s]Deconvoluting Remaining Spots:  14%|█▍        | 137/957 [00:32<02:45,  4.95it/s]Deconvoluting Remaining Spots:  14%|█▍        | 138/957 [00:32<02:28,  5.51it/s]Deconvoluting Remaining Spots:  15%|█▍        | 139/957 [00:32<03:08,  4.34it/s]Deconvoluting Remaining Spots:  15%|█▍        | 140/957 [00:33<03:44,  3.64it/s]Deconvoluting Remaining Spots:  15%|█▍        | 142/957 [00:33<02:38,  5.13it/s]Deconvoluting Remaining Spots:  15%|█▌        | 144/957 [00:33<02:30,  5.41it/s]Deconvoluting Remaining Spots:  15%|█▌        | 145/957 [00:33<02:44,  4.95it/s]Deconvoluting Remaining Spots:  15%|█▌        | 146/957 [00:34<02:44,  4.94it/s]Deconvoluting Remaining Spots:  15%|█▌        | 147/957 [00:34<02:47,  4.84it/s]Deconvoluting Remaining Spots:  15%|█▌        | 148/957 [00:34<03:12,  4.21it/s]Deconvoluting Remaining Spots:  16%|█▌        | 149/957 [00:34<03:05,  4.35it/s]Deconvoluting Remaining Spots:  16%|█▌        | 150/957 [00:35<03:09,  4.25it/s]Deconvoluting Remaining Spots:  16%|█▌        | 151/957 [00:35<02:59,  4.49it/s]Deconvoluting Remaining Spots:  16%|█▌        | 152/957 [00:35<02:50,  4.73it/s]Deconvoluting Remaining Spots:  16%|█▌        | 153/957 [00:35<02:52,  4.65it/s]Deconvoluting Remaining Spots:  16%|█▌        | 155/957 [00:35<02:22,  5.64it/s]Deconvoluting Remaining Spots:  16%|█▋        | 156/957 [00:36<03:02,  4.39it/s]Deconvoluting Remaining Spots:  17%|█▋        | 158/957 [00:36<02:20,  5.70it/s]Deconvoluting Remaining Spots:  17%|█▋        | 159/957 [00:36<02:22,  5.61it/s]Deconvoluting Remaining Spots:  17%|█▋        | 160/957 [00:36<02:29,  5.32it/s]Deconvoluting Remaining Spots:  17%|█▋        | 161/957 [00:37<02:31,  5.24it/s]Deconvoluting Remaining Spots:  17%|█▋        | 162/957 [00:37<02:32,  5.22it/s]Deconvoluting Remaining Spots:  17%|█▋        | 163/957 [00:37<02:41,  4.92it/s]Deconvoluting Remaining Spots:  17%|█▋        | 165/957 [00:37<02:28,  5.34it/s]Deconvoluting Remaining Spots:  17%|█▋        | 166/957 [00:38<02:24,  5.46it/s]Deconvoluting Remaining Spots:  17%|█▋        | 167/957 [00:38<02:41,  4.89it/s]Deconvoluting Remaining Spots:  18%|█▊        | 168/957 [00:38<03:02,  4.32it/s]Deconvoluting Remaining Spots:  18%|█▊        | 170/957 [00:38<02:27,  5.34it/s]Deconvoluting Remaining Spots:  18%|█▊        | 171/957 [00:39<02:29,  5.24it/s]Deconvoluting Remaining Spots:  18%|█▊        | 172/957 [00:39<02:30,  5.22it/s]Deconvoluting Remaining Spots:  18%|█▊        | 173/957 [00:39<02:27,  5.33it/s]Deconvoluting Remaining Spots:  18%|█▊        | 174/957 [00:39<02:15,  5.78it/s]Deconvoluting Remaining Spots:  18%|█▊        | 175/957 [00:39<02:20,  5.55it/s]Deconvoluting Remaining Spots:  18%|█▊        | 176/957 [00:40<02:38,  4.93it/s]Deconvoluting Remaining Spots:  18%|█▊        | 177/957 [00:40<02:38,  4.91it/s]Deconvoluting Remaining Spots:  19%|█▊        | 178/957 [00:40<02:38,  4.91it/s]Deconvoluting Remaining Spots:  19%|█▊        | 179/957 [00:40<02:40,  4.84it/s]Deconvoluting Remaining Spots:  19%|█▉        | 180/957 [00:40<02:35,  5.00it/s]Deconvoluting Remaining Spots:  19%|█▉        | 181/957 [00:40<02:26,  5.31it/s]Deconvoluting Remaining Spots:  19%|█▉        | 182/957 [00:41<02:46,  4.64it/s]Deconvoluting Remaining Spots:  19%|█▉        | 184/957 [00:41<02:20,  5.51it/s]Deconvoluting Remaining Spots:  19%|█▉        | 185/957 [00:41<02:26,  5.27it/s]Deconvoluting Remaining Spots:  19%|█▉        | 186/957 [00:42<02:36,  4.94it/s]Deconvoluting Remaining Spots:  20%|█▉        | 188/957 [00:42<02:43,  4.69it/s]Deconvoluting Remaining Spots:  20%|█▉        | 189/957 [00:42<02:36,  4.89it/s]Deconvoluting Remaining Spots:  20%|█▉        | 190/957 [00:42<02:22,  5.39it/s]Deconvoluting Remaining Spots:  20%|█▉        | 191/957 [00:42<02:24,  5.29it/s]Deconvoluting Remaining Spots:  20%|██        | 192/957 [00:43<02:13,  5.71it/s]Deconvoluting Remaining Spots:  20%|██        | 193/957 [00:43<02:48,  4.53it/s]Deconvoluting Remaining Spots:  20%|██        | 195/957 [00:43<02:18,  5.50it/s]Deconvoluting Remaining Spots:  20%|██        | 196/957 [00:43<02:18,  5.48it/s]Deconvoluting Remaining Spots:  21%|██        | 197/957 [00:44<02:19,  5.45it/s]Deconvoluting Remaining Spots:  21%|██        | 198/957 [00:44<03:43,  3.39it/s]2026-02-18 15:29:23,647 - root - INFO - Saved checkpoint after 200 completed spots
Deconvoluting Remaining Spots:  21%|██        | 201/957 [00:46<05:20,  2.36it/s]Deconvoluting Remaining Spots:  22%|██▏       | 209/957 [00:46<01:55,  6.47it/s]Deconvoluting Remaining Spots:  22%|██▏       | 211/957 [00:46<01:56,  6.43it/s]Deconvoluting Remaining Spots:  22%|██▏       | 213/957 [00:47<02:07,  5.83it/s]Deconvoluting Remaining Spots:  22%|██▏       | 215/957 [00:47<02:14,  5.51it/s]Deconvoluting Remaining Spots:  23%|██▎       | 216/957 [00:47<02:08,  5.76it/s]Deconvoluting Remaining Spots:  23%|██▎       | 217/957 [00:48<02:29,  4.95it/s]Deconvoluting Remaining Spots:  23%|██▎       | 218/957 [00:48<02:30,  4.92it/s]Deconvoluting Remaining Spots:  23%|██▎       | 219/957 [00:48<02:48,  4.39it/s]Deconvoluting Remaining Spots:  23%|██▎       | 220/957 [00:48<02:31,  4.88it/s]Deconvoluting Remaining Spots:  23%|██▎       | 222/957 [00:49<02:23,  5.12it/s]Deconvoluting Remaining Spots:  23%|██▎       | 223/957 [00:49<02:52,  4.25it/s]Deconvoluting Remaining Spots:  23%|██▎       | 224/957 [00:49<02:42,  4.50it/s]Deconvoluting Remaining Spots:  24%|██▎       | 226/957 [00:50<02:21,  5.17it/s]Deconvoluting Remaining Spots:  24%|██▎       | 227/957 [00:50<02:57,  4.11it/s]Deconvoluting Remaining Spots:  24%|██▍       | 229/957 [00:50<02:05,  5.81it/s]Deconvoluting Remaining Spots:  24%|██▍       | 230/957 [00:50<02:15,  5.35it/s]Deconvoluting Remaining Spots:  24%|██▍       | 231/957 [00:51<02:53,  4.18it/s]Deconvoluting Remaining Spots:  24%|██▍       | 233/957 [00:51<02:05,  5.76it/s]Deconvoluting Remaining Spots:  24%|██▍       | 234/957 [00:51<02:09,  5.59it/s]Deconvoluting Remaining Spots:  25%|██▍       | 235/957 [00:51<02:21,  5.11it/s]Deconvoluting Remaining Spots:  25%|██▍       | 236/957 [00:51<02:21,  5.10it/s]Deconvoluting Remaining Spots:  25%|██▍       | 237/957 [00:52<02:19,  5.16it/s]Deconvoluting Remaining Spots:  25%|██▍       | 238/957 [00:52<02:22,  5.06it/s]Deconvoluting Remaining Spots:  25%|██▌       | 240/957 [00:52<02:27,  4.88it/s]Deconvoluting Remaining Spots:  25%|██▌       | 241/957 [00:52<02:18,  5.15it/s]Deconvoluting Remaining Spots:  25%|██▌       | 242/957 [00:53<03:01,  3.94it/s]Deconvoluting Remaining Spots:  25%|██▌       | 244/957 [00:53<02:09,  5.50it/s]Deconvoluting Remaining Spots:  26%|██▌       | 245/957 [00:53<02:02,  5.82it/s]Deconvoluting Remaining Spots:  26%|██▌       | 246/957 [00:53<02:18,  5.14it/s]Deconvoluting Remaining Spots:  26%|██▌       | 247/957 [00:54<02:42,  4.37it/s]Deconvoluting Remaining Spots:  26%|██▌       | 248/957 [00:54<02:18,  5.13it/s]Deconvoluting Remaining Spots:  26%|██▌       | 249/957 [00:54<02:07,  5.55it/s]Deconvoluting Remaining Spots:  26%|██▌       | 250/957 [00:54<02:28,  4.77it/s]Deconvoluting Remaining Spots:  26%|██▋       | 252/957 [00:55<01:58,  5.93it/s]Deconvoluting Remaining Spots:  26%|██▋       | 253/957 [00:55<02:08,  5.49it/s]Deconvoluting Remaining Spots:  27%|██▋       | 254/957 [00:55<02:08,  5.47it/s]Deconvoluting Remaining Spots:  27%|██▋       | 255/957 [00:55<02:30,  4.68it/s]Deconvoluting Remaining Spots:  27%|██▋       | 256/957 [00:55<02:24,  4.85it/s]Deconvoluting Remaining Spots:  27%|██▋       | 257/957 [00:56<02:14,  5.21it/s]Deconvoluting Remaining Spots:  27%|██▋       | 258/957 [00:56<02:23,  4.89it/s]Deconvoluting Remaining Spots:  27%|██▋       | 260/957 [00:56<02:05,  5.57it/s]Deconvoluting Remaining Spots:  27%|██▋       | 261/957 [00:57<02:40,  4.35it/s]Deconvoluting Remaining Spots:  27%|██▋       | 263/957 [00:57<02:15,  5.11it/s]Deconvoluting Remaining Spots:  28%|██▊       | 264/957 [00:57<02:05,  5.52it/s]Deconvoluting Remaining Spots:  28%|██▊       | 265/957 [00:57<02:09,  5.33it/s]Deconvoluting Remaining Spots:  28%|██▊       | 266/957 [00:57<02:04,  5.57it/s]Deconvoluting Remaining Spots:  28%|██▊       | 267/957 [00:58<02:20,  4.91it/s]Deconvoluting Remaining Spots:  28%|██▊       | 269/957 [00:58<02:01,  5.67it/s]Deconvoluting Remaining Spots:  28%|██▊       | 270/957 [00:58<02:00,  5.71it/s]Deconvoluting Remaining Spots:  28%|██▊       | 271/957 [00:58<02:06,  5.42it/s]Deconvoluting Remaining Spots:  28%|██▊       | 272/957 [00:59<02:39,  4.30it/s]Deconvoluting Remaining Spots:  29%|██▊       | 274/957 [00:59<02:19,  4.90it/s]Deconvoluting Remaining Spots:  29%|██▊       | 275/957 [00:59<02:13,  5.10it/s]Deconvoluting Remaining Spots:  29%|██▉       | 276/957 [00:59<02:13,  5.09it/s]Deconvoluting Remaining Spots:  29%|██▉       | 277/957 [00:59<02:10,  5.23it/s]Deconvoluting Remaining Spots:  29%|██▉       | 278/957 [01:00<02:27,  4.59it/s]Deconvoluting Remaining Spots:  29%|██▉       | 280/957 [01:00<02:10,  5.18it/s]Deconvoluting Remaining Spots:  29%|██▉       | 281/957 [01:00<02:11,  5.15it/s]Deconvoluting Remaining Spots:  29%|██▉       | 282/957 [01:01<02:23,  4.69it/s]Deconvoluting Remaining Spots:  30%|██▉       | 284/957 [01:01<01:51,  6.03it/s]Deconvoluting Remaining Spots:  30%|██▉       | 285/957 [01:01<01:44,  6.45it/s]Deconvoluting Remaining Spots:  30%|██▉       | 286/957 [01:01<02:09,  5.19it/s]Deconvoluting Remaining Spots:  30%|██▉       | 287/957 [01:01<02:05,  5.33it/s]Deconvoluting Remaining Spots:  30%|███       | 288/957 [01:02<01:58,  5.63it/s]Deconvoluting Remaining Spots:  30%|███       | 289/957 [01:02<02:05,  5.32it/s]Deconvoluting Remaining Spots:  30%|███       | 290/957 [01:02<02:33,  4.34it/s]Deconvoluting Remaining Spots:  31%|███       | 292/957 [01:02<02:01,  5.47it/s]Deconvoluting Remaining Spots:  31%|███       | 293/957 [01:03<02:01,  5.48it/s]Deconvoluting Remaining Spots:  31%|███       | 294/957 [01:03<01:54,  5.80it/s]Deconvoluting Remaining Spots:  31%|███       | 295/957 [01:03<02:15,  4.89it/s]Deconvoluting Remaining Spots:  31%|███       | 297/957 [01:03<02:11,  5.02it/s]Deconvoluting Remaining Spots:  31%|███       | 298/957 [01:04<02:09,  5.09it/s]Deconvoluting Remaining Spots:  31%|███▏      | 300/957 [01:04<01:51,  5.88it/s]2026-02-18 15:29:43,304 - root - INFO - Saved checkpoint after 300 completed spots
Deconvoluting Remaining Spots:  31%|███▏      | 301/957 [01:05<05:30,  1.98it/s]Deconvoluting Remaining Spots:  32%|███▏      | 308/957 [01:06<01:47,  6.03it/s]Deconvoluting Remaining Spots:  32%|███▏      | 311/957 [01:06<01:49,  5.91it/s]Deconvoluting Remaining Spots:  33%|███▎      | 313/957 [01:06<01:52,  5.72it/s]Deconvoluting Remaining Spots:  33%|███▎      | 315/957 [01:07<01:53,  5.65it/s]Deconvoluting Remaining Spots:  33%|███▎      | 317/957 [01:07<02:04,  5.14it/s]Deconvoluting Remaining Spots:  33%|███▎      | 319/957 [01:08<01:50,  5.75it/s]Deconvoluting Remaining Spots:  33%|███▎      | 320/957 [01:08<02:07,  5.00it/s]Deconvoluting Remaining Spots:  34%|███▎      | 321/957 [01:08<02:25,  4.38it/s]Deconvoluting Remaining Spots:  34%|███▍      | 323/957 [01:08<01:55,  5.49it/s]Deconvoluting Remaining Spots:  34%|███▍      | 324/957 [01:09<02:41,  3.93it/s]Deconvoluting Remaining Spots:  34%|███▍      | 325/957 [01:09<02:25,  4.35it/s]Deconvoluting Remaining Spots:  34%|███▍      | 326/957 [01:10<02:48,  3.73it/s]Deconvoluting Remaining Spots:  34%|███▍      | 328/957 [01:10<02:04,  5.06it/s]Deconvoluting Remaining Spots:  34%|███▍      | 329/957 [01:10<02:02,  5.14it/s]Deconvoluting Remaining Spots:  34%|███▍      | 330/957 [01:10<01:52,  5.56it/s]Deconvoluting Remaining Spots:  35%|███▍      | 331/957 [01:10<01:48,  5.75it/s]Deconvoluting Remaining Spots:  35%|███▍      | 332/957 [01:10<01:58,  5.28it/s]Deconvoluting Remaining Spots:  35%|███▍      | 333/957 [01:11<01:56,  5.36it/s]Deconvoluting Remaining Spots:  35%|███▍      | 334/957 [01:11<01:44,  5.95it/s]Deconvoluting Remaining Spots:  35%|███▌      | 335/957 [01:11<01:45,  5.89it/s]Deconvoluting Remaining Spots:  35%|███▌      | 337/957 [01:11<01:37,  6.34it/s]Deconvoluting Remaining Spots:  35%|███▌      | 338/957 [01:11<01:42,  6.07it/s]Deconvoluting Remaining Spots:  35%|███▌      | 339/957 [01:12<02:07,  4.86it/s]Deconvoluting Remaining Spots:  36%|███▌      | 340/957 [01:12<02:17,  4.48it/s]Deconvoluting Remaining Spots:  36%|███▌      | 342/957 [01:12<02:06,  4.85it/s]Deconvoluting Remaining Spots:  36%|███▌      | 344/957 [01:13<01:50,  5.54it/s]Deconvoluting Remaining Spots:  36%|███▌      | 345/957 [01:13<02:08,  4.75it/s]Deconvoluting Remaining Spots:  36%|███▌      | 346/957 [01:13<01:53,  5.39it/s]Deconvoluting Remaining Spots:  36%|███▋      | 347/957 [01:13<01:57,  5.19it/s]Deconvoluting Remaining Spots:  36%|███▋      | 348/957 [01:14<02:11,  4.65it/s]Deconvoluting Remaining Spots:  37%|███▋      | 350/957 [01:14<01:38,  6.18it/s]Deconvoluting Remaining Spots:  37%|███▋      | 352/957 [01:14<01:47,  5.64it/s]Deconvoluting Remaining Spots:  37%|███▋      | 353/957 [01:14<02:01,  4.99it/s]Deconvoluting Remaining Spots:  37%|███▋      | 354/957 [01:15<01:55,  5.20it/s]Deconvoluting Remaining Spots:  37%|███▋      | 355/957 [01:15<01:52,  5.37it/s]Deconvoluting Remaining Spots:  37%|███▋      | 356/957 [01:15<01:56,  5.17it/s]Deconvoluting Remaining Spots:  37%|███▋      | 357/957 [01:15<01:45,  5.67it/s]Deconvoluting Remaining Spots:  37%|███▋      | 358/957 [01:15<01:49,  5.49it/s]Deconvoluting Remaining Spots:  38%|███▊      | 359/957 [01:16<02:05,  4.76it/s]Deconvoluting Remaining Spots:  38%|███▊      | 361/957 [01:16<02:09,  4.61it/s]Deconvoluting Remaining Spots:  38%|███▊      | 363/957 [01:16<02:13,  4.44it/s]Deconvoluting Remaining Spots:  38%|███▊      | 365/957 [01:17<01:44,  5.67it/s]Deconvoluting Remaining Spots:  38%|███▊      | 366/957 [01:17<02:21,  4.18it/s]Deconvoluting Remaining Spots:  38%|███▊      | 367/957 [01:17<02:10,  4.51it/s]Deconvoluting Remaining Spots:  39%|███▊      | 369/957 [01:17<01:40,  5.85it/s]Deconvoluting Remaining Spots:  39%|███▊      | 370/957 [01:18<01:41,  5.76it/s]Deconvoluting Remaining Spots:  39%|███▉      | 371/957 [01:18<01:36,  6.04it/s]Deconvoluting Remaining Spots:  39%|███▉      | 372/957 [01:18<02:02,  4.77it/s]Deconvoluting Remaining Spots:  39%|███▉      | 373/957 [01:18<01:47,  5.43it/s]Deconvoluting Remaining Spots:  39%|███▉      | 374/957 [01:19<02:12,  4.39it/s]Deconvoluting Remaining Spots:  39%|███▉      | 376/957 [01:19<01:47,  5.40it/s]Deconvoluting Remaining Spots:  39%|███▉      | 378/957 [01:19<01:17,  7.47it/s]Deconvoluting Remaining Spots:  40%|███▉      | 380/957 [01:20<01:47,  5.38it/s]Deconvoluting Remaining Spots:  40%|███▉      | 381/957 [01:20<01:45,  5.47it/s]Deconvoluting Remaining Spots:  40%|███▉      | 382/957 [01:20<02:01,  4.73it/s]Deconvoluting Remaining Spots:  40%|████      | 383/957 [01:20<02:14,  4.27it/s]Deconvoluting Remaining Spots:  40%|████      | 384/957 [01:21<02:09,  4.44it/s]Deconvoluting Remaining Spots:  40%|████      | 385/957 [01:21<01:55,  4.95it/s]Deconvoluting Remaining Spots:  40%|████      | 386/957 [01:21<01:44,  5.47it/s]Deconvoluting Remaining Spots:  40%|████      | 387/957 [01:21<01:46,  5.36it/s]Deconvoluting Remaining Spots:  41%|████      | 389/957 [01:21<01:50,  5.16it/s]Deconvoluting Remaining Spots:  41%|████      | 390/957 [01:21<01:38,  5.74it/s]Deconvoluting Remaining Spots:  41%|████      | 391/957 [01:22<01:42,  5.50it/s]Deconvoluting Remaining Spots:  41%|████      | 392/957 [01:22<01:36,  5.84it/s]Deconvoluting Remaining Spots:  41%|████      | 393/957 [01:22<02:08,  4.37it/s]Deconvoluting Remaining Spots:  41%|████▏     | 395/957 [01:22<01:43,  5.41it/s]Deconvoluting Remaining Spots:  41%|████▏     | 396/957 [01:23<01:34,  5.94it/s]Deconvoluting Remaining Spots:  41%|████▏     | 397/957 [01:23<01:48,  5.15it/s]Deconvoluting Remaining Spots:  42%|████▏     | 398/957 [01:23<01:48,  5.14it/s]Deconvoluting Remaining Spots:  42%|████▏     | 399/957 [01:23<02:19,  3.99it/s]2026-02-18 15:30:03,615 - root - INFO - Saved checkpoint after 400 completed spots
Deconvoluting Remaining Spots:  42%|████▏     | 401/957 [01:26<05:58,  1.55it/s]Deconvoluting Remaining Spots:  43%|████▎     | 413/957 [01:26<01:26,  6.30it/s]Deconvoluting Remaining Spots:  43%|████▎     | 415/957 [01:26<01:22,  6.57it/s]Deconvoluting Remaining Spots:  44%|████▎     | 417/957 [01:27<01:25,  6.30it/s]Deconvoluting Remaining Spots:  44%|████▍     | 419/957 [01:27<01:29,  5.99it/s]Deconvoluting Remaining Spots:  44%|████▍     | 420/957 [01:27<01:37,  5.53it/s]Deconvoluting Remaining Spots:  44%|████▍     | 422/957 [01:28<01:33,  5.73it/s]Deconvoluting Remaining Spots:  44%|████▍     | 423/957 [01:28<01:42,  5.23it/s]Deconvoluting Remaining Spots:  44%|████▍     | 424/957 [01:28<01:36,  5.50it/s]Deconvoluting Remaining Spots:  44%|████▍     | 425/957 [01:29<02:05,  4.25it/s]Deconvoluting Remaining Spots:  45%|████▍     | 427/957 [01:29<01:41,  5.23it/s]Deconvoluting Remaining Spots:  45%|████▍     | 428/957 [01:29<01:40,  5.28it/s]Deconvoluting Remaining Spots:  45%|████▍     | 429/957 [01:29<01:33,  5.62it/s]Deconvoluting Remaining Spots:  45%|████▌     | 431/957 [01:30<01:48,  4.85it/s]Deconvoluting Remaining Spots:  45%|████▌     | 432/957 [01:30<01:36,  5.44it/s]Deconvoluting Remaining Spots:  45%|████▌     | 434/957 [01:30<01:25,  6.09it/s]Deconvoluting Remaining Spots:  45%|████▌     | 435/957 [01:30<01:28,  5.89it/s]Deconvoluting Remaining Spots:  46%|████▌     | 436/957 [01:30<01:30,  5.76it/s]Deconvoluting Remaining Spots:  46%|████▌     | 437/957 [01:31<01:36,  5.40it/s]Deconvoluting Remaining Spots:  46%|████▌     | 438/957 [01:31<01:44,  4.95it/s]Deconvoluting Remaining Spots:  46%|████▌     | 440/957 [01:31<01:18,  6.57it/s]Deconvoluting Remaining Spots:  46%|████▌     | 441/957 [01:31<01:37,  5.30it/s]Deconvoluting Remaining Spots:  46%|████▌     | 442/957 [01:32<01:37,  5.27it/s]Deconvoluting Remaining Spots:  46%|████▋     | 443/957 [01:32<01:41,  5.09it/s]Deconvoluting Remaining Spots:  46%|████▋     | 444/957 [01:32<01:42,  5.00it/s]Deconvoluting Remaining Spots:  46%|████▋     | 445/957 [01:32<01:56,  4.38it/s]Deconvoluting Remaining Spots:  47%|████▋     | 447/957 [01:32<01:26,  5.91it/s]Deconvoluting Remaining Spots:  47%|████▋     | 448/957 [01:33<01:39,  5.14it/s]Deconvoluting Remaining Spots:  47%|████▋     | 449/957 [01:33<01:47,  4.75it/s]Deconvoluting Remaining Spots:  47%|████▋     | 450/957 [01:33<01:43,  4.91it/s]Deconvoluting Remaining Spots:  47%|████▋     | 452/957 [01:34<01:49,  4.59it/s]Deconvoluting Remaining Spots:  47%|████▋     | 453/957 [01:34<01:36,  5.24it/s]Deconvoluting Remaining Spots:  47%|████▋     | 454/957 [01:34<01:46,  4.71it/s]Deconvoluting Remaining Spots:  48%|████▊     | 455/957 [01:34<01:32,  5.41it/s]Deconvoluting Remaining Spots:  48%|████▊     | 456/957 [01:34<01:30,  5.55it/s]Deconvoluting Remaining Spots:  48%|████▊     | 457/957 [01:35<01:42,  4.88it/s]Deconvoluting Remaining Spots:  48%|████▊     | 458/957 [01:35<01:39,  5.01it/s]Deconvoluting Remaining Spots:  48%|████▊     | 459/957 [01:35<01:29,  5.56it/s]Deconvoluting Remaining Spots:  48%|████▊     | 460/957 [01:35<01:30,  5.52it/s]Deconvoluting Remaining Spots:  48%|████▊     | 461/957 [01:35<01:26,  5.73it/s]Deconvoluting Remaining Spots:  48%|████▊     | 462/957 [01:35<01:27,  5.66it/s]Deconvoluting Remaining Spots:  48%|████▊     | 463/957 [01:36<01:28,  5.58it/s]Deconvoluting Remaining Spots:  48%|████▊     | 464/957 [01:36<01:21,  6.02it/s]Deconvoluting Remaining Spots:  49%|████▊     | 465/957 [01:36<01:38,  5.01it/s]Deconvoluting Remaining Spots:  49%|████▊     | 466/957 [01:36<01:49,  4.48it/s]Deconvoluting Remaining Spots:  49%|████▉     | 467/957 [01:36<01:33,  5.23it/s]Deconvoluting Remaining Spots:  49%|████▉     | 468/957 [01:37<01:43,  4.71it/s]Deconvoluting Remaining Spots:  49%|████▉     | 469/957 [01:37<01:33,  5.19it/s]Deconvoluting Remaining Spots:  49%|████▉     | 470/957 [01:37<01:56,  4.17it/s]Deconvoluting Remaining Spots:  49%|████▉     | 472/957 [01:37<01:28,  5.46it/s]Deconvoluting Remaining Spots:  49%|████▉     | 473/957 [01:38<01:38,  4.91it/s]Deconvoluting Remaining Spots:  50%|████▉     | 475/957 [01:38<01:32,  5.20it/s]Deconvoluting Remaining Spots:  50%|████▉     | 477/957 [01:38<01:28,  5.40it/s]Deconvoluting Remaining Spots:  50%|████▉     | 478/957 [01:39<01:28,  5.41it/s]Deconvoluting Remaining Spots:  50%|█████     | 480/957 [01:39<01:19,  5.99it/s]Deconvoluting Remaining Spots:  50%|█████     | 481/957 [01:39<01:22,  5.79it/s]Deconvoluting Remaining Spots:  50%|█████     | 482/957 [01:39<01:20,  5.89it/s]Deconvoluting Remaining Spots:  50%|█████     | 483/957 [01:39<01:15,  6.31it/s]Deconvoluting Remaining Spots:  51%|█████     | 484/957 [01:40<01:28,  5.37it/s]Deconvoluting Remaining Spots:  51%|█████     | 485/957 [01:40<01:27,  5.38it/s]Deconvoluting Remaining Spots:  51%|█████     | 486/957 [01:40<01:22,  5.73it/s]Deconvoluting Remaining Spots:  51%|█████     | 487/957 [01:40<01:37,  4.80it/s]Deconvoluting Remaining Spots:  51%|█████     | 489/957 [01:40<01:22,  5.68it/s]Deconvoluting Remaining Spots:  51%|█████     | 490/957 [01:41<01:33,  5.02it/s]Deconvoluting Remaining Spots:  51%|█████▏    | 491/957 [01:41<01:33,  4.97it/s]Deconvoluting Remaining Spots:  51%|█████▏    | 492/957 [01:41<01:22,  5.61it/s]Deconvoluting Remaining Spots:  52%|█████▏    | 493/957 [01:41<01:33,  4.97it/s]Deconvoluting Remaining Spots:  52%|█████▏    | 494/957 [01:41<01:24,  5.45it/s]Deconvoluting Remaining Spots:  52%|█████▏    | 495/957 [01:42<01:34,  4.88it/s]Deconvoluting Remaining Spots:  52%|█████▏    | 496/957 [01:42<01:23,  5.52it/s]Deconvoluting Remaining Spots:  52%|█████▏    | 497/957 [01:42<01:28,  5.21it/s]Deconvoluting Remaining Spots:  52%|█████▏    | 498/957 [01:42<01:16,  5.98it/s]Deconvoluting Remaining Spots:  52%|█████▏    | 499/957 [01:42<01:21,  5.60it/s]Deconvoluting Remaining Spots:  52%|█████▏    | 500/957 [01:43<01:27,  5.23it/s]2026-02-18 15:30:23,388 - root - INFO - Saved checkpoint after 500 completed spots
Deconvoluting Remaining Spots:  52%|█████▏    | 501/957 [01:46<07:48,  1.03s/it]Deconvoluting Remaining Spots:  54%|█████▍    | 516/957 [01:46<01:03,  6.91it/s]Deconvoluting Remaining Spots:  54%|█████▍    | 521/957 [01:47<01:08,  6.36it/s]Deconvoluting Remaining Spots:  55%|█████▍    | 525/957 [01:48<01:16,  5.62it/s]Deconvoluting Remaining Spots:  55%|█████▌    | 528/957 [01:48<01:09,  6.22it/s]Deconvoluting Remaining Spots:  55%|█████▌    | 531/957 [01:49<01:17,  5.47it/s]Deconvoluting Remaining Spots:  56%|█████▌    | 533/957 [01:49<01:13,  5.75it/s]Deconvoluting Remaining Spots:  56%|█████▌    | 535/957 [01:49<01:19,  5.29it/s]Deconvoluting Remaining Spots:  56%|█████▌    | 537/957 [01:50<01:13,  5.75it/s]Deconvoluting Remaining Spots:  56%|█████▌    | 538/957 [01:50<01:23,  5.03it/s]Deconvoluting Remaining Spots:  56%|█████▋    | 540/957 [01:50<01:14,  5.62it/s]Deconvoluting Remaining Spots:  57%|█████▋    | 541/957 [01:50<01:17,  5.38it/s]Deconvoluting Remaining Spots:  57%|█████▋    | 543/957 [01:51<01:07,  6.16it/s]Deconvoluting Remaining Spots:  57%|█████▋    | 544/957 [01:51<01:10,  5.85it/s]Deconvoluting Remaining Spots:  57%|█████▋    | 545/957 [01:51<01:15,  5.48it/s]Deconvoluting Remaining Spots:  57%|█████▋    | 546/957 [01:51<01:28,  4.62it/s]Deconvoluting Remaining Spots:  57%|█████▋    | 548/957 [01:52<01:09,  5.86it/s]Deconvoluting Remaining Spots:  57%|█████▋    | 549/957 [01:52<01:32,  4.41it/s]Deconvoluting Remaining Spots:  57%|█████▋    | 550/957 [01:52<01:28,  4.60it/s]Deconvoluting Remaining Spots:  58%|█████▊    | 551/957 [01:52<01:29,  4.52it/s]Deconvoluting Remaining Spots:  58%|█████▊    | 552/957 [01:53<01:21,  4.95it/s]Deconvoluting Remaining Spots:  58%|█████▊    | 554/957 [01:53<01:38,  4.09it/s]Deconvoluting Remaining Spots:  58%|█████▊    | 556/957 [01:54<01:25,  4.71it/s]Deconvoluting Remaining Spots:  58%|█████▊    | 558/957 [01:54<01:11,  5.60it/s]Deconvoluting Remaining Spots:  58%|█████▊    | 559/957 [01:54<01:08,  5.83it/s]Deconvoluting Remaining Spots:  59%|█████▊    | 560/957 [01:54<01:31,  4.36it/s]Deconvoluting Remaining Spots:  59%|█████▊    | 562/957 [01:55<01:10,  5.58it/s]Deconvoluting Remaining Spots:  59%|█████▉    | 563/957 [01:55<01:20,  4.90it/s]Deconvoluting Remaining Spots:  59%|█████▉    | 564/957 [01:55<01:27,  4.52it/s]Deconvoluting Remaining Spots:  59%|█████▉    | 565/957 [01:55<01:24,  4.64it/s]Deconvoluting Remaining Spots:  59%|█████▉    | 566/957 [01:55<01:14,  5.24it/s]Deconvoluting Remaining Spots:  59%|█████▉    | 567/957 [01:56<01:05,  5.93it/s]Deconvoluting Remaining Spots:  59%|█████▉    | 568/957 [01:56<01:11,  5.45it/s]Deconvoluting Remaining Spots:  59%|█████▉    | 569/957 [01:56<01:18,  4.96it/s]Deconvoluting Remaining Spots:  60%|█████▉    | 570/957 [01:56<01:24,  4.60it/s]Deconvoluting Remaining Spots:  60%|█████▉    | 572/957 [01:56<00:56,  6.86it/s]Deconvoluting Remaining Spots:  60%|█████▉    | 573/957 [01:57<01:09,  5.53it/s]Deconvoluting Remaining Spots:  60%|█████▉    | 574/957 [01:57<01:20,  4.75it/s]Deconvoluting Remaining Spots:  60%|██████    | 575/957 [01:57<01:35,  4.01it/s]Deconvoluting Remaining Spots:  60%|██████    | 577/957 [01:58<01:07,  5.64it/s]Deconvoluting Remaining Spots:  60%|██████    | 578/957 [01:58<01:11,  5.29it/s]Deconvoluting Remaining Spots:  61%|██████    | 579/957 [01:58<01:18,  4.80it/s]Deconvoluting Remaining Spots:  61%|██████    | 581/957 [01:58<01:08,  5.52it/s]Deconvoluting Remaining Spots:  61%|██████    | 582/957 [01:59<01:13,  5.13it/s]Deconvoluting Remaining Spots:  61%|██████    | 584/957 [01:59<01:06,  5.58it/s]Deconvoluting Remaining Spots:  61%|██████    | 585/957 [01:59<01:08,  5.39it/s]Deconvoluting Remaining Spots:  61%|██████    | 586/957 [01:59<01:19,  4.68it/s]Deconvoluting Remaining Spots:  61%|██████▏   | 587/957 [02:00<01:16,  4.86it/s]Deconvoluting Remaining Spots:  61%|██████▏   | 588/957 [02:00<01:11,  5.15it/s]Deconvoluting Remaining Spots:  62%|██████▏   | 589/957 [02:00<01:18,  4.67it/s]Deconvoluting Remaining Spots:  62%|██████▏   | 590/957 [02:00<01:20,  4.54it/s]Deconvoluting Remaining Spots:  62%|██████▏   | 592/957 [02:01<01:37,  3.73it/s]Deconvoluting Remaining Spots:  62%|██████▏   | 594/957 [02:01<01:08,  5.30it/s]Deconvoluting Remaining Spots:  62%|██████▏   | 595/957 [02:01<01:08,  5.27it/s]Deconvoluting Remaining Spots:  62%|██████▏   | 596/957 [02:01<01:09,  5.20it/s]Deconvoluting Remaining Spots:  62%|██████▏   | 597/957 [02:02<01:33,  3.84it/s]Deconvoluting Remaining Spots:  63%|██████▎   | 599/957 [02:02<01:08,  5.22it/s]Deconvoluting Remaining Spots:  63%|██████▎   | 600/957 [02:02<01:03,  5.60it/s]2026-02-18 15:30:43,493 - root - INFO - Saved checkpoint after 600 completed spots
Deconvoluting Remaining Spots:  63%|██████▎   | 601/957 [02:06<05:54,  1.01it/s]Deconvoluting Remaining Spots:  65%|██████▍   | 618/957 [02:06<00:50,  6.68it/s]Deconvoluting Remaining Spots:  65%|██████▍   | 622/957 [02:07<00:53,  6.22it/s]Deconvoluting Remaining Spots:  65%|██████▌   | 625/957 [02:07<00:55,  5.93it/s]Deconvoluting Remaining Spots:  66%|██████▌   | 628/957 [02:08<01:03,  5.22it/s]Deconvoluting Remaining Spots:  66%|██████▌   | 630/957 [02:08<00:59,  5.46it/s]Deconvoluting Remaining Spots:  66%|██████▌   | 632/957 [02:09<01:07,  4.79it/s]Deconvoluting Remaining Spots:  66%|██████▋   | 635/957 [02:09<00:59,  5.45it/s]Deconvoluting Remaining Spots:  67%|██████▋   | 637/957 [02:10<00:58,  5.44it/s]Deconvoluting Remaining Spots:  67%|██████▋   | 638/957 [02:10<00:57,  5.58it/s]Deconvoluting Remaining Spots:  67%|██████▋   | 639/957 [02:10<01:00,  5.23it/s]Deconvoluting Remaining Spots:  67%|██████▋   | 641/957 [02:10<00:55,  5.67it/s]Deconvoluting Remaining Spots:  67%|██████▋   | 642/957 [02:11<00:55,  5.67it/s]Deconvoluting Remaining Spots:  67%|██████▋   | 643/957 [02:11<00:57,  5.51it/s]Deconvoluting Remaining Spots:  67%|██████▋   | 644/957 [02:11<00:58,  5.36it/s]Deconvoluting Remaining Spots:  67%|██████▋   | 645/957 [02:11<00:59,  5.22it/s]Deconvoluting Remaining Spots:  68%|██████▊   | 646/957 [02:11<00:53,  5.79it/s]Deconvoluting Remaining Spots:  68%|██████▊   | 647/957 [02:11<00:52,  5.90it/s]Deconvoluting Remaining Spots:  68%|██████▊   | 648/957 [02:12<00:54,  5.71it/s]Deconvoluting Remaining Spots:  68%|██████▊   | 649/957 [02:12<00:54,  5.70it/s]Deconvoluting Remaining Spots:  68%|██████▊   | 650/957 [02:12<00:56,  5.43it/s]Deconvoluting Remaining Spots:  68%|██████▊   | 651/957 [02:12<01:15,  4.04it/s]Deconvoluting Remaining Spots:  68%|██████▊   | 653/957 [02:13<00:55,  5.52it/s]Deconvoluting Remaining Spots:  68%|██████▊   | 654/957 [02:13<00:53,  5.62it/s]Deconvoluting Remaining Spots:  68%|██████▊   | 655/957 [02:13<01:04,  4.71it/s]Deconvoluting Remaining Spots:  69%|██████▊   | 657/957 [02:13<01:00,  4.92it/s]Deconvoluting Remaining Spots:  69%|██████▉   | 658/957 [02:14<00:58,  5.07it/s]Deconvoluting Remaining Spots:  69%|██████▉   | 659/957 [02:14<01:03,  4.71it/s]Deconvoluting Remaining Spots:  69%|██████▉   | 661/957 [02:14<00:52,  5.68it/s]Deconvoluting Remaining Spots:  69%|██████▉   | 662/957 [02:14<00:59,  5.00it/s]Deconvoluting Remaining Spots:  69%|██████▉   | 663/957 [02:15<00:55,  5.26it/s]Deconvoluting Remaining Spots:  69%|██████▉   | 664/957 [02:15<00:49,  5.93it/s]Deconvoluting Remaining Spots:  69%|██████▉   | 665/957 [02:15<00:56,  5.13it/s]Deconvoluting Remaining Spots:  70%|██████▉   | 667/957 [02:15<01:00,  4.82it/s]Deconvoluting Remaining Spots:  70%|██████▉   | 668/957 [02:16<00:54,  5.31it/s]Deconvoluting Remaining Spots:  70%|██████▉   | 669/957 [02:16<00:53,  5.43it/s]Deconvoluting Remaining Spots:  70%|███████   | 670/957 [02:16<00:51,  5.59it/s]Deconvoluting Remaining Spots:  70%|███████   | 671/957 [02:16<00:45,  6.25it/s]Deconvoluting Remaining Spots:  70%|███████   | 672/957 [02:16<00:51,  5.50it/s]Deconvoluting Remaining Spots:  70%|███████   | 673/957 [02:17<01:01,  4.62it/s]Deconvoluting Remaining Spots:  70%|███████   | 674/957 [02:17<00:55,  5.11it/s]Deconvoluting Remaining Spots:  71%|███████   | 675/957 [02:17<01:11,  3.97it/s]Deconvoluting Remaining Spots:  71%|███████   | 677/957 [02:17<00:54,  5.17it/s]Deconvoluting Remaining Spots:  71%|███████   | 678/957 [02:17<00:49,  5.67it/s]Deconvoluting Remaining Spots:  71%|███████   | 680/957 [02:18<00:56,  4.91it/s]Deconvoluting Remaining Spots:  71%|███████   | 681/957 [02:18<00:50,  5.46it/s]Deconvoluting Remaining Spots:  71%|███████▏  | 682/957 [02:18<00:51,  5.33it/s]Deconvoluting Remaining Spots:  71%|███████▏  | 683/957 [02:18<00:50,  5.41it/s]Deconvoluting Remaining Spots:  71%|███████▏  | 684/957 [02:19<00:51,  5.31it/s]Deconvoluting Remaining Spots:  72%|███████▏  | 685/957 [02:19<00:45,  5.96it/s]Deconvoluting Remaining Spots:  72%|███████▏  | 686/957 [02:19<00:54,  4.99it/s]Deconvoluting Remaining Spots:  72%|███████▏  | 687/957 [02:19<00:53,  5.05it/s]Deconvoluting Remaining Spots:  72%|███████▏  | 688/957 [02:19<00:51,  5.26it/s]Deconvoluting Remaining Spots:  72%|███████▏  | 689/957 [02:20<00:50,  5.31it/s]Deconvoluting Remaining Spots:  72%|███████▏  | 690/957 [02:20<00:52,  5.08it/s]Deconvoluting Remaining Spots:  72%|███████▏  | 691/957 [02:20<00:50,  5.23it/s]Deconvoluting Remaining Spots:  72%|███████▏  | 692/957 [02:20<00:45,  5.80it/s]Deconvoluting Remaining Spots:  72%|███████▏  | 693/957 [02:20<01:02,  4.23it/s]Deconvoluting Remaining Spots:  73%|███████▎  | 695/957 [02:21<00:47,  5.52it/s]Deconvoluting Remaining Spots:  73%|███████▎  | 696/957 [02:21<00:51,  5.07it/s]Deconvoluting Remaining Spots:  73%|███████▎  | 697/957 [02:21<00:57,  4.53it/s]Deconvoluting Remaining Spots:  73%|███████▎  | 699/957 [02:22<00:48,  5.35it/s]Deconvoluting Remaining Spots:  73%|███████▎  | 700/957 [02:22<00:47,  5.39it/s]2026-02-18 15:31:03,541 - root - INFO - Saved checkpoint after 700 completed spots
Deconvoluting Remaining Spots:  73%|███████▎  | 701/957 [02:26<04:51,  1.14s/it]Deconvoluting Remaining Spots:  75%|███████▌  | 722/957 [02:26<00:34,  6.80it/s]Deconvoluting Remaining Spots:  76%|███████▌  | 725/957 [02:27<00:39,  5.92it/s]Deconvoluting Remaining Spots:  76%|███████▌  | 727/957 [02:27<00:36,  6.28it/s]Deconvoluting Remaining Spots:  76%|███████▌  | 729/957 [02:27<00:38,  5.92it/s]Deconvoluting Remaining Spots:  76%|███████▋  | 731/957 [02:28<00:39,  5.68it/s]Deconvoluting Remaining Spots:  76%|███████▋  | 732/957 [02:28<00:37,  5.93it/s]Deconvoluting Remaining Spots:  77%|███████▋  | 733/957 [02:28<00:40,  5.56it/s]Deconvoluting Remaining Spots:  77%|███████▋  | 734/957 [02:28<00:39,  5.66it/s]Deconvoluting Remaining Spots:  77%|███████▋  | 735/957 [02:29<00:49,  4.48it/s]Deconvoluting Remaining Spots:  77%|███████▋  | 736/957 [02:29<00:48,  4.53it/s]Deconvoluting Remaining Spots:  77%|███████▋  | 739/957 [02:30<00:45,  4.83it/s]Deconvoluting Remaining Spots:  77%|███████▋  | 741/957 [02:30<00:34,  6.31it/s]Deconvoluting Remaining Spots:  78%|███████▊  | 742/957 [02:30<00:34,  6.15it/s]Deconvoluting Remaining Spots:  78%|███████▊  | 743/957 [02:30<00:41,  5.21it/s]Deconvoluting Remaining Spots:  78%|███████▊  | 745/957 [02:31<00:49,  4.32it/s]Deconvoluting Remaining Spots:  78%|███████▊  | 746/957 [02:31<00:51,  4.08it/s]Deconvoluting Remaining Spots:  78%|███████▊  | 749/957 [02:31<00:37,  5.60it/s]Deconvoluting Remaining Spots:  78%|███████▊  | 750/957 [02:32<00:34,  6.03it/s]Deconvoluting Remaining Spots:  79%|███████▊  | 752/957 [02:32<00:34,  5.98it/s]Deconvoluting Remaining Spots:  79%|███████▊  | 753/957 [02:32<00:41,  4.92it/s]Deconvoluting Remaining Spots:  79%|███████▉  | 754/957 [02:32<00:43,  4.67it/s]Deconvoluting Remaining Spots:  79%|███████▉  | 756/957 [02:33<00:36,  5.49it/s]Deconvoluting Remaining Spots:  79%|███████▉  | 757/957 [02:33<00:34,  5.79it/s]Deconvoluting Remaining Spots:  79%|███████▉  | 758/957 [02:33<00:36,  5.40it/s]Deconvoluting Remaining Spots:  79%|███████▉  | 759/957 [02:33<00:43,  4.50it/s]Deconvoluting Remaining Spots:  80%|███████▉  | 761/957 [02:34<00:33,  5.80it/s]Deconvoluting Remaining Spots:  80%|███████▉  | 762/957 [02:34<00:30,  6.36it/s]Deconvoluting Remaining Spots:  80%|███████▉  | 763/957 [02:34<00:34,  5.56it/s]Deconvoluting Remaining Spots:  80%|███████▉  | 764/957 [02:34<00:44,  4.35it/s]Deconvoluting Remaining Spots:  80%|████████  | 766/957 [02:35<00:32,  5.84it/s]Deconvoluting Remaining Spots:  80%|████████  | 768/957 [02:35<00:37,  4.99it/s]Deconvoluting Remaining Spots:  80%|████████  | 769/957 [02:35<00:36,  5.20it/s]Deconvoluting Remaining Spots:  80%|████████  | 770/957 [02:35<00:39,  4.72it/s]Deconvoluting Remaining Spots:  81%|████████  | 772/957 [02:36<00:29,  6.21it/s]Deconvoluting Remaining Spots:  81%|████████  | 773/957 [02:36<00:29,  6.15it/s]Deconvoluting Remaining Spots:  81%|████████  | 774/957 [02:36<00:27,  6.72it/s]Deconvoluting Remaining Spots:  81%|████████  | 775/957 [02:36<00:31,  5.76it/s]Deconvoluting Remaining Spots:  81%|████████  | 776/957 [02:36<00:27,  6.48it/s]Deconvoluting Remaining Spots:  81%|████████  | 777/957 [02:37<00:34,  5.25it/s]Deconvoluting Remaining Spots:  81%|████████▏ | 778/957 [02:37<00:32,  5.45it/s]Deconvoluting Remaining Spots:  81%|████████▏ | 779/957 [02:37<00:32,  5.45it/s]Deconvoluting Remaining Spots:  82%|████████▏ | 780/957 [02:37<00:31,  5.56it/s]Deconvoluting Remaining Spots:  82%|████████▏ | 781/957 [02:37<00:32,  5.46it/s]Deconvoluting Remaining Spots:  82%|████████▏ | 782/957 [02:37<00:31,  5.48it/s]Deconvoluting Remaining Spots:  82%|████████▏ | 783/957 [02:38<00:44,  3.87it/s]Deconvoluting Remaining Spots:  82%|████████▏ | 785/957 [02:38<00:34,  4.97it/s]Deconvoluting Remaining Spots:  82%|████████▏ | 786/957 [02:38<00:33,  5.09it/s]Deconvoluting Remaining Spots:  82%|████████▏ | 787/957 [02:38<00:30,  5.49it/s]Deconvoluting Remaining Spots:  82%|████████▏ | 788/957 [02:39<00:28,  5.93it/s]Deconvoluting Remaining Spots:  82%|████████▏ | 789/957 [02:39<00:33,  4.99it/s]Deconvoluting Remaining Spots:  83%|████████▎ | 790/957 [02:39<00:34,  4.89it/s]Deconvoluting Remaining Spots:  83%|████████▎ | 792/957 [02:39<00:29,  5.61it/s]Deconvoluting Remaining Spots:  83%|████████▎ | 793/957 [02:40<00:27,  6.02it/s]Deconvoluting Remaining Spots:  83%|████████▎ | 794/957 [02:40<00:33,  4.91it/s]Deconvoluting Remaining Spots:  83%|████████▎ | 795/957 [02:40<00:32,  4.97it/s]Deconvoluting Remaining Spots:  83%|████████▎ | 796/957 [02:40<00:33,  4.79it/s]Deconvoluting Remaining Spots:  83%|████████▎ | 797/957 [02:40<00:28,  5.59it/s]Deconvoluting Remaining Spots:  83%|████████▎ | 798/957 [02:41<00:30,  5.28it/s]Deconvoluting Remaining Spots:  83%|████████▎ | 799/957 [02:41<00:27,  5.80it/s]Deconvoluting Remaining Spots:  84%|████████▎ | 800/957 [02:41<00:31,  4.93it/s]2026-02-18 15:31:23,438 - root - INFO - Saved checkpoint after 800 completed spots
Deconvoluting Remaining Spots:  84%|████████▎ | 801/957 [02:46<03:55,  1.51s/it]Deconvoluting Remaining Spots:  86%|████████▋ | 826/957 [02:46<00:18,  7.26it/s]Deconvoluting Remaining Spots:  87%|████████▋ | 830/957 [02:47<00:20,  6.23it/s]Deconvoluting Remaining Spots:  87%|████████▋ | 833/957 [02:47<00:19,  6.47it/s]Deconvoluting Remaining Spots:  87%|████████▋ | 836/957 [02:48<00:18,  6.43it/s]Deconvoluting Remaining Spots:  88%|████████▊ | 838/957 [02:48<00:20,  5.76it/s]Deconvoluting Remaining Spots:  88%|████████▊ | 840/957 [02:49<00:19,  6.05it/s]Deconvoluting Remaining Spots:  88%|████████▊ | 842/957 [02:49<00:18,  6.16it/s]Deconvoluting Remaining Spots:  88%|████████▊ | 844/957 [02:49<00:20,  5.49it/s]Deconvoluting Remaining Spots:  88%|████████▊ | 845/957 [02:49<00:19,  5.79it/s]Deconvoluting Remaining Spots:  88%|████████▊ | 846/957 [02:50<00:18,  5.89it/s]Deconvoluting Remaining Spots:  89%|████████▊ | 847/957 [02:50<00:24,  4.51it/s]Deconvoluting Remaining Spots:  89%|████████▊ | 849/957 [02:50<00:17,  6.04it/s]Deconvoluting Remaining Spots:  89%|████████▉ | 850/957 [02:50<00:17,  6.26it/s]Deconvoluting Remaining Spots:  89%|████████▉ | 851/957 [02:51<00:18,  5.76it/s]Deconvoluting Remaining Spots:  89%|████████▉ | 852/957 [02:51<00:18,  5.81it/s]Deconvoluting Remaining Spots:  89%|████████▉ | 853/957 [02:51<00:20,  5.12it/s]Deconvoluting Remaining Spots:  89%|████████▉ | 855/957 [02:51<00:19,  5.22it/s]Deconvoluting Remaining Spots:  89%|████████▉ | 856/957 [02:52<00:19,  5.18it/s]Deconvoluting Remaining Spots:  90%|████████▉ | 857/957 [02:52<00:20,  4.92it/s]Deconvoluting Remaining Spots:  90%|████████▉ | 859/957 [02:52<00:17,  5.50it/s]Deconvoluting Remaining Spots:  90%|████████▉ | 860/957 [02:52<00:17,  5.46it/s]Deconvoluting Remaining Spots:  90%|████████▉ | 861/957 [02:53<00:19,  4.96it/s]Deconvoluting Remaining Spots:  90%|█████████ | 863/957 [02:53<00:16,  5.68it/s]Deconvoluting Remaining Spots:  90%|█████████ | 864/957 [02:53<00:15,  5.89it/s]Deconvoluting Remaining Spots:  90%|█████████ | 865/957 [02:53<00:16,  5.73it/s]Deconvoluting Remaining Spots:  90%|█████████ | 866/957 [02:53<00:16,  5.58it/s]Deconvoluting Remaining Spots:  91%|█████████ | 867/957 [02:54<00:17,  5.20it/s]Deconvoluting Remaining Spots:  91%|█████████ | 868/957 [02:54<00:16,  5.40it/s]Deconvoluting Remaining Spots:  91%|█████████ | 869/957 [02:54<00:21,  4.14it/s]Deconvoluting Remaining Spots:  91%|█████████ | 870/957 [02:54<00:21,  4.08it/s]Deconvoluting Remaining Spots:  91%|█████████ | 871/957 [02:55<00:19,  4.46it/s]Deconvoluting Remaining Spots:  91%|█████████ | 872/957 [02:55<00:16,  5.12it/s]Deconvoluting Remaining Spots:  91%|█████████ | 873/957 [02:55<00:19,  4.41it/s]Deconvoluting Remaining Spots:  91%|█████████▏| 874/957 [02:55<00:17,  4.82it/s]Deconvoluting Remaining Spots:  92%|█████████▏| 876/957 [02:55<00:12,  6.40it/s]Deconvoluting Remaining Spots:  92%|█████████▏| 877/957 [02:55<00:12,  6.31it/s]Deconvoluting Remaining Spots:  92%|█████████▏| 878/957 [02:56<00:12,  6.14it/s]Deconvoluting Remaining Spots:  92%|█████████▏| 879/957 [02:56<00:19,  3.99it/s]Deconvoluting Remaining Spots:  92%|█████████▏| 880/957 [02:56<00:19,  3.99it/s]Deconvoluting Remaining Spots:  92%|█████████▏| 883/957 [02:57<00:11,  6.67it/s]Deconvoluting Remaining Spots:  92%|█████████▏| 884/957 [02:57<00:11,  6.39it/s]Deconvoluting Remaining Spots:  92%|█████████▏| 885/957 [02:57<00:10,  6.74it/s]Deconvoluting Remaining Spots:  93%|█████████▎| 886/957 [02:57<00:11,  6.23it/s]Deconvoluting Remaining Spots:  93%|█████████▎| 887/957 [02:57<00:13,  5.17it/s]Deconvoluting Remaining Spots:  93%|█████████▎| 888/957 [02:58<00:13,  5.17it/s]Deconvoluting Remaining Spots:  93%|█████████▎| 890/957 [02:58<00:12,  5.58it/s]Deconvoluting Remaining Spots:  93%|█████████▎| 891/957 [02:58<00:11,  5.61it/s]Deconvoluting Remaining Spots:  93%|█████████▎| 892/957 [02:58<00:11,  5.58it/s]Deconvoluting Remaining Spots:  93%|█████████▎| 893/957 [02:59<00:12,  5.06it/s]Deconvoluting Remaining Spots:  94%|█████████▎| 895/957 [02:59<00:11,  5.32it/s]Deconvoluting Remaining Spots:  94%|█████████▎| 896/957 [02:59<00:11,  5.42it/s]Deconvoluting Remaining Spots:  94%|█████████▍| 898/957 [02:59<00:09,  6.18it/s]Deconvoluting Remaining Spots:  94%|█████████▍| 899/957 [02:59<00:08,  6.58it/s]Deconvoluting Remaining Spots:  94%|█████████▍| 900/957 [03:00<00:09,  5.89it/s]2026-02-18 15:31:42,342 - root - INFO - Saved checkpoint after 900 completed spots
Deconvoluting Remaining Spots:  94%|█████████▍| 901/957 [03:04<01:16,  1.37s/it]Deconvoluting Remaining Spots:  97%|█████████▋| 927/957 [03:05<00:04,  7.30it/s]Deconvoluting Remaining Spots:  97%|█████████▋| 932/957 [03:06<00:03,  6.80it/s]Deconvoluting Remaining Spots:  98%|█████████▊| 936/957 [03:06<00:03,  6.54it/s]Deconvoluting Remaining Spots:  98%|█████████▊| 939/957 [03:07<00:02,  6.35it/s]Deconvoluting Remaining Spots:  98%|█████████▊| 941/957 [03:07<00:02,  5.89it/s]Deconvoluting Remaining Spots:  99%|█████████▊| 943/957 [03:08<00:02,  6.39it/s]Deconvoluting Remaining Spots:  99%|█████████▊| 945/957 [03:08<00:01,  6.11it/s]Deconvoluting Remaining Spots:  99%|█████████▉| 947/957 [03:08<00:01,  6.72it/s]Deconvoluting Remaining Spots:  99%|█████████▉| 949/957 [03:09<00:01,  6.07it/s]Deconvoluting Remaining Spots:  99%|█████████▉| 951/957 [03:09<00:00,  6.09it/s]Deconvoluting Remaining Spots:  99%|█████████▉| 952/957 [03:09<00:00,  6.01it/s]Deconvoluting Remaining Spots: 100%|█████████▉| 954/957 [03:09<00:00,  6.83it/s]Deconvoluting Remaining Spots: 100%|█████████▉| 955/957 [03:09<00:00,  6.42it/s]Deconvoluting Remaining Spots: 100%|█████████▉| 956/957 [03:10<00:00,  4.90it/s]Deconvoluting Remaining Spots: 100%|██████████| 957/957 [03:10<00:00,  5.03it/s]
2026-02-18 15:31:52,478 - root - INFO - Saved final results with 957 completed spots
2026-02-18 15:31:57,153 - root - INFO - Saved profiles to Benchmarking/simulation_benchmarking/CITEgeist/output_discrete_nuclei_clr/mixed/dapi/mixed/dapi/Wu_rep_2/Wu_rep_2_gene_expression_pass1.parquet with cell types: ['B-cells', 'CAFs', 'Cancer Epithelial', 'Endothelial', 'Myeloid', 'Normal Epithelial', 'PVL', 'Plasmablasts', 'T-cells']
2026-02-18 15:31:58,647 - root - INFO - Successfully added layer: Plasmablasts_genes_pass1
2026-02-18 15:31:58,828 - root - INFO - Successfully added layer: CAFs_genes_pass1
2026-02-18 15:31:59,012 - root - INFO - Successfully added layer: T-cells_genes_pass1
2026-02-18 15:31:59,195 - root - INFO - Successfully added layer: Endothelial_genes_pass1
2026-02-18 15:31:59,376 - root - INFO - Successfully added layer: Normal_Epithelial_genes_pass1
2026-02-18 15:31:59,556 - root - INFO - Successfully added layer: B-cells_genes_pass1
2026-02-18 15:31:59,736 - root - INFO - Successfully added layer: PVL_genes_pass1
2026-02-18 15:31:59,919 - root - INFO - Successfully added layer: Myeloid_genes_pass1
2026-02-18 15:32:00,101 - root - INFO - Successfully added layer: Cancer_Epithelial_genes_pass1
2026-02-18 15:32:07,645 - root - INFO - Exported layer 'Plasmablasts_genes_pass1' to 'Benchmarking/simulation_benchmarking/CITEgeist/output_discrete_nuclei_clr/mixed/dapi/mixed/dapi/Wu_rep_2/Wu_rep_2_pass1/layers/pass1/Plasmablasts_layer_pass1.csv'
2026-02-18 15:32:15,191 - root - INFO - Exported layer 'CAFs_genes_pass1' to 'Benchmarking/simulation_benchmarking/CITEgeist/output_discrete_nuclei_clr/mixed/dapi/mixed/dapi/Wu_rep_2/Wu_rep_2_pass1/layers/pass1/CAFs_layer_pass1.csv'
2026-02-18 15:32:22,715 - root - INFO - Exported layer 'T-cells_genes_pass1' to 'Benchmarking/simulation_benchmarking/CITEgeist/output_discrete_nuclei_clr/mixed/dapi/mixed/dapi/Wu_rep_2/Wu_rep_2_pass1/layers/pass1/T-cells_layer_pass1.csv'
2026-02-18 15:32:30,807 - root - INFO - Exported layer 'Endothelial_genes_pass1' to 'Benchmarking/simulation_benchmarking/CITEgeist/output_discrete_nuclei_clr/mixed/dapi/mixed/dapi/Wu_rep_2/Wu_rep_2_pass1/layers/pass1/Endothelial_layer_pass1.csv'
2026-02-18 15:32:38,297 - root - INFO - Exported layer 'Normal_Epithelial_genes_pass1' to 'Benchmarking/simulation_benchmarking/CITEgeist/output_discrete_nuclei_clr/mixed/dapi/mixed/dapi/Wu_rep_2/Wu_rep_2_pass1/layers/pass1/Normal_Epithelial_layer_pass1.csv'
2026-02-18 15:32:45,790 - root - INFO - Exported layer 'B-cells_genes_pass1' to 'Benchmarking/simulation_benchmarking/CITEgeist/output_discrete_nuclei_clr/mixed/dapi/mixed/dapi/Wu_rep_2/Wu_rep_2_pass1/layers/pass1/B-cells_layer_pass1.csv'
2026-02-18 15:32:53,275 - root - INFO - Exported layer 'PVL_genes_pass1' to 'Benchmarking/simulation_benchmarking/CITEgeist/output_discrete_nuclei_clr/mixed/dapi/mixed/dapi/Wu_rep_2/Wu_rep_2_pass1/layers/pass1/PVL_layer_pass1.csv'
2026-02-18 15:33:00,755 - root - INFO - Exported layer 'Myeloid_genes_pass1' to 'Benchmarking/simulation_benchmarking/CITEgeist/output_discrete_nuclei_clr/mixed/dapi/mixed/dapi/Wu_rep_2/Wu_rep_2_pass1/layers/pass1/Myeloid_layer_pass1.csv'
2026-02-18 15:33:08,255 - root - INFO - Exported layer 'Cancer_Epithelial_genes_pass1' to 'Benchmarking/simulation_benchmarking/CITEgeist/output_discrete_nuclei_clr/mixed/dapi/mixed/dapi/Wu_rep_2/Wu_rep_2_pass1/layers/pass1/Cancer_Epithelial_layer_pass1.csv'
2026-02-18 15:33:08,255 - __main__ - INFO - GEX deconvolution completed in 272.5s
2026-02-18 15:34:16,030 - __main__ - INFO - Exported 9 cell type layers to Benchmarking/simulation_benchmarking/CITEgeist/output_discrete_nuclei_clr/mixed/dapi/mixed/dapi/Wu_rep_2/layers
2026-02-18 15:34:16,048 - __main__ - INFO - Comparing against ground truth GEX: /ix1/alee/LO_LAB/Personal/Brent_Schlegel/bts76/Projects/CITEgeist/Wu_Visium/Simulations/scCube_12k/replicates/mixed/ST_GEX_sim/sample_2/layers
2026-02-18 15:35:04,888 - __main__ - INFO - GEX Average RMSE: 0.1472
2026-02-18 15:35:04,888 - __main__ - INFO - GEX Average NRMSE: 0.0228
2026-02-18 15:35:04,910 - __main__ - INFO - Results saved to Benchmarking/simulation_benchmarking/CITEgeist/output_discrete_nuclei_clr/mixed/dapi/mixed/dapi/Wu_rep_2
