2026-02-17 21:29:57,748 - __main__ - INFO - ============================================================
2026-02-17 21:29:57,749 - __main__ - INFO - BENCHMARK: replicate=1, condition=high_seg, mode=dapi
2026-02-17 21:29:57,749 - __main__ - INFO - ============================================================
2026-02-17 21:29:57,749 - __main__ - INFO - Loading image: /ix1/alee/LO_LAB/Personal/Alexander_Chang/alc376/CITEgeist/Benchmarking/simulation_benchmarking/CITEgeist/high_seg/images/dapi/Wu_rep_1_cellpose.png
2026-02-17 21:29:58,346 - __main__ - INFO - Image shape: (8000, 8000, 3)
2026-02-17 21:29:58,348 - __main__ - INFO - Running Cellpose with model_type=nuclei
2026-02-17 21:30:00,155 - cellpose.models - WARNING - model_type argument is not used in v4.0.1+. Ignoring this argument...
2026-02-17 21:30:00,155 - cellpose.core - INFO - >>>> using CPU
2026-02-17 21:30:00,155 - cellpose.core - INFO - >>>> using CPU
2026-02-17 21:30:01,084 - cellpose.models - INFO - >>>> loading model /ihome/alee/alc376/.cellpose/models/cpsam
2026-02-17 21:30:01,392 - cellpose.models - WARNING - channels deprecated in v4.0.1+. If data contain more than 3 channels, only the first 3 channels will be used
2026-02-17 21:30:01,425 - cellpose.transforms - INFO - processing image with (8000, 8000) HW, and 3 channels
2026-02-17 21:38:17,899 - __main__ - INFO - Detected 4906 nuclei in 499.5s
2026-02-17 21:38:17,959 - __main__ - INFO - Nuclei count correlation: 0.987
2026-02-17 21:38:17,959 - __main__ - INFO - Nuclei count RMSE: 0.43
2026-02-17 21:38:17,960 - __main__ - INFO - Loading h5ad files...
2026-02-17 21:38:18,706 - root - INFO - Logging initialized.
2026-02-17 21:38:18,716 - root - INFO - Discrete antibody preprocessing complete: Row sums range [31.06, 48.04], mean=38.56, std=2.66
2026-02-17 21:38:18,890 - root - INFO - Normalization stats:
2026-02-17 21:38:18,890 - root - INFO - Original median total: 29419571958.50
2026-02-17 21:38:18,896 - root - INFO - Mean scaled total: 9976.79
2026-02-17 21:38:18,902 - root - INFO - Max scaled value: 10000.00
2026-02-17 21:38:18,975 - root - INFO - Gene expression data normalized to 10000 counts per spot and validated for discrete count analysis.
2026-02-17 21:38:18,976 - root - INFO - Mapped 18 markers to 9 cell types (preserving marker-level data)
2026-02-17 21:38:18,976 - root - INFO - Running discrete cell assignment: 952 spots, 18 markers, 9 cell types
2026-02-17 21:38:18,976 - root - INFO - Total nuclei: 4906, mean per spot: 5.15
2026-02-17 21:38:18,976 - root - INFO - Discrete cell assignment EM: 952 spots, 18 markers, 9 cell types
2026-02-17 21:38:18,976 - root - INFO - Total nuclei: 4906, mean per spot: 5.15
2026-02-17 21:38:18,977 - root - INFO - 
=== EM Iteration 1/10 ===
2026-02-17 21:38:18,977 - root - INFO - Global IQP: 952 spots x 9 cell types = 8568 integer variables
2026-02-17 21:38:18,977 - root - INFO - Time limit: 600.0s, MIP gap: 5.0%
2026-02-17 21:38:18,982 - gurobipy - INFO - Set parameter LicenseID to value 276015
2026-02-17 21:38:18,982 - gurobipy - INFO - Set parameter GURO_PAR_SPECIAL
2026-02-17 21:38:18,982 - gurobipy - INFO - Set parameter TokenServer to value "license.crc.pitt.edu"
2026-02-17 21:38:18,989 - gurobipy - INFO - Set parameter TimeLimit to value 600
2026-02-17 21:38:18,989 - gurobipy - INFO - Set parameter MIPGap to value 0.05
2026-02-17 21:38:19,940 - root - INFO - Starting global IQP optimization...
2026-02-17 21:38:19,940 - gurobipy - INFO - Gurobi Optimizer version 11.0.2 build v11.0.2rc0 (linux64 - "Red Hat Enterprise Linux 9.6 (Plow)")
2026-02-17 21:38:19,940 - gurobipy - INFO - 
2026-02-17 21:38:19,940 - gurobipy - INFO - CPU model: AMD EPYC 9374F 32-Core Processor, instruction set [SSE2|AVX|AVX2|AVX512]
2026-02-17 21:38:19,940 - gurobipy - INFO - Thread count: 64 physical cores, 64 logical processors, using up to 32 threads
2026-02-17 21:38:19,940 - gurobipy - INFO - 
2026-02-17 21:38:19,940 - gurobipy - INFO - Optimize a model with 931 rows, 8568 columns and 8379 nonzeros
2026-02-17 21:38:19,940 - gurobipy - INFO - Model fingerprint: 0x18384fa6
2026-02-17 21:38:19,940 - gurobipy - INFO - Model has 8568 quadratic objective terms
2026-02-17 21:38:19,940 - gurobipy - INFO - Variable types: 0 continuous, 8568 integer (0 binary)
2026-02-17 21:38:19,941 - gurobipy - INFO - Coefficient statistics:
2026-02-17 21:38:19,941 - gurobipy - INFO -   Matrix range     [1e+00, 1e+00]
2026-02-17 21:38:19,941 - gurobipy - INFO -   Objective range  [5e-02, 4e+00]
2026-02-17 21:38:19,941 - gurobipy - INFO -   QObjective range [4e+00, 4e+00]
2026-02-17 21:38:19,941 - gurobipy - INFO -   Bounds range     [1e+00, 2e+01]
2026-02-17 21:38:19,941 - gurobipy - INFO -   RHS range        [1e+00, 2e+01]
2026-02-17 21:38:19,947 - gurobipy - INFO - 
2026-02-17 21:38:19,948 - gurobipy - INFO - Loaded user MIP start with objective 9039.63
2026-02-17 21:38:19,948 - gurobipy - INFO - 
2026-02-17 21:38:24,611 - gurobipy - INFO - Presolve removed 742 rows and 6867 columns
2026-02-17 21:38:24,611 - gurobipy - INFO - Presolve time: 4.66s
2026-02-17 21:38:24,611 - gurobipy - INFO - Presolved: 189 rows, 1701 columns, 1701 nonzeros
2026-02-17 21:38:24,611 - gurobipy - INFO - Presolved model has 1701 quadratic objective terms
2026-02-17 21:38:24,612 - gurobipy - INFO - Found heuristic solution: objective 7458.4874649
2026-02-17 21:38:24,612 - gurobipy - INFO - Variable types: 0 continuous, 1701 integer (0 binary)
2026-02-17 21:38:24,612 - gurobipy - INFO - Found heuristic solution: objective 6900.2415158
2026-02-17 21:38:24,615 - gurobipy - INFO - 
2026-02-17 21:38:24,615 - gurobipy - INFO - Root relaxation: objective 6.360271e+03, 531 iterations, 0.00 seconds (0.00 work units)
2026-02-17 21:38:24,617 - gurobipy - INFO - 
2026-02-17 21:38:24,617 - gurobipy - INFO -     Nodes    |    Current Node    |     Objective Bounds      |     Work
2026-02-17 21:38:24,617 - gurobipy - INFO -  Expl Unexpl |  Obj  Depth IntInf | Incumbent    BestBd   Gap | It/Node Time
2026-02-17 21:38:24,617 - gurobipy - INFO - 
2026-02-17 21:38:24,617 - gurobipy - INFO -      0     0 6360.27129    0 1701 6900.24152 6360.27129  7.83%     -    4s
2026-02-17 21:38:24,648 - gurobipy - INFO - H    0     0                    6886.9940579 6360.27129  7.65%     -    4s
2026-02-17 21:38:24,762 - gurobipy - INFO - H    0     0                    6886.1963987 6360.27129  7.64%     -    4s
2026-02-17 21:38:24,784 - gurobipy - INFO -      0     0 6360.83255    0 1701 6886.19640 6360.83255  7.63%     -    4s
2026-02-17 21:38:25,256 - gurobipy - INFO -      0     2 6360.83255    0 1701 6886.19640 6360.83255  7.63%     -    5s
2026-02-17 21:38:34,409 - gurobipy - INFO -  14811 14812 6369.88525   31 1701 6886.19640 6882.26807  0.06%   2.2   14s
2026-02-17 21:38:34,411 - gurobipy - INFO - 
2026-02-17 21:38:34,411 - gurobipy - INFO - Explored 14811 nodes (33678 simplex iterations) in 14.47 seconds (1.45 work units)
2026-02-17 21:38:34,411 - gurobipy - INFO - Thread count was 32 (of 64 available processors)
2026-02-17 21:38:34,411 - gurobipy - INFO - 
2026-02-17 21:38:34,411 - gurobipy - INFO - Solution count 7: 6886.2 6886.2 6886.99 ... 9039.63
2026-02-17 21:38:34,411 - gurobipy - INFO - 
2026-02-17 21:38:34,411 - gurobipy - INFO - Optimal solution found (tolerance 5.00e-02)
2026-02-17 21:38:34,411 - gurobipy - INFO - Best objective 6.886196398726e+03, best bound 6.882268069996e+03, gap 0.0570%
2026-02-17 21:38:34,427 - root - INFO - Global IQP solved: status=2, gap=0.06%, time=14.5s
/ix1/alee/LO_LAB/Personal/Alexander_Chang/alc376/CITEgeist/CITEgeist/model/gurobi_impl.py:3692: RuntimeWarning: invalid value encountered in scalar divide
  loss_change = abs(prev_loss - loss) / max(abs(prev_loss), 1e-10)
2026-02-17 21:38:34,462 - root - INFO -   Loss: 1052.5221 (change: nan)
2026-02-17 21:38:34,462 - root - INFO -   Beta range: [0.178, 0.392]
2026-02-17 21:38:34,462 - root - INFO -   Max beta change: 0.821960
2026-02-17 21:38:34,462 - root - INFO -   Cell count range: [0, 19]
2026-02-17 21:38:34,462 - root - INFO -     B-cells: 548 cells (11.2%)
2026-02-17 21:38:34,462 - root - INFO -     CAFs: 616 cells (12.6%)
2026-02-17 21:38:34,462 - root - INFO -     Cancer Epithelial: 536 cells (10.9%)
2026-02-17 21:38:34,462 - root - INFO -     Endothelial: 481 cells (9.8%)
2026-02-17 21:38:34,462 - root - INFO -     Myeloid: 489 cells (10.0%)
2026-02-17 21:38:34,462 - root - INFO -     Normal Epithelial: 484 cells (9.9%)
2026-02-17 21:38:34,462 - root - INFO -     PVL: 563 cells (11.5%)
2026-02-17 21:38:34,462 - root - INFO -     Plasmablasts: 611 cells (12.5%)
2026-02-17 21:38:34,462 - root - INFO -     T-cells: 578 cells (11.8%)
2026-02-17 21:38:34,462 - root - INFO - 
=== EM Iteration 2/10 ===
2026-02-17 21:38:34,462 - root - INFO - Global IQP: 952 spots x 9 cell types = 8568 integer variables
2026-02-17 21:38:34,462 - root - INFO - Time limit: 600.0s, MIP gap: 5.0%
2026-02-17 21:38:34,462 - gurobipy - INFO - Set parameter TimeLimit to value 600
2026-02-17 21:38:34,462 - gurobipy - INFO - Set parameter MIPGap to value 0.05
2026-02-17 21:38:35,415 - root - INFO - Starting global IQP optimization...
2026-02-17 21:38:35,416 - gurobipy - INFO - Gurobi Optimizer version 11.0.2 build v11.0.2rc0 (linux64 - "Red Hat Enterprise Linux 9.6 (Plow)")
2026-02-17 21:38:35,416 - gurobipy - INFO - 
2026-02-17 21:38:35,416 - gurobipy - INFO - CPU model: AMD EPYC 9374F 32-Core Processor, instruction set [SSE2|AVX|AVX2|AVX512]
2026-02-17 21:38:35,416 - gurobipy - INFO - Thread count: 64 physical cores, 64 logical processors, using up to 32 threads
2026-02-17 21:38:35,416 - gurobipy - INFO - 
2026-02-17 21:38:35,416 - gurobipy - INFO - Optimize a model with 931 rows, 8568 columns and 8379 nonzeros
2026-02-17 21:38:35,416 - gurobipy - INFO - Model fingerprint: 0x84fadf0c
2026-02-17 21:38:35,416 - gurobipy - INFO - Model has 8568 quadratic objective terms
2026-02-17 21:38:35,416 - gurobipy - INFO - Variable types: 0 continuous, 8568 integer (0 binary)
2026-02-17 21:38:35,416 - gurobipy - INFO - Coefficient statistics:
2026-02-17 21:38:35,416 - gurobipy - INFO -   Matrix range     [1e+00, 1e+00]
2026-02-17 21:38:35,416 - gurobipy - INFO -   Objective range  [2e-02, 2e+00]
2026-02-17 21:38:35,416 - gurobipy - INFO -   QObjective range [2e-01, 6e-01]
2026-02-17 21:38:35,416 - gurobipy - INFO -   Bounds range     [1e+00, 2e+01]
2026-02-17 21:38:35,416 - gurobipy - INFO -   RHS range        [1e+00, 2e+01]
2026-02-17 21:38:35,416 - gurobipy - INFO - 
2026-02-17 21:38:35,416 - gurobipy - INFO - Loaded user MIP start with objective 1052.52
2026-02-17 21:38:35,417 - gurobipy - INFO - 
2026-02-17 21:38:38,843 - gurobipy - INFO - Presolve removed 930 rows and 8559 columns
2026-02-17 21:38:38,843 - gurobipy - INFO - Presolve time: 3.43s
2026-02-17 21:38:38,843 - gurobipy - INFO - Presolved: 1 rows, 9 columns, 9 nonzeros
2026-02-17 21:38:38,843 - gurobipy - INFO - Presolved model has 9 quadratic objective terms
2026-02-17 21:38:38,843 - gurobipy - INFO - Found heuristic solution: objective 425.6996766
2026-02-17 21:38:38,843 - gurobipy - INFO - Variable types: 0 continuous, 9 integer (0 binary)
2026-02-17 21:38:38,843 - gurobipy - INFO - 
2026-02-17 21:38:38,843 - gurobipy - INFO - Explored 0 nodes (0 simplex iterations) in 3.43 seconds (0.11 work units)
2026-02-17 21:38:38,843 - gurobipy - INFO - Thread count was 32 (of 64 available processors)
2026-02-17 21:38:38,843 - gurobipy - INFO - 
2026-02-17 21:38:38,843 - gurobipy - INFO - Solution count 2: 425.7 1052.52 
2026-02-17 21:38:38,843 - gurobipy - INFO - 
2026-02-17 21:38:38,843 - gurobipy - INFO - Optimal solution found (tolerance 5.00e-02)
2026-02-17 21:38:38,843 - gurobipy - INFO - Best objective 4.256996765904e+02, best bound 4.245717743091e+02, gap 0.2650%
2026-02-17 21:38:38,858 - root - INFO - Global IQP solved: status=2, gap=0.26%, time=3.4s
2026-02-17 21:38:38,885 - root - INFO -   Loss: 421.6236 (change: 0.599416)
2026-02-17 21:38:38,885 - root - INFO -   Beta range: [0.175, 0.364]
2026-02-17 21:38:38,885 - root - INFO -   Max beta change: 0.029364
2026-02-17 21:38:38,885 - root - INFO -   Cell count range: [0, 19]
2026-02-17 21:38:38,885 - root - INFO -     B-cells: 594 cells (12.1%)
2026-02-17 21:38:38,885 - root - INFO -     CAFs: 602 cells (12.3%)
2026-02-17 21:38:38,885 - root - INFO -     Cancer Epithelial: 582 cells (11.9%)
2026-02-17 21:38:38,885 - root - INFO -     Endothelial: 451 cells (9.2%)
2026-02-17 21:38:38,885 - root - INFO -     Myeloid: 497 cells (10.1%)
2026-02-17 21:38:38,885 - root - INFO -     Normal Epithelial: 447 cells (9.1%)
2026-02-17 21:38:38,885 - root - INFO -     PVL: 567 cells (11.6%)
2026-02-17 21:38:38,885 - root - INFO -     Plasmablasts: 623 cells (12.7%)
2026-02-17 21:38:38,885 - root - INFO -     T-cells: 543 cells (11.1%)
2026-02-17 21:38:38,885 - root - INFO - 
=== EM Iteration 3/10 ===
2026-02-17 21:38:38,885 - root - INFO - Global IQP: 952 spots x 9 cell types = 8568 integer variables
2026-02-17 21:38:38,885 - root - INFO - Time limit: 600.0s, MIP gap: 5.0%
2026-02-17 21:38:38,885 - gurobipy - INFO - Set parameter TimeLimit to value 600
2026-02-17 21:38:38,885 - gurobipy - INFO - Set parameter MIPGap to value 0.05
2026-02-17 21:38:39,655 - root - INFO - Starting global IQP optimization...
2026-02-17 21:38:39,655 - gurobipy - INFO - Gurobi Optimizer version 11.0.2 build v11.0.2rc0 (linux64 - "Red Hat Enterprise Linux 9.6 (Plow)")
2026-02-17 21:38:39,655 - gurobipy - INFO - 
2026-02-17 21:38:39,655 - gurobipy - INFO - CPU model: AMD EPYC 9374F 32-Core Processor, instruction set [SSE2|AVX|AVX2|AVX512]
2026-02-17 21:38:39,655 - gurobipy - INFO - Thread count: 64 physical cores, 64 logical processors, using up to 32 threads
2026-02-17 21:38:39,655 - gurobipy - INFO - 
2026-02-17 21:38:39,655 - gurobipy - INFO - Optimize a model with 931 rows, 8568 columns and 8379 nonzeros
2026-02-17 21:38:39,656 - gurobipy - INFO - Model fingerprint: 0xfc6cfe87
2026-02-17 21:38:39,656 - gurobipy - INFO - Model has 8568 quadratic objective terms
2026-02-17 21:38:39,656 - gurobipy - INFO - Variable types: 0 continuous, 8568 integer (0 binary)
2026-02-17 21:38:39,656 - gurobipy - INFO - Coefficient statistics:
2026-02-17 21:38:39,656 - gurobipy - INFO -   Matrix range     [1e+00, 1e+00]
2026-02-17 21:38:39,656 - gurobipy - INFO -   Objective range  [2e-02, 1e+00]
2026-02-17 21:38:39,656 - gurobipy - INFO -   QObjective range [1e-01, 5e-01]
2026-02-17 21:38:39,656 - gurobipy - INFO -   Bounds range     [1e+00, 2e+01]
2026-02-17 21:38:39,656 - gurobipy - INFO -   RHS range        [1e+00, 2e+01]
2026-02-17 21:38:39,656 - gurobipy - INFO - 
2026-02-17 21:38:39,656 - gurobipy - INFO - Loaded user MIP start with objective 421.624
2026-02-17 21:38:39,656 - gurobipy - INFO - 
2026-02-17 21:38:42,894 - gurobipy - INFO - Presolve removed 930 rows and 8559 columns
2026-02-17 21:38:42,894 - gurobipy - INFO - Presolve time: 3.24s
2026-02-17 21:38:42,894 - gurobipy - INFO - Presolved: 1 rows, 9 columns, 9 nonzeros
2026-02-17 21:38:42,894 - gurobipy - INFO - Presolved model has 9 quadratic objective terms
2026-02-17 21:38:42,894 - gurobipy - INFO - Found heuristic solution: objective 419.4807809
2026-02-17 21:38:42,894 - gurobipy - INFO - Variable types: 0 continuous, 9 integer (0 binary)
2026-02-17 21:38:42,895 - gurobipy - INFO - 
2026-02-17 21:38:42,895 - gurobipy - INFO - Explored 0 nodes (0 simplex iterations) in 3.24 seconds (0.10 work units)
2026-02-17 21:38:42,895 - gurobipy - INFO - Thread count was 32 (of 64 available processors)
2026-02-17 21:38:42,895 - gurobipy - INFO - 
2026-02-17 21:38:42,895 - gurobipy - INFO - Solution count 2: 419.481 421.624 
2026-02-17 21:38:42,895 - gurobipy - INFO - 
2026-02-17 21:38:42,895 - gurobipy - INFO - Optimal solution found (tolerance 5.00e-02)
2026-02-17 21:38:42,895 - gurobipy - INFO - Best objective 4.194807808553e+02, best bound 4.183448585249e+02, gap 0.2708%
2026-02-17 21:38:42,908 - root - INFO - Global IQP solved: status=2, gap=0.27%, time=3.2s
2026-02-17 21:38:42,935 - root - INFO -   Loss: 417.2667 (change: 0.010333)
2026-02-17 21:38:42,935 - root - INFO -   Beta range: [0.167, 0.341]
2026-02-17 21:38:42,935 - root - INFO -   Max beta change: 0.023578
2026-02-17 21:38:42,935 - root - INFO -   Cell count range: [0, 19]
2026-02-17 21:38:42,935 - root - INFO -     B-cells: 629 cells (12.8%)
2026-02-17 21:38:42,935 - root - INFO -     CAFs: 591 cells (12.0%)
2026-02-17 21:38:42,935 - root - INFO -     Cancer Epithelial: 564 cells (11.5%)
2026-02-17 21:38:42,935 - root - INFO -     Endothelial: 449 cells (9.2%)
2026-02-17 21:38:42,935 - root - INFO -     Myeloid: 486 cells (9.9%)
2026-02-17 21:38:42,935 - root - INFO -     Normal Epithelial: 414 cells (8.4%)
2026-02-17 21:38:42,935 - root - INFO -     PVL: 611 cells (12.5%)
2026-02-17 21:38:42,935 - root - INFO -     Plasmablasts: 633 cells (12.9%)
2026-02-17 21:38:42,935 - root - INFO -     T-cells: 529 cells (10.8%)
2026-02-17 21:38:42,935 - root - INFO - 
=== EM Iteration 4/10 ===
2026-02-17 21:38:42,935 - root - INFO - Global IQP: 952 spots x 9 cell types = 8568 integer variables
2026-02-17 21:38:42,935 - root - INFO - Time limit: 600.0s, MIP gap: 5.0%
2026-02-17 21:38:42,935 - gurobipy - INFO - Set parameter TimeLimit to value 600
2026-02-17 21:38:42,935 - gurobipy - INFO - Set parameter MIPGap to value 0.05
2026-02-17 21:38:43,830 - root - INFO - Starting global IQP optimization...
2026-02-17 21:38:43,830 - gurobipy - INFO - Gurobi Optimizer version 11.0.2 build v11.0.2rc0 (linux64 - "Red Hat Enterprise Linux 9.6 (Plow)")
2026-02-17 21:38:43,830 - gurobipy - INFO - 
2026-02-17 21:38:43,830 - gurobipy - INFO - CPU model: AMD EPYC 9374F 32-Core Processor, instruction set [SSE2|AVX|AVX2|AVX512]
2026-02-17 21:38:43,830 - gurobipy - INFO - Thread count: 64 physical cores, 64 logical processors, using up to 32 threads
2026-02-17 21:38:43,830 - gurobipy - INFO - 
2026-02-17 21:38:43,830 - gurobipy - INFO - Optimize a model with 931 rows, 8568 columns and 8379 nonzeros
2026-02-17 21:38:43,830 - gurobipy - INFO - Model fingerprint: 0xb1ccba6a
2026-02-17 21:38:43,830 - gurobipy - INFO - Model has 8568 quadratic objective terms
2026-02-17 21:38:43,830 - gurobipy - INFO - Variable types: 0 continuous, 8568 integer (0 binary)
2026-02-17 21:38:43,831 - gurobipy - INFO - Coefficient statistics:
2026-02-17 21:38:43,831 - gurobipy - INFO -   Matrix range     [1e+00, 1e+00]
2026-02-17 21:38:43,831 - gurobipy - INFO -   Objective range  [2e-02, 1e+00]
2026-02-17 21:38:43,831 - gurobipy - INFO -   QObjective range [1e-01, 5e-01]
2026-02-17 21:38:43,831 - gurobipy - INFO -   Bounds range     [1e+00, 2e+01]
2026-02-17 21:38:43,831 - gurobipy - INFO -   RHS range        [1e+00, 2e+01]
2026-02-17 21:38:43,831 - gurobipy - INFO - 
2026-02-17 21:38:43,831 - gurobipy - INFO - Loaded user MIP start with objective 417.267
2026-02-17 21:38:43,831 - gurobipy - INFO - 
2026-02-17 21:38:46,511 - gurobipy - INFO - Presolve removed 930 rows and 8559 columns
2026-02-17 21:38:46,511 - gurobipy - INFO - Presolve time: 2.68s
2026-02-17 21:38:46,511 - gurobipy - INFO - Presolved: 1 rows, 9 columns, 9 nonzeros
2026-02-17 21:38:46,511 - gurobipy - INFO - Presolved model has 9 quadratic objective terms
2026-02-17 21:38:46,511 - gurobipy - INFO - Found heuristic solution: objective 415.8864283
2026-02-17 21:38:46,511 - gurobipy - INFO - Variable types: 0 continuous, 9 integer (0 binary)
2026-02-17 21:38:46,511 - gurobipy - INFO - 
2026-02-17 21:38:46,511 - gurobipy - INFO - Explored 0 nodes (0 simplex iterations) in 2.68 seconds (0.10 work units)
2026-02-17 21:38:46,511 - gurobipy - INFO - Thread count was 32 (of 64 available processors)
2026-02-17 21:38:46,511 - gurobipy - INFO - 
2026-02-17 21:38:46,511 - gurobipy - INFO - Solution count 2: 415.886 417.267 
2026-02-17 21:38:46,511 - gurobipy - INFO - 
2026-02-17 21:38:46,511 - gurobipy - INFO - Optimal solution found (tolerance 5.00e-02)
2026-02-17 21:38:46,511 - gurobipy - INFO - Best objective 4.158864282706e+02, best bound 4.147524134415e+02, gap 0.2727%
2026-02-17 21:38:46,525 - root - INFO - Global IQP solved: status=2, gap=0.27%, time=2.7s
2026-02-17 21:38:46,552 - root - INFO -   Loss: 412.8475 (change: 0.010591)
2026-02-17 21:38:46,552 - root - INFO -   Beta range: [0.162, 0.326]
2026-02-17 21:38:46,552 - root - INFO -   Max beta change: 0.016492
2026-02-17 21:38:46,552 - root - INFO -   Cell count range: [0, 19]
2026-02-17 21:38:46,552 - root - INFO -     B-cells: 644 cells (13.1%)
2026-02-17 21:38:46,552 - root - INFO -     CAFs: 584 cells (11.9%)
2026-02-17 21:38:46,552 - root - INFO -     Cancer Epithelial: 547 cells (11.1%)
2026-02-17 21:38:46,552 - root - INFO -     Endothelial: 452 cells (9.2%)
2026-02-17 21:38:46,552 - root - INFO -     Myeloid: 484 cells (9.9%)
2026-02-17 21:38:46,552 - root - INFO -     Normal Epithelial: 388 cells (7.9%)
2026-02-17 21:38:46,552 - root - INFO -     PVL: 644 cells (13.1%)
2026-02-17 21:38:46,552 - root - INFO -     Plasmablasts: 639 cells (13.0%)
2026-02-17 21:38:46,552 - root - INFO -     T-cells: 524 cells (10.7%)
2026-02-17 21:38:46,552 - root - INFO - 
=== EM Iteration 5/10 ===
2026-02-17 21:38:46,552 - root - INFO - Global IQP: 952 spots x 9 cell types = 8568 integer variables
2026-02-17 21:38:46,552 - root - INFO - Time limit: 600.0s, MIP gap: 5.0%
2026-02-17 21:38:46,552 - gurobipy - INFO - Set parameter TimeLimit to value 600
2026-02-17 21:38:46,552 - gurobipy - INFO - Set parameter MIPGap to value 0.05
2026-02-17 21:38:47,462 - root - INFO - Starting global IQP optimization...
2026-02-17 21:38:47,462 - gurobipy - INFO - Gurobi Optimizer version 11.0.2 build v11.0.2rc0 (linux64 - "Red Hat Enterprise Linux 9.6 (Plow)")
2026-02-17 21:38:47,463 - gurobipy - INFO - 
2026-02-17 21:38:47,463 - gurobipy - INFO - CPU model: AMD EPYC 9374F 32-Core Processor, instruction set [SSE2|AVX|AVX2|AVX512]
2026-02-17 21:38:47,463 - gurobipy - INFO - Thread count: 64 physical cores, 64 logical processors, using up to 32 threads
2026-02-17 21:38:47,463 - gurobipy - INFO - 
2026-02-17 21:38:47,463 - gurobipy - INFO - Optimize a model with 931 rows, 8568 columns and 8379 nonzeros
2026-02-17 21:38:47,463 - gurobipy - INFO - Model fingerprint: 0x30e175e1
2026-02-17 21:38:47,463 - gurobipy - INFO - Model has 8568 quadratic objective terms
2026-02-17 21:38:47,463 - gurobipy - INFO - Variable types: 0 continuous, 8568 integer (0 binary)
2026-02-17 21:38:47,463 - gurobipy - INFO - Coefficient statistics:
2026-02-17 21:38:47,463 - gurobipy - INFO -   Matrix range     [1e+00, 1e+00]
2026-02-17 21:38:47,463 - gurobipy - INFO -   Objective range  [9e-03, 1e+00]
2026-02-17 21:38:47,463 - gurobipy - INFO -   QObjective range [1e-01, 4e-01]
2026-02-17 21:38:47,463 - gurobipy - INFO -   Bounds range     [1e+00, 2e+01]
2026-02-17 21:38:47,463 - gurobipy - INFO -   RHS range        [1e+00, 2e+01]
2026-02-17 21:38:47,463 - gurobipy - INFO - 
2026-02-17 21:38:47,463 - gurobipy - INFO - Loaded user MIP start with objective 412.848
2026-02-17 21:38:47,463 - gurobipy - INFO - 
2026-02-17 21:38:49,946 - gurobipy - INFO - Presolve removed 930 rows and 8559 columns
2026-02-17 21:38:49,946 - gurobipy - INFO - Presolve time: 2.48s
2026-02-17 21:38:49,946 - gurobipy - INFO - Presolved: 1 rows, 9 columns, 9 nonzeros
2026-02-17 21:38:49,946 - gurobipy - INFO - Presolved model has 9 quadratic objective terms
2026-02-17 21:38:49,946 - gurobipy - INFO - Found heuristic solution: objective 411.1915899
2026-02-17 21:38:49,946 - gurobipy - INFO - Variable types: 0 continuous, 9 integer (0 binary)
2026-02-17 21:38:49,946 - gurobipy - INFO - 
2026-02-17 21:38:49,946 - gurobipy - INFO - Explored 0 nodes (0 simplex iterations) in 2.48 seconds (0.09 work units)
2026-02-17 21:38:49,946 - gurobipy - INFO - Thread count was 32 (of 64 available processors)
2026-02-17 21:38:49,946 - gurobipy - INFO - 
2026-02-17 21:38:49,946 - gurobipy - INFO - Solution count 2: 411.192 412.848 
2026-02-17 21:38:49,946 - gurobipy - INFO - 
2026-02-17 21:38:49,946 - gurobipy - INFO - Optimal solution found (tolerance 5.00e-02)
2026-02-17 21:38:49,946 - gurobipy - INFO - Best objective 4.111915899268e+02, best bound 4.100608117434e+02, gap 0.2750%
2026-02-17 21:38:49,960 - root - INFO - Global IQP solved: status=2, gap=0.28%, time=2.5s
2026-02-17 21:38:49,987 - root - INFO -   Loss: 411.2678 (change: 0.003826)
2026-02-17 21:38:49,987 - root - INFO -   Beta range: [0.159, 0.314]
2026-02-17 21:38:49,988 - root - INFO -   Max beta change: 0.014608
2026-02-17 21:38:49,988 - root - INFO -   Cell count range: [0, 19]
2026-02-17 21:38:49,988 - root - INFO -     B-cells: 661 cells (13.5%)
2026-02-17 21:38:49,988 - root - INFO -     CAFs: 575 cells (11.7%)
2026-02-17 21:38:49,988 - root - INFO -     Cancer Epithelial: 526 cells (10.7%)
2026-02-17 21:38:49,988 - root - INFO -     Endothelial: 463 cells (9.4%)
2026-02-17 21:38:49,988 - root - INFO -     Myeloid: 491 cells (10.0%)
2026-02-17 21:38:49,988 - root - INFO -     Normal Epithelial: 353 cells (7.2%)
2026-02-17 21:38:49,988 - root - INFO -     PVL: 674 cells (13.7%)
2026-02-17 21:38:49,988 - root - INFO -     Plasmablasts: 654 cells (13.3%)
2026-02-17 21:38:49,988 - root - INFO -     T-cells: 509 cells (10.4%)
2026-02-17 21:38:49,988 - root - INFO - 
=== EM Iteration 6/10 ===
2026-02-17 21:38:49,988 - root - INFO - Global IQP: 952 spots x 9 cell types = 8568 integer variables
2026-02-17 21:38:49,988 - root - INFO - Time limit: 600.0s, MIP gap: 5.0%
2026-02-17 21:38:49,988 - gurobipy - INFO - Set parameter TimeLimit to value 600
2026-02-17 21:38:49,988 - gurobipy - INFO - Set parameter MIPGap to value 0.05
2026-02-17 21:38:50,909 - root - INFO - Starting global IQP optimization...
2026-02-17 21:38:50,909 - gurobipy - INFO - Gurobi Optimizer version 11.0.2 build v11.0.2rc0 (linux64 - "Red Hat Enterprise Linux 9.6 (Plow)")
2026-02-17 21:38:50,909 - gurobipy - INFO - 
2026-02-17 21:38:50,909 - gurobipy - INFO - CPU model: AMD EPYC 9374F 32-Core Processor, instruction set [SSE2|AVX|AVX2|AVX512]
2026-02-17 21:38:50,909 - gurobipy - INFO - Thread count: 64 physical cores, 64 logical processors, using up to 32 threads
2026-02-17 21:38:50,909 - gurobipy - INFO - 
2026-02-17 21:38:50,909 - gurobipy - INFO - Optimize a model with 931 rows, 8568 columns and 8379 nonzeros
2026-02-17 21:38:50,910 - gurobipy - INFO - Model fingerprint: 0xe9f46d99
2026-02-17 21:38:50,910 - gurobipy - INFO - Model has 8568 quadratic objective terms
2026-02-17 21:38:50,910 - gurobipy - INFO - Variable types: 0 continuous, 8568 integer (0 binary)
2026-02-17 21:38:50,910 - gurobipy - INFO - Coefficient statistics:
2026-02-17 21:38:50,910 - gurobipy - INFO -   Matrix range     [1e+00, 1e+00]
2026-02-17 21:38:50,910 - gurobipy - INFO -   Objective range  [4e-03, 1e+00]
2026-02-17 21:38:50,910 - gurobipy - INFO -   QObjective range [1e-01, 4e-01]
2026-02-17 21:38:50,910 - gurobipy - INFO -   Bounds range     [1e+00, 2e+01]
2026-02-17 21:38:50,910 - gurobipy - INFO -   RHS range        [1e+00, 2e+01]
2026-02-17 21:38:50,910 - gurobipy - INFO - 
2026-02-17 21:38:50,910 - gurobipy - INFO - Loaded user MIP start with objective 411.268
2026-02-17 21:38:50,910 - gurobipy - INFO - 
2026-02-17 21:38:52,778 - gurobipy - INFO - Presolve removed 930 rows and 8559 columns
2026-02-17 21:38:52,778 - gurobipy - INFO - Presolve time: 1.87s
2026-02-17 21:38:52,778 - gurobipy - INFO - Presolved: 1 rows, 9 columns, 9 nonzeros
2026-02-17 21:38:52,778 - gurobipy - INFO - Presolved model has 9 quadratic objective terms
2026-02-17 21:38:52,779 - gurobipy - INFO - Found heuristic solution: objective 409.9899995
2026-02-17 21:38:52,779 - gurobipy - INFO - Variable types: 0 continuous, 9 integer (0 binary)
2026-02-17 21:38:52,779 - gurobipy - INFO - 
2026-02-17 21:38:52,779 - gurobipy - INFO - Explored 0 nodes (0 simplex iterations) in 1.87 seconds (0.09 work units)
2026-02-17 21:38:52,779 - gurobipy - INFO - Thread count was 32 (of 64 available processors)
2026-02-17 21:38:52,779 - gurobipy - INFO - 
2026-02-17 21:38:52,779 - gurobipy - INFO - Solution count 2: 409.99 411.268 
2026-02-17 21:38:52,779 - gurobipy - INFO - 
2026-02-17 21:38:52,779 - gurobipy - INFO - Optimal solution found (tolerance 5.00e-02)
2026-02-17 21:38:52,779 - gurobipy - INFO - Best objective 4.099899994860e+02, best bound 4.088723368592e+02, gap 0.2726%
2026-02-17 21:38:52,793 - root - INFO - Global IQP solved: status=2, gap=0.27%, time=1.9s
2026-02-17 21:38:52,820 - root - INFO -   Loss: 423.5185 (change: 0.029788)
2026-02-17 21:38:52,820 - root - INFO -   Beta range: [0.155, 0.305]
2026-02-17 21:38:52,820 - root - INFO -   Max beta change: 0.023226
2026-02-17 21:38:52,820 - root - INFO -   Cell count range: [0, 19]
2026-02-17 21:38:52,820 - root - INFO -     B-cells: 677 cells (13.8%)
2026-02-17 21:38:52,820 - root - INFO -     CAFs: 572 cells (11.7%)
2026-02-17 21:38:52,820 - root - INFO -     Cancer Epithelial: 509 cells (10.4%)
2026-02-17 21:38:52,820 - root - INFO -     Endothelial: 466 cells (9.5%)
2026-02-17 21:38:52,820 - root - INFO -     Myeloid: 501 cells (10.2%)
2026-02-17 21:38:52,820 - root - INFO -     Normal Epithelial: 319 cells (6.5%)
2026-02-17 21:38:52,820 - root - INFO -     PVL: 691 cells (14.1%)
2026-02-17 21:38:52,820 - root - INFO -     Plasmablasts: 667 cells (13.6%)
2026-02-17 21:38:52,820 - root - INFO -     T-cells: 504 cells (10.3%)
2026-02-17 21:38:52,820 - root - WARNING - Loss increased from 411.2678 to 423.5185
2026-02-17 21:38:52,820 - root - INFO - 
=== EM Iteration 7/10 ===
2026-02-17 21:38:52,820 - root - INFO - Global IQP: 952 spots x 9 cell types = 8568 integer variables
2026-02-17 21:38:52,820 - root - INFO - Time limit: 600.0s, MIP gap: 5.0%
2026-02-17 21:38:52,820 - gurobipy - INFO - Set parameter TimeLimit to value 600
2026-02-17 21:38:52,820 - gurobipy - INFO - Set parameter MIPGap to value 0.05
2026-02-17 21:38:53,739 - root - INFO - Starting global IQP optimization...
2026-02-17 21:38:53,740 - gurobipy - INFO - Gurobi Optimizer version 11.0.2 build v11.0.2rc0 (linux64 - "Red Hat Enterprise Linux 9.6 (Plow)")
2026-02-17 21:38:53,740 - gurobipy - INFO - 
2026-02-17 21:38:53,740 - gurobipy - INFO - CPU model: AMD EPYC 9374F 32-Core Processor, instruction set [SSE2|AVX|AVX2|AVX512]
2026-02-17 21:38:53,740 - gurobipy - INFO - Thread count: 64 physical cores, 64 logical processors, using up to 32 threads
2026-02-17 21:38:53,740 - gurobipy - INFO - 
2026-02-17 21:38:53,740 - gurobipy - INFO - Optimize a model with 931 rows, 8568 columns and 8379 nonzeros
2026-02-17 21:38:53,740 - gurobipy - INFO - Model fingerprint: 0xdb91376f
2026-02-17 21:38:53,740 - gurobipy - INFO - Model has 8568 quadratic objective terms
2026-02-17 21:38:53,740 - gurobipy - INFO - Variable types: 0 continuous, 8568 integer (0 binary)
2026-02-17 21:38:53,740 - gurobipy - INFO - Coefficient statistics:
2026-02-17 21:38:53,740 - gurobipy - INFO -   Matrix range     [1e+00, 1e+00]
2026-02-17 21:38:53,740 - gurobipy - INFO -   Objective range  [9e-04, 1e+00]
2026-02-17 21:38:53,740 - gurobipy - INFO -   QObjective range [1e-01, 4e-01]
2026-02-17 21:38:53,740 - gurobipy - INFO -   Bounds range     [1e+00, 2e+01]
2026-02-17 21:38:53,740 - gurobipy - INFO -   RHS range        [1e+00, 2e+01]
2026-02-17 21:38:53,740 - gurobipy - INFO - 
2026-02-17 21:38:53,740 - gurobipy - INFO - Loaded user MIP start with objective 423.519
2026-02-17 21:38:53,740 - gurobipy - INFO - 
2026-02-17 21:38:56,429 - gurobipy - INFO - Presolve removed 930 rows and 8559 columns
2026-02-17 21:38:56,429 - gurobipy - INFO - Presolve time: 2.69s
2026-02-17 21:38:56,429 - gurobipy - INFO - Presolved: 1 rows, 9 columns, 9 nonzeros
2026-02-17 21:38:56,429 - gurobipy - INFO - Presolved model has 9 quadratic objective terms
2026-02-17 21:38:56,429 - gurobipy - INFO - Found heuristic solution: objective 422.6846166
2026-02-17 21:38:56,429 - gurobipy - INFO - Variable types: 0 continuous, 9 integer (0 binary)
2026-02-17 21:38:56,429 - gurobipy - INFO - 
2026-02-17 21:38:56,429 - gurobipy - INFO - Explored 0 nodes (0 simplex iterations) in 2.69 seconds (0.09 work units)
2026-02-17 21:38:56,429 - gurobipy - INFO - Thread count was 32 (of 64 available processors)
2026-02-17 21:38:56,429 - gurobipy - INFO - 
2026-02-17 21:38:56,429 - gurobipy - INFO - Solution count 2: 422.685 423.519 
2026-02-17 21:38:56,429 - gurobipy - INFO - 
2026-02-17 21:38:56,429 - gurobipy - INFO - Optimal solution found (tolerance 5.00e-02)
2026-02-17 21:38:56,429 - gurobipy - INFO - Best objective 4.226846165641e+02, best bound 4.215737751004e+02, gap 0.2628%
2026-02-17 21:38:56,442 - root - INFO - Global IQP solved: status=2, gap=0.26%, time=2.7s
2026-02-17 21:38:56,469 - root - INFO -   Loss: 441.9546 (change: 0.043531)
2026-02-17 21:38:56,469 - root - INFO -   Beta range: [0.152, 0.298]
2026-02-17 21:38:56,469 - root - INFO -   Max beta change: 0.019213
2026-02-17 21:38:56,469 - root - INFO -   Cell count range: [0, 19]
2026-02-17 21:38:56,469 - root - INFO -     B-cells: 696 cells (14.2%)
2026-02-17 21:38:56,469 - root - INFO -     CAFs: 571 cells (11.6%)
2026-02-17 21:38:56,469 - root - INFO -     Cancer Epithelial: 495 cells (10.1%)
2026-02-17 21:38:56,469 - root - INFO -     Endothelial: 466 cells (9.5%)
2026-02-17 21:38:56,469 - root - INFO -     Myeloid: 501 cells (10.2%)
2026-02-17 21:38:56,469 - root - INFO -     Normal Epithelial: 296 cells (6.0%)
2026-02-17 21:38:56,469 - root - INFO -     PVL: 710 cells (14.5%)
2026-02-17 21:38:56,469 - root - INFO -     Plasmablasts: 681 cells (13.9%)
2026-02-17 21:38:56,469 - root - INFO -     T-cells: 490 cells (10.0%)
2026-02-17 21:38:56,469 - root - WARNING - Loss increased from 423.5185 to 441.9546
2026-02-17 21:38:56,469 - root - INFO - 
=== EM Iteration 8/10 ===
2026-02-17 21:38:56,469 - root - INFO - Global IQP: 952 spots x 9 cell types = 8568 integer variables
2026-02-17 21:38:56,469 - root - INFO - Time limit: 600.0s, MIP gap: 5.0%
2026-02-17 21:38:56,469 - gurobipy - INFO - Set parameter TimeLimit to value 600
2026-02-17 21:38:56,469 - gurobipy - INFO - Set parameter MIPGap to value 0.05
2026-02-17 21:38:57,394 - root - INFO - Starting global IQP optimization...
2026-02-17 21:38:57,395 - gurobipy - INFO - Gurobi Optimizer version 11.0.2 build v11.0.2rc0 (linux64 - "Red Hat Enterprise Linux 9.6 (Plow)")
2026-02-17 21:38:57,395 - gurobipy - INFO - 
2026-02-17 21:38:57,395 - gurobipy - INFO - CPU model: AMD EPYC 9374F 32-Core Processor, instruction set [SSE2|AVX|AVX2|AVX512]
2026-02-17 21:38:57,395 - gurobipy - INFO - Thread count: 64 physical cores, 64 logical processors, using up to 32 threads
2026-02-17 21:38:57,395 - gurobipy - INFO - 
2026-02-17 21:38:57,395 - gurobipy - INFO - Optimize a model with 931 rows, 8568 columns and 8379 nonzeros
2026-02-17 21:38:57,395 - gurobipy - INFO - Model fingerprint: 0xb0489f6a
2026-02-17 21:38:57,395 - gurobipy - INFO - Model has 8568 quadratic objective terms
2026-02-17 21:38:57,395 - gurobipy - INFO - Variable types: 0 continuous, 8568 integer (0 binary)
2026-02-17 21:38:57,395 - gurobipy - INFO - Coefficient statistics:
2026-02-17 21:38:57,395 - gurobipy - INFO -   Matrix range     [1e+00, 1e+00]
2026-02-17 21:38:57,395 - gurobipy - INFO -   Objective range  [5e-03, 1e+00]
2026-02-17 21:38:57,395 - gurobipy - INFO -   QObjective range [1e-01, 4e-01]
2026-02-17 21:38:57,395 - gurobipy - INFO -   Bounds range     [1e+00, 2e+01]
2026-02-17 21:38:57,395 - gurobipy - INFO -   RHS range        [1e+00, 2e+01]
2026-02-17 21:38:57,395 - gurobipy - INFO - 
2026-02-17 21:38:57,395 - gurobipy - INFO - Loaded user MIP start with objective 441.955
2026-02-17 21:38:57,395 - gurobipy - INFO - 
2026-02-17 21:39:00,233 - gurobipy - INFO - Presolve removed 930 rows and 8559 columns
2026-02-17 21:39:00,233 - gurobipy - INFO - Presolve time: 2.84s
2026-02-17 21:39:00,233 - gurobipy - INFO - Presolved: 1 rows, 9 columns, 9 nonzeros
2026-02-17 21:39:00,233 - gurobipy - INFO - Presolved model has 9 quadratic objective terms
2026-02-17 21:39:00,233 - gurobipy - INFO - Found heuristic solution: objective 441.1309164
2026-02-17 21:39:00,233 - gurobipy - INFO - Variable types: 0 continuous, 9 integer (0 binary)
2026-02-17 21:39:00,233 - gurobipy - INFO - 
2026-02-17 21:39:00,234 - gurobipy - INFO - Explored 0 nodes (0 simplex iterations) in 2.84 seconds (0.09 work units)
2026-02-17 21:39:00,234 - gurobipy - INFO - Thread count was 32 (of 64 available processors)
2026-02-17 21:39:00,234 - gurobipy - INFO - 
2026-02-17 21:39:00,234 - gurobipy - INFO - Solution count 2: 441.131 441.955 
2026-02-17 21:39:00,234 - gurobipy - INFO - 
2026-02-17 21:39:00,234 - gurobipy - INFO - Optimal solution found (tolerance 5.00e-02)
2026-02-17 21:39:00,234 - gurobipy - INFO - Best objective 4.411309164245e+02, best bound 4.400314267042e+02, gap 0.2492%
2026-02-17 21:39:00,248 - root - INFO - Global IQP solved: status=2, gap=0.25%, time=2.8s
2026-02-17 21:39:00,275 - root - INFO -   Loss: 458.8706 (change: 0.038275)
2026-02-17 21:39:00,276 - root - INFO -   Beta range: [0.149, 0.309]
2026-02-17 21:39:00,276 - root - INFO -   Max beta change: 0.018433
2026-02-17 21:39:00,276 - root - INFO -   Cell count range: [0, 19]
2026-02-17 21:39:00,276 - root - INFO -     B-cells: 707 cells (14.4%)
2026-02-17 21:39:00,276 - root - INFO -     CAFs: 573 cells (11.7%)
2026-02-17 21:39:00,276 - root - INFO -     Cancer Epithelial: 490 cells (10.0%)
2026-02-17 21:39:00,276 - root - INFO -     Endothelial: 466 cells (9.5%)
2026-02-17 21:39:00,276 - root - INFO -     Myeloid: 495 cells (10.1%)
2026-02-17 21:39:00,276 - root - INFO -     Normal Epithelial: 275 cells (5.6%)
2026-02-17 21:39:00,276 - root - INFO -     PVL: 731 cells (14.9%)
2026-02-17 21:39:00,276 - root - INFO -     Plasmablasts: 690 cells (14.1%)
2026-02-17 21:39:00,276 - root - INFO -     T-cells: 479 cells (9.8%)
2026-02-17 21:39:00,276 - root - WARNING - Loss increased from 441.9546 to 458.8706
2026-02-17 21:39:00,276 - root - INFO - 
=== EM Iteration 9/10 ===
2026-02-17 21:39:00,276 - root - INFO - Global IQP: 952 spots x 9 cell types = 8568 integer variables
2026-02-17 21:39:00,276 - root - INFO - Time limit: 600.0s, MIP gap: 5.0%
2026-02-17 21:39:00,276 - gurobipy - INFO - Set parameter TimeLimit to value 600
2026-02-17 21:39:00,276 - gurobipy - INFO - Set parameter MIPGap to value 0.05
2026-02-17 21:39:01,205 - root - INFO - Starting global IQP optimization...
2026-02-17 21:39:01,206 - gurobipy - INFO - Gurobi Optimizer version 11.0.2 build v11.0.2rc0 (linux64 - "Red Hat Enterprise Linux 9.6 (Plow)")
2026-02-17 21:39:01,206 - gurobipy - INFO - 
2026-02-17 21:39:01,206 - gurobipy - INFO - CPU model: AMD EPYC 9374F 32-Core Processor, instruction set [SSE2|AVX|AVX2|AVX512]
2026-02-17 21:39:01,206 - gurobipy - INFO - Thread count: 64 physical cores, 64 logical processors, using up to 32 threads
2026-02-17 21:39:01,206 - gurobipy - INFO - 
2026-02-17 21:39:01,206 - gurobipy - INFO - Optimize a model with 931 rows, 8568 columns and 8379 nonzeros
2026-02-17 21:39:01,206 - gurobipy - INFO - Model fingerprint: 0x3b0c51d7
2026-02-17 21:39:01,206 - gurobipy - INFO - Model has 8568 quadratic objective terms
2026-02-17 21:39:01,206 - gurobipy - INFO - Variable types: 0 continuous, 8568 integer (0 binary)
2026-02-17 21:39:01,206 - gurobipy - INFO - Coefficient statistics:
2026-02-17 21:39:01,206 - gurobipy - INFO -   Matrix range     [1e+00, 1e+00]
2026-02-17 21:39:01,206 - gurobipy - INFO -   Objective range  [3e-03, 1e+00]
2026-02-17 21:39:01,206 - gurobipy - INFO -   QObjective range [1e-01, 3e-01]
2026-02-17 21:39:01,206 - gurobipy - INFO -   Bounds range     [1e+00, 2e+01]
2026-02-17 21:39:01,206 - gurobipy - INFO -   RHS range        [1e+00, 2e+01]
2026-02-17 21:39:01,206 - gurobipy - INFO - 
2026-02-17 21:39:01,206 - gurobipy - INFO - Loaded user MIP start with objective 458.871
2026-02-17 21:39:01,206 - gurobipy - INFO - 
2026-02-17 21:39:03,838 - gurobipy - INFO - Presolve removed 930 rows and 8559 columns
2026-02-17 21:39:03,838 - gurobipy - INFO - Presolve time: 2.63s
2026-02-17 21:39:03,838 - gurobipy - INFO - Presolved: 1 rows, 9 columns, 9 nonzeros
2026-02-17 21:39:03,838 - gurobipy - INFO - Presolved model has 9 quadratic objective terms
2026-02-17 21:39:03,840 - gurobipy - INFO - Found heuristic solution: objective 458.3838371
2026-02-17 21:39:03,840 - gurobipy - INFO - Variable types: 0 continuous, 9 integer (0 binary)
2026-02-17 21:39:03,840 - gurobipy - INFO - 
2026-02-17 21:39:03,840 - gurobipy - INFO - Explored 0 nodes (0 simplex iterations) in 2.63 seconds (0.09 work units)
2026-02-17 21:39:03,840 - gurobipy - INFO - Thread count was 32 (of 64 available processors)
2026-02-17 21:39:03,840 - gurobipy - INFO - 
2026-02-17 21:39:03,840 - gurobipy - INFO - Solution count 2: 458.384 458.871 
2026-02-17 21:39:03,840 - gurobipy - INFO - 
2026-02-17 21:39:03,840 - gurobipy - INFO - Optimal solution found (tolerance 5.00e-02)
2026-02-17 21:39:03,840 - gurobipy - INFO - Best objective 4.583838371314e+02, best bound 4.573033805938e+02, gap 0.2357%
2026-02-17 21:39:03,854 - root - INFO - Global IQP solved: status=2, gap=0.24%, time=2.6s
2026-02-17 21:39:03,882 - root - INFO -   Loss: 475.2858 (change: 0.035773)
2026-02-17 21:39:03,882 - root - INFO -   Beta range: [0.148, 0.330]
2026-02-17 21:39:03,882 - root - INFO -   Max beta change: 0.021392
2026-02-17 21:39:03,882 - root - INFO -   Cell count range: [0, 19]
2026-02-17 21:39:03,882 - root - INFO -     B-cells: 711 cells (14.5%)
2026-02-17 21:39:03,882 - root - INFO -     CAFs: 573 cells (11.7%)
2026-02-17 21:39:03,882 - root - INFO -     Cancer Epithelial: 487 cells (9.9%)
2026-02-17 21:39:03,882 - root - INFO -     Endothelial: 465 cells (9.5%)
2026-02-17 21:39:03,882 - root - INFO -     Myeloid: 498 cells (10.2%)
2026-02-17 21:39:03,882 - root - INFO -     Normal Epithelial: 262 cells (5.3%)
2026-02-17 21:39:03,882 - root - INFO -     PVL: 750 cells (15.3%)
2026-02-17 21:39:03,882 - root - INFO -     Plasmablasts: 696 cells (14.2%)
2026-02-17 21:39:03,882 - root - INFO -     T-cells: 464 cells (9.5%)
2026-02-17 21:39:03,882 - root - WARNING - Loss increased from 458.8706 to 475.2858
2026-02-17 21:39:03,882 - root - INFO - 
=== EM Iteration 10/10 ===
2026-02-17 21:39:03,882 - root - INFO - Global IQP: 952 spots x 9 cell types = 8568 integer variables
2026-02-17 21:39:03,882 - root - INFO - Time limit: 600.0s, MIP gap: 5.0%
2026-02-17 21:39:03,882 - gurobipy - INFO - Set parameter TimeLimit to value 600
2026-02-17 21:39:03,882 - gurobipy - INFO - Set parameter MIPGap to value 0.05
2026-02-17 21:39:04,813 - root - INFO - Starting global IQP optimization...
2026-02-17 21:39:04,813 - gurobipy - INFO - Gurobi Optimizer version 11.0.2 build v11.0.2rc0 (linux64 - "Red Hat Enterprise Linux 9.6 (Plow)")
2026-02-17 21:39:04,813 - gurobipy - INFO - 
2026-02-17 21:39:04,813 - gurobipy - INFO - CPU model: AMD EPYC 9374F 32-Core Processor, instruction set [SSE2|AVX|AVX2|AVX512]
2026-02-17 21:39:04,814 - gurobipy - INFO - Thread count: 64 physical cores, 64 logical processors, using up to 32 threads
2026-02-17 21:39:04,814 - gurobipy - INFO - 
2026-02-17 21:39:04,814 - gurobipy - INFO - Optimize a model with 931 rows, 8568 columns and 8379 nonzeros
2026-02-17 21:39:04,814 - gurobipy - INFO - Model fingerprint: 0x795de9b0
2026-02-17 21:39:04,814 - gurobipy - INFO - Model has 8568 quadratic objective terms
2026-02-17 21:39:04,814 - gurobipy - INFO - Variable types: 0 continuous, 8568 integer (0 binary)
2026-02-17 21:39:04,814 - gurobipy - INFO - Coefficient statistics:
2026-02-17 21:39:04,814 - gurobipy - INFO -   Matrix range     [1e+00, 1e+00]
2026-02-17 21:39:04,814 - gurobipy - INFO -   Objective range  [3e-03, 1e+00]
2026-02-17 21:39:04,814 - gurobipy - INFO -   QObjective range [1e-01, 3e-01]
2026-02-17 21:39:04,814 - gurobipy - INFO -   Bounds range     [1e+00, 2e+01]
2026-02-17 21:39:04,814 - gurobipy - INFO -   RHS range        [1e+00, 2e+01]
2026-02-17 21:39:04,814 - gurobipy - INFO - 
2026-02-17 21:39:04,814 - gurobipy - INFO - Loaded user MIP start with objective 475.286
2026-02-17 21:39:04,814 - gurobipy - INFO - 
2026-02-17 21:39:07,030 - gurobipy - INFO - Presolve removed 930 rows and 8559 columns
2026-02-17 21:39:07,030 - gurobipy - INFO - Presolve time: 2.22s
2026-02-17 21:39:07,030 - gurobipy - INFO - Presolved: 1 rows, 9 columns, 9 nonzeros
2026-02-17 21:39:07,030 - gurobipy - INFO - Presolved model has 9 quadratic objective terms
2026-02-17 21:39:07,030 - gurobipy - INFO - Found heuristic solution: objective 474.7443627
2026-02-17 21:39:07,031 - gurobipy - INFO - Variable types: 0 continuous, 9 integer (0 binary)
2026-02-17 21:39:07,031 - gurobipy - INFO - 
2026-02-17 21:39:07,031 - gurobipy - INFO - Explored 0 nodes (0 simplex iterations) in 2.22 seconds (0.09 work units)
2026-02-17 21:39:07,031 - gurobipy - INFO - Thread count was 32 (of 64 available processors)
2026-02-17 21:39:07,031 - gurobipy - INFO - 
2026-02-17 21:39:07,031 - gurobipy - INFO - Solution count 2: 474.744 475.286 
2026-02-17 21:39:07,031 - gurobipy - INFO - 
2026-02-17 21:39:07,031 - gurobipy - INFO - Optimal solution found (tolerance 5.00e-02)
2026-02-17 21:39:07,031 - gurobipy - INFO - Best objective 4.747443626894e+02, best bound 4.736837577334e+02, gap 0.2234%
2026-02-17 21:39:07,044 - root - INFO - Global IQP solved: status=2, gap=0.22%, time=2.2s
2026-02-17 21:39:07,071 - root - INFO -   Loss: 493.9998 (change: 0.039374)
2026-02-17 21:39:07,071 - root - INFO -   Beta range: [0.147, 0.340]
2026-02-17 21:39:07,071 - root - INFO -   Max beta change: 0.016177
2026-02-17 21:39:07,071 - root - INFO -   Cell count range: [0, 19]
2026-02-17 21:39:07,071 - root - INFO -     B-cells: 708 cells (14.4%)
2026-02-17 21:39:07,071 - root - INFO -     CAFs: 570 cells (11.6%)
2026-02-17 21:39:07,071 - root - INFO -     Cancer Epithelial: 481 cells (9.8%)
2026-02-17 21:39:07,071 - root - INFO -     Endothelial: 463 cells (9.4%)
2026-02-17 21:39:07,071 - root - INFO -     Myeloid: 492 cells (10.0%)
2026-02-17 21:39:07,071 - root - INFO -     Normal Epithelial: 259 cells (5.3%)
2026-02-17 21:39:07,071 - root - INFO -     PVL: 782 cells (15.9%)
2026-02-17 21:39:07,071 - root - INFO -     Plasmablasts: 694 cells (14.1%)
2026-02-17 21:39:07,071 - root - INFO -     T-cells: 457 cells (9.3%)
2026-02-17 21:39:07,071 - root - WARNING - Loss increased from 475.2858 to 493.9998
2026-02-17 21:39:07,071 - root - INFO - 
Final beta values:
2026-02-17 21:39:07,071 - root - INFO -   B-cells_Protein_1: β=0.165, α=0.000
2026-02-17 21:39:07,071 - root - INFO -   B-cells_Protein_2: β=0.147, α=0.000
2026-02-17 21:39:07,071 - root - INFO -   CAFs_Protein_1: β=0.222, α=0.000
2026-02-17 21:39:07,071 - root - INFO -   CAFs_Protein_2: β=0.223, α=0.000
2026-02-17 21:39:07,071 - root - INFO -   Cancer Epithelial_Protein_1: β=0.211, α=0.000
2026-02-17 21:39:07,071 - root - INFO -   Cancer Epithelial_Protein_2: β=0.228, α=0.000
2026-02-17 21:39:07,071 - root - INFO -   Endothelial_Protein_1: β=0.269, α=0.000
2026-02-17 21:39:07,072 - root - INFO -   Endothelial_Protein_2: β=0.270, α=0.000
2026-02-17 21:39:07,072 - root - INFO -   Myeloid_Protein_1: β=0.223, α=0.000
2026-02-17 21:39:07,072 - root - INFO -   Myeloid_Protein_2: β=0.221, α=0.000
2026-02-17 21:39:07,072 - root - INFO -   Normal Epithelial_Protein_1: β=0.190, α=0.381
2026-02-17 21:39:07,072 - root - INFO -   Normal Epithelial_Protein_2: β=0.340, α=0.098
2026-02-17 21:39:07,072 - root - INFO -   PVL_Protein_1: β=0.270, α=0.000
2026-02-17 21:39:07,072 - root - INFO -   PVL_Protein_2: β=0.266, α=0.000
2026-02-17 21:39:07,072 - root - INFO -   Plasmablasts_Protein_1: β=0.173, α=0.000
2026-02-17 21:39:07,072 - root - INFO -   Plasmablasts_Protein_2: β=0.160, α=0.000
2026-02-17 21:39:07,072 - root - INFO -   T-cells_Protein_1: β=0.277, α=0.000
2026-02-17 21:39:07,072 - root - INFO -   T-cells_Protein_2: β=0.265, α=0.000
2026-02-17 21:39:07,076 - root - INFO - Saved discrete cell counts to Benchmarking/simulation_benchmarking/CITEgeist/output_discrete_global/high_seg/dapi/high_seg/dapi/Wu_rep_1/Wu_rep_1_discrete_cell_counts.csv
2026-02-17 21:39:07,080 - root - INFO - Saved derived proportions to Benchmarking/simulation_benchmarking/CITEgeist/output_discrete_global/high_seg/dapi/high_seg/dapi/Wu_rep_1/Wu_rep_1_cell_prop_discrete.csv
2026-02-17 21:39:07,080 - root - INFO - Cell type distribution:
2026-02-17 21:39:07,081 - root - INFO -   B-cells: 708 cells (14.4%)
2026-02-17 21:39:07,081 - root - INFO -   CAFs: 570 cells (11.6%)
2026-02-17 21:39:07,081 - root - INFO -   Cancer Epithelial: 481 cells (9.8%)
2026-02-17 21:39:07,081 - root - INFO -   Endothelial: 463 cells (9.4%)
2026-02-17 21:39:07,081 - root - INFO -   Myeloid: 492 cells (10.0%)
2026-02-17 21:39:07,081 - root - INFO -   Normal Epithelial: 259 cells (5.3%)
2026-02-17 21:39:07,081 - root - INFO -   PVL: 782 cells (15.9%)
2026-02-17 21:39:07,081 - root - INFO -   Plasmablasts: 694 cells (14.1%)
2026-02-17 21:39:07,081 - root - INFO -   T-cells: 457 cells (9.3%)
2026-02-17 21:39:07,110 - __main__ - INFO - Loaded ground truth proportions: 952 spots, 9 cell types
2026-02-17 21:39:07,111 - __main__ - INFO - Proportion correlation: 0.790
2026-02-17 21:39:07,111 - __main__ - INFO - Proportion RMSE: 0.1665
2026-02-17 21:39:07,111 - __main__ - INFO - Running GEX deconvolution...
2026-02-17 21:39:07,112 - CITEgeist.model.utils - INFO - Detected spot spacing: 1.61 units (median of 952 nearest-neighbor distances)
2026-02-17 21:39:07,112 - CITEgeist.model.utils - INFO - Computed optimal radius: 4.92 (3.0 rings, spot_spacing=1.61)
2026-02-17 21:39:07,112 - root - INFO - Auto-detected radius: 4.92 (3 rings)
2026-02-17 21:39:07,112 - root - INFO - Starting Pass 1: Error minimization with enrichment weights...
2026-02-17 21:39:07,112 - root - INFO - Using discrete mode: cell counts as fixed multipliers
2026-02-17 21:39:07,112 - root - WARNING - Found 21 spots with zero cells. These will be skipped in deconvolution.
2026-02-17 21:39:07,112 - root - WARNING - Found 21 spots with zero or negligible total cell proportions. Deconvolution for these spots may fail and their profiles will be imputed as zeros. Example spot indices: [ 24 100 158 178 217]
2026-02-17 21:39:07,113 - root - INFO - Starting analysis for Wu_rep_1
2026-02-17 21:39:07,113 - root - INFO - Already completed spots: 0
2026-02-17 21:39:07,113 - root - INFO - Using enrichment weights - Global: 0.5, Local: 0.5
2026-02-17 21:39:07,113 - root - INFO - Using 64 workers
2026-02-17 21:39:07,113 - root - INFO - Processing 952 remaining spots
Deconvoluting Remaining Spots:   0%|          | 0/952 [00:00<?, ?it/s]Deconvoluting Remaining Spots:   0%|          | 1/952 [00:03<57:30,  3.63s/it]Deconvoluting Remaining Spots:   0%|          | 2/952 [00:03<26:39,  1.68s/it]Deconvoluting Remaining Spots:   0%|          | 3/952 [00:04<19:40,  1.24s/it]Deconvoluting Remaining Spots:   0%|          | 4/952 [00:04<13:25,  1.18it/s]Deconvoluting Remaining Spots:   1%|          | 5/952 [00:05<10:33,  1.50it/s]Deconvoluting Remaining Spots:   1%|          | 6/952 [00:05<08:59,  1.75it/s]Deconvoluting Remaining Spots:   1%|          | 7/952 [00:05<07:38,  2.06it/s]Deconvoluting Remaining Spots:   1%|          | 8/952 [00:06<07:02,  2.24it/s]Deconvoluting Remaining Spots:   1%|          | 9/952 [00:06<06:44,  2.33it/s]Deconvoluting Remaining Spots:   1%|          | 10/952 [00:07<07:40,  2.05it/s]Deconvoluting Remaining Spots:   1%|          | 11/952 [00:07<05:49,  2.69it/s]Deconvoluting Remaining Spots:   1%|▏         | 12/952 [00:07<05:32,  2.83it/s]Deconvoluting Remaining Spots:   1%|▏         | 13/952 [00:08<05:57,  2.63it/s]Deconvoluting Remaining Spots:   1%|▏         | 14/952 [00:08<06:14,  2.50it/s]Deconvoluting Remaining Spots:   2%|▏         | 15/952 [00:08<05:13,  2.99it/s]Deconvoluting Remaining Spots:   2%|▏         | 16/952 [00:09<06:31,  2.39it/s]Deconvoluting Remaining Spots:   2%|▏         | 17/952 [00:09<05:27,  2.85it/s]Deconvoluting Remaining Spots:   2%|▏         | 18/952 [00:09<05:15,  2.96it/s]Deconvoluting Remaining Spots:   2%|▏         | 19/952 [00:10<05:28,  2.84it/s]Deconvoluting Remaining Spots:   2%|▏         | 20/952 [00:10<05:20,  2.90it/s]Deconvoluting Remaining Spots:   2%|▏         | 21/952 [00:11<05:25,  2.86it/s]Deconvoluting Remaining Spots:   2%|▏         | 22/952 [00:11<05:53,  2.63it/s]Deconvoluting Remaining Spots:   2%|▏         | 23/952 [00:11<05:46,  2.68it/s]Deconvoluting Remaining Spots:   3%|▎         | 24/952 [00:12<06:21,  2.43it/s]Deconvoluting Remaining Spots:   3%|▎         | 25/952 [00:12<06:22,  2.42it/s]Deconvoluting Remaining Spots:   3%|▎         | 26/952 [00:12<05:31,  2.80it/s]Deconvoluting Remaining Spots:   3%|▎         | 27/952 [00:13<05:26,  2.83it/s]Deconvoluting Remaining Spots:   3%|▎         | 28/952 [00:13<05:31,  2.79it/s]Deconvoluting Remaining Spots:   3%|▎         | 29/952 [00:14<05:31,  2.79it/s]Deconvoluting Remaining Spots:   3%|▎         | 30/952 [00:14<05:28,  2.81it/s]Deconvoluting Remaining Spots:   3%|▎         | 31/952 [00:14<04:42,  3.26it/s]Deconvoluting Remaining Spots:   3%|▎         | 32/952 [00:14<05:03,  3.04it/s]Deconvoluting Remaining Spots:   3%|▎         | 33/952 [00:15<06:14,  2.46it/s]Deconvoluting Remaining Spots:   4%|▎         | 34/952 [00:16<06:31,  2.34it/s]Deconvoluting Remaining Spots:   4%|▎         | 35/952 [00:16<06:14,  2.45it/s]Deconvoluting Remaining Spots:   4%|▍         | 36/952 [00:16<05:51,  2.61it/s]Deconvoluting Remaining Spots:   4%|▍         | 37/952 [00:17<07:34,  2.01it/s]Deconvoluting Remaining Spots:   4%|▍         | 39/952 [00:17<05:18,  2.87it/s]Deconvoluting Remaining Spots:   4%|▍         | 40/952 [00:18<05:27,  2.79it/s]Deconvoluting Remaining Spots:   4%|▍         | 41/952 [00:18<05:11,  2.93it/s]Deconvoluting Remaining Spots:   4%|▍         | 42/952 [00:18<05:11,  2.92it/s]Deconvoluting Remaining Spots:   5%|▍         | 43/952 [00:19<07:36,  1.99it/s]Deconvoluting Remaining Spots:   5%|▍         | 44/952 [00:19<06:09,  2.46it/s]Deconvoluting Remaining Spots:   5%|▍         | 46/952 [00:20<04:53,  3.09it/s]Deconvoluting Remaining Spots:   5%|▍         | 47/952 [00:20<05:35,  2.70it/s]Deconvoluting Remaining Spots:   5%|▌         | 48/952 [00:21<05:13,  2.88it/s]Deconvoluting Remaining Spots:   5%|▌         | 49/952 [00:21<06:22,  2.36it/s]Deconvoluting Remaining Spots:   5%|▌         | 50/952 [00:22<06:51,  2.19it/s]Deconvoluting Remaining Spots:   5%|▌         | 51/952 [00:22<05:56,  2.53it/s]Deconvoluting Remaining Spots:   5%|▌         | 52/952 [00:23<06:53,  2.18it/s]Deconvoluting Remaining Spots:   6%|▌         | 53/952 [00:23<08:06,  1.85it/s]Deconvoluting Remaining Spots:   6%|▌         | 55/952 [00:24<07:02,  2.12it/s]Deconvoluting Remaining Spots:   6%|▌         | 57/952 [00:25<05:56,  2.51it/s]Deconvoluting Remaining Spots:   6%|▌         | 58/952 [00:25<05:13,  2.85it/s]Deconvoluting Remaining Spots:   6%|▌         | 59/952 [00:26<06:41,  2.22it/s]Deconvoluting Remaining Spots:   6%|▋         | 61/952 [00:26<04:55,  3.01it/s]Deconvoluting Remaining Spots:   7%|▋         | 62/952 [00:26<05:10,  2.87it/s]Deconvoluting Remaining Spots:   7%|▋         | 63/952 [00:27<05:03,  2.93it/s]Deconvoluting Remaining Spots:   7%|▋         | 64/952 [00:27<05:56,  2.49it/s]Deconvoluting Remaining Spots:   7%|▋         | 66/952 [00:28<04:49,  3.06it/s]Deconvoluting Remaining Spots:   7%|▋         | 67/952 [00:28<04:58,  2.96it/s]Deconvoluting Remaining Spots:   7%|▋         | 68/952 [00:29<05:49,  2.53it/s]Deconvoluting Remaining Spots:   7%|▋         | 70/952 [00:29<04:25,  3.33it/s]Deconvoluting Remaining Spots:   7%|▋         | 71/952 [00:29<04:26,  3.30it/s]Deconvoluting Remaining Spots:   8%|▊         | 72/952 [00:30<04:36,  3.19it/s]Deconvoluting Remaining Spots:   8%|▊         | 73/952 [00:30<05:01,  2.92it/s]Deconvoluting Remaining Spots:   8%|▊         | 74/952 [00:31<06:33,  2.23it/s]Deconvoluting Remaining Spots:   8%|▊         | 75/952 [00:31<05:14,  2.79it/s]Deconvoluting Remaining Spots:   8%|▊         | 76/952 [00:31<04:34,  3.19it/s]Deconvoluting Remaining Spots:   8%|▊         | 77/952 [00:31<04:21,  3.35it/s]Deconvoluting Remaining Spots:   8%|▊         | 78/952 [00:32<05:02,  2.89it/s]Deconvoluting Remaining Spots:   8%|▊         | 79/952 [00:32<04:27,  3.26it/s]Deconvoluting Remaining Spots:   8%|▊         | 80/952 [00:32<04:28,  3.25it/s]Deconvoluting Remaining Spots:   9%|▊         | 81/952 [00:33<03:43,  3.90it/s]Deconvoluting Remaining Spots:   9%|▊         | 82/952 [00:33<04:49,  3.00it/s]Deconvoluting Remaining Spots:   9%|▊         | 83/952 [00:33<04:34,  3.17it/s]Deconvoluting Remaining Spots:   9%|▉         | 84/952 [00:34<04:32,  3.18it/s]Deconvoluting Remaining Spots:   9%|▉         | 85/952 [00:34<04:18,  3.36it/s]Deconvoluting Remaining Spots:   9%|▉         | 86/952 [00:34<04:11,  3.44it/s]Deconvoluting Remaining Spots:   9%|▉         | 87/952 [00:35<04:16,  3.37it/s]Deconvoluting Remaining Spots:   9%|▉         | 88/952 [00:35<04:16,  3.37it/s]Deconvoluting Remaining Spots:   9%|▉         | 89/952 [00:35<04:50,  2.97it/s]Deconvoluting Remaining Spots:   9%|▉         | 90/952 [00:36<04:23,  3.27it/s]Deconvoluting Remaining Spots:  10%|▉         | 91/952 [00:36<04:08,  3.47it/s]Deconvoluting Remaining Spots:  10%|▉         | 92/952 [00:36<04:13,  3.39it/s]Deconvoluting Remaining Spots:  10%|▉         | 93/952 [00:36<04:17,  3.34it/s]Deconvoluting Remaining Spots:  10%|▉         | 94/952 [00:37<04:14,  3.37it/s]Deconvoluting Remaining Spots:  10%|▉         | 95/952 [00:37<04:29,  3.18it/s]Deconvoluting Remaining Spots:  10%|█         | 96/952 [00:37<04:16,  3.33it/s]Deconvoluting Remaining Spots:  10%|█         | 97/952 [00:38<04:46,  2.98it/s]Deconvoluting Remaining Spots:  10%|█         | 98/952 [00:38<04:27,  3.20it/s]Deconvoluting Remaining Spots:  10%|█         | 99/952 [00:38<05:01,  2.83it/s]2026-02-17 21:39:48,227 - root - INFO - Saved checkpoint after 100 completed spots
Deconvoluting Remaining Spots:  11%|█         | 101/952 [00:40<06:40,  2.13it/s]Deconvoluting Remaining Spots:  11%|█         | 104/952 [00:40<03:43,  3.80it/s]Deconvoluting Remaining Spots:  11%|█         | 105/952 [00:40<03:44,  3.77it/s]Deconvoluting Remaining Spots:  11%|█         | 106/952 [00:41<04:29,  3.14it/s]Deconvoluting Remaining Spots:  11%|█▏        | 108/952 [00:41<04:17,  3.28it/s]Deconvoluting Remaining Spots:  11%|█▏        | 109/952 [00:41<04:09,  3.38it/s]Deconvoluting Remaining Spots:  12%|█▏        | 110/952 [00:42<05:14,  2.68it/s]Deconvoluting Remaining Spots:  12%|█▏        | 112/952 [00:43<04:33,  3.08it/s]Deconvoluting Remaining Spots:  12%|█▏        | 113/952 [00:43<04:23,  3.19it/s]Deconvoluting Remaining Spots:  12%|█▏        | 114/952 [00:43<04:56,  2.83it/s]Deconvoluting Remaining Spots:  12%|█▏        | 115/952 [00:43<04:18,  3.24it/s]Deconvoluting Remaining Spots:  12%|█▏        | 116/952 [00:44<04:20,  3.21it/s]Deconvoluting Remaining Spots:  12%|█▏        | 117/952 [00:44<04:28,  3.11it/s]Deconvoluting Remaining Spots:  12%|█▏        | 118/952 [00:45<05:22,  2.59it/s]Deconvoluting Remaining Spots:  12%|█▎        | 119/952 [00:45<05:28,  2.54it/s]Deconvoluting Remaining Spots:  13%|█▎        | 120/952 [00:45<04:40,  2.97it/s]Deconvoluting Remaining Spots:  13%|█▎        | 121/952 [00:46<04:37,  3.00it/s]Deconvoluting Remaining Spots:  13%|█▎        | 122/952 [00:46<03:57,  3.50it/s]Deconvoluting Remaining Spots:  13%|█▎        | 123/952 [00:46<04:19,  3.19it/s]Deconvoluting Remaining Spots:  13%|█▎        | 124/952 [00:47<04:39,  2.97it/s]Deconvoluting Remaining Spots:  13%|█▎        | 125/952 [00:47<04:37,  2.98it/s]Deconvoluting Remaining Spots:  13%|█▎        | 126/952 [00:47<04:30,  3.06it/s]Deconvoluting Remaining Spots:  13%|█▎        | 127/952 [00:48<04:23,  3.13it/s]Deconvoluting Remaining Spots:  13%|█▎        | 128/952 [00:48<04:56,  2.78it/s]Deconvoluting Remaining Spots:  14%|█▎        | 130/952 [00:48<03:42,  3.70it/s]Deconvoluting Remaining Spots:  14%|█▍        | 131/952 [00:49<03:44,  3.66it/s]Deconvoluting Remaining Spots:  14%|█▍        | 132/952 [00:49<04:09,  3.28it/s]Deconvoluting Remaining Spots:  14%|█▍        | 133/952 [00:49<03:46,  3.61it/s]Deconvoluting Remaining Spots:  14%|█▍        | 134/952 [00:49<03:55,  3.47it/s]Deconvoluting Remaining Spots:  14%|█▍        | 135/952 [00:50<04:09,  3.27it/s]Deconvoluting Remaining Spots:  14%|█▍        | 136/952 [00:50<04:31,  3.00it/s]Deconvoluting Remaining Spots:  14%|█▍        | 137/952 [00:51<04:37,  2.94it/s]Deconvoluting Remaining Spots:  14%|█▍        | 138/952 [00:51<05:19,  2.55it/s]Deconvoluting Remaining Spots:  15%|█▍        | 139/952 [00:51<04:47,  2.82it/s]Deconvoluting Remaining Spots:  15%|█▍        | 140/952 [00:52<03:54,  3.46it/s]Deconvoluting Remaining Spots:  15%|█▍        | 141/952 [00:52<04:22,  3.09it/s]Deconvoluting Remaining Spots:  15%|█▍        | 142/952 [00:52<05:24,  2.50it/s]Deconvoluting Remaining Spots:  15%|█▌        | 144/952 [00:53<04:11,  3.22it/s]Deconvoluting Remaining Spots:  15%|█▌        | 145/952 [00:53<03:37,  3.71it/s]Deconvoluting Remaining Spots:  15%|█▌        | 146/952 [00:53<03:40,  3.66it/s]Deconvoluting Remaining Spots:  15%|█▌        | 147/952 [00:54<03:37,  3.69it/s]Deconvoluting Remaining Spots:  16%|█▌        | 148/952 [00:54<03:57,  3.39it/s]Deconvoluting Remaining Spots:  16%|█▌        | 149/952 [00:54<04:30,  2.96it/s]Deconvoluting Remaining Spots:  16%|█▌        | 150/952 [00:55<04:28,  2.99it/s]Deconvoluting Remaining Spots:  16%|█▌        | 151/952 [00:55<04:14,  3.14it/s]Deconvoluting Remaining Spots:  16%|█▌        | 152/952 [00:55<04:44,  2.81it/s]Deconvoluting Remaining Spots:  16%|█▌        | 153/952 [00:56<03:59,  3.34it/s]Deconvoluting Remaining Spots:  16%|█▌        | 154/952 [00:56<04:00,  3.31it/s]Deconvoluting Remaining Spots:  16%|█▋        | 155/952 [00:56<04:06,  3.24it/s]Deconvoluting Remaining Spots:  16%|█▋        | 156/952 [00:57<04:05,  3.25it/s]Deconvoluting Remaining Spots:  16%|█▋        | 157/952 [00:57<03:24,  3.89it/s]Deconvoluting Remaining Spots:  17%|█▋        | 158/952 [00:57<03:34,  3.70it/s]Deconvoluting Remaining Spots:  17%|█▋        | 159/952 [00:58<04:37,  2.85it/s]Deconvoluting Remaining Spots:  17%|█▋        | 160/952 [00:58<03:45,  3.51it/s]Deconvoluting Remaining Spots:  17%|█▋        | 161/952 [00:58<04:09,  3.17it/s]Deconvoluting Remaining Spots:  17%|█▋        | 162/952 [00:58<04:05,  3.22it/s]Deconvoluting Remaining Spots:  17%|█▋        | 163/952 [00:59<04:13,  3.12it/s]Deconvoluting Remaining Spots:  17%|█▋        | 164/952 [00:59<04:00,  3.27it/s]Deconvoluting Remaining Spots:  17%|█▋        | 165/952 [00:59<04:02,  3.24it/s]Deconvoluting Remaining Spots:  17%|█▋        | 166/952 [01:00<03:49,  3.42it/s]Deconvoluting Remaining Spots:  18%|█▊        | 167/952 [01:00<04:48,  2.72it/s]Deconvoluting Remaining Spots:  18%|█▊        | 168/952 [01:00<03:50,  3.41it/s]Deconvoluting Remaining Spots:  18%|█▊        | 169/952 [01:01<04:23,  2.97it/s]Deconvoluting Remaining Spots:  18%|█▊        | 170/952 [01:01<03:30,  3.72it/s]Deconvoluting Remaining Spots:  18%|█▊        | 171/952 [01:01<03:34,  3.64it/s]Deconvoluting Remaining Spots:  18%|█▊        | 172/952 [01:01<03:53,  3.34it/s]Deconvoluting Remaining Spots:  18%|█▊        | 173/952 [01:02<04:09,  3.12it/s]Deconvoluting Remaining Spots:  18%|█▊        | 174/952 [01:02<04:57,  2.61it/s]Deconvoluting Remaining Spots:  18%|█▊        | 175/952 [01:03<04:21,  2.97it/s]Deconvoluting Remaining Spots:  19%|█▊        | 177/952 [01:03<03:23,  3.80it/s]Deconvoluting Remaining Spots:  19%|█▊        | 178/952 [01:03<03:10,  4.07it/s]Deconvoluting Remaining Spots:  19%|█▉        | 179/952 [01:04<04:02,  3.19it/s]Deconvoluting Remaining Spots:  19%|█▉        | 180/952 [01:04<03:20,  3.86it/s]Deconvoluting Remaining Spots:  19%|█▉        | 181/952 [01:04<03:58,  3.24it/s]Deconvoluting Remaining Spots:  19%|█▉        | 182/952 [01:04<03:14,  3.96it/s]Deconvoluting Remaining Spots:  19%|█▉        | 183/952 [01:05<03:26,  3.72it/s]Deconvoluting Remaining Spots:  19%|█▉        | 184/952 [01:05<04:44,  2.70it/s]Deconvoluting Remaining Spots:  19%|█▉        | 185/952 [01:06<04:40,  2.73it/s]Deconvoluting Remaining Spots:  20%|█▉        | 186/952 [01:06<04:07,  3.10it/s]Deconvoluting Remaining Spots:  20%|█▉        | 187/952 [01:06<03:48,  3.35it/s]Deconvoluting Remaining Spots:  20%|█▉        | 188/952 [01:06<03:54,  3.26it/s]Deconvoluting Remaining Spots:  20%|█▉        | 189/952 [01:06<03:20,  3.80it/s]Deconvoluting Remaining Spots:  20%|█▉        | 190/952 [01:07<03:21,  3.78it/s]Deconvoluting Remaining Spots:  20%|██        | 191/952 [01:07<02:58,  4.27it/s]Deconvoluting Remaining Spots:  20%|██        | 192/952 [01:07<03:30,  3.61it/s]Deconvoluting Remaining Spots:  20%|██        | 193/952 [01:08<03:29,  3.63it/s]Deconvoluting Remaining Spots:  20%|██        | 194/952 [01:08<03:24,  3.72it/s]Deconvoluting Remaining Spots:  20%|██        | 195/952 [01:08<03:19,  3.80it/s]Deconvoluting Remaining Spots:  21%|██        | 196/952 [01:08<03:49,  3.29it/s]Deconvoluting Remaining Spots:  21%|██        | 197/952 [01:09<03:11,  3.94it/s]Deconvoluting Remaining Spots:  21%|██        | 198/952 [01:09<03:41,  3.40it/s]Deconvoluting Remaining Spots:  21%|██        | 199/952 [01:09<03:54,  3.22it/s]Deconvoluting Remaining Spots:  21%|██        | 200/952 [01:10<04:11,  2.99it/s]2026-02-17 21:40:19,905 - root - INFO - Saved checkpoint after 200 completed spots
Deconvoluting Remaining Spots:  21%|██        | 201/952 [01:11<08:55,  1.40it/s]Deconvoluting Remaining Spots:  22%|██▏       | 206/952 [01:11<03:05,  4.01it/s]Deconvoluting Remaining Spots:  22%|██▏       | 208/952 [01:12<03:24,  3.64it/s]Deconvoluting Remaining Spots:  22%|██▏       | 209/952 [01:12<03:32,  3.50it/s]Deconvoluting Remaining Spots:  22%|██▏       | 211/952 [01:13<03:02,  4.06it/s]Deconvoluting Remaining Spots:  22%|██▏       | 212/952 [01:13<03:08,  3.92it/s]Deconvoluting Remaining Spots:  22%|██▏       | 213/952 [01:13<03:17,  3.75it/s]Deconvoluting Remaining Spots:  22%|██▏       | 214/952 [01:14<03:07,  3.93it/s]Deconvoluting Remaining Spots:  23%|██▎       | 215/952 [01:14<03:45,  3.26it/s]Deconvoluting Remaining Spots:  23%|██▎       | 216/952 [01:14<03:51,  3.18it/s]Deconvoluting Remaining Spots:  23%|██▎       | 217/952 [01:15<04:30,  2.72it/s]Deconvoluting Remaining Spots:  23%|██▎       | 218/952 [01:15<03:36,  3.40it/s]Deconvoluting Remaining Spots:  23%|██▎       | 219/952 [01:15<03:44,  3.27it/s]Deconvoluting Remaining Spots:  23%|██▎       | 220/952 [01:16<04:05,  2.98it/s]Deconvoluting Remaining Spots:  23%|██▎       | 221/952 [01:16<04:09,  2.93it/s]Deconvoluting Remaining Spots:  23%|██▎       | 222/952 [01:17<04:54,  2.48it/s]Deconvoluting Remaining Spots:  23%|██▎       | 223/952 [01:17<06:16,  1.94it/s]Deconvoluting Remaining Spots:  24%|██▎       | 224/952 [01:18<04:54,  2.47it/s]Deconvoluting Remaining Spots:  24%|██▎       | 225/952 [01:18<04:03,  2.99it/s]Deconvoluting Remaining Spots:  24%|██▎       | 226/952 [01:18<04:02,  3.00it/s]Deconvoluting Remaining Spots:  24%|██▍       | 227/952 [01:19<04:32,  2.66it/s]Deconvoluting Remaining Spots:  24%|██▍       | 229/952 [01:19<03:16,  3.68it/s]Deconvoluting Remaining Spots:  24%|██▍       | 230/952 [01:19<03:27,  3.48it/s]Deconvoluting Remaining Spots:  24%|██▍       | 231/952 [01:19<03:12,  3.75it/s]Deconvoluting Remaining Spots:  24%|██▍       | 232/952 [01:20<04:24,  2.72it/s]Deconvoluting Remaining Spots:  24%|██▍       | 233/952 [01:20<04:11,  2.86it/s]Deconvoluting Remaining Spots:  25%|██▍       | 235/952 [01:21<03:41,  3.23it/s]Deconvoluting Remaining Spots:  25%|██▍       | 236/952 [01:21<04:06,  2.91it/s]Deconvoluting Remaining Spots:  25%|██▍       | 237/952 [01:22<04:08,  2.88it/s]Deconvoluting Remaining Spots:  25%|██▌       | 238/952 [01:22<03:45,  3.17it/s]Deconvoluting Remaining Spots:  25%|██▌       | 239/952 [01:22<03:57,  3.01it/s]Deconvoluting Remaining Spots:  25%|██▌       | 240/952 [01:23<04:27,  2.66it/s]Deconvoluting Remaining Spots:  25%|██▌       | 242/952 [01:23<03:11,  3.71it/s]Deconvoluting Remaining Spots:  26%|██▌       | 243/952 [01:23<02:54,  4.06it/s]Deconvoluting Remaining Spots:  26%|██▌       | 244/952 [01:24<03:05,  3.82it/s]Deconvoluting Remaining Spots:  26%|██▌       | 245/952 [01:24<03:53,  3.02it/s]Deconvoluting Remaining Spots:  26%|██▌       | 246/952 [01:24<03:38,  3.23it/s]Deconvoluting Remaining Spots:  26%|██▌       | 247/952 [01:25<03:40,  3.20it/s]Deconvoluting Remaining Spots:  26%|██▌       | 248/952 [01:25<03:55,  2.98it/s]Deconvoluting Remaining Spots:  26%|██▌       | 249/952 [01:25<04:16,  2.74it/s]Deconvoluting Remaining Spots:  26%|██▋       | 250/952 [01:26<03:23,  3.45it/s]Deconvoluting Remaining Spots:  26%|██▋       | 251/952 [01:26<03:26,  3.40it/s]Deconvoluting Remaining Spots:  26%|██▋       | 252/952 [01:26<03:47,  3.08it/s]Deconvoluting Remaining Spots:  27%|██▋       | 253/952 [01:27<03:43,  3.13it/s]Deconvoluting Remaining Spots:  27%|██▋       | 254/952 [01:27<03:27,  3.37it/s]Deconvoluting Remaining Spots:  27%|██▋       | 255/952 [01:27<02:58,  3.91it/s]Deconvoluting Remaining Spots:  27%|██▋       | 256/952 [01:27<03:32,  3.27it/s]Deconvoluting Remaining Spots:  27%|██▋       | 257/952 [01:28<03:25,  3.39it/s]Deconvoluting Remaining Spots:  27%|██▋       | 258/952 [01:28<03:27,  3.35it/s]Deconvoluting Remaining Spots:  27%|██▋       | 259/952 [01:28<03:38,  3.18it/s]Deconvoluting Remaining Spots:  27%|██▋       | 260/952 [01:29<03:26,  3.35it/s]Deconvoluting Remaining Spots:  27%|██▋       | 261/952 [01:29<03:39,  3.14it/s]Deconvoluting Remaining Spots:  28%|██▊       | 262/952 [01:29<03:00,  3.82it/s]Deconvoluting Remaining Spots:  28%|██▊       | 263/952 [01:29<03:10,  3.63it/s]Deconvoluting Remaining Spots:  28%|██▊       | 264/952 [01:30<03:27,  3.31it/s]Deconvoluting Remaining Spots:  28%|██▊       | 265/952 [01:30<02:57,  3.88it/s]Deconvoluting Remaining Spots:  28%|██▊       | 266/952 [01:30<02:51,  4.01it/s]Deconvoluting Remaining Spots:  28%|██▊       | 267/952 [01:30<03:05,  3.70it/s]Deconvoluting Remaining Spots:  28%|██▊       | 268/952 [01:31<02:52,  3.97it/s]Deconvoluting Remaining Spots:  28%|██▊       | 269/952 [01:31<03:13,  3.53it/s]Deconvoluting Remaining Spots:  28%|██▊       | 270/952 [01:31<03:27,  3.29it/s]Deconvoluting Remaining Spots:  28%|██▊       | 271/952 [01:32<03:57,  2.87it/s]Deconvoluting Remaining Spots:  29%|██▊       | 272/952 [01:32<03:48,  2.97it/s]Deconvoluting Remaining Spots:  29%|██▊       | 273/952 [01:32<03:17,  3.43it/s]Deconvoluting Remaining Spots:  29%|██▉       | 274/952 [01:33<03:01,  3.73it/s]Deconvoluting Remaining Spots:  29%|██▉       | 275/952 [01:33<03:04,  3.66it/s]Deconvoluting Remaining Spots:  29%|██▉       | 276/952 [01:33<03:08,  3.58it/s]Deconvoluting Remaining Spots:  29%|██▉       | 277/952 [01:33<03:10,  3.54it/s]Deconvoluting Remaining Spots:  29%|██▉       | 278/952 [01:34<03:04,  3.66it/s]Deconvoluting Remaining Spots:  29%|██▉       | 279/952 [01:34<03:17,  3.40it/s]Deconvoluting Remaining Spots:  29%|██▉       | 280/952 [01:34<03:26,  3.25it/s]Deconvoluting Remaining Spots:  30%|██▉       | 281/952 [01:35<03:19,  3.36it/s]Deconvoluting Remaining Spots:  30%|██▉       | 282/952 [01:35<03:33,  3.13it/s]Deconvoluting Remaining Spots:  30%|██▉       | 283/952 [01:35<03:17,  3.39it/s]Deconvoluting Remaining Spots:  30%|██▉       | 284/952 [01:36<03:17,  3.38it/s]Deconvoluting Remaining Spots:  30%|██▉       | 285/952 [01:36<03:39,  3.04it/s]Deconvoluting Remaining Spots:  30%|███       | 286/952 [01:36<03:29,  3.18it/s]Deconvoluting Remaining Spots:  30%|███       | 287/952 [01:36<03:18,  3.36it/s]Deconvoluting Remaining Spots:  30%|███       | 288/952 [01:37<03:39,  3.02it/s]Deconvoluting Remaining Spots:  30%|███       | 289/952 [01:37<03:22,  3.28it/s]Deconvoluting Remaining Spots:  30%|███       | 290/952 [01:37<03:06,  3.55it/s]Deconvoluting Remaining Spots:  31%|███       | 291/952 [01:38<03:16,  3.37it/s]Deconvoluting Remaining Spots:  31%|███       | 292/952 [01:38<04:10,  2.64it/s]Deconvoluting Remaining Spots:  31%|███       | 294/952 [01:39<03:03,  3.59it/s]Deconvoluting Remaining Spots:  31%|███       | 295/952 [01:39<03:05,  3.54it/s]Deconvoluting Remaining Spots:  31%|███       | 296/952 [01:39<03:12,  3.40it/s]Deconvoluting Remaining Spots:  31%|███       | 297/952 [01:40<03:28,  3.14it/s]Deconvoluting Remaining Spots:  31%|███▏      | 298/952 [01:40<03:19,  3.28it/s]Deconvoluting Remaining Spots:  31%|███▏      | 299/952 [01:40<03:10,  3.43it/s]Deconvoluting Remaining Spots:  32%|███▏      | 300/952 [01:40<03:06,  3.49it/s]2026-02-17 21:40:51,232 - root - INFO - Saved checkpoint after 300 completed spots
Deconvoluting Remaining Spots:  32%|███▏      | 301/952 [01:43<09:15,  1.17it/s]Deconvoluting Remaining Spots:  32%|███▏      | 308/952 [01:43<02:37,  4.09it/s]Deconvoluting Remaining Spots:  33%|███▎      | 310/952 [01:43<02:44,  3.90it/s]Deconvoluting Remaining Spots:  33%|███▎      | 311/952 [01:44<02:58,  3.59it/s]Deconvoluting Remaining Spots:  33%|███▎      | 312/952 [01:44<02:47,  3.83it/s]Deconvoluting Remaining Spots:  33%|███▎      | 313/952 [01:44<03:00,  3.53it/s]Deconvoluting Remaining Spots:  33%|███▎      | 314/952 [01:45<02:45,  3.86it/s]Deconvoluting Remaining Spots:  33%|███▎      | 315/952 [01:45<02:52,  3.68it/s]Deconvoluting Remaining Spots:  33%|███▎      | 316/952 [01:45<03:04,  3.45it/s]Deconvoluting Remaining Spots:  33%|███▎      | 317/952 [01:46<02:59,  3.54it/s]Deconvoluting Remaining Spots:  33%|███▎      | 318/952 [01:46<03:08,  3.36it/s]Deconvoluting Remaining Spots:  34%|███▎      | 319/952 [01:46<03:09,  3.34it/s]Deconvoluting Remaining Spots:  34%|███▎      | 320/952 [01:47<03:30,  3.00it/s]Deconvoluting Remaining Spots:  34%|███▎      | 321/952 [01:47<03:13,  3.25it/s]Deconvoluting Remaining Spots:  34%|███▍      | 322/952 [01:47<03:02,  3.45it/s]Deconvoluting Remaining Spots:  34%|███▍      | 323/952 [01:48<03:27,  3.04it/s]Deconvoluting Remaining Spots:  34%|███▍      | 324/952 [01:48<03:23,  3.09it/s]Deconvoluting Remaining Spots:  34%|███▍      | 325/952 [01:48<03:32,  2.95it/s]Deconvoluting Remaining Spots:  34%|███▍      | 326/952 [01:48<03:08,  3.32it/s]Deconvoluting Remaining Spots:  34%|███▍      | 327/952 [01:49<02:44,  3.80it/s]Deconvoluting Remaining Spots:  34%|███▍      | 328/952 [01:49<03:04,  3.38it/s]Deconvoluting Remaining Spots:  35%|███▍      | 329/952 [01:49<03:10,  3.27it/s]Deconvoluting Remaining Spots:  35%|███▍      | 330/952 [01:49<02:48,  3.69it/s]Deconvoluting Remaining Spots:  35%|███▍      | 331/952 [01:50<03:11,  3.24it/s]Deconvoluting Remaining Spots:  35%|███▍      | 332/952 [01:50<03:16,  3.15it/s]Deconvoluting Remaining Spots:  35%|███▍      | 333/952 [01:51<03:31,  2.93it/s]Deconvoluting Remaining Spots:  35%|███▌      | 334/952 [01:51<04:01,  2.56it/s]Deconvoluting Remaining Spots:  35%|███▌      | 335/952 [01:51<03:46,  2.72it/s]Deconvoluting Remaining Spots:  35%|███▌      | 337/952 [01:52<02:43,  3.76it/s]Deconvoluting Remaining Spots:  36%|███▌      | 338/952 [01:52<02:55,  3.50it/s]Deconvoluting Remaining Spots:  36%|███▌      | 339/952 [01:52<02:48,  3.65it/s]Deconvoluting Remaining Spots:  36%|███▌      | 340/952 [01:53<02:58,  3.43it/s]Deconvoluting Remaining Spots:  36%|███▌      | 341/952 [01:53<02:58,  3.42it/s]Deconvoluting Remaining Spots:  36%|███▌      | 342/952 [01:53<02:51,  3.56it/s]Deconvoluting Remaining Spots:  36%|███▌      | 343/952 [01:54<03:16,  3.10it/s]Deconvoluting Remaining Spots:  36%|███▌      | 344/952 [01:54<02:57,  3.42it/s]Deconvoluting Remaining Spots:  36%|███▌      | 345/952 [01:54<03:50,  2.63it/s]Deconvoluting Remaining Spots:  36%|███▋      | 347/952 [01:55<02:53,  3.50it/s]Deconvoluting Remaining Spots:  37%|███▋      | 348/952 [01:55<03:05,  3.26it/s]Deconvoluting Remaining Spots:  37%|███▋      | 349/952 [01:55<02:57,  3.39it/s]Deconvoluting Remaining Spots:  37%|███▋      | 350/952 [01:56<02:51,  3.51it/s]Deconvoluting Remaining Spots:  37%|███▋      | 351/952 [01:56<02:55,  3.43it/s]Deconvoluting Remaining Spots:  37%|███▋      | 352/952 [01:56<02:47,  3.57it/s]Deconvoluting Remaining Spots:  37%|███▋      | 353/952 [01:57<03:09,  3.17it/s]Deconvoluting Remaining Spots:  37%|███▋      | 354/952 [01:57<02:59,  3.32it/s]Deconvoluting Remaining Spots:  37%|███▋      | 355/952 [01:57<03:03,  3.25it/s]Deconvoluting Remaining Spots:  37%|███▋      | 356/952 [01:58<03:05,  3.20it/s]Deconvoluting Remaining Spots:  38%|███▊      | 357/952 [01:58<02:53,  3.42it/s]Deconvoluting Remaining Spots:  38%|███▊      | 358/952 [01:58<03:21,  2.95it/s]Deconvoluting Remaining Spots:  38%|███▊      | 359/952 [01:59<03:16,  3.02it/s]Deconvoluting Remaining Spots:  38%|███▊      | 360/952 [01:59<02:54,  3.39it/s]Deconvoluting Remaining Spots:  38%|███▊      | 361/952 [01:59<03:05,  3.18it/s]Deconvoluting Remaining Spots:  38%|███▊      | 362/952 [01:59<02:29,  3.96it/s]Deconvoluting Remaining Spots:  38%|███▊      | 363/952 [02:00<02:34,  3.82it/s]Deconvoluting Remaining Spots:  38%|███▊      | 364/952 [02:00<02:52,  3.42it/s]Deconvoluting Remaining Spots:  38%|███▊      | 365/952 [02:00<02:53,  3.37it/s]Deconvoluting Remaining Spots:  38%|███▊      | 366/952 [02:01<03:32,  2.76it/s]Deconvoluting Remaining Spots:  39%|███▊      | 368/952 [02:01<02:30,  3.87it/s]Deconvoluting Remaining Spots:  39%|███▉      | 369/952 [02:01<02:42,  3.59it/s]Deconvoluting Remaining Spots:  39%|███▉      | 370/952 [02:02<03:29,  2.78it/s]Deconvoluting Remaining Spots:  39%|███▉      | 371/952 [02:02<03:21,  2.89it/s]Deconvoluting Remaining Spots:  39%|███▉      | 372/952 [02:03<03:33,  2.72it/s]Deconvoluting Remaining Spots:  39%|███▉      | 373/952 [02:03<03:33,  2.72it/s]Deconvoluting Remaining Spots:  39%|███▉      | 374/952 [02:03<02:51,  3.37it/s]Deconvoluting Remaining Spots:  39%|███▉      | 375/952 [02:03<02:59,  3.22it/s]Deconvoluting Remaining Spots:  39%|███▉      | 376/952 [02:04<02:57,  3.25it/s]Deconvoluting Remaining Spots:  40%|███▉      | 377/952 [02:04<03:04,  3.12it/s]Deconvoluting Remaining Spots:  40%|███▉      | 378/952 [02:04<02:47,  3.43it/s]Deconvoluting Remaining Spots:  40%|███▉      | 379/952 [02:05<02:42,  3.53it/s]Deconvoluting Remaining Spots:  40%|███▉      | 380/952 [02:05<03:48,  2.50it/s]Deconvoluting Remaining Spots:  40%|████      | 381/952 [02:05<03:01,  3.14it/s]Deconvoluting Remaining Spots:  40%|████      | 382/952 [02:06<02:26,  3.89it/s]Deconvoluting Remaining Spots:  40%|████      | 383/952 [02:06<03:03,  3.09it/s]Deconvoluting Remaining Spots:  40%|████      | 384/952 [02:06<03:02,  3.11it/s]Deconvoluting Remaining Spots:  40%|████      | 385/952 [02:07<02:56,  3.22it/s]Deconvoluting Remaining Spots:  41%|████      | 386/952 [02:07<03:14,  2.91it/s]Deconvoluting Remaining Spots:  41%|████      | 387/952 [02:07<03:19,  2.83it/s]Deconvoluting Remaining Spots:  41%|████      | 388/952 [02:08<03:09,  2.98it/s]Deconvoluting Remaining Spots:  41%|████      | 389/952 [02:08<02:54,  3.23it/s]Deconvoluting Remaining Spots:  41%|████      | 390/952 [02:08<02:43,  3.44it/s]Deconvoluting Remaining Spots:  41%|████      | 391/952 [02:08<02:47,  3.35it/s]Deconvoluting Remaining Spots:  41%|████      | 392/952 [02:09<02:37,  3.54it/s]Deconvoluting Remaining Spots:  41%|████▏     | 393/952 [02:09<02:52,  3.25it/s]Deconvoluting Remaining Spots:  41%|████▏     | 394/952 [02:09<02:50,  3.27it/s]Deconvoluting Remaining Spots:  41%|████▏     | 395/952 [02:10<02:43,  3.40it/s]Deconvoluting Remaining Spots:  42%|████▏     | 396/952 [02:10<02:49,  3.28it/s]Deconvoluting Remaining Spots:  42%|████▏     | 397/952 [02:10<02:54,  3.18it/s]Deconvoluting Remaining Spots:  42%|████▏     | 398/952 [02:11<03:01,  3.05it/s]Deconvoluting Remaining Spots:  42%|████▏     | 399/952 [02:11<03:00,  3.06it/s]Deconvoluting Remaining Spots:  42%|████▏     | 400/952 [02:11<02:59,  3.07it/s]2026-02-17 21:41:23,209 - root - INFO - Saved checkpoint after 400 completed spots
Deconvoluting Remaining Spots:  42%|████▏     | 401/952 [02:15<11:04,  1.21s/it]Deconvoluting Remaining Spots:  43%|████▎     | 412/952 [02:15<02:10,  4.14it/s]Deconvoluting Remaining Spots:  43%|████▎     | 413/952 [02:15<02:11,  4.11it/s]Deconvoluting Remaining Spots:  43%|████▎     | 414/952 [02:16<02:15,  3.96it/s]Deconvoluting Remaining Spots:  44%|████▎     | 415/952 [02:16<02:17,  3.91it/s]Deconvoluting Remaining Spots:  44%|████▎     | 416/952 [02:17<03:03,  2.93it/s]Deconvoluting Remaining Spots:  44%|████▍     | 417/952 [02:17<02:47,  3.19it/s]Deconvoluting Remaining Spots:  44%|████▍     | 419/952 [02:17<02:11,  4.05it/s]Deconvoluting Remaining Spots:  44%|████▍     | 420/952 [02:18<03:05,  2.87it/s]Deconvoluting Remaining Spots:  44%|████▍     | 421/952 [02:18<02:40,  3.31it/s]Deconvoluting Remaining Spots:  44%|████▍     | 422/952 [02:18<02:29,  3.54it/s]Deconvoluting Remaining Spots:  44%|████▍     | 423/952 [02:18<02:23,  3.68it/s]Deconvoluting Remaining Spots:  45%|████▍     | 425/952 [02:19<02:12,  3.97it/s]Deconvoluting Remaining Spots:  45%|████▍     | 426/952 [02:19<02:00,  4.35it/s]Deconvoluting Remaining Spots:  45%|████▍     | 427/952 [02:19<02:08,  4.09it/s]Deconvoluting Remaining Spots:  45%|████▍     | 428/952 [02:20<01:59,  4.40it/s]Deconvoluting Remaining Spots:  45%|████▌     | 429/952 [02:20<02:24,  3.61it/s]Deconvoluting Remaining Spots:  45%|████▌     | 430/952 [02:20<02:13,  3.92it/s]Deconvoluting Remaining Spots:  45%|████▌     | 431/952 [02:20<02:27,  3.52it/s]Deconvoluting Remaining Spots:  45%|████▌     | 432/952 [02:21<02:34,  3.37it/s]Deconvoluting Remaining Spots:  45%|████▌     | 433/952 [02:21<02:43,  3.17it/s]Deconvoluting Remaining Spots:  46%|████▌     | 434/952 [02:21<02:43,  3.17it/s]Deconvoluting Remaining Spots:  46%|████▌     | 435/952 [02:22<02:49,  3.06it/s]Deconvoluting Remaining Spots:  46%|████▌     | 436/952 [02:22<02:51,  3.02it/s]Deconvoluting Remaining Spots:  46%|████▌     | 437/952 [02:23<02:51,  3.01it/s]Deconvoluting Remaining Spots:  46%|████▌     | 438/952 [02:23<02:22,  3.61it/s]Deconvoluting Remaining Spots:  46%|████▌     | 439/952 [02:23<02:34,  3.31it/s]Deconvoluting Remaining Spots:  46%|████▌     | 440/952 [02:23<02:26,  3.51it/s]Deconvoluting Remaining Spots:  46%|████▋     | 441/952 [02:24<02:35,  3.28it/s]Deconvoluting Remaining Spots:  46%|████▋     | 442/952 [02:24<02:18,  3.69it/s]Deconvoluting Remaining Spots:  47%|████▋     | 443/952 [02:24<02:15,  3.76it/s]Deconvoluting Remaining Spots:  47%|████▋     | 444/952 [02:24<02:31,  3.36it/s]Deconvoluting Remaining Spots:  47%|████▋     | 445/952 [02:25<02:50,  2.97it/s]Deconvoluting Remaining Spots:  47%|████▋     | 446/952 [02:25<03:11,  2.64it/s]Deconvoluting Remaining Spots:  47%|████▋     | 447/952 [02:26<02:43,  3.09it/s]Deconvoluting Remaining Spots:  47%|████▋     | 448/952 [02:26<03:12,  2.62it/s]Deconvoluting Remaining Spots:  47%|████▋     | 449/952 [02:27<03:55,  2.14it/s]Deconvoluting Remaining Spots:  47%|████▋     | 450/952 [02:27<03:02,  2.75it/s]Deconvoluting Remaining Spots:  47%|████▋     | 451/952 [02:27<02:39,  3.14it/s]Deconvoluting Remaining Spots:  47%|████▋     | 452/952 [02:28<03:25,  2.43it/s]Deconvoluting Remaining Spots:  48%|████▊     | 454/952 [02:28<02:13,  3.74it/s]Deconvoluting Remaining Spots:  48%|████▊     | 455/952 [02:28<02:28,  3.35it/s]Deconvoluting Remaining Spots:  48%|████▊     | 456/952 [02:29<02:33,  3.23it/s]Deconvoluting Remaining Spots:  48%|████▊     | 457/952 [02:29<02:12,  3.72it/s]Deconvoluting Remaining Spots:  48%|████▊     | 458/952 [02:29<02:37,  3.13it/s]Deconvoluting Remaining Spots:  48%|████▊     | 459/952 [02:29<02:23,  3.44it/s]Deconvoluting Remaining Spots:  48%|████▊     | 460/952 [02:30<02:22,  3.45it/s]Deconvoluting Remaining Spots:  48%|████▊     | 461/952 [02:30<02:25,  3.37it/s]Deconvoluting Remaining Spots:  49%|████▊     | 462/952 [02:30<02:30,  3.25it/s]Deconvoluting Remaining Spots:  49%|████▊     | 463/952 [02:31<02:55,  2.79it/s]Deconvoluting Remaining Spots:  49%|████▊     | 464/952 [02:31<02:47,  2.92it/s]Deconvoluting Remaining Spots:  49%|████▉     | 465/952 [02:31<02:28,  3.28it/s]Deconvoluting Remaining Spots:  49%|████▉     | 466/952 [02:32<02:46,  2.92it/s]Deconvoluting Remaining Spots:  49%|████▉     | 467/952 [02:32<02:43,  2.97it/s]Deconvoluting Remaining Spots:  49%|████▉     | 468/952 [02:33<02:49,  2.85it/s]Deconvoluting Remaining Spots:  49%|████▉     | 469/952 [02:33<02:19,  3.46it/s]Deconvoluting Remaining Spots:  49%|████▉     | 470/952 [02:33<02:26,  3.28it/s]Deconvoluting Remaining Spots:  49%|████▉     | 471/952 [02:33<02:25,  3.30it/s]Deconvoluting Remaining Spots:  50%|████▉     | 472/952 [02:34<02:26,  3.28it/s]Deconvoluting Remaining Spots:  50%|████▉     | 473/952 [02:34<02:54,  2.74it/s]Deconvoluting Remaining Spots:  50%|████▉     | 475/952 [02:34<02:09,  3.67it/s]Deconvoluting Remaining Spots:  50%|█████     | 476/952 [02:35<02:12,  3.58it/s]Deconvoluting Remaining Spots:  50%|█████     | 477/952 [02:35<02:19,  3.42it/s]Deconvoluting Remaining Spots:  50%|█████     | 478/952 [02:35<02:17,  3.46it/s]Deconvoluting Remaining Spots:  50%|█████     | 479/952 [02:36<02:21,  3.34it/s]Deconvoluting Remaining Spots:  50%|█████     | 480/952 [02:36<02:53,  2.72it/s]Deconvoluting Remaining Spots:  51%|█████     | 481/952 [02:37<03:39,  2.15it/s]Deconvoluting Remaining Spots:  51%|█████     | 483/952 [02:37<03:01,  2.59it/s]Deconvoluting Remaining Spots:  51%|█████     | 484/952 [02:38<02:45,  2.82it/s]Deconvoluting Remaining Spots:  51%|█████     | 486/952 [02:38<02:15,  3.44it/s]Deconvoluting Remaining Spots:  51%|█████     | 487/952 [02:38<01:59,  3.90it/s]Deconvoluting Remaining Spots:  51%|█████▏    | 488/952 [02:39<02:21,  3.27it/s]Deconvoluting Remaining Spots:  51%|█████▏    | 489/952 [02:39<02:14,  3.43it/s]Deconvoluting Remaining Spots:  51%|█████▏    | 490/952 [02:39<02:25,  3.17it/s]Deconvoluting Remaining Spots:  52%|█████▏    | 491/952 [02:40<02:41,  2.86it/s]Deconvoluting Remaining Spots:  52%|█████▏    | 492/952 [02:40<03:10,  2.41it/s]Deconvoluting Remaining Spots:  52%|█████▏    | 493/952 [02:41<02:32,  3.00it/s]Deconvoluting Remaining Spots:  52%|█████▏    | 494/952 [02:41<02:32,  3.01it/s]Deconvoluting Remaining Spots:  52%|█████▏    | 495/952 [02:41<02:22,  3.21it/s]Deconvoluting Remaining Spots:  52%|█████▏    | 496/952 [02:41<02:26,  3.11it/s]Deconvoluting Remaining Spots:  52%|█████▏    | 497/952 [02:42<02:26,  3.11it/s]Deconvoluting Remaining Spots:  52%|█████▏    | 498/952 [02:42<02:13,  3.39it/s]Deconvoluting Remaining Spots:  52%|█████▏    | 499/952 [02:43<02:54,  2.59it/s]2026-02-17 21:41:55,513 - root - INFO - Saved checkpoint after 500 completed spots
Deconvoluting Remaining Spots:  53%|█████▎    | 501/952 [02:47<09:00,  1.20s/it]Deconvoluting Remaining Spots:  54%|█████▍    | 514/952 [02:47<01:43,  4.23it/s]Deconvoluting Remaining Spots:  54%|█████▍    | 517/952 [02:48<01:48,  4.02it/s]Deconvoluting Remaining Spots:  55%|█████▍    | 520/952 [02:49<01:53,  3.82it/s]Deconvoluting Remaining Spots:  55%|█████▍    | 522/952 [02:49<01:56,  3.68it/s]Deconvoluting Remaining Spots:  55%|█████▌    | 524/952 [02:51<02:18,  3.10it/s]Deconvoluting Remaining Spots:  55%|█████▌    | 526/952 [02:51<01:56,  3.67it/s]Deconvoluting Remaining Spots:  55%|█████▌    | 527/952 [02:51<02:03,  3.45it/s]Deconvoluting Remaining Spots:  55%|█████▌    | 528/952 [02:51<02:03,  3.43it/s]Deconvoluting Remaining Spots:  56%|█████▌    | 529/952 [02:52<01:49,  3.85it/s]Deconvoluting Remaining Spots:  56%|█████▌    | 530/952 [02:52<02:16,  3.10it/s]Deconvoluting Remaining Spots:  56%|█████▌    | 531/952 [02:52<02:08,  3.28it/s]Deconvoluting Remaining Spots:  56%|█████▌    | 532/952 [02:53<01:58,  3.56it/s]Deconvoluting Remaining Spots:  56%|█████▌    | 533/952 [02:53<02:02,  3.41it/s]Deconvoluting Remaining Spots:  56%|█████▌    | 534/952 [02:53<01:59,  3.49it/s]Deconvoluting Remaining Spots:  56%|█████▌    | 535/952 [02:53<01:47,  3.88it/s]Deconvoluting Remaining Spots:  56%|█████▋    | 536/952 [02:54<01:58,  3.51it/s]Deconvoluting Remaining Spots:  56%|█████▋    | 537/952 [02:54<02:16,  3.03it/s]Deconvoluting Remaining Spots:  57%|█████▋    | 538/952 [02:54<02:05,  3.29it/s]Deconvoluting Remaining Spots:  57%|█████▋    | 539/952 [02:55<02:02,  3.37it/s]Deconvoluting Remaining Spots:  57%|█████▋    | 540/952 [02:55<02:11,  3.13it/s]Deconvoluting Remaining Spots:  57%|█████▋    | 541/952 [02:55<02:19,  2.95it/s]Deconvoluting Remaining Spots:  57%|█████▋    | 542/952 [02:56<02:10,  3.14it/s]Deconvoluting Remaining Spots:  57%|█████▋    | 543/952 [02:56<02:21,  2.88it/s]Deconvoluting Remaining Spots:  57%|█████▋    | 544/952 [02:56<02:17,  2.97it/s]Deconvoluting Remaining Spots:  57%|█████▋    | 545/952 [02:57<02:19,  2.92it/s]Deconvoluting Remaining Spots:  57%|█████▋    | 547/952 [02:57<02:02,  3.30it/s]Deconvoluting Remaining Spots:  58%|█████▊    | 548/952 [02:57<01:49,  3.69it/s]Deconvoluting Remaining Spots:  58%|█████▊    | 549/952 [02:58<01:46,  3.80it/s]Deconvoluting Remaining Spots:  58%|█████▊    | 550/952 [02:58<02:02,  3.29it/s]Deconvoluting Remaining Spots:  58%|█████▊    | 551/952 [02:58<01:51,  3.60it/s]Deconvoluting Remaining Spots:  58%|█████▊    | 552/952 [02:59<01:44,  3.83it/s]Deconvoluting Remaining Spots:  58%|█████▊    | 553/952 [02:59<01:50,  3.62it/s]Deconvoluting Remaining Spots:  58%|█████▊    | 554/952 [02:59<01:46,  3.75it/s]Deconvoluting Remaining Spots:  58%|█████▊    | 555/952 [02:59<01:48,  3.65it/s]Deconvoluting Remaining Spots:  58%|█████▊    | 556/952 [03:00<02:00,  3.28it/s]Deconvoluting Remaining Spots:  59%|█████▊    | 557/952 [03:00<01:54,  3.46it/s]Deconvoluting Remaining Spots:  59%|█████▊    | 558/952 [03:00<01:58,  3.33it/s]Deconvoluting Remaining Spots:  59%|█████▊    | 559/952 [03:01<01:52,  3.51it/s]Deconvoluting Remaining Spots:  59%|█████▉    | 560/952 [03:01<02:02,  3.21it/s]Deconvoluting Remaining Spots:  59%|█████▉    | 561/952 [03:01<02:05,  3.12it/s]Deconvoluting Remaining Spots:  59%|█████▉    | 562/952 [03:02<02:10,  2.99it/s]Deconvoluting Remaining Spots:  59%|█████▉    | 563/952 [03:02<02:52,  2.26it/s]Deconvoluting Remaining Spots:  59%|█████▉    | 564/952 [03:03<02:41,  2.40it/s]Deconvoluting Remaining Spots:  59%|█████▉    | 565/952 [03:03<02:25,  2.66it/s]Deconvoluting Remaining Spots:  59%|█████▉    | 566/952 [03:03<02:10,  2.95it/s]Deconvoluting Remaining Spots:  60%|█████▉    | 567/952 [03:04<02:19,  2.76it/s]Deconvoluting Remaining Spots:  60%|█████▉    | 569/952 [03:04<01:43,  3.70it/s]Deconvoluting Remaining Spots:  60%|█████▉    | 570/952 [03:04<01:40,  3.79it/s]Deconvoluting Remaining Spots:  60%|█████▉    | 571/952 [03:05<01:47,  3.56it/s]Deconvoluting Remaining Spots:  60%|██████    | 572/952 [03:05<01:50,  3.43it/s]Deconvoluting Remaining Spots:  60%|██████    | 573/952 [03:05<01:37,  3.87it/s]Deconvoluting Remaining Spots:  60%|██████    | 574/952 [03:05<01:37,  3.87it/s]Deconvoluting Remaining Spots:  60%|██████    | 575/952 [03:06<01:43,  3.66it/s]Deconvoluting Remaining Spots:  61%|██████    | 576/952 [03:06<01:40,  3.74it/s]Deconvoluting Remaining Spots:  61%|██████    | 577/952 [03:06<01:50,  3.38it/s]Deconvoluting Remaining Spots:  61%|██████    | 578/952 [03:07<01:56,  3.20it/s]Deconvoluting Remaining Spots:  61%|██████    | 579/952 [03:07<02:22,  2.62it/s]Deconvoluting Remaining Spots:  61%|██████    | 580/952 [03:07<02:10,  2.85it/s]Deconvoluting Remaining Spots:  61%|██████    | 581/952 [03:08<01:46,  3.48it/s]Deconvoluting Remaining Spots:  61%|██████    | 582/952 [03:08<02:00,  3.06it/s]Deconvoluting Remaining Spots:  61%|██████    | 583/952 [03:08<01:54,  3.22it/s]Deconvoluting Remaining Spots:  61%|██████▏   | 584/952 [03:09<02:18,  2.65it/s]Deconvoluting Remaining Spots:  61%|██████▏   | 585/952 [03:09<01:59,  3.08it/s]Deconvoluting Remaining Spots:  62%|██████▏   | 586/952 [03:09<01:54,  3.20it/s]Deconvoluting Remaining Spots:  62%|██████▏   | 587/952 [03:10<01:47,  3.40it/s]Deconvoluting Remaining Spots:  62%|██████▏   | 588/952 [03:10<01:50,  3.29it/s]Deconvoluting Remaining Spots:  62%|██████▏   | 589/952 [03:10<02:04,  2.92it/s]Deconvoluting Remaining Spots:  62%|██████▏   | 590/952 [03:11<01:53,  3.19it/s]Deconvoluting Remaining Spots:  62%|██████▏   | 591/952 [03:11<01:52,  3.20it/s]Deconvoluting Remaining Spots:  62%|██████▏   | 592/952 [03:11<01:51,  3.24it/s]Deconvoluting Remaining Spots:  62%|██████▏   | 593/952 [03:11<01:44,  3.43it/s]Deconvoluting Remaining Spots:  62%|██████▏   | 594/952 [03:12<01:44,  3.44it/s]Deconvoluting Remaining Spots:  62%|██████▎   | 595/952 [03:12<01:41,  3.51it/s]Deconvoluting Remaining Spots:  63%|██████▎   | 596/952 [03:12<01:31,  3.88it/s]Deconvoluting Remaining Spots:  63%|██████▎   | 597/952 [03:12<01:33,  3.80it/s]Deconvoluting Remaining Spots:  63%|██████▎   | 598/952 [03:13<01:38,  3.59it/s]Deconvoluting Remaining Spots:  63%|██████▎   | 599/952 [03:13<01:54,  3.09it/s]Deconvoluting Remaining Spots:  63%|██████▎   | 600/952 [03:13<01:46,  3.32it/s]2026-02-17 21:42:27,088 - root - INFO - Saved checkpoint after 600 completed spots
Deconvoluting Remaining Spots:  63%|██████▎   | 601/952 [03:18<10:06,  1.73s/it]Deconvoluting Remaining Spots:  65%|██████▍   | 615/952 [03:19<01:26,  3.90it/s]Deconvoluting Remaining Spots:  65%|██████▍   | 618/952 [03:20<01:27,  3.80it/s]Deconvoluting Remaining Spots:  65%|██████▌   | 621/952 [03:20<01:28,  3.72it/s]Deconvoluting Remaining Spots:  65%|██████▌   | 623/952 [03:21<01:37,  3.37it/s]Deconvoluting Remaining Spots:  66%|██████▌   | 625/952 [03:22<01:37,  3.35it/s]Deconvoluting Remaining Spots:  66%|██████▌   | 626/952 [03:22<01:40,  3.25it/s]Deconvoluting Remaining Spots:  66%|██████▌   | 627/952 [03:23<01:41,  3.21it/s]Deconvoluting Remaining Spots:  66%|██████▌   | 628/952 [03:23<01:39,  3.27it/s]Deconvoluting Remaining Spots:  66%|██████▌   | 629/952 [03:23<01:30,  3.55it/s]Deconvoluting Remaining Spots:  66%|██████▌   | 630/952 [03:23<01:37,  3.29it/s]Deconvoluting Remaining Spots:  66%|██████▋   | 631/952 [03:24<01:29,  3.60it/s]Deconvoluting Remaining Spots:  66%|██████▋   | 632/952 [03:24<01:30,  3.52it/s]Deconvoluting Remaining Spots:  66%|██████▋   | 633/952 [03:24<01:32,  3.44it/s]Deconvoluting Remaining Spots:  67%|██████▋   | 634/952 [03:24<01:23,  3.79it/s]Deconvoluting Remaining Spots:  67%|██████▋   | 635/952 [03:25<01:24,  3.73it/s]Deconvoluting Remaining Spots:  67%|██████▋   | 636/952 [03:25<01:37,  3.24it/s]Deconvoluting Remaining Spots:  67%|██████▋   | 637/952 [03:25<01:34,  3.33it/s]Deconvoluting Remaining Spots:  67%|██████▋   | 638/952 [03:26<01:31,  3.44it/s]Deconvoluting Remaining Spots:  67%|██████▋   | 639/952 [03:26<01:30,  3.47it/s]Deconvoluting Remaining Spots:  67%|██████▋   | 640/952 [03:26<01:30,  3.44it/s]Deconvoluting Remaining Spots:  67%|██████▋   | 641/952 [03:26<01:30,  3.44it/s]Deconvoluting Remaining Spots:  67%|██████▋   | 642/952 [03:27<01:41,  3.06it/s]Deconvoluting Remaining Spots:  68%|██████▊   | 643/952 [03:27<01:48,  2.86it/s]Deconvoluting Remaining Spots:  68%|██████▊   | 644/952 [03:28<01:47,  2.87it/s]Deconvoluting Remaining Spots:  68%|██████▊   | 645/952 [03:28<01:35,  3.23it/s]Deconvoluting Remaining Spots:  68%|██████▊   | 646/952 [03:28<01:36,  3.16it/s]Deconvoluting Remaining Spots:  68%|██████▊   | 647/952 [03:28<01:28,  3.46it/s]Deconvoluting Remaining Spots:  68%|██████▊   | 648/952 [03:29<01:23,  3.63it/s]Deconvoluting Remaining Spots:  68%|██████▊   | 649/952 [03:29<01:26,  3.51it/s]Deconvoluting Remaining Spots:  68%|██████▊   | 650/952 [03:29<01:34,  3.18it/s]Deconvoluting Remaining Spots:  68%|██████▊   | 651/952 [03:30<01:25,  3.51it/s]Deconvoluting Remaining Spots:  68%|██████▊   | 652/952 [03:30<01:20,  3.71it/s]Deconvoluting Remaining Spots:  69%|██████▊   | 653/952 [03:30<01:40,  2.97it/s]Deconvoluting Remaining Spots:  69%|██████▊   | 654/952 [03:31<01:30,  3.28it/s]Deconvoluting Remaining Spots:  69%|██████▉   | 655/952 [03:31<01:41,  2.94it/s]Deconvoluting Remaining Spots:  69%|██████▉   | 656/952 [03:31<01:52,  2.63it/s]Deconvoluting Remaining Spots:  69%|██████▉   | 658/952 [03:32<01:21,  3.63it/s]Deconvoluting Remaining Spots:  69%|██████▉   | 659/952 [03:32<01:22,  3.54it/s]Deconvoluting Remaining Spots:  69%|██████▉   | 660/952 [03:32<01:24,  3.47it/s]Deconvoluting Remaining Spots:  69%|██████▉   | 661/952 [03:33<01:23,  3.48it/s]Deconvoluting Remaining Spots:  70%|██████▉   | 662/952 [03:33<01:21,  3.57it/s]Deconvoluting Remaining Spots:  70%|██████▉   | 663/952 [03:33<01:22,  3.49it/s]Deconvoluting Remaining Spots:  70%|██████▉   | 664/952 [03:34<01:25,  3.37it/s]Deconvoluting Remaining Spots:  70%|██████▉   | 665/952 [03:34<01:27,  3.29it/s]Deconvoluting Remaining Spots:  70%|██████▉   | 666/952 [03:34<01:26,  3.32it/s]Deconvoluting Remaining Spots:  70%|███████   | 667/952 [03:35<01:31,  3.10it/s]Deconvoluting Remaining Spots:  70%|███████   | 668/952 [03:35<01:24,  3.35it/s]Deconvoluting Remaining Spots:  70%|███████   | 669/952 [03:35<01:28,  3.21it/s]Deconvoluting Remaining Spots:  70%|███████   | 670/952 [03:35<01:32,  3.04it/s]Deconvoluting Remaining Spots:  70%|███████   | 671/952 [03:36<01:27,  3.22it/s]Deconvoluting Remaining Spots:  71%|███████   | 672/952 [03:36<01:30,  3.11it/s]Deconvoluting Remaining Spots:  71%|███████   | 673/952 [03:36<01:26,  3.24it/s]Deconvoluting Remaining Spots:  71%|███████   | 674/952 [03:37<01:12,  3.84it/s]Deconvoluting Remaining Spots:  71%|███████   | 675/952 [03:37<01:32,  3.00it/s]Deconvoluting Remaining Spots:  71%|███████   | 676/952 [03:37<01:25,  3.24it/s]Deconvoluting Remaining Spots:  71%|███████   | 677/952 [03:37<01:10,  3.88it/s]Deconvoluting Remaining Spots:  71%|███████   | 678/952 [03:38<01:52,  2.44it/s]Deconvoluting Remaining Spots:  71%|███████▏  | 679/952 [03:38<01:26,  3.15it/s]Deconvoluting Remaining Spots:  71%|███████▏  | 680/952 [03:39<01:25,  3.20it/s]Deconvoluting Remaining Spots:  72%|███████▏  | 681/952 [03:39<01:19,  3.39it/s]Deconvoluting Remaining Spots:  72%|███████▏  | 683/952 [03:39<01:01,  4.36it/s]Deconvoluting Remaining Spots:  72%|███████▏  | 684/952 [03:40<01:17,  3.47it/s]Deconvoluting Remaining Spots:  72%|███████▏  | 685/952 [03:40<01:06,  4.01it/s]Deconvoluting Remaining Spots:  72%|███████▏  | 686/952 [03:40<01:36,  2.74it/s]Deconvoluting Remaining Spots:  72%|███████▏  | 687/952 [03:41<01:28,  2.99it/s]Deconvoluting Remaining Spots:  72%|███████▏  | 688/952 [03:41<01:16,  3.43it/s]Deconvoluting Remaining Spots:  72%|███████▏  | 689/952 [03:41<01:04,  4.10it/s]Deconvoluting Remaining Spots:  72%|███████▏  | 690/952 [03:41<00:55,  4.68it/s]Deconvoluting Remaining Spots:  73%|███████▎  | 691/952 [03:42<01:15,  3.45it/s]Deconvoluting Remaining Spots:  73%|███████▎  | 692/952 [03:42<01:15,  3.45it/s]Deconvoluting Remaining Spots:  73%|███████▎  | 693/952 [03:42<01:19,  3.28it/s]Deconvoluting Remaining Spots:  73%|███████▎  | 694/952 [03:43<01:17,  3.32it/s]Deconvoluting Remaining Spots:  73%|███████▎  | 695/952 [03:43<01:13,  3.48it/s]Deconvoluting Remaining Spots:  73%|███████▎  | 696/952 [03:43<01:22,  3.11it/s]Deconvoluting Remaining Spots:  73%|███████▎  | 697/952 [03:44<01:23,  3.04it/s]Deconvoluting Remaining Spots:  73%|███████▎  | 698/952 [03:44<01:15,  3.37it/s]Deconvoluting Remaining Spots:  73%|███████▎  | 699/952 [03:44<01:12,  3.48it/s]Deconvoluting Remaining Spots:  74%|███████▎  | 700/952 [03:44<01:16,  3.31it/s]2026-02-17 21:42:58,567 - root - INFO - Saved checkpoint after 700 completed spots
Deconvoluting Remaining Spots:  74%|███████▎  | 701/952 [03:50<07:56,  1.90s/it]Deconvoluting Remaining Spots:  76%|███████▌  | 719/952 [03:50<00:54,  4.24it/s]Deconvoluting Remaining Spots:  76%|███████▌  | 721/952 [03:51<00:56,  4.11it/s]Deconvoluting Remaining Spots:  76%|███████▌  | 723/952 [03:52<01:02,  3.65it/s]Deconvoluting Remaining Spots:  76%|███████▌  | 725/952 [03:52<00:59,  3.83it/s]Deconvoluting Remaining Spots:  76%|███████▋  | 726/952 [03:53<01:01,  3.69it/s]Deconvoluting Remaining Spots:  76%|███████▋  | 728/952 [03:53<00:59,  3.75it/s]Deconvoluting Remaining Spots:  77%|███████▋  | 729/952 [03:53<01:02,  3.58it/s]Deconvoluting Remaining Spots:  77%|███████▋  | 730/952 [03:54<01:01,  3.58it/s]Deconvoluting Remaining Spots:  77%|███████▋  | 731/952 [03:54<01:03,  3.49it/s]Deconvoluting Remaining Spots:  77%|███████▋  | 732/952 [03:54<01:02,  3.50it/s]Deconvoluting Remaining Spots:  77%|███████▋  | 733/952 [03:55<01:11,  3.06it/s]Deconvoluting Remaining Spots:  77%|███████▋  | 734/952 [03:56<01:35,  2.27it/s]Deconvoluting Remaining Spots:  77%|███████▋  | 735/952 [03:56<01:20,  2.70it/s]Deconvoluting Remaining Spots:  77%|███████▋  | 736/952 [03:56<01:12,  2.99it/s]Deconvoluting Remaining Spots:  77%|███████▋  | 737/952 [03:57<01:38,  2.17it/s]Deconvoluting Remaining Spots:  78%|███████▊  | 738/952 [03:58<02:00,  1.78it/s]Deconvoluting Remaining Spots:  78%|███████▊  | 740/952 [03:58<01:18,  2.72it/s]Deconvoluting Remaining Spots:  78%|███████▊  | 741/952 [03:58<01:07,  3.15it/s]Deconvoluting Remaining Spots:  78%|███████▊  | 742/952 [03:58<01:02,  3.36it/s]Deconvoluting Remaining Spots:  78%|███████▊  | 744/952 [03:59<00:57,  3.63it/s]Deconvoluting Remaining Spots:  78%|███████▊  | 745/952 [03:59<00:52,  3.92it/s]Deconvoluting Remaining Spots:  78%|███████▊  | 746/952 [03:59<01:02,  3.28it/s]Deconvoluting Remaining Spots:  78%|███████▊  | 747/952 [04:00<01:01,  3.34it/s]Deconvoluting Remaining Spots:  79%|███████▊  | 748/952 [04:00<00:55,  3.67it/s]Deconvoluting Remaining Spots:  79%|███████▊  | 749/952 [04:00<00:50,  3.99it/s]Deconvoluting Remaining Spots:  79%|███████▉  | 750/952 [04:00<00:49,  4.12it/s]Deconvoluting Remaining Spots:  79%|███████▉  | 751/952 [04:01<00:58,  3.43it/s]Deconvoluting Remaining Spots:  79%|███████▉  | 752/952 [04:01<01:01,  3.26it/s]Deconvoluting Remaining Spots:  79%|███████▉  | 753/952 [04:01<00:56,  3.51it/s]Deconvoluting Remaining Spots:  79%|███████▉  | 754/952 [04:02<01:00,  3.29it/s]Deconvoluting Remaining Spots:  79%|███████▉  | 755/952 [04:03<01:38,  2.00it/s]Deconvoluting Remaining Spots:  79%|███████▉  | 756/952 [04:03<01:25,  2.28it/s]Deconvoluting Remaining Spots:  80%|███████▉  | 757/952 [04:03<01:15,  2.59it/s]Deconvoluting Remaining Spots:  80%|███████▉  | 759/952 [04:03<00:55,  3.45it/s]Deconvoluting Remaining Spots:  80%|███████▉  | 760/952 [04:04<00:58,  3.26it/s]Deconvoluting Remaining Spots:  80%|███████▉  | 761/952 [04:04<00:59,  3.23it/s]Deconvoluting Remaining Spots:  80%|████████  | 762/952 [04:04<00:49,  3.86it/s]Deconvoluting Remaining Spots:  80%|████████  | 763/952 [04:05<00:58,  3.23it/s]Deconvoluting Remaining Spots:  80%|████████  | 764/952 [04:05<00:57,  3.29it/s]Deconvoluting Remaining Spots:  80%|████████  | 765/952 [04:05<01:04,  2.91it/s]Deconvoluting Remaining Spots:  80%|████████  | 766/952 [04:06<00:54,  3.42it/s]Deconvoluting Remaining Spots:  81%|████████  | 768/952 [04:06<00:43,  4.26it/s]Deconvoluting Remaining Spots:  81%|████████  | 769/952 [04:06<00:46,  3.94it/s]Deconvoluting Remaining Spots:  81%|████████  | 770/952 [04:07<00:48,  3.72it/s]Deconvoluting Remaining Spots:  81%|████████  | 771/952 [04:07<01:03,  2.84it/s]Deconvoluting Remaining Spots:  81%|████████  | 772/952 [04:07<00:54,  3.29it/s]Deconvoluting Remaining Spots:  81%|████████  | 773/952 [04:08<00:58,  3.03it/s]Deconvoluting Remaining Spots:  81%|████████▏ | 775/952 [04:08<00:46,  3.81it/s]Deconvoluting Remaining Spots:  82%|████████▏ | 776/952 [04:08<00:48,  3.66it/s]Deconvoluting Remaining Spots:  82%|████████▏ | 777/952 [04:09<00:50,  3.49it/s]Deconvoluting Remaining Spots:  82%|████████▏ | 778/952 [04:09<00:57,  3.04it/s]Deconvoluting Remaining Spots:  82%|████████▏ | 779/952 [04:09<00:48,  3.53it/s]Deconvoluting Remaining Spots:  82%|████████▏ | 780/952 [04:10<00:52,  3.27it/s]Deconvoluting Remaining Spots:  82%|████████▏ | 781/952 [04:10<00:57,  2.99it/s]Deconvoluting Remaining Spots:  82%|████████▏ | 783/952 [04:11<00:53,  3.19it/s]Deconvoluting Remaining Spots:  82%|████████▏ | 784/952 [04:11<00:52,  3.20it/s]Deconvoluting Remaining Spots:  82%|████████▏ | 785/952 [04:11<00:44,  3.72it/s]Deconvoluting Remaining Spots:  83%|████████▎ | 786/952 [04:11<00:43,  3.78it/s]Deconvoluting Remaining Spots:  83%|████████▎ | 787/952 [04:12<00:41,  3.99it/s]Deconvoluting Remaining Spots:  83%|████████▎ | 788/952 [04:12<00:46,  3.52it/s]Deconvoluting Remaining Spots:  83%|████████▎ | 789/952 [04:12<00:44,  3.65it/s]Deconvoluting Remaining Spots:  83%|████████▎ | 790/952 [04:13<00:47,  3.42it/s]Deconvoluting Remaining Spots:  83%|████████▎ | 791/952 [04:13<00:45,  3.53it/s]Deconvoluting Remaining Spots:  83%|████████▎ | 792/952 [04:13<00:45,  3.54it/s]Deconvoluting Remaining Spots:  83%|████████▎ | 793/952 [04:13<00:49,  3.21it/s]Deconvoluting Remaining Spots:  83%|████████▎ | 794/952 [04:14<00:47,  3.31it/s]Deconvoluting Remaining Spots:  84%|████████▎ | 795/952 [04:14<00:49,  3.15it/s]Deconvoluting Remaining Spots:  84%|████████▎ | 796/952 [04:14<00:46,  3.34it/s]Deconvoluting Remaining Spots:  84%|████████▎ | 797/952 [04:15<00:48,  3.21it/s]Deconvoluting Remaining Spots:  84%|████████▍ | 798/952 [04:15<00:48,  3.20it/s]Deconvoluting Remaining Spots:  84%|████████▍ | 799/952 [04:15<00:44,  3.41it/s]Deconvoluting Remaining Spots:  84%|████████▍ | 800/952 [04:16<00:45,  3.33it/s]2026-02-17 21:43:30,994 - root - INFO - Saved checkpoint after 800 completed spots
Deconvoluting Remaining Spots:  84%|████████▍ | 801/952 [04:22<05:41,  2.26s/it]Deconvoluting Remaining Spots:  86%|████████▋ | 822/952 [04:23<00:30,  4.28it/s]Deconvoluting Remaining Spots:  87%|████████▋ | 826/952 [04:24<00:32,  3.84it/s]Deconvoluting Remaining Spots:  87%|████████▋ | 829/952 [04:25<00:31,  3.93it/s]Deconvoluting Remaining Spots:  87%|████████▋ | 832/952 [04:26<00:32,  3.65it/s]Deconvoluting Remaining Spots:  88%|████████▊ | 834/952 [04:26<00:32,  3.63it/s]Deconvoluting Remaining Spots:  88%|████████▊ | 836/952 [04:27<00:37,  3.10it/s]Deconvoluting Remaining Spots:  88%|████████▊ | 838/952 [04:28<00:32,  3.53it/s]Deconvoluting Remaining Spots:  88%|████████▊ | 839/952 [04:28<00:35,  3.18it/s]Deconvoluting Remaining Spots:  88%|████████▊ | 840/952 [04:28<00:34,  3.29it/s]Deconvoluting Remaining Spots:  88%|████████▊ | 841/952 [04:29<00:32,  3.39it/s]Deconvoluting Remaining Spots:  88%|████████▊ | 842/952 [04:29<00:36,  2.99it/s]Deconvoluting Remaining Spots:  89%|████████▊ | 844/952 [04:30<00:31,  3.47it/s]Deconvoluting Remaining Spots:  89%|████████▉ | 845/952 [04:30<00:31,  3.35it/s]Deconvoluting Remaining Spots:  89%|████████▉ | 846/952 [04:30<00:31,  3.35it/s]Deconvoluting Remaining Spots:  89%|████████▉ | 847/952 [04:31<00:38,  2.71it/s]Deconvoluting Remaining Spots:  89%|████████▉ | 848/952 [04:31<00:38,  2.71it/s]Deconvoluting Remaining Spots:  89%|████████▉ | 850/952 [04:32<00:29,  3.42it/s]Deconvoluting Remaining Spots:  89%|████████▉ | 851/952 [04:32<00:30,  3.26it/s]Deconvoluting Remaining Spots:  89%|████████▉ | 852/952 [04:32<00:26,  3.78it/s]Deconvoluting Remaining Spots:  90%|████████▉ | 853/952 [04:32<00:27,  3.56it/s]Deconvoluting Remaining Spots:  90%|████████▉ | 854/952 [04:33<00:28,  3.40it/s]Deconvoluting Remaining Spots:  90%|████████▉ | 855/952 [04:33<00:28,  3.40it/s]Deconvoluting Remaining Spots:  90%|████████▉ | 856/952 [04:33<00:27,  3.43it/s]Deconvoluting Remaining Spots:  90%|█████████ | 857/952 [04:34<00:28,  3.30it/s]Deconvoluting Remaining Spots:  90%|█████████ | 858/952 [04:34<00:25,  3.68it/s]Deconvoluting Remaining Spots:  90%|█████████ | 859/952 [04:34<00:26,  3.54it/s]Deconvoluting Remaining Spots:  90%|█████████ | 860/952 [04:34<00:27,  3.31it/s]Deconvoluting Remaining Spots:  90%|█████████ | 861/952 [04:35<00:26,  3.41it/s]Deconvoluting Remaining Spots:  91%|█████████ | 862/952 [04:35<00:28,  3.11it/s]Deconvoluting Remaining Spots:  91%|█████████ | 863/952 [04:35<00:24,  3.58it/s]Deconvoluting Remaining Spots:  91%|█████████ | 864/952 [04:36<00:28,  3.10it/s]Deconvoluting Remaining Spots:  91%|█████████ | 865/952 [04:36<00:25,  3.45it/s]Deconvoluting Remaining Spots:  91%|█████████ | 866/952 [04:36<00:26,  3.19it/s]Deconvoluting Remaining Spots:  91%|█████████ | 867/952 [04:37<00:30,  2.83it/s]Deconvoluting Remaining Spots:  91%|█████████ | 868/952 [04:37<00:26,  3.21it/s]Deconvoluting Remaining Spots:  91%|█████████▏| 869/952 [04:37<00:24,  3.40it/s]Deconvoluting Remaining Spots:  91%|█████████▏| 870/952 [04:38<00:27,  3.02it/s]Deconvoluting Remaining Spots:  91%|█████████▏| 871/952 [04:38<00:21,  3.81it/s]Deconvoluting Remaining Spots:  92%|█████████▏| 872/952 [04:39<00:33,  2.38it/s]Deconvoluting Remaining Spots:  92%|█████████▏| 873/952 [04:39<00:29,  2.66it/s]Deconvoluting Remaining Spots:  92%|█████████▏| 875/952 [04:39<00:20,  3.72it/s]Deconvoluting Remaining Spots:  92%|█████████▏| 876/952 [04:39<00:19,  3.86it/s]Deconvoluting Remaining Spots:  92%|█████████▏| 877/952 [04:40<00:20,  3.69it/s]Deconvoluting Remaining Spots:  92%|█████████▏| 878/952 [04:40<00:22,  3.27it/s]Deconvoluting Remaining Spots:  92%|█████████▏| 879/952 [04:40<00:22,  3.29it/s]Deconvoluting Remaining Spots:  92%|█████████▏| 880/952 [04:41<00:20,  3.49it/s]Deconvoluting Remaining Spots:  93%|█████████▎| 881/952 [04:41<00:20,  3.51it/s]Deconvoluting Remaining Spots:  93%|█████████▎| 882/952 [04:41<00:20,  3.39it/s]Deconvoluting Remaining Spots:  93%|█████████▎| 883/952 [04:42<00:21,  3.19it/s]Deconvoluting Remaining Spots:  93%|█████████▎| 884/952 [04:42<00:21,  3.13it/s]Deconvoluting Remaining Spots:  93%|█████████▎| 885/952 [04:42<00:22,  2.97it/s]Deconvoluting Remaining Spots:  93%|█████████▎| 886/952 [04:43<00:20,  3.20it/s]Deconvoluting Remaining Spots:  93%|█████████▎| 887/952 [04:43<00:17,  3.64it/s]Deconvoluting Remaining Spots:  93%|█████████▎| 888/952 [04:43<00:17,  3.57it/s]Deconvoluting Remaining Spots:  93%|█████████▎| 889/952 [04:43<00:21,  2.95it/s]Deconvoluting Remaining Spots:  94%|█████████▎| 891/952 [04:44<00:15,  3.84it/s]Deconvoluting Remaining Spots:  94%|█████████▎| 892/952 [04:44<00:18,  3.27it/s]Deconvoluting Remaining Spots:  94%|█████████▍| 893/952 [04:45<00:17,  3.35it/s]Deconvoluting Remaining Spots:  94%|█████████▍| 894/952 [04:45<00:15,  3.82it/s]Deconvoluting Remaining Spots:  94%|█████████▍| 895/952 [04:45<00:16,  3.56it/s]Deconvoluting Remaining Spots:  94%|█████████▍| 896/952 [04:45<00:15,  3.69it/s]Deconvoluting Remaining Spots:  94%|█████████▍| 897/952 [04:46<00:15,  3.52it/s]Deconvoluting Remaining Spots:  94%|█████████▍| 898/952 [04:46<00:16,  3.34it/s]Deconvoluting Remaining Spots:  94%|█████████▍| 899/952 [04:46<00:16,  3.31it/s]Deconvoluting Remaining Spots:  95%|█████████▍| 900/952 [04:47<00:18,  2.78it/s]2026-02-17 21:44:03,099 - root - INFO - Saved checkpoint after 900 completed spots
Deconvoluting Remaining Spots:  95%|█████████▍| 901/952 [04:55<02:10,  2.57s/it]Deconvoluting Remaining Spots:  97%|█████████▋| 925/952 [04:55<00:06,  4.29it/s]Deconvoluting Remaining Spots:  98%|█████████▊| 932/952 [04:57<00:04,  4.08it/s]Deconvoluting Remaining Spots:  98%|█████████▊| 937/952 [04:58<00:03,  3.77it/s]Deconvoluting Remaining Spots:  99%|█████████▉| 941/952 [04:59<00:02,  3.83it/s]Deconvoluting Remaining Spots:  99%|█████████▉| 944/952 [05:00<00:02,  3.70it/s]Deconvoluting Remaining Spots:  99%|█████████▉| 946/952 [05:01<00:01,  3.67it/s]Deconvoluting Remaining Spots: 100%|█████████▉| 948/952 [05:01<00:01,  3.52it/s]Deconvoluting Remaining Spots: 100%|█████████▉| 950/952 [05:02<00:00,  3.74it/s]Deconvoluting Remaining Spots: 100%|█████████▉| 951/952 [05:02<00:00,  3.76it/s]Deconvoluting Remaining Spots: 100%|██████████| 952/952 [05:02<00:00,  3.75it/s]Deconvoluting Remaining Spots: 100%|██████████| 952/952 [05:02<00:00,  3.14it/s]
2026-02-17 21:44:17,838 - root - INFO - Saved final results with 952 completed spots
2026-02-17 21:44:24,243 - root - INFO - Saved profiles to Benchmarking/simulation_benchmarking/CITEgeist/output_discrete_global/high_seg/dapi/high_seg/dapi/Wu_rep_1/Wu_rep_1_gene_expression_pass1.parquet with cell types: ['B-cells', 'CAFs', 'Cancer Epithelial', 'Endothelial', 'Myeloid', 'Normal Epithelial', 'PVL', 'Plasmablasts', 'T-cells']
2026-02-17 21:44:26,369 - root - INFO - Successfully added layer: Endothelial_genes_pass1
2026-02-17 21:44:26,611 - root - INFO - Successfully added layer: B-cells_genes_pass1
2026-02-17 21:44:26,857 - root - INFO - Successfully added layer: T-cells_genes_pass1
2026-02-17 21:44:27,100 - root - INFO - Successfully added layer: Myeloid_genes_pass1
2026-02-17 21:44:27,342 - root - INFO - Successfully added layer: Plasmablasts_genes_pass1
2026-02-17 21:44:27,585 - root - INFO - Successfully added layer: Cancer_Epithelial_genes_pass1
2026-02-17 21:44:27,830 - root - INFO - Successfully added layer: CAFs_genes_pass1
2026-02-17 21:44:28,074 - root - INFO - Successfully added layer: PVL_genes_pass1
2026-02-17 21:44:28,316 - root - INFO - Successfully added layer: Normal_Epithelial_genes_pass1
2026-02-17 21:44:39,949 - root - INFO - Exported layer 'Endothelial_genes_pass1' to 'Benchmarking/simulation_benchmarking/CITEgeist/output_discrete_global/high_seg/dapi/high_seg/dapi/Wu_rep_1/Wu_rep_1_pass1/layers/pass1/Endothelial_layer_pass1.csv'
2026-02-17 21:44:51,485 - root - INFO - Exported layer 'B-cells_genes_pass1' to 'Benchmarking/simulation_benchmarking/CITEgeist/output_discrete_global/high_seg/dapi/high_seg/dapi/Wu_rep_1/Wu_rep_1_pass1/layers/pass1/B-cells_layer_pass1.csv'
2026-02-17 21:45:03,021 - root - INFO - Exported layer 'T-cells_genes_pass1' to 'Benchmarking/simulation_benchmarking/CITEgeist/output_discrete_global/high_seg/dapi/high_seg/dapi/Wu_rep_1/Wu_rep_1_pass1/layers/pass1/T-cells_layer_pass1.csv'
2026-02-17 21:45:14,593 - root - INFO - Exported layer 'Myeloid_genes_pass1' to 'Benchmarking/simulation_benchmarking/CITEgeist/output_discrete_global/high_seg/dapi/high_seg/dapi/Wu_rep_1/Wu_rep_1_pass1/layers/pass1/Myeloid_layer_pass1.csv'
2026-02-17 21:45:26,177 - root - INFO - Exported layer 'Plasmablasts_genes_pass1' to 'Benchmarking/simulation_benchmarking/CITEgeist/output_discrete_global/high_seg/dapi/high_seg/dapi/Wu_rep_1/Wu_rep_1_pass1/layers/pass1/Plasmablasts_layer_pass1.csv'
2026-02-17 21:45:37,759 - root - INFO - Exported layer 'Cancer_Epithelial_genes_pass1' to 'Benchmarking/simulation_benchmarking/CITEgeist/output_discrete_global/high_seg/dapi/high_seg/dapi/Wu_rep_1/Wu_rep_1_pass1/layers/pass1/Cancer_Epithelial_layer_pass1.csv'
2026-02-17 21:45:49,347 - root - INFO - Exported layer 'CAFs_genes_pass1' to 'Benchmarking/simulation_benchmarking/CITEgeist/output_discrete_global/high_seg/dapi/high_seg/dapi/Wu_rep_1/Wu_rep_1_pass1/layers/pass1/CAFs_layer_pass1.csv'
2026-02-17 21:46:00,955 - root - INFO - Exported layer 'PVL_genes_pass1' to 'Benchmarking/simulation_benchmarking/CITEgeist/output_discrete_global/high_seg/dapi/high_seg/dapi/Wu_rep_1/Wu_rep_1_pass1/layers/pass1/PVL_layer_pass1.csv'
2026-02-17 21:46:12,574 - root - INFO - Exported layer 'Normal_Epithelial_genes_pass1' to 'Benchmarking/simulation_benchmarking/CITEgeist/output_discrete_global/high_seg/dapi/high_seg/dapi/Wu_rep_1/Wu_rep_1_pass1/layers/pass1/Normal_Epithelial_layer_pass1.csv'
2026-02-17 21:46:12,574 - __main__ - INFO - GEX deconvolution completed in 425.5s
2026-02-17 21:47:58,372 - __main__ - INFO - Exported 9 cell type layers to Benchmarking/simulation_benchmarking/CITEgeist/output_discrete_global/high_seg/dapi/high_seg/dapi/Wu_rep_1/layers
2026-02-17 21:47:58,383 - __main__ - INFO - Comparing against ground truth GEX: /ix1/alee/LO_LAB/Personal/Brent_Schlegel/bts76/Projects/CITEgeist/Wu_Visium/Simulations/scCube_12k/replicates/high_seg/ST_GEX_sim/sample_1/layers
2026-02-17 21:49:01,716 - __main__ - INFO - GEX Average RMSE: 0.1599
2026-02-17 21:49:01,716 - __main__ - INFO - GEX Average NRMSE: 0.0218
2026-02-17 21:49:01,723 - __main__ - INFO - Results saved to Benchmarking/simulation_benchmarking/CITEgeist/output_discrete_global/high_seg/dapi/high_seg/dapi/Wu_rep_1
