2026-02-18 15:21:19,562 - __main__ - INFO - ============================================================
2026-02-18 15:21:19,562 - __main__ - INFO - BENCHMARK: replicate=4, condition=mixed, mode=dapi
2026-02-18 15:21:19,562 - __main__ - INFO - ============================================================
2026-02-18 15:21:19,564 - __main__ - INFO - Loading image: /ix1/alee/LO_LAB/Personal/Alexander_Chang/alc376/CITEgeist/Benchmarking/simulation_benchmarking/CITEgeist/mixed/images/dapi/Wu_rep_4_cellpose.png
2026-02-18 15:21:20,772 - __main__ - INFO - Image shape: (8000, 8000, 3)
2026-02-18 15:21:20,774 - __main__ - INFO - Running Cellpose with model_type=nuclei
2026-02-18 15:21:28,424 - cellpose.models - WARNING - model_type argument is not used in v4.0.1+. Ignoring this argument...
2026-02-18 15:21:28,424 - cellpose.core - INFO - >>>> using CPU
2026-02-18 15:21:28,424 - cellpose.core - INFO - >>>> using CPU
2026-02-18 15:21:30,643 - cellpose.models - INFO - >>>> loading model /ihome/alee/alc376/.cellpose/models/cpsam
2026-02-18 15:21:32,814 - cellpose.models - WARNING - channels deprecated in v4.0.1+. If data contain more than 3 channels, only the first 3 channels will be used
2026-02-18 15:21:32,859 - cellpose.transforms - INFO - processing image with (8000, 8000) HW, and 3 channels
2026-02-18 16:16:22,793 - __main__ - INFO - Detected 4894 nuclei in 3302.0s
2026-02-18 16:16:22,897 - __main__ - INFO - Nuclei count correlation: 0.986
2026-02-18 16:16:22,897 - __main__ - INFO - Nuclei count RMSE: 0.44
2026-02-18 16:16:22,899 - __main__ - INFO - Loading h5ad files...
2026-02-18 16:16:23,796 - root - INFO - Logging initialized.
2026-02-18 16:16:23,796 - __main__ - INFO - Using CLR preprocessing (continuous model style)
2026-02-18 16:16:23,800 - __main__ - INFO - Applying nuclei scaling to CLR-normalized data
2026-02-18 16:16:23,801 - __main__ - INFO - Nuclei scaling applied: mean=5.1, range=[0.0, 2.9]
2026-02-18 16:16:24,179 - root - INFO - Normalization stats:
2026-02-18 16:16:24,179 - root - INFO - Original median total: 80712055723.50
2026-02-18 16:16:24,197 - root - INFO - Mean scaled total: 9978.33
2026-02-18 16:16:24,213 - root - INFO - Max scaled value: 10000.00
2026-02-18 16:16:24,398 - root - INFO - Gene expression data normalized to 10000 counts per spot and validated for discrete count analysis.
2026-02-18 16:16:24,399 - root - INFO - Mapped 18 markers to 9 cell types (preserving marker-level data)
2026-02-18 16:16:24,399 - __main__ - INFO - Discrete cell type order: ['B-cells', 'CAFs', 'Cancer Epithelial', 'Endothelial', 'Myeloid', 'Normal Epithelial', 'PVL', 'Plasmablasts', 'T-cells']
2026-02-18 16:16:24,401 - root - INFO - Mapped 18 markers to 9 cell types (preserving marker-level data)
2026-02-18 16:16:24,401 - root - INFO - Running discrete cell assignment: 956 spots, 18 markers, 9 cell types
2026-02-18 16:16:24,401 - root - INFO - Total nuclei: 4894, mean per spot: 5.12
2026-02-18 16:16:24,401 - root - INFO - Discrete cell assignment EM: 956 spots, 18 markers, 9 cell types
2026-02-18 16:16:24,401 - root - INFO - Total nuclei: 4894, mean per spot: 5.12
2026-02-18 16:16:24,403 - root - INFO - 
=== EM Iteration 1/10 ===
2026-02-18 16:16:24,403 - root - INFO - Global IQP: 956 spots x 9 cell types = 8604 integer variables
2026-02-18 16:16:24,403 - root - INFO - Time limit: 600.0s, MIP gap: 5.0%
2026-02-18 16:16:24,463 - gurobipy - INFO - Set parameter LicenseID to value 276015
2026-02-18 16:16:24,463 - gurobipy - INFO - Set parameter GURO_PAR_SPECIAL
2026-02-18 16:16:24,463 - gurobipy - INFO - Set parameter TokenServer to value "license.crc.pitt.edu"
2026-02-18 16:16:24,493 - gurobipy - INFO - Set parameter TimeLimit to value 600
2026-02-18 16:16:24,493 - gurobipy - INFO - Set parameter MIPGap to value 0.05
2026-02-18 16:16:26,540 - root - INFO - Starting global IQP optimization...
2026-02-18 16:16:26,540 - gurobipy - INFO - Gurobi Optimizer version 11.0.2 build v11.0.2rc0 (linux64 - "Red Hat Enterprise Linux 9.6 (Plow)")
2026-02-18 16:16:26,541 - gurobipy - INFO - 
2026-02-18 16:16:26,541 - gurobipy - INFO - CPU model: Intel(R) Xeon(R) Platinum 8352Y CPU @ 2.20GHz, instruction set [SSE2|AVX|AVX2|AVX512]
2026-02-18 16:16:26,541 - gurobipy - INFO - Thread count: 64 physical cores, 64 logical processors, using up to 32 threads
2026-02-18 16:16:26,541 - gurobipy - INFO - 
2026-02-18 16:16:26,541 - gurobipy - INFO - Optimize a model with 939 rows, 8604 columns and 8451 nonzeros
2026-02-18 16:16:26,541 - gurobipy - INFO - Model fingerprint: 0xb1858f3f
2026-02-18 16:16:26,541 - gurobipy - INFO - Model has 8604 quadratic objective terms
2026-02-18 16:16:26,541 - gurobipy - INFO - Variable types: 0 continuous, 8604 integer (0 binary)
2026-02-18 16:16:26,541 - gurobipy - INFO - Coefficient statistics:
2026-02-18 16:16:26,542 - gurobipy - INFO -   Matrix range     [1e+00, 1e+00]
2026-02-18 16:16:26,542 - gurobipy - INFO -   Objective range  [2e-08, 4e+00]
2026-02-18 16:16:26,542 - gurobipy - INFO -   QObjective range [4e+00, 4e+00]
2026-02-18 16:16:26,542 - gurobipy - INFO -   Bounds range     [1e+00, 2e+01]
2026-02-18 16:16:26,542 - gurobipy - INFO -   RHS range        [1e+00, 2e+01]
2026-02-18 16:16:26,548 - gurobipy - INFO - 
2026-02-18 16:16:26,549 - gurobipy - INFO - Loaded user MIP start with objective 7889.31
2026-02-18 16:16:26,549 - gurobipy - INFO - 
2026-02-18 16:16:33,359 - gurobipy - INFO - Presolve removed 681 rows and 6282 columns (presolve time = 7s) ...
2026-02-18 16:16:33,361 - gurobipy - INFO - Presolve removed 681 rows and 6282 columns
2026-02-18 16:16:33,361 - gurobipy - INFO - Presolve time: 6.81s
2026-02-18 16:16:33,361 - gurobipy - INFO - Presolved: 258 rows, 2322 columns, 2322 nonzeros
2026-02-18 16:16:33,361 - gurobipy - INFO - Presolved model has 2322 quadratic objective terms
2026-02-18 16:16:33,362 - gurobipy - INFO - Found heuristic solution: objective 7461.0601534
2026-02-18 16:16:33,362 - gurobipy - INFO - Variable types: 0 continuous, 2322 integer (0 binary)
2026-02-18 16:16:33,363 - gurobipy - INFO - Found heuristic solution: objective 7218.6197260
2026-02-18 16:16:33,368 - gurobipy - INFO - 
2026-02-18 16:16:33,368 - gurobipy - INFO - Root simplex log...
2026-02-18 16:16:33,368 - gurobipy - INFO - 
2026-02-18 16:16:33,368 - gurobipy - INFO - Iteration    Objective       Primal Inf.    Dual Inf.      Time
2026-02-18 16:16:33,368 - gurobipy - INFO -        0    5.1741616e+03   0.000000e+00   0.000000e+00      7s
2026-02-18 16:16:33,370 - gurobipy - INFO -      259    6.4784770e+03   0.000000e+00   0.000000e+00      7s
2026-02-18 16:16:33,370 - gurobipy - INFO - 
2026-02-18 16:16:33,370 - gurobipy - INFO - Root relaxation: objective 6.478477e+03, 259 iterations, 0.00 seconds (0.00 work units)
2026-02-18 16:16:33,373 - gurobipy - INFO - 
2026-02-18 16:16:33,373 - gurobipy - INFO -     Nodes    |    Current Node    |     Objective Bounds      |     Work
2026-02-18 16:16:33,373 - gurobipy - INFO -  Expl Unexpl |  Obj  Depth IntInf | Incumbent    BestBd   Gap | It/Node Time
2026-02-18 16:16:33,373 - gurobipy - INFO - 
2026-02-18 16:16:33,373 - gurobipy - INFO -      0     0 6478.47702    0 2322 7218.61973 6478.47702  10.3%     -    6s
2026-02-18 16:16:33,471 - gurobipy - INFO - H    0     0                    7204.6478018 6478.47702  10.1%     -    6s
2026-02-18 16:16:33,688 - gurobipy - INFO - H    0     0                    7203.8647575 6478.47702  10.1%     -    7s
2026-02-18 16:16:33,860 - gurobipy - INFO -      0     0 6479.01794    0 2322 7203.86476 6479.01794  10.1%     -    7s
2026-02-18 16:16:34,740 - gurobipy - INFO -      0     2 6479.01794    0 2322 7203.86476 6479.01794  10.1%     -    8s
2026-02-18 16:16:36,706 - gurobipy - INFO - H   95   128                    7203.8647568 6479.01794  10.1%   2.0   10s
2026-02-18 16:16:41,681 - gurobipy - INFO -   8823  9262 6507.52795  220 2098 7203.86476 6479.93813  10.0%   2.1   15s
2026-02-18 16:16:47,219 - gurobipy - INFO - H15134 15135                    7203.8647557 6479.93813  10.0%   2.1   20s
2026-02-18 16:16:49,842 - gurobipy - INFO - 
2026-02-18 16:16:49,842 - gurobipy - INFO - Explored 15135 nodes (31825 simplex iterations) in 23.30 seconds (1.77 work units)
2026-02-18 16:16:49,842 - gurobipy - INFO - Thread count was 32 (of 64 available processors)
2026-02-18 16:16:49,842 - gurobipy - INFO - 
2026-02-18 16:16:49,843 - gurobipy - INFO - Solution count 9: 7203.86 7203.86 7203.86 ... 7889.31
2026-02-18 16:16:49,843 - gurobipy - INFO - 
2026-02-18 16:16:49,843 - gurobipy - INFO - Optimal solution found (tolerance 5.00e-02)
2026-02-18 16:16:49,843 - gurobipy - INFO - Best objective 7.203864755718e+03, best bound 7.199267023739e+03, gap 0.0638%
2026-02-18 16:16:49,880 - root - INFO - Global IQP solved: status=2, gap=0.06%, time=23.3s
/ix1/alee/LO_LAB/Personal/Alexander_Chang/alc376/CITEgeist/CITEgeist/model/gurobi_impl.py:3735: RuntimeWarning: invalid value encountered in scalar divide
  constraint_slack=constraint_slack,
2026-02-18 16:16:50,003 - root - INFO -   Loss: 247.8644 (change: nan)
2026-02-18 16:16:50,003 - root - INFO -   Beta range: [0.100, 0.306]
2026-02-18 16:16:50,003 - root - INFO -   Max beta change: 0.900000
2026-02-18 16:16:50,003 - root - INFO -   Cell count range: [0, 15]
2026-02-18 16:16:50,003 - root - INFO -     B-cells: 440 cells (9.0%)
2026-02-18 16:16:50,003 - root - INFO -     CAFs: 751 cells (15.3%)
2026-02-18 16:16:50,003 - root - INFO -     Cancer Epithelial: 856 cells (17.5%)
2026-02-18 16:16:50,003 - root - INFO -     Endothelial: 548 cells (11.2%)
2026-02-18 16:16:50,003 - root - INFO -     Myeloid: 502 cells (10.3%)
2026-02-18 16:16:50,003 - root - INFO -     Normal Epithelial: 463 cells (9.5%)
2026-02-18 16:16:50,003 - root - INFO -     PVL: 439 cells (9.0%)
2026-02-18 16:16:50,003 - root - INFO -     Plasmablasts: 382 cells (7.8%)
2026-02-18 16:16:50,003 - root - INFO -     T-cells: 513 cells (10.5%)
2026-02-18 16:16:50,003 - root - INFO - 
=== EM Iteration 2/10 ===
2026-02-18 16:16:50,003 - root - INFO - Global IQP: 956 spots x 9 cell types = 8604 integer variables
2026-02-18 16:16:50,003 - root - INFO - Time limit: 600.0s, MIP gap: 5.0%
2026-02-18 16:16:50,003 - gurobipy - INFO - Set parameter TimeLimit to value 600
2026-02-18 16:16:50,003 - gurobipy - INFO - Set parameter MIPGap to value 0.05
2026-02-18 16:16:51,796 - root - INFO - Starting global IQP optimization...
2026-02-18 16:16:51,797 - gurobipy - INFO - Gurobi Optimizer version 11.0.2 build v11.0.2rc0 (linux64 - "Red Hat Enterprise Linux 9.6 (Plow)")
2026-02-18 16:16:51,797 - gurobipy - INFO - 
2026-02-18 16:16:51,797 - gurobipy - INFO - CPU model: Intel(R) Xeon(R) Platinum 8352Y CPU @ 2.20GHz, instruction set [SSE2|AVX|AVX2|AVX512]
2026-02-18 16:16:51,797 - gurobipy - INFO - Thread count: 64 physical cores, 64 logical processors, using up to 32 threads
2026-02-18 16:16:51,797 - gurobipy - INFO - 
2026-02-18 16:16:51,797 - gurobipy - INFO - Optimize a model with 939 rows, 8604 columns and 8451 nonzeros
2026-02-18 16:16:51,798 - gurobipy - INFO - Model fingerprint: 0x14cafabf
2026-02-18 16:16:51,798 - gurobipy - INFO - Model has 8604 quadratic objective terms
2026-02-18 16:16:51,798 - gurobipy - INFO - Variable types: 0 continuous, 8604 integer (0 binary)
2026-02-18 16:16:51,798 - gurobipy - INFO - Coefficient statistics:
2026-02-18 16:16:51,798 - gurobipy - INFO -   Matrix range     [1e+00, 1e+00]
2026-02-18 16:16:51,798 - gurobipy - INFO -   Objective range  [3e-09, 1e+00]
2026-02-18 16:16:51,798 - gurobipy - INFO -   QObjective range [4e-02, 3e-01]
2026-02-18 16:16:51,798 - gurobipy - INFO -   Bounds range     [1e+00, 2e+01]
2026-02-18 16:16:51,798 - gurobipy - INFO -   RHS range        [1e+00, 2e+01]
2026-02-18 16:16:51,798 - gurobipy - INFO - 
2026-02-18 16:16:51,798 - gurobipy - INFO - Loaded user MIP start with objective 247.864
2026-02-18 16:16:51,798 - gurobipy - INFO - 
2026-02-18 16:16:56,140 - gurobipy - INFO - Presolve removed 938 rows and 8595 columns
2026-02-18 16:16:56,140 - gurobipy - INFO - Presolve time: 4.34s
2026-02-18 16:16:56,140 - gurobipy - INFO - Presolved: 1 rows, 9 columns, 9 nonzeros
2026-02-18 16:16:56,140 - gurobipy - INFO - Presolved model has 9 quadratic objective terms
2026-02-18 16:16:56,141 - gurobipy - INFO - Found heuristic solution: objective 123.1753273
2026-02-18 16:16:56,141 - gurobipy - INFO - Variable types: 0 continuous, 9 integer (0 binary)
2026-02-18 16:16:56,141 - gurobipy - INFO - 
2026-02-18 16:16:56,141 - gurobipy - INFO - Explored 0 nodes (0 simplex iterations) in 4.34 seconds (0.12 work units)
2026-02-18 16:16:56,141 - gurobipy - INFO - Thread count was 32 (of 64 available processors)
2026-02-18 16:16:56,141 - gurobipy - INFO - 
2026-02-18 16:16:56,141 - gurobipy - INFO - Solution count 2: 123.175 247.864 
2026-02-18 16:16:56,141 - gurobipy - INFO - 
2026-02-18 16:16:56,141 - gurobipy - INFO - Optimal solution found (tolerance 5.00e-02)
2026-02-18 16:16:56,141 - gurobipy - INFO - Best objective 1.231753273035e+02, best bound 1.231281296868e+02, gap 0.0383%
2026-02-18 16:16:56,168 - root - INFO - Global IQP solved: status=2, gap=0.04%, time=4.3s
2026-02-18 16:16:56,230 - root - INFO -   Loss: 121.4847 (change: 0.509874)
2026-02-18 16:16:56,230 - root - INFO -   Beta range: [0.100, 0.287]
2026-02-18 16:16:56,230 - root - INFO -   Max beta change: 0.019355
2026-02-18 16:16:56,230 - root - INFO -   Cell count range: [0, 15]
2026-02-18 16:16:56,230 - root - INFO -     B-cells: 412 cells (8.4%)
2026-02-18 16:16:56,230 - root - INFO -     CAFs: 740 cells (15.1%)
2026-02-18 16:16:56,230 - root - INFO -     Cancer Epithelial: 836 cells (17.1%)
2026-02-18 16:16:56,230 - root - INFO -     Endothelial: 537 cells (11.0%)
2026-02-18 16:16:56,230 - root - INFO -     Myeloid: 463 cells (9.5%)
2026-02-18 16:16:56,230 - root - INFO -     Normal Epithelial: 471 cells (9.6%)
2026-02-18 16:16:56,230 - root - INFO -     PVL: 481 cells (9.8%)
2026-02-18 16:16:56,230 - root - INFO -     Plasmablasts: 469 cells (9.6%)
2026-02-18 16:16:56,230 - root - INFO -     T-cells: 485 cells (9.9%)
2026-02-18 16:16:56,230 - root - INFO - 
=== EM Iteration 3/10 ===
2026-02-18 16:16:56,230 - root - INFO - Global IQP: 956 spots x 9 cell types = 8604 integer variables
2026-02-18 16:16:56,230 - root - INFO - Time limit: 600.0s, MIP gap: 5.0%
2026-02-18 16:16:56,230 - gurobipy - INFO - Set parameter TimeLimit to value 600
2026-02-18 16:16:56,231 - gurobipy - INFO - Set parameter MIPGap to value 0.05
2026-02-18 16:16:58,169 - root - INFO - Starting global IQP optimization...
2026-02-18 16:16:58,170 - gurobipy - INFO - Gurobi Optimizer version 11.0.2 build v11.0.2rc0 (linux64 - "Red Hat Enterprise Linux 9.6 (Plow)")
2026-02-18 16:16:58,170 - gurobipy - INFO - 
2026-02-18 16:16:58,170 - gurobipy - INFO - CPU model: Intel(R) Xeon(R) Platinum 8352Y CPU @ 2.20GHz, instruction set [SSE2|AVX|AVX2|AVX512]
2026-02-18 16:16:58,170 - gurobipy - INFO - Thread count: 64 physical cores, 64 logical processors, using up to 32 threads
2026-02-18 16:16:58,170 - gurobipy - INFO - 
2026-02-18 16:16:58,170 - gurobipy - INFO - Optimize a model with 939 rows, 8604 columns and 8451 nonzeros
2026-02-18 16:16:58,171 - gurobipy - INFO - Model fingerprint: 0x622ab8cd
2026-02-18 16:16:58,171 - gurobipy - INFO - Model has 8604 quadratic objective terms
2026-02-18 16:16:58,171 - gurobipy - INFO - Variable types: 0 continuous, 8604 integer (0 binary)
2026-02-18 16:16:58,171 - gurobipy - INFO - Coefficient statistics:
2026-02-18 16:16:58,171 - gurobipy - INFO -   Matrix range     [1e+00, 1e+00]
2026-02-18 16:16:58,171 - gurobipy - INFO -   Objective range  [3e-09, 1e+00]
2026-02-18 16:16:58,171 - gurobipy - INFO -   QObjective range [4e-02, 3e-01]
2026-02-18 16:16:58,171 - gurobipy - INFO -   Bounds range     [1e+00, 2e+01]
2026-02-18 16:16:58,171 - gurobipy - INFO -   RHS range        [1e+00, 2e+01]
2026-02-18 16:16:58,171 - gurobipy - INFO - 
2026-02-18 16:16:58,171 - gurobipy - INFO - Loaded user MIP start with objective 121.485
2026-02-18 16:16:58,171 - gurobipy - INFO - 
2026-02-18 16:17:02,235 - gurobipy - INFO - Presolve removed 938 rows and 8595 columns
2026-02-18 16:17:02,235 - gurobipy - INFO - Presolve time: 4.06s
2026-02-18 16:17:02,235 - gurobipy - INFO - Presolved: 1 rows, 9 columns, 9 nonzeros
2026-02-18 16:17:02,235 - gurobipy - INFO - Presolved model has 9 quadratic objective terms
2026-02-18 16:17:02,236 - gurobipy - INFO - Found heuristic solution: objective 120.3328599
2026-02-18 16:17:02,236 - gurobipy - INFO - Variable types: 0 continuous, 9 integer (0 binary)
2026-02-18 16:17:02,236 - gurobipy - INFO - 
2026-02-18 16:17:02,236 - gurobipy - INFO - Explored 0 nodes (0 simplex iterations) in 4.07 seconds (0.11 work units)
2026-02-18 16:17:02,236 - gurobipy - INFO - Thread count was 32 (of 64 available processors)
2026-02-18 16:17:02,236 - gurobipy - INFO - 
2026-02-18 16:17:02,236 - gurobipy - INFO - Solution count 2: 120.333 121.485 
2026-02-18 16:17:02,236 - gurobipy - INFO - 
2026-02-18 16:17:02,236 - gurobipy - INFO - Optimal solution found (tolerance 5.00e-02)
2026-02-18 16:17:02,237 - gurobipy - INFO - Best objective 1.203328598992e+02, best bound 1.202801083187e+02, gap 0.0438%
2026-02-18 16:17:02,262 - root - INFO - Global IQP solved: status=2, gap=0.04%, time=4.1s
2026-02-18 16:17:02,323 - root - INFO -   Loss: 119.4850 (change: 0.016460)
2026-02-18 16:17:02,323 - root - INFO -   Beta range: [0.100, 0.274]
2026-02-18 16:17:02,323 - root - INFO -   Max beta change: 0.013158
2026-02-18 16:17:02,323 - root - INFO -   Cell count range: [0, 15]
2026-02-18 16:17:02,323 - root - INFO -     B-cells: 396 cells (8.1%)
2026-02-18 16:17:02,323 - root - INFO -     CAFs: 781 cells (16.0%)
2026-02-18 16:17:02,323 - root - INFO -     Cancer Epithelial: 888 cells (18.1%)
2026-02-18 16:17:02,323 - root - INFO -     Endothelial: 499 cells (10.2%)
2026-02-18 16:17:02,323 - root - INFO -     Myeloid: 477 cells (9.7%)
2026-02-18 16:17:02,323 - root - INFO -     Normal Epithelial: 449 cells (9.2%)
2026-02-18 16:17:02,323 - root - INFO -     PVL: 454 cells (9.3%)
2026-02-18 16:17:02,323 - root - INFO -     Plasmablasts: 454 cells (9.3%)
2026-02-18 16:17:02,324 - root - INFO -     T-cells: 496 cells (10.1%)
2026-02-18 16:17:02,324 - root - INFO - 
=== EM Iteration 4/10 ===
2026-02-18 16:17:02,324 - root - INFO - Global IQP: 956 spots x 9 cell types = 8604 integer variables
2026-02-18 16:17:02,324 - root - INFO - Time limit: 600.0s, MIP gap: 5.0%
2026-02-18 16:17:02,324 - gurobipy - INFO - Set parameter TimeLimit to value 600
2026-02-18 16:17:02,324 - gurobipy - INFO - Set parameter MIPGap to value 0.05
2026-02-18 16:17:04,506 - root - INFO - Starting global IQP optimization...
2026-02-18 16:17:04,507 - gurobipy - INFO - Gurobi Optimizer version 11.0.2 build v11.0.2rc0 (linux64 - "Red Hat Enterprise Linux 9.6 (Plow)")
2026-02-18 16:17:04,507 - gurobipy - INFO - 
2026-02-18 16:17:04,507 - gurobipy - INFO - CPU model: Intel(R) Xeon(R) Platinum 8352Y CPU @ 2.20GHz, instruction set [SSE2|AVX|AVX2|AVX512]
2026-02-18 16:17:04,507 - gurobipy - INFO - Thread count: 64 physical cores, 64 logical processors, using up to 32 threads
2026-02-18 16:17:04,507 - gurobipy - INFO - 
2026-02-18 16:17:04,507 - gurobipy - INFO - Optimize a model with 939 rows, 8604 columns and 8451 nonzeros
2026-02-18 16:17:04,508 - gurobipy - INFO - Model fingerprint: 0x157ab390
2026-02-18 16:17:04,508 - gurobipy - INFO - Model has 8604 quadratic objective terms
2026-02-18 16:17:04,508 - gurobipy - INFO - Variable types: 0 continuous, 8604 integer (0 binary)
2026-02-18 16:17:04,508 - gurobipy - INFO - Coefficient statistics:
2026-02-18 16:17:04,508 - gurobipy - INFO -   Matrix range     [1e+00, 1e+00]
2026-02-18 16:17:04,508 - gurobipy - INFO -   Objective range  [3e-09, 9e-01]
2026-02-18 16:17:04,508 - gurobipy - INFO -   QObjective range [4e-02, 3e-01]
2026-02-18 16:17:04,508 - gurobipy - INFO -   Bounds range     [1e+00, 2e+01]
2026-02-18 16:17:04,508 - gurobipy - INFO -   RHS range        [1e+00, 2e+01]
2026-02-18 16:17:04,508 - gurobipy - INFO - 
2026-02-18 16:17:04,509 - gurobipy - INFO - Loaded user MIP start with objective 119.485
2026-02-18 16:17:04,509 - gurobipy - INFO - 
2026-02-18 16:17:08,558 - gurobipy - INFO - Presolve removed 938 rows and 8595 columns
2026-02-18 16:17:08,559 - gurobipy - INFO - Presolve time: 4.05s
2026-02-18 16:17:08,559 - gurobipy - INFO - Presolved: 1 rows, 9 columns, 9 nonzeros
2026-02-18 16:17:08,559 - gurobipy - INFO - Presolved model has 9 quadratic objective terms
2026-02-18 16:17:08,559 - gurobipy - INFO - Found heuristic solution: objective 118.7761050
2026-02-18 16:17:08,559 - gurobipy - INFO - Variable types: 0 continuous, 9 integer (0 binary)
2026-02-18 16:17:08,560 - gurobipy - INFO - 
2026-02-18 16:17:08,560 - gurobipy - INFO - Explored 0 nodes (0 simplex iterations) in 4.05 seconds (0.11 work units)
2026-02-18 16:17:08,560 - gurobipy - INFO - Thread count was 32 (of 64 available processors)
2026-02-18 16:17:08,560 - gurobipy - INFO - 
2026-02-18 16:17:08,560 - gurobipy - INFO - Solution count 2: 118.776 119.485 
2026-02-18 16:17:08,560 - gurobipy - INFO - 
2026-02-18 16:17:08,560 - gurobipy - INFO - Optimal solution found (tolerance 5.00e-02)
2026-02-18 16:17:08,560 - gurobipy - INFO - Best objective 1.187761049726e+02, best bound 1.187169049348e+02, gap 0.0498%
2026-02-18 16:17:08,586 - root - INFO - Global IQP solved: status=2, gap=0.05%, time=4.1s
2026-02-18 16:17:08,647 - root - INFO -   Loss: 118.2342 (change: 0.010468)
2026-02-18 16:17:08,648 - root - INFO -   Beta range: [0.100, 0.264]
2026-02-18 16:17:08,648 - root - INFO -   Max beta change: 0.011260
2026-02-18 16:17:08,648 - root - INFO -   Cell count range: [0, 15]
2026-02-18 16:17:08,648 - root - INFO -     B-cells: 387 cells (7.9%)
2026-02-18 16:17:08,648 - root - INFO -     CAFs: 817 cells (16.7%)
2026-02-18 16:17:08,648 - root - INFO -     Cancer Epithelial: 925 cells (18.9%)
2026-02-18 16:17:08,648 - root - INFO -     Endothelial: 459 cells (9.4%)
2026-02-18 16:17:08,648 - root - INFO -     Myeloid: 486 cells (9.9%)
2026-02-18 16:17:08,648 - root - INFO -     Normal Epithelial: 439 cells (9.0%)
2026-02-18 16:17:08,648 - root - INFO -     PVL: 428 cells (8.7%)
2026-02-18 16:17:08,648 - root - INFO -     Plasmablasts: 453 cells (9.3%)
2026-02-18 16:17:08,648 - root - INFO -     T-cells: 500 cells (10.2%)
2026-02-18 16:17:08,648 - root - INFO - 
=== EM Iteration 5/10 ===
2026-02-18 16:17:08,648 - root - INFO - Global IQP: 956 spots x 9 cell types = 8604 integer variables
2026-02-18 16:17:08,648 - root - INFO - Time limit: 600.0s, MIP gap: 5.0%
2026-02-18 16:17:08,648 - gurobipy - INFO - Set parameter TimeLimit to value 600
2026-02-18 16:17:08,648 - gurobipy - INFO - Set parameter MIPGap to value 0.05
2026-02-18 16:17:10,426 - root - INFO - Starting global IQP optimization...
2026-02-18 16:17:10,427 - gurobipy - INFO - Gurobi Optimizer version 11.0.2 build v11.0.2rc0 (linux64 - "Red Hat Enterprise Linux 9.6 (Plow)")
2026-02-18 16:17:10,427 - gurobipy - INFO - 
2026-02-18 16:17:10,427 - gurobipy - INFO - CPU model: Intel(R) Xeon(R) Platinum 8352Y CPU @ 2.20GHz, instruction set [SSE2|AVX|AVX2|AVX512]
2026-02-18 16:17:10,427 - gurobipy - INFO - Thread count: 64 physical cores, 64 logical processors, using up to 32 threads
2026-02-18 16:17:10,427 - gurobipy - INFO - 
2026-02-18 16:17:10,427 - gurobipy - INFO - Optimize a model with 939 rows, 8604 columns and 8451 nonzeros
2026-02-18 16:17:10,428 - gurobipy - INFO - Model fingerprint: 0xc513edc3
2026-02-18 16:17:10,428 - gurobipy - INFO - Model has 8604 quadratic objective terms
2026-02-18 16:17:10,428 - gurobipy - INFO - Variable types: 0 continuous, 8604 integer (0 binary)
2026-02-18 16:17:10,428 - gurobipy - INFO - Coefficient statistics:
2026-02-18 16:17:10,428 - gurobipy - INFO -   Matrix range     [1e+00, 1e+00]
2026-02-18 16:17:10,428 - gurobipy - INFO -   Objective range  [3e-09, 9e-01]
2026-02-18 16:17:10,428 - gurobipy - INFO -   QObjective range [4e-02, 2e-01]
2026-02-18 16:17:10,428 - gurobipy - INFO -   Bounds range     [1e+00, 2e+01]
2026-02-18 16:17:10,428 - gurobipy - INFO -   RHS range        [1e+00, 2e+01]
2026-02-18 16:17:10,428 - gurobipy - INFO - 
2026-02-18 16:17:10,428 - gurobipy - INFO - Loaded user MIP start with objective 118.234
2026-02-18 16:17:10,428 - gurobipy - INFO - 
2026-02-18 16:17:14,386 - gurobipy - INFO - Presolve removed 938 rows and 8595 columns
2026-02-18 16:17:14,386 - gurobipy - INFO - Presolve time: 3.96s
2026-02-18 16:17:14,386 - gurobipy - INFO - Presolved: 1 rows, 9 columns, 9 nonzeros
2026-02-18 16:17:14,386 - gurobipy - INFO - Presolved model has 9 quadratic objective terms
2026-02-18 16:17:14,387 - gurobipy - INFO - Found heuristic solution: objective 117.6632006
2026-02-18 16:17:14,387 - gurobipy - INFO - Variable types: 0 continuous, 9 integer (0 binary)
2026-02-18 16:17:14,387 - gurobipy - INFO - 
2026-02-18 16:17:14,387 - gurobipy - INFO - Explored 0 nodes (0 simplex iterations) in 3.96 seconds (0.11 work units)
2026-02-18 16:17:14,387 - gurobipy - INFO - Thread count was 32 (of 64 available processors)
2026-02-18 16:17:14,387 - gurobipy - INFO - 
2026-02-18 16:17:14,387 - gurobipy - INFO - Solution count 2: 117.663 118.234 
2026-02-18 16:17:14,387 - gurobipy - INFO - 
2026-02-18 16:17:14,387 - gurobipy - INFO - Optimal solution found (tolerance 5.00e-02)
2026-02-18 16:17:14,388 - gurobipy - INFO - Best objective 1.176632005896e+02, best bound 1.175995695606e+02, gap 0.0541%
2026-02-18 16:17:14,414 - root - INFO - Global IQP solved: status=2, gap=0.05%, time=4.0s
2026-02-18 16:17:14,475 - root - INFO -   Loss: 117.0678 (change: 0.009865)
2026-02-18 16:17:14,475 - root - INFO -   Beta range: [0.100, 0.254]
2026-02-18 16:17:14,475 - root - INFO -   Max beta change: 0.009992
2026-02-18 16:17:14,475 - root - INFO -   Cell count range: [0, 15]
2026-02-18 16:17:14,475 - root - INFO -     B-cells: 374 cells (7.6%)
2026-02-18 16:17:14,475 - root - INFO -     CAFs: 849 cells (17.3%)
2026-02-18 16:17:14,475 - root - INFO -     Cancer Epithelial: 962 cells (19.7%)
2026-02-18 16:17:14,475 - root - INFO -     Endothelial: 428 cells (8.7%)
2026-02-18 16:17:14,475 - root - INFO -     Myeloid: 485 cells (9.9%)
2026-02-18 16:17:14,476 - root - INFO -     Normal Epithelial: 421 cells (8.6%)
2026-02-18 16:17:14,476 - root - INFO -     PVL: 417 cells (8.5%)
2026-02-18 16:17:14,476 - root - INFO -     Plasmablasts: 452 cells (9.2%)
2026-02-18 16:17:14,476 - root - INFO -     T-cells: 506 cells (10.3%)
2026-02-18 16:17:14,476 - root - INFO - 
=== EM Iteration 6/10 ===
2026-02-18 16:17:14,476 - root - INFO - Global IQP: 956 spots x 9 cell types = 8604 integer variables
2026-02-18 16:17:14,476 - root - INFO - Time limit: 600.0s, MIP gap: 5.0%
2026-02-18 16:17:14,476 - gurobipy - INFO - Set parameter TimeLimit to value 600
2026-02-18 16:17:14,476 - gurobipy - INFO - Set parameter MIPGap to value 0.05
2026-02-18 16:17:16,422 - root - INFO - Starting global IQP optimization...
2026-02-18 16:17:16,422 - gurobipy - INFO - Gurobi Optimizer version 11.0.2 build v11.0.2rc0 (linux64 - "Red Hat Enterprise Linux 9.6 (Plow)")
2026-02-18 16:17:16,422 - gurobipy - INFO - 
2026-02-18 16:17:16,422 - gurobipy - INFO - CPU model: Intel(R) Xeon(R) Platinum 8352Y CPU @ 2.20GHz, instruction set [SSE2|AVX|AVX2|AVX512]
2026-02-18 16:17:16,423 - gurobipy - INFO - Thread count: 64 physical cores, 64 logical processors, using up to 32 threads
2026-02-18 16:17:16,423 - gurobipy - INFO - 
2026-02-18 16:17:16,423 - gurobipy - INFO - Optimize a model with 939 rows, 8604 columns and 8451 nonzeros
2026-02-18 16:17:16,423 - gurobipy - INFO - Model fingerprint: 0xc14deae9
2026-02-18 16:17:16,423 - gurobipy - INFO - Model has 8604 quadratic objective terms
2026-02-18 16:17:16,423 - gurobipy - INFO - Variable types: 0 continuous, 8604 integer (0 binary)
2026-02-18 16:17:16,423 - gurobipy - INFO - Coefficient statistics:
2026-02-18 16:17:16,423 - gurobipy - INFO -   Matrix range     [1e+00, 1e+00]
2026-02-18 16:17:16,423 - gurobipy - INFO -   Objective range  [3e-09, 9e-01]
2026-02-18 16:17:16,423 - gurobipy - INFO -   QObjective range [4e-02, 2e-01]
2026-02-18 16:17:16,423 - gurobipy - INFO -   Bounds range     [1e+00, 2e+01]
2026-02-18 16:17:16,424 - gurobipy - INFO -   RHS range        [1e+00, 2e+01]
2026-02-18 16:17:16,424 - gurobipy - INFO - 
2026-02-18 16:17:16,424 - gurobipy - INFO - Loaded user MIP start with objective 117.068
2026-02-18 16:17:16,424 - gurobipy - INFO - 
2026-02-18 16:17:20,517 - gurobipy - INFO - Presolve removed 938 rows and 8595 columns
2026-02-18 16:17:20,517 - gurobipy - INFO - Presolve time: 4.09s
2026-02-18 16:17:20,517 - gurobipy - INFO - Presolved: 1 rows, 9 columns, 9 nonzeros
2026-02-18 16:17:20,518 - gurobipy - INFO - Presolved model has 9 quadratic objective terms
2026-02-18 16:17:20,518 - gurobipy - INFO - Found heuristic solution: objective 116.6932856
2026-02-18 16:17:20,518 - gurobipy - INFO - Variable types: 0 continuous, 9 integer (0 binary)
2026-02-18 16:17:20,519 - gurobipy - INFO - 
2026-02-18 16:17:20,519 - gurobipy - INFO - Explored 0 nodes (0 simplex iterations) in 4.10 seconds (0.11 work units)
2026-02-18 16:17:20,519 - gurobipy - INFO - Thread count was 32 (of 64 available processors)
2026-02-18 16:17:20,519 - gurobipy - INFO - 
2026-02-18 16:17:20,519 - gurobipy - INFO - Solution count 2: 116.693 117.068 
2026-02-18 16:17:20,519 - gurobipy - INFO - 
2026-02-18 16:17:20,519 - gurobipy - INFO - Optimal solution found (tolerance 5.00e-02)
2026-02-18 16:17:20,519 - gurobipy - INFO - Best objective 1.166932855852e+02, best bound 1.166242693280e+02, gap 0.0591%
2026-02-18 16:17:20,545 - root - INFO - Global IQP solved: status=2, gap=0.06%, time=4.1s
2026-02-18 16:17:20,606 - root - INFO -   Loss: 116.4904 (change: 0.004932)
2026-02-18 16:17:20,606 - root - INFO -   Beta range: [0.100, 0.248]
2026-02-18 16:17:20,606 - root - INFO -   Max beta change: 0.010465
2026-02-18 16:17:20,606 - root - INFO -   Cell count range: [0, 15]
2026-02-18 16:17:20,606 - root - INFO -     B-cells: 364 cells (7.4%)
2026-02-18 16:17:20,606 - root - INFO -     CAFs: 881 cells (18.0%)
2026-02-18 16:17:20,606 - root - INFO -     Cancer Epithelial: 986 cells (20.1%)
2026-02-18 16:17:20,607 - root - INFO -     Endothelial: 410 cells (8.4%)
2026-02-18 16:17:20,607 - root - INFO -     Myeloid: 483 cells (9.9%)
2026-02-18 16:17:20,607 - root - INFO -     Normal Epithelial: 407 cells (8.3%)
2026-02-18 16:17:20,607 - root - INFO -     PVL: 406 cells (8.3%)
2026-02-18 16:17:20,607 - root - INFO -     Plasmablasts: 451 cells (9.2%)
2026-02-18 16:17:20,607 - root - INFO -     T-cells: 506 cells (10.3%)
2026-02-18 16:17:20,607 - root - INFO - 
=== EM Iteration 7/10 ===
2026-02-18 16:17:20,607 - root - INFO - Global IQP: 956 spots x 9 cell types = 8604 integer variables
2026-02-18 16:17:20,607 - root - INFO - Time limit: 600.0s, MIP gap: 5.0%
2026-02-18 16:17:20,607 - gurobipy - INFO - Set parameter TimeLimit to value 600
2026-02-18 16:17:20,607 - gurobipy - INFO - Set parameter MIPGap to value 0.05
2026-02-18 16:17:22,552 - root - INFO - Starting global IQP optimization...
2026-02-18 16:17:22,553 - gurobipy - INFO - Gurobi Optimizer version 11.0.2 build v11.0.2rc0 (linux64 - "Red Hat Enterprise Linux 9.6 (Plow)")
2026-02-18 16:17:22,553 - gurobipy - INFO - 
2026-02-18 16:17:22,553 - gurobipy - INFO - CPU model: Intel(R) Xeon(R) Platinum 8352Y CPU @ 2.20GHz, instruction set [SSE2|AVX|AVX2|AVX512]
2026-02-18 16:17:22,553 - gurobipy - INFO - Thread count: 64 physical cores, 64 logical processors, using up to 32 threads
2026-02-18 16:17:22,553 - gurobipy - INFO - 
2026-02-18 16:17:22,553 - gurobipy - INFO - Optimize a model with 939 rows, 8604 columns and 8451 nonzeros
2026-02-18 16:17:22,553 - gurobipy - INFO - Model fingerprint: 0x242a9212
2026-02-18 16:17:22,553 - gurobipy - INFO - Model has 8604 quadratic objective terms
2026-02-18 16:17:22,553 - gurobipy - INFO - Variable types: 0 continuous, 8604 integer (0 binary)
2026-02-18 16:17:22,554 - gurobipy - INFO - Coefficient statistics:
2026-02-18 16:17:22,554 - gurobipy - INFO -   Matrix range     [1e+00, 1e+00]
2026-02-18 16:17:22,554 - gurobipy - INFO -   Objective range  [3e-09, 9e-01]
2026-02-18 16:17:22,554 - gurobipy - INFO -   QObjective range [4e-02, 2e-01]
2026-02-18 16:17:22,554 - gurobipy - INFO -   Bounds range     [1e+00, 2e+01]
2026-02-18 16:17:22,554 - gurobipy - INFO -   RHS range        [1e+00, 2e+01]
2026-02-18 16:17:22,554 - gurobipy - INFO - 
2026-02-18 16:17:22,554 - gurobipy - INFO - Loaded user MIP start with objective 116.49
2026-02-18 16:17:22,554 - gurobipy - INFO - 
2026-02-18 16:17:26,306 - gurobipy - INFO - Presolve removed 938 rows and 8595 columns
2026-02-18 16:17:26,306 - gurobipy - INFO - Presolve time: 3.75s
2026-02-18 16:17:26,307 - gurobipy - INFO - Presolved: 1 rows, 9 columns, 9 nonzeros
2026-02-18 16:17:26,307 - gurobipy - INFO - Presolved model has 9 quadratic objective terms
2026-02-18 16:17:26,307 - gurobipy - INFO - Found heuristic solution: objective 116.2345349
2026-02-18 16:17:26,307 - gurobipy - INFO - Variable types: 0 continuous, 9 integer (0 binary)
2026-02-18 16:17:26,308 - gurobipy - INFO - 
2026-02-18 16:17:26,308 - gurobipy - INFO - Explored 0 nodes (0 simplex iterations) in 3.75 seconds (0.11 work units)
2026-02-18 16:17:26,308 - gurobipy - INFO - Thread count was 32 (of 64 available processors)
2026-02-18 16:17:26,308 - gurobipy - INFO - 
2026-02-18 16:17:26,308 - gurobipy - INFO - Solution count 2: 116.235 116.49 
2026-02-18 16:17:26,308 - gurobipy - INFO - 
2026-02-18 16:17:26,308 - gurobipy - INFO - Optimal solution found (tolerance 5.00e-02)
2026-02-18 16:17:26,308 - gurobipy - INFO - Best objective 1.162345349241e+02, best bound 1.161631289569e+02, gap 0.0614%
2026-02-18 16:17:26,334 - root - INFO - Global IQP solved: status=2, gap=0.06%, time=3.8s
2026-02-18 16:17:26,396 - root - INFO -   Loss: 115.7846 (change: 0.006059)
2026-02-18 16:17:26,396 - root - INFO -   Beta range: [0.100, 0.241]
2026-02-18 16:17:26,396 - root - INFO -   Max beta change: 0.008662
2026-02-18 16:17:26,396 - root - INFO -   Cell count range: [0, 15]
2026-02-18 16:17:26,396 - root - INFO -     B-cells: 353 cells (7.2%)
2026-02-18 16:17:26,396 - root - INFO -     CAFs: 910 cells (18.6%)
2026-02-18 16:17:26,396 - root - INFO -     Cancer Epithelial: 1015 cells (20.7%)
2026-02-18 16:17:26,396 - root - INFO -     Endothelial: 390 cells (8.0%)
2026-02-18 16:17:26,396 - root - INFO -     Myeloid: 481 cells (9.8%)
2026-02-18 16:17:26,396 - root - INFO -     Normal Epithelial: 401 cells (8.2%)
2026-02-18 16:17:26,396 - root - INFO -     PVL: 392 cells (8.0%)
2026-02-18 16:17:26,396 - root - INFO -     Plasmablasts: 448 cells (9.2%)
2026-02-18 16:17:26,396 - root - INFO -     T-cells: 504 cells (10.3%)
2026-02-18 16:17:26,396 - root - INFO - 
=== EM Iteration 8/10 ===
2026-02-18 16:17:26,396 - root - INFO - Global IQP: 956 spots x 9 cell types = 8604 integer variables
2026-02-18 16:17:26,396 - root - INFO - Time limit: 600.0s, MIP gap: 5.0%
2026-02-18 16:17:26,396 - gurobipy - INFO - Set parameter TimeLimit to value 600
2026-02-18 16:17:26,396 - gurobipy - INFO - Set parameter MIPGap to value 0.05
2026-02-18 16:17:28,344 - root - INFO - Starting global IQP optimization...
2026-02-18 16:17:28,345 - gurobipy - INFO - Gurobi Optimizer version 11.0.2 build v11.0.2rc0 (linux64 - "Red Hat Enterprise Linux 9.6 (Plow)")
2026-02-18 16:17:28,345 - gurobipy - INFO - 
2026-02-18 16:17:28,345 - gurobipy - INFO - CPU model: Intel(R) Xeon(R) Platinum 8352Y CPU @ 2.20GHz, instruction set [SSE2|AVX|AVX2|AVX512]
2026-02-18 16:17:28,345 - gurobipy - INFO - Thread count: 64 physical cores, 64 logical processors, using up to 32 threads
2026-02-18 16:17:28,345 - gurobipy - INFO - 
2026-02-18 16:17:28,345 - gurobipy - INFO - Optimize a model with 939 rows, 8604 columns and 8451 nonzeros
2026-02-18 16:17:28,346 - gurobipy - INFO - Model fingerprint: 0xffc74c28
2026-02-18 16:17:28,346 - gurobipy - INFO - Model has 8604 quadratic objective terms
2026-02-18 16:17:28,346 - gurobipy - INFO - Variable types: 0 continuous, 8604 integer (0 binary)
2026-02-18 16:17:28,346 - gurobipy - INFO - Coefficient statistics:
2026-02-18 16:17:28,346 - gurobipy - INFO -   Matrix range     [1e+00, 1e+00]
2026-02-18 16:17:28,346 - gurobipy - INFO -   Objective range  [3e-09, 8e-01]
2026-02-18 16:17:28,346 - gurobipy - INFO -   QObjective range [4e-02, 2e-01]
2026-02-18 16:17:28,346 - gurobipy - INFO -   Bounds range     [1e+00, 2e+01]
2026-02-18 16:17:28,346 - gurobipy - INFO -   RHS range        [1e+00, 2e+01]
2026-02-18 16:17:28,346 - gurobipy - INFO - 
2026-02-18 16:17:28,346 - gurobipy - INFO - Loaded user MIP start with objective 115.785
2026-02-18 16:17:28,346 - gurobipy - INFO - 
2026-02-18 16:17:32,433 - gurobipy - INFO - Presolve removed 938 rows and 8595 columns
2026-02-18 16:17:32,434 - gurobipy - INFO - Presolve time: 4.09s
2026-02-18 16:17:32,434 - gurobipy - INFO - Presolved: 1 rows, 9 columns, 9 nonzeros
2026-02-18 16:17:32,434 - gurobipy - INFO - Presolved model has 9 quadratic objective terms
2026-02-18 16:17:32,434 - gurobipy - INFO - Found heuristic solution: objective 115.6601956
2026-02-18 16:17:32,434 - gurobipy - INFO - Variable types: 0 continuous, 9 integer (0 binary)
2026-02-18 16:17:32,435 - gurobipy - INFO - 
2026-02-18 16:17:32,435 - gurobipy - INFO - Explored 0 nodes (0 simplex iterations) in 4.09 seconds (0.10 work units)
2026-02-18 16:17:32,435 - gurobipy - INFO - Thread count was 32 (of 64 available processors)
2026-02-18 16:17:32,435 - gurobipy - INFO - 
2026-02-18 16:17:32,435 - gurobipy - INFO - Solution count 2: 115.66 115.785 
2026-02-18 16:17:32,435 - gurobipy - INFO - 
2026-02-18 16:17:32,435 - gurobipy - INFO - Optimal solution found (tolerance 5.00e-02)
2026-02-18 16:17:32,435 - gurobipy - INFO - Best objective 1.156601956160e+02, best bound 1.155856566503e+02, gap 0.0644%
2026-02-18 16:17:32,461 - root - INFO - Global IQP solved: status=2, gap=0.06%, time=4.1s
2026-02-18 16:17:32,522 - root - INFO -   Loss: 115.1671 (change: 0.005333)
2026-02-18 16:17:32,522 - root - INFO -   Beta range: [0.100, 0.236]
2026-02-18 16:17:32,522 - root - INFO -   Max beta change: 0.006068
2026-02-18 16:17:32,523 - root - INFO -   Cell count range: [0, 15]
2026-02-18 16:17:32,523 - root - INFO -     B-cells: 346 cells (7.1%)
2026-02-18 16:17:32,523 - root - INFO -     CAFs: 929 cells (19.0%)
2026-02-18 16:17:32,523 - root - INFO -     Cancer Epithelial: 1025 cells (20.9%)
2026-02-18 16:17:32,523 - root - INFO -     Endothelial: 383 cells (7.8%)
2026-02-18 16:17:32,523 - root - INFO -     Myeloid: 483 cells (9.9%)
2026-02-18 16:17:32,523 - root - INFO -     Normal Epithelial: 391 cells (8.0%)
2026-02-18 16:17:32,523 - root - INFO -     PVL: 392 cells (8.0%)
2026-02-18 16:17:32,523 - root - INFO -     Plasmablasts: 444 cells (9.1%)
2026-02-18 16:17:32,523 - root - INFO -     T-cells: 501 cells (10.2%)
2026-02-18 16:17:32,523 - root - INFO - 
=== EM Iteration 9/10 ===
2026-02-18 16:17:32,523 - root - INFO - Global IQP: 956 spots x 9 cell types = 8604 integer variables
2026-02-18 16:17:32,523 - root - INFO - Time limit: 600.0s, MIP gap: 5.0%
2026-02-18 16:17:32,523 - gurobipy - INFO - Set parameter TimeLimit to value 600
2026-02-18 16:17:32,523 - gurobipy - INFO - Set parameter MIPGap to value 0.05
2026-02-18 16:17:34,475 - root - INFO - Starting global IQP optimization...
2026-02-18 16:17:34,476 - gurobipy - INFO - Gurobi Optimizer version 11.0.2 build v11.0.2rc0 (linux64 - "Red Hat Enterprise Linux 9.6 (Plow)")
2026-02-18 16:17:34,476 - gurobipy - INFO - 
2026-02-18 16:17:34,476 - gurobipy - INFO - CPU model: Intel(R) Xeon(R) Platinum 8352Y CPU @ 2.20GHz, instruction set [SSE2|AVX|AVX2|AVX512]
2026-02-18 16:17:34,476 - gurobipy - INFO - Thread count: 64 physical cores, 64 logical processors, using up to 32 threads
2026-02-18 16:17:34,476 - gurobipy - INFO - 
2026-02-18 16:17:34,476 - gurobipy - INFO - Optimize a model with 939 rows, 8604 columns and 8451 nonzeros
2026-02-18 16:17:34,476 - gurobipy - INFO - Model fingerprint: 0x654cb4dc
2026-02-18 16:17:34,476 - gurobipy - INFO - Model has 8604 quadratic objective terms
2026-02-18 16:17:34,476 - gurobipy - INFO - Variable types: 0 continuous, 8604 integer (0 binary)
2026-02-18 16:17:34,477 - gurobipy - INFO - Coefficient statistics:
2026-02-18 16:17:34,477 - gurobipy - INFO -   Matrix range     [1e+00, 1e+00]
2026-02-18 16:17:34,477 - gurobipy - INFO -   Objective range  [3e-09, 8e-01]
2026-02-18 16:17:34,477 - gurobipy - INFO -   QObjective range [4e-02, 2e-01]
2026-02-18 16:17:34,477 - gurobipy - INFO -   Bounds range     [1e+00, 2e+01]
2026-02-18 16:17:34,477 - gurobipy - INFO -   RHS range        [1e+00, 2e+01]
2026-02-18 16:17:34,477 - gurobipy - INFO - 
2026-02-18 16:17:34,477 - gurobipy - INFO - Loaded user MIP start with objective 115.167
2026-02-18 16:17:34,477 - gurobipy - INFO - 
2026-02-18 16:17:38,403 - gurobipy - INFO - Presolve removed 938 rows and 8595 columns
2026-02-18 16:17:38,403 - gurobipy - INFO - Presolve time: 3.93s
2026-02-18 16:17:38,403 - gurobipy - INFO - Presolved: 1 rows, 9 columns, 9 nonzeros
2026-02-18 16:17:38,403 - gurobipy - INFO - Presolved model has 9 quadratic objective terms
2026-02-18 16:17:38,404 - gurobipy - INFO - Found heuristic solution: objective 115.0271552
2026-02-18 16:17:38,404 - gurobipy - INFO - Variable types: 0 continuous, 9 integer (0 binary)
2026-02-18 16:17:38,404 - gurobipy - INFO - 
2026-02-18 16:17:38,404 - gurobipy - INFO - Explored 0 nodes (0 simplex iterations) in 3.93 seconds (0.10 work units)
2026-02-18 16:17:38,404 - gurobipy - INFO - Thread count was 32 (of 64 available processors)
2026-02-18 16:17:38,404 - gurobipy - INFO - 
2026-02-18 16:17:38,404 - gurobipy - INFO - Solution count 2: 115.027 115.167 
2026-02-18 16:17:38,405 - gurobipy - INFO - 
2026-02-18 16:17:38,405 - gurobipy - INFO - Optimal solution found (tolerance 5.00e-02)
2026-02-18 16:17:38,405 - gurobipy - INFO - Best objective 1.150271552390e+02, best bound 1.149512438417e+02, gap 0.0660%
2026-02-18 16:17:38,431 - root - INFO - Global IQP solved: status=2, gap=0.07%, time=3.9s
2026-02-18 16:17:38,493 - root - INFO -   Loss: 114.6207 (change: 0.004744)
2026-02-18 16:17:38,493 - root - INFO -   Beta range: [0.100, 0.229]
2026-02-18 16:17:38,493 - root - INFO -   Max beta change: 0.006528
2026-02-18 16:17:38,493 - root - INFO -   Cell count range: [0, 15]
2026-02-18 16:17:38,493 - root - INFO -     B-cells: 346 cells (7.1%)
2026-02-18 16:17:38,493 - root - INFO -     CAFs: 952 cells (19.5%)
2026-02-18 16:17:38,493 - root - INFO -     Cancer Epithelial: 1030 cells (21.0%)
2026-02-18 16:17:38,493 - root - INFO -     Endothelial: 378 cells (7.7%)
2026-02-18 16:17:38,493 - root - INFO -     Myeloid: 482 cells (9.8%)
2026-02-18 16:17:38,493 - root - INFO -     Normal Epithelial: 379 cells (7.7%)
2026-02-18 16:17:38,493 - root - INFO -     PVL: 392 cells (8.0%)
2026-02-18 16:17:38,493 - root - INFO -     Plasmablasts: 440 cells (9.0%)
2026-02-18 16:17:38,493 - root - INFO -     T-cells: 495 cells (10.1%)
2026-02-18 16:17:38,493 - root - INFO - 
=== EM Iteration 10/10 ===
2026-02-18 16:17:38,493 - root - INFO - Global IQP: 956 spots x 9 cell types = 8604 integer variables
2026-02-18 16:17:38,493 - root - INFO - Time limit: 600.0s, MIP gap: 5.0%
2026-02-18 16:17:38,493 - gurobipy - INFO - Set parameter TimeLimit to value 600
2026-02-18 16:17:38,493 - gurobipy - INFO - Set parameter MIPGap to value 0.05
2026-02-18 16:17:40,451 - root - INFO - Starting global IQP optimization...
2026-02-18 16:17:40,452 - gurobipy - INFO - Gurobi Optimizer version 11.0.2 build v11.0.2rc0 (linux64 - "Red Hat Enterprise Linux 9.6 (Plow)")
2026-02-18 16:17:40,452 - gurobipy - INFO - 
2026-02-18 16:17:40,452 - gurobipy - INFO - CPU model: Intel(R) Xeon(R) Platinum 8352Y CPU @ 2.20GHz, instruction set [SSE2|AVX|AVX2|AVX512]
2026-02-18 16:17:40,452 - gurobipy - INFO - Thread count: 64 physical cores, 64 logical processors, using up to 32 threads
2026-02-18 16:17:40,452 - gurobipy - INFO - 
2026-02-18 16:17:40,452 - gurobipy - INFO - Optimize a model with 939 rows, 8604 columns and 8451 nonzeros
2026-02-18 16:17:40,453 - gurobipy - INFO - Model fingerprint: 0x45c693aa
2026-02-18 16:17:40,453 - gurobipy - INFO - Model has 8604 quadratic objective terms
2026-02-18 16:17:40,453 - gurobipy - INFO - Variable types: 0 continuous, 8604 integer (0 binary)
2026-02-18 16:17:40,453 - gurobipy - INFO - Coefficient statistics:
2026-02-18 16:17:40,453 - gurobipy - INFO -   Matrix range     [1e+00, 1e+00]
2026-02-18 16:17:40,453 - gurobipy - INFO -   Objective range  [3e-09, 8e-01]
2026-02-18 16:17:40,453 - gurobipy - INFO -   QObjective range [4e-02, 2e-01]
2026-02-18 16:17:40,453 - gurobipy - INFO -   Bounds range     [1e+00, 2e+01]
2026-02-18 16:17:40,453 - gurobipy - INFO -   RHS range        [1e+00, 2e+01]
2026-02-18 16:17:40,453 - gurobipy - INFO - 
2026-02-18 16:17:40,453 - gurobipy - INFO - Loaded user MIP start with objective 114.621
2026-02-18 16:17:40,453 - gurobipy - INFO - 
2026-02-18 16:17:44,450 - gurobipy - INFO - Presolve removed 938 rows and 8595 columns
2026-02-18 16:17:44,450 - gurobipy - INFO - Presolve time: 4.00s
2026-02-18 16:17:44,450 - gurobipy - INFO - Presolved: 1 rows, 9 columns, 9 nonzeros
2026-02-18 16:17:44,450 - gurobipy - INFO - Presolved model has 9 quadratic objective terms
2026-02-18 16:17:44,450 - gurobipy - INFO - Found heuristic solution: objective 114.4854054
2026-02-18 16:17:44,450 - gurobipy - INFO - Variable types: 0 continuous, 9 integer (0 binary)
2026-02-18 16:17:44,451 - gurobipy - INFO - 
2026-02-18 16:17:44,451 - gurobipy - INFO - Explored 0 nodes (0 simplex iterations) in 4.00 seconds (0.10 work units)
2026-02-18 16:17:44,451 - gurobipy - INFO - Thread count was 32 (of 64 available processors)
2026-02-18 16:17:44,451 - gurobipy - INFO - 
2026-02-18 16:17:44,451 - gurobipy - INFO - Solution count 2: 114.485 114.621 
2026-02-18 16:17:44,451 - gurobipy - INFO - 
2026-02-18 16:17:44,451 - gurobipy - INFO - Optimal solution found (tolerance 5.00e-02)
2026-02-18 16:17:44,451 - gurobipy - INFO - Best objective 1.144854053915e+02, best bound 1.144084150451e+02, gap 0.0672%
2026-02-18 16:17:44,477 - root - INFO - Global IQP solved: status=2, gap=0.07%, time=4.0s
2026-02-18 16:17:44,539 - root - INFO -   Loss: 114.0838 (change: 0.004684)
2026-02-18 16:17:44,539 - root - INFO -   Beta range: [0.100, 0.228]
2026-02-18 16:17:44,539 - root - INFO -   Max beta change: 0.007606
2026-02-18 16:17:44,539 - root - INFO -   Cell count range: [0, 15]
2026-02-18 16:17:44,539 - root - INFO -     B-cells: 344 cells (7.0%)
2026-02-18 16:17:44,539 - root - INFO -     CAFs: 968 cells (19.8%)
2026-02-18 16:17:44,539 - root - INFO -     Cancer Epithelial: 1042 cells (21.3%)
2026-02-18 16:17:44,539 - root - INFO -     Endothelial: 374 cells (7.6%)
2026-02-18 16:17:44,539 - root - INFO -     Myeloid: 477 cells (9.7%)
2026-02-18 16:17:44,539 - root - INFO -     Normal Epithelial: 376 cells (7.7%)
2026-02-18 16:17:44,539 - root - INFO -     PVL: 387 cells (7.9%)
2026-02-18 16:17:44,539 - root - INFO -     Plasmablasts: 436 cells (8.9%)
2026-02-18 16:17:44,539 - root - INFO -     T-cells: 490 cells (10.0%)
2026-02-18 16:17:44,539 - root - INFO - 
Final beta values:
2026-02-18 16:17:44,539 - root - INFO -   B-cells_Protein_1: β=0.174, α=0.000
2026-02-18 16:17:44,539 - root - INFO -   B-cells_Protein_2: β=0.126, α=0.000
2026-02-18 16:17:44,539 - root - INFO -   CAFs_Protein_1: β=0.170, α=0.000
2026-02-18 16:17:44,539 - root - INFO -   CAFs_Protein_2: β=0.174, α=0.000
2026-02-18 16:17:44,539 - root - INFO -   Cancer Epithelial_Protein_1: β=0.221, α=0.021
2026-02-18 16:17:44,539 - root - INFO -   Cancer Epithelial_Protein_2: β=0.183, α=0.024
2026-02-18 16:17:44,540 - root - INFO -   Endothelial_Protein_1: β=0.228, α=0.000
2026-02-18 16:17:44,540 - root - INFO -   Endothelial_Protein_2: β=0.100, α=0.000
2026-02-18 16:17:44,540 - root - INFO -   Myeloid_Protein_1: β=0.167, α=0.000
2026-02-18 16:17:44,540 - root - INFO -   Myeloid_Protein_2: β=0.157, α=0.000
2026-02-18 16:17:44,540 - root - INFO -   Normal Epithelial_Protein_1: β=0.100, α=0.000
2026-02-18 16:17:44,540 - root - INFO -   Normal Epithelial_Protein_2: β=0.157, α=0.000
2026-02-18 16:17:44,540 - root - INFO -   PVL_Protein_1: β=0.100, α=0.000
2026-02-18 16:17:44,540 - root - INFO -   PVL_Protein_2: β=0.119, α=0.000
2026-02-18 16:17:44,540 - root - INFO -   Plasmablasts_Protein_1: β=0.100, α=0.000
2026-02-18 16:17:44,540 - root - INFO -   Plasmablasts_Protein_2: β=0.100, α=0.000
2026-02-18 16:17:44,540 - root - INFO -   T-cells_Protein_1: β=0.147, α=0.005
2026-02-18 16:17:44,540 - root - INFO -   T-cells_Protein_2: β=0.173, α=0.000
2026-02-18 16:17:44,555 - root - INFO - Saved discrete cell counts to Benchmarking/simulation_benchmarking/CITEgeist/output_discrete_nuclei_clr/mixed/dapi/mixed/dapi/Wu_rep_4/Wu_rep_4_discrete_cell_counts.csv
2026-02-18 16:17:44,577 - root - INFO - Saved derived proportions to Benchmarking/simulation_benchmarking/CITEgeist/output_discrete_nuclei_clr/mixed/dapi/mixed/dapi/Wu_rep_4/Wu_rep_4_cell_prop_discrete.csv
2026-02-18 16:17:44,578 - root - INFO - Cell type distribution:
2026-02-18 16:17:44,578 - root - INFO -   B-cells: 344 cells (7.0%)
2026-02-18 16:17:44,578 - root - INFO -   CAFs: 968 cells (19.8%)
2026-02-18 16:17:44,578 - root - INFO -   Cancer Epithelial: 1042 cells (21.3%)
2026-02-18 16:17:44,578 - root - INFO -   Endothelial: 374 cells (7.6%)
2026-02-18 16:17:44,578 - root - INFO -   Myeloid: 477 cells (9.7%)
2026-02-18 16:17:44,578 - root - INFO -   Normal Epithelial: 376 cells (7.7%)
2026-02-18 16:17:44,578 - root - INFO -   PVL: 387 cells (7.9%)
2026-02-18 16:17:44,578 - root - INFO -   Plasmablasts: 436 cells (8.9%)
2026-02-18 16:17:44,578 - root - INFO -   T-cells: 490 cells (10.0%)
2026-02-18 16:17:44,594 - __main__ - INFO - Loaded ground truth proportions: 956 spots, 9 cell types
2026-02-18 16:17:44,599 - __main__ - INFO - Proportion correlation: 0.573
2026-02-18 16:17:44,599 - __main__ - INFO - Proportion RMSE: 0.1713
2026-02-18 16:17:44,599 - __main__ - INFO - Running GEX deconvolution...
2026-02-18 16:17:44,600 - CITEgeist.model.utils - INFO - Detected spot spacing: 1.61 units (median of 956 nearest-neighbor distances)
2026-02-18 16:17:44,600 - CITEgeist.model.utils - INFO - Computed optimal radius: 4.92 (3.0 rings, spot_spacing=1.61)
2026-02-18 16:17:44,601 - root - INFO - Auto-detected radius: 4.92 (3 rings)
2026-02-18 16:17:44,601 - root - INFO - Starting Pass 1: Error minimization with enrichment weights...
2026-02-18 16:17:44,601 - root - INFO - Using discrete mode: cell counts as fixed multipliers
2026-02-18 16:17:44,601 - root - WARNING - Found 17 spots with zero cells. These will be skipped in deconvolution.
2026-02-18 16:17:44,601 - root - WARNING - Found 17 spots with zero or negligible total cell proportions. Deconvolution for these spots may fail and their profiles will be imputed as zeros. Example spot indices: [ 26  78 102 122 278]
2026-02-18 16:17:44,604 - root - INFO - Starting analysis for Wu_rep_4
2026-02-18 16:17:44,604 - root - INFO - Already completed spots: 0
2026-02-18 16:17:44,604 - root - INFO - Using enrichment weights - Global: 0.5, Local: 0.5
2026-02-18 16:17:44,604 - root - INFO - Using 64 workers
2026-02-18 16:17:44,604 - root - INFO - Processing 956 remaining spots
Deconvoluting Remaining Spots:   0%|          | 0/956 [00:00<?, ?it/s]Deconvoluting Remaining Spots:   0%|          | 1/956 [00:08<2:18:25,  8.70s/it]Deconvoluting Remaining Spots:   0%|          | 2/956 [00:09<1:03:55,  4.02s/it]Deconvoluting Remaining Spots:   0%|          | 3/956 [00:09<37:33,  2.36s/it]  Deconvoluting Remaining Spots:   0%|          | 4/956 [00:10<25:57,  1.64s/it]Deconvoluting Remaining Spots:   1%|          | 5/956 [00:10<19:47,  1.25s/it]Deconvoluting Remaining Spots:   1%|          | 6/956 [00:11<16:22,  1.03s/it]Deconvoluting Remaining Spots:   1%|          | 7/956 [00:12<14:25,  1.10it/s]Deconvoluting Remaining Spots:   1%|          | 8/956 [00:12<13:11,  1.20it/s]Deconvoluting Remaining Spots:   1%|          | 9/956 [00:13<12:18,  1.28it/s]Deconvoluting Remaining Spots:   1%|          | 10/956 [00:14<11:34,  1.36it/s]Deconvoluting Remaining Spots:   1%|          | 11/956 [00:14<11:23,  1.38it/s]Deconvoluting Remaining Spots:   1%|▏         | 12/956 [00:15<11:05,  1.42it/s]Deconvoluting Remaining Spots:   1%|▏         | 13/956 [00:16<11:11,  1.40it/s]Deconvoluting Remaining Spots:   1%|▏         | 14/956 [00:17<11:51,  1.32it/s]Deconvoluting Remaining Spots:   2%|▏         | 15/956 [00:17<10:35,  1.48it/s]Deconvoluting Remaining Spots:   2%|▏         | 16/956 [00:18<11:46,  1.33it/s]Deconvoluting Remaining Spots:   2%|▏         | 17/956 [00:19<10:55,  1.43it/s]Deconvoluting Remaining Spots:   2%|▏         | 18/956 [00:19<10:49,  1.44it/s]Deconvoluting Remaining Spots:   2%|▏         | 19/956 [00:20<10:35,  1.47it/s]Deconvoluting Remaining Spots:   2%|▏         | 20/956 [00:20<09:35,  1.63it/s]Deconvoluting Remaining Spots:   2%|▏         | 21/956 [00:21<09:47,  1.59it/s]Deconvoluting Remaining Spots:   2%|▏         | 22/956 [00:22<10:40,  1.46it/s]Deconvoluting Remaining Spots:   2%|▏         | 23/956 [00:22<09:50,  1.58it/s]Deconvoluting Remaining Spots:   3%|▎         | 24/956 [00:23<10:21,  1.50it/s]Deconvoluting Remaining Spots:   3%|▎         | 25/956 [00:24<10:32,  1.47it/s]Deconvoluting Remaining Spots:   3%|▎         | 26/956 [00:24<10:20,  1.50it/s]Deconvoluting Remaining Spots:   3%|▎         | 27/956 [00:25<09:34,  1.62it/s]Deconvoluting Remaining Spots:   3%|▎         | 28/956 [00:26<09:38,  1.60it/s]Deconvoluting Remaining Spots:   3%|▎         | 29/956 [00:26<09:48,  1.58it/s]Deconvoluting Remaining Spots:   3%|▎         | 30/956 [00:27<10:01,  1.54it/s]Deconvoluting Remaining Spots:   3%|▎         | 31/956 [00:28<10:42,  1.44it/s]Deconvoluting Remaining Spots:   3%|▎         | 32/956 [00:28<10:32,  1.46it/s]Deconvoluting Remaining Spots:   3%|▎         | 33/956 [00:29<10:36,  1.45it/s]Deconvoluting Remaining Spots:   4%|▎         | 34/956 [00:30<10:13,  1.50it/s]Deconvoluting Remaining Spots:   4%|▎         | 35/956 [00:30<09:47,  1.57it/s]Deconvoluting Remaining Spots:   4%|▍         | 36/956 [00:31<09:44,  1.57it/s]Deconvoluting Remaining Spots:   4%|▍         | 37/956 [00:32<09:42,  1.58it/s]Deconvoluting Remaining Spots:   4%|▍         | 38/956 [00:32<10:06,  1.51it/s]Deconvoluting Remaining Spots:   4%|▍         | 39/956 [00:33<09:42,  1.57it/s]Deconvoluting Remaining Spots:   4%|▍         | 40/956 [00:34<10:01,  1.52it/s]Deconvoluting Remaining Spots:   4%|▍         | 41/956 [00:34<10:01,  1.52it/s]Deconvoluting Remaining Spots:   4%|▍         | 42/956 [00:35<10:08,  1.50it/s]Deconvoluting Remaining Spots:   4%|▍         | 43/956 [00:36<11:22,  1.34it/s]Deconvoluting Remaining Spots:   5%|▍         | 44/956 [00:36<10:01,  1.52it/s]Deconvoluting Remaining Spots:   5%|▍         | 45/956 [00:37<10:07,  1.50it/s]Deconvoluting Remaining Spots:   5%|▍         | 46/956 [00:38<10:44,  1.41it/s]Deconvoluting Remaining Spots:   5%|▍         | 47/956 [00:38<10:32,  1.44it/s]Deconvoluting Remaining Spots:   5%|▌         | 48/956 [00:39<10:21,  1.46it/s]Deconvoluting Remaining Spots:   5%|▌         | 49/956 [00:40<10:13,  1.48it/s]Deconvoluting Remaining Spots:   5%|▌         | 50/956 [00:40<10:14,  1.47it/s]Deconvoluting Remaining Spots:   5%|▌         | 51/956 [00:41<10:02,  1.50it/s]Deconvoluting Remaining Spots:   5%|▌         | 52/956 [00:42<09:58,  1.51it/s]Deconvoluting Remaining Spots:   6%|▌         | 53/956 [00:42<09:45,  1.54it/s]Deconvoluting Remaining Spots:   6%|▌         | 54/956 [00:43<09:47,  1.54it/s]Deconvoluting Remaining Spots:   6%|▌         | 55/956 [00:44<10:46,  1.39it/s]Deconvoluting Remaining Spots:   6%|▌         | 56/956 [00:44<09:14,  1.62it/s]Deconvoluting Remaining Spots:   6%|▌         | 57/956 [00:45<09:41,  1.55it/s]Deconvoluting Remaining Spots:   6%|▌         | 58/956 [00:46<09:07,  1.64it/s]Deconvoluting Remaining Spots:   6%|▌         | 59/956 [00:46<09:31,  1.57it/s]Deconvoluting Remaining Spots:   6%|▋         | 60/956 [00:47<09:34,  1.56it/s]Deconvoluting Remaining Spots:   6%|▋         | 61/956 [00:48<10:10,  1.47it/s]Deconvoluting Remaining Spots:   6%|▋         | 62/956 [00:48<09:14,  1.61it/s]Deconvoluting Remaining Spots:   7%|▋         | 63/956 [00:49<09:56,  1.50it/s]Deconvoluting Remaining Spots:   7%|▋         | 64/956 [00:50<09:51,  1.51it/s]Deconvoluting Remaining Spots:   7%|▋         | 65/956 [00:50<09:22,  1.58it/s]Deconvoluting Remaining Spots:   7%|▋         | 66/956 [00:51<08:54,  1.66it/s]Deconvoluting Remaining Spots:   7%|▋         | 67/956 [00:51<08:38,  1.71it/s]Deconvoluting Remaining Spots:   7%|▋         | 68/956 [00:52<08:44,  1.69it/s]Deconvoluting Remaining Spots:   7%|▋         | 69/956 [00:52<09:15,  1.60it/s]Deconvoluting Remaining Spots:   7%|▋         | 70/956 [00:53<08:30,  1.74it/s]Deconvoluting Remaining Spots:   7%|▋         | 71/956 [00:54<08:24,  1.75it/s]Deconvoluting Remaining Spots:   8%|▊         | 72/956 [00:54<08:14,  1.79it/s]Deconvoluting Remaining Spots:   8%|▊         | 73/956 [00:55<09:05,  1.62it/s]Deconvoluting Remaining Spots:   8%|▊         | 74/956 [00:55<08:58,  1.64it/s]Deconvoluting Remaining Spots:   8%|▊         | 75/956 [00:56<10:02,  1.46it/s]Deconvoluting Remaining Spots:   8%|▊         | 76/956 [00:57<08:46,  1.67it/s]Deconvoluting Remaining Spots:   8%|▊         | 77/956 [00:57<08:30,  1.72it/s]Deconvoluting Remaining Spots:   8%|▊         | 78/956 [00:58<09:01,  1.62it/s]Deconvoluting Remaining Spots:   8%|▊         | 79/956 [00:58<08:42,  1.68it/s]Deconvoluting Remaining Spots:   8%|▊         | 80/956 [00:59<09:52,  1.48it/s]Deconvoluting Remaining Spots:   8%|▊         | 81/956 [01:00<07:57,  1.83it/s]Deconvoluting Remaining Spots:   9%|▊         | 82/956 [01:00<08:06,  1.79it/s]Deconvoluting Remaining Spots:   9%|▊         | 83/956 [01:01<08:00,  1.82it/s]Deconvoluting Remaining Spots:   9%|▉         | 84/956 [01:01<07:59,  1.82it/s]Deconvoluting Remaining Spots:   9%|▉         | 85/956 [01:02<07:59,  1.81it/s]Deconvoluting Remaining Spots:   9%|▉         | 86/956 [01:02<08:03,  1.80it/s]Deconvoluting Remaining Spots:   9%|▉         | 87/956 [01:03<08:01,  1.80it/s]Deconvoluting Remaining Spots:   9%|▉         | 88/956 [01:03<08:07,  1.78it/s]Deconvoluting Remaining Spots:   9%|▉         | 89/956 [01:04<07:58,  1.81it/s]Deconvoluting Remaining Spots:   9%|▉         | 90/956 [01:05<07:57,  1.81it/s]Deconvoluting Remaining Spots:  10%|▉         | 91/956 [01:05<07:20,  1.96it/s]Deconvoluting Remaining Spots:  10%|▉         | 92/956 [01:06<08:03,  1.79it/s]Deconvoluting Remaining Spots:  10%|▉         | 93/956 [01:06<07:58,  1.80it/s]Deconvoluting Remaining Spots:  10%|▉         | 94/956 [01:07<08:12,  1.75it/s]Deconvoluting Remaining Spots:  10%|▉         | 95/956 [01:07<07:47,  1.84it/s]Deconvoluting Remaining Spots:  10%|█         | 96/956 [01:08<07:54,  1.81it/s]Deconvoluting Remaining Spots:  10%|█         | 97/956 [01:08<07:52,  1.82it/s]Deconvoluting Remaining Spots:  10%|█         | 98/956 [01:09<07:54,  1.81it/s]Deconvoluting Remaining Spots:  10%|█         | 99/956 [01:09<07:52,  1.81it/s]Deconvoluting Remaining Spots:  10%|█         | 100/956 [01:10<07:51,  1.81it/s]2026-02-18 16:18:58,689 - root - INFO - Saved checkpoint after 100 completed spots
Deconvoluting Remaining Spots:  11%|█         | 101/956 [01:12<13:53,  1.03it/s]Deconvoluting Remaining Spots:  11%|█         | 104/956 [01:12<06:54,  2.06it/s]Deconvoluting Remaining Spots:  11%|█         | 105/956 [01:13<07:15,  1.95it/s]Deconvoluting Remaining Spots:  11%|█         | 106/956 [01:13<07:14,  1.95it/s]Deconvoluting Remaining Spots:  11%|█         | 107/956 [01:14<07:21,  1.92it/s]Deconvoluting Remaining Spots:  11%|█▏        | 108/956 [01:15<09:37,  1.47it/s]Deconvoluting Remaining Spots:  12%|█▏        | 110/956 [01:16<07:11,  1.96it/s]Deconvoluting Remaining Spots:  12%|█▏        | 111/956 [01:16<07:21,  1.91it/s]Deconvoluting Remaining Spots:  12%|█▏        | 112/956 [01:17<07:48,  1.80it/s]Deconvoluting Remaining Spots:  12%|█▏        | 113/956 [01:18<09:10,  1.53it/s]Deconvoluting Remaining Spots:  12%|█▏        | 114/956 [01:18<08:24,  1.67it/s]Deconvoluting Remaining Spots:  12%|█▏        | 115/956 [01:18<06:41,  2.09it/s]Deconvoluting Remaining Spots:  12%|█▏        | 116/956 [01:19<07:08,  1.96it/s]Deconvoluting Remaining Spots:  12%|█▏        | 117/956 [01:20<07:07,  1.96it/s]Deconvoluting Remaining Spots:  12%|█▏        | 118/956 [01:20<07:16,  1.92it/s]Deconvoluting Remaining Spots:  12%|█▏        | 119/956 [01:21<07:35,  1.84it/s]Deconvoluting Remaining Spots:  13%|█▎        | 120/956 [01:21<07:33,  1.84it/s]Deconvoluting Remaining Spots:  13%|█▎        | 121/956 [01:22<07:31,  1.85it/s]Deconvoluting Remaining Spots:  13%|█▎        | 122/956 [01:22<07:26,  1.87it/s]Deconvoluting Remaining Spots:  13%|█▎        | 123/956 [01:23<07:28,  1.86it/s]Deconvoluting Remaining Spots:  13%|█▎        | 124/956 [01:23<06:53,  2.01it/s]Deconvoluting Remaining Spots:  13%|█▎        | 125/956 [01:24<07:38,  1.81it/s]Deconvoluting Remaining Spots:  13%|█▎        | 126/956 [01:24<07:40,  1.80it/s]Deconvoluting Remaining Spots:  13%|█▎        | 127/956 [01:25<07:45,  1.78it/s]Deconvoluting Remaining Spots:  13%|█▎        | 128/956 [01:26<07:42,  1.79it/s]Deconvoluting Remaining Spots:  13%|█▎        | 129/956 [01:26<07:41,  1.79it/s]Deconvoluting Remaining Spots:  14%|█▎        | 130/956 [01:27<07:44,  1.78it/s]Deconvoluting Remaining Spots:  14%|█▎        | 131/956 [01:27<07:34,  1.81it/s]Deconvoluting Remaining Spots:  14%|█▍        | 132/956 [01:28<07:35,  1.81it/s]Deconvoluting Remaining Spots:  14%|█▍        | 133/956 [01:28<07:48,  1.76it/s]Deconvoluting Remaining Spots:  14%|█▍        | 134/956 [01:29<06:57,  1.97it/s]Deconvoluting Remaining Spots:  14%|█▍        | 135/956 [01:29<07:45,  1.76it/s]Deconvoluting Remaining Spots:  14%|█▍        | 136/956 [01:30<07:44,  1.76it/s]Deconvoluting Remaining Spots:  14%|█▍        | 137/956 [01:31<07:39,  1.78it/s]Deconvoluting Remaining Spots:  14%|█▍        | 138/956 [01:31<07:41,  1.77it/s]Deconvoluting Remaining Spots:  15%|█▍        | 139/956 [01:32<07:31,  1.81it/s]Deconvoluting Remaining Spots:  15%|█▍        | 140/956 [01:32<07:23,  1.84it/s]Deconvoluting Remaining Spots:  15%|█▍        | 141/956 [01:33<07:54,  1.72it/s]Deconvoluting Remaining Spots:  15%|█▍        | 142/956 [01:33<07:52,  1.72it/s]Deconvoluting Remaining Spots:  15%|█▍        | 143/956 [01:34<08:07,  1.67it/s]Deconvoluting Remaining Spots:  15%|█▌        | 144/956 [01:35<07:44,  1.75it/s]Deconvoluting Remaining Spots:  15%|█▌        | 145/956 [01:35<07:24,  1.82it/s]Deconvoluting Remaining Spots:  15%|█▌        | 146/956 [01:36<07:39,  1.76it/s]Deconvoluting Remaining Spots:  15%|█▌        | 147/956 [01:36<07:15,  1.86it/s]Deconvoluting Remaining Spots:  15%|█▌        | 148/956 [01:37<07:34,  1.78it/s]Deconvoluting Remaining Spots:  16%|█▌        | 149/956 [01:38<08:23,  1.60it/s]Deconvoluting Remaining Spots:  16%|█▌        | 150/956 [01:38<07:00,  1.92it/s]Deconvoluting Remaining Spots:  16%|█▌        | 151/956 [01:38<07:16,  1.84it/s]Deconvoluting Remaining Spots:  16%|█▌        | 152/956 [01:39<07:23,  1.81it/s]Deconvoluting Remaining Spots:  16%|█▌        | 153/956 [01:40<07:17,  1.84it/s]Deconvoluting Remaining Spots:  16%|█▌        | 154/956 [01:40<06:18,  2.12it/s]Deconvoluting Remaining Spots:  16%|█▌        | 155/956 [01:40<06:25,  2.08it/s]Deconvoluting Remaining Spots:  16%|█▋        | 156/956 [01:41<06:50,  1.95it/s]Deconvoluting Remaining Spots:  16%|█▋        | 157/956 [01:42<07:07,  1.87it/s]Deconvoluting Remaining Spots:  17%|█▋        | 158/956 [01:42<06:57,  1.91it/s]Deconvoluting Remaining Spots:  17%|█▋        | 159/956 [01:43<07:05,  1.87it/s]Deconvoluting Remaining Spots:  17%|█▋        | 160/956 [01:43<07:02,  1.88it/s]Deconvoluting Remaining Spots:  17%|█▋        | 161/956 [01:44<07:10,  1.85it/s]Deconvoluting Remaining Spots:  17%|█▋        | 162/956 [01:44<07:02,  1.88it/s]Deconvoluting Remaining Spots:  17%|█▋        | 163/956 [01:45<07:10,  1.84it/s]Deconvoluting Remaining Spots:  17%|█▋        | 164/956 [01:45<07:01,  1.88it/s]Deconvoluting Remaining Spots:  17%|█▋        | 165/956 [01:46<07:07,  1.85it/s]Deconvoluting Remaining Spots:  17%|█▋        | 166/956 [01:46<07:07,  1.85it/s]Deconvoluting Remaining Spots:  17%|█▋        | 167/956 [01:47<07:32,  1.74it/s]Deconvoluting Remaining Spots:  18%|█▊        | 168/956 [01:48<07:17,  1.80it/s]Deconvoluting Remaining Spots:  18%|█▊        | 169/956 [01:48<07:04,  1.85it/s]Deconvoluting Remaining Spots:  18%|█▊        | 170/956 [01:49<07:12,  1.82it/s]Deconvoluting Remaining Spots:  18%|█▊        | 171/956 [01:49<07:09,  1.83it/s]Deconvoluting Remaining Spots:  18%|█▊        | 172/956 [01:50<07:24,  1.76it/s]Deconvoluting Remaining Spots:  18%|█▊        | 173/956 [01:50<07:18,  1.79it/s]Deconvoluting Remaining Spots:  18%|█▊        | 174/956 [01:51<07:12,  1.81it/s]Deconvoluting Remaining Spots:  18%|█▊        | 175/956 [01:52<08:52,  1.47it/s]Deconvoluting Remaining Spots:  18%|█▊        | 176/956 [01:52<06:54,  1.88it/s]Deconvoluting Remaining Spots:  19%|█▊        | 177/956 [01:52<06:32,  1.98it/s]Deconvoluting Remaining Spots:  19%|█▊        | 178/956 [01:53<06:22,  2.03it/s]Deconvoluting Remaining Spots:  19%|█▊        | 179/956 [01:53<06:22,  2.03it/s]Deconvoluting Remaining Spots:  19%|█▉        | 180/956 [01:54<06:45,  1.91it/s]Deconvoluting Remaining Spots:  19%|█▉        | 181/956 [01:55<07:04,  1.82it/s]Deconvoluting Remaining Spots:  19%|█▉        | 182/956 [01:56<08:55,  1.45it/s]Deconvoluting Remaining Spots:  19%|█▉        | 183/956 [01:56<06:38,  1.94it/s]Deconvoluting Remaining Spots:  19%|█▉        | 184/956 [01:56<06:38,  1.94it/s]Deconvoluting Remaining Spots:  19%|█▉        | 185/956 [01:57<06:27,  1.99it/s]Deconvoluting Remaining Spots:  19%|█▉        | 186/956 [01:57<05:49,  2.20it/s]Deconvoluting Remaining Spots:  20%|█▉        | 187/956 [01:58<06:06,  2.10it/s]Deconvoluting Remaining Spots:  20%|█▉        | 188/956 [01:58<06:25,  1.99it/s]Deconvoluting Remaining Spots:  20%|█▉        | 189/956 [01:59<06:42,  1.90it/s]Deconvoluting Remaining Spots:  20%|█▉        | 190/956 [02:00<07:49,  1.63it/s]Deconvoluting Remaining Spots:  20%|█▉        | 191/956 [02:00<07:28,  1.70it/s]Deconvoluting Remaining Spots:  20%|██        | 192/956 [02:01<07:20,  1.74it/s]Deconvoluting Remaining Spots:  20%|██        | 193/956 [02:01<07:11,  1.77it/s]Deconvoluting Remaining Spots:  20%|██        | 194/956 [02:02<07:08,  1.78it/s]Deconvoluting Remaining Spots:  20%|██        | 195/956 [02:02<07:04,  1.79it/s]Deconvoluting Remaining Spots:  21%|██        | 196/956 [02:03<07:01,  1.80it/s]Deconvoluting Remaining Spots:  21%|██        | 197/956 [02:04<07:31,  1.68it/s]Deconvoluting Remaining Spots:  21%|██        | 198/956 [02:04<07:41,  1.64it/s]Deconvoluting Remaining Spots:  21%|██        | 199/956 [02:05<06:46,  1.86it/s]Deconvoluting Remaining Spots:  21%|██        | 200/956 [02:05<06:34,  1.92it/s]2026-02-18 16:19:55,525 - root - INFO - Saved checkpoint after 200 completed spots
Deconvoluting Remaining Spots:  21%|██        | 201/956 [02:09<19:01,  1.51s/it]Deconvoluting Remaining Spots:  22%|██▏       | 207/956 [02:09<05:29,  2.27it/s]Deconvoluting Remaining Spots:  22%|██▏       | 209/956 [02:10<05:48,  2.15it/s]Deconvoluting Remaining Spots:  22%|██▏       | 211/956 [02:11<06:15,  1.98it/s]Deconvoluting Remaining Spots:  22%|██▏       | 212/956 [02:12<06:57,  1.78it/s]Deconvoluting Remaining Spots:  22%|██▏       | 213/956 [02:13<06:57,  1.78it/s]Deconvoluting Remaining Spots:  22%|██▏       | 214/956 [02:13<05:54,  2.10it/s]Deconvoluting Remaining Spots:  22%|██▏       | 215/956 [02:13<06:03,  2.04it/s]Deconvoluting Remaining Spots:  23%|██▎       | 216/956 [02:14<06:03,  2.04it/s]Deconvoluting Remaining Spots:  23%|██▎       | 217/956 [02:14<06:10,  2.00it/s]Deconvoluting Remaining Spots:  23%|██▎       | 218/956 [02:15<07:30,  1.64it/s]Deconvoluting Remaining Spots:  23%|██▎       | 219/956 [02:16<07:49,  1.57it/s]Deconvoluting Remaining Spots:  23%|██▎       | 220/956 [02:17<07:26,  1.65it/s]Deconvoluting Remaining Spots:  23%|██▎       | 221/956 [02:17<07:17,  1.68it/s]Deconvoluting Remaining Spots:  23%|██▎       | 222/956 [02:18<06:58,  1.75it/s]Deconvoluting Remaining Spots:  23%|██▎       | 223/956 [02:18<06:52,  1.78it/s]Deconvoluting Remaining Spots:  23%|██▎       | 224/956 [02:19<07:03,  1.73it/s]Deconvoluting Remaining Spots:  24%|██▎       | 225/956 [02:19<06:54,  1.76it/s]Deconvoluting Remaining Spots:  24%|██▎       | 226/956 [02:20<07:23,  1.65it/s]Deconvoluting Remaining Spots:  24%|██▎       | 227/956 [02:20<06:31,  1.86it/s]Deconvoluting Remaining Spots:  24%|██▍       | 228/956 [02:21<06:47,  1.79it/s]Deconvoluting Remaining Spots:  24%|██▍       | 229/956 [02:21<06:27,  1.88it/s]Deconvoluting Remaining Spots:  24%|██▍       | 230/956 [02:22<06:25,  1.88it/s]Deconvoluting Remaining Spots:  24%|██▍       | 231/956 [02:23<06:55,  1.75it/s]Deconvoluting Remaining Spots:  24%|██▍       | 232/956 [02:23<07:07,  1.69it/s]Deconvoluting Remaining Spots:  24%|██▍       | 233/956 [02:24<06:36,  1.82it/s]Deconvoluting Remaining Spots:  24%|██▍       | 234/956 [02:24<07:05,  1.70it/s]Deconvoluting Remaining Spots:  25%|██▍       | 235/956 [02:25<06:33,  1.83it/s]Deconvoluting Remaining Spots:  25%|██▍       | 236/956 [02:25<06:22,  1.88it/s]Deconvoluting Remaining Spots:  25%|██▍       | 237/956 [02:26<06:13,  1.92it/s]Deconvoluting Remaining Spots:  25%|██▍       | 238/956 [02:26<06:14,  1.92it/s]Deconvoluting Remaining Spots:  25%|██▌       | 239/956 [02:27<06:21,  1.88it/s]Deconvoluting Remaining Spots:  25%|██▌       | 240/956 [02:27<06:08,  1.94it/s]Deconvoluting Remaining Spots:  25%|██▌       | 241/956 [02:28<06:47,  1.75it/s]Deconvoluting Remaining Spots:  25%|██▌       | 242/956 [02:29<06:58,  1.71it/s]Deconvoluting Remaining Spots:  25%|██▌       | 243/956 [02:29<06:39,  1.79it/s]Deconvoluting Remaining Spots:  26%|██▌       | 244/956 [02:30<07:34,  1.57it/s]Deconvoluting Remaining Spots:  26%|██▌       | 245/956 [02:30<05:51,  2.03it/s]Deconvoluting Remaining Spots:  26%|██▌       | 246/956 [02:31<05:52,  2.01it/s]Deconvoluting Remaining Spots:  26%|██▌       | 247/956 [02:31<05:45,  2.05it/s]Deconvoluting Remaining Spots:  26%|██▌       | 248/956 [02:32<06:25,  1.84it/s]Deconvoluting Remaining Spots:  26%|██▌       | 249/956 [02:32<06:25,  1.83it/s]Deconvoluting Remaining Spots:  26%|██▌       | 250/956 [02:33<06:57,  1.69it/s]Deconvoluting Remaining Spots:  26%|██▋       | 251/956 [02:34<06:52,  1.71it/s]Deconvoluting Remaining Spots:  26%|██▋       | 252/956 [02:34<07:30,  1.56it/s]Deconvoluting Remaining Spots:  27%|██▋       | 254/956 [02:35<06:22,  1.84it/s]Deconvoluting Remaining Spots:  27%|██▋       | 255/956 [02:36<05:39,  2.07it/s]Deconvoluting Remaining Spots:  27%|██▋       | 256/956 [02:36<05:51,  1.99it/s]Deconvoluting Remaining Spots:  27%|██▋       | 257/956 [02:37<06:00,  1.94it/s]Deconvoluting Remaining Spots:  27%|██▋       | 258/956 [02:38<06:52,  1.69it/s]Deconvoluting Remaining Spots:  27%|██▋       | 259/956 [02:38<06:04,  1.91it/s]Deconvoluting Remaining Spots:  27%|██▋       | 260/956 [02:38<05:58,  1.94it/s]Deconvoluting Remaining Spots:  27%|██▋       | 261/956 [02:39<05:48,  2.00it/s]Deconvoluting Remaining Spots:  27%|██▋       | 262/956 [02:39<06:00,  1.93it/s]Deconvoluting Remaining Spots:  28%|██▊       | 263/956 [02:40<06:27,  1.79it/s]Deconvoluting Remaining Spots:  28%|██▊       | 264/956 [02:41<06:29,  1.78it/s]Deconvoluting Remaining Spots:  28%|██▊       | 265/956 [02:41<06:29,  1.77it/s]Deconvoluting Remaining Spots:  28%|██▊       | 266/956 [02:42<06:13,  1.85it/s]Deconvoluting Remaining Spots:  28%|██▊       | 267/956 [02:42<05:59,  1.91it/s]Deconvoluting Remaining Spots:  28%|██▊       | 268/956 [02:43<06:37,  1.73it/s]Deconvoluting Remaining Spots:  28%|██▊       | 269/956 [02:43<06:28,  1.77it/s]Deconvoluting Remaining Spots:  28%|██▊       | 270/956 [02:44<06:17,  1.82it/s]Deconvoluting Remaining Spots:  28%|██▊       | 271/956 [02:44<05:58,  1.91it/s]Deconvoluting Remaining Spots:  28%|██▊       | 272/956 [02:45<05:53,  1.94it/s]Deconvoluting Remaining Spots:  29%|██▊       | 273/956 [02:45<06:12,  1.83it/s]Deconvoluting Remaining Spots:  29%|██▊       | 274/956 [02:46<06:23,  1.78it/s]Deconvoluting Remaining Spots:  29%|██▉       | 275/956 [02:47<06:29,  1.75it/s]Deconvoluting Remaining Spots:  29%|██▉       | 276/956 [02:47<06:07,  1.85it/s]Deconvoluting Remaining Spots:  29%|██▉       | 277/956 [02:48<05:58,  1.89it/s]Deconvoluting Remaining Spots:  29%|██▉       | 278/956 [02:48<06:00,  1.88it/s]Deconvoluting Remaining Spots:  29%|██▉       | 279/956 [02:49<06:18,  1.79it/s]Deconvoluting Remaining Spots:  29%|██▉       | 280/956 [02:50<07:47,  1.45it/s]Deconvoluting Remaining Spots:  29%|██▉       | 281/956 [02:50<05:56,  1.90it/s]Deconvoluting Remaining Spots:  29%|██▉       | 282/956 [02:51<06:17,  1.79it/s]Deconvoluting Remaining Spots:  30%|██▉       | 283/956 [02:51<06:00,  1.87it/s]Deconvoluting Remaining Spots:  30%|██▉       | 284/956 [02:52<05:50,  1.92it/s]Deconvoluting Remaining Spots:  30%|██▉       | 285/956 [02:52<05:46,  1.94it/s]Deconvoluting Remaining Spots:  30%|██▉       | 286/956 [02:53<05:51,  1.90it/s]Deconvoluting Remaining Spots:  30%|███       | 287/956 [02:53<06:08,  1.82it/s]Deconvoluting Remaining Spots:  30%|███       | 288/956 [02:54<06:01,  1.85it/s]Deconvoluting Remaining Spots:  30%|███       | 289/956 [02:54<05:58,  1.86it/s]Deconvoluting Remaining Spots:  30%|███       | 290/956 [02:55<05:47,  1.92it/s]Deconvoluting Remaining Spots:  30%|███       | 291/956 [02:55<06:10,  1.79it/s]Deconvoluting Remaining Spots:  31%|███       | 292/956 [02:56<05:52,  1.88it/s]Deconvoluting Remaining Spots:  31%|███       | 293/956 [02:56<06:07,  1.80it/s]Deconvoluting Remaining Spots:  31%|███       | 294/956 [02:57<06:04,  1.81it/s]Deconvoluting Remaining Spots:  31%|███       | 295/956 [02:58<06:13,  1.77it/s]Deconvoluting Remaining Spots:  31%|███       | 296/956 [02:58<06:24,  1.72it/s]Deconvoluting Remaining Spots:  31%|███       | 297/956 [02:59<05:57,  1.84it/s]Deconvoluting Remaining Spots:  31%|███       | 298/956 [02:59<06:12,  1.76it/s]Deconvoluting Remaining Spots:  31%|███▏      | 299/956 [03:00<06:09,  1.78it/s]Deconvoluting Remaining Spots:  31%|███▏      | 300/956 [03:00<06:11,  1.76it/s]2026-02-18 16:20:52,937 - root - INFO - Saved checkpoint after 300 completed spots
Deconvoluting Remaining Spots:  31%|███▏      | 301/956 [03:06<23:18,  2.13s/it]Deconvoluting Remaining Spots:  33%|███▎      | 311/956 [03:06<04:25,  2.43it/s]Deconvoluting Remaining Spots:  33%|███▎      | 315/956 [03:09<05:10,  2.07it/s]Deconvoluting Remaining Spots:  33%|███▎      | 318/956 [03:10<05:12,  2.04it/s]Deconvoluting Remaining Spots:  33%|███▎      | 320/956 [03:12<05:18,  1.99it/s]Deconvoluting Remaining Spots:  34%|███▎      | 322/956 [03:13<05:29,  1.92it/s]Deconvoluting Remaining Spots:  34%|███▍      | 323/956 [03:13<05:35,  1.89it/s]Deconvoluting Remaining Spots:  34%|███▍      | 324/956 [03:14<05:35,  1.88it/s]Deconvoluting Remaining Spots:  34%|███▍      | 325/956 [03:15<06:31,  1.61it/s]Deconvoluting Remaining Spots:  34%|███▍      | 326/956 [03:15<05:29,  1.91it/s]Deconvoluting Remaining Spots:  34%|███▍      | 327/956 [03:16<05:46,  1.81it/s]Deconvoluting Remaining Spots:  34%|███▍      | 328/956 [03:16<05:38,  1.86it/s]Deconvoluting Remaining Spots:  34%|███▍      | 329/956 [03:17<05:24,  1.93it/s]Deconvoluting Remaining Spots:  35%|███▍      | 330/956 [03:18<07:10,  1.46it/s]Deconvoluting Remaining Spots:  35%|███▍      | 331/956 [03:18<05:39,  1.84it/s]Deconvoluting Remaining Spots:  35%|███▍      | 332/956 [03:18<05:03,  2.06it/s]Deconvoluting Remaining Spots:  35%|███▍      | 333/956 [03:19<05:12,  1.99it/s]Deconvoluting Remaining Spots:  35%|███▍      | 334/956 [03:19<04:52,  2.12it/s]Deconvoluting Remaining Spots:  35%|███▌      | 335/956 [03:20<05:14,  1.97it/s]Deconvoluting Remaining Spots:  35%|███▌      | 336/956 [03:20<05:20,  1.93it/s]Deconvoluting Remaining Spots:  35%|███▌      | 337/956 [03:21<05:21,  1.92it/s]Deconvoluting Remaining Spots:  35%|███▌      | 338/956 [03:21<05:19,  1.94it/s]Deconvoluting Remaining Spots:  35%|███▌      | 339/956 [03:22<05:19,  1.93it/s]Deconvoluting Remaining Spots:  36%|███▌      | 340/956 [03:23<05:59,  1.72it/s]Deconvoluting Remaining Spots:  36%|███▌      | 341/956 [03:23<06:15,  1.64it/s]Deconvoluting Remaining Spots:  36%|███▌      | 342/956 [03:24<07:15,  1.41it/s]Deconvoluting Remaining Spots:  36%|███▌      | 343/956 [03:24<05:31,  1.85it/s]Deconvoluting Remaining Spots:  36%|███▌      | 344/956 [03:25<05:30,  1.85it/s]Deconvoluting Remaining Spots:  36%|███▌      | 345/956 [03:25<05:31,  1.84it/s]Deconvoluting Remaining Spots:  36%|███▌      | 346/956 [03:26<05:43,  1.78it/s]Deconvoluting Remaining Spots:  36%|███▋      | 347/956 [03:27<05:25,  1.87it/s]Deconvoluting Remaining Spots:  36%|███▋      | 348/956 [03:27<06:20,  1.60it/s]Deconvoluting Remaining Spots:  37%|███▋      | 349/956 [03:28<05:28,  1.85it/s]Deconvoluting Remaining Spots:  37%|███▋      | 350/956 [03:28<05:35,  1.81it/s]Deconvoluting Remaining Spots:  37%|███▋      | 351/956 [03:29<05:07,  1.97it/s]Deconvoluting Remaining Spots:  37%|███▋      | 352/956 [03:29<05:29,  1.83it/s]Deconvoluting Remaining Spots:  37%|███▋      | 353/956 [03:30<05:41,  1.77it/s]Deconvoluting Remaining Spots:  37%|███▋      | 354/956 [03:31<06:03,  1.66it/s]Deconvoluting Remaining Spots:  37%|███▋      | 355/956 [03:31<05:43,  1.75it/s]Deconvoluting Remaining Spots:  37%|███▋      | 356/956 [03:32<07:01,  1.42it/s]Deconvoluting Remaining Spots:  37%|███▋      | 358/956 [03:33<05:18,  1.88it/s]Deconvoluting Remaining Spots:  38%|███▊      | 359/956 [03:33<05:05,  1.95it/s]Deconvoluting Remaining Spots:  38%|███▊      | 360/956 [03:34<05:17,  1.88it/s]Deconvoluting Remaining Spots:  38%|███▊      | 361/956 [03:34<05:12,  1.90it/s]Deconvoluting Remaining Spots:  38%|███▊      | 362/956 [03:35<04:57,  2.00it/s]Deconvoluting Remaining Spots:  38%|███▊      | 363/956 [03:35<04:47,  2.06it/s]Deconvoluting Remaining Spots:  38%|███▊      | 364/956 [03:36<05:11,  1.90it/s]Deconvoluting Remaining Spots:  38%|███▊      | 365/956 [03:36<05:27,  1.81it/s]Deconvoluting Remaining Spots:  38%|███▊      | 366/956 [03:37<05:22,  1.83it/s]Deconvoluting Remaining Spots:  38%|███▊      | 367/956 [03:37<05:06,  1.92it/s]Deconvoluting Remaining Spots:  38%|███▊      | 368/956 [03:38<04:51,  2.02it/s]Deconvoluting Remaining Spots:  39%|███▊      | 369/956 [03:39<05:41,  1.72it/s]Deconvoluting Remaining Spots:  39%|███▊      | 370/956 [03:39<05:23,  1.81it/s]Deconvoluting Remaining Spots:  39%|███▉      | 371/956 [03:40<06:16,  1.55it/s]Deconvoluting Remaining Spots:  39%|███▉      | 372/956 [03:41<05:44,  1.70it/s]Deconvoluting Remaining Spots:  39%|███▉      | 373/956 [03:41<05:39,  1.72it/s]Deconvoluting Remaining Spots:  39%|███▉      | 374/956 [03:42<05:33,  1.74it/s]Deconvoluting Remaining Spots:  39%|███▉      | 375/956 [03:42<05:25,  1.78it/s]Deconvoluting Remaining Spots:  39%|███▉      | 376/956 [03:43<05:06,  1.89it/s]Deconvoluting Remaining Spots:  39%|███▉      | 377/956 [03:43<05:16,  1.83it/s]Deconvoluting Remaining Spots:  40%|███▉      | 378/956 [03:44<05:42,  1.69it/s]Deconvoluting Remaining Spots:  40%|███▉      | 379/956 [03:45<06:18,  1.52it/s]Deconvoluting Remaining Spots:  40%|███▉      | 380/956 [03:45<05:28,  1.75it/s]Deconvoluting Remaining Spots:  40%|███▉      | 381/956 [03:46<05:36,  1.71it/s]Deconvoluting Remaining Spots:  40%|███▉      | 382/956 [03:46<05:41,  1.68it/s]Deconvoluting Remaining Spots:  40%|████      | 383/956 [03:47<05:36,  1.70it/s]Deconvoluting Remaining Spots:  40%|████      | 384/956 [03:47<05:28,  1.74it/s]Deconvoluting Remaining Spots:  40%|████      | 385/956 [03:48<05:53,  1.61it/s]Deconvoluting Remaining Spots:  40%|████      | 386/956 [03:49<06:01,  1.58it/s]Deconvoluting Remaining Spots:  40%|████      | 387/956 [03:50<06:46,  1.40it/s]Deconvoluting Remaining Spots:  41%|████      | 389/956 [03:50<04:58,  1.90it/s]Deconvoluting Remaining Spots:  41%|████      | 390/956 [03:51<04:58,  1.89it/s]Deconvoluting Remaining Spots:  41%|████      | 391/956 [03:51<05:06,  1.84it/s]Deconvoluting Remaining Spots:  41%|████      | 392/956 [03:52<05:36,  1.68it/s]Deconvoluting Remaining Spots:  41%|████      | 393/956 [03:53<05:12,  1.80it/s]Deconvoluting Remaining Spots:  41%|████      | 394/956 [03:53<05:01,  1.87it/s]Deconvoluting Remaining Spots:  41%|████▏     | 395/956 [03:54<05:04,  1.84it/s]Deconvoluting Remaining Spots:  41%|████▏     | 396/956 [03:54<05:01,  1.86it/s]Deconvoluting Remaining Spots:  42%|████▏     | 397/956 [03:55<05:04,  1.84it/s]Deconvoluting Remaining Spots:  42%|████▏     | 398/956 [03:55<04:56,  1.88it/s]Deconvoluting Remaining Spots:  42%|████▏     | 399/956 [03:56<05:01,  1.84it/s]Deconvoluting Remaining Spots:  42%|████▏     | 400/956 [03:56<05:00,  1.85it/s]2026-02-18 16:21:50,576 - root - INFO - Saved checkpoint after 400 completed spots
Deconvoluting Remaining Spots:  42%|████▏     | 401/956 [04:04<24:15,  2.62s/it]Deconvoluting Remaining Spots:  43%|████▎     | 414/956 [04:04<03:44,  2.41it/s]Deconvoluting Remaining Spots:  44%|████▎     | 416/956 [04:05<03:58,  2.26it/s]Deconvoluting Remaining Spots:  44%|████▎     | 418/956 [04:07<04:16,  2.10it/s]Deconvoluting Remaining Spots:  44%|████▍     | 419/956 [04:07<04:22,  2.05it/s]Deconvoluting Remaining Spots:  44%|████▍     | 420/956 [04:07<04:10,  2.14it/s]Deconvoluting Remaining Spots:  44%|████▍     | 421/956 [04:08<04:18,  2.07it/s]Deconvoluting Remaining Spots:  44%|████▍     | 422/956 [04:09<04:38,  1.92it/s]Deconvoluting Remaining Spots:  44%|████▍     | 423/956 [04:09<04:43,  1.88it/s]Deconvoluting Remaining Spots:  44%|████▍     | 424/956 [04:10<04:48,  1.84it/s]Deconvoluting Remaining Spots:  44%|████▍     | 425/956 [04:10<04:35,  1.93it/s]Deconvoluting Remaining Spots:  45%|████▍     | 426/956 [04:11<04:52,  1.81it/s]Deconvoluting Remaining Spots:  45%|████▍     | 427/956 [04:11<04:22,  2.02it/s]Deconvoluting Remaining Spots:  45%|████▍     | 428/956 [04:12<04:34,  1.92it/s]Deconvoluting Remaining Spots:  45%|████▍     | 429/956 [04:12<04:32,  1.93it/s]Deconvoluting Remaining Spots:  45%|████▍     | 430/956 [04:13<04:38,  1.89it/s]Deconvoluting Remaining Spots:  45%|████▌     | 431/956 [04:13<04:33,  1.92it/s]Deconvoluting Remaining Spots:  45%|████▌     | 432/956 [04:14<04:52,  1.79it/s]Deconvoluting Remaining Spots:  45%|████▌     | 433/956 [04:15<05:10,  1.69it/s]Deconvoluting Remaining Spots:  45%|████▌     | 434/956 [04:15<04:44,  1.83it/s]Deconvoluting Remaining Spots:  46%|████▌     | 435/956 [04:16<04:56,  1.76it/s]Deconvoluting Remaining Spots:  46%|████▌     | 436/956 [04:16<04:43,  1.83it/s]Deconvoluting Remaining Spots:  46%|████▌     | 437/956 [04:17<04:33,  1.89it/s]Deconvoluting Remaining Spots:  46%|████▌     | 438/956 [04:17<04:25,  1.95it/s]Deconvoluting Remaining Spots:  46%|████▌     | 439/956 [04:18<04:26,  1.94it/s]Deconvoluting Remaining Spots:  46%|████▌     | 440/956 [04:18<04:33,  1.89it/s]Deconvoluting Remaining Spots:  46%|████▌     | 441/956 [04:19<04:47,  1.79it/s]Deconvoluting Remaining Spots:  46%|████▌     | 442/956 [04:19<04:38,  1.85it/s]Deconvoluting Remaining Spots:  46%|████▋     | 443/956 [04:20<04:45,  1.80it/s]Deconvoluting Remaining Spots:  46%|████▋     | 444/956 [04:21<04:57,  1.72it/s]Deconvoluting Remaining Spots:  47%|████▋     | 445/956 [04:21<04:27,  1.91it/s]Deconvoluting Remaining Spots:  47%|████▋     | 446/956 [04:22<04:32,  1.87it/s]Deconvoluting Remaining Spots:  47%|████▋     | 447/956 [04:22<04:26,  1.91it/s]Deconvoluting Remaining Spots:  47%|████▋     | 448/956 [04:23<04:43,  1.79it/s]Deconvoluting Remaining Spots:  47%|████▋     | 449/956 [04:23<04:42,  1.79it/s]Deconvoluting Remaining Spots:  47%|████▋     | 450/956 [04:24<04:45,  1.77it/s]Deconvoluting Remaining Spots:  47%|████▋     | 451/956 [04:24<04:24,  1.91it/s]Deconvoluting Remaining Spots:  47%|████▋     | 452/956 [04:25<04:23,  1.91it/s]Deconvoluting Remaining Spots:  47%|████▋     | 453/956 [04:26<04:38,  1.81it/s]Deconvoluting Remaining Spots:  47%|████▋     | 454/956 [04:26<04:29,  1.86it/s]Deconvoluting Remaining Spots:  48%|████▊     | 455/956 [04:27<05:42,  1.46it/s]Deconvoluting Remaining Spots:  48%|████▊     | 456/956 [04:27<04:20,  1.92it/s]Deconvoluting Remaining Spots:  48%|████▊     | 457/956 [04:28<04:17,  1.94it/s]Deconvoluting Remaining Spots:  48%|████▊     | 458/956 [04:28<04:04,  2.04it/s]Deconvoluting Remaining Spots:  48%|████▊     | 459/956 [04:29<04:22,  1.89it/s]Deconvoluting Remaining Spots:  48%|████▊     | 460/956 [04:29<04:11,  1.97it/s]Deconvoluting Remaining Spots:  48%|████▊     | 461/956 [04:30<04:19,  1.91it/s]Deconvoluting Remaining Spots:  48%|████▊     | 462/956 [04:30<04:23,  1.87it/s]Deconvoluting Remaining Spots:  48%|████▊     | 463/956 [04:31<04:32,  1.81it/s]Deconvoluting Remaining Spots:  49%|████▊     | 464/956 [04:31<04:29,  1.82it/s]Deconvoluting Remaining Spots:  49%|████▊     | 465/956 [04:32<04:58,  1.64it/s]Deconvoluting Remaining Spots:  49%|████▊     | 466/956 [04:33<04:21,  1.88it/s]Deconvoluting Remaining Spots:  49%|████▉     | 467/956 [04:33<04:23,  1.85it/s]Deconvoluting Remaining Spots:  49%|████▉     | 468/956 [04:34<04:16,  1.91it/s]Deconvoluting Remaining Spots:  49%|████▉     | 469/956 [04:34<04:16,  1.90it/s]Deconvoluting Remaining Spots:  49%|████▉     | 470/956 [04:35<04:23,  1.85it/s]Deconvoluting Remaining Spots:  49%|████▉     | 471/956 [04:35<04:26,  1.82it/s]Deconvoluting Remaining Spots:  49%|████▉     | 472/956 [04:36<04:24,  1.83it/s]Deconvoluting Remaining Spots:  49%|████▉     | 473/956 [04:36<04:25,  1.82it/s]Deconvoluting Remaining Spots:  50%|████▉     | 474/956 [04:37<04:19,  1.86it/s]Deconvoluting Remaining Spots:  50%|████▉     | 475/956 [04:37<04:20,  1.84it/s]Deconvoluting Remaining Spots:  50%|████▉     | 476/956 [04:38<04:31,  1.76it/s]Deconvoluting Remaining Spots:  50%|████▉     | 477/956 [04:39<04:17,  1.86it/s]Deconvoluting Remaining Spots:  50%|█████     | 478/956 [04:39<04:25,  1.80it/s]Deconvoluting Remaining Spots:  50%|█████     | 479/956 [04:40<04:24,  1.80it/s]Deconvoluting Remaining Spots:  50%|█████     | 480/956 [04:40<04:21,  1.82it/s]Deconvoluting Remaining Spots:  50%|█████     | 481/956 [04:41<04:15,  1.86it/s]Deconvoluting Remaining Spots:  50%|█████     | 482/956 [04:41<04:33,  1.73it/s]Deconvoluting Remaining Spots:  51%|█████     | 483/956 [04:42<04:18,  1.83it/s]Deconvoluting Remaining Spots:  51%|█████     | 484/956 [04:42<04:18,  1.82it/s]Deconvoluting Remaining Spots:  51%|█████     | 485/956 [04:43<04:16,  1.84it/s]Deconvoluting Remaining Spots:  51%|█████     | 486/956 [04:44<04:20,  1.81it/s]Deconvoluting Remaining Spots:  51%|█████     | 487/956 [04:44<04:17,  1.82it/s]Deconvoluting Remaining Spots:  51%|█████     | 488/956 [04:45<04:08,  1.88it/s]Deconvoluting Remaining Spots:  51%|█████     | 489/956 [04:45<04:15,  1.83it/s]Deconvoluting Remaining Spots:  51%|█████▏    | 490/956 [04:46<04:31,  1.71it/s]Deconvoluting Remaining Spots:  51%|█████▏    | 491/956 [04:46<04:12,  1.85it/s]Deconvoluting Remaining Spots:  51%|█████▏    | 492/956 [04:47<03:57,  1.95it/s]Deconvoluting Remaining Spots:  52%|█████▏    | 493/956 [04:47<03:44,  2.06it/s]Deconvoluting Remaining Spots:  52%|█████▏    | 494/956 [04:48<03:56,  1.96it/s]Deconvoluting Remaining Spots:  52%|█████▏    | 495/956 [04:48<04:06,  1.87it/s]Deconvoluting Remaining Spots:  52%|█████▏    | 496/956 [04:49<04:13,  1.82it/s]Deconvoluting Remaining Spots:  52%|█████▏    | 497/956 [04:49<04:23,  1.74it/s]Deconvoluting Remaining Spots:  52%|█████▏    | 498/956 [04:50<05:02,  1.51it/s]Deconvoluting Remaining Spots:  52%|█████▏    | 499/956 [04:50<03:49,  1.99it/s]Deconvoluting Remaining Spots:  52%|█████▏    | 500/956 [04:51<03:46,  2.02it/s]2026-02-18 16:22:46,924 - root - INFO - Saved checkpoint after 500 completed spots
Deconvoluting Remaining Spots:  52%|█████▏    | 501/956 [05:00<23:42,  3.13s/it]Deconvoluting Remaining Spots:  54%|█████▍    | 517/956 [05:00<03:00,  2.44it/s]Deconvoluting Remaining Spots:  54%|█████▍    | 520/956 [05:02<03:13,  2.25it/s]Deconvoluting Remaining Spots:  55%|█████▍    | 522/956 [05:03<03:21,  2.16it/s]Deconvoluting Remaining Spots:  55%|█████▍    | 524/956 [05:04<03:21,  2.15it/s]Deconvoluting Remaining Spots:  55%|█████▍    | 525/956 [05:05<03:25,  2.10it/s]Deconvoluting Remaining Spots:  55%|█████▌    | 526/956 [05:05<03:30,  2.04it/s]Deconvoluting Remaining Spots:  55%|█████▌    | 527/956 [05:06<03:39,  1.96it/s]Deconvoluting Remaining Spots:  55%|█████▌    | 528/956 [05:07<03:50,  1.86it/s]Deconvoluting Remaining Spots:  55%|█████▌    | 529/956 [05:07<03:47,  1.88it/s]Deconvoluting Remaining Spots:  55%|█████▌    | 530/956 [05:08<03:41,  1.93it/s]Deconvoluting Remaining Spots:  56%|█████▌    | 531/956 [05:08<03:32,  2.00it/s]Deconvoluting Remaining Spots:  56%|█████▌    | 532/956 [05:09<03:34,  1.98it/s]Deconvoluting Remaining Spots:  56%|█████▌    | 533/956 [05:09<03:37,  1.94it/s]Deconvoluting Remaining Spots:  56%|█████▌    | 534/956 [05:10<03:39,  1.93it/s]Deconvoluting Remaining Spots:  56%|█████▌    | 535/956 [05:10<03:53,  1.80it/s]Deconvoluting Remaining Spots:  56%|█████▌    | 536/956 [05:11<03:54,  1.79it/s]Deconvoluting Remaining Spots:  56%|█████▌    | 537/956 [05:11<03:45,  1.86it/s]Deconvoluting Remaining Spots:  56%|█████▋    | 538/956 [05:12<03:48,  1.83it/s]Deconvoluting Remaining Spots:  56%|█████▋    | 539/956 [05:13<03:47,  1.84it/s]Deconvoluting Remaining Spots:  56%|█████▋    | 540/956 [05:13<03:45,  1.85it/s]Deconvoluting Remaining Spots:  57%|█████▋    | 541/956 [05:14<03:44,  1.85it/s]Deconvoluting Remaining Spots:  57%|█████▋    | 542/956 [05:14<03:49,  1.81it/s]Deconvoluting Remaining Spots:  57%|█████▋    | 543/956 [05:15<03:53,  1.77it/s]Deconvoluting Remaining Spots:  57%|█████▋    | 544/956 [05:15<04:07,  1.66it/s]Deconvoluting Remaining Spots:  57%|█████▋    | 545/956 [05:16<04:35,  1.49it/s]Deconvoluting Remaining Spots:  57%|█████▋    | 546/956 [05:16<03:25,  2.00it/s]Deconvoluting Remaining Spots:  57%|█████▋    | 547/956 [05:17<03:23,  2.01it/s]Deconvoluting Remaining Spots:  57%|█████▋    | 548/956 [05:17<03:25,  1.99it/s]Deconvoluting Remaining Spots:  57%|█████▋    | 549/956 [05:18<03:25,  1.98it/s]Deconvoluting Remaining Spots:  58%|█████▊    | 550/956 [05:19<03:48,  1.78it/s]Deconvoluting Remaining Spots:  58%|█████▊    | 551/956 [05:19<03:41,  1.83it/s]Deconvoluting Remaining Spots:  58%|█████▊    | 552/956 [05:20<05:18,  1.27it/s]Deconvoluting Remaining Spots:  58%|█████▊    | 553/956 [05:21<04:33,  1.47it/s]Deconvoluting Remaining Spots:  58%|█████▊    | 554/956 [05:21<03:26,  1.95it/s]Deconvoluting Remaining Spots:  58%|█████▊    | 556/956 [05:22<02:54,  2.30it/s]Deconvoluting Remaining Spots:  58%|█████▊    | 557/956 [05:22<03:09,  2.10it/s]Deconvoluting Remaining Spots:  58%|█████▊    | 558/956 [05:23<03:40,  1.80it/s]Deconvoluting Remaining Spots:  58%|█████▊    | 559/956 [05:24<03:53,  1.70it/s]Deconvoluting Remaining Spots:  59%|█████▊    | 560/956 [05:25<04:34,  1.44it/s]Deconvoluting Remaining Spots:  59%|█████▉    | 562/956 [05:25<03:18,  1.99it/s]Deconvoluting Remaining Spots:  59%|█████▉    | 563/956 [05:26<02:55,  2.24it/s]Deconvoluting Remaining Spots:  59%|█████▉    | 564/956 [05:26<03:13,  2.02it/s]Deconvoluting Remaining Spots:  59%|█████▉    | 565/956 [05:27<03:17,  1.98it/s]Deconvoluting Remaining Spots:  59%|█████▉    | 566/956 [05:27<03:29,  1.87it/s]Deconvoluting Remaining Spots:  59%|█████▉    | 567/956 [05:28<03:47,  1.71it/s]Deconvoluting Remaining Spots:  59%|█████▉    | 568/956 [05:29<03:57,  1.64it/s]Deconvoluting Remaining Spots:  60%|█████▉    | 569/956 [05:29<03:38,  1.77it/s]Deconvoluting Remaining Spots:  60%|█████▉    | 570/956 [05:30<03:38,  1.76it/s]Deconvoluting Remaining Spots:  60%|█████▉    | 571/956 [05:30<03:30,  1.83it/s]Deconvoluting Remaining Spots:  60%|█████▉    | 572/956 [05:31<03:40,  1.74it/s]Deconvoluting Remaining Spots:  60%|█████▉    | 573/956 [05:31<03:35,  1.78it/s]Deconvoluting Remaining Spots:  60%|██████    | 574/956 [05:32<03:29,  1.83it/s]Deconvoluting Remaining Spots:  60%|██████    | 575/956 [05:33<03:36,  1.76it/s]Deconvoluting Remaining Spots:  60%|██████    | 576/956 [05:33<03:29,  1.81it/s]Deconvoluting Remaining Spots:  60%|██████    | 577/956 [05:34<03:28,  1.82it/s]Deconvoluting Remaining Spots:  60%|██████    | 578/956 [05:34<03:32,  1.78it/s]Deconvoluting Remaining Spots:  61%|██████    | 579/956 [05:35<03:20,  1.88it/s]Deconvoluting Remaining Spots:  61%|██████    | 580/956 [05:35<03:18,  1.90it/s]Deconvoluting Remaining Spots:  61%|██████    | 581/956 [05:36<03:18,  1.89it/s]Deconvoluting Remaining Spots:  61%|██████    | 582/956 [05:37<04:06,  1.52it/s]Deconvoluting Remaining Spots:  61%|██████    | 583/956 [05:37<03:54,  1.59it/s]Deconvoluting Remaining Spots:  61%|██████    | 584/956 [05:38<03:18,  1.88it/s]Deconvoluting Remaining Spots:  61%|██████    | 585/956 [05:38<03:10,  1.94it/s]Deconvoluting Remaining Spots:  61%|██████▏   | 586/956 [05:38<02:49,  2.18it/s]Deconvoluting Remaining Spots:  61%|██████▏   | 587/956 [05:39<03:12,  1.92it/s]Deconvoluting Remaining Spots:  62%|██████▏   | 588/956 [05:40<03:13,  1.91it/s]Deconvoluting Remaining Spots:  62%|██████▏   | 589/956 [05:40<03:34,  1.71it/s]Deconvoluting Remaining Spots:  62%|██████▏   | 590/956 [05:41<03:24,  1.79it/s]Deconvoluting Remaining Spots:  62%|██████▏   | 591/956 [05:41<03:19,  1.83it/s]Deconvoluting Remaining Spots:  62%|██████▏   | 592/956 [05:42<03:18,  1.83it/s]Deconvoluting Remaining Spots:  62%|██████▏   | 593/956 [05:42<02:59,  2.02it/s]Deconvoluting Remaining Spots:  62%|██████▏   | 594/956 [05:43<03:11,  1.89it/s]Deconvoluting Remaining Spots:  62%|██████▏   | 595/956 [05:43<03:17,  1.82it/s]Deconvoluting Remaining Spots:  62%|██████▏   | 596/956 [05:44<03:09,  1.90it/s]Deconvoluting Remaining Spots:  62%|██████▏   | 597/956 [05:44<03:11,  1.87it/s]Deconvoluting Remaining Spots:  63%|██████▎   | 598/956 [05:45<03:15,  1.84it/s]Deconvoluting Remaining Spots:  63%|██████▎   | 599/956 [05:46<03:20,  1.78it/s]Deconvoluting Remaining Spots:  63%|██████▎   | 600/956 [05:46<03:12,  1.85it/s]2026-02-18 16:23:44,160 - root - INFO - Saved checkpoint after 600 completed spots
Deconvoluting Remaining Spots:  63%|██████▎   | 601/956 [05:57<22:27,  3.80s/it]Deconvoluting Remaining Spots:  65%|██████▍   | 621/956 [05:58<02:18,  2.42it/s]Deconvoluting Remaining Spots:  65%|██████▌   | 623/956 [05:59<02:22,  2.34it/s]Deconvoluting Remaining Spots:  65%|██████▌   | 625/956 [06:00<02:25,  2.27it/s]Deconvoluting Remaining Spots:  65%|██████▌   | 626/956 [06:01<02:29,  2.21it/s]Deconvoluting Remaining Spots:  66%|██████▌   | 627/956 [06:01<02:41,  2.04it/s]Deconvoluting Remaining Spots:  66%|██████▌   | 628/956 [06:02<02:32,  2.16it/s]Deconvoluting Remaining Spots:  66%|██████▌   | 629/956 [06:02<02:38,  2.06it/s]Deconvoluting Remaining Spots:  66%|██████▌   | 630/956 [06:03<02:41,  2.02it/s]Deconvoluting Remaining Spots:  66%|██████▌   | 631/956 [06:03<02:46,  1.96it/s]Deconvoluting Remaining Spots:  66%|██████▌   | 632/956 [06:04<02:46,  1.95it/s]Deconvoluting Remaining Spots:  66%|██████▌   | 633/956 [06:05<03:08,  1.72it/s]Deconvoluting Remaining Spots:  66%|██████▋   | 634/956 [06:05<02:47,  1.92it/s]Deconvoluting Remaining Spots:  66%|██████▋   | 635/956 [06:06<03:36,  1.48it/s]Deconvoluting Remaining Spots:  67%|██████▋   | 636/956 [06:06<02:44,  1.94it/s]Deconvoluting Remaining Spots:  67%|██████▋   | 637/956 [06:07<02:50,  1.87it/s]Deconvoluting Remaining Spots:  67%|██████▋   | 638/956 [06:07<02:39,  1.99it/s]Deconvoluting Remaining Spots:  67%|██████▋   | 639/956 [06:08<02:40,  1.97it/s]Deconvoluting Remaining Spots:  67%|██████▋   | 640/956 [06:08<02:43,  1.93it/s]Deconvoluting Remaining Spots:  67%|██████▋   | 641/956 [06:09<02:45,  1.90it/s]Deconvoluting Remaining Spots:  67%|██████▋   | 642/956 [06:09<02:46,  1.89it/s]Deconvoluting Remaining Spots:  67%|██████▋   | 643/956 [06:10<02:49,  1.85it/s]Deconvoluting Remaining Spots:  67%|██████▋   | 644/956 [06:10<02:50,  1.83it/s]Deconvoluting Remaining Spots:  67%|██████▋   | 645/956 [06:11<02:49,  1.84it/s]Deconvoluting Remaining Spots:  68%|██████▊   | 646/956 [06:12<02:47,  1.85it/s]Deconvoluting Remaining Spots:  68%|██████▊   | 647/956 [06:12<02:49,  1.82it/s]Deconvoluting Remaining Spots:  68%|██████▊   | 648/956 [06:13<03:04,  1.67it/s]Deconvoluting Remaining Spots:  68%|██████▊   | 649/956 [06:13<02:44,  1.86it/s]Deconvoluting Remaining Spots:  68%|██████▊   | 650/956 [06:14<02:49,  1.81it/s]Deconvoluting Remaining Spots:  68%|██████▊   | 651/956 [06:14<02:53,  1.75it/s]Deconvoluting Remaining Spots:  68%|██████▊   | 652/956 [06:15<02:51,  1.77it/s]Deconvoluting Remaining Spots:  68%|██████▊   | 653/956 [06:16<03:27,  1.46it/s]Deconvoluting Remaining Spots:  68%|██████▊   | 654/956 [06:16<02:35,  1.95it/s]Deconvoluting Remaining Spots:  69%|██████▊   | 655/956 [06:17<02:38,  1.89it/s]Deconvoluting Remaining Spots:  69%|██████▊   | 656/956 [06:17<02:39,  1.88it/s]Deconvoluting Remaining Spots:  69%|██████▊   | 657/956 [06:18<02:42,  1.84it/s]Deconvoluting Remaining Spots:  69%|██████▉   | 658/956 [06:18<02:35,  1.92it/s]Deconvoluting Remaining Spots:  69%|██████▉   | 659/956 [06:19<02:41,  1.84it/s]Deconvoluting Remaining Spots:  69%|██████▉   | 660/956 [06:19<02:33,  1.93it/s]Deconvoluting Remaining Spots:  69%|██████▉   | 661/956 [06:20<02:52,  1.71it/s]Deconvoluting Remaining Spots:  69%|██████▉   | 662/956 [06:20<02:33,  1.91it/s]Deconvoluting Remaining Spots:  69%|██████▉   | 663/956 [06:21<02:39,  1.83it/s]Deconvoluting Remaining Spots:  69%|██████▉   | 664/956 [06:22<02:53,  1.68it/s]Deconvoluting Remaining Spots:  70%|██████▉   | 665/956 [06:22<02:35,  1.87it/s]Deconvoluting Remaining Spots:  70%|██████▉   | 666/956 [06:23<02:31,  1.92it/s]Deconvoluting Remaining Spots:  70%|██████▉   | 667/956 [06:23<02:36,  1.85it/s]Deconvoluting Remaining Spots:  70%|██████▉   | 668/956 [06:24<02:32,  1.89it/s]Deconvoluting Remaining Spots:  70%|██████▉   | 669/956 [06:24<02:39,  1.80it/s]Deconvoluting Remaining Spots:  70%|███████   | 670/956 [06:25<02:27,  1.95it/s]Deconvoluting Remaining Spots:  70%|███████   | 671/956 [06:25<02:26,  1.94it/s]Deconvoluting Remaining Spots:  70%|███████   | 672/956 [06:26<02:31,  1.87it/s]Deconvoluting Remaining Spots:  70%|███████   | 673/956 [06:26<02:34,  1.84it/s]Deconvoluting Remaining Spots:  71%|███████   | 674/956 [06:27<02:31,  1.86it/s]Deconvoluting Remaining Spots:  71%|███████   | 675/956 [06:27<02:36,  1.79it/s]Deconvoluting Remaining Spots:  71%|███████   | 676/956 [06:28<02:31,  1.85it/s]Deconvoluting Remaining Spots:  71%|███████   | 677/956 [06:29<02:34,  1.80it/s]Deconvoluting Remaining Spots:  71%|███████   | 678/956 [06:29<02:26,  1.89it/s]Deconvoluting Remaining Spots:  71%|███████   | 679/956 [06:30<02:26,  1.89it/s]Deconvoluting Remaining Spots:  71%|███████   | 680/956 [06:30<02:52,  1.60it/s]Deconvoluting Remaining Spots:  71%|███████   | 681/956 [06:31<02:30,  1.82it/s]Deconvoluting Remaining Spots:  71%|███████▏  | 682/956 [06:31<02:23,  1.90it/s]Deconvoluting Remaining Spots:  71%|███████▏  | 683/956 [06:32<02:35,  1.76it/s]Deconvoluting Remaining Spots:  72%|███████▏  | 684/956 [06:32<02:31,  1.79it/s]Deconvoluting Remaining Spots:  72%|███████▏  | 685/956 [06:33<02:32,  1.78it/s]Deconvoluting Remaining Spots:  72%|███████▏  | 686/956 [06:34<02:32,  1.77it/s]Deconvoluting Remaining Spots:  72%|███████▏  | 687/956 [06:34<02:49,  1.59it/s]Deconvoluting Remaining Spots:  72%|███████▏  | 688/956 [06:35<02:15,  1.98it/s]Deconvoluting Remaining Spots:  72%|███████▏  | 689/956 [06:35<02:15,  1.97it/s]Deconvoluting Remaining Spots:  72%|███████▏  | 690/956 [06:36<02:18,  1.91it/s]Deconvoluting Remaining Spots:  72%|███████▏  | 691/956 [06:36<02:11,  2.01it/s]Deconvoluting Remaining Spots:  72%|███████▏  | 692/956 [06:37<02:24,  1.83it/s]Deconvoluting Remaining Spots:  72%|███████▏  | 693/956 [06:37<02:16,  1.93it/s]Deconvoluting Remaining Spots:  73%|███████▎  | 694/956 [06:38<02:18,  1.89it/s]Deconvoluting Remaining Spots:  73%|███████▎  | 695/956 [06:38<02:23,  1.82it/s]Deconvoluting Remaining Spots:  73%|███████▎  | 696/956 [06:39<02:16,  1.91it/s]Deconvoluting Remaining Spots:  73%|███████▎  | 697/956 [06:39<02:18,  1.87it/s]Deconvoluting Remaining Spots:  73%|███████▎  | 698/956 [06:40<02:19,  1.85it/s]Deconvoluting Remaining Spots:  73%|███████▎  | 699/956 [06:40<02:15,  1.90it/s]Deconvoluting Remaining Spots:  73%|███████▎  | 700/956 [06:41<02:11,  1.95it/s]2026-02-18 16:24:40,770 - root - INFO - Saved checkpoint after 700 completed spots
Deconvoluting Remaining Spots:  73%|███████▎  | 701/956 [06:54<18:21,  4.32s/it]Deconvoluting Remaining Spots:  76%|███████▌  | 724/956 [06:55<01:38,  2.35it/s]Deconvoluting Remaining Spots:  76%|███████▌  | 726/956 [06:56<01:37,  2.36it/s]Deconvoluting Remaining Spots:  76%|███████▌  | 727/956 [06:56<01:37,  2.36it/s]Deconvoluting Remaining Spots:  76%|███████▌  | 728/956 [06:57<01:40,  2.27it/s]Deconvoluting Remaining Spots:  76%|███████▋  | 729/956 [06:57<01:39,  2.27it/s]Deconvoluting Remaining Spots:  76%|███████▋  | 730/956 [06:58<01:46,  2.12it/s]Deconvoluting Remaining Spots:  76%|███████▋  | 731/956 [06:58<01:46,  2.11it/s]Deconvoluting Remaining Spots:  77%|███████▋  | 732/956 [06:59<01:49,  2.05it/s]Deconvoluting Remaining Spots:  77%|███████▋  | 733/956 [06:59<01:57,  1.90it/s]Deconvoluting Remaining Spots:  77%|███████▋  | 734/956 [07:00<02:12,  1.67it/s]Deconvoluting Remaining Spots:  77%|███████▋  | 735/956 [07:01<02:11,  1.68it/s]Deconvoluting Remaining Spots:  77%|███████▋  | 736/956 [07:01<02:13,  1.65it/s]Deconvoluting Remaining Spots:  77%|███████▋  | 737/956 [07:02<02:04,  1.76it/s]Deconvoluting Remaining Spots:  77%|███████▋  | 738/956 [07:03<02:14,  1.62it/s]Deconvoluting Remaining Spots:  77%|███████▋  | 739/956 [07:03<01:45,  2.06it/s]Deconvoluting Remaining Spots:  77%|███████▋  | 740/956 [07:03<01:50,  1.95it/s]Deconvoluting Remaining Spots:  78%|███████▊  | 741/956 [07:04<01:49,  1.97it/s]Deconvoluting Remaining Spots:  78%|███████▊  | 742/956 [07:05<02:03,  1.74it/s]Deconvoluting Remaining Spots:  78%|███████▊  | 743/956 [07:05<02:00,  1.77it/s]Deconvoluting Remaining Spots:  78%|███████▊  | 744/956 [07:06<01:59,  1.77it/s]Deconvoluting Remaining Spots:  78%|███████▊  | 745/956 [07:06<01:57,  1.80it/s]Deconvoluting Remaining Spots:  78%|███████▊  | 746/956 [07:07<02:11,  1.60it/s]Deconvoluting Remaining Spots:  78%|███████▊  | 747/956 [07:08<02:01,  1.73it/s]Deconvoluting Remaining Spots:  78%|███████▊  | 748/956 [07:08<02:11,  1.58it/s]Deconvoluting Remaining Spots:  78%|███████▊  | 749/956 [07:09<01:53,  1.82it/s]Deconvoluting Remaining Spots:  78%|███████▊  | 750/956 [07:09<01:55,  1.78it/s]Deconvoluting Remaining Spots:  79%|███████▊  | 751/956 [07:10<01:51,  1.83it/s]Deconvoluting Remaining Spots:  79%|███████▊  | 752/956 [07:10<01:51,  1.83it/s]Deconvoluting Remaining Spots:  79%|███████▉  | 753/956 [07:11<01:43,  1.96it/s]Deconvoluting Remaining Spots:  79%|███████▉  | 754/956 [07:12<02:03,  1.64it/s]Deconvoluting Remaining Spots:  79%|███████▉  | 755/956 [07:12<01:40,  2.01it/s]Deconvoluting Remaining Spots:  79%|███████▉  | 756/956 [07:12<01:43,  1.93it/s]Deconvoluting Remaining Spots:  79%|███████▉  | 757/956 [07:13<01:49,  1.81it/s]Deconvoluting Remaining Spots:  79%|███████▉  | 758/956 [07:14<01:44,  1.89it/s]Deconvoluting Remaining Spots:  79%|███████▉  | 759/956 [07:14<01:46,  1.84it/s]Deconvoluting Remaining Spots:  79%|███████▉  | 760/956 [07:15<01:44,  1.87it/s]Deconvoluting Remaining Spots:  80%|███████▉  | 761/956 [07:15<01:40,  1.94it/s]Deconvoluting Remaining Spots:  80%|███████▉  | 762/956 [07:16<01:50,  1.75it/s]Deconvoluting Remaining Spots:  80%|███████▉  | 763/956 [07:16<01:39,  1.94it/s]Deconvoluting Remaining Spots:  80%|███████▉  | 764/956 [07:17<01:44,  1.83it/s]Deconvoluting Remaining Spots:  80%|████████  | 765/956 [07:17<01:43,  1.84it/s]Deconvoluting Remaining Spots:  80%|████████  | 766/956 [07:18<02:18,  1.37it/s]Deconvoluting Remaining Spots:  80%|████████  | 768/956 [07:20<02:03,  1.52it/s]Deconvoluting Remaining Spots:  81%|████████  | 770/956 [07:20<01:34,  1.97it/s]Deconvoluting Remaining Spots:  81%|████████  | 771/956 [07:21<01:33,  1.97it/s]Deconvoluting Remaining Spots:  81%|████████  | 772/956 [07:21<01:35,  1.93it/s]Deconvoluting Remaining Spots:  81%|████████  | 773/956 [07:22<01:38,  1.86it/s]Deconvoluting Remaining Spots:  81%|████████  | 774/956 [07:22<01:37,  1.87it/s]Deconvoluting Remaining Spots:  81%|████████  | 775/956 [07:23<01:36,  1.88it/s]Deconvoluting Remaining Spots:  81%|████████  | 776/956 [07:23<01:36,  1.86it/s]Deconvoluting Remaining Spots:  81%|████████▏ | 777/956 [07:24<01:36,  1.86it/s]Deconvoluting Remaining Spots:  81%|████████▏ | 778/956 [07:25<01:35,  1.87it/s]Deconvoluting Remaining Spots:  81%|████████▏ | 779/956 [07:25<01:34,  1.86it/s]Deconvoluting Remaining Spots:  82%|████████▏ | 780/956 [07:26<01:39,  1.77it/s]Deconvoluting Remaining Spots:  82%|████████▏ | 781/956 [07:26<01:41,  1.72it/s]Deconvoluting Remaining Spots:  82%|████████▏ | 782/956 [07:27<01:49,  1.59it/s]Deconvoluting Remaining Spots:  82%|████████▏ | 783/956 [07:27<01:37,  1.77it/s]Deconvoluting Remaining Spots:  82%|████████▏ | 784/956 [07:28<01:28,  1.94it/s]Deconvoluting Remaining Spots:  82%|████████▏ | 785/956 [07:28<01:32,  1.85it/s]Deconvoluting Remaining Spots:  82%|████████▏ | 786/956 [07:29<01:29,  1.89it/s]Deconvoluting Remaining Spots:  82%|████████▏ | 787/956 [07:30<01:33,  1.80it/s]Deconvoluting Remaining Spots:  82%|████████▏ | 788/956 [07:30<01:30,  1.85it/s]Deconvoluting Remaining Spots:  83%|████████▎ | 789/956 [07:31<01:52,  1.48it/s]Deconvoluting Remaining Spots:  83%|████████▎ | 791/956 [07:32<01:25,  1.92it/s]Deconvoluting Remaining Spots:  83%|████████▎ | 792/956 [07:32<01:25,  1.93it/s]Deconvoluting Remaining Spots:  83%|████████▎ | 793/956 [07:33<01:22,  1.97it/s]Deconvoluting Remaining Spots:  83%|████████▎ | 794/956 [07:33<01:24,  1.93it/s]Deconvoluting Remaining Spots:  83%|████████▎ | 795/956 [07:34<01:27,  1.84it/s]Deconvoluting Remaining Spots:  83%|████████▎ | 796/956 [07:34<01:28,  1.80it/s]Deconvoluting Remaining Spots:  83%|████████▎ | 797/956 [07:35<01:33,  1.70it/s]Deconvoluting Remaining Spots:  83%|████████▎ | 798/956 [07:36<01:28,  1.78it/s]Deconvoluting Remaining Spots:  84%|████████▎ | 799/956 [07:36<01:29,  1.75it/s]Deconvoluting Remaining Spots:  84%|████████▎ | 800/956 [07:37<01:23,  1.87it/s]2026-02-18 16:25:38,351 - root - INFO - Saved checkpoint after 800 completed spots
Deconvoluting Remaining Spots:  84%|████████▍ | 801/956 [07:52<12:28,  4.83s/it]Deconvoluting Remaining Spots:  87%|████████▋ | 827/956 [07:52<00:52,  2.44it/s]Deconvoluting Remaining Spots:  87%|████████▋ | 831/956 [07:54<00:53,  2.33it/s]Deconvoluting Remaining Spots:  87%|████████▋ | 834/956 [07:56<00:58,  2.10it/s]Deconvoluting Remaining Spots:  87%|████████▋ | 836/956 [07:57<00:54,  2.20it/s]Deconvoluting Remaining Spots:  88%|████████▊ | 838/956 [07:58<00:55,  2.12it/s]Deconvoluting Remaining Spots:  88%|████████▊ | 839/956 [07:59<00:56,  2.09it/s]Deconvoluting Remaining Spots:  88%|████████▊ | 840/956 [07:59<00:56,  2.05it/s]Deconvoluting Remaining Spots:  88%|████████▊ | 841/956 [08:00<00:57,  1.99it/s]Deconvoluting Remaining Spots:  88%|████████▊ | 842/956 [08:00<00:56,  2.01it/s]Deconvoluting Remaining Spots:  88%|████████▊ | 843/956 [08:01<00:58,  1.93it/s]Deconvoluting Remaining Spots:  88%|████████▊ | 844/956 [08:01<00:59,  1.90it/s]Deconvoluting Remaining Spots:  88%|████████▊ | 845/956 [08:02<00:56,  1.98it/s]Deconvoluting Remaining Spots:  88%|████████▊ | 846/956 [08:02<00:56,  1.96it/s]Deconvoluting Remaining Spots:  89%|████████▊ | 847/956 [08:03<00:57,  1.90it/s]Deconvoluting Remaining Spots:  89%|████████▊ | 848/956 [08:03<00:55,  1.95it/s]Deconvoluting Remaining Spots:  89%|████████▉ | 849/956 [08:04<01:02,  1.72it/s]Deconvoluting Remaining Spots:  89%|████████▉ | 850/956 [08:05<00:59,  1.77it/s]Deconvoluting Remaining Spots:  89%|████████▉ | 851/956 [08:05<00:54,  1.91it/s]Deconvoluting Remaining Spots:  89%|████████▉ | 852/956 [08:05<00:52,  1.96it/s]Deconvoluting Remaining Spots:  89%|████████▉ | 853/956 [08:06<00:55,  1.87it/s]Deconvoluting Remaining Spots:  89%|████████▉ | 854/956 [08:07<00:55,  1.83it/s]Deconvoluting Remaining Spots:  89%|████████▉ | 855/956 [08:07<00:55,  1.81it/s]Deconvoluting Remaining Spots:  90%|████████▉ | 856/956 [08:08<00:55,  1.81it/s]Deconvoluting Remaining Spots:  90%|████████▉ | 857/956 [08:08<00:53,  1.87it/s]Deconvoluting Remaining Spots:  90%|████████▉ | 858/956 [08:09<00:53,  1.84it/s]Deconvoluting Remaining Spots:  90%|████████▉ | 859/956 [08:09<00:52,  1.86it/s]Deconvoluting Remaining Spots:  90%|████████▉ | 860/956 [08:10<00:51,  1.88it/s]Deconvoluting Remaining Spots:  90%|█████████ | 861/956 [08:10<00:48,  1.94it/s]Deconvoluting Remaining Spots:  90%|█████████ | 862/956 [08:11<00:50,  1.85it/s]Deconvoluting Remaining Spots:  90%|█████████ | 863/956 [08:11<00:49,  1.88it/s]Deconvoluting Remaining Spots:  90%|█████████ | 864/956 [08:12<00:52,  1.76it/s]Deconvoluting Remaining Spots:  90%|█████████ | 865/956 [08:13<00:51,  1.78it/s]Deconvoluting Remaining Spots:  91%|█████████ | 866/956 [08:13<00:49,  1.80it/s]Deconvoluting Remaining Spots:  91%|█████████ | 867/956 [08:14<00:50,  1.77it/s]Deconvoluting Remaining Spots:  91%|█████████ | 868/956 [08:14<00:46,  1.88it/s]Deconvoluting Remaining Spots:  91%|█████████ | 869/956 [08:15<00:46,  1.89it/s]Deconvoluting Remaining Spots:  91%|█████████ | 870/956 [08:15<00:49,  1.75it/s]Deconvoluting Remaining Spots:  91%|█████████ | 871/956 [08:16<00:51,  1.64it/s]Deconvoluting Remaining Spots:  91%|█████████ | 872/956 [08:17<00:45,  1.84it/s]Deconvoluting Remaining Spots:  91%|█████████▏| 873/956 [08:17<00:44,  1.86it/s]Deconvoluting Remaining Spots:  91%|█████████▏| 874/956 [08:18<00:43,  1.87it/s]Deconvoluting Remaining Spots:  92%|█████████▏| 875/956 [08:18<00:42,  1.91it/s]Deconvoluting Remaining Spots:  92%|█████████▏| 876/956 [08:19<00:42,  1.86it/s]Deconvoluting Remaining Spots:  92%|█████████▏| 877/956 [08:19<00:43,  1.82it/s]Deconvoluting Remaining Spots:  92%|█████████▏| 878/956 [08:20<00:43,  1.80it/s]Deconvoluting Remaining Spots:  92%|█████████▏| 879/956 [08:20<00:39,  1.93it/s]Deconvoluting Remaining Spots:  92%|█████████▏| 880/956 [08:21<00:40,  1.88it/s]Deconvoluting Remaining Spots:  92%|█████████▏| 881/956 [08:21<00:38,  1.94it/s]Deconvoluting Remaining Spots:  92%|█████████▏| 882/956 [08:22<00:39,  1.86it/s]Deconvoluting Remaining Spots:  92%|█████████▏| 883/956 [08:22<00:38,  1.89it/s]Deconvoluting Remaining Spots:  92%|█████████▏| 884/956 [08:23<00:38,  1.88it/s]Deconvoluting Remaining Spots:  93%|█████████▎| 885/956 [08:23<00:38,  1.84it/s]Deconvoluting Remaining Spots:  93%|█████████▎| 886/956 [08:24<00:38,  1.80it/s]Deconvoluting Remaining Spots:  93%|█████████▎| 887/956 [08:25<00:44,  1.53it/s]Deconvoluting Remaining Spots:  93%|█████████▎| 888/956 [08:25<00:35,  1.93it/s]Deconvoluting Remaining Spots:  93%|█████████▎| 889/956 [08:26<00:36,  1.86it/s]Deconvoluting Remaining Spots:  93%|█████████▎| 890/956 [08:26<00:34,  1.89it/s]Deconvoluting Remaining Spots:  93%|█████████▎| 891/956 [08:27<00:34,  1.89it/s]Deconvoluting Remaining Spots:  93%|█████████▎| 892/956 [08:27<00:33,  1.89it/s]Deconvoluting Remaining Spots:  93%|█████████▎| 893/956 [08:28<00:33,  1.88it/s]Deconvoluting Remaining Spots:  94%|█████████▎| 894/956 [08:28<00:32,  1.88it/s]Deconvoluting Remaining Spots:  94%|█████████▎| 895/956 [08:29<00:34,  1.79it/s]Deconvoluting Remaining Spots:  94%|█████████▎| 896/956 [08:30<00:33,  1.80it/s]Deconvoluting Remaining Spots:  94%|█████████▍| 897/956 [08:30<00:32,  1.84it/s]Deconvoluting Remaining Spots:  94%|█████████▍| 898/956 [08:31<00:30,  1.89it/s]Deconvoluting Remaining Spots:  94%|█████████▍| 899/956 [08:31<00:31,  1.84it/s]Deconvoluting Remaining Spots:  94%|█████████▍| 900/956 [08:32<00:31,  1.79it/s]2026-02-18 16:26:32,207 - root - ERROR - Failed to save checkpoint: [Errno 116] Stale file handle
Exception ignored in: <function ZipFile.__del__ at 0x7f6638666f80>
Traceback (most recent call last):
  File "/ix1/alee/LO_LAB/Personal/Alexander_Chang/alc376/envs/CITEgeist_env/lib/python3.10/zipfile.py", line 1834, in __del__
    self.close()
  File "/ix1/alee/LO_LAB/Personal/Alexander_Chang/alc376/envs/CITEgeist_env/lib/python3.10/zipfile.py", line 1856, in close
    self._fpclose(fp)
  File "/ix1/alee/LO_LAB/Personal/Alexander_Chang/alc376/envs/CITEgeist_env/lib/python3.10/zipfile.py", line 1956, in _fpclose
    fp.close()
OSError: [Errno 116] Stale file handle
Deconvoluting Remaining Spots:  94%|█████████▍| 901/956 [08:46<04:10,  4.55s/it]Deconvoluting Remaining Spots:  97%|█████████▋| 926/956 [08:46<00:12,  2.45it/s]Deconvoluting Remaining Spots:  97%|█████████▋| 928/956 [08:47<00:11,  2.37it/s]Deconvoluting Remaining Spots:  97%|█████████▋| 930/956 [08:48<00:11,  2.26it/s]Deconvoluting Remaining Spots:  97%|█████████▋| 931/956 [08:49<00:11,  2.23it/s]Deconvoluting Remaining Spots:  97%|█████████▋| 932/956 [08:50<00:11,  2.01it/s]Deconvoluting Remaining Spots:  98%|█████████▊| 933/956 [08:50<00:10,  2.14it/s]Deconvoluting Remaining Spots:  98%|█████████▊| 934/956 [08:51<00:10,  2.04it/s]Deconvoluting Remaining Spots:  98%|█████████▊| 935/956 [08:51<00:10,  2.05it/s]Deconvoluting Remaining Spots:  98%|█████████▊| 936/956 [08:52<00:10,  1.95it/s]Deconvoluting Remaining Spots:  98%|█████████▊| 937/956 [08:52<00:09,  1.91it/s]Deconvoluting Remaining Spots:  98%|█████████▊| 938/956 [08:53<00:09,  1.85it/s]Deconvoluting Remaining Spots:  98%|█████████▊| 939/956 [08:54<00:09,  1.74it/s]Deconvoluting Remaining Spots:  98%|█████████▊| 940/956 [08:54<00:08,  1.81it/s]Deconvoluting Remaining Spots:  98%|█████████▊| 941/956 [08:55<00:08,  1.80it/s]Deconvoluting Remaining Spots:  99%|█████████▊| 942/956 [08:55<00:07,  1.81it/s]Deconvoluting Remaining Spots:  99%|█████████▊| 943/956 [08:56<00:06,  1.86it/s]Deconvoluting Remaining Spots:  99%|█████████▊| 944/956 [08:56<00:06,  1.77it/s]Deconvoluting Remaining Spots:  99%|█████████▉| 945/956 [08:57<00:06,  1.79it/s]Deconvoluting Remaining Spots:  99%|█████████▉| 946/956 [08:58<00:06,  1.59it/s]Deconvoluting Remaining Spots:  99%|█████████▉| 947/956 [08:58<00:04,  1.84it/s]Deconvoluting Remaining Spots:  99%|█████████▉| 948/956 [08:59<00:04,  1.79it/s]Deconvoluting Remaining Spots:  99%|█████████▉| 949/956 [08:59<00:03,  1.81it/s]Deconvoluting Remaining Spots:  99%|█████████▉| 950/956 [09:00<00:03,  1.64it/s]Deconvoluting Remaining Spots:  99%|█████████▉| 951/956 [09:01<00:03,  1.57it/s]Deconvoluting Remaining Spots: 100%|█████████▉| 952/956 [09:01<00:02,  1.86it/s]Deconvoluting Remaining Spots: 100%|█████████▉| 953/956 [09:01<00:01,  1.90it/s]Deconvoluting Remaining Spots: 100%|█████████▉| 954/956 [09:02<00:01,  1.76it/s]Deconvoluting Remaining Spots: 100%|█████████▉| 955/956 [09:03<00:00,  1.80it/s]Deconvoluting Remaining Spots: 100%|██████████| 956/956 [09:03<00:00,  1.78it/s]Deconvoluting Remaining Spots: 100%|██████████| 956/956 [09:03<00:00,  1.76it/s]
2026-02-18 16:27:05,809 - root - INFO - Saved final results with 956 completed spots
2026-02-18 16:27:18,316 - root - INFO - Saved profiles to Benchmarking/simulation_benchmarking/CITEgeist/output_discrete_nuclei_clr/mixed/dapi/mixed/dapi/Wu_rep_4/Wu_rep_4_gene_expression_pass1.parquet with cell types: ['B-cells', 'CAFs', 'Cancer Epithelial', 'Endothelial', 'Myeloid', 'Normal Epithelial', 'PVL', 'Plasmablasts', 'T-cells']
2026-02-18 16:27:22,514 - root - INFO - Successfully added layer: Plasmablasts_genes_pass1
2026-02-18 16:27:23,041 - root - INFO - Successfully added layer: B-cells_genes_pass1
2026-02-18 16:27:23,566 - root - INFO - Successfully added layer: Endothelial_genes_pass1
2026-02-18 16:27:24,091 - root - INFO - Successfully added layer: Myeloid_genes_pass1
2026-02-18 16:27:24,616 - root - INFO - Successfully added layer: PVL_genes_pass1
2026-02-18 16:27:25,142 - root - INFO - Successfully added layer: CAFs_genes_pass1
2026-02-18 16:27:25,666 - root - INFO - Successfully added layer: T-cells_genes_pass1
2026-02-18 16:27:26,189 - root - INFO - Successfully added layer: Cancer_Epithelial_genes_pass1
2026-02-18 16:27:26,713 - root - INFO - Successfully added layer: Normal_Epithelial_genes_pass1
2026-02-18 16:27:54,417 - root - INFO - Exported layer 'Plasmablasts_genes_pass1' to 'Benchmarking/simulation_benchmarking/CITEgeist/output_discrete_nuclei_clr/mixed/dapi/mixed/dapi/Wu_rep_4/Wu_rep_4_pass1/layers/pass1/Plasmablasts_layer_pass1.csv'
2026-02-18 16:28:21,996 - root - INFO - Exported layer 'B-cells_genes_pass1' to 'Benchmarking/simulation_benchmarking/CITEgeist/output_discrete_nuclei_clr/mixed/dapi/mixed/dapi/Wu_rep_4/Wu_rep_4_pass1/layers/pass1/B-cells_layer_pass1.csv'
2026-02-18 16:28:49,610 - root - INFO - Exported layer 'Endothelial_genes_pass1' to 'Benchmarking/simulation_benchmarking/CITEgeist/output_discrete_nuclei_clr/mixed/dapi/mixed/dapi/Wu_rep_4/Wu_rep_4_pass1/layers/pass1/Endothelial_layer_pass1.csv'
2026-02-18 16:29:17,198 - root - INFO - Exported layer 'Myeloid_genes_pass1' to 'Benchmarking/simulation_benchmarking/CITEgeist/output_discrete_nuclei_clr/mixed/dapi/mixed/dapi/Wu_rep_4/Wu_rep_4_pass1/layers/pass1/Myeloid_layer_pass1.csv'
2026-02-18 16:29:44,791 - root - INFO - Exported layer 'PVL_genes_pass1' to 'Benchmarking/simulation_benchmarking/CITEgeist/output_discrete_nuclei_clr/mixed/dapi/mixed/dapi/Wu_rep_4/Wu_rep_4_pass1/layers/pass1/PVL_layer_pass1.csv'
2026-02-18 16:30:12,814 - root - INFO - Exported layer 'CAFs_genes_pass1' to 'Benchmarking/simulation_benchmarking/CITEgeist/output_discrete_nuclei_clr/mixed/dapi/mixed/dapi/Wu_rep_4/Wu_rep_4_pass1/layers/pass1/CAFs_layer_pass1.csv'
2026-02-18 16:30:40,450 - root - INFO - Exported layer 'T-cells_genes_pass1' to 'Benchmarking/simulation_benchmarking/CITEgeist/output_discrete_nuclei_clr/mixed/dapi/mixed/dapi/Wu_rep_4/Wu_rep_4_pass1/layers/pass1/T-cells_layer_pass1.csv'
2026-02-18 16:31:08,121 - root - INFO - Exported layer 'Cancer_Epithelial_genes_pass1' to 'Benchmarking/simulation_benchmarking/CITEgeist/output_discrete_nuclei_clr/mixed/dapi/mixed/dapi/Wu_rep_4/Wu_rep_4_pass1/layers/pass1/Cancer_Epithelial_layer_pass1.csv'
2026-02-18 16:31:35,807 - root - INFO - Exported layer 'Normal_Epithelial_genes_pass1' to 'Benchmarking/simulation_benchmarking/CITEgeist/output_discrete_nuclei_clr/mixed/dapi/mixed/dapi/Wu_rep_4/Wu_rep_4_pass1/layers/pass1/Normal_Epithelial_layer_pass1.csv'
2026-02-18 16:31:35,807 - __main__ - INFO - GEX deconvolution completed in 831.2s
2026-02-18 16:35:46,541 - __main__ - INFO - Exported 9 cell type layers to Benchmarking/simulation_benchmarking/CITEgeist/output_discrete_nuclei_clr/mixed/dapi/mixed/dapi/Wu_rep_4/layers
2026-02-18 16:35:46,554 - __main__ - INFO - Comparing against ground truth GEX: /ix1/alee/LO_LAB/Personal/Brent_Schlegel/bts76/Projects/CITEgeist/Wu_Visium/Simulations/scCube_12k/replicates/mixed/ST_GEX_sim/sample_4/layers
2026-02-18 16:38:05,864 - __main__ - INFO - GEX Average RMSE: 0.1476
2026-02-18 16:38:05,865 - __main__ - INFO - GEX Average NRMSE: 0.0230
2026-02-18 16:38:05,894 - __main__ - INFO - Results saved to Benchmarking/simulation_benchmarking/CITEgeist/output_discrete_nuclei_clr/mixed/dapi/mixed/dapi/Wu_rep_4
