2026-02-18 16:50:48,365 - __main__ - INFO - ============================================================
2026-02-18 16:50:48,365 - __main__ - INFO - BENCHMARK: replicate=0, condition=mixed, mode=dapi
2026-02-18 16:50:48,365 - __main__ - INFO - ============================================================
2026-02-18 16:50:48,366 - __main__ - INFO - Loading image: /ix1/alee/LO_LAB/Personal/Alexander_Chang/alc376/CITEgeist/Benchmarking/simulation_benchmarking/CITEgeist/mixed/images/dapi/Wu_rep_0_cellpose.png
2026-02-18 16:50:49,562 - __main__ - INFO - Image shape: (8000, 8000, 3)
2026-02-18 16:50:49,564 - __main__ - INFO - Running Cellpose with model_type=nuclei
2026-02-18 16:50:53,728 - cellpose.models - WARNING - model_type argument is not used in v4.0.1+. Ignoring this argument...
2026-02-18 16:50:53,728 - cellpose.core - INFO - >>>> using CPU
2026-02-18 16:50:53,728 - cellpose.core - INFO - >>>> using CPU
2026-02-18 16:50:55,789 - cellpose.models - INFO - >>>> loading model /ihome/alee/alc376/.cellpose/models/cpsam
2026-02-18 16:50:56,376 - cellpose.models - WARNING - channels deprecated in v4.0.1+. If data contain more than 3 channels, only the first 3 channels will be used
2026-02-18 16:50:56,422 - cellpose.transforms - INFO - processing image with (8000, 8000) HW, and 3 channels
2026-02-18 17:45:28,058 - __main__ - INFO - Detected 4894 nuclei in 3278.5s
2026-02-18 17:45:28,380 - __main__ - INFO - Nuclei count correlation: 0.986
2026-02-18 17:45:28,381 - __main__ - INFO - Nuclei count RMSE: 0.46
2026-02-18 17:45:28,402 - __main__ - INFO - Loading h5ad files...
2026-02-18 17:45:30,826 - root - INFO - Logging initialized.
2026-02-18 17:45:30,826 - __main__ - INFO - Using CLR preprocessing (continuous model style)
2026-02-18 17:45:31,202 - root - INFO - Normalization stats:
2026-02-18 17:45:31,202 - root - INFO - Original median total: 70657598764.00
2026-02-18 17:45:31,218 - root - INFO - Mean scaled total: 9980.12
2026-02-18 17:45:31,234 - root - INFO - Max scaled value: 10000.00
2026-02-18 17:45:31,415 - root - INFO - Gene expression data normalized to 10000 counts per spot and validated for discrete count analysis.
2026-02-18 17:45:31,416 - root - INFO - Mapped 18 markers to 9 cell types (preserving marker-level data)
2026-02-18 17:45:31,416 - __main__ - INFO - Discrete cell type order: ['B-cells', 'CAFs', 'Cancer Epithelial', 'Endothelial', 'Myeloid', 'Normal Epithelial', 'PVL', 'Plasmablasts', 'T-cells']
2026-02-18 17:45:31,418 - root - INFO - Mapped 18 markers to 9 cell types (preserving marker-level data)
2026-02-18 17:45:31,418 - root - INFO - Running discrete cell assignment: 951 spots, 18 markers, 9 cell types
2026-02-18 17:45:31,418 - root - INFO - Total nuclei: 4894, mean per spot: 5.15
2026-02-18 17:45:31,418 - root - INFO - Discrete cell assignment EM: 951 spots, 18 markers, 9 cell types
2026-02-18 17:45:31,418 - root - INFO - Total nuclei: 4894, mean per spot: 5.15
2026-02-18 17:45:31,420 - root - INFO - 
=== EM Iteration 1/10 ===
2026-02-18 17:45:31,420 - root - INFO - Global IQP: 951 spots x 9 cell types = 8559 integer variables
2026-02-18 17:45:31,420 - root - INFO - Time limit: 600.0s, MIP gap: 5.0%
2026-02-18 17:45:31,420 - root - INFO - Constraint slack: ±1 cells
2026-02-18 17:45:31,531 - gurobipy - INFO - Set parameter LicenseID to value 276015
2026-02-18 17:45:31,531 - gurobipy - INFO - Set parameter GURO_PAR_SPECIAL
2026-02-18 17:45:31,531 - gurobipy - INFO - Set parameter TokenServer to value "license.crc.pitt.edu"
2026-02-18 17:45:31,553 - gurobipy - INFO - Set parameter TimeLimit to value 600
2026-02-18 17:45:31,553 - gurobipy - INFO - Set parameter MIPGap to value 0.05
2026-02-18 17:45:33,844 - root - INFO - Starting global IQP optimization...
2026-02-18 17:45:33,845 - gurobipy - INFO - Gurobi Optimizer version 11.0.2 build v11.0.2rc0 (linux64 - "Red Hat Enterprise Linux 9.6 (Plow)")
2026-02-18 17:45:33,845 - gurobipy - INFO - 
2026-02-18 17:45:33,846 - gurobipy - INFO - CPU model: Intel(R) Xeon(R) Platinum 8352Y CPU @ 2.20GHz, instruction set [SSE2|AVX|AVX2|AVX512]
2026-02-18 17:45:33,846 - gurobipy - INFO - Thread count: 64 physical cores, 64 logical processors, using up to 32 threads
2026-02-18 17:45:33,846 - gurobipy - INFO - 
2026-02-18 17:45:33,846 - gurobipy - INFO - Optimize a model with 1854 rows, 8559 columns and 16686 nonzeros
2026-02-18 17:45:33,846 - gurobipy - INFO - Model fingerprint: 0xe37d3b58
2026-02-18 17:45:33,846 - gurobipy - INFO - Model has 8559 quadratic objective terms
2026-02-18 17:45:33,846 - gurobipy - INFO - Variable types: 0 continuous, 8559 integer (0 binary)
2026-02-18 17:45:33,846 - gurobipy - INFO - Coefficient statistics:
2026-02-18 17:45:33,847 - gurobipy - INFO -   Matrix range     [1e+00, 1e+00]
2026-02-18 17:45:33,847 - gurobipy - INFO -   Objective range  [2e-07, 4e+00]
2026-02-18 17:45:33,847 - gurobipy - INFO -   QObjective range [4e+00, 4e+00]
2026-02-18 17:45:33,847 - gurobipy - INFO -   Bounds range     [1e+00, 2e+01]
2026-02-18 17:45:33,847 - gurobipy - INFO -   RHS range        [1e+00, 2e+01]
2026-02-18 17:45:33,851 - gurobipy - INFO - 
2026-02-18 17:45:33,852 - gurobipy - INFO - Loaded user MIP start with objective 7301.2
2026-02-18 17:45:33,852 - gurobipy - INFO - 
2026-02-18 17:45:45,976 - gurobipy - INFO - Presolve removed 1852 rows and 8550 columns (presolve time = 12s) ...
2026-02-18 17:45:45,977 - gurobipy - INFO - Presolve removed 1852 rows and 8550 columns
2026-02-18 17:45:45,977 - gurobipy - INFO - Presolve time: 12.12s
2026-02-18 17:45:45,977 - gurobipy - INFO - Presolved: 2 rows, 9 columns, 18 nonzeros
2026-02-18 17:45:45,977 - gurobipy - INFO - Presolved model has 9 quadratic objective terms
2026-02-18 17:45:45,977 - gurobipy - INFO - Found heuristic solution: objective 4459.9810647
2026-02-18 17:45:45,977 - gurobipy - INFO - Variable types: 0 continuous, 9 integer (0 binary)
2026-02-18 17:45:45,978 - gurobipy - INFO - 
2026-02-18 17:45:45,978 - gurobipy - INFO - Explored 0 nodes (0 simplex iterations) in 12.13 seconds (0.26 work units)
2026-02-18 17:45:45,978 - gurobipy - INFO - Thread count was 32 (of 64 available processors)
2026-02-18 17:45:45,978 - gurobipy - INFO - 
2026-02-18 17:45:45,978 - gurobipy - INFO - Solution count 2: 4459.98 7301.2 
2026-02-18 17:45:45,978 - gurobipy - INFO - 
2026-02-18 17:45:45,978 - gurobipy - INFO - Optimal solution found (tolerance 5.00e-02)
2026-02-18 17:45:45,978 - gurobipy - INFO - Best objective 4.459981064657e+03, best bound 4.449647732342e+03, gap 0.2317%
2026-02-18 17:45:47,131 - root - INFO - Global IQP solved: status=2, gap=0.23%, time=12.1s
/ix1/alee/LO_LAB/Personal/Alexander_Chang/alc376/CITEgeist/CITEgeist/model/gurobi_impl.py:3800: RuntimeWarning: invalid value encountered in scalar divide
  loss_change = abs(prev_loss - loss) / max(abs(prev_loss), 1e-10)
2026-02-18 17:45:47,275 - root - INFO -   Loss: 804.5856 (change: nan)
2026-02-18 17:45:47,275 - root - INFO -   Beta range: [0.103, 0.676]
2026-02-18 17:45:47,275 - root - INFO -   Max beta change: 0.897436
2026-02-18 17:45:47,276 - root - INFO -   Cell count range: [0, 18]
2026-02-18 17:45:47,276 - root - INFO -     B-cells: 374 cells (9.1%)
2026-02-18 17:45:47,276 - root - INFO -     CAFs: 746 cells (18.2%)
2026-02-18 17:45:47,276 - root - INFO -     Cancer Epithelial: 861 cells (21.0%)
2026-02-18 17:45:47,276 - root - INFO -     Endothelial: 300 cells (7.3%)
2026-02-18 17:45:47,276 - root - INFO -     Myeloid: 464 cells (11.3%)
2026-02-18 17:45:47,276 - root - INFO -     Normal Epithelial: 285 cells (6.9%)
2026-02-18 17:45:47,276 - root - INFO -     PVL: 295 cells (7.2%)
2026-02-18 17:45:47,276 - root - INFO -     Plasmablasts: 293 cells (7.1%)
2026-02-18 17:45:47,276 - root - INFO -     T-cells: 484 cells (11.8%)
2026-02-18 17:45:47,276 - root - INFO - 
=== EM Iteration 2/10 ===
2026-02-18 17:45:47,276 - root - INFO - Global IQP: 951 spots x 9 cell types = 8559 integer variables
2026-02-18 17:45:47,276 - root - INFO - Time limit: 600.0s, MIP gap: 5.0%
2026-02-18 17:45:47,276 - root - INFO - Constraint slack: ±1 cells
2026-02-18 17:45:47,276 - gurobipy - INFO - Set parameter TimeLimit to value 600
2026-02-18 17:45:47,276 - gurobipy - INFO - Set parameter MIPGap to value 0.05
2026-02-18 17:45:49,532 - root - INFO - Starting global IQP optimization...
2026-02-18 17:45:49,533 - gurobipy - INFO - Gurobi Optimizer version 11.0.2 build v11.0.2rc0 (linux64 - "Red Hat Enterprise Linux 9.6 (Plow)")
2026-02-18 17:45:49,533 - gurobipy - INFO - 
2026-02-18 17:45:49,533 - gurobipy - INFO - CPU model: Intel(R) Xeon(R) Platinum 8352Y CPU @ 2.20GHz, instruction set [SSE2|AVX|AVX2|AVX512]
2026-02-18 17:45:49,533 - gurobipy - INFO - Thread count: 64 physical cores, 64 logical processors, using up to 32 threads
2026-02-18 17:45:49,533 - gurobipy - INFO - 
2026-02-18 17:45:49,533 - gurobipy - INFO - Optimize a model with 1854 rows, 8559 columns and 16686 nonzeros
2026-02-18 17:45:49,533 - gurobipy - INFO - Model fingerprint: 0x3ce12f73
2026-02-18 17:45:49,534 - gurobipy - INFO - Model has 8559 quadratic objective terms
2026-02-18 17:45:49,534 - gurobipy - INFO - Variable types: 0 continuous, 8559 integer (0 binary)
2026-02-18 17:45:49,534 - gurobipy - INFO - Coefficient statistics:
2026-02-18 17:45:49,534 - gurobipy - INFO -   Matrix range     [1e+00, 1e+00]
2026-02-18 17:45:49,534 - gurobipy - INFO -   Objective range  [2e-08, 3e+00]
2026-02-18 17:45:49,534 - gurobipy - INFO -   QObjective range [4e-02, 2e+00]
2026-02-18 17:45:49,534 - gurobipy - INFO -   Bounds range     [1e+00, 2e+01]
2026-02-18 17:45:49,534 - gurobipy - INFO -   RHS range        [1e+00, 2e+01]
2026-02-18 17:45:49,534 - gurobipy - INFO - 
2026-02-18 17:45:49,534 - gurobipy - INFO - Loaded user MIP start with objective 804.586
2026-02-18 17:45:49,534 - gurobipy - INFO - 
2026-02-18 17:45:54,904 - gurobipy - INFO - Presolve removed 1852 rows and 8550 columns (presolve time = 5s) ...
2026-02-18 17:45:54,905 - gurobipy - INFO - Presolve removed 1852 rows and 8550 columns
2026-02-18 17:45:54,905 - gurobipy - INFO - Presolve time: 5.37s
2026-02-18 17:45:54,905 - gurobipy - INFO - Presolved: 2 rows, 9 columns, 18 nonzeros
2026-02-18 17:45:54,905 - gurobipy - INFO - Presolved model has 9 quadratic objective terms
2026-02-18 17:45:54,905 - gurobipy - INFO - Found heuristic solution: objective 427.5698232
2026-02-18 17:45:54,905 - gurobipy - INFO - Variable types: 0 continuous, 9 integer (0 binary)
2026-02-18 17:45:54,906 - gurobipy - INFO - 
2026-02-18 17:45:54,906 - gurobipy - INFO - Explored 0 nodes (0 simplex iterations) in 5.37 seconds (0.10 work units)
2026-02-18 17:45:54,906 - gurobipy - INFO - Thread count was 32 (of 64 available processors)
2026-02-18 17:45:54,906 - gurobipy - INFO - 
2026-02-18 17:45:54,906 - gurobipy - INFO - Solution count 2: 427.57 804.586 
2026-02-18 17:45:54,906 - gurobipy - INFO - 
2026-02-18 17:45:54,906 - gurobipy - INFO - Optimal solution found (tolerance 5.00e-02)
2026-02-18 17:45:54,906 - gurobipy - INFO - Best objective 4.275698232366e+02, best bound 4.244034234477e+02, gap 0.7406%
2026-02-18 17:45:54,933 - root - INFO - Global IQP solved: status=2, gap=0.74%, time=5.4s
2026-02-18 17:45:54,995 - root - INFO -   Loss: 424.2317 (change: 0.472733)
2026-02-18 17:45:54,995 - root - INFO -   Beta range: [0.100, 0.550]
2026-02-18 17:45:54,995 - root - INFO -   Max beta change: 0.126283
2026-02-18 17:45:54,995 - root - INFO -   Cell count range: [1, 18]
2026-02-18 17:45:54,995 - root - INFO -     B-cells: 396 cells (8.1%)
2026-02-18 17:45:54,995 - root - INFO -     CAFs: 780 cells (15.9%)
2026-02-18 17:45:54,995 - root - INFO -     Cancer Epithelial: 745 cells (15.2%)
2026-02-18 17:45:54,995 - root - INFO -     Endothelial: 465 cells (9.5%)
2026-02-18 17:45:54,995 - root - INFO -     Myeloid: 470 cells (9.6%)
2026-02-18 17:45:54,995 - root - INFO -     Normal Epithelial: 491 cells (10.0%)
2026-02-18 17:45:54,995 - root - INFO -     PVL: 575 cells (11.7%)
2026-02-18 17:45:54,996 - root - INFO -     Plasmablasts: 487 cells (9.9%)
2026-02-18 17:45:54,996 - root - INFO -     T-cells: 489 cells (10.0%)
2026-02-18 17:45:54,996 - root - INFO - 
=== EM Iteration 3/10 ===
2026-02-18 17:45:54,996 - root - INFO - Global IQP: 951 spots x 9 cell types = 8559 integer variables
2026-02-18 17:45:54,996 - root - INFO - Time limit: 600.0s, MIP gap: 5.0%
2026-02-18 17:45:54,996 - root - INFO - Constraint slack: ±1 cells
2026-02-18 17:45:54,996 - gurobipy - INFO - Set parameter TimeLimit to value 600
2026-02-18 17:45:54,996 - gurobipy - INFO - Set parameter MIPGap to value 0.05
2026-02-18 17:45:56,996 - root - INFO - Starting global IQP optimization...
2026-02-18 17:45:56,997 - gurobipy - INFO - Gurobi Optimizer version 11.0.2 build v11.0.2rc0 (linux64 - "Red Hat Enterprise Linux 9.6 (Plow)")
2026-02-18 17:45:56,997 - gurobipy - INFO - 
2026-02-18 17:45:56,997 - gurobipy - INFO - CPU model: Intel(R) Xeon(R) Platinum 8352Y CPU @ 2.20GHz, instruction set [SSE2|AVX|AVX2|AVX512]
2026-02-18 17:45:56,997 - gurobipy - INFO - Thread count: 64 physical cores, 64 logical processors, using up to 32 threads
2026-02-18 17:45:56,997 - gurobipy - INFO - 
2026-02-18 17:45:56,998 - gurobipy - INFO - Optimize a model with 1854 rows, 8559 columns and 16686 nonzeros
2026-02-18 17:45:56,998 - gurobipy - INFO - Model fingerprint: 0xa1a09350
2026-02-18 17:45:56,998 - gurobipy - INFO - Model has 8559 quadratic objective terms
2026-02-18 17:45:56,998 - gurobipy - INFO - Variable types: 0 continuous, 8559 integer (0 binary)
2026-02-18 17:45:56,998 - gurobipy - INFO - Coefficient statistics:
2026-02-18 17:45:56,998 - gurobipy - INFO -   Matrix range     [1e+00, 1e+00]
2026-02-18 17:45:56,998 - gurobipy - INFO -   Objective range  [2e-08, 2e+00]
2026-02-18 17:45:56,998 - gurobipy - INFO -   QObjective range [4e-02, 1e+00]
2026-02-18 17:45:56,999 - gurobipy - INFO -   Bounds range     [1e+00, 2e+01]
2026-02-18 17:45:56,999 - gurobipy - INFO -   RHS range        [1e+00, 2e+01]
2026-02-18 17:45:56,999 - gurobipy - INFO - 
2026-02-18 17:45:56,999 - gurobipy - INFO - Loaded user MIP start with objective 424.232
2026-02-18 17:45:56,999 - gurobipy - INFO - 
2026-02-18 17:46:01,502 - gurobipy - INFO - Presolve removed 1852 rows and 8550 columns
2026-02-18 17:46:01,502 - gurobipy - INFO - Presolve time: 4.50s
2026-02-18 17:46:01,502 - gurobipy - INFO - Presolved: 2 rows, 9 columns, 18 nonzeros
2026-02-18 17:46:01,502 - gurobipy - INFO - Presolved model has 9 quadratic objective terms
2026-02-18 17:46:01,503 - gurobipy - INFO - Found heuristic solution: objective 375.7281894
2026-02-18 17:46:01,503 - gurobipy - INFO - Variable types: 0 continuous, 9 integer (0 binary)
2026-02-18 17:46:01,503 - gurobipy - INFO - 
2026-02-18 17:46:01,503 - gurobipy - INFO - Explored 0 nodes (0 simplex iterations) in 4.51 seconds (0.09 work units)
2026-02-18 17:46:01,503 - gurobipy - INFO - Thread count was 32 (of 64 available processors)
2026-02-18 17:46:01,503 - gurobipy - INFO - 
2026-02-18 17:46:01,503 - gurobipy - INFO - Solution count 2: 375.728 424.232 
2026-02-18 17:46:01,503 - gurobipy - INFO - 
2026-02-18 17:46:01,503 - gurobipy - INFO - Optimal solution found (tolerance 5.00e-02)
2026-02-18 17:46:01,504 - gurobipy - INFO - Best objective 3.757281893972e+02, best bound 3.724487166128e+02, gap 0.8728%
2026-02-18 17:46:01,530 - root - INFO - Global IQP solved: status=2, gap=0.87%, time=4.5s
2026-02-18 17:46:01,594 - root - INFO -   Loss: 413.9860 (change: 0.024151)
2026-02-18 17:46:01,594 - root - INFO -   Beta range: [0.100, 0.495]
2026-02-18 17:46:01,594 - root - INFO -   Max beta change: 0.169782
2026-02-18 17:46:01,594 - root - INFO -   Cell count range: [1, 18]
2026-02-18 17:46:01,594 - root - INFO -     B-cells: 389 cells (7.8%)
2026-02-18 17:46:01,594 - root - INFO -     CAFs: 854 cells (17.1%)
2026-02-18 17:46:01,594 - root - INFO -     Cancer Epithelial: 631 cells (12.6%)
2026-02-18 17:46:01,594 - root - INFO -     Endothelial: 468 cells (9.4%)
2026-02-18 17:46:01,594 - root - INFO -     Myeloid: 471 cells (9.4%)
2026-02-18 17:46:01,594 - root - INFO -     Normal Epithelial: 574 cells (11.5%)
2026-02-18 17:46:01,594 - root - INFO -     PVL: 553 cells (11.1%)
2026-02-18 17:46:01,594 - root - INFO -     Plasmablasts: 567 cells (11.3%)
2026-02-18 17:46:01,594 - root - INFO -     T-cells: 494 cells (9.9%)
2026-02-18 17:46:01,594 - root - INFO - 
=== EM Iteration 4/10 ===
2026-02-18 17:46:01,594 - root - INFO - Global IQP: 951 spots x 9 cell types = 8559 integer variables
2026-02-18 17:46:01,594 - root - INFO - Time limit: 600.0s, MIP gap: 5.0%
2026-02-18 17:46:01,594 - root - INFO - Constraint slack: ±1 cells
2026-02-18 17:46:01,595 - gurobipy - INFO - Set parameter TimeLimit to value 600
2026-02-18 17:46:01,595 - gurobipy - INFO - Set parameter MIPGap to value 0.05
2026-02-18 17:46:03,699 - root - INFO - Starting global IQP optimization...
2026-02-18 17:46:03,700 - gurobipy - INFO - Gurobi Optimizer version 11.0.2 build v11.0.2rc0 (linux64 - "Red Hat Enterprise Linux 9.6 (Plow)")
2026-02-18 17:46:03,700 - gurobipy - INFO - 
2026-02-18 17:46:03,700 - gurobipy - INFO - CPU model: Intel(R) Xeon(R) Platinum 8352Y CPU @ 2.20GHz, instruction set [SSE2|AVX|AVX2|AVX512]
2026-02-18 17:46:03,700 - gurobipy - INFO - Thread count: 64 physical cores, 64 logical processors, using up to 32 threads
2026-02-18 17:46:03,700 - gurobipy - INFO - 
2026-02-18 17:46:03,700 - gurobipy - INFO - Optimize a model with 1854 rows, 8559 columns and 16686 nonzeros
2026-02-18 17:46:03,701 - gurobipy - INFO - Model fingerprint: 0x03324a1e
2026-02-18 17:46:03,701 - gurobipy - INFO - Model has 8559 quadratic objective terms
2026-02-18 17:46:03,701 - gurobipy - INFO - Variable types: 0 continuous, 8559 integer (0 binary)
2026-02-18 17:46:03,701 - gurobipy - INFO - Coefficient statistics:
2026-02-18 17:46:03,701 - gurobipy - INFO -   Matrix range     [1e+00, 1e+00]
2026-02-18 17:46:03,701 - gurobipy - INFO -   Objective range  [2e-08, 2e+00]
2026-02-18 17:46:03,701 - gurobipy - INFO -   QObjective range [4e-02, 1e+00]
2026-02-18 17:46:03,701 - gurobipy - INFO -   Bounds range     [1e+00, 2e+01]
2026-02-18 17:46:03,701 - gurobipy - INFO -   RHS range        [1e+00, 2e+01]
2026-02-18 17:46:03,701 - gurobipy - INFO - 
2026-02-18 17:46:03,702 - gurobipy - INFO - Loaded user MIP start with objective 413.986
2026-02-18 17:46:03,702 - gurobipy - INFO - 
2026-02-18 17:46:08,344 - gurobipy - INFO - Presolve removed 1852 rows and 8550 columns
2026-02-18 17:46:08,344 - gurobipy - INFO - Presolve time: 4.64s
2026-02-18 17:46:08,344 - gurobipy - INFO - Presolved: 2 rows, 9 columns, 18 nonzeros
2026-02-18 17:46:08,344 - gurobipy - INFO - Presolved model has 9 quadratic objective terms
2026-02-18 17:46:08,345 - gurobipy - INFO - Found heuristic solution: objective 373.3779445
2026-02-18 17:46:08,345 - gurobipy - INFO - Variable types: 0 continuous, 9 integer (0 binary)
2026-02-18 17:46:08,345 - gurobipy - INFO - 
2026-02-18 17:46:08,346 - gurobipy - INFO - Explored 0 nodes (0 simplex iterations) in 4.65 seconds (0.08 work units)
2026-02-18 17:46:08,346 - gurobipy - INFO - Thread count was 32 (of 64 available processors)
2026-02-18 17:46:08,346 - gurobipy - INFO - 
2026-02-18 17:46:08,346 - gurobipy - INFO - Solution count 2: 373.378 413.986 
2026-02-18 17:46:08,346 - gurobipy - INFO - 
2026-02-18 17:46:08,346 - gurobipy - INFO - Optimal solution found (tolerance 5.00e-02)
2026-02-18 17:46:08,346 - gurobipy - INFO - Best objective 3.733779445114e+02, best bound 3.701988071520e+02, gap 0.8515%
2026-02-18 17:46:08,372 - root - INFO - Global IQP solved: status=2, gap=0.85%, time=4.6s
2026-02-18 17:46:08,435 - root - INFO -   Loss: 399.9771 (change: 0.033839)
2026-02-18 17:46:08,435 - root - INFO -   Beta range: [0.100, 0.465]
2026-02-18 17:46:08,435 - root - INFO -   Max beta change: 0.029884
2026-02-18 17:46:08,436 - root - INFO -   Cell count range: [1, 18]
2026-02-18 17:46:08,436 - root - INFO -     B-cells: 391 cells (7.8%)
2026-02-18 17:46:08,436 - root - INFO -     CAFs: 913 cells (18.2%)
2026-02-18 17:46:08,436 - root - INFO -     Cancer Epithelial: 504 cells (10.1%)
2026-02-18 17:46:08,436 - root - INFO -     Endothelial: 507 cells (10.1%)
2026-02-18 17:46:08,436 - root - INFO -     Myeloid: 479 cells (9.6%)
2026-02-18 17:46:08,436 - root - INFO -     Normal Epithelial: 604 cells (12.1%)
2026-02-18 17:46:08,436 - root - INFO -     PVL: 538 cells (10.7%)
2026-02-18 17:46:08,436 - root - INFO -     Plasmablasts: 573 cells (11.4%)
2026-02-18 17:46:08,436 - root - INFO -     T-cells: 498 cells (9.9%)
2026-02-18 17:46:08,436 - root - INFO - 
=== EM Iteration 5/10 ===
2026-02-18 17:46:08,436 - root - INFO - Global IQP: 951 spots x 9 cell types = 8559 integer variables
2026-02-18 17:46:08,436 - root - INFO - Time limit: 600.0s, MIP gap: 5.0%
2026-02-18 17:46:08,436 - root - INFO - Constraint slack: ±1 cells
2026-02-18 17:46:08,436 - gurobipy - INFO - Set parameter TimeLimit to value 600
2026-02-18 17:46:08,436 - gurobipy - INFO - Set parameter MIPGap to value 0.05
2026-02-18 17:46:10,582 - root - INFO - Starting global IQP optimization...
2026-02-18 17:46:10,583 - gurobipy - INFO - Gurobi Optimizer version 11.0.2 build v11.0.2rc0 (linux64 - "Red Hat Enterprise Linux 9.6 (Plow)")
2026-02-18 17:46:10,583 - gurobipy - INFO - 
2026-02-18 17:46:10,583 - gurobipy - INFO - CPU model: Intel(R) Xeon(R) Platinum 8352Y CPU @ 2.20GHz, instruction set [SSE2|AVX|AVX2|AVX512]
2026-02-18 17:46:10,583 - gurobipy - INFO - Thread count: 64 physical cores, 64 logical processors, using up to 32 threads
2026-02-18 17:46:10,583 - gurobipy - INFO - 
2026-02-18 17:46:10,584 - gurobipy - INFO - Optimize a model with 1854 rows, 8559 columns and 16686 nonzeros
2026-02-18 17:46:10,584 - gurobipy - INFO - Model fingerprint: 0xfcfee0bd
2026-02-18 17:46:10,584 - gurobipy - INFO - Model has 8559 quadratic objective terms
2026-02-18 17:46:10,584 - gurobipy - INFO - Variable types: 0 continuous, 8559 integer (0 binary)
2026-02-18 17:46:10,584 - gurobipy - INFO - Coefficient statistics:
2026-02-18 17:46:10,584 - gurobipy - INFO -   Matrix range     [1e+00, 1e+00]
2026-02-18 17:46:10,584 - gurobipy - INFO -   Objective range  [2e-08, 2e+00]
2026-02-18 17:46:10,584 - gurobipy - INFO -   QObjective range [4e-02, 9e-01]
2026-02-18 17:46:10,585 - gurobipy - INFO -   Bounds range     [1e+00, 2e+01]
2026-02-18 17:46:10,585 - gurobipy - INFO -   RHS range        [1e+00, 2e+01]
2026-02-18 17:46:10,585 - gurobipy - INFO - 
2026-02-18 17:46:10,585 - gurobipy - INFO - Loaded user MIP start with objective 399.977
2026-02-18 17:46:10,585 - gurobipy - INFO - 
2026-02-18 17:46:15,028 - gurobipy - INFO - Presolve removed 1852 rows and 8550 columns
2026-02-18 17:46:15,028 - gurobipy - INFO - Presolve time: 4.44s
2026-02-18 17:46:15,028 - gurobipy - INFO - Presolved: 2 rows, 9 columns, 18 nonzeros
2026-02-18 17:46:15,028 - gurobipy - INFO - Presolved model has 9 quadratic objective terms
2026-02-18 17:46:15,029 - gurobipy - INFO - Found heuristic solution: objective 376.0358825
2026-02-18 17:46:15,029 - gurobipy - INFO - Variable types: 0 continuous, 9 integer (0 binary)
2026-02-18 17:46:15,029 - gurobipy - INFO - 
2026-02-18 17:46:15,029 - gurobipy - INFO - Explored 0 nodes (0 simplex iterations) in 4.45 seconds (0.08 work units)
2026-02-18 17:46:15,029 - gurobipy - INFO - Thread count was 32 (of 64 available processors)
2026-02-18 17:46:15,029 - gurobipy - INFO - 
2026-02-18 17:46:15,029 - gurobipy - INFO - Solution count 2: 376.036 399.977 
2026-02-18 17:46:15,029 - gurobipy - INFO - 
2026-02-18 17:46:15,029 - gurobipy - INFO - Optimal solution found (tolerance 5.00e-02)
2026-02-18 17:46:15,029 - gurobipy - INFO - Best objective 3.760358824930e+02, best bound 3.727673851165e+02, gap 0.8692%
2026-02-18 17:46:15,056 - root - INFO - Global IQP solved: status=2, gap=0.87%, time=4.5s
2026-02-18 17:46:15,119 - root - INFO -   Loss: 392.7032 (change: 0.018186)
2026-02-18 17:46:15,119 - root - INFO -   Beta range: [0.100, 0.438]
2026-02-18 17:46:15,119 - root - INFO -   Max beta change: 0.033049
2026-02-18 17:46:15,119 - root - INFO -   Cell count range: [1, 18]
2026-02-18 17:46:15,119 - root - INFO -     B-cells: 391 cells (7.8%)
2026-02-18 17:46:15,119 - root - INFO -     CAFs: 943 cells (18.8%)
2026-02-18 17:46:15,119 - root - INFO -     Cancer Epithelial: 453 cells (9.0%)
2026-02-18 17:46:15,119 - root - INFO -     Endothelial: 530 cells (10.5%)
2026-02-18 17:46:15,119 - root - INFO -     Myeloid: 484 cells (9.6%)
2026-02-18 17:46:15,119 - root - INFO -     Normal Epithelial: 605 cells (12.0%)
2026-02-18 17:46:15,119 - root - INFO -     PVL: 543 cells (10.8%)
2026-02-18 17:46:15,119 - root - INFO -     Plasmablasts: 577 cells (11.5%)
2026-02-18 17:46:15,119 - root - INFO -     T-cells: 499 cells (9.9%)
2026-02-18 17:46:15,119 - root - INFO - 
=== EM Iteration 6/10 ===
2026-02-18 17:46:15,119 - root - INFO - Global IQP: 951 spots x 9 cell types = 8559 integer variables
2026-02-18 17:46:15,119 - root - INFO - Time limit: 600.0s, MIP gap: 5.0%
2026-02-18 17:46:15,119 - root - INFO - Constraint slack: ±1 cells
2026-02-18 17:46:15,120 - gurobipy - INFO - Set parameter TimeLimit to value 600
2026-02-18 17:46:15,120 - gurobipy - INFO - Set parameter MIPGap to value 0.05
2026-02-18 17:46:17,264 - root - INFO - Starting global IQP optimization...
2026-02-18 17:46:17,265 - gurobipy - INFO - Gurobi Optimizer version 11.0.2 build v11.0.2rc0 (linux64 - "Red Hat Enterprise Linux 9.6 (Plow)")
2026-02-18 17:46:17,265 - gurobipy - INFO - 
2026-02-18 17:46:17,265 - gurobipy - INFO - CPU model: Intel(R) Xeon(R) Platinum 8352Y CPU @ 2.20GHz, instruction set [SSE2|AVX|AVX2|AVX512]
2026-02-18 17:46:17,265 - gurobipy - INFO - Thread count: 64 physical cores, 64 logical processors, using up to 32 threads
2026-02-18 17:46:17,265 - gurobipy - INFO - 
2026-02-18 17:46:17,265 - gurobipy - INFO - Optimize a model with 1854 rows, 8559 columns and 16686 nonzeros
2026-02-18 17:46:17,266 - gurobipy - INFO - Model fingerprint: 0x14d85e41
2026-02-18 17:46:17,266 - gurobipy - INFO - Model has 8559 quadratic objective terms
2026-02-18 17:46:17,266 - gurobipy - INFO - Variable types: 0 continuous, 8559 integer (0 binary)
2026-02-18 17:46:17,266 - gurobipy - INFO - Coefficient statistics:
2026-02-18 17:46:17,266 - gurobipy - INFO -   Matrix range     [1e+00, 1e+00]
2026-02-18 17:46:17,266 - gurobipy - INFO -   Objective range  [2e-08, 2e+00]
2026-02-18 17:46:17,266 - gurobipy - INFO -   QObjective range [4e-02, 8e-01]
2026-02-18 17:46:17,266 - gurobipy - INFO -   Bounds range     [1e+00, 2e+01]
2026-02-18 17:46:17,266 - gurobipy - INFO -   RHS range        [1e+00, 2e+01]
2026-02-18 17:46:17,266 - gurobipy - INFO - 
2026-02-18 17:46:17,266 - gurobipy - INFO - Loaded user MIP start with objective 392.703
2026-02-18 17:46:17,266 - gurobipy - INFO - 
2026-02-18 17:46:21,823 - gurobipy - INFO - Presolve removed 1852 rows and 8550 columns
2026-02-18 17:46:21,824 - gurobipy - INFO - Presolve time: 4.56s
2026-02-18 17:46:21,824 - gurobipy - INFO - Presolved: 2 rows, 9 columns, 18 nonzeros
2026-02-18 17:46:21,824 - gurobipy - INFO - Presolved model has 9 quadratic objective terms
2026-02-18 17:46:21,824 - gurobipy - INFO - Found heuristic solution: objective 371.7267213
2026-02-18 17:46:21,824 - gurobipy - INFO - Variable types: 0 continuous, 9 integer (0 binary)
2026-02-18 17:46:21,825 - gurobipy - INFO - 
2026-02-18 17:46:21,825 - gurobipy - INFO - Explored 0 nodes (0 simplex iterations) in 4.56 seconds (0.08 work units)
2026-02-18 17:46:21,825 - gurobipy - INFO - Thread count was 32 (of 64 available processors)
2026-02-18 17:46:21,825 - gurobipy - INFO - 
2026-02-18 17:46:21,825 - gurobipy - INFO - Solution count 2: 371.727 392.703 
2026-02-18 17:46:21,825 - gurobipy - INFO - 
2026-02-18 17:46:21,825 - gurobipy - INFO - Optimal solution found (tolerance 5.00e-02)
2026-02-18 17:46:21,825 - gurobipy - INFO - Best objective 3.717267213142e+02, best bound 3.683360498674e+02, gap 0.9121%
2026-02-18 17:46:21,849 - root - INFO - Global IQP solved: status=2, gap=0.91%, time=4.6s
2026-02-18 17:46:21,912 - root - INFO -   Loss: 389.9702 (change: 0.006959)
2026-02-18 17:46:21,912 - root - INFO -   Beta range: [0.100, 0.436]
2026-02-18 17:46:21,912 - root - INFO -   Max beta change: 0.028213
2026-02-18 17:46:21,912 - root - INFO -   Cell count range: [1, 18]
2026-02-18 17:46:21,912 - root - INFO -     B-cells: 387 cells (7.7%)
2026-02-18 17:46:21,912 - root - INFO -     CAFs: 941 cells (18.7%)
2026-02-18 17:46:21,912 - root - INFO -     Cancer Epithelial: 436 cells (8.6%)
2026-02-18 17:46:21,912 - root - INFO -     Endothelial: 571 cells (11.3%)
2026-02-18 17:46:21,912 - root - INFO -     Myeloid: 487 cells (9.7%)
2026-02-18 17:46:21,912 - root - INFO -     Normal Epithelial: 608 cells (12.1%)
2026-02-18 17:46:21,912 - root - INFO -     PVL: 540 cells (10.7%)
2026-02-18 17:46:21,913 - root - INFO -     Plasmablasts: 573 cells (11.4%)
2026-02-18 17:46:21,913 - root - INFO -     T-cells: 501 cells (9.9%)
2026-02-18 17:46:21,913 - root - INFO - 
=== EM Iteration 7/10 ===
2026-02-18 17:46:21,913 - root - INFO - Global IQP: 951 spots x 9 cell types = 8559 integer variables
2026-02-18 17:46:21,913 - root - INFO - Time limit: 600.0s, MIP gap: 5.0%
2026-02-18 17:46:21,913 - root - INFO - Constraint slack: ±1 cells
2026-02-18 17:46:21,913 - gurobipy - INFO - Set parameter TimeLimit to value 600
2026-02-18 17:46:21,913 - gurobipy - INFO - Set parameter MIPGap to value 0.05
2026-02-18 17:46:24,066 - root - INFO - Starting global IQP optimization...
2026-02-18 17:46:24,067 - gurobipy - INFO - Gurobi Optimizer version 11.0.2 build v11.0.2rc0 (linux64 - "Red Hat Enterprise Linux 9.6 (Plow)")
2026-02-18 17:46:24,067 - gurobipy - INFO - 
2026-02-18 17:46:24,067 - gurobipy - INFO - CPU model: Intel(R) Xeon(R) Platinum 8352Y CPU @ 2.20GHz, instruction set [SSE2|AVX|AVX2|AVX512]
2026-02-18 17:46:24,067 - gurobipy - INFO - Thread count: 64 physical cores, 64 logical processors, using up to 32 threads
2026-02-18 17:46:24,067 - gurobipy - INFO - 
2026-02-18 17:46:24,067 - gurobipy - INFO - Optimize a model with 1854 rows, 8559 columns and 16686 nonzeros
2026-02-18 17:46:24,068 - gurobipy - INFO - Model fingerprint: 0x93372487
2026-02-18 17:46:24,068 - gurobipy - INFO - Model has 8559 quadratic objective terms
2026-02-18 17:46:24,068 - gurobipy - INFO - Variable types: 0 continuous, 8559 integer (0 binary)
2026-02-18 17:46:24,068 - gurobipy - INFO - Coefficient statistics:
2026-02-18 17:46:24,068 - gurobipy - INFO -   Matrix range     [1e+00, 1e+00]
2026-02-18 17:46:24,068 - gurobipy - INFO -   Objective range  [2e-08, 2e+00]
2026-02-18 17:46:24,068 - gurobipy - INFO -   QObjective range [4e-02, 7e-01]
2026-02-18 17:46:24,068 - gurobipy - INFO -   Bounds range     [1e+00, 2e+01]
2026-02-18 17:46:24,068 - gurobipy - INFO -   RHS range        [1e+00, 2e+01]
2026-02-18 17:46:24,068 - gurobipy - INFO - 
2026-02-18 17:46:24,068 - gurobipy - INFO - Loaded user MIP start with objective 389.97
2026-02-18 17:46:24,068 - gurobipy - INFO - 
2026-02-18 17:46:28,937 - gurobipy - INFO - Presolve removed 1852 rows and 8550 columns
2026-02-18 17:46:28,938 - gurobipy - INFO - Presolve time: 4.87s
2026-02-18 17:46:28,938 - gurobipy - INFO - Presolved: 2 rows, 9 columns, 18 nonzeros
2026-02-18 17:46:28,938 - gurobipy - INFO - Presolved model has 9 quadratic objective terms
2026-02-18 17:46:28,938 - gurobipy - INFO - Found heuristic solution: objective 368.8903958
2026-02-18 17:46:28,938 - gurobipy - INFO - Variable types: 0 continuous, 9 integer (0 binary)
2026-02-18 17:46:28,939 - gurobipy - INFO - 
2026-02-18 17:46:28,939 - gurobipy - INFO - Explored 0 nodes (0 simplex iterations) in 4.87 seconds (0.08 work units)
2026-02-18 17:46:28,939 - gurobipy - INFO - Thread count was 32 (of 64 available processors)
2026-02-18 17:46:28,939 - gurobipy - INFO - 
2026-02-18 17:46:28,939 - gurobipy - INFO - Solution count 2: 368.89 389.97 
2026-02-18 17:46:28,939 - gurobipy - INFO - 
2026-02-18 17:46:28,939 - gurobipy - INFO - Optimal solution found (tolerance 5.00e-02)
2026-02-18 17:46:28,939 - gurobipy - INFO - Best objective 3.688903958409e+02, best bound 3.654375510704e+02, gap 0.9360%
2026-02-18 17:46:28,968 - root - INFO - Global IQP solved: status=2, gap=0.94%, time=4.9s
2026-02-18 17:46:29,031 - root - INFO -   Loss: 387.9587 (change: 0.005158)
2026-02-18 17:46:29,031 - root - INFO -   Beta range: [0.100, 0.439]
2026-02-18 17:46:29,031 - root - INFO -   Max beta change: 0.032748
2026-02-18 17:46:29,031 - root - INFO -   Cell count range: [1, 18]
2026-02-18 17:46:29,031 - root - INFO -     B-cells: 386 cells (7.7%)
2026-02-18 17:46:29,031 - root - INFO -     CAFs: 928 cells (18.4%)
2026-02-18 17:46:29,031 - root - INFO -     Cancer Epithelial: 433 cells (8.6%)
2026-02-18 17:46:29,032 - root - INFO -     Endothelial: 579 cells (11.5%)
2026-02-18 17:46:29,032 - root - INFO -     Myeloid: 491 cells (9.7%)
2026-02-18 17:46:29,032 - root - INFO -     Normal Epithelial: 606 cells (12.0%)
2026-02-18 17:46:29,032 - root - INFO -     PVL: 539 cells (10.7%)
2026-02-18 17:46:29,032 - root - INFO -     Plasmablasts: 578 cells (11.5%)
2026-02-18 17:46:29,032 - root - INFO -     T-cells: 501 cells (9.9%)
2026-02-18 17:46:29,032 - root - INFO - 
=== EM Iteration 8/10 ===
2026-02-18 17:46:29,032 - root - INFO - Global IQP: 951 spots x 9 cell types = 8559 integer variables
2026-02-18 17:46:29,032 - root - INFO - Time limit: 600.0s, MIP gap: 5.0%
2026-02-18 17:46:29,032 - root - INFO - Constraint slack: ±1 cells
2026-02-18 17:46:29,032 - gurobipy - INFO - Set parameter TimeLimit to value 600
2026-02-18 17:46:29,032 - gurobipy - INFO - Set parameter MIPGap to value 0.05
2026-02-18 17:46:31,186 - root - INFO - Starting global IQP optimization...
2026-02-18 17:46:31,187 - gurobipy - INFO - Gurobi Optimizer version 11.0.2 build v11.0.2rc0 (linux64 - "Red Hat Enterprise Linux 9.6 (Plow)")
2026-02-18 17:46:31,187 - gurobipy - INFO - 
2026-02-18 17:46:31,187 - gurobipy - INFO - CPU model: Intel(R) Xeon(R) Platinum 8352Y CPU @ 2.20GHz, instruction set [SSE2|AVX|AVX2|AVX512]
2026-02-18 17:46:31,187 - gurobipy - INFO - Thread count: 64 physical cores, 64 logical processors, using up to 32 threads
2026-02-18 17:46:31,187 - gurobipy - INFO - 
2026-02-18 17:46:31,187 - gurobipy - INFO - Optimize a model with 1854 rows, 8559 columns and 16686 nonzeros
2026-02-18 17:46:31,188 - gurobipy - INFO - Model fingerprint: 0xb99f0600
2026-02-18 17:46:31,188 - gurobipy - INFO - Model has 8559 quadratic objective terms
2026-02-18 17:46:31,188 - gurobipy - INFO - Variable types: 0 continuous, 8559 integer (0 binary)
2026-02-18 17:46:31,188 - gurobipy - INFO - Coefficient statistics:
2026-02-18 17:46:31,188 - gurobipy - INFO -   Matrix range     [1e+00, 1e+00]
2026-02-18 17:46:31,188 - gurobipy - INFO -   Objective range  [2e-08, 1e+00]
2026-02-18 17:46:31,188 - gurobipy - INFO -   QObjective range [4e-02, 8e-01]
2026-02-18 17:46:31,188 - gurobipy - INFO -   Bounds range     [1e+00, 2e+01]
2026-02-18 17:46:31,188 - gurobipy - INFO -   RHS range        [1e+00, 2e+01]
2026-02-18 17:46:31,188 - gurobipy - INFO - 
2026-02-18 17:46:31,189 - gurobipy - INFO - Loaded user MIP start with objective 387.959
2026-02-18 17:46:31,189 - gurobipy - INFO - 
2026-02-18 17:46:34,841 - gurobipy - INFO - Presolve removed 1852 rows and 8550 columns
2026-02-18 17:46:34,841 - gurobipy - INFO - Presolve time: 3.65s
2026-02-18 17:46:34,841 - gurobipy - INFO - Presolved: 2 rows, 9 columns, 18 nonzeros
2026-02-18 17:46:34,841 - gurobipy - INFO - Presolved model has 9 quadratic objective terms
2026-02-18 17:46:34,841 - gurobipy - INFO - Found heuristic solution: objective 367.6797406
2026-02-18 17:46:34,841 - gurobipy - INFO - Variable types: 0 continuous, 9 integer (0 binary)
2026-02-18 17:46:34,842 - gurobipy - INFO - 
2026-02-18 17:46:34,842 - gurobipy - INFO - Explored 0 nodes (0 simplex iterations) in 3.65 seconds (0.08 work units)
2026-02-18 17:46:34,842 - gurobipy - INFO - Thread count was 32 (of 64 available processors)
2026-02-18 17:46:34,842 - gurobipy - INFO - 
2026-02-18 17:46:34,842 - gurobipy - INFO - Solution count 2: 367.68 387.959 
2026-02-18 17:46:34,842 - gurobipy - INFO - 
2026-02-18 17:46:34,842 - gurobipy - INFO - Optimal solution found (tolerance 5.00e-02)
2026-02-18 17:46:34,842 - gurobipy - INFO - Best objective 3.676797406333e+02, best bound 3.641734781413e+02, gap 0.9536%
2026-02-18 17:46:34,869 - root - INFO - Global IQP solved: status=2, gap=0.95%, time=3.7s
2026-02-18 17:46:34,932 - root - INFO -   Loss: 389.3374 (change: 0.003554)
2026-02-18 17:46:34,932 - root - INFO -   Beta range: [0.100, 0.440]
2026-02-18 17:46:34,932 - root - INFO -   Max beta change: 0.032700
2026-02-18 17:46:34,932 - root - INFO -   Cell count range: [1, 18]
2026-02-18 17:46:34,932 - root - INFO -     B-cells: 386 cells (7.7%)
2026-02-18 17:46:34,932 - root - INFO -     CAFs: 900 cells (17.9%)
2026-02-18 17:46:34,932 - root - INFO -     Cancer Epithelial: 432 cells (8.6%)
2026-02-18 17:46:34,932 - root - INFO -     Endothelial: 582 cells (11.6%)
2026-02-18 17:46:34,932 - root - INFO -     Myeloid: 489 cells (9.7%)
2026-02-18 17:46:34,932 - root - INFO -     Normal Epithelial: 613 cells (12.2%)
2026-02-18 17:46:34,932 - root - INFO -     PVL: 539 cells (10.7%)
2026-02-18 17:46:34,932 - root - INFO -     Plasmablasts: 586 cells (11.7%)
2026-02-18 17:46:34,932 - root - INFO -     T-cells: 502 cells (10.0%)
2026-02-18 17:46:34,932 - root - WARNING - Loss increased from 387.9587 to 389.3374
2026-02-18 17:46:34,932 - root - INFO - 
=== EM Iteration 9/10 ===
2026-02-18 17:46:34,932 - root - INFO - Global IQP: 951 spots x 9 cell types = 8559 integer variables
2026-02-18 17:46:34,932 - root - INFO - Time limit: 600.0s, MIP gap: 5.0%
2026-02-18 17:46:34,932 - root - INFO - Constraint slack: ±1 cells
2026-02-18 17:46:34,933 - gurobipy - INFO - Set parameter TimeLimit to value 600
2026-02-18 17:46:34,933 - gurobipy - INFO - Set parameter MIPGap to value 0.05
2026-02-18 17:46:37,088 - root - INFO - Starting global IQP optimization...
2026-02-18 17:46:37,089 - gurobipy - INFO - Gurobi Optimizer version 11.0.2 build v11.0.2rc0 (linux64 - "Red Hat Enterprise Linux 9.6 (Plow)")
2026-02-18 17:46:37,089 - gurobipy - INFO - 
2026-02-18 17:46:37,089 - gurobipy - INFO - CPU model: Intel(R) Xeon(R) Platinum 8352Y CPU @ 2.20GHz, instruction set [SSE2|AVX|AVX2|AVX512]
2026-02-18 17:46:37,090 - gurobipy - INFO - Thread count: 64 physical cores, 64 logical processors, using up to 32 threads
2026-02-18 17:46:37,090 - gurobipy - INFO - 
2026-02-18 17:46:37,090 - gurobipy - INFO - Optimize a model with 1854 rows, 8559 columns and 16686 nonzeros
2026-02-18 17:46:37,090 - gurobipy - INFO - Model fingerprint: 0xfafa4863
2026-02-18 17:46:37,090 - gurobipy - INFO - Model has 8559 quadratic objective terms
2026-02-18 17:46:37,090 - gurobipy - INFO - Variable types: 0 continuous, 8559 integer (0 binary)
2026-02-18 17:46:37,090 - gurobipy - INFO - Coefficient statistics:
2026-02-18 17:46:37,090 - gurobipy - INFO -   Matrix range     [1e+00, 1e+00]
2026-02-18 17:46:37,091 - gurobipy - INFO -   Objective range  [2e-08, 1e+00]
2026-02-18 17:46:37,091 - gurobipy - INFO -   QObjective range [4e-02, 8e-01]
2026-02-18 17:46:37,091 - gurobipy - INFO -   Bounds range     [1e+00, 2e+01]
2026-02-18 17:46:37,091 - gurobipy - INFO -   RHS range        [1e+00, 2e+01]
2026-02-18 17:46:37,091 - gurobipy - INFO - 
2026-02-18 17:46:37,091 - gurobipy - INFO - Loaded user MIP start with objective 389.337
2026-02-18 17:46:37,091 - gurobipy - INFO - 
2026-02-18 17:46:41,082 - gurobipy - INFO - Presolve removed 1852 rows and 8550 columns
2026-02-18 17:46:41,082 - gurobipy - INFO - Presolve time: 3.99s
2026-02-18 17:46:41,082 - gurobipy - INFO - Presolved: 2 rows, 9 columns, 18 nonzeros
2026-02-18 17:46:41,082 - gurobipy - INFO - Presolved model has 9 quadratic objective terms
2026-02-18 17:46:41,082 - gurobipy - INFO - Found heuristic solution: objective 369.7092391
2026-02-18 17:46:41,082 - gurobipy - INFO - Variable types: 0 continuous, 9 integer (0 binary)
2026-02-18 17:46:41,083 - gurobipy - INFO - 
2026-02-18 17:46:41,083 - gurobipy - INFO - Explored 0 nodes (0 simplex iterations) in 3.99 seconds (0.08 work units)
2026-02-18 17:46:41,083 - gurobipy - INFO - Thread count was 32 (of 64 available processors)
2026-02-18 17:46:41,083 - gurobipy - INFO - 
2026-02-18 17:46:41,083 - gurobipy - INFO - Solution count 2: 369.709 389.337 
2026-02-18 17:46:41,083 - gurobipy - INFO - 
2026-02-18 17:46:41,083 - gurobipy - INFO - Optimal solution found (tolerance 5.00e-02)
2026-02-18 17:46:41,083 - gurobipy - INFO - Best objective 3.697092390870e+02, best bound 3.661501740358e+02, gap 0.9627%
2026-02-18 17:46:41,108 - root - INFO - Global IQP solved: status=2, gap=0.96%, time=4.0s
2026-02-18 17:46:41,171 - root - INFO -   Loss: 394.3422 (change: 0.012855)
2026-02-18 17:46:41,171 - root - INFO -   Beta range: [0.100, 0.440]
2026-02-18 17:46:41,171 - root - INFO -   Max beta change: 0.029885
2026-02-18 17:46:41,171 - root - INFO -   Cell count range: [1, 18]
2026-02-18 17:46:41,171 - root - INFO -     B-cells: 388 cells (7.7%)
2026-02-18 17:46:41,171 - root - INFO -     CAFs: 860 cells (17.1%)
2026-02-18 17:46:41,171 - root - INFO -     Cancer Epithelial: 433 cells (8.6%)
2026-02-18 17:46:41,171 - root - INFO -     Endothelial: 591 cells (11.8%)
2026-02-18 17:46:41,171 - root - INFO -     Myeloid: 489 cells (9.7%)
2026-02-18 17:46:41,171 - root - INFO -     Normal Epithelial: 622 cells (12.4%)
2026-02-18 17:46:41,171 - root - INFO -     PVL: 544 cells (10.8%)
2026-02-18 17:46:41,171 - root - INFO -     Plasmablasts: 591 cells (11.8%)
2026-02-18 17:46:41,171 - root - INFO -     T-cells: 503 cells (10.0%)
2026-02-18 17:46:41,171 - root - WARNING - Loss increased from 389.3374 to 394.3422
2026-02-18 17:46:41,171 - root - INFO - 
=== EM Iteration 10/10 ===
2026-02-18 17:46:41,171 - root - INFO - Global IQP: 951 spots x 9 cell types = 8559 integer variables
2026-02-18 17:46:41,171 - root - INFO - Time limit: 600.0s, MIP gap: 5.0%
2026-02-18 17:46:41,171 - root - INFO - Constraint slack: ±1 cells
2026-02-18 17:46:41,172 - gurobipy - INFO - Set parameter TimeLimit to value 600
2026-02-18 17:46:41,172 - gurobipy - INFO - Set parameter MIPGap to value 0.05
2026-02-18 17:46:43,334 - root - INFO - Starting global IQP optimization...
2026-02-18 17:46:43,335 - gurobipy - INFO - Gurobi Optimizer version 11.0.2 build v11.0.2rc0 (linux64 - "Red Hat Enterprise Linux 9.6 (Plow)")
2026-02-18 17:46:43,335 - gurobipy - INFO - 
2026-02-18 17:46:43,335 - gurobipy - INFO - CPU model: Intel(R) Xeon(R) Platinum 8352Y CPU @ 2.20GHz, instruction set [SSE2|AVX|AVX2|AVX512]
2026-02-18 17:46:43,335 - gurobipy - INFO - Thread count: 64 physical cores, 64 logical processors, using up to 32 threads
2026-02-18 17:46:43,335 - gurobipy - INFO - 
2026-02-18 17:46:43,335 - gurobipy - INFO - Optimize a model with 1854 rows, 8559 columns and 16686 nonzeros
2026-02-18 17:46:43,336 - gurobipy - INFO - Model fingerprint: 0xaa200575
2026-02-18 17:46:43,336 - gurobipy - INFO - Model has 8559 quadratic objective terms
2026-02-18 17:46:43,336 - gurobipy - INFO - Variable types: 0 continuous, 8559 integer (0 binary)
2026-02-18 17:46:43,336 - gurobipy - INFO - Coefficient statistics:
2026-02-18 17:46:43,336 - gurobipy - INFO -   Matrix range     [1e+00, 1e+00]
2026-02-18 17:46:43,336 - gurobipy - INFO -   Objective range  [2e-08, 1e+00]
2026-02-18 17:46:43,336 - gurobipy - INFO -   QObjective range [4e-02, 8e-01]
2026-02-18 17:46:43,336 - gurobipy - INFO -   Bounds range     [1e+00, 2e+01]
2026-02-18 17:46:43,336 - gurobipy - INFO -   RHS range        [1e+00, 2e+01]
2026-02-18 17:46:43,336 - gurobipy - INFO - 
2026-02-18 17:46:43,337 - gurobipy - INFO - Loaded user MIP start with objective 394.342
2026-02-18 17:46:43,337 - gurobipy - INFO - 
2026-02-18 17:46:48,295 - gurobipy - INFO - Presolve removed 1852 rows and 8550 columns
2026-02-18 17:46:48,295 - gurobipy - INFO - Presolve time: 4.96s
2026-02-18 17:46:48,295 - gurobipy - INFO - Presolved: 2 rows, 9 columns, 18 nonzeros
2026-02-18 17:46:48,295 - gurobipy - INFO - Presolved model has 9 quadratic objective terms
2026-02-18 17:46:48,295 - gurobipy - INFO - Found heuristic solution: objective 375.6160245
2026-02-18 17:46:48,295 - gurobipy - INFO - Variable types: 0 continuous, 9 integer (0 binary)
2026-02-18 17:46:48,296 - gurobipy - INFO - 
2026-02-18 17:46:48,296 - gurobipy - INFO - Explored 0 nodes (0 simplex iterations) in 4.96 seconds (0.07 work units)
2026-02-18 17:46:48,296 - gurobipy - INFO - Thread count was 32 (of 64 available processors)
2026-02-18 17:46:48,296 - gurobipy - INFO - 
2026-02-18 17:46:48,296 - gurobipy - INFO - Solution count 2: 375.616 394.342 
2026-02-18 17:46:48,296 - gurobipy - INFO - 
2026-02-18 17:46:48,296 - gurobipy - INFO - Optimal solution found (tolerance 5.00e-02)
2026-02-18 17:46:48,296 - gurobipy - INFO - Best objective 3.756160245128e+02, best bound 3.720154217174e+02, gap 0.9586%
2026-02-18 17:46:48,323 - root - INFO - Global IQP solved: status=2, gap=0.96%, time=5.0s
2026-02-18 17:46:48,427 - root - INFO -   Loss: 403.5835 (change: 0.023435)
2026-02-18 17:46:48,427 - root - INFO -   Beta range: [0.100, 0.440]
2026-02-18 17:46:48,427 - root - INFO -   Max beta change: 0.028120
2026-02-18 17:46:48,427 - root - INFO -   Cell count range: [1, 18]
2026-02-18 17:46:48,427 - root - INFO -     B-cells: 388 cells (7.7%)
2026-02-18 17:46:48,427 - root - INFO -     CAFs: 821 cells (16.4%)
2026-02-18 17:46:48,427 - root - INFO -     Cancer Epithelial: 434 cells (8.7%)
2026-02-18 17:46:48,427 - root - INFO -     Endothelial: 598 cells (11.9%)
2026-02-18 17:46:48,427 - root - INFO -     Myeloid: 488 cells (9.7%)
2026-02-18 17:46:48,427 - root - INFO -     Normal Epithelial: 631 cells (12.6%)
2026-02-18 17:46:48,427 - root - INFO -     PVL: 550 cells (11.0%)
2026-02-18 17:46:48,427 - root - INFO -     Plasmablasts: 594 cells (11.9%)
2026-02-18 17:46:48,427 - root - INFO -     T-cells: 506 cells (10.1%)
2026-02-18 17:46:48,427 - root - WARNING - Loss increased from 394.3422 to 403.5835
2026-02-18 17:46:48,427 - root - INFO - 
Final beta values:
2026-02-18 17:46:48,427 - root - INFO -   B-cells_Protein_1: β=0.247, α=0.000
2026-02-18 17:46:48,427 - root - INFO -   B-cells_Protein_2: β=0.240, α=0.000
2026-02-18 17:46:48,427 - root - INFO -   CAFs_Protein_1: β=0.325, α=0.264
2026-02-18 17:46:48,427 - root - INFO -   CAFs_Protein_2: β=0.280, α=0.329
2026-02-18 17:46:48,428 - root - INFO -   Cancer Epithelial_Protein_1: β=0.427, α=0.500
2026-02-18 17:46:48,428 - root - INFO -   Cancer Epithelial_Protein_2: β=0.440, α=0.500
2026-02-18 17:46:48,428 - root - INFO -   Endothelial_Protein_1: β=0.100, α=0.000
2026-02-18 17:46:48,428 - root - INFO -   Endothelial_Protein_2: β=0.100, α=0.000
2026-02-18 17:46:48,428 - root - INFO -   Myeloid_Protein_1: β=0.288, α=0.028
2026-02-18 17:46:48,428 - root - INFO -   Myeloid_Protein_2: β=0.310, α=0.000
2026-02-18 17:46:48,428 - root - INFO -   Normal Epithelial_Protein_1: β=0.100, α=0.000
2026-02-18 17:46:48,428 - root - INFO -   Normal Epithelial_Protein_2: β=0.100, α=0.000
2026-02-18 17:46:48,428 - root - INFO -   PVL_Protein_1: β=0.100, α=0.000
2026-02-18 17:46:48,428 - root - INFO -   PVL_Protein_2: β=0.100, α=0.000
2026-02-18 17:46:48,428 - root - INFO -   Plasmablasts_Protein_1: β=0.100, α=0.000
2026-02-18 17:46:48,428 - root - INFO -   Plasmablasts_Protein_2: β=0.100, α=0.000
2026-02-18 17:46:48,428 - root - INFO -   T-cells_Protein_1: β=0.304, α=0.000
2026-02-18 17:46:48,428 - root - INFO -   T-cells_Protein_2: β=0.306, α=0.000
2026-02-18 17:46:48,441 - root - INFO - Saved discrete cell counts to Benchmarking/simulation_benchmarking/CITEgeist/output_discrete_slack_only/mixed/dapi/mixed/dapi/Wu_rep_0/Wu_rep_0_discrete_cell_counts.csv
2026-02-18 17:46:48,449 - root - INFO - Saved derived proportions to Benchmarking/simulation_benchmarking/CITEgeist/output_discrete_slack_only/mixed/dapi/mixed/dapi/Wu_rep_0/Wu_rep_0_cell_prop_discrete.csv
2026-02-18 17:46:48,449 - root - INFO - Cell type distribution:
2026-02-18 17:46:48,449 - root - INFO -   B-cells: 388 cells (7.7%)
2026-02-18 17:46:48,449 - root - INFO -   CAFs: 821 cells (16.4%)
2026-02-18 17:46:48,450 - root - INFO -   Cancer Epithelial: 434 cells (8.7%)
2026-02-18 17:46:48,450 - root - INFO -   Endothelial: 598 cells (11.9%)
2026-02-18 17:46:48,450 - root - INFO -   Myeloid: 488 cells (9.7%)
2026-02-18 17:46:48,450 - root - INFO -   Normal Epithelial: 631 cells (12.6%)
2026-02-18 17:46:48,450 - root - INFO -   PVL: 550 cells (11.0%)
2026-02-18 17:46:48,450 - root - INFO -   Plasmablasts: 594 cells (11.9%)
2026-02-18 17:46:48,450 - root - INFO -   T-cells: 506 cells (10.1%)
2026-02-18 17:46:48,458 - __main__ - INFO - Loaded ground truth proportions: 951 spots, 9 cell types
2026-02-18 17:46:48,462 - __main__ - INFO - Proportion correlation: 0.446
2026-02-18 17:46:48,462 - __main__ - INFO - Proportion RMSE: 0.1968
2026-02-18 17:46:48,462 - __main__ - INFO - Running GEX deconvolution...
2026-02-18 17:46:48,463 - CITEgeist.model.utils - INFO - Detected spot spacing: 1.61 units (median of 951 nearest-neighbor distances)
2026-02-18 17:46:48,463 - CITEgeist.model.utils - INFO - Computed optimal radius: 4.92 (3.0 rings, spot_spacing=1.61)
2026-02-18 17:46:48,463 - root - INFO - Auto-detected radius: 4.92 (3 rings)
2026-02-18 17:46:48,463 - root - INFO - Starting Pass 1: Error minimization with enrichment weights...
2026-02-18 17:46:48,463 - root - INFO - Using discrete mode: cell counts as fixed multipliers
2026-02-18 17:46:48,465 - root - INFO - Starting analysis for Wu_rep_0
2026-02-18 17:46:48,465 - root - INFO - Already completed spots: 0
2026-02-18 17:46:48,465 - root - INFO - Using enrichment weights - Global: 0.5, Local: 0.5
2026-02-18 17:46:48,465 - root - INFO - Using 64 workers
2026-02-18 17:46:48,465 - root - INFO - Processing 951 remaining spots
Deconvoluting Remaining Spots:   0%|          | 0/951 [00:00<?, ?it/s]Deconvoluting Remaining Spots:   0%|          | 1/951 [00:11<3:02:24, 11.52s/it]Deconvoluting Remaining Spots:   0%|          | 4/951 [00:11<34:50,  2.21s/it]  Deconvoluting Remaining Spots:   1%|          | 7/951 [00:12<17:17,  1.10s/it]Deconvoluting Remaining Spots:   1%|          | 9/951 [00:13<14:37,  1.07it/s]Deconvoluting Remaining Spots:   1%|          | 10/951 [00:13<13:34,  1.15it/s]Deconvoluting Remaining Spots:   1%|          | 11/951 [00:14<13:11,  1.19it/s]Deconvoluting Remaining Spots:   1%|▏         | 12/951 [00:15<12:11,  1.28it/s]Deconvoluting Remaining Spots:   1%|▏         | 13/951 [00:15<11:49,  1.32it/s]Deconvoluting Remaining Spots:   1%|▏         | 14/951 [00:16<11:20,  1.38it/s]Deconvoluting Remaining Spots:   2%|▏         | 15/951 [00:17<10:54,  1.43it/s]Deconvoluting Remaining Spots:   2%|▏         | 16/951 [00:17<10:16,  1.52it/s]Deconvoluting Remaining Spots:   2%|▏         | 17/951 [00:18<09:47,  1.59it/s]Deconvoluting Remaining Spots:   2%|▏         | 18/951 [00:18<10:02,  1.55it/s]Deconvoluting Remaining Spots:   2%|▏         | 19/951 [00:19<10:05,  1.54it/s]Deconvoluting Remaining Spots:   2%|▏         | 20/951 [00:20<10:03,  1.54it/s]Deconvoluting Remaining Spots:   2%|▏         | 21/951 [00:21<10:50,  1.43it/s]Deconvoluting Remaining Spots:   2%|▏         | 22/951 [00:21<10:27,  1.48it/s]Deconvoluting Remaining Spots:   2%|▏         | 23/951 [00:22<10:16,  1.51it/s]Deconvoluting Remaining Spots:   3%|▎         | 24/951 [00:22<09:33,  1.62it/s]Deconvoluting Remaining Spots:   3%|▎         | 25/951 [00:23<09:38,  1.60it/s]Deconvoluting Remaining Spots:   3%|▎         | 26/951 [00:24<09:31,  1.62it/s]Deconvoluting Remaining Spots:   3%|▎         | 27/951 [00:25<11:10,  1.38it/s]Deconvoluting Remaining Spots:   3%|▎         | 28/951 [00:25<09:23,  1.64it/s]Deconvoluting Remaining Spots:   3%|▎         | 29/951 [00:25<09:18,  1.65it/s]Deconvoluting Remaining Spots:   3%|▎         | 30/951 [00:26<09:45,  1.57it/s]Deconvoluting Remaining Spots:   3%|▎         | 31/951 [00:27<09:39,  1.59it/s]Deconvoluting Remaining Spots:   3%|▎         | 32/951 [00:27<09:39,  1.58it/s]Deconvoluting Remaining Spots:   3%|▎         | 33/951 [00:28<09:42,  1.58it/s]Deconvoluting Remaining Spots:   4%|▎         | 34/951 [00:29<09:06,  1.68it/s]Deconvoluting Remaining Spots:   4%|▎         | 35/951 [00:29<09:24,  1.62it/s]Deconvoluting Remaining Spots:   4%|▍         | 36/951 [00:30<09:04,  1.68it/s]Deconvoluting Remaining Spots:   4%|▍         | 37/951 [00:30<09:13,  1.65it/s]Deconvoluting Remaining Spots:   4%|▍         | 38/951 [00:31<09:10,  1.66it/s]Deconvoluting Remaining Spots:   4%|▍         | 39/951 [00:32<09:19,  1.63it/s]Deconvoluting Remaining Spots:   4%|▍         | 40/951 [00:32<09:40,  1.57it/s]Deconvoluting Remaining Spots:   4%|▍         | 41/951 [00:33<09:38,  1.57it/s]Deconvoluting Remaining Spots:   4%|▍         | 42/951 [00:34<09:58,  1.52it/s]Deconvoluting Remaining Spots:   5%|▍         | 43/951 [00:34<09:57,  1.52it/s]Deconvoluting Remaining Spots:   5%|▍         | 44/951 [00:35<09:41,  1.56it/s]Deconvoluting Remaining Spots:   5%|▍         | 45/951 [00:36<09:47,  1.54it/s]Deconvoluting Remaining Spots:   5%|▍         | 46/951 [00:36<08:59,  1.68it/s]Deconvoluting Remaining Spots:   5%|▍         | 47/951 [00:37<09:35,  1.57it/s]Deconvoluting Remaining Spots:   5%|▌         | 48/951 [00:37<09:19,  1.61it/s]Deconvoluting Remaining Spots:   5%|▌         | 49/951 [00:38<09:37,  1.56it/s]Deconvoluting Remaining Spots:   5%|▌         | 50/951 [00:39<09:28,  1.59it/s]Deconvoluting Remaining Spots:   5%|▌         | 51/951 [00:39<09:34,  1.57it/s]Deconvoluting Remaining Spots:   5%|▌         | 52/951 [00:40<09:39,  1.55it/s]Deconvoluting Remaining Spots:   6%|▌         | 53/951 [00:41<11:01,  1.36it/s]Deconvoluting Remaining Spots:   6%|▌         | 54/951 [00:41<08:52,  1.68it/s]Deconvoluting Remaining Spots:   6%|▌         | 55/951 [00:42<08:46,  1.70it/s]Deconvoluting Remaining Spots:   6%|▌         | 56/951 [00:43<09:43,  1.53it/s]Deconvoluting Remaining Spots:   6%|▌         | 57/951 [00:43<09:53,  1.51it/s]Deconvoluting Remaining Spots:   6%|▌         | 58/951 [00:44<09:59,  1.49it/s]Deconvoluting Remaining Spots:   6%|▌         | 59/951 [00:44<08:48,  1.69it/s]Deconvoluting Remaining Spots:   6%|▋         | 60/951 [00:45<08:44,  1.70it/s]Deconvoluting Remaining Spots:   6%|▋         | 61/951 [00:46<08:49,  1.68it/s]Deconvoluting Remaining Spots:   7%|▋         | 62/951 [00:46<09:20,  1.58it/s]Deconvoluting Remaining Spots:   7%|▋         | 63/951 [00:47<09:08,  1.62it/s]Deconvoluting Remaining Spots:   7%|▋         | 64/951 [00:48<09:16,  1.59it/s]Deconvoluting Remaining Spots:   7%|▋         | 65/951 [00:48<07:58,  1.85it/s]Deconvoluting Remaining Spots:   7%|▋         | 66/951 [00:48<08:10,  1.80it/s]Deconvoluting Remaining Spots:   7%|▋         | 67/951 [00:49<07:44,  1.90it/s]Deconvoluting Remaining Spots:   7%|▋         | 68/951 [00:49<07:46,  1.89it/s]Deconvoluting Remaining Spots:   7%|▋         | 69/951 [00:50<08:02,  1.83it/s]Deconvoluting Remaining Spots:   7%|▋         | 70/951 [00:51<07:42,  1.90it/s]Deconvoluting Remaining Spots:   7%|▋         | 71/951 [00:51<07:38,  1.92it/s]Deconvoluting Remaining Spots:   8%|▊         | 72/951 [00:52<07:51,  1.86it/s]Deconvoluting Remaining Spots:   8%|▊         | 73/951 [00:52<07:48,  1.87it/s]Deconvoluting Remaining Spots:   8%|▊         | 74/951 [00:53<10:15,  1.42it/s]Deconvoluting Remaining Spots:   8%|▊         | 76/951 [00:54<07:30,  1.94it/s]Deconvoluting Remaining Spots:   8%|▊         | 77/951 [00:54<07:03,  2.07it/s]Deconvoluting Remaining Spots:   8%|▊         | 78/951 [00:55<07:13,  2.01it/s]Deconvoluting Remaining Spots:   8%|▊         | 79/951 [00:55<07:32,  1.93it/s]Deconvoluting Remaining Spots:   8%|▊         | 80/951 [00:56<07:44,  1.88it/s]Deconvoluting Remaining Spots:   9%|▊         | 81/951 [00:56<07:42,  1.88it/s]Deconvoluting Remaining Spots:   9%|▊         | 82/951 [00:57<07:55,  1.83it/s]Deconvoluting Remaining Spots:   9%|▊         | 83/951 [00:58<07:45,  1.87it/s]Deconvoluting Remaining Spots:   9%|▉         | 84/951 [00:58<07:56,  1.82it/s]Deconvoluting Remaining Spots:   9%|▉         | 85/951 [00:59<07:52,  1.83it/s]Deconvoluting Remaining Spots:   9%|▉         | 86/951 [00:59<07:25,  1.94it/s]Deconvoluting Remaining Spots:   9%|▉         | 87/951 [01:00<08:25,  1.71it/s]Deconvoluting Remaining Spots:   9%|▉         | 88/951 [01:00<08:46,  1.64it/s]Deconvoluting Remaining Spots:   9%|▉         | 89/951 [01:01<09:51,  1.46it/s]Deconvoluting Remaining Spots:   9%|▉         | 90/951 [01:02<07:38,  1.88it/s]Deconvoluting Remaining Spots:  10%|▉         | 91/951 [01:02<07:23,  1.94it/s]Deconvoluting Remaining Spots:  10%|▉         | 92/951 [01:02<06:58,  2.05it/s]Deconvoluting Remaining Spots:  10%|▉         | 93/951 [01:04<10:13,  1.40it/s]Deconvoluting Remaining Spots:  10%|▉         | 94/951 [01:04<09:06,  1.57it/s]Deconvoluting Remaining Spots:  10%|▉         | 95/951 [01:05<08:41,  1.64it/s]Deconvoluting Remaining Spots:  10%|█         | 97/951 [01:05<06:23,  2.23it/s]Deconvoluting Remaining Spots:  10%|█         | 98/951 [01:06<06:07,  2.32it/s]Deconvoluting Remaining Spots:  10%|█         | 99/951 [01:06<07:02,  2.02it/s]Deconvoluting Remaining Spots:  11%|█         | 100/951 [01:07<07:06,  2.00it/s]2026-02-18 17:47:58,778 - root - INFO - Saved checkpoint after 100 completed spots
Deconvoluting Remaining Spots:  11%|█         | 101/951 [01:09<12:43,  1.11it/s]Deconvoluting Remaining Spots:  11%|█         | 104/951 [01:09<07:01,  2.01it/s]Deconvoluting Remaining Spots:  11%|█         | 105/951 [01:10<07:15,  1.94it/s]Deconvoluting Remaining Spots:  11%|█         | 106/951 [01:10<06:57,  2.02it/s]Deconvoluting Remaining Spots:  11%|█▏        | 107/951 [01:11<06:50,  2.06it/s]Deconvoluting Remaining Spots:  11%|█▏        | 108/951 [01:11<07:10,  1.96it/s]Deconvoluting Remaining Spots:  11%|█▏        | 109/951 [01:12<07:50,  1.79it/s]Deconvoluting Remaining Spots:  12%|█▏        | 110/951 [01:12<07:23,  1.90it/s]Deconvoluting Remaining Spots:  12%|█▏        | 111/951 [01:13<07:32,  1.86it/s]Deconvoluting Remaining Spots:  12%|█▏        | 112/951 [01:14<08:00,  1.75it/s]Deconvoluting Remaining Spots:  12%|█▏        | 113/951 [01:14<07:52,  1.77it/s]Deconvoluting Remaining Spots:  12%|█▏        | 114/951 [01:15<07:44,  1.80it/s]Deconvoluting Remaining Spots:  12%|█▏        | 115/951 [01:15<07:32,  1.85it/s]Deconvoluting Remaining Spots:  12%|█▏        | 116/951 [01:16<07:01,  1.98it/s]Deconvoluting Remaining Spots:  12%|█▏        | 117/951 [01:16<07:30,  1.85it/s]Deconvoluting Remaining Spots:  12%|█▏        | 118/951 [01:17<07:59,  1.74it/s]Deconvoluting Remaining Spots:  13%|█▎        | 119/951 [01:17<08:08,  1.70it/s]Deconvoluting Remaining Spots:  13%|█▎        | 120/951 [01:18<08:00,  1.73it/s]Deconvoluting Remaining Spots:  13%|█▎        | 121/951 [01:18<07:19,  1.89it/s]Deconvoluting Remaining Spots:  13%|█▎        | 122/951 [01:19<06:42,  2.06it/s]Deconvoluting Remaining Spots:  13%|█▎        | 123/951 [01:19<06:42,  2.06it/s]Deconvoluting Remaining Spots:  13%|█▎        | 124/951 [01:20<07:25,  1.86it/s]Deconvoluting Remaining Spots:  13%|█▎        | 125/951 [01:21<07:21,  1.87it/s]Deconvoluting Remaining Spots:  13%|█▎        | 126/951 [01:21<07:31,  1.83it/s]Deconvoluting Remaining Spots:  13%|█▎        | 127/951 [01:22<07:12,  1.91it/s]Deconvoluting Remaining Spots:  13%|█▎        | 128/951 [01:22<07:12,  1.90it/s]Deconvoluting Remaining Spots:  14%|█▎        | 129/951 [01:23<07:02,  1.95it/s]Deconvoluting Remaining Spots:  14%|█▎        | 130/951 [01:23<07:30,  1.82it/s]Deconvoluting Remaining Spots:  14%|█▍        | 131/951 [01:24<07:26,  1.84it/s]Deconvoluting Remaining Spots:  14%|█▍        | 132/951 [01:24<07:24,  1.84it/s]Deconvoluting Remaining Spots:  14%|█▍        | 133/951 [01:25<07:30,  1.82it/s]Deconvoluting Remaining Spots:  14%|█▍        | 134/951 [01:25<07:00,  1.94it/s]Deconvoluting Remaining Spots:  14%|█▍        | 135/951 [01:26<08:05,  1.68it/s]Deconvoluting Remaining Spots:  14%|█▍        | 136/951 [01:27<08:15,  1.64it/s]Deconvoluting Remaining Spots:  14%|█▍        | 137/951 [01:27<08:28,  1.60it/s]Deconvoluting Remaining Spots:  15%|█▍        | 138/951 [01:27<06:23,  2.12it/s]Deconvoluting Remaining Spots:  15%|█▍        | 139/951 [01:28<06:45,  2.00it/s]Deconvoluting Remaining Spots:  15%|█▍        | 140/951 [01:29<06:43,  2.01it/s]Deconvoluting Remaining Spots:  15%|█▍        | 141/951 [01:29<06:32,  2.07it/s]Deconvoluting Remaining Spots:  15%|█▍        | 142/951 [01:30<06:52,  1.96it/s]Deconvoluting Remaining Spots:  15%|█▌        | 143/951 [01:30<07:10,  1.88it/s]Deconvoluting Remaining Spots:  15%|█▌        | 144/951 [01:31<07:18,  1.84it/s]Deconvoluting Remaining Spots:  15%|█▌        | 145/951 [01:31<08:04,  1.66it/s]Deconvoluting Remaining Spots:  15%|█▌        | 146/951 [01:32<06:32,  2.05it/s]Deconvoluting Remaining Spots:  15%|█▌        | 147/951 [01:32<07:05,  1.89it/s]Deconvoluting Remaining Spots:  16%|█▌        | 148/951 [01:33<06:55,  1.93it/s]Deconvoluting Remaining Spots:  16%|█▌        | 149/951 [01:33<06:56,  1.92it/s]Deconvoluting Remaining Spots:  16%|█▌        | 150/951 [01:34<07:22,  1.81it/s]Deconvoluting Remaining Spots:  16%|█▌        | 151/951 [01:35<08:43,  1.53it/s]Deconvoluting Remaining Spots:  16%|█▌        | 152/951 [01:35<07:53,  1.69it/s]Deconvoluting Remaining Spots:  16%|█▌        | 153/951 [01:36<06:39,  2.00it/s]Deconvoluting Remaining Spots:  16%|█▌        | 154/951 [01:36<06:30,  2.04it/s]Deconvoluting Remaining Spots:  16%|█▋        | 155/951 [01:37<07:01,  1.89it/s]Deconvoluting Remaining Spots:  16%|█▋        | 156/951 [01:37<07:03,  1.88it/s]Deconvoluting Remaining Spots:  17%|█▋        | 157/951 [01:38<09:15,  1.43it/s]Deconvoluting Remaining Spots:  17%|█▋        | 158/951 [01:39<10:07,  1.31it/s]Deconvoluting Remaining Spots:  17%|█▋        | 159/951 [01:40<08:20,  1.58it/s]Deconvoluting Remaining Spots:  17%|█▋        | 160/951 [01:40<07:25,  1.78it/s]Deconvoluting Remaining Spots:  17%|█▋        | 161/951 [01:40<07:09,  1.84it/s]Deconvoluting Remaining Spots:  17%|█▋        | 162/951 [01:41<06:11,  2.13it/s]Deconvoluting Remaining Spots:  17%|█▋        | 163/951 [01:41<05:05,  2.58it/s]Deconvoluting Remaining Spots:  17%|█▋        | 164/951 [01:41<05:28,  2.39it/s]Deconvoluting Remaining Spots:  17%|█▋        | 165/951 [01:42<05:55,  2.21it/s]Deconvoluting Remaining Spots:  17%|█▋        | 166/951 [01:43<07:00,  1.87it/s]Deconvoluting Remaining Spots:  18%|█▊        | 167/951 [01:43<07:33,  1.73it/s]Deconvoluting Remaining Spots:  18%|█▊        | 168/951 [01:44<07:12,  1.81it/s]Deconvoluting Remaining Spots:  18%|█▊        | 169/951 [01:44<06:35,  1.98it/s]Deconvoluting Remaining Spots:  18%|█▊        | 170/951 [01:45<06:04,  2.14it/s]Deconvoluting Remaining Spots:  18%|█▊        | 171/951 [01:45<06:46,  1.92it/s]Deconvoluting Remaining Spots:  18%|█▊        | 172/951 [01:46<07:08,  1.82it/s]Deconvoluting Remaining Spots:  18%|█▊        | 173/951 [01:47<07:50,  1.65it/s]Deconvoluting Remaining Spots:  18%|█▊        | 174/951 [01:47<08:37,  1.50it/s]Deconvoluting Remaining Spots:  18%|█▊        | 175/951 [01:48<08:19,  1.55it/s]Deconvoluting Remaining Spots:  19%|█▊        | 176/951 [01:49<07:54,  1.63it/s]Deconvoluting Remaining Spots:  19%|█▊        | 177/951 [01:49<07:38,  1.69it/s]Deconvoluting Remaining Spots:  19%|█▊        | 178/951 [01:50<08:55,  1.44it/s]Deconvoluting Remaining Spots:  19%|█▉        | 179/951 [01:51<08:10,  1.57it/s]Deconvoluting Remaining Spots:  19%|█▉        | 180/951 [01:51<07:58,  1.61it/s]Deconvoluting Remaining Spots:  19%|█▉        | 182/951 [01:52<05:51,  2.19it/s]Deconvoluting Remaining Spots:  19%|█▉        | 183/951 [01:52<06:21,  2.01it/s]Deconvoluting Remaining Spots:  19%|█▉        | 184/951 [01:52<05:21,  2.39it/s]Deconvoluting Remaining Spots:  19%|█▉        | 185/951 [01:53<05:20,  2.39it/s]Deconvoluting Remaining Spots:  20%|█▉        | 186/951 [01:53<06:00,  2.12it/s]Deconvoluting Remaining Spots:  20%|█▉        | 187/951 [01:54<06:23,  1.99it/s]Deconvoluting Remaining Spots:  20%|█▉        | 188/951 [01:55<06:25,  1.98it/s]Deconvoluting Remaining Spots:  20%|█▉        | 189/951 [01:55<06:41,  1.90it/s]Deconvoluting Remaining Spots:  20%|█▉        | 190/951 [01:56<07:04,  1.79it/s]Deconvoluting Remaining Spots:  20%|██        | 191/951 [01:56<07:31,  1.68it/s]Deconvoluting Remaining Spots:  20%|██        | 192/951 [01:57<07:12,  1.76it/s]Deconvoluting Remaining Spots:  20%|██        | 193/951 [01:58<07:12,  1.75it/s]Deconvoluting Remaining Spots:  20%|██        | 194/951 [01:59<08:52,  1.42it/s]Deconvoluting Remaining Spots:  21%|██        | 195/951 [01:59<07:18,  1.72it/s]Deconvoluting Remaining Spots:  21%|██        | 196/951 [01:59<06:59,  1.80it/s]Deconvoluting Remaining Spots:  21%|██        | 197/951 [02:00<07:04,  1.78it/s]Deconvoluting Remaining Spots:  21%|██        | 198/951 [02:01<08:06,  1.55it/s]Deconvoluting Remaining Spots:  21%|██        | 199/951 [02:01<06:45,  1.85it/s]Deconvoluting Remaining Spots:  21%|██        | 200/951 [02:02<06:35,  1.90it/s]2026-02-18 17:48:55,539 - root - INFO - Saved checkpoint after 200 completed spots
Deconvoluting Remaining Spots:  21%|██        | 201/951 [02:05<19:09,  1.53s/it]Deconvoluting Remaining Spots:  22%|██▏       | 208/951 [02:06<05:26,  2.27it/s]Deconvoluting Remaining Spots:  22%|██▏       | 209/951 [02:06<05:33,  2.23it/s]Deconvoluting Remaining Spots:  22%|██▏       | 210/951 [02:07<06:25,  1.92it/s]Deconvoluting Remaining Spots:  22%|██▏       | 211/951 [02:08<05:40,  2.17it/s]Deconvoluting Remaining Spots:  22%|██▏       | 212/951 [02:08<06:15,  1.97it/s]Deconvoluting Remaining Spots:  22%|██▏       | 213/951 [02:09<05:54,  2.08it/s]Deconvoluting Remaining Spots:  23%|██▎       | 214/951 [02:09<05:55,  2.07it/s]Deconvoluting Remaining Spots:  23%|██▎       | 215/951 [02:10<06:02,  2.03it/s]Deconvoluting Remaining Spots:  23%|██▎       | 216/951 [02:10<06:09,  1.99it/s]Deconvoluting Remaining Spots:  23%|██▎       | 217/951 [02:11<06:22,  1.92it/s]Deconvoluting Remaining Spots:  23%|██▎       | 218/951 [02:11<06:46,  1.80it/s]Deconvoluting Remaining Spots:  23%|██▎       | 219/951 [02:12<06:58,  1.75it/s]Deconvoluting Remaining Spots:  23%|██▎       | 220/951 [02:13<07:07,  1.71it/s]Deconvoluting Remaining Spots:  23%|██▎       | 221/951 [02:13<07:31,  1.62it/s]Deconvoluting Remaining Spots:  23%|██▎       | 222/951 [02:14<07:24,  1.64it/s]Deconvoluting Remaining Spots:  23%|██▎       | 223/951 [02:15<07:51,  1.54it/s]Deconvoluting Remaining Spots:  24%|██▎       | 224/951 [02:15<06:05,  1.99it/s]Deconvoluting Remaining Spots:  24%|██▎       | 225/951 [02:15<06:20,  1.91it/s]Deconvoluting Remaining Spots:  24%|██▍       | 226/951 [02:16<05:40,  2.13it/s]Deconvoluting Remaining Spots:  24%|██▍       | 227/951 [02:16<06:10,  1.96it/s]Deconvoluting Remaining Spots:  24%|██▍       | 228/951 [02:17<06:13,  1.93it/s]Deconvoluting Remaining Spots:  24%|██▍       | 229/951 [02:17<06:34,  1.83it/s]Deconvoluting Remaining Spots:  24%|██▍       | 230/951 [02:18<06:21,  1.89it/s]Deconvoluting Remaining Spots:  24%|██▍       | 231/951 [02:19<06:18,  1.90it/s]Deconvoluting Remaining Spots:  24%|██▍       | 232/951 [02:19<06:15,  1.92it/s]Deconvoluting Remaining Spots:  25%|██▍       | 233/951 [02:19<05:58,  2.00it/s]Deconvoluting Remaining Spots:  25%|██▍       | 234/951 [02:20<06:06,  1.96it/s]Deconvoluting Remaining Spots:  25%|██▍       | 235/951 [02:21<06:15,  1.91it/s]Deconvoluting Remaining Spots:  25%|██▍       | 236/951 [02:21<06:25,  1.86it/s]Deconvoluting Remaining Spots:  25%|██▍       | 237/951 [02:22<06:49,  1.74it/s]Deconvoluting Remaining Spots:  25%|██▌       | 238/951 [02:23<07:25,  1.60it/s]Deconvoluting Remaining Spots:  25%|██▌       | 239/951 [02:23<07:15,  1.63it/s]Deconvoluting Remaining Spots:  25%|██▌       | 240/951 [02:24<07:07,  1.66it/s]Deconvoluting Remaining Spots:  25%|██▌       | 241/951 [02:24<06:04,  1.95it/s]Deconvoluting Remaining Spots:  25%|██▌       | 242/951 [02:25<07:03,  1.67it/s]Deconvoluting Remaining Spots:  26%|██▌       | 243/951 [02:25<06:50,  1.73it/s]Deconvoluting Remaining Spots:  26%|██▌       | 244/951 [02:25<05:12,  2.26it/s]Deconvoluting Remaining Spots:  26%|██▌       | 245/951 [02:27<07:21,  1.60it/s]Deconvoluting Remaining Spots:  26%|██▌       | 246/951 [02:27<07:14,  1.62it/s]Deconvoluting Remaining Spots:  26%|██▌       | 247/951 [02:28<06:58,  1.68it/s]Deconvoluting Remaining Spots:  26%|██▌       | 249/951 [02:28<05:13,  2.24it/s]Deconvoluting Remaining Spots:  26%|██▋       | 250/951 [02:29<05:52,  1.99it/s]Deconvoluting Remaining Spots:  26%|██▋       | 251/951 [02:29<06:04,  1.92it/s]Deconvoluting Remaining Spots:  26%|██▋       | 252/951 [02:30<05:37,  2.07it/s]Deconvoluting Remaining Spots:  27%|██▋       | 253/951 [02:31<07:39,  1.52it/s]Deconvoluting Remaining Spots:  27%|██▋       | 254/951 [02:31<07:14,  1.60it/s]Deconvoluting Remaining Spots:  27%|██▋       | 255/951 [02:32<06:19,  1.83it/s]Deconvoluting Remaining Spots:  27%|██▋       | 256/951 [02:32<05:04,  2.28it/s]Deconvoluting Remaining Spots:  27%|██▋       | 257/951 [02:33<05:23,  2.15it/s]Deconvoluting Remaining Spots:  27%|██▋       | 258/951 [02:33<06:21,  1.81it/s]Deconvoluting Remaining Spots:  27%|██▋       | 259/951 [02:34<05:42,  2.02it/s]Deconvoluting Remaining Spots:  27%|██▋       | 260/951 [02:35<07:36,  1.51it/s]Deconvoluting Remaining Spots:  27%|██▋       | 261/951 [02:35<06:26,  1.78it/s]Deconvoluting Remaining Spots:  28%|██▊       | 262/951 [02:36<06:15,  1.83it/s]Deconvoluting Remaining Spots:  28%|██▊       | 263/951 [02:36<05:59,  1.91it/s]Deconvoluting Remaining Spots:  28%|██▊       | 264/951 [02:36<05:30,  2.08it/s]Deconvoluting Remaining Spots:  28%|██▊       | 265/951 [02:37<05:46,  1.98it/s]Deconvoluting Remaining Spots:  28%|██▊       | 266/951 [02:38<06:07,  1.86it/s]Deconvoluting Remaining Spots:  28%|██▊       | 267/951 [02:38<06:20,  1.80it/s]Deconvoluting Remaining Spots:  28%|██▊       | 268/951 [02:39<08:09,  1.40it/s]Deconvoluting Remaining Spots:  28%|██▊       | 270/951 [02:40<06:04,  1.87it/s]Deconvoluting Remaining Spots:  28%|██▊       | 271/951 [02:40<05:55,  1.91it/s]Deconvoluting Remaining Spots:  29%|██▊       | 272/951 [02:41<05:44,  1.97it/s]Deconvoluting Remaining Spots:  29%|██▊       | 273/951 [02:41<05:47,  1.95it/s]Deconvoluting Remaining Spots:  29%|██▉       | 274/951 [02:42<05:40,  1.99it/s]Deconvoluting Remaining Spots:  29%|██▉       | 275/951 [02:43<07:58,  1.41it/s]Deconvoluting Remaining Spots:  29%|██▉       | 276/951 [02:44<07:29,  1.50it/s]Deconvoluting Remaining Spots:  29%|██▉       | 277/951 [02:44<06:28,  1.73it/s]Deconvoluting Remaining Spots:  29%|██▉       | 279/951 [02:45<05:19,  2.11it/s]Deconvoluting Remaining Spots:  29%|██▉       | 280/951 [02:46<07:04,  1.58it/s]Deconvoluting Remaining Spots:  30%|██▉       | 281/951 [02:46<06:25,  1.74it/s]Deconvoluting Remaining Spots:  30%|██▉       | 282/951 [02:47<05:58,  1.87it/s]Deconvoluting Remaining Spots:  30%|██▉       | 283/951 [02:47<05:01,  2.21it/s]Deconvoluting Remaining Spots:  30%|██▉       | 284/951 [02:47<05:15,  2.11it/s]Deconvoluting Remaining Spots:  30%|██▉       | 285/951 [02:48<05:23,  2.06it/s]Deconvoluting Remaining Spots:  30%|███       | 286/951 [02:48<05:31,  2.00it/s]Deconvoluting Remaining Spots:  30%|███       | 287/951 [02:50<07:37,  1.45it/s]Deconvoluting Remaining Spots:  30%|███       | 288/951 [02:51<08:44,  1.26it/s]Deconvoluting Remaining Spots:  30%|███       | 289/951 [02:52<10:47,  1.02it/s]Deconvoluting Remaining Spots:  31%|███       | 291/951 [02:52<06:41,  1.64it/s]Deconvoluting Remaining Spots:  31%|███       | 293/951 [02:53<04:29,  2.44it/s]Deconvoluting Remaining Spots:  31%|███       | 294/951 [02:53<04:27,  2.46it/s]Deconvoluting Remaining Spots:  31%|███       | 295/951 [02:54<05:10,  2.11it/s]Deconvoluting Remaining Spots:  31%|███       | 296/951 [02:54<05:25,  2.01it/s]Deconvoluting Remaining Spots:  31%|███       | 297/951 [02:55<05:09,  2.11it/s]Deconvoluting Remaining Spots:  31%|███▏      | 298/951 [02:55<05:20,  2.03it/s]Deconvoluting Remaining Spots:  31%|███▏      | 299/951 [02:56<05:54,  1.84it/s]Deconvoluting Remaining Spots:  32%|███▏      | 300/951 [02:56<05:52,  1.85it/s]2026-02-18 17:49:52,315 - root - INFO - Saved checkpoint after 300 completed spots
Deconvoluting Remaining Spots:  32%|███▏      | 301/951 [03:02<22:27,  2.07s/it]Deconvoluting Remaining Spots:  33%|███▎      | 310/951 [03:03<05:03,  2.11it/s]Deconvoluting Remaining Spots:  33%|███▎      | 311/951 [03:03<05:05,  2.10it/s]Deconvoluting Remaining Spots:  33%|███▎      | 312/951 [03:04<05:21,  1.99it/s]Deconvoluting Remaining Spots:  33%|███▎      | 313/951 [03:04<05:08,  2.07it/s]Deconvoluting Remaining Spots:  33%|███▎      | 314/951 [03:05<05:20,  1.99it/s]Deconvoluting Remaining Spots:  33%|███▎      | 315/951 [03:05<05:14,  2.02it/s]Deconvoluting Remaining Spots:  33%|███▎      | 316/951 [03:06<05:17,  2.00it/s]Deconvoluting Remaining Spots:  33%|███▎      | 317/951 [03:06<05:20,  1.98it/s]Deconvoluting Remaining Spots:  33%|███▎      | 318/951 [03:07<05:22,  1.96it/s]Deconvoluting Remaining Spots:  34%|███▎      | 319/951 [03:08<08:13,  1.28it/s]Deconvoluting Remaining Spots:  34%|███▎      | 320/951 [03:09<07:12,  1.46it/s]Deconvoluting Remaining Spots:  34%|███▍      | 321/951 [03:09<05:31,  1.90it/s]Deconvoluting Remaining Spots:  34%|███▍      | 322/951 [03:09<05:27,  1.92it/s]Deconvoluting Remaining Spots:  34%|███▍      | 323/951 [03:10<06:13,  1.68it/s]Deconvoluting Remaining Spots:  34%|███▍      | 324/951 [03:11<05:27,  1.92it/s]Deconvoluting Remaining Spots:  34%|███▍      | 325/951 [03:11<05:20,  1.95it/s]Deconvoluting Remaining Spots:  34%|███▍      | 326/951 [03:12<05:17,  1.97it/s]Deconvoluting Remaining Spots:  34%|███▍      | 327/951 [03:12<05:19,  1.95it/s]Deconvoluting Remaining Spots:  34%|███▍      | 328/951 [03:13<05:17,  1.96it/s]Deconvoluting Remaining Spots:  35%|███▍      | 329/951 [03:13<05:14,  1.98it/s]Deconvoluting Remaining Spots:  35%|███▍      | 330/951 [03:14<05:27,  1.90it/s]Deconvoluting Remaining Spots:  35%|███▍      | 331/951 [03:14<05:33,  1.86it/s]Deconvoluting Remaining Spots:  35%|███▍      | 332/951 [03:15<05:15,  1.96it/s]Deconvoluting Remaining Spots:  35%|███▌      | 333/951 [03:15<05:21,  1.92it/s]Deconvoluting Remaining Spots:  35%|███▌      | 334/951 [03:16<05:33,  1.85it/s]Deconvoluting Remaining Spots:  35%|███▌      | 335/951 [03:17<06:48,  1.51it/s]Deconvoluting Remaining Spots:  35%|███▌      | 336/951 [03:17<05:44,  1.79it/s]Deconvoluting Remaining Spots:  35%|███▌      | 337/951 [03:18<05:46,  1.77it/s]Deconvoluting Remaining Spots:  36%|███▌      | 338/951 [03:19<07:05,  1.44it/s]Deconvoluting Remaining Spots:  36%|███▌      | 339/951 [03:19<05:19,  1.92it/s]Deconvoluting Remaining Spots:  36%|███▌      | 340/951 [03:19<05:12,  1.95it/s]Deconvoluting Remaining Spots:  36%|███▌      | 341/951 [03:20<05:13,  1.95it/s]Deconvoluting Remaining Spots:  36%|███▌      | 342/951 [03:20<05:15,  1.93it/s]Deconvoluting Remaining Spots:  36%|███▌      | 343/951 [03:21<05:08,  1.97it/s]Deconvoluting Remaining Spots:  36%|███▌      | 344/951 [03:21<05:11,  1.95it/s]Deconvoluting Remaining Spots:  36%|███▋      | 345/951 [03:22<05:08,  1.96it/s]Deconvoluting Remaining Spots:  36%|███▋      | 346/951 [03:23<07:00,  1.44it/s]Deconvoluting Remaining Spots:  36%|███▋      | 347/951 [03:24<07:12,  1.40it/s]Deconvoluting Remaining Spots:  37%|███▋      | 348/951 [03:24<05:39,  1.77it/s]Deconvoluting Remaining Spots:  37%|███▋      | 350/951 [03:25<04:51,  2.06it/s]Deconvoluting Remaining Spots:  37%|███▋      | 351/951 [03:25<04:43,  2.12it/s]Deconvoluting Remaining Spots:  37%|███▋      | 352/951 [03:27<08:07,  1.23it/s]Deconvoluting Remaining Spots:  37%|███▋      | 354/951 [03:27<05:38,  1.77it/s]Deconvoluting Remaining Spots:  37%|███▋      | 355/951 [03:28<04:56,  2.01it/s]Deconvoluting Remaining Spots:  37%|███▋      | 356/951 [03:28<04:32,  2.18it/s]Deconvoluting Remaining Spots:  38%|███▊      | 357/951 [03:29<05:57,  1.66it/s]Deconvoluting Remaining Spots:  38%|███▊      | 358/951 [03:29<04:51,  2.04it/s]Deconvoluting Remaining Spots:  38%|███▊      | 359/951 [03:29<04:15,  2.32it/s]Deconvoluting Remaining Spots:  38%|███▊      | 360/951 [03:30<04:23,  2.24it/s]Deconvoluting Remaining Spots:  38%|███▊      | 361/951 [03:31<05:22,  1.83it/s]Deconvoluting Remaining Spots:  38%|███▊      | 362/951 [03:32<06:08,  1.60it/s]Deconvoluting Remaining Spots:  38%|███▊      | 363/951 [03:32<05:18,  1.85it/s]Deconvoluting Remaining Spots:  38%|███▊      | 364/951 [03:32<05:09,  1.90it/s]Deconvoluting Remaining Spots:  38%|███▊      | 365/951 [03:33<04:55,  1.98it/s]Deconvoluting Remaining Spots:  38%|███▊      | 366/951 [03:33<04:56,  1.97it/s]Deconvoluting Remaining Spots:  39%|███▊      | 367/951 [03:34<06:34,  1.48it/s]Deconvoluting Remaining Spots:  39%|███▊      | 368/951 [03:35<07:42,  1.26it/s]Deconvoluting Remaining Spots:  39%|███▉      | 369/951 [03:36<06:48,  1.42it/s]Deconvoluting Remaining Spots:  39%|███▉      | 370/951 [03:36<06:19,  1.53it/s]Deconvoluting Remaining Spots:  39%|███▉      | 372/951 [03:37<04:43,  2.05it/s]Deconvoluting Remaining Spots:  39%|███▉      | 373/951 [03:38<04:37,  2.08it/s]Deconvoluting Remaining Spots:  39%|███▉      | 374/951 [03:38<04:23,  2.19it/s]Deconvoluting Remaining Spots:  39%|███▉      | 375/951 [03:39<05:55,  1.62it/s]Deconvoluting Remaining Spots:  40%|███▉      | 376/951 [03:39<05:30,  1.74it/s]Deconvoluting Remaining Spots:  40%|███▉      | 377/951 [03:40<05:28,  1.75it/s]Deconvoluting Remaining Spots:  40%|███▉      | 379/951 [03:41<04:11,  2.27it/s]Deconvoluting Remaining Spots:  40%|███▉      | 380/951 [03:41<04:42,  2.02it/s]Deconvoluting Remaining Spots:  40%|████      | 381/951 [03:43<08:24,  1.13it/s]Deconvoluting Remaining Spots:  40%|████      | 384/951 [03:44<04:40,  2.02it/s]Deconvoluting Remaining Spots:  40%|████      | 385/951 [03:44<04:59,  1.89it/s]Deconvoluting Remaining Spots:  41%|████      | 386/951 [03:45<05:15,  1.79it/s]Deconvoluting Remaining Spots:  41%|████      | 387/951 [03:45<04:44,  1.98it/s]Deconvoluting Remaining Spots:  41%|████      | 388/951 [03:46<04:57,  1.89it/s]Deconvoluting Remaining Spots:  41%|████      | 389/951 [03:46<04:52,  1.92it/s]Deconvoluting Remaining Spots:  41%|████      | 390/951 [03:47<04:40,  2.00it/s]Deconvoluting Remaining Spots:  41%|████      | 391/951 [03:47<04:38,  2.01it/s]Deconvoluting Remaining Spots:  41%|████      | 392/951 [03:48<04:53,  1.90it/s]Deconvoluting Remaining Spots:  41%|████▏     | 393/951 [03:48<04:50,  1.92it/s]Deconvoluting Remaining Spots:  41%|████▏     | 394/951 [03:49<04:41,  1.98it/s]Deconvoluting Remaining Spots:  42%|████▏     | 395/951 [03:50<06:13,  1.49it/s]Deconvoluting Remaining Spots:  42%|████▏     | 396/951 [03:51<05:50,  1.59it/s]Deconvoluting Remaining Spots:  42%|████▏     | 397/951 [03:51<05:37,  1.64it/s]Deconvoluting Remaining Spots:  42%|████▏     | 398/951 [03:51<04:28,  2.06it/s]Deconvoluting Remaining Spots:  42%|████▏     | 399/951 [03:52<04:07,  2.23it/s]Deconvoluting Remaining Spots:  42%|████▏     | 400/951 [03:52<04:24,  2.08it/s]2026-02-18 17:50:49,528 - root - INFO - Saved checkpoint after 400 completed spots
Deconvoluting Remaining Spots:  42%|████▏     | 401/951 [03:59<23:02,  2.51s/it]Deconvoluting Remaining Spots:  44%|████▎     | 414/951 [04:00<03:48,  2.35it/s]Deconvoluting Remaining Spots:  44%|████▎     | 415/951 [04:00<03:46,  2.37it/s]Deconvoluting Remaining Spots:  44%|████▎     | 416/951 [04:01<03:59,  2.23it/s]Deconvoluting Remaining Spots:  44%|████▍     | 417/951 [04:02<04:20,  2.05it/s]Deconvoluting Remaining Spots:  44%|████▍     | 418/951 [04:03<04:48,  1.84it/s]Deconvoluting Remaining Spots:  44%|████▍     | 419/951 [04:03<04:55,  1.80it/s]Deconvoluting Remaining Spots:  44%|████▍     | 420/951 [04:04<04:30,  1.96it/s]Deconvoluting Remaining Spots:  44%|████▍     | 421/951 [04:04<04:37,  1.91it/s]Deconvoluting Remaining Spots:  44%|████▍     | 422/951 [04:05<04:28,  1.97it/s]Deconvoluting Remaining Spots:  44%|████▍     | 423/951 [04:05<04:28,  1.97it/s]Deconvoluting Remaining Spots:  45%|████▍     | 424/951 [04:06<04:51,  1.81it/s]Deconvoluting Remaining Spots:  45%|████▍     | 425/951 [04:06<04:30,  1.95it/s]Deconvoluting Remaining Spots:  45%|████▍     | 426/951 [04:07<04:22,  2.00it/s]Deconvoluting Remaining Spots:  45%|████▍     | 427/951 [04:07<04:30,  1.94it/s]Deconvoluting Remaining Spots:  45%|████▌     | 428/951 [04:08<04:23,  1.98it/s]Deconvoluting Remaining Spots:  45%|████▌     | 429/951 [04:08<04:19,  2.01it/s]Deconvoluting Remaining Spots:  45%|████▌     | 430/951 [04:09<04:22,  1.98it/s]Deconvoluting Remaining Spots:  45%|████▌     | 431/951 [04:09<04:34,  1.89it/s]Deconvoluting Remaining Spots:  45%|████▌     | 432/951 [04:10<04:42,  1.84it/s]Deconvoluting Remaining Spots:  46%|████▌     | 433/951 [04:10<04:41,  1.84it/s]Deconvoluting Remaining Spots:  46%|████▌     | 434/951 [04:11<05:13,  1.65it/s]Deconvoluting Remaining Spots:  46%|████▌     | 435/951 [04:12<04:22,  1.96it/s]Deconvoluting Remaining Spots:  46%|████▌     | 436/951 [04:12<04:26,  1.93it/s]Deconvoluting Remaining Spots:  46%|████▌     | 437/951 [04:13<04:31,  1.89it/s]Deconvoluting Remaining Spots:  46%|████▌     | 438/951 [04:13<04:31,  1.89it/s]Deconvoluting Remaining Spots:  46%|████▌     | 439/951 [04:14<04:58,  1.71it/s]Deconvoluting Remaining Spots:  46%|████▋     | 440/951 [04:14<04:40,  1.82it/s]Deconvoluting Remaining Spots:  46%|████▋     | 441/951 [04:15<04:39,  1.82it/s]Deconvoluting Remaining Spots:  46%|████▋     | 442/951 [04:16<05:40,  1.50it/s]Deconvoluting Remaining Spots:  47%|████▋     | 444/951 [04:16<04:13,  2.00it/s]Deconvoluting Remaining Spots:  47%|████▋     | 445/951 [04:17<04:04,  2.07it/s]Deconvoluting Remaining Spots:  47%|████▋     | 446/951 [04:17<03:51,  2.18it/s]Deconvoluting Remaining Spots:  47%|████▋     | 447/951 [04:18<04:03,  2.07it/s]Deconvoluting Remaining Spots:  47%|████▋     | 448/951 [04:18<04:15,  1.97it/s]Deconvoluting Remaining Spots:  47%|████▋     | 449/951 [04:20<05:55,  1.41it/s]Deconvoluting Remaining Spots:  47%|████▋     | 450/951 [04:20<05:30,  1.52it/s]Deconvoluting Remaining Spots:  47%|████▋     | 451/951 [04:21<05:02,  1.65it/s]Deconvoluting Remaining Spots:  48%|████▊     | 453/951 [04:21<03:59,  2.08it/s]Deconvoluting Remaining Spots:  48%|████▊     | 454/951 [04:22<03:54,  2.12it/s]Deconvoluting Remaining Spots:  48%|████▊     | 455/951 [04:22<03:59,  2.07it/s]Deconvoluting Remaining Spots:  48%|████▊     | 456/951 [04:23<04:03,  2.04it/s]Deconvoluting Remaining Spots:  48%|████▊     | 457/951 [04:23<04:23,  1.87it/s]Deconvoluting Remaining Spots:  48%|████▊     | 458/951 [04:24<04:22,  1.88it/s]Deconvoluting Remaining Spots:  48%|████▊     | 459/951 [04:24<04:12,  1.95it/s]Deconvoluting Remaining Spots:  48%|████▊     | 460/951 [04:25<04:22,  1.87it/s]Deconvoluting Remaining Spots:  48%|████▊     | 461/951 [04:25<04:20,  1.88it/s]Deconvoluting Remaining Spots:  49%|████▊     | 462/951 [04:27<05:40,  1.43it/s]Deconvoluting Remaining Spots:  49%|████▊     | 463/951 [04:27<05:37,  1.45it/s]Deconvoluting Remaining Spots:  49%|████▉     | 464/951 [04:28<05:15,  1.54it/s]Deconvoluting Remaining Spots:  49%|████▉     | 466/951 [04:28<03:56,  2.05it/s]Deconvoluting Remaining Spots:  49%|████▉     | 467/951 [04:29<04:00,  2.01it/s]Deconvoluting Remaining Spots:  49%|████▉     | 468/951 [04:29<03:59,  2.02it/s]Deconvoluting Remaining Spots:  49%|████▉     | 469/951 [04:30<04:20,  1.85it/s]Deconvoluting Remaining Spots:  49%|████▉     | 470/951 [04:31<04:12,  1.91it/s]Deconvoluting Remaining Spots:  50%|████▉     | 471/951 [04:32<05:12,  1.54it/s]Deconvoluting Remaining Spots:  50%|████▉     | 472/951 [04:32<04:05,  1.95it/s]Deconvoluting Remaining Spots:  50%|████▉     | 473/951 [04:32<04:09,  1.91it/s]Deconvoluting Remaining Spots:  50%|████▉     | 474/951 [04:33<04:56,  1.61it/s]Deconvoluting Remaining Spots:  50%|█████     | 476/951 [04:34<04:44,  1.67it/s]Deconvoluting Remaining Spots:  50%|█████     | 477/951 [04:35<04:47,  1.65it/s]Deconvoluting Remaining Spots:  50%|█████     | 478/951 [04:35<04:12,  1.87it/s]Deconvoluting Remaining Spots:  50%|█████     | 479/951 [04:36<03:43,  2.11it/s]Deconvoluting Remaining Spots:  50%|█████     | 480/951 [04:36<04:21,  1.80it/s]Deconvoluting Remaining Spots:  51%|█████     | 481/951 [04:37<03:55,  1.99it/s]Deconvoluting Remaining Spots:  51%|█████     | 482/951 [04:38<05:15,  1.49it/s]Deconvoluting Remaining Spots:  51%|█████     | 483/951 [04:38<04:53,  1.60it/s]Deconvoluting Remaining Spots:  51%|█████     | 484/951 [04:39<04:45,  1.64it/s]Deconvoluting Remaining Spots:  51%|█████     | 485/951 [04:39<03:49,  2.03it/s]Deconvoluting Remaining Spots:  51%|█████     | 486/951 [04:39<03:24,  2.27it/s]Deconvoluting Remaining Spots:  51%|█████     | 487/951 [04:40<03:40,  2.10it/s]Deconvoluting Remaining Spots:  51%|█████▏    | 488/951 [04:40<03:41,  2.09it/s]Deconvoluting Remaining Spots:  51%|█████▏    | 489/951 [04:41<03:46,  2.04it/s]Deconvoluting Remaining Spots:  52%|█████▏    | 490/951 [04:41<03:28,  2.21it/s]Deconvoluting Remaining Spots:  52%|█████▏    | 491/951 [04:42<03:58,  1.93it/s]Deconvoluting Remaining Spots:  52%|█████▏    | 492/951 [04:43<04:21,  1.75it/s]Deconvoluting Remaining Spots:  52%|█████▏    | 493/951 [04:43<04:10,  1.83it/s]Deconvoluting Remaining Spots:  52%|█████▏    | 494/951 [04:44<04:04,  1.87it/s]Deconvoluting Remaining Spots:  52%|█████▏    | 495/951 [04:44<04:22,  1.74it/s]Deconvoluting Remaining Spots:  52%|█████▏    | 496/951 [04:45<04:09,  1.82it/s]Deconvoluting Remaining Spots:  52%|█████▏    | 497/951 [04:45<04:01,  1.88it/s]Deconvoluting Remaining Spots:  52%|█████▏    | 498/951 [04:46<04:49,  1.56it/s]Deconvoluting Remaining Spots:  52%|█████▏    | 499/951 [04:47<04:06,  1.84it/s]Deconvoluting Remaining Spots:  53%|█████▎    | 500/951 [04:47<04:07,  1.82it/s]2026-02-18 17:51:46,593 - root - INFO - Saved checkpoint after 500 completed spots
Deconvoluting Remaining Spots:  53%|█████▎    | 501/951 [04:57<24:06,  3.21s/it]Deconvoluting Remaining Spots:  54%|█████▍    | 517/951 [04:57<03:00,  2.41it/s]Deconvoluting Remaining Spots:  55%|█████▍    | 522/951 [04:59<03:10,  2.25it/s]Deconvoluting Remaining Spots:  55%|█████▌    | 526/951 [05:01<03:18,  2.15it/s]Deconvoluting Remaining Spots:  56%|█████▌    | 529/951 [05:03<03:25,  2.05it/s]Deconvoluting Remaining Spots:  56%|█████▌    | 531/951 [05:05<03:47,  1.85it/s]Deconvoluting Remaining Spots:  56%|█████▌    | 533/951 [05:06<03:48,  1.83it/s]Deconvoluting Remaining Spots:  56%|█████▌    | 534/951 [05:06<03:40,  1.89it/s]Deconvoluting Remaining Spots:  56%|█████▋    | 535/951 [05:07<03:46,  1.84it/s]Deconvoluting Remaining Spots:  56%|█████▋    | 536/951 [05:07<03:36,  1.92it/s]Deconvoluting Remaining Spots:  56%|█████▋    | 537/951 [05:08<03:26,  2.00it/s]Deconvoluting Remaining Spots:  57%|█████▋    | 538/951 [05:08<03:23,  2.03it/s]Deconvoluting Remaining Spots:  57%|█████▋    | 539/951 [05:09<03:33,  1.93it/s]Deconvoluting Remaining Spots:  57%|█████▋    | 540/951 [05:09<03:26,  1.99it/s]Deconvoluting Remaining Spots:  57%|█████▋    | 541/951 [05:10<03:34,  1.91it/s]Deconvoluting Remaining Spots:  57%|█████▋    | 542/951 [05:11<04:38,  1.47it/s]Deconvoluting Remaining Spots:  57%|█████▋    | 543/951 [05:11<04:21,  1.56it/s]Deconvoluting Remaining Spots:  57%|█████▋    | 544/951 [05:12<03:49,  1.77it/s]Deconvoluting Remaining Spots:  57%|█████▋    | 545/951 [05:12<03:00,  2.25it/s]Deconvoluting Remaining Spots:  57%|█████▋    | 546/951 [05:12<03:09,  2.14it/s]Deconvoluting Remaining Spots:  58%|█████▊    | 547/951 [05:13<03:15,  2.07it/s]Deconvoluting Remaining Spots:  58%|█████▊    | 548/951 [05:14<03:33,  1.89it/s]Deconvoluting Remaining Spots:  58%|█████▊    | 549/951 [05:15<04:37,  1.45it/s]Deconvoluting Remaining Spots:  58%|█████▊    | 550/951 [05:15<04:32,  1.47it/s]Deconvoluting Remaining Spots:  58%|█████▊    | 551/951 [05:16<03:43,  1.79it/s]Deconvoluting Remaining Spots:  58%|█████▊    | 552/951 [05:16<02:59,  2.22it/s]Deconvoluting Remaining Spots:  58%|█████▊    | 553/951 [05:16<03:08,  2.12it/s]Deconvoluting Remaining Spots:  58%|█████▊    | 554/951 [05:17<03:12,  2.06it/s]Deconvoluting Remaining Spots:  58%|█████▊    | 555/951 [05:17<03:16,  2.01it/s]Deconvoluting Remaining Spots:  58%|█████▊    | 556/951 [05:18<03:19,  1.98it/s]Deconvoluting Remaining Spots:  59%|█████▊    | 557/951 [05:19<03:41,  1.78it/s]Deconvoluting Remaining Spots:  59%|█████▊    | 558/951 [05:19<03:39,  1.79it/s]Deconvoluting Remaining Spots:  59%|█████▉    | 559/951 [05:20<03:44,  1.75it/s]Deconvoluting Remaining Spots:  59%|█████▉    | 560/951 [05:20<03:45,  1.73it/s]Deconvoluting Remaining Spots:  59%|█████▉    | 561/951 [05:21<03:22,  1.92it/s]Deconvoluting Remaining Spots:  59%|█████▉    | 562/951 [05:21<03:28,  1.86it/s]Deconvoluting Remaining Spots:  59%|█████▉    | 563/951 [05:22<03:13,  2.01it/s]Deconvoluting Remaining Spots:  59%|█████▉    | 564/951 [05:22<03:33,  1.81it/s]Deconvoluting Remaining Spots:  59%|█████▉    | 565/951 [05:23<04:01,  1.60it/s]Deconvoluting Remaining Spots:  60%|█████▉    | 566/951 [05:24<04:10,  1.54it/s]Deconvoluting Remaining Spots:  60%|█████▉    | 567/951 [05:24<03:25,  1.87it/s]Deconvoluting Remaining Spots:  60%|█████▉    | 568/951 [05:25<03:18,  1.93it/s]Deconvoluting Remaining Spots:  60%|█████▉    | 569/951 [05:25<03:23,  1.88it/s]Deconvoluting Remaining Spots:  60%|█████▉    | 570/951 [05:26<03:05,  2.05it/s]Deconvoluting Remaining Spots:  60%|██████    | 571/951 [05:26<03:05,  2.05it/s]Deconvoluting Remaining Spots:  60%|██████    | 572/951 [05:27<03:24,  1.86it/s]Deconvoluting Remaining Spots:  60%|██████    | 573/951 [05:27<03:17,  1.91it/s]Deconvoluting Remaining Spots:  60%|██████    | 574/951 [05:28<04:08,  1.52it/s]Deconvoluting Remaining Spots:  61%|██████    | 576/951 [05:29<03:09,  1.98it/s]Deconvoluting Remaining Spots:  61%|██████    | 577/951 [05:29<03:03,  2.03it/s]Deconvoluting Remaining Spots:  61%|██████    | 578/951 [05:30<03:06,  2.00it/s]Deconvoluting Remaining Spots:  61%|██████    | 579/951 [05:30<03:13,  1.92it/s]Deconvoluting Remaining Spots:  61%|██████    | 580/951 [05:31<03:24,  1.82it/s]Deconvoluting Remaining Spots:  61%|██████    | 581/951 [05:32<04:37,  1.34it/s]Deconvoluting Remaining Spots:  61%|██████    | 582/951 [05:33<04:03,  1.51it/s]Deconvoluting Remaining Spots:  61%|██████▏   | 583/951 [05:33<03:48,  1.61it/s]Deconvoluting Remaining Spots:  62%|██████▏   | 585/951 [05:34<02:49,  2.16it/s]Deconvoluting Remaining Spots:  62%|██████▏   | 586/951 [05:34<02:53,  2.10it/s]Deconvoluting Remaining Spots:  62%|██████▏   | 587/951 [05:35<02:58,  2.04it/s]Deconvoluting Remaining Spots:  62%|██████▏   | 588/951 [05:35<03:04,  1.97it/s]Deconvoluting Remaining Spots:  62%|██████▏   | 589/951 [05:36<03:25,  1.76it/s]Deconvoluting Remaining Spots:  62%|██████▏   | 590/951 [05:37<03:19,  1.81it/s]Deconvoluting Remaining Spots:  62%|██████▏   | 591/951 [05:38<04:06,  1.46it/s]Deconvoluting Remaining Spots:  62%|██████▏   | 592/951 [05:38<03:52,  1.54it/s]Deconvoluting Remaining Spots:  62%|██████▏   | 593/951 [05:39<03:48,  1.57it/s]Deconvoluting Remaining Spots:  62%|██████▏   | 594/951 [05:39<03:17,  1.81it/s]Deconvoluting Remaining Spots:  63%|██████▎   | 595/951 [05:39<02:38,  2.25it/s]Deconvoluting Remaining Spots:  63%|██████▎   | 596/951 [05:40<02:47,  2.12it/s]Deconvoluting Remaining Spots:  63%|██████▎   | 597/951 [05:40<03:01,  1.95it/s]Deconvoluting Remaining Spots:  63%|██████▎   | 598/951 [05:42<03:52,  1.52it/s]Deconvoluting Remaining Spots:  63%|██████▎   | 599/951 [05:42<03:04,  1.91it/s]Deconvoluting Remaining Spots:  63%|██████▎   | 600/951 [05:42<02:52,  2.03it/s]2026-02-18 17:52:43,462 - root - INFO - Saved checkpoint after 600 completed spots
Deconvoluting Remaining Spots:  63%|██████▎   | 601/951 [05:53<21:40,  3.72s/it]Deconvoluting Remaining Spots:  65%|██████▌   | 621/951 [05:54<02:16,  2.42it/s]Deconvoluting Remaining Spots:  66%|██████▌   | 623/951 [05:55<02:29,  2.20it/s]Deconvoluting Remaining Spots:  66%|██████▌   | 624/951 [05:56<02:29,  2.19it/s]Deconvoluting Remaining Spots:  66%|██████▌   | 625/951 [05:56<02:27,  2.21it/s]Deconvoluting Remaining Spots:  66%|██████▌   | 626/951 [05:57<02:30,  2.16it/s]Deconvoluting Remaining Spots:  66%|██████▌   | 627/951 [05:58<02:41,  2.00it/s]Deconvoluting Remaining Spots:  66%|██████▌   | 628/951 [05:58<02:42,  1.99it/s]Deconvoluting Remaining Spots:  66%|██████▌   | 629/951 [05:59<02:42,  1.98it/s]Deconvoluting Remaining Spots:  66%|██████▌   | 630/951 [05:59<02:42,  1.98it/s]Deconvoluting Remaining Spots:  66%|██████▋   | 631/951 [06:00<02:52,  1.86it/s]Deconvoluting Remaining Spots:  66%|██████▋   | 632/951 [06:00<02:55,  1.82it/s]Deconvoluting Remaining Spots:  67%|██████▋   | 633/951 [06:01<03:04,  1.72it/s]Deconvoluting Remaining Spots:  67%|██████▋   | 634/951 [06:02<03:06,  1.70it/s]Deconvoluting Remaining Spots:  67%|██████▋   | 635/951 [06:02<02:55,  1.80it/s]Deconvoluting Remaining Spots:  67%|██████▋   | 636/951 [06:03<02:42,  1.94it/s]Deconvoluting Remaining Spots:  67%|██████▋   | 637/951 [06:03<02:28,  2.12it/s]Deconvoluting Remaining Spots:  67%|██████▋   | 638/951 [06:04<02:38,  1.98it/s]Deconvoluting Remaining Spots:  67%|██████▋   | 639/951 [06:04<02:45,  1.88it/s]Deconvoluting Remaining Spots:  67%|██████▋   | 640/951 [06:05<03:04,  1.68it/s]Deconvoluting Remaining Spots:  67%|██████▋   | 641/951 [06:05<02:36,  1.98it/s]Deconvoluting Remaining Spots:  68%|██████▊   | 642/951 [06:06<02:39,  1.94it/s]Deconvoluting Remaining Spots:  68%|██████▊   | 643/951 [06:06<02:34,  2.00it/s]Deconvoluting Remaining Spots:  68%|██████▊   | 644/951 [06:07<02:32,  2.01it/s]Deconvoluting Remaining Spots:  68%|██████▊   | 645/951 [06:07<02:38,  1.93it/s]Deconvoluting Remaining Spots:  68%|██████▊   | 646/951 [06:08<02:38,  1.92it/s]Deconvoluting Remaining Spots:  68%|██████▊   | 647/951 [06:08<02:36,  1.94it/s]Deconvoluting Remaining Spots:  68%|██████▊   | 648/951 [06:09<02:45,  1.83it/s]Deconvoluting Remaining Spots:  68%|██████▊   | 649/951 [06:09<02:53,  1.74it/s]Deconvoluting Remaining Spots:  68%|██████▊   | 650/951 [06:10<02:45,  1.82it/s]Deconvoluting Remaining Spots:  68%|██████▊   | 651/951 [06:11<02:46,  1.80it/s]Deconvoluting Remaining Spots:  69%|██████▊   | 652/951 [06:11<02:51,  1.75it/s]Deconvoluting Remaining Spots:  69%|██████▊   | 653/951 [06:12<02:48,  1.77it/s]Deconvoluting Remaining Spots:  69%|██████▉   | 654/951 [06:12<02:42,  1.82it/s]Deconvoluting Remaining Spots:  69%|██████▉   | 655/951 [06:13<03:05,  1.59it/s]Deconvoluting Remaining Spots:  69%|██████▉   | 656/951 [06:13<02:30,  1.97it/s]Deconvoluting Remaining Spots:  69%|██████▉   | 657/951 [06:14<02:27,  1.99it/s]Deconvoluting Remaining Spots:  69%|██████▉   | 658/951 [06:14<02:33,  1.91it/s]Deconvoluting Remaining Spots:  69%|██████▉   | 659/951 [06:15<02:42,  1.80it/s]Deconvoluting Remaining Spots:  69%|██████▉   | 660/951 [06:15<02:30,  1.94it/s]Deconvoluting Remaining Spots:  70%|██████▉   | 661/951 [06:16<02:26,  1.98it/s]Deconvoluting Remaining Spots:  70%|██████▉   | 662/951 [06:16<02:31,  1.90it/s]Deconvoluting Remaining Spots:  70%|██████▉   | 663/951 [06:17<02:36,  1.84it/s]Deconvoluting Remaining Spots:  70%|██████▉   | 664/951 [06:18<03:05,  1.55it/s]Deconvoluting Remaining Spots:  70%|██████▉   | 665/951 [06:18<02:20,  2.04it/s]Deconvoluting Remaining Spots:  70%|███████   | 666/951 [06:19<02:19,  2.05it/s]Deconvoluting Remaining Spots:  70%|███████   | 667/951 [06:19<02:19,  2.04it/s]Deconvoluting Remaining Spots:  70%|███████   | 668/951 [06:20<02:23,  1.97it/s]Deconvoluting Remaining Spots:  70%|███████   | 669/951 [06:20<02:28,  1.90it/s]Deconvoluting Remaining Spots:  70%|███████   | 670/951 [06:21<02:39,  1.76it/s]Deconvoluting Remaining Spots:  71%|███████   | 671/951 [06:21<02:34,  1.81it/s]Deconvoluting Remaining Spots:  71%|███████   | 672/951 [06:22<03:21,  1.39it/s]Deconvoluting Remaining Spots:  71%|███████   | 673/951 [06:23<02:59,  1.55it/s]Deconvoluting Remaining Spots:  71%|███████   | 674/951 [06:23<02:48,  1.64it/s]Deconvoluting Remaining Spots:  71%|███████   | 675/951 [06:24<02:10,  2.12it/s]Deconvoluting Remaining Spots:  71%|███████   | 676/951 [06:24<02:02,  2.25it/s]Deconvoluting Remaining Spots:  71%|███████   | 677/951 [06:24<02:08,  2.14it/s]Deconvoluting Remaining Spots:  71%|███████▏  | 678/951 [06:25<02:12,  2.06it/s]Deconvoluting Remaining Spots:  71%|███████▏  | 679/951 [06:26<02:23,  1.89it/s]Deconvoluting Remaining Spots:  72%|███████▏  | 680/951 [06:26<02:30,  1.80it/s]Deconvoluting Remaining Spots:  72%|███████▏  | 681/951 [06:27<02:20,  1.92it/s]Deconvoluting Remaining Spots:  72%|███████▏  | 682/951 [06:27<02:29,  1.80it/s]Deconvoluting Remaining Spots:  72%|███████▏  | 683/951 [06:28<02:23,  1.87it/s]Deconvoluting Remaining Spots:  72%|███████▏  | 684/951 [06:28<02:24,  1.85it/s]Deconvoluting Remaining Spots:  72%|███████▏  | 685/951 [06:29<02:18,  1.92it/s]Deconvoluting Remaining Spots:  72%|███████▏  | 686/951 [06:30<02:43,  1.62it/s]Deconvoluting Remaining Spots:  72%|███████▏  | 687/951 [06:30<02:23,  1.85it/s]Deconvoluting Remaining Spots:  72%|███████▏  | 688/951 [06:31<02:40,  1.64it/s]Deconvoluting Remaining Spots:  72%|███████▏  | 689/951 [06:31<02:33,  1.70it/s]Deconvoluting Remaining Spots:  73%|███████▎  | 690/951 [06:32<02:31,  1.72it/s]Deconvoluting Remaining Spots:  73%|███████▎  | 691/951 [06:33<02:48,  1.55it/s]Deconvoluting Remaining Spots:  73%|███████▎  | 692/951 [06:33<02:18,  1.87it/s]Deconvoluting Remaining Spots:  73%|███████▎  | 693/951 [06:33<02:10,  1.98it/s]Deconvoluting Remaining Spots:  73%|███████▎  | 694/951 [06:34<02:03,  2.09it/s]Deconvoluting Remaining Spots:  73%|███████▎  | 695/951 [06:34<02:08,  2.00it/s]Deconvoluting Remaining Spots:  73%|███████▎  | 696/951 [06:35<02:04,  2.04it/s]Deconvoluting Remaining Spots:  73%|███████▎  | 697/951 [06:35<02:13,  1.90it/s]Deconvoluting Remaining Spots:  73%|███████▎  | 698/951 [06:36<02:00,  2.10it/s]Deconvoluting Remaining Spots:  74%|███████▎  | 699/951 [06:36<02:04,  2.03it/s]Deconvoluting Remaining Spots:  74%|███████▎  | 700/951 [06:37<02:14,  1.86it/s]2026-02-18 17:53:40,257 - root - INFO - Saved checkpoint after 700 completed spots
Deconvoluting Remaining Spots:  74%|███████▎  | 701/951 [06:50<18:02,  4.33s/it]Deconvoluting Remaining Spots:  76%|███████▌  | 724/951 [06:50<01:31,  2.48it/s]Deconvoluting Remaining Spots:  77%|███████▋  | 730/951 [06:54<01:40,  2.20it/s]Deconvoluting Remaining Spots:  77%|███████▋  | 735/951 [06:57<01:43,  2.08it/s]Deconvoluting Remaining Spots:  78%|███████▊  | 738/951 [06:58<01:43,  2.06it/s]Deconvoluting Remaining Spots:  78%|███████▊  | 741/951 [07:01<01:52,  1.87it/s]Deconvoluting Remaining Spots:  78%|███████▊  | 743/951 [07:01<01:45,  1.97it/s]Deconvoluting Remaining Spots:  78%|███████▊  | 745/951 [07:02<01:41,  2.03it/s]Deconvoluting Remaining Spots:  78%|███████▊  | 746/951 [07:03<01:55,  1.77it/s]Deconvoluting Remaining Spots:  79%|███████▊  | 747/951 [07:04<01:56,  1.75it/s]Deconvoluting Remaining Spots:  79%|███████▊  | 748/951 [07:04<01:47,  1.89it/s]Deconvoluting Remaining Spots:  79%|███████▉  | 750/951 [07:05<01:29,  2.26it/s]Deconvoluting Remaining Spots:  79%|███████▉  | 751/951 [07:05<01:39,  2.01it/s]Deconvoluting Remaining Spots:  79%|███████▉  | 752/951 [07:06<01:44,  1.91it/s]Deconvoluting Remaining Spots:  79%|███████▉  | 753/951 [07:07<02:03,  1.60it/s]Deconvoluting Remaining Spots:  79%|███████▉  | 755/951 [07:08<01:44,  1.88it/s]Deconvoluting Remaining Spots:  79%|███████▉  | 756/951 [07:08<01:38,  1.98it/s]Deconvoluting Remaining Spots:  80%|███████▉  | 757/951 [07:09<01:44,  1.86it/s]Deconvoluting Remaining Spots:  80%|███████▉  | 758/951 [07:09<01:44,  1.84it/s]Deconvoluting Remaining Spots:  80%|███████▉  | 759/951 [07:10<01:38,  1.95it/s]Deconvoluting Remaining Spots:  80%|███████▉  | 760/951 [07:10<01:36,  1.97it/s]Deconvoluting Remaining Spots:  80%|████████  | 761/951 [07:11<01:50,  1.73it/s]Deconvoluting Remaining Spots:  80%|████████  | 762/951 [07:13<02:41,  1.17it/s]Deconvoluting Remaining Spots:  80%|████████  | 763/951 [07:13<02:04,  1.51it/s]Deconvoluting Remaining Spots:  80%|████████  | 764/951 [07:13<01:57,  1.59it/s]Deconvoluting Remaining Spots:  81%|████████  | 766/951 [07:14<01:22,  2.24it/s]Deconvoluting Remaining Spots:  81%|████████  | 767/951 [07:14<01:16,  2.41it/s]Deconvoluting Remaining Spots:  81%|████████  | 768/951 [07:15<01:22,  2.23it/s]Deconvoluting Remaining Spots:  81%|████████  | 769/951 [07:16<01:54,  1.59it/s]Deconvoluting Remaining Spots:  81%|████████  | 771/951 [07:17<01:32,  1.95it/s]Deconvoluting Remaining Spots:  81%|████████  | 772/951 [07:17<01:32,  1.94it/s]Deconvoluting Remaining Spots:  81%|████████▏ | 773/951 [07:18<01:32,  1.93it/s]Deconvoluting Remaining Spots:  81%|████████▏ | 774/951 [07:18<01:34,  1.88it/s]Deconvoluting Remaining Spots:  81%|████████▏ | 775/951 [07:18<01:24,  2.07it/s]Deconvoluting Remaining Spots:  82%|████████▏ | 776/951 [07:19<01:31,  1.91it/s]Deconvoluting Remaining Spots:  82%|████████▏ | 777/951 [07:20<01:31,  1.90it/s]Deconvoluting Remaining Spots:  82%|████████▏ | 778/951 [07:21<01:49,  1.59it/s]Deconvoluting Remaining Spots:  82%|████████▏ | 779/951 [07:21<01:43,  1.66it/s]Deconvoluting Remaining Spots:  82%|████████▏ | 780/951 [07:22<01:52,  1.52it/s]Deconvoluting Remaining Spots:  82%|████████▏ | 781/951 [07:22<01:46,  1.60it/s]Deconvoluting Remaining Spots:  82%|████████▏ | 782/951 [07:23<01:41,  1.67it/s]Deconvoluting Remaining Spots:  82%|████████▏ | 783/951 [07:23<01:30,  1.85it/s]Deconvoluting Remaining Spots:  82%|████████▏ | 784/951 [07:24<01:28,  1.89it/s]Deconvoluting Remaining Spots:  83%|████████▎ | 785/951 [07:24<01:20,  2.06it/s]Deconvoluting Remaining Spots:  83%|████████▎ | 786/951 [07:25<01:21,  2.02it/s]Deconvoluting Remaining Spots:  83%|████████▎ | 787/951 [07:25<01:27,  1.88it/s]Deconvoluting Remaining Spots:  83%|████████▎ | 788/951 [07:26<01:18,  2.07it/s]Deconvoluting Remaining Spots:  83%|████████▎ | 789/951 [07:26<01:18,  2.06it/s]Deconvoluting Remaining Spots:  83%|████████▎ | 790/951 [07:27<01:20,  2.00it/s]Deconvoluting Remaining Spots:  83%|████████▎ | 791/951 [07:27<01:30,  1.78it/s]Deconvoluting Remaining Spots:  83%|████████▎ | 792/951 [07:28<01:26,  1.83it/s]Deconvoluting Remaining Spots:  83%|████████▎ | 793/951 [07:29<01:26,  1.82it/s]Deconvoluting Remaining Spots:  83%|████████▎ | 794/951 [07:29<01:24,  1.86it/s]Deconvoluting Remaining Spots:  84%|████████▎ | 795/951 [07:30<01:29,  1.75it/s]Deconvoluting Remaining Spots:  84%|████████▎ | 796/951 [07:30<01:24,  1.83it/s]Deconvoluting Remaining Spots:  84%|████████▍ | 797/951 [07:31<01:20,  1.91it/s]Deconvoluting Remaining Spots:  84%|████████▍ | 798/951 [07:31<01:19,  1.93it/s]Deconvoluting Remaining Spots:  84%|████████▍ | 799/951 [07:32<01:20,  1.89it/s]Deconvoluting Remaining Spots:  84%|████████▍ | 800/951 [07:33<01:35,  1.59it/s]2026-02-18 17:54:37,817 - root - INFO - Saved checkpoint after 800 completed spots
Deconvoluting Remaining Spots:  84%|████████▍ | 801/951 [07:48<12:28,  4.99s/it]Deconvoluting Remaining Spots:  87%|████████▋ | 828/951 [07:48<00:49,  2.50it/s]Deconvoluting Remaining Spots:  88%|████████▊ | 836/951 [07:53<00:53,  2.15it/s]Deconvoluting Remaining Spots:  89%|████████▊ | 842/951 [07:56<00:51,  2.13it/s]Deconvoluting Remaining Spots:  89%|████████▉ | 846/951 [07:58<00:50,  2.09it/s]Deconvoluting Remaining Spots:  89%|████████▉ | 849/951 [07:59<00:48,  2.09it/s]Deconvoluting Remaining Spots:  89%|████████▉ | 851/951 [08:01<00:49,  2.00it/s]Deconvoluting Remaining Spots:  90%|████████▉ | 853/951 [08:02<00:48,  2.01it/s]Deconvoluting Remaining Spots:  90%|████████▉ | 855/951 [08:03<00:50,  1.91it/s]Deconvoluting Remaining Spots:  90%|█████████ | 856/951 [08:03<00:49,  1.93it/s]Deconvoluting Remaining Spots:  90%|█████████ | 857/951 [08:04<00:53,  1.77it/s]Deconvoluting Remaining Spots:  90%|█████████ | 858/951 [08:04<00:46,  2.00it/s]Deconvoluting Remaining Spots:  90%|█████████ | 859/951 [08:05<00:48,  1.91it/s]Deconvoluting Remaining Spots:  90%|█████████ | 860/951 [08:06<00:50,  1.79it/s]Deconvoluting Remaining Spots:  91%|█████████ | 861/951 [08:06<00:49,  1.81it/s]Deconvoluting Remaining Spots:  91%|█████████ | 862/951 [08:07<00:49,  1.80it/s]Deconvoluting Remaining Spots:  91%|█████████ | 863/951 [08:07<00:50,  1.76it/s]Deconvoluting Remaining Spots:  91%|█████████ | 864/951 [08:08<00:49,  1.77it/s]Deconvoluting Remaining Spots:  91%|█████████ | 865/951 [08:08<00:44,  1.95it/s]Deconvoluting Remaining Spots:  91%|█████████ | 866/951 [08:09<00:44,  1.89it/s]Deconvoluting Remaining Spots:  91%|█████████ | 867/951 [08:09<00:43,  1.91it/s]Deconvoluting Remaining Spots:  91%|█████████▏| 868/951 [08:10<00:45,  1.81it/s]Deconvoluting Remaining Spots:  91%|█████████▏| 869/951 [08:11<01:00,  1.36it/s]Deconvoluting Remaining Spots:  91%|█████████▏| 870/951 [08:11<00:50,  1.61it/s]Deconvoluting Remaining Spots:  92%|█████████▏| 871/951 [08:12<00:48,  1.65it/s]Deconvoluting Remaining Spots:  92%|█████████▏| 873/951 [08:12<00:32,  2.38it/s]Deconvoluting Remaining Spots:  92%|█████████▏| 874/951 [08:13<00:36,  2.09it/s]Deconvoluting Remaining Spots:  92%|█████████▏| 875/951 [08:14<00:38,  1.98it/s]Deconvoluting Remaining Spots:  92%|█████████▏| 876/951 [08:14<00:39,  1.88it/s]Deconvoluting Remaining Spots:  92%|█████████▏| 877/951 [08:15<00:37,  1.97it/s]Deconvoluting Remaining Spots:  92%|█████████▏| 878/951 [08:15<00:36,  1.98it/s]Deconvoluting Remaining Spots:  92%|█████████▏| 879/951 [08:16<00:38,  1.88it/s]Deconvoluting Remaining Spots:  93%|█████████▎| 880/951 [08:16<00:36,  1.96it/s]Deconvoluting Remaining Spots:  93%|█████████▎| 881/951 [08:17<00:34,  2.03it/s]Deconvoluting Remaining Spots:  93%|█████████▎| 882/951 [08:17<00:35,  1.96it/s]Deconvoluting Remaining Spots:  93%|█████████▎| 883/951 [08:18<00:35,  1.94it/s]Deconvoluting Remaining Spots:  93%|█████████▎| 884/951 [08:18<00:36,  1.84it/s]Deconvoluting Remaining Spots:  93%|█████████▎| 885/951 [08:19<00:41,  1.60it/s]Deconvoluting Remaining Spots:  93%|█████████▎| 886/951 [08:20<00:39,  1.64it/s]Deconvoluting Remaining Spots:  93%|█████████▎| 887/951 [08:21<00:41,  1.56it/s]Deconvoluting Remaining Spots:  93%|█████████▎| 888/951 [08:21<00:34,  1.82it/s]Deconvoluting Remaining Spots:  93%|█████████▎| 889/951 [08:21<00:33,  1.87it/s]Deconvoluting Remaining Spots:  94%|█████████▎| 890/951 [08:22<00:30,  2.00it/s]Deconvoluting Remaining Spots:  94%|█████████▎| 891/951 [08:22<00:32,  1.85it/s]Deconvoluting Remaining Spots:  94%|█████████▍| 892/951 [08:23<00:34,  1.72it/s]Deconvoluting Remaining Spots:  94%|█████████▍| 893/951 [08:24<00:35,  1.62it/s]Deconvoluting Remaining Spots:  94%|█████████▍| 894/951 [08:24<00:33,  1.71it/s]Deconvoluting Remaining Spots:  94%|█████████▍| 895/951 [08:25<00:27,  2.01it/s]Deconvoluting Remaining Spots:  94%|█████████▍| 896/951 [08:25<00:25,  2.12it/s]Deconvoluting Remaining Spots:  94%|█████████▍| 897/951 [08:26<00:27,  1.95it/s]Deconvoluting Remaining Spots:  94%|█████████▍| 898/951 [08:26<00:28,  1.84it/s]Deconvoluting Remaining Spots:  95%|█████████▍| 899/951 [08:27<00:27,  1.87it/s]Deconvoluting Remaining Spots:  95%|█████████▍| 900/951 [08:27<00:26,  1.95it/s]2026-02-18 17:55:34,343 - root - INFO - Saved checkpoint after 900 completed spots
Deconvoluting Remaining Spots:  95%|█████████▍| 901/951 [08:44<04:33,  5.47s/it]Deconvoluting Remaining Spots:  98%|█████████▊| 932/951 [08:45<00:07,  2.49it/s]Deconvoluting Remaining Spots:  98%|█████████▊| 934/951 [08:46<00:07,  2.37it/s]Deconvoluting Remaining Spots:  98%|█████████▊| 936/951 [08:47<00:06,  2.28it/s]Deconvoluting Remaining Spots:  99%|█████████▊| 937/951 [08:48<00:05,  2.36it/s]Deconvoluting Remaining Spots:  99%|█████████▊| 938/951 [08:48<00:05,  2.20it/s]Deconvoluting Remaining Spots:  99%|█████████▊| 939/951 [08:49<00:05,  2.11it/s]Deconvoluting Remaining Spots:  99%|█████████▉| 940/951 [08:50<00:06,  1.70it/s]Deconvoluting Remaining Spots:  99%|█████████▉| 941/951 [08:50<00:05,  1.94it/s]Deconvoluting Remaining Spots:  99%|█████████▉| 942/951 [08:51<00:04,  2.13it/s]Deconvoluting Remaining Spots:  99%|█████████▉| 943/951 [08:51<00:03,  2.12it/s]Deconvoluting Remaining Spots:  99%|█████████▉| 944/951 [08:52<00:03,  2.09it/s]Deconvoluting Remaining Spots:  99%|█████████▉| 945/951 [08:52<00:02,  2.13it/s]Deconvoluting Remaining Spots:  99%|█████████▉| 946/951 [08:53<00:02,  1.98it/s]Deconvoluting Remaining Spots: 100%|█████████▉| 947/951 [08:53<00:01,  2.05it/s]Deconvoluting Remaining Spots: 100%|█████████▉| 948/951 [08:54<00:01,  1.69it/s]Deconvoluting Remaining Spots: 100%|█████████▉| 949/951 [08:54<00:00,  2.06it/s]Deconvoluting Remaining Spots: 100%|█████████▉| 950/951 [08:55<00:00,  2.00it/s]Deconvoluting Remaining Spots: 100%|██████████| 951/951 [08:55<00:00,  1.98it/s]Deconvoluting Remaining Spots: 100%|██████████| 951/951 [08:55<00:00,  1.77it/s]
2026-02-18 17:56:05,767 - root - INFO - Saved final results with 951 completed spots
2026-02-18 17:56:18,330 - root - INFO - Saved profiles to Benchmarking/simulation_benchmarking/CITEgeist/output_discrete_slack_only/mixed/dapi/mixed/dapi/Wu_rep_0/Wu_rep_0_gene_expression_pass1.parquet with cell types: ['B-cells', 'CAFs', 'Cancer Epithelial', 'Endothelial', 'Myeloid', 'Normal Epithelial', 'PVL', 'Plasmablasts', 'T-cells']
2026-02-18 17:56:22,679 - root - INFO - Successfully added layer: CAFs_genes_pass1
2026-02-18 17:56:23,187 - root - INFO - Successfully added layer: B-cells_genes_pass1
2026-02-18 17:56:23,693 - root - INFO - Successfully added layer: Plasmablasts_genes_pass1
2026-02-18 17:56:24,199 - root - INFO - Successfully added layer: T-cells_genes_pass1
2026-02-18 17:56:24,709 - root - INFO - Successfully added layer: Endothelial_genes_pass1
2026-02-18 17:56:25,219 - root - INFO - Successfully added layer: Cancer_Epithelial_genes_pass1
2026-02-18 17:56:25,727 - root - INFO - Successfully added layer: PVL_genes_pass1
2026-02-18 17:56:26,237 - root - INFO - Successfully added layer: Normal_Epithelial_genes_pass1
2026-02-18 17:56:26,746 - root - INFO - Successfully added layer: Myeloid_genes_pass1
2026-02-18 17:56:53,038 - root - INFO - Exported layer 'CAFs_genes_pass1' to 'Benchmarking/simulation_benchmarking/CITEgeist/output_discrete_slack_only/mixed/dapi/mixed/dapi/Wu_rep_0/Wu_rep_0_pass1/layers/pass1/CAFs_layer_pass1.csv'
2026-02-18 17:57:19,353 - root - INFO - Exported layer 'B-cells_genes_pass1' to 'Benchmarking/simulation_benchmarking/CITEgeist/output_discrete_slack_only/mixed/dapi/mixed/dapi/Wu_rep_0/Wu_rep_0_pass1/layers/pass1/B-cells_layer_pass1.csv'
2026-02-18 17:57:45,609 - root - INFO - Exported layer 'Plasmablasts_genes_pass1' to 'Benchmarking/simulation_benchmarking/CITEgeist/output_discrete_slack_only/mixed/dapi/mixed/dapi/Wu_rep_0/Wu_rep_0_pass1/layers/pass1/Plasmablasts_layer_pass1.csv'
2026-02-18 17:58:11,775 - root - INFO - Exported layer 'T-cells_genes_pass1' to 'Benchmarking/simulation_benchmarking/CITEgeist/output_discrete_slack_only/mixed/dapi/mixed/dapi/Wu_rep_0/Wu_rep_0_pass1/layers/pass1/T-cells_layer_pass1.csv'
2026-02-18 17:58:38,031 - root - INFO - Exported layer 'Endothelial_genes_pass1' to 'Benchmarking/simulation_benchmarking/CITEgeist/output_discrete_slack_only/mixed/dapi/mixed/dapi/Wu_rep_0/Wu_rep_0_pass1/layers/pass1/Endothelial_layer_pass1.csv'
2026-02-18 17:59:06,224 - root - INFO - Exported layer 'Cancer_Epithelial_genes_pass1' to 'Benchmarking/simulation_benchmarking/CITEgeist/output_discrete_slack_only/mixed/dapi/mixed/dapi/Wu_rep_0/Wu_rep_0_pass1/layers/pass1/Cancer_Epithelial_layer_pass1.csv'
2026-02-18 17:59:32,397 - root - INFO - Exported layer 'PVL_genes_pass1' to 'Benchmarking/simulation_benchmarking/CITEgeist/output_discrete_slack_only/mixed/dapi/mixed/dapi/Wu_rep_0/Wu_rep_0_pass1/layers/pass1/PVL_layer_pass1.csv'
2026-02-18 17:59:58,488 - root - INFO - Exported layer 'Normal_Epithelial_genes_pass1' to 'Benchmarking/simulation_benchmarking/CITEgeist/output_discrete_slack_only/mixed/dapi/mixed/dapi/Wu_rep_0/Wu_rep_0_pass1/layers/pass1/Normal_Epithelial_layer_pass1.csv'
2026-02-18 18:00:24,645 - root - INFO - Exported layer 'Myeloid_genes_pass1' to 'Benchmarking/simulation_benchmarking/CITEgeist/output_discrete_slack_only/mixed/dapi/mixed/dapi/Wu_rep_0/Wu_rep_0_pass1/layers/pass1/Myeloid_layer_pass1.csv'
2026-02-18 18:00:24,645 - __main__ - INFO - GEX deconvolution completed in 816.2s
2026-02-18 18:04:22,291 - __main__ - INFO - Exported 9 cell type layers to Benchmarking/simulation_benchmarking/CITEgeist/output_discrete_slack_only/mixed/dapi/mixed/dapi/Wu_rep_0/layers
2026-02-18 18:04:22,334 - __main__ - INFO - Comparing against ground truth GEX: /ix1/alee/LO_LAB/Personal/Brent_Schlegel/bts76/Projects/CITEgeist/Wu_Visium/Simulations/scCube_12k/replicates/mixed/ST_GEX_sim/sample_0/layers
2026-02-18 18:06:42,429 - __main__ - INFO - GEX Average RMSE: 0.1502
2026-02-18 18:06:42,429 - __main__ - INFO - GEX Average NRMSE: 0.0206
2026-02-18 18:06:42,445 - __main__ - INFO - Results saved to Benchmarking/simulation_benchmarking/CITEgeist/output_discrete_slack_only/mixed/dapi/mixed/dapi/Wu_rep_0
