2026-02-18 16:50:46,187 - __main__ - INFO - ============================================================
2026-02-18 16:50:46,187 - __main__ - INFO - BENCHMARK: replicate=1, condition=mixed, mode=dapi
2026-02-18 16:50:46,187 - __main__ - INFO - ============================================================
2026-02-18 16:50:46,187 - __main__ - INFO - Loading image: /ix1/alee/LO_LAB/Personal/Alexander_Chang/alc376/CITEgeist/Benchmarking/simulation_benchmarking/CITEgeist/mixed/images/dapi/Wu_rep_1_cellpose.png
2026-02-18 16:50:46,786 - __main__ - INFO - Image shape: (8000, 8000, 3)
2026-02-18 16:50:46,787 - __main__ - INFO - Running Cellpose with model_type=nuclei
2026-02-18 16:50:50,414 - cellpose.models - WARNING - model_type argument is not used in v4.0.1+. Ignoring this argument...
2026-02-18 16:50:50,414 - cellpose.core - INFO - >>>> using CPU
2026-02-18 16:50:50,414 - cellpose.core - INFO - >>>> using CPU
2026-02-18 16:50:51,743 - cellpose.models - INFO - >>>> loading model /ihome/alee/alc376/.cellpose/models/cpsam
2026-02-18 16:50:52,124 - cellpose.models - WARNING - channels deprecated in v4.0.1+. If data contain more than 3 channels, only the first 3 channels will be used
2026-02-18 16:50:52,164 - cellpose.transforms - INFO - processing image with (8000, 8000) HW, and 3 channels
2026-02-18 16:59:15,868 - __main__ - INFO - Detected 4906 nuclei in 509.1s
2026-02-18 16:59:15,935 - __main__ - INFO - Nuclei count correlation: 0.987
2026-02-18 16:59:15,935 - __main__ - INFO - Nuclei count RMSE: 0.43
2026-02-18 16:59:15,970 - __main__ - INFO - Loading h5ad files...
2026-02-18 16:59:16,698 - root - INFO - Logging initialized.
2026-02-18 16:59:16,698 - __main__ - INFO - Using CLR preprocessing (continuous model style)
2026-02-18 16:59:16,876 - root - INFO - Normalization stats:
2026-02-18 16:59:16,876 - root - INFO - Original median total: 62868220197.00
2026-02-18 16:59:16,882 - root - INFO - Mean scaled total: 9979.39
2026-02-18 16:59:16,888 - root - INFO - Max scaled value: 10000.00
2026-02-18 16:59:16,961 - root - INFO - Gene expression data normalized to 10000 counts per spot and validated for discrete count analysis.
2026-02-18 16:59:16,961 - root - INFO - Mapped 18 markers to 9 cell types (preserving marker-level data)
2026-02-18 16:59:16,961 - __main__ - INFO - Discrete cell type order: ['B-cells', 'CAFs', 'Cancer Epithelial', 'Endothelial', 'Myeloid', 'Normal Epithelial', 'PVL', 'Plasmablasts', 'T-cells']
2026-02-18 16:59:16,962 - root - INFO - Mapped 18 markers to 9 cell types (preserving marker-level data)
2026-02-18 16:59:16,962 - root - INFO - Running discrete cell assignment: 952 spots, 18 markers, 9 cell types
2026-02-18 16:59:16,962 - root - INFO - Total nuclei: 4906, mean per spot: 5.15
2026-02-18 16:59:16,963 - root - INFO - Discrete cell assignment EM: 952 spots, 18 markers, 9 cell types
2026-02-18 16:59:16,963 - root - INFO - Total nuclei: 4906, mean per spot: 5.15
2026-02-18 16:59:16,963 - root - INFO - 
=== EM Iteration 1/10 ===
2026-02-18 16:59:16,963 - root - INFO - Global IQP: 952 spots x 9 cell types = 8568 integer variables
2026-02-18 16:59:16,963 - root - INFO - Time limit: 600.0s, MIP gap: 5.0%
2026-02-18 16:59:16,963 - root - INFO - Constraint slack: ±1 cells
2026-02-18 16:59:16,968 - gurobipy - INFO - Set parameter LicenseID to value 276015
2026-02-18 16:59:16,968 - gurobipy - INFO - Set parameter GURO_PAR_SPECIAL
2026-02-18 16:59:16,968 - gurobipy - INFO - Set parameter TokenServer to value "license.crc.pitt.edu"
2026-02-18 16:59:16,975 - gurobipy - INFO - Set parameter TimeLimit to value 600
2026-02-18 16:59:16,975 - gurobipy - INFO - Set parameter MIPGap to value 0.05
2026-02-18 16:59:18,044 - root - INFO - Starting global IQP optimization...
2026-02-18 16:59:18,045 - gurobipy - INFO - Gurobi Optimizer version 11.0.2 build v11.0.2rc0 (linux64 - "Red Hat Enterprise Linux 9.6 (Plow)")
2026-02-18 16:59:18,045 - gurobipy - INFO - 
2026-02-18 16:59:18,045 - gurobipy - INFO - CPU model: AMD EPYC 9374F 32-Core Processor, instruction set [SSE2|AVX|AVX2|AVX512]
2026-02-18 16:59:18,045 - gurobipy - INFO - Thread count: 64 physical cores, 64 logical processors, using up to 32 threads
2026-02-18 16:59:18,045 - gurobipy - INFO - 
2026-02-18 16:59:18,045 - gurobipy - INFO - Optimize a model with 1862 rows, 8568 columns and 16758 nonzeros
2026-02-18 16:59:18,045 - gurobipy - INFO - Model fingerprint: 0x799922d3
2026-02-18 16:59:18,045 - gurobipy - INFO - Model has 8568 quadratic objective terms
2026-02-18 16:59:18,045 - gurobipy - INFO - Variable types: 0 continuous, 8568 integer (0 binary)
2026-02-18 16:59:18,045 - gurobipy - INFO - Coefficient statistics:
2026-02-18 16:59:18,045 - gurobipy - INFO -   Matrix range     [1e+00, 1e+00]
2026-02-18 16:59:18,045 - gurobipy - INFO -   Objective range  [2e-07, 4e+00]
2026-02-18 16:59:18,045 - gurobipy - INFO -   QObjective range [4e+00, 4e+00]
2026-02-18 16:59:18,045 - gurobipy - INFO -   Bounds range     [1e+00, 2e+01]
2026-02-18 16:59:18,045 - gurobipy - INFO -   RHS range        [1e+00, 2e+01]
2026-02-18 16:59:18,045 - gurobipy - INFO - 
2026-02-18 16:59:18,046 - gurobipy - INFO - Loaded user MIP start with objective 7376.2
2026-02-18 16:59:18,046 - gurobipy - INFO - 
2026-02-18 16:59:25,553 - gurobipy - INFO - Presolve removed 1860 rows and 8559 columns (presolve time = 8s) ...
2026-02-18 16:59:25,554 - gurobipy - INFO - Presolve removed 1860 rows and 8559 columns
2026-02-18 16:59:25,554 - gurobipy - INFO - Presolve time: 7.51s
2026-02-18 16:59:25,554 - gurobipy - INFO - Presolved: 2 rows, 9 columns, 18 nonzeros
2026-02-18 16:59:25,554 - gurobipy - INFO - Presolved model has 9 quadratic objective terms
2026-02-18 16:59:25,554 - gurobipy - INFO - Found heuristic solution: objective 4498.3143933
2026-02-18 16:59:25,554 - gurobipy - INFO - Variable types: 0 continuous, 9 integer (0 binary)
2026-02-18 16:59:25,554 - gurobipy - INFO - 
2026-02-18 16:59:25,554 - gurobipy - INFO - Explored 0 nodes (0 simplex iterations) in 7.51 seconds (0.27 work units)
2026-02-18 16:59:25,554 - gurobipy - INFO - Thread count was 32 (of 64 available processors)
2026-02-18 16:59:25,554 - gurobipy - INFO - 
2026-02-18 16:59:25,554 - gurobipy - INFO - Solution count 2: 4498.31 7376.2 
2026-02-18 16:59:25,554 - gurobipy - INFO - 
2026-02-18 16:59:25,554 - gurobipy - INFO - Optimal solution found (tolerance 5.00e-02)
2026-02-18 16:59:25,554 - gurobipy - INFO - Best objective 4.498314393298e+03, best bound 4.489869949656e+03, gap 0.1877%
2026-02-18 16:59:25,569 - root - INFO - Global IQP solved: status=2, gap=0.19%, time=7.5s
/ix1/alee/LO_LAB/Personal/Alexander_Chang/alc376/CITEgeist/CITEgeist/model/gurobi_impl.py:3800: RuntimeWarning: invalid value encountered in scalar divide
  loss_change = abs(prev_loss - loss) / max(abs(prev_loss), 1e-10)
2026-02-18 16:59:25,612 - root - INFO -   Loss: 800.4696 (change: nan)
2026-02-18 16:59:25,612 - root - INFO -   Beta range: [0.112, 0.678]
2026-02-18 16:59:25,612 - root - INFO -   Max beta change: 0.888482
2026-02-18 16:59:25,612 - root - INFO -   Cell count range: [0, 18]
2026-02-18 16:59:25,612 - root - INFO -     B-cells: 375 cells (9.2%)
2026-02-18 16:59:25,612 - root - INFO -     CAFs: 730 cells (17.8%)
2026-02-18 16:59:25,612 - root - INFO -     Cancer Epithelial: 850 cells (20.8%)
2026-02-18 16:59:25,612 - root - INFO -     Endothelial: 308 cells (7.5%)
2026-02-18 16:59:25,612 - root - INFO -     Myeloid: 483 cells (11.8%)
2026-02-18 16:59:25,612 - root - INFO -     Normal Epithelial: 269 cells (6.6%)
2026-02-18 16:59:25,612 - root - INFO -     PVL: 291 cells (7.1%)
2026-02-18 16:59:25,612 - root - INFO -     Plasmablasts: 289 cells (7.1%)
2026-02-18 16:59:25,612 - root - INFO -     T-cells: 501 cells (12.2%)
2026-02-18 16:59:25,612 - root - INFO - 
=== EM Iteration 2/10 ===
2026-02-18 16:59:25,612 - root - INFO - Global IQP: 952 spots x 9 cell types = 8568 integer variables
2026-02-18 16:59:25,612 - root - INFO - Time limit: 600.0s, MIP gap: 5.0%
2026-02-18 16:59:25,612 - root - INFO - Constraint slack: ±1 cells
2026-02-18 16:59:25,612 - gurobipy - INFO - Set parameter TimeLimit to value 600
2026-02-18 16:59:25,612 - gurobipy - INFO - Set parameter MIPGap to value 0.05
2026-02-18 16:59:26,732 - root - INFO - Starting global IQP optimization...
2026-02-18 16:59:26,733 - gurobipy - INFO - Gurobi Optimizer version 11.0.2 build v11.0.2rc0 (linux64 - "Red Hat Enterprise Linux 9.6 (Plow)")
2026-02-18 16:59:26,733 - gurobipy - INFO - 
2026-02-18 16:59:26,733 - gurobipy - INFO - CPU model: AMD EPYC 9374F 32-Core Processor, instruction set [SSE2|AVX|AVX2|AVX512]
2026-02-18 16:59:26,733 - gurobipy - INFO - Thread count: 64 physical cores, 64 logical processors, using up to 32 threads
2026-02-18 16:59:26,733 - gurobipy - INFO - 
2026-02-18 16:59:26,733 - gurobipy - INFO - Optimize a model with 1862 rows, 8568 columns and 16758 nonzeros
2026-02-18 16:59:26,733 - gurobipy - INFO - Model fingerprint: 0x68047322
2026-02-18 16:59:26,733 - gurobipy - INFO - Model has 8568 quadratic objective terms
2026-02-18 16:59:26,733 - gurobipy - INFO - Variable types: 0 continuous, 8568 integer (0 binary)
2026-02-18 16:59:26,733 - gurobipy - INFO - Coefficient statistics:
2026-02-18 16:59:26,733 - gurobipy - INFO -   Matrix range     [1e+00, 1e+00]
2026-02-18 16:59:26,733 - gurobipy - INFO -   Objective range  [3e-08, 3e+00]
2026-02-18 16:59:26,733 - gurobipy - INFO -   QObjective range [5e-02, 2e+00]
2026-02-18 16:59:26,733 - gurobipy - INFO -   Bounds range     [1e+00, 2e+01]
2026-02-18 16:59:26,733 - gurobipy - INFO -   RHS range        [1e+00, 2e+01]
2026-02-18 16:59:26,733 - gurobipy - INFO - 
2026-02-18 16:59:26,734 - gurobipy - INFO - Loaded user MIP start with objective 800.47
2026-02-18 16:59:26,734 - gurobipy - INFO - 
2026-02-18 16:59:31,040 - gurobipy - INFO - Presolve removed 1860 rows and 8559 columns
2026-02-18 16:59:31,040 - gurobipy - INFO - Presolve time: 4.31s
2026-02-18 16:59:31,040 - gurobipy - INFO - Presolved: 2 rows, 9 columns, 18 nonzeros
2026-02-18 16:59:31,040 - gurobipy - INFO - Presolved model has 9 quadratic objective terms
2026-02-18 16:59:31,040 - gurobipy - INFO - Found heuristic solution: objective 427.2138005
2026-02-18 16:59:31,040 - gurobipy - INFO - Variable types: 0 continuous, 9 integer (0 binary)
2026-02-18 16:59:31,041 - gurobipy - INFO - 
2026-02-18 16:59:31,041 - gurobipy - INFO - Explored 0 nodes (0 simplex iterations) in 4.31 seconds (0.11 work units)
2026-02-18 16:59:31,041 - gurobipy - INFO - Thread count was 32 (of 64 available processors)
2026-02-18 16:59:31,041 - gurobipy - INFO - 
2026-02-18 16:59:31,041 - gurobipy - INFO - Solution count 2: 427.214 800.47 
2026-02-18 16:59:31,041 - gurobipy - INFO - 
2026-02-18 16:59:31,041 - gurobipy - INFO - Optimal solution found (tolerance 5.00e-02)
2026-02-18 16:59:31,041 - gurobipy - INFO - Best objective 4.272138005414e+02, best bound 4.237300295871e+02, gap 0.8155%
2026-02-18 16:59:31,054 - root - INFO - Global IQP solved: status=2, gap=0.82%, time=4.3s
2026-02-18 16:59:31,103 - root - INFO -   Loss: 413.3298 (change: 0.483641)
2026-02-18 16:59:31,104 - root - INFO -   Beta range: [0.100, 0.550]
2026-02-18 16:59:31,104 - root - INFO -   Max beta change: 0.130564
2026-02-18 16:59:31,104 - root - INFO -   Cell count range: [1, 18]
2026-02-18 16:59:31,104 - root - INFO -     B-cells: 395 cells (8.1%)
2026-02-18 16:59:31,104 - root - INFO -     CAFs: 783 cells (16.1%)
2026-02-18 16:59:31,104 - root - INFO -     Cancer Epithelial: 737 cells (15.2%)
2026-02-18 16:59:31,104 - root - INFO -     Endothelial: 495 cells (10.2%)
2026-02-18 16:59:31,104 - root - INFO -     Myeloid: 484 cells (10.0%)
2026-02-18 16:59:31,104 - root - INFO -     Normal Epithelial: 503 cells (10.4%)
2026-02-18 16:59:31,104 - root - INFO -     PVL: 486 cells (10.0%)
2026-02-18 16:59:31,104 - root - INFO -     Plasmablasts: 471 cells (9.7%)
2026-02-18 16:59:31,104 - root - INFO -     T-cells: 497 cells (10.2%)
2026-02-18 16:59:31,104 - root - INFO - 
=== EM Iteration 3/10 ===
2026-02-18 16:59:31,104 - root - INFO - Global IQP: 952 spots x 9 cell types = 8568 integer variables
2026-02-18 16:59:31,104 - root - INFO - Time limit: 600.0s, MIP gap: 5.0%
2026-02-18 16:59:31,104 - root - INFO - Constraint slack: ±1 cells
2026-02-18 16:59:31,104 - gurobipy - INFO - Set parameter TimeLimit to value 600
2026-02-18 16:59:31,104 - gurobipy - INFO - Set parameter MIPGap to value 0.05
2026-02-18 16:59:31,993 - root - INFO - Starting global IQP optimization...
2026-02-18 16:59:31,994 - gurobipy - INFO - Gurobi Optimizer version 11.0.2 build v11.0.2rc0 (linux64 - "Red Hat Enterprise Linux 9.6 (Plow)")
2026-02-18 16:59:31,994 - gurobipy - INFO - 
2026-02-18 16:59:31,994 - gurobipy - INFO - CPU model: AMD EPYC 9374F 32-Core Processor, instruction set [SSE2|AVX|AVX2|AVX512]
2026-02-18 16:59:31,994 - gurobipy - INFO - Thread count: 64 physical cores, 64 logical processors, using up to 32 threads
2026-02-18 16:59:31,994 - gurobipy - INFO - 
2026-02-18 16:59:31,994 - gurobipy - INFO - Optimize a model with 1862 rows, 8568 columns and 16758 nonzeros
2026-02-18 16:59:31,994 - gurobipy - INFO - Model fingerprint: 0x0bedf017
2026-02-18 16:59:31,994 - gurobipy - INFO - Model has 8568 quadratic objective terms
2026-02-18 16:59:31,994 - gurobipy - INFO - Variable types: 0 continuous, 8568 integer (0 binary)
2026-02-18 16:59:31,994 - gurobipy - INFO - Coefficient statistics:
2026-02-18 16:59:31,994 - gurobipy - INFO -   Matrix range     [1e+00, 1e+00]
2026-02-18 16:59:31,994 - gurobipy - INFO -   Objective range  [2e-08, 2e+00]
2026-02-18 16:59:31,994 - gurobipy - INFO -   QObjective range [4e-02, 1e+00]
2026-02-18 16:59:31,994 - gurobipy - INFO -   Bounds range     [1e+00, 2e+01]
2026-02-18 16:59:31,994 - gurobipy - INFO -   RHS range        [1e+00, 2e+01]
2026-02-18 16:59:31,994 - gurobipy - INFO - 
2026-02-18 16:59:31,994 - gurobipy - INFO - Loaded user MIP start with objective 413.33
2026-02-18 16:59:31,994 - gurobipy - INFO - 
2026-02-18 16:59:35,222 - gurobipy - INFO - Presolve removed 1860 rows and 8559 columns
2026-02-18 16:59:35,223 - gurobipy - INFO - Presolve time: 3.23s
2026-02-18 16:59:35,223 - gurobipy - INFO - Presolved: 2 rows, 9 columns, 18 nonzeros
2026-02-18 16:59:35,223 - gurobipy - INFO - Presolved model has 9 quadratic objective terms
2026-02-18 16:59:35,223 - gurobipy - INFO - Found heuristic solution: objective 370.5983763
2026-02-18 16:59:35,223 - gurobipy - INFO - Variable types: 0 continuous, 9 integer (0 binary)
2026-02-18 16:59:35,223 - gurobipy - INFO - 
2026-02-18 16:59:35,223 - gurobipy - INFO - Explored 0 nodes (0 simplex iterations) in 3.23 seconds (0.09 work units)
2026-02-18 16:59:35,223 - gurobipy - INFO - Thread count was 32 (of 64 available processors)
2026-02-18 16:59:35,223 - gurobipy - INFO - 
2026-02-18 16:59:35,223 - gurobipy - INFO - Solution count 2: 370.598 413.33 
2026-02-18 16:59:35,223 - gurobipy - INFO - 
2026-02-18 16:59:35,223 - gurobipy - INFO - Optimal solution found (tolerance 5.00e-02)
2026-02-18 16:59:35,223 - gurobipy - INFO - Best objective 3.705983762922e+02, best bound 3.670821788643e+02, gap 0.9488%
2026-02-18 16:59:35,237 - root - INFO - Global IQP solved: status=2, gap=0.95%, time=3.2s
2026-02-18 16:59:35,281 - root - INFO -   Loss: 403.2873 (change: 0.024297)
2026-02-18 16:59:35,281 - root - INFO -   Beta range: [0.100, 0.484]
2026-02-18 16:59:35,281 - root - INFO -   Max beta change: 0.169174
2026-02-18 16:59:35,281 - root - INFO -   Cell count range: [1, 18]
2026-02-18 16:59:35,281 - root - INFO -     B-cells: 390 cells (7.8%)
2026-02-18 16:59:35,281 - root - INFO -     CAFs: 852 cells (17.0%)
2026-02-18 16:59:35,281 - root - INFO -     Cancer Epithelial: 624 cells (12.4%)
2026-02-18 16:59:35,281 - root - INFO -     Endothelial: 522 cells (10.4%)
2026-02-18 16:59:35,281 - root - INFO -     Myeloid: 486 cells (9.7%)
2026-02-18 16:59:35,281 - root - INFO -     Normal Epithelial: 589 cells (11.7%)
2026-02-18 16:59:35,281 - root - INFO -     PVL: 550 cells (10.9%)
2026-02-18 16:59:35,281 - root - INFO -     Plasmablasts: 524 cells (10.4%)
2026-02-18 16:59:35,281 - root - INFO -     T-cells: 487 cells (9.7%)
2026-02-18 16:59:35,281 - root - INFO - 
=== EM Iteration 4/10 ===
2026-02-18 16:59:35,281 - root - INFO - Global IQP: 952 spots x 9 cell types = 8568 integer variables
2026-02-18 16:59:35,281 - root - INFO - Time limit: 600.0s, MIP gap: 5.0%
2026-02-18 16:59:35,281 - root - INFO - Constraint slack: ±1 cells
2026-02-18 16:59:35,281 - gurobipy - INFO - Set parameter TimeLimit to value 600
2026-02-18 16:59:35,282 - gurobipy - INFO - Set parameter MIPGap to value 0.05
2026-02-18 16:59:36,327 - root - INFO - Starting global IQP optimization...
2026-02-18 16:59:36,328 - gurobipy - INFO - Gurobi Optimizer version 11.0.2 build v11.0.2rc0 (linux64 - "Red Hat Enterprise Linux 9.6 (Plow)")
2026-02-18 16:59:36,328 - gurobipy - INFO - 
2026-02-18 16:59:36,328 - gurobipy - INFO - CPU model: AMD EPYC 9374F 32-Core Processor, instruction set [SSE2|AVX|AVX2|AVX512]
2026-02-18 16:59:36,328 - gurobipy - INFO - Thread count: 64 physical cores, 64 logical processors, using up to 32 threads
2026-02-18 16:59:36,328 - gurobipy - INFO - 
2026-02-18 16:59:36,328 - gurobipy - INFO - Optimize a model with 1862 rows, 8568 columns and 16758 nonzeros
2026-02-18 16:59:36,328 - gurobipy - INFO - Model fingerprint: 0x6fe5d48e
2026-02-18 16:59:36,328 - gurobipy - INFO - Model has 8568 quadratic objective terms
2026-02-18 16:59:36,328 - gurobipy - INFO - Variable types: 0 continuous, 8568 integer (0 binary)
2026-02-18 16:59:36,328 - gurobipy - INFO - Coefficient statistics:
2026-02-18 16:59:36,328 - gurobipy - INFO -   Matrix range     [1e+00, 1e+00]
2026-02-18 16:59:36,328 - gurobipy - INFO -   Objective range  [2e-08, 2e+00]
2026-02-18 16:59:36,328 - gurobipy - INFO -   QObjective range [4e-02, 9e-01]
2026-02-18 16:59:36,328 - gurobipy - INFO -   Bounds range     [1e+00, 2e+01]
2026-02-18 16:59:36,328 - gurobipy - INFO -   RHS range        [1e+00, 2e+01]
2026-02-18 16:59:36,328 - gurobipy - INFO - 
2026-02-18 16:59:36,329 - gurobipy - INFO - Loaded user MIP start with objective 403.287
2026-02-18 16:59:36,329 - gurobipy - INFO - 
2026-02-18 16:59:38,857 - gurobipy - INFO - Presolve removed 1860 rows and 8559 columns
2026-02-18 16:59:38,857 - gurobipy - INFO - Presolve time: 2.53s
2026-02-18 16:59:38,857 - gurobipy - INFO - Presolved: 2 rows, 9 columns, 18 nonzeros
2026-02-18 16:59:38,857 - gurobipy - INFO - Presolved model has 9 quadratic objective terms
2026-02-18 16:59:38,857 - gurobipy - INFO - Found heuristic solution: objective 364.3615678
2026-02-18 16:59:38,857 - gurobipy - INFO - Variable types: 0 continuous, 9 integer (0 binary)
2026-02-18 16:59:38,858 - gurobipy - INFO - 
2026-02-18 16:59:38,858 - gurobipy - INFO - Explored 0 nodes (0 simplex iterations) in 2.53 seconds (0.09 work units)
2026-02-18 16:59:38,858 - gurobipy - INFO - Thread count was 32 (of 64 available processors)
2026-02-18 16:59:38,858 - gurobipy - INFO - 
2026-02-18 16:59:38,858 - gurobipy - INFO - Solution count 2: 364.362 403.287 
2026-02-18 16:59:38,858 - gurobipy - INFO - 
2026-02-18 16:59:38,858 - gurobipy - INFO - Optimal solution found (tolerance 5.00e-02)
2026-02-18 16:59:38,858 - gurobipy - INFO - Best objective 3.643615678345e+02, best bound 3.609969974009e+02, gap 0.9234%
2026-02-18 16:59:38,871 - root - INFO - Global IQP solved: status=2, gap=0.92%, time=2.5s
2026-02-18 16:59:38,915 - root - INFO -   Loss: 382.2305 (change: 0.052213)
2026-02-18 16:59:38,915 - root - INFO -   Beta range: [0.100, 0.450]
2026-02-18 16:59:38,915 - root - INFO -   Max beta change: 0.037626
2026-02-18 16:59:38,915 - root - INFO -   Cell count range: [1, 18]
2026-02-18 16:59:38,915 - root - INFO -     B-cells: 398 cells (8.0%)
2026-02-18 16:59:38,915 - root - INFO -     CAFs: 895 cells (17.9%)
2026-02-18 16:59:38,915 - root - INFO -     Cancer Epithelial: 493 cells (9.9%)
2026-02-18 16:59:38,915 - root - INFO -     Endothelial: 528 cells (10.6%)
2026-02-18 16:59:38,915 - root - INFO -     Myeloid: 493 cells (9.9%)
2026-02-18 16:59:38,915 - root - INFO -     Normal Epithelial: 598 cells (12.0%)
2026-02-18 16:59:38,915 - root - INFO -     PVL: 559 cells (11.2%)
2026-02-18 16:59:38,915 - root - INFO -     Plasmablasts: 554 cells (11.1%)
2026-02-18 16:59:38,915 - root - INFO -     T-cells: 470 cells (9.4%)
2026-02-18 16:59:38,916 - root - INFO - 
=== EM Iteration 5/10 ===
2026-02-18 16:59:38,916 - root - INFO - Global IQP: 952 spots x 9 cell types = 8568 integer variables
2026-02-18 16:59:38,916 - root - INFO - Time limit: 600.0s, MIP gap: 5.0%
2026-02-18 16:59:38,916 - root - INFO - Constraint slack: ±1 cells
2026-02-18 16:59:38,916 - gurobipy - INFO - Set parameter TimeLimit to value 600
2026-02-18 16:59:38,916 - gurobipy - INFO - Set parameter MIPGap to value 0.05
2026-02-18 16:59:39,948 - root - INFO - Starting global IQP optimization...
2026-02-18 16:59:39,948 - gurobipy - INFO - Gurobi Optimizer version 11.0.2 build v11.0.2rc0 (linux64 - "Red Hat Enterprise Linux 9.6 (Plow)")
2026-02-18 16:59:39,949 - gurobipy - INFO - 
2026-02-18 16:59:39,949 - gurobipy - INFO - CPU model: AMD EPYC 9374F 32-Core Processor, instruction set [SSE2|AVX|AVX2|AVX512]
2026-02-18 16:59:39,949 - gurobipy - INFO - Thread count: 64 physical cores, 64 logical processors, using up to 32 threads
2026-02-18 16:59:39,949 - gurobipy - INFO - 
2026-02-18 16:59:39,949 - gurobipy - INFO - Optimize a model with 1862 rows, 8568 columns and 16758 nonzeros
2026-02-18 16:59:39,949 - gurobipy - INFO - Model fingerprint: 0xe47c9879
2026-02-18 16:59:39,949 - gurobipy - INFO - Model has 8568 quadratic objective terms
2026-02-18 16:59:39,949 - gurobipy - INFO - Variable types: 0 continuous, 8568 integer (0 binary)
2026-02-18 16:59:39,949 - gurobipy - INFO - Coefficient statistics:
2026-02-18 16:59:39,949 - gurobipy - INFO -   Matrix range     [1e+00, 1e+00]
2026-02-18 16:59:39,949 - gurobipy - INFO -   Objective range  [2e-08, 2e+00]
2026-02-18 16:59:39,949 - gurobipy - INFO -   QObjective range [4e-02, 8e-01]
2026-02-18 16:59:39,949 - gurobipy - INFO -   Bounds range     [1e+00, 2e+01]
2026-02-18 16:59:39,949 - gurobipy - INFO -   RHS range        [1e+00, 2e+01]
2026-02-18 16:59:39,949 - gurobipy - INFO - 
2026-02-18 16:59:39,949 - gurobipy - INFO - Loaded user MIP start with objective 382.23
2026-02-18 16:59:39,949 - gurobipy - INFO - 
2026-02-18 16:59:43,875 - gurobipy - INFO - Presolve removed 1860 rows and 8559 columns
2026-02-18 16:59:43,876 - gurobipy - INFO - Presolve time: 3.93s
2026-02-18 16:59:43,876 - gurobipy - INFO - Presolved: 2 rows, 9 columns, 18 nonzeros
2026-02-18 16:59:43,876 - gurobipy - INFO - Presolved model has 9 quadratic objective terms
2026-02-18 16:59:43,876 - gurobipy - INFO - Found heuristic solution: objective 364.4498511
2026-02-18 16:59:43,876 - gurobipy - INFO - Variable types: 0 continuous, 9 integer (0 binary)
2026-02-18 16:59:43,876 - gurobipy - INFO - 
2026-02-18 16:59:43,876 - gurobipy - INFO - Explored 0 nodes (0 simplex iterations) in 3.93 seconds (0.08 work units)
2026-02-18 16:59:43,876 - gurobipy - INFO - Thread count was 32 (of 64 available processors)
2026-02-18 16:59:43,876 - gurobipy - INFO - 
2026-02-18 16:59:43,876 - gurobipy - INFO - Solution count 2: 364.45 382.23 
2026-02-18 16:59:43,876 - gurobipy - INFO - 
2026-02-18 16:59:43,876 - gurobipy - INFO - Optimal solution found (tolerance 5.00e-02)
2026-02-18 16:59:43,876 - gurobipy - INFO - Best objective 3.644498510847e+02, best bound 3.609874378800e+02, gap 0.9500%
2026-02-18 16:59:43,891 - root - INFO - Global IQP solved: status=2, gap=0.95%, time=3.9s
2026-02-18 16:59:43,935 - root - INFO -   Loss: 374.1493 (change: 0.021142)
2026-02-18 16:59:43,935 - root - INFO -   Beta range: [0.100, 0.433]
2026-02-18 16:59:43,935 - root - INFO -   Max beta change: 0.050567
2026-02-18 16:59:43,935 - root - INFO -   Cell count range: [1, 18]
2026-02-18 16:59:43,935 - root - INFO -     B-cells: 401 cells (8.0%)
2026-02-18 16:59:43,935 - root - INFO -     CAFs: 896 cells (18.0%)
2026-02-18 16:59:43,935 - root - INFO -     Cancer Epithelial: 448 cells (9.0%)
2026-02-18 16:59:43,935 - root - INFO -     Endothelial: 531 cells (10.6%)
2026-02-18 16:59:43,935 - root - INFO -     Myeloid: 503 cells (10.1%)
2026-02-18 16:59:43,935 - root - INFO -     Normal Epithelial: 584 cells (11.7%)
2026-02-18 16:59:43,935 - root - INFO -     PVL: 575 cells (11.5%)
2026-02-18 16:59:43,935 - root - INFO -     Plasmablasts: 584 cells (11.7%)
2026-02-18 16:59:43,935 - root - INFO -     T-cells: 466 cells (9.3%)
2026-02-18 16:59:43,935 - root - INFO - 
=== EM Iteration 6/10 ===
2026-02-18 16:59:43,935 - root - INFO - Global IQP: 952 spots x 9 cell types = 8568 integer variables
2026-02-18 16:59:43,935 - root - INFO - Time limit: 600.0s, MIP gap: 5.0%
2026-02-18 16:59:43,935 - root - INFO - Constraint slack: ±1 cells
2026-02-18 16:59:43,935 - gurobipy - INFO - Set parameter TimeLimit to value 600
2026-02-18 16:59:43,935 - gurobipy - INFO - Set parameter MIPGap to value 0.05
2026-02-18 16:59:44,975 - root - INFO - Starting global IQP optimization...
2026-02-18 16:59:44,976 - gurobipy - INFO - Gurobi Optimizer version 11.0.2 build v11.0.2rc0 (linux64 - "Red Hat Enterprise Linux 9.6 (Plow)")
2026-02-18 16:59:44,976 - gurobipy - INFO - 
2026-02-18 16:59:44,976 - gurobipy - INFO - CPU model: AMD EPYC 9374F 32-Core Processor, instruction set [SSE2|AVX|AVX2|AVX512]
2026-02-18 16:59:44,976 - gurobipy - INFO - Thread count: 64 physical cores, 64 logical processors, using up to 32 threads
2026-02-18 16:59:44,976 - gurobipy - INFO - 
2026-02-18 16:59:44,976 - gurobipy - INFO - Optimize a model with 1862 rows, 8568 columns and 16758 nonzeros
2026-02-18 16:59:44,976 - gurobipy - INFO - Model fingerprint: 0xd225b101
2026-02-18 16:59:44,976 - gurobipy - INFO - Model has 8568 quadratic objective terms
2026-02-18 16:59:44,976 - gurobipy - INFO - Variable types: 0 continuous, 8568 integer (0 binary)
2026-02-18 16:59:44,976 - gurobipy - INFO - Coefficient statistics:
2026-02-18 16:59:44,976 - gurobipy - INFO -   Matrix range     [1e+00, 1e+00]
2026-02-18 16:59:44,976 - gurobipy - INFO -   Objective range  [2e-08, 1e+00]
2026-02-18 16:59:44,976 - gurobipy - INFO -   QObjective range [4e-02, 7e-01]
2026-02-18 16:59:44,976 - gurobipy - INFO -   Bounds range     [1e+00, 2e+01]
2026-02-18 16:59:44,976 - gurobipy - INFO -   RHS range        [1e+00, 2e+01]
2026-02-18 16:59:44,976 - gurobipy - INFO - 
2026-02-18 16:59:44,977 - gurobipy - INFO - Loaded user MIP start with objective 374.149
2026-02-18 16:59:44,977 - gurobipy - INFO - 
2026-02-18 16:59:48,131 - gurobipy - INFO - Presolve removed 1860 rows and 8559 columns
2026-02-18 16:59:48,131 - gurobipy - INFO - Presolve time: 3.15s
2026-02-18 16:59:48,132 - gurobipy - INFO - Presolved: 2 rows, 9 columns, 18 nonzeros
2026-02-18 16:59:48,132 - gurobipy - INFO - Presolved model has 9 quadratic objective terms
2026-02-18 16:59:48,132 - gurobipy - INFO - Found heuristic solution: objective 360.4471018
2026-02-18 16:59:48,132 - gurobipy - INFO - Variable types: 0 continuous, 9 integer (0 binary)
2026-02-18 16:59:48,132 - gurobipy - INFO - 
2026-02-18 16:59:48,132 - gurobipy - INFO - Explored 0 nodes (0 simplex iterations) in 3.16 seconds (0.08 work units)
2026-02-18 16:59:48,132 - gurobipy - INFO - Thread count was 32 (of 64 available processors)
2026-02-18 16:59:48,132 - gurobipy - INFO - 
2026-02-18 16:59:48,132 - gurobipy - INFO - Solution count 2: 360.447 374.149 
2026-02-18 16:59:48,132 - gurobipy - INFO - 
2026-02-18 16:59:48,132 - gurobipy - INFO - Optimal solution found (tolerance 5.00e-02)
2026-02-18 16:59:48,132 - gurobipy - INFO - Best objective 3.604471017652e+02, best bound 3.568427615402e+02, gap 1.0000%
2026-02-18 16:59:48,145 - root - INFO - Global IQP solved: status=2, gap=1.00%, time=3.2s
2026-02-18 16:59:48,190 - root - INFO -   Loss: 373.9645 (change: 0.000494)
2026-02-18 16:59:48,190 - root - INFO -   Beta range: [0.100, 0.434]
2026-02-18 16:59:48,190 - root - INFO -   Max beta change: 0.028079
2026-02-18 16:59:48,190 - root - INFO -   Cell count range: [1, 18]
2026-02-18 16:59:48,190 - root - INFO -     B-cells: 403 cells (8.1%)
2026-02-18 16:59:48,190 - root - INFO -     CAFs: 864 cells (17.3%)
2026-02-18 16:59:48,190 - root - INFO -     Cancer Epithelial: 444 cells (8.9%)
2026-02-18 16:59:48,190 - root - INFO -     Endothelial: 536 cells (10.8%)
2026-02-18 16:59:48,190 - root - INFO -     Myeloid: 508 cells (10.2%)
2026-02-18 16:59:48,190 - root - INFO -     Normal Epithelial: 594 cells (11.9%)
2026-02-18 16:59:48,190 - root - INFO -     PVL: 580 cells (11.6%)
2026-02-18 16:59:48,190 - root - INFO -     Plasmablasts: 593 cells (11.9%)
2026-02-18 16:59:48,190 - root - INFO -     T-cells: 464 cells (9.3%)
2026-02-18 16:59:48,190 - root - INFO - 
=== EM Iteration 7/10 ===
2026-02-18 16:59:48,190 - root - INFO - Global IQP: 952 spots x 9 cell types = 8568 integer variables
2026-02-18 16:59:48,190 - root - INFO - Time limit: 600.0s, MIP gap: 5.0%
2026-02-18 16:59:48,190 - root - INFO - Constraint slack: ±1 cells
2026-02-18 16:59:48,191 - gurobipy - INFO - Set parameter TimeLimit to value 600
2026-02-18 16:59:48,191 - gurobipy - INFO - Set parameter MIPGap to value 0.05
2026-02-18 16:59:49,232 - root - INFO - Starting global IQP optimization...
2026-02-18 16:59:49,233 - gurobipy - INFO - Gurobi Optimizer version 11.0.2 build v11.0.2rc0 (linux64 - "Red Hat Enterprise Linux 9.6 (Plow)")
2026-02-18 16:59:49,233 - gurobipy - INFO - 
2026-02-18 16:59:49,233 - gurobipy - INFO - CPU model: AMD EPYC 9374F 32-Core Processor, instruction set [SSE2|AVX|AVX2|AVX512]
2026-02-18 16:59:49,233 - gurobipy - INFO - Thread count: 64 physical cores, 64 logical processors, using up to 32 threads
2026-02-18 16:59:49,233 - gurobipy - INFO - 
2026-02-18 16:59:49,233 - gurobipy - INFO - Optimize a model with 1862 rows, 8568 columns and 16758 nonzeros
2026-02-18 16:59:49,233 - gurobipy - INFO - Model fingerprint: 0x53df6f75
2026-02-18 16:59:49,233 - gurobipy - INFO - Model has 8568 quadratic objective terms
2026-02-18 16:59:49,233 - gurobipy - INFO - Variable types: 0 continuous, 8568 integer (0 binary)
2026-02-18 16:59:49,233 - gurobipy - INFO - Coefficient statistics:
2026-02-18 16:59:49,233 - gurobipy - INFO -   Matrix range     [1e+00, 1e+00]
2026-02-18 16:59:49,233 - gurobipy - INFO -   Objective range  [2e-08, 1e+00]
2026-02-18 16:59:49,233 - gurobipy - INFO -   QObjective range [4e-02, 7e-01]
2026-02-18 16:59:49,233 - gurobipy - INFO -   Bounds range     [1e+00, 2e+01]
2026-02-18 16:59:49,233 - gurobipy - INFO -   RHS range        [1e+00, 2e+01]
2026-02-18 16:59:49,233 - gurobipy - INFO - 
2026-02-18 16:59:49,234 - gurobipy - INFO - Loaded user MIP start with objective 373.965
2026-02-18 16:59:49,234 - gurobipy - INFO - 
2026-02-18 16:59:52,039 - gurobipy - INFO - Presolve removed 1860 rows and 8559 columns
2026-02-18 16:59:52,039 - gurobipy - INFO - Presolve time: 2.81s
2026-02-18 16:59:52,039 - gurobipy - INFO - Presolved: 2 rows, 9 columns, 18 nonzeros
2026-02-18 16:59:52,039 - gurobipy - INFO - Presolved model has 9 quadratic objective terms
2026-02-18 16:59:52,040 - gurobipy - INFO - Found heuristic solution: objective 361.7616875
2026-02-18 16:59:52,040 - gurobipy - INFO - Variable types: 0 continuous, 9 integer (0 binary)
2026-02-18 16:59:52,040 - gurobipy - INFO - 
2026-02-18 16:59:52,040 - gurobipy - INFO - Explored 0 nodes (0 simplex iterations) in 2.81 seconds (0.08 work units)
2026-02-18 16:59:52,040 - gurobipy - INFO - Thread count was 32 (of 64 available processors)
2026-02-18 16:59:52,040 - gurobipy - INFO - 
2026-02-18 16:59:52,040 - gurobipy - INFO - Solution count 2: 361.762 373.965 
2026-02-18 16:59:52,040 - gurobipy - INFO - 
2026-02-18 16:59:52,040 - gurobipy - INFO - Optimal solution found (tolerance 5.00e-02)
2026-02-18 16:59:52,040 - gurobipy - INFO - Best objective 3.617616874534e+02, best bound 3.581118582037e+02, gap 1.0089%
2026-02-18 16:59:52,054 - root - INFO - Global IQP solved: status=2, gap=1.01%, time=2.8s
2026-02-18 16:59:52,099 - root - INFO -   Loss: 383.0763 (change: 0.024365)
2026-02-18 16:59:52,099 - root - INFO -   Beta range: [0.100, 0.434]
2026-02-18 16:59:52,099 - root - INFO -   Max beta change: 0.045241
2026-02-18 16:59:52,099 - root - INFO -   Cell count range: [1, 18]
2026-02-18 16:59:52,099 - root - INFO -     B-cells: 405 cells (8.1%)
2026-02-18 16:59:52,099 - root - INFO -     CAFs: 830 cells (16.6%)
2026-02-18 16:59:52,099 - root - INFO -     Cancer Epithelial: 444 cells (8.9%)
2026-02-18 16:59:52,099 - root - INFO -     Endothelial: 565 cells (11.3%)
2026-02-18 16:59:52,099 - root - INFO -     Myeloid: 510 cells (10.2%)
2026-02-18 16:59:52,099 - root - INFO -     Normal Epithelial: 596 cells (11.9%)
2026-02-18 16:59:52,099 - root - INFO -     PVL: 586 cells (11.7%)
2026-02-18 16:59:52,099 - root - INFO -     Plasmablasts: 595 cells (11.9%)
2026-02-18 16:59:52,099 - root - INFO -     T-cells: 463 cells (9.3%)
2026-02-18 16:59:52,099 - root - WARNING - Loss increased from 373.9645 to 383.0763
2026-02-18 16:59:52,099 - root - INFO - 
=== EM Iteration 8/10 ===
2026-02-18 16:59:52,099 - root - INFO - Global IQP: 952 spots x 9 cell types = 8568 integer variables
2026-02-18 16:59:52,099 - root - INFO - Time limit: 600.0s, MIP gap: 5.0%
2026-02-18 16:59:52,099 - root - INFO - Constraint slack: ±1 cells
2026-02-18 16:59:52,099 - gurobipy - INFO - Set parameter TimeLimit to value 600
2026-02-18 16:59:52,099 - gurobipy - INFO - Set parameter MIPGap to value 0.05
2026-02-18 16:59:53,145 - root - INFO - Starting global IQP optimization...
2026-02-18 16:59:53,146 - gurobipy - INFO - Gurobi Optimizer version 11.0.2 build v11.0.2rc0 (linux64 - "Red Hat Enterprise Linux 9.6 (Plow)")
2026-02-18 16:59:53,146 - gurobipy - INFO - 
2026-02-18 16:59:53,146 - gurobipy - INFO - CPU model: AMD EPYC 9374F 32-Core Processor, instruction set [SSE2|AVX|AVX2|AVX512]
2026-02-18 16:59:53,146 - gurobipy - INFO - Thread count: 64 physical cores, 64 logical processors, using up to 32 threads
2026-02-18 16:59:53,146 - gurobipy - INFO - 
2026-02-18 16:59:53,146 - gurobipy - INFO - Optimize a model with 1862 rows, 8568 columns and 16758 nonzeros
2026-02-18 16:59:53,146 - gurobipy - INFO - Model fingerprint: 0xf9fd28f6
2026-02-18 16:59:53,146 - gurobipy - INFO - Model has 8568 quadratic objective terms
2026-02-18 16:59:53,146 - gurobipy - INFO - Variable types: 0 continuous, 8568 integer (0 binary)
2026-02-18 16:59:53,146 - gurobipy - INFO - Coefficient statistics:
2026-02-18 16:59:53,146 - gurobipy - INFO -   Matrix range     [1e+00, 1e+00]
2026-02-18 16:59:53,146 - gurobipy - INFO -   Objective range  [2e-08, 1e+00]
2026-02-18 16:59:53,146 - gurobipy - INFO -   QObjective range [4e-02, 7e-01]
2026-02-18 16:59:53,146 - gurobipy - INFO -   Bounds range     [1e+00, 2e+01]
2026-02-18 16:59:53,146 - gurobipy - INFO -   RHS range        [1e+00, 2e+01]
2026-02-18 16:59:53,146 - gurobipy - INFO - 
2026-02-18 16:59:53,146 - gurobipy - INFO - Loaded user MIP start with objective 383.076
2026-02-18 16:59:53,146 - gurobipy - INFO - 
2026-02-18 16:59:56,735 - gurobipy - INFO - Presolve removed 1860 rows and 8559 columns
2026-02-18 16:59:56,735 - gurobipy - INFO - Presolve time: 3.59s
2026-02-18 16:59:56,735 - gurobipy - INFO - Presolved: 2 rows, 9 columns, 18 nonzeros
2026-02-18 16:59:56,735 - gurobipy - INFO - Presolved model has 9 quadratic objective terms
2026-02-18 16:59:56,736 - gurobipy - INFO - Found heuristic solution: objective 369.9727615
2026-02-18 16:59:56,736 - gurobipy - INFO - Variable types: 0 continuous, 9 integer (0 binary)
2026-02-18 16:59:56,736 - gurobipy - INFO - 
2026-02-18 16:59:56,736 - gurobipy - INFO - Explored 0 nodes (0 simplex iterations) in 3.59 seconds (0.08 work units)
2026-02-18 16:59:56,736 - gurobipy - INFO - Thread count was 32 (of 64 available processors)
2026-02-18 16:59:56,736 - gurobipy - INFO - 
2026-02-18 16:59:56,736 - gurobipy - INFO - Solution count 2: 369.973 383.076 
2026-02-18 16:59:56,736 - gurobipy - INFO - 
2026-02-18 16:59:56,736 - gurobipy - INFO - Optimal solution found (tolerance 5.00e-02)
2026-02-18 16:59:56,736 - gurobipy - INFO - Best objective 3.699727615046e+02, best bound 3.662916637652e+02, gap 0.9950%
2026-02-18 16:59:56,750 - root - INFO - Global IQP solved: status=2, gap=0.99%, time=3.6s
2026-02-18 16:59:56,794 - root - INFO -   Loss: 405.3313 (change: 0.058096)
2026-02-18 16:59:56,794 - root - INFO -   Beta range: [0.100, 0.433]
2026-02-18 16:59:56,794 - root - INFO -   Max beta change: 0.050115
2026-02-18 16:59:56,794 - root - INFO -   Cell count range: [1, 18]
2026-02-18 16:59:56,794 - root - INFO -     B-cells: 409 cells (8.2%)
2026-02-18 16:59:56,794 - root - INFO -     CAFs: 775 cells (15.6%)
2026-02-18 16:59:56,794 - root - INFO -     Cancer Epithelial: 444 cells (8.9%)
2026-02-18 16:59:56,794 - root - INFO -     Endothelial: 574 cells (11.5%)
2026-02-18 16:59:56,794 - root - INFO -     Myeloid: 516 cells (10.4%)
2026-02-18 16:59:56,794 - root - INFO -     Normal Epithelial: 604 cells (12.1%)
2026-02-18 16:59:56,794 - root - INFO -     PVL: 587 cells (11.8%)
2026-02-18 16:59:56,794 - root - INFO -     Plasmablasts: 603 cells (12.1%)
2026-02-18 16:59:56,794 - root - INFO -     T-cells: 465 cells (9.3%)
2026-02-18 16:59:56,794 - root - WARNING - Loss increased from 383.0763 to 405.3313
2026-02-18 16:59:56,794 - root - INFO - 
=== EM Iteration 9/10 ===
2026-02-18 16:59:56,794 - root - INFO - Global IQP: 952 spots x 9 cell types = 8568 integer variables
2026-02-18 16:59:56,794 - root - INFO - Time limit: 600.0s, MIP gap: 5.0%
2026-02-18 16:59:56,794 - root - INFO - Constraint slack: ±1 cells
2026-02-18 16:59:56,794 - gurobipy - INFO - Set parameter TimeLimit to value 600
2026-02-18 16:59:56,794 - gurobipy - INFO - Set parameter MIPGap to value 0.05
2026-02-18 16:59:57,842 - root - INFO - Starting global IQP optimization...
2026-02-18 16:59:57,843 - gurobipy - INFO - Gurobi Optimizer version 11.0.2 build v11.0.2rc0 (linux64 - "Red Hat Enterprise Linux 9.6 (Plow)")
2026-02-18 16:59:57,843 - gurobipy - INFO - 
2026-02-18 16:59:57,843 - gurobipy - INFO - CPU model: AMD EPYC 9374F 32-Core Processor, instruction set [SSE2|AVX|AVX2|AVX512]
2026-02-18 16:59:57,843 - gurobipy - INFO - Thread count: 64 physical cores, 64 logical processors, using up to 32 threads
2026-02-18 16:59:57,843 - gurobipy - INFO - 
2026-02-18 16:59:57,843 - gurobipy - INFO - Optimize a model with 1862 rows, 8568 columns and 16758 nonzeros
2026-02-18 16:59:57,843 - gurobipy - INFO - Model fingerprint: 0xca0b8981
2026-02-18 16:59:57,843 - gurobipy - INFO - Model has 8568 quadratic objective terms
2026-02-18 16:59:57,843 - gurobipy - INFO - Variable types: 0 continuous, 8568 integer (0 binary)
2026-02-18 16:59:57,843 - gurobipy - INFO - Coefficient statistics:
2026-02-18 16:59:57,843 - gurobipy - INFO -   Matrix range     [1e+00, 1e+00]
2026-02-18 16:59:57,843 - gurobipy - INFO -   Objective range  [2e-08, 1e+00]
2026-02-18 16:59:57,843 - gurobipy - INFO -   QObjective range [4e-02, 7e-01]
2026-02-18 16:59:57,843 - gurobipy - INFO -   Bounds range     [1e+00, 2e+01]
2026-02-18 16:59:57,843 - gurobipy - INFO -   RHS range        [1e+00, 2e+01]
2026-02-18 16:59:57,843 - gurobipy - INFO - 
2026-02-18 16:59:57,843 - gurobipy - INFO - Loaded user MIP start with objective 405.331
2026-02-18 16:59:57,843 - gurobipy - INFO - 
2026-02-18 17:00:00,685 - gurobipy - INFO - Presolve removed 1860 rows and 8559 columns
2026-02-18 17:00:00,686 - gurobipy - INFO - Presolve time: 2.84s
2026-02-18 17:00:00,686 - gurobipy - INFO - Presolved: 2 rows, 9 columns, 18 nonzeros
2026-02-18 17:00:00,686 - gurobipy - INFO - Presolved model has 9 quadratic objective terms
2026-02-18 17:00:00,686 - gurobipy - INFO - Found heuristic solution: objective 391.6318157
2026-02-18 17:00:00,686 - gurobipy - INFO - Variable types: 0 continuous, 9 integer (0 binary)
2026-02-18 17:00:00,686 - gurobipy - INFO - 
2026-02-18 17:00:00,686 - gurobipy - INFO - Explored 0 nodes (0 simplex iterations) in 2.84 seconds (0.08 work units)
2026-02-18 17:00:00,686 - gurobipy - INFO - Thread count was 32 (of 64 available processors)
2026-02-18 17:00:00,686 - gurobipy - INFO - 
2026-02-18 17:00:00,686 - gurobipy - INFO - Solution count 2: 391.632 405.331 
2026-02-18 17:00:00,686 - gurobipy - INFO - 
2026-02-18 17:00:00,686 - gurobipy - INFO - Optimal solution found (tolerance 5.00e-02)
2026-02-18 17:00:00,686 - gurobipy - INFO - Best objective 3.916318156754e+02, best bound 3.879294006824e+02, gap 0.9454%
2026-02-18 17:00:00,699 - root - INFO - Global IQP solved: status=2, gap=0.95%, time=2.8s
2026-02-18 17:00:00,745 - root - INFO -   Loss: 442.9804 (change: 0.092885)
2026-02-18 17:00:00,745 - root - INFO -   Beta range: [0.100, 0.434]
2026-02-18 17:00:00,745 - root - INFO -   Max beta change: 0.050013
2026-02-18 17:00:00,745 - root - INFO -   Cell count range: [1, 18]
2026-02-18 17:00:00,745 - root - INFO -     B-cells: 419 cells (8.5%)
2026-02-18 17:00:00,745 - root - INFO -     CAFs: 690 cells (13.9%)
2026-02-18 17:00:00,745 - root - INFO -     Cancer Epithelial: 445 cells (9.0%)
2026-02-18 17:00:00,745 - root - INFO -     Endothelial: 587 cells (11.8%)
2026-02-18 17:00:00,745 - root - INFO -     Myeloid: 528 cells (10.7%)
2026-02-18 17:00:00,745 - root - INFO -     Normal Epithelial: 615 cells (12.4%)
2026-02-18 17:00:00,745 - root - INFO -     PVL: 594 cells (12.0%)
2026-02-18 17:00:00,745 - root - INFO -     Plasmablasts: 612 cells (12.3%)
2026-02-18 17:00:00,745 - root - INFO -     T-cells: 467 cells (9.4%)
2026-02-18 17:00:00,745 - root - WARNING - Loss increased from 405.3313 to 442.9804
2026-02-18 17:00:00,745 - root - INFO - 
=== EM Iteration 10/10 ===
2026-02-18 17:00:00,745 - root - INFO - Global IQP: 952 spots x 9 cell types = 8568 integer variables
2026-02-18 17:00:00,745 - root - INFO - Time limit: 600.0s, MIP gap: 5.0%
2026-02-18 17:00:00,745 - root - INFO - Constraint slack: ±1 cells
2026-02-18 17:00:00,746 - gurobipy - INFO - Set parameter TimeLimit to value 600
2026-02-18 17:00:00,746 - gurobipy - INFO - Set parameter MIPGap to value 0.05
2026-02-18 17:00:01,816 - root - INFO - Starting global IQP optimization...
2026-02-18 17:00:01,816 - gurobipy - INFO - Gurobi Optimizer version 11.0.2 build v11.0.2rc0 (linux64 - "Red Hat Enterprise Linux 9.6 (Plow)")
2026-02-18 17:00:01,816 - gurobipy - INFO - 
2026-02-18 17:00:01,816 - gurobipy - INFO - CPU model: AMD EPYC 9374F 32-Core Processor, instruction set [SSE2|AVX|AVX2|AVX512]
2026-02-18 17:00:01,816 - gurobipy - INFO - Thread count: 64 physical cores, 64 logical processors, using up to 32 threads
2026-02-18 17:00:01,816 - gurobipy - INFO - 
2026-02-18 17:00:01,816 - gurobipy - INFO - Optimize a model with 1862 rows, 8568 columns and 16758 nonzeros
2026-02-18 17:00:01,816 - gurobipy - INFO - Model fingerprint: 0x45386d78
2026-02-18 17:00:01,817 - gurobipy - INFO - Model has 8568 quadratic objective terms
2026-02-18 17:00:01,817 - gurobipy - INFO - Variable types: 0 continuous, 8568 integer (0 binary)
2026-02-18 17:00:01,817 - gurobipy - INFO - Coefficient statistics:
2026-02-18 17:00:01,817 - gurobipy - INFO -   Matrix range     [1e+00, 1e+00]
2026-02-18 17:00:01,817 - gurobipy - INFO -   Objective range  [2e-08, 1e+00]
2026-02-18 17:00:01,817 - gurobipy - INFO -   QObjective range [4e-02, 7e-01]
2026-02-18 17:00:01,817 - gurobipy - INFO -   Bounds range     [1e+00, 2e+01]
2026-02-18 17:00:01,817 - gurobipy - INFO -   RHS range        [1e+00, 2e+01]
2026-02-18 17:00:01,817 - gurobipy - INFO - 
2026-02-18 17:00:01,817 - gurobipy - INFO - Loaded user MIP start with objective 442.98
2026-02-18 17:00:01,817 - gurobipy - INFO - 
2026-02-18 17:00:04,741 - gurobipy - INFO - Presolve removed 1860 rows and 8559 columns
2026-02-18 17:00:04,741 - gurobipy - INFO - Presolve time: 2.92s
2026-02-18 17:00:04,741 - gurobipy - INFO - Presolved: 2 rows, 9 columns, 18 nonzeros
2026-02-18 17:00:04,741 - gurobipy - INFO - Presolved model has 9 quadratic objective terms
2026-02-18 17:00:04,742 - gurobipy - INFO - Found heuristic solution: objective 431.0085756
2026-02-18 17:00:04,742 - gurobipy - INFO - Variable types: 0 continuous, 9 integer (0 binary)
2026-02-18 17:00:04,743 - gurobipy - INFO - 
2026-02-18 17:00:04,743 - gurobipy - INFO - Explored 0 nodes (0 simplex iterations) in 2.93 seconds (0.08 work units)
2026-02-18 17:00:04,743 - gurobipy - INFO - Thread count was 32 (of 64 available processors)
2026-02-18 17:00:04,743 - gurobipy - INFO - 
2026-02-18 17:00:04,743 - gurobipy - INFO - Solution count 2: 431.009 442.98 
2026-02-18 17:00:04,743 - gurobipy - INFO - 
2026-02-18 17:00:04,743 - gurobipy - INFO - Optimal solution found (tolerance 5.00e-02)
2026-02-18 17:00:04,743 - gurobipy - INFO - Best objective 4.310085756046e+02, best bound 4.273149837406e+02, gap 0.8570%
2026-02-18 17:00:04,759 - root - INFO - Global IQP solved: status=2, gap=0.86%, time=2.9s
2026-02-18 17:00:04,806 - root - INFO -   Loss: 467.4641 (change: 0.055270)
2026-02-18 17:00:04,806 - root - INFO -   Beta range: [0.100, 0.434]
2026-02-18 17:00:04,806 - root - INFO -   Max beta change: 0.021668
2026-02-18 17:00:04,806 - root - INFO -   Cell count range: [1, 18]
2026-02-18 17:00:04,806 - root - INFO -     B-cells: 427 cells (8.6%)
2026-02-18 17:00:04,806 - root - INFO -     CAFs: 611 cells (12.4%)
2026-02-18 17:00:04,806 - root - INFO -     Cancer Epithelial: 445 cells (9.0%)
2026-02-18 17:00:04,806 - root - INFO -     Endothelial: 593 cells (12.0%)
2026-02-18 17:00:04,806 - root - INFO -     Myeloid: 544 cells (11.0%)
2026-02-18 17:00:04,806 - root - INFO -     Normal Epithelial: 624 cells (12.6%)
2026-02-18 17:00:04,806 - root - INFO -     PVL: 602 cells (12.2%)
2026-02-18 17:00:04,806 - root - INFO -     Plasmablasts: 619 cells (12.5%)
2026-02-18 17:00:04,806 - root - INFO -     T-cells: 475 cells (9.6%)
2026-02-18 17:00:04,806 - root - WARNING - Loss increased from 442.9804 to 467.4641
2026-02-18 17:00:04,806 - root - INFO - 
Final beta values:
2026-02-18 17:00:04,806 - root - INFO -   B-cells_Protein_1: β=0.232, α=0.000
2026-02-18 17:00:04,806 - root - INFO -   B-cells_Protein_2: β=0.220, α=0.000
2026-02-18 17:00:04,806 - root - INFO -   CAFs_Protein_1: β=0.207, α=0.500
2026-02-18 17:00:04,806 - root - INFO -   CAFs_Protein_2: β=0.211, α=0.500
2026-02-18 17:00:04,806 - root - INFO -   Cancer Epithelial_Protein_1: β=0.434, α=0.500
2026-02-18 17:00:04,806 - root - INFO -   Cancer Epithelial_Protein_2: β=0.429, α=0.500
2026-02-18 17:00:04,806 - root - INFO -   Endothelial_Protein_1: β=0.100, α=0.000
2026-02-18 17:00:04,806 - root - INFO -   Endothelial_Protein_2: β=0.114, α=0.000
2026-02-18 17:00:04,806 - root - INFO -   Myeloid_Protein_1: β=0.269, α=0.001
2026-02-18 17:00:04,806 - root - INFO -   Myeloid_Protein_2: β=0.274, α=0.000
2026-02-18 17:00:04,806 - root - INFO -   Normal Epithelial_Protein_1: β=0.100, α=0.000
2026-02-18 17:00:04,806 - root - INFO -   Normal Epithelial_Protein_2: β=0.100, α=0.000
2026-02-18 17:00:04,806 - root - INFO -   PVL_Protein_1: β=0.100, α=0.000
2026-02-18 17:00:04,806 - root - INFO -   PVL_Protein_2: β=0.100, α=0.000
2026-02-18 17:00:04,806 - root - INFO -   Plasmablasts_Protein_1: β=0.100, α=0.000
2026-02-18 17:00:04,806 - root - INFO -   Plasmablasts_Protein_2: β=0.100, α=0.000
2026-02-18 17:00:04,806 - root - INFO -   T-cells_Protein_1: β=0.326, α=0.005
2026-02-18 17:00:04,806 - root - INFO -   T-cells_Protein_2: β=0.319, α=0.014
2026-02-18 17:00:04,812 - root - INFO - Saved discrete cell counts to Benchmarking/simulation_benchmarking/CITEgeist/output_discrete_slack_only/mixed/dapi/mixed/dapi/Wu_rep_1/Wu_rep_1_discrete_cell_counts.csv
2026-02-18 17:00:04,834 - root - INFO - Saved derived proportions to Benchmarking/simulation_benchmarking/CITEgeist/output_discrete_slack_only/mixed/dapi/mixed/dapi/Wu_rep_1/Wu_rep_1_cell_prop_discrete.csv
2026-02-18 17:00:04,834 - root - INFO - Cell type distribution:
2026-02-18 17:00:04,834 - root - INFO -   B-cells: 427 cells (8.6%)
2026-02-18 17:00:04,834 - root - INFO -   CAFs: 611 cells (12.4%)
2026-02-18 17:00:04,834 - root - INFO -   Cancer Epithelial: 445 cells (9.0%)
2026-02-18 17:00:04,834 - root - INFO -   Endothelial: 593 cells (12.0%)
2026-02-18 17:00:04,834 - root - INFO -   Myeloid: 544 cells (11.0%)
2026-02-18 17:00:04,834 - root - INFO -   Normal Epithelial: 624 cells (12.6%)
2026-02-18 17:00:04,834 - root - INFO -   PVL: 602 cells (12.2%)
2026-02-18 17:00:04,834 - root - INFO -   Plasmablasts: 619 cells (12.5%)
2026-02-18 17:00:04,834 - root - INFO -   T-cells: 475 cells (9.6%)
2026-02-18 17:00:04,852 - __main__ - INFO - Loaded ground truth proportions: 952 spots, 9 cell types
2026-02-18 17:00:04,853 - __main__ - INFO - Proportion correlation: 0.402
2026-02-18 17:00:04,853 - __main__ - INFO - Proportion RMSE: 0.2054
2026-02-18 17:00:04,853 - __main__ - INFO - Running GEX deconvolution...
2026-02-18 17:00:04,853 - CITEgeist.model.utils - INFO - Detected spot spacing: 1.61 units (median of 952 nearest-neighbor distances)
2026-02-18 17:00:04,853 - CITEgeist.model.utils - INFO - Computed optimal radius: 4.92 (3.0 rings, spot_spacing=1.61)
2026-02-18 17:00:04,853 - root - INFO - Auto-detected radius: 4.92 (3 rings)
2026-02-18 17:00:04,853 - root - INFO - Starting Pass 1: Error minimization with enrichment weights...
2026-02-18 17:00:04,853 - root - INFO - Using discrete mode: cell counts as fixed multipliers
2026-02-18 17:00:04,854 - root - INFO - Starting analysis for Wu_rep_1
2026-02-18 17:00:04,854 - root - INFO - Already completed spots: 0
2026-02-18 17:00:04,854 - root - INFO - Using enrichment weights - Global: 0.5, Local: 0.5
2026-02-18 17:00:04,854 - root - INFO - Using 64 workers
2026-02-18 17:00:04,854 - root - INFO - Processing 952 remaining spots
Deconvoluting Remaining Spots:   0%|          | 0/952 [00:00<?, ?it/s]Deconvoluting Remaining Spots:   0%|          | 1/952 [00:03<1:00:32,  3.82s/it]Deconvoluting Remaining Spots:   0%|          | 2/952 [00:04<27:35,  1.74s/it]  Deconvoluting Remaining Spots:   0%|          | 3/952 [00:04<19:04,  1.21s/it]Deconvoluting Remaining Spots:   0%|          | 4/952 [00:04<13:06,  1.21it/s]Deconvoluting Remaining Spots:   1%|          | 5/952 [00:05<10:38,  1.48it/s]Deconvoluting Remaining Spots:   1%|          | 6/952 [00:05<08:48,  1.79it/s]Deconvoluting Remaining Spots:   1%|          | 7/952 [00:06<07:48,  2.02it/s]Deconvoluting Remaining Spots:   1%|          | 8/952 [00:06<07:14,  2.17it/s]Deconvoluting Remaining Spots:   1%|          | 9/952 [00:06<06:44,  2.33it/s]Deconvoluting Remaining Spots:   1%|          | 10/952 [00:07<07:30,  2.09it/s]Deconvoluting Remaining Spots:   1%|          | 11/952 [00:07<06:41,  2.34it/s]Deconvoluting Remaining Spots:   1%|▏         | 12/952 [00:08<06:36,  2.37it/s]Deconvoluting Remaining Spots:   1%|▏         | 13/952 [00:08<07:20,  2.13it/s]Deconvoluting Remaining Spots:   1%|▏         | 14/952 [00:08<06:27,  2.42it/s]Deconvoluting Remaining Spots:   2%|▏         | 15/952 [00:09<07:06,  2.20it/s]Deconvoluting Remaining Spots:   2%|▏         | 16/952 [00:09<06:10,  2.53it/s]Deconvoluting Remaining Spots:   2%|▏         | 17/952 [00:10<07:37,  2.04it/s]Deconvoluting Remaining Spots:   2%|▏         | 18/952 [00:10<06:46,  2.30it/s]Deconvoluting Remaining Spots:   2%|▏         | 19/952 [00:11<06:10,  2.52it/s]Deconvoluting Remaining Spots:   2%|▏         | 20/952 [00:12<11:22,  1.37it/s]Deconvoluting Remaining Spots:   3%|▎         | 24/952 [00:13<05:52,  2.63it/s]Deconvoluting Remaining Spots:   3%|▎         | 25/952 [00:13<05:15,  2.94it/s]Deconvoluting Remaining Spots:   3%|▎         | 26/952 [00:13<05:28,  2.82it/s]Deconvoluting Remaining Spots:   3%|▎         | 27/952 [00:14<05:30,  2.80it/s]Deconvoluting Remaining Spots:   3%|▎         | 28/952 [00:14<05:48,  2.65it/s]Deconvoluting Remaining Spots:   3%|▎         | 29/952 [00:15<05:46,  2.67it/s]Deconvoluting Remaining Spots:   3%|▎         | 30/952 [00:15<07:04,  2.17it/s]Deconvoluting Remaining Spots:   3%|▎         | 32/952 [00:16<05:43,  2.68it/s]Deconvoluting Remaining Spots:   3%|▎         | 33/952 [00:16<07:04,  2.17it/s]Deconvoluting Remaining Spots:   4%|▎         | 34/952 [00:17<06:37,  2.31it/s]Deconvoluting Remaining Spots:   4%|▎         | 35/952 [00:17<06:58,  2.19it/s]Deconvoluting Remaining Spots:   4%|▍         | 36/952 [00:18<05:42,  2.67it/s]Deconvoluting Remaining Spots:   4%|▍         | 37/952 [00:18<05:47,  2.64it/s]Deconvoluting Remaining Spots:   4%|▍         | 38/952 [00:18<06:08,  2.48it/s]Deconvoluting Remaining Spots:   4%|▍         | 39/952 [00:19<05:27,  2.79it/s]Deconvoluting Remaining Spots:   4%|▍         | 40/952 [00:19<07:25,  2.05it/s]Deconvoluting Remaining Spots:   4%|▍         | 42/952 [00:20<05:43,  2.65it/s]Deconvoluting Remaining Spots:   5%|▍         | 43/952 [00:20<05:59,  2.53it/s]Deconvoluting Remaining Spots:   5%|▍         | 44/952 [00:21<06:11,  2.44it/s]Deconvoluting Remaining Spots:   5%|▍         | 45/952 [00:21<06:33,  2.31it/s]Deconvoluting Remaining Spots:   5%|▍         | 46/952 [00:22<06:10,  2.44it/s]Deconvoluting Remaining Spots:   5%|▍         | 47/952 [00:22<06:02,  2.50it/s]Deconvoluting Remaining Spots:   5%|▌         | 48/952 [00:22<05:51,  2.57it/s]Deconvoluting Remaining Spots:   5%|▌         | 49/952 [00:23<06:06,  2.46it/s]Deconvoluting Remaining Spots:   5%|▌         | 50/952 [00:23<06:21,  2.37it/s]Deconvoluting Remaining Spots:   5%|▌         | 51/952 [00:24<05:45,  2.61it/s]Deconvoluting Remaining Spots:   5%|▌         | 52/952 [00:24<06:02,  2.48it/s]Deconvoluting Remaining Spots:   6%|▌         | 53/952 [00:25<08:07,  1.85it/s]Deconvoluting Remaining Spots:   6%|▌         | 54/952 [00:25<06:57,  2.15it/s]Deconvoluting Remaining Spots:   6%|▌         | 55/952 [00:26<06:15,  2.39it/s]Deconvoluting Remaining Spots:   6%|▌         | 56/952 [00:26<06:20,  2.35it/s]Deconvoluting Remaining Spots:   6%|▌         | 57/952 [00:26<06:02,  2.47it/s]Deconvoluting Remaining Spots:   6%|▌         | 58/952 [00:27<05:28,  2.73it/s]Deconvoluting Remaining Spots:   6%|▌         | 59/952 [00:27<05:25,  2.74it/s]Deconvoluting Remaining Spots:   6%|▋         | 60/952 [00:27<05:23,  2.76it/s]Deconvoluting Remaining Spots:   6%|▋         | 61/952 [00:28<06:11,  2.40it/s]Deconvoluting Remaining Spots:   7%|▋         | 62/952 [00:28<05:44,  2.58it/s]Deconvoluting Remaining Spots:   7%|▋         | 63/952 [00:29<06:02,  2.45it/s]Deconvoluting Remaining Spots:   7%|▋         | 64/952 [00:29<06:26,  2.30it/s]Deconvoluting Remaining Spots:   7%|▋         | 65/952 [00:29<05:06,  2.90it/s]Deconvoluting Remaining Spots:   7%|▋         | 66/952 [00:30<05:06,  2.89it/s]Deconvoluting Remaining Spots:   7%|▋         | 67/952 [00:30<05:02,  2.93it/s]Deconvoluting Remaining Spots:   7%|▋         | 68/952 [00:30<05:24,  2.72it/s]Deconvoluting Remaining Spots:   7%|▋         | 69/952 [00:31<05:02,  2.92it/s]Deconvoluting Remaining Spots:   7%|▋         | 70/952 [00:31<04:49,  3.05it/s]Deconvoluting Remaining Spots:   7%|▋         | 71/952 [00:31<04:47,  3.06it/s]Deconvoluting Remaining Spots:   8%|▊         | 72/952 [00:32<04:44,  3.09it/s]Deconvoluting Remaining Spots:   8%|▊         | 73/952 [00:32<04:34,  3.20it/s]Deconvoluting Remaining Spots:   8%|▊         | 74/952 [00:32<04:38,  3.15it/s]Deconvoluting Remaining Spots:   8%|▊         | 75/952 [00:33<04:37,  3.16it/s]Deconvoluting Remaining Spots:   8%|▊         | 76/952 [00:33<05:15,  2.78it/s]Deconvoluting Remaining Spots:   8%|▊         | 77/952 [00:33<05:27,  2.67it/s]Deconvoluting Remaining Spots:   8%|▊         | 78/952 [00:34<05:04,  2.87it/s]Deconvoluting Remaining Spots:   8%|▊         | 79/952 [00:34<05:25,  2.68it/s]Deconvoluting Remaining Spots:   8%|▊         | 80/952 [00:34<04:57,  2.93it/s]Deconvoluting Remaining Spots:   9%|▊         | 81/952 [00:35<04:56,  2.94it/s]Deconvoluting Remaining Spots:   9%|▊         | 82/952 [00:35<04:56,  2.94it/s]Deconvoluting Remaining Spots:   9%|▊         | 83/952 [00:35<04:56,  2.93it/s]Deconvoluting Remaining Spots:   9%|▉         | 84/952 [00:36<04:40,  3.09it/s]Deconvoluting Remaining Spots:   9%|▉         | 85/952 [00:36<04:37,  3.12it/s]Deconvoluting Remaining Spots:   9%|▉         | 86/952 [00:36<04:29,  3.21it/s]Deconvoluting Remaining Spots:   9%|▉         | 87/952 [00:37<04:19,  3.34it/s]Deconvoluting Remaining Spots:   9%|▉         | 88/952 [00:37<04:30,  3.19it/s]Deconvoluting Remaining Spots:   9%|▉         | 89/952 [00:37<03:57,  3.63it/s]Deconvoluting Remaining Spots:   9%|▉         | 90/952 [00:37<04:17,  3.34it/s]Deconvoluting Remaining Spots:  10%|▉         | 91/952 [00:38<04:57,  2.90it/s]Deconvoluting Remaining Spots:  10%|▉         | 92/952 [00:38<04:57,  2.89it/s]Deconvoluting Remaining Spots:  10%|▉         | 93/952 [00:38<04:22,  3.27it/s]Deconvoluting Remaining Spots:  10%|▉         | 94/952 [00:39<04:33,  3.13it/s]Deconvoluting Remaining Spots:  10%|▉         | 95/952 [00:39<04:44,  3.01it/s]Deconvoluting Remaining Spots:  10%|█         | 96/952 [00:39<04:25,  3.23it/s]Deconvoluting Remaining Spots:  10%|█         | 97/952 [00:40<05:10,  2.75it/s]Deconvoluting Remaining Spots:  10%|█         | 98/952 [00:40<04:13,  3.36it/s]Deconvoluting Remaining Spots:  10%|█         | 99/952 [00:40<04:24,  3.23it/s]Deconvoluting Remaining Spots:  11%|█         | 100/952 [00:41<04:32,  3.13it/s]2026-02-18 17:00:47,758 - root - INFO - Saved checkpoint after 100 completed spots
Deconvoluting Remaining Spots:  11%|█         | 101/952 [00:41<06:19,  2.24it/s]Deconvoluting Remaining Spots:  11%|█         | 104/952 [00:42<04:20,  3.26it/s]Deconvoluting Remaining Spots:  11%|█         | 105/952 [00:42<03:44,  3.77it/s]Deconvoluting Remaining Spots:  11%|█         | 106/952 [00:43<04:01,  3.51it/s]Deconvoluting Remaining Spots:  11%|█         | 107/952 [00:43<04:03,  3.47it/s]Deconvoluting Remaining Spots:  11%|█▏        | 108/952 [00:43<05:02,  2.79it/s]Deconvoluting Remaining Spots:  11%|█▏        | 109/952 [00:44<04:17,  3.27it/s]Deconvoluting Remaining Spots:  12%|█▏        | 110/952 [00:44<04:05,  3.42it/s]Deconvoluting Remaining Spots:  12%|█▏        | 111/952 [00:44<04:22,  3.20it/s]Deconvoluting Remaining Spots:  12%|█▏        | 112/952 [00:45<04:34,  3.06it/s]Deconvoluting Remaining Spots:  12%|█▏        | 113/952 [00:45<04:35,  3.04it/s]Deconvoluting Remaining Spots:  12%|█▏        | 114/952 [00:46<06:11,  2.25it/s]Deconvoluting Remaining Spots:  12%|█▏        | 115/952 [00:46<04:49,  2.90it/s]Deconvoluting Remaining Spots:  12%|█▏        | 116/952 [00:46<04:19,  3.23it/s]Deconvoluting Remaining Spots:  12%|█▏        | 117/952 [00:46<04:02,  3.45it/s]Deconvoluting Remaining Spots:  12%|█▏        | 118/952 [00:47<04:22,  3.18it/s]Deconvoluting Remaining Spots:  12%|█▎        | 119/952 [00:47<05:13,  2.65it/s]Deconvoluting Remaining Spots:  13%|█▎        | 120/952 [00:47<04:48,  2.88it/s]Deconvoluting Remaining Spots:  13%|█▎        | 121/952 [00:48<04:18,  3.21it/s]Deconvoluting Remaining Spots:  13%|█▎        | 122/952 [00:48<04:16,  3.24it/s]Deconvoluting Remaining Spots:  13%|█▎        | 123/952 [00:48<04:21,  3.17it/s]Deconvoluting Remaining Spots:  13%|█▎        | 124/952 [00:49<04:28,  3.08it/s]Deconvoluting Remaining Spots:  13%|█▎        | 125/952 [00:49<04:17,  3.21it/s]Deconvoluting Remaining Spots:  13%|█▎        | 126/952 [00:49<04:18,  3.20it/s]Deconvoluting Remaining Spots:  13%|█▎        | 127/952 [00:50<04:35,  2.99it/s]Deconvoluting Remaining Spots:  13%|█▎        | 128/952 [00:50<05:40,  2.42it/s]Deconvoluting Remaining Spots:  14%|█▎        | 129/952 [00:51<05:41,  2.41it/s]Deconvoluting Remaining Spots:  14%|█▍        | 131/952 [00:51<03:55,  3.48it/s]Deconvoluting Remaining Spots:  14%|█▍        | 132/952 [00:51<03:44,  3.65it/s]Deconvoluting Remaining Spots:  14%|█▍        | 133/952 [00:51<04:03,  3.36it/s]Deconvoluting Remaining Spots:  14%|█▍        | 134/952 [00:52<04:14,  3.21it/s]Deconvoluting Remaining Spots:  14%|█▍        | 135/952 [00:52<04:42,  2.89it/s]Deconvoluting Remaining Spots:  14%|█▍        | 136/952 [00:52<04:05,  3.32it/s]Deconvoluting Remaining Spots:  14%|█▍        | 137/952 [00:53<03:58,  3.42it/s]Deconvoluting Remaining Spots:  14%|█▍        | 138/952 [00:53<04:36,  2.94it/s]Deconvoluting Remaining Spots:  15%|█▍        | 139/952 [00:53<04:24,  3.08it/s]Deconvoluting Remaining Spots:  15%|█▍        | 140/952 [00:54<04:45,  2.84it/s]Deconvoluting Remaining Spots:  15%|█▍        | 141/952 [00:54<04:49,  2.80it/s]Deconvoluting Remaining Spots:  15%|█▍        | 142/952 [00:54<04:35,  2.94it/s]Deconvoluting Remaining Spots:  15%|█▌        | 143/952 [00:55<04:23,  3.07it/s]Deconvoluting Remaining Spots:  15%|█▌        | 144/952 [00:55<04:59,  2.70it/s]Deconvoluting Remaining Spots:  15%|█▌        | 145/952 [00:56<04:32,  2.97it/s]Deconvoluting Remaining Spots:  15%|█▌        | 146/952 [00:56<04:17,  3.12it/s]Deconvoluting Remaining Spots:  15%|█▌        | 147/952 [00:56<04:12,  3.19it/s]Deconvoluting Remaining Spots:  16%|█▌        | 148/952 [00:56<03:48,  3.52it/s]Deconvoluting Remaining Spots:  16%|█▌        | 149/952 [00:57<03:52,  3.46it/s]Deconvoluting Remaining Spots:  16%|█▌        | 150/952 [00:57<03:55,  3.41it/s]Deconvoluting Remaining Spots:  16%|█▌        | 151/952 [00:57<03:57,  3.37it/s]Deconvoluting Remaining Spots:  16%|█▌        | 152/952 [00:58<04:27,  2.99it/s]Deconvoluting Remaining Spots:  16%|█▌        | 153/952 [00:58<04:11,  3.17it/s]Deconvoluting Remaining Spots:  16%|█▌        | 154/952 [00:58<04:27,  2.99it/s]Deconvoluting Remaining Spots:  16%|█▋        | 155/952 [00:59<05:04,  2.62it/s]Deconvoluting Remaining Spots:  16%|█▋        | 156/952 [00:59<04:47,  2.77it/s]Deconvoluting Remaining Spots:  16%|█▋        | 157/952 [00:59<03:54,  3.40it/s]Deconvoluting Remaining Spots:  17%|█▋        | 158/952 [01:00<04:17,  3.09it/s]Deconvoluting Remaining Spots:  17%|█▋        | 159/952 [01:00<04:10,  3.17it/s]Deconvoluting Remaining Spots:  17%|█▋        | 160/952 [01:00<04:24,  3.00it/s]Deconvoluting Remaining Spots:  17%|█▋        | 161/952 [01:01<04:30,  2.92it/s]Deconvoluting Remaining Spots:  17%|█▋        | 162/952 [01:01<03:55,  3.35it/s]Deconvoluting Remaining Spots:  17%|█▋        | 163/952 [01:01<03:56,  3.34it/s]Deconvoluting Remaining Spots:  17%|█▋        | 164/952 [01:02<04:39,  2.82it/s]Deconvoluting Remaining Spots:  17%|█▋        | 165/952 [01:02<04:03,  3.24it/s]Deconvoluting Remaining Spots:  17%|█▋        | 166/952 [01:02<04:27,  2.94it/s]Deconvoluting Remaining Spots:  18%|█▊        | 167/952 [01:03<04:56,  2.64it/s]Deconvoluting Remaining Spots:  18%|█▊        | 168/952 [01:03<04:12,  3.10it/s]Deconvoluting Remaining Spots:  18%|█▊        | 169/952 [01:03<03:51,  3.38it/s]Deconvoluting Remaining Spots:  18%|█▊        | 170/952 [01:04<04:25,  2.95it/s]Deconvoluting Remaining Spots:  18%|█▊        | 171/952 [01:04<04:16,  3.05it/s]Deconvoluting Remaining Spots:  18%|█▊        | 172/952 [01:04<04:44,  2.74it/s]Deconvoluting Remaining Spots:  18%|█▊        | 173/952 [01:05<04:14,  3.06it/s]Deconvoluting Remaining Spots:  18%|█▊        | 174/952 [01:05<04:39,  2.79it/s]Deconvoluting Remaining Spots:  18%|█▊        | 175/952 [01:05<04:09,  3.11it/s]Deconvoluting Remaining Spots:  18%|█▊        | 176/952 [01:06<04:40,  2.76it/s]Deconvoluting Remaining Spots:  19%|█▊        | 177/952 [01:06<05:08,  2.51it/s]Deconvoluting Remaining Spots:  19%|█▊        | 178/952 [01:06<03:59,  3.23it/s]Deconvoluting Remaining Spots:  19%|█▉        | 179/952 [01:07<04:10,  3.09it/s]Deconvoluting Remaining Spots:  19%|█▉        | 180/952 [01:07<04:14,  3.04it/s]Deconvoluting Remaining Spots:  19%|█▉        | 181/952 [01:07<04:16,  3.01it/s]Deconvoluting Remaining Spots:  19%|█▉        | 182/952 [01:08<04:04,  3.14it/s]Deconvoluting Remaining Spots:  19%|█▉        | 183/952 [01:08<04:01,  3.19it/s]Deconvoluting Remaining Spots:  19%|█▉        | 184/952 [01:08<04:25,  2.89it/s]Deconvoluting Remaining Spots:  19%|█▉        | 185/952 [01:09<04:13,  3.02it/s]Deconvoluting Remaining Spots:  20%|█▉        | 186/952 [01:09<04:56,  2.58it/s]Deconvoluting Remaining Spots:  20%|█▉        | 187/952 [01:09<03:57,  3.23it/s]Deconvoluting Remaining Spots:  20%|█▉        | 188/952 [01:10<03:56,  3.23it/s]Deconvoluting Remaining Spots:  20%|█▉        | 189/952 [01:10<04:14,  3.00it/s]Deconvoluting Remaining Spots:  20%|█▉        | 190/952 [01:10<04:10,  3.04it/s]Deconvoluting Remaining Spots:  20%|██        | 191/952 [01:11<04:29,  2.82it/s]Deconvoluting Remaining Spots:  20%|██        | 192/952 [01:11<04:06,  3.08it/s]Deconvoluting Remaining Spots:  20%|██        | 193/952 [01:11<03:49,  3.30it/s]Deconvoluting Remaining Spots:  20%|██        | 194/952 [01:12<03:44,  3.38it/s]Deconvoluting Remaining Spots:  20%|██        | 195/952 [01:12<03:53,  3.24it/s]Deconvoluting Remaining Spots:  21%|██        | 196/952 [01:12<04:53,  2.57it/s]Deconvoluting Remaining Spots:  21%|██        | 198/952 [01:13<03:38,  3.45it/s]Deconvoluting Remaining Spots:  21%|██        | 199/952 [01:13<03:50,  3.27it/s]Deconvoluting Remaining Spots:  21%|██        | 200/952 [01:13<04:03,  3.09it/s]2026-02-18 17:01:21,247 - root - INFO - Saved checkpoint after 200 completed spots
Deconvoluting Remaining Spots:  21%|██        | 201/952 [01:15<07:56,  1.58it/s]Deconvoluting Remaining Spots:  22%|██▏       | 205/952 [01:15<03:24,  3.65it/s]Deconvoluting Remaining Spots:  22%|██▏       | 206/952 [01:15<03:28,  3.57it/s]Deconvoluting Remaining Spots:  22%|██▏       | 207/952 [01:16<03:37,  3.43it/s]Deconvoluting Remaining Spots:  22%|██▏       | 208/952 [01:16<03:41,  3.36it/s]Deconvoluting Remaining Spots:  22%|██▏       | 209/952 [01:16<03:47,  3.27it/s]Deconvoluting Remaining Spots:  22%|██▏       | 210/952 [01:17<03:42,  3.34it/s]Deconvoluting Remaining Spots:  22%|██▏       | 211/952 [01:17<03:44,  3.30it/s]Deconvoluting Remaining Spots:  22%|██▏       | 212/952 [01:17<04:01,  3.07it/s]Deconvoluting Remaining Spots:  22%|██▏       | 213/952 [01:18<04:31,  2.73it/s]Deconvoluting Remaining Spots:  22%|██▏       | 214/952 [01:18<04:21,  2.82it/s]Deconvoluting Remaining Spots:  23%|██▎       | 215/952 [01:19<04:34,  2.69it/s]Deconvoluting Remaining Spots:  23%|██▎       | 216/952 [01:19<04:31,  2.72it/s]Deconvoluting Remaining Spots:  23%|██▎       | 217/952 [01:19<04:08,  2.96it/s]Deconvoluting Remaining Spots:  23%|██▎       | 218/952 [01:20<04:05,  2.99it/s]Deconvoluting Remaining Spots:  23%|██▎       | 219/952 [01:20<03:32,  3.45it/s]Deconvoluting Remaining Spots:  23%|██▎       | 220/952 [01:20<03:58,  3.07it/s]Deconvoluting Remaining Spots:  23%|██▎       | 221/952 [01:20<03:37,  3.36it/s]Deconvoluting Remaining Spots:  23%|██▎       | 222/952 [01:21<04:12,  2.89it/s]Deconvoluting Remaining Spots:  23%|██▎       | 223/952 [01:21<03:48,  3.19it/s]Deconvoluting Remaining Spots:  24%|██▎       | 224/952 [01:22<04:10,  2.90it/s]Deconvoluting Remaining Spots:  24%|██▎       | 225/952 [01:22<03:53,  3.11it/s]Deconvoluting Remaining Spots:  24%|██▎       | 226/952 [01:22<04:19,  2.80it/s]Deconvoluting Remaining Spots:  24%|██▍       | 227/952 [01:23<04:09,  2.90it/s]Deconvoluting Remaining Spots:  24%|██▍       | 228/952 [01:23<03:33,  3.40it/s]Deconvoluting Remaining Spots:  24%|██▍       | 229/952 [01:23<03:36,  3.33it/s]Deconvoluting Remaining Spots:  24%|██▍       | 230/952 [01:23<03:38,  3.30it/s]Deconvoluting Remaining Spots:  24%|██▍       | 231/952 [01:24<03:35,  3.35it/s]Deconvoluting Remaining Spots:  24%|██▍       | 232/952 [01:24<04:45,  2.52it/s]Deconvoluting Remaining Spots:  25%|██▍       | 234/952 [01:25<03:28,  3.44it/s]Deconvoluting Remaining Spots:  25%|██▍       | 235/952 [01:25<03:15,  3.67it/s]Deconvoluting Remaining Spots:  25%|██▍       | 236/952 [01:25<04:12,  2.84it/s]Deconvoluting Remaining Spots:  25%|██▌       | 238/952 [01:26<03:36,  3.30it/s]Deconvoluting Remaining Spots:  25%|██▌       | 239/952 [01:26<03:54,  3.04it/s]Deconvoluting Remaining Spots:  25%|██▌       | 240/952 [01:26<03:35,  3.30it/s]Deconvoluting Remaining Spots:  25%|██▌       | 241/952 [01:27<03:41,  3.21it/s]Deconvoluting Remaining Spots:  25%|██▌       | 242/952 [01:27<03:13,  3.67it/s]Deconvoluting Remaining Spots:  26%|██▌       | 243/952 [01:27<03:20,  3.53it/s]Deconvoluting Remaining Spots:  26%|██▌       | 244/952 [01:28<03:56,  2.99it/s]Deconvoluting Remaining Spots:  26%|██▌       | 245/952 [01:28<03:20,  3.52it/s]Deconvoluting Remaining Spots:  26%|██▌       | 246/952 [01:29<04:33,  2.58it/s]Deconvoluting Remaining Spots:  26%|██▌       | 248/952 [01:29<03:56,  2.97it/s]Deconvoluting Remaining Spots:  26%|██▌       | 249/952 [01:29<03:22,  3.47it/s]Deconvoluting Remaining Spots:  26%|██▋       | 250/952 [01:30<03:31,  3.33it/s]Deconvoluting Remaining Spots:  26%|██▋       | 251/952 [01:30<03:34,  3.27it/s]Deconvoluting Remaining Spots:  26%|██▋       | 252/952 [01:30<03:30,  3.32it/s]Deconvoluting Remaining Spots:  27%|██▋       | 253/952 [01:31<04:31,  2.57it/s]Deconvoluting Remaining Spots:  27%|██▋       | 255/952 [01:31<03:27,  3.35it/s]Deconvoluting Remaining Spots:  27%|██▋       | 256/952 [01:32<03:42,  3.13it/s]Deconvoluting Remaining Spots:  27%|██▋       | 257/952 [01:32<03:28,  3.34it/s]Deconvoluting Remaining Spots:  27%|██▋       | 258/952 [01:32<04:11,  2.76it/s]Deconvoluting Remaining Spots:  27%|██▋       | 259/952 [01:33<03:37,  3.18it/s]Deconvoluting Remaining Spots:  27%|██▋       | 260/952 [01:33<04:16,  2.70it/s]Deconvoluting Remaining Spots:  27%|██▋       | 261/952 [01:33<04:25,  2.61it/s]Deconvoluting Remaining Spots:  28%|██▊       | 262/952 [01:34<03:52,  2.97it/s]Deconvoluting Remaining Spots:  28%|██▊       | 263/952 [01:34<03:22,  3.40it/s]Deconvoluting Remaining Spots:  28%|██▊       | 264/952 [01:34<03:57,  2.90it/s]Deconvoluting Remaining Spots:  28%|██▊       | 265/952 [01:35<04:00,  2.86it/s]Deconvoluting Remaining Spots:  28%|██▊       | 267/952 [01:35<03:01,  3.78it/s]Deconvoluting Remaining Spots:  28%|██▊       | 268/952 [01:35<03:24,  3.35it/s]Deconvoluting Remaining Spots:  28%|██▊       | 269/952 [01:36<03:26,  3.31it/s]Deconvoluting Remaining Spots:  28%|██▊       | 270/952 [01:36<03:54,  2.91it/s]Deconvoluting Remaining Spots:  28%|██▊       | 271/952 [01:36<03:32,  3.20it/s]Deconvoluting Remaining Spots:  29%|██▊       | 272/952 [01:37<03:51,  2.93it/s]Deconvoluting Remaining Spots:  29%|██▊       | 273/952 [01:37<03:47,  2.99it/s]Deconvoluting Remaining Spots:  29%|██▉       | 274/952 [01:37<03:28,  3.25it/s]Deconvoluting Remaining Spots:  29%|██▉       | 275/952 [01:38<03:35,  3.15it/s]Deconvoluting Remaining Spots:  29%|██▉       | 276/952 [01:38<03:42,  3.04it/s]Deconvoluting Remaining Spots:  29%|██▉       | 277/952 [01:39<04:21,  2.58it/s]Deconvoluting Remaining Spots:  29%|██▉       | 278/952 [01:39<03:33,  3.16it/s]Deconvoluting Remaining Spots:  29%|██▉       | 279/952 [01:39<03:23,  3.31it/s]Deconvoluting Remaining Spots:  29%|██▉       | 280/952 [01:39<03:41,  3.03it/s]Deconvoluting Remaining Spots:  30%|██▉       | 281/952 [01:40<04:02,  2.76it/s]Deconvoluting Remaining Spots:  30%|██▉       | 282/952 [01:40<03:51,  2.89it/s]Deconvoluting Remaining Spots:  30%|██▉       | 283/952 [01:40<03:39,  3.05it/s]Deconvoluting Remaining Spots:  30%|██▉       | 284/952 [01:41<03:25,  3.24it/s]Deconvoluting Remaining Spots:  30%|██▉       | 285/952 [01:41<03:08,  3.53it/s]Deconvoluting Remaining Spots:  30%|███       | 286/952 [01:41<03:42,  2.99it/s]Deconvoluting Remaining Spots:  30%|███       | 287/952 [01:42<04:08,  2.67it/s]Deconvoluting Remaining Spots:  30%|███       | 288/952 [01:42<03:30,  3.16it/s]Deconvoluting Remaining Spots:  30%|███       | 289/952 [01:42<03:36,  3.06it/s]Deconvoluting Remaining Spots:  30%|███       | 290/952 [01:43<03:57,  2.79it/s]Deconvoluting Remaining Spots:  31%|███       | 291/952 [01:43<03:20,  3.30it/s]Deconvoluting Remaining Spots:  31%|███       | 292/952 [01:43<03:33,  3.10it/s]Deconvoluting Remaining Spots:  31%|███       | 293/952 [01:44<03:30,  3.13it/s]Deconvoluting Remaining Spots:  31%|███       | 294/952 [01:44<03:34,  3.07it/s]Deconvoluting Remaining Spots:  31%|███       | 295/952 [01:44<03:53,  2.81it/s]Deconvoluting Remaining Spots:  31%|███       | 296/952 [01:45<03:45,  2.91it/s]Deconvoluting Remaining Spots:  31%|███       | 297/952 [01:45<03:26,  3.17it/s]Deconvoluting Remaining Spots:  31%|███▏      | 298/952 [01:45<03:41,  2.96it/s]Deconvoluting Remaining Spots:  31%|███▏      | 299/952 [01:46<03:34,  3.04it/s]Deconvoluting Remaining Spots:  32%|███▏      | 300/952 [01:46<04:07,  2.64it/s]2026-02-18 17:01:54,725 - root - INFO - Saved checkpoint after 300 completed spots
Deconvoluting Remaining Spots:  32%|███▏      | 301/952 [01:48<10:06,  1.07it/s]Deconvoluting Remaining Spots:  32%|███▏      | 308/952 [01:49<03:00,  3.57it/s]Deconvoluting Remaining Spots:  33%|███▎      | 310/952 [01:49<02:47,  3.83it/s]Deconvoluting Remaining Spots:  33%|███▎      | 311/952 [01:50<03:24,  3.13it/s]Deconvoluting Remaining Spots:  33%|███▎      | 312/952 [01:50<03:01,  3.53it/s]Deconvoluting Remaining Spots:  33%|███▎      | 313/952 [01:50<02:50,  3.75it/s]Deconvoluting Remaining Spots:  33%|███▎      | 314/952 [01:51<02:57,  3.60it/s]Deconvoluting Remaining Spots:  33%|███▎      | 315/952 [01:51<03:20,  3.17it/s]Deconvoluting Remaining Spots:  33%|███▎      | 316/952 [01:51<03:27,  3.07it/s]Deconvoluting Remaining Spots:  33%|███▎      | 317/952 [01:52<03:16,  3.24it/s]Deconvoluting Remaining Spots:  33%|███▎      | 318/952 [01:52<03:27,  3.06it/s]Deconvoluting Remaining Spots:  34%|███▎      | 319/952 [01:52<03:26,  3.06it/s]Deconvoluting Remaining Spots:  34%|███▎      | 320/952 [01:53<03:26,  3.06it/s]Deconvoluting Remaining Spots:  34%|███▎      | 321/952 [01:53<03:53,  2.70it/s]Deconvoluting Remaining Spots:  34%|███▍      | 322/952 [01:53<03:50,  2.74it/s]Deconvoluting Remaining Spots:  34%|███▍      | 323/952 [01:54<03:39,  2.87it/s]Deconvoluting Remaining Spots:  34%|███▍      | 324/952 [01:54<03:36,  2.90it/s]Deconvoluting Remaining Spots:  34%|███▍      | 325/952 [01:54<03:42,  2.82it/s]Deconvoluting Remaining Spots:  34%|███▍      | 326/952 [01:55<03:40,  2.83it/s]Deconvoluting Remaining Spots:  34%|███▍      | 327/952 [01:55<03:16,  3.17it/s]Deconvoluting Remaining Spots:  34%|███▍      | 328/952 [01:55<03:26,  3.02it/s]Deconvoluting Remaining Spots:  35%|███▍      | 329/952 [01:56<03:09,  3.29it/s]Deconvoluting Remaining Spots:  35%|███▍      | 330/952 [01:56<03:00,  3.45it/s]Deconvoluting Remaining Spots:  35%|███▍      | 331/952 [01:56<02:56,  3.51it/s]Deconvoluting Remaining Spots:  35%|███▍      | 332/952 [01:57<02:58,  3.47it/s]Deconvoluting Remaining Spots:  35%|███▍      | 333/952 [01:57<03:26,  3.00it/s]Deconvoluting Remaining Spots:  35%|███▌      | 334/952 [01:57<03:40,  2.81it/s]Deconvoluting Remaining Spots:  35%|███▌      | 335/952 [01:58<03:18,  3.10it/s]Deconvoluting Remaining Spots:  35%|███▌      | 336/952 [01:58<03:48,  2.69it/s]Deconvoluting Remaining Spots:  36%|███▌      | 338/952 [01:59<03:29,  2.93it/s]Deconvoluting Remaining Spots:  36%|███▌      | 339/952 [01:59<02:53,  3.52it/s]Deconvoluting Remaining Spots:  36%|███▌      | 340/952 [01:59<03:15,  3.13it/s]Deconvoluting Remaining Spots:  36%|███▌      | 341/952 [01:59<02:52,  3.54it/s]Deconvoluting Remaining Spots:  36%|███▌      | 342/952 [02:00<02:52,  3.54it/s]Deconvoluting Remaining Spots:  36%|███▌      | 343/952 [02:00<03:18,  3.07it/s]Deconvoluting Remaining Spots:  36%|███▌      | 344/952 [02:00<03:15,  3.11it/s]Deconvoluting Remaining Spots:  36%|███▌      | 345/952 [02:01<03:49,  2.65it/s]Deconvoluting Remaining Spots:  36%|███▋      | 346/952 [02:01<03:19,  3.03it/s]Deconvoluting Remaining Spots:  36%|███▋      | 347/952 [02:02<03:23,  2.97it/s]Deconvoluting Remaining Spots:  37%|███▋      | 348/952 [02:02<03:15,  3.09it/s]Deconvoluting Remaining Spots:  37%|███▋      | 349/952 [02:02<03:18,  3.03it/s]Deconvoluting Remaining Spots:  37%|███▋      | 350/952 [02:02<03:14,  3.09it/s]Deconvoluting Remaining Spots:  37%|███▋      | 351/952 [02:03<03:24,  2.94it/s]Deconvoluting Remaining Spots:  37%|███▋      | 352/952 [02:03<02:52,  3.47it/s]Deconvoluting Remaining Spots:  37%|███▋      | 353/952 [02:03<03:22,  2.96it/s]Deconvoluting Remaining Spots:  37%|███▋      | 354/952 [02:04<03:17,  3.03it/s]Deconvoluting Remaining Spots:  37%|███▋      | 355/952 [02:04<02:51,  3.48it/s]Deconvoluting Remaining Spots:  37%|███▋      | 356/952 [02:04<02:54,  3.42it/s]Deconvoluting Remaining Spots:  38%|███▊      | 357/952 [02:05<02:55,  3.39it/s]Deconvoluting Remaining Spots:  38%|███▊      | 358/952 [02:05<03:40,  2.69it/s]Deconvoluting Remaining Spots:  38%|███▊      | 359/952 [02:05<02:57,  3.34it/s]Deconvoluting Remaining Spots:  38%|███▊      | 360/952 [02:06<03:14,  3.05it/s]Deconvoluting Remaining Spots:  38%|███▊      | 361/952 [02:06<02:54,  3.38it/s]Deconvoluting Remaining Spots:  38%|███▊      | 362/952 [02:06<02:53,  3.40it/s]Deconvoluting Remaining Spots:  38%|███▊      | 363/952 [02:07<03:32,  2.77it/s]Deconvoluting Remaining Spots:  38%|███▊      | 364/952 [02:07<03:28,  2.82it/s]Deconvoluting Remaining Spots:  38%|███▊      | 365/952 [02:07<03:20,  2.93it/s]Deconvoluting Remaining Spots:  38%|███▊      | 366/952 [02:08<02:58,  3.28it/s]Deconvoluting Remaining Spots:  39%|███▊      | 367/952 [02:08<03:07,  3.13it/s]Deconvoluting Remaining Spots:  39%|███▊      | 368/952 [02:08<03:22,  2.89it/s]Deconvoluting Remaining Spots:  39%|███▉      | 369/952 [02:09<03:03,  3.18it/s]Deconvoluting Remaining Spots:  39%|███▉      | 370/952 [02:09<03:08,  3.09it/s]Deconvoluting Remaining Spots:  39%|███▉      | 371/952 [02:09<03:11,  3.03it/s]Deconvoluting Remaining Spots:  39%|███▉      | 372/952 [02:10<03:34,  2.71it/s]Deconvoluting Remaining Spots:  39%|███▉      | 373/952 [02:10<02:56,  3.27it/s]Deconvoluting Remaining Spots:  39%|███▉      | 374/952 [02:10<03:17,  2.93it/s]Deconvoluting Remaining Spots:  39%|███▉      | 375/952 [02:11<03:32,  2.72it/s]Deconvoluting Remaining Spots:  39%|███▉      | 376/952 [02:11<03:36,  2.66it/s]Deconvoluting Remaining Spots:  40%|███▉      | 377/952 [02:11<03:05,  3.10it/s]Deconvoluting Remaining Spots:  40%|███▉      | 378/952 [02:12<03:20,  2.86it/s]Deconvoluting Remaining Spots:  40%|███▉      | 379/952 [02:12<02:57,  3.22it/s]Deconvoluting Remaining Spots:  40%|███▉      | 380/952 [02:12<02:55,  3.26it/s]Deconvoluting Remaining Spots:  40%|████      | 381/952 [02:13<02:57,  3.21it/s]Deconvoluting Remaining Spots:  40%|████      | 382/952 [02:13<03:03,  3.10it/s]Deconvoluting Remaining Spots:  40%|████      | 383/952 [02:13<03:09,  3.01it/s]Deconvoluting Remaining Spots:  40%|████      | 384/952 [02:13<02:51,  3.31it/s]Deconvoluting Remaining Spots:  40%|████      | 385/952 [02:14<02:55,  3.23it/s]Deconvoluting Remaining Spots:  41%|████      | 386/952 [02:14<03:12,  2.94it/s]Deconvoluting Remaining Spots:  41%|████      | 387/952 [02:14<02:37,  3.59it/s]Deconvoluting Remaining Spots:  41%|████      | 388/952 [02:15<02:49,  3.33it/s]Deconvoluting Remaining Spots:  41%|████      | 389/952 [02:15<02:50,  3.30it/s]Deconvoluting Remaining Spots:  41%|████      | 390/952 [02:15<02:41,  3.49it/s]Deconvoluting Remaining Spots:  41%|████      | 391/952 [02:16<03:02,  3.07it/s]Deconvoluting Remaining Spots:  41%|████      | 392/952 [02:16<02:44,  3.41it/s]Deconvoluting Remaining Spots:  41%|████▏     | 393/952 [02:16<03:04,  3.03it/s]Deconvoluting Remaining Spots:  41%|████▏     | 394/952 [02:17<03:01,  3.07it/s]Deconvoluting Remaining Spots:  41%|████▏     | 395/952 [02:17<03:01,  3.07it/s]Deconvoluting Remaining Spots:  42%|████▏     | 396/952 [02:18<03:40,  2.52it/s]Deconvoluting Remaining Spots:  42%|████▏     | 397/952 [02:18<02:59,  3.09it/s]Deconvoluting Remaining Spots:  42%|████▏     | 398/952 [02:18<02:42,  3.40it/s]Deconvoluting Remaining Spots:  42%|████▏     | 399/952 [02:18<02:41,  3.42it/s]Deconvoluting Remaining Spots:  42%|████▏     | 400/952 [02:19<02:47,  3.30it/s]2026-02-18 17:02:27,885 - root - INFO - Saved checkpoint after 400 completed spots
Deconvoluting Remaining Spots:  42%|████▏     | 401/952 [02:22<10:25,  1.14s/it]Deconvoluting Remaining Spots:  43%|████▎     | 411/952 [02:22<02:15,  3.99it/s]Deconvoluting Remaining Spots:  43%|████▎     | 412/952 [02:22<02:12,  4.08it/s]Deconvoluting Remaining Spots:  43%|████▎     | 413/952 [02:23<02:26,  3.69it/s]Deconvoluting Remaining Spots:  43%|████▎     | 414/952 [02:23<02:18,  3.90it/s]Deconvoluting Remaining Spots:  44%|████▎     | 415/952 [02:23<02:24,  3.73it/s]Deconvoluting Remaining Spots:  44%|████▎     | 416/952 [02:24<03:01,  2.95it/s]Deconvoluting Remaining Spots:  44%|████▍     | 417/952 [02:24<02:38,  3.37it/s]Deconvoluting Remaining Spots:  44%|████▍     | 418/952 [02:24<02:39,  3.34it/s]Deconvoluting Remaining Spots:  44%|████▍     | 419/952 [02:25<02:34,  3.45it/s]Deconvoluting Remaining Spots:  44%|████▍     | 420/952 [02:25<02:37,  3.37it/s]Deconvoluting Remaining Spots:  44%|████▍     | 421/952 [02:25<02:45,  3.21it/s]Deconvoluting Remaining Spots:  44%|████▍     | 422/952 [02:25<02:42,  3.26it/s]Deconvoluting Remaining Spots:  44%|████▍     | 423/952 [02:26<02:50,  3.11it/s]Deconvoluting Remaining Spots:  45%|████▍     | 424/952 [02:26<03:36,  2.44it/s]Deconvoluting Remaining Spots:  45%|████▍     | 425/952 [02:27<03:27,  2.54it/s]Deconvoluting Remaining Spots:  45%|████▍     | 426/952 [02:27<02:41,  3.25it/s]Deconvoluting Remaining Spots:  45%|████▍     | 427/952 [02:27<03:02,  2.87it/s]Deconvoluting Remaining Spots:  45%|████▍     | 428/952 [02:28<03:02,  2.87it/s]Deconvoluting Remaining Spots:  45%|████▌     | 429/952 [02:28<02:39,  3.28it/s]Deconvoluting Remaining Spots:  45%|████▌     | 430/952 [02:28<02:38,  3.29it/s]Deconvoluting Remaining Spots:  45%|████▌     | 431/952 [02:29<02:39,  3.26it/s]Deconvoluting Remaining Spots:  45%|████▌     | 432/952 [02:29<02:44,  3.16it/s]Deconvoluting Remaining Spots:  45%|████▌     | 433/952 [02:29<02:38,  3.28it/s]Deconvoluting Remaining Spots:  46%|████▌     | 434/952 [02:30<02:53,  2.98it/s]Deconvoluting Remaining Spots:  46%|████▌     | 435/952 [02:30<02:44,  3.14it/s]Deconvoluting Remaining Spots:  46%|████▌     | 436/952 [02:30<02:57,  2.91it/s]Deconvoluting Remaining Spots:  46%|████▌     | 437/952 [02:31<03:17,  2.61it/s]Deconvoluting Remaining Spots:  46%|████▌     | 438/952 [02:31<02:49,  3.03it/s]Deconvoluting Remaining Spots:  46%|████▌     | 439/952 [02:31<02:41,  3.17it/s]Deconvoluting Remaining Spots:  46%|████▌     | 440/952 [02:32<03:17,  2.59it/s]Deconvoluting Remaining Spots:  46%|████▋     | 442/952 [02:32<03:00,  2.83it/s]Deconvoluting Remaining Spots:  47%|████▋     | 444/952 [02:33<02:26,  3.46it/s]Deconvoluting Remaining Spots:  47%|████▋     | 445/952 [02:33<02:54,  2.90it/s]Deconvoluting Remaining Spots:  47%|████▋     | 446/952 [02:33<02:34,  3.27it/s]Deconvoluting Remaining Spots:  47%|████▋     | 447/952 [02:34<03:06,  2.71it/s]Deconvoluting Remaining Spots:  47%|████▋     | 449/952 [02:34<02:28,  3.39it/s]Deconvoluting Remaining Spots:  47%|████▋     | 450/952 [02:35<02:36,  3.21it/s]Deconvoluting Remaining Spots:  47%|████▋     | 451/952 [02:35<02:38,  3.16it/s]Deconvoluting Remaining Spots:  47%|████▋     | 452/952 [02:36<02:54,  2.87it/s]Deconvoluting Remaining Spots:  48%|████▊     | 453/952 [02:36<02:34,  3.23it/s]Deconvoluting Remaining Spots:  48%|████▊     | 454/952 [02:36<02:53,  2.87it/s]Deconvoluting Remaining Spots:  48%|████▊     | 455/952 [02:37<02:49,  2.93it/s]Deconvoluting Remaining Spots:  48%|████▊     | 456/952 [02:37<02:28,  3.33it/s]Deconvoluting Remaining Spots:  48%|████▊     | 457/952 [02:37<02:46,  2.97it/s]Deconvoluting Remaining Spots:  48%|████▊     | 458/952 [02:38<02:52,  2.86it/s]Deconvoluting Remaining Spots:  48%|████▊     | 459/952 [02:38<02:41,  3.05it/s]Deconvoluting Remaining Spots:  48%|████▊     | 460/952 [02:38<02:42,  3.03it/s]Deconvoluting Remaining Spots:  48%|████▊     | 461/952 [02:38<02:38,  3.09it/s]Deconvoluting Remaining Spots:  49%|████▊     | 462/952 [02:39<02:19,  3.52it/s]Deconvoluting Remaining Spots:  49%|████▊     | 463/952 [02:39<02:22,  3.43it/s]Deconvoluting Remaining Spots:  49%|████▊     | 464/952 [02:39<02:22,  3.43it/s]Deconvoluting Remaining Spots:  49%|████▉     | 465/952 [02:40<02:46,  2.92it/s]Deconvoluting Remaining Spots:  49%|████▉     | 466/952 [02:40<02:21,  3.44it/s]Deconvoluting Remaining Spots:  49%|████▉     | 467/952 [02:40<02:27,  3.30it/s]Deconvoluting Remaining Spots:  49%|████▉     | 468/952 [02:41<02:58,  2.72it/s]Deconvoluting Remaining Spots:  49%|████▉     | 469/952 [02:41<02:34,  3.14it/s]Deconvoluting Remaining Spots:  49%|████▉     | 470/952 [02:41<02:30,  3.21it/s]Deconvoluting Remaining Spots:  49%|████▉     | 471/952 [02:42<02:23,  3.35it/s]Deconvoluting Remaining Spots:  50%|████▉     | 472/952 [02:42<02:38,  3.03it/s]Deconvoluting Remaining Spots:  50%|████▉     | 473/952 [02:42<02:40,  2.99it/s]Deconvoluting Remaining Spots:  50%|████▉     | 474/952 [02:42<02:19,  3.43it/s]Deconvoluting Remaining Spots:  50%|████▉     | 475/952 [02:43<02:34,  3.09it/s]Deconvoluting Remaining Spots:  50%|█████     | 476/952 [02:43<02:24,  3.29it/s]Deconvoluting Remaining Spots:  50%|█████     | 477/952 [02:43<02:36,  3.03it/s]Deconvoluting Remaining Spots:  50%|█████     | 478/952 [02:44<02:34,  3.06it/s]Deconvoluting Remaining Spots:  50%|█████     | 479/952 [02:44<02:40,  2.95it/s]Deconvoluting Remaining Spots:  50%|█████     | 480/952 [02:44<02:35,  3.04it/s]Deconvoluting Remaining Spots:  51%|█████     | 481/952 [02:45<02:49,  2.78it/s]Deconvoluting Remaining Spots:  51%|█████     | 482/952 [02:45<03:08,  2.49it/s]Deconvoluting Remaining Spots:  51%|█████     | 483/952 [02:46<02:44,  2.85it/s]Deconvoluting Remaining Spots:  51%|█████     | 484/952 [02:46<02:30,  3.11it/s]Deconvoluting Remaining Spots:  51%|█████     | 485/952 [02:46<02:38,  2.96it/s]Deconvoluting Remaining Spots:  51%|█████     | 486/952 [02:47<02:36,  2.98it/s]Deconvoluting Remaining Spots:  51%|█████     | 487/952 [02:47<02:46,  2.79it/s]Deconvoluting Remaining Spots:  51%|█████▏    | 488/952 [02:47<02:33,  3.03it/s]Deconvoluting Remaining Spots:  51%|█████▏    | 489/952 [02:47<02:07,  3.64it/s]Deconvoluting Remaining Spots:  51%|█████▏    | 490/952 [02:48<02:21,  3.26it/s]Deconvoluting Remaining Spots:  52%|█████▏    | 491/952 [02:48<02:50,  2.71it/s]Deconvoluting Remaining Spots:  52%|█████▏    | 492/952 [02:49<03:01,  2.54it/s]Deconvoluting Remaining Spots:  52%|█████▏    | 493/952 [02:49<02:36,  2.93it/s]Deconvoluting Remaining Spots:  52%|█████▏    | 494/952 [02:49<02:33,  2.98it/s]Deconvoluting Remaining Spots:  52%|█████▏    | 495/952 [02:50<02:36,  2.91it/s]Deconvoluting Remaining Spots:  52%|█████▏    | 496/952 [02:50<02:34,  2.95it/s]Deconvoluting Remaining Spots:  52%|█████▏    | 497/952 [02:50<02:35,  2.92it/s]Deconvoluting Remaining Spots:  52%|█████▏    | 498/952 [02:51<02:34,  2.94it/s]Deconvoluting Remaining Spots:  52%|█████▏    | 499/952 [02:51<02:54,  2.60it/s]Deconvoluting Remaining Spots:  53%|█████▎    | 500/952 [02:51<02:42,  2.79it/s]2026-02-18 17:03:01,632 - root - INFO - Saved checkpoint after 500 completed spots
Deconvoluting Remaining Spots:  53%|█████▎    | 501/952 [02:55<10:36,  1.41s/it]Deconvoluting Remaining Spots:  54%|█████▍    | 513/952 [02:56<01:52,  3.92it/s]Deconvoluting Remaining Spots:  54%|█████▍    | 515/952 [02:56<01:55,  3.78it/s]Deconvoluting Remaining Spots:  54%|█████▍    | 516/952 [02:57<01:59,  3.65it/s]Deconvoluting Remaining Spots:  54%|█████▍    | 517/952 [02:57<02:00,  3.60it/s]Deconvoluting Remaining Spots:  54%|█████▍    | 518/952 [02:57<02:07,  3.39it/s]Deconvoluting Remaining Spots:  55%|█████▍    | 519/952 [02:58<02:04,  3.48it/s]Deconvoluting Remaining Spots:  55%|█████▍    | 520/952 [02:58<02:03,  3.49it/s]Deconvoluting Remaining Spots:  55%|█████▍    | 521/952 [02:58<02:09,  3.33it/s]Deconvoluting Remaining Spots:  55%|█████▍    | 522/952 [02:59<02:33,  2.80it/s]Deconvoluting Remaining Spots:  55%|█████▍    | 523/952 [02:59<02:15,  3.17it/s]Deconvoluting Remaining Spots:  55%|█████▌    | 524/952 [02:59<02:20,  3.05it/s]Deconvoluting Remaining Spots:  55%|█████▌    | 525/952 [03:00<02:23,  2.98it/s]Deconvoluting Remaining Spots:  55%|█████▌    | 526/952 [03:00<02:20,  3.03it/s]Deconvoluting Remaining Spots:  55%|█████▌    | 527/952 [03:00<02:02,  3.47it/s]Deconvoluting Remaining Spots:  55%|█████▌    | 528/952 [03:01<02:13,  3.19it/s]Deconvoluting Remaining Spots:  56%|█████▌    | 529/952 [03:01<02:40,  2.64it/s]Deconvoluting Remaining Spots:  56%|█████▌    | 530/952 [03:01<02:08,  3.27it/s]Deconvoluting Remaining Spots:  56%|█████▌    | 531/952 [03:02<02:29,  2.81it/s]Deconvoluting Remaining Spots:  56%|█████▌    | 532/952 [03:02<02:44,  2.55it/s]Deconvoluting Remaining Spots:  56%|█████▌    | 533/952 [03:02<02:27,  2.84it/s]Deconvoluting Remaining Spots:  56%|█████▌    | 534/952 [03:03<02:19,  3.00it/s]Deconvoluting Remaining Spots:  56%|█████▌    | 535/952 [03:03<02:20,  2.97it/s]Deconvoluting Remaining Spots:  56%|█████▋    | 536/952 [03:03<02:26,  2.83it/s]Deconvoluting Remaining Spots:  56%|█████▋    | 537/952 [03:04<02:43,  2.54it/s]Deconvoluting Remaining Spots:  57%|█████▋    | 538/952 [03:04<02:29,  2.76it/s]Deconvoluting Remaining Spots:  57%|█████▋    | 539/952 [03:05<02:22,  2.90it/s]Deconvoluting Remaining Spots:  57%|█████▋    | 540/952 [03:05<02:22,  2.89it/s]Deconvoluting Remaining Spots:  57%|█████▋    | 541/952 [03:05<02:02,  3.36it/s]Deconvoluting Remaining Spots:  57%|█████▋    | 542/952 [03:06<02:28,  2.77it/s]Deconvoluting Remaining Spots:  57%|█████▋    | 543/952 [03:06<02:24,  2.83it/s]Deconvoluting Remaining Spots:  57%|█████▋    | 544/952 [03:06<02:12,  3.08it/s]Deconvoluting Remaining Spots:  57%|█████▋    | 545/952 [03:07<02:40,  2.53it/s]Deconvoluting Remaining Spots:  57%|█████▋    | 546/952 [03:07<02:24,  2.80it/s]Deconvoluting Remaining Spots:  58%|█████▊    | 548/952 [03:07<01:55,  3.49it/s]Deconvoluting Remaining Spots:  58%|█████▊    | 549/952 [03:08<01:49,  3.67it/s]Deconvoluting Remaining Spots:  58%|█████▊    | 550/952 [03:08<02:01,  3.30it/s]Deconvoluting Remaining Spots:  58%|█████▊    | 551/952 [03:08<01:58,  3.38it/s]Deconvoluting Remaining Spots:  58%|█████▊    | 552/952 [03:09<02:29,  2.68it/s]Deconvoluting Remaining Spots:  58%|█████▊    | 554/952 [03:09<02:00,  3.29it/s]Deconvoluting Remaining Spots:  58%|█████▊    | 555/952 [03:10<02:03,  3.22it/s]Deconvoluting Remaining Spots:  58%|█████▊    | 556/952 [03:10<02:05,  3.15it/s]Deconvoluting Remaining Spots:  59%|█████▊    | 557/952 [03:10<02:12,  2.98it/s]Deconvoluting Remaining Spots:  59%|█████▊    | 558/952 [03:11<02:11,  2.99it/s]Deconvoluting Remaining Spots:  59%|█████▊    | 559/952 [03:11<02:18,  2.84it/s]Deconvoluting Remaining Spots:  59%|█████▉    | 560/952 [03:12<02:43,  2.39it/s]Deconvoluting Remaining Spots:  59%|█████▉    | 561/952 [03:12<02:19,  2.79it/s]Deconvoluting Remaining Spots:  59%|█████▉    | 562/952 [03:12<02:01,  3.20it/s]Deconvoluting Remaining Spots:  59%|█████▉    | 563/952 [03:12<01:58,  3.29it/s]Deconvoluting Remaining Spots:  59%|█████▉    | 564/952 [03:13<02:30,  2.57it/s]Deconvoluting Remaining Spots:  59%|█████▉    | 565/952 [03:13<01:59,  3.25it/s]Deconvoluting Remaining Spots:  59%|█████▉    | 566/952 [03:13<02:03,  3.13it/s]Deconvoluting Remaining Spots:  60%|█████▉    | 567/952 [03:14<02:03,  3.11it/s]Deconvoluting Remaining Spots:  60%|█████▉    | 568/952 [03:14<02:11,  2.93it/s]Deconvoluting Remaining Spots:  60%|█████▉    | 569/952 [03:14<02:07,  3.00it/s]Deconvoluting Remaining Spots:  60%|█████▉    | 570/952 [03:15<02:40,  2.38it/s]Deconvoluting Remaining Spots:  60%|█████▉    | 571/952 [03:15<02:37,  2.43it/s]Deconvoluting Remaining Spots:  60%|██████    | 572/952 [03:16<02:21,  2.68it/s]Deconvoluting Remaining Spots:  60%|██████    | 573/952 [03:16<01:59,  3.17it/s]Deconvoluting Remaining Spots:  60%|██████    | 574/952 [03:16<02:12,  2.86it/s]Deconvoluting Remaining Spots:  60%|██████    | 575/952 [03:17<01:58,  3.18it/s]Deconvoluting Remaining Spots:  61%|██████    | 576/952 [03:17<01:48,  3.46it/s]Deconvoluting Remaining Spots:  61%|██████    | 577/952 [03:17<01:57,  3.20it/s]Deconvoluting Remaining Spots:  61%|██████    | 578/952 [03:18<01:53,  3.30it/s]Deconvoluting Remaining Spots:  61%|██████    | 579/952 [03:18<01:55,  3.22it/s]Deconvoluting Remaining Spots:  61%|██████    | 580/952 [03:18<01:56,  3.18it/s]Deconvoluting Remaining Spots:  61%|██████    | 581/952 [03:18<01:48,  3.43it/s]Deconvoluting Remaining Spots:  61%|██████    | 582/952 [03:19<02:28,  2.49it/s]Deconvoluting Remaining Spots:  61%|██████    | 583/952 [03:19<02:01,  3.04it/s]Deconvoluting Remaining Spots:  61%|██████▏   | 584/952 [03:20<02:15,  2.72it/s]Deconvoluting Remaining Spots:  61%|██████▏   | 585/952 [03:20<01:48,  3.38it/s]Deconvoluting Remaining Spots:  62%|██████▏   | 586/952 [03:20<01:59,  3.06it/s]Deconvoluting Remaining Spots:  62%|██████▏   | 587/952 [03:20<01:50,  3.32it/s]Deconvoluting Remaining Spots:  62%|██████▏   | 588/952 [03:21<01:59,  3.06it/s]Deconvoluting Remaining Spots:  62%|██████▏   | 589/952 [03:21<01:51,  3.25it/s]Deconvoluting Remaining Spots:  62%|██████▏   | 590/952 [03:21<01:46,  3.39it/s]Deconvoluting Remaining Spots:  62%|██████▏   | 591/952 [03:22<01:52,  3.22it/s]Deconvoluting Remaining Spots:  62%|██████▏   | 592/952 [03:22<01:59,  3.00it/s]Deconvoluting Remaining Spots:  62%|██████▏   | 593/952 [03:23<02:16,  2.62it/s]Deconvoluting Remaining Spots:  62%|██████▏   | 594/952 [03:23<01:53,  3.15it/s]Deconvoluting Remaining Spots:  62%|██████▎   | 595/952 [03:23<02:39,  2.24it/s]Deconvoluting Remaining Spots:  63%|██████▎   | 597/952 [03:24<01:52,  3.15it/s]Deconvoluting Remaining Spots:  63%|██████▎   | 598/952 [03:24<01:49,  3.23it/s]Deconvoluting Remaining Spots:  63%|██████▎   | 599/952 [03:24<01:45,  3.34it/s]Deconvoluting Remaining Spots:  63%|██████▎   | 600/952 [03:25<01:54,  3.06it/s]2026-02-18 17:03:35,567 - root - INFO - Saved checkpoint after 600 completed spots
Deconvoluting Remaining Spots:  63%|██████▎   | 601/952 [03:29<08:44,  1.49s/it]Deconvoluting Remaining Spots:  64%|██████▍   | 614/952 [03:30<01:35,  3.53it/s]Deconvoluting Remaining Spots:  65%|██████▍   | 615/952 [03:30<01:34,  3.56it/s]Deconvoluting Remaining Spots:  65%|██████▍   | 616/952 [03:31<01:37,  3.46it/s]Deconvoluting Remaining Spots:  65%|██████▍   | 617/952 [03:31<01:32,  3.61it/s]Deconvoluting Remaining Spots:  65%|██████▍   | 618/952 [03:31<01:32,  3.60it/s]Deconvoluting Remaining Spots:  65%|██████▌   | 619/952 [03:31<01:31,  3.62it/s]Deconvoluting Remaining Spots:  65%|██████▌   | 620/952 [03:32<01:38,  3.36it/s]Deconvoluting Remaining Spots:  65%|██████▌   | 621/952 [03:32<01:37,  3.40it/s]Deconvoluting Remaining Spots:  65%|██████▌   | 622/952 [03:32<01:40,  3.28it/s]Deconvoluting Remaining Spots:  65%|██████▌   | 623/952 [03:33<01:41,  3.24it/s]Deconvoluting Remaining Spots:  66%|██████▌   | 624/952 [03:33<01:42,  3.20it/s]Deconvoluting Remaining Spots:  66%|██████▌   | 625/952 [03:33<02:00,  2.72it/s]Deconvoluting Remaining Spots:  66%|██████▌   | 626/952 [03:34<01:40,  3.26it/s]Deconvoluting Remaining Spots:  66%|██████▌   | 627/952 [03:34<01:43,  3.14it/s]Deconvoluting Remaining Spots:  66%|██████▌   | 628/952 [03:34<01:42,  3.17it/s]Deconvoluting Remaining Spots:  66%|██████▌   | 629/952 [03:35<01:41,  3.17it/s]Deconvoluting Remaining Spots:  66%|██████▌   | 630/952 [03:35<01:53,  2.84it/s]Deconvoluting Remaining Spots:  66%|██████▋   | 631/952 [03:35<01:41,  3.17it/s]Deconvoluting Remaining Spots:  66%|██████▋   | 632/952 [03:36<01:51,  2.88it/s]Deconvoluting Remaining Spots:  66%|██████▋   | 633/952 [03:36<01:39,  3.22it/s]Deconvoluting Remaining Spots:  67%|██████▋   | 634/952 [03:36<01:51,  2.86it/s]Deconvoluting Remaining Spots:  67%|██████▋   | 635/952 [03:36<01:33,  3.40it/s]Deconvoluting Remaining Spots:  67%|██████▋   | 636/952 [03:37<01:44,  3.01it/s]Deconvoluting Remaining Spots:  67%|██████▋   | 637/952 [03:37<01:35,  3.31it/s]Deconvoluting Remaining Spots:  67%|██████▋   | 638/952 [03:37<01:39,  3.16it/s]Deconvoluting Remaining Spots:  67%|██████▋   | 639/952 [03:38<01:40,  3.11it/s]Deconvoluting Remaining Spots:  67%|██████▋   | 640/952 [03:38<01:33,  3.34it/s]Deconvoluting Remaining Spots:  67%|██████▋   | 641/952 [03:38<01:37,  3.18it/s]Deconvoluting Remaining Spots:  67%|██████▋   | 642/952 [03:39<01:35,  3.25it/s]Deconvoluting Remaining Spots:  68%|██████▊   | 643/952 [03:39<01:45,  2.94it/s]Deconvoluting Remaining Spots:  68%|██████▊   | 644/952 [03:39<01:42,  3.02it/s]Deconvoluting Remaining Spots:  68%|██████▊   | 645/952 [03:40<01:55,  2.66it/s]Deconvoluting Remaining Spots:  68%|██████▊   | 646/952 [03:40<02:00,  2.54it/s]Deconvoluting Remaining Spots:  68%|██████▊   | 648/952 [03:41<01:33,  3.26it/s]Deconvoluting Remaining Spots:  68%|██████▊   | 649/952 [03:41<01:39,  3.04it/s]Deconvoluting Remaining Spots:  68%|██████▊   | 650/952 [03:41<01:27,  3.45it/s]Deconvoluting Remaining Spots:  68%|██████▊   | 651/952 [03:42<01:31,  3.27it/s]Deconvoluting Remaining Spots:  68%|██████▊   | 652/952 [03:42<01:23,  3.59it/s]Deconvoluting Remaining Spots:  69%|██████▊   | 653/952 [03:42<01:24,  3.55it/s]Deconvoluting Remaining Spots:  69%|██████▊   | 654/952 [03:42<01:24,  3.53it/s]Deconvoluting Remaining Spots:  69%|██████▉   | 655/952 [03:43<01:29,  3.31it/s]Deconvoluting Remaining Spots:  69%|██████▉   | 656/952 [03:43<01:41,  2.93it/s]Deconvoluting Remaining Spots:  69%|██████▉   | 657/952 [03:44<01:43,  2.86it/s]Deconvoluting Remaining Spots:  69%|██████▉   | 658/952 [03:44<01:33,  3.15it/s]Deconvoluting Remaining Spots:  69%|██████▉   | 659/952 [03:44<01:30,  3.22it/s]Deconvoluting Remaining Spots:  69%|██████▉   | 660/952 [03:44<01:30,  3.22it/s]Deconvoluting Remaining Spots:  69%|██████▉   | 661/952 [03:45<01:47,  2.72it/s]Deconvoluting Remaining Spots:  70%|██████▉   | 662/952 [03:45<01:28,  3.29it/s]Deconvoluting Remaining Spots:  70%|██████▉   | 663/952 [03:45<01:30,  3.20it/s]Deconvoluting Remaining Spots:  70%|██████▉   | 664/952 [03:46<01:31,  3.16it/s]Deconvoluting Remaining Spots:  70%|██████▉   | 665/952 [03:46<01:34,  3.05it/s]Deconvoluting Remaining Spots:  70%|██████▉   | 666/952 [03:47<01:44,  2.75it/s]Deconvoluting Remaining Spots:  70%|███████   | 667/952 [03:47<01:31,  3.11it/s]Deconvoluting Remaining Spots:  70%|███████   | 668/952 [03:47<01:33,  3.04it/s]Deconvoluting Remaining Spots:  70%|███████   | 669/952 [03:48<01:42,  2.76it/s]Deconvoluting Remaining Spots:  70%|███████   | 670/952 [03:48<01:25,  3.28it/s]Deconvoluting Remaining Spots:  70%|███████   | 671/952 [03:48<01:34,  2.96it/s]Deconvoluting Remaining Spots:  71%|███████   | 672/952 [03:48<01:22,  3.38it/s]Deconvoluting Remaining Spots:  71%|███████   | 673/952 [03:49<01:55,  2.42it/s]Deconvoluting Remaining Spots:  71%|███████   | 675/952 [03:50<01:33,  2.97it/s]Deconvoluting Remaining Spots:  71%|███████   | 676/952 [03:50<01:34,  2.93it/s]Deconvoluting Remaining Spots:  71%|███████   | 677/952 [03:50<01:16,  3.59it/s]Deconvoluting Remaining Spots:  71%|███████   | 678/952 [03:51<01:54,  2.40it/s]Deconvoluting Remaining Spots:  71%|███████▏  | 679/952 [03:51<01:35,  2.87it/s]Deconvoluting Remaining Spots:  71%|███████▏  | 680/952 [03:51<01:31,  2.96it/s]Deconvoluting Remaining Spots:  72%|███████▏  | 682/952 [03:52<01:10,  3.82it/s]Deconvoluting Remaining Spots:  72%|███████▏  | 683/952 [03:52<01:11,  3.78it/s]Deconvoluting Remaining Spots:  72%|███████▏  | 684/952 [03:52<01:26,  3.09it/s]Deconvoluting Remaining Spots:  72%|███████▏  | 685/952 [03:53<01:23,  3.19it/s]Deconvoluting Remaining Spots:  72%|███████▏  | 686/952 [03:53<01:21,  3.26it/s]Deconvoluting Remaining Spots:  72%|███████▏  | 687/952 [03:53<01:19,  3.33it/s]Deconvoluting Remaining Spots:  72%|███████▏  | 688/952 [03:54<01:21,  3.22it/s]Deconvoluting Remaining Spots:  72%|███████▏  | 689/952 [03:54<01:21,  3.21it/s]Deconvoluting Remaining Spots:  72%|███████▏  | 690/952 [03:54<01:24,  3.12it/s]Deconvoluting Remaining Spots:  73%|███████▎  | 691/952 [03:55<01:29,  2.92it/s]Deconvoluting Remaining Spots:  73%|███████▎  | 692/952 [03:55<01:52,  2.31it/s]Deconvoluting Remaining Spots:  73%|███████▎  | 694/952 [03:56<01:22,  3.14it/s]Deconvoluting Remaining Spots:  73%|███████▎  | 695/952 [03:56<01:22,  3.11it/s]Deconvoluting Remaining Spots:  73%|███████▎  | 696/952 [03:56<01:31,  2.80it/s]Deconvoluting Remaining Spots:  73%|███████▎  | 697/952 [03:57<01:17,  3.29it/s]Deconvoluting Remaining Spots:  73%|███████▎  | 698/952 [03:57<01:17,  3.30it/s]Deconvoluting Remaining Spots:  73%|███████▎  | 699/952 [03:57<01:17,  3.27it/s]Deconvoluting Remaining Spots:  74%|███████▎  | 700/952 [03:58<01:24,  2.99it/s]2026-02-18 17:04:09,509 - root - INFO - Saved checkpoint after 700 completed spots
Deconvoluting Remaining Spots:  74%|███████▎  | 701/952 [04:03<07:50,  1.87s/it]Deconvoluting Remaining Spots:  75%|███████▌  | 718/952 [04:04<00:57,  4.06it/s]Deconvoluting Remaining Spots:  76%|███████▌  | 720/952 [04:04<01:01,  3.78it/s]Deconvoluting Remaining Spots:  76%|███████▌  | 722/952 [04:05<01:04,  3.56it/s]Deconvoluting Remaining Spots:  76%|███████▌  | 724/952 [04:06<01:04,  3.52it/s]Deconvoluting Remaining Spots:  76%|███████▌  | 725/952 [04:06<01:07,  3.36it/s]Deconvoluting Remaining Spots:  76%|███████▋  | 726/952 [04:06<01:04,  3.48it/s]Deconvoluting Remaining Spots:  76%|███████▋  | 727/952 [04:07<01:05,  3.42it/s]Deconvoluting Remaining Spots:  76%|███████▋  | 728/952 [04:07<01:12,  3.07it/s]Deconvoluting Remaining Spots:  77%|███████▋  | 729/952 [04:07<01:04,  3.43it/s]Deconvoluting Remaining Spots:  77%|███████▋  | 730/952 [04:08<01:11,  3.12it/s]Deconvoluting Remaining Spots:  77%|███████▋  | 731/952 [04:08<00:59,  3.73it/s]Deconvoluting Remaining Spots:  77%|███████▋  | 732/952 [04:08<01:05,  3.35it/s]Deconvoluting Remaining Spots:  77%|███████▋  | 733/952 [04:08<01:04,  3.40it/s]Deconvoluting Remaining Spots:  77%|███████▋  | 734/952 [04:09<01:13,  2.96it/s]Deconvoluting Remaining Spots:  77%|███████▋  | 735/952 [04:09<01:07,  3.19it/s]Deconvoluting Remaining Spots:  77%|███████▋  | 736/952 [04:09<01:00,  3.55it/s]Deconvoluting Remaining Spots:  77%|███████▋  | 737/952 [04:10<01:02,  3.43it/s]Deconvoluting Remaining Spots:  78%|███████▊  | 738/952 [04:10<01:13,  2.89it/s]Deconvoluting Remaining Spots:  78%|███████▊  | 739/952 [04:10<01:05,  3.27it/s]Deconvoluting Remaining Spots:  78%|███████▊  | 740/952 [04:11<01:10,  3.00it/s]Deconvoluting Remaining Spots:  78%|███████▊  | 741/952 [04:11<01:27,  2.40it/s]Deconvoluting Remaining Spots:  78%|███████▊  | 742/952 [04:12<01:13,  2.87it/s]Deconvoluting Remaining Spots:  78%|███████▊  | 743/952 [04:12<01:16,  2.74it/s]Deconvoluting Remaining Spots:  78%|███████▊  | 744/952 [04:12<01:00,  3.44it/s]Deconvoluting Remaining Spots:  78%|███████▊  | 745/952 [04:12<01:09,  2.97it/s]Deconvoluting Remaining Spots:  78%|███████▊  | 746/952 [04:13<01:01,  3.36it/s]Deconvoluting Remaining Spots:  78%|███████▊  | 747/952 [04:13<01:01,  3.33it/s]Deconvoluting Remaining Spots:  79%|███████▊  | 748/952 [04:13<01:08,  2.96it/s]Deconvoluting Remaining Spots:  79%|███████▊  | 749/952 [04:14<01:06,  3.04it/s]Deconvoluting Remaining Spots:  79%|███████▉  | 750/952 [04:14<01:03,  3.19it/s]Deconvoluting Remaining Spots:  79%|███████▉  | 751/952 [04:14<01:01,  3.26it/s]Deconvoluting Remaining Spots:  79%|███████▉  | 752/952 [04:15<01:18,  2.56it/s]Deconvoluting Remaining Spots:  79%|███████▉  | 753/952 [04:15<01:01,  3.24it/s]Deconvoluting Remaining Spots:  79%|███████▉  | 754/952 [04:15<01:03,  3.14it/s]Deconvoluting Remaining Spots:  79%|███████▉  | 755/952 [04:16<01:16,  2.57it/s]Deconvoluting Remaining Spots:  79%|███████▉  | 756/952 [04:16<01:07,  2.92it/s]Deconvoluting Remaining Spots:  80%|███████▉  | 757/952 [04:17<01:12,  2.69it/s]Deconvoluting Remaining Spots:  80%|███████▉  | 758/952 [04:17<01:00,  3.22it/s]Deconvoluting Remaining Spots:  80%|███████▉  | 759/952 [04:17<01:11,  2.69it/s]Deconvoluting Remaining Spots:  80%|███████▉  | 760/952 [04:18<01:08,  2.81it/s]Deconvoluting Remaining Spots:  80%|███████▉  | 761/952 [04:18<00:54,  3.49it/s]Deconvoluting Remaining Spots:  80%|████████  | 762/952 [04:18<01:14,  2.56it/s]Deconvoluting Remaining Spots:  80%|████████  | 764/952 [04:19<00:54,  3.45it/s]Deconvoluting Remaining Spots:  80%|████████  | 765/952 [04:19<01:01,  3.05it/s]Deconvoluting Remaining Spots:  80%|████████  | 766/952 [04:19<00:49,  3.72it/s]Deconvoluting Remaining Spots:  81%|████████  | 767/952 [04:20<00:51,  3.63it/s]Deconvoluting Remaining Spots:  81%|████████  | 768/952 [04:20<01:01,  2.98it/s]Deconvoluting Remaining Spots:  81%|████████  | 769/952 [04:20<01:02,  2.92it/s]Deconvoluting Remaining Spots:  81%|████████  | 770/952 [04:21<01:16,  2.37it/s]Deconvoluting Remaining Spots:  81%|████████  | 772/952 [04:21<01:01,  2.95it/s]Deconvoluting Remaining Spots:  81%|████████  | 773/952 [04:22<01:05,  2.75it/s]Deconvoluting Remaining Spots:  81%|████████▏ | 774/952 [04:22<00:55,  3.18it/s]Deconvoluting Remaining Spots:  81%|████████▏ | 775/952 [04:22<00:56,  3.12it/s]Deconvoluting Remaining Spots:  82%|████████▏ | 776/952 [04:23<00:55,  3.17it/s]Deconvoluting Remaining Spots:  82%|████████▏ | 777/952 [04:23<01:05,  2.66it/s]Deconvoluting Remaining Spots:  82%|████████▏ | 778/952 [04:23<00:57,  3.05it/s]Deconvoluting Remaining Spots:  82%|████████▏ | 779/952 [04:24<00:51,  3.36it/s]Deconvoluting Remaining Spots:  82%|████████▏ | 780/952 [04:24<01:07,  2.54it/s]Deconvoluting Remaining Spots:  82%|████████▏ | 781/952 [04:25<01:02,  2.73it/s]Deconvoluting Remaining Spots:  82%|████████▏ | 782/952 [04:25<01:01,  2.78it/s]Deconvoluting Remaining Spots:  82%|████████▏ | 783/952 [04:25<00:56,  2.97it/s]Deconvoluting Remaining Spots:  82%|████████▏ | 784/952 [04:26<00:56,  2.98it/s]Deconvoluting Remaining Spots:  82%|████████▏ | 785/952 [04:26<00:57,  2.91it/s]Deconvoluting Remaining Spots:  83%|████████▎ | 786/952 [04:26<00:51,  3.24it/s]Deconvoluting Remaining Spots:  83%|████████▎ | 787/952 [04:26<00:52,  3.16it/s]Deconvoluting Remaining Spots:  83%|████████▎ | 788/952 [04:27<00:52,  3.14it/s]Deconvoluting Remaining Spots:  83%|████████▎ | 789/952 [04:27<00:52,  3.10it/s]Deconvoluting Remaining Spots:  83%|████████▎ | 790/952 [04:27<00:50,  3.23it/s]Deconvoluting Remaining Spots:  83%|████████▎ | 791/952 [04:28<00:49,  3.23it/s]Deconvoluting Remaining Spots:  83%|████████▎ | 792/952 [04:28<00:53,  2.97it/s]Deconvoluting Remaining Spots:  83%|████████▎ | 793/952 [04:28<00:51,  3.07it/s]Deconvoluting Remaining Spots:  83%|████████▎ | 794/952 [04:29<00:47,  3.32it/s]Deconvoluting Remaining Spots:  84%|████████▎ | 795/952 [04:29<00:48,  3.23it/s]Deconvoluting Remaining Spots:  84%|████████▎ | 796/952 [04:29<00:48,  3.19it/s]Deconvoluting Remaining Spots:  84%|████████▎ | 797/952 [04:30<00:49,  3.12it/s]Deconvoluting Remaining Spots:  84%|████████▍ | 798/952 [04:30<00:42,  3.65it/s]Deconvoluting Remaining Spots:  84%|████████▍ | 799/952 [04:30<00:49,  3.10it/s]Deconvoluting Remaining Spots:  84%|████████▍ | 800/952 [04:31<00:48,  3.13it/s]2026-02-18 17:04:43,481 - root - INFO - Saved checkpoint after 800 completed spots
Deconvoluting Remaining Spots:  84%|████████▍ | 801/952 [04:37<05:34,  2.21s/it]Deconvoluting Remaining Spots:  86%|████████▌ | 820/952 [04:37<00:33,  4.00it/s]Deconvoluting Remaining Spots:  87%|████████▋ | 824/952 [04:39<00:34,  3.74it/s]Deconvoluting Remaining Spots:  87%|████████▋ | 827/952 [04:40<00:34,  3.61it/s]Deconvoluting Remaining Spots:  87%|████████▋ | 829/952 [04:40<00:32,  3.77it/s]Deconvoluting Remaining Spots:  87%|████████▋ | 831/952 [04:41<00:34,  3.49it/s]Deconvoluting Remaining Spots:  88%|████████▊ | 833/952 [04:41<00:34,  3.42it/s]Deconvoluting Remaining Spots:  88%|████████▊ | 834/952 [04:42<00:33,  3.55it/s]Deconvoluting Remaining Spots:  88%|████████▊ | 835/952 [04:42<00:33,  3.52it/s]Deconvoluting Remaining Spots:  88%|████████▊ | 836/952 [04:42<00:35,  3.29it/s]Deconvoluting Remaining Spots:  88%|████████▊ | 837/952 [04:43<00:41,  2.80it/s]Deconvoluting Remaining Spots:  88%|████████▊ | 839/952 [04:43<00:36,  3.07it/s]Deconvoluting Remaining Spots:  88%|████████▊ | 840/952 [04:44<00:34,  3.29it/s]Deconvoluting Remaining Spots:  88%|████████▊ | 841/952 [04:44<00:37,  2.97it/s]Deconvoluting Remaining Spots:  88%|████████▊ | 842/952 [04:45<00:40,  2.74it/s]Deconvoluting Remaining Spots:  89%|████████▊ | 843/952 [04:45<00:33,  3.27it/s]Deconvoluting Remaining Spots:  89%|████████▊ | 844/952 [04:45<00:28,  3.83it/s]Deconvoluting Remaining Spots:  89%|████████▉ | 845/952 [04:45<00:28,  3.76it/s]Deconvoluting Remaining Spots:  89%|████████▉ | 846/952 [04:45<00:30,  3.49it/s]Deconvoluting Remaining Spots:  89%|████████▉ | 847/952 [04:46<00:30,  3.50it/s]Deconvoluting Remaining Spots:  89%|████████▉ | 848/952 [04:46<00:39,  2.65it/s]Deconvoluting Remaining Spots:  89%|████████▉ | 849/952 [04:47<00:37,  2.72it/s]Deconvoluting Remaining Spots:  89%|████████▉ | 850/952 [04:47<00:31,  3.24it/s]Deconvoluting Remaining Spots:  89%|████████▉ | 851/952 [04:47<00:29,  3.39it/s]Deconvoluting Remaining Spots:  89%|████████▉ | 852/952 [04:47<00:29,  3.44it/s]Deconvoluting Remaining Spots:  90%|████████▉ | 853/952 [04:48<00:33,  2.94it/s]Deconvoluting Remaining Spots:  90%|████████▉ | 854/952 [04:48<00:33,  2.96it/s]Deconvoluting Remaining Spots:  90%|████████▉ | 855/952 [04:48<00:31,  3.10it/s]Deconvoluting Remaining Spots:  90%|████████▉ | 856/952 [04:49<00:34,  2.80it/s]Deconvoluting Remaining Spots:  90%|█████████ | 857/952 [04:49<00:32,  2.96it/s]Deconvoluting Remaining Spots:  90%|█████████ | 858/952 [04:49<00:29,  3.15it/s]Deconvoluting Remaining Spots:  90%|█████████ | 859/952 [04:50<00:24,  3.83it/s]Deconvoluting Remaining Spots:  90%|█████████ | 860/952 [04:50<00:26,  3.42it/s]Deconvoluting Remaining Spots:  90%|█████████ | 861/952 [04:50<00:27,  3.33it/s]Deconvoluting Remaining Spots:  91%|█████████ | 862/952 [04:51<00:29,  3.06it/s]Deconvoluting Remaining Spots:  91%|█████████ | 863/952 [04:51<00:32,  2.70it/s]Deconvoluting Remaining Spots:  91%|█████████ | 864/952 [04:51<00:29,  2.97it/s]Deconvoluting Remaining Spots:  91%|█████████ | 865/952 [04:52<00:24,  3.53it/s]Deconvoluting Remaining Spots:  91%|█████████ | 866/952 [04:52<00:26,  3.31it/s]Deconvoluting Remaining Spots:  91%|█████████ | 867/952 [04:52<00:26,  3.23it/s]Deconvoluting Remaining Spots:  91%|█████████ | 868/952 [04:53<00:25,  3.25it/s]Deconvoluting Remaining Spots:  91%|█████████▏| 869/952 [04:53<00:26,  3.15it/s]Deconvoluting Remaining Spots:  91%|█████████▏| 870/952 [04:53<00:28,  2.92it/s]Deconvoluting Remaining Spots:  91%|█████████▏| 871/952 [04:54<00:27,  2.94it/s]Deconvoluting Remaining Spots:  92%|█████████▏| 872/952 [04:54<00:24,  3.31it/s]Deconvoluting Remaining Spots:  92%|█████████▏| 873/952 [04:55<00:34,  2.31it/s]Deconvoluting Remaining Spots:  92%|█████████▏| 874/952 [04:55<00:27,  2.82it/s]Deconvoluting Remaining Spots:  92%|█████████▏| 875/952 [04:55<00:23,  3.26it/s]Deconvoluting Remaining Spots:  92%|█████████▏| 876/952 [04:55<00:23,  3.27it/s]Deconvoluting Remaining Spots:  92%|█████████▏| 877/952 [04:55<00:19,  3.76it/s]Deconvoluting Remaining Spots:  92%|█████████▏| 878/952 [04:56<00:21,  3.51it/s]Deconvoluting Remaining Spots:  92%|█████████▏| 879/952 [04:56<00:22,  3.19it/s]Deconvoluting Remaining Spots:  92%|█████████▏| 880/952 [04:57<00:23,  3.02it/s]Deconvoluting Remaining Spots:  93%|█████████▎| 881/952 [04:57<00:25,  2.84it/s]Deconvoluting Remaining Spots:  93%|█████████▎| 882/952 [04:57<00:20,  3.50it/s]Deconvoluting Remaining Spots:  93%|█████████▎| 883/952 [04:58<00:26,  2.59it/s]Deconvoluting Remaining Spots:  93%|█████████▎| 884/952 [04:58<00:22,  3.09it/s]Deconvoluting Remaining Spots:  93%|█████████▎| 885/952 [04:58<00:22,  3.04it/s]Deconvoluting Remaining Spots:  93%|█████████▎| 886/952 [04:59<00:23,  2.83it/s]Deconvoluting Remaining Spots:  93%|█████████▎| 887/952 [04:59<00:21,  3.02it/s]Deconvoluting Remaining Spots:  93%|█████████▎| 888/952 [04:59<00:23,  2.70it/s]Deconvoluting Remaining Spots:  93%|█████████▎| 890/952 [05:00<00:16,  3.83it/s]Deconvoluting Remaining Spots:  94%|█████████▎| 891/952 [05:00<00:17,  3.43it/s]Deconvoluting Remaining Spots:  94%|█████████▎| 892/952 [05:00<00:16,  3.63it/s]Deconvoluting Remaining Spots:  94%|█████████▍| 893/952 [05:01<00:17,  3.46it/s]Deconvoluting Remaining Spots:  94%|█████████▍| 894/952 [05:01<00:20,  2.84it/s]Deconvoluting Remaining Spots:  94%|█████████▍| 895/952 [05:01<00:16,  3.42it/s]Deconvoluting Remaining Spots:  94%|█████████▍| 896/952 [05:02<00:17,  3.19it/s]Deconvoluting Remaining Spots:  94%|█████████▍| 897/952 [05:02<00:16,  3.37it/s]Deconvoluting Remaining Spots:  94%|█████████▍| 898/952 [05:02<00:17,  3.03it/s]Deconvoluting Remaining Spots:  94%|█████████▍| 899/952 [05:03<00:19,  2.76it/s]Deconvoluting Remaining Spots:  95%|█████████▍| 900/952 [05:03<00:17,  2.97it/s]2026-02-18 17:05:16,169 - root - INFO - Saved checkpoint after 900 completed spots
Deconvoluting Remaining Spots:  95%|█████████▍| 901/952 [05:10<01:57,  2.30s/it]Deconvoluting Remaining Spots:  97%|█████████▋| 922/952 [05:10<00:07,  4.07it/s]Deconvoluting Remaining Spots:  97%|█████████▋| 925/952 [05:11<00:07,  3.78it/s]Deconvoluting Remaining Spots:  97%|█████████▋| 927/952 [05:12<00:06,  3.71it/s]Deconvoluting Remaining Spots:  98%|█████████▊| 929/952 [05:12<00:06,  3.76it/s]Deconvoluting Remaining Spots:  98%|█████████▊| 930/952 [05:13<00:06,  3.64it/s]Deconvoluting Remaining Spots:  98%|█████████▊| 931/952 [05:13<00:05,  3.51it/s]Deconvoluting Remaining Spots:  98%|█████████▊| 932/952 [05:13<00:05,  3.53it/s]Deconvoluting Remaining Spots:  98%|█████████▊| 933/952 [05:14<00:05,  3.52it/s]Deconvoluting Remaining Spots:  98%|█████████▊| 934/952 [05:14<00:06,  2.88it/s]Deconvoluting Remaining Spots:  98%|█████████▊| 935/952 [05:15<00:05,  3.11it/s]Deconvoluting Remaining Spots:  98%|█████████▊| 936/952 [05:15<00:04,  3.51it/s]Deconvoluting Remaining Spots:  98%|█████████▊| 937/952 [05:15<00:04,  3.40it/s]Deconvoluting Remaining Spots:  99%|█████████▊| 938/952 [05:15<00:04,  3.22it/s]Deconvoluting Remaining Spots:  99%|█████████▊| 939/952 [05:16<00:03,  3.51it/s]Deconvoluting Remaining Spots:  99%|█████████▊| 940/952 [05:16<00:03,  3.44it/s]Deconvoluting Remaining Spots:  99%|█████████▉| 941/952 [05:16<00:02,  3.75it/s]Deconvoluting Remaining Spots:  99%|█████████▉| 942/952 [05:16<00:02,  3.55it/s]Deconvoluting Remaining Spots:  99%|█████████▉| 943/952 [05:17<00:02,  3.30it/s]Deconvoluting Remaining Spots:  99%|█████████▉| 944/952 [05:17<00:02,  3.35it/s]Deconvoluting Remaining Spots:  99%|█████████▉| 945/952 [05:17<00:02,  3.40it/s]Deconvoluting Remaining Spots:  99%|█████████▉| 946/952 [05:18<00:01,  3.03it/s]Deconvoluting Remaining Spots:  99%|█████████▉| 947/952 [05:18<00:01,  2.54it/s]Deconvoluting Remaining Spots: 100%|█████████▉| 948/952 [05:18<00:01,  3.23it/s]Deconvoluting Remaining Spots: 100%|█████████▉| 949/952 [05:19<00:01,  2.63it/s]Deconvoluting Remaining Spots: 100%|█████████▉| 950/952 [05:19<00:00,  3.15it/s]Deconvoluting Remaining Spots: 100%|█████████▉| 951/952 [05:19<00:00,  3.07it/s]Deconvoluting Remaining Spots: 100%|██████████| 952/952 [05:20<00:00,  3.11it/s]Deconvoluting Remaining Spots: 100%|██████████| 952/952 [05:20<00:00,  2.97it/s]
2026-02-18 17:05:32,603 - root - INFO - Saved final results with 952 completed spots
2026-02-18 17:05:38,984 - root - INFO - Saved profiles to Benchmarking/simulation_benchmarking/CITEgeist/output_discrete_slack_only/mixed/dapi/mixed/dapi/Wu_rep_1/Wu_rep_1_gene_expression_pass1.parquet with cell types: ['B-cells', 'CAFs', 'Cancer Epithelial', 'Endothelial', 'Myeloid', 'Normal Epithelial', 'PVL', 'Plasmablasts', 'T-cells']
2026-02-18 17:05:41,171 - root - INFO - Successfully added layer: Cancer_Epithelial_genes_pass1
2026-02-18 17:05:41,425 - root - INFO - Successfully added layer: Normal_Epithelial_genes_pass1
2026-02-18 17:05:41,681 - root - INFO - Successfully added layer: T-cells_genes_pass1
2026-02-18 17:05:41,934 - root - INFO - Successfully added layer: B-cells_genes_pass1
2026-02-18 17:05:42,186 - root - INFO - Successfully added layer: PVL_genes_pass1
2026-02-18 17:05:42,437 - root - INFO - Successfully added layer: CAFs_genes_pass1
2026-02-18 17:05:42,693 - root - INFO - Successfully added layer: Myeloid_genes_pass1
2026-02-18 17:05:42,948 - root - INFO - Successfully added layer: Plasmablasts_genes_pass1
2026-02-18 17:05:43,201 - root - INFO - Successfully added layer: Endothelial_genes_pass1
2026-02-18 17:05:54,887 - root - INFO - Exported layer 'Cancer_Epithelial_genes_pass1' to 'Benchmarking/simulation_benchmarking/CITEgeist/output_discrete_slack_only/mixed/dapi/mixed/dapi/Wu_rep_1/Wu_rep_1_pass1/layers/pass1/Cancer_Epithelial_layer_pass1.csv'
2026-02-18 17:06:06,431 - root - INFO - Exported layer 'Normal_Epithelial_genes_pass1' to 'Benchmarking/simulation_benchmarking/CITEgeist/output_discrete_slack_only/mixed/dapi/mixed/dapi/Wu_rep_1/Wu_rep_1_pass1/layers/pass1/Normal_Epithelial_layer_pass1.csv'
2026-02-18 17:06:17,970 - root - INFO - Exported layer 'T-cells_genes_pass1' to 'Benchmarking/simulation_benchmarking/CITEgeist/output_discrete_slack_only/mixed/dapi/mixed/dapi/Wu_rep_1/Wu_rep_1_pass1/layers/pass1/T-cells_layer_pass1.csv'
2026-02-18 17:06:29,526 - root - INFO - Exported layer 'B-cells_genes_pass1' to 'Benchmarking/simulation_benchmarking/CITEgeist/output_discrete_slack_only/mixed/dapi/mixed/dapi/Wu_rep_1/Wu_rep_1_pass1/layers/pass1/B-cells_layer_pass1.csv'
2026-02-18 17:06:42,060 - root - INFO - Exported layer 'PVL_genes_pass1' to 'Benchmarking/simulation_benchmarking/CITEgeist/output_discrete_slack_only/mixed/dapi/mixed/dapi/Wu_rep_1/Wu_rep_1_pass1/layers/pass1/PVL_layer_pass1.csv'
2026-02-18 17:06:53,503 - root - INFO - Exported layer 'CAFs_genes_pass1' to 'Benchmarking/simulation_benchmarking/CITEgeist/output_discrete_slack_only/mixed/dapi/mixed/dapi/Wu_rep_1/Wu_rep_1_pass1/layers/pass1/CAFs_layer_pass1.csv'
2026-02-18 17:07:05,033 - root - INFO - Exported layer 'Myeloid_genes_pass1' to 'Benchmarking/simulation_benchmarking/CITEgeist/output_discrete_slack_only/mixed/dapi/mixed/dapi/Wu_rep_1/Wu_rep_1_pass1/layers/pass1/Myeloid_layer_pass1.csv'
2026-02-18 17:07:16,680 - root - INFO - Exported layer 'Plasmablasts_genes_pass1' to 'Benchmarking/simulation_benchmarking/CITEgeist/output_discrete_slack_only/mixed/dapi/mixed/dapi/Wu_rep_1/Wu_rep_1_pass1/layers/pass1/Plasmablasts_layer_pass1.csv'
2026-02-18 17:07:28,242 - root - INFO - Exported layer 'Endothelial_genes_pass1' to 'Benchmarking/simulation_benchmarking/CITEgeist/output_discrete_slack_only/mixed/dapi/mixed/dapi/Wu_rep_1/Wu_rep_1_pass1/layers/pass1/Endothelial_layer_pass1.csv'
2026-02-18 17:07:28,243 - __main__ - INFO - GEX deconvolution completed in 443.4s
2026-02-18 17:09:14,041 - __main__ - INFO - Exported 9 cell type layers to Benchmarking/simulation_benchmarking/CITEgeist/output_discrete_slack_only/mixed/dapi/mixed/dapi/Wu_rep_1/layers
2026-02-18 17:09:14,067 - __main__ - INFO - Comparing against ground truth GEX: /ix1/alee/LO_LAB/Personal/Brent_Schlegel/bts76/Projects/CITEgeist/Wu_Visium/Simulations/scCube_12k/replicates/mixed/ST_GEX_sim/sample_1/layers
2026-02-18 17:10:20,027 - __main__ - INFO - GEX Average RMSE: 0.1511
2026-02-18 17:10:20,028 - __main__ - INFO - GEX Average NRMSE: 0.0205
2026-02-18 17:10:20,036 - __main__ - INFO - Results saved to Benchmarking/simulation_benchmarking/CITEgeist/output_discrete_slack_only/mixed/dapi/mixed/dapi/Wu_rep_1
