2026-02-18 16:19:11,085 - __main__ - INFO - ============================================================
2026-02-18 16:19:11,085 - __main__ - INFO - BENCHMARK: replicate=0, condition=mixed, mode=dapi
2026-02-18 16:19:11,085 - __main__ - INFO - ============================================================
2026-02-18 16:19:11,086 - __main__ - INFO - Loading image: /ix1/alee/LO_LAB/Personal/Alexander_Chang/alc376/CITEgeist/Benchmarking/simulation_benchmarking/CITEgeist/mixed/images/dapi/Wu_rep_0_cellpose.png
2026-02-18 16:19:11,702 - __main__ - INFO - Image shape: (8000, 8000, 3)
2026-02-18 16:19:11,703 - __main__ - INFO - Running Cellpose with model_type=nuclei
2026-02-18 16:19:15,545 - cellpose.models - WARNING - model_type argument is not used in v4.0.1+. Ignoring this argument...
2026-02-18 16:19:15,545 - cellpose.core - INFO - >>>> using CPU
2026-02-18 16:19:15,545 - cellpose.core - INFO - >>>> using CPU
2026-02-18 16:19:16,562 - cellpose.models - INFO - >>>> loading model /ihome/alee/alc376/.cellpose/models/cpsam
2026-02-18 16:19:16,956 - cellpose.models - WARNING - channels deprecated in v4.0.1+. If data contain more than 3 channels, only the first 3 channels will be used
2026-02-18 16:19:16,995 - cellpose.transforms - INFO - processing image with (8000, 8000) HW, and 3 channels
2026-02-18 16:27:35,969 - __main__ - INFO - Detected 4894 nuclei in 504.3s
2026-02-18 16:27:36,035 - __main__ - INFO - Nuclei count correlation: 0.986
2026-02-18 16:27:36,035 - __main__ - INFO - Nuclei count RMSE: 0.46
2026-02-18 16:27:36,064 - __main__ - INFO - Loading h5ad files...
2026-02-18 16:27:36,760 - root - INFO - Logging initialized.
2026-02-18 16:27:36,760 - __main__ - INFO - Using CLR preprocessing (continuous model style)
2026-02-18 16:27:36,938 - root - INFO - Normalization stats:
2026-02-18 16:27:36,938 - root - INFO - Original median total: 70657598764.00
2026-02-18 16:27:36,944 - root - INFO - Mean scaled total: 9980.12
2026-02-18 16:27:36,950 - root - INFO - Max scaled value: 10000.00
2026-02-18 16:27:37,026 - root - INFO - Gene expression data normalized to 10000 counts per spot and validated for discrete count analysis.
2026-02-18 16:27:37,027 - root - INFO - Mapped 18 markers to 9 cell types (preserving marker-level data)
2026-02-18 16:27:37,027 - __main__ - INFO - Discrete cell type order: ['B-cells', 'CAFs', 'Cancer Epithelial', 'Endothelial', 'Myeloid', 'Normal Epithelial', 'PVL', 'Plasmablasts', 'T-cells']
2026-02-18 16:27:37,028 - root - INFO - Mapped 18 markers to 9 cell types (preserving marker-level data)
2026-02-18 16:27:37,028 - root - INFO - Running discrete cell assignment: 951 spots, 18 markers, 9 cell types
2026-02-18 16:27:37,028 - root - INFO - Total nuclei: 4894, mean per spot: 5.15
2026-02-18 16:27:37,028 - root - INFO - Discrete cell assignment EM: 951 spots, 18 markers, 9 cell types
2026-02-18 16:27:37,028 - root - INFO - Total nuclei: 4894, mean per spot: 5.15
2026-02-18 16:27:37,029 - root - INFO - 
=== EM Iteration 1/10 ===
2026-02-18 16:27:37,029 - root - INFO - Marker weighting enabled: weights range [0.500, 0.500]
2026-02-18 16:27:37,029 - root - INFO - Global IQP: 951 spots x 9 cell types = 8559 integer variables
2026-02-18 16:27:37,029 - root - INFO - Time limit: 600.0s, MIP gap: 5.0%
2026-02-18 16:27:37,029 - root - INFO - Constraint slack: ±1 cells
2026-02-18 16:27:37,029 - root - INFO - Elastic net: lambda=1.00, alpha=0.50
2026-02-18 16:27:37,061 - gurobipy - INFO - Set parameter LicenseID to value 276015
2026-02-18 16:27:37,061 - gurobipy - INFO - Set parameter GURO_PAR_SPECIAL
2026-02-18 16:27:37,061 - gurobipy - INFO - Set parameter TokenServer to value "license.crc.pitt.edu"
2026-02-18 16:27:37,081 - gurobipy - INFO - Set parameter TimeLimit to value 600
2026-02-18 16:27:37,081 - gurobipy - INFO - Set parameter MIPGap to value 0.05
2026-02-18 16:27:38,270 - root - INFO - Starting global IQP optimization...
2026-02-18 16:27:38,271 - gurobipy - INFO - Gurobi Optimizer version 11.0.2 build v11.0.2rc0 (linux64 - "Red Hat Enterprise Linux 9.6 (Plow)")
2026-02-18 16:27:38,271 - gurobipy - INFO - 
2026-02-18 16:27:38,271 - gurobipy - INFO - CPU model: AMD EPYC 9374F 32-Core Processor, instruction set [SSE2|AVX|AVX2|AVX512]
2026-02-18 16:27:38,271 - gurobipy - INFO - Thread count: 64 physical cores, 64 logical processors, using up to 32 threads
2026-02-18 16:27:38,271 - gurobipy - INFO - 
2026-02-18 16:27:38,271 - gurobipy - INFO - Optimize a model with 1854 rows, 8559 columns and 16686 nonzeros
2026-02-18 16:27:38,271 - gurobipy - INFO - Model fingerprint: 0x0a10fd4a
2026-02-18 16:27:38,271 - gurobipy - INFO - Model has 8559 quadratic objective terms
2026-02-18 16:27:38,271 - gurobipy - INFO - Variable types: 0 continuous, 8559 integer (0 binary)
2026-02-18 16:27:38,271 - gurobipy - INFO - Coefficient statistics:
2026-02-18 16:27:38,271 - gurobipy - INFO -   Matrix range     [1e+00, 1e+00]
2026-02-18 16:27:38,272 - gurobipy - INFO -   Objective range  [8e-08, 2e+00]
2026-02-18 16:27:38,272 - gurobipy - INFO -   QObjective range [2e+00, 3e+00]
2026-02-18 16:27:38,272 - gurobipy - INFO -   Bounds range     [1e+00, 2e+01]
2026-02-18 16:27:38,272 - gurobipy - INFO -   RHS range        [1e+00, 2e+01]
2026-02-18 16:27:38,274 - gurobipy - INFO - 
2026-02-18 16:27:38,275 - gurobipy - INFO - Loaded user MIP start with objective 4232.22
2026-02-18 16:27:38,275 - gurobipy - INFO - 
2026-02-18 16:27:46,764 - gurobipy - INFO - Presolve removed 1852 rows and 8550 columns (presolve time = 8s) ...
2026-02-18 16:27:46,765 - gurobipy - INFO - Presolve removed 1852 rows and 8550 columns
2026-02-18 16:27:46,765 - gurobipy - INFO - Presolve time: 8.49s
2026-02-18 16:27:46,765 - gurobipy - INFO - Presolved: 2 rows, 9 columns, 18 nonzeros
2026-02-18 16:27:46,765 - gurobipy - INFO - Presolved model has 9 quadratic objective terms
2026-02-18 16:27:46,766 - gurobipy - INFO - Found heuristic solution: objective 2689.5305901
2026-02-18 16:27:46,766 - gurobipy - INFO - Variable types: 0 continuous, 9 integer (0 binary)
2026-02-18 16:27:46,766 - gurobipy - INFO - 
2026-02-18 16:27:46,766 - gurobipy - INFO - Explored 0 nodes (0 simplex iterations) in 8.49 seconds (0.27 work units)
2026-02-18 16:27:46,766 - gurobipy - INFO - Thread count was 32 (of 64 available processors)
2026-02-18 16:27:46,766 - gurobipy - INFO - 
2026-02-18 16:27:46,766 - gurobipy - INFO - Solution count 2: 2689.53 4232.22 
2026-02-18 16:27:46,766 - gurobipy - INFO - 
2026-02-18 16:27:46,766 - gurobipy - INFO - Optimal solution found (tolerance 5.00e-02)
2026-02-18 16:27:46,766 - gurobipy - INFO - Best objective 2.689530590089e+03, best bound 2.683883923931e+03, gap 0.2099%
2026-02-18 16:27:46,791 - root - INFO - Global IQP solved: status=2, gap=0.21%, time=8.5s
/ix1/alee/LO_LAB/Personal/Alexander_Chang/alc376/CITEgeist/CITEgeist/model/gurobi_impl.py:3800: RuntimeWarning: invalid value encountered in scalar divide
  loss_change = abs(prev_loss - loss) / max(abs(prev_loss), 1e-10)
2026-02-18 16:27:46,850 - root - INFO -   Loss: 891.8927 (change: nan)
2026-02-18 16:27:46,850 - root - INFO -   Beta range: [0.102, 0.673]
2026-02-18 16:27:46,850 - root - INFO -   Max beta change: 0.897593
2026-02-18 16:27:46,850 - root - INFO -   Cell count range: [0, 18]
2026-02-18 16:27:46,851 - root - INFO -     B-cells: 372 cells (9.3%)
2026-02-18 16:27:46,851 - root - INFO -     CAFs: 718 cells (17.9%)
2026-02-18 16:27:46,851 - root - INFO -     Cancer Epithelial: 820 cells (20.5%)
2026-02-18 16:27:46,851 - root - INFO -     Endothelial: 306 cells (7.6%)
2026-02-18 16:27:46,851 - root - INFO -     Myeloid: 456 cells (11.4%)
2026-02-18 16:27:46,851 - root - INFO -     Normal Epithelial: 287 cells (7.2%)
2026-02-18 16:27:46,851 - root - INFO -     PVL: 296 cells (7.4%)
2026-02-18 16:27:46,851 - root - INFO -     Plasmablasts: 282 cells (7.0%)
2026-02-18 16:27:46,851 - root - INFO -     T-cells: 470 cells (11.7%)
2026-02-18 16:27:46,851 - root - INFO - 
=== EM Iteration 2/10 ===
2026-02-18 16:27:46,851 - root - INFO - Marker weighting enabled: weights range [0.500, 0.500]
2026-02-18 16:27:46,851 - root - INFO - Global IQP: 951 spots x 9 cell types = 8559 integer variables
2026-02-18 16:27:46,851 - root - INFO - Time limit: 600.0s, MIP gap: 5.0%
2026-02-18 16:27:46,851 - root - INFO - Constraint slack: ±1 cells
2026-02-18 16:27:46,851 - root - INFO - Elastic net: lambda=1.00, alpha=0.50
2026-02-18 16:27:46,851 - gurobipy - INFO - Set parameter TimeLimit to value 600
2026-02-18 16:27:46,851 - gurobipy - INFO - Set parameter MIPGap to value 0.05
2026-02-18 16:27:48,173 - root - INFO - Starting global IQP optimization...
2026-02-18 16:27:48,174 - gurobipy - INFO - Gurobi Optimizer version 11.0.2 build v11.0.2rc0 (linux64 - "Red Hat Enterprise Linux 9.6 (Plow)")
2026-02-18 16:27:48,174 - gurobipy - INFO - 
2026-02-18 16:27:48,174 - gurobipy - INFO - CPU model: AMD EPYC 9374F 32-Core Processor, instruction set [SSE2|AVX|AVX2|AVX512]
2026-02-18 16:27:48,174 - gurobipy - INFO - Thread count: 64 physical cores, 64 logical processors, using up to 32 threads
2026-02-18 16:27:48,174 - gurobipy - INFO - 
2026-02-18 16:27:48,174 - gurobipy - INFO - Optimize a model with 1854 rows, 8559 columns and 16686 nonzeros
2026-02-18 16:27:48,174 - gurobipy - INFO - Model fingerprint: 0x45453221
2026-02-18 16:27:48,174 - gurobipy - INFO - Model has 8559 quadratic objective terms
2026-02-18 16:27:48,174 - gurobipy - INFO - Variable types: 0 continuous, 8559 integer (0 binary)
2026-02-18 16:27:48,174 - gurobipy - INFO - Coefficient statistics:
2026-02-18 16:27:48,174 - gurobipy - INFO -   Matrix range     [1e+00, 1e+00]
2026-02-18 16:27:48,174 - gurobipy - INFO -   Objective range  [1e-08, 1e+00]
2026-02-18 16:27:48,174 - gurobipy - INFO -   QObjective range [2e-02, 2e+00]
2026-02-18 16:27:48,175 - gurobipy - INFO -   Bounds range     [1e+00, 2e+01]
2026-02-18 16:27:48,175 - gurobipy - INFO -   RHS range        [1e+00, 2e+01]
2026-02-18 16:27:48,175 - gurobipy - INFO - 
2026-02-18 16:27:48,175 - gurobipy - INFO - Loaded user MIP start with objective 866.375
2026-02-18 16:27:48,175 - gurobipy - INFO - 
2026-02-18 16:27:53,571 - gurobipy - INFO - Presolve removed 1852 rows and 8550 columns (presolve time = 5s) ...
2026-02-18 16:27:53,571 - gurobipy - INFO - Presolve removed 1852 rows and 8550 columns
2026-02-18 16:27:53,571 - gurobipy - INFO - Presolve time: 5.40s
2026-02-18 16:27:53,571 - gurobipy - INFO - Presolved: 2 rows, 9 columns, 18 nonzeros
2026-02-18 16:27:53,571 - gurobipy - INFO - Presolved model has 9 quadratic objective terms
2026-02-18 16:27:53,571 - gurobipy - INFO - Found heuristic solution: objective 739.9452591
2026-02-18 16:27:53,571 - gurobipy - INFO - Variable types: 0 continuous, 9 integer (0 binary)
2026-02-18 16:27:53,572 - gurobipy - INFO - 
2026-02-18 16:27:53,572 - gurobipy - INFO - Explored 0 nodes (0 simplex iterations) in 5.40 seconds (0.18 work units)
2026-02-18 16:27:53,572 - gurobipy - INFO - Thread count was 32 (of 64 available processors)
2026-02-18 16:27:53,572 - gurobipy - INFO - 
2026-02-18 16:27:53,572 - gurobipy - INFO - Solution count 2: 739.945 866.375 
2026-02-18 16:27:53,572 - gurobipy - INFO - 
2026-02-18 16:27:53,572 - gurobipy - INFO - Optimal solution found (tolerance 5.00e-02)
2026-02-18 16:27:53,572 - gurobipy - INFO - Best objective 7.399452591138e+02, best bound 7.382051767264e+02, gap 0.2352%
2026-02-18 16:27:53,587 - root - INFO - Global IQP solved: status=2, gap=0.24%, time=5.4s
2026-02-18 16:27:53,633 - root - INFO -   Loss: 571.8532 (change: 0.358832)
2026-02-18 16:27:53,633 - root - INFO -   Beta range: [0.100, 0.562]
2026-02-18 16:27:53,633 - root - INFO -   Max beta change: 0.125663
2026-02-18 16:27:53,633 - root - INFO -   Cell count range: [0, 18]
2026-02-18 16:27:53,633 - root - INFO -     B-cells: 320 cells (8.0%)
2026-02-18 16:27:53,633 - root - INFO -     CAFs: 684 cells (17.1%)
2026-02-18 16:27:53,633 - root - INFO -     Cancer Epithelial: 701 cells (17.5%)
2026-02-18 16:27:53,633 - root - INFO -     Endothelial: 384 cells (9.6%)
2026-02-18 16:27:53,633 - root - INFO -     Myeloid: 398 cells (9.9%)
2026-02-18 16:27:53,633 - root - INFO -     Normal Epithelial: 395 cells (9.9%)
2026-02-18 16:27:53,633 - root - INFO -     PVL: 402 cells (10.0%)
2026-02-18 16:27:53,633 - root - INFO -     Plasmablasts: 347 cells (8.7%)
2026-02-18 16:27:53,633 - root - INFO -     T-cells: 379 cells (9.5%)
2026-02-18 16:27:53,633 - root - INFO - 
=== EM Iteration 3/10 ===
2026-02-18 16:27:53,634 - root - INFO - Marker weighting enabled: weights range [0.500, 0.500]
2026-02-18 16:27:53,634 - root - INFO - Global IQP: 951 spots x 9 cell types = 8559 integer variables
2026-02-18 16:27:53,634 - root - INFO - Time limit: 600.0s, MIP gap: 5.0%
2026-02-18 16:27:53,634 - root - INFO - Constraint slack: ±1 cells
2026-02-18 16:27:53,634 - root - INFO - Elastic net: lambda=1.00, alpha=0.50
2026-02-18 16:27:53,634 - gurobipy - INFO - Set parameter TimeLimit to value 600
2026-02-18 16:27:53,634 - gurobipy - INFO - Set parameter MIPGap to value 0.05
2026-02-18 16:27:54,788 - root - INFO - Starting global IQP optimization...
2026-02-18 16:27:54,788 - gurobipy - INFO - Gurobi Optimizer version 11.0.2 build v11.0.2rc0 (linux64 - "Red Hat Enterprise Linux 9.6 (Plow)")
2026-02-18 16:27:54,788 - gurobipy - INFO - 
2026-02-18 16:27:54,788 - gurobipy - INFO - CPU model: AMD EPYC 9374F 32-Core Processor, instruction set [SSE2|AVX|AVX2|AVX512]
2026-02-18 16:27:54,788 - gurobipy - INFO - Thread count: 64 physical cores, 64 logical processors, using up to 32 threads
2026-02-18 16:27:54,788 - gurobipy - INFO - 
2026-02-18 16:27:54,788 - gurobipy - INFO - Optimize a model with 1854 rows, 8559 columns and 16686 nonzeros
2026-02-18 16:27:54,789 - gurobipy - INFO - Model fingerprint: 0x8590311d
2026-02-18 16:27:54,789 - gurobipy - INFO - Model has 8559 quadratic objective terms
2026-02-18 16:27:54,789 - gurobipy - INFO - Variable types: 0 continuous, 8559 integer (0 binary)
2026-02-18 16:27:54,789 - gurobipy - INFO - Coefficient statistics:
2026-02-18 16:27:54,789 - gurobipy - INFO -   Matrix range     [1e+00, 1e+00]
2026-02-18 16:27:54,789 - gurobipy - INFO -   Objective range  [1e-08, 1e+00]
2026-02-18 16:27:54,789 - gurobipy - INFO -   QObjective range [2e-02, 2e+00]
2026-02-18 16:27:54,789 - gurobipy - INFO -   Bounds range     [1e+00, 2e+01]
2026-02-18 16:27:54,789 - gurobipy - INFO -   RHS range        [1e+00, 2e+01]
2026-02-18 16:27:54,789 - gurobipy - INFO - 
2026-02-18 16:27:54,789 - gurobipy - INFO - Loaded user MIP start with objective 724.14
2026-02-18 16:27:54,789 - gurobipy - INFO - 
2026-02-18 16:28:00,008 - gurobipy - INFO - Presolve removed 1852 rows and 8550 columns (presolve time = 5s) ...
2026-02-18 16:28:00,009 - gurobipy - INFO - Presolve removed 1852 rows and 8550 columns
2026-02-18 16:28:00,009 - gurobipy - INFO - Presolve time: 5.22s
2026-02-18 16:28:00,009 - gurobipy - INFO - Presolved: 2 rows, 9 columns, 18 nonzeros
2026-02-18 16:28:00,009 - gurobipy - INFO - Presolved model has 9 quadratic objective terms
2026-02-18 16:28:00,009 - gurobipy - INFO - Found heuristic solution: objective 700.3397744
2026-02-18 16:28:00,009 - gurobipy - INFO - Variable types: 0 continuous, 9 integer (0 binary)
2026-02-18 16:28:00,009 - gurobipy - INFO - 
2026-02-18 16:28:00,009 - gurobipy - INFO - Explored 0 nodes (0 simplex iterations) in 5.22 seconds (0.17 work units)
2026-02-18 16:28:00,009 - gurobipy - INFO - Thread count was 32 (of 64 available processors)
2026-02-18 16:28:00,009 - gurobipy - INFO - 
2026-02-18 16:28:00,009 - gurobipy - INFO - Solution count 2: 700.34 724.14 
2026-02-18 16:28:00,009 - gurobipy - INFO - 
2026-02-18 16:28:00,009 - gurobipy - INFO - Optimal solution found (tolerance 5.00e-02)
2026-02-18 16:28:00,010 - gurobipy - INFO - Best objective 7.003397744249e+02, best bound 6.984806141432e+02, gap 0.2655%
2026-02-18 16:28:00,023 - root - INFO - Global IQP solved: status=2, gap=0.27%, time=5.2s
2026-02-18 16:28:00,068 - root - INFO -   Loss: 547.7212 (change: 0.042200)
2026-02-18 16:28:00,068 - root - INFO -   Beta range: [0.100, 0.551]
2026-02-18 16:28:00,068 - root - INFO -   Max beta change: 0.160111
2026-02-18 16:28:00,069 - root - INFO -   Cell count range: [0, 18]
2026-02-18 16:28:00,069 - root - INFO -     B-cells: 293 cells (7.3%)
2026-02-18 16:28:00,069 - root - INFO -     CAFs: 707 cells (17.7%)
2026-02-18 16:28:00,069 - root - INFO -     Cancer Epithelial: 579 cells (14.5%)
2026-02-18 16:28:00,069 - root - INFO -     Endothelial: 408 cells (10.2%)
2026-02-18 16:28:00,069 - root - INFO -     Myeloid: 367 cells (9.2%)
2026-02-18 16:28:00,069 - root - INFO -     Normal Epithelial: 432 cells (10.8%)
2026-02-18 16:28:00,069 - root - INFO -     PVL: 441 cells (11.0%)
2026-02-18 16:28:00,069 - root - INFO -     Plasmablasts: 431 cells (10.8%)
2026-02-18 16:28:00,069 - root - INFO -     T-cells: 346 cells (8.6%)
2026-02-18 16:28:00,069 - root - INFO - 
=== EM Iteration 4/10 ===
2026-02-18 16:28:00,069 - root - INFO - Marker weighting enabled: weights range [0.500, 0.500]
2026-02-18 16:28:00,069 - root - INFO - Global IQP: 951 spots x 9 cell types = 8559 integer variables
2026-02-18 16:28:00,069 - root - INFO - Time limit: 600.0s, MIP gap: 5.0%
2026-02-18 16:28:00,069 - root - INFO - Constraint slack: ±1 cells
2026-02-18 16:28:00,069 - root - INFO - Elastic net: lambda=1.00, alpha=0.50
2026-02-18 16:28:00,069 - gurobipy - INFO - Set parameter TimeLimit to value 600
2026-02-18 16:28:00,069 - gurobipy - INFO - Set parameter MIPGap to value 0.05
2026-02-18 16:28:01,198 - root - INFO - Starting global IQP optimization...
2026-02-18 16:28:01,199 - gurobipy - INFO - Gurobi Optimizer version 11.0.2 build v11.0.2rc0 (linux64 - "Red Hat Enterprise Linux 9.6 (Plow)")
2026-02-18 16:28:01,199 - gurobipy - INFO - 
2026-02-18 16:28:01,199 - gurobipy - INFO - CPU model: AMD EPYC 9374F 32-Core Processor, instruction set [SSE2|AVX|AVX2|AVX512]
2026-02-18 16:28:01,199 - gurobipy - INFO - Thread count: 64 physical cores, 64 logical processors, using up to 32 threads
2026-02-18 16:28:01,199 - gurobipy - INFO - 
2026-02-18 16:28:01,199 - gurobipy - INFO - Optimize a model with 1854 rows, 8559 columns and 16686 nonzeros
2026-02-18 16:28:01,199 - gurobipy - INFO - Model fingerprint: 0xbd620ab8
2026-02-18 16:28:01,199 - gurobipy - INFO - Model has 8559 quadratic objective terms
2026-02-18 16:28:01,199 - gurobipy - INFO - Variable types: 0 continuous, 8559 integer (0 binary)
2026-02-18 16:28:01,199 - gurobipy - INFO - Coefficient statistics:
2026-02-18 16:28:01,199 - gurobipy - INFO -   Matrix range     [1e+00, 1e+00]
2026-02-18 16:28:01,199 - gurobipy - INFO -   Objective range  [1e-08, 1e+00]
2026-02-18 16:28:01,199 - gurobipy - INFO -   QObjective range [2e-02, 2e+00]
2026-02-18 16:28:01,199 - gurobipy - INFO -   Bounds range     [1e+00, 2e+01]
2026-02-18 16:28:01,200 - gurobipy - INFO -   RHS range        [1e+00, 2e+01]
2026-02-18 16:28:01,200 - gurobipy - INFO - 
2026-02-18 16:28:01,200 - gurobipy - INFO - Loaded user MIP start with objective 710.549
2026-02-18 16:28:01,200 - gurobipy - INFO - 
2026-02-18 16:28:06,921 - gurobipy - INFO - Presolve removed 1852 rows and 8550 columns (presolve time = 6s) ...
2026-02-18 16:28:06,922 - gurobipy - INFO - Presolve removed 1852 rows and 8550 columns
2026-02-18 16:28:06,922 - gurobipy - INFO - Presolve time: 5.72s
2026-02-18 16:28:06,922 - gurobipy - INFO - Presolved: 2 rows, 9 columns, 18 nonzeros
2026-02-18 16:28:06,922 - gurobipy - INFO - Presolved model has 9 quadratic objective terms
2026-02-18 16:28:06,922 - gurobipy - INFO - Found heuristic solution: objective 689.6343707
2026-02-18 16:28:06,922 - gurobipy - INFO - Variable types: 0 continuous, 9 integer (0 binary)
2026-02-18 16:28:06,922 - gurobipy - INFO - 
2026-02-18 16:28:06,922 - gurobipy - INFO - Explored 0 nodes (0 simplex iterations) in 5.72 seconds (0.16 work units)
2026-02-18 16:28:06,922 - gurobipy - INFO - Thread count was 32 (of 64 available processors)
2026-02-18 16:28:06,922 - gurobipy - INFO - 
2026-02-18 16:28:06,922 - gurobipy - INFO - Solution count 2: 689.634 710.549 
2026-02-18 16:28:06,922 - gurobipy - INFO - 
2026-02-18 16:28:06,922 - gurobipy - INFO - Optimal solution found (tolerance 5.00e-02)
2026-02-18 16:28:06,922 - gurobipy - INFO - Best objective 6.896343707265e+02, best bound 6.877773881935e+02, gap 0.2693%
2026-02-18 16:28:06,934 - root - INFO - Global IQP solved: status=2, gap=0.27%, time=5.7s
2026-02-18 16:28:06,981 - root - INFO -   Loss: 531.7566 (change: 0.029147)
2026-02-18 16:28:06,981 - root - INFO -   Beta range: [0.100, 0.536]
2026-02-18 16:28:06,981 - root - INFO -   Max beta change: 0.030168
2026-02-18 16:28:06,981 - root - INFO -   Cell count range: [0, 18]
2026-02-18 16:28:06,981 - root - INFO -     B-cells: 279 cells (7.0%)
2026-02-18 16:28:06,981 - root - INFO -     CAFs: 736 cells (18.4%)
2026-02-18 16:28:06,981 - root - INFO -     Cancer Epithelial: 446 cells (11.2%)
2026-02-18 16:28:06,981 - root - INFO -     Endothelial: 436 cells (10.9%)
2026-02-18 16:28:06,981 - root - INFO -     Myeloid: 350 cells (8.8%)
2026-02-18 16:28:06,981 - root - INFO -     Normal Epithelial: 468 cells (11.7%)
2026-02-18 16:28:06,981 - root - INFO -     PVL: 467 cells (11.7%)
2026-02-18 16:28:06,981 - root - INFO -     Plasmablasts: 488 cells (12.2%)
2026-02-18 16:28:06,981 - root - INFO -     T-cells: 325 cells (8.1%)
2026-02-18 16:28:06,981 - root - INFO - 
=== EM Iteration 5/10 ===
2026-02-18 16:28:06,981 - root - INFO - Marker weighting enabled: weights range [0.500, 0.500]
2026-02-18 16:28:06,981 - root - INFO - Global IQP: 951 spots x 9 cell types = 8559 integer variables
2026-02-18 16:28:06,981 - root - INFO - Time limit: 600.0s, MIP gap: 5.0%
2026-02-18 16:28:06,981 - root - INFO - Constraint slack: ±1 cells
2026-02-18 16:28:06,981 - root - INFO - Elastic net: lambda=1.00, alpha=0.50
2026-02-18 16:28:06,981 - gurobipy - INFO - Set parameter TimeLimit to value 600
2026-02-18 16:28:06,981 - gurobipy - INFO - Set parameter MIPGap to value 0.05
2026-02-18 16:28:08,280 - root - INFO - Starting global IQP optimization...
2026-02-18 16:28:08,281 - gurobipy - INFO - Gurobi Optimizer version 11.0.2 build v11.0.2rc0 (linux64 - "Red Hat Enterprise Linux 9.6 (Plow)")
2026-02-18 16:28:08,281 - gurobipy - INFO - 
2026-02-18 16:28:08,281 - gurobipy - INFO - CPU model: AMD EPYC 9374F 32-Core Processor, instruction set [SSE2|AVX|AVX2|AVX512]
2026-02-18 16:28:08,281 - gurobipy - INFO - Thread count: 64 physical cores, 64 logical processors, using up to 32 threads
2026-02-18 16:28:08,281 - gurobipy - INFO - 
2026-02-18 16:28:08,281 - gurobipy - INFO - Optimize a model with 1854 rows, 8559 columns and 16686 nonzeros
2026-02-18 16:28:08,281 - gurobipy - INFO - Model fingerprint: 0x24516759
2026-02-18 16:28:08,281 - gurobipy - INFO - Model has 8559 quadratic objective terms
2026-02-18 16:28:08,281 - gurobipy - INFO - Variable types: 0 continuous, 8559 integer (0 binary)
2026-02-18 16:28:08,281 - gurobipy - INFO - Coefficient statistics:
2026-02-18 16:28:08,281 - gurobipy - INFO -   Matrix range     [1e+00, 1e+00]
2026-02-18 16:28:08,281 - gurobipy - INFO -   Objective range  [6e-09, 1e+00]
2026-02-18 16:28:08,281 - gurobipy - INFO -   QObjective range [2e-02, 2e+00]
2026-02-18 16:28:08,281 - gurobipy - INFO -   Bounds range     [1e+00, 2e+01]
2026-02-18 16:28:08,281 - gurobipy - INFO -   RHS range        [1e+00, 2e+01]
2026-02-18 16:28:08,281 - gurobipy - INFO - 
2026-02-18 16:28:08,282 - gurobipy - INFO - Loaded user MIP start with objective 700.634
2026-02-18 16:28:08,282 - gurobipy - INFO - 
2026-02-18 16:28:13,222 - gurobipy - INFO - Presolve removed 1852 rows and 8550 columns
2026-02-18 16:28:13,222 - gurobipy - INFO - Presolve time: 4.94s
2026-02-18 16:28:13,222 - gurobipy - INFO - Presolved: 2 rows, 9 columns, 18 nonzeros
2026-02-18 16:28:13,222 - gurobipy - INFO - Presolved model has 9 quadratic objective terms
2026-02-18 16:28:13,223 - gurobipy - INFO - Found heuristic solution: objective 688.1912966
2026-02-18 16:28:13,223 - gurobipy - INFO - Variable types: 0 continuous, 9 integer (0 binary)
2026-02-18 16:28:13,223 - gurobipy - INFO - 
2026-02-18 16:28:13,223 - gurobipy - INFO - Explored 0 nodes (0 simplex iterations) in 4.94 seconds (0.15 work units)
2026-02-18 16:28:13,223 - gurobipy - INFO - Thread count was 32 (of 64 available processors)
2026-02-18 16:28:13,223 - gurobipy - INFO - 
2026-02-18 16:28:13,223 - gurobipy - INFO - Solution count 2: 688.191 700.634 
2026-02-18 16:28:13,223 - gurobipy - INFO - 
2026-02-18 16:28:13,223 - gurobipy - INFO - Optimal solution found (tolerance 5.00e-02)
2026-02-18 16:28:13,223 - gurobipy - INFO - Best objective 6.881912965631e+02, best bound 6.862448370613e+02, gap 0.2828%
2026-02-18 16:28:13,236 - root - INFO - Global IQP solved: status=2, gap=0.28%, time=4.9s
2026-02-18 16:28:13,284 - root - INFO -   Loss: 529.2012 (change: 0.004806)
2026-02-18 16:28:13,284 - root - INFO -   Beta range: [0.100, 0.524]
2026-02-18 16:28:13,284 - root - INFO -   Max beta change: 0.031870
2026-02-18 16:28:13,284 - root - INFO -   Cell count range: [0, 18]
2026-02-18 16:28:13,284 - root - INFO -     B-cells: 257 cells (6.4%)
2026-02-18 16:28:13,284 - root - INFO -     CAFs: 758 cells (19.0%)
2026-02-18 16:28:13,284 - root - INFO -     Cancer Epithelial: 416 cells (10.4%)
2026-02-18 16:28:13,284 - root - INFO -     Endothelial: 466 cells (11.7%)
2026-02-18 16:28:13,284 - root - INFO -     Myeloid: 334 cells (8.4%)
2026-02-18 16:28:13,284 - root - INFO -     Normal Epithelial: 512 cells (12.8%)
2026-02-18 16:28:13,284 - root - INFO -     PVL: 464 cells (11.6%)
2026-02-18 16:28:13,284 - root - INFO -     Plasmablasts: 477 cells (11.9%)
2026-02-18 16:28:13,284 - root - INFO -     T-cells: 310 cells (7.8%)
2026-02-18 16:28:13,284 - root - INFO - 
=== EM Iteration 6/10 ===
2026-02-18 16:28:13,284 - root - INFO - Marker weighting enabled: weights range [0.500, 0.500]
2026-02-18 16:28:13,284 - root - INFO - Global IQP: 951 spots x 9 cell types = 8559 integer variables
2026-02-18 16:28:13,284 - root - INFO - Time limit: 600.0s, MIP gap: 5.0%
2026-02-18 16:28:13,284 - root - INFO - Constraint slack: ±1 cells
2026-02-18 16:28:13,284 - root - INFO - Elastic net: lambda=1.00, alpha=0.50
2026-02-18 16:28:13,284 - gurobipy - INFO - Set parameter TimeLimit to value 600
2026-02-18 16:28:13,284 - gurobipy - INFO - Set parameter MIPGap to value 0.05
2026-02-18 16:28:14,434 - root - INFO - Starting global IQP optimization...
2026-02-18 16:28:14,434 - gurobipy - INFO - Gurobi Optimizer version 11.0.2 build v11.0.2rc0 (linux64 - "Red Hat Enterprise Linux 9.6 (Plow)")
2026-02-18 16:28:14,435 - gurobipy - INFO - 
2026-02-18 16:28:14,435 - gurobipy - INFO - CPU model: AMD EPYC 9374F 32-Core Processor, instruction set [SSE2|AVX|AVX2|AVX512]
2026-02-18 16:28:14,435 - gurobipy - INFO - Thread count: 64 physical cores, 64 logical processors, using up to 32 threads
2026-02-18 16:28:14,435 - gurobipy - INFO - 
2026-02-18 16:28:14,435 - gurobipy - INFO - Optimize a model with 1854 rows, 8559 columns and 16686 nonzeros
2026-02-18 16:28:14,435 - gurobipy - INFO - Model fingerprint: 0x5964edec
2026-02-18 16:28:14,435 - gurobipy - INFO - Model has 8559 quadratic objective terms
2026-02-18 16:28:14,435 - gurobipy - INFO - Variable types: 0 continuous, 8559 integer (0 binary)
2026-02-18 16:28:14,435 - gurobipy - INFO - Coefficient statistics:
2026-02-18 16:28:14,435 - gurobipy - INFO -   Matrix range     [1e+00, 1e+00]
2026-02-18 16:28:14,435 - gurobipy - INFO -   Objective range  [6e-09, 1e+00]
2026-02-18 16:28:14,435 - gurobipy - INFO -   QObjective range [2e-02, 2e+00]
2026-02-18 16:28:14,435 - gurobipy - INFO -   Bounds range     [1e+00, 2e+01]
2026-02-18 16:28:14,435 - gurobipy - INFO -   RHS range        [1e+00, 2e+01]
2026-02-18 16:28:14,435 - gurobipy - INFO - 
2026-02-18 16:28:14,435 - gurobipy - INFO - Loaded user MIP start with objective 699.202
2026-02-18 16:28:14,435 - gurobipy - INFO - 
2026-02-18 16:28:19,949 - gurobipy - INFO - Presolve removed 1852 rows and 8550 columns (presolve time = 6s) ...
2026-02-18 16:28:19,950 - gurobipy - INFO - Presolve removed 1852 rows and 8550 columns
2026-02-18 16:28:19,950 - gurobipy - INFO - Presolve time: 5.51s
2026-02-18 16:28:19,950 - gurobipy - INFO - Presolved: 2 rows, 9 columns, 18 nonzeros
2026-02-18 16:28:19,950 - gurobipy - INFO - Presolved model has 9 quadratic objective terms
2026-02-18 16:28:19,950 - gurobipy - INFO - Found heuristic solution: objective 687.1720330
2026-02-18 16:28:19,950 - gurobipy - INFO - Variable types: 0 continuous, 9 integer (0 binary)
2026-02-18 16:28:19,950 - gurobipy - INFO - 
2026-02-18 16:28:19,950 - gurobipy - INFO - Explored 0 nodes (0 simplex iterations) in 5.52 seconds (0.15 work units)
2026-02-18 16:28:19,950 - gurobipy - INFO - Thread count was 32 (of 64 available processors)
2026-02-18 16:28:19,950 - gurobipy - INFO - 
2026-02-18 16:28:19,950 - gurobipy - INFO - Solution count 2: 687.172 699.202 
2026-02-18 16:28:19,950 - gurobipy - INFO - 
2026-02-18 16:28:19,950 - gurobipy - INFO - Optimal solution found (tolerance 5.00e-02)
2026-02-18 16:28:19,950 - gurobipy - INFO - Best objective 6.871720330226e+02, best bound 6.851752579584e+02, gap 0.2906%
2026-02-18 16:28:19,963 - root - INFO - Global IQP solved: status=2, gap=0.29%, time=5.5s
2026-02-18 16:28:20,009 - root - INFO -   Loss: 527.2389 (change: 0.003708)
2026-02-18 16:28:20,009 - root - INFO -   Beta range: [0.100, 0.514]
2026-02-18 16:28:20,009 - root - INFO -   Max beta change: 0.013005
2026-02-18 16:28:20,009 - root - INFO -   Cell count range: [0, 18]
2026-02-18 16:28:20,009 - root - INFO -     B-cells: 247 cells (6.2%)
2026-02-18 16:28:20,009 - root - INFO -     CAFs: 773 cells (19.3%)
2026-02-18 16:28:20,009 - root - INFO -     Cancer Epithelial: 404 cells (10.1%)
2026-02-18 16:28:20,009 - root - INFO -     Endothelial: 475 cells (11.9%)
2026-02-18 16:28:20,009 - root - INFO -     Myeloid: 323 cells (8.1%)
2026-02-18 16:28:20,009 - root - INFO -     Normal Epithelial: 529 cells (13.2%)
2026-02-18 16:28:20,009 - root - INFO -     PVL: 468 cells (11.7%)
2026-02-18 16:28:20,009 - root - INFO -     Plasmablasts: 479 cells (12.0%)
2026-02-18 16:28:20,009 - root - INFO -     T-cells: 297 cells (7.4%)
2026-02-18 16:28:20,009 - root - INFO - 
=== EM Iteration 7/10 ===
2026-02-18 16:28:20,010 - root - INFO - Marker weighting enabled: weights range [0.500, 0.500]
2026-02-18 16:28:20,010 - root - INFO - Global IQP: 951 spots x 9 cell types = 8559 integer variables
2026-02-18 16:28:20,010 - root - INFO - Time limit: 600.0s, MIP gap: 5.0%
2026-02-18 16:28:20,010 - root - INFO - Constraint slack: ±1 cells
2026-02-18 16:28:20,010 - root - INFO - Elastic net: lambda=1.00, alpha=0.50
2026-02-18 16:28:20,010 - gurobipy - INFO - Set parameter TimeLimit to value 600
2026-02-18 16:28:20,010 - gurobipy - INFO - Set parameter MIPGap to value 0.05
2026-02-18 16:28:21,150 - root - INFO - Starting global IQP optimization...
2026-02-18 16:28:21,151 - gurobipy - INFO - Gurobi Optimizer version 11.0.2 build v11.0.2rc0 (linux64 - "Red Hat Enterprise Linux 9.6 (Plow)")
2026-02-18 16:28:21,151 - gurobipy - INFO - 
2026-02-18 16:28:21,151 - gurobipy - INFO - CPU model: AMD EPYC 9374F 32-Core Processor, instruction set [SSE2|AVX|AVX2|AVX512]
2026-02-18 16:28:21,151 - gurobipy - INFO - Thread count: 64 physical cores, 64 logical processors, using up to 32 threads
2026-02-18 16:28:21,151 - gurobipy - INFO - 
2026-02-18 16:28:21,151 - gurobipy - INFO - Optimize a model with 1854 rows, 8559 columns and 16686 nonzeros
2026-02-18 16:28:21,151 - gurobipy - INFO - Model fingerprint: 0x86f76381
2026-02-18 16:28:21,151 - gurobipy - INFO - Model has 8559 quadratic objective terms
2026-02-18 16:28:21,151 - gurobipy - INFO - Variable types: 0 continuous, 8559 integer (0 binary)
2026-02-18 16:28:21,151 - gurobipy - INFO - Coefficient statistics:
2026-02-18 16:28:21,151 - gurobipy - INFO -   Matrix range     [1e+00, 1e+00]
2026-02-18 16:28:21,151 - gurobipy - INFO -   Objective range  [6e-09, 1e+00]
2026-02-18 16:28:21,151 - gurobipy - INFO -   QObjective range [2e-02, 2e+00]
2026-02-18 16:28:21,151 - gurobipy - INFO -   Bounds range     [1e+00, 2e+01]
2026-02-18 16:28:21,151 - gurobipy - INFO -   RHS range        [1e+00, 2e+01]
2026-02-18 16:28:21,151 - gurobipy - INFO - 
2026-02-18 16:28:21,152 - gurobipy - INFO - Loaded user MIP start with objective 698.808
2026-02-18 16:28:21,152 - gurobipy - INFO - 
2026-02-18 16:28:26,715 - gurobipy - INFO - Presolve removed 1852 rows and 8550 columns (presolve time = 6s) ...
2026-02-18 16:28:26,716 - gurobipy - INFO - Presolve removed 1852 rows and 8550 columns
2026-02-18 16:28:26,716 - gurobipy - INFO - Presolve time: 5.56s
2026-02-18 16:28:26,716 - gurobipy - INFO - Presolved: 2 rows, 9 columns, 18 nonzeros
2026-02-18 16:28:26,716 - gurobipy - INFO - Presolved model has 9 quadratic objective terms
2026-02-18 16:28:26,716 - gurobipy - INFO - Found heuristic solution: objective 687.1032258
2026-02-18 16:28:26,716 - gurobipy - INFO - Variable types: 0 continuous, 9 integer (0 binary)
2026-02-18 16:28:26,716 - gurobipy - INFO - 
2026-02-18 16:28:26,716 - gurobipy - INFO - Explored 0 nodes (0 simplex iterations) in 5.57 seconds (0.15 work units)
2026-02-18 16:28:26,716 - gurobipy - INFO - Thread count was 32 (of 64 available processors)
2026-02-18 16:28:26,716 - gurobipy - INFO - 
2026-02-18 16:28:26,716 - gurobipy - INFO - Solution count 2: 687.103 698.808 
2026-02-18 16:28:26,716 - gurobipy - INFO - 
2026-02-18 16:28:26,716 - gurobipy - INFO - Optimal solution found (tolerance 5.00e-02)
2026-02-18 16:28:26,716 - gurobipy - INFO - Best objective 6.871032257966e+02, best bound 6.851011355958e+02, gap 0.2914%
2026-02-18 16:28:26,732 - root - INFO - Global IQP solved: status=2, gap=0.29%, time=5.6s
2026-02-18 16:28:26,800 - root - INFO -   Loss: 527.6331 (change: 0.000748)
2026-02-18 16:28:26,800 - root - INFO -   Beta range: [0.100, 0.510]
2026-02-18 16:28:26,801 - root - INFO -   Max beta change: 0.017051
2026-02-18 16:28:26,801 - root - INFO -   Cell count range: [0, 18]
2026-02-18 16:28:26,801 - root - INFO -     B-cells: 240 cells (6.0%)
2026-02-18 16:28:26,801 - root - INFO -     CAFs: 785 cells (19.6%)
2026-02-18 16:28:26,801 - root - INFO -     Cancer Epithelial: 403 cells (10.1%)
2026-02-18 16:28:26,801 - root - INFO -     Endothelial: 535 cells (13.4%)
2026-02-18 16:28:26,801 - root - INFO -     Myeloid: 318 cells (8.0%)
2026-02-18 16:28:26,801 - root - INFO -     Normal Epithelial: 513 cells (12.8%)
2026-02-18 16:28:26,801 - root - INFO -     PVL: 452 cells (11.3%)
2026-02-18 16:28:26,801 - root - INFO -     Plasmablasts: 460 cells (11.5%)
2026-02-18 16:28:26,801 - root - INFO -     T-cells: 289 cells (7.2%)
2026-02-18 16:28:26,801 - root - WARNING - Loss increased from 527.2389 to 527.6331
2026-02-18 16:28:26,801 - root - INFO - 
=== EM Iteration 8/10 ===
2026-02-18 16:28:26,801 - root - INFO - Marker weighting enabled: weights range [0.500, 0.500]
2026-02-18 16:28:26,801 - root - INFO - Global IQP: 951 spots x 9 cell types = 8559 integer variables
2026-02-18 16:28:26,801 - root - INFO - Time limit: 600.0s, MIP gap: 5.0%
2026-02-18 16:28:26,801 - root - INFO - Constraint slack: ±1 cells
2026-02-18 16:28:26,801 - root - INFO - Elastic net: lambda=1.00, alpha=0.50
2026-02-18 16:28:26,801 - gurobipy - INFO - Set parameter TimeLimit to value 600
2026-02-18 16:28:26,801 - gurobipy - INFO - Set parameter MIPGap to value 0.05
2026-02-18 16:28:27,933 - root - INFO - Starting global IQP optimization...
2026-02-18 16:28:27,933 - gurobipy - INFO - Gurobi Optimizer version 11.0.2 build v11.0.2rc0 (linux64 - "Red Hat Enterprise Linux 9.6 (Plow)")
2026-02-18 16:28:27,933 - gurobipy - INFO - 
2026-02-18 16:28:27,933 - gurobipy - INFO - CPU model: AMD EPYC 9374F 32-Core Processor, instruction set [SSE2|AVX|AVX2|AVX512]
2026-02-18 16:28:27,933 - gurobipy - INFO - Thread count: 64 physical cores, 64 logical processors, using up to 32 threads
2026-02-18 16:28:27,933 - gurobipy - INFO - 
2026-02-18 16:28:27,933 - gurobipy - INFO - Optimize a model with 1854 rows, 8559 columns and 16686 nonzeros
2026-02-18 16:28:27,934 - gurobipy - INFO - Model fingerprint: 0x83094a48
2026-02-18 16:28:27,934 - gurobipy - INFO - Model has 8559 quadratic objective terms
2026-02-18 16:28:27,934 - gurobipy - INFO - Variable types: 0 continuous, 8559 integer (0 binary)
2026-02-18 16:28:27,934 - gurobipy - INFO - Coefficient statistics:
2026-02-18 16:28:27,934 - gurobipy - INFO -   Matrix range     [1e+00, 1e+00]
2026-02-18 16:28:27,934 - gurobipy - INFO -   Objective range  [6e-09, 1e+00]
2026-02-18 16:28:27,934 - gurobipy - INFO -   QObjective range [2e-02, 2e+00]
2026-02-18 16:28:27,934 - gurobipy - INFO -   Bounds range     [1e+00, 2e+01]
2026-02-18 16:28:27,934 - gurobipy - INFO -   RHS range        [1e+00, 2e+01]
2026-02-18 16:28:27,934 - gurobipy - INFO - 
2026-02-18 16:28:27,934 - gurobipy - INFO - Loaded user MIP start with objective 698.952
2026-02-18 16:28:27,934 - gurobipy - INFO - 
2026-02-18 16:28:33,327 - gurobipy - INFO - Presolve removed 1852 rows and 8550 columns (presolve time = 5s) ...
2026-02-18 16:28:33,327 - gurobipy - INFO - Presolve removed 1852 rows and 8550 columns
2026-02-18 16:28:33,327 - gurobipy - INFO - Presolve time: 5.39s
2026-02-18 16:28:33,327 - gurobipy - INFO - Presolved: 2 rows, 9 columns, 18 nonzeros
2026-02-18 16:28:33,327 - gurobipy - INFO - Presolved model has 9 quadratic objective terms
2026-02-18 16:28:33,328 - gurobipy - INFO - Found heuristic solution: objective 687.2395837
2026-02-18 16:28:33,328 - gurobipy - INFO - Variable types: 0 continuous, 9 integer (0 binary)
2026-02-18 16:28:33,328 - gurobipy - INFO - 
2026-02-18 16:28:33,328 - gurobipy - INFO - Explored 0 nodes (0 simplex iterations) in 5.39 seconds (0.15 work units)
2026-02-18 16:28:33,328 - gurobipy - INFO - Thread count was 32 (of 64 available processors)
2026-02-18 16:28:33,328 - gurobipy - INFO - 
2026-02-18 16:28:33,328 - gurobipy - INFO - Solution count 2: 687.24 698.952 
2026-02-18 16:28:33,328 - gurobipy - INFO - 
2026-02-18 16:28:33,328 - gurobipy - INFO - Optimal solution found (tolerance 5.00e-02)
2026-02-18 16:28:33,328 - gurobipy - INFO - Best objective 6.872395836534e+02, best bound 6.852356004737e+02, gap 0.2916%
2026-02-18 16:28:33,344 - root - INFO - Global IQP solved: status=2, gap=0.29%, time=5.4s
2026-02-18 16:28:33,390 - root - INFO -   Loss: 530.7903 (change: 0.005984)
2026-02-18 16:28:33,390 - root - INFO -   Beta range: [0.100, 0.507]
2026-02-18 16:28:33,390 - root - INFO -   Max beta change: 0.015443
2026-02-18 16:28:33,390 - root - INFO -   Cell count range: [0, 18]
2026-02-18 16:28:33,390 - root - INFO -     B-cells: 234 cells (5.9%)
2026-02-18 16:28:33,390 - root - INFO -     CAFs: 789 cells (19.7%)
2026-02-18 16:28:33,390 - root - INFO -     Cancer Epithelial: 403 cells (10.1%)
2026-02-18 16:28:33,390 - root - INFO -     Endothelial: 536 cells (13.4%)
2026-02-18 16:28:33,390 - root - INFO -     Myeloid: 316 cells (7.9%)
2026-02-18 16:28:33,390 - root - INFO -     Normal Epithelial: 516 cells (12.9%)
2026-02-18 16:28:33,390 - root - INFO -     PVL: 457 cells (11.4%)
2026-02-18 16:28:33,390 - root - INFO -     Plasmablasts: 464 cells (11.6%)
2026-02-18 16:28:33,390 - root - INFO -     T-cells: 280 cells (7.0%)
2026-02-18 16:28:33,390 - root - WARNING - Loss increased from 527.6331 to 530.7903
2026-02-18 16:28:33,390 - root - INFO - 
=== EM Iteration 9/10 ===
2026-02-18 16:28:33,391 - root - INFO - Marker weighting enabled: weights range [0.500, 0.500]
2026-02-18 16:28:33,391 - root - INFO - Global IQP: 951 spots x 9 cell types = 8559 integer variables
2026-02-18 16:28:33,391 - root - INFO - Time limit: 600.0s, MIP gap: 5.0%
2026-02-18 16:28:33,391 - root - INFO - Constraint slack: ±1 cells
2026-02-18 16:28:33,391 - root - INFO - Elastic net: lambda=1.00, alpha=0.50
2026-02-18 16:28:33,391 - gurobipy - INFO - Set parameter TimeLimit to value 600
2026-02-18 16:28:33,391 - gurobipy - INFO - Set parameter MIPGap to value 0.05
2026-02-18 16:28:34,679 - root - INFO - Starting global IQP optimization...
2026-02-18 16:28:34,680 - gurobipy - INFO - Gurobi Optimizer version 11.0.2 build v11.0.2rc0 (linux64 - "Red Hat Enterprise Linux 9.6 (Plow)")
2026-02-18 16:28:34,680 - gurobipy - INFO - 
2026-02-18 16:28:34,680 - gurobipy - INFO - CPU model: AMD EPYC 9374F 32-Core Processor, instruction set [SSE2|AVX|AVX2|AVX512]
2026-02-18 16:28:34,680 - gurobipy - INFO - Thread count: 64 physical cores, 64 logical processors, using up to 32 threads
2026-02-18 16:28:34,680 - gurobipy - INFO - 
2026-02-18 16:28:34,680 - gurobipy - INFO - Optimize a model with 1854 rows, 8559 columns and 16686 nonzeros
2026-02-18 16:28:34,680 - gurobipy - INFO - Model fingerprint: 0xe9273727
2026-02-18 16:28:34,680 - gurobipy - INFO - Model has 8559 quadratic objective terms
2026-02-18 16:28:34,680 - gurobipy - INFO - Variable types: 0 continuous, 8559 integer (0 binary)
2026-02-18 16:28:34,680 - gurobipy - INFO - Coefficient statistics:
2026-02-18 16:28:34,680 - gurobipy - INFO -   Matrix range     [1e+00, 1e+00]
2026-02-18 16:28:34,680 - gurobipy - INFO -   Objective range  [6e-09, 1e+00]
2026-02-18 16:28:34,680 - gurobipy - INFO -   QObjective range [2e-02, 2e+00]
2026-02-18 16:28:34,680 - gurobipy - INFO -   Bounds range     [1e+00, 2e+01]
2026-02-18 16:28:34,680 - gurobipy - INFO -   RHS range        [1e+00, 2e+01]
2026-02-18 16:28:34,680 - gurobipy - INFO - 
2026-02-18 16:28:34,681 - gurobipy - INFO - Loaded user MIP start with objective 700.347
2026-02-18 16:28:34,681 - gurobipy - INFO - 
2026-02-18 16:28:39,881 - gurobipy - INFO - Presolve removed 1852 rows and 8550 columns (presolve time = 5s) ...
2026-02-18 16:28:39,881 - gurobipy - INFO - Presolve removed 1852 rows and 8550 columns
2026-02-18 16:28:39,881 - gurobipy - INFO - Presolve time: 5.20s
2026-02-18 16:28:39,881 - gurobipy - INFO - Presolved: 2 rows, 9 columns, 18 nonzeros
2026-02-18 16:28:39,882 - gurobipy - INFO - Presolved model has 9 quadratic objective terms
2026-02-18 16:28:39,882 - gurobipy - INFO - Found heuristic solution: objective 688.4744162
2026-02-18 16:28:39,882 - gurobipy - INFO - Variable types: 0 continuous, 9 integer (0 binary)
2026-02-18 16:28:39,882 - gurobipy - INFO - 
2026-02-18 16:28:39,882 - gurobipy - INFO - Explored 0 nodes (0 simplex iterations) in 5.20 seconds (0.15 work units)
2026-02-18 16:28:39,882 - gurobipy - INFO - Thread count was 32 (of 64 available processors)
2026-02-18 16:28:39,882 - gurobipy - INFO - 
2026-02-18 16:28:39,882 - gurobipy - INFO - Solution count 2: 688.474 700.347 
2026-02-18 16:28:39,882 - gurobipy - INFO - 
2026-02-18 16:28:39,882 - gurobipy - INFO - Optimal solution found (tolerance 5.00e-02)
2026-02-18 16:28:39,882 - gurobipy - INFO - Best objective 6.884744161668e+02, best bound 6.864541024810e+02, gap 0.2934%
2026-02-18 16:28:39,894 - root - INFO - Global IQP solved: status=2, gap=0.29%, time=5.2s
2026-02-18 16:28:39,941 - root - INFO -   Loss: 533.1852 (change: 0.004512)
2026-02-18 16:28:39,941 - root - INFO -   Beta range: [0.100, 0.505]
2026-02-18 16:28:39,941 - root - INFO -   Max beta change: 0.015990
2026-02-18 16:28:39,941 - root - INFO -   Cell count range: [0, 18]
2026-02-18 16:28:39,941 - root - INFO -     B-cells: 227 cells (5.7%)
2026-02-18 16:28:39,941 - root - INFO -     CAFs: 793 cells (19.8%)
2026-02-18 16:28:39,941 - root - INFO -     Cancer Epithelial: 402 cells (10.1%)
2026-02-18 16:28:39,941 - root - INFO -     Endothelial: 539 cells (13.5%)
2026-02-18 16:28:39,941 - root - INFO -     Myeloid: 321 cells (8.0%)
2026-02-18 16:28:39,941 - root - INFO -     Normal Epithelial: 515 cells (12.9%)
2026-02-18 16:28:39,941 - root - INFO -     PVL: 455 cells (11.4%)
2026-02-18 16:28:39,941 - root - INFO -     Plasmablasts: 465 cells (11.6%)
2026-02-18 16:28:39,941 - root - INFO -     T-cells: 278 cells (7.0%)
2026-02-18 16:28:39,941 - root - WARNING - Loss increased from 530.7903 to 533.1852
2026-02-18 16:28:39,941 - root - INFO - 
=== EM Iteration 10/10 ===
2026-02-18 16:28:39,941 - root - INFO - Marker weighting enabled: weights range [0.500, 0.500]
2026-02-18 16:28:39,941 - root - INFO - Global IQP: 951 spots x 9 cell types = 8559 integer variables
2026-02-18 16:28:39,941 - root - INFO - Time limit: 600.0s, MIP gap: 5.0%
2026-02-18 16:28:39,941 - root - INFO - Constraint slack: ±1 cells
2026-02-18 16:28:39,942 - root - INFO - Elastic net: lambda=1.00, alpha=0.50
2026-02-18 16:28:39,942 - gurobipy - INFO - Set parameter TimeLimit to value 600
2026-02-18 16:28:39,942 - gurobipy - INFO - Set parameter MIPGap to value 0.05
2026-02-18 16:28:41,091 - root - INFO - Starting global IQP optimization...
2026-02-18 16:28:41,091 - gurobipy - INFO - Gurobi Optimizer version 11.0.2 build v11.0.2rc0 (linux64 - "Red Hat Enterprise Linux 9.6 (Plow)")
2026-02-18 16:28:41,091 - gurobipy - INFO - 
2026-02-18 16:28:41,091 - gurobipy - INFO - CPU model: AMD EPYC 9374F 32-Core Processor, instruction set [SSE2|AVX|AVX2|AVX512]
2026-02-18 16:28:41,091 - gurobipy - INFO - Thread count: 64 physical cores, 64 logical processors, using up to 32 threads
2026-02-18 16:28:41,091 - gurobipy - INFO - 
2026-02-18 16:28:41,091 - gurobipy - INFO - Optimize a model with 1854 rows, 8559 columns and 16686 nonzeros
2026-02-18 16:28:41,092 - gurobipy - INFO - Model fingerprint: 0x83fc16b4
2026-02-18 16:28:41,092 - gurobipy - INFO - Model has 8559 quadratic objective terms
2026-02-18 16:28:41,092 - gurobipy - INFO - Variable types: 0 continuous, 8559 integer (0 binary)
2026-02-18 16:28:41,092 - gurobipy - INFO - Coefficient statistics:
2026-02-18 16:28:41,092 - gurobipy - INFO -   Matrix range     [1e+00, 1e+00]
2026-02-18 16:28:41,092 - gurobipy - INFO -   Objective range  [6e-09, 1e+00]
2026-02-18 16:28:41,092 - gurobipy - INFO -   QObjective range [2e-02, 2e+00]
2026-02-18 16:28:41,092 - gurobipy - INFO -   Bounds range     [1e+00, 2e+01]
2026-02-18 16:28:41,092 - gurobipy - INFO -   RHS range        [1e+00, 2e+01]
2026-02-18 16:28:41,092 - gurobipy - INFO - 
2026-02-18 16:28:41,092 - gurobipy - INFO - Loaded user MIP start with objective 701.611
2026-02-18 16:28:41,092 - gurobipy - INFO - 
2026-02-18 16:28:46,924 - gurobipy - INFO - Presolve removed 1852 rows and 8550 columns (presolve time = 6s) ...
2026-02-18 16:28:46,925 - gurobipy - INFO - Presolve removed 1852 rows and 8550 columns
2026-02-18 16:28:46,925 - gurobipy - INFO - Presolve time: 5.83s
2026-02-18 16:28:46,925 - gurobipy - INFO - Presolved: 2 rows, 9 columns, 18 nonzeros
2026-02-18 16:28:46,925 - gurobipy - INFO - Presolved model has 9 quadratic objective terms
2026-02-18 16:28:46,925 - gurobipy - INFO - Found heuristic solution: objective 689.6435964
2026-02-18 16:28:46,925 - gurobipy - INFO - Variable types: 0 continuous, 9 integer (0 binary)
2026-02-18 16:28:46,925 - gurobipy - INFO - 
2026-02-18 16:28:46,925 - gurobipy - INFO - Explored 0 nodes (0 simplex iterations) in 5.83 seconds (0.15 work units)
2026-02-18 16:28:46,925 - gurobipy - INFO - Thread count was 32 (of 64 available processors)
2026-02-18 16:28:46,925 - gurobipy - INFO - 
2026-02-18 16:28:46,925 - gurobipy - INFO - Solution count 2: 689.644 701.611 
2026-02-18 16:28:46,925 - gurobipy - INFO - 
2026-02-18 16:28:46,925 - gurobipy - INFO - Optimal solution found (tolerance 5.00e-02)
2026-02-18 16:28:46,925 - gurobipy - INFO - Best objective 6.896435963706e+02, best bound 6.876004349533e+02, gap 0.2963%
2026-02-18 16:28:46,937 - root - INFO - Global IQP solved: status=2, gap=0.30%, time=5.8s
2026-02-18 16:28:46,984 - root - INFO -   Loss: 533.8961 (change: 0.001333)
2026-02-18 16:28:46,985 - root - INFO -   Beta range: [0.100, 0.504]
2026-02-18 16:28:46,985 - root - INFO -   Max beta change: 0.009092
2026-02-18 16:28:46,985 - root - INFO -   Cell count range: [0, 18]
2026-02-18 16:28:46,985 - root - INFO -     B-cells: 223 cells (5.6%)
2026-02-18 16:28:46,985 - root - INFO -     CAFs: 795 cells (19.9%)
2026-02-18 16:28:46,985 - root - INFO -     Cancer Epithelial: 402 cells (10.1%)
2026-02-18 16:28:46,985 - root - INFO -     Endothelial: 538 cells (13.5%)
2026-02-18 16:28:46,985 - root - INFO -     Myeloid: 321 cells (8.0%)
2026-02-18 16:28:46,985 - root - INFO -     Normal Epithelial: 513 cells (12.8%)
2026-02-18 16:28:46,985 - root - INFO -     PVL: 459 cells (11.5%)
2026-02-18 16:28:46,985 - root - INFO -     Plasmablasts: 465 cells (11.6%)
2026-02-18 16:28:46,985 - root - INFO -     T-cells: 279 cells (7.0%)
2026-02-18 16:28:46,985 - root - WARNING - Loss increased from 533.1852 to 533.8961
2026-02-18 16:28:46,985 - root - INFO - 
Final beta values:
2026-02-18 16:28:46,985 - root - INFO -   B-cells_Protein_1: β=0.339, α=0.000
2026-02-18 16:28:46,985 - root - INFO -   B-cells_Protein_2: β=0.327, α=0.000
2026-02-18 16:28:46,985 - root - INFO -   CAFs_Protein_1: β=0.504, α=0.000
2026-02-18 16:28:46,985 - root - INFO -   CAFs_Protein_2: β=0.501, α=0.000
2026-02-18 16:28:46,985 - root - INFO -   Cancer Epithelial_Protein_1: β=0.428, α=0.500
2026-02-18 16:28:46,985 - root - INFO -   Cancer Epithelial_Protein_2: β=0.439, α=0.500
2026-02-18 16:28:46,985 - root - INFO -   Endothelial_Protein_1: β=0.100, α=0.000
2026-02-18 16:28:46,985 - root - INFO -   Endothelial_Protein_2: β=0.100, α=0.000
2026-02-18 16:28:46,985 - root - INFO -   Myeloid_Protein_1: β=0.405, α=0.000
2026-02-18 16:28:46,985 - root - INFO -   Myeloid_Protein_2: β=0.406, α=0.000
2026-02-18 16:28:46,985 - root - INFO -   Normal Epithelial_Protein_1: β=0.100, α=0.000
2026-02-18 16:28:46,985 - root - INFO -   Normal Epithelial_Protein_2: β=0.100, α=0.000
2026-02-18 16:28:46,985 - root - INFO -   PVL_Protein_1: β=0.100, α=0.000
2026-02-18 16:28:46,985 - root - INFO -   PVL_Protein_2: β=0.100, α=0.000
2026-02-18 16:28:46,985 - root - INFO -   Plasmablasts_Protein_1: β=0.100, α=0.000
2026-02-18 16:28:46,985 - root - INFO -   Plasmablasts_Protein_2: β=0.100, α=0.000
2026-02-18 16:28:46,985 - root - INFO -   T-cells_Protein_1: β=0.406, α=0.048
2026-02-18 16:28:46,985 - root - INFO -   T-cells_Protein_2: β=0.454, α=0.000
2026-02-18 16:28:46,991 - root - INFO - Saved discrete cell counts to Benchmarking/simulation_benchmarking/CITEgeist/output_discrete_relaxed/mixed/dapi/mixed/dapi/Wu_rep_0/Wu_rep_0_discrete_cell_counts.csv
2026-02-18 16:28:46,995 - root - INFO - Saved derived proportions to Benchmarking/simulation_benchmarking/CITEgeist/output_discrete_relaxed/mixed/dapi/mixed/dapi/Wu_rep_0/Wu_rep_0_cell_prop_discrete.csv
2026-02-18 16:28:46,995 - root - INFO - Cell type distribution:
2026-02-18 16:28:46,995 - root - INFO -   B-cells: 223 cells (5.6%)
2026-02-18 16:28:46,995 - root - INFO -   CAFs: 795 cells (19.9%)
2026-02-18 16:28:46,995 - root - INFO -   Cancer Epithelial: 402 cells (10.1%)
2026-02-18 16:28:46,995 - root - INFO -   Endothelial: 538 cells (13.5%)
2026-02-18 16:28:46,995 - root - INFO -   Myeloid: 321 cells (8.0%)
2026-02-18 16:28:46,995 - root - INFO -   Normal Epithelial: 513 cells (12.8%)
2026-02-18 16:28:46,995 - root - INFO -   PVL: 459 cells (11.5%)
2026-02-18 16:28:46,995 - root - INFO -   Plasmablasts: 465 cells (11.6%)
2026-02-18 16:28:46,995 - root - INFO -   T-cells: 279 cells (7.0%)
2026-02-18 16:28:47,012 - __main__ - INFO - Loaded ground truth proportions: 951 spots, 9 cell types
2026-02-18 16:28:47,015 - __main__ - INFO - Proportion correlation: 0.478
2026-02-18 16:28:47,015 - __main__ - INFO - Proportion RMSE: 0.1954
2026-02-18 16:28:47,015 - __main__ - INFO - Running GEX deconvolution...
2026-02-18 16:28:47,016 - CITEgeist.model.utils - INFO - Detected spot spacing: 1.61 units (median of 951 nearest-neighbor distances)
2026-02-18 16:28:47,016 - CITEgeist.model.utils - INFO - Computed optimal radius: 4.92 (3.0 rings, spot_spacing=1.61)
2026-02-18 16:28:47,016 - root - INFO - Auto-detected radius: 4.92 (3 rings)
2026-02-18 16:28:47,016 - root - INFO - Starting Pass 1: Error minimization with enrichment weights...
2026-02-18 16:28:47,016 - root - INFO - Using discrete mode: cell counts as fixed multipliers
2026-02-18 16:28:47,016 - root - WARNING - Found 46 spots with zero cells. These will be skipped in deconvolution.
2026-02-18 16:28:47,016 - root - WARNING - Found 46 spots with zero or negligible total cell proportions. Deconvolution for these spots may fail and their profiles will be imputed as zeros. Example spot indices: [ 4 35 42 68 88]
2026-02-18 16:28:47,016 - root - INFO - Starting analysis for Wu_rep_0
2026-02-18 16:28:47,016 - root - INFO - Already completed spots: 0
2026-02-18 16:28:47,016 - root - INFO - Using enrichment weights - Global: 0.5, Local: 0.5
2026-02-18 16:28:47,016 - root - INFO - Using 64 workers
2026-02-18 16:28:47,016 - root - INFO - Processing 951 remaining spots
Deconvoluting Remaining Spots:   0%|          | 0/951 [00:00<?, ?it/s]Deconvoluting Remaining Spots:   0%|          | 1/951 [00:04<1:05:26,  4.13s/it]Deconvoluting Remaining Spots:   0%|          | 2/951 [00:04<29:32,  1.87s/it]  Deconvoluting Remaining Spots:   0%|          | 4/951 [00:04<12:55,  1.22it/s]Deconvoluting Remaining Spots:   1%|          | 5/951 [00:05<10:40,  1.48it/s]Deconvoluting Remaining Spots:   1%|          | 6/951 [00:05<09:46,  1.61it/s]Deconvoluting Remaining Spots:   1%|          | 7/951 [00:05<08:18,  1.89it/s]Deconvoluting Remaining Spots:   1%|          | 8/951 [00:06<07:26,  2.11it/s]Deconvoluting Remaining Spots:   1%|          | 9/951 [00:06<07:05,  2.21it/s]Deconvoluting Remaining Spots:   1%|          | 10/951 [00:07<07:41,  2.04it/s]Deconvoluting Remaining Spots:   1%|          | 11/951 [00:07<06:40,  2.35it/s]Deconvoluting Remaining Spots:   1%|▏         | 12/951 [00:08<07:37,  2.05it/s]Deconvoluting Remaining Spots:   1%|▏         | 13/951 [00:08<07:03,  2.21it/s]Deconvoluting Remaining Spots:   1%|▏         | 14/951 [00:08<06:49,  2.29it/s]Deconvoluting Remaining Spots:   2%|▏         | 15/951 [00:09<06:30,  2.40it/s]Deconvoluting Remaining Spots:   2%|▏         | 16/951 [00:09<06:10,  2.52it/s]Deconvoluting Remaining Spots:   2%|▏         | 17/951 [00:10<05:57,  2.61it/s]Deconvoluting Remaining Spots:   2%|▏         | 18/951 [00:10<06:02,  2.57it/s]Deconvoluting Remaining Spots:   2%|▏         | 19/951 [00:10<05:57,  2.61it/s]Deconvoluting Remaining Spots:   2%|▏         | 20/951 [00:11<05:58,  2.60it/s]Deconvoluting Remaining Spots:   2%|▏         | 21/951 [00:11<06:04,  2.55it/s]Deconvoluting Remaining Spots:   2%|▏         | 22/951 [00:12<06:17,  2.46it/s]Deconvoluting Remaining Spots:   2%|▏         | 23/951 [00:12<05:42,  2.71it/s]Deconvoluting Remaining Spots:   3%|▎         | 24/951 [00:12<05:33,  2.78it/s]Deconvoluting Remaining Spots:   3%|▎         | 25/951 [00:13<05:33,  2.77it/s]Deconvoluting Remaining Spots:   3%|▎         | 26/951 [00:13<05:47,  2.66it/s]Deconvoluting Remaining Spots:   3%|▎         | 27/951 [00:14<06:40,  2.31it/s]Deconvoluting Remaining Spots:   3%|▎         | 28/951 [00:14<05:37,  2.74it/s]Deconvoluting Remaining Spots:   3%|▎         | 29/951 [00:14<05:40,  2.71it/s]Deconvoluting Remaining Spots:   3%|▎         | 30/951 [00:15<06:44,  2.27it/s]Deconvoluting Remaining Spots:   3%|▎         | 31/951 [00:15<05:39,  2.71it/s]Deconvoluting Remaining Spots:   3%|▎         | 32/951 [00:15<06:09,  2.49it/s]Deconvoluting Remaining Spots:   3%|▎         | 33/951 [00:16<06:05,  2.51it/s]Deconvoluting Remaining Spots:   4%|▎         | 34/951 [00:16<05:42,  2.68it/s]Deconvoluting Remaining Spots:   4%|▎         | 35/951 [00:17<06:08,  2.49it/s]Deconvoluting Remaining Spots:   4%|▍         | 36/951 [00:17<05:51,  2.60it/s]Deconvoluting Remaining Spots:   4%|▍         | 37/951 [00:17<06:19,  2.41it/s]Deconvoluting Remaining Spots:   4%|▍         | 38/951 [00:18<05:32,  2.75it/s]Deconvoluting Remaining Spots:   4%|▍         | 39/951 [00:18<06:45,  2.25it/s]Deconvoluting Remaining Spots:   4%|▍         | 40/951 [00:19<06:32,  2.32it/s]Deconvoluting Remaining Spots:   4%|▍         | 41/951 [00:19<06:12,  2.44it/s]Deconvoluting Remaining Spots:   4%|▍         | 42/951 [00:19<06:09,  2.46it/s]Deconvoluting Remaining Spots:   5%|▍         | 43/951 [00:20<06:05,  2.48it/s]Deconvoluting Remaining Spots:   5%|▍         | 44/951 [00:20<06:22,  2.37it/s]Deconvoluting Remaining Spots:   5%|▍         | 45/951 [00:21<06:01,  2.51it/s]Deconvoluting Remaining Spots:   5%|▍         | 46/951 [00:21<05:39,  2.66it/s]Deconvoluting Remaining Spots:   5%|▍         | 47/951 [00:21<05:41,  2.65it/s]Deconvoluting Remaining Spots:   5%|▌         | 48/951 [00:22<05:24,  2.78it/s]Deconvoluting Remaining Spots:   5%|▌         | 49/951 [00:22<05:35,  2.69it/s]Deconvoluting Remaining Spots:   5%|▌         | 50/951 [00:23<06:15,  2.40it/s]Deconvoluting Remaining Spots:   5%|▌         | 51/951 [00:23<06:03,  2.48it/s]Deconvoluting Remaining Spots:   5%|▌         | 52/951 [00:23<05:44,  2.61it/s]Deconvoluting Remaining Spots:   6%|▌         | 53/951 [00:24<06:20,  2.36it/s]Deconvoluting Remaining Spots:   6%|▌         | 54/951 [00:24<05:45,  2.60it/s]Deconvoluting Remaining Spots:   6%|▌         | 55/951 [00:25<05:48,  2.57it/s]Deconvoluting Remaining Spots:   6%|▌         | 56/951 [00:25<05:38,  2.65it/s]Deconvoluting Remaining Spots:   6%|▌         | 57/951 [00:25<05:47,  2.57it/s]Deconvoluting Remaining Spots:   6%|▌         | 58/951 [00:26<06:15,  2.38it/s]Deconvoluting Remaining Spots:   6%|▌         | 59/951 [00:26<05:11,  2.87it/s]Deconvoluting Remaining Spots:   6%|▋         | 60/951 [00:26<05:28,  2.71it/s]Deconvoluting Remaining Spots:   6%|▋         | 61/951 [00:27<05:20,  2.78it/s]Deconvoluting Remaining Spots:   7%|▋         | 62/951 [00:27<05:40,  2.61it/s]Deconvoluting Remaining Spots:   7%|▋         | 63/951 [00:28<06:13,  2.38it/s]Deconvoluting Remaining Spots:   7%|▋         | 64/951 [00:28<05:01,  2.94it/s]Deconvoluting Remaining Spots:   7%|▋         | 65/951 [00:28<05:06,  2.89it/s]Deconvoluting Remaining Spots:   7%|▋         | 66/951 [00:28<04:54,  3.01it/s]Deconvoluting Remaining Spots:   7%|▋         | 67/951 [00:29<04:48,  3.06it/s]Deconvoluting Remaining Spots:   7%|▋         | 68/951 [00:29<05:06,  2.88it/s]Deconvoluting Remaining Spots:   7%|▋         | 69/951 [00:29<04:46,  3.08it/s]Deconvoluting Remaining Spots:   7%|▋         | 70/951 [00:30<04:34,  3.20it/s]Deconvoluting Remaining Spots:   7%|▋         | 71/951 [00:30<04:44,  3.09it/s]Deconvoluting Remaining Spots:   8%|▊         | 72/951 [00:31<05:16,  2.78it/s]Deconvoluting Remaining Spots:   8%|▊         | 73/951 [00:31<04:51,  3.01it/s]Deconvoluting Remaining Spots:   8%|▊         | 74/951 [00:31<05:16,  2.77it/s]Deconvoluting Remaining Spots:   8%|▊         | 75/951 [00:31<04:35,  3.18it/s]Deconvoluting Remaining Spots:   8%|▊         | 76/951 [00:32<05:04,  2.88it/s]Deconvoluting Remaining Spots:   8%|▊         | 77/951 [00:32<04:04,  3.57it/s]Deconvoluting Remaining Spots:   8%|▊         | 78/951 [00:32<03:58,  3.67it/s]Deconvoluting Remaining Spots:   8%|▊         | 79/951 [00:33<04:11,  3.46it/s]Deconvoluting Remaining Spots:   8%|▊         | 80/951 [00:33<04:40,  3.11it/s]Deconvoluting Remaining Spots:   9%|▊         | 81/951 [00:33<03:52,  3.75it/s]Deconvoluting Remaining Spots:   9%|▊         | 82/951 [00:33<04:13,  3.43it/s]Deconvoluting Remaining Spots:   9%|▊         | 83/951 [00:34<04:55,  2.94it/s]Deconvoluting Remaining Spots:   9%|▉         | 84/951 [00:34<05:08,  2.81it/s]Deconvoluting Remaining Spots:   9%|▉         | 85/951 [00:34<04:22,  3.30it/s]Deconvoluting Remaining Spots:   9%|▉         | 86/951 [00:35<04:23,  3.29it/s]Deconvoluting Remaining Spots:   9%|▉         | 87/951 [00:35<05:16,  2.73it/s]Deconvoluting Remaining Spots:   9%|▉         | 88/951 [00:36<05:16,  2.72it/s]Deconvoluting Remaining Spots:   9%|▉         | 89/951 [00:36<05:56,  2.42it/s]Deconvoluting Remaining Spots:   9%|▉         | 90/951 [00:36<05:17,  2.71it/s]Deconvoluting Remaining Spots:  10%|▉         | 92/951 [00:37<03:59,  3.59it/s]Deconvoluting Remaining Spots:  10%|▉         | 93/951 [00:37<04:18,  3.32it/s]Deconvoluting Remaining Spots:  10%|▉         | 94/951 [00:37<04:08,  3.45it/s]Deconvoluting Remaining Spots:  10%|▉         | 95/951 [00:38<04:09,  3.44it/s]Deconvoluting Remaining Spots:  10%|█         | 96/951 [00:38<04:14,  3.36it/s]Deconvoluting Remaining Spots:  10%|█         | 97/951 [00:38<04:10,  3.41it/s]Deconvoluting Remaining Spots:  10%|█         | 98/951 [00:39<04:07,  3.45it/s]Deconvoluting Remaining Spots:  10%|█         | 99/951 [00:39<04:11,  3.39it/s]Deconvoluting Remaining Spots:  11%|█         | 100/951 [00:39<04:50,  2.93it/s]2026-02-18 16:29:28,906 - root - INFO - Saved checkpoint after 100 completed spots
Deconvoluting Remaining Spots:  11%|█         | 101/951 [00:41<08:26,  1.68it/s]Deconvoluting Remaining Spots:  11%|█         | 105/951 [00:41<03:57,  3.56it/s]Deconvoluting Remaining Spots:  11%|█         | 106/951 [00:41<03:38,  3.87it/s]Deconvoluting Remaining Spots:  11%|█▏        | 107/951 [00:41<03:15,  4.32it/s]Deconvoluting Remaining Spots:  11%|█▏        | 108/951 [00:41<03:23,  4.15it/s]Deconvoluting Remaining Spots:  11%|█▏        | 109/951 [00:42<03:41,  3.80it/s]Deconvoluting Remaining Spots:  12%|█▏        | 110/951 [00:42<03:43,  3.76it/s]Deconvoluting Remaining Spots:  12%|█▏        | 111/951 [00:42<04:04,  3.43it/s]Deconvoluting Remaining Spots:  12%|█▏        | 112/951 [00:43<05:47,  2.41it/s]Deconvoluting Remaining Spots:  12%|█▏        | 114/951 [00:44<04:44,  2.94it/s]Deconvoluting Remaining Spots:  12%|█▏        | 115/951 [00:44<04:38,  3.00it/s]Deconvoluting Remaining Spots:  12%|█▏        | 116/951 [00:44<04:01,  3.46it/s]Deconvoluting Remaining Spots:  12%|█▏        | 117/951 [00:44<04:00,  3.47it/s]Deconvoluting Remaining Spots:  12%|█▏        | 118/951 [00:45<05:01,  2.76it/s]Deconvoluting Remaining Spots:  13%|█▎        | 119/951 [00:45<04:07,  3.36it/s]Deconvoluting Remaining Spots:  13%|█▎        | 120/951 [00:45<03:54,  3.55it/s]Deconvoluting Remaining Spots:  13%|█▎        | 121/951 [00:46<04:48,  2.87it/s]Deconvoluting Remaining Spots:  13%|█▎        | 122/951 [00:46<05:02,  2.74it/s]Deconvoluting Remaining Spots:  13%|█▎        | 123/951 [00:47<04:52,  2.83it/s]Deconvoluting Remaining Spots:  13%|█▎        | 124/951 [00:47<04:33,  3.03it/s]Deconvoluting Remaining Spots:  13%|█▎        | 125/951 [00:47<04:35,  3.00it/s]Deconvoluting Remaining Spots:  13%|█▎        | 126/951 [00:47<04:18,  3.19it/s]Deconvoluting Remaining Spots:  13%|█▎        | 127/951 [00:48<03:57,  3.47it/s]Deconvoluting Remaining Spots:  13%|█▎        | 128/951 [00:48<05:12,  2.63it/s]Deconvoluting Remaining Spots:  14%|█▎        | 130/951 [00:49<03:57,  3.46it/s]Deconvoluting Remaining Spots:  14%|█▍        | 131/951 [00:49<03:45,  3.63it/s]Deconvoluting Remaining Spots:  14%|█▍        | 132/951 [00:49<03:50,  3.55it/s]Deconvoluting Remaining Spots:  14%|█▍        | 133/951 [00:50<03:55,  3.47it/s]Deconvoluting Remaining Spots:  14%|█▍        | 134/951 [00:50<04:49,  2.82it/s]Deconvoluting Remaining Spots:  14%|█▍        | 135/951 [00:50<04:31,  3.01it/s]Deconvoluting Remaining Spots:  14%|█▍        | 136/951 [00:51<04:33,  2.98it/s]Deconvoluting Remaining Spots:  14%|█▍        | 137/951 [00:51<04:24,  3.07it/s]Deconvoluting Remaining Spots:  15%|█▍        | 138/951 [00:51<04:20,  3.12it/s]Deconvoluting Remaining Spots:  15%|█▍        | 140/951 [00:52<04:10,  3.24it/s]Deconvoluting Remaining Spots:  15%|█▍        | 142/951 [00:52<03:39,  3.69it/s]Deconvoluting Remaining Spots:  15%|█▌        | 143/951 [00:53<03:53,  3.46it/s]Deconvoluting Remaining Spots:  15%|█▌        | 144/951 [00:53<03:41,  3.64it/s]Deconvoluting Remaining Spots:  15%|█▌        | 145/951 [00:53<04:22,  3.07it/s]Deconvoluting Remaining Spots:  15%|█▌        | 147/951 [00:54<03:33,  3.77it/s]Deconvoluting Remaining Spots:  16%|█▌        | 148/951 [00:54<03:46,  3.55it/s]Deconvoluting Remaining Spots:  16%|█▌        | 149/951 [00:54<04:17,  3.11it/s]Deconvoluting Remaining Spots:  16%|█▌        | 150/951 [00:55<03:46,  3.53it/s]Deconvoluting Remaining Spots:  16%|█▌        | 151/951 [00:55<04:06,  3.25it/s]Deconvoluting Remaining Spots:  16%|█▌        | 152/951 [00:55<03:46,  3.53it/s]Deconvoluting Remaining Spots:  16%|█▌        | 153/951 [00:55<03:26,  3.86it/s]Deconvoluting Remaining Spots:  16%|█▌        | 154/951 [00:56<03:30,  3.79it/s]Deconvoluting Remaining Spots:  16%|█▋        | 155/951 [00:56<03:54,  3.39it/s]Deconvoluting Remaining Spots:  16%|█▋        | 156/951 [00:56<03:30,  3.78it/s]Deconvoluting Remaining Spots:  17%|█▋        | 157/951 [00:57<03:41,  3.58it/s]Deconvoluting Remaining Spots:  17%|█▋        | 158/951 [00:57<04:05,  3.24it/s]Deconvoluting Remaining Spots:  17%|█▋        | 159/951 [00:57<03:31,  3.74it/s]Deconvoluting Remaining Spots:  17%|█▋        | 160/951 [00:58<04:07,  3.19it/s]Deconvoluting Remaining Spots:  17%|█▋        | 161/951 [00:58<03:32,  3.71it/s]Deconvoluting Remaining Spots:  17%|█▋        | 162/951 [00:58<03:58,  3.31it/s]Deconvoluting Remaining Spots:  17%|█▋        | 163/951 [00:58<03:45,  3.50it/s]Deconvoluting Remaining Spots:  17%|█▋        | 164/951 [00:59<03:38,  3.60it/s]Deconvoluting Remaining Spots:  17%|█▋        | 165/951 [00:59<03:37,  3.61it/s]Deconvoluting Remaining Spots:  17%|█▋        | 166/951 [00:59<03:48,  3.43it/s]Deconvoluting Remaining Spots:  18%|█▊        | 167/951 [01:00<03:52,  3.38it/s]Deconvoluting Remaining Spots:  18%|█▊        | 168/951 [01:00<03:50,  3.40it/s]Deconvoluting Remaining Spots:  18%|█▊        | 169/951 [01:00<04:08,  3.15it/s]Deconvoluting Remaining Spots:  18%|█▊        | 170/951 [01:01<04:36,  2.83it/s]Deconvoluting Remaining Spots:  18%|█▊        | 171/951 [01:01<03:45,  3.46it/s]Deconvoluting Remaining Spots:  18%|█▊        | 172/951 [01:01<04:26,  2.93it/s]Deconvoluting Remaining Spots:  18%|█▊        | 174/951 [01:02<03:37,  3.58it/s]Deconvoluting Remaining Spots:  18%|█▊        | 175/951 [01:02<03:42,  3.48it/s]Deconvoluting Remaining Spots:  19%|█▊        | 176/951 [01:02<03:49,  3.38it/s]Deconvoluting Remaining Spots:  19%|█▊        | 177/951 [01:03<04:08,  3.11it/s]Deconvoluting Remaining Spots:  19%|█▊        | 178/951 [01:03<03:57,  3.26it/s]Deconvoluting Remaining Spots:  19%|█▉        | 179/951 [01:03<04:08,  3.11it/s]Deconvoluting Remaining Spots:  19%|█▉        | 180/951 [01:03<03:24,  3.76it/s]Deconvoluting Remaining Spots:  19%|█▉        | 181/951 [01:04<03:50,  3.35it/s]Deconvoluting Remaining Spots:  19%|█▉        | 182/951 [01:04<03:39,  3.50it/s]Deconvoluting Remaining Spots:  19%|█▉        | 183/951 [01:04<03:44,  3.42it/s]Deconvoluting Remaining Spots:  19%|█▉        | 184/951 [01:05<03:45,  3.39it/s]Deconvoluting Remaining Spots:  19%|█▉        | 185/951 [01:05<04:37,  2.76it/s]Deconvoluting Remaining Spots:  20%|█▉        | 186/951 [01:05<03:41,  3.46it/s]Deconvoluting Remaining Spots:  20%|█▉        | 187/951 [01:05<03:12,  3.97it/s]Deconvoluting Remaining Spots:  20%|█▉        | 188/951 [01:06<03:46,  3.37it/s]Deconvoluting Remaining Spots:  20%|█▉        | 189/951 [01:06<03:19,  3.81it/s]Deconvoluting Remaining Spots:  20%|█▉        | 190/951 [01:07<04:50,  2.62it/s]Deconvoluting Remaining Spots:  20%|██        | 192/951 [01:07<03:54,  3.24it/s]Deconvoluting Remaining Spots:  20%|██        | 193/951 [01:07<03:45,  3.36it/s]Deconvoluting Remaining Spots:  20%|██        | 194/951 [01:08<04:07,  3.06it/s]Deconvoluting Remaining Spots:  21%|██        | 195/951 [01:08<03:58,  3.16it/s]Deconvoluting Remaining Spots:  21%|██        | 196/951 [01:09<04:54,  2.56it/s]Deconvoluting Remaining Spots:  21%|██        | 198/951 [01:09<03:52,  3.23it/s]Deconvoluting Remaining Spots:  21%|██        | 199/951 [01:09<03:35,  3.49it/s]Deconvoluting Remaining Spots:  21%|██        | 200/951 [01:10<03:20,  3.74it/s]2026-02-18 16:29:59,551 - root - INFO - Saved checkpoint after 200 completed spots
Deconvoluting Remaining Spots:  21%|██        | 201/951 [01:11<07:55,  1.58it/s]Deconvoluting Remaining Spots:  22%|██▏       | 207/951 [01:11<02:50,  4.37it/s]Deconvoluting Remaining Spots:  22%|██▏       | 208/951 [01:12<03:35,  3.45it/s]Deconvoluting Remaining Spots:  22%|██▏       | 210/951 [01:13<03:27,  3.57it/s]Deconvoluting Remaining Spots:  22%|██▏       | 211/951 [01:13<04:20,  2.84it/s]Deconvoluting Remaining Spots:  22%|██▏       | 212/951 [01:13<03:47,  3.25it/s]Deconvoluting Remaining Spots:  22%|██▏       | 213/951 [01:14<03:14,  3.80it/s]Deconvoluting Remaining Spots:  23%|██▎       | 214/951 [01:14<04:14,  2.90it/s]Deconvoluting Remaining Spots:  23%|██▎       | 215/951 [01:14<03:45,  3.27it/s]Deconvoluting Remaining Spots:  23%|██▎       | 216/951 [01:15<03:08,  3.89it/s]Deconvoluting Remaining Spots:  23%|██▎       | 217/951 [01:15<03:36,  3.40it/s]Deconvoluting Remaining Spots:  23%|██▎       | 218/951 [01:15<04:22,  2.79it/s]Deconvoluting Remaining Spots:  23%|██▎       | 220/951 [01:16<03:23,  3.60it/s]Deconvoluting Remaining Spots:  23%|██▎       | 221/951 [01:16<03:20,  3.64it/s]Deconvoluting Remaining Spots:  23%|██▎       | 222/951 [01:16<03:19,  3.66it/s]Deconvoluting Remaining Spots:  23%|██▎       | 223/951 [01:17<03:40,  3.31it/s]Deconvoluting Remaining Spots:  24%|██▎       | 224/951 [01:17<03:27,  3.50it/s]Deconvoluting Remaining Spots:  24%|██▎       | 225/951 [01:17<03:31,  3.43it/s]Deconvoluting Remaining Spots:  24%|██▍       | 226/951 [01:18<03:26,  3.51it/s]Deconvoluting Remaining Spots:  24%|██▍       | 227/951 [01:18<03:49,  3.15it/s]Deconvoluting Remaining Spots:  24%|██▍       | 228/951 [01:18<03:20,  3.61it/s]Deconvoluting Remaining Spots:  24%|██▍       | 229/951 [01:19<03:47,  3.17it/s]Deconvoluting Remaining Spots:  24%|██▍       | 230/951 [01:19<04:05,  2.94it/s]Deconvoluting Remaining Spots:  24%|██▍       | 231/951 [01:19<04:11,  2.86it/s]Deconvoluting Remaining Spots:  24%|██▍       | 232/951 [01:19<03:23,  3.53it/s]Deconvoluting Remaining Spots:  25%|██▍       | 233/951 [01:20<03:17,  3.63it/s]Deconvoluting Remaining Spots:  25%|██▍       | 234/951 [01:20<03:33,  3.35it/s]Deconvoluting Remaining Spots:  25%|██▍       | 235/951 [01:20<03:28,  3.44it/s]Deconvoluting Remaining Spots:  25%|██▍       | 236/951 [01:21<03:41,  3.22it/s]Deconvoluting Remaining Spots:  25%|██▍       | 237/951 [01:21<03:38,  3.28it/s]Deconvoluting Remaining Spots:  25%|██▌       | 238/951 [01:21<03:31,  3.38it/s]Deconvoluting Remaining Spots:  25%|██▌       | 239/951 [01:22<04:13,  2.81it/s]Deconvoluting Remaining Spots:  25%|██▌       | 240/951 [01:22<03:23,  3.50it/s]Deconvoluting Remaining Spots:  25%|██▌       | 241/951 [01:22<04:15,  2.78it/s]Deconvoluting Remaining Spots:  25%|██▌       | 242/951 [01:23<04:32,  2.60it/s]Deconvoluting Remaining Spots:  26%|██▌       | 243/951 [01:23<04:41,  2.52it/s]Deconvoluting Remaining Spots:  26%|██▌       | 244/951 [01:23<04:10,  2.82it/s]Deconvoluting Remaining Spots:  26%|██▌       | 245/951 [01:24<04:05,  2.88it/s]Deconvoluting Remaining Spots:  26%|██▌       | 247/951 [01:24<03:15,  3.61it/s]Deconvoluting Remaining Spots:  26%|██▌       | 248/951 [01:25<03:33,  3.29it/s]Deconvoluting Remaining Spots:  26%|██▌       | 249/951 [01:25<04:15,  2.75it/s]Deconvoluting Remaining Spots:  26%|██▋       | 250/951 [01:25<04:14,  2.76it/s]Deconvoluting Remaining Spots:  26%|██▋       | 251/951 [01:26<03:58,  2.93it/s]Deconvoluting Remaining Spots:  26%|██▋       | 252/951 [01:26<03:29,  3.33it/s]Deconvoluting Remaining Spots:  27%|██▋       | 253/951 [01:26<03:18,  3.52it/s]Deconvoluting Remaining Spots:  27%|██▋       | 254/951 [01:27<04:14,  2.74it/s]Deconvoluting Remaining Spots:  27%|██▋       | 255/951 [01:27<04:09,  2.79it/s]Deconvoluting Remaining Spots:  27%|██▋       | 256/951 [01:27<03:50,  3.01it/s]Deconvoluting Remaining Spots:  27%|██▋       | 257/951 [01:28<04:03,  2.85it/s]Deconvoluting Remaining Spots:  27%|██▋       | 258/951 [01:28<04:00,  2.88it/s]Deconvoluting Remaining Spots:  27%|██▋       | 259/951 [01:28<03:39,  3.15it/s]Deconvoluting Remaining Spots:  27%|██▋       | 260/951 [01:29<04:40,  2.46it/s]Deconvoluting Remaining Spots:  28%|██▊       | 262/951 [01:29<03:33,  3.22it/s]Deconvoluting Remaining Spots:  28%|██▊       | 263/951 [01:30<03:19,  3.46it/s]Deconvoluting Remaining Spots:  28%|██▊       | 264/951 [01:31<05:27,  2.10it/s]Deconvoluting Remaining Spots:  28%|██▊       | 265/951 [01:31<04:56,  2.32it/s]Deconvoluting Remaining Spots:  28%|██▊       | 266/951 [01:31<04:04,  2.80it/s]Deconvoluting Remaining Spots:  28%|██▊       | 267/951 [01:32<05:28,  2.08it/s]Deconvoluting Remaining Spots:  28%|██▊       | 268/951 [01:32<04:44,  2.40it/s]Deconvoluting Remaining Spots:  28%|██▊       | 270/951 [01:32<03:11,  3.56it/s]Deconvoluting Remaining Spots:  28%|██▊       | 271/951 [01:33<03:10,  3.57it/s]Deconvoluting Remaining Spots:  29%|██▊       | 272/951 [01:33<02:59,  3.77it/s]Deconvoluting Remaining Spots:  29%|██▊       | 273/951 [01:33<02:58,  3.81it/s]Deconvoluting Remaining Spots:  29%|██▉       | 274/951 [01:33<02:58,  3.79it/s]Deconvoluting Remaining Spots:  29%|██▉       | 275/951 [01:34<03:46,  2.99it/s]Deconvoluting Remaining Spots:  29%|██▉       | 276/951 [01:34<03:39,  3.07it/s]Deconvoluting Remaining Spots:  29%|██▉       | 277/951 [01:35<04:02,  2.78it/s]Deconvoluting Remaining Spots:  29%|██▉       | 278/951 [01:35<03:27,  3.24it/s]Deconvoluting Remaining Spots:  29%|██▉       | 279/951 [01:35<03:56,  2.85it/s]Deconvoluting Remaining Spots:  29%|██▉       | 280/951 [01:36<04:37,  2.42it/s]Deconvoluting Remaining Spots:  30%|██▉       | 281/951 [01:36<04:11,  2.66it/s]Deconvoluting Remaining Spots:  30%|██▉       | 282/951 [01:36<03:52,  2.87it/s]Deconvoluting Remaining Spots:  30%|██▉       | 283/951 [01:37<03:33,  3.13it/s]Deconvoluting Remaining Spots:  30%|██▉       | 284/951 [01:37<03:29,  3.19it/s]Deconvoluting Remaining Spots:  30%|██▉       | 285/951 [01:37<03:24,  3.25it/s]Deconvoluting Remaining Spots:  30%|███       | 286/951 [01:38<03:31,  3.15it/s]Deconvoluting Remaining Spots:  30%|███       | 287/951 [01:38<03:19,  3.33it/s]Deconvoluting Remaining Spots:  30%|███       | 288/951 [01:38<03:20,  3.31it/s]Deconvoluting Remaining Spots:  30%|███       | 289/951 [01:39<03:34,  3.09it/s]Deconvoluting Remaining Spots:  30%|███       | 290/951 [01:39<02:57,  3.72it/s]Deconvoluting Remaining Spots:  31%|███       | 291/951 [01:39<03:56,  2.79it/s]Deconvoluting Remaining Spots:  31%|███       | 293/951 [01:40<03:07,  3.50it/s]Deconvoluting Remaining Spots:  31%|███       | 294/951 [01:40<02:50,  3.85it/s]Deconvoluting Remaining Spots:  31%|███       | 295/951 [01:40<02:41,  4.05it/s]Deconvoluting Remaining Spots:  31%|███       | 296/951 [01:40<03:06,  3.50it/s]Deconvoluting Remaining Spots:  31%|███       | 297/951 [01:41<02:40,  4.08it/s]Deconvoluting Remaining Spots:  31%|███▏      | 298/951 [01:41<02:52,  3.80it/s]Deconvoluting Remaining Spots:  31%|███▏      | 299/951 [01:41<03:05,  3.51it/s]Deconvoluting Remaining Spots:  32%|███▏      | 300/951 [01:42<03:41,  2.94it/s]2026-02-18 16:30:32,302 - root - INFO - Saved checkpoint after 300 completed spots
Deconvoluting Remaining Spots:  32%|███▏      | 301/951 [01:44<09:44,  1.11it/s]Deconvoluting Remaining Spots:  32%|███▏      | 309/951 [01:44<02:29,  4.31it/s]Deconvoluting Remaining Spots:  33%|███▎      | 311/951 [01:45<02:36,  4.10it/s]Deconvoluting Remaining Spots:  33%|███▎      | 312/951 [01:45<02:42,  3.93it/s]Deconvoluting Remaining Spots:  33%|███▎      | 313/951 [01:45<02:46,  3.83it/s]Deconvoluting Remaining Spots:  33%|███▎      | 314/951 [01:46<02:49,  3.76it/s]Deconvoluting Remaining Spots:  33%|███▎      | 315/951 [01:46<02:51,  3.71it/s]Deconvoluting Remaining Spots:  33%|███▎      | 316/951 [01:46<02:54,  3.64it/s]Deconvoluting Remaining Spots:  33%|███▎      | 317/951 [01:47<02:59,  3.53it/s]Deconvoluting Remaining Spots:  33%|███▎      | 318/951 [01:47<02:57,  3.57it/s]Deconvoluting Remaining Spots:  34%|███▎      | 319/951 [01:47<03:20,  3.15it/s]Deconvoluting Remaining Spots:  34%|███▎      | 320/951 [01:48<03:19,  3.16it/s]Deconvoluting Remaining Spots:  34%|███▍      | 321/951 [01:48<03:12,  3.27it/s]Deconvoluting Remaining Spots:  34%|███▍      | 322/951 [01:48<03:18,  3.17it/s]Deconvoluting Remaining Spots:  34%|███▍      | 323/951 [01:49<03:25,  3.05it/s]Deconvoluting Remaining Spots:  34%|███▍      | 324/951 [01:49<03:04,  3.40it/s]Deconvoluting Remaining Spots:  34%|███▍      | 325/951 [01:49<03:01,  3.45it/s]Deconvoluting Remaining Spots:  34%|███▍      | 326/951 [01:49<03:17,  3.16it/s]Deconvoluting Remaining Spots:  34%|███▍      | 327/951 [01:50<03:09,  3.29it/s]Deconvoluting Remaining Spots:  34%|███▍      | 328/951 [01:50<04:17,  2.42it/s]Deconvoluting Remaining Spots:  35%|███▍      | 330/951 [01:51<02:41,  3.85it/s]Deconvoluting Remaining Spots:  35%|███▍      | 331/951 [01:51<02:55,  3.54it/s]Deconvoluting Remaining Spots:  35%|███▍      | 332/951 [01:51<02:48,  3.66it/s]Deconvoluting Remaining Spots:  35%|███▌      | 333/951 [01:52<03:10,  3.24it/s]Deconvoluting Remaining Spots:  35%|███▌      | 334/951 [01:52<04:19,  2.38it/s]Deconvoluting Remaining Spots:  35%|███▌      | 336/951 [01:53<03:01,  3.38it/s]Deconvoluting Remaining Spots:  35%|███▌      | 337/951 [01:53<02:33,  4.00it/s]Deconvoluting Remaining Spots:  36%|███▌      | 338/951 [01:53<03:27,  2.96it/s]Deconvoluting Remaining Spots:  36%|███▌      | 339/951 [01:53<02:49,  3.62it/s]Deconvoluting Remaining Spots:  36%|███▌      | 340/951 [01:54<03:20,  3.05it/s]Deconvoluting Remaining Spots:  36%|███▌      | 341/951 [01:54<03:16,  3.10it/s]Deconvoluting Remaining Spots:  36%|███▌      | 342/951 [01:54<03:07,  3.25it/s]Deconvoluting Remaining Spots:  36%|███▌      | 343/951 [01:55<03:08,  3.23it/s]Deconvoluting Remaining Spots:  36%|███▌      | 344/951 [01:55<03:17,  3.07it/s]Deconvoluting Remaining Spots:  36%|███▋      | 345/951 [01:55<02:57,  3.42it/s]Deconvoluting Remaining Spots:  36%|███▋      | 346/951 [01:56<03:06,  3.24it/s]Deconvoluting Remaining Spots:  36%|███▋      | 347/951 [01:56<03:10,  3.18it/s]Deconvoluting Remaining Spots:  37%|███▋      | 348/951 [01:56<03:31,  2.86it/s]Deconvoluting Remaining Spots:  37%|███▋      | 349/951 [01:57<02:55,  3.43it/s]Deconvoluting Remaining Spots:  37%|███▋      | 350/951 [01:57<03:17,  3.05it/s]Deconvoluting Remaining Spots:  37%|███▋      | 351/951 [01:57<02:48,  3.57it/s]Deconvoluting Remaining Spots:  37%|███▋      | 352/951 [01:57<02:57,  3.38it/s]Deconvoluting Remaining Spots:  37%|███▋      | 353/951 [01:58<03:24,  2.93it/s]Deconvoluting Remaining Spots:  37%|███▋      | 354/951 [01:58<02:50,  3.50it/s]Deconvoluting Remaining Spots:  37%|███▋      | 355/951 [01:58<03:05,  3.21it/s]Deconvoluting Remaining Spots:  37%|███▋      | 356/951 [01:59<02:46,  3.58it/s]Deconvoluting Remaining Spots:  38%|███▊      | 357/951 [01:59<03:49,  2.58it/s]Deconvoluting Remaining Spots:  38%|███▊      | 358/951 [01:59<03:04,  3.21it/s]Deconvoluting Remaining Spots:  38%|███▊      | 360/951 [02:00<02:24,  4.08it/s]Deconvoluting Remaining Spots:  38%|███▊      | 361/951 [02:00<02:26,  4.03it/s]Deconvoluting Remaining Spots:  38%|███▊      | 362/951 [02:01<03:25,  2.86it/s]Deconvoluting Remaining Spots:  38%|███▊      | 363/951 [02:01<03:15,  3.01it/s]Deconvoluting Remaining Spots:  38%|███▊      | 364/951 [02:01<02:39,  3.68it/s]Deconvoluting Remaining Spots:  38%|███▊      | 365/951 [02:01<02:27,  3.97it/s]Deconvoluting Remaining Spots:  38%|███▊      | 366/951 [02:02<02:39,  3.66it/s]Deconvoluting Remaining Spots:  39%|███▊      | 367/951 [02:02<03:00,  3.24it/s]Deconvoluting Remaining Spots:  39%|███▊      | 368/951 [02:02<02:41,  3.61it/s]Deconvoluting Remaining Spots:  39%|███▉      | 369/951 [02:02<02:48,  3.46it/s]Deconvoluting Remaining Spots:  39%|███▉      | 370/951 [02:03<03:05,  3.13it/s]Deconvoluting Remaining Spots:  39%|███▉      | 371/951 [02:03<02:59,  3.24it/s]Deconvoluting Remaining Spots:  39%|███▉      | 372/951 [02:04<03:13,  2.99it/s]Deconvoluting Remaining Spots:  39%|███▉      | 373/951 [02:04<02:46,  3.48it/s]Deconvoluting Remaining Spots:  39%|███▉      | 374/951 [02:04<02:57,  3.25it/s]Deconvoluting Remaining Spots:  39%|███▉      | 375/951 [02:04<02:43,  3.53it/s]Deconvoluting Remaining Spots:  40%|███▉      | 376/951 [02:05<02:49,  3.40it/s]Deconvoluting Remaining Spots:  40%|███▉      | 377/951 [02:05<02:54,  3.29it/s]Deconvoluting Remaining Spots:  40%|███▉      | 378/951 [02:05<02:51,  3.34it/s]Deconvoluting Remaining Spots:  40%|███▉      | 379/951 [02:06<02:49,  3.37it/s]Deconvoluting Remaining Spots:  40%|███▉      | 380/951 [02:06<02:54,  3.28it/s]Deconvoluting Remaining Spots:  40%|████      | 381/951 [02:06<03:04,  3.10it/s]Deconvoluting Remaining Spots:  40%|████      | 382/951 [02:07<04:01,  2.36it/s]Deconvoluting Remaining Spots:  40%|████      | 383/951 [02:07<03:38,  2.60it/s]Deconvoluting Remaining Spots:  40%|████      | 384/951 [02:07<03:20,  2.83it/s]Deconvoluting Remaining Spots:  40%|████      | 385/951 [02:08<03:05,  3.05it/s]Deconvoluting Remaining Spots:  41%|████      | 386/951 [02:08<03:01,  3.11it/s]Deconvoluting Remaining Spots:  41%|████      | 387/951 [02:08<02:58,  3.15it/s]Deconvoluting Remaining Spots:  41%|████      | 388/951 [02:09<02:53,  3.25it/s]Deconvoluting Remaining Spots:  41%|████      | 389/951 [02:09<02:50,  3.29it/s]Deconvoluting Remaining Spots:  41%|████      | 390/951 [02:09<02:42,  3.46it/s]Deconvoluting Remaining Spots:  41%|████      | 391/951 [02:09<02:39,  3.52it/s]Deconvoluting Remaining Spots:  41%|████      | 392/951 [02:10<02:38,  3.53it/s]Deconvoluting Remaining Spots:  41%|████▏     | 393/951 [02:10<02:21,  3.94it/s]Deconvoluting Remaining Spots:  41%|████▏     | 394/951 [02:10<02:26,  3.81it/s]Deconvoluting Remaining Spots:  42%|████▏     | 395/951 [02:11<02:59,  3.10it/s]Deconvoluting Remaining Spots:  42%|████▏     | 396/951 [02:11<02:32,  3.65it/s]Deconvoluting Remaining Spots:  42%|████▏     | 397/951 [02:11<02:49,  3.27it/s]Deconvoluting Remaining Spots:  42%|████▏     | 398/951 [02:11<02:39,  3.47it/s]Deconvoluting Remaining Spots:  42%|████▏     | 399/951 [02:12<02:33,  3.60it/s]Deconvoluting Remaining Spots:  42%|████▏     | 400/951 [02:12<02:40,  3.43it/s]2026-02-18 16:31:03,404 - root - INFO - Saved checkpoint after 400 completed spots
Deconvoluting Remaining Spots:  42%|████▏     | 401/951 [02:15<10:12,  1.11s/it]Deconvoluting Remaining Spots:  43%|████▎     | 410/951 [02:15<02:10,  4.14it/s]Deconvoluting Remaining Spots:  43%|████▎     | 413/951 [02:16<02:16,  3.94it/s]Deconvoluting Remaining Spots:  44%|████▎     | 415/951 [02:17<02:18,  3.87it/s]Deconvoluting Remaining Spots:  44%|████▍     | 417/951 [02:17<02:21,  3.78it/s]Deconvoluting Remaining Spots:  44%|████▍     | 418/951 [02:17<02:25,  3.67it/s]Deconvoluting Remaining Spots:  44%|████▍     | 419/951 [02:18<02:28,  3.59it/s]Deconvoluting Remaining Spots:  44%|████▍     | 420/951 [02:18<02:26,  3.62it/s]Deconvoluting Remaining Spots:  44%|████▍     | 421/951 [02:18<02:17,  3.85it/s]Deconvoluting Remaining Spots:  44%|████▍     | 422/951 [02:19<02:22,  3.72it/s]Deconvoluting Remaining Spots:  44%|████▍     | 423/951 [02:19<02:19,  3.78it/s]Deconvoluting Remaining Spots:  45%|████▍     | 424/951 [02:19<02:27,  3.58it/s]Deconvoluting Remaining Spots:  45%|████▍     | 425/951 [02:20<02:53,  3.04it/s]Deconvoluting Remaining Spots:  45%|████▍     | 426/951 [02:20<02:39,  3.29it/s]Deconvoluting Remaining Spots:  45%|████▍     | 427/951 [02:20<03:01,  2.88it/s]Deconvoluting Remaining Spots:  45%|████▌     | 428/951 [02:21<02:52,  3.04it/s]Deconvoluting Remaining Spots:  45%|████▌     | 429/951 [02:21<02:21,  3.69it/s]Deconvoluting Remaining Spots:  45%|████▌     | 430/951 [02:21<02:42,  3.21it/s]Deconvoluting Remaining Spots:  45%|████▌     | 431/951 [02:21<02:38,  3.27it/s]Deconvoluting Remaining Spots:  45%|████▌     | 432/951 [02:22<02:30,  3.44it/s]Deconvoluting Remaining Spots:  46%|████▌     | 433/951 [02:22<02:52,  3.00it/s]Deconvoluting Remaining Spots:  46%|████▌     | 434/951 [02:22<02:34,  3.34it/s]Deconvoluting Remaining Spots:  46%|████▌     | 435/951 [02:23<02:25,  3.55it/s]Deconvoluting Remaining Spots:  46%|████▌     | 436/951 [02:23<02:18,  3.71it/s]Deconvoluting Remaining Spots:  46%|████▌     | 437/951 [02:23<02:25,  3.54it/s]Deconvoluting Remaining Spots:  46%|████▌     | 438/951 [02:23<02:30,  3.41it/s]Deconvoluting Remaining Spots:  46%|████▌     | 439/951 [02:24<02:30,  3.40it/s]Deconvoluting Remaining Spots:  46%|████▋     | 440/951 [02:24<02:22,  3.58it/s]Deconvoluting Remaining Spots:  46%|████▋     | 441/951 [02:24<02:22,  3.58it/s]Deconvoluting Remaining Spots:  46%|████▋     | 442/951 [02:25<03:00,  2.82it/s]Deconvoluting Remaining Spots:  47%|████▋     | 444/951 [02:25<02:12,  3.83it/s]Deconvoluting Remaining Spots:  47%|████▋     | 445/951 [02:25<02:27,  3.44it/s]Deconvoluting Remaining Spots:  47%|████▋     | 447/951 [02:26<02:24,  3.50it/s]Deconvoluting Remaining Spots:  47%|████▋     | 448/951 [02:26<02:08,  3.91it/s]Deconvoluting Remaining Spots:  47%|████▋     | 449/951 [02:26<02:14,  3.75it/s]Deconvoluting Remaining Spots:  47%|████▋     | 450/951 [02:27<02:28,  3.38it/s]Deconvoluting Remaining Spots:  47%|████▋     | 451/951 [02:27<02:26,  3.42it/s]Deconvoluting Remaining Spots:  48%|████▊     | 452/951 [02:27<02:20,  3.56it/s]Deconvoluting Remaining Spots:  48%|████▊     | 453/951 [02:28<02:29,  3.33it/s]Deconvoluting Remaining Spots:  48%|████▊     | 454/951 [02:28<02:09,  3.83it/s]Deconvoluting Remaining Spots:  48%|████▊     | 455/951 [02:28<02:14,  3.68it/s]Deconvoluting Remaining Spots:  48%|████▊     | 456/951 [02:28<02:19,  3.54it/s]Deconvoluting Remaining Spots:  48%|████▊     | 457/951 [02:29<02:32,  3.25it/s]Deconvoluting Remaining Spots:  48%|████▊     | 458/951 [02:29<02:40,  3.08it/s]Deconvoluting Remaining Spots:  48%|████▊     | 459/951 [02:30<02:46,  2.95it/s]Deconvoluting Remaining Spots:  48%|████▊     | 461/951 [02:30<02:44,  2.99it/s]Deconvoluting Remaining Spots:  49%|████▊     | 462/951 [02:31<02:50,  2.86it/s]Deconvoluting Remaining Spots:  49%|████▊     | 463/951 [02:31<02:19,  3.50it/s]Deconvoluting Remaining Spots:  49%|████▉     | 464/951 [02:31<02:23,  3.38it/s]Deconvoluting Remaining Spots:  49%|████▉     | 465/951 [02:32<02:52,  2.82it/s]Deconvoluting Remaining Spots:  49%|████▉     | 466/951 [02:32<02:45,  2.93it/s]Deconvoluting Remaining Spots:  49%|████▉     | 467/951 [02:32<02:54,  2.77it/s]Deconvoluting Remaining Spots:  49%|████▉     | 468/951 [02:33<02:37,  3.06it/s]Deconvoluting Remaining Spots:  49%|████▉     | 469/951 [02:33<03:00,  2.67it/s]Deconvoluting Remaining Spots:  49%|████▉     | 470/951 [02:33<02:22,  3.38it/s]Deconvoluting Remaining Spots:  50%|████▉     | 471/951 [02:34<03:19,  2.41it/s]Deconvoluting Remaining Spots:  50%|████▉     | 473/951 [02:34<02:19,  3.43it/s]Deconvoluting Remaining Spots:  50%|████▉     | 474/951 [02:34<02:23,  3.32it/s]Deconvoluting Remaining Spots:  50%|████▉     | 475/951 [02:35<02:16,  3.49it/s]Deconvoluting Remaining Spots:  50%|█████     | 476/951 [02:35<01:58,  4.01it/s]Deconvoluting Remaining Spots:  50%|█████     | 477/951 [02:35<02:01,  3.90it/s]Deconvoluting Remaining Spots:  50%|█████     | 478/951 [02:35<02:13,  3.53it/s]Deconvoluting Remaining Spots:  50%|█████     | 479/951 [02:36<02:24,  3.27it/s]Deconvoluting Remaining Spots:  50%|█████     | 480/951 [02:36<02:28,  3.18it/s]Deconvoluting Remaining Spots:  51%|█████     | 481/951 [02:36<02:23,  3.27it/s]Deconvoluting Remaining Spots:  51%|█████     | 482/951 [02:37<02:20,  3.34it/s]Deconvoluting Remaining Spots:  51%|█████     | 483/951 [02:37<02:17,  3.40it/s]Deconvoluting Remaining Spots:  51%|█████     | 484/951 [02:37<02:05,  3.73it/s]Deconvoluting Remaining Spots:  51%|█████     | 485/951 [02:38<02:04,  3.74it/s]Deconvoluting Remaining Spots:  51%|█████     | 486/951 [02:38<02:02,  3.78it/s]Deconvoluting Remaining Spots:  51%|█████     | 487/951 [02:38<02:23,  3.24it/s]Deconvoluting Remaining Spots:  51%|█████▏    | 488/951 [02:38<02:19,  3.32it/s]Deconvoluting Remaining Spots:  51%|█████▏    | 489/951 [02:39<02:17,  3.36it/s]Deconvoluting Remaining Spots:  52%|█████▏    | 490/951 [02:39<02:13,  3.45it/s]Deconvoluting Remaining Spots:  52%|█████▏    | 491/951 [02:39<01:51,  4.11it/s]Deconvoluting Remaining Spots:  52%|█████▏    | 492/951 [02:40<02:17,  3.34it/s]Deconvoluting Remaining Spots:  52%|█████▏    | 493/951 [02:40<02:14,  3.40it/s]Deconvoluting Remaining Spots:  52%|█████▏    | 494/951 [02:40<02:13,  3.42it/s]Deconvoluting Remaining Spots:  52%|█████▏    | 495/951 [02:40<02:10,  3.50it/s]Deconvoluting Remaining Spots:  52%|█████▏    | 496/951 [02:41<02:14,  3.39it/s]Deconvoluting Remaining Spots:  52%|█████▏    | 497/951 [02:41<02:08,  3.53it/s]Deconvoluting Remaining Spots:  52%|█████▏    | 498/951 [02:41<02:06,  3.58it/s]Deconvoluting Remaining Spots:  52%|█████▏    | 499/951 [02:42<02:09,  3.50it/s]Deconvoluting Remaining Spots:  53%|█████▎    | 500/951 [02:42<02:13,  3.38it/s]2026-02-18 16:31:34,112 - root - INFO - Saved checkpoint after 500 completed spots
Deconvoluting Remaining Spots:  53%|█████▎    | 501/951 [02:46<10:13,  1.36s/it]Deconvoluting Remaining Spots:  54%|█████▍    | 515/951 [02:46<01:37,  4.47it/s]Deconvoluting Remaining Spots:  54%|█████▍    | 517/951 [02:47<01:43,  4.19it/s]Deconvoluting Remaining Spots:  54%|█████▍    | 518/951 [02:47<01:40,  4.30it/s]Deconvoluting Remaining Spots:  55%|█████▍    | 519/951 [02:47<01:47,  4.02it/s]Deconvoluting Remaining Spots:  55%|█████▍    | 520/951 [02:48<01:48,  3.98it/s]Deconvoluting Remaining Spots:  55%|█████▍    | 521/951 [02:48<01:44,  4.12it/s]Deconvoluting Remaining Spots:  55%|█████▍    | 522/951 [02:48<02:06,  3.40it/s]Deconvoluting Remaining Spots:  55%|█████▍    | 523/951 [02:49<02:04,  3.44it/s]Deconvoluting Remaining Spots:  55%|█████▌    | 524/951 [02:49<02:10,  3.27it/s]Deconvoluting Remaining Spots:  55%|█████▌    | 525/951 [02:49<02:19,  3.05it/s]Deconvoluting Remaining Spots:  55%|█████▌    | 526/951 [02:50<02:13,  3.18it/s]Deconvoluting Remaining Spots:  55%|█████▌    | 527/951 [02:50<01:59,  3.56it/s]Deconvoluting Remaining Spots:  56%|█████▌    | 528/951 [02:50<02:26,  2.89it/s]Deconvoluting Remaining Spots:  56%|█████▌    | 529/951 [02:51<02:46,  2.53it/s]Deconvoluting Remaining Spots:  56%|█████▌    | 531/951 [02:52<02:41,  2.60it/s]Deconvoluting Remaining Spots:  56%|█████▌    | 533/951 [02:52<02:18,  3.02it/s]Deconvoluting Remaining Spots:  56%|█████▌    | 534/951 [02:53<02:25,  2.86it/s]Deconvoluting Remaining Spots:  56%|█████▋    | 535/951 [02:53<02:09,  3.21it/s]Deconvoluting Remaining Spots:  56%|█████▋    | 536/951 [02:53<02:10,  3.17it/s]Deconvoluting Remaining Spots:  56%|█████▋    | 537/951 [02:53<01:52,  3.67it/s]Deconvoluting Remaining Spots:  57%|█████▋    | 538/951 [02:54<02:02,  3.36it/s]Deconvoluting Remaining Spots:  57%|█████▋    | 539/951 [02:54<01:48,  3.80it/s]Deconvoluting Remaining Spots:  57%|█████▋    | 540/951 [02:54<01:47,  3.81it/s]Deconvoluting Remaining Spots:  57%|█████▋    | 541/951 [02:54<02:06,  3.23it/s]Deconvoluting Remaining Spots:  57%|█████▋    | 542/951 [02:55<01:56,  3.51it/s]Deconvoluting Remaining Spots:  57%|█████▋    | 543/951 [02:55<01:54,  3.56it/s]Deconvoluting Remaining Spots:  57%|█████▋    | 544/951 [02:55<01:56,  3.50it/s]Deconvoluting Remaining Spots:  57%|█████▋    | 545/951 [02:56<01:52,  3.61it/s]Deconvoluting Remaining Spots:  57%|█████▋    | 546/951 [02:56<01:56,  3.49it/s]Deconvoluting Remaining Spots:  58%|█████▊    | 547/951 [02:56<02:01,  3.32it/s]Deconvoluting Remaining Spots:  58%|█████▊    | 548/951 [02:56<01:57,  3.43it/s]Deconvoluting Remaining Spots:  58%|█████▊    | 549/951 [02:57<02:02,  3.27it/s]Deconvoluting Remaining Spots:  58%|█████▊    | 550/951 [02:57<01:56,  3.46it/s]Deconvoluting Remaining Spots:  58%|█████▊    | 551/951 [02:57<02:05,  3.18it/s]Deconvoluting Remaining Spots:  58%|█████▊    | 552/951 [02:58<02:01,  3.29it/s]Deconvoluting Remaining Spots:  58%|█████▊    | 553/951 [02:58<01:53,  3.51it/s]Deconvoluting Remaining Spots:  58%|█████▊    | 554/951 [02:58<01:53,  3.51it/s]Deconvoluting Remaining Spots:  58%|█████▊    | 555/951 [02:58<01:55,  3.44it/s]Deconvoluting Remaining Spots:  58%|█████▊    | 556/951 [02:59<02:05,  3.16it/s]Deconvoluting Remaining Spots:  59%|█████▊    | 557/951 [02:59<02:00,  3.26it/s]Deconvoluting Remaining Spots:  59%|█████▊    | 558/951 [02:59<01:55,  3.39it/s]Deconvoluting Remaining Spots:  59%|█████▉    | 559/951 [03:00<02:08,  3.05it/s]Deconvoluting Remaining Spots:  59%|█████▉    | 560/951 [03:00<01:56,  3.34it/s]Deconvoluting Remaining Spots:  59%|█████▉    | 561/951 [03:01<02:18,  2.81it/s]Deconvoluting Remaining Spots:  59%|█████▉    | 562/951 [03:01<01:57,  3.32it/s]Deconvoluting Remaining Spots:  59%|█████▉    | 563/951 [03:01<02:06,  3.08it/s]Deconvoluting Remaining Spots:  59%|█████▉    | 564/951 [03:01<02:01,  3.20it/s]Deconvoluting Remaining Spots:  59%|█████▉    | 565/951 [03:02<01:56,  3.30it/s]Deconvoluting Remaining Spots:  60%|█████▉    | 566/951 [03:02<02:16,  2.83it/s]Deconvoluting Remaining Spots:  60%|█████▉    | 567/951 [03:02<01:53,  3.37it/s]Deconvoluting Remaining Spots:  60%|█████▉    | 568/951 [03:03<01:53,  3.38it/s]Deconvoluting Remaining Spots:  60%|█████▉    | 569/951 [03:03<01:42,  3.72it/s]Deconvoluting Remaining Spots:  60%|█████▉    | 570/951 [03:03<01:44,  3.63it/s]Deconvoluting Remaining Spots:  60%|██████    | 571/951 [03:03<01:47,  3.53it/s]Deconvoluting Remaining Spots:  60%|██████    | 572/951 [03:04<01:47,  3.51it/s]Deconvoluting Remaining Spots:  60%|██████    | 573/951 [03:04<01:45,  3.57it/s]Deconvoluting Remaining Spots:  60%|██████    | 574/951 [03:04<02:00,  3.14it/s]Deconvoluting Remaining Spots:  60%|██████    | 575/951 [03:05<01:43,  3.64it/s]Deconvoluting Remaining Spots:  61%|██████    | 576/951 [03:05<01:41,  3.70it/s]Deconvoluting Remaining Spots:  61%|██████    | 577/951 [03:05<01:43,  3.63it/s]Deconvoluting Remaining Spots:  61%|██████    | 578/951 [03:05<01:42,  3.63it/s]Deconvoluting Remaining Spots:  61%|██████    | 579/951 [03:06<01:39,  3.72it/s]Deconvoluting Remaining Spots:  61%|██████    | 580/951 [03:06<01:41,  3.65it/s]Deconvoluting Remaining Spots:  61%|██████    | 581/951 [03:06<01:44,  3.54it/s]Deconvoluting Remaining Spots:  61%|██████    | 582/951 [03:07<01:50,  3.33it/s]Deconvoluting Remaining Spots:  61%|██████▏   | 583/951 [03:07<01:50,  3.34it/s]Deconvoluting Remaining Spots:  61%|██████▏   | 584/951 [03:07<01:45,  3.48it/s]Deconvoluting Remaining Spots:  62%|██████▏   | 585/951 [03:07<01:41,  3.61it/s]Deconvoluting Remaining Spots:  62%|██████▏   | 586/951 [03:08<01:45,  3.46it/s]Deconvoluting Remaining Spots:  62%|██████▏   | 587/951 [03:08<01:46,  3.42it/s]Deconvoluting Remaining Spots:  62%|██████▏   | 588/951 [03:08<01:44,  3.47it/s]Deconvoluting Remaining Spots:  62%|██████▏   | 589/951 [03:09<01:49,  3.30it/s]Deconvoluting Remaining Spots:  62%|██████▏   | 590/951 [03:09<01:33,  3.86it/s]Deconvoluting Remaining Spots:  62%|██████▏   | 591/951 [03:09<01:50,  3.26it/s]Deconvoluting Remaining Spots:  62%|██████▏   | 593/951 [03:10<01:36,  3.73it/s]Deconvoluting Remaining Spots:  62%|██████▏   | 594/951 [03:10<01:46,  3.35it/s]Deconvoluting Remaining Spots:  63%|██████▎   | 595/951 [03:10<01:37,  3.64it/s]Deconvoluting Remaining Spots:  63%|██████▎   | 596/951 [03:10<01:38,  3.60it/s]Deconvoluting Remaining Spots:  63%|██████▎   | 597/951 [03:11<01:37,  3.64it/s]Deconvoluting Remaining Spots:  63%|██████▎   | 598/951 [03:11<02:00,  2.92it/s]Deconvoluting Remaining Spots:  63%|██████▎   | 599/951 [03:11<01:40,  3.50it/s]Deconvoluting Remaining Spots:  63%|██████▎   | 600/951 [03:12<01:32,  3.79it/s]2026-02-18 16:32:04,606 - root - INFO - Saved checkpoint after 600 completed spots
Deconvoluting Remaining Spots:  63%|██████▎   | 601/951 [03:16<09:02,  1.55s/it]Deconvoluting Remaining Spots:  65%|██████▍   | 616/951 [03:17<01:19,  4.24it/s]Deconvoluting Remaining Spots:  65%|██████▍   | 618/951 [03:17<01:22,  4.02it/s]Deconvoluting Remaining Spots:  65%|██████▌   | 619/951 [03:18<01:27,  3.78it/s]Deconvoluting Remaining Spots:  65%|██████▌   | 620/951 [03:18<01:25,  3.89it/s]Deconvoluting Remaining Spots:  65%|██████▌   | 621/951 [03:18<01:31,  3.60it/s]Deconvoluting Remaining Spots:  65%|██████▌   | 622/951 [03:19<01:28,  3.72it/s]Deconvoluting Remaining Spots:  66%|██████▌   | 623/951 [03:19<01:37,  3.36it/s]Deconvoluting Remaining Spots:  66%|██████▌   | 624/951 [03:19<01:30,  3.62it/s]Deconvoluting Remaining Spots:  66%|██████▌   | 625/951 [03:20<01:38,  3.30it/s]Deconvoluting Remaining Spots:  66%|██████▌   | 626/951 [03:20<01:33,  3.49it/s]Deconvoluting Remaining Spots:  66%|██████▌   | 627/951 [03:20<01:46,  3.05it/s]Deconvoluting Remaining Spots:  66%|██████▌   | 628/951 [03:20<01:33,  3.47it/s]Deconvoluting Remaining Spots:  66%|██████▌   | 629/951 [03:21<01:31,  3.53it/s]Deconvoluting Remaining Spots:  66%|██████▌   | 630/951 [03:21<01:52,  2.84it/s]Deconvoluting Remaining Spots:  66%|██████▋   | 632/951 [03:22<01:27,  3.64it/s]Deconvoluting Remaining Spots:  67%|██████▋   | 633/951 [03:22<01:27,  3.63it/s]Deconvoluting Remaining Spots:  67%|██████▋   | 634/951 [03:22<01:28,  3.59it/s]Deconvoluting Remaining Spots:  67%|██████▋   | 635/951 [03:23<01:39,  3.17it/s]Deconvoluting Remaining Spots:  67%|██████▋   | 636/951 [03:23<01:41,  3.10it/s]Deconvoluting Remaining Spots:  67%|██████▋   | 637/951 [03:23<01:47,  2.92it/s]Deconvoluting Remaining Spots:  67%|██████▋   | 638/951 [03:24<01:42,  3.06it/s]Deconvoluting Remaining Spots:  67%|██████▋   | 639/951 [03:24<01:41,  3.07it/s]Deconvoluting Remaining Spots:  67%|██████▋   | 640/951 [03:24<01:56,  2.66it/s]Deconvoluting Remaining Spots:  67%|██████▋   | 641/951 [03:25<01:37,  3.17it/s]Deconvoluting Remaining Spots:  68%|██████▊   | 642/951 [03:25<01:36,  3.20it/s]Deconvoluting Remaining Spots:  68%|██████▊   | 643/951 [03:25<01:25,  3.59it/s]Deconvoluting Remaining Spots:  68%|██████▊   | 644/951 [03:25<01:25,  3.59it/s]Deconvoluting Remaining Spots:  68%|██████▊   | 645/951 [03:26<01:25,  3.59it/s]Deconvoluting Remaining Spots:  68%|██████▊   | 646/951 [03:26<01:19,  3.81it/s]Deconvoluting Remaining Spots:  68%|██████▊   | 647/951 [03:26<01:42,  2.98it/s]Deconvoluting Remaining Spots:  68%|██████▊   | 648/951 [03:27<01:24,  3.58it/s]Deconvoluting Remaining Spots:  68%|██████▊   | 649/951 [03:27<01:26,  3.51it/s]Deconvoluting Remaining Spots:  68%|██████▊   | 650/951 [03:27<01:26,  3.47it/s]Deconvoluting Remaining Spots:  68%|██████▊   | 651/951 [03:27<01:26,  3.47it/s]Deconvoluting Remaining Spots:  69%|██████▊   | 652/951 [03:28<01:26,  3.47it/s]Deconvoluting Remaining Spots:  69%|██████▊   | 653/951 [03:28<01:36,  3.09it/s]Deconvoluting Remaining Spots:  69%|██████▉   | 654/951 [03:28<01:30,  3.28it/s]Deconvoluting Remaining Spots:  69%|██████▉   | 655/951 [03:29<01:36,  3.08it/s]Deconvoluting Remaining Spots:  69%|██████▉   | 656/951 [03:29<01:22,  3.56it/s]Deconvoluting Remaining Spots:  69%|██████▉   | 657/951 [03:29<01:26,  3.40it/s]Deconvoluting Remaining Spots:  69%|██████▉   | 658/951 [03:30<01:33,  3.15it/s]Deconvoluting Remaining Spots:  69%|██████▉   | 659/951 [03:30<01:32,  3.17it/s]Deconvoluting Remaining Spots:  69%|██████▉   | 660/951 [03:30<01:30,  3.23it/s]Deconvoluting Remaining Spots:  70%|██████▉   | 661/951 [03:31<01:42,  2.83it/s]Deconvoluting Remaining Spots:  70%|██████▉   | 662/951 [03:31<01:23,  3.47it/s]Deconvoluting Remaining Spots:  70%|██████▉   | 663/951 [03:31<01:22,  3.50it/s]Deconvoluting Remaining Spots:  70%|██████▉   | 664/951 [03:32<01:46,  2.70it/s]Deconvoluting Remaining Spots:  70%|███████   | 666/951 [03:32<01:16,  3.71it/s]Deconvoluting Remaining Spots:  70%|███████   | 667/951 [03:32<01:15,  3.74it/s]Deconvoluting Remaining Spots:  70%|███████   | 668/951 [03:33<01:20,  3.50it/s]Deconvoluting Remaining Spots:  70%|███████   | 669/951 [03:33<01:16,  3.68it/s]Deconvoluting Remaining Spots:  70%|███████   | 670/951 [03:33<01:18,  3.57it/s]Deconvoluting Remaining Spots:  71%|███████   | 671/951 [03:33<01:25,  3.26it/s]Deconvoluting Remaining Spots:  71%|███████   | 672/951 [03:34<01:23,  3.33it/s]Deconvoluting Remaining Spots:  71%|███████   | 673/951 [03:34<01:30,  3.08it/s]Deconvoluting Remaining Spots:  71%|███████   | 674/951 [03:34<01:22,  3.36it/s]Deconvoluting Remaining Spots:  71%|███████   | 675/951 [03:35<01:38,  2.82it/s]Deconvoluting Remaining Spots:  71%|███████   | 676/951 [03:35<01:26,  3.17it/s]Deconvoluting Remaining Spots:  71%|███████   | 677/951 [03:35<01:23,  3.27it/s]Deconvoluting Remaining Spots:  71%|███████▏  | 678/951 [03:36<01:18,  3.46it/s]Deconvoluting Remaining Spots:  71%|███████▏  | 679/951 [03:36<01:17,  3.50it/s]Deconvoluting Remaining Spots:  72%|███████▏  | 680/951 [03:36<01:11,  3.78it/s]Deconvoluting Remaining Spots:  72%|███████▏  | 681/951 [03:36<01:22,  3.29it/s]Deconvoluting Remaining Spots:  72%|███████▏  | 682/951 [03:37<01:25,  3.16it/s]Deconvoluting Remaining Spots:  72%|███████▏  | 683/951 [03:37<01:38,  2.73it/s]Deconvoluting Remaining Spots:  72%|███████▏  | 684/951 [03:38<01:31,  2.91it/s]Deconvoluting Remaining Spots:  72%|███████▏  | 685/951 [03:38<01:33,  2.84it/s]Deconvoluting Remaining Spots:  72%|███████▏  | 686/951 [03:38<01:26,  3.06it/s]Deconvoluting Remaining Spots:  72%|███████▏  | 687/951 [03:38<01:14,  3.56it/s]Deconvoluting Remaining Spots:  72%|███████▏  | 688/951 [03:39<01:15,  3.48it/s]Deconvoluting Remaining Spots:  72%|███████▏  | 689/951 [03:39<01:15,  3.48it/s]Deconvoluting Remaining Spots:  73%|███████▎  | 690/951 [03:39<01:17,  3.35it/s]Deconvoluting Remaining Spots:  73%|███████▎  | 691/951 [03:40<01:28,  2.92it/s]Deconvoluting Remaining Spots:  73%|███████▎  | 692/951 [03:40<01:11,  3.63it/s]Deconvoluting Remaining Spots:  73%|███████▎  | 693/951 [03:40<01:16,  3.39it/s]Deconvoluting Remaining Spots:  73%|███████▎  | 694/951 [03:41<01:18,  3.28it/s]Deconvoluting Remaining Spots:  73%|███████▎  | 695/951 [03:41<01:24,  3.03it/s]Deconvoluting Remaining Spots:  73%|███████▎  | 696/951 [03:41<01:07,  3.78it/s]Deconvoluting Remaining Spots:  73%|███████▎  | 697/951 [03:41<01:10,  3.60it/s]Deconvoluting Remaining Spots:  73%|███████▎  | 698/951 [03:42<01:10,  3.58it/s]Deconvoluting Remaining Spots:  74%|███████▎  | 699/951 [03:42<01:13,  3.44it/s]Deconvoluting Remaining Spots:  74%|███████▎  | 700/951 [03:42<01:20,  3.11it/s]2026-02-18 16:32:36,220 - root - INFO - Saved checkpoint after 700 completed spots
Deconvoluting Remaining Spots:  74%|███████▎  | 701/951 [03:48<07:46,  1.87s/it]Deconvoluting Remaining Spots:  76%|███████▌  | 719/951 [03:48<00:53,  4.37it/s]Deconvoluting Remaining Spots:  76%|███████▌  | 721/951 [03:49<00:56,  4.10it/s]Deconvoluting Remaining Spots:  76%|███████▌  | 723/951 [03:49<00:56,  4.00it/s]Deconvoluting Remaining Spots:  76%|███████▌  | 725/951 [03:50<00:58,  3.85it/s]Deconvoluting Remaining Spots:  76%|███████▋  | 726/951 [03:50<00:58,  3.84it/s]Deconvoluting Remaining Spots:  76%|███████▋  | 727/951 [03:51<00:58,  3.80it/s]Deconvoluting Remaining Spots:  77%|███████▋  | 728/951 [03:51<01:00,  3.67it/s]Deconvoluting Remaining Spots:  77%|███████▋  | 729/951 [03:51<01:02,  3.58it/s]Deconvoluting Remaining Spots:  77%|███████▋  | 730/951 [03:52<01:06,  3.34it/s]Deconvoluting Remaining Spots:  77%|███████▋  | 731/951 [03:52<01:05,  3.35it/s]Deconvoluting Remaining Spots:  77%|███████▋  | 732/951 [03:52<01:07,  3.25it/s]Deconvoluting Remaining Spots:  77%|███████▋  | 733/951 [03:52<01:05,  3.32it/s]Deconvoluting Remaining Spots:  77%|███████▋  | 734/951 [03:53<01:03,  3.40it/s]Deconvoluting Remaining Spots:  77%|███████▋  | 735/951 [03:53<01:05,  3.30it/s]Deconvoluting Remaining Spots:  77%|███████▋  | 736/951 [03:53<01:02,  3.45it/s]Deconvoluting Remaining Spots:  77%|███████▋  | 737/951 [03:54<00:53,  3.97it/s]Deconvoluting Remaining Spots:  78%|███████▊  | 738/951 [03:54<01:00,  3.51it/s]Deconvoluting Remaining Spots:  78%|███████▊  | 739/951 [03:54<01:01,  3.45it/s]Deconvoluting Remaining Spots:  78%|███████▊  | 740/951 [03:55<01:03,  3.31it/s]Deconvoluting Remaining Spots:  78%|███████▊  | 741/951 [03:55<00:54,  3.84it/s]Deconvoluting Remaining Spots:  78%|███████▊  | 742/951 [03:55<01:03,  3.30it/s]Deconvoluting Remaining Spots:  78%|███████▊  | 743/951 [03:55<01:02,  3.34it/s]Deconvoluting Remaining Spots:  78%|███████▊  | 744/951 [03:56<00:59,  3.48it/s]Deconvoluting Remaining Spots:  78%|███████▊  | 745/951 [03:56<00:55,  3.74it/s]Deconvoluting Remaining Spots:  78%|███████▊  | 746/951 [03:56<00:59,  3.44it/s]Deconvoluting Remaining Spots:  79%|███████▊  | 747/951 [03:57<01:04,  3.17it/s]Deconvoluting Remaining Spots:  79%|███████▊  | 748/951 [03:57<00:52,  3.86it/s]Deconvoluting Remaining Spots:  79%|███████▉  | 749/951 [03:57<01:01,  3.26it/s]Deconvoluting Remaining Spots:  79%|███████▉  | 750/951 [03:57<00:53,  3.74it/s]Deconvoluting Remaining Spots:  79%|███████▉  | 751/951 [03:58<00:55,  3.58it/s]Deconvoluting Remaining Spots:  79%|███████▉  | 752/951 [03:58<01:04,  3.08it/s]Deconvoluting Remaining Spots:  79%|███████▉  | 753/951 [03:58<01:13,  2.71it/s]Deconvoluting Remaining Spots:  79%|███████▉  | 755/951 [03:59<00:51,  3.79it/s]Deconvoluting Remaining Spots:  79%|███████▉  | 756/951 [03:59<00:53,  3.66it/s]Deconvoluting Remaining Spots:  80%|███████▉  | 757/951 [03:59<00:51,  3.73it/s]Deconvoluting Remaining Spots:  80%|███████▉  | 758/951 [04:00<00:56,  3.45it/s]Deconvoluting Remaining Spots:  80%|███████▉  | 759/951 [04:00<00:54,  3.52it/s]Deconvoluting Remaining Spots:  80%|███████▉  | 760/951 [04:00<00:50,  3.77it/s]Deconvoluting Remaining Spots:  80%|████████  | 761/951 [04:01<00:55,  3.43it/s]Deconvoluting Remaining Spots:  80%|████████  | 762/951 [04:01<00:55,  3.41it/s]Deconvoluting Remaining Spots:  80%|████████  | 763/951 [04:01<01:04,  2.90it/s]Deconvoluting Remaining Spots:  80%|████████  | 764/951 [04:01<00:52,  3.56it/s]Deconvoluting Remaining Spots:  80%|████████  | 765/951 [04:02<00:57,  3.25it/s]Deconvoluting Remaining Spots:  81%|████████  | 766/951 [04:02<00:59,  3.11it/s]Deconvoluting Remaining Spots:  81%|████████  | 767/951 [04:03<01:02,  2.94it/s]Deconvoluting Remaining Spots:  81%|████████  | 768/951 [04:03<00:49,  3.68it/s]Deconvoluting Remaining Spots:  81%|████████  | 769/951 [04:03<00:57,  3.14it/s]Deconvoluting Remaining Spots:  81%|████████  | 770/951 [04:03<00:48,  3.70it/s]Deconvoluting Remaining Spots:  81%|████████  | 771/951 [04:04<00:50,  3.57it/s]Deconvoluting Remaining Spots:  81%|████████  | 772/951 [04:04<00:59,  3.01it/s]Deconvoluting Remaining Spots:  81%|████████▏ | 773/951 [04:04<00:57,  3.08it/s]Deconvoluting Remaining Spots:  81%|████████▏ | 774/951 [04:05<00:55,  3.19it/s]Deconvoluting Remaining Spots:  81%|████████▏ | 775/951 [04:05<00:56,  3.10it/s]Deconvoluting Remaining Spots:  82%|████████▏ | 776/951 [04:05<00:45,  3.84it/s]Deconvoluting Remaining Spots:  82%|████████▏ | 777/951 [04:05<00:43,  3.97it/s]Deconvoluting Remaining Spots:  82%|████████▏ | 778/951 [04:06<00:58,  2.98it/s]Deconvoluting Remaining Spots:  82%|████████▏ | 779/951 [04:06<00:47,  3.61it/s]Deconvoluting Remaining Spots:  82%|████████▏ | 780/951 [04:06<00:49,  3.46it/s]Deconvoluting Remaining Spots:  82%|████████▏ | 781/951 [04:07<00:52,  3.25it/s]Deconvoluting Remaining Spots:  82%|████████▏ | 782/951 [04:07<00:46,  3.67it/s]Deconvoluting Remaining Spots:  82%|████████▏ | 783/951 [04:07<00:52,  3.23it/s]Deconvoluting Remaining Spots:  82%|████████▏ | 784/951 [04:07<00:48,  3.46it/s]Deconvoluting Remaining Spots:  83%|████████▎ | 785/951 [04:08<00:45,  3.65it/s]Deconvoluting Remaining Spots:  83%|████████▎ | 786/951 [04:08<00:47,  3.50it/s]Deconvoluting Remaining Spots:  83%|████████▎ | 787/951 [04:08<00:48,  3.39it/s]Deconvoluting Remaining Spots:  83%|████████▎ | 788/951 [04:09<00:47,  3.45it/s]Deconvoluting Remaining Spots:  83%|████████▎ | 789/951 [04:09<00:49,  3.24it/s]Deconvoluting Remaining Spots:  83%|████████▎ | 790/951 [04:09<00:39,  4.03it/s]Deconvoluting Remaining Spots:  83%|████████▎ | 791/951 [04:10<00:52,  3.06it/s]Deconvoluting Remaining Spots:  83%|████████▎ | 792/951 [04:10<01:02,  2.55it/s]Deconvoluting Remaining Spots:  83%|████████▎ | 794/951 [04:10<00:45,  3.45it/s]Deconvoluting Remaining Spots:  84%|████████▎ | 795/951 [04:11<00:46,  3.37it/s]Deconvoluting Remaining Spots:  84%|████████▎ | 796/951 [04:11<00:52,  2.93it/s]Deconvoluting Remaining Spots:  84%|████████▍ | 797/951 [04:11<00:44,  3.48it/s]Deconvoluting Remaining Spots:  84%|████████▍ | 798/951 [04:12<00:47,  3.25it/s]Deconvoluting Remaining Spots:  84%|████████▍ | 799/951 [04:12<00:43,  3.52it/s]Deconvoluting Remaining Spots:  84%|████████▍ | 800/951 [04:12<00:47,  3.17it/s]2026-02-18 16:33:07,773 - root - INFO - Saved checkpoint after 800 completed spots
Deconvoluting Remaining Spots:  84%|████████▍ | 801/951 [04:19<05:43,  2.29s/it]Deconvoluting Remaining Spots:  87%|████████▋ | 823/951 [04:20<00:29,  4.29it/s]Deconvoluting Remaining Spots:  87%|████████▋ | 827/951 [04:20<00:28,  4.33it/s]Deconvoluting Remaining Spots:  87%|████████▋ | 830/951 [04:22<00:30,  4.00it/s]Deconvoluting Remaining Spots:  87%|████████▋ | 832/951 [04:22<00:30,  3.85it/s]Deconvoluting Remaining Spots:  88%|████████▊ | 834/951 [04:23<00:30,  3.78it/s]Deconvoluting Remaining Spots:  88%|████████▊ | 836/951 [04:23<00:32,  3.50it/s]Deconvoluting Remaining Spots:  88%|████████▊ | 838/951 [04:24<00:30,  3.71it/s]Deconvoluting Remaining Spots:  88%|████████▊ | 839/951 [04:24<00:30,  3.69it/s]Deconvoluting Remaining Spots:  88%|████████▊ | 840/951 [04:24<00:30,  3.65it/s]Deconvoluting Remaining Spots:  88%|████████▊ | 841/951 [04:25<00:31,  3.54it/s]Deconvoluting Remaining Spots:  89%|████████▊ | 842/951 [04:25<00:31,  3.45it/s]Deconvoluting Remaining Spots:  89%|████████▊ | 843/951 [04:25<00:33,  3.27it/s]Deconvoluting Remaining Spots:  89%|████████▊ | 844/951 [04:26<00:31,  3.43it/s]Deconvoluting Remaining Spots:  89%|████████▉ | 845/951 [04:26<00:37,  2.82it/s]Deconvoluting Remaining Spots:  89%|████████▉ | 846/951 [04:27<00:34,  3.02it/s]Deconvoluting Remaining Spots:  89%|████████▉ | 847/951 [04:27<00:28,  3.66it/s]Deconvoluting Remaining Spots:  89%|████████▉ | 848/951 [04:27<00:28,  3.64it/s]Deconvoluting Remaining Spots:  89%|████████▉ | 849/951 [04:27<00:30,  3.30it/s]Deconvoluting Remaining Spots:  89%|████████▉ | 850/951 [04:28<00:28,  3.53it/s]Deconvoluting Remaining Spots:  89%|████████▉ | 851/951 [04:28<00:28,  3.48it/s]Deconvoluting Remaining Spots:  90%|████████▉ | 852/951 [04:28<00:27,  3.58it/s]Deconvoluting Remaining Spots:  90%|████████▉ | 853/951 [04:29<00:32,  3.04it/s]Deconvoluting Remaining Spots:  90%|████████▉ | 854/951 [04:29<00:33,  2.86it/s]Deconvoluting Remaining Spots:  90%|████████▉ | 855/951 [04:29<00:29,  3.22it/s]Deconvoluting Remaining Spots:  90%|█████████ | 856/951 [04:30<00:35,  2.64it/s]Deconvoluting Remaining Spots:  90%|█████████ | 858/951 [04:30<00:24,  3.78it/s]Deconvoluting Remaining Spots:  90%|█████████ | 859/951 [04:30<00:24,  3.76it/s]Deconvoluting Remaining Spots:  90%|█████████ | 860/951 [04:31<00:24,  3.68it/s]Deconvoluting Remaining Spots:  91%|█████████ | 861/951 [04:31<00:25,  3.54it/s]Deconvoluting Remaining Spots:  91%|█████████ | 862/951 [04:31<00:25,  3.45it/s]Deconvoluting Remaining Spots:  91%|█████████ | 863/951 [04:31<00:24,  3.55it/s]Deconvoluting Remaining Spots:  91%|█████████ | 864/951 [04:32<00:28,  3.05it/s]Deconvoluting Remaining Spots:  91%|█████████ | 865/951 [04:32<00:27,  3.09it/s]Deconvoluting Remaining Spots:  91%|█████████ | 866/951 [04:32<00:27,  3.11it/s]Deconvoluting Remaining Spots:  91%|█████████ | 867/951 [04:33<00:31,  2.63it/s]Deconvoluting Remaining Spots:  91%|█████████▏| 869/951 [04:33<00:23,  3.53it/s]Deconvoluting Remaining Spots:  91%|█████████▏| 870/951 [04:34<00:27,  2.99it/s]Deconvoluting Remaining Spots:  92%|█████████▏| 872/951 [04:34<00:21,  3.69it/s]Deconvoluting Remaining Spots:  92%|█████████▏| 873/951 [04:34<00:20,  3.75it/s]Deconvoluting Remaining Spots:  92%|█████████▏| 874/951 [04:35<00:25,  3.05it/s]Deconvoluting Remaining Spots:  92%|█████████▏| 875/951 [04:35<00:22,  3.42it/s]Deconvoluting Remaining Spots:  92%|█████████▏| 876/951 [04:36<00:23,  3.24it/s]Deconvoluting Remaining Spots:  92%|█████████▏| 877/951 [04:36<00:22,  3.24it/s]Deconvoluting Remaining Spots:  92%|█████████▏| 878/951 [04:36<00:21,  3.34it/s]Deconvoluting Remaining Spots:  92%|█████████▏| 879/951 [04:36<00:21,  3.33it/s]Deconvoluting Remaining Spots:  93%|█████████▎| 880/951 [04:37<00:20,  3.51it/s]Deconvoluting Remaining Spots:  93%|█████████▎| 881/951 [04:37<00:20,  3.48it/s]Deconvoluting Remaining Spots:  93%|█████████▎| 882/951 [04:37<00:19,  3.60it/s]Deconvoluting Remaining Spots:  93%|█████████▎| 883/951 [04:37<00:19,  3.58it/s]Deconvoluting Remaining Spots:  93%|█████████▎| 884/951 [04:38<00:18,  3.58it/s]Deconvoluting Remaining Spots:  93%|█████████▎| 885/951 [04:38<00:18,  3.50it/s]Deconvoluting Remaining Spots:  93%|█████████▎| 886/951 [04:38<00:20,  3.25it/s]Deconvoluting Remaining Spots:  93%|█████████▎| 887/951 [04:39<00:20,  3.19it/s]Deconvoluting Remaining Spots:  93%|█████████▎| 888/951 [04:39<00:17,  3.68it/s]Deconvoluting Remaining Spots:  93%|█████████▎| 889/951 [04:39<00:18,  3.36it/s]Deconvoluting Remaining Spots:  94%|█████████▎| 890/951 [04:40<00:17,  3.55it/s]Deconvoluting Remaining Spots:  94%|█████████▎| 891/951 [04:40<00:17,  3.53it/s]Deconvoluting Remaining Spots:  94%|█████████▍| 892/951 [04:40<00:15,  3.84it/s]Deconvoluting Remaining Spots:  94%|█████████▍| 893/951 [04:40<00:17,  3.28it/s]Deconvoluting Remaining Spots:  94%|█████████▍| 894/951 [04:41<00:16,  3.51it/s]Deconvoluting Remaining Spots:  94%|█████████▍| 895/951 [04:41<00:15,  3.58it/s]Deconvoluting Remaining Spots:  94%|█████████▍| 896/951 [04:41<00:14,  3.91it/s]Deconvoluting Remaining Spots:  94%|█████████▍| 897/951 [04:41<00:14,  3.61it/s]Deconvoluting Remaining Spots:  94%|█████████▍| 898/951 [04:42<00:14,  3.64it/s]Deconvoluting Remaining Spots:  95%|█████████▍| 899/951 [04:42<00:14,  3.53it/s]Deconvoluting Remaining Spots:  95%|█████████▍| 900/951 [04:42<00:14,  3.54it/s]2026-02-18 16:33:37,524 - root - INFO - Saved checkpoint after 900 completed spots
Deconvoluting Remaining Spots:  95%|█████████▍| 901/951 [04:49<01:52,  2.26s/it]Deconvoluting Remaining Spots:  97%|█████████▋| 923/951 [04:49<00:06,  4.43it/s]Deconvoluting Remaining Spots:  97%|█████████▋| 927/951 [04:50<00:05,  4.42it/s]Deconvoluting Remaining Spots:  98%|█████████▊| 930/951 [04:52<00:05,  3.90it/s]Deconvoluting Remaining Spots:  98%|█████████▊| 932/951 [04:52<00:04,  3.81it/s]Deconvoluting Remaining Spots:  98%|█████████▊| 934/951 [04:53<00:04,  3.71it/s]Deconvoluting Remaining Spots:  98%|█████████▊| 936/951 [04:53<00:04,  3.55it/s]Deconvoluting Remaining Spots:  99%|█████████▊| 937/951 [04:54<00:03,  3.78it/s]Deconvoluting Remaining Spots:  99%|█████████▊| 938/951 [04:54<00:03,  3.64it/s]Deconvoluting Remaining Spots:  99%|█████████▊| 939/951 [04:54<00:03,  3.60it/s]Deconvoluting Remaining Spots:  99%|█████████▉| 940/951 [04:55<00:03,  2.82it/s]Deconvoluting Remaining Spots:  99%|█████████▉| 941/951 [04:55<00:03,  3.02it/s]Deconvoluting Remaining Spots:  99%|█████████▉| 943/951 [04:55<00:02,  3.99it/s]Deconvoluting Remaining Spots:  99%|█████████▉| 944/951 [04:56<00:01,  3.81it/s]Deconvoluting Remaining Spots:  99%|█████████▉| 945/951 [04:56<00:01,  3.76it/s]Deconvoluting Remaining Spots:  99%|█████████▉| 946/951 [04:56<00:01,  3.75it/s]Deconvoluting Remaining Spots: 100%|█████████▉| 947/951 [04:56<00:01,  3.60it/s]Deconvoluting Remaining Spots: 100%|█████████▉| 948/951 [04:57<00:00,  3.50it/s]Deconvoluting Remaining Spots: 100%|█████████▉| 949/951 [04:57<00:00,  3.54it/s]Deconvoluting Remaining Spots: 100%|█████████▉| 950/951 [04:57<00:00,  3.14it/s]Deconvoluting Remaining Spots: 100%|██████████| 951/951 [04:58<00:00,  3.44it/s]Deconvoluting Remaining Spots: 100%|██████████| 951/951 [04:58<00:00,  3.19it/s]
2026-02-18 16:33:52,825 - root - INFO - Saved final results with 951 completed spots
2026-02-18 16:33:59,056 - root - INFO - Saved profiles to Benchmarking/simulation_benchmarking/CITEgeist/output_discrete_relaxed/mixed/dapi/mixed/dapi/Wu_rep_0/Wu_rep_0_gene_expression_pass1.parquet with cell types: ['B-cells', 'CAFs', 'Cancer Epithelial', 'Endothelial', 'Myeloid', 'Normal Epithelial', 'PVL', 'Plasmablasts', 'T-cells']
2026-02-18 16:34:01,380 - root - INFO - Successfully added layer: Cancer_Epithelial_genes_pass1
2026-02-18 16:34:01,648 - root - INFO - Successfully added layer: T-cells_genes_pass1
2026-02-18 16:34:01,915 - root - INFO - Successfully added layer: B-cells_genes_pass1
2026-02-18 16:34:02,183 - root - INFO - Successfully added layer: PVL_genes_pass1
2026-02-18 16:34:02,452 - root - INFO - Successfully added layer: CAFs_genes_pass1
2026-02-18 16:34:02,721 - root - INFO - Successfully added layer: Plasmablasts_genes_pass1
2026-02-18 16:34:02,987 - root - INFO - Successfully added layer: Normal_Epithelial_genes_pass1
2026-02-18 16:34:03,254 - root - INFO - Successfully added layer: Myeloid_genes_pass1
2026-02-18 16:34:03,521 - root - INFO - Successfully added layer: Endothelial_genes_pass1
2026-02-18 16:34:15,217 - root - INFO - Exported layer 'Cancer_Epithelial_genes_pass1' to 'Benchmarking/simulation_benchmarking/CITEgeist/output_discrete_relaxed/mixed/dapi/mixed/dapi/Wu_rep_0/Wu_rep_0_pass1/layers/pass1/Cancer_Epithelial_layer_pass1.csv'
2026-02-18 16:34:26,937 - root - INFO - Exported layer 'T-cells_genes_pass1' to 'Benchmarking/simulation_benchmarking/CITEgeist/output_discrete_relaxed/mixed/dapi/mixed/dapi/Wu_rep_0/Wu_rep_0_pass1/layers/pass1/T-cells_layer_pass1.csv'
2026-02-18 16:34:38,653 - root - INFO - Exported layer 'B-cells_genes_pass1' to 'Benchmarking/simulation_benchmarking/CITEgeist/output_discrete_relaxed/mixed/dapi/mixed/dapi/Wu_rep_0/Wu_rep_0_pass1/layers/pass1/B-cells_layer_pass1.csv'
2026-02-18 16:34:50,474 - root - INFO - Exported layer 'PVL_genes_pass1' to 'Benchmarking/simulation_benchmarking/CITEgeist/output_discrete_relaxed/mixed/dapi/mixed/dapi/Wu_rep_0/Wu_rep_0_pass1/layers/pass1/PVL_layer_pass1.csv'
2026-02-18 16:35:02,270 - root - INFO - Exported layer 'CAFs_genes_pass1' to 'Benchmarking/simulation_benchmarking/CITEgeist/output_discrete_relaxed/mixed/dapi/mixed/dapi/Wu_rep_0/Wu_rep_0_pass1/layers/pass1/CAFs_layer_pass1.csv'
2026-02-18 16:35:13,989 - root - INFO - Exported layer 'Plasmablasts_genes_pass1' to 'Benchmarking/simulation_benchmarking/CITEgeist/output_discrete_relaxed/mixed/dapi/mixed/dapi/Wu_rep_0/Wu_rep_0_pass1/layers/pass1/Plasmablasts_layer_pass1.csv'
2026-02-18 16:35:25,637 - root - INFO - Exported layer 'Normal_Epithelial_genes_pass1' to 'Benchmarking/simulation_benchmarking/CITEgeist/output_discrete_relaxed/mixed/dapi/mixed/dapi/Wu_rep_0/Wu_rep_0_pass1/layers/pass1/Normal_Epithelial_layer_pass1.csv'
2026-02-18 16:35:37,365 - root - INFO - Exported layer 'Myeloid_genes_pass1' to 'Benchmarking/simulation_benchmarking/CITEgeist/output_discrete_relaxed/mixed/dapi/mixed/dapi/Wu_rep_0/Wu_rep_0_pass1/layers/pass1/Myeloid_layer_pass1.csv'
2026-02-18 16:35:49,332 - root - INFO - Exported layer 'Endothelial_genes_pass1' to 'Benchmarking/simulation_benchmarking/CITEgeist/output_discrete_relaxed/mixed/dapi/mixed/dapi/Wu_rep_0/Wu_rep_0_pass1/layers/pass1/Endothelial_layer_pass1.csv'
2026-02-18 16:35:49,332 - __main__ - INFO - GEX deconvolution completed in 422.3s
2026-02-18 16:37:36,764 - __main__ - INFO - Exported 9 cell type layers to Benchmarking/simulation_benchmarking/CITEgeist/output_discrete_relaxed/mixed/dapi/mixed/dapi/Wu_rep_0/layers
2026-02-18 16:37:36,780 - __main__ - INFO - Comparing against ground truth GEX: /ix1/alee/LO_LAB/Personal/Brent_Schlegel/bts76/Projects/CITEgeist/Wu_Visium/Simulations/scCube_12k/replicates/mixed/ST_GEX_sim/sample_0/layers
2026-02-18 16:38:41,481 - __main__ - INFO - GEX Average RMSE: 0.1500
2026-02-18 16:38:41,481 - __main__ - INFO - GEX Average NRMSE: 0.0206
2026-02-18 16:38:41,489 - __main__ - INFO - Results saved to Benchmarking/simulation_benchmarking/CITEgeist/output_discrete_relaxed/mixed/dapi/mixed/dapi/Wu_rep_0
