2026-02-18 17:04:54,443 - __main__ - INFO - ============================================================
2026-02-18 17:04:54,443 - __main__ - INFO - BENCHMARK: replicate=3, condition=mixed, mode=dapi
2026-02-18 17:04:54,443 - __main__ - INFO - ============================================================
2026-02-18 17:04:54,444 - __main__ - INFO - Loading image: /ix1/alee/LO_LAB/Personal/Alexander_Chang/alc376/CITEgeist/Benchmarking/simulation_benchmarking/CITEgeist/mixed/images/dapi/Wu_rep_3_cellpose.png
2026-02-18 17:04:55,388 - __main__ - INFO - Image shape: (8000, 8000, 3)
2026-02-18 17:04:55,390 - __main__ - INFO - Running Cellpose with model_type=nuclei
2026-02-18 17:04:58,701 - cellpose.models - WARNING - model_type argument is not used in v4.0.1+. Ignoring this argument...
2026-02-18 17:04:58,701 - cellpose.core - INFO - >>>> using CPU
2026-02-18 17:04:58,701 - cellpose.core - INFO - >>>> using CPU
2026-02-18 17:05:01,038 - cellpose.models - INFO - >>>> loading model /ihome/alee/alc376/.cellpose/models/cpsam
2026-02-18 17:05:01,580 - cellpose.models - WARNING - channels deprecated in v4.0.1+. If data contain more than 3 channels, only the first 3 channels will be used
2026-02-18 17:05:01,666 - cellpose.transforms - INFO - processing image with (8000, 8000) HW, and 3 channels
2026-02-18 17:51:43,013 - __main__ - INFO - Detected 4897 nuclei in 2807.6s
2026-02-18 17:51:43,125 - __main__ - INFO - Nuclei count correlation: 0.987
2026-02-18 17:51:43,125 - __main__ - INFO - Nuclei count RMSE: 0.44
2026-02-18 17:51:43,155 - __main__ - INFO - Loading h5ad files...
2026-02-18 17:51:43,922 - root - INFO - Logging initialized.
2026-02-18 17:51:43,923 - __main__ - INFO - Using CLR preprocessing (continuous model style)
2026-02-18 17:51:44,249 - root - INFO - Normalization stats:
2026-02-18 17:51:44,249 - root - INFO - Original median total: 52549287164.00
2026-02-18 17:51:44,266 - root - INFO - Mean scaled total: 9979.76
2026-02-18 17:51:44,283 - root - INFO - Max scaled value: 10000.00
2026-02-18 17:51:44,592 - root - INFO - Gene expression data normalized to 10000 counts per spot and validated for discrete count analysis.
2026-02-18 17:51:44,593 - root - INFO - Mapped 18 markers to 9 cell types (preserving marker-level data)
2026-02-18 17:51:44,593 - __main__ - INFO - Discrete cell type order: ['B-cells', 'CAFs', 'Cancer Epithelial', 'Endothelial', 'Myeloid', 'Normal Epithelial', 'PVL', 'Plasmablasts', 'T-cells']
2026-02-18 17:51:44,594 - root - INFO - Mapped 18 markers to 9 cell types (preserving marker-level data)
2026-02-18 17:51:44,594 - root - INFO - Running discrete cell assignment: 956 spots, 18 markers, 9 cell types
2026-02-18 17:51:44,594 - root - INFO - Total nuclei: 4897, mean per spot: 5.12
2026-02-18 17:51:44,594 - root - INFO - Discrete cell assignment EM: 956 spots, 18 markers, 9 cell types
2026-02-18 17:51:44,594 - root - INFO - Total nuclei: 4897, mean per spot: 5.12
2026-02-18 17:51:44,596 - root - INFO - 
=== EM Iteration 1/10 ===
2026-02-18 17:51:44,596 - root - INFO - Marker weighting enabled: weights range [0.500, 0.500]
2026-02-18 17:51:44,596 - root - INFO - Global IQP: 956 spots x 9 cell types = 8604 integer variables
2026-02-18 17:51:44,596 - root - INFO - Time limit: 600.0s, MIP gap: 5.0%
2026-02-18 17:51:44,637 - gurobipy - INFO - Set parameter LicenseID to value 276015
2026-02-18 17:51:44,637 - gurobipy - INFO - Set parameter GURO_PAR_SPECIAL
2026-02-18 17:51:44,637 - gurobipy - INFO - Set parameter TokenServer to value "license.crc.pitt.edu"
2026-02-18 17:51:44,656 - gurobipy - INFO - Set parameter TimeLimit to value 600
2026-02-18 17:51:44,656 - gurobipy - INFO - Set parameter MIPGap to value 0.05
2026-02-18 17:51:46,435 - root - INFO - Starting global IQP optimization...
2026-02-18 17:51:46,436 - gurobipy - INFO - Gurobi Optimizer version 11.0.2 build v11.0.2rc0 (linux64 - "Red Hat Enterprise Linux 9.6 (Plow)")
2026-02-18 17:51:46,436 - gurobipy - INFO - 
2026-02-18 17:51:46,436 - gurobipy - INFO - CPU model: Intel(R) Xeon(R) Gold 6248R CPU @ 3.00GHz, instruction set [SSE2|AVX|AVX2|AVX512]
2026-02-18 17:51:46,436 - gurobipy - INFO - Thread count: 48 physical cores, 48 logical processors, using up to 32 threads
2026-02-18 17:51:46,436 - gurobipy - INFO - 
2026-02-18 17:51:46,436 - gurobipy - INFO - Optimize a model with 1864 rows, 8604 columns and 16776 nonzeros
2026-02-18 17:51:46,437 - gurobipy - INFO - Model fingerprint: 0x0b54d0ab
2026-02-18 17:51:46,437 - gurobipy - INFO - Model has 8604 quadratic objective terms
2026-02-18 17:51:46,437 - gurobipy - INFO - Variable types: 0 continuous, 8604 integer (0 binary)
2026-02-18 17:51:46,437 - gurobipy - INFO - Coefficient statistics:
2026-02-18 17:51:46,437 - gurobipy - INFO -   Matrix range     [1e+00, 1e+00]
2026-02-18 17:51:46,437 - gurobipy - INFO -   Objective range  [1e-07, 2e+00]
2026-02-18 17:51:46,437 - gurobipy - INFO -   QObjective range [2e+00, 2e+00]
2026-02-18 17:51:46,437 - gurobipy - INFO -   Bounds range     [1e+00, 2e+01]
2026-02-18 17:51:46,437 - gurobipy - INFO -   RHS range        [1e+00, 2e+01]
2026-02-18 17:51:46,439 - gurobipy - INFO - 
2026-02-18 17:51:46,440 - gurobipy - INFO - Loaded user MIP start with objective 3650.02
2026-02-18 17:51:46,440 - gurobipy - INFO - 
2026-02-18 17:51:54,496 - gurobipy - INFO - Presolve removed 1863 rows and 8595 columns (presolve time = 8s) ...
2026-02-18 17:51:54,497 - gurobipy - INFO - Presolve removed 1863 rows and 8595 columns
2026-02-18 17:51:54,497 - gurobipy - INFO - Presolve time: 8.06s
2026-02-18 17:51:54,497 - gurobipy - INFO - Presolved: 1 rows, 9 columns, 9 nonzeros
2026-02-18 17:51:54,497 - gurobipy - INFO - Presolved model has 9 quadratic objective terms
2026-02-18 17:51:54,498 - gurobipy - INFO - Found heuristic solution: objective 3020.1209181
2026-02-18 17:51:54,498 - gurobipy - INFO - Variable types: 0 continuous, 9 integer (0 binary)
2026-02-18 17:51:54,498 - gurobipy - INFO - 
2026-02-18 17:51:54,498 - gurobipy - INFO - Explored 0 nodes (0 simplex iterations) in 8.06 seconds (0.26 work units)
2026-02-18 17:51:54,498 - gurobipy - INFO - Thread count was 32 (of 48 available processors)
2026-02-18 17:51:54,498 - gurobipy - INFO - 
2026-02-18 17:51:54,498 - gurobipy - INFO - Solution count 2: 3020.12 3650.02 
2026-02-18 17:51:54,499 - gurobipy - INFO - 
2026-02-18 17:51:54,499 - gurobipy - INFO - Optimal solution found (tolerance 5.00e-02)
2026-02-18 17:51:54,499 - gurobipy - INFO - Best objective 3.020120918101e+03, best bound 3.014787585274e+03, gap 0.1766%
2026-02-18 17:51:54,522 - root - INFO - Global IQP solved: status=2, gap=0.18%, time=8.1s
/ix1/alee/LO_LAB/Personal/Alexander_Chang/alc376/CITEgeist/CITEgeist/model/gurobi_impl.py:3800: RuntimeWarning: invalid value encountered in scalar divide
  loss_change = abs(prev_loss - loss) / max(abs(prev_loss), 1e-10)
2026-02-18 17:51:54,601 - root - INFO -   Loss: 892.6171 (change: nan)
2026-02-18 17:51:54,601 - root - INFO -   Beta range: [0.100, 0.653]
2026-02-18 17:51:54,601 - root - INFO -   Max beta change: 0.900000
2026-02-18 17:51:54,601 - root - INFO -   Cell count range: [0, 17]
2026-02-18 17:51:54,601 - root - INFO -     B-cells: 486 cells (9.9%)
2026-02-18 17:51:54,601 - root - INFO -     CAFs: 811 cells (16.6%)
2026-02-18 17:51:54,601 - root - INFO -     Cancer Epithelial: 872 cells (17.8%)
2026-02-18 17:51:54,601 - root - INFO -     Endothelial: 391 cells (8.0%)
2026-02-18 17:51:54,601 - root - INFO -     Myeloid: 536 cells (10.9%)
2026-02-18 17:51:54,601 - root - INFO -     Normal Epithelial: 383 cells (7.8%)
2026-02-18 17:51:54,601 - root - INFO -     PVL: 408 cells (8.3%)
2026-02-18 17:51:54,601 - root - INFO -     Plasmablasts: 456 cells (9.3%)
2026-02-18 17:51:54,601 - root - INFO -     T-cells: 554 cells (11.3%)
2026-02-18 17:51:54,601 - root - INFO - 
=== EM Iteration 2/10 ===
2026-02-18 17:51:54,602 - root - INFO - Marker weighting enabled: weights range [0.500, 0.500]
2026-02-18 17:51:54,602 - root - INFO - Global IQP: 956 spots x 9 cell types = 8604 integer variables
2026-02-18 17:51:54,602 - root - INFO - Time limit: 600.0s, MIP gap: 5.0%
2026-02-18 17:51:54,602 - gurobipy - INFO - Set parameter TimeLimit to value 600
2026-02-18 17:51:54,602 - gurobipy - INFO - Set parameter MIPGap to value 0.05
2026-02-18 17:51:56,446 - root - INFO - Starting global IQP optimization...
2026-02-18 17:51:56,446 - gurobipy - INFO - Gurobi Optimizer version 11.0.2 build v11.0.2rc0 (linux64 - "Red Hat Enterprise Linux 9.6 (Plow)")
2026-02-18 17:51:56,447 - gurobipy - INFO - 
2026-02-18 17:51:56,447 - gurobipy - INFO - CPU model: Intel(R) Xeon(R) Gold 6248R CPU @ 3.00GHz, instruction set [SSE2|AVX|AVX2|AVX512]
2026-02-18 17:51:56,447 - gurobipy - INFO - Thread count: 48 physical cores, 48 logical processors, using up to 32 threads
2026-02-18 17:51:56,447 - gurobipy - INFO - 
2026-02-18 17:51:56,447 - gurobipy - INFO - Optimize a model with 1864 rows, 8604 columns and 16776 nonzeros
2026-02-18 17:51:56,447 - gurobipy - INFO - Model fingerprint: 0x63330a89
2026-02-18 17:51:56,447 - gurobipy - INFO - Model has 8604 quadratic objective terms
2026-02-18 17:51:56,447 - gurobipy - INFO - Variable types: 0 continuous, 8604 integer (0 binary)
2026-02-18 17:51:56,447 - gurobipy - INFO - Coefficient statistics:
2026-02-18 17:51:56,447 - gurobipy - INFO -   Matrix range     [1e+00, 1e+00]
2026-02-18 17:51:56,447 - gurobipy - INFO -   Objective range  [1e-08, 1e+00]
2026-02-18 17:51:56,447 - gurobipy - INFO -   QObjective range [2e-02, 8e-01]
2026-02-18 17:51:56,447 - gurobipy - INFO -   Bounds range     [1e+00, 2e+01]
2026-02-18 17:51:56,447 - gurobipy - INFO -   RHS range        [1e+00, 2e+01]
2026-02-18 17:51:56,447 - gurobipy - INFO - 
2026-02-18 17:51:56,448 - gurobipy - INFO - Loaded user MIP start with objective 446.309
2026-02-18 17:51:56,448 - gurobipy - INFO - 
2026-02-18 17:51:59,468 - gurobipy - INFO - Presolve removed 1863 rows and 8595 columns
2026-02-18 17:51:59,468 - gurobipy - INFO - Presolve time: 3.02s
2026-02-18 17:51:59,468 - gurobipy - INFO - Presolved: 1 rows, 9 columns, 9 nonzeros
2026-02-18 17:51:59,469 - gurobipy - INFO - Presolved model has 9 quadratic objective terms
2026-02-18 17:51:59,469 - gurobipy - INFO - Found heuristic solution: objective 255.9931590
2026-02-18 17:51:59,469 - gurobipy - INFO - Variable types: 0 continuous, 9 integer (0 binary)
2026-02-18 17:51:59,469 - gurobipy - INFO - 
2026-02-18 17:51:59,469 - gurobipy - INFO - Explored 0 nodes (0 simplex iterations) in 3.02 seconds (0.10 work units)
2026-02-18 17:51:59,469 - gurobipy - INFO - Thread count was 32 (of 48 available processors)
2026-02-18 17:51:59,469 - gurobipy - INFO - 
2026-02-18 17:51:59,469 - gurobipy - INFO - Solution count 2: 255.993 446.309 
2026-02-18 17:51:59,470 - gurobipy - INFO - 
2026-02-18 17:51:59,470 - gurobipy - INFO - Optimal solution found (tolerance 5.00e-02)
2026-02-18 17:51:59,470 - gurobipy - INFO - Best objective 2.559931589958e+02, best bound 2.543325455910e+02, gap 0.6487%
2026-02-18 17:51:59,488 - root - INFO - Global IQP solved: status=2, gap=0.65%, time=3.0s
2026-02-18 17:51:59,552 - root - INFO -   Loss: 493.6570 (change: 0.446955)
2026-02-18 17:51:59,552 - root - INFO -   Beta range: [0.100, 0.578]
2026-02-18 17:51:59,552 - root - INFO -   Max beta change: 0.074653
2026-02-18 17:51:59,552 - root - INFO -   Cell count range: [0, 17]
2026-02-18 17:51:59,552 - root - INFO -     B-cells: 402 cells (8.2%)
2026-02-18 17:51:59,552 - root - INFO -     CAFs: 811 cells (16.6%)
2026-02-18 17:51:59,552 - root - INFO -     Cancer Epithelial: 911 cells (18.6%)
2026-02-18 17:51:59,552 - root - INFO -     Endothelial: 470 cells (9.6%)
2026-02-18 17:51:59,552 - root - INFO -     Myeloid: 466 cells (9.5%)
2026-02-18 17:51:59,552 - root - INFO -     Normal Epithelial: 429 cells (8.8%)
2026-02-18 17:51:59,552 - root - INFO -     PVL: 468 cells (9.6%)
2026-02-18 17:51:59,552 - root - INFO -     Plasmablasts: 477 cells (9.7%)
2026-02-18 17:51:59,552 - root - INFO -     T-cells: 463 cells (9.5%)
2026-02-18 17:51:59,552 - root - INFO - 
=== EM Iteration 3/10 ===
2026-02-18 17:51:59,553 - root - INFO - Marker weighting enabled: weights range [0.500, 0.500]
2026-02-18 17:51:59,553 - root - INFO - Global IQP: 956 spots x 9 cell types = 8604 integer variables
2026-02-18 17:51:59,553 - root - INFO - Time limit: 600.0s, MIP gap: 5.0%
2026-02-18 17:51:59,553 - gurobipy - INFO - Set parameter TimeLimit to value 600
2026-02-18 17:51:59,553 - gurobipy - INFO - Set parameter MIPGap to value 0.05
2026-02-18 17:52:01,098 - root - INFO - Starting global IQP optimization...
2026-02-18 17:52:01,098 - gurobipy - INFO - Gurobi Optimizer version 11.0.2 build v11.0.2rc0 (linux64 - "Red Hat Enterprise Linux 9.6 (Plow)")
2026-02-18 17:52:01,098 - gurobipy - INFO - 
2026-02-18 17:52:01,098 - gurobipy - INFO - CPU model: Intel(R) Xeon(R) Gold 6248R CPU @ 3.00GHz, instruction set [SSE2|AVX|AVX2|AVX512]
2026-02-18 17:52:01,098 - gurobipy - INFO - Thread count: 48 physical cores, 48 logical processors, using up to 32 threads
2026-02-18 17:52:01,098 - gurobipy - INFO - 
2026-02-18 17:52:01,098 - gurobipy - INFO - Optimize a model with 1864 rows, 8604 columns and 16776 nonzeros
2026-02-18 17:52:01,099 - gurobipy - INFO - Model fingerprint: 0xb6a79265
2026-02-18 17:52:01,099 - gurobipy - INFO - Model has 8604 quadratic objective terms
2026-02-18 17:52:01,099 - gurobipy - INFO - Variable types: 0 continuous, 8604 integer (0 binary)
2026-02-18 17:52:01,099 - gurobipy - INFO - Coefficient statistics:
2026-02-18 17:52:01,099 - gurobipy - INFO -   Matrix range     [1e+00, 1e+00]
2026-02-18 17:52:01,099 - gurobipy - INFO -   Objective range  [1e-08, 1e+00]
2026-02-18 17:52:01,099 - gurobipy - INFO -   QObjective range [2e-02, 7e-01]
2026-02-18 17:52:01,099 - gurobipy - INFO -   Bounds range     [1e+00, 2e+01]
2026-02-18 17:52:01,099 - gurobipy - INFO -   RHS range        [1e+00, 2e+01]
2026-02-18 17:52:01,099 - gurobipy - INFO - 
2026-02-18 17:52:01,099 - gurobipy - INFO - Loaded user MIP start with objective 246.829
2026-02-18 17:52:01,100 - gurobipy - INFO - 
2026-02-18 17:52:04,379 - gurobipy - INFO - Presolve removed 1863 rows and 8595 columns
2026-02-18 17:52:04,379 - gurobipy - INFO - Presolve time: 3.28s
2026-02-18 17:52:04,379 - gurobipy - INFO - Presolved: 1 rows, 9 columns, 9 nonzeros
2026-02-18 17:52:04,379 - gurobipy - INFO - Presolved model has 9 quadratic objective terms
2026-02-18 17:52:04,380 - gurobipy - INFO - Found heuristic solution: objective 240.4499648
2026-02-18 17:52:04,380 - gurobipy - INFO - Variable types: 0 continuous, 9 integer (0 binary)
2026-02-18 17:52:04,380 - gurobipy - INFO - 
2026-02-18 17:52:04,380 - gurobipy - INFO - Explored 0 nodes (0 simplex iterations) in 3.28 seconds (0.09 work units)
2026-02-18 17:52:04,380 - gurobipy - INFO - Thread count was 32 (of 48 available processors)
2026-02-18 17:52:04,380 - gurobipy - INFO - 
2026-02-18 17:52:04,380 - gurobipy - INFO - Solution count 2: 240.45 246.829 
2026-02-18 17:52:04,380 - gurobipy - INFO - 
2026-02-18 17:52:04,380 - gurobipy - INFO - Optimal solution found (tolerance 5.00e-02)
2026-02-18 17:52:04,380 - gurobipy - INFO - Best objective 2.404499647620e+02, best bound 2.389290201442e+02, gap 0.6325%
2026-02-18 17:52:04,397 - root - INFO - Global IQP solved: status=2, gap=0.63%, time=3.3s
2026-02-18 17:52:04,460 - root - INFO -   Loss: 467.1086 (change: 0.053779)
2026-02-18 17:52:04,460 - root - INFO -   Beta range: [0.100, 0.531]
2026-02-18 17:52:04,460 - root - INFO -   Max beta change: 0.047260
2026-02-18 17:52:04,460 - root - INFO -   Cell count range: [0, 17]
2026-02-18 17:52:04,460 - root - INFO -     B-cells: 376 cells (7.7%)
2026-02-18 17:52:04,460 - root - INFO -     CAFs: 833 cells (17.0%)
2026-02-18 17:52:04,460 - root - INFO -     Cancer Epithelial: 1016 cells (20.7%)
2026-02-18 17:52:04,460 - root - INFO -     Endothelial: 467 cells (9.5%)
2026-02-18 17:52:04,460 - root - INFO -     Myeloid: 448 cells (9.1%)
2026-02-18 17:52:04,460 - root - INFO -     Normal Epithelial: 443 cells (9.0%)
2026-02-18 17:52:04,460 - root - INFO -     PVL: 458 cells (9.4%)
2026-02-18 17:52:04,460 - root - INFO -     Plasmablasts: 438 cells (8.9%)
2026-02-18 17:52:04,460 - root - INFO -     T-cells: 418 cells (8.5%)
2026-02-18 17:52:04,460 - root - INFO - 
=== EM Iteration 4/10 ===
2026-02-18 17:52:04,460 - root - INFO - Marker weighting enabled: weights range [0.500, 0.500]
2026-02-18 17:52:04,460 - root - INFO - Global IQP: 956 spots x 9 cell types = 8604 integer variables
2026-02-18 17:52:04,460 - root - INFO - Time limit: 600.0s, MIP gap: 5.0%
2026-02-18 17:52:04,461 - gurobipy - INFO - Set parameter TimeLimit to value 600
2026-02-18 17:52:04,461 - gurobipy - INFO - Set parameter MIPGap to value 0.05
2026-02-18 17:52:06,176 - root - INFO - Starting global IQP optimization...
2026-02-18 17:52:06,177 - gurobipy - INFO - Gurobi Optimizer version 11.0.2 build v11.0.2rc0 (linux64 - "Red Hat Enterprise Linux 9.6 (Plow)")
2026-02-18 17:52:06,177 - gurobipy - INFO - 
2026-02-18 17:52:06,177 - gurobipy - INFO - CPU model: Intel(R) Xeon(R) Gold 6248R CPU @ 3.00GHz, instruction set [SSE2|AVX|AVX2|AVX512]
2026-02-18 17:52:06,177 - gurobipy - INFO - Thread count: 48 physical cores, 48 logical processors, using up to 32 threads
2026-02-18 17:52:06,177 - gurobipy - INFO - 
2026-02-18 17:52:06,177 - gurobipy - INFO - Optimize a model with 1864 rows, 8604 columns and 16776 nonzeros
2026-02-18 17:52:06,178 - gurobipy - INFO - Model fingerprint: 0x9b2567a6
2026-02-18 17:52:06,178 - gurobipy - INFO - Model has 8604 quadratic objective terms
2026-02-18 17:52:06,178 - gurobipy - INFO - Variable types: 0 continuous, 8604 integer (0 binary)
2026-02-18 17:52:06,178 - gurobipy - INFO - Coefficient statistics:
2026-02-18 17:52:06,178 - gurobipy - INFO -   Matrix range     [1e+00, 1e+00]
2026-02-18 17:52:06,178 - gurobipy - INFO -   Objective range  [1e-08, 1e+00]
2026-02-18 17:52:06,178 - gurobipy - INFO -   QObjective range [2e-02, 6e-01]
2026-02-18 17:52:06,178 - gurobipy - INFO -   Bounds range     [1e+00, 2e+01]
2026-02-18 17:52:06,178 - gurobipy - INFO -   RHS range        [1e+00, 2e+01]
2026-02-18 17:52:06,178 - gurobipy - INFO - 
2026-02-18 17:52:06,178 - gurobipy - INFO - Loaded user MIP start with objective 233.554
2026-02-18 17:52:06,178 - gurobipy - INFO - 
2026-02-18 17:52:09,403 - gurobipy - INFO - Presolve removed 1863 rows and 8595 columns
2026-02-18 17:52:09,403 - gurobipy - INFO - Presolve time: 3.22s
2026-02-18 17:52:09,403 - gurobipy - INFO - Presolved: 1 rows, 9 columns, 9 nonzeros
2026-02-18 17:52:09,403 - gurobipy - INFO - Presolved model has 9 quadratic objective terms
2026-02-18 17:52:09,403 - gurobipy - INFO - Found heuristic solution: objective 231.3775773
2026-02-18 17:52:09,403 - gurobipy - INFO - Variable types: 0 continuous, 9 integer (0 binary)
2026-02-18 17:52:09,404 - gurobipy - INFO - 
2026-02-18 17:52:09,404 - gurobipy - INFO - Explored 0 nodes (0 simplex iterations) in 3.23 seconds (0.09 work units)
2026-02-18 17:52:09,404 - gurobipy - INFO - Thread count was 32 (of 48 available processors)
2026-02-18 17:52:09,404 - gurobipy - INFO - 
2026-02-18 17:52:09,404 - gurobipy - INFO - Solution count 2: 231.378 233.554 
2026-02-18 17:52:09,404 - gurobipy - INFO - 
2026-02-18 17:52:09,404 - gurobipy - INFO - Optimal solution found (tolerance 5.00e-02)
2026-02-18 17:52:09,404 - gurobipy - INFO - Best objective 2.313775773327e+02, best bound 2.299519694204e+02, gap 0.6161%
2026-02-18 17:52:09,421 - root - INFO - Global IQP solved: status=2, gap=0.62%, time=3.2s
2026-02-18 17:52:09,494 - root - INFO -   Loss: 452.6245 (change: 0.031008)
2026-02-18 17:52:09,494 - root - INFO -   Beta range: [0.100, 0.510]
2026-02-18 17:52:09,494 - root - INFO -   Max beta change: 0.020702
2026-02-18 17:52:09,494 - root - INFO -   Cell count range: [0, 17]
2026-02-18 17:52:09,494 - root - INFO -     B-cells: 353 cells (7.2%)
2026-02-18 17:52:09,494 - root - INFO -     CAFs: 837 cells (17.1%)
2026-02-18 17:52:09,494 - root - INFO -     Cancer Epithelial: 1072 cells (21.9%)
2026-02-18 17:52:09,494 - root - INFO -     Endothelial: 469 cells (9.6%)
2026-02-18 17:52:09,494 - root - INFO -     Myeloid: 427 cells (8.7%)
2026-02-18 17:52:09,494 - root - INFO -     Normal Epithelial: 454 cells (9.3%)
2026-02-18 17:52:09,494 - root - INFO -     PVL: 454 cells (9.3%)
2026-02-18 17:52:09,494 - root - INFO -     Plasmablasts: 445 cells (9.1%)
2026-02-18 17:52:09,494 - root - INFO -     T-cells: 386 cells (7.9%)
2026-02-18 17:52:09,494 - root - INFO - 
=== EM Iteration 5/10 ===
2026-02-18 17:52:09,494 - root - INFO - Marker weighting enabled: weights range [0.500, 0.500]
2026-02-18 17:52:09,494 - root - INFO - Global IQP: 956 spots x 9 cell types = 8604 integer variables
2026-02-18 17:52:09,494 - root - INFO - Time limit: 600.0s, MIP gap: 5.0%
2026-02-18 17:52:09,495 - gurobipy - INFO - Set parameter TimeLimit to value 600
2026-02-18 17:52:09,495 - gurobipy - INFO - Set parameter MIPGap to value 0.05
2026-02-18 17:52:11,221 - root - INFO - Starting global IQP optimization...
2026-02-18 17:52:11,222 - gurobipy - INFO - Gurobi Optimizer version 11.0.2 build v11.0.2rc0 (linux64 - "Red Hat Enterprise Linux 9.6 (Plow)")
2026-02-18 17:52:11,222 - gurobipy - INFO - 
2026-02-18 17:52:11,222 - gurobipy - INFO - CPU model: Intel(R) Xeon(R) Gold 6248R CPU @ 3.00GHz, instruction set [SSE2|AVX|AVX2|AVX512]
2026-02-18 17:52:11,222 - gurobipy - INFO - Thread count: 48 physical cores, 48 logical processors, using up to 32 threads
2026-02-18 17:52:11,222 - gurobipy - INFO - 
2026-02-18 17:52:11,222 - gurobipy - INFO - Optimize a model with 1864 rows, 8604 columns and 16776 nonzeros
2026-02-18 17:52:11,223 - gurobipy - INFO - Model fingerprint: 0x8d34b69c
2026-02-18 17:52:11,223 - gurobipy - INFO - Model has 8604 quadratic objective terms
2026-02-18 17:52:11,223 - gurobipy - INFO - Variable types: 0 continuous, 8604 integer (0 binary)
2026-02-18 17:52:11,223 - gurobipy - INFO - Coefficient statistics:
2026-02-18 17:52:11,223 - gurobipy - INFO -   Matrix range     [1e+00, 1e+00]
2026-02-18 17:52:11,223 - gurobipy - INFO -   Objective range  [1e-08, 1e+00]
2026-02-18 17:52:11,223 - gurobipy - INFO -   QObjective range [2e-02, 5e-01]
2026-02-18 17:52:11,223 - gurobipy - INFO -   Bounds range     [1e+00, 2e+01]
2026-02-18 17:52:11,223 - gurobipy - INFO -   RHS range        [1e+00, 2e+01]
2026-02-18 17:52:11,223 - gurobipy - INFO - 
2026-02-18 17:52:11,223 - gurobipy - INFO - Loaded user MIP start with objective 226.312
2026-02-18 17:52:11,223 - gurobipy - INFO - 
2026-02-18 17:52:14,325 - gurobipy - INFO - Presolve removed 1863 rows and 8595 columns
2026-02-18 17:52:14,325 - gurobipy - INFO - Presolve time: 3.10s
2026-02-18 17:52:14,325 - gurobipy - INFO - Presolved: 1 rows, 9 columns, 9 nonzeros
2026-02-18 17:52:14,325 - gurobipy - INFO - Presolved model has 9 quadratic objective terms
2026-02-18 17:52:14,326 - gurobipy - INFO - Found heuristic solution: objective 225.7624741
2026-02-18 17:52:14,326 - gurobipy - INFO - Variable types: 0 continuous, 9 integer (0 binary)
2026-02-18 17:52:14,326 - gurobipy - INFO - 
2026-02-18 17:52:14,326 - gurobipy - INFO - Explored 0 nodes (0 simplex iterations) in 3.10 seconds (0.09 work units)
2026-02-18 17:52:14,326 - gurobipy - INFO - Thread count was 32 (of 48 available processors)
2026-02-18 17:52:14,326 - gurobipy - INFO - 
2026-02-18 17:52:14,326 - gurobipy - INFO - Solution count 2: 225.762 226.312 
2026-02-18 17:52:14,326 - gurobipy - INFO - 
2026-02-18 17:52:14,326 - gurobipy - INFO - Optimal solution found (tolerance 5.00e-02)
2026-02-18 17:52:14,327 - gurobipy - INFO - Best objective 2.257624740836e+02, best bound 2.243319524538e+02, gap 0.6336%
2026-02-18 17:52:14,345 - root - INFO - Global IQP solved: status=2, gap=0.63%, time=3.1s
2026-02-18 17:52:14,409 - root - INFO -   Loss: 443.2189 (change: 0.020780)
2026-02-18 17:52:14,409 - root - INFO -   Beta range: [0.100, 0.505]
2026-02-18 17:52:14,409 - root - INFO -   Max beta change: 0.025443
2026-02-18 17:52:14,409 - root - INFO -   Cell count range: [0, 17]
2026-02-18 17:52:14,409 - root - INFO -     B-cells: 337 cells (6.9%)
2026-02-18 17:52:14,409 - root - INFO -     CAFs: 828 cells (16.9%)
2026-02-18 17:52:14,409 - root - INFO -     Cancer Epithelial: 1087 cells (22.2%)
2026-02-18 17:52:14,409 - root - INFO -     Endothelial: 474 cells (9.7%)
2026-02-18 17:52:14,409 - root - INFO -     Myeloid: 402 cells (8.2%)
2026-02-18 17:52:14,409 - root - INFO -     Normal Epithelial: 467 cells (9.5%)
2026-02-18 17:52:14,410 - root - INFO -     PVL: 463 cells (9.5%)
2026-02-18 17:52:14,410 - root - INFO -     Plasmablasts: 463 cells (9.5%)
2026-02-18 17:52:14,410 - root - INFO -     T-cells: 376 cells (7.7%)
2026-02-18 17:52:14,410 - root - INFO - 
=== EM Iteration 6/10 ===
2026-02-18 17:52:14,410 - root - INFO - Marker weighting enabled: weights range [0.500, 0.500]
2026-02-18 17:52:14,410 - root - INFO - Global IQP: 956 spots x 9 cell types = 8604 integer variables
2026-02-18 17:52:14,410 - root - INFO - Time limit: 600.0s, MIP gap: 5.0%
2026-02-18 17:52:14,410 - gurobipy - INFO - Set parameter TimeLimit to value 600
2026-02-18 17:52:14,410 - gurobipy - INFO - Set parameter MIPGap to value 0.05
2026-02-18 17:52:16,125 - root - INFO - Starting global IQP optimization...
2026-02-18 17:52:16,126 - gurobipy - INFO - Gurobi Optimizer version 11.0.2 build v11.0.2rc0 (linux64 - "Red Hat Enterprise Linux 9.6 (Plow)")
2026-02-18 17:52:16,126 - gurobipy - INFO - 
2026-02-18 17:52:16,126 - gurobipy - INFO - CPU model: Intel(R) Xeon(R) Gold 6248R CPU @ 3.00GHz, instruction set [SSE2|AVX|AVX2|AVX512]
2026-02-18 17:52:16,126 - gurobipy - INFO - Thread count: 48 physical cores, 48 logical processors, using up to 32 threads
2026-02-18 17:52:16,126 - gurobipy - INFO - 
2026-02-18 17:52:16,126 - gurobipy - INFO - Optimize a model with 1864 rows, 8604 columns and 16776 nonzeros
2026-02-18 17:52:16,127 - gurobipy - INFO - Model fingerprint: 0x5777f8d8
2026-02-18 17:52:16,127 - gurobipy - INFO - Model has 8604 quadratic objective terms
2026-02-18 17:52:16,127 - gurobipy - INFO - Variable types: 0 continuous, 8604 integer (0 binary)
2026-02-18 17:52:16,127 - gurobipy - INFO - Coefficient statistics:
2026-02-18 17:52:16,127 - gurobipy - INFO -   Matrix range     [1e+00, 1e+00]
2026-02-18 17:52:16,127 - gurobipy - INFO -   Objective range  [1e-08, 1e+00]
2026-02-18 17:52:16,127 - gurobipy - INFO -   QObjective range [2e-02, 5e-01]
2026-02-18 17:52:16,127 - gurobipy - INFO -   Bounds range     [1e+00, 2e+01]
2026-02-18 17:52:16,127 - gurobipy - INFO -   RHS range        [1e+00, 2e+01]
2026-02-18 17:52:16,127 - gurobipy - INFO - 
2026-02-18 17:52:16,127 - gurobipy - INFO - Loaded user MIP start with objective 221.609
2026-02-18 17:52:16,127 - gurobipy - INFO - 
2026-02-18 17:52:18,951 - gurobipy - INFO - Presolve removed 1863 rows and 8595 columns
2026-02-18 17:52:18,951 - gurobipy - INFO - Presolve time: 2.82s
2026-02-18 17:52:18,951 - gurobipy - INFO - Presolved: 1 rows, 9 columns, 9 nonzeros
2026-02-18 17:52:18,951 - gurobipy - INFO - Presolved model has 9 quadratic objective terms
2026-02-18 17:52:18,951 - gurobipy - INFO - Found heuristic solution: objective 221.0482942
2026-02-18 17:52:18,951 - gurobipy - INFO - Variable types: 0 continuous, 9 integer (0 binary)
2026-02-18 17:52:18,952 - gurobipy - INFO - 
2026-02-18 17:52:18,952 - gurobipy - INFO - Explored 0 nodes (0 simplex iterations) in 2.83 seconds (0.09 work units)
2026-02-18 17:52:18,952 - gurobipy - INFO - Thread count was 32 (of 48 available processors)
2026-02-18 17:52:18,952 - gurobipy - INFO - 
2026-02-18 17:52:18,952 - gurobipy - INFO - Solution count 2: 221.048 221.609 
2026-02-18 17:52:18,952 - gurobipy - INFO - 
2026-02-18 17:52:18,952 - gurobipy - INFO - Optimal solution found (tolerance 5.00e-02)
2026-02-18 17:52:18,952 - gurobipy - INFO - Best objective 2.210482942396e+02, best bound 2.195678446760e+02, gap 0.6697%
2026-02-18 17:52:18,979 - root - INFO - Global IQP solved: status=2, gap=0.67%, time=2.8s
2026-02-18 17:52:19,054 - root - INFO -   Loss: 436.7802 (change: 0.014527)
2026-02-18 17:52:19,054 - root - INFO -   Beta range: [0.100, 0.502]
2026-02-18 17:52:19,054 - root - INFO -   Max beta change: 0.027697
2026-02-18 17:52:19,054 - root - INFO -   Cell count range: [0, 17]
2026-02-18 17:52:19,054 - root - INFO -     B-cells: 325 cells (6.6%)
2026-02-18 17:52:19,054 - root - INFO -     CAFs: 805 cells (16.4%)
2026-02-18 17:52:19,054 - root - INFO -     Cancer Epithelial: 1099 cells (22.4%)
2026-02-18 17:52:19,054 - root - INFO -     Endothelial: 474 cells (9.7%)
2026-02-18 17:52:19,054 - root - INFO -     Myeloid: 374 cells (7.6%)
2026-02-18 17:52:19,054 - root - INFO -     Normal Epithelial: 490 cells (10.0%)
2026-02-18 17:52:19,054 - root - INFO -     PVL: 479 cells (9.8%)
2026-02-18 17:52:19,054 - root - INFO -     Plasmablasts: 473 cells (9.7%)
2026-02-18 17:52:19,054 - root - INFO -     T-cells: 378 cells (7.7%)
2026-02-18 17:52:19,054 - root - INFO - 
=== EM Iteration 7/10 ===
2026-02-18 17:52:19,055 - root - INFO - Marker weighting enabled: weights range [0.500, 0.500]
2026-02-18 17:52:19,055 - root - INFO - Global IQP: 956 spots x 9 cell types = 8604 integer variables
2026-02-18 17:52:19,055 - root - INFO - Time limit: 600.0s, MIP gap: 5.0%
2026-02-18 17:52:19,055 - gurobipy - INFO - Set parameter TimeLimit to value 600
2026-02-18 17:52:19,055 - gurobipy - INFO - Set parameter MIPGap to value 0.05
2026-02-18 17:52:20,766 - root - INFO - Starting global IQP optimization...
2026-02-18 17:52:20,767 - gurobipy - INFO - Gurobi Optimizer version 11.0.2 build v11.0.2rc0 (linux64 - "Red Hat Enterprise Linux 9.6 (Plow)")
2026-02-18 17:52:20,767 - gurobipy - INFO - 
2026-02-18 17:52:20,767 - gurobipy - INFO - CPU model: Intel(R) Xeon(R) Gold 6248R CPU @ 3.00GHz, instruction set [SSE2|AVX|AVX2|AVX512]
2026-02-18 17:52:20,767 - gurobipy - INFO - Thread count: 48 physical cores, 48 logical processors, using up to 32 threads
2026-02-18 17:52:20,767 - gurobipy - INFO - 
2026-02-18 17:52:20,767 - gurobipy - INFO - Optimize a model with 1864 rows, 8604 columns and 16776 nonzeros
2026-02-18 17:52:20,768 - gurobipy - INFO - Model fingerprint: 0x1b47147d
2026-02-18 17:52:20,768 - gurobipy - INFO - Model has 8604 quadratic objective terms
2026-02-18 17:52:20,768 - gurobipy - INFO - Variable types: 0 continuous, 8604 integer (0 binary)
2026-02-18 17:52:20,768 - gurobipy - INFO - Coefficient statistics:
2026-02-18 17:52:20,768 - gurobipy - INFO -   Matrix range     [1e+00, 1e+00]
2026-02-18 17:52:20,768 - gurobipy - INFO -   Objective range  [1e-08, 1e+00]
2026-02-18 17:52:20,768 - gurobipy - INFO -   QObjective range [2e-02, 5e-01]
2026-02-18 17:52:20,768 - gurobipy - INFO -   Bounds range     [1e+00, 2e+01]
2026-02-18 17:52:20,768 - gurobipy - INFO -   RHS range        [1e+00, 2e+01]
2026-02-18 17:52:20,768 - gurobipy - INFO - 
2026-02-18 17:52:20,768 - gurobipy - INFO - Loaded user MIP start with objective 218.39
2026-02-18 17:52:20,768 - gurobipy - INFO - 
2026-02-18 17:52:24,891 - gurobipy - INFO - Presolve removed 1863 rows and 8595 columns
2026-02-18 17:52:24,891 - gurobipy - INFO - Presolve time: 4.12s
2026-02-18 17:52:24,891 - gurobipy - INFO - Presolved: 1 rows, 9 columns, 9 nonzeros
2026-02-18 17:52:24,891 - gurobipy - INFO - Presolved model has 9 quadratic objective terms
2026-02-18 17:52:24,891 - gurobipy - INFO - Found heuristic solution: objective 217.6440662
2026-02-18 17:52:24,891 - gurobipy - INFO - Variable types: 0 continuous, 9 integer (0 binary)
2026-02-18 17:52:24,892 - gurobipy - INFO - 
2026-02-18 17:52:24,892 - gurobipy - INFO - Explored 0 nodes (0 simplex iterations) in 4.12 seconds (0.09 work units)
2026-02-18 17:52:24,892 - gurobipy - INFO - Thread count was 32 (of 48 available processors)
2026-02-18 17:52:24,892 - gurobipy - INFO - 
2026-02-18 17:52:24,892 - gurobipy - INFO - Solution count 2: 217.644 218.39 
2026-02-18 17:52:24,892 - gurobipy - INFO - 
2026-02-18 17:52:24,892 - gurobipy - INFO - Optimal solution found (tolerance 5.00e-02)
2026-02-18 17:52:24,892 - gurobipy - INFO - Best objective 2.176440661807e+02, best bound 2.161123698126e+02, gap 0.7038%
2026-02-18 17:52:24,909 - root - INFO - Global IQP solved: status=2, gap=0.70%, time=4.1s
2026-02-18 17:52:24,972 - root - INFO -   Loss: 429.0018 (change: 0.017809)
2026-02-18 17:52:24,972 - root - INFO -   Beta range: [0.100, 0.499]
2026-02-18 17:52:24,972 - root - INFO -   Max beta change: 0.030085
2026-02-18 17:52:24,972 - root - INFO -   Cell count range: [0, 17]
2026-02-18 17:52:24,973 - root - INFO -     B-cells: 312 cells (6.4%)
2026-02-18 17:52:24,973 - root - INFO -     CAFs: 771 cells (15.7%)
2026-02-18 17:52:24,973 - root - INFO -     Cancer Epithelial: 1111 cells (22.7%)
2026-02-18 17:52:24,973 - root - INFO -     Endothelial: 492 cells (10.0%)
2026-02-18 17:52:24,973 - root - INFO -     Myeloid: 352 cells (7.2%)
2026-02-18 17:52:24,973 - root - INFO -     Normal Epithelial: 500 cells (10.2%)
2026-02-18 17:52:24,973 - root - INFO -     PVL: 490 cells (10.0%)
2026-02-18 17:52:24,973 - root - INFO -     Plasmablasts: 484 cells (9.9%)
2026-02-18 17:52:24,973 - root - INFO -     T-cells: 385 cells (7.9%)
2026-02-18 17:52:24,973 - root - INFO - 
=== EM Iteration 8/10 ===
2026-02-18 17:52:24,973 - root - INFO - Marker weighting enabled: weights range [0.500, 0.500]
2026-02-18 17:52:24,973 - root - INFO - Global IQP: 956 spots x 9 cell types = 8604 integer variables
2026-02-18 17:52:24,973 - root - INFO - Time limit: 600.0s, MIP gap: 5.0%
2026-02-18 17:52:24,973 - gurobipy - INFO - Set parameter TimeLimit to value 600
2026-02-18 17:52:24,973 - gurobipy - INFO - Set parameter MIPGap to value 0.05
2026-02-18 17:52:26,677 - root - INFO - Starting global IQP optimization...
2026-02-18 17:52:26,678 - gurobipy - INFO - Gurobi Optimizer version 11.0.2 build v11.0.2rc0 (linux64 - "Red Hat Enterprise Linux 9.6 (Plow)")
2026-02-18 17:52:26,678 - gurobipy - INFO - 
2026-02-18 17:52:26,678 - gurobipy - INFO - CPU model: Intel(R) Xeon(R) Gold 6248R CPU @ 3.00GHz, instruction set [SSE2|AVX|AVX2|AVX512]
2026-02-18 17:52:26,678 - gurobipy - INFO - Thread count: 48 physical cores, 48 logical processors, using up to 32 threads
2026-02-18 17:52:26,678 - gurobipy - INFO - 
2026-02-18 17:52:26,678 - gurobipy - INFO - Optimize a model with 1864 rows, 8604 columns and 16776 nonzeros
2026-02-18 17:52:26,679 - gurobipy - INFO - Model fingerprint: 0x0b2c3a9c
2026-02-18 17:52:26,679 - gurobipy - INFO - Model has 8604 quadratic objective terms
2026-02-18 17:52:26,679 - gurobipy - INFO - Variable types: 0 continuous, 8604 integer (0 binary)
2026-02-18 17:52:26,679 - gurobipy - INFO - Coefficient statistics:
2026-02-18 17:52:26,679 - gurobipy - INFO -   Matrix range     [1e+00, 1e+00]
2026-02-18 17:52:26,679 - gurobipy - INFO -   Objective range  [1e-08, 1e+00]
2026-02-18 17:52:26,679 - gurobipy - INFO -   QObjective range [2e-02, 5e-01]
2026-02-18 17:52:26,679 - gurobipy - INFO -   Bounds range     [1e+00, 2e+01]
2026-02-18 17:52:26,679 - gurobipy - INFO -   RHS range        [1e+00, 2e+01]
2026-02-18 17:52:26,679 - gurobipy - INFO - 
2026-02-18 17:52:26,679 - gurobipy - INFO - Loaded user MIP start with objective 214.501
2026-02-18 17:52:26,679 - gurobipy - INFO - 
2026-02-18 17:52:29,985 - gurobipy - INFO - Presolve removed 1863 rows and 8595 columns
2026-02-18 17:52:29,985 - gurobipy - INFO - Presolve time: 3.31s
2026-02-18 17:52:29,985 - gurobipy - INFO - Presolved: 1 rows, 9 columns, 9 nonzeros
2026-02-18 17:52:29,985 - gurobipy - INFO - Presolved model has 9 quadratic objective terms
2026-02-18 17:52:29,986 - gurobipy - INFO - Found heuristic solution: objective 214.0782332
2026-02-18 17:52:29,986 - gurobipy - INFO - Variable types: 0 continuous, 9 integer (0 binary)
2026-02-18 17:52:29,986 - gurobipy - INFO - 
2026-02-18 17:52:29,986 - gurobipy - INFO - Explored 0 nodes (0 simplex iterations) in 3.31 seconds (0.09 work units)
2026-02-18 17:52:29,986 - gurobipy - INFO - Thread count was 32 (of 48 available processors)
2026-02-18 17:52:29,986 - gurobipy - INFO - 
2026-02-18 17:52:29,986 - gurobipy - INFO - Solution count 2: 214.078 214.501 
2026-02-18 17:52:29,986 - gurobipy - INFO - 
2026-02-18 17:52:29,986 - gurobipy - INFO - Optimal solution found (tolerance 5.00e-02)
2026-02-18 17:52:29,986 - gurobipy - INFO - Best objective 2.140782332102e+02, best bound 2.125077916527e+02, gap 0.7336%
2026-02-18 17:52:30,003 - root - INFO - Global IQP solved: status=2, gap=0.73%, time=3.3s
2026-02-18 17:52:30,066 - root - INFO -   Loss: 424.7212 (change: 0.009978)
2026-02-18 17:52:30,066 - root - INFO -   Beta range: [0.100, 0.498]
2026-02-18 17:52:30,066 - root - INFO -   Max beta change: 0.033956
2026-02-18 17:52:30,066 - root - INFO -   Cell count range: [0, 17]
2026-02-18 17:52:30,066 - root - INFO -     B-cells: 309 cells (6.3%)
2026-02-18 17:52:30,066 - root - INFO -     CAFs: 747 cells (15.3%)
2026-02-18 17:52:30,066 - root - INFO -     Cancer Epithelial: 1108 cells (22.6%)
2026-02-18 17:52:30,066 - root - INFO -     Endothelial: 503 cells (10.3%)
2026-02-18 17:52:30,066 - root - INFO -     Myeloid: 340 cells (6.9%)
2026-02-18 17:52:30,066 - root - INFO -     Normal Epithelial: 509 cells (10.4%)
2026-02-18 17:52:30,066 - root - INFO -     PVL: 497 cells (10.1%)
2026-02-18 17:52:30,067 - root - INFO -     Plasmablasts: 494 cells (10.1%)
2026-02-18 17:52:30,067 - root - INFO -     T-cells: 390 cells (8.0%)
2026-02-18 17:52:30,067 - root - INFO - 
=== EM Iteration 9/10 ===
2026-02-18 17:52:30,067 - root - INFO - Marker weighting enabled: weights range [0.500, 0.500]
2026-02-18 17:52:30,067 - root - INFO - Global IQP: 956 spots x 9 cell types = 8604 integer variables
2026-02-18 17:52:30,067 - root - INFO - Time limit: 600.0s, MIP gap: 5.0%
2026-02-18 17:52:30,067 - gurobipy - INFO - Set parameter TimeLimit to value 600
2026-02-18 17:52:30,067 - gurobipy - INFO - Set parameter MIPGap to value 0.05
2026-02-18 17:52:31,786 - root - INFO - Starting global IQP optimization...
2026-02-18 17:52:31,787 - gurobipy - INFO - Gurobi Optimizer version 11.0.2 build v11.0.2rc0 (linux64 - "Red Hat Enterprise Linux 9.6 (Plow)")
2026-02-18 17:52:31,787 - gurobipy - INFO - 
2026-02-18 17:52:31,787 - gurobipy - INFO - CPU model: Intel(R) Xeon(R) Gold 6248R CPU @ 3.00GHz, instruction set [SSE2|AVX|AVX2|AVX512]
2026-02-18 17:52:31,787 - gurobipy - INFO - Thread count: 48 physical cores, 48 logical processors, using up to 32 threads
2026-02-18 17:52:31,787 - gurobipy - INFO - 
2026-02-18 17:52:31,787 - gurobipy - INFO - Optimize a model with 1864 rows, 8604 columns and 16776 nonzeros
2026-02-18 17:52:31,787 - gurobipy - INFO - Model fingerprint: 0x4918c39c
2026-02-18 17:52:31,787 - gurobipy - INFO - Model has 8604 quadratic objective terms
2026-02-18 17:52:31,787 - gurobipy - INFO - Variable types: 0 continuous, 8604 integer (0 binary)
2026-02-18 17:52:31,787 - gurobipy - INFO - Coefficient statistics:
2026-02-18 17:52:31,787 - gurobipy - INFO -   Matrix range     [1e+00, 1e+00]
2026-02-18 17:52:31,787 - gurobipy - INFO -   Objective range  [1e-08, 9e-01]
2026-02-18 17:52:31,788 - gurobipy - INFO -   QObjective range [2e-02, 5e-01]
2026-02-18 17:52:31,788 - gurobipy - INFO -   Bounds range     [1e+00, 2e+01]
2026-02-18 17:52:31,788 - gurobipy - INFO -   RHS range        [1e+00, 2e+01]
2026-02-18 17:52:31,788 - gurobipy - INFO - 
2026-02-18 17:52:31,788 - gurobipy - INFO - Loaded user MIP start with objective 212.361
2026-02-18 17:52:31,788 - gurobipy - INFO - 
2026-02-18 17:52:34,482 - gurobipy - INFO - Presolve removed 1863 rows and 8595 columns
2026-02-18 17:52:34,482 - gurobipy - INFO - Presolve time: 2.69s
2026-02-18 17:52:34,482 - gurobipy - INFO - Presolved: 1 rows, 9 columns, 9 nonzeros
2026-02-18 17:52:34,482 - gurobipy - INFO - Presolved model has 9 quadratic objective terms
2026-02-18 17:52:34,483 - gurobipy - INFO - Found heuristic solution: objective 211.9021848
2026-02-18 17:52:34,483 - gurobipy - INFO - Variable types: 0 continuous, 9 integer (0 binary)
2026-02-18 17:52:34,483 - gurobipy - INFO - 
2026-02-18 17:52:34,483 - gurobipy - INFO - Explored 0 nodes (0 simplex iterations) in 2.70 seconds (0.08 work units)
2026-02-18 17:52:34,483 - gurobipy - INFO - Thread count was 32 (of 48 available processors)
2026-02-18 17:52:34,483 - gurobipy - INFO - 
2026-02-18 17:52:34,483 - gurobipy - INFO - Solution count 2: 211.902 212.361 
2026-02-18 17:52:34,483 - gurobipy - INFO - 
2026-02-18 17:52:34,483 - gurobipy - INFO - Optimal solution found (tolerance 5.00e-02)
2026-02-18 17:52:34,483 - gurobipy - INFO - Best objective 2.119021848031e+02, best bound 2.102994396190e+02, gap 0.7564%
2026-02-18 17:52:34,501 - root - INFO - Global IQP solved: status=2, gap=0.76%, time=2.7s
2026-02-18 17:52:34,567 - root - INFO -   Loss: 425.4256 (change: 0.001659)
2026-02-18 17:52:34,567 - root - INFO -   Beta range: [0.100, 0.495]
2026-02-18 17:52:34,567 - root - INFO -   Max beta change: 0.037015
2026-02-18 17:52:34,567 - root - INFO -   Cell count range: [0, 17]
2026-02-18 17:52:34,567 - root - INFO -     B-cells: 314 cells (6.4%)
2026-02-18 17:52:34,567 - root - INFO -     CAFs: 717 cells (14.6%)
2026-02-18 17:52:34,567 - root - INFO -     Cancer Epithelial: 1112 cells (22.7%)
2026-02-18 17:52:34,567 - root - INFO -     Endothelial: 504 cells (10.3%)
2026-02-18 17:52:34,567 - root - INFO -     Myeloid: 331 cells (6.8%)
2026-02-18 17:52:34,567 - root - INFO -     Normal Epithelial: 517 cells (10.6%)
2026-02-18 17:52:34,567 - root - INFO -     PVL: 508 cells (10.4%)
2026-02-18 17:52:34,567 - root - INFO -     Plasmablasts: 504 cells (10.3%)
2026-02-18 17:52:34,567 - root - INFO -     T-cells: 390 cells (8.0%)
2026-02-18 17:52:34,567 - root - WARNING - Loss increased from 424.7212 to 425.4256
2026-02-18 17:52:34,567 - root - INFO - 
=== EM Iteration 10/10 ===
2026-02-18 17:52:34,567 - root - INFO - Marker weighting enabled: weights range [0.500, 0.500]
2026-02-18 17:52:34,567 - root - INFO - Global IQP: 956 spots x 9 cell types = 8604 integer variables
2026-02-18 17:52:34,567 - root - INFO - Time limit: 600.0s, MIP gap: 5.0%
2026-02-18 17:52:34,568 - gurobipy - INFO - Set parameter TimeLimit to value 600
2026-02-18 17:52:34,568 - gurobipy - INFO - Set parameter MIPGap to value 0.05
2026-02-18 17:52:36,275 - root - INFO - Starting global IQP optimization...
2026-02-18 17:52:36,276 - gurobipy - INFO - Gurobi Optimizer version 11.0.2 build v11.0.2rc0 (linux64 - "Red Hat Enterprise Linux 9.6 (Plow)")
2026-02-18 17:52:36,276 - gurobipy - INFO - 
2026-02-18 17:52:36,276 - gurobipy - INFO - CPU model: Intel(R) Xeon(R) Gold 6248R CPU @ 3.00GHz, instruction set [SSE2|AVX|AVX2|AVX512]
2026-02-18 17:52:36,276 - gurobipy - INFO - Thread count: 48 physical cores, 48 logical processors, using up to 32 threads
2026-02-18 17:52:36,276 - gurobipy - INFO - 
2026-02-18 17:52:36,276 - gurobipy - INFO - Optimize a model with 1864 rows, 8604 columns and 16776 nonzeros
2026-02-18 17:52:36,277 - gurobipy - INFO - Model fingerprint: 0x67e8bf1c
2026-02-18 17:52:36,277 - gurobipy - INFO - Model has 8604 quadratic objective terms
2026-02-18 17:52:36,277 - gurobipy - INFO - Variable types: 0 continuous, 8604 integer (0 binary)
2026-02-18 17:52:36,277 - gurobipy - INFO - Coefficient statistics:
2026-02-18 17:52:36,277 - gurobipy - INFO -   Matrix range     [1e+00, 1e+00]
2026-02-18 17:52:36,277 - gurobipy - INFO -   Objective range  [1e-08, 9e-01]
2026-02-18 17:52:36,277 - gurobipy - INFO -   QObjective range [2e-02, 4e-01]
2026-02-18 17:52:36,277 - gurobipy - INFO -   Bounds range     [1e+00, 2e+01]
2026-02-18 17:52:36,277 - gurobipy - INFO -   RHS range        [1e+00, 2e+01]
2026-02-18 17:52:36,277 - gurobipy - INFO - 
2026-02-18 17:52:36,277 - gurobipy - INFO - Loaded user MIP start with objective 212.713
2026-02-18 17:52:36,277 - gurobipy - INFO - 
2026-02-18 17:52:39,054 - gurobipy - INFO - Presolve removed 1863 rows and 8595 columns
2026-02-18 17:52:39,054 - gurobipy - INFO - Presolve time: 2.78s
2026-02-18 17:52:39,054 - gurobipy - INFO - Presolved: 1 rows, 9 columns, 9 nonzeros
2026-02-18 17:52:39,054 - gurobipy - INFO - Presolved model has 9 quadratic objective terms
2026-02-18 17:52:39,054 - gurobipy - INFO - Found heuristic solution: objective 212.3562829
2026-02-18 17:52:39,055 - gurobipy - INFO - Variable types: 0 continuous, 9 integer (0 binary)
2026-02-18 17:52:39,055 - gurobipy - INFO - 
2026-02-18 17:52:39,055 - gurobipy - INFO - Explored 0 nodes (0 simplex iterations) in 2.78 seconds (0.08 work units)
2026-02-18 17:52:39,055 - gurobipy - INFO - Thread count was 32 (of 48 available processors)
2026-02-18 17:52:39,055 - gurobipy - INFO - 
2026-02-18 17:52:39,055 - gurobipy - INFO - Solution count 2: 212.356 212.713 
2026-02-18 17:52:39,055 - gurobipy - INFO - 
2026-02-18 17:52:39,055 - gurobipy - INFO - Optimal solution found (tolerance 5.00e-02)
2026-02-18 17:52:39,055 - gurobipy - INFO - Best objective 2.123562828694e+02, best bound 2.107326984289e+02, gap 0.7646%
2026-02-18 17:52:39,071 - root - INFO - Global IQP solved: status=2, gap=0.76%, time=2.8s
2026-02-18 17:52:39,135 - root - INFO -   Loss: 431.6752 (change: 0.014690)
2026-02-18 17:52:39,135 - root - INFO -   Beta range: [0.100, 0.494]
2026-02-18 17:52:39,135 - root - INFO -   Max beta change: 0.038966
2026-02-18 17:52:39,135 - root - INFO -   Cell count range: [0, 17]
2026-02-18 17:52:39,135 - root - INFO -     B-cells: 317 cells (6.5%)
2026-02-18 17:52:39,135 - root - INFO -     CAFs: 685 cells (14.0%)
2026-02-18 17:52:39,135 - root - INFO -     Cancer Epithelial: 1102 cells (22.5%)
2026-02-18 17:52:39,135 - root - INFO -     Endothelial: 508 cells (10.4%)
2026-02-18 17:52:39,135 - root - INFO -     Myeloid: 332 cells (6.8%)
2026-02-18 17:52:39,135 - root - INFO -     Normal Epithelial: 527 cells (10.8%)
2026-02-18 17:52:39,135 - root - INFO -     PVL: 511 cells (10.4%)
2026-02-18 17:52:39,135 - root - INFO -     Plasmablasts: 520 cells (10.6%)
2026-02-18 17:52:39,135 - root - INFO -     T-cells: 395 cells (8.1%)
2026-02-18 17:52:39,135 - root - WARNING - Loss increased from 425.4256 to 431.6752
2026-02-18 17:52:39,135 - root - INFO - 
Final beta values:
2026-02-18 17:52:39,135 - root - INFO -   B-cells_Protein_1: β=0.263, α=0.000
2026-02-18 17:52:39,135 - root - INFO -   B-cells_Protein_2: β=0.259, α=0.000
2026-02-18 17:52:39,135 - root - INFO -   CAFs_Protein_1: β=0.271, α=0.380
2026-02-18 17:52:39,135 - root - INFO -   CAFs_Protein_2: β=0.355, α=0.258
2026-02-18 17:52:39,135 - root - INFO -   Cancer Epithelial_Protein_1: β=0.416, α=0.119
2026-02-18 17:52:39,135 - root - INFO -   Cancer Epithelial_Protein_2: β=0.494, α=0.009
2026-02-18 17:52:39,135 - root - INFO -   Endothelial_Protein_1: β=0.100, α=0.000
2026-02-18 17:52:39,136 - root - INFO -   Endothelial_Protein_2: β=0.100, α=0.000
2026-02-18 17:52:39,136 - root - INFO -   Myeloid_Protein_1: β=0.278, α=0.109
2026-02-18 17:52:39,136 - root - INFO -   Myeloid_Protein_2: β=0.318, α=0.079
2026-02-18 17:52:39,136 - root - INFO -   Normal Epithelial_Protein_1: β=0.100, α=0.000
2026-02-18 17:52:39,136 - root - INFO -   Normal Epithelial_Protein_2: β=0.100, α=0.000
2026-02-18 17:52:39,136 - root - INFO -   PVL_Protein_1: β=0.100, α=0.000
2026-02-18 17:52:39,136 - root - INFO -   PVL_Protein_2: β=0.100, α=0.000
2026-02-18 17:52:39,136 - root - INFO -   Plasmablasts_Protein_1: β=0.100, α=0.000
2026-02-18 17:52:39,136 - root - INFO -   Plasmablasts_Protein_2: β=0.100, α=0.000
2026-02-18 17:52:39,136 - root - INFO -   T-cells_Protein_1: β=0.325, α=0.011
2026-02-18 17:52:39,136 - root - INFO -   T-cells_Protein_2: β=0.346, α=0.000
2026-02-18 17:52:39,150 - root - INFO - Saved discrete cell counts to Benchmarking/simulation_benchmarking/CITEgeist/output_discrete_weighting_only/mixed/dapi/mixed/dapi/Wu_rep_3/Wu_rep_3_discrete_cell_counts.csv
2026-02-18 17:52:39,161 - root - INFO - Saved derived proportions to Benchmarking/simulation_benchmarking/CITEgeist/output_discrete_weighting_only/mixed/dapi/mixed/dapi/Wu_rep_3/Wu_rep_3_cell_prop_discrete.csv
2026-02-18 17:52:39,161 - root - INFO - Cell type distribution:
2026-02-18 17:52:39,161 - root - INFO -   B-cells: 317 cells (6.5%)
2026-02-18 17:52:39,161 - root - INFO -   CAFs: 685 cells (14.0%)
2026-02-18 17:52:39,161 - root - INFO -   Cancer Epithelial: 1102 cells (22.5%)
2026-02-18 17:52:39,162 - root - INFO -   Endothelial: 508 cells (10.4%)
2026-02-18 17:52:39,162 - root - INFO -   Myeloid: 332 cells (6.8%)
2026-02-18 17:52:39,162 - root - INFO -   Normal Epithelial: 527 cells (10.8%)
2026-02-18 17:52:39,162 - root - INFO -   PVL: 511 cells (10.4%)
2026-02-18 17:52:39,162 - root - INFO -   Plasmablasts: 520 cells (10.6%)
2026-02-18 17:52:39,162 - root - INFO -   T-cells: 395 cells (8.1%)
2026-02-18 17:52:39,169 - __main__ - INFO - Loaded ground truth proportions: 956 spots, 9 cell types
2026-02-18 17:52:39,173 - __main__ - INFO - Proportion correlation: 0.646
2026-02-18 17:52:39,173 - __main__ - INFO - Proportion RMSE: 0.1635
2026-02-18 17:52:39,173 - __main__ - INFO - Running GEX deconvolution...
2026-02-18 17:52:39,174 - CITEgeist.model.utils - INFO - Detected spot spacing: 1.61 units (median of 956 nearest-neighbor distances)
2026-02-18 17:52:39,174 - CITEgeist.model.utils - INFO - Computed optimal radius: 4.92 (3.0 rings, spot_spacing=1.61)
2026-02-18 17:52:39,174 - root - INFO - Auto-detected radius: 4.92 (3 rings)
2026-02-18 17:52:39,174 - root - INFO - Starting Pass 1: Error minimization with enrichment weights...
2026-02-18 17:52:39,174 - root - INFO - Using discrete mode: cell counts as fixed multipliers
2026-02-18 17:52:39,175 - root - WARNING - Found 24 spots with zero cells. These will be skipped in deconvolution.
2026-02-18 17:52:39,175 - root - WARNING - Found 24 spots with zero or negligible total cell proportions. Deconvolution for these spots may fail and their profiles will be imputed as zeros. Example spot indices: [ 40  41  45 150 212]
2026-02-18 17:52:39,176 - root - INFO - Starting analysis for Wu_rep_3
2026-02-18 17:52:39,176 - root - INFO - Already completed spots: 0
2026-02-18 17:52:39,176 - root - INFO - Using enrichment weights - Global: 0.5, Local: 0.5
2026-02-18 17:52:39,176 - root - INFO - Using 48 workers
2026-02-18 17:52:39,176 - root - INFO - Processing 956 remaining spots
Deconvoluting Remaining Spots:   0%|          | 0/956 [00:00<?, ?it/s]Deconvoluting Remaining Spots:   0%|          | 1/956 [00:08<2:07:56,  8.04s/it]Deconvoluting Remaining Spots:   0%|          | 2/956 [00:08<55:19,  3.48s/it]  Deconvoluting Remaining Spots:   0%|          | 3/956 [00:09<36:14,  2.28s/it]Deconvoluting Remaining Spots:   0%|          | 4/956 [00:09<25:41,  1.62s/it]Deconvoluting Remaining Spots:   1%|          | 5/956 [00:10<20:34,  1.30s/it]Deconvoluting Remaining Spots:   1%|          | 6/956 [00:11<17:39,  1.11s/it]Deconvoluting Remaining Spots:   1%|          | 7/956 [00:11<15:36,  1.01it/s]Deconvoluting Remaining Spots:   1%|          | 8/956 [00:12<14:35,  1.08it/s]Deconvoluting Remaining Spots:   1%|          | 9/956 [00:13<13:33,  1.16it/s]Deconvoluting Remaining Spots:   1%|          | 10/956 [00:14<13:04,  1.21it/s]Deconvoluting Remaining Spots:   1%|          | 11/956 [00:14<12:19,  1.28it/s]Deconvoluting Remaining Spots:   1%|▏         | 12/956 [00:15<11:58,  1.31it/s]Deconvoluting Remaining Spots:   1%|▏         | 13/956 [00:16<11:54,  1.32it/s]Deconvoluting Remaining Spots:   1%|▏         | 14/956 [00:17<11:39,  1.35it/s]Deconvoluting Remaining Spots:   2%|▏         | 15/956 [00:17<11:18,  1.39it/s]Deconvoluting Remaining Spots:   2%|▏         | 16/956 [00:18<11:31,  1.36it/s]Deconvoluting Remaining Spots:   2%|▏         | 17/956 [00:19<11:18,  1.38it/s]Deconvoluting Remaining Spots:   2%|▏         | 18/956 [00:20<12:36,  1.24it/s]Deconvoluting Remaining Spots:   2%|▏         | 19/956 [00:20<11:50,  1.32it/s]Deconvoluting Remaining Spots:   2%|▏         | 20/956 [00:21<11:40,  1.34it/s]Deconvoluting Remaining Spots:   2%|▏         | 21/956 [00:22<10:30,  1.48it/s]Deconvoluting Remaining Spots:   2%|▏         | 22/956 [00:22<10:29,  1.48it/s]Deconvoluting Remaining Spots:   2%|▏         | 23/956 [00:23<10:33,  1.47it/s]Deconvoluting Remaining Spots:   3%|▎         | 24/956 [00:24<10:35,  1.47it/s]Deconvoluting Remaining Spots:   3%|▎         | 25/956 [00:24<11:12,  1.38it/s]Deconvoluting Remaining Spots:   3%|▎         | 26/956 [00:25<11:16,  1.37it/s]Deconvoluting Remaining Spots:   3%|▎         | 27/956 [00:26<11:12,  1.38it/s]Deconvoluting Remaining Spots:   3%|▎         | 28/956 [00:27<10:54,  1.42it/s]Deconvoluting Remaining Spots:   3%|▎         | 29/956 [00:27<10:49,  1.43it/s]Deconvoluting Remaining Spots:   3%|▎         | 30/956 [00:28<11:29,  1.34it/s]Deconvoluting Remaining Spots:   3%|▎         | 31/956 [00:29<11:58,  1.29it/s]Deconvoluting Remaining Spots:   3%|▎         | 32/956 [00:30<10:50,  1.42it/s]Deconvoluting Remaining Spots:   3%|▎         | 33/956 [00:30<11:00,  1.40it/s]Deconvoluting Remaining Spots:   4%|▎         | 34/956 [00:31<11:03,  1.39it/s]Deconvoluting Remaining Spots:   4%|▎         | 35/956 [00:32<11:53,  1.29it/s]Deconvoluting Remaining Spots:   4%|▍         | 36/956 [00:32<10:34,  1.45it/s]Deconvoluting Remaining Spots:   4%|▍         | 37/956 [00:33<11:35,  1.32it/s]Deconvoluting Remaining Spots:   4%|▍         | 38/956 [00:34<13:18,  1.15it/s]Deconvoluting Remaining Spots:   4%|▍         | 39/956 [00:35<12:08,  1.26it/s]Deconvoluting Remaining Spots:   4%|▍         | 40/956 [00:36<12:35,  1.21it/s]Deconvoluting Remaining Spots:   4%|▍         | 41/956 [00:37<12:39,  1.21it/s]Deconvoluting Remaining Spots:   4%|▍         | 42/956 [00:37<11:54,  1.28it/s]Deconvoluting Remaining Spots:   4%|▍         | 43/956 [00:38<12:32,  1.21it/s]Deconvoluting Remaining Spots:   5%|▍         | 44/956 [00:39<11:43,  1.30it/s]Deconvoluting Remaining Spots:   5%|▍         | 45/956 [00:40<11:03,  1.37it/s]Deconvoluting Remaining Spots:   5%|▍         | 46/956 [00:40<10:59,  1.38it/s]Deconvoluting Remaining Spots:   5%|▍         | 47/956 [00:41<12:21,  1.23it/s]Deconvoluting Remaining Spots:   5%|▌         | 48/956 [00:42<11:11,  1.35it/s]Deconvoluting Remaining Spots:   5%|▌         | 49/956 [00:43<12:00,  1.26it/s]Deconvoluting Remaining Spots:   5%|▌         | 51/956 [00:44<09:38,  1.56it/s]Deconvoluting Remaining Spots:   5%|▌         | 52/956 [00:44<08:39,  1.74it/s]Deconvoluting Remaining Spots:   6%|▌         | 54/956 [00:45<06:55,  2.17it/s]Deconvoluting Remaining Spots:   6%|▌         | 55/956 [00:45<06:45,  2.22it/s]Deconvoluting Remaining Spots:   6%|▌         | 56/956 [00:46<06:33,  2.29it/s]Deconvoluting Remaining Spots:   6%|▌         | 57/956 [00:46<07:25,  2.02it/s]Deconvoluting Remaining Spots:   6%|▌         | 58/956 [00:47<06:48,  2.20it/s]Deconvoluting Remaining Spots:   6%|▌         | 59/956 [00:47<06:00,  2.49it/s]Deconvoluting Remaining Spots:   6%|▋         | 60/956 [00:47<06:02,  2.47it/s]Deconvoluting Remaining Spots:   6%|▋         | 61/956 [00:48<06:07,  2.44it/s]Deconvoluting Remaining Spots:   6%|▋         | 62/956 [00:48<07:06,  2.09it/s]Deconvoluting Remaining Spots:   7%|▋         | 63/956 [00:49<09:15,  1.61it/s]Deconvoluting Remaining Spots:   7%|▋         | 64/956 [00:49<07:13,  2.06it/s]Deconvoluting Remaining Spots:   7%|▋         | 65/956 [00:50<08:08,  1.82it/s]Deconvoluting Remaining Spots:   7%|▋         | 66/956 [00:51<08:45,  1.69it/s]Deconvoluting Remaining Spots:   7%|▋         | 67/956 [00:51<08:12,  1.80it/s]Deconvoluting Remaining Spots:   7%|▋         | 68/956 [00:52<07:42,  1.92it/s]Deconvoluting Remaining Spots:   7%|▋         | 69/956 [00:52<07:57,  1.86it/s]Deconvoluting Remaining Spots:   7%|▋         | 70/956 [00:53<07:09,  2.06it/s]Deconvoluting Remaining Spots:   7%|▋         | 71/956 [00:53<07:05,  2.08it/s]Deconvoluting Remaining Spots:   8%|▊         | 72/956 [00:54<06:37,  2.22it/s]Deconvoluting Remaining Spots:   8%|▊         | 73/956 [00:54<07:03,  2.08it/s]Deconvoluting Remaining Spots:   8%|▊         | 74/956 [00:55<06:52,  2.14it/s]Deconvoluting Remaining Spots:   8%|▊         | 75/956 [00:55<07:28,  1.97it/s]Deconvoluting Remaining Spots:   8%|▊         | 76/956 [00:55<06:16,  2.33it/s]Deconvoluting Remaining Spots:   8%|▊         | 77/956 [00:56<06:34,  2.23it/s]Deconvoluting Remaining Spots:   8%|▊         | 78/956 [00:57<07:44,  1.89it/s]Deconvoluting Remaining Spots:   8%|▊         | 79/956 [00:57<06:48,  2.15it/s]Deconvoluting Remaining Spots:   8%|▊         | 80/956 [00:57<07:04,  2.06it/s]Deconvoluting Remaining Spots:   8%|▊         | 81/956 [00:58<07:04,  2.06it/s]Deconvoluting Remaining Spots:   9%|▊         | 82/956 [00:58<06:57,  2.09it/s]Deconvoluting Remaining Spots:   9%|▊         | 83/956 [00:59<06:38,  2.19it/s]Deconvoluting Remaining Spots:   9%|▉         | 84/956 [00:59<06:31,  2.23it/s]Deconvoluting Remaining Spots:   9%|▉         | 85/956 [01:00<07:25,  1.96it/s]Deconvoluting Remaining Spots:   9%|▉         | 86/956 [01:01<09:16,  1.56it/s]Deconvoluting Remaining Spots:   9%|▉         | 87/956 [01:01<08:59,  1.61it/s]Deconvoluting Remaining Spots:   9%|▉         | 88/956 [01:02<08:09,  1.77it/s]Deconvoluting Remaining Spots:   9%|▉         | 89/956 [01:02<07:37,  1.90it/s]Deconvoluting Remaining Spots:   9%|▉         | 90/956 [01:03<07:13,  2.00it/s]Deconvoluting Remaining Spots:  10%|▉         | 91/956 [01:03<06:50,  2.11it/s]Deconvoluting Remaining Spots:  10%|▉         | 92/956 [01:03<05:51,  2.46it/s]Deconvoluting Remaining Spots:  10%|▉         | 93/956 [01:04<05:42,  2.52it/s]Deconvoluting Remaining Spots:  10%|▉         | 94/956 [01:05<07:39,  1.87it/s]Deconvoluting Remaining Spots:  10%|█         | 96/956 [01:06<07:56,  1.80it/s]Deconvoluting Remaining Spots:  10%|█         | 97/956 [01:06<06:37,  2.16it/s]Deconvoluting Remaining Spots:  10%|█         | 98/956 [01:06<05:51,  2.44it/s]Deconvoluting Remaining Spots:  10%|█         | 99/956 [01:07<06:15,  2.28it/s]Deconvoluting Remaining Spots:  10%|█         | 100/956 [01:07<07:00,  2.03it/s]2026-02-18 17:53:50,292 - root - INFO - Saved checkpoint after 100 completed spots
Deconvoluting Remaining Spots:  11%|█         | 101/956 [01:10<14:02,  1.01it/s]Deconvoluting Remaining Spots:  11%|█         | 105/956 [01:10<06:11,  2.29it/s]Deconvoluting Remaining Spots:  11%|█         | 106/956 [01:11<07:05,  2.00it/s]Deconvoluting Remaining Spots:  11%|█         | 107/956 [01:11<06:19,  2.24it/s]Deconvoluting Remaining Spots:  11%|█▏        | 109/956 [01:12<05:35,  2.52it/s]Deconvoluting Remaining Spots:  12%|█▏        | 110/956 [01:13<07:07,  1.98it/s]Deconvoluting Remaining Spots:  12%|█▏        | 111/956 [01:13<06:58,  2.02it/s]Deconvoluting Remaining Spots:  12%|█▏        | 112/956 [01:13<06:45,  2.08it/s]Deconvoluting Remaining Spots:  12%|█▏        | 113/956 [01:14<06:29,  2.16it/s]Deconvoluting Remaining Spots:  12%|█▏        | 114/956 [01:14<05:42,  2.46it/s]Deconvoluting Remaining Spots:  12%|█▏        | 115/956 [01:14<05:18,  2.64it/s]Deconvoluting Remaining Spots:  12%|█▏        | 116/956 [01:15<06:04,  2.31it/s]Deconvoluting Remaining Spots:  12%|█▏        | 117/956 [01:16<07:09,  1.95it/s]Deconvoluting Remaining Spots:  12%|█▏        | 118/956 [01:16<07:22,  1.89it/s]Deconvoluting Remaining Spots:  12%|█▏        | 119/956 [01:17<09:20,  1.49it/s]Deconvoluting Remaining Spots:  13%|█▎        | 120/956 [01:17<07:01,  1.98it/s]Deconvoluting Remaining Spots:  13%|█▎        | 121/956 [01:18<06:44,  2.06it/s]Deconvoluting Remaining Spots:  13%|█▎        | 122/956 [01:18<06:38,  2.09it/s]Deconvoluting Remaining Spots:  13%|█▎        | 123/956 [01:19<06:11,  2.24it/s]Deconvoluting Remaining Spots:  13%|█▎        | 124/956 [01:19<05:52,  2.36it/s]Deconvoluting Remaining Spots:  13%|█▎        | 125/956 [01:19<05:53,  2.35it/s]Deconvoluting Remaining Spots:  13%|█▎        | 126/956 [01:20<07:07,  1.94it/s]Deconvoluting Remaining Spots:  13%|█▎        | 127/956 [01:21<07:55,  1.74it/s]Deconvoluting Remaining Spots:  13%|█▎        | 129/956 [01:21<05:50,  2.36it/s]Deconvoluting Remaining Spots:  14%|█▎        | 130/956 [01:22<05:51,  2.35it/s]Deconvoluting Remaining Spots:  14%|█▎        | 131/956 [01:22<05:51,  2.34it/s]Deconvoluting Remaining Spots:  14%|█▍        | 132/956 [01:23<05:48,  2.37it/s]Deconvoluting Remaining Spots:  14%|█▍        | 133/956 [01:24<08:03,  1.70it/s]Deconvoluting Remaining Spots:  14%|█▍        | 134/956 [01:24<08:13,  1.66it/s]Deconvoluting Remaining Spots:  14%|█▍        | 135/956 [01:25<08:21,  1.64it/s]Deconvoluting Remaining Spots:  14%|█▍        | 136/956 [01:25<06:53,  1.98it/s]Deconvoluting Remaining Spots:  14%|█▍        | 137/956 [01:26<07:15,  1.88it/s]Deconvoluting Remaining Spots:  14%|█▍        | 138/956 [01:26<06:30,  2.09it/s]Deconvoluting Remaining Spots:  15%|█▍        | 139/956 [01:27<07:33,  1.80it/s]Deconvoluting Remaining Spots:  15%|█▍        | 141/956 [01:28<06:23,  2.12it/s]Deconvoluting Remaining Spots:  15%|█▍        | 142/956 [01:28<06:40,  2.03it/s]Deconvoluting Remaining Spots:  15%|█▍        | 143/956 [01:29<06:31,  2.08it/s]Deconvoluting Remaining Spots:  15%|█▌        | 144/956 [01:29<05:49,  2.32it/s]Deconvoluting Remaining Spots:  15%|█▌        | 145/956 [01:30<06:52,  1.97it/s]Deconvoluting Remaining Spots:  15%|█▌        | 147/956 [01:31<07:44,  1.74it/s]Deconvoluting Remaining Spots:  15%|█▌        | 148/956 [01:31<06:53,  1.95it/s]Deconvoluting Remaining Spots:  16%|█▌        | 149/956 [01:31<05:29,  2.45it/s]Deconvoluting Remaining Spots:  16%|█▌        | 150/956 [01:32<06:45,  1.99it/s]Deconvoluting Remaining Spots:  16%|█▌        | 151/956 [01:32<05:20,  2.51it/s]Deconvoluting Remaining Spots:  16%|█▌        | 152/956 [01:33<05:11,  2.59it/s]Deconvoluting Remaining Spots:  16%|█▌        | 153/956 [01:33<05:25,  2.47it/s]Deconvoluting Remaining Spots:  16%|█▌        | 154/956 [01:33<05:26,  2.45it/s]Deconvoluting Remaining Spots:  16%|█▌        | 155/956 [01:35<08:09,  1.64it/s]Deconvoluting Remaining Spots:  16%|█▋        | 156/956 [01:35<07:41,  1.73it/s]Deconvoluting Remaining Spots:  16%|█▋        | 157/956 [01:35<07:01,  1.89it/s]Deconvoluting Remaining Spots:  17%|█▋        | 158/956 [01:36<07:08,  1.86it/s]Deconvoluting Remaining Spots:  17%|█▋        | 159/956 [01:37<07:05,  1.88it/s]Deconvoluting Remaining Spots:  17%|█▋        | 160/956 [01:37<06:42,  1.98it/s]Deconvoluting Remaining Spots:  17%|█▋        | 161/956 [01:37<05:12,  2.54it/s]Deconvoluting Remaining Spots:  17%|█▋        | 162/956 [01:38<06:51,  1.93it/s]Deconvoluting Remaining Spots:  17%|█▋        | 163/956 [01:38<06:33,  2.02it/s]Deconvoluting Remaining Spots:  17%|█▋        | 164/956 [01:39<06:21,  2.08it/s]Deconvoluting Remaining Spots:  17%|█▋        | 165/956 [01:39<06:17,  2.10it/s]Deconvoluting Remaining Spots:  17%|█▋        | 166/956 [01:40<06:02,  2.18it/s]Deconvoluting Remaining Spots:  17%|█▋        | 167/956 [01:40<06:42,  1.96it/s]Deconvoluting Remaining Spots:  18%|█▊        | 168/956 [01:41<05:59,  2.19it/s]Deconvoluting Remaining Spots:  18%|█▊        | 169/956 [01:41<05:19,  2.46it/s]Deconvoluting Remaining Spots:  18%|█▊        | 170/956 [01:42<06:28,  2.02it/s]Deconvoluting Remaining Spots:  18%|█▊        | 171/956 [01:42<07:30,  1.74it/s]Deconvoluting Remaining Spots:  18%|█▊        | 172/956 [01:43<06:07,  2.13it/s]Deconvoluting Remaining Spots:  18%|█▊        | 173/956 [01:43<06:05,  2.14it/s]Deconvoluting Remaining Spots:  18%|█▊        | 174/956 [01:44<07:58,  1.64it/s]Deconvoluting Remaining Spots:  18%|█▊        | 176/956 [01:45<06:31,  1.99it/s]Deconvoluting Remaining Spots:  19%|█▊        | 177/956 [01:45<05:20,  2.43it/s]Deconvoluting Remaining Spots:  19%|█▊        | 178/956 [01:46<06:18,  2.06it/s]Deconvoluting Remaining Spots:  19%|█▊        | 179/956 [01:46<05:06,  2.54it/s]Deconvoluting Remaining Spots:  19%|█▉        | 180/956 [01:46<05:23,  2.40it/s]Deconvoluting Remaining Spots:  19%|█▉        | 181/956 [01:47<06:38,  1.95it/s]Deconvoluting Remaining Spots:  19%|█▉        | 182/956 [01:48<06:49,  1.89it/s]Deconvoluting Remaining Spots:  19%|█▉        | 183/956 [01:48<06:22,  2.02it/s]Deconvoluting Remaining Spots:  19%|█▉        | 184/956 [01:49<07:59,  1.61it/s]Deconvoluting Remaining Spots:  19%|█▉        | 186/956 [01:50<07:07,  1.80it/s]Deconvoluting Remaining Spots:  20%|█▉        | 187/956 [01:50<06:34,  1.95it/s]Deconvoluting Remaining Spots:  20%|█▉        | 188/956 [01:51<05:50,  2.19it/s]Deconvoluting Remaining Spots:  20%|█▉        | 189/956 [01:51<06:06,  2.09it/s]Deconvoluting Remaining Spots:  20%|█▉        | 190/956 [01:52<05:55,  2.15it/s]Deconvoluting Remaining Spots:  20%|█▉        | 191/956 [01:52<05:19,  2.40it/s]Deconvoluting Remaining Spots:  20%|██        | 192/956 [01:52<05:21,  2.38it/s]Deconvoluting Remaining Spots:  20%|██        | 193/956 [01:53<05:06,  2.49it/s]Deconvoluting Remaining Spots:  20%|██        | 194/956 [01:53<06:27,  1.97it/s]Deconvoluting Remaining Spots:  20%|██        | 195/956 [01:53<04:57,  2.56it/s]Deconvoluting Remaining Spots:  21%|██        | 196/956 [01:54<06:15,  2.02it/s]Deconvoluting Remaining Spots:  21%|██        | 197/956 [01:55<07:05,  1.78it/s]Deconvoluting Remaining Spots:  21%|██        | 198/956 [01:56<10:49,  1.17it/s]Deconvoluting Remaining Spots:  21%|██        | 199/956 [01:57<07:59,  1.58it/s]Deconvoluting Remaining Spots:  21%|██        | 200/956 [01:57<08:37,  1.46it/s]2026-02-18 17:54:41,641 - root - INFO - Saved checkpoint after 200 completed spots
Deconvoluting Remaining Spots:  21%|██        | 201/956 [02:01<19:18,  1.53s/it]Deconvoluting Remaining Spots:  22%|██▏       | 211/956 [02:01<03:48,  3.26it/s]Deconvoluting Remaining Spots:  22%|██▏       | 213/956 [02:03<04:41,  2.64it/s]Deconvoluting Remaining Spots:  22%|██▏       | 215/956 [02:04<05:27,  2.26it/s]Deconvoluting Remaining Spots:  23%|██▎       | 216/956 [02:04<05:20,  2.31it/s]Deconvoluting Remaining Spots:  23%|██▎       | 217/956 [02:05<06:08,  2.01it/s]Deconvoluting Remaining Spots:  23%|██▎       | 218/956 [02:06<06:02,  2.04it/s]Deconvoluting Remaining Spots:  23%|██▎       | 219/956 [02:06<06:32,  1.88it/s]Deconvoluting Remaining Spots:  23%|██▎       | 220/956 [02:07<06:40,  1.84it/s]Deconvoluting Remaining Spots:  23%|██▎       | 221/956 [02:07<05:49,  2.10it/s]Deconvoluting Remaining Spots:  23%|██▎       | 222/956 [02:07<05:36,  2.18it/s]Deconvoluting Remaining Spots:  23%|██▎       | 223/956 [02:08<06:04,  2.01it/s]Deconvoluting Remaining Spots:  23%|██▎       | 224/956 [02:08<05:12,  2.34it/s]Deconvoluting Remaining Spots:  24%|██▎       | 225/956 [02:09<05:50,  2.09it/s]Deconvoluting Remaining Spots:  24%|██▎       | 226/956 [02:09<05:40,  2.14it/s]Deconvoluting Remaining Spots:  24%|██▎       | 227/956 [02:10<04:44,  2.56it/s]Deconvoluting Remaining Spots:  24%|██▍       | 228/956 [02:10<06:03,  2.00it/s]Deconvoluting Remaining Spots:  24%|██▍       | 229/956 [02:11<07:27,  1.62it/s]Deconvoluting Remaining Spots:  24%|██▍       | 231/956 [02:12<05:43,  2.11it/s]Deconvoluting Remaining Spots:  24%|██▍       | 232/956 [02:12<05:11,  2.32it/s]Deconvoluting Remaining Spots:  24%|██▍       | 233/956 [02:13<05:21,  2.25it/s]Deconvoluting Remaining Spots:  24%|██▍       | 234/956 [02:13<05:32,  2.17it/s]Deconvoluting Remaining Spots:  25%|██▍       | 235/956 [02:14<07:03,  1.70it/s]Deconvoluting Remaining Spots:  25%|██▍       | 237/956 [02:15<05:45,  2.08it/s]Deconvoluting Remaining Spots:  25%|██▍       | 238/956 [02:15<05:41,  2.11it/s]Deconvoluting Remaining Spots:  25%|██▌       | 239/956 [02:16<05:23,  2.22it/s]Deconvoluting Remaining Spots:  25%|██▌       | 240/956 [02:16<05:01,  2.38it/s]Deconvoluting Remaining Spots:  25%|██▌       | 241/956 [02:16<04:57,  2.40it/s]Deconvoluting Remaining Spots:  25%|██▌       | 242/956 [02:17<05:21,  2.22it/s]Deconvoluting Remaining Spots:  25%|██▌       | 243/956 [02:18<06:43,  1.77it/s]Deconvoluting Remaining Spots:  26%|██▌       | 244/956 [02:18<05:45,  2.06it/s]Deconvoluting Remaining Spots:  26%|██▌       | 245/956 [02:19<06:30,  1.82it/s]Deconvoluting Remaining Spots:  26%|██▌       | 246/956 [02:19<06:29,  1.82it/s]Deconvoluting Remaining Spots:  26%|██▌       | 247/956 [02:19<05:09,  2.29it/s]Deconvoluting Remaining Spots:  26%|██▌       | 248/956 [02:20<06:37,  1.78it/s]Deconvoluting Remaining Spots:  26%|██▌       | 249/956 [02:21<05:43,  2.06it/s]Deconvoluting Remaining Spots:  26%|██▌       | 250/956 [02:21<06:22,  1.84it/s]Deconvoluting Remaining Spots:  26%|██▋       | 251/956 [02:22<07:06,  1.65it/s]Deconvoluting Remaining Spots:  26%|██▋       | 253/956 [02:22<05:01,  2.33it/s]Deconvoluting Remaining Spots:  27%|██▋       | 254/956 [02:23<04:54,  2.38it/s]Deconvoluting Remaining Spots:  27%|██▋       | 255/956 [02:23<04:53,  2.39it/s]Deconvoluting Remaining Spots:  27%|██▋       | 256/956 [02:24<05:08,  2.27it/s]Deconvoluting Remaining Spots:  27%|██▋       | 257/956 [02:24<05:33,  2.09it/s]Deconvoluting Remaining Spots:  27%|██▋       | 258/956 [02:25<05:20,  2.18it/s]Deconvoluting Remaining Spots:  27%|██▋       | 259/956 [02:25<04:50,  2.40it/s]Deconvoluting Remaining Spots:  27%|██▋       | 260/956 [02:26<05:24,  2.15it/s]Deconvoluting Remaining Spots:  27%|██▋       | 261/956 [02:27<06:48,  1.70it/s]Deconvoluting Remaining Spots:  27%|██▋       | 262/956 [02:28<08:09,  1.42it/s]Deconvoluting Remaining Spots:  28%|██▊       | 264/956 [02:28<05:45,  2.00it/s]Deconvoluting Remaining Spots:  28%|██▊       | 265/956 [02:29<05:57,  1.93it/s]Deconvoluting Remaining Spots:  28%|██▊       | 266/956 [02:29<04:56,  2.33it/s]Deconvoluting Remaining Spots:  28%|██▊       | 267/956 [02:30<05:58,  1.92it/s]Deconvoluting Remaining Spots:  28%|██▊       | 268/956 [02:30<06:05,  1.88it/s]Deconvoluting Remaining Spots:  28%|██▊       | 269/956 [02:30<05:02,  2.27it/s]Deconvoluting Remaining Spots:  28%|██▊       | 270/956 [02:31<05:46,  1.98it/s]Deconvoluting Remaining Spots:  28%|██▊       | 271/956 [02:31<05:27,  2.09it/s]Deconvoluting Remaining Spots:  28%|██▊       | 272/956 [02:32<05:08,  2.21it/s]Deconvoluting Remaining Spots:  29%|██▊       | 273/956 [02:32<04:35,  2.48it/s]Deconvoluting Remaining Spots:  29%|██▊       | 274/956 [02:32<04:21,  2.61it/s]Deconvoluting Remaining Spots:  29%|██▉       | 275/956 [02:33<04:50,  2.35it/s]Deconvoluting Remaining Spots:  29%|██▉       | 276/956 [02:33<04:52,  2.33it/s]Deconvoluting Remaining Spots:  29%|██▉       | 277/956 [02:34<06:39,  1.70it/s]Deconvoluting Remaining Spots:  29%|██▉       | 278/956 [02:35<05:18,  2.13it/s]Deconvoluting Remaining Spots:  29%|██▉       | 279/956 [02:35<05:45,  1.96it/s]Deconvoluting Remaining Spots:  29%|██▉       | 280/956 [02:36<07:52,  1.43it/s]Deconvoluting Remaining Spots:  29%|██▉       | 281/956 [02:36<06:01,  1.87it/s]Deconvoluting Remaining Spots:  29%|██▉       | 282/956 [02:37<05:16,  2.13it/s]Deconvoluting Remaining Spots:  30%|██▉       | 283/956 [02:37<05:19,  2.11it/s]Deconvoluting Remaining Spots:  30%|██▉       | 284/956 [02:37<04:38,  2.42it/s]Deconvoluting Remaining Spots:  30%|██▉       | 285/956 [02:39<06:58,  1.60it/s]Deconvoluting Remaining Spots:  30%|██▉       | 286/956 [02:39<06:40,  1.67it/s]Deconvoluting Remaining Spots:  30%|███       | 288/956 [02:40<05:16,  2.11it/s]Deconvoluting Remaining Spots:  30%|███       | 289/956 [02:40<04:57,  2.24it/s]Deconvoluting Remaining Spots:  30%|███       | 290/956 [02:40<04:10,  2.66it/s]Deconvoluting Remaining Spots:  30%|███       | 291/956 [02:41<04:15,  2.60it/s]Deconvoluting Remaining Spots:  31%|███       | 292/956 [02:41<04:38,  2.38it/s]Deconvoluting Remaining Spots:  31%|███       | 293/956 [02:42<04:43,  2.34it/s]Deconvoluting Remaining Spots:  31%|███       | 294/956 [02:42<05:04,  2.18it/s]Deconvoluting Remaining Spots:  31%|███       | 295/956 [02:43<05:36,  1.97it/s]Deconvoluting Remaining Spots:  31%|███       | 296/956 [02:44<06:51,  1.60it/s]Deconvoluting Remaining Spots:  31%|███       | 297/956 [02:44<06:40,  1.64it/s]Deconvoluting Remaining Spots:  31%|███       | 298/956 [02:45<06:05,  1.80it/s]Deconvoluting Remaining Spots:  31%|███▏      | 299/956 [02:46<06:45,  1.62it/s]Deconvoluting Remaining Spots:  31%|███▏      | 300/956 [02:46<06:28,  1.69it/s]2026-02-18 17:55:31,946 - root - INFO - Saved checkpoint after 300 completed spots
Deconvoluting Remaining Spots:  31%|███▏      | 301/956 [02:51<21:23,  1.96s/it]Deconvoluting Remaining Spots:  33%|███▎      | 313/956 [02:52<04:10,  2.57it/s]Deconvoluting Remaining Spots:  33%|███▎      | 314/956 [02:52<04:02,  2.64it/s]Deconvoluting Remaining Spots:  33%|███▎      | 315/956 [02:53<03:56,  2.71it/s]Deconvoluting Remaining Spots:  33%|███▎      | 316/956 [02:54<05:00,  2.13it/s]Deconvoluting Remaining Spots:  33%|███▎      | 318/956 [02:54<03:45,  2.83it/s]Deconvoluting Remaining Spots:  33%|███▎      | 319/956 [02:55<04:39,  2.28it/s]Deconvoluting Remaining Spots:  33%|███▎      | 320/956 [02:56<05:10,  2.05it/s]Deconvoluting Remaining Spots:  34%|███▎      | 321/956 [02:56<05:13,  2.03it/s]Deconvoluting Remaining Spots:  34%|███▎      | 322/956 [02:57<05:37,  1.88it/s]Deconvoluting Remaining Spots:  34%|███▍      | 323/956 [02:57<04:33,  2.32it/s]Deconvoluting Remaining Spots:  34%|███▍      | 324/956 [02:57<04:28,  2.35it/s]Deconvoluting Remaining Spots:  34%|███▍      | 325/956 [02:58<04:55,  2.14it/s]Deconvoluting Remaining Spots:  34%|███▍      | 326/956 [02:58<04:43,  2.22it/s]Deconvoluting Remaining Spots:  34%|███▍      | 327/956 [02:59<05:07,  2.05it/s]Deconvoluting Remaining Spots:  34%|███▍      | 328/956 [02:59<05:05,  2.06it/s]Deconvoluting Remaining Spots:  34%|███▍      | 329/956 [03:00<05:16,  1.98it/s]Deconvoluting Remaining Spots:  35%|███▍      | 330/956 [03:01<05:46,  1.81it/s]Deconvoluting Remaining Spots:  35%|███▍      | 331/956 [03:01<05:55,  1.76it/s]Deconvoluting Remaining Spots:  35%|███▍      | 332/956 [03:01<04:58,  2.09it/s]Deconvoluting Remaining Spots:  35%|███▍      | 333/956 [03:02<04:53,  2.12it/s]Deconvoluting Remaining Spots:  35%|███▍      | 334/956 [03:02<05:16,  1.97it/s]Deconvoluting Remaining Spots:  35%|███▌      | 335/956 [03:03<04:41,  2.20it/s]Deconvoluting Remaining Spots:  35%|███▌      | 336/956 [03:03<04:48,  2.15it/s]Deconvoluting Remaining Spots:  35%|███▌      | 337/956 [03:04<05:01,  2.05it/s]Deconvoluting Remaining Spots:  35%|███▌      | 338/956 [03:05<05:43,  1.80it/s]Deconvoluting Remaining Spots:  35%|███▌      | 339/956 [03:05<05:29,  1.87it/s]Deconvoluting Remaining Spots:  36%|███▌      | 340/956 [03:05<04:57,  2.07it/s]Deconvoluting Remaining Spots:  36%|███▌      | 341/956 [03:06<05:24,  1.90it/s]Deconvoluting Remaining Spots:  36%|███▌      | 342/956 [03:06<04:17,  2.38it/s]Deconvoluting Remaining Spots:  36%|███▌      | 343/956 [03:06<03:34,  2.85it/s]Deconvoluting Remaining Spots:  36%|███▌      | 344/956 [03:07<03:50,  2.65it/s]Deconvoluting Remaining Spots:  36%|███▌      | 345/956 [03:08<06:32,  1.56it/s]Deconvoluting Remaining Spots:  36%|███▋      | 347/956 [03:09<05:00,  2.02it/s]Deconvoluting Remaining Spots:  36%|███▋      | 348/956 [03:09<04:29,  2.25it/s]Deconvoluting Remaining Spots:  37%|███▋      | 349/956 [03:10<05:25,  1.86it/s]Deconvoluting Remaining Spots:  37%|███▋      | 351/956 [03:10<04:10,  2.42it/s]Deconvoluting Remaining Spots:  37%|███▋      | 352/956 [03:11<04:07,  2.44it/s]Deconvoluting Remaining Spots:  37%|███▋      | 353/956 [03:12<05:15,  1.91it/s]Deconvoluting Remaining Spots:  37%|███▋      | 354/956 [03:12<05:26,  1.85it/s]Deconvoluting Remaining Spots:  37%|███▋      | 355/956 [03:13<05:59,  1.67it/s]Deconvoluting Remaining Spots:  37%|███▋      | 356/956 [03:14<06:51,  1.46it/s]Deconvoluting Remaining Spots:  37%|███▋      | 357/956 [03:14<06:11,  1.61it/s]Deconvoluting Remaining Spots:  38%|███▊      | 359/956 [03:15<04:03,  2.46it/s]Deconvoluting Remaining Spots:  38%|███▊      | 360/956 [03:15<04:43,  2.10it/s]Deconvoluting Remaining Spots:  38%|███▊      | 361/956 [03:16<04:43,  2.10it/s]Deconvoluting Remaining Spots:  38%|███▊      | 362/956 [03:16<05:12,  1.90it/s]Deconvoluting Remaining Spots:  38%|███▊      | 363/956 [03:17<04:53,  2.02it/s]Deconvoluting Remaining Spots:  38%|███▊      | 364/956 [03:17<05:17,  1.87it/s]Deconvoluting Remaining Spots:  38%|███▊      | 365/956 [03:18<05:22,  1.83it/s]Deconvoluting Remaining Spots:  38%|███▊      | 366/956 [03:18<04:36,  2.14it/s]Deconvoluting Remaining Spots:  38%|███▊      | 367/956 [03:19<04:12,  2.33it/s]Deconvoluting Remaining Spots:  38%|███▊      | 368/956 [03:19<03:22,  2.91it/s]Deconvoluting Remaining Spots:  39%|███▊      | 369/956 [03:19<03:28,  2.81it/s]Deconvoluting Remaining Spots:  39%|███▊      | 370/956 [03:20<04:07,  2.37it/s]Deconvoluting Remaining Spots:  39%|███▉      | 371/956 [03:20<04:02,  2.42it/s]Deconvoluting Remaining Spots:  39%|███▉      | 372/956 [03:21<04:41,  2.08it/s]Deconvoluting Remaining Spots:  39%|███▉      | 373/956 [03:21<04:20,  2.24it/s]Deconvoluting Remaining Spots:  39%|███▉      | 374/956 [03:22<06:01,  1.61it/s]Deconvoluting Remaining Spots:  39%|███▉      | 375/956 [03:23<05:27,  1.78it/s]Deconvoluting Remaining Spots:  39%|███▉      | 376/956 [03:23<04:36,  2.10it/s]Deconvoluting Remaining Spots:  39%|███▉      | 377/956 [03:23<04:27,  2.17it/s]Deconvoluting Remaining Spots:  40%|███▉      | 378/956 [03:24<04:44,  2.03it/s]Deconvoluting Remaining Spots:  40%|███▉      | 379/956 [03:24<04:51,  1.98it/s]Deconvoluting Remaining Spots:  40%|███▉      | 380/956 [03:25<05:43,  1.68it/s]Deconvoluting Remaining Spots:  40%|███▉      | 381/956 [03:26<05:12,  1.84it/s]Deconvoluting Remaining Spots:  40%|███▉      | 382/956 [03:26<04:49,  1.98it/s]Deconvoluting Remaining Spots:  40%|████      | 383/956 [03:26<04:37,  2.06it/s]Deconvoluting Remaining Spots:  40%|████      | 384/956 [03:27<05:42,  1.67it/s]Deconvoluting Remaining Spots:  40%|████      | 385/956 [03:28<04:41,  2.03it/s]Deconvoluting Remaining Spots:  40%|████      | 386/956 [03:28<05:10,  1.84it/s]Deconvoluting Remaining Spots:  40%|████      | 387/956 [03:29<04:58,  1.91it/s]Deconvoluting Remaining Spots:  41%|████      | 388/956 [03:29<04:39,  2.03it/s]Deconvoluting Remaining Spots:  41%|████      | 389/956 [03:30<04:29,  2.10it/s]Deconvoluting Remaining Spots:  41%|████      | 390/956 [03:30<04:26,  2.12it/s]Deconvoluting Remaining Spots:  41%|████      | 391/956 [03:30<04:18,  2.18it/s]Deconvoluting Remaining Spots:  41%|████      | 392/956 [03:31<05:31,  1.70it/s]Deconvoluting Remaining Spots:  41%|████      | 394/956 [03:32<04:59,  1.87it/s]Deconvoluting Remaining Spots:  41%|████▏     | 395/956 [03:33<04:44,  1.97it/s]Deconvoluting Remaining Spots:  41%|████▏     | 396/956 [03:33<04:22,  2.14it/s]Deconvoluting Remaining Spots:  42%|████▏     | 397/956 [03:34<04:29,  2.07it/s]Deconvoluting Remaining Spots:  42%|████▏     | 398/956 [03:34<04:27,  2.09it/s]Deconvoluting Remaining Spots:  42%|████▏     | 399/956 [03:34<04:08,  2.24it/s]Deconvoluting Remaining Spots:  42%|████▏     | 400/956 [03:35<03:35,  2.58it/s]2026-02-18 17:56:24,332 - root - INFO - Saved checkpoint after 400 completed spots
Deconvoluting Remaining Spots:  42%|████▏     | 401/956 [03:44<26:46,  2.90s/it]Deconvoluting Remaining Spots:  44%|████▎     | 418/956 [03:44<03:17,  2.73it/s]Deconvoluting Remaining Spots:  44%|████▍     | 421/956 [03:45<03:27,  2.58it/s]Deconvoluting Remaining Spots:  44%|████▍     | 424/956 [03:47<03:31,  2.51it/s]Deconvoluting Remaining Spots:  45%|████▍     | 426/956 [03:48<03:37,  2.43it/s]Deconvoluting Remaining Spots:  45%|████▍     | 428/956 [03:49<04:14,  2.07it/s]Deconvoluting Remaining Spots:  45%|████▍     | 430/956 [03:49<03:35,  2.44it/s]Deconvoluting Remaining Spots:  45%|████▌     | 431/956 [03:50<03:58,  2.20it/s]Deconvoluting Remaining Spots:  45%|████▌     | 432/956 [03:51<04:26,  1.97it/s]Deconvoluting Remaining Spots:  45%|████▌     | 433/956 [03:51<04:06,  2.13it/s]Deconvoluting Remaining Spots:  45%|████▌     | 434/956 [03:52<04:19,  2.01it/s]Deconvoluting Remaining Spots:  46%|████▌     | 435/956 [03:52<04:10,  2.08it/s]Deconvoluting Remaining Spots:  46%|████▌     | 436/956 [03:53<04:17,  2.02it/s]Deconvoluting Remaining Spots:  46%|████▌     | 437/956 [03:53<04:15,  2.03it/s]Deconvoluting Remaining Spots:  46%|████▌     | 438/956 [03:53<03:20,  2.58it/s]Deconvoluting Remaining Spots:  46%|████▌     | 439/956 [03:54<03:33,  2.43it/s]Deconvoluting Remaining Spots:  46%|████▌     | 440/956 [03:54<03:37,  2.37it/s]Deconvoluting Remaining Spots:  46%|████▌     | 441/956 [03:55<03:44,  2.30it/s]Deconvoluting Remaining Spots:  46%|████▌     | 442/956 [03:55<03:33,  2.41it/s]Deconvoluting Remaining Spots:  46%|████▋     | 443/956 [03:56<04:48,  1.78it/s]Deconvoluting Remaining Spots:  47%|████▋     | 445/956 [03:57<03:49,  2.23it/s]Deconvoluting Remaining Spots:  47%|████▋     | 446/956 [03:57<04:19,  1.96it/s]Deconvoluting Remaining Spots:  47%|████▋     | 447/956 [03:58<04:17,  1.98it/s]Deconvoluting Remaining Spots:  47%|████▋     | 448/956 [03:59<04:33,  1.85it/s]Deconvoluting Remaining Spots:  47%|████▋     | 449/956 [03:59<04:03,  2.08it/s]Deconvoluting Remaining Spots:  47%|████▋     | 450/956 [04:00<04:43,  1.78it/s]Deconvoluting Remaining Spots:  47%|████▋     | 451/956 [04:00<03:37,  2.32it/s]Deconvoluting Remaining Spots:  47%|████▋     | 452/956 [04:00<03:51,  2.18it/s]Deconvoluting Remaining Spots:  47%|████▋     | 453/956 [04:01<04:20,  1.93it/s]Deconvoluting Remaining Spots:  47%|████▋     | 454/956 [04:01<04:10,  2.00it/s]Deconvoluting Remaining Spots:  48%|████▊     | 455/956 [04:02<03:32,  2.36it/s]Deconvoluting Remaining Spots:  48%|████▊     | 456/956 [04:02<03:28,  2.40it/s]Deconvoluting Remaining Spots:  48%|████▊     | 457/956 [04:03<05:16,  1.58it/s]Deconvoluting Remaining Spots:  48%|████▊     | 459/956 [04:04<03:39,  2.27it/s]Deconvoluting Remaining Spots:  48%|████▊     | 460/956 [04:04<03:35,  2.30it/s]Deconvoluting Remaining Spots:  48%|████▊     | 461/956 [04:04<03:40,  2.24it/s]Deconvoluting Remaining Spots:  48%|████▊     | 462/956 [04:05<03:46,  2.18it/s]Deconvoluting Remaining Spots:  48%|████▊     | 463/956 [04:06<04:16,  1.93it/s]Deconvoluting Remaining Spots:  49%|████▊     | 464/956 [04:06<03:25,  2.39it/s]Deconvoluting Remaining Spots:  49%|████▊     | 465/956 [04:06<03:38,  2.25it/s]Deconvoluting Remaining Spots:  49%|████▊     | 466/956 [04:07<04:24,  1.85it/s]Deconvoluting Remaining Spots:  49%|████▉     | 467/956 [04:07<04:04,  2.00it/s]Deconvoluting Remaining Spots:  49%|████▉     | 468/956 [04:08<04:04,  2.00it/s]Deconvoluting Remaining Spots:  49%|████▉     | 469/956 [04:08<04:05,  1.98it/s]Deconvoluting Remaining Spots:  49%|████▉     | 470/956 [04:09<04:04,  1.99it/s]Deconvoluting Remaining Spots:  49%|████▉     | 471/956 [04:09<03:56,  2.05it/s]Deconvoluting Remaining Spots:  49%|████▉     | 472/956 [04:10<04:32,  1.78it/s]Deconvoluting Remaining Spots:  49%|████▉     | 473/956 [04:11<04:16,  1.88it/s]Deconvoluting Remaining Spots:  50%|████▉     | 474/956 [04:12<05:11,  1.55it/s]Deconvoluting Remaining Spots:  50%|████▉     | 475/956 [04:12<04:08,  1.93it/s]Deconvoluting Remaining Spots:  50%|████▉     | 477/956 [04:13<03:37,  2.20it/s]Deconvoluting Remaining Spots:  50%|█████     | 478/956 [04:13<02:56,  2.71it/s]Deconvoluting Remaining Spots:  50%|█████     | 479/956 [04:13<03:02,  2.61it/s]Deconvoluting Remaining Spots:  50%|█████     | 480/956 [04:13<03:05,  2.57it/s]Deconvoluting Remaining Spots:  50%|█████     | 481/956 [04:14<03:30,  2.26it/s]Deconvoluting Remaining Spots:  50%|█████     | 482/956 [04:15<03:30,  2.25it/s]Deconvoluting Remaining Spots:  51%|█████     | 483/956 [04:15<04:00,  1.97it/s]Deconvoluting Remaining Spots:  51%|█████     | 484/956 [04:16<03:58,  1.98it/s]Deconvoluting Remaining Spots:  51%|█████     | 485/956 [04:16<03:36,  2.17it/s]Deconvoluting Remaining Spots:  51%|█████     | 486/956 [04:16<03:37,  2.16it/s]Deconvoluting Remaining Spots:  51%|█████     | 487/956 [04:17<03:39,  2.13it/s]Deconvoluting Remaining Spots:  51%|█████     | 488/956 [04:18<04:06,  1.90it/s]Deconvoluting Remaining Spots:  51%|█████     | 489/956 [04:18<04:18,  1.81it/s]Deconvoluting Remaining Spots:  51%|█████▏    | 491/956 [04:19<04:10,  1.86it/s]Deconvoluting Remaining Spots:  51%|█████▏    | 492/956 [04:20<04:04,  1.90it/s]Deconvoluting Remaining Spots:  52%|█████▏    | 493/956 [04:20<03:55,  1.97it/s]Deconvoluting Remaining Spots:  52%|█████▏    | 494/956 [04:21<03:57,  1.95it/s]Deconvoluting Remaining Spots:  52%|█████▏    | 496/956 [04:21<03:05,  2.48it/s]Deconvoluting Remaining Spots:  52%|█████▏    | 497/956 [04:22<03:18,  2.32it/s]Deconvoluting Remaining Spots:  52%|█████▏    | 498/956 [04:23<03:49,  1.99it/s]Deconvoluting Remaining Spots:  52%|█████▏    | 499/956 [04:23<03:13,  2.37it/s]Deconvoluting Remaining Spots:  52%|█████▏    | 500/956 [04:23<03:16,  2.31it/s]2026-02-18 17:57:14,544 - root - INFO - Saved checkpoint after 500 completed spots
Deconvoluting Remaining Spots:  52%|█████▏    | 501/956 [04:34<25:09,  3.32s/it]Deconvoluting Remaining Spots:  55%|█████▍    | 522/956 [04:35<02:46,  2.60it/s]Deconvoluting Remaining Spots:  55%|█████▍    | 523/956 [04:35<02:50,  2.54it/s]Deconvoluting Remaining Spots:  55%|█████▍    | 525/956 [04:36<02:39,  2.70it/s]Deconvoluting Remaining Spots:  55%|█████▌    | 526/956 [04:36<02:37,  2.73it/s]Deconvoluting Remaining Spots:  55%|█████▌    | 527/956 [04:37<02:46,  2.58it/s]Deconvoluting Remaining Spots:  55%|█████▌    | 528/956 [04:38<03:24,  2.09it/s]Deconvoluting Remaining Spots:  55%|█████▌    | 529/956 [04:38<03:03,  2.32it/s]Deconvoluting Remaining Spots:  55%|█████▌    | 530/956 [04:38<03:14,  2.19it/s]Deconvoluting Remaining Spots:  56%|█████▌    | 531/956 [04:39<03:41,  1.92it/s]Deconvoluting Remaining Spots:  56%|█████▌    | 532/956 [04:39<03:32,  2.00it/s]Deconvoluting Remaining Spots:  56%|█████▌    | 534/956 [04:40<02:44,  2.56it/s]Deconvoluting Remaining Spots:  56%|█████▌    | 535/956 [04:41<03:01,  2.32it/s]Deconvoluting Remaining Spots:  56%|█████▌    | 536/956 [04:41<02:58,  2.36it/s]Deconvoluting Remaining Spots:  56%|█████▌    | 537/956 [04:41<02:57,  2.36it/s]Deconvoluting Remaining Spots:  56%|█████▋    | 538/956 [04:42<03:31,  1.98it/s]Deconvoluting Remaining Spots:  56%|█████▋    | 539/956 [04:43<03:31,  1.97it/s]Deconvoluting Remaining Spots:  56%|█████▋    | 540/956 [04:43<03:22,  2.05it/s]Deconvoluting Remaining Spots:  57%|█████▋    | 541/956 [04:43<03:14,  2.13it/s]Deconvoluting Remaining Spots:  57%|█████▋    | 542/956 [04:44<03:09,  2.18it/s]Deconvoluting Remaining Spots:  57%|█████▋    | 543/956 [04:45<04:12,  1.64it/s]Deconvoluting Remaining Spots:  57%|█████▋    | 544/956 [04:45<03:30,  1.96it/s]Deconvoluting Remaining Spots:  57%|█████▋    | 545/956 [04:45<03:06,  2.20it/s]Deconvoluting Remaining Spots:  57%|█████▋    | 546/956 [04:46<04:12,  1.62it/s]Deconvoluting Remaining Spots:  57%|█████▋    | 547/956 [04:47<03:20,  2.04it/s]Deconvoluting Remaining Spots:  57%|█████▋    | 548/956 [04:47<02:46,  2.45it/s]Deconvoluting Remaining Spots:  57%|█████▋    | 549/956 [04:47<02:45,  2.46it/s]Deconvoluting Remaining Spots:  58%|█████▊    | 550/956 [04:48<02:50,  2.38it/s]Deconvoluting Remaining Spots:  58%|█████▊    | 551/956 [04:48<03:14,  2.09it/s]Deconvoluting Remaining Spots:  58%|█████▊    | 552/956 [04:49<02:54,  2.31it/s]Deconvoluting Remaining Spots:  58%|█████▊    | 553/956 [04:49<02:52,  2.33it/s]Deconvoluting Remaining Spots:  58%|█████▊    | 554/956 [04:50<03:09,  2.13it/s]Deconvoluting Remaining Spots:  58%|█████▊    | 555/956 [04:50<03:03,  2.19it/s]Deconvoluting Remaining Spots:  58%|█████▊    | 556/956 [04:51<03:26,  1.94it/s]Deconvoluting Remaining Spots:  58%|█████▊    | 557/956 [04:52<04:35,  1.45it/s]Deconvoluting Remaining Spots:  58%|█████▊    | 558/956 [04:52<03:34,  1.86it/s]Deconvoluting Remaining Spots:  58%|█████▊    | 559/956 [04:52<03:12,  2.06it/s]Deconvoluting Remaining Spots:  59%|█████▊    | 560/956 [04:53<03:00,  2.20it/s]Deconvoluting Remaining Spots:  59%|█████▊    | 561/956 [04:53<02:31,  2.61it/s]Deconvoluting Remaining Spots:  59%|█████▉    | 562/956 [04:54<04:24,  1.49it/s]Deconvoluting Remaining Spots:  59%|█████▉    | 563/956 [04:54<03:19,  1.97it/s]Deconvoluting Remaining Spots:  59%|█████▉    | 565/956 [04:55<02:20,  2.79it/s]Deconvoluting Remaining Spots:  59%|█████▉    | 566/956 [04:55<02:38,  2.46it/s]Deconvoluting Remaining Spots:  59%|█████▉    | 567/956 [04:56<02:15,  2.87it/s]Deconvoluting Remaining Spots:  59%|█████▉    | 568/956 [04:56<02:45,  2.35it/s]Deconvoluting Remaining Spots:  60%|█████▉    | 569/956 [04:57<03:23,  1.90it/s]Deconvoluting Remaining Spots:  60%|█████▉    | 570/956 [04:57<02:53,  2.23it/s]Deconvoluting Remaining Spots:  60%|█████▉    | 571/956 [04:58<03:10,  2.02it/s]Deconvoluting Remaining Spots:  60%|█████▉    | 572/956 [04:59<03:50,  1.67it/s]Deconvoluting Remaining Spots:  60%|██████    | 574/956 [05:00<03:37,  1.76it/s]Deconvoluting Remaining Spots:  60%|██████    | 575/956 [05:00<03:49,  1.66it/s]Deconvoluting Remaining Spots:  60%|██████    | 577/956 [05:01<03:32,  1.78it/s]Deconvoluting Remaining Spots:  61%|██████    | 579/956 [05:02<02:29,  2.52it/s]Deconvoluting Remaining Spots:  61%|██████    | 580/956 [05:02<02:42,  2.32it/s]Deconvoluting Remaining Spots:  61%|██████    | 581/956 [05:03<03:05,  2.02it/s]Deconvoluting Remaining Spots:  61%|██████    | 582/956 [05:03<02:39,  2.35it/s]Deconvoluting Remaining Spots:  61%|██████    | 583/956 [05:04<02:37,  2.37it/s]Deconvoluting Remaining Spots:  61%|██████    | 584/956 [05:04<02:54,  2.14it/s]Deconvoluting Remaining Spots:  61%|██████    | 585/956 [05:04<02:30,  2.46it/s]Deconvoluting Remaining Spots:  61%|██████▏   | 586/956 [05:05<02:26,  2.53it/s]Deconvoluting Remaining Spots:  61%|██████▏   | 587/956 [05:05<02:57,  2.08it/s]Deconvoluting Remaining Spots:  62%|██████▏   | 588/956 [05:06<03:26,  1.78it/s]Deconvoluting Remaining Spots:  62%|██████▏   | 589/956 [05:07<03:18,  1.85it/s]Deconvoluting Remaining Spots:  62%|██████▏   | 590/956 [05:08<04:20,  1.40it/s]Deconvoluting Remaining Spots:  62%|██████▏   | 591/956 [05:09<04:16,  1.42it/s]Deconvoluting Remaining Spots:  62%|██████▏   | 593/956 [05:09<02:48,  2.16it/s]Deconvoluting Remaining Spots:  62%|██████▏   | 594/956 [05:09<02:57,  2.04it/s]Deconvoluting Remaining Spots:  62%|██████▏   | 595/956 [05:10<02:46,  2.16it/s]Deconvoluting Remaining Spots:  62%|██████▏   | 596/956 [05:11<03:08,  1.91it/s]Deconvoluting Remaining Spots:  62%|██████▏   | 597/956 [05:11<02:35,  2.32it/s]Deconvoluting Remaining Spots:  63%|██████▎   | 598/956 [05:11<02:31,  2.37it/s]Deconvoluting Remaining Spots:  63%|██████▎   | 599/956 [05:12<03:01,  1.97it/s]Deconvoluting Remaining Spots:  63%|██████▎   | 600/956 [05:12<02:25,  2.44it/s]2026-02-18 17:58:09,504 - root - INFO - Saved checkpoint after 600 completed spots
Deconvoluting Remaining Spots:  63%|██████▎   | 601/956 [05:29<30:59,  5.24s/it]Deconvoluting Remaining Spots:  66%|██████▋   | 635/956 [05:29<01:53,  2.83it/s]Deconvoluting Remaining Spots:  67%|██████▋   | 638/956 [05:31<02:01,  2.61it/s]Deconvoluting Remaining Spots:  67%|██████▋   | 641/956 [05:33<02:09,  2.44it/s]Deconvoluting Remaining Spots:  67%|██████▋   | 643/956 [05:34<02:11,  2.38it/s]Deconvoluting Remaining Spots:  67%|██████▋   | 645/956 [05:34<02:04,  2.50it/s]Deconvoluting Remaining Spots:  68%|██████▊   | 646/956 [05:35<02:05,  2.47it/s]Deconvoluting Remaining Spots:  68%|██████▊   | 647/956 [05:35<02:04,  2.49it/s]Deconvoluting Remaining Spots:  68%|██████▊   | 648/956 [05:36<02:04,  2.48it/s]Deconvoluting Remaining Spots:  68%|██████▊   | 649/956 [05:36<02:05,  2.44it/s]Deconvoluting Remaining Spots:  68%|██████▊   | 650/956 [05:37<02:30,  2.03it/s]Deconvoluting Remaining Spots:  68%|██████▊   | 651/956 [05:37<02:11,  2.31it/s]Deconvoluting Remaining Spots:  68%|██████▊   | 652/956 [05:38<02:33,  1.99it/s]Deconvoluting Remaining Spots:  68%|██████▊   | 653/956 [05:38<02:27,  2.06it/s]Deconvoluting Remaining Spots:  68%|██████▊   | 654/956 [05:39<02:25,  2.07it/s]Deconvoluting Remaining Spots:  69%|██████▊   | 655/956 [05:39<02:19,  2.16it/s]Deconvoluting Remaining Spots:  69%|██████▊   | 656/956 [05:40<02:20,  2.13it/s]Deconvoluting Remaining Spots:  69%|██████▊   | 657/956 [05:41<02:52,  1.73it/s]Deconvoluting Remaining Spots:  69%|██████▉   | 658/956 [05:41<02:44,  1.81it/s]Deconvoluting Remaining Spots:  69%|██████▉   | 659/956 [05:42<02:50,  1.75it/s]Deconvoluting Remaining Spots:  69%|██████▉   | 660/956 [05:42<02:44,  1.80it/s]Deconvoluting Remaining Spots:  69%|██████▉   | 661/956 [05:42<02:05,  2.35it/s]Deconvoluting Remaining Spots:  69%|██████▉   | 662/956 [05:43<01:56,  2.51it/s]Deconvoluting Remaining Spots:  69%|██████▉   | 663/956 [05:43<02:06,  2.32it/s]Deconvoluting Remaining Spots:  69%|██████▉   | 664/956 [05:44<02:05,  2.33it/s]Deconvoluting Remaining Spots:  70%|██████▉   | 665/956 [05:44<02:04,  2.33it/s]Deconvoluting Remaining Spots:  70%|██████▉   | 666/956 [05:45<02:17,  2.11it/s]Deconvoluting Remaining Spots:  70%|██████▉   | 667/956 [05:45<02:30,  1.92it/s]Deconvoluting Remaining Spots:  70%|██████▉   | 668/956 [05:46<02:11,  2.19it/s]Deconvoluting Remaining Spots:  70%|██████▉   | 669/956 [05:46<02:26,  1.96it/s]Deconvoluting Remaining Spots:  70%|███████   | 670/956 [05:46<01:57,  2.44it/s]Deconvoluting Remaining Spots:  70%|███████   | 671/956 [05:48<03:30,  1.36it/s]Deconvoluting Remaining Spots:  70%|███████   | 673/956 [05:49<02:43,  1.73it/s]Deconvoluting Remaining Spots:  71%|███████   | 675/956 [05:49<02:01,  2.32it/s]Deconvoluting Remaining Spots:  71%|███████   | 676/956 [05:49<01:51,  2.50it/s]Deconvoluting Remaining Spots:  71%|███████   | 677/956 [05:50<01:50,  2.53it/s]Deconvoluting Remaining Spots:  71%|███████   | 678/956 [05:50<01:40,  2.77it/s]Deconvoluting Remaining Spots:  71%|███████   | 679/956 [05:51<01:56,  2.38it/s]Deconvoluting Remaining Spots:  71%|███████   | 680/956 [05:51<01:48,  2.55it/s]Deconvoluting Remaining Spots:  71%|███████   | 681/956 [05:52<02:22,  1.93it/s]Deconvoluting Remaining Spots:  71%|███████▏  | 682/956 [05:52<02:44,  1.67it/s]Deconvoluting Remaining Spots:  71%|███████▏  | 683/956 [05:53<03:02,  1.49it/s]Deconvoluting Remaining Spots:  72%|███████▏  | 684/956 [05:53<02:21,  1.93it/s]Deconvoluting Remaining Spots:  72%|███████▏  | 685/956 [05:54<02:11,  2.06it/s]Deconvoluting Remaining Spots:  72%|███████▏  | 687/956 [05:55<02:35,  1.73it/s]Deconvoluting Remaining Spots:  72%|███████▏  | 688/956 [05:56<02:14,  2.00it/s]Deconvoluting Remaining Spots:  72%|███████▏  | 689/956 [05:56<02:21,  1.89it/s]Deconvoluting Remaining Spots:  72%|███████▏  | 691/956 [05:57<01:43,  2.56it/s]Deconvoluting Remaining Spots:  72%|███████▏  | 692/956 [05:57<01:54,  2.30it/s]Deconvoluting Remaining Spots:  72%|███████▏  | 693/956 [05:57<01:34,  2.79it/s]Deconvoluting Remaining Spots:  73%|███████▎  | 694/956 [05:58<02:15,  1.94it/s]Deconvoluting Remaining Spots:  73%|███████▎  | 695/956 [05:58<01:49,  2.38it/s]Deconvoluting Remaining Spots:  73%|███████▎  | 696/956 [05:59<01:48,  2.40it/s]Deconvoluting Remaining Spots:  73%|███████▎  | 697/956 [05:59<02:01,  2.13it/s]Deconvoluting Remaining Spots:  73%|███████▎  | 698/956 [06:00<02:25,  1.78it/s]Deconvoluting Remaining Spots:  73%|███████▎  | 699/956 [06:01<02:26,  1.76it/s]Deconvoluting Remaining Spots:  73%|███████▎  | 700/956 [06:01<02:15,  1.89it/s]2026-02-18 17:58:55,215 - root - INFO - Saved checkpoint after 700 completed spots
Deconvoluting Remaining Spots:  73%|███████▎  | 701/956 [06:15<18:21,  4.32s/it]Deconvoluting Remaining Spots:  76%|███████▌  | 727/956 [06:15<01:26,  2.66it/s]Deconvoluting Remaining Spots:  76%|███████▋  | 729/956 [06:16<01:25,  2.67it/s]Deconvoluting Remaining Spots:  76%|███████▋  | 731/956 [06:17<01:25,  2.64it/s]Deconvoluting Remaining Spots:  77%|███████▋  | 733/956 [06:18<01:30,  2.46it/s]Deconvoluting Remaining Spots:  77%|███████▋  | 734/956 [06:18<01:27,  2.53it/s]Deconvoluting Remaining Spots:  77%|███████▋  | 735/956 [06:19<01:42,  2.16it/s]Deconvoluting Remaining Spots:  77%|███████▋  | 736/956 [06:19<01:43,  2.13it/s]Deconvoluting Remaining Spots:  77%|███████▋  | 737/956 [06:20<01:31,  2.38it/s]Deconvoluting Remaining Spots:  77%|███████▋  | 738/956 [06:20<01:43,  2.11it/s]Deconvoluting Remaining Spots:  77%|███████▋  | 739/956 [06:21<01:44,  2.07it/s]Deconvoluting Remaining Spots:  77%|███████▋  | 740/956 [06:21<01:39,  2.17it/s]Deconvoluting Remaining Spots:  78%|███████▊  | 741/956 [06:21<01:29,  2.40it/s]Deconvoluting Remaining Spots:  78%|███████▊  | 742/956 [06:22<01:24,  2.53it/s]Deconvoluting Remaining Spots:  78%|███████▊  | 743/956 [06:23<01:45,  2.01it/s]Deconvoluting Remaining Spots:  78%|███████▊  | 744/956 [06:23<01:44,  2.04it/s]Deconvoluting Remaining Spots:  78%|███████▊  | 745/956 [06:24<01:54,  1.84it/s]Deconvoluting Remaining Spots:  78%|███████▊  | 746/956 [06:25<02:49,  1.24it/s]Deconvoluting Remaining Spots:  78%|███████▊  | 749/956 [06:25<01:24,  2.45it/s]Deconvoluting Remaining Spots:  78%|███████▊  | 750/956 [06:27<01:51,  1.84it/s]Deconvoluting Remaining Spots:  79%|███████▊  | 751/956 [06:27<01:35,  2.15it/s]Deconvoluting Remaining Spots:  79%|███████▊  | 752/956 [06:27<01:25,  2.38it/s]Deconvoluting Remaining Spots:  79%|███████▉  | 753/956 [06:28<01:39,  2.04it/s]Deconvoluting Remaining Spots:  79%|███████▉  | 754/956 [06:28<01:37,  2.07it/s]Deconvoluting Remaining Spots:  79%|███████▉  | 755/956 [06:29<01:30,  2.23it/s]Deconvoluting Remaining Spots:  79%|███████▉  | 756/956 [06:29<01:51,  1.80it/s]Deconvoluting Remaining Spots:  79%|███████▉  | 757/956 [06:30<01:52,  1.76it/s]Deconvoluting Remaining Spots:  79%|███████▉  | 758/956 [06:30<01:34,  2.11it/s]Deconvoluting Remaining Spots:  79%|███████▉  | 759/956 [06:30<01:20,  2.46it/s]Deconvoluting Remaining Spots:  79%|███████▉  | 760/956 [06:31<01:17,  2.52it/s]Deconvoluting Remaining Spots:  80%|███████▉  | 761/956 [06:31<01:15,  2.57it/s]Deconvoluting Remaining Spots:  80%|███████▉  | 762/956 [06:32<01:22,  2.36it/s]Deconvoluting Remaining Spots:  80%|███████▉  | 763/956 [06:32<01:34,  2.05it/s]Deconvoluting Remaining Spots:  80%|███████▉  | 764/956 [06:33<01:29,  2.14it/s]Deconvoluting Remaining Spots:  80%|████████  | 765/956 [06:33<01:42,  1.86it/s]Deconvoluting Remaining Spots:  80%|████████  | 766/956 [06:34<01:17,  2.44it/s]Deconvoluting Remaining Spots:  80%|████████  | 767/956 [06:34<01:17,  2.45it/s]Deconvoluting Remaining Spots:  80%|████████  | 768/956 [06:35<01:36,  1.95it/s]Deconvoluting Remaining Spots:  80%|████████  | 769/956 [06:35<01:44,  1.78it/s]Deconvoluting Remaining Spots:  81%|████████  | 770/956 [06:36<01:31,  2.03it/s]Deconvoluting Remaining Spots:  81%|████████  | 771/956 [06:36<01:41,  1.83it/s]Deconvoluting Remaining Spots:  81%|████████  | 772/956 [06:37<01:45,  1.75it/s]Deconvoluting Remaining Spots:  81%|████████  | 774/956 [06:38<01:19,  2.28it/s]Deconvoluting Remaining Spots:  81%|████████  | 775/956 [06:38<01:21,  2.23it/s]Deconvoluting Remaining Spots:  81%|████████  | 776/956 [06:38<01:17,  2.31it/s]Deconvoluting Remaining Spots:  81%|████████▏ | 777/956 [06:39<01:24,  2.11it/s]Deconvoluting Remaining Spots:  81%|████████▏ | 778/956 [06:39<01:13,  2.42it/s]Deconvoluting Remaining Spots:  81%|████████▏ | 779/956 [06:40<01:25,  2.08it/s]Deconvoluting Remaining Spots:  82%|████████▏ | 780/956 [06:41<01:45,  1.67it/s]Deconvoluting Remaining Spots:  82%|████████▏ | 781/956 [06:41<01:38,  1.78it/s]Deconvoluting Remaining Spots:  82%|████████▏ | 782/956 [06:42<01:40,  1.74it/s]Deconvoluting Remaining Spots:  82%|████████▏ | 783/956 [06:42<01:21,  2.12it/s]Deconvoluting Remaining Spots:  82%|████████▏ | 784/956 [06:43<01:35,  1.81it/s]Deconvoluting Remaining Spots:  82%|████████▏ | 785/956 [06:43<01:25,  2.00it/s]Deconvoluting Remaining Spots:  82%|████████▏ | 786/956 [06:44<01:45,  1.61it/s]Deconvoluting Remaining Spots:  82%|████████▏ | 787/956 [06:44<01:26,  1.96it/s]Deconvoluting Remaining Spots:  82%|████████▏ | 788/956 [06:45<01:29,  1.88it/s]Deconvoluting Remaining Spots:  83%|████████▎ | 789/956 [06:45<01:11,  2.34it/s]Deconvoluting Remaining Spots:  83%|████████▎ | 790/956 [06:46<01:06,  2.48it/s]Deconvoluting Remaining Spots:  83%|████████▎ | 791/956 [06:46<01:09,  2.38it/s]Deconvoluting Remaining Spots:  83%|████████▎ | 792/956 [06:46<01:10,  2.33it/s]Deconvoluting Remaining Spots:  83%|████████▎ | 793/956 [06:47<01:09,  2.36it/s]Deconvoluting Remaining Spots:  83%|████████▎ | 794/956 [06:47<01:11,  2.27it/s]Deconvoluting Remaining Spots:  83%|████████▎ | 795/956 [06:48<01:17,  2.08it/s]Deconvoluting Remaining Spots:  83%|████████▎ | 796/956 [06:49<01:38,  1.62it/s]Deconvoluting Remaining Spots:  83%|████████▎ | 797/956 [06:49<01:26,  1.84it/s]Deconvoluting Remaining Spots:  83%|████████▎ | 798/956 [06:49<01:08,  2.31it/s]Deconvoluting Remaining Spots:  84%|████████▎ | 799/956 [06:50<01:15,  2.07it/s]Deconvoluting Remaining Spots:  84%|████████▎ | 800/956 [06:51<01:29,  1.74it/s]2026-02-18 17:59:46,267 - root - INFO - Saved checkpoint after 800 completed spots
Deconvoluting Remaining Spots:  84%|████████▍ | 801/956 [07:06<12:29,  4.84s/it]Deconvoluting Remaining Spots:  87%|████████▋ | 831/956 [07:06<00:46,  2.71it/s]Deconvoluting Remaining Spots:  87%|████████▋ | 833/956 [07:07<00:47,  2.56it/s]Deconvoluting Remaining Spots:  87%|████████▋ | 835/956 [07:09<00:51,  2.34it/s]Deconvoluting Remaining Spots:  87%|████████▋ | 836/956 [07:09<00:49,  2.43it/s]Deconvoluting Remaining Spots:  88%|████████▊ | 837/956 [07:09<00:45,  2.60it/s]Deconvoluting Remaining Spots:  88%|████████▊ | 838/956 [07:10<00:45,  2.61it/s]Deconvoluting Remaining Spots:  88%|████████▊ | 839/956 [07:10<00:46,  2.51it/s]Deconvoluting Remaining Spots:  88%|████████▊ | 840/956 [07:11<00:46,  2.47it/s]Deconvoluting Remaining Spots:  88%|████████▊ | 841/956 [07:11<00:46,  2.45it/s]Deconvoluting Remaining Spots:  88%|████████▊ | 842/956 [07:11<00:47,  2.40it/s]Deconvoluting Remaining Spots:  88%|████████▊ | 843/956 [07:12<00:49,  2.30it/s]Deconvoluting Remaining Spots:  88%|████████▊ | 844/956 [07:13<00:57,  1.96it/s]Deconvoluting Remaining Spots:  88%|████████▊ | 845/956 [07:13<00:54,  2.02it/s]Deconvoluting Remaining Spots:  89%|████████▊ | 847/956 [07:14<00:53,  2.05it/s]Deconvoluting Remaining Spots:  89%|████████▊ | 848/956 [07:14<00:45,  2.36it/s]Deconvoluting Remaining Spots:  89%|████████▉ | 849/956 [07:15<00:42,  2.51it/s]Deconvoluting Remaining Spots:  89%|████████▉ | 850/956 [07:15<00:52,  2.01it/s]Deconvoluting Remaining Spots:  89%|████████▉ | 851/956 [07:16<00:58,  1.80it/s]Deconvoluting Remaining Spots:  89%|████████▉ | 852/956 [07:17<01:12,  1.44it/s]Deconvoluting Remaining Spots:  89%|████████▉ | 853/956 [07:17<00:58,  1.77it/s]Deconvoluting Remaining Spots:  89%|████████▉ | 855/956 [07:18<00:44,  2.26it/s]Deconvoluting Remaining Spots:  90%|████████▉ | 856/956 [07:18<00:44,  2.26it/s]Deconvoluting Remaining Spots:  90%|████████▉ | 857/956 [07:19<00:43,  2.26it/s]Deconvoluting Remaining Spots:  90%|████████▉ | 858/956 [07:19<00:43,  2.27it/s]Deconvoluting Remaining Spots:  90%|████████▉ | 859/956 [07:20<00:39,  2.48it/s]Deconvoluting Remaining Spots:  90%|████████▉ | 860/956 [07:20<00:47,  2.03it/s]Deconvoluting Remaining Spots:  90%|█████████ | 861/956 [07:21<00:57,  1.65it/s]Deconvoluting Remaining Spots:  90%|█████████ | 862/956 [07:21<00:47,  1.98it/s]Deconvoluting Remaining Spots:  90%|█████████ | 863/956 [07:22<00:36,  2.52it/s]Deconvoluting Remaining Spots:  90%|█████████ | 864/956 [07:22<00:36,  2.54it/s]Deconvoluting Remaining Spots:  90%|█████████ | 865/956 [07:23<00:56,  1.61it/s]Deconvoluting Remaining Spots:  91%|█████████ | 866/956 [07:23<00:47,  1.89it/s]Deconvoluting Remaining Spots:  91%|█████████ | 867/956 [07:24<00:39,  2.28it/s]Deconvoluting Remaining Spots:  91%|█████████ | 869/956 [07:24<00:35,  2.43it/s]Deconvoluting Remaining Spots:  91%|█████████ | 870/956 [07:25<00:45,  1.91it/s]Deconvoluting Remaining Spots:  91%|█████████ | 871/956 [07:26<00:38,  2.20it/s]Deconvoluting Remaining Spots:  91%|█████████ | 872/956 [07:26<00:35,  2.37it/s]Deconvoluting Remaining Spots:  91%|█████████▏| 873/956 [07:27<00:47,  1.74it/s]Deconvoluting Remaining Spots:  91%|█████████▏| 874/956 [07:27<00:42,  1.91it/s]Deconvoluting Remaining Spots:  92%|█████████▏| 875/956 [07:28<00:42,  1.90it/s]Deconvoluting Remaining Spots:  92%|█████████▏| 876/956 [07:28<00:40,  2.00it/s]Deconvoluting Remaining Spots:  92%|█████████▏| 877/956 [07:28<00:31,  2.48it/s]Deconvoluting Remaining Spots:  92%|█████████▏| 878/956 [07:29<00:32,  2.42it/s]Deconvoluting Remaining Spots:  92%|█████████▏| 879/956 [07:30<00:42,  1.81it/s]Deconvoluting Remaining Spots:  92%|█████████▏| 880/956 [07:30<00:42,  1.80it/s]Deconvoluting Remaining Spots:  92%|█████████▏| 881/956 [07:31<00:36,  2.03it/s]Deconvoluting Remaining Spots:  92%|█████████▏| 882/956 [07:31<00:37,  1.97it/s]Deconvoluting Remaining Spots:  92%|█████████▏| 883/956 [07:31<00:31,  2.31it/s]Deconvoluting Remaining Spots:  92%|█████████▏| 884/956 [07:32<00:33,  2.16it/s]Deconvoluting Remaining Spots:  93%|█████████▎| 885/956 [07:32<00:28,  2.45it/s]Deconvoluting Remaining Spots:  93%|█████████▎| 886/956 [07:33<00:32,  2.13it/s]Deconvoluting Remaining Spots:  93%|█████████▎| 887/956 [07:33<00:27,  2.53it/s]Deconvoluting Remaining Spots:  93%|█████████▎| 888/956 [07:34<00:31,  2.18it/s]Deconvoluting Remaining Spots:  93%|█████████▎| 889/956 [07:34<00:34,  1.97it/s]Deconvoluting Remaining Spots:  93%|█████████▎| 890/956 [07:35<00:29,  2.24it/s]Deconvoluting Remaining Spots:  93%|█████████▎| 891/956 [07:35<00:35,  1.81it/s]Deconvoluting Remaining Spots:  93%|█████████▎| 892/956 [07:36<00:34,  1.85it/s]Deconvoluting Remaining Spots:  93%|█████████▎| 893/956 [07:37<00:37,  1.70it/s]Deconvoluting Remaining Spots:  94%|█████████▎| 894/956 [07:37<00:30,  2.00it/s]Deconvoluting Remaining Spots:  94%|█████████▎| 895/956 [07:37<00:29,  2.07it/s]Deconvoluting Remaining Spots:  94%|█████████▎| 896/956 [07:38<00:24,  2.44it/s]Deconvoluting Remaining Spots:  94%|█████████▍| 897/956 [07:38<00:25,  2.28it/s]Deconvoluting Remaining Spots:  94%|█████████▍| 898/956 [07:40<00:56,  1.03it/s]Deconvoluting Remaining Spots:  94%|█████████▍| 900/956 [07:41<00:35,  1.58it/s]2026-02-18 18:00:39,681 - root - INFO - Saved checkpoint after 900 completed spots
Deconvoluting Remaining Spots:  94%|█████████▍| 901/956 [07:59<04:33,  4.98s/it]Deconvoluting Remaining Spots:  96%|█████████▌| 915/956 [07:59<00:34,  1.18it/s]Deconvoluting Remaining Spots:  98%|█████████▊| 936/956 [08:00<00:06,  3.09it/s]Deconvoluting Remaining Spots:  98%|█████████▊| 939/956 [08:01<00:05,  2.88it/s]Deconvoluting Remaining Spots:  99%|█████████▊| 942/956 [08:03<00:05,  2.66it/s]Deconvoluting Remaining Spots:  99%|█████████▊| 944/956 [08:04<00:04,  2.59it/s]Deconvoluting Remaining Spots:  99%|█████████▉| 946/956 [08:05<00:04,  2.35it/s]Deconvoluting Remaining Spots:  99%|█████████▉| 947/956 [08:05<00:03,  2.46it/s]Deconvoluting Remaining Spots:  99%|█████████▉| 948/956 [08:06<00:03,  2.37it/s]Deconvoluting Remaining Spots:  99%|█████████▉| 949/956 [08:07<00:03,  2.15it/s]Deconvoluting Remaining Spots:  99%|█████████▉| 950/956 [08:07<00:02,  2.21it/s]Deconvoluting Remaining Spots:  99%|█████████▉| 951/956 [08:08<00:02,  2.14it/s]Deconvoluting Remaining Spots: 100%|█████████▉| 952/956 [08:08<00:01,  2.21it/s]Deconvoluting Remaining Spots: 100%|█████████▉| 953/956 [08:09<00:01,  2.07it/s]Deconvoluting Remaining Spots: 100%|█████████▉| 954/956 [08:09<00:01,  1.94it/s]Deconvoluting Remaining Spots: 100%|█████████▉| 955/956 [08:10<00:00,  2.06it/s]Deconvoluting Remaining Spots: 100%|██████████| 956/956 [08:10<00:00,  2.24it/s]Deconvoluting Remaining Spots: 100%|██████████| 956/956 [08:10<00:00,  1.95it/s]
2026-02-18 18:01:02,541 - root - INFO - Saved final results with 956 completed spots
2026-02-18 18:01:13,597 - root - INFO - Saved profiles to Benchmarking/simulation_benchmarking/CITEgeist/output_discrete_weighting_only/mixed/dapi/mixed/dapi/Wu_rep_3/Wu_rep_3_gene_expression_pass1.parquet with cell types: ['B-cells', 'CAFs', 'Cancer Epithelial', 'Endothelial', 'Myeloid', 'Normal Epithelial', 'PVL', 'Plasmablasts', 'T-cells']
2026-02-18 18:01:17,957 - root - INFO - Successfully added layer: B-cells_genes_pass1
2026-02-18 18:01:18,566 - root - INFO - Successfully added layer: CAFs_genes_pass1
2026-02-18 18:01:19,175 - root - INFO - Successfully added layer: Myeloid_genes_pass1
2026-02-18 18:01:19,783 - root - INFO - Successfully added layer: Endothelial_genes_pass1
2026-02-18 18:01:20,393 - root - INFO - Successfully added layer: Cancer_Epithelial_genes_pass1
2026-02-18 18:01:21,003 - root - INFO - Successfully added layer: Normal_Epithelial_genes_pass1
2026-02-18 18:01:21,612 - root - INFO - Successfully added layer: T-cells_genes_pass1
2026-02-18 18:01:22,221 - root - INFO - Successfully added layer: PVL_genes_pass1
2026-02-18 18:01:22,829 - root - INFO - Successfully added layer: Plasmablasts_genes_pass1
2026-02-18 18:01:45,778 - root - INFO - Exported layer 'B-cells_genes_pass1' to 'Benchmarking/simulation_benchmarking/CITEgeist/output_discrete_weighting_only/mixed/dapi/mixed/dapi/Wu_rep_3/Wu_rep_3_pass1/layers/pass1/B-cells_layer_pass1.csv'
2026-02-18 18:02:08,674 - root - INFO - Exported layer 'CAFs_genes_pass1' to 'Benchmarking/simulation_benchmarking/CITEgeist/output_discrete_weighting_only/mixed/dapi/mixed/dapi/Wu_rep_3/Wu_rep_3_pass1/layers/pass1/CAFs_layer_pass1.csv'
2026-02-18 18:02:31,509 - root - INFO - Exported layer 'Myeloid_genes_pass1' to 'Benchmarking/simulation_benchmarking/CITEgeist/output_discrete_weighting_only/mixed/dapi/mixed/dapi/Wu_rep_3/Wu_rep_3_pass1/layers/pass1/Myeloid_layer_pass1.csv'
2026-02-18 18:02:54,374 - root - INFO - Exported layer 'Endothelial_genes_pass1' to 'Benchmarking/simulation_benchmarking/CITEgeist/output_discrete_weighting_only/mixed/dapi/mixed/dapi/Wu_rep_3/Wu_rep_3_pass1/layers/pass1/Endothelial_layer_pass1.csv'
2026-02-18 18:03:17,335 - root - INFO - Exported layer 'Cancer_Epithelial_genes_pass1' to 'Benchmarking/simulation_benchmarking/CITEgeist/output_discrete_weighting_only/mixed/dapi/mixed/dapi/Wu_rep_3/Wu_rep_3_pass1/layers/pass1/Cancer_Epithelial_layer_pass1.csv'
2026-02-18 18:03:40,158 - root - INFO - Exported layer 'Normal_Epithelial_genes_pass1' to 'Benchmarking/simulation_benchmarking/CITEgeist/output_discrete_weighting_only/mixed/dapi/mixed/dapi/Wu_rep_3/Wu_rep_3_pass1/layers/pass1/Normal_Epithelial_layer_pass1.csv'
2026-02-18 18:04:02,962 - root - INFO - Exported layer 'T-cells_genes_pass1' to 'Benchmarking/simulation_benchmarking/CITEgeist/output_discrete_weighting_only/mixed/dapi/mixed/dapi/Wu_rep_3/Wu_rep_3_pass1/layers/pass1/T-cells_layer_pass1.csv'
2026-02-18 18:04:25,846 - root - INFO - Exported layer 'PVL_genes_pass1' to 'Benchmarking/simulation_benchmarking/CITEgeist/output_discrete_weighting_only/mixed/dapi/mixed/dapi/Wu_rep_3/Wu_rep_3_pass1/layers/pass1/PVL_layer_pass1.csv'
2026-02-18 18:04:48,874 - root - INFO - Exported layer 'Plasmablasts_genes_pass1' to 'Benchmarking/simulation_benchmarking/CITEgeist/output_discrete_weighting_only/mixed/dapi/mixed/dapi/Wu_rep_3/Wu_rep_3_pass1/layers/pass1/Plasmablasts_layer_pass1.csv'
2026-02-18 18:04:48,874 - __main__ - INFO - GEX deconvolution completed in 729.7s
2026-02-18 18:08:15,835 - __main__ - INFO - Exported 9 cell type layers to Benchmarking/simulation_benchmarking/CITEgeist/output_discrete_weighting_only/mixed/dapi/mixed/dapi/Wu_rep_3/layers
2026-02-18 18:08:15,857 - __main__ - INFO - Comparing against ground truth GEX: /ix1/alee/LO_LAB/Personal/Brent_Schlegel/bts76/Projects/CITEgeist/Wu_Visium/Simulations/scCube_12k/replicates/mixed/ST_GEX_sim/sample_3/layers
2026-02-18 18:10:32,983 - __main__ - INFO - GEX Average RMSE: 0.1502
2026-02-18 18:10:32,984 - __main__ - INFO - GEX Average NRMSE: 0.0205
2026-02-18 18:10:33,018 - __main__ - INFO - Results saved to Benchmarking/simulation_benchmarking/CITEgeist/output_discrete_weighting_only/mixed/dapi/mixed/dapi/Wu_rep_3
