2026-02-18 17:04:54,447 - __main__ - INFO - ============================================================
2026-02-18 17:04:54,447 - __main__ - INFO - BENCHMARK: replicate=4, condition=mixed, mode=dapi
2026-02-18 17:04:54,447 - __main__ - INFO - ============================================================
2026-02-18 17:04:54,448 - __main__ - INFO - Loading image: /ix1/alee/LO_LAB/Personal/Alexander_Chang/alc376/CITEgeist/Benchmarking/simulation_benchmarking/CITEgeist/mixed/images/dapi/Wu_rep_4_cellpose.png
2026-02-18 17:04:55,393 - __main__ - INFO - Image shape: (8000, 8000, 3)
2026-02-18 17:04:55,394 - __main__ - INFO - Running Cellpose with model_type=nuclei
2026-02-18 17:04:58,702 - cellpose.models - WARNING - model_type argument is not used in v4.0.1+. Ignoring this argument...
2026-02-18 17:04:58,702 - cellpose.core - INFO - >>>> using CPU
2026-02-18 17:04:58,702 - cellpose.core - INFO - >>>> using CPU
2026-02-18 17:05:01,028 - cellpose.models - INFO - >>>> loading model /ihome/alee/alc376/.cellpose/models/cpsam
2026-02-18 17:05:01,649 - cellpose.models - WARNING - channels deprecated in v4.0.1+. If data contain more than 3 channels, only the first 3 channels will be used
2026-02-18 17:05:01,711 - cellpose.transforms - INFO - processing image with (8000, 8000) HW, and 3 channels
2026-02-18 17:52:28,781 - __main__ - INFO - Detected 4894 nuclei in 2853.4s
2026-02-18 17:52:28,879 - __main__ - INFO - Nuclei count correlation: 0.986
2026-02-18 17:52:28,880 - __main__ - INFO - Nuclei count RMSE: 0.44
2026-02-18 17:52:28,898 - __main__ - INFO - Loading h5ad files...
2026-02-18 17:52:29,602 - root - INFO - Logging initialized.
2026-02-18 17:52:29,602 - __main__ - INFO - Using CLR preprocessing (continuous model style)
2026-02-18 17:52:30,046 - root - INFO - Normalization stats:
2026-02-18 17:52:30,046 - root - INFO - Original median total: 80712055723.50
2026-02-18 17:52:30,064 - root - INFO - Mean scaled total: 9978.33
2026-02-18 17:52:30,082 - root - INFO - Max scaled value: 10000.00
2026-02-18 17:52:30,429 - root - INFO - Gene expression data normalized to 10000 counts per spot and validated for discrete count analysis.
2026-02-18 17:52:30,429 - root - INFO - Mapped 18 markers to 9 cell types (preserving marker-level data)
2026-02-18 17:52:30,430 - __main__ - INFO - Discrete cell type order: ['B-cells', 'CAFs', 'Cancer Epithelial', 'Endothelial', 'Myeloid', 'Normal Epithelial', 'PVL', 'Plasmablasts', 'T-cells']
2026-02-18 17:52:30,431 - root - INFO - Mapped 18 markers to 9 cell types (preserving marker-level data)
2026-02-18 17:52:30,431 - root - INFO - Running discrete cell assignment: 956 spots, 18 markers, 9 cell types
2026-02-18 17:52:30,431 - root - INFO - Total nuclei: 4894, mean per spot: 5.12
2026-02-18 17:52:30,431 - root - INFO - Discrete cell assignment EM: 956 spots, 18 markers, 9 cell types
2026-02-18 17:52:30,431 - root - INFO - Total nuclei: 4894, mean per spot: 5.12
2026-02-18 17:52:30,433 - root - INFO - 
=== EM Iteration 1/10 ===
2026-02-18 17:52:30,433 - root - INFO - Marker weighting enabled: weights range [0.500, 0.500]
2026-02-18 17:52:30,433 - root - INFO - Global IQP: 956 spots x 9 cell types = 8604 integer variables
2026-02-18 17:52:30,433 - root - INFO - Time limit: 600.0s, MIP gap: 5.0%
2026-02-18 17:52:30,469 - gurobipy - INFO - Set parameter LicenseID to value 276015
2026-02-18 17:52:30,469 - gurobipy - INFO - Set parameter GURO_PAR_SPECIAL
2026-02-18 17:52:30,469 - gurobipy - INFO - Set parameter TokenServer to value "license.crc.pitt.edu"
2026-02-18 17:52:30,484 - gurobipy - INFO - Set parameter TimeLimit to value 600
2026-02-18 17:52:30,484 - gurobipy - INFO - Set parameter MIPGap to value 0.05
2026-02-18 17:52:32,268 - root - INFO - Starting global IQP optimization...
2026-02-18 17:52:32,268 - gurobipy - INFO - Gurobi Optimizer version 11.0.2 build v11.0.2rc0 (linux64 - "Red Hat Enterprise Linux 9.6 (Plow)")
2026-02-18 17:52:32,268 - gurobipy - INFO - 
2026-02-18 17:52:32,269 - gurobipy - INFO - CPU model: Intel(R) Xeon(R) Gold 6248R CPU @ 3.00GHz, instruction set [SSE2|AVX|AVX2|AVX512]
2026-02-18 17:52:32,269 - gurobipy - INFO - Thread count: 48 physical cores, 48 logical processors, using up to 32 threads
2026-02-18 17:52:32,269 - gurobipy - INFO - 
2026-02-18 17:52:32,269 - gurobipy - INFO - Optimize a model with 1878 rows, 8604 columns and 16902 nonzeros
2026-02-18 17:52:32,269 - gurobipy - INFO - Model fingerprint: 0xcc9b7e67
2026-02-18 17:52:32,269 - gurobipy - INFO - Model has 8604 quadratic objective terms
2026-02-18 17:52:32,269 - gurobipy - INFO - Variable types: 0 continuous, 8604 integer (0 binary)
2026-02-18 17:52:32,269 - gurobipy - INFO - Coefficient statistics:
2026-02-18 17:52:32,269 - gurobipy - INFO -   Matrix range     [1e+00, 1e+00]
2026-02-18 17:52:32,269 - gurobipy - INFO -   Objective range  [1e-07, 2e+00]
2026-02-18 17:52:32,269 - gurobipy - INFO -   QObjective range [2e+00, 2e+00]
2026-02-18 17:52:32,269 - gurobipy - INFO -   Bounds range     [1e+00, 2e+01]
2026-02-18 17:52:32,269 - gurobipy - INFO -   RHS range        [1e+00, 2e+01]
2026-02-18 17:52:32,271 - gurobipy - INFO - 
2026-02-18 17:52:32,272 - gurobipy - INFO - Loaded user MIP start with objective 3534.22
2026-02-18 17:52:32,272 - gurobipy - INFO - 
2026-02-18 17:52:40,620 - gurobipy - INFO - Presolve removed 1877 rows and 8595 columns (presolve time = 8s) ...
2026-02-18 17:52:40,620 - gurobipy - INFO - Presolve removed 1877 rows and 8595 columns
2026-02-18 17:52:40,620 - gurobipy - INFO - Presolve time: 8.35s
2026-02-18 17:52:40,620 - gurobipy - INFO - Presolved: 1 rows, 9 columns, 9 nonzeros
2026-02-18 17:52:40,620 - gurobipy - INFO - Presolved model has 9 quadratic objective terms
2026-02-18 17:52:40,621 - gurobipy - INFO - Found heuristic solution: objective 2832.4805858
2026-02-18 17:52:40,621 - gurobipy - INFO - Variable types: 0 continuous, 9 integer (0 binary)
2026-02-18 17:52:40,621 - gurobipy - INFO - 
2026-02-18 17:52:40,621 - gurobipy - INFO - Explored 0 nodes (0 simplex iterations) in 8.35 seconds (0.26 work units)
2026-02-18 17:52:40,621 - gurobipy - INFO - Thread count was 32 (of 48 available processors)
2026-02-18 17:52:40,621 - gurobipy - INFO - 
2026-02-18 17:52:40,621 - gurobipy - INFO - Solution count 2: 2832.48 3534.22 
2026-02-18 17:52:40,621 - gurobipy - INFO - 
2026-02-18 17:52:40,621 - gurobipy - INFO - Optimal solution found (tolerance 5.00e-02)
2026-02-18 17:52:40,622 - gurobipy - INFO - Best objective 2.832480585777e+03, best bound 2.828758363864e+03, gap 0.1314%
2026-02-18 17:52:40,646 - root - INFO - Global IQP solved: status=2, gap=0.13%, time=8.4s
/ix1/alee/LO_LAB/Personal/Alexander_Chang/alc376/CITEgeist/CITEgeist/model/gurobi_impl.py:3800: RuntimeWarning: invalid value encountered in scalar divide
  loss_change = abs(prev_loss - loss) / max(abs(prev_loss), 1e-10)
2026-02-18 17:52:40,741 - root - INFO -   Loss: 902.0700 (change: nan)
2026-02-18 17:52:40,741 - root - INFO -   Beta range: [0.100, 0.644]
2026-02-18 17:52:40,741 - root - INFO -   Max beta change: 0.900000
2026-02-18 17:52:40,741 - root - INFO -   Cell count range: [0, 15]
2026-02-18 17:52:40,741 - root - INFO -     B-cells: 446 cells (9.1%)
2026-02-18 17:52:40,741 - root - INFO -     CAFs: 806 cells (16.5%)
2026-02-18 17:52:40,741 - root - INFO -     Cancer Epithelial: 885 cells (18.1%)
2026-02-18 17:52:40,741 - root - INFO -     Endothelial: 539 cells (11.0%)
2026-02-18 17:52:40,741 - root - INFO -     Myeloid: 534 cells (10.9%)
2026-02-18 17:52:40,741 - root - INFO -     Normal Epithelial: 470 cells (9.6%)
2026-02-18 17:52:40,741 - root - INFO -     PVL: 338 cells (6.9%)
2026-02-18 17:52:40,741 - root - INFO -     Plasmablasts: 339 cells (6.9%)
2026-02-18 17:52:40,741 - root - INFO -     T-cells: 537 cells (11.0%)
2026-02-18 17:52:40,741 - root - INFO - 
=== EM Iteration 2/10 ===
2026-02-18 17:52:40,741 - root - INFO - Marker weighting enabled: weights range [0.500, 0.500]
2026-02-18 17:52:40,741 - root - INFO - Global IQP: 956 spots x 9 cell types = 8604 integer variables
2026-02-18 17:52:40,742 - root - INFO - Time limit: 600.0s, MIP gap: 5.0%
2026-02-18 17:52:40,742 - gurobipy - INFO - Set parameter TimeLimit to value 600
2026-02-18 17:52:40,742 - gurobipy - INFO - Set parameter MIPGap to value 0.05
2026-02-18 17:52:42,305 - root - INFO - Starting global IQP optimization...
2026-02-18 17:52:42,305 - gurobipy - INFO - Gurobi Optimizer version 11.0.2 build v11.0.2rc0 (linux64 - "Red Hat Enterprise Linux 9.6 (Plow)")
2026-02-18 17:52:42,305 - gurobipy - INFO - 
2026-02-18 17:52:42,305 - gurobipy - INFO - CPU model: Intel(R) Xeon(R) Gold 6248R CPU @ 3.00GHz, instruction set [SSE2|AVX|AVX2|AVX512]
2026-02-18 17:52:42,305 - gurobipy - INFO - Thread count: 48 physical cores, 48 logical processors, using up to 32 threads
2026-02-18 17:52:42,306 - gurobipy - INFO - 
2026-02-18 17:52:42,306 - gurobipy - INFO - Optimize a model with 1878 rows, 8604 columns and 16902 nonzeros
2026-02-18 17:52:42,306 - gurobipy - INFO - Model fingerprint: 0x880a7502
2026-02-18 17:52:42,306 - gurobipy - INFO - Model has 8604 quadratic objective terms
2026-02-18 17:52:42,306 - gurobipy - INFO - Variable types: 0 continuous, 8604 integer (0 binary)
2026-02-18 17:52:42,306 - gurobipy - INFO - Coefficient statistics:
2026-02-18 17:52:42,306 - gurobipy - INFO -   Matrix range     [1e+00, 1e+00]
2026-02-18 17:52:42,306 - gurobipy - INFO -   Objective range  [1e-08, 1e+00]
2026-02-18 17:52:42,306 - gurobipy - INFO -   QObjective range [2e-02, 8e-01]
2026-02-18 17:52:42,306 - gurobipy - INFO -   Bounds range     [1e+00, 2e+01]
2026-02-18 17:52:42,306 - gurobipy - INFO -   RHS range        [1e+00, 2e+01]
2026-02-18 17:52:42,306 - gurobipy - INFO - 
2026-02-18 17:52:42,306 - gurobipy - INFO - Loaded user MIP start with objective 451.035
2026-02-18 17:52:42,307 - gurobipy - INFO - 
2026-02-18 17:52:45,708 - gurobipy - INFO - Presolve removed 1877 rows and 8595 columns
2026-02-18 17:52:45,708 - gurobipy - INFO - Presolve time: 3.40s
2026-02-18 17:52:45,708 - gurobipy - INFO - Presolved: 1 rows, 9 columns, 9 nonzeros
2026-02-18 17:52:45,708 - gurobipy - INFO - Presolved model has 9 quadratic objective terms
2026-02-18 17:52:45,708 - gurobipy - INFO - Found heuristic solution: objective 284.0805880
2026-02-18 17:52:45,708 - gurobipy - INFO - Variable types: 0 continuous, 9 integer (0 binary)
2026-02-18 17:52:45,709 - gurobipy - INFO - 
2026-02-18 17:52:45,709 - gurobipy - INFO - Explored 0 nodes (0 simplex iterations) in 3.40 seconds (0.10 work units)
2026-02-18 17:52:45,709 - gurobipy - INFO - Thread count was 32 (of 48 available processors)
2026-02-18 17:52:45,709 - gurobipy - INFO - 
2026-02-18 17:52:45,709 - gurobipy - INFO - Solution count 2: 284.081 451.035 
2026-02-18 17:52:45,709 - gurobipy - INFO - 
2026-02-18 17:52:45,709 - gurobipy - INFO - Optimal solution found (tolerance 5.00e-02)
2026-02-18 17:52:45,709 - gurobipy - INFO - Best objective 2.840805879632e+02, best bound 2.824350268802e+02, gap 0.5793%
2026-02-18 17:52:45,728 - root - INFO - Global IQP solved: status=2, gap=0.58%, time=3.4s
2026-02-18 17:52:45,804 - root - INFO -   Loss: 548.1893 (change: 0.392298)
2026-02-18 17:52:45,804 - root - INFO -   Beta range: [0.100, 0.584]
2026-02-18 17:52:45,804 - root - INFO -   Max beta change: 0.059833
2026-02-18 17:52:45,804 - root - INFO -   Cell count range: [0, 15]
2026-02-18 17:52:45,805 - root - INFO -     B-cells: 379 cells (7.7%)
2026-02-18 17:52:45,805 - root - INFO -     CAFs: 801 cells (16.4%)
2026-02-18 17:52:45,805 - root - INFO -     Cancer Epithelial: 915 cells (18.7%)
2026-02-18 17:52:45,805 - root - INFO -     Endothelial: 478 cells (9.8%)
2026-02-18 17:52:45,805 - root - INFO -     Myeloid: 448 cells (9.2%)
2026-02-18 17:52:45,805 - root - INFO -     Normal Epithelial: 438 cells (8.9%)
2026-02-18 17:52:45,805 - root - INFO -     PVL: 504 cells (10.3%)
2026-02-18 17:52:45,805 - root - INFO -     Plasmablasts: 460 cells (9.4%)
2026-02-18 17:52:45,805 - root - INFO -     T-cells: 471 cells (9.6%)
2026-02-18 17:52:45,805 - root - INFO - 
=== EM Iteration 3/10 ===
2026-02-18 17:52:45,805 - root - INFO - Marker weighting enabled: weights range [0.500, 0.500]
2026-02-18 17:52:45,805 - root - INFO - Global IQP: 956 spots x 9 cell types = 8604 integer variables
2026-02-18 17:52:45,805 - root - INFO - Time limit: 600.0s, MIP gap: 5.0%
2026-02-18 17:52:45,805 - gurobipy - INFO - Set parameter TimeLimit to value 600
2026-02-18 17:52:45,805 - gurobipy - INFO - Set parameter MIPGap to value 0.05
2026-02-18 17:52:47,789 - root - INFO - Starting global IQP optimization...
2026-02-18 17:52:47,790 - gurobipy - INFO - Gurobi Optimizer version 11.0.2 build v11.0.2rc0 (linux64 - "Red Hat Enterprise Linux 9.6 (Plow)")
2026-02-18 17:52:47,790 - gurobipy - INFO - 
2026-02-18 17:52:47,790 - gurobipy - INFO - CPU model: Intel(R) Xeon(R) Gold 6248R CPU @ 3.00GHz, instruction set [SSE2|AVX|AVX2|AVX512]
2026-02-18 17:52:47,790 - gurobipy - INFO - Thread count: 48 physical cores, 48 logical processors, using up to 32 threads
2026-02-18 17:52:47,790 - gurobipy - INFO - 
2026-02-18 17:52:47,790 - gurobipy - INFO - Optimize a model with 1878 rows, 8604 columns and 16902 nonzeros
2026-02-18 17:52:47,791 - gurobipy - INFO - Model fingerprint: 0x0360e5b4
2026-02-18 17:52:47,791 - gurobipy - INFO - Model has 8604 quadratic objective terms
2026-02-18 17:52:47,791 - gurobipy - INFO - Variable types: 0 continuous, 8604 integer (0 binary)
2026-02-18 17:52:47,791 - gurobipy - INFO - Coefficient statistics:
2026-02-18 17:52:47,791 - gurobipy - INFO -   Matrix range     [1e+00, 1e+00]
2026-02-18 17:52:47,791 - gurobipy - INFO -   Objective range  [1e-08, 1e+00]
2026-02-18 17:52:47,791 - gurobipy - INFO -   QObjective range [2e-02, 7e-01]
2026-02-18 17:52:47,791 - gurobipy - INFO -   Bounds range     [1e+00, 2e+01]
2026-02-18 17:52:47,791 - gurobipy - INFO -   RHS range        [1e+00, 2e+01]
2026-02-18 17:52:47,791 - gurobipy - INFO - 
2026-02-18 17:52:47,791 - gurobipy - INFO - Loaded user MIP start with objective 274.095
2026-02-18 17:52:47,791 - gurobipy - INFO - 
2026-02-18 17:52:51,228 - gurobipy - INFO - Presolve removed 1877 rows and 8595 columns
2026-02-18 17:52:51,229 - gurobipy - INFO - Presolve time: 3.44s
2026-02-18 17:52:51,229 - gurobipy - INFO - Presolved: 1 rows, 9 columns, 9 nonzeros
2026-02-18 17:52:51,229 - gurobipy - INFO - Presolved model has 9 quadratic objective terms
2026-02-18 17:52:51,229 - gurobipy - INFO - Found heuristic solution: objective 267.4015889
2026-02-18 17:52:51,229 - gurobipy - INFO - Variable types: 0 continuous, 9 integer (0 binary)
2026-02-18 17:52:51,229 - gurobipy - INFO - 
2026-02-18 17:52:51,230 - gurobipy - INFO - Explored 0 nodes (0 simplex iterations) in 3.44 seconds (0.10 work units)
2026-02-18 17:52:51,230 - gurobipy - INFO - Thread count was 32 (of 48 available processors)
2026-02-18 17:52:51,230 - gurobipy - INFO - 
2026-02-18 17:52:51,230 - gurobipy - INFO - Solution count 2: 267.402 274.095 
2026-02-18 17:52:51,230 - gurobipy - INFO - 
2026-02-18 17:52:51,230 - gurobipy - INFO - Optimal solution found (tolerance 5.00e-02)
2026-02-18 17:52:51,230 - gurobipy - INFO - Best objective 2.674015889061e+02, best bound 2.658721630809e+02, gap 0.5720%
2026-02-18 17:52:51,246 - root - INFO - Global IQP solved: status=2, gap=0.57%, time=3.4s
2026-02-18 17:52:51,312 - root - INFO -   Loss: 522.4460 (change: 0.046961)
2026-02-18 17:52:51,312 - root - INFO -   Beta range: [0.100, 0.539]
2026-02-18 17:52:51,312 - root - INFO -   Max beta change: 0.045539
2026-02-18 17:52:51,312 - root - INFO -   Cell count range: [0, 15]
2026-02-18 17:52:51,312 - root - INFO -     B-cells: 334 cells (6.8%)
2026-02-18 17:52:51,312 - root - INFO -     CAFs: 842 cells (17.2%)
2026-02-18 17:52:51,312 - root - INFO -     Cancer Epithelial: 1012 cells (20.7%)
2026-02-18 17:52:51,312 - root - INFO -     Endothelial: 471 cells (9.6%)
2026-02-18 17:52:51,312 - root - INFO -     Myeloid: 397 cells (8.1%)
2026-02-18 17:52:51,312 - root - INFO -     Normal Epithelial: 447 cells (9.1%)
2026-02-18 17:52:51,312 - root - INFO -     PVL: 460 cells (9.4%)
2026-02-18 17:52:51,312 - root - INFO -     Plasmablasts: 500 cells (10.2%)
2026-02-18 17:52:51,312 - root - INFO -     T-cells: 431 cells (8.8%)
2026-02-18 17:52:51,312 - root - INFO - 
=== EM Iteration 4/10 ===
2026-02-18 17:52:51,313 - root - INFO - Marker weighting enabled: weights range [0.500, 0.500]
2026-02-18 17:52:51,313 - root - INFO - Global IQP: 956 spots x 9 cell types = 8604 integer variables
2026-02-18 17:52:51,313 - root - INFO - Time limit: 600.0s, MIP gap: 5.0%
2026-02-18 17:52:51,313 - gurobipy - INFO - Set parameter TimeLimit to value 600
2026-02-18 17:52:51,313 - gurobipy - INFO - Set parameter MIPGap to value 0.05
2026-02-18 17:52:52,869 - root - INFO - Starting global IQP optimization...
2026-02-18 17:52:52,869 - gurobipy - INFO - Gurobi Optimizer version 11.0.2 build v11.0.2rc0 (linux64 - "Red Hat Enterprise Linux 9.6 (Plow)")
2026-02-18 17:52:52,870 - gurobipy - INFO - 
2026-02-18 17:52:52,870 - gurobipy - INFO - CPU model: Intel(R) Xeon(R) Gold 6248R CPU @ 3.00GHz, instruction set [SSE2|AVX|AVX2|AVX512]
2026-02-18 17:52:52,870 - gurobipy - INFO - Thread count: 48 physical cores, 48 logical processors, using up to 32 threads
2026-02-18 17:52:52,870 - gurobipy - INFO - 
2026-02-18 17:52:52,870 - gurobipy - INFO - Optimize a model with 1878 rows, 8604 columns and 16902 nonzeros
2026-02-18 17:52:52,870 - gurobipy - INFO - Model fingerprint: 0xaf2546f8
2026-02-18 17:52:52,870 - gurobipy - INFO - Model has 8604 quadratic objective terms
2026-02-18 17:52:52,870 - gurobipy - INFO - Variable types: 0 continuous, 8604 integer (0 binary)
2026-02-18 17:52:52,870 - gurobipy - INFO - Coefficient statistics:
2026-02-18 17:52:52,870 - gurobipy - INFO -   Matrix range     [1e+00, 1e+00]
2026-02-18 17:52:52,870 - gurobipy - INFO -   Objective range  [1e-08, 1e+00]
2026-02-18 17:52:52,870 - gurobipy - INFO -   QObjective range [2e-02, 6e-01]
2026-02-18 17:52:52,870 - gurobipy - INFO -   Bounds range     [1e+00, 2e+01]
2026-02-18 17:52:52,870 - gurobipy - INFO -   RHS range        [1e+00, 2e+01]
2026-02-18 17:52:52,870 - gurobipy - INFO - 
2026-02-18 17:52:52,871 - gurobipy - INFO - Loaded user MIP start with objective 261.223
2026-02-18 17:52:52,871 - gurobipy - INFO - 
2026-02-18 17:52:55,813 - gurobipy - INFO - Presolve removed 1877 rows and 8595 columns
2026-02-18 17:52:55,813 - gurobipy - INFO - Presolve time: 2.94s
2026-02-18 17:52:55,813 - gurobipy - INFO - Presolved: 1 rows, 9 columns, 9 nonzeros
2026-02-18 17:52:55,813 - gurobipy - INFO - Presolved model has 9 quadratic objective terms
2026-02-18 17:52:55,813 - gurobipy - INFO - Found heuristic solution: objective 258.3527267
2026-02-18 17:52:55,813 - gurobipy - INFO - Variable types: 0 continuous, 9 integer (0 binary)
2026-02-18 17:52:55,814 - gurobipy - INFO - 
2026-02-18 17:52:55,814 - gurobipy - INFO - Explored 0 nodes (0 simplex iterations) in 2.94 seconds (0.09 work units)
2026-02-18 17:52:55,814 - gurobipy - INFO - Thread count was 32 (of 48 available processors)
2026-02-18 17:52:55,814 - gurobipy - INFO - 
2026-02-18 17:52:55,814 - gurobipy - INFO - Solution count 2: 258.353 261.223 
2026-02-18 17:52:55,814 - gurobipy - INFO - 
2026-02-18 17:52:55,814 - gurobipy - INFO - Optimal solution found (tolerance 5.00e-02)
2026-02-18 17:52:55,814 - gurobipy - INFO - Best objective 2.583527266959e+02, best bound 2.569030386880e+02, gap 0.5611%
2026-02-18 17:52:55,835 - root - INFO - Global IQP solved: status=2, gap=0.56%, time=2.9s
2026-02-18 17:52:55,899 - root - INFO -   Loss: 508.7523 (change: 0.026211)
2026-02-18 17:52:55,899 - root - INFO -   Beta range: [0.100, 0.514]
2026-02-18 17:52:55,899 - root - INFO -   Max beta change: 0.030881
2026-02-18 17:52:55,899 - root - INFO -   Cell count range: [0, 15]
2026-02-18 17:52:55,900 - root - INFO -     B-cells: 302 cells (6.2%)
2026-02-18 17:52:55,900 - root - INFO -     CAFs: 859 cells (17.6%)
2026-02-18 17:52:55,900 - root - INFO -     Cancer Epithelial: 1077 cells (22.0%)
2026-02-18 17:52:55,900 - root - INFO -     Endothelial: 477 cells (9.7%)
2026-02-18 17:52:55,900 - root - INFO -     Myeloid: 364 cells (7.4%)
2026-02-18 17:52:55,900 - root - INFO -     Normal Epithelial: 473 cells (9.7%)
2026-02-18 17:52:55,900 - root - INFO -     PVL: 446 cells (9.1%)
2026-02-18 17:52:55,900 - root - INFO -     Plasmablasts: 494 cells (10.1%)
2026-02-18 17:52:55,900 - root - INFO -     T-cells: 402 cells (8.2%)
2026-02-18 17:52:55,900 - root - INFO - 
=== EM Iteration 5/10 ===
2026-02-18 17:52:55,900 - root - INFO - Marker weighting enabled: weights range [0.500, 0.500]
2026-02-18 17:52:55,900 - root - INFO - Global IQP: 956 spots x 9 cell types = 8604 integer variables
2026-02-18 17:52:55,900 - root - INFO - Time limit: 600.0s, MIP gap: 5.0%
2026-02-18 17:52:55,900 - gurobipy - INFO - Set parameter TimeLimit to value 600
2026-02-18 17:52:55,900 - gurobipy - INFO - Set parameter MIPGap to value 0.05
2026-02-18 17:52:57,766 - root - INFO - Starting global IQP optimization...
2026-02-18 17:52:57,767 - gurobipy - INFO - Gurobi Optimizer version 11.0.2 build v11.0.2rc0 (linux64 - "Red Hat Enterprise Linux 9.6 (Plow)")
2026-02-18 17:52:57,767 - gurobipy - INFO - 
2026-02-18 17:52:57,767 - gurobipy - INFO - CPU model: Intel(R) Xeon(R) Gold 6248R CPU @ 3.00GHz, instruction set [SSE2|AVX|AVX2|AVX512]
2026-02-18 17:52:57,767 - gurobipy - INFO - Thread count: 48 physical cores, 48 logical processors, using up to 32 threads
2026-02-18 17:52:57,767 - gurobipy - INFO - 
2026-02-18 17:52:57,767 - gurobipy - INFO - Optimize a model with 1878 rows, 8604 columns and 16902 nonzeros
2026-02-18 17:52:57,768 - gurobipy - INFO - Model fingerprint: 0x3d3f1caa
2026-02-18 17:52:57,768 - gurobipy - INFO - Model has 8604 quadratic objective terms
2026-02-18 17:52:57,768 - gurobipy - INFO - Variable types: 0 continuous, 8604 integer (0 binary)
2026-02-18 17:52:57,768 - gurobipy - INFO - Coefficient statistics:
2026-02-18 17:52:57,768 - gurobipy - INFO -   Matrix range     [1e+00, 1e+00]
2026-02-18 17:52:57,768 - gurobipy - INFO -   Objective range  [1e-08, 1e+00]
2026-02-18 17:52:57,768 - gurobipy - INFO -   QObjective range [2e-02, 5e-01]
2026-02-18 17:52:57,768 - gurobipy - INFO -   Bounds range     [1e+00, 2e+01]
2026-02-18 17:52:57,768 - gurobipy - INFO -   RHS range        [1e+00, 2e+01]
2026-02-18 17:52:57,768 - gurobipy - INFO - 
2026-02-18 17:52:57,768 - gurobipy - INFO - Loaded user MIP start with objective 254.376
2026-02-18 17:52:57,768 - gurobipy - INFO - 
2026-02-18 17:53:00,415 - gurobipy - INFO - Presolve removed 1877 rows and 8595 columns
2026-02-18 17:53:00,415 - gurobipy - INFO - Presolve time: 2.65s
2026-02-18 17:53:00,415 - gurobipy - INFO - Presolved: 1 rows, 9 columns, 9 nonzeros
2026-02-18 17:53:00,415 - gurobipy - INFO - Presolved model has 9 quadratic objective terms
2026-02-18 17:53:00,416 - gurobipy - INFO - Found heuristic solution: objective 252.8464239
2026-02-18 17:53:00,416 - gurobipy - INFO - Variable types: 0 continuous, 9 integer (0 binary)
2026-02-18 17:53:00,416 - gurobipy - INFO - 
2026-02-18 17:53:00,416 - gurobipy - INFO - Explored 0 nodes (0 simplex iterations) in 2.65 seconds (0.09 work units)
2026-02-18 17:53:00,416 - gurobipy - INFO - Thread count was 32 (of 48 available processors)
2026-02-18 17:53:00,416 - gurobipy - INFO - 
2026-02-18 17:53:00,416 - gurobipy - INFO - Solution count 2: 252.846 254.376 
2026-02-18 17:53:00,416 - gurobipy - INFO - 
2026-02-18 17:53:00,416 - gurobipy - INFO - Optimal solution found (tolerance 5.00e-02)
2026-02-18 17:53:00,416 - gurobipy - INFO - Best objective 2.528464238947e+02, best bound 2.514171406355e+02, gap 0.5653%
2026-02-18 17:53:00,436 - root - INFO - Global IQP solved: status=2, gap=0.57%, time=2.7s
2026-02-18 17:53:00,499 - root - INFO -   Loss: 499.8472 (change: 0.017504)
2026-02-18 17:53:00,499 - root - INFO -   Beta range: [0.100, 0.500]
2026-02-18 17:53:00,499 - root - INFO -   Max beta change: 0.039703
2026-02-18 17:53:00,499 - root - INFO -   Cell count range: [0, 15]
2026-02-18 17:53:00,499 - root - INFO -     B-cells: 274 cells (5.6%)
2026-02-18 17:53:00,500 - root - INFO -     CAFs: 849 cells (17.3%)
2026-02-18 17:53:00,500 - root - INFO -     Cancer Epithelial: 1117 cells (22.8%)
2026-02-18 17:53:00,500 - root - INFO -     Endothelial: 497 cells (10.2%)
2026-02-18 17:53:00,500 - root - INFO -     Myeloid: 332 cells (6.8%)
2026-02-18 17:53:00,500 - root - INFO -     Normal Epithelial: 519 cells (10.6%)
2026-02-18 17:53:00,500 - root - INFO -     PVL: 445 cells (9.1%)
2026-02-18 17:53:00,500 - root - INFO -     Plasmablasts: 484 cells (9.9%)
2026-02-18 17:53:00,500 - root - INFO -     T-cells: 377 cells (7.7%)
2026-02-18 17:53:00,500 - root - INFO - 
=== EM Iteration 6/10 ===
2026-02-18 17:53:00,500 - root - INFO - Marker weighting enabled: weights range [0.500, 0.500]
2026-02-18 17:53:00,500 - root - INFO - Global IQP: 956 spots x 9 cell types = 8604 integer variables
2026-02-18 17:53:00,500 - root - INFO - Time limit: 600.0s, MIP gap: 5.0%
2026-02-18 17:53:00,500 - gurobipy - INFO - Set parameter TimeLimit to value 600
2026-02-18 17:53:00,501 - gurobipy - INFO - Set parameter MIPGap to value 0.05
2026-02-18 17:53:02,363 - root - INFO - Starting global IQP optimization...
2026-02-18 17:53:02,364 - gurobipy - INFO - Gurobi Optimizer version 11.0.2 build v11.0.2rc0 (linux64 - "Red Hat Enterprise Linux 9.6 (Plow)")
2026-02-18 17:53:02,364 - gurobipy - INFO - 
2026-02-18 17:53:02,364 - gurobipy - INFO - CPU model: Intel(R) Xeon(R) Gold 6248R CPU @ 3.00GHz, instruction set [SSE2|AVX|AVX2|AVX512]
2026-02-18 17:53:02,364 - gurobipy - INFO - Thread count: 48 physical cores, 48 logical processors, using up to 32 threads
2026-02-18 17:53:02,364 - gurobipy - INFO - 
2026-02-18 17:53:02,364 - gurobipy - INFO - Optimize a model with 1878 rows, 8604 columns and 16902 nonzeros
2026-02-18 17:53:02,364 - gurobipy - INFO - Model fingerprint: 0x7e3e0fb7
2026-02-18 17:53:02,364 - gurobipy - INFO - Model has 8604 quadratic objective terms
2026-02-18 17:53:02,364 - gurobipy - INFO - Variable types: 0 continuous, 8604 integer (0 binary)
2026-02-18 17:53:02,364 - gurobipy - INFO - Coefficient statistics:
2026-02-18 17:53:02,365 - gurobipy - INFO -   Matrix range     [1e+00, 1e+00]
2026-02-18 17:53:02,365 - gurobipy - INFO -   Objective range  [1e-08, 1e+00]
2026-02-18 17:53:02,365 - gurobipy - INFO -   QObjective range [2e-02, 5e-01]
2026-02-18 17:53:02,365 - gurobipy - INFO -   Bounds range     [1e+00, 2e+01]
2026-02-18 17:53:02,365 - gurobipy - INFO -   RHS range        [1e+00, 2e+01]
2026-02-18 17:53:02,365 - gurobipy - INFO - 
2026-02-18 17:53:02,365 - gurobipy - INFO - Loaded user MIP start with objective 249.924
2026-02-18 17:53:02,365 - gurobipy - INFO - 
2026-02-18 17:53:05,154 - gurobipy - INFO - Presolve removed 1877 rows and 8595 columns
2026-02-18 17:53:05,154 - gurobipy - INFO - Presolve time: 2.79s
2026-02-18 17:53:05,154 - gurobipy - INFO - Presolved: 1 rows, 9 columns, 9 nonzeros
2026-02-18 17:53:05,154 - gurobipy - INFO - Presolved model has 9 quadratic objective terms
2026-02-18 17:53:05,154 - gurobipy - INFO - Found heuristic solution: objective 248.7762317
2026-02-18 17:53:05,154 - gurobipy - INFO - Variable types: 0 continuous, 9 integer (0 binary)
2026-02-18 17:53:05,155 - gurobipy - INFO - 
2026-02-18 17:53:05,155 - gurobipy - INFO - Explored 0 nodes (0 simplex iterations) in 2.79 seconds (0.08 work units)
2026-02-18 17:53:05,155 - gurobipy - INFO - Thread count was 32 (of 48 available processors)
2026-02-18 17:53:05,155 - gurobipy - INFO - 
2026-02-18 17:53:05,155 - gurobipy - INFO - Solution count 2: 248.776 249.924 
2026-02-18 17:53:05,155 - gurobipy - INFO - 
2026-02-18 17:53:05,155 - gurobipy - INFO - Optimal solution found (tolerance 5.00e-02)
2026-02-18 17:53:05,155 - gurobipy - INFO - Best objective 2.487762317181e+02, best bound 2.473304739329e+02, gap 0.5811%
2026-02-18 17:53:05,172 - root - INFO - Global IQP solved: status=2, gap=0.58%, time=2.8s
2026-02-18 17:53:05,234 - root - INFO -   Loss: 495.0045 (change: 0.009688)
2026-02-18 17:53:05,235 - root - INFO -   Beta range: [0.100, 0.489]
2026-02-18 17:53:05,235 - root - INFO -   Max beta change: 0.028696
2026-02-18 17:53:05,235 - root - INFO -   Cell count range: [0, 15]
2026-02-18 17:53:05,235 - root - INFO -     B-cells: 263 cells (5.4%)
2026-02-18 17:53:05,235 - root - INFO -     CAFs: 813 cells (16.6%)
2026-02-18 17:53:05,235 - root - INFO -     Cancer Epithelial: 1147 cells (23.4%)
2026-02-18 17:53:05,235 - root - INFO -     Endothelial: 523 cells (10.7%)
2026-02-18 17:53:05,235 - root - INFO -     Myeloid: 316 cells (6.5%)
2026-02-18 17:53:05,235 - root - INFO -     Normal Epithelial: 554 cells (11.3%)
2026-02-18 17:53:05,235 - root - INFO -     PVL: 424 cells (8.7%)
2026-02-18 17:53:05,235 - root - INFO -     Plasmablasts: 477 cells (9.7%)
2026-02-18 17:53:05,235 - root - INFO -     T-cells: 377 cells (7.7%)
2026-02-18 17:53:05,235 - root - INFO - 
=== EM Iteration 7/10 ===
2026-02-18 17:53:05,235 - root - INFO - Marker weighting enabled: weights range [0.500, 0.500]
2026-02-18 17:53:05,235 - root - INFO - Global IQP: 956 spots x 9 cell types = 8604 integer variables
2026-02-18 17:53:05,235 - root - INFO - Time limit: 600.0s, MIP gap: 5.0%
2026-02-18 17:53:05,236 - gurobipy - INFO - Set parameter TimeLimit to value 600
2026-02-18 17:53:05,236 - gurobipy - INFO - Set parameter MIPGap to value 0.05
2026-02-18 17:53:06,963 - root - INFO - Starting global IQP optimization...
2026-02-18 17:53:06,963 - gurobipy - INFO - Gurobi Optimizer version 11.0.2 build v11.0.2rc0 (linux64 - "Red Hat Enterprise Linux 9.6 (Plow)")
2026-02-18 17:53:06,964 - gurobipy - INFO - 
2026-02-18 17:53:06,964 - gurobipy - INFO - CPU model: Intel(R) Xeon(R) Gold 6248R CPU @ 3.00GHz, instruction set [SSE2|AVX|AVX2|AVX512]
2026-02-18 17:53:06,964 - gurobipy - INFO - Thread count: 48 physical cores, 48 logical processors, using up to 32 threads
2026-02-18 17:53:06,964 - gurobipy - INFO - 
2026-02-18 17:53:06,964 - gurobipy - INFO - Optimize a model with 1878 rows, 8604 columns and 16902 nonzeros
2026-02-18 17:53:06,964 - gurobipy - INFO - Model fingerprint: 0x6dc19bec
2026-02-18 17:53:06,964 - gurobipy - INFO - Model has 8604 quadratic objective terms
2026-02-18 17:53:06,964 - gurobipy - INFO - Variable types: 0 continuous, 8604 integer (0 binary)
2026-02-18 17:53:06,964 - gurobipy - INFO - Coefficient statistics:
2026-02-18 17:53:06,964 - gurobipy - INFO -   Matrix range     [1e+00, 1e+00]
2026-02-18 17:53:06,964 - gurobipy - INFO -   Objective range  [1e-08, 1e+00]
2026-02-18 17:53:06,964 - gurobipy - INFO -   QObjective range [2e-02, 5e-01]
2026-02-18 17:53:06,964 - gurobipy - INFO -   Bounds range     [1e+00, 2e+01]
2026-02-18 17:53:06,964 - gurobipy - INFO -   RHS range        [1e+00, 2e+01]
2026-02-18 17:53:06,964 - gurobipy - INFO - 
2026-02-18 17:53:06,965 - gurobipy - INFO - Loaded user MIP start with objective 247.502
2026-02-18 17:53:06,965 - gurobipy - INFO - 
2026-02-18 17:53:09,666 - gurobipy - INFO - Presolve removed 1877 rows and 8595 columns
2026-02-18 17:53:09,666 - gurobipy - INFO - Presolve time: 2.70s
2026-02-18 17:53:09,666 - gurobipy - INFO - Presolved: 1 rows, 9 columns, 9 nonzeros
2026-02-18 17:53:09,666 - gurobipy - INFO - Presolved model has 9 quadratic objective terms
2026-02-18 17:53:09,666 - gurobipy - INFO - Found heuristic solution: objective 246.8347308
2026-02-18 17:53:09,666 - gurobipy - INFO - Variable types: 0 continuous, 9 integer (0 binary)
2026-02-18 17:53:09,667 - gurobipy - INFO - 
2026-02-18 17:53:09,667 - gurobipy - INFO - Explored 0 nodes (0 simplex iterations) in 2.70 seconds (0.08 work units)
2026-02-18 17:53:09,667 - gurobipy - INFO - Thread count was 32 (of 48 available processors)
2026-02-18 17:53:09,667 - gurobipy - INFO - 
2026-02-18 17:53:09,667 - gurobipy - INFO - Solution count 2: 246.835 247.502 
2026-02-18 17:53:09,667 - gurobipy - INFO - 
2026-02-18 17:53:09,667 - gurobipy - INFO - Optimal solution found (tolerance 5.00e-02)
2026-02-18 17:53:09,667 - gurobipy - INFO - Best objective 2.468347308150e+02, best bound 2.453489304904e+02, gap 0.6019%
2026-02-18 17:53:09,684 - root - INFO - Global IQP solved: status=2, gap=0.60%, time=2.7s
2026-02-18 17:53:09,747 - root - INFO -   Loss: 488.8717 (change: 0.012389)
2026-02-18 17:53:09,747 - root - INFO -   Beta range: [0.100, 0.474]
2026-02-18 17:53:09,747 - root - INFO -   Max beta change: 0.044450
2026-02-18 17:53:09,747 - root - INFO -   Cell count range: [0, 15]
2026-02-18 17:53:09,747 - root - INFO -     B-cells: 260 cells (5.3%)
2026-02-18 17:53:09,747 - root - INFO -     CAFs: 784 cells (16.0%)
2026-02-18 17:53:09,747 - root - INFO -     Cancer Epithelial: 1160 cells (23.7%)
2026-02-18 17:53:09,747 - root - INFO -     Endothelial: 535 cells (10.9%)
2026-02-18 17:53:09,747 - root - INFO -     Myeloid: 302 cells (6.2%)
2026-02-18 17:53:09,747 - root - INFO -     Normal Epithelial: 576 cells (11.8%)
2026-02-18 17:53:09,747 - root - INFO -     PVL: 429 cells (8.8%)
2026-02-18 17:53:09,747 - root - INFO -     Plasmablasts: 463 cells (9.5%)
2026-02-18 17:53:09,747 - root - INFO -     T-cells: 385 cells (7.9%)
2026-02-18 17:53:09,747 - root - INFO - 
=== EM Iteration 8/10 ===
2026-02-18 17:53:09,748 - root - INFO - Marker weighting enabled: weights range [0.500, 0.500]
2026-02-18 17:53:09,748 - root - INFO - Global IQP: 956 spots x 9 cell types = 8604 integer variables
2026-02-18 17:53:09,748 - root - INFO - Time limit: 600.0s, MIP gap: 5.0%
2026-02-18 17:53:09,748 - gurobipy - INFO - Set parameter TimeLimit to value 600
2026-02-18 17:53:09,748 - gurobipy - INFO - Set parameter MIPGap to value 0.05
2026-02-18 17:53:11,467 - root - INFO - Starting global IQP optimization...
2026-02-18 17:53:11,467 - gurobipy - INFO - Gurobi Optimizer version 11.0.2 build v11.0.2rc0 (linux64 - "Red Hat Enterprise Linux 9.6 (Plow)")
2026-02-18 17:53:11,467 - gurobipy - INFO - 
2026-02-18 17:53:11,467 - gurobipy - INFO - CPU model: Intel(R) Xeon(R) Gold 6248R CPU @ 3.00GHz, instruction set [SSE2|AVX|AVX2|AVX512]
2026-02-18 17:53:11,467 - gurobipy - INFO - Thread count: 48 physical cores, 48 logical processors, using up to 32 threads
2026-02-18 17:53:11,468 - gurobipy - INFO - 
2026-02-18 17:53:11,468 - gurobipy - INFO - Optimize a model with 1878 rows, 8604 columns and 16902 nonzeros
2026-02-18 17:53:11,468 - gurobipy - INFO - Model fingerprint: 0x22460f4f
2026-02-18 17:53:11,468 - gurobipy - INFO - Model has 8604 quadratic objective terms
2026-02-18 17:53:11,468 - gurobipy - INFO - Variable types: 0 continuous, 8604 integer (0 binary)
2026-02-18 17:53:11,468 - gurobipy - INFO - Coefficient statistics:
2026-02-18 17:53:11,468 - gurobipy - INFO -   Matrix range     [1e+00, 1e+00]
2026-02-18 17:53:11,468 - gurobipy - INFO -   Objective range  [1e-08, 9e-01]
2026-02-18 17:53:11,468 - gurobipy - INFO -   QObjective range [2e-02, 4e-01]
2026-02-18 17:53:11,468 - gurobipy - INFO -   Bounds range     [1e+00, 2e+01]
2026-02-18 17:53:11,468 - gurobipy - INFO -   RHS range        [1e+00, 2e+01]
2026-02-18 17:53:11,468 - gurobipy - INFO - 
2026-02-18 17:53:11,468 - gurobipy - INFO - Loaded user MIP start with objective 244.436
2026-02-18 17:53:11,469 - gurobipy - INFO - 
2026-02-18 17:53:13,980 - gurobipy - INFO - Presolve removed 1877 rows and 8595 columns
2026-02-18 17:53:13,980 - gurobipy - INFO - Presolve time: 2.51s
2026-02-18 17:53:13,980 - gurobipy - INFO - Presolved: 1 rows, 9 columns, 9 nonzeros
2026-02-18 17:53:13,980 - gurobipy - INFO - Presolved model has 9 quadratic objective terms
2026-02-18 17:53:13,980 - gurobipy - INFO - Found heuristic solution: objective 243.6931489
2026-02-18 17:53:13,980 - gurobipy - INFO - Variable types: 0 continuous, 9 integer (0 binary)
2026-02-18 17:53:13,981 - gurobipy - INFO - 
2026-02-18 17:53:13,981 - gurobipy - INFO - Explored 0 nodes (0 simplex iterations) in 2.51 seconds (0.08 work units)
2026-02-18 17:53:13,981 - gurobipy - INFO - Thread count was 32 (of 48 available processors)
2026-02-18 17:53:13,981 - gurobipy - INFO - 
2026-02-18 17:53:13,981 - gurobipy - INFO - Solution count 2: 243.693 244.436 
2026-02-18 17:53:13,981 - gurobipy - INFO - 
2026-02-18 17:53:13,981 - gurobipy - INFO - Optimal solution found (tolerance 5.00e-02)
2026-02-18 17:53:13,981 - gurobipy - INFO - Best objective 2.436931489312e+02, best bound 2.421799249485e+02, gap 0.6210%
2026-02-18 17:53:14,003 - root - INFO - Global IQP solved: status=2, gap=0.62%, time=2.5s
2026-02-18 17:53:14,065 - root - INFO -   Loss: 482.7614 (change: 0.012499)
2026-02-18 17:53:14,065 - root - INFO -   Beta range: [0.100, 0.455]
2026-02-18 17:53:14,066 - root - INFO -   Max beta change: 0.022728
2026-02-18 17:53:14,066 - root - INFO -   Cell count range: [0, 15]
2026-02-18 17:53:14,066 - root - INFO -     B-cells: 261 cells (5.3%)
2026-02-18 17:53:14,066 - root - INFO -     CAFs: 744 cells (15.2%)
2026-02-18 17:53:14,066 - root - INFO -     Cancer Epithelial: 1153 cells (23.6%)
2026-02-18 17:53:14,066 - root - INFO -     Endothelial: 554 cells (11.3%)
2026-02-18 17:53:14,066 - root - INFO -     Myeloid: 301 cells (6.2%)
2026-02-18 17:53:14,066 - root - INFO -     Normal Epithelial: 608 cells (12.4%)
2026-02-18 17:53:14,066 - root - INFO -     PVL: 423 cells (8.6%)
2026-02-18 17:53:14,066 - root - INFO -     Plasmablasts: 462 cells (9.4%)
2026-02-18 17:53:14,066 - root - INFO -     T-cells: 388 cells (7.9%)
2026-02-18 17:53:14,066 - root - INFO - 
=== EM Iteration 9/10 ===
2026-02-18 17:53:14,066 - root - INFO - Marker weighting enabled: weights range [0.500, 0.500]
2026-02-18 17:53:14,066 - root - INFO - Global IQP: 956 spots x 9 cell types = 8604 integer variables
2026-02-18 17:53:14,067 - root - INFO - Time limit: 600.0s, MIP gap: 5.0%
2026-02-18 17:53:14,067 - gurobipy - INFO - Set parameter TimeLimit to value 600
2026-02-18 17:53:14,067 - gurobipy - INFO - Set parameter MIPGap to value 0.05
2026-02-18 17:53:15,944 - root - INFO - Starting global IQP optimization...
2026-02-18 17:53:15,945 - gurobipy - INFO - Gurobi Optimizer version 11.0.2 build v11.0.2rc0 (linux64 - "Red Hat Enterprise Linux 9.6 (Plow)")
2026-02-18 17:53:15,945 - gurobipy - INFO - 
2026-02-18 17:53:15,945 - gurobipy - INFO - CPU model: Intel(R) Xeon(R) Gold 6248R CPU @ 3.00GHz, instruction set [SSE2|AVX|AVX2|AVX512]
2026-02-18 17:53:15,945 - gurobipy - INFO - Thread count: 48 physical cores, 48 logical processors, using up to 32 threads
2026-02-18 17:53:15,945 - gurobipy - INFO - 
2026-02-18 17:53:15,945 - gurobipy - INFO - Optimize a model with 1878 rows, 8604 columns and 16902 nonzeros
2026-02-18 17:53:15,946 - gurobipy - INFO - Model fingerprint: 0xd8c0839a
2026-02-18 17:53:15,946 - gurobipy - INFO - Model has 8604 quadratic objective terms
2026-02-18 17:53:15,946 - gurobipy - INFO - Variable types: 0 continuous, 8604 integer (0 binary)
2026-02-18 17:53:15,946 - gurobipy - INFO - Coefficient statistics:
2026-02-18 17:53:15,946 - gurobipy - INFO -   Matrix range     [1e+00, 1e+00]
2026-02-18 17:53:15,946 - gurobipy - INFO -   Objective range  [1e-08, 9e-01]
2026-02-18 17:53:15,946 - gurobipy - INFO -   QObjective range [2e-02, 4e-01]
2026-02-18 17:53:15,946 - gurobipy - INFO -   Bounds range     [1e+00, 2e+01]
2026-02-18 17:53:15,946 - gurobipy - INFO -   RHS range        [1e+00, 2e+01]
2026-02-18 17:53:15,946 - gurobipy - INFO - 
2026-02-18 17:53:15,946 - gurobipy - INFO - Loaded user MIP start with objective 241.381
2026-02-18 17:53:15,947 - gurobipy - INFO - 
2026-02-18 17:53:18,976 - gurobipy - INFO - Presolve removed 1877 rows and 8595 columns
2026-02-18 17:53:18,976 - gurobipy - INFO - Presolve time: 3.03s
2026-02-18 17:53:18,976 - gurobipy - INFO - Presolved: 1 rows, 9 columns, 9 nonzeros
2026-02-18 17:53:18,976 - gurobipy - INFO - Presolved model has 9 quadratic objective terms
2026-02-18 17:53:18,977 - gurobipy - INFO - Found heuristic solution: objective 240.9851875
2026-02-18 17:53:18,977 - gurobipy - INFO - Variable types: 0 continuous, 9 integer (0 binary)
2026-02-18 17:53:18,977 - gurobipy - INFO - 
2026-02-18 17:53:18,977 - gurobipy - INFO - Explored 0 nodes (0 simplex iterations) in 3.03 seconds (0.08 work units)
2026-02-18 17:53:18,977 - gurobipy - INFO - Thread count was 32 (of 48 available processors)
2026-02-18 17:53:18,977 - gurobipy - INFO - 
2026-02-18 17:53:18,977 - gurobipy - INFO - Solution count 2: 240.985 241.381 
2026-02-18 17:53:18,977 - gurobipy - INFO - 
2026-02-18 17:53:18,977 - gurobipy - INFO - Optimal solution found (tolerance 5.00e-02)
2026-02-18 17:53:18,977 - gurobipy - INFO - Best objective 2.409851875037e+02, best bound 2.394495666630e+02, gap 0.6372%
2026-02-18 17:53:18,998 - root - INFO - Global IQP solved: status=2, gap=0.64%, time=3.0s
2026-02-18 17:53:19,060 - root - INFO -   Loss: 478.4928 (change: 0.008842)
2026-02-18 17:53:19,060 - root - INFO -   Beta range: [0.100, 0.434]
2026-02-18 17:53:19,060 - root - INFO -   Max beta change: 0.032356
2026-02-18 17:53:19,061 - root - INFO -   Cell count range: [0, 15]
2026-02-18 17:53:19,061 - root - INFO -     B-cells: 262 cells (5.4%)
2026-02-18 17:53:19,061 - root - INFO -     CAFs: 714 cells (14.6%)
2026-02-18 17:53:19,061 - root - INFO -     Cancer Epithelial: 1145 cells (23.4%)
2026-02-18 17:53:19,061 - root - INFO -     Endothelial: 571 cells (11.7%)
2026-02-18 17:53:19,061 - root - INFO -     Myeloid: 303 cells (6.2%)
2026-02-18 17:53:19,061 - root - INFO -     Normal Epithelial: 624 cells (12.8%)
2026-02-18 17:53:19,061 - root - INFO -     PVL: 422 cells (8.6%)
2026-02-18 17:53:19,061 - root - INFO -     Plasmablasts: 466 cells (9.5%)
2026-02-18 17:53:19,061 - root - INFO -     T-cells: 387 cells (7.9%)
2026-02-18 17:53:19,061 - root - INFO - 
=== EM Iteration 10/10 ===
2026-02-18 17:53:19,061 - root - INFO - Marker weighting enabled: weights range [0.500, 0.500]
2026-02-18 17:53:19,061 - root - INFO - Global IQP: 956 spots x 9 cell types = 8604 integer variables
2026-02-18 17:53:19,061 - root - INFO - Time limit: 600.0s, MIP gap: 5.0%
2026-02-18 17:53:19,062 - gurobipy - INFO - Set parameter TimeLimit to value 600
2026-02-18 17:53:19,062 - gurobipy - INFO - Set parameter MIPGap to value 0.05
2026-02-18 17:53:20,789 - root - INFO - Starting global IQP optimization...
2026-02-18 17:53:20,790 - gurobipy - INFO - Gurobi Optimizer version 11.0.2 build v11.0.2rc0 (linux64 - "Red Hat Enterprise Linux 9.6 (Plow)")
2026-02-18 17:53:20,790 - gurobipy - INFO - 
2026-02-18 17:53:20,790 - gurobipy - INFO - CPU model: Intel(R) Xeon(R) Gold 6248R CPU @ 3.00GHz, instruction set [SSE2|AVX|AVX2|AVX512]
2026-02-18 17:53:20,790 - gurobipy - INFO - Thread count: 48 physical cores, 48 logical processors, using up to 32 threads
2026-02-18 17:53:20,790 - gurobipy - INFO - 
2026-02-18 17:53:20,790 - gurobipy - INFO - Optimize a model with 1878 rows, 8604 columns and 16902 nonzeros
2026-02-18 17:53:20,791 - gurobipy - INFO - Model fingerprint: 0x55bfb4f1
2026-02-18 17:53:20,791 - gurobipy - INFO - Model has 8604 quadratic objective terms
2026-02-18 17:53:20,791 - gurobipy - INFO - Variable types: 0 continuous, 8604 integer (0 binary)
2026-02-18 17:53:20,791 - gurobipy - INFO - Coefficient statistics:
2026-02-18 17:53:20,791 - gurobipy - INFO -   Matrix range     [1e+00, 1e+00]
2026-02-18 17:53:20,791 - gurobipy - INFO -   Objective range  [1e-08, 8e-01]
2026-02-18 17:53:20,791 - gurobipy - INFO -   QObjective range [2e-02, 4e-01]
2026-02-18 17:53:20,791 - gurobipy - INFO -   Bounds range     [1e+00, 2e+01]
2026-02-18 17:53:20,791 - gurobipy - INFO -   RHS range        [1e+00, 2e+01]
2026-02-18 17:53:20,791 - gurobipy - INFO - 
2026-02-18 17:53:20,791 - gurobipy - INFO - Loaded user MIP start with objective 239.246
2026-02-18 17:53:20,791 - gurobipy - INFO - 
2026-02-18 17:53:23,168 - gurobipy - INFO - Presolve removed 1877 rows and 8595 columns
2026-02-18 17:53:23,168 - gurobipy - INFO - Presolve time: 2.38s
2026-02-18 17:53:23,168 - gurobipy - INFO - Presolved: 1 rows, 9 columns, 9 nonzeros
2026-02-18 17:53:23,168 - gurobipy - INFO - Presolved model has 9 quadratic objective terms
2026-02-18 17:53:23,168 - gurobipy - INFO - Found heuristic solution: objective 238.7224679
2026-02-18 17:53:23,168 - gurobipy - INFO - Variable types: 0 continuous, 9 integer (0 binary)
2026-02-18 17:53:23,169 - gurobipy - INFO - 
2026-02-18 17:53:23,169 - gurobipy - INFO - Explored 0 nodes (0 simplex iterations) in 2.38 seconds (0.08 work units)
2026-02-18 17:53:23,169 - gurobipy - INFO - Thread count was 32 (of 48 available processors)
2026-02-18 17:53:23,169 - gurobipy - INFO - 
2026-02-18 17:53:23,169 - gurobipy - INFO - Solution count 2: 238.722 239.246 
2026-02-18 17:53:23,169 - gurobipy - INFO - 
2026-02-18 17:53:23,169 - gurobipy - INFO - Optimal solution found (tolerance 5.00e-02)
2026-02-18 17:53:23,169 - gurobipy - INFO - Best objective 2.387224678935e+02, best bound 2.371824535708e+02, gap 0.6451%
2026-02-18 17:53:23,188 - root - INFO - Global IQP solved: status=2, gap=0.65%, time=2.4s
2026-02-18 17:53:23,277 - root - INFO -   Loss: 477.5674 (change: 0.001934)
2026-02-18 17:53:23,277 - root - INFO -   Beta range: [0.100, 0.421]
2026-02-18 17:53:23,277 - root - INFO -   Max beta change: 0.032079
2026-02-18 17:53:23,277 - root - INFO -   Cell count range: [0, 15]
2026-02-18 17:53:23,277 - root - INFO -     B-cells: 262 cells (5.4%)
2026-02-18 17:53:23,277 - root - INFO -     CAFs: 691 cells (14.1%)
2026-02-18 17:53:23,278 - root - INFO -     Cancer Epithelial: 1124 cells (23.0%)
2026-02-18 17:53:23,278 - root - INFO -     Endothelial: 587 cells (12.0%)
2026-02-18 17:53:23,278 - root - INFO -     Myeloid: 303 cells (6.2%)
2026-02-18 17:53:23,278 - root - INFO -     Normal Epithelial: 644 cells (13.2%)
2026-02-18 17:53:23,278 - root - INFO -     PVL: 430 cells (8.8%)
2026-02-18 17:53:23,278 - root - INFO -     Plasmablasts: 470 cells (9.6%)
2026-02-18 17:53:23,278 - root - INFO -     T-cells: 383 cells (7.8%)
2026-02-18 17:53:23,278 - root - INFO - 
Final beta values:
2026-02-18 17:53:23,278 - root - INFO -   B-cells_Protein_1: β=0.322, α=0.000
2026-02-18 17:53:23,278 - root - INFO -   B-cells_Protein_2: β=0.300, α=0.000
2026-02-18 17:53:23,278 - root - INFO -   CAFs_Protein_1: β=0.421, α=0.168
2026-02-18 17:53:23,278 - root - INFO -   CAFs_Protein_2: β=0.254, α=0.381
2026-02-18 17:53:23,278 - root - INFO -   Cancer Epithelial_Protein_1: β=0.412, α=0.132
2026-02-18 17:53:23,278 - root - INFO -   Cancer Epithelial_Protein_2: β=0.402, α=0.149
2026-02-18 17:53:23,278 - root - INFO -   Endothelial_Protein_1: β=0.135, α=0.000
2026-02-18 17:53:23,278 - root - INFO -   Endothelial_Protein_2: β=0.119, α=0.003
2026-02-18 17:53:23,278 - root - INFO -   Myeloid_Protein_1: β=0.352, α=0.093
2026-02-18 17:53:23,278 - root - INFO -   Myeloid_Protein_2: β=0.273, α=0.180
2026-02-18 17:53:23,278 - root - INFO -   Normal Epithelial_Protein_1: β=0.100, α=0.000
2026-02-18 17:53:23,278 - root - INFO -   Normal Epithelial_Protein_2: β=0.117, α=0.005
2026-02-18 17:53:23,278 - root - INFO -   PVL_Protein_1: β=0.100, α=0.000
2026-02-18 17:53:23,278 - root - INFO -   PVL_Protein_2: β=0.100, α=0.000
2026-02-18 17:53:23,278 - root - INFO -   Plasmablasts_Protein_1: β=0.100, α=0.000
2026-02-18 17:53:23,278 - root - INFO -   Plasmablasts_Protein_2: β=0.100, α=0.000
2026-02-18 17:53:23,278 - root - INFO -   T-cells_Protein_1: β=0.373, α=0.000
2026-02-18 17:53:23,278 - root - INFO -   T-cells_Protein_2: β=0.368, α=0.019
2026-02-18 17:53:23,285 - root - INFO - Saved discrete cell counts to Benchmarking/simulation_benchmarking/CITEgeist/output_discrete_weighting_only/mixed/dapi/mixed/dapi/Wu_rep_4/Wu_rep_4_discrete_cell_counts.csv
2026-02-18 17:53:23,292 - root - INFO - Saved derived proportions to Benchmarking/simulation_benchmarking/CITEgeist/output_discrete_weighting_only/mixed/dapi/mixed/dapi/Wu_rep_4/Wu_rep_4_cell_prop_discrete.csv
2026-02-18 17:53:23,292 - root - INFO - Cell type distribution:
2026-02-18 17:53:23,292 - root - INFO -   B-cells: 262 cells (5.4%)
2026-02-18 17:53:23,292 - root - INFO -   CAFs: 691 cells (14.1%)
2026-02-18 17:53:23,292 - root - INFO -   Cancer Epithelial: 1124 cells (23.0%)
2026-02-18 17:53:23,292 - root - INFO -   Endothelial: 587 cells (12.0%)
2026-02-18 17:53:23,292 - root - INFO -   Myeloid: 303 cells (6.2%)
2026-02-18 17:53:23,292 - root - INFO -   Normal Epithelial: 644 cells (13.2%)
2026-02-18 17:53:23,292 - root - INFO -   PVL: 430 cells (8.8%)
2026-02-18 17:53:23,292 - root - INFO -   Plasmablasts: 470 cells (9.6%)
2026-02-18 17:53:23,292 - root - INFO -   T-cells: 383 cells (7.8%)
2026-02-18 17:53:23,299 - __main__ - INFO - Loaded ground truth proportions: 956 spots, 9 cell types
2026-02-18 17:53:23,303 - __main__ - INFO - Proportion correlation: 0.608
2026-02-18 17:53:23,303 - __main__ - INFO - Proportion RMSE: 0.1676
2026-02-18 17:53:23,303 - __main__ - INFO - Running GEX deconvolution...
2026-02-18 17:53:23,304 - CITEgeist.model.utils - INFO - Detected spot spacing: 1.61 units (median of 956 nearest-neighbor distances)
2026-02-18 17:53:23,304 - CITEgeist.model.utils - INFO - Computed optimal radius: 4.92 (3.0 rings, spot_spacing=1.61)
2026-02-18 17:53:23,304 - root - INFO - Auto-detected radius: 4.92 (3 rings)
2026-02-18 17:53:23,304 - root - INFO - Starting Pass 1: Error minimization with enrichment weights...
2026-02-18 17:53:23,304 - root - INFO - Using discrete mode: cell counts as fixed multipliers
2026-02-18 17:53:23,304 - root - WARNING - Found 17 spots with zero cells. These will be skipped in deconvolution.
2026-02-18 17:53:23,304 - root - WARNING - Found 17 spots with zero or negligible total cell proportions. Deconvolution for these spots may fail and their profiles will be imputed as zeros. Example spot indices: [ 26  78 102 122 278]
2026-02-18 17:53:23,306 - root - INFO - Starting analysis for Wu_rep_4
2026-02-18 17:53:23,306 - root - INFO - Already completed spots: 0
2026-02-18 17:53:23,306 - root - INFO - Using enrichment weights - Global: 0.5, Local: 0.5
2026-02-18 17:53:23,306 - root - INFO - Using 48 workers
2026-02-18 17:53:23,306 - root - INFO - Processing 956 remaining spots
Deconvoluting Remaining Spots:   0%|          | 0/956 [00:00<?, ?it/s]Deconvoluting Remaining Spots:   0%|          | 1/956 [00:07<1:59:58,  7.54s/it]Deconvoluting Remaining Spots:   0%|          | 2/956 [00:08<54:51,  3.45s/it]  Deconvoluting Remaining Spots:   0%|          | 3/956 [00:08<34:02,  2.14s/it]Deconvoluting Remaining Spots:   0%|          | 4/956 [00:09<23:45,  1.50s/it]Deconvoluting Remaining Spots:   1%|          | 5/956 [00:09<17:14,  1.09s/it]Deconvoluting Remaining Spots:   1%|          | 6/956 [00:10<14:42,  1.08it/s]Deconvoluting Remaining Spots:   1%|          | 7/956 [00:10<12:33,  1.26it/s]Deconvoluting Remaining Spots:   1%|          | 8/956 [00:11<11:23,  1.39it/s]Deconvoluting Remaining Spots:   1%|          | 9/956 [00:11<10:44,  1.47it/s]Deconvoluting Remaining Spots:   1%|          | 10/956 [00:12<10:11,  1.55it/s]Deconvoluting Remaining Spots:   1%|          | 11/956 [00:13<10:09,  1.55it/s]Deconvoluting Remaining Spots:   1%|▏         | 12/956 [00:13<09:52,  1.59it/s]Deconvoluting Remaining Spots:   1%|▏         | 13/956 [00:14<09:38,  1.63it/s]Deconvoluting Remaining Spots:   1%|▏         | 14/956 [00:14<09:36,  1.63it/s]Deconvoluting Remaining Spots:   2%|▏         | 15/956 [00:15<09:12,  1.70it/s]Deconvoluting Remaining Spots:   2%|▏         | 16/956 [00:16<09:59,  1.57it/s]Deconvoluting Remaining Spots:   2%|▏         | 17/956 [00:17<12:24,  1.26it/s]Deconvoluting Remaining Spots:   2%|▏         | 19/956 [00:17<08:39,  1.80it/s]Deconvoluting Remaining Spots:   2%|▏         | 20/956 [00:18<08:38,  1.81it/s]Deconvoluting Remaining Spots:   2%|▏         | 21/956 [00:19<08:51,  1.76it/s]Deconvoluting Remaining Spots:   2%|▏         | 22/956 [00:19<08:57,  1.74it/s]Deconvoluting Remaining Spots:   2%|▏         | 23/956 [00:20<09:55,  1.57it/s]Deconvoluting Remaining Spots:   3%|▎         | 24/956 [00:20<08:54,  1.74it/s]Deconvoluting Remaining Spots:   3%|▎         | 25/956 [00:21<09:08,  1.70it/s]Deconvoluting Remaining Spots:   3%|▎         | 26/956 [00:21<08:52,  1.75it/s]Deconvoluting Remaining Spots:   3%|▎         | 27/956 [00:22<09:03,  1.71it/s]Deconvoluting Remaining Spots:   3%|▎         | 28/956 [00:23<08:43,  1.77it/s]Deconvoluting Remaining Spots:   3%|▎         | 29/956 [00:23<08:43,  1.77it/s]Deconvoluting Remaining Spots:   3%|▎         | 30/956 [00:24<09:19,  1.66it/s]Deconvoluting Remaining Spots:   3%|▎         | 31/956 [00:24<08:23,  1.84it/s]Deconvoluting Remaining Spots:   3%|▎         | 32/956 [00:26<12:05,  1.27it/s]Deconvoluting Remaining Spots:   3%|▎         | 33/956 [00:26<09:34,  1.61it/s]Deconvoluting Remaining Spots:   4%|▎         | 34/956 [00:26<07:55,  1.94it/s]Deconvoluting Remaining Spots:   4%|▎         | 35/956 [00:27<07:50,  1.96it/s]Deconvoluting Remaining Spots:   4%|▍         | 36/956 [00:27<08:21,  1.84it/s]Deconvoluting Remaining Spots:   4%|▍         | 37/956 [00:28<08:48,  1.74it/s]Deconvoluting Remaining Spots:   4%|▍         | 38/956 [00:29<09:18,  1.64it/s]Deconvoluting Remaining Spots:   4%|▍         | 39/956 [00:29<08:48,  1.74it/s]Deconvoluting Remaining Spots:   4%|▍         | 40/956 [00:30<08:47,  1.74it/s]Deconvoluting Remaining Spots:   4%|▍         | 41/956 [00:30<08:55,  1.71it/s]Deconvoluting Remaining Spots:   4%|▍         | 42/956 [00:31<09:23,  1.62it/s]Deconvoluting Remaining Spots:   4%|▍         | 43/956 [00:32<10:27,  1.45it/s]Deconvoluting Remaining Spots:   5%|▍         | 44/956 [00:32<08:50,  1.72it/s]Deconvoluting Remaining Spots:   5%|▍         | 45/956 [00:33<09:41,  1.57it/s]Deconvoluting Remaining Spots:   5%|▍         | 46/956 [00:33<09:16,  1.63it/s]Deconvoluting Remaining Spots:   5%|▍         | 47/956 [00:34<09:05,  1.67it/s]Deconvoluting Remaining Spots:   5%|▌         | 48/956 [00:35<08:40,  1.74it/s]Deconvoluting Remaining Spots:   5%|▌         | 49/956 [00:35<08:17,  1.82it/s]Deconvoluting Remaining Spots:   5%|▌         | 50/956 [00:36<07:59,  1.89it/s]Deconvoluting Remaining Spots:   5%|▌         | 51/956 [00:36<07:51,  1.92it/s]Deconvoluting Remaining Spots:   5%|▌         | 52/956 [00:37<07:45,  1.94it/s]Deconvoluting Remaining Spots:   6%|▌         | 53/956 [00:37<07:41,  1.96it/s]Deconvoluting Remaining Spots:   6%|▌         | 54/956 [00:38<07:44,  1.94it/s]Deconvoluting Remaining Spots:   6%|▌         | 55/956 [00:38<09:06,  1.65it/s]Deconvoluting Remaining Spots:   6%|▌         | 56/956 [00:39<07:10,  2.09it/s]Deconvoluting Remaining Spots:   6%|▌         | 57/956 [00:39<08:34,  1.75it/s]Deconvoluting Remaining Spots:   6%|▌         | 58/956 [00:40<07:28,  2.00it/s]Deconvoluting Remaining Spots:   6%|▌         | 59/956 [00:40<07:51,  1.90it/s]Deconvoluting Remaining Spots:   6%|▋         | 60/956 [00:41<07:56,  1.88it/s]Deconvoluting Remaining Spots:   6%|▋         | 61/956 [00:41<07:26,  2.01it/s]Deconvoluting Remaining Spots:   6%|▋         | 62/956 [00:42<09:28,  1.57it/s]Deconvoluting Remaining Spots:   7%|▋         | 63/956 [00:42<07:06,  2.09it/s]Deconvoluting Remaining Spots:   7%|▋         | 64/956 [00:43<07:15,  2.05it/s]Deconvoluting Remaining Spots:   7%|▋         | 65/956 [00:43<07:34,  1.96it/s]Deconvoluting Remaining Spots:   7%|▋         | 66/956 [00:44<07:08,  2.08it/s]Deconvoluting Remaining Spots:   7%|▋         | 67/956 [00:44<07:07,  2.08it/s]Deconvoluting Remaining Spots:   7%|▋         | 68/956 [00:45<07:32,  1.96it/s]Deconvoluting Remaining Spots:   7%|▋         | 69/956 [00:45<07:03,  2.09it/s]Deconvoluting Remaining Spots:   7%|▋         | 70/956 [00:46<07:03,  2.09it/s]Deconvoluting Remaining Spots:   7%|▋         | 71/956 [00:46<08:19,  1.77it/s]Deconvoluting Remaining Spots:   8%|▊         | 72/956 [00:47<06:53,  2.14it/s]Deconvoluting Remaining Spots:   8%|▊         | 73/956 [00:47<08:08,  1.81it/s]Deconvoluting Remaining Spots:   8%|▊         | 74/956 [00:48<07:58,  1.84it/s]Deconvoluting Remaining Spots:   8%|▊         | 75/956 [00:49<08:40,  1.69it/s]Deconvoluting Remaining Spots:   8%|▊         | 76/956 [00:50<10:39,  1.38it/s]Deconvoluting Remaining Spots:   8%|▊         | 77/956 [00:50<08:24,  1.74it/s]Deconvoluting Remaining Spots:   8%|▊         | 78/956 [00:50<06:25,  2.27it/s]Deconvoluting Remaining Spots:   8%|▊         | 79/956 [00:51<06:29,  2.25it/s]Deconvoluting Remaining Spots:   8%|▊         | 80/956 [00:51<07:43,  1.89it/s]Deconvoluting Remaining Spots:   8%|▊         | 81/956 [00:52<06:57,  2.10it/s]Deconvoluting Remaining Spots:   9%|▊         | 82/956 [00:52<06:56,  2.10it/s]Deconvoluting Remaining Spots:   9%|▊         | 83/956 [00:53<06:50,  2.13it/s]Deconvoluting Remaining Spots:   9%|▉         | 84/956 [00:53<06:59,  2.08it/s]Deconvoluting Remaining Spots:   9%|▉         | 85/956 [00:54<07:00,  2.07it/s]Deconvoluting Remaining Spots:   9%|▉         | 86/956 [00:54<08:15,  1.76it/s]Deconvoluting Remaining Spots:   9%|▉         | 87/956 [00:55<07:10,  2.02it/s]Deconvoluting Remaining Spots:   9%|▉         | 88/956 [00:55<07:00,  2.06it/s]Deconvoluting Remaining Spots:   9%|▉         | 89/956 [00:55<06:19,  2.29it/s]Deconvoluting Remaining Spots:   9%|▉         | 90/956 [00:56<07:17,  1.98it/s]Deconvoluting Remaining Spots:  10%|▉         | 91/956 [00:57<06:57,  2.07it/s]Deconvoluting Remaining Spots:  10%|▉         | 92/956 [00:57<07:42,  1.87it/s]Deconvoluting Remaining Spots:  10%|▉         | 93/956 [00:58<07:32,  1.91it/s]Deconvoluting Remaining Spots:  10%|▉         | 94/956 [00:59<09:45,  1.47it/s]Deconvoluting Remaining Spots:  10%|▉         | 95/956 [00:59<07:27,  1.92it/s]Deconvoluting Remaining Spots:  10%|█         | 96/956 [00:59<07:11,  1.99it/s]Deconvoluting Remaining Spots:  10%|█         | 97/956 [01:00<07:24,  1.93it/s]Deconvoluting Remaining Spots:  10%|█         | 98/956 [01:00<07:09,  2.00it/s]Deconvoluting Remaining Spots:  10%|█         | 99/956 [01:01<07:09,  2.00it/s]Deconvoluting Remaining Spots:  10%|█         | 100/956 [01:01<07:27,  1.91it/s]2026-02-18 17:54:27,702 - root - INFO - Saved checkpoint after 100 completed spots
Deconvoluting Remaining Spots:  11%|█         | 101/956 [01:03<11:49,  1.20it/s]Deconvoluting Remaining Spots:  11%|█         | 104/956 [01:04<07:06,  2.00it/s]Deconvoluting Remaining Spots:  11%|█         | 105/956 [01:04<06:49,  2.08it/s]Deconvoluting Remaining Spots:  11%|█         | 106/956 [01:05<08:24,  1.69it/s]Deconvoluting Remaining Spots:  11%|█         | 107/956 [01:06<09:41,  1.46it/s]Deconvoluting Remaining Spots:  11%|█▏        | 108/956 [01:06<07:44,  1.83it/s]Deconvoluting Remaining Spots:  11%|█▏        | 109/956 [01:07<07:42,  1.83it/s]Deconvoluting Remaining Spots:  12%|█▏        | 111/956 [01:07<05:51,  2.40it/s]Deconvoluting Remaining Spots:  12%|█▏        | 112/956 [01:08<07:26,  1.89it/s]Deconvoluting Remaining Spots:  12%|█▏        | 113/956 [01:09<07:22,  1.91it/s]Deconvoluting Remaining Spots:  12%|█▏        | 114/956 [01:09<07:23,  1.90it/s]Deconvoluting Remaining Spots:  12%|█▏        | 116/956 [01:10<06:08,  2.28it/s]Deconvoluting Remaining Spots:  12%|█▏        | 117/956 [01:10<06:08,  2.27it/s]Deconvoluting Remaining Spots:  12%|█▏        | 118/956 [01:11<06:49,  2.05it/s]Deconvoluting Remaining Spots:  12%|█▏        | 119/956 [01:11<06:53,  2.03it/s]Deconvoluting Remaining Spots:  13%|█▎        | 120/956 [01:12<08:31,  1.63it/s]Deconvoluting Remaining Spots:  13%|█▎        | 121/956 [01:12<06:32,  2.13it/s]Deconvoluting Remaining Spots:  13%|█▎        | 122/956 [01:13<06:09,  2.25it/s]Deconvoluting Remaining Spots:  13%|█▎        | 123/956 [01:13<06:29,  2.14it/s]Deconvoluting Remaining Spots:  13%|█▎        | 124/956 [01:14<06:26,  2.15it/s]Deconvoluting Remaining Spots:  13%|█▎        | 125/956 [01:14<06:45,  2.05it/s]Deconvoluting Remaining Spots:  13%|█▎        | 126/956 [01:15<07:03,  1.96it/s]Deconvoluting Remaining Spots:  13%|█▎        | 127/956 [01:15<07:01,  1.97it/s]Deconvoluting Remaining Spots:  13%|█▎        | 128/956 [01:16<07:51,  1.76it/s]Deconvoluting Remaining Spots:  13%|█▎        | 129/956 [01:17<08:40,  1.59it/s]Deconvoluting Remaining Spots:  14%|█▎        | 130/956 [01:17<07:52,  1.75it/s]Deconvoluting Remaining Spots:  14%|█▍        | 132/956 [01:18<05:56,  2.31it/s]Deconvoluting Remaining Spots:  14%|█▍        | 133/956 [01:18<06:11,  2.21it/s]Deconvoluting Remaining Spots:  14%|█▍        | 134/956 [01:19<06:18,  2.17it/s]Deconvoluting Remaining Spots:  14%|█▍        | 135/956 [01:19<06:39,  2.06it/s]Deconvoluting Remaining Spots:  14%|█▍        | 136/956 [01:20<06:53,  1.98it/s]Deconvoluting Remaining Spots:  14%|█▍        | 137/956 [01:20<06:50,  2.00it/s]Deconvoluting Remaining Spots:  14%|█▍        | 138/956 [01:21<07:59,  1.71it/s]Deconvoluting Remaining Spots:  15%|█▍        | 139/956 [01:22<07:50,  1.74it/s]Deconvoluting Remaining Spots:  15%|█▍        | 140/956 [01:23<08:32,  1.59it/s]Deconvoluting Remaining Spots:  15%|█▍        | 141/956 [01:23<07:48,  1.74it/s]Deconvoluting Remaining Spots:  15%|█▍        | 142/956 [01:24<07:33,  1.79it/s]Deconvoluting Remaining Spots:  15%|█▍        | 143/956 [01:24<07:26,  1.82it/s]Deconvoluting Remaining Spots:  15%|█▌        | 144/956 [01:25<07:25,  1.82it/s]Deconvoluting Remaining Spots:  15%|█▌        | 145/956 [01:25<07:02,  1.92it/s]Deconvoluting Remaining Spots:  15%|█▌        | 146/956 [01:26<07:05,  1.90it/s]Deconvoluting Remaining Spots:  15%|█▌        | 147/956 [01:26<06:58,  1.93it/s]Deconvoluting Remaining Spots:  15%|█▌        | 148/956 [01:27<06:59,  1.93it/s]Deconvoluting Remaining Spots:  16%|█▌        | 149/956 [01:27<07:05,  1.90it/s]Deconvoluting Remaining Spots:  16%|█▌        | 150/956 [01:28<06:49,  1.97it/s]Deconvoluting Remaining Spots:  16%|█▌        | 151/956 [01:29<09:19,  1.44it/s]Deconvoluting Remaining Spots:  16%|█▌        | 153/956 [01:29<06:37,  2.02it/s]Deconvoluting Remaining Spots:  16%|█▌        | 154/956 [01:30<06:25,  2.08it/s]Deconvoluting Remaining Spots:  16%|█▌        | 155/956 [01:30<06:29,  2.06it/s]Deconvoluting Remaining Spots:  16%|█▋        | 156/956 [01:31<06:50,  1.95it/s]Deconvoluting Remaining Spots:  16%|█▋        | 157/956 [01:31<06:44,  1.98it/s]Deconvoluting Remaining Spots:  17%|█▋        | 158/956 [01:32<08:39,  1.54it/s]Deconvoluting Remaining Spots:  17%|█▋        | 159/956 [01:33<08:11,  1.62it/s]Deconvoluting Remaining Spots:  17%|█▋        | 160/956 [01:33<07:54,  1.68it/s]Deconvoluting Remaining Spots:  17%|█▋        | 161/956 [01:34<07:27,  1.78it/s]Deconvoluting Remaining Spots:  17%|█▋        | 162/956 [01:34<06:15,  2.12it/s]Deconvoluting Remaining Spots:  17%|█▋        | 163/956 [01:34<05:34,  2.37it/s]Deconvoluting Remaining Spots:  17%|█▋        | 164/956 [01:35<06:20,  2.08it/s]Deconvoluting Remaining Spots:  17%|█▋        | 165/956 [01:35<06:07,  2.15it/s]Deconvoluting Remaining Spots:  17%|█▋        | 166/956 [01:36<06:46,  1.95it/s]Deconvoluting Remaining Spots:  17%|█▋        | 167/956 [01:37<06:20,  2.07it/s]Deconvoluting Remaining Spots:  18%|█▊        | 168/956 [01:37<06:16,  2.09it/s]Deconvoluting Remaining Spots:  18%|█▊        | 169/956 [01:38<06:37,  1.98it/s]Deconvoluting Remaining Spots:  18%|█▊        | 170/956 [01:38<08:17,  1.58it/s]Deconvoluting Remaining Spots:  18%|█▊        | 171/956 [01:39<06:21,  2.06it/s]Deconvoluting Remaining Spots:  18%|█▊        | 172/956 [01:40<08:01,  1.63it/s]Deconvoluting Remaining Spots:  18%|█▊        | 173/956 [01:40<06:16,  2.08it/s]Deconvoluting Remaining Spots:  18%|█▊        | 174/956 [01:40<06:30,  2.00it/s]Deconvoluting Remaining Spots:  18%|█▊        | 175/956 [01:41<07:37,  1.71it/s]Deconvoluting Remaining Spots:  18%|█▊        | 176/956 [01:41<06:15,  2.08it/s]Deconvoluting Remaining Spots:  19%|█▊        | 177/956 [01:42<05:58,  2.18it/s]Deconvoluting Remaining Spots:  19%|█▊        | 178/956 [01:42<05:43,  2.27it/s]Deconvoluting Remaining Spots:  19%|█▊        | 179/956 [01:43<05:59,  2.16it/s]Deconvoluting Remaining Spots:  19%|█▉        | 180/956 [01:44<07:49,  1.65it/s]Deconvoluting Remaining Spots:  19%|█▉        | 181/956 [01:44<06:43,  1.92it/s]Deconvoluting Remaining Spots:  19%|█▉        | 182/956 [01:45<07:42,  1.67it/s]Deconvoluting Remaining Spots:  19%|█▉        | 183/956 [01:45<06:16,  2.05it/s]Deconvoluting Remaining Spots:  19%|█▉        | 184/956 [01:45<06:14,  2.06it/s]Deconvoluting Remaining Spots:  19%|█▉        | 185/956 [01:46<06:09,  2.09it/s]Deconvoluting Remaining Spots:  19%|█▉        | 186/956 [01:46<05:38,  2.28it/s]Deconvoluting Remaining Spots:  20%|█▉        | 187/956 [01:47<06:50,  1.87it/s]Deconvoluting Remaining Spots:  20%|█▉        | 188/956 [01:47<05:46,  2.21it/s]Deconvoluting Remaining Spots:  20%|█▉        | 189/956 [01:48<06:06,  2.09it/s]Deconvoluting Remaining Spots:  20%|█▉        | 190/956 [01:48<06:53,  1.85it/s]Deconvoluting Remaining Spots:  20%|█▉        | 191/956 [01:49<06:18,  2.02it/s]Deconvoluting Remaining Spots:  20%|██        | 192/956 [01:49<06:32,  1.95it/s]Deconvoluting Remaining Spots:  20%|██        | 193/956 [01:50<06:19,  2.01it/s]Deconvoluting Remaining Spots:  20%|██        | 194/956 [01:50<06:17,  2.02it/s]Deconvoluting Remaining Spots:  20%|██        | 195/956 [01:51<07:42,  1.65it/s]Deconvoluting Remaining Spots:  21%|██        | 196/956 [01:51<06:03,  2.09it/s]Deconvoluting Remaining Spots:  21%|██        | 197/956 [01:52<06:28,  1.95it/s]Deconvoluting Remaining Spots:  21%|██        | 198/956 [01:53<07:22,  1.71it/s]Deconvoluting Remaining Spots:  21%|██        | 199/956 [01:53<06:04,  2.08it/s]Deconvoluting Remaining Spots:  21%|██        | 200/956 [01:53<06:02,  2.09it/s]2026-02-18 17:55:21,327 - root - INFO - Saved checkpoint after 200 completed spots
Deconvoluting Remaining Spots:  21%|██        | 201/956 [01:57<16:19,  1.30s/it]Deconvoluting Remaining Spots:  22%|██▏       | 207/956 [01:57<05:06,  2.44it/s]Deconvoluting Remaining Spots:  22%|██▏       | 208/956 [01:57<05:16,  2.36it/s]Deconvoluting Remaining Spots:  22%|██▏       | 209/956 [01:58<05:27,  2.28it/s]Deconvoluting Remaining Spots:  22%|██▏       | 210/956 [01:59<05:47,  2.15it/s]Deconvoluting Remaining Spots:  22%|██▏       | 211/956 [01:59<06:33,  1.89it/s]Deconvoluting Remaining Spots:  22%|██▏       | 212/956 [02:00<05:41,  2.18it/s]Deconvoluting Remaining Spots:  22%|██▏       | 213/956 [02:01<07:20,  1.69it/s]Deconvoluting Remaining Spots:  22%|██▏       | 215/956 [02:01<05:35,  2.21it/s]Deconvoluting Remaining Spots:  23%|██▎       | 216/956 [02:02<05:46,  2.13it/s]Deconvoluting Remaining Spots:  23%|██▎       | 217/956 [02:02<05:20,  2.31it/s]Deconvoluting Remaining Spots:  23%|██▎       | 218/956 [02:03<06:30,  1.89it/s]Deconvoluting Remaining Spots:  23%|██▎       | 219/956 [02:03<06:44,  1.82it/s]Deconvoluting Remaining Spots:  23%|██▎       | 220/956 [02:04<06:28,  1.89it/s]Deconvoluting Remaining Spots:  23%|██▎       | 221/956 [02:04<06:22,  1.92it/s]Deconvoluting Remaining Spots:  23%|██▎       | 222/956 [02:05<06:12,  1.97it/s]Deconvoluting Remaining Spots:  23%|██▎       | 223/956 [02:06<06:59,  1.75it/s]Deconvoluting Remaining Spots:  23%|██▎       | 224/956 [02:06<05:58,  2.04it/s]Deconvoluting Remaining Spots:  24%|██▎       | 225/956 [02:06<05:59,  2.03it/s]Deconvoluting Remaining Spots:  24%|██▎       | 226/956 [02:07<06:33,  1.85it/s]Deconvoluting Remaining Spots:  24%|██▎       | 227/956 [02:07<06:04,  2.00it/s]Deconvoluting Remaining Spots:  24%|██▍       | 228/956 [02:08<06:01,  2.01it/s]Deconvoluting Remaining Spots:  24%|██▍       | 229/956 [02:08<06:04,  2.00it/s]Deconvoluting Remaining Spots:  24%|██▍       | 230/956 [02:09<06:05,  1.98it/s]Deconvoluting Remaining Spots:  24%|██▍       | 231/956 [02:09<06:16,  1.93it/s]Deconvoluting Remaining Spots:  24%|██▍       | 232/956 [02:10<06:24,  1.88it/s]Deconvoluting Remaining Spots:  24%|██▍       | 233/956 [02:11<07:09,  1.68it/s]Deconvoluting Remaining Spots:  24%|██▍       | 234/956 [02:11<06:55,  1.74it/s]Deconvoluting Remaining Spots:  25%|██▍       | 235/956 [02:12<07:47,  1.54it/s]Deconvoluting Remaining Spots:  25%|██▍       | 236/956 [02:12<06:52,  1.75it/s]Deconvoluting Remaining Spots:  25%|██▍       | 237/956 [02:13<05:20,  2.24it/s]Deconvoluting Remaining Spots:  25%|██▍       | 238/956 [02:13<04:58,  2.40it/s]Deconvoluting Remaining Spots:  25%|██▌       | 239/956 [02:13<05:18,  2.25it/s]Deconvoluting Remaining Spots:  25%|██▌       | 240/956 [02:14<05:35,  2.14it/s]Deconvoluting Remaining Spots:  25%|██▌       | 241/956 [02:15<06:02,  1.97it/s]Deconvoluting Remaining Spots:  25%|██▌       | 242/956 [02:15<06:05,  1.95it/s]Deconvoluting Remaining Spots:  25%|██▌       | 243/956 [02:16<06:10,  1.93it/s]Deconvoluting Remaining Spots:  26%|██▌       | 244/956 [02:16<06:22,  1.86it/s]Deconvoluting Remaining Spots:  26%|██▌       | 245/956 [02:17<06:04,  1.95it/s]Deconvoluting Remaining Spots:  26%|██▌       | 246/956 [02:17<06:46,  1.75it/s]Deconvoluting Remaining Spots:  26%|██▌       | 247/956 [02:18<07:35,  1.56it/s]Deconvoluting Remaining Spots:  26%|██▌       | 249/956 [02:19<05:38,  2.09it/s]Deconvoluting Remaining Spots:  26%|██▌       | 250/956 [02:20<06:53,  1.71it/s]Deconvoluting Remaining Spots:  26%|██▋       | 251/956 [02:20<05:34,  2.11it/s]Deconvoluting Remaining Spots:  26%|██▋       | 252/956 [02:20<06:04,  1.93it/s]Deconvoluting Remaining Spots:  26%|██▋       | 253/956 [02:21<05:28,  2.14it/s]Deconvoluting Remaining Spots:  27%|██▋       | 254/956 [02:21<05:53,  1.99it/s]Deconvoluting Remaining Spots:  27%|██▋       | 255/956 [02:22<05:52,  1.99it/s]Deconvoluting Remaining Spots:  27%|██▋       | 256/956 [02:23<06:14,  1.87it/s]Deconvoluting Remaining Spots:  27%|██▋       | 257/956 [02:24<09:06,  1.28it/s]Deconvoluting Remaining Spots:  27%|██▋       | 259/956 [02:24<05:17,  2.19it/s]Deconvoluting Remaining Spots:  27%|██▋       | 260/956 [02:25<05:38,  2.06it/s]Deconvoluting Remaining Spots:  27%|██▋       | 261/956 [02:25<05:08,  2.25it/s]Deconvoluting Remaining Spots:  27%|██▋       | 262/956 [02:25<05:18,  2.18it/s]Deconvoluting Remaining Spots:  28%|██▊       | 263/956 [02:26<05:45,  2.01it/s]Deconvoluting Remaining Spots:  28%|██▊       | 264/956 [02:27<05:50,  1.98it/s]Deconvoluting Remaining Spots:  28%|██▊       | 265/956 [02:27<05:55,  1.94it/s]Deconvoluting Remaining Spots:  28%|██▊       | 266/956 [02:28<05:39,  2.03it/s]Deconvoluting Remaining Spots:  28%|██▊       | 267/956 [02:28<05:25,  2.12it/s]Deconvoluting Remaining Spots:  28%|██▊       | 268/956 [02:29<05:57,  1.93it/s]Deconvoluting Remaining Spots:  28%|██▊       | 269/956 [02:29<05:47,  1.98it/s]Deconvoluting Remaining Spots:  28%|██▊       | 270/956 [02:30<05:52,  1.95it/s]Deconvoluting Remaining Spots:  28%|██▊       | 271/956 [02:30<06:17,  1.81it/s]Deconvoluting Remaining Spots:  28%|██▊       | 272/956 [02:31<07:01,  1.62it/s]Deconvoluting Remaining Spots:  29%|██▊       | 273/956 [02:31<05:28,  2.08it/s]Deconvoluting Remaining Spots:  29%|██▊       | 274/956 [02:32<05:49,  1.95it/s]Deconvoluting Remaining Spots:  29%|██▉       | 275/956 [02:32<05:58,  1.90it/s]Deconvoluting Remaining Spots:  29%|██▉       | 276/956 [02:33<05:33,  2.04it/s]Deconvoluting Remaining Spots:  29%|██▉       | 277/956 [02:33<05:24,  2.09it/s]Deconvoluting Remaining Spots:  29%|██▉       | 278/956 [02:34<05:35,  2.02it/s]Deconvoluting Remaining Spots:  29%|██▉       | 279/956 [02:34<05:45,  1.96it/s]Deconvoluting Remaining Spots:  29%|██▉       | 280/956 [02:35<06:40,  1.69it/s]Deconvoluting Remaining Spots:  29%|██▉       | 281/956 [02:35<05:42,  1.97it/s]Deconvoluting Remaining Spots:  29%|██▉       | 282/956 [02:36<06:02,  1.86it/s]Deconvoluting Remaining Spots:  30%|██▉       | 283/956 [02:36<05:36,  2.00it/s]Deconvoluting Remaining Spots:  30%|██▉       | 284/956 [02:37<05:33,  2.01it/s]Deconvoluting Remaining Spots:  30%|██▉       | 285/956 [02:37<05:32,  2.02it/s]Deconvoluting Remaining Spots:  30%|██▉       | 286/956 [02:38<05:23,  2.07it/s]Deconvoluting Remaining Spots:  30%|███       | 287/956 [02:39<07:32,  1.48it/s]Deconvoluting Remaining Spots:  30%|███       | 289/956 [02:39<05:18,  2.09it/s]Deconvoluting Remaining Spots:  30%|███       | 290/956 [02:41<08:14,  1.35it/s]Deconvoluting Remaining Spots:  31%|███       | 293/956 [02:42<05:08,  2.15it/s]Deconvoluting Remaining Spots:  31%|███       | 294/956 [02:42<05:09,  2.14it/s]Deconvoluting Remaining Spots:  31%|███       | 295/956 [02:44<07:45,  1.42it/s]Deconvoluting Remaining Spots:  31%|███       | 297/956 [02:44<05:02,  2.18it/s]Deconvoluting Remaining Spots:  31%|███       | 298/956 [02:44<05:05,  2.15it/s]Deconvoluting Remaining Spots:  31%|███▏      | 299/956 [02:45<05:09,  2.12it/s]Deconvoluting Remaining Spots:  31%|███▏      | 300/956 [02:45<05:12,  2.10it/s]2026-02-18 17:56:14,587 - root - INFO - Saved checkpoint after 300 completed spots
Deconvoluting Remaining Spots:  31%|███▏      | 301/956 [02:50<17:16,  1.58s/it]Deconvoluting Remaining Spots:  32%|███▏      | 310/956 [02:50<04:24,  2.44it/s]Deconvoluting Remaining Spots:  33%|███▎      | 311/956 [02:51<04:27,  2.41it/s]Deconvoluting Remaining Spots:  33%|███▎      | 312/956 [02:51<04:41,  2.29it/s]Deconvoluting Remaining Spots:  33%|███▎      | 313/956 [02:52<05:03,  2.12it/s]Deconvoluting Remaining Spots:  33%|███▎      | 314/956 [02:53<04:55,  2.18it/s]Deconvoluting Remaining Spots:  33%|███▎      | 315/956 [02:53<05:21,  1.99it/s]Deconvoluting Remaining Spots:  33%|███▎      | 316/956 [02:54<04:55,  2.16it/s]Deconvoluting Remaining Spots:  33%|███▎      | 317/956 [02:54<05:09,  2.07it/s]Deconvoluting Remaining Spots:  33%|███▎      | 318/956 [02:54<04:48,  2.21it/s]Deconvoluting Remaining Spots:  33%|███▎      | 319/956 [02:55<05:25,  1.95it/s]Deconvoluting Remaining Spots:  33%|███▎      | 320/956 [02:56<06:52,  1.54it/s]Deconvoluting Remaining Spots:  34%|███▎      | 322/956 [02:57<04:59,  2.12it/s]Deconvoluting Remaining Spots:  34%|███▍      | 323/956 [02:57<05:10,  2.04it/s]Deconvoluting Remaining Spots:  34%|███▍      | 324/956 [02:58<05:14,  2.01it/s]Deconvoluting Remaining Spots:  34%|███▍      | 325/956 [02:59<06:31,  1.61it/s]Deconvoluting Remaining Spots:  34%|███▍      | 326/956 [02:59<05:29,  1.91it/s]Deconvoluting Remaining Spots:  34%|███▍      | 327/956 [03:00<06:12,  1.69it/s]Deconvoluting Remaining Spots:  34%|███▍      | 328/956 [03:00<04:59,  2.10it/s]Deconvoluting Remaining Spots:  34%|███▍      | 329/956 [03:00<05:03,  2.06it/s]Deconvoluting Remaining Spots:  35%|███▍      | 330/956 [03:01<06:59,  1.49it/s]Deconvoluting Remaining Spots:  35%|███▍      | 331/956 [03:02<05:40,  1.84it/s]Deconvoluting Remaining Spots:  35%|███▍      | 332/956 [03:02<04:42,  2.21it/s]Deconvoluting Remaining Spots:  35%|███▍      | 333/956 [03:02<04:24,  2.35it/s]Deconvoluting Remaining Spots:  35%|███▍      | 334/956 [03:03<04:33,  2.27it/s]Deconvoluting Remaining Spots:  35%|███▌      | 335/956 [03:04<06:09,  1.68it/s]Deconvoluting Remaining Spots:  35%|███▌      | 336/956 [03:04<04:41,  2.20it/s]Deconvoluting Remaining Spots:  35%|███▌      | 337/956 [03:05<06:07,  1.68it/s]Deconvoluting Remaining Spots:  35%|███▌      | 339/956 [03:05<04:30,  2.28it/s]Deconvoluting Remaining Spots:  36%|███▌      | 340/956 [03:06<05:03,  2.03it/s]Deconvoluting Remaining Spots:  36%|███▌      | 341/956 [03:07<05:23,  1.90it/s]Deconvoluting Remaining Spots:  36%|███▌      | 342/956 [03:07<06:07,  1.67it/s]Deconvoluting Remaining Spots:  36%|███▌      | 343/956 [03:08<04:58,  2.05it/s]Deconvoluting Remaining Spots:  36%|███▌      | 344/956 [03:08<04:45,  2.14it/s]Deconvoluting Remaining Spots:  36%|███▌      | 345/956 [03:09<04:53,  2.08it/s]Deconvoluting Remaining Spots:  36%|███▌      | 346/956 [03:09<05:11,  1.96it/s]Deconvoluting Remaining Spots:  36%|███▋      | 347/956 [03:11<07:52,  1.29it/s]Deconvoluting Remaining Spots:  37%|███▋      | 349/956 [03:12<06:45,  1.50it/s]Deconvoluting Remaining Spots:  37%|███▋      | 351/956 [03:12<04:21,  2.32it/s]Deconvoluting Remaining Spots:  37%|███▋      | 352/956 [03:12<04:13,  2.39it/s]Deconvoluting Remaining Spots:  37%|███▋      | 353/956 [03:13<04:39,  2.16it/s]Deconvoluting Remaining Spots:  37%|███▋      | 354/956 [03:13<04:54,  2.04it/s]Deconvoluting Remaining Spots:  37%|███▋      | 355/956 [03:14<05:11,  1.93it/s]Deconvoluting Remaining Spots:  37%|███▋      | 356/956 [03:15<06:27,  1.55it/s]Deconvoluting Remaining Spots:  37%|███▋      | 358/956 [03:15<04:45,  2.09it/s]Deconvoluting Remaining Spots:  38%|███▊      | 359/956 [03:16<04:39,  2.13it/s]Deconvoluting Remaining Spots:  38%|███▊      | 360/956 [03:16<04:43,  2.10it/s]Deconvoluting Remaining Spots:  38%|███▊      | 361/956 [03:17<04:48,  2.06it/s]Deconvoluting Remaining Spots:  38%|███▊      | 362/956 [03:17<04:49,  2.05it/s]Deconvoluting Remaining Spots:  38%|███▊      | 363/956 [03:18<04:51,  2.04it/s]Deconvoluting Remaining Spots:  38%|███▊      | 364/956 [03:18<05:04,  1.94it/s]Deconvoluting Remaining Spots:  38%|███▊      | 365/956 [03:19<05:14,  1.88it/s]Deconvoluting Remaining Spots:  38%|███▊      | 366/956 [03:20<05:14,  1.87it/s]Deconvoluting Remaining Spots:  38%|███▊      | 367/956 [03:20<05:05,  1.93it/s]Deconvoluting Remaining Spots:  38%|███▊      | 368/956 [03:20<04:44,  2.07it/s]Deconvoluting Remaining Spots:  39%|███▊      | 369/956 [03:21<05:20,  1.83it/s]Deconvoluting Remaining Spots:  39%|███▊      | 370/956 [03:22<04:58,  1.97it/s]Deconvoluting Remaining Spots:  39%|███▉      | 371/956 [03:22<05:56,  1.64it/s]Deconvoluting Remaining Spots:  39%|███▉      | 372/956 [03:23<05:37,  1.73it/s]Deconvoluting Remaining Spots:  39%|███▉      | 373/956 [03:23<04:50,  2.01it/s]Deconvoluting Remaining Spots:  39%|███▉      | 374/956 [03:24<05:36,  1.73it/s]Deconvoluting Remaining Spots:  39%|███▉      | 375/956 [03:25<05:55,  1.63it/s]Deconvoluting Remaining Spots:  39%|███▉      | 376/956 [03:25<05:19,  1.82it/s]Deconvoluting Remaining Spots:  40%|███▉      | 378/956 [03:26<04:11,  2.30it/s]Deconvoluting Remaining Spots:  40%|███▉      | 379/956 [03:26<04:36,  2.09it/s]Deconvoluting Remaining Spots:  40%|███▉      | 380/956 [03:27<04:29,  2.14it/s]Deconvoluting Remaining Spots:  40%|███▉      | 381/956 [03:27<04:22,  2.19it/s]Deconvoluting Remaining Spots:  40%|███▉      | 382/956 [03:28<04:14,  2.25it/s]Deconvoluting Remaining Spots:  40%|████      | 383/956 [03:28<04:32,  2.10it/s]Deconvoluting Remaining Spots:  40%|████      | 384/956 [03:29<04:33,  2.09it/s]Deconvoluting Remaining Spots:  40%|████      | 385/956 [03:29<04:59,  1.91it/s]Deconvoluting Remaining Spots:  40%|████      | 386/956 [03:30<05:46,  1.64it/s]Deconvoluting Remaining Spots:  40%|████      | 387/956 [03:31<05:29,  1.72it/s]Deconvoluting Remaining Spots:  41%|████      | 388/956 [03:31<04:35,  2.06it/s]Deconvoluting Remaining Spots:  41%|████      | 389/956 [03:32<05:17,  1.79it/s]Deconvoluting Remaining Spots:  41%|████      | 390/956 [03:32<04:38,  2.03it/s]Deconvoluting Remaining Spots:  41%|████      | 391/956 [03:33<06:41,  1.41it/s]Deconvoluting Remaining Spots:  41%|████      | 393/956 [03:33<04:04,  2.30it/s]Deconvoluting Remaining Spots:  41%|████      | 394/956 [03:34<04:16,  2.19it/s]Deconvoluting Remaining Spots:  41%|████▏     | 395/956 [03:34<04:08,  2.25it/s]Deconvoluting Remaining Spots:  41%|████▏     | 396/956 [03:35<04:21,  2.14it/s]Deconvoluting Remaining Spots:  42%|████▏     | 397/956 [03:35<04:27,  2.09it/s]Deconvoluting Remaining Spots:  42%|████▏     | 398/956 [03:36<04:36,  2.02it/s]Deconvoluting Remaining Spots:  42%|████▏     | 399/956 [03:36<04:25,  2.10it/s]Deconvoluting Remaining Spots:  42%|████▏     | 400/956 [03:37<04:26,  2.09it/s]2026-02-18 17:57:07,493 - root - INFO - Saved checkpoint after 400 completed spots
Deconvoluting Remaining Spots:  42%|████▏     | 401/956 [03:43<19:39,  2.12s/it]Deconvoluting Remaining Spots:  43%|████▎     | 413/956 [03:44<03:39,  2.48it/s]Deconvoluting Remaining Spots:  43%|████▎     | 414/956 [03:44<03:35,  2.51it/s]Deconvoluting Remaining Spots:  43%|████▎     | 415/956 [03:45<03:53,  2.32it/s]Deconvoluting Remaining Spots:  44%|████▎     | 416/956 [03:45<04:08,  2.18it/s]Deconvoluting Remaining Spots:  44%|████▎     | 417/956 [03:46<04:10,  2.15it/s]Deconvoluting Remaining Spots:  44%|████▎     | 418/956 [03:46<04:12,  2.13it/s]Deconvoluting Remaining Spots:  44%|████▍     | 419/956 [03:47<04:37,  1.93it/s]Deconvoluting Remaining Spots:  44%|████▍     | 420/956 [03:47<04:14,  2.11it/s]Deconvoluting Remaining Spots:  44%|████▍     | 421/956 [03:48<04:15,  2.09it/s]Deconvoluting Remaining Spots:  44%|████▍     | 422/956 [03:48<04:36,  1.93it/s]Deconvoluting Remaining Spots:  44%|████▍     | 423/956 [03:49<04:29,  1.98it/s]Deconvoluting Remaining Spots:  44%|████▍     | 424/956 [03:50<05:32,  1.60it/s]Deconvoluting Remaining Spots:  44%|████▍     | 425/956 [03:50<04:15,  2.08it/s]Deconvoluting Remaining Spots:  45%|████▍     | 426/956 [03:50<04:21,  2.03it/s]Deconvoluting Remaining Spots:  45%|████▍     | 427/956 [03:51<04:06,  2.14it/s]Deconvoluting Remaining Spots:  45%|████▍     | 428/956 [03:51<04:34,  1.92it/s]Deconvoluting Remaining Spots:  45%|████▍     | 429/956 [03:52<04:29,  1.95it/s]Deconvoluting Remaining Spots:  45%|████▍     | 430/956 [03:53<05:52,  1.49it/s]Deconvoluting Remaining Spots:  45%|████▌     | 431/956 [03:53<05:18,  1.65it/s]Deconvoluting Remaining Spots:  45%|████▌     | 433/956 [03:54<03:55,  2.23it/s]Deconvoluting Remaining Spots:  45%|████▌     | 434/956 [03:55<04:17,  2.03it/s]Deconvoluting Remaining Spots:  46%|████▌     | 435/956 [03:55<04:13,  2.06it/s]Deconvoluting Remaining Spots:  46%|████▌     | 436/956 [03:55<04:03,  2.14it/s]Deconvoluting Remaining Spots:  46%|████▌     | 437/956 [03:56<04:08,  2.09it/s]Deconvoluting Remaining Spots:  46%|████▌     | 438/956 [03:56<04:04,  2.12it/s]Deconvoluting Remaining Spots:  46%|████▌     | 439/956 [03:57<04:07,  2.09it/s]Deconvoluting Remaining Spots:  46%|████▌     | 440/956 [03:58<04:30,  1.91it/s]Deconvoluting Remaining Spots:  46%|████▌     | 441/956 [03:58<05:08,  1.67it/s]Deconvoluting Remaining Spots:  46%|████▌     | 442/956 [03:59<04:51,  1.76it/s]Deconvoluting Remaining Spots:  46%|████▋     | 443/956 [03:59<03:51,  2.22it/s]Deconvoluting Remaining Spots:  46%|████▋     | 444/956 [04:00<04:11,  2.04it/s]Deconvoluting Remaining Spots:  47%|████▋     | 445/956 [04:00<04:01,  2.11it/s]Deconvoluting Remaining Spots:  47%|████▋     | 446/956 [04:00<04:00,  2.12it/s]Deconvoluting Remaining Spots:  47%|████▋     | 447/956 [04:01<04:07,  2.06it/s]Deconvoluting Remaining Spots:  47%|████▋     | 448/956 [04:02<04:16,  1.98it/s]Deconvoluting Remaining Spots:  47%|████▋     | 449/956 [04:02<04:58,  1.70it/s]Deconvoluting Remaining Spots:  47%|████▋     | 450/956 [04:03<04:13,  2.00it/s]Deconvoluting Remaining Spots:  47%|████▋     | 451/956 [04:03<04:11,  2.00it/s]Deconvoluting Remaining Spots:  47%|████▋     | 452/956 [04:04<04:42,  1.78it/s]Deconvoluting Remaining Spots:  47%|████▋     | 453/956 [04:04<04:01,  2.08it/s]Deconvoluting Remaining Spots:  47%|████▋     | 454/956 [04:05<04:11,  2.00it/s]Deconvoluting Remaining Spots:  48%|████▊     | 455/956 [04:05<04:46,  1.75it/s]Deconvoluting Remaining Spots:  48%|████▊     | 456/956 [04:06<04:01,  2.07it/s]Deconvoluting Remaining Spots:  48%|████▊     | 457/956 [04:07<04:59,  1.67it/s]Deconvoluting Remaining Spots:  48%|████▊     | 458/956 [04:07<04:16,  1.95it/s]Deconvoluting Remaining Spots:  48%|████▊     | 459/956 [04:07<03:24,  2.43it/s]Deconvoluting Remaining Spots:  48%|████▊     | 460/956 [04:08<03:34,  2.31it/s]Deconvoluting Remaining Spots:  48%|████▊     | 461/956 [04:08<03:46,  2.18it/s]Deconvoluting Remaining Spots:  48%|████▊     | 462/956 [04:08<03:45,  2.19it/s]Deconvoluting Remaining Spots:  48%|████▊     | 463/956 [04:09<04:05,  2.01it/s]Deconvoluting Remaining Spots:  49%|████▊     | 464/956 [04:10<04:04,  2.01it/s]Deconvoluting Remaining Spots:  49%|████▊     | 465/956 [04:10<04:21,  1.88it/s]Deconvoluting Remaining Spots:  49%|████▊     | 466/956 [04:11<03:57,  2.07it/s]Deconvoluting Remaining Spots:  49%|████▉     | 467/956 [04:11<04:06,  1.98it/s]Deconvoluting Remaining Spots:  49%|████▉     | 468/956 [04:12<03:57,  2.05it/s]Deconvoluting Remaining Spots:  49%|████▉     | 469/956 [04:12<03:55,  2.07it/s]Deconvoluting Remaining Spots:  49%|████▉     | 470/956 [04:13<04:00,  2.02it/s]Deconvoluting Remaining Spots:  49%|████▉     | 471/956 [04:13<03:59,  2.03it/s]Deconvoluting Remaining Spots:  49%|████▉     | 472/956 [04:14<04:12,  1.92it/s]Deconvoluting Remaining Spots:  49%|████▉     | 473/956 [04:14<04:53,  1.65it/s]Deconvoluting Remaining Spots:  50%|████▉     | 474/956 [04:15<03:47,  2.12it/s]Deconvoluting Remaining Spots:  50%|████▉     | 475/956 [04:15<03:51,  2.08it/s]Deconvoluting Remaining Spots:  50%|████▉     | 476/956 [04:16<03:55,  2.03it/s]Deconvoluting Remaining Spots:  50%|████▉     | 477/956 [04:16<03:47,  2.11it/s]Deconvoluting Remaining Spots:  50%|█████     | 478/956 [04:17<04:07,  1.93it/s]Deconvoluting Remaining Spots:  50%|█████     | 479/956 [04:17<03:43,  2.13it/s]Deconvoluting Remaining Spots:  50%|█████     | 480/956 [04:18<03:54,  2.03it/s]Deconvoluting Remaining Spots:  50%|█████     | 481/956 [04:18<04:00,  1.97it/s]Deconvoluting Remaining Spots:  50%|█████     | 482/956 [04:19<04:10,  1.89it/s]Deconvoluting Remaining Spots:  51%|█████     | 483/956 [04:19<04:11,  1.88it/s]Deconvoluting Remaining Spots:  51%|█████     | 484/956 [04:20<05:17,  1.49it/s]Deconvoluting Remaining Spots:  51%|█████     | 485/956 [04:21<04:27,  1.76it/s]Deconvoluting Remaining Spots:  51%|█████     | 486/956 [04:21<03:28,  2.26it/s]Deconvoluting Remaining Spots:  51%|█████     | 487/956 [04:21<03:35,  2.17it/s]Deconvoluting Remaining Spots:  51%|█████     | 488/956 [04:22<03:44,  2.08it/s]Deconvoluting Remaining Spots:  51%|█████     | 489/956 [04:22<03:55,  1.98it/s]Deconvoluting Remaining Spots:  51%|█████▏    | 490/956 [04:23<04:16,  1.82it/s]Deconvoluting Remaining Spots:  51%|█████▏    | 491/956 [04:23<03:53,  1.99it/s]Deconvoluting Remaining Spots:  51%|█████▏    | 492/956 [04:24<03:41,  2.09it/s]Deconvoluting Remaining Spots:  52%|█████▏    | 493/956 [04:24<03:43,  2.07it/s]Deconvoluting Remaining Spots:  52%|█████▏    | 494/956 [04:25<03:50,  2.01it/s]Deconvoluting Remaining Spots:  52%|█████▏    | 495/956 [04:25<04:06,  1.87it/s]Deconvoluting Remaining Spots:  52%|█████▏    | 496/956 [04:26<04:08,  1.85it/s]Deconvoluting Remaining Spots:  52%|█████▏    | 497/956 [04:27<04:31,  1.69it/s]Deconvoluting Remaining Spots:  52%|█████▏    | 498/956 [04:27<04:03,  1.88it/s]Deconvoluting Remaining Spots:  52%|█████▏    | 499/956 [04:27<03:34,  2.13it/s]Deconvoluting Remaining Spots:  52%|█████▏    | 500/956 [04:28<03:38,  2.09it/s]2026-02-18 17:58:02,167 - root - INFO - Saved checkpoint after 500 completed spots
Deconvoluting Remaining Spots:  52%|█████▏    | 501/956 [04:37<24:16,  3.20s/it]Deconvoluting Remaining Spots:  54%|█████▍    | 519/956 [04:38<02:50,  2.56it/s]Deconvoluting Remaining Spots:  54%|█████▍    | 521/956 [04:39<03:08,  2.31it/s]Deconvoluting Remaining Spots:  55%|█████▍    | 522/956 [04:40<03:10,  2.28it/s]Deconvoluting Remaining Spots:  55%|█████▍    | 523/956 [04:41<03:20,  2.16it/s]Deconvoluting Remaining Spots:  55%|█████▍    | 524/956 [04:41<03:21,  2.14it/s]Deconvoluting Remaining Spots:  55%|█████▌    | 526/956 [04:42<03:05,  2.31it/s]Deconvoluting Remaining Spots:  55%|█████▌    | 527/956 [04:42<03:15,  2.20it/s]Deconvoluting Remaining Spots:  55%|█████▌    | 528/956 [04:43<03:21,  2.13it/s]Deconvoluting Remaining Spots:  55%|█████▌    | 529/956 [04:43<03:21,  2.12it/s]Deconvoluting Remaining Spots:  55%|█████▌    | 530/956 [04:44<03:14,  2.19it/s]Deconvoluting Remaining Spots:  56%|█████▌    | 531/956 [04:44<03:15,  2.18it/s]Deconvoluting Remaining Spots:  56%|█████▌    | 532/956 [04:45<03:13,  2.19it/s]Deconvoluting Remaining Spots:  56%|█████▌    | 533/956 [04:46<04:14,  1.66it/s]Deconvoluting Remaining Spots:  56%|█████▌    | 534/956 [04:46<03:20,  2.11it/s]Deconvoluting Remaining Spots:  56%|█████▌    | 535/956 [04:46<03:09,  2.22it/s]Deconvoluting Remaining Spots:  56%|█████▌    | 536/956 [04:47<03:26,  2.04it/s]Deconvoluting Remaining Spots:  56%|█████▌    | 537/956 [04:48<04:28,  1.56it/s]Deconvoluting Remaining Spots:  56%|█████▋    | 539/956 [04:48<03:13,  2.16it/s]Deconvoluting Remaining Spots:  56%|█████▋    | 540/956 [04:49<03:16,  2.12it/s]Deconvoluting Remaining Spots:  57%|█████▋    | 541/956 [04:49<03:17,  2.10it/s]Deconvoluting Remaining Spots:  57%|█████▋    | 542/956 [04:50<03:25,  2.01it/s]Deconvoluting Remaining Spots:  57%|█████▋    | 543/956 [04:50<03:31,  1.95it/s]Deconvoluting Remaining Spots:  57%|█████▋    | 544/956 [04:51<03:39,  1.88it/s]Deconvoluting Remaining Spots:  57%|█████▋    | 545/956 [04:52<04:15,  1.61it/s]Deconvoluting Remaining Spots:  57%|█████▋    | 546/956 [04:52<04:13,  1.62it/s]Deconvoluting Remaining Spots:  57%|█████▋    | 548/956 [04:53<03:29,  1.95it/s]Deconvoluting Remaining Spots:  57%|█████▋    | 549/956 [04:53<02:57,  2.30it/s]Deconvoluting Remaining Spots:  58%|█████▊    | 550/956 [04:54<03:32,  1.91it/s]Deconvoluting Remaining Spots:  58%|█████▊    | 551/956 [04:55<03:34,  1.89it/s]Deconvoluting Remaining Spots:  58%|█████▊    | 552/956 [04:56<04:37,  1.46it/s]Deconvoluting Remaining Spots:  58%|█████▊    | 553/956 [04:56<03:57,  1.70it/s]Deconvoluting Remaining Spots:  58%|█████▊    | 554/956 [04:56<03:01,  2.21it/s]Deconvoluting Remaining Spots:  58%|█████▊    | 555/956 [04:56<02:29,  2.68it/s]Deconvoluting Remaining Spots:  58%|█████▊    | 556/956 [04:57<03:04,  2.16it/s]Deconvoluting Remaining Spots:  58%|█████▊    | 557/956 [04:58<03:09,  2.10it/s]Deconvoluting Remaining Spots:  58%|█████▊    | 558/956 [04:58<03:19,  1.99it/s]Deconvoluting Remaining Spots:  58%|█████▊    | 559/956 [04:59<03:49,  1.73it/s]Deconvoluting Remaining Spots:  59%|█████▊    | 560/956 [05:00<04:40,  1.41it/s]Deconvoluting Remaining Spots:  59%|█████▊    | 561/956 [05:00<04:04,  1.62it/s]Deconvoluting Remaining Spots:  59%|█████▉    | 563/956 [05:01<02:49,  2.32it/s]Deconvoluting Remaining Spots:  59%|█████▉    | 564/956 [05:01<03:04,  2.13it/s]Deconvoluting Remaining Spots:  59%|█████▉    | 565/956 [05:02<03:05,  2.11it/s]Deconvoluting Remaining Spots:  59%|█████▉    | 566/956 [05:02<03:09,  2.06it/s]Deconvoluting Remaining Spots:  59%|█████▉    | 567/956 [05:03<03:05,  2.09it/s]Deconvoluting Remaining Spots:  59%|█████▉    | 568/956 [05:03<03:25,  1.89it/s]Deconvoluting Remaining Spots:  60%|█████▉    | 569/956 [05:04<03:09,  2.05it/s]Deconvoluting Remaining Spots:  60%|█████▉    | 570/956 [05:04<03:19,  1.93it/s]Deconvoluting Remaining Spots:  60%|█████▉    | 571/956 [05:05<02:57,  2.17it/s]Deconvoluting Remaining Spots:  60%|█████▉    | 572/956 [05:05<03:14,  1.97it/s]Deconvoluting Remaining Spots:  60%|█████▉    | 573/956 [05:06<03:14,  1.97it/s]Deconvoluting Remaining Spots:  60%|██████    | 574/956 [05:06<03:17,  1.94it/s]Deconvoluting Remaining Spots:  60%|██████    | 575/956 [05:07<03:44,  1.70it/s]Deconvoluting Remaining Spots:  60%|██████    | 576/956 [05:07<03:07,  2.03it/s]Deconvoluting Remaining Spots:  60%|██████    | 577/956 [05:08<03:03,  2.07it/s]Deconvoluting Remaining Spots:  60%|██████    | 578/956 [05:08<02:59,  2.10it/s]Deconvoluting Remaining Spots:  61%|██████    | 579/956 [05:09<03:02,  2.07it/s]Deconvoluting Remaining Spots:  61%|██████    | 580/956 [05:09<03:00,  2.08it/s]Deconvoluting Remaining Spots:  61%|██████    | 581/956 [05:10<03:12,  1.95it/s]Deconvoluting Remaining Spots:  61%|██████    | 582/956 [05:11<03:49,  1.63it/s]Deconvoluting Remaining Spots:  61%|██████    | 583/956 [05:11<03:08,  1.98it/s]Deconvoluting Remaining Spots:  61%|██████    | 584/956 [05:12<03:11,  1.94it/s]Deconvoluting Remaining Spots:  61%|██████    | 585/956 [05:12<03:03,  2.02it/s]Deconvoluting Remaining Spots:  61%|██████▏   | 586/956 [05:12<02:48,  2.20it/s]Deconvoluting Remaining Spots:  61%|██████▏   | 587/956 [05:13<02:57,  2.08it/s]Deconvoluting Remaining Spots:  62%|██████▏   | 588/956 [05:13<02:58,  2.07it/s]Deconvoluting Remaining Spots:  62%|██████▏   | 589/956 [05:14<03:11,  1.92it/s]Deconvoluting Remaining Spots:  62%|██████▏   | 590/956 [05:15<03:20,  1.83it/s]Deconvoluting Remaining Spots:  62%|██████▏   | 591/956 [05:15<03:18,  1.84it/s]Deconvoluting Remaining Spots:  62%|██████▏   | 592/956 [05:16<03:33,  1.71it/s]Deconvoluting Remaining Spots:  62%|██████▏   | 593/956 [05:16<02:49,  2.14it/s]Deconvoluting Remaining Spots:  62%|██████▏   | 594/956 [05:17<02:57,  2.04it/s]Deconvoluting Remaining Spots:  62%|██████▏   | 595/956 [05:17<02:55,  2.05it/s]Deconvoluting Remaining Spots:  62%|██████▏   | 596/956 [05:18<02:59,  2.01it/s]Deconvoluting Remaining Spots:  62%|██████▏   | 597/956 [05:19<03:47,  1.58it/s]Deconvoluting Remaining Spots:  63%|██████▎   | 599/956 [05:19<02:43,  2.18it/s]Deconvoluting Remaining Spots:  63%|██████▎   | 600/956 [05:20<02:56,  2.02it/s]2026-02-18 17:58:55,547 - root - INFO - Saved checkpoint after 600 completed spots
Deconvoluting Remaining Spots:  63%|██████▎   | 601/956 [05:31<19:26,  3.29s/it]Deconvoluting Remaining Spots:  65%|██████▌   | 622/956 [05:31<02:08,  2.60it/s]Deconvoluting Remaining Spots:  65%|██████▌   | 625/956 [05:33<02:12,  2.49it/s]Deconvoluting Remaining Spots:  66%|██████▌   | 627/956 [05:34<02:23,  2.29it/s]Deconvoluting Remaining Spots:  66%|██████▌   | 629/956 [05:35<02:30,  2.17it/s]Deconvoluting Remaining Spots:  66%|██████▌   | 630/956 [05:36<02:31,  2.15it/s]Deconvoluting Remaining Spots:  66%|██████▌   | 632/956 [05:36<02:17,  2.36it/s]Deconvoluting Remaining Spots:  66%|██████▌   | 633/956 [05:37<02:29,  2.15it/s]Deconvoluting Remaining Spots:  66%|██████▋   | 634/956 [05:38<02:43,  1.97it/s]Deconvoluting Remaining Spots:  66%|██████▋   | 635/956 [05:39<03:26,  1.55it/s]Deconvoluting Remaining Spots:  67%|██████▋   | 637/956 [05:39<02:39,  2.00it/s]Deconvoluting Remaining Spots:  67%|██████▋   | 638/956 [05:40<02:39,  2.00it/s]Deconvoluting Remaining Spots:  67%|██████▋   | 639/956 [05:40<02:25,  2.18it/s]Deconvoluting Remaining Spots:  67%|██████▋   | 640/956 [05:41<02:30,  2.10it/s]Deconvoluting Remaining Spots:  67%|██████▋   | 641/956 [05:41<02:49,  1.85it/s]Deconvoluting Remaining Spots:  67%|██████▋   | 642/956 [05:42<02:42,  1.94it/s]Deconvoluting Remaining Spots:  67%|██████▋   | 643/956 [05:42<02:48,  1.86it/s]Deconvoluting Remaining Spots:  67%|██████▋   | 644/956 [05:43<02:54,  1.79it/s]Deconvoluting Remaining Spots:  67%|██████▋   | 645/956 [05:44<02:58,  1.75it/s]Deconvoluting Remaining Spots:  68%|██████▊   | 646/956 [05:44<03:13,  1.60it/s]Deconvoluting Remaining Spots:  68%|██████▊   | 647/956 [05:45<02:28,  2.09it/s]Deconvoluting Remaining Spots:  68%|██████▊   | 648/956 [05:45<02:40,  1.92it/s]Deconvoluting Remaining Spots:  68%|██████▊   | 649/956 [05:46<03:22,  1.52it/s]Deconvoluting Remaining Spots:  68%|██████▊   | 650/956 [05:47<03:04,  1.66it/s]Deconvoluting Remaining Spots:  68%|██████▊   | 652/956 [05:47<02:18,  2.20it/s]Deconvoluting Remaining Spots:  68%|██████▊   | 653/956 [05:48<02:37,  1.92it/s]Deconvoluting Remaining Spots:  68%|██████▊   | 654/956 [05:48<02:16,  2.21it/s]Deconvoluting Remaining Spots:  69%|██████▊   | 655/956 [05:49<02:27,  2.04it/s]Deconvoluting Remaining Spots:  69%|██████▊   | 656/956 [05:49<02:23,  2.09it/s]Deconvoluting Remaining Spots:  69%|██████▊   | 657/956 [05:50<02:44,  1.82it/s]Deconvoluting Remaining Spots:  69%|██████▉   | 658/956 [05:50<02:15,  2.19it/s]Deconvoluting Remaining Spots:  69%|██████▉   | 659/956 [05:51<02:23,  2.07it/s]Deconvoluting Remaining Spots:  69%|██████▉   | 660/956 [05:51<02:21,  2.09it/s]Deconvoluting Remaining Spots:  69%|██████▉   | 661/956 [05:52<02:36,  1.88it/s]Deconvoluting Remaining Spots:  69%|██████▉   | 662/956 [05:53<03:04,  1.60it/s]Deconvoluting Remaining Spots:  69%|██████▉   | 663/956 [05:53<02:28,  1.98it/s]Deconvoluting Remaining Spots:  69%|██████▉   | 664/956 [05:54<02:37,  1.86it/s]Deconvoluting Remaining Spots:  70%|██████▉   | 665/956 [05:54<03:06,  1.56it/s]Deconvoluting Remaining Spots:  70%|██████▉   | 667/956 [05:55<02:22,  2.03it/s]Deconvoluting Remaining Spots:  70%|██████▉   | 668/956 [05:55<02:15,  2.12it/s]Deconvoluting Remaining Spots:  70%|██████▉   | 669/956 [05:56<02:15,  2.11it/s]Deconvoluting Remaining Spots:  70%|███████   | 670/956 [05:56<02:12,  2.15it/s]Deconvoluting Remaining Spots:  70%|███████   | 671/956 [05:57<02:09,  2.21it/s]Deconvoluting Remaining Spots:  70%|███████   | 672/956 [05:57<02:15,  2.09it/s]Deconvoluting Remaining Spots:  70%|███████   | 673/956 [05:58<02:22,  1.99it/s]Deconvoluting Remaining Spots:  71%|███████   | 674/956 [05:58<02:19,  2.02it/s]Deconvoluting Remaining Spots:  71%|███████   | 675/956 [05:59<02:35,  1.80it/s]Deconvoluting Remaining Spots:  71%|███████   | 676/956 [05:59<02:20,  1.99it/s]Deconvoluting Remaining Spots:  71%|███████   | 677/956 [06:00<02:48,  1.66it/s]Deconvoluting Remaining Spots:  71%|███████   | 678/956 [06:01<03:20,  1.39it/s]Deconvoluting Remaining Spots:  71%|███████   | 680/956 [06:02<02:41,  1.71it/s]Deconvoluting Remaining Spots:  71%|███████   | 681/956 [06:03<02:26,  1.88it/s]Deconvoluting Remaining Spots:  71%|███████▏  | 682/956 [06:03<02:19,  1.96it/s]Deconvoluting Remaining Spots:  71%|███████▏  | 683/956 [06:04<02:29,  1.82it/s]Deconvoluting Remaining Spots:  72%|███████▏  | 684/956 [06:04<02:21,  1.92it/s]Deconvoluting Remaining Spots:  72%|███████▏  | 685/956 [06:05<02:33,  1.77it/s]Deconvoluting Remaining Spots:  72%|███████▏  | 686/956 [06:05<02:21,  1.91it/s]Deconvoluting Remaining Spots:  72%|███████▏  | 687/956 [06:06<02:23,  1.87it/s]Deconvoluting Remaining Spots:  72%|███████▏  | 688/956 [06:06<02:13,  2.01it/s]Deconvoluting Remaining Spots:  72%|███████▏  | 689/956 [06:07<02:19,  1.91it/s]Deconvoluting Remaining Spots:  72%|███████▏  | 690/956 [06:07<02:09,  2.06it/s]Deconvoluting Remaining Spots:  72%|███████▏  | 691/956 [06:08<02:02,  2.16it/s]Deconvoluting Remaining Spots:  72%|███████▏  | 692/956 [06:08<02:17,  1.92it/s]Deconvoluting Remaining Spots:  72%|███████▏  | 693/956 [06:09<02:14,  1.95it/s]Deconvoluting Remaining Spots:  73%|███████▎  | 694/956 [06:09<02:15,  1.94it/s]Deconvoluting Remaining Spots:  73%|███████▎  | 695/956 [06:10<02:17,  1.90it/s]Deconvoluting Remaining Spots:  73%|███████▎  | 696/956 [06:11<02:53,  1.50it/s]Deconvoluting Remaining Spots:  73%|███████▎  | 697/956 [06:11<02:32,  1.70it/s]Deconvoluting Remaining Spots:  73%|███████▎  | 698/956 [06:11<01:54,  2.25it/s]Deconvoluting Remaining Spots:  73%|███████▎  | 699/956 [06:12<02:06,  2.03it/s]Deconvoluting Remaining Spots:  73%|███████▎  | 700/956 [06:12<01:52,  2.27it/s]2026-02-18 17:59:49,499 - root - INFO - Saved checkpoint after 700 completed spots
Deconvoluting Remaining Spots:  73%|███████▎  | 701/956 [06:25<17:20,  4.08s/it]Deconvoluting Remaining Spots:  76%|███████▌  | 724/956 [06:25<01:28,  2.62it/s]Deconvoluting Remaining Spots:  76%|███████▋  | 729/956 [06:28<01:41,  2.23it/s]Deconvoluting Remaining Spots:  77%|███████▋  | 733/956 [06:30<01:37,  2.29it/s]Deconvoluting Remaining Spots:  77%|███████▋  | 736/956 [06:32<01:40,  2.19it/s]Deconvoluting Remaining Spots:  77%|███████▋  | 738/956 [06:32<01:37,  2.23it/s]Deconvoluting Remaining Spots:  77%|███████▋  | 740/956 [06:33<01:34,  2.29it/s]Deconvoluting Remaining Spots:  78%|███████▊  | 742/956 [06:34<01:43,  2.06it/s]Deconvoluting Remaining Spots:  78%|███████▊  | 743/956 [06:35<01:36,  2.20it/s]Deconvoluting Remaining Spots:  78%|███████▊  | 744/956 [06:36<01:52,  1.88it/s]Deconvoluting Remaining Spots:  78%|███████▊  | 745/956 [06:36<01:43,  2.04it/s]Deconvoluting Remaining Spots:  78%|███████▊  | 746/956 [06:37<01:54,  1.83it/s]Deconvoluting Remaining Spots:  78%|███████▊  | 747/956 [06:37<01:46,  1.96it/s]Deconvoluting Remaining Spots:  78%|███████▊  | 748/956 [06:38<01:53,  1.83it/s]Deconvoluting Remaining Spots:  78%|███████▊  | 749/956 [06:38<01:40,  2.06it/s]Deconvoluting Remaining Spots:  78%|███████▊  | 750/956 [06:39<02:12,  1.56it/s]Deconvoluting Remaining Spots:  79%|███████▊  | 751/956 [06:40<01:55,  1.77it/s]Deconvoluting Remaining Spots:  79%|███████▉  | 753/956 [06:40<01:34,  2.15it/s]Deconvoluting Remaining Spots:  79%|███████▉  | 754/956 [06:41<01:44,  1.94it/s]Deconvoluting Remaining Spots:  79%|███████▉  | 755/956 [06:41<01:33,  2.14it/s]Deconvoluting Remaining Spots:  79%|███████▉  | 756/956 [06:42<01:38,  2.02it/s]Deconvoluting Remaining Spots:  79%|███████▉  | 757/956 [06:42<01:39,  2.00it/s]Deconvoluting Remaining Spots:  79%|███████▉  | 758/956 [06:43<02:06,  1.57it/s]Deconvoluting Remaining Spots:  79%|███████▉  | 759/956 [06:44<01:57,  1.67it/s]Deconvoluting Remaining Spots:  79%|███████▉  | 760/956 [06:44<01:33,  2.10it/s]Deconvoluting Remaining Spots:  80%|███████▉  | 761/956 [06:44<01:23,  2.33it/s]Deconvoluting Remaining Spots:  80%|███████▉  | 762/956 [06:45<01:31,  2.12it/s]Deconvoluting Remaining Spots:  80%|███████▉  | 763/956 [06:45<01:32,  2.08it/s]Deconvoluting Remaining Spots:  80%|███████▉  | 764/956 [06:46<02:05,  1.53it/s]Deconvoluting Remaining Spots:  80%|████████  | 765/956 [06:47<01:54,  1.67it/s]Deconvoluting Remaining Spots:  80%|████████  | 766/956 [06:47<01:39,  1.92it/s]Deconvoluting Remaining Spots:  80%|████████  | 767/956 [06:47<01:23,  2.27it/s]Deconvoluting Remaining Spots:  80%|████████  | 768/956 [06:48<01:51,  1.69it/s]Deconvoluting Remaining Spots:  81%|████████  | 770/956 [06:49<01:20,  2.31it/s]Deconvoluting Remaining Spots:  81%|████████  | 771/956 [06:49<01:22,  2.25it/s]Deconvoluting Remaining Spots:  81%|████████  | 772/956 [06:50<01:24,  2.18it/s]Deconvoluting Remaining Spots:  81%|████████  | 773/956 [06:51<01:37,  1.88it/s]Deconvoluting Remaining Spots:  81%|████████  | 774/956 [06:51<01:32,  1.97it/s]Deconvoluting Remaining Spots:  81%|████████  | 775/956 [06:52<01:32,  1.96it/s]Deconvoluting Remaining Spots:  81%|████████  | 776/956 [06:52<01:34,  1.90it/s]Deconvoluting Remaining Spots:  81%|████████▏ | 777/956 [06:53<01:36,  1.86it/s]Deconvoluting Remaining Spots:  81%|████████▏ | 778/956 [06:53<01:35,  1.87it/s]Deconvoluting Remaining Spots:  81%|████████▏ | 779/956 [06:54<01:36,  1.84it/s]Deconvoluting Remaining Spots:  82%|████████▏ | 780/956 [06:54<01:42,  1.72it/s]Deconvoluting Remaining Spots:  82%|████████▏ | 781/956 [06:55<01:25,  2.04it/s]Deconvoluting Remaining Spots:  82%|████████▏ | 782/956 [06:56<01:40,  1.74it/s]Deconvoluting Remaining Spots:  82%|████████▏ | 783/956 [06:56<01:42,  1.69it/s]Deconvoluting Remaining Spots:  82%|████████▏ | 784/956 [06:56<01:21,  2.10it/s]Deconvoluting Remaining Spots:  82%|████████▏ | 785/956 [06:57<01:14,  2.29it/s]Deconvoluting Remaining Spots:  82%|████████▏ | 786/956 [06:57<01:16,  2.22it/s]Deconvoluting Remaining Spots:  82%|████████▏ | 787/956 [06:58<01:21,  2.06it/s]Deconvoluting Remaining Spots:  82%|████████▏ | 788/956 [06:58<01:28,  1.91it/s]Deconvoluting Remaining Spots:  83%|████████▎ | 789/956 [06:59<01:32,  1.80it/s]Deconvoluting Remaining Spots:  83%|████████▎ | 790/956 [06:59<01:22,  2.02it/s]Deconvoluting Remaining Spots:  83%|████████▎ | 791/956 [07:00<01:17,  2.13it/s]Deconvoluting Remaining Spots:  83%|████████▎ | 792/956 [07:00<01:16,  2.14it/s]Deconvoluting Remaining Spots:  83%|████████▎ | 793/956 [07:01<01:16,  2.14it/s]Deconvoluting Remaining Spots:  83%|████████▎ | 794/956 [07:02<01:57,  1.38it/s]Deconvoluting Remaining Spots:  83%|████████▎ | 795/956 [07:02<01:34,  1.71it/s]Deconvoluting Remaining Spots:  83%|████████▎ | 796/956 [07:02<01:13,  2.16it/s]Deconvoluting Remaining Spots:  83%|████████▎ | 797/956 [07:03<01:18,  2.02it/s]Deconvoluting Remaining Spots:  83%|████████▎ | 798/956 [07:04<01:19,  1.99it/s]Deconvoluting Remaining Spots:  84%|████████▎ | 799/956 [07:04<01:33,  1.67it/s]Deconvoluting Remaining Spots:  84%|████████▎ | 800/956 [07:05<01:11,  2.18it/s]2026-02-18 18:00:41,785 - root - INFO - Saved checkpoint after 800 completed spots
Deconvoluting Remaining Spots:  84%|████████▍ | 801/956 [07:17<10:33,  4.09s/it]Deconvoluting Remaining Spots:  86%|████████▋ | 825/956 [07:17<00:49,  2.64it/s]Deconvoluting Remaining Spots:  87%|████████▋ | 827/956 [07:19<00:54,  2.38it/s]Deconvoluting Remaining Spots:  87%|████████▋ | 829/956 [07:20<00:52,  2.42it/s]Deconvoluting Remaining Spots:  87%|████████▋ | 831/956 [07:21<00:51,  2.42it/s]Deconvoluting Remaining Spots:  87%|████████▋ | 832/956 [07:21<00:52,  2.38it/s]Deconvoluting Remaining Spots:  87%|████████▋ | 833/956 [07:22<00:54,  2.27it/s]Deconvoluting Remaining Spots:  87%|████████▋ | 834/956 [07:23<01:02,  1.96it/s]Deconvoluting Remaining Spots:  87%|████████▋ | 835/956 [07:23<01:02,  1.94it/s]Deconvoluting Remaining Spots:  87%|████████▋ | 836/956 [07:24<01:01,  1.95it/s]Deconvoluting Remaining Spots:  88%|████████▊ | 837/956 [07:24<01:02,  1.89it/s]Deconvoluting Remaining Spots:  88%|████████▊ | 838/956 [07:25<01:03,  1.87it/s]Deconvoluting Remaining Spots:  88%|████████▊ | 839/956 [07:25<00:58,  2.00it/s]Deconvoluting Remaining Spots:  88%|████████▊ | 840/956 [07:25<00:46,  2.47it/s]Deconvoluting Remaining Spots:  88%|████████▊ | 841/956 [07:26<00:51,  2.23it/s]Deconvoluting Remaining Spots:  88%|████████▊ | 842/956 [07:27<00:56,  2.01it/s]Deconvoluting Remaining Spots:  88%|████████▊ | 843/956 [07:28<01:11,  1.58it/s]Deconvoluting Remaining Spots:  88%|████████▊ | 845/956 [07:28<00:48,  2.29it/s]Deconvoluting Remaining Spots:  88%|████████▊ | 846/956 [07:28<00:48,  2.25it/s]Deconvoluting Remaining Spots:  89%|████████▊ | 847/956 [07:29<00:50,  2.17it/s]Deconvoluting Remaining Spots:  89%|████████▊ | 848/956 [07:29<00:50,  2.13it/s]Deconvoluting Remaining Spots:  89%|████████▉ | 849/956 [07:30<00:53,  1.99it/s]Deconvoluting Remaining Spots:  89%|████████▉ | 850/956 [07:30<00:53,  2.00it/s]Deconvoluting Remaining Spots:  89%|████████▉ | 851/956 [07:31<00:53,  1.96it/s]Deconvoluting Remaining Spots:  89%|████████▉ | 852/956 [07:31<00:49,  2.12it/s]Deconvoluting Remaining Spots:  89%|████████▉ | 853/956 [07:32<00:50,  2.03it/s]Deconvoluting Remaining Spots:  89%|████████▉ | 854/956 [07:33<01:12,  1.41it/s]Deconvoluting Remaining Spots:  89%|████████▉ | 855/956 [07:33<00:59,  1.70it/s]Deconvoluting Remaining Spots:  90%|████████▉ | 856/956 [07:34<00:46,  2.14it/s]Deconvoluting Remaining Spots:  90%|████████▉ | 857/956 [07:34<00:49,  2.01it/s]Deconvoluting Remaining Spots:  90%|████████▉ | 858/956 [07:35<00:48,  2.01it/s]Deconvoluting Remaining Spots:  90%|████████▉ | 859/956 [07:35<00:45,  2.12it/s]Deconvoluting Remaining Spots:  90%|████████▉ | 860/956 [07:36<00:44,  2.15it/s]Deconvoluting Remaining Spots:  90%|█████████ | 861/956 [07:36<00:44,  2.13it/s]Deconvoluting Remaining Spots:  90%|█████████ | 862/956 [07:37<00:46,  2.00it/s]Deconvoluting Remaining Spots:  90%|█████████ | 863/956 [07:37<00:44,  2.08it/s]Deconvoluting Remaining Spots:  90%|█████████ | 864/956 [07:38<00:46,  1.97it/s]Deconvoluting Remaining Spots:  90%|█████████ | 865/956 [07:38<00:47,  1.92it/s]Deconvoluting Remaining Spots:  91%|█████████ | 866/956 [07:39<00:45,  1.96it/s]Deconvoluting Remaining Spots:  91%|█████████ | 867/956 [07:39<00:48,  1.84it/s]Deconvoluting Remaining Spots:  91%|█████████ | 868/956 [07:40<00:41,  2.10it/s]Deconvoluting Remaining Spots:  91%|█████████ | 869/956 [07:40<00:47,  1.83it/s]Deconvoluting Remaining Spots:  91%|█████████ | 870/956 [07:41<00:42,  2.00it/s]Deconvoluting Remaining Spots:  91%|█████████ | 871/956 [07:42<00:51,  1.66it/s]Deconvoluting Remaining Spots:  91%|█████████ | 872/956 [07:42<00:51,  1.62it/s]Deconvoluting Remaining Spots:  91%|█████████▏| 873/956 [07:43<00:44,  1.87it/s]Deconvoluting Remaining Spots:  91%|█████████▏| 874/956 [07:43<00:35,  2.29it/s]Deconvoluting Remaining Spots:  92%|█████████▏| 875/956 [07:43<00:36,  2.25it/s]Deconvoluting Remaining Spots:  92%|█████████▏| 876/956 [07:44<00:36,  2.18it/s]Deconvoluting Remaining Spots:  92%|█████████▏| 877/956 [07:44<00:39,  2.02it/s]Deconvoluting Remaining Spots:  92%|█████████▏| 878/956 [07:45<00:37,  2.07it/s]Deconvoluting Remaining Spots:  92%|█████████▏| 879/956 [07:45<00:36,  2.12it/s]Deconvoluting Remaining Spots:  92%|█████████▏| 880/956 [07:46<00:38,  1.98it/s]Deconvoluting Remaining Spots:  92%|█████████▏| 881/956 [07:46<00:37,  2.01it/s]Deconvoluting Remaining Spots:  92%|█████████▏| 882/956 [07:47<00:36,  2.05it/s]Deconvoluting Remaining Spots:  92%|█████████▏| 883/956 [07:47<00:36,  1.98it/s]Deconvoluting Remaining Spots:  92%|█████████▏| 884/956 [07:48<00:34,  2.07it/s]Deconvoluting Remaining Spots:  93%|█████████▎| 885/956 [07:48<00:36,  1.93it/s]Deconvoluting Remaining Spots:  93%|█████████▎| 886/956 [07:49<00:36,  1.91it/s]Deconvoluting Remaining Spots:  93%|█████████▎| 887/956 [07:50<00:41,  1.66it/s]Deconvoluting Remaining Spots:  93%|█████████▎| 888/956 [07:50<00:33,  2.02it/s]Deconvoluting Remaining Spots:  93%|█████████▎| 889/956 [07:50<00:33,  2.00it/s]Deconvoluting Remaining Spots:  93%|█████████▎| 890/956 [07:51<00:32,  2.03it/s]Deconvoluting Remaining Spots:  93%|█████████▎| 891/956 [07:51<00:31,  2.08it/s]Deconvoluting Remaining Spots:  93%|█████████▎| 892/956 [07:52<00:31,  2.02it/s]Deconvoluting Remaining Spots:  93%|█████████▎| 893/956 [07:52<00:32,  1.93it/s]Deconvoluting Remaining Spots:  94%|█████████▎| 894/956 [07:53<00:27,  2.23it/s]Deconvoluting Remaining Spots:  94%|█████████▎| 895/956 [07:54<00:40,  1.52it/s]Deconvoluting Remaining Spots:  94%|█████████▎| 896/956 [07:54<00:35,  1.70it/s]Deconvoluting Remaining Spots:  94%|█████████▍| 897/956 [07:54<00:26,  2.25it/s]Deconvoluting Remaining Spots:  94%|█████████▍| 898/956 [07:55<00:25,  2.28it/s]Deconvoluting Remaining Spots:  94%|█████████▍| 899/956 [07:55<00:26,  2.13it/s]Deconvoluting Remaining Spots:  94%|█████████▍| 900/956 [07:56<00:27,  2.02it/s]2026-02-18 18:01:34,601 - root - INFO - Saved checkpoint after 900 completed spots
Deconvoluting Remaining Spots:  94%|█████████▍| 901/956 [08:10<04:09,  4.54s/it]Deconvoluting Remaining Spots:  97%|█████████▋| 928/956 [08:10<00:10,  2.69it/s]Deconvoluting Remaining Spots:  97%|█████████▋| 931/956 [08:12<00:09,  2.57it/s]Deconvoluting Remaining Spots:  98%|█████████▊| 934/956 [08:14<00:09,  2.30it/s]Deconvoluting Remaining Spots:  98%|█████████▊| 936/956 [08:14<00:08,  2.35it/s]Deconvoluting Remaining Spots:  98%|█████████▊| 938/956 [08:16<00:07,  2.28it/s]Deconvoluting Remaining Spots:  98%|█████████▊| 939/956 [08:16<00:07,  2.22it/s]Deconvoluting Remaining Spots:  98%|█████████▊| 940/956 [08:16<00:07,  2.26it/s]Deconvoluting Remaining Spots:  98%|█████████▊| 941/956 [08:17<00:06,  2.22it/s]Deconvoluting Remaining Spots:  99%|█████████▊| 942/956 [08:17<00:06,  2.18it/s]Deconvoluting Remaining Spots:  99%|█████████▊| 943/956 [08:18<00:05,  2.18it/s]Deconvoluting Remaining Spots:  99%|█████████▊| 944/956 [08:18<00:05,  2.21it/s]Deconvoluting Remaining Spots:  99%|█████████▉| 945/956 [08:19<00:05,  2.01it/s]Deconvoluting Remaining Spots:  99%|█████████▉| 946/956 [08:20<00:05,  1.96it/s]Deconvoluting Remaining Spots:  99%|█████████▉| 947/956 [08:20<00:04,  2.10it/s]Deconvoluting Remaining Spots:  99%|█████████▉| 948/956 [08:21<00:04,  1.95it/s]Deconvoluting Remaining Spots:  99%|█████████▉| 949/956 [08:21<00:03,  1.90it/s]Deconvoluting Remaining Spots:  99%|█████████▉| 950/956 [08:22<00:03,  1.80it/s]Deconvoluting Remaining Spots:  99%|█████████▉| 951/956 [08:22<00:02,  1.76it/s]Deconvoluting Remaining Spots: 100%|█████████▉| 952/956 [08:23<00:02,  1.96it/s]Deconvoluting Remaining Spots: 100%|█████████▉| 953/956 [08:24<00:01,  1.62it/s]Deconvoluting Remaining Spots: 100%|█████████▉| 954/956 [08:24<00:01,  1.70it/s]Deconvoluting Remaining Spots: 100%|█████████▉| 955/956 [08:25<00:00,  1.61it/s]Deconvoluting Remaining Spots: 100%|██████████| 956/956 [08:25<00:00,  1.91it/s]Deconvoluting Remaining Spots: 100%|██████████| 956/956 [08:25<00:00,  1.89it/s]
2026-02-18 18:02:01,269 - root - INFO - Saved final results with 956 completed spots
2026-02-18 18:02:11,986 - root - INFO - Saved profiles to Benchmarking/simulation_benchmarking/CITEgeist/output_discrete_weighting_only/mixed/dapi/mixed/dapi/Wu_rep_4/Wu_rep_4_gene_expression_pass1.parquet with cell types: ['B-cells', 'CAFs', 'Cancer Epithelial', 'Endothelial', 'Myeloid', 'Normal Epithelial', 'PVL', 'Plasmablasts', 'T-cells']
2026-02-18 18:02:16,267 - root - INFO - Successfully added layer: T-cells_genes_pass1
2026-02-18 18:02:16,882 - root - INFO - Successfully added layer: Normal_Epithelial_genes_pass1
2026-02-18 18:02:17,498 - root - INFO - Successfully added layer: Cancer_Epithelial_genes_pass1
2026-02-18 18:02:18,112 - root - INFO - Successfully added layer: Plasmablasts_genes_pass1
2026-02-18 18:02:18,728 - root - INFO - Successfully added layer: CAFs_genes_pass1
2026-02-18 18:02:19,344 - root - INFO - Successfully added layer: B-cells_genes_pass1
2026-02-18 18:02:19,959 - root - INFO - Successfully added layer: Myeloid_genes_pass1
2026-02-18 18:02:20,576 - root - INFO - Successfully added layer: PVL_genes_pass1
2026-02-18 18:02:21,191 - root - INFO - Successfully added layer: Endothelial_genes_pass1
2026-02-18 18:02:43,240 - root - INFO - Exported layer 'T-cells_genes_pass1' to 'Benchmarking/simulation_benchmarking/CITEgeist/output_discrete_weighting_only/mixed/dapi/mixed/dapi/Wu_rep_4/Wu_rep_4_pass1/layers/pass1/T-cells_layer_pass1.csv'
2026-02-18 18:03:05,409 - root - INFO - Exported layer 'Normal_Epithelial_genes_pass1' to 'Benchmarking/simulation_benchmarking/CITEgeist/output_discrete_weighting_only/mixed/dapi/mixed/dapi/Wu_rep_4/Wu_rep_4_pass1/layers/pass1/Normal_Epithelial_layer_pass1.csv'
2026-02-18 18:03:27,361 - root - INFO - Exported layer 'Cancer_Epithelial_genes_pass1' to 'Benchmarking/simulation_benchmarking/CITEgeist/output_discrete_weighting_only/mixed/dapi/mixed/dapi/Wu_rep_4/Wu_rep_4_pass1/layers/pass1/Cancer_Epithelial_layer_pass1.csv'
2026-02-18 18:03:48,771 - root - INFO - Exported layer 'Plasmablasts_genes_pass1' to 'Benchmarking/simulation_benchmarking/CITEgeist/output_discrete_weighting_only/mixed/dapi/mixed/dapi/Wu_rep_4/Wu_rep_4_pass1/layers/pass1/Plasmablasts_layer_pass1.csv'
2026-02-18 18:04:10,270 - root - INFO - Exported layer 'CAFs_genes_pass1' to 'Benchmarking/simulation_benchmarking/CITEgeist/output_discrete_weighting_only/mixed/dapi/mixed/dapi/Wu_rep_4/Wu_rep_4_pass1/layers/pass1/CAFs_layer_pass1.csv'
2026-02-18 18:04:31,605 - root - INFO - Exported layer 'B-cells_genes_pass1' to 'Benchmarking/simulation_benchmarking/CITEgeist/output_discrete_weighting_only/mixed/dapi/mixed/dapi/Wu_rep_4/Wu_rep_4_pass1/layers/pass1/B-cells_layer_pass1.csv'
2026-02-18 18:04:52,896 - root - INFO - Exported layer 'Myeloid_genes_pass1' to 'Benchmarking/simulation_benchmarking/CITEgeist/output_discrete_weighting_only/mixed/dapi/mixed/dapi/Wu_rep_4/Wu_rep_4_pass1/layers/pass1/Myeloid_layer_pass1.csv'
2026-02-18 18:05:14,149 - root - INFO - Exported layer 'PVL_genes_pass1' to 'Benchmarking/simulation_benchmarking/CITEgeist/output_discrete_weighting_only/mixed/dapi/mixed/dapi/Wu_rep_4/Wu_rep_4_pass1/layers/pass1/PVL_layer_pass1.csv'
2026-02-18 18:05:35,412 - root - INFO - Exported layer 'Endothelial_genes_pass1' to 'Benchmarking/simulation_benchmarking/CITEgeist/output_discrete_weighting_only/mixed/dapi/mixed/dapi/Wu_rep_4/Wu_rep_4_pass1/layers/pass1/Endothelial_layer_pass1.csv'
2026-02-18 18:05:35,412 - __main__ - INFO - GEX deconvolution completed in 732.1s
2026-02-18 18:08:46,822 - __main__ - INFO - Exported 9 cell type layers to Benchmarking/simulation_benchmarking/CITEgeist/output_discrete_weighting_only/mixed/dapi/mixed/dapi/Wu_rep_4/layers
2026-02-18 18:08:46,850 - __main__ - INFO - Comparing against ground truth GEX: /ix1/alee/LO_LAB/Personal/Brent_Schlegel/bts76/Projects/CITEgeist/Wu_Visium/Simulations/scCube_12k/replicates/mixed/ST_GEX_sim/sample_4/layers
2026-02-18 18:11:17,551 - __main__ - INFO - GEX Average RMSE: 0.1478
2026-02-18 18:11:17,551 - __main__ - INFO - GEX Average NRMSE: 0.0230
2026-02-18 18:11:17,599 - __main__ - INFO - Results saved to Benchmarking/simulation_benchmarking/CITEgeist/output_discrete_weighting_only/mixed/dapi/mixed/dapi/Wu_rep_4
