2026-02-18 16:50:46,208 - __main__ - INFO - ============================================================
2026-02-18 16:50:46,208 - __main__ - INFO - BENCHMARK: replicate=3, condition=mixed, mode=dapi
2026-02-18 16:50:46,208 - __main__ - INFO - ============================================================
2026-02-18 16:50:46,208 - __main__ - INFO - Loading image: /ix1/alee/LO_LAB/Personal/Alexander_Chang/alc376/CITEgeist/Benchmarking/simulation_benchmarking/CITEgeist/mixed/images/dapi/Wu_rep_3_cellpose.png
2026-02-18 16:50:46,800 - __main__ - INFO - Image shape: (8000, 8000, 3)
2026-02-18 16:50:46,801 - __main__ - INFO - Running Cellpose with model_type=nuclei
2026-02-18 16:50:50,764 - cellpose.models - WARNING - model_type argument is not used in v4.0.1+. Ignoring this argument...
2026-02-18 16:50:50,764 - cellpose.core - INFO - >>>> using CPU
2026-02-18 16:50:50,764 - cellpose.core - INFO - >>>> using CPU
2026-02-18 16:50:51,666 - cellpose.models - INFO - >>>> loading model /ihome/alee/alc376/.cellpose/models/cpsam
2026-02-18 16:50:51,918 - cellpose.models - WARNING - channels deprecated in v4.0.1+. If data contain more than 3 channels, only the first 3 channels will be used
2026-02-18 16:50:51,935 - cellpose.transforms - INFO - processing image with (8000, 8000) HW, and 3 channels
2026-02-18 16:56:50,500 - __main__ - INFO - Detected 4897 nuclei in 363.7s
2026-02-18 16:56:50,570 - __main__ - INFO - Nuclei count correlation: 0.987
2026-02-18 16:56:50,570 - __main__ - INFO - Nuclei count RMSE: 0.44
2026-02-18 16:56:50,571 - __main__ - INFO - Loading h5ad files...
2026-02-18 16:56:51,245 - root - INFO - Logging initialized.
2026-02-18 16:56:51,245 - __main__ - INFO - Using CLR preprocessing (continuous model style)
2026-02-18 16:56:51,369 - root - INFO - Normalization stats:
2026-02-18 16:56:51,369 - root - INFO - Original median total: 52549287164.00
2026-02-18 16:56:51,374 - root - INFO - Mean scaled total: 9979.76
2026-02-18 16:56:51,379 - root - INFO - Max scaled value: 10000.00
2026-02-18 16:56:51,441 - root - INFO - Gene expression data normalized to 10000 counts per spot and validated for discrete count analysis.
2026-02-18 16:56:51,442 - root - INFO - Mapped 18 markers to 9 cell types (preserving marker-level data)
2026-02-18 16:56:51,442 - __main__ - INFO - Discrete cell type order: ['B-cells', 'CAFs', 'Cancer Epithelial', 'Endothelial', 'Myeloid', 'Normal Epithelial', 'PVL', 'Plasmablasts', 'T-cells']
2026-02-18 16:56:51,443 - root - INFO - Mapped 18 markers to 9 cell types (preserving marker-level data)
2026-02-18 16:56:51,443 - root - INFO - Running discrete cell assignment: 956 spots, 18 markers, 9 cell types
2026-02-18 16:56:51,443 - root - INFO - Total nuclei: 4897, mean per spot: 5.12
2026-02-18 16:56:51,443 - root - INFO - Discrete cell assignment EM: 956 spots, 18 markers, 9 cell types
2026-02-18 16:56:51,443 - root - INFO - Total nuclei: 4897, mean per spot: 5.12
2026-02-18 16:56:51,444 - root - INFO - 
=== EM Iteration 1/10 ===
2026-02-18 16:56:51,444 - root - INFO - Global IQP: 956 spots x 9 cell types = 8604 integer variables
2026-02-18 16:56:51,444 - root - INFO - Time limit: 600.0s, MIP gap: 5.0%
2026-02-18 16:56:51,444 - root - INFO - Constraint slack: ±1 cells
2026-02-18 16:56:51,461 - gurobipy - INFO - Set parameter LicenseID to value 276015
2026-02-18 16:56:51,461 - gurobipy - INFO - Set parameter GURO_PAR_SPECIAL
2026-02-18 16:56:51,461 - gurobipy - INFO - Set parameter TokenServer to value "license.crc.pitt.edu"
2026-02-18 16:56:51,467 - gurobipy - INFO - Set parameter TimeLimit to value 600
2026-02-18 16:56:51,467 - gurobipy - INFO - Set parameter MIPGap to value 0.05
2026-02-18 16:56:52,387 - root - INFO - Starting global IQP optimization...
2026-02-18 16:56:52,387 - gurobipy - INFO - Gurobi Optimizer version 11.0.2 build v11.0.2rc0 (linux64 - "Red Hat Enterprise Linux 9.6 (Plow)")
2026-02-18 16:56:52,387 - gurobipy - INFO - 
2026-02-18 16:56:52,387 - gurobipy - INFO - CPU model: AMD EPYC 9575F 64-Core Processor, instruction set [SSE2|AVX|AVX2|AVX512]
2026-02-18 16:56:52,387 - gurobipy - INFO - Thread count: 128 physical cores, 128 logical processors, using up to 32 threads
2026-02-18 16:56:52,387 - gurobipy - INFO - 
2026-02-18 16:56:52,387 - gurobipy - INFO - Optimize a model with 1864 rows, 8604 columns and 16776 nonzeros
2026-02-18 16:56:52,388 - gurobipy - INFO - Model fingerprint: 0x543f8e45
2026-02-18 16:56:52,388 - gurobipy - INFO - Model has 8604 quadratic objective terms
2026-02-18 16:56:52,388 - gurobipy - INFO - Variable types: 0 continuous, 8604 integer (0 binary)
2026-02-18 16:56:52,388 - gurobipy - INFO - Coefficient statistics:
2026-02-18 16:56:52,388 - gurobipy - INFO -   Matrix range     [1e+00, 1e+00]
2026-02-18 16:56:52,388 - gurobipy - INFO -   Objective range  [2e-07, 4e+00]
2026-02-18 16:56:52,388 - gurobipy - INFO -   QObjective range [4e+00, 4e+00]
2026-02-18 16:56:52,388 - gurobipy - INFO -   Bounds range     [1e+00, 2e+01]
2026-02-18 16:56:52,388 - gurobipy - INFO -   RHS range        [1e+00, 2e+01]
2026-02-18 16:56:52,389 - gurobipy - INFO - 
2026-02-18 16:56:52,390 - gurobipy - INFO - Loaded user MIP start with objective 7302.59
2026-02-18 16:56:52,390 - gurobipy - INFO - 
2026-02-18 16:57:00,677 - gurobipy - INFO - Presolve removed 1862 rows and 8595 columns (presolve time = 8s) ...
2026-02-18 16:57:00,677 - gurobipy - INFO - Presolve removed 1862 rows and 8595 columns
2026-02-18 16:57:00,677 - gurobipy - INFO - Presolve time: 8.29s
2026-02-18 16:57:00,677 - gurobipy - INFO - Presolved: 2 rows, 9 columns, 18 nonzeros
2026-02-18 16:57:00,677 - gurobipy - INFO - Presolved model has 9 quadratic objective terms
2026-02-18 16:57:00,677 - gurobipy - INFO - Found heuristic solution: objective 4511.6169977
2026-02-18 16:57:00,678 - gurobipy - INFO - Variable types: 0 continuous, 9 integer (0 binary)
2026-02-18 16:57:00,678 - gurobipy - INFO - 
2026-02-18 16:57:00,678 - gurobipy - INFO - Explored 0 nodes (0 simplex iterations) in 8.29 seconds (0.26 work units)
2026-02-18 16:57:00,678 - gurobipy - INFO - Thread count was 32 (of 128 available processors)
2026-02-18 16:57:00,678 - gurobipy - INFO - 
2026-02-18 16:57:00,678 - gurobipy - INFO - Solution count 2: 4511.62 7302.59 
2026-02-18 16:57:00,678 - gurobipy - INFO - 
2026-02-18 16:57:00,678 - gurobipy - INFO - Optimal solution found (tolerance 5.00e-02)
2026-02-18 16:57:00,678 - gurobipy - INFO - Best objective 4.511616997747e+03, best bound 4.500950332118e+03, gap 0.2364%
2026-02-18 16:57:00,695 - root - INFO - Global IQP solved: status=2, gap=0.24%, time=8.3s
/ix1/alee/LO_LAB/Personal/Alexander_Chang/alc376/CITEgeist/CITEgeist/model/gurobi_impl.py:3800: RuntimeWarning: invalid value encountered in scalar divide
  loss_change = abs(prev_loss - loss) / max(abs(prev_loss), 1e-10)
2026-02-18 16:57:00,747 - root - INFO -   Loss: 805.7620 (change: nan)
2026-02-18 16:57:00,747 - root - INFO -   Beta range: [0.100, 0.689]
2026-02-18 16:57:00,747 - root - INFO -   Max beta change: 0.900000
2026-02-18 16:57:00,747 - root - INFO -   Cell count range: [0, 16]
2026-02-18 16:57:00,747 - root - INFO -     B-cells: 383 cells (9.3%)
2026-02-18 16:57:00,747 - root - INFO -     CAFs: 761 cells (18.6%)
2026-02-18 16:57:00,747 - root - INFO -     Cancer Epithelial: 844 cells (20.6%)
2026-02-18 16:57:00,747 - root - INFO -     Endothelial: 276 cells (6.7%)
2026-02-18 16:57:00,747 - root - INFO -     Myeloid: 447 cells (10.9%)
2026-02-18 16:57:00,747 - root - INFO -     Normal Epithelial: 286 cells (7.0%)
2026-02-18 16:57:00,747 - root - INFO -     PVL: 294 cells (7.2%)
2026-02-18 16:57:00,747 - root - INFO -     Plasmablasts: 349 cells (8.5%)
2026-02-18 16:57:00,747 - root - INFO -     T-cells: 461 cells (11.2%)
2026-02-18 16:57:00,747 - root - INFO - 
=== EM Iteration 2/10 ===
2026-02-18 16:57:00,747 - root - INFO - Global IQP: 956 spots x 9 cell types = 8604 integer variables
2026-02-18 16:57:00,747 - root - INFO - Time limit: 600.0s, MIP gap: 5.0%
2026-02-18 16:57:00,747 - root - INFO - Constraint slack: ±1 cells
2026-02-18 16:57:00,747 - gurobipy - INFO - Set parameter TimeLimit to value 600
2026-02-18 16:57:00,747 - gurobipy - INFO - Set parameter MIPGap to value 0.05
2026-02-18 16:57:01,700 - root - INFO - Starting global IQP optimization...
2026-02-18 16:57:01,701 - gurobipy - INFO - Gurobi Optimizer version 11.0.2 build v11.0.2rc0 (linux64 - "Red Hat Enterprise Linux 9.6 (Plow)")
2026-02-18 16:57:01,701 - gurobipy - INFO - 
2026-02-18 16:57:01,701 - gurobipy - INFO - CPU model: AMD EPYC 9575F 64-Core Processor, instruction set [SSE2|AVX|AVX2|AVX512]
2026-02-18 16:57:01,701 - gurobipy - INFO - Thread count: 128 physical cores, 128 logical processors, using up to 32 threads
2026-02-18 16:57:01,701 - gurobipy - INFO - 
2026-02-18 16:57:01,701 - gurobipy - INFO - Optimize a model with 1864 rows, 8604 columns and 16776 nonzeros
2026-02-18 16:57:01,701 - gurobipy - INFO - Model fingerprint: 0x91cd9e7c
2026-02-18 16:57:01,701 - gurobipy - INFO - Model has 8604 quadratic objective terms
2026-02-18 16:57:01,701 - gurobipy - INFO - Variable types: 0 continuous, 8604 integer (0 binary)
2026-02-18 16:57:01,701 - gurobipy - INFO - Coefficient statistics:
2026-02-18 16:57:01,701 - gurobipy - INFO -   Matrix range     [1e+00, 1e+00]
2026-02-18 16:57:01,701 - gurobipy - INFO -   Objective range  [2e-08, 3e+00]
2026-02-18 16:57:01,701 - gurobipy - INFO -   QObjective range [4e-02, 2e+00]
2026-02-18 16:57:01,701 - gurobipy - INFO -   Bounds range     [1e+00, 2e+01]
2026-02-18 16:57:01,701 - gurobipy - INFO -   RHS range        [1e+00, 2e+01]
2026-02-18 16:57:01,701 - gurobipy - INFO - 
2026-02-18 16:57:01,701 - gurobipy - INFO - Loaded user MIP start with objective 805.762
2026-02-18 16:57:01,701 - gurobipy - INFO - 
2026-02-18 16:57:05,761 - gurobipy - INFO - Presolve removed 1862 rows and 8595 columns
2026-02-18 16:57:05,761 - gurobipy - INFO - Presolve time: 4.06s
2026-02-18 16:57:05,761 - gurobipy - INFO - Presolved: 2 rows, 9 columns, 18 nonzeros
2026-02-18 16:57:05,761 - gurobipy - INFO - Presolved model has 9 quadratic objective terms
2026-02-18 16:57:05,761 - gurobipy - INFO - Found heuristic solution: objective 416.2163724
2026-02-18 16:57:05,761 - gurobipy - INFO - Variable types: 0 continuous, 9 integer (0 binary)
2026-02-18 16:57:05,762 - gurobipy - INFO - 
2026-02-18 16:57:05,762 - gurobipy - INFO - Explored 0 nodes (0 simplex iterations) in 4.06 seconds (0.10 work units)
2026-02-18 16:57:05,762 - gurobipy - INFO - Thread count was 32 (of 128 available processors)
2026-02-18 16:57:05,762 - gurobipy - INFO - 
2026-02-18 16:57:05,762 - gurobipy - INFO - Solution count 2: 416.216 805.762 
2026-02-18 16:57:05,762 - gurobipy - INFO - 
2026-02-18 16:57:05,762 - gurobipy - INFO - Optimal solution found (tolerance 5.00e-02)
2026-02-18 16:57:05,762 - gurobipy - INFO - Best objective 4.162163723537e+02, best bound 4.126314028028e+02, gap 0.8613%
2026-02-18 16:57:05,772 - root - INFO - Global IQP solved: status=2, gap=0.86%, time=4.1s
2026-02-18 16:57:05,823 - root - INFO -   Loss: 410.4541 (change: 0.490601)
2026-02-18 16:57:05,823 - root - INFO -   Beta range: [0.100, 0.546]
2026-02-18 16:57:05,823 - root - INFO -   Max beta change: 0.155212
2026-02-18 16:57:05,823 - root - INFO -   Cell count range: [1, 16]
2026-02-18 16:57:05,823 - root - INFO -     B-cells: 416 cells (8.5%)
2026-02-18 16:57:05,823 - root - INFO -     CAFs: 801 cells (16.3%)
2026-02-18 16:57:05,823 - root - INFO -     Cancer Epithelial: 721 cells (14.7%)
2026-02-18 16:57:05,823 - root - INFO -     Endothelial: 473 cells (9.7%)
2026-02-18 16:57:05,823 - root - INFO -     Myeloid: 453 cells (9.2%)
2026-02-18 16:57:05,823 - root - INFO -     Normal Epithelial: 431 cells (8.8%)
2026-02-18 16:57:05,823 - root - INFO -     PVL: 539 cells (11.0%)
2026-02-18 16:57:05,823 - root - INFO -     Plasmablasts: 598 cells (12.2%)
2026-02-18 16:57:05,823 - root - INFO -     T-cells: 469 cells (9.6%)
2026-02-18 16:57:05,823 - root - INFO - 
=== EM Iteration 3/10 ===
2026-02-18 16:57:05,823 - root - INFO - Global IQP: 956 spots x 9 cell types = 8604 integer variables
2026-02-18 16:57:05,823 - root - INFO - Time limit: 600.0s, MIP gap: 5.0%
2026-02-18 16:57:05,823 - root - INFO - Constraint slack: ±1 cells
2026-02-18 16:57:05,823 - gurobipy - INFO - Set parameter TimeLimit to value 600
2026-02-18 16:57:05,823 - gurobipy - INFO - Set parameter MIPGap to value 0.05
2026-02-18 16:57:06,475 - root - INFO - Starting global IQP optimization...
2026-02-18 16:57:06,475 - gurobipy - INFO - Gurobi Optimizer version 11.0.2 build v11.0.2rc0 (linux64 - "Red Hat Enterprise Linux 9.6 (Plow)")
2026-02-18 16:57:06,475 - gurobipy - INFO - 
2026-02-18 16:57:06,475 - gurobipy - INFO - CPU model: AMD EPYC 9575F 64-Core Processor, instruction set [SSE2|AVX|AVX2|AVX512]
2026-02-18 16:57:06,475 - gurobipy - INFO - Thread count: 128 physical cores, 128 logical processors, using up to 32 threads
2026-02-18 16:57:06,475 - gurobipy - INFO - 
2026-02-18 16:57:06,475 - gurobipy - INFO - Optimize a model with 1864 rows, 8604 columns and 16776 nonzeros
2026-02-18 16:57:06,476 - gurobipy - INFO - Model fingerprint: 0xefabb8e5
2026-02-18 16:57:06,476 - gurobipy - INFO - Model has 8604 quadratic objective terms
2026-02-18 16:57:06,476 - gurobipy - INFO - Variable types: 0 continuous, 8604 integer (0 binary)
2026-02-18 16:57:06,476 - gurobipy - INFO - Coefficient statistics:
2026-02-18 16:57:06,476 - gurobipy - INFO -   Matrix range     [1e+00, 1e+00]
2026-02-18 16:57:06,476 - gurobipy - INFO -   Objective range  [2e-08, 2e+00]
2026-02-18 16:57:06,476 - gurobipy - INFO -   QObjective range [4e-02, 1e+00]
2026-02-18 16:57:06,476 - gurobipy - INFO -   Bounds range     [1e+00, 2e+01]
2026-02-18 16:57:06,476 - gurobipy - INFO -   RHS range        [1e+00, 2e+01]
2026-02-18 16:57:06,476 - gurobipy - INFO - 
2026-02-18 16:57:06,476 - gurobipy - INFO - Loaded user MIP start with objective 410.454
2026-02-18 16:57:06,476 - gurobipy - INFO - 
2026-02-18 16:57:09,755 - gurobipy - INFO - Presolve removed 1862 rows and 8595 columns
2026-02-18 16:57:09,755 - gurobipy - INFO - Presolve time: 3.28s
2026-02-18 16:57:09,755 - gurobipy - INFO - Presolved: 2 rows, 9 columns, 18 nonzeros
2026-02-18 16:57:09,755 - gurobipy - INFO - Presolved model has 9 quadratic objective terms
2026-02-18 16:57:09,755 - gurobipy - INFO - Found heuristic solution: objective 361.9394690
2026-02-18 16:57:09,755 - gurobipy - INFO - Variable types: 0 continuous, 9 integer (0 binary)
2026-02-18 16:57:09,755 - gurobipy - INFO - 
2026-02-18 16:57:09,755 - gurobipy - INFO - Explored 0 nodes (0 simplex iterations) in 3.28 seconds (0.09 work units)
2026-02-18 16:57:09,755 - gurobipy - INFO - Thread count was 32 (of 128 available processors)
2026-02-18 16:57:09,755 - gurobipy - INFO - 
2026-02-18 16:57:09,755 - gurobipy - INFO - Solution count 2: 361.939 410.454 
2026-02-18 16:57:09,755 - gurobipy - INFO - 
2026-02-18 16:57:09,755 - gurobipy - INFO - Optimal solution found (tolerance 5.00e-02)
2026-02-18 16:57:09,755 - gurobipy - INFO - Best objective 3.619394689924e+02, best bound 3.582868041945e+02, gap 1.0092%
2026-02-18 16:57:09,768 - root - INFO - Global IQP solved: status=2, gap=1.01%, time=3.3s
2026-02-18 16:57:09,816 - root - INFO -   Loss: 399.2241 (change: 0.027360)
2026-02-18 16:57:09,816 - root - INFO -   Beta range: [0.100, 0.488]
2026-02-18 16:57:09,816 - root - INFO -   Max beta change: 0.138841
2026-02-18 16:57:09,816 - root - INFO -   Cell count range: [1, 16]
2026-02-18 16:57:09,816 - root - INFO -     B-cells: 416 cells (8.4%)
2026-02-18 16:57:09,816 - root - INFO -     CAFs: 877 cells (17.6%)
2026-02-18 16:57:09,816 - root - INFO -     Cancer Epithelial: 577 cells (11.6%)
2026-02-18 16:57:09,816 - root - INFO -     Endothelial: 537 cells (10.8%)
2026-02-18 16:57:09,816 - root - INFO -     Myeloid: 456 cells (9.2%)
2026-02-18 16:57:09,816 - root - INFO -     Normal Epithelial: 451 cells (9.1%)
2026-02-18 16:57:09,816 - root - INFO -     PVL: 604 cells (12.1%)
2026-02-18 16:57:09,816 - root - INFO -     Plasmablasts: 576 cells (11.6%)
2026-02-18 16:57:09,816 - root - INFO -     T-cells: 479 cells (9.6%)
2026-02-18 16:57:09,816 - root - INFO - 
=== EM Iteration 4/10 ===
2026-02-18 16:57:09,816 - root - INFO - Global IQP: 956 spots x 9 cell types = 8604 integer variables
2026-02-18 16:57:09,816 - root - INFO - Time limit: 600.0s, MIP gap: 5.0%
2026-02-18 16:57:09,816 - root - INFO - Constraint slack: ±1 cells
2026-02-18 16:57:09,816 - gurobipy - INFO - Set parameter TimeLimit to value 600
2026-02-18 16:57:09,817 - gurobipy - INFO - Set parameter MIPGap to value 0.05
2026-02-18 16:57:10,729 - root - INFO - Starting global IQP optimization...
2026-02-18 16:57:10,730 - gurobipy - INFO - Gurobi Optimizer version 11.0.2 build v11.0.2rc0 (linux64 - "Red Hat Enterprise Linux 9.6 (Plow)")
2026-02-18 16:57:10,730 - gurobipy - INFO - 
2026-02-18 16:57:10,730 - gurobipy - INFO - CPU model: AMD EPYC 9575F 64-Core Processor, instruction set [SSE2|AVX|AVX2|AVX512]
2026-02-18 16:57:10,730 - gurobipy - INFO - Thread count: 128 physical cores, 128 logical processors, using up to 32 threads
2026-02-18 16:57:10,730 - gurobipy - INFO - 
2026-02-18 16:57:10,730 - gurobipy - INFO - Optimize a model with 1864 rows, 8604 columns and 16776 nonzeros
2026-02-18 16:57:10,730 - gurobipy - INFO - Model fingerprint: 0x4fa3f1f1
2026-02-18 16:57:10,730 - gurobipy - INFO - Model has 8604 quadratic objective terms
2026-02-18 16:57:10,730 - gurobipy - INFO - Variable types: 0 continuous, 8604 integer (0 binary)
2026-02-18 16:57:10,730 - gurobipy - INFO - Coefficient statistics:
2026-02-18 16:57:10,730 - gurobipy - INFO -   Matrix range     [1e+00, 1e+00]
2026-02-18 16:57:10,730 - gurobipy - INFO -   Objective range  [2e-08, 2e+00]
2026-02-18 16:57:10,730 - gurobipy - INFO -   QObjective range [4e-02, 1e+00]
2026-02-18 16:57:10,730 - gurobipy - INFO -   Bounds range     [1e+00, 2e+01]
2026-02-18 16:57:10,730 - gurobipy - INFO -   RHS range        [1e+00, 2e+01]
2026-02-18 16:57:10,730 - gurobipy - INFO - 
2026-02-18 16:57:10,730 - gurobipy - INFO - Loaded user MIP start with objective 399.224
2026-02-18 16:57:10,730 - gurobipy - INFO - 
2026-02-18 16:57:13,459 - gurobipy - INFO - Presolve removed 1862 rows and 8595 columns
2026-02-18 16:57:13,459 - gurobipy - INFO - Presolve time: 2.73s
2026-02-18 16:57:13,459 - gurobipy - INFO - Presolved: 2 rows, 9 columns, 18 nonzeros
2026-02-18 16:57:13,459 - gurobipy - INFO - Presolved model has 9 quadratic objective terms
2026-02-18 16:57:13,459 - gurobipy - INFO - Found heuristic solution: objective 366.2823385
2026-02-18 16:57:13,459 - gurobipy - INFO - Variable types: 0 continuous, 9 integer (0 binary)
2026-02-18 16:57:13,460 - gurobipy - INFO - 
2026-02-18 16:57:13,460 - gurobipy - INFO - Explored 0 nodes (0 simplex iterations) in 2.73 seconds (0.09 work units)
2026-02-18 16:57:13,460 - gurobipy - INFO - Thread count was 32 (of 128 available processors)
2026-02-18 16:57:13,460 - gurobipy - INFO - 
2026-02-18 16:57:13,460 - gurobipy - INFO - Solution count 2: 366.282 399.224 
2026-02-18 16:57:13,460 - gurobipy - INFO - 
2026-02-18 16:57:13,460 - gurobipy - INFO - Optimal solution found (tolerance 5.00e-02)
2026-02-18 16:57:13,460 - gurobipy - INFO - Best objective 3.662823385462e+02, best bound 3.627157972127e+02, gap 0.9737%
2026-02-18 16:57:13,470 - root - INFO - Global IQP solved: status=2, gap=0.97%, time=2.7s
2026-02-18 16:57:13,520 - root - INFO -   Loss: 392.1130 (change: 0.017812)
2026-02-18 16:57:13,520 - root - INFO -   Beta range: [0.100, 0.457]
2026-02-18 16:57:13,520 - root - INFO -   Max beta change: 0.031414
2026-02-18 16:57:13,520 - root - INFO -   Cell count range: [1, 16]
2026-02-18 16:57:13,520 - root - INFO -     B-cells: 412 cells (8.3%)
2026-02-18 16:57:13,520 - root - INFO -     CAFs: 912 cells (18.3%)
2026-02-18 16:57:13,520 - root - INFO -     Cancer Epithelial: 487 cells (9.8%)
2026-02-18 16:57:13,520 - root - INFO -     Endothelial: 571 cells (11.4%)
2026-02-18 16:57:13,520 - root - INFO -     Myeloid: 454 cells (9.1%)
2026-02-18 16:57:13,520 - root - INFO -     Normal Epithelial: 478 cells (9.6%)
2026-02-18 16:57:13,520 - root - INFO -     PVL: 616 cells (12.3%)
2026-02-18 16:57:13,520 - root - INFO -     Plasmablasts: 574 cells (11.5%)
2026-02-18 16:57:13,520 - root - INFO -     T-cells: 485 cells (9.7%)
2026-02-18 16:57:13,520 - root - INFO - 
=== EM Iteration 5/10 ===
2026-02-18 16:57:13,520 - root - INFO - Global IQP: 956 spots x 9 cell types = 8604 integer variables
2026-02-18 16:57:13,520 - root - INFO - Time limit: 600.0s, MIP gap: 5.0%
2026-02-18 16:57:13,520 - root - INFO - Constraint slack: ±1 cells
2026-02-18 16:57:13,520 - gurobipy - INFO - Set parameter TimeLimit to value 600
2026-02-18 16:57:13,520 - gurobipy - INFO - Set parameter MIPGap to value 0.05
2026-02-18 16:57:14,374 - root - INFO - Starting global IQP optimization...
2026-02-18 16:57:14,374 - gurobipy - INFO - Gurobi Optimizer version 11.0.2 build v11.0.2rc0 (linux64 - "Red Hat Enterprise Linux 9.6 (Plow)")
2026-02-18 16:57:14,374 - gurobipy - INFO - 
2026-02-18 16:57:14,375 - gurobipy - INFO - CPU model: AMD EPYC 9575F 64-Core Processor, instruction set [SSE2|AVX|AVX2|AVX512]
2026-02-18 16:57:14,375 - gurobipy - INFO - Thread count: 128 physical cores, 128 logical processors, using up to 32 threads
2026-02-18 16:57:14,375 - gurobipy - INFO - 
2026-02-18 16:57:14,375 - gurobipy - INFO - Optimize a model with 1864 rows, 8604 columns and 16776 nonzeros
2026-02-18 16:57:14,375 - gurobipy - INFO - Model fingerprint: 0xdcbc2cc8
2026-02-18 16:57:14,375 - gurobipy - INFO - Model has 8604 quadratic objective terms
2026-02-18 16:57:14,375 - gurobipy - INFO - Variable types: 0 continuous, 8604 integer (0 binary)
2026-02-18 16:57:14,375 - gurobipy - INFO - Coefficient statistics:
2026-02-18 16:57:14,375 - gurobipy - INFO -   Matrix range     [1e+00, 1e+00]
2026-02-18 16:57:14,375 - gurobipy - INFO -   Objective range  [2e-08, 2e+00]
2026-02-18 16:57:14,375 - gurobipy - INFO -   QObjective range [4e-02, 8e-01]
2026-02-18 16:57:14,375 - gurobipy - INFO -   Bounds range     [1e+00, 2e+01]
2026-02-18 16:57:14,375 - gurobipy - INFO -   RHS range        [1e+00, 2e+01]
2026-02-18 16:57:14,375 - gurobipy - INFO - 
2026-02-18 16:57:14,375 - gurobipy - INFO - Loaded user MIP start with objective 392.113
2026-02-18 16:57:14,375 - gurobipy - INFO - 
2026-02-18 16:57:17,355 - gurobipy - INFO - Presolve removed 1862 rows and 8595 columns
2026-02-18 16:57:17,355 - gurobipy - INFO - Presolve time: 2.98s
2026-02-18 16:57:17,355 - gurobipy - INFO - Presolved: 2 rows, 9 columns, 18 nonzeros
2026-02-18 16:57:17,355 - gurobipy - INFO - Presolved model has 9 quadratic objective terms
2026-02-18 16:57:17,355 - gurobipy - INFO - Found heuristic solution: objective 369.9121615
2026-02-18 16:57:17,355 - gurobipy - INFO - Variable types: 0 continuous, 9 integer (0 binary)
2026-02-18 16:57:17,355 - gurobipy - INFO - 
2026-02-18 16:57:17,355 - gurobipy - INFO - Explored 0 nodes (0 simplex iterations) in 2.98 seconds (0.08 work units)
2026-02-18 16:57:17,355 - gurobipy - INFO - Thread count was 32 (of 128 available processors)
2026-02-18 16:57:17,355 - gurobipy - INFO - 
2026-02-18 16:57:17,355 - gurobipy - INFO - Solution count 2: 369.912 392.113 
2026-02-18 16:57:17,355 - gurobipy - INFO - 
2026-02-18 16:57:17,355 - gurobipy - INFO - Optimal solution found (tolerance 5.00e-02)
2026-02-18 16:57:17,355 - gurobipy - INFO - Best objective 3.699121614573e+02, best bound 3.662494383226e+02, gap 0.9902%
2026-02-18 16:57:17,366 - root - INFO - Global IQP solved: status=2, gap=0.99%, time=3.0s
2026-02-18 16:57:17,415 - root - INFO -   Loss: 385.1346 (change: 0.017797)
2026-02-18 16:57:17,415 - root - INFO -   Beta range: [0.100, 0.431]
2026-02-18 16:57:17,415 - root - INFO -   Max beta change: 0.046061
2026-02-18 16:57:17,415 - root - INFO -   Cell count range: [1, 16]
2026-02-18 16:57:17,415 - root - INFO -     B-cells: 411 cells (8.2%)
2026-02-18 16:57:17,415 - root - INFO -     CAFs: 925 cells (18.5%)
2026-02-18 16:57:17,415 - root - INFO -     Cancer Epithelial: 456 cells (9.1%)
2026-02-18 16:57:17,415 - root - INFO -     Endothelial: 572 cells (11.4%)
2026-02-18 16:57:17,415 - root - INFO -     Myeloid: 455 cells (9.1%)
2026-02-18 16:57:17,415 - root - INFO -     Normal Epithelial: 505 cells (10.1%)
2026-02-18 16:57:17,415 - root - INFO -     PVL: 615 cells (12.3%)
2026-02-18 16:57:17,415 - root - INFO -     Plasmablasts: 575 cells (11.5%)
2026-02-18 16:57:17,415 - root - INFO -     T-cells: 485 cells (9.7%)
2026-02-18 16:57:17,415 - root - INFO - 
=== EM Iteration 6/10 ===
2026-02-18 16:57:17,415 - root - INFO - Global IQP: 956 spots x 9 cell types = 8604 integer variables
2026-02-18 16:57:17,415 - root - INFO - Time limit: 600.0s, MIP gap: 5.0%
2026-02-18 16:57:17,415 - root - INFO - Constraint slack: ±1 cells
2026-02-18 16:57:17,415 - gurobipy - INFO - Set parameter TimeLimit to value 600
2026-02-18 16:57:17,415 - gurobipy - INFO - Set parameter MIPGap to value 0.05
2026-02-18 16:57:18,296 - root - INFO - Starting global IQP optimization...
2026-02-18 16:57:18,296 - gurobipy - INFO - Gurobi Optimizer version 11.0.2 build v11.0.2rc0 (linux64 - "Red Hat Enterprise Linux 9.6 (Plow)")
2026-02-18 16:57:18,296 - gurobipy - INFO - 
2026-02-18 16:57:18,296 - gurobipy - INFO - CPU model: AMD EPYC 9575F 64-Core Processor, instruction set [SSE2|AVX|AVX2|AVX512]
2026-02-18 16:57:18,296 - gurobipy - INFO - Thread count: 128 physical cores, 128 logical processors, using up to 32 threads
2026-02-18 16:57:18,296 - gurobipy - INFO - 
2026-02-18 16:57:18,296 - gurobipy - INFO - Optimize a model with 1864 rows, 8604 columns and 16776 nonzeros
2026-02-18 16:57:18,297 - gurobipy - INFO - Model fingerprint: 0x1854f622
2026-02-18 16:57:18,297 - gurobipy - INFO - Model has 8604 quadratic objective terms
2026-02-18 16:57:18,297 - gurobipy - INFO - Variable types: 0 continuous, 8604 integer (0 binary)
2026-02-18 16:57:18,297 - gurobipy - INFO - Coefficient statistics:
2026-02-18 16:57:18,297 - gurobipy - INFO -   Matrix range     [1e+00, 1e+00]
2026-02-18 16:57:18,297 - gurobipy - INFO -   Objective range  [2e-08, 2e+00]
2026-02-18 16:57:18,297 - gurobipy - INFO -   QObjective range [4e-02, 7e-01]
2026-02-18 16:57:18,297 - gurobipy - INFO -   Bounds range     [1e+00, 2e+01]
2026-02-18 16:57:18,297 - gurobipy - INFO -   RHS range        [1e+00, 2e+01]
2026-02-18 16:57:18,297 - gurobipy - INFO - 
2026-02-18 16:57:18,297 - gurobipy - INFO - Loaded user MIP start with objective 385.135
2026-02-18 16:57:18,297 - gurobipy - INFO - 
2026-02-18 16:57:21,172 - gurobipy - INFO - Presolve removed 1862 rows and 8595 columns
2026-02-18 16:57:21,172 - gurobipy - INFO - Presolve time: 2.88s
2026-02-18 16:57:21,172 - gurobipy - INFO - Presolved: 2 rows, 9 columns, 18 nonzeros
2026-02-18 16:57:21,172 - gurobipy - INFO - Presolved model has 9 quadratic objective terms
2026-02-18 16:57:21,172 - gurobipy - INFO - Found heuristic solution: objective 364.5698443
2026-02-18 16:57:21,172 - gurobipy - INFO - Variable types: 0 continuous, 9 integer (0 binary)
2026-02-18 16:57:21,172 - gurobipy - INFO - 
2026-02-18 16:57:21,172 - gurobipy - INFO - Explored 0 nodes (0 simplex iterations) in 2.88 seconds (0.08 work units)
2026-02-18 16:57:21,172 - gurobipy - INFO - Thread count was 32 (of 128 available processors)
2026-02-18 16:57:21,173 - gurobipy - INFO - 
2026-02-18 16:57:21,173 - gurobipy - INFO - Solution count 2: 364.57 385.135 
2026-02-18 16:57:21,173 - gurobipy - INFO - 
2026-02-18 16:57:21,173 - gurobipy - INFO - Optimal solution found (tolerance 5.00e-02)
2026-02-18 16:57:21,173 - gurobipy - INFO - Best objective 3.645698443069e+02, best bound 3.608171732386e+02, gap 1.0293%
2026-02-18 16:57:21,184 - root - INFO - Global IQP solved: status=2, gap=1.03%, time=2.9s
2026-02-18 16:57:21,230 - root - INFO -   Loss: 382.0955 (change: 0.007891)
2026-02-18 16:57:21,230 - root - INFO -   Beta range: [0.100, 0.433]
2026-02-18 16:57:21,230 - root - INFO -   Max beta change: 0.031361
2026-02-18 16:57:21,230 - root - INFO -   Cell count range: [1, 16]
2026-02-18 16:57:21,230 - root - INFO -     B-cells: 413 cells (8.3%)
2026-02-18 16:57:21,230 - root - INFO -     CAFs: 891 cells (17.8%)
2026-02-18 16:57:21,230 - root - INFO -     Cancer Epithelial: 451 cells (9.0%)
2026-02-18 16:57:21,230 - root - INFO -     Endothelial: 571 cells (11.4%)
2026-02-18 16:57:21,230 - root - INFO -     Myeloid: 457 cells (9.1%)
2026-02-18 16:57:21,230 - root - INFO -     Normal Epithelial: 537 cells (10.7%)
2026-02-18 16:57:21,230 - root - INFO -     PVL: 614 cells (12.3%)
2026-02-18 16:57:21,230 - root - INFO -     Plasmablasts: 573 cells (11.5%)
2026-02-18 16:57:21,230 - root - INFO -     T-cells: 489 cells (9.8%)
2026-02-18 16:57:21,230 - root - INFO - 
=== EM Iteration 7/10 ===
2026-02-18 16:57:21,230 - root - INFO - Global IQP: 956 spots x 9 cell types = 8604 integer variables
2026-02-18 16:57:21,230 - root - INFO - Time limit: 600.0s, MIP gap: 5.0%
2026-02-18 16:57:21,230 - root - INFO - Constraint slack: ±1 cells
2026-02-18 16:57:21,230 - gurobipy - INFO - Set parameter TimeLimit to value 600
2026-02-18 16:57:21,230 - gurobipy - INFO - Set parameter MIPGap to value 0.05
2026-02-18 16:57:22,083 - root - INFO - Starting global IQP optimization...
2026-02-18 16:57:22,083 - gurobipy - INFO - Gurobi Optimizer version 11.0.2 build v11.0.2rc0 (linux64 - "Red Hat Enterprise Linux 9.6 (Plow)")
2026-02-18 16:57:22,083 - gurobipy - INFO - 
2026-02-18 16:57:22,083 - gurobipy - INFO - CPU model: AMD EPYC 9575F 64-Core Processor, instruction set [SSE2|AVX|AVX2|AVX512]
2026-02-18 16:57:22,083 - gurobipy - INFO - Thread count: 128 physical cores, 128 logical processors, using up to 32 threads
2026-02-18 16:57:22,083 - gurobipy - INFO - 
2026-02-18 16:57:22,083 - gurobipy - INFO - Optimize a model with 1864 rows, 8604 columns and 16776 nonzeros
2026-02-18 16:57:22,083 - gurobipy - INFO - Model fingerprint: 0xa327c27e
2026-02-18 16:57:22,083 - gurobipy - INFO - Model has 8604 quadratic objective terms
2026-02-18 16:57:22,083 - gurobipy - INFO - Variable types: 0 continuous, 8604 integer (0 binary)
2026-02-18 16:57:22,084 - gurobipy - INFO - Coefficient statistics:
2026-02-18 16:57:22,084 - gurobipy - INFO -   Matrix range     [1e+00, 1e+00]
2026-02-18 16:57:22,084 - gurobipy - INFO -   Objective range  [2e-08, 1e+00]
2026-02-18 16:57:22,084 - gurobipy - INFO -   QObjective range [4e-02, 7e-01]
2026-02-18 16:57:22,084 - gurobipy - INFO -   Bounds range     [1e+00, 2e+01]
2026-02-18 16:57:22,084 - gurobipy - INFO -   RHS range        [1e+00, 2e+01]
2026-02-18 16:57:22,084 - gurobipy - INFO - 
2026-02-18 16:57:22,084 - gurobipy - INFO - Loaded user MIP start with objective 382.095
2026-02-18 16:57:22,084 - gurobipy - INFO - 
2026-02-18 16:57:24,915 - gurobipy - INFO - Presolve removed 1862 rows and 8595 columns
2026-02-18 16:57:24,915 - gurobipy - INFO - Presolve time: 2.83s
2026-02-18 16:57:24,915 - gurobipy - INFO - Presolved: 2 rows, 9 columns, 18 nonzeros
2026-02-18 16:57:24,915 - gurobipy - INFO - Presolved model has 9 quadratic objective terms
2026-02-18 16:57:24,915 - gurobipy - INFO - Found heuristic solution: objective 363.2899927
2026-02-18 16:57:24,916 - gurobipy - INFO - Variable types: 0 continuous, 9 integer (0 binary)
2026-02-18 16:57:24,916 - gurobipy - INFO - 
2026-02-18 16:57:24,916 - gurobipy - INFO - Explored 0 nodes (0 simplex iterations) in 2.83 seconds (0.08 work units)
2026-02-18 16:57:24,916 - gurobipy - INFO - Thread count was 32 (of 128 available processors)
2026-02-18 16:57:24,916 - gurobipy - INFO - 
2026-02-18 16:57:24,916 - gurobipy - INFO - Solution count 2: 363.29 382.095 
2026-02-18 16:57:24,916 - gurobipy - INFO - 
2026-02-18 16:57:24,916 - gurobipy - INFO - Optimal solution found (tolerance 5.00e-02)
2026-02-18 16:57:24,916 - gurobipy - INFO - Best objective 3.632899926946e+02, best bound 3.594898247165e+02, gap 1.0460%
2026-02-18 16:57:24,929 - root - INFO - Global IQP solved: status=2, gap=1.05%, time=2.8s
2026-02-18 16:57:24,976 - root - INFO -   Loss: 386.6952 (change: 0.012038)
2026-02-18 16:57:24,976 - root - INFO -   Beta range: [0.100, 0.433]
2026-02-18 16:57:24,976 - root - INFO -   Max beta change: 0.044984
2026-02-18 16:57:24,976 - root - INFO -   Cell count range: [1, 16]
2026-02-18 16:57:24,976 - root - INFO -     B-cells: 412 cells (8.2%)
2026-02-18 16:57:24,976 - root - INFO -     CAFs: 853 cells (17.0%)
2026-02-18 16:57:24,976 - root - INFO -     Cancer Epithelial: 451 cells (9.0%)
2026-02-18 16:57:24,976 - root - INFO -     Endothelial: 577 cells (11.5%)
2026-02-18 16:57:24,976 - root - INFO -     Myeloid: 458 cells (9.1%)
2026-02-18 16:57:24,976 - root - INFO -     Normal Epithelial: 570 cells (11.4%)
2026-02-18 16:57:24,976 - root - INFO -     PVL: 616 cells (12.3%)
2026-02-18 16:57:24,976 - root - INFO -     Plasmablasts: 578 cells (11.5%)
2026-02-18 16:57:24,976 - root - INFO -     T-cells: 493 cells (9.8%)
2026-02-18 16:57:24,976 - root - WARNING - Loss increased from 382.0955 to 386.6952
2026-02-18 16:57:24,976 - root - INFO - 
=== EM Iteration 8/10 ===
2026-02-18 16:57:24,976 - root - INFO - Global IQP: 956 spots x 9 cell types = 8604 integer variables
2026-02-18 16:57:24,976 - root - INFO - Time limit: 600.0s, MIP gap: 5.0%
2026-02-18 16:57:24,976 - root - INFO - Constraint slack: ±1 cells
2026-02-18 16:57:24,976 - gurobipy - INFO - Set parameter TimeLimit to value 600
2026-02-18 16:57:24,976 - gurobipy - INFO - Set parameter MIPGap to value 0.05
2026-02-18 16:57:25,852 - root - INFO - Starting global IQP optimization...
2026-02-18 16:57:25,853 - gurobipy - INFO - Gurobi Optimizer version 11.0.2 build v11.0.2rc0 (linux64 - "Red Hat Enterprise Linux 9.6 (Plow)")
2026-02-18 16:57:25,853 - gurobipy - INFO - 
2026-02-18 16:57:25,853 - gurobipy - INFO - CPU model: AMD EPYC 9575F 64-Core Processor, instruction set [SSE2|AVX|AVX2|AVX512]
2026-02-18 16:57:25,853 - gurobipy - INFO - Thread count: 128 physical cores, 128 logical processors, using up to 32 threads
2026-02-18 16:57:25,853 - gurobipy - INFO - 
2026-02-18 16:57:25,853 - gurobipy - INFO - Optimize a model with 1864 rows, 8604 columns and 16776 nonzeros
2026-02-18 16:57:25,853 - gurobipy - INFO - Model fingerprint: 0xa1c3df5c
2026-02-18 16:57:25,853 - gurobipy - INFO - Model has 8604 quadratic objective terms
2026-02-18 16:57:25,853 - gurobipy - INFO - Variable types: 0 continuous, 8604 integer (0 binary)
2026-02-18 16:57:25,853 - gurobipy - INFO - Coefficient statistics:
2026-02-18 16:57:25,853 - gurobipy - INFO -   Matrix range     [1e+00, 1e+00]
2026-02-18 16:57:25,853 - gurobipy - INFO -   Objective range  [2e-08, 1e+00]
2026-02-18 16:57:25,853 - gurobipy - INFO -   QObjective range [4e-02, 7e-01]
2026-02-18 16:57:25,853 - gurobipy - INFO -   Bounds range     [1e+00, 2e+01]
2026-02-18 16:57:25,853 - gurobipy - INFO -   RHS range        [1e+00, 2e+01]
2026-02-18 16:57:25,853 - gurobipy - INFO - 
2026-02-18 16:57:25,853 - gurobipy - INFO - Loaded user MIP start with objective 386.695
2026-02-18 16:57:25,853 - gurobipy - INFO - 
2026-02-18 16:57:28,913 - gurobipy - INFO - Presolve removed 1862 rows and 8595 columns
2026-02-18 16:57:28,913 - gurobipy - INFO - Presolve time: 3.06s
2026-02-18 16:57:28,913 - gurobipy - INFO - Presolved: 2 rows, 9 columns, 18 nonzeros
2026-02-18 16:57:28,913 - gurobipy - INFO - Presolved model has 9 quadratic objective terms
2026-02-18 16:57:28,913 - gurobipy - INFO - Found heuristic solution: objective 368.1120305
2026-02-18 16:57:28,913 - gurobipy - INFO - Variable types: 0 continuous, 9 integer (0 binary)
2026-02-18 16:57:28,913 - gurobipy - INFO - 
2026-02-18 16:57:28,914 - gurobipy - INFO - Explored 0 nodes (0 simplex iterations) in 3.06 seconds (0.08 work units)
2026-02-18 16:57:28,914 - gurobipy - INFO - Thread count was 32 (of 128 available processors)
2026-02-18 16:57:28,914 - gurobipy - INFO - 
2026-02-18 16:57:28,914 - gurobipy - INFO - Solution count 2: 368.112 386.695 
2026-02-18 16:57:28,914 - gurobipy - INFO - 
2026-02-18 16:57:28,914 - gurobipy - INFO - Optimal solution found (tolerance 5.00e-02)
2026-02-18 16:57:28,914 - gurobipy - INFO - Best objective 3.681120305189e+02, best bound 3.642703099556e+02, gap 1.0436%
2026-02-18 16:57:28,925 - root - INFO - Global IQP solved: status=2, gap=1.04%, time=3.1s
2026-02-18 16:57:28,974 - root - INFO -   Loss: 402.7276 (change: 0.041460)
2026-02-18 16:57:28,974 - root - INFO -   Beta range: [0.100, 0.432]
2026-02-18 16:57:28,974 - root - INFO -   Max beta change: 0.047019
2026-02-18 16:57:28,974 - root - INFO -   Cell count range: [1, 16]
2026-02-18 16:57:28,974 - root - INFO -     B-cells: 411 cells (8.2%)
2026-02-18 16:57:28,974 - root - INFO -     CAFs: 788 cells (15.8%)
2026-02-18 16:57:28,974 - root - INFO -     Cancer Epithelial: 453 cells (9.1%)
2026-02-18 16:57:28,974 - root - INFO -     Endothelial: 586 cells (11.7%)
2026-02-18 16:57:28,974 - root - INFO -     Myeloid: 457 cells (9.2%)
2026-02-18 16:57:28,974 - root - INFO -     Normal Epithelial: 582 cells (11.7%)
2026-02-18 16:57:28,974 - root - INFO -     PVL: 625 cells (12.5%)
2026-02-18 16:57:28,974 - root - INFO -     Plasmablasts: 593 cells (11.9%)
2026-02-18 16:57:28,974 - root - INFO -     T-cells: 496 cells (9.9%)
2026-02-18 16:57:28,974 - root - WARNING - Loss increased from 386.6952 to 402.7276
2026-02-18 16:57:28,974 - root - INFO - 
=== EM Iteration 9/10 ===
2026-02-18 16:57:28,974 - root - INFO - Global IQP: 956 spots x 9 cell types = 8604 integer variables
2026-02-18 16:57:28,974 - root - INFO - Time limit: 600.0s, MIP gap: 5.0%
2026-02-18 16:57:28,974 - root - INFO - Constraint slack: ±1 cells
2026-02-18 16:57:28,974 - gurobipy - INFO - Set parameter TimeLimit to value 600
2026-02-18 16:57:28,974 - gurobipy - INFO - Set parameter MIPGap to value 0.05
2026-02-18 16:57:29,851 - root - INFO - Starting global IQP optimization...
2026-02-18 16:57:29,852 - gurobipy - INFO - Gurobi Optimizer version 11.0.2 build v11.0.2rc0 (linux64 - "Red Hat Enterprise Linux 9.6 (Plow)")
2026-02-18 16:57:29,852 - gurobipy - INFO - 
2026-02-18 16:57:29,852 - gurobipy - INFO - CPU model: AMD EPYC 9575F 64-Core Processor, instruction set [SSE2|AVX|AVX2|AVX512]
2026-02-18 16:57:29,852 - gurobipy - INFO - Thread count: 128 physical cores, 128 logical processors, using up to 32 threads
2026-02-18 16:57:29,852 - gurobipy - INFO - 
2026-02-18 16:57:29,852 - gurobipy - INFO - Optimize a model with 1864 rows, 8604 columns and 16776 nonzeros
2026-02-18 16:57:29,852 - gurobipy - INFO - Model fingerprint: 0x041cc041
2026-02-18 16:57:29,852 - gurobipy - INFO - Model has 8604 quadratic objective terms
2026-02-18 16:57:29,852 - gurobipy - INFO - Variable types: 0 continuous, 8604 integer (0 binary)
2026-02-18 16:57:29,852 - gurobipy - INFO - Coefficient statistics:
2026-02-18 16:57:29,852 - gurobipy - INFO -   Matrix range     [1e+00, 1e+00]
2026-02-18 16:57:29,852 - gurobipy - INFO -   Objective range  [2e-08, 1e+00]
2026-02-18 16:57:29,852 - gurobipy - INFO -   QObjective range [4e-02, 7e-01]
2026-02-18 16:57:29,852 - gurobipy - INFO -   Bounds range     [1e+00, 2e+01]
2026-02-18 16:57:29,852 - gurobipy - INFO -   RHS range        [1e+00, 2e+01]
2026-02-18 16:57:29,852 - gurobipy - INFO - 
2026-02-18 16:57:29,852 - gurobipy - INFO - Loaded user MIP start with objective 402.728
2026-02-18 16:57:29,852 - gurobipy - INFO - 
2026-02-18 16:57:32,700 - gurobipy - INFO - Presolve removed 1862 rows and 8595 columns
2026-02-18 16:57:32,700 - gurobipy - INFO - Presolve time: 2.85s
2026-02-18 16:57:32,700 - gurobipy - INFO - Presolved: 2 rows, 9 columns, 18 nonzeros
2026-02-18 16:57:32,700 - gurobipy - INFO - Presolved model has 9 quadratic objective terms
2026-02-18 16:57:32,700 - gurobipy - INFO - Found heuristic solution: objective 386.0285386
2026-02-18 16:57:32,700 - gurobipy - INFO - Variable types: 0 continuous, 9 integer (0 binary)
2026-02-18 16:57:32,700 - gurobipy - INFO - 
2026-02-18 16:57:32,700 - gurobipy - INFO - Explored 0 nodes (0 simplex iterations) in 2.85 seconds (0.08 work units)
2026-02-18 16:57:32,700 - gurobipy - INFO - Thread count was 32 (of 128 available processors)
2026-02-18 16:57:32,700 - gurobipy - INFO - 
2026-02-18 16:57:32,700 - gurobipy - INFO - Solution count 2: 386.029 402.728 
2026-02-18 16:57:32,700 - gurobipy - INFO - 
2026-02-18 16:57:32,700 - gurobipy - INFO - Optimal solution found (tolerance 5.00e-02)
2026-02-18 16:57:32,700 - gurobipy - INFO - Best objective 3.860285386255e+02, best bound 3.821615026516e+02, gap 1.0017%
2026-02-18 16:57:32,711 - root - INFO - Global IQP solved: status=2, gap=1.00%, time=2.9s
2026-02-18 16:57:32,760 - root - INFO -   Loss: 432.5890 (change: 0.074148)
2026-02-18 16:57:32,760 - root - INFO -   Beta range: [0.100, 0.431]
2026-02-18 16:57:32,760 - root - INFO -   Max beta change: 0.043989
2026-02-18 16:57:32,760 - root - INFO -   Cell count range: [1, 16]
2026-02-18 16:57:32,761 - root - INFO -     B-cells: 414 cells (8.3%)
2026-02-18 16:57:32,761 - root - INFO -     CAFs: 720 cells (14.5%)
2026-02-18 16:57:32,761 - root - INFO -     Cancer Epithelial: 454 cells (9.1%)
2026-02-18 16:57:32,761 - root - INFO -     Endothelial: 607 cells (12.2%)
2026-02-18 16:57:32,761 - root - INFO -     Myeloid: 455 cells (9.1%)
2026-02-18 16:57:32,761 - root - INFO -     Normal Epithelial: 592 cells (11.9%)
2026-02-18 16:57:32,761 - root - INFO -     PVL: 633 cells (12.7%)
2026-02-18 16:57:32,761 - root - INFO -     Plasmablasts: 602 cells (12.1%)
2026-02-18 16:57:32,761 - root - INFO -     T-cells: 496 cells (10.0%)
2026-02-18 16:57:32,761 - root - WARNING - Loss increased from 402.7276 to 432.5890
2026-02-18 16:57:32,761 - root - INFO - 
=== EM Iteration 10/10 ===
2026-02-18 16:57:32,761 - root - INFO - Global IQP: 956 spots x 9 cell types = 8604 integer variables
2026-02-18 16:57:32,761 - root - INFO - Time limit: 600.0s, MIP gap: 5.0%
2026-02-18 16:57:32,761 - root - INFO - Constraint slack: ±1 cells
2026-02-18 16:57:32,761 - gurobipy - INFO - Set parameter TimeLimit to value 600
2026-02-18 16:57:32,761 - gurobipy - INFO - Set parameter MIPGap to value 0.05
2026-02-18 16:57:33,732 - root - INFO - Starting global IQP optimization...
2026-02-18 16:57:33,733 - gurobipy - INFO - Gurobi Optimizer version 11.0.2 build v11.0.2rc0 (linux64 - "Red Hat Enterprise Linux 9.6 (Plow)")
2026-02-18 16:57:33,733 - gurobipy - INFO - 
2026-02-18 16:57:33,733 - gurobipy - INFO - CPU model: AMD EPYC 9575F 64-Core Processor, instruction set [SSE2|AVX|AVX2|AVX512]
2026-02-18 16:57:33,733 - gurobipy - INFO - Thread count: 128 physical cores, 128 logical processors, using up to 32 threads
2026-02-18 16:57:33,733 - gurobipy - INFO - 
2026-02-18 16:57:33,733 - gurobipy - INFO - Optimize a model with 1864 rows, 8604 columns and 16776 nonzeros
2026-02-18 16:57:33,733 - gurobipy - INFO - Model fingerprint: 0x1e36082a
2026-02-18 16:57:33,733 - gurobipy - INFO - Model has 8604 quadratic objective terms
2026-02-18 16:57:33,733 - gurobipy - INFO - Variable types: 0 continuous, 8604 integer (0 binary)
2026-02-18 16:57:33,733 - gurobipy - INFO - Coefficient statistics:
2026-02-18 16:57:33,733 - gurobipy - INFO -   Matrix range     [1e+00, 1e+00]
2026-02-18 16:57:33,733 - gurobipy - INFO -   Objective range  [2e-08, 1e+00]
2026-02-18 16:57:33,733 - gurobipy - INFO -   QObjective range [4e-02, 7e-01]
2026-02-18 16:57:33,733 - gurobipy - INFO -   Bounds range     [1e+00, 2e+01]
2026-02-18 16:57:33,733 - gurobipy - INFO -   RHS range        [1e+00, 2e+01]
2026-02-18 16:57:33,733 - gurobipy - INFO - 
2026-02-18 16:57:33,733 - gurobipy - INFO - Loaded user MIP start with objective 432.589
2026-02-18 16:57:33,733 - gurobipy - INFO - 
2026-02-18 16:57:36,409 - gurobipy - INFO - Presolve removed 1862 rows and 8595 columns
2026-02-18 16:57:36,409 - gurobipy - INFO - Presolve time: 2.68s
2026-02-18 16:57:36,409 - gurobipy - INFO - Presolved: 2 rows, 9 columns, 18 nonzeros
2026-02-18 16:57:36,409 - gurobipy - INFO - Presolved model has 9 quadratic objective terms
2026-02-18 16:57:36,409 - gurobipy - INFO - Found heuristic solution: objective 416.4884062
2026-02-18 16:57:36,409 - gurobipy - INFO - Variable types: 0 continuous, 9 integer (0 binary)
2026-02-18 16:57:36,409 - gurobipy - INFO - 
2026-02-18 16:57:36,409 - gurobipy - INFO - Explored 0 nodes (0 simplex iterations) in 2.68 seconds (0.08 work units)
2026-02-18 16:57:36,409 - gurobipy - INFO - Thread count was 32 (of 128 available processors)
2026-02-18 16:57:36,409 - gurobipy - INFO - 
2026-02-18 16:57:36,409 - gurobipy - INFO - Solution count 2: 416.488 432.589 
2026-02-18 16:57:36,409 - gurobipy - INFO - 
2026-02-18 16:57:36,410 - gurobipy - INFO - Optimal solution found (tolerance 5.00e-02)
2026-02-18 16:57:36,410 - gurobipy - INFO - Best objective 4.164884062434e+02, best bound 4.126195124709e+02, gap 0.9289%
2026-02-18 16:57:36,422 - root - INFO - Global IQP solved: status=2, gap=0.93%, time=2.7s
2026-02-18 16:57:36,468 - root - INFO -   Loss: 467.1808 (change: 0.079965)
2026-02-18 16:57:36,468 - root - INFO -   Beta range: [0.100, 0.431]
2026-02-18 16:57:36,468 - root - INFO -   Max beta change: 0.035058
2026-02-18 16:57:36,468 - root - INFO -   Cell count range: [1, 16]
2026-02-18 16:57:36,468 - root - INFO -     B-cells: 422 cells (8.5%)
2026-02-18 16:57:36,468 - root - INFO -     CAFs: 651 cells (13.1%)
2026-02-18 16:57:36,468 - root - INFO -     Cancer Epithelial: 456 cells (9.2%)
2026-02-18 16:57:36,468 - root - INFO -     Endothelial: 606 cells (12.2%)
2026-02-18 16:57:36,468 - root - INFO -     Myeloid: 458 cells (9.2%)
2026-02-18 16:57:36,468 - root - INFO -     Normal Epithelial: 621 cells (12.5%)
2026-02-18 16:57:36,468 - root - INFO -     PVL: 636 cells (12.8%)
2026-02-18 16:57:36,468 - root - INFO -     Plasmablasts: 612 cells (12.3%)
2026-02-18 16:57:36,468 - root - INFO -     T-cells: 498 cells (10.0%)
2026-02-18 16:57:36,468 - root - WARNING - Loss increased from 432.5890 to 467.1808
2026-02-18 16:57:36,468 - root - INFO - 
Final beta values:
2026-02-18 16:57:36,468 - root - INFO -   B-cells_Protein_1: β=0.229, α=0.000
2026-02-18 16:57:36,468 - root - INFO -   B-cells_Protein_2: β=0.228, α=0.000
2026-02-18 16:57:36,468 - root - INFO -   CAFs_Protein_1: β=0.211, α=0.500
2026-02-18 16:57:36,468 - root - INFO -   CAFs_Protein_2: β=0.211, α=0.500
2026-02-18 16:57:36,468 - root - INFO -   Cancer Epithelial_Protein_1: β=0.424, α=0.500
2026-02-18 16:57:36,468 - root - INFO -   Cancer Epithelial_Protein_2: β=0.431, α=0.500
2026-02-18 16:57:36,468 - root - INFO -   Endothelial_Protein_1: β=0.100, α=0.000
2026-02-18 16:57:36,468 - root - INFO -   Endothelial_Protein_2: β=0.100, α=0.000
2026-02-18 16:57:36,468 - root - INFO -   Myeloid_Protein_1: β=0.248, α=0.082
2026-02-18 16:57:36,468 - root - INFO -   Myeloid_Protein_2: β=0.286, α=0.044
2026-02-18 16:57:36,468 - root - INFO -   Normal Epithelial_Protein_1: β=0.100, α=0.000
2026-02-18 16:57:36,468 - root - INFO -   Normal Epithelial_Protein_2: β=0.100, α=0.000
2026-02-18 16:57:36,468 - root - INFO -   PVL_Protein_1: β=0.100, α=0.000
2026-02-18 16:57:36,468 - root - INFO -   PVL_Protein_2: β=0.100, α=0.000
2026-02-18 16:57:36,468 - root - INFO -   Plasmablasts_Protein_1: β=0.100, α=0.000
2026-02-18 16:57:36,468 - root - INFO -   Plasmablasts_Protein_2: β=0.100, α=0.000
2026-02-18 16:57:36,468 - root - INFO -   T-cells_Protein_1: β=0.296, α=0.000
2026-02-18 16:57:36,468 - root - INFO -   T-cells_Protein_2: β=0.306, α=0.000
2026-02-18 16:57:36,474 - root - INFO - Saved discrete cell counts to Benchmarking/simulation_benchmarking/CITEgeist/output_discrete_slack_only/mixed/dapi/mixed/dapi/Wu_rep_3/Wu_rep_3_discrete_cell_counts.csv
2026-02-18 16:57:36,487 - root - INFO - Saved derived proportions to Benchmarking/simulation_benchmarking/CITEgeist/output_discrete_slack_only/mixed/dapi/mixed/dapi/Wu_rep_3/Wu_rep_3_cell_prop_discrete.csv
2026-02-18 16:57:36,487 - root - INFO - Cell type distribution:
2026-02-18 16:57:36,488 - root - INFO -   B-cells: 422 cells (8.5%)
2026-02-18 16:57:36,488 - root - INFO -   CAFs: 651 cells (13.1%)
2026-02-18 16:57:36,488 - root - INFO -   Cancer Epithelial: 456 cells (9.2%)
2026-02-18 16:57:36,488 - root - INFO -   Endothelial: 606 cells (12.2%)
2026-02-18 16:57:36,488 - root - INFO -   Myeloid: 458 cells (9.2%)
2026-02-18 16:57:36,488 - root - INFO -   Normal Epithelial: 621 cells (12.5%)
2026-02-18 16:57:36,488 - root - INFO -   PVL: 636 cells (12.8%)
2026-02-18 16:57:36,488 - root - INFO -   Plasmablasts: 612 cells (12.3%)
2026-02-18 16:57:36,488 - root - INFO -   T-cells: 498 cells (10.0%)
2026-02-18 16:57:36,492 - __main__ - INFO - Loaded ground truth proportions: 956 spots, 9 cell types
2026-02-18 16:57:36,495 - __main__ - INFO - Proportion correlation: 0.419
2026-02-18 16:57:36,495 - __main__ - INFO - Proportion RMSE: 0.2041
2026-02-18 16:57:36,495 - __main__ - INFO - Running GEX deconvolution...
2026-02-18 16:57:36,496 - CITEgeist.model.utils - INFO - Detected spot spacing: 1.61 units (median of 956 nearest-neighbor distances)
2026-02-18 16:57:36,496 - CITEgeist.model.utils - INFO - Computed optimal radius: 4.92 (3.0 rings, spot_spacing=1.61)
2026-02-18 16:57:36,496 - root - INFO - Auto-detected radius: 4.92 (3 rings)
2026-02-18 16:57:36,496 - root - INFO - Starting Pass 1: Error minimization with enrichment weights...
2026-02-18 16:57:36,496 - root - INFO - Using discrete mode: cell counts as fixed multipliers
2026-02-18 16:57:36,497 - root - INFO - Starting analysis for Wu_rep_3
2026-02-18 16:57:36,497 - root - INFO - Already completed spots: 0
2026-02-18 16:57:36,497 - root - INFO - Using enrichment weights - Global: 0.5, Local: 0.5
2026-02-18 16:57:36,497 - root - INFO - Using 128 workers
2026-02-18 16:57:36,497 - root - INFO - Processing 956 remaining spots
Deconvoluting Remaining Spots:   0%|          | 0/956 [00:00<?, ?it/s]Deconvoluting Remaining Spots:   0%|          | 1/956 [00:02<42:46,  2.69s/it]Deconvoluting Remaining Spots:   0%|          | 2/956 [00:02<19:40,  1.24s/it]Deconvoluting Remaining Spots:   0%|          | 3/956 [00:03<12:07,  1.31it/s]Deconvoluting Remaining Spots:   0%|          | 4/956 [00:03<08:43,  1.82it/s]Deconvoluting Remaining Spots:   1%|          | 5/956 [00:03<06:46,  2.34it/s]Deconvoluting Remaining Spots:   1%|          | 6/956 [00:03<05:37,  2.82it/s]Deconvoluting Remaining Spots:   1%|          | 7/956 [00:03<04:49,  3.28it/s]Deconvoluting Remaining Spots:   1%|          | 8/956 [00:04<04:35,  3.44it/s]Deconvoluting Remaining Spots:   1%|          | 9/956 [00:04<04:02,  3.90it/s]Deconvoluting Remaining Spots:   1%|          | 10/956 [00:04<03:54,  4.04it/s]Deconvoluting Remaining Spots:   1%|          | 11/956 [00:04<03:35,  4.39it/s]Deconvoluting Remaining Spots:   1%|▏         | 12/956 [00:04<03:22,  4.67it/s]Deconvoluting Remaining Spots:   1%|▏         | 13/956 [00:05<03:42,  4.24it/s]Deconvoluting Remaining Spots:   1%|▏         | 14/956 [00:05<03:12,  4.89it/s]Deconvoluting Remaining Spots:   2%|▏         | 15/956 [00:05<03:23,  4.61it/s]Deconvoluting Remaining Spots:   2%|▏         | 16/956 [00:05<03:23,  4.63it/s]Deconvoluting Remaining Spots:   2%|▏         | 17/956 [00:06<03:32,  4.42it/s]Deconvoluting Remaining Spots:   2%|▏         | 18/956 [00:06<04:15,  3.68it/s]Deconvoluting Remaining Spots:   2%|▏         | 20/956 [00:06<03:19,  4.70it/s]Deconvoluting Remaining Spots:   2%|▏         | 21/956 [00:07<03:18,  4.70it/s]Deconvoluting Remaining Spots:   2%|▏         | 22/956 [00:07<03:12,  4.86it/s]Deconvoluting Remaining Spots:   2%|▏         | 23/956 [00:07<03:01,  5.14it/s]Deconvoluting Remaining Spots:   3%|▎         | 24/956 [00:07<03:19,  4.68it/s]Deconvoluting Remaining Spots:   3%|▎         | 25/956 [00:07<03:40,  4.22it/s]Deconvoluting Remaining Spots:   3%|▎         | 26/956 [00:08<03:22,  4.59it/s]Deconvoluting Remaining Spots:   3%|▎         | 27/956 [00:08<03:00,  5.14it/s]Deconvoluting Remaining Spots:   3%|▎         | 28/956 [00:08<03:13,  4.80it/s]Deconvoluting Remaining Spots:   3%|▎         | 29/956 [00:08<03:02,  5.09it/s]Deconvoluting Remaining Spots:   3%|▎         | 30/956 [00:08<03:13,  4.79it/s]Deconvoluting Remaining Spots:   3%|▎         | 31/956 [00:09<03:21,  4.59it/s]Deconvoluting Remaining Spots:   3%|▎         | 32/956 [00:09<02:54,  5.30it/s]Deconvoluting Remaining Spots:   3%|▎         | 33/956 [00:09<03:19,  4.63it/s]Deconvoluting Remaining Spots:   4%|▎         | 34/956 [00:09<03:09,  4.88it/s]Deconvoluting Remaining Spots:   4%|▎         | 35/956 [00:09<03:19,  4.62it/s]Deconvoluting Remaining Spots:   4%|▍         | 36/956 [00:10<03:16,  4.67it/s]Deconvoluting Remaining Spots:   4%|▍         | 37/956 [00:10<03:06,  4.93it/s]Deconvoluting Remaining Spots:   4%|▍         | 38/956 [00:10<03:19,  4.59it/s]Deconvoluting Remaining Spots:   4%|▍         | 39/956 [00:10<03:21,  4.55it/s]Deconvoluting Remaining Spots:   4%|▍         | 40/956 [00:11<03:19,  4.59it/s]Deconvoluting Remaining Spots:   4%|▍         | 41/956 [00:11<03:11,  4.78it/s]Deconvoluting Remaining Spots:   4%|▍         | 42/956 [00:11<03:24,  4.47it/s]Deconvoluting Remaining Spots:   4%|▍         | 43/956 [00:11<03:42,  4.10it/s]Deconvoluting Remaining Spots:   5%|▍         | 44/956 [00:11<03:16,  4.64it/s]Deconvoluting Remaining Spots:   5%|▍         | 45/956 [00:12<03:17,  4.62it/s]Deconvoluting Remaining Spots:   5%|▍         | 46/956 [00:12<03:06,  4.88it/s]Deconvoluting Remaining Spots:   5%|▍         | 47/956 [00:12<03:21,  4.52it/s]Deconvoluting Remaining Spots:   5%|▌         | 48/956 [00:12<03:11,  4.73it/s]Deconvoluting Remaining Spots:   5%|▌         | 49/956 [00:12<03:12,  4.70it/s]Deconvoluting Remaining Spots:   5%|▌         | 50/956 [00:13<03:07,  4.82it/s]Deconvoluting Remaining Spots:   5%|▌         | 51/956 [00:13<03:18,  4.56it/s]Deconvoluting Remaining Spots:   5%|▌         | 52/956 [00:13<03:09,  4.78it/s]Deconvoluting Remaining Spots:   6%|▌         | 53/956 [00:13<03:03,  4.92it/s]Deconvoluting Remaining Spots:   6%|▌         | 54/956 [00:13<03:10,  4.74it/s]Deconvoluting Remaining Spots:   6%|▌         | 55/956 [00:14<02:56,  5.11it/s]Deconvoluting Remaining Spots:   6%|▌         | 56/956 [00:14<03:02,  4.94it/s]Deconvoluting Remaining Spots:   6%|▌         | 57/956 [00:14<03:42,  4.04it/s]Deconvoluting Remaining Spots:   6%|▌         | 58/956 [00:14<03:18,  4.52it/s]Deconvoluting Remaining Spots:   6%|▌         | 59/956 [00:15<03:03,  4.90it/s]Deconvoluting Remaining Spots:   6%|▋         | 60/956 [00:15<03:01,  4.93it/s]Deconvoluting Remaining Spots:   6%|▋         | 61/956 [00:15<03:02,  4.91it/s]Deconvoluting Remaining Spots:   6%|▋         | 62/956 [00:15<02:47,  5.35it/s]Deconvoluting Remaining Spots:   7%|▋         | 63/956 [00:15<02:54,  5.10it/s]Deconvoluting Remaining Spots:   7%|▋         | 64/956 [00:16<03:12,  4.62it/s]Deconvoluting Remaining Spots:   7%|▋         | 65/956 [00:16<03:07,  4.74it/s]Deconvoluting Remaining Spots:   7%|▋         | 66/956 [00:16<03:05,  4.80it/s]Deconvoluting Remaining Spots:   7%|▋         | 67/956 [00:16<03:00,  4.92it/s]Deconvoluting Remaining Spots:   7%|▋         | 68/956 [00:16<03:05,  4.78it/s]Deconvoluting Remaining Spots:   7%|▋         | 69/956 [00:17<03:05,  4.78it/s]Deconvoluting Remaining Spots:   7%|▋         | 70/956 [00:17<03:05,  4.77it/s]Deconvoluting Remaining Spots:   7%|▋         | 71/956 [00:17<03:10,  4.64it/s]Deconvoluting Remaining Spots:   8%|▊         | 72/956 [00:17<03:11,  4.61it/s]Deconvoluting Remaining Spots:   8%|▊         | 73/956 [00:17<03:05,  4.76it/s]Deconvoluting Remaining Spots:   8%|▊         | 74/956 [00:18<03:15,  4.52it/s]Deconvoluting Remaining Spots:   8%|▊         | 75/956 [00:18<03:12,  4.57it/s]Deconvoluting Remaining Spots:   8%|▊         | 76/956 [00:18<03:09,  4.64it/s]Deconvoluting Remaining Spots:   8%|▊         | 77/956 [00:18<03:18,  4.43it/s]Deconvoluting Remaining Spots:   8%|▊         | 78/956 [00:19<02:58,  4.91it/s]Deconvoluting Remaining Spots:   8%|▊         | 79/956 [00:19<03:12,  4.57it/s]Deconvoluting Remaining Spots:   8%|▊         | 80/956 [00:19<03:09,  4.63it/s]Deconvoluting Remaining Spots:   8%|▊         | 81/956 [00:19<03:01,  4.83it/s]Deconvoluting Remaining Spots:   9%|▊         | 82/956 [00:19<03:10,  4.60it/s]Deconvoluting Remaining Spots:   9%|▊         | 83/956 [00:20<03:06,  4.68it/s]Deconvoluting Remaining Spots:   9%|▉         | 84/956 [00:20<03:10,  4.58it/s]Deconvoluting Remaining Spots:   9%|▉         | 85/956 [00:20<03:06,  4.67it/s]Deconvoluting Remaining Spots:   9%|▉         | 86/956 [00:20<03:04,  4.72it/s]Deconvoluting Remaining Spots:   9%|▉         | 87/956 [00:20<02:59,  4.83it/s]Deconvoluting Remaining Spots:   9%|▉         | 88/956 [00:21<03:03,  4.73it/s]Deconvoluting Remaining Spots:   9%|▉         | 89/956 [00:21<02:55,  4.95it/s]Deconvoluting Remaining Spots:   9%|▉         | 90/956 [00:21<03:18,  4.37it/s]Deconvoluting Remaining Spots:  10%|▉         | 91/956 [00:21<03:25,  4.20it/s]Deconvoluting Remaining Spots:  10%|▉         | 92/956 [00:22<03:03,  4.71it/s]Deconvoluting Remaining Spots:  10%|▉         | 93/956 [00:22<03:06,  4.63it/s]Deconvoluting Remaining Spots:  10%|▉         | 94/956 [00:22<03:00,  4.79it/s]Deconvoluting Remaining Spots:  10%|▉         | 95/956 [00:22<02:59,  4.80it/s]Deconvoluting Remaining Spots:  10%|█         | 96/956 [00:22<03:00,  4.76it/s]Deconvoluting Remaining Spots:  10%|█         | 97/956 [00:23<03:03,  4.68it/s]Deconvoluting Remaining Spots:  10%|█         | 98/956 [00:23<03:02,  4.70it/s]Deconvoluting Remaining Spots:  10%|█         | 99/956 [00:23<03:14,  4.41it/s]Deconvoluting Remaining Spots:  10%|█         | 100/956 [00:23<03:22,  4.22it/s]2026-02-18 16:58:02,476 - root - INFO - Saved checkpoint after 100 completed spots
Deconvoluting Remaining Spots:  11%|█         | 101/956 [00:24<05:11,  2.74it/s]Deconvoluting Remaining Spots:  11%|█         | 104/956 [00:24<02:53,  4.92it/s]Deconvoluting Remaining Spots:  11%|█         | 105/956 [00:24<02:34,  5.49it/s]Deconvoluting Remaining Spots:  11%|█         | 106/956 [00:25<03:12,  4.41it/s]Deconvoluting Remaining Spots:  11%|█▏        | 108/956 [00:25<02:41,  5.26it/s]Deconvoluting Remaining Spots:  11%|█▏        | 109/956 [00:25<02:41,  5.23it/s]Deconvoluting Remaining Spots:  12%|█▏        | 110/956 [00:25<02:44,  5.14it/s]Deconvoluting Remaining Spots:  12%|█▏        | 111/956 [00:26<02:47,  5.05it/s]Deconvoluting Remaining Spots:  12%|█▏        | 112/956 [00:26<02:55,  4.82it/s]Deconvoluting Remaining Spots:  12%|█▏        | 113/956 [00:26<02:56,  4.79it/s]Deconvoluting Remaining Spots:  12%|█▏        | 114/956 [00:26<02:59,  4.70it/s]Deconvoluting Remaining Spots:  12%|█▏        | 115/956 [00:26<02:56,  4.77it/s]Deconvoluting Remaining Spots:  12%|█▏        | 116/956 [00:27<02:45,  5.06it/s]Deconvoluting Remaining Spots:  12%|█▏        | 117/956 [00:27<03:04,  4.55it/s]Deconvoluting Remaining Spots:  12%|█▏        | 118/956 [00:27<03:05,  4.53it/s]Deconvoluting Remaining Spots:  12%|█▏        | 119/956 [00:27<03:07,  4.47it/s]Deconvoluting Remaining Spots:  13%|█▎        | 120/956 [00:28<03:00,  4.64it/s]Deconvoluting Remaining Spots:  13%|█▎        | 121/956 [00:28<02:55,  4.75it/s]Deconvoluting Remaining Spots:  13%|█▎        | 122/956 [00:28<03:13,  4.32it/s]Deconvoluting Remaining Spots:  13%|█▎        | 123/956 [00:28<03:01,  4.58it/s]Deconvoluting Remaining Spots:  13%|█▎        | 124/956 [00:28<03:04,  4.51it/s]Deconvoluting Remaining Spots:  13%|█▎        | 125/956 [00:29<02:51,  4.85it/s]Deconvoluting Remaining Spots:  13%|█▎        | 126/956 [00:29<03:00,  4.61it/s]Deconvoluting Remaining Spots:  13%|█▎        | 127/956 [00:29<02:55,  4.72it/s]Deconvoluting Remaining Spots:  13%|█▎        | 128/956 [00:29<02:54,  4.73it/s]Deconvoluting Remaining Spots:  13%|█▎        | 129/956 [00:29<02:44,  5.03it/s]Deconvoluting Remaining Spots:  14%|█▎        | 130/956 [00:30<02:39,  5.19it/s]Deconvoluting Remaining Spots:  14%|█▎        | 131/956 [00:30<02:32,  5.42it/s]Deconvoluting Remaining Spots:  14%|█▍        | 132/956 [00:30<02:31,  5.42it/s]Deconvoluting Remaining Spots:  14%|█▍        | 133/956 [00:30<02:35,  5.30it/s]Deconvoluting Remaining Spots:  14%|█▍        | 134/956 [00:30<02:23,  5.74it/s]Deconvoluting Remaining Spots:  14%|█▍        | 135/956 [00:31<02:36,  5.24it/s]Deconvoluting Remaining Spots:  14%|█▍        | 136/956 [00:31<02:29,  5.50it/s]Deconvoluting Remaining Spots:  14%|█▍        | 137/956 [00:31<02:40,  5.09it/s]Deconvoluting Remaining Spots:  14%|█▍        | 138/956 [00:31<02:51,  4.78it/s]Deconvoluting Remaining Spots:  15%|█▍        | 139/956 [00:32<03:16,  4.16it/s]Deconvoluting Remaining Spots:  15%|█▍        | 141/956 [00:32<02:18,  5.89it/s]Deconvoluting Remaining Spots:  15%|█▍        | 142/956 [00:32<02:38,  5.14it/s]Deconvoluting Remaining Spots:  15%|█▍        | 143/956 [00:32<02:25,  5.60it/s]Deconvoluting Remaining Spots:  15%|█▌        | 144/956 [00:32<02:29,  5.43it/s]Deconvoluting Remaining Spots:  15%|█▌        | 145/956 [00:32<02:26,  5.52it/s]Deconvoluting Remaining Spots:  15%|█▌        | 146/956 [00:33<02:22,  5.67it/s]Deconvoluting Remaining Spots:  15%|█▌        | 147/956 [00:33<02:26,  5.52it/s]Deconvoluting Remaining Spots:  15%|█▌        | 148/956 [00:33<02:25,  5.54it/s]Deconvoluting Remaining Spots:  16%|█▌        | 149/956 [00:33<02:28,  5.43it/s]Deconvoluting Remaining Spots:  16%|█▌        | 150/956 [00:33<02:17,  5.86it/s]Deconvoluting Remaining Spots:  16%|█▌        | 151/956 [00:34<03:01,  4.43it/s]Deconvoluting Remaining Spots:  16%|█▌        | 153/956 [00:34<02:12,  6.04it/s]Deconvoluting Remaining Spots:  16%|█▌        | 154/956 [00:34<02:16,  5.87it/s]Deconvoluting Remaining Spots:  16%|█▌        | 155/956 [00:34<02:20,  5.72it/s]Deconvoluting Remaining Spots:  16%|█▋        | 156/956 [00:35<02:56,  4.53it/s]Deconvoluting Remaining Spots:  16%|█▋        | 157/956 [00:35<02:47,  4.77it/s]Deconvoluting Remaining Spots:  17%|█▋        | 158/956 [00:35<02:42,  4.93it/s]Deconvoluting Remaining Spots:  17%|█▋        | 159/956 [00:35<02:46,  4.78it/s]Deconvoluting Remaining Spots:  17%|█▋        | 160/956 [00:35<02:22,  5.59it/s]Deconvoluting Remaining Spots:  17%|█▋        | 161/956 [00:35<02:21,  5.64it/s]Deconvoluting Remaining Spots:  17%|█▋        | 162/956 [00:36<02:42,  4.89it/s]Deconvoluting Remaining Spots:  17%|█▋        | 164/956 [00:36<02:16,  5.81it/s]Deconvoluting Remaining Spots:  17%|█▋        | 165/956 [00:36<02:23,  5.53it/s]Deconvoluting Remaining Spots:  17%|█▋        | 166/956 [00:36<02:15,  5.84it/s]Deconvoluting Remaining Spots:  17%|█▋        | 167/956 [00:37<02:32,  5.17it/s]Deconvoluting Remaining Spots:  18%|█▊        | 168/956 [00:37<02:24,  5.44it/s]Deconvoluting Remaining Spots:  18%|█▊        | 169/956 [00:37<02:13,  5.90it/s]Deconvoluting Remaining Spots:  18%|█▊        | 170/956 [00:37<02:16,  5.75it/s]Deconvoluting Remaining Spots:  18%|█▊        | 171/956 [00:37<02:18,  5.69it/s]Deconvoluting Remaining Spots:  18%|█▊        | 172/956 [00:38<03:11,  4.10it/s]Deconvoluting Remaining Spots:  18%|█▊        | 174/956 [00:38<02:49,  4.60it/s]Deconvoluting Remaining Spots:  18%|█▊        | 175/956 [00:38<02:49,  4.61it/s]Deconvoluting Remaining Spots:  19%|█▊        | 177/956 [00:38<02:07,  6.12it/s]Deconvoluting Remaining Spots:  19%|█▊        | 178/956 [00:39<02:40,  4.86it/s]Deconvoluting Remaining Spots:  19%|█▉        | 180/956 [00:39<02:12,  5.86it/s]Deconvoluting Remaining Spots:  19%|█▉        | 181/956 [00:39<02:21,  5.49it/s]Deconvoluting Remaining Spots:  19%|█▉        | 182/956 [00:39<02:14,  5.77it/s]Deconvoluting Remaining Spots:  19%|█▉        | 183/956 [00:40<02:14,  5.75it/s]Deconvoluting Remaining Spots:  19%|█▉        | 184/956 [00:40<02:52,  4.47it/s]Deconvoluting Remaining Spots:  19%|█▉        | 186/956 [00:40<02:29,  5.13it/s]Deconvoluting Remaining Spots:  20%|█▉        | 187/956 [00:40<02:23,  5.35it/s]Deconvoluting Remaining Spots:  20%|█▉        | 188/956 [00:41<02:25,  5.29it/s]Deconvoluting Remaining Spots:  20%|█▉        | 189/956 [00:41<02:25,  5.27it/s]Deconvoluting Remaining Spots:  20%|█▉        | 190/956 [00:41<02:27,  5.18it/s]Deconvoluting Remaining Spots:  20%|█▉        | 191/956 [00:41<02:24,  5.31it/s]Deconvoluting Remaining Spots:  20%|██        | 193/956 [00:41<02:17,  5.54it/s]Deconvoluting Remaining Spots:  20%|██        | 194/956 [00:42<02:32,  5.00it/s]Deconvoluting Remaining Spots:  21%|██        | 196/956 [00:42<02:05,  6.04it/s]Deconvoluting Remaining Spots:  21%|██        | 197/956 [00:42<02:15,  5.62it/s]Deconvoluting Remaining Spots:  21%|██        | 198/956 [00:42<02:17,  5.52it/s]Deconvoluting Remaining Spots:  21%|██        | 199/956 [00:43<02:23,  5.26it/s]Deconvoluting Remaining Spots:  21%|██        | 200/956 [00:43<03:05,  4.08it/s]2026-02-18 16:58:22,810 - root - INFO - Saved checkpoint after 200 completed spots
Deconvoluting Remaining Spots:  21%|██        | 201/956 [00:44<06:57,  1.81it/s]Deconvoluting Remaining Spots:  22%|██▏       | 209/956 [00:45<01:54,  6.54it/s]Deconvoluting Remaining Spots:  22%|██▏       | 211/956 [00:45<01:40,  7.38it/s]Deconvoluting Remaining Spots:  22%|██▏       | 213/956 [00:45<01:54,  6.47it/s]Deconvoluting Remaining Spots:  22%|██▏       | 215/956 [00:46<02:11,  5.65it/s]Deconvoluting Remaining Spots:  23%|██▎       | 217/956 [00:46<02:04,  5.95it/s]Deconvoluting Remaining Spots:  23%|██▎       | 218/956 [00:46<02:14,  5.49it/s]Deconvoluting Remaining Spots:  23%|██▎       | 220/956 [00:47<02:18,  5.30it/s]Deconvoluting Remaining Spots:  23%|██▎       | 221/956 [00:47<02:22,  5.15it/s]Deconvoluting Remaining Spots:  23%|██▎       | 222/956 [00:47<02:17,  5.35it/s]Deconvoluting Remaining Spots:  23%|██▎       | 223/956 [00:47<02:05,  5.85it/s]Deconvoluting Remaining Spots:  23%|██▎       | 224/956 [00:47<02:14,  5.43it/s]Deconvoluting Remaining Spots:  24%|██▎       | 225/956 [00:47<02:05,  5.81it/s]Deconvoluting Remaining Spots:  24%|██▎       | 226/956 [00:48<02:17,  5.31it/s]Deconvoluting Remaining Spots:  24%|██▎       | 227/956 [00:48<02:03,  5.92it/s]Deconvoluting Remaining Spots:  24%|██▍       | 228/956 [00:48<01:58,  6.16it/s]Deconvoluting Remaining Spots:  24%|██▍       | 229/956 [00:48<02:11,  5.54it/s]Deconvoluting Remaining Spots:  24%|██▍       | 230/956 [00:48<02:07,  5.71it/s]Deconvoluting Remaining Spots:  24%|██▍       | 231/956 [00:49<02:32,  4.75it/s]Deconvoluting Remaining Spots:  24%|██▍       | 233/956 [00:49<01:59,  6.05it/s]Deconvoluting Remaining Spots:  24%|██▍       | 234/956 [00:49<02:30,  4.78it/s]Deconvoluting Remaining Spots:  25%|██▍       | 235/956 [00:49<02:12,  5.45it/s]Deconvoluting Remaining Spots:  25%|██▍       | 236/956 [00:49<02:08,  5.58it/s]Deconvoluting Remaining Spots:  25%|██▍       | 237/956 [00:50<02:30,  4.79it/s]Deconvoluting Remaining Spots:  25%|██▌       | 239/956 [00:50<02:18,  5.19it/s]Deconvoluting Remaining Spots:  25%|██▌       | 241/956 [00:50<02:01,  5.89it/s]Deconvoluting Remaining Spots:  25%|██▌       | 242/956 [00:51<02:00,  5.93it/s]Deconvoluting Remaining Spots:  25%|██▌       | 243/956 [00:51<02:09,  5.48it/s]Deconvoluting Remaining Spots:  26%|██▌       | 244/956 [00:51<02:12,  5.39it/s]Deconvoluting Remaining Spots:  26%|██▌       | 245/956 [00:51<02:10,  5.45it/s]Deconvoluting Remaining Spots:  26%|██▌       | 246/956 [00:51<02:11,  5.38it/s]Deconvoluting Remaining Spots:  26%|██▌       | 247/956 [00:52<02:12,  5.35it/s]Deconvoluting Remaining Spots:  26%|██▌       | 248/956 [00:52<02:22,  4.96it/s]Deconvoluting Remaining Spots:  26%|██▌       | 249/956 [00:52<02:26,  4.81it/s]Deconvoluting Remaining Spots:  26%|██▋       | 251/956 [00:52<02:33,  4.60it/s]Deconvoluting Remaining Spots:  26%|██▋       | 253/956 [00:53<02:01,  5.77it/s]Deconvoluting Remaining Spots:  27%|██▋       | 254/956 [00:53<01:59,  5.86it/s]Deconvoluting Remaining Spots:  27%|██▋       | 255/956 [00:53<01:55,  6.07it/s]Deconvoluting Remaining Spots:  27%|██▋       | 256/956 [00:53<02:06,  5.53it/s]Deconvoluting Remaining Spots:  27%|██▋       | 257/956 [00:53<02:06,  5.53it/s]Deconvoluting Remaining Spots:  27%|██▋       | 258/956 [00:54<02:05,  5.56it/s]Deconvoluting Remaining Spots:  27%|██▋       | 259/956 [00:54<02:12,  5.26it/s]Deconvoluting Remaining Spots:  27%|██▋       | 260/956 [00:54<02:00,  5.78it/s]Deconvoluting Remaining Spots:  27%|██▋       | 261/956 [00:54<02:10,  5.33it/s]Deconvoluting Remaining Spots:  27%|██▋       | 262/956 [00:54<02:24,  4.82it/s]Deconvoluting Remaining Spots:  28%|██▊       | 263/956 [00:54<02:08,  5.41it/s]Deconvoluting Remaining Spots:  28%|██▊       | 264/956 [00:55<02:11,  5.25it/s]Deconvoluting Remaining Spots:  28%|██▊       | 265/956 [00:55<02:20,  4.90it/s]Deconvoluting Remaining Spots:  28%|██▊       | 266/956 [00:55<02:01,  5.66it/s]Deconvoluting Remaining Spots:  28%|██▊       | 267/956 [00:55<01:58,  5.83it/s]Deconvoluting Remaining Spots:  28%|██▊       | 268/956 [00:56<02:26,  4.71it/s]Deconvoluting Remaining Spots:  28%|██▊       | 270/956 [00:56<02:06,  5.44it/s]Deconvoluting Remaining Spots:  28%|██▊       | 271/956 [00:56<02:02,  5.59it/s]Deconvoluting Remaining Spots:  28%|██▊       | 272/956 [00:56<01:53,  6.03it/s]Deconvoluting Remaining Spots:  29%|██▊       | 273/956 [00:56<01:57,  5.81it/s]Deconvoluting Remaining Spots:  29%|██▊       | 274/956 [00:56<02:03,  5.54it/s]Deconvoluting Remaining Spots:  29%|██▉       | 275/956 [00:57<02:13,  5.12it/s]Deconvoluting Remaining Spots:  29%|██▉       | 276/956 [00:57<01:57,  5.79it/s]Deconvoluting Remaining Spots:  29%|██▉       | 277/956 [00:57<02:05,  5.42it/s]Deconvoluting Remaining Spots:  29%|██▉       | 278/956 [00:57<01:56,  5.81it/s]Deconvoluting Remaining Spots:  29%|██▉       | 279/956 [00:58<02:33,  4.40it/s]Deconvoluting Remaining Spots:  29%|██▉       | 280/956 [00:58<02:48,  4.01it/s]Deconvoluting Remaining Spots:  29%|██▉       | 282/956 [00:58<02:19,  4.82it/s]Deconvoluting Remaining Spots:  30%|██▉       | 283/956 [00:58<02:04,  5.40it/s]Deconvoluting Remaining Spots:  30%|██▉       | 285/956 [00:59<02:11,  5.09it/s]Deconvoluting Remaining Spots:  30%|███       | 287/956 [00:59<02:01,  5.50it/s]Deconvoluting Remaining Spots:  30%|███       | 288/956 [00:59<02:07,  5.23it/s]Deconvoluting Remaining Spots:  30%|███       | 289/956 [00:59<02:05,  5.30it/s]Deconvoluting Remaining Spots:  30%|███       | 291/956 [01:00<01:47,  6.19it/s]Deconvoluting Remaining Spots:  31%|███       | 292/956 [01:00<01:53,  5.87it/s]Deconvoluting Remaining Spots:  31%|███       | 293/956 [01:00<01:54,  5.80it/s]Deconvoluting Remaining Spots:  31%|███       | 294/956 [01:00<01:57,  5.63it/s]Deconvoluting Remaining Spots:  31%|███       | 295/956 [01:00<01:58,  5.60it/s]Deconvoluting Remaining Spots:  31%|███       | 296/956 [01:01<02:33,  4.31it/s]Deconvoluting Remaining Spots:  31%|███       | 298/956 [01:01<01:52,  5.85it/s]Deconvoluting Remaining Spots:  31%|███▏      | 299/956 [01:01<01:48,  6.08it/s]Deconvoluting Remaining Spots:  31%|███▏      | 300/956 [01:01<02:17,  4.79it/s]2026-02-18 16:58:42,042 - root - INFO - Saved checkpoint after 300 completed spots
Deconvoluting Remaining Spots:  31%|███▏      | 301/956 [01:04<07:49,  1.39it/s]Deconvoluting Remaining Spots:  33%|███▎      | 312/956 [01:04<01:46,  6.04it/s]Deconvoluting Remaining Spots:  33%|███▎      | 315/956 [01:04<01:30,  7.12it/s]Deconvoluting Remaining Spots:  33%|███▎      | 317/956 [01:05<01:34,  6.74it/s]Deconvoluting Remaining Spots:  33%|███▎      | 319/956 [01:05<01:37,  6.51it/s]Deconvoluting Remaining Spots:  33%|███▎      | 320/956 [01:05<01:41,  6.26it/s]Deconvoluting Remaining Spots:  34%|███▎      | 321/956 [01:05<01:45,  6.01it/s]Deconvoluting Remaining Spots:  34%|███▎      | 322/956 [01:06<02:03,  5.11it/s]Deconvoluting Remaining Spots:  34%|███▍      | 323/956 [01:06<02:01,  5.23it/s]Deconvoluting Remaining Spots:  34%|███▍      | 324/956 [01:06<01:52,  5.63it/s]Deconvoluting Remaining Spots:  34%|███▍      | 325/956 [01:06<02:09,  4.87it/s]Deconvoluting Remaining Spots:  34%|███▍      | 326/956 [01:06<02:16,  4.61it/s]Deconvoluting Remaining Spots:  34%|███▍      | 327/956 [01:07<02:18,  4.55it/s]Deconvoluting Remaining Spots:  34%|███▍      | 329/956 [01:07<01:49,  5.70it/s]Deconvoluting Remaining Spots:  35%|███▍      | 330/956 [01:07<01:58,  5.30it/s]Deconvoluting Remaining Spots:  35%|███▍      | 331/956 [01:07<01:50,  5.66it/s]Deconvoluting Remaining Spots:  35%|███▍      | 332/956 [01:07<01:54,  5.47it/s]Deconvoluting Remaining Spots:  35%|███▍      | 333/956 [01:08<01:56,  5.33it/s]Deconvoluting Remaining Spots:  35%|███▍      | 334/956 [01:08<02:26,  4.24it/s]Deconvoluting Remaining Spots:  35%|███▌      | 336/956 [01:08<02:08,  4.82it/s]Deconvoluting Remaining Spots:  35%|███▌      | 338/956 [01:09<01:49,  5.64it/s]Deconvoluting Remaining Spots:  35%|███▌      | 339/956 [01:09<01:46,  5.79it/s]Deconvoluting Remaining Spots:  36%|███▌      | 340/956 [01:09<01:46,  5.76it/s]Deconvoluting Remaining Spots:  36%|███▌      | 341/956 [01:09<01:50,  5.58it/s]Deconvoluting Remaining Spots:  36%|███▌      | 342/956 [01:09<02:04,  4.92it/s]Deconvoluting Remaining Spots:  36%|███▌      | 343/956 [01:10<01:58,  5.15it/s]Deconvoluting Remaining Spots:  36%|███▌      | 344/956 [01:10<01:57,  5.21it/s]Deconvoluting Remaining Spots:  36%|███▌      | 345/956 [01:10<02:01,  5.01it/s]Deconvoluting Remaining Spots:  36%|███▌      | 346/956 [01:10<01:47,  5.68it/s]Deconvoluting Remaining Spots:  36%|███▋      | 347/956 [01:10<01:47,  5.68it/s]Deconvoluting Remaining Spots:  36%|███▋      | 348/956 [01:10<01:47,  5.68it/s]Deconvoluting Remaining Spots:  37%|███▋      | 349/956 [01:11<01:56,  5.20it/s]Deconvoluting Remaining Spots:  37%|███▋      | 350/956 [01:11<01:54,  5.29it/s]Deconvoluting Remaining Spots:  37%|███▋      | 351/956 [01:11<01:52,  5.38it/s]Deconvoluting Remaining Spots:  37%|███▋      | 352/956 [01:11<01:46,  5.67it/s]Deconvoluting Remaining Spots:  37%|███▋      | 353/956 [01:11<01:53,  5.32it/s]Deconvoluting Remaining Spots:  37%|███▋      | 354/956 [01:12<01:53,  5.29it/s]Deconvoluting Remaining Spots:  37%|███▋      | 355/956 [01:12<01:50,  5.43it/s]Deconvoluting Remaining Spots:  37%|███▋      | 356/956 [01:12<01:51,  5.39it/s]Deconvoluting Remaining Spots:  37%|███▋      | 357/956 [01:12<02:09,  4.64it/s]Deconvoluting Remaining Spots:  37%|███▋      | 358/956 [01:12<02:05,  4.75it/s]Deconvoluting Remaining Spots:  38%|███▊      | 359/956 [01:13<01:56,  5.13it/s]Deconvoluting Remaining Spots:  38%|███▊      | 360/956 [01:13<02:12,  4.50it/s]Deconvoluting Remaining Spots:  38%|███▊      | 362/956 [01:13<01:47,  5.53it/s]Deconvoluting Remaining Spots:  38%|███▊      | 363/956 [01:13<01:49,  5.41it/s]Deconvoluting Remaining Spots:  38%|███▊      | 365/956 [01:14<01:48,  5.47it/s]Deconvoluting Remaining Spots:  38%|███▊      | 366/956 [01:14<01:44,  5.63it/s]Deconvoluting Remaining Spots:  38%|███▊      | 367/956 [01:14<02:11,  4.47it/s]Deconvoluting Remaining Spots:  39%|███▊      | 369/956 [01:14<01:43,  5.65it/s]Deconvoluting Remaining Spots:  39%|███▊      | 370/956 [01:15<01:34,  6.21it/s]Deconvoluting Remaining Spots:  39%|███▉      | 371/956 [01:15<01:34,  6.16it/s]Deconvoluting Remaining Spots:  39%|███▉      | 372/956 [01:15<02:06,  4.62it/s]Deconvoluting Remaining Spots:  39%|███▉      | 373/956 [01:15<01:55,  5.04it/s]Deconvoluting Remaining Spots:  39%|███▉      | 374/956 [01:15<01:54,  5.08it/s]Deconvoluting Remaining Spots:  39%|███▉      | 375/956 [01:16<02:16,  4.26it/s]Deconvoluting Remaining Spots:  39%|███▉      | 377/956 [01:16<01:41,  5.70it/s]Deconvoluting Remaining Spots:  40%|███▉      | 378/956 [01:16<01:37,  5.93it/s]Deconvoluting Remaining Spots:  40%|███▉      | 379/956 [01:16<01:43,  5.57it/s]Deconvoluting Remaining Spots:  40%|███▉      | 380/956 [01:17<01:46,  5.41it/s]Deconvoluting Remaining Spots:  40%|███▉      | 381/956 [01:17<01:46,  5.39it/s]Deconvoluting Remaining Spots:  40%|███▉      | 382/956 [01:17<01:42,  5.57it/s]Deconvoluting Remaining Spots:  40%|████      | 383/956 [01:17<01:43,  5.56it/s]Deconvoluting Remaining Spots:  40%|████      | 384/956 [01:17<01:54,  4.99it/s]Deconvoluting Remaining Spots:  40%|████      | 385/956 [01:18<01:51,  5.11it/s]Deconvoluting Remaining Spots:  40%|████      | 386/956 [01:18<01:44,  5.45it/s]Deconvoluting Remaining Spots:  40%|████      | 387/956 [01:18<01:49,  5.22it/s]Deconvoluting Remaining Spots:  41%|████      | 388/956 [01:18<01:36,  5.90it/s]Deconvoluting Remaining Spots:  41%|████      | 389/956 [01:18<01:40,  5.66it/s]Deconvoluting Remaining Spots:  41%|████      | 390/956 [01:19<02:01,  4.66it/s]Deconvoluting Remaining Spots:  41%|████      | 391/956 [01:19<02:04,  4.53it/s]Deconvoluting Remaining Spots:  41%|████      | 392/956 [01:19<02:22,  3.95it/s]Deconvoluting Remaining Spots:  41%|████      | 393/956 [01:19<02:12,  4.26it/s]Deconvoluting Remaining Spots:  41%|████▏     | 395/956 [01:19<01:26,  6.49it/s]Deconvoluting Remaining Spots:  41%|████▏     | 396/956 [01:20<01:34,  5.92it/s]Deconvoluting Remaining Spots:  42%|████▏     | 397/956 [01:20<01:36,  5.80it/s]Deconvoluting Remaining Spots:  42%|████▏     | 398/956 [01:20<01:38,  5.69it/s]Deconvoluting Remaining Spots:  42%|████▏     | 399/956 [01:20<01:37,  5.69it/s]Deconvoluting Remaining Spots:  42%|████▏     | 400/956 [01:20<01:28,  6.32it/s]2026-02-18 16:59:01,135 - root - INFO - Saved checkpoint after 400 completed spots
Deconvoluting Remaining Spots:  42%|████▏     | 401/956 [01:23<07:31,  1.23it/s]Deconvoluting Remaining Spots:  43%|████▎     | 413/956 [01:23<01:19,  6.79it/s]Deconvoluting Remaining Spots:  44%|████▎     | 416/956 [01:23<01:23,  6.44it/s]Deconvoluting Remaining Spots:  44%|████▍     | 419/956 [01:24<01:29,  6.03it/s]Deconvoluting Remaining Spots:  44%|████▍     | 421/956 [01:24<01:34,  5.64it/s]Deconvoluting Remaining Spots:  44%|████▍     | 423/956 [01:25<01:38,  5.43it/s]Deconvoluting Remaining Spots:  44%|████▍     | 425/956 [01:25<01:33,  5.70it/s]Deconvoluting Remaining Spots:  45%|████▍     | 426/956 [01:25<01:33,  5.64it/s]Deconvoluting Remaining Spots:  45%|████▍     | 427/956 [01:26<01:38,  5.36it/s]Deconvoluting Remaining Spots:  45%|████▍     | 428/956 [01:26<01:30,  5.82it/s]Deconvoluting Remaining Spots:  45%|████▍     | 429/956 [01:26<01:34,  5.58it/s]Deconvoluting Remaining Spots:  45%|████▍     | 430/956 [01:26<01:33,  5.65it/s]Deconvoluting Remaining Spots:  45%|████▌     | 431/956 [01:26<01:36,  5.44it/s]Deconvoluting Remaining Spots:  45%|████▌     | 432/956 [01:27<01:45,  4.96it/s]Deconvoluting Remaining Spots:  45%|████▌     | 434/956 [01:27<01:49,  4.76it/s]Deconvoluting Remaining Spots:  46%|████▌     | 436/956 [01:27<01:32,  5.63it/s]Deconvoluting Remaining Spots:  46%|████▌     | 437/956 [01:27<01:30,  5.76it/s]Deconvoluting Remaining Spots:  46%|████▌     | 438/956 [01:28<01:29,  5.80it/s]Deconvoluting Remaining Spots:  46%|████▌     | 439/956 [01:28<01:32,  5.60it/s]Deconvoluting Remaining Spots:  46%|████▌     | 440/956 [01:28<01:35,  5.42it/s]Deconvoluting Remaining Spots:  46%|████▌     | 441/956 [01:28<01:35,  5.40it/s]Deconvoluting Remaining Spots:  46%|████▌     | 442/956 [01:28<01:39,  5.18it/s]Deconvoluting Remaining Spots:  46%|████▋     | 443/956 [01:29<01:39,  5.17it/s]Deconvoluting Remaining Spots:  46%|████▋     | 444/956 [01:29<01:31,  5.58it/s]Deconvoluting Remaining Spots:  47%|████▋     | 446/956 [01:29<01:29,  5.73it/s]Deconvoluting Remaining Spots:  47%|████▋     | 447/956 [01:29<01:24,  6.05it/s]Deconvoluting Remaining Spots:  47%|████▋     | 448/956 [01:29<01:32,  5.47it/s]Deconvoluting Remaining Spots:  47%|████▋     | 449/956 [01:30<01:34,  5.39it/s]Deconvoluting Remaining Spots:  47%|████▋     | 450/956 [01:30<01:38,  5.16it/s]Deconvoluting Remaining Spots:  47%|████▋     | 451/956 [01:30<01:34,  5.33it/s]Deconvoluting Remaining Spots:  47%|████▋     | 452/956 [01:30<01:35,  5.29it/s]Deconvoluting Remaining Spots:  47%|████▋     | 453/956 [01:30<01:42,  4.93it/s]Deconvoluting Remaining Spots:  47%|████▋     | 454/956 [01:31<01:35,  5.25it/s]Deconvoluting Remaining Spots:  48%|████▊     | 455/956 [01:31<01:39,  5.06it/s]Deconvoluting Remaining Spots:  48%|████▊     | 456/956 [01:31<01:37,  5.12it/s]Deconvoluting Remaining Spots:  48%|████▊     | 457/956 [01:31<01:34,  5.26it/s]Deconvoluting Remaining Spots:  48%|████▊     | 458/956 [01:31<01:54,  4.36it/s]Deconvoluting Remaining Spots:  48%|████▊     | 459/956 [01:32<01:53,  4.39it/s]Deconvoluting Remaining Spots:  48%|████▊     | 460/956 [01:32<01:47,  4.60it/s]Deconvoluting Remaining Spots:  48%|████▊     | 461/956 [01:32<01:34,  5.26it/s]Deconvoluting Remaining Spots:  48%|████▊     | 463/956 [01:32<01:19,  6.21it/s]Deconvoluting Remaining Spots:  49%|████▊     | 464/956 [01:32<01:22,  6.00it/s]Deconvoluting Remaining Spots:  49%|████▊     | 465/956 [01:33<01:27,  5.64it/s]Deconvoluting Remaining Spots:  49%|████▊     | 466/956 [01:33<02:13,  3.66it/s]Deconvoluting Remaining Spots:  49%|████▉     | 468/956 [01:34<01:55,  4.24it/s]Deconvoluting Remaining Spots:  49%|████▉     | 470/956 [01:34<01:32,  5.27it/s]Deconvoluting Remaining Spots:  49%|████▉     | 471/956 [01:34<01:34,  5.11it/s]Deconvoluting Remaining Spots:  49%|████▉     | 472/956 [01:34<01:25,  5.66it/s]Deconvoluting Remaining Spots:  50%|████▉     | 474/956 [01:34<01:25,  5.61it/s]Deconvoluting Remaining Spots:  50%|████▉     | 475/956 [01:35<01:21,  5.87it/s]Deconvoluting Remaining Spots:  50%|████▉     | 477/956 [01:35<01:18,  6.09it/s]Deconvoluting Remaining Spots:  50%|█████     | 478/956 [01:35<01:35,  5.02it/s]Deconvoluting Remaining Spots:  50%|█████     | 479/956 [01:35<01:25,  5.60it/s]Deconvoluting Remaining Spots:  50%|█████     | 480/956 [01:36<01:25,  5.59it/s]Deconvoluting Remaining Spots:  50%|█████     | 481/956 [01:36<01:24,  5.59it/s]Deconvoluting Remaining Spots:  50%|█████     | 482/956 [01:36<01:26,  5.47it/s]Deconvoluting Remaining Spots:  51%|█████     | 483/956 [01:36<01:31,  5.17it/s]Deconvoluting Remaining Spots:  51%|█████     | 484/956 [01:36<01:49,  4.30it/s]Deconvoluting Remaining Spots:  51%|█████     | 486/956 [01:37<01:26,  5.41it/s]Deconvoluting Remaining Spots:  51%|█████     | 487/956 [01:37<01:24,  5.57it/s]Deconvoluting Remaining Spots:  51%|█████     | 488/956 [01:37<01:35,  4.90it/s]Deconvoluting Remaining Spots:  51%|█████     | 489/956 [01:37<01:24,  5.55it/s]Deconvoluting Remaining Spots:  51%|█████▏    | 490/956 [01:37<01:19,  5.86it/s]Deconvoluting Remaining Spots:  51%|█████▏    | 491/956 [01:38<01:31,  5.06it/s]Deconvoluting Remaining Spots:  51%|█████▏    | 492/956 [01:38<01:27,  5.28it/s]Deconvoluting Remaining Spots:  52%|█████▏    | 493/956 [01:38<01:41,  4.57it/s]Deconvoluting Remaining Spots:  52%|█████▏    | 494/956 [01:38<01:39,  4.65it/s]Deconvoluting Remaining Spots:  52%|█████▏    | 496/956 [01:39<01:24,  5.43it/s]Deconvoluting Remaining Spots:  52%|█████▏    | 497/956 [01:39<01:23,  5.50it/s]Deconvoluting Remaining Spots:  52%|█████▏    | 498/956 [01:39<01:44,  4.39it/s]Deconvoluting Remaining Spots:  52%|█████▏    | 499/956 [01:39<01:41,  4.51it/s]Deconvoluting Remaining Spots:  52%|█████▏    | 500/956 [01:40<01:36,  4.73it/s]2026-02-18 16:59:21,239 - root - INFO - Saved checkpoint after 500 completed spots
Deconvoluting Remaining Spots:  52%|█████▏    | 501/956 [01:43<08:07,  1.07s/it]Deconvoluting Remaining Spots:  54%|█████▍    | 519/956 [01:43<01:01,  7.11it/s]Deconvoluting Remaining Spots:  55%|█████▍    | 522/956 [01:44<01:05,  6.66it/s]Deconvoluting Remaining Spots:  55%|█████▍    | 524/956 [01:44<01:10,  6.10it/s]Deconvoluting Remaining Spots:  55%|█████▌    | 526/956 [01:44<01:08,  6.29it/s]Deconvoluting Remaining Spots:  55%|█████▌    | 528/956 [01:45<01:08,  6.25it/s]Deconvoluting Remaining Spots:  55%|█████▌    | 530/956 [01:45<01:12,  5.86it/s]Deconvoluting Remaining Spots:  56%|█████▌    | 531/956 [01:45<01:20,  5.25it/s]Deconvoluting Remaining Spots:  56%|█████▌    | 532/956 [01:46<01:18,  5.39it/s]Deconvoluting Remaining Spots:  56%|█████▌    | 533/956 [01:46<01:18,  5.41it/s]Deconvoluting Remaining Spots:  56%|█████▌    | 534/956 [01:46<01:11,  5.89it/s]Deconvoluting Remaining Spots:  56%|█████▌    | 535/956 [01:46<01:18,  5.34it/s]Deconvoluting Remaining Spots:  56%|█████▌    | 536/956 [01:46<01:12,  5.79it/s]Deconvoluting Remaining Spots:  56%|█████▌    | 537/956 [01:46<01:10,  5.99it/s]Deconvoluting Remaining Spots:  56%|█████▋    | 538/956 [01:47<01:22,  5.08it/s]Deconvoluting Remaining Spots:  56%|█████▋    | 540/956 [01:47<01:20,  5.18it/s]Deconvoluting Remaining Spots:  57%|█████▋    | 542/956 [01:47<01:16,  5.40it/s]Deconvoluting Remaining Spots:  57%|█████▋    | 543/956 [01:48<01:15,  5.44it/s]Deconvoluting Remaining Spots:  57%|█████▋    | 544/956 [01:48<01:17,  5.32it/s]Deconvoluting Remaining Spots:  57%|█████▋    | 545/956 [01:48<01:19,  5.17it/s]Deconvoluting Remaining Spots:  57%|█████▋    | 546/956 [01:48<01:15,  5.41it/s]Deconvoluting Remaining Spots:  57%|█████▋    | 547/956 [01:48<01:15,  5.45it/s]Deconvoluting Remaining Spots:  57%|█████▋    | 548/956 [01:48<01:07,  6.07it/s]Deconvoluting Remaining Spots:  57%|█████▋    | 549/956 [01:49<01:09,  5.87it/s]Deconvoluting Remaining Spots:  58%|█████▊    | 550/956 [01:49<01:17,  5.23it/s]Deconvoluting Remaining Spots:  58%|█████▊    | 551/956 [01:49<01:09,  5.79it/s]Deconvoluting Remaining Spots:  58%|█████▊    | 552/956 [01:49<01:21,  4.98it/s]Deconvoluting Remaining Spots:  58%|█████▊    | 554/956 [01:50<01:08,  5.88it/s]Deconvoluting Remaining Spots:  58%|█████▊    | 555/956 [01:50<01:16,  5.28it/s]Deconvoluting Remaining Spots:  58%|█████▊    | 556/956 [01:50<01:08,  5.80it/s]Deconvoluting Remaining Spots:  58%|█████▊    | 557/956 [01:50<01:05,  6.05it/s]Deconvoluting Remaining Spots:  58%|█████▊    | 558/956 [01:50<01:13,  5.40it/s]Deconvoluting Remaining Spots:  58%|█████▊    | 559/956 [01:51<01:20,  4.92it/s]Deconvoluting Remaining Spots:  59%|█████▊    | 560/956 [01:51<01:35,  4.16it/s]Deconvoluting Remaining Spots:  59%|█████▉    | 562/956 [01:51<01:05,  6.01it/s]Deconvoluting Remaining Spots:  59%|█████▉    | 563/956 [01:51<01:18,  4.98it/s]Deconvoluting Remaining Spots:  59%|█████▉    | 564/956 [01:52<01:12,  5.41it/s]Deconvoluting Remaining Spots:  59%|█████▉    | 565/956 [01:52<01:03,  6.15it/s]Deconvoluting Remaining Spots:  59%|█████▉    | 566/956 [01:52<01:04,  6.01it/s]Deconvoluting Remaining Spots:  59%|█████▉    | 567/956 [01:52<01:26,  4.50it/s]Deconvoluting Remaining Spots:  60%|█████▉    | 569/956 [01:53<01:18,  4.92it/s]Deconvoluting Remaining Spots:  60%|█████▉    | 571/956 [01:53<01:08,  5.65it/s]Deconvoluting Remaining Spots:  60%|█████▉    | 572/956 [01:53<01:03,  6.01it/s]Deconvoluting Remaining Spots:  60%|█████▉    | 573/956 [01:53<01:16,  4.98it/s]Deconvoluting Remaining Spots:  60%|██████    | 575/956 [01:54<01:14,  5.08it/s]Deconvoluting Remaining Spots:  60%|██████    | 576/956 [01:54<01:07,  5.60it/s]Deconvoluting Remaining Spots:  60%|██████    | 577/956 [01:54<01:14,  5.08it/s]Deconvoluting Remaining Spots:  60%|██████    | 578/956 [01:54<01:06,  5.66it/s]Deconvoluting Remaining Spots:  61%|██████    | 579/956 [01:54<01:06,  5.68it/s]Deconvoluting Remaining Spots:  61%|██████    | 580/956 [01:54<01:09,  5.39it/s]Deconvoluting Remaining Spots:  61%|██████    | 581/956 [01:55<01:06,  5.68it/s]Deconvoluting Remaining Spots:  61%|██████    | 582/956 [01:55<01:11,  5.24it/s]Deconvoluting Remaining Spots:  61%|██████    | 583/956 [01:55<01:04,  5.77it/s]Deconvoluting Remaining Spots:  61%|██████    | 584/956 [01:55<01:18,  4.76it/s]Deconvoluting Remaining Spots:  61%|██████    | 585/956 [01:55<01:08,  5.39it/s]Deconvoluting Remaining Spots:  61%|██████▏   | 586/956 [01:56<01:10,  5.21it/s]Deconvoluting Remaining Spots:  61%|██████▏   | 587/956 [01:56<01:04,  5.68it/s]Deconvoluting Remaining Spots:  62%|██████▏   | 588/956 [01:56<01:07,  5.46it/s]Deconvoluting Remaining Spots:  62%|██████▏   | 589/956 [01:57<01:49,  3.34it/s]Deconvoluting Remaining Spots:  62%|██████▏   | 591/956 [01:57<01:28,  4.12it/s]Deconvoluting Remaining Spots:  62%|██████▏   | 594/956 [01:57<01:04,  5.62it/s]Deconvoluting Remaining Spots:  62%|██████▏   | 595/956 [01:58<01:15,  4.77it/s]Deconvoluting Remaining Spots:  62%|██████▏   | 596/956 [01:58<01:11,  5.04it/s]Deconvoluting Remaining Spots:  63%|██████▎   | 598/956 [01:58<00:58,  6.12it/s]Deconvoluting Remaining Spots:  63%|██████▎   | 599/956 [01:58<01:08,  5.23it/s]Deconvoluting Remaining Spots:  63%|██████▎   | 600/956 [01:58<01:13,  4.83it/s]2026-02-18 16:59:40,774 - root - INFO - Saved checkpoint after 600 completed spots
Deconvoluting Remaining Spots:  63%|██████▎   | 601/956 [02:02<06:36,  1.12s/it]Deconvoluting Remaining Spots:  65%|██████▍   | 621/956 [02:03<00:49,  6.84it/s]Deconvoluting Remaining Spots:  65%|██████▌   | 625/956 [02:03<00:49,  6.71it/s]Deconvoluting Remaining Spots:  66%|██████▌   | 628/956 [02:04<00:51,  6.34it/s]Deconvoluting Remaining Spots:  66%|██████▌   | 630/956 [02:04<00:59,  5.50it/s]Deconvoluting Remaining Spots:  66%|██████▌   | 632/956 [02:05<00:57,  5.67it/s]Deconvoluting Remaining Spots:  66%|██████▋   | 634/956 [02:05<00:50,  6.32it/s]Deconvoluting Remaining Spots:  67%|██████▋   | 636/956 [02:05<00:54,  5.85it/s]Deconvoluting Remaining Spots:  67%|██████▋   | 637/956 [02:06<01:02,  5.08it/s]Deconvoluting Remaining Spots:  67%|██████▋   | 639/956 [02:06<00:59,  5.36it/s]Deconvoluting Remaining Spots:  67%|██████▋   | 640/956 [02:06<01:04,  4.91it/s]Deconvoluting Remaining Spots:  67%|██████▋   | 643/956 [02:07<00:56,  5.58it/s]Deconvoluting Remaining Spots:  67%|██████▋   | 645/956 [02:07<00:50,  6.19it/s]Deconvoluting Remaining Spots:  68%|██████▊   | 646/956 [02:07<01:01,  5.07it/s]Deconvoluting Remaining Spots:  68%|██████▊   | 648/956 [02:08<00:52,  5.83it/s]Deconvoluting Remaining Spots:  68%|██████▊   | 649/956 [02:08<00:49,  6.14it/s]Deconvoluting Remaining Spots:  68%|██████▊   | 650/956 [02:08<00:56,  5.42it/s]Deconvoluting Remaining Spots:  68%|██████▊   | 652/956 [02:08<01:01,  4.95it/s]Deconvoluting Remaining Spots:  68%|██████▊   | 654/956 [02:09<00:49,  6.14it/s]Deconvoluting Remaining Spots:  69%|██████▊   | 655/956 [02:09<00:50,  6.00it/s]Deconvoluting Remaining Spots:  69%|██████▊   | 656/956 [02:09<00:58,  5.13it/s]Deconvoluting Remaining Spots:  69%|██████▊   | 657/956 [02:09<01:02,  4.79it/s]Deconvoluting Remaining Spots:  69%|██████▉   | 658/956 [02:09<00:54,  5.42it/s]Deconvoluting Remaining Spots:  69%|██████▉   | 659/956 [02:10<00:59,  5.00it/s]Deconvoluting Remaining Spots:  69%|██████▉   | 660/956 [02:10<01:07,  4.41it/s]Deconvoluting Remaining Spots:  69%|██████▉   | 662/956 [02:10<00:48,  6.01it/s]Deconvoluting Remaining Spots:  69%|██████▉   | 663/956 [02:10<00:54,  5.37it/s]Deconvoluting Remaining Spots:  69%|██████▉   | 664/956 [02:11<00:55,  5.25it/s]Deconvoluting Remaining Spots:  70%|██████▉   | 665/956 [02:11<00:48,  5.98it/s]Deconvoluting Remaining Spots:  70%|██████▉   | 666/956 [02:11<00:51,  5.67it/s]Deconvoluting Remaining Spots:  70%|██████▉   | 667/956 [02:11<00:52,  5.47it/s]Deconvoluting Remaining Spots:  70%|██████▉   | 668/956 [02:11<00:59,  4.83it/s]Deconvoluting Remaining Spots:  70%|██████▉   | 669/956 [02:12<00:55,  5.13it/s]Deconvoluting Remaining Spots:  70%|███████   | 670/956 [02:12<00:54,  5.28it/s]Deconvoluting Remaining Spots:  70%|███████   | 671/956 [02:12<00:53,  5.37it/s]Deconvoluting Remaining Spots:  70%|███████   | 672/956 [02:12<00:52,  5.38it/s]Deconvoluting Remaining Spots:  70%|███████   | 673/956 [02:12<00:55,  5.12it/s]Deconvoluting Remaining Spots:  71%|███████   | 675/956 [02:13<00:48,  5.78it/s]Deconvoluting Remaining Spots:  71%|███████   | 676/956 [02:13<00:49,  5.68it/s]Deconvoluting Remaining Spots:  71%|███████   | 677/956 [02:13<00:53,  5.25it/s]Deconvoluting Remaining Spots:  71%|███████   | 679/956 [02:13<00:47,  5.79it/s]Deconvoluting Remaining Spots:  71%|███████   | 680/956 [02:13<00:44,  6.26it/s]Deconvoluting Remaining Spots:  71%|███████   | 681/956 [02:14<00:52,  5.27it/s]Deconvoluting Remaining Spots:  71%|███████▏  | 682/956 [02:14<00:58,  4.65it/s]Deconvoluting Remaining Spots:  71%|███████▏  | 683/956 [02:14<01:04,  4.23it/s]Deconvoluting Remaining Spots:  72%|███████▏  | 684/956 [02:14<00:57,  4.69it/s]Deconvoluting Remaining Spots:  72%|███████▏  | 685/956 [02:15<00:51,  5.22it/s]Deconvoluting Remaining Spots:  72%|███████▏  | 687/956 [02:15<00:41,  6.52it/s]Deconvoluting Remaining Spots:  72%|███████▏  | 688/956 [02:15<00:46,  5.72it/s]Deconvoluting Remaining Spots:  72%|███████▏  | 689/956 [02:15<00:48,  5.53it/s]Deconvoluting Remaining Spots:  72%|███████▏  | 690/956 [02:15<00:52,  5.05it/s]Deconvoluting Remaining Spots:  72%|███████▏  | 691/956 [02:16<00:49,  5.35it/s]Deconvoluting Remaining Spots:  72%|███████▏  | 692/956 [02:16<01:01,  4.31it/s]Deconvoluting Remaining Spots:  73%|███████▎  | 694/956 [02:16<00:43,  6.06it/s]Deconvoluting Remaining Spots:  73%|███████▎  | 695/956 [02:16<00:43,  6.05it/s]Deconvoluting Remaining Spots:  73%|███████▎  | 696/956 [02:16<00:43,  5.96it/s]Deconvoluting Remaining Spots:  73%|███████▎  | 697/956 [02:17<00:46,  5.52it/s]Deconvoluting Remaining Spots:  73%|███████▎  | 698/956 [02:17<00:51,  5.00it/s]Deconvoluting Remaining Spots:  73%|███████▎  | 699/956 [02:17<00:51,  4.97it/s]Deconvoluting Remaining Spots:  73%|███████▎  | 700/956 [02:17<00:44,  5.78it/s]2026-02-18 17:00:00,061 - root - INFO - Saved checkpoint after 700 completed spots
Deconvoluting Remaining Spots:  73%|███████▎  | 701/956 [02:22<05:54,  1.39s/it]Deconvoluting Remaining Spots:  76%|███████▌  | 723/956 [02:22<00:33,  7.05it/s]Deconvoluting Remaining Spots:  76%|███████▋  | 729/956 [02:23<00:36,  6.28it/s]Deconvoluting Remaining Spots:  77%|███████▋  | 734/956 [02:24<00:36,  6.08it/s]Deconvoluting Remaining Spots:  77%|███████▋  | 738/956 [02:25<00:37,  5.77it/s]Deconvoluting Remaining Spots:  78%|███████▊  | 741/956 [02:25<00:38,  5.58it/s]Deconvoluting Remaining Spots:  78%|███████▊  | 743/956 [02:26<00:37,  5.61it/s]Deconvoluting Remaining Spots:  78%|███████▊  | 745/956 [02:26<00:42,  5.00it/s]Deconvoluting Remaining Spots:  78%|███████▊  | 747/956 [02:27<00:39,  5.31it/s]Deconvoluting Remaining Spots:  78%|███████▊  | 749/956 [02:27<00:36,  5.69it/s]Deconvoluting Remaining Spots:  78%|███████▊  | 750/956 [02:27<00:35,  5.73it/s]Deconvoluting Remaining Spots:  79%|███████▊  | 751/956 [02:27<00:36,  5.69it/s]Deconvoluting Remaining Spots:  79%|███████▊  | 752/956 [02:27<00:37,  5.44it/s]Deconvoluting Remaining Spots:  79%|███████▉  | 753/956 [02:28<00:42,  4.77it/s]Deconvoluting Remaining Spots:  79%|███████▉  | 755/956 [02:28<00:36,  5.57it/s]Deconvoluting Remaining Spots:  79%|███████▉  | 756/956 [02:28<00:35,  5.70it/s]Deconvoluting Remaining Spots:  79%|███████▉  | 757/956 [02:29<00:45,  4.38it/s]Deconvoluting Remaining Spots:  79%|███████▉  | 759/956 [02:29<00:34,  5.78it/s]Deconvoluting Remaining Spots:  79%|███████▉  | 760/956 [02:29<00:40,  4.85it/s]Deconvoluting Remaining Spots:  80%|███████▉  | 762/956 [02:29<00:35,  5.41it/s]Deconvoluting Remaining Spots:  80%|███████▉  | 763/956 [02:30<00:37,  5.10it/s]Deconvoluting Remaining Spots:  80%|███████▉  | 764/956 [02:30<00:40,  4.78it/s]Deconvoluting Remaining Spots:  80%|████████  | 766/956 [02:30<00:35,  5.39it/s]Deconvoluting Remaining Spots:  80%|████████  | 767/956 [02:30<00:32,  5.79it/s]Deconvoluting Remaining Spots:  80%|████████  | 768/956 [02:30<00:32,  5.83it/s]Deconvoluting Remaining Spots:  80%|████████  | 769/956 [02:31<00:32,  5.69it/s]Deconvoluting Remaining Spots:  81%|████████  | 770/956 [02:31<00:34,  5.32it/s]Deconvoluting Remaining Spots:  81%|████████  | 771/956 [02:31<00:36,  5.08it/s]Deconvoluting Remaining Spots:  81%|████████  | 772/956 [02:31<00:32,  5.70it/s]Deconvoluting Remaining Spots:  81%|████████  | 773/956 [02:31<00:33,  5.39it/s]Deconvoluting Remaining Spots:  81%|████████  | 774/956 [02:32<00:31,  5.81it/s]Deconvoluting Remaining Spots:  81%|████████  | 775/956 [02:32<00:41,  4.33it/s]Deconvoluting Remaining Spots:  81%|████████▏ | 777/956 [02:32<00:31,  5.62it/s]Deconvoluting Remaining Spots:  81%|████████▏ | 778/956 [02:32<00:29,  5.95it/s]Deconvoluting Remaining Spots:  81%|████████▏ | 779/956 [02:32<00:28,  6.28it/s]Deconvoluting Remaining Spots:  82%|████████▏ | 780/956 [02:33<00:34,  5.14it/s]Deconvoluting Remaining Spots:  82%|████████▏ | 781/956 [02:33<00:30,  5.75it/s]Deconvoluting Remaining Spots:  82%|████████▏ | 782/956 [02:33<00:36,  4.75it/s]Deconvoluting Remaining Spots:  82%|████████▏ | 784/956 [02:33<00:34,  5.04it/s]Deconvoluting Remaining Spots:  82%|████████▏ | 785/956 [02:34<00:32,  5.26it/s]Deconvoluting Remaining Spots:  82%|████████▏ | 786/956 [02:34<00:35,  4.80it/s]Deconvoluting Remaining Spots:  82%|████████▏ | 787/956 [02:34<00:32,  5.15it/s]Deconvoluting Remaining Spots:  82%|████████▏ | 788/956 [02:34<00:32,  5.15it/s]Deconvoluting Remaining Spots:  83%|████████▎ | 789/956 [02:34<00:31,  5.29it/s]Deconvoluting Remaining Spots:  83%|████████▎ | 790/956 [02:35<00:28,  5.87it/s]Deconvoluting Remaining Spots:  83%|████████▎ | 791/956 [02:35<00:32,  5.04it/s]Deconvoluting Remaining Spots:  83%|████████▎ | 793/956 [02:35<00:26,  6.14it/s]Deconvoluting Remaining Spots:  83%|████████▎ | 794/956 [02:35<00:29,  5.50it/s]Deconvoluting Remaining Spots:  83%|████████▎ | 795/956 [02:35<00:28,  5.61it/s]Deconvoluting Remaining Spots:  83%|████████▎ | 796/956 [02:36<00:35,  4.49it/s]Deconvoluting Remaining Spots:  83%|████████▎ | 798/956 [02:36<00:26,  5.89it/s]Deconvoluting Remaining Spots:  84%|████████▎ | 799/956 [02:36<00:26,  6.04it/s]Deconvoluting Remaining Spots:  84%|████████▎ | 800/956 [02:37<00:33,  4.67it/s]2026-02-18 17:00:20,894 - root - INFO - Saved checkpoint after 800 completed spots
Deconvoluting Remaining Spots:  84%|████████▍ | 801/956 [02:42<04:28,  1.73s/it]Deconvoluting Remaining Spots:  87%|████████▋ | 832/956 [02:43<00:17,  7.13it/s]Deconvoluting Remaining Spots:  88%|████████▊ | 839/956 [02:44<00:17,  6.74it/s]Deconvoluting Remaining Spots:  88%|████████▊ | 844/956 [02:45<00:18,  6.21it/s]Deconvoluting Remaining Spots:  89%|████████▊ | 848/956 [02:45<00:17,  6.32it/s]Deconvoluting Remaining Spots:  89%|████████▉ | 851/956 [02:46<00:17,  5.95it/s]Deconvoluting Remaining Spots:  89%|████████▉ | 853/956 [02:46<00:16,  6.10it/s]Deconvoluting Remaining Spots:  89%|████████▉ | 855/956 [02:47<00:17,  5.77it/s]Deconvoluting Remaining Spots:  90%|████████▉ | 857/956 [02:47<00:17,  5.70it/s]Deconvoluting Remaining Spots:  90%|████████▉ | 859/956 [02:48<00:16,  5.90it/s]Deconvoluting Remaining Spots:  90%|████████▉ | 860/956 [02:48<00:18,  5.24it/s]Deconvoluting Remaining Spots:  90%|█████████ | 861/956 [02:48<00:17,  5.36it/s]Deconvoluting Remaining Spots:  90%|█████████ | 862/956 [02:48<00:17,  5.45it/s]Deconvoluting Remaining Spots:  90%|█████████ | 863/956 [02:48<00:16,  5.76it/s]Deconvoluting Remaining Spots:  90%|█████████ | 864/956 [02:48<00:14,  6.23it/s]Deconvoluting Remaining Spots:  90%|█████████ | 865/956 [02:49<00:14,  6.34it/s]Deconvoluting Remaining Spots:  91%|█████████ | 866/956 [02:49<00:15,  5.83it/s]Deconvoluting Remaining Spots:  91%|█████████ | 867/956 [02:49<00:16,  5.51it/s]Deconvoluting Remaining Spots:  91%|█████████ | 868/956 [02:49<00:16,  5.41it/s]Deconvoluting Remaining Spots:  91%|█████████ | 869/956 [02:49<00:15,  5.77it/s]Deconvoluting Remaining Spots:  91%|█████████ | 870/956 [02:50<00:15,  5.62it/s]Deconvoluting Remaining Spots:  91%|█████████ | 871/956 [02:50<00:15,  5.53it/s]Deconvoluting Remaining Spots:  91%|█████████ | 872/956 [02:50<00:15,  5.56it/s]Deconvoluting Remaining Spots:  91%|█████████▏| 873/956 [02:50<00:20,  4.07it/s]Deconvoluting Remaining Spots:  91%|█████████▏| 874/956 [02:50<00:17,  4.82it/s]Deconvoluting Remaining Spots:  92%|█████████▏| 875/956 [02:51<00:18,  4.44it/s]Deconvoluting Remaining Spots:  92%|█████████▏| 876/956 [02:51<00:17,  4.70it/s]Deconvoluting Remaining Spots:  92%|█████████▏| 877/956 [02:51<00:16,  4.86it/s]Deconvoluting Remaining Spots:  92%|█████████▏| 878/956 [02:51<00:14,  5.28it/s]Deconvoluting Remaining Spots:  92%|█████████▏| 879/956 [02:51<00:15,  4.85it/s]Deconvoluting Remaining Spots:  92%|█████████▏| 882/956 [02:52<00:10,  6.82it/s]Deconvoluting Remaining Spots:  92%|█████████▏| 883/956 [02:52<00:15,  4.70it/s]Deconvoluting Remaining Spots:  93%|█████████▎| 885/956 [02:53<00:14,  4.87it/s]Deconvoluting Remaining Spots:  93%|█████████▎| 886/956 [02:53<00:13,  5.08it/s]Deconvoluting Remaining Spots:  93%|█████████▎| 888/956 [02:53<00:10,  6.30it/s]Deconvoluting Remaining Spots:  93%|█████████▎| 889/956 [02:53<00:11,  5.80it/s]Deconvoluting Remaining Spots:  93%|█████████▎| 890/956 [02:53<00:11,  5.78it/s]Deconvoluting Remaining Spots:  93%|█████████▎| 891/956 [02:54<00:12,  5.14it/s]Deconvoluting Remaining Spots:  93%|█████████▎| 892/956 [02:54<00:13,  4.90it/s]Deconvoluting Remaining Spots:  93%|█████████▎| 893/956 [02:54<00:12,  4.87it/s]Deconvoluting Remaining Spots:  94%|█████████▎| 894/956 [02:54<00:11,  5.53it/s]Deconvoluting Remaining Spots:  94%|█████████▎| 896/956 [02:54<00:09,  6.51it/s]Deconvoluting Remaining Spots:  94%|█████████▍| 897/956 [02:55<00:08,  7.04it/s]Deconvoluting Remaining Spots:  94%|█████████▍| 898/956 [02:55<00:10,  5.78it/s]Deconvoluting Remaining Spots:  94%|█████████▍| 899/956 [02:55<00:11,  4.85it/s]Deconvoluting Remaining Spots:  94%|█████████▍| 900/956 [02:55<00:10,  5.23it/s]2026-02-18 17:00:39,257 - root - INFO - Saved checkpoint after 900 completed spots
Deconvoluting Remaining Spots:  94%|█████████▍| 901/956 [03:01<01:34,  1.71s/it]Deconvoluting Remaining Spots:  97%|█████████▋| 929/956 [03:01<00:03,  6.98it/s]Deconvoluting Remaining Spots:  98%|█████████▊| 936/956 [03:02<00:03,  6.44it/s]Deconvoluting Remaining Spots:  98%|█████████▊| 941/956 [03:03<00:02,  6.27it/s]Deconvoluting Remaining Spots:  99%|█████████▉| 945/956 [03:04<00:01,  6.08it/s]Deconvoluting Remaining Spots:  99%|█████████▉| 948/956 [03:05<00:01,  5.86it/s]Deconvoluting Remaining Spots:  99%|█████████▉| 951/956 [03:05<00:00,  5.91it/s]Deconvoluting Remaining Spots: 100%|█████████▉| 953/956 [03:05<00:00,  5.82it/s]Deconvoluting Remaining Spots: 100%|█████████▉| 955/956 [03:06<00:00,  5.84it/s]Deconvoluting Remaining Spots: 100%|██████████| 956/956 [03:06<00:00,  5.13it/s]
2026-02-18 17:00:49,415 - root - INFO - Saved final results with 956 completed spots
2026-02-18 17:00:54,516 - root - INFO - Saved profiles to Benchmarking/simulation_benchmarking/CITEgeist/output_discrete_slack_only/mixed/dapi/mixed/dapi/Wu_rep_3/Wu_rep_3_gene_expression_pass1.parquet with cell types: ['B-cells', 'CAFs', 'Cancer Epithelial', 'Endothelial', 'Myeloid', 'Normal Epithelial', 'PVL', 'Plasmablasts', 'T-cells']
2026-02-18 17:00:56,309 - root - INFO - Successfully added layer: B-cells_genes_pass1
2026-02-18 17:00:56,488 - root - INFO - Successfully added layer: Myeloid_genes_pass1
2026-02-18 17:00:56,665 - root - INFO - Successfully added layer: Plasmablasts_genes_pass1
2026-02-18 17:00:56,842 - root - INFO - Successfully added layer: Normal_Epithelial_genes_pass1
2026-02-18 17:00:57,017 - root - INFO - Successfully added layer: PVL_genes_pass1
2026-02-18 17:00:57,192 - root - INFO - Successfully added layer: Cancer_Epithelial_genes_pass1
2026-02-18 17:00:57,371 - root - INFO - Successfully added layer: CAFs_genes_pass1
2026-02-18 17:00:57,550 - root - INFO - Successfully added layer: T-cells_genes_pass1
2026-02-18 17:00:57,728 - root - INFO - Successfully added layer: Endothelial_genes_pass1
2026-02-18 17:01:06,058 - root - INFO - Exported layer 'B-cells_genes_pass1' to 'Benchmarking/simulation_benchmarking/CITEgeist/output_discrete_slack_only/mixed/dapi/mixed/dapi/Wu_rep_3/Wu_rep_3_pass1/layers/pass1/B-cells_layer_pass1.csv'
2026-02-18 17:01:14,701 - root - INFO - Exported layer 'Myeloid_genes_pass1' to 'Benchmarking/simulation_benchmarking/CITEgeist/output_discrete_slack_only/mixed/dapi/mixed/dapi/Wu_rep_3/Wu_rep_3_pass1/layers/pass1/Myeloid_layer_pass1.csv'
2026-02-18 17:01:22,725 - root - INFO - Exported layer 'Plasmablasts_genes_pass1' to 'Benchmarking/simulation_benchmarking/CITEgeist/output_discrete_slack_only/mixed/dapi/mixed/dapi/Wu_rep_3/Wu_rep_3_pass1/layers/pass1/Plasmablasts_layer_pass1.csv'
2026-02-18 17:01:30,670 - root - INFO - Exported layer 'Normal_Epithelial_genes_pass1' to 'Benchmarking/simulation_benchmarking/CITEgeist/output_discrete_slack_only/mixed/dapi/mixed/dapi/Wu_rep_3/Wu_rep_3_pass1/layers/pass1/Normal_Epithelial_layer_pass1.csv'
2026-02-18 17:01:38,598 - root - INFO - Exported layer 'PVL_genes_pass1' to 'Benchmarking/simulation_benchmarking/CITEgeist/output_discrete_slack_only/mixed/dapi/mixed/dapi/Wu_rep_3/Wu_rep_3_pass1/layers/pass1/PVL_layer_pass1.csv'
2026-02-18 17:01:46,478 - root - INFO - Exported layer 'Cancer_Epithelial_genes_pass1' to 'Benchmarking/simulation_benchmarking/CITEgeist/output_discrete_slack_only/mixed/dapi/mixed/dapi/Wu_rep_3/Wu_rep_3_pass1/layers/pass1/Cancer_Epithelial_layer_pass1.csv'
2026-02-18 17:01:54,412 - root - INFO - Exported layer 'CAFs_genes_pass1' to 'Benchmarking/simulation_benchmarking/CITEgeist/output_discrete_slack_only/mixed/dapi/mixed/dapi/Wu_rep_3/Wu_rep_3_pass1/layers/pass1/CAFs_layer_pass1.csv'
2026-02-18 17:02:02,267 - root - INFO - Exported layer 'T-cells_genes_pass1' to 'Benchmarking/simulation_benchmarking/CITEgeist/output_discrete_slack_only/mixed/dapi/mixed/dapi/Wu_rep_3/Wu_rep_3_pass1/layers/pass1/T-cells_layer_pass1.csv'
2026-02-18 17:02:10,059 - root - INFO - Exported layer 'Endothelial_genes_pass1' to 'Benchmarking/simulation_benchmarking/CITEgeist/output_discrete_slack_only/mixed/dapi/mixed/dapi/Wu_rep_3/Wu_rep_3_pass1/layers/pass1/Endothelial_layer_pass1.csv'
2026-02-18 17:02:10,059 - __main__ - INFO - GEX deconvolution completed in 273.6s
2026-02-18 17:03:22,547 - __main__ - INFO - Exported 9 cell type layers to Benchmarking/simulation_benchmarking/CITEgeist/output_discrete_slack_only/mixed/dapi/mixed/dapi/Wu_rep_3/layers
2026-02-18 17:03:22,566 - __main__ - INFO - Comparing against ground truth GEX: /ix1/alee/LO_LAB/Personal/Brent_Schlegel/bts76/Projects/CITEgeist/Wu_Visium/Simulations/scCube_12k/replicates/mixed/ST_GEX_sim/sample_3/layers
2026-02-18 17:04:15,200 - __main__ - INFO - GEX Average RMSE: 0.1510
2026-02-18 17:04:15,200 - __main__ - INFO - GEX Average NRMSE: 0.0206
2026-02-18 17:04:15,212 - __main__ - INFO - Results saved to Benchmarking/simulation_benchmarking/CITEgeist/output_discrete_slack_only/mixed/dapi/mixed/dapi/Wu_rep_3
