2026-02-18 15:21:21,752 - __main__ - INFO - ============================================================
2026-02-18 15:21:21,753 - __main__ - INFO - BENCHMARK: replicate=0, condition=mixed, mode=dapi
2026-02-18 15:21:21,753 - __main__ - INFO - ============================================================
2026-02-18 15:21:21,754 - __main__ - INFO - Loading image: /ix1/alee/LO_LAB/Personal/Alexander_Chang/alc376/CITEgeist/Benchmarking/simulation_benchmarking/CITEgeist/mixed/images/dapi/Wu_rep_0_cellpose.png
2026-02-18 15:21:23,126 - __main__ - INFO - Image shape: (8000, 8000, 3)
2026-02-18 15:21:23,127 - __main__ - INFO - Running Cellpose with model_type=nuclei
2026-02-18 15:21:33,408 - cellpose.models - WARNING - model_type argument is not used in v4.0.1+. Ignoring this argument...
2026-02-18 15:21:33,409 - cellpose.core - INFO - >>>> using CPU
2026-02-18 15:21:33,409 - cellpose.core - INFO - >>>> using CPU
2026-02-18 15:21:35,612 - cellpose.models - INFO - >>>> loading model /ihome/alee/alc376/.cellpose/models/cpsam
2026-02-18 15:21:37,476 - cellpose.models - WARNING - channels deprecated in v4.0.1+. If data contain more than 3 channels, only the first 3 channels will be used
2026-02-18 15:21:37,522 - cellpose.transforms - INFO - processing image with (8000, 8000) HW, and 3 channels
2026-02-18 16:16:16,073 - __main__ - INFO - Detected 4894 nuclei in 3292.9s
2026-02-18 16:16:16,237 - __main__ - INFO - Nuclei count correlation: 0.986
2026-02-18 16:16:16,237 - __main__ - INFO - Nuclei count RMSE: 0.46
2026-02-18 16:16:16,251 - __main__ - INFO - Loading h5ad files...
2026-02-18 16:16:17,556 - root - INFO - Logging initialized.
2026-02-18 16:16:17,557 - __main__ - INFO - Using CLR preprocessing (continuous model style)
2026-02-18 16:16:17,561 - __main__ - INFO - Applying nuclei scaling to CLR-normalized data
2026-02-18 16:16:17,562 - __main__ - INFO - Nuclei scaling applied: mean=5.1, range=[0.0, 3.7]
2026-02-18 16:16:17,924 - root - INFO - Normalization stats:
2026-02-18 16:16:17,925 - root - INFO - Original median total: 70657598764.00
2026-02-18 16:16:17,941 - root - INFO - Mean scaled total: 9980.12
2026-02-18 16:16:17,956 - root - INFO - Max scaled value: 10000.00
2026-02-18 16:16:18,135 - root - INFO - Gene expression data normalized to 10000 counts per spot and validated for discrete count analysis.
2026-02-18 16:16:18,136 - root - INFO - Mapped 18 markers to 9 cell types (preserving marker-level data)
2026-02-18 16:16:18,136 - __main__ - INFO - Discrete cell type order: ['B-cells', 'CAFs', 'Cancer Epithelial', 'Endothelial', 'Myeloid', 'Normal Epithelial', 'PVL', 'Plasmablasts', 'T-cells']
2026-02-18 16:16:18,138 - root - INFO - Mapped 18 markers to 9 cell types (preserving marker-level data)
2026-02-18 16:16:18,138 - root - INFO - Running discrete cell assignment: 951 spots, 18 markers, 9 cell types
2026-02-18 16:16:18,138 - root - INFO - Total nuclei: 4894, mean per spot: 5.15
2026-02-18 16:16:18,138 - root - INFO - Discrete cell assignment EM: 951 spots, 18 markers, 9 cell types
2026-02-18 16:16:18,138 - root - INFO - Total nuclei: 4894, mean per spot: 5.15
2026-02-18 16:16:18,140 - root - INFO - 
=== EM Iteration 1/10 ===
2026-02-18 16:16:18,140 - root - INFO - Global IQP: 951 spots x 9 cell types = 8559 integer variables
2026-02-18 16:16:18,140 - root - INFO - Time limit: 600.0s, MIP gap: 5.0%
2026-02-18 16:16:18,195 - gurobipy - INFO - Set parameter LicenseID to value 276015
2026-02-18 16:16:18,195 - gurobipy - INFO - Set parameter GURO_PAR_SPECIAL
2026-02-18 16:16:18,196 - gurobipy - INFO - Set parameter TokenServer to value "license.crc.pitt.edu"
2026-02-18 16:16:18,219 - gurobipy - INFO - Set parameter TimeLimit to value 600
2026-02-18 16:16:18,220 - gurobipy - INFO - Set parameter MIPGap to value 0.05
2026-02-18 16:16:20,223 - root - INFO - Starting global IQP optimization...
2026-02-18 16:16:20,224 - gurobipy - INFO - Gurobi Optimizer version 11.0.2 build v11.0.2rc0 (linux64 - "Red Hat Enterprise Linux 9.6 (Plow)")
2026-02-18 16:16:20,224 - gurobipy - INFO - 
2026-02-18 16:16:20,224 - gurobipy - INFO - CPU model: Intel(R) Xeon(R) Platinum 8352Y CPU @ 2.20GHz, instruction set [SSE2|AVX|AVX2|AVX512]
2026-02-18 16:16:20,224 - gurobipy - INFO - Thread count: 64 physical cores, 64 logical processors, using up to 32 threads
2026-02-18 16:16:20,224 - gurobipy - INFO - 
2026-02-18 16:16:20,225 - gurobipy - INFO - Optimize a model with 927 rows, 8559 columns and 8343 nonzeros
2026-02-18 16:16:20,225 - gurobipy - INFO - Model fingerprint: 0x97984e3c
2026-02-18 16:16:20,225 - gurobipy - INFO - Model has 8559 quadratic objective terms
2026-02-18 16:16:20,225 - gurobipy - INFO - Variable types: 0 continuous, 8559 integer (0 binary)
2026-02-18 16:16:20,225 - gurobipy - INFO - Coefficient statistics:
2026-02-18 16:16:20,225 - gurobipy - INFO -   Matrix range     [1e+00, 1e+00]
2026-02-18 16:16:20,225 - gurobipy - INFO -   Objective range  [1e-08, 4e+00]
2026-02-18 16:16:20,225 - gurobipy - INFO -   QObjective range [4e+00, 4e+00]
2026-02-18 16:16:20,225 - gurobipy - INFO -   Bounds range     [1e+00, 2e+01]
2026-02-18 16:16:20,225 - gurobipy - INFO -   RHS range        [1e+00, 2e+01]
2026-02-18 16:16:20,236 - gurobipy - INFO - 
2026-02-18 16:16:20,238 - gurobipy - INFO - Loaded user MIP start with objective 8170.74
2026-02-18 16:16:20,238 - gurobipy - INFO - 
2026-02-18 16:16:30,736 - gurobipy - INFO - Presolve removed 667 rows and 6219 columns (presolve time = 10s) ...
2026-02-18 16:16:30,738 - gurobipy - INFO - Presolve removed 667 rows and 6219 columns
2026-02-18 16:16:30,738 - gurobipy - INFO - Presolve time: 10.50s
2026-02-18 16:16:30,738 - gurobipy - INFO - Presolved: 260 rows, 2340 columns, 2340 nonzeros
2026-02-18 16:16:30,738 - gurobipy - INFO - Presolved model has 2340 quadratic objective terms
2026-02-18 16:16:30,739 - gurobipy - INFO - Found heuristic solution: objective 7810.0762537
2026-02-18 16:16:30,739 - gurobipy - INFO - Variable types: 0 continuous, 2340 integer (0 binary)
2026-02-18 16:16:30,740 - gurobipy - INFO - Found heuristic solution: objective 7605.8439253
2026-02-18 16:16:30,740 - gurobipy - INFO - 
2026-02-18 16:16:30,740 - gurobipy - INFO - Root simplex log...
2026-02-18 16:16:30,740 - gurobipy - INFO - 
2026-02-18 16:16:30,740 - gurobipy - INFO - Iteration    Objective       Primal Inf.    Dual Inf.      Time
2026-02-18 16:16:30,740 - gurobipy - INFO -        0    5.4922778e+03   0.000000e+00   0.000000e+00     11s
2026-02-18 16:16:30,742 - gurobipy - INFO -      261    6.8256012e+03   0.000000e+00   0.000000e+00     11s
2026-02-18 16:16:30,742 - gurobipy - INFO - 
2026-02-18 16:16:30,742 - gurobipy - INFO - Root relaxation: objective 6.825601e+03, 261 iterations, 0.00 seconds (0.00 work units)
2026-02-18 16:16:30,748 - gurobipy - INFO - 
2026-02-18 16:16:30,748 - gurobipy - INFO -     Nodes    |    Current Node    |     Objective Bounds      |     Work
2026-02-18 16:16:30,748 - gurobipy - INFO -  Expl Unexpl |  Obj  Depth IntInf | Incumbent    BestBd   Gap | It/Node Time
2026-02-18 16:16:30,748 - gurobipy - INFO - 
2026-02-18 16:16:30,748 - gurobipy - INFO -      0     0 6825.60117    0 2340 7605.84393 6825.60117  10.3%     -   10s
2026-02-18 16:16:30,795 - gurobipy - INFO - H    0     0                    7594.9614997 6825.60117  10.1%     -   10s
2026-02-18 16:16:30,908 - gurobipy - INFO - H    0     0                    7594.5959881 6825.60117  10.1%     -   10s
2026-02-18 16:16:31,469 - gurobipy - INFO -      0     0 6826.30960    0 2340 7594.59599 6826.30960  10.1%     -   11s
2026-02-18 16:16:32,014 - gurobipy - INFO -      0     2 6826.30960    0 2340 7594.59599 6826.30960  10.1%     -   11s
2026-02-18 16:16:35,245 - gurobipy - INFO -   3232  3622 6841.41439   72 2268 7594.59599 6827.28509  10.1%   2.0   15s
2026-02-18 16:16:40,359 - gurobipy - INFO -  13411 13475 6867.69334  382 1948 7594.59599 6827.28509  10.1%   2.1   20s
2026-02-18 16:16:45,953 - gurobipy - INFO -  14858 14859 6858.30908  326 2340 7594.59599 7587.55553  0.09%   2.1   25s
2026-02-18 16:16:45,956 - gurobipy - INFO - 
2026-02-18 16:16:45,956 - gurobipy - INFO - Explored 14858 nodes (30975 simplex iterations) in 25.73 seconds (1.74 work units)
2026-02-18 16:16:45,956 - gurobipy - INFO - Thread count was 32 (of 64 available processors)
2026-02-18 16:16:45,956 - gurobipy - INFO - 
2026-02-18 16:16:45,956 - gurobipy - INFO - Solution count 7: 7594.6 7594.6 7594.63 ... 8170.74
2026-02-18 16:16:45,956 - gurobipy - INFO - 
2026-02-18 16:16:45,956 - gurobipy - INFO - Optimal solution found (tolerance 5.00e-02)
2026-02-18 16:16:45,956 - gurobipy - INFO - Best objective 7.594595987722e+03, best bound 7.587555526194e+03, gap 0.0927%
2026-02-18 16:16:45,987 - root - INFO - Global IQP solved: status=2, gap=0.09%, time=25.7s
/ix1/alee/LO_LAB/Personal/Alexander_Chang/alc376/CITEgeist/CITEgeist/model/gurobi_impl.py:3735: RuntimeWarning: invalid value encountered in scalar divide
  constraint_slack=constraint_slack,
2026-02-18 16:16:46,102 - root - INFO -   Loss: 208.4977 (change: nan)
2026-02-18 16:16:46,102 - root - INFO -   Beta range: [0.100, 0.239]
2026-02-18 16:16:46,102 - root - INFO -   Max beta change: 0.900000
2026-02-18 16:16:46,102 - root - INFO -   Cell count range: [0, 19]
2026-02-18 16:16:46,102 - root - INFO -     B-cells: 469 cells (9.6%)
2026-02-18 16:16:46,102 - root - INFO -     CAFs: 767 cells (15.7%)
2026-02-18 16:16:46,102 - root - INFO -     Cancer Epithelial: 829 cells (16.9%)
2026-02-18 16:16:46,102 - root - INFO -     Endothelial: 476 cells (9.7%)
2026-02-18 16:16:46,102 - root - INFO -     Myeloid: 553 cells (11.3%)
2026-02-18 16:16:46,102 - root - INFO -     Normal Epithelial: 411 cells (8.4%)
2026-02-18 16:16:46,102 - root - INFO -     PVL: 496 cells (10.1%)
2026-02-18 16:16:46,102 - root - INFO -     Plasmablasts: 327 cells (6.7%)
2026-02-18 16:16:46,102 - root - INFO -     T-cells: 566 cells (11.6%)
2026-02-18 16:16:46,102 - root - INFO - 
=== EM Iteration 2/10 ===
2026-02-18 16:16:46,102 - root - INFO - Global IQP: 951 spots x 9 cell types = 8559 integer variables
2026-02-18 16:16:46,102 - root - INFO - Time limit: 600.0s, MIP gap: 5.0%
2026-02-18 16:16:46,103 - gurobipy - INFO - Set parameter TimeLimit to value 600
2026-02-18 16:16:46,103 - gurobipy - INFO - Set parameter MIPGap to value 0.05
2026-02-18 16:16:47,883 - root - INFO - Starting global IQP optimization...
2026-02-18 16:16:47,884 - gurobipy - INFO - Gurobi Optimizer version 11.0.2 build v11.0.2rc0 (linux64 - "Red Hat Enterprise Linux 9.6 (Plow)")
2026-02-18 16:16:47,884 - gurobipy - INFO - 
2026-02-18 16:16:47,884 - gurobipy - INFO - CPU model: Intel(R) Xeon(R) Platinum 8352Y CPU @ 2.20GHz, instruction set [SSE2|AVX|AVX2|AVX512]
2026-02-18 16:16:47,884 - gurobipy - INFO - Thread count: 64 physical cores, 64 logical processors, using up to 32 threads
2026-02-18 16:16:47,884 - gurobipy - INFO - 
2026-02-18 16:16:47,884 - gurobipy - INFO - Optimize a model with 927 rows, 8559 columns and 8343 nonzeros
2026-02-18 16:16:47,885 - gurobipy - INFO - Model fingerprint: 0x4eaedba3
2026-02-18 16:16:47,885 - gurobipy - INFO - Model has 8559 quadratic objective terms
2026-02-18 16:16:47,885 - gurobipy - INFO - Variable types: 0 continuous, 8559 integer (0 binary)
2026-02-18 16:16:47,885 - gurobipy - INFO - Coefficient statistics:
2026-02-18 16:16:47,885 - gurobipy - INFO -   Matrix range     [1e+00, 1e+00]
2026-02-18 16:16:47,885 - gurobipy - INFO -   Objective range  [2e-09, 9e-01]
2026-02-18 16:16:47,885 - gurobipy - INFO -   QObjective range [4e-02, 2e-01]
2026-02-18 16:16:47,885 - gurobipy - INFO -   Bounds range     [1e+00, 2e+01]
2026-02-18 16:16:47,885 - gurobipy - INFO -   RHS range        [1e+00, 2e+01]
2026-02-18 16:16:47,885 - gurobipy - INFO - 
2026-02-18 16:16:47,886 - gurobipy - INFO - Loaded user MIP start with objective 208.498
2026-02-18 16:16:47,886 - gurobipy - INFO - 
2026-02-18 16:16:53,449 - gurobipy - INFO - Presolve removed 926 rows and 8550 columns (presolve time = 6s) ...
2026-02-18 16:16:53,450 - gurobipy - INFO - Presolve removed 926 rows and 8550 columns
2026-02-18 16:16:53,450 - gurobipy - INFO - Presolve time: 5.56s
2026-02-18 16:16:53,450 - gurobipy - INFO - Presolved: 1 rows, 9 columns, 9 nonzeros
2026-02-18 16:16:53,450 - gurobipy - INFO - Presolved model has 9 quadratic objective terms
2026-02-18 16:16:53,450 - gurobipy - INFO - Found heuristic solution: objective 90.1531597
2026-02-18 16:16:53,450 - gurobipy - INFO - Variable types: 0 continuous, 9 integer (0 binary)
2026-02-18 16:16:53,451 - gurobipy - INFO - 
2026-02-18 16:16:53,451 - gurobipy - INFO - Explored 0 nodes (0 simplex iterations) in 5.57 seconds (0.12 work units)
2026-02-18 16:16:53,451 - gurobipy - INFO - Thread count was 32 (of 64 available processors)
2026-02-18 16:16:53,451 - gurobipy - INFO - 
2026-02-18 16:16:53,451 - gurobipy - INFO - Solution count 2: 90.1532 208.498 
2026-02-18 16:16:53,451 - gurobipy - INFO - 
2026-02-18 16:16:53,451 - gurobipy - INFO - Optimal solution found (tolerance 5.00e-02)
2026-02-18 16:16:53,451 - gurobipy - INFO - Best objective 9.015315970661e+01, best bound 8.988925518630e+01, gap 0.2927%
2026-02-18 16:16:53,475 - root - INFO - Global IQP solved: status=2, gap=0.29%, time=5.6s
2026-02-18 16:16:53,536 - root - INFO -   Loss: 88.5638 (change: 0.575229)
2026-02-18 16:16:53,536 - root - INFO -   Beta range: [0.100, 0.224]
2026-02-18 16:16:53,536 - root - INFO -   Max beta change: 0.017975
2026-02-18 16:16:53,536 - root - INFO -   Cell count range: [0, 19]
2026-02-18 16:16:53,536 - root - INFO -     B-cells: 470 cells (9.6%)
2026-02-18 16:16:53,536 - root - INFO -     CAFs: 765 cells (15.6%)
2026-02-18 16:16:53,536 - root - INFO -     Cancer Epithelial: 830 cells (17.0%)
2026-02-18 16:16:53,536 - root - INFO -     Endothelial: 505 cells (10.3%)
2026-02-18 16:16:53,536 - root - INFO -     Myeloid: 531 cells (10.9%)
2026-02-18 16:16:53,536 - root - INFO -     Normal Epithelial: 407 cells (8.3%)
2026-02-18 16:16:53,536 - root - INFO -     PVL: 520 cells (10.6%)
2026-02-18 16:16:53,536 - root - INFO -     Plasmablasts: 331 cells (6.8%)
2026-02-18 16:16:53,536 - root - INFO -     T-cells: 535 cells (10.9%)
2026-02-18 16:16:53,536 - root - INFO - 
=== EM Iteration 3/10 ===
2026-02-18 16:16:53,536 - root - INFO - Global IQP: 951 spots x 9 cell types = 8559 integer variables
2026-02-18 16:16:53,536 - root - INFO - Time limit: 600.0s, MIP gap: 5.0%
2026-02-18 16:16:53,537 - gurobipy - INFO - Set parameter TimeLimit to value 600
2026-02-18 16:16:53,537 - gurobipy - INFO - Set parameter MIPGap to value 0.05
2026-02-18 16:16:55,462 - root - INFO - Starting global IQP optimization...
2026-02-18 16:16:55,463 - gurobipy - INFO - Gurobi Optimizer version 11.0.2 build v11.0.2rc0 (linux64 - "Red Hat Enterprise Linux 9.6 (Plow)")
2026-02-18 16:16:55,463 - gurobipy - INFO - 
2026-02-18 16:16:55,463 - gurobipy - INFO - CPU model: Intel(R) Xeon(R) Platinum 8352Y CPU @ 2.20GHz, instruction set [SSE2|AVX|AVX2|AVX512]
2026-02-18 16:16:55,463 - gurobipy - INFO - Thread count: 64 physical cores, 64 logical processors, using up to 32 threads
2026-02-18 16:16:55,463 - gurobipy - INFO - 
2026-02-18 16:16:55,463 - gurobipy - INFO - Optimize a model with 927 rows, 8559 columns and 8343 nonzeros
2026-02-18 16:16:55,464 - gurobipy - INFO - Model fingerprint: 0xc5b0013a
2026-02-18 16:16:55,464 - gurobipy - INFO - Model has 8559 quadratic objective terms
2026-02-18 16:16:55,464 - gurobipy - INFO - Variable types: 0 continuous, 8559 integer (0 binary)
2026-02-18 16:16:55,464 - gurobipy - INFO - Coefficient statistics:
2026-02-18 16:16:55,464 - gurobipy - INFO -   Matrix range     [1e+00, 1e+00]
2026-02-18 16:16:55,464 - gurobipy - INFO -   Objective range  [2e-09, 9e-01]
2026-02-18 16:16:55,464 - gurobipy - INFO -   QObjective range [4e-02, 2e-01]
2026-02-18 16:16:55,464 - gurobipy - INFO -   Bounds range     [1e+00, 2e+01]
2026-02-18 16:16:55,464 - gurobipy - INFO -   RHS range        [1e+00, 2e+01]
2026-02-18 16:16:55,464 - gurobipy - INFO - 
2026-02-18 16:16:55,464 - gurobipy - INFO - Loaded user MIP start with objective 88.5638
2026-02-18 16:16:55,464 - gurobipy - INFO - 
2026-02-18 16:17:01,588 - gurobipy - INFO - Presolve removed 926 rows and 8550 columns (presolve time = 6s) ...
2026-02-18 16:17:01,590 - gurobipy - INFO - Presolve removed 926 rows and 8550 columns
2026-02-18 16:17:01,590 - gurobipy - INFO - Presolve time: 6.13s
2026-02-18 16:17:01,590 - gurobipy - INFO - Presolved: 1 rows, 9 columns, 9 nonzeros
2026-02-18 16:17:01,590 - gurobipy - INFO - Presolved model has 9 quadratic objective terms
2026-02-18 16:17:01,590 - gurobipy - INFO - Found heuristic solution: objective 87.4559644
2026-02-18 16:17:01,591 - gurobipy - INFO - Variable types: 0 continuous, 9 integer (0 binary)
2026-02-18 16:17:01,591 - gurobipy - INFO - 
2026-02-18 16:17:01,591 - gurobipy - INFO - Explored 0 nodes (0 simplex iterations) in 6.13 seconds (0.11 work units)
2026-02-18 16:17:01,591 - gurobipy - INFO - Thread count was 32 (of 64 available processors)
2026-02-18 16:17:01,591 - gurobipy - INFO - 
2026-02-18 16:17:01,591 - gurobipy - INFO - Solution count 2: 87.456 88.5638 
2026-02-18 16:17:01,591 - gurobipy - INFO - 
2026-02-18 16:17:01,591 - gurobipy - INFO - Optimal solution found (tolerance 5.00e-02)
2026-02-18 16:17:01,591 - gurobipy - INFO - Best objective 8.745596437111e+01, best bound 8.719468677632e+01, gap 0.2988%
2026-02-18 16:17:01,619 - root - INFO - Global IQP solved: status=2, gap=0.30%, time=6.1s
2026-02-18 16:17:01,683 - root - INFO -   Loss: 86.7011 (change: 0.021033)
2026-02-18 16:17:01,683 - root - INFO -   Beta range: [0.100, 0.212]
2026-02-18 16:17:01,683 - root - INFO -   Max beta change: 0.012106
2026-02-18 16:17:01,683 - root - INFO -   Cell count range: [0, 19]
2026-02-18 16:17:01,683 - root - INFO -     B-cells: 478 cells (9.8%)
2026-02-18 16:17:01,683 - root - INFO -     CAFs: 817 cells (16.7%)
2026-02-18 16:17:01,683 - root - INFO -     Cancer Epithelial: 875 cells (17.9%)
2026-02-18 16:17:01,683 - root - INFO -     Endothelial: 473 cells (9.7%)
2026-02-18 16:17:01,683 - root - INFO -     Myeloid: 542 cells (11.1%)
2026-02-18 16:17:01,683 - root - INFO -     Normal Epithelial: 384 cells (7.8%)
2026-02-18 16:17:01,683 - root - INFO -     PVL: 480 cells (9.8%)
2026-02-18 16:17:01,684 - root - INFO -     Plasmablasts: 304 cells (6.2%)
2026-02-18 16:17:01,684 - root - INFO -     T-cells: 541 cells (11.1%)
2026-02-18 16:17:01,684 - root - INFO - 
=== EM Iteration 4/10 ===
2026-02-18 16:17:01,684 - root - INFO - Global IQP: 951 spots x 9 cell types = 8559 integer variables
2026-02-18 16:17:01,684 - root - INFO - Time limit: 600.0s, MIP gap: 5.0%
2026-02-18 16:17:01,684 - gurobipy - INFO - Set parameter TimeLimit to value 600
2026-02-18 16:17:01,684 - gurobipy - INFO - Set parameter MIPGap to value 0.05
2026-02-18 16:17:03,587 - root - INFO - Starting global IQP optimization...
2026-02-18 16:17:03,588 - gurobipy - INFO - Gurobi Optimizer version 11.0.2 build v11.0.2rc0 (linux64 - "Red Hat Enterprise Linux 9.6 (Plow)")
2026-02-18 16:17:03,588 - gurobipy - INFO - 
2026-02-18 16:17:03,588 - gurobipy - INFO - CPU model: Intel(R) Xeon(R) Platinum 8352Y CPU @ 2.20GHz, instruction set [SSE2|AVX|AVX2|AVX512]
2026-02-18 16:17:03,588 - gurobipy - INFO - Thread count: 64 physical cores, 64 logical processors, using up to 32 threads
2026-02-18 16:17:03,588 - gurobipy - INFO - 
2026-02-18 16:17:03,588 - gurobipy - INFO - Optimize a model with 927 rows, 8559 columns and 8343 nonzeros
2026-02-18 16:17:03,589 - gurobipy - INFO - Model fingerprint: 0x5cd286f9
2026-02-18 16:17:03,589 - gurobipy - INFO - Model has 8559 quadratic objective terms
2026-02-18 16:17:03,589 - gurobipy - INFO - Variable types: 0 continuous, 8559 integer (0 binary)
2026-02-18 16:17:03,589 - gurobipy - INFO - Coefficient statistics:
2026-02-18 16:17:03,589 - gurobipy - INFO -   Matrix range     [1e+00, 1e+00]
2026-02-18 16:17:03,589 - gurobipy - INFO -   Objective range  [2e-09, 8e-01]
2026-02-18 16:17:03,589 - gurobipy - INFO -   QObjective range [4e-02, 2e-01]
2026-02-18 16:17:03,589 - gurobipy - INFO -   Bounds range     [1e+00, 2e+01]
2026-02-18 16:17:03,589 - gurobipy - INFO -   RHS range        [1e+00, 2e+01]
2026-02-18 16:17:03,589 - gurobipy - INFO - 
2026-02-18 16:17:03,589 - gurobipy - INFO - Loaded user MIP start with objective 86.7011
2026-02-18 16:17:03,589 - gurobipy - INFO - 
2026-02-18 16:17:08,713 - gurobipy - INFO - Presolve removed 926 rows and 8550 columns (presolve time = 5s) ...
2026-02-18 16:17:08,713 - gurobipy - INFO - Presolve removed 926 rows and 8550 columns
2026-02-18 16:17:08,713 - gurobipy - INFO - Presolve time: 5.12s
2026-02-18 16:17:08,713 - gurobipy - INFO - Presolved: 1 rows, 9 columns, 9 nonzeros
2026-02-18 16:17:08,713 - gurobipy - INFO - Presolved model has 9 quadratic objective terms
2026-02-18 16:17:08,714 - gurobipy - INFO - Found heuristic solution: objective 85.8915985
2026-02-18 16:17:08,714 - gurobipy - INFO - Variable types: 0 continuous, 9 integer (0 binary)
2026-02-18 16:17:08,714 - gurobipy - INFO - 
2026-02-18 16:17:08,714 - gurobipy - INFO - Explored 0 nodes (0 simplex iterations) in 5.13 seconds (0.11 work units)
2026-02-18 16:17:08,714 - gurobipy - INFO - Thread count was 32 (of 64 available processors)
2026-02-18 16:17:08,714 - gurobipy - INFO - 
2026-02-18 16:17:08,714 - gurobipy - INFO - Solution count 2: 85.8916 86.7011 
2026-02-18 16:17:08,714 - gurobipy - INFO - 
2026-02-18 16:17:08,715 - gurobipy - INFO - Optimal solution found (tolerance 5.00e-02)
2026-02-18 16:17:08,715 - gurobipy - INFO - Best objective 8.589159850183e+01, best bound 8.563382276752e+01, gap 0.3001%
2026-02-18 16:17:08,741 - root - INFO - Global IQP solved: status=2, gap=0.30%, time=5.1s
2026-02-18 16:17:08,801 - root - INFO -   Loss: 85.0807 (change: 0.018690)
2026-02-18 16:17:08,802 - root - INFO -   Beta range: [0.100, 0.202]
2026-02-18 16:17:08,802 - root - INFO -   Max beta change: 0.012523
2026-02-18 16:17:08,802 - root - INFO -   Cell count range: [0, 19]
2026-02-18 16:17:08,802 - root - INFO -     B-cells: 476 cells (9.7%)
2026-02-18 16:17:08,802 - root - INFO -     CAFs: 872 cells (17.8%)
2026-02-18 16:17:08,802 - root - INFO -     Cancer Epithelial: 925 cells (18.9%)
2026-02-18 16:17:08,802 - root - INFO -     Endothelial: 432 cells (8.8%)
2026-02-18 16:17:08,802 - root - INFO -     Myeloid: 553 cells (11.3%)
2026-02-18 16:17:08,802 - root - INFO -     Normal Epithelial: 357 cells (7.3%)
2026-02-18 16:17:08,802 - root - INFO -     PVL: 446 cells (9.1%)
2026-02-18 16:17:08,802 - root - INFO -     Plasmablasts: 291 cells (5.9%)
2026-02-18 16:17:08,802 - root - INFO -     T-cells: 542 cells (11.1%)
2026-02-18 16:17:08,802 - root - INFO - 
=== EM Iteration 5/10 ===
2026-02-18 16:17:08,802 - root - INFO - Global IQP: 951 spots x 9 cell types = 8559 integer variables
2026-02-18 16:17:08,802 - root - INFO - Time limit: 600.0s, MIP gap: 5.0%
2026-02-18 16:17:08,802 - gurobipy - INFO - Set parameter TimeLimit to value 600
2026-02-18 16:17:08,802 - gurobipy - INFO - Set parameter MIPGap to value 0.05
2026-02-18 16:17:10,705 - root - INFO - Starting global IQP optimization...
2026-02-18 16:17:10,706 - gurobipy - INFO - Gurobi Optimizer version 11.0.2 build v11.0.2rc0 (linux64 - "Red Hat Enterprise Linux 9.6 (Plow)")
2026-02-18 16:17:10,706 - gurobipy - INFO - 
2026-02-18 16:17:10,706 - gurobipy - INFO - CPU model: Intel(R) Xeon(R) Platinum 8352Y CPU @ 2.20GHz, instruction set [SSE2|AVX|AVX2|AVX512]
2026-02-18 16:17:10,706 - gurobipy - INFO - Thread count: 64 physical cores, 64 logical processors, using up to 32 threads
2026-02-18 16:17:10,706 - gurobipy - INFO - 
2026-02-18 16:17:10,706 - gurobipy - INFO - Optimize a model with 927 rows, 8559 columns and 8343 nonzeros
2026-02-18 16:17:10,707 - gurobipy - INFO - Model fingerprint: 0x745ccab0
2026-02-18 16:17:10,707 - gurobipy - INFO - Model has 8559 quadratic objective terms
2026-02-18 16:17:10,707 - gurobipy - INFO - Variable types: 0 continuous, 8559 integer (0 binary)
2026-02-18 16:17:10,707 - gurobipy - INFO - Coefficient statistics:
2026-02-18 16:17:10,707 - gurobipy - INFO -   Matrix range     [1e+00, 1e+00]
2026-02-18 16:17:10,707 - gurobipy - INFO -   Objective range  [2e-09, 8e-01]
2026-02-18 16:17:10,707 - gurobipy - INFO -   QObjective range [4e-02, 2e-01]
2026-02-18 16:17:10,707 - gurobipy - INFO -   Bounds range     [1e+00, 2e+01]
2026-02-18 16:17:10,707 - gurobipy - INFO -   RHS range        [1e+00, 2e+01]
2026-02-18 16:17:10,707 - gurobipy - INFO - 
2026-02-18 16:17:10,707 - gurobipy - INFO - Loaded user MIP start with objective 85.0807
2026-02-18 16:17:10,707 - gurobipy - INFO - 
2026-02-18 16:17:15,783 - gurobipy - INFO - Presolve removed 926 rows and 8550 columns (presolve time = 5s) ...
2026-02-18 16:17:15,783 - gurobipy - INFO - Presolve removed 926 rows and 8550 columns
2026-02-18 16:17:15,783 - gurobipy - INFO - Presolve time: 5.08s
2026-02-18 16:17:15,783 - gurobipy - INFO - Presolved: 1 rows, 9 columns, 9 nonzeros
2026-02-18 16:17:15,783 - gurobipy - INFO - Presolved model has 9 quadratic objective terms
2026-02-18 16:17:15,784 - gurobipy - INFO - Found heuristic solution: objective 84.4167323
2026-02-18 16:17:15,784 - gurobipy - INFO - Variable types: 0 continuous, 9 integer (0 binary)
2026-02-18 16:17:15,784 - gurobipy - INFO - 
2026-02-18 16:17:15,784 - gurobipy - INFO - Explored 0 nodes (0 simplex iterations) in 5.08 seconds (0.11 work units)
2026-02-18 16:17:15,784 - gurobipy - INFO - Thread count was 32 (of 64 available processors)
2026-02-18 16:17:15,785 - gurobipy - INFO - 
2026-02-18 16:17:15,785 - gurobipy - INFO - Solution count 2: 84.4167 85.0807 
2026-02-18 16:17:15,785 - gurobipy - INFO - 
2026-02-18 16:17:15,785 - gurobipy - INFO - Optimal solution found (tolerance 5.00e-02)
2026-02-18 16:17:15,785 - gurobipy - INFO - Best objective 8.441673233276e+01, best bound 8.416418408936e+01, gap 0.2992%
2026-02-18 16:17:15,808 - root - INFO - Global IQP solved: status=2, gap=0.30%, time=5.1s
2026-02-18 16:17:15,869 - root - INFO -   Loss: 83.9332 (change: 0.013486)
2026-02-18 16:17:15,869 - root - INFO -   Beta range: [0.100, 0.193]
2026-02-18 16:17:15,869 - root - INFO -   Max beta change: 0.010035
2026-02-18 16:17:15,869 - root - INFO -   Cell count range: [0, 19]
2026-02-18 16:17:15,869 - root - INFO -     B-cells: 483 cells (9.9%)
2026-02-18 16:17:15,870 - root - INFO -     CAFs: 908 cells (18.6%)
2026-02-18 16:17:15,870 - root - INFO -     Cancer Epithelial: 977 cells (20.0%)
2026-02-18 16:17:15,870 - root - INFO -     Endothelial: 404 cells (8.3%)
2026-02-18 16:17:15,870 - root - INFO -     Myeloid: 553 cells (11.3%)
2026-02-18 16:17:15,870 - root - INFO -     Normal Epithelial: 345 cells (7.0%)
2026-02-18 16:17:15,870 - root - INFO -     PVL: 423 cells (8.6%)
2026-02-18 16:17:15,870 - root - INFO -     Plasmablasts: 267 cells (5.5%)
2026-02-18 16:17:15,870 - root - INFO -     T-cells: 534 cells (10.9%)
2026-02-18 16:17:15,870 - root - INFO - 
=== EM Iteration 6/10 ===
2026-02-18 16:17:15,870 - root - INFO - Global IQP: 951 spots x 9 cell types = 8559 integer variables
2026-02-18 16:17:15,870 - root - INFO - Time limit: 600.0s, MIP gap: 5.0%
2026-02-18 16:17:15,870 - gurobipy - INFO - Set parameter TimeLimit to value 600
2026-02-18 16:17:15,870 - gurobipy - INFO - Set parameter MIPGap to value 0.05
2026-02-18 16:17:18,005 - root - INFO - Starting global IQP optimization...
2026-02-18 16:17:18,006 - gurobipy - INFO - Gurobi Optimizer version 11.0.2 build v11.0.2rc0 (linux64 - "Red Hat Enterprise Linux 9.6 (Plow)")
2026-02-18 16:17:18,006 - gurobipy - INFO - 
2026-02-18 16:17:18,006 - gurobipy - INFO - CPU model: Intel(R) Xeon(R) Platinum 8352Y CPU @ 2.20GHz, instruction set [SSE2|AVX|AVX2|AVX512]
2026-02-18 16:17:18,006 - gurobipy - INFO - Thread count: 64 physical cores, 64 logical processors, using up to 32 threads
2026-02-18 16:17:18,006 - gurobipy - INFO - 
2026-02-18 16:17:18,006 - gurobipy - INFO - Optimize a model with 927 rows, 8559 columns and 8343 nonzeros
2026-02-18 16:17:18,007 - gurobipy - INFO - Model fingerprint: 0xf8216fd5
2026-02-18 16:17:18,007 - gurobipy - INFO - Model has 8559 quadratic objective terms
2026-02-18 16:17:18,007 - gurobipy - INFO - Variable types: 0 continuous, 8559 integer (0 binary)
2026-02-18 16:17:18,007 - gurobipy - INFO - Coefficient statistics:
2026-02-18 16:17:18,007 - gurobipy - INFO -   Matrix range     [1e+00, 1e+00]
2026-02-18 16:17:18,007 - gurobipy - INFO -   Objective range  [2e-09, 7e-01]
2026-02-18 16:17:18,007 - gurobipy - INFO -   QObjective range [4e-02, 1e-01]
2026-02-18 16:17:18,007 - gurobipy - INFO -   Bounds range     [1e+00, 2e+01]
2026-02-18 16:17:18,007 - gurobipy - INFO -   RHS range        [1e+00, 2e+01]
2026-02-18 16:17:18,007 - gurobipy - INFO - 
2026-02-18 16:17:18,007 - gurobipy - INFO - Loaded user MIP start with objective 83.9332
2026-02-18 16:17:18,007 - gurobipy - INFO - 
2026-02-18 16:17:22,080 - gurobipy - INFO - Presolve removed 926 rows and 8550 columns
2026-02-18 16:17:22,080 - gurobipy - INFO - Presolve time: 4.07s
2026-02-18 16:17:22,080 - gurobipy - INFO - Presolved: 1 rows, 9 columns, 9 nonzeros
2026-02-18 16:17:22,080 - gurobipy - INFO - Presolved model has 9 quadratic objective terms
2026-02-18 16:17:22,080 - gurobipy - INFO - Found heuristic solution: objective 83.5884741
2026-02-18 16:17:22,080 - gurobipy - INFO - Variable types: 0 continuous, 9 integer (0 binary)
2026-02-18 16:17:22,081 - gurobipy - INFO - 
2026-02-18 16:17:22,081 - gurobipy - INFO - Explored 0 nodes (0 simplex iterations) in 4.07 seconds (0.10 work units)
2026-02-18 16:17:22,081 - gurobipy - INFO - Thread count was 32 (of 64 available processors)
2026-02-18 16:17:22,081 - gurobipy - INFO - 
2026-02-18 16:17:22,081 - gurobipy - INFO - Solution count 2: 83.5885 83.9332 
2026-02-18 16:17:22,081 - gurobipy - INFO - 
2026-02-18 16:17:22,081 - gurobipy - INFO - Optimal solution found (tolerance 5.00e-02)
2026-02-18 16:17:22,081 - gurobipy - INFO - Best objective 8.358847407219e+01, best bound 8.333942012571e+01, gap 0.2980%
2026-02-18 16:17:22,107 - root - INFO - Global IQP solved: status=2, gap=0.30%, time=4.1s
2026-02-18 16:17:22,168 - root - INFO -   Loss: 83.3653 (change: 0.006767)
2026-02-18 16:17:22,168 - root - INFO -   Beta range: [0.100, 0.189]
2026-02-18 16:17:22,168 - root - INFO -   Max beta change: 0.006510
2026-02-18 16:17:22,168 - root - INFO -   Cell count range: [0, 19]
2026-02-18 16:17:22,169 - root - INFO -     B-cells: 475 cells (9.7%)
2026-02-18 16:17:22,169 - root - INFO -     CAFs: 931 cells (19.0%)
2026-02-18 16:17:22,169 - root - INFO -     Cancer Epithelial: 1014 cells (20.7%)
2026-02-18 16:17:22,169 - root - INFO -     Endothelial: 392 cells (8.0%)
2026-02-18 16:17:22,169 - root - INFO -     Myeloid: 550 cells (11.2%)
2026-02-18 16:17:22,169 - root - INFO -     Normal Epithelial: 344 cells (7.0%)
2026-02-18 16:17:22,169 - root - INFO -     PVL: 402 cells (8.2%)
2026-02-18 16:17:22,169 - root - INFO -     Plasmablasts: 259 cells (5.3%)
2026-02-18 16:17:22,169 - root - INFO -     T-cells: 527 cells (10.8%)
2026-02-18 16:17:22,169 - root - INFO - 
=== EM Iteration 7/10 ===
2026-02-18 16:17:22,169 - root - INFO - Global IQP: 951 spots x 9 cell types = 8559 integer variables
2026-02-18 16:17:22,169 - root - INFO - Time limit: 600.0s, MIP gap: 5.0%
2026-02-18 16:17:22,169 - gurobipy - INFO - Set parameter TimeLimit to value 600
2026-02-18 16:17:22,169 - gurobipy - INFO - Set parameter MIPGap to value 0.05
2026-02-18 16:17:23,945 - root - INFO - Starting global IQP optimization...
2026-02-18 16:17:23,946 - gurobipy - INFO - Gurobi Optimizer version 11.0.2 build v11.0.2rc0 (linux64 - "Red Hat Enterprise Linux 9.6 (Plow)")
2026-02-18 16:17:23,946 - gurobipy - INFO - 
2026-02-18 16:17:23,946 - gurobipy - INFO - CPU model: Intel(R) Xeon(R) Platinum 8352Y CPU @ 2.20GHz, instruction set [SSE2|AVX|AVX2|AVX512]
2026-02-18 16:17:23,946 - gurobipy - INFO - Thread count: 64 physical cores, 64 logical processors, using up to 32 threads
2026-02-18 16:17:23,946 - gurobipy - INFO - 
2026-02-18 16:17:23,946 - gurobipy - INFO - Optimize a model with 927 rows, 8559 columns and 8343 nonzeros
2026-02-18 16:17:23,946 - gurobipy - INFO - Model fingerprint: 0x59834df5
2026-02-18 16:17:23,946 - gurobipy - INFO - Model has 8559 quadratic objective terms
2026-02-18 16:17:23,946 - gurobipy - INFO - Variable types: 0 continuous, 8559 integer (0 binary)
2026-02-18 16:17:23,947 - gurobipy - INFO - Coefficient statistics:
2026-02-18 16:17:23,947 - gurobipy - INFO -   Matrix range     [1e+00, 1e+00]
2026-02-18 16:17:23,947 - gurobipy - INFO -   Objective range  [2e-09, 7e-01]
2026-02-18 16:17:23,947 - gurobipy - INFO -   QObjective range [4e-02, 1e-01]
2026-02-18 16:17:23,947 - gurobipy - INFO -   Bounds range     [1e+00, 2e+01]
2026-02-18 16:17:23,947 - gurobipy - INFO -   RHS range        [1e+00, 2e+01]
2026-02-18 16:17:23,947 - gurobipy - INFO - 
2026-02-18 16:17:23,947 - gurobipy - INFO - Loaded user MIP start with objective 83.3653
2026-02-18 16:17:23,947 - gurobipy - INFO - 
2026-02-18 16:17:27,911 - gurobipy - INFO - Presolve removed 926 rows and 8550 columns
2026-02-18 16:17:27,911 - gurobipy - INFO - Presolve time: 3.96s
2026-02-18 16:17:27,911 - gurobipy - INFO - Presolved: 1 rows, 9 columns, 9 nonzeros
2026-02-18 16:17:27,911 - gurobipy - INFO - Presolved model has 9 quadratic objective terms
2026-02-18 16:17:27,911 - gurobipy - INFO - Found heuristic solution: objective 83.2115820
2026-02-18 16:17:27,911 - gurobipy - INFO - Variable types: 0 continuous, 9 integer (0 binary)
2026-02-18 16:17:27,912 - gurobipy - INFO - 
2026-02-18 16:17:27,912 - gurobipy - INFO - Explored 0 nodes (0 simplex iterations) in 3.97 seconds (0.10 work units)
2026-02-18 16:17:27,912 - gurobipy - INFO - Thread count was 32 (of 64 available processors)
2026-02-18 16:17:27,912 - gurobipy - INFO - 
2026-02-18 16:17:27,912 - gurobipy - INFO - Solution count 2: 83.2116 83.3653 
2026-02-18 16:17:27,912 - gurobipy - INFO - 
2026-02-18 16:17:27,912 - gurobipy - INFO - Optimal solution found (tolerance 5.00e-02)
2026-02-18 16:17:27,912 - gurobipy - INFO - Best objective 8.321158202110e+01, best bound 8.296540889248e+01, gap 0.2958%
2026-02-18 16:17:27,938 - root - INFO - Global IQP solved: status=2, gap=0.30%, time=4.0s
2026-02-18 16:17:27,999 - root - INFO -   Loss: 83.0059 (change: 0.004311)
2026-02-18 16:17:27,999 - root - INFO -   Beta range: [0.100, 0.185]
2026-02-18 16:17:27,999 - root - INFO -   Max beta change: 0.005955
2026-02-18 16:17:27,999 - root - INFO -   Cell count range: [0, 19]
2026-02-18 16:17:27,999 - root - INFO -     B-cells: 471 cells (9.6%)
2026-02-18 16:17:27,999 - root - INFO -     CAFs: 947 cells (19.4%)
2026-02-18 16:17:27,999 - root - INFO -     Cancer Epithelial: 1042 cells (21.3%)
2026-02-18 16:17:27,999 - root - INFO -     Endothelial: 387 cells (7.9%)
2026-02-18 16:17:27,999 - root - INFO -     Myeloid: 548 cells (11.2%)
2026-02-18 16:17:27,999 - root - INFO -     Normal Epithelial: 333 cells (6.8%)
2026-02-18 16:17:27,999 - root - INFO -     PVL: 390 cells (8.0%)
2026-02-18 16:17:27,999 - root - INFO -     Plasmablasts: 254 cells (5.2%)
2026-02-18 16:17:27,999 - root - INFO -     T-cells: 522 cells (10.7%)
2026-02-18 16:17:27,999 - root - INFO - 
=== EM Iteration 8/10 ===
2026-02-18 16:17:28,000 - root - INFO - Global IQP: 951 spots x 9 cell types = 8559 integer variables
2026-02-18 16:17:28,000 - root - INFO - Time limit: 600.0s, MIP gap: 5.0%
2026-02-18 16:17:28,000 - gurobipy - INFO - Set parameter TimeLimit to value 600
2026-02-18 16:17:28,000 - gurobipy - INFO - Set parameter MIPGap to value 0.05
2026-02-18 16:17:29,920 - root - INFO - Starting global IQP optimization...
2026-02-18 16:17:29,921 - gurobipy - INFO - Gurobi Optimizer version 11.0.2 build v11.0.2rc0 (linux64 - "Red Hat Enterprise Linux 9.6 (Plow)")
2026-02-18 16:17:29,921 - gurobipy - INFO - 
2026-02-18 16:17:29,921 - gurobipy - INFO - CPU model: Intel(R) Xeon(R) Platinum 8352Y CPU @ 2.20GHz, instruction set [SSE2|AVX|AVX2|AVX512]
2026-02-18 16:17:29,921 - gurobipy - INFO - Thread count: 64 physical cores, 64 logical processors, using up to 32 threads
2026-02-18 16:17:29,921 - gurobipy - INFO - 
2026-02-18 16:17:29,921 - gurobipy - INFO - Optimize a model with 927 rows, 8559 columns and 8343 nonzeros
2026-02-18 16:17:29,922 - gurobipy - INFO - Model fingerprint: 0x35251525
2026-02-18 16:17:29,922 - gurobipy - INFO - Model has 8559 quadratic objective terms
2026-02-18 16:17:29,922 - gurobipy - INFO - Variable types: 0 continuous, 8559 integer (0 binary)
2026-02-18 16:17:29,922 - gurobipy - INFO - Coefficient statistics:
2026-02-18 16:17:29,922 - gurobipy - INFO -   Matrix range     [1e+00, 1e+00]
2026-02-18 16:17:29,922 - gurobipy - INFO -   Objective range  [2e-09, 7e-01]
2026-02-18 16:17:29,922 - gurobipy - INFO -   QObjective range [4e-02, 1e-01]
2026-02-18 16:17:29,922 - gurobipy - INFO -   Bounds range     [1e+00, 2e+01]
2026-02-18 16:17:29,922 - gurobipy - INFO -   RHS range        [1e+00, 2e+01]
2026-02-18 16:17:29,922 - gurobipy - INFO - 
2026-02-18 16:17:29,922 - gurobipy - INFO - Loaded user MIP start with objective 83.0059
2026-02-18 16:17:29,922 - gurobipy - INFO - 
2026-02-18 16:17:35,554 - gurobipy - INFO - Presolve removed 926 rows and 8550 columns (presolve time = 6s) ...
2026-02-18 16:17:35,554 - gurobipy - INFO - Presolve removed 926 rows and 8550 columns
2026-02-18 16:17:35,555 - gurobipy - INFO - Presolve time: 5.63s
2026-02-18 16:17:35,555 - gurobipy - INFO - Presolved: 1 rows, 9 columns, 9 nonzeros
2026-02-18 16:17:35,555 - gurobipy - INFO - Presolved model has 9 quadratic objective terms
2026-02-18 16:17:35,555 - gurobipy - INFO - Found heuristic solution: objective 82.9317834
2026-02-18 16:17:35,555 - gurobipy - INFO - Variable types: 0 continuous, 9 integer (0 binary)
2026-02-18 16:17:35,556 - gurobipy - INFO - 
2026-02-18 16:17:35,556 - gurobipy - INFO - Explored 0 nodes (0 simplex iterations) in 5.63 seconds (0.10 work units)
2026-02-18 16:17:35,556 - gurobipy - INFO - Thread count was 32 (of 64 available processors)
2026-02-18 16:17:35,556 - gurobipy - INFO - 
2026-02-18 16:17:35,556 - gurobipy - INFO - Solution count 2: 82.9318 83.0059 
2026-02-18 16:17:35,556 - gurobipy - INFO - 
2026-02-18 16:17:35,556 - gurobipy - INFO - Optimal solution found (tolerance 5.00e-02)
2026-02-18 16:17:35,556 - gurobipy - INFO - Best objective 8.293178341938e+01, best bound 8.268780447868e+01, gap 0.2942%
2026-02-18 16:17:35,580 - root - INFO - Global IQP solved: status=2, gap=0.29%, time=5.6s
2026-02-18 16:17:35,641 - root - INFO -   Loss: 82.8779 (change: 0.001542)
2026-02-18 16:17:35,641 - root - INFO -   Beta range: [0.100, 0.183]
2026-02-18 16:17:35,641 - root - INFO -   Max beta change: 0.003793
2026-02-18 16:17:35,641 - root - INFO -   Cell count range: [0, 19]
2026-02-18 16:17:35,641 - root - INFO -     B-cells: 463 cells (9.5%)
2026-02-18 16:17:35,641 - root - INFO -     CAFs: 960 cells (19.6%)
2026-02-18 16:17:35,641 - root - INFO -     Cancer Epithelial: 1067 cells (21.8%)
2026-02-18 16:17:35,641 - root - INFO -     Endothelial: 382 cells (7.8%)
2026-02-18 16:17:35,641 - root - INFO -     Myeloid: 545 cells (11.1%)
2026-02-18 16:17:35,641 - root - INFO -     Normal Epithelial: 327 cells (6.7%)
2026-02-18 16:17:35,641 - root - INFO -     PVL: 383 cells (7.8%)
2026-02-18 16:17:35,641 - root - INFO -     Plasmablasts: 249 cells (5.1%)
2026-02-18 16:17:35,641 - root - INFO -     T-cells: 518 cells (10.6%)
2026-02-18 16:17:35,641 - root - INFO - 
=== EM Iteration 9/10 ===
2026-02-18 16:17:35,641 - root - INFO - Global IQP: 951 spots x 9 cell types = 8559 integer variables
2026-02-18 16:17:35,641 - root - INFO - Time limit: 600.0s, MIP gap: 5.0%
2026-02-18 16:17:35,642 - gurobipy - INFO - Set parameter TimeLimit to value 600
2026-02-18 16:17:35,642 - gurobipy - INFO - Set parameter MIPGap to value 0.05
2026-02-18 16:17:37,564 - root - INFO - Starting global IQP optimization...
2026-02-18 16:17:37,564 - gurobipy - INFO - Gurobi Optimizer version 11.0.2 build v11.0.2rc0 (linux64 - "Red Hat Enterprise Linux 9.6 (Plow)")
2026-02-18 16:17:37,564 - gurobipy - INFO - 
2026-02-18 16:17:37,565 - gurobipy - INFO - CPU model: Intel(R) Xeon(R) Platinum 8352Y CPU @ 2.20GHz, instruction set [SSE2|AVX|AVX2|AVX512]
2026-02-18 16:17:37,565 - gurobipy - INFO - Thread count: 64 physical cores, 64 logical processors, using up to 32 threads
2026-02-18 16:17:37,565 - gurobipy - INFO - 
2026-02-18 16:17:37,565 - gurobipy - INFO - Optimize a model with 927 rows, 8559 columns and 8343 nonzeros
2026-02-18 16:17:37,565 - gurobipy - INFO - Model fingerprint: 0x30258ed9
2026-02-18 16:17:37,565 - gurobipy - INFO - Model has 8559 quadratic objective terms
2026-02-18 16:17:37,565 - gurobipy - INFO - Variable types: 0 continuous, 8559 integer (0 binary)
2026-02-18 16:17:37,565 - gurobipy - INFO - Coefficient statistics:
2026-02-18 16:17:37,565 - gurobipy - INFO -   Matrix range     [1e+00, 1e+00]
2026-02-18 16:17:37,565 - gurobipy - INFO -   Objective range  [2e-09, 7e-01]
2026-02-18 16:17:37,566 - gurobipy - INFO -   QObjective range [4e-02, 1e-01]
2026-02-18 16:17:37,566 - gurobipy - INFO -   Bounds range     [1e+00, 2e+01]
2026-02-18 16:17:37,566 - gurobipy - INFO -   RHS range        [1e+00, 2e+01]
2026-02-18 16:17:37,566 - gurobipy - INFO - 
2026-02-18 16:17:37,566 - gurobipy - INFO - Loaded user MIP start with objective 82.8779
2026-02-18 16:17:37,566 - gurobipy - INFO - 
2026-02-18 16:17:42,318 - gurobipy - INFO - Presolve removed 926 rows and 8550 columns
2026-02-18 16:17:42,318 - gurobipy - INFO - Presolve time: 4.75s
2026-02-18 16:17:42,318 - gurobipy - INFO - Presolved: 1 rows, 9 columns, 9 nonzeros
2026-02-18 16:17:42,318 - gurobipy - INFO - Presolved model has 9 quadratic objective terms
2026-02-18 16:17:42,318 - gurobipy - INFO - Found heuristic solution: objective 82.7568891
2026-02-18 16:17:42,318 - gurobipy - INFO - Variable types: 0 continuous, 9 integer (0 binary)
2026-02-18 16:17:42,319 - gurobipy - INFO - 
2026-02-18 16:17:42,319 - gurobipy - INFO - Explored 0 nodes (0 simplex iterations) in 4.75 seconds (0.10 work units)
2026-02-18 16:17:42,319 - gurobipy - INFO - Thread count was 32 (of 64 available processors)
2026-02-18 16:17:42,319 - gurobipy - INFO - 
2026-02-18 16:17:42,319 - gurobipy - INFO - Solution count 2: 82.7569 82.8779 
2026-02-18 16:17:42,319 - gurobipy - INFO - 
2026-02-18 16:17:42,319 - gurobipy - INFO - Optimal solution found (tolerance 5.00e-02)
2026-02-18 16:17:42,319 - gurobipy - INFO - Best objective 8.275688912700e+01, best bound 8.251400617138e+01, gap 0.2935%
2026-02-18 16:17:42,345 - root - INFO - Global IQP solved: status=2, gap=0.29%, time=4.8s
2026-02-18 16:17:42,406 - root - INFO -   Loss: 82.6611 (change: 0.002616)
2026-02-18 16:17:42,406 - root - INFO -   Beta range: [0.100, 0.180]
2026-02-18 16:17:42,406 - root - INFO -   Max beta change: 0.004416
2026-02-18 16:17:42,406 - root - INFO -   Cell count range: [0, 19]
2026-02-18 16:17:42,406 - root - INFO -     B-cells: 453 cells (9.3%)
2026-02-18 16:17:42,406 - root - INFO -     CAFs: 975 cells (19.9%)
2026-02-18 16:17:42,406 - root - INFO -     Cancer Epithelial: 1102 cells (22.5%)
2026-02-18 16:17:42,406 - root - INFO -     Endothelial: 370 cells (7.6%)
2026-02-18 16:17:42,406 - root - INFO -     Myeloid: 544 cells (11.1%)
2026-02-18 16:17:42,406 - root - INFO -     Normal Epithelial: 320 cells (6.5%)
2026-02-18 16:17:42,406 - root - INFO -     PVL: 371 cells (7.6%)
2026-02-18 16:17:42,406 - root - INFO -     Plasmablasts: 243 cells (5.0%)
2026-02-18 16:17:42,406 - root - INFO -     T-cells: 516 cells (10.5%)
2026-02-18 16:17:42,407 - root - INFO - 
=== EM Iteration 10/10 ===
2026-02-18 16:17:42,407 - root - INFO - Global IQP: 951 spots x 9 cell types = 8559 integer variables
2026-02-18 16:17:42,407 - root - INFO - Time limit: 600.0s, MIP gap: 5.0%
2026-02-18 16:17:42,407 - gurobipy - INFO - Set parameter TimeLimit to value 600
2026-02-18 16:17:42,407 - gurobipy - INFO - Set parameter MIPGap to value 0.05
2026-02-18 16:17:44,334 - root - INFO - Starting global IQP optimization...
2026-02-18 16:17:44,335 - gurobipy - INFO - Gurobi Optimizer version 11.0.2 build v11.0.2rc0 (linux64 - "Red Hat Enterprise Linux 9.6 (Plow)")
2026-02-18 16:17:44,335 - gurobipy - INFO - 
2026-02-18 16:17:44,335 - gurobipy - INFO - CPU model: Intel(R) Xeon(R) Platinum 8352Y CPU @ 2.20GHz, instruction set [SSE2|AVX|AVX2|AVX512]
2026-02-18 16:17:44,335 - gurobipy - INFO - Thread count: 64 physical cores, 64 logical processors, using up to 32 threads
2026-02-18 16:17:44,335 - gurobipy - INFO - 
2026-02-18 16:17:44,335 - gurobipy - INFO - Optimize a model with 927 rows, 8559 columns and 8343 nonzeros
2026-02-18 16:17:44,336 - gurobipy - INFO - Model fingerprint: 0xfddb0443
2026-02-18 16:17:44,336 - gurobipy - INFO - Model has 8559 quadratic objective terms
2026-02-18 16:17:44,336 - gurobipy - INFO - Variable types: 0 continuous, 8559 integer (0 binary)
2026-02-18 16:17:44,336 - gurobipy - INFO - Coefficient statistics:
2026-02-18 16:17:44,336 - gurobipy - INFO -   Matrix range     [1e+00, 1e+00]
2026-02-18 16:17:44,336 - gurobipy - INFO -   Objective range  [2e-09, 7e-01]
2026-02-18 16:17:44,336 - gurobipy - INFO -   QObjective range [4e-02, 1e-01]
2026-02-18 16:17:44,336 - gurobipy - INFO -   Bounds range     [1e+00, 2e+01]
2026-02-18 16:17:44,336 - gurobipy - INFO -   RHS range        [1e+00, 2e+01]
2026-02-18 16:17:44,336 - gurobipy - INFO - 
2026-02-18 16:17:44,336 - gurobipy - INFO - Loaded user MIP start with objective 82.6611
2026-02-18 16:17:44,336 - gurobipy - INFO - 
2026-02-18 16:17:48,385 - gurobipy - INFO - Presolve removed 926 rows and 8550 columns
2026-02-18 16:17:48,385 - gurobipy - INFO - Presolve time: 4.05s
2026-02-18 16:17:48,385 - gurobipy - INFO - Presolved: 1 rows, 9 columns, 9 nonzeros
2026-02-18 16:17:48,385 - gurobipy - INFO - Presolved model has 9 quadratic objective terms
2026-02-18 16:17:48,386 - gurobipy - INFO - Found heuristic solution: objective 82.5213538
2026-02-18 16:17:48,386 - gurobipy - INFO - Variable types: 0 continuous, 9 integer (0 binary)
2026-02-18 16:17:48,386 - gurobipy - INFO - 
2026-02-18 16:17:48,386 - gurobipy - INFO - Explored 0 nodes (0 simplex iterations) in 4.05 seconds (0.10 work units)
2026-02-18 16:17:48,386 - gurobipy - INFO - Thread count was 32 (of 64 available processors)
2026-02-18 16:17:48,386 - gurobipy - INFO - 
2026-02-18 16:17:48,386 - gurobipy - INFO - Solution count 2: 82.5214 82.6611 
2026-02-18 16:17:48,386 - gurobipy - INFO - 
2026-02-18 16:17:48,386 - gurobipy - INFO - Optimal solution found (tolerance 5.00e-02)
2026-02-18 16:17:48,387 - gurobipy - INFO - Best objective 8.252135379790e+01, best bound 8.227961759347e+01, gap 0.2929%
2026-02-18 16:17:48,412 - root - INFO - Global IQP solved: status=2, gap=0.29%, time=4.1s
2026-02-18 16:17:48,473 - root - INFO -   Loss: 82.3570 (change: 0.003678)
2026-02-18 16:17:48,473 - root - INFO -   Beta range: [0.100, 0.180]
2026-02-18 16:17:48,473 - root - INFO -   Max beta change: 0.005110
2026-02-18 16:17:48,473 - root - INFO -   Cell count range: [0, 19]
2026-02-18 16:17:48,473 - root - INFO -     B-cells: 443 cells (9.1%)
2026-02-18 16:17:48,473 - root - INFO -     CAFs: 993 cells (20.3%)
2026-02-18 16:17:48,473 - root - INFO -     Cancer Epithelial: 1134 cells (23.2%)
2026-02-18 16:17:48,473 - root - INFO -     Endothelial: 357 cells (7.3%)
2026-02-18 16:17:48,473 - root - INFO -     Myeloid: 541 cells (11.1%)
2026-02-18 16:17:48,473 - root - INFO -     Normal Epithelial: 313 cells (6.4%)
2026-02-18 16:17:48,473 - root - INFO -     PVL: 359 cells (7.3%)
2026-02-18 16:17:48,473 - root - INFO -     Plasmablasts: 241 cells (4.9%)
2026-02-18 16:17:48,473 - root - INFO -     T-cells: 513 cells (10.5%)
2026-02-18 16:17:48,473 - root - INFO - 
Final beta values:
2026-02-18 16:17:48,473 - root - INFO -   B-cells_Protein_1: β=0.107, α=0.000
2026-02-18 16:17:48,474 - root - INFO -   B-cells_Protein_2: β=0.135, α=0.000
2026-02-18 16:17:48,474 - root - INFO -   CAFs_Protein_1: β=0.165, α=0.000
2026-02-18 16:17:48,474 - root - INFO -   CAFs_Protein_2: β=0.178, α=0.000
2026-02-18 16:17:48,474 - root - INFO -   Cancer Epithelial_Protein_1: β=0.166, α=0.000
2026-02-18 16:17:48,474 - root - INFO -   Cancer Epithelial_Protein_2: β=0.157, α=0.000
2026-02-18 16:17:48,474 - root - INFO -   Endothelial_Protein_1: β=0.100, α=0.000
2026-02-18 16:17:48,474 - root - INFO -   Endothelial_Protein_2: β=0.130, α=0.000
2026-02-18 16:17:48,474 - root - INFO -   Myeloid_Protein_1: β=0.172, α=0.000
2026-02-18 16:17:48,474 - root - INFO -   Myeloid_Protein_2: β=0.137, α=0.000
2026-02-18 16:17:48,474 - root - INFO -   Normal Epithelial_Protein_1: β=0.100, α=0.000
2026-02-18 16:17:48,474 - root - INFO -   Normal Epithelial_Protein_2: β=0.100, α=0.000
2026-02-18 16:17:48,474 - root - INFO -   PVL_Protein_1: β=0.128, α=0.000
2026-02-18 16:17:48,474 - root - INFO -   PVL_Protein_2: β=0.100, α=0.000
2026-02-18 16:17:48,474 - root - INFO -   Plasmablasts_Protein_1: β=0.100, α=0.000
2026-02-18 16:17:48,474 - root - INFO -   Plasmablasts_Protein_2: β=0.100, α=0.000
2026-02-18 16:17:48,474 - root - INFO -   T-cells_Protein_1: β=0.180, α=0.000
2026-02-18 16:17:48,474 - root - INFO -   T-cells_Protein_2: β=0.132, α=0.000
2026-02-18 16:17:48,486 - root - INFO - Saved discrete cell counts to Benchmarking/simulation_benchmarking/CITEgeist/output_discrete_nuclei_clr/mixed/dapi/mixed/dapi/Wu_rep_0/Wu_rep_0_discrete_cell_counts.csv
2026-02-18 16:17:48,496 - root - INFO - Saved derived proportions to Benchmarking/simulation_benchmarking/CITEgeist/output_discrete_nuclei_clr/mixed/dapi/mixed/dapi/Wu_rep_0/Wu_rep_0_cell_prop_discrete.csv
2026-02-18 16:17:48,496 - root - INFO - Cell type distribution:
2026-02-18 16:17:48,496 - root - INFO -   B-cells: 443 cells (9.1%)
2026-02-18 16:17:48,496 - root - INFO -   CAFs: 993 cells (20.3%)
2026-02-18 16:17:48,496 - root - INFO -   Cancer Epithelial: 1134 cells (23.2%)
2026-02-18 16:17:48,496 - root - INFO -   Endothelial: 357 cells (7.3%)
2026-02-18 16:17:48,496 - root - INFO -   Myeloid: 541 cells (11.1%)
2026-02-18 16:17:48,496 - root - INFO -   Normal Epithelial: 313 cells (6.4%)
2026-02-18 16:17:48,496 - root - INFO -   PVL: 359 cells (7.3%)
2026-02-18 16:17:48,496 - root - INFO -   Plasmablasts: 241 cells (4.9%)
2026-02-18 16:17:48,496 - root - INFO -   T-cells: 513 cells (10.5%)
2026-02-18 16:17:48,513 - __main__ - INFO - Loaded ground truth proportions: 951 spots, 9 cell types
2026-02-18 16:17:48,517 - __main__ - INFO - Proportion correlation: 0.648
2026-02-18 16:17:48,517 - __main__ - INFO - Proportion RMSE: 0.1597
2026-02-18 16:17:48,517 - __main__ - INFO - Running GEX deconvolution...
2026-02-18 16:17:48,518 - CITEgeist.model.utils - INFO - Detected spot spacing: 1.61 units (median of 951 nearest-neighbor distances)
2026-02-18 16:17:48,518 - CITEgeist.model.utils - INFO - Computed optimal radius: 4.92 (3.0 rings, spot_spacing=1.61)
2026-02-18 16:17:48,518 - root - INFO - Auto-detected radius: 4.92 (3 rings)
2026-02-18 16:17:48,518 - root - INFO - Starting Pass 1: Error minimization with enrichment weights...
2026-02-18 16:17:48,518 - root - INFO - Using discrete mode: cell counts as fixed multipliers
2026-02-18 16:17:48,519 - root - WARNING - Found 24 spots with zero cells. These will be skipped in deconvolution.
2026-02-18 16:17:48,519 - root - WARNING - Found 24 spots with zero or negligible total cell proportions. Deconvolution for these spots may fail and their profiles will be imputed as zeros. Example spot indices: [  1   5  80 174 231]
2026-02-18 16:17:48,520 - root - INFO - Starting analysis for Wu_rep_0
2026-02-18 16:17:48,520 - root - INFO - Already completed spots: 0
2026-02-18 16:17:48,520 - root - INFO - Using enrichment weights - Global: 0.5, Local: 0.5
2026-02-18 16:17:48,520 - root - INFO - Using 64 workers
2026-02-18 16:17:48,520 - root - INFO - Processing 951 remaining spots
Deconvoluting Remaining Spots:   0%|          | 0/951 [00:00<?, ?it/s]Deconvoluting Remaining Spots:   0%|          | 1/951 [00:08<2:12:19,  8.36s/it]Deconvoluting Remaining Spots:   0%|          | 2/951 [00:09<1:05:31,  4.14s/it]Deconvoluting Remaining Spots:   0%|          | 4/951 [00:10<27:14,  1.73s/it]  Deconvoluting Remaining Spots:   1%|          | 5/951 [00:10<21:14,  1.35s/it]Deconvoluting Remaining Spots:   1%|          | 6/951 [00:11<17:37,  1.12s/it]Deconvoluting Remaining Spots:   1%|          | 7/951 [00:11<14:36,  1.08it/s]Deconvoluting Remaining Spots:   1%|          | 8/951 [00:12<12:58,  1.21it/s]Deconvoluting Remaining Spots:   1%|          | 9/951 [00:12<11:35,  1.35it/s]Deconvoluting Remaining Spots:   1%|          | 10/951 [00:13<10:49,  1.45it/s]Deconvoluting Remaining Spots:   1%|          | 11/951 [00:14<10:38,  1.47it/s]Deconvoluting Remaining Spots:   1%|▏         | 12/951 [00:14<10:19,  1.52it/s]Deconvoluting Remaining Spots:   1%|▏         | 13/951 [00:15<10:13,  1.53it/s]Deconvoluting Remaining Spots:   1%|▏         | 14/951 [00:15<09:46,  1.60it/s]Deconvoluting Remaining Spots:   2%|▏         | 15/951 [00:16<09:32,  1.63it/s]Deconvoluting Remaining Spots:   2%|▏         | 16/951 [00:16<08:51,  1.76it/s]Deconvoluting Remaining Spots:   2%|▏         | 17/951 [00:17<08:54,  1.75it/s]Deconvoluting Remaining Spots:   2%|▏         | 18/951 [00:18<09:03,  1.72it/s]Deconvoluting Remaining Spots:   2%|▏         | 19/951 [00:18<09:17,  1.67it/s]Deconvoluting Remaining Spots:   2%|▏         | 20/951 [00:19<09:09,  1.69it/s]Deconvoluting Remaining Spots:   2%|▏         | 21/951 [00:20<09:43,  1.59it/s]Deconvoluting Remaining Spots:   2%|▏         | 22/951 [00:20<09:49,  1.57it/s]Deconvoluting Remaining Spots:   2%|▏         | 23/951 [00:21<09:10,  1.68it/s]Deconvoluting Remaining Spots:   3%|▎         | 24/951 [00:21<08:56,  1.73it/s]Deconvoluting Remaining Spots:   3%|▎         | 25/951 [00:22<08:50,  1.75it/s]Deconvoluting Remaining Spots:   3%|▎         | 26/951 [00:22<08:40,  1.78it/s]Deconvoluting Remaining Spots:   3%|▎         | 27/951 [00:23<10:42,  1.44it/s]Deconvoluting Remaining Spots:   3%|▎         | 28/951 [00:24<08:35,  1.79it/s]Deconvoluting Remaining Spots:   3%|▎         | 29/951 [00:24<08:21,  1.84it/s]Deconvoluting Remaining Spots:   3%|▎         | 30/951 [00:25<09:06,  1.68it/s]Deconvoluting Remaining Spots:   3%|▎         | 31/951 [00:25<08:40,  1.77it/s]Deconvoluting Remaining Spots:   3%|▎         | 32/951 [00:26<08:46,  1.75it/s]Deconvoluting Remaining Spots:   3%|▎         | 33/951 [00:27<08:58,  1.71it/s]Deconvoluting Remaining Spots:   4%|▎         | 34/951 [00:27<08:26,  1.81it/s]Deconvoluting Remaining Spots:   4%|▎         | 35/951 [00:28<08:34,  1.78it/s]Deconvoluting Remaining Spots:   4%|▍         | 36/951 [00:28<08:31,  1.79it/s]Deconvoluting Remaining Spots:   4%|▍         | 37/951 [00:29<08:29,  1.79it/s]Deconvoluting Remaining Spots:   4%|▍         | 38/951 [00:29<08:45,  1.74it/s]Deconvoluting Remaining Spots:   4%|▍         | 39/951 [00:30<08:45,  1.73it/s]Deconvoluting Remaining Spots:   4%|▍         | 40/951 [00:30<08:55,  1.70it/s]Deconvoluting Remaining Spots:   4%|▍         | 41/951 [00:31<09:02,  1.68it/s]Deconvoluting Remaining Spots:   4%|▍         | 42/951 [00:32<09:05,  1.67it/s]Deconvoluting Remaining Spots:   5%|▍         | 43/951 [00:32<09:25,  1.61it/s]Deconvoluting Remaining Spots:   5%|▍         | 44/951 [00:33<09:10,  1.65it/s]Deconvoluting Remaining Spots:   5%|▍         | 45/951 [00:34<09:07,  1.65it/s]Deconvoluting Remaining Spots:   5%|▍         | 46/951 [00:34<08:47,  1.72it/s]Deconvoluting Remaining Spots:   5%|▍         | 47/951 [00:35<08:55,  1.69it/s]Deconvoluting Remaining Spots:   5%|▌         | 48/951 [00:35<08:44,  1.72it/s]Deconvoluting Remaining Spots:   5%|▌         | 49/951 [00:36<08:58,  1.67it/s]Deconvoluting Remaining Spots:   5%|▌         | 50/951 [00:36<08:50,  1.70it/s]Deconvoluting Remaining Spots:   5%|▌         | 51/951 [00:37<09:13,  1.63it/s]Deconvoluting Remaining Spots:   5%|▌         | 52/951 [00:38<08:50,  1.69it/s]Deconvoluting Remaining Spots:   6%|▌         | 53/951 [00:39<11:20,  1.32it/s]Deconvoluting Remaining Spots:   6%|▌         | 55/951 [00:40<08:54,  1.68it/s]Deconvoluting Remaining Spots:   6%|▌         | 56/951 [00:40<08:38,  1.73it/s]Deconvoluting Remaining Spots:   6%|▌         | 57/951 [00:41<08:47,  1.69it/s]Deconvoluting Remaining Spots:   6%|▌         | 58/951 [00:42<09:20,  1.59it/s]Deconvoluting Remaining Spots:   6%|▌         | 59/951 [00:42<08:24,  1.77it/s]Deconvoluting Remaining Spots:   6%|▋         | 60/951 [00:42<07:55,  1.87it/s]Deconvoluting Remaining Spots:   6%|▋         | 61/951 [00:43<08:35,  1.73it/s]Deconvoluting Remaining Spots:   7%|▋         | 62/951 [00:44<09:07,  1.62it/s]Deconvoluting Remaining Spots:   7%|▋         | 63/951 [00:44<08:59,  1.65it/s]Deconvoluting Remaining Spots:   7%|▋         | 64/951 [00:45<08:37,  1.71it/s]Deconvoluting Remaining Spots:   7%|▋         | 65/951 [00:45<07:35,  1.94it/s]Deconvoluting Remaining Spots:   7%|▋         | 66/951 [00:46<07:41,  1.92it/s]Deconvoluting Remaining Spots:   7%|▋         | 67/951 [00:46<07:38,  1.93it/s]Deconvoluting Remaining Spots:   7%|▋         | 68/951 [00:47<07:33,  1.95it/s]Deconvoluting Remaining Spots:   7%|▋         | 69/951 [00:47<07:39,  1.92it/s]Deconvoluting Remaining Spots:   7%|▋         | 70/951 [00:48<07:29,  1.96it/s]Deconvoluting Remaining Spots:   7%|▋         | 71/951 [00:48<07:47,  1.88it/s]Deconvoluting Remaining Spots:   8%|▊         | 72/951 [00:49<08:26,  1.74it/s]Deconvoluting Remaining Spots:   8%|▊         | 73/951 [00:49<07:38,  1.92it/s]Deconvoluting Remaining Spots:   8%|▊         | 74/951 [00:51<10:03,  1.45it/s]Deconvoluting Remaining Spots:   8%|▊         | 76/951 [00:51<07:34,  1.92it/s]Deconvoluting Remaining Spots:   8%|▊         | 77/951 [00:52<07:04,  2.06it/s]Deconvoluting Remaining Spots:   8%|▊         | 78/951 [00:52<07:06,  2.05it/s]Deconvoluting Remaining Spots:   8%|▊         | 79/951 [00:53<07:09,  2.03it/s]Deconvoluting Remaining Spots:   8%|▊         | 80/951 [00:53<07:22,  1.97it/s]Deconvoluting Remaining Spots:   9%|▊         | 81/951 [00:54<07:28,  1.94it/s]Deconvoluting Remaining Spots:   9%|▊         | 82/951 [00:54<07:36,  1.90it/s]Deconvoluting Remaining Spots:   9%|▊         | 83/951 [00:55<08:01,  1.80it/s]Deconvoluting Remaining Spots:   9%|▉         | 84/951 [00:55<07:42,  1.88it/s]Deconvoluting Remaining Spots:   9%|▉         | 85/951 [00:56<07:12,  2.00it/s]Deconvoluting Remaining Spots:   9%|▉         | 86/951 [00:56<07:05,  2.03it/s]Deconvoluting Remaining Spots:   9%|▉         | 87/951 [00:57<08:44,  1.65it/s]Deconvoluting Remaining Spots:   9%|▉         | 88/951 [00:58<08:27,  1.70it/s]Deconvoluting Remaining Spots:   9%|▉         | 89/951 [00:59<09:53,  1.45it/s]Deconvoluting Remaining Spots:   9%|▉         | 90/951 [00:59<07:46,  1.85it/s]Deconvoluting Remaining Spots:  10%|▉         | 91/951 [00:59<07:35,  1.89it/s]Deconvoluting Remaining Spots:  10%|▉         | 92/951 [01:00<06:55,  2.07it/s]Deconvoluting Remaining Spots:  10%|▉         | 93/951 [01:00<07:19,  1.95it/s]Deconvoluting Remaining Spots:  10%|▉         | 94/951 [01:01<07:23,  1.93it/s]Deconvoluting Remaining Spots:  10%|▉         | 95/951 [01:01<07:03,  2.02it/s]Deconvoluting Remaining Spots:  10%|█         | 96/951 [01:02<07:06,  2.01it/s]Deconvoluting Remaining Spots:  10%|█         | 97/951 [01:02<06:55,  2.06it/s]Deconvoluting Remaining Spots:  10%|█         | 98/951 [01:03<07:16,  1.95it/s]Deconvoluting Remaining Spots:  10%|█         | 99/951 [01:03<07:33,  1.88it/s]Deconvoluting Remaining Spots:  11%|█         | 100/951 [01:04<07:36,  1.86it/s]2026-02-18 16:18:55,890 - root - INFO - Saved checkpoint after 100 completed spots
Deconvoluting Remaining Spots:  11%|█         | 101/951 [01:06<13:44,  1.03it/s]Deconvoluting Remaining Spots:  11%|█         | 104/951 [01:06<07:15,  1.95it/s]Deconvoluting Remaining Spots:  11%|█         | 105/951 [01:07<07:15,  1.94it/s]Deconvoluting Remaining Spots:  11%|█         | 106/951 [01:07<07:11,  1.96it/s]Deconvoluting Remaining Spots:  11%|█▏        | 107/951 [01:08<06:47,  2.07it/s]Deconvoluting Remaining Spots:  11%|█▏        | 108/951 [01:08<06:41,  2.10it/s]Deconvoluting Remaining Spots:  11%|█▏        | 109/951 [01:09<06:56,  2.02it/s]Deconvoluting Remaining Spots:  12%|█▏        | 110/951 [01:09<06:56,  2.02it/s]Deconvoluting Remaining Spots:  12%|█▏        | 111/951 [01:10<07:01,  1.99it/s]Deconvoluting Remaining Spots:  12%|█▏        | 112/951 [01:10<07:28,  1.87it/s]Deconvoluting Remaining Spots:  12%|█▏        | 113/951 [01:11<07:52,  1.77it/s]Deconvoluting Remaining Spots:  12%|█▏        | 114/951 [01:12<07:46,  1.80it/s]Deconvoluting Remaining Spots:  12%|█▏        | 115/951 [01:12<07:29,  1.86it/s]Deconvoluting Remaining Spots:  12%|█▏        | 116/951 [01:12<07:15,  1.92it/s]Deconvoluting Remaining Spots:  12%|█▏        | 117/951 [01:13<07:44,  1.80it/s]Deconvoluting Remaining Spots:  12%|█▏        | 118/951 [01:14<08:37,  1.61it/s]Deconvoluting Remaining Spots:  13%|█▎        | 119/951 [01:14<08:21,  1.66it/s]Deconvoluting Remaining Spots:  13%|█▎        | 120/951 [01:15<08:03,  1.72it/s]Deconvoluting Remaining Spots:  13%|█▎        | 121/951 [01:16<07:47,  1.78it/s]Deconvoluting Remaining Spots:  13%|█▎        | 122/951 [01:16<06:16,  2.20it/s]Deconvoluting Remaining Spots:  13%|█▎        | 123/951 [01:16<06:34,  2.10it/s]Deconvoluting Remaining Spots:  13%|█▎        | 124/951 [01:17<07:04,  1.95it/s]Deconvoluting Remaining Spots:  13%|█▎        | 125/951 [01:17<07:10,  1.92it/s]Deconvoluting Remaining Spots:  13%|█▎        | 126/951 [01:18<07:06,  1.94it/s]Deconvoluting Remaining Spots:  13%|█▎        | 127/951 [01:18<07:25,  1.85it/s]Deconvoluting Remaining Spots:  13%|█▎        | 128/951 [01:19<07:07,  1.93it/s]Deconvoluting Remaining Spots:  14%|█▎        | 129/951 [01:19<06:54,  1.98it/s]Deconvoluting Remaining Spots:  14%|█▎        | 130/951 [01:20<07:06,  1.93it/s]Deconvoluting Remaining Spots:  14%|█▍        | 131/951 [01:21<07:28,  1.83it/s]Deconvoluting Remaining Spots:  14%|█▍        | 132/951 [01:21<07:20,  1.86it/s]Deconvoluting Remaining Spots:  14%|█▍        | 133/951 [01:22<07:24,  1.84it/s]Deconvoluting Remaining Spots:  14%|█▍        | 134/951 [01:22<07:56,  1.72it/s]Deconvoluting Remaining Spots:  14%|█▍        | 135/951 [01:23<07:50,  1.73it/s]Deconvoluting Remaining Spots:  14%|█▍        | 136/951 [01:24<08:16,  1.64it/s]Deconvoluting Remaining Spots:  14%|█▍        | 137/951 [01:24<08:36,  1.58it/s]Deconvoluting Remaining Spots:  15%|█▍        | 138/951 [01:25<08:25,  1.61it/s]Deconvoluting Remaining Spots:  15%|█▍        | 139/951 [01:25<08:07,  1.66it/s]Deconvoluting Remaining Spots:  15%|█▍        | 140/951 [01:26<07:47,  1.73it/s]Deconvoluting Remaining Spots:  15%|█▍        | 142/951 [01:26<05:50,  2.31it/s]Deconvoluting Remaining Spots:  15%|█▌        | 143/951 [01:27<06:09,  2.19it/s]Deconvoluting Remaining Spots:  15%|█▌        | 144/951 [01:28<06:22,  2.11it/s]Deconvoluting Remaining Spots:  15%|█▌        | 145/951 [01:28<07:25,  1.81it/s]Deconvoluting Remaining Spots:  15%|█▌        | 146/951 [01:29<06:21,  2.11it/s]Deconvoluting Remaining Spots:  15%|█▌        | 147/951 [01:29<06:49,  1.96it/s]Deconvoluting Remaining Spots:  16%|█▌        | 148/951 [01:30<06:38,  2.01it/s]Deconvoluting Remaining Spots:  16%|█▌        | 149/951 [01:30<06:49,  1.96it/s]Deconvoluting Remaining Spots:  16%|█▌        | 150/951 [01:31<07:20,  1.82it/s]Deconvoluting Remaining Spots:  16%|█▌        | 151/951 [01:32<08:39,  1.54it/s]Deconvoluting Remaining Spots:  16%|█▌        | 152/951 [01:32<07:22,  1.81it/s]Deconvoluting Remaining Spots:  16%|█▌        | 153/951 [01:32<06:56,  1.92it/s]Deconvoluting Remaining Spots:  16%|█▌        | 154/951 [01:33<06:59,  1.90it/s]Deconvoluting Remaining Spots:  16%|█▋        | 155/951 [01:34<07:23,  1.80it/s]Deconvoluting Remaining Spots:  16%|█▋        | 156/951 [01:34<07:03,  1.88it/s]Deconvoluting Remaining Spots:  17%|█▋        | 157/951 [01:35<07:18,  1.81it/s]Deconvoluting Remaining Spots:  17%|█▋        | 158/951 [01:35<06:54,  1.91it/s]Deconvoluting Remaining Spots:  17%|█▋        | 159/951 [01:36<06:57,  1.90it/s]Deconvoluting Remaining Spots:  17%|█▋        | 160/951 [01:36<07:35,  1.74it/s]Deconvoluting Remaining Spots:  17%|█▋        | 161/951 [01:37<07:41,  1.71it/s]Deconvoluting Remaining Spots:  17%|█▋        | 162/951 [01:38<07:53,  1.67it/s]Deconvoluting Remaining Spots:  17%|█▋        | 163/951 [01:38<06:13,  2.11it/s]Deconvoluting Remaining Spots:  17%|█▋        | 164/951 [01:38<06:28,  2.02it/s]Deconvoluting Remaining Spots:  17%|█▋        | 165/951 [01:39<06:34,  1.99it/s]Deconvoluting Remaining Spots:  17%|█▋        | 166/951 [01:39<07:01,  1.86it/s]Deconvoluting Remaining Spots:  18%|█▊        | 167/951 [01:40<06:58,  1.87it/s]Deconvoluting Remaining Spots:  18%|█▊        | 168/951 [01:41<07:13,  1.81it/s]Deconvoluting Remaining Spots:  18%|█▊        | 169/951 [01:41<06:32,  1.99it/s]Deconvoluting Remaining Spots:  18%|█▊        | 170/951 [01:42<06:32,  1.99it/s]Deconvoluting Remaining Spots:  18%|█▊        | 171/951 [01:42<06:23,  2.03it/s]Deconvoluting Remaining Spots:  18%|█▊        | 172/951 [01:43<06:40,  1.94it/s]Deconvoluting Remaining Spots:  18%|█▊        | 173/951 [01:43<06:44,  1.93it/s]Deconvoluting Remaining Spots:  18%|█▊        | 174/951 [01:44<06:49,  1.90it/s]Deconvoluting Remaining Spots:  18%|█▊        | 175/951 [01:44<07:21,  1.76it/s]Deconvoluting Remaining Spots:  19%|█▊        | 176/951 [01:45<07:03,  1.83it/s]Deconvoluting Remaining Spots:  19%|█▊        | 177/951 [01:46<07:55,  1.63it/s]Deconvoluting Remaining Spots:  19%|█▊        | 178/951 [01:46<07:03,  1.82it/s]Deconvoluting Remaining Spots:  19%|█▉        | 179/951 [01:47<07:32,  1.70it/s]Deconvoluting Remaining Spots:  19%|█▉        | 180/951 [01:47<06:37,  1.94it/s]Deconvoluting Remaining Spots:  19%|█▉        | 181/951 [01:48<06:46,  1.89it/s]Deconvoluting Remaining Spots:  19%|█▉        | 182/951 [01:48<06:51,  1.87it/s]Deconvoluting Remaining Spots:  19%|█▉        | 183/951 [01:49<07:07,  1.80it/s]Deconvoluting Remaining Spots:  19%|█▉        | 184/951 [01:49<06:07,  2.08it/s]Deconvoluting Remaining Spots:  19%|█▉        | 185/951 [01:49<06:07,  2.09it/s]Deconvoluting Remaining Spots:  20%|█▉        | 186/951 [01:50<06:11,  2.06it/s]Deconvoluting Remaining Spots:  20%|█▉        | 187/951 [01:51<06:48,  1.87it/s]Deconvoluting Remaining Spots:  20%|█▉        | 188/951 [01:51<06:27,  1.97it/s]Deconvoluting Remaining Spots:  20%|█▉        | 189/951 [01:52<06:53,  1.85it/s]Deconvoluting Remaining Spots:  20%|█▉        | 190/951 [01:52<07:19,  1.73it/s]Deconvoluting Remaining Spots:  20%|██        | 191/951 [01:53<06:46,  1.87it/s]Deconvoluting Remaining Spots:  20%|██        | 192/951 [01:54<07:29,  1.69it/s]Deconvoluting Remaining Spots:  20%|██        | 193/951 [01:54<06:43,  1.88it/s]Deconvoluting Remaining Spots:  20%|██        | 194/951 [01:54<06:58,  1.81it/s]Deconvoluting Remaining Spots:  21%|██        | 195/951 [01:55<06:14,  2.02it/s]Deconvoluting Remaining Spots:  21%|██        | 196/951 [01:55<06:24,  1.96it/s]Deconvoluting Remaining Spots:  21%|██        | 197/951 [01:56<06:31,  1.93it/s]Deconvoluting Remaining Spots:  21%|██        | 198/951 [01:57<07:31,  1.67it/s]Deconvoluting Remaining Spots:  21%|██        | 199/951 [01:57<06:33,  1.91it/s]Deconvoluting Remaining Spots:  21%|██        | 200/951 [01:58<06:39,  1.88it/s]2026-02-18 16:19:51,644 - root - INFO - Saved checkpoint after 200 completed spots
Deconvoluting Remaining Spots:  21%|██        | 201/951 [02:02<19:27,  1.56s/it]Deconvoluting Remaining Spots:  22%|██▏       | 208/951 [02:02<05:18,  2.33it/s]Deconvoluting Remaining Spots:  22%|██▏       | 209/951 [02:02<05:27,  2.27it/s]Deconvoluting Remaining Spots:  22%|██▏       | 210/951 [02:03<06:21,  1.94it/s]Deconvoluting Remaining Spots:  22%|██▏       | 211/951 [02:04<05:49,  2.11it/s]Deconvoluting Remaining Spots:  22%|██▏       | 212/951 [02:04<05:56,  2.08it/s]Deconvoluting Remaining Spots:  22%|██▏       | 213/951 [02:05<05:42,  2.16it/s]Deconvoluting Remaining Spots:  23%|██▎       | 214/951 [02:05<06:12,  1.98it/s]Deconvoluting Remaining Spots:  23%|██▎       | 215/951 [02:06<05:44,  2.13it/s]Deconvoluting Remaining Spots:  23%|██▎       | 216/951 [02:06<05:53,  2.08it/s]Deconvoluting Remaining Spots:  23%|██▎       | 217/951 [02:07<06:10,  1.98it/s]Deconvoluting Remaining Spots:  23%|██▎       | 218/951 [02:07<06:31,  1.87it/s]Deconvoluting Remaining Spots:  23%|██▎       | 219/951 [02:08<06:48,  1.79it/s]Deconvoluting Remaining Spots:  23%|██▎       | 220/951 [02:09<07:17,  1.67it/s]Deconvoluting Remaining Spots:  23%|██▎       | 221/951 [02:09<07:30,  1.62it/s]Deconvoluting Remaining Spots:  23%|██▎       | 222/951 [02:10<06:52,  1.77it/s]Deconvoluting Remaining Spots:  23%|██▎       | 223/951 [02:11<08:11,  1.48it/s]Deconvoluting Remaining Spots:  24%|██▎       | 224/951 [02:11<06:30,  1.86it/s]Deconvoluting Remaining Spots:  24%|██▎       | 225/951 [02:11<06:16,  1.93it/s]Deconvoluting Remaining Spots:  24%|██▍       | 226/951 [02:12<05:41,  2.12it/s]Deconvoluting Remaining Spots:  24%|██▍       | 227/951 [02:12<06:09,  1.96it/s]Deconvoluting Remaining Spots:  24%|██▍       | 228/951 [02:13<06:13,  1.94it/s]Deconvoluting Remaining Spots:  24%|██▍       | 229/951 [02:13<06:31,  1.85it/s]Deconvoluting Remaining Spots:  24%|██▍       | 230/951 [02:14<06:29,  1.85it/s]Deconvoluting Remaining Spots:  24%|██▍       | 231/951 [02:14<06:11,  1.94it/s]Deconvoluting Remaining Spots:  24%|██▍       | 232/951 [02:15<06:24,  1.87it/s]Deconvoluting Remaining Spots:  25%|██▍       | 233/951 [02:15<05:53,  2.03it/s]Deconvoluting Remaining Spots:  25%|██▍       | 234/951 [02:16<06:09,  1.94it/s]Deconvoluting Remaining Spots:  25%|██▍       | 235/951 [02:16<06:08,  1.95it/s]Deconvoluting Remaining Spots:  25%|██▍       | 236/951 [02:17<06:25,  1.85it/s]Deconvoluting Remaining Spots:  25%|██▍       | 237/951 [02:18<06:34,  1.81it/s]Deconvoluting Remaining Spots:  25%|██▌       | 238/951 [02:18<07:24,  1.60it/s]Deconvoluting Remaining Spots:  25%|██▌       | 239/951 [02:19<07:08,  1.66it/s]Deconvoluting Remaining Spots:  25%|██▌       | 240/951 [02:20<06:54,  1.72it/s]Deconvoluting Remaining Spots:  25%|██▌       | 241/951 [02:20<06:11,  1.91it/s]Deconvoluting Remaining Spots:  25%|██▌       | 242/951 [02:21<06:59,  1.69it/s]Deconvoluting Remaining Spots:  26%|██▌       | 243/951 [02:21<06:51,  1.72it/s]Deconvoluting Remaining Spots:  26%|██▌       | 245/951 [02:22<05:21,  2.19it/s]Deconvoluting Remaining Spots:  26%|██▌       | 246/951 [02:22<05:44,  2.05it/s]Deconvoluting Remaining Spots:  26%|██▌       | 247/951 [02:23<05:54,  1.99it/s]Deconvoluting Remaining Spots:  26%|██▌       | 248/951 [02:23<05:57,  1.97it/s]Deconvoluting Remaining Spots:  26%|██▌       | 249/951 [02:24<06:07,  1.91it/s]Deconvoluting Remaining Spots:  26%|██▋       | 250/951 [02:25<06:35,  1.77it/s]Deconvoluting Remaining Spots:  26%|██▋       | 251/951 [02:25<06:34,  1.77it/s]Deconvoluting Remaining Spots:  26%|██▋       | 252/951 [02:26<05:47,  2.01it/s]Deconvoluting Remaining Spots:  27%|██▋       | 253/951 [02:26<06:10,  1.88it/s]Deconvoluting Remaining Spots:  27%|██▋       | 254/951 [02:27<06:07,  1.90it/s]Deconvoluting Remaining Spots:  27%|██▋       | 255/951 [02:27<05:49,  1.99it/s]Deconvoluting Remaining Spots:  27%|██▋       | 256/951 [02:28<05:58,  1.94it/s]Deconvoluting Remaining Spots:  27%|██▋       | 257/951 [02:28<06:20,  1.82it/s]Deconvoluting Remaining Spots:  27%|██▋       | 258/951 [02:29<06:50,  1.69it/s]Deconvoluting Remaining Spots:  27%|██▋       | 259/951 [02:29<06:19,  1.83it/s]Deconvoluting Remaining Spots:  27%|██▋       | 260/951 [02:30<07:31,  1.53it/s]Deconvoluting Remaining Spots:  27%|██▋       | 261/951 [02:31<05:58,  1.92it/s]Deconvoluting Remaining Spots:  28%|██▊       | 262/951 [02:31<05:50,  1.96it/s]Deconvoluting Remaining Spots:  28%|██▊       | 263/951 [02:32<05:54,  1.94it/s]Deconvoluting Remaining Spots:  28%|██▊       | 264/951 [02:32<05:49,  1.96it/s]Deconvoluting Remaining Spots:  28%|██▊       | 265/951 [02:33<05:37,  2.03it/s]Deconvoluting Remaining Spots:  28%|██▊       | 266/951 [02:33<06:15,  1.82it/s]Deconvoluting Remaining Spots:  28%|██▊       | 267/951 [02:34<06:02,  1.88it/s]Deconvoluting Remaining Spots:  28%|██▊       | 268/951 [02:35<07:45,  1.47it/s]Deconvoluting Remaining Spots:  28%|██▊       | 269/951 [02:35<05:58,  1.90it/s]Deconvoluting Remaining Spots:  28%|██▊       | 270/951 [02:35<05:48,  1.96it/s]Deconvoluting Remaining Spots:  28%|██▊       | 271/951 [02:36<05:16,  2.15it/s]Deconvoluting Remaining Spots:  29%|██▊       | 272/951 [02:36<05:42,  1.98it/s]Deconvoluting Remaining Spots:  29%|██▊       | 273/951 [02:37<05:50,  1.93it/s]Deconvoluting Remaining Spots:  29%|██▉       | 274/951 [02:37<05:51,  1.93it/s]Deconvoluting Remaining Spots:  29%|██▉       | 275/951 [02:38<06:19,  1.78it/s]Deconvoluting Remaining Spots:  29%|██▉       | 276/951 [02:39<06:31,  1.73it/s]Deconvoluting Remaining Spots:  29%|██▉       | 277/951 [02:39<05:54,  1.90it/s]Deconvoluting Remaining Spots:  29%|██▉       | 278/951 [02:40<05:35,  2.01it/s]Deconvoluting Remaining Spots:  29%|██▉       | 279/951 [02:40<05:49,  1.92it/s]Deconvoluting Remaining Spots:  29%|██▉       | 280/951 [02:41<05:55,  1.89it/s]Deconvoluting Remaining Spots:  30%|██▉       | 281/951 [02:41<06:06,  1.83it/s]Deconvoluting Remaining Spots:  30%|██▉       | 282/951 [02:42<05:52,  1.90it/s]Deconvoluting Remaining Spots:  30%|██▉       | 283/951 [02:42<06:01,  1.85it/s]Deconvoluting Remaining Spots:  30%|██▉       | 284/951 [02:43<05:55,  1.88it/s]Deconvoluting Remaining Spots:  30%|██▉       | 285/951 [02:43<06:06,  1.82it/s]Deconvoluting Remaining Spots:  30%|███       | 286/951 [02:44<06:00,  1.84it/s]Deconvoluting Remaining Spots:  30%|███       | 287/951 [02:45<06:39,  1.66it/s]Deconvoluting Remaining Spots:  30%|███       | 288/951 [02:45<05:54,  1.87it/s]Deconvoluting Remaining Spots:  30%|███       | 289/951 [02:46<06:52,  1.61it/s]Deconvoluting Remaining Spots:  30%|███       | 290/951 [02:46<05:46,  1.91it/s]Deconvoluting Remaining Spots:  31%|███       | 291/951 [02:47<07:25,  1.48it/s]Deconvoluting Remaining Spots:  31%|███       | 293/951 [02:48<05:19,  2.06it/s]Deconvoluting Remaining Spots:  31%|███       | 294/951 [02:48<05:30,  1.99it/s]Deconvoluting Remaining Spots:  31%|███       | 295/951 [02:49<05:26,  2.01it/s]Deconvoluting Remaining Spots:  31%|███       | 296/951 [02:50<06:17,  1.74it/s]Deconvoluting Remaining Spots:  31%|███       | 297/951 [02:50<05:19,  2.04it/s]Deconvoluting Remaining Spots:  31%|███▏      | 298/951 [02:50<05:32,  1.96it/s]Deconvoluting Remaining Spots:  31%|███▏      | 299/951 [02:51<05:25,  2.00it/s]Deconvoluting Remaining Spots:  32%|███▏      | 300/951 [02:51<05:38,  1.92it/s]2026-02-18 16:20:47,186 - root - INFO - Saved checkpoint after 300 completed spots
Deconvoluting Remaining Spots:  32%|███▏      | 301/951 [02:57<22:10,  2.05s/it]Deconvoluting Remaining Spots:  33%|███▎      | 311/951 [02:58<04:33,  2.34it/s]Deconvoluting Remaining Spots:  33%|███▎      | 312/951 [02:58<04:39,  2.29it/s]Deconvoluting Remaining Spots:  33%|███▎      | 313/951 [02:59<04:45,  2.24it/s]Deconvoluting Remaining Spots:  33%|███▎      | 314/951 [02:59<04:51,  2.19it/s]Deconvoluting Remaining Spots:  33%|███▎      | 315/951 [03:00<04:58,  2.13it/s]Deconvoluting Remaining Spots:  33%|███▎      | 316/951 [03:00<05:14,  2.02it/s]Deconvoluting Remaining Spots:  33%|███▎      | 317/951 [03:01<05:23,  1.96it/s]Deconvoluting Remaining Spots:  33%|███▎      | 318/951 [03:01<05:19,  1.98it/s]Deconvoluting Remaining Spots:  34%|███▎      | 319/951 [03:02<05:39,  1.86it/s]Deconvoluting Remaining Spots:  34%|███▎      | 320/951 [03:02<05:38,  1.86it/s]Deconvoluting Remaining Spots:  34%|███▍      | 321/951 [03:03<06:09,  1.70it/s]Deconvoluting Remaining Spots:  34%|███▍      | 322/951 [03:04<06:31,  1.61it/s]Deconvoluting Remaining Spots:  34%|███▍      | 323/951 [03:04<06:28,  1.62it/s]Deconvoluting Remaining Spots:  34%|███▍      | 324/951 [03:05<06:08,  1.70it/s]Deconvoluting Remaining Spots:  34%|███▍      | 325/951 [03:05<05:30,  1.89it/s]Deconvoluting Remaining Spots:  34%|███▍      | 326/951 [03:06<05:20,  1.95it/s]Deconvoluting Remaining Spots:  34%|███▍      | 327/951 [03:06<05:17,  1.96it/s]Deconvoluting Remaining Spots:  34%|███▍      | 328/951 [03:07<06:53,  1.51it/s]Deconvoluting Remaining Spots:  35%|███▍      | 329/951 [03:08<06:39,  1.56it/s]Deconvoluting Remaining Spots:  35%|███▍      | 330/951 [03:09<06:22,  1.62it/s]Deconvoluting Remaining Spots:  35%|███▍      | 332/951 [03:09<04:40,  2.21it/s]Deconvoluting Remaining Spots:  35%|███▌      | 333/951 [03:10<04:58,  2.07it/s]Deconvoluting Remaining Spots:  35%|███▌      | 334/951 [03:10<04:37,  2.23it/s]Deconvoluting Remaining Spots:  35%|███▌      | 335/951 [03:11<05:08,  2.00it/s]Deconvoluting Remaining Spots:  35%|███▌      | 336/951 [03:11<05:11,  1.97it/s]Deconvoluting Remaining Spots:  35%|███▌      | 337/951 [03:12<05:13,  1.96it/s]Deconvoluting Remaining Spots:  36%|███▌      | 338/951 [03:13<07:00,  1.46it/s]Deconvoluting Remaining Spots:  36%|███▌      | 340/951 [03:13<05:04,  2.00it/s]Deconvoluting Remaining Spots:  36%|███▌      | 341/951 [03:14<05:03,  2.01it/s]Deconvoluting Remaining Spots:  36%|███▌      | 342/951 [03:14<05:07,  1.98it/s]Deconvoluting Remaining Spots:  36%|███▌      | 343/951 [03:15<05:22,  1.88it/s]Deconvoluting Remaining Spots:  36%|███▌      | 344/951 [03:16<05:48,  1.74it/s]Deconvoluting Remaining Spots:  36%|███▋      | 345/951 [03:16<05:45,  1.75it/s]Deconvoluting Remaining Spots:  36%|███▋      | 346/951 [03:17<05:48,  1.73it/s]Deconvoluting Remaining Spots:  36%|███▋      | 347/951 [03:17<05:37,  1.79it/s]Deconvoluting Remaining Spots:  37%|███▋      | 348/951 [03:18<06:18,  1.59it/s]Deconvoluting Remaining Spots:  37%|███▋      | 349/951 [03:18<05:16,  1.90it/s]Deconvoluting Remaining Spots:  37%|███▋      | 350/951 [03:19<05:13,  1.92it/s]Deconvoluting Remaining Spots:  37%|███▋      | 351/951 [03:19<05:17,  1.89it/s]Deconvoluting Remaining Spots:  37%|███▋      | 352/951 [03:20<05:42,  1.75it/s]Deconvoluting Remaining Spots:  37%|███▋      | 353/951 [03:21<07:02,  1.41it/s]Deconvoluting Remaining Spots:  37%|███▋      | 355/951 [03:22<05:13,  1.90it/s]Deconvoluting Remaining Spots:  37%|███▋      | 356/951 [03:22<05:19,  1.86it/s]Deconvoluting Remaining Spots:  38%|███▊      | 357/951 [03:23<06:05,  1.63it/s]Deconvoluting Remaining Spots:  38%|███▊      | 359/951 [03:24<04:36,  2.14it/s]Deconvoluting Remaining Spots:  38%|███▊      | 360/951 [03:24<04:37,  2.13it/s]Deconvoluting Remaining Spots:  38%|███▊      | 361/951 [03:25<04:43,  2.08it/s]Deconvoluting Remaining Spots:  38%|███▊      | 362/951 [03:25<05:26,  1.80it/s]Deconvoluting Remaining Spots:  38%|███▊      | 363/951 [03:26<04:40,  2.10it/s]Deconvoluting Remaining Spots:  38%|███▊      | 364/951 [03:26<05:10,  1.89it/s]Deconvoluting Remaining Spots:  38%|███▊      | 365/951 [03:27<04:58,  1.96it/s]Deconvoluting Remaining Spots:  38%|███▊      | 366/951 [03:27<04:47,  2.04it/s]Deconvoluting Remaining Spots:  39%|███▊      | 367/951 [03:28<04:53,  1.99it/s]Deconvoluting Remaining Spots:  39%|███▊      | 368/951 [03:29<05:31,  1.76it/s]Deconvoluting Remaining Spots:  39%|███▉      | 369/951 [03:29<06:01,  1.61it/s]Deconvoluting Remaining Spots:  39%|███▉      | 370/951 [03:30<05:47,  1.67it/s]Deconvoluting Remaining Spots:  39%|███▉      | 371/951 [03:30<05:34,  1.73it/s]Deconvoluting Remaining Spots:  39%|███▉      | 372/951 [03:31<05:59,  1.61it/s]Deconvoluting Remaining Spots:  39%|███▉      | 373/951 [03:31<05:06,  1.89it/s]Deconvoluting Remaining Spots:  39%|███▉      | 374/951 [03:32<04:58,  1.93it/s]Deconvoluting Remaining Spots:  39%|███▉      | 375/951 [03:32<05:03,  1.90it/s]Deconvoluting Remaining Spots:  40%|███▉      | 376/951 [03:33<04:36,  2.08it/s]Deconvoluting Remaining Spots:  40%|███▉      | 377/951 [03:33<04:52,  1.96it/s]Deconvoluting Remaining Spots:  40%|███▉      | 378/951 [03:34<04:59,  1.91it/s]Deconvoluting Remaining Spots:  40%|███▉      | 379/951 [03:34<05:01,  1.90it/s]Deconvoluting Remaining Spots:  40%|███▉      | 380/951 [03:35<05:12,  1.83it/s]Deconvoluting Remaining Spots:  40%|████      | 381/951 [03:36<05:36,  1.69it/s]Deconvoluting Remaining Spots:  40%|████      | 382/951 [03:36<04:39,  2.04it/s]Deconvoluting Remaining Spots:  40%|████      | 383/951 [03:37<05:04,  1.87it/s]Deconvoluting Remaining Spots:  40%|████      | 384/951 [03:37<04:56,  1.91it/s]Deconvoluting Remaining Spots:  40%|████      | 385/951 [03:38<05:00,  1.88it/s]Deconvoluting Remaining Spots:  41%|████      | 386/951 [03:38<05:07,  1.84it/s]Deconvoluting Remaining Spots:  41%|████      | 387/951 [03:39<05:09,  1.82it/s]Deconvoluting Remaining Spots:  41%|████      | 388/951 [03:39<04:58,  1.89it/s]Deconvoluting Remaining Spots:  41%|████      | 389/951 [03:40<04:56,  1.90it/s]Deconvoluting Remaining Spots:  41%|████      | 390/951 [03:40<04:55,  1.90it/s]Deconvoluting Remaining Spots:  41%|████      | 391/951 [03:41<04:42,  1.98it/s]Deconvoluting Remaining Spots:  41%|████      | 392/951 [03:41<04:48,  1.93it/s]Deconvoluting Remaining Spots:  41%|████▏     | 393/951 [03:42<04:52,  1.91it/s]Deconvoluting Remaining Spots:  41%|████▏     | 394/951 [03:43<05:16,  1.76it/s]Deconvoluting Remaining Spots:  42%|████▏     | 395/951 [03:43<05:08,  1.80it/s]Deconvoluting Remaining Spots:  42%|████▏     | 396/951 [03:43<04:35,  2.01it/s]Deconvoluting Remaining Spots:  42%|████▏     | 397/951 [03:44<04:42,  1.96it/s]Deconvoluting Remaining Spots:  42%|████▏     | 398/951 [03:45<04:41,  1.96it/s]Deconvoluting Remaining Spots:  42%|████▏     | 399/951 [03:45<04:56,  1.86it/s]Deconvoluting Remaining Spots:  42%|████▏     | 400/951 [03:46<05:03,  1.81it/s]2026-02-18 16:21:43,423 - root - INFO - Saved checkpoint after 400 completed spots
Deconvoluting Remaining Spots:  42%|████▏     | 401/951 [03:53<24:34,  2.68s/it]Deconvoluting Remaining Spots:  44%|████▎     | 415/951 [03:54<03:37,  2.47it/s]Deconvoluting Remaining Spots:  44%|████▍     | 417/951 [03:55<03:56,  2.26it/s]Deconvoluting Remaining Spots:  44%|████▍     | 418/951 [03:55<03:57,  2.25it/s]Deconvoluting Remaining Spots:  44%|████▍     | 419/951 [03:56<04:14,  2.09it/s]Deconvoluting Remaining Spots:  44%|████▍     | 420/951 [03:57<04:08,  2.14it/s]Deconvoluting Remaining Spots:  44%|████▍     | 421/951 [03:57<04:17,  2.06it/s]Deconvoluting Remaining Spots:  44%|████▍     | 422/951 [03:58<04:25,  1.99it/s]Deconvoluting Remaining Spots:  44%|████▍     | 423/951 [03:58<04:25,  1.99it/s]Deconvoluting Remaining Spots:  45%|████▍     | 424/951 [03:59<04:46,  1.84it/s]Deconvoluting Remaining Spots:  45%|████▍     | 425/951 [03:59<04:42,  1.86it/s]Deconvoluting Remaining Spots:  45%|████▍     | 426/951 [04:00<04:37,  1.89it/s]Deconvoluting Remaining Spots:  45%|████▍     | 427/951 [04:00<04:31,  1.93it/s]Deconvoluting Remaining Spots:  45%|████▌     | 428/951 [04:01<04:35,  1.90it/s]Deconvoluting Remaining Spots:  45%|████▌     | 429/951 [04:02<04:33,  1.91it/s]Deconvoluting Remaining Spots:  45%|████▌     | 430/951 [04:02<04:20,  2.00it/s]Deconvoluting Remaining Spots:  45%|████▌     | 431/951 [04:03<04:31,  1.92it/s]Deconvoluting Remaining Spots:  45%|████▌     | 432/951 [04:03<04:54,  1.76it/s]Deconvoluting Remaining Spots:  46%|████▌     | 433/951 [04:04<04:56,  1.75it/s]Deconvoluting Remaining Spots:  46%|████▌     | 434/951 [04:04<04:26,  1.94it/s]Deconvoluting Remaining Spots:  46%|████▌     | 435/951 [04:05<04:22,  1.97it/s]Deconvoluting Remaining Spots:  46%|████▌     | 436/951 [04:05<04:19,  1.98it/s]Deconvoluting Remaining Spots:  46%|████▌     | 437/951 [04:06<04:22,  1.96it/s]Deconvoluting Remaining Spots:  46%|████▌     | 438/951 [04:06<04:24,  1.94it/s]Deconvoluting Remaining Spots:  46%|████▌     | 439/951 [04:07<04:58,  1.72it/s]Deconvoluting Remaining Spots:  46%|████▋     | 440/951 [04:08<04:55,  1.73it/s]Deconvoluting Remaining Spots:  46%|████▋     | 441/951 [04:08<04:51,  1.75it/s]Deconvoluting Remaining Spots:  46%|████▋     | 442/951 [04:09<05:26,  1.56it/s]Deconvoluting Remaining Spots:  47%|████▋     | 443/951 [04:09<04:05,  2.07it/s]Deconvoluting Remaining Spots:  47%|████▋     | 444/951 [04:10<04:20,  1.95it/s]Deconvoluting Remaining Spots:  47%|████▋     | 445/951 [04:10<04:05,  2.06it/s]Deconvoluting Remaining Spots:  47%|████▋     | 446/951 [04:10<03:51,  2.18it/s]Deconvoluting Remaining Spots:  47%|████▋     | 447/951 [04:11<04:18,  1.95it/s]Deconvoluting Remaining Spots:  47%|████▋     | 448/951 [04:12<04:17,  1.95it/s]Deconvoluting Remaining Spots:  47%|████▋     | 449/951 [04:12<04:13,  1.98it/s]Deconvoluting Remaining Spots:  47%|████▋     | 450/951 [04:13<04:27,  1.87it/s]Deconvoluting Remaining Spots:  47%|████▋     | 451/951 [04:13<04:15,  1.95it/s]Deconvoluting Remaining Spots:  48%|████▊     | 452/951 [04:14<04:10,  1.99it/s]Deconvoluting Remaining Spots:  48%|████▊     | 453/951 [04:14<04:20,  1.91it/s]Deconvoluting Remaining Spots:  48%|████▊     | 454/951 [04:15<04:15,  1.95it/s]Deconvoluting Remaining Spots:  48%|████▊     | 455/951 [04:15<04:29,  1.84it/s]Deconvoluting Remaining Spots:  48%|████▊     | 456/951 [04:16<04:28,  1.85it/s]Deconvoluting Remaining Spots:  48%|████▊     | 457/951 [04:17<05:01,  1.64it/s]Deconvoluting Remaining Spots:  48%|████▊     | 458/951 [04:17<04:55,  1.67it/s]Deconvoluting Remaining Spots:  48%|████▊     | 459/951 [04:18<04:19,  1.90it/s]Deconvoluting Remaining Spots:  48%|████▊     | 460/951 [04:18<04:19,  1.89it/s]Deconvoluting Remaining Spots:  48%|████▊     | 461/951 [04:19<04:16,  1.91it/s]Deconvoluting Remaining Spots:  49%|████▊     | 462/951 [04:19<04:22,  1.87it/s]Deconvoluting Remaining Spots:  49%|████▊     | 463/951 [04:20<04:14,  1.92it/s]Deconvoluting Remaining Spots:  49%|████▉     | 464/951 [04:20<04:19,  1.88it/s]Deconvoluting Remaining Spots:  49%|████▉     | 465/951 [04:21<04:08,  1.95it/s]Deconvoluting Remaining Spots:  49%|████▉     | 466/951 [04:21<04:10,  1.93it/s]Deconvoluting Remaining Spots:  49%|████▉     | 467/951 [04:22<04:17,  1.88it/s]Deconvoluting Remaining Spots:  49%|████▉     | 468/951 [04:22<04:07,  1.95it/s]Deconvoluting Remaining Spots:  49%|████▉     | 469/951 [04:23<04:15,  1.89it/s]Deconvoluting Remaining Spots:  49%|████▉     | 470/951 [04:23<04:17,  1.87it/s]Deconvoluting Remaining Spots:  50%|████▉     | 471/951 [04:24<05:17,  1.51it/s]Deconvoluting Remaining Spots:  50%|████▉     | 472/951 [04:25<04:24,  1.81it/s]Deconvoluting Remaining Spots:  50%|████▉     | 473/951 [04:25<04:24,  1.80it/s]Deconvoluting Remaining Spots:  50%|████▉     | 474/951 [04:26<05:04,  1.57it/s]Deconvoluting Remaining Spots:  50%|█████     | 476/951 [04:27<03:52,  2.04it/s]Deconvoluting Remaining Spots:  50%|█████     | 477/951 [04:27<03:49,  2.07it/s]Deconvoluting Remaining Spots:  50%|█████     | 478/951 [04:28<04:00,  1.96it/s]Deconvoluting Remaining Spots:  50%|█████     | 479/951 [04:28<04:07,  1.91it/s]Deconvoluting Remaining Spots:  50%|█████     | 480/951 [04:29<04:33,  1.72it/s]Deconvoluting Remaining Spots:  51%|█████     | 481/951 [04:29<03:56,  1.99it/s]Deconvoluting Remaining Spots:  51%|█████     | 482/951 [04:30<04:30,  1.73it/s]Deconvoluting Remaining Spots:  51%|█████     | 483/951 [04:30<04:04,  1.92it/s]Deconvoluting Remaining Spots:  51%|█████     | 484/951 [04:31<03:48,  2.05it/s]Deconvoluting Remaining Spots:  51%|█████     | 485/951 [04:31<03:50,  2.02it/s]Deconvoluting Remaining Spots:  51%|█████     | 486/951 [04:32<04:24,  1.76it/s]Deconvoluting Remaining Spots:  51%|█████     | 487/951 [04:33<04:18,  1.79it/s]Deconvoluting Remaining Spots:  51%|█████▏    | 488/951 [04:33<04:12,  1.83it/s]Deconvoluting Remaining Spots:  51%|█████▏    | 489/951 [04:34<04:20,  1.78it/s]Deconvoluting Remaining Spots:  52%|█████▏    | 490/951 [04:34<04:06,  1.87it/s]Deconvoluting Remaining Spots:  52%|█████▏    | 491/951 [04:35<03:47,  2.02it/s]Deconvoluting Remaining Spots:  52%|█████▏    | 492/951 [04:35<04:06,  1.86it/s]Deconvoluting Remaining Spots:  52%|█████▏    | 493/951 [04:36<04:11,  1.82it/s]Deconvoluting Remaining Spots:  52%|█████▏    | 494/951 [04:36<04:04,  1.87it/s]Deconvoluting Remaining Spots:  52%|█████▏    | 495/951 [04:37<04:02,  1.88it/s]Deconvoluting Remaining Spots:  52%|█████▏    | 496/951 [04:37<04:01,  1.89it/s]Deconvoluting Remaining Spots:  52%|█████▏    | 497/951 [04:38<04:03,  1.86it/s]Deconvoluting Remaining Spots:  52%|█████▏    | 498/951 [04:38<04:01,  1.87it/s]Deconvoluting Remaining Spots:  52%|█████▏    | 499/951 [04:39<04:01,  1.87it/s]Deconvoluting Remaining Spots:  53%|█████▎    | 500/951 [04:39<03:52,  1.94it/s]2026-02-18 16:22:39,042 - root - INFO - Saved checkpoint after 500 completed spots
Deconvoluting Remaining Spots:  53%|█████▎    | 501/951 [04:49<24:13,  3.23s/it]Deconvoluting Remaining Spots:  54%|█████▍    | 518/951 [04:49<02:56,  2.45it/s]Deconvoluting Remaining Spots:  55%|█████▍    | 520/951 [04:51<03:07,  2.30it/s]Deconvoluting Remaining Spots:  55%|█████▍    | 522/951 [04:52<03:18,  2.16it/s]Deconvoluting Remaining Spots:  55%|█████▍    | 523/951 [04:52<03:15,  2.19it/s]Deconvoluting Remaining Spots:  55%|█████▌    | 524/951 [04:53<03:22,  2.11it/s]Deconvoluting Remaining Spots:  55%|█████▌    | 525/951 [04:53<03:19,  2.14it/s]Deconvoluting Remaining Spots:  55%|█████▌    | 526/951 [04:54<03:28,  2.04it/s]Deconvoluting Remaining Spots:  55%|█████▌    | 527/951 [04:54<03:36,  1.96it/s]Deconvoluting Remaining Spots:  56%|█████▌    | 528/951 [04:55<03:48,  1.85it/s]Deconvoluting Remaining Spots:  56%|█████▌    | 529/951 [04:55<03:36,  1.95it/s]Deconvoluting Remaining Spots:  56%|█████▌    | 530/951 [04:56<03:40,  1.91it/s]Deconvoluting Remaining Spots:  56%|█████▌    | 531/951 [04:57<03:41,  1.90it/s]Deconvoluting Remaining Spots:  56%|█████▌    | 532/951 [04:57<03:40,  1.90it/s]Deconvoluting Remaining Spots:  56%|█████▌    | 533/951 [04:58<03:39,  1.90it/s]Deconvoluting Remaining Spots:  56%|█████▌    | 534/951 [04:58<03:40,  1.89it/s]Deconvoluting Remaining Spots:  56%|█████▋    | 535/951 [04:59<03:43,  1.86it/s]Deconvoluting Remaining Spots:  56%|█████▋    | 536/951 [04:59<03:40,  1.88it/s]Deconvoluting Remaining Spots:  56%|█████▋    | 537/951 [05:00<03:30,  1.97it/s]Deconvoluting Remaining Spots:  57%|█████▋    | 538/951 [05:00<03:25,  2.01it/s]Deconvoluting Remaining Spots:  57%|█████▋    | 539/951 [05:01<03:30,  1.95it/s]Deconvoluting Remaining Spots:  57%|█████▋    | 540/951 [05:01<03:38,  1.88it/s]Deconvoluting Remaining Spots:  57%|█████▋    | 541/951 [05:02<03:41,  1.85it/s]Deconvoluting Remaining Spots:  57%|█████▋    | 542/951 [05:03<03:57,  1.72it/s]Deconvoluting Remaining Spots:  57%|█████▋    | 543/951 [05:03<03:33,  1.91it/s]Deconvoluting Remaining Spots:  57%|█████▋    | 544/951 [05:03<03:35,  1.89it/s]Deconvoluting Remaining Spots:  57%|█████▋    | 545/951 [05:04<03:21,  2.02it/s]Deconvoluting Remaining Spots:  57%|█████▋    | 546/951 [05:04<03:23,  2.00it/s]Deconvoluting Remaining Spots:  58%|█████▊    | 547/951 [05:05<03:34,  1.88it/s]Deconvoluting Remaining Spots:  58%|█████▊    | 548/951 [05:05<03:26,  1.95it/s]Deconvoluting Remaining Spots:  58%|█████▊    | 549/951 [05:06<03:41,  1.82it/s]Deconvoluting Remaining Spots:  58%|█████▊    | 550/951 [05:07<03:36,  1.85it/s]Deconvoluting Remaining Spots:  58%|█████▊    | 551/951 [05:07<03:51,  1.73it/s]Deconvoluting Remaining Spots:  58%|█████▊    | 552/951 [05:08<03:14,  2.05it/s]Deconvoluting Remaining Spots:  58%|█████▊    | 553/951 [05:08<03:21,  1.98it/s]Deconvoluting Remaining Spots:  58%|█████▊    | 554/951 [05:09<03:30,  1.89it/s]Deconvoluting Remaining Spots:  58%|█████▊    | 555/951 [05:09<03:27,  1.91it/s]Deconvoluting Remaining Spots:  58%|█████▊    | 556/951 [05:10<03:33,  1.85it/s]Deconvoluting Remaining Spots:  59%|█████▊    | 557/951 [05:10<03:43,  1.76it/s]Deconvoluting Remaining Spots:  59%|█████▊    | 558/951 [05:11<03:24,  1.92it/s]Deconvoluting Remaining Spots:  59%|█████▉    | 559/951 [05:11<03:29,  1.87it/s]Deconvoluting Remaining Spots:  59%|█████▉    | 560/951 [05:12<03:43,  1.75it/s]Deconvoluting Remaining Spots:  59%|█████▉    | 561/951 [05:12<03:15,  2.00it/s]Deconvoluting Remaining Spots:  59%|█████▉    | 562/951 [05:13<03:20,  1.94it/s]Deconvoluting Remaining Spots:  59%|█████▉    | 563/951 [05:13<03:15,  1.98it/s]Deconvoluting Remaining Spots:  59%|█████▉    | 564/951 [05:14<03:17,  1.96it/s]Deconvoluting Remaining Spots:  59%|█████▉    | 565/951 [05:15<03:27,  1.86it/s]Deconvoluting Remaining Spots:  60%|█████▉    | 566/951 [05:15<04:03,  1.58it/s]Deconvoluting Remaining Spots:  60%|█████▉    | 567/951 [05:16<03:17,  1.94it/s]Deconvoluting Remaining Spots:  60%|█████▉    | 568/951 [05:16<03:16,  1.95it/s]Deconvoluting Remaining Spots:  60%|█████▉    | 569/951 [05:17<03:17,  1.94it/s]Deconvoluting Remaining Spots:  60%|█████▉    | 570/951 [05:17<03:07,  2.03it/s]Deconvoluting Remaining Spots:  60%|██████    | 571/951 [05:18<03:09,  2.01it/s]Deconvoluting Remaining Spots:  60%|██████    | 572/951 [05:18<03:22,  1.88it/s]Deconvoluting Remaining Spots:  60%|██████    | 573/951 [05:19<03:27,  1.83it/s]Deconvoluting Remaining Spots:  60%|██████    | 574/951 [05:20<04:05,  1.54it/s]Deconvoluting Remaining Spots:  60%|██████    | 575/951 [05:20<03:08,  2.00it/s]Deconvoluting Remaining Spots:  61%|██████    | 576/951 [05:20<03:04,  2.03it/s]Deconvoluting Remaining Spots:  61%|██████    | 577/951 [05:21<02:58,  2.09it/s]Deconvoluting Remaining Spots:  61%|██████    | 578/951 [05:21<03:12,  1.94it/s]Deconvoluting Remaining Spots:  61%|██████    | 579/951 [05:22<03:08,  1.97it/s]Deconvoluting Remaining Spots:  61%|██████    | 580/951 [05:22<03:08,  1.97it/s]Deconvoluting Remaining Spots:  61%|██████    | 581/951 [05:23<03:29,  1.77it/s]Deconvoluting Remaining Spots:  61%|██████    | 582/951 [05:24<03:45,  1.64it/s]Deconvoluting Remaining Spots:  61%|██████▏   | 583/951 [05:24<03:17,  1.87it/s]Deconvoluting Remaining Spots:  61%|██████▏   | 584/951 [05:25<03:07,  1.96it/s]Deconvoluting Remaining Spots:  62%|██████▏   | 585/951 [05:25<03:23,  1.80it/s]Deconvoluting Remaining Spots:  62%|██████▏   | 586/951 [05:26<03:29,  1.74it/s]Deconvoluting Remaining Spots:  62%|██████▏   | 587/951 [05:26<03:24,  1.78it/s]Deconvoluting Remaining Spots:  62%|██████▏   | 588/951 [05:27<03:06,  1.95it/s]Deconvoluting Remaining Spots:  62%|██████▏   | 589/951 [05:28<03:34,  1.69it/s]Deconvoluting Remaining Spots:  62%|██████▏   | 590/951 [05:28<03:22,  1.79it/s]Deconvoluting Remaining Spots:  62%|██████▏   | 591/951 [05:29<03:48,  1.57it/s]Deconvoluting Remaining Spots:  62%|██████▏   | 592/951 [05:29<02:59,  2.00it/s]Deconvoluting Remaining Spots:  62%|██████▏   | 593/951 [05:30<02:57,  2.02it/s]Deconvoluting Remaining Spots:  62%|██████▏   | 594/951 [05:30<03:17,  1.81it/s]Deconvoluting Remaining Spots:  63%|██████▎   | 595/951 [05:31<02:51,  2.08it/s]Deconvoluting Remaining Spots:  63%|██████▎   | 596/951 [05:31<02:58,  1.99it/s]Deconvoluting Remaining Spots:  63%|██████▎   | 597/951 [05:32<02:55,  2.01it/s]Deconvoluting Remaining Spots:  63%|██████▎   | 598/951 [05:33<03:46,  1.56it/s]Deconvoluting Remaining Spots:  63%|██████▎   | 599/951 [05:33<02:56,  2.00it/s]Deconvoluting Remaining Spots:  63%|██████▎   | 600/951 [05:33<02:51,  2.05it/s]2026-02-18 16:23:34,559 - root - INFO - Saved checkpoint after 600 completed spots
Deconvoluting Remaining Spots:  63%|██████▎   | 601/951 [05:44<21:47,  3.74s/it]Deconvoluting Remaining Spots:  65%|██████▌   | 621/951 [05:45<02:16,  2.41it/s]Deconvoluting Remaining Spots:  66%|██████▌   | 623/951 [05:46<02:19,  2.35it/s]Deconvoluting Remaining Spots:  66%|██████▌   | 624/951 [05:47<02:19,  2.34it/s]Deconvoluting Remaining Spots:  66%|██████▌   | 625/951 [05:47<02:22,  2.29it/s]Deconvoluting Remaining Spots:  66%|██████▌   | 626/951 [05:48<02:24,  2.24it/s]Deconvoluting Remaining Spots:  66%|██████▌   | 627/951 [05:48<02:28,  2.18it/s]Deconvoluting Remaining Spots:  66%|██████▌   | 628/951 [05:49<02:35,  2.08it/s]Deconvoluting Remaining Spots:  66%|██████▌   | 629/951 [05:49<02:41,  2.00it/s]Deconvoluting Remaining Spots:  66%|██████▌   | 630/951 [05:50<02:46,  1.93it/s]Deconvoluting Remaining Spots:  66%|██████▋   | 631/951 [05:50<02:46,  1.92it/s]Deconvoluting Remaining Spots:  66%|██████▋   | 632/951 [05:51<02:49,  1.88it/s]Deconvoluting Remaining Spots:  67%|██████▋   | 633/951 [05:52<03:02,  1.74it/s]Deconvoluting Remaining Spots:  67%|██████▋   | 634/951 [05:52<03:04,  1.72it/s]Deconvoluting Remaining Spots:  67%|██████▋   | 635/951 [05:53<02:56,  1.79it/s]Deconvoluting Remaining Spots:  67%|██████▋   | 636/951 [05:53<02:43,  1.93it/s]Deconvoluting Remaining Spots:  67%|██████▋   | 637/951 [05:54<02:37,  2.00it/s]Deconvoluting Remaining Spots:  67%|██████▋   | 638/951 [05:54<02:44,  1.90it/s]Deconvoluting Remaining Spots:  67%|██████▋   | 639/951 [05:55<02:45,  1.89it/s]Deconvoluting Remaining Spots:  67%|██████▋   | 640/951 [05:55<03:03,  1.70it/s]Deconvoluting Remaining Spots:  67%|██████▋   | 641/951 [05:56<02:37,  1.97it/s]Deconvoluting Remaining Spots:  68%|██████▊   | 642/951 [05:56<02:42,  1.90it/s]Deconvoluting Remaining Spots:  68%|██████▊   | 643/951 [05:57<02:27,  2.09it/s]Deconvoluting Remaining Spots:  68%|██████▊   | 644/951 [05:57<02:25,  2.11it/s]Deconvoluting Remaining Spots:  68%|██████▊   | 645/951 [05:58<02:34,  1.98it/s]Deconvoluting Remaining Spots:  68%|██████▊   | 646/951 [05:58<02:35,  1.97it/s]Deconvoluting Remaining Spots:  68%|██████▊   | 647/951 [05:59<02:43,  1.86it/s]Deconvoluting Remaining Spots:  68%|██████▊   | 648/951 [05:59<02:41,  1.87it/s]Deconvoluting Remaining Spots:  68%|██████▊   | 649/951 [06:00<02:57,  1.70it/s]Deconvoluting Remaining Spots:  68%|██████▊   | 650/951 [06:01<02:59,  1.68it/s]Deconvoluting Remaining Spots:  68%|██████▊   | 651/951 [06:01<02:40,  1.87it/s]Deconvoluting Remaining Spots:  69%|██████▊   | 652/951 [06:02<02:40,  1.86it/s]Deconvoluting Remaining Spots:  69%|██████▊   | 653/951 [06:03<03:21,  1.48it/s]Deconvoluting Remaining Spots:  69%|██████▉   | 654/951 [06:04<03:39,  1.35it/s]Deconvoluting Remaining Spots:  69%|██████▉   | 655/951 [06:04<03:00,  1.64it/s]Deconvoluting Remaining Spots:  69%|██████▉   | 657/951 [06:04<02:11,  2.24it/s]Deconvoluting Remaining Spots:  69%|██████▉   | 658/951 [06:05<02:16,  2.15it/s]Deconvoluting Remaining Spots:  69%|██████▉   | 659/951 [06:05<02:25,  2.01it/s]Deconvoluting Remaining Spots:  69%|██████▉   | 660/951 [06:06<02:20,  2.07it/s]Deconvoluting Remaining Spots:  70%|██████▉   | 661/951 [06:06<02:21,  2.04it/s]Deconvoluting Remaining Spots:  70%|██████▉   | 662/951 [06:07<02:24,  2.00it/s]Deconvoluting Remaining Spots:  70%|██████▉   | 663/951 [06:07<02:26,  1.96it/s]Deconvoluting Remaining Spots:  70%|██████▉   | 664/951 [06:08<02:57,  1.62it/s]Deconvoluting Remaining Spots:  70%|██████▉   | 665/951 [06:08<02:17,  2.08it/s]Deconvoluting Remaining Spots:  70%|███████   | 666/951 [06:09<02:32,  1.87it/s]Deconvoluting Remaining Spots:  70%|███████   | 667/951 [06:09<02:11,  2.16it/s]Deconvoluting Remaining Spots:  70%|███████   | 668/951 [06:10<02:33,  1.85it/s]Deconvoluting Remaining Spots:  70%|███████   | 669/951 [06:11<03:01,  1.56it/s]Deconvoluting Remaining Spots:  70%|███████   | 670/951 [06:12<02:56,  1.59it/s]Deconvoluting Remaining Spots:  71%|███████   | 671/951 [06:12<02:50,  1.64it/s]Deconvoluting Remaining Spots:  71%|███████   | 672/951 [06:13<02:43,  1.70it/s]Deconvoluting Remaining Spots:  71%|███████   | 673/951 [06:13<02:25,  1.92it/s]Deconvoluting Remaining Spots:  71%|███████   | 674/951 [06:14<02:13,  2.08it/s]Deconvoluting Remaining Spots:  71%|███████   | 675/951 [06:14<02:17,  2.01it/s]Deconvoluting Remaining Spots:  71%|███████   | 676/951 [06:15<02:22,  1.94it/s]Deconvoluting Remaining Spots:  71%|███████   | 677/951 [06:15<02:25,  1.89it/s]Deconvoluting Remaining Spots:  71%|███████▏  | 678/951 [06:16<02:23,  1.90it/s]Deconvoluting Remaining Spots:  71%|███████▏  | 679/951 [06:16<02:21,  1.93it/s]Deconvoluting Remaining Spots:  72%|███████▏  | 680/951 [06:17<02:34,  1.76it/s]Deconvoluting Remaining Spots:  72%|███████▏  | 681/951 [06:17<02:23,  1.89it/s]Deconvoluting Remaining Spots:  72%|███████▏  | 682/951 [06:18<02:33,  1.76it/s]Deconvoluting Remaining Spots:  72%|███████▏  | 683/951 [06:18<02:08,  2.08it/s]Deconvoluting Remaining Spots:  72%|███████▏  | 684/951 [06:19<02:16,  1.95it/s]Deconvoluting Remaining Spots:  72%|███████▏  | 685/951 [06:20<02:33,  1.73it/s]Deconvoluting Remaining Spots:  72%|███████▏  | 686/951 [06:20<02:36,  1.69it/s]Deconvoluting Remaining Spots:  72%|███████▏  | 687/951 [06:21<02:17,  1.92it/s]Deconvoluting Remaining Spots:  72%|███████▏  | 688/951 [06:21<02:20,  1.87it/s]Deconvoluting Remaining Spots:  72%|███████▏  | 689/951 [06:22<02:16,  1.92it/s]Deconvoluting Remaining Spots:  73%|███████▎  | 690/951 [06:22<02:24,  1.80it/s]Deconvoluting Remaining Spots:  73%|███████▎  | 691/951 [06:23<02:54,  1.49it/s]Deconvoluting Remaining Spots:  73%|███████▎  | 692/951 [06:23<02:11,  1.97it/s]Deconvoluting Remaining Spots:  73%|███████▎  | 693/951 [06:24<02:05,  2.06it/s]Deconvoluting Remaining Spots:  73%|███████▎  | 694/951 [06:24<02:08,  2.01it/s]Deconvoluting Remaining Spots:  73%|███████▎  | 695/951 [06:25<02:08,  1.99it/s]Deconvoluting Remaining Spots:  73%|███████▎  | 696/951 [06:25<02:06,  2.02it/s]Deconvoluting Remaining Spots:  73%|███████▎  | 697/951 [06:26<02:12,  1.91it/s]Deconvoluting Remaining Spots:  73%|███████▎  | 698/951 [06:26<01:58,  2.14it/s]Deconvoluting Remaining Spots:  74%|███████▎  | 699/951 [06:27<02:02,  2.06it/s]Deconvoluting Remaining Spots:  74%|███████▎  | 700/951 [06:27<02:12,  1.89it/s]2026-02-18 16:24:30,909 - root - INFO - Saved checkpoint after 700 completed spots
Deconvoluting Remaining Spots:  74%|███████▎  | 701/951 [06:41<18:25,  4.42s/it]Deconvoluting Remaining Spots:  76%|███████▌  | 725/951 [06:42<01:35,  2.38it/s]Deconvoluting Remaining Spots:  76%|███████▋  | 727/951 [06:42<01:33,  2.38it/s]Deconvoluting Remaining Spots:  77%|███████▋  | 728/951 [06:43<01:34,  2.36it/s]Deconvoluting Remaining Spots:  77%|███████▋  | 729/951 [06:43<01:34,  2.35it/s]Deconvoluting Remaining Spots:  77%|███████▋  | 730/951 [06:44<01:39,  2.23it/s]Deconvoluting Remaining Spots:  77%|███████▋  | 731/951 [06:44<01:39,  2.20it/s]Deconvoluting Remaining Spots:  77%|███████▋  | 732/951 [06:45<01:48,  2.01it/s]Deconvoluting Remaining Spots:  77%|███████▋  | 733/951 [06:46<01:51,  1.96it/s]Deconvoluting Remaining Spots:  77%|███████▋  | 734/951 [06:47<02:05,  1.73it/s]Deconvoluting Remaining Spots:  77%|███████▋  | 735/951 [06:47<02:12,  1.63it/s]Deconvoluting Remaining Spots:  77%|███████▋  | 736/951 [06:48<02:01,  1.77it/s]Deconvoluting Remaining Spots:  77%|███████▋  | 737/951 [06:48<01:58,  1.80it/s]Deconvoluting Remaining Spots:  78%|███████▊  | 738/951 [06:49<02:01,  1.75it/s]Deconvoluting Remaining Spots:  78%|███████▊  | 739/951 [06:50<02:08,  1.64it/s]Deconvoluting Remaining Spots:  78%|███████▊  | 740/951 [06:50<02:03,  1.71it/s]Deconvoluting Remaining Spots:  78%|███████▊  | 741/951 [06:50<01:49,  1.92it/s]Deconvoluting Remaining Spots:  78%|███████▊  | 742/951 [06:51<02:03,  1.70it/s]Deconvoluting Remaining Spots:  78%|███████▊  | 743/951 [06:52<02:02,  1.70it/s]Deconvoluting Remaining Spots:  78%|███████▊  | 744/951 [06:52<01:47,  1.92it/s]Deconvoluting Remaining Spots:  78%|███████▊  | 745/951 [06:53<01:41,  2.03it/s]Deconvoluting Remaining Spots:  78%|███████▊  | 746/951 [06:53<01:47,  1.91it/s]Deconvoluting Remaining Spots:  79%|███████▊  | 747/951 [06:54<01:45,  1.93it/s]Deconvoluting Remaining Spots:  79%|███████▊  | 748/951 [06:54<01:45,  1.92it/s]Deconvoluting Remaining Spots:  79%|███████▉  | 749/951 [06:55<01:47,  1.88it/s]Deconvoluting Remaining Spots:  79%|███████▉  | 750/951 [06:55<01:44,  1.93it/s]Deconvoluting Remaining Spots:  79%|███████▉  | 751/951 [06:56<01:49,  1.83it/s]Deconvoluting Remaining Spots:  79%|███████▉  | 752/951 [06:56<01:48,  1.83it/s]Deconvoluting Remaining Spots:  79%|███████▉  | 753/951 [06:57<02:15,  1.46it/s]Deconvoluting Remaining Spots:  79%|███████▉  | 755/951 [06:58<01:37,  2.02it/s]Deconvoluting Remaining Spots:  79%|███████▉  | 756/951 [06:58<01:32,  2.11it/s]Deconvoluting Remaining Spots:  80%|███████▉  | 757/951 [06:59<01:35,  2.04it/s]Deconvoluting Remaining Spots:  80%|███████▉  | 758/951 [07:00<01:45,  1.83it/s]Deconvoluting Remaining Spots:  80%|███████▉  | 759/951 [07:00<01:37,  1.97it/s]Deconvoluting Remaining Spots:  80%|███████▉  | 760/951 [07:01<01:38,  1.94it/s]Deconvoluting Remaining Spots:  80%|████████  | 761/951 [07:01<01:47,  1.76it/s]Deconvoluting Remaining Spots:  80%|████████  | 762/951 [07:02<01:43,  1.82it/s]Deconvoluting Remaining Spots:  80%|████████  | 763/951 [07:03<02:06,  1.48it/s]Deconvoluting Remaining Spots:  80%|████████  | 765/951 [07:03<01:37,  1.92it/s]Deconvoluting Remaining Spots:  81%|████████  | 766/951 [07:04<01:33,  1.97it/s]Deconvoluting Remaining Spots:  81%|████████  | 767/951 [07:04<01:29,  2.05it/s]Deconvoluting Remaining Spots:  81%|████████  | 768/951 [07:05<01:41,  1.80it/s]Deconvoluting Remaining Spots:  81%|████████  | 769/951 [07:06<01:41,  1.80it/s]Deconvoluting Remaining Spots:  81%|████████  | 770/951 [07:06<01:38,  1.83it/s]Deconvoluting Remaining Spots:  81%|████████  | 771/951 [07:07<01:39,  1.80it/s]Deconvoluting Remaining Spots:  81%|████████  | 772/951 [07:07<01:34,  1.89it/s]Deconvoluting Remaining Spots:  81%|████████▏ | 773/951 [07:08<01:36,  1.84it/s]Deconvoluting Remaining Spots:  81%|████████▏ | 774/951 [07:08<01:35,  1.85it/s]Deconvoluting Remaining Spots:  81%|████████▏ | 775/951 [07:09<01:33,  1.89it/s]Deconvoluting Remaining Spots:  82%|████████▏ | 776/951 [07:09<01:28,  1.97it/s]Deconvoluting Remaining Spots:  82%|████████▏ | 777/951 [07:10<01:31,  1.89it/s]Deconvoluting Remaining Spots:  82%|████████▏ | 778/951 [07:10<01:37,  1.77it/s]Deconvoluting Remaining Spots:  82%|████████▏ | 779/951 [07:11<01:35,  1.81it/s]Deconvoluting Remaining Spots:  82%|████████▏ | 780/951 [07:12<01:40,  1.71it/s]Deconvoluting Remaining Spots:  82%|████████▏ | 781/951 [07:12<01:36,  1.76it/s]Deconvoluting Remaining Spots:  82%|████████▏ | 782/951 [07:13<01:33,  1.81it/s]Deconvoluting Remaining Spots:  82%|████████▏ | 783/951 [07:13<01:23,  2.01it/s]Deconvoluting Remaining Spots:  82%|████████▏ | 784/951 [07:14<01:24,  1.98it/s]Deconvoluting Remaining Spots:  83%|████████▎ | 785/951 [07:14<01:20,  2.05it/s]Deconvoluting Remaining Spots:  83%|████████▎ | 786/951 [07:15<01:22,  2.00it/s]Deconvoluting Remaining Spots:  83%|████████▎ | 787/951 [07:15<01:23,  1.96it/s]Deconvoluting Remaining Spots:  83%|████████▎ | 788/951 [07:16<01:21,  2.00it/s]Deconvoluting Remaining Spots:  83%|████████▎ | 789/951 [07:16<01:20,  2.01it/s]Deconvoluting Remaining Spots:  83%|████████▎ | 790/951 [07:17<01:21,  1.97it/s]Deconvoluting Remaining Spots:  83%|████████▎ | 791/951 [07:17<01:27,  1.82it/s]Deconvoluting Remaining Spots:  83%|████████▎ | 792/951 [07:18<01:25,  1.86it/s]Deconvoluting Remaining Spots:  83%|████████▎ | 793/951 [07:18<01:32,  1.71it/s]Deconvoluting Remaining Spots:  83%|████████▎ | 794/951 [07:19<01:30,  1.74it/s]Deconvoluting Remaining Spots:  84%|████████▎ | 795/951 [07:19<01:22,  1.90it/s]Deconvoluting Remaining Spots:  84%|████████▎ | 796/951 [07:20<01:29,  1.73it/s]Deconvoluting Remaining Spots:  84%|████████▍ | 797/951 [07:20<01:13,  2.08it/s]Deconvoluting Remaining Spots:  84%|████████▍ | 798/951 [07:21<01:17,  1.97it/s]Deconvoluting Remaining Spots:  84%|████████▍ | 799/951 [07:21<01:18,  1.94it/s]Deconvoluting Remaining Spots:  84%|████████▍ | 800/951 [07:22<01:31,  1.65it/s]2026-02-18 16:25:27,690 - root - INFO - Saved checkpoint after 800 completed spots
Deconvoluting Remaining Spots:  84%|████████▍ | 801/951 [07:38<12:32,  5.02s/it]Deconvoluting Remaining Spots:  87%|████████▋ | 829/951 [07:38<00:48,  2.49it/s]Deconvoluting Remaining Spots:  87%|████████▋ | 831/951 [07:39<00:49,  2.40it/s]Deconvoluting Remaining Spots:  88%|████████▊ | 833/951 [07:40<00:50,  2.34it/s]Deconvoluting Remaining Spots:  88%|████████▊ | 835/951 [07:41<00:52,  2.21it/s]Deconvoluting Remaining Spots:  88%|████████▊ | 836/951 [07:42<00:56,  2.04it/s]Deconvoluting Remaining Spots:  88%|████████▊ | 837/951 [07:42<00:50,  2.24it/s]Deconvoluting Remaining Spots:  88%|████████▊ | 838/951 [07:43<00:52,  2.14it/s]Deconvoluting Remaining Spots:  88%|████████▊ | 839/951 [07:44<00:52,  2.12it/s]Deconvoluting Remaining Spots:  88%|████████▊ | 840/951 [07:44<00:57,  1.92it/s]Deconvoluting Remaining Spots:  88%|████████▊ | 841/951 [07:45<00:55,  1.97it/s]Deconvoluting Remaining Spots:  89%|████████▊ | 842/951 [07:45<00:57,  1.91it/s]Deconvoluting Remaining Spots:  89%|████████▊ | 843/951 [07:46<00:55,  1.94it/s]Deconvoluting Remaining Spots:  89%|████████▊ | 844/951 [07:46<00:54,  1.95it/s]Deconvoluting Remaining Spots:  89%|████████▉ | 845/951 [07:47<00:54,  1.95it/s]Deconvoluting Remaining Spots:  89%|████████▉ | 846/951 [07:47<00:54,  1.91it/s]Deconvoluting Remaining Spots:  89%|████████▉ | 847/951 [07:48<00:52,  1.99it/s]Deconvoluting Remaining Spots:  89%|████████▉ | 848/951 [07:48<00:53,  1.93it/s]Deconvoluting Remaining Spots:  89%|████████▉ | 849/951 [07:49<01:08,  1.48it/s]Deconvoluting Remaining Spots:  89%|████████▉ | 850/951 [07:50<01:05,  1.54it/s]Deconvoluting Remaining Spots:  89%|████████▉ | 851/951 [07:51<01:01,  1.63it/s]Deconvoluting Remaining Spots:  90%|████████▉ | 853/951 [07:51<00:44,  2.20it/s]Deconvoluting Remaining Spots:  90%|████████▉ | 854/951 [07:52<00:48,  2.01it/s]Deconvoluting Remaining Spots:  90%|████████▉ | 855/951 [07:52<00:48,  1.99it/s]Deconvoluting Remaining Spots:  90%|█████████ | 856/951 [07:53<00:47,  1.99it/s]Deconvoluting Remaining Spots:  90%|█████████ | 857/951 [07:54<00:54,  1.73it/s]Deconvoluting Remaining Spots:  90%|█████████ | 858/951 [07:54<00:42,  2.17it/s]Deconvoluting Remaining Spots:  90%|█████████ | 859/951 [07:54<00:44,  2.07it/s]Deconvoluting Remaining Spots:  90%|█████████ | 860/951 [07:55<00:47,  1.93it/s]Deconvoluting Remaining Spots:  91%|█████████ | 861/951 [07:55<00:47,  1.89it/s]Deconvoluting Remaining Spots:  91%|█████████ | 862/951 [07:56<00:48,  1.83it/s]Deconvoluting Remaining Spots:  91%|█████████ | 863/951 [07:57<00:48,  1.82it/s]Deconvoluting Remaining Spots:  91%|█████████ | 864/951 [07:57<00:49,  1.77it/s]Deconvoluting Remaining Spots:  91%|█████████ | 865/951 [07:58<00:51,  1.68it/s]Deconvoluting Remaining Spots:  91%|█████████ | 866/951 [07:58<00:49,  1.72it/s]Deconvoluting Remaining Spots:  91%|█████████ | 867/951 [07:59<00:50,  1.68it/s]Deconvoluting Remaining Spots:  91%|█████████▏| 868/951 [08:00<00:49,  1.67it/s]Deconvoluting Remaining Spots:  91%|█████████▏| 869/951 [08:00<00:42,  1.91it/s]Deconvoluting Remaining Spots:  91%|█████████▏| 870/951 [08:01<00:48,  1.68it/s]Deconvoluting Remaining Spots:  92%|█████████▏| 871/951 [08:01<00:37,  2.16it/s]Deconvoluting Remaining Spots:  92%|█████████▏| 872/951 [08:01<00:40,  1.93it/s]Deconvoluting Remaining Spots:  92%|█████████▏| 873/951 [08:02<00:37,  2.05it/s]Deconvoluting Remaining Spots:  92%|█████████▏| 874/951 [08:02<00:39,  1.97it/s]Deconvoluting Remaining Spots:  92%|█████████▏| 875/951 [08:03<00:40,  1.87it/s]Deconvoluting Remaining Spots:  92%|█████████▏| 876/951 [08:04<00:38,  1.94it/s]Deconvoluting Remaining Spots:  92%|█████████▏| 877/951 [08:04<00:40,  1.82it/s]Deconvoluting Remaining Spots:  92%|█████████▏| 878/951 [08:05<00:38,  1.88it/s]Deconvoluting Remaining Spots:  92%|█████████▏| 879/951 [08:05<00:37,  1.94it/s]Deconvoluting Remaining Spots:  93%|█████████▎| 880/951 [08:06<00:36,  1.95it/s]Deconvoluting Remaining Spots:  93%|█████████▎| 881/951 [08:06<00:35,  1.98it/s]Deconvoluting Remaining Spots:  93%|█████████▎| 882/951 [08:07<00:35,  1.92it/s]Deconvoluting Remaining Spots:  93%|█████████▎| 883/951 [08:07<00:36,  1.85it/s]Deconvoluting Remaining Spots:  93%|█████████▎| 884/951 [08:08<00:33,  1.98it/s]Deconvoluting Remaining Spots:  93%|█████████▎| 885/951 [08:09<00:40,  1.64it/s]Deconvoluting Remaining Spots:  93%|█████████▎| 886/951 [08:09<00:38,  1.69it/s]Deconvoluting Remaining Spots:  93%|█████████▎| 887/951 [08:10<00:37,  1.72it/s]Deconvoluting Remaining Spots:  93%|█████████▎| 888/951 [08:10<00:32,  1.92it/s]Deconvoluting Remaining Spots:  93%|█████████▎| 889/951 [08:11<00:31,  1.96it/s]Deconvoluting Remaining Spots:  94%|█████████▎| 890/951 [08:11<00:29,  2.09it/s]Deconvoluting Remaining Spots:  94%|█████████▎| 891/951 [08:12<00:31,  1.93it/s]Deconvoluting Remaining Spots:  94%|█████████▍| 892/951 [08:12<00:31,  1.85it/s]Deconvoluting Remaining Spots:  94%|█████████▍| 893/951 [08:13<00:38,  1.52it/s]Deconvoluting Remaining Spots:  94%|█████████▍| 894/951 [08:14<00:33,  1.68it/s]Deconvoluting Remaining Spots:  94%|█████████▍| 895/951 [08:14<00:27,  2.04it/s]Deconvoluting Remaining Spots:  94%|█████████▍| 896/951 [08:14<00:26,  2.10it/s]Deconvoluting Remaining Spots:  94%|█████████▍| 897/951 [08:15<00:26,  2.00it/s]Deconvoluting Remaining Spots:  94%|█████████▍| 898/951 [08:15<00:28,  1.89it/s]Deconvoluting Remaining Spots:  95%|█████████▍| 899/951 [08:16<00:27,  1.89it/s]Deconvoluting Remaining Spots:  95%|█████████▍| 900/951 [08:16<00:25,  2.04it/s]2026-02-18 16:26:23,301 - root - INFO - Saved checkpoint after 900 completed spots
Deconvoluting Remaining Spots:  95%|█████████▍| 901/951 [08:33<04:31,  5.43s/it]Deconvoluting Remaining Spots:  98%|█████████▊| 931/951 [08:33<00:07,  2.52it/s]Deconvoluting Remaining Spots:  99%|█████████▊| 938/951 [08:37<00:05,  2.29it/s]Deconvoluting Remaining Spots:  99%|█████████▉| 943/951 [08:40<00:03,  2.15it/s]Deconvoluting Remaining Spots: 100%|█████████▉| 947/951 [08:42<00:01,  2.12it/s]Deconvoluting Remaining Spots: 100%|█████████▉| 950/951 [08:44<00:00,  2.08it/s]Deconvoluting Remaining Spots: 100%|██████████| 951/951 [08:44<00:00,  1.81it/s]
2026-02-18 16:26:49,999 - root - INFO - Saved final results with 951 completed spots
2026-02-18 16:27:02,263 - root - INFO - Saved profiles to Benchmarking/simulation_benchmarking/CITEgeist/output_discrete_nuclei_clr/mixed/dapi/mixed/dapi/Wu_rep_0/Wu_rep_0_gene_expression_pass1.parquet with cell types: ['B-cells', 'CAFs', 'Cancer Epithelial', 'Endothelial', 'Myeloid', 'Normal Epithelial', 'PVL', 'Plasmablasts', 'T-cells']
2026-02-18 16:27:06,286 - root - INFO - Successfully added layer: B-cells_genes_pass1
2026-02-18 16:27:06,795 - root - INFO - Successfully added layer: Myeloid_genes_pass1
2026-02-18 16:27:07,302 - root - INFO - Successfully added layer: Endothelial_genes_pass1
2026-02-18 16:27:07,810 - root - INFO - Successfully added layer: Normal_Epithelial_genes_pass1
2026-02-18 16:27:08,323 - root - INFO - Successfully added layer: Plasmablasts_genes_pass1
2026-02-18 16:27:08,832 - root - INFO - Successfully added layer: PVL_genes_pass1
2026-02-18 16:27:09,340 - root - INFO - Successfully added layer: Cancer_Epithelial_genes_pass1
2026-02-18 16:27:09,847 - root - INFO - Successfully added layer: T-cells_genes_pass1
2026-02-18 16:27:10,355 - root - INFO - Successfully added layer: CAFs_genes_pass1
2026-02-18 16:27:36,887 - root - INFO - Exported layer 'B-cells_genes_pass1' to 'Benchmarking/simulation_benchmarking/CITEgeist/output_discrete_nuclei_clr/mixed/dapi/mixed/dapi/Wu_rep_0/Wu_rep_0_pass1/layers/pass1/B-cells_layer_pass1.csv'
2026-02-18 16:28:03,376 - root - INFO - Exported layer 'Myeloid_genes_pass1' to 'Benchmarking/simulation_benchmarking/CITEgeist/output_discrete_nuclei_clr/mixed/dapi/mixed/dapi/Wu_rep_0/Wu_rep_0_pass1/layers/pass1/Myeloid_layer_pass1.csv'
2026-02-18 16:28:29,940 - root - INFO - Exported layer 'Endothelial_genes_pass1' to 'Benchmarking/simulation_benchmarking/CITEgeist/output_discrete_nuclei_clr/mixed/dapi/mixed/dapi/Wu_rep_0/Wu_rep_0_pass1/layers/pass1/Endothelial_layer_pass1.csv'
2026-02-18 16:28:56,423 - root - INFO - Exported layer 'Normal_Epithelial_genes_pass1' to 'Benchmarking/simulation_benchmarking/CITEgeist/output_discrete_nuclei_clr/mixed/dapi/mixed/dapi/Wu_rep_0/Wu_rep_0_pass1/layers/pass1/Normal_Epithelial_layer_pass1.csv'
2026-02-18 16:29:23,018 - root - INFO - Exported layer 'Plasmablasts_genes_pass1' to 'Benchmarking/simulation_benchmarking/CITEgeist/output_discrete_nuclei_clr/mixed/dapi/mixed/dapi/Wu_rep_0/Wu_rep_0_pass1/layers/pass1/Plasmablasts_layer_pass1.csv'
2026-02-18 16:29:49,533 - root - INFO - Exported layer 'PVL_genes_pass1' to 'Benchmarking/simulation_benchmarking/CITEgeist/output_discrete_nuclei_clr/mixed/dapi/mixed/dapi/Wu_rep_0/Wu_rep_0_pass1/layers/pass1/PVL_layer_pass1.csv'
2026-02-18 16:30:16,032 - root - INFO - Exported layer 'Cancer_Epithelial_genes_pass1' to 'Benchmarking/simulation_benchmarking/CITEgeist/output_discrete_nuclei_clr/mixed/dapi/mixed/dapi/Wu_rep_0/Wu_rep_0_pass1/layers/pass1/Cancer_Epithelial_layer_pass1.csv'
2026-02-18 16:30:42,335 - root - INFO - Exported layer 'T-cells_genes_pass1' to 'Benchmarking/simulation_benchmarking/CITEgeist/output_discrete_nuclei_clr/mixed/dapi/mixed/dapi/Wu_rep_0/Wu_rep_0_pass1/layers/pass1/T-cells_layer_pass1.csv'
2026-02-18 16:31:08,307 - root - INFO - Exported layer 'CAFs_genes_pass1' to 'Benchmarking/simulation_benchmarking/CITEgeist/output_discrete_nuclei_clr/mixed/dapi/mixed/dapi/Wu_rep_0/Wu_rep_0_pass1/layers/pass1/CAFs_layer_pass1.csv'
2026-02-18 16:31:08,307 - __main__ - INFO - GEX deconvolution completed in 799.8s
2026-02-18 16:35:01,790 - __main__ - INFO - Exported 9 cell type layers to Benchmarking/simulation_benchmarking/CITEgeist/output_discrete_nuclei_clr/mixed/dapi/mixed/dapi/Wu_rep_0/layers
2026-02-18 16:35:01,804 - __main__ - INFO - Comparing against ground truth GEX: /ix1/alee/LO_LAB/Personal/Brent_Schlegel/bts76/Projects/CITEgeist/Wu_Visium/Simulations/scCube_12k/replicates/mixed/ST_GEX_sim/sample_0/layers
2026-02-18 16:37:23,219 - __main__ - INFO - GEX Average RMSE: 0.1499
2026-02-18 16:37:23,219 - __main__ - INFO - GEX Average NRMSE: 0.0206
2026-02-18 16:37:23,234 - __main__ - INFO - Results saved to Benchmarking/simulation_benchmarking/CITEgeist/output_discrete_nuclei_clr/mixed/dapi/mixed/dapi/Wu_rep_0
