2026-02-17 21:30:01,351 - __main__ - INFO - ============================================================
2026-02-17 21:30:01,351 - __main__ - INFO - BENCHMARK: replicate=3, condition=high_seg, mode=dapi
2026-02-17 21:30:01,351 - __main__ - INFO - ============================================================
2026-02-17 21:30:01,351 - __main__ - INFO - Loading image: /ix1/alee/LO_LAB/Personal/Alexander_Chang/alc376/CITEgeist/Benchmarking/simulation_benchmarking/CITEgeist/high_seg/images/dapi/Wu_rep_3_cellpose.png
2026-02-17 21:30:01,891 - __main__ - INFO - Image shape: (8000, 8000, 3)
2026-02-17 21:30:01,892 - __main__ - INFO - Running Cellpose with model_type=nuclei
2026-02-17 21:30:03,618 - cellpose.models - WARNING - model_type argument is not used in v4.0.1+. Ignoring this argument...
2026-02-17 21:30:03,619 - cellpose.core - INFO - >>>> using CPU
2026-02-17 21:30:03,619 - cellpose.core - INFO - >>>> using CPU
2026-02-17 21:30:04,360 - cellpose.models - INFO - >>>> loading model /ihome/alee/alc376/.cellpose/models/cpsam
2026-02-17 21:30:04,548 - cellpose.models - WARNING - channels deprecated in v4.0.1+. If data contain more than 3 channels, only the first 3 channels will be used
2026-02-17 21:30:04,564 - cellpose.transforms - INFO - processing image with (8000, 8000) HW, and 3 channels
2026-02-17 21:36:18,110 - __main__ - INFO - Detected 4897 nuclei in 376.2s
2026-02-17 21:36:18,175 - __main__ - INFO - Nuclei count correlation: 0.987
2026-02-17 21:36:18,175 - __main__ - INFO - Nuclei count RMSE: 0.44
2026-02-17 21:36:18,176 - __main__ - INFO - Loading h5ad files...
2026-02-17 21:36:18,834 - root - INFO - Logging initialized.
2026-02-17 21:36:18,841 - root - INFO - Discrete antibody preprocessing complete: Row sums range [30.91, 45.72], mean=38.17, std=2.69
2026-02-17 21:36:18,979 - root - INFO - Normalization stats:
2026-02-17 21:36:18,979 - root - INFO - Original median total: 18749046221.50
2026-02-17 21:36:18,985 - root - INFO - Mean scaled total: 9978.09
2026-02-17 21:36:18,991 - root - INFO - Max scaled value: 10000.00
2026-02-17 21:36:19,053 - root - INFO - Gene expression data normalized to 10000 counts per spot and validated for discrete count analysis.
2026-02-17 21:36:19,055 - root - INFO - Mapped 18 markers to 9 cell types (preserving marker-level data)
2026-02-17 21:36:19,055 - root - INFO - Running discrete cell assignment: 956 spots, 18 markers, 9 cell types
2026-02-17 21:36:19,055 - root - INFO - Total nuclei: 4897, mean per spot: 5.12
2026-02-17 21:36:19,055 - root - INFO - Discrete cell assignment EM: 956 spots, 18 markers, 9 cell types
2026-02-17 21:36:19,055 - root - INFO - Total nuclei: 4897, mean per spot: 5.12
2026-02-17 21:36:19,055 - root - INFO - 
=== EM Iteration 1/10 ===
2026-02-17 21:36:19,055 - root - INFO - Global IQP: 956 spots x 9 cell types = 8604 integer variables
2026-02-17 21:36:19,055 - root - INFO - Time limit: 600.0s, MIP gap: 5.0%
2026-02-17 21:36:19,085 - gurobipy - INFO - Set parameter LicenseID to value 276015
2026-02-17 21:36:19,085 - gurobipy - INFO - Set parameter GURO_PAR_SPECIAL
2026-02-17 21:36:19,085 - gurobipy - INFO - Set parameter TokenServer to value "license.crc.pitt.edu"
2026-02-17 21:36:19,114 - gurobipy - INFO - Set parameter TimeLimit to value 600
2026-02-17 21:36:19,114 - gurobipy - INFO - Set parameter MIPGap to value 0.05
2026-02-17 21:36:19,902 - root - INFO - Starting global IQP optimization...
2026-02-17 21:36:19,903 - gurobipy - INFO - Gurobi Optimizer version 11.0.2 build v11.0.2rc0 (linux64 - "Red Hat Enterprise Linux 9.6 (Plow)")
2026-02-17 21:36:19,903 - gurobipy - INFO - 
2026-02-17 21:36:19,903 - gurobipy - INFO - CPU model: AMD EPYC 9575F 64-Core Processor, instruction set [SSE2|AVX|AVX2|AVX512]
2026-02-17 21:36:19,903 - gurobipy - INFO - Thread count: 128 physical cores, 128 logical processors, using up to 32 threads
2026-02-17 21:36:19,903 - gurobipy - INFO - 
2026-02-17 21:36:19,903 - gurobipy - INFO - Optimize a model with 932 rows, 8604 columns and 8388 nonzeros
2026-02-17 21:36:19,903 - gurobipy - INFO - Model fingerprint: 0xe994336a
2026-02-17 21:36:19,903 - gurobipy - INFO - Model has 8604 quadratic objective terms
2026-02-17 21:36:19,903 - gurobipy - INFO - Variable types: 0 continuous, 8604 integer (0 binary)
2026-02-17 21:36:19,903 - gurobipy - INFO - Coefficient statistics:
2026-02-17 21:36:19,903 - gurobipy - INFO -   Matrix range     [1e+00, 1e+00]
2026-02-17 21:36:19,903 - gurobipy - INFO -   Objective range  [5e-02, 4e+00]
2026-02-17 21:36:19,903 - gurobipy - INFO -   QObjective range [4e+00, 4e+00]
2026-02-17 21:36:19,903 - gurobipy - INFO -   Bounds range     [1e+00, 2e+01]
2026-02-17 21:36:19,903 - gurobipy - INFO -   RHS range        [1e+00, 2e+01]
2026-02-17 21:36:19,904 - gurobipy - INFO - 
2026-02-17 21:36:19,904 - gurobipy - INFO - Loaded user MIP start with objective 8708.74
2026-02-17 21:36:19,904 - gurobipy - INFO - 
2026-02-17 21:36:25,593 - gurobipy - INFO - Presolve removed 776 rows and 7200 columns (presolve time = 6s) ...
2026-02-17 21:36:25,594 - gurobipy - INFO - Presolve removed 776 rows and 7200 columns
2026-02-17 21:36:25,594 - gurobipy - INFO - Presolve time: 5.69s
2026-02-17 21:36:25,594 - gurobipy - INFO - Presolved: 156 rows, 1404 columns, 1404 nonzeros
2026-02-17 21:36:25,594 - gurobipy - INFO - Presolved model has 1404 quadratic objective terms
2026-02-17 21:36:25,594 - gurobipy - INFO - Found heuristic solution: objective 7052.6465943
2026-02-17 21:36:25,594 - gurobipy - INFO - Variable types: 0 continuous, 1404 integer (0 binary)
2026-02-17 21:36:25,595 - gurobipy - INFO - Found heuristic solution: objective 6582.9807502
2026-02-17 21:36:25,596 - gurobipy - INFO - 
2026-02-17 21:36:25,596 - gurobipy - INFO - Root simplex log...
2026-02-17 21:36:25,596 - gurobipy - INFO - 
2026-02-17 21:36:25,596 - gurobipy - INFO - Iteration    Objective       Primal Inf.    Dual Inf.      Time
2026-02-17 21:36:25,596 - gurobipy - INFO -        0    5.4129853e+03   0.000000e+00   0.000000e+00      6s
2026-02-17 21:36:25,597 - gurobipy - INFO -      425    6.1652084e+03   0.000000e+00   0.000000e+00      6s
2026-02-17 21:36:25,597 - gurobipy - INFO - 
2026-02-17 21:36:25,597 - gurobipy - INFO - Root relaxation: objective 6.165208e+03, 425 iterations, 0.00 seconds (0.00 work units)
2026-02-17 21:36:25,598 - gurobipy - INFO - 
2026-02-17 21:36:25,598 - gurobipy - INFO -     Nodes    |    Current Node    |     Objective Bounds      |     Work
2026-02-17 21:36:25,598 - gurobipy - INFO -  Expl Unexpl |  Obj  Depth IntInf | Incumbent    BestBd   Gap | It/Node Time
2026-02-17 21:36:25,598 - gurobipy - INFO - 
2026-02-17 21:36:25,598 - gurobipy - INFO -      0     0 6165.20841    0 1400 6582.98075 6165.20841  6.35%     -    5s
2026-02-17 21:36:25,634 - gurobipy - INFO - H    0     0                    6562.6724608 6165.20841  6.06%     -    5s
2026-02-17 21:36:25,729 - gurobipy - INFO - H    0     0                    6562.2213148 6165.20841  6.05%     -    5s
2026-02-17 21:36:25,738 - gurobipy - INFO -      0     0 6165.36663    0 1400 6562.22131 6165.36663  6.05%     -    5s
2026-02-17 21:36:26,065 - gurobipy - INFO -      0     2 6165.36663    0 1400 6562.22131 6165.36663  6.05%     -    6s
2026-02-17 21:36:30,188 - gurobipy - INFO -  14493 14494 6364.12861  314 1400 6562.22131 6559.11096  0.05%   2.2   10s
2026-02-17 21:36:30,198 - gurobipy - INFO - 
2026-02-17 21:36:30,198 - gurobipy - INFO - Explored 14493 nodes (32086 simplex iterations) in 10.30 seconds (1.16 work units)
2026-02-17 21:36:30,198 - gurobipy - INFO - Thread count was 32 (of 128 available processors)
2026-02-17 21:36:30,198 - gurobipy - INFO - 
2026-02-17 21:36:30,198 - gurobipy - INFO - Solution count 7: 6562.22 6562.22 6562.24 ... 8708.74
2026-02-17 21:36:30,198 - gurobipy - INFO - 
2026-02-17 21:36:30,198 - gurobipy - INFO - Optimal solution found (tolerance 5.00e-02)
2026-02-17 21:36:30,198 - gurobipy - INFO - Best objective 6.562221314808e+03, best bound 6.559110960942e+03, gap 0.0474%
2026-02-17 21:36:30,212 - root - INFO - Global IQP solved: status=2, gap=0.05%, time=10.3s
/ix1/alee/LO_LAB/Personal/Alexander_Chang/alc376/CITEgeist/CITEgeist/model/gurobi_impl.py:3692: RuntimeWarning: invalid value encountered in scalar divide
  loss_change = abs(prev_loss - loss) / max(abs(prev_loss), 1e-10)
2026-02-17 21:36:30,252 - root - INFO -   Loss: 1116.2836 (change: nan)
2026-02-17 21:36:30,252 - root - INFO -   Beta range: [0.197, 0.389]
2026-02-17 21:36:30,252 - root - INFO -   Max beta change: 0.802635
2026-02-17 21:36:30,252 - root - INFO -   Cell count range: [0, 17]
2026-02-17 21:36:30,252 - root - INFO -     B-cells: 606 cells (12.4%)
2026-02-17 21:36:30,252 - root - INFO -     CAFs: 550 cells (11.2%)
2026-02-17 21:36:30,252 - root - INFO -     Cancer Epithelial: 483 cells (9.9%)
2026-02-17 21:36:30,252 - root - INFO -     Endothelial: 489 cells (10.0%)
2026-02-17 21:36:30,252 - root - INFO -     Myeloid: 565 cells (11.5%)
2026-02-17 21:36:30,252 - root - INFO -     Normal Epithelial: 514 cells (10.5%)
2026-02-17 21:36:30,252 - root - INFO -     PVL: 503 cells (10.3%)
2026-02-17 21:36:30,252 - root - INFO -     Plasmablasts: 669 cells (13.7%)
2026-02-17 21:36:30,252 - root - INFO -     T-cells: 518 cells (10.6%)
2026-02-17 21:36:30,252 - root - INFO - 
=== EM Iteration 2/10 ===
2026-02-17 21:36:30,252 - root - INFO - Global IQP: 956 spots x 9 cell types = 8604 integer variables
2026-02-17 21:36:30,252 - root - INFO - Time limit: 600.0s, MIP gap: 5.0%
2026-02-17 21:36:30,252 - gurobipy - INFO - Set parameter TimeLimit to value 600
2026-02-17 21:36:30,252 - gurobipy - INFO - Set parameter MIPGap to value 0.05
2026-02-17 21:36:31,020 - root - INFO - Starting global IQP optimization...
2026-02-17 21:36:31,020 - gurobipy - INFO - Gurobi Optimizer version 11.0.2 build v11.0.2rc0 (linux64 - "Red Hat Enterprise Linux 9.6 (Plow)")
2026-02-17 21:36:31,020 - gurobipy - INFO - 
2026-02-17 21:36:31,020 - gurobipy - INFO - CPU model: AMD EPYC 9575F 64-Core Processor, instruction set [SSE2|AVX|AVX2|AVX512]
2026-02-17 21:36:31,020 - gurobipy - INFO - Thread count: 128 physical cores, 128 logical processors, using up to 32 threads
2026-02-17 21:36:31,020 - gurobipy - INFO - 
2026-02-17 21:36:31,020 - gurobipy - INFO - Optimize a model with 932 rows, 8604 columns and 8388 nonzeros
2026-02-17 21:36:31,020 - gurobipy - INFO - Model fingerprint: 0x7eecb95c
2026-02-17 21:36:31,020 - gurobipy - INFO - Model has 8604 quadratic objective terms
2026-02-17 21:36:31,020 - gurobipy - INFO - Variable types: 0 continuous, 8604 integer (0 binary)
2026-02-17 21:36:31,020 - gurobipy - INFO - Coefficient statistics:
2026-02-17 21:36:31,020 - gurobipy - INFO -   Matrix range     [1e+00, 1e+00]
2026-02-17 21:36:31,020 - gurobipy - INFO -   Objective range  [2e-02, 2e+00]
2026-02-17 21:36:31,020 - gurobipy - INFO -   QObjective range [2e-01, 6e-01]
2026-02-17 21:36:31,020 - gurobipy - INFO -   Bounds range     [1e+00, 2e+01]
2026-02-17 21:36:31,020 - gurobipy - INFO -   RHS range        [1e+00, 2e+01]
2026-02-17 21:36:31,020 - gurobipy - INFO - 
2026-02-17 21:36:31,020 - gurobipy - INFO - Loaded user MIP start with objective 1116.28
2026-02-17 21:36:31,020 - gurobipy - INFO - 
2026-02-17 21:36:33,809 - gurobipy - INFO - Presolve removed 931 rows and 8595 columns
2026-02-17 21:36:33,809 - gurobipy - INFO - Presolve time: 2.79s
2026-02-17 21:36:33,809 - gurobipy - INFO - Presolved: 1 rows, 9 columns, 9 nonzeros
2026-02-17 21:36:33,809 - gurobipy - INFO - Presolved model has 9 quadratic objective terms
2026-02-17 21:36:33,809 - gurobipy - INFO - Found heuristic solution: objective 521.3451836
2026-02-17 21:36:33,809 - gurobipy - INFO - Variable types: 0 continuous, 9 integer (0 binary)
2026-02-17 21:36:33,810 - gurobipy - INFO - 
2026-02-17 21:36:33,810 - gurobipy - INFO - Explored 0 nodes (0 simplex iterations) in 2.79 seconds (0.11 work units)
2026-02-17 21:36:33,810 - gurobipy - INFO - Thread count was 32 (of 128 available processors)
2026-02-17 21:36:33,810 - gurobipy - INFO - 
2026-02-17 21:36:33,810 - gurobipy - INFO - Solution count 2: 521.345 1116.28 
2026-02-17 21:36:33,810 - gurobipy - INFO - 
2026-02-17 21:36:33,810 - gurobipy - INFO - Optimal solution found (tolerance 5.00e-02)
2026-02-17 21:36:33,810 - gurobipy - INFO - Best objective 5.213451835994e+02, best bound 5.202888183819e+02, gap 0.2026%
2026-02-17 21:36:33,819 - root - INFO - Global IQP solved: status=2, gap=0.20%, time=2.8s
2026-02-17 21:36:33,848 - root - INFO -   Loss: 515.5372 (change: 0.538166)
2026-02-17 21:36:33,848 - root - INFO -   Beta range: [0.182, 0.371]
2026-02-17 21:36:33,848 - root - INFO -   Max beta change: 0.024426
2026-02-17 21:36:33,848 - root - INFO -   Cell count range: [0, 17]
2026-02-17 21:36:33,848 - root - INFO -     B-cells: 619 cells (12.6%)
2026-02-17 21:36:33,848 - root - INFO -     CAFs: 572 cells (11.7%)
2026-02-17 21:36:33,848 - root - INFO -     Cancer Epithelial: 434 cells (8.9%)
2026-02-17 21:36:33,848 - root - INFO -     Endothelial: 500 cells (10.2%)
2026-02-17 21:36:33,848 - root - INFO -     Myeloid: 611 cells (12.5%)
2026-02-17 21:36:33,848 - root - INFO -     Normal Epithelial: 467 cells (9.5%)
2026-02-17 21:36:33,848 - root - INFO -     PVL: 491 cells (10.0%)
2026-02-17 21:36:33,848 - root - INFO -     Plasmablasts: 637 cells (13.0%)
2026-02-17 21:36:33,848 - root - INFO -     T-cells: 566 cells (11.6%)
2026-02-17 21:36:33,848 - root - INFO - 
=== EM Iteration 3/10 ===
2026-02-17 21:36:33,848 - root - INFO - Global IQP: 956 spots x 9 cell types = 8604 integer variables
2026-02-17 21:36:33,848 - root - INFO - Time limit: 600.0s, MIP gap: 5.0%
2026-02-17 21:36:33,848 - gurobipy - INFO - Set parameter TimeLimit to value 600
2026-02-17 21:36:33,848 - gurobipy - INFO - Set parameter MIPGap to value 0.05
2026-02-17 21:36:34,385 - root - INFO - Starting global IQP optimization...
2026-02-17 21:36:34,386 - gurobipy - INFO - Gurobi Optimizer version 11.0.2 build v11.0.2rc0 (linux64 - "Red Hat Enterprise Linux 9.6 (Plow)")
2026-02-17 21:36:34,386 - gurobipy - INFO - 
2026-02-17 21:36:34,386 - gurobipy - INFO - CPU model: AMD EPYC 9575F 64-Core Processor, instruction set [SSE2|AVX|AVX2|AVX512]
2026-02-17 21:36:34,386 - gurobipy - INFO - Thread count: 128 physical cores, 128 logical processors, using up to 32 threads
2026-02-17 21:36:34,386 - gurobipy - INFO - 
2026-02-17 21:36:34,386 - gurobipy - INFO - Optimize a model with 932 rows, 8604 columns and 8388 nonzeros
2026-02-17 21:36:34,386 - gurobipy - INFO - Model fingerprint: 0x5b2b05ff
2026-02-17 21:36:34,386 - gurobipy - INFO - Model has 8604 quadratic objective terms
2026-02-17 21:36:34,386 - gurobipy - INFO - Variable types: 0 continuous, 8604 integer (0 binary)
2026-02-17 21:36:34,386 - gurobipy - INFO - Coefficient statistics:
2026-02-17 21:36:34,386 - gurobipy - INFO -   Matrix range     [1e+00, 1e+00]
2026-02-17 21:36:34,386 - gurobipy - INFO -   Objective range  [3e-04, 1e+00]
2026-02-17 21:36:34,386 - gurobipy - INFO -   QObjective range [1e-01, 5e-01]
2026-02-17 21:36:34,386 - gurobipy - INFO -   Bounds range     [1e+00, 2e+01]
2026-02-17 21:36:34,386 - gurobipy - INFO -   RHS range        [1e+00, 2e+01]
2026-02-17 21:36:34,386 - gurobipy - INFO - 
2026-02-17 21:36:34,386 - gurobipy - INFO - Loaded user MIP start with objective 515.537
2026-02-17 21:36:34,386 - gurobipy - INFO - 
2026-02-17 21:36:36,955 - gurobipy - INFO - Presolve removed 931 rows and 8595 columns
2026-02-17 21:36:36,955 - gurobipy - INFO - Presolve time: 2.57s
2026-02-17 21:36:36,955 - gurobipy - INFO - Presolved: 1 rows, 9 columns, 9 nonzeros
2026-02-17 21:36:36,955 - gurobipy - INFO - Presolved model has 9 quadratic objective terms
2026-02-17 21:36:36,955 - gurobipy - INFO - Found heuristic solution: objective 512.7559398
2026-02-17 21:36:36,955 - gurobipy - INFO - Variable types: 0 continuous, 9 integer (0 binary)
2026-02-17 21:36:36,955 - gurobipy - INFO - 
2026-02-17 21:36:36,955 - gurobipy - INFO - Explored 0 nodes (0 simplex iterations) in 2.57 seconds (0.10 work units)
2026-02-17 21:36:36,955 - gurobipy - INFO - Thread count was 32 (of 128 available processors)
2026-02-17 21:36:36,955 - gurobipy - INFO - 
2026-02-17 21:36:36,955 - gurobipy - INFO - Solution count 2: 512.756 515.537 
2026-02-17 21:36:36,955 - gurobipy - INFO - 
2026-02-17 21:36:36,955 - gurobipy - INFO - Optimal solution found (tolerance 5.00e-02)
2026-02-17 21:36:36,956 - gurobipy - INFO - Best objective 5.127559397773e+02, best bound 5.117267697626e+02, gap 0.2007%
2026-02-17 21:36:36,966 - root - INFO - Global IQP solved: status=2, gap=0.20%, time=2.6s
2026-02-17 21:36:37,002 - root - INFO -   Loss: 508.8941 (change: 0.012886)
2026-02-17 21:36:37,002 - root - INFO -   Beta range: [0.171, 0.351]
2026-02-17 21:36:37,003 - root - INFO -   Max beta change: 0.020314
2026-02-17 21:36:37,003 - root - INFO -   Cell count range: [0, 17]
2026-02-17 21:36:37,003 - root - INFO -     B-cells: 629 cells (12.8%)
2026-02-17 21:36:37,003 - root - INFO -     CAFs: 564 cells (11.5%)
2026-02-17 21:36:37,003 - root - INFO -     Cancer Epithelial: 410 cells (8.4%)
2026-02-17 21:36:37,003 - root - INFO -     Endothelial: 485 cells (9.9%)
2026-02-17 21:36:37,003 - root - INFO -     Myeloid: 634 cells (12.9%)
2026-02-17 21:36:37,003 - root - INFO -     Normal Epithelial: 450 cells (9.2%)
2026-02-17 21:36:37,003 - root - INFO -     PVL: 517 cells (10.6%)
2026-02-17 21:36:37,003 - root - INFO -     Plasmablasts: 643 cells (13.1%)
2026-02-17 21:36:37,003 - root - INFO -     T-cells: 565 cells (11.5%)
2026-02-17 21:36:37,003 - root - INFO - 
=== EM Iteration 4/10 ===
2026-02-17 21:36:37,003 - root - INFO - Global IQP: 956 spots x 9 cell types = 8604 integer variables
2026-02-17 21:36:37,003 - root - INFO - Time limit: 600.0s, MIP gap: 5.0%
2026-02-17 21:36:37,003 - gurobipy - INFO - Set parameter TimeLimit to value 600
2026-02-17 21:36:37,003 - gurobipy - INFO - Set parameter MIPGap to value 0.05
2026-02-17 21:36:37,726 - root - INFO - Starting global IQP optimization...
2026-02-17 21:36:37,726 - gurobipy - INFO - Gurobi Optimizer version 11.0.2 build v11.0.2rc0 (linux64 - "Red Hat Enterprise Linux 9.6 (Plow)")
2026-02-17 21:36:37,726 - gurobipy - INFO - 
2026-02-17 21:36:37,726 - gurobipy - INFO - CPU model: AMD EPYC 9575F 64-Core Processor, instruction set [SSE2|AVX|AVX2|AVX512]
2026-02-17 21:36:37,726 - gurobipy - INFO - Thread count: 128 physical cores, 128 logical processors, using up to 32 threads
2026-02-17 21:36:37,726 - gurobipy - INFO - 
2026-02-17 21:36:37,726 - gurobipy - INFO - Optimize a model with 932 rows, 8604 columns and 8388 nonzeros
2026-02-17 21:36:37,726 - gurobipy - INFO - Model fingerprint: 0x8fb9760a
2026-02-17 21:36:37,726 - gurobipy - INFO - Model has 8604 quadratic objective terms
2026-02-17 21:36:37,726 - gurobipy - INFO - Variable types: 0 continuous, 8604 integer (0 binary)
2026-02-17 21:36:37,726 - gurobipy - INFO - Coefficient statistics:
2026-02-17 21:36:37,726 - gurobipy - INFO -   Matrix range     [1e+00, 1e+00]
2026-02-17 21:36:37,726 - gurobipy - INFO -   Objective range  [3e-03, 1e+00]
2026-02-17 21:36:37,726 - gurobipy - INFO -   QObjective range [1e-01, 5e-01]
2026-02-17 21:36:37,726 - gurobipy - INFO -   Bounds range     [1e+00, 2e+01]
2026-02-17 21:36:37,726 - gurobipy - INFO -   RHS range        [1e+00, 2e+01]
2026-02-17 21:36:37,726 - gurobipy - INFO - 
2026-02-17 21:36:37,726 - gurobipy - INFO - Loaded user MIP start with objective 508.894
2026-02-17 21:36:37,726 - gurobipy - INFO - 
2026-02-17 21:36:40,036 - gurobipy - INFO - Presolve removed 931 rows and 8595 columns
2026-02-17 21:36:40,036 - gurobipy - INFO - Presolve time: 2.31s
2026-02-17 21:36:40,036 - gurobipy - INFO - Presolved: 1 rows, 9 columns, 9 nonzeros
2026-02-17 21:36:40,036 - gurobipy - INFO - Presolved model has 9 quadratic objective terms
2026-02-17 21:36:40,036 - gurobipy - INFO - Found heuristic solution: objective 507.3616773
2026-02-17 21:36:40,036 - gurobipy - INFO - Variable types: 0 continuous, 9 integer (0 binary)
2026-02-17 21:36:40,036 - gurobipy - INFO - 
2026-02-17 21:36:40,036 - gurobipy - INFO - Explored 0 nodes (0 simplex iterations) in 2.31 seconds (0.09 work units)
2026-02-17 21:36:40,036 - gurobipy - INFO - Thread count was 32 (of 128 available processors)
2026-02-17 21:36:40,037 - gurobipy - INFO - 
2026-02-17 21:36:40,037 - gurobipy - INFO - Solution count 2: 507.362 508.894 
2026-02-17 21:36:40,037 - gurobipy - INFO - 
2026-02-17 21:36:40,037 - gurobipy - INFO - Optimal solution found (tolerance 5.00e-02)
2026-02-17 21:36:40,037 - gurobipy - INFO - Best objective 5.073616772613e+02, best bound 5.063426671483e+02, gap 0.2008%
2026-02-17 21:36:40,046 - root - INFO - Global IQP solved: status=2, gap=0.20%, time=2.3s
2026-02-17 21:36:40,076 - root - INFO -   Loss: 504.4778 (change: 0.008678)
2026-02-17 21:36:40,076 - root - INFO -   Beta range: [0.164, 0.350]
2026-02-17 21:36:40,076 - root - INFO -   Max beta change: 0.017340
2026-02-17 21:36:40,077 - root - INFO -   Cell count range: [0, 17]
2026-02-17 21:36:40,077 - root - INFO -     B-cells: 636 cells (13.0%)
2026-02-17 21:36:40,077 - root - INFO -     CAFs: 550 cells (11.2%)
2026-02-17 21:36:40,077 - root - INFO -     Cancer Epithelial: 395 cells (8.1%)
2026-02-17 21:36:40,077 - root - INFO -     Endothelial: 475 cells (9.7%)
2026-02-17 21:36:40,077 - root - INFO -     Myeloid: 659 cells (13.5%)
2026-02-17 21:36:40,077 - root - INFO -     Normal Epithelial: 429 cells (8.8%)
2026-02-17 21:36:40,077 - root - INFO -     PVL: 546 cells (11.1%)
2026-02-17 21:36:40,077 - root - INFO -     Plasmablasts: 642 cells (13.1%)
2026-02-17 21:36:40,077 - root - INFO -     T-cells: 565 cells (11.5%)
2026-02-17 21:36:40,077 - root - INFO - 
=== EM Iteration 5/10 ===
2026-02-17 21:36:40,077 - root - INFO - Global IQP: 956 spots x 9 cell types = 8604 integer variables
2026-02-17 21:36:40,077 - root - INFO - Time limit: 600.0s, MIP gap: 5.0%
2026-02-17 21:36:40,077 - gurobipy - INFO - Set parameter TimeLimit to value 600
2026-02-17 21:36:40,077 - gurobipy - INFO - Set parameter MIPGap to value 0.05
2026-02-17 21:36:40,797 - root - INFO - Starting global IQP optimization...
2026-02-17 21:36:40,798 - gurobipy - INFO - Gurobi Optimizer version 11.0.2 build v11.0.2rc0 (linux64 - "Red Hat Enterprise Linux 9.6 (Plow)")
2026-02-17 21:36:40,798 - gurobipy - INFO - 
2026-02-17 21:36:40,798 - gurobipy - INFO - CPU model: AMD EPYC 9575F 64-Core Processor, instruction set [SSE2|AVX|AVX2|AVX512]
2026-02-17 21:36:40,798 - gurobipy - INFO - Thread count: 128 physical cores, 128 logical processors, using up to 32 threads
2026-02-17 21:36:40,798 - gurobipy - INFO - 
2026-02-17 21:36:40,798 - gurobipy - INFO - Optimize a model with 932 rows, 8604 columns and 8388 nonzeros
2026-02-17 21:36:40,798 - gurobipy - INFO - Model fingerprint: 0xe9703f81
2026-02-17 21:36:40,798 - gurobipy - INFO - Model has 8604 quadratic objective terms
2026-02-17 21:36:40,798 - gurobipy - INFO - Variable types: 0 continuous, 8604 integer (0 binary)
2026-02-17 21:36:40,798 - gurobipy - INFO - Coefficient statistics:
2026-02-17 21:36:40,798 - gurobipy - INFO -   Matrix range     [1e+00, 1e+00]
2026-02-17 21:36:40,798 - gurobipy - INFO -   Objective range  [2e-03, 1e+00]
2026-02-17 21:36:40,798 - gurobipy - INFO -   QObjective range [1e-01, 5e-01]
2026-02-17 21:36:40,798 - gurobipy - INFO -   Bounds range     [1e+00, 2e+01]
2026-02-17 21:36:40,798 - gurobipy - INFO -   RHS range        [1e+00, 2e+01]
2026-02-17 21:36:40,798 - gurobipy - INFO - 
2026-02-17 21:36:40,798 - gurobipy - INFO - Loaded user MIP start with objective 504.478
2026-02-17 21:36:40,798 - gurobipy - INFO - 
2026-02-17 21:36:43,099 - gurobipy - INFO - Presolve removed 931 rows and 8595 columns
2026-02-17 21:36:43,100 - gurobipy - INFO - Presolve time: 2.30s
2026-02-17 21:36:43,100 - gurobipy - INFO - Presolved: 1 rows, 9 columns, 9 nonzeros
2026-02-17 21:36:43,100 - gurobipy - INFO - Presolved model has 9 quadratic objective terms
2026-02-17 21:36:43,100 - gurobipy - INFO - Found heuristic solution: objective 503.1685966
2026-02-17 21:36:43,100 - gurobipy - INFO - Variable types: 0 continuous, 9 integer (0 binary)
2026-02-17 21:36:43,100 - gurobipy - INFO - 
2026-02-17 21:36:43,100 - gurobipy - INFO - Explored 0 nodes (0 simplex iterations) in 2.30 seconds (0.09 work units)
2026-02-17 21:36:43,100 - gurobipy - INFO - Thread count was 32 (of 128 available processors)
2026-02-17 21:36:43,100 - gurobipy - INFO - 
2026-02-17 21:36:43,100 - gurobipy - INFO - Solution count 2: 503.169 504.478 
2026-02-17 21:36:43,100 - gurobipy - INFO - 
2026-02-17 21:36:43,100 - gurobipy - INFO - Optimal solution found (tolerance 5.00e-02)
2026-02-17 21:36:43,100 - gurobipy - INFO - Best objective 5.031685966212e+02, best bound 5.021525829938e+02, gap 0.2019%
2026-02-17 21:36:43,109 - root - INFO - Global IQP solved: status=2, gap=0.20%, time=2.3s
2026-02-17 21:36:43,139 - root - INFO -   Loss: 505.2817 (change: 0.001594)
2026-02-17 21:36:43,139 - root - INFO -   Beta range: [0.158, 0.358]
2026-02-17 21:36:43,139 - root - INFO -   Max beta change: 0.013324
2026-02-17 21:36:43,139 - root - INFO -   Cell count range: [0, 17]
2026-02-17 21:36:43,139 - root - INFO -     B-cells: 646 cells (13.2%)
2026-02-17 21:36:43,140 - root - INFO -     CAFs: 540 cells (11.0%)
2026-02-17 21:36:43,140 - root - INFO -     Cancer Epithelial: 386 cells (7.9%)
2026-02-17 21:36:43,140 - root - INFO -     Endothelial: 474 cells (9.7%)
2026-02-17 21:36:43,140 - root - INFO -     Myeloid: 678 cells (13.8%)
2026-02-17 21:36:43,140 - root - INFO -     Normal Epithelial: 400 cells (8.2%)
2026-02-17 21:36:43,140 - root - INFO -     PVL: 570 cells (11.6%)
2026-02-17 21:36:43,140 - root - INFO -     Plasmablasts: 642 cells (13.1%)
2026-02-17 21:36:43,140 - root - INFO -     T-cells: 561 cells (11.5%)
2026-02-17 21:36:43,140 - root - WARNING - Loss increased from 504.4778 to 505.2817
2026-02-17 21:36:43,140 - root - INFO - 
=== EM Iteration 6/10 ===
2026-02-17 21:36:43,140 - root - INFO - Global IQP: 956 spots x 9 cell types = 8604 integer variables
2026-02-17 21:36:43,140 - root - INFO - Time limit: 600.0s, MIP gap: 5.0%
2026-02-17 21:36:43,140 - gurobipy - INFO - Set parameter TimeLimit to value 600
2026-02-17 21:36:43,140 - gurobipy - INFO - Set parameter MIPGap to value 0.05
2026-02-17 21:36:43,869 - root - INFO - Starting global IQP optimization...
2026-02-17 21:36:43,869 - gurobipy - INFO - Gurobi Optimizer version 11.0.2 build v11.0.2rc0 (linux64 - "Red Hat Enterprise Linux 9.6 (Plow)")
2026-02-17 21:36:43,869 - gurobipy - INFO - 
2026-02-17 21:36:43,869 - gurobipy - INFO - CPU model: AMD EPYC 9575F 64-Core Processor, instruction set [SSE2|AVX|AVX2|AVX512]
2026-02-17 21:36:43,870 - gurobipy - INFO - Thread count: 128 physical cores, 128 logical processors, using up to 32 threads
2026-02-17 21:36:43,870 - gurobipy - INFO - 
2026-02-17 21:36:43,870 - gurobipy - INFO - Optimize a model with 932 rows, 8604 columns and 8388 nonzeros
2026-02-17 21:36:43,870 - gurobipy - INFO - Model fingerprint: 0x4beeb689
2026-02-17 21:36:43,870 - gurobipy - INFO - Model has 8604 quadratic objective terms
2026-02-17 21:36:43,870 - gurobipy - INFO - Variable types: 0 continuous, 8604 integer (0 binary)
2026-02-17 21:36:43,870 - gurobipy - INFO - Coefficient statistics:
2026-02-17 21:36:43,870 - gurobipy - INFO -   Matrix range     [1e+00, 1e+00]
2026-02-17 21:36:43,870 - gurobipy - INFO -   Objective range  [3e-04, 1e+00]
2026-02-17 21:36:43,870 - gurobipy - INFO -   QObjective range [1e-01, 5e-01]
2026-02-17 21:36:43,870 - gurobipy - INFO -   Bounds range     [1e+00, 2e+01]
2026-02-17 21:36:43,870 - gurobipy - INFO -   RHS range        [1e+00, 2e+01]
2026-02-17 21:36:43,870 - gurobipy - INFO - 
2026-02-17 21:36:43,870 - gurobipy - INFO - Loaded user MIP start with objective 505.282
2026-02-17 21:36:43,870 - gurobipy - INFO - 
2026-02-17 21:36:45,992 - gurobipy - INFO - Presolve removed 931 rows and 8595 columns
2026-02-17 21:36:45,992 - gurobipy - INFO - Presolve time: 2.12s
2026-02-17 21:36:45,992 - gurobipy - INFO - Presolved: 1 rows, 9 columns, 9 nonzeros
2026-02-17 21:36:45,992 - gurobipy - INFO - Presolved model has 9 quadratic objective terms
2026-02-17 21:36:45,992 - gurobipy - INFO - Found heuristic solution: objective 504.5523594
2026-02-17 21:36:45,992 - gurobipy - INFO - Variable types: 0 continuous, 9 integer (0 binary)
2026-02-17 21:36:45,992 - gurobipy - INFO - 
2026-02-17 21:36:45,992 - gurobipy - INFO - Explored 0 nodes (0 simplex iterations) in 2.12 seconds (0.08 work units)
2026-02-17 21:36:45,992 - gurobipy - INFO - Thread count was 32 (of 128 available processors)
2026-02-17 21:36:45,992 - gurobipy - INFO - 
2026-02-17 21:36:45,992 - gurobipy - INFO - Solution count 2: 504.552 505.282 
2026-02-17 21:36:45,992 - gurobipy - INFO - 
2026-02-17 21:36:45,992 - gurobipy - INFO - Optimal solution found (tolerance 5.00e-02)
2026-02-17 21:36:45,992 - gurobipy - INFO - Best objective 5.045523593656e+02, best bound 5.035358259531e+02, gap 0.2015%
2026-02-17 21:36:46,004 - root - INFO - Global IQP solved: status=2, gap=0.20%, time=2.1s
2026-02-17 21:36:46,034 - root - INFO -   Loss: 505.1631 (change: 0.000235)
2026-02-17 21:36:46,034 - root - INFO -   Beta range: [0.152, 0.364]
2026-02-17 21:36:46,034 - root - INFO -   Max beta change: 0.014144
2026-02-17 21:36:46,034 - root - INFO -   Cell count range: [0, 17]
2026-02-17 21:36:46,034 - root - INFO -     B-cells: 654 cells (13.4%)
2026-02-17 21:36:46,034 - root - INFO -     CAFs: 535 cells (10.9%)
2026-02-17 21:36:46,034 - root - INFO -     Cancer Epithelial: 381 cells (7.8%)
2026-02-17 21:36:46,034 - root - INFO -     Endothelial: 472 cells (9.6%)
2026-02-17 21:36:46,034 - root - INFO -     Myeloid: 700 cells (14.3%)
2026-02-17 21:36:46,034 - root - INFO -     Normal Epithelial: 378 cells (7.7%)
2026-02-17 21:36:46,034 - root - INFO -     PVL: 580 cells (11.8%)
2026-02-17 21:36:46,034 - root - INFO -     Plasmablasts: 641 cells (13.1%)
2026-02-17 21:36:46,034 - root - INFO -     T-cells: 556 cells (11.4%)
2026-02-17 21:36:46,034 - root - INFO - 
=== EM Iteration 7/10 ===
2026-02-17 21:36:46,034 - root - INFO - Global IQP: 956 spots x 9 cell types = 8604 integer variables
2026-02-17 21:36:46,034 - root - INFO - Time limit: 600.0s, MIP gap: 5.0%
2026-02-17 21:36:46,035 - gurobipy - INFO - Set parameter TimeLimit to value 600
2026-02-17 21:36:46,035 - gurobipy - INFO - Set parameter MIPGap to value 0.05
2026-02-17 21:36:46,777 - root - INFO - Starting global IQP optimization...
2026-02-17 21:36:46,777 - gurobipy - INFO - Gurobi Optimizer version 11.0.2 build v11.0.2rc0 (linux64 - "Red Hat Enterprise Linux 9.6 (Plow)")
2026-02-17 21:36:46,777 - gurobipy - INFO - 
2026-02-17 21:36:46,777 - gurobipy - INFO - CPU model: AMD EPYC 9575F 64-Core Processor, instruction set [SSE2|AVX|AVX2|AVX512]
2026-02-17 21:36:46,777 - gurobipy - INFO - Thread count: 128 physical cores, 128 logical processors, using up to 32 threads
2026-02-17 21:36:46,777 - gurobipy - INFO - 
2026-02-17 21:36:46,777 - gurobipy - INFO - Optimize a model with 932 rows, 8604 columns and 8388 nonzeros
2026-02-17 21:36:46,778 - gurobipy - INFO - Model fingerprint: 0xda475cea
2026-02-17 21:36:46,778 - gurobipy - INFO - Model has 8604 quadratic objective terms
2026-02-17 21:36:46,778 - gurobipy - INFO - Variable types: 0 continuous, 8604 integer (0 binary)
2026-02-17 21:36:46,778 - gurobipy - INFO - Coefficient statistics:
2026-02-17 21:36:46,778 - gurobipy - INFO -   Matrix range     [1e+00, 1e+00]
2026-02-17 21:36:46,778 - gurobipy - INFO -   Objective range  [1e-03, 1e+00]
2026-02-17 21:36:46,778 - gurobipy - INFO -   QObjective range [1e-01, 5e-01]
2026-02-17 21:36:46,778 - gurobipy - INFO -   Bounds range     [1e+00, 2e+01]
2026-02-17 21:36:46,778 - gurobipy - INFO -   RHS range        [1e+00, 2e+01]
2026-02-17 21:36:46,778 - gurobipy - INFO - 
2026-02-17 21:36:46,778 - gurobipy - INFO - Loaded user MIP start with objective 505.163
2026-02-17 21:36:46,778 - gurobipy - INFO - 
2026-02-17 21:36:48,946 - gurobipy - INFO - Presolve removed 931 rows and 8595 columns
2026-02-17 21:36:48,946 - gurobipy - INFO - Presolve time: 2.17s
2026-02-17 21:36:48,946 - gurobipy - INFO - Presolved: 1 rows, 9 columns, 9 nonzeros
2026-02-17 21:36:48,946 - gurobipy - INFO - Presolved model has 9 quadratic objective terms
2026-02-17 21:36:48,946 - gurobipy - INFO - Found heuristic solution: objective 504.8279542
2026-02-17 21:36:48,946 - gurobipy - INFO - Variable types: 0 continuous, 9 integer (0 binary)
2026-02-17 21:36:48,946 - gurobipy - INFO - 
2026-02-17 21:36:48,946 - gurobipy - INFO - Explored 0 nodes (0 simplex iterations) in 2.17 seconds (0.08 work units)
2026-02-17 21:36:48,946 - gurobipy - INFO - Thread count was 32 (of 128 available processors)
2026-02-17 21:36:48,946 - gurobipy - INFO - 
2026-02-17 21:36:48,946 - gurobipy - INFO - Solution count 2: 504.828 505.163 
2026-02-17 21:36:48,946 - gurobipy - INFO - 
2026-02-17 21:36:48,946 - gurobipy - INFO - Optimal solution found (tolerance 5.00e-02)
2026-02-17 21:36:48,946 - gurobipy - INFO - Best objective 5.048279541997e+02, best bound 5.038083353791e+02, gap 0.2020%
2026-02-17 21:36:48,955 - root - INFO - Global IQP solved: status=2, gap=0.20%, time=2.2s
2026-02-17 21:36:48,985 - root - INFO -   Loss: 501.1146 (change: 0.008014)
2026-02-17 21:36:48,985 - root - INFO -   Beta range: [0.148, 0.363]
2026-02-17 21:36:48,985 - root - INFO -   Max beta change: 0.013489
2026-02-17 21:36:48,985 - root - INFO -   Cell count range: [0, 17]
2026-02-17 21:36:48,986 - root - INFO -     B-cells: 660 cells (13.5%)
2026-02-17 21:36:48,986 - root - INFO -     CAFs: 532 cells (10.9%)
2026-02-17 21:36:48,986 - root - INFO -     Cancer Epithelial: 373 cells (7.6%)
2026-02-17 21:36:48,986 - root - INFO -     Endothelial: 469 cells (9.6%)
2026-02-17 21:36:48,986 - root - INFO -     Myeloid: 717 cells (14.6%)
2026-02-17 21:36:48,986 - root - INFO -     Normal Epithelial: 363 cells (7.4%)
2026-02-17 21:36:48,986 - root - INFO -     PVL: 582 cells (11.9%)
2026-02-17 21:36:48,986 - root - INFO -     Plasmablasts: 647 cells (13.2%)
2026-02-17 21:36:48,986 - root - INFO -     T-cells: 554 cells (11.3%)
2026-02-17 21:36:48,986 - root - INFO - 
=== EM Iteration 8/10 ===
2026-02-17 21:36:48,986 - root - INFO - Global IQP: 956 spots x 9 cell types = 8604 integer variables
2026-02-17 21:36:48,986 - root - INFO - Time limit: 600.0s, MIP gap: 5.0%
2026-02-17 21:36:48,986 - gurobipy - INFO - Set parameter TimeLimit to value 600
2026-02-17 21:36:48,986 - gurobipy - INFO - Set parameter MIPGap to value 0.05
2026-02-17 21:36:49,735 - root - INFO - Starting global IQP optimization...
2026-02-17 21:36:49,736 - gurobipy - INFO - Gurobi Optimizer version 11.0.2 build v11.0.2rc0 (linux64 - "Red Hat Enterprise Linux 9.6 (Plow)")
2026-02-17 21:36:49,736 - gurobipy - INFO - 
2026-02-17 21:36:49,736 - gurobipy - INFO - CPU model: AMD EPYC 9575F 64-Core Processor, instruction set [SSE2|AVX|AVX2|AVX512]
2026-02-17 21:36:49,736 - gurobipy - INFO - Thread count: 128 physical cores, 128 logical processors, using up to 32 threads
2026-02-17 21:36:49,736 - gurobipy - INFO - 
2026-02-17 21:36:49,736 - gurobipy - INFO - Optimize a model with 932 rows, 8604 columns and 8388 nonzeros
2026-02-17 21:36:49,736 - gurobipy - INFO - Model fingerprint: 0x14ad141b
2026-02-17 21:36:49,736 - gurobipy - INFO - Model has 8604 quadratic objective terms
2026-02-17 21:36:49,736 - gurobipy - INFO - Variable types: 0 continuous, 8604 integer (0 binary)
2026-02-17 21:36:49,736 - gurobipy - INFO - Coefficient statistics:
2026-02-17 21:36:49,736 - gurobipy - INFO -   Matrix range     [1e+00, 1e+00]
2026-02-17 21:36:49,736 - gurobipy - INFO -   Objective range  [3e-04, 1e+00]
2026-02-17 21:36:49,736 - gurobipy - INFO -   QObjective range [9e-02, 5e-01]
2026-02-17 21:36:49,736 - gurobipy - INFO -   Bounds range     [1e+00, 2e+01]
2026-02-17 21:36:49,736 - gurobipy - INFO -   RHS range        [1e+00, 2e+01]
2026-02-17 21:36:49,736 - gurobipy - INFO - 
2026-02-17 21:36:49,736 - gurobipy - INFO - Loaded user MIP start with objective 501.115
2026-02-17 21:36:49,736 - gurobipy - INFO - 
2026-02-17 21:36:51,858 - gurobipy - INFO - Presolve removed 931 rows and 8595 columns
2026-02-17 21:36:51,858 - gurobipy - INFO - Presolve time: 2.12s
2026-02-17 21:36:51,858 - gurobipy - INFO - Presolved: 1 rows, 9 columns, 9 nonzeros
2026-02-17 21:36:51,858 - gurobipy - INFO - Presolved model has 9 quadratic objective terms
2026-02-17 21:36:51,859 - gurobipy - INFO - Found heuristic solution: objective 500.8117962
2026-02-17 21:36:51,859 - gurobipy - INFO - Variable types: 0 continuous, 9 integer (0 binary)
2026-02-17 21:36:51,859 - gurobipy - INFO - 
2026-02-17 21:36:51,859 - gurobipy - INFO - Explored 0 nodes (0 simplex iterations) in 2.12 seconds (0.08 work units)
2026-02-17 21:36:51,859 - gurobipy - INFO - Thread count was 32 (of 128 available processors)
2026-02-17 21:36:51,859 - gurobipy - INFO - 
2026-02-17 21:36:51,859 - gurobipy - INFO - Solution count 2: 500.812 501.115 
2026-02-17 21:36:51,859 - gurobipy - INFO - 
2026-02-17 21:36:51,859 - gurobipy - INFO - Optimal solution found (tolerance 5.00e-02)
2026-02-17 21:36:51,859 - gurobipy - INFO - Best objective 5.008117961777e+02, best bound 4.997898266856e+02, gap 0.2041%
2026-02-17 21:36:51,867 - root - INFO - Global IQP solved: status=2, gap=0.20%, time=2.1s
2026-02-17 21:36:51,899 - root - INFO -   Loss: 500.1025 (change: 0.002020)
2026-02-17 21:36:51,899 - root - INFO -   Beta range: [0.145, 0.366]
2026-02-17 21:36:51,899 - root - INFO -   Max beta change: 0.014777
2026-02-17 21:36:51,899 - root - INFO -   Cell count range: [0, 17]
2026-02-17 21:36:51,899 - root - INFO -     B-cells: 669 cells (13.7%)
2026-02-17 21:36:51,899 - root - INFO -     CAFs: 521 cells (10.6%)
2026-02-17 21:36:51,899 - root - INFO -     Cancer Epithelial: 365 cells (7.5%)
2026-02-17 21:36:51,899 - root - INFO -     Endothelial: 465 cells (9.5%)
2026-02-17 21:36:51,899 - root - INFO -     Myeloid: 734 cells (15.0%)
2026-02-17 21:36:51,899 - root - INFO -     Normal Epithelial: 362 cells (7.4%)
2026-02-17 21:36:51,899 - root - INFO -     PVL: 584 cells (11.9%)
2026-02-17 21:36:51,899 - root - INFO -     Plasmablasts: 649 cells (13.3%)
2026-02-17 21:36:51,899 - root - INFO -     T-cells: 548 cells (11.2%)
2026-02-17 21:36:51,899 - root - INFO - 
=== EM Iteration 9/10 ===
2026-02-17 21:36:51,899 - root - INFO - Global IQP: 956 spots x 9 cell types = 8604 integer variables
2026-02-17 21:36:51,899 - root - INFO - Time limit: 600.0s, MIP gap: 5.0%
2026-02-17 21:36:51,899 - gurobipy - INFO - Set parameter TimeLimit to value 600
2026-02-17 21:36:51,899 - gurobipy - INFO - Set parameter MIPGap to value 0.05
2026-02-17 21:36:52,641 - root - INFO - Starting global IQP optimization...
2026-02-17 21:36:52,642 - gurobipy - INFO - Gurobi Optimizer version 11.0.2 build v11.0.2rc0 (linux64 - "Red Hat Enterprise Linux 9.6 (Plow)")
2026-02-17 21:36:52,642 - gurobipy - INFO - 
2026-02-17 21:36:52,642 - gurobipy - INFO - CPU model: AMD EPYC 9575F 64-Core Processor, instruction set [SSE2|AVX|AVX2|AVX512]
2026-02-17 21:36:52,642 - gurobipy - INFO - Thread count: 128 physical cores, 128 logical processors, using up to 32 threads
2026-02-17 21:36:52,642 - gurobipy - INFO - 
2026-02-17 21:36:52,642 - gurobipy - INFO - Optimize a model with 932 rows, 8604 columns and 8388 nonzeros
2026-02-17 21:36:52,642 - gurobipy - INFO - Model fingerprint: 0x02443dca
2026-02-17 21:36:52,642 - gurobipy - INFO - Model has 8604 quadratic objective terms
2026-02-17 21:36:52,642 - gurobipy - INFO - Variable types: 0 continuous, 8604 integer (0 binary)
2026-02-17 21:36:52,642 - gurobipy - INFO - Coefficient statistics:
2026-02-17 21:36:52,642 - gurobipy - INFO -   Matrix range     [1e+00, 1e+00]
2026-02-17 21:36:52,642 - gurobipy - INFO -   Objective range  [2e-04, 1e+00]
2026-02-17 21:36:52,642 - gurobipy - INFO -   QObjective range [9e-02, 5e-01]
2026-02-17 21:36:52,642 - gurobipy - INFO -   Bounds range     [1e+00, 2e+01]
2026-02-17 21:36:52,642 - gurobipy - INFO -   RHS range        [1e+00, 2e+01]
2026-02-17 21:36:52,642 - gurobipy - INFO - 
2026-02-17 21:36:52,642 - gurobipy - INFO - Loaded user MIP start with objective 500.103
2026-02-17 21:36:52,642 - gurobipy - INFO - 
2026-02-17 21:36:54,770 - gurobipy - INFO - Presolve removed 931 rows and 8595 columns
2026-02-17 21:36:54,770 - gurobipy - INFO - Presolve time: 2.13s
2026-02-17 21:36:54,770 - gurobipy - INFO - Presolved: 1 rows, 9 columns, 9 nonzeros
2026-02-17 21:36:54,771 - gurobipy - INFO - Presolved model has 9 quadratic objective terms
2026-02-17 21:36:54,771 - gurobipy - INFO - Found heuristic solution: objective 499.9623084
2026-02-17 21:36:54,771 - gurobipy - INFO - Variable types: 0 continuous, 9 integer (0 binary)
2026-02-17 21:36:54,771 - gurobipy - INFO - 
2026-02-17 21:36:54,771 - gurobipy - INFO - Explored 0 nodes (0 simplex iterations) in 2.13 seconds (0.08 work units)
2026-02-17 21:36:54,771 - gurobipy - INFO - Thread count was 32 (of 128 available processors)
2026-02-17 21:36:54,771 - gurobipy - INFO - 
2026-02-17 21:36:54,771 - gurobipy - INFO - Solution count 2: 499.962 500.103 
2026-02-17 21:36:54,771 - gurobipy - INFO - 
2026-02-17 21:36:54,771 - gurobipy - INFO - Optimal solution found (tolerance 5.00e-02)
2026-02-17 21:36:54,771 - gurobipy - INFO - Best objective 4.999623083618e+02, best bound 4.989371465487e+02, gap 0.2050%
2026-02-17 21:36:54,781 - root - INFO - Global IQP solved: status=2, gap=0.21%, time=2.1s
2026-02-17 21:36:54,812 - root - INFO -   Loss: 502.1895 (change: 0.004173)
2026-02-17 21:36:54,812 - root - INFO -   Beta range: [0.143, 0.361]
2026-02-17 21:36:54,812 - root - INFO -   Max beta change: 0.014172
2026-02-17 21:36:54,812 - root - INFO -   Cell count range: [0, 17]
2026-02-17 21:36:54,812 - root - INFO -     B-cells: 673 cells (13.7%)
2026-02-17 21:36:54,812 - root - INFO -     CAFs: 516 cells (10.5%)
2026-02-17 21:36:54,812 - root - INFO -     Cancer Epithelial: 355 cells (7.2%)
2026-02-17 21:36:54,812 - root - INFO -     Endothelial: 461 cells (9.4%)
2026-02-17 21:36:54,812 - root - INFO -     Myeloid: 752 cells (15.4%)
2026-02-17 21:36:54,812 - root - INFO -     Normal Epithelial: 358 cells (7.3%)
2026-02-17 21:36:54,812 - root - INFO -     PVL: 587 cells (12.0%)
2026-02-17 21:36:54,812 - root - INFO -     Plasmablasts: 648 cells (13.2%)
2026-02-17 21:36:54,812 - root - INFO -     T-cells: 547 cells (11.2%)
2026-02-17 21:36:54,812 - root - WARNING - Loss increased from 500.1025 to 502.1895
2026-02-17 21:36:54,812 - root - INFO - 
=== EM Iteration 10/10 ===
2026-02-17 21:36:54,812 - root - INFO - Global IQP: 956 spots x 9 cell types = 8604 integer variables
2026-02-17 21:36:54,812 - root - INFO - Time limit: 600.0s, MIP gap: 5.0%
2026-02-17 21:36:54,812 - gurobipy - INFO - Set parameter TimeLimit to value 600
2026-02-17 21:36:54,812 - gurobipy - INFO - Set parameter MIPGap to value 0.05
2026-02-17 21:36:55,572 - root - INFO - Starting global IQP optimization...
2026-02-17 21:36:55,572 - gurobipy - INFO - Gurobi Optimizer version 11.0.2 build v11.0.2rc0 (linux64 - "Red Hat Enterprise Linux 9.6 (Plow)")
2026-02-17 21:36:55,572 - gurobipy - INFO - 
2026-02-17 21:36:55,572 - gurobipy - INFO - CPU model: AMD EPYC 9575F 64-Core Processor, instruction set [SSE2|AVX|AVX2|AVX512]
2026-02-17 21:36:55,572 - gurobipy - INFO - Thread count: 128 physical cores, 128 logical processors, using up to 32 threads
2026-02-17 21:36:55,572 - gurobipy - INFO - 
2026-02-17 21:36:55,572 - gurobipy - INFO - Optimize a model with 932 rows, 8604 columns and 8388 nonzeros
2026-02-17 21:36:55,573 - gurobipy - INFO - Model fingerprint: 0x8597d54f
2026-02-17 21:36:55,573 - gurobipy - INFO - Model has 8604 quadratic objective terms
2026-02-17 21:36:55,573 - gurobipy - INFO - Variable types: 0 continuous, 8604 integer (0 binary)
2026-02-17 21:36:55,573 - gurobipy - INFO - Coefficient statistics:
2026-02-17 21:36:55,573 - gurobipy - INFO -   Matrix range     [1e+00, 1e+00]
2026-02-17 21:36:55,573 - gurobipy - INFO -   Objective range  [3e-04, 1e+00]
2026-02-17 21:36:55,573 - gurobipy - INFO -   QObjective range [9e-02, 5e-01]
2026-02-17 21:36:55,573 - gurobipy - INFO -   Bounds range     [1e+00, 2e+01]
2026-02-17 21:36:55,573 - gurobipy - INFO -   RHS range        [1e+00, 2e+01]
2026-02-17 21:36:55,573 - gurobipy - INFO - 
2026-02-17 21:36:55,573 - gurobipy - INFO - Loaded user MIP start with objective 502.189
2026-02-17 21:36:55,573 - gurobipy - INFO - 
2026-02-17 21:36:57,838 - gurobipy - INFO - Presolve removed 931 rows and 8595 columns
2026-02-17 21:36:57,838 - gurobipy - INFO - Presolve time: 2.26s
2026-02-17 21:36:57,838 - gurobipy - INFO - Presolved: 1 rows, 9 columns, 9 nonzeros
2026-02-17 21:36:57,838 - gurobipy - INFO - Presolved model has 9 quadratic objective terms
2026-02-17 21:36:57,838 - gurobipy - INFO - Found heuristic solution: objective 501.9055373
2026-02-17 21:36:57,838 - gurobipy - INFO - Variable types: 0 continuous, 9 integer (0 binary)
2026-02-17 21:36:57,838 - gurobipy - INFO - 
2026-02-17 21:36:57,838 - gurobipy - INFO - Explored 0 nodes (0 simplex iterations) in 2.27 seconds (0.08 work units)
2026-02-17 21:36:57,838 - gurobipy - INFO - Thread count was 32 (of 128 available processors)
2026-02-17 21:36:57,838 - gurobipy - INFO - 
2026-02-17 21:36:57,838 - gurobipy - INFO - Solution count 2: 501.906 502.189 
2026-02-17 21:36:57,838 - gurobipy - INFO - 
2026-02-17 21:36:57,838 - gurobipy - INFO - Optimal solution found (tolerance 5.00e-02)
2026-02-17 21:36:57,838 - gurobipy - INFO - Best objective 5.019055373310e+02, best bound 5.008790575973e+02, gap 0.2045%
2026-02-17 21:36:57,848 - root - INFO - Global IQP solved: status=2, gap=0.20%, time=2.3s
2026-02-17 21:36:57,879 - root - INFO -   Loss: 508.4771 (change: 0.012520)
2026-02-17 21:36:57,879 - root - INFO -   Beta range: [0.140, 0.349]
2026-02-17 21:36:57,879 - root - INFO -   Max beta change: 0.015641
2026-02-17 21:36:57,879 - root - INFO -   Cell count range: [0, 17]
2026-02-17 21:36:57,879 - root - INFO -     B-cells: 676 cells (13.8%)
2026-02-17 21:36:57,879 - root - INFO -     CAFs: 512 cells (10.5%)
2026-02-17 21:36:57,879 - root - INFO -     Cancer Epithelial: 342 cells (7.0%)
2026-02-17 21:36:57,879 - root - INFO -     Endothelial: 458 cells (9.4%)
2026-02-17 21:36:57,879 - root - INFO -     Myeloid: 767 cells (15.7%)
2026-02-17 21:36:57,879 - root - INFO -     Normal Epithelial: 357 cells (7.3%)
2026-02-17 21:36:57,879 - root - INFO -     PVL: 589 cells (12.0%)
2026-02-17 21:36:57,879 - root - INFO -     Plasmablasts: 651 cells (13.3%)
2026-02-17 21:36:57,879 - root - INFO -     T-cells: 545 cells (11.1%)
2026-02-17 21:36:57,879 - root - WARNING - Loss increased from 502.1895 to 508.4771
2026-02-17 21:36:57,879 - root - INFO - 
Final beta values:
2026-02-17 21:36:57,879 - root - INFO -   B-cells_Protein_1: β=0.197, α=0.000
2026-02-17 21:36:57,879 - root - INFO -   B-cells_Protein_2: β=0.203, α=0.000
2026-02-17 21:36:57,879 - root - INFO -   CAFs_Protein_1: β=0.265, α=0.000
2026-02-17 21:36:57,879 - root - INFO -   CAFs_Protein_2: β=0.247, α=0.000
2026-02-17 21:36:57,879 - root - INFO -   Cancer Epithelial_Protein_1: β=0.309, α=0.150
2026-02-17 21:36:57,879 - root - INFO -   Cancer Epithelial_Protein_2: β=0.349, α=0.093
2026-02-17 21:36:57,879 - root - INFO -   Endothelial_Protein_1: β=0.245, α=0.000
2026-02-17 21:36:57,879 - root - INFO -   Endothelial_Protein_2: β=0.259, α=0.000
2026-02-17 21:36:57,879 - root - INFO -   Myeloid_Protein_1: β=0.147, α=0.000
2026-02-17 21:36:57,879 - root - INFO -   Myeloid_Protein_2: β=0.140, α=0.000
2026-02-17 21:36:57,879 - root - INFO -   Normal Epithelial_Protein_1: β=0.335, α=0.076
2026-02-17 21:36:57,879 - root - INFO -   Normal Epithelial_Protein_2: β=0.341, α=0.059
2026-02-17 21:36:57,879 - root - INFO -   PVL_Protein_1: β=0.286, α=0.058
2026-02-17 21:36:57,879 - root - INFO -   PVL_Protein_2: β=0.255, α=0.111
2026-02-17 21:36:57,879 - root - INFO -   Plasmablasts_Protein_1: β=0.234, α=0.000
2026-02-17 21:36:57,879 - root - INFO -   Plasmablasts_Protein_2: β=0.263, α=0.000
2026-02-17 21:36:57,879 - root - INFO -   T-cells_Protein_1: β=0.194, α=0.000
2026-02-17 21:36:57,879 - root - INFO -   T-cells_Protein_2: β=0.204, α=0.000
2026-02-17 21:36:57,884 - root - INFO - Saved discrete cell counts to Benchmarking/simulation_benchmarking/CITEgeist/output_discrete_global/high_seg/dapi/high_seg/dapi/Wu_rep_3/Wu_rep_3_discrete_cell_counts.csv
2026-02-17 21:36:57,887 - root - INFO - Saved derived proportions to Benchmarking/simulation_benchmarking/CITEgeist/output_discrete_global/high_seg/dapi/high_seg/dapi/Wu_rep_3/Wu_rep_3_cell_prop_discrete.csv
2026-02-17 21:36:57,887 - root - INFO - Cell type distribution:
2026-02-17 21:36:57,887 - root - INFO -   B-cells: 676 cells (13.8%)
2026-02-17 21:36:57,887 - root - INFO -   CAFs: 512 cells (10.5%)
2026-02-17 21:36:57,887 - root - INFO -   Cancer Epithelial: 342 cells (7.0%)
2026-02-17 21:36:57,887 - root - INFO -   Endothelial: 458 cells (9.4%)
2026-02-17 21:36:57,887 - root - INFO -   Myeloid: 767 cells (15.7%)
2026-02-17 21:36:57,887 - root - INFO -   Normal Epithelial: 357 cells (7.3%)
2026-02-17 21:36:57,887 - root - INFO -   PVL: 589 cells (12.0%)
2026-02-17 21:36:57,887 - root - INFO -   Plasmablasts: 651 cells (13.3%)
2026-02-17 21:36:57,887 - root - INFO -   T-cells: 545 cells (11.1%)
2026-02-17 21:36:57,906 - __main__ - INFO - Loaded ground truth proportions: 956 spots, 9 cell types
2026-02-17 21:36:57,908 - __main__ - INFO - Proportion correlation: 0.730
2026-02-17 21:36:57,908 - __main__ - INFO - Proportion RMSE: 0.1837
2026-02-17 21:36:57,908 - __main__ - INFO - Running GEX deconvolution...
2026-02-17 21:36:57,909 - CITEgeist.model.utils - INFO - Detected spot spacing: 1.61 units (median of 956 nearest-neighbor distances)
2026-02-17 21:36:57,909 - CITEgeist.model.utils - INFO - Computed optimal radius: 4.92 (3.0 rings, spot_spacing=1.61)
2026-02-17 21:36:57,909 - root - INFO - Auto-detected radius: 4.92 (3 rings)
2026-02-17 21:36:57,909 - root - INFO - Starting Pass 1: Error minimization with enrichment weights...
2026-02-17 21:36:57,909 - root - INFO - Using discrete mode: cell counts as fixed multipliers
2026-02-17 21:36:57,909 - root - WARNING - Found 24 spots with zero cells. These will be skipped in deconvolution.
2026-02-17 21:36:57,909 - root - WARNING - Found 24 spots with zero or negligible total cell proportions. Deconvolution for these spots may fail and their profiles will be imputed as zeros. Example spot indices: [ 49 193 263 366 378]
2026-02-17 21:36:57,909 - root - INFO - Starting analysis for Wu_rep_3
2026-02-17 21:36:57,909 - root - INFO - Already completed spots: 0
2026-02-17 21:36:57,909 - root - INFO - Using enrichment weights - Global: 0.5, Local: 0.5
2026-02-17 21:36:57,909 - root - INFO - Using 128 workers
2026-02-17 21:36:57,909 - root - INFO - Processing 956 remaining spots
Deconvoluting Remaining Spots:   0%|          | 0/956 [00:00<?, ?it/s]Deconvoluting Remaining Spots:   0%|          | 1/956 [00:02<39:43,  2.50s/it]Deconvoluting Remaining Spots:   0%|          | 2/956 [00:02<17:46,  1.12s/it]Deconvoluting Remaining Spots:   0%|          | 3/956 [00:02<10:56,  1.45it/s]Deconvoluting Remaining Spots:   0%|          | 4/956 [00:02<07:33,  2.10it/s]Deconvoluting Remaining Spots:   1%|          | 5/956 [00:03<05:52,  2.70it/s]Deconvoluting Remaining Spots:   1%|          | 6/956 [00:03<05:02,  3.14it/s]Deconvoluting Remaining Spots:   1%|          | 7/956 [00:03<04:30,  3.51it/s]Deconvoluting Remaining Spots:   1%|          | 8/956 [00:03<03:49,  4.13it/s]Deconvoluting Remaining Spots:   1%|          | 9/956 [00:03<03:30,  4.49it/s]Deconvoluting Remaining Spots:   1%|          | 10/956 [00:04<03:22,  4.67it/s]Deconvoluting Remaining Spots:   1%|          | 11/956 [00:04<03:15,  4.83it/s]Deconvoluting Remaining Spots:   1%|▏         | 12/956 [00:04<03:04,  5.11it/s]Deconvoluting Remaining Spots:   1%|▏         | 13/956 [00:04<02:56,  5.35it/s]Deconvoluting Remaining Spots:   1%|▏         | 14/956 [00:04<02:51,  5.48it/s]Deconvoluting Remaining Spots:   2%|▏         | 15/956 [00:05<02:52,  5.45it/s]Deconvoluting Remaining Spots:   2%|▏         | 16/956 [00:05<03:03,  5.13it/s]Deconvoluting Remaining Spots:   2%|▏         | 17/956 [00:05<02:58,  5.26it/s]Deconvoluting Remaining Spots:   2%|▏         | 18/956 [00:05<03:46,  4.15it/s]Deconvoluting Remaining Spots:   2%|▏         | 20/956 [00:05<02:47,  5.58it/s]Deconvoluting Remaining Spots:   2%|▏         | 21/956 [00:06<02:56,  5.30it/s]Deconvoluting Remaining Spots:   2%|▏         | 22/956 [00:06<02:46,  5.60it/s]Deconvoluting Remaining Spots:   2%|▏         | 23/956 [00:06<02:52,  5.42it/s]Deconvoluting Remaining Spots:   3%|▎         | 24/956 [00:06<02:49,  5.51it/s]Deconvoluting Remaining Spots:   3%|▎         | 25/956 [00:07<03:20,  4.64it/s]Deconvoluting Remaining Spots:   3%|▎         | 27/956 [00:07<02:48,  5.50it/s]Deconvoluting Remaining Spots:   3%|▎         | 28/956 [00:07<02:53,  5.35it/s]Deconvoluting Remaining Spots:   3%|▎         | 29/956 [00:07<02:56,  5.25it/s]Deconvoluting Remaining Spots:   3%|▎         | 30/956 [00:07<02:52,  5.36it/s]Deconvoluting Remaining Spots:   3%|▎         | 31/956 [00:08<02:57,  5.21it/s]Deconvoluting Remaining Spots:   3%|▎         | 32/956 [00:08<02:45,  5.58it/s]Deconvoluting Remaining Spots:   3%|▎         | 33/956 [00:08<02:59,  5.14it/s]Deconvoluting Remaining Spots:   4%|▎         | 34/956 [00:08<03:01,  5.07it/s]Deconvoluting Remaining Spots:   4%|▎         | 35/956 [00:08<02:59,  5.13it/s]Deconvoluting Remaining Spots:   4%|▍         | 36/956 [00:09<03:01,  5.08it/s]Deconvoluting Remaining Spots:   4%|▍         | 37/956 [00:09<03:03,  5.00it/s]Deconvoluting Remaining Spots:   4%|▍         | 38/956 [00:09<02:56,  5.21it/s]Deconvoluting Remaining Spots:   4%|▍         | 39/956 [00:09<02:55,  5.24it/s]Deconvoluting Remaining Spots:   4%|▍         | 40/956 [00:09<03:00,  5.07it/s]Deconvoluting Remaining Spots:   4%|▍         | 41/956 [00:10<02:59,  5.10it/s]Deconvoluting Remaining Spots:   4%|▍         | 42/956 [00:10<02:55,  5.19it/s]Deconvoluting Remaining Spots:   4%|▍         | 43/956 [00:10<03:34,  4.26it/s]Deconvoluting Remaining Spots:   5%|▍         | 45/956 [00:10<02:49,  5.37it/s]Deconvoluting Remaining Spots:   5%|▍         | 46/956 [00:11<02:50,  5.34it/s]Deconvoluting Remaining Spots:   5%|▍         | 47/956 [00:11<03:00,  5.03it/s]Deconvoluting Remaining Spots:   5%|▌         | 48/956 [00:11<02:56,  5.14it/s]Deconvoluting Remaining Spots:   5%|▌         | 49/956 [00:11<02:57,  5.12it/s]Deconvoluting Remaining Spots:   5%|▌         | 50/956 [00:11<02:56,  5.13it/s]Deconvoluting Remaining Spots:   5%|▌         | 51/956 [00:12<02:55,  5.15it/s]Deconvoluting Remaining Spots:   5%|▌         | 52/956 [00:12<02:55,  5.15it/s]Deconvoluting Remaining Spots:   6%|▌         | 53/956 [00:12<02:36,  5.77it/s]Deconvoluting Remaining Spots:   6%|▌         | 54/956 [00:12<03:00,  5.00it/s]Deconvoluting Remaining Spots:   6%|▌         | 55/956 [00:12<03:01,  4.96it/s]Deconvoluting Remaining Spots:   6%|▌         | 56/956 [00:12<02:45,  5.44it/s]Deconvoluting Remaining Spots:   6%|▌         | 57/956 [00:13<03:16,  4.57it/s]Deconvoluting Remaining Spots:   6%|▌         | 58/956 [00:13<02:50,  5.27it/s]Deconvoluting Remaining Spots:   6%|▌         | 59/956 [00:13<02:42,  5.52it/s]Deconvoluting Remaining Spots:   6%|▋         | 60/956 [00:13<03:00,  4.98it/s]Deconvoluting Remaining Spots:   6%|▋         | 61/956 [00:13<02:52,  5.19it/s]Deconvoluting Remaining Spots:   6%|▋         | 62/956 [00:14<02:50,  5.23it/s]Deconvoluting Remaining Spots:   7%|▋         | 63/956 [00:14<02:55,  5.09it/s]Deconvoluting Remaining Spots:   7%|▋         | 64/956 [00:14<03:10,  4.67it/s]Deconvoluting Remaining Spots:   7%|▋         | 65/956 [00:14<02:49,  5.25it/s]Deconvoluting Remaining Spots:   7%|▋         | 66/956 [00:14<02:50,  5.23it/s]Deconvoluting Remaining Spots:   7%|▋         | 67/956 [00:15<02:54,  5.09it/s]Deconvoluting Remaining Spots:   7%|▋         | 68/956 [00:15<02:54,  5.09it/s]Deconvoluting Remaining Spots:   7%|▋         | 69/956 [00:15<03:00,  4.90it/s]Deconvoluting Remaining Spots:   7%|▋         | 70/956 [00:15<03:35,  4.12it/s]Deconvoluting Remaining Spots:   7%|▋         | 71/956 [00:15<03:00,  4.90it/s]Deconvoluting Remaining Spots:   8%|▊         | 72/956 [00:16<02:55,  5.04it/s]Deconvoluting Remaining Spots:   8%|▊         | 73/956 [00:16<03:13,  4.57it/s]Deconvoluting Remaining Spots:   8%|▊         | 74/956 [00:16<03:11,  4.62it/s]Deconvoluting Remaining Spots:   8%|▊         | 75/956 [00:16<03:06,  4.73it/s]Deconvoluting Remaining Spots:   8%|▊         | 76/956 [00:17<03:12,  4.57it/s]Deconvoluting Remaining Spots:   8%|▊         | 77/956 [00:17<03:03,  4.79it/s]Deconvoluting Remaining Spots:   8%|▊         | 78/956 [00:17<03:06,  4.72it/s]Deconvoluting Remaining Spots:   8%|▊         | 79/956 [00:17<03:12,  4.55it/s]Deconvoluting Remaining Spots:   8%|▊         | 80/956 [00:17<02:53,  5.05it/s]Deconvoluting Remaining Spots:   8%|▊         | 81/956 [00:18<02:47,  5.23it/s]Deconvoluting Remaining Spots:   9%|▊         | 82/956 [00:18<03:22,  4.32it/s]Deconvoluting Remaining Spots:   9%|▉         | 84/956 [00:18<02:42,  5.35it/s]Deconvoluting Remaining Spots:   9%|▉         | 85/956 [00:18<02:45,  5.26it/s]Deconvoluting Remaining Spots:   9%|▉         | 86/956 [00:19<03:00,  4.81it/s]Deconvoluting Remaining Spots:   9%|▉         | 87/956 [00:19<02:52,  5.05it/s]Deconvoluting Remaining Spots:   9%|▉         | 88/956 [00:19<02:57,  4.90it/s]Deconvoluting Remaining Spots:   9%|▉         | 89/956 [00:19<02:58,  4.85it/s]Deconvoluting Remaining Spots:   9%|▉         | 90/956 [00:19<02:55,  4.92it/s]Deconvoluting Remaining Spots:  10%|▉         | 91/956 [00:20<03:04,  4.69it/s]Deconvoluting Remaining Spots:  10%|▉         | 92/956 [00:20<02:48,  5.12it/s]Deconvoluting Remaining Spots:  10%|▉         | 93/956 [00:20<02:46,  5.18it/s]Deconvoluting Remaining Spots:  10%|▉         | 94/956 [00:20<02:44,  5.24it/s]Deconvoluting Remaining Spots:  10%|▉         | 95/956 [00:20<02:48,  5.10it/s]Deconvoluting Remaining Spots:  10%|█         | 96/956 [00:21<02:47,  5.13it/s]Deconvoluting Remaining Spots:  10%|█         | 97/956 [00:21<02:47,  5.12it/s]Deconvoluting Remaining Spots:  10%|█         | 98/956 [00:21<03:01,  4.74it/s]Deconvoluting Remaining Spots:  10%|█         | 99/956 [00:21<02:53,  4.93it/s]Deconvoluting Remaining Spots:  10%|█         | 100/956 [00:21<02:58,  4.81it/s]2026-02-17 21:37:21,744 - root - INFO - Saved checkpoint after 100 completed spots
Deconvoluting Remaining Spots:  11%|█         | 101/956 [00:22<04:28,  3.19it/s]Deconvoluting Remaining Spots:  11%|█         | 103/956 [00:22<02:47,  5.08it/s]Deconvoluting Remaining Spots:  11%|█         | 104/956 [00:22<03:02,  4.66it/s]Deconvoluting Remaining Spots:  11%|█         | 105/956 [00:23<02:47,  5.08it/s]Deconvoluting Remaining Spots:  11%|█         | 106/956 [00:23<03:18,  4.29it/s]Deconvoluting Remaining Spots:  11%|█▏        | 108/956 [00:23<02:48,  5.03it/s]Deconvoluting Remaining Spots:  11%|█▏        | 109/956 [00:23<02:45,  5.11it/s]Deconvoluting Remaining Spots:  12%|█▏        | 110/956 [00:24<02:50,  4.96it/s]Deconvoluting Remaining Spots:  12%|█▏        | 111/956 [00:24<02:55,  4.81it/s]Deconvoluting Remaining Spots:  12%|█▏        | 112/956 [00:24<02:53,  4.88it/s]Deconvoluting Remaining Spots:  12%|█▏        | 113/956 [00:24<02:47,  5.03it/s]Deconvoluting Remaining Spots:  12%|█▏        | 114/956 [00:24<02:51,  4.91it/s]Deconvoluting Remaining Spots:  12%|█▏        | 115/956 [00:25<02:47,  5.02it/s]Deconvoluting Remaining Spots:  12%|█▏        | 116/956 [00:25<02:47,  5.01it/s]Deconvoluting Remaining Spots:  12%|█▏        | 117/956 [00:25<02:47,  5.01it/s]Deconvoluting Remaining Spots:  12%|█▏        | 118/956 [00:25<02:47,  5.00it/s]Deconvoluting Remaining Spots:  12%|█▏        | 119/956 [00:25<02:53,  4.82it/s]Deconvoluting Remaining Spots:  13%|█▎        | 120/956 [00:26<02:58,  4.67it/s]Deconvoluting Remaining Spots:  13%|█▎        | 121/956 [00:26<02:58,  4.68it/s]Deconvoluting Remaining Spots:  13%|█▎        | 122/956 [00:26<02:47,  4.97it/s]Deconvoluting Remaining Spots:  13%|█▎        | 123/956 [00:26<02:42,  5.12it/s]Deconvoluting Remaining Spots:  13%|█▎        | 124/956 [00:26<02:46,  4.99it/s]Deconvoluting Remaining Spots:  13%|█▎        | 125/956 [00:27<02:56,  4.71it/s]Deconvoluting Remaining Spots:  13%|█▎        | 126/956 [00:27<02:56,  4.69it/s]Deconvoluting Remaining Spots:  13%|█▎        | 127/956 [00:27<02:46,  4.97it/s]Deconvoluting Remaining Spots:  13%|█▎        | 128/956 [00:27<02:47,  4.96it/s]Deconvoluting Remaining Spots:  13%|█▎        | 129/956 [00:27<02:34,  5.36it/s]Deconvoluting Remaining Spots:  14%|█▎        | 130/956 [00:28<02:28,  5.56it/s]Deconvoluting Remaining Spots:  14%|█▎        | 131/956 [00:28<02:24,  5.72it/s]Deconvoluting Remaining Spots:  14%|█▍        | 132/956 [00:28<02:34,  5.32it/s]Deconvoluting Remaining Spots:  14%|█▍        | 133/956 [00:28<02:31,  5.45it/s]Deconvoluting Remaining Spots:  14%|█▍        | 134/956 [00:28<02:27,  5.59it/s]Deconvoluting Remaining Spots:  14%|█▍        | 135/956 [00:28<02:29,  5.50it/s]Deconvoluting Remaining Spots:  14%|█▍        | 136/956 [00:29<02:28,  5.53it/s]Deconvoluting Remaining Spots:  14%|█▍        | 137/956 [00:29<02:31,  5.39it/s]Deconvoluting Remaining Spots:  14%|█▍        | 138/956 [00:29<02:30,  5.44it/s]Deconvoluting Remaining Spots:  15%|█▍        | 139/956 [00:29<02:55,  4.66it/s]Deconvoluting Remaining Spots:  15%|█▍        | 141/956 [00:30<02:13,  6.09it/s]Deconvoluting Remaining Spots:  15%|█▍        | 142/956 [00:30<02:20,  5.81it/s]Deconvoluting Remaining Spots:  15%|█▍        | 143/956 [00:30<02:07,  6.39it/s]Deconvoluting Remaining Spots:  15%|█▌        | 144/956 [00:30<02:22,  5.70it/s]Deconvoluting Remaining Spots:  15%|█▌        | 146/956 [00:30<02:00,  6.73it/s]Deconvoluting Remaining Spots:  15%|█▌        | 147/956 [00:30<02:01,  6.68it/s]Deconvoluting Remaining Spots:  15%|█▌        | 148/956 [00:31<02:07,  6.35it/s]Deconvoluting Remaining Spots:  16%|█▌        | 149/956 [00:31<02:03,  6.55it/s]Deconvoluting Remaining Spots:  16%|█▌        | 150/956 [00:31<02:34,  5.23it/s]Deconvoluting Remaining Spots:  16%|█▌        | 151/956 [00:31<02:33,  5.24it/s]Deconvoluting Remaining Spots:  16%|█▌        | 152/956 [00:31<02:12,  6.07it/s]Deconvoluting Remaining Spots:  16%|█▌        | 153/956 [00:32<02:25,  5.54it/s]Deconvoluting Remaining Spots:  16%|█▌        | 154/956 [00:32<02:06,  6.32it/s]Deconvoluting Remaining Spots:  16%|█▌        | 155/956 [00:32<02:17,  5.81it/s]Deconvoluting Remaining Spots:  16%|█▋        | 156/956 [00:32<02:35,  5.13it/s]Deconvoluting Remaining Spots:  16%|█▋        | 157/956 [00:32<02:29,  5.36it/s]Deconvoluting Remaining Spots:  17%|█▋        | 158/956 [00:32<02:34,  5.15it/s]Deconvoluting Remaining Spots:  17%|█▋        | 159/956 [00:33<02:28,  5.36it/s]Deconvoluting Remaining Spots:  17%|█▋        | 160/956 [00:33<02:30,  5.30it/s]Deconvoluting Remaining Spots:  17%|█▋        | 162/956 [00:33<02:19,  5.71it/s]Deconvoluting Remaining Spots:  17%|█▋        | 163/956 [00:33<02:28,  5.35it/s]Deconvoluting Remaining Spots:  17%|█▋        | 164/956 [00:34<02:23,  5.50it/s]Deconvoluting Remaining Spots:  17%|█▋        | 165/956 [00:34<02:23,  5.50it/s]Deconvoluting Remaining Spots:  17%|█▋        | 166/956 [00:34<02:23,  5.52it/s]Deconvoluting Remaining Spots:  17%|█▋        | 167/956 [00:34<02:43,  4.84it/s]Deconvoluting Remaining Spots:  18%|█▊        | 169/956 [00:34<02:16,  5.75it/s]Deconvoluting Remaining Spots:  18%|█▊        | 171/956 [00:35<01:58,  6.62it/s]Deconvoluting Remaining Spots:  18%|█▊        | 172/956 [00:35<01:58,  6.60it/s]Deconvoluting Remaining Spots:  18%|█▊        | 173/956 [00:35<02:00,  6.49it/s]Deconvoluting Remaining Spots:  18%|█▊        | 174/956 [00:35<02:25,  5.39it/s]Deconvoluting Remaining Spots:  18%|█▊        | 176/956 [00:35<01:58,  6.61it/s]Deconvoluting Remaining Spots:  19%|█▊        | 177/956 [00:36<02:11,  5.93it/s]Deconvoluting Remaining Spots:  19%|█▊        | 178/956 [00:36<02:11,  5.92it/s]Deconvoluting Remaining Spots:  19%|█▊        | 179/956 [00:36<02:17,  5.64it/s]Deconvoluting Remaining Spots:  19%|█▉        | 180/956 [00:36<02:10,  5.97it/s]Deconvoluting Remaining Spots:  19%|█▉        | 181/956 [00:36<02:00,  6.45it/s]Deconvoluting Remaining Spots:  19%|█▉        | 182/956 [00:37<02:22,  5.45it/s]Deconvoluting Remaining Spots:  19%|█▉        | 183/956 [00:37<02:22,  5.44it/s]Deconvoluting Remaining Spots:  19%|█▉        | 184/956 [00:37<02:53,  4.44it/s]Deconvoluting Remaining Spots:  19%|█▉        | 185/956 [00:37<02:27,  5.24it/s]Deconvoluting Remaining Spots:  19%|█▉        | 186/956 [00:37<02:21,  5.46it/s]Deconvoluting Remaining Spots:  20%|█▉        | 187/956 [00:38<02:35,  4.95it/s]Deconvoluting Remaining Spots:  20%|█▉        | 188/956 [00:38<02:16,  5.62it/s]Deconvoluting Remaining Spots:  20%|█▉        | 189/956 [00:38<02:31,  5.06it/s]Deconvoluting Remaining Spots:  20%|█▉        | 191/956 [00:38<01:57,  6.48it/s]Deconvoluting Remaining Spots:  20%|██        | 192/956 [00:38<01:56,  6.54it/s]Deconvoluting Remaining Spots:  20%|██        | 193/956 [00:39<01:55,  6.61it/s]Deconvoluting Remaining Spots:  20%|██        | 194/956 [00:39<02:17,  5.54it/s]Deconvoluting Remaining Spots:  21%|██        | 196/956 [00:39<01:48,  7.01it/s]Deconvoluting Remaining Spots:  21%|██        | 197/956 [00:39<01:49,  6.92it/s]Deconvoluting Remaining Spots:  21%|██        | 198/956 [00:39<01:56,  6.52it/s]Deconvoluting Remaining Spots:  21%|██        | 199/956 [00:40<02:12,  5.73it/s]Deconvoluting Remaining Spots:  21%|██        | 200/956 [00:40<02:57,  4.26it/s]2026-02-17 21:37:40,830 - root - INFO - Saved checkpoint after 200 completed spots
Deconvoluting Remaining Spots:  21%|██        | 201/956 [00:41<06:13,  2.02it/s]Deconvoluting Remaining Spots:  22%|██▏       | 209/956 [00:41<01:41,  7.34it/s]Deconvoluting Remaining Spots:  22%|██▏       | 211/956 [00:42<01:50,  6.76it/s]Deconvoluting Remaining Spots:  22%|██▏       | 213/956 [00:42<01:55,  6.44it/s]Deconvoluting Remaining Spots:  22%|██▏       | 214/956 [00:42<02:13,  5.56it/s]Deconvoluting Remaining Spots:  23%|██▎       | 216/956 [00:43<01:57,  6.28it/s]Deconvoluting Remaining Spots:  23%|██▎       | 217/956 [00:43<02:08,  5.75it/s]Deconvoluting Remaining Spots:  23%|██▎       | 218/956 [00:43<02:07,  5.77it/s]Deconvoluting Remaining Spots:  23%|██▎       | 219/956 [00:43<02:09,  5.70it/s]Deconvoluting Remaining Spots:  23%|██▎       | 220/956 [00:43<02:11,  5.60it/s]Deconvoluting Remaining Spots:  23%|██▎       | 221/956 [00:44<02:12,  5.55it/s]Deconvoluting Remaining Spots:  23%|██▎       | 222/956 [00:44<02:13,  5.48it/s]Deconvoluting Remaining Spots:  23%|██▎       | 223/956 [00:44<02:10,  5.64it/s]Deconvoluting Remaining Spots:  23%|██▎       | 224/956 [00:44<01:56,  6.29it/s]Deconvoluting Remaining Spots:  24%|██▎       | 225/956 [00:44<02:10,  5.61it/s]Deconvoluting Remaining Spots:  24%|██▎       | 226/956 [00:44<02:23,  5.08it/s]Deconvoluting Remaining Spots:  24%|██▍       | 228/956 [00:45<01:54,  6.34it/s]Deconvoluting Remaining Spots:  24%|██▍       | 229/956 [00:45<01:55,  6.28it/s]Deconvoluting Remaining Spots:  24%|██▍       | 230/956 [00:45<02:05,  5.81it/s]Deconvoluting Remaining Spots:  24%|██▍       | 231/956 [00:45<02:08,  5.66it/s]Deconvoluting Remaining Spots:  24%|██▍       | 233/956 [00:45<01:48,  6.68it/s]Deconvoluting Remaining Spots:  24%|██▍       | 234/956 [00:46<02:05,  5.74it/s]Deconvoluting Remaining Spots:  25%|██▍       | 235/956 [00:46<01:56,  6.19it/s]Deconvoluting Remaining Spots:  25%|██▍       | 236/956 [00:46<01:53,  6.33it/s]Deconvoluting Remaining Spots:  25%|██▍       | 237/956 [00:46<02:00,  5.95it/s]Deconvoluting Remaining Spots:  25%|██▍       | 238/956 [00:46<02:06,  5.67it/s]Deconvoluting Remaining Spots:  25%|██▌       | 239/956 [00:47<02:09,  5.54it/s]Deconvoluting Remaining Spots:  25%|██▌       | 240/956 [00:47<02:09,  5.54it/s]Deconvoluting Remaining Spots:  25%|██▌       | 241/956 [00:47<02:04,  5.75it/s]Deconvoluting Remaining Spots:  25%|██▌       | 242/956 [00:47<02:26,  4.87it/s]Deconvoluting Remaining Spots:  25%|██▌       | 243/956 [00:47<02:06,  5.63it/s]Deconvoluting Remaining Spots:  26%|██▌       | 244/956 [00:47<02:05,  5.68it/s]Deconvoluting Remaining Spots:  26%|██▌       | 245/956 [00:48<01:57,  6.06it/s]Deconvoluting Remaining Spots:  26%|██▌       | 246/956 [00:48<02:04,  5.72it/s]Deconvoluting Remaining Spots:  26%|██▌       | 247/956 [00:48<02:15,  5.24it/s]Deconvoluting Remaining Spots:  26%|██▌       | 248/956 [00:48<02:14,  5.25it/s]Deconvoluting Remaining Spots:  26%|██▌       | 249/956 [00:49<02:34,  4.57it/s]Deconvoluting Remaining Spots:  26%|██▋       | 251/956 [00:49<02:13,  5.28it/s]Deconvoluting Remaining Spots:  26%|██▋       | 253/956 [00:49<01:55,  6.11it/s]Deconvoluting Remaining Spots:  27%|██▋       | 254/956 [00:49<01:53,  6.17it/s]Deconvoluting Remaining Spots:  27%|██▋       | 255/956 [00:49<01:51,  6.27it/s]Deconvoluting Remaining Spots:  27%|██▋       | 256/956 [00:50<01:54,  6.10it/s]Deconvoluting Remaining Spots:  27%|██▋       | 257/956 [00:50<02:00,  5.82it/s]Deconvoluting Remaining Spots:  27%|██▋       | 258/956 [00:50<02:08,  5.45it/s]Deconvoluting Remaining Spots:  27%|██▋       | 259/956 [00:50<02:01,  5.73it/s]Deconvoluting Remaining Spots:  27%|██▋       | 260/956 [00:50<01:53,  6.12it/s]Deconvoluting Remaining Spots:  27%|██▋       | 261/956 [00:50<02:00,  5.77it/s]Deconvoluting Remaining Spots:  27%|██▋       | 262/956 [00:51<01:55,  6.03it/s]Deconvoluting Remaining Spots:  28%|██▊       | 263/956 [00:51<02:02,  5.64it/s]Deconvoluting Remaining Spots:  28%|██▊       | 264/956 [00:51<02:12,  5.21it/s]Deconvoluting Remaining Spots:  28%|██▊       | 265/956 [00:51<02:15,  5.09it/s]Deconvoluting Remaining Spots:  28%|██▊       | 267/956 [00:52<02:10,  5.30it/s]Deconvoluting Remaining Spots:  28%|██▊       | 268/956 [00:52<01:56,  5.92it/s]Deconvoluting Remaining Spots:  28%|██▊       | 269/956 [00:52<01:59,  5.77it/s]Deconvoluting Remaining Spots:  28%|██▊       | 270/956 [00:52<02:05,  5.48it/s]Deconvoluting Remaining Spots:  28%|██▊       | 271/956 [00:52<02:03,  5.53it/s]Deconvoluting Remaining Spots:  28%|██▊       | 272/956 [00:52<01:59,  5.74it/s]Deconvoluting Remaining Spots:  29%|██▊       | 273/956 [00:53<01:55,  5.89it/s]Deconvoluting Remaining Spots:  29%|██▊       | 274/956 [00:53<01:44,  6.50it/s]Deconvoluting Remaining Spots:  29%|██▉       | 275/956 [00:53<01:59,  5.70it/s]Deconvoluting Remaining Spots:  29%|██▉       | 276/956 [00:53<01:55,  5.88it/s]Deconvoluting Remaining Spots:  29%|██▉       | 277/956 [00:53<01:53,  6.00it/s]Deconvoluting Remaining Spots:  29%|██▉       | 278/956 [00:53<01:48,  6.27it/s]Deconvoluting Remaining Spots:  29%|██▉       | 279/956 [00:54<02:00,  5.64it/s]Deconvoluting Remaining Spots:  29%|██▉       | 280/956 [00:54<02:29,  4.52it/s]Deconvoluting Remaining Spots:  29%|██▉       | 282/956 [00:54<01:51,  6.04it/s]Deconvoluting Remaining Spots:  30%|██▉       | 283/956 [00:54<02:01,  5.56it/s]Deconvoluting Remaining Spots:  30%|██▉       | 285/956 [00:55<02:09,  5.16it/s]Deconvoluting Remaining Spots:  30%|███       | 287/956 [00:55<01:47,  6.23it/s]Deconvoluting Remaining Spots:  30%|███       | 288/956 [00:55<02:06,  5.29it/s]Deconvoluting Remaining Spots:  30%|███       | 289/956 [00:56<02:28,  4.49it/s]Deconvoluting Remaining Spots:  31%|███       | 292/956 [00:56<01:38,  6.74it/s]Deconvoluting Remaining Spots:  31%|███       | 293/956 [00:56<01:51,  5.93it/s]Deconvoluting Remaining Spots:  31%|███       | 295/956 [00:56<01:36,  6.84it/s]Deconvoluting Remaining Spots:  31%|███       | 296/956 [00:57<02:01,  5.45it/s]Deconvoluting Remaining Spots:  31%|███       | 297/956 [00:57<01:56,  5.65it/s]Deconvoluting Remaining Spots:  31%|███▏      | 299/956 [00:57<01:54,  5.76it/s]Deconvoluting Remaining Spots:  31%|███▏      | 300/956 [00:57<01:57,  5.60it/s]2026-02-17 21:37:58,957 - root - INFO - Saved checkpoint after 300 completed spots
Deconvoluting Remaining Spots:  31%|███▏      | 301/956 [00:59<06:17,  1.73it/s]Deconvoluting Remaining Spots:  33%|███▎      | 311/956 [00:59<01:31,  7.03it/s]Deconvoluting Remaining Spots:  33%|███▎      | 314/956 [01:00<01:35,  6.72it/s]Deconvoluting Remaining Spots:  33%|███▎      | 316/956 [01:00<01:40,  6.35it/s]Deconvoluting Remaining Spots:  33%|███▎      | 318/956 [01:01<01:44,  6.08it/s]Deconvoluting Remaining Spots:  33%|███▎      | 320/956 [01:01<01:47,  5.90it/s]Deconvoluting Remaining Spots:  34%|███▎      | 321/956 [01:01<01:48,  5.83it/s]Deconvoluting Remaining Spots:  34%|███▎      | 322/956 [01:01<01:52,  5.66it/s]Deconvoluting Remaining Spots:  34%|███▍      | 323/956 [01:02<02:07,  4.98it/s]Deconvoluting Remaining Spots:  34%|███▍      | 324/956 [01:02<02:00,  5.23it/s]Deconvoluting Remaining Spots:  34%|███▍      | 325/956 [01:02<02:06,  5.00it/s]Deconvoluting Remaining Spots:  34%|███▍      | 326/956 [01:02<02:03,  5.08it/s]Deconvoluting Remaining Spots:  34%|███▍      | 327/956 [01:02<02:02,  5.16it/s]Deconvoluting Remaining Spots:  34%|███▍      | 328/956 [01:03<01:57,  5.34it/s]Deconvoluting Remaining Spots:  34%|███▍      | 329/956 [01:03<02:12,  4.74it/s]Deconvoluting Remaining Spots:  35%|███▍      | 330/956 [01:03<02:07,  4.92it/s]Deconvoluting Remaining Spots:  35%|███▍      | 331/956 [01:03<02:03,  5.07it/s]Deconvoluting Remaining Spots:  35%|███▍      | 332/956 [01:03<02:02,  5.08it/s]Deconvoluting Remaining Spots:  35%|███▍      | 333/956 [01:04<02:06,  4.94it/s]Deconvoluting Remaining Spots:  35%|███▍      | 334/956 [01:04<02:12,  4.71it/s]Deconvoluting Remaining Spots:  35%|███▌      | 336/956 [01:04<01:42,  6.05it/s]Deconvoluting Remaining Spots:  35%|███▌      | 337/956 [01:04<01:35,  6.51it/s]Deconvoluting Remaining Spots:  35%|███▌      | 338/956 [01:04<01:35,  6.49it/s]Deconvoluting Remaining Spots:  36%|███▌      | 340/956 [01:05<01:25,  7.23it/s]Deconvoluting Remaining Spots:  36%|███▌      | 341/956 [01:05<01:46,  5.78it/s]Deconvoluting Remaining Spots:  36%|███▌      | 342/956 [01:05<01:43,  5.94it/s]Deconvoluting Remaining Spots:  36%|███▌      | 343/956 [01:05<01:40,  6.13it/s]Deconvoluting Remaining Spots:  36%|███▌      | 344/956 [01:05<01:41,  6.05it/s]Deconvoluting Remaining Spots:  36%|███▌      | 345/956 [01:06<01:40,  6.05it/s]Deconvoluting Remaining Spots:  36%|███▌      | 346/956 [01:06<01:49,  5.57it/s]Deconvoluting Remaining Spots:  36%|███▋      | 347/956 [01:06<01:51,  5.48it/s]Deconvoluting Remaining Spots:  36%|███▋      | 348/956 [01:06<01:50,  5.51it/s]Deconvoluting Remaining Spots:  37%|███▋      | 349/956 [01:06<02:05,  4.83it/s]Deconvoluting Remaining Spots:  37%|███▋      | 350/956 [01:07<02:00,  5.04it/s]Deconvoluting Remaining Spots:  37%|███▋      | 351/956 [01:07<01:59,  5.05it/s]Deconvoluting Remaining Spots:  37%|███▋      | 352/956 [01:07<01:48,  5.54it/s]Deconvoluting Remaining Spots:  37%|███▋      | 353/956 [01:07<01:39,  6.05it/s]Deconvoluting Remaining Spots:  37%|███▋      | 354/956 [01:07<01:37,  6.16it/s]Deconvoluting Remaining Spots:  37%|███▋      | 355/956 [01:07<01:41,  5.89it/s]Deconvoluting Remaining Spots:  37%|███▋      | 356/956 [01:08<01:41,  5.92it/s]Deconvoluting Remaining Spots:  37%|███▋      | 357/956 [01:08<01:40,  5.94it/s]Deconvoluting Remaining Spots:  37%|███▋      | 358/956 [01:08<01:43,  5.75it/s]Deconvoluting Remaining Spots:  38%|███▊      | 359/956 [01:08<01:38,  6.03it/s]Deconvoluting Remaining Spots:  38%|███▊      | 360/956 [01:08<01:43,  5.73it/s]Deconvoluting Remaining Spots:  38%|███▊      | 361/956 [01:08<01:49,  5.45it/s]Deconvoluting Remaining Spots:  38%|███▊      | 362/956 [01:09<02:01,  4.90it/s]Deconvoluting Remaining Spots:  38%|███▊      | 363/956 [01:09<02:04,  4.77it/s]Deconvoluting Remaining Spots:  38%|███▊      | 364/956 [01:09<01:45,  5.64it/s]Deconvoluting Remaining Spots:  38%|███▊      | 365/956 [01:09<01:44,  5.66it/s]Deconvoluting Remaining Spots:  38%|███▊      | 366/956 [01:09<01:58,  5.00it/s]Deconvoluting Remaining Spots:  38%|███▊      | 367/956 [01:10<02:07,  4.62it/s]Deconvoluting Remaining Spots:  39%|███▊      | 369/956 [01:10<01:32,  6.32it/s]Deconvoluting Remaining Spots:  39%|███▊      | 370/956 [01:10<01:36,  6.10it/s]Deconvoluting Remaining Spots:  39%|███▉      | 371/956 [01:10<01:35,  6.12it/s]Deconvoluting Remaining Spots:  39%|███▉      | 372/956 [01:10<01:34,  6.20it/s]Deconvoluting Remaining Spots:  39%|███▉      | 373/956 [01:11<01:39,  5.84it/s]Deconvoluting Remaining Spots:  39%|███▉      | 374/956 [01:11<01:39,  5.84it/s]Deconvoluting Remaining Spots:  39%|███▉      | 375/956 [01:11<01:46,  5.47it/s]Deconvoluting Remaining Spots:  39%|███▉      | 376/956 [01:11<01:44,  5.53it/s]Deconvoluting Remaining Spots:  39%|███▉      | 377/956 [01:11<01:45,  5.46it/s]Deconvoluting Remaining Spots:  40%|███▉      | 378/956 [01:12<01:46,  5.42it/s]Deconvoluting Remaining Spots:  40%|███▉      | 379/956 [01:12<01:54,  5.03it/s]Deconvoluting Remaining Spots:  40%|███▉      | 380/956 [01:12<01:40,  5.75it/s]Deconvoluting Remaining Spots:  40%|███▉      | 381/956 [01:12<01:43,  5.56it/s]Deconvoluting Remaining Spots:  40%|███▉      | 382/956 [01:12<01:34,  6.06it/s]Deconvoluting Remaining Spots:  40%|████      | 383/956 [01:12<01:40,  5.72it/s]Deconvoluting Remaining Spots:  40%|████      | 384/956 [01:13<01:43,  5.53it/s]Deconvoluting Remaining Spots:  40%|████      | 385/956 [01:13<01:32,  6.15it/s]Deconvoluting Remaining Spots:  40%|████      | 386/956 [01:13<01:43,  5.48it/s]Deconvoluting Remaining Spots:  40%|████      | 387/956 [01:13<01:44,  5.47it/s]Deconvoluting Remaining Spots:  41%|████      | 388/956 [01:13<01:40,  5.66it/s]Deconvoluting Remaining Spots:  41%|████      | 389/956 [01:13<01:37,  5.83it/s]Deconvoluting Remaining Spots:  41%|████      | 390/956 [01:14<01:41,  5.56it/s]Deconvoluting Remaining Spots:  41%|████      | 391/956 [01:14<01:45,  5.34it/s]Deconvoluting Remaining Spots:  41%|████      | 392/956 [01:14<01:53,  4.95it/s]Deconvoluting Remaining Spots:  41%|████      | 394/956 [01:14<01:25,  6.55it/s]Deconvoluting Remaining Spots:  41%|████▏     | 395/956 [01:14<01:27,  6.42it/s]Deconvoluting Remaining Spots:  41%|████▏     | 396/956 [01:15<01:32,  6.07it/s]Deconvoluting Remaining Spots:  42%|████▏     | 397/956 [01:15<01:29,  6.21it/s]Deconvoluting Remaining Spots:  42%|████▏     | 398/956 [01:15<01:33,  5.99it/s]Deconvoluting Remaining Spots:  42%|████▏     | 399/956 [01:15<01:28,  6.28it/s]Deconvoluting Remaining Spots:  42%|████▏     | 400/956 [01:15<01:25,  6.48it/s]2026-02-17 21:38:17,412 - root - INFO - Saved checkpoint after 400 completed spots
Deconvoluting Remaining Spots:  42%|████▏     | 401/956 [01:18<07:33,  1.22it/s]Deconvoluting Remaining Spots:  43%|████▎     | 414/956 [01:18<01:12,  7.48it/s]Deconvoluting Remaining Spots:  44%|████▍     | 419/956 [01:19<01:21,  6.58it/s]Deconvoluting Remaining Spots:  44%|████▍     | 422/956 [01:19<01:32,  5.80it/s]Deconvoluting Remaining Spots:  44%|████▍     | 425/956 [01:20<01:31,  5.79it/s]Deconvoluting Remaining Spots:  45%|████▍     | 427/956 [01:20<01:36,  5.48it/s]Deconvoluting Remaining Spots:  45%|████▍     | 429/956 [01:21<01:34,  5.58it/s]Deconvoluting Remaining Spots:  45%|████▌     | 431/956 [01:21<01:31,  5.75it/s]Deconvoluting Remaining Spots:  45%|████▌     | 432/956 [01:21<01:32,  5.69it/s]Deconvoluting Remaining Spots:  45%|████▌     | 434/956 [01:22<01:30,  5.75it/s]Deconvoluting Remaining Spots:  46%|████▌     | 435/956 [01:22<01:31,  5.72it/s]Deconvoluting Remaining Spots:  46%|████▌     | 436/956 [01:22<01:23,  6.21it/s]Deconvoluting Remaining Spots:  46%|████▌     | 437/956 [01:22<01:26,  6.03it/s]Deconvoluting Remaining Spots:  46%|████▌     | 438/956 [01:22<01:27,  5.90it/s]Deconvoluting Remaining Spots:  46%|████▌     | 439/956 [01:22<01:30,  5.71it/s]Deconvoluting Remaining Spots:  46%|████▌     | 440/956 [01:23<01:44,  4.95it/s]Deconvoluting Remaining Spots:  46%|████▌     | 442/956 [01:23<01:19,  6.49it/s]Deconvoluting Remaining Spots:  46%|████▋     | 443/956 [01:23<01:24,  6.10it/s]Deconvoluting Remaining Spots:  46%|████▋     | 444/956 [01:23<01:24,  6.08it/s]Deconvoluting Remaining Spots:  47%|████▋     | 445/956 [01:23<01:26,  5.93it/s]Deconvoluting Remaining Spots:  47%|████▋     | 446/956 [01:24<01:34,  5.38it/s]Deconvoluting Remaining Spots:  47%|████▋     | 447/956 [01:24<01:29,  5.71it/s]Deconvoluting Remaining Spots:  47%|████▋     | 448/956 [01:24<01:20,  6.30it/s]Deconvoluting Remaining Spots:  47%|████▋     | 449/956 [01:24<01:36,  5.24it/s]Deconvoluting Remaining Spots:  47%|████▋     | 450/956 [01:24<01:25,  5.90it/s]Deconvoluting Remaining Spots:  47%|████▋     | 451/956 [01:25<01:28,  5.69it/s]Deconvoluting Remaining Spots:  47%|████▋     | 452/956 [01:25<01:35,  5.30it/s]Deconvoluting Remaining Spots:  47%|████▋     | 453/956 [01:25<01:42,  4.90it/s]Deconvoluting Remaining Spots:  47%|████▋     | 454/956 [01:25<01:46,  4.70it/s]Deconvoluting Remaining Spots:  48%|████▊     | 455/956 [01:25<01:38,  5.08it/s]Deconvoluting Remaining Spots:  48%|████▊     | 456/956 [01:26<01:43,  4.85it/s]Deconvoluting Remaining Spots:  48%|████▊     | 457/956 [01:26<01:35,  5.24it/s]Deconvoluting Remaining Spots:  48%|████▊     | 458/956 [01:26<01:28,  5.60it/s]Deconvoluting Remaining Spots:  48%|████▊     | 459/956 [01:26<01:27,  5.68it/s]Deconvoluting Remaining Spots:  48%|████▊     | 460/956 [01:26<01:27,  5.67it/s]Deconvoluting Remaining Spots:  48%|████▊     | 461/956 [01:26<01:24,  5.87it/s]Deconvoluting Remaining Spots:  48%|████▊     | 462/956 [01:27<01:25,  5.75it/s]Deconvoluting Remaining Spots:  48%|████▊     | 463/956 [01:27<01:26,  5.70it/s]Deconvoluting Remaining Spots:  49%|████▊     | 464/956 [01:27<01:25,  5.78it/s]Deconvoluting Remaining Spots:  49%|████▊     | 465/956 [01:27<01:28,  5.54it/s]Deconvoluting Remaining Spots:  49%|████▊     | 466/956 [01:27<01:25,  5.70it/s]Deconvoluting Remaining Spots:  49%|████▉     | 467/956 [01:27<01:26,  5.63it/s]Deconvoluting Remaining Spots:  49%|████▉     | 468/956 [01:28<01:26,  5.67it/s]Deconvoluting Remaining Spots:  49%|████▉     | 469/956 [01:28<01:42,  4.76it/s]Deconvoluting Remaining Spots:  49%|████▉     | 470/956 [01:28<01:27,  5.54it/s]Deconvoluting Remaining Spots:  49%|████▉     | 471/956 [01:28<01:24,  5.73it/s]Deconvoluting Remaining Spots:  49%|████▉     | 472/956 [01:28<01:28,  5.49it/s]Deconvoluting Remaining Spots:  49%|████▉     | 473/956 [01:29<01:25,  5.62it/s]Deconvoluting Remaining Spots:  50%|████▉     | 474/956 [01:29<01:23,  5.75it/s]Deconvoluting Remaining Spots:  50%|████▉     | 475/956 [01:29<01:24,  5.66it/s]Deconvoluting Remaining Spots:  50%|████▉     | 476/956 [01:29<01:18,  6.11it/s]Deconvoluting Remaining Spots:  50%|████▉     | 477/956 [01:29<01:22,  5.84it/s]Deconvoluting Remaining Spots:  50%|█████     | 478/956 [01:29<01:18,  6.06it/s]Deconvoluting Remaining Spots:  50%|█████     | 479/956 [01:30<01:29,  5.31it/s]Deconvoluting Remaining Spots:  50%|█████     | 480/956 [01:30<01:19,  6.02it/s]Deconvoluting Remaining Spots:  50%|█████     | 481/956 [01:30<01:20,  5.87it/s]Deconvoluting Remaining Spots:  50%|█████     | 482/956 [01:30<01:23,  5.69it/s]Deconvoluting Remaining Spots:  51%|█████     | 483/956 [01:30<01:24,  5.62it/s]Deconvoluting Remaining Spots:  51%|█████     | 484/956 [01:31<01:30,  5.20it/s]Deconvoluting Remaining Spots:  51%|█████     | 485/956 [01:31<01:21,  5.80it/s]Deconvoluting Remaining Spots:  51%|█████     | 486/956 [01:31<01:23,  5.60it/s]Deconvoluting Remaining Spots:  51%|█████     | 487/956 [01:31<01:25,  5.49it/s]Deconvoluting Remaining Spots:  51%|█████     | 488/956 [01:31<01:22,  5.67it/s]Deconvoluting Remaining Spots:  51%|█████     | 489/956 [01:31<01:27,  5.34it/s]Deconvoluting Remaining Spots:  51%|█████▏    | 490/956 [01:32<01:20,  5.78it/s]Deconvoluting Remaining Spots:  51%|█████▏    | 491/956 [01:32<01:18,  5.95it/s]Deconvoluting Remaining Spots:  51%|█████▏    | 492/956 [01:32<01:21,  5.69it/s]Deconvoluting Remaining Spots:  52%|█████▏    | 493/956 [01:32<01:15,  6.11it/s]Deconvoluting Remaining Spots:  52%|█████▏    | 494/956 [01:32<01:21,  5.66it/s]Deconvoluting Remaining Spots:  52%|█████▏    | 495/956 [01:32<01:18,  5.90it/s]Deconvoluting Remaining Spots:  52%|█████▏    | 496/956 [01:33<01:18,  5.83it/s]Deconvoluting Remaining Spots:  52%|█████▏    | 497/956 [01:33<01:27,  5.26it/s]Deconvoluting Remaining Spots:  52%|█████▏    | 498/956 [01:33<01:38,  4.66it/s]Deconvoluting Remaining Spots:  52%|█████▏    | 500/956 [01:33<01:17,  5.89it/s]2026-02-17 21:38:36,431 - root - INFO - Saved checkpoint after 500 completed spots
Deconvoluting Remaining Spots:  52%|█████▏    | 501/956 [01:37<07:15,  1.04it/s]Deconvoluting Remaining Spots:  54%|█████▍    | 520/956 [01:37<00:57,  7.55it/s]Deconvoluting Remaining Spots:  55%|█████▍    | 524/956 [01:38<01:00,  7.13it/s]Deconvoluting Remaining Spots:  55%|█████▌    | 527/956 [01:38<01:01,  6.92it/s]Deconvoluting Remaining Spots:  55%|█████▌    | 529/956 [01:38<01:05,  6.53it/s]Deconvoluting Remaining Spots:  56%|█████▌    | 531/956 [01:39<01:08,  6.17it/s]Deconvoluting Remaining Spots:  56%|█████▌    | 533/956 [01:39<01:08,  6.16it/s]Deconvoluting Remaining Spots:  56%|█████▌    | 535/956 [01:39<01:07,  6.24it/s]Deconvoluting Remaining Spots:  56%|█████▌    | 536/956 [01:40<01:04,  6.54it/s]Deconvoluting Remaining Spots:  56%|█████▌    | 537/956 [01:40<01:06,  6.35it/s]Deconvoluting Remaining Spots:  56%|█████▋    | 538/956 [01:40<01:14,  5.65it/s]Deconvoluting Remaining Spots:  56%|█████▋    | 540/956 [01:40<01:00,  6.87it/s]Deconvoluting Remaining Spots:  57%|█████▋    | 541/956 [01:40<00:59,  6.96it/s]Deconvoluting Remaining Spots:  57%|█████▋    | 542/956 [01:41<01:03,  6.53it/s]Deconvoluting Remaining Spots:  57%|█████▋    | 543/956 [01:41<01:04,  6.44it/s]Deconvoluting Remaining Spots:  57%|█████▋    | 544/956 [01:41<01:11,  5.80it/s]Deconvoluting Remaining Spots:  57%|█████▋    | 545/956 [01:41<01:23,  4.94it/s]Deconvoluting Remaining Spots:  57%|█████▋    | 547/956 [01:41<01:04,  6.38it/s]Deconvoluting Remaining Spots:  57%|█████▋    | 548/956 [01:42<01:02,  6.51it/s]Deconvoluting Remaining Spots:  57%|█████▋    | 549/956 [01:42<01:02,  6.47it/s]Deconvoluting Remaining Spots:  58%|█████▊    | 550/956 [01:42<01:02,  6.45it/s]Deconvoluting Remaining Spots:  58%|█████▊    | 551/956 [01:42<01:02,  6.48it/s]Deconvoluting Remaining Spots:  58%|█████▊    | 552/956 [01:42<01:22,  4.89it/s]Deconvoluting Remaining Spots:  58%|█████▊    | 554/956 [01:43<01:09,  5.79it/s]Deconvoluting Remaining Spots:  58%|█████▊    | 556/956 [01:43<01:00,  6.62it/s]Deconvoluting Remaining Spots:  58%|█████▊    | 557/956 [01:43<01:04,  6.21it/s]Deconvoluting Remaining Spots:  58%|█████▊    | 558/956 [01:43<01:14,  5.37it/s]Deconvoluting Remaining Spots:  58%|█████▊    | 559/956 [01:43<01:12,  5.51it/s]Deconvoluting Remaining Spots:  59%|█████▊    | 560/956 [01:44<01:08,  5.74it/s]Deconvoluting Remaining Spots:  59%|█████▊    | 561/956 [01:44<01:04,  6.14it/s]Deconvoluting Remaining Spots:  59%|█████▉    | 562/956 [01:44<01:04,  6.11it/s]Deconvoluting Remaining Spots:  59%|█████▉    | 563/956 [01:44<01:08,  5.76it/s]Deconvoluting Remaining Spots:  59%|█████▉    | 565/956 [01:44<00:57,  6.78it/s]Deconvoluting Remaining Spots:  59%|█████▉    | 566/956 [01:44<00:57,  6.74it/s]Deconvoluting Remaining Spots:  59%|█████▉    | 567/956 [01:45<01:04,  6.01it/s]Deconvoluting Remaining Spots:  59%|█████▉    | 568/956 [01:45<01:07,  5.73it/s]Deconvoluting Remaining Spots:  60%|█████▉    | 569/956 [01:45<01:15,  5.11it/s]Deconvoluting Remaining Spots:  60%|█████▉    | 571/956 [01:45<01:00,  6.38it/s]Deconvoluting Remaining Spots:  60%|█████▉    | 572/956 [01:46<00:58,  6.54it/s]Deconvoluting Remaining Spots:  60%|█████▉    | 573/956 [01:46<01:07,  5.71it/s]Deconvoluting Remaining Spots:  60%|██████    | 575/956 [01:46<00:58,  6.47it/s]Deconvoluting Remaining Spots:  60%|██████    | 576/956 [01:46<00:58,  6.50it/s]Deconvoluting Remaining Spots:  60%|██████    | 577/956 [01:46<01:02,  6.11it/s]Deconvoluting Remaining Spots:  60%|██████    | 578/956 [01:46<00:58,  6.44it/s]Deconvoluting Remaining Spots:  61%|██████    | 579/956 [01:47<00:58,  6.41it/s]Deconvoluting Remaining Spots:  61%|██████    | 580/956 [01:47<01:01,  6.13it/s]Deconvoluting Remaining Spots:  61%|██████    | 581/956 [01:47<00:58,  6.41it/s]Deconvoluting Remaining Spots:  61%|██████    | 582/956 [01:47<01:03,  5.92it/s]Deconvoluting Remaining Spots:  61%|██████    | 583/956 [01:47<01:05,  5.72it/s]Deconvoluting Remaining Spots:  61%|██████    | 584/956 [01:48<01:20,  4.65it/s]Deconvoluting Remaining Spots:  61%|██████    | 585/956 [01:48<01:20,  4.59it/s]Deconvoluting Remaining Spots:  61%|██████▏   | 587/956 [01:48<00:55,  6.65it/s]Deconvoluting Remaining Spots:  62%|██████▏   | 588/956 [01:48<00:57,  6.44it/s]Deconvoluting Remaining Spots:  62%|██████▏   | 589/956 [01:48<00:59,  6.19it/s]Deconvoluting Remaining Spots:  62%|██████▏   | 590/956 [01:49<00:59,  6.16it/s]Deconvoluting Remaining Spots:  62%|██████▏   | 591/956 [01:49<00:56,  6.46it/s]Deconvoluting Remaining Spots:  62%|██████▏   | 592/956 [01:49<00:59,  6.11it/s]Deconvoluting Remaining Spots:  62%|██████▏   | 593/956 [01:49<01:00,  6.05it/s]Deconvoluting Remaining Spots:  62%|██████▏   | 594/956 [01:49<00:59,  6.09it/s]Deconvoluting Remaining Spots:  62%|██████▏   | 595/956 [01:49<00:58,  6.20it/s]Deconvoluting Remaining Spots:  62%|██████▏   | 596/956 [01:50<01:14,  4.85it/s]Deconvoluting Remaining Spots:  63%|██████▎   | 598/956 [01:50<00:54,  6.61it/s]Deconvoluting Remaining Spots:  63%|██████▎   | 599/956 [01:50<01:06,  5.38it/s]2026-02-17 21:38:53,625 - root - INFO - Saved checkpoint after 600 completed spots
Deconvoluting Remaining Spots:  63%|██████▎   | 601/956 [01:54<05:13,  1.13it/s]Deconvoluting Remaining Spots:  65%|██████▍   | 621/956 [01:54<00:45,  7.36it/s]Deconvoluting Remaining Spots:  65%|██████▌   | 625/956 [01:55<00:44,  7.45it/s]Deconvoluting Remaining Spots:  66%|██████▌   | 628/956 [01:55<00:45,  7.28it/s]Deconvoluting Remaining Spots:  66%|██████▌   | 631/956 [01:56<00:46,  7.02it/s]Deconvoluting Remaining Spots:  66%|██████▌   | 633/956 [01:56<00:47,  6.86it/s]Deconvoluting Remaining Spots:  66%|██████▋   | 635/956 [01:56<00:48,  6.57it/s]Deconvoluting Remaining Spots:  67%|██████▋   | 637/956 [01:57<00:51,  6.17it/s]Deconvoluting Remaining Spots:  67%|██████▋   | 638/956 [01:57<00:51,  6.18it/s]Deconvoluting Remaining Spots:  67%|██████▋   | 639/956 [01:57<01:01,  5.13it/s]Deconvoluting Remaining Spots:  67%|██████▋   | 640/956 [01:57<00:56,  5.58it/s]Deconvoluting Remaining Spots:  67%|██████▋   | 641/956 [01:57<00:53,  5.86it/s]Deconvoluting Remaining Spots:  67%|██████▋   | 643/956 [01:58<00:45,  6.87it/s]Deconvoluting Remaining Spots:  67%|██████▋   | 644/956 [01:58<00:46,  6.67it/s]Deconvoluting Remaining Spots:  67%|██████▋   | 645/956 [01:58<00:43,  7.21it/s]Deconvoluting Remaining Spots:  68%|██████▊   | 646/956 [01:58<00:43,  7.06it/s]Deconvoluting Remaining Spots:  68%|██████▊   | 647/956 [01:58<00:44,  6.90it/s]Deconvoluting Remaining Spots:  68%|██████▊   | 648/956 [01:58<00:46,  6.65it/s]Deconvoluting Remaining Spots:  68%|██████▊   | 649/956 [01:59<00:54,  5.59it/s]Deconvoluting Remaining Spots:  68%|██████▊   | 650/956 [01:59<00:48,  6.37it/s]Deconvoluting Remaining Spots:  68%|██████▊   | 651/956 [01:59<00:49,  6.13it/s]Deconvoluting Remaining Spots:  68%|██████▊   | 652/956 [01:59<00:56,  5.40it/s]Deconvoluting Remaining Spots:  68%|██████▊   | 654/956 [01:59<00:47,  6.38it/s]Deconvoluting Remaining Spots:  69%|██████▊   | 655/956 [02:00<00:53,  5.58it/s]Deconvoluting Remaining Spots:  69%|██████▊   | 656/956 [02:00<00:51,  5.87it/s]Deconvoluting Remaining Spots:  69%|██████▊   | 657/956 [02:00<00:50,  5.89it/s]Deconvoluting Remaining Spots:  69%|██████▉   | 658/956 [02:00<00:45,  6.59it/s]Deconvoluting Remaining Spots:  69%|██████▉   | 659/956 [02:00<00:46,  6.33it/s]Deconvoluting Remaining Spots:  69%|██████▉   | 660/956 [02:00<00:49,  5.96it/s]Deconvoluting Remaining Spots:  69%|██████▉   | 661/956 [02:01<00:49,  6.01it/s]Deconvoluting Remaining Spots:  69%|██████▉   | 662/956 [02:01<00:46,  6.37it/s]Deconvoluting Remaining Spots:  69%|██████▉   | 663/956 [02:01<00:47,  6.14it/s]Deconvoluting Remaining Spots:  69%|██████▉   | 664/956 [02:01<00:46,  6.35it/s]Deconvoluting Remaining Spots:  70%|██████▉   | 665/956 [02:01<00:46,  6.21it/s]Deconvoluting Remaining Spots:  70%|██████▉   | 666/956 [02:01<00:49,  5.89it/s]Deconvoluting Remaining Spots:  70%|██████▉   | 667/956 [02:02<00:49,  5.78it/s]Deconvoluting Remaining Spots:  70%|██████▉   | 668/956 [02:02<00:55,  5.16it/s]Deconvoluting Remaining Spots:  70%|██████▉   | 669/956 [02:02<00:54,  5.30it/s]Deconvoluting Remaining Spots:  70%|███████   | 671/956 [02:02<00:44,  6.35it/s]Deconvoluting Remaining Spots:  70%|███████   | 672/956 [02:02<00:45,  6.24it/s]Deconvoluting Remaining Spots:  70%|███████   | 673/956 [02:03<00:44,  6.32it/s]Deconvoluting Remaining Spots:  71%|███████   | 674/956 [02:03<00:49,  5.70it/s]Deconvoluting Remaining Spots:  71%|███████   | 675/956 [02:03<00:50,  5.57it/s]Deconvoluting Remaining Spots:  71%|███████   | 676/956 [02:03<00:44,  6.33it/s]Deconvoluting Remaining Spots:  71%|███████   | 677/956 [02:03<00:43,  6.48it/s]Deconvoluting Remaining Spots:  71%|███████   | 678/956 [02:03<00:44,  6.22it/s]Deconvoluting Remaining Spots:  71%|███████   | 679/956 [02:03<00:43,  6.38it/s]Deconvoluting Remaining Spots:  71%|███████   | 680/956 [02:04<00:41,  6.72it/s]Deconvoluting Remaining Spots:  71%|███████   | 681/956 [02:04<00:44,  6.24it/s]Deconvoluting Remaining Spots:  71%|███████▏  | 682/956 [02:04<00:48,  5.67it/s]Deconvoluting Remaining Spots:  71%|███████▏  | 683/956 [02:04<00:54,  4.98it/s]Deconvoluting Remaining Spots:  72%|███████▏  | 685/956 [02:05<00:48,  5.61it/s]Deconvoluting Remaining Spots:  72%|███████▏  | 686/956 [02:05<00:43,  6.24it/s]Deconvoluting Remaining Spots:  72%|███████▏  | 687/956 [02:05<00:42,  6.35it/s]Deconvoluting Remaining Spots:  72%|███████▏  | 688/956 [02:05<00:42,  6.25it/s]Deconvoluting Remaining Spots:  72%|███████▏  | 689/956 [02:05<00:47,  5.65it/s]Deconvoluting Remaining Spots:  72%|███████▏  | 690/956 [02:05<00:43,  6.09it/s]Deconvoluting Remaining Spots:  72%|███████▏  | 691/956 [02:05<00:41,  6.38it/s]Deconvoluting Remaining Spots:  72%|███████▏  | 692/956 [02:06<00:43,  6.12it/s]Deconvoluting Remaining Spots:  72%|███████▏  | 693/956 [02:06<00:40,  6.47it/s]Deconvoluting Remaining Spots:  73%|███████▎  | 694/956 [02:06<00:40,  6.44it/s]Deconvoluting Remaining Spots:  73%|███████▎  | 695/956 [02:06<00:46,  5.58it/s]Deconvoluting Remaining Spots:  73%|███████▎  | 696/956 [02:06<00:41,  6.29it/s]Deconvoluting Remaining Spots:  73%|███████▎  | 697/956 [02:06<00:42,  6.11it/s]Deconvoluting Remaining Spots:  73%|███████▎  | 698/956 [02:07<00:43,  5.95it/s]Deconvoluting Remaining Spots:  73%|███████▎  | 699/956 [02:07<00:43,  5.85it/s]Deconvoluting Remaining Spots:  73%|███████▎  | 700/956 [02:07<00:43,  5.83it/s]2026-02-17 21:39:10,872 - root - INFO - Saved checkpoint after 700 completed spots
Deconvoluting Remaining Spots:  73%|███████▎  | 701/956 [02:11<05:43,  1.35s/it]Deconvoluting Remaining Spots:  76%|███████▌  | 725/956 [02:11<00:28,  8.00it/s]Deconvoluting Remaining Spots:  76%|███████▋  | 731/956 [02:12<00:30,  7.26it/s]Deconvoluting Remaining Spots:  77%|███████▋  | 735/956 [02:13<00:31,  6.93it/s]Deconvoluting Remaining Spots:  77%|███████▋  | 738/956 [02:13<00:31,  6.87it/s]Deconvoluting Remaining Spots:  78%|███████▊  | 741/956 [02:14<00:31,  6.81it/s]Deconvoluting Remaining Spots:  78%|███████▊  | 743/956 [02:14<00:32,  6.63it/s]Deconvoluting Remaining Spots:  78%|███████▊  | 745/956 [02:15<00:33,  6.24it/s]Deconvoluting Remaining Spots:  78%|███████▊  | 747/956 [02:15<00:33,  6.27it/s]Deconvoluting Remaining Spots:  78%|███████▊  | 748/956 [02:15<00:33,  6.25it/s]Deconvoluting Remaining Spots:  78%|███████▊  | 749/956 [02:15<00:33,  6.18it/s]Deconvoluting Remaining Spots:  78%|███████▊  | 750/956 [02:15<00:33,  6.17it/s]Deconvoluting Remaining Spots:  79%|███████▊  | 751/956 [02:16<00:33,  6.18it/s]Deconvoluting Remaining Spots:  79%|███████▊  | 752/956 [02:16<00:33,  6.08it/s]Deconvoluting Remaining Spots:  79%|███████▉  | 753/956 [02:16<00:34,  5.95it/s]Deconvoluting Remaining Spots:  79%|███████▉  | 755/956 [02:16<00:31,  6.30it/s]Deconvoluting Remaining Spots:  79%|███████▉  | 756/956 [02:16<00:30,  6.66it/s]Deconvoluting Remaining Spots:  79%|███████▉  | 757/956 [02:17<00:34,  5.85it/s]Deconvoluting Remaining Spots:  79%|███████▉  | 759/956 [02:17<00:28,  6.93it/s]Deconvoluting Remaining Spots:  79%|███████▉  | 760/956 [02:17<00:29,  6.66it/s]Deconvoluting Remaining Spots:  80%|███████▉  | 761/956 [02:17<00:28,  6.75it/s]Deconvoluting Remaining Spots:  80%|███████▉  | 762/956 [02:17<00:29,  6.61it/s]Deconvoluting Remaining Spots:  80%|███████▉  | 763/956 [02:17<00:29,  6.51it/s]Deconvoluting Remaining Spots:  80%|███████▉  | 764/956 [02:18<00:31,  6.07it/s]Deconvoluting Remaining Spots:  80%|████████  | 765/956 [02:18<00:30,  6.27it/s]Deconvoluting Remaining Spots:  80%|████████  | 766/956 [02:18<00:30,  6.27it/s]Deconvoluting Remaining Spots:  80%|████████  | 767/956 [02:18<00:30,  6.16it/s]Deconvoluting Remaining Spots:  80%|████████  | 768/956 [02:18<00:32,  5.79it/s]Deconvoluting Remaining Spots:  80%|████████  | 769/956 [02:19<00:31,  5.91it/s]Deconvoluting Remaining Spots:  81%|████████  | 770/956 [02:19<00:30,  6.10it/s]Deconvoluting Remaining Spots:  81%|████████  | 771/956 [02:19<00:31,  5.82it/s]Deconvoluting Remaining Spots:  81%|████████  | 772/956 [02:19<00:28,  6.36it/s]Deconvoluting Remaining Spots:  81%|████████  | 773/956 [02:19<00:32,  5.64it/s]Deconvoluting Remaining Spots:  81%|████████  | 774/956 [02:19<00:28,  6.43it/s]Deconvoluting Remaining Spots:  81%|████████  | 775/956 [02:19<00:29,  6.19it/s]Deconvoluting Remaining Spots:  81%|████████  | 776/956 [02:20<00:34,  5.28it/s]Deconvoluting Remaining Spots:  81%|████████▏ | 777/956 [02:20<00:31,  5.64it/s]Deconvoluting Remaining Spots:  81%|████████▏ | 779/956 [02:20<00:26,  6.67it/s]Deconvoluting Remaining Spots:  82%|████████▏ | 780/956 [02:20<00:27,  6.33it/s]Deconvoluting Remaining Spots:  82%|████████▏ | 781/956 [02:20<00:28,  6.17it/s]Deconvoluting Remaining Spots:  82%|████████▏ | 782/956 [02:21<00:27,  6.43it/s]Deconvoluting Remaining Spots:  82%|████████▏ | 783/956 [02:21<00:28,  6.08it/s]Deconvoluting Remaining Spots:  82%|████████▏ | 784/956 [02:21<00:29,  5.92it/s]Deconvoluting Remaining Spots:  82%|████████▏ | 785/956 [02:21<00:28,  5.97it/s]Deconvoluting Remaining Spots:  82%|████████▏ | 786/956 [02:21<00:29,  5.70it/s]Deconvoluting Remaining Spots:  82%|████████▏ | 787/956 [02:21<00:26,  6.40it/s]Deconvoluting Remaining Spots:  82%|████████▏ | 788/956 [02:22<00:32,  5.17it/s]Deconvoluting Remaining Spots:  83%|████████▎ | 789/956 [02:22<00:27,  6.00it/s]Deconvoluting Remaining Spots:  83%|████████▎ | 791/956 [02:22<00:26,  6.20it/s]Deconvoluting Remaining Spots:  83%|████████▎ | 792/956 [02:22<00:25,  6.49it/s]Deconvoluting Remaining Spots:  83%|████████▎ | 793/956 [02:22<00:25,  6.34it/s]Deconvoluting Remaining Spots:  83%|████████▎ | 794/956 [02:23<00:25,  6.43it/s]Deconvoluting Remaining Spots:  83%|████████▎ | 795/956 [02:23<00:25,  6.44it/s]Deconvoluting Remaining Spots:  83%|████████▎ | 796/956 [02:23<00:34,  4.68it/s]Deconvoluting Remaining Spots:  83%|████████▎ | 798/956 [02:23<00:24,  6.34it/s]Deconvoluting Remaining Spots:  84%|████████▎ | 799/956 [02:23<00:24,  6.52it/s]Deconvoluting Remaining Spots:  84%|████████▎ | 800/956 [02:24<00:31,  4.91it/s]2026-02-17 21:39:28,349 - root - INFO - Saved checkpoint after 800 completed spots
Deconvoluting Remaining Spots:  84%|████████▍ | 801/956 [02:29<03:43,  1.44s/it]Deconvoluting Remaining Spots:  87%|████████▋ | 830/956 [02:29<00:15,  7.99it/s]Deconvoluting Remaining Spots:  87%|████████▋ | 835/956 [02:30<00:17,  7.07it/s]Deconvoluting Remaining Spots:  88%|████████▊ | 839/956 [02:30<00:16,  7.08it/s]Deconvoluting Remaining Spots:  88%|████████▊ | 842/956 [02:31<00:16,  6.90it/s]Deconvoluting Remaining Spots:  88%|████████▊ | 844/956 [02:31<00:16,  6.81it/s]Deconvoluting Remaining Spots:  88%|████████▊ | 846/956 [02:32<00:16,  6.52it/s]Deconvoluting Remaining Spots:  89%|████████▊ | 848/956 [02:32<00:16,  6.38it/s]Deconvoluting Remaining Spots:  89%|████████▉ | 850/956 [02:32<00:17,  6.22it/s]Deconvoluting Remaining Spots:  89%|████████▉ | 851/956 [02:32<00:17,  6.10it/s]Deconvoluting Remaining Spots:  89%|████████▉ | 852/956 [02:33<00:16,  6.35it/s]Deconvoluting Remaining Spots:  89%|████████▉ | 853/956 [02:33<00:16,  6.43it/s]Deconvoluting Remaining Spots:  89%|████████▉ | 854/956 [02:33<00:15,  6.41it/s]Deconvoluting Remaining Spots:  89%|████████▉ | 855/956 [02:33<00:15,  6.42it/s]Deconvoluting Remaining Spots:  90%|████████▉ | 856/956 [02:33<00:16,  5.95it/s]Deconvoluting Remaining Spots:  90%|████████▉ | 857/956 [02:34<00:19,  4.96it/s]Deconvoluting Remaining Spots:  90%|████████▉ | 859/956 [02:34<00:14,  6.75it/s]Deconvoluting Remaining Spots:  90%|████████▉ | 860/956 [02:34<00:16,  5.90it/s]Deconvoluting Remaining Spots:  90%|█████████ | 861/956 [02:34<00:16,  5.75it/s]Deconvoluting Remaining Spots:  90%|█████████ | 862/956 [02:34<00:15,  6.08it/s]Deconvoluting Remaining Spots:  90%|█████████ | 863/956 [02:34<00:14,  6.31it/s]Deconvoluting Remaining Spots:  90%|█████████ | 864/956 [02:35<00:15,  6.05it/s]Deconvoluting Remaining Spots:  90%|█████████ | 865/956 [02:35<00:14,  6.40it/s]Deconvoluting Remaining Spots:  91%|█████████ | 866/956 [02:35<00:15,  5.92it/s]Deconvoluting Remaining Spots:  91%|█████████ | 867/956 [02:35<00:14,  6.19it/s]Deconvoluting Remaining Spots:  91%|█████████ | 868/956 [02:35<00:14,  6.08it/s]Deconvoluting Remaining Spots:  91%|█████████ | 869/956 [02:35<00:13,  6.36it/s]Deconvoluting Remaining Spots:  91%|█████████ | 870/956 [02:36<00:13,  6.40it/s]Deconvoluting Remaining Spots:  91%|█████████ | 871/956 [02:36<00:14,  5.86it/s]Deconvoluting Remaining Spots:  91%|█████████ | 872/956 [02:36<00:17,  4.88it/s]Deconvoluting Remaining Spots:  91%|█████████▏| 873/956 [02:36<00:18,  4.53it/s]Deconvoluting Remaining Spots:  92%|█████████▏| 875/956 [02:37<00:15,  5.35it/s]Deconvoluting Remaining Spots:  92%|█████████▏| 877/956 [02:37<00:13,  5.97it/s]Deconvoluting Remaining Spots:  92%|█████████▏| 878/956 [02:37<00:12,  6.04it/s]Deconvoluting Remaining Spots:  92%|█████████▏| 879/956 [02:37<00:12,  6.15it/s]Deconvoluting Remaining Spots:  92%|█████████▏| 880/956 [02:37<00:11,  6.36it/s]Deconvoluting Remaining Spots:  92%|█████████▏| 881/956 [02:37<00:11,  6.50it/s]Deconvoluting Remaining Spots:  92%|█████████▏| 882/956 [02:38<00:11,  6.63it/s]Deconvoluting Remaining Spots:  92%|█████████▏| 883/956 [02:38<00:10,  7.24it/s]Deconvoluting Remaining Spots:  92%|█████████▏| 884/956 [02:38<00:10,  6.87it/s]Deconvoluting Remaining Spots:  93%|█████████▎| 885/956 [02:38<00:11,  6.05it/s]Deconvoluting Remaining Spots:  93%|█████████▎| 886/956 [02:38<00:10,  6.62it/s]Deconvoluting Remaining Spots:  93%|█████████▎| 887/956 [02:38<00:10,  6.29it/s]Deconvoluting Remaining Spots:  93%|█████████▎| 888/956 [02:39<00:10,  6.28it/s]Deconvoluting Remaining Spots:  93%|█████████▎| 889/956 [02:39<00:10,  6.13it/s]Deconvoluting Remaining Spots:  93%|█████████▎| 890/956 [02:39<00:11,  5.92it/s]Deconvoluting Remaining Spots:  93%|█████████▎| 891/956 [02:39<00:12,  5.40it/s]Deconvoluting Remaining Spots:  93%|█████████▎| 892/956 [02:39<00:10,  6.25it/s]Deconvoluting Remaining Spots:  93%|█████████▎| 893/956 [02:40<00:12,  4.93it/s]Deconvoluting Remaining Spots:  94%|█████████▎| 895/956 [02:40<00:08,  6.87it/s]Deconvoluting Remaining Spots:  94%|█████████▎| 896/956 [02:40<00:08,  7.45it/s]Deconvoluting Remaining Spots:  94%|█████████▍| 897/956 [02:40<00:08,  6.65it/s]Deconvoluting Remaining Spots:  94%|█████████▍| 898/956 [02:40<00:09,  6.26it/s]Deconvoluting Remaining Spots:  94%|█████████▍| 899/956 [02:40<00:09,  6.31it/s]Deconvoluting Remaining Spots:  94%|█████████▍| 900/956 [02:41<00:09,  6.11it/s]2026-02-17 21:39:45,339 - root - INFO - Saved checkpoint after 900 completed spots
Deconvoluting Remaining Spots:  94%|█████████▍| 901/956 [02:46<01:27,  1.58s/it]Deconvoluting Remaining Spots:  97%|█████████▋| 930/956 [02:46<00:03,  7.82it/s]Deconvoluting Remaining Spots:  98%|█████████▊| 935/956 [02:47<00:02,  7.17it/s]Deconvoluting Remaining Spots:  98%|█████████▊| 939/956 [02:47<00:02,  7.04it/s]Deconvoluting Remaining Spots:  99%|█████████▊| 942/956 [02:48<00:02,  6.96it/s]Deconvoluting Remaining Spots:  99%|█████████▉| 945/956 [02:48<00:01,  6.71it/s]Deconvoluting Remaining Spots:  99%|█████████▉| 947/956 [02:49<00:01,  6.48it/s]Deconvoluting Remaining Spots:  99%|█████████▉| 949/956 [02:49<00:01,  6.46it/s]Deconvoluting Remaining Spots:  99%|█████████▉| 951/956 [02:49<00:00,  6.53it/s]Deconvoluting Remaining Spots: 100%|█████████▉| 952/956 [02:49<00:00,  6.42it/s]Deconvoluting Remaining Spots: 100%|█████████▉| 953/956 [02:50<00:00,  6.45it/s]Deconvoluting Remaining Spots: 100%|█████████▉| 954/956 [02:50<00:00,  6.52it/s]Deconvoluting Remaining Spots: 100%|█████████▉| 955/956 [02:50<00:00,  6.37it/s]Deconvoluting Remaining Spots: 100%|██████████| 956/956 [02:50<00:00,  6.59it/s]Deconvoluting Remaining Spots: 100%|██████████| 956/956 [02:50<00:00,  5.61it/s]
2026-02-17 21:39:54,567 - root - INFO - Saved final results with 956 completed spots
2026-02-17 21:39:58,991 - root - INFO - Saved profiles to Benchmarking/simulation_benchmarking/CITEgeist/output_discrete_global/high_seg/dapi/high_seg/dapi/Wu_rep_3/Wu_rep_3_gene_expression_pass1.parquet with cell types: ['B-cells', 'CAFs', 'Cancer Epithelial', 'Endothelial', 'Myeloid', 'Normal Epithelial', 'PVL', 'Plasmablasts', 'T-cells']
2026-02-17 21:40:00,606 - root - INFO - Successfully added layer: Cancer_Epithelial_genes_pass1
2026-02-17 21:40:00,767 - root - INFO - Successfully added layer: PVL_genes_pass1
2026-02-17 21:40:00,927 - root - INFO - Successfully added layer: Plasmablasts_genes_pass1
2026-02-17 21:40:01,089 - root - INFO - Successfully added layer: Endothelial_genes_pass1
2026-02-17 21:40:01,251 - root - INFO - Successfully added layer: B-cells_genes_pass1
2026-02-17 21:40:01,412 - root - INFO - Successfully added layer: Myeloid_genes_pass1
2026-02-17 21:40:01,573 - root - INFO - Successfully added layer: Normal_Epithelial_genes_pass1
2026-02-17 21:40:01,734 - root - INFO - Successfully added layer: T-cells_genes_pass1
2026-02-17 21:40:01,896 - root - INFO - Successfully added layer: CAFs_genes_pass1
2026-02-17 21:40:09,350 - root - INFO - Exported layer 'Cancer_Epithelial_genes_pass1' to 'Benchmarking/simulation_benchmarking/CITEgeist/output_discrete_global/high_seg/dapi/high_seg/dapi/Wu_rep_3/Wu_rep_3_pass1/layers/pass1/Cancer_Epithelial_layer_pass1.csv'
2026-02-17 21:40:16,921 - root - INFO - Exported layer 'PVL_genes_pass1' to 'Benchmarking/simulation_benchmarking/CITEgeist/output_discrete_global/high_seg/dapi/high_seg/dapi/Wu_rep_3/Wu_rep_3_pass1/layers/pass1/PVL_layer_pass1.csv'
2026-02-17 21:40:24,401 - root - INFO - Exported layer 'Plasmablasts_genes_pass1' to 'Benchmarking/simulation_benchmarking/CITEgeist/output_discrete_global/high_seg/dapi/high_seg/dapi/Wu_rep_3/Wu_rep_3_pass1/layers/pass1/Plasmablasts_layer_pass1.csv'
2026-02-17 21:40:31,929 - root - INFO - Exported layer 'Endothelial_genes_pass1' to 'Benchmarking/simulation_benchmarking/CITEgeist/output_discrete_global/high_seg/dapi/high_seg/dapi/Wu_rep_3/Wu_rep_3_pass1/layers/pass1/Endothelial_layer_pass1.csv'
2026-02-17 21:40:39,397 - root - INFO - Exported layer 'B-cells_genes_pass1' to 'Benchmarking/simulation_benchmarking/CITEgeist/output_discrete_global/high_seg/dapi/high_seg/dapi/Wu_rep_3/Wu_rep_3_pass1/layers/pass1/B-cells_layer_pass1.csv'
2026-02-17 21:40:46,848 - root - INFO - Exported layer 'Myeloid_genes_pass1' to 'Benchmarking/simulation_benchmarking/CITEgeist/output_discrete_global/high_seg/dapi/high_seg/dapi/Wu_rep_3/Wu_rep_3_pass1/layers/pass1/Myeloid_layer_pass1.csv'
2026-02-17 21:40:54,324 - root - INFO - Exported layer 'Normal_Epithelial_genes_pass1' to 'Benchmarking/simulation_benchmarking/CITEgeist/output_discrete_global/high_seg/dapi/high_seg/dapi/Wu_rep_3/Wu_rep_3_pass1/layers/pass1/Normal_Epithelial_layer_pass1.csv'
2026-02-17 21:41:01,801 - root - INFO - Exported layer 'T-cells_genes_pass1' to 'Benchmarking/simulation_benchmarking/CITEgeist/output_discrete_global/high_seg/dapi/high_seg/dapi/Wu_rep_3/Wu_rep_3_pass1/layers/pass1/T-cells_layer_pass1.csv'
2026-02-17 21:41:09,306 - root - INFO - Exported layer 'CAFs_genes_pass1' to 'Benchmarking/simulation_benchmarking/CITEgeist/output_discrete_global/high_seg/dapi/high_seg/dapi/Wu_rep_3/Wu_rep_3_pass1/layers/pass1/CAFs_layer_pass1.csv'
2026-02-17 21:41:09,306 - __main__ - INFO - GEX deconvolution completed in 251.4s
2026-02-17 21:42:17,008 - __main__ - INFO - Exported 9 cell type layers to Benchmarking/simulation_benchmarking/CITEgeist/output_discrete_global/high_seg/dapi/high_seg/dapi/Wu_rep_3/layers
2026-02-17 21:42:17,027 - __main__ - INFO - Comparing against ground truth GEX: /ix1/alee/LO_LAB/Personal/Brent_Schlegel/bts76/Projects/CITEgeist/Wu_Visium/Simulations/scCube_12k/replicates/high_seg/ST_GEX_sim/sample_3/layers
2026-02-17 21:43:05,663 - __main__ - INFO - GEX Average RMSE: 0.1611
2026-02-17 21:43:05,663 - __main__ - INFO - GEX Average NRMSE: 0.0217
2026-02-17 21:43:05,670 - __main__ - INFO - Results saved to Benchmarking/simulation_benchmarking/CITEgeist/output_discrete_global/high_seg/dapi/high_seg/dapi/Wu_rep_3
