2026-02-18 18:09:16,129 - __main__ - INFO - ============================================================
2026-02-18 18:09:16,129 - __main__ - INFO - BENCHMARK: replicate=2, condition=mixed, mode=dapi
2026-02-18 18:09:16,129 - __main__ - INFO - ============================================================
2026-02-18 18:09:16,130 - __main__ - INFO - Loading image: /ix1/alee/LO_LAB/Personal/Alexander_Chang/alc376/CITEgeist/Benchmarking/simulation_benchmarking/CITEgeist/mixed/images/dapi/Wu_rep_2_cellpose.png
2026-02-18 18:09:16,667 - __main__ - INFO - Image shape: (8000, 8000, 3)
2026-02-18 18:09:16,669 - __main__ - INFO - Running Cellpose with model_type=nuclei
2026-02-18 18:09:18,597 - cellpose.models - WARNING - model_type argument is not used in v4.0.1+. Ignoring this argument...
2026-02-18 18:09:18,597 - cellpose.core - INFO - >>>> using CPU
2026-02-18 18:09:18,597 - cellpose.core - INFO - >>>> using CPU
2026-02-18 18:09:19,270 - cellpose.models - INFO - >>>> loading model /ihome/alee/alc376/.cellpose/models/cpsam
2026-02-18 18:09:19,488 - cellpose.models - WARNING - channels deprecated in v4.0.1+. If data contain more than 3 channels, only the first 3 channels will be used
2026-02-18 18:09:19,503 - cellpose.transforms - INFO - processing image with (8000, 8000) HW, and 3 channels
2026-02-18 18:15:28,681 - __main__ - INFO - Detected 4892 nuclei in 372.0s
2026-02-18 18:15:28,761 - __main__ - INFO - Nuclei count correlation: 0.986
2026-02-18 18:15:28,762 - __main__ - INFO - Nuclei count RMSE: 0.46
2026-02-18 18:15:28,763 - __main__ - INFO - Loading h5ad files...
2026-02-18 18:15:31,299 - root - INFO - Logging initialized.
2026-02-18 18:15:31,299 - __main__ - INFO - Using per-cell normalization: Y / nuclei_count
2026-02-18 18:15:31,300 - __main__ - INFO - Per-cell normalization: raw range [0.00, 64.00] -> per-cell range [0.00, 53.00]
2026-02-18 18:15:31,307 - __main__ - INFO - Per-cell preprocessing complete: shape (957, 100)
2026-02-18 18:15:31,424 - root - INFO - Normalization stats:
2026-02-18 18:15:31,424 - root - INFO - Original median total: 46399322355.00
2026-02-18 18:15:31,429 - root - INFO - Mean scaled total: 9978.28
2026-02-18 18:15:31,434 - root - INFO - Max scaled value: 10000.00
2026-02-18 18:15:31,492 - root - INFO - Gene expression data normalized to 10000 counts per spot and validated for discrete count analysis.
2026-02-18 18:15:31,493 - root - INFO - Mapped 18 markers to 9 cell types (preserving marker-level data)
2026-02-18 18:15:31,493 - __main__ - INFO - Discrete cell type order: ['B-cells', 'CAFs', 'Cancer Epithelial', 'Endothelial', 'Myeloid', 'Normal Epithelial', 'PVL', 'Plasmablasts', 'T-cells']
2026-02-18 18:15:31,494 - root - INFO - Mapped 18 markers to 9 cell types (preserving marker-level data)
2026-02-18 18:15:31,494 - root - INFO - Running discrete cell assignment: 957 spots, 18 markers, 9 cell types
2026-02-18 18:15:31,494 - root - INFO - Total nuclei: 4892, mean per spot: 5.11
2026-02-18 18:15:31,494 - root - INFO - Discrete cell assignment EM: 957 spots, 18 markers, 9 cell types
2026-02-18 18:15:31,494 - root - INFO - Total nuclei: 4892, mean per spot: 5.11
2026-02-18 18:15:31,494 - root - INFO - 
=== EM Iteration 1/10 ===
2026-02-18 18:15:31,494 - root - INFO - Global IQP: 957 spots x 9 cell types = 8613 integer variables
2026-02-18 18:15:31,494 - root - INFO - Time limit: 600.0s, MIP gap: 5.0%
2026-02-18 18:15:31,498 - gurobipy - INFO - Set parameter LicenseID to value 276015
2026-02-18 18:15:31,498 - gurobipy - INFO - Set parameter GURO_PAR_SPECIAL
2026-02-18 18:15:31,498 - gurobipy - INFO - Set parameter TokenServer to value "license.crc.pitt.edu"
2026-02-18 18:15:31,505 - gurobipy - INFO - Set parameter TimeLimit to value 600
2026-02-18 18:15:31,505 - gurobipy - INFO - Set parameter MIPGap to value 0.05
2026-02-18 18:15:32,320 - root - INFO - Starting global IQP optimization...
2026-02-18 18:15:32,321 - gurobipy - INFO - Gurobi Optimizer version 11.0.2 build v11.0.2rc0 (linux64 - "Red Hat Enterprise Linux 9.6 (Plow)")
2026-02-18 18:15:32,321 - gurobipy - INFO - 
2026-02-18 18:15:32,321 - gurobipy - INFO - CPU model: AMD EPYC 9575F 64-Core Processor, instruction set [SSE2|AVX|AVX2|AVX512]
2026-02-18 18:15:32,321 - gurobipy - INFO - Thread count: 128 physical cores, 128 logical processors, using up to 32 threads
2026-02-18 18:15:32,321 - gurobipy - INFO - 
2026-02-18 18:15:32,321 - gurobipy - INFO - Optimize a model with 1880 rows, 8613 columns and 16920 nonzeros
2026-02-18 18:15:32,321 - gurobipy - INFO - Model fingerprint: 0x0068a705
2026-02-18 18:15:32,321 - gurobipy - INFO - Model has 8613 quadratic objective terms
2026-02-18 18:15:32,321 - gurobipy - INFO - Variable types: 0 continuous, 8613 integer (0 binary)
2026-02-18 18:15:32,321 - gurobipy - INFO - Coefficient statistics:
2026-02-18 18:15:32,321 - gurobipy - INFO -   Matrix range     [1e+00, 1e+00]
2026-02-18 18:15:32,321 - gurobipy - INFO -   Objective range  [2e-02, 4e+00]
2026-02-18 18:15:32,321 - gurobipy - INFO -   QObjective range [4e+00, 4e+00]
2026-02-18 18:15:32,321 - gurobipy - INFO -   Bounds range     [1e+00, 2e+01]
2026-02-18 18:15:32,321 - gurobipy - INFO -   RHS range        [1e+00, 2e+01]
2026-02-18 18:15:32,321 - gurobipy - INFO - 
2026-02-18 18:15:32,321 - gurobipy - INFO - Loaded user MIP start with objective 9078.83
2026-02-18 18:15:32,321 - gurobipy - INFO - 
2026-02-18 18:15:37,482 - gurobipy - INFO - Presolve removed 1879 rows and 8604 columns (presolve time = 5s) ...
2026-02-18 18:15:37,482 - gurobipy - INFO - Presolve removed 1879 rows and 8604 columns
2026-02-18 18:15:37,483 - gurobipy - INFO - Presolve time: 5.16s
2026-02-18 18:15:37,483 - gurobipy - INFO - Presolved: 1 rows, 9 columns, 9 nonzeros
2026-02-18 18:15:37,483 - gurobipy - INFO - Presolved model has 9 quadratic objective terms
2026-02-18 18:15:37,483 - gurobipy - INFO - Found heuristic solution: objective 7132.9184797
2026-02-18 18:15:37,483 - gurobipy - INFO - Variable types: 0 continuous, 9 integer (0 binary)
2026-02-18 18:15:37,483 - gurobipy - INFO - 
2026-02-18 18:15:37,483 - gurobipy - INFO - Explored 0 nodes (0 simplex iterations) in 5.16 seconds (0.24 work units)
2026-02-18 18:15:37,483 - gurobipy - INFO - Thread count was 32 (of 128 available processors)
2026-02-18 18:15:37,483 - gurobipy - INFO - 
2026-02-18 18:15:37,483 - gurobipy - INFO - Solution count 2: 7132.92 9078.83 
2026-02-18 18:15:37,483 - gurobipy - INFO - 
2026-02-18 18:15:37,483 - gurobipy - INFO - Optimal solution found (tolerance 5.00e-02)
2026-02-18 18:15:37,483 - gurobipy - INFO - Best objective 7.132918479702e+03, best bound 7.123634947165e+03, gap 0.1302%
2026-02-18 18:15:37,495 - root - INFO - Global IQP solved: status=2, gap=0.13%, time=5.2s
/ix1/alee/LO_LAB/Personal/Alexander_Chang/alc376/CITEgeist/CITEgeist/model/gurobi_impl.py:3800: RuntimeWarning: invalid value encountered in scalar divide
  loss_change = abs(prev_loss - loss) / max(abs(prev_loss), 1e-10)
2026-02-18 18:15:38,016 - root - INFO -   Loss: 1569.1283 (change: nan)
2026-02-18 18:15:38,016 - root - INFO -   Beta range: [0.212, 0.298]
2026-02-18 18:15:38,016 - root - INFO -   Max beta change: 0.787737
2026-02-18 18:15:38,016 - root - INFO -   Cell count range: [0, 20]
2026-02-18 18:15:38,016 - root - INFO -     B-cells: 454 cells (9.3%)
2026-02-18 18:15:38,016 - root - INFO -     CAFs: 623 cells (12.7%)
2026-02-18 18:15:38,016 - root - INFO -     Cancer Epithelial: 666 cells (13.6%)
2026-02-18 18:15:38,016 - root - INFO -     Endothelial: 501 cells (10.2%)
2026-02-18 18:15:38,016 - root - INFO -     Myeloid: 512 cells (10.5%)
2026-02-18 18:15:38,016 - root - INFO -     Normal Epithelial: 549 cells (11.2%)
2026-02-18 18:15:38,016 - root - INFO -     PVL: 573 cells (11.7%)
2026-02-18 18:15:38,016 - root - INFO -     Plasmablasts: 529 cells (10.8%)
2026-02-18 18:15:38,016 - root - INFO -     T-cells: 485 cells (9.9%)
2026-02-18 18:15:38,016 - root - INFO - 
=== EM Iteration 2/10 ===
2026-02-18 18:15:38,017 - root - INFO - Global IQP: 957 spots x 9 cell types = 8613 integer variables
2026-02-18 18:15:38,017 - root - INFO - Time limit: 600.0s, MIP gap: 5.0%
2026-02-18 18:15:38,017 - gurobipy - INFO - Set parameter TimeLimit to value 600
2026-02-18 18:15:38,017 - gurobipy - INFO - Set parameter MIPGap to value 0.05
2026-02-18 18:15:38,875 - root - INFO - Starting global IQP optimization...
2026-02-18 18:15:38,875 - gurobipy - INFO - Gurobi Optimizer version 11.0.2 build v11.0.2rc0 (linux64 - "Red Hat Enterprise Linux 9.6 (Plow)")
2026-02-18 18:15:38,875 - gurobipy - INFO - 
2026-02-18 18:15:38,875 - gurobipy - INFO - CPU model: AMD EPYC 9575F 64-Core Processor, instruction set [SSE2|AVX|AVX2|AVX512]
2026-02-18 18:15:38,875 - gurobipy - INFO - Thread count: 128 physical cores, 128 logical processors, using up to 32 threads
2026-02-18 18:15:38,875 - gurobipy - INFO - 
2026-02-18 18:15:38,875 - gurobipy - INFO - Optimize a model with 1880 rows, 8613 columns and 16920 nonzeros
2026-02-18 18:15:38,875 - gurobipy - INFO - Model fingerprint: 0xa0957a9a
2026-02-18 18:15:38,875 - gurobipy - INFO - Model has 8613 quadratic objective terms
2026-02-18 18:15:38,876 - gurobipy - INFO - Variable types: 0 continuous, 8613 integer (0 binary)
2026-02-18 18:15:38,876 - gurobipy - INFO - Coefficient statistics:
2026-02-18 18:15:38,876 - gurobipy - INFO -   Matrix range     [1e+00, 1e+00]
2026-02-18 18:15:38,876 - gurobipy - INFO -   Objective range  [5e-03, 1e+00]
2026-02-18 18:15:38,876 - gurobipy - INFO -   QObjective range [2e-01, 3e-01]
2026-02-18 18:15:38,876 - gurobipy - INFO -   Bounds range     [1e+00, 2e+01]
2026-02-18 18:15:38,876 - gurobipy - INFO -   RHS range        [1e+00, 2e+01]
2026-02-18 18:15:38,876 - gurobipy - INFO - 
2026-02-18 18:15:38,876 - gurobipy - INFO - Loaded user MIP start with objective 1569.13
2026-02-18 18:15:38,876 - gurobipy - INFO - 
2026-02-18 18:15:41,681 - gurobipy - INFO - Presolve removed 1879 rows and 8604 columns
2026-02-18 18:15:41,682 - gurobipy - INFO - Presolve time: 2.81s
2026-02-18 18:15:41,682 - gurobipy - INFO - Presolved: 1 rows, 9 columns, 9 nonzeros
2026-02-18 18:15:41,682 - gurobipy - INFO - Presolved model has 9 quadratic objective terms
2026-02-18 18:15:41,682 - gurobipy - INFO - Found heuristic solution: objective 1399.8428526
2026-02-18 18:15:41,682 - gurobipy - INFO - Variable types: 0 continuous, 9 integer (0 binary)
2026-02-18 18:15:41,682 - gurobipy - INFO - 
2026-02-18 18:15:41,682 - gurobipy - INFO - Explored 0 nodes (0 simplex iterations) in 2.81 seconds (0.13 work units)
2026-02-18 18:15:41,682 - gurobipy - INFO - Thread count was 32 (of 128 available processors)
2026-02-18 18:15:41,682 - gurobipy - INFO - 
2026-02-18 18:15:41,682 - gurobipy - INFO - Solution count 2: 1399.84 1569.13 
2026-02-18 18:15:41,682 - gurobipy - INFO - 
2026-02-18 18:15:41,682 - gurobipy - INFO - Optimal solution found (tolerance 5.00e-02)
2026-02-18 18:15:41,682 - gurobipy - INFO - Best objective 1.399842852588e+03, best bound 1.397484214472e+03, gap 0.1685%
2026-02-18 18:15:41,693 - root - INFO - Global IQP solved: status=2, gap=0.17%, time=2.8s
2026-02-18 18:15:41,738 - root - INFO -   Loss: 1392.6200 (change: 0.112488)
2026-02-18 18:15:41,738 - root - INFO -   Beta range: [0.176, 0.314]
2026-02-18 18:15:41,738 - root - INFO -   Max beta change: 0.041875
2026-02-18 18:15:41,738 - root - INFO -   Cell count range: [0, 20]
2026-02-18 18:15:41,738 - root - INFO -     B-cells: 497 cells (10.2%)
2026-02-18 18:15:41,738 - root - INFO -     CAFs: 623 cells (12.7%)
2026-02-18 18:15:41,738 - root - INFO -     Cancer Epithelial: 679 cells (13.9%)
2026-02-18 18:15:41,738 - root - INFO -     Endothelial: 536 cells (11.0%)
2026-02-18 18:15:41,738 - root - INFO -     Myeloid: 509 cells (10.4%)
2026-02-18 18:15:41,738 - root - INFO -     Normal Epithelial: 519 cells (10.6%)
2026-02-18 18:15:41,738 - root - INFO -     PVL: 545 cells (11.1%)
2026-02-18 18:15:41,738 - root - INFO -     Plasmablasts: 534 cells (10.9%)
2026-02-18 18:15:41,738 - root - INFO -     T-cells: 450 cells (9.2%)
2026-02-18 18:15:41,738 - root - INFO - 
=== EM Iteration 3/10 ===
2026-02-18 18:15:41,738 - root - INFO - Global IQP: 957 spots x 9 cell types = 8613 integer variables
2026-02-18 18:15:41,738 - root - INFO - Time limit: 600.0s, MIP gap: 5.0%
2026-02-18 18:15:41,738 - gurobipy - INFO - Set parameter TimeLimit to value 600
2026-02-18 18:15:41,738 - gurobipy - INFO - Set parameter MIPGap to value 0.05
2026-02-18 18:15:42,328 - root - INFO - Starting global IQP optimization...
2026-02-18 18:15:42,328 - gurobipy - INFO - Gurobi Optimizer version 11.0.2 build v11.0.2rc0 (linux64 - "Red Hat Enterprise Linux 9.6 (Plow)")
2026-02-18 18:15:42,328 - gurobipy - INFO - 
2026-02-18 18:15:42,328 - gurobipy - INFO - CPU model: AMD EPYC 9575F 64-Core Processor, instruction set [SSE2|AVX|AVX2|AVX512]
2026-02-18 18:15:42,328 - gurobipy - INFO - Thread count: 128 physical cores, 128 logical processors, using up to 32 threads
2026-02-18 18:15:42,328 - gurobipy - INFO - 
2026-02-18 18:15:42,328 - gurobipy - INFO - Optimize a model with 1880 rows, 8613 columns and 16920 nonzeros
2026-02-18 18:15:42,328 - gurobipy - INFO - Model fingerprint: 0x10b623dd
2026-02-18 18:15:42,328 - gurobipy - INFO - Model has 8613 quadratic objective terms
2026-02-18 18:15:42,328 - gurobipy - INFO - Variable types: 0 continuous, 8613 integer (0 binary)
2026-02-18 18:15:42,329 - gurobipy - INFO - Coefficient statistics:
2026-02-18 18:15:42,329 - gurobipy - INFO -   Matrix range     [1e+00, 1e+00]
2026-02-18 18:15:42,329 - gurobipy - INFO -   Objective range  [5e-03, 1e+00]
2026-02-18 18:15:42,329 - gurobipy - INFO -   QObjective range [1e-01, 4e-01]
2026-02-18 18:15:42,329 - gurobipy - INFO -   Bounds range     [1e+00, 2e+01]
2026-02-18 18:15:42,329 - gurobipy - INFO -   RHS range        [1e+00, 2e+01]
2026-02-18 18:15:42,329 - gurobipy - INFO - 
2026-02-18 18:15:42,329 - gurobipy - INFO - Loaded user MIP start with objective 1392.62
2026-02-18 18:15:42,329 - gurobipy - INFO - 
2026-02-18 18:15:45,374 - gurobipy - INFO - Presolve removed 1879 rows and 8604 columns
2026-02-18 18:15:45,374 - gurobipy - INFO - Presolve time: 3.04s
2026-02-18 18:15:45,374 - gurobipy - INFO - Presolved: 1 rows, 9 columns, 9 nonzeros
2026-02-18 18:15:45,374 - gurobipy - INFO - Presolved model has 9 quadratic objective terms
2026-02-18 18:15:45,374 - gurobipy - INFO - Found heuristic solution: objective 1387.0801139
2026-02-18 18:15:45,374 - gurobipy - INFO - Variable types: 0 continuous, 9 integer (0 binary)
2026-02-18 18:15:45,374 - gurobipy - INFO - 
2026-02-18 18:15:45,374 - gurobipy - INFO - Explored 0 nodes (0 simplex iterations) in 3.05 seconds (0.12 work units)
2026-02-18 18:15:45,374 - gurobipy - INFO - Thread count was 32 (of 128 available processors)
2026-02-18 18:15:45,374 - gurobipy - INFO - 
2026-02-18 18:15:45,374 - gurobipy - INFO - Solution count 2: 1387.08 1392.62 
2026-02-18 18:15:45,374 - gurobipy - INFO - 
2026-02-18 18:15:45,374 - gurobipy - INFO - Optimal solution found (tolerance 5.00e-02)
2026-02-18 18:15:45,374 - gurobipy - INFO - Best objective 1.387080113891e+03, best bound 1.384742678410e+03, gap 0.1685%
2026-02-18 18:15:45,385 - root - INFO - Global IQP solved: status=2, gap=0.17%, time=3.0s
2026-02-18 18:15:45,427 - root - INFO -   Loss: 1381.9409 (change: 0.007668)
2026-02-18 18:15:45,427 - root - INFO -   Beta range: [0.147, 0.335]
2026-02-18 18:15:45,427 - root - INFO -   Max beta change: 0.028803
2026-02-18 18:15:45,427 - root - INFO -   Cell count range: [0, 20]
2026-02-18 18:15:45,427 - root - INFO -     B-cells: 555 cells (11.3%)
2026-02-18 18:15:45,427 - root - INFO -     CAFs: 596 cells (12.2%)
2026-02-18 18:15:45,427 - root - INFO -     Cancer Epithelial: 638 cells (13.0%)
2026-02-18 18:15:45,427 - root - INFO -     Endothelial: 582 cells (11.9%)
2026-02-18 18:15:45,427 - root - INFO -     Myeloid: 467 cells (9.5%)
2026-02-18 18:15:45,427 - root - INFO -     Normal Epithelial: 523 cells (10.7%)
2026-02-18 18:15:45,427 - root - INFO -     PVL: 549 cells (11.2%)
2026-02-18 18:15:45,427 - root - INFO -     Plasmablasts: 566 cells (11.6%)
2026-02-18 18:15:45,427 - root - INFO -     T-cells: 416 cells (8.5%)
2026-02-18 18:15:45,427 - root - INFO - 
=== EM Iteration 4/10 ===
2026-02-18 18:15:45,427 - root - INFO - Global IQP: 957 spots x 9 cell types = 8613 integer variables
2026-02-18 18:15:45,427 - root - INFO - Time limit: 600.0s, MIP gap: 5.0%
2026-02-18 18:15:45,427 - gurobipy - INFO - Set parameter TimeLimit to value 600
2026-02-18 18:15:45,427 - gurobipy - INFO - Set parameter MIPGap to value 0.05
2026-02-18 18:15:46,206 - root - INFO - Starting global IQP optimization...
2026-02-18 18:15:46,206 - gurobipy - INFO - Gurobi Optimizer version 11.0.2 build v11.0.2rc0 (linux64 - "Red Hat Enterprise Linux 9.6 (Plow)")
2026-02-18 18:15:46,206 - gurobipy - INFO - 
2026-02-18 18:15:46,207 - gurobipy - INFO - CPU model: AMD EPYC 9575F 64-Core Processor, instruction set [SSE2|AVX|AVX2|AVX512]
2026-02-18 18:15:46,207 - gurobipy - INFO - Thread count: 128 physical cores, 128 logical processors, using up to 32 threads
2026-02-18 18:15:46,207 - gurobipy - INFO - 
2026-02-18 18:15:46,207 - gurobipy - INFO - Optimize a model with 1880 rows, 8613 columns and 16920 nonzeros
2026-02-18 18:15:46,207 - gurobipy - INFO - Model fingerprint: 0xbe3bce94
2026-02-18 18:15:46,207 - gurobipy - INFO - Model has 8613 quadratic objective terms
2026-02-18 18:15:46,207 - gurobipy - INFO - Variable types: 0 continuous, 8613 integer (0 binary)
2026-02-18 18:15:46,207 - gurobipy - INFO - Coefficient statistics:
2026-02-18 18:15:46,207 - gurobipy - INFO -   Matrix range     [1e+00, 1e+00]
2026-02-18 18:15:46,207 - gurobipy - INFO -   Objective range  [5e-03, 1e+00]
2026-02-18 18:15:46,207 - gurobipy - INFO -   QObjective range [1e-01, 4e-01]
2026-02-18 18:15:46,207 - gurobipy - INFO -   Bounds range     [1e+00, 2e+01]
2026-02-18 18:15:46,207 - gurobipy - INFO -   RHS range        [1e+00, 2e+01]
2026-02-18 18:15:46,207 - gurobipy - INFO - 
2026-02-18 18:15:46,207 - gurobipy - INFO - Loaded user MIP start with objective 1381.94
2026-02-18 18:15:46,207 - gurobipy - INFO - 
2026-02-18 18:15:49,425 - gurobipy - INFO - Presolve removed 1879 rows and 8604 columns
2026-02-18 18:15:49,425 - gurobipy - INFO - Presolve time: 3.09s
2026-02-18 18:15:49,425 - gurobipy - INFO - Presolved: 1 rows, 9 columns, 9 nonzeros
2026-02-18 18:15:49,425 - gurobipy - INFO - Presolved model has 9 quadratic objective terms
2026-02-18 18:15:49,426 - gurobipy - INFO - Found heuristic solution: objective 1376.6765144
2026-02-18 18:15:49,426 - gurobipy - INFO - Variable types: 0 continuous, 9 integer (0 binary)
2026-02-18 18:15:49,426 - gurobipy - INFO - 
2026-02-18 18:15:49,426 - gurobipy - INFO - Explored 0 nodes (0 simplex iterations) in 3.22 seconds (0.12 work units)
2026-02-18 18:15:49,426 - gurobipy - INFO - Thread count was 32 (of 128 available processors)
2026-02-18 18:15:49,426 - gurobipy - INFO - 
2026-02-18 18:15:49,426 - gurobipy - INFO - Solution count 2: 1376.68 1381.94 
2026-02-18 18:15:49,426 - gurobipy - INFO - 
2026-02-18 18:15:49,426 - gurobipy - INFO - Optimal solution found (tolerance 5.00e-02)
2026-02-18 18:15:49,426 - gurobipy - INFO - Best objective 1.376676514436e+03, best bound 1.374305166633e+03, gap 0.1723%
2026-02-18 18:15:49,435 - root - INFO - Global IQP solved: status=2, gap=0.17%, time=3.2s
2026-02-18 18:15:49,478 - root - INFO -   Loss: 1370.6389 (change: 0.008178)
2026-02-18 18:15:49,478 - root - INFO -   Beta range: [0.122, 0.364]
2026-02-18 18:15:49,478 - root - INFO -   Max beta change: 0.029894
2026-02-18 18:15:49,478 - root - INFO -   Cell count range: [0, 20]
2026-02-18 18:15:49,478 - root - INFO -     B-cells: 651 cells (13.3%)
2026-02-18 18:15:49,478 - root - INFO -     CAFs: 559 cells (11.4%)
2026-02-18 18:15:49,478 - root - INFO -     Cancer Epithelial: 611 cells (12.5%)
2026-02-18 18:15:49,478 - root - INFO -     Endothelial: 637 cells (13.0%)
2026-02-18 18:15:49,478 - root - INFO -     Myeloid: 422 cells (8.6%)
2026-02-18 18:15:49,478 - root - INFO -     Normal Epithelial: 516 cells (10.5%)
2026-02-18 18:15:49,478 - root - INFO -     PVL: 541 cells (11.1%)
2026-02-18 18:15:49,478 - root - INFO -     Plasmablasts: 582 cells (11.9%)
2026-02-18 18:15:49,478 - root - INFO -     T-cells: 373 cells (7.6%)
2026-02-18 18:15:49,478 - root - INFO - 
=== EM Iteration 5/10 ===
2026-02-18 18:15:49,478 - root - INFO - Global IQP: 957 spots x 9 cell types = 8613 integer variables
2026-02-18 18:15:49,478 - root - INFO - Time limit: 600.0s, MIP gap: 5.0%
2026-02-18 18:15:49,478 - gurobipy - INFO - Set parameter TimeLimit to value 600
2026-02-18 18:15:49,478 - gurobipy - INFO - Set parameter MIPGap to value 0.05
2026-02-18 18:15:50,261 - root - INFO - Starting global IQP optimization...
2026-02-18 18:15:50,261 - gurobipy - INFO - Gurobi Optimizer version 11.0.2 build v11.0.2rc0 (linux64 - "Red Hat Enterprise Linux 9.6 (Plow)")
2026-02-18 18:15:50,261 - gurobipy - INFO - 
2026-02-18 18:15:50,262 - gurobipy - INFO - CPU model: AMD EPYC 9575F 64-Core Processor, instruction set [SSE2|AVX|AVX2|AVX512]
2026-02-18 18:15:50,262 - gurobipy - INFO - Thread count: 128 physical cores, 128 logical processors, using up to 32 threads
2026-02-18 18:15:50,262 - gurobipy - INFO - 
2026-02-18 18:15:50,262 - gurobipy - INFO - Optimize a model with 1880 rows, 8613 columns and 16920 nonzeros
2026-02-18 18:15:50,262 - gurobipy - INFO - Model fingerprint: 0x23d1cea3
2026-02-18 18:15:50,262 - gurobipy - INFO - Model has 8613 quadratic objective terms
2026-02-18 18:15:50,262 - gurobipy - INFO - Variable types: 0 continuous, 8613 integer (0 binary)
2026-02-18 18:15:50,262 - gurobipy - INFO - Coefficient statistics:
2026-02-18 18:15:50,262 - gurobipy - INFO -   Matrix range     [1e+00, 1e+00]
2026-02-18 18:15:50,262 - gurobipy - INFO -   Objective range  [5e-03, 1e+00]
2026-02-18 18:15:50,262 - gurobipy - INFO -   QObjective range [7e-02, 5e-01]
2026-02-18 18:15:50,262 - gurobipy - INFO -   Bounds range     [1e+00, 2e+01]
2026-02-18 18:15:50,262 - gurobipy - INFO -   RHS range        [1e+00, 2e+01]
2026-02-18 18:15:50,262 - gurobipy - INFO - 
2026-02-18 18:15:50,262 - gurobipy - INFO - Loaded user MIP start with objective 1370.64
2026-02-18 18:15:50,262 - gurobipy - INFO - 
2026-02-18 18:15:52,949 - gurobipy - INFO - Presolve removed 1879 rows and 8604 columns
2026-02-18 18:15:52,949 - gurobipy - INFO - Presolve time: 2.69s
2026-02-18 18:15:52,949 - gurobipy - INFO - Presolved: 1 rows, 9 columns, 9 nonzeros
2026-02-18 18:15:52,949 - gurobipy - INFO - Presolved model has 9 quadratic objective terms
2026-02-18 18:15:52,949 - gurobipy - INFO - Found heuristic solution: objective 1363.1321916
2026-02-18 18:15:52,949 - gurobipy - INFO - Variable types: 0 continuous, 9 integer (0 binary)
2026-02-18 18:15:52,949 - gurobipy - INFO - 
2026-02-18 18:15:52,949 - gurobipy - INFO - Explored 0 nodes (0 simplex iterations) in 2.69 seconds (0.12 work units)
2026-02-18 18:15:52,949 - gurobipy - INFO - Thread count was 32 (of 128 available processors)
2026-02-18 18:15:52,949 - gurobipy - INFO - 
2026-02-18 18:15:52,949 - gurobipy - INFO - Solution count 2: 1363.13 1370.64 
2026-02-18 18:15:52,949 - gurobipy - INFO - 
2026-02-18 18:15:52,949 - gurobipy - INFO - Optimal solution found (tolerance 5.00e-02)
2026-02-18 18:15:52,949 - gurobipy - INFO - Best objective 1.363132191633e+03, best bound 1.360732292249e+03, gap 0.1761%
2026-02-18 18:15:52,960 - root - INFO - Global IQP solved: status=2, gap=0.18%, time=2.7s
2026-02-18 18:15:53,005 - root - INFO -   Loss: 1351.3910 (change: 0.014043)
2026-02-18 18:15:53,005 - root - INFO -   Beta range: [0.100, 0.400]
2026-02-18 18:15:53,005 - root - INFO -   Max beta change: 0.040355
2026-02-18 18:15:53,005 - root - INFO -   Cell count range: [0, 20]
2026-02-18 18:15:53,005 - root - INFO -     B-cells: 775 cells (15.8%)
2026-02-18 18:15:53,005 - root - INFO -     CAFs: 530 cells (10.8%)
2026-02-18 18:15:53,005 - root - INFO -     Cancer Epithelial: 561 cells (11.5%)
2026-02-18 18:15:53,005 - root - INFO -     Endothelial: 692 cells (14.1%)
2026-02-18 18:15:53,005 - root - INFO -     Myeloid: 367 cells (7.5%)
2026-02-18 18:15:53,005 - root - INFO -     Normal Epithelial: 497 cells (10.2%)
2026-02-18 18:15:53,005 - root - INFO -     PVL: 535 cells (10.9%)
2026-02-18 18:15:53,005 - root - INFO -     Plasmablasts: 608 cells (12.4%)
2026-02-18 18:15:53,005 - root - INFO -     T-cells: 327 cells (6.7%)
2026-02-18 18:15:53,005 - root - INFO - 
=== EM Iteration 6/10 ===
2026-02-18 18:15:53,005 - root - INFO - Global IQP: 957 spots x 9 cell types = 8613 integer variables
2026-02-18 18:15:53,005 - root - INFO - Time limit: 600.0s, MIP gap: 5.0%
2026-02-18 18:15:53,006 - gurobipy - INFO - Set parameter TimeLimit to value 600
2026-02-18 18:15:53,006 - gurobipy - INFO - Set parameter MIPGap to value 0.05
2026-02-18 18:15:53,812 - root - INFO - Starting global IQP optimization...
2026-02-18 18:15:53,812 - gurobipy - INFO - Gurobi Optimizer version 11.0.2 build v11.0.2rc0 (linux64 - "Red Hat Enterprise Linux 9.6 (Plow)")
2026-02-18 18:15:53,812 - gurobipy - INFO - 
2026-02-18 18:15:53,812 - gurobipy - INFO - CPU model: AMD EPYC 9575F 64-Core Processor, instruction set [SSE2|AVX|AVX2|AVX512]
2026-02-18 18:15:53,812 - gurobipy - INFO - Thread count: 128 physical cores, 128 logical processors, using up to 32 threads
2026-02-18 18:15:53,812 - gurobipy - INFO - 
2026-02-18 18:15:53,812 - gurobipy - INFO - Optimize a model with 1880 rows, 8613 columns and 16920 nonzeros
2026-02-18 18:15:53,812 - gurobipy - INFO - Model fingerprint: 0xafef0954
2026-02-18 18:15:53,812 - gurobipy - INFO - Model has 8613 quadratic objective terms
2026-02-18 18:15:53,812 - gurobipy - INFO - Variable types: 0 continuous, 8613 integer (0 binary)
2026-02-18 18:15:53,813 - gurobipy - INFO - Coefficient statistics:
2026-02-18 18:15:53,813 - gurobipy - INFO -   Matrix range     [1e+00, 1e+00]
2026-02-18 18:15:53,813 - gurobipy - INFO -   Objective range  [2e-05, 2e+00]
2026-02-18 18:15:53,813 - gurobipy - INFO -   QObjective range [4e-02, 6e-01]
2026-02-18 18:15:53,813 - gurobipy - INFO -   Bounds range     [1e+00, 2e+01]
2026-02-18 18:15:53,813 - gurobipy - INFO -   RHS range        [1e+00, 2e+01]
2026-02-18 18:15:53,813 - gurobipy - INFO - 
2026-02-18 18:15:53,813 - gurobipy - INFO - Loaded user MIP start with objective 1351.39
2026-02-18 18:15:53,813 - gurobipy - INFO - 
2026-02-18 18:15:56,587 - gurobipy - INFO - Presolve removed 1879 rows and 8604 columns
2026-02-18 18:15:56,587 - gurobipy - INFO - Presolve time: 2.77s
2026-02-18 18:15:56,587 - gurobipy - INFO - Presolved: 1 rows, 9 columns, 9 nonzeros
2026-02-18 18:15:56,587 - gurobipy - INFO - Presolved model has 9 quadratic objective terms
2026-02-18 18:15:56,587 - gurobipy - INFO - Found heuristic solution: objective 1343.3236718
2026-02-18 18:15:56,587 - gurobipy - INFO - Variable types: 0 continuous, 9 integer (0 binary)
2026-02-18 18:15:56,587 - gurobipy - INFO - 
2026-02-18 18:15:56,587 - gurobipy - INFO - Explored 0 nodes (0 simplex iterations) in 2.77 seconds (0.11 work units)
2026-02-18 18:15:56,587 - gurobipy - INFO - Thread count was 32 (of 128 available processors)
2026-02-18 18:15:56,587 - gurobipy - INFO - 
2026-02-18 18:15:56,587 - gurobipy - INFO - Solution count 2: 1343.32 1351.39 
2026-02-18 18:15:56,587 - gurobipy - INFO - 
2026-02-18 18:15:56,587 - gurobipy - INFO - Optimal solution found (tolerance 5.00e-02)
2026-02-18 18:15:56,587 - gurobipy - INFO - Best objective 1.343323671784e+03, best bound 1.340958953391e+03, gap 0.1760%
2026-02-18 18:15:56,598 - root - INFO - Global IQP solved: status=2, gap=0.18%, time=2.8s
2026-02-18 18:15:56,643 - root - INFO -   Loss: 1336.0752 (change: 0.011333)
2026-02-18 18:15:56,643 - root - INFO -   Beta range: [0.100, 0.433]
2026-02-18 18:15:56,643 - root - INFO -   Max beta change: 0.033670
2026-02-18 18:15:56,643 - root - INFO -   Cell count range: [0, 20]
2026-02-18 18:15:56,643 - root - INFO -     B-cells: 944 cells (19.3%)
2026-02-18 18:15:56,643 - root - INFO -     CAFs: 485 cells (9.9%)
2026-02-18 18:15:56,643 - root - INFO -     Cancer Epithelial: 515 cells (10.5%)
2026-02-18 18:15:56,643 - root - INFO -     Endothelial: 740 cells (15.1%)
2026-02-18 18:15:56,643 - root - INFO -     Myeloid: 332 cells (6.8%)
2026-02-18 18:15:56,643 - root - INFO -     Normal Epithelial: 479 cells (9.8%)
2026-02-18 18:15:56,643 - root - INFO -     PVL: 510 cells (10.4%)
2026-02-18 18:15:56,643 - root - INFO -     Plasmablasts: 596 cells (12.2%)
2026-02-18 18:15:56,643 - root - INFO -     T-cells: 291 cells (5.9%)
2026-02-18 18:15:56,643 - root - INFO - 
=== EM Iteration 7/10 ===
2026-02-18 18:15:56,643 - root - INFO - Global IQP: 957 spots x 9 cell types = 8613 integer variables
2026-02-18 18:15:56,643 - root - INFO - Time limit: 600.0s, MIP gap: 5.0%
2026-02-18 18:15:56,643 - gurobipy - INFO - Set parameter TimeLimit to value 600
2026-02-18 18:15:56,643 - gurobipy - INFO - Set parameter MIPGap to value 0.05
2026-02-18 18:15:57,443 - root - INFO - Starting global IQP optimization...
2026-02-18 18:15:57,444 - gurobipy - INFO - Gurobi Optimizer version 11.0.2 build v11.0.2rc0 (linux64 - "Red Hat Enterprise Linux 9.6 (Plow)")
2026-02-18 18:15:57,444 - gurobipy - INFO - 
2026-02-18 18:15:57,444 - gurobipy - INFO - CPU model: AMD EPYC 9575F 64-Core Processor, instruction set [SSE2|AVX|AVX2|AVX512]
2026-02-18 18:15:57,444 - gurobipy - INFO - Thread count: 128 physical cores, 128 logical processors, using up to 32 threads
2026-02-18 18:15:57,444 - gurobipy - INFO - 
2026-02-18 18:15:57,444 - gurobipy - INFO - Optimize a model with 1880 rows, 8613 columns and 16920 nonzeros
2026-02-18 18:15:57,444 - gurobipy - INFO - Model fingerprint: 0xd8e166b5
2026-02-18 18:15:57,444 - gurobipy - INFO - Model has 8613 quadratic objective terms
2026-02-18 18:15:57,444 - gurobipy - INFO - Variable types: 0 continuous, 8613 integer (0 binary)
2026-02-18 18:15:57,444 - gurobipy - INFO - Coefficient statistics:
2026-02-18 18:15:57,444 - gurobipy - INFO -   Matrix range     [1e+00, 1e+00]
2026-02-18 18:15:57,444 - gurobipy - INFO -   Objective range  [2e-03, 2e+00]
2026-02-18 18:15:57,444 - gurobipy - INFO -   QObjective range [4e-02, 7e-01]
2026-02-18 18:15:57,444 - gurobipy - INFO -   Bounds range     [1e+00, 2e+01]
2026-02-18 18:15:57,444 - gurobipy - INFO -   RHS range        [1e+00, 2e+01]
2026-02-18 18:15:57,444 - gurobipy - INFO - 
2026-02-18 18:15:57,444 - gurobipy - INFO - Loaded user MIP start with objective 1336.08
2026-02-18 18:15:57,444 - gurobipy - INFO - 
2026-02-18 18:16:00,230 - gurobipy - INFO - Presolve removed 1879 rows and 8604 columns
2026-02-18 18:16:00,230 - gurobipy - INFO - Presolve time: 2.79s
2026-02-18 18:16:00,230 - gurobipy - INFO - Presolved: 1 rows, 9 columns, 9 nonzeros
2026-02-18 18:16:00,230 - gurobipy - INFO - Presolved model has 9 quadratic objective terms
2026-02-18 18:16:00,231 - gurobipy - INFO - Found heuristic solution: objective 1332.5747323
2026-02-18 18:16:00,231 - gurobipy - INFO - Variable types: 0 continuous, 9 integer (0 binary)
2026-02-18 18:16:00,231 - gurobipy - INFO - 
2026-02-18 18:16:00,231 - gurobipy - INFO - Explored 0 nodes (0 simplex iterations) in 2.79 seconds (0.11 work units)
2026-02-18 18:16:00,231 - gurobipy - INFO - Thread count was 32 (of 128 available processors)
2026-02-18 18:16:00,231 - gurobipy - INFO - 
2026-02-18 18:16:00,231 - gurobipy - INFO - Solution count 2: 1332.57 1336.08 
2026-02-18 18:16:00,231 - gurobipy - INFO - 
2026-02-18 18:16:00,231 - gurobipy - INFO - Optimal solution found (tolerance 5.00e-02)
2026-02-18 18:16:00,231 - gurobipy - INFO - Best objective 1.332574732346e+03, best bound 1.330169830264e+03, gap 0.1805%
2026-02-18 18:16:00,240 - root - INFO - Global IQP solved: status=2, gap=0.18%, time=2.8s
2026-02-18 18:16:00,284 - root - INFO -   Loss: 1329.0842 (change: 0.005232)
2026-02-18 18:16:00,284 - root - INFO -   Beta range: [0.100, 0.458]
2026-02-18 18:16:00,284 - root - INFO -   Max beta change: 0.035669
2026-02-18 18:16:00,284 - root - INFO -   Cell count range: [0, 20]
2026-02-18 18:16:00,284 - root - INFO -     B-cells: 1000 cells (20.4%)
2026-02-18 18:16:00,284 - root - INFO -     CAFs: 452 cells (9.2%)
2026-02-18 18:16:00,284 - root - INFO -     Cancer Epithelial: 481 cells (9.8%)
2026-02-18 18:16:00,284 - root - INFO -     Endothelial: 825 cells (16.9%)
2026-02-18 18:16:00,284 - root - INFO -     Myeloid: 305 cells (6.2%)
2026-02-18 18:16:00,284 - root - INFO -     Normal Epithelial: 464 cells (9.5%)
2026-02-18 18:16:00,284 - root - INFO -     PVL: 495 cells (10.1%)
2026-02-18 18:16:00,284 - root - INFO -     Plasmablasts: 602 cells (12.3%)
2026-02-18 18:16:00,284 - root - INFO -     T-cells: 268 cells (5.5%)
2026-02-18 18:16:00,284 - root - INFO - 
=== EM Iteration 8/10 ===
2026-02-18 18:16:00,284 - root - INFO - Global IQP: 957 spots x 9 cell types = 8613 integer variables
2026-02-18 18:16:00,284 - root - INFO - Time limit: 600.0s, MIP gap: 5.0%
2026-02-18 18:16:00,284 - gurobipy - INFO - Set parameter TimeLimit to value 600
2026-02-18 18:16:00,284 - gurobipy - INFO - Set parameter MIPGap to value 0.05
2026-02-18 18:16:01,084 - root - INFO - Starting global IQP optimization...
2026-02-18 18:16:01,084 - gurobipy - INFO - Gurobi Optimizer version 11.0.2 build v11.0.2rc0 (linux64 - "Red Hat Enterprise Linux 9.6 (Plow)")
2026-02-18 18:16:01,084 - gurobipy - INFO - 
2026-02-18 18:16:01,084 - gurobipy - INFO - CPU model: AMD EPYC 9575F 64-Core Processor, instruction set [SSE2|AVX|AVX2|AVX512]
2026-02-18 18:16:01,084 - gurobipy - INFO - Thread count: 128 physical cores, 128 logical processors, using up to 32 threads
2026-02-18 18:16:01,084 - gurobipy - INFO - 
2026-02-18 18:16:01,084 - gurobipy - INFO - Optimize a model with 1880 rows, 8613 columns and 16920 nonzeros
2026-02-18 18:16:01,084 - gurobipy - INFO - Model fingerprint: 0x20824d3b
2026-02-18 18:16:01,084 - gurobipy - INFO - Model has 8613 quadratic objective terms
2026-02-18 18:16:01,084 - gurobipy - INFO - Variable types: 0 continuous, 8613 integer (0 binary)
2026-02-18 18:16:01,084 - gurobipy - INFO - Coefficient statistics:
2026-02-18 18:16:01,084 - gurobipy - INFO -   Matrix range     [1e+00, 1e+00]
2026-02-18 18:16:01,084 - gurobipy - INFO -   Objective range  [3e-04, 2e+00]
2026-02-18 18:16:01,084 - gurobipy - INFO -   QObjective range [4e-02, 8e-01]
2026-02-18 18:16:01,084 - gurobipy - INFO -   Bounds range     [1e+00, 2e+01]
2026-02-18 18:16:01,084 - gurobipy - INFO -   RHS range        [1e+00, 2e+01]
2026-02-18 18:16:01,084 - gurobipy - INFO - 
2026-02-18 18:16:01,085 - gurobipy - INFO - Loaded user MIP start with objective 1329.08
2026-02-18 18:16:01,085 - gurobipy - INFO - 
2026-02-18 18:16:03,957 - gurobipy - INFO - Presolve removed 1879 rows and 8604 columns
2026-02-18 18:16:03,957 - gurobipy - INFO - Presolve time: 2.87s
2026-02-18 18:16:03,957 - gurobipy - INFO - Presolved: 1 rows, 9 columns, 9 nonzeros
2026-02-18 18:16:03,957 - gurobipy - INFO - Presolved model has 9 quadratic objective terms
2026-02-18 18:16:03,957 - gurobipy - INFO - Found heuristic solution: objective 1326.1947394
2026-02-18 18:16:03,957 - gurobipy - INFO - Variable types: 0 continuous, 9 integer (0 binary)
2026-02-18 18:16:03,958 - gurobipy - INFO - 
2026-02-18 18:16:03,958 - gurobipy - INFO - Explored 0 nodes (0 simplex iterations) in 2.87 seconds (0.11 work units)
2026-02-18 18:16:03,958 - gurobipy - INFO - Thread count was 32 (of 128 available processors)
2026-02-18 18:16:03,958 - gurobipy - INFO - 
2026-02-18 18:16:03,958 - gurobipy - INFO - Solution count 2: 1326.19 1329.08 
2026-02-18 18:16:03,958 - gurobipy - INFO - 
2026-02-18 18:16:03,958 - gurobipy - INFO - Optimal solution found (tolerance 5.00e-02)
2026-02-18 18:16:03,958 - gurobipy - INFO - Best objective 1.326194739365e+03, best bound 1.323689293814e+03, gap 0.1889%
2026-02-18 18:16:03,966 - root - INFO - Global IQP solved: status=2, gap=0.19%, time=2.9s
2026-02-18 18:16:04,010 - root - INFO -   Loss: 1317.6004 (change: 0.008640)
2026-02-18 18:16:04,010 - root - INFO -   Beta range: [0.100, 0.458]
2026-02-18 18:16:04,010 - root - INFO -   Max beta change: 0.022021
2026-02-18 18:16:04,010 - root - INFO -   Cell count range: [0, 20]
2026-02-18 18:16:04,010 - root - INFO -     B-cells: 986 cells (20.2%)
2026-02-18 18:16:04,010 - root - INFO -     CAFs: 437 cells (8.9%)
2026-02-18 18:16:04,010 - root - INFO -     Cancer Epithelial: 456 cells (9.3%)
2026-02-18 18:16:04,010 - root - INFO -     Endothelial: 942 cells (19.3%)
2026-02-18 18:16:04,010 - root - INFO -     Myeloid: 279 cells (5.7%)
2026-02-18 18:16:04,010 - root - INFO -     Normal Epithelial: 451 cells (9.2%)
2026-02-18 18:16:04,010 - root - INFO -     PVL: 482 cells (9.9%)
2026-02-18 18:16:04,010 - root - INFO -     Plasmablasts: 602 cells (12.3%)
2026-02-18 18:16:04,010 - root - INFO -     T-cells: 257 cells (5.3%)
2026-02-18 18:16:04,010 - root - INFO - 
=== EM Iteration 9/10 ===
2026-02-18 18:16:04,010 - root - INFO - Global IQP: 957 spots x 9 cell types = 8613 integer variables
2026-02-18 18:16:04,010 - root - INFO - Time limit: 600.0s, MIP gap: 5.0%
2026-02-18 18:16:04,010 - gurobipy - INFO - Set parameter TimeLimit to value 600
2026-02-18 18:16:04,010 - gurobipy - INFO - Set parameter MIPGap to value 0.05
2026-02-18 18:16:04,817 - root - INFO - Starting global IQP optimization...
2026-02-18 18:16:04,817 - gurobipy - INFO - Gurobi Optimizer version 11.0.2 build v11.0.2rc0 (linux64 - "Red Hat Enterprise Linux 9.6 (Plow)")
2026-02-18 18:16:04,817 - gurobipy - INFO - 
2026-02-18 18:16:04,817 - gurobipy - INFO - CPU model: AMD EPYC 9575F 64-Core Processor, instruction set [SSE2|AVX|AVX2|AVX512]
2026-02-18 18:16:04,817 - gurobipy - INFO - Thread count: 128 physical cores, 128 logical processors, using up to 32 threads
2026-02-18 18:16:04,817 - gurobipy - INFO - 
2026-02-18 18:16:04,817 - gurobipy - INFO - Optimize a model with 1880 rows, 8613 columns and 16920 nonzeros
2026-02-18 18:16:04,818 - gurobipy - INFO - Model fingerprint: 0x0d9a1190
2026-02-18 18:16:04,818 - gurobipy - INFO - Model has 8613 quadratic objective terms
2026-02-18 18:16:04,818 - gurobipy - INFO - Variable types: 0 continuous, 8613 integer (0 binary)
2026-02-18 18:16:04,818 - gurobipy - INFO - Coefficient statistics:
2026-02-18 18:16:04,818 - gurobipy - INFO -   Matrix range     [1e+00, 1e+00]
2026-02-18 18:16:04,818 - gurobipy - INFO -   Objective range  [9e-04, 2e+00]
2026-02-18 18:16:04,818 - gurobipy - INFO -   QObjective range [4e-02, 8e-01]
2026-02-18 18:16:04,818 - gurobipy - INFO -   Bounds range     [1e+00, 2e+01]
2026-02-18 18:16:04,818 - gurobipy - INFO -   RHS range        [1e+00, 2e+01]
2026-02-18 18:16:04,818 - gurobipy - INFO - 
2026-02-18 18:16:04,818 - gurobipy - INFO - Loaded user MIP start with objective 1317.6
2026-02-18 18:16:04,818 - gurobipy - INFO - 
2026-02-18 18:16:07,322 - gurobipy - INFO - Presolve removed 1879 rows and 8604 columns
2026-02-18 18:16:07,322 - gurobipy - INFO - Presolve time: 2.50s
2026-02-18 18:16:07,322 - gurobipy - INFO - Presolved: 1 rows, 9 columns, 9 nonzeros
2026-02-18 18:16:07,322 - gurobipy - INFO - Presolved model has 9 quadratic objective terms
2026-02-18 18:16:07,322 - gurobipy - INFO - Found heuristic solution: objective 1315.0708212
2026-02-18 18:16:07,322 - gurobipy - INFO - Variable types: 0 continuous, 9 integer (0 binary)
2026-02-18 18:16:07,323 - gurobipy - INFO - 
2026-02-18 18:16:07,323 - gurobipy - INFO - Explored 0 nodes (0 simplex iterations) in 2.51 seconds (0.11 work units)
2026-02-18 18:16:07,323 - gurobipy - INFO - Thread count was 32 (of 128 available processors)
2026-02-18 18:16:07,323 - gurobipy - INFO - 
2026-02-18 18:16:07,323 - gurobipy - INFO - Solution count 2: 1315.07 1317.6 
2026-02-18 18:16:07,323 - gurobipy - INFO - 
2026-02-18 18:16:07,323 - gurobipy - INFO - Optimal solution found (tolerance 5.00e-02)
2026-02-18 18:16:07,323 - gurobipy - INFO - Best objective 1.315070821193e+03, best bound 1.312586251536e+03, gap 0.1889%
2026-02-18 18:16:07,334 - root - INFO - Global IQP solved: status=2, gap=0.19%, time=2.5s
2026-02-18 18:16:07,379 - root - INFO -   Loss: 1310.6297 (change: 0.005290)
2026-02-18 18:16:07,379 - root - INFO -   Beta range: [0.100, 0.474]
2026-02-18 18:16:07,379 - root - INFO -   Max beta change: 0.020749
2026-02-18 18:16:07,379 - root - INFO -   Cell count range: [0, 20]
2026-02-18 18:16:07,379 - root - INFO -     B-cells: 970 cells (19.8%)
2026-02-18 18:16:07,379 - root - INFO -     CAFs: 419 cells (8.6%)
2026-02-18 18:16:07,379 - root - INFO -     Cancer Epithelial: 446 cells (9.1%)
2026-02-18 18:16:07,379 - root - INFO -     Endothelial: 1061 cells (21.7%)
2026-02-18 18:16:07,379 - root - INFO -     Myeloid: 256 cells (5.2%)
2026-02-18 18:16:07,379 - root - INFO -     Normal Epithelial: 436 cells (8.9%)
2026-02-18 18:16:07,379 - root - INFO -     PVL: 462 cells (9.4%)
2026-02-18 18:16:07,379 - root - INFO -     Plasmablasts: 596 cells (12.2%)
2026-02-18 18:16:07,379 - root - INFO -     T-cells: 246 cells (5.0%)
2026-02-18 18:16:07,379 - root - INFO - 
=== EM Iteration 10/10 ===
2026-02-18 18:16:07,379 - root - INFO - Global IQP: 957 spots x 9 cell types = 8613 integer variables
2026-02-18 18:16:07,379 - root - INFO - Time limit: 600.0s, MIP gap: 5.0%
2026-02-18 18:16:07,379 - gurobipy - INFO - Set parameter TimeLimit to value 600
2026-02-18 18:16:07,379 - gurobipy - INFO - Set parameter MIPGap to value 0.05
2026-02-18 18:16:08,237 - root - INFO - Starting global IQP optimization...
2026-02-18 18:16:08,237 - gurobipy - INFO - Gurobi Optimizer version 11.0.2 build v11.0.2rc0 (linux64 - "Red Hat Enterprise Linux 9.6 (Plow)")
2026-02-18 18:16:08,237 - gurobipy - INFO - 
2026-02-18 18:16:08,237 - gurobipy - INFO - CPU model: AMD EPYC 9575F 64-Core Processor, instruction set [SSE2|AVX|AVX2|AVX512]
2026-02-18 18:16:08,237 - gurobipy - INFO - Thread count: 128 physical cores, 128 logical processors, using up to 32 threads
2026-02-18 18:16:08,237 - gurobipy - INFO - 
2026-02-18 18:16:08,237 - gurobipy - INFO - Optimize a model with 1880 rows, 8613 columns and 16920 nonzeros
2026-02-18 18:16:08,238 - gurobipy - INFO - Model fingerprint: 0x59d4169a
2026-02-18 18:16:08,238 - gurobipy - INFO - Model has 8613 quadratic objective terms
2026-02-18 18:16:08,238 - gurobipy - INFO - Variable types: 0 continuous, 8613 integer (0 binary)
2026-02-18 18:16:08,238 - gurobipy - INFO - Coefficient statistics:
2026-02-18 18:16:08,238 - gurobipy - INFO -   Matrix range     [1e+00, 1e+00]
2026-02-18 18:16:08,238 - gurobipy - INFO -   Objective range  [2e-04, 2e+00]
2026-02-18 18:16:08,238 - gurobipy - INFO -   QObjective range [4e-02, 9e-01]
2026-02-18 18:16:08,238 - gurobipy - INFO -   Bounds range     [1e+00, 2e+01]
2026-02-18 18:16:08,238 - gurobipy - INFO -   RHS range        [1e+00, 2e+01]
2026-02-18 18:16:08,238 - gurobipy - INFO - 
2026-02-18 18:16:08,238 - gurobipy - INFO - Loaded user MIP start with objective 1310.63
2026-02-18 18:16:08,238 - gurobipy - INFO - 
2026-02-18 18:16:10,981 - gurobipy - INFO - Presolve removed 1879 rows and 8604 columns
2026-02-18 18:16:10,982 - gurobipy - INFO - Presolve time: 2.74s
2026-02-18 18:16:10,982 - gurobipy - INFO - Presolved: 1 rows, 9 columns, 9 nonzeros
2026-02-18 18:16:10,982 - gurobipy - INFO - Presolved model has 9 quadratic objective terms
2026-02-18 18:16:10,982 - gurobipy - INFO - Found heuristic solution: objective 1309.2360685
2026-02-18 18:16:10,982 - gurobipy - INFO - Variable types: 0 continuous, 9 integer (0 binary)
2026-02-18 18:16:10,982 - gurobipy - INFO - 
2026-02-18 18:16:10,982 - gurobipy - INFO - Explored 0 nodes (0 simplex iterations) in 2.74 seconds (0.11 work units)
2026-02-18 18:16:10,982 - gurobipy - INFO - Thread count was 32 (of 128 available processors)
2026-02-18 18:16:10,982 - gurobipy - INFO - 
2026-02-18 18:16:10,982 - gurobipy - INFO - Solution count 2: 1309.24 1310.63 
2026-02-18 18:16:10,982 - gurobipy - INFO - 
2026-02-18 18:16:10,982 - gurobipy - INFO - Optimal solution found (tolerance 5.00e-02)
2026-02-18 18:16:10,982 - gurobipy - INFO - Best objective 1.309236068544e+03, best bound 1.306707406071e+03, gap 0.1931%
2026-02-18 18:16:10,992 - root - INFO - Global IQP solved: status=2, gap=0.19%, time=2.7s
2026-02-18 18:16:11,037 - root - INFO -   Loss: 1306.0132 (change: 0.003522)
2026-02-18 18:16:11,037 - root - INFO -   Beta range: [0.100, 0.490]
2026-02-18 18:16:11,037 - root - INFO -   Max beta change: 0.016373
2026-02-18 18:16:11,037 - root - INFO -   Cell count range: [0, 20]
2026-02-18 18:16:11,037 - root - INFO -     B-cells: 989 cells (20.2%)
2026-02-18 18:16:11,037 - root - INFO -     CAFs: 409 cells (8.4%)
2026-02-18 18:16:11,037 - root - INFO -     Cancer Epithelial: 442 cells (9.0%)
2026-02-18 18:16:11,037 - root - INFO -     Endothelial: 1123 cells (23.0%)
2026-02-18 18:16:11,037 - root - INFO -     Myeloid: 225 cells (4.6%)
2026-02-18 18:16:11,037 - root - INFO -     Normal Epithelial: 429 cells (8.8%)
2026-02-18 18:16:11,037 - root - INFO -     PVL: 450 cells (9.2%)
2026-02-18 18:16:11,037 - root - INFO -     Plasmablasts: 585 cells (12.0%)
2026-02-18 18:16:11,037 - root - INFO -     T-cells: 240 cells (4.9%)
2026-02-18 18:16:11,037 - root - INFO - 
Final beta values:
2026-02-18 18:16:11,037 - root - INFO -   B-cells_Protein_1: β=0.100, α=0.000
2026-02-18 18:16:11,037 - root - INFO -   B-cells_Protein_2: β=0.100, α=0.000
2026-02-18 18:16:11,037 - root - INFO -   CAFs_Protein_1: β=0.380, α=0.000
2026-02-18 18:16:11,037 - root - INFO -   CAFs_Protein_2: β=0.404, α=0.000
2026-02-18 18:16:11,037 - root - INFO -   Cancer Epithelial_Protein_1: β=0.388, α=0.000
2026-02-18 18:16:11,037 - root - INFO -   Cancer Epithelial_Protein_2: β=0.407, α=0.000
2026-02-18 18:16:11,037 - root - INFO -   Endothelial_Protein_1: β=0.100, α=0.000
2026-02-18 18:16:11,037 - root - INFO -   Endothelial_Protein_2: β=0.100, α=0.000
2026-02-18 18:16:11,037 - root - INFO -   Myeloid_Protein_1: β=0.469, α=0.053
2026-02-18 18:16:11,037 - root - INFO -   Myeloid_Protein_2: β=0.434, α=0.099
2026-02-18 18:16:11,037 - root - INFO -   Normal Epithelial_Protein_1: β=0.309, α=0.000
2026-02-18 18:16:11,037 - root - INFO -   Normal Epithelial_Protein_2: β=0.292, α=0.000
2026-02-18 18:16:11,037 - root - INFO -   PVL_Protein_1: β=0.296, α=0.000
2026-02-18 18:16:11,037 - root - INFO -   PVL_Protein_2: β=0.317, α=0.000
2026-02-18 18:16:11,037 - root - INFO -   Plasmablasts_Protein_1: β=0.156, α=0.000
2026-02-18 18:16:11,037 - root - INFO -   Plasmablasts_Protein_2: β=0.242, α=0.000
2026-02-18 18:16:11,037 - root - INFO -   T-cells_Protein_1: β=0.482, α=0.032
2026-02-18 18:16:11,037 - root - INFO -   T-cells_Protein_2: β=0.490, α=0.000
2026-02-18 18:16:11,066 - root - INFO - Saved discrete cell counts to Benchmarking/simulation_benchmarking/CITEgeist/output_discrete_per_cell/mixed/dapi/mixed/dapi/Wu_rep_2/Wu_rep_2_discrete_cell_counts.csv
2026-02-18 18:16:11,070 - root - INFO - Saved derived proportions to Benchmarking/simulation_benchmarking/CITEgeist/output_discrete_per_cell/mixed/dapi/mixed/dapi/Wu_rep_2/Wu_rep_2_cell_prop_discrete.csv
2026-02-18 18:16:11,070 - root - INFO - Cell type distribution:
2026-02-18 18:16:11,070 - root - INFO -   B-cells: 989 cells (20.2%)
2026-02-18 18:16:11,070 - root - INFO -   CAFs: 409 cells (8.4%)
2026-02-18 18:16:11,070 - root - INFO -   Cancer Epithelial: 442 cells (9.0%)
2026-02-18 18:16:11,070 - root - INFO -   Endothelial: 1123 cells (23.0%)
2026-02-18 18:16:11,070 - root - INFO -   Myeloid: 225 cells (4.6%)
2026-02-18 18:16:11,070 - root - INFO -   Normal Epithelial: 429 cells (8.8%)
2026-02-18 18:16:11,070 - root - INFO -   PVL: 450 cells (9.2%)
2026-02-18 18:16:11,070 - root - INFO -   Plasmablasts: 585 cells (12.0%)
2026-02-18 18:16:11,070 - root - INFO -   T-cells: 240 cells (4.9%)
2026-02-18 18:16:11,075 - __main__ - INFO - Loaded ground truth proportions: 957 spots, 9 cell types
2026-02-18 18:16:11,076 - __main__ - INFO - Proportion correlation: 0.292
2026-02-18 18:16:11,076 - __main__ - INFO - Proportion RMSE: 0.2273
2026-02-18 18:16:11,076 - __main__ - INFO - Running GEX deconvolution...
2026-02-18 18:16:11,077 - CITEgeist.model.utils - INFO - Detected spot spacing: 1.61 units (median of 957 nearest-neighbor distances)
2026-02-18 18:16:11,077 - CITEgeist.model.utils - INFO - Computed optimal radius: 4.92 (3.0 rings, spot_spacing=1.61)
2026-02-18 18:16:11,077 - root - INFO - Auto-detected radius: 4.92 (3 rings)
2026-02-18 18:16:11,077 - root - INFO - Starting Pass 1: Error minimization with enrichment weights...
2026-02-18 18:16:11,077 - root - INFO - Using discrete mode: cell counts as fixed multipliers
2026-02-18 18:16:11,077 - root - WARNING - Found 17 spots with zero cells. These will be skipped in deconvolution.
2026-02-18 18:16:11,077 - root - WARNING - Found 17 spots with zero or negligible total cell proportions. Deconvolution for these spots may fail and their profiles will be imputed as zeros. Example spot indices: [33 39 44 81 98]
2026-02-18 18:16:11,091 - root - INFO - Starting analysis for Wu_rep_2
2026-02-18 18:16:11,091 - root - INFO - Already completed spots: 0
2026-02-18 18:16:11,091 - root - INFO - Using enrichment weights - Global: 0.5, Local: 0.5
2026-02-18 18:16:11,091 - root - INFO - Using 128 workers
2026-02-18 18:16:11,091 - root - INFO - Processing 957 remaining spots
Deconvoluting Remaining Spots:   0%|          | 0/957 [00:00<?, ?it/s]Deconvoluting Remaining Spots:   0%|          | 1/957 [00:02<40:43,  2.56s/it]Deconvoluting Remaining Spots:   0%|          | 2/957 [00:02<18:20,  1.15s/it]Deconvoluting Remaining Spots:   0%|          | 3/957 [00:02<11:15,  1.41it/s]Deconvoluting Remaining Spots:   0%|          | 4/957 [00:03<08:04,  1.97it/s]Deconvoluting Remaining Spots:   1%|          | 5/957 [00:03<06:17,  2.52it/s]Deconvoluting Remaining Spots:   1%|          | 6/957 [00:03<04:58,  3.19it/s]Deconvoluting Remaining Spots:   1%|          | 7/957 [00:03<04:16,  3.71it/s]Deconvoluting Remaining Spots:   1%|          | 8/957 [00:03<04:00,  3.95it/s]Deconvoluting Remaining Spots:   1%|          | 9/957 [00:04<03:46,  4.18it/s]Deconvoluting Remaining Spots:   1%|          | 10/957 [00:04<03:32,  4.45it/s]Deconvoluting Remaining Spots:   1%|          | 11/957 [00:04<05:25,  2.90it/s]Deconvoluting Remaining Spots:   1%|▏         | 14/957 [00:05<02:57,  5.33it/s]Deconvoluting Remaining Spots:   2%|▏         | 15/957 [00:05<02:54,  5.41it/s]Deconvoluting Remaining Spots:   2%|▏         | 16/957 [00:05<03:09,  4.97it/s]Deconvoluting Remaining Spots:   2%|▏         | 17/957 [00:05<03:04,  5.09it/s]Deconvoluting Remaining Spots:   2%|▏         | 18/957 [00:05<03:02,  5.14it/s]Deconvoluting Remaining Spots:   2%|▏         | 19/957 [00:06<03:02,  5.13it/s]Deconvoluting Remaining Spots:   2%|▏         | 20/957 [00:06<03:09,  4.95it/s]Deconvoluting Remaining Spots:   2%|▏         | 21/957 [00:06<03:20,  4.68it/s]Deconvoluting Remaining Spots:   2%|▏         | 22/957 [00:06<02:50,  5.48it/s]Deconvoluting Remaining Spots:   2%|▏         | 23/957 [00:06<03:11,  4.87it/s]Deconvoluting Remaining Spots:   3%|▎         | 24/957 [00:07<03:08,  4.95it/s]Deconvoluting Remaining Spots:   3%|▎         | 25/957 [00:07<03:04,  5.04it/s]Deconvoluting Remaining Spots:   3%|▎         | 26/957 [00:07<03:07,  4.97it/s]Deconvoluting Remaining Spots:   3%|▎         | 27/957 [00:07<03:05,  5.01it/s]Deconvoluting Remaining Spots:   3%|▎         | 28/957 [00:07<03:07,  4.97it/s]Deconvoluting Remaining Spots:   3%|▎         | 29/957 [00:08<03:10,  4.88it/s]Deconvoluting Remaining Spots:   3%|▎         | 30/957 [00:08<03:11,  4.85it/s]Deconvoluting Remaining Spots:   3%|▎         | 31/957 [00:08<02:53,  5.34it/s]Deconvoluting Remaining Spots:   3%|▎         | 32/957 [00:08<03:03,  5.05it/s]Deconvoluting Remaining Spots:   3%|▎         | 33/957 [00:08<03:05,  4.98it/s]Deconvoluting Remaining Spots:   4%|▎         | 34/957 [00:09<03:12,  4.80it/s]Deconvoluting Remaining Spots:   4%|▎         | 35/957 [00:09<03:30,  4.38it/s]Deconvoluting Remaining Spots:   4%|▍         | 36/957 [00:09<03:27,  4.44it/s]Deconvoluting Remaining Spots:   4%|▍         | 37/957 [00:09<03:27,  4.44it/s]Deconvoluting Remaining Spots:   4%|▍         | 38/957 [00:10<03:23,  4.51it/s]Deconvoluting Remaining Spots:   4%|▍         | 39/957 [00:10<03:03,  5.01it/s]Deconvoluting Remaining Spots:   4%|▍         | 40/957 [00:10<03:06,  4.91it/s]Deconvoluting Remaining Spots:   4%|▍         | 41/957 [00:11<04:53,  3.12it/s]Deconvoluting Remaining Spots:   5%|▍         | 44/957 [00:11<03:01,  5.04it/s]Deconvoluting Remaining Spots:   5%|▍         | 45/957 [00:11<03:03,  4.96it/s]Deconvoluting Remaining Spots:   5%|▍         | 46/957 [00:11<03:08,  4.83it/s]Deconvoluting Remaining Spots:   5%|▍         | 47/957 [00:11<03:01,  5.00it/s]Deconvoluting Remaining Spots:   5%|▌         | 48/957 [00:12<03:15,  4.64it/s]Deconvoluting Remaining Spots:   5%|▌         | 49/957 [00:12<03:11,  4.74it/s]Deconvoluting Remaining Spots:   5%|▌         | 50/957 [00:12<03:15,  4.64it/s]Deconvoluting Remaining Spots:   5%|▌         | 51/957 [00:12<03:17,  4.60it/s]Deconvoluting Remaining Spots:   5%|▌         | 52/957 [00:13<03:04,  4.90it/s]Deconvoluting Remaining Spots:   6%|▌         | 53/957 [00:13<03:11,  4.72it/s]Deconvoluting Remaining Spots:   6%|▌         | 54/957 [00:13<03:13,  4.68it/s]Deconvoluting Remaining Spots:   6%|▌         | 55/957 [00:13<03:20,  4.50it/s]Deconvoluting Remaining Spots:   6%|▌         | 56/957 [00:13<03:08,  4.79it/s]Deconvoluting Remaining Spots:   6%|▌         | 57/957 [00:14<03:07,  4.81it/s]Deconvoluting Remaining Spots:   6%|▌         | 58/957 [00:14<03:10,  4.73it/s]Deconvoluting Remaining Spots:   6%|▌         | 59/957 [00:14<03:11,  4.68it/s]Deconvoluting Remaining Spots:   6%|▋         | 60/957 [00:14<03:14,  4.62it/s]Deconvoluting Remaining Spots:   6%|▋         | 61/957 [00:14<03:04,  4.86it/s]Deconvoluting Remaining Spots:   6%|▋         | 62/957 [00:15<03:05,  4.82it/s]Deconvoluting Remaining Spots:   7%|▋         | 63/957 [00:15<03:04,  4.83it/s]Deconvoluting Remaining Spots:   7%|▋         | 64/957 [00:15<03:11,  4.67it/s]Deconvoluting Remaining Spots:   7%|▋         | 65/957 [00:15<03:14,  4.59it/s]Deconvoluting Remaining Spots:   7%|▋         | 66/957 [00:16<03:18,  4.49it/s]Deconvoluting Remaining Spots:   7%|▋         | 67/957 [00:16<03:11,  4.64it/s]Deconvoluting Remaining Spots:   7%|▋         | 68/957 [00:16<04:01,  3.69it/s]Deconvoluting Remaining Spots:   7%|▋         | 69/957 [00:16<04:04,  3.63it/s]Deconvoluting Remaining Spots:   7%|▋         | 70/957 [00:17<03:48,  3.87it/s]Deconvoluting Remaining Spots:   8%|▊         | 72/957 [00:17<02:24,  6.14it/s]Deconvoluting Remaining Spots:   8%|▊         | 73/957 [00:17<02:46,  5.31it/s]Deconvoluting Remaining Spots:   8%|▊         | 74/957 [00:17<02:52,  5.12it/s]Deconvoluting Remaining Spots:   8%|▊         | 75/957 [00:17<02:43,  5.40it/s]Deconvoluting Remaining Spots:   8%|▊         | 76/957 [00:18<03:03,  4.80it/s]Deconvoluting Remaining Spots:   8%|▊         | 77/957 [00:18<03:27,  4.25it/s]Deconvoluting Remaining Spots:   8%|▊         | 78/957 [00:18<03:20,  4.38it/s]Deconvoluting Remaining Spots:   8%|▊         | 79/957 [00:18<03:10,  4.62it/s]Deconvoluting Remaining Spots:   8%|▊         | 80/957 [00:19<02:59,  4.88it/s]Deconvoluting Remaining Spots:   8%|▊         | 81/957 [00:19<03:04,  4.74it/s]Deconvoluting Remaining Spots:   9%|▊         | 82/957 [00:19<03:05,  4.71it/s]Deconvoluting Remaining Spots:   9%|▊         | 83/957 [00:20<04:28,  3.25it/s]Deconvoluting Remaining Spots:   9%|▉         | 85/957 [00:20<02:45,  5.28it/s]Deconvoluting Remaining Spots:   9%|▉         | 86/957 [00:20<02:52,  5.05it/s]Deconvoluting Remaining Spots:   9%|▉         | 87/957 [00:20<03:01,  4.79it/s]Deconvoluting Remaining Spots:   9%|▉         | 88/957 [00:20<02:58,  4.86it/s]Deconvoluting Remaining Spots:   9%|▉         | 89/957 [00:20<02:56,  4.93it/s]Deconvoluting Remaining Spots:   9%|▉         | 90/957 [00:21<02:53,  5.00it/s]Deconvoluting Remaining Spots:  10%|▉         | 91/957 [00:21<03:04,  4.70it/s]Deconvoluting Remaining Spots:  10%|▉         | 92/957 [00:21<03:18,  4.37it/s]Deconvoluting Remaining Spots:  10%|▉         | 93/957 [00:21<03:05,  4.66it/s]Deconvoluting Remaining Spots:  10%|▉         | 94/957 [00:22<03:07,  4.60it/s]Deconvoluting Remaining Spots:  10%|▉         | 95/957 [00:22<03:09,  4.56it/s]Deconvoluting Remaining Spots:  10%|█         | 96/957 [00:22<03:09,  4.55it/s]Deconvoluting Remaining Spots:  10%|█         | 97/957 [00:22<03:09,  4.54it/s]Deconvoluting Remaining Spots:  10%|█         | 98/957 [00:22<03:04,  4.65it/s]Deconvoluting Remaining Spots:  10%|█         | 99/957 [00:23<03:10,  4.51it/s]Deconvoluting Remaining Spots:  10%|█         | 100/957 [00:23<03:00,  4.74it/s]2026-02-18 18:16:37,203 - root - INFO - Saved checkpoint after 100 completed spots
Deconvoluting Remaining Spots:  11%|█         | 101/957 [00:25<09:08,  1.56it/s]Deconvoluting Remaining Spots:  11%|█▏        | 108/957 [00:25<02:27,  5.74it/s]Deconvoluting Remaining Spots:  11%|█▏        | 110/957 [00:25<02:29,  5.68it/s]Deconvoluting Remaining Spots:  12%|█▏        | 112/957 [00:26<02:45,  5.10it/s]Deconvoluting Remaining Spots:  12%|█▏        | 114/957 [00:26<02:47,  5.03it/s]Deconvoluting Remaining Spots:  12%|█▏        | 115/957 [00:26<02:51,  4.90it/s]Deconvoluting Remaining Spots:  12%|█▏        | 116/957 [00:26<02:59,  4.69it/s]Deconvoluting Remaining Spots:  12%|█▏        | 117/957 [00:27<02:57,  4.74it/s]Deconvoluting Remaining Spots:  12%|█▏        | 118/957 [00:27<02:50,  4.91it/s]Deconvoluting Remaining Spots:  12%|█▏        | 119/957 [00:27<03:09,  4.43it/s]Deconvoluting Remaining Spots:  13%|█▎        | 120/957 [00:27<03:00,  4.63it/s]Deconvoluting Remaining Spots:  13%|█▎        | 121/957 [00:27<02:57,  4.70it/s]Deconvoluting Remaining Spots:  13%|█▎        | 122/957 [00:28<02:56,  4.74it/s]Deconvoluting Remaining Spots:  13%|█▎        | 123/957 [00:28<02:57,  4.71it/s]Deconvoluting Remaining Spots:  13%|█▎        | 124/957 [00:28<02:52,  4.83it/s]Deconvoluting Remaining Spots:  13%|█▎        | 125/957 [00:28<02:51,  4.85it/s]Deconvoluting Remaining Spots:  13%|█▎        | 126/957 [00:29<03:00,  4.62it/s]Deconvoluting Remaining Spots:  13%|█▎        | 127/957 [00:29<03:17,  4.19it/s]Deconvoluting Remaining Spots:  13%|█▎        | 128/957 [00:29<03:06,  4.44it/s]Deconvoluting Remaining Spots:  13%|█▎        | 129/957 [00:29<02:58,  4.65it/s]Deconvoluting Remaining Spots:  14%|█▎        | 130/957 [00:29<02:45,  4.99it/s]Deconvoluting Remaining Spots:  14%|█▎        | 131/957 [00:30<02:52,  4.78it/s]Deconvoluting Remaining Spots:  14%|█▍        | 132/957 [00:30<02:45,  4.99it/s]Deconvoluting Remaining Spots:  14%|█▍        | 133/957 [00:30<02:37,  5.23it/s]Deconvoluting Remaining Spots:  14%|█▍        | 134/957 [00:30<02:34,  5.34it/s]Deconvoluting Remaining Spots:  14%|█▍        | 135/957 [00:30<02:42,  5.07it/s]Deconvoluting Remaining Spots:  14%|█▍        | 136/957 [00:31<02:39,  5.14it/s]Deconvoluting Remaining Spots:  14%|█▍        | 137/957 [00:31<02:55,  4.67it/s]Deconvoluting Remaining Spots:  14%|█▍        | 138/957 [00:31<02:41,  5.07it/s]Deconvoluting Remaining Spots:  15%|█▍        | 139/957 [00:31<02:32,  5.38it/s]Deconvoluting Remaining Spots:  15%|█▍        | 140/957 [00:31<02:33,  5.33it/s]Deconvoluting Remaining Spots:  15%|█▍        | 141/957 [00:32<02:40,  5.10it/s]Deconvoluting Remaining Spots:  15%|█▍        | 142/957 [00:32<02:34,  5.26it/s]Deconvoluting Remaining Spots:  15%|█▍        | 143/957 [00:32<02:29,  5.46it/s]Deconvoluting Remaining Spots:  15%|█▌        | 144/957 [00:32<02:35,  5.24it/s]Deconvoluting Remaining Spots:  15%|█▌        | 145/957 [00:32<02:27,  5.49it/s]Deconvoluting Remaining Spots:  15%|█▌        | 146/957 [00:32<02:23,  5.65it/s]Deconvoluting Remaining Spots:  15%|█▌        | 147/957 [00:33<02:32,  5.32it/s]Deconvoluting Remaining Spots:  15%|█▌        | 148/957 [00:33<02:26,  5.52it/s]Deconvoluting Remaining Spots:  16%|█▌        | 149/957 [00:33<02:50,  4.74it/s]Deconvoluting Remaining Spots:  16%|█▌        | 151/957 [00:33<02:16,  5.91it/s]Deconvoluting Remaining Spots:  16%|█▌        | 152/957 [00:33<02:19,  5.76it/s]Deconvoluting Remaining Spots:  16%|█▌        | 153/957 [00:34<02:15,  5.95it/s]Deconvoluting Remaining Spots:  16%|█▌        | 154/957 [00:34<02:25,  5.51it/s]Deconvoluting Remaining Spots:  16%|█▌        | 155/957 [00:34<02:21,  5.68it/s]Deconvoluting Remaining Spots:  16%|█▋        | 156/957 [00:34<02:31,  5.28it/s]Deconvoluting Remaining Spots:  16%|█▋        | 157/957 [00:34<02:25,  5.50it/s]Deconvoluting Remaining Spots:  17%|█▋        | 158/957 [00:35<02:19,  5.74it/s]Deconvoluting Remaining Spots:  17%|█▋        | 159/957 [00:35<02:31,  5.27it/s]Deconvoluting Remaining Spots:  17%|█▋        | 160/957 [00:35<02:46,  4.79it/s]Deconvoluting Remaining Spots:  17%|█▋        | 161/957 [00:35<02:42,  4.90it/s]Deconvoluting Remaining Spots:  17%|█▋        | 162/957 [00:35<02:32,  5.23it/s]Deconvoluting Remaining Spots:  17%|█▋        | 163/957 [00:36<02:45,  4.80it/s]Deconvoluting Remaining Spots:  17%|█▋        | 164/957 [00:36<02:31,  5.22it/s]Deconvoluting Remaining Spots:  17%|█▋        | 165/957 [00:36<02:44,  4.82it/s]Deconvoluting Remaining Spots:  17%|█▋        | 166/957 [00:36<02:30,  5.26it/s]Deconvoluting Remaining Spots:  17%|█▋        | 167/957 [00:36<02:31,  5.22it/s]Deconvoluting Remaining Spots:  18%|█▊        | 168/957 [00:37<02:58,  4.41it/s]Deconvoluting Remaining Spots:  18%|█▊        | 170/957 [00:37<02:15,  5.81it/s]Deconvoluting Remaining Spots:  18%|█▊        | 171/957 [00:37<02:16,  5.74it/s]Deconvoluting Remaining Spots:  18%|█▊        | 172/957 [00:37<02:29,  5.26it/s]Deconvoluting Remaining Spots:  18%|█▊        | 173/957 [00:38<02:26,  5.36it/s]Deconvoluting Remaining Spots:  18%|█▊        | 174/957 [00:38<02:37,  4.99it/s]Deconvoluting Remaining Spots:  18%|█▊        | 176/957 [00:38<02:11,  5.94it/s]Deconvoluting Remaining Spots:  18%|█▊        | 177/957 [00:38<02:20,  5.55it/s]Deconvoluting Remaining Spots:  19%|█▊        | 178/957 [00:38<02:24,  5.41it/s]Deconvoluting Remaining Spots:  19%|█▊        | 179/957 [00:39<02:40,  4.85it/s]Deconvoluting Remaining Spots:  19%|█▉        | 180/957 [00:39<02:27,  5.28it/s]Deconvoluting Remaining Spots:  19%|█▉        | 181/957 [00:39<02:33,  5.05it/s]Deconvoluting Remaining Spots:  19%|█▉        | 182/957 [00:39<02:35,  4.99it/s]Deconvoluting Remaining Spots:  19%|█▉        | 183/957 [00:39<02:25,  5.31it/s]Deconvoluting Remaining Spots:  19%|█▉        | 184/957 [00:40<02:24,  5.36it/s]Deconvoluting Remaining Spots:  19%|█▉        | 185/957 [00:40<02:22,  5.42it/s]Deconvoluting Remaining Spots:  19%|█▉        | 186/957 [00:40<02:20,  5.48it/s]Deconvoluting Remaining Spots:  20%|█▉        | 187/957 [00:40<02:19,  5.50it/s]Deconvoluting Remaining Spots:  20%|█▉        | 188/957 [00:40<02:33,  5.02it/s]Deconvoluting Remaining Spots:  20%|█▉        | 189/957 [00:41<02:30,  5.11it/s]Deconvoluting Remaining Spots:  20%|█▉        | 190/957 [00:41<02:21,  5.42it/s]Deconvoluting Remaining Spots:  20%|█▉        | 191/957 [00:41<02:30,  5.10it/s]Deconvoluting Remaining Spots:  20%|██        | 192/957 [00:41<02:43,  4.67it/s]Deconvoluting Remaining Spots:  20%|██        | 193/957 [00:41<02:22,  5.35it/s]Deconvoluting Remaining Spots:  20%|██        | 194/957 [00:42<02:22,  5.35it/s]Deconvoluting Remaining Spots:  20%|██        | 195/957 [00:42<02:15,  5.61it/s]Deconvoluting Remaining Spots:  20%|██        | 196/957 [00:42<02:21,  5.38it/s]Deconvoluting Remaining Spots:  21%|██        | 197/957 [00:42<02:21,  5.36it/s]Deconvoluting Remaining Spots:  21%|██        | 198/957 [00:42<03:07,  4.06it/s]Deconvoluting Remaining Spots:  21%|██        | 199/957 [00:43<02:52,  4.39it/s]2026-02-18 18:16:56,870 - root - INFO - Saved checkpoint after 200 completed spots
Deconvoluting Remaining Spots:  21%|██        | 201/957 [00:44<06:01,  2.09it/s]Deconvoluting Remaining Spots:  22%|██▏       | 210/957 [00:44<01:45,  7.10it/s]Deconvoluting Remaining Spots:  22%|██▏       | 212/957 [00:45<02:00,  6.16it/s]Deconvoluting Remaining Spots:  22%|██▏       | 214/957 [00:45<02:02,  6.08it/s]Deconvoluting Remaining Spots:  22%|██▏       | 215/957 [00:45<02:03,  5.99it/s]Deconvoluting Remaining Spots:  23%|██▎       | 216/957 [00:46<02:05,  5.90it/s]Deconvoluting Remaining Spots:  23%|██▎       | 217/957 [00:46<02:51,  4.30it/s]Deconvoluting Remaining Spots:  23%|██▎       | 219/957 [00:46<02:06,  5.82it/s]Deconvoluting Remaining Spots:  23%|██▎       | 220/957 [00:46<02:05,  5.85it/s]Deconvoluting Remaining Spots:  23%|██▎       | 221/957 [00:47<02:03,  5.97it/s]Deconvoluting Remaining Spots:  23%|██▎       | 222/957 [00:47<02:13,  5.52it/s]Deconvoluting Remaining Spots:  23%|██▎       | 223/957 [00:47<02:16,  5.37it/s]Deconvoluting Remaining Spots:  23%|██▎       | 224/957 [00:47<02:38,  4.62it/s]Deconvoluting Remaining Spots:  24%|██▎       | 226/957 [00:48<02:09,  5.65it/s]Deconvoluting Remaining Spots:  24%|██▎       | 227/957 [00:48<02:08,  5.68it/s]Deconvoluting Remaining Spots:  24%|██▍       | 228/957 [00:48<02:09,  5.65it/s]Deconvoluting Remaining Spots:  24%|██▍       | 229/957 [00:48<02:13,  5.46it/s]Deconvoluting Remaining Spots:  24%|██▍       | 230/957 [00:48<02:15,  5.36it/s]Deconvoluting Remaining Spots:  24%|██▍       | 231/957 [00:48<02:10,  5.57it/s]Deconvoluting Remaining Spots:  24%|██▍       | 232/957 [00:49<02:48,  4.30it/s]Deconvoluting Remaining Spots:  24%|██▍       | 234/957 [00:49<02:12,  5.47it/s]Deconvoluting Remaining Spots:  25%|██▍       | 235/957 [00:49<02:03,  5.84it/s]Deconvoluting Remaining Spots:  25%|██▍       | 236/957 [00:49<02:01,  5.95it/s]Deconvoluting Remaining Spots:  25%|██▍       | 237/957 [00:50<02:05,  5.72it/s]Deconvoluting Remaining Spots:  25%|██▍       | 238/957 [00:50<02:14,  5.36it/s]Deconvoluting Remaining Spots:  25%|██▍       | 239/957 [00:50<02:02,  5.85it/s]Deconvoluting Remaining Spots:  25%|██▌       | 240/957 [00:50<02:08,  5.58it/s]Deconvoluting Remaining Spots:  25%|██▌       | 241/957 [00:50<02:13,  5.38it/s]Deconvoluting Remaining Spots:  25%|██▌       | 242/957 [00:51<02:49,  4.21it/s]Deconvoluting Remaining Spots:  25%|██▌       | 244/957 [00:51<02:29,  4.77it/s]Deconvoluting Remaining Spots:  26%|██▌       | 246/957 [00:51<02:07,  5.59it/s]Deconvoluting Remaining Spots:  26%|██▌       | 247/957 [00:51<01:58,  5.98it/s]Deconvoluting Remaining Spots:  26%|██▌       | 248/957 [00:52<02:01,  5.82it/s]Deconvoluting Remaining Spots:  26%|██▌       | 249/957 [00:52<02:14,  5.28it/s]Deconvoluting Remaining Spots:  26%|██▌       | 250/957 [00:52<02:21,  4.99it/s]Deconvoluting Remaining Spots:  26%|██▌       | 251/957 [00:52<02:19,  5.07it/s]Deconvoluting Remaining Spots:  26%|██▋       | 252/957 [00:52<02:02,  5.74it/s]Deconvoluting Remaining Spots:  26%|██▋       | 253/957 [00:53<03:00,  3.90it/s]Deconvoluting Remaining Spots:  27%|██▋       | 255/957 [00:53<02:16,  5.16it/s]Deconvoluting Remaining Spots:  27%|██▋       | 256/957 [00:53<02:21,  4.96it/s]Deconvoluting Remaining Spots:  27%|██▋       | 258/957 [00:54<01:59,  5.83it/s]Deconvoluting Remaining Spots:  27%|██▋       | 259/957 [00:54<02:07,  5.48it/s]Deconvoluting Remaining Spots:  27%|██▋       | 260/957 [00:54<02:02,  5.69it/s]Deconvoluting Remaining Spots:  27%|██▋       | 261/957 [00:54<02:06,  5.51it/s]Deconvoluting Remaining Spots:  27%|██▋       | 262/957 [00:54<01:57,  5.93it/s]Deconvoluting Remaining Spots:  27%|██▋       | 263/957 [00:54<02:07,  5.45it/s]Deconvoluting Remaining Spots:  28%|██▊       | 264/957 [00:55<02:07,  5.44it/s]Deconvoluting Remaining Spots:  28%|██▊       | 265/957 [00:55<02:18,  5.00it/s]Deconvoluting Remaining Spots:  28%|██▊       | 266/957 [00:55<02:09,  5.33it/s]Deconvoluting Remaining Spots:  28%|██▊       | 267/957 [00:55<01:56,  5.92it/s]Deconvoluting Remaining Spots:  28%|██▊       | 268/957 [00:55<01:58,  5.79it/s]Deconvoluting Remaining Spots:  28%|██▊       | 269/957 [00:56<01:58,  5.79it/s]Deconvoluting Remaining Spots:  28%|██▊       | 270/957 [00:56<02:13,  5.14it/s]Deconvoluting Remaining Spots:  28%|██▊       | 271/957 [00:56<02:12,  5.19it/s]Deconvoluting Remaining Spots:  28%|██▊       | 272/957 [00:56<02:13,  5.13it/s]Deconvoluting Remaining Spots:  29%|██▊       | 273/957 [00:57<02:43,  4.18it/s]Deconvoluting Remaining Spots:  29%|██▊       | 275/957 [00:57<02:08,  5.31it/s]Deconvoluting Remaining Spots:  29%|██▉       | 276/957 [00:57<02:02,  5.58it/s]Deconvoluting Remaining Spots:  29%|██▉       | 277/957 [00:57<02:00,  5.64it/s]Deconvoluting Remaining Spots:  29%|██▉       | 278/957 [00:57<02:02,  5.53it/s]Deconvoluting Remaining Spots:  29%|██▉       | 279/957 [00:58<02:29,  4.53it/s]Deconvoluting Remaining Spots:  29%|██▉       | 281/957 [00:58<01:58,  5.69it/s]Deconvoluting Remaining Spots:  29%|██▉       | 282/957 [00:58<02:01,  5.56it/s]Deconvoluting Remaining Spots:  30%|██▉       | 283/957 [00:58<02:02,  5.49it/s]Deconvoluting Remaining Spots:  30%|██▉       | 284/957 [00:58<02:04,  5.39it/s]Deconvoluting Remaining Spots:  30%|██▉       | 285/957 [00:59<02:04,  5.39it/s]Deconvoluting Remaining Spots:  30%|██▉       | 286/957 [00:59<02:01,  5.51it/s]Deconvoluting Remaining Spots:  30%|██▉       | 287/957 [00:59<02:03,  5.42it/s]Deconvoluting Remaining Spots:  30%|███       | 288/957 [00:59<02:03,  5.42it/s]Deconvoluting Remaining Spots:  30%|███       | 289/957 [00:59<01:49,  6.10it/s]Deconvoluting Remaining Spots:  30%|███       | 290/957 [01:00<02:12,  5.03it/s]Deconvoluting Remaining Spots:  31%|███       | 292/957 [01:00<01:54,  5.80it/s]Deconvoluting Remaining Spots:  31%|███       | 293/957 [01:00<02:04,  5.33it/s]Deconvoluting Remaining Spots:  31%|███       | 294/957 [01:00<02:12,  4.99it/s]Deconvoluting Remaining Spots:  31%|███       | 295/957 [01:01<02:33,  4.31it/s]Deconvoluting Remaining Spots:  31%|███       | 297/957 [01:01<01:54,  5.75it/s]Deconvoluting Remaining Spots:  31%|███       | 298/957 [01:01<01:59,  5.50it/s]Deconvoluting Remaining Spots:  31%|███       | 299/957 [01:01<01:58,  5.54it/s]Deconvoluting Remaining Spots:  31%|███▏      | 300/957 [01:01<02:03,  5.33it/s]2026-02-18 18:17:16,603 - root - INFO - Saved checkpoint after 300 completed spots
Deconvoluting Remaining Spots:  31%|███▏      | 301/957 [01:04<08:57,  1.22it/s]Deconvoluting Remaining Spots:  33%|███▎      | 314/957 [01:04<01:30,  7.11it/s]Deconvoluting Remaining Spots:  33%|███▎      | 319/957 [01:05<01:43,  6.18it/s]Deconvoluting Remaining Spots:  34%|███▍      | 323/957 [01:06<01:48,  5.82it/s]Deconvoluting Remaining Spots:  34%|███▍      | 326/957 [01:06<01:52,  5.61it/s]Deconvoluting Remaining Spots:  34%|███▍      | 328/957 [01:07<01:51,  5.63it/s]Deconvoluting Remaining Spots:  34%|███▍      | 330/957 [01:07<01:52,  5.57it/s]Deconvoluting Remaining Spots:  35%|███▍      | 332/957 [01:08<01:52,  5.57it/s]Deconvoluting Remaining Spots:  35%|███▍      | 333/957 [01:08<01:48,  5.75it/s]Deconvoluting Remaining Spots:  35%|███▍      | 334/957 [01:08<01:54,  5.43it/s]Deconvoluting Remaining Spots:  35%|███▌      | 335/957 [01:08<01:47,  5.81it/s]Deconvoluting Remaining Spots:  35%|███▌      | 336/957 [01:08<01:54,  5.42it/s]Deconvoluting Remaining Spots:  35%|███▌      | 337/957 [01:08<01:58,  5.23it/s]Deconvoluting Remaining Spots:  35%|███▌      | 338/957 [01:09<02:04,  4.99it/s]Deconvoluting Remaining Spots:  35%|███▌      | 339/957 [01:09<02:00,  5.13it/s]Deconvoluting Remaining Spots:  36%|███▌      | 340/957 [01:09<02:03,  4.99it/s]Deconvoluting Remaining Spots:  36%|███▌      | 342/957 [01:09<01:49,  5.64it/s]Deconvoluting Remaining Spots:  36%|███▌      | 343/957 [01:10<01:50,  5.54it/s]Deconvoluting Remaining Spots:  36%|███▌      | 344/957 [01:10<01:57,  5.23it/s]Deconvoluting Remaining Spots:  36%|███▌      | 345/957 [01:10<01:48,  5.62it/s]Deconvoluting Remaining Spots:  36%|███▌      | 346/957 [01:10<02:03,  4.95it/s]Deconvoluting Remaining Spots:  36%|███▋      | 347/957 [01:10<01:52,  5.41it/s]Deconvoluting Remaining Spots:  36%|███▋      | 348/957 [01:11<02:10,  4.65it/s]Deconvoluting Remaining Spots:  36%|███▋      | 349/957 [01:11<01:52,  5.40it/s]Deconvoluting Remaining Spots:  37%|███▋      | 350/957 [01:11<01:58,  5.12it/s]Deconvoluting Remaining Spots:  37%|███▋      | 351/957 [01:11<01:48,  5.59it/s]Deconvoluting Remaining Spots:  37%|███▋      | 352/957 [01:11<01:50,  5.49it/s]Deconvoluting Remaining Spots:  37%|███▋      | 353/957 [01:12<01:54,  5.26it/s]Deconvoluting Remaining Spots:  37%|███▋      | 354/957 [01:12<01:53,  5.33it/s]Deconvoluting Remaining Spots:  37%|███▋      | 355/957 [01:12<01:45,  5.70it/s]Deconvoluting Remaining Spots:  37%|███▋      | 356/957 [01:12<01:49,  5.50it/s]Deconvoluting Remaining Spots:  37%|███▋      | 357/957 [01:12<01:54,  5.25it/s]Deconvoluting Remaining Spots:  37%|███▋      | 358/957 [01:12<01:53,  5.27it/s]Deconvoluting Remaining Spots:  38%|███▊      | 359/957 [01:13<01:49,  5.44it/s]Deconvoluting Remaining Spots:  38%|███▊      | 360/957 [01:13<01:45,  5.65it/s]Deconvoluting Remaining Spots:  38%|███▊      | 361/957 [01:13<02:18,  4.31it/s]Deconvoluting Remaining Spots:  38%|███▊      | 363/957 [01:13<01:50,  5.36it/s]Deconvoluting Remaining Spots:  38%|███▊      | 364/957 [01:14<01:43,  5.71it/s]Deconvoluting Remaining Spots:  38%|███▊      | 365/957 [01:14<01:47,  5.49it/s]Deconvoluting Remaining Spots:  38%|███▊      | 366/957 [01:14<01:53,  5.21it/s]Deconvoluting Remaining Spots:  38%|███▊      | 367/957 [01:14<01:39,  5.94it/s]Deconvoluting Remaining Spots:  38%|███▊      | 368/957 [01:14<02:17,  4.30it/s]Deconvoluting Remaining Spots:  39%|███▊      | 370/957 [01:15<01:37,  6.01it/s]Deconvoluting Remaining Spots:  39%|███▉      | 371/957 [01:15<01:40,  5.85it/s]Deconvoluting Remaining Spots:  39%|███▉      | 372/957 [01:15<01:40,  5.81it/s]Deconvoluting Remaining Spots:  39%|███▉      | 373/957 [01:15<01:33,  6.23it/s]Deconvoluting Remaining Spots:  39%|███▉      | 374/957 [01:15<01:38,  5.93it/s]Deconvoluting Remaining Spots:  39%|███▉      | 375/957 [01:15<01:36,  6.00it/s]Deconvoluting Remaining Spots:  39%|███▉      | 376/957 [01:16<01:50,  5.25it/s]Deconvoluting Remaining Spots:  39%|███▉      | 377/957 [01:16<02:22,  4.08it/s]Deconvoluting Remaining Spots:  39%|███▉      | 378/957 [01:16<02:02,  4.71it/s]Deconvoluting Remaining Spots:  40%|███▉      | 380/957 [01:17<01:47,  5.34it/s]Deconvoluting Remaining Spots:  40%|███▉      | 381/957 [01:17<01:40,  5.74it/s]Deconvoluting Remaining Spots:  40%|███▉      | 382/957 [01:17<01:39,  5.76it/s]Deconvoluting Remaining Spots:  40%|████      | 383/957 [01:17<02:05,  4.56it/s]Deconvoluting Remaining Spots:  40%|████      | 385/957 [01:17<01:39,  5.74it/s]Deconvoluting Remaining Spots:  40%|████      | 386/957 [01:18<01:39,  5.73it/s]Deconvoluting Remaining Spots:  40%|████      | 387/957 [01:18<01:44,  5.44it/s]Deconvoluting Remaining Spots:  41%|████      | 388/957 [01:18<01:45,  5.41it/s]Deconvoluting Remaining Spots:  41%|████      | 389/957 [01:18<01:37,  5.80it/s]Deconvoluting Remaining Spots:  41%|████      | 390/957 [01:18<01:55,  4.90it/s]Deconvoluting Remaining Spots:  41%|████      | 391/957 [01:19<01:45,  5.37it/s]Deconvoluting Remaining Spots:  41%|████      | 392/957 [01:19<02:31,  3.72it/s]Deconvoluting Remaining Spots:  41%|████      | 394/957 [01:19<01:48,  5.21it/s]Deconvoluting Remaining Spots:  41%|████▏     | 395/957 [01:19<01:45,  5.33it/s]Deconvoluting Remaining Spots:  41%|████▏     | 396/957 [01:20<01:52,  5.00it/s]Deconvoluting Remaining Spots:  41%|████▏     | 397/957 [01:20<01:48,  5.16it/s]Deconvoluting Remaining Spots:  42%|████▏     | 398/957 [01:20<01:40,  5.55it/s]Deconvoluting Remaining Spots:  42%|████▏     | 399/957 [01:20<01:43,  5.37it/s]Deconvoluting Remaining Spots:  42%|████▏     | 400/957 [01:20<01:37,  5.69it/s]2026-02-18 18:17:35,884 - root - INFO - Saved checkpoint after 400 completed spots
Deconvoluting Remaining Spots:  42%|████▏     | 401/957 [01:23<08:56,  1.04it/s]Deconvoluting Remaining Spots:  43%|████▎     | 416/957 [01:24<01:22,  6.57it/s]Deconvoluting Remaining Spots:  44%|████▎     | 418/957 [01:24<01:20,  6.73it/s]Deconvoluting Remaining Spots:  44%|████▍     | 420/957 [01:24<01:23,  6.43it/s]Deconvoluting Remaining Spots:  44%|████▍     | 422/957 [01:25<01:26,  6.21it/s]Deconvoluting Remaining Spots:  44%|████▍     | 423/957 [01:25<01:27,  6.12it/s]Deconvoluting Remaining Spots:  44%|████▍     | 424/957 [01:25<01:29,  5.96it/s]Deconvoluting Remaining Spots:  44%|████▍     | 425/957 [01:25<01:28,  5.99it/s]Deconvoluting Remaining Spots:  45%|████▍     | 426/957 [01:25<01:37,  5.44it/s]Deconvoluting Remaining Spots:  45%|████▍     | 427/957 [01:25<01:36,  5.48it/s]Deconvoluting Remaining Spots:  45%|████▍     | 428/957 [01:26<01:31,  5.80it/s]Deconvoluting Remaining Spots:  45%|████▍     | 429/957 [01:26<01:38,  5.37it/s]Deconvoluting Remaining Spots:  45%|████▍     | 430/957 [01:26<01:39,  5.31it/s]Deconvoluting Remaining Spots:  45%|████▌     | 431/957 [01:26<01:35,  5.48it/s]Deconvoluting Remaining Spots:  45%|████▌     | 432/957 [01:26<01:47,  4.88it/s]Deconvoluting Remaining Spots:  45%|████▌     | 433/957 [01:27<01:33,  5.61it/s]Deconvoluting Remaining Spots:  45%|████▌     | 434/957 [01:27<01:31,  5.70it/s]Deconvoluting Remaining Spots:  45%|████▌     | 435/957 [01:27<01:32,  5.67it/s]Deconvoluting Remaining Spots:  46%|████▌     | 436/957 [01:27<01:32,  5.64it/s]Deconvoluting Remaining Spots:  46%|████▌     | 437/957 [01:27<01:38,  5.27it/s]Deconvoluting Remaining Spots:  46%|████▌     | 438/957 [01:27<01:32,  5.61it/s]Deconvoluting Remaining Spots:  46%|████▌     | 439/957 [01:28<01:33,  5.55it/s]Deconvoluting Remaining Spots:  46%|████▌     | 440/957 [01:28<01:33,  5.53it/s]Deconvoluting Remaining Spots:  46%|████▌     | 441/957 [01:28<01:43,  5.00it/s]Deconvoluting Remaining Spots:  46%|████▌     | 442/957 [01:28<01:42,  5.02it/s]Deconvoluting Remaining Spots:  46%|████▋     | 443/957 [01:28<01:39,  5.16it/s]Deconvoluting Remaining Spots:  46%|████▋     | 444/957 [01:29<01:36,  5.29it/s]Deconvoluting Remaining Spots:  46%|████▋     | 445/957 [01:29<01:52,  4.56it/s]Deconvoluting Remaining Spots:  47%|████▋     | 447/957 [01:29<01:35,  5.32it/s]Deconvoluting Remaining Spots:  47%|████▋     | 448/957 [01:30<01:51,  4.57it/s]Deconvoluting Remaining Spots:  47%|████▋     | 449/957 [01:30<01:43,  4.89it/s]Deconvoluting Remaining Spots:  47%|████▋     | 451/957 [01:30<01:21,  6.18it/s]Deconvoluting Remaining Spots:  47%|████▋     | 452/957 [01:30<01:30,  5.60it/s]Deconvoluting Remaining Spots:  47%|████▋     | 453/957 [01:30<01:28,  5.71it/s]Deconvoluting Remaining Spots:  47%|████▋     | 454/957 [01:30<01:25,  5.87it/s]Deconvoluting Remaining Spots:  48%|████▊     | 455/957 [01:31<01:25,  5.90it/s]Deconvoluting Remaining Spots:  48%|████▊     | 456/957 [01:31<01:30,  5.51it/s]Deconvoluting Remaining Spots:  48%|████▊     | 457/957 [01:31<01:27,  5.72it/s]Deconvoluting Remaining Spots:  48%|████▊     | 458/957 [01:31<01:38,  5.07it/s]Deconvoluting Remaining Spots:  48%|████▊     | 459/957 [01:31<01:31,  5.42it/s]Deconvoluting Remaining Spots:  48%|████▊     | 460/957 [01:32<01:32,  5.38it/s]Deconvoluting Remaining Spots:  48%|████▊     | 461/957 [01:32<01:28,  5.61it/s]Deconvoluting Remaining Spots:  48%|████▊     | 462/957 [01:32<01:38,  5.01it/s]Deconvoluting Remaining Spots:  48%|████▊     | 463/957 [01:32<01:29,  5.51it/s]Deconvoluting Remaining Spots:  48%|████▊     | 464/957 [01:32<01:43,  4.76it/s]Deconvoluting Remaining Spots:  49%|████▊     | 466/957 [01:33<01:23,  5.88it/s]Deconvoluting Remaining Spots:  49%|████▉     | 467/957 [01:33<01:29,  5.48it/s]Deconvoluting Remaining Spots:  49%|████▉     | 468/957 [01:33<01:30,  5.39it/s]Deconvoluting Remaining Spots:  49%|████▉     | 469/957 [01:33<01:28,  5.54it/s]Deconvoluting Remaining Spots:  49%|████▉     | 470/957 [01:33<01:27,  5.59it/s]Deconvoluting Remaining Spots:  49%|████▉     | 471/957 [01:34<01:32,  5.24it/s]Deconvoluting Remaining Spots:  49%|████▉     | 472/957 [01:34<01:30,  5.34it/s]Deconvoluting Remaining Spots:  49%|████▉     | 473/957 [01:34<01:31,  5.26it/s]Deconvoluting Remaining Spots:  50%|████▉     | 474/957 [01:34<01:31,  5.29it/s]Deconvoluting Remaining Spots:  50%|████▉     | 475/957 [01:34<01:26,  5.56it/s]Deconvoluting Remaining Spots:  50%|████▉     | 476/957 [01:35<01:48,  4.42it/s]Deconvoluting Remaining Spots:  50%|████▉     | 478/957 [01:35<01:24,  5.67it/s]Deconvoluting Remaining Spots:  50%|█████     | 479/957 [01:35<01:28,  5.37it/s]Deconvoluting Remaining Spots:  50%|█████     | 480/957 [01:35<01:27,  5.44it/s]Deconvoluting Remaining Spots:  50%|█████     | 481/957 [01:36<01:22,  5.75it/s]Deconvoluting Remaining Spots:  50%|█████     | 482/957 [01:36<01:25,  5.54it/s]Deconvoluting Remaining Spots:  50%|█████     | 483/957 [01:36<01:24,  5.61it/s]Deconvoluting Remaining Spots:  51%|█████     | 484/957 [01:36<01:26,  5.49it/s]Deconvoluting Remaining Spots:  51%|█████     | 485/957 [01:36<01:23,  5.63it/s]Deconvoluting Remaining Spots:  51%|█████     | 486/957 [01:36<01:23,  5.64it/s]Deconvoluting Remaining Spots:  51%|█████     | 487/957 [01:37<01:25,  5.53it/s]Deconvoluting Remaining Spots:  51%|█████     | 488/957 [01:37<01:29,  5.24it/s]Deconvoluting Remaining Spots:  51%|█████     | 489/957 [01:37<01:50,  4.25it/s]Deconvoluting Remaining Spots:  51%|█████     | 490/957 [01:37<01:40,  4.65it/s]Deconvoluting Remaining Spots:  51%|█████▏    | 492/957 [01:38<01:18,  5.89it/s]Deconvoluting Remaining Spots:  52%|█████▏    | 493/957 [01:38<01:21,  5.66it/s]Deconvoluting Remaining Spots:  52%|█████▏    | 494/957 [01:38<01:33,  4.93it/s]Deconvoluting Remaining Spots:  52%|█████▏    | 496/957 [01:38<01:23,  5.53it/s]Deconvoluting Remaining Spots:  52%|█████▏    | 497/957 [01:38<01:18,  5.87it/s]Deconvoluting Remaining Spots:  52%|█████▏    | 498/957 [01:39<01:19,  5.75it/s]Deconvoluting Remaining Spots:  52%|█████▏    | 499/957 [01:39<01:20,  5.70it/s]Deconvoluting Remaining Spots:  52%|█████▏    | 500/957 [01:39<01:21,  5.64it/s]2026-02-18 18:17:55,440 - root - INFO - Saved checkpoint after 500 completed spots
Deconvoluting Remaining Spots:  52%|█████▏    | 501/957 [01:43<08:55,  1.17s/it]Deconvoluting Remaining Spots:  54%|█████▍    | 521/957 [01:43<01:02,  6.98it/s]Deconvoluting Remaining Spots:  55%|█████▍    | 524/957 [01:44<01:04,  6.72it/s]Deconvoluting Remaining Spots:  55%|█████▍    | 526/957 [01:44<01:08,  6.32it/s]Deconvoluting Remaining Spots:  55%|█████▌    | 528/957 [01:44<01:06,  6.41it/s]Deconvoluting Remaining Spots:  55%|█████▌    | 530/957 [01:45<01:14,  5.73it/s]Deconvoluting Remaining Spots:  55%|█████▌    | 531/957 [01:45<01:16,  5.58it/s]Deconvoluting Remaining Spots:  56%|█████▌    | 532/957 [01:45<01:16,  5.53it/s]Deconvoluting Remaining Spots:  56%|█████▌    | 533/957 [01:45<01:19,  5.35it/s]Deconvoluting Remaining Spots:  56%|█████▌    | 534/957 [01:46<01:15,  5.61it/s]Deconvoluting Remaining Spots:  56%|█████▌    | 535/957 [01:46<01:16,  5.52it/s]Deconvoluting Remaining Spots:  56%|█████▌    | 536/957 [01:46<01:18,  5.35it/s]Deconvoluting Remaining Spots:  56%|█████▌    | 537/957 [01:46<01:16,  5.46it/s]Deconvoluting Remaining Spots:  56%|█████▌    | 538/957 [01:46<01:27,  4.79it/s]Deconvoluting Remaining Spots:  56%|█████▋    | 540/957 [01:47<01:25,  4.89it/s]Deconvoluting Remaining Spots:  57%|█████▋    | 542/957 [01:47<01:17,  5.37it/s]Deconvoluting Remaining Spots:  57%|█████▋    | 543/957 [01:47<01:22,  5.02it/s]Deconvoluting Remaining Spots:  57%|█████▋    | 544/957 [01:48<01:20,  5.11it/s]Deconvoluting Remaining Spots:  57%|█████▋    | 545/957 [01:48<01:13,  5.60it/s]Deconvoluting Remaining Spots:  57%|█████▋    | 546/957 [01:48<01:19,  5.15it/s]Deconvoluting Remaining Spots:  57%|█████▋    | 547/957 [01:48<01:22,  4.95it/s]Deconvoluting Remaining Spots:  57%|█████▋    | 548/957 [01:48<01:19,  5.16it/s]Deconvoluting Remaining Spots:  57%|█████▋    | 549/957 [01:49<01:17,  5.26it/s]Deconvoluting Remaining Spots:  57%|█████▋    | 550/957 [01:49<01:16,  5.31it/s]Deconvoluting Remaining Spots:  58%|█████▊    | 551/957 [01:49<01:17,  5.25it/s]Deconvoluting Remaining Spots:  58%|█████▊    | 552/957 [01:49<01:24,  4.77it/s]Deconvoluting Remaining Spots:  58%|█████▊    | 553/957 [01:49<01:13,  5.53it/s]Deconvoluting Remaining Spots:  58%|█████▊    | 554/957 [01:50<01:35,  4.24it/s]Deconvoluting Remaining Spots:  58%|█████▊    | 556/957 [01:50<01:08,  5.82it/s]Deconvoluting Remaining Spots:  58%|█████▊    | 557/957 [01:50<01:12,  5.53it/s]Deconvoluting Remaining Spots:  58%|█████▊    | 558/957 [01:50<01:12,  5.51it/s]Deconvoluting Remaining Spots:  58%|█████▊    | 559/957 [01:50<01:09,  5.76it/s]Deconvoluting Remaining Spots:  59%|█████▊    | 560/957 [01:51<01:11,  5.59it/s]Deconvoluting Remaining Spots:  59%|█████▊    | 561/957 [01:51<01:14,  5.32it/s]Deconvoluting Remaining Spots:  59%|█████▊    | 562/957 [01:51<01:13,  5.38it/s]Deconvoluting Remaining Spots:  59%|█████▉    | 563/957 [01:51<01:14,  5.30it/s]Deconvoluting Remaining Spots:  59%|█████▉    | 564/957 [01:51<01:19,  4.97it/s]Deconvoluting Remaining Spots:  59%|█████▉    | 565/957 [01:52<01:19,  4.96it/s]Deconvoluting Remaining Spots:  59%|█████▉    | 566/957 [01:52<01:11,  5.46it/s]Deconvoluting Remaining Spots:  59%|█████▉    | 567/957 [01:52<01:12,  5.38it/s]Deconvoluting Remaining Spots:  59%|█████▉    | 568/957 [01:52<01:11,  5.41it/s]Deconvoluting Remaining Spots:  59%|█████▉    | 569/957 [01:52<01:13,  5.29it/s]Deconvoluting Remaining Spots:  60%|█████▉    | 570/957 [01:53<01:23,  4.63it/s]Deconvoluting Remaining Spots:  60%|█████▉    | 572/957 [01:53<01:08,  5.62it/s]Deconvoluting Remaining Spots:  60%|█████▉    | 573/957 [01:53<01:04,  5.95it/s]Deconvoluting Remaining Spots:  60%|█████▉    | 574/957 [01:53<01:10,  5.45it/s]Deconvoluting Remaining Spots:  60%|██████    | 575/957 [01:53<01:09,  5.48it/s]Deconvoluting Remaining Spots:  60%|██████    | 576/957 [01:54<01:12,  5.25it/s]Deconvoluting Remaining Spots:  60%|██████    | 577/957 [01:54<01:12,  5.21it/s]Deconvoluting Remaining Spots:  60%|██████    | 578/957 [01:54<01:10,  5.41it/s]Deconvoluting Remaining Spots:  61%|██████    | 579/957 [01:54<01:19,  4.77it/s]Deconvoluting Remaining Spots:  61%|██████    | 580/957 [01:54<01:09,  5.43it/s]Deconvoluting Remaining Spots:  61%|██████    | 581/957 [01:55<01:08,  5.46it/s]Deconvoluting Remaining Spots:  61%|██████    | 582/957 [01:55<01:11,  5.26it/s]Deconvoluting Remaining Spots:  61%|██████    | 583/957 [01:55<01:18,  4.79it/s]Deconvoluting Remaining Spots:  61%|██████    | 584/957 [01:55<01:08,  5.41it/s]Deconvoluting Remaining Spots:  61%|██████    | 585/957 [01:55<01:08,  5.43it/s]Deconvoluting Remaining Spots:  61%|██████    | 586/957 [01:55<01:06,  5.57it/s]Deconvoluting Remaining Spots:  61%|██████▏   | 587/957 [01:56<01:10,  5.24it/s]Deconvoluting Remaining Spots:  61%|██████▏   | 588/957 [01:56<01:06,  5.56it/s]Deconvoluting Remaining Spots:  62%|██████▏   | 589/957 [01:56<01:18,  4.68it/s]Deconvoluting Remaining Spots:  62%|██████▏   | 591/957 [01:56<01:03,  5.76it/s]Deconvoluting Remaining Spots:  62%|██████▏   | 592/957 [01:57<01:29,  4.08it/s]Deconvoluting Remaining Spots:  62%|██████▏   | 593/957 [01:57<01:16,  4.78it/s]Deconvoluting Remaining Spots:  62%|██████▏   | 595/957 [01:57<01:06,  5.47it/s]Deconvoluting Remaining Spots:  62%|██████▏   | 596/957 [01:57<01:00,  5.96it/s]Deconvoluting Remaining Spots:  62%|██████▏   | 597/957 [01:58<01:21,  4.42it/s]Deconvoluting Remaining Spots:  63%|██████▎   | 599/957 [01:58<00:58,  6.12it/s]Deconvoluting Remaining Spots:  63%|██████▎   | 600/957 [01:58<01:00,  5.93it/s]2026-02-18 18:18:14,775 - root - INFO - Saved checkpoint after 600 completed spots
Deconvoluting Remaining Spots:  63%|██████▎   | 601/957 [02:02<06:34,  1.11s/it]Deconvoluting Remaining Spots:  65%|██████▍   | 622/957 [02:02<00:47,  7.00it/s]Deconvoluting Remaining Spots:  65%|██████▌   | 625/957 [02:03<00:51,  6.49it/s]Deconvoluting Remaining Spots:  66%|██████▌   | 628/957 [02:04<00:51,  6.35it/s]Deconvoluting Remaining Spots:  66%|██████▌   | 630/957 [02:04<00:53,  6.12it/s]Deconvoluting Remaining Spots:  66%|██████▌   | 632/957 [02:04<00:56,  5.75it/s]Deconvoluting Remaining Spots:  66%|██████▌   | 634/957 [02:05<00:54,  5.92it/s]Deconvoluting Remaining Spots:  66%|██████▋   | 635/957 [02:05<00:57,  5.59it/s]Deconvoluting Remaining Spots:  66%|██████▋   | 636/957 [02:05<00:56,  5.67it/s]Deconvoluting Remaining Spots:  67%|██████▋   | 637/957 [02:05<00:58,  5.47it/s]Deconvoluting Remaining Spots:  67%|██████▋   | 638/957 [02:05<00:59,  5.32it/s]Deconvoluting Remaining Spots:  67%|██████▋   | 639/957 [02:06<00:58,  5.47it/s]Deconvoluting Remaining Spots:  67%|██████▋   | 640/957 [02:06<00:58,  5.42it/s]Deconvoluting Remaining Spots:  67%|██████▋   | 641/957 [02:06<01:00,  5.25it/s]Deconvoluting Remaining Spots:  67%|██████▋   | 642/957 [02:06<01:00,  5.24it/s]Deconvoluting Remaining Spots:  67%|██████▋   | 643/957 [02:06<00:58,  5.35it/s]Deconvoluting Remaining Spots:  67%|██████▋   | 644/957 [02:07<01:02,  4.99it/s]Deconvoluting Remaining Spots:  67%|██████▋   | 645/957 [02:07<00:56,  5.49it/s]Deconvoluting Remaining Spots:  68%|██████▊   | 646/957 [02:07<00:56,  5.53it/s]Deconvoluting Remaining Spots:  68%|██████▊   | 647/957 [02:07<00:54,  5.65it/s]Deconvoluting Remaining Spots:  68%|██████▊   | 648/957 [02:07<00:59,  5.16it/s]Deconvoluting Remaining Spots:  68%|██████▊   | 649/957 [02:08<00:57,  5.36it/s]Deconvoluting Remaining Spots:  68%|██████▊   | 650/957 [02:08<00:58,  5.25it/s]Deconvoluting Remaining Spots:  68%|██████▊   | 651/957 [02:08<00:58,  5.24it/s]Deconvoluting Remaining Spots:  68%|██████▊   | 652/957 [02:08<00:56,  5.38it/s]Deconvoluting Remaining Spots:  68%|██████▊   | 653/957 [02:08<00:54,  5.61it/s]Deconvoluting Remaining Spots:  68%|██████▊   | 654/957 [02:08<00:56,  5.40it/s]Deconvoluting Remaining Spots:  68%|██████▊   | 655/957 [02:09<00:58,  5.13it/s]Deconvoluting Remaining Spots:  69%|██████▊   | 656/957 [02:09<00:56,  5.37it/s]Deconvoluting Remaining Spots:  69%|██████▊   | 657/957 [02:09<00:53,  5.63it/s]Deconvoluting Remaining Spots:  69%|██████▉   | 658/957 [02:09<00:56,  5.34it/s]Deconvoluting Remaining Spots:  69%|██████▉   | 659/957 [02:09<00:57,  5.14it/s]Deconvoluting Remaining Spots:  69%|██████▉   | 660/957 [02:10<00:57,  5.14it/s]Deconvoluting Remaining Spots:  69%|██████▉   | 661/957 [02:10<00:53,  5.58it/s]Deconvoluting Remaining Spots:  69%|██████▉   | 662/957 [02:10<00:49,  5.91it/s]Deconvoluting Remaining Spots:  69%|██████▉   | 663/957 [02:10<00:56,  5.16it/s]Deconvoluting Remaining Spots:  69%|██████▉   | 664/957 [02:10<00:55,  5.27it/s]Deconvoluting Remaining Spots:  69%|██████▉   | 665/957 [02:11<01:00,  4.83it/s]Deconvoluting Remaining Spots:  70%|██████▉   | 666/957 [02:11<00:52,  5.54it/s]Deconvoluting Remaining Spots:  70%|██████▉   | 667/957 [02:11<00:51,  5.66it/s]Deconvoluting Remaining Spots:  70%|██████▉   | 668/957 [02:11<00:52,  5.50it/s]Deconvoluting Remaining Spots:  70%|██████▉   | 669/957 [02:11<00:53,  5.39it/s]Deconvoluting Remaining Spots:  70%|███████   | 670/957 [02:11<00:53,  5.36it/s]Deconvoluting Remaining Spots:  70%|███████   | 671/957 [02:12<00:52,  5.40it/s]Deconvoluting Remaining Spots:  70%|███████   | 672/957 [02:12<00:52,  5.44it/s]Deconvoluting Remaining Spots:  70%|███████   | 673/957 [02:12<00:48,  5.90it/s]Deconvoluting Remaining Spots:  70%|███████   | 674/957 [02:12<00:52,  5.44it/s]Deconvoluting Remaining Spots:  71%|███████   | 675/957 [02:12<00:57,  4.94it/s]Deconvoluting Remaining Spots:  71%|███████   | 676/957 [02:13<00:52,  5.36it/s]Deconvoluting Remaining Spots:  71%|███████   | 677/957 [02:13<00:52,  5.29it/s]Deconvoluting Remaining Spots:  71%|███████   | 678/957 [02:13<00:52,  5.27it/s]Deconvoluting Remaining Spots:  71%|███████   | 679/957 [02:13<00:52,  5.28it/s]Deconvoluting Remaining Spots:  71%|███████   | 680/957 [02:13<00:56,  4.91it/s]Deconvoluting Remaining Spots:  71%|███████   | 681/957 [02:14<00:50,  5.48it/s]Deconvoluting Remaining Spots:  71%|███████▏  | 682/957 [02:14<00:53,  5.19it/s]Deconvoluting Remaining Spots:  71%|███████▏  | 683/957 [02:14<00:46,  5.87it/s]Deconvoluting Remaining Spots:  71%|███████▏  | 684/957 [02:14<00:51,  5.28it/s]Deconvoluting Remaining Spots:  72%|███████▏  | 685/957 [02:14<00:52,  5.13it/s]Deconvoluting Remaining Spots:  72%|███████▏  | 686/957 [02:14<00:50,  5.35it/s]Deconvoluting Remaining Spots:  72%|███████▏  | 687/957 [02:15<00:49,  5.49it/s]Deconvoluting Remaining Spots:  72%|███████▏  | 688/957 [02:15<00:49,  5.41it/s]Deconvoluting Remaining Spots:  72%|███████▏  | 689/957 [02:15<00:51,  5.20it/s]Deconvoluting Remaining Spots:  72%|███████▏  | 690/957 [02:15<00:52,  5.10it/s]Deconvoluting Remaining Spots:  72%|███████▏  | 691/957 [02:15<00:53,  4.97it/s]Deconvoluting Remaining Spots:  72%|███████▏  | 692/957 [02:16<00:46,  5.73it/s]Deconvoluting Remaining Spots:  72%|███████▏  | 693/957 [02:16<00:57,  4.61it/s]Deconvoluting Remaining Spots:  73%|███████▎  | 695/957 [02:16<00:43,  5.98it/s]Deconvoluting Remaining Spots:  73%|███████▎  | 696/957 [02:16<00:44,  5.89it/s]Deconvoluting Remaining Spots:  73%|███████▎  | 697/957 [02:16<00:47,  5.50it/s]Deconvoluting Remaining Spots:  73%|███████▎  | 698/957 [02:17<00:45,  5.64it/s]Deconvoluting Remaining Spots:  73%|███████▎  | 699/957 [02:17<00:46,  5.60it/s]Deconvoluting Remaining Spots:  73%|███████▎  | 700/957 [02:17<00:45,  5.61it/s]2026-02-18 18:18:34,752 - root - INFO - Saved checkpoint after 700 completed spots
Deconvoluting Remaining Spots:  73%|███████▎  | 701/957 [02:22<06:46,  1.59s/it]Deconvoluting Remaining Spots:  76%|███████▌  | 727/957 [02:22<00:32,  7.04it/s]Deconvoluting Remaining Spots:  76%|███████▋  | 732/957 [02:23<00:33,  6.76it/s]Deconvoluting Remaining Spots:  77%|███████▋  | 736/957 [02:24<00:34,  6.49it/s]Deconvoluting Remaining Spots:  77%|███████▋  | 739/957 [02:24<00:35,  6.15it/s]Deconvoluting Remaining Spots:  77%|███████▋  | 741/957 [02:25<00:35,  6.14it/s]Deconvoluting Remaining Spots:  78%|███████▊  | 743/957 [02:25<00:35,  6.04it/s]Deconvoluting Remaining Spots:  78%|███████▊  | 745/957 [02:26<00:36,  5.81it/s]Deconvoluting Remaining Spots:  78%|███████▊  | 746/957 [02:26<00:36,  5.77it/s]Deconvoluting Remaining Spots:  78%|███████▊  | 747/957 [02:26<00:37,  5.59it/s]Deconvoluting Remaining Spots:  78%|███████▊  | 748/957 [02:26<00:37,  5.55it/s]Deconvoluting Remaining Spots:  78%|███████▊  | 749/957 [02:26<00:37,  5.54it/s]Deconvoluting Remaining Spots:  78%|███████▊  | 750/957 [02:27<00:40,  5.13it/s]Deconvoluting Remaining Spots:  78%|███████▊  | 751/957 [02:27<00:35,  5.80it/s]Deconvoluting Remaining Spots:  79%|███████▊  | 752/957 [02:27<00:36,  5.57it/s]Deconvoluting Remaining Spots:  79%|███████▊  | 753/957 [02:27<00:35,  5.78it/s]Deconvoluting Remaining Spots:  79%|███████▉  | 754/957 [02:27<00:36,  5.51it/s]Deconvoluting Remaining Spots:  79%|███████▉  | 755/957 [02:27<00:37,  5.38it/s]Deconvoluting Remaining Spots:  79%|███████▉  | 756/957 [02:28<00:36,  5.46it/s]Deconvoluting Remaining Spots:  79%|███████▉  | 757/957 [02:28<00:36,  5.49it/s]Deconvoluting Remaining Spots:  79%|███████▉  | 758/957 [02:28<00:35,  5.53it/s]Deconvoluting Remaining Spots:  79%|███████▉  | 759/957 [02:28<00:35,  5.64it/s]Deconvoluting Remaining Spots:  79%|███████▉  | 760/957 [02:28<00:36,  5.37it/s]Deconvoluting Remaining Spots:  80%|███████▉  | 761/957 [02:29<00:36,  5.30it/s]Deconvoluting Remaining Spots:  80%|███████▉  | 762/957 [02:29<00:37,  5.18it/s]Deconvoluting Remaining Spots:  80%|███████▉  | 763/957 [02:29<00:38,  5.08it/s]Deconvoluting Remaining Spots:  80%|███████▉  | 764/957 [02:29<00:36,  5.23it/s]Deconvoluting Remaining Spots:  80%|███████▉  | 765/957 [02:29<00:43,  4.44it/s]Deconvoluting Remaining Spots:  80%|████████  | 767/957 [02:30<00:33,  5.68it/s]Deconvoluting Remaining Spots:  80%|████████  | 768/957 [02:30<00:35,  5.33it/s]Deconvoluting Remaining Spots:  80%|████████  | 769/957 [02:30<00:41,  4.55it/s]Deconvoluting Remaining Spots:  80%|████████  | 770/957 [02:30<00:40,  4.58it/s]Deconvoluting Remaining Spots:  81%|████████  | 772/957 [02:31<00:30,  6.02it/s]Deconvoluting Remaining Spots:  81%|████████  | 773/957 [02:31<00:29,  6.28it/s]Deconvoluting Remaining Spots:  81%|████████  | 774/957 [02:31<00:29,  6.13it/s]Deconvoluting Remaining Spots:  81%|████████  | 775/957 [02:31<00:34,  5.30it/s]Deconvoluting Remaining Spots:  81%|████████  | 776/957 [02:31<00:32,  5.64it/s]Deconvoluting Remaining Spots:  81%|████████  | 777/957 [02:32<00:33,  5.38it/s]Deconvoluting Remaining Spots:  81%|████████▏ | 778/957 [02:32<00:33,  5.27it/s]Deconvoluting Remaining Spots:  81%|████████▏ | 779/957 [02:32<00:41,  4.27it/s]Deconvoluting Remaining Spots:  82%|████████▏ | 781/957 [02:32<00:29,  5.88it/s]Deconvoluting Remaining Spots:  82%|████████▏ | 782/957 [02:32<00:30,  5.81it/s]Deconvoluting Remaining Spots:  82%|████████▏ | 783/957 [02:33<00:30,  5.68it/s]Deconvoluting Remaining Spots:  82%|████████▏ | 784/957 [02:33<00:32,  5.25it/s]Deconvoluting Remaining Spots:  82%|████████▏ | 785/957 [02:33<00:31,  5.38it/s]Deconvoluting Remaining Spots:  82%|████████▏ | 786/957 [02:33<00:29,  5.71it/s]Deconvoluting Remaining Spots:  82%|████████▏ | 787/957 [02:33<00:30,  5.63it/s]Deconvoluting Remaining Spots:  82%|████████▏ | 788/957 [02:34<00:30,  5.58it/s]Deconvoluting Remaining Spots:  82%|████████▏ | 789/957 [02:34<00:33,  5.09it/s]Deconvoluting Remaining Spots:  83%|████████▎ | 790/957 [02:34<00:30,  5.51it/s]Deconvoluting Remaining Spots:  83%|████████▎ | 791/957 [02:34<00:32,  5.04it/s]Deconvoluting Remaining Spots:  83%|████████▎ | 792/957 [02:34<00:30,  5.48it/s]Deconvoluting Remaining Spots:  83%|████████▎ | 793/957 [02:34<00:30,  5.37it/s]Deconvoluting Remaining Spots:  83%|████████▎ | 794/957 [02:35<00:30,  5.31it/s]Deconvoluting Remaining Spots:  83%|████████▎ | 795/957 [02:35<00:30,  5.27it/s]Deconvoluting Remaining Spots:  83%|████████▎ | 796/957 [02:35<00:31,  5.08it/s]Deconvoluting Remaining Spots:  83%|████████▎ | 797/957 [02:35<00:30,  5.22it/s]Deconvoluting Remaining Spots:  83%|████████▎ | 798/957 [02:35<00:32,  4.97it/s]Deconvoluting Remaining Spots:  83%|████████▎ | 799/957 [02:36<00:31,  5.02it/s]Deconvoluting Remaining Spots:  84%|████████▎ | 800/957 [02:36<00:34,  4.54it/s]2026-02-18 18:18:53,445 - root - INFO - Saved checkpoint after 800 completed spots
Deconvoluting Remaining Spots:  84%|████████▎ | 801/957 [02:41<04:08,  1.59s/it]Deconvoluting Remaining Spots:  86%|████████▋ | 827/957 [02:41<00:18,  7.17it/s]Deconvoluting Remaining Spots:  87%|████████▋ | 831/957 [02:42<00:18,  6.68it/s]Deconvoluting Remaining Spots:  87%|████████▋ | 834/957 [02:42<00:19,  6.46it/s]Deconvoluting Remaining Spots:  87%|████████▋ | 837/957 [02:43<00:19,  6.01it/s]Deconvoluting Remaining Spots:  88%|████████▊ | 839/957 [02:43<00:19,  5.95it/s]Deconvoluting Remaining Spots:  88%|████████▊ | 841/957 [02:44<00:20,  5.79it/s]Deconvoluting Remaining Spots:  88%|████████▊ | 843/957 [02:44<00:20,  5.61it/s]Deconvoluting Remaining Spots:  88%|████████▊ | 844/957 [02:44<00:22,  5.02it/s]Deconvoluting Remaining Spots:  88%|████████▊ | 846/957 [02:45<00:19,  5.69it/s]Deconvoluting Remaining Spots:  89%|████████▊ | 847/957 [02:45<00:18,  5.96it/s]Deconvoluting Remaining Spots:  89%|████████▊ | 848/957 [02:45<00:18,  5.93it/s]Deconvoluting Remaining Spots:  89%|████████▊ | 849/957 [02:45<00:20,  5.34it/s]Deconvoluting Remaining Spots:  89%|████████▉ | 850/957 [02:45<00:20,  5.26it/s]Deconvoluting Remaining Spots:  89%|████████▉ | 851/957 [02:46<00:22,  4.69it/s]Deconvoluting Remaining Spots:  89%|████████▉ | 853/957 [02:46<00:18,  5.75it/s]Deconvoluting Remaining Spots:  89%|████████▉ | 854/957 [02:46<00:18,  5.60it/s]Deconvoluting Remaining Spots:  89%|████████▉ | 855/957 [02:46<00:19,  5.12it/s]Deconvoluting Remaining Spots:  89%|████████▉ | 856/957 [02:47<00:18,  5.44it/s]Deconvoluting Remaining Spots:  90%|████████▉ | 857/957 [02:47<00:23,  4.20it/s]Deconvoluting Remaining Spots:  90%|████████▉ | 858/957 [02:47<00:21,  4.54it/s]Deconvoluting Remaining Spots:  90%|████████▉ | 860/957 [02:47<00:16,  6.01it/s]Deconvoluting Remaining Spots:  90%|████████▉ | 861/957 [02:47<00:15,  6.10it/s]Deconvoluting Remaining Spots:  90%|█████████ | 862/957 [02:48<00:15,  5.96it/s]Deconvoluting Remaining Spots:  90%|█████████ | 863/957 [02:48<00:14,  6.31it/s]Deconvoluting Remaining Spots:  90%|█████████ | 864/957 [02:48<00:16,  5.64it/s]Deconvoluting Remaining Spots:  90%|█████████ | 865/957 [02:48<00:16,  5.62it/s]Deconvoluting Remaining Spots:  90%|█████████ | 866/957 [02:48<00:16,  5.56it/s]Deconvoluting Remaining Spots:  91%|█████████ | 867/957 [02:49<00:15,  5.71it/s]Deconvoluting Remaining Spots:  91%|█████████ | 868/957 [02:49<00:16,  5.44it/s]Deconvoluting Remaining Spots:  91%|█████████ | 869/957 [02:49<00:19,  4.60it/s]Deconvoluting Remaining Spots:  91%|█████████ | 870/957 [02:49<00:16,  5.14it/s]Deconvoluting Remaining Spots:  91%|█████████ | 871/957 [02:50<00:20,  4.12it/s]Deconvoluting Remaining Spots:  91%|█████████ | 873/957 [02:50<00:16,  4.96it/s]Deconvoluting Remaining Spots:  91%|█████████▏| 875/957 [02:50<00:14,  5.60it/s]Deconvoluting Remaining Spots:  92%|█████████▏| 876/957 [02:50<00:14,  5.69it/s]Deconvoluting Remaining Spots:  92%|█████████▏| 877/957 [02:50<00:13,  5.72it/s]Deconvoluting Remaining Spots:  92%|█████████▏| 878/957 [02:51<00:13,  5.66it/s]Deconvoluting Remaining Spots:  92%|█████████▏| 879/957 [02:51<00:14,  5.54it/s]Deconvoluting Remaining Spots:  92%|█████████▏| 880/957 [02:51<00:14,  5.29it/s]Deconvoluting Remaining Spots:  92%|█████████▏| 881/957 [02:51<00:17,  4.34it/s]Deconvoluting Remaining Spots:  92%|█████████▏| 883/957 [02:52<00:12,  5.70it/s]Deconvoluting Remaining Spots:  92%|█████████▏| 884/957 [02:52<00:12,  6.03it/s]Deconvoluting Remaining Spots:  92%|█████████▏| 885/957 [02:52<00:12,  5.82it/s]Deconvoluting Remaining Spots:  93%|█████████▎| 886/957 [02:52<00:15,  4.54it/s]Deconvoluting Remaining Spots:  93%|█████████▎| 887/957 [02:53<00:15,  4.43it/s]Deconvoluting Remaining Spots:  93%|█████████▎| 888/957 [02:53<00:16,  4.17it/s]Deconvoluting Remaining Spots:  93%|█████████▎| 890/957 [02:53<00:13,  5.01it/s]Deconvoluting Remaining Spots:  93%|█████████▎| 892/957 [02:53<00:10,  6.15it/s]Deconvoluting Remaining Spots:  93%|█████████▎| 893/957 [02:54<00:13,  4.77it/s]Deconvoluting Remaining Spots:  94%|█████████▎| 895/957 [02:54<00:09,  6.47it/s]Deconvoluting Remaining Spots:  94%|█████████▎| 896/957 [02:54<00:09,  6.56it/s]Deconvoluting Remaining Spots:  94%|█████████▎| 897/957 [02:54<00:09,  6.35it/s]Deconvoluting Remaining Spots:  94%|█████████▍| 898/957 [02:54<00:09,  6.09it/s]Deconvoluting Remaining Spots:  94%|█████████▍| 899/957 [02:55<00:10,  5.75it/s]Deconvoluting Remaining Spots:  94%|█████████▍| 900/957 [02:55<00:10,  5.60it/s]2026-02-18 18:19:13,147 - root - INFO - Saved checkpoint after 900 completed spots
Deconvoluting Remaining Spots:  94%|█████████▍| 901/957 [03:00<01:37,  1.74s/it]Deconvoluting Remaining Spots:  97%|█████████▋| 930/957 [03:01<00:03,  7.07it/s]Deconvoluting Remaining Spots:  98%|█████████▊| 938/957 [03:02<00:02,  6.35it/s]Deconvoluting Remaining Spots:  99%|█████████▊| 944/957 [03:03<00:02,  6.07it/s]Deconvoluting Remaining Spots:  99%|█████████▉| 948/957 [03:04<00:01,  6.04it/s]Deconvoluting Remaining Spots:  99%|█████████▉| 951/957 [03:05<00:00,  6.04it/s]Deconvoluting Remaining Spots: 100%|█████████▉| 954/957 [03:05<00:00,  6.07it/s]Deconvoluting Remaining Spots: 100%|█████████▉| 956/957 [03:05<00:00,  5.92it/s]Deconvoluting Remaining Spots: 100%|██████████| 957/957 [03:05<00:00,  5.15it/s]
2026-02-18 18:19:24,638 - root - INFO - Saved final results with 957 completed spots
2026-02-18 18:19:30,994 - root - INFO - Saved profiles to Benchmarking/simulation_benchmarking/CITEgeist/output_discrete_per_cell/mixed/dapi/mixed/dapi/Wu_rep_2/Wu_rep_2_gene_expression_pass1.parquet with cell types: ['B-cells', 'CAFs', 'Cancer Epithelial', 'Endothelial', 'Myeloid', 'Normal Epithelial', 'PVL', 'Plasmablasts', 'T-cells']
2026-02-18 18:19:32,949 - root - INFO - Successfully added layer: Endothelial_genes_pass1
2026-02-18 18:19:33,145 - root - INFO - Successfully added layer: PVL_genes_pass1
2026-02-18 18:19:33,340 - root - INFO - Successfully added layer: Plasmablasts_genes_pass1
2026-02-18 18:19:33,533 - root - INFO - Successfully added layer: Cancer_Epithelial_genes_pass1
2026-02-18 18:19:33,727 - root - INFO - Successfully added layer: T-cells_genes_pass1
2026-02-18 18:19:33,921 - root - INFO - Successfully added layer: B-cells_genes_pass1
2026-02-18 18:19:34,113 - root - INFO - Successfully added layer: Normal_Epithelial_genes_pass1
2026-02-18 18:19:34,297 - root - INFO - Successfully added layer: CAFs_genes_pass1
2026-02-18 18:19:34,484 - root - INFO - Successfully added layer: Myeloid_genes_pass1
2026-02-18 18:19:42,241 - root - INFO - Exported layer 'Endothelial_genes_pass1' to 'Benchmarking/simulation_benchmarking/CITEgeist/output_discrete_per_cell/mixed/dapi/mixed/dapi/Wu_rep_2/Wu_rep_2_pass1/layers/pass1/Endothelial_layer_pass1.csv'
2026-02-18 18:19:49,861 - root - INFO - Exported layer 'PVL_genes_pass1' to 'Benchmarking/simulation_benchmarking/CITEgeist/output_discrete_per_cell/mixed/dapi/mixed/dapi/Wu_rep_2/Wu_rep_2_pass1/layers/pass1/PVL_layer_pass1.csv'
2026-02-18 18:19:57,542 - root - INFO - Exported layer 'Plasmablasts_genes_pass1' to 'Benchmarking/simulation_benchmarking/CITEgeist/output_discrete_per_cell/mixed/dapi/mixed/dapi/Wu_rep_2/Wu_rep_2_pass1/layers/pass1/Plasmablasts_layer_pass1.csv'
2026-02-18 18:20:05,180 - root - INFO - Exported layer 'Cancer_Epithelial_genes_pass1' to 'Benchmarking/simulation_benchmarking/CITEgeist/output_discrete_per_cell/mixed/dapi/mixed/dapi/Wu_rep_2/Wu_rep_2_pass1/layers/pass1/Cancer_Epithelial_layer_pass1.csv'
2026-02-18 18:20:12,875 - root - INFO - Exported layer 'T-cells_genes_pass1' to 'Benchmarking/simulation_benchmarking/CITEgeist/output_discrete_per_cell/mixed/dapi/mixed/dapi/Wu_rep_2/Wu_rep_2_pass1/layers/pass1/T-cells_layer_pass1.csv'
2026-02-18 18:20:20,461 - root - INFO - Exported layer 'B-cells_genes_pass1' to 'Benchmarking/simulation_benchmarking/CITEgeist/output_discrete_per_cell/mixed/dapi/mixed/dapi/Wu_rep_2/Wu_rep_2_pass1/layers/pass1/B-cells_layer_pass1.csv'
2026-02-18 18:20:28,036 - root - INFO - Exported layer 'Normal_Epithelial_genes_pass1' to 'Benchmarking/simulation_benchmarking/CITEgeist/output_discrete_per_cell/mixed/dapi/mixed/dapi/Wu_rep_2/Wu_rep_2_pass1/layers/pass1/Normal_Epithelial_layer_pass1.csv'
2026-02-18 18:20:35,732 - root - INFO - Exported layer 'CAFs_genes_pass1' to 'Benchmarking/simulation_benchmarking/CITEgeist/output_discrete_per_cell/mixed/dapi/mixed/dapi/Wu_rep_2/Wu_rep_2_pass1/layers/pass1/CAFs_layer_pass1.csv'
2026-02-18 18:20:43,392 - root - INFO - Exported layer 'Myeloid_genes_pass1' to 'Benchmarking/simulation_benchmarking/CITEgeist/output_discrete_per_cell/mixed/dapi/mixed/dapi/Wu_rep_2/Wu_rep_2_pass1/layers/pass1/Myeloid_layer_pass1.csv'
2026-02-18 18:20:43,392 - __main__ - INFO - GEX deconvolution completed in 272.3s
2026-02-18 18:21:52,946 - __main__ - INFO - Exported 9 cell type layers to Benchmarking/simulation_benchmarking/CITEgeist/output_discrete_per_cell/mixed/dapi/mixed/dapi/Wu_rep_2/layers
2026-02-18 18:21:52,957 - __main__ - INFO - Comparing against ground truth GEX: /ix1/alee/LO_LAB/Personal/Brent_Schlegel/bts76/Projects/CITEgeist/Wu_Visium/Simulations/scCube_12k/replicates/mixed/ST_GEX_sim/sample_2/layers
2026-02-18 18:22:44,739 - __main__ - INFO - GEX Average RMSE: 0.1481
2026-02-18 18:22:44,739 - __main__ - INFO - GEX Average NRMSE: 0.0229
2026-02-18 18:22:44,763 - __main__ - INFO - Results saved to Benchmarking/simulation_benchmarking/CITEgeist/output_discrete_per_cell/mixed/dapi/mixed/dapi/Wu_rep_2
