2026-02-18 16:19:11,048 - __main__ - INFO - ============================================================
2026-02-18 16:19:11,048 - __main__ - INFO - BENCHMARK: replicate=4, condition=mixed, mode=dapi
2026-02-18 16:19:11,048 - __main__ - INFO - ============================================================
2026-02-18 16:19:11,059 - __main__ - INFO - Loading image: /ix1/alee/LO_LAB/Personal/Alexander_Chang/alc376/CITEgeist/Benchmarking/simulation_benchmarking/CITEgeist/mixed/images/dapi/Wu_rep_4_cellpose.png
2026-02-18 16:19:11,585 - __main__ - INFO - Image shape: (8000, 8000, 3)
2026-02-18 16:19:11,586 - __main__ - INFO - Running Cellpose with model_type=nuclei
2026-02-18 16:19:15,025 - cellpose.models - WARNING - model_type argument is not used in v4.0.1+. Ignoring this argument...
2026-02-18 16:19:15,025 - cellpose.core - INFO - >>>> using CPU
2026-02-18 16:19:15,025 - cellpose.core - INFO - >>>> using CPU
2026-02-18 16:19:15,967 - cellpose.models - INFO - >>>> loading model /ihome/alee/alc376/.cellpose/models/cpsam
2026-02-18 16:19:16,183 - cellpose.models - WARNING - channels deprecated in v4.0.1+. If data contain more than 3 channels, only the first 3 channels will be used
2026-02-18 16:19:16,198 - cellpose.transforms - INFO - processing image with (8000, 8000) HW, and 3 channels
2026-02-18 16:24:39,256 - __main__ - INFO - Detected 4894 nuclei in 327.7s
2026-02-18 16:24:39,320 - __main__ - INFO - Nuclei count correlation: 0.986
2026-02-18 16:24:39,320 - __main__ - INFO - Nuclei count RMSE: 0.43
2026-02-18 16:24:39,345 - __main__ - INFO - Loading h5ad files...
2026-02-18 16:24:40,039 - root - INFO - Logging initialized.
2026-02-18 16:24:40,039 - __main__ - INFO - Using CLR preprocessing (continuous model style)
2026-02-18 16:24:40,153 - root - INFO - Normalization stats:
2026-02-18 16:24:40,153 - root - INFO - Original median total: 80712055723.50
2026-02-18 16:24:40,157 - root - INFO - Mean scaled total: 9978.33
2026-02-18 16:24:40,162 - root - INFO - Max scaled value: 10000.00
2026-02-18 16:24:40,219 - root - INFO - Gene expression data normalized to 10000 counts per spot and validated for discrete count analysis.
2026-02-18 16:24:40,220 - root - INFO - Mapped 18 markers to 9 cell types (preserving marker-level data)
2026-02-18 16:24:40,220 - __main__ - INFO - Discrete cell type order: ['B-cells', 'CAFs', 'Cancer Epithelial', 'Endothelial', 'Myeloid', 'Normal Epithelial', 'PVL', 'Plasmablasts', 'T-cells']
2026-02-18 16:24:40,221 - root - INFO - Mapped 18 markers to 9 cell types (preserving marker-level data)
2026-02-18 16:24:40,221 - root - INFO - Running discrete cell assignment: 956 spots, 18 markers, 9 cell types
2026-02-18 16:24:40,221 - root - INFO - Total nuclei: 4894, mean per spot: 5.12
2026-02-18 16:24:40,221 - root - INFO - Discrete cell assignment EM: 956 spots, 18 markers, 9 cell types
2026-02-18 16:24:40,221 - root - INFO - Total nuclei: 4894, mean per spot: 5.12
2026-02-18 16:24:40,221 - root - INFO - 
=== EM Iteration 1/10 ===
2026-02-18 16:24:40,221 - root - INFO - Marker weighting enabled: weights range [0.500, 0.500]
2026-02-18 16:24:40,221 - root - INFO - Global IQP: 956 spots x 9 cell types = 8604 integer variables
2026-02-18 16:24:40,221 - root - INFO - Time limit: 600.0s, MIP gap: 5.0%
2026-02-18 16:24:40,221 - root - INFO - Constraint slack: ±1 cells
2026-02-18 16:24:40,221 - root - INFO - Elastic net: lambda=1.00, alpha=0.50
2026-02-18 16:24:40,225 - gurobipy - INFO - Set parameter LicenseID to value 276015
2026-02-18 16:24:40,225 - gurobipy - INFO - Set parameter GURO_PAR_SPECIAL
2026-02-18 16:24:40,225 - gurobipy - INFO - Set parameter TokenServer to value "license.crc.pitt.edu"
2026-02-18 16:24:40,230 - gurobipy - INFO - Set parameter TimeLimit to value 600
2026-02-18 16:24:40,230 - gurobipy - INFO - Set parameter MIPGap to value 0.05
2026-02-18 16:24:41,071 - root - INFO - Starting global IQP optimization...
2026-02-18 16:24:41,072 - gurobipy - INFO - Gurobi Optimizer version 11.0.2 build v11.0.2rc0 (linux64 - "Red Hat Enterprise Linux 9.6 (Plow)")
2026-02-18 16:24:41,072 - gurobipy - INFO - 
2026-02-18 16:24:41,072 - gurobipy - INFO - CPU model: AMD EPYC 9575F 64-Core Processor, instruction set [SSE2|AVX|AVX2|AVX512]
2026-02-18 16:24:41,072 - gurobipy - INFO - Thread count: 128 physical cores, 128 logical processors, using up to 32 threads
2026-02-18 16:24:41,072 - gurobipy - INFO - 
2026-02-18 16:24:41,072 - gurobipy - INFO - Optimize a model with 1878 rows, 8604 columns and 16902 nonzeros
2026-02-18 16:24:41,072 - gurobipy - INFO - Model fingerprint: 0xbf7f6459
2026-02-18 16:24:41,072 - gurobipy - INFO - Model has 8604 quadratic objective terms
2026-02-18 16:24:41,072 - gurobipy - INFO - Variable types: 0 continuous, 8604 integer (0 binary)
2026-02-18 16:24:41,072 - gurobipy - INFO - Coefficient statistics:
2026-02-18 16:24:41,072 - gurobipy - INFO -   Matrix range     [1e+00, 1e+00]
2026-02-18 16:24:41,072 - gurobipy - INFO -   Objective range  [8e-08, 2e+00]
2026-02-18 16:24:41,072 - gurobipy - INFO -   QObjective range [2e+00, 3e+00]
2026-02-18 16:24:41,072 - gurobipy - INFO -   Bounds range     [1e+00, 2e+01]
2026-02-18 16:24:41,072 - gurobipy - INFO -   RHS range        [1e+00, 2e+01]
2026-02-18 16:24:41,072 - gurobipy - INFO - 
2026-02-18 16:24:41,072 - gurobipy - INFO - Loaded user MIP start with objective 4122.88
2026-02-18 16:24:41,072 - gurobipy - INFO - 
2026-02-18 16:24:46,557 - gurobipy - INFO - Presolve removed 1876 rows and 8595 columns (presolve time = 5s) ...
2026-02-18 16:24:46,557 - gurobipy - INFO - Presolve removed 1876 rows and 8595 columns
2026-02-18 16:24:46,557 - gurobipy - INFO - Presolve time: 5.48s
2026-02-18 16:24:46,557 - gurobipy - INFO - Presolved: 2 rows, 9 columns, 18 nonzeros
2026-02-18 16:24:46,557 - gurobipy - INFO - Presolved model has 9 quadratic objective terms
2026-02-18 16:24:46,557 - gurobipy - INFO - Found heuristic solution: objective 2568.8076751
2026-02-18 16:24:46,557 - gurobipy - INFO - Variable types: 0 continuous, 9 integer (0 binary)
2026-02-18 16:24:46,557 - gurobipy - INFO - 
2026-02-18 16:24:46,557 - gurobipy - INFO - Explored 0 nodes (0 simplex iterations) in 5.49 seconds (0.25 work units)
2026-02-18 16:24:46,557 - gurobipy - INFO - Thread count was 32 (of 128 available processors)
2026-02-18 16:24:46,557 - gurobipy - INFO - 
2026-02-18 16:24:46,558 - gurobipy - INFO - Solution count 2: 2568.81 4122.88 
2026-02-18 16:24:46,558 - gurobipy - INFO - 
2026-02-18 16:24:46,558 - gurobipy - INFO - Optimal solution found (tolerance 5.00e-02)
2026-02-18 16:24:46,558 - gurobipy - INFO - Best objective 2.568807675119e+03, best bound 2.564641008770e+03, gap 0.1622%
2026-02-18 16:24:46,569 - root - INFO - Global IQP solved: status=2, gap=0.16%, time=5.5s
/ix1/alee/LO_LAB/Personal/Alexander_Chang/alc376/CITEgeist/CITEgeist/model/gurobi_impl.py:3800: RuntimeWarning: invalid value encountered in scalar divide
  loss_change = abs(prev_loss - loss) / max(abs(prev_loss), 1e-10)
2026-02-18 16:24:46,638 - root - INFO -   Loss: 907.8275 (change: nan)
2026-02-18 16:24:46,638 - root - INFO -   Beta range: [0.112, 0.679]
2026-02-18 16:24:46,638 - root - INFO -   Max beta change: 0.887967
2026-02-18 16:24:46,638 - root - INFO -   Cell count range: [0, 14]
2026-02-18 16:24:46,638 - root - INFO -     B-cells: 336 cells (8.4%)
2026-02-18 16:24:46,638 - root - INFO -     CAFs: 713 cells (17.9%)
2026-02-18 16:24:46,638 - root - INFO -     Cancer Epithelial: 820 cells (20.6%)
2026-02-18 16:24:46,638 - root - INFO -     Endothelial: 406 cells (10.2%)
2026-02-18 16:24:46,638 - root - INFO -     Myeloid: 439 cells (11.0%)
2026-02-18 16:24:46,638 - root - INFO -     Normal Epithelial: 361 cells (9.1%)
2026-02-18 16:24:46,638 - root - INFO -     PVL: 241 cells (6.0%)
2026-02-18 16:24:46,638 - root - INFO -     Plasmablasts: 239 cells (6.0%)
2026-02-18 16:24:46,638 - root - INFO -     T-cells: 433 cells (10.9%)
2026-02-18 16:24:46,638 - root - INFO - 
=== EM Iteration 2/10 ===
2026-02-18 16:24:46,638 - root - INFO - Marker weighting enabled: weights range [0.500, 0.500]
2026-02-18 16:24:46,638 - root - INFO - Global IQP: 956 spots x 9 cell types = 8604 integer variables
2026-02-18 16:24:46,638 - root - INFO - Time limit: 600.0s, MIP gap: 5.0%
2026-02-18 16:24:46,638 - root - INFO - Constraint slack: ±1 cells
2026-02-18 16:24:46,638 - root - INFO - Elastic net: lambda=1.00, alpha=0.50
2026-02-18 16:24:46,638 - gurobipy - INFO - Set parameter TimeLimit to value 600
2026-02-18 16:24:46,638 - gurobipy - INFO - Set parameter MIPGap to value 0.05
2026-02-18 16:24:47,721 - root - INFO - Starting global IQP optimization...
2026-02-18 16:24:47,722 - gurobipy - INFO - Gurobi Optimizer version 11.0.2 build v11.0.2rc0 (linux64 - "Red Hat Enterprise Linux 9.6 (Plow)")
2026-02-18 16:24:47,722 - gurobipy - INFO - 
2026-02-18 16:24:47,722 - gurobipy - INFO - CPU model: AMD EPYC 9575F 64-Core Processor, instruction set [SSE2|AVX|AVX2|AVX512]
2026-02-18 16:24:47,722 - gurobipy - INFO - Thread count: 128 physical cores, 128 logical processors, using up to 32 threads
2026-02-18 16:24:47,722 - gurobipy - INFO - 
2026-02-18 16:24:47,722 - gurobipy - INFO - Optimize a model with 1878 rows, 8604 columns and 16902 nonzeros
2026-02-18 16:24:47,722 - gurobipy - INFO - Model fingerprint: 0xcbd6c08d
2026-02-18 16:24:47,722 - gurobipy - INFO - Model has 8604 quadratic objective terms
2026-02-18 16:24:47,722 - gurobipy - INFO - Variable types: 0 continuous, 8604 integer (0 binary)
2026-02-18 16:24:47,722 - gurobipy - INFO - Coefficient statistics:
2026-02-18 16:24:47,722 - gurobipy - INFO -   Matrix range     [1e+00, 1e+00]
2026-02-18 16:24:47,722 - gurobipy - INFO -   Objective range  [1e-08, 1e+00]
2026-02-18 16:24:47,722 - gurobipy - INFO -   QObjective range [3e-02, 2e+00]
2026-02-18 16:24:47,722 - gurobipy - INFO -   Bounds range     [1e+00, 2e+01]
2026-02-18 16:24:47,722 - gurobipy - INFO -   RHS range        [1e+00, 2e+01]
2026-02-18 16:24:47,722 - gurobipy - INFO - 
2026-02-18 16:24:47,722 - gurobipy - INFO - Loaded user MIP start with objective 885.905
2026-02-18 16:24:47,722 - gurobipy - INFO - 
2026-02-18 16:24:52,295 - gurobipy - INFO - Presolve removed 1876 rows and 8595 columns
2026-02-18 16:24:52,296 - gurobipy - INFO - Presolve time: 4.57s
2026-02-18 16:24:52,296 - gurobipy - INFO - Presolved: 2 rows, 9 columns, 18 nonzeros
2026-02-18 16:24:52,296 - gurobipy - INFO - Presolved model has 9 quadratic objective terms
2026-02-18 16:24:52,296 - gurobipy - INFO - Found heuristic solution: objective 776.1284159
2026-02-18 16:24:52,296 - gurobipy - INFO - Variable types: 0 continuous, 9 integer (0 binary)
2026-02-18 16:24:52,296 - gurobipy - INFO - 
2026-02-18 16:24:52,296 - gurobipy - INFO - Explored 0 nodes (0 simplex iterations) in 4.57 seconds (0.17 work units)
2026-02-18 16:24:52,296 - gurobipy - INFO - Thread count was 32 (of 128 available processors)
2026-02-18 16:24:52,296 - gurobipy - INFO - 
2026-02-18 16:24:52,296 - gurobipy - INFO - Solution count 2: 776.128 885.905 
2026-02-18 16:24:52,296 - gurobipy - INFO - 
2026-02-18 16:24:52,296 - gurobipy - INFO - Optimal solution found (tolerance 5.00e-02)
2026-02-18 16:24:52,296 - gurobipy - INFO - Best objective 7.761284158661e+02, best bound 7.743734511042e+02, gap 0.2261%
2026-02-18 16:24:52,306 - root - INFO - Global IQP solved: status=2, gap=0.23%, time=4.6s
2026-02-18 16:24:52,349 - root - INFO -   Loss: 614.9788 (change: 0.322582)
2026-02-18 16:24:52,349 - root - INFO -   Beta range: [0.100, 0.556]
2026-02-18 16:24:52,349 - root - INFO -   Max beta change: 0.130849
2026-02-18 16:24:52,349 - root - INFO -   Cell count range: [0, 14]
2026-02-18 16:24:52,349 - root - INFO -     B-cells: 289 cells (7.2%)
2026-02-18 16:24:52,349 - root - INFO -     CAFs: 691 cells (17.3%)
2026-02-18 16:24:52,349 - root - INFO -     Cancer Epithelial: 714 cells (17.8%)
2026-02-18 16:24:52,349 - root - INFO -     Endothelial: 403 cells (10.1%)
2026-02-18 16:24:52,349 - root - INFO -     Myeloid: 365 cells (9.1%)
2026-02-18 16:24:52,349 - root - INFO -     Normal Epithelial: 388 cells (9.7%)
2026-02-18 16:24:52,349 - root - INFO -     PVL: 402 cells (10.0%)
2026-02-18 16:24:52,349 - root - INFO -     Plasmablasts: 376 cells (9.4%)
2026-02-18 16:24:52,349 - root - INFO -     T-cells: 373 cells (9.3%)
2026-02-18 16:24:52,349 - root - INFO - 
=== EM Iteration 3/10 ===
2026-02-18 16:24:52,349 - root - INFO - Marker weighting enabled: weights range [0.500, 0.500]
2026-02-18 16:24:52,349 - root - INFO - Global IQP: 956 spots x 9 cell types = 8604 integer variables
2026-02-18 16:24:52,349 - root - INFO - Time limit: 600.0s, MIP gap: 5.0%
2026-02-18 16:24:52,349 - root - INFO - Constraint slack: ±1 cells
2026-02-18 16:24:52,349 - root - INFO - Elastic net: lambda=1.00, alpha=0.50
2026-02-18 16:24:52,349 - gurobipy - INFO - Set parameter TimeLimit to value 600
2026-02-18 16:24:52,349 - gurobipy - INFO - Set parameter MIPGap to value 0.05
2026-02-18 16:24:53,221 - root - INFO - Starting global IQP optimization...
2026-02-18 16:24:53,222 - gurobipy - INFO - Gurobi Optimizer version 11.0.2 build v11.0.2rc0 (linux64 - "Red Hat Enterprise Linux 9.6 (Plow)")
2026-02-18 16:24:53,222 - gurobipy - INFO - 
2026-02-18 16:24:53,222 - gurobipy - INFO - CPU model: AMD EPYC 9575F 64-Core Processor, instruction set [SSE2|AVX|AVX2|AVX512]
2026-02-18 16:24:53,222 - gurobipy - INFO - Thread count: 128 physical cores, 128 logical processors, using up to 32 threads
2026-02-18 16:24:53,222 - gurobipy - INFO - 
2026-02-18 16:24:53,222 - gurobipy - INFO - Optimize a model with 1878 rows, 8604 columns and 16902 nonzeros
2026-02-18 16:24:53,222 - gurobipy - INFO - Model fingerprint: 0x69728344
2026-02-18 16:24:53,222 - gurobipy - INFO - Model has 8604 quadratic objective terms
2026-02-18 16:24:53,222 - gurobipy - INFO - Variable types: 0 continuous, 8604 integer (0 binary)
2026-02-18 16:24:53,222 - gurobipy - INFO - Coefficient statistics:
2026-02-18 16:24:53,222 - gurobipy - INFO -   Matrix range     [1e+00, 1e+00]
2026-02-18 16:24:53,222 - gurobipy - INFO -   Objective range  [1e-08, 1e+00]
2026-02-18 16:24:53,222 - gurobipy - INFO -   QObjective range [2e-02, 2e+00]
2026-02-18 16:24:53,222 - gurobipy - INFO -   Bounds range     [1e+00, 2e+01]
2026-02-18 16:24:53,222 - gurobipy - INFO -   RHS range        [1e+00, 2e+01]
2026-02-18 16:24:53,222 - gurobipy - INFO - 
2026-02-18 16:24:53,222 - gurobipy - INFO - Loaded user MIP start with objective 756.268
2026-02-18 16:24:53,222 - gurobipy - INFO - 
2026-02-18 16:24:56,855 - gurobipy - INFO - Presolve removed 1876 rows and 8595 columns
2026-02-18 16:24:56,855 - gurobipy - INFO - Presolve time: 3.63s
2026-02-18 16:24:56,855 - gurobipy - INFO - Presolved: 2 rows, 9 columns, 18 nonzeros
2026-02-18 16:24:56,855 - gurobipy - INFO - Presolved model has 9 quadratic objective terms
2026-02-18 16:24:56,855 - gurobipy - INFO - Found heuristic solution: objective 735.4523672
2026-02-18 16:24:56,855 - gurobipy - INFO - Variable types: 0 continuous, 9 integer (0 binary)
2026-02-18 16:24:56,855 - gurobipy - INFO - 
2026-02-18 16:24:56,855 - gurobipy - INFO - Explored 0 nodes (0 simplex iterations) in 3.63 seconds (0.15 work units)
2026-02-18 16:24:56,855 - gurobipy - INFO - Thread count was 32 (of 128 available processors)
2026-02-18 16:24:56,855 - gurobipy - INFO - 
2026-02-18 16:24:56,855 - gurobipy - INFO - Solution count 2: 735.452 756.268 
2026-02-18 16:24:56,855 - gurobipy - INFO - 
2026-02-18 16:24:56,855 - gurobipy - INFO - Optimal solution found (tolerance 5.00e-02)
2026-02-18 16:24:56,855 - gurobipy - INFO - Best objective 7.354523671897e+02, best bound 7.336177403463e+02, gap 0.2495%
2026-02-18 16:24:56,864 - root - INFO - Global IQP solved: status=2, gap=0.25%, time=3.6s
2026-02-18 16:24:56,921 - root - INFO -   Loss: 587.3453 (change: 0.044934)
2026-02-18 16:24:56,921 - root - INFO -   Beta range: [0.100, 0.537]
2026-02-18 16:24:56,921 - root - INFO -   Max beta change: 0.162809
2026-02-18 16:24:56,921 - root - INFO -   Cell count range: [0, 14]
2026-02-18 16:24:56,921 - root - INFO -     B-cells: 255 cells (6.4%)
2026-02-18 16:24:56,921 - root - INFO -     CAFs: 733 cells (18.4%)
2026-02-18 16:24:56,921 - root - INFO -     Cancer Epithelial: 586 cells (14.7%)
2026-02-18 16:24:56,921 - root - INFO -     Endothelial: 440 cells (11.0%)
2026-02-18 16:24:56,921 - root - INFO -     Myeloid: 322 cells (8.1%)
2026-02-18 16:24:56,921 - root - INFO -     Normal Epithelial: 429 cells (10.8%)
2026-02-18 16:24:56,921 - root - INFO -     PVL: 434 cells (10.9%)
2026-02-18 16:24:56,921 - root - INFO -     Plasmablasts: 444 cells (11.1%)
2026-02-18 16:24:56,921 - root - INFO -     T-cells: 342 cells (8.6%)
2026-02-18 16:24:56,921 - root - INFO - 
=== EM Iteration 4/10 ===
2026-02-18 16:24:56,921 - root - INFO - Marker weighting enabled: weights range [0.500, 0.500]
2026-02-18 16:24:56,921 - root - INFO - Global IQP: 956 spots x 9 cell types = 8604 integer variables
2026-02-18 16:24:56,921 - root - INFO - Time limit: 600.0s, MIP gap: 5.0%
2026-02-18 16:24:56,921 - root - INFO - Constraint slack: ±1 cells
2026-02-18 16:24:56,921 - root - INFO - Elastic net: lambda=1.00, alpha=0.50
2026-02-18 16:24:56,921 - gurobipy - INFO - Set parameter TimeLimit to value 600
2026-02-18 16:24:56,921 - gurobipy - INFO - Set parameter MIPGap to value 0.05
2026-02-18 16:24:57,791 - root - INFO - Starting global IQP optimization...
2026-02-18 16:24:57,791 - gurobipy - INFO - Gurobi Optimizer version 11.0.2 build v11.0.2rc0 (linux64 - "Red Hat Enterprise Linux 9.6 (Plow)")
2026-02-18 16:24:57,791 - gurobipy - INFO - 
2026-02-18 16:24:57,791 - gurobipy - INFO - CPU model: AMD EPYC 9575F 64-Core Processor, instruction set [SSE2|AVX|AVX2|AVX512]
2026-02-18 16:24:57,791 - gurobipy - INFO - Thread count: 128 physical cores, 128 logical processors, using up to 32 threads
2026-02-18 16:24:57,791 - gurobipy - INFO - 
2026-02-18 16:24:57,791 - gurobipy - INFO - Optimize a model with 1878 rows, 8604 columns and 16902 nonzeros
2026-02-18 16:24:57,792 - gurobipy - INFO - Model fingerprint: 0x83448f1f
2026-02-18 16:24:57,792 - gurobipy - INFO - Model has 8604 quadratic objective terms
2026-02-18 16:24:57,792 - gurobipy - INFO - Variable types: 0 continuous, 8604 integer (0 binary)
2026-02-18 16:24:57,792 - gurobipy - INFO - Coefficient statistics:
2026-02-18 16:24:57,792 - gurobipy - INFO -   Matrix range     [1e+00, 1e+00]
2026-02-18 16:24:57,792 - gurobipy - INFO -   Objective range  [1e-08, 1e+00]
2026-02-18 16:24:57,792 - gurobipy - INFO -   QObjective range [2e-02, 2e+00]
2026-02-18 16:24:57,792 - gurobipy - INFO -   Bounds range     [1e+00, 2e+01]
2026-02-18 16:24:57,792 - gurobipy - INFO -   RHS range        [1e+00, 2e+01]
2026-02-18 16:24:57,792 - gurobipy - INFO - 
2026-02-18 16:24:57,792 - gurobipy - INFO - Loaded user MIP start with objective 738.389
2026-02-18 16:24:57,792 - gurobipy - INFO - 
2026-02-18 16:25:01,567 - gurobipy - INFO - Presolve removed 1876 rows and 8595 columns
2026-02-18 16:25:01,567 - gurobipy - INFO - Presolve time: 3.78s
2026-02-18 16:25:01,567 - gurobipy - INFO - Presolved: 2 rows, 9 columns, 18 nonzeros
2026-02-18 16:25:01,567 - gurobipy - INFO - Presolved model has 9 quadratic objective terms
2026-02-18 16:25:01,568 - gurobipy - INFO - Found heuristic solution: objective 720.3843586
2026-02-18 16:25:01,568 - gurobipy - INFO - Variable types: 0 continuous, 9 integer (0 binary)
2026-02-18 16:25:01,568 - gurobipy - INFO - 
2026-02-18 16:25:01,568 - gurobipy - INFO - Explored 0 nodes (0 simplex iterations) in 3.78 seconds (0.14 work units)
2026-02-18 16:25:01,568 - gurobipy - INFO - Thread count was 32 (of 128 available processors)
2026-02-18 16:25:01,568 - gurobipy - INFO - 
2026-02-18 16:25:01,568 - gurobipy - INFO - Solution count 2: 720.384 738.389 
2026-02-18 16:25:01,568 - gurobipy - INFO - 
2026-02-18 16:25:01,568 - gurobipy - INFO - Optimal solution found (tolerance 5.00e-02)
2026-02-18 16:25:01,568 - gurobipy - INFO - Best objective 7.203843585551e+02, best bound 7.185643870693e+02, gap 0.2526%
2026-02-18 16:25:01,578 - root - INFO - Global IQP solved: status=2, gap=0.25%, time=3.8s
2026-02-18 16:25:01,626 - root - INFO -   Loss: 570.5534 (change: 0.028590)
2026-02-18 16:25:01,626 - root - INFO -   Beta range: [0.100, 0.523]
2026-02-18 16:25:01,626 - root - INFO -   Max beta change: 0.027086
2026-02-18 16:25:01,626 - root - INFO -   Cell count range: [0, 14]
2026-02-18 16:25:01,626 - root - INFO -     B-cells: 239 cells (6.0%)
2026-02-18 16:25:01,626 - root - INFO -     CAFs: 769 cells (19.3%)
2026-02-18 16:25:01,626 - root - INFO -     Cancer Epithelial: 469 cells (11.8%)
2026-02-18 16:25:01,626 - root - INFO -     Endothelial: 462 cells (11.6%)
2026-02-18 16:25:01,626 - root - INFO -     Myeloid: 299 cells (7.5%)
2026-02-18 16:25:01,626 - root - INFO -     Normal Epithelial: 470 cells (11.8%)
2026-02-18 16:25:01,626 - root - INFO -     PVL: 457 cells (11.5%)
2026-02-18 16:25:01,626 - root - INFO -     Plasmablasts: 483 cells (12.1%)
2026-02-18 16:25:01,626 - root - INFO -     T-cells: 328 cells (8.2%)
2026-02-18 16:25:01,626 - root - INFO - 
=== EM Iteration 5/10 ===
2026-02-18 16:25:01,626 - root - INFO - Marker weighting enabled: weights range [0.500, 0.500]
2026-02-18 16:25:01,626 - root - INFO - Global IQP: 956 spots x 9 cell types = 8604 integer variables
2026-02-18 16:25:01,626 - root - INFO - Time limit: 600.0s, MIP gap: 5.0%
2026-02-18 16:25:01,626 - root - INFO - Constraint slack: ±1 cells
2026-02-18 16:25:01,626 - root - INFO - Elastic net: lambda=1.00, alpha=0.50
2026-02-18 16:25:01,626 - gurobipy - INFO - Set parameter TimeLimit to value 600
2026-02-18 16:25:01,626 - gurobipy - INFO - Set parameter MIPGap to value 0.05
2026-02-18 16:25:02,686 - root - INFO - Starting global IQP optimization...
2026-02-18 16:25:02,686 - gurobipy - INFO - Gurobi Optimizer version 11.0.2 build v11.0.2rc0 (linux64 - "Red Hat Enterprise Linux 9.6 (Plow)")
2026-02-18 16:25:02,686 - gurobipy - INFO - 
2026-02-18 16:25:02,687 - gurobipy - INFO - CPU model: AMD EPYC 9575F 64-Core Processor, instruction set [SSE2|AVX|AVX2|AVX512]
2026-02-18 16:25:02,687 - gurobipy - INFO - Thread count: 128 physical cores, 128 logical processors, using up to 32 threads
2026-02-18 16:25:02,687 - gurobipy - INFO - 
2026-02-18 16:25:02,687 - gurobipy - INFO - Optimize a model with 1878 rows, 8604 columns and 16902 nonzeros
2026-02-18 16:25:02,687 - gurobipy - INFO - Model fingerprint: 0xc95985fe
2026-02-18 16:25:02,687 - gurobipy - INFO - Model has 8604 quadratic objective terms
2026-02-18 16:25:02,687 - gurobipy - INFO - Variable types: 0 continuous, 8604 integer (0 binary)
2026-02-18 16:25:02,687 - gurobipy - INFO - Coefficient statistics:
2026-02-18 16:25:02,687 - gurobipy - INFO -   Matrix range     [1e+00, 1e+00]
2026-02-18 16:25:02,687 - gurobipy - INFO -   Objective range  [1e-08, 1e+00]
2026-02-18 16:25:02,687 - gurobipy - INFO -   QObjective range [2e-02, 2e+00]
2026-02-18 16:25:02,687 - gurobipy - INFO -   Bounds range     [1e+00, 2e+01]
2026-02-18 16:25:02,687 - gurobipy - INFO -   RHS range        [1e+00, 2e+01]
2026-02-18 16:25:02,687 - gurobipy - INFO - 
2026-02-18 16:25:02,687 - gurobipy - INFO - Loaded user MIP start with objective 728.492
2026-02-18 16:25:02,687 - gurobipy - INFO - 
2026-02-18 16:25:06,840 - gurobipy - INFO - Presolve removed 1876 rows and 8595 columns
2026-02-18 16:25:06,840 - gurobipy - INFO - Presolve time: 4.15s
2026-02-18 16:25:06,840 - gurobipy - INFO - Presolved: 2 rows, 9 columns, 18 nonzeros
2026-02-18 16:25:06,840 - gurobipy - INFO - Presolved model has 9 quadratic objective terms
2026-02-18 16:25:06,841 - gurobipy - INFO - Found heuristic solution: objective 720.3282542
2026-02-18 16:25:06,841 - gurobipy - INFO - Variable types: 0 continuous, 9 integer (0 binary)
2026-02-18 16:25:06,841 - gurobipy - INFO - 
2026-02-18 16:25:06,841 - gurobipy - INFO - Explored 0 nodes (0 simplex iterations) in 4.15 seconds (0.14 work units)
2026-02-18 16:25:06,841 - gurobipy - INFO - Thread count was 32 (of 128 available processors)
2026-02-18 16:25:06,841 - gurobipy - INFO - 
2026-02-18 16:25:06,841 - gurobipy - INFO - Solution count 2: 720.328 728.492 
2026-02-18 16:25:06,841 - gurobipy - INFO - 
2026-02-18 16:25:06,841 - gurobipy - INFO - Optimal solution found (tolerance 5.00e-02)
2026-02-18 16:25:06,841 - gurobipy - INFO - Best objective 7.203282542340e+02, best bound 7.184670990229e+02, gap 0.2584%
2026-02-18 16:25:06,850 - root - INFO - Global IQP solved: status=2, gap=0.26%, time=4.2s
2026-02-18 16:25:06,896 - root - INFO -   Loss: 564.1319 (change: 0.011255)
2026-02-18 16:25:06,896 - root - INFO -   Beta range: [0.100, 0.513]
2026-02-18 16:25:06,896 - root - INFO -   Max beta change: 0.032749
2026-02-18 16:25:06,896 - root - INFO -   Cell count range: [0, 14]
2026-02-18 16:25:06,896 - root - INFO -     B-cells: 219 cells (5.5%)
2026-02-18 16:25:06,896 - root - INFO -     CAFs: 793 cells (19.9%)
2026-02-18 16:25:06,896 - root - INFO -     Cancer Epithelial: 426 cells (10.7%)
2026-02-18 16:25:06,896 - root - INFO -     Endothelial: 480 cells (12.1%)
2026-02-18 16:25:06,896 - root - INFO -     Myeloid: 281 cells (7.1%)
2026-02-18 16:25:06,896 - root - INFO -     Normal Epithelial: 503 cells (12.7%)
2026-02-18 16:25:06,896 - root - INFO -     PVL: 474 cells (11.9%)
2026-02-18 16:25:06,896 - root - INFO -     Plasmablasts: 485 cells (12.2%)
2026-02-18 16:25:06,896 - root - INFO -     T-cells: 314 cells (7.9%)
2026-02-18 16:25:06,896 - root - INFO - 
=== EM Iteration 6/10 ===
2026-02-18 16:25:06,896 - root - INFO - Marker weighting enabled: weights range [0.500, 0.500]
2026-02-18 16:25:06,896 - root - INFO - Global IQP: 956 spots x 9 cell types = 8604 integer variables
2026-02-18 16:25:06,896 - root - INFO - Time limit: 600.0s, MIP gap: 5.0%
2026-02-18 16:25:06,896 - root - INFO - Constraint slack: ±1 cells
2026-02-18 16:25:06,896 - root - INFO - Elastic net: lambda=1.00, alpha=0.50
2026-02-18 16:25:06,896 - gurobipy - INFO - Set parameter TimeLimit to value 600
2026-02-18 16:25:06,896 - gurobipy - INFO - Set parameter MIPGap to value 0.05
2026-02-18 16:25:07,785 - root - INFO - Starting global IQP optimization...
2026-02-18 16:25:07,785 - gurobipy - INFO - Gurobi Optimizer version 11.0.2 build v11.0.2rc0 (linux64 - "Red Hat Enterprise Linux 9.6 (Plow)")
2026-02-18 16:25:07,785 - gurobipy - INFO - 
2026-02-18 16:25:07,785 - gurobipy - INFO - CPU model: AMD EPYC 9575F 64-Core Processor, instruction set [SSE2|AVX|AVX2|AVX512]
2026-02-18 16:25:07,785 - gurobipy - INFO - Thread count: 128 physical cores, 128 logical processors, using up to 32 threads
2026-02-18 16:25:07,785 - gurobipy - INFO - 
2026-02-18 16:25:07,785 - gurobipy - INFO - Optimize a model with 1878 rows, 8604 columns and 16902 nonzeros
2026-02-18 16:25:07,786 - gurobipy - INFO - Model fingerprint: 0xb1c8393c
2026-02-18 16:25:07,786 - gurobipy - INFO - Model has 8604 quadratic objective terms
2026-02-18 16:25:07,786 - gurobipy - INFO - Variable types: 0 continuous, 8604 integer (0 binary)
2026-02-18 16:25:07,786 - gurobipy - INFO - Coefficient statistics:
2026-02-18 16:25:07,786 - gurobipy - INFO -   Matrix range     [1e+00, 1e+00]
2026-02-18 16:25:07,786 - gurobipy - INFO -   Objective range  [1e-08, 1e+00]
2026-02-18 16:25:07,786 - gurobipy - INFO -   QObjective range [2e-02, 2e+00]
2026-02-18 16:25:07,786 - gurobipy - INFO -   Bounds range     [1e+00, 2e+01]
2026-02-18 16:25:07,786 - gurobipy - INFO -   RHS range        [1e+00, 2e+01]
2026-02-18 16:25:07,786 - gurobipy - INFO - 
2026-02-18 16:25:07,786 - gurobipy - INFO - Loaded user MIP start with objective 725.85
2026-02-18 16:25:07,786 - gurobipy - INFO - 
2026-02-18 16:25:11,145 - gurobipy - INFO - Presolve removed 1876 rows and 8595 columns
2026-02-18 16:25:11,145 - gurobipy - INFO - Presolve time: 3.36s
2026-02-18 16:25:11,145 - gurobipy - INFO - Presolved: 2 rows, 9 columns, 18 nonzeros
2026-02-18 16:25:11,145 - gurobipy - INFO - Presolved model has 9 quadratic objective terms
2026-02-18 16:25:11,145 - gurobipy - INFO - Found heuristic solution: objective 719.1458696
2026-02-18 16:25:11,145 - gurobipy - INFO - Variable types: 0 continuous, 9 integer (0 binary)
2026-02-18 16:25:11,145 - gurobipy - INFO - 
2026-02-18 16:25:11,145 - gurobipy - INFO - Explored 0 nodes (0 simplex iterations) in 3.36 seconds (0.13 work units)
2026-02-18 16:25:11,145 - gurobipy - INFO - Thread count was 32 (of 128 available processors)
2026-02-18 16:25:11,145 - gurobipy - INFO - 
2026-02-18 16:25:11,145 - gurobipy - INFO - Solution count 2: 719.146 725.85 
2026-02-18 16:25:11,145 - gurobipy - INFO - 
2026-02-18 16:25:11,145 - gurobipy - INFO - Optimal solution found (tolerance 5.00e-02)
2026-02-18 16:25:11,146 - gurobipy - INFO - Best objective 7.191458695572e+02, best bound 7.172424912360e+02, gap 0.2647%
2026-02-18 16:25:11,155 - root - INFO - Global IQP solved: status=2, gap=0.26%, time=3.4s
2026-02-18 16:25:11,197 - root - INFO -   Loss: 567.0240 (change: 0.005127)
2026-02-18 16:25:11,197 - root - INFO -   Beta range: [0.100, 0.505]
2026-02-18 16:25:11,197 - root - INFO -   Max beta change: 0.030171
2026-02-18 16:25:11,197 - root - INFO -   Cell count range: [0, 14]
2026-02-18 16:25:11,197 - root - INFO -     B-cells: 208 cells (5.2%)
2026-02-18 16:25:11,197 - root - INFO -     CAFs: 811 cells (20.4%)
2026-02-18 16:25:11,197 - root - INFO -     Cancer Epithelial: 418 cells (10.5%)
2026-02-18 16:25:11,197 - root - INFO -     Endothelial: 492 cells (12.4%)
2026-02-18 16:25:11,197 - root - INFO -     Myeloid: 258 cells (6.5%)
2026-02-18 16:25:11,197 - root - INFO -     Normal Epithelial: 523 cells (13.2%)
2026-02-18 16:25:11,197 - root - INFO -     PVL: 477 cells (12.0%)
2026-02-18 16:25:11,197 - root - INFO -     Plasmablasts: 486 cells (12.2%)
2026-02-18 16:25:11,197 - root - INFO -     T-cells: 303 cells (7.6%)
2026-02-18 16:25:11,197 - root - WARNING - Loss increased from 564.1319 to 567.0240
2026-02-18 16:25:11,197 - root - INFO - 
=== EM Iteration 7/10 ===
2026-02-18 16:25:11,197 - root - INFO - Marker weighting enabled: weights range [0.500, 0.500]
2026-02-18 16:25:11,198 - root - INFO - Global IQP: 956 spots x 9 cell types = 8604 integer variables
2026-02-18 16:25:11,198 - root - INFO - Time limit: 600.0s, MIP gap: 5.0%
2026-02-18 16:25:11,198 - root - INFO - Constraint slack: ±1 cells
2026-02-18 16:25:11,198 - root - INFO - Elastic net: lambda=1.00, alpha=0.50
2026-02-18 16:25:11,198 - gurobipy - INFO - Set parameter TimeLimit to value 600
2026-02-18 16:25:11,198 - gurobipy - INFO - Set parameter MIPGap to value 0.05
2026-02-18 16:25:12,051 - root - INFO - Starting global IQP optimization...
2026-02-18 16:25:12,052 - gurobipy - INFO - Gurobi Optimizer version 11.0.2 build v11.0.2rc0 (linux64 - "Red Hat Enterprise Linux 9.6 (Plow)")
2026-02-18 16:25:12,052 - gurobipy - INFO - 
2026-02-18 16:25:12,052 - gurobipy - INFO - CPU model: AMD EPYC 9575F 64-Core Processor, instruction set [SSE2|AVX|AVX2|AVX512]
2026-02-18 16:25:12,052 - gurobipy - INFO - Thread count: 128 physical cores, 128 logical processors, using up to 32 threads
2026-02-18 16:25:12,052 - gurobipy - INFO - 
2026-02-18 16:25:12,052 - gurobipy - INFO - Optimize a model with 1878 rows, 8604 columns and 16902 nonzeros
2026-02-18 16:25:12,052 - gurobipy - INFO - Model fingerprint: 0x7662b0a5
2026-02-18 16:25:12,052 - gurobipy - INFO - Model has 8604 quadratic objective terms
2026-02-18 16:25:12,052 - gurobipy - INFO - Variable types: 0 continuous, 8604 integer (0 binary)
2026-02-18 16:25:12,052 - gurobipy - INFO - Coefficient statistics:
2026-02-18 16:25:12,052 - gurobipy - INFO -   Matrix range     [1e+00, 1e+00]
2026-02-18 16:25:12,052 - gurobipy - INFO -   Objective range  [1e-08, 1e+00]
2026-02-18 16:25:12,052 - gurobipy - INFO -   QObjective range [2e-02, 1e+00]
2026-02-18 16:25:12,052 - gurobipy - INFO -   Bounds range     [1e+00, 2e+01]
2026-02-18 16:25:12,052 - gurobipy - INFO -   RHS range        [1e+00, 2e+01]
2026-02-18 16:25:12,052 - gurobipy - INFO - 
2026-02-18 16:25:12,052 - gurobipy - INFO - Loaded user MIP start with objective 727.925
2026-02-18 16:25:12,052 - gurobipy - INFO - 
2026-02-18 16:25:15,559 - gurobipy - INFO - Presolve removed 1876 rows and 8595 columns
2026-02-18 16:25:15,559 - gurobipy - INFO - Presolve time: 3.51s
2026-02-18 16:25:15,559 - gurobipy - INFO - Presolved: 2 rows, 9 columns, 18 nonzeros
2026-02-18 16:25:15,559 - gurobipy - INFO - Presolved model has 9 quadratic objective terms
2026-02-18 16:25:15,559 - gurobipy - INFO - Found heuristic solution: objective 721.4375391
2026-02-18 16:25:15,559 - gurobipy - INFO - Variable types: 0 continuous, 9 integer (0 binary)
2026-02-18 16:25:15,559 - gurobipy - INFO - 
2026-02-18 16:25:15,559 - gurobipy - INFO - Explored 0 nodes (0 simplex iterations) in 3.51 seconds (0.13 work units)
2026-02-18 16:25:15,559 - gurobipy - INFO - Thread count was 32 (of 128 available processors)
2026-02-18 16:25:15,559 - gurobipy - INFO - 
2026-02-18 16:25:15,559 - gurobipy - INFO - Solution count 2: 721.438 727.925 
2026-02-18 16:25:15,559 - gurobipy - INFO - 
2026-02-18 16:25:15,559 - gurobipy - INFO - Optimal solution found (tolerance 5.00e-02)
2026-02-18 16:25:15,559 - gurobipy - INFO - Best objective 7.214375391403e+02, best bound 7.195239808523e+02, gap 0.2652%
2026-02-18 16:25:15,570 - root - INFO - Global IQP solved: status=2, gap=0.27%, time=3.5s
2026-02-18 16:25:15,631 - root - INFO -   Loss: 571.7193 (change: 0.008281)
2026-02-18 16:25:15,631 - root - INFO -   Beta range: [0.100, 0.500]
2026-02-18 16:25:15,631 - root - INFO -   Max beta change: 0.022021
2026-02-18 16:25:15,632 - root - INFO -   Cell count range: [0, 14]
2026-02-18 16:25:15,632 - root - INFO -     B-cells: 196 cells (4.9%)
2026-02-18 16:25:15,632 - root - INFO -     CAFs: 820 cells (20.6%)
2026-02-18 16:25:15,632 - root - INFO -     Cancer Epithelial: 417 cells (10.5%)
2026-02-18 16:25:15,632 - root - INFO -     Endothelial: 503 cells (12.7%)
2026-02-18 16:25:15,632 - root - INFO -     Myeloid: 238 cells (6.0%)
2026-02-18 16:25:15,632 - root - INFO -     Normal Epithelial: 547 cells (13.8%)
2026-02-18 16:25:15,632 - root - INFO -     PVL: 471 cells (11.8%)
2026-02-18 16:25:15,632 - root - INFO -     Plasmablasts: 489 cells (12.3%)
2026-02-18 16:25:15,632 - root - INFO -     T-cells: 295 cells (7.4%)
2026-02-18 16:25:15,632 - root - WARNING - Loss increased from 567.0240 to 571.7193
2026-02-18 16:25:15,632 - root - INFO - 
=== EM Iteration 8/10 ===
2026-02-18 16:25:15,632 - root - INFO - Marker weighting enabled: weights range [0.500, 0.500]
2026-02-18 16:25:15,632 - root - INFO - Global IQP: 956 spots x 9 cell types = 8604 integer variables
2026-02-18 16:25:15,632 - root - INFO - Time limit: 600.0s, MIP gap: 5.0%
2026-02-18 16:25:15,632 - root - INFO - Constraint slack: ±1 cells
2026-02-18 16:25:15,632 - root - INFO - Elastic net: lambda=1.00, alpha=0.50
2026-02-18 16:25:15,632 - gurobipy - INFO - Set parameter TimeLimit to value 600
2026-02-18 16:25:15,632 - gurobipy - INFO - Set parameter MIPGap to value 0.05
2026-02-18 16:25:16,703 - root - INFO - Starting global IQP optimization...
2026-02-18 16:25:16,704 - gurobipy - INFO - Gurobi Optimizer version 11.0.2 build v11.0.2rc0 (linux64 - "Red Hat Enterprise Linux 9.6 (Plow)")
2026-02-18 16:25:16,704 - gurobipy - INFO - 
2026-02-18 16:25:16,704 - gurobipy - INFO - CPU model: AMD EPYC 9575F 64-Core Processor, instruction set [SSE2|AVX|AVX2|AVX512]
2026-02-18 16:25:16,704 - gurobipy - INFO - Thread count: 128 physical cores, 128 logical processors, using up to 32 threads
2026-02-18 16:25:16,704 - gurobipy - INFO - 
2026-02-18 16:25:16,704 - gurobipy - INFO - Optimize a model with 1878 rows, 8604 columns and 16902 nonzeros
2026-02-18 16:25:16,704 - gurobipy - INFO - Model fingerprint: 0xd72d9e09
2026-02-18 16:25:16,704 - gurobipy - INFO - Model has 8604 quadratic objective terms
2026-02-18 16:25:16,704 - gurobipy - INFO - Variable types: 0 continuous, 8604 integer (0 binary)
2026-02-18 16:25:16,704 - gurobipy - INFO - Coefficient statistics:
2026-02-18 16:25:16,704 - gurobipy - INFO -   Matrix range     [1e+00, 1e+00]
2026-02-18 16:25:16,704 - gurobipy - INFO -   Objective range  [1e-08, 1e+00]
2026-02-18 16:25:16,704 - gurobipy - INFO -   QObjective range [2e-02, 1e+00]
2026-02-18 16:25:16,704 - gurobipy - INFO -   Bounds range     [1e+00, 2e+01]
2026-02-18 16:25:16,704 - gurobipy - INFO -   RHS range        [1e+00, 2e+01]
2026-02-18 16:25:16,704 - gurobipy - INFO - 
2026-02-18 16:25:16,704 - gurobipy - INFO - Loaded user MIP start with objective 730.632
2026-02-18 16:25:16,704 - gurobipy - INFO - 
2026-02-18 16:25:19,444 - gurobipy - INFO - Presolve removed 1876 rows and 8595 columns
2026-02-18 16:25:19,444 - gurobipy - INFO - Presolve time: 2.74s
2026-02-18 16:25:19,444 - gurobipy - INFO - Presolved: 2 rows, 9 columns, 18 nonzeros
2026-02-18 16:25:19,444 - gurobipy - INFO - Presolved model has 9 quadratic objective terms
2026-02-18 16:25:19,444 - gurobipy - INFO - Found heuristic solution: objective 724.5593521
2026-02-18 16:25:19,444 - gurobipy - INFO - Variable types: 0 continuous, 9 integer (0 binary)
2026-02-18 16:25:19,445 - gurobipy - INFO - 
2026-02-18 16:25:19,445 - gurobipy - INFO - Explored 0 nodes (0 simplex iterations) in 2.74 seconds (0.13 work units)
2026-02-18 16:25:19,445 - gurobipy - INFO - Thread count was 32 (of 128 available processors)
2026-02-18 16:25:19,445 - gurobipy - INFO - 
2026-02-18 16:25:19,445 - gurobipy - INFO - Solution count 2: 724.559 730.632 
2026-02-18 16:25:19,445 - gurobipy - INFO - 
2026-02-18 16:25:19,445 - gurobipy - INFO - Optimal solution found (tolerance 5.00e-02)
2026-02-18 16:25:19,445 - gurobipy - INFO - Best objective 7.245593520585e+02, best bound 7.226284471341e+02, gap 0.2665%
2026-02-18 16:25:19,455 - root - INFO - Global IQP solved: status=2, gap=0.27%, time=2.7s
2026-02-18 16:25:19,499 - root - INFO -   Loss: 573.9187 (change: 0.003847)
2026-02-18 16:25:19,499 - root - INFO -   Beta range: [0.100, 0.499]
2026-02-18 16:25:19,499 - root - INFO -   Max beta change: 0.019384
2026-02-18 16:25:19,499 - root - INFO -   Cell count range: [0, 14]
2026-02-18 16:25:19,499 - root - INFO -     B-cells: 194 cells (4.9%)
2026-02-18 16:25:19,499 - root - INFO -     CAFs: 822 cells (20.7%)
2026-02-18 16:25:19,499 - root - INFO -     Cancer Epithelial: 417 cells (10.5%)
2026-02-18 16:25:19,499 - root - INFO -     Endothelial: 509 cells (12.8%)
2026-02-18 16:25:19,499 - root - INFO -     Myeloid: 222 cells (5.6%)
2026-02-18 16:25:19,499 - root - INFO -     Normal Epithelial: 558 cells (14.0%)
2026-02-18 16:25:19,499 - root - INFO -     PVL: 476 cells (12.0%)
2026-02-18 16:25:19,499 - root - INFO -     Plasmablasts: 486 cells (12.2%)
2026-02-18 16:25:19,499 - root - INFO -     T-cells: 292 cells (7.3%)
2026-02-18 16:25:19,499 - root - WARNING - Loss increased from 571.7193 to 573.9187
2026-02-18 16:25:19,499 - root - INFO - 
=== EM Iteration 9/10 ===
2026-02-18 16:25:19,499 - root - INFO - Marker weighting enabled: weights range [0.500, 0.500]
2026-02-18 16:25:19,499 - root - INFO - Global IQP: 956 spots x 9 cell types = 8604 integer variables
2026-02-18 16:25:19,499 - root - INFO - Time limit: 600.0s, MIP gap: 5.0%
2026-02-18 16:25:19,499 - root - INFO - Constraint slack: ±1 cells
2026-02-18 16:25:19,499 - root - INFO - Elastic net: lambda=1.00, alpha=0.50
2026-02-18 16:25:19,499 - gurobipy - INFO - Set parameter TimeLimit to value 600
2026-02-18 16:25:19,499 - gurobipy - INFO - Set parameter MIPGap to value 0.05
2026-02-18 16:25:20,377 - root - INFO - Starting global IQP optimization...
2026-02-18 16:25:20,378 - gurobipy - INFO - Gurobi Optimizer version 11.0.2 build v11.0.2rc0 (linux64 - "Red Hat Enterprise Linux 9.6 (Plow)")
2026-02-18 16:25:20,378 - gurobipy - INFO - 
2026-02-18 16:25:20,378 - gurobipy - INFO - CPU model: AMD EPYC 9575F 64-Core Processor, instruction set [SSE2|AVX|AVX2|AVX512]
2026-02-18 16:25:20,378 - gurobipy - INFO - Thread count: 128 physical cores, 128 logical processors, using up to 32 threads
2026-02-18 16:25:20,378 - gurobipy - INFO - 
2026-02-18 16:25:20,378 - gurobipy - INFO - Optimize a model with 1878 rows, 8604 columns and 16902 nonzeros
2026-02-18 16:25:20,378 - gurobipy - INFO - Model fingerprint: 0x6af956f5
2026-02-18 16:25:20,378 - gurobipy - INFO - Model has 8604 quadratic objective terms
2026-02-18 16:25:20,378 - gurobipy - INFO - Variable types: 0 continuous, 8604 integer (0 binary)
2026-02-18 16:25:20,378 - gurobipy - INFO - Coefficient statistics:
2026-02-18 16:25:20,378 - gurobipy - INFO -   Matrix range     [1e+00, 1e+00]
2026-02-18 16:25:20,378 - gurobipy - INFO -   Objective range  [1e-08, 9e-01]
2026-02-18 16:25:20,378 - gurobipy - INFO -   QObjective range [2e-02, 1e+00]
2026-02-18 16:25:20,378 - gurobipy - INFO -   Bounds range     [1e+00, 2e+01]
2026-02-18 16:25:20,378 - gurobipy - INFO -   RHS range        [1e+00, 2e+01]
2026-02-18 16:25:20,378 - gurobipy - INFO - 
2026-02-18 16:25:20,378 - gurobipy - INFO - Loaded user MIP start with objective 731.795
2026-02-18 16:25:20,378 - gurobipy - INFO - 
2026-02-18 16:25:23,383 - gurobipy - INFO - Presolve removed 1876 rows and 8595 columns
2026-02-18 16:25:23,383 - gurobipy - INFO - Presolve time: 3.00s
2026-02-18 16:25:23,383 - gurobipy - INFO - Presolved: 2 rows, 9 columns, 18 nonzeros
2026-02-18 16:25:23,383 - gurobipy - INFO - Presolved model has 9 quadratic objective terms
2026-02-18 16:25:23,383 - gurobipy - INFO - Found heuristic solution: objective 725.9849552
2026-02-18 16:25:23,383 - gurobipy - INFO - Variable types: 0 continuous, 9 integer (0 binary)
2026-02-18 16:25:23,383 - gurobipy - INFO - 
2026-02-18 16:25:23,383 - gurobipy - INFO - Explored 0 nodes (0 simplex iterations) in 3.01 seconds (0.13 work units)
2026-02-18 16:25:23,383 - gurobipy - INFO - Thread count was 32 (of 128 available processors)
2026-02-18 16:25:23,383 - gurobipy - INFO - 
2026-02-18 16:25:23,383 - gurobipy - INFO - Solution count 2: 725.985 731.795 
2026-02-18 16:25:23,383 - gurobipy - INFO - 
2026-02-18 16:25:23,383 - gurobipy - INFO - Optimal solution found (tolerance 5.00e-02)
2026-02-18 16:25:23,383 - gurobipy - INFO - Best objective 7.259849552020e+02, best bound 7.240355858396e+02, gap 0.2685%
2026-02-18 16:25:23,394 - root - INFO - Global IQP solved: status=2, gap=0.27%, time=3.0s
2026-02-18 16:25:23,438 - root - INFO -   Loss: 574.0828 (change: 0.000286)
2026-02-18 16:25:23,438 - root - INFO -   Beta range: [0.100, 0.500]
2026-02-18 16:25:23,438 - root - INFO -   Max beta change: 0.022833
2026-02-18 16:25:23,438 - root - INFO -   Cell count range: [0, 14]
2026-02-18 16:25:23,438 - root - INFO -     B-cells: 193 cells (4.9%)
2026-02-18 16:25:23,438 - root - INFO -     CAFs: 812 cells (20.4%)
2026-02-18 16:25:23,438 - root - INFO -     Cancer Epithelial: 417 cells (10.5%)
2026-02-18 16:25:23,438 - root - INFO -     Endothelial: 512 cells (12.9%)
2026-02-18 16:25:23,439 - root - INFO -     Myeloid: 214 cells (5.4%)
2026-02-18 16:25:23,439 - root - INFO -     Normal Epithelial: 564 cells (14.2%)
2026-02-18 16:25:23,439 - root - INFO -     PVL: 481 cells (12.1%)
2026-02-18 16:25:23,439 - root - INFO -     Plasmablasts: 491 cells (12.3%)
2026-02-18 16:25:23,439 - root - INFO -     T-cells: 292 cells (7.3%)
2026-02-18 16:25:23,439 - root - WARNING - Loss increased from 573.9187 to 574.0828
2026-02-18 16:25:23,439 - root - INFO - 
=== EM Iteration 10/10 ===
2026-02-18 16:25:23,439 - root - INFO - Marker weighting enabled: weights range [0.500, 0.500]
2026-02-18 16:25:23,439 - root - INFO - Global IQP: 956 spots x 9 cell types = 8604 integer variables
2026-02-18 16:25:23,439 - root - INFO - Time limit: 600.0s, MIP gap: 5.0%
2026-02-18 16:25:23,439 - root - INFO - Constraint slack: ±1 cells
2026-02-18 16:25:23,439 - root - INFO - Elastic net: lambda=1.00, alpha=0.50
2026-02-18 16:25:23,439 - gurobipy - INFO - Set parameter TimeLimit to value 600
2026-02-18 16:25:23,439 - gurobipy - INFO - Set parameter MIPGap to value 0.05
2026-02-18 16:25:24,277 - root - INFO - Starting global IQP optimization...
2026-02-18 16:25:24,277 - gurobipy - INFO - Gurobi Optimizer version 11.0.2 build v11.0.2rc0 (linux64 - "Red Hat Enterprise Linux 9.6 (Plow)")
2026-02-18 16:25:24,277 - gurobipy - INFO - 
2026-02-18 16:25:24,277 - gurobipy - INFO - CPU model: AMD EPYC 9575F 64-Core Processor, instruction set [SSE2|AVX|AVX2|AVX512]
2026-02-18 16:25:24,277 - gurobipy - INFO - Thread count: 128 physical cores, 128 logical processors, using up to 32 threads
2026-02-18 16:25:24,277 - gurobipy - INFO - 
2026-02-18 16:25:24,277 - gurobipy - INFO - Optimize a model with 1878 rows, 8604 columns and 16902 nonzeros
2026-02-18 16:25:24,277 - gurobipy - INFO - Model fingerprint: 0xaddde929
2026-02-18 16:25:24,277 - gurobipy - INFO - Model has 8604 quadratic objective terms
2026-02-18 16:25:24,277 - gurobipy - INFO - Variable types: 0 continuous, 8604 integer (0 binary)
2026-02-18 16:25:24,278 - gurobipy - INFO - Coefficient statistics:
2026-02-18 16:25:24,278 - gurobipy - INFO -   Matrix range     [1e+00, 1e+00]
2026-02-18 16:25:24,278 - gurobipy - INFO -   Objective range  [1e-08, 9e-01]
2026-02-18 16:25:24,278 - gurobipy - INFO -   QObjective range [2e-02, 1e+00]
2026-02-18 16:25:24,278 - gurobipy - INFO -   Bounds range     [1e+00, 2e+01]
2026-02-18 16:25:24,278 - gurobipy - INFO -   RHS range        [1e+00, 2e+01]
2026-02-18 16:25:24,278 - gurobipy - INFO - 
2026-02-18 16:25:24,278 - gurobipy - INFO - Loaded user MIP start with objective 731.844
2026-02-18 16:25:24,278 - gurobipy - INFO - 
2026-02-18 16:25:28,530 - gurobipy - INFO - Presolve removed 1876 rows and 8595 columns
2026-02-18 16:25:28,530 - gurobipy - INFO - Presolve time: 4.25s
2026-02-18 16:25:28,530 - gurobipy - INFO - Presolved: 2 rows, 9 columns, 18 nonzeros
2026-02-18 16:25:28,530 - gurobipy - INFO - Presolved model has 9 quadratic objective terms
2026-02-18 16:25:28,530 - gurobipy - INFO - Found heuristic solution: objective 726.1919994
2026-02-18 16:25:28,530 - gurobipy - INFO - Variable types: 0 continuous, 9 integer (0 binary)
2026-02-18 16:25:28,531 - gurobipy - INFO - 
2026-02-18 16:25:28,531 - gurobipy - INFO - Explored 0 nodes (0 simplex iterations) in 4.25 seconds (0.13 work units)
2026-02-18 16:25:28,531 - gurobipy - INFO - Thread count was 32 (of 128 available processors)
2026-02-18 16:25:28,531 - gurobipy - INFO - 
2026-02-18 16:25:28,531 - gurobipy - INFO - Solution count 2: 726.192 731.844 
2026-02-18 16:25:28,531 - gurobipy - INFO - 
2026-02-18 16:25:28,531 - gurobipy - INFO - Optimal solution found (tolerance 5.00e-02)
2026-02-18 16:25:28,531 - gurobipy - INFO - Best objective 7.261919993731e+02, best bound 7.242158730092e+02, gap 0.2721%
2026-02-18 16:25:28,542 - root - INFO - Global IQP solved: status=2, gap=0.27%, time=4.3s
2026-02-18 16:25:28,586 - root - INFO -   Loss: 573.9298 (change: 0.000267)
2026-02-18 16:25:28,586 - root - INFO -   Beta range: [0.100, 0.507]
2026-02-18 16:25:28,586 - root - INFO -   Max beta change: 0.024828
2026-02-18 16:25:28,586 - root - INFO -   Cell count range: [0, 14]
2026-02-18 16:25:28,586 - root - INFO -     B-cells: 194 cells (4.9%)
2026-02-18 16:25:28,586 - root - INFO -     CAFs: 796 cells (20.0%)
2026-02-18 16:25:28,586 - root - INFO -     Cancer Epithelial: 418 cells (10.5%)
2026-02-18 16:25:28,586 - root - INFO -     Endothelial: 516 cells (13.0%)
2026-02-18 16:25:28,586 - root - INFO -     Myeloid: 208 cells (5.2%)
2026-02-18 16:25:28,586 - root - INFO -     Normal Epithelial: 572 cells (14.4%)
2026-02-18 16:25:28,586 - root - INFO -     PVL: 478 cells (12.0%)
2026-02-18 16:25:28,586 - root - INFO -     Plasmablasts: 494 cells (12.4%)
2026-02-18 16:25:28,586 - root - INFO -     T-cells: 300 cells (7.5%)
2026-02-18 16:25:28,586 - root - INFO - 
Final beta values:
2026-02-18 16:25:28,586 - root - INFO -   B-cells_Protein_1: β=0.414, α=0.000
2026-02-18 16:25:28,586 - root - INFO -   B-cells_Protein_2: β=0.379, α=0.000
2026-02-18 16:25:28,586 - root - INFO -   CAFs_Protein_1: β=0.507, α=0.000
2026-02-18 16:25:28,586 - root - INFO -   CAFs_Protein_2: β=0.415, α=0.116
2026-02-18 16:25:28,586 - root - INFO -   Cancer Epithelial_Protein_1: β=0.419, α=0.500
2026-02-18 16:25:28,586 - root - INFO -   Cancer Epithelial_Protein_2: β=0.425, α=0.500
2026-02-18 16:25:28,586 - root - INFO -   Endothelial_Protein_1: β=0.163, α=0.000
2026-02-18 16:25:28,586 - root - INFO -   Endothelial_Protein_2: β=0.147, α=0.000
2026-02-18 16:25:28,586 - root - INFO -   Myeloid_Protein_1: β=0.308, α=0.261
2026-02-18 16:25:28,586 - root - INFO -   Myeloid_Protein_2: β=0.375, α=0.176
2026-02-18 16:25:28,586 - root - INFO -   Normal Epithelial_Protein_1: β=0.100, α=0.000
2026-02-18 16:25:28,586 - root - INFO -   Normal Epithelial_Protein_2: β=0.134, α=0.000
2026-02-18 16:25:28,586 - root - INFO -   PVL_Protein_1: β=0.100, α=0.000
2026-02-18 16:25:28,586 - root - INFO -   PVL_Protein_2: β=0.100, α=0.000
2026-02-18 16:25:28,586 - root - INFO -   Plasmablasts_Protein_1: β=0.100, α=0.000
2026-02-18 16:25:28,586 - root - INFO -   Plasmablasts_Protein_2: β=0.100, α=0.000
2026-02-18 16:25:28,586 - root - INFO -   T-cells_Protein_1: β=0.417, α=0.026
2026-02-18 16:25:28,586 - root - INFO -   T-cells_Protein_2: β=0.420, α=0.031
2026-02-18 16:25:28,590 - root - INFO - Saved discrete cell counts to Benchmarking/simulation_benchmarking/CITEgeist/output_discrete_relaxed/mixed/dapi/mixed/dapi/Wu_rep_4/Wu_rep_4_discrete_cell_counts.csv
2026-02-18 16:25:28,593 - root - INFO - Saved derived proportions to Benchmarking/simulation_benchmarking/CITEgeist/output_discrete_relaxed/mixed/dapi/mixed/dapi/Wu_rep_4/Wu_rep_4_cell_prop_discrete.csv
2026-02-18 16:25:28,593 - root - INFO - Cell type distribution:
2026-02-18 16:25:28,593 - root - INFO -   B-cells: 194 cells (4.9%)
2026-02-18 16:25:28,593 - root - INFO -   CAFs: 796 cells (20.0%)
2026-02-18 16:25:28,593 - root - INFO -   Cancer Epithelial: 418 cells (10.5%)
2026-02-18 16:25:28,593 - root - INFO -   Endothelial: 516 cells (13.0%)
2026-02-18 16:25:28,593 - root - INFO -   Myeloid: 208 cells (5.2%)
2026-02-18 16:25:28,593 - root - INFO -   Normal Epithelial: 572 cells (14.4%)
2026-02-18 16:25:28,593 - root - INFO -   PVL: 478 cells (12.0%)
2026-02-18 16:25:28,593 - root - INFO -   Plasmablasts: 494 cells (12.4%)
2026-02-18 16:25:28,593 - root - INFO -   T-cells: 300 cells (7.5%)
2026-02-18 16:25:28,615 - __main__ - INFO - Loaded ground truth proportions: 956 spots, 9 cell types
2026-02-18 16:25:28,615 - __main__ - INFO - Proportion correlation: 0.443
2026-02-18 16:25:28,615 - __main__ - INFO - Proportion RMSE: 0.2017
2026-02-18 16:25:28,615 - __main__ - INFO - Running GEX deconvolution...
2026-02-18 16:25:28,616 - CITEgeist.model.utils - INFO - Detected spot spacing: 1.61 units (median of 956 nearest-neighbor distances)
2026-02-18 16:25:28,616 - CITEgeist.model.utils - INFO - Computed optimal radius: 4.92 (3.0 rings, spot_spacing=1.61)
2026-02-18 16:25:28,616 - root - INFO - Auto-detected radius: 4.92 (3 rings)
2026-02-18 16:25:28,616 - root - INFO - Starting Pass 1: Error minimization with enrichment weights...
2026-02-18 16:25:28,616 - root - INFO - Using discrete mode: cell counts as fixed multipliers
2026-02-18 16:25:28,616 - root - WARNING - Found 29 spots with zero cells. These will be skipped in deconvolution.
2026-02-18 16:25:28,616 - root - WARNING - Found 29 spots with zero or negligible total cell proportions. Deconvolution for these spots may fail and their profiles will be imputed as zeros. Example spot indices: [ 39  52 130 136 171]
2026-02-18 16:25:28,617 - root - INFO - Starting analysis for Wu_rep_4
2026-02-18 16:25:28,617 - root - INFO - Already completed spots: 0
2026-02-18 16:25:28,617 - root - INFO - Using enrichment weights - Global: 0.5, Local: 0.5
2026-02-18 16:25:28,617 - root - INFO - Using 128 workers
2026-02-18 16:25:28,617 - root - INFO - Processing 956 remaining spots
Deconvoluting Remaining Spots:   0%|          | 0/956 [00:00<?, ?it/s]Deconvoluting Remaining Spots:   0%|          | 1/956 [00:02<43:03,  2.71s/it]Deconvoluting Remaining Spots:   0%|          | 3/956 [00:02<12:18,  1.29it/s]Deconvoluting Remaining Spots:   0%|          | 4/956 [00:03<08:35,  1.85it/s]Deconvoluting Remaining Spots:   1%|          | 6/956 [00:03<05:18,  2.99it/s]Deconvoluting Remaining Spots:   1%|          | 7/956 [00:03<04:36,  3.43it/s]Deconvoluting Remaining Spots:   1%|          | 8/956 [00:03<04:04,  3.87it/s]Deconvoluting Remaining Spots:   1%|          | 9/956 [00:03<03:32,  4.46it/s]Deconvoluting Remaining Spots:   1%|          | 10/956 [00:03<03:33,  4.42it/s]Deconvoluting Remaining Spots:   1%|          | 11/956 [00:04<03:38,  4.32it/s]Deconvoluting Remaining Spots:   1%|▏         | 13/956 [00:04<02:57,  5.32it/s]Deconvoluting Remaining Spots:   1%|▏         | 14/956 [00:04<02:59,  5.24it/s]Deconvoluting Remaining Spots:   2%|▏         | 15/956 [00:04<02:58,  5.28it/s]Deconvoluting Remaining Spots:   2%|▏         | 16/956 [00:05<04:02,  3.87it/s]Deconvoluting Remaining Spots:   2%|▏         | 18/956 [00:05<02:54,  5.37it/s]Deconvoluting Remaining Spots:   2%|▏         | 19/956 [00:05<02:48,  5.57it/s]Deconvoluting Remaining Spots:   2%|▏         | 20/956 [00:05<02:48,  5.55it/s]Deconvoluting Remaining Spots:   2%|▏         | 21/956 [00:06<03:13,  4.83it/s]Deconvoluting Remaining Spots:   2%|▏         | 22/956 [00:06<02:50,  5.47it/s]Deconvoluting Remaining Spots:   2%|▏         | 23/956 [00:06<03:12,  4.85it/s]Deconvoluting Remaining Spots:   3%|▎         | 24/956 [00:06<03:24,  4.56it/s]Deconvoluting Remaining Spots:   3%|▎         | 25/956 [00:07<03:55,  3.95it/s]Deconvoluting Remaining Spots:   3%|▎         | 27/956 [00:07<02:56,  5.26it/s]Deconvoluting Remaining Spots:   3%|▎         | 28/956 [00:07<03:18,  4.68it/s]Deconvoluting Remaining Spots:   3%|▎         | 29/956 [00:07<02:51,  5.42it/s]Deconvoluting Remaining Spots:   3%|▎         | 30/956 [00:08<04:17,  3.59it/s]Deconvoluting Remaining Spots:   3%|▎         | 32/956 [00:08<02:57,  5.21it/s]Deconvoluting Remaining Spots:   3%|▎         | 33/956 [00:08<02:53,  5.30it/s]Deconvoluting Remaining Spots:   4%|▎         | 34/956 [00:08<02:53,  5.31it/s]Deconvoluting Remaining Spots:   4%|▎         | 35/956 [00:08<02:51,  5.39it/s]Deconvoluting Remaining Spots:   4%|▍         | 36/956 [00:09<03:17,  4.66it/s]Deconvoluting Remaining Spots:   4%|▍         | 37/956 [00:09<03:52,  3.96it/s]Deconvoluting Remaining Spots:   4%|▍         | 38/956 [00:09<03:18,  4.63it/s]Deconvoluting Remaining Spots:   4%|▍         | 39/956 [00:09<03:06,  4.91it/s]Deconvoluting Remaining Spots:   4%|▍         | 40/956 [00:10<03:05,  4.95it/s]Deconvoluting Remaining Spots:   4%|▍         | 41/956 [00:10<03:04,  4.97it/s]Deconvoluting Remaining Spots:   4%|▍         | 42/956 [00:10<03:43,  4.10it/s]Deconvoluting Remaining Spots:   4%|▍         | 43/956 [00:11<04:20,  3.51it/s]Deconvoluting Remaining Spots:   5%|▍         | 44/956 [00:11<04:10,  3.64it/s]Deconvoluting Remaining Spots:   5%|▍         | 45/956 [00:11<03:43,  4.08it/s]Deconvoluting Remaining Spots:   5%|▍         | 46/956 [00:11<03:15,  4.66it/s]Deconvoluting Remaining Spots:   5%|▍         | 47/956 [00:11<03:18,  4.57it/s]Deconvoluting Remaining Spots:   5%|▌         | 48/956 [00:11<03:00,  5.04it/s]Deconvoluting Remaining Spots:   5%|▌         | 49/956 [00:12<03:00,  5.01it/s]Deconvoluting Remaining Spots:   5%|▌         | 50/956 [00:12<03:05,  4.88it/s]Deconvoluting Remaining Spots:   5%|▌         | 51/956 [00:12<02:57,  5.09it/s]Deconvoluting Remaining Spots:   5%|▌         | 52/956 [00:12<03:57,  3.80it/s]Deconvoluting Remaining Spots:   6%|▌         | 54/956 [00:13<03:16,  4.59it/s]Deconvoluting Remaining Spots:   6%|▌         | 55/956 [00:13<04:38,  3.24it/s]Deconvoluting Remaining Spots:   6%|▌         | 57/956 [00:14<03:08,  4.77it/s]Deconvoluting Remaining Spots:   6%|▌         | 58/956 [00:14<03:23,  4.42it/s]Deconvoluting Remaining Spots:   6%|▋         | 60/956 [00:14<02:41,  5.55it/s]Deconvoluting Remaining Spots:   6%|▋         | 61/956 [00:14<03:25,  4.35it/s]Deconvoluting Remaining Spots:   6%|▋         | 62/956 [00:15<03:05,  4.82it/s]Deconvoluting Remaining Spots:   7%|▋         | 63/956 [00:15<02:57,  5.02it/s]Deconvoluting Remaining Spots:   7%|▋         | 64/956 [00:15<03:02,  4.89it/s]Deconvoluting Remaining Spots:   7%|▋         | 65/956 [00:15<02:57,  5.03it/s]Deconvoluting Remaining Spots:   7%|▋         | 66/956 [00:15<03:36,  4.11it/s]Deconvoluting Remaining Spots:   7%|▋         | 67/956 [00:16<03:14,  4.56it/s]Deconvoluting Remaining Spots:   7%|▋         | 68/956 [00:16<03:18,  4.48it/s]Deconvoluting Remaining Spots:   7%|▋         | 69/956 [00:16<03:20,  4.42it/s]Deconvoluting Remaining Spots:   7%|▋         | 70/956 [00:16<03:40,  4.02it/s]Deconvoluting Remaining Spots:   7%|▋         | 71/956 [00:17<03:08,  4.70it/s]Deconvoluting Remaining Spots:   8%|▊         | 72/956 [00:17<02:45,  5.33it/s]Deconvoluting Remaining Spots:   8%|▊         | 73/956 [00:17<02:35,  5.68it/s]Deconvoluting Remaining Spots:   8%|▊         | 74/956 [00:17<02:45,  5.33it/s]Deconvoluting Remaining Spots:   8%|▊         | 75/956 [00:17<03:29,  4.21it/s]Deconvoluting Remaining Spots:   8%|▊         | 76/956 [00:18<03:10,  4.61it/s]Deconvoluting Remaining Spots:   8%|▊         | 77/956 [00:18<03:11,  4.60it/s]Deconvoluting Remaining Spots:   8%|▊         | 78/956 [00:18<03:27,  4.23it/s]Deconvoluting Remaining Spots:   8%|▊         | 79/956 [00:18<03:00,  4.87it/s]Deconvoluting Remaining Spots:   8%|▊         | 80/956 [00:19<04:06,  3.55it/s]Deconvoluting Remaining Spots:   9%|▊         | 82/956 [00:19<03:05,  4.71it/s]Deconvoluting Remaining Spots:   9%|▊         | 83/956 [00:19<03:41,  3.94it/s]Deconvoluting Remaining Spots:   9%|▉         | 85/956 [00:20<02:54,  4.98it/s]Deconvoluting Remaining Spots:   9%|▉         | 86/956 [00:20<03:21,  4.32it/s]Deconvoluting Remaining Spots:   9%|▉         | 87/956 [00:20<03:09,  4.58it/s]Deconvoluting Remaining Spots:   9%|▉         | 88/956 [00:20<03:07,  4.63it/s]Deconvoluting Remaining Spots:   9%|▉         | 89/956 [00:20<03:04,  4.70it/s]Deconvoluting Remaining Spots:   9%|▉         | 90/956 [00:21<02:43,  5.28it/s]Deconvoluting Remaining Spots:  10%|▉         | 91/956 [00:21<03:03,  4.72it/s]Deconvoluting Remaining Spots:  10%|▉         | 92/956 [00:21<02:51,  5.05it/s]Deconvoluting Remaining Spots:  10%|▉         | 93/956 [00:21<02:41,  5.34it/s]Deconvoluting Remaining Spots:  10%|▉         | 94/956 [00:21<02:46,  5.17it/s]Deconvoluting Remaining Spots:  10%|▉         | 95/956 [00:22<02:40,  5.36it/s]Deconvoluting Remaining Spots:  10%|█         | 96/956 [00:22<02:53,  4.95it/s]Deconvoluting Remaining Spots:  10%|█         | 97/956 [00:22<02:51,  5.02it/s]Deconvoluting Remaining Spots:  10%|█         | 98/956 [00:22<02:42,  5.29it/s]Deconvoluting Remaining Spots:  10%|█         | 99/956 [00:22<02:38,  5.39it/s]Deconvoluting Remaining Spots:  10%|█         | 100/956 [00:23<02:49,  5.05it/s]2026-02-18 16:25:53,321 - root - INFO - Saved checkpoint after 100 completed spots
Deconvoluting Remaining Spots:  11%|█         | 101/956 [00:23<04:18,  3.31it/s]Deconvoluting Remaining Spots:  11%|█         | 103/956 [00:23<02:45,  5.16it/s]Deconvoluting Remaining Spots:  11%|█         | 105/956 [00:24<02:29,  5.70it/s]Deconvoluting Remaining Spots:  11%|█         | 106/956 [00:24<02:34,  5.51it/s]Deconvoluting Remaining Spots:  11%|█         | 107/956 [00:24<02:24,  5.86it/s]Deconvoluting Remaining Spots:  11%|█▏        | 108/956 [00:24<03:08,  4.50it/s]Deconvoluting Remaining Spots:  11%|█▏        | 109/956 [00:24<02:48,  5.02it/s]Deconvoluting Remaining Spots:  12%|█▏        | 111/956 [00:25<02:22,  5.94it/s]Deconvoluting Remaining Spots:  12%|█▏        | 112/956 [00:25<02:29,  5.65it/s]Deconvoluting Remaining Spots:  12%|█▏        | 113/956 [00:25<03:26,  4.09it/s]Deconvoluting Remaining Spots:  12%|█▏        | 115/956 [00:26<02:37,  5.35it/s]Deconvoluting Remaining Spots:  12%|█▏        | 117/956 [00:26<02:12,  6.35it/s]Deconvoluting Remaining Spots:  12%|█▏        | 118/956 [00:26<02:26,  5.72it/s]Deconvoluting Remaining Spots:  12%|█▏        | 119/956 [00:26<02:36,  5.36it/s]Deconvoluting Remaining Spots:  13%|█▎        | 120/956 [00:26<02:39,  5.24it/s]Deconvoluting Remaining Spots:  13%|█▎        | 121/956 [00:27<02:31,  5.51it/s]Deconvoluting Remaining Spots:  13%|█▎        | 122/956 [00:27<02:29,  5.59it/s]Deconvoluting Remaining Spots:  13%|█▎        | 123/956 [00:27<02:27,  5.64it/s]Deconvoluting Remaining Spots:  13%|█▎        | 124/956 [00:27<02:23,  5.79it/s]Deconvoluting Remaining Spots:  13%|█▎        | 125/956 [00:27<02:13,  6.21it/s]Deconvoluting Remaining Spots:  13%|█▎        | 126/956 [00:27<02:40,  5.17it/s]Deconvoluting Remaining Spots:  13%|█▎        | 127/956 [00:28<02:38,  5.21it/s]Deconvoluting Remaining Spots:  13%|█▎        | 128/956 [00:28<02:45,  5.00it/s]Deconvoluting Remaining Spots:  13%|█▎        | 129/956 [00:28<02:29,  5.54it/s]Deconvoluting Remaining Spots:  14%|█▎        | 130/956 [00:28<02:24,  5.70it/s]Deconvoluting Remaining Spots:  14%|█▍        | 132/956 [00:28<02:07,  6.48it/s]Deconvoluting Remaining Spots:  14%|█▍        | 133/956 [00:29<02:19,  5.88it/s]Deconvoluting Remaining Spots:  14%|█▍        | 134/956 [00:29<02:08,  6.37it/s]Deconvoluting Remaining Spots:  14%|█▍        | 135/956 [00:29<02:12,  6.18it/s]Deconvoluting Remaining Spots:  14%|█▍        | 136/956 [00:29<02:36,  5.24it/s]Deconvoluting Remaining Spots:  14%|█▍        | 138/956 [00:30<02:31,  5.38it/s]Deconvoluting Remaining Spots:  15%|█▍        | 139/956 [00:30<02:17,  5.92it/s]Deconvoluting Remaining Spots:  15%|█▍        | 140/956 [00:30<02:05,  6.53it/s]Deconvoluting Remaining Spots:  15%|█▍        | 141/956 [00:30<02:38,  5.15it/s]Deconvoluting Remaining Spots:  15%|█▍        | 142/956 [00:30<02:19,  5.82it/s]Deconvoluting Remaining Spots:  15%|█▍        | 143/956 [00:30<02:25,  5.60it/s]Deconvoluting Remaining Spots:  15%|█▌        | 144/956 [00:31<02:18,  5.87it/s]Deconvoluting Remaining Spots:  15%|█▌        | 145/956 [00:31<02:13,  6.09it/s]Deconvoluting Remaining Spots:  15%|█▌        | 146/956 [00:31<02:16,  5.91it/s]Deconvoluting Remaining Spots:  15%|█▌        | 147/956 [00:31<02:30,  5.37it/s]Deconvoluting Remaining Spots:  15%|█▌        | 148/956 [00:31<02:13,  6.04it/s]Deconvoluting Remaining Spots:  16%|█▌        | 149/956 [00:32<02:46,  4.84it/s]Deconvoluting Remaining Spots:  16%|█▌        | 151/956 [00:32<02:18,  5.83it/s]Deconvoluting Remaining Spots:  16%|█▌        | 152/956 [00:32<02:44,  4.89it/s]Deconvoluting Remaining Spots:  16%|█▌        | 153/956 [00:32<02:41,  4.97it/s]Deconvoluting Remaining Spots:  16%|█▌        | 155/956 [00:33<02:21,  5.67it/s]Deconvoluting Remaining Spots:  16%|█▋        | 156/956 [00:33<02:19,  5.73it/s]Deconvoluting Remaining Spots:  16%|█▋        | 157/956 [00:33<02:16,  5.85it/s]Deconvoluting Remaining Spots:  17%|█▋        | 159/956 [00:33<02:07,  6.26it/s]Deconvoluting Remaining Spots:  17%|█▋        | 160/956 [00:33<02:11,  6.03it/s]Deconvoluting Remaining Spots:  17%|█▋        | 161/956 [00:34<02:01,  6.52it/s]Deconvoluting Remaining Spots:  17%|█▋        | 162/956 [00:34<02:00,  6.58it/s]Deconvoluting Remaining Spots:  17%|█▋        | 163/956 [00:34<02:18,  5.74it/s]Deconvoluting Remaining Spots:  17%|█▋        | 164/956 [00:34<02:16,  5.81it/s]Deconvoluting Remaining Spots:  17%|█▋        | 165/956 [00:34<02:37,  5.03it/s]Deconvoluting Remaining Spots:  17%|█▋        | 167/956 [00:35<02:05,  6.27it/s]Deconvoluting Remaining Spots:  18%|█▊        | 168/956 [00:35<02:15,  5.82it/s]Deconvoluting Remaining Spots:  18%|█▊        | 169/956 [00:35<02:16,  5.78it/s]Deconvoluting Remaining Spots:  18%|█▊        | 170/956 [00:35<02:03,  6.35it/s]Deconvoluting Remaining Spots:  18%|█▊        | 171/956 [00:35<02:20,  5.58it/s]Deconvoluting Remaining Spots:  18%|█▊        | 172/956 [00:35<02:19,  5.63it/s]Deconvoluting Remaining Spots:  18%|█▊        | 173/956 [00:36<02:20,  5.58it/s]Deconvoluting Remaining Spots:  18%|█▊        | 174/956 [00:36<03:04,  4.23it/s]Deconvoluting Remaining Spots:  18%|█▊        | 175/956 [00:36<02:57,  4.41it/s]Deconvoluting Remaining Spots:  19%|█▊        | 177/956 [00:37<02:38,  4.90it/s]Deconvoluting Remaining Spots:  19%|█▊        | 178/956 [00:37<02:21,  5.48it/s]Deconvoluting Remaining Spots:  19%|█▉        | 180/956 [00:37<01:59,  6.47it/s]Deconvoluting Remaining Spots:  19%|█▉        | 182/956 [00:37<02:14,  5.77it/s]Deconvoluting Remaining Spots:  19%|█▉        | 184/956 [00:37<01:40,  7.66it/s]Deconvoluting Remaining Spots:  19%|█▉        | 186/956 [00:38<01:46,  7.21it/s]Deconvoluting Remaining Spots:  20%|█▉        | 187/956 [00:38<02:18,  5.56it/s]Deconvoluting Remaining Spots:  20%|█▉        | 189/956 [00:38<02:10,  5.87it/s]Deconvoluting Remaining Spots:  20%|█▉        | 190/956 [00:39<02:18,  5.52it/s]Deconvoluting Remaining Spots:  20%|█▉        | 191/956 [00:39<02:39,  4.80it/s]Deconvoluting Remaining Spots:  20%|██        | 192/956 [00:39<02:25,  5.25it/s]Deconvoluting Remaining Spots:  20%|██        | 193/956 [00:39<02:11,  5.80it/s]Deconvoluting Remaining Spots:  20%|██        | 194/956 [00:39<02:19,  5.48it/s]Deconvoluting Remaining Spots:  21%|██        | 196/956 [00:40<02:03,  6.15it/s]Deconvoluting Remaining Spots:  21%|██        | 197/956 [00:40<02:13,  5.69it/s]Deconvoluting Remaining Spots:  21%|██        | 198/956 [00:40<02:16,  5.55it/s]Deconvoluting Remaining Spots:  21%|██        | 199/956 [00:40<02:13,  5.65it/s]2026-02-18 16:26:11,633 - root - INFO - Saved checkpoint after 200 completed spots
Deconvoluting Remaining Spots:  21%|██        | 201/956 [00:41<04:31,  2.78it/s]Deconvoluting Remaining Spots:  22%|██▏       | 207/956 [00:42<01:43,  7.22it/s]Deconvoluting Remaining Spots:  22%|██▏       | 209/956 [00:42<01:49,  6.85it/s]Deconvoluting Remaining Spots:  22%|██▏       | 211/956 [00:42<01:53,  6.56it/s]Deconvoluting Remaining Spots:  22%|██▏       | 213/956 [00:43<02:10,  5.71it/s]Deconvoluting Remaining Spots:  22%|██▏       | 214/956 [00:43<02:05,  5.91it/s]Deconvoluting Remaining Spots:  23%|██▎       | 216/956 [00:43<02:15,  5.47it/s]Deconvoluting Remaining Spots:  23%|██▎       | 218/956 [00:43<01:56,  6.34it/s]Deconvoluting Remaining Spots:  23%|██▎       | 219/956 [00:44<02:06,  5.81it/s]Deconvoluting Remaining Spots:  23%|██▎       | 220/956 [00:44<02:01,  6.05it/s]Deconvoluting Remaining Spots:  23%|██▎       | 221/956 [00:44<02:21,  5.20it/s]Deconvoluting Remaining Spots:  23%|██▎       | 222/956 [00:44<02:16,  5.39it/s]Deconvoluting Remaining Spots:  23%|██▎       | 223/956 [00:45<02:32,  4.82it/s]Deconvoluting Remaining Spots:  24%|██▎       | 226/956 [00:45<01:58,  6.15it/s]Deconvoluting Remaining Spots:  24%|██▍       | 228/956 [00:45<02:17,  5.31it/s]Deconvoluting Remaining Spots:  24%|██▍       | 230/956 [00:46<01:51,  6.50it/s]Deconvoluting Remaining Spots:  24%|██▍       | 231/956 [00:46<01:54,  6.34it/s]Deconvoluting Remaining Spots:  24%|██▍       | 232/956 [00:46<01:55,  6.28it/s]Deconvoluting Remaining Spots:  24%|██▍       | 233/956 [00:46<02:07,  5.65it/s]Deconvoluting Remaining Spots:  24%|██▍       | 234/956 [00:46<02:31,  4.77it/s]Deconvoluting Remaining Spots:  25%|██▍       | 235/956 [00:47<02:14,  5.35it/s]Deconvoluting Remaining Spots:  25%|██▍       | 236/956 [00:47<02:14,  5.35it/s]Deconvoluting Remaining Spots:  25%|██▍       | 237/956 [00:47<02:09,  5.55it/s]Deconvoluting Remaining Spots:  25%|██▌       | 239/956 [00:47<01:37,  7.34it/s]Deconvoluting Remaining Spots:  25%|██▌       | 240/956 [00:47<01:54,  6.28it/s]Deconvoluting Remaining Spots:  25%|██▌       | 241/956 [00:48<02:07,  5.61it/s]Deconvoluting Remaining Spots:  25%|██▌       | 242/956 [00:48<02:18,  5.17it/s]Deconvoluting Remaining Spots:  26%|██▌       | 244/956 [00:48<02:10,  5.44it/s]Deconvoluting Remaining Spots:  26%|██▌       | 246/956 [00:48<01:59,  5.93it/s]Deconvoluting Remaining Spots:  26%|██▌       | 247/956 [00:49<02:09,  5.48it/s]Deconvoluting Remaining Spots:  26%|██▌       | 248/956 [00:49<02:26,  4.83it/s]Deconvoluting Remaining Spots:  26%|██▌       | 249/956 [00:49<02:14,  5.26it/s]Deconvoluting Remaining Spots:  26%|██▌       | 250/956 [00:49<02:39,  4.41it/s]Deconvoluting Remaining Spots:  26%|██▋       | 251/956 [00:50<02:47,  4.21it/s]Deconvoluting Remaining Spots:  26%|██▋       | 253/956 [00:50<02:01,  5.77it/s]Deconvoluting Remaining Spots:  27%|██▋       | 254/956 [00:50<02:09,  5.43it/s]Deconvoluting Remaining Spots:  27%|██▋       | 255/956 [00:50<02:00,  5.84it/s]Deconvoluting Remaining Spots:  27%|██▋       | 257/956 [00:50<01:40,  6.92it/s]Deconvoluting Remaining Spots:  27%|██▋       | 258/956 [00:51<01:58,  5.87it/s]Deconvoluting Remaining Spots:  27%|██▋       | 260/956 [00:51<01:37,  7.15it/s]Deconvoluting Remaining Spots:  27%|██▋       | 261/956 [00:51<01:42,  6.76it/s]Deconvoluting Remaining Spots:  27%|██▋       | 262/956 [00:51<01:45,  6.61it/s]Deconvoluting Remaining Spots:  28%|██▊       | 263/956 [00:51<01:49,  6.33it/s]Deconvoluting Remaining Spots:  28%|██▊       | 264/956 [00:52<01:52,  6.15it/s]Deconvoluting Remaining Spots:  28%|██▊       | 265/956 [00:52<01:58,  5.82it/s]Deconvoluting Remaining Spots:  28%|██▊       | 266/956 [00:52<02:03,  5.60it/s]Deconvoluting Remaining Spots:  28%|██▊       | 267/956 [00:52<01:53,  6.09it/s]Deconvoluting Remaining Spots:  28%|██▊       | 268/956 [00:52<02:19,  4.94it/s]Deconvoluting Remaining Spots:  28%|██▊       | 269/956 [00:53<02:19,  4.93it/s]Deconvoluting Remaining Spots:  28%|██▊       | 270/956 [00:53<02:13,  5.14it/s]Deconvoluting Remaining Spots:  28%|██▊       | 271/956 [00:53<02:06,  5.41it/s]Deconvoluting Remaining Spots:  28%|██▊       | 272/956 [00:53<02:28,  4.60it/s]Deconvoluting Remaining Spots:  29%|██▊       | 273/956 [00:53<02:04,  5.48it/s]Deconvoluting Remaining Spots:  29%|██▊       | 274/956 [00:54<02:18,  4.91it/s]Deconvoluting Remaining Spots:  29%|██▉       | 275/956 [00:54<02:11,  5.18it/s]Deconvoluting Remaining Spots:  29%|██▉       | 276/956 [00:54<02:00,  5.65it/s]Deconvoluting Remaining Spots:  29%|██▉       | 277/956 [00:54<01:52,  6.05it/s]Deconvoluting Remaining Spots:  29%|██▉       | 278/956 [00:54<01:50,  6.14it/s]Deconvoluting Remaining Spots:  29%|██▉       | 279/956 [00:54<01:57,  5.78it/s]Deconvoluting Remaining Spots:  29%|██▉       | 280/956 [00:55<02:12,  5.09it/s]Deconvoluting Remaining Spots:  29%|██▉       | 282/956 [00:55<01:50,  6.07it/s]Deconvoluting Remaining Spots:  30%|██▉       | 283/956 [00:55<01:57,  5.74it/s]Deconvoluting Remaining Spots:  30%|██▉       | 285/956 [00:55<01:48,  6.19it/s]Deconvoluting Remaining Spots:  30%|██▉       | 286/956 [00:55<01:40,  6.65it/s]Deconvoluting Remaining Spots:  30%|███       | 287/956 [00:56<01:45,  6.36it/s]Deconvoluting Remaining Spots:  30%|███       | 288/956 [00:56<01:55,  5.77it/s]Deconvoluting Remaining Spots:  30%|███       | 289/956 [00:56<01:52,  5.94it/s]Deconvoluting Remaining Spots:  30%|███       | 290/956 [00:56<02:00,  5.52it/s]Deconvoluting Remaining Spots:  31%|███       | 292/956 [00:56<01:41,  6.56it/s]Deconvoluting Remaining Spots:  31%|███       | 293/956 [00:57<02:03,  5.37it/s]Deconvoluting Remaining Spots:  31%|███       | 294/956 [00:57<02:03,  5.38it/s]Deconvoluting Remaining Spots:  31%|███       | 295/956 [00:57<02:15,  4.89it/s]Deconvoluting Remaining Spots:  31%|███       | 297/956 [00:57<01:39,  6.61it/s]Deconvoluting Remaining Spots:  31%|███       | 298/956 [00:58<02:12,  4.98it/s]Deconvoluting Remaining Spots:  31%|███▏      | 300/956 [00:58<01:36,  6.79it/s]2026-02-18 16:26:29,774 - root - INFO - Saved checkpoint after 300 completed spots
Deconvoluting Remaining Spots:  31%|███▏      | 301/956 [01:00<05:23,  2.02it/s]Deconvoluting Remaining Spots:  33%|███▎      | 311/956 [01:00<01:30,  7.13it/s]Deconvoluting Remaining Spots:  33%|███▎      | 313/956 [01:00<01:35,  6.71it/s]Deconvoluting Remaining Spots:  33%|███▎      | 315/956 [01:01<01:36,  6.63it/s]Deconvoluting Remaining Spots:  33%|███▎      | 317/956 [01:01<01:34,  6.78it/s]Deconvoluting Remaining Spots:  33%|███▎      | 318/956 [01:01<01:36,  6.63it/s]Deconvoluting Remaining Spots:  33%|███▎      | 319/956 [01:01<01:46,  6.01it/s]Deconvoluting Remaining Spots:  33%|███▎      | 320/956 [01:01<01:42,  6.21it/s]Deconvoluting Remaining Spots:  34%|███▎      | 321/956 [01:02<01:47,  5.93it/s]Deconvoluting Remaining Spots:  34%|███▍      | 323/956 [01:02<01:45,  6.00it/s]Deconvoluting Remaining Spots:  34%|███▍      | 324/956 [01:02<01:36,  6.56it/s]Deconvoluting Remaining Spots:  34%|███▍      | 325/956 [01:02<01:56,  5.44it/s]Deconvoluting Remaining Spots:  34%|███▍      | 326/956 [01:02<01:45,  5.97it/s]Deconvoluting Remaining Spots:  34%|███▍      | 327/956 [01:03<01:45,  5.97it/s]Deconvoluting Remaining Spots:  34%|███▍      | 328/956 [01:03<01:50,  5.67it/s]Deconvoluting Remaining Spots:  34%|███▍      | 329/956 [01:03<01:43,  6.05it/s]Deconvoluting Remaining Spots:  35%|███▍      | 330/956 [01:03<02:15,  4.62it/s]Deconvoluting Remaining Spots:  35%|███▍      | 331/956 [01:03<02:02,  5.09it/s]Deconvoluting Remaining Spots:  35%|███▍      | 333/956 [01:04<01:27,  7.15it/s]Deconvoluting Remaining Spots:  35%|███▍      | 334/956 [01:04<01:34,  6.60it/s]Deconvoluting Remaining Spots:  35%|███▌      | 335/956 [01:04<01:42,  6.03it/s]Deconvoluting Remaining Spots:  35%|███▌      | 336/956 [01:04<01:58,  5.22it/s]Deconvoluting Remaining Spots:  35%|███▌      | 338/956 [01:04<01:37,  6.35it/s]Deconvoluting Remaining Spots:  35%|███▌      | 339/956 [01:05<01:33,  6.59it/s]Deconvoluting Remaining Spots:  36%|███▌      | 340/956 [01:05<01:43,  5.96it/s]Deconvoluting Remaining Spots:  36%|███▌      | 341/956 [01:05<01:59,  5.16it/s]Deconvoluting Remaining Spots:  36%|███▌      | 342/956 [01:06<02:52,  3.56it/s]Deconvoluting Remaining Spots:  36%|███▌      | 343/956 [01:06<02:38,  3.88it/s]Deconvoluting Remaining Spots:  36%|███▌      | 346/956 [01:06<02:02,  4.99it/s]Deconvoluting Remaining Spots:  36%|███▋      | 348/956 [01:07<01:54,  5.31it/s]Deconvoluting Remaining Spots:  37%|███▋      | 350/956 [01:07<01:33,  6.48it/s]Deconvoluting Remaining Spots:  37%|███▋      | 351/956 [01:07<01:33,  6.45it/s]Deconvoluting Remaining Spots:  37%|███▋      | 352/956 [01:07<01:37,  6.20it/s]Deconvoluting Remaining Spots:  37%|███▋      | 353/956 [01:07<02:07,  4.72it/s]Deconvoluting Remaining Spots:  37%|███▋      | 354/956 [01:08<02:09,  4.64it/s]Deconvoluting Remaining Spots:  37%|███▋      | 355/956 [01:08<02:08,  4.68it/s]Deconvoluting Remaining Spots:  37%|███▋      | 356/956 [01:08<02:13,  4.48it/s]Deconvoluting Remaining Spots:  38%|███▊      | 359/956 [01:08<01:26,  6.88it/s]Deconvoluting Remaining Spots:  38%|███▊      | 360/956 [01:09<01:27,  6.82it/s]Deconvoluting Remaining Spots:  38%|███▊      | 361/956 [01:09<01:34,  6.32it/s]Deconvoluting Remaining Spots:  38%|███▊      | 362/956 [01:09<01:51,  5.32it/s]Deconvoluting Remaining Spots:  38%|███▊      | 363/956 [01:09<01:47,  5.50it/s]Deconvoluting Remaining Spots:  38%|███▊      | 364/956 [01:09<01:58,  4.99it/s]Deconvoluting Remaining Spots:  38%|███▊      | 365/956 [01:10<01:44,  5.64it/s]Deconvoluting Remaining Spots:  38%|███▊      | 367/956 [01:10<01:34,  6.25it/s]Deconvoluting Remaining Spots:  38%|███▊      | 368/956 [01:10<01:56,  5.05it/s]Deconvoluting Remaining Spots:  39%|███▊      | 369/956 [01:10<01:56,  5.05it/s]Deconvoluting Remaining Spots:  39%|███▉      | 371/956 [01:11<01:56,  5.02it/s]Deconvoluting Remaining Spots:  39%|███▉      | 373/956 [01:11<01:40,  5.80it/s]Deconvoluting Remaining Spots:  39%|███▉      | 374/956 [01:11<01:44,  5.57it/s]Deconvoluting Remaining Spots:  39%|███▉      | 375/956 [01:11<01:41,  5.70it/s]Deconvoluting Remaining Spots:  39%|███▉      | 376/956 [01:12<02:04,  4.66it/s]Deconvoluting Remaining Spots:  40%|███▉      | 378/956 [01:12<01:37,  5.93it/s]Deconvoluting Remaining Spots:  40%|███▉      | 379/956 [01:12<01:38,  5.85it/s]Deconvoluting Remaining Spots:  40%|███▉      | 380/956 [01:12<02:03,  4.65it/s]Deconvoluting Remaining Spots:  40%|███▉      | 381/956 [01:13<01:51,  5.18it/s]Deconvoluting Remaining Spots:  40%|███▉      | 382/956 [01:13<01:58,  4.86it/s]Deconvoluting Remaining Spots:  40%|████      | 383/956 [01:13<02:09,  4.42it/s]Deconvoluting Remaining Spots:  40%|████      | 384/956 [01:13<02:04,  4.58it/s]Deconvoluting Remaining Spots:  40%|████      | 385/956 [01:13<01:50,  5.15it/s]Deconvoluting Remaining Spots:  40%|████      | 386/956 [01:14<01:53,  5.03it/s]Deconvoluting Remaining Spots:  41%|████      | 388/956 [01:14<01:14,  7.60it/s]Deconvoluting Remaining Spots:  41%|████      | 389/956 [01:14<01:15,  7.55it/s]Deconvoluting Remaining Spots:  41%|████      | 390/956 [01:14<01:24,  6.72it/s]Deconvoluting Remaining Spots:  41%|████      | 391/956 [01:14<01:26,  6.53it/s]Deconvoluting Remaining Spots:  41%|████      | 392/956 [01:15<01:51,  5.08it/s]Deconvoluting Remaining Spots:  41%|████      | 394/956 [01:15<01:30,  6.18it/s]Deconvoluting Remaining Spots:  41%|████▏     | 396/956 [01:15<01:34,  5.93it/s]Deconvoluting Remaining Spots:  42%|████▏     | 397/956 [01:15<01:34,  5.89it/s]Deconvoluting Remaining Spots:  42%|████▏     | 398/956 [01:16<01:51,  5.01it/s]Deconvoluting Remaining Spots:  42%|████▏     | 399/956 [01:16<01:44,  5.31it/s]Deconvoluting Remaining Spots:  42%|████▏     | 400/956 [01:16<01:47,  5.19it/s]2026-02-18 16:26:48,330 - root - INFO - Saved checkpoint after 400 completed spots
Deconvoluting Remaining Spots:  42%|████▏     | 401/956 [01:18<06:52,  1.35it/s]Deconvoluting Remaining Spots:  43%|████▎     | 413/956 [01:18<01:19,  6.79it/s]Deconvoluting Remaining Spots:  43%|████▎     | 415/956 [01:19<01:21,  6.65it/s]Deconvoluting Remaining Spots:  44%|████▎     | 417/956 [01:19<01:23,  6.44it/s]Deconvoluting Remaining Spots:  44%|████▍     | 419/956 [01:19<01:29,  5.97it/s]Deconvoluting Remaining Spots:  44%|████▍     | 420/956 [01:20<01:28,  6.09it/s]Deconvoluting Remaining Spots:  44%|████▍     | 421/956 [01:20<01:38,  5.42it/s]Deconvoluting Remaining Spots:  44%|████▍     | 423/956 [01:20<01:35,  5.56it/s]Deconvoluting Remaining Spots:  44%|████▍     | 424/956 [01:20<01:37,  5.46it/s]Deconvoluting Remaining Spots:  44%|████▍     | 425/956 [01:21<01:36,  5.52it/s]Deconvoluting Remaining Spots:  45%|████▍     | 426/956 [01:21<01:42,  5.17it/s]Deconvoluting Remaining Spots:  45%|████▍     | 428/956 [01:21<01:31,  5.75it/s]Deconvoluting Remaining Spots:  45%|████▍     | 430/956 [01:21<01:21,  6.46it/s]Deconvoluting Remaining Spots:  45%|████▌     | 431/956 [01:22<01:31,  5.73it/s]Deconvoluting Remaining Spots:  45%|████▌     | 432/956 [01:22<01:27,  5.97it/s]Deconvoluting Remaining Spots:  45%|████▌     | 433/956 [01:22<01:29,  5.87it/s]Deconvoluting Remaining Spots:  45%|████▌     | 434/956 [01:22<01:31,  5.73it/s]Deconvoluting Remaining Spots:  46%|████▌     | 435/956 [01:22<01:30,  5.74it/s]Deconvoluting Remaining Spots:  46%|████▌     | 436/956 [01:23<01:29,  5.79it/s]Deconvoluting Remaining Spots:  46%|████▌     | 437/956 [01:23<02:03,  4.22it/s]Deconvoluting Remaining Spots:  46%|████▌     | 439/956 [01:23<01:39,  5.22it/s]Deconvoluting Remaining Spots:  46%|████▌     | 441/956 [01:23<01:17,  6.66it/s]Deconvoluting Remaining Spots:  46%|████▌     | 442/956 [01:23<01:14,  6.90it/s]Deconvoluting Remaining Spots:  46%|████▋     | 443/956 [01:24<01:32,  5.56it/s]Deconvoluting Remaining Spots:  47%|████▋     | 445/956 [01:24<01:18,  6.50it/s]Deconvoluting Remaining Spots:  47%|████▋     | 446/956 [01:24<01:13,  6.89it/s]Deconvoluting Remaining Spots:  47%|████▋     | 447/956 [01:24<01:22,  6.20it/s]Deconvoluting Remaining Spots:  47%|████▋     | 448/956 [01:24<01:22,  6.19it/s]Deconvoluting Remaining Spots:  47%|████▋     | 449/956 [01:25<01:20,  6.27it/s]Deconvoluting Remaining Spots:  47%|████▋     | 450/956 [01:25<01:29,  5.65it/s]Deconvoluting Remaining Spots:  47%|████▋     | 451/956 [01:25<01:25,  5.94it/s]Deconvoluting Remaining Spots:  47%|████▋     | 452/956 [01:25<01:41,  4.97it/s]Deconvoluting Remaining Spots:  47%|████▋     | 453/956 [01:25<01:36,  5.21it/s]Deconvoluting Remaining Spots:  47%|████▋     | 454/956 [01:26<01:53,  4.42it/s]Deconvoluting Remaining Spots:  48%|████▊     | 455/956 [01:26<01:49,  4.57it/s]Deconvoluting Remaining Spots:  48%|████▊     | 456/956 [01:26<01:33,  5.32it/s]Deconvoluting Remaining Spots:  48%|████▊     | 457/956 [01:26<01:37,  5.14it/s]Deconvoluting Remaining Spots:  48%|████▊     | 459/956 [01:26<01:14,  6.63it/s]Deconvoluting Remaining Spots:  48%|████▊     | 460/956 [01:27<01:17,  6.39it/s]Deconvoluting Remaining Spots:  48%|████▊     | 461/956 [01:27<01:12,  6.82it/s]Deconvoluting Remaining Spots:  48%|████▊     | 462/956 [01:27<01:39,  4.96it/s]Deconvoluting Remaining Spots:  49%|████▊     | 464/956 [01:27<01:16,  6.40it/s]Deconvoluting Remaining Spots:  49%|████▊     | 465/956 [01:28<01:27,  5.59it/s]Deconvoluting Remaining Spots:  49%|████▊     | 466/956 [01:28<01:21,  6.04it/s]Deconvoluting Remaining Spots:  49%|████▉     | 467/956 [01:28<01:41,  4.82it/s]Deconvoluting Remaining Spots:  49%|████▉     | 469/956 [01:28<01:18,  6.18it/s]Deconvoluting Remaining Spots:  49%|████▉     | 470/956 [01:28<01:21,  5.96it/s]Deconvoluting Remaining Spots:  49%|████▉     | 471/956 [01:29<01:30,  5.37it/s]Deconvoluting Remaining Spots:  49%|████▉     | 472/956 [01:29<01:30,  5.33it/s]Deconvoluting Remaining Spots:  49%|████▉     | 473/956 [01:29<01:23,  5.76it/s]Deconvoluting Remaining Spots:  50%|████▉     | 474/956 [01:29<01:27,  5.53it/s]Deconvoluting Remaining Spots:  50%|████▉     | 475/956 [01:29<01:18,  6.14it/s]Deconvoluting Remaining Spots:  50%|████▉     | 476/956 [01:29<01:17,  6.21it/s]Deconvoluting Remaining Spots:  50%|████▉     | 477/956 [01:30<01:18,  6.10it/s]Deconvoluting Remaining Spots:  50%|█████     | 478/956 [01:30<01:20,  5.91it/s]Deconvoluting Remaining Spots:  50%|█████     | 479/956 [01:30<01:25,  5.61it/s]Deconvoluting Remaining Spots:  50%|█████     | 480/956 [01:30<01:27,  5.45it/s]Deconvoluting Remaining Spots:  50%|█████     | 481/956 [01:30<01:23,  5.67it/s]Deconvoluting Remaining Spots:  50%|█████     | 482/956 [01:31<01:24,  5.59it/s]Deconvoluting Remaining Spots:  51%|█████     | 483/956 [01:31<01:18,  6.04it/s]Deconvoluting Remaining Spots:  51%|█████     | 484/956 [01:31<01:35,  4.95it/s]Deconvoluting Remaining Spots:  51%|█████     | 485/956 [01:31<01:34,  4.99it/s]Deconvoluting Remaining Spots:  51%|█████     | 487/956 [01:31<01:18,  5.95it/s]Deconvoluting Remaining Spots:  51%|█████     | 488/956 [01:32<01:28,  5.31it/s]Deconvoluting Remaining Spots:  51%|█████     | 489/956 [01:32<01:18,  5.97it/s]Deconvoluting Remaining Spots:  51%|█████▏    | 490/956 [01:32<01:17,  6.03it/s]Deconvoluting Remaining Spots:  51%|█████▏    | 491/956 [01:32<01:20,  5.77it/s]Deconvoluting Remaining Spots:  51%|█████▏    | 492/956 [01:32<01:24,  5.52it/s]Deconvoluting Remaining Spots:  52%|█████▏    | 493/956 [01:33<01:21,  5.70it/s]Deconvoluting Remaining Spots:  52%|█████▏    | 494/956 [01:33<01:21,  5.67it/s]Deconvoluting Remaining Spots:  52%|█████▏    | 495/956 [01:33<01:21,  5.65it/s]Deconvoluting Remaining Spots:  52%|█████▏    | 496/956 [01:33<01:20,  5.71it/s]Deconvoluting Remaining Spots:  52%|█████▏    | 497/956 [01:33<01:17,  5.90it/s]Deconvoluting Remaining Spots:  52%|█████▏    | 498/956 [01:34<01:44,  4.39it/s]Deconvoluting Remaining Spots:  52%|█████▏    | 500/956 [01:34<01:12,  6.33it/s]2026-02-18 16:27:06,661 - root - INFO - Saved checkpoint after 500 completed spots
Deconvoluting Remaining Spots:  52%|█████▏    | 501/956 [01:36<06:03,  1.25it/s]Deconvoluting Remaining Spots:  54%|█████▍    | 517/956 [01:37<00:55,  7.90it/s]Deconvoluting Remaining Spots:  55%|█████▍    | 522/956 [01:38<01:03,  6.81it/s]Deconvoluting Remaining Spots:  55%|█████▌    | 526/956 [01:38<01:06,  6.47it/s]Deconvoluting Remaining Spots:  55%|█████▌    | 529/956 [01:39<01:06,  6.39it/s]Deconvoluting Remaining Spots:  56%|█████▌    | 531/956 [01:39<01:05,  6.44it/s]Deconvoluting Remaining Spots:  56%|█████▌    | 533/956 [01:40<01:10,  6.02it/s]Deconvoluting Remaining Spots:  56%|█████▌    | 535/956 [01:40<01:07,  6.23it/s]Deconvoluting Remaining Spots:  56%|█████▌    | 537/956 [01:40<01:04,  6.50it/s]Deconvoluting Remaining Spots:  56%|█████▋    | 538/956 [01:40<01:07,  6.18it/s]Deconvoluting Remaining Spots:  56%|█████▋    | 539/956 [01:41<01:12,  5.77it/s]Deconvoluting Remaining Spots:  57%|█████▋    | 541/956 [01:41<01:08,  6.10it/s]Deconvoluting Remaining Spots:  57%|█████▋    | 542/956 [01:41<01:07,  6.16it/s]Deconvoluting Remaining Spots:  57%|█████▋    | 543/956 [01:41<01:08,  6.01it/s]Deconvoluting Remaining Spots:  57%|█████▋    | 544/956 [01:41<01:15,  5.48it/s]Deconvoluting Remaining Spots:  57%|█████▋    | 545/956 [01:42<01:30,  4.56it/s]Deconvoluting Remaining Spots:  57%|█████▋    | 547/956 [01:42<01:08,  5.96it/s]Deconvoluting Remaining Spots:  57%|█████▋    | 548/956 [01:42<01:27,  4.65it/s]Deconvoluting Remaining Spots:  58%|█████▊    | 550/956 [01:43<01:11,  5.64it/s]Deconvoluting Remaining Spots:  58%|█████▊    | 551/956 [01:43<01:26,  4.69it/s]Deconvoluting Remaining Spots:  58%|█████▊    | 552/956 [01:43<01:42,  3.95it/s]Deconvoluting Remaining Spots:  58%|█████▊    | 553/956 [01:43<01:33,  4.32it/s]Deconvoluting Remaining Spots:  58%|█████▊    | 556/956 [01:44<01:09,  5.76it/s]Deconvoluting Remaining Spots:  58%|█████▊    | 557/956 [01:44<01:04,  6.18it/s]Deconvoluting Remaining Spots:  58%|█████▊    | 558/956 [01:44<01:00,  6.54it/s]Deconvoluting Remaining Spots:  58%|█████▊    | 559/956 [01:44<01:11,  5.55it/s]Deconvoluting Remaining Spots:  59%|█████▊    | 560/956 [01:44<01:16,  5.15it/s]Deconvoluting Remaining Spots:  59%|█████▊    | 561/956 [01:45<01:06,  5.91it/s]Deconvoluting Remaining Spots:  59%|█████▉    | 562/956 [01:45<01:01,  6.41it/s]Deconvoluting Remaining Spots:  59%|█████▉    | 563/956 [01:45<01:24,  4.64it/s]Deconvoluting Remaining Spots:  59%|█████▉    | 565/956 [01:45<00:59,  6.55it/s]Deconvoluting Remaining Spots:  59%|█████▉    | 566/956 [01:45<01:05,  5.99it/s]Deconvoluting Remaining Spots:  59%|█████▉    | 567/956 [01:46<01:23,  4.65it/s]Deconvoluting Remaining Spots:  60%|█████▉    | 569/956 [01:46<01:03,  6.12it/s]Deconvoluting Remaining Spots:  60%|█████▉    | 570/956 [01:46<01:02,  6.16it/s]Deconvoluting Remaining Spots:  60%|█████▉    | 571/956 [01:46<01:13,  5.23it/s]Deconvoluting Remaining Spots:  60%|█████▉    | 572/956 [01:47<01:08,  5.59it/s]Deconvoluting Remaining Spots:  60%|█████▉    | 573/956 [01:47<01:13,  5.21it/s]Deconvoluting Remaining Spots:  60%|██████    | 574/956 [01:47<01:07,  5.67it/s]Deconvoluting Remaining Spots:  60%|██████    | 576/956 [01:47<01:09,  5.47it/s]Deconvoluting Remaining Spots:  60%|██████    | 577/956 [01:47<01:06,  5.72it/s]Deconvoluting Remaining Spots:  60%|██████    | 578/956 [01:48<01:01,  6.19it/s]Deconvoluting Remaining Spots:  61%|██████    | 579/956 [01:48<01:04,  5.82it/s]Deconvoluting Remaining Spots:  61%|██████    | 581/956 [01:48<01:01,  6.10it/s]Deconvoluting Remaining Spots:  61%|██████    | 582/956 [01:48<01:04,  5.84it/s]Deconvoluting Remaining Spots:  61%|██████    | 583/956 [01:48<01:01,  6.03it/s]Deconvoluting Remaining Spots:  61%|██████    | 584/956 [01:49<01:00,  6.11it/s]Deconvoluting Remaining Spots:  61%|██████    | 585/956 [01:49<00:56,  6.55it/s]Deconvoluting Remaining Spots:  61%|██████▏   | 586/956 [01:49<00:58,  6.34it/s]Deconvoluting Remaining Spots:  61%|██████▏   | 587/956 [01:49<01:00,  6.15it/s]Deconvoluting Remaining Spots:  62%|██████▏   | 588/956 [01:49<01:16,  4.80it/s]Deconvoluting Remaining Spots:  62%|██████▏   | 590/956 [01:50<01:06,  5.48it/s]Deconvoluting Remaining Spots:  62%|██████▏   | 591/956 [01:50<01:03,  5.73it/s]Deconvoluting Remaining Spots:  62%|██████▏   | 592/956 [01:50<00:57,  6.29it/s]Deconvoluting Remaining Spots:  62%|██████▏   | 593/956 [01:50<00:58,  6.22it/s]Deconvoluting Remaining Spots:  62%|██████▏   | 594/956 [01:50<01:01,  5.86it/s]Deconvoluting Remaining Spots:  62%|██████▏   | 595/956 [01:51<01:10,  5.14it/s]Deconvoluting Remaining Spots:  62%|██████▏   | 597/956 [01:51<01:03,  5.64it/s]Deconvoluting Remaining Spots:  63%|██████▎   | 598/956 [01:51<01:03,  5.66it/s]Deconvoluting Remaining Spots:  63%|██████▎   | 599/956 [01:51<01:00,  5.88it/s]Deconvoluting Remaining Spots:  63%|██████▎   | 600/956 [01:51<01:05,  5.47it/s]2026-02-18 16:27:25,021 - root - INFO - Saved checkpoint after 600 completed spots
Deconvoluting Remaining Spots:  63%|██████▎   | 601/956 [01:55<06:23,  1.08s/it]Deconvoluting Remaining Spots:  65%|██████▍   | 620/956 [01:55<00:44,  7.48it/s]Deconvoluting Remaining Spots:  65%|██████▌   | 624/956 [01:56<00:49,  6.72it/s]Deconvoluting Remaining Spots:  66%|██████▌   | 627/956 [01:57<00:54,  6.07it/s]Deconvoluting Remaining Spots:  66%|██████▌   | 630/956 [01:57<00:50,  6.41it/s]Deconvoluting Remaining Spots:  66%|██████▌   | 632/956 [01:57<00:57,  5.61it/s]Deconvoluting Remaining Spots:  66%|██████▋   | 634/956 [01:58<00:52,  6.09it/s]Deconvoluting Remaining Spots:  67%|██████▋   | 636/956 [01:58<00:55,  5.72it/s]Deconvoluting Remaining Spots:  67%|██████▋   | 637/956 [01:58<00:53,  6.01it/s]Deconvoluting Remaining Spots:  67%|██████▋   | 638/956 [01:58<00:49,  6.40it/s]Deconvoluting Remaining Spots:  67%|██████▋   | 639/956 [01:58<00:49,  6.35it/s]Deconvoluting Remaining Spots:  67%|██████▋   | 640/956 [01:59<00:54,  5.75it/s]Deconvoluting Remaining Spots:  67%|██████▋   | 641/956 [01:59<00:53,  5.86it/s]Deconvoluting Remaining Spots:  67%|██████▋   | 642/956 [01:59<00:49,  6.35it/s]Deconvoluting Remaining Spots:  67%|██████▋   | 643/956 [01:59<00:48,  6.50it/s]Deconvoluting Remaining Spots:  67%|██████▋   | 644/956 [01:59<00:55,  5.57it/s]Deconvoluting Remaining Spots:  67%|██████▋   | 645/956 [02:00<01:01,  5.03it/s]Deconvoluting Remaining Spots:  68%|██████▊   | 646/956 [02:00<00:55,  5.55it/s]Deconvoluting Remaining Spots:  68%|██████▊   | 648/956 [02:00<00:52,  5.88it/s]Deconvoluting Remaining Spots:  68%|██████▊   | 649/956 [02:00<00:54,  5.67it/s]Deconvoluting Remaining Spots:  68%|██████▊   | 650/956 [02:00<00:52,  5.81it/s]Deconvoluting Remaining Spots:  68%|██████▊   | 651/956 [02:01<00:54,  5.62it/s]Deconvoluting Remaining Spots:  68%|██████▊   | 652/956 [02:01<00:55,  5.48it/s]Deconvoluting Remaining Spots:  68%|██████▊   | 653/956 [02:01<01:03,  4.77it/s]Deconvoluting Remaining Spots:  69%|██████▊   | 655/956 [02:01<00:58,  5.18it/s]Deconvoluting Remaining Spots:  69%|██████▊   | 657/956 [02:02<00:44,  6.64it/s]Deconvoluting Remaining Spots:  69%|██████▉   | 658/956 [02:02<00:48,  6.17it/s]Deconvoluting Remaining Spots:  69%|██████▉   | 659/956 [02:02<00:44,  6.70it/s]Deconvoluting Remaining Spots:  69%|██████▉   | 660/956 [02:02<00:56,  5.20it/s]Deconvoluting Remaining Spots:  69%|██████▉   | 661/956 [02:02<00:50,  5.83it/s]Deconvoluting Remaining Spots:  69%|██████▉   | 663/956 [02:03<00:41,  7.09it/s]Deconvoluting Remaining Spots:  69%|██████▉   | 664/956 [02:03<00:44,  6.59it/s]Deconvoluting Remaining Spots:  70%|██████▉   | 665/956 [02:03<00:48,  5.98it/s]Deconvoluting Remaining Spots:  70%|██████▉   | 666/956 [02:03<00:54,  5.32it/s]Deconvoluting Remaining Spots:  70%|██████▉   | 667/956 [02:03<00:49,  5.85it/s]Deconvoluting Remaining Spots:  70%|██████▉   | 668/956 [02:03<00:47,  6.06it/s]Deconvoluting Remaining Spots:  70%|██████▉   | 669/956 [02:04<00:51,  5.54it/s]Deconvoluting Remaining Spots:  70%|███████   | 670/956 [02:04<00:45,  6.23it/s]Deconvoluting Remaining Spots:  70%|███████   | 671/956 [02:04<00:44,  6.43it/s]Deconvoluting Remaining Spots:  70%|███████   | 672/956 [02:04<00:47,  5.98it/s]Deconvoluting Remaining Spots:  70%|███████   | 673/956 [02:04<00:46,  6.09it/s]Deconvoluting Remaining Spots:  71%|███████   | 674/956 [02:04<00:46,  6.11it/s]Deconvoluting Remaining Spots:  71%|███████   | 675/956 [02:05<00:58,  4.84it/s]Deconvoluting Remaining Spots:  71%|███████   | 677/956 [02:05<00:49,  5.62it/s]Deconvoluting Remaining Spots:  71%|███████   | 678/956 [02:05<00:50,  5.56it/s]Deconvoluting Remaining Spots:  71%|███████   | 679/956 [02:06<01:02,  4.42it/s]Deconvoluting Remaining Spots:  71%|███████   | 681/956 [02:06<00:44,  6.20it/s]Deconvoluting Remaining Spots:  71%|███████▏  | 682/956 [02:06<00:44,  6.14it/s]Deconvoluting Remaining Spots:  71%|███████▏  | 683/956 [02:06<00:44,  6.07it/s]Deconvoluting Remaining Spots:  72%|███████▏  | 684/956 [02:06<00:41,  6.62it/s]Deconvoluting Remaining Spots:  72%|███████▏  | 685/956 [02:06<00:47,  5.65it/s]Deconvoluting Remaining Spots:  72%|███████▏  | 686/956 [02:07<00:43,  6.17it/s]Deconvoluting Remaining Spots:  72%|███████▏  | 687/956 [02:07<00:54,  4.90it/s]Deconvoluting Remaining Spots:  72%|███████▏  | 688/956 [02:07<01:00,  4.41it/s]Deconvoluting Remaining Spots:  72%|███████▏  | 690/956 [02:07<00:46,  5.66it/s]Deconvoluting Remaining Spots:  72%|███████▏  | 691/956 [02:08<00:46,  5.64it/s]Deconvoluting Remaining Spots:  72%|███████▏  | 692/956 [02:08<00:46,  5.73it/s]Deconvoluting Remaining Spots:  72%|███████▏  | 693/956 [02:08<00:44,  5.89it/s]Deconvoluting Remaining Spots:  73%|███████▎  | 694/956 [02:08<00:44,  5.89it/s]Deconvoluting Remaining Spots:  73%|███████▎  | 695/956 [02:08<00:44,  5.83it/s]Deconvoluting Remaining Spots:  73%|███████▎  | 696/956 [02:08<00:45,  5.77it/s]Deconvoluting Remaining Spots:  73%|███████▎  | 697/956 [02:09<00:45,  5.73it/s]Deconvoluting Remaining Spots:  73%|███████▎  | 698/956 [02:09<00:44,  5.81it/s]Deconvoluting Remaining Spots:  73%|███████▎  | 699/956 [02:09<00:43,  5.91it/s]Deconvoluting Remaining Spots:  73%|███████▎  | 700/956 [02:09<00:44,  5.81it/s]2026-02-18 16:27:43,680 - root - INFO - Saved checkpoint after 700 completed spots
Deconvoluting Remaining Spots:  73%|███████▎  | 701/956 [02:13<06:03,  1.42s/it]Deconvoluting Remaining Spots:  76%|███████▌  | 726/956 [02:14<00:31,  7.38it/s]Deconvoluting Remaining Spots:  76%|███████▋  | 729/956 [02:14<00:31,  7.20it/s]Deconvoluting Remaining Spots:  76%|███████▋  | 731/956 [02:15<00:32,  6.99it/s]Deconvoluting Remaining Spots:  77%|███████▋  | 733/956 [02:15<00:30,  7.21it/s]Deconvoluting Remaining Spots:  77%|███████▋  | 735/956 [02:15<00:32,  6.86it/s]Deconvoluting Remaining Spots:  77%|███████▋  | 737/956 [02:16<00:35,  6.17it/s]Deconvoluting Remaining Spots:  77%|███████▋  | 738/956 [02:16<00:37,  5.80it/s]Deconvoluting Remaining Spots:  77%|███████▋  | 739/956 [02:16<00:36,  5.94it/s]Deconvoluting Remaining Spots:  77%|███████▋  | 740/956 [02:16<00:39,  5.46it/s]Deconvoluting Remaining Spots:  78%|███████▊  | 741/956 [02:17<00:40,  5.31it/s]Deconvoluting Remaining Spots:  78%|███████▊  | 742/956 [02:17<00:44,  4.80it/s]Deconvoluting Remaining Spots:  78%|███████▊  | 744/956 [02:17<00:36,  5.86it/s]Deconvoluting Remaining Spots:  78%|███████▊  | 745/956 [02:17<00:35,  5.95it/s]Deconvoluting Remaining Spots:  78%|███████▊  | 746/956 [02:18<00:41,  5.09it/s]Deconvoluting Remaining Spots:  78%|███████▊  | 747/956 [02:18<00:38,  5.47it/s]Deconvoluting Remaining Spots:  78%|███████▊  | 748/956 [02:18<00:38,  5.46it/s]Deconvoluting Remaining Spots:  78%|███████▊  | 750/956 [02:18<00:32,  6.43it/s]Deconvoluting Remaining Spots:  79%|███████▊  | 751/956 [02:18<00:39,  5.13it/s]Deconvoluting Remaining Spots:  79%|███████▊  | 752/956 [02:19<00:38,  5.36it/s]Deconvoluting Remaining Spots:  79%|███████▉  | 753/956 [02:19<00:34,  5.85it/s]Deconvoluting Remaining Spots:  79%|███████▉  | 754/956 [02:19<00:41,  4.83it/s]Deconvoluting Remaining Spots:  79%|███████▉  | 755/956 [02:19<00:40,  5.01it/s]Deconvoluting Remaining Spots:  79%|███████▉  | 757/956 [02:19<00:29,  6.86it/s]Deconvoluting Remaining Spots:  79%|███████▉  | 758/956 [02:20<00:33,  5.97it/s]Deconvoluting Remaining Spots:  79%|███████▉  | 759/956 [02:20<00:39,  5.00it/s]Deconvoluting Remaining Spots:  79%|███████▉  | 760/956 [02:20<00:35,  5.50it/s]Deconvoluting Remaining Spots:  80%|███████▉  | 761/956 [02:20<00:34,  5.68it/s]Deconvoluting Remaining Spots:  80%|███████▉  | 762/956 [02:20<00:35,  5.47it/s]Deconvoluting Remaining Spots:  80%|███████▉  | 763/956 [02:20<00:30,  6.26it/s]Deconvoluting Remaining Spots:  80%|███████▉  | 764/956 [02:21<00:32,  5.99it/s]Deconvoluting Remaining Spots:  80%|████████  | 765/956 [02:21<00:31,  6.06it/s]Deconvoluting Remaining Spots:  80%|████████  | 766/956 [02:21<00:41,  4.55it/s]Deconvoluting Remaining Spots:  80%|████████  | 768/956 [02:22<00:43,  4.30it/s]Deconvoluting Remaining Spots:  81%|████████  | 770/956 [02:22<00:32,  5.70it/s]Deconvoluting Remaining Spots:  81%|████████  | 772/956 [02:22<00:28,  6.35it/s]Deconvoluting Remaining Spots:  81%|████████  | 773/956 [02:22<00:27,  6.71it/s]Deconvoluting Remaining Spots:  81%|████████  | 774/956 [02:23<00:33,  5.37it/s]Deconvoluting Remaining Spots:  81%|████████  | 775/956 [02:23<00:33,  5.37it/s]Deconvoluting Remaining Spots:  81%|████████▏ | 777/956 [02:23<00:32,  5.56it/s]Deconvoluting Remaining Spots:  81%|████████▏ | 778/956 [02:23<00:29,  5.97it/s]Deconvoluting Remaining Spots:  81%|████████▏ | 779/956 [02:23<00:31,  5.63it/s]Deconvoluting Remaining Spots:  82%|████████▏ | 780/956 [02:24<00:30,  5.74it/s]Deconvoluting Remaining Spots:  82%|████████▏ | 781/956 [02:24<00:29,  5.86it/s]Deconvoluting Remaining Spots:  82%|████████▏ | 782/956 [02:24<00:34,  5.07it/s]Deconvoluting Remaining Spots:  82%|████████▏ | 784/956 [02:24<00:25,  6.69it/s]Deconvoluting Remaining Spots:  82%|████████▏ | 785/956 [02:24<00:26,  6.38it/s]Deconvoluting Remaining Spots:  82%|████████▏ | 786/956 [02:25<00:27,  6.27it/s]Deconvoluting Remaining Spots:  82%|████████▏ | 787/956 [02:25<00:27,  6.06it/s]Deconvoluting Remaining Spots:  82%|████████▏ | 788/956 [02:25<00:28,  5.92it/s]Deconvoluting Remaining Spots:  83%|████████▎ | 789/956 [02:25<00:35,  4.76it/s]Deconvoluting Remaining Spots:  83%|████████▎ | 791/956 [02:26<00:31,  5.19it/s]Deconvoluting Remaining Spots:  83%|████████▎ | 792/956 [02:26<00:28,  5.81it/s]Deconvoluting Remaining Spots:  83%|████████▎ | 794/956 [02:26<00:25,  6.42it/s]Deconvoluting Remaining Spots:  83%|████████▎ | 795/956 [02:26<00:26,  6.12it/s]Deconvoluting Remaining Spots:  83%|████████▎ | 796/956 [02:26<00:28,  5.67it/s]Deconvoluting Remaining Spots:  83%|████████▎ | 797/956 [02:26<00:26,  6.05it/s]Deconvoluting Remaining Spots:  83%|████████▎ | 798/956 [02:27<00:26,  5.92it/s]Deconvoluting Remaining Spots:  84%|████████▎ | 799/956 [02:27<00:28,  5.52it/s]Deconvoluting Remaining Spots:  84%|████████▎ | 800/956 [02:27<00:26,  5.81it/s]2026-02-18 16:28:02,125 - root - INFO - Saved checkpoint after 800 completed spots
Deconvoluting Remaining Spots:  84%|████████▍ | 801/956 [02:32<04:01,  1.56s/it]Deconvoluting Remaining Spots:  87%|████████▋ | 827/956 [02:32<00:17,  7.31it/s]Deconvoluting Remaining Spots:  87%|████████▋ | 835/956 [02:33<00:17,  7.05it/s]Deconvoluting Remaining Spots:  88%|████████▊ | 841/956 [02:35<00:18,  6.36it/s]Deconvoluting Remaining Spots:  88%|████████▊ | 845/956 [02:35<00:18,  6.12it/s]Deconvoluting Remaining Spots:  89%|████████▊ | 848/956 [02:36<00:17,  6.10it/s]Deconvoluting Remaining Spots:  89%|████████▉ | 851/956 [02:36<00:16,  6.19it/s]Deconvoluting Remaining Spots:  89%|████████▉ | 853/956 [02:37<00:17,  6.03it/s]Deconvoluting Remaining Spots:  89%|████████▉ | 855/956 [02:37<00:16,  6.30it/s]Deconvoluting Remaining Spots:  90%|████████▉ | 857/956 [02:37<00:16,  6.01it/s]Deconvoluting Remaining Spots:  90%|████████▉ | 858/956 [02:38<00:19,  5.13it/s]Deconvoluting Remaining Spots:  90%|████████▉ | 860/956 [02:38<00:15,  6.26it/s]Deconvoluting Remaining Spots:  90%|█████████ | 862/956 [02:38<00:16,  5.76it/s]Deconvoluting Remaining Spots:  90%|█████████ | 863/956 [02:38<00:15,  6.01it/s]Deconvoluting Remaining Spots:  90%|█████████ | 864/956 [02:39<00:16,  5.53it/s]Deconvoluting Remaining Spots:  90%|█████████ | 865/956 [02:39<00:16,  5.53it/s]Deconvoluting Remaining Spots:  91%|█████████ | 866/956 [02:39<00:17,  5.23it/s]Deconvoluting Remaining Spots:  91%|█████████ | 868/956 [02:39<00:16,  5.38it/s]Deconvoluting Remaining Spots:  91%|█████████ | 870/956 [02:40<00:15,  5.70it/s]Deconvoluting Remaining Spots:  91%|█████████ | 871/956 [02:40<00:15,  5.33it/s]Deconvoluting Remaining Spots:  91%|█████████▏| 873/956 [02:40<00:14,  5.93it/s]Deconvoluting Remaining Spots:  91%|█████████▏| 874/956 [02:40<00:13,  6.09it/s]Deconvoluting Remaining Spots:  92%|█████████▏| 875/956 [02:41<00:14,  5.44it/s]Deconvoluting Remaining Spots:  92%|█████████▏| 876/956 [02:41<00:16,  4.82it/s]Deconvoluting Remaining Spots:  92%|█████████▏| 877/956 [02:41<00:15,  5.16it/s]Deconvoluting Remaining Spots:  92%|█████████▏| 878/956 [02:41<00:13,  5.83it/s]Deconvoluting Remaining Spots:  92%|█████████▏| 879/956 [02:41<00:13,  5.76it/s]Deconvoluting Remaining Spots:  92%|█████████▏| 880/956 [02:41<00:13,  5.80it/s]Deconvoluting Remaining Spots:  92%|█████████▏| 881/956 [02:42<00:12,  5.84it/s]Deconvoluting Remaining Spots:  92%|█████████▏| 882/956 [02:42<00:15,  4.93it/s]Deconvoluting Remaining Spots:  92%|█████████▏| 883/956 [02:42<00:12,  5.78it/s]Deconvoluting Remaining Spots:  92%|█████████▏| 884/956 [02:42<00:12,  5.82it/s]Deconvoluting Remaining Spots:  93%|█████████▎| 885/956 [02:42<00:12,  5.87it/s]Deconvoluting Remaining Spots:  93%|█████████▎| 886/956 [02:42<00:10,  6.48it/s]Deconvoluting Remaining Spots:  93%|█████████▎| 887/956 [02:43<00:14,  4.89it/s]Deconvoluting Remaining Spots:  93%|█████████▎| 889/956 [02:43<00:11,  5.97it/s]Deconvoluting Remaining Spots:  93%|█████████▎| 891/956 [02:43<00:10,  6.39it/s]Deconvoluting Remaining Spots:  93%|█████████▎| 892/956 [02:43<00:09,  6.82it/s]Deconvoluting Remaining Spots:  93%|█████████▎| 893/956 [02:44<00:09,  6.42it/s]Deconvoluting Remaining Spots:  94%|█████████▎| 894/956 [02:44<00:09,  6.61it/s]Deconvoluting Remaining Spots:  94%|█████████▎| 895/956 [02:44<00:11,  5.44it/s]Deconvoluting Remaining Spots:  94%|█████████▎| 896/956 [02:44<00:09,  6.19it/s]Deconvoluting Remaining Spots:  94%|█████████▍| 897/956 [02:44<00:11,  5.30it/s]Deconvoluting Remaining Spots:  94%|█████████▍| 898/956 [02:45<00:11,  4.91it/s]Deconvoluting Remaining Spots:  94%|█████████▍| 900/956 [02:45<00:09,  5.95it/s]2026-02-18 16:28:19,997 - root - INFO - Saved checkpoint after 900 completed spots
Deconvoluting Remaining Spots:  94%|█████████▍| 901/956 [02:50<01:13,  1.33s/it]Deconvoluting Remaining Spots:  97%|█████████▋| 930/956 [02:50<00:03,  7.82it/s]Deconvoluting Remaining Spots:  98%|█████████▊| 934/956 [02:51<00:03,  7.24it/s]Deconvoluting Remaining Spots:  98%|█████████▊| 937/956 [02:51<00:02,  7.06it/s]Deconvoluting Remaining Spots:  98%|█████████▊| 940/956 [02:52<00:02,  6.50it/s]Deconvoluting Remaining Spots:  99%|█████████▊| 942/956 [02:52<00:02,  6.75it/s]Deconvoluting Remaining Spots:  99%|█████████▊| 944/956 [02:53<00:01,  6.56it/s]Deconvoluting Remaining Spots:  99%|█████████▉| 946/956 [02:53<00:01,  6.14it/s]Deconvoluting Remaining Spots:  99%|█████████▉| 947/956 [02:53<00:01,  6.39it/s]Deconvoluting Remaining Spots:  99%|█████████▉| 948/956 [02:53<00:01,  6.29it/s]Deconvoluting Remaining Spots:  99%|█████████▉| 949/956 [02:53<00:01,  6.18it/s]Deconvoluting Remaining Spots:  99%|█████████▉| 950/956 [02:54<00:01,  5.38it/s]Deconvoluting Remaining Spots:  99%|█████████▉| 951/956 [02:54<00:00,  5.93it/s]Deconvoluting Remaining Spots: 100%|█████████▉| 952/956 [02:54<00:00,  6.42it/s]Deconvoluting Remaining Spots: 100%|█████████▉| 953/956 [02:54<00:00,  5.60it/s]Deconvoluting Remaining Spots: 100%|█████████▉| 955/956 [02:54<00:00,  6.43it/s]Deconvoluting Remaining Spots: 100%|██████████| 956/956 [02:55<00:00,  6.48it/s]Deconvoluting Remaining Spots: 100%|██████████| 956/956 [02:55<00:00,  5.46it/s]
2026-02-18 16:28:29,572 - root - INFO - Saved final results with 956 completed spots
2026-02-18 16:28:33,903 - root - INFO - Saved profiles to Benchmarking/simulation_benchmarking/CITEgeist/output_discrete_relaxed/mixed/dapi/mixed/dapi/Wu_rep_4/Wu_rep_4_gene_expression_pass1.parquet with cell types: ['B-cells', 'CAFs', 'Cancer Epithelial', 'Endothelial', 'Myeloid', 'Normal Epithelial', 'PVL', 'Plasmablasts', 'T-cells']
2026-02-18 16:28:35,409 - root - INFO - Successfully added layer: Cancer_Epithelial_genes_pass1
2026-02-18 16:28:35,568 - root - INFO - Successfully added layer: Plasmablasts_genes_pass1
2026-02-18 16:28:35,724 - root - INFO - Successfully added layer: Endothelial_genes_pass1
2026-02-18 16:28:35,882 - root - INFO - Successfully added layer: T-cells_genes_pass1
2026-02-18 16:28:36,039 - root - INFO - Successfully added layer: PVL_genes_pass1
2026-02-18 16:28:36,197 - root - INFO - Successfully added layer: Normal_Epithelial_genes_pass1
2026-02-18 16:28:36,354 - root - INFO - Successfully added layer: B-cells_genes_pass1
2026-02-18 16:28:36,513 - root - INFO - Successfully added layer: CAFs_genes_pass1
2026-02-18 16:28:36,670 - root - INFO - Successfully added layer: Myeloid_genes_pass1
2026-02-18 16:28:44,125 - root - INFO - Exported layer 'Cancer_Epithelial_genes_pass1' to 'Benchmarking/simulation_benchmarking/CITEgeist/output_discrete_relaxed/mixed/dapi/mixed/dapi/Wu_rep_4/Wu_rep_4_pass1/layers/pass1/Cancer_Epithelial_layer_pass1.csv'
2026-02-18 16:28:51,562 - root - INFO - Exported layer 'Plasmablasts_genes_pass1' to 'Benchmarking/simulation_benchmarking/CITEgeist/output_discrete_relaxed/mixed/dapi/mixed/dapi/Wu_rep_4/Wu_rep_4_pass1/layers/pass1/Plasmablasts_layer_pass1.csv'
2026-02-18 16:28:59,013 - root - INFO - Exported layer 'Endothelial_genes_pass1' to 'Benchmarking/simulation_benchmarking/CITEgeist/output_discrete_relaxed/mixed/dapi/mixed/dapi/Wu_rep_4/Wu_rep_4_pass1/layers/pass1/Endothelial_layer_pass1.csv'
2026-02-18 16:29:06,548 - root - INFO - Exported layer 'T-cells_genes_pass1' to 'Benchmarking/simulation_benchmarking/CITEgeist/output_discrete_relaxed/mixed/dapi/mixed/dapi/Wu_rep_4/Wu_rep_4_pass1/layers/pass1/T-cells_layer_pass1.csv'
2026-02-18 16:29:14,015 - root - INFO - Exported layer 'PVL_genes_pass1' to 'Benchmarking/simulation_benchmarking/CITEgeist/output_discrete_relaxed/mixed/dapi/mixed/dapi/Wu_rep_4/Wu_rep_4_pass1/layers/pass1/PVL_layer_pass1.csv'
2026-02-18 16:29:21,437 - root - INFO - Exported layer 'Normal_Epithelial_genes_pass1' to 'Benchmarking/simulation_benchmarking/CITEgeist/output_discrete_relaxed/mixed/dapi/mixed/dapi/Wu_rep_4/Wu_rep_4_pass1/layers/pass1/Normal_Epithelial_layer_pass1.csv'
2026-02-18 16:29:28,937 - root - INFO - Exported layer 'B-cells_genes_pass1' to 'Benchmarking/simulation_benchmarking/CITEgeist/output_discrete_relaxed/mixed/dapi/mixed/dapi/Wu_rep_4/Wu_rep_4_pass1/layers/pass1/B-cells_layer_pass1.csv'
2026-02-18 16:29:36,388 - root - INFO - Exported layer 'CAFs_genes_pass1' to 'Benchmarking/simulation_benchmarking/CITEgeist/output_discrete_relaxed/mixed/dapi/mixed/dapi/Wu_rep_4/Wu_rep_4_pass1/layers/pass1/CAFs_layer_pass1.csv'
2026-02-18 16:29:43,990 - root - INFO - Exported layer 'Myeloid_genes_pass1' to 'Benchmarking/simulation_benchmarking/CITEgeist/output_discrete_relaxed/mixed/dapi/mixed/dapi/Wu_rep_4/Wu_rep_4_pass1/layers/pass1/Myeloid_layer_pass1.csv'
2026-02-18 16:29:43,990 - __main__ - INFO - GEX deconvolution completed in 255.4s
2026-02-18 16:30:51,817 - __main__ - INFO - Exported 9 cell type layers to Benchmarking/simulation_benchmarking/CITEgeist/output_discrete_relaxed/mixed/dapi/mixed/dapi/Wu_rep_4/layers
2026-02-18 16:30:51,830 - __main__ - INFO - Comparing against ground truth GEX: /ix1/alee/LO_LAB/Personal/Brent_Schlegel/bts76/Projects/CITEgeist/Wu_Visium/Simulations/scCube_12k/replicates/mixed/ST_GEX_sim/sample_4/layers
2026-02-18 16:31:41,455 - __main__ - INFO - GEX Average RMSE: 0.1477
2026-02-18 16:31:41,455 - __main__ - INFO - GEX Average NRMSE: 0.0230
2026-02-18 16:31:41,462 - __main__ - INFO - Results saved to Benchmarking/simulation_benchmarking/CITEgeist/output_discrete_relaxed/mixed/dapi/mixed/dapi/Wu_rep_4
