2026-02-17 21:30:06,990 - __main__ - INFO - ============================================================
2026-02-17 21:30:06,991 - __main__ - INFO - BENCHMARK: replicate=1, condition=mixed, mode=dapi
2026-02-17 21:30:06,991 - __main__ - INFO - ============================================================
2026-02-17 21:30:06,992 - __main__ - INFO - Loading image: /ix1/alee/LO_LAB/Personal/Alexander_Chang/alc376/CITEgeist/Benchmarking/simulation_benchmarking/CITEgeist/mixed/images/dapi/Wu_rep_1_cellpose.png
2026-02-17 21:30:08,182 - __main__ - INFO - Image shape: (8000, 8000, 3)
2026-02-17 21:30:08,183 - __main__ - INFO - Running Cellpose with model_type=nuclei
2026-02-17 21:30:11,363 - cellpose.models - WARNING - model_type argument is not used in v4.0.1+. Ignoring this argument...
2026-02-17 21:30:11,363 - cellpose.core - INFO - >>>> using CPU
2026-02-17 21:30:11,364 - cellpose.core - INFO - >>>> using CPU
2026-02-17 21:30:13,438 - cellpose.models - INFO - >>>> loading model /ihome/alee/alc376/.cellpose/models/cpsam
2026-02-17 21:30:14,077 - cellpose.models - WARNING - channels deprecated in v4.0.1+. If data contain more than 3 channels, only the first 3 channels will be used
2026-02-17 21:30:14,128 - cellpose.transforms - INFO - processing image with (8000, 8000) HW, and 3 channels
2026-02-17 22:26:02,169 - __main__ - INFO - Detected 4906 nuclei in 3354.0s
2026-02-17 22:26:02,223 - __main__ - INFO - Nuclei count correlation: 0.987
2026-02-17 22:26:02,224 - __main__ - INFO - Nuclei count RMSE: 0.43
2026-02-17 22:26:02,225 - __main__ - INFO - Loading h5ad files...
2026-02-17 22:26:03,152 - root - INFO - Logging initialized.
2026-02-17 22:26:03,177 - root - INFO - Discrete antibody preprocessing complete: Row sums range [33.31, 50.86], mean=40.23, std=2.75
2026-02-17 22:26:03,604 - root - INFO - Normalization stats:
2026-02-17 22:26:03,604 - root - INFO - Original median total: 62868220197.00
2026-02-17 22:26:03,624 - root - INFO - Mean scaled total: 9979.39
2026-02-17 22:26:03,642 - root - INFO - Max scaled value: 10000.00
2026-02-17 22:26:03,835 - root - INFO - Gene expression data normalized to 10000 counts per spot and validated for discrete count analysis.
2026-02-17 22:26:03,837 - root - INFO - Mapped 18 markers to 9 cell types (preserving marker-level data)
2026-02-17 22:26:03,837 - root - INFO - Running discrete cell assignment: 952 spots, 18 markers, 9 cell types
2026-02-17 22:26:03,838 - root - INFO - Total nuclei: 4906, mean per spot: 5.15
2026-02-17 22:26:03,838 - root - INFO - Discrete cell assignment EM: 952 spots, 18 markers, 9 cell types
2026-02-17 22:26:03,838 - root - INFO - Total nuclei: 4906, mean per spot: 5.15
2026-02-17 22:26:03,840 - root - INFO - 
=== EM Iteration 1/10 ===
2026-02-17 22:26:03,840 - root - INFO - Global IQP: 952 spots x 9 cell types = 8568 integer variables
2026-02-17 22:26:03,840 - root - INFO - Time limit: 600.0s, MIP gap: 5.0%
2026-02-17 22:26:03,843 - gurobipy - INFO - Set parameter LicenseID to value 276015
2026-02-17 22:26:03,843 - gurobipy - INFO - Set parameter GURO_PAR_SPECIAL
2026-02-17 22:26:03,843 - gurobipy - INFO - Set parameter TokenServer to value "license.crc.pitt.edu"
2026-02-17 22:26:03,865 - gurobipy - INFO - Set parameter TimeLimit to value 600
2026-02-17 22:26:03,865 - gurobipy - INFO - Set parameter MIPGap to value 0.05
2026-02-17 22:26:05,880 - root - INFO - Starting global IQP optimization...
2026-02-17 22:26:05,881 - gurobipy - INFO - Gurobi Optimizer version 11.0.2 build v11.0.2rc0 (linux64 - "Red Hat Enterprise Linux 9.6 (Plow)")
2026-02-17 22:26:05,881 - gurobipy - INFO - 
2026-02-17 22:26:05,881 - gurobipy - INFO - CPU model: Intel(R) Xeon(R) Platinum 8352Y CPU @ 2.20GHz, instruction set [SSE2|AVX|AVX2|AVX512]
2026-02-17 22:26:05,881 - gurobipy - INFO - Thread count: 64 physical cores, 64 logical processors, using up to 32 threads
2026-02-17 22:26:05,881 - gurobipy - INFO - 
2026-02-17 22:26:05,881 - gurobipy - INFO - Optimize a model with 931 rows, 8568 columns and 8379 nonzeros
2026-02-17 22:26:05,882 - gurobipy - INFO - Model fingerprint: 0xb7f72ac3
2026-02-17 22:26:05,882 - gurobipy - INFO - Model has 8568 quadratic objective terms
2026-02-17 22:26:05,882 - gurobipy - INFO - Variable types: 0 continuous, 8568 integer (0 binary)
2026-02-17 22:26:05,882 - gurobipy - INFO - Coefficient statistics:
2026-02-17 22:26:05,882 - gurobipy - INFO -   Matrix range     [1e+00, 1e+00]
2026-02-17 22:26:05,882 - gurobipy - INFO -   Objective range  [6e-02, 4e+00]
2026-02-17 22:26:05,882 - gurobipy - INFO -   QObjective range [4e+00, 4e+00]
2026-02-17 22:26:05,882 - gurobipy - INFO -   Bounds range     [1e+00, 2e+01]
2026-02-17 22:26:05,882 - gurobipy - INFO -   RHS range        [1e+00, 2e+01]
2026-02-17 22:26:05,882 - gurobipy - INFO - 
2026-02-17 22:26:05,883 - gurobipy - INFO - Loaded user MIP start with objective 7636.99
2026-02-17 22:26:05,883 - gurobipy - INFO - 
2026-02-17 22:26:18,567 - gurobipy - INFO - Presolve removed 919 rows and 8460 columns (presolve time = 13s) ...
2026-02-17 22:26:18,568 - gurobipy - INFO - Presolve removed 919 rows and 8460 columns
2026-02-17 22:26:18,568 - gurobipy - INFO - Presolve time: 12.69s
2026-02-17 22:26:18,569 - gurobipy - INFO - Presolved: 12 rows, 108 columns, 108 nonzeros
2026-02-17 22:26:18,569 - gurobipy - INFO - Presolved model has 108 quadratic objective terms
2026-02-17 22:26:18,569 - gurobipy - INFO - Found heuristic solution: objective 5538.0785003
2026-02-17 22:26:18,569 - gurobipy - INFO - Variable types: 0 continuous, 108 integer (0 binary)
2026-02-17 22:26:18,570 - gurobipy - INFO - 
2026-02-17 22:26:18,570 - gurobipy - INFO - Explored 0 nodes (0 simplex iterations) in 12.69 seconds (0.22 work units)
2026-02-17 22:26:18,570 - gurobipy - INFO - Thread count was 32 (of 64 available processors)
2026-02-17 22:26:18,570 - gurobipy - INFO - 
2026-02-17 22:26:18,570 - gurobipy - INFO - Solution count 2: 5538.08 7636.99 
2026-02-17 22:26:18,570 - gurobipy - INFO - 
2026-02-17 22:26:18,570 - gurobipy - INFO - Optimal solution found (tolerance 5.00e-02)
2026-02-17 22:26:18,570 - gurobipy - INFO - Best objective 5.538078500263e+03, best bound 5.421822623764e+03, gap 2.0992%
2026-02-17 22:26:18,600 - root - INFO - Global IQP solved: status=2, gap=2.10%, time=12.7s
/ix1/alee/LO_LAB/Personal/Alexander_Chang/alc376/CITEgeist/CITEgeist/model/gurobi_impl.py:3692: RuntimeWarning: invalid value encountered in scalar divide
  loss_change = abs(prev_loss - loss) / max(abs(prev_loss), 1e-10)
2026-02-17 22:26:18,667 - root - INFO -   Loss: 1327.7747 (change: nan)
2026-02-17 22:26:18,667 - root - INFO -   Beta range: [0.298, 0.462]
2026-02-17 22:26:18,667 - root - INFO -   Max beta change: 0.701754
2026-02-17 22:26:18,667 - root - INFO -   Cell count range: [0, 19]
2026-02-17 22:26:18,667 - root - INFO -     B-cells: 446 cells (9.1%)
2026-02-17 22:26:18,667 - root - INFO -     CAFs: 653 cells (13.3%)
2026-02-17 22:26:18,667 - root - INFO -     Cancer Epithelial: 735 cells (15.0%)
2026-02-17 22:26:18,667 - root - INFO -     Endothelial: 534 cells (10.9%)
2026-02-17 22:26:18,667 - root - INFO -     Myeloid: 501 cells (10.2%)
2026-02-17 22:26:18,667 - root - INFO -     Normal Epithelial: 532 cells (10.8%)
2026-02-17 22:26:18,667 - root - INFO -     PVL: 531 cells (10.8%)
2026-02-17 22:26:18,667 - root - INFO -     Plasmablasts: 495 cells (10.1%)
2026-02-17 22:26:18,667 - root - INFO -     T-cells: 479 cells (9.8%)
2026-02-17 22:26:18,667 - root - INFO - 
=== EM Iteration 2/10 ===
2026-02-17 22:26:18,667 - root - INFO - Global IQP: 952 spots x 9 cell types = 8568 integer variables
2026-02-17 22:26:18,667 - root - INFO - Time limit: 600.0s, MIP gap: 5.0%
2026-02-17 22:26:18,668 - gurobipy - INFO - Set parameter TimeLimit to value 600
2026-02-17 22:26:18,668 - gurobipy - INFO - Set parameter MIPGap to value 0.05
2026-02-17 22:26:20,661 - root - INFO - Starting global IQP optimization...
2026-02-17 22:26:20,662 - gurobipy - INFO - Gurobi Optimizer version 11.0.2 build v11.0.2rc0 (linux64 - "Red Hat Enterprise Linux 9.6 (Plow)")
2026-02-17 22:26:20,662 - gurobipy - INFO - 
2026-02-17 22:26:20,662 - gurobipy - INFO - CPU model: Intel(R) Xeon(R) Platinum 8352Y CPU @ 2.20GHz, instruction set [SSE2|AVX|AVX2|AVX512]
2026-02-17 22:26:20,662 - gurobipy - INFO - Thread count: 64 physical cores, 64 logical processors, using up to 32 threads
2026-02-17 22:26:20,662 - gurobipy - INFO - 
2026-02-17 22:26:20,662 - gurobipy - INFO - Optimize a model with 931 rows, 8568 columns and 8379 nonzeros
2026-02-17 22:26:20,663 - gurobipy - INFO - Model fingerprint: 0x9972e1c4
2026-02-17 22:26:20,663 - gurobipy - INFO - Model has 8568 quadratic objective terms
2026-02-17 22:26:20,663 - gurobipy - INFO - Variable types: 0 continuous, 8568 integer (0 binary)
2026-02-17 22:26:20,663 - gurobipy - INFO - Coefficient statistics:
2026-02-17 22:26:20,663 - gurobipy - INFO -   Matrix range     [1e+00, 1e+00]
2026-02-17 22:26:20,663 - gurobipy - INFO -   Objective range  [2e-02, 2e+00]
2026-02-17 22:26:20,663 - gurobipy - INFO -   QObjective range [4e-01, 8e-01]
2026-02-17 22:26:20,663 - gurobipy - INFO -   Bounds range     [1e+00, 2e+01]
2026-02-17 22:26:20,663 - gurobipy - INFO -   RHS range        [1e+00, 2e+01]
2026-02-17 22:26:20,663 - gurobipy - INFO - 
2026-02-17 22:26:20,663 - gurobipy - INFO - Loaded user MIP start with objective 1327.77
2026-02-17 22:26:20,664 - gurobipy - INFO - 
2026-02-17 22:26:28,555 - gurobipy - INFO - Presolve removed 930 rows and 8559 columns (presolve time = 8s) ...
2026-02-17 22:26:28,555 - gurobipy - INFO - Presolve removed 930 rows and 8559 columns
2026-02-17 22:26:28,555 - gurobipy - INFO - Presolve time: 7.89s
2026-02-17 22:26:28,555 - gurobipy - INFO - Presolved: 1 rows, 9 columns, 9 nonzeros
2026-02-17 22:26:28,555 - gurobipy - INFO - Presolved model has 9 quadratic objective terms
2026-02-17 22:26:28,556 - gurobipy - INFO - Found heuristic solution: objective 992.3650069
2026-02-17 22:26:28,556 - gurobipy - INFO - Variable types: 0 continuous, 9 integer (0 binary)
2026-02-17 22:26:28,556 - gurobipy - INFO - 
2026-02-17 22:26:28,556 - gurobipy - INFO - Explored 0 nodes (0 simplex iterations) in 7.89 seconds (0.12 work units)
2026-02-17 22:26:28,557 - gurobipy - INFO - Thread count was 32 (of 64 available processors)
2026-02-17 22:26:28,557 - gurobipy - INFO - 
2026-02-17 22:26:28,557 - gurobipy - INFO - Solution count 2: 992.365 1327.77 
2026-02-17 22:26:28,557 - gurobipy - INFO - 
2026-02-17 22:26:28,557 - gurobipy - INFO - Optimal solution found (tolerance 5.00e-02)
2026-02-17 22:26:28,557 - gurobipy - INFO - Best objective 9.923650069319e+02, best bound 9.878771867892e+02, gap 0.4522%
2026-02-17 22:26:28,584 - root - INFO - Global IQP solved: status=2, gap=0.45%, time=7.9s
2026-02-17 22:26:28,623 - root - INFO -   Loss: 984.2772 (change: 0.258702)
2026-02-17 22:26:28,623 - root - INFO -   Beta range: [0.261, 0.443]
2026-02-17 22:26:28,623 - root - INFO -   Max beta change: 0.037541
2026-02-17 22:26:28,623 - root - INFO -   Cell count range: [0, 19]
2026-02-17 22:26:28,623 - root - INFO -     B-cells: 473 cells (9.6%)
2026-02-17 22:26:28,623 - root - INFO -     CAFs: 636 cells (13.0%)
2026-02-17 22:26:28,623 - root - INFO -     Cancer Epithelial: 714 cells (14.6%)
2026-02-17 22:26:28,623 - root - INFO -     Endothelial: 537 cells (10.9%)
2026-02-17 22:26:28,623 - root - INFO -     Myeloid: 469 cells (9.6%)
2026-02-17 22:26:28,623 - root - INFO -     Normal Epithelial: 538 cells (11.0%)
2026-02-17 22:26:28,623 - root - INFO -     PVL: 557 cells (11.4%)
2026-02-17 22:26:28,623 - root - INFO -     Plasmablasts: 512 cells (10.4%)
2026-02-17 22:26:28,623 - root - INFO -     T-cells: 470 cells (9.6%)
2026-02-17 22:26:28,623 - root - INFO - 
=== EM Iteration 3/10 ===
2026-02-17 22:26:28,623 - root - INFO - Global IQP: 952 spots x 9 cell types = 8568 integer variables
2026-02-17 22:26:28,623 - root - INFO - Time limit: 600.0s, MIP gap: 5.0%
2026-02-17 22:26:28,623 - gurobipy - INFO - Set parameter TimeLimit to value 600
2026-02-17 22:26:28,624 - gurobipy - INFO - Set parameter MIPGap to value 0.05
2026-02-17 22:26:30,355 - root - INFO - Starting global IQP optimization...
2026-02-17 22:26:30,356 - gurobipy - INFO - Gurobi Optimizer version 11.0.2 build v11.0.2rc0 (linux64 - "Red Hat Enterprise Linux 9.6 (Plow)")
2026-02-17 22:26:30,356 - gurobipy - INFO - 
2026-02-17 22:26:30,356 - gurobipy - INFO - CPU model: Intel(R) Xeon(R) Platinum 8352Y CPU @ 2.20GHz, instruction set [SSE2|AVX|AVX2|AVX512]
2026-02-17 22:26:30,356 - gurobipy - INFO - Thread count: 64 physical cores, 64 logical processors, using up to 32 threads
2026-02-17 22:26:30,356 - gurobipy - INFO - 
2026-02-17 22:26:30,356 - gurobipy - INFO - Optimize a model with 931 rows, 8568 columns and 8379 nonzeros
2026-02-17 22:26:30,357 - gurobipy - INFO - Model fingerprint: 0x2cd153a2
2026-02-17 22:26:30,357 - gurobipy - INFO - Model has 8568 quadratic objective terms
2026-02-17 22:26:30,357 - gurobipy - INFO - Variable types: 0 continuous, 8568 integer (0 binary)
2026-02-17 22:26:30,357 - gurobipy - INFO - Coefficient statistics:
2026-02-17 22:26:30,357 - gurobipy - INFO -   Matrix range     [1e+00, 1e+00]
2026-02-17 22:26:30,357 - gurobipy - INFO -   Objective range  [2e-02, 2e+00]
2026-02-17 22:26:30,357 - gurobipy - INFO -   QObjective range [3e-01, 8e-01]
2026-02-17 22:26:30,357 - gurobipy - INFO -   Bounds range     [1e+00, 2e+01]
2026-02-17 22:26:30,357 - gurobipy - INFO -   RHS range        [1e+00, 2e+01]
2026-02-17 22:26:30,357 - gurobipy - INFO - 
2026-02-17 22:26:30,357 - gurobipy - INFO - Loaded user MIP start with objective 984.277
2026-02-17 22:26:30,357 - gurobipy - INFO - 
2026-02-17 22:26:37,523 - gurobipy - INFO - Presolve removed 930 rows and 8559 columns (presolve time = 7s) ...
2026-02-17 22:26:37,523 - gurobipy - INFO - Presolve removed 930 rows and 8559 columns
2026-02-17 22:26:37,523 - gurobipy - INFO - Presolve time: 7.17s
2026-02-17 22:26:37,523 - gurobipy - INFO - Presolved: 1 rows, 9 columns, 9 nonzeros
2026-02-17 22:26:37,523 - gurobipy - INFO - Presolved model has 9 quadratic objective terms
2026-02-17 22:26:37,524 - gurobipy - INFO - Found heuristic solution: objective 982.3498386
2026-02-17 22:26:37,524 - gurobipy - INFO - Variable types: 0 continuous, 9 integer (0 binary)
2026-02-17 22:26:37,525 - gurobipy - INFO - 
2026-02-17 22:26:37,525 - gurobipy - INFO - Explored 0 nodes (0 simplex iterations) in 7.17 seconds (0.11 work units)
2026-02-17 22:26:37,525 - gurobipy - INFO - Thread count was 32 (of 64 available processors)
2026-02-17 22:26:37,525 - gurobipy - INFO - 
2026-02-17 22:26:37,525 - gurobipy - INFO - Solution count 2: 982.35 984.277 
2026-02-17 22:26:37,525 - gurobipy - INFO - 
2026-02-17 22:26:37,525 - gurobipy - INFO - Optimal solution found (tolerance 5.00e-02)
2026-02-17 22:26:37,525 - gurobipy - INFO - Best objective 9.823498385607e+02, best bound 9.779370439536e+02, gap 0.4492%
2026-02-17 22:26:37,552 - root - INFO - Global IQP solved: status=2, gap=0.45%, time=7.2s
2026-02-17 22:26:37,592 - root - INFO -   Loss: 979.4077 (change: 0.004947)
2026-02-17 22:26:37,592 - root - INFO -   Beta range: [0.254, 0.425]
2026-02-17 22:26:37,592 - root - INFO -   Max beta change: 0.018187
2026-02-17 22:26:37,592 - root - INFO -   Cell count range: [0, 19]
2026-02-17 22:26:37,592 - root - INFO -     B-cells: 470 cells (9.6%)
2026-02-17 22:26:37,592 - root - INFO -     CAFs: 644 cells (13.1%)
2026-02-17 22:26:37,592 - root - INFO -     Cancer Epithelial: 725 cells (14.8%)
2026-02-17 22:26:37,592 - root - INFO -     Endothelial: 538 cells (11.0%)
2026-02-17 22:26:37,592 - root - INFO -     Myeloid: 456 cells (9.3%)
2026-02-17 22:26:37,592 - root - INFO -     Normal Epithelial: 544 cells (11.1%)
2026-02-17 22:26:37,592 - root - INFO -     PVL: 562 cells (11.5%)
2026-02-17 22:26:37,592 - root - INFO -     Plasmablasts: 516 cells (10.5%)
2026-02-17 22:26:37,592 - root - INFO -     T-cells: 451 cells (9.2%)
2026-02-17 22:26:37,592 - root - INFO - 
=== EM Iteration 4/10 ===
2026-02-17 22:26:37,592 - root - INFO - Global IQP: 952 spots x 9 cell types = 8568 integer variables
2026-02-17 22:26:37,592 - root - INFO - Time limit: 600.0s, MIP gap: 5.0%
2026-02-17 22:26:37,592 - gurobipy - INFO - Set parameter TimeLimit to value 600
2026-02-17 22:26:37,593 - gurobipy - INFO - Set parameter MIPGap to value 0.05
2026-02-17 22:26:39,514 - root - INFO - Starting global IQP optimization...
2026-02-17 22:26:39,515 - gurobipy - INFO - Gurobi Optimizer version 11.0.2 build v11.0.2rc0 (linux64 - "Red Hat Enterprise Linux 9.6 (Plow)")
2026-02-17 22:26:39,515 - gurobipy - INFO - 
2026-02-17 22:26:39,515 - gurobipy - INFO - CPU model: Intel(R) Xeon(R) Platinum 8352Y CPU @ 2.20GHz, instruction set [SSE2|AVX|AVX2|AVX512]
2026-02-17 22:26:39,515 - gurobipy - INFO - Thread count: 64 physical cores, 64 logical processors, using up to 32 threads
2026-02-17 22:26:39,515 - gurobipy - INFO - 
2026-02-17 22:26:39,515 - gurobipy - INFO - Optimize a model with 931 rows, 8568 columns and 8379 nonzeros
2026-02-17 22:26:39,516 - gurobipy - INFO - Model fingerprint: 0xaba844c8
2026-02-17 22:26:39,516 - gurobipy - INFO - Model has 8568 quadratic objective terms
2026-02-17 22:26:39,516 - gurobipy - INFO - Variable types: 0 continuous, 8568 integer (0 binary)
2026-02-17 22:26:39,516 - gurobipy - INFO - Coefficient statistics:
2026-02-17 22:26:39,516 - gurobipy - INFO -   Matrix range     [1e+00, 1e+00]
2026-02-17 22:26:39,516 - gurobipy - INFO -   Objective range  [1e-03, 2e+00]
2026-02-17 22:26:39,516 - gurobipy - INFO -   QObjective range [3e-01, 7e-01]
2026-02-17 22:26:39,516 - gurobipy - INFO -   Bounds range     [1e+00, 2e+01]
2026-02-17 22:26:39,516 - gurobipy - INFO -   RHS range        [1e+00, 2e+01]
2026-02-17 22:26:39,516 - gurobipy - INFO - 
2026-02-17 22:26:39,517 - gurobipy - INFO - Loaded user MIP start with objective 979.408
2026-02-17 22:26:39,517 - gurobipy - INFO - 
2026-02-17 22:26:47,346 - gurobipy - INFO - Presolve removed 930 rows and 8559 columns (presolve time = 8s) ...
2026-02-17 22:26:47,347 - gurobipy - INFO - Presolve removed 930 rows and 8559 columns
2026-02-17 22:26:47,347 - gurobipy - INFO - Presolve time: 7.83s
2026-02-17 22:26:47,347 - gurobipy - INFO - Presolved: 1 rows, 9 columns, 9 nonzeros
2026-02-17 22:26:47,347 - gurobipy - INFO - Presolved model has 9 quadratic objective terms
2026-02-17 22:26:47,347 - gurobipy - INFO - Found heuristic solution: objective 978.9241507
2026-02-17 22:26:47,347 - gurobipy - INFO - Variable types: 0 continuous, 9 integer (0 binary)
2026-02-17 22:26:47,348 - gurobipy - INFO - 
2026-02-17 22:26:47,348 - gurobipy - INFO - Explored 0 nodes (0 simplex iterations) in 7.83 seconds (0.11 work units)
2026-02-17 22:26:47,348 - gurobipy - INFO - Thread count was 32 (of 64 available processors)
2026-02-17 22:26:47,348 - gurobipy - INFO - 
2026-02-17 22:26:47,348 - gurobipy - INFO - Solution count 2: 978.924 979.408 
2026-02-17 22:26:47,348 - gurobipy - INFO - 
2026-02-17 22:26:47,348 - gurobipy - INFO - Optimal solution found (tolerance 5.00e-02)
2026-02-17 22:26:47,348 - gurobipy - INFO - Best objective 9.789241507480e+02, best bound 9.745315440711e+02, gap 0.4487%
2026-02-17 22:26:47,373 - root - INFO - Global IQP solved: status=2, gap=0.45%, time=7.8s
2026-02-17 22:26:47,411 - root - INFO -   Loss: 973.8734 (change: 0.005651)
2026-02-17 22:26:47,412 - root - INFO -   Beta range: [0.251, 0.414]
2026-02-17 22:26:47,412 - root - INFO -   Max beta change: 0.016842
2026-02-17 22:26:47,412 - root - INFO -   Cell count range: [0, 19]
2026-02-17 22:26:47,412 - root - INFO -     B-cells: 467 cells (9.5%)
2026-02-17 22:26:47,412 - root - INFO -     CAFs: 647 cells (13.2%)
2026-02-17 22:26:47,412 - root - INFO -     Cancer Epithelial: 730 cells (14.9%)
2026-02-17 22:26:47,412 - root - INFO -     Endothelial: 538 cells (11.0%)
2026-02-17 22:26:47,412 - root - INFO -     Myeloid: 441 cells (9.0%)
2026-02-17 22:26:47,412 - root - INFO -     Normal Epithelial: 556 cells (11.3%)
2026-02-17 22:26:47,412 - root - INFO -     PVL: 574 cells (11.7%)
2026-02-17 22:26:47,412 - root - INFO -     Plasmablasts: 522 cells (10.6%)
2026-02-17 22:26:47,412 - root - INFO -     T-cells: 431 cells (8.8%)
2026-02-17 22:26:47,412 - root - INFO - 
=== EM Iteration 5/10 ===
2026-02-17 22:26:47,412 - root - INFO - Global IQP: 952 spots x 9 cell types = 8568 integer variables
2026-02-17 22:26:47,412 - root - INFO - Time limit: 600.0s, MIP gap: 5.0%
2026-02-17 22:26:47,412 - gurobipy - INFO - Set parameter TimeLimit to value 600
2026-02-17 22:26:47,412 - gurobipy - INFO - Set parameter MIPGap to value 0.05
2026-02-17 22:26:49,333 - root - INFO - Starting global IQP optimization...
2026-02-17 22:26:49,334 - gurobipy - INFO - Gurobi Optimizer version 11.0.2 build v11.0.2rc0 (linux64 - "Red Hat Enterprise Linux 9.6 (Plow)")
2026-02-17 22:26:49,334 - gurobipy - INFO - 
2026-02-17 22:26:49,334 - gurobipy - INFO - CPU model: Intel(R) Xeon(R) Platinum 8352Y CPU @ 2.20GHz, instruction set [SSE2|AVX|AVX2|AVX512]
2026-02-17 22:26:49,334 - gurobipy - INFO - Thread count: 64 physical cores, 64 logical processors, using up to 32 threads
2026-02-17 22:26:49,334 - gurobipy - INFO - 
2026-02-17 22:26:49,334 - gurobipy - INFO - Optimize a model with 931 rows, 8568 columns and 8379 nonzeros
2026-02-17 22:26:49,335 - gurobipy - INFO - Model fingerprint: 0xa4d8ac1d
2026-02-17 22:26:49,335 - gurobipy - INFO - Model has 8568 quadratic objective terms
2026-02-17 22:26:49,335 - gurobipy - INFO - Variable types: 0 continuous, 8568 integer (0 binary)
2026-02-17 22:26:49,335 - gurobipy - INFO - Coefficient statistics:
2026-02-17 22:26:49,335 - gurobipy - INFO -   Matrix range     [1e+00, 1e+00]
2026-02-17 22:26:49,335 - gurobipy - INFO -   Objective range  [2e-03, 2e+00]
2026-02-17 22:26:49,335 - gurobipy - INFO -   QObjective range [3e-01, 7e-01]
2026-02-17 22:26:49,335 - gurobipy - INFO -   Bounds range     [1e+00, 2e+01]
2026-02-17 22:26:49,335 - gurobipy - INFO -   RHS range        [1e+00, 2e+01]
2026-02-17 22:26:49,335 - gurobipy - INFO - 
2026-02-17 22:26:49,336 - gurobipy - INFO - Loaded user MIP start with objective 973.873
2026-02-17 22:26:49,336 - gurobipy - INFO - 
2026-02-17 22:26:56,893 - gurobipy - INFO - Presolve removed 930 rows and 8559 columns (presolve time = 8s) ...
2026-02-17 22:26:56,893 - gurobipy - INFO - Presolve removed 930 rows and 8559 columns
2026-02-17 22:26:56,894 - gurobipy - INFO - Presolve time: 7.56s
2026-02-17 22:26:56,894 - gurobipy - INFO - Presolved: 1 rows, 9 columns, 9 nonzeros
2026-02-17 22:26:56,894 - gurobipy - INFO - Presolved model has 9 quadratic objective terms
2026-02-17 22:26:56,894 - gurobipy - INFO - Found heuristic solution: objective 973.2957963
2026-02-17 22:26:56,894 - gurobipy - INFO - Variable types: 0 continuous, 9 integer (0 binary)
2026-02-17 22:26:56,895 - gurobipy - INFO - 
2026-02-17 22:26:56,895 - gurobipy - INFO - Explored 0 nodes (0 simplex iterations) in 7.56 seconds (0.11 work units)
2026-02-17 22:26:56,895 - gurobipy - INFO - Thread count was 32 (of 64 available processors)
2026-02-17 22:26:56,895 - gurobipy - INFO - 
2026-02-17 22:26:56,895 - gurobipy - INFO - Solution count 2: 973.296 973.873 
2026-02-17 22:26:56,895 - gurobipy - INFO - 
2026-02-17 22:26:56,895 - gurobipy - INFO - Optimal solution found (tolerance 5.00e-02)
2026-02-17 22:26:56,895 - gurobipy - INFO - Best objective 9.732957963380e+02, best bound 9.689311865114e+02, gap 0.4484%
2026-02-17 22:26:56,919 - root - INFO - Global IQP solved: status=2, gap=0.45%, time=7.6s
2026-02-17 22:26:56,959 - root - INFO -   Loss: 967.6160 (change: 0.006425)
2026-02-17 22:26:56,959 - root - INFO -   Beta range: [0.247, 0.410]
2026-02-17 22:26:56,959 - root - INFO -   Max beta change: 0.014219
2026-02-17 22:26:56,959 - root - INFO -   Cell count range: [0, 19]
2026-02-17 22:26:56,959 - root - INFO -     B-cells: 466 cells (9.5%)
2026-02-17 22:26:56,959 - root - INFO -     CAFs: 646 cells (13.2%)
2026-02-17 22:26:56,959 - root - INFO -     Cancer Epithelial: 730 cells (14.9%)
2026-02-17 22:26:56,959 - root - INFO -     Endothelial: 539 cells (11.0%)
2026-02-17 22:26:56,959 - root - INFO -     Myeloid: 427 cells (8.7%)
2026-02-17 22:26:56,959 - root - INFO -     Normal Epithelial: 575 cells (11.7%)
2026-02-17 22:26:56,959 - root - INFO -     PVL: 585 cells (11.9%)
2026-02-17 22:26:56,959 - root - INFO -     Plasmablasts: 522 cells (10.6%)
2026-02-17 22:26:56,959 - root - INFO -     T-cells: 416 cells (8.5%)
2026-02-17 22:26:56,959 - root - INFO - 
=== EM Iteration 6/10 ===
2026-02-17 22:26:56,959 - root - INFO - Global IQP: 952 spots x 9 cell types = 8568 integer variables
2026-02-17 22:26:56,959 - root - INFO - Time limit: 600.0s, MIP gap: 5.0%
2026-02-17 22:26:56,960 - gurobipy - INFO - Set parameter TimeLimit to value 600
2026-02-17 22:26:56,960 - gurobipy - INFO - Set parameter MIPGap to value 0.05
2026-02-17 22:26:58,891 - root - INFO - Starting global IQP optimization...
2026-02-17 22:26:58,892 - gurobipy - INFO - Gurobi Optimizer version 11.0.2 build v11.0.2rc0 (linux64 - "Red Hat Enterprise Linux 9.6 (Plow)")
2026-02-17 22:26:58,892 - gurobipy - INFO - 
2026-02-17 22:26:58,892 - gurobipy - INFO - CPU model: Intel(R) Xeon(R) Platinum 8352Y CPU @ 2.20GHz, instruction set [SSE2|AVX|AVX2|AVX512]
2026-02-17 22:26:58,892 - gurobipy - INFO - Thread count: 64 physical cores, 64 logical processors, using up to 32 threads
2026-02-17 22:26:58,892 - gurobipy - INFO - 
2026-02-17 22:26:58,892 - gurobipy - INFO - Optimize a model with 931 rows, 8568 columns and 8379 nonzeros
2026-02-17 22:26:58,893 - gurobipy - INFO - Model fingerprint: 0xcd7551bd
2026-02-17 22:26:58,893 - gurobipy - INFO - Model has 8568 quadratic objective terms
2026-02-17 22:26:58,893 - gurobipy - INFO - Variable types: 0 continuous, 8568 integer (0 binary)
2026-02-17 22:26:58,893 - gurobipy - INFO - Coefficient statistics:
2026-02-17 22:26:58,893 - gurobipy - INFO -   Matrix range     [1e+00, 1e+00]
2026-02-17 22:26:58,893 - gurobipy - INFO -   Objective range  [4e-03, 2e+00]
2026-02-17 22:26:58,893 - gurobipy - INFO -   QObjective range [3e-01, 6e-01]
2026-02-17 22:26:58,893 - gurobipy - INFO -   Bounds range     [1e+00, 2e+01]
2026-02-17 22:26:58,893 - gurobipy - INFO -   RHS range        [1e+00, 2e+01]
2026-02-17 22:26:58,893 - gurobipy - INFO - 
2026-02-17 22:26:58,893 - gurobipy - INFO - Loaded user MIP start with objective 967.616
2026-02-17 22:26:58,893 - gurobipy - INFO - 
2026-02-17 22:27:06,396 - gurobipy - INFO - Presolve removed 930 rows and 8559 columns (presolve time = 8s) ...
2026-02-17 22:27:06,397 - gurobipy - INFO - Presolve removed 930 rows and 8559 columns
2026-02-17 22:27:06,397 - gurobipy - INFO - Presolve time: 7.50s
2026-02-17 22:27:06,397 - gurobipy - INFO - Presolved: 1 rows, 9 columns, 9 nonzeros
2026-02-17 22:27:06,397 - gurobipy - INFO - Presolved model has 9 quadratic objective terms
2026-02-17 22:27:06,398 - gurobipy - INFO - Found heuristic solution: objective 967.0794181
2026-02-17 22:27:06,398 - gurobipy - INFO - Variable types: 0 continuous, 9 integer (0 binary)
2026-02-17 22:27:06,398 - gurobipy - INFO - 
2026-02-17 22:27:06,398 - gurobipy - INFO - Explored 0 nodes (0 simplex iterations) in 7.51 seconds (0.11 work units)
2026-02-17 22:27:06,398 - gurobipy - INFO - Thread count was 32 (of 64 available processors)
2026-02-17 22:27:06,398 - gurobipy - INFO - 
2026-02-17 22:27:06,398 - gurobipy - INFO - Solution count 2: 967.079 967.616 
2026-02-17 22:27:06,398 - gurobipy - INFO - 
2026-02-17 22:27:06,398 - gurobipy - INFO - Optimal solution found (tolerance 5.00e-02)
2026-02-17 22:27:06,398 - gurobipy - INFO - Best objective 9.670794181126e+02, best bound 9.627729333441e+02, gap 0.4453%
2026-02-17 22:27:06,425 - root - INFO - Global IQP solved: status=2, gap=0.45%, time=7.5s
2026-02-17 22:27:06,463 - root - INFO -   Loss: 959.7259 (change: 0.008154)
2026-02-17 22:27:06,463 - root - INFO -   Beta range: [0.244, 0.406]
2026-02-17 22:27:06,463 - root - INFO -   Max beta change: 0.016635
2026-02-17 22:27:06,463 - root - INFO -   Cell count range: [0, 19]
2026-02-17 22:27:06,463 - root - INFO -     B-cells: 462 cells (9.4%)
2026-02-17 22:27:06,463 - root - INFO -     CAFs: 649 cells (13.2%)
2026-02-17 22:27:06,463 - root - INFO -     Cancer Epithelial: 726 cells (14.8%)
2026-02-17 22:27:06,463 - root - INFO -     Endothelial: 539 cells (11.0%)
2026-02-17 22:27:06,463 - root - INFO -     Myeloid: 413 cells (8.4%)
2026-02-17 22:27:06,463 - root - INFO -     Normal Epithelial: 591 cells (12.0%)
2026-02-17 22:27:06,464 - root - INFO -     PVL: 594 cells (12.1%)
2026-02-17 22:27:06,464 - root - INFO -     Plasmablasts: 532 cells (10.8%)
2026-02-17 22:27:06,464 - root - INFO -     T-cells: 400 cells (8.2%)
2026-02-17 22:27:06,464 - root - INFO - 
=== EM Iteration 7/10 ===
2026-02-17 22:27:06,464 - root - INFO - Global IQP: 952 spots x 9 cell types = 8568 integer variables
2026-02-17 22:27:06,464 - root - INFO - Time limit: 600.0s, MIP gap: 5.0%
2026-02-17 22:27:06,464 - gurobipy - INFO - Set parameter TimeLimit to value 600
2026-02-17 22:27:06,464 - gurobipy - INFO - Set parameter MIPGap to value 0.05
2026-02-17 22:27:08,384 - root - INFO - Starting global IQP optimization...
2026-02-17 22:27:08,385 - gurobipy - INFO - Gurobi Optimizer version 11.0.2 build v11.0.2rc0 (linux64 - "Red Hat Enterprise Linux 9.6 (Plow)")
2026-02-17 22:27:08,385 - gurobipy - INFO - 
2026-02-17 22:27:08,385 - gurobipy - INFO - CPU model: Intel(R) Xeon(R) Platinum 8352Y CPU @ 2.20GHz, instruction set [SSE2|AVX|AVX2|AVX512]
2026-02-17 22:27:08,385 - gurobipy - INFO - Thread count: 64 physical cores, 64 logical processors, using up to 32 threads
2026-02-17 22:27:08,385 - gurobipy - INFO - 
2026-02-17 22:27:08,385 - gurobipy - INFO - Optimize a model with 931 rows, 8568 columns and 8379 nonzeros
2026-02-17 22:27:08,386 - gurobipy - INFO - Model fingerprint: 0x2b080269
2026-02-17 22:27:08,386 - gurobipy - INFO - Model has 8568 quadratic objective terms
2026-02-17 22:27:08,386 - gurobipy - INFO - Variable types: 0 continuous, 8568 integer (0 binary)
2026-02-17 22:27:08,386 - gurobipy - INFO - Coefficient statistics:
2026-02-17 22:27:08,386 - gurobipy - INFO -   Matrix range     [1e+00, 1e+00]
2026-02-17 22:27:08,386 - gurobipy - INFO -   Objective range  [9e-03, 2e+00]
2026-02-17 22:27:08,386 - gurobipy - INFO -   QObjective range [3e-01, 6e-01]
2026-02-17 22:27:08,386 - gurobipy - INFO -   Bounds range     [1e+00, 2e+01]
2026-02-17 22:27:08,386 - gurobipy - INFO -   RHS range        [1e+00, 2e+01]
2026-02-17 22:27:08,386 - gurobipy - INFO - 
2026-02-17 22:27:08,386 - gurobipy - INFO - Loaded user MIP start with objective 959.726
2026-02-17 22:27:08,386 - gurobipy - INFO - 
2026-02-17 22:27:15,618 - gurobipy - INFO - Presolve removed 930 rows and 8559 columns (presolve time = 7s) ...
2026-02-17 22:27:15,619 - gurobipy - INFO - Presolve removed 930 rows and 8559 columns
2026-02-17 22:27:15,619 - gurobipy - INFO - Presolve time: 7.23s
2026-02-17 22:27:15,619 - gurobipy - INFO - Presolved: 1 rows, 9 columns, 9 nonzeros
2026-02-17 22:27:15,619 - gurobipy - INFO - Presolved model has 9 quadratic objective terms
2026-02-17 22:27:15,620 - gurobipy - INFO - Found heuristic solution: objective 959.1183107
2026-02-17 22:27:15,620 - gurobipy - INFO - Variable types: 0 continuous, 9 integer (0 binary)
2026-02-17 22:27:15,620 - gurobipy - INFO - 
2026-02-17 22:27:15,620 - gurobipy - INFO - Explored 0 nodes (0 simplex iterations) in 7.24 seconds (0.10 work units)
2026-02-17 22:27:15,620 - gurobipy - INFO - Thread count was 32 (of 64 available processors)
2026-02-17 22:27:15,620 - gurobipy - INFO - 
2026-02-17 22:27:15,620 - gurobipy - INFO - Solution count 2: 959.118 959.726 
2026-02-17 22:27:15,620 - gurobipy - INFO - 
2026-02-17 22:27:15,620 - gurobipy - INFO - Optimal solution found (tolerance 5.00e-02)
2026-02-17 22:27:15,620 - gurobipy - INFO - Best objective 9.591183107327e+02, best bound 9.548336407949e+02, gap 0.4467%
2026-02-17 22:27:15,645 - root - INFO - Global IQP solved: status=2, gap=0.45%, time=7.2s
2026-02-17 22:27:15,684 - root - INFO -   Loss: 956.2166 (change: 0.003657)
2026-02-17 22:27:15,684 - root - INFO -   Beta range: [0.241, 0.402]
2026-02-17 22:27:15,684 - root - INFO -   Max beta change: 0.013222
2026-02-17 22:27:15,684 - root - INFO -   Cell count range: [0, 19]
2026-02-17 22:27:15,684 - root - INFO -     B-cells: 458 cells (9.3%)
2026-02-17 22:27:15,684 - root - INFO -     CAFs: 653 cells (13.3%)
2026-02-17 22:27:15,684 - root - INFO -     Cancer Epithelial: 726 cells (14.8%)
2026-02-17 22:27:15,684 - root - INFO -     Endothelial: 538 cells (11.0%)
2026-02-17 22:27:15,684 - root - INFO -     Myeloid: 396 cells (8.1%)
2026-02-17 22:27:15,684 - root - INFO -     Normal Epithelial: 603 cells (12.3%)
2026-02-17 22:27:15,684 - root - INFO -     PVL: 603 cells (12.3%)
2026-02-17 22:27:15,684 - root - INFO -     Plasmablasts: 540 cells (11.0%)
2026-02-17 22:27:15,685 - root - INFO -     T-cells: 389 cells (7.9%)
2026-02-17 22:27:15,685 - root - INFO - 
=== EM Iteration 8/10 ===
2026-02-17 22:27:15,685 - root - INFO - Global IQP: 952 spots x 9 cell types = 8568 integer variables
2026-02-17 22:27:15,685 - root - INFO - Time limit: 600.0s, MIP gap: 5.0%
2026-02-17 22:27:15,685 - gurobipy - INFO - Set parameter TimeLimit to value 600
2026-02-17 22:27:15,685 - gurobipy - INFO - Set parameter MIPGap to value 0.05
2026-02-17 22:27:17,634 - root - INFO - Starting global IQP optimization...
2026-02-17 22:27:17,635 - gurobipy - INFO - Gurobi Optimizer version 11.0.2 build v11.0.2rc0 (linux64 - "Red Hat Enterprise Linux 9.6 (Plow)")
2026-02-17 22:27:17,635 - gurobipy - INFO - 
2026-02-17 22:27:17,635 - gurobipy - INFO - CPU model: Intel(R) Xeon(R) Platinum 8352Y CPU @ 2.20GHz, instruction set [SSE2|AVX|AVX2|AVX512]
2026-02-17 22:27:17,635 - gurobipy - INFO - Thread count: 64 physical cores, 64 logical processors, using up to 32 threads
2026-02-17 22:27:17,636 - gurobipy - INFO - 
2026-02-17 22:27:17,636 - gurobipy - INFO - Optimize a model with 931 rows, 8568 columns and 8379 nonzeros
2026-02-17 22:27:17,636 - gurobipy - INFO - Model fingerprint: 0x00cd6d9b
2026-02-17 22:27:17,636 - gurobipy - INFO - Model has 8568 quadratic objective terms
2026-02-17 22:27:17,636 - gurobipy - INFO - Variable types: 0 continuous, 8568 integer (0 binary)
2026-02-17 22:27:17,636 - gurobipy - INFO - Coefficient statistics:
2026-02-17 22:27:17,636 - gurobipy - INFO -   Matrix range     [1e+00, 1e+00]
2026-02-17 22:27:17,636 - gurobipy - INFO -   Objective range  [3e-04, 1e+00]
2026-02-17 22:27:17,636 - gurobipy - INFO -   QObjective range [3e-01, 6e-01]
2026-02-17 22:27:17,636 - gurobipy - INFO -   Bounds range     [1e+00, 2e+01]
2026-02-17 22:27:17,637 - gurobipy - INFO -   RHS range        [1e+00, 2e+01]
2026-02-17 22:27:17,637 - gurobipy - INFO - 
2026-02-17 22:27:17,637 - gurobipy - INFO - Loaded user MIP start with objective 956.217
2026-02-17 22:27:17,637 - gurobipy - INFO - 
2026-02-17 22:27:25,348 - gurobipy - INFO - Presolve removed 930 rows and 8559 columns (presolve time = 8s) ...
2026-02-17 22:27:25,348 - gurobipy - INFO - Presolve removed 930 rows and 8559 columns
2026-02-17 22:27:25,348 - gurobipy - INFO - Presolve time: 7.71s
2026-02-17 22:27:25,349 - gurobipy - INFO - Presolved: 1 rows, 9 columns, 9 nonzeros
2026-02-17 22:27:25,349 - gurobipy - INFO - Presolved model has 9 quadratic objective terms
2026-02-17 22:27:25,349 - gurobipy - INFO - Found heuristic solution: objective 955.8427900
2026-02-17 22:27:25,349 - gurobipy - INFO - Variable types: 0 continuous, 9 integer (0 binary)
2026-02-17 22:27:25,350 - gurobipy - INFO - 
2026-02-17 22:27:25,350 - gurobipy - INFO - Explored 0 nodes (0 simplex iterations) in 7.71 seconds (0.10 work units)
2026-02-17 22:27:25,350 - gurobipy - INFO - Thread count was 32 (of 64 available processors)
2026-02-17 22:27:25,350 - gurobipy - INFO - 
2026-02-17 22:27:25,350 - gurobipy - INFO - Solution count 2: 955.843 956.217 
2026-02-17 22:27:25,350 - gurobipy - INFO - 
2026-02-17 22:27:25,350 - gurobipy - INFO - Optimal solution found (tolerance 5.00e-02)
2026-02-17 22:27:25,350 - gurobipy - INFO - Best objective 9.558427899948e+02, best bound 9.515824904211e+02, gap 0.4457%
2026-02-17 22:27:25,377 - root - INFO - Global IQP solved: status=2, gap=0.45%, time=7.7s
2026-02-17 22:27:25,416 - root - INFO -   Loss: 953.5625 (change: 0.002776)
2026-02-17 22:27:25,417 - root - INFO -   Beta range: [0.240, 0.397]
2026-02-17 22:27:25,417 - root - INFO -   Max beta change: 0.011796
2026-02-17 22:27:25,417 - root - INFO -   Cell count range: [0, 19]
2026-02-17 22:27:25,417 - root - INFO -     B-cells: 453 cells (9.2%)
2026-02-17 22:27:25,417 - root - INFO -     CAFs: 657 cells (13.4%)
2026-02-17 22:27:25,417 - root - INFO -     Cancer Epithelial: 726 cells (14.8%)
2026-02-17 22:27:25,417 - root - INFO -     Endothelial: 534 cells (10.9%)
2026-02-17 22:27:25,417 - root - INFO -     Myeloid: 381 cells (7.8%)
2026-02-17 22:27:25,417 - root - INFO -     Normal Epithelial: 624 cells (12.7%)
2026-02-17 22:27:25,417 - root - INFO -     PVL: 607 cells (12.4%)
2026-02-17 22:27:25,417 - root - INFO -     Plasmablasts: 546 cells (11.1%)
2026-02-17 22:27:25,417 - root - INFO -     T-cells: 378 cells (7.7%)
2026-02-17 22:27:25,417 - root - INFO - 
=== EM Iteration 9/10 ===
2026-02-17 22:27:25,417 - root - INFO - Global IQP: 952 spots x 9 cell types = 8568 integer variables
2026-02-17 22:27:25,417 - root - INFO - Time limit: 600.0s, MIP gap: 5.0%
2026-02-17 22:27:25,417 - gurobipy - INFO - Set parameter TimeLimit to value 600
2026-02-17 22:27:25,417 - gurobipy - INFO - Set parameter MIPGap to value 0.05
2026-02-17 22:27:27,366 - root - INFO - Starting global IQP optimization...
2026-02-17 22:27:27,367 - gurobipy - INFO - Gurobi Optimizer version 11.0.2 build v11.0.2rc0 (linux64 - "Red Hat Enterprise Linux 9.6 (Plow)")
2026-02-17 22:27:27,367 - gurobipy - INFO - 
2026-02-17 22:27:27,367 - gurobipy - INFO - CPU model: Intel(R) Xeon(R) Platinum 8352Y CPU @ 2.20GHz, instruction set [SSE2|AVX|AVX2|AVX512]
2026-02-17 22:27:27,367 - gurobipy - INFO - Thread count: 64 physical cores, 64 logical processors, using up to 32 threads
2026-02-17 22:27:27,367 - gurobipy - INFO - 
2026-02-17 22:27:27,367 - gurobipy - INFO - Optimize a model with 931 rows, 8568 columns and 8379 nonzeros
2026-02-17 22:27:27,368 - gurobipy - INFO - Model fingerprint: 0x7593911c
2026-02-17 22:27:27,368 - gurobipy - INFO - Model has 8568 quadratic objective terms
2026-02-17 22:27:27,368 - gurobipy - INFO - Variable types: 0 continuous, 8568 integer (0 binary)
2026-02-17 22:27:27,368 - gurobipy - INFO - Coefficient statistics:
2026-02-17 22:27:27,368 - gurobipy - INFO -   Matrix range     [1e+00, 1e+00]
2026-02-17 22:27:27,368 - gurobipy - INFO -   Objective range  [2e-03, 2e+00]
2026-02-17 22:27:27,368 - gurobipy - INFO -   QObjective range [3e-01, 6e-01]
2026-02-17 22:27:27,368 - gurobipy - INFO -   Bounds range     [1e+00, 2e+01]
2026-02-17 22:27:27,368 - gurobipy - INFO -   RHS range        [1e+00, 2e+01]
2026-02-17 22:27:27,368 - gurobipy - INFO - 
2026-02-17 22:27:27,369 - gurobipy - INFO - Loaded user MIP start with objective 953.562
2026-02-17 22:27:27,369 - gurobipy - INFO - 
2026-02-17 22:27:35,377 - gurobipy - INFO - Presolve removed 930 rows and 8559 columns (presolve time = 8s) ...
2026-02-17 22:27:35,377 - gurobipy - INFO - Presolve removed 930 rows and 8559 columns
2026-02-17 22:27:35,377 - gurobipy - INFO - Presolve time: 8.01s
2026-02-17 22:27:35,378 - gurobipy - INFO - Presolved: 1 rows, 9 columns, 9 nonzeros
2026-02-17 22:27:35,378 - gurobipy - INFO - Presolved model has 9 quadratic objective terms
2026-02-17 22:27:35,378 - gurobipy - INFO - Found heuristic solution: objective 953.3563496
2026-02-17 22:27:35,378 - gurobipy - INFO - Variable types: 0 continuous, 9 integer (0 binary)
2026-02-17 22:27:35,379 - gurobipy - INFO - 
2026-02-17 22:27:35,379 - gurobipy - INFO - Explored 0 nodes (0 simplex iterations) in 8.01 seconds (0.10 work units)
2026-02-17 22:27:35,379 - gurobipy - INFO - Thread count was 32 (of 64 available processors)
2026-02-17 22:27:35,379 - gurobipy - INFO - 
2026-02-17 22:27:35,379 - gurobipy - INFO - Solution count 2: 953.356 953.562 
2026-02-17 22:27:35,379 - gurobipy - INFO - 
2026-02-17 22:27:35,379 - gurobipy - INFO - Optimal solution found (tolerance 5.00e-02)
2026-02-17 22:27:35,379 - gurobipy - INFO - Best objective 9.533563496236e+02, best bound 9.491089564857e+02, gap 0.4455%
2026-02-17 22:27:35,406 - root - INFO - Global IQP solved: status=2, gap=0.45%, time=8.0s
2026-02-17 22:27:35,445 - root - INFO -   Loss: 947.9513 (change: 0.005884)
2026-02-17 22:27:35,445 - root - INFO -   Beta range: [0.240, 0.394]
2026-02-17 22:27:35,445 - root - INFO -   Max beta change: 0.019586
2026-02-17 22:27:35,446 - root - INFO -   Cell count range: [0, 19]
2026-02-17 22:27:35,446 - root - INFO -     B-cells: 450 cells (9.2%)
2026-02-17 22:27:35,446 - root - INFO -     CAFs: 662 cells (13.5%)
2026-02-17 22:27:35,446 - root - INFO -     Cancer Epithelial: 727 cells (14.8%)
2026-02-17 22:27:35,446 - root - INFO -     Endothelial: 532 cells (10.8%)
2026-02-17 22:27:35,446 - root - INFO -     Myeloid: 372 cells (7.6%)
2026-02-17 22:27:35,446 - root - INFO -     Normal Epithelial: 633 cells (12.9%)
2026-02-17 22:27:35,446 - root - INFO -     PVL: 607 cells (12.4%)
2026-02-17 22:27:35,446 - root - INFO -     Plasmablasts: 552 cells (11.3%)
2026-02-17 22:27:35,446 - root - INFO -     T-cells: 371 cells (7.6%)
2026-02-17 22:27:35,446 - root - INFO - 
=== EM Iteration 10/10 ===
2026-02-17 22:27:35,446 - root - INFO - Global IQP: 952 spots x 9 cell types = 8568 integer variables
2026-02-17 22:27:35,446 - root - INFO - Time limit: 600.0s, MIP gap: 5.0%
2026-02-17 22:27:35,446 - gurobipy - INFO - Set parameter TimeLimit to value 600
2026-02-17 22:27:35,446 - gurobipy - INFO - Set parameter MIPGap to value 0.05
2026-02-17 22:27:37,386 - root - INFO - Starting global IQP optimization...
2026-02-17 22:27:37,387 - gurobipy - INFO - Gurobi Optimizer version 11.0.2 build v11.0.2rc0 (linux64 - "Red Hat Enterprise Linux 9.6 (Plow)")
2026-02-17 22:27:37,387 - gurobipy - INFO - 
2026-02-17 22:27:37,387 - gurobipy - INFO - CPU model: Intel(R) Xeon(R) Platinum 8352Y CPU @ 2.20GHz, instruction set [SSE2|AVX|AVX2|AVX512]
2026-02-17 22:27:37,387 - gurobipy - INFO - Thread count: 64 physical cores, 64 logical processors, using up to 32 threads
2026-02-17 22:27:37,387 - gurobipy - INFO - 
2026-02-17 22:27:37,387 - gurobipy - INFO - Optimize a model with 931 rows, 8568 columns and 8379 nonzeros
2026-02-17 22:27:37,388 - gurobipy - INFO - Model fingerprint: 0xf504549c
2026-02-17 22:27:37,388 - gurobipy - INFO - Model has 8568 quadratic objective terms
2026-02-17 22:27:37,388 - gurobipy - INFO - Variable types: 0 continuous, 8568 integer (0 binary)
2026-02-17 22:27:37,388 - gurobipy - INFO - Coefficient statistics:
2026-02-17 22:27:37,388 - gurobipy - INFO -   Matrix range     [1e+00, 1e+00]
2026-02-17 22:27:37,388 - gurobipy - INFO -   Objective range  [5e-04, 2e+00]
2026-02-17 22:27:37,388 - gurobipy - INFO -   QObjective range [3e-01, 6e-01]
2026-02-17 22:27:37,388 - gurobipy - INFO -   Bounds range     [1e+00, 2e+01]
2026-02-17 22:27:37,388 - gurobipy - INFO -   RHS range        [1e+00, 2e+01]
2026-02-17 22:27:37,388 - gurobipy - INFO - 
2026-02-17 22:27:37,388 - gurobipy - INFO - Loaded user MIP start with objective 947.951
2026-02-17 22:27:37,388 - gurobipy - INFO - 
2026-02-17 22:27:44,552 - gurobipy - INFO - Presolve removed 930 rows and 8559 columns (presolve time = 7s) ...
2026-02-17 22:27:44,552 - gurobipy - INFO - Presolve removed 930 rows and 8559 columns
2026-02-17 22:27:44,552 - gurobipy - INFO - Presolve time: 7.16s
2026-02-17 22:27:44,553 - gurobipy - INFO - Presolved: 1 rows, 9 columns, 9 nonzeros
2026-02-17 22:27:44,553 - gurobipy - INFO - Presolved model has 9 quadratic objective terms
2026-02-17 22:27:44,553 - gurobipy - INFO - Found heuristic solution: objective 947.5831406
2026-02-17 22:27:44,553 - gurobipy - INFO - Variable types: 0 continuous, 9 integer (0 binary)
2026-02-17 22:27:44,554 - gurobipy - INFO - 
2026-02-17 22:27:44,554 - gurobipy - INFO - Explored 0 nodes (0 simplex iterations) in 7.17 seconds (0.10 work units)
2026-02-17 22:27:44,554 - gurobipy - INFO - Thread count was 32 (of 64 available processors)
2026-02-17 22:27:44,554 - gurobipy - INFO - 
2026-02-17 22:27:44,554 - gurobipy - INFO - Solution count 2: 947.583 947.951 
2026-02-17 22:27:44,554 - gurobipy - INFO - 
2026-02-17 22:27:44,554 - gurobipy - INFO - Optimal solution found (tolerance 5.00e-02)
2026-02-17 22:27:44,554 - gurobipy - INFO - Best objective 9.475831405980e+02, best bound 9.434233452966e+02, gap 0.4390%
2026-02-17 22:27:44,580 - root - INFO - Global IQP solved: status=2, gap=0.44%, time=7.2s
2026-02-17 22:27:44,621 - root - INFO -   Loss: 939.8307 (change: 0.008566)
2026-02-17 22:27:44,621 - root - INFO -   Beta range: [0.238, 0.382]
2026-02-17 22:27:44,621 - root - INFO -   Max beta change: 0.025448
2026-02-17 22:27:44,621 - root - INFO -   Cell count range: [0, 19]
2026-02-17 22:27:44,621 - root - INFO -     B-cells: 444 cells (9.1%)
2026-02-17 22:27:44,621 - root - INFO -     CAFs: 671 cells (13.7%)
2026-02-17 22:27:44,621 - root - INFO -     Cancer Epithelial: 731 cells (14.9%)
2026-02-17 22:27:44,621 - root - INFO -     Endothelial: 530 cells (10.8%)
2026-02-17 22:27:44,622 - root - INFO -     Myeloid: 361 cells (7.4%)
2026-02-17 22:27:44,622 - root - INFO -     Normal Epithelial: 637 cells (13.0%)
2026-02-17 22:27:44,622 - root - INFO -     PVL: 613 cells (12.5%)
2026-02-17 22:27:44,622 - root - INFO -     Plasmablasts: 557 cells (11.4%)
2026-02-17 22:27:44,622 - root - INFO -     T-cells: 362 cells (7.4%)
2026-02-17 22:27:44,622 - root - INFO - 
Final beta values:
2026-02-17 22:27:44,622 - root - INFO -   B-cells_Protein_1: β=0.303, α=0.000
2026-02-17 22:27:44,622 - root - INFO -   B-cells_Protein_2: β=0.295, α=0.000
2026-02-17 22:27:44,622 - root - INFO -   CAFs_Protein_1: β=0.375, α=0.000
2026-02-17 22:27:44,622 - root - INFO -   CAFs_Protein_2: β=0.375, α=0.000
2026-02-17 22:27:44,622 - root - INFO -   Cancer Epithelial_Protein_1: β=0.342, α=0.104
2026-02-17 22:27:44,622 - root - INFO -   Cancer Epithelial_Protein_2: β=0.382, α=0.026
2026-02-17 22:27:44,622 - root - INFO -   Endothelial_Protein_1: β=0.323, α=0.000
2026-02-17 22:27:44,622 - root - INFO -   Endothelial_Protein_2: β=0.291, α=0.000
2026-02-17 22:27:44,622 - root - INFO -   Myeloid_Protein_1: β=0.381, α=0.045
2026-02-17 22:27:44,622 - root - INFO -   Myeloid_Protein_2: β=0.348, α=0.111
2026-02-17 22:27:44,622 - root - INFO -   Normal Epithelial_Protein_1: β=0.245, α=0.003
2026-02-17 22:27:44,622 - root - INFO -   Normal Epithelial_Protein_2: β=0.266, α=0.000
2026-02-17 22:27:44,622 - root - INFO -   PVL_Protein_1: β=0.271, α=0.000
2026-02-17 22:27:44,622 - root - INFO -   PVL_Protein_2: β=0.252, α=0.000
2026-02-17 22:27:44,622 - root - INFO -   Plasmablasts_Protein_1: β=0.238, α=0.000
2026-02-17 22:27:44,622 - root - INFO -   Plasmablasts_Protein_2: β=0.317, α=0.000
2026-02-17 22:27:44,622 - root - INFO -   T-cells_Protein_1: β=0.343, α=0.085
2026-02-17 22:27:44,622 - root - INFO -   T-cells_Protein_2: β=0.382, α=0.024
2026-02-17 22:27:44,630 - root - INFO - Saved discrete cell counts to Benchmarking/simulation_benchmarking/CITEgeist/output_discrete_global/mixed/dapi/mixed/dapi/Wu_rep_1/Wu_rep_1_discrete_cell_counts.csv
2026-02-17 22:27:44,638 - root - INFO - Saved derived proportions to Benchmarking/simulation_benchmarking/CITEgeist/output_discrete_global/mixed/dapi/mixed/dapi/Wu_rep_1/Wu_rep_1_cell_prop_discrete.csv
2026-02-17 22:27:44,638 - root - INFO - Cell type distribution:
2026-02-17 22:27:44,638 - root - INFO -   B-cells: 444 cells (9.1%)
2026-02-17 22:27:44,638 - root - INFO -   CAFs: 671 cells (13.7%)
2026-02-17 22:27:44,638 - root - INFO -   Cancer Epithelial: 731 cells (14.9%)
2026-02-17 22:27:44,638 - root - INFO -   Endothelial: 530 cells (10.8%)
2026-02-17 22:27:44,639 - root - INFO -   Myeloid: 361 cells (7.4%)
2026-02-17 22:27:44,639 - root - INFO -   Normal Epithelial: 637 cells (13.0%)
2026-02-17 22:27:44,639 - root - INFO -   PVL: 613 cells (12.5%)
2026-02-17 22:27:44,639 - root - INFO -   Plasmablasts: 557 cells (11.4%)
2026-02-17 22:27:44,639 - root - INFO -   T-cells: 362 cells (7.4%)
2026-02-17 22:27:44,648 - __main__ - INFO - Loaded ground truth proportions: 952 spots, 9 cell types
2026-02-17 22:27:44,650 - __main__ - INFO - Proportion correlation: 0.481
2026-02-17 22:27:44,650 - __main__ - INFO - Proportion RMSE: 0.1909
2026-02-17 22:27:44,650 - __main__ - INFO - Running GEX deconvolution...
2026-02-17 22:27:44,652 - CITEgeist.model.utils - INFO - Detected spot spacing: 1.61 units (median of 952 nearest-neighbor distances)
2026-02-17 22:27:44,652 - CITEgeist.model.utils - INFO - Computed optimal radius: 4.92 (3.0 rings, spot_spacing=1.61)
2026-02-17 22:27:44,652 - root - INFO - Auto-detected radius: 4.92 (3 rings)
2026-02-17 22:27:44,652 - root - INFO - Starting Pass 1: Error minimization with enrichment weights...
2026-02-17 22:27:44,652 - root - INFO - Using discrete mode: cell counts as fixed multipliers
2026-02-17 22:27:44,652 - root - WARNING - Found 21 spots with zero cells. These will be skipped in deconvolution.
2026-02-17 22:27:44,652 - root - WARNING - Found 21 spots with zero or negligible total cell proportions. Deconvolution for these spots may fail and their profiles will be imputed as zeros. Example spot indices: [ 28 127 134 161 257]
2026-02-17 22:27:44,653 - root - INFO - Starting analysis for Wu_rep_1
2026-02-17 22:27:44,653 - root - INFO - Already completed spots: 0
2026-02-17 22:27:44,653 - root - INFO - Using enrichment weights - Global: 0.5, Local: 0.5
2026-02-17 22:27:44,653 - root - INFO - Using 64 workers
2026-02-17 22:27:44,653 - root - INFO - Processing 952 remaining spots
Deconvoluting Remaining Spots:   0%|          | 0/952 [00:00<?, ?it/s]Deconvoluting Remaining Spots:   0%|          | 1/952 [00:08<2:18:26,  8.73s/it]Deconvoluting Remaining Spots:   0%|          | 2/952 [00:09<1:01:38,  3.89s/it]Deconvoluting Remaining Spots:   0%|          | 3/952 [00:10<41:10,  2.60s/it]  Deconvoluting Remaining Spots:   0%|          | 4/952 [00:10<26:56,  1.70s/it]Deconvoluting Remaining Spots:   1%|          | 5/952 [00:11<20:38,  1.31s/it]Deconvoluting Remaining Spots:   1%|          | 6/952 [00:11<17:17,  1.10s/it]Deconvoluting Remaining Spots:   1%|          | 7/952 [00:12<14:29,  1.09it/s]Deconvoluting Remaining Spots:   1%|          | 8/952 [00:13<13:10,  1.19it/s]Deconvoluting Remaining Spots:   1%|          | 9/952 [00:13<12:16,  1.28it/s]Deconvoluting Remaining Spots:   1%|          | 10/952 [00:14<11:46,  1.33it/s]Deconvoluting Remaining Spots:   1%|          | 11/952 [00:15<11:19,  1.38it/s]Deconvoluting Remaining Spots:   1%|▏         | 12/952 [00:15<11:13,  1.40it/s]Deconvoluting Remaining Spots:   1%|▏         | 13/952 [00:16<11:01,  1.42it/s]Deconvoluting Remaining Spots:   1%|▏         | 14/952 [00:17<11:22,  1.37it/s]Deconvoluting Remaining Spots:   2%|▏         | 15/952 [00:17<11:04,  1.41it/s]Deconvoluting Remaining Spots:   2%|▏         | 16/952 [00:18<10:54,  1.43it/s]Deconvoluting Remaining Spots:   2%|▏         | 17/952 [00:19<10:50,  1.44it/s]Deconvoluting Remaining Spots:   2%|▏         | 18/952 [00:19<10:42,  1.45it/s]Deconvoluting Remaining Spots:   2%|▏         | 19/952 [00:20<10:47,  1.44it/s]Deconvoluting Remaining Spots:   2%|▏         | 20/952 [00:21<10:24,  1.49it/s]Deconvoluting Remaining Spots:   2%|▏         | 21/952 [00:22<11:20,  1.37it/s]Deconvoluting Remaining Spots:   2%|▏         | 22/952 [00:22<10:28,  1.48it/s]Deconvoluting Remaining Spots:   2%|▏         | 23/952 [00:23<10:29,  1.48it/s]Deconvoluting Remaining Spots:   3%|▎         | 24/952 [00:24<10:34,  1.46it/s]Deconvoluting Remaining Spots:   3%|▎         | 25/952 [00:24<10:25,  1.48it/s]Deconvoluting Remaining Spots:   3%|▎         | 26/952 [00:25<11:31,  1.34it/s]Deconvoluting Remaining Spots:   3%|▎         | 27/952 [00:26<09:55,  1.55it/s]Deconvoluting Remaining Spots:   3%|▎         | 28/952 [00:26<10:03,  1.53it/s]Deconvoluting Remaining Spots:   3%|▎         | 29/952 [00:27<10:01,  1.53it/s]Deconvoluting Remaining Spots:   3%|▎         | 30/952 [00:28<10:15,  1.50it/s]Deconvoluting Remaining Spots:   3%|▎         | 31/952 [00:28<10:01,  1.53it/s]Deconvoluting Remaining Spots:   3%|▎         | 32/952 [00:29<10:25,  1.47it/s]Deconvoluting Remaining Spots:   3%|▎         | 33/952 [00:30<10:41,  1.43it/s]Deconvoluting Remaining Spots:   4%|▎         | 34/952 [00:30<10:47,  1.42it/s]Deconvoluting Remaining Spots:   4%|▎         | 35/952 [00:32<12:30,  1.22it/s]Deconvoluting Remaining Spots:   4%|▍         | 36/952 [00:32<09:56,  1.54it/s]Deconvoluting Remaining Spots:   4%|▍         | 37/952 [00:33<10:51,  1.40it/s]Deconvoluting Remaining Spots:   4%|▍         | 38/952 [00:33<10:42,  1.42it/s]Deconvoluting Remaining Spots:   4%|▍         | 39/952 [00:34<09:31,  1.60it/s]Deconvoluting Remaining Spots:   4%|▍         | 40/952 [00:35<10:01,  1.52it/s]Deconvoluting Remaining Spots:   4%|▍         | 41/952 [00:35<10:18,  1.47it/s]Deconvoluting Remaining Spots:   4%|▍         | 42/952 [00:36<10:14,  1.48it/s]Deconvoluting Remaining Spots:   5%|▍         | 43/952 [00:37<09:57,  1.52it/s]Deconvoluting Remaining Spots:   5%|▍         | 44/952 [00:37<10:07,  1.50it/s]Deconvoluting Remaining Spots:   5%|▍         | 45/952 [00:38<09:42,  1.56it/s]Deconvoluting Remaining Spots:   5%|▍         | 46/952 [00:39<10:04,  1.50it/s]Deconvoluting Remaining Spots:   5%|▍         | 47/952 [00:39<10:17,  1.46it/s]Deconvoluting Remaining Spots:   5%|▌         | 48/952 [00:40<10:18,  1.46it/s]Deconvoluting Remaining Spots:   5%|▌         | 49/952 [00:41<10:08,  1.48it/s]Deconvoluting Remaining Spots:   5%|▌         | 50/952 [00:41<10:02,  1.50it/s]Deconvoluting Remaining Spots:   5%|▌         | 51/952 [00:42<11:11,  1.34it/s]Deconvoluting Remaining Spots:   5%|▌         | 52/952 [00:43<10:58,  1.37it/s]Deconvoluting Remaining Spots:   6%|▌         | 53/952 [00:44<13:38,  1.10it/s]Deconvoluting Remaining Spots:   6%|▌         | 54/952 [00:44<09:59,  1.50it/s]Deconvoluting Remaining Spots:   6%|▌         | 55/952 [00:45<09:41,  1.54it/s]Deconvoluting Remaining Spots:   6%|▌         | 56/952 [00:45<09:01,  1.65it/s]Deconvoluting Remaining Spots:   6%|▌         | 57/952 [00:46<09:11,  1.62it/s]Deconvoluting Remaining Spots:   6%|▌         | 58/952 [00:47<10:09,  1.47it/s]Deconvoluting Remaining Spots:   6%|▌         | 59/952 [00:47<09:44,  1.53it/s]Deconvoluting Remaining Spots:   6%|▋         | 60/952 [00:48<09:19,  1.59it/s]Deconvoluting Remaining Spots:   6%|▋         | 61/952 [00:49<09:20,  1.59it/s]Deconvoluting Remaining Spots:   7%|▋         | 62/952 [00:49<09:30,  1.56it/s]Deconvoluting Remaining Spots:   7%|▋         | 63/952 [00:50<10:11,  1.45it/s]Deconvoluting Remaining Spots:   7%|▋         | 64/952 [00:51<10:40,  1.39it/s]Deconvoluting Remaining Spots:   7%|▋         | 65/952 [00:51<09:46,  1.51it/s]Deconvoluting Remaining Spots:   7%|▋         | 66/952 [00:52<09:15,  1.60it/s]Deconvoluting Remaining Spots:   7%|▋         | 67/952 [00:53<09:19,  1.58it/s]Deconvoluting Remaining Spots:   7%|▋         | 68/952 [00:53<08:49,  1.67it/s]Deconvoluting Remaining Spots:   7%|▋         | 69/952 [00:54<07:41,  1.91it/s]Deconvoluting Remaining Spots:   7%|▋         | 70/952 [00:54<08:15,  1.78it/s]Deconvoluting Remaining Spots:   7%|▋         | 71/952 [00:55<08:08,  1.80it/s]Deconvoluting Remaining Spots:   8%|▊         | 72/952 [00:55<07:58,  1.84it/s]Deconvoluting Remaining Spots:   8%|▊         | 73/952 [00:56<08:12,  1.78it/s]Deconvoluting Remaining Spots:   8%|▊         | 74/952 [00:56<07:54,  1.85it/s]Deconvoluting Remaining Spots:   8%|▊         | 75/952 [00:57<07:48,  1.87it/s]Deconvoluting Remaining Spots:   8%|▊         | 76/952 [00:57<07:46,  1.88it/s]Deconvoluting Remaining Spots:   8%|▊         | 77/952 [00:58<08:11,  1.78it/s]Deconvoluting Remaining Spots:   8%|▊         | 78/952 [00:59<08:14,  1.77it/s]Deconvoluting Remaining Spots:   8%|▊         | 79/952 [00:59<08:37,  1.69it/s]Deconvoluting Remaining Spots:   8%|▊         | 80/952 [01:00<08:16,  1.76it/s]Deconvoluting Remaining Spots:   9%|▊         | 81/952 [01:00<06:43,  2.16it/s]Deconvoluting Remaining Spots:   9%|▊         | 82/952 [01:01<07:35,  1.91it/s]Deconvoluting Remaining Spots:   9%|▊         | 83/952 [01:01<08:21,  1.73it/s]Deconvoluting Remaining Spots:   9%|▉         | 84/952 [01:02<08:26,  1.71it/s]Deconvoluting Remaining Spots:   9%|▉         | 85/952 [01:02<07:05,  2.04it/s]Deconvoluting Remaining Spots:   9%|▉         | 86/952 [01:02<06:10,  2.33it/s]Deconvoluting Remaining Spots:   9%|▉         | 87/952 [01:03<07:48,  1.85it/s]Deconvoluting Remaining Spots:   9%|▉         | 88/952 [01:04<07:38,  1.88it/s]Deconvoluting Remaining Spots:   9%|▉         | 89/952 [01:04<06:53,  2.09it/s]Deconvoluting Remaining Spots:   9%|▉         | 90/952 [01:05<07:40,  1.87it/s]Deconvoluting Remaining Spots:  10%|▉         | 91/952 [01:05<06:52,  2.09it/s]Deconvoluting Remaining Spots:  10%|▉         | 92/952 [01:06<07:22,  1.94it/s]Deconvoluting Remaining Spots:  10%|▉         | 93/952 [01:07<08:28,  1.69it/s]Deconvoluting Remaining Spots:  10%|▉         | 94/952 [01:07<08:39,  1.65it/s]Deconvoluting Remaining Spots:  10%|▉         | 95/952 [01:08<08:51,  1.61it/s]Deconvoluting Remaining Spots:  10%|█         | 96/952 [01:08<08:20,  1.71it/s]Deconvoluting Remaining Spots:  10%|█         | 97/952 [01:09<07:18,  1.95it/s]Deconvoluting Remaining Spots:  10%|█         | 98/952 [01:09<08:04,  1.76it/s]Deconvoluting Remaining Spots:  10%|█         | 99/952 [01:10<08:00,  1.78it/s]Deconvoluting Remaining Spots:  11%|█         | 100/952 [01:10<06:53,  2.06it/s]2026-02-17 22:28:58,976 - root - INFO - Saved checkpoint after 100 completed spots
Deconvoluting Remaining Spots:  11%|█         | 101/952 [01:12<13:47,  1.03it/s]Deconvoluting Remaining Spots:  11%|█         | 105/952 [01:13<06:23,  2.21it/s]Deconvoluting Remaining Spots:  11%|█         | 106/952 [01:13<06:11,  2.28it/s]Deconvoluting Remaining Spots:  11%|█         | 107/952 [01:14<07:03,  1.99it/s]Deconvoluting Remaining Spots:  11%|█▏        | 108/952 [01:15<07:07,  1.97it/s]Deconvoluting Remaining Spots:  11%|█▏        | 109/952 [01:15<07:26,  1.89it/s]Deconvoluting Remaining Spots:  12%|█▏        | 110/952 [01:16<07:15,  1.93it/s]Deconvoluting Remaining Spots:  12%|█▏        | 111/952 [01:16<07:22,  1.90it/s]Deconvoluting Remaining Spots:  12%|█▏        | 112/952 [01:17<08:04,  1.73it/s]Deconvoluting Remaining Spots:  12%|█▏        | 113/952 [01:17<07:59,  1.75it/s]Deconvoluting Remaining Spots:  12%|█▏        | 114/952 [01:18<09:30,  1.47it/s]Deconvoluting Remaining Spots:  12%|█▏        | 115/952 [01:19<08:31,  1.64it/s]Deconvoluting Remaining Spots:  12%|█▏        | 116/952 [01:19<06:41,  2.08it/s]Deconvoluting Remaining Spots:  12%|█▏        | 117/952 [01:20<07:09,  1.94it/s]Deconvoluting Remaining Spots:  12%|█▏        | 118/952 [01:20<07:18,  1.90it/s]Deconvoluting Remaining Spots:  12%|█▎        | 119/952 [01:21<09:03,  1.53it/s]Deconvoluting Remaining Spots:  13%|█▎        | 120/952 [01:21<07:24,  1.87it/s]Deconvoluting Remaining Spots:  13%|█▎        | 121/952 [01:22<07:15,  1.91it/s]Deconvoluting Remaining Spots:  13%|█▎        | 122/952 [01:22<06:48,  2.03it/s]Deconvoluting Remaining Spots:  13%|█▎        | 123/952 [01:23<08:15,  1.67it/s]Deconvoluting Remaining Spots:  13%|█▎        | 124/952 [01:24<07:18,  1.89it/s]Deconvoluting Remaining Spots:  13%|█▎        | 125/952 [01:24<07:06,  1.94it/s]Deconvoluting Remaining Spots:  13%|█▎        | 126/952 [01:25<07:56,  1.73it/s]Deconvoluting Remaining Spots:  13%|█▎        | 127/952 [01:25<07:03,  1.95it/s]Deconvoluting Remaining Spots:  13%|█▎        | 128/952 [01:26<10:35,  1.30it/s]Deconvoluting Remaining Spots:  14%|█▎        | 130/952 [01:27<07:26,  1.84it/s]Deconvoluting Remaining Spots:  14%|█▍        | 131/952 [01:27<06:35,  2.08it/s]Deconvoluting Remaining Spots:  14%|█▍        | 132/952 [01:28<06:08,  2.22it/s]Deconvoluting Remaining Spots:  14%|█▍        | 133/952 [01:28<06:51,  1.99it/s]Deconvoluting Remaining Spots:  14%|█▍        | 134/952 [01:29<06:48,  2.00it/s]Deconvoluting Remaining Spots:  14%|█▍        | 135/952 [01:29<06:59,  1.95it/s]Deconvoluting Remaining Spots:  14%|█▍        | 136/952 [01:30<06:58,  1.95it/s]Deconvoluting Remaining Spots:  14%|█▍        | 137/952 [01:31<07:40,  1.77it/s]Deconvoluting Remaining Spots:  14%|█▍        | 138/952 [01:31<07:31,  1.80it/s]Deconvoluting Remaining Spots:  15%|█▍        | 139/952 [01:32<07:21,  1.84it/s]Deconvoluting Remaining Spots:  15%|█▍        | 140/952 [01:32<07:21,  1.84it/s]Deconvoluting Remaining Spots:  15%|█▍        | 141/952 [01:33<07:14,  1.87it/s]Deconvoluting Remaining Spots:  15%|█▍        | 142/952 [01:33<07:24,  1.82it/s]Deconvoluting Remaining Spots:  15%|█▌        | 143/952 [01:34<07:23,  1.83it/s]Deconvoluting Remaining Spots:  15%|█▌        | 144/952 [01:35<08:13,  1.64it/s]Deconvoluting Remaining Spots:  15%|█▌        | 145/952 [01:35<07:47,  1.73it/s]Deconvoluting Remaining Spots:  15%|█▌        | 146/952 [01:36<07:36,  1.77it/s]Deconvoluting Remaining Spots:  15%|█▌        | 147/952 [01:36<07:26,  1.80it/s]Deconvoluting Remaining Spots:  16%|█▌        | 148/952 [01:36<05:53,  2.28it/s]Deconvoluting Remaining Spots:  16%|█▌        | 149/952 [01:37<06:34,  2.03it/s]Deconvoluting Remaining Spots:  16%|█▌        | 150/952 [01:37<06:44,  1.98it/s]Deconvoluting Remaining Spots:  16%|█▌        | 151/952 [01:38<07:48,  1.71it/s]Deconvoluting Remaining Spots:  16%|█▌        | 152/952 [01:39<06:44,  1.98it/s]Deconvoluting Remaining Spots:  16%|█▌        | 153/952 [01:39<06:42,  1.98it/s]Deconvoluting Remaining Spots:  16%|█▌        | 154/952 [01:40<07:00,  1.90it/s]Deconvoluting Remaining Spots:  16%|█▋        | 155/952 [01:40<08:27,  1.57it/s]Deconvoluting Remaining Spots:  16%|█▋        | 157/952 [01:41<06:39,  1.99it/s]Deconvoluting Remaining Spots:  17%|█▋        | 158/952 [01:42<06:32,  2.02it/s]Deconvoluting Remaining Spots:  17%|█▋        | 159/952 [01:42<06:47,  1.94it/s]Deconvoluting Remaining Spots:  17%|█▋        | 160/952 [01:43<07:39,  1.72it/s]Deconvoluting Remaining Spots:  17%|█▋        | 161/952 [01:43<07:23,  1.78it/s]Deconvoluting Remaining Spots:  17%|█▋        | 162/952 [01:44<07:24,  1.78it/s]Deconvoluting Remaining Spots:  17%|█▋        | 163/952 [01:45<07:15,  1.81it/s]Deconvoluting Remaining Spots:  17%|█▋        | 164/952 [01:45<07:12,  1.82it/s]Deconvoluting Remaining Spots:  17%|█▋        | 165/952 [01:46<07:11,  1.82it/s]Deconvoluting Remaining Spots:  17%|█▋        | 166/952 [01:46<07:05,  1.85it/s]Deconvoluting Remaining Spots:  18%|█▊        | 167/952 [01:47<07:00,  1.87it/s]Deconvoluting Remaining Spots:  18%|█▊        | 168/952 [01:47<06:14,  2.09it/s]Deconvoluting Remaining Spots:  18%|█▊        | 169/952 [01:48<06:23,  2.04it/s]Deconvoluting Remaining Spots:  18%|█▊        | 170/952 [01:48<07:40,  1.70it/s]Deconvoluting Remaining Spots:  18%|█▊        | 171/952 [01:49<07:31,  1.73it/s]Deconvoluting Remaining Spots:  18%|█▊        | 172/952 [01:49<07:23,  1.76it/s]Deconvoluting Remaining Spots:  18%|█▊        | 173/952 [01:50<07:16,  1.79it/s]Deconvoluting Remaining Spots:  18%|█▊        | 174/952 [01:51<08:02,  1.61it/s]Deconvoluting Remaining Spots:  18%|█▊        | 175/952 [01:51<07:01,  1.84it/s]Deconvoluting Remaining Spots:  18%|█▊        | 176/952 [01:51<06:05,  2.12it/s]Deconvoluting Remaining Spots:  19%|█▊        | 177/952 [01:52<06:21,  2.03it/s]Deconvoluting Remaining Spots:  19%|█▊        | 178/952 [01:52<05:48,  2.22it/s]Deconvoluting Remaining Spots:  19%|█▉        | 179/952 [01:53<06:16,  2.06it/s]Deconvoluting Remaining Spots:  19%|█▉        | 180/952 [01:54<07:23,  1.74it/s]Deconvoluting Remaining Spots:  19%|█▉        | 181/952 [01:54<06:56,  1.85it/s]Deconvoluting Remaining Spots:  19%|█▉        | 182/952 [01:55<06:57,  1.84it/s]Deconvoluting Remaining Spots:  19%|█▉        | 183/952 [01:55<07:21,  1.74it/s]Deconvoluting Remaining Spots:  19%|█▉        | 184/952 [01:56<05:51,  2.19it/s]Deconvoluting Remaining Spots:  19%|█▉        | 185/952 [01:56<07:17,  1.75it/s]Deconvoluting Remaining Spots:  20%|█▉        | 186/952 [01:57<08:01,  1.59it/s]Deconvoluting Remaining Spots:  20%|█▉        | 187/952 [01:57<06:53,  1.85it/s]Deconvoluting Remaining Spots:  20%|█▉        | 188/952 [01:58<07:05,  1.80it/s]Deconvoluting Remaining Spots:  20%|█▉        | 189/952 [01:59<07:19,  1.73it/s]Deconvoluting Remaining Spots:  20%|█▉        | 190/952 [01:59<06:31,  1.95it/s]Deconvoluting Remaining Spots:  20%|██        | 191/952 [02:00<06:41,  1.89it/s]Deconvoluting Remaining Spots:  20%|██        | 192/952 [02:00<05:58,  2.12it/s]Deconvoluting Remaining Spots:  20%|██        | 193/952 [02:01<06:30,  1.94it/s]Deconvoluting Remaining Spots:  20%|██        | 194/952 [02:01<05:59,  2.11it/s]Deconvoluting Remaining Spots:  20%|██        | 195/952 [02:02<06:24,  1.97it/s]Deconvoluting Remaining Spots:  21%|██        | 196/952 [02:02<07:54,  1.59it/s]Deconvoluting Remaining Spots:  21%|██        | 197/952 [02:03<06:05,  2.07it/s]Deconvoluting Remaining Spots:  21%|██        | 198/952 [02:03<07:07,  1.77it/s]Deconvoluting Remaining Spots:  21%|██        | 199/952 [02:04<07:07,  1.76it/s]Deconvoluting Remaining Spots:  21%|██        | 200/952 [02:05<07:46,  1.61it/s]2026-02-17 22:29:55,453 - root - INFO - Saved checkpoint after 200 completed spots
Deconvoluting Remaining Spots:  21%|██        | 201/952 [02:09<20:55,  1.67s/it]Deconvoluting Remaining Spots:  22%|██▏       | 209/952 [02:09<05:23,  2.30it/s]Deconvoluting Remaining Spots:  22%|██▏       | 210/952 [02:10<05:05,  2.43it/s]Deconvoluting Remaining Spots:  22%|██▏       | 211/952 [02:10<05:29,  2.25it/s]Deconvoluting Remaining Spots:  22%|██▏       | 212/952 [02:11<05:37,  2.19it/s]Deconvoluting Remaining Spots:  22%|██▏       | 213/952 [02:11<06:15,  1.97it/s]Deconvoluting Remaining Spots:  22%|██▏       | 214/952 [02:12<06:16,  1.96it/s]Deconvoluting Remaining Spots:  23%|██▎       | 215/952 [02:13<06:27,  1.90it/s]Deconvoluting Remaining Spots:  23%|██▎       | 216/952 [02:13<06:30,  1.88it/s]Deconvoluting Remaining Spots:  23%|██▎       | 217/952 [02:14<07:38,  1.60it/s]Deconvoluting Remaining Spots:  23%|██▎       | 218/952 [02:15<07:18,  1.68it/s]Deconvoluting Remaining Spots:  23%|██▎       | 219/952 [02:15<06:59,  1.75it/s]Deconvoluting Remaining Spots:  23%|██▎       | 220/952 [02:16<06:58,  1.75it/s]Deconvoluting Remaining Spots:  23%|██▎       | 221/952 [02:16<06:51,  1.78it/s]Deconvoluting Remaining Spots:  23%|██▎       | 222/952 [02:17<06:44,  1.80it/s]Deconvoluting Remaining Spots:  23%|██▎       | 223/952 [02:17<06:34,  1.85it/s]Deconvoluting Remaining Spots:  24%|██▎       | 224/952 [02:18<06:37,  1.83it/s]Deconvoluting Remaining Spots:  24%|██▎       | 225/952 [02:18<06:41,  1.81it/s]Deconvoluting Remaining Spots:  24%|██▎       | 226/952 [02:19<06:50,  1.77it/s]Deconvoluting Remaining Spots:  24%|██▍       | 227/952 [02:20<07:53,  1.53it/s]Deconvoluting Remaining Spots:  24%|██▍       | 228/952 [02:20<06:19,  1.91it/s]Deconvoluting Remaining Spots:  24%|██▍       | 229/952 [02:20<06:04,  1.98it/s]Deconvoluting Remaining Spots:  24%|██▍       | 230/952 [02:21<06:16,  1.92it/s]Deconvoluting Remaining Spots:  24%|██▍       | 231/952 [02:22<07:13,  1.66it/s]Deconvoluting Remaining Spots:  24%|██▍       | 232/952 [02:23<07:34,  1.58it/s]Deconvoluting Remaining Spots:  24%|██▍       | 233/952 [02:23<05:56,  2.02it/s]Deconvoluting Remaining Spots:  25%|██▍       | 234/952 [02:23<05:41,  2.10it/s]Deconvoluting Remaining Spots:  25%|██▍       | 235/952 [02:24<05:37,  2.13it/s]Deconvoluting Remaining Spots:  25%|██▍       | 236/952 [02:24<05:30,  2.17it/s]Deconvoluting Remaining Spots:  25%|██▍       | 237/952 [02:25<05:47,  2.06it/s]Deconvoluting Remaining Spots:  25%|██▌       | 238/952 [02:25<05:59,  1.98it/s]Deconvoluting Remaining Spots:  25%|██▌       | 239/952 [02:26<06:12,  1.91it/s]Deconvoluting Remaining Spots:  25%|██▌       | 240/952 [02:26<06:30,  1.82it/s]Deconvoluting Remaining Spots:  25%|██▌       | 241/952 [02:27<06:18,  1.88it/s]Deconvoluting Remaining Spots:  25%|██▌       | 242/952 [02:27<06:15,  1.89it/s]Deconvoluting Remaining Spots:  26%|██▌       | 243/952 [02:28<06:39,  1.78it/s]Deconvoluting Remaining Spots:  26%|██▌       | 244/952 [02:28<06:20,  1.86it/s]Deconvoluting Remaining Spots:  26%|██▌       | 245/952 [02:29<06:11,  1.90it/s]Deconvoluting Remaining Spots:  26%|██▌       | 246/952 [02:30<07:37,  1.54it/s]Deconvoluting Remaining Spots:  26%|██▌       | 247/952 [02:30<07:09,  1.64it/s]Deconvoluting Remaining Spots:  26%|██▌       | 248/952 [02:31<06:49,  1.72it/s]Deconvoluting Remaining Spots:  26%|██▌       | 249/952 [02:31<06:13,  1.88it/s]Deconvoluting Remaining Spots:  26%|██▋       | 250/952 [02:32<07:06,  1.65it/s]Deconvoluting Remaining Spots:  26%|██▋       | 251/952 [02:33<06:48,  1.72it/s]Deconvoluting Remaining Spots:  26%|██▋       | 252/952 [02:33<05:59,  1.95it/s]Deconvoluting Remaining Spots:  27%|██▋       | 253/952 [02:34<07:04,  1.65it/s]Deconvoluting Remaining Spots:  27%|██▋       | 254/952 [02:34<05:48,  2.00it/s]Deconvoluting Remaining Spots:  27%|██▋       | 255/952 [02:35<05:57,  1.95it/s]Deconvoluting Remaining Spots:  27%|██▋       | 256/952 [02:35<05:58,  1.94it/s]Deconvoluting Remaining Spots:  27%|██▋       | 257/952 [02:36<07:11,  1.61it/s]Deconvoluting Remaining Spots:  27%|██▋       | 259/952 [02:37<06:14,  1.85it/s]Deconvoluting Remaining Spots:  27%|██▋       | 260/952 [02:37<06:29,  1.78it/s]Deconvoluting Remaining Spots:  27%|██▋       | 261/952 [02:38<06:30,  1.77it/s]Deconvoluting Remaining Spots:  28%|██▊       | 262/952 [02:39<06:23,  1.80it/s]Deconvoluting Remaining Spots:  28%|██▊       | 263/952 [02:39<05:41,  2.02it/s]Deconvoluting Remaining Spots:  28%|██▊       | 264/952 [02:40<06:38,  1.73it/s]Deconvoluting Remaining Spots:  28%|██▊       | 265/952 [02:40<05:39,  2.02it/s]Deconvoluting Remaining Spots:  28%|██▊       | 267/952 [02:41<05:06,  2.24it/s]Deconvoluting Remaining Spots:  28%|██▊       | 268/952 [02:41<05:45,  1.98it/s]Deconvoluting Remaining Spots:  28%|██▊       | 269/952 [02:42<05:44,  1.98it/s]Deconvoluting Remaining Spots:  28%|██▊       | 270/952 [02:43<06:23,  1.78it/s]Deconvoluting Remaining Spots:  28%|██▊       | 271/952 [02:43<05:38,  2.01it/s]Deconvoluting Remaining Spots:  29%|██▊       | 272/952 [02:44<06:10,  1.84it/s]Deconvoluting Remaining Spots:  29%|██▊       | 273/952 [02:44<06:16,  1.80it/s]Deconvoluting Remaining Spots:  29%|██▉       | 274/952 [02:45<05:38,  2.00it/s]Deconvoluting Remaining Spots:  29%|██▉       | 275/952 [02:45<05:59,  1.88it/s]Deconvoluting Remaining Spots:  29%|██▉       | 276/952 [02:46<06:53,  1.63it/s]Deconvoluting Remaining Spots:  29%|██▉       | 277/952 [02:47<06:48,  1.65it/s]Deconvoluting Remaining Spots:  29%|██▉       | 278/952 [02:47<06:26,  1.74it/s]Deconvoluting Remaining Spots:  29%|██▉       | 279/952 [02:48<06:16,  1.79it/s]Deconvoluting Remaining Spots:  29%|██▉       | 280/952 [02:48<06:23,  1.75it/s]Deconvoluting Remaining Spots:  30%|██▉       | 281/952 [02:49<06:18,  1.78it/s]Deconvoluting Remaining Spots:  30%|██▉       | 282/952 [02:49<05:38,  1.98it/s]Deconvoluting Remaining Spots:  30%|██▉       | 283/952 [02:50<06:03,  1.84it/s]Deconvoluting Remaining Spots:  30%|██▉       | 284/952 [02:50<05:48,  1.92it/s]Deconvoluting Remaining Spots:  30%|██▉       | 285/952 [02:51<05:22,  2.07it/s]Deconvoluting Remaining Spots:  30%|███       | 286/952 [02:51<05:26,  2.04it/s]Deconvoluting Remaining Spots:  30%|███       | 287/952 [02:52<06:15,  1.77it/s]Deconvoluting Remaining Spots:  30%|███       | 288/952 [02:52<06:06,  1.81it/s]Deconvoluting Remaining Spots:  30%|███       | 289/952 [02:53<06:01,  1.83it/s]Deconvoluting Remaining Spots:  30%|███       | 290/952 [02:54<06:09,  1.79it/s]Deconvoluting Remaining Spots:  31%|███       | 291/952 [02:54<06:00,  1.83it/s]Deconvoluting Remaining Spots:  31%|███       | 292/952 [02:55<06:30,  1.69it/s]Deconvoluting Remaining Spots:  31%|███       | 293/952 [02:55<06:00,  1.83it/s]Deconvoluting Remaining Spots:  31%|███       | 294/952 [02:56<06:11,  1.77it/s]Deconvoluting Remaining Spots:  31%|███       | 295/952 [02:56<06:00,  1.82it/s]Deconvoluting Remaining Spots:  31%|███       | 296/952 [02:57<05:59,  1.83it/s]Deconvoluting Remaining Spots:  31%|███       | 297/952 [02:57<05:24,  2.02it/s]Deconvoluting Remaining Spots:  31%|███▏      | 298/952 [02:58<04:59,  2.18it/s]Deconvoluting Remaining Spots:  31%|███▏      | 299/952 [02:58<05:24,  2.01it/s]Deconvoluting Remaining Spots:  32%|███▏      | 300/952 [02:59<05:15,  2.07it/s]2026-02-17 22:30:51,563 - root - INFO - Saved checkpoint after 300 completed spots
Deconvoluting Remaining Spots:  32%|███▏      | 301/952 [03:05<23:59,  2.21s/it]Deconvoluting Remaining Spots:  33%|███▎      | 311/952 [03:05<04:41,  2.28it/s]Deconvoluting Remaining Spots:  33%|███▎      | 313/952 [03:06<04:39,  2.29it/s]Deconvoluting Remaining Spots:  33%|███▎      | 314/952 [03:06<04:27,  2.39it/s]Deconvoluting Remaining Spots:  33%|███▎      | 315/952 [03:07<04:32,  2.34it/s]Deconvoluting Remaining Spots:  33%|███▎      | 316/952 [03:08<05:08,  2.06it/s]Deconvoluting Remaining Spots:  33%|███▎      | 317/952 [03:08<05:10,  2.05it/s]Deconvoluting Remaining Spots:  33%|███▎      | 318/952 [03:09<05:43,  1.85it/s]Deconvoluting Remaining Spots:  34%|███▎      | 319/952 [03:09<05:15,  2.01it/s]Deconvoluting Remaining Spots:  34%|███▎      | 320/952 [03:10<06:07,  1.72it/s]Deconvoluting Remaining Spots:  34%|███▎      | 321/952 [03:10<05:43,  1.83it/s]Deconvoluting Remaining Spots:  34%|███▍      | 322/952 [03:11<06:13,  1.69it/s]Deconvoluting Remaining Spots:  34%|███▍      | 323/952 [03:12<06:28,  1.62it/s]Deconvoluting Remaining Spots:  34%|███▍      | 324/952 [03:12<06:15,  1.67it/s]Deconvoluting Remaining Spots:  34%|███▍      | 325/952 [03:13<06:26,  1.62it/s]Deconvoluting Remaining Spots:  34%|███▍      | 326/952 [03:14<06:17,  1.66it/s]Deconvoluting Remaining Spots:  34%|███▍      | 327/952 [03:14<06:03,  1.72it/s]Deconvoluting Remaining Spots:  34%|███▍      | 328/952 [03:14<05:04,  2.05it/s]Deconvoluting Remaining Spots:  35%|███▍      | 329/952 [03:15<05:10,  2.01it/s]Deconvoluting Remaining Spots:  35%|███▍      | 330/952 [03:15<04:48,  2.15it/s]Deconvoluting Remaining Spots:  35%|███▍      | 331/952 [03:16<05:06,  2.03it/s]Deconvoluting Remaining Spots:  35%|███▍      | 332/952 [03:16<05:28,  1.89it/s]Deconvoluting Remaining Spots:  35%|███▍      | 333/952 [03:17<05:27,  1.89it/s]Deconvoluting Remaining Spots:  35%|███▌      | 334/952 [03:18<07:01,  1.47it/s]Deconvoluting Remaining Spots:  35%|███▌      | 336/952 [03:19<05:22,  1.91it/s]Deconvoluting Remaining Spots:  35%|███▌      | 337/952 [03:19<04:36,  2.23it/s]Deconvoluting Remaining Spots:  36%|███▌      | 338/952 [03:20<06:38,  1.54it/s]Deconvoluting Remaining Spots:  36%|███▌      | 339/952 [03:20<05:16,  1.94it/s]Deconvoluting Remaining Spots:  36%|███▌      | 340/952 [03:21<05:44,  1.78it/s]Deconvoluting Remaining Spots:  36%|███▌      | 341/952 [03:21<05:21,  1.90it/s]Deconvoluting Remaining Spots:  36%|███▌      | 342/952 [03:22<05:19,  1.91it/s]Deconvoluting Remaining Spots:  36%|███▌      | 343/952 [03:23<05:32,  1.83it/s]Deconvoluting Remaining Spots:  36%|███▌      | 344/952 [03:23<05:16,  1.92it/s]Deconvoluting Remaining Spots:  36%|███▌      | 345/952 [03:24<06:39,  1.52it/s]Deconvoluting Remaining Spots:  36%|███▋      | 347/952 [03:25<04:50,  2.08it/s]Deconvoluting Remaining Spots:  37%|███▋      | 348/952 [03:25<04:58,  2.03it/s]Deconvoluting Remaining Spots:  37%|███▋      | 349/952 [03:26<05:07,  1.96it/s]Deconvoluting Remaining Spots:  37%|███▋      | 350/952 [03:26<05:21,  1.87it/s]Deconvoluting Remaining Spots:  37%|███▋      | 351/952 [03:27<05:23,  1.86it/s]Deconvoluting Remaining Spots:  37%|███▋      | 352/952 [03:27<05:21,  1.87it/s]Deconvoluting Remaining Spots:  37%|███▋      | 353/952 [03:28<05:46,  1.73it/s]Deconvoluting Remaining Spots:  37%|███▋      | 354/952 [03:29<06:19,  1.58it/s]Deconvoluting Remaining Spots:  37%|███▋      | 355/952 [03:29<05:22,  1.85it/s]Deconvoluting Remaining Spots:  37%|███▋      | 356/952 [03:30<05:20,  1.86it/s]Deconvoluting Remaining Spots:  38%|███▊      | 357/952 [03:30<05:43,  1.73it/s]Deconvoluting Remaining Spots:  38%|███▊      | 358/952 [03:31<06:30,  1.52it/s]Deconvoluting Remaining Spots:  38%|███▊      | 359/952 [03:31<05:06,  1.93it/s]Deconvoluting Remaining Spots:  38%|███▊      | 360/952 [03:32<05:23,  1.83it/s]Deconvoluting Remaining Spots:  38%|███▊      | 361/952 [03:32<05:16,  1.87it/s]Deconvoluting Remaining Spots:  38%|███▊      | 362/952 [03:33<05:10,  1.90it/s]Deconvoluting Remaining Spots:  38%|███▊      | 363/952 [03:34<05:26,  1.80it/s]Deconvoluting Remaining Spots:  38%|███▊      | 364/952 [03:34<05:14,  1.87it/s]Deconvoluting Remaining Spots:  38%|███▊      | 365/952 [03:35<05:18,  1.84it/s]Deconvoluting Remaining Spots:  38%|███▊      | 366/952 [03:35<05:25,  1.80it/s]Deconvoluting Remaining Spots:  39%|███▊      | 367/952 [03:36<05:17,  1.84it/s]Deconvoluting Remaining Spots:  39%|███▊      | 368/952 [03:36<04:21,  2.23it/s]Deconvoluting Remaining Spots:  39%|███▉      | 369/952 [03:37<05:30,  1.76it/s]Deconvoluting Remaining Spots:  39%|███▉      | 370/952 [03:37<05:33,  1.74it/s]Deconvoluting Remaining Spots:  39%|███▉      | 371/952 [03:38<04:50,  2.00it/s]Deconvoluting Remaining Spots:  39%|███▉      | 372/952 [03:38<04:54,  1.97it/s]Deconvoluting Remaining Spots:  39%|███▉      | 373/952 [03:39<05:33,  1.74it/s]Deconvoluting Remaining Spots:  39%|███▉      | 374/952 [03:39<04:37,  2.08it/s]Deconvoluting Remaining Spots:  39%|███▉      | 375/952 [03:40<04:48,  2.00it/s]Deconvoluting Remaining Spots:  39%|███▉      | 376/952 [03:40<04:56,  1.94it/s]Deconvoluting Remaining Spots:  40%|███▉      | 377/952 [03:41<04:55,  1.95it/s]Deconvoluting Remaining Spots:  40%|███▉      | 378/952 [03:42<05:32,  1.72it/s]Deconvoluting Remaining Spots:  40%|███▉      | 379/952 [03:42<05:26,  1.76it/s]Deconvoluting Remaining Spots:  40%|███▉      | 380/952 [03:43<05:18,  1.79it/s]Deconvoluting Remaining Spots:  40%|████      | 381/952 [03:43<05:15,  1.81it/s]Deconvoluting Remaining Spots:  40%|████      | 382/952 [03:44<05:13,  1.82it/s]Deconvoluting Remaining Spots:  40%|████      | 383/952 [03:44<04:39,  2.03it/s]Deconvoluting Remaining Spots:  40%|████      | 384/952 [03:45<05:03,  1.87it/s]Deconvoluting Remaining Spots:  40%|████      | 385/952 [03:45<05:11,  1.82it/s]Deconvoluting Remaining Spots:  41%|████      | 386/952 [03:46<05:23,  1.75it/s]Deconvoluting Remaining Spots:  41%|████      | 387/952 [03:46<05:17,  1.78it/s]Deconvoluting Remaining Spots:  41%|████      | 388/952 [03:47<04:44,  1.99it/s]Deconvoluting Remaining Spots:  41%|████      | 389/952 [03:47<05:06,  1.83it/s]Deconvoluting Remaining Spots:  41%|████      | 390/952 [03:48<04:40,  2.01it/s]Deconvoluting Remaining Spots:  41%|████      | 391/952 [03:48<04:50,  1.93it/s]Deconvoluting Remaining Spots:  41%|████      | 392/952 [03:49<04:26,  2.10it/s]Deconvoluting Remaining Spots:  41%|████▏     | 393/952 [03:49<04:59,  1.87it/s]Deconvoluting Remaining Spots:  41%|████▏     | 394/952 [03:50<04:50,  1.92it/s]Deconvoluting Remaining Spots:  41%|████▏     | 395/952 [03:51<05:23,  1.72it/s]Deconvoluting Remaining Spots:  42%|████▏     | 396/952 [03:51<05:19,  1.74it/s]Deconvoluting Remaining Spots:  42%|████▏     | 397/952 [03:52<05:48,  1.59it/s]Deconvoluting Remaining Spots:  42%|████▏     | 398/952 [03:52<04:23,  2.10it/s]Deconvoluting Remaining Spots:  42%|████▏     | 399/952 [03:53<04:30,  2.05it/s]Deconvoluting Remaining Spots:  42%|████▏     | 400/952 [03:53<04:46,  1.92it/s]2026-02-17 22:31:47,917 - root - INFO - Saved checkpoint after 400 completed spots
Deconvoluting Remaining Spots:  42%|████▏     | 401/952 [04:01<25:30,  2.78s/it]Deconvoluting Remaining Spots:  44%|████▎     | 415/952 [04:01<03:38,  2.46it/s]Deconvoluting Remaining Spots:  44%|████▍     | 418/952 [04:03<03:58,  2.24it/s]Deconvoluting Remaining Spots:  44%|████▍     | 420/952 [04:04<04:05,  2.17it/s]Deconvoluting Remaining Spots:  44%|████▍     | 422/952 [04:05<04:18,  2.05it/s]Deconvoluting Remaining Spots:  45%|████▍     | 424/952 [04:07<04:31,  1.95it/s]Deconvoluting Remaining Spots:  45%|████▍     | 425/952 [04:07<04:45,  1.85it/s]Deconvoluting Remaining Spots:  45%|████▍     | 426/952 [04:08<04:10,  2.10it/s]Deconvoluting Remaining Spots:  45%|████▍     | 427/952 [04:08<04:12,  2.08it/s]Deconvoluting Remaining Spots:  45%|████▍     | 428/952 [04:09<04:26,  1.97it/s]Deconvoluting Remaining Spots:  45%|████▌     | 429/952 [04:09<04:19,  2.02it/s]Deconvoluting Remaining Spots:  45%|████▌     | 430/952 [04:10<04:20,  2.00it/s]Deconvoluting Remaining Spots:  45%|████▌     | 431/952 [04:10<04:31,  1.92it/s]Deconvoluting Remaining Spots:  45%|████▌     | 432/952 [04:11<05:00,  1.73it/s]Deconvoluting Remaining Spots:  45%|████▌     | 433/952 [04:12<04:56,  1.75it/s]Deconvoluting Remaining Spots:  46%|████▌     | 434/952 [04:12<04:23,  1.96it/s]Deconvoluting Remaining Spots:  46%|████▌     | 435/952 [04:13<04:53,  1.76it/s]Deconvoluting Remaining Spots:  46%|████▌     | 436/952 [04:13<04:53,  1.76it/s]Deconvoluting Remaining Spots:  46%|████▌     | 437/952 [04:14<04:25,  1.94it/s]Deconvoluting Remaining Spots:  46%|████▌     | 438/952 [04:14<04:49,  1.78it/s]Deconvoluting Remaining Spots:  46%|████▌     | 439/952 [04:15<04:42,  1.81it/s]Deconvoluting Remaining Spots:  46%|████▌     | 440/952 [04:15<04:43,  1.81it/s]Deconvoluting Remaining Spots:  46%|████▋     | 441/952 [04:16<04:20,  1.96it/s]Deconvoluting Remaining Spots:  46%|████▋     | 442/952 [04:16<04:33,  1.87it/s]Deconvoluting Remaining Spots:  47%|████▋     | 443/952 [04:17<04:30,  1.88it/s]Deconvoluting Remaining Spots:  47%|████▋     | 444/952 [04:17<04:27,  1.90it/s]Deconvoluting Remaining Spots:  47%|████▋     | 445/952 [04:18<04:33,  1.85it/s]Deconvoluting Remaining Spots:  47%|████▋     | 446/952 [04:18<04:06,  2.05it/s]Deconvoluting Remaining Spots:  47%|████▋     | 447/952 [04:19<04:46,  1.77it/s]Deconvoluting Remaining Spots:  47%|████▋     | 448/952 [04:19<04:17,  1.96it/s]Deconvoluting Remaining Spots:  47%|████▋     | 449/952 [04:20<04:07,  2.03it/s]Deconvoluting Remaining Spots:  47%|████▋     | 450/952 [04:20<04:17,  1.95it/s]Deconvoluting Remaining Spots:  47%|████▋     | 451/952 [04:21<04:39,  1.79it/s]Deconvoluting Remaining Spots:  47%|████▋     | 452/952 [04:22<04:30,  1.85it/s]Deconvoluting Remaining Spots:  48%|████▊     | 453/952 [04:22<04:34,  1.82it/s]Deconvoluting Remaining Spots:  48%|████▊     | 454/952 [04:23<04:20,  1.91it/s]Deconvoluting Remaining Spots:  48%|████▊     | 455/952 [04:24<05:15,  1.57it/s]Deconvoluting Remaining Spots:  48%|████▊     | 456/952 [04:24<04:31,  1.83it/s]Deconvoluting Remaining Spots:  48%|████▊     | 457/952 [04:24<04:07,  2.00it/s]Deconvoluting Remaining Spots:  48%|████▊     | 458/952 [04:25<04:57,  1.66it/s]Deconvoluting Remaining Spots:  48%|████▊     | 459/952 [04:25<03:56,  2.08it/s]Deconvoluting Remaining Spots:  48%|████▊     | 460/952 [04:26<04:01,  2.04it/s]Deconvoluting Remaining Spots:  48%|████▊     | 461/952 [04:26<04:24,  1.85it/s]Deconvoluting Remaining Spots:  49%|████▊     | 462/952 [04:27<04:05,  2.00it/s]Deconvoluting Remaining Spots:  49%|████▊     | 463/952 [04:28<05:07,  1.59it/s]Deconvoluting Remaining Spots:  49%|████▊     | 464/952 [04:28<03:51,  2.11it/s]Deconvoluting Remaining Spots:  49%|████▉     | 465/952 [04:28<03:59,  2.03it/s]Deconvoluting Remaining Spots:  49%|████▉     | 466/952 [04:29<04:39,  1.74it/s]Deconvoluting Remaining Spots:  49%|████▉     | 467/952 [04:30<05:36,  1.44it/s]Deconvoluting Remaining Spots:  49%|████▉     | 468/952 [04:31<04:45,  1.70it/s]Deconvoluting Remaining Spots:  49%|████▉     | 469/952 [04:31<04:05,  1.97it/s]Deconvoluting Remaining Spots:  49%|████▉     | 470/952 [04:31<04:12,  1.91it/s]Deconvoluting Remaining Spots:  49%|████▉     | 471/952 [04:32<04:15,  1.88it/s]Deconvoluting Remaining Spots:  50%|████▉     | 472/952 [04:32<03:21,  2.38it/s]Deconvoluting Remaining Spots:  50%|████▉     | 473/952 [04:33<03:52,  2.06it/s]Deconvoluting Remaining Spots:  50%|████▉     | 474/952 [04:33<04:02,  1.97it/s]Deconvoluting Remaining Spots:  50%|████▉     | 475/952 [04:34<04:04,  1.95it/s]Deconvoluting Remaining Spots:  50%|█████     | 476/952 [04:35<04:32,  1.74it/s]Deconvoluting Remaining Spots:  50%|█████     | 477/952 [04:35<04:03,  1.95it/s]Deconvoluting Remaining Spots:  50%|█████     | 478/952 [04:36<04:31,  1.75it/s]Deconvoluting Remaining Spots:  50%|█████     | 479/952 [04:36<03:41,  2.13it/s]Deconvoluting Remaining Spots:  50%|█████     | 480/952 [04:36<03:24,  2.30it/s]Deconvoluting Remaining Spots:  51%|█████     | 481/952 [04:37<04:18,  1.82it/s]Deconvoluting Remaining Spots:  51%|█████     | 482/952 [04:38<04:22,  1.79it/s]Deconvoluting Remaining Spots:  51%|█████     | 483/952 [04:39<05:35,  1.40it/s]Deconvoluting Remaining Spots:  51%|█████     | 484/952 [04:39<04:46,  1.63it/s]Deconvoluting Remaining Spots:  51%|█████     | 485/952 [04:39<04:03,  1.92it/s]Deconvoluting Remaining Spots:  51%|█████     | 486/952 [04:40<04:16,  1.82it/s]Deconvoluting Remaining Spots:  51%|█████     | 487/952 [04:40<03:40,  2.11it/s]Deconvoluting Remaining Spots:  51%|█████▏    | 488/952 [04:41<04:07,  1.87it/s]Deconvoluting Remaining Spots:  51%|█████▏    | 489/952 [04:41<03:27,  2.23it/s]Deconvoluting Remaining Spots:  51%|█████▏    | 490/952 [04:42<04:40,  1.65it/s]Deconvoluting Remaining Spots:  52%|█████▏    | 491/952 [04:43<04:27,  1.73it/s]Deconvoluting Remaining Spots:  52%|█████▏    | 492/952 [04:43<03:58,  1.93it/s]Deconvoluting Remaining Spots:  52%|█████▏    | 493/952 [04:43<03:30,  2.18it/s]Deconvoluting Remaining Spots:  52%|█████▏    | 494/952 [04:44<04:04,  1.88it/s]Deconvoluting Remaining Spots:  52%|█████▏    | 495/952 [04:44<03:16,  2.32it/s]Deconvoluting Remaining Spots:  52%|█████▏    | 496/952 [04:45<03:48,  2.00it/s]Deconvoluting Remaining Spots:  52%|█████▏    | 497/952 [04:46<04:54,  1.55it/s]Deconvoluting Remaining Spots:  52%|█████▏    | 498/952 [04:46<04:11,  1.81it/s]Deconvoluting Remaining Spots:  52%|█████▏    | 499/952 [04:47<04:38,  1.63it/s]Deconvoluting Remaining Spots:  53%|█████▎    | 500/952 [04:48<04:37,  1.63it/s]2026-02-17 22:32:44,464 - root - INFO - Saved checkpoint after 500 completed spots
Deconvoluting Remaining Spots:  53%|█████▎    | 501/952 [04:58<26:09,  3.48s/it]Deconvoluting Remaining Spots:  55%|█████▍    | 520/952 [04:58<02:55,  2.47it/s]Deconvoluting Remaining Spots:  55%|█████▍    | 522/952 [04:59<03:01,  2.37it/s]Deconvoluting Remaining Spots:  55%|█████▍    | 523/952 [05:00<03:05,  2.31it/s]Deconvoluting Remaining Spots:  55%|█████▌    | 524/952 [05:01<03:18,  2.16it/s]Deconvoluting Remaining Spots:  55%|█████▌    | 525/952 [05:01<03:05,  2.30it/s]Deconvoluting Remaining Spots:  55%|█████▌    | 526/952 [05:01<03:11,  2.23it/s]Deconvoluting Remaining Spots:  55%|█████▌    | 527/952 [05:02<03:14,  2.18it/s]Deconvoluting Remaining Spots:  55%|█████▌    | 528/952 [05:03<03:50,  1.84it/s]Deconvoluting Remaining Spots:  56%|█████▌    | 529/952 [05:04<04:01,  1.75it/s]Deconvoluting Remaining Spots:  56%|█████▌    | 530/952 [05:04<03:56,  1.78it/s]Deconvoluting Remaining Spots:  56%|█████▌    | 531/952 [05:05<03:52,  1.81it/s]Deconvoluting Remaining Spots:  56%|█████▌    | 532/952 [05:05<03:53,  1.80it/s]Deconvoluting Remaining Spots:  56%|█████▌    | 533/952 [05:06<03:50,  1.82it/s]Deconvoluting Remaining Spots:  56%|█████▌    | 534/952 [05:06<03:47,  1.84it/s]Deconvoluting Remaining Spots:  56%|█████▌    | 535/952 [05:07<03:47,  1.83it/s]Deconvoluting Remaining Spots:  56%|█████▋    | 536/952 [05:07<03:40,  1.88it/s]Deconvoluting Remaining Spots:  56%|█████▋    | 537/952 [05:08<03:58,  1.74it/s]Deconvoluting Remaining Spots:  57%|█████▋    | 538/952 [05:08<03:32,  1.94it/s]Deconvoluting Remaining Spots:  57%|█████▋    | 539/952 [05:09<03:39,  1.88it/s]Deconvoluting Remaining Spots:  57%|█████▋    | 540/952 [05:09<03:36,  1.90it/s]Deconvoluting Remaining Spots:  57%|█████▋    | 541/952 [05:10<03:42,  1.85it/s]Deconvoluting Remaining Spots:  57%|█████▋    | 542/952 [05:10<03:15,  2.10it/s]Deconvoluting Remaining Spots:  57%|█████▋    | 543/952 [05:11<04:03,  1.68it/s]Deconvoluting Remaining Spots:  57%|█████▋    | 544/952 [05:12<03:46,  1.80it/s]Deconvoluting Remaining Spots:  57%|█████▋    | 545/952 [05:13<04:50,  1.40it/s]Deconvoluting Remaining Spots:  57%|█████▋    | 546/952 [05:13<03:49,  1.77it/s]Deconvoluting Remaining Spots:  57%|█████▋    | 547/952 [05:13<02:58,  2.27it/s]Deconvoluting Remaining Spots:  58%|█████▊    | 548/952 [05:14<04:04,  1.65it/s]Deconvoluting Remaining Spots:  58%|█████▊    | 549/952 [05:14<03:08,  2.13it/s]Deconvoluting Remaining Spots:  58%|█████▊    | 550/952 [05:15<03:04,  2.18it/s]Deconvoluting Remaining Spots:  58%|█████▊    | 551/952 [05:15<03:07,  2.13it/s]Deconvoluting Remaining Spots:  58%|█████▊    | 552/952 [05:16<03:42,  1.80it/s]Deconvoluting Remaining Spots:  58%|█████▊    | 553/952 [05:16<03:05,  2.15it/s]Deconvoluting Remaining Spots:  58%|█████▊    | 554/952 [05:17<03:38,  1.82it/s]Deconvoluting Remaining Spots:  58%|█████▊    | 555/952 [05:18<04:12,  1.57it/s]Deconvoluting Remaining Spots:  58%|█████▊    | 556/952 [05:18<03:09,  2.09it/s]Deconvoluting Remaining Spots:  59%|█████▊    | 557/952 [05:18<03:02,  2.16it/s]Deconvoluting Remaining Spots:  59%|█████▊    | 558/952 [05:19<03:13,  2.03it/s]Deconvoluting Remaining Spots:  59%|█████▊    | 559/952 [05:20<03:36,  1.81it/s]Deconvoluting Remaining Spots:  59%|█████▉    | 560/952 [05:20<03:40,  1.78it/s]Deconvoluting Remaining Spots:  59%|█████▉    | 561/952 [05:21<03:33,  1.83it/s]Deconvoluting Remaining Spots:  59%|█████▉    | 562/952 [05:21<03:33,  1.83it/s]Deconvoluting Remaining Spots:  59%|█████▉    | 563/952 [05:22<03:29,  1.85it/s]Deconvoluting Remaining Spots:  59%|█████▉    | 564/952 [05:23<04:40,  1.38it/s]Deconvoluting Remaining Spots:  59%|█████▉    | 565/952 [05:23<03:45,  1.72it/s]Deconvoluting Remaining Spots:  59%|█████▉    | 566/952 [05:24<03:40,  1.75it/s]Deconvoluting Remaining Spots:  60%|█████▉    | 567/952 [05:24<03:16,  1.95it/s]Deconvoluting Remaining Spots:  60%|█████▉    | 568/952 [05:25<03:41,  1.73it/s]Deconvoluting Remaining Spots:  60%|█████▉    | 569/952 [05:25<03:10,  2.01it/s]Deconvoluting Remaining Spots:  60%|█████▉    | 570/952 [05:26<03:09,  2.01it/s]Deconvoluting Remaining Spots:  60%|█████▉    | 571/952 [05:26<03:10,  2.00it/s]Deconvoluting Remaining Spots:  60%|██████    | 572/952 [05:27<03:36,  1.75it/s]Deconvoluting Remaining Spots:  60%|██████    | 573/952 [05:27<03:11,  1.98it/s]Deconvoluting Remaining Spots:  60%|██████    | 574/952 [05:28<03:35,  1.76it/s]Deconvoluting Remaining Spots:  60%|██████    | 575/952 [05:28<03:30,  1.79it/s]Deconvoluting Remaining Spots:  61%|██████    | 576/952 [05:29<03:25,  1.83it/s]Deconvoluting Remaining Spots:  61%|██████    | 577/952 [05:29<03:21,  1.86it/s]Deconvoluting Remaining Spots:  61%|██████    | 578/952 [05:30<02:51,  2.18it/s]Deconvoluting Remaining Spots:  61%|██████    | 579/952 [05:30<03:24,  1.82it/s]Deconvoluting Remaining Spots:  61%|██████    | 580/952 [05:31<03:21,  1.85it/s]Deconvoluting Remaining Spots:  61%|██████    | 581/952 [05:32<03:18,  1.87it/s]Deconvoluting Remaining Spots:  61%|██████    | 582/952 [05:32<03:22,  1.83it/s]Deconvoluting Remaining Spots:  61%|██████    | 583/952 [05:33<03:28,  1.77it/s]Deconvoluting Remaining Spots:  61%|██████▏   | 584/952 [05:34<04:00,  1.53it/s]Deconvoluting Remaining Spots:  61%|██████▏   | 585/952 [05:34<03:10,  1.92it/s]Deconvoluting Remaining Spots:  62%|██████▏   | 586/952 [05:34<03:11,  1.91it/s]Deconvoluting Remaining Spots:  62%|██████▏   | 587/952 [05:35<02:43,  2.23it/s]Deconvoluting Remaining Spots:  62%|██████▏   | 588/952 [05:35<02:59,  2.03it/s]Deconvoluting Remaining Spots:  62%|██████▏   | 589/952 [05:36<03:01,  2.00it/s]Deconvoluting Remaining Spots:  62%|██████▏   | 590/952 [05:36<03:04,  1.96it/s]Deconvoluting Remaining Spots:  62%|██████▏   | 591/952 [05:37<02:55,  2.06it/s]Deconvoluting Remaining Spots:  62%|██████▏   | 592/952 [05:37<03:02,  1.97it/s]Deconvoluting Remaining Spots:  62%|██████▏   | 593/952 [05:38<03:33,  1.68it/s]Deconvoluting Remaining Spots:  62%|██████▏   | 594/952 [05:38<03:09,  1.89it/s]Deconvoluting Remaining Spots:  62%|██████▎   | 595/952 [05:39<03:22,  1.76it/s]Deconvoluting Remaining Spots:  63%|██████▎   | 596/952 [05:40<03:16,  1.81it/s]Deconvoluting Remaining Spots:  63%|██████▎   | 597/952 [05:40<03:12,  1.85it/s]Deconvoluting Remaining Spots:  63%|██████▎   | 598/952 [05:41<03:34,  1.65it/s]Deconvoluting Remaining Spots:  63%|██████▎   | 599/952 [05:41<03:21,  1.75it/s]Deconvoluting Remaining Spots:  63%|██████▎   | 600/952 [05:42<02:55,  2.01it/s]2026-02-17 22:33:40,306 - root - INFO - Saved checkpoint after 600 completed spots
Deconvoluting Remaining Spots:  63%|██████▎   | 601/952 [05:54<23:04,  3.95s/it]Deconvoluting Remaining Spots:  65%|██████▌   | 622/952 [05:54<02:13,  2.47it/s]Deconvoluting Remaining Spots:  66%|██████▌   | 625/952 [05:56<02:22,  2.29it/s]Deconvoluting Remaining Spots:  66%|██████▌   | 628/952 [05:57<02:23,  2.25it/s]Deconvoluting Remaining Spots:  66%|██████▌   | 630/952 [05:58<02:29,  2.15it/s]Deconvoluting Remaining Spots:  66%|██████▋   | 632/952 [05:59<02:35,  2.06it/s]Deconvoluting Remaining Spots:  66%|██████▋   | 633/952 [06:00<02:41,  1.97it/s]Deconvoluting Remaining Spots:  67%|██████▋   | 634/952 [06:01<02:36,  2.04it/s]Deconvoluting Remaining Spots:  67%|██████▋   | 635/952 [06:01<02:41,  1.97it/s]Deconvoluting Remaining Spots:  67%|██████▋   | 636/952 [06:02<02:47,  1.89it/s]Deconvoluting Remaining Spots:  67%|██████▋   | 637/952 [06:02<02:49,  1.86it/s]Deconvoluting Remaining Spots:  67%|██████▋   | 638/952 [06:03<02:53,  1.81it/s]Deconvoluting Remaining Spots:  67%|██████▋   | 639/952 [06:04<02:55,  1.78it/s]Deconvoluting Remaining Spots:  67%|██████▋   | 640/952 [06:04<02:52,  1.80it/s]Deconvoluting Remaining Spots:  67%|██████▋   | 641/952 [06:05<02:51,  1.81it/s]Deconvoluting Remaining Spots:  67%|██████▋   | 642/952 [06:05<02:36,  1.98it/s]Deconvoluting Remaining Spots:  68%|██████▊   | 643/952 [06:06<02:55,  1.76it/s]Deconvoluting Remaining Spots:  68%|██████▊   | 644/952 [06:06<02:49,  1.82it/s]Deconvoluting Remaining Spots:  68%|██████▊   | 645/952 [06:07<02:46,  1.85it/s]Deconvoluting Remaining Spots:  68%|██████▊   | 646/952 [06:07<02:52,  1.77it/s]Deconvoluting Remaining Spots:  68%|██████▊   | 647/952 [06:08<02:21,  2.15it/s]Deconvoluting Remaining Spots:  68%|██████▊   | 648/952 [06:08<02:22,  2.14it/s]Deconvoluting Remaining Spots:  68%|██████▊   | 649/952 [06:09<02:27,  2.05it/s]Deconvoluting Remaining Spots:  68%|██████▊   | 650/952 [06:09<02:24,  2.09it/s]Deconvoluting Remaining Spots:  68%|██████▊   | 651/952 [06:10<02:32,  1.97it/s]Deconvoluting Remaining Spots:  68%|██████▊   | 652/952 [06:10<02:27,  2.04it/s]Deconvoluting Remaining Spots:  69%|██████▊   | 653/952 [06:11<02:40,  1.87it/s]Deconvoluting Remaining Spots:  69%|██████▊   | 654/952 [06:11<02:57,  1.68it/s]Deconvoluting Remaining Spots:  69%|██████▉   | 655/952 [06:12<02:47,  1.77it/s]Deconvoluting Remaining Spots:  69%|██████▉   | 656/952 [06:13<02:53,  1.71it/s]Deconvoluting Remaining Spots:  69%|██████▉   | 657/952 [06:13<02:48,  1.75it/s]Deconvoluting Remaining Spots:  69%|██████▉   | 658/952 [06:14<02:44,  1.79it/s]Deconvoluting Remaining Spots:  69%|██████▉   | 659/952 [06:14<02:40,  1.83it/s]Deconvoluting Remaining Spots:  69%|██████▉   | 660/952 [06:15<02:36,  1.86it/s]Deconvoluting Remaining Spots:  69%|██████▉   | 661/952 [06:15<02:36,  1.86it/s]Deconvoluting Remaining Spots:  70%|██████▉   | 662/952 [06:16<02:34,  1.88it/s]Deconvoluting Remaining Spots:  70%|██████▉   | 663/952 [06:16<02:31,  1.91it/s]Deconvoluting Remaining Spots:  70%|██████▉   | 664/952 [06:17<02:34,  1.87it/s]Deconvoluting Remaining Spots:  70%|██████▉   | 665/952 [06:17<02:18,  2.07it/s]Deconvoluting Remaining Spots:  70%|██████▉   | 666/952 [06:18<02:33,  1.86it/s]Deconvoluting Remaining Spots:  70%|███████   | 667/952 [06:18<02:19,  2.04it/s]Deconvoluting Remaining Spots:  70%|███████   | 668/952 [06:19<02:33,  1.85it/s]Deconvoluting Remaining Spots:  70%|███████   | 669/952 [06:19<02:35,  1.82it/s]Deconvoluting Remaining Spots:  70%|███████   | 670/952 [06:20<02:14,  2.10it/s]Deconvoluting Remaining Spots:  70%|███████   | 671/952 [06:20<02:36,  1.79it/s]Deconvoluting Remaining Spots:  71%|███████   | 672/952 [06:21<02:37,  1.78it/s]Deconvoluting Remaining Spots:  71%|███████   | 673/952 [06:22<02:35,  1.79it/s]Deconvoluting Remaining Spots:  71%|███████   | 674/952 [06:22<02:37,  1.77it/s]Deconvoluting Remaining Spots:  71%|███████   | 675/952 [06:23<02:20,  1.97it/s]Deconvoluting Remaining Spots:  71%|███████   | 676/952 [06:23<02:44,  1.68it/s]Deconvoluting Remaining Spots:  71%|███████   | 677/952 [06:24<02:40,  1.71it/s]Deconvoluting Remaining Spots:  71%|███████   | 678/952 [06:25<02:47,  1.63it/s]Deconvoluting Remaining Spots:  71%|███████▏  | 679/952 [06:25<02:44,  1.66it/s]Deconvoluting Remaining Spots:  71%|███████▏  | 680/952 [06:25<02:05,  2.17it/s]Deconvoluting Remaining Spots:  72%|███████▏  | 681/952 [06:26<02:03,  2.19it/s]Deconvoluting Remaining Spots:  72%|███████▏  | 682/952 [06:26<02:04,  2.17it/s]Deconvoluting Remaining Spots:  72%|███████▏  | 683/952 [06:27<02:08,  2.09it/s]Deconvoluting Remaining Spots:  72%|███████▏  | 684/952 [06:27<02:15,  1.98it/s]Deconvoluting Remaining Spots:  72%|███████▏  | 685/952 [06:28<02:17,  1.94it/s]Deconvoluting Remaining Spots:  72%|███████▏  | 686/952 [06:28<02:14,  1.97it/s]Deconvoluting Remaining Spots:  72%|███████▏  | 687/952 [06:29<02:15,  1.95it/s]Deconvoluting Remaining Spots:  72%|███████▏  | 688/952 [06:29<02:20,  1.88it/s]Deconvoluting Remaining Spots:  72%|███████▏  | 689/952 [06:30<02:28,  1.77it/s]Deconvoluting Remaining Spots:  72%|███████▏  | 690/952 [06:31<02:23,  1.83it/s]Deconvoluting Remaining Spots:  73%|███████▎  | 691/952 [06:31<02:30,  1.73it/s]Deconvoluting Remaining Spots:  73%|███████▎  | 692/952 [06:32<02:41,  1.61it/s]Deconvoluting Remaining Spots:  73%|███████▎  | 693/952 [06:32<02:21,  1.82it/s]Deconvoluting Remaining Spots:  73%|███████▎  | 694/952 [06:33<02:38,  1.63it/s]Deconvoluting Remaining Spots:  73%|███████▎  | 695/952 [06:34<02:33,  1.68it/s]Deconvoluting Remaining Spots:  73%|███████▎  | 696/952 [06:34<02:27,  1.73it/s]Deconvoluting Remaining Spots:  73%|███████▎  | 697/952 [06:35<02:23,  1.77it/s]Deconvoluting Remaining Spots:  73%|███████▎  | 698/952 [06:35<02:19,  1.82it/s]Deconvoluting Remaining Spots:  73%|███████▎  | 699/952 [06:36<02:16,  1.85it/s]Deconvoluting Remaining Spots:  74%|███████▎  | 700/952 [06:36<02:14,  1.88it/s]2026-02-17 22:34:37,286 - root - INFO - Saved checkpoint after 700 completed spots
Deconvoluting Remaining Spots:  74%|███████▎  | 701/952 [06:51<19:33,  4.68s/it]Deconvoluting Remaining Spots:  76%|███████▋  | 727/952 [06:51<01:31,  2.46it/s]Deconvoluting Remaining Spots:  77%|███████▋  | 729/952 [06:52<01:32,  2.42it/s]Deconvoluting Remaining Spots:  77%|███████▋  | 731/952 [06:53<01:36,  2.30it/s]Deconvoluting Remaining Spots:  77%|███████▋  | 732/952 [06:54<01:42,  2.15it/s]Deconvoluting Remaining Spots:  77%|███████▋  | 733/952 [06:55<01:43,  2.12it/s]Deconvoluting Remaining Spots:  77%|███████▋  | 734/952 [06:55<01:46,  2.06it/s]Deconvoluting Remaining Spots:  77%|███████▋  | 735/952 [06:56<01:41,  2.13it/s]Deconvoluting Remaining Spots:  77%|███████▋  | 736/952 [06:56<01:35,  2.26it/s]Deconvoluting Remaining Spots:  77%|███████▋  | 737/952 [06:57<01:45,  2.04it/s]Deconvoluting Remaining Spots:  78%|███████▊  | 738/952 [06:57<01:58,  1.81it/s]Deconvoluting Remaining Spots:  78%|███████▊  | 739/952 [06:58<01:59,  1.78it/s]Deconvoluting Remaining Spots:  78%|███████▊  | 740/952 [06:59<02:05,  1.68it/s]Deconvoluting Remaining Spots:  78%|███████▊  | 741/952 [06:59<02:05,  1.69it/s]Deconvoluting Remaining Spots:  78%|███████▊  | 742/952 [07:00<01:50,  1.90it/s]Deconvoluting Remaining Spots:  78%|███████▊  | 743/952 [07:00<01:44,  1.99it/s]Deconvoluting Remaining Spots:  78%|███████▊  | 744/952 [07:01<01:39,  2.08it/s]Deconvoluting Remaining Spots:  78%|███████▊  | 745/952 [07:01<01:33,  2.22it/s]Deconvoluting Remaining Spots:  78%|███████▊  | 746/952 [07:02<01:44,  1.96it/s]Deconvoluting Remaining Spots:  78%|███████▊  | 747/952 [07:02<01:45,  1.95it/s]Deconvoluting Remaining Spots:  79%|███████▊  | 748/952 [07:03<01:43,  1.98it/s]Deconvoluting Remaining Spots:  79%|███████▊  | 749/952 [07:04<02:06,  1.60it/s]Deconvoluting Remaining Spots:  79%|███████▉  | 750/952 [07:04<01:50,  1.82it/s]Deconvoluting Remaining Spots:  79%|███████▉  | 751/952 [07:04<01:48,  1.85it/s]Deconvoluting Remaining Spots:  79%|███████▉  | 752/952 [07:05<01:54,  1.75it/s]Deconvoluting Remaining Spots:  79%|███████▉  | 753/952 [07:06<01:49,  1.81it/s]Deconvoluting Remaining Spots:  79%|███████▉  | 754/952 [07:06<01:48,  1.82it/s]Deconvoluting Remaining Spots:  79%|███████▉  | 755/952 [07:07<01:58,  1.66it/s]Deconvoluting Remaining Spots:  79%|███████▉  | 756/952 [07:07<01:45,  1.87it/s]Deconvoluting Remaining Spots:  80%|███████▉  | 757/952 [07:08<01:54,  1.70it/s]Deconvoluting Remaining Spots:  80%|███████▉  | 758/952 [07:08<01:33,  2.07it/s]Deconvoluting Remaining Spots:  80%|███████▉  | 759/952 [07:09<01:37,  1.98it/s]Deconvoluting Remaining Spots:  80%|███████▉  | 760/952 [07:09<01:30,  2.12it/s]Deconvoluting Remaining Spots:  80%|███████▉  | 761/952 [07:10<01:32,  2.06it/s]Deconvoluting Remaining Spots:  80%|████████  | 762/952 [07:10<01:38,  1.94it/s]Deconvoluting Remaining Spots:  80%|████████  | 763/952 [07:11<02:09,  1.46it/s]Deconvoluting Remaining Spots:  80%|████████  | 764/952 [07:12<01:54,  1.64it/s]Deconvoluting Remaining Spots:  80%|████████  | 765/952 [07:12<02:00,  1.55it/s]Deconvoluting Remaining Spots:  81%|████████  | 767/952 [07:13<01:20,  2.30it/s]Deconvoluting Remaining Spots:  81%|████████  | 768/952 [07:13<01:29,  2.06it/s]Deconvoluting Remaining Spots:  81%|████████  | 769/952 [07:14<01:30,  2.03it/s]Deconvoluting Remaining Spots:  81%|████████  | 770/952 [07:15<01:35,  1.90it/s]Deconvoluting Remaining Spots:  81%|████████  | 771/952 [07:15<01:48,  1.67it/s]Deconvoluting Remaining Spots:  81%|████████  | 772/952 [07:16<01:42,  1.75it/s]Deconvoluting Remaining Spots:  81%|████████  | 773/952 [07:17<02:07,  1.41it/s]Deconvoluting Remaining Spots:  81%|████████▏ | 775/952 [07:17<01:30,  1.96it/s]Deconvoluting Remaining Spots:  82%|████████▏ | 776/952 [07:18<01:23,  2.11it/s]Deconvoluting Remaining Spots:  82%|████████▏ | 777/952 [07:19<01:36,  1.81it/s]Deconvoluting Remaining Spots:  82%|████████▏ | 778/952 [07:19<01:44,  1.67it/s]Deconvoluting Remaining Spots:  82%|████████▏ | 780/952 [07:20<01:35,  1.80it/s]Deconvoluting Remaining Spots:  82%|████████▏ | 781/952 [07:21<01:30,  1.88it/s]Deconvoluting Remaining Spots:  82%|████████▏ | 782/952 [07:21<01:31,  1.85it/s]Deconvoluting Remaining Spots:  82%|████████▏ | 783/952 [07:22<01:18,  2.15it/s]Deconvoluting Remaining Spots:  82%|████████▏ | 784/952 [07:22<01:22,  2.03it/s]Deconvoluting Remaining Spots:  82%|████████▏ | 785/952 [07:23<01:26,  1.93it/s]Deconvoluting Remaining Spots:  83%|████████▎ | 786/952 [07:24<01:38,  1.68it/s]Deconvoluting Remaining Spots:  83%|████████▎ | 787/952 [07:24<01:34,  1.75it/s]Deconvoluting Remaining Spots:  83%|████████▎ | 788/952 [07:25<01:33,  1.75it/s]Deconvoluting Remaining Spots:  83%|████████▎ | 789/952 [07:25<01:13,  2.20it/s]Deconvoluting Remaining Spots:  83%|████████▎ | 790/952 [07:25<01:18,  2.06it/s]Deconvoluting Remaining Spots:  83%|████████▎ | 791/952 [07:26<01:21,  1.98it/s]Deconvoluting Remaining Spots:  83%|████████▎ | 792/952 [07:27<01:32,  1.73it/s]Deconvoluting Remaining Spots:  83%|████████▎ | 793/952 [07:27<01:31,  1.75it/s]Deconvoluting Remaining Spots:  83%|████████▎ | 794/952 [07:28<01:25,  1.85it/s]Deconvoluting Remaining Spots:  84%|████████▎ | 795/952 [07:28<01:23,  1.89it/s]Deconvoluting Remaining Spots:  84%|████████▎ | 796/952 [07:29<01:22,  1.89it/s]Deconvoluting Remaining Spots:  84%|████████▎ | 797/952 [07:29<01:21,  1.90it/s]Deconvoluting Remaining Spots:  84%|████████▍ | 798/952 [07:30<01:13,  2.09it/s]Deconvoluting Remaining Spots:  84%|████████▍ | 799/952 [07:30<01:22,  1.86it/s]Deconvoluting Remaining Spots:  84%|████████▍ | 800/952 [07:31<01:21,  1.86it/s]2026-02-17 22:35:34,392 - root - INFO - Saved checkpoint after 800 completed spots
Deconvoluting Remaining Spots:  84%|████████▍ | 801/952 [07:48<13:42,  5.45s/it]Deconvoluting Remaining Spots:  87%|████████▋ | 831/952 [07:48<00:49,  2.42it/s]Deconvoluting Remaining Spots:  88%|████████▊ | 833/952 [07:49<00:49,  2.40it/s]Deconvoluting Remaining Spots:  88%|████████▊ | 835/952 [07:51<00:51,  2.27it/s]Deconvoluting Remaining Spots:  88%|████████▊ | 836/952 [07:51<00:51,  2.24it/s]Deconvoluting Remaining Spots:  88%|████████▊ | 837/952 [07:52<00:56,  2.02it/s]Deconvoluting Remaining Spots:  88%|████████▊ | 839/952 [07:53<00:55,  2.03it/s]Deconvoluting Remaining Spots:  88%|████████▊ | 840/952 [07:54<00:54,  2.04it/s]Deconvoluting Remaining Spots:  88%|████████▊ | 841/952 [07:54<00:55,  1.99it/s]Deconvoluting Remaining Spots:  88%|████████▊ | 842/952 [07:55<01:02,  1.75it/s]Deconvoluting Remaining Spots:  89%|████████▊ | 843/952 [07:55<00:57,  1.88it/s]Deconvoluting Remaining Spots:  89%|████████▊ | 844/952 [07:56<00:49,  2.17it/s]Deconvoluting Remaining Spots:  89%|████████▉ | 845/952 [07:56<00:51,  2.08it/s]Deconvoluting Remaining Spots:  89%|████████▉ | 846/952 [07:57<00:54,  1.95it/s]Deconvoluting Remaining Spots:  89%|████████▉ | 847/952 [07:57<00:53,  1.96it/s]Deconvoluting Remaining Spots:  89%|████████▉ | 848/952 [07:58<01:07,  1.55it/s]Deconvoluting Remaining Spots:  89%|████████▉ | 850/952 [07:59<00:48,  2.09it/s]Deconvoluting Remaining Spots:  89%|████████▉ | 851/952 [07:59<00:48,  2.09it/s]Deconvoluting Remaining Spots:  89%|████████▉ | 852/952 [08:00<00:54,  1.85it/s]Deconvoluting Remaining Spots:  90%|████████▉ | 853/952 [08:01<00:54,  1.83it/s]Deconvoluting Remaining Spots:  90%|████████▉ | 854/952 [08:01<00:50,  1.92it/s]Deconvoluting Remaining Spots:  90%|████████▉ | 855/952 [08:02<00:53,  1.82it/s]Deconvoluting Remaining Spots:  90%|████████▉ | 856/952 [08:02<00:49,  1.94it/s]Deconvoluting Remaining Spots:  90%|█████████ | 857/952 [08:03<00:52,  1.80it/s]Deconvoluting Remaining Spots:  90%|█████████ | 858/952 [08:03<00:54,  1.71it/s]Deconvoluting Remaining Spots:  90%|█████████ | 859/952 [08:04<00:45,  2.03it/s]Deconvoluting Remaining Spots:  90%|█████████ | 860/952 [08:04<00:46,  1.98it/s]Deconvoluting Remaining Spots:  90%|█████████ | 861/952 [08:05<00:52,  1.73it/s]Deconvoluting Remaining Spots:  91%|█████████ | 862/952 [08:05<00:51,  1.75it/s]Deconvoluting Remaining Spots:  91%|█████████ | 863/952 [08:06<00:52,  1.70it/s]Deconvoluting Remaining Spots:  91%|█████████ | 864/952 [08:07<00:52,  1.69it/s]Deconvoluting Remaining Spots:  91%|█████████ | 865/952 [08:07<00:45,  1.90it/s]Deconvoluting Remaining Spots:  91%|█████████ | 866/952 [08:08<00:46,  1.86it/s]Deconvoluting Remaining Spots:  91%|█████████ | 867/952 [08:08<00:47,  1.77it/s]Deconvoluting Remaining Spots:  91%|█████████ | 868/952 [08:09<00:45,  1.83it/s]Deconvoluting Remaining Spots:  91%|█████████▏| 869/952 [08:09<00:46,  1.78it/s]Deconvoluting Remaining Spots:  91%|█████████▏| 870/952 [08:10<00:43,  1.88it/s]Deconvoluting Remaining Spots:  91%|█████████▏| 871/952 [08:10<00:45,  1.78it/s]Deconvoluting Remaining Spots:  92%|█████████▏| 872/952 [08:11<00:54,  1.47it/s]Deconvoluting Remaining Spots:  92%|█████████▏| 873/952 [08:12<00:58,  1.34it/s]Deconvoluting Remaining Spots:  92%|█████████▏| 875/952 [08:13<00:35,  2.17it/s]Deconvoluting Remaining Spots:  92%|█████████▏| 876/952 [08:13<00:31,  2.43it/s]Deconvoluting Remaining Spots:  92%|█████████▏| 877/952 [08:13<00:34,  2.18it/s]Deconvoluting Remaining Spots:  92%|█████████▏| 878/952 [08:14<00:38,  1.92it/s]Deconvoluting Remaining Spots:  92%|█████████▏| 879/952 [08:15<00:37,  1.96it/s]Deconvoluting Remaining Spots:  92%|█████████▏| 880/952 [08:15<00:35,  2.00it/s]Deconvoluting Remaining Spots:  93%|█████████▎| 881/952 [08:16<00:36,  1.96it/s]Deconvoluting Remaining Spots:  93%|█████████▎| 882/952 [08:16<00:35,  2.00it/s]Deconvoluting Remaining Spots:  93%|█████████▎| 883/952 [08:17<00:41,  1.65it/s]Deconvoluting Remaining Spots:  93%|█████████▎| 884/952 [08:17<00:34,  1.98it/s]Deconvoluting Remaining Spots:  93%|█████████▎| 885/952 [08:18<00:33,  2.00it/s]Deconvoluting Remaining Spots:  93%|█████████▎| 886/952 [08:18<00:32,  2.01it/s]Deconvoluting Remaining Spots:  93%|█████████▎| 887/952 [08:19<00:41,  1.56it/s]Deconvoluting Remaining Spots:  93%|█████████▎| 888/952 [08:20<00:38,  1.66it/s]Deconvoluting Remaining Spots:  93%|█████████▎| 889/952 [08:20<00:36,  1.72it/s]Deconvoluting Remaining Spots:  93%|█████████▎| 890/952 [08:21<00:34,  1.78it/s]Deconvoluting Remaining Spots:  94%|█████████▎| 891/952 [08:21<00:30,  2.00it/s]Deconvoluting Remaining Spots:  94%|█████████▎| 892/952 [08:22<00:32,  1.84it/s]Deconvoluting Remaining Spots:  94%|█████████▍| 893/952 [08:22<00:33,  1.75it/s]Deconvoluting Remaining Spots:  94%|█████████▍| 894/952 [08:23<00:31,  1.84it/s]Deconvoluting Remaining Spots:  94%|█████████▍| 895/952 [08:23<00:28,  1.98it/s]Deconvoluting Remaining Spots:  94%|█████████▍| 896/952 [08:24<00:28,  1.96it/s]Deconvoluting Remaining Spots:  94%|█████████▍| 897/952 [08:24<00:25,  2.15it/s]Deconvoluting Remaining Spots:  94%|█████████▍| 898/952 [08:25<00:29,  1.82it/s]Deconvoluting Remaining Spots:  94%|█████████▍| 899/952 [08:25<00:28,  1.84it/s]Deconvoluting Remaining Spots:  95%|█████████▍| 900/952 [08:26<00:27,  1.88it/s]2026-02-17 22:36:31,533 - root - INFO - Saved checkpoint after 900 completed spots
Deconvoluting Remaining Spots:  95%|█████████▍| 901/952 [08:45<05:09,  6.06s/it]Deconvoluting Remaining Spots:  98%|█████████▊| 934/952 [08:45<00:07,  2.48it/s]Deconvoluting Remaining Spots:  99%|█████████▉| 942/952 [08:49<00:04,  2.29it/s]Deconvoluting Remaining Spots: 100%|█████████▉| 948/952 [08:52<00:01,  2.21it/s]Deconvoluting Remaining Spots: 100%|██████████| 952/952 [08:55<00:00,  2.14it/s]Deconvoluting Remaining Spots: 100%|██████████| 952/952 [08:55<00:00,  1.78it/s]
2026-02-17 22:36:57,206 - root - INFO - Saved final results with 952 completed spots
2026-02-17 22:37:10,148 - root - INFO - Saved profiles to Benchmarking/simulation_benchmarking/CITEgeist/output_discrete_global/mixed/dapi/mixed/dapi/Wu_rep_1/Wu_rep_1_gene_expression_pass1.parquet with cell types: ['B-cells', 'CAFs', 'Cancer Epithelial', 'Endothelial', 'Myeloid', 'Normal Epithelial', 'PVL', 'Plasmablasts', 'T-cells']
2026-02-17 22:37:14,543 - root - INFO - Successfully added layer: Cancer_Epithelial_genes_pass1
2026-02-17 22:37:15,116 - root - INFO - Successfully added layer: Normal_Epithelial_genes_pass1
2026-02-17 22:37:15,689 - root - INFO - Successfully added layer: B-cells_genes_pass1
2026-02-17 22:37:16,263 - root - INFO - Successfully added layer: Plasmablasts_genes_pass1
2026-02-17 22:37:16,835 - root - INFO - Successfully added layer: CAFs_genes_pass1
2026-02-17 22:37:17,411 - root - INFO - Successfully added layer: Myeloid_genes_pass1
2026-02-17 22:37:17,976 - root - INFO - Successfully added layer: T-cells_genes_pass1
2026-02-17 22:37:18,543 - root - INFO - Successfully added layer: PVL_genes_pass1
2026-02-17 22:37:19,115 - root - INFO - Successfully added layer: Endothelial_genes_pass1
2026-02-17 22:37:47,346 - root - INFO - Exported layer 'Cancer_Epithelial_genes_pass1' to 'Benchmarking/simulation_benchmarking/CITEgeist/output_discrete_global/mixed/dapi/mixed/dapi/Wu_rep_1/Wu_rep_1_pass1/layers/pass1/Cancer_Epithelial_layer_pass1.csv'
2026-02-17 22:38:15,496 - root - INFO - Exported layer 'Normal_Epithelial_genes_pass1' to 'Benchmarking/simulation_benchmarking/CITEgeist/output_discrete_global/mixed/dapi/mixed/dapi/Wu_rep_1/Wu_rep_1_pass1/layers/pass1/Normal_Epithelial_layer_pass1.csv'
2026-02-17 22:38:43,635 - root - INFO - Exported layer 'B-cells_genes_pass1' to 'Benchmarking/simulation_benchmarking/CITEgeist/output_discrete_global/mixed/dapi/mixed/dapi/Wu_rep_1/Wu_rep_1_pass1/layers/pass1/B-cells_layer_pass1.csv'
2026-02-17 22:39:11,872 - root - INFO - Exported layer 'Plasmablasts_genes_pass1' to 'Benchmarking/simulation_benchmarking/CITEgeist/output_discrete_global/mixed/dapi/mixed/dapi/Wu_rep_1/Wu_rep_1_pass1/layers/pass1/Plasmablasts_layer_pass1.csv'
2026-02-17 22:39:40,023 - root - INFO - Exported layer 'CAFs_genes_pass1' to 'Benchmarking/simulation_benchmarking/CITEgeist/output_discrete_global/mixed/dapi/mixed/dapi/Wu_rep_1/Wu_rep_1_pass1/layers/pass1/CAFs_layer_pass1.csv'
2026-02-17 22:40:08,152 - root - INFO - Exported layer 'Myeloid_genes_pass1' to 'Benchmarking/simulation_benchmarking/CITEgeist/output_discrete_global/mixed/dapi/mixed/dapi/Wu_rep_1/Wu_rep_1_pass1/layers/pass1/Myeloid_layer_pass1.csv'
2026-02-17 22:40:36,205 - root - INFO - Exported layer 'T-cells_genes_pass1' to 'Benchmarking/simulation_benchmarking/CITEgeist/output_discrete_global/mixed/dapi/mixed/dapi/Wu_rep_1/Wu_rep_1_pass1/layers/pass1/T-cells_layer_pass1.csv'
2026-02-17 22:41:04,311 - root - INFO - Exported layer 'PVL_genes_pass1' to 'Benchmarking/simulation_benchmarking/CITEgeist/output_discrete_global/mixed/dapi/mixed/dapi/Wu_rep_1/Wu_rep_1_pass1/layers/pass1/PVL_layer_pass1.csv'
2026-02-17 22:41:32,306 - root - INFO - Exported layer 'Endothelial_genes_pass1' to 'Benchmarking/simulation_benchmarking/CITEgeist/output_discrete_global/mixed/dapi/mixed/dapi/Wu_rep_1/Wu_rep_1_pass1/layers/pass1/Endothelial_layer_pass1.csv'
2026-02-17 22:41:32,306 - __main__ - INFO - GEX deconvolution completed in 827.7s
2026-02-17 22:45:42,725 - __main__ - INFO - Exported 9 cell type layers to Benchmarking/simulation_benchmarking/CITEgeist/output_discrete_global/mixed/dapi/mixed/dapi/Wu_rep_1/layers
2026-02-17 22:45:42,731 - __main__ - INFO - Comparing against ground truth GEX: /ix1/alee/LO_LAB/Personal/Brent_Schlegel/bts76/Projects/CITEgeist/Wu_Visium/Simulations/scCube_12k/replicates/mixed/ST_GEX_sim/sample_1/layers
2026-02-17 22:48:03,471 - __main__ - INFO - GEX Average RMSE: 0.1510
2026-02-17 22:48:03,472 - __main__ - INFO - GEX Average NRMSE: 0.0205
2026-02-17 22:48:03,488 - __main__ - INFO - Results saved to Benchmarking/simulation_benchmarking/CITEgeist/output_discrete_global/mixed/dapi/mixed/dapi/Wu_rep_1
