2026-02-17 21:30:05,286 - __main__ - INFO - ============================================================
2026-02-17 21:30:05,286 - __main__ - INFO - BENCHMARK: replicate=0, condition=high_seg, mode=dapi
2026-02-17 21:30:05,286 - __main__ - INFO - ============================================================
2026-02-17 21:30:05,287 - __main__ - INFO - Loading image: /ix1/alee/LO_LAB/Personal/Alexander_Chang/alc376/CITEgeist/Benchmarking/simulation_benchmarking/CITEgeist/high_seg/images/dapi/Wu_rep_0_cellpose.png
2026-02-17 21:30:06,454 - __main__ - INFO - Image shape: (8000, 8000, 3)
2026-02-17 21:30:06,456 - __main__ - INFO - Running Cellpose with model_type=nuclei
2026-02-17 21:30:08,942 - cellpose.models - WARNING - model_type argument is not used in v4.0.1+. Ignoring this argument...
2026-02-17 21:30:08,942 - cellpose.core - INFO - >>>> using CPU
2026-02-17 21:30:08,942 - cellpose.core - INFO - >>>> using CPU
2026-02-17 21:30:10,929 - cellpose.models - INFO - >>>> loading model /ihome/alee/alc376/.cellpose/models/cpsam
2026-02-17 21:30:13,088 - cellpose.models - WARNING - channels deprecated in v4.0.1+. If data contain more than 3 channels, only the first 3 channels will be used
2026-02-17 21:30:13,132 - cellpose.transforms - INFO - processing image with (8000, 8000) HW, and 3 channels
2026-02-17 22:24:59,372 - __main__ - INFO - Detected 4894 nuclei in 3292.9s
2026-02-17 22:24:59,458 - __main__ - INFO - Nuclei count correlation: 0.986
2026-02-17 22:24:59,458 - __main__ - INFO - Nuclei count RMSE: 0.46
2026-02-17 22:24:59,459 - __main__ - INFO - Loading h5ad files...
2026-02-17 22:25:00,363 - root - INFO - Logging initialized.
2026-02-17 22:25:00,388 - root - INFO - Discrete antibody preprocessing complete: Row sums range [29.89, 45.99], mean=38.73, std=2.75
2026-02-17 22:25:00,770 - root - INFO - Normalization stats:
2026-02-17 22:25:00,770 - root - INFO - Original median total: 71475446724.00
2026-02-17 22:25:00,788 - root - INFO - Mean scaled total: 9979.95
2026-02-17 22:25:00,805 - root - INFO - Max scaled value: 10000.00
2026-02-17 22:25:00,988 - root - INFO - Gene expression data normalized to 10000 counts per spot and validated for discrete count analysis.
2026-02-17 22:25:00,991 - root - INFO - Mapped 18 markers to 9 cell types (preserving marker-level data)
2026-02-17 22:25:00,991 - root - INFO - Running discrete cell assignment: 951 spots, 18 markers, 9 cell types
2026-02-17 22:25:00,991 - root - INFO - Total nuclei: 4894, mean per spot: 5.15
2026-02-17 22:25:00,991 - root - INFO - Discrete cell assignment EM: 951 spots, 18 markers, 9 cell types
2026-02-17 22:25:00,991 - root - INFO - Total nuclei: 4894, mean per spot: 5.15
2026-02-17 22:25:00,993 - root - INFO - 
=== EM Iteration 1/10 ===
2026-02-17 22:25:00,993 - root - INFO - Global IQP: 951 spots x 9 cell types = 8559 integer variables
2026-02-17 22:25:00,993 - root - INFO - Time limit: 600.0s, MIP gap: 5.0%
2026-02-17 22:25:01,000 - gurobipy - INFO - Set parameter LicenseID to value 276015
2026-02-17 22:25:01,001 - gurobipy - INFO - Set parameter GURO_PAR_SPECIAL
2026-02-17 22:25:01,001 - gurobipy - INFO - Set parameter TokenServer to value "license.crc.pitt.edu"
2026-02-17 22:25:01,012 - gurobipy - INFO - Set parameter TimeLimit to value 600
2026-02-17 22:25:01,012 - gurobipy - INFO - Set parameter MIPGap to value 0.05
2026-02-17 22:25:02,923 - root - INFO - Starting global IQP optimization...
2026-02-17 22:25:02,924 - gurobipy - INFO - Gurobi Optimizer version 11.0.2 build v11.0.2rc0 (linux64 - "Red Hat Enterprise Linux 9.6 (Plow)")
2026-02-17 22:25:02,924 - gurobipy - INFO - 
2026-02-17 22:25:02,924 - gurobipy - INFO - CPU model: Intel(R) Xeon(R) Platinum 8352Y CPU @ 2.20GHz, instruction set [SSE2|AVX|AVX2|AVX512]
2026-02-17 22:25:02,924 - gurobipy - INFO - Thread count: 64 physical cores, 64 logical processors, using up to 32 threads
2026-02-17 22:25:02,924 - gurobipy - INFO - 
2026-02-17 22:25:02,924 - gurobipy - INFO - Optimize a model with 927 rows, 8559 columns and 8343 nonzeros
2026-02-17 22:25:02,924 - gurobipy - INFO - Model fingerprint: 0x90ec7b83
2026-02-17 22:25:02,925 - gurobipy - INFO - Model has 8559 quadratic objective terms
2026-02-17 22:25:02,925 - gurobipy - INFO - Variable types: 0 continuous, 8559 integer (0 binary)
2026-02-17 22:25:02,925 - gurobipy - INFO - Coefficient statistics:
2026-02-17 22:25:02,925 - gurobipy - INFO -   Matrix range     [1e+00, 1e+00]
2026-02-17 22:25:02,925 - gurobipy - INFO -   Objective range  [4e-02, 4e+00]
2026-02-17 22:25:02,925 - gurobipy - INFO -   QObjective range [4e+00, 4e+00]
2026-02-17 22:25:02,925 - gurobipy - INFO -   Bounds range     [1e+00, 2e+01]
2026-02-17 22:25:02,925 - gurobipy - INFO -   RHS range        [1e+00, 2e+01]
2026-02-17 22:25:02,925 - gurobipy - INFO - 
2026-02-17 22:25:02,925 - gurobipy - INFO - Loaded user MIP start with objective 8680.18
2026-02-17 22:25:02,925 - gurobipy - INFO - 
2026-02-17 22:25:14,229 - gurobipy - INFO - Presolve removed 785 rows and 7281 columns (presolve time = 11s) ...
2026-02-17 22:25:14,231 - gurobipy - INFO - Presolve removed 785 rows and 7281 columns
2026-02-17 22:25:14,231 - gurobipy - INFO - Presolve time: 11.31s
2026-02-17 22:25:14,231 - gurobipy - INFO - Presolved: 142 rows, 1278 columns, 1278 nonzeros
2026-02-17 22:25:14,231 - gurobipy - INFO - Presolved model has 1278 quadratic objective terms
2026-02-17 22:25:14,231 - gurobipy - INFO - Found heuristic solution: objective 6978.6349259
2026-02-17 22:25:14,232 - gurobipy - INFO - Variable types: 0 continuous, 1278 integer (0 binary)
2026-02-17 22:25:14,232 - gurobipy - INFO - Found heuristic solution: objective 6519.6306795
2026-02-17 22:25:14,236 - gurobipy - INFO - 
2026-02-17 22:25:14,236 - gurobipy - INFO - Root simplex log...
2026-02-17 22:25:14,236 - gurobipy - INFO - 
2026-02-17 22:25:14,236 - gurobipy - INFO - Iteration    Objective       Primal Inf.    Dual Inf.      Time
2026-02-17 22:25:14,236 - gurobipy - INFO -        0    5.4376567e+03   0.000000e+00   0.000000e+00     11s
2026-02-17 22:25:14,237 - gurobipy - INFO -      413    6.1265276e+03   0.000000e+00   0.000000e+00     11s
2026-02-17 22:25:14,237 - gurobipy - INFO - 
2026-02-17 22:25:14,237 - gurobipy - INFO - Root relaxation: objective 6.126528e+03, 413 iterations, 0.00 seconds (0.00 work units)
2026-02-17 22:25:14,240 - gurobipy - INFO - 
2026-02-17 22:25:14,240 - gurobipy - INFO -     Nodes    |    Current Node    |     Objective Bounds      |     Work
2026-02-17 22:25:14,240 - gurobipy - INFO -  Expl Unexpl |  Obj  Depth IntInf | Incumbent    BestBd   Gap | It/Node Time
2026-02-17 22:25:14,240 - gurobipy - INFO - 
2026-02-17 22:25:14,240 - gurobipy - INFO -      0     0 6126.52758    0 1278 6519.63068 6126.52758  6.03%     -   11s
2026-02-17 22:25:14,294 - gurobipy - INFO - H    0     0                    6502.5021564 6126.52758  5.78%     -   11s
2026-02-17 22:25:14,415 - gurobipy - INFO - H    0     0                    6501.0758177 6126.52758  5.76%     -   11s
2026-02-17 22:25:14,515 - gurobipy - INFO -      0     0 6127.19668    0 1278 6501.07582 6127.19668  5.75%     -   11s
2026-02-17 22:25:15,280 - gurobipy - INFO -      0     2 6127.19668    0 1278 6501.07582 6127.19668  5.75%     -   12s
2026-02-17 22:25:17,964 - gurobipy - INFO -   4382  5071 6180.11188   83 1190 6501.07582 6127.79404  5.74%   2.2   15s
2026-02-17 22:25:25,037 - gurobipy - INFO -  14824 14825 6304.84471  446 1278 6501.07582 6495.44408  0.09%   2.2   22s
2026-02-17 22:25:25,057 - gurobipy - INFO - 
2026-02-17 22:25:25,057 - gurobipy - INFO - Explored 14824 nodes (32866 simplex iterations) in 22.13 seconds (1.33 work units)
2026-02-17 22:25:25,057 - gurobipy - INFO - Thread count was 32 (of 64 available processors)
2026-02-17 22:25:25,057 - gurobipy - INFO - 
2026-02-17 22:25:25,057 - gurobipy - INFO - Solution count 7: 6501.08 6501.08 6502.5 ... 8680.18
2026-02-17 22:25:25,057 - gurobipy - INFO - 
2026-02-17 22:25:25,057 - gurobipy - INFO - Optimal solution found (tolerance 5.00e-02)
2026-02-17 22:25:25,057 - gurobipy - INFO - Best objective 6.501075817702e+03, best bound 6.495444077053e+03, gap 0.0866%
2026-02-17 22:25:25,083 - root - INFO - Global IQP solved: status=2, gap=0.09%, time=22.1s
/ix1/alee/LO_LAB/Personal/Alexander_Chang/alc376/CITEgeist/CITEgeist/model/gurobi_impl.py:3692: RuntimeWarning: invalid value encountered in scalar divide
  loss_change = abs(prev_loss - loss) / max(abs(prev_loss), 1e-10)
2026-02-17 22:25:25,138 - root - INFO -   Loss: 1138.7182 (change: nan)
2026-02-17 22:25:25,139 - root - INFO -   Beta range: [0.204, 0.398]
2026-02-17 22:25:25,139 - root - INFO -   Max beta change: 0.796332
2026-02-17 22:25:25,139 - root - INFO -   Cell count range: [0, 19]
2026-02-17 22:25:25,139 - root - INFO -     B-cells: 618 cells (12.6%)
2026-02-17 22:25:25,139 - root - INFO -     CAFs: 583 cells (11.9%)
2026-02-17 22:25:25,139 - root - INFO -     Cancer Epithelial: 536 cells (11.0%)
2026-02-17 22:25:25,139 - root - INFO -     Endothelial: 501 cells (10.2%)
2026-02-17 22:25:25,139 - root - INFO -     Myeloid: 498 cells (10.2%)
2026-02-17 22:25:25,139 - root - INFO -     Normal Epithelial: 504 cells (10.3%)
2026-02-17 22:25:25,139 - root - INFO -     PVL: 520 cells (10.6%)
2026-02-17 22:25:25,139 - root - INFO -     Plasmablasts: 677 cells (13.8%)
2026-02-17 22:25:25,139 - root - INFO -     T-cells: 457 cells (9.3%)
2026-02-17 22:25:25,139 - root - INFO - 
=== EM Iteration 2/10 ===
2026-02-17 22:25:25,139 - root - INFO - Global IQP: 951 spots x 9 cell types = 8559 integer variables
2026-02-17 22:25:25,139 - root - INFO - Time limit: 600.0s, MIP gap: 5.0%
2026-02-17 22:25:25,139 - gurobipy - INFO - Set parameter TimeLimit to value 600
2026-02-17 22:25:25,139 - gurobipy - INFO - Set parameter MIPGap to value 0.05
2026-02-17 22:25:27,008 - root - INFO - Starting global IQP optimization...
2026-02-17 22:25:27,009 - gurobipy - INFO - Gurobi Optimizer version 11.0.2 build v11.0.2rc0 (linux64 - "Red Hat Enterprise Linux 9.6 (Plow)")
2026-02-17 22:25:27,009 - gurobipy - INFO - 
2026-02-17 22:25:27,009 - gurobipy - INFO - CPU model: Intel(R) Xeon(R) Platinum 8352Y CPU @ 2.20GHz, instruction set [SSE2|AVX|AVX2|AVX512]
2026-02-17 22:25:27,009 - gurobipy - INFO - Thread count: 64 physical cores, 64 logical processors, using up to 32 threads
2026-02-17 22:25:27,009 - gurobipy - INFO - 
2026-02-17 22:25:27,009 - gurobipy - INFO - Optimize a model with 927 rows, 8559 columns and 8343 nonzeros
2026-02-17 22:25:27,010 - gurobipy - INFO - Model fingerprint: 0xbf9b99e9
2026-02-17 22:25:27,010 - gurobipy - INFO - Model has 8559 quadratic objective terms
2026-02-17 22:25:27,010 - gurobipy - INFO - Variable types: 0 continuous, 8559 integer (0 binary)
2026-02-17 22:25:27,010 - gurobipy - INFO - Coefficient statistics:
2026-02-17 22:25:27,010 - gurobipy - INFO -   Matrix range     [1e+00, 1e+00]
2026-02-17 22:25:27,010 - gurobipy - INFO -   Objective range  [2e-02, 2e+00]
2026-02-17 22:25:27,010 - gurobipy - INFO -   QObjective range [2e-01, 6e-01]
2026-02-17 22:25:27,010 - gurobipy - INFO -   Bounds range     [1e+00, 2e+01]
2026-02-17 22:25:27,010 - gurobipy - INFO -   RHS range        [1e+00, 2e+01]
2026-02-17 22:25:27,010 - gurobipy - INFO - 
2026-02-17 22:25:27,010 - gurobipy - INFO - Loaded user MIP start with objective 1138.72
2026-02-17 22:25:27,010 - gurobipy - INFO - 
2026-02-17 22:25:32,531 - gurobipy - INFO - Presolve removed 926 rows and 8550 columns (presolve time = 6s) ...
2026-02-17 22:25:32,532 - gurobipy - INFO - Presolve removed 926 rows and 8550 columns
2026-02-17 22:25:32,532 - gurobipy - INFO - Presolve time: 5.52s
2026-02-17 22:25:32,532 - gurobipy - INFO - Presolved: 1 rows, 9 columns, 9 nonzeros
2026-02-17 22:25:32,532 - gurobipy - INFO - Presolved model has 9 quadratic objective terms
2026-02-17 22:25:32,533 - gurobipy - INFO - Found heuristic solution: objective 587.2411795
2026-02-17 22:25:32,533 - gurobipy - INFO - Variable types: 0 continuous, 9 integer (0 binary)
2026-02-17 22:25:32,533 - gurobipy - INFO - 
2026-02-17 22:25:32,533 - gurobipy - INFO - Explored 0 nodes (0 simplex iterations) in 5.52 seconds (0.11 work units)
2026-02-17 22:25:32,533 - gurobipy - INFO - Thread count was 32 (of 64 available processors)
2026-02-17 22:25:32,533 - gurobipy - INFO - 
2026-02-17 22:25:32,533 - gurobipy - INFO - Solution count 2: 587.241 1138.72 
2026-02-17 22:25:32,533 - gurobipy - INFO - 
2026-02-17 22:25:32,533 - gurobipy - INFO - Optimal solution found (tolerance 5.00e-02)
2026-02-17 22:25:32,533 - gurobipy - INFO - Best objective 5.872411795256e+02, best bound 5.863629234071e+02, gap 0.1496%
2026-02-17 22:25:32,557 - root - INFO - Global IQP solved: status=2, gap=0.15%, time=5.5s
2026-02-17 22:25:32,593 - root - INFO -   Loss: 583.9080 (change: 0.487223)
2026-02-17 22:25:32,593 - root - INFO -   Beta range: [0.195, 0.381]
2026-02-17 22:25:32,593 - root - INFO -   Max beta change: 0.021583
2026-02-17 22:25:32,593 - root - INFO -   Cell count range: [0, 19]
2026-02-17 22:25:32,593 - root - INFO -     B-cells: 608 cells (12.4%)
2026-02-17 22:25:32,593 - root - INFO -     CAFs: 575 cells (11.7%)
2026-02-17 22:25:32,593 - root - INFO -     Cancer Epithelial: 500 cells (10.2%)
2026-02-17 22:25:32,593 - root - INFO -     Endothelial: 500 cells (10.2%)
2026-02-17 22:25:32,593 - root - INFO -     Myeloid: 490 cells (10.0%)
2026-02-17 22:25:32,593 - root - INFO -     Normal Epithelial: 546 cells (11.2%)
2026-02-17 22:25:32,593 - root - INFO -     PVL: 519 cells (10.6%)
2026-02-17 22:25:32,593 - root - INFO -     Plasmablasts: 634 cells (13.0%)
2026-02-17 22:25:32,593 - root - INFO -     T-cells: 522 cells (10.7%)
2026-02-17 22:25:32,594 - root - INFO - 
=== EM Iteration 3/10 ===
2026-02-17 22:25:32,594 - root - INFO - Global IQP: 951 spots x 9 cell types = 8559 integer variables
2026-02-17 22:25:32,594 - root - INFO - Time limit: 600.0s, MIP gap: 5.0%
2026-02-17 22:25:32,594 - gurobipy - INFO - Set parameter TimeLimit to value 600
2026-02-17 22:25:32,594 - gurobipy - INFO - Set parameter MIPGap to value 0.05
2026-02-17 22:25:34,271 - root - INFO - Starting global IQP optimization...
2026-02-17 22:25:34,271 - gurobipy - INFO - Gurobi Optimizer version 11.0.2 build v11.0.2rc0 (linux64 - "Red Hat Enterprise Linux 9.6 (Plow)")
2026-02-17 22:25:34,272 - gurobipy - INFO - 
2026-02-17 22:25:34,272 - gurobipy - INFO - CPU model: Intel(R) Xeon(R) Platinum 8352Y CPU @ 2.20GHz, instruction set [SSE2|AVX|AVX2|AVX512]
2026-02-17 22:25:34,272 - gurobipy - INFO - Thread count: 64 physical cores, 64 logical processors, using up to 32 threads
2026-02-17 22:25:34,272 - gurobipy - INFO - 
2026-02-17 22:25:34,272 - gurobipy - INFO - Optimize a model with 927 rows, 8559 columns and 8343 nonzeros
2026-02-17 22:25:34,272 - gurobipy - INFO - Model fingerprint: 0xa8652f14
2026-02-17 22:25:34,272 - gurobipy - INFO - Model has 8559 quadratic objective terms
2026-02-17 22:25:34,272 - gurobipy - INFO - Variable types: 0 continuous, 8559 integer (0 binary)
2026-02-17 22:25:34,273 - gurobipy - INFO - Coefficient statistics:
2026-02-17 22:25:34,273 - gurobipy - INFO -   Matrix range     [1e+00, 1e+00]
2026-02-17 22:25:34,273 - gurobipy - INFO -   Objective range  [6e-04, 2e+00]
2026-02-17 22:25:34,273 - gurobipy - INFO -   QObjective range [2e-01, 6e-01]
2026-02-17 22:25:34,273 - gurobipy - INFO -   Bounds range     [1e+00, 2e+01]
2026-02-17 22:25:34,273 - gurobipy - INFO -   RHS range        [1e+00, 2e+01]
2026-02-17 22:25:34,273 - gurobipy - INFO - 
2026-02-17 22:25:34,273 - gurobipy - INFO - Loaded user MIP start with objective 583.908
2026-02-17 22:25:34,273 - gurobipy - INFO - 
2026-02-17 22:25:40,793 - gurobipy - INFO - Presolve removed 926 rows and 8550 columns (presolve time = 7s) ...
2026-02-17 22:25:40,793 - gurobipy - INFO - Presolve removed 926 rows and 8550 columns
2026-02-17 22:25:40,793 - gurobipy - INFO - Presolve time: 6.52s
2026-02-17 22:25:40,793 - gurobipy - INFO - Presolved: 1 rows, 9 columns, 9 nonzeros
2026-02-17 22:25:40,793 - gurobipy - INFO - Presolved model has 9 quadratic objective terms
2026-02-17 22:25:40,794 - gurobipy - INFO - Found heuristic solution: objective 582.6930564
2026-02-17 22:25:40,794 - gurobipy - INFO - Variable types: 0 continuous, 9 integer (0 binary)
2026-02-17 22:25:40,794 - gurobipy - INFO - 
2026-02-17 22:25:40,794 - gurobipy - INFO - Explored 0 nodes (0 simplex iterations) in 6.52 seconds (0.10 work units)
2026-02-17 22:25:40,795 - gurobipy - INFO - Thread count was 32 (of 64 available processors)
2026-02-17 22:25:40,795 - gurobipy - INFO - 
2026-02-17 22:25:40,795 - gurobipy - INFO - Solution count 2: 582.693 583.908 
2026-02-17 22:25:40,795 - gurobipy - INFO - 
2026-02-17 22:25:40,795 - gurobipy - INFO - Optimal solution found (tolerance 5.00e-02)
2026-02-17 22:25:40,795 - gurobipy - INFO - Best objective 5.826930563707e+02, best bound 5.817709764336e+02, gap 0.1582%
2026-02-17 22:25:40,821 - root - INFO - Global IQP solved: status=2, gap=0.16%, time=6.5s
2026-02-17 22:25:40,857 - root - INFO -   Loss: 581.2725 (change: 0.004514)
2026-02-17 22:25:40,857 - root - INFO -   Beta range: [0.190, 0.366]
2026-02-17 22:25:40,857 - root - INFO -   Max beta change: 0.014519
2026-02-17 22:25:40,858 - root - INFO -   Cell count range: [0, 19]
2026-02-17 22:25:40,858 - root - INFO -     B-cells: 609 cells (12.4%)
2026-02-17 22:25:40,858 - root - INFO -     CAFs: 553 cells (11.3%)
2026-02-17 22:25:40,858 - root - INFO -     Cancer Epithelial: 501 cells (10.2%)
2026-02-17 22:25:40,858 - root - INFO -     Endothelial: 486 cells (9.9%)
2026-02-17 22:25:40,858 - root - INFO -     Myeloid: 486 cells (9.9%)
2026-02-17 22:25:40,858 - root - INFO -     Normal Epithelial: 545 cells (11.1%)
2026-02-17 22:25:40,858 - root - INFO -     PVL: 536 cells (11.0%)
2026-02-17 22:25:40,858 - root - INFO -     Plasmablasts: 637 cells (13.0%)
2026-02-17 22:25:40,858 - root - INFO -     T-cells: 541 cells (11.1%)
2026-02-17 22:25:40,858 - root - INFO - 
=== EM Iteration 4/10 ===
2026-02-17 22:25:40,858 - root - INFO - Global IQP: 951 spots x 9 cell types = 8559 integer variables
2026-02-17 22:25:40,858 - root - INFO - Time limit: 600.0s, MIP gap: 5.0%
2026-02-17 22:25:40,858 - gurobipy - INFO - Set parameter TimeLimit to value 600
2026-02-17 22:25:40,858 - gurobipy - INFO - Set parameter MIPGap to value 0.05
2026-02-17 22:25:42,705 - root - INFO - Starting global IQP optimization...
2026-02-17 22:25:42,706 - gurobipy - INFO - Gurobi Optimizer version 11.0.2 build v11.0.2rc0 (linux64 - "Red Hat Enterprise Linux 9.6 (Plow)")
2026-02-17 22:25:42,706 - gurobipy - INFO - 
2026-02-17 22:25:42,706 - gurobipy - INFO - CPU model: Intel(R) Xeon(R) Platinum 8352Y CPU @ 2.20GHz, instruction set [SSE2|AVX|AVX2|AVX512]
2026-02-17 22:25:42,706 - gurobipy - INFO - Thread count: 64 physical cores, 64 logical processors, using up to 32 threads
2026-02-17 22:25:42,706 - gurobipy - INFO - 
2026-02-17 22:25:42,706 - gurobipy - INFO - Optimize a model with 927 rows, 8559 columns and 8343 nonzeros
2026-02-17 22:25:42,707 - gurobipy - INFO - Model fingerprint: 0xebaa9587
2026-02-17 22:25:42,707 - gurobipy - INFO - Model has 8559 quadratic objective terms
2026-02-17 22:25:42,707 - gurobipy - INFO - Variable types: 0 continuous, 8559 integer (0 binary)
2026-02-17 22:25:42,707 - gurobipy - INFO - Coefficient statistics:
2026-02-17 22:25:42,707 - gurobipy - INFO -   Matrix range     [1e+00, 1e+00]
2026-02-17 22:25:42,707 - gurobipy - INFO -   Objective range  [7e-03, 1e+00]
2026-02-17 22:25:42,707 - gurobipy - INFO -   QObjective range [1e-01, 5e-01]
2026-02-17 22:25:42,707 - gurobipy - INFO -   Bounds range     [1e+00, 2e+01]
2026-02-17 22:25:42,707 - gurobipy - INFO -   RHS range        [1e+00, 2e+01]
2026-02-17 22:25:42,707 - gurobipy - INFO - 
2026-02-17 22:25:42,707 - gurobipy - INFO - Loaded user MIP start with objective 581.273
2026-02-17 22:25:42,707 - gurobipy - INFO - 
2026-02-17 22:25:48,904 - gurobipy - INFO - Presolve removed 926 rows and 8550 columns (presolve time = 6s) ...
2026-02-17 22:25:48,905 - gurobipy - INFO - Presolve removed 926 rows and 8550 columns
2026-02-17 22:25:48,905 - gurobipy - INFO - Presolve time: 6.20s
2026-02-17 22:25:48,905 - gurobipy - INFO - Presolved: 1 rows, 9 columns, 9 nonzeros
2026-02-17 22:25:48,905 - gurobipy - INFO - Presolved model has 9 quadratic objective terms
2026-02-17 22:25:48,905 - gurobipy - INFO - Found heuristic solution: objective 580.5521010
2026-02-17 22:25:48,905 - gurobipy - INFO - Variable types: 0 continuous, 9 integer (0 binary)
2026-02-17 22:25:48,906 - gurobipy - INFO - 
2026-02-17 22:25:48,906 - gurobipy - INFO - Explored 0 nodes (0 simplex iterations) in 6.20 seconds (0.10 work units)
2026-02-17 22:25:48,906 - gurobipy - INFO - Thread count was 32 (of 64 available processors)
2026-02-17 22:25:48,906 - gurobipy - INFO - 
2026-02-17 22:25:48,906 - gurobipy - INFO - Solution count 2: 580.552 581.273 
2026-02-17 22:25:48,906 - gurobipy - INFO - 
2026-02-17 22:25:48,906 - gurobipy - INFO - Optimal solution found (tolerance 5.00e-02)
2026-02-17 22:25:48,906 - gurobipy - INFO - Best objective 5.805521009697e+02, best bound 5.796146784344e+02, gap 0.1615%
2026-02-17 22:25:48,937 - root - INFO - Global IQP solved: status=2, gap=0.16%, time=6.2s
2026-02-17 22:25:48,973 - root - INFO -   Loss: 579.4312 (change: 0.003168)
2026-02-17 22:25:48,973 - root - INFO -   Beta range: [0.185, 0.361]
2026-02-17 22:25:48,973 - root - INFO -   Max beta change: 0.014392
2026-02-17 22:25:48,974 - root - INFO -   Cell count range: [0, 19]
2026-02-17 22:25:48,974 - root - INFO -     B-cells: 610 cells (12.5%)
2026-02-17 22:25:48,974 - root - INFO -     CAFs: 520 cells (10.6%)
2026-02-17 22:25:48,974 - root - INFO -     Cancer Epithelial: 501 cells (10.2%)
2026-02-17 22:25:48,974 - root - INFO -     Endothelial: 478 cells (9.8%)
2026-02-17 22:25:48,974 - root - INFO -     Myeloid: 484 cells (9.9%)
2026-02-17 22:25:48,974 - root - INFO -     Normal Epithelial: 562 cells (11.5%)
2026-02-17 22:25:48,974 - root - INFO -     PVL: 556 cells (11.4%)
2026-02-17 22:25:48,974 - root - INFO -     Plasmablasts: 639 cells (13.1%)
2026-02-17 22:25:48,974 - root - INFO -     T-cells: 544 cells (11.1%)
2026-02-17 22:25:48,974 - root - INFO - 
=== EM Iteration 5/10 ===
2026-02-17 22:25:48,974 - root - INFO - Global IQP: 951 spots x 9 cell types = 8559 integer variables
2026-02-17 22:25:48,974 - root - INFO - Time limit: 600.0s, MIP gap: 5.0%
2026-02-17 22:25:48,974 - gurobipy - INFO - Set parameter TimeLimit to value 600
2026-02-17 22:25:48,974 - gurobipy - INFO - Set parameter MIPGap to value 0.05
2026-02-17 22:25:50,814 - root - INFO - Starting global IQP optimization...
2026-02-17 22:25:50,814 - gurobipy - INFO - Gurobi Optimizer version 11.0.2 build v11.0.2rc0 (linux64 - "Red Hat Enterprise Linux 9.6 (Plow)")
2026-02-17 22:25:50,814 - gurobipy - INFO - 
2026-02-17 22:25:50,815 - gurobipy - INFO - CPU model: Intel(R) Xeon(R) Platinum 8352Y CPU @ 2.20GHz, instruction set [SSE2|AVX|AVX2|AVX512]
2026-02-17 22:25:50,815 - gurobipy - INFO - Thread count: 64 physical cores, 64 logical processors, using up to 32 threads
2026-02-17 22:25:50,815 - gurobipy - INFO - 
2026-02-17 22:25:50,815 - gurobipy - INFO - Optimize a model with 927 rows, 8559 columns and 8343 nonzeros
2026-02-17 22:25:50,815 - gurobipy - INFO - Model fingerprint: 0x1d09918e
2026-02-17 22:25:50,815 - gurobipy - INFO - Model has 8559 quadratic objective terms
2026-02-17 22:25:50,815 - gurobipy - INFO - Variable types: 0 continuous, 8559 integer (0 binary)
2026-02-17 22:25:50,815 - gurobipy - INFO - Coefficient statistics:
2026-02-17 22:25:50,815 - gurobipy - INFO -   Matrix range     [1e+00, 1e+00]
2026-02-17 22:25:50,815 - gurobipy - INFO -   Objective range  [7e-03, 1e+00]
2026-02-17 22:25:50,816 - gurobipy - INFO -   QObjective range [1e-01, 5e-01]
2026-02-17 22:25:50,816 - gurobipy - INFO -   Bounds range     [1e+00, 2e+01]
2026-02-17 22:25:50,816 - gurobipy - INFO -   RHS range        [1e+00, 2e+01]
2026-02-17 22:25:50,816 - gurobipy - INFO - 
2026-02-17 22:25:50,816 - gurobipy - INFO - Loaded user MIP start with objective 579.431
2026-02-17 22:25:50,816 - gurobipy - INFO - 
2026-02-17 22:25:56,957 - gurobipy - INFO - Presolve removed 926 rows and 8550 columns (presolve time = 6s) ...
2026-02-17 22:25:56,958 - gurobipy - INFO - Presolve removed 926 rows and 8550 columns
2026-02-17 22:25:56,958 - gurobipy - INFO - Presolve time: 6.14s
2026-02-17 22:25:56,958 - gurobipy - INFO - Presolved: 1 rows, 9 columns, 9 nonzeros
2026-02-17 22:25:56,958 - gurobipy - INFO - Presolved model has 9 quadratic objective terms
2026-02-17 22:25:56,959 - gurobipy - INFO - Found heuristic solution: objective 578.7605784
2026-02-17 22:25:56,959 - gurobipy - INFO - Variable types: 0 continuous, 9 integer (0 binary)
2026-02-17 22:25:56,959 - gurobipy - INFO - 
2026-02-17 22:25:56,959 - gurobipy - INFO - Explored 0 nodes (0 simplex iterations) in 6.14 seconds (0.10 work units)
2026-02-17 22:25:56,959 - gurobipy - INFO - Thread count was 32 (of 64 available processors)
2026-02-17 22:25:56,959 - gurobipy - INFO - 
2026-02-17 22:25:56,959 - gurobipy - INFO - Solution count 2: 578.761 579.431 
2026-02-17 22:25:56,959 - gurobipy - INFO - 
2026-02-17 22:25:56,959 - gurobipy - INFO - Optimal solution found (tolerance 5.00e-02)
2026-02-17 22:25:56,959 - gurobipy - INFO - Best objective 5.787605783692e+02, best bound 5.778109429939e+02, gap 0.1641%
2026-02-17 22:25:56,988 - root - INFO - Global IQP solved: status=2, gap=0.16%, time=6.2s
2026-02-17 22:25:57,024 - root - INFO -   Loss: 577.9239 (change: 0.002601)
2026-02-17 22:25:57,024 - root - INFO -   Beta range: [0.182, 0.358]
2026-02-17 22:25:57,024 - root - INFO -   Max beta change: 0.012544
2026-02-17 22:25:57,024 - root - INFO -   Cell count range: [0, 19]
2026-02-17 22:25:57,024 - root - INFO -     B-cells: 607 cells (12.4%)
2026-02-17 22:25:57,024 - root - INFO -     CAFs: 495 cells (10.1%)
2026-02-17 22:25:57,024 - root - INFO -     Cancer Epithelial: 501 cells (10.2%)
2026-02-17 22:25:57,024 - root - INFO -     Endothelial: 471 cells (9.6%)
2026-02-17 22:25:57,024 - root - INFO -     Myeloid: 486 cells (9.9%)
2026-02-17 22:25:57,024 - root - INFO -     Normal Epithelial: 567 cells (11.6%)
2026-02-17 22:25:57,024 - root - INFO -     PVL: 575 cells (11.7%)
2026-02-17 22:25:57,024 - root - INFO -     Plasmablasts: 638 cells (13.0%)
2026-02-17 22:25:57,024 - root - INFO -     T-cells: 554 cells (11.3%)
2026-02-17 22:25:57,024 - root - INFO - 
=== EM Iteration 6/10 ===
2026-02-17 22:25:57,025 - root - INFO - Global IQP: 951 spots x 9 cell types = 8559 integer variables
2026-02-17 22:25:57,025 - root - INFO - Time limit: 600.0s, MIP gap: 5.0%
2026-02-17 22:25:57,025 - gurobipy - INFO - Set parameter TimeLimit to value 600
2026-02-17 22:25:57,025 - gurobipy - INFO - Set parameter MIPGap to value 0.05
2026-02-17 22:25:58,869 - root - INFO - Starting global IQP optimization...
2026-02-17 22:25:58,870 - gurobipy - INFO - Gurobi Optimizer version 11.0.2 build v11.0.2rc0 (linux64 - "Red Hat Enterprise Linux 9.6 (Plow)")
2026-02-17 22:25:58,870 - gurobipy - INFO - 
2026-02-17 22:25:58,870 - gurobipy - INFO - CPU model: Intel(R) Xeon(R) Platinum 8352Y CPU @ 2.20GHz, instruction set [SSE2|AVX|AVX2|AVX512]
2026-02-17 22:25:58,870 - gurobipy - INFO - Thread count: 64 physical cores, 64 logical processors, using up to 32 threads
2026-02-17 22:25:58,870 - gurobipy - INFO - 
2026-02-17 22:25:58,870 - gurobipy - INFO - Optimize a model with 927 rows, 8559 columns and 8343 nonzeros
2026-02-17 22:25:58,871 - gurobipy - INFO - Model fingerprint: 0x9fdc90c9
2026-02-17 22:25:58,871 - gurobipy - INFO - Model has 8559 quadratic objective terms
2026-02-17 22:25:58,871 - gurobipy - INFO - Variable types: 0 continuous, 8559 integer (0 binary)
2026-02-17 22:25:58,871 - gurobipy - INFO - Coefficient statistics:
2026-02-17 22:25:58,871 - gurobipy - INFO -   Matrix range     [1e+00, 1e+00]
2026-02-17 22:25:58,871 - gurobipy - INFO -   Objective range  [4e-03, 1e+00]
2026-02-17 22:25:58,871 - gurobipy - INFO -   QObjective range [1e-01, 5e-01]
2026-02-17 22:25:58,871 - gurobipy - INFO -   Bounds range     [1e+00, 2e+01]
2026-02-17 22:25:58,871 - gurobipy - INFO -   RHS range        [1e+00, 2e+01]
2026-02-17 22:25:58,871 - gurobipy - INFO - 
2026-02-17 22:25:58,871 - gurobipy - INFO - Loaded user MIP start with objective 577.924
2026-02-17 22:25:58,871 - gurobipy - INFO - 
2026-02-17 22:26:04,784 - gurobipy - INFO - Presolve removed 926 rows and 8550 columns (presolve time = 6s) ...
2026-02-17 22:26:04,784 - gurobipy - INFO - Presolve removed 926 rows and 8550 columns
2026-02-17 22:26:04,784 - gurobipy - INFO - Presolve time: 5.91s
2026-02-17 22:26:04,784 - gurobipy - INFO - Presolved: 1 rows, 9 columns, 9 nonzeros
2026-02-17 22:26:04,784 - gurobipy - INFO - Presolved model has 9 quadratic objective terms
2026-02-17 22:26:04,785 - gurobipy - INFO - Found heuristic solution: objective 577.4849666
2026-02-17 22:26:04,785 - gurobipy - INFO - Variable types: 0 continuous, 9 integer (0 binary)
2026-02-17 22:26:04,785 - gurobipy - INFO - 
2026-02-17 22:26:04,785 - gurobipy - INFO - Explored 0 nodes (0 simplex iterations) in 5.92 seconds (0.10 work units)
2026-02-17 22:26:04,785 - gurobipy - INFO - Thread count was 32 (of 64 available processors)
2026-02-17 22:26:04,785 - gurobipy - INFO - 
2026-02-17 22:26:04,785 - gurobipy - INFO - Solution count 2: 577.485 577.924 
2026-02-17 22:26:04,786 - gurobipy - INFO - 
2026-02-17 22:26:04,786 - gurobipy - INFO - Optimal solution found (tolerance 5.00e-02)
2026-02-17 22:26:04,786 - gurobipy - INFO - Best objective 5.774849666065e+02, best bound 5.765199688410e+02, gap 0.1671%
2026-02-17 22:26:04,809 - root - INFO - Global IQP solved: status=2, gap=0.17%, time=5.9s
2026-02-17 22:26:04,845 - root - INFO -   Loss: 577.0486 (change: 0.001515)
2026-02-17 22:26:04,845 - root - INFO -   Beta range: [0.180, 0.356]
2026-02-17 22:26:04,845 - root - INFO -   Max beta change: 0.010852
2026-02-17 22:26:04,845 - root - INFO -   Cell count range: [0, 19]
2026-02-17 22:26:04,845 - root - INFO -     B-cells: 597 cells (12.2%)
2026-02-17 22:26:04,845 - root - INFO -     CAFs: 479 cells (9.8%)
2026-02-17 22:26:04,845 - root - INFO -     Cancer Epithelial: 504 cells (10.3%)
2026-02-17 22:26:04,845 - root - INFO -     Endothelial: 465 cells (9.5%)
2026-02-17 22:26:04,845 - root - INFO -     Myeloid: 485 cells (9.9%)
2026-02-17 22:26:04,845 - root - INFO -     Normal Epithelial: 575 cells (11.7%)
2026-02-17 22:26:04,845 - root - INFO -     PVL: 596 cells (12.2%)
2026-02-17 22:26:04,845 - root - INFO -     Plasmablasts: 632 cells (12.9%)
2026-02-17 22:26:04,845 - root - INFO -     T-cells: 561 cells (11.5%)
2026-02-17 22:26:04,845 - root - INFO - 
=== EM Iteration 7/10 ===
2026-02-17 22:26:04,845 - root - INFO - Global IQP: 951 spots x 9 cell types = 8559 integer variables
2026-02-17 22:26:04,846 - root - INFO - Time limit: 600.0s, MIP gap: 5.0%
2026-02-17 22:26:04,846 - gurobipy - INFO - Set parameter TimeLimit to value 600
2026-02-17 22:26:04,846 - gurobipy - INFO - Set parameter MIPGap to value 0.05
2026-02-17 22:26:06,693 - root - INFO - Starting global IQP optimization...
2026-02-17 22:26:06,694 - gurobipy - INFO - Gurobi Optimizer version 11.0.2 build v11.0.2rc0 (linux64 - "Red Hat Enterprise Linux 9.6 (Plow)")
2026-02-17 22:26:06,694 - gurobipy - INFO - 
2026-02-17 22:26:06,694 - gurobipy - INFO - CPU model: Intel(R) Xeon(R) Platinum 8352Y CPU @ 2.20GHz, instruction set [SSE2|AVX|AVX2|AVX512]
2026-02-17 22:26:06,694 - gurobipy - INFO - Thread count: 64 physical cores, 64 logical processors, using up to 32 threads
2026-02-17 22:26:06,694 - gurobipy - INFO - 
2026-02-17 22:26:06,694 - gurobipy - INFO - Optimize a model with 927 rows, 8559 columns and 8343 nonzeros
2026-02-17 22:26:06,695 - gurobipy - INFO - Model fingerprint: 0x1b227bce
2026-02-17 22:26:06,695 - gurobipy - INFO - Model has 8559 quadratic objective terms
2026-02-17 22:26:06,695 - gurobipy - INFO - Variable types: 0 continuous, 8559 integer (0 binary)
2026-02-17 22:26:06,695 - gurobipy - INFO - Coefficient statistics:
2026-02-17 22:26:06,695 - gurobipy - INFO -   Matrix range     [1e+00, 1e+00]
2026-02-17 22:26:06,695 - gurobipy - INFO -   Objective range  [3e-03, 1e+00]
2026-02-17 22:26:06,695 - gurobipy - INFO -   QObjective range [1e-01, 5e-01]
2026-02-17 22:26:06,695 - gurobipy - INFO -   Bounds range     [1e+00, 2e+01]
2026-02-17 22:26:06,695 - gurobipy - INFO -   RHS range        [1e+00, 2e+01]
2026-02-17 22:26:06,695 - gurobipy - INFO - 
2026-02-17 22:26:06,695 - gurobipy - INFO - Loaded user MIP start with objective 577.049
2026-02-17 22:26:06,695 - gurobipy - INFO - 
2026-02-17 22:26:12,482 - gurobipy - INFO - Presolve removed 926 rows and 8550 columns (presolve time = 6s) ...
2026-02-17 22:26:12,482 - gurobipy - INFO - Presolve removed 926 rows and 8550 columns
2026-02-17 22:26:12,482 - gurobipy - INFO - Presolve time: 5.79s
2026-02-17 22:26:12,482 - gurobipy - INFO - Presolved: 1 rows, 9 columns, 9 nonzeros
2026-02-17 22:26:12,483 - gurobipy - INFO - Presolved model has 9 quadratic objective terms
2026-02-17 22:26:12,483 - gurobipy - INFO - Found heuristic solution: objective 576.5930206
2026-02-17 22:26:12,483 - gurobipy - INFO - Variable types: 0 continuous, 9 integer (0 binary)
2026-02-17 22:26:12,483 - gurobipy - INFO - 
2026-02-17 22:26:12,484 - gurobipy - INFO - Explored 0 nodes (0 simplex iterations) in 5.79 seconds (0.10 work units)
2026-02-17 22:26:12,484 - gurobipy - INFO - Thread count was 32 (of 64 available processors)
2026-02-17 22:26:12,484 - gurobipy - INFO - 
2026-02-17 22:26:12,484 - gurobipy - INFO - Solution count 2: 576.593 577.049 
2026-02-17 22:26:12,484 - gurobipy - INFO - 
2026-02-17 22:26:12,484 - gurobipy - INFO - Optimal solution found (tolerance 5.00e-02)
2026-02-17 22:26:12,484 - gurobipy - INFO - Best objective 5.765930206437e+02, best bound 5.756109117940e+02, gap 0.1703%
2026-02-17 22:26:12,510 - root - INFO - Global IQP solved: status=2, gap=0.17%, time=5.8s
2026-02-17 22:26:12,546 - root - INFO -   Loss: 575.7868 (change: 0.002187)
2026-02-17 22:26:12,547 - root - INFO -   Beta range: [0.178, 0.354]
2026-02-17 22:26:12,547 - root - INFO -   Max beta change: 0.014100
2026-02-17 22:26:12,547 - root - INFO -   Cell count range: [0, 19]
2026-02-17 22:26:12,547 - root - INFO -     B-cells: 594 cells (12.1%)
2026-02-17 22:26:12,547 - root - INFO -     CAFs: 461 cells (9.4%)
2026-02-17 22:26:12,547 - root - INFO -     Cancer Epithelial: 506 cells (10.3%)
2026-02-17 22:26:12,547 - root - INFO -     Endothelial: 459 cells (9.4%)
2026-02-17 22:26:12,547 - root - INFO -     Myeloid: 483 cells (9.9%)
2026-02-17 22:26:12,547 - root - INFO -     Normal Epithelial: 582 cells (11.9%)
2026-02-17 22:26:12,547 - root - INFO -     PVL: 620 cells (12.7%)
2026-02-17 22:26:12,547 - root - INFO -     Plasmablasts: 624 cells (12.8%)
2026-02-17 22:26:12,547 - root - INFO -     T-cells: 565 cells (11.5%)
2026-02-17 22:26:12,547 - root - INFO - 
=== EM Iteration 8/10 ===
2026-02-17 22:26:12,547 - root - INFO - Global IQP: 951 spots x 9 cell types = 8559 integer variables
2026-02-17 22:26:12,547 - root - INFO - Time limit: 600.0s, MIP gap: 5.0%
2026-02-17 22:26:12,547 - gurobipy - INFO - Set parameter TimeLimit to value 600
2026-02-17 22:26:12,547 - gurobipy - INFO - Set parameter MIPGap to value 0.05
2026-02-17 22:26:14,415 - root - INFO - Starting global IQP optimization...
2026-02-17 22:26:14,416 - gurobipy - INFO - Gurobi Optimizer version 11.0.2 build v11.0.2rc0 (linux64 - "Red Hat Enterprise Linux 9.6 (Plow)")
2026-02-17 22:26:14,416 - gurobipy - INFO - 
2026-02-17 22:26:14,416 - gurobipy - INFO - CPU model: Intel(R) Xeon(R) Platinum 8352Y CPU @ 2.20GHz, instruction set [SSE2|AVX|AVX2|AVX512]
2026-02-17 22:26:14,416 - gurobipy - INFO - Thread count: 64 physical cores, 64 logical processors, using up to 32 threads
2026-02-17 22:26:14,416 - gurobipy - INFO - 
2026-02-17 22:26:14,416 - gurobipy - INFO - Optimize a model with 927 rows, 8559 columns and 8343 nonzeros
2026-02-17 22:26:14,417 - gurobipy - INFO - Model fingerprint: 0x56b339a1
2026-02-17 22:26:14,417 - gurobipy - INFO - Model has 8559 quadratic objective terms
2026-02-17 22:26:14,417 - gurobipy - INFO - Variable types: 0 continuous, 8559 integer (0 binary)
2026-02-17 22:26:14,417 - gurobipy - INFO - Coefficient statistics:
2026-02-17 22:26:14,417 - gurobipy - INFO -   Matrix range     [1e+00, 1e+00]
2026-02-17 22:26:14,417 - gurobipy - INFO -   Objective range  [2e-03, 1e+00]
2026-02-17 22:26:14,417 - gurobipy - INFO -   QObjective range [1e-01, 5e-01]
2026-02-17 22:26:14,417 - gurobipy - INFO -   Bounds range     [1e+00, 2e+01]
2026-02-17 22:26:14,417 - gurobipy - INFO -   RHS range        [1e+00, 2e+01]
2026-02-17 22:26:14,417 - gurobipy - INFO - 
2026-02-17 22:26:14,417 - gurobipy - INFO - Loaded user MIP start with objective 575.787
2026-02-17 22:26:14,417 - gurobipy - INFO - 
2026-02-17 22:26:20,282 - gurobipy - INFO - Presolve removed 926 rows and 8550 columns (presolve time = 6s) ...
2026-02-17 22:26:20,282 - gurobipy - INFO - Presolve removed 926 rows and 8550 columns
2026-02-17 22:26:20,283 - gurobipy - INFO - Presolve time: 5.86s
2026-02-17 22:26:20,283 - gurobipy - INFO - Presolved: 1 rows, 9 columns, 9 nonzeros
2026-02-17 22:26:20,283 - gurobipy - INFO - Presolved model has 9 quadratic objective terms
2026-02-17 22:26:20,283 - gurobipy - INFO - Found heuristic solution: objective 575.2805141
2026-02-17 22:26:20,283 - gurobipy - INFO - Variable types: 0 continuous, 9 integer (0 binary)
2026-02-17 22:26:20,284 - gurobipy - INFO - 
2026-02-17 22:26:20,284 - gurobipy - INFO - Explored 0 nodes (0 simplex iterations) in 5.87 seconds (0.10 work units)
2026-02-17 22:26:20,284 - gurobipy - INFO - Thread count was 32 (of 64 available processors)
2026-02-17 22:26:20,284 - gurobipy - INFO - 
2026-02-17 22:26:20,284 - gurobipy - INFO - Solution count 2: 575.281 575.787 
2026-02-17 22:26:20,284 - gurobipy - INFO - 
2026-02-17 22:26:20,284 - gurobipy - INFO - Optimal solution found (tolerance 5.00e-02)
2026-02-17 22:26:20,284 - gurobipy - INFO - Best objective 5.752805140570e+02, best bound 5.742835846204e+02, gap 0.1733%
2026-02-17 22:26:20,311 - root - INFO - Global IQP solved: status=2, gap=0.17%, time=5.9s
2026-02-17 22:26:20,366 - root - INFO -   Loss: 574.6298 (change: 0.002009)
2026-02-17 22:26:20,366 - root - INFO -   Beta range: [0.177, 0.352]
2026-02-17 22:26:20,366 - root - INFO -   Max beta change: 0.010105
2026-02-17 22:26:20,367 - root - INFO -   Cell count range: [0, 19]
2026-02-17 22:26:20,367 - root - INFO -     B-cells: 594 cells (12.1%)
2026-02-17 22:26:20,367 - root - INFO -     CAFs: 447 cells (9.1%)
2026-02-17 22:26:20,367 - root - INFO -     Cancer Epithelial: 509 cells (10.4%)
2026-02-17 22:26:20,367 - root - INFO -     Endothelial: 452 cells (9.2%)
2026-02-17 22:26:20,367 - root - INFO -     Myeloid: 478 cells (9.8%)
2026-02-17 22:26:20,367 - root - INFO -     Normal Epithelial: 588 cells (12.0%)
2026-02-17 22:26:20,367 - root - INFO -     PVL: 638 cells (13.0%)
2026-02-17 22:26:20,367 - root - INFO -     Plasmablasts: 619 cells (12.6%)
2026-02-17 22:26:20,367 - root - INFO -     T-cells: 569 cells (11.6%)
2026-02-17 22:26:20,367 - root - INFO - 
=== EM Iteration 9/10 ===
2026-02-17 22:26:20,367 - root - INFO - Global IQP: 951 spots x 9 cell types = 8559 integer variables
2026-02-17 22:26:20,367 - root - INFO - Time limit: 600.0s, MIP gap: 5.0%
2026-02-17 22:26:20,367 - gurobipy - INFO - Set parameter TimeLimit to value 600
2026-02-17 22:26:20,367 - gurobipy - INFO - Set parameter MIPGap to value 0.05
2026-02-17 22:26:22,238 - root - INFO - Starting global IQP optimization...
2026-02-17 22:26:22,239 - gurobipy - INFO - Gurobi Optimizer version 11.0.2 build v11.0.2rc0 (linux64 - "Red Hat Enterprise Linux 9.6 (Plow)")
2026-02-17 22:26:22,239 - gurobipy - INFO - 
2026-02-17 22:26:22,239 - gurobipy - INFO - CPU model: Intel(R) Xeon(R) Platinum 8352Y CPU @ 2.20GHz, instruction set [SSE2|AVX|AVX2|AVX512]
2026-02-17 22:26:22,239 - gurobipy - INFO - Thread count: 64 physical cores, 64 logical processors, using up to 32 threads
2026-02-17 22:26:22,239 - gurobipy - INFO - 
2026-02-17 22:26:22,239 - gurobipy - INFO - Optimize a model with 927 rows, 8559 columns and 8343 nonzeros
2026-02-17 22:26:22,239 - gurobipy - INFO - Model fingerprint: 0x2f06f8c8
2026-02-17 22:26:22,239 - gurobipy - INFO - Model has 8559 quadratic objective terms
2026-02-17 22:26:22,239 - gurobipy - INFO - Variable types: 0 continuous, 8559 integer (0 binary)
2026-02-17 22:26:22,240 - gurobipy - INFO - Coefficient statistics:
2026-02-17 22:26:22,240 - gurobipy - INFO -   Matrix range     [1e+00, 1e+00]
2026-02-17 22:26:22,240 - gurobipy - INFO -   Objective range  [2e-04, 1e+00]
2026-02-17 22:26:22,240 - gurobipy - INFO -   QObjective range [1e-01, 5e-01]
2026-02-17 22:26:22,240 - gurobipy - INFO -   Bounds range     [1e+00, 2e+01]
2026-02-17 22:26:22,240 - gurobipy - INFO -   RHS range        [1e+00, 2e+01]
2026-02-17 22:26:22,240 - gurobipy - INFO - 
2026-02-17 22:26:22,240 - gurobipy - INFO - Loaded user MIP start with objective 574.63
2026-02-17 22:26:22,240 - gurobipy - INFO - 
2026-02-17 22:26:27,642 - gurobipy - INFO - Presolve removed 926 rows and 8550 columns (presolve time = 5s) ...
2026-02-17 22:26:27,643 - gurobipy - INFO - Presolve removed 926 rows and 8550 columns
2026-02-17 22:26:27,643 - gurobipy - INFO - Presolve time: 5.40s
2026-02-17 22:26:27,643 - gurobipy - INFO - Presolved: 1 rows, 9 columns, 9 nonzeros
2026-02-17 22:26:27,643 - gurobipy - INFO - Presolved model has 9 quadratic objective terms
2026-02-17 22:26:27,643 - gurobipy - INFO - Found heuristic solution: objective 574.1052854
2026-02-17 22:26:27,643 - gurobipy - INFO - Variable types: 0 continuous, 9 integer (0 binary)
2026-02-17 22:26:27,644 - gurobipy - INFO - 
2026-02-17 22:26:27,644 - gurobipy - INFO - Explored 0 nodes (0 simplex iterations) in 5.41 seconds (0.10 work units)
2026-02-17 22:26:27,644 - gurobipy - INFO - Thread count was 32 (of 64 available processors)
2026-02-17 22:26:27,644 - gurobipy - INFO - 
2026-02-17 22:26:27,644 - gurobipy - INFO - Solution count 2: 574.105 574.63 
2026-02-17 22:26:27,644 - gurobipy - INFO - 
2026-02-17 22:26:27,644 - gurobipy - INFO - Optimal solution found (tolerance 5.00e-02)
2026-02-17 22:26:27,644 - gurobipy - INFO - Best objective 5.741052853993e+02, best bound 5.730892366245e+02, gap 0.1770%
2026-02-17 22:26:27,670 - root - INFO - Global IQP solved: status=2, gap=0.18%, time=5.4s
2026-02-17 22:26:27,707 - root - INFO -   Loss: 573.5331 (change: 0.001909)
2026-02-17 22:26:27,707 - root - INFO -   Beta range: [0.174, 0.351]
2026-02-17 22:26:27,707 - root - INFO -   Max beta change: 0.012452
2026-02-17 22:26:27,707 - root - INFO -   Cell count range: [0, 19]
2026-02-17 22:26:27,707 - root - INFO -     B-cells: 588 cells (12.0%)
2026-02-17 22:26:27,707 - root - INFO -     CAFs: 431 cells (8.8%)
2026-02-17 22:26:27,707 - root - INFO -     Cancer Epithelial: 511 cells (10.4%)
2026-02-17 22:26:27,707 - root - INFO -     Endothelial: 444 cells (9.1%)
2026-02-17 22:26:27,707 - root - INFO -     Myeloid: 469 cells (9.6%)
2026-02-17 22:26:27,707 - root - INFO -     Normal Epithelial: 593 cells (12.1%)
2026-02-17 22:26:27,707 - root - INFO -     PVL: 665 cells (13.6%)
2026-02-17 22:26:27,707 - root - INFO -     Plasmablasts: 608 cells (12.4%)
2026-02-17 22:26:27,707 - root - INFO -     T-cells: 585 cells (12.0%)
2026-02-17 22:26:27,707 - root - INFO - 
=== EM Iteration 10/10 ===
2026-02-17 22:26:27,707 - root - INFO - Global IQP: 951 spots x 9 cell types = 8559 integer variables
2026-02-17 22:26:27,707 - root - INFO - Time limit: 600.0s, MIP gap: 5.0%
2026-02-17 22:26:27,708 - gurobipy - INFO - Set parameter TimeLimit to value 600
2026-02-17 22:26:27,708 - gurobipy - INFO - Set parameter MIPGap to value 0.05
2026-02-17 22:26:29,572 - root - INFO - Starting global IQP optimization...
2026-02-17 22:26:29,573 - gurobipy - INFO - Gurobi Optimizer version 11.0.2 build v11.0.2rc0 (linux64 - "Red Hat Enterprise Linux 9.6 (Plow)")
2026-02-17 22:26:29,573 - gurobipy - INFO - 
2026-02-17 22:26:29,573 - gurobipy - INFO - CPU model: Intel(R) Xeon(R) Platinum 8352Y CPU @ 2.20GHz, instruction set [SSE2|AVX|AVX2|AVX512]
2026-02-17 22:26:29,573 - gurobipy - INFO - Thread count: 64 physical cores, 64 logical processors, using up to 32 threads
2026-02-17 22:26:29,573 - gurobipy - INFO - 
2026-02-17 22:26:29,573 - gurobipy - INFO - Optimize a model with 927 rows, 8559 columns and 8343 nonzeros
2026-02-17 22:26:29,574 - gurobipy - INFO - Model fingerprint: 0xc7b42c7f
2026-02-17 22:26:29,574 - gurobipy - INFO - Model has 8559 quadratic objective terms
2026-02-17 22:26:29,574 - gurobipy - INFO - Variable types: 0 continuous, 8559 integer (0 binary)
2026-02-17 22:26:29,574 - gurobipy - INFO - Coefficient statistics:
2026-02-17 22:26:29,574 - gurobipy - INFO -   Matrix range     [1e+00, 1e+00]
2026-02-17 22:26:29,574 - gurobipy - INFO -   Objective range  [1e-03, 1e+00]
2026-02-17 22:26:29,574 - gurobipy - INFO -   QObjective range [1e-01, 5e-01]
2026-02-17 22:26:29,574 - gurobipy - INFO -   Bounds range     [1e+00, 2e+01]
2026-02-17 22:26:29,574 - gurobipy - INFO -   RHS range        [1e+00, 2e+01]
2026-02-17 22:26:29,574 - gurobipy - INFO - 
2026-02-17 22:26:29,575 - gurobipy - INFO - Loaded user MIP start with objective 573.533
2026-02-17 22:26:29,575 - gurobipy - INFO - 
2026-02-17 22:26:35,477 - gurobipy - INFO - Presolve removed 926 rows and 8550 columns (presolve time = 6s) ...
2026-02-17 22:26:35,477 - gurobipy - INFO - Presolve removed 926 rows and 8550 columns
2026-02-17 22:26:35,477 - gurobipy - INFO - Presolve time: 5.90s
2026-02-17 22:26:35,477 - gurobipy - INFO - Presolved: 1 rows, 9 columns, 9 nonzeros
2026-02-17 22:26:35,477 - gurobipy - INFO - Presolved model has 9 quadratic objective terms
2026-02-17 22:26:35,478 - gurobipy - INFO - Found heuristic solution: objective 573.0858827
2026-02-17 22:26:35,478 - gurobipy - INFO - Variable types: 0 continuous, 9 integer (0 binary)
2026-02-17 22:26:35,478 - gurobipy - INFO - 
2026-02-17 22:26:35,478 - gurobipy - INFO - Explored 0 nodes (0 simplex iterations) in 5.90 seconds (0.09 work units)
2026-02-17 22:26:35,478 - gurobipy - INFO - Thread count was 32 (of 64 available processors)
2026-02-17 22:26:35,478 - gurobipy - INFO - 
2026-02-17 22:26:35,478 - gurobipy - INFO - Solution count 2: 573.086 573.533 
2026-02-17 22:26:35,478 - gurobipy - INFO - 
2026-02-17 22:26:35,478 - gurobipy - INFO - Optimal solution found (tolerance 5.00e-02)
2026-02-17 22:26:35,479 - gurobipy - INFO - Best objective 5.730858827481e+02, best bound 5.720453688576e+02, gap 0.1816%
2026-02-17 22:26:35,505 - root - INFO - Global IQP solved: status=2, gap=0.18%, time=5.9s
2026-02-17 22:26:35,541 - root - INFO -   Loss: 573.6445 (change: 0.000194)
2026-02-17 22:26:35,541 - root - INFO -   Beta range: [0.172, 0.357]
2026-02-17 22:26:35,541 - root - INFO -   Max beta change: 0.008267
2026-02-17 22:26:35,541 - root - INFO -   Cell count range: [0, 19]
2026-02-17 22:26:35,541 - root - INFO -     B-cells: 583 cells (11.9%)
2026-02-17 22:26:35,542 - root - INFO -     CAFs: 422 cells (8.6%)
2026-02-17 22:26:35,542 - root - INFO -     Cancer Epithelial: 514 cells (10.5%)
2026-02-17 22:26:35,542 - root - INFO -     Endothelial: 441 cells (9.0%)
2026-02-17 22:26:35,542 - root - INFO -     Myeloid: 462 cells (9.4%)
2026-02-17 22:26:35,542 - root - INFO -     Normal Epithelial: 600 cells (12.3%)
2026-02-17 22:26:35,542 - root - INFO -     PVL: 682 cells (13.9%)
2026-02-17 22:26:35,542 - root - INFO -     Plasmablasts: 593 cells (12.1%)
2026-02-17 22:26:35,542 - root - INFO -     T-cells: 597 cells (12.2%)
2026-02-17 22:26:35,542 - root - WARNING - Loss increased from 573.5331 to 573.6445
2026-02-17 22:26:35,542 - root - INFO - 
Final beta values:
2026-02-17 22:26:35,542 - root - INFO -   B-cells_Protein_1: β=0.223, α=0.000
2026-02-17 22:26:35,542 - root - INFO -   B-cells_Protein_2: β=0.224, α=0.000
2026-02-17 22:26:35,542 - root - INFO -   CAFs_Protein_1: β=0.297, α=0.000
2026-02-17 22:26:35,542 - root - INFO -   CAFs_Protein_2: β=0.308, α=0.000
2026-02-17 22:26:35,542 - root - INFO -   Cancer Epithelial_Protein_1: β=0.357, α=0.009
2026-02-17 22:26:35,542 - root - INFO -   Cancer Epithelial_Protein_2: β=0.350, α=0.000
2026-02-17 22:26:35,542 - root - INFO -   Endothelial_Protein_1: β=0.263, α=0.000
2026-02-17 22:26:35,542 - root - INFO -   Endothelial_Protein_2: β=0.263, α=0.000
2026-02-17 22:26:35,542 - root - INFO -   Myeloid_Protein_1: β=0.263, α=0.000
2026-02-17 22:26:35,542 - root - INFO -   Myeloid_Protein_2: β=0.266, α=0.000
2026-02-17 22:26:35,542 - root - INFO -   Normal Epithelial_Protein_1: β=0.172, α=0.000
2026-02-17 22:26:35,542 - root - INFO -   Normal Epithelial_Protein_2: β=0.172, α=0.000
2026-02-17 22:26:35,542 - root - INFO -   PVL_Protein_1: β=0.292, α=0.000
2026-02-17 22:26:35,542 - root - INFO -   PVL_Protein_2: β=0.289, α=0.003
2026-02-17 22:26:35,542 - root - INFO -   Plasmablasts_Protein_1: β=0.285, α=0.000
2026-02-17 22:26:35,542 - root - INFO -   Plasmablasts_Protein_2: β=0.317, α=0.000
2026-02-17 22:26:35,542 - root - INFO -   T-cells_Protein_1: β=0.176, α=0.000
2026-02-17 22:26:35,542 - root - INFO -   T-cells_Protein_2: β=0.173, α=0.000
2026-02-17 22:26:35,554 - root - INFO - Saved discrete cell counts to Benchmarking/simulation_benchmarking/CITEgeist/output_discrete_global/high_seg/dapi/high_seg/dapi/Wu_rep_0/Wu_rep_0_discrete_cell_counts.csv
2026-02-17 22:26:35,563 - root - INFO - Saved derived proportions to Benchmarking/simulation_benchmarking/CITEgeist/output_discrete_global/high_seg/dapi/high_seg/dapi/Wu_rep_0/Wu_rep_0_cell_prop_discrete.csv
2026-02-17 22:26:35,563 - root - INFO - Cell type distribution:
2026-02-17 22:26:35,563 - root - INFO -   B-cells: 583 cells (11.9%)
2026-02-17 22:26:35,563 - root - INFO -   CAFs: 422 cells (8.6%)
2026-02-17 22:26:35,563 - root - INFO -   Cancer Epithelial: 514 cells (10.5%)
2026-02-17 22:26:35,563 - root - INFO -   Endothelial: 441 cells (9.0%)
2026-02-17 22:26:35,563 - root - INFO -   Myeloid: 462 cells (9.4%)
2026-02-17 22:26:35,563 - root - INFO -   Normal Epithelial: 600 cells (12.3%)
2026-02-17 22:26:35,563 - root - INFO -   PVL: 682 cells (13.9%)
2026-02-17 22:26:35,563 - root - INFO -   Plasmablasts: 593 cells (12.1%)
2026-02-17 22:26:35,563 - root - INFO -   T-cells: 597 cells (12.2%)
2026-02-17 22:26:35,572 - __main__ - INFO - Loaded ground truth proportions: 951 spots, 9 cell types
2026-02-17 22:26:35,574 - __main__ - INFO - Proportion correlation: 0.743
2026-02-17 22:26:35,574 - __main__ - INFO - Proportion RMSE: 0.1799
2026-02-17 22:26:35,574 - __main__ - INFO - Running GEX deconvolution...
2026-02-17 22:26:35,575 - CITEgeist.model.utils - INFO - Detected spot spacing: 1.61 units (median of 951 nearest-neighbor distances)
2026-02-17 22:26:35,575 - CITEgeist.model.utils - INFO - Computed optimal radius: 4.92 (3.0 rings, spot_spacing=1.61)
2026-02-17 22:26:35,575 - root - INFO - Auto-detected radius: 4.92 (3 rings)
2026-02-17 22:26:35,575 - root - INFO - Starting Pass 1: Error minimization with enrichment weights...
2026-02-17 22:26:35,575 - root - INFO - Using discrete mode: cell counts as fixed multipliers
2026-02-17 22:26:35,576 - root - WARNING - Found 24 spots with zero cells. These will be skipped in deconvolution.
2026-02-17 22:26:35,576 - root - WARNING - Found 24 spots with zero or negligible total cell proportions. Deconvolution for these spots may fail and their profiles will be imputed as zeros. Example spot indices: [ 48  56  72 206 301]
2026-02-17 22:26:35,577 - root - INFO - Starting analysis for Wu_rep_0
2026-02-17 22:26:35,577 - root - INFO - Already completed spots: 0
2026-02-17 22:26:35,577 - root - INFO - Using enrichment weights - Global: 0.5, Local: 0.5
2026-02-17 22:26:35,577 - root - INFO - Using 64 workers
2026-02-17 22:26:35,577 - root - INFO - Processing 951 remaining spots
Deconvoluting Remaining Spots:   0%|          | 0/951 [00:00<?, ?it/s]Deconvoluting Remaining Spots:   0%|          | 1/951 [00:08<2:11:58,  8.33s/it]Deconvoluting Remaining Spots:   0%|          | 2/951 [00:09<1:02:31,  3.95s/it]Deconvoluting Remaining Spots:   0%|          | 3/951 [00:09<36:12,  2.29s/it]  Deconvoluting Remaining Spots:   0%|          | 4/951 [00:10<25:53,  1.64s/it]Deconvoluting Remaining Spots:   1%|          | 5/951 [00:10<19:17,  1.22s/it]Deconvoluting Remaining Spots:   1%|          | 6/951 [00:11<16:20,  1.04s/it]Deconvoluting Remaining Spots:   1%|          | 7/951 [00:11<13:49,  1.14it/s]Deconvoluting Remaining Spots:   1%|          | 8/951 [00:12<12:30,  1.26it/s]Deconvoluting Remaining Spots:   1%|          | 9/951 [00:13<11:29,  1.37it/s]Deconvoluting Remaining Spots:   1%|          | 10/951 [00:13<10:57,  1.43it/s]Deconvoluting Remaining Spots:   1%|          | 11/951 [00:14<10:29,  1.49it/s]Deconvoluting Remaining Spots:   1%|▏         | 12/951 [00:14<10:01,  1.56it/s]Deconvoluting Remaining Spots:   1%|▏         | 13/951 [00:15<10:17,  1.52it/s]Deconvoluting Remaining Spots:   1%|▏         | 14/951 [00:16<10:14,  1.53it/s]Deconvoluting Remaining Spots:   2%|▏         | 15/951 [00:16<10:01,  1.56it/s]Deconvoluting Remaining Spots:   2%|▏         | 16/951 [00:17<09:31,  1.64it/s]Deconvoluting Remaining Spots:   2%|▏         | 17/951 [00:18<09:30,  1.64it/s]Deconvoluting Remaining Spots:   2%|▏         | 18/951 [00:18<09:31,  1.63it/s]Deconvoluting Remaining Spots:   2%|▏         | 19/951 [00:19<09:23,  1.65it/s]Deconvoluting Remaining Spots:   2%|▏         | 20/951 [00:19<09:49,  1.58it/s]Deconvoluting Remaining Spots:   2%|▏         | 21/951 [00:20<09:56,  1.56it/s]Deconvoluting Remaining Spots:   2%|▏         | 22/951 [00:21<11:31,  1.34it/s]Deconvoluting Remaining Spots:   2%|▏         | 23/951 [00:21<09:48,  1.58it/s]Deconvoluting Remaining Spots:   3%|▎         | 24/951 [00:22<09:00,  1.72it/s]Deconvoluting Remaining Spots:   3%|▎         | 25/951 [00:22<08:40,  1.78it/s]Deconvoluting Remaining Spots:   3%|▎         | 26/951 [00:23<08:54,  1.73it/s]Deconvoluting Remaining Spots:   3%|▎         | 27/951 [00:24<10:21,  1.49it/s]Deconvoluting Remaining Spots:   3%|▎         | 28/951 [00:24<09:03,  1.70it/s]Deconvoluting Remaining Spots:   3%|▎         | 29/951 [00:25<09:05,  1.69it/s]Deconvoluting Remaining Spots:   3%|▎         | 30/951 [00:26<10:30,  1.46it/s]Deconvoluting Remaining Spots:   3%|▎         | 31/951 [00:26<08:50,  1.73it/s]Deconvoluting Remaining Spots:   3%|▎         | 32/951 [00:27<09:07,  1.68it/s]Deconvoluting Remaining Spots:   3%|▎         | 33/951 [00:27<09:25,  1.62it/s]Deconvoluting Remaining Spots:   4%|▎         | 34/951 [00:28<09:07,  1.67it/s]Deconvoluting Remaining Spots:   4%|▎         | 35/951 [00:29<09:18,  1.64it/s]Deconvoluting Remaining Spots:   4%|▍         | 36/951 [00:29<08:48,  1.73it/s]Deconvoluting Remaining Spots:   4%|▍         | 37/951 [00:30<09:07,  1.67it/s]Deconvoluting Remaining Spots:   4%|▍         | 38/951 [00:30<09:13,  1.65it/s]Deconvoluting Remaining Spots:   4%|▍         | 39/951 [00:31<09:02,  1.68it/s]Deconvoluting Remaining Spots:   4%|▍         | 40/951 [00:32<09:20,  1.62it/s]Deconvoluting Remaining Spots:   4%|▍         | 41/951 [00:32<09:46,  1.55it/s]Deconvoluting Remaining Spots:   4%|▍         | 42/951 [00:33<09:53,  1.53it/s]Deconvoluting Remaining Spots:   5%|▍         | 43/951 [00:34<09:40,  1.57it/s]Deconvoluting Remaining Spots:   5%|▍         | 44/951 [00:34<09:30,  1.59it/s]Deconvoluting Remaining Spots:   5%|▍         | 45/951 [00:35<09:36,  1.57it/s]Deconvoluting Remaining Spots:   5%|▍         | 46/951 [00:35<09:13,  1.64it/s]Deconvoluting Remaining Spots:   5%|▍         | 47/951 [00:36<09:16,  1.62it/s]Deconvoluting Remaining Spots:   5%|▌         | 48/951 [00:37<09:06,  1.65it/s]Deconvoluting Remaining Spots:   5%|▌         | 49/951 [00:37<09:15,  1.62it/s]Deconvoluting Remaining Spots:   5%|▌         | 50/951 [00:38<09:28,  1.59it/s]Deconvoluting Remaining Spots:   5%|▌         | 51/951 [00:39<09:24,  1.60it/s]Deconvoluting Remaining Spots:   5%|▌         | 52/951 [00:39<09:31,  1.57it/s]Deconvoluting Remaining Spots:   6%|▌         | 53/951 [00:40<10:25,  1.44it/s]Deconvoluting Remaining Spots:   6%|▌         | 54/951 [00:40<08:34,  1.74it/s]Deconvoluting Remaining Spots:   6%|▌         | 55/951 [00:41<08:37,  1.73it/s]Deconvoluting Remaining Spots:   6%|▌         | 56/951 [00:42<09:26,  1.58it/s]Deconvoluting Remaining Spots:   6%|▌         | 57/951 [00:42<09:12,  1.62it/s]Deconvoluting Remaining Spots:   6%|▌         | 58/951 [00:43<10:36,  1.40it/s]Deconvoluting Remaining Spots:   6%|▌         | 59/951 [00:43<08:27,  1.76it/s]Deconvoluting Remaining Spots:   6%|▋         | 60/951 [00:44<08:20,  1.78it/s]Deconvoluting Remaining Spots:   6%|▋         | 61/951 [00:45<08:27,  1.75it/s]Deconvoluting Remaining Spots:   7%|▋         | 62/951 [00:45<09:18,  1.59it/s]Deconvoluting Remaining Spots:   7%|▋         | 63/951 [00:46<09:22,  1.58it/s]Deconvoluting Remaining Spots:   7%|▋         | 64/951 [00:47<09:20,  1.58it/s]Deconvoluting Remaining Spots:   7%|▋         | 65/951 [00:47<08:19,  1.77it/s]Deconvoluting Remaining Spots:   7%|▋         | 66/951 [00:48<08:19,  1.77it/s]Deconvoluting Remaining Spots:   7%|▋         | 67/951 [00:48<07:14,  2.04it/s]Deconvoluting Remaining Spots:   7%|▋         | 68/951 [00:48<07:00,  2.10it/s]Deconvoluting Remaining Spots:   7%|▋         | 69/951 [00:49<08:03,  1.83it/s]Deconvoluting Remaining Spots:   7%|▋         | 70/951 [00:49<07:02,  2.09it/s]Deconvoluting Remaining Spots:   7%|▋         | 71/951 [00:50<07:07,  2.06it/s]Deconvoluting Remaining Spots:   8%|▊         | 72/951 [00:51<08:03,  1.82it/s]Deconvoluting Remaining Spots:   8%|▊         | 73/951 [00:51<07:53,  1.86it/s]Deconvoluting Remaining Spots:   8%|▊         | 74/951 [00:52<09:39,  1.51it/s]Deconvoluting Remaining Spots:   8%|▊         | 76/951 [00:53<07:08,  2.04it/s]Deconvoluting Remaining Spots:   8%|▊         | 77/951 [00:53<07:19,  1.99it/s]Deconvoluting Remaining Spots:   8%|▊         | 78/951 [00:54<07:20,  1.98it/s]Deconvoluting Remaining Spots:   8%|▊         | 79/951 [00:55<09:08,  1.59it/s]Deconvoluting Remaining Spots:   8%|▊         | 80/951 [00:55<06:59,  2.08it/s]Deconvoluting Remaining Spots:   9%|▊         | 81/951 [00:55<07:29,  1.93it/s]Deconvoluting Remaining Spots:   9%|▊         | 82/951 [00:56<07:54,  1.83it/s]Deconvoluting Remaining Spots:   9%|▊         | 83/951 [00:57<07:51,  1.84it/s]Deconvoluting Remaining Spots:   9%|▉         | 84/951 [00:57<07:38,  1.89it/s]Deconvoluting Remaining Spots:   9%|▉         | 85/951 [00:57<06:32,  2.21it/s]Deconvoluting Remaining Spots:   9%|▉         | 86/951 [00:58<06:51,  2.10it/s]Deconvoluting Remaining Spots:   9%|▉         | 87/951 [00:58<07:12,  2.00it/s]Deconvoluting Remaining Spots:   9%|▉         | 88/951 [00:59<08:20,  1.73it/s]Deconvoluting Remaining Spots:   9%|▉         | 89/951 [01:00<09:08,  1.57it/s]Deconvoluting Remaining Spots:   9%|▉         | 90/951 [01:00<08:14,  1.74it/s]Deconvoluting Remaining Spots:  10%|▉         | 92/951 [01:01<06:08,  2.33it/s]Deconvoluting Remaining Spots:  10%|▉         | 93/951 [01:02<07:15,  1.97it/s]Deconvoluting Remaining Spots:  10%|▉         | 94/951 [01:02<08:36,  1.66it/s]Deconvoluting Remaining Spots:  10%|█         | 96/951 [01:03<06:34,  2.17it/s]Deconvoluting Remaining Spots:  10%|█         | 97/951 [01:04<07:07,  2.00it/s]Deconvoluting Remaining Spots:  10%|█         | 98/951 [01:04<07:12,  1.97it/s]Deconvoluting Remaining Spots:  10%|█         | 99/951 [01:05<08:09,  1.74it/s]Deconvoluting Remaining Spots:  11%|█         | 100/951 [01:05<07:54,  1.79it/s]2026-02-17 22:27:44,999 - root - INFO - Saved checkpoint after 100 completed spots
Deconvoluting Remaining Spots:  11%|█         | 101/951 [01:08<14:34,  1.03s/it]Deconvoluting Remaining Spots:  11%|█         | 105/951 [01:08<06:38,  2.12it/s]Deconvoluting Remaining Spots:  11%|█         | 106/951 [01:09<06:35,  2.14it/s]Deconvoluting Remaining Spots:  11%|█▏        | 107/951 [01:09<06:42,  2.10it/s]Deconvoluting Remaining Spots:  11%|█▏        | 108/951 [01:10<06:30,  2.16it/s]Deconvoluting Remaining Spots:  11%|█▏        | 109/951 [01:10<06:47,  2.07it/s]Deconvoluting Remaining Spots:  12%|█▏        | 110/951 [01:11<07:45,  1.81it/s]Deconvoluting Remaining Spots:  12%|█▏        | 111/951 [01:11<06:46,  2.06it/s]Deconvoluting Remaining Spots:  12%|█▏        | 112/951 [01:12<07:33,  1.85it/s]Deconvoluting Remaining Spots:  12%|█▏        | 113/951 [01:13<08:03,  1.73it/s]Deconvoluting Remaining Spots:  12%|█▏        | 114/951 [01:13<06:42,  2.08it/s]Deconvoluting Remaining Spots:  12%|█▏        | 115/951 [01:13<07:22,  1.89it/s]Deconvoluting Remaining Spots:  12%|█▏        | 116/951 [01:14<06:13,  2.24it/s]Deconvoluting Remaining Spots:  12%|█▏        | 117/951 [01:14<07:40,  1.81it/s]Deconvoluting Remaining Spots:  12%|█▏        | 118/951 [01:15<07:59,  1.74it/s]Deconvoluting Remaining Spots:  13%|█▎        | 119/951 [01:16<07:53,  1.76it/s]Deconvoluting Remaining Spots:  13%|█▎        | 120/951 [01:16<07:39,  1.81it/s]Deconvoluting Remaining Spots:  13%|█▎        | 121/951 [01:17<07:19,  1.89it/s]Deconvoluting Remaining Spots:  13%|█▎        | 122/951 [01:17<06:12,  2.22it/s]Deconvoluting Remaining Spots:  13%|█▎        | 123/951 [01:17<06:23,  2.16it/s]Deconvoluting Remaining Spots:  13%|█▎        | 124/951 [01:18<07:40,  1.80it/s]Deconvoluting Remaining Spots:  13%|█▎        | 125/951 [01:19<07:08,  1.93it/s]Deconvoluting Remaining Spots:  13%|█▎        | 126/951 [01:19<07:29,  1.84it/s]Deconvoluting Remaining Spots:  13%|█▎        | 127/951 [01:20<07:16,  1.89it/s]Deconvoluting Remaining Spots:  13%|█▎        | 128/951 [01:20<07:11,  1.91it/s]Deconvoluting Remaining Spots:  14%|█▎        | 129/951 [01:21<06:59,  1.96it/s]Deconvoluting Remaining Spots:  14%|█▎        | 130/951 [01:21<07:04,  1.93it/s]Deconvoluting Remaining Spots:  14%|█▍        | 131/951 [01:22<06:53,  1.98it/s]Deconvoluting Remaining Spots:  14%|█▍        | 132/951 [01:22<07:07,  1.92it/s]Deconvoluting Remaining Spots:  14%|█▍        | 133/951 [01:23<07:14,  1.88it/s]Deconvoluting Remaining Spots:  14%|█▍        | 134/951 [01:23<07:19,  1.86it/s]Deconvoluting Remaining Spots:  14%|█▍        | 135/951 [01:24<07:32,  1.80it/s]Deconvoluting Remaining Spots:  14%|█▍        | 136/951 [01:25<08:07,  1.67it/s]Deconvoluting Remaining Spots:  14%|█▍        | 137/951 [01:25<08:19,  1.63it/s]Deconvoluting Remaining Spots:  15%|█▍        | 138/951 [01:26<06:42,  2.02it/s]Deconvoluting Remaining Spots:  15%|█▍        | 139/951 [01:26<06:05,  2.22it/s]Deconvoluting Remaining Spots:  15%|█▍        | 140/951 [01:26<06:14,  2.17it/s]Deconvoluting Remaining Spots:  15%|█▍        | 141/951 [01:27<06:36,  2.04it/s]Deconvoluting Remaining Spots:  15%|█▍        | 142/951 [01:28<07:20,  1.84it/s]Deconvoluting Remaining Spots:  15%|█▌        | 143/951 [01:28<07:39,  1.76it/s]Deconvoluting Remaining Spots:  15%|█▌        | 144/951 [01:29<06:42,  2.00it/s]Deconvoluting Remaining Spots:  15%|█▌        | 145/951 [01:30<09:01,  1.49it/s]Deconvoluting Remaining Spots:  15%|█▌        | 147/951 [01:30<06:24,  2.09it/s]Deconvoluting Remaining Spots:  16%|█▌        | 148/951 [01:30<06:04,  2.20it/s]Deconvoluting Remaining Spots:  16%|█▌        | 149/951 [01:31<06:17,  2.13it/s]Deconvoluting Remaining Spots:  16%|█▌        | 150/951 [01:32<07:23,  1.80it/s]Deconvoluting Remaining Spots:  16%|█▌        | 151/951 [01:32<07:08,  1.87it/s]Deconvoluting Remaining Spots:  16%|█▌        | 152/951 [01:33<06:54,  1.93it/s]Deconvoluting Remaining Spots:  16%|█▌        | 153/951 [01:33<07:34,  1.76it/s]Deconvoluting Remaining Spots:  16%|█▌        | 154/951 [01:34<06:46,  1.96it/s]Deconvoluting Remaining Spots:  16%|█▋        | 155/951 [01:34<07:06,  1.87it/s]Deconvoluting Remaining Spots:  16%|█▋        | 156/951 [01:35<06:54,  1.92it/s]Deconvoluting Remaining Spots:  17%|█▋        | 157/951 [01:35<06:44,  1.96it/s]Deconvoluting Remaining Spots:  17%|█▋        | 158/951 [01:36<06:51,  1.93it/s]Deconvoluting Remaining Spots:  17%|█▋        | 159/951 [01:36<06:56,  1.90it/s]Deconvoluting Remaining Spots:  17%|█▋        | 160/951 [01:37<07:28,  1.77it/s]Deconvoluting Remaining Spots:  17%|█▋        | 161/951 [01:38<07:32,  1.75it/s]Deconvoluting Remaining Spots:  17%|█▋        | 162/951 [01:39<08:34,  1.53it/s]Deconvoluting Remaining Spots:  17%|█▋        | 164/951 [01:39<06:27,  2.03it/s]Deconvoluting Remaining Spots:  17%|█▋        | 165/951 [01:40<06:49,  1.92it/s]Deconvoluting Remaining Spots:  17%|█▋        | 166/951 [01:40<06:47,  1.93it/s]Deconvoluting Remaining Spots:  18%|█▊        | 167/951 [01:41<06:00,  2.18it/s]Deconvoluting Remaining Spots:  18%|█▊        | 168/951 [01:41<06:52,  1.90it/s]Deconvoluting Remaining Spots:  18%|█▊        | 169/951 [01:42<06:45,  1.93it/s]Deconvoluting Remaining Spots:  18%|█▊        | 170/951 [01:42<05:47,  2.24it/s]Deconvoluting Remaining Spots:  18%|█▊        | 171/951 [01:43<06:55,  1.88it/s]Deconvoluting Remaining Spots:  18%|█▊        | 172/951 [01:43<07:27,  1.74it/s]Deconvoluting Remaining Spots:  18%|█▊        | 173/951 [01:44<06:52,  1.89it/s]Deconvoluting Remaining Spots:  18%|█▊        | 174/951 [01:44<06:57,  1.86it/s]Deconvoluting Remaining Spots:  18%|█▊        | 175/951 [01:45<07:22,  1.75it/s]Deconvoluting Remaining Spots:  19%|█▊        | 176/951 [01:46<06:58,  1.85it/s]Deconvoluting Remaining Spots:  19%|█▊        | 177/951 [01:46<05:55,  2.18it/s]Deconvoluting Remaining Spots:  19%|█▊        | 178/951 [01:46<05:42,  2.25it/s]Deconvoluting Remaining Spots:  19%|█▉        | 179/951 [01:47<06:46,  1.90it/s]Deconvoluting Remaining Spots:  19%|█▉        | 180/951 [01:47<06:48,  1.89it/s]Deconvoluting Remaining Spots:  19%|█▉        | 181/951 [01:48<07:06,  1.80it/s]Deconvoluting Remaining Spots:  19%|█▉        | 182/951 [01:49<06:41,  1.92it/s]Deconvoluting Remaining Spots:  19%|█▉        | 183/951 [01:49<06:36,  1.94it/s]Deconvoluting Remaining Spots:  19%|█▉        | 184/951 [01:49<06:04,  2.10it/s]Deconvoluting Remaining Spots:  19%|█▉        | 185/951 [01:50<05:58,  2.13it/s]Deconvoluting Remaining Spots:  20%|█▉        | 186/951 [01:51<06:45,  1.89it/s]Deconvoluting Remaining Spots:  20%|█▉        | 187/951 [01:51<06:51,  1.85it/s]Deconvoluting Remaining Spots:  20%|█▉        | 188/951 [01:52<07:04,  1.80it/s]Deconvoluting Remaining Spots:  20%|█▉        | 189/951 [01:52<06:44,  1.88it/s]Deconvoluting Remaining Spots:  20%|█▉        | 190/951 [01:53<06:54,  1.83it/s]Deconvoluting Remaining Spots:  20%|██        | 191/951 [01:53<07:08,  1.77it/s]Deconvoluting Remaining Spots:  20%|██        | 192/951 [01:54<06:54,  1.83it/s]Deconvoluting Remaining Spots:  20%|██        | 193/951 [01:54<06:47,  1.86it/s]Deconvoluting Remaining Spots:  20%|██        | 194/951 [01:55<06:43,  1.88it/s]Deconvoluting Remaining Spots:  21%|██        | 195/951 [01:55<06:30,  1.93it/s]Deconvoluting Remaining Spots:  21%|██        | 196/951 [01:56<06:25,  1.96it/s]Deconvoluting Remaining Spots:  21%|██        | 197/951 [01:56<06:08,  2.05it/s]Deconvoluting Remaining Spots:  21%|██        | 198/951 [01:57<07:09,  1.75it/s]Deconvoluting Remaining Spots:  21%|██        | 199/951 [01:57<05:59,  2.09it/s]Deconvoluting Remaining Spots:  21%|██        | 200/951 [01:58<06:17,  1.99it/s]2026-02-17 22:28:39,548 - root - INFO - Saved checkpoint after 200 completed spots
Deconvoluting Remaining Spots:  21%|██        | 201/951 [02:02<20:31,  1.64s/it]Deconvoluting Remaining Spots:  22%|██▏       | 208/951 [02:02<05:17,  2.34it/s]Deconvoluting Remaining Spots:  22%|██▏       | 210/951 [02:04<05:52,  2.10it/s]Deconvoluting Remaining Spots:  22%|██▏       | 212/951 [02:04<05:20,  2.31it/s]Deconvoluting Remaining Spots:  22%|██▏       | 213/951 [02:05<05:20,  2.30it/s]Deconvoluting Remaining Spots:  23%|██▎       | 214/951 [02:05<05:41,  2.16it/s]Deconvoluting Remaining Spots:  23%|██▎       | 215/951 [02:06<05:38,  2.17it/s]Deconvoluting Remaining Spots:  23%|██▎       | 216/951 [02:06<06:18,  1.94it/s]Deconvoluting Remaining Spots:  23%|██▎       | 217/951 [02:07<06:18,  1.94it/s]Deconvoluting Remaining Spots:  23%|██▎       | 218/951 [02:08<06:24,  1.91it/s]Deconvoluting Remaining Spots:  23%|██▎       | 219/951 [02:08<07:11,  1.70it/s]Deconvoluting Remaining Spots:  23%|██▎       | 220/951 [02:09<07:14,  1.68it/s]Deconvoluting Remaining Spots:  23%|██▎       | 221/951 [02:10<07:23,  1.65it/s]Deconvoluting Remaining Spots:  23%|██▎       | 222/951 [02:10<07:06,  1.71it/s]Deconvoluting Remaining Spots:  23%|██▎       | 223/951 [02:11<08:32,  1.42it/s]Deconvoluting Remaining Spots:  24%|██▎       | 225/951 [02:12<06:09,  1.96it/s]Deconvoluting Remaining Spots:  24%|██▍       | 226/951 [02:12<05:26,  2.22it/s]Deconvoluting Remaining Spots:  24%|██▍       | 227/951 [02:13<06:30,  1.85it/s]Deconvoluting Remaining Spots:  24%|██▍       | 228/951 [02:13<05:30,  2.19it/s]Deconvoluting Remaining Spots:  24%|██▍       | 229/951 [02:13<05:42,  2.11it/s]Deconvoluting Remaining Spots:  24%|██▍       | 230/951 [02:14<05:46,  2.08it/s]Deconvoluting Remaining Spots:  24%|██▍       | 231/951 [02:15<06:20,  1.89it/s]Deconvoluting Remaining Spots:  24%|██▍       | 232/951 [02:15<05:31,  2.17it/s]Deconvoluting Remaining Spots:  25%|██▍       | 233/951 [02:15<05:23,  2.22it/s]Deconvoluting Remaining Spots:  25%|██▍       | 234/951 [02:16<05:51,  2.04it/s]Deconvoluting Remaining Spots:  25%|██▍       | 235/951 [02:17<06:39,  1.79it/s]Deconvoluting Remaining Spots:  25%|██▍       | 236/951 [02:17<06:46,  1.76it/s]Deconvoluting Remaining Spots:  25%|██▍       | 237/951 [02:18<08:04,  1.48it/s]Deconvoluting Remaining Spots:  25%|██▌       | 238/951 [02:19<07:22,  1.61it/s]Deconvoluting Remaining Spots:  25%|██▌       | 239/951 [02:19<06:47,  1.75it/s]Deconvoluting Remaining Spots:  25%|██▌       | 240/951 [02:19<05:39,  2.10it/s]Deconvoluting Remaining Spots:  25%|██▌       | 241/951 [02:20<05:49,  2.03it/s]Deconvoluting Remaining Spots:  25%|██▌       | 242/951 [02:21<06:32,  1.81it/s]Deconvoluting Remaining Spots:  26%|██▌       | 243/951 [02:21<06:19,  1.87it/s]Deconvoluting Remaining Spots:  26%|██▌       | 244/951 [02:21<05:15,  2.24it/s]Deconvoluting Remaining Spots:  26%|██▌       | 245/951 [02:22<05:23,  2.18it/s]Deconvoluting Remaining Spots:  26%|██▌       | 246/951 [02:22<05:49,  2.02it/s]Deconvoluting Remaining Spots:  26%|██▌       | 247/951 [02:23<05:47,  2.02it/s]Deconvoluting Remaining Spots:  26%|██▌       | 248/951 [02:23<05:49,  2.01it/s]Deconvoluting Remaining Spots:  26%|██▌       | 249/951 [02:24<05:52,  1.99it/s]Deconvoluting Remaining Spots:  26%|██▋       | 250/951 [02:25<06:37,  1.76it/s]Deconvoluting Remaining Spots:  26%|██▋       | 251/951 [02:25<06:49,  1.71it/s]Deconvoluting Remaining Spots:  26%|██▋       | 252/951 [02:26<06:31,  1.78it/s]Deconvoluting Remaining Spots:  27%|██▋       | 253/951 [02:26<06:43,  1.73it/s]Deconvoluting Remaining Spots:  27%|██▋       | 254/951 [02:27<06:33,  1.77it/s]Deconvoluting Remaining Spots:  27%|██▋       | 255/951 [02:27<06:16,  1.85it/s]Deconvoluting Remaining Spots:  27%|██▋       | 256/951 [02:28<05:35,  2.07it/s]Deconvoluting Remaining Spots:  27%|██▋       | 257/951 [02:28<05:58,  1.93it/s]Deconvoluting Remaining Spots:  27%|██▋       | 258/951 [02:29<06:02,  1.91it/s]Deconvoluting Remaining Spots:  27%|██▋       | 259/951 [02:29<05:57,  1.93it/s]Deconvoluting Remaining Spots:  27%|██▋       | 260/951 [02:30<06:24,  1.80it/s]Deconvoluting Remaining Spots:  27%|██▋       | 261/951 [02:30<05:27,  2.10it/s]Deconvoluting Remaining Spots:  28%|██▊       | 262/951 [02:31<06:07,  1.87it/s]Deconvoluting Remaining Spots:  28%|██▊       | 263/951 [02:31<06:00,  1.91it/s]Deconvoluting Remaining Spots:  28%|██▊       | 264/951 [02:32<06:04,  1.88it/s]Deconvoluting Remaining Spots:  28%|██▊       | 265/951 [02:32<05:26,  2.10it/s]Deconvoluting Remaining Spots:  28%|██▊       | 266/951 [02:33<06:01,  1.89it/s]Deconvoluting Remaining Spots:  28%|██▊       | 267/951 [02:33<05:53,  1.93it/s]Deconvoluting Remaining Spots:  28%|██▊       | 268/951 [02:35<07:54,  1.44it/s]Deconvoluting Remaining Spots:  28%|██▊       | 270/951 [02:35<05:57,  1.90it/s]Deconvoluting Remaining Spots:  28%|██▊       | 271/951 [02:36<05:29,  2.06it/s]Deconvoluting Remaining Spots:  29%|██▊       | 272/951 [02:36<05:19,  2.12it/s]Deconvoluting Remaining Spots:  29%|██▊       | 273/951 [02:37<05:40,  1.99it/s]Deconvoluting Remaining Spots:  29%|██▉       | 274/951 [02:37<06:33,  1.72it/s]Deconvoluting Remaining Spots:  29%|██▉       | 275/951 [02:38<05:08,  2.19it/s]Deconvoluting Remaining Spots:  29%|██▉       | 276/951 [02:38<06:09,  1.83it/s]Deconvoluting Remaining Spots:  29%|██▉       | 277/951 [02:39<05:58,  1.88it/s]Deconvoluting Remaining Spots:  29%|██▉       | 278/951 [02:39<05:55,  1.89it/s]Deconvoluting Remaining Spots:  29%|██▉       | 279/951 [02:40<05:59,  1.87it/s]Deconvoluting Remaining Spots:  29%|██▉       | 280/951 [02:40<05:52,  1.90it/s]Deconvoluting Remaining Spots:  30%|██▉       | 281/951 [02:41<05:57,  1.87it/s]Deconvoluting Remaining Spots:  30%|██▉       | 282/951 [02:42<06:10,  1.81it/s]Deconvoluting Remaining Spots:  30%|██▉       | 283/951 [02:42<06:13,  1.79it/s]Deconvoluting Remaining Spots:  30%|██▉       | 285/951 [02:43<05:40,  1.96it/s]Deconvoluting Remaining Spots:  30%|███       | 286/951 [02:43<04:47,  2.31it/s]Deconvoluting Remaining Spots:  30%|███       | 287/951 [02:44<05:07,  2.16it/s]Deconvoluting Remaining Spots:  30%|███       | 288/951 [02:44<04:56,  2.24it/s]Deconvoluting Remaining Spots:  30%|███       | 289/951 [02:45<06:12,  1.78it/s]Deconvoluting Remaining Spots:  30%|███       | 290/951 [02:46<06:17,  1.75it/s]Deconvoluting Remaining Spots:  31%|███       | 291/951 [02:47<07:36,  1.45it/s]Deconvoluting Remaining Spots:  31%|███       | 292/951 [02:47<06:05,  1.81it/s]Deconvoluting Remaining Spots:  31%|███       | 293/951 [02:47<05:12,  2.10it/s]Deconvoluting Remaining Spots:  31%|███       | 294/951 [02:48<05:19,  2.05it/s]Deconvoluting Remaining Spots:  31%|███       | 295/951 [02:48<05:54,  1.85it/s]Deconvoluting Remaining Spots:  31%|███       | 296/951 [02:49<06:27,  1.69it/s]Deconvoluting Remaining Spots:  31%|███       | 297/951 [02:49<05:57,  1.83it/s]Deconvoluting Remaining Spots:  31%|███▏      | 298/951 [02:50<05:08,  2.12it/s]Deconvoluting Remaining Spots:  31%|███▏      | 299/951 [02:50<05:49,  1.87it/s]Deconvoluting Remaining Spots:  32%|███▏      | 300/951 [02:51<05:11,  2.09it/s]2026-02-17 22:29:31,108 - root - ERROR - Failed to save checkpoint: [Errno 116] Stale file handle
Exception ignored in: <function ZipFile.__del__ at 0x7f5cdebced40>
Traceback (most recent call last):
  File "/ix1/alee/LO_LAB/Personal/Alexander_Chang/alc376/envs/CITEgeist_env/lib/python3.10/zipfile.py", line 1834, in __del__
    self.close()
  File "/ix1/alee/LO_LAB/Personal/Alexander_Chang/alc376/envs/CITEgeist_env/lib/python3.10/zipfile.py", line 1856, in close
    self._fpclose(fp)
  File "/ix1/alee/LO_LAB/Personal/Alexander_Chang/alc376/envs/CITEgeist_env/lib/python3.10/zipfile.py", line 1956, in _fpclose
    fp.close()
OSError: [Errno 116] Stale file handle
Deconvoluting Remaining Spots:  32%|███▏      | 301/951 [02:54<13:27,  1.24s/it]Deconvoluting Remaining Spots:  32%|███▏      | 307/951 [02:55<04:54,  2.18it/s]Deconvoluting Remaining Spots:  32%|███▏      | 308/951 [02:55<04:37,  2.32it/s]Deconvoluting Remaining Spots:  32%|███▏      | 309/951 [02:56<05:06,  2.09it/s]Deconvoluting Remaining Spots:  33%|███▎      | 310/951 [02:56<05:06,  2.09it/s]Deconvoluting Remaining Spots:  33%|███▎      | 311/951 [02:57<05:16,  2.02it/s]Deconvoluting Remaining Spots:  33%|███▎      | 312/951 [02:57<05:51,  1.82it/s]Deconvoluting Remaining Spots:  33%|███▎      | 313/951 [02:58<04:58,  2.13it/s]Deconvoluting Remaining Spots:  33%|███▎      | 314/951 [02:58<04:54,  2.16it/s]Deconvoluting Remaining Spots:  33%|███▎      | 315/951 [02:59<04:55,  2.15it/s]Deconvoluting Remaining Spots:  33%|███▎      | 316/951 [02:59<05:40,  1.87it/s]Deconvoluting Remaining Spots:  33%|███▎      | 317/951 [03:00<05:43,  1.85it/s]Deconvoluting Remaining Spots:  33%|███▎      | 318/951 [03:00<05:45,  1.83it/s]Deconvoluting Remaining Spots:  34%|███▎      | 319/951 [03:01<05:47,  1.82it/s]Deconvoluting Remaining Spots:  34%|███▎      | 320/951 [03:02<05:47,  1.82it/s]Deconvoluting Remaining Spots:  34%|███▍      | 321/951 [03:02<05:44,  1.83it/s]Deconvoluting Remaining Spots:  34%|███▍      | 322/951 [03:03<05:43,  1.83it/s]Deconvoluting Remaining Spots:  34%|███▍      | 323/951 [03:03<05:44,  1.82it/s]Deconvoluting Remaining Spots:  34%|███▍      | 324/951 [03:04<05:40,  1.84it/s]Deconvoluting Remaining Spots:  34%|███▍      | 325/951 [03:04<04:35,  2.27it/s]Deconvoluting Remaining Spots:  34%|███▍      | 326/951 [03:04<04:54,  2.12it/s]Deconvoluting Remaining Spots:  34%|███▍      | 327/951 [03:05<05:38,  1.85it/s]Deconvoluting Remaining Spots:  34%|███▍      | 328/951 [03:06<05:37,  1.84it/s]Deconvoluting Remaining Spots:  35%|███▍      | 329/951 [03:06<05:28,  1.89it/s]Deconvoluting Remaining Spots:  35%|███▍      | 330/951 [03:07<04:50,  2.13it/s]Deconvoluting Remaining Spots:  35%|███▍      | 331/951 [03:07<05:17,  1.95it/s]Deconvoluting Remaining Spots:  35%|███▍      | 332/951 [03:08<05:14,  1.97it/s]Deconvoluting Remaining Spots:  35%|███▌      | 333/951 [03:08<05:28,  1.88it/s]Deconvoluting Remaining Spots:  35%|███▌      | 334/951 [03:09<05:38,  1.82it/s]Deconvoluting Remaining Spots:  35%|███▌      | 335/951 [03:09<04:56,  2.08it/s]Deconvoluting Remaining Spots:  35%|███▌      | 336/951 [03:10<05:15,  1.95it/s]Deconvoluting Remaining Spots:  35%|███▌      | 337/951 [03:10<05:28,  1.87it/s]Deconvoluting Remaining Spots:  36%|███▌      | 338/951 [03:11<07:12,  1.42it/s]Deconvoluting Remaining Spots:  36%|███▌      | 340/951 [03:12<05:07,  1.99it/s]Deconvoluting Remaining Spots:  36%|███▌      | 341/951 [03:12<05:01,  2.02it/s]Deconvoluting Remaining Spots:  36%|███▌      | 342/951 [03:13<05:10,  1.96it/s]Deconvoluting Remaining Spots:  36%|███▌      | 343/951 [03:13<05:07,  1.98it/s]Deconvoluting Remaining Spots:  36%|███▌      | 344/951 [03:14<05:38,  1.80it/s]Deconvoluting Remaining Spots:  36%|███▋      | 345/951 [03:14<04:39,  2.17it/s]Deconvoluting Remaining Spots:  36%|███▋      | 346/951 [03:15<05:00,  2.01it/s]Deconvoluting Remaining Spots:  36%|███▋      | 347/951 [03:15<04:49,  2.09it/s]Deconvoluting Remaining Spots:  37%|███▋      | 348/951 [03:16<05:36,  1.79it/s]Deconvoluting Remaining Spots:  37%|███▋      | 349/951 [03:17<05:32,  1.81it/s]Deconvoluting Remaining Spots:  37%|███▋      | 350/951 [03:17<05:35,  1.79it/s]Deconvoluting Remaining Spots:  37%|███▋      | 351/951 [03:18<05:22,  1.86it/s]Deconvoluting Remaining Spots:  37%|███▋      | 352/951 [03:18<05:26,  1.84it/s]Deconvoluting Remaining Spots:  37%|███▋      | 353/951 [03:19<06:12,  1.61it/s]Deconvoluting Remaining Spots:  37%|███▋      | 354/951 [03:20<05:45,  1.73it/s]Deconvoluting Remaining Spots:  37%|███▋      | 355/951 [03:20<05:16,  1.88it/s]Deconvoluting Remaining Spots:  37%|███▋      | 356/951 [03:20<04:54,  2.02it/s]Deconvoluting Remaining Spots:  38%|███▊      | 357/951 [03:21<05:42,  1.74it/s]Deconvoluting Remaining Spots:  38%|███▊      | 358/951 [03:21<04:38,  2.13it/s]Deconvoluting Remaining Spots:  38%|███▊      | 359/951 [03:22<04:43,  2.09it/s]Deconvoluting Remaining Spots:  38%|███▊      | 360/951 [03:22<04:30,  2.19it/s]Deconvoluting Remaining Spots:  38%|███▊      | 361/951 [03:23<04:35,  2.14it/s]Deconvoluting Remaining Spots:  38%|███▊      | 362/951 [03:24<05:25,  1.81it/s]Deconvoluting Remaining Spots:  38%|███▊      | 363/951 [03:24<05:15,  1.86it/s]Deconvoluting Remaining Spots:  38%|███▊      | 364/951 [03:24<04:40,  2.09it/s]Deconvoluting Remaining Spots:  38%|███▊      | 365/951 [03:25<05:11,  1.88it/s]Deconvoluting Remaining Spots:  38%|███▊      | 366/951 [03:26<05:12,  1.87it/s]Deconvoluting Remaining Spots:  39%|███▊      | 367/951 [03:26<05:25,  1.79it/s]Deconvoluting Remaining Spots:  39%|███▊      | 368/951 [03:27<05:24,  1.80it/s]Deconvoluting Remaining Spots:  39%|███▉      | 369/951 [03:27<05:24,  1.79it/s]Deconvoluting Remaining Spots:  39%|███▉      | 370/951 [03:28<05:16,  1.83it/s]Deconvoluting Remaining Spots:  39%|███▉      | 371/951 [03:28<04:41,  2.06it/s]Deconvoluting Remaining Spots:  39%|███▉      | 372/951 [03:29<05:20,  1.80it/s]Deconvoluting Remaining Spots:  39%|███▉      | 373/951 [03:29<05:12,  1.85it/s]Deconvoluting Remaining Spots:  39%|███▉      | 374/951 [03:30<04:39,  2.06it/s]Deconvoluting Remaining Spots:  39%|███▉      | 375/951 [03:30<04:36,  2.09it/s]Deconvoluting Remaining Spots:  40%|███▉      | 376/951 [03:31<05:01,  1.91it/s]Deconvoluting Remaining Spots:  40%|███▉      | 377/951 [03:31<04:23,  2.18it/s]Deconvoluting Remaining Spots:  40%|███▉      | 378/951 [03:32<05:04,  1.88it/s]Deconvoluting Remaining Spots:  40%|███▉      | 379/951 [03:32<04:58,  1.92it/s]Deconvoluting Remaining Spots:  40%|███▉      | 380/951 [03:33<05:03,  1.88it/s]Deconvoluting Remaining Spots:  40%|████      | 381/951 [03:33<04:56,  1.92it/s]Deconvoluting Remaining Spots:  40%|████      | 382/951 [03:34<04:57,  1.91it/s]Deconvoluting Remaining Spots:  40%|████      | 383/951 [03:34<04:47,  1.98it/s]Deconvoluting Remaining Spots:  40%|████      | 384/951 [03:35<05:03,  1.87it/s]Deconvoluting Remaining Spots:  40%|████      | 385/951 [03:36<05:05,  1.85it/s]Deconvoluting Remaining Spots:  41%|████      | 386/951 [03:36<04:55,  1.91it/s]Deconvoluting Remaining Spots:  41%|████      | 387/951 [03:37<05:10,  1.82it/s]Deconvoluting Remaining Spots:  41%|████      | 388/951 [03:37<04:56,  1.90it/s]Deconvoluting Remaining Spots:  41%|████      | 389/951 [03:38<04:59,  1.88it/s]Deconvoluting Remaining Spots:  41%|████      | 390/951 [03:38<05:07,  1.83it/s]Deconvoluting Remaining Spots:  41%|████      | 391/951 [03:38<04:15,  2.19it/s]Deconvoluting Remaining Spots:  41%|████      | 392/951 [03:39<05:07,  1.82it/s]Deconvoluting Remaining Spots:  41%|████▏     | 393/951 [03:40<04:19,  2.15it/s]Deconvoluting Remaining Spots:  41%|████▏     | 394/951 [03:40<04:38,  2.00it/s]Deconvoluting Remaining Spots:  42%|████▏     | 395/951 [03:41<05:49,  1.59it/s]Deconvoluting Remaining Spots:  42%|████▏     | 396/951 [03:41<05:03,  1.83it/s]Deconvoluting Remaining Spots:  42%|████▏     | 397/951 [03:42<04:19,  2.14it/s]Deconvoluting Remaining Spots:  42%|████▏     | 398/951 [03:42<04:15,  2.16it/s]Deconvoluting Remaining Spots:  42%|████▏     | 399/951 [03:43<04:30,  2.04it/s]Deconvoluting Remaining Spots:  42%|████▏     | 400/951 [03:43<05:04,  1.81it/s]2026-02-17 22:30:29,090 - root - INFO - Saved checkpoint after 400 completed spots
Deconvoluting Remaining Spots:  42%|████▏     | 401/951 [03:52<26:38,  2.91s/it]Deconvoluting Remaining Spots:  44%|████▍     | 417/951 [03:52<03:35,  2.48it/s]Deconvoluting Remaining Spots:  44%|████▍     | 418/951 [03:53<03:40,  2.41it/s]Deconvoluting Remaining Spots:  44%|████▍     | 419/951 [03:54<03:59,  2.22it/s]Deconvoluting Remaining Spots:  44%|████▍     | 420/951 [03:54<04:01,  2.20it/s]Deconvoluting Remaining Spots:  44%|████▍     | 421/951 [03:55<04:04,  2.17it/s]Deconvoluting Remaining Spots:  44%|████▍     | 422/951 [03:55<04:08,  2.13it/s]Deconvoluting Remaining Spots:  44%|████▍     | 423/951 [03:56<04:15,  2.07it/s]Deconvoluting Remaining Spots:  45%|████▍     | 424/951 [03:56<04:16,  2.05it/s]Deconvoluting Remaining Spots:  45%|████▍     | 425/951 [03:57<04:27,  1.97it/s]Deconvoluting Remaining Spots:  45%|████▍     | 426/951 [03:57<04:31,  1.93it/s]Deconvoluting Remaining Spots:  45%|████▍     | 427/951 [03:58<04:28,  1.95it/s]Deconvoluting Remaining Spots:  45%|████▌     | 428/951 [03:58<04:25,  1.97it/s]Deconvoluting Remaining Spots:  45%|████▌     | 429/951 [03:59<04:28,  1.94it/s]Deconvoluting Remaining Spots:  45%|████▌     | 430/951 [03:59<04:33,  1.91it/s]Deconvoluting Remaining Spots:  45%|████▌     | 431/951 [04:00<04:35,  1.88it/s]Deconvoluting Remaining Spots:  45%|████▌     | 432/951 [04:01<04:41,  1.85it/s]Deconvoluting Remaining Spots:  46%|████▌     | 433/951 [04:01<04:32,  1.90it/s]Deconvoluting Remaining Spots:  46%|████▌     | 434/951 [04:02<04:27,  1.93it/s]Deconvoluting Remaining Spots:  46%|████▌     | 435/951 [04:02<04:01,  2.14it/s]Deconvoluting Remaining Spots:  46%|████▌     | 436/951 [04:03<04:32,  1.89it/s]Deconvoluting Remaining Spots:  46%|████▌     | 437/951 [04:03<04:00,  2.14it/s]Deconvoluting Remaining Spots:  46%|████▌     | 438/951 [04:04<04:18,  1.98it/s]Deconvoluting Remaining Spots:  46%|████▌     | 439/951 [04:04<04:33,  1.87it/s]Deconvoluting Remaining Spots:  46%|████▋     | 440/951 [04:05<04:26,  1.92it/s]Deconvoluting Remaining Spots:  46%|████▋     | 441/951 [04:05<04:20,  1.96it/s]Deconvoluting Remaining Spots:  46%|████▋     | 442/951 [04:06<05:41,  1.49it/s]Deconvoluting Remaining Spots:  47%|████▋     | 443/951 [04:06<04:25,  1.91it/s]Deconvoluting Remaining Spots:  47%|████▋     | 444/951 [04:07<03:55,  2.16it/s]Deconvoluting Remaining Spots:  47%|████▋     | 445/951 [04:07<04:01,  2.10it/s]Deconvoluting Remaining Spots:  47%|████▋     | 446/951 [04:08<04:08,  2.03it/s]Deconvoluting Remaining Spots:  47%|████▋     | 447/951 [04:08<04:09,  2.02it/s]Deconvoluting Remaining Spots:  47%|████▋     | 448/951 [04:09<04:42,  1.78it/s]Deconvoluting Remaining Spots:  47%|████▋     | 449/951 [04:09<04:33,  1.84it/s]Deconvoluting Remaining Spots:  47%|████▋     | 450/951 [04:10<04:27,  1.87it/s]Deconvoluting Remaining Spots:  47%|████▋     | 451/951 [04:11<04:42,  1.77it/s]Deconvoluting Remaining Spots:  48%|████▊     | 452/951 [04:11<04:10,  1.99it/s]Deconvoluting Remaining Spots:  48%|████▊     | 453/951 [04:11<04:06,  2.02it/s]Deconvoluting Remaining Spots:  48%|████▊     | 454/951 [04:12<04:06,  2.01it/s]Deconvoluting Remaining Spots:  48%|████▊     | 455/951 [04:12<04:17,  1.93it/s]Deconvoluting Remaining Spots:  48%|████▊     | 456/951 [04:13<04:25,  1.87it/s]Deconvoluting Remaining Spots:  48%|████▊     | 457/951 [04:13<04:10,  1.97it/s]Deconvoluting Remaining Spots:  48%|████▊     | 458/951 [04:14<04:38,  1.77it/s]Deconvoluting Remaining Spots:  48%|████▊     | 459/951 [04:15<04:07,  1.99it/s]Deconvoluting Remaining Spots:  48%|████▊     | 460/951 [04:15<04:07,  1.98it/s]Deconvoluting Remaining Spots:  48%|████▊     | 461/951 [04:16<04:09,  1.96it/s]Deconvoluting Remaining Spots:  49%|████▊     | 462/951 [04:16<04:14,  1.92it/s]Deconvoluting Remaining Spots:  49%|████▊     | 463/951 [04:17<04:18,  1.88it/s]Deconvoluting Remaining Spots:  49%|████▉     | 464/951 [04:17<04:23,  1.85it/s]Deconvoluting Remaining Spots:  49%|████▉     | 465/951 [04:18<04:06,  1.97it/s]Deconvoluting Remaining Spots:  49%|████▉     | 466/951 [04:18<04:26,  1.82it/s]Deconvoluting Remaining Spots:  49%|████▉     | 467/951 [04:19<03:45,  2.14it/s]Deconvoluting Remaining Spots:  49%|████▉     | 468/951 [04:19<04:07,  1.95it/s]Deconvoluting Remaining Spots:  49%|████▉     | 469/951 [04:20<04:14,  1.89it/s]Deconvoluting Remaining Spots:  49%|████▉     | 470/951 [04:20<04:23,  1.83it/s]Deconvoluting Remaining Spots:  50%|████▉     | 471/951 [04:21<05:12,  1.54it/s]Deconvoluting Remaining Spots:  50%|████▉     | 472/951 [04:21<03:52,  2.06it/s]Deconvoluting Remaining Spots:  50%|████▉     | 473/951 [04:22<04:32,  1.75it/s]Deconvoluting Remaining Spots:  50%|████▉     | 474/951 [04:22<04:00,  1.98it/s]Deconvoluting Remaining Spots:  50%|████▉     | 475/951 [04:23<03:50,  2.06it/s]Deconvoluting Remaining Spots:  50%|█████     | 476/951 [04:23<03:24,  2.33it/s]Deconvoluting Remaining Spots:  50%|█████     | 477/951 [04:24<03:56,  2.01it/s]Deconvoluting Remaining Spots:  50%|█████     | 478/951 [04:25<04:21,  1.81it/s]Deconvoluting Remaining Spots:  50%|█████     | 479/951 [04:25<03:44,  2.10it/s]Deconvoluting Remaining Spots:  50%|█████     | 480/951 [04:26<04:18,  1.82it/s]Deconvoluting Remaining Spots:  51%|█████     | 481/951 [04:26<04:09,  1.89it/s]Deconvoluting Remaining Spots:  51%|█████     | 482/951 [04:27<04:22,  1.78it/s]Deconvoluting Remaining Spots:  51%|█████     | 483/951 [04:27<04:12,  1.86it/s]Deconvoluting Remaining Spots:  51%|█████     | 484/951 [04:28<04:02,  1.93it/s]Deconvoluting Remaining Spots:  51%|█████     | 485/951 [04:28<04:06,  1.89it/s]Deconvoluting Remaining Spots:  51%|█████     | 486/951 [04:29<04:09,  1.87it/s]Deconvoluting Remaining Spots:  51%|█████     | 487/951 [04:29<04:36,  1.68it/s]Deconvoluting Remaining Spots:  51%|█████▏    | 488/951 [04:30<04:10,  1.85it/s]Deconvoluting Remaining Spots:  51%|█████▏    | 489/951 [04:30<04:05,  1.88it/s]Deconvoluting Remaining Spots:  52%|█████▏    | 490/951 [04:31<03:46,  2.03it/s]Deconvoluting Remaining Spots:  52%|█████▏    | 491/951 [04:31<03:46,  2.03it/s]Deconvoluting Remaining Spots:  52%|█████▏    | 492/951 [04:32<03:46,  2.03it/s]Deconvoluting Remaining Spots:  52%|█████▏    | 493/951 [04:32<03:57,  1.93it/s]Deconvoluting Remaining Spots:  52%|█████▏    | 494/951 [04:33<03:59,  1.91it/s]Deconvoluting Remaining Spots:  52%|█████▏    | 495/951 [04:33<03:52,  1.96it/s]Deconvoluting Remaining Spots:  52%|█████▏    | 496/951 [04:34<03:52,  1.96it/s]Deconvoluting Remaining Spots:  52%|█████▏    | 497/951 [04:34<03:49,  1.98it/s]Deconvoluting Remaining Spots:  52%|█████▏    | 498/951 [04:35<03:50,  1.96it/s]Deconvoluting Remaining Spots:  52%|█████▏    | 499/951 [04:35<03:54,  1.93it/s]Deconvoluting Remaining Spots:  53%|█████▎    | 500/951 [04:36<03:54,  1.92it/s]2026-02-17 22:31:23,816 - root - INFO - Saved checkpoint after 500 completed spots
Deconvoluting Remaining Spots:  53%|█████▎    | 501/951 [04:46<26:26,  3.53s/it]Deconvoluting Remaining Spots:  55%|█████▍    | 520/951 [04:47<02:55,  2.46it/s]Deconvoluting Remaining Spots:  55%|█████▍    | 522/951 [04:48<02:57,  2.42it/s]Deconvoluting Remaining Spots:  55%|█████▌    | 524/951 [04:49<03:13,  2.20it/s]Deconvoluting Remaining Spots:  55%|█████▌    | 525/951 [04:49<03:01,  2.35it/s]Deconvoluting Remaining Spots:  55%|█████▌    | 526/951 [04:50<03:02,  2.33it/s]Deconvoluting Remaining Spots:  55%|█████▌    | 527/951 [04:50<03:06,  2.27it/s]Deconvoluting Remaining Spots:  56%|█████▌    | 528/951 [04:51<03:14,  2.17it/s]Deconvoluting Remaining Spots:  56%|█████▌    | 529/951 [04:52<03:45,  1.87it/s]Deconvoluting Remaining Spots:  56%|█████▌    | 530/951 [04:52<03:15,  2.15it/s]Deconvoluting Remaining Spots:  56%|█████▌    | 531/951 [04:52<03:15,  2.15it/s]Deconvoluting Remaining Spots:  56%|█████▌    | 532/951 [04:53<03:25,  2.04it/s]Deconvoluting Remaining Spots:  56%|█████▌    | 533/951 [04:54<04:00,  1.74it/s]Deconvoluting Remaining Spots:  56%|█████▌    | 534/951 [04:55<04:12,  1.65it/s]Deconvoluting Remaining Spots:  56%|█████▋    | 535/951 [04:55<03:56,  1.76it/s]Deconvoluting Remaining Spots:  56%|█████▋    | 536/951 [04:56<03:51,  1.79it/s]Deconvoluting Remaining Spots:  56%|█████▋    | 537/951 [04:56<03:43,  1.86it/s]Deconvoluting Remaining Spots:  57%|█████▋    | 538/951 [04:57<03:43,  1.85it/s]Deconvoluting Remaining Spots:  57%|█████▋    | 539/951 [04:57<03:35,  1.91it/s]Deconvoluting Remaining Spots:  57%|█████▋    | 540/951 [04:58<03:31,  1.94it/s]Deconvoluting Remaining Spots:  57%|█████▋    | 541/951 [04:58<03:36,  1.89it/s]Deconvoluting Remaining Spots:  57%|█████▋    | 542/951 [04:59<03:34,  1.91it/s]Deconvoluting Remaining Spots:  57%|█████▋    | 543/951 [04:59<03:31,  1.93it/s]Deconvoluting Remaining Spots:  57%|█████▋    | 544/951 [05:00<03:27,  1.96it/s]Deconvoluting Remaining Spots:  57%|█████▋    | 545/951 [05:00<03:24,  1.99it/s]Deconvoluting Remaining Spots:  57%|█████▋    | 546/951 [05:00<02:58,  2.27it/s]Deconvoluting Remaining Spots:  58%|█████▊    | 547/951 [05:01<03:05,  2.17it/s]Deconvoluting Remaining Spots:  58%|█████▊    | 548/951 [05:02<03:35,  1.87it/s]Deconvoluting Remaining Spots:  58%|█████▊    | 549/951 [05:02<04:00,  1.67it/s]Deconvoluting Remaining Spots:  58%|█████▊    | 550/951 [05:03<04:00,  1.67it/s]Deconvoluting Remaining Spots:  58%|█████▊    | 551/951 [05:04<04:04,  1.63it/s]Deconvoluting Remaining Spots:  58%|█████▊    | 553/951 [05:04<03:08,  2.11it/s]Deconvoluting Remaining Spots:  58%|█████▊    | 554/951 [05:05<03:11,  2.07it/s]Deconvoluting Remaining Spots:  58%|█████▊    | 555/951 [05:06<03:41,  1.79it/s]Deconvoluting Remaining Spots:  58%|█████▊    | 556/951 [05:06<03:33,  1.85it/s]Deconvoluting Remaining Spots:  59%|█████▊    | 557/951 [05:07<03:30,  1.87it/s]Deconvoluting Remaining Spots:  59%|█████▊    | 558/951 [05:07<03:01,  2.16it/s]Deconvoluting Remaining Spots:  59%|█████▉    | 559/951 [05:07<03:27,  1.89it/s]Deconvoluting Remaining Spots:  59%|█████▉    | 560/951 [05:08<03:23,  1.92it/s]Deconvoluting Remaining Spots:  59%|█████▉    | 561/951 [05:08<03:20,  1.95it/s]Deconvoluting Remaining Spots:  59%|█████▉    | 562/951 [05:09<02:59,  2.17it/s]Deconvoluting Remaining Spots:  59%|█████▉    | 563/951 [05:09<02:59,  2.17it/s]Deconvoluting Remaining Spots:  59%|█████▉    | 564/951 [05:10<03:26,  1.88it/s]Deconvoluting Remaining Spots:  59%|█████▉    | 565/951 [05:11<03:29,  1.85it/s]Deconvoluting Remaining Spots:  60%|█████▉    | 566/951 [05:12<04:28,  1.43it/s]Deconvoluting Remaining Spots:  60%|█████▉    | 567/951 [05:12<03:34,  1.79it/s]Deconvoluting Remaining Spots:  60%|█████▉    | 568/951 [05:12<03:27,  1.84it/s]Deconvoluting Remaining Spots:  60%|█████▉    | 569/951 [05:13<03:03,  2.09it/s]Deconvoluting Remaining Spots:  60%|█████▉    | 570/951 [05:13<03:00,  2.12it/s]Deconvoluting Remaining Spots:  60%|██████    | 571/951 [05:14<03:08,  2.01it/s]Deconvoluting Remaining Spots:  60%|██████    | 572/951 [05:14<03:08,  2.01it/s]Deconvoluting Remaining Spots:  60%|██████    | 573/951 [05:15<03:23,  1.85it/s]Deconvoluting Remaining Spots:  60%|██████    | 574/951 [05:15<03:26,  1.82it/s]Deconvoluting Remaining Spots:  60%|██████    | 575/951 [05:16<02:58,  2.11it/s]Deconvoluting Remaining Spots:  61%|██████    | 576/951 [05:16<03:18,  1.89it/s]Deconvoluting Remaining Spots:  61%|██████    | 577/951 [05:17<02:46,  2.25it/s]Deconvoluting Remaining Spots:  61%|██████    | 578/951 [05:17<02:59,  2.08it/s]Deconvoluting Remaining Spots:  61%|██████    | 579/951 [05:18<03:14,  1.91it/s]Deconvoluting Remaining Spots:  61%|██████    | 580/951 [05:19<03:43,  1.66it/s]Deconvoluting Remaining Spots:  61%|██████    | 581/951 [05:19<03:18,  1.87it/s]Deconvoluting Remaining Spots:  61%|██████    | 582/951 [05:20<04:09,  1.48it/s]Deconvoluting Remaining Spots:  61%|██████▏   | 584/951 [05:21<03:11,  1.92it/s]Deconvoluting Remaining Spots:  62%|██████▏   | 585/951 [05:21<03:18,  1.85it/s]Deconvoluting Remaining Spots:  62%|██████▏   | 586/951 [05:22<03:13,  1.89it/s]Deconvoluting Remaining Spots:  62%|██████▏   | 587/951 [05:22<03:09,  1.92it/s]Deconvoluting Remaining Spots:  62%|██████▏   | 588/951 [05:23<03:06,  1.95it/s]Deconvoluting Remaining Spots:  62%|██████▏   | 589/951 [05:23<03:09,  1.91it/s]Deconvoluting Remaining Spots:  62%|██████▏   | 590/951 [05:24<03:14,  1.85it/s]Deconvoluting Remaining Spots:  62%|██████▏   | 591/951 [05:25<03:32,  1.70it/s]Deconvoluting Remaining Spots:  62%|██████▏   | 593/951 [05:25<02:39,  2.24it/s]Deconvoluting Remaining Spots:  62%|██████▏   | 594/951 [05:26<03:28,  1.71it/s]Deconvoluting Remaining Spots:  63%|██████▎   | 595/951 [05:26<02:48,  2.11it/s]Deconvoluting Remaining Spots:  63%|██████▎   | 596/951 [05:27<02:29,  2.37it/s]Deconvoluting Remaining Spots:  63%|██████▎   | 597/951 [05:27<02:46,  2.12it/s]Deconvoluting Remaining Spots:  63%|██████▎   | 598/951 [05:28<03:47,  1.55it/s]Deconvoluting Remaining Spots:  63%|██████▎   | 599/951 [05:29<03:23,  1.73it/s]Deconvoluting Remaining Spots:  63%|██████▎   | 600/951 [05:29<02:53,  2.03it/s]2026-02-17 22:32:18,173 - root - INFO - Saved checkpoint after 600 completed spots
Deconvoluting Remaining Spots:  63%|██████▎   | 601/951 [05:41<22:29,  3.85s/it]Deconvoluting Remaining Spots:  66%|██████▌   | 623/951 [05:41<02:11,  2.49it/s]Deconvoluting Remaining Spots:  66%|██████▌   | 625/951 [05:43<02:16,  2.38it/s]Deconvoluting Remaining Spots:  66%|██████▌   | 626/951 [05:43<02:18,  2.34it/s]Deconvoluting Remaining Spots:  66%|██████▌   | 627/951 [05:44<02:22,  2.27it/s]Deconvoluting Remaining Spots:  66%|██████▌   | 628/951 [05:44<02:23,  2.25it/s]Deconvoluting Remaining Spots:  66%|██████▌   | 629/951 [05:45<02:26,  2.19it/s]Deconvoluting Remaining Spots:  66%|██████▌   | 630/951 [05:45<02:29,  2.15it/s]Deconvoluting Remaining Spots:  66%|██████▋   | 631/951 [05:46<02:28,  2.15it/s]Deconvoluting Remaining Spots:  66%|██████▋   | 632/951 [05:47<03:02,  1.75it/s]Deconvoluting Remaining Spots:  67%|██████▋   | 633/951 [05:47<02:46,  1.91it/s]Deconvoluting Remaining Spots:  67%|██████▋   | 634/951 [05:48<02:59,  1.76it/s]Deconvoluting Remaining Spots:  67%|██████▋   | 635/951 [05:48<03:10,  1.66it/s]Deconvoluting Remaining Spots:  67%|██████▋   | 636/951 [05:49<02:52,  1.82it/s]Deconvoluting Remaining Spots:  67%|██████▋   | 637/951 [05:49<02:51,  1.84it/s]Deconvoluting Remaining Spots:  67%|██████▋   | 638/951 [05:50<02:50,  1.83it/s]Deconvoluting Remaining Spots:  67%|██████▋   | 639/951 [05:50<02:49,  1.84it/s]Deconvoluting Remaining Spots:  67%|██████▋   | 640/951 [05:51<03:01,  1.72it/s]Deconvoluting Remaining Spots:  67%|██████▋   | 641/951 [05:51<02:35,  2.00it/s]Deconvoluting Remaining Spots:  68%|██████▊   | 642/951 [05:52<02:44,  1.88it/s]Deconvoluting Remaining Spots:  68%|██████▊   | 643/951 [05:53<02:39,  1.93it/s]Deconvoluting Remaining Spots:  68%|██████▊   | 644/951 [05:53<02:36,  1.96it/s]Deconvoluting Remaining Spots:  68%|██████▊   | 645/951 [05:53<02:22,  2.15it/s]Deconvoluting Remaining Spots:  68%|██████▊   | 646/951 [05:54<02:40,  1.90it/s]Deconvoluting Remaining Spots:  68%|██████▊   | 647/951 [05:55<02:36,  1.94it/s]Deconvoluting Remaining Spots:  68%|██████▊   | 648/951 [05:55<02:40,  1.89it/s]Deconvoluting Remaining Spots:  68%|██████▊   | 649/951 [05:56<02:38,  1.90it/s]Deconvoluting Remaining Spots:  68%|██████▊   | 650/951 [05:56<02:21,  2.13it/s]Deconvoluting Remaining Spots:  68%|██████▊   | 651/951 [05:57<02:42,  1.84it/s]Deconvoluting Remaining Spots:  69%|██████▊   | 652/951 [05:57<02:58,  1.68it/s]Deconvoluting Remaining Spots:  69%|██████▊   | 653/951 [05:58<02:22,  2.09it/s]Deconvoluting Remaining Spots:  69%|██████▉   | 654/951 [05:58<02:47,  1.77it/s]Deconvoluting Remaining Spots:  69%|██████▉   | 655/951 [05:59<02:50,  1.73it/s]Deconvoluting Remaining Spots:  69%|██████▉   | 656/951 [05:59<02:22,  2.07it/s]Deconvoluting Remaining Spots:  69%|██████▉   | 657/951 [06:00<02:24,  2.04it/s]Deconvoluting Remaining Spots:  69%|██████▉   | 658/951 [06:00<02:25,  2.01it/s]Deconvoluting Remaining Spots:  69%|██████▉   | 659/951 [06:01<02:30,  1.94it/s]Deconvoluting Remaining Spots:  69%|██████▉   | 660/951 [06:01<02:26,  1.99it/s]Deconvoluting Remaining Spots:  70%|██████▉   | 661/951 [06:02<02:28,  1.95it/s]Deconvoluting Remaining Spots:  70%|██████▉   | 662/951 [06:02<02:39,  1.81it/s]Deconvoluting Remaining Spots:  70%|██████▉   | 663/951 [06:03<02:30,  1.91it/s]Deconvoluting Remaining Spots:  70%|██████▉   | 664/951 [06:04<02:53,  1.65it/s]Deconvoluting Remaining Spots:  70%|███████   | 666/951 [06:04<02:16,  2.09it/s]Deconvoluting Remaining Spots:  70%|███████   | 667/951 [06:05<02:21,  2.01it/s]Deconvoluting Remaining Spots:  70%|███████   | 668/951 [06:06<02:28,  1.91it/s]Deconvoluting Remaining Spots:  70%|███████   | 669/951 [06:06<02:35,  1.81it/s]Deconvoluting Remaining Spots:  70%|███████   | 670/951 [06:07<02:35,  1.81it/s]Deconvoluting Remaining Spots:  71%|███████   | 671/951 [06:07<02:29,  1.88it/s]Deconvoluting Remaining Spots:  71%|███████   | 672/951 [06:08<02:25,  1.92it/s]Deconvoluting Remaining Spots:  71%|███████   | 673/951 [06:08<02:28,  1.87it/s]Deconvoluting Remaining Spots:  71%|███████   | 674/951 [06:09<02:05,  2.21it/s]Deconvoluting Remaining Spots:  71%|███████   | 675/951 [06:09<02:10,  2.12it/s]Deconvoluting Remaining Spots:  71%|███████   | 676/951 [06:10<02:16,  2.02it/s]Deconvoluting Remaining Spots:  71%|███████   | 677/951 [06:10<02:27,  1.85it/s]Deconvoluting Remaining Spots:  71%|███████▏  | 678/951 [06:11<02:30,  1.81it/s]Deconvoluting Remaining Spots:  71%|███████▏  | 679/951 [06:11<02:31,  1.79it/s]Deconvoluting Remaining Spots:  72%|███████▏  | 680/951 [06:12<02:33,  1.76it/s]Deconvoluting Remaining Spots:  72%|███████▏  | 681/951 [06:12<02:26,  1.85it/s]Deconvoluting Remaining Spots:  72%|███████▏  | 682/951 [06:13<02:20,  1.91it/s]Deconvoluting Remaining Spots:  72%|███████▏  | 683/951 [06:13<02:23,  1.87it/s]Deconvoluting Remaining Spots:  72%|███████▏  | 684/951 [06:14<02:18,  1.93it/s]Deconvoluting Remaining Spots:  72%|███████▏  | 685/951 [06:15<02:23,  1.86it/s]Deconvoluting Remaining Spots:  72%|███████▏  | 686/951 [06:15<02:24,  1.83it/s]Deconvoluting Remaining Spots:  72%|███████▏  | 687/951 [06:15<02:05,  2.11it/s]Deconvoluting Remaining Spots:  72%|███████▏  | 688/951 [06:16<02:23,  1.83it/s]Deconvoluting Remaining Spots:  72%|███████▏  | 689/951 [06:16<02:05,  2.09it/s]Deconvoluting Remaining Spots:  73%|███████▎  | 690/951 [06:17<02:08,  2.03it/s]Deconvoluting Remaining Spots:  73%|███████▎  | 691/951 [06:18<02:15,  1.92it/s]Deconvoluting Remaining Spots:  73%|███████▎  | 692/951 [06:18<02:03,  2.11it/s]Deconvoluting Remaining Spots:  73%|███████▎  | 693/951 [06:19<02:10,  1.97it/s]Deconvoluting Remaining Spots:  73%|███████▎  | 694/951 [06:19<02:24,  1.78it/s]Deconvoluting Remaining Spots:  73%|███████▎  | 695/951 [06:20<02:22,  1.79it/s]Deconvoluting Remaining Spots:  73%|███████▎  | 696/951 [06:20<02:21,  1.80it/s]Deconvoluting Remaining Spots:  73%|███████▎  | 697/951 [06:21<02:15,  1.87it/s]Deconvoluting Remaining Spots:  73%|███████▎  | 698/951 [06:21<01:59,  2.12it/s]Deconvoluting Remaining Spots:  74%|███████▎  | 699/951 [06:22<02:10,  1.93it/s]Deconvoluting Remaining Spots:  74%|███████▎  | 700/951 [06:22<02:08,  1.96it/s]2026-02-17 22:33:14,006 - root - INFO - Saved checkpoint after 700 completed spots
Deconvoluting Remaining Spots:  74%|███████▎  | 701/951 [06:37<19:32,  4.69s/it]Deconvoluting Remaining Spots:  76%|███████▋  | 727/951 [06:37<01:29,  2.49it/s]Deconvoluting Remaining Spots:  77%|███████▋  | 730/951 [06:38<01:28,  2.49it/s]Deconvoluting Remaining Spots:  77%|███████▋  | 732/951 [06:39<01:30,  2.43it/s]Deconvoluting Remaining Spots:  77%|███████▋  | 734/951 [06:41<01:40,  2.15it/s]Deconvoluting Remaining Spots:  77%|███████▋  | 735/951 [06:41<01:40,  2.14it/s]Deconvoluting Remaining Spots:  77%|███████▋  | 736/951 [06:42<01:40,  2.14it/s]Deconvoluting Remaining Spots:  77%|███████▋  | 737/951 [06:42<01:43,  2.07it/s]Deconvoluting Remaining Spots:  78%|███████▊  | 738/951 [06:43<01:43,  2.06it/s]Deconvoluting Remaining Spots:  78%|███████▊  | 739/951 [06:43<01:44,  2.03it/s]Deconvoluting Remaining Spots:  78%|███████▊  | 740/951 [06:44<01:57,  1.79it/s]Deconvoluting Remaining Spots:  78%|███████▊  | 741/951 [06:45<01:54,  1.83it/s]Deconvoluting Remaining Spots:  78%|███████▊  | 742/951 [06:45<02:01,  1.72it/s]Deconvoluting Remaining Spots:  78%|███████▊  | 743/951 [06:46<02:00,  1.72it/s]Deconvoluting Remaining Spots:  78%|███████▊  | 744/951 [06:46<01:45,  1.96it/s]Deconvoluting Remaining Spots:  78%|███████▊  | 745/951 [06:47<01:35,  2.15it/s]Deconvoluting Remaining Spots:  78%|███████▊  | 746/951 [06:47<01:36,  2.13it/s]Deconvoluting Remaining Spots:  79%|███████▊  | 747/951 [06:48<01:55,  1.76it/s]Deconvoluting Remaining Spots:  79%|███████▉  | 749/951 [06:49<01:53,  1.78it/s]Deconvoluting Remaining Spots:  79%|███████▉  | 751/951 [06:50<01:34,  2.11it/s]Deconvoluting Remaining Spots:  79%|███████▉  | 752/951 [06:50<01:34,  2.11it/s]Deconvoluting Remaining Spots:  79%|███████▉  | 753/951 [06:51<01:46,  1.87it/s]Deconvoluting Remaining Spots:  79%|███████▉  | 754/951 [06:51<01:25,  2.31it/s]Deconvoluting Remaining Spots:  79%|███████▉  | 755/951 [06:52<01:48,  1.81it/s]Deconvoluting Remaining Spots:  79%|███████▉  | 756/951 [06:53<01:45,  1.86it/s]Deconvoluting Remaining Spots:  80%|███████▉  | 757/951 [06:53<01:48,  1.80it/s]Deconvoluting Remaining Spots:  80%|███████▉  | 758/951 [06:53<01:27,  2.21it/s]Deconvoluting Remaining Spots:  80%|███████▉  | 759/951 [06:54<01:46,  1.80it/s]Deconvoluting Remaining Spots:  80%|███████▉  | 760/951 [06:55<01:43,  1.84it/s]Deconvoluting Remaining Spots:  80%|████████  | 761/951 [06:55<01:40,  1.90it/s]Deconvoluting Remaining Spots:  80%|████████  | 762/951 [06:56<01:41,  1.87it/s]Deconvoluting Remaining Spots:  80%|████████  | 763/951 [06:56<01:42,  1.84it/s]Deconvoluting Remaining Spots:  80%|████████  | 764/951 [06:57<01:42,  1.83it/s]Deconvoluting Remaining Spots:  80%|████████  | 765/951 [06:57<01:41,  1.83it/s]Deconvoluting Remaining Spots:  81%|████████  | 766/951 [06:58<01:38,  1.89it/s]Deconvoluting Remaining Spots:  81%|████████  | 767/951 [06:58<01:37,  1.89it/s]Deconvoluting Remaining Spots:  81%|████████  | 768/951 [06:59<01:23,  2.19it/s]Deconvoluting Remaining Spots:  81%|████████  | 769/951 [06:59<01:32,  1.98it/s]Deconvoluting Remaining Spots:  81%|████████  | 770/951 [07:00<01:21,  2.21it/s]Deconvoluting Remaining Spots:  81%|████████  | 771/951 [07:00<01:41,  1.78it/s]Deconvoluting Remaining Spots:  81%|████████  | 772/951 [07:01<01:38,  1.81it/s]Deconvoluting Remaining Spots:  81%|████████▏ | 773/951 [07:02<01:39,  1.79it/s]Deconvoluting Remaining Spots:  81%|████████▏ | 774/951 [07:02<01:38,  1.79it/s]Deconvoluting Remaining Spots:  81%|████████▏ | 775/951 [07:03<01:35,  1.85it/s]Deconvoluting Remaining Spots:  82%|████████▏ | 776/951 [07:03<01:33,  1.87it/s]Deconvoluting Remaining Spots:  82%|████████▏ | 777/951 [07:03<01:22,  2.10it/s]Deconvoluting Remaining Spots:  82%|████████▏ | 778/951 [07:04<01:21,  2.12it/s]Deconvoluting Remaining Spots:  82%|████████▏ | 779/951 [07:05<01:34,  1.82it/s]Deconvoluting Remaining Spots:  82%|████████▏ | 780/951 [07:06<01:55,  1.49it/s]Deconvoluting Remaining Spots:  82%|████████▏ | 782/951 [07:06<01:25,  1.97it/s]Deconvoluting Remaining Spots:  82%|████████▏ | 783/951 [07:07<01:24,  1.98it/s]Deconvoluting Remaining Spots:  82%|████████▏ | 784/951 [07:07<01:17,  2.17it/s]Deconvoluting Remaining Spots:  83%|████████▎ | 785/951 [07:08<01:22,  2.02it/s]Deconvoluting Remaining Spots:  83%|████████▎ | 786/951 [07:08<01:26,  1.92it/s]Deconvoluting Remaining Spots:  83%|████████▎ | 787/951 [07:09<01:30,  1.81it/s]Deconvoluting Remaining Spots:  83%|████████▎ | 788/951 [07:09<01:20,  2.03it/s]Deconvoluting Remaining Spots:  83%|████████▎ | 789/951 [07:10<01:23,  1.95it/s]Deconvoluting Remaining Spots:  83%|████████▎ | 790/951 [07:10<01:23,  1.94it/s]Deconvoluting Remaining Spots:  83%|████████▎ | 791/951 [07:11<01:31,  1.75it/s]Deconvoluting Remaining Spots:  83%|████████▎ | 792/951 [07:11<01:19,  2.01it/s]Deconvoluting Remaining Spots:  83%|████████▎ | 793/951 [07:12<01:30,  1.74it/s]Deconvoluting Remaining Spots:  83%|████████▎ | 794/951 [07:12<01:19,  1.98it/s]Deconvoluting Remaining Spots:  84%|████████▎ | 795/951 [07:13<01:41,  1.54it/s]Deconvoluting Remaining Spots:  84%|████████▍ | 797/951 [07:14<01:11,  2.16it/s]Deconvoluting Remaining Spots:  84%|████████▍ | 798/951 [07:14<01:10,  2.16it/s]Deconvoluting Remaining Spots:  84%|████████▍ | 799/951 [07:15<01:21,  1.86it/s]Deconvoluting Remaining Spots:  84%|████████▍ | 800/951 [07:16<01:21,  1.86it/s]2026-02-17 22:34:09,480 - root - INFO - Saved checkpoint after 800 completed spots
Deconvoluting Remaining Spots:  84%|████████▍ | 801/951 [07:32<12:31,  5.01s/it]Deconvoluting Remaining Spots:  86%|████████▌ | 820/951 [07:32<01:17,  1.70it/s]Deconvoluting Remaining Spots:  87%|████████▋ | 831/951 [07:33<00:41,  2.87it/s]Deconvoluting Remaining Spots:  88%|████████▊ | 836/951 [07:36<00:46,  2.48it/s]Deconvoluting Remaining Spots:  88%|████████▊ | 840/951 [07:38<00:47,  2.34it/s]Deconvoluting Remaining Spots:  89%|████████▊ | 843/951 [07:39<00:46,  2.32it/s]Deconvoluting Remaining Spots:  89%|████████▉ | 845/951 [07:40<00:47,  2.22it/s]Deconvoluting Remaining Spots:  89%|████████▉ | 847/951 [07:41<00:48,  2.15it/s]Deconvoluting Remaining Spots:  89%|████████▉ | 848/951 [07:42<00:46,  2.21it/s]Deconvoluting Remaining Spots:  89%|████████▉ | 849/951 [07:42<00:43,  2.33it/s]Deconvoluting Remaining Spots:  89%|████████▉ | 850/951 [07:42<00:45,  2.22it/s]Deconvoluting Remaining Spots:  89%|████████▉ | 851/951 [07:43<00:47,  2.11it/s]Deconvoluting Remaining Spots:  90%|████████▉ | 852/951 [07:44<00:52,  1.89it/s]Deconvoluting Remaining Spots:  90%|████████▉ | 853/951 [07:44<00:52,  1.88it/s]Deconvoluting Remaining Spots:  90%|████████▉ | 854/951 [07:45<00:55,  1.75it/s]Deconvoluting Remaining Spots:  90%|████████▉ | 855/951 [07:45<00:52,  1.82it/s]Deconvoluting Remaining Spots:  90%|█████████ | 856/951 [07:46<00:51,  1.84it/s]Deconvoluting Remaining Spots:  90%|█████████ | 857/951 [07:47<01:00,  1.56it/s]Deconvoluting Remaining Spots:  90%|█████████ | 858/951 [07:47<00:49,  1.89it/s]Deconvoluting Remaining Spots:  90%|█████████ | 859/951 [07:47<00:38,  2.42it/s]Deconvoluting Remaining Spots:  90%|█████████ | 860/951 [07:48<00:41,  2.17it/s]Deconvoluting Remaining Spots:  91%|█████████ | 861/951 [07:48<00:45,  1.97it/s]Deconvoluting Remaining Spots:  91%|█████████ | 862/951 [07:49<00:50,  1.78it/s]Deconvoluting Remaining Spots:  91%|█████████ | 863/951 [07:50<00:48,  1.83it/s]Deconvoluting Remaining Spots:  91%|█████████ | 864/951 [07:50<00:47,  1.83it/s]Deconvoluting Remaining Spots:  91%|█████████ | 865/951 [07:51<00:47,  1.82it/s]Deconvoluting Remaining Spots:  91%|█████████ | 866/951 [07:51<00:39,  2.14it/s]Deconvoluting Remaining Spots:  91%|█████████ | 867/951 [07:52<00:43,  1.95it/s]Deconvoluting Remaining Spots:  91%|█████████▏| 868/951 [07:52<00:44,  1.86it/s]Deconvoluting Remaining Spots:  91%|█████████▏| 869/951 [07:53<00:43,  1.87it/s]Deconvoluting Remaining Spots:  91%|█████████▏| 870/951 [07:53<00:48,  1.66it/s]Deconvoluting Remaining Spots:  92%|█████████▏| 871/951 [07:54<00:39,  2.01it/s]Deconvoluting Remaining Spots:  92%|█████████▏| 872/951 [07:54<00:42,  1.84it/s]Deconvoluting Remaining Spots:  92%|█████████▏| 873/951 [07:55<00:40,  1.91it/s]Deconvoluting Remaining Spots:  92%|█████████▏| 874/951 [07:55<00:40,  1.92it/s]Deconvoluting Remaining Spots:  92%|█████████▏| 875/951 [07:56<00:42,  1.80it/s]Deconvoluting Remaining Spots:  92%|█████████▏| 876/951 [07:56<00:39,  1.92it/s]Deconvoluting Remaining Spots:  92%|█████████▏| 877/951 [07:57<00:40,  1.82it/s]Deconvoluting Remaining Spots:  92%|█████████▏| 878/951 [07:58<00:38,  1.90it/s]Deconvoluting Remaining Spots:  92%|█████████▏| 879/951 [07:58<00:34,  2.10it/s]Deconvoluting Remaining Spots:  93%|█████████▎| 880/951 [07:58<00:33,  2.14it/s]Deconvoluting Remaining Spots:  93%|█████████▎| 881/951 [07:59<00:33,  2.08it/s]Deconvoluting Remaining Spots:  93%|█████████▎| 882/951 [07:59<00:32,  2.14it/s]Deconvoluting Remaining Spots:  93%|█████████▎| 883/951 [08:00<00:33,  2.00it/s]Deconvoluting Remaining Spots:  93%|█████████▎| 884/951 [08:00<00:36,  1.86it/s]Deconvoluting Remaining Spots:  93%|█████████▎| 885/951 [08:01<00:35,  1.87it/s]Deconvoluting Remaining Spots:  93%|█████████▎| 886/951 [08:02<00:37,  1.74it/s]Deconvoluting Remaining Spots:  93%|█████████▎| 887/951 [08:02<00:35,  1.78it/s]Deconvoluting Remaining Spots:  93%|█████████▎| 888/951 [08:03<00:36,  1.71it/s]Deconvoluting Remaining Spots:  93%|█████████▎| 889/951 [08:03<00:27,  2.22it/s]Deconvoluting Remaining Spots:  94%|█████████▎| 890/951 [08:03<00:28,  2.16it/s]Deconvoluting Remaining Spots:  94%|█████████▎| 891/951 [08:04<00:32,  1.86it/s]Deconvoluting Remaining Spots:  94%|█████████▍| 892/951 [08:05<00:32,  1.80it/s]Deconvoluting Remaining Spots:  94%|█████████▍| 893/951 [08:06<00:39,  1.48it/s]Deconvoluting Remaining Spots:  94%|█████████▍| 894/951 [08:06<00:34,  1.64it/s]Deconvoluting Remaining Spots:  94%|█████████▍| 895/951 [08:06<00:27,  2.04it/s]Deconvoluting Remaining Spots:  94%|█████████▍| 896/951 [08:07<00:25,  2.12it/s]Deconvoluting Remaining Spots:  94%|█████████▍| 897/951 [08:07<00:24,  2.20it/s]Deconvoluting Remaining Spots:  94%|█████████▍| 898/951 [08:08<00:23,  2.21it/s]Deconvoluting Remaining Spots:  95%|█████████▍| 899/951 [08:08<00:25,  2.01it/s]Deconvoluting Remaining Spots:  95%|█████████▍| 900/951 [08:09<00:24,  2.04it/s]2026-02-17 22:35:04,942 - root - INFO - Saved checkpoint after 900 completed spots
Deconvoluting Remaining Spots:  95%|█████████▍| 901/951 [08:28<04:59,  5.99s/it]Deconvoluting Remaining Spots:  98%|█████████▊| 935/951 [08:28<00:06,  2.55it/s]Deconvoluting Remaining Spots:  99%|█████████▊| 939/951 [08:30<00:04,  2.43it/s]Deconvoluting Remaining Spots:  99%|█████████▉| 942/951 [08:32<00:03,  2.31it/s]Deconvoluting Remaining Spots:  99%|█████████▉| 944/951 [08:33<00:03,  2.28it/s]Deconvoluting Remaining Spots:  99%|█████████▉| 946/951 [08:34<00:02,  2.21it/s]Deconvoluting Remaining Spots: 100%|█████████▉| 948/951 [08:35<00:01,  2.04it/s]Deconvoluting Remaining Spots: 100%|█████████▉| 949/951 [08:36<00:00,  2.08it/s]Deconvoluting Remaining Spots: 100%|█████████▉| 950/951 [08:36<00:00,  2.10it/s]Deconvoluting Remaining Spots: 100%|██████████| 951/951 [08:37<00:00,  2.10it/s]Deconvoluting Remaining Spots: 100%|██████████| 951/951 [08:37<00:00,  1.84it/s]
2026-02-17 22:35:29,751 - root - INFO - Saved final results with 951 completed spots
2026-02-17 22:35:42,023 - root - INFO - Saved profiles to Benchmarking/simulation_benchmarking/CITEgeist/output_discrete_global/high_seg/dapi/high_seg/dapi/Wu_rep_0/Wu_rep_0_gene_expression_pass1.parquet with cell types: ['B-cells', 'CAFs', 'Cancer Epithelial', 'Endothelial', 'Myeloid', 'Normal Epithelial', 'PVL', 'Plasmablasts', 'T-cells']
2026-02-17 22:35:46,321 - root - INFO - Successfully added layer: T-cells_genes_pass1
2026-02-17 22:35:46,856 - root - INFO - Successfully added layer: Cancer_Epithelial_genes_pass1
2026-02-17 22:35:47,381 - root - INFO - Successfully added layer: Endothelial_genes_pass1
2026-02-17 22:35:47,905 - root - INFO - Successfully added layer: Myeloid_genes_pass1
2026-02-17 22:35:48,429 - root - INFO - Successfully added layer: CAFs_genes_pass1
2026-02-17 22:35:48,953 - root - INFO - Successfully added layer: Normal_Epithelial_genes_pass1
2026-02-17 22:35:49,477 - root - INFO - Successfully added layer: B-cells_genes_pass1
2026-02-17 22:35:49,998 - root - INFO - Successfully added layer: Plasmablasts_genes_pass1
2026-02-17 22:35:50,520 - root - INFO - Successfully added layer: PVL_genes_pass1
2026-02-17 22:36:18,038 - root - INFO - Exported layer 'T-cells_genes_pass1' to 'Benchmarking/simulation_benchmarking/CITEgeist/output_discrete_global/high_seg/dapi/high_seg/dapi/Wu_rep_0/Wu_rep_0_pass1/layers/pass1/T-cells_layer_pass1.csv'
2026-02-17 22:36:45,552 - root - INFO - Exported layer 'Cancer_Epithelial_genes_pass1' to 'Benchmarking/simulation_benchmarking/CITEgeist/output_discrete_global/high_seg/dapi/high_seg/dapi/Wu_rep_0/Wu_rep_0_pass1/layers/pass1/Cancer_Epithelial_layer_pass1.csv'
2026-02-17 22:37:13,061 - root - INFO - Exported layer 'Endothelial_genes_pass1' to 'Benchmarking/simulation_benchmarking/CITEgeist/output_discrete_global/high_seg/dapi/high_seg/dapi/Wu_rep_0/Wu_rep_0_pass1/layers/pass1/Endothelial_layer_pass1.csv'
2026-02-17 22:37:40,547 - root - INFO - Exported layer 'Myeloid_genes_pass1' to 'Benchmarking/simulation_benchmarking/CITEgeist/output_discrete_global/high_seg/dapi/high_seg/dapi/Wu_rep_0/Wu_rep_0_pass1/layers/pass1/Myeloid_layer_pass1.csv'
2026-02-17 22:38:08,068 - root - INFO - Exported layer 'CAFs_genes_pass1' to 'Benchmarking/simulation_benchmarking/CITEgeist/output_discrete_global/high_seg/dapi/high_seg/dapi/Wu_rep_0/Wu_rep_0_pass1/layers/pass1/CAFs_layer_pass1.csv'
2026-02-17 22:38:35,570 - root - INFO - Exported layer 'Normal_Epithelial_genes_pass1' to 'Benchmarking/simulation_benchmarking/CITEgeist/output_discrete_global/high_seg/dapi/high_seg/dapi/Wu_rep_0/Wu_rep_0_pass1/layers/pass1/Normal_Epithelial_layer_pass1.csv'
2026-02-17 22:39:03,095 - root - INFO - Exported layer 'B-cells_genes_pass1' to 'Benchmarking/simulation_benchmarking/CITEgeist/output_discrete_global/high_seg/dapi/high_seg/dapi/Wu_rep_0/Wu_rep_0_pass1/layers/pass1/B-cells_layer_pass1.csv'
2026-02-17 22:39:30,597 - root - INFO - Exported layer 'Plasmablasts_genes_pass1' to 'Benchmarking/simulation_benchmarking/CITEgeist/output_discrete_global/high_seg/dapi/high_seg/dapi/Wu_rep_0/Wu_rep_0_pass1/layers/pass1/Plasmablasts_layer_pass1.csv'
2026-02-17 22:39:57,924 - root - INFO - Exported layer 'PVL_genes_pass1' to 'Benchmarking/simulation_benchmarking/CITEgeist/output_discrete_global/high_seg/dapi/high_seg/dapi/Wu_rep_0/Wu_rep_0_pass1/layers/pass1/PVL_layer_pass1.csv'
2026-02-17 22:39:57,924 - __main__ - INFO - GEX deconvolution completed in 802.4s
2026-02-17 22:44:02,955 - __main__ - INFO - Exported 9 cell type layers to Benchmarking/simulation_benchmarking/CITEgeist/output_discrete_global/high_seg/dapi/high_seg/dapi/Wu_rep_0/layers
2026-02-17 22:44:02,966 - __main__ - INFO - Comparing against ground truth GEX: /ix1/alee/LO_LAB/Personal/Brent_Schlegel/bts76/Projects/CITEgeist/Wu_Visium/Simulations/scCube_12k/replicates/high_seg/ST_GEX_sim/sample_0/layers
2026-02-17 22:46:19,980 - __main__ - INFO - GEX Average RMSE: 0.1570
2026-02-17 22:46:19,981 - __main__ - INFO - GEX Average NRMSE: 0.0211
2026-02-17 22:46:19,995 - __main__ - INFO - Results saved to Benchmarking/simulation_benchmarking/CITEgeist/output_discrete_global/high_seg/dapi/high_seg/dapi/Wu_rep_0
