2026-02-17 21:29:57,278 - __main__ - INFO - ============================================================
2026-02-17 21:29:57,278 - __main__ - INFO - BENCHMARK: replicate=4, condition=high_seg, mode=dapi
2026-02-17 21:29:57,278 - __main__ - INFO - ============================================================
2026-02-17 21:29:57,278 - __main__ - INFO - Loading image: /ix1/alee/LO_LAB/Personal/Alexander_Chang/alc376/CITEgeist/Benchmarking/simulation_benchmarking/CITEgeist/high_seg/images/dapi/Wu_rep_4_cellpose.png
2026-02-17 21:29:57,831 - __main__ - INFO - Image shape: (8000, 8000, 3)
2026-02-17 21:29:57,832 - __main__ - INFO - Running Cellpose with model_type=nuclei
2026-02-17 21:30:00,888 - cellpose.models - WARNING - model_type argument is not used in v4.0.1+. Ignoring this argument...
2026-02-17 21:30:00,888 - cellpose.core - INFO - >>>> using CPU
2026-02-17 21:30:00,888 - cellpose.core - INFO - >>>> using CPU
2026-02-17 21:30:01,611 - cellpose.models - INFO - >>>> loading model /ihome/alee/alc376/.cellpose/models/cpsam
2026-02-17 21:30:03,214 - cellpose.models - WARNING - channels deprecated in v4.0.1+. If data contain more than 3 channels, only the first 3 channels will be used
2026-02-17 21:30:03,229 - cellpose.transforms - INFO - processing image with (8000, 8000) HW, and 3 channels
2026-02-17 21:35:35,494 - __main__ - INFO - Detected 4894 nuclei in 337.7s
2026-02-17 21:35:35,572 - __main__ - INFO - Nuclei count correlation: 0.986
2026-02-17 21:35:35,572 - __main__ - INFO - Nuclei count RMSE: 0.43
2026-02-17 21:35:35,573 - __main__ - INFO - Loading h5ad files...
2026-02-17 21:35:36,238 - root - INFO - Logging initialized.
2026-02-17 21:35:36,246 - root - INFO - Discrete antibody preprocessing complete: Row sums range [28.70, 47.42], mean=38.33, std=2.62
2026-02-17 21:35:36,383 - root - INFO - Normalization stats:
2026-02-17 21:35:36,383 - root - INFO - Original median total: 40055403524.50
2026-02-17 21:35:36,388 - root - INFO - Mean scaled total: 9977.98
2026-02-17 21:35:36,393 - root - INFO - Max scaled value: 10000.00
2026-02-17 21:35:36,455 - root - INFO - Gene expression data normalized to 10000 counts per spot and validated for discrete count analysis.
2026-02-17 21:35:36,456 - root - INFO - Mapped 18 markers to 9 cell types (preserving marker-level data)
2026-02-17 21:35:36,456 - root - INFO - Running discrete cell assignment: 956 spots, 18 markers, 9 cell types
2026-02-17 21:35:36,456 - root - INFO - Total nuclei: 4894, mean per spot: 5.12
2026-02-17 21:35:36,456 - root - INFO - Discrete cell assignment EM: 956 spots, 18 markers, 9 cell types
2026-02-17 21:35:36,456 - root - INFO - Total nuclei: 4894, mean per spot: 5.12
2026-02-17 21:35:36,457 - root - INFO - 
=== EM Iteration 1/10 ===
2026-02-17 21:35:36,457 - root - INFO - Global IQP: 956 spots x 9 cell types = 8604 integer variables
2026-02-17 21:35:36,457 - root - INFO - Time limit: 600.0s, MIP gap: 5.0%
2026-02-17 21:35:36,460 - gurobipy - INFO - Set parameter LicenseID to value 276015
2026-02-17 21:35:36,460 - gurobipy - INFO - Set parameter GURO_PAR_SPECIAL
2026-02-17 21:35:36,460 - gurobipy - INFO - Set parameter TokenServer to value "license.crc.pitt.edu"
2026-02-17 21:35:36,466 - gurobipy - INFO - Set parameter TimeLimit to value 600
2026-02-17 21:35:36,466 - gurobipy - INFO - Set parameter MIPGap to value 0.05
2026-02-17 21:35:37,346 - root - INFO - Starting global IQP optimization...
2026-02-17 21:35:37,346 - gurobipy - INFO - Gurobi Optimizer version 11.0.2 build v11.0.2rc0 (linux64 - "Red Hat Enterprise Linux 9.6 (Plow)")
2026-02-17 21:35:37,346 - gurobipy - INFO - 
2026-02-17 21:35:37,346 - gurobipy - INFO - CPU model: AMD EPYC 9575F 64-Core Processor, instruction set [SSE2|AVX|AVX2|AVX512]
2026-02-17 21:35:37,346 - gurobipy - INFO - Thread count: 128 physical cores, 128 logical processors, using up to 32 threads
2026-02-17 21:35:37,346 - gurobipy - INFO - 
2026-02-17 21:35:37,346 - gurobipy - INFO - Optimize a model with 939 rows, 8604 columns and 8451 nonzeros
2026-02-17 21:35:37,346 - gurobipy - INFO - Model fingerprint: 0x34909df9
2026-02-17 21:35:37,347 - gurobipy - INFO - Model has 8604 quadratic objective terms
2026-02-17 21:35:37,347 - gurobipy - INFO - Variable types: 0 continuous, 8604 integer (0 binary)
2026-02-17 21:35:37,347 - gurobipy - INFO - Coefficient statistics:
2026-02-17 21:35:37,347 - gurobipy - INFO -   Matrix range     [1e+00, 1e+00]
2026-02-17 21:35:37,347 - gurobipy - INFO -   Objective range  [4e-02, 4e+00]
2026-02-17 21:35:37,347 - gurobipy - INFO -   QObjective range [4e+00, 4e+00]
2026-02-17 21:35:37,347 - gurobipy - INFO -   Bounds range     [1e+00, 2e+01]
2026-02-17 21:35:37,347 - gurobipy - INFO -   RHS range        [1e+00, 2e+01]
2026-02-17 21:35:37,353 - gurobipy - INFO - 
2026-02-17 21:35:37,354 - gurobipy - INFO - Loaded user MIP start with objective 8851.28
2026-02-17 21:35:37,354 - gurobipy - INFO - 
2026-02-17 21:35:46,655 - gurobipy - INFO - Presolve removed 757 rows and 6966 columns (presolve time = 9s) ...
2026-02-17 21:35:46,655 - gurobipy - INFO - Presolve removed 757 rows and 6966 columns
2026-02-17 21:35:46,655 - gurobipy - INFO - Presolve time: 9.30s
2026-02-17 21:35:46,655 - gurobipy - INFO - Presolved: 182 rows, 1638 columns, 1638 nonzeros
2026-02-17 21:35:46,655 - gurobipy - INFO - Presolved model has 1638 quadratic objective terms
2026-02-17 21:35:46,656 - gurobipy - INFO - Found heuristic solution: objective 7333.9700695
2026-02-17 21:35:46,656 - gurobipy - INFO - Variable types: 0 continuous, 1638 integer (0 binary)
2026-02-17 21:35:46,656 - gurobipy - INFO - Found heuristic solution: objective 6737.2445852
2026-02-17 21:35:46,658 - gurobipy - INFO - 
2026-02-17 21:35:46,658 - gurobipy - INFO - Root simplex log...
2026-02-17 21:35:46,658 - gurobipy - INFO - 
2026-02-17 21:35:46,658 - gurobipy - INFO - Iteration    Objective       Primal Inf.    Dual Inf.      Time
2026-02-17 21:35:46,658 - gurobipy - INFO -        0    5.3445945e+03   0.000000e+00   0.000000e+00      9s
2026-02-17 21:35:46,658 - gurobipy - INFO -      523    6.2250650e+03   0.000000e+00   0.000000e+00      9s
2026-02-17 21:35:46,658 - gurobipy - INFO - 
2026-02-17 21:35:46,658 - gurobipy - INFO - Root relaxation: objective 6.225065e+03, 523 iterations, 0.00 seconds (0.00 work units)
2026-02-17 21:35:46,659 - gurobipy - INFO - 
2026-02-17 21:35:46,659 - gurobipy - INFO -     Nodes    |    Current Node    |     Objective Bounds      |     Work
2026-02-17 21:35:46,660 - gurobipy - INFO -  Expl Unexpl |  Obj  Depth IntInf | Incumbent    BestBd   Gap | It/Node Time
2026-02-17 21:35:46,660 - gurobipy - INFO - 
2026-02-17 21:35:46,660 - gurobipy - INFO -      0     0 6225.06497    0 1638 6737.24459 6225.06497  7.60%     -    9s
2026-02-17 21:35:46,679 - gurobipy - INFO - H    0     0                    6719.9393809 6225.06497  7.36%     -    9s
2026-02-17 21:35:47,006 - gurobipy - INFO - H    0     0                    6719.3124306 6225.06497  7.36%     -    9s
2026-02-17 21:35:47,011 - gurobipy - INFO -      0     0 6225.62504    0 1638 6719.31243 6225.62504  7.35%     -    9s
2026-02-17 21:35:47,168 - gurobipy - INFO -      0     2 6225.62504    0 1638 6719.31243 6225.62504  7.35%     -    9s
2026-02-17 21:35:47,548 - gurobipy - INFO -     31    64 6251.82877    5 1628 6719.31243 6225.62504  7.35%   2.3   10s
2026-02-17 21:35:54,538 - gurobipy - INFO -  14769 14770 6499.78175  222 1638 6719.31243 6718.56243  0.01%   2.2   17s
2026-02-17 21:35:54,539 - gurobipy - INFO - 
2026-02-17 21:35:54,539 - gurobipy - INFO - Explored 14769 nodes (33587 simplex iterations) in 17.19 seconds (1.37 work units)
2026-02-17 21:35:54,539 - gurobipy - INFO - Thread count was 32 (of 128 available processors)
2026-02-17 21:35:54,539 - gurobipy - INFO - 
2026-02-17 21:35:54,539 - gurobipy - INFO - Solution count 7: 6719.31 6719.31 6719.94 ... 8851.28
2026-02-17 21:35:54,539 - gurobipy - INFO - 
2026-02-17 21:35:54,539 - gurobipy - INFO - Optimal solution found (tolerance 5.00e-02)
2026-02-17 21:35:54,539 - gurobipy - INFO - Best objective 6.719312430587e+03, best bound 6.718562430587e+03, gap 0.0112%
2026-02-17 21:35:54,556 - root - INFO - Global IQP solved: status=2, gap=0.01%, time=17.2s
/ix1/alee/LO_LAB/Personal/Alexander_Chang/alc376/CITEgeist/CITEgeist/model/gurobi_impl.py:3692: RuntimeWarning: invalid value encountered in scalar divide
  loss_change = abs(prev_loss - loss) / max(abs(prev_loss), 1e-10)
2026-02-17 21:35:54,622 - root - INFO -   Loss: 1032.5573 (change: nan)
2026-02-17 21:35:54,622 - root - INFO -   Beta range: [0.198, 0.402]
2026-02-17 21:35:54,622 - root - INFO -   Max beta change: 0.802254
2026-02-17 21:35:54,622 - root - INFO -   Cell count range: [0, 15]
2026-02-17 21:35:54,622 - root - INFO -     B-cells: 553 cells (11.3%)
2026-02-17 21:35:54,622 - root - INFO -     CAFs: 665 cells (13.6%)
2026-02-17 21:35:54,622 - root - INFO -     Cancer Epithelial: 486 cells (9.9%)
2026-02-17 21:35:54,622 - root - INFO -     Endothelial: 482 cells (9.8%)
2026-02-17 21:35:54,622 - root - INFO -     Myeloid: 547 cells (11.2%)
2026-02-17 21:35:54,622 - root - INFO -     Normal Epithelial: 569 cells (11.6%)
2026-02-17 21:35:54,622 - root - INFO -     PVL: 523 cells (10.7%)
2026-02-17 21:35:54,622 - root - INFO -     Plasmablasts: 542 cells (11.1%)
2026-02-17 21:35:54,622 - root - INFO -     T-cells: 527 cells (10.8%)
2026-02-17 21:35:54,622 - root - INFO - 
=== EM Iteration 2/10 ===
2026-02-17 21:35:54,622 - root - INFO - Global IQP: 956 spots x 9 cell types = 8604 integer variables
2026-02-17 21:35:54,622 - root - INFO - Time limit: 600.0s, MIP gap: 5.0%
2026-02-17 21:35:54,622 - gurobipy - INFO - Set parameter TimeLimit to value 600
2026-02-17 21:35:54,622 - gurobipy - INFO - Set parameter MIPGap to value 0.05
2026-02-17 21:35:55,172 - root - INFO - Starting global IQP optimization...
2026-02-17 21:35:55,173 - gurobipy - INFO - Gurobi Optimizer version 11.0.2 build v11.0.2rc0 (linux64 - "Red Hat Enterprise Linux 9.6 (Plow)")
2026-02-17 21:35:55,173 - gurobipy - INFO - 
2026-02-17 21:35:55,173 - gurobipy - INFO - CPU model: AMD EPYC 9575F 64-Core Processor, instruction set [SSE2|AVX|AVX2|AVX512]
2026-02-17 21:35:55,173 - gurobipy - INFO - Thread count: 128 physical cores, 128 logical processors, using up to 32 threads
2026-02-17 21:35:55,173 - gurobipy - INFO - 
2026-02-17 21:35:55,173 - gurobipy - INFO - Optimize a model with 939 rows, 8604 columns and 8451 nonzeros
2026-02-17 21:35:55,173 - gurobipy - INFO - Model fingerprint: 0x65b22ea7
2026-02-17 21:35:55,173 - gurobipy - INFO - Model has 8604 quadratic objective terms
2026-02-17 21:35:55,173 - gurobipy - INFO - Variable types: 0 continuous, 8604 integer (0 binary)
2026-02-17 21:35:55,173 - gurobipy - INFO - Coefficient statistics:
2026-02-17 21:35:55,173 - gurobipy - INFO -   Matrix range     [1e+00, 1e+00]
2026-02-17 21:35:55,173 - gurobipy - INFO -   Objective range  [2e-02, 2e+00]
2026-02-17 21:35:55,173 - gurobipy - INFO -   QObjective range [2e-01, 6e-01]
2026-02-17 21:35:55,173 - gurobipy - INFO -   Bounds range     [1e+00, 2e+01]
2026-02-17 21:35:55,173 - gurobipy - INFO -   RHS range        [1e+00, 2e+01]
2026-02-17 21:35:55,173 - gurobipy - INFO - 
2026-02-17 21:35:55,173 - gurobipy - INFO - Loaded user MIP start with objective 1032.56
2026-02-17 21:35:55,173 - gurobipy - INFO - 
2026-02-17 21:35:57,996 - gurobipy - INFO - Presolve removed 938 rows and 8595 columns
2026-02-17 21:35:57,997 - gurobipy - INFO - Presolve time: 2.82s
2026-02-17 21:35:57,997 - gurobipy - INFO - Presolved: 1 rows, 9 columns, 9 nonzeros
2026-02-17 21:35:57,997 - gurobipy - INFO - Presolved model has 9 quadratic objective terms
2026-02-17 21:35:57,997 - gurobipy - INFO - Found heuristic solution: objective 435.9427984
2026-02-17 21:35:57,997 - gurobipy - INFO - Variable types: 0 continuous, 9 integer (0 binary)
2026-02-17 21:35:57,997 - gurobipy - INFO - 
2026-02-17 21:35:57,997 - gurobipy - INFO - Explored 0 nodes (0 simplex iterations) in 2.82 seconds (0.11 work units)
2026-02-17 21:35:57,997 - gurobipy - INFO - Thread count was 32 (of 128 available processors)
2026-02-17 21:35:57,997 - gurobipy - INFO - 
2026-02-17 21:35:57,997 - gurobipy - INFO - Solution count 2: 435.943 1032.56 
2026-02-17 21:35:57,997 - gurobipy - INFO - 
2026-02-17 21:35:57,997 - gurobipy - INFO - Optimal solution found (tolerance 5.00e-02)
2026-02-17 21:35:57,997 - gurobipy - INFO - Best objective 4.359427983509e+02, best bound 4.355974373130e+02, gap 0.0792%
2026-02-17 21:35:58,008 - root - INFO - Global IQP solved: status=2, gap=0.08%, time=2.8s
2026-02-17 21:35:58,040 - root - INFO -   Loss: 432.9216 (change: 0.580729)
2026-02-17 21:35:58,040 - root - INFO -   Beta range: [0.188, 0.383]
2026-02-17 21:35:58,040 - root - INFO -   Max beta change: 0.022698
2026-02-17 21:35:58,040 - root - INFO -   Cell count range: [0, 15]
2026-02-17 21:35:58,040 - root - INFO -     B-cells: 571 cells (11.7%)
2026-02-17 21:35:58,040 - root - INFO -     CAFs: 618 cells (12.6%)
2026-02-17 21:35:58,040 - root - INFO -     Cancer Epithelial: 457 cells (9.3%)
2026-02-17 21:35:58,040 - root - INFO -     Endothelial: 475 cells (9.7%)
2026-02-17 21:35:58,040 - root - INFO -     Myeloid: 576 cells (11.8%)
2026-02-17 21:35:58,040 - root - INFO -     Normal Epithelial: 602 cells (12.3%)
2026-02-17 21:35:58,040 - root - INFO -     PVL: 510 cells (10.4%)
2026-02-17 21:35:58,040 - root - INFO -     Plasmablasts: 590 cells (12.1%)
2026-02-17 21:35:58,040 - root - INFO -     T-cells: 495 cells (10.1%)
2026-02-17 21:35:58,040 - root - INFO - 
=== EM Iteration 3/10 ===
2026-02-17 21:35:58,040 - root - INFO - Global IQP: 956 spots x 9 cell types = 8604 integer variables
2026-02-17 21:35:58,040 - root - INFO - Time limit: 600.0s, MIP gap: 5.0%
2026-02-17 21:35:58,040 - gurobipy - INFO - Set parameter TimeLimit to value 600
2026-02-17 21:35:58,040 - gurobipy - INFO - Set parameter MIPGap to value 0.05
2026-02-17 21:35:59,020 - root - INFO - Starting global IQP optimization...
2026-02-17 21:35:59,020 - gurobipy - INFO - Gurobi Optimizer version 11.0.2 build v11.0.2rc0 (linux64 - "Red Hat Enterprise Linux 9.6 (Plow)")
2026-02-17 21:35:59,020 - gurobipy - INFO - 
2026-02-17 21:35:59,020 - gurobipy - INFO - CPU model: AMD EPYC 9575F 64-Core Processor, instruction set [SSE2|AVX|AVX2|AVX512]
2026-02-17 21:35:59,020 - gurobipy - INFO - Thread count: 128 physical cores, 128 logical processors, using up to 32 threads
2026-02-17 21:35:59,020 - gurobipy - INFO - 
2026-02-17 21:35:59,020 - gurobipy - INFO - Optimize a model with 939 rows, 8604 columns and 8451 nonzeros
2026-02-17 21:35:59,021 - gurobipy - INFO - Model fingerprint: 0x2e5d6e59
2026-02-17 21:35:59,021 - gurobipy - INFO - Model has 8604 quadratic objective terms
2026-02-17 21:35:59,021 - gurobipy - INFO - Variable types: 0 continuous, 8604 integer (0 binary)
2026-02-17 21:35:59,021 - gurobipy - INFO - Coefficient statistics:
2026-02-17 21:35:59,021 - gurobipy - INFO -   Matrix range     [1e+00, 1e+00]
2026-02-17 21:35:59,021 - gurobipy - INFO -   Objective range  [2e-02, 2e+00]
2026-02-17 21:35:59,021 - gurobipy - INFO -   QObjective range [1e-01, 6e-01]
2026-02-17 21:35:59,021 - gurobipy - INFO -   Bounds range     [1e+00, 2e+01]
2026-02-17 21:35:59,021 - gurobipy - INFO -   RHS range        [1e+00, 2e+01]
2026-02-17 21:35:59,021 - gurobipy - INFO - 
2026-02-17 21:35:59,021 - gurobipy - INFO - Loaded user MIP start with objective 432.922
2026-02-17 21:35:59,021 - gurobipy - INFO - 
2026-02-17 21:36:03,242 - gurobipy - INFO - Presolve removed 938 rows and 8595 columns
2026-02-17 21:36:03,242 - gurobipy - INFO - Presolve time: 4.22s
2026-02-17 21:36:03,242 - gurobipy - INFO - Presolved: 1 rows, 9 columns, 9 nonzeros
2026-02-17 21:36:03,242 - gurobipy - INFO - Presolved model has 9 quadratic objective terms
2026-02-17 21:36:03,242 - gurobipy - INFO - Found heuristic solution: objective 430.5813815
2026-02-17 21:36:03,242 - gurobipy - INFO - Variable types: 0 continuous, 9 integer (0 binary)
2026-02-17 21:36:03,242 - gurobipy - INFO - 
2026-02-17 21:36:03,242 - gurobipy - INFO - Explored 0 nodes (0 simplex iterations) in 4.22 seconds (0.11 work units)
2026-02-17 21:36:03,242 - gurobipy - INFO - Thread count was 32 (of 128 available processors)
2026-02-17 21:36:03,242 - gurobipy - INFO - 
2026-02-17 21:36:03,242 - gurobipy - INFO - Solution count 2: 430.581 432.922 
2026-02-17 21:36:03,242 - gurobipy - INFO - 
2026-02-17 21:36:03,242 - gurobipy - INFO - Optimal solution found (tolerance 5.00e-02)
2026-02-17 21:36:03,242 - gurobipy - INFO - Best objective 4.305813815151e+02, best bound 4.302313965504e+02, gap 0.0813%
2026-02-17 21:36:03,253 - root - INFO - Global IQP solved: status=2, gap=0.08%, time=4.2s
2026-02-17 21:36:03,283 - root - INFO -   Loss: 428.5723 (change: 0.010046)
2026-02-17 21:36:03,283 - root - INFO -   Beta range: [0.177, 0.362]
2026-02-17 21:36:03,283 - root - INFO -   Max beta change: 0.021404
2026-02-17 21:36:03,283 - root - INFO -   Cell count range: [0, 15]
2026-02-17 21:36:03,283 - root - INFO -     B-cells: 551 cells (11.3%)
2026-02-17 21:36:03,283 - root - INFO -     CAFs: 587 cells (12.0%)
2026-02-17 21:36:03,283 - root - INFO -     Cancer Epithelial: 458 cells (9.4%)
2026-02-17 21:36:03,283 - root - INFO -     Endothelial: 504 cells (10.3%)
2026-02-17 21:36:03,283 - root - INFO -     Myeloid: 534 cells (10.9%)
2026-02-17 21:36:03,283 - root - INFO -     Normal Epithelial: 593 cells (12.1%)
2026-02-17 21:36:03,283 - root - INFO -     PVL: 539 cells (11.0%)
2026-02-17 21:36:03,283 - root - INFO -     Plasmablasts: 622 cells (12.7%)
2026-02-17 21:36:03,283 - root - INFO -     T-cells: 506 cells (10.3%)
2026-02-17 21:36:03,283 - root - INFO - 
=== EM Iteration 4/10 ===
2026-02-17 21:36:03,283 - root - INFO - Global IQP: 956 spots x 9 cell types = 8604 integer variables
2026-02-17 21:36:03,283 - root - INFO - Time limit: 600.0s, MIP gap: 5.0%
2026-02-17 21:36:03,284 - gurobipy - INFO - Set parameter TimeLimit to value 600
2026-02-17 21:36:03,284 - gurobipy - INFO - Set parameter MIPGap to value 0.05
2026-02-17 21:36:03,832 - root - INFO - Starting global IQP optimization...
2026-02-17 21:36:03,833 - gurobipy - INFO - Gurobi Optimizer version 11.0.2 build v11.0.2rc0 (linux64 - "Red Hat Enterprise Linux 9.6 (Plow)")
2026-02-17 21:36:03,833 - gurobipy - INFO - 
2026-02-17 21:36:03,833 - gurobipy - INFO - CPU model: AMD EPYC 9575F 64-Core Processor, instruction set [SSE2|AVX|AVX2|AVX512]
2026-02-17 21:36:03,833 - gurobipy - INFO - Thread count: 128 physical cores, 128 logical processors, using up to 32 threads
2026-02-17 21:36:03,833 - gurobipy - INFO - 
2026-02-17 21:36:03,833 - gurobipy - INFO - Optimize a model with 939 rows, 8604 columns and 8451 nonzeros
2026-02-17 21:36:03,833 - gurobipy - INFO - Model fingerprint: 0x5698c270
2026-02-17 21:36:03,833 - gurobipy - INFO - Model has 8604 quadratic objective terms
2026-02-17 21:36:03,833 - gurobipy - INFO - Variable types: 0 continuous, 8604 integer (0 binary)
2026-02-17 21:36:03,833 - gurobipy - INFO - Coefficient statistics:
2026-02-17 21:36:03,833 - gurobipy - INFO -   Matrix range     [1e+00, 1e+00]
2026-02-17 21:36:03,833 - gurobipy - INFO -   Objective range  [1e-02, 1e+00]
2026-02-17 21:36:03,833 - gurobipy - INFO -   QObjective range [1e-01, 5e-01]
2026-02-17 21:36:03,833 - gurobipy - INFO -   Bounds range     [1e+00, 2e+01]
2026-02-17 21:36:03,833 - gurobipy - INFO -   RHS range        [1e+00, 2e+01]
2026-02-17 21:36:03,833 - gurobipy - INFO - 
2026-02-17 21:36:03,833 - gurobipy - INFO - Loaded user MIP start with objective 428.572
2026-02-17 21:36:03,833 - gurobipy - INFO - 
2026-02-17 21:36:06,711 - gurobipy - INFO - Presolve removed 938 rows and 8595 columns
2026-02-17 21:36:06,711 - gurobipy - INFO - Presolve time: 2.88s
2026-02-17 21:36:06,711 - gurobipy - INFO - Presolved: 1 rows, 9 columns, 9 nonzeros
2026-02-17 21:36:06,711 - gurobipy - INFO - Presolved model has 9 quadratic objective terms
2026-02-17 21:36:06,711 - gurobipy - INFO - Found heuristic solution: objective 426.7006779
2026-02-17 21:36:06,711 - gurobipy - INFO - Variable types: 0 continuous, 9 integer (0 binary)
2026-02-17 21:36:06,711 - gurobipy - INFO - 
2026-02-17 21:36:06,711 - gurobipy - INFO - Explored 0 nodes (0 simplex iterations) in 2.88 seconds (0.10 work units)
2026-02-17 21:36:06,711 - gurobipy - INFO - Thread count was 32 (of 128 available processors)
2026-02-17 21:36:06,711 - gurobipy - INFO - 
2026-02-17 21:36:06,711 - gurobipy - INFO - Solution count 2: 426.701 428.572 
2026-02-17 21:36:06,711 - gurobipy - INFO - 
2026-02-17 21:36:06,711 - gurobipy - INFO - Optimal solution found (tolerance 5.00e-02)
2026-02-17 21:36:06,711 - gurobipy - INFO - Best objective 4.267006779272e+02, best bound 4.263484349224e+02, gap 0.0826%
2026-02-17 21:36:06,720 - root - INFO - Global IQP solved: status=2, gap=0.08%, time=2.9s
2026-02-17 21:36:06,752 - root - INFO -   Loss: 424.4095 (change: 0.009713)
2026-02-17 21:36:06,752 - root - INFO -   Beta range: [0.172, 0.344]
2026-02-17 21:36:06,752 - root - INFO -   Max beta change: 0.017892
2026-02-17 21:36:06,752 - root - INFO -   Cell count range: [0, 15]
2026-02-17 21:36:06,752 - root - INFO -     B-cells: 538 cells (11.0%)
2026-02-17 21:36:06,752 - root - INFO -     CAFs: 572 cells (11.7%)
2026-02-17 21:36:06,752 - root - INFO -     Cancer Epithelial: 463 cells (9.5%)
2026-02-17 21:36:06,752 - root - INFO -     Endothelial: 529 cells (10.8%)
2026-02-17 21:36:06,752 - root - INFO -     Myeloid: 490 cells (10.0%)
2026-02-17 21:36:06,752 - root - INFO -     Normal Epithelial: 574 cells (11.7%)
2026-02-17 21:36:06,752 - root - INFO -     PVL: 570 cells (11.6%)
2026-02-17 21:36:06,752 - root - INFO -     Plasmablasts: 641 cells (13.1%)
2026-02-17 21:36:06,752 - root - INFO -     T-cells: 517 cells (10.6%)
2026-02-17 21:36:06,752 - root - INFO - 
=== EM Iteration 5/10 ===
2026-02-17 21:36:06,752 - root - INFO - Global IQP: 956 spots x 9 cell types = 8604 integer variables
2026-02-17 21:36:06,752 - root - INFO - Time limit: 600.0s, MIP gap: 5.0%
2026-02-17 21:36:06,752 - gurobipy - INFO - Set parameter TimeLimit to value 600
2026-02-17 21:36:06,752 - gurobipy - INFO - Set parameter MIPGap to value 0.05
2026-02-17 21:36:07,488 - root - INFO - Starting global IQP optimization...
2026-02-17 21:36:07,489 - gurobipy - INFO - Gurobi Optimizer version 11.0.2 build v11.0.2rc0 (linux64 - "Red Hat Enterprise Linux 9.6 (Plow)")
2026-02-17 21:36:07,489 - gurobipy - INFO - 
2026-02-17 21:36:07,489 - gurobipy - INFO - CPU model: AMD EPYC 9575F 64-Core Processor, instruction set [SSE2|AVX|AVX2|AVX512]
2026-02-17 21:36:07,489 - gurobipy - INFO - Thread count: 128 physical cores, 128 logical processors, using up to 32 threads
2026-02-17 21:36:07,489 - gurobipy - INFO - 
2026-02-17 21:36:07,489 - gurobipy - INFO - Optimize a model with 939 rows, 8604 columns and 8451 nonzeros
2026-02-17 21:36:07,489 - gurobipy - INFO - Model fingerprint: 0xbce43e5b
2026-02-17 21:36:07,489 - gurobipy - INFO - Model has 8604 quadratic objective terms
2026-02-17 21:36:07,489 - gurobipy - INFO - Variable types: 0 continuous, 8604 integer (0 binary)
2026-02-17 21:36:07,489 - gurobipy - INFO - Coefficient statistics:
2026-02-17 21:36:07,489 - gurobipy - INFO -   Matrix range     [1e+00, 1e+00]
2026-02-17 21:36:07,489 - gurobipy - INFO -   Objective range  [4e-03, 1e+00]
2026-02-17 21:36:07,489 - gurobipy - INFO -   QObjective range [1e-01, 5e-01]
2026-02-17 21:36:07,489 - gurobipy - INFO -   Bounds range     [1e+00, 2e+01]
2026-02-17 21:36:07,489 - gurobipy - INFO -   RHS range        [1e+00, 2e+01]
2026-02-17 21:36:07,489 - gurobipy - INFO - 
2026-02-17 21:36:07,489 - gurobipy - INFO - Loaded user MIP start with objective 424.41
2026-02-17 21:36:07,489 - gurobipy - INFO - 
2026-02-17 21:36:10,512 - gurobipy - INFO - Presolve removed 938 rows and 8595 columns
2026-02-17 21:36:10,512 - gurobipy - INFO - Presolve time: 3.02s
2026-02-17 21:36:10,512 - gurobipy - INFO - Presolved: 1 rows, 9 columns, 9 nonzeros
2026-02-17 21:36:10,512 - gurobipy - INFO - Presolved model has 9 quadratic objective terms
2026-02-17 21:36:10,512 - gurobipy - INFO - Found heuristic solution: objective 422.8529241
2026-02-17 21:36:10,512 - gurobipy - INFO - Variable types: 0 continuous, 9 integer (0 binary)
2026-02-17 21:36:10,512 - gurobipy - INFO - 
2026-02-17 21:36:10,512 - gurobipy - INFO - Explored 0 nodes (0 simplex iterations) in 3.02 seconds (0.10 work units)
2026-02-17 21:36:10,512 - gurobipy - INFO - Thread count was 32 (of 128 available processors)
2026-02-17 21:36:10,512 - gurobipy - INFO - 
2026-02-17 21:36:10,512 - gurobipy - INFO - Solution count 2: 422.853 424.41 
2026-02-17 21:36:10,512 - gurobipy - INFO - 
2026-02-17 21:36:10,512 - gurobipy - INFO - Optimal solution found (tolerance 5.00e-02)
2026-02-17 21:36:10,512 - gurobipy - INFO - Best objective 4.228529240767e+02, best bound 4.224992086508e+02, gap 0.0836%
2026-02-17 21:36:10,531 - root - INFO - Global IQP solved: status=2, gap=0.08%, time=3.0s
2026-02-17 21:36:10,564 - root - INFO -   Loss: 421.2726 (change: 0.007391)
2026-02-17 21:36:10,564 - root - INFO -   Beta range: [0.167, 0.326]
2026-02-17 21:36:10,564 - root - INFO -   Max beta change: 0.018732
2026-02-17 21:36:10,564 - root - INFO -   Cell count range: [0, 15]
2026-02-17 21:36:10,564 - root - INFO -     B-cells: 534 cells (10.9%)
2026-02-17 21:36:10,564 - root - INFO -     CAFs: 549 cells (11.2%)
2026-02-17 21:36:10,565 - root - INFO -     Cancer Epithelial: 470 cells (9.6%)
2026-02-17 21:36:10,565 - root - INFO -     Endothelial: 550 cells (11.2%)
2026-02-17 21:36:10,565 - root - INFO -     Myeloid: 451 cells (9.2%)
2026-02-17 21:36:10,565 - root - INFO -     Normal Epithelial: 556 cells (11.4%)
2026-02-17 21:36:10,565 - root - INFO -     PVL: 605 cells (12.4%)
2026-02-17 21:36:10,565 - root - INFO -     Plasmablasts: 653 cells (13.3%)
2026-02-17 21:36:10,565 - root - INFO -     T-cells: 526 cells (10.7%)
2026-02-17 21:36:10,565 - root - INFO - 
=== EM Iteration 6/10 ===
2026-02-17 21:36:10,565 - root - INFO - Global IQP: 956 spots x 9 cell types = 8604 integer variables
2026-02-17 21:36:10,565 - root - INFO - Time limit: 600.0s, MIP gap: 5.0%
2026-02-17 21:36:10,565 - gurobipy - INFO - Set parameter TimeLimit to value 600
2026-02-17 21:36:10,565 - gurobipy - INFO - Set parameter MIPGap to value 0.05
2026-02-17 21:36:11,379 - root - INFO - Starting global IQP optimization...
2026-02-17 21:36:11,380 - gurobipy - INFO - Gurobi Optimizer version 11.0.2 build v11.0.2rc0 (linux64 - "Red Hat Enterprise Linux 9.6 (Plow)")
2026-02-17 21:36:11,380 - gurobipy - INFO - 
2026-02-17 21:36:11,380 - gurobipy - INFO - CPU model: AMD EPYC 9575F 64-Core Processor, instruction set [SSE2|AVX|AVX2|AVX512]
2026-02-17 21:36:11,380 - gurobipy - INFO - Thread count: 128 physical cores, 128 logical processors, using up to 32 threads
2026-02-17 21:36:11,380 - gurobipy - INFO - 
2026-02-17 21:36:11,380 - gurobipy - INFO - Optimize a model with 939 rows, 8604 columns and 8451 nonzeros
2026-02-17 21:36:11,380 - gurobipy - INFO - Model fingerprint: 0xe05aa426
2026-02-17 21:36:11,380 - gurobipy - INFO - Model has 8604 quadratic objective terms
2026-02-17 21:36:11,380 - gurobipy - INFO - Variable types: 0 continuous, 8604 integer (0 binary)
2026-02-17 21:36:11,380 - gurobipy - INFO - Coefficient statistics:
2026-02-17 21:36:11,380 - gurobipy - INFO -   Matrix range     [1e+00, 1e+00]
2026-02-17 21:36:11,380 - gurobipy - INFO -   Objective range  [3e-03, 1e+00]
2026-02-17 21:36:11,380 - gurobipy - INFO -   QObjective range [1e-01, 4e-01]
2026-02-17 21:36:11,380 - gurobipy - INFO -   Bounds range     [1e+00, 2e+01]
2026-02-17 21:36:11,380 - gurobipy - INFO -   RHS range        [1e+00, 2e+01]
2026-02-17 21:36:11,380 - gurobipy - INFO - 
2026-02-17 21:36:11,380 - gurobipy - INFO - Loaded user MIP start with objective 421.273
2026-02-17 21:36:11,380 - gurobipy - INFO - 
2026-02-17 21:36:15,213 - gurobipy - INFO - Presolve removed 938 rows and 8595 columns
2026-02-17 21:36:15,213 - gurobipy - INFO - Presolve time: 3.83s
2026-02-17 21:36:15,213 - gurobipy - INFO - Presolved: 1 rows, 9 columns, 9 nonzeros
2026-02-17 21:36:15,213 - gurobipy - INFO - Presolved model has 9 quadratic objective terms
2026-02-17 21:36:15,213 - gurobipy - INFO - Found heuristic solution: objective 420.3046952
2026-02-17 21:36:15,213 - gurobipy - INFO - Variable types: 0 continuous, 9 integer (0 binary)
2026-02-17 21:36:15,213 - gurobipy - INFO - 
2026-02-17 21:36:15,213 - gurobipy - INFO - Explored 0 nodes (0 simplex iterations) in 3.83 seconds (0.10 work units)
2026-02-17 21:36:15,213 - gurobipy - INFO - Thread count was 32 (of 128 available processors)
2026-02-17 21:36:15,213 - gurobipy - INFO - 
2026-02-17 21:36:15,213 - gurobipy - INFO - Solution count 2: 420.305 421.273 
2026-02-17 21:36:15,213 - gurobipy - INFO - 
2026-02-17 21:36:15,213 - gurobipy - INFO - Optimal solution found (tolerance 5.00e-02)
2026-02-17 21:36:15,214 - gurobipy - INFO - Best objective 4.203046952194e+02, best bound 4.199477067897e+02, gap 0.0849%
2026-02-17 21:36:15,225 - root - INFO - Global IQP solved: status=2, gap=0.08%, time=3.8s
2026-02-17 21:36:15,257 - root - INFO -   Loss: 419.7250 (change: 0.003674)
2026-02-17 21:36:15,257 - root - INFO -   Beta range: [0.161, 0.315]
2026-02-17 21:36:15,257 - root - INFO -   Max beta change: 0.011452
2026-02-17 21:36:15,257 - root - INFO -   Cell count range: [0, 15]
2026-02-17 21:36:15,257 - root - INFO -     B-cells: 526 cells (10.7%)
2026-02-17 21:36:15,257 - root - INFO -     CAFs: 535 cells (10.9%)
2026-02-17 21:36:15,257 - root - INFO -     Cancer Epithelial: 468 cells (9.6%)
2026-02-17 21:36:15,257 - root - INFO -     Endothelial: 564 cells (11.5%)
2026-02-17 21:36:15,257 - root - INFO -     Myeloid: 425 cells (8.7%)
2026-02-17 21:36:15,257 - root - INFO -     Normal Epithelial: 534 cells (10.9%)
2026-02-17 21:36:15,257 - root - INFO -     PVL: 626 cells (12.8%)
2026-02-17 21:36:15,257 - root - INFO -     Plasmablasts: 682 cells (13.9%)
2026-02-17 21:36:15,257 - root - INFO -     T-cells: 534 cells (10.9%)
2026-02-17 21:36:15,257 - root - INFO - 
=== EM Iteration 7/10 ===
2026-02-17 21:36:15,257 - root - INFO - Global IQP: 956 spots x 9 cell types = 8604 integer variables
2026-02-17 21:36:15,257 - root - INFO - Time limit: 600.0s, MIP gap: 5.0%
2026-02-17 21:36:15,257 - gurobipy - INFO - Set parameter TimeLimit to value 600
2026-02-17 21:36:15,257 - gurobipy - INFO - Set parameter MIPGap to value 0.05
2026-02-17 21:36:16,013 - root - INFO - Starting global IQP optimization...
2026-02-17 21:36:16,014 - gurobipy - INFO - Gurobi Optimizer version 11.0.2 build v11.0.2rc0 (linux64 - "Red Hat Enterprise Linux 9.6 (Plow)")
2026-02-17 21:36:16,014 - gurobipy - INFO - 
2026-02-17 21:36:16,014 - gurobipy - INFO - CPU model: AMD EPYC 9575F 64-Core Processor, instruction set [SSE2|AVX|AVX2|AVX512]
2026-02-17 21:36:16,014 - gurobipy - INFO - Thread count: 128 physical cores, 128 logical processors, using up to 32 threads
2026-02-17 21:36:16,014 - gurobipy - INFO - 
2026-02-17 21:36:16,014 - gurobipy - INFO - Optimize a model with 939 rows, 8604 columns and 8451 nonzeros
2026-02-17 21:36:16,014 - gurobipy - INFO - Model fingerprint: 0x8d6dd6e6
2026-02-17 21:36:16,014 - gurobipy - INFO - Model has 8604 quadratic objective terms
2026-02-17 21:36:16,014 - gurobipy - INFO - Variable types: 0 continuous, 8604 integer (0 binary)
2026-02-17 21:36:16,014 - gurobipy - INFO - Coefficient statistics:
2026-02-17 21:36:16,014 - gurobipy - INFO -   Matrix range     [1e+00, 1e+00]
2026-02-17 21:36:16,014 - gurobipy - INFO -   Objective range  [4e-03, 1e+00]
2026-02-17 21:36:16,014 - gurobipy - INFO -   QObjective range [1e-01, 4e-01]
2026-02-17 21:36:16,014 - gurobipy - INFO -   Bounds range     [1e+00, 2e+01]
2026-02-17 21:36:16,014 - gurobipy - INFO -   RHS range        [1e+00, 2e+01]
2026-02-17 21:36:16,014 - gurobipy - INFO - 
2026-02-17 21:36:16,014 - gurobipy - INFO - Loaded user MIP start with objective 419.725
2026-02-17 21:36:16,014 - gurobipy - INFO - 
2026-02-17 21:36:20,353 - gurobipy - INFO - Presolve removed 938 rows and 8595 columns
2026-02-17 21:36:20,353 - gurobipy - INFO - Presolve time: 4.34s
2026-02-17 21:36:20,353 - gurobipy - INFO - Presolved: 1 rows, 9 columns, 9 nonzeros
2026-02-17 21:36:20,353 - gurobipy - INFO - Presolved model has 9 quadratic objective terms
2026-02-17 21:36:20,353 - gurobipy - INFO - Found heuristic solution: objective 419.3036461
2026-02-17 21:36:20,353 - gurobipy - INFO - Variable types: 0 continuous, 9 integer (0 binary)
2026-02-17 21:36:20,353 - gurobipy - INFO - 
2026-02-17 21:36:20,353 - gurobipy - INFO - Explored 0 nodes (0 simplex iterations) in 4.34 seconds (0.10 work units)
2026-02-17 21:36:20,353 - gurobipy - INFO - Thread count was 32 (of 128 available processors)
2026-02-17 21:36:20,353 - gurobipy - INFO - 
2026-02-17 21:36:20,354 - gurobipy - INFO - Solution count 2: 419.304 419.725 
2026-02-17 21:36:20,354 - gurobipy - INFO - 
2026-02-17 21:36:20,354 - gurobipy - INFO - Optimal solution found (tolerance 5.00e-02)
2026-02-17 21:36:20,354 - gurobipy - INFO - Best objective 4.193036460887e+02, best bound 4.189439705407e+02, gap 0.0858%
2026-02-17 21:36:20,364 - root - INFO - Global IQP solved: status=2, gap=0.09%, time=4.3s
2026-02-17 21:36:20,394 - root - INFO -   Loss: 418.8673 (change: 0.002043)
2026-02-17 21:36:20,394 - root - INFO -   Beta range: [0.158, 0.306]
2026-02-17 21:36:20,394 - root - INFO -   Max beta change: 0.008499
2026-02-17 21:36:20,394 - root - INFO -   Cell count range: [0, 15]
2026-02-17 21:36:20,394 - root - INFO -     B-cells: 519 cells (10.6%)
2026-02-17 21:36:20,394 - root - INFO -     CAFs: 525 cells (10.7%)
2026-02-17 21:36:20,394 - root - INFO -     Cancer Epithelial: 469 cells (9.6%)
2026-02-17 21:36:20,394 - root - INFO -     Endothelial: 572 cells (11.7%)
2026-02-17 21:36:20,394 - root - INFO -     Myeloid: 406 cells (8.3%)
2026-02-17 21:36:20,394 - root - INFO -     Normal Epithelial: 529 cells (10.8%)
2026-02-17 21:36:20,394 - root - INFO -     PVL: 641 cells (13.1%)
2026-02-17 21:36:20,394 - root - INFO -     Plasmablasts: 699 cells (14.3%)
2026-02-17 21:36:20,394 - root - INFO -     T-cells: 534 cells (10.9%)
2026-02-17 21:36:20,395 - root - INFO - 
=== EM Iteration 8/10 ===
2026-02-17 21:36:20,395 - root - INFO - Global IQP: 956 spots x 9 cell types = 8604 integer variables
2026-02-17 21:36:20,395 - root - INFO - Time limit: 600.0s, MIP gap: 5.0%
2026-02-17 21:36:20,395 - gurobipy - INFO - Set parameter TimeLimit to value 600
2026-02-17 21:36:20,395 - gurobipy - INFO - Set parameter MIPGap to value 0.05
2026-02-17 21:36:21,140 - root - INFO - Starting global IQP optimization...
2026-02-17 21:36:21,141 - gurobipy - INFO - Gurobi Optimizer version 11.0.2 build v11.0.2rc0 (linux64 - "Red Hat Enterprise Linux 9.6 (Plow)")
2026-02-17 21:36:21,141 - gurobipy - INFO - 
2026-02-17 21:36:21,141 - gurobipy - INFO - CPU model: AMD EPYC 9575F 64-Core Processor, instruction set [SSE2|AVX|AVX2|AVX512]
2026-02-17 21:36:21,141 - gurobipy - INFO - Thread count: 128 physical cores, 128 logical processors, using up to 32 threads
2026-02-17 21:36:21,141 - gurobipy - INFO - 
2026-02-17 21:36:21,141 - gurobipy - INFO - Optimize a model with 939 rows, 8604 columns and 8451 nonzeros
2026-02-17 21:36:21,141 - gurobipy - INFO - Model fingerprint: 0x58f45fae
2026-02-17 21:36:21,141 - gurobipy - INFO - Model has 8604 quadratic objective terms
2026-02-17 21:36:21,141 - gurobipy - INFO - Variable types: 0 continuous, 8604 integer (0 binary)
2026-02-17 21:36:21,141 - gurobipy - INFO - Coefficient statistics:
2026-02-17 21:36:21,141 - gurobipy - INFO -   Matrix range     [1e+00, 1e+00]
2026-02-17 21:36:21,141 - gurobipy - INFO -   Objective range  [6e-03, 1e+00]
2026-02-17 21:36:21,141 - gurobipy - INFO -   QObjective range [1e-01, 4e-01]
2026-02-17 21:36:21,141 - gurobipy - INFO -   Bounds range     [1e+00, 2e+01]
2026-02-17 21:36:21,141 - gurobipy - INFO -   RHS range        [1e+00, 2e+01]
2026-02-17 21:36:21,141 - gurobipy - INFO - 
2026-02-17 21:36:21,141 - gurobipy - INFO - Loaded user MIP start with objective 418.867
2026-02-17 21:36:21,141 - gurobipy - INFO - 
2026-02-17 21:36:24,381 - gurobipy - INFO - Presolve removed 938 rows and 8595 columns
2026-02-17 21:36:24,381 - gurobipy - INFO - Presolve time: 3.24s
2026-02-17 21:36:24,381 - gurobipy - INFO - Presolved: 1 rows, 9 columns, 9 nonzeros
2026-02-17 21:36:24,381 - gurobipy - INFO - Presolved model has 9 quadratic objective terms
2026-02-17 21:36:24,381 - gurobipy - INFO - Found heuristic solution: objective 418.6547345
2026-02-17 21:36:24,381 - gurobipy - INFO - Variable types: 0 continuous, 9 integer (0 binary)
2026-02-17 21:36:24,381 - gurobipy - INFO - 
2026-02-17 21:36:24,381 - gurobipy - INFO - Explored 0 nodes (0 simplex iterations) in 3.24 seconds (0.10 work units)
2026-02-17 21:36:24,381 - gurobipy - INFO - Thread count was 32 (of 128 available processors)
2026-02-17 21:36:24,381 - gurobipy - INFO - 
2026-02-17 21:36:24,381 - gurobipy - INFO - Solution count 2: 418.655 418.867 
2026-02-17 21:36:24,381 - gurobipy - INFO - 
2026-02-17 21:36:24,381 - gurobipy - INFO - Optimal solution found (tolerance 5.00e-02)
2026-02-17 21:36:24,382 - gurobipy - INFO - Best objective 4.186547344907e+02, best bound 4.182940732874e+02, gap 0.0861%
2026-02-17 21:36:24,393 - root - INFO - Global IQP solved: status=2, gap=0.09%, time=3.2s
2026-02-17 21:36:24,426 - root - INFO -   Loss: 418.2724 (change: 0.001420)
2026-02-17 21:36:24,426 - root - INFO -   Beta range: [0.155, 0.301]
2026-02-17 21:36:24,426 - root - INFO -   Max beta change: 0.005924
2026-02-17 21:36:24,427 - root - INFO -   Cell count range: [0, 15]
2026-02-17 21:36:24,427 - root - INFO -     B-cells: 510 cells (10.4%)
2026-02-17 21:36:24,427 - root - INFO -     CAFs: 520 cells (10.6%)
2026-02-17 21:36:24,427 - root - INFO -     Cancer Epithelial: 469 cells (9.6%)
2026-02-17 21:36:24,427 - root - INFO -     Endothelial: 582 cells (11.9%)
2026-02-17 21:36:24,427 - root - INFO -     Myeloid: 391 cells (8.0%)
2026-02-17 21:36:24,427 - root - INFO -     Normal Epithelial: 519 cells (10.6%)
2026-02-17 21:36:24,427 - root - INFO -     PVL: 650 cells (13.3%)
2026-02-17 21:36:24,427 - root - INFO -     Plasmablasts: 718 cells (14.7%)
2026-02-17 21:36:24,427 - root - INFO -     T-cells: 535 cells (10.9%)
2026-02-17 21:36:24,427 - root - INFO - 
=== EM Iteration 9/10 ===
2026-02-17 21:36:24,427 - root - INFO - Global IQP: 956 spots x 9 cell types = 8604 integer variables
2026-02-17 21:36:24,427 - root - INFO - Time limit: 600.0s, MIP gap: 5.0%
2026-02-17 21:36:24,427 - gurobipy - INFO - Set parameter TimeLimit to value 600
2026-02-17 21:36:24,427 - gurobipy - INFO - Set parameter MIPGap to value 0.05
2026-02-17 21:36:25,194 - root - INFO - Starting global IQP optimization...
2026-02-17 21:36:25,194 - gurobipy - INFO - Gurobi Optimizer version 11.0.2 build v11.0.2rc0 (linux64 - "Red Hat Enterprise Linux 9.6 (Plow)")
2026-02-17 21:36:25,194 - gurobipy - INFO - 
2026-02-17 21:36:25,194 - gurobipy - INFO - CPU model: AMD EPYC 9575F 64-Core Processor, instruction set [SSE2|AVX|AVX2|AVX512]
2026-02-17 21:36:25,194 - gurobipy - INFO - Thread count: 128 physical cores, 128 logical processors, using up to 32 threads
2026-02-17 21:36:25,194 - gurobipy - INFO - 
2026-02-17 21:36:25,194 - gurobipy - INFO - Optimize a model with 939 rows, 8604 columns and 8451 nonzeros
2026-02-17 21:36:25,194 - gurobipy - INFO - Model fingerprint: 0x269aede6
2026-02-17 21:36:25,194 - gurobipy - INFO - Model has 8604 quadratic objective terms
2026-02-17 21:36:25,194 - gurobipy - INFO - Variable types: 0 continuous, 8604 integer (0 binary)
2026-02-17 21:36:25,194 - gurobipy - INFO - Coefficient statistics:
2026-02-17 21:36:25,194 - gurobipy - INFO -   Matrix range     [1e+00, 1e+00]
2026-02-17 21:36:25,194 - gurobipy - INFO -   Objective range  [4e-04, 1e+00]
2026-02-17 21:36:25,194 - gurobipy - INFO -   QObjective range [1e-01, 4e-01]
2026-02-17 21:36:25,194 - gurobipy - INFO -   Bounds range     [1e+00, 2e+01]
2026-02-17 21:36:25,194 - gurobipy - INFO -   RHS range        [1e+00, 2e+01]
2026-02-17 21:36:25,194 - gurobipy - INFO - 
2026-02-17 21:36:25,195 - gurobipy - INFO - Loaded user MIP start with objective 418.272
2026-02-17 21:36:25,195 - gurobipy - INFO - 
2026-02-17 21:36:29,614 - gurobipy - INFO - Presolve removed 938 rows and 8595 columns
2026-02-17 21:36:29,614 - gurobipy - INFO - Presolve time: 4.42s
2026-02-17 21:36:29,614 - gurobipy - INFO - Presolved: 1 rows, 9 columns, 9 nonzeros
2026-02-17 21:36:29,614 - gurobipy - INFO - Presolved model has 9 quadratic objective terms
2026-02-17 21:36:29,614 - gurobipy - INFO - Found heuristic solution: objective 418.0352860
2026-02-17 21:36:29,614 - gurobipy - INFO - Variable types: 0 continuous, 9 integer (0 binary)
2026-02-17 21:36:29,615 - gurobipy - INFO - 
2026-02-17 21:36:29,615 - gurobipy - INFO - Explored 0 nodes (0 simplex iterations) in 4.42 seconds (0.10 work units)
2026-02-17 21:36:29,615 - gurobipy - INFO - Thread count was 32 (of 128 available processors)
2026-02-17 21:36:29,615 - gurobipy - INFO - 
2026-02-17 21:36:29,615 - gurobipy - INFO - Solution count 2: 418.035 418.272 
2026-02-17 21:36:29,615 - gurobipy - INFO - 
2026-02-17 21:36:29,615 - gurobipy - INFO - Optimal solution found (tolerance 5.00e-02)
2026-02-17 21:36:29,615 - gurobipy - INFO - Best objective 4.180352859652e+02, best bound 4.176727257438e+02, gap 0.0867%
2026-02-17 21:36:29,624 - root - INFO - Global IQP solved: status=2, gap=0.09%, time=4.4s
2026-02-17 21:36:29,655 - root - INFO -   Loss: 417.6365 (change: 0.001521)
2026-02-17 21:36:29,655 - root - INFO -   Beta range: [0.152, 0.293]
2026-02-17 21:36:29,655 - root - INFO -   Max beta change: 0.007797
2026-02-17 21:36:29,655 - root - INFO -   Cell count range: [0, 15]
2026-02-17 21:36:29,655 - root - INFO -     B-cells: 499 cells (10.2%)
2026-02-17 21:36:29,655 - root - INFO -     CAFs: 516 cells (10.5%)
2026-02-17 21:36:29,655 - root - INFO -     Cancer Epithelial: 464 cells (9.5%)
2026-02-17 21:36:29,655 - root - INFO -     Endothelial: 592 cells (12.1%)
2026-02-17 21:36:29,655 - root - INFO -     Myeloid: 383 cells (7.8%)
2026-02-17 21:36:29,655 - root - INFO -     Normal Epithelial: 511 cells (10.4%)
2026-02-17 21:36:29,655 - root - INFO -     PVL: 661 cells (13.5%)
2026-02-17 21:36:29,655 - root - INFO -     Plasmablasts: 734 cells (15.0%)
2026-02-17 21:36:29,655 - root - INFO -     T-cells: 534 cells (10.9%)
2026-02-17 21:36:29,655 - root - INFO - 
=== EM Iteration 10/10 ===
2026-02-17 21:36:29,655 - root - INFO - Global IQP: 956 spots x 9 cell types = 8604 integer variables
2026-02-17 21:36:29,655 - root - INFO - Time limit: 600.0s, MIP gap: 5.0%
2026-02-17 21:36:29,655 - gurobipy - INFO - Set parameter TimeLimit to value 600
2026-02-17 21:36:29,655 - gurobipy - INFO - Set parameter MIPGap to value 0.05
2026-02-17 21:36:30,401 - root - INFO - Starting global IQP optimization...
2026-02-17 21:36:30,402 - gurobipy - INFO - Gurobi Optimizer version 11.0.2 build v11.0.2rc0 (linux64 - "Red Hat Enterprise Linux 9.6 (Plow)")
2026-02-17 21:36:30,402 - gurobipy - INFO - 
2026-02-17 21:36:30,402 - gurobipy - INFO - CPU model: AMD EPYC 9575F 64-Core Processor, instruction set [SSE2|AVX|AVX2|AVX512]
2026-02-17 21:36:30,402 - gurobipy - INFO - Thread count: 128 physical cores, 128 logical processors, using up to 32 threads
2026-02-17 21:36:30,402 - gurobipy - INFO - 
2026-02-17 21:36:30,402 - gurobipy - INFO - Optimize a model with 939 rows, 8604 columns and 8451 nonzeros
2026-02-17 21:36:30,402 - gurobipy - INFO - Model fingerprint: 0x75671389
2026-02-17 21:36:30,402 - gurobipy - INFO - Model has 8604 quadratic objective terms
2026-02-17 21:36:30,402 - gurobipy - INFO - Variable types: 0 continuous, 8604 integer (0 binary)
2026-02-17 21:36:30,402 - gurobipy - INFO - Coefficient statistics:
2026-02-17 21:36:30,402 - gurobipy - INFO -   Matrix range     [1e+00, 1e+00]
2026-02-17 21:36:30,402 - gurobipy - INFO -   Objective range  [9e-05, 1e+00]
2026-02-17 21:36:30,402 - gurobipy - INFO -   QObjective range [1e-01, 3e-01]
2026-02-17 21:36:30,402 - gurobipy - INFO -   Bounds range     [1e+00, 2e+01]
2026-02-17 21:36:30,402 - gurobipy - INFO -   RHS range        [1e+00, 2e+01]
2026-02-17 21:36:30,402 - gurobipy - INFO - 
2026-02-17 21:36:30,402 - gurobipy - INFO - Loaded user MIP start with objective 417.636
2026-02-17 21:36:30,402 - gurobipy - INFO - 
2026-02-17 21:36:34,283 - gurobipy - INFO - Presolve removed 938 rows and 8595 columns
2026-02-17 21:36:34,283 - gurobipy - INFO - Presolve time: 3.88s
2026-02-17 21:36:34,283 - gurobipy - INFO - Presolved: 1 rows, 9 columns, 9 nonzeros
2026-02-17 21:36:34,283 - gurobipy - INFO - Presolved model has 9 quadratic objective terms
2026-02-17 21:36:34,283 - gurobipy - INFO - Found heuristic solution: objective 417.4112610
2026-02-17 21:36:34,283 - gurobipy - INFO - Variable types: 0 continuous, 9 integer (0 binary)
2026-02-17 21:36:34,283 - gurobipy - INFO - 
2026-02-17 21:36:34,283 - gurobipy - INFO - Explored 0 nodes (0 simplex iterations) in 3.88 seconds (0.10 work units)
2026-02-17 21:36:34,283 - gurobipy - INFO - Thread count was 32 (of 128 available processors)
2026-02-17 21:36:34,283 - gurobipy - INFO - 
2026-02-17 21:36:34,283 - gurobipy - INFO - Solution count 2: 417.411 417.636 
2026-02-17 21:36:34,283 - gurobipy - INFO - 
2026-02-17 21:36:34,283 - gurobipy - INFO - Optimal solution found (tolerance 5.00e-02)
2026-02-17 21:36:34,283 - gurobipy - INFO - Best objective 4.174112610081e+02, best bound 4.170469327090e+02, gap 0.0873%
2026-02-17 21:36:34,292 - root - INFO - Global IQP solved: status=2, gap=0.09%, time=3.9s
2026-02-17 21:36:34,325 - root - INFO -   Loss: 417.0173 (change: 0.001483)
2026-02-17 21:36:34,325 - root - INFO -   Beta range: [0.149, 0.288]
2026-02-17 21:36:34,325 - root - INFO -   Max beta change: 0.007373
2026-02-17 21:36:34,325 - root - INFO -   Cell count range: [0, 15]
2026-02-17 21:36:34,325 - root - INFO -     B-cells: 492 cells (10.1%)
2026-02-17 21:36:34,325 - root - INFO -     CAFs: 515 cells (10.5%)
2026-02-17 21:36:34,325 - root - INFO -     Cancer Epithelial: 462 cells (9.4%)
2026-02-17 21:36:34,325 - root - INFO -     Endothelial: 600 cells (12.3%)
2026-02-17 21:36:34,325 - root - INFO -     Myeloid: 370 cells (7.6%)
2026-02-17 21:36:34,325 - root - INFO -     Normal Epithelial: 504 cells (10.3%)
2026-02-17 21:36:34,325 - root - INFO -     PVL: 672 cells (13.7%)
2026-02-17 21:36:34,325 - root - INFO -     Plasmablasts: 746 cells (15.2%)
2026-02-17 21:36:34,325 - root - INFO -     T-cells: 533 cells (10.9%)
2026-02-17 21:36:34,325 - root - INFO - 
Final beta values:
2026-02-17 21:36:34,325 - root - INFO -   B-cells_Protein_1: β=0.209, α=0.000
2026-02-17 21:36:34,325 - root - INFO -   B-cells_Protein_2: β=0.212, α=0.000
2026-02-17 21:36:34,325 - root - INFO -   CAFs_Protein_1: β=0.250, α=0.000
2026-02-17 21:36:34,325 - root - INFO -   CAFs_Protein_2: β=0.269, α=0.000
2026-02-17 21:36:34,325 - root - INFO -   Cancer Epithelial_Protein_1: β=0.259, α=0.000
2026-02-17 21:36:34,325 - root - INFO -   Cancer Epithelial_Protein_2: β=0.276, α=0.000
2026-02-17 21:36:34,325 - root - INFO -   Endothelial_Protein_1: β=0.224, α=0.000
2026-02-17 21:36:34,325 - root - INFO -   Endothelial_Protein_2: β=0.220, α=0.000
2026-02-17 21:36:34,325 - root - INFO -   Myeloid_Protein_1: β=0.288, α=0.000
2026-02-17 21:36:34,325 - root - INFO -   Myeloid_Protein_2: β=0.274, α=0.000
2026-02-17 21:36:34,325 - root - INFO -   Normal Epithelial_Protein_1: β=0.210, α=0.000
2026-02-17 21:36:34,325 - root - INFO -   Normal Epithelial_Protein_2: β=0.207, α=0.000
2026-02-17 21:36:34,325 - root - INFO -   PVL_Protein_1: β=0.286, α=0.025
2026-02-17 21:36:34,325 - root - INFO -   PVL_Protein_2: β=0.287, α=0.000
2026-02-17 21:36:34,325 - root - INFO -   Plasmablasts_Protein_1: β=0.149, α=0.000
2026-02-17 21:36:34,325 - root - INFO -   Plasmablasts_Protein_2: β=0.157, α=0.000
2026-02-17 21:36:34,325 - root - INFO -   T-cells_Protein_1: β=0.260, α=0.000
2026-02-17 21:36:34,325 - root - INFO -   T-cells_Protein_2: β=0.250, α=0.001
2026-02-17 21:36:34,331 - root - INFO - Saved discrete cell counts to Benchmarking/simulation_benchmarking/CITEgeist/output_discrete_global/high_seg/dapi/high_seg/dapi/Wu_rep_4/Wu_rep_4_discrete_cell_counts.csv
2026-02-17 21:36:34,334 - root - INFO - Saved derived proportions to Benchmarking/simulation_benchmarking/CITEgeist/output_discrete_global/high_seg/dapi/high_seg/dapi/Wu_rep_4/Wu_rep_4_cell_prop_discrete.csv
2026-02-17 21:36:34,334 - root - INFO - Cell type distribution:
2026-02-17 21:36:34,334 - root - INFO -   B-cells: 492 cells (10.1%)
2026-02-17 21:36:34,334 - root - INFO -   CAFs: 515 cells (10.5%)
2026-02-17 21:36:34,334 - root - INFO -   Cancer Epithelial: 462 cells (9.4%)
2026-02-17 21:36:34,334 - root - INFO -   Endothelial: 600 cells (12.3%)
2026-02-17 21:36:34,334 - root - INFO -   Myeloid: 370 cells (7.6%)
2026-02-17 21:36:34,334 - root - INFO -   Normal Epithelial: 504 cells (10.3%)
2026-02-17 21:36:34,334 - root - INFO -   PVL: 672 cells (13.7%)
2026-02-17 21:36:34,334 - root - INFO -   Plasmablasts: 746 cells (15.2%)
2026-02-17 21:36:34,334 - root - INFO -   T-cells: 533 cells (10.9%)
2026-02-17 21:36:34,351 - __main__ - INFO - Loaded ground truth proportions: 956 spots, 9 cell types
2026-02-17 21:36:34,352 - __main__ - INFO - Proportion correlation: 0.811
2026-02-17 21:36:34,352 - __main__ - INFO - Proportion RMSE: 0.1580
2026-02-17 21:36:34,352 - __main__ - INFO - Running GEX deconvolution...
2026-02-17 21:36:34,352 - CITEgeist.model.utils - INFO - Detected spot spacing: 1.61 units (median of 956 nearest-neighbor distances)
2026-02-17 21:36:34,352 - CITEgeist.model.utils - INFO - Computed optimal radius: 4.92 (3.0 rings, spot_spacing=1.61)
2026-02-17 21:36:34,352 - root - INFO - Auto-detected radius: 4.92 (3 rings)
2026-02-17 21:36:34,352 - root - INFO - Starting Pass 1: Error minimization with enrichment weights...
2026-02-17 21:36:34,352 - root - INFO - Using discrete mode: cell counts as fixed multipliers
2026-02-17 21:36:34,352 - root - WARNING - Found 17 spots with zero cells. These will be skipped in deconvolution.
2026-02-17 21:36:34,352 - root - WARNING - Found 17 spots with zero or negligible total cell proportions. Deconvolution for these spots may fail and their profiles will be imputed as zeros. Example spot indices: [ 16  81 105 226 293]
2026-02-17 21:36:34,353 - root - INFO - Starting analysis for Wu_rep_4
2026-02-17 21:36:34,353 - root - INFO - Already completed spots: 0
2026-02-17 21:36:34,353 - root - INFO - Using enrichment weights - Global: 0.5, Local: 0.5
2026-02-17 21:36:34,353 - root - INFO - Using 128 workers
2026-02-17 21:36:34,353 - root - INFO - Processing 956 remaining spots
Deconvoluting Remaining Spots:   0%|          | 0/956 [00:00<?, ?it/s]Deconvoluting Remaining Spots:   0%|          | 1/956 [00:02<43:10,  2.71s/it]Deconvoluting Remaining Spots:   0%|          | 2/956 [00:02<19:03,  1.20s/it]Deconvoluting Remaining Spots:   0%|          | 3/956 [00:02<11:22,  1.40it/s]Deconvoluting Remaining Spots:   0%|          | 4/956 [00:03<07:58,  1.99it/s]Deconvoluting Remaining Spots:   1%|          | 5/956 [00:03<06:01,  2.63it/s]Deconvoluting Remaining Spots:   1%|          | 6/956 [00:03<05:03,  3.13it/s]Deconvoluting Remaining Spots:   1%|          | 7/956 [00:03<04:34,  3.46it/s]Deconvoluting Remaining Spots:   1%|          | 8/956 [00:03<04:12,  3.76it/s]Deconvoluting Remaining Spots:   1%|          | 9/956 [00:04<03:46,  4.17it/s]Deconvoluting Remaining Spots:   1%|          | 10/956 [00:04<03:32,  4.45it/s]Deconvoluting Remaining Spots:   1%|          | 11/956 [00:04<03:31,  4.48it/s]Deconvoluting Remaining Spots:   1%|▏         | 12/956 [00:04<03:20,  4.70it/s]Deconvoluting Remaining Spots:   1%|▏         | 13/956 [00:04<03:20,  4.69it/s]Deconvoluting Remaining Spots:   1%|▏         | 14/956 [00:05<03:28,  4.51it/s]Deconvoluting Remaining Spots:   2%|▏         | 15/956 [00:05<03:05,  5.08it/s]Deconvoluting Remaining Spots:   2%|▏         | 16/956 [00:05<03:19,  4.71it/s]Deconvoluting Remaining Spots:   2%|▏         | 17/956 [00:05<03:08,  4.99it/s]Deconvoluting Remaining Spots:   2%|▏         | 18/956 [00:05<03:11,  4.89it/s]Deconvoluting Remaining Spots:   2%|▏         | 19/956 [00:06<03:24,  4.58it/s]Deconvoluting Remaining Spots:   2%|▏         | 20/956 [00:06<03:21,  4.64it/s]Deconvoluting Remaining Spots:   2%|▏         | 21/956 [00:06<03:18,  4.70it/s]Deconvoluting Remaining Spots:   2%|▏         | 22/956 [00:06<03:16,  4.74it/s]Deconvoluting Remaining Spots:   2%|▏         | 23/956 [00:07<03:14,  4.81it/s]Deconvoluting Remaining Spots:   3%|▎         | 24/956 [00:07<03:10,  4.89it/s]Deconvoluting Remaining Spots:   3%|▎         | 25/956 [00:07<03:22,  4.60it/s]Deconvoluting Remaining Spots:   3%|▎         | 26/956 [00:07<03:21,  4.61it/s]Deconvoluting Remaining Spots:   3%|▎         | 27/956 [00:07<03:26,  4.51it/s]Deconvoluting Remaining Spots:   3%|▎         | 28/956 [00:08<03:22,  4.57it/s]Deconvoluting Remaining Spots:   3%|▎         | 29/956 [00:08<03:08,  4.91it/s]Deconvoluting Remaining Spots:   3%|▎         | 30/956 [00:08<03:09,  4.88it/s]Deconvoluting Remaining Spots:   3%|▎         | 31/956 [00:08<02:59,  5.16it/s]Deconvoluting Remaining Spots:   3%|▎         | 32/956 [00:08<03:14,  4.74it/s]Deconvoluting Remaining Spots:   3%|▎         | 33/956 [00:09<03:19,  4.63it/s]Deconvoluting Remaining Spots:   4%|▎         | 34/956 [00:09<03:03,  5.02it/s]Deconvoluting Remaining Spots:   4%|▎         | 35/956 [00:09<03:08,  4.90it/s]Deconvoluting Remaining Spots:   4%|▍         | 36/956 [00:09<03:06,  4.93it/s]Deconvoluting Remaining Spots:   4%|▍         | 37/956 [00:09<03:13,  4.75it/s]Deconvoluting Remaining Spots:   4%|▍         | 38/956 [00:10<03:07,  4.89it/s]Deconvoluting Remaining Spots:   4%|▍         | 39/956 [00:10<03:16,  4.67it/s]Deconvoluting Remaining Spots:   4%|▍         | 40/956 [00:10<03:19,  4.58it/s]Deconvoluting Remaining Spots:   4%|▍         | 41/956 [00:10<03:10,  4.81it/s]Deconvoluting Remaining Spots:   4%|▍         | 42/956 [00:11<03:11,  4.78it/s]Deconvoluting Remaining Spots:   4%|▍         | 43/956 [00:11<03:12,  4.75it/s]Deconvoluting Remaining Spots:   5%|▍         | 44/956 [00:11<03:12,  4.74it/s]Deconvoluting Remaining Spots:   5%|▍         | 45/956 [00:11<03:04,  4.93it/s]Deconvoluting Remaining Spots:   5%|▍         | 46/956 [00:11<03:19,  4.57it/s]Deconvoluting Remaining Spots:   5%|▍         | 47/956 [00:12<03:16,  4.62it/s]Deconvoluting Remaining Spots:   5%|▌         | 48/956 [00:12<03:07,  4.84it/s]Deconvoluting Remaining Spots:   5%|▌         | 49/956 [00:12<03:07,  4.84it/s]Deconvoluting Remaining Spots:   5%|▌         | 50/956 [00:12<02:54,  5.20it/s]Deconvoluting Remaining Spots:   5%|▌         | 51/956 [00:12<03:13,  4.69it/s]Deconvoluting Remaining Spots:   5%|▌         | 52/956 [00:13<03:06,  4.86it/s]Deconvoluting Remaining Spots:   6%|▌         | 53/956 [00:13<03:18,  4.56it/s]Deconvoluting Remaining Spots:   6%|▌         | 54/956 [00:13<03:09,  4.75it/s]Deconvoluting Remaining Spots:   6%|▌         | 55/956 [00:13<03:30,  4.28it/s]Deconvoluting Remaining Spots:   6%|▌         | 56/956 [00:14<03:10,  4.71it/s]Deconvoluting Remaining Spots:   6%|▌         | 57/956 [00:14<03:15,  4.59it/s]Deconvoluting Remaining Spots:   6%|▌         | 58/956 [00:14<03:03,  4.90it/s]Deconvoluting Remaining Spots:   6%|▌         | 59/956 [00:14<03:08,  4.75it/s]Deconvoluting Remaining Spots:   6%|▋         | 60/956 [00:14<03:05,  4.83it/s]Deconvoluting Remaining Spots:   6%|▋         | 61/956 [00:15<02:57,  5.05it/s]Deconvoluting Remaining Spots:   6%|▋         | 62/956 [00:15<02:51,  5.22it/s]Deconvoluting Remaining Spots:   7%|▋         | 63/956 [00:15<03:14,  4.60it/s]Deconvoluting Remaining Spots:   7%|▋         | 64/956 [00:15<03:07,  4.76it/s]Deconvoluting Remaining Spots:   7%|▋         | 65/956 [00:15<03:06,  4.77it/s]Deconvoluting Remaining Spots:   7%|▋         | 66/956 [00:16<02:51,  5.18it/s]Deconvoluting Remaining Spots:   7%|▋         | 67/956 [00:16<02:50,  5.22it/s]Deconvoluting Remaining Spots:   7%|▋         | 68/956 [00:16<02:56,  5.04it/s]Deconvoluting Remaining Spots:   7%|▋         | 69/956 [00:16<03:08,  4.72it/s]Deconvoluting Remaining Spots:   7%|▋         | 70/956 [00:16<03:24,  4.34it/s]Deconvoluting Remaining Spots:   7%|▋         | 71/956 [00:17<03:19,  4.43it/s]Deconvoluting Remaining Spots:   8%|▊         | 72/956 [00:17<03:08,  4.69it/s]Deconvoluting Remaining Spots:   8%|▊         | 73/956 [00:17<03:10,  4.64it/s]Deconvoluting Remaining Spots:   8%|▊         | 74/956 [00:17<03:10,  4.64it/s]Deconvoluting Remaining Spots:   8%|▊         | 75/956 [00:18<03:19,  4.42it/s]Deconvoluting Remaining Spots:   8%|▊         | 76/956 [00:18<03:06,  4.72it/s]Deconvoluting Remaining Spots:   8%|▊         | 77/956 [00:18<03:08,  4.66it/s]Deconvoluting Remaining Spots:   8%|▊         | 78/956 [00:18<03:06,  4.70it/s]Deconvoluting Remaining Spots:   8%|▊         | 79/956 [00:18<03:06,  4.71it/s]Deconvoluting Remaining Spots:   8%|▊         | 80/956 [00:19<03:27,  4.23it/s]Deconvoluting Remaining Spots:   8%|▊         | 81/956 [00:19<02:57,  4.94it/s]Deconvoluting Remaining Spots:   9%|▊         | 82/956 [00:19<02:59,  4.87it/s]Deconvoluting Remaining Spots:   9%|▊         | 83/956 [00:19<02:55,  4.99it/s]Deconvoluting Remaining Spots:   9%|▉         | 84/956 [00:19<02:58,  4.87it/s]Deconvoluting Remaining Spots:   9%|▉         | 85/956 [00:20<03:03,  4.74it/s]Deconvoluting Remaining Spots:   9%|▉         | 86/956 [00:20<03:04,  4.70it/s]Deconvoluting Remaining Spots:   9%|▉         | 87/956 [00:20<03:01,  4.78it/s]Deconvoluting Remaining Spots:   9%|▉         | 88/956 [00:20<03:09,  4.59it/s]Deconvoluting Remaining Spots:   9%|▉         | 89/956 [00:20<03:09,  4.57it/s]Deconvoluting Remaining Spots:   9%|▉         | 90/956 [00:21<02:53,  5.00it/s]Deconvoluting Remaining Spots:  10%|▉         | 91/956 [00:21<02:44,  5.25it/s]Deconvoluting Remaining Spots:  10%|▉         | 92/956 [00:21<02:56,  4.89it/s]Deconvoluting Remaining Spots:  10%|▉         | 93/956 [00:21<03:01,  4.74it/s]Deconvoluting Remaining Spots:  10%|▉         | 94/956 [00:22<03:22,  4.27it/s]Deconvoluting Remaining Spots:  10%|▉         | 95/956 [00:22<02:48,  5.12it/s]Deconvoluting Remaining Spots:  10%|█         | 96/956 [00:22<02:51,  5.02it/s]Deconvoluting Remaining Spots:  10%|█         | 97/956 [00:22<02:54,  4.93it/s]Deconvoluting Remaining Spots:  10%|█         | 98/956 [00:22<02:59,  4.77it/s]Deconvoluting Remaining Spots:  10%|█         | 99/956 [00:23<03:14,  4.40it/s]Deconvoluting Remaining Spots:  10%|█         | 100/956 [00:23<03:10,  4.50it/s]2026-02-17 21:36:59,959 - root - INFO - Saved checkpoint after 100 completed spots
Deconvoluting Remaining Spots:  11%|█         | 101/956 [00:23<04:27,  3.20it/s]Deconvoluting Remaining Spots:  11%|█         | 103/956 [00:23<02:44,  5.19it/s]Deconvoluting Remaining Spots:  11%|█         | 104/956 [00:24<02:53,  4.91it/s]Deconvoluting Remaining Spots:  11%|█         | 105/956 [00:24<03:09,  4.49it/s]Deconvoluting Remaining Spots:  11%|█         | 106/956 [00:24<02:56,  4.82it/s]Deconvoluting Remaining Spots:  11%|█         | 107/956 [00:24<02:56,  4.82it/s]Deconvoluting Remaining Spots:  11%|█▏        | 108/956 [00:25<03:43,  3.79it/s]Deconvoluting Remaining Spots:  11%|█▏        | 109/956 [00:25<03:04,  4.59it/s]Deconvoluting Remaining Spots:  12%|█▏        | 110/956 [00:25<02:40,  5.29it/s]Deconvoluting Remaining Spots:  12%|█▏        | 111/956 [00:25<02:37,  5.36it/s]Deconvoluting Remaining Spots:  12%|█▏        | 112/956 [00:25<02:43,  5.17it/s]Deconvoluting Remaining Spots:  12%|█▏        | 113/956 [00:26<03:05,  4.53it/s]Deconvoluting Remaining Spots:  12%|█▏        | 114/956 [00:26<03:00,  4.65it/s]Deconvoluting Remaining Spots:  12%|█▏        | 115/956 [00:26<02:38,  5.31it/s]Deconvoluting Remaining Spots:  12%|█▏        | 116/956 [00:26<02:47,  5.02it/s]Deconvoluting Remaining Spots:  12%|█▏        | 117/956 [00:26<02:39,  5.26it/s]Deconvoluting Remaining Spots:  12%|█▏        | 118/956 [00:27<02:53,  4.84it/s]Deconvoluting Remaining Spots:  12%|█▏        | 119/956 [00:27<02:50,  4.90it/s]Deconvoluting Remaining Spots:  13%|█▎        | 120/956 [00:27<02:46,  5.02it/s]Deconvoluting Remaining Spots:  13%|█▎        | 121/956 [00:27<02:52,  4.83it/s]Deconvoluting Remaining Spots:  13%|█▎        | 122/956 [00:27<02:35,  5.35it/s]Deconvoluting Remaining Spots:  13%|█▎        | 123/956 [00:28<02:54,  4.77it/s]Deconvoluting Remaining Spots:  13%|█▎        | 124/956 [00:28<02:55,  4.75it/s]Deconvoluting Remaining Spots:  13%|█▎        | 125/956 [00:28<02:51,  4.83it/s]Deconvoluting Remaining Spots:  13%|█▎        | 126/956 [00:28<02:55,  4.72it/s]Deconvoluting Remaining Spots:  13%|█▎        | 127/956 [00:29<03:11,  4.33it/s]Deconvoluting Remaining Spots:  13%|█▎        | 128/956 [00:29<02:56,  4.69it/s]Deconvoluting Remaining Spots:  13%|█▎        | 129/956 [00:29<02:36,  5.30it/s]Deconvoluting Remaining Spots:  14%|█▎        | 130/956 [00:29<02:44,  5.03it/s]Deconvoluting Remaining Spots:  14%|█▎        | 131/956 [00:29<02:29,  5.51it/s]Deconvoluting Remaining Spots:  14%|█▍        | 132/956 [00:29<02:34,  5.32it/s]Deconvoluting Remaining Spots:  14%|█▍        | 133/956 [00:30<02:40,  5.12it/s]Deconvoluting Remaining Spots:  14%|█▍        | 134/956 [00:30<02:49,  4.84it/s]Deconvoluting Remaining Spots:  14%|█▍        | 135/956 [00:30<02:29,  5.50it/s]Deconvoluting Remaining Spots:  14%|█▍        | 136/956 [00:30<02:32,  5.38it/s]Deconvoluting Remaining Spots:  14%|█▍        | 137/956 [00:30<02:42,  5.05it/s]Deconvoluting Remaining Spots:  14%|█▍        | 138/956 [00:31<02:56,  4.65it/s]Deconvoluting Remaining Spots:  15%|█▍        | 139/956 [00:31<02:45,  4.94it/s]Deconvoluting Remaining Spots:  15%|█▍        | 140/956 [00:31<02:25,  5.61it/s]Deconvoluting Remaining Spots:  15%|█▍        | 141/956 [00:31<02:44,  4.95it/s]Deconvoluting Remaining Spots:  15%|█▍        | 142/956 [00:31<02:28,  5.47it/s]Deconvoluting Remaining Spots:  15%|█▍        | 143/956 [00:31<02:22,  5.71it/s]Deconvoluting Remaining Spots:  15%|█▌        | 144/956 [00:32<02:23,  5.67it/s]Deconvoluting Remaining Spots:  15%|█▌        | 145/956 [00:32<02:23,  5.65it/s]Deconvoluting Remaining Spots:  15%|█▌        | 146/956 [00:32<02:27,  5.50it/s]Deconvoluting Remaining Spots:  15%|█▌        | 147/956 [00:32<02:34,  5.25it/s]Deconvoluting Remaining Spots:  15%|█▌        | 148/956 [00:32<02:25,  5.56it/s]Deconvoluting Remaining Spots:  16%|█▌        | 149/956 [00:33<02:45,  4.89it/s]Deconvoluting Remaining Spots:  16%|█▌        | 151/956 [00:33<02:20,  5.74it/s]Deconvoluting Remaining Spots:  16%|█▌        | 152/956 [00:33<02:34,  5.19it/s]Deconvoluting Remaining Spots:  16%|█▌        | 153/956 [00:33<02:31,  5.30it/s]Deconvoluting Remaining Spots:  16%|█▌        | 154/956 [00:33<02:23,  5.59it/s]Deconvoluting Remaining Spots:  16%|█▌        | 155/956 [00:34<02:22,  5.62it/s]Deconvoluting Remaining Spots:  16%|█▋        | 156/956 [00:34<02:22,  5.61it/s]Deconvoluting Remaining Spots:  16%|█▋        | 157/956 [00:34<02:26,  5.45it/s]Deconvoluting Remaining Spots:  17%|█▋        | 158/956 [00:34<02:28,  5.39it/s]Deconvoluting Remaining Spots:  17%|█▋        | 159/956 [00:34<02:28,  5.37it/s]Deconvoluting Remaining Spots:  17%|█▋        | 160/956 [00:35<02:29,  5.31it/s]Deconvoluting Remaining Spots:  17%|█▋        | 161/956 [00:35<02:51,  4.62it/s]Deconvoluting Remaining Spots:  17%|█▋        | 162/956 [00:35<03:04,  4.31it/s]Deconvoluting Remaining Spots:  17%|█▋        | 163/956 [00:35<02:56,  4.48it/s]Deconvoluting Remaining Spots:  17%|█▋        | 164/956 [00:35<02:32,  5.21it/s]Deconvoluting Remaining Spots:  17%|█▋        | 165/956 [00:36<02:26,  5.40it/s]Deconvoluting Remaining Spots:  17%|█▋        | 166/956 [00:36<02:20,  5.61it/s]Deconvoluting Remaining Spots:  17%|█▋        | 167/956 [00:36<02:28,  5.31it/s]Deconvoluting Remaining Spots:  18%|█▊        | 168/956 [00:36<02:24,  5.43it/s]Deconvoluting Remaining Spots:  18%|█▊        | 169/956 [00:36<02:18,  5.67it/s]Deconvoluting Remaining Spots:  18%|█▊        | 170/956 [00:37<02:24,  5.42it/s]Deconvoluting Remaining Spots:  18%|█▊        | 171/956 [00:37<02:22,  5.53it/s]Deconvoluting Remaining Spots:  18%|█▊        | 172/956 [00:37<02:19,  5.62it/s]Deconvoluting Remaining Spots:  18%|█▊        | 173/956 [00:37<02:19,  5.63it/s]Deconvoluting Remaining Spots:  18%|█▊        | 174/956 [00:37<02:22,  5.50it/s]Deconvoluting Remaining Spots:  18%|█▊        | 175/956 [00:37<02:25,  5.35it/s]Deconvoluting Remaining Spots:  18%|█▊        | 176/956 [00:38<02:33,  5.08it/s]Deconvoluting Remaining Spots:  19%|█▊        | 177/956 [00:38<02:10,  5.95it/s]Deconvoluting Remaining Spots:  19%|█▊        | 178/956 [00:38<02:15,  5.73it/s]Deconvoluting Remaining Spots:  19%|█▊        | 179/956 [00:38<02:11,  5.89it/s]Deconvoluting Remaining Spots:  19%|█▉        | 180/956 [00:38<02:17,  5.66it/s]Deconvoluting Remaining Spots:  19%|█▉        | 181/956 [00:39<02:27,  5.25it/s]Deconvoluting Remaining Spots:  19%|█▉        | 182/956 [00:39<02:55,  4.41it/s]Deconvoluting Remaining Spots:  19%|█▉        | 184/956 [00:39<02:27,  5.25it/s]Deconvoluting Remaining Spots:  19%|█▉        | 186/956 [00:39<02:07,  6.03it/s]Deconvoluting Remaining Spots:  20%|█▉        | 187/956 [00:40<02:10,  5.90it/s]Deconvoluting Remaining Spots:  20%|█▉        | 188/956 [00:40<02:14,  5.73it/s]Deconvoluting Remaining Spots:  20%|█▉        | 189/956 [00:40<02:29,  5.12it/s]Deconvoluting Remaining Spots:  20%|█▉        | 190/956 [00:40<02:21,  5.42it/s]Deconvoluting Remaining Spots:  20%|█▉        | 191/956 [00:40<02:25,  5.26it/s]Deconvoluting Remaining Spots:  20%|██        | 192/956 [00:41<02:27,  5.18it/s]Deconvoluting Remaining Spots:  20%|██        | 193/956 [00:41<02:21,  5.38it/s]Deconvoluting Remaining Spots:  20%|██        | 194/956 [00:41<03:20,  3.80it/s]Deconvoluting Remaining Spots:  21%|██        | 196/956 [00:41<02:13,  5.70it/s]Deconvoluting Remaining Spots:  21%|██        | 197/956 [00:42<02:24,  5.26it/s]Deconvoluting Remaining Spots:  21%|██        | 198/956 [00:42<02:24,  5.25it/s]Deconvoluting Remaining Spots:  21%|██        | 199/956 [00:42<02:21,  5.34it/s]Deconvoluting Remaining Spots:  21%|██        | 200/956 [00:42<02:04,  6.07it/s]2026-02-17 21:37:19,809 - root - INFO - Saved checkpoint after 200 completed spots
Deconvoluting Remaining Spots:  21%|██        | 201/956 [00:43<05:18,  2.37it/s]Deconvoluting Remaining Spots:  22%|██▏       | 206/956 [00:43<01:58,  6.32it/s]Deconvoluting Remaining Spots:  22%|██▏       | 208/956 [00:44<02:21,  5.29it/s]Deconvoluting Remaining Spots:  22%|██▏       | 210/956 [00:44<02:21,  5.28it/s]Deconvoluting Remaining Spots:  22%|██▏       | 211/956 [00:44<02:21,  5.27it/s]Deconvoluting Remaining Spots:  22%|██▏       | 212/956 [00:45<02:23,  5.18it/s]Deconvoluting Remaining Spots:  22%|██▏       | 213/956 [00:45<02:40,  4.64it/s]Deconvoluting Remaining Spots:  22%|██▏       | 214/956 [00:45<02:22,  5.21it/s]Deconvoluting Remaining Spots:  23%|██▎       | 216/956 [00:45<02:03,  5.98it/s]Deconvoluting Remaining Spots:  23%|██▎       | 217/956 [00:45<02:03,  5.96it/s]Deconvoluting Remaining Spots:  23%|██▎       | 218/956 [00:46<02:31,  4.88it/s]Deconvoluting Remaining Spots:  23%|██▎       | 219/956 [00:46<02:33,  4.80it/s]Deconvoluting Remaining Spots:  23%|██▎       | 220/956 [00:46<02:12,  5.57it/s]Deconvoluting Remaining Spots:  23%|██▎       | 221/956 [00:46<02:34,  4.75it/s]Deconvoluting Remaining Spots:  23%|██▎       | 222/956 [00:47<02:48,  4.36it/s]Deconvoluting Remaining Spots:  23%|██▎       | 223/956 [00:47<03:03,  3.99it/s]Deconvoluting Remaining Spots:  23%|██▎       | 224/956 [00:47<03:06,  3.92it/s]Deconvoluting Remaining Spots:  24%|██▎       | 225/956 [00:47<02:48,  4.33it/s]Deconvoluting Remaining Spots:  24%|██▎       | 227/956 [00:48<02:08,  5.68it/s]Deconvoluting Remaining Spots:  24%|██▍       | 229/956 [00:48<01:37,  7.48it/s]Deconvoluting Remaining Spots:  24%|██▍       | 230/956 [00:48<01:44,  6.95it/s]Deconvoluting Remaining Spots:  24%|██▍       | 231/956 [00:48<01:40,  7.22it/s]Deconvoluting Remaining Spots:  24%|██▍       | 232/956 [00:48<01:45,  6.89it/s]Deconvoluting Remaining Spots:  24%|██▍       | 233/956 [00:48<01:56,  6.22it/s]Deconvoluting Remaining Spots:  24%|██▍       | 234/956 [00:49<02:19,  5.16it/s]Deconvoluting Remaining Spots:  25%|██▍       | 236/956 [00:49<02:17,  5.25it/s]Deconvoluting Remaining Spots:  25%|██▍       | 237/956 [00:49<02:09,  5.57it/s]Deconvoluting Remaining Spots:  25%|██▍       | 238/956 [00:50<02:34,  4.66it/s]Deconvoluting Remaining Spots:  25%|██▌       | 240/956 [00:50<02:15,  5.30it/s]Deconvoluting Remaining Spots:  25%|██▌       | 241/956 [00:50<02:27,  4.86it/s]Deconvoluting Remaining Spots:  25%|██▌       | 242/956 [00:50<02:24,  4.95it/s]Deconvoluting Remaining Spots:  25%|██▌       | 243/956 [00:51<02:33,  4.65it/s]Deconvoluting Remaining Spots:  26%|██▌       | 244/956 [00:51<02:34,  4.60it/s]Deconvoluting Remaining Spots:  26%|██▌       | 245/956 [00:51<02:12,  5.39it/s]Deconvoluting Remaining Spots:  26%|██▌       | 247/956 [00:51<01:52,  6.28it/s]Deconvoluting Remaining Spots:  26%|██▌       | 248/956 [00:51<02:06,  5.58it/s]Deconvoluting Remaining Spots:  26%|██▌       | 249/956 [00:52<02:01,  5.83it/s]Deconvoluting Remaining Spots:  26%|██▌       | 250/956 [00:52<02:13,  5.28it/s]Deconvoluting Remaining Spots:  26%|██▋       | 251/956 [00:52<02:15,  5.19it/s]Deconvoluting Remaining Spots:  26%|██▋       | 252/956 [00:52<02:36,  4.51it/s]Deconvoluting Remaining Spots:  27%|██▋       | 254/956 [00:53<02:12,  5.31it/s]Deconvoluting Remaining Spots:  27%|██▋       | 256/956 [00:53<01:59,  5.84it/s]Deconvoluting Remaining Spots:  27%|██▋       | 257/956 [00:53<02:05,  5.56it/s]Deconvoluting Remaining Spots:  27%|██▋       | 258/956 [00:53<02:31,  4.59it/s]Deconvoluting Remaining Spots:  27%|██▋       | 260/956 [00:54<02:02,  5.68it/s]Deconvoluting Remaining Spots:  27%|██▋       | 261/956 [00:54<01:59,  5.80it/s]Deconvoluting Remaining Spots:  27%|██▋       | 262/956 [00:54<02:01,  5.73it/s]Deconvoluting Remaining Spots:  28%|██▊       | 263/956 [00:54<02:06,  5.48it/s]Deconvoluting Remaining Spots:  28%|██▊       | 264/956 [00:54<02:13,  5.17it/s]Deconvoluting Remaining Spots:  28%|██▊       | 265/956 [00:55<02:08,  5.39it/s]Deconvoluting Remaining Spots:  28%|██▊       | 266/956 [00:55<02:08,  5.38it/s]Deconvoluting Remaining Spots:  28%|██▊       | 267/956 [00:55<02:03,  5.60it/s]Deconvoluting Remaining Spots:  28%|██▊       | 268/956 [00:55<02:08,  5.34it/s]Deconvoluting Remaining Spots:  28%|██▊       | 269/956 [00:55<02:05,  5.48it/s]Deconvoluting Remaining Spots:  28%|██▊       | 270/956 [00:56<02:11,  5.21it/s]Deconvoluting Remaining Spots:  28%|██▊       | 271/956 [00:56<02:00,  5.66it/s]Deconvoluting Remaining Spots:  28%|██▊       | 272/956 [00:56<02:08,  5.31it/s]Deconvoluting Remaining Spots:  29%|██▊       | 273/956 [00:56<02:08,  5.32it/s]Deconvoluting Remaining Spots:  29%|██▊       | 274/956 [00:56<02:07,  5.34it/s]Deconvoluting Remaining Spots:  29%|██▉       | 275/956 [00:56<02:19,  4.88it/s]Deconvoluting Remaining Spots:  29%|██▉       | 276/956 [00:57<02:24,  4.70it/s]Deconvoluting Remaining Spots:  29%|██▉       | 278/956 [00:57<02:08,  5.29it/s]Deconvoluting Remaining Spots:  29%|██▉       | 279/956 [00:57<01:54,  5.92it/s]Deconvoluting Remaining Spots:  29%|██▉       | 280/956 [00:57<02:14,  5.02it/s]Deconvoluting Remaining Spots:  29%|██▉       | 281/956 [00:58<02:00,  5.60it/s]Deconvoluting Remaining Spots:  29%|██▉       | 282/956 [00:58<02:08,  5.25it/s]Deconvoluting Remaining Spots:  30%|██▉       | 283/956 [00:58<02:05,  5.35it/s]Deconvoluting Remaining Spots:  30%|██▉       | 284/956 [00:58<02:12,  5.06it/s]Deconvoluting Remaining Spots:  30%|██▉       | 286/956 [00:58<01:53,  5.91it/s]Deconvoluting Remaining Spots:  30%|███       | 287/956 [00:59<01:56,  5.73it/s]Deconvoluting Remaining Spots:  30%|███       | 288/956 [00:59<02:08,  5.21it/s]Deconvoluting Remaining Spots:  30%|███       | 290/956 [00:59<01:57,  5.69it/s]Deconvoluting Remaining Spots:  30%|███       | 291/956 [00:59<02:10,  5.08it/s]Deconvoluting Remaining Spots:  31%|███       | 293/956 [01:00<01:58,  5.62it/s]Deconvoluting Remaining Spots:  31%|███       | 294/956 [01:00<02:12,  4.99it/s]Deconvoluting Remaining Spots:  31%|███       | 296/956 [01:00<02:04,  5.32it/s]Deconvoluting Remaining Spots:  31%|███       | 298/956 [01:01<01:51,  5.90it/s]Deconvoluting Remaining Spots:  31%|███▏      | 299/956 [01:01<01:49,  6.02it/s]Deconvoluting Remaining Spots:  31%|███▏      | 300/956 [01:01<01:58,  5.51it/s]2026-02-17 21:37:39,403 - root - INFO - Saved checkpoint after 300 completed spots
Deconvoluting Remaining Spots:  31%|███▏      | 301/956 [01:03<06:04,  1.80it/s]Deconvoluting Remaining Spots:  32%|███▏      | 310/956 [01:03<01:35,  6.77it/s]Deconvoluting Remaining Spots:  33%|███▎      | 313/956 [01:04<01:44,  6.15it/s]Deconvoluting Remaining Spots:  33%|███▎      | 315/956 [01:04<01:50,  5.81it/s]Deconvoluting Remaining Spots:  33%|███▎      | 317/956 [01:04<01:41,  6.28it/s]Deconvoluting Remaining Spots:  33%|███▎      | 319/956 [01:05<01:50,  5.78it/s]Deconvoluting Remaining Spots:  33%|███▎      | 320/956 [01:05<01:51,  5.70it/s]Deconvoluting Remaining Spots:  34%|███▎      | 321/956 [01:05<01:49,  5.80it/s]Deconvoluting Remaining Spots:  34%|███▎      | 322/956 [01:05<01:50,  5.74it/s]Deconvoluting Remaining Spots:  34%|███▍      | 323/956 [01:05<01:57,  5.38it/s]Deconvoluting Remaining Spots:  34%|███▍      | 324/956 [01:06<01:59,  5.29it/s]Deconvoluting Remaining Spots:  34%|███▍      | 325/956 [01:06<02:20,  4.49it/s]Deconvoluting Remaining Spots:  34%|███▍      | 327/956 [01:06<01:49,  5.73it/s]Deconvoluting Remaining Spots:  34%|███▍      | 328/956 [01:06<01:49,  5.74it/s]Deconvoluting Remaining Spots:  34%|███▍      | 329/956 [01:06<01:40,  6.24it/s]Deconvoluting Remaining Spots:  35%|███▍      | 330/956 [01:07<01:57,  5.32it/s]Deconvoluting Remaining Spots:  35%|███▍      | 331/956 [01:07<01:43,  6.03it/s]Deconvoluting Remaining Spots:  35%|███▍      | 332/956 [01:07<01:47,  5.78it/s]Deconvoluting Remaining Spots:  35%|███▍      | 333/956 [01:07<01:50,  5.63it/s]Deconvoluting Remaining Spots:  35%|███▍      | 334/956 [01:07<01:54,  5.42it/s]Deconvoluting Remaining Spots:  35%|███▌      | 335/956 [01:08<02:08,  4.84it/s]Deconvoluting Remaining Spots:  35%|███▌      | 336/956 [01:08<01:49,  5.64it/s]Deconvoluting Remaining Spots:  35%|███▌      | 337/956 [01:08<01:48,  5.73it/s]Deconvoluting Remaining Spots:  35%|███▌      | 338/956 [01:08<02:05,  4.92it/s]Deconvoluting Remaining Spots:  35%|███▌      | 339/956 [01:08<01:55,  5.33it/s]Deconvoluting Remaining Spots:  36%|███▌      | 340/956 [01:08<01:57,  5.26it/s]Deconvoluting Remaining Spots:  36%|███▌      | 341/956 [01:09<01:59,  5.13it/s]Deconvoluting Remaining Spots:  36%|███▌      | 342/956 [01:09<02:23,  4.27it/s]Deconvoluting Remaining Spots:  36%|███▌      | 343/956 [01:09<02:19,  4.40it/s]Deconvoluting Remaining Spots:  36%|███▌      | 345/956 [01:09<01:35,  6.40it/s]Deconvoluting Remaining Spots:  36%|███▌      | 346/956 [01:10<01:45,  5.76it/s]Deconvoluting Remaining Spots:  36%|███▋      | 347/956 [01:10<01:38,  6.16it/s]Deconvoluting Remaining Spots:  36%|███▋      | 348/956 [01:10<01:43,  5.86it/s]Deconvoluting Remaining Spots:  37%|███▋      | 349/956 [01:10<01:38,  6.13it/s]Deconvoluting Remaining Spots:  37%|███▋      | 350/956 [01:10<02:11,  4.63it/s]Deconvoluting Remaining Spots:  37%|███▋      | 352/956 [01:11<01:42,  5.90it/s]Deconvoluting Remaining Spots:  37%|███▋      | 353/956 [01:11<01:47,  5.59it/s]Deconvoluting Remaining Spots:  37%|███▋      | 354/956 [01:11<01:47,  5.59it/s]Deconvoluting Remaining Spots:  37%|███▋      | 355/956 [01:11<01:47,  5.58it/s]Deconvoluting Remaining Spots:  37%|███▋      | 356/956 [01:12<02:13,  4.48it/s]Deconvoluting Remaining Spots:  37%|███▋      | 358/956 [01:12<01:39,  6.00it/s]Deconvoluting Remaining Spots:  38%|███▊      | 359/956 [01:12<01:40,  5.97it/s]Deconvoluting Remaining Spots:  38%|███▊      | 360/956 [01:12<01:49,  5.46it/s]Deconvoluting Remaining Spots:  38%|███▊      | 361/956 [01:12<01:52,  5.27it/s]Deconvoluting Remaining Spots:  38%|███▊      | 362/956 [01:13<01:47,  5.50it/s]Deconvoluting Remaining Spots:  38%|███▊      | 363/956 [01:13<02:10,  4.54it/s]Deconvoluting Remaining Spots:  38%|███▊      | 365/956 [01:13<01:41,  5.80it/s]Deconvoluting Remaining Spots:  38%|███▊      | 366/956 [01:13<01:43,  5.69it/s]Deconvoluting Remaining Spots:  38%|███▊      | 367/956 [01:13<01:40,  5.85it/s]Deconvoluting Remaining Spots:  38%|███▊      | 368/956 [01:14<01:42,  5.74it/s]Deconvoluting Remaining Spots:  39%|███▊      | 369/956 [01:14<01:47,  5.46it/s]Deconvoluting Remaining Spots:  39%|███▊      | 370/956 [01:14<01:48,  5.40it/s]Deconvoluting Remaining Spots:  39%|███▉      | 371/956 [01:14<01:56,  5.01it/s]Deconvoluting Remaining Spots:  39%|███▉      | 372/956 [01:14<02:08,  4.53it/s]Deconvoluting Remaining Spots:  39%|███▉      | 373/956 [01:15<01:57,  4.97it/s]Deconvoluting Remaining Spots:  39%|███▉      | 374/956 [01:15<01:42,  5.69it/s]Deconvoluting Remaining Spots:  39%|███▉      | 375/956 [01:15<01:44,  5.55it/s]Deconvoluting Remaining Spots:  39%|███▉      | 376/956 [01:15<01:40,  5.79it/s]Deconvoluting Remaining Spots:  39%|███▉      | 377/956 [01:15<01:41,  5.70it/s]Deconvoluting Remaining Spots:  40%|███▉      | 378/956 [01:15<01:39,  5.79it/s]Deconvoluting Remaining Spots:  40%|███▉      | 379/956 [01:16<01:57,  4.93it/s]Deconvoluting Remaining Spots:  40%|███▉      | 380/956 [01:16<01:39,  5.77it/s]Deconvoluting Remaining Spots:  40%|███▉      | 381/956 [01:16<01:36,  5.93it/s]Deconvoluting Remaining Spots:  40%|███▉      | 382/956 [01:16<01:38,  5.84it/s]Deconvoluting Remaining Spots:  40%|████      | 383/956 [01:16<01:39,  5.77it/s]Deconvoluting Remaining Spots:  40%|████      | 384/956 [01:17<01:37,  5.85it/s]Deconvoluting Remaining Spots:  40%|████      | 385/956 [01:17<01:38,  5.78it/s]Deconvoluting Remaining Spots:  40%|████      | 386/956 [01:17<01:41,  5.63it/s]Deconvoluting Remaining Spots:  40%|████      | 387/956 [01:17<02:14,  4.23it/s]Deconvoluting Remaining Spots:  41%|████      | 388/956 [01:17<01:56,  4.87it/s]Deconvoluting Remaining Spots:  41%|████      | 389/956 [01:18<01:44,  5.43it/s]Deconvoluting Remaining Spots:  41%|████      | 390/956 [01:18<01:40,  5.64it/s]Deconvoluting Remaining Spots:  41%|████      | 391/956 [01:18<01:38,  5.76it/s]Deconvoluting Remaining Spots:  41%|████      | 392/956 [01:18<01:44,  5.42it/s]Deconvoluting Remaining Spots:  41%|████      | 393/956 [01:18<01:41,  5.53it/s]Deconvoluting Remaining Spots:  41%|████      | 394/956 [01:18<01:46,  5.26it/s]Deconvoluting Remaining Spots:  41%|████▏     | 395/956 [01:19<01:37,  5.76it/s]Deconvoluting Remaining Spots:  41%|████▏     | 396/956 [01:19<01:43,  5.42it/s]Deconvoluting Remaining Spots:  42%|████▏     | 397/956 [01:19<01:43,  5.41it/s]Deconvoluting Remaining Spots:  42%|████▏     | 398/956 [01:19<01:37,  5.71it/s]Deconvoluting Remaining Spots:  42%|████▏     | 399/956 [01:19<01:31,  6.10it/s]Deconvoluting Remaining Spots:  42%|████▏     | 400/956 [01:19<01:40,  5.52it/s]2026-02-17 21:37:58,324 - root - INFO - Saved checkpoint after 400 completed spots
Deconvoluting Remaining Spots:  42%|████▏     | 401/956 [01:22<07:16,  1.27it/s]Deconvoluting Remaining Spots:  43%|████▎     | 413/956 [01:22<01:19,  6.84it/s]Deconvoluting Remaining Spots:  43%|████▎     | 415/956 [01:22<01:25,  6.35it/s]Deconvoluting Remaining Spots:  44%|████▎     | 417/956 [01:23<01:29,  6.06it/s]Deconvoluting Remaining Spots:  44%|████▍     | 419/956 [01:23<01:31,  5.89it/s]Deconvoluting Remaining Spots:  44%|████▍     | 420/956 [01:23<01:30,  5.91it/s]Deconvoluting Remaining Spots:  44%|████▍     | 421/956 [01:23<01:32,  5.81it/s]Deconvoluting Remaining Spots:  44%|████▍     | 422/956 [01:24<01:31,  5.85it/s]Deconvoluting Remaining Spots:  44%|████▍     | 423/956 [01:24<01:27,  6.07it/s]Deconvoluting Remaining Spots:  44%|████▍     | 424/956 [01:24<01:45,  5.03it/s]Deconvoluting Remaining Spots:  44%|████▍     | 425/956 [01:24<01:42,  5.20it/s]Deconvoluting Remaining Spots:  45%|████▍     | 426/956 [01:24<01:32,  5.71it/s]Deconvoluting Remaining Spots:  45%|████▍     | 427/956 [01:25<01:27,  6.03it/s]Deconvoluting Remaining Spots:  45%|████▍     | 428/956 [01:25<01:41,  5.19it/s]Deconvoluting Remaining Spots:  45%|████▍     | 429/956 [01:25<01:30,  5.86it/s]Deconvoluting Remaining Spots:  45%|████▍     | 430/956 [01:25<01:32,  5.70it/s]Deconvoluting Remaining Spots:  45%|████▌     | 431/956 [01:25<01:27,  6.01it/s]Deconvoluting Remaining Spots:  45%|████▌     | 432/956 [01:26<01:44,  5.02it/s]Deconvoluting Remaining Spots:  45%|████▌     | 433/956 [01:26<01:41,  5.15it/s]Deconvoluting Remaining Spots:  45%|████▌     | 434/956 [01:26<01:32,  5.64it/s]Deconvoluting Remaining Spots:  46%|████▌     | 435/956 [01:26<01:43,  5.03it/s]Deconvoluting Remaining Spots:  46%|████▌     | 436/956 [01:26<01:37,  5.32it/s]Deconvoluting Remaining Spots:  46%|████▌     | 437/956 [01:26<01:28,  5.84it/s]Deconvoluting Remaining Spots:  46%|████▌     | 438/956 [01:27<01:22,  6.28it/s]Deconvoluting Remaining Spots:  46%|████▌     | 439/956 [01:27<01:29,  5.80it/s]Deconvoluting Remaining Spots:  46%|████▌     | 440/956 [01:27<01:29,  5.77it/s]Deconvoluting Remaining Spots:  46%|████▌     | 441/956 [01:27<01:38,  5.25it/s]Deconvoluting Remaining Spots:  46%|████▌     | 442/956 [01:27<01:27,  5.91it/s]Deconvoluting Remaining Spots:  46%|████▋     | 443/956 [01:27<01:24,  6.09it/s]Deconvoluting Remaining Spots:  46%|████▋     | 444/956 [01:28<01:38,  5.19it/s]Deconvoluting Remaining Spots:  47%|████▋     | 445/956 [01:28<01:30,  5.67it/s]Deconvoluting Remaining Spots:  47%|████▋     | 446/956 [01:28<01:26,  5.86it/s]Deconvoluting Remaining Spots:  47%|████▋     | 447/956 [01:28<01:31,  5.55it/s]Deconvoluting Remaining Spots:  47%|████▋     | 448/956 [01:28<01:30,  5.61it/s]Deconvoluting Remaining Spots:  47%|████▋     | 449/956 [01:29<01:37,  5.22it/s]Deconvoluting Remaining Spots:  47%|████▋     | 450/956 [01:29<01:27,  5.78it/s]Deconvoluting Remaining Spots:  47%|████▋     | 451/956 [01:29<01:30,  5.59it/s]Deconvoluting Remaining Spots:  47%|████▋     | 452/956 [01:29<01:42,  4.91it/s]Deconvoluting Remaining Spots:  47%|████▋     | 453/956 [01:29<01:33,  5.39it/s]Deconvoluting Remaining Spots:  47%|████▋     | 454/956 [01:30<01:40,  4.99it/s]Deconvoluting Remaining Spots:  48%|████▊     | 455/956 [01:30<01:58,  4.24it/s]Deconvoluting Remaining Spots:  48%|████▊     | 457/956 [01:30<01:26,  5.76it/s]Deconvoluting Remaining Spots:  48%|████▊     | 458/956 [01:30<01:25,  5.83it/s]Deconvoluting Remaining Spots:  48%|████▊     | 459/956 [01:30<01:22,  6.06it/s]Deconvoluting Remaining Spots:  48%|████▊     | 460/956 [01:31<01:26,  5.72it/s]Deconvoluting Remaining Spots:  48%|████▊     | 461/956 [01:31<01:29,  5.52it/s]Deconvoluting Remaining Spots:  48%|████▊     | 462/956 [01:31<01:32,  5.34it/s]Deconvoluting Remaining Spots:  48%|████▊     | 463/956 [01:31<01:29,  5.48it/s]Deconvoluting Remaining Spots:  49%|████▊     | 464/956 [01:31<01:46,  4.63it/s]Deconvoluting Remaining Spots:  49%|████▊     | 465/956 [01:32<01:44,  4.70it/s]Deconvoluting Remaining Spots:  49%|████▊     | 466/956 [01:32<01:37,  5.00it/s]Deconvoluting Remaining Spots:  49%|████▉     | 467/956 [01:32<01:39,  4.94it/s]Deconvoluting Remaining Spots:  49%|████▉     | 468/956 [01:32<01:34,  5.17it/s]Deconvoluting Remaining Spots:  49%|████▉     | 469/956 [01:32<01:50,  4.41it/s]Deconvoluting Remaining Spots:  49%|████▉     | 471/956 [01:33<01:25,  5.69it/s]Deconvoluting Remaining Spots:  49%|████▉     | 472/956 [01:33<01:31,  5.28it/s]Deconvoluting Remaining Spots:  49%|████▉     | 473/956 [01:33<01:22,  5.82it/s]Deconvoluting Remaining Spots:  50%|████▉     | 474/956 [01:33<01:31,  5.29it/s]Deconvoluting Remaining Spots:  50%|████▉     | 475/956 [01:34<01:32,  5.18it/s]Deconvoluting Remaining Spots:  50%|████▉     | 476/956 [01:34<01:22,  5.84it/s]Deconvoluting Remaining Spots:  50%|████▉     | 477/956 [01:34<01:22,  5.80it/s]Deconvoluting Remaining Spots:  50%|█████     | 478/956 [01:34<01:24,  5.69it/s]Deconvoluting Remaining Spots:  50%|█████     | 479/956 [01:34<01:26,  5.53it/s]Deconvoluting Remaining Spots:  50%|█████     | 480/956 [01:34<01:22,  5.75it/s]Deconvoluting Remaining Spots:  50%|█████     | 481/956 [01:35<01:25,  5.53it/s]Deconvoluting Remaining Spots:  50%|█████     | 482/956 [01:35<01:32,  5.10it/s]Deconvoluting Remaining Spots:  51%|█████     | 483/956 [01:35<01:29,  5.26it/s]Deconvoluting Remaining Spots:  51%|█████     | 484/956 [01:35<01:21,  5.82it/s]Deconvoluting Remaining Spots:  51%|█████     | 485/956 [01:35<01:19,  5.95it/s]Deconvoluting Remaining Spots:  51%|█████     | 486/956 [01:35<01:21,  5.75it/s]Deconvoluting Remaining Spots:  51%|█████     | 487/956 [01:36<01:36,  4.88it/s]Deconvoluting Remaining Spots:  51%|█████     | 488/956 [01:36<01:35,  4.89it/s]Deconvoluting Remaining Spots:  51%|█████▏    | 490/956 [01:36<01:16,  6.08it/s]Deconvoluting Remaining Spots:  51%|█████▏    | 491/956 [01:37<01:45,  4.41it/s]Deconvoluting Remaining Spots:  52%|█████▏    | 493/956 [01:37<01:28,  5.23it/s]Deconvoluting Remaining Spots:  52%|█████▏    | 494/956 [01:37<01:28,  5.20it/s]Deconvoluting Remaining Spots:  52%|█████▏    | 495/956 [01:37<01:24,  5.48it/s]Deconvoluting Remaining Spots:  52%|█████▏    | 496/956 [01:37<01:26,  5.30it/s]Deconvoluting Remaining Spots:  52%|█████▏    | 497/956 [01:38<01:29,  5.10it/s]Deconvoluting Remaining Spots:  52%|█████▏    | 498/956 [01:38<01:28,  5.19it/s]Deconvoluting Remaining Spots:  52%|█████▏    | 499/956 [01:38<01:28,  5.19it/s]Deconvoluting Remaining Spots:  52%|█████▏    | 500/956 [01:38<01:19,  5.73it/s]2026-02-17 21:38:17,487 - root - INFO - Saved checkpoint after 500 completed spots
Deconvoluting Remaining Spots:  52%|█████▏    | 501/956 [01:41<06:59,  1.08it/s]Deconvoluting Remaining Spots:  54%|█████▍    | 515/956 [01:41<01:02,  7.05it/s]Deconvoluting Remaining Spots:  54%|█████▍    | 519/956 [01:42<01:06,  6.57it/s]Deconvoluting Remaining Spots:  55%|█████▍    | 522/956 [01:42<01:10,  6.19it/s]Deconvoluting Remaining Spots:  55%|█████▍    | 525/956 [01:43<01:10,  6.11it/s]Deconvoluting Remaining Spots:  55%|█████▌    | 527/956 [01:43<01:15,  5.68it/s]Deconvoluting Remaining Spots:  55%|█████▌    | 529/956 [01:44<01:16,  5.58it/s]Deconvoluting Remaining Spots:  56%|█████▌    | 531/956 [01:44<01:13,  5.82it/s]Deconvoluting Remaining Spots:  56%|█████▌    | 532/956 [01:44<01:15,  5.60it/s]Deconvoluting Remaining Spots:  56%|█████▌    | 533/956 [01:44<01:16,  5.56it/s]Deconvoluting Remaining Spots:  56%|█████▌    | 534/956 [01:44<01:14,  5.64it/s]Deconvoluting Remaining Spots:  56%|█████▌    | 535/956 [01:45<01:20,  5.23it/s]Deconvoluting Remaining Spots:  56%|█████▌    | 536/956 [01:45<01:16,  5.50it/s]Deconvoluting Remaining Spots:  56%|█████▌    | 537/956 [01:45<01:21,  5.13it/s]Deconvoluting Remaining Spots:  56%|█████▋    | 538/956 [01:45<01:11,  5.84it/s]Deconvoluting Remaining Spots:  56%|█████▋    | 539/956 [01:45<01:10,  5.91it/s]Deconvoluting Remaining Spots:  56%|█████▋    | 540/956 [01:46<01:17,  5.37it/s]Deconvoluting Remaining Spots:  57%|█████▋    | 541/956 [01:46<01:21,  5.09it/s]Deconvoluting Remaining Spots:  57%|█████▋    | 542/956 [01:46<01:17,  5.33it/s]Deconvoluting Remaining Spots:  57%|█████▋    | 543/956 [01:46<01:17,  5.35it/s]Deconvoluting Remaining Spots:  57%|█████▋    | 544/956 [01:46<01:25,  4.81it/s]Deconvoluting Remaining Spots:  57%|█████▋    | 545/956 [01:47<01:32,  4.45it/s]Deconvoluting Remaining Spots:  57%|█████▋    | 546/956 [01:47<01:17,  5.32it/s]Deconvoluting Remaining Spots:  57%|█████▋    | 547/956 [01:47<01:14,  5.49it/s]Deconvoluting Remaining Spots:  57%|█████▋    | 548/956 [01:47<01:13,  5.52it/s]Deconvoluting Remaining Spots:  57%|█████▋    | 549/956 [01:47<01:08,  5.95it/s]Deconvoluting Remaining Spots:  58%|█████▊    | 550/956 [01:48<01:20,  5.06it/s]Deconvoluting Remaining Spots:  58%|█████▊    | 551/956 [01:48<01:18,  5.15it/s]Deconvoluting Remaining Spots:  58%|█████▊    | 552/956 [01:48<01:29,  4.52it/s]Deconvoluting Remaining Spots:  58%|█████▊    | 553/956 [01:48<01:19,  5.10it/s]Deconvoluting Remaining Spots:  58%|█████▊    | 554/956 [01:48<01:17,  5.22it/s]Deconvoluting Remaining Spots:  58%|█████▊    | 556/956 [01:49<00:58,  6.87it/s]Deconvoluting Remaining Spots:  58%|█████▊    | 557/956 [01:49<01:06,  5.96it/s]Deconvoluting Remaining Spots:  58%|█████▊    | 558/956 [01:49<01:05,  6.04it/s]Deconvoluting Remaining Spots:  58%|█████▊    | 559/956 [01:49<01:42,  3.86it/s]Deconvoluting Remaining Spots:  59%|█████▉    | 562/956 [01:50<01:03,  6.24it/s]Deconvoluting Remaining Spots:  59%|█████▉    | 563/956 [01:50<01:03,  6.17it/s]Deconvoluting Remaining Spots:  59%|█████▉    | 564/956 [01:50<01:07,  5.84it/s]Deconvoluting Remaining Spots:  59%|█████▉    | 565/956 [01:50<01:10,  5.58it/s]Deconvoluting Remaining Spots:  59%|█████▉    | 566/956 [01:50<01:13,  5.30it/s]Deconvoluting Remaining Spots:  59%|█████▉    | 567/956 [01:51<01:08,  5.64it/s]Deconvoluting Remaining Spots:  59%|█████▉    | 568/956 [01:51<01:24,  4.57it/s]Deconvoluting Remaining Spots:  60%|█████▉    | 570/956 [01:51<01:11,  5.40it/s]Deconvoluting Remaining Spots:  60%|█████▉    | 571/956 [01:51<01:07,  5.74it/s]Deconvoluting Remaining Spots:  60%|█████▉    | 572/956 [01:52<01:10,  5.41it/s]Deconvoluting Remaining Spots:  60%|█████▉    | 573/956 [01:52<01:08,  5.59it/s]Deconvoluting Remaining Spots:  60%|██████    | 574/956 [01:52<01:10,  5.45it/s]Deconvoluting Remaining Spots:  60%|██████    | 575/956 [01:52<01:13,  5.20it/s]Deconvoluting Remaining Spots:  60%|██████    | 576/956 [01:52<01:09,  5.43it/s]Deconvoluting Remaining Spots:  60%|██████    | 577/956 [01:53<01:14,  5.09it/s]Deconvoluting Remaining Spots:  60%|██████    | 578/956 [01:53<01:08,  5.52it/s]Deconvoluting Remaining Spots:  61%|██████    | 579/956 [01:53<01:08,  5.54it/s]Deconvoluting Remaining Spots:  61%|██████    | 580/956 [01:53<01:07,  5.57it/s]Deconvoluting Remaining Spots:  61%|██████    | 581/956 [01:53<01:08,  5.44it/s]Deconvoluting Remaining Spots:  61%|██████    | 582/956 [01:54<01:19,  4.73it/s]Deconvoluting Remaining Spots:  61%|██████    | 583/956 [01:54<01:10,  5.26it/s]Deconvoluting Remaining Spots:  61%|██████    | 584/956 [01:54<01:07,  5.52it/s]Deconvoluting Remaining Spots:  61%|██████    | 585/956 [01:54<01:12,  5.10it/s]Deconvoluting Remaining Spots:  61%|██████▏   | 586/956 [01:54<01:05,  5.61it/s]Deconvoluting Remaining Spots:  61%|██████▏   | 587/956 [01:54<01:05,  5.60it/s]Deconvoluting Remaining Spots:  62%|██████▏   | 588/956 [01:55<01:08,  5.37it/s]Deconvoluting Remaining Spots:  62%|██████▏   | 589/956 [01:55<01:03,  5.75it/s]Deconvoluting Remaining Spots:  62%|██████▏   | 590/956 [01:55<01:07,  5.44it/s]Deconvoluting Remaining Spots:  62%|██████▏   | 591/956 [01:55<01:13,  4.97it/s]Deconvoluting Remaining Spots:  62%|██████▏   | 592/956 [01:55<01:10,  5.16it/s]Deconvoluting Remaining Spots:  62%|██████▏   | 593/956 [01:55<01:00,  5.96it/s]Deconvoluting Remaining Spots:  62%|██████▏   | 594/956 [01:56<01:05,  5.54it/s]Deconvoluting Remaining Spots:  62%|██████▏   | 595/956 [01:56<01:12,  5.01it/s]Deconvoluting Remaining Spots:  62%|██████▏   | 597/956 [01:56<01:04,  5.56it/s]Deconvoluting Remaining Spots:  63%|██████▎   | 598/956 [01:56<01:00,  5.95it/s]Deconvoluting Remaining Spots:  63%|██████▎   | 599/956 [01:57<01:01,  5.80it/s]Deconvoluting Remaining Spots:  63%|██████▎   | 600/956 [01:57<01:08,  5.17it/s]2026-02-17 21:38:36,751 - root - INFO - Saved checkpoint after 600 completed spots
Deconvoluting Remaining Spots:  63%|██████▎   | 601/956 [02:00<06:20,  1.07s/it]Deconvoluting Remaining Spots:  65%|██████▍   | 619/956 [02:00<00:46,  7.19it/s]Deconvoluting Remaining Spots:  65%|██████▌   | 623/956 [02:01<00:49,  6.68it/s]Deconvoluting Remaining Spots:  65%|██████▌   | 626/956 [02:02<00:52,  6.33it/s]Deconvoluting Remaining Spots:  66%|██████▌   | 628/956 [02:02<00:54,  6.05it/s]Deconvoluting Remaining Spots:  66%|██████▌   | 630/956 [02:02<00:55,  5.85it/s]Deconvoluting Remaining Spots:  66%|██████▌   | 632/956 [02:03<00:59,  5.48it/s]Deconvoluting Remaining Spots:  66%|██████▌   | 633/956 [02:03<01:03,  5.08it/s]Deconvoluting Remaining Spots:  66%|██████▋   | 635/956 [02:04<01:01,  5.19it/s]Deconvoluting Remaining Spots:  67%|██████▋   | 636/956 [02:04<00:58,  5.50it/s]Deconvoluting Remaining Spots:  67%|██████▋   | 637/956 [02:04<00:57,  5.57it/s]Deconvoluting Remaining Spots:  67%|██████▋   | 639/956 [02:04<00:56,  5.64it/s]Deconvoluting Remaining Spots:  67%|██████▋   | 641/956 [02:04<00:48,  6.49it/s]Deconvoluting Remaining Spots:  67%|██████▋   | 642/956 [02:05<00:51,  6.11it/s]Deconvoluting Remaining Spots:  67%|██████▋   | 643/956 [02:05<00:53,  5.90it/s]Deconvoluting Remaining Spots:  67%|██████▋   | 644/956 [02:05<00:53,  5.86it/s]Deconvoluting Remaining Spots:  67%|██████▋   | 645/956 [02:05<00:56,  5.54it/s]Deconvoluting Remaining Spots:  68%|██████▊   | 646/956 [02:05<00:54,  5.70it/s]Deconvoluting Remaining Spots:  68%|██████▊   | 647/956 [02:06<00:54,  5.63it/s]Deconvoluting Remaining Spots:  68%|██████▊   | 648/956 [02:06<00:55,  5.54it/s]Deconvoluting Remaining Spots:  68%|██████▊   | 649/956 [02:06<00:58,  5.28it/s]Deconvoluting Remaining Spots:  68%|██████▊   | 650/956 [02:06<00:59,  5.13it/s]Deconvoluting Remaining Spots:  68%|██████▊   | 651/956 [02:06<00:57,  5.33it/s]Deconvoluting Remaining Spots:  68%|██████▊   | 652/956 [02:06<00:57,  5.32it/s]Deconvoluting Remaining Spots:  68%|██████▊   | 653/956 [02:07<00:59,  5.13it/s]Deconvoluting Remaining Spots:  68%|██████▊   | 654/956 [02:07<00:53,  5.60it/s]Deconvoluting Remaining Spots:  69%|██████▊   | 655/956 [02:07<00:55,  5.41it/s]Deconvoluting Remaining Spots:  69%|██████▊   | 656/956 [02:07<00:56,  5.27it/s]Deconvoluting Remaining Spots:  69%|██████▊   | 657/956 [02:07<00:53,  5.54it/s]Deconvoluting Remaining Spots:  69%|██████▉   | 658/956 [02:08<00:56,  5.31it/s]Deconvoluting Remaining Spots:  69%|██████▉   | 659/956 [02:08<01:04,  4.60it/s]Deconvoluting Remaining Spots:  69%|██████▉   | 661/956 [02:08<00:59,  4.97it/s]Deconvoluting Remaining Spots:  69%|██████▉   | 662/956 [02:08<00:53,  5.52it/s]Deconvoluting Remaining Spots:  69%|██████▉   | 663/956 [02:09<00:54,  5.34it/s]Deconvoluting Remaining Spots:  69%|██████▉   | 664/956 [02:09<01:00,  4.80it/s]Deconvoluting Remaining Spots:  70%|██████▉   | 665/956 [02:09<00:57,  5.07it/s]Deconvoluting Remaining Spots:  70%|██████▉   | 666/956 [02:09<00:50,  5.71it/s]Deconvoluting Remaining Spots:  70%|██████▉   | 667/956 [02:09<00:51,  5.60it/s]Deconvoluting Remaining Spots:  70%|██████▉   | 668/956 [02:10<00:55,  5.23it/s]Deconvoluting Remaining Spots:  70%|██████▉   | 669/956 [02:10<00:53,  5.41it/s]Deconvoluting Remaining Spots:  70%|███████   | 670/956 [02:10<00:48,  5.84it/s]Deconvoluting Remaining Spots:  70%|███████   | 671/956 [02:10<00:48,  5.85it/s]Deconvoluting Remaining Spots:  70%|███████   | 672/956 [02:10<00:50,  5.64it/s]Deconvoluting Remaining Spots:  70%|███████   | 673/956 [02:10<00:51,  5.52it/s]Deconvoluting Remaining Spots:  71%|███████   | 674/956 [02:11<00:54,  5.22it/s]Deconvoluting Remaining Spots:  71%|███████   | 675/956 [02:11<00:55,  5.05it/s]Deconvoluting Remaining Spots:  71%|███████   | 676/956 [02:11<00:54,  5.09it/s]Deconvoluting Remaining Spots:  71%|███████   | 677/956 [02:11<00:47,  5.90it/s]Deconvoluting Remaining Spots:  71%|███████   | 678/956 [02:11<00:50,  5.48it/s]Deconvoluting Remaining Spots:  71%|███████   | 679/956 [02:11<00:44,  6.16it/s]Deconvoluting Remaining Spots:  71%|███████   | 680/956 [02:12<00:49,  5.53it/s]Deconvoluting Remaining Spots:  71%|███████   | 681/956 [02:12<00:47,  5.79it/s]Deconvoluting Remaining Spots:  71%|███████▏  | 682/956 [02:12<00:48,  5.65it/s]Deconvoluting Remaining Spots:  71%|███████▏  | 683/956 [02:12<00:54,  5.05it/s]Deconvoluting Remaining Spots:  72%|███████▏  | 684/956 [02:13<01:09,  3.89it/s]Deconvoluting Remaining Spots:  72%|███████▏  | 685/956 [02:13<00:57,  4.71it/s]Deconvoluting Remaining Spots:  72%|███████▏  | 687/956 [02:13<00:49,  5.47it/s]Deconvoluting Remaining Spots:  72%|███████▏  | 688/956 [02:13<00:49,  5.46it/s]Deconvoluting Remaining Spots:  72%|███████▏  | 689/956 [02:13<00:48,  5.50it/s]Deconvoluting Remaining Spots:  72%|███████▏  | 690/956 [02:14<00:48,  5.46it/s]Deconvoluting Remaining Spots:  72%|███████▏  | 691/956 [02:14<00:47,  5.59it/s]Deconvoluting Remaining Spots:  72%|███████▏  | 692/956 [02:14<00:59,  4.46it/s]Deconvoluting Remaining Spots:  73%|███████▎  | 694/956 [02:14<00:43,  6.01it/s]Deconvoluting Remaining Spots:  73%|███████▎  | 695/956 [02:14<00:43,  6.02it/s]Deconvoluting Remaining Spots:  73%|███████▎  | 696/956 [02:15<00:46,  5.55it/s]Deconvoluting Remaining Spots:  73%|███████▎  | 697/956 [02:15<00:44,  5.83it/s]Deconvoluting Remaining Spots:  73%|███████▎  | 698/956 [02:15<00:44,  5.77it/s]Deconvoluting Remaining Spots:  73%|███████▎  | 699/956 [02:15<00:44,  5.74it/s]Deconvoluting Remaining Spots:  73%|███████▎  | 700/956 [02:15<00:48,  5.29it/s]2026-02-17 21:38:56,050 - root - INFO - Saved checkpoint after 700 completed spots
Deconvoluting Remaining Spots:  73%|███████▎  | 701/956 [02:19<05:30,  1.30s/it]Deconvoluting Remaining Spots:  76%|███████▌  | 722/956 [02:20<00:33,  7.05it/s]Deconvoluting Remaining Spots:  76%|███████▌  | 726/956 [02:20<00:34,  6.76it/s]Deconvoluting Remaining Spots:  76%|███████▋  | 729/956 [02:21<00:34,  6.62it/s]Deconvoluting Remaining Spots:  76%|███████▋  | 731/956 [02:21<00:35,  6.28it/s]Deconvoluting Remaining Spots:  77%|███████▋  | 733/956 [02:22<00:37,  6.01it/s]Deconvoluting Remaining Spots:  77%|███████▋  | 735/956 [02:22<00:37,  5.82it/s]Deconvoluting Remaining Spots:  77%|███████▋  | 736/956 [02:22<00:39,  5.51it/s]Deconvoluting Remaining Spots:  77%|███████▋  | 737/956 [02:22<00:37,  5.77it/s]Deconvoluting Remaining Spots:  77%|███████▋  | 738/956 [02:23<00:39,  5.48it/s]Deconvoluting Remaining Spots:  77%|███████▋  | 739/956 [02:23<00:37,  5.74it/s]Deconvoluting Remaining Spots:  77%|███████▋  | 740/956 [02:23<00:38,  5.67it/s]Deconvoluting Remaining Spots:  78%|███████▊  | 741/956 [02:23<00:34,  6.21it/s]Deconvoluting Remaining Spots:  78%|███████▊  | 742/956 [02:23<00:35,  5.98it/s]Deconvoluting Remaining Spots:  78%|███████▊  | 743/956 [02:23<00:35,  5.94it/s]Deconvoluting Remaining Spots:  78%|███████▊  | 744/956 [02:24<00:37,  5.63it/s]Deconvoluting Remaining Spots:  78%|███████▊  | 745/956 [02:24<00:38,  5.47it/s]Deconvoluting Remaining Spots:  78%|███████▊  | 746/956 [02:24<00:43,  4.78it/s]Deconvoluting Remaining Spots:  78%|███████▊  | 748/956 [02:24<00:42,  4.95it/s]Deconvoluting Remaining Spots:  78%|███████▊  | 749/956 [02:25<00:39,  5.18it/s]Deconvoluting Remaining Spots:  78%|███████▊  | 750/956 [02:25<00:36,  5.70it/s]Deconvoluting Remaining Spots:  79%|███████▊  | 751/956 [02:25<00:33,  6.18it/s]Deconvoluting Remaining Spots:  79%|███████▊  | 752/956 [02:25<00:40,  5.02it/s]Deconvoluting Remaining Spots:  79%|███████▉  | 754/956 [02:25<00:34,  5.81it/s]Deconvoluting Remaining Spots:  79%|███████▉  | 755/956 [02:26<00:32,  6.13it/s]Deconvoluting Remaining Spots:  79%|███████▉  | 756/956 [02:26<00:37,  5.33it/s]Deconvoluting Remaining Spots:  79%|███████▉  | 757/956 [02:26<00:35,  5.66it/s]Deconvoluting Remaining Spots:  79%|███████▉  | 758/956 [02:26<00:37,  5.23it/s]Deconvoluting Remaining Spots:  79%|███████▉  | 759/956 [02:26<00:33,  5.81it/s]Deconvoluting Remaining Spots:  79%|███████▉  | 760/956 [02:27<00:34,  5.64it/s]Deconvoluting Remaining Spots:  80%|███████▉  | 761/956 [02:27<00:36,  5.29it/s]Deconvoluting Remaining Spots:  80%|███████▉  | 762/956 [02:27<00:37,  5.11it/s]Deconvoluting Remaining Spots:  80%|███████▉  | 763/956 [02:27<00:33,  5.84it/s]Deconvoluting Remaining Spots:  80%|███████▉  | 764/956 [02:27<00:33,  5.70it/s]Deconvoluting Remaining Spots:  80%|████████  | 765/956 [02:27<00:33,  5.64it/s]Deconvoluting Remaining Spots:  80%|████████  | 766/956 [02:28<00:44,  4.31it/s]Deconvoluting Remaining Spots:  80%|████████  | 768/956 [02:28<00:35,  5.22it/s]Deconvoluting Remaining Spots:  80%|████████  | 769/956 [02:28<00:33,  5.62it/s]Deconvoluting Remaining Spots:  81%|████████  | 770/956 [02:28<00:32,  5.79it/s]Deconvoluting Remaining Spots:  81%|████████  | 771/956 [02:29<00:30,  5.97it/s]Deconvoluting Remaining Spots:  81%|████████  | 772/956 [02:29<00:31,  5.79it/s]Deconvoluting Remaining Spots:  81%|████████  | 773/956 [02:29<00:32,  5.67it/s]Deconvoluting Remaining Spots:  81%|████████  | 774/956 [02:29<00:34,  5.23it/s]Deconvoluting Remaining Spots:  81%|████████  | 775/956 [02:29<00:32,  5.62it/s]Deconvoluting Remaining Spots:  81%|████████  | 776/956 [02:30<00:43,  4.17it/s]Deconvoluting Remaining Spots:  81%|████████▏ | 778/956 [02:30<00:32,  5.41it/s]Deconvoluting Remaining Spots:  81%|████████▏ | 779/956 [02:30<00:32,  5.44it/s]Deconvoluting Remaining Spots:  82%|████████▏ | 780/956 [02:30<00:33,  5.18it/s]Deconvoluting Remaining Spots:  82%|████████▏ | 781/956 [02:31<00:34,  5.12it/s]Deconvoluting Remaining Spots:  82%|████████▏ | 782/956 [02:31<00:38,  4.49it/s]Deconvoluting Remaining Spots:  82%|████████▏ | 783/956 [02:31<00:36,  4.77it/s]Deconvoluting Remaining Spots:  82%|████████▏ | 785/956 [02:31<00:27,  6.14it/s]Deconvoluting Remaining Spots:  82%|████████▏ | 787/956 [02:32<00:36,  4.64it/s]Deconvoluting Remaining Spots:  83%|████████▎ | 789/956 [02:32<00:33,  4.92it/s]Deconvoluting Remaining Spots:  83%|████████▎ | 791/956 [02:32<00:28,  5.70it/s]Deconvoluting Remaining Spots:  83%|████████▎ | 792/956 [02:33<00:28,  5.68it/s]Deconvoluting Remaining Spots:  83%|████████▎ | 793/956 [02:33<00:28,  5.69it/s]Deconvoluting Remaining Spots:  83%|████████▎ | 794/956 [02:33<00:27,  5.85it/s]Deconvoluting Remaining Spots:  83%|████████▎ | 795/956 [02:33<00:28,  5.75it/s]Deconvoluting Remaining Spots:  83%|████████▎ | 796/956 [02:33<00:31,  5.13it/s]Deconvoluting Remaining Spots:  83%|████████▎ | 797/956 [02:33<00:28,  5.63it/s]Deconvoluting Remaining Spots:  83%|████████▎ | 798/956 [02:34<00:28,  5.61it/s]Deconvoluting Remaining Spots:  84%|████████▎ | 799/956 [02:34<00:26,  5.82it/s]Deconvoluting Remaining Spots:  84%|████████▎ | 800/956 [02:34<00:27,  5.64it/s]2026-02-17 21:39:15,221 - root - INFO - Saved checkpoint after 800 completed spots
Deconvoluting Remaining Spots:  84%|████████▍ | 801/956 [02:39<03:47,  1.47s/it]Deconvoluting Remaining Spots:  86%|████████▋ | 825/956 [02:39<00:18,  7.17it/s]Deconvoluting Remaining Spots:  87%|████████▋ | 830/956 [02:40<00:18,  6.68it/s]Deconvoluting Remaining Spots:  87%|████████▋ | 834/956 [02:41<00:19,  6.20it/s]Deconvoluting Remaining Spots:  88%|████████▊ | 837/956 [02:41<00:19,  6.02it/s]Deconvoluting Remaining Spots:  88%|████████▊ | 839/956 [02:42<00:20,  5.80it/s]Deconvoluting Remaining Spots:  88%|████████▊ | 841/956 [02:42<00:20,  5.53it/s]Deconvoluting Remaining Spots:  88%|████████▊ | 843/956 [02:42<00:19,  5.91it/s]Deconvoluting Remaining Spots:  88%|████████▊ | 845/956 [02:43<00:18,  5.87it/s]Deconvoluting Remaining Spots:  88%|████████▊ | 846/956 [02:43<00:18,  5.83it/s]Deconvoluting Remaining Spots:  89%|████████▊ | 847/956 [02:43<00:18,  5.78it/s]Deconvoluting Remaining Spots:  89%|████████▊ | 848/956 [02:43<00:19,  5.59it/s]Deconvoluting Remaining Spots:  89%|████████▉ | 849/956 [02:43<00:18,  5.74it/s]Deconvoluting Remaining Spots:  89%|████████▉ | 850/956 [02:43<00:18,  5.62it/s]Deconvoluting Remaining Spots:  89%|████████▉ | 851/956 [02:44<00:19,  5.45it/s]Deconvoluting Remaining Spots:  89%|████████▉ | 852/956 [02:44<00:17,  5.83it/s]Deconvoluting Remaining Spots:  89%|████████▉ | 853/956 [02:44<00:17,  5.96it/s]Deconvoluting Remaining Spots:  89%|████████▉ | 854/956 [02:44<00:17,  5.87it/s]Deconvoluting Remaining Spots:  89%|████████▉ | 855/956 [02:44<00:17,  5.74it/s]Deconvoluting Remaining Spots:  90%|████████▉ | 856/956 [02:45<00:20,  4.94it/s]Deconvoluting Remaining Spots:  90%|████████▉ | 857/956 [02:45<00:18,  5.22it/s]Deconvoluting Remaining Spots:  90%|████████▉ | 858/956 [02:45<00:21,  4.65it/s]Deconvoluting Remaining Spots:  90%|████████▉ | 860/956 [02:45<00:17,  5.55it/s]Deconvoluting Remaining Spots:  90%|█████████ | 861/956 [02:46<00:17,  5.37it/s]Deconvoluting Remaining Spots:  90%|█████████ | 862/956 [02:46<00:17,  5.40it/s]Deconvoluting Remaining Spots:  90%|█████████ | 863/956 [02:46<00:17,  5.41it/s]Deconvoluting Remaining Spots:  90%|█████████ | 864/956 [02:46<00:16,  5.60it/s]Deconvoluting Remaining Spots:  90%|█████████ | 865/956 [02:46<00:15,  5.73it/s]Deconvoluting Remaining Spots:  91%|█████████ | 866/956 [02:46<00:15,  5.66it/s]Deconvoluting Remaining Spots:  91%|█████████ | 867/956 [02:47<00:15,  5.69it/s]Deconvoluting Remaining Spots:  91%|█████████ | 868/956 [02:47<00:15,  5.52it/s]Deconvoluting Remaining Spots:  91%|█████████ | 869/956 [02:47<00:15,  5.45it/s]Deconvoluting Remaining Spots:  91%|█████████ | 870/956 [02:48<00:26,  3.29it/s]Deconvoluting Remaining Spots:  91%|█████████ | 872/956 [02:48<00:16,  5.19it/s]Deconvoluting Remaining Spots:  91%|█████████▏| 874/956 [02:48<00:12,  6.51it/s]Deconvoluting Remaining Spots:  92%|█████████▏| 875/956 [02:48<00:15,  5.20it/s]Deconvoluting Remaining Spots:  92%|█████████▏| 876/956 [02:48<00:14,  5.39it/s]Deconvoluting Remaining Spots:  92%|█████████▏| 878/956 [02:49<00:12,  6.37it/s]Deconvoluting Remaining Spots:  92%|█████████▏| 879/956 [02:49<00:12,  6.40it/s]Deconvoluting Remaining Spots:  92%|█████████▏| 880/956 [02:49<00:12,  5.89it/s]Deconvoluting Remaining Spots:  92%|█████████▏| 881/956 [02:49<00:14,  5.03it/s]Deconvoluting Remaining Spots:  92%|█████████▏| 882/956 [02:49<00:13,  5.49it/s]Deconvoluting Remaining Spots:  92%|█████████▏| 883/956 [02:50<00:13,  5.44it/s]Deconvoluting Remaining Spots:  92%|█████████▏| 884/956 [02:50<00:16,  4.43it/s]Deconvoluting Remaining Spots:  93%|█████████▎| 885/956 [02:50<00:17,  4.15it/s]Deconvoluting Remaining Spots:  93%|█████████▎| 886/956 [02:50<00:15,  4.55it/s]Deconvoluting Remaining Spots:  93%|█████████▎| 887/956 [02:51<00:16,  4.16it/s]Deconvoluting Remaining Spots:  93%|█████████▎| 888/956 [02:51<00:16,  4.00it/s]Deconvoluting Remaining Spots:  93%|█████████▎| 890/956 [02:51<00:12,  5.37it/s]Deconvoluting Remaining Spots:  93%|█████████▎| 891/956 [02:51<00:12,  5.13it/s]Deconvoluting Remaining Spots:  93%|█████████▎| 892/956 [02:51<00:11,  5.45it/s]Deconvoluting Remaining Spots:  93%|█████████▎| 893/956 [02:52<00:11,  5.64it/s]Deconvoluting Remaining Spots:  94%|█████████▎| 894/956 [02:52<00:11,  5.33it/s]Deconvoluting Remaining Spots:  94%|█████████▎| 895/956 [02:52<00:12,  5.08it/s]Deconvoluting Remaining Spots:  94%|█████████▎| 896/956 [02:52<00:11,  5.36it/s]Deconvoluting Remaining Spots:  94%|█████████▍| 897/956 [02:52<00:11,  5.09it/s]Deconvoluting Remaining Spots:  94%|█████████▍| 898/956 [02:53<00:11,  5.13it/s]Deconvoluting Remaining Spots:  94%|█████████▍| 899/956 [02:53<00:10,  5.48it/s]Deconvoluting Remaining Spots:  94%|█████████▍| 900/956 [02:53<00:10,  5.22it/s]2026-02-17 21:39:34,707 - root - INFO - Saved checkpoint after 900 completed spots
Deconvoluting Remaining Spots:  94%|█████████▍| 901/956 [02:58<01:30,  1.64s/it]Deconvoluting Remaining Spots:  97%|█████████▋| 928/956 [02:58<00:03,  7.36it/s]Deconvoluting Remaining Spots:  98%|█████████▊| 935/956 [03:00<00:03,  6.70it/s]Deconvoluting Remaining Spots:  98%|█████████▊| 940/956 [03:01<00:02,  6.21it/s]Deconvoluting Remaining Spots:  99%|█████████▊| 944/956 [03:01<00:02,  6.00it/s]Deconvoluting Remaining Spots:  99%|█████████▉| 947/956 [03:02<00:01,  5.88it/s]Deconvoluting Remaining Spots:  99%|█████████▉| 949/956 [03:02<00:01,  5.84it/s]Deconvoluting Remaining Spots:  99%|█████████▉| 951/956 [03:03<00:00,  5.76it/s]Deconvoluting Remaining Spots: 100%|█████████▉| 953/956 [03:03<00:00,  5.95it/s]Deconvoluting Remaining Spots: 100%|█████████▉| 955/956 [03:03<00:00,  5.72it/s]Deconvoluting Remaining Spots: 100%|██████████| 956/956 [03:03<00:00,  5.90it/s]Deconvoluting Remaining Spots: 100%|██████████| 956/956 [03:03<00:00,  5.20it/s]
2026-02-17 21:39:44,981 - root - INFO - Saved final results with 956 completed spots
2026-02-17 21:39:49,647 - root - INFO - Saved profiles to Benchmarking/simulation_benchmarking/CITEgeist/output_discrete_global/high_seg/dapi/high_seg/dapi/Wu_rep_4/Wu_rep_4_gene_expression_pass1.parquet with cell types: ['B-cells', 'CAFs', 'Cancer Epithelial', 'Endothelial', 'Myeloid', 'Normal Epithelial', 'PVL', 'Plasmablasts', 'T-cells']
2026-02-17 21:39:51,225 - root - INFO - Successfully added layer: B-cells_genes_pass1
2026-02-17 21:39:51,407 - root - INFO - Successfully added layer: CAFs_genes_pass1
2026-02-17 21:39:51,584 - root - INFO - Successfully added layer: PVL_genes_pass1
2026-02-17 21:39:51,759 - root - INFO - Successfully added layer: Myeloid_genes_pass1
2026-02-17 21:39:51,935 - root - INFO - Successfully added layer: Normal_Epithelial_genes_pass1
2026-02-17 21:39:52,113 - root - INFO - Successfully added layer: Cancer_Epithelial_genes_pass1
2026-02-17 21:39:52,290 - root - INFO - Successfully added layer: T-cells_genes_pass1
2026-02-17 21:39:52,465 - root - INFO - Successfully added layer: Endothelial_genes_pass1
2026-02-17 21:39:52,641 - root - INFO - Successfully added layer: Plasmablasts_genes_pass1
2026-02-17 21:40:01,144 - root - INFO - Exported layer 'B-cells_genes_pass1' to 'Benchmarking/simulation_benchmarking/CITEgeist/output_discrete_global/high_seg/dapi/high_seg/dapi/Wu_rep_4/Wu_rep_4_pass1/layers/pass1/B-cells_layer_pass1.csv'
2026-02-17 21:40:09,690 - root - INFO - Exported layer 'CAFs_genes_pass1' to 'Benchmarking/simulation_benchmarking/CITEgeist/output_discrete_global/high_seg/dapi/high_seg/dapi/Wu_rep_4/Wu_rep_4_pass1/layers/pass1/CAFs_layer_pass1.csv'
2026-02-17 21:40:18,264 - root - INFO - Exported layer 'PVL_genes_pass1' to 'Benchmarking/simulation_benchmarking/CITEgeist/output_discrete_global/high_seg/dapi/high_seg/dapi/Wu_rep_4/Wu_rep_4_pass1/layers/pass1/PVL_layer_pass1.csv'
2026-02-17 21:40:26,765 - root - INFO - Exported layer 'Myeloid_genes_pass1' to 'Benchmarking/simulation_benchmarking/CITEgeist/output_discrete_global/high_seg/dapi/high_seg/dapi/Wu_rep_4/Wu_rep_4_pass1/layers/pass1/Myeloid_layer_pass1.csv'
2026-02-17 21:40:35,223 - root - INFO - Exported layer 'Normal_Epithelial_genes_pass1' to 'Benchmarking/simulation_benchmarking/CITEgeist/output_discrete_global/high_seg/dapi/high_seg/dapi/Wu_rep_4/Wu_rep_4_pass1/layers/pass1/Normal_Epithelial_layer_pass1.csv'
2026-02-17 21:40:43,772 - root - INFO - Exported layer 'Cancer_Epithelial_genes_pass1' to 'Benchmarking/simulation_benchmarking/CITEgeist/output_discrete_global/high_seg/dapi/high_seg/dapi/Wu_rep_4/Wu_rep_4_pass1/layers/pass1/Cancer_Epithelial_layer_pass1.csv'
2026-02-17 21:40:52,288 - root - INFO - Exported layer 'T-cells_genes_pass1' to 'Benchmarking/simulation_benchmarking/CITEgeist/output_discrete_global/high_seg/dapi/high_seg/dapi/Wu_rep_4/Wu_rep_4_pass1/layers/pass1/T-cells_layer_pass1.csv'
2026-02-17 21:41:00,690 - root - INFO - Exported layer 'Endothelial_genes_pass1' to 'Benchmarking/simulation_benchmarking/CITEgeist/output_discrete_global/high_seg/dapi/high_seg/dapi/Wu_rep_4/Wu_rep_4_pass1/layers/pass1/Endothelial_layer_pass1.csv'
2026-02-17 21:41:09,297 - root - INFO - Exported layer 'Plasmablasts_genes_pass1' to 'Benchmarking/simulation_benchmarking/CITEgeist/output_discrete_global/high_seg/dapi/high_seg/dapi/Wu_rep_4/Wu_rep_4_pass1/layers/pass1/Plasmablasts_layer_pass1.csv'
2026-02-17 21:41:09,297 - __main__ - INFO - GEX deconvolution completed in 274.9s
2026-02-17 21:42:20,493 - __main__ - INFO - Exported 9 cell type layers to Benchmarking/simulation_benchmarking/CITEgeist/output_discrete_global/high_seg/dapi/high_seg/dapi/Wu_rep_4/layers
2026-02-17 21:42:20,511 - __main__ - INFO - Comparing against ground truth GEX: /ix1/alee/LO_LAB/Personal/Brent_Schlegel/bts76/Projects/CITEgeist/Wu_Visium/Simulations/scCube_12k/replicates/high_seg/ST_GEX_sim/sample_4/layers
2026-02-17 21:43:10,808 - __main__ - INFO - GEX Average RMSE: 0.1579
2026-02-17 21:43:10,808 - __main__ - INFO - GEX Average NRMSE: 0.0207
2026-02-17 21:43:10,813 - __main__ - INFO - Results saved to Benchmarking/simulation_benchmarking/CITEgeist/output_discrete_global/high_seg/dapi/high_seg/dapi/Wu_rep_4
