,B cells,CD4+ T cells,CD8+ T cells,Dendritic cells,Endothelial,Epithelial,Fibroblasts,Macrophages,NK cells,Plasma cells,Unassigned,n_cells,spot_x,spot_y
spot_23,0.03333333333333333,0.16666666666666666,0.03333333333333333,0.0,0.03333333333333333,0.06666666666666667,0.3,0.16666666666666666,0.0,0.03333333333333333,0.16666666666666666,30,,
spot_24,0.0,0.05263157894736842,0.0,0.0,0.21052631578947367,0.05263157894736842,0.2631578947368421,0.10526315789473684,0.0,0.0,0.3157894736842105,19,,
spot_29,0.0,0.0,0.0,0.0,0.11764705882352941,0.0,0.23529411764705882,0.0,0.0,0.0,0.6470588235294118,17,,
spot_30,0.0,0.0,0.0,0.0,0.38461538461538464,0.0,0.0,0.0,0.0,0.0,0.6153846153846154,13,,
spot_31,0.0,0.058823529411764705,0.0,0.0,0.17647058823529413,0.0,0.058823529411764705,0.17647058823529413,0.0,0.0,0.5294117647058824,17,,
spot_32,0.058823529411764705,0.0,0.058823529411764705,0.0,0.4117647058823529,0.0,0.0,0.17647058823529413,0.0,0.0,0.29411764705882354,17,,
spot_33,0.0,0.125,0.0625,0.0,0.5,0.0625,0.0,0.0625,0.0,0.0,0.1875,16,,
spot_34,0.0,0.3448275862068966,0.13793103448275862,0.0,0.13793103448275862,0.13793103448275862,0.034482758620689655,0.10344827586206896,0.0,0.0,0.10344827586206896,29,,
spot_35,0.0,0.09090909090909091,0.18181818181818182,0.0,0.45454545454545453,0.045454545454545456,0.09090909090909091,0.09090909090909091,0.0,0.0,0.045454545454545456,22,,
spot_36,0.024390243902439025,0.6097560975609756,0.0975609756097561,0.04878048780487805,0.04878048780487805,0.0,0.04878048780487805,0.0975609756097561,0.0,0.0,0.024390243902439025,41,,
spot_37,0.0,0.7543859649122807,0.08771929824561403,0.017543859649122806,0.0,0.017543859649122806,0.0,0.10526315789473684,0.0,0.0,0.017543859649122806,57,,
spot_38,0.05405405405405406,0.35135135135135137,0.21621621621621623,0.05405405405405406,0.02702702702702703,0.0,0.05405405405405406,0.1891891891891892,0.0,0.0,0.05405405405405406,37,,
spot_39,0.0,0.15,0.15,0.0,0.1,0.0,0.2,0.2,0.0,0.0,0.2,20,,
spot_40,0.0,0.3,0.2,0.0,0.1,0.05,0.15,0.05,0.0,0.0,0.15,20,,
spot_41,0.0,0.0,0.23076923076923078,0.0,0.23076923076923078,0.15384615384615385,0.0,0.07692307692307693,0.0,0.0,0.3076923076923077,13,,
spot_42,0.0,0.0,0.07692307692307693,0.0,0.23076923076923078,0.07692307692307693,0.07692307692307693,0.07692307692307693,0.0,0.0,0.46153846153846156,13,,
spot_43,0.0,0.0,0.0,0.0,0.3333333333333333,0.0,0.16666666666666666,0.0,0.0,0.0,0.5,12,,
spot_44,0.0,0.0,0.0,0.0,1.0,0.0,0.0,0.0,0.0,0.0,0.0,6,,
spot_45,0.0,0.1,0.0,0.0,0.5,0.0,0.1,0.0,0.0,0.0,0.3,10,,
spot_138,0.0,0.05714285714285714,0.11428571428571428,0.05714285714285714,0.3142857142857143,0.0,0.05714285714285714,0.22857142857142856,0.0,0.0,0.17142857142857143,35,,
spot_139,0.0,0.08,0.04,0.0,0.28,0.04,0.08,0.0,0.0,0.0,0.48,25,,
spot_140,0.0,0.043478260869565216,0.043478260869565216,0.043478260869565216,0.34782608695652173,0.043478260869565216,0.17391304347826086,0.0,0.0,0.0,0.30434782608695654,23,,
spot_141,0.0,0.0,0.06666666666666667,0.0,0.13333333333333333,0.06666666666666667,0.2,0.06666666666666667,0.0,0.0,0.4666666666666667,15,,
spot_142,0.0,0.0,0.0,0.047619047619047616,0.2857142857142857,0.0,0.19047619047619047,0.0,0.0,0.0,0.47619047619047616,21,,
spot_143,0.0,0.0,0.04,0.0,0.44,0.0,0.12,0.04,0.0,0.0,0.36,25,,
spot_146,0.0,0.0,0.0,0.0,0.0,0.25,0.5,0.0,0.0,0.0,0.25,4,,
spot_147,0.0,0.0,0.1,0.0,0.2,0.1,0.5,0.1,0.0,0.0,0.0,10,,
spot_148,0.0,0.0,0.0,0.0,1.0,0.0,0.0,0.0,0.0,0.0,0.0,3,,
spot_150,0.0,0.14285714285714285,0.0,0.0,0.2857142857142857,0.0,0.42857142857142855,0.0,0.0,0.0,0.14285714285714285,7,,
spot_151,0.0,0.6785714285714286,0.10714285714285714,0.0,0.03571428571428571,0.0,0.03571428571428571,0.03571428571428571,0.0,0.0,0.10714285714285714,28,,
spot_152,0.0,0.5428571428571428,0.14285714285714285,0.0,0.0,0.0,0.08571428571428572,0.14285714285714285,0.0,0.0,0.08571428571428572,35,,
spot_153,0.0,0.0,0.23076923076923078,0.0,0.23076923076923078,0.07692307692307693,0.23076923076923078,0.15384615384615385,0.0,0.0,0.07692307692307693,13,,
spot_154,0.0,0.1935483870967742,0.22580645161290322,0.0,0.1935483870967742,0.03225806451612903,0.25806451612903225,0.03225806451612903,0.0,0.03225806451612903,0.03225806451612903,31,,
spot_155,0.0,0.10526315789473684,0.05263157894736842,0.0,0.2631578947368421,0.10526315789473684,0.05263157894736842,0.10526315789473684,0.0,0.0,0.3157894736842105,19,,
spot_156,0.0,0.0,0.0,0.0,0.1111111111111111,0.1111111111111111,0.3333333333333333,0.1111111111111111,0.0,0.0,0.3333333333333333,9,,
spot_158,0.0,0.0,0.0,0.0,0.3,0.0,0.65,0.0,0.0,0.0,0.05,20,,
spot_159,0.0,0.0,0.0,0.0,0.3333333333333333,0.0,0.6666666666666666,0.0,0.0,0.0,0.0,3,,
spot_160,0.0,0.0,0.08333333333333333,0.08333333333333333,0.5833333333333334,0.0,0.08333333333333333,0.08333333333333333,0.0,0.0,0.08333333333333333,12,,
spot_252,0.0,0.14285714285714285,0.0,0.0,0.42857142857142855,0.14285714285714285,0.14285714285714285,0.0,0.0,0.14285714285714285,0.0,7,,
spot_253,0.0,0.0,0.0,0.0,0.5,0.0,0.0,0.25,0.0,0.0,0.25,4,,
spot_255,0.0,0.0,0.0,0.0,0.2,0.0,0.2,0.0,0.0,0.0,0.6,5,,
spot_256,0.0,0.0,0.0,0.3333333333333333,0.26666666666666666,0.0,0.26666666666666666,0.0,0.0,0.0,0.13333333333333333,15,,
spot_258,0.0,0.0,0.06666666666666667,0.0,0.13333333333333333,0.0,0.13333333333333333,0.0,0.0,0.0,0.6666666666666666,15,,
spot_259,0.0,0.0,0.0,0.0,0.75,0.0,0.125,0.0,0.0,0.0,0.125,8,,
spot_260,0.0,0.0,0.0,0.0,0.7,0.0,0.3,0.0,0.0,0.0,0.0,10,,
spot_261,0.0,0.0,0.0,0.05263157894736842,0.3157894736842105,0.0,0.3684210526315789,0.05263157894736842,0.0,0.0,0.21052631578947367,19,,
spot_262,0.0,0.038461538461538464,0.0,0.038461538461538464,0.2692307692307692,0.0,0.19230769230769232,0.15384615384615385,0.0,0.0,0.3076923076923077,26,,
spot_263,0.0,0.14285714285714285,0.10714285714285714,0.0,0.25,0.03571428571428571,0.17857142857142858,0.07142857142857142,0.0,0.07142857142857142,0.14285714285714285,28,,
spot_264,0.0,0.0,0.0,0.0,0.17647058823529413,0.0,0.5882352941176471,0.11764705882352941,0.0,0.0,0.11764705882352941,17,,
spot_265,0.0,0.0,0.0,0.0,0.18181818181818182,0.0,0.2727272727272727,0.0,0.0,0.0,0.5454545454545454,11,,
spot_266,0.0,0.0,0.07692307692307693,0.0,0.23076923076923078,0.0,0.5384615384615384,0.0,0.0,0.0,0.15384615384615385,13,,
spot_267,0.0,0.045454545454545456,0.13636363636363635,0.0,0.045454545454545456,0.0,0.22727272727272727,0.045454545454545456,0.0,0.0,0.5,22,,
spot_268,0.0,0.0,0.0,0.0,0.0,0.0,0.5,0.0,0.0,0.0,0.5,10,,
spot_269,0.0,0.0,0.0625,0.0625,0.1875,0.0,0.1875,0.25,0.0,0.0,0.25,16,,
spot_270,0.0,0.14285714285714285,0.14285714285714285,0.0,0.07142857142857142,0.0,0.42857142857142855,0.07142857142857142,0.0,0.0,0.14285714285714285,14,,
spot_271,0.0,0.058823529411764705,0.0,0.0,0.0,0.0,0.7058823529411765,0.058823529411764705,0.0,0.0,0.17647058823529413,17,,
spot_272,0.0,0.05555555555555555,0.05555555555555555,0.0,0.2222222222222222,0.1111111111111111,0.2222222222222222,0.0,0.0,0.05555555555555555,0.2777777777777778,18,,
spot_273,0.0,0.0,0.0,0.0,0.0,0.0,0.3333333333333333,0.3333333333333333,0.0,0.0,0.3333333333333333,3,,
spot_274,0.0,0.07692307692307693,0.0,0.0,0.15384615384615385,0.23076923076923078,0.07692307692307693,0.38461538461538464,0.0,0.0,0.07692307692307693,13,,
spot_367,0.0,0.0,0.0,0.0,0.5714285714285714,0.047619047619047616,0.09523809523809523,0.23809523809523808,0.0,0.0,0.047619047619047616,21,,
spot_368,0.0,0.05,0.0,0.0,0.35,0.05,0.15,0.25,0.0,0.0,0.15,20,,
spot_369,0.0,0.0,0.0,0.0,0.2608695652173913,0.043478260869565216,0.13043478260869565,0.21739130434782608,0.0,0.0,0.34782608695652173,23,,
spot_370,0.0,0.0,0.0,0.0,0.26666666666666666,0.06666666666666667,0.13333333333333333,0.13333333333333333,0.0,0.0,0.4,15,,
spot_371,0.0,0.125,0.0,0.0,0.375,0.0,0.25,0.125,0.0,0.0,0.125,8,,
spot_377,0.0,0.0,0.0,0.0,0.3333333333333333,0.0,0.0,0.0,0.0,0.0,0.6666666666666666,3,,
spot_378,0.0,0.2222222222222222,0.0,0.0,0.3333333333333333,0.1111111111111111,0.3333333333333333,0.0,0.0,0.0,0.0,9,,
spot_379,0.0,0.0,0.0,0.0,0.25,0.0,0.3333333333333333,0.08333333333333333,0.0,0.0,0.3333333333333333,12,,
spot_381,0.0,0.25,0.0,0.0,0.0,0.0,0.25,0.5,0.0,0.0,0.0,4,,
spot_382,0.0,0.0,0.0,0.0,0.09090909090909091,0.09090909090909091,0.36363636363636365,0.0,0.0,0.0,0.45454545454545453,11,,
spot_383,0.0,0.21052631578947367,0.05263157894736842,0.10526315789473684,0.15789473684210525,0.0,0.3684210526315789,0.0,0.0,0.0,0.10526315789473684,19,,
spot_384,0.0,0.0,0.26666666666666666,0.0,0.0,0.06666666666666667,0.3333333333333333,0.13333333333333333,0.0,0.0,0.2,15,,
spot_385,0.0,0.0,0.0,0.0,0.3,0.0,0.4,0.0,0.0,0.0,0.3,10,,
spot_386,0.0,0.0,0.0,0.0,0.5,0.25,0.0,0.0,0.0,0.0,0.25,4,,
spot_387,0.0,0.15789473684210525,0.10526315789473684,0.0,0.3157894736842105,0.10526315789473684,0.10526315789473684,0.05263157894736842,0.0,0.0,0.15789473684210525,19,,
spot_388,0.0,0.0,0.0,0.0,0.1,0.0,0.5,0.2,0.0,0.0,0.2,10,,
spot_389,0.0,0.06666666666666667,0.26666666666666666,0.0,0.3333333333333333,0.0,0.2,0.0,0.0,0.0,0.13333333333333333,15,,
spot_481,0.0,0.2727272727272727,0.09090909090909091,0.0,0.22727272727272727,0.0,0.0,0.09090909090909091,0.0,0.0,0.3181818181818182,22,,
spot_482,0.0,0.05,0.05,0.0,0.3,0.1,0.25,0.05,0.0,0.0,0.2,20,,
spot_483,0.0,0.0,0.0,0.0,0.75,0.0,0.0,0.25,0.0,0.0,0.0,4,,
spot_488,0.0,0.14285714285714285,0.0,0.0,0.2857142857142857,0.0,0.2857142857142857,0.0,0.0,0.0,0.2857142857142857,7,,
spot_489,0.0,0.07692307692307693,0.0,0.0,0.15384615384615385,0.0,0.23076923076923078,0.15384615384615385,0.0,0.0,0.38461538461538464,26,,
spot_490,0.0,0.05,0.05,0.0,0.2,0.0,0.2,0.05,0.0,0.0,0.45,20,,
spot_491,0.0,0.043478260869565216,0.0,0.0,0.17391304347826086,0.043478260869565216,0.0,0.13043478260869565,0.0,0.043478260869565216,0.5652173913043478,23,,
spot_492,0.0,0.1,0.13333333333333333,0.03333333333333333,0.03333333333333333,0.06666666666666667,0.03333333333333333,0.1,0.0,0.0,0.5,30,,
spot_493,0.0,0.06451612903225806,0.06451612903225806,0.0,0.0,0.0,0.45161290322580644,0.0967741935483871,0.0,0.0,0.3225806451612903,31,,
spot_494,0.0,0.21428571428571427,0.14285714285714285,0.0,0.0,0.07142857142857142,0.21428571428571427,0.14285714285714285,0.0,0.0,0.21428571428571427,14,,
spot_495,0.0,0.0,0.11764705882352941,0.0,0.17647058823529413,0.0,0.23529411764705882,0.058823529411764705,0.0,0.0,0.4117647058823529,17,,
spot_496,0.0,0.0,0.125,0.0,0.375,0.0,0.375,0.0,0.0,0.0,0.125,8,,
spot_497,0.0,0.0,0.0,0.0,0.75,0.25,0.0,0.0,0.0,0.0,0.0,4,,
spot_498,0.0,0.0,0.0,0.0,0.25,0.0,0.4166666666666667,0.08333333333333333,0.0,0.0,0.25,12,,
spot_499,0.0,0.2,0.0,0.0,0.0,0.0,0.4,0.0,0.0,0.0,0.4,5,,
spot_500,0.0,0.0,0.0,0.0,0.0,0.0,0.875,0.0,0.0,0.0,0.125,8,,
spot_501,0.0,0.14285714285714285,0.09523809523809523,0.0,0.047619047619047616,0.0,0.14285714285714285,0.23809523809523808,0.0,0.0,0.3333333333333333,21,,
spot_502,0.0,0.13333333333333333,0.2,0.0,0.0,0.0,0.4666666666666667,0.06666666666666667,0.0,0.0,0.13333333333333333,15,,
spot_503,0.0,0.0625,0.0,0.0,0.1875,0.25,0.25,0.0625,0.0,0.0,0.1875,16,,
spot_596,0.0,0.0,0.0,0.0,0.0,0.0,0.75,0.0,0.0,0.0,0.25,4,,
spot_597,0.0,0.0,0.0,0.0,0.4,0.0,0.4,0.0,0.0,0.0,0.2,5,,
spot_598,0.0,0.0,0.0,0.0,0.0,0.0,0.8,0.0,0.0,0.0,0.2,5,,
spot_599,0.0,0.0,0.0,0.0,0.29411764705882354,0.0,0.5294117647058824,0.058823529411764705,0.0,0.0,0.11764705882352941,17,,
spot_600,0.0,0.0625,0.125,0.0,0.0,0.0,0.25,0.125,0.0,0.0,0.4375,16,,
spot_601,0.0,0.1,0.0,0.0,0.3,0.0,0.1,0.2,0.0,0.0,0.3,10,,
spot_602,0.0,0.0,0.0,0.0,0.17647058823529413,0.058823529411764705,0.23529411764705882,0.11764705882352941,0.0,0.0,0.4117647058823529,17,,
spot_603,0.0,0.0,0.07142857142857142,0.0,0.5,0.0,0.14285714285714285,0.0,0.0,0.0,0.2857142857142857,14,,
spot_604,0.0,0.10526315789473684,0.21052631578947367,0.0,0.0,0.0,0.10526315789473684,0.3684210526315789,0.0,0.0,0.21052631578947367,19,,
spot_605,0.0,0.2,0.15,0.0,0.05,0.1,0.1,0.25,0.0,0.0,0.15,20,,
spot_606,0.0,0.18181818181818182,0.22727272727272727,0.0,0.0,0.045454545454545456,0.045454545454545456,0.2727272727272727,0.0,0.0,0.22727272727272727,22,,
spot_607,0.0,0.1,0.1,0.05,0.1,0.1,0.25,0.25,0.0,0.0,0.05,20,,
spot_608,0.0,0.0,0.08333333333333333,0.041666666666666664,0.20833333333333334,0.0,0.375,0.20833333333333334,0.0,0.0,0.08333333333333333,24,,
spot_609,0.0,0.13043478260869565,0.17391304347826086,0.0,0.0,0.0,0.2608695652173913,0.13043478260869565,0.0,0.0,0.30434782608695654,23,,
spot_610,0.0,0.125,0.16666666666666666,0.0,0.25,0.041666666666666664,0.08333333333333333,0.125,0.0,0.0,0.20833333333333334,24,,
spot_611,0.0,0.0,0.0,0.0,0.2727272727272727,0.045454545454545456,0.13636363636363635,0.22727272727272727,0.0,0.0,0.3181818181818182,22,,
spot_612,0.0,0.0,0.1,0.0,0.3,0.1,0.2,0.2,0.0,0.0,0.1,10,,
spot_613,0.0,0.0,0.0,0.0,0.0,0.0,0.6666666666666666,0.0,0.0,0.0,0.3333333333333333,6,,
spot_614,0.0,0.0,0.0,0.0,0.42857142857142855,0.0,0.42857142857142855,0.0,0.0,0.0,0.14285714285714285,7,,
spot_615,0.0,0.0,0.0,0.0,0.0,0.0,0.0,0.16666666666666666,0.0,0.0,0.8333333333333334,6,,
spot_616,0.0,0.0,0.0,0.0,0.0,0.0,0.2857142857142857,0.14285714285714285,0.0,0.0,0.5714285714285714,7,,
spot_617,0.0,0.25,0.25,0.0,0.0,0.25,0.25,0.0,0.0,0.0,0.0,4,,
spot_618,0.0,0.05555555555555555,0.16666666666666666,0.0,0.16666666666666666,0.05555555555555555,0.3888888888888889,0.0,0.0,0.05555555555555555,0.1111111111111111,18,,
spot_710,0.0,0.0,0.19047619047619047,0.0,0.2857142857142857,0.0,0.23809523809523808,0.0,0.0,0.0,0.2857142857142857,21,,
spot_711,0.0,0.16666666666666666,0.20833333333333334,0.0,0.0,0.0,0.125,0.16666666666666666,0.0,0.0,0.3333333333333333,24,,
spot_712,0.0,0.09090909090909091,0.0,0.09090909090909091,0.045454545454545456,0.0,0.0,0.4090909090909091,0.0,0.0,0.36363636363636365,22,,
spot_713,0.0,0.17647058823529413,0.0,0.0,0.0,0.0,0.29411764705882354,0.23529411764705882,0.0,0.0,0.29411764705882354,17,,
spot_714,0.0,0.1,0.2,0.0,0.0,0.1,0.0,0.1,0.0,0.0,0.5,10,,
spot_715,0.0,0.0,0.21052631578947367,0.0,0.42105263157894735,0.0,0.3684210526315789,0.0,0.0,0.0,0.0,19,,
spot_716,0.0,0.17647058823529413,0.17647058823529413,0.0,0.058823529411764705,0.0,0.0,0.058823529411764705,0.0,0.0,0.5294117647058824,17,,
spot_717,0.0,0.05263157894736842,0.0,0.0,0.21052631578947367,0.0,0.05263157894736842,0.5789473684210527,0.0,0.0,0.10526315789473684,19,,
spot_718,0.0,0.05555555555555555,0.05555555555555555,0.0,0.2222222222222222,0.1111111111111111,0.2222222222222222,0.2777777777777778,0.0,0.0,0.05555555555555555,18,,
spot_719,0.0,0.05555555555555555,0.1111111111111111,0.0,0.1111111111111111,0.1111111111111111,0.3333333333333333,0.2222222222222222,0.0,0.0,0.05555555555555555,18,,
spot_720,0.0,0.0,0.0,0.0,0.14285714285714285,0.35714285714285715,0.5,0.0,0.0,0.0,0.0,14,,
spot_721,0.0,0.0,0.09523809523809523,0.14285714285714285,0.0,0.047619047619047616,0.5238095238095238,0.14285714285714285,0.0,0.0,0.047619047619047616,21,,
spot_722,0.0,0.0,0.2727272727272727,0.045454545454545456,0.045454545454545456,0.045454545454545456,0.13636363636363635,0.4090909090909091,0.0,0.0,0.045454545454545456,22,,
spot_723,0.0,0.0,0.14285714285714285,0.0,0.21428571428571427,0.07142857142857142,0.5714285714285714,0.0,0.0,0.0,0.0,14,,
spot_724,0.0,0.0,0.2903225806451613,0.03225806451612903,0.0,0.0,0.22580645161290322,0.3870967741935484,0.0,0.0,0.06451612903225806,31,,
spot_725,0.0,0.12,0.28,0.04,0.04,0.04,0.12,0.24,0.0,0.0,0.12,25,,
spot_726,0.0,0.19230769230769232,0.3076923076923077,0.0,0.038461538461538464,0.038461538461538464,0.15384615384615385,0.15384615384615385,0.0,0.0,0.11538461538461539,26,,
spot_727,0.08695652173913043,0.043478260869565216,0.0,0.0,0.2608695652173913,0.043478260869565216,0.043478260869565216,0.2608695652173913,0.0,0.0,0.2608695652173913,23,,
spot_728,0.0,0.0,0.08333333333333333,0.0,0.08333333333333333,0.0,0.25,0.16666666666666666,0.0,0.0,0.4166666666666667,12,,
spot_729,0.0,0.14285714285714285,0.0,0.0,0.0,0.0,0.8571428571428571,0.0,0.0,0.0,0.0,7,,
spot_730,0.0,0.0,0.0,0.0,0.2857142857142857,0.0,0.5714285714285714,0.0,0.0,0.0,0.14285714285714285,7,,
spot_731,0.0,0.0,0.0,0.0,0.25,0.0,0.75,0.0,0.0,0.0,0.0,12,,
spot_732,0.0,0.0,0.375,0.0,0.0,0.0,0.375,0.0,0.0,0.0,0.25,8,,
spot_825,0.0,0.08,0.04,0.0,0.16,0.0,0.52,0.08,0.0,0.0,0.12,25,,
spot_826,0.0,0.09090909090909091,0.0,0.0,0.13636363636363635,0.0,0.13636363636363635,0.3181818181818182,0.0,0.0,0.3181818181818182,22,,
spot_827,0.0,0.125,0.25,0.0,0.125,0.0,0.1875,0.0625,0.0,0.0,0.25,16,,
spot_828,0.0,0.07142857142857142,0.0,0.0,0.07142857142857142,0.07142857142857142,0.07142857142857142,0.21428571428571427,0.07142857142857142,0.0,0.42857142857142855,14,,
spot_829,0.0,0.041666666666666664,0.041666666666666664,0.0,0.0,0.041666666666666664,0.125,0.625,0.0,0.0,0.125,24,,
spot_830,0.0,0.05263157894736842,0.2631578947368421,0.0,0.0,0.0,0.21052631578947367,0.42105263157894735,0.0,0.0,0.05263157894736842,19,,
spot_831,0.0,0.0,0.17647058823529413,0.058823529411764705,0.0,0.29411764705882354,0.17647058823529413,0.29411764705882354,0.0,0.0,0.0,17,,
spot_832,0.0,0.0,0.17647058823529413,0.0,0.058823529411764705,0.11764705882352941,0.058823529411764705,0.5882352941176471,0.0,0.0,0.0,17,,
spot_833,0.0,0.07692307692307693,0.15384615384615385,0.0,0.0,0.07692307692307693,0.15384615384615385,0.38461538461538464,0.0,0.0,0.15384615384615385,13,,
spot_834,0.0,0.0,0.05,0.0,0.05,0.05,0.75,0.1,0.0,0.0,0.0,20,,
spot_835,0.0,0.0,0.125,0.0625,0.0625,0.125,0.1875,0.25,0.0,0.0,0.1875,16,,
spot_836,0.0,0.13636363636363635,0.0,0.0,0.045454545454545456,0.0,0.5,0.3181818181818182,0.0,0.0,0.0,22,,
spot_837,0.0,0.0,0.07692307692307693,0.0,0.038461538461538464,0.0,0.5769230769230769,0.3076923076923077,0.0,0.0,0.0,26,,
spot_838,0.0,0.0,0.0,0.0,0.05,0.15,0.7,0.1,0.0,0.0,0.0,20,,
spot_839,0.0,0.2222222222222222,0.1111111111111111,0.0,0.0,0.3333333333333333,0.3333333333333333,0.0,0.0,0.0,0.0,9,,
spot_840,0.0,0.0,0.2777777777777778,0.2777777777777778,0.0,0.1111111111111111,0.16666666666666666,0.16666666666666666,0.0,0.0,0.0,18,,
spot_841,0.0,0.15384615384615385,0.4230769230769231,0.0,0.0,0.0,0.11538461538461539,0.19230769230769232,0.0,0.0,0.11538461538461539,26,,
spot_842,0.0,0.0,0.0,0.0,0.16666666666666666,0.0,0.08333333333333333,0.3333333333333333,0.0,0.0,0.4166666666666667,12,,
spot_843,0.0,0.14285714285714285,0.0,0.0,0.5238095238095238,0.0,0.14285714285714285,0.14285714285714285,0.0,0.0,0.047619047619047616,21,,
spot_844,0.0,0.13636363636363635,0.045454545454545456,0.0,0.0,0.045454545454545456,0.045454545454545456,0.4090909090909091,0.0,0.0,0.3181818181818182,22,,
spot_845,0.0,0.0,0.0,0.0,0.3333333333333333,0.3333333333333333,0.3333333333333333,0.0,0.0,0.0,0.0,3,,
spot_846,0.0,0.0,0.1,0.0,0.0,0.2,0.6,0.1,0.0,0.0,0.0,10,,
spot_847,0.0,0.0,0.09090909090909091,0.0,0.09090909090909091,0.18181818181818182,0.45454545454545453,0.0,0.0,0.0,0.18181818181818182,11,,
spot_939,0.0,0.0,0.1111111111111111,0.0,0.1111111111111111,0.0,0.6666666666666666,0.0,0.0,0.0,0.1111111111111111,9,,
spot_940,0.0,0.0,0.0,0.0,0.0,0.3333333333333333,0.5555555555555556,0.0,0.0,0.0,0.1111111111111111,9,,
spot_941,0.0,0.07692307692307693,0.0,0.0,0.0,0.15384615384615385,0.23076923076923078,0.38461538461538464,0.0,0.0,0.15384615384615385,13,,
spot_942,0.0,0.09090909090909091,0.09090909090909091,0.0,0.0,0.0,0.36363636363636365,0.18181818181818182,0.0,0.0,0.2727272727272727,11,,
spot_943,0.0,0.0,0.07692307692307693,0.0,0.07692307692307693,0.07692307692307693,0.38461538461538464,0.38461538461538464,0.0,0.0,0.0,13,,
spot_944,0.0,0.047619047619047616,0.09523809523809523,0.0,0.19047619047619047,0.0,0.19047619047619047,0.42857142857142855,0.0,0.0,0.047619047619047616,21,,
spot_945,0.0,0.0,0.08333333333333333,0.0,0.08333333333333333,0.25,0.3333333333333333,0.16666666666666666,0.0,0.0,0.08333333333333333,12,,
spot_946,0.0,0.0,0.18181818181818182,0.0,0.0,0.18181818181818182,0.18181818181818182,0.09090909090909091,0.0,0.0,0.36363636363636365,11,,
spot_947,0.0,0.058823529411764705,0.11764705882352941,0.0,0.17647058823529413,0.0,0.23529411764705882,0.29411764705882354,0.0,0.0,0.11764705882352941,17,,
spot_948,0.0,0.0,0.1111111111111111,0.0,0.16666666666666666,0.05555555555555555,0.4444444444444444,0.16666666666666666,0.0,0.0,0.05555555555555555,18,,
spot_949,0.0,0.0,0.14814814814814814,0.0,0.0,0.07407407407407407,0.5925925925925926,0.18518518518518517,0.0,0.0,0.0,27,,
spot_950,0.0,0.058823529411764705,0.11764705882352941,0.0,0.058823529411764705,0.058823529411764705,0.4117647058823529,0.17647058823529413,0.0,0.0,0.11764705882352941,17,,
spot_951,0.0,0.045454545454545456,0.09090909090909091,0.0,0.045454545454545456,0.0,0.6818181818181818,0.13636363636363635,0.0,0.0,0.0,22,,
spot_952,0.0,0.0,0.07142857142857142,0.0,0.0,0.0,0.6428571428571429,0.14285714285714285,0.0,0.0,0.14285714285714285,14,,
spot_953,0.0,0.03571428571428571,0.07142857142857142,0.0,0.0,0.03571428571428571,0.5,0.17857142857142858,0.0,0.0,0.17857142857142858,28,,
spot_954,0.0,0.0,0.05555555555555555,0.1111111111111111,0.1111111111111111,0.0,0.2222222222222222,0.5,0.0,0.0,0.0,18,,
spot_955,0.0,0.0,0.0967741935483871,0.0,0.0,0.12903225806451613,0.0967741935483871,0.6451612903225806,0.0,0.0,0.03225806451612903,31,,
spot_956,0.0,0.09090909090909091,0.36363636363636365,0.0,0.0,0.030303030303030304,0.09090909090909091,0.3939393939393939,0.0,0.0,0.030303030303030304,33,,
spot_957,0.0,0.16,0.2,0.0,0.0,0.08,0.28,0.2,0.0,0.0,0.08,25,,
spot_958,0.0,0.0625,0.1875,0.0,0.25,0.0,0.125,0.1875,0.0,0.0,0.1875,16,,
spot_959,0.0,0.05,0.0,0.0,0.35,0.0,0.1,0.25,0.0,0.0,0.25,20,,
spot_960,0.0,0.3,0.1,0.0,0.15,0.05,0.15,0.2,0.0,0.0,0.05,20,,
spot_961,0.0,0.1,0.1,0.0,0.1,0.0,0.3,0.1,0.0,0.0,0.3,10,,
spot_1054,0.0,0.18181818181818182,0.18181818181818182,0.0,0.0,0.0,0.36363636363636365,0.2727272727272727,0.0,0.0,0.0,11,,
spot_1055,0.0,0.047619047619047616,0.047619047619047616,0.0,0.09523809523809523,0.047619047619047616,0.5238095238095238,0.19047619047619047,0.0,0.0,0.047619047619047616,21,,
spot_1056,0.0,0.0,0.05263157894736842,0.0,0.2631578947368421,0.0,0.2631578947368421,0.3684210526315789,0.0,0.0,0.05263157894736842,19,,
spot_1057,0.0,0.0,0.1,0.0,0.1,0.1,0.6,0.0,0.0,0.0,0.1,10,,
spot_1058,0.0,0.0,0.0,0.0,0.0,0.1,0.4,0.3,0.0,0.0,0.2,10,,
spot_1059,0.0,0.0,0.16666666666666666,0.0,0.08333333333333333,0.0,0.3333333333333333,0.4166666666666667,0.0,0.0,0.0,12,,
spot_1060,0.0,0.05555555555555555,0.05555555555555555,0.0,0.05555555555555555,0.05555555555555555,0.5,0.16666666666666666,0.0,0.0,0.1111111111111111,18,,
spot_1061,0.0,0.0,0.21739130434782608,0.0,0.0,0.08695652173913043,0.08695652173913043,0.6086956521739131,0.0,0.0,0.0,23,,
spot_1062,0.0,0.0,0.0,0.0,0.11764705882352941,0.17647058823529413,0.5294117647058824,0.058823529411764705,0.0,0.0,0.11764705882352941,17,,
spot_1063,0.0,0.0,0.058823529411764705,0.0,0.058823529411764705,0.0,0.5294117647058824,0.29411764705882354,0.0,0.0,0.058823529411764705,17,,
spot_1064,0.0,0.06666666666666667,0.06666666666666667,0.0,0.06666666666666667,0.06666666666666667,0.4666666666666667,0.13333333333333333,0.0,0.0,0.13333333333333333,15,,
spot_1065,0.0,0.0,0.2222222222222222,0.0,0.16666666666666666,0.05555555555555555,0.4444444444444444,0.1111111111111111,0.0,0.0,0.0,18,,
spot_1066,0.0,0.0,0.2,0.0,0.0,0.2,0.5333333333333333,0.0,0.0,0.0,0.06666666666666667,15,,
spot_1067,0.0,0.0,0.3125,0.0,0.0625,0.0625,0.25,0.25,0.0,0.0,0.0625,16,,
spot_1068,0.0,0.0,0.09090909090909091,0.09090909090909091,0.18181818181818182,0.09090909090909091,0.09090909090909091,0.45454545454545453,0.0,0.0,0.0,11,,
spot_1069,0.0,0.0,0.06666666666666667,0.0,0.0,0.2,0.4666666666666667,0.13333333333333333,0.0,0.0,0.13333333333333333,15,,
spot_1070,0.0,0.0,0.35294117647058826,0.0,0.0,0.058823529411764705,0.17647058823529413,0.4117647058823529,0.0,0.0,0.0,17,,
spot_1071,0.0,0.06896551724137931,0.3448275862068966,0.0,0.0,0.06896551724137931,0.06896551724137931,0.4482758620689655,0.0,0.0,0.0,29,,
spot_1072,0.0,0.034482758620689655,0.06896551724137931,0.0,0.13793103448275862,0.0,0.10344827586206896,0.5517241379310345,0.0,0.0,0.10344827586206896,29,,
spot_1073,0.0,0.0,0.13333333333333333,0.0,0.0,0.0,0.13333333333333333,0.4666666666666667,0.0,0.0,0.26666666666666666,15,,
spot_1074,0.0,0.1875,0.25,0.0,0.0,0.0,0.0,0.375,0.0,0.0,0.1875,16,,
spot_1075,0.0,0.13636363636363635,0.045454545454545456,0.0,0.36363636363636365,0.0,0.09090909090909091,0.22727272727272727,0.0,0.0,0.13636363636363635,22,,
spot_1076,0.0,0.0,0.0,0.0,0.2,0.0,0.2,0.0,0.0,0.0,0.6,5,,
spot_1168,0.0,0.0,0.0,0.0,0.0,0.1111111111111111,0.2222222222222222,0.5,0.0,0.0,0.16666666666666666,18,,
spot_1169,0.0,0.08333333333333333,0.0,0.0,0.0,0.08333333333333333,0.3333333333333333,0.5,0.0,0.0,0.0,12,,
spot_1170,0.0,0.0,0.07142857142857142,0.0,0.07142857142857142,0.35714285714285715,0.14285714285714285,0.35714285714285715,0.0,0.0,0.0,14,,
spot_1171,0.0,0.0,0.125,0.0,0.0,0.25,0.5,0.125,0.0,0.0,0.0,8,,
spot_1172,0.0,0.05,0.0,0.0,0.1,0.05,0.5,0.2,0.0,0.0,0.1,20,,
spot_1173,0.0,0.0,0.0,0.0,0.0,0.06666666666666667,0.3333333333333333,0.4,0.06666666666666667,0.0,0.13333333333333333,15,,
spot_1174,0.0,0.0,0.125,0.0,0.0625,0.0625,0.3125,0.4375,0.0,0.0,0.0,16,,
spot_1175,0.0,0.0625,0.25,0.0,0.125,0.0,0.1875,0.3125,0.0,0.0,0.0625,16,,
spot_1176,0.0,0.0,0.25806451612903225,0.0,0.06451612903225806,0.06451612903225806,0.12903225806451613,0.3548387096774194,0.0,0.0,0.12903225806451613,31,,
spot_1177,0.0,0.0,0.17391304347826086,0.0,0.043478260869565216,0.043478260869565216,0.391304347826087,0.2608695652173913,0.0,0.0,0.08695652173913043,23,,
spot_1178,0.0,0.14285714285714285,0.14285714285714285,0.0,0.0,0.2857142857142857,0.42857142857142855,0.0,0.0,0.0,0.0,7,,
spot_1179,0.0,0.0,0.17647058823529413,0.0,0.0,0.0,0.35294117647058826,0.35294117647058826,0.0,0.0,0.11764705882352941,17,,
spot_1180,0.0,0.05555555555555555,0.2222222222222222,0.0,0.05555555555555555,0.05555555555555555,0.1111111111111111,0.1111111111111111,0.0,0.0,0.3888888888888889,18,,
spot_1181,0.0,0.0,0.0,0.0,0.0,0.5,0.3333333333333333,0.16666666666666666,0.0,0.0,0.0,6,,
spot_1182,0.0,0.047619047619047616,0.047619047619047616,0.0,0.047619047619047616,0.14285714285714285,0.5238095238095238,0.19047619047619047,0.0,0.0,0.0,21,,
spot_1183,0.0,0.07142857142857142,0.07142857142857142,0.0,0.07142857142857142,0.35714285714285715,0.21428571428571427,0.14285714285714285,0.0,0.0,0.07142857142857142,14,,
spot_1184,0.0,0.09523809523809523,0.3333333333333333,0.0,0.0,0.047619047619047616,0.2857142857142857,0.19047619047619047,0.0,0.0,0.047619047619047616,21,,
spot_1185,0.0,0.06451612903225806,0.41935483870967744,0.0,0.03225806451612903,0.0,0.16129032258064516,0.25806451612903225,0.0,0.0,0.06451612903225806,31,,
spot_1186,0.0,0.15789473684210525,0.2894736842105263,0.05263157894736842,0.0,0.02631578947368421,0.18421052631578946,0.2894736842105263,0.0,0.0,0.0,38,,
spot_1187,0.0,0.125,0.25,0.0,0.0,0.0,0.16666666666666666,0.3333333333333333,0.0,0.0,0.125,24,,
spot_1188,0.0,0.041666666666666664,0.041666666666666664,0.0,0.20833333333333334,0.041666666666666664,0.0,0.625,0.0,0.0,0.041666666666666664,24,,
spot_1189,0.0,0.0,0.2631578947368421,0.0,0.05263157894736842,0.0,0.05263157894736842,0.47368421052631576,0.0,0.0,0.15789473684210525,19,,
spot_1190,0.0,0.2777777777777778,0.2222222222222222,0.0,0.2222222222222222,0.0,0.0,0.05555555555555555,0.0,0.0,0.2222222222222222,18,,
spot_1283,0.0,0.1,0.1,0.0,0.0,0.0,0.6,0.0,0.0,0.0,0.2,10,,
spot_1284,0.0,0.09523809523809523,0.19047619047619047,0.0,0.09523809523809523,0.09523809523809523,0.2857142857142857,0.19047619047619047,0.0,0.0,0.047619047619047616,21,,
spot_1285,0.0,0.125,0.3125,0.0,0.0,0.1875,0.125,0.25,0.0,0.0,0.0,16,,
spot_1286,0.0,0.0625,0.1875,0.0,0.1875,0.1875,0.25,0.125,0.0,0.0,0.0,16,,
spot_1287,0.0,0.0,0.0625,0.0,0.25,0.0625,0.5,0.0625,0.0,0.0,0.0625,16,,
spot_1288,0.0,0.0,0.0,0.0,0.0,0.25,0.25,0.125,0.0,0.0,0.375,8,,
spot_1289,0.0,0.09090909090909091,0.0,0.0,0.0,0.09090909090909091,0.5454545454545454,0.2727272727272727,0.0,0.0,0.0,11,,
spot_1290,0.0,0.0,0.1111111111111111,0.0,0.1111111111111111,0.0,0.5555555555555556,0.2222222222222222,0.0,0.0,0.0,9,,
spot_1291,0.0,0.0,0.05555555555555555,0.0,0.16666666666666666,0.0,0.6111111111111112,0.16666666666666666,0.0,0.0,0.0,18,,
spot_1292,0.0,0.06666666666666667,0.0,0.0,0.06666666666666667,0.06666666666666667,0.26666666666666666,0.4666666666666667,0.0,0.0,0.06666666666666667,15,,
spot_1293,0.0,0.09523809523809523,0.09523809523809523,0.0,0.0,0.0,0.5238095238095238,0.14285714285714285,0.0,0.0,0.14285714285714285,21,,
spot_1294,0.0,0.0,0.0,0.0,0.0,0.1111111111111111,0.5,0.2777777777777778,0.0,0.0,0.1111111111111111,18,,
spot_1295,0.0,0.0,0.36363636363636365,0.0,0.0,0.2727272727272727,0.18181818181818182,0.0,0.0,0.0,0.18181818181818182,11,,
spot_1296,0.0,0.1111111111111111,0.0,0.0,0.2777777777777778,0.0,0.5,0.0,0.0,0.1111111111111111,0.0,18,,
spot_1297,0.0,0.07142857142857142,0.07142857142857142,0.0,0.21428571428571427,0.21428571428571427,0.2857142857142857,0.14285714285714285,0.0,0.0,0.0,14,,
spot_1298,0.0,0.0,0.0,0.2,0.0,0.0,0.0,0.8,0.0,0.0,0.0,5,,
spot_1299,0.0,0.09090909090909091,0.2727272727272727,0.045454545454545456,0.045454545454545456,0.0,0.09090909090909091,0.36363636363636365,0.0,0.0,0.09090909090909091,22,,
spot_1300,0.0,0.0,0.2727272727272727,0.13636363636363635,0.0,0.09090909090909091,0.13636363636363635,0.36363636363636365,0.0,0.0,0.0,22,,
spot_1301,0.0,0.08823529411764706,0.4411764705882353,0.0,0.08823529411764706,0.058823529411764705,0.11764705882352941,0.17647058823529413,0.0,0.0,0.029411764705882353,34,,
spot_1302,0.0,0.21739130434782608,0.13043478260869565,0.0,0.0,0.0,0.17391304347826086,0.4782608695652174,0.0,0.0,0.0,23,,
spot_1303,0.0,0.12121212121212122,0.030303030303030304,0.0,0.2727272727272727,0.0,0.06060606060606061,0.5151515151515151,0.0,0.0,0.0,33,,
spot_1304,0.0,0.10526315789473684,0.15789473684210525,0.0,0.0,0.0,0.21052631578947367,0.2631578947368421,0.0,0.0,0.2631578947368421,19,,
spot_1305,0.0,0.0,0.15,0.0,0.0,0.05,0.45,0.2,0.0,0.0,0.15,20,,
spot_1397,0.0,0.0,0.07142857142857142,0.0,0.07142857142857142,0.2857142857142857,0.14285714285714285,0.35714285714285715,0.0,0.0,0.07142857142857142,14,,
spot_1398,0.0,0.0625,0.0625,0.0,0.375,0.0,0.1875,0.125,0.0,0.0,0.1875,16,,
spot_1399,0.0,0.0,0.0,0.0,0.35294117647058826,0.058823529411764705,0.5294117647058824,0.058823529411764705,0.0,0.0,0.0,17,,
spot_1400,0.0,0.07142857142857142,0.0,0.0,0.07142857142857142,0.0,0.35714285714285715,0.35714285714285715,0.0,0.0,0.14285714285714285,28,,
spot_1401,0.0,0.0,0.047619047619047616,0.0,0.09523809523809523,0.047619047619047616,0.5714285714285714,0.23809523809523808,0.0,0.0,0.0,21,,
spot_1402,0.0,0.0,0.0,0.0,0.2222222222222222,0.1111111111111111,0.3888888888888889,0.2222222222222222,0.0,0.0,0.05555555555555555,18,,
spot_1403,0.0,0.0,0.0,0.0,0.0,0.15384615384615385,0.46153846153846156,0.3076923076923077,0.0,0.0,0.07692307692307693,13,,
spot_1404,0.0,0.0,0.0,0.0,0.2,0.2,0.3333333333333333,0.26666666666666666,0.0,0.0,0.0,15,,
spot_1405,0.0,0.0,0.0,0.0,0.2777777777777778,0.2222222222222222,0.3333333333333333,0.0,0.0,0.0,0.16666666666666666,18,,
spot_1406,0.0,0.07692307692307693,0.0,0.0,0.0,0.07692307692307693,0.3076923076923077,0.38461538461538464,0.0,0.0,0.15384615384615385,13,,
spot_1407,0.0,0.0,0.09090909090909091,0.0,0.0,0.09090909090909091,0.4090909090909091,0.36363636363636365,0.0,0.0,0.045454545454545456,22,,
spot_1408,0.0,0.0,0.0,0.0,0.0,0.1111111111111111,0.3333333333333333,0.3333333333333333,0.0,0.0,0.2222222222222222,9,,
spot_1409,0.0,0.0,0.05555555555555555,0.0,0.2222222222222222,0.1111111111111111,0.5,0.05555555555555555,0.0,0.0,0.05555555555555555,18,,
spot_1410,0.0,0.0625,0.1875,0.0,0.0,0.1875,0.25,0.1875,0.0,0.0,0.125,16,,
spot_1411,0.0,0.05263157894736842,0.0,0.0,0.0,0.0,0.8421052631578947,0.05263157894736842,0.0,0.0,0.05263157894736842,19,,
spot_1412,0.0,0.0,0.15789473684210525,0.0,0.10526315789473684,0.05263157894736842,0.631578947368421,0.0,0.0,0.0,0.05263157894736842,19,,
spot_1413,0.0,0.13043478260869565,0.34782608695652173,0.0,0.043478260869565216,0.13043478260869565,0.043478260869565216,0.2608695652173913,0.0,0.0,0.043478260869565216,23,,
spot_1414,0.0,0.0,0.07142857142857142,0.0,0.0,0.21428571428571427,0.35714285714285715,0.07142857142857142,0.0,0.0,0.2857142857142857,14,,
spot_1415,0.0,0.13043478260869565,0.08695652173913043,0.043478260869565216,0.043478260869565216,0.0,0.5217391304347826,0.17391304347826086,0.0,0.0,0.0,23,,
spot_1416,0.0,0.0,0.18518518518518517,0.037037037037037035,0.3333333333333333,0.1111111111111111,0.07407407407407407,0.25925925925925924,0.0,0.0,0.0,27,,
spot_1417,0.0,0.2,0.12,0.04,0.08,0.0,0.16,0.36,0.0,0.0,0.04,25,,
spot_1418,0.0,0.10344827586206896,0.3103448275862069,0.0,0.06896551724137931,0.0,0.034482758620689655,0.4482758620689655,0.0,0.0,0.034482758620689655,29,,
spot_1419,0.0,0.0,0.0,0.0,0.4090909090909091,0.0,0.13636363636363635,0.13636363636363635,0.0,0.0,0.3181818181818182,22,,
spot_1512,0.0,0.1111111111111111,0.3333333333333333,0.0,0.0,0.0,0.3333333333333333,0.1111111111111111,0.0,0.0,0.1111111111111111,9,,
spot_1513,0.0,0.0,0.0,0.0,0.0625,0.0625,0.625,0.1875,0.0,0.0,0.0625,16,,
spot_1514,0.0,0.0,0.043478260869565216,0.0,0.13043478260869565,0.13043478260869565,0.21739130434782608,0.391304347826087,0.0,0.0,0.08695652173913043,23,,
spot_1515,0.0,0.0,0.23076923076923078,0.0,0.07692307692307693,0.0,0.3076923076923077,0.23076923076923078,0.0,0.0,0.15384615384615385,13,,
spot_1516,0.0,0.0,0.2857142857142857,0.0,0.07142857142857142,0.0,0.5,0.07142857142857142,0.0,0.0,0.07142857142857142,14,,
spot_1517,0.0,0.07407407407407407,0.25925925925925924,0.0,0.07407407407407407,0.1111111111111111,0.25925925925925924,0.18518518518518517,0.0,0.0,0.037037037037037035,27,,
spot_1518,0.0,0.0,0.08333333333333333,0.0,0.0,0.08333333333333333,0.5,0.3333333333333333,0.0,0.0,0.0,12,,
spot_1519,0.0,0.0,0.2,0.0,0.15,0.05,0.35,0.2,0.0,0.0,0.05,20,,
spot_1520,0.0,0.0,0.1,0.0,0.0,0.3,0.5,0.0,0.0,0.0,0.1,10,,
spot_1521,0.0,0.16666666666666666,0.16666666666666666,0.08333333333333333,0.0,0.08333333333333333,0.16666666666666666,0.3333333333333333,0.0,0.0,0.0,12,,
spot_1522,0.0,0.0,0.09090909090909091,0.0,0.09090909090909091,0.22727272727272727,0.22727272727272727,0.2727272727272727,0.0,0.0,0.09090909090909091,22,,
spot_1523,0.0,0.0,0.045454545454545456,0.0,0.18181818181818182,0.045454545454545456,0.2727272727272727,0.4090909090909091,0.0,0.0,0.045454545454545456,22,,
spot_1524,0.0,0.0,0.07142857142857142,0.0,0.14285714285714285,0.14285714285714285,0.14285714285714285,0.2857142857142857,0.0,0.0,0.21428571428571427,14,,
spot_1525,0.0,0.058823529411764705,0.23529411764705882,0.0,0.11764705882352941,0.0,0.4117647058823529,0.11764705882352941,0.0,0.0,0.058823529411764705,17,,
spot_1526,0.0,0.0,0.07142857142857142,0.0,0.07142857142857142,0.0,0.6428571428571429,0.14285714285714285,0.0,0.0,0.07142857142857142,14,,
spot_1527,0.0,0.0,0.0,0.0,0.0,0.42857142857142855,0.14285714285714285,0.42857142857142855,0.0,0.0,0.0,7,,
spot_1528,0.0,0.0,0.375,0.0,0.125,0.0,0.375,0.0625,0.0,0.0,0.0625,16,,
spot_1529,0.0,0.07692307692307693,0.23076923076923078,0.0,0.0,0.07692307692307693,0.23076923076923078,0.23076923076923078,0.0,0.0,0.15384615384615385,13,,
spot_1530,0.0,0.0,0.18181818181818182,0.0,0.0,0.045454545454545456,0.18181818181818182,0.5,0.0,0.0,0.09090909090909091,22,,
spot_1531,0.0,0.0625,0.25,0.0625,0.3125,0.125,0.0,0.1875,0.0,0.0,0.0,16,,
spot_1532,0.0,0.038461538461538464,0.11538461538461539,0.0,0.11538461538461539,0.0,0.11538461538461539,0.6153846153846154,0.0,0.0,0.0,26,,
spot_1533,0.0,0.10714285714285714,0.21428571428571427,0.0,0.14285714285714285,0.0,0.03571428571428571,0.39285714285714285,0.0,0.0,0.10714285714285714,28,,
spot_1534,0.0,0.0,0.08333333333333333,0.0,0.125,0.0,0.16666666666666666,0.375,0.0,0.0,0.25,24,,
spot_1626,0.0,0.0,0.15384615384615385,0.0,0.07692307692307693,0.15384615384615385,0.3076923076923077,0.07692307692307693,0.0,0.0,0.23076923076923078,13,,
spot_1627,0.0,0.0,0.35714285714285715,0.07142857142857142,0.14285714285714285,0.21428571428571427,0.0,0.14285714285714285,0.0,0.0,0.07142857142857142,14,,
spot_1628,0.0,0.0,0.0,0.0,0.0,0.0,0.35714285714285715,0.6428571428571429,0.0,0.0,0.0,14,,
spot_1629,0.0,0.058823529411764705,0.11764705882352941,0.0,0.11764705882352941,0.058823529411764705,0.35294117647058826,0.23529411764705882,0.0,0.0,0.058823529411764705,17,,
spot_1630,0.0,0.16666666666666666,0.3333333333333333,0.0,0.0,0.0,0.0,0.3333333333333333,0.0,0.0,0.16666666666666666,12,,
spot_1631,0.0,0.0,0.0,0.0,0.0,0.4,0.3333333333333333,0.26666666666666666,0.0,0.0,0.0,15,,
spot_1632,0.0,0.05555555555555555,0.16666666666666666,0.0,0.0,0.1111111111111111,0.3888888888888889,0.2222222222222222,0.0,0.0,0.05555555555555555,18,,
spot_1633,0.0,0.038461538461538464,0.038461538461538464,0.0,0.23076923076923078,0.038461538461538464,0.6153846153846154,0.0,0.0,0.0,0.038461538461538464,26,,
spot_1634,0.0,0.15384615384615385,0.07692307692307693,0.038461538461538464,0.07692307692307693,0.0,0.46153846153846156,0.11538461538461539,0.0,0.0,0.07692307692307693,26,,
spot_1635,0.0,0.0,0.09090909090909091,0.0,0.09090909090909091,0.09090909090909091,0.18181818181818182,0.18181818181818182,0.0,0.0,0.36363636363636365,11,,
spot_1636,0.0,0.07142857142857142,0.0,0.07142857142857142,0.07142857142857142,0.0,0.21428571428571427,0.5,0.0,0.0,0.07142857142857142,14,,
spot_1637,0.0,0.0,0.08333333333333333,0.0,0.25,0.08333333333333333,0.08333333333333333,0.16666666666666666,0.0,0.0,0.3333333333333333,12,,
spot_1638,0.0,0.0,0.07692307692307693,0.0,0.07692307692307693,0.07692307692307693,0.3076923076923077,0.3076923076923077,0.0,0.0,0.15384615384615385,13,,
spot_1639,0.0,0.0,0.0,0.0,0.0,0.18181818181818182,0.2727272727272727,0.2727272727272727,0.0,0.0,0.2727272727272727,11,,
spot_1640,0.0,0.09090909090909091,0.09090909090909091,0.0,0.0,0.18181818181818182,0.45454545454545453,0.18181818181818182,0.0,0.0,0.0,11,,
spot_1641,0.0,0.18181818181818182,0.0,0.0,0.0,0.36363636363636365,0.18181818181818182,0.18181818181818182,0.0,0.0,0.09090909090909091,11,,
spot_1642,0.0,0.0,0.1111111111111111,0.0,0.0,0.3333333333333333,0.5555555555555556,0.0,0.0,0.0,0.0,9,,
spot_1643,0.0,0.047619047619047616,0.047619047619047616,0.0,0.047619047619047616,0.09523809523809523,0.47619047619047616,0.09523809523809523,0.0,0.0,0.19047619047619047,21,,
spot_1644,0.0,0.14285714285714285,0.09523809523809523,0.0,0.0,0.3333333333333333,0.19047619047619047,0.23809523809523808,0.0,0.0,0.0,21,,
spot_1645,0.0,0.06666666666666667,0.26666666666666666,0.0,0.0,0.0,0.2,0.3333333333333333,0.0,0.0,0.13333333333333333,15,,
spot_1646,0.0,0.03571428571428571,0.25,0.0,0.10714285714285714,0.03571428571428571,0.0,0.5714285714285714,0.0,0.0,0.0,28,,
spot_1647,0.0,0.043478260869565216,0.21739130434782608,0.043478260869565216,0.043478260869565216,0.0,0.43478260869565216,0.17391304347826086,0.0,0.0,0.043478260869565216,23,,
spot_1648,0.0,0.03571428571428571,0.14285714285714285,0.0,0.14285714285714285,0.0,0.03571428571428571,0.42857142857142855,0.0,0.0,0.21428571428571427,28,,
spot_1741,0.0,0.058823529411764705,0.17647058823529413,0.0,0.058823529411764705,0.11764705882352941,0.17647058823529413,0.23529411764705882,0.0,0.0,0.17647058823529413,17,,
spot_1742,0.0,0.0,0.0,0.0,0.0,0.058823529411764705,0.7647058823529411,0.11764705882352941,0.0,0.0,0.058823529411764705,17,,
spot_1743,0.0,0.041666666666666664,0.16666666666666666,0.0,0.041666666666666664,0.08333333333333333,0.3333333333333333,0.20833333333333334,0.0,0.0,0.125,24,,
spot_1744,0.0,0.07142857142857142,0.14285714285714285,0.0,0.07142857142857142,0.07142857142857142,0.2857142857142857,0.07142857142857142,0.0,0.0,0.2857142857142857,14,,
spot_1745,0.0,0.0,0.0,0.0,0.0,0.3333333333333333,0.3333333333333333,0.0,0.0,0.0,0.3333333333333333,3,,
spot_1746,0.0,0.07142857142857142,0.14285714285714285,0.0,0.14285714285714285,0.14285714285714285,0.35714285714285715,0.14285714285714285,0.0,0.0,0.0,14,,
spot_1747,0.0,0.09090909090909091,0.18181818181818182,0.0,0.0,0.2727272727272727,0.0,0.2727272727272727,0.0,0.0,0.18181818181818182,11,,
spot_1748,0.0,0.0,0.0,0.0,0.125,0.0,0.375,0.5,0.0,0.0,0.0,8,,
spot_1749,0.0,0.0,0.0,0.0,0.19047619047619047,0.047619047619047616,0.42857142857142855,0.2857142857142857,0.0,0.0,0.047619047619047616,21,,
spot_1750,0.0,0.1111111111111111,0.0,0.0,0.0,0.1111111111111111,0.7777777777777778,0.0,0.0,0.0,0.0,9,,
spot_1751,0.0,0.0,0.0,0.0,0.0,0.041666666666666664,0.5416666666666666,0.3333333333333333,0.0,0.0,0.08333333333333333,24,,
spot_1752,0.0,0.16666666666666666,0.0,0.0,0.0,0.0,0.5,0.25,0.0,0.0,0.08333333333333333,12,,
spot_1753,0.0,0.05263157894736842,0.05263157894736842,0.0,0.0,0.0,0.5789473684210527,0.2631578947368421,0.0,0.0,0.05263157894736842,19,,
spot_1754,0.0,0.0,0.1,0.0,0.0,0.3,0.4,0.1,0.0,0.0,0.1,10,,
spot_1755,0.0,0.0625,0.0,0.0,0.0625,0.125,0.25,0.1875,0.0,0.0,0.3125,16,,
spot_1756,0.0,0.06666666666666667,0.0,0.0,0.0,0.13333333333333333,0.3333333333333333,0.26666666666666666,0.0,0.0,0.2,15,,
spot_1757,0.0,0.05263157894736842,0.0,0.05263157894736842,0.0,0.15789473684210525,0.42105263157894735,0.10526315789473684,0.0,0.0,0.21052631578947367,19,,
spot_1758,0.0,0.11764705882352941,0.058823529411764705,0.0,0.0,0.17647058823529413,0.23529411764705882,0.35294117647058826,0.0,0.0,0.058823529411764705,17,,
spot_1759,0.0,0.04,0.08,0.04,0.12,0.04,0.4,0.28,0.0,0.0,0.0,25,,
spot_1760,0.0,0.0,0.18518518518518517,0.0,0.18518518518518517,0.0,0.4074074074074074,0.18518518518518517,0.0,0.0,0.037037037037037035,27,,
spot_1761,0.0,0.0,0.3225806451612903,0.03225806451612903,0.03225806451612903,0.0,0.1935483870967742,0.41935483870967744,0.0,0.0,0.0,31,,
spot_1762,0.0,0.25806451612903225,0.3548387096774194,0.03225806451612903,0.0,0.0,0.03225806451612903,0.3225806451612903,0.0,0.0,0.0,31,,
spot_1763,0.0,0.08571428571428572,0.11428571428571428,0.0,0.2,0.0,0.11428571428571428,0.37142857142857144,0.0,0.0,0.11428571428571428,35,,
spot_1855,0.0,0.0,0.25,0.0,0.0,0.0,0.5833333333333334,0.16666666666666666,0.0,0.0,0.0,12,,
spot_1856,0.0,0.05,0.25,0.0,0.1,0.0,0.3,0.15,0.0,0.0,0.15,20,,
spot_1857,0.0,0.0,0.125,0.0,0.0625,0.0625,0.3125,0.1875,0.0,0.0,0.25,16,,
spot_1858,0.0,0.0,0.1111111111111111,0.0,0.1111111111111111,0.0,0.4444444444444444,0.1111111111111111,0.0,0.0,0.2222222222222222,9,,
spot_1859,0.0,0.0,0.0,0.0,0.08333333333333333,0.16666666666666666,0.5,0.25,0.0,0.0,0.0,12,,
spot_1860,0.0,0.0,0.1111111111111111,0.0,0.0,0.0,0.5555555555555556,0.1111111111111111,0.0,0.0,0.2222222222222222,9,,
spot_1861,0.0,0.07407407407407407,0.037037037037037035,0.0,0.037037037037037035,0.0,0.48148148148148145,0.37037037037037035,0.0,0.0,0.0,27,,
spot_1862,0.0,0.0,0.0,0.0,0.16666666666666666,0.08333333333333333,0.3333333333333333,0.3333333333333333,0.0,0.0,0.08333333333333333,12,,
spot_1863,0.0,0.0,0.0,0.0,0.15789473684210525,0.05263157894736842,0.5789473684210527,0.15789473684210525,0.0,0.0,0.05263157894736842,19,,
spot_1864,0.0,0.0625,0.1875,0.0,0.0,0.0,0.25,0.4375,0.0,0.0,0.0625,16,,
spot_1865,0.0,0.0,0.0,0.0,0.0,0.6666666666666666,0.0,0.1111111111111111,0.0,0.0,0.2222222222222222,9,,
spot_1866,0.0,0.08333333333333333,0.20833333333333334,0.0,0.08333333333333333,0.041666666666666664,0.20833333333333334,0.2916666666666667,0.0,0.0,0.08333333333333333,24,,
spot_1867,0.0,0.0,0.14285714285714285,0.0,0.0,0.0,0.8571428571428571,0.0,0.0,0.0,0.0,7,,
spot_1868,0.0,0.05263157894736842,0.10526315789473684,0.0,0.0,0.0,0.47368421052631576,0.3684210526315789,0.0,0.0,0.0,19,,
spot_1869,0.0,0.0,0.0,0.0,0.0,0.07692307692307693,0.3076923076923077,0.5384615384615384,0.0,0.0,0.07692307692307693,13,,
spot_1870,0.0,0.0,0.0,0.0,0.0,0.5555555555555556,0.0,0.4444444444444444,0.0,0.0,0.0,9,,
spot_1871,0.0,0.0,0.25,0.0,0.05,0.15,0.25,0.3,0.0,0.0,0.0,20,,
spot_1872,0.0,0.0,0.25,0.0,0.0,0.0,0.25,0.5,0.0,0.0,0.0,12,,
spot_1873,0.0,0.10526315789473684,0.10526315789473684,0.0,0.0,0.05263157894736842,0.42105263157894735,0.2631578947368421,0.0,0.0,0.05263157894736842,19,,
spot_1874,0.0,0.058823529411764705,0.17647058823529413,0.0,0.0,0.11764705882352941,0.4117647058823529,0.17647058823529413,0.0,0.0,0.058823529411764705,17,,
spot_1875,0.0,0.0,0.32,0.0,0.0,0.04,0.32,0.24,0.0,0.0,0.08,25,,
spot_1876,0.0,0.08108108108108109,0.5945945945945946,0.0,0.02702702702702703,0.0,0.0,0.2972972972972973,0.0,0.0,0.0,37,,
spot_1877,0.0,0.058823529411764705,0.5588235294117647,0.0,0.0,0.029411764705882353,0.029411764705882353,0.23529411764705882,0.0,0.0,0.08823529411764706,34,,
spot_1970,0.0,0.0625,0.0625,0.0,0.1875,0.125,0.1875,0.375,0.0,0.0,0.0,16,,
spot_1971,0.0,0.0,0.0,0.0,0.0,0.0,0.5555555555555556,0.3333333333333333,0.0,0.0,0.1111111111111111,9,,
spot_1972,0.0,0.0,0.0,0.0,0.0,0.16666666666666666,0.5,0.0,0.0,0.0,0.3333333333333333,6,,
spot_1973,0.0,0.0,0.0,0.0,0.0,0.18181818181818182,0.45454545454545453,0.09090909090909091,0.0,0.0,0.2727272727272727,11,,
spot_1974,0.0,0.0,0.09090909090909091,0.0,0.0,0.18181818181818182,0.45454545454545453,0.2727272727272727,0.0,0.0,0.0,11,,
spot_1975,0.0,0.0,0.21428571428571427,0.0,0.07142857142857142,0.0,0.42857142857142855,0.14285714285714285,0.0,0.0,0.14285714285714285,14,,
spot_1976,0.0,0.0,0.0,0.0,0.0,0.06666666666666667,0.4,0.3333333333333333,0.0,0.0,0.2,15,,
spot_1977,0.0,0.08333333333333333,0.25,0.0,0.08333333333333333,0.0,0.4166666666666667,0.16666666666666666,0.0,0.0,0.0,12,,
spot_1978,0.0,0.0,0.07142857142857142,0.0,0.21428571428571427,0.07142857142857142,0.21428571428571427,0.21428571428571427,0.0,0.0,0.21428571428571427,14,,
spot_1979,0.0,0.0,0.36363636363636365,0.0,0.0,0.0,0.18181818181818182,0.2727272727272727,0.0,0.0,0.18181818181818182,11,,
spot_1980,0.0,0.0,0.5,0.0,0.0,0.25,0.25,0.0,0.0,0.0,0.0,4,,
spot_1981,0.0,0.0,0.0,0.0,0.09523809523809523,0.14285714285714285,0.6190476190476191,0.047619047619047616,0.0,0.0,0.09523809523809523,21,,
spot_1982,0.0,0.0,0.0,0.0,0.15384615384615385,0.15384615384615385,0.46153846153846156,0.23076923076923078,0.0,0.0,0.0,13,,
spot_1983,0.0,0.0,0.0,0.0,0.0,0.09090909090909091,0.8181818181818182,0.09090909090909091,0.0,0.0,0.0,11,,
spot_1984,0.0,0.0,0.0,0.2,0.2,0.3,0.0,0.3,0.0,0.0,0.0,10,,
spot_1985,0.0,0.13043478260869565,0.17391304347826086,0.043478260869565216,0.08695652173913043,0.043478260869565216,0.391304347826087,0.08695652173913043,0.0,0.0,0.043478260869565216,23,,
spot_1986,0.0,0.0,0.0625,0.0,0.0,0.125,0.5,0.3125,0.0,0.0,0.0,16,,
spot_1987,0.0,0.125,0.1875,0.0,0.0625,0.0625,0.1875,0.375,0.0,0.0,0.0,16,,
spot_1988,0.0,0.0,0.08,0.0,0.16,0.0,0.48,0.2,0.0,0.0,0.08,25,,
spot_1989,0.0,0.05263157894736842,0.21052631578947367,0.05263157894736842,0.15789473684210525,0.0,0.3684210526315789,0.15789473684210525,0.0,0.0,0.0,19,,
spot_1990,0.0,0.20833333333333334,0.4166666666666667,0.041666666666666664,0.0,0.125,0.041666666666666664,0.041666666666666664,0.0,0.0,0.125,24,,
spot_1991,0.0,0.027777777777777776,0.4166666666666667,0.0,0.05555555555555555,0.027777777777777776,0.05555555555555555,0.4166666666666667,0.0,0.0,0.0,36,,
spot_1992,0.0,0.11627906976744186,0.6046511627906976,0.0,0.06976744186046512,0.0,0.0,0.18604651162790697,0.0,0.0,0.023255813953488372,43,,
spot_2084,0.0,0.0,0.15384615384615385,0.0,0.0,0.15384615384615385,0.0,0.5384615384615384,0.0,0.0,0.15384615384615385,13,,
spot_2085,0.0,0.0,0.11538461538461539,0.0,0.15384615384615385,0.038461538461538464,0.34615384615384615,0.2692307692307692,0.0,0.0,0.07692307692307693,26,,
spot_2086,0.0,0.06666666666666667,0.26666666666666666,0.0,0.0,0.13333333333333333,0.06666666666666667,0.2,0.0,0.0,0.26666666666666666,15,,
spot_2087,0.0,0.0,0.1111111111111111,0.0,0.16666666666666666,0.0,0.5555555555555556,0.1111111111111111,0.0,0.0,0.05555555555555555,18,,
spot_2088,0.0,0.0,0.07692307692307693,0.0,0.0,0.15384615384615385,0.23076923076923078,0.46153846153846156,0.0,0.0,0.07692307692307693,13,,
spot_2089,0.0,0.07142857142857142,0.14285714285714285,0.07142857142857142,0.21428571428571427,0.0,0.14285714285714285,0.35714285714285715,0.0,0.0,0.0,14,,
spot_2090,0.0,0.06666666666666667,0.0,0.0,0.06666666666666667,0.0,0.26666666666666666,0.3333333333333333,0.0,0.0,0.26666666666666666,15,,
spot_2091,0.0,0.0,0.0,0.0,0.0,0.45454545454545453,0.36363636363636365,0.09090909090909091,0.0,0.0,0.09090909090909091,11,,
spot_2092,0.0,0.0,0.11764705882352941,0.0,0.058823529411764705,0.0,0.7647058823529411,0.058823529411764705,0.0,0.0,0.0,17,,
spot_2093,0.0,0.0,0.047619047619047616,0.0,0.14285714285714285,0.047619047619047616,0.5714285714285714,0.14285714285714285,0.0,0.0,0.047619047619047616,21,,
spot_2094,0.0,0.0,0.0,0.0,0.15384615384615385,0.0,0.46153846153846156,0.38461538461538464,0.0,0.0,0.0,13,,
spot_2095,0.0,0.0,0.2,0.0,0.0,0.0,0.2,0.6,0.0,0.0,0.0,15,,
spot_2096,0.0,0.0,0.3181818181818182,0.0,0.09090909090909091,0.13636363636363635,0.36363636363636365,0.045454545454545456,0.0,0.0,0.045454545454545456,22,,
spot_2097,0.0,0.0,0.07142857142857142,0.0,0.0,0.0,0.42857142857142855,0.5,0.0,0.0,0.0,14,,
spot_2098,0.0,0.05555555555555555,0.16666666666666666,0.0,0.05555555555555555,0.2222222222222222,0.4444444444444444,0.05555555555555555,0.0,0.0,0.0,18,,
spot_2099,0.0,0.0,0.09090909090909091,0.0,0.0,0.09090909090909091,0.5454545454545454,0.0,0.0,0.0,0.2727272727272727,11,,
spot_2100,0.0,0.0,0.07692307692307693,0.0,0.07692307692307693,0.23076923076923078,0.23076923076923078,0.15384615384615385,0.0,0.0,0.23076923076923078,13,,
spot_2101,0.0,0.0,0.08,0.04,0.08,0.04,0.64,0.12,0.0,0.0,0.0,25,,
spot_2102,0.0,0.037037037037037035,0.25925925925925924,0.0,0.0,0.1111111111111111,0.5185185185185185,0.037037037037037035,0.0,0.0,0.037037037037037035,27,,
spot_2103,0.0,0.05263157894736842,0.21052631578947367,0.10526315789473684,0.10526315789473684,0.10526315789473684,0.3684210526315789,0.05263157894736842,0.0,0.0,0.0,19,,
spot_2104,0.0,0.0,0.3181818181818182,0.0,0.13636363636363635,0.0,0.2727272727272727,0.2727272727272727,0.0,0.0,0.0,22,,
spot_2105,0.0,0.047619047619047616,0.38095238095238093,0.0,0.09523809523809523,0.09523809523809523,0.09523809523809523,0.2857142857142857,0.0,0.0,0.0,21,,
spot_2106,0.0,0.06521739130434782,0.2391304347826087,0.021739130434782608,0.0,0.0,0.021739130434782608,0.6086956521739131,0.0,0.0,0.043478260869565216,46,,
spot_2199,0.0,0.25,0.0,0.0,0.0,0.25,0.375,0.0,0.0,0.0,0.125,8,,
spot_2200,0.0,0.0,0.0,0.0,0.0,0.1,0.3,0.5,0.0,0.0,0.1,10,,
spot_2201,0.0,0.0,0.07692307692307693,0.0,0.15384615384615385,0.07692307692307693,0.3076923076923077,0.15384615384615385,0.0,0.0,0.23076923076923078,13,,
spot_2202,0.0,0.0,0.0,0.0,0.0,0.07142857142857142,0.6428571428571429,0.14285714285714285,0.0,0.0,0.14285714285714285,14,,
spot_2203,0.0,0.0,0.0625,0.0,0.1875,0.125,0.1875,0.0,0.0,0.0,0.4375,16,,
spot_2204,0.0,0.0,0.0,0.0,0.21428571428571427,0.35714285714285715,0.21428571428571427,0.14285714285714285,0.0,0.0,0.07142857142857142,14,,
spot_2205,0.0,0.0,0.0,0.0,0.0,0.8333333333333334,0.0,0.0,0.0,0.0,0.16666666666666666,6,,
spot_2206,0.0,0.0,0.08333333333333333,0.0,0.0,0.16666666666666666,0.16666666666666666,0.4166666666666667,0.0,0.0,0.16666666666666666,12,,
spot_2207,0.0,0.05555555555555555,0.05555555555555555,0.0,0.16666666666666666,0.1111111111111111,0.4444444444444444,0.1111111111111111,0.0,0.0,0.05555555555555555,18,,
spot_2208,0.0,0.0,0.11764705882352941,0.0,0.11764705882352941,0.17647058823529413,0.4117647058823529,0.17647058823529413,0.0,0.0,0.0,17,,
spot_2209,0.0,0.0,0.0,0.0,0.21428571428571427,0.0,0.7142857142857143,0.0,0.0,0.0,0.07142857142857142,14,,
spot_2210,0.0,0.0,0.18181818181818182,0.09090909090909091,0.0,0.09090909090909091,0.18181818181818182,0.2727272727272727,0.0,0.0,0.18181818181818182,11,,
spot_2211,0.0,0.0,0.0,0.0,0.0,0.3,0.4,0.2,0.0,0.0,0.1,10,,
spot_2212,0.0,0.0,0.3,0.0,0.2,0.05,0.3,0.05,0.0,0.0,0.1,20,,
spot_2213,0.0,0.0,0.03571428571428571,0.07142857142857142,0.10714285714285714,0.03571428571428571,0.35714285714285715,0.35714285714285715,0.0,0.0,0.03571428571428571,28,,
spot_2214,0.0,0.06666666666666667,0.2,0.06666666666666667,0.0,0.13333333333333333,0.26666666666666666,0.13333333333333333,0.0,0.0,0.13333333333333333,15,,
spot_2215,0.0,0.0,0.07692307692307693,0.0,0.0,0.38461538461538464,0.38461538461538464,0.15384615384615385,0.0,0.0,0.0,13,,
spot_2216,0.0,0.05555555555555555,0.16666666666666666,0.0,0.0,0.16666666666666666,0.2777777777777778,0.3333333333333333,0.0,0.0,0.0,18,,
spot_2217,0.0,0.0,0.0,0.0,0.14285714285714285,0.14285714285714285,0.21428571428571427,0.2857142857142857,0.0,0.0,0.21428571428571427,14,,
spot_2218,0.0,0.08695652173913043,0.34782608695652173,0.0,0.13043478260869565,0.08695652173913043,0.17391304347826086,0.13043478260869565,0.0,0.0,0.043478260869565216,23,,
spot_2219,0.0,0.15789473684210525,0.47368421052631576,0.0,0.0,0.05263157894736842,0.0,0.21052631578947367,0.0,0.0,0.10526315789473684,19,,
spot_2220,0.0,0.17647058823529413,0.4117647058823529,0.0,0.0,0.029411764705882353,0.029411764705882353,0.2647058823529412,0.0,0.0,0.08823529411764706,34,,
spot_2221,0.0,0.03333333333333333,0.3333333333333333,0.0,0.06666666666666667,0.06666666666666667,0.03333333333333333,0.4,0.0,0.0,0.06666666666666667,30,,
spot_2313,0.0,0.0,0.0,0.0,0.07692307692307693,0.8461538461538461,0.0,0.07692307692307693,0.0,0.0,0.0,13,,
spot_2314,0.0,0.125,0.0,0.0,0.0,0.125,0.5,0.125,0.0,0.0,0.125,8,,
spot_2315,0.0,0.0,0.0,0.0,0.0,0.0,0.25,0.0,0.0,0.0,0.75,4,,
spot_2316,0.0,0.0,0.0,0.0,0.0,0.07692307692307693,0.38461538461538464,0.46153846153846156,0.0,0.0,0.07692307692307693,13,,
spot_2317,0.0,0.0,0.0,0.0,0.0,0.3333333333333333,0.3333333333333333,0.0,0.0,0.0,0.3333333333333333,6,,
spot_2318,0.0,0.0,0.0,0.0,0.0,0.16666666666666666,0.3333333333333333,0.0,0.0,0.0,0.5,6,,
spot_2319,0.0,0.0,0.0,0.0,0.15789473684210525,0.05263157894736842,0.631578947368421,0.10526315789473684,0.0,0.0,0.05263157894736842,19,,
spot_2320,0.0,0.0,0.14285714285714285,0.0,0.0,0.42857142857142855,0.14285714285714285,0.14285714285714285,0.0,0.0,0.14285714285714285,7,,
spot_2321,0.0,0.0,0.2727272727272727,0.0,0.0,0.09090909090909091,0.18181818181818182,0.18181818181818182,0.0,0.0,0.2727272727272727,11,,
spot_2322,0.0,0.0625,0.0625,0.0,0.0625,0.0625,0.375,0.1875,0.0,0.0,0.1875,16,,
spot_2323,0.0,0.0,0.058823529411764705,0.11764705882352941,0.058823529411764705,0.058823529411764705,0.35294117647058826,0.29411764705882354,0.0,0.0,0.058823529411764705,17,,
spot_2324,0.0,0.0,0.08333333333333333,0.0,0.08333333333333333,0.0,0.5833333333333334,0.16666666666666666,0.0,0.0,0.08333333333333333,12,,
spot_2325,0.0,0.09090909090909091,0.09090909090909091,0.0,0.045454545454545456,0.09090909090909091,0.09090909090909091,0.45454545454545453,0.0,0.0,0.13636363636363635,22,,
spot_2326,0.0,0.0,0.0,0.0,0.1,0.2,0.5,0.15,0.0,0.0,0.05,20,,
spot_2327,0.0,0.0,0.1111111111111111,0.0,0.0,0.4444444444444444,0.1111111111111111,0.2222222222222222,0.0,0.0,0.1111111111111111,9,,
spot_2328,0.0,0.0,0.2727272727272727,0.0,0.0,0.36363636363636365,0.18181818181818182,0.18181818181818182,0.0,0.0,0.0,11,,
spot_2329,0.0,0.0,0.047619047619047616,0.047619047619047616,0.14285714285714285,0.0,0.38095238095238093,0.2857142857142857,0.0,0.0,0.09523809523809523,21,,
spot_2330,0.0,0.0,0.14285714285714285,0.0,0.07142857142857142,0.2857142857142857,0.14285714285714285,0.21428571428571427,0.0,0.0,0.14285714285714285,14,,
spot_2331,0.0,0.0,0.3333333333333333,0.0,0.0,0.4166666666666667,0.08333333333333333,0.08333333333333333,0.0,0.0,0.08333333333333333,12,,
spot_2332,0.0,0.14285714285714285,0.38095238095238093,0.0,0.0,0.0,0.19047619047619047,0.23809523809523808,0.0,0.0,0.047619047619047616,21,,
spot_2333,0.0,0.04,0.36,0.0,0.0,0.12,0.0,0.4,0.0,0.0,0.08,25,,
spot_2334,0.0,0.058823529411764705,0.058823529411764705,0.058823529411764705,0.11764705882352941,0.058823529411764705,0.17647058823529413,0.4117647058823529,0.0,0.0,0.058823529411764705,17,,
spot_2335,0.0,0.25,0.21875,0.0625,0.03125,0.0,0.03125,0.34375,0.0,0.0,0.0625,32,,
spot_2428,0.0,0.13333333333333333,0.26666666666666666,0.0,0.06666666666666667,0.13333333333333333,0.0,0.4,0.0,0.0,0.0,15,,
spot_2429,0.0,0.0,0.0,0.0,0.0,0.16666666666666666,0.3333333333333333,0.5,0.0,0.0,0.0,12,,
spot_2430,0.0,0.0,0.0,0.0,0.0,0.0,0.6666666666666666,0.3333333333333333,0.0,0.0,0.0,6,,
spot_2431,0.0,0.0,0.1,0.0,0.0,0.3,0.1,0.4,0.0,0.0,0.1,10,,
spot_2432,0.0,0.0,0.0,0.0,0.0,0.1111111111111111,0.5555555555555556,0.3333333333333333,0.0,0.0,0.0,9,,
spot_2433,0.0,0.0,0.0,0.0,0.25,0.3333333333333333,0.3333333333333333,0.0,0.0,0.0,0.08333333333333333,12,,
spot_2434,0.0,0.0,0.0,0.0,0.0,0.6,0.2,0.2,0.0,0.0,0.0,5,,
spot_2435,0.0,0.0,0.15384615384615385,0.0,0.3076923076923077,0.0,0.23076923076923078,0.23076923076923078,0.0,0.0,0.07692307692307693,13,,
spot_2436,0.0,0.09090909090909091,0.09090909090909091,0.0,0.0,0.2727272727272727,0.5454545454545454,0.0,0.0,0.0,0.0,11,,
spot_2437,0.0,0.0,0.0,0.0,0.14285714285714285,0.5714285714285714,0.2857142857142857,0.0,0.0,0.0,0.0,7,,
spot_2438,0.0,0.15384615384615385,0.19230769230769232,0.0,0.07692307692307693,0.038461538461538464,0.2692307692307692,0.2692307692307692,0.0,0.0,0.0,26,,
spot_2439,0.0,0.0625,0.0625,0.0,0.0,0.25,0.4375,0.0625,0.0,0.0,0.125,16,,
spot_2440,0.0,0.04,0.08,0.0,0.12,0.08,0.52,0.08,0.0,0.0,0.08,25,,
spot_2441,0.0,0.12,0.2,0.0,0.08,0.08,0.52,0.0,0.0,0.0,0.0,25,,
spot_2442,0.0,0.0,0.0,0.0,0.25,0.4166666666666667,0.08333333333333333,0.16666666666666666,0.0,0.0,0.08333333333333333,12,,
spot_2443,0.0,0.1,0.15,0.1,0.05,0.05,0.15,0.35,0.0,0.0,0.05,20,,
spot_2444,0.0,0.2,0.2,0.0,0.0,0.0,0.4,0.06666666666666667,0.0,0.0,0.13333333333333333,15,,
spot_2445,0.0,0.08333333333333333,0.041666666666666664,0.125,0.08333333333333333,0.08333333333333333,0.2916666666666667,0.2916666666666667,0.0,0.0,0.0,24,,
spot_2446,0.0,0.0,0.06666666666666667,0.0,0.0,0.06666666666666667,0.4,0.4,0.0,0.0,0.06666666666666667,15,,
spot_2447,0.0,0.0,0.2631578947368421,0.05263157894736842,0.21052631578947367,0.15789473684210525,0.15789473684210525,0.15789473684210525,0.0,0.0,0.0,19,,
spot_2448,0.0,0.15789473684210525,0.0,0.10526315789473684,0.10526315789473684,0.05263157894736842,0.2631578947368421,0.3157894736842105,0.0,0.0,0.0,19,,
spot_2449,0.0,0.07142857142857142,0.10714285714285714,0.03571428571428571,0.03571428571428571,0.03571428571428571,0.21428571428571427,0.4642857142857143,0.0,0.0,0.03571428571428571,28,,
spot_2450,0.0,0.0,0.17391304347826086,0.0,0.08695652173913043,0.043478260869565216,0.21739130434782608,0.43478260869565216,0.0,0.0,0.043478260869565216,23,,
spot_2542,0.0,0.0,0.0,0.0,0.0,0.16666666666666666,0.0,0.8333333333333334,0.0,0.0,0.0,6,,
spot_2543,0.0,0.0,0.375,0.0,0.0,0.0,0.0,0.3125,0.0,0.0,0.3125,16,,
spot_2544,0.0,0.0,0.07142857142857142,0.0,0.0,0.14285714285714285,0.14285714285714285,0.35714285714285715,0.0,0.0,0.2857142857142857,14,,
spot_2545,0.0,0.0,0.2857142857142857,0.0,0.0,0.14285714285714285,0.14285714285714285,0.35714285714285715,0.0,0.0,0.07142857142857142,14,,
spot_2546,0.0,0.0,0.4375,0.0,0.0,0.25,0.1875,0.0625,0.0,0.0,0.0625,16,,
spot_2547,0.0,0.0,0.0,0.0,0.09523809523809523,0.047619047619047616,0.5714285714285714,0.23809523809523808,0.0,0.0,0.047619047619047616,21,,
spot_2548,0.0,0.06666666666666667,0.06666666666666667,0.0,0.13333333333333333,0.06666666666666667,0.5333333333333333,0.06666666666666667,0.0,0.0,0.06666666666666667,15,,
spot_2549,0.0,0.07142857142857142,0.0,0.0,0.07142857142857142,0.21428571428571427,0.14285714285714285,0.21428571428571427,0.0,0.0,0.2857142857142857,14,,
spot_2550,0.0,0.0,0.1,0.0,0.0,0.1,0.4,0.3,0.0,0.0,0.1,10,,
spot_2551,0.0,0.18181818181818182,0.0,0.0,0.0,0.09090909090909091,0.09090909090909091,0.36363636363636365,0.0,0.0,0.2727272727272727,11,,
spot_2552,0.0,0.15384615384615385,0.15384615384615385,0.0,0.0,0.0,0.38461538461538464,0.3076923076923077,0.0,0.0,0.0,13,,
spot_2553,0.0,0.0,0.2222222222222222,0.0,0.0,0.3888888888888889,0.2222222222222222,0.1111111111111111,0.0,0.0,0.05555555555555555,18,,
spot_2554,0.0,0.05555555555555555,0.1111111111111111,0.0,0.05555555555555555,0.05555555555555555,0.4444444444444444,0.2777777777777778,0.0,0.0,0.0,18,,
spot_2555,0.0,0.0,0.16666666666666666,0.0,0.0,0.16666666666666666,0.25,0.4166666666666667,0.0,0.0,0.0,12,,
spot_2556,0.0,0.0,0.0,0.0,0.1875,0.0,0.375,0.4375,0.0,0.0,0.0,16,,
spot_2557,0.0,0.045454545454545456,0.18181818181818182,0.045454545454545456,0.045454545454545456,0.0,0.4090909090909091,0.2727272727272727,0.0,0.0,0.0,22,,
spot_2558,0.0,0.0625,0.25,0.0,0.0,0.0625,0.4375,0.125,0.0,0.0,0.0625,16,,
spot_2559,0.0,0.0,0.05555555555555555,0.0,0.0,0.1111111111111111,0.6111111111111112,0.16666666666666666,0.0,0.0,0.05555555555555555,18,,
spot_2560,0.0,0.04,0.12,0.12,0.08,0.04,0.24,0.36,0.0,0.0,0.0,25,,
spot_2561,0.0,0.045454545454545456,0.0,0.0,0.09090909090909091,0.0,0.7272727272727273,0.0,0.0,0.0,0.13636363636363635,22,,
spot_2562,0.0,0.045454545454545456,0.36363636363636365,0.0,0.09090909090909091,0.09090909090909091,0.22727272727272727,0.18181818181818182,0.0,0.0,0.0,22,,
spot_2563,0.0,0.08695652173913043,0.17391304347826086,0.043478260869565216,0.043478260869565216,0.0,0.30434782608695654,0.34782608695652173,0.0,0.0,0.0,23,,
spot_2564,0.0,0.03571428571428571,0.14285714285714285,0.0,0.17857142857142858,0.03571428571428571,0.14285714285714285,0.39285714285714285,0.0,0.0,0.07142857142857142,28,,
spot_2657,0.0,0.0,0.09090909090909091,0.0,0.09090909090909091,0.45454545454545453,0.18181818181818182,0.09090909090909091,0.0,0.0,0.09090909090909091,11,,
spot_2658,0.0,0.0,0.0,0.0,0.22727272727272727,0.0,0.36363636363636365,0.3181818181818182,0.0,0.0,0.09090909090909091,22,,
spot_2659,0.0,0.0,0.0,0.0,0.12,0.0,0.52,0.32,0.0,0.0,0.04,25,,
spot_2660,0.0,0.0,0.0,0.0,0.2,0.0,0.6,0.15,0.0,0.0,0.05,20,,
spot_2661,0.0,0.0,0.08333333333333333,0.0,0.08333333333333333,0.08333333333333333,0.5833333333333334,0.16666666666666666,0.0,0.0,0.0,12,,
spot_2662,0.0,0.0,0.0,0.0,0.2631578947368421,0.0,0.5789473684210527,0.05263157894736842,0.0,0.0,0.10526315789473684,19,,
spot_2663,0.0,0.0,0.05,0.0,0.1,0.0,0.45,0.4,0.0,0.0,0.0,20,,
spot_2664,0.0,0.0,0.1111111111111111,0.1111111111111111,0.0,0.3333333333333333,0.0,0.4444444444444444,0.0,0.0,0.0,9,,
spot_2665,0.0,0.08333333333333333,0.16666666666666666,0.0,0.0,0.16666666666666666,0.3333333333333333,0.08333333333333333,0.0,0.0,0.16666666666666666,12,,
spot_2666,0.0,0.09090909090909091,0.18181818181818182,0.0,0.0,0.2727272727272727,0.09090909090909091,0.36363636363636365,0.0,0.0,0.0,11,,
spot_2667,0.0,0.0,0.05,0.0,0.1,0.1,0.6,0.15,0.0,0.0,0.0,20,,
spot_2668,0.0,0.0,0.08333333333333333,0.0,0.0,0.08333333333333333,0.08333333333333333,0.3333333333333333,0.0,0.0,0.4166666666666667,12,,
spot_2669,0.0,0.0,0.19047619047619047,0.047619047619047616,0.047619047619047616,0.14285714285714285,0.3333333333333333,0.23809523809523808,0.0,0.0,0.0,21,,
spot_2670,0.0,0.0,0.15789473684210525,0.0,0.05263157894736842,0.10526315789473684,0.42105263157894735,0.2631578947368421,0.0,0.0,0.0,19,,
spot_2671,0.0,0.17391304347826086,0.08695652173913043,0.043478260869565216,0.08695652173913043,0.043478260869565216,0.043478260869565216,0.5217391304347826,0.0,0.0,0.0,23,,
spot_2672,0.0,0.08333333333333333,0.08333333333333333,0.0,0.0,0.16666666666666666,0.4166666666666667,0.25,0.0,0.0,0.0,12,,
spot_2673,0.0,0.0,0.1111111111111111,0.0,0.0,0.05555555555555555,0.5555555555555556,0.2777777777777778,0.0,0.0,0.0,18,,
spot_2674,0.0,0.0,0.20833333333333334,0.0,0.20833333333333334,0.041666666666666664,0.20833333333333334,0.3333333333333333,0.0,0.0,0.0,24,,
spot_2675,0.0,0.0,0.1111111111111111,0.0,0.0,0.1111111111111111,0.3333333333333333,0.2222222222222222,0.0,0.0,0.2222222222222222,9,,
spot_2676,0.0,0.037037037037037035,0.07407407407407407,0.14814814814814814,0.14814814814814814,0.037037037037037035,0.4074074074074074,0.14814814814814814,0.0,0.0,0.0,27,,
spot_2677,0.0,0.1111111111111111,0.2222222222222222,0.07407407407407407,0.037037037037037035,0.0,0.25925925925925924,0.25925925925925924,0.0,0.0,0.037037037037037035,27,,
spot_2678,0.0,0.0,0.0,0.041666666666666664,0.16666666666666666,0.041666666666666664,0.375,0.375,0.0,0.0,0.0,24,,
spot_2679,0.0,0.030303030303030304,0.21212121212121213,0.06060606060606061,0.12121212121212122,0.0,0.24242424242424243,0.30303030303030304,0.0,0.0,0.030303030303030304,33,,
spot_2771,0.0,0.0,0.0,0.0,0.0,0.0,0.25,0.375,0.0,0.0,0.375,8,,
spot_2772,0.0,0.125,0.0,0.0,0.0,0.0,0.125,0.125,0.0,0.0,0.625,8,,
spot_2773,0.0,0.0,0.16666666666666666,0.0,0.0,0.16666666666666666,0.3333333333333333,0.16666666666666666,0.0,0.0,0.16666666666666666,6,,
spot_2774,0.0,0.041666666666666664,0.08333333333333333,0.0,0.125,0.0,0.4583333333333333,0.25,0.0,0.0,0.041666666666666664,24,,
spot_2775,0.0,0.0,0.058823529411764705,0.0,0.058823529411764705,0.0,0.4117647058823529,0.23529411764705882,0.0,0.0,0.23529411764705882,17,,
spot_2776,0.0,0.0,0.0,0.0,0.0,0.0,0.5,0.16666666666666666,0.0,0.0,0.3333333333333333,12,,
spot_2777,0.0,0.1111111111111111,0.0,0.0,0.0,0.1111111111111111,0.6666666666666666,0.1111111111111111,0.0,0.0,0.0,9,,
spot_2778,0.0,0.0,0.125,0.0,0.0,0.25,0.125,0.25,0.0,0.0,0.25,8,,
spot_2779,0.0,0.0,0.0,0.0,0.0,0.25,0.125,0.625,0.0,0.0,0.0,8,,
spot_2780,0.0,0.0,0.0,0.0,0.0,0.09523809523809523,0.6190476190476191,0.19047619047619047,0.0,0.0,0.09523809523809523,21,,
spot_2781,0.0,0.0,0.1111111111111111,0.0,0.0,0.1111111111111111,0.2222222222222222,0.1111111111111111,0.0,0.0,0.4444444444444444,9,,
spot_2782,0.0,0.08333333333333333,0.0,0.0,0.16666666666666666,0.08333333333333333,0.25,0.25,0.0,0.0,0.16666666666666666,12,,
spot_2783,0.0,0.047619047619047616,0.23809523809523808,0.0,0.09523809523809523,0.047619047619047616,0.2857142857142857,0.23809523809523808,0.0,0.0,0.047619047619047616,21,,
spot_2784,0.0,0.05263157894736842,0.3157894736842105,0.0,0.0,0.15789473684210525,0.21052631578947367,0.2631578947368421,0.0,0.0,0.0,19,,
spot_2785,0.0,0.0,0.12,0.0,0.16,0.0,0.28,0.36,0.0,0.0,0.08,25,,
spot_2786,0.0,0.0,0.125,0.0,0.1875,0.0625,0.1875,0.375,0.0,0.0,0.0625,16,,
spot_2787,0.0,0.0,0.11764705882352941,0.058823529411764705,0.058823529411764705,0.058823529411764705,0.23529411764705882,0.4117647058823529,0.0,0.0,0.058823529411764705,17,,
spot_2788,0.0,0.047619047619047616,0.0,0.047619047619047616,0.3333333333333333,0.0,0.3333333333333333,0.19047619047619047,0.0,0.0,0.047619047619047616,21,,
spot_2789,0.0,0.15384615384615385,0.3076923076923077,0.0,0.07692307692307693,0.23076923076923078,0.15384615384615385,0.07692307692307693,0.0,0.0,0.0,13,,
spot_2790,0.0,0.05555555555555555,0.16666666666666666,0.0,0.0,0.05555555555555555,0.3888888888888889,0.2777777777777778,0.0,0.0,0.05555555555555555,18,,
spot_2791,0.0,0.21052631578947367,0.0,0.05263157894736842,0.05263157894736842,0.0,0.42105263157894735,0.2631578947368421,0.0,0.0,0.0,19,,
spot_2792,0.0,0.06666666666666667,0.13333333333333333,0.0,0.0,0.3333333333333333,0.26666666666666666,0.2,0.0,0.0,0.0,15,,
spot_2793,0.0,0.05714285714285714,0.2571428571428571,0.02857142857142857,0.05714285714285714,0.0,0.37142857142857144,0.2,0.0,0.0,0.02857142857142857,35,,
spot_2886,0.0,0.0,0.06666666666666667,0.0,0.0,0.4666666666666667,0.06666666666666667,0.2,0.0,0.0,0.2,15,,
spot_2887,0.0,0.1111111111111111,0.1111111111111111,0.0,0.0,0.3333333333333333,0.2222222222222222,0.0,0.0,0.0,0.2222222222222222,9,,
spot_2888,0.0,0.0,0.13333333333333333,0.0,0.2,0.06666666666666667,0.06666666666666667,0.3333333333333333,0.0,0.0,0.2,15,,
spot_2889,0.0,0.0,0.0,0.0,0.15384615384615385,0.15384615384615385,0.3076923076923077,0.15384615384615385,0.0,0.0,0.23076923076923078,13,,
spot_2890,0.0,0.0,0.0,0.0,0.05263157894736842,0.15789473684210525,0.47368421052631576,0.21052631578947367,0.0,0.0,0.10526315789473684,19,,
spot_2891,0.0,0.0,0.0,0.1,0.1,0.0,0.6,0.2,0.0,0.0,0.0,10,,
spot_2892,0.0,0.2,0.2,0.0,0.1,0.0,0.2,0.0,0.0,0.0,0.3,10,,
spot_2893,0.0,0.07142857142857142,0.21428571428571427,0.0,0.0,0.07142857142857142,0.21428571428571427,0.42857142857142855,0.0,0.0,0.0,14,,
spot_2894,0.0,0.0,0.08333333333333333,0.0,0.0,0.25,0.3333333333333333,0.16666666666666666,0.08333333333333333,0.0,0.08333333333333333,12,,
spot_2895,0.0,0.13333333333333333,0.06666666666666667,0.0,0.06666666666666667,0.0,0.3333333333333333,0.26666666666666666,0.0,0.0,0.13333333333333333,15,,
spot_2896,0.0,0.2727272727272727,0.18181818181818182,0.0,0.0,0.0,0.0,0.5454545454545454,0.0,0.0,0.0,11,,
spot_2897,0.0,0.05,0.1,0.0,0.1,0.05,0.2,0.5,0.0,0.0,0.0,20,,
spot_2898,0.0,0.14285714285714285,0.0,0.0,0.0,0.0,0.8571428571428571,0.0,0.0,0.0,0.0,7,,
spot_2899,0.0,0.05555555555555555,0.2777777777777778,0.0,0.0,0.16666666666666666,0.16666666666666666,0.2777777777777778,0.0,0.0,0.05555555555555555,18,,
spot_2900,0.0,0.08695652173913043,0.4782608695652174,0.0,0.043478260869565216,0.043478260869565216,0.08695652173913043,0.21739130434782608,0.0,0.0,0.043478260869565216,23,,
spot_2901,0.0,0.047619047619047616,0.23809523809523808,0.0,0.09523809523809523,0.0,0.38095238095238093,0.23809523809523808,0.0,0.0,0.0,21,,
spot_2902,0.0,0.0,0.23529411764705882,0.0,0.058823529411764705,0.058823529411764705,0.4117647058823529,0.17647058823529413,0.0,0.0,0.058823529411764705,17,,
spot_2903,0.0,0.05,0.2,0.0,0.05,0.05,0.3,0.2,0.0,0.0,0.15,20,,
spot_2904,0.0,0.0,0.1111111111111111,0.05555555555555555,0.1111111111111111,0.16666666666666666,0.3888888888888889,0.16666666666666666,0.0,0.0,0.0,18,,
spot_2905,0.0,0.05555555555555555,0.05555555555555555,0.05555555555555555,0.0,0.05555555555555555,0.5,0.2777777777777778,0.0,0.0,0.0,18,,
spot_2906,0.0,0.0,0.3333333333333333,0.047619047619047616,0.047619047619047616,0.09523809523809523,0.38095238095238093,0.09523809523809523,0.0,0.0,0.0,21,,
spot_2907,0.0,0.09090909090909091,0.24242424242424243,0.0,0.06060606060606061,0.09090909090909091,0.21212121212121213,0.30303030303030304,0.0,0.0,0.0,33,,
spot_2908,0.0,0.045454545454545456,0.09090909090909091,0.0,0.045454545454545456,0.09090909090909091,0.36363636363636365,0.3181818181818182,0.0,0.0,0.045454545454545456,22,,
spot_3000,0.0,0.0,0.0,0.0,0.23076923076923078,0.07692307692307693,0.38461538461538464,0.15384615384615385,0.0,0.0,0.15384615384615385,13,,
spot_3001,0.0,0.0,0.0,0.0,0.0,0.0,0.17647058823529413,0.7058823529411765,0.0,0.0,0.11764705882352941,17,,
spot_3002,0.0,0.0625,0.0625,0.125,0.1875,0.0625,0.375,0.0625,0.0,0.0,0.0625,16,,
spot_3003,0.0,0.08333333333333333,0.0,0.0,0.0,0.0,0.6666666666666666,0.16666666666666666,0.0,0.0,0.08333333333333333,12,,
spot_3004,0.0,0.058823529411764705,0.058823529411764705,0.0,0.23529411764705882,0.058823529411764705,0.29411764705882354,0.29411764705882354,0.0,0.0,0.0,17,,
spot_3005,0.0,0.0,0.0,0.0,0.0,0.14285714285714285,0.42857142857142855,0.42857142857142855,0.0,0.0,0.0,7,,
spot_3006,0.0,0.1111111111111111,0.3333333333333333,0.0,0.05555555555555555,0.05555555555555555,0.1111111111111111,0.2777777777777778,0.0,0.0,0.05555555555555555,18,,
spot_3007,0.0,0.0,0.26666666666666666,0.0,0.0,0.0,0.4666666666666667,0.13333333333333333,0.0,0.0,0.13333333333333333,15,,
spot_3008,0.0,0.08333333333333333,0.3333333333333333,0.0,0.0,0.08333333333333333,0.4166666666666667,0.08333333333333333,0.0,0.0,0.0,12,,
spot_3009,0.0,0.0,0.23076923076923078,0.07692307692307693,0.0,0.0,0.15384615384615385,0.46153846153846156,0.0,0.0,0.07692307692307693,13,,
spot_3010,0.0,0.0,0.25,0.0,0.1875,0.0,0.25,0.3125,0.0,0.0,0.0,16,,
spot_3011,0.0,0.04,0.04,0.0,0.04,0.12,0.24,0.52,0.0,0.0,0.0,25,,
spot_3012,0.0,0.07692307692307693,0.15384615384615385,0.0,0.07692307692307693,0.07692307692307693,0.4230769230769231,0.15384615384615385,0.0,0.0,0.038461538461538464,26,,
spot_3013,0.0,0.0,0.3333333333333333,0.0,0.09523809523809523,0.09523809523809523,0.19047619047619047,0.19047619047619047,0.047619047619047616,0.0,0.047619047619047616,21,,
spot_3014,0.0,0.0,0.0,0.0,0.0,0.0,0.6923076923076923,0.23076923076923078,0.0,0.0,0.07692307692307693,26,,
spot_3015,0.0,0.0,0.16666666666666666,0.0,0.05555555555555555,0.0,0.2777777777777778,0.4444444444444444,0.0,0.0,0.05555555555555555,18,,
spot_3016,0.0,0.0,0.15384615384615385,0.0,0.0,0.23076923076923078,0.5384615384615384,0.07692307692307693,0.0,0.0,0.0,13,,
spot_3017,0.0,0.041666666666666664,0.25,0.08333333333333333,0.08333333333333333,0.08333333333333333,0.16666666666666666,0.16666666666666666,0.0,0.0,0.125,24,,
spot_3018,0.0,0.1,0.15,0.0,0.0,0.15,0.3,0.3,0.0,0.0,0.0,20,,
spot_3019,0.0,0.05555555555555555,0.16666666666666666,0.0,0.0,0.0,0.3888888888888889,0.3333333333333333,0.0,0.0,0.05555555555555555,18,,
spot_3020,0.0,0.0,0.125,0.0,0.125,0.125,0.5,0.125,0.0,0.0,0.0,8,,
spot_3021,0.0,0.0,0.0,0.0,0.0,0.0,0.5,0.5,0.0,0.0,0.0,4,,
spot_3022,0.0,0.07407407407407407,0.14814814814814814,0.037037037037037035,0.037037037037037035,0.1111111111111111,0.2962962962962963,0.2962962962962963,0.0,0.0,0.0,27,,
spot_3115,0.0,0.0,0.1,0.0,0.05,0.05,0.5,0.2,0.0,0.0,0.1,20,,
spot_3116,0.0,0.0,0.2727272727272727,0.0,0.0,0.09090909090909091,0.09090909090909091,0.36363636363636365,0.0,0.0,0.18181818181818182,11,,
spot_3117,0.0,0.14285714285714285,0.2857142857142857,0.0,0.0,0.14285714285714285,0.2857142857142857,0.14285714285714285,0.0,0.0,0.0,7,,
spot_3118,0.0,0.0625,0.1875,0.0,0.0625,0.0625,0.25,0.25,0.0,0.0,0.125,16,,
spot_3119,0.0,0.0,0.0,0.0,0.0,0.5,0.16666666666666666,0.3333333333333333,0.0,0.0,0.0,6,,
spot_3120,0.0,0.0,0.18181818181818182,0.0,0.2727272727272727,0.0,0.2727272727272727,0.2727272727272727,0.0,0.0,0.0,11,,
spot_3121,0.0,0.07142857142857142,0.07142857142857142,0.0,0.0,0.07142857142857142,0.6428571428571429,0.07142857142857142,0.0,0.0,0.07142857142857142,14,,
spot_3122,0.0,0.08333333333333333,0.16666666666666666,0.0,0.0,0.16666666666666666,0.25,0.16666666666666666,0.0,0.0,0.16666666666666666,12,,
spot_3123,0.0,0.14285714285714285,0.21428571428571427,0.0,0.07142857142857142,0.07142857142857142,0.14285714285714285,0.35714285714285715,0.0,0.0,0.0,14,,
spot_3124,0.0,0.0,0.0625,0.0,0.125,0.125,0.25,0.1875,0.0,0.0,0.25,16,,
spot_3125,0.0,0.04,0.28,0.0,0.04,0.08,0.2,0.36,0.0,0.0,0.0,25,,
spot_3126,0.0,0.0,0.05555555555555555,0.05555555555555555,0.05555555555555555,0.0,0.2222222222222222,0.5,0.0,0.0,0.1111111111111111,18,,
spot_3127,0.0,0.05263157894736842,0.10526315789473684,0.0,0.0,0.0,0.3157894736842105,0.47368421052631576,0.0,0.0,0.05263157894736842,19,,
spot_3128,0.0,0.05555555555555555,0.2222222222222222,0.0,0.0,0.05555555555555555,0.16666666666666666,0.4444444444444444,0.0,0.0,0.05555555555555555,18,,
spot_3129,0.0,0.0,0.0,0.0,0.058823529411764705,0.23529411764705882,0.5294117647058824,0.17647058823529413,0.0,0.0,0.0,17,,
spot_3130,0.0,0.04,0.04,0.04,0.04,0.0,0.44,0.28,0.0,0.0,0.12,25,,
spot_3131,0.0,0.0,0.18181818181818182,0.0,0.0,0.36363636363636365,0.45454545454545453,0.0,0.0,0.0,0.0,11,,
spot_3132,0.0,0.05263157894736842,0.21052631578947367,0.0,0.15789473684210525,0.21052631578947367,0.21052631578947367,0.15789473684210525,0.0,0.0,0.0,19,,
spot_3133,0.0,0.047619047619047616,0.047619047619047616,0.047619047619047616,0.14285714285714285,0.047619047619047616,0.5714285714285714,0.09523809523809523,0.0,0.0,0.0,21,,
spot_3134,0.0,0.07142857142857142,0.07142857142857142,0.0,0.0,0.21428571428571427,0.5,0.07142857142857142,0.0,0.0,0.07142857142857142,14,,
spot_3135,0.0,0.058823529411764705,0.17647058823529413,0.0,0.0,0.0,0.5882352941176471,0.058823529411764705,0.0,0.0,0.11764705882352941,17,,
spot_3136,0.0,0.058823529411764705,0.17647058823529413,0.0,0.17647058823529413,0.29411764705882354,0.23529411764705882,0.058823529411764705,0.0,0.0,0.0,17,,
spot_3137,0.0,0.10344827586206896,0.1724137931034483,0.06896551724137931,0.034482758620689655,0.06896551724137931,0.10344827586206896,0.41379310344827586,0.0,0.0,0.034482758620689655,29,,
spot_3229,0.0,0.0,0.2,0.06666666666666667,0.0,0.26666666666666666,0.0,0.3333333333333333,0.0,0.0,0.13333333333333333,15,,
spot_3230,0.0,0.0625,0.125,0.0,0.0625,0.0625,0.25,0.375,0.0,0.0,0.0625,16,,
spot_3231,0.0,0.0,0.08333333333333333,0.0,0.0,0.0,0.3333333333333333,0.4166666666666667,0.0,0.0,0.16666666666666666,12,,
spot_3232,0.0,0.0,0.25,0.0625,0.0,0.125,0.1875,0.3125,0.0,0.0,0.0625,16,,
spot_3233,0.0,0.0,0.0,0.0,0.1875,0.0625,0.4375,0.1875,0.0,0.0,0.125,16,,
spot_3234,0.0,0.0,0.0,0.0,0.0,0.5,0.0,0.0,0.0,0.0,0.5,10,,
spot_3235,0.0,0.09090909090909091,0.2727272727272727,0.0,0.0,0.0,0.36363636363636365,0.2727272727272727,0.0,0.0,0.0,11,,
spot_3236,0.0,0.0,0.21428571428571427,0.0,0.07142857142857142,0.14285714285714285,0.14285714285714285,0.2857142857142857,0.0,0.0,0.14285714285714285,14,,
spot_3237,0.0,0.13333333333333333,0.26666666666666666,0.0,0.13333333333333333,0.0,0.06666666666666667,0.3333333333333333,0.0,0.0,0.06666666666666667,15,,
spot_3238,0.0,0.08695652173913043,0.13043478260869565,0.0,0.043478260869565216,0.043478260869565216,0.2608695652173913,0.391304347826087,0.0,0.0,0.043478260869565216,23,,
spot_3239,0.0,0.0,0.06666666666666667,0.0,0.0,0.13333333333333333,0.26666666666666666,0.5333333333333333,0.0,0.0,0.0,15,,
spot_3240,0.0,0.0,0.0,0.0,0.09090909090909091,0.2727272727272727,0.36363636363636365,0.2727272727272727,0.0,0.0,0.0,11,,
spot_3241,0.0,0.08695652173913043,0.17391304347826086,0.0,0.0,0.08695652173913043,0.4782608695652174,0.17391304347826086,0.0,0.0,0.0,23,,
spot_3242,0.0,0.0,0.10526315789473684,0.0,0.0,0.15789473684210525,0.3684210526315789,0.21052631578947367,0.0,0.0,0.15789473684210525,19,,
spot_3243,0.0,0.045454545454545456,0.0,0.0,0.09090909090909091,0.36363636363636365,0.3181818181818182,0.09090909090909091,0.0,0.0,0.09090909090909091,22,,
spot_3244,0.0,0.0,0.0,0.0,0.125,0.0625,0.5,0.3125,0.0,0.0,0.0,16,,
spot_3245,0.0,0.0,0.058823529411764705,0.0,0.0,0.0,0.5882352941176471,0.23529411764705882,0.0,0.0,0.11764705882352941,17,,
spot_3246,0.0,0.07692307692307693,0.23076923076923078,0.0,0.46153846153846156,0.07692307692307693,0.15384615384615385,0.0,0.0,0.0,0.0,13,,
spot_3247,0.0,0.0,0.07142857142857142,0.0,0.0,0.2857142857142857,0.42857142857142855,0.21428571428571427,0.0,0.0,0.0,14,,
spot_3248,0.0,0.047619047619047616,0.14285714285714285,0.0,0.0,0.19047619047619047,0.047619047619047616,0.5238095238095238,0.0,0.0,0.047619047619047616,21,,
spot_3249,0.0,0.0,0.17647058823529413,0.0,0.0,0.11764705882352941,0.4117647058823529,0.29411764705882354,0.0,0.0,0.0,17,,
spot_3250,0.0,0.0,0.06666666666666667,0.0,0.0,0.13333333333333333,0.4666666666666667,0.26666666666666666,0.0,0.0,0.06666666666666667,15,,
spot_3251,0.0,0.041666666666666664,0.20833333333333334,0.0,0.041666666666666664,0.0,0.4166666666666667,0.25,0.0,0.0,0.041666666666666664,24,,
spot_3344,0.0,0.0,0.0,0.09090909090909091,0.0,0.0,0.2727272727272727,0.36363636363636365,0.0,0.0,0.2727272727272727,11,,
spot_3345,0.0,0.0,0.0,0.0,0.11764705882352941,0.058823529411764705,0.6470588235294118,0.17647058823529413,0.0,0.0,0.0,17,,
spot_3346,0.0,0.0625,0.25,0.0,0.0625,0.0625,0.0625,0.25,0.0,0.0,0.25,16,,
spot_3347,0.0,0.0,0.07692307692307693,0.0,0.23076923076923078,0.15384615384615385,0.15384615384615385,0.38461538461538464,0.0,0.0,0.0,13,,
spot_3348,0.0,0.0,0.09090909090909091,0.0,0.09090909090909091,0.18181818181818182,0.18181818181818182,0.0,0.0,0.0,0.45454545454545453,11,,
spot_3349,0.0,0.125,0.0,0.0,0.0,0.125,0.1875,0.5,0.0,0.0,0.0625,16,,
spot_3350,0.0,0.05,0.0,0.0,0.05,0.1,0.75,0.05,0.0,0.0,0.0,20,,
spot_3351,0.0,0.0,0.0,0.0,0.0,0.4,0.3,0.1,0.0,0.0,0.2,10,,
spot_3352,0.0,0.0,0.11764705882352941,0.0,0.0,0.058823529411764705,0.11764705882352941,0.5882352941176471,0.0,0.0,0.11764705882352941,17,,
spot_3353,0.0,0.0,0.125,0.0625,0.0,0.0625,0.375,0.25,0.0,0.0,0.125,16,,
spot_3354,0.0,0.0,0.0,0.0,0.0,0.08333333333333333,0.5,0.4166666666666667,0.0,0.0,0.0,12,,
spot_3355,0.0,0.0,0.0,0.0,0.07142857142857142,0.0,0.5,0.42857142857142855,0.0,0.0,0.0,14,,
spot_3356,0.0,0.09523809523809523,0.09523809523809523,0.0,0.0,0.19047619047619047,0.19047619047619047,0.42857142857142855,0.0,0.0,0.0,21,,
spot_3357,0.0,0.0,0.05555555555555555,0.0,0.0,0.0,0.6111111111111112,0.3333333333333333,0.0,0.0,0.0,18,,
spot_3358,0.0,0.0,0.0,0.0,0.0,0.5714285714285714,0.14285714285714285,0.14285714285714285,0.0,0.0,0.14285714285714285,7,,
spot_3359,0.0,0.05555555555555555,0.3888888888888889,0.0,0.0,0.0,0.2777777777777778,0.2777777777777778,0.0,0.0,0.0,18,,
spot_3360,0.0,0.1,0.0,0.0,0.1,0.0,0.7,0.1,0.0,0.0,0.0,10,,
spot_3361,0.0,0.0,0.0,0.0,0.0,0.4444444444444444,0.3333333333333333,0.2222222222222222,0.0,0.0,0.0,9,,
spot_3362,0.0,0.06666666666666667,0.2,0.0,0.0,0.0,0.6,0.13333333333333333,0.0,0.0,0.0,15,,
spot_3363,0.0,0.07692307692307693,0.07692307692307693,0.0,0.23076923076923078,0.07692307692307693,0.46153846153846156,0.07692307692307693,0.0,0.0,0.0,13,,
spot_3364,0.0,0.0,0.0,0.0,0.0,0.125,0.4375,0.1875,0.0,0.0,0.25,16,,
spot_3365,0.0,0.0,0.11764705882352941,0.0,0.0,0.23529411764705882,0.23529411764705882,0.35294117647058826,0.0,0.0,0.058823529411764705,17,,
spot_3366,0.0,0.05555555555555555,0.0,0.1111111111111111,0.16666666666666666,0.1111111111111111,0.3888888888888889,0.16666666666666666,0.0,0.0,0.0,18,,
spot_3458,0.0,0.0,0.0,0.0,0.0,0.125,0.5,0.25,0.0,0.0,0.125,8,,
spot_3459,0.0,0.0,0.08333333333333333,0.0,0.0,0.0,0.4166666666666667,0.4166666666666667,0.0,0.0,0.08333333333333333,12,,
spot_3460,0.0,0.1111111111111111,0.2222222222222222,0.0,0.0,0.2222222222222222,0.2222222222222222,0.0,0.0,0.0,0.2222222222222222,9,,
spot_3461,0.0,0.047619047619047616,0.047619047619047616,0.0,0.047619047619047616,0.14285714285714285,0.047619047619047616,0.6190476190476191,0.0,0.0,0.047619047619047616,21,,
spot_3462,0.0,0.0,0.0,0.0,0.0,0.2857142857142857,0.2857142857142857,0.42857142857142855,0.0,0.0,0.0,7,,
spot_3463,0.0,0.0,0.07142857142857142,0.0,0.0,0.2857142857142857,0.0,0.5714285714285714,0.0,0.0,0.07142857142857142,14,,
spot_3464,0.0,0.0,0.0,0.0,0.0,0.4444444444444444,0.1111111111111111,0.4444444444444444,0.0,0.0,0.0,9,,
spot_3465,0.0,0.07692307692307693,0.15384615384615385,0.0,0.0,0.23076923076923078,0.15384615384615385,0.3076923076923077,0.0,0.0,0.07692307692307693,13,,
spot_3466,0.0,0.1,0.1,0.0,0.2,0.2,0.1,0.3,0.0,0.0,0.0,10,,
spot_3467,0.0,0.21428571428571427,0.14285714285714285,0.0,0.07142857142857142,0.07142857142857142,0.21428571428571427,0.2857142857142857,0.0,0.0,0.0,14,,
spot_3468,0.0,0.0,0.0,0.0,0.07692307692307693,0.0,0.9230769230769231,0.0,0.0,0.0,0.0,13,,
spot_3469,0.0,0.0,0.09090909090909091,0.0,0.09090909090909091,0.18181818181818182,0.5454545454545454,0.09090909090909091,0.0,0.0,0.0,11,,
spot_3470,0.0,0.1,0.2,0.0,0.0,0.3,0.3,0.1,0.0,0.0,0.0,10,,
spot_3471,0.0,0.0,0.07142857142857142,0.0,0.0,0.35714285714285715,0.35714285714285715,0.14285714285714285,0.0,0.0,0.07142857142857142,14,,
spot_3472,0.0,0.0,0.1,0.1,0.0,0.2,0.4,0.1,0.0,0.0,0.1,10,,
spot_3473,0.0,0.0,0.2,0.1,0.0,0.2,0.5,0.0,0.0,0.0,0.0,10,,
spot_3474,0.0,0.0625,0.125,0.0,0.0625,0.0,0.5,0.1875,0.0,0.0,0.0625,16,,
spot_3475,0.0,0.05555555555555555,0.05555555555555555,0.0,0.05555555555555555,0.16666666666666666,0.5555555555555556,0.05555555555555555,0.05555555555555555,0.0,0.0,18,,
spot_3476,0.0,0.0,0.125,0.0625,0.1875,0.0625,0.4375,0.0625,0.0,0.0,0.0625,16,,
spot_3477,0.0,0.0,0.4,0.0,0.0,0.2,0.3,0.1,0.0,0.0,0.0,10,,
spot_3478,0.0,0.0,0.0,0.0,0.0,0.4166666666666667,0.4166666666666667,0.0,0.0,0.0,0.16666666666666666,12,,
spot_3479,0.0,0.0,0.0,0.0,0.0,0.2857142857142857,0.5714285714285714,0.07142857142857142,0.0,0.0,0.07142857142857142,14,,
spot_3480,0.0,0.0,0.125,0.0,0.0,0.125,0.625,0.125,0.0,0.0,0.0,16,,
spot_3573,0.0,0.05263157894736842,0.0,0.05263157894736842,0.0,0.05263157894736842,0.42105263157894735,0.42105263157894735,0.0,0.0,0.0,19,,
spot_3574,0.0,0.0,0.04,0.0,0.08,0.0,0.84,0.0,0.0,0.0,0.04,25,,
spot_3575,0.0,0.0,0.0,0.0,0.0,0.0,0.2222222222222222,0.0,0.0,0.0,0.7777777777777778,9,,
spot_3576,0.0,0.0,0.07692307692307693,0.0,0.0,0.15384615384615385,0.07692307692307693,0.23076923076923078,0.0,0.0,0.46153846153846156,13,,
spot_3577,0.0,0.0,0.0,0.0,0.09090909090909091,0.2727272727272727,0.09090909090909091,0.18181818181818182,0.0,0.0,0.36363636363636365,11,,
spot_3578,0.0,0.0,0.3076923076923077,0.0,0.07692307692307693,0.07692307692307693,0.3076923076923077,0.15384615384615385,0.0,0.0,0.07692307692307693,13,,
spot_3579,0.0,0.08333333333333333,0.0,0.0,0.0,0.16666666666666666,0.4166666666666667,0.3333333333333333,0.0,0.0,0.0,12,,
spot_3580,0.0,0.0,0.14285714285714285,0.0,0.0,0.14285714285714285,0.35714285714285715,0.35714285714285715,0.0,0.0,0.0,14,,
spot_3581,0.0,0.0,0.09090909090909091,0.0,0.0,0.2727272727272727,0.45454545454545453,0.18181818181818182,0.0,0.0,0.0,11,,
spot_3582,0.0,0.05555555555555555,0.05555555555555555,0.0,0.05555555555555555,0.0,0.3888888888888889,0.4444444444444444,0.0,0.0,0.0,18,,
spot_3583,0.0,0.0,0.0625,0.0,0.125,0.0625,0.375,0.1875,0.0,0.0,0.1875,16,,
spot_3584,0.0,0.05263157894736842,0.10526315789473684,0.0,0.0,0.0,0.5789473684210527,0.2631578947368421,0.0,0.0,0.0,19,,
spot_3585,0.0,0.0,0.0,0.0,0.0,0.16666666666666666,0.5,0.16666666666666666,0.0,0.0,0.16666666666666666,6,,
spot_3586,0.0,0.0,0.0,0.1111111111111111,0.0,0.2222222222222222,0.5555555555555556,0.1111111111111111,0.0,0.0,0.0,9,,
spot_3587,0.0,0.04,0.04,0.04,0.04,0.04,0.64,0.12,0.0,0.0,0.04,25,,
spot_3588,0.0,0.0,0.09090909090909091,0.0,0.0,0.18181818181818182,0.45454545454545453,0.09090909090909091,0.0,0.0,0.18181818181818182,11,,
spot_3589,0.0,0.13333333333333333,0.06666666666666667,0.0,0.0,0.26666666666666666,0.3333333333333333,0.2,0.0,0.0,0.0,15,,
spot_3590,0.0,0.0,0.07142857142857142,0.0,0.14285714285714285,0.0,0.5,0.21428571428571427,0.0,0.0,0.07142857142857142,14,,
spot_3591,0.0,0.05263157894736842,0.3157894736842105,0.0,0.0,0.0,0.3684210526315789,0.2631578947368421,0.0,0.0,0.0,19,,
spot_3592,0.0,0.0,0.07692307692307693,0.0,0.0,0.23076923076923078,0.46153846153846156,0.15384615384615385,0.0,0.0,0.07692307692307693,13,,
spot_3593,0.0,0.0,0.0,0.0,0.11764705882352941,0.23529411764705882,0.4117647058823529,0.23529411764705882,0.0,0.0,0.0,17,,
spot_3594,0.0,0.0,0.1875,0.0,0.0,0.1875,0.375,0.25,0.0,0.0,0.0,16,,
spot_3595,0.0,0.04,0.08,0.08,0.04,0.08,0.44,0.24,0.0,0.0,0.0,25,,
spot_3687,0.0,0.0,0.2,0.05,0.0,0.0,0.2,0.45,0.0,0.0,0.1,20,,
spot_3688,0.0,0.0,0.0,0.0,0.0,0.0,0.1111111111111111,0.2222222222222222,0.0,0.0,0.6666666666666666,9,,
spot_3689,0.0,0.0,0.0,0.14285714285714285,0.047619047619047616,0.0,0.2857142857142857,0.5238095238095238,0.0,0.0,0.0,21,,
spot_3690,0.0,0.0,0.0,0.0,0.06666666666666667,0.06666666666666667,0.2,0.6,0.0,0.0,0.06666666666666667,15,,
spot_3691,0.0,0.0,0.0,0.0,0.0,0.0,0.6153846153846154,0.38461538461538464,0.0,0.0,0.0,13,,
spot_3692,0.0,0.0,0.125,0.0,0.0,0.1875,0.0625,0.3125,0.0,0.0,0.3125,16,,
spot_3693,0.0,0.0,0.09090909090909091,0.0,0.09090909090909091,0.0,0.2727272727272727,0.0,0.0,0.0,0.5454545454545454,11,,
spot_3694,0.0,0.03571428571428571,0.03571428571428571,0.07142857142857142,0.0,0.0,0.7142857142857143,0.14285714285714285,0.0,0.0,0.0,28,,
spot_3695,0.0,0.047619047619047616,0.047619047619047616,0.0,0.0,0.047619047619047616,0.3333333333333333,0.38095238095238093,0.0,0.0,0.14285714285714285,21,,
spot_3696,0.0,0.0625,0.0625,0.0,0.0,0.125,0.1875,0.4375,0.0,0.0,0.125,16,,
spot_3697,0.0,0.14285714285714285,0.14285714285714285,0.0,0.0,0.2857142857142857,0.14285714285714285,0.14285714285714285,0.0,0.0,0.14285714285714285,7,,
spot_3698,0.0,0.0,0.1111111111111111,0.0,0.1111111111111111,0.2222222222222222,0.3333333333333333,0.2222222222222222,0.0,0.0,0.0,9,,
spot_3699,0.0,0.0625,0.125,0.0,0.0,0.1875,0.375,0.1875,0.0,0.0,0.0625,16,,
spot_3700,0.0,0.043478260869565216,0.043478260869565216,0.0,0.043478260869565216,0.043478260869565216,0.4782608695652174,0.30434782608695654,0.0,0.0,0.043478260869565216,23,,
spot_3701,0.0,0.0625,0.125,0.0,0.0,0.1875,0.3125,0.1875,0.0,0.0,0.125,16,,
spot_3702,0.0,0.0,0.0,0.09090909090909091,0.09090909090909091,0.18181818181818182,0.6363636363636364,0.0,0.0,0.0,0.0,11,,
spot_3703,0.0,0.0,0.05,0.0,0.05,0.0,0.75,0.15,0.0,0.0,0.0,20,,
spot_3704,0.0,0.07692307692307693,0.15384615384615385,0.0,0.07692307692307693,0.07692307692307693,0.38461538461538464,0.23076923076923078,0.0,0.0,0.0,13,,
spot_3705,0.0,0.05263157894736842,0.0,0.0,0.0,0.10526315789473684,0.7894736842105263,0.05263157894736842,0.0,0.0,0.0,19,,
spot_3706,0.0,0.0,0.15384615384615385,0.0,0.0,0.23076923076923078,0.5384615384615384,0.07692307692307693,0.0,0.0,0.0,13,,
spot_3707,0.0,0.0,0.0,0.0,0.058823529411764705,0.17647058823529413,0.6470588235294118,0.11764705882352941,0.0,0.0,0.0,17,,
spot_3708,0.0,0.0,0.0,0.0,0.0,0.09090909090909091,0.6363636363636364,0.2727272727272727,0.0,0.0,0.0,11,,
spot_3709,0.0,0.06666666666666667,0.3333333333333333,0.0,0.0,0.06666666666666667,0.2,0.3333333333333333,0.0,0.0,0.0,15,,
spot_3802,0.0,0.0,0.041666666666666664,0.0,0.125,0.0,0.375,0.4166666666666667,0.0,0.0,0.041666666666666664,24,,
spot_3803,0.0,0.0,0.03571428571428571,0.0,0.0,0.0,0.7142857142857143,0.25,0.0,0.0,0.0,28,,
spot_3804,0.0,0.0,0.0,0.0,0.2,0.0,0.55,0.25,0.0,0.0,0.0,20,,
spot_3805,0.0,0.08333333333333333,0.08333333333333333,0.08333333333333333,0.08333333333333333,0.08333333333333333,0.25,0.25,0.0,0.0,0.08333333333333333,12,,
spot_3806,0.0,0.0,0.047619047619047616,0.0,0.09523809523809523,0.0,0.6190476190476191,0.23809523809523808,0.0,0.0,0.0,21,,
spot_3807,0.0,0.0,0.0,0.0,0.19047619047619047,0.0,0.6190476190476191,0.14285714285714285,0.0,0.0,0.047619047619047616,21,,
spot_3808,0.0,0.0,0.0,0.0,0.0,0.2222222222222222,0.3333333333333333,0.3333333333333333,0.0,0.0,0.1111111111111111,9,,
spot_3809,0.0,0.0,0.0,0.0,0.05263157894736842,0.0,0.7368421052631579,0.05263157894736842,0.0,0.0,0.15789473684210525,19,,
spot_3810,0.0,0.0,0.0,0.0,0.17647058823529413,0.058823529411764705,0.058823529411764705,0.47058823529411764,0.0,0.0,0.23529411764705882,17,,
spot_3811,0.0,0.24,0.24,0.0,0.0,0.04,0.32,0.16,0.0,0.0,0.0,25,,
spot_3812,0.0,0.1,0.0,0.0,0.0,0.1,0.7,0.1,0.0,0.0,0.0,10,,
spot_3813,0.0,0.0,0.0,0.0,0.09090909090909091,0.0,0.8181818181818182,0.09090909090909091,0.0,0.0,0.0,11,,
spot_3814,0.0,0.06666666666666667,0.06666666666666667,0.0,0.0,0.06666666666666667,0.5333333333333333,0.26666666666666666,0.0,0.0,0.0,15,,
spot_3815,0.0,0.0,0.0,0.0,0.0,0.18181818181818182,0.6363636363636364,0.18181818181818182,0.0,0.0,0.0,11,,
spot_3816,0.0,0.0,0.0,0.0,0.0,0.14285714285714285,0.5714285714285714,0.14285714285714285,0.0,0.0,0.14285714285714285,7,,
spot_3817,0.0,0.0,0.2222222222222222,0.0,0.1111111111111111,0.4444444444444444,0.2222222222222222,0.0,0.0,0.0,0.0,9,,
spot_3818,0.0,0.0625,0.0625,0.0625,0.0625,0.125,0.375,0.125,0.0,0.0,0.125,16,,
spot_3819,0.0,0.0,0.08333333333333333,0.0,0.125,0.0,0.5833333333333334,0.16666666666666666,0.0,0.0,0.041666666666666664,24,,
spot_3820,0.0,0.0,0.0,0.0,0.06666666666666667,0.2,0.5333333333333333,0.2,0.0,0.0,0.0,15,,
spot_3821,0.0,0.0,0.09090909090909091,0.0,0.18181818181818182,0.18181818181818182,0.2727272727272727,0.2727272727272727,0.0,0.0,0.0,11,,
spot_3822,0.0,0.041666666666666664,0.125,0.0,0.08333333333333333,0.08333333333333333,0.2916666666666667,0.375,0.0,0.0,0.0,24,,
spot_3823,0.0,0.0,0.2,0.05,0.0,0.1,0.45,0.2,0.0,0.0,0.0,20,,
spot_3824,0.0,0.07692307692307693,0.07692307692307693,0.0,0.0,0.38461538461538464,0.0,0.46153846153846156,0.0,0.0,0.0,13,,
spot_3916,0.0,0.04,0.16,0.04,0.04,0.0,0.16,0.52,0.0,0.0,0.04,25,,
spot_3917,0.0,0.17391304347826086,0.13043478260869565,0.0,0.043478260869565216,0.0,0.0,0.6521739130434783,0.0,0.0,0.0,23,,
spot_3918,0.0,0.1,0.1,0.0,0.0,0.1,0.1,0.6,0.0,0.0,0.0,20,,
spot_3919,0.0,0.09090909090909091,0.09090909090909091,0.0,0.0,0.09090909090909091,0.18181818181818182,0.5454545454545454,0.0,0.0,0.0,11,,
spot_3920,0.0,0.0,0.1111111111111111,0.0,0.16666666666666666,0.0,0.2222222222222222,0.5,0.0,0.0,0.0,18,,
spot_3921,0.0,0.06896551724137931,0.1724137931034483,0.034482758620689655,0.034482758620689655,0.0,0.10344827586206896,0.5517241379310345,0.0,0.0,0.034482758620689655,29,,
spot_3922,0.0,0.0,0.08695652173913043,0.0,0.0,0.17391304347826086,0.08695652173913043,0.5652173913043478,0.0,0.0,0.08695652173913043,23,,
spot_3923,0.0,0.06666666666666667,0.0,0.0,0.0,0.0,0.4666666666666667,0.26666666666666666,0.0,0.0,0.2,15,,
spot_3924,0.0,0.16666666666666666,0.16666666666666666,0.0,0.0,0.16666666666666666,0.16666666666666666,0.2222222222222222,0.0,0.0,0.1111111111111111,18,,
spot_3925,0.0,0.0,0.0,0.0,0.0,0.0,0.8,0.2,0.0,0.0,0.0,5,,
spot_3926,0.0,0.0,0.125,0.0,0.0,0.375,0.25,0.125,0.0,0.0,0.125,8,,
spot_3927,0.0,0.0,0.09523809523809523,0.0,0.09523809523809523,0.09523809523809523,0.5714285714285714,0.14285714285714285,0.0,0.0,0.0,21,,
spot_3928,0.0,0.0625,0.125,0.0625,0.0,0.125,0.125,0.5,0.0,0.0,0.0,16,,
spot_3929,0.0,0.05263157894736842,0.15789473684210525,0.0,0.10526315789473684,0.10526315789473684,0.3157894736842105,0.2631578947368421,0.0,0.0,0.0,19,,
spot_3930,0.0,0.0,0.0,0.0,0.0,0.1111111111111111,0.7777777777777778,0.1111111111111111,0.0,0.0,0.0,9,,
spot_3931,0.0,0.18181818181818182,0.09090909090909091,0.0,0.0,0.18181818181818182,0.36363636363636365,0.0,0.0,0.0,0.18181818181818182,11,,
spot_3932,0.0,0.07692307692307693,0.15384615384615385,0.0,0.0,0.07692307692307693,0.3076923076923077,0.23076923076923078,0.0,0.0,0.15384615384615385,13,,
spot_3933,0.0,0.047619047619047616,0.19047619047619047,0.0,0.0,0.047619047619047616,0.5238095238095238,0.19047619047619047,0.0,0.0,0.0,21,,
spot_3934,0.0,0.0,0.0,0.0,0.0,0.38461538461538464,0.23076923076923078,0.15384615384615385,0.0,0.0,0.23076923076923078,13,,
spot_3935,0.0,0.0,0.16666666666666666,0.0,0.0,0.16666666666666666,0.16666666666666666,0.5,0.0,0.0,0.0,6,,
spot_3936,0.0,0.0,0.058823529411764705,0.0,0.058823529411764705,0.11764705882352941,0.35294117647058826,0.4117647058823529,0.0,0.0,0.0,17,,
spot_3937,0.0,0.07142857142857142,0.07142857142857142,0.0,0.0,0.2857142857142857,0.14285714285714285,0.42857142857142855,0.0,0.0,0.0,14,,
spot_3938,0.0,0.1,0.2,0.0,0.0,0.0,0.2,0.3,0.0,0.0,0.2,10,,
spot_4031,0.0,0.1,0.1,0.0,0.1,0.0,0.55,0.15,0.0,0.0,0.0,20,,
spot_4032,0.0,0.0,0.0,0.0,0.23333333333333334,0.0,0.6,0.16666666666666666,0.0,0.0,0.0,30,,
spot_4033,0.0,0.0,0.3125,0.0,0.0,0.125,0.0,0.375,0.0,0.0,0.1875,16,,
spot_4034,0.0,0.08333333333333333,0.0,0.0,0.041666666666666664,0.0,0.2916666666666667,0.5833333333333334,0.0,0.0,0.0,24,,
spot_4035,0.0,0.1,0.03333333333333333,0.1,0.03333333333333333,0.0,0.16666666666666666,0.5666666666666667,0.0,0.0,0.0,30,,
spot_4036,0.0,0.0,0.0,0.0,0.0,0.14285714285714285,0.5714285714285714,0.14285714285714285,0.0,0.0,0.14285714285714285,7,,
spot_4037,0.0,0.0625,0.125,0.03125,0.03125,0.0625,0.125,0.5,0.0,0.0,0.0625,32,,
spot_4038,0.0,0.0,0.0,0.0,0.0,0.45454545454545453,0.36363636363636365,0.18181818181818182,0.0,0.0,0.0,11,,
spot_4039,0.0,0.0,0.0,0.0,0.0,0.42857142857142855,0.42857142857142855,0.14285714285714285,0.0,0.0,0.0,7,,
spot_4040,0.0,0.0,0.09090909090909091,0.0,0.0,0.18181818181818182,0.2727272727272727,0.45454545454545453,0.0,0.0,0.0,11,,
spot_4041,0.0,0.05,0.0,0.0,0.05,0.05,0.45,0.3,0.0,0.0,0.1,20,,
spot_4042,0.0,0.0,0.07142857142857142,0.0,0.0,0.14285714285714285,0.5,0.21428571428571427,0.0,0.0,0.07142857142857142,14,,
spot_4043,0.0,0.05263157894736842,0.10526315789473684,0.0,0.15789473684210525,0.0,0.631578947368421,0.05263157894736842,0.0,0.0,0.0,19,,
spot_4044,0.0,0.13636363636363635,0.09090909090909091,0.045454545454545456,0.09090909090909091,0.0,0.045454545454545456,0.5909090909090909,0.0,0.0,0.0,22,,
spot_4045,0.0,0.041666666666666664,0.08333333333333333,0.0,0.0,0.0,0.75,0.125,0.0,0.0,0.0,24,,
spot_4046,0.0,0.0,0.0,0.0,0.0,0.23076923076923078,0.5384615384615384,0.23076923076923078,0.0,0.0,0.0,13,,
spot_4047,0.0,0.0,0.0,0.0,0.0,0.0,0.8461538461538461,0.07692307692307693,0.0,0.0,0.07692307692307693,13,,
spot_4048,0.0,0.041666666666666664,0.08333333333333333,0.0,0.041666666666666664,0.041666666666666664,0.4583333333333333,0.3333333333333333,0.0,0.0,0.0,24,,
spot_4049,0.0,0.058823529411764705,0.23529411764705882,0.0,0.11764705882352941,0.058823529411764705,0.23529411764705882,0.23529411764705882,0.0,0.0,0.058823529411764705,17,,
spot_4050,0.0,0.058823529411764705,0.0,0.0,0.058823529411764705,0.17647058823529413,0.5882352941176471,0.11764705882352941,0.0,0.0,0.0,17,,
spot_4051,0.0,0.0,0.3333333333333333,0.0,0.0,0.3333333333333333,0.0,0.3333333333333333,0.0,0.0,0.0,3,,
spot_4052,0.0,0.0,0.0,0.0,0.0,0.1,0.7,0.1,0.0,0.0,0.1,10,,
spot_4053,0.0,0.0,0.0,0.0,0.18181818181818182,0.45454545454545453,0.2727272727272727,0.09090909090909091,0.0,0.0,0.0,11,,
spot_4145,0.0,0.08333333333333333,0.0,0.041666666666666664,0.0,0.041666666666666664,0.3333333333333333,0.5,0.0,0.0,0.0,24,,
spot_4146,0.0,0.05263157894736842,0.15789473684210525,0.0,0.05263157894736842,0.0,0.3157894736842105,0.42105263157894735,0.0,0.0,0.0,19,,
spot_4147,0.0,0.0,0.2,0.0,0.0,0.12,0.12,0.52,0.0,0.0,0.04,25,,
spot_4148,0.0,0.045454545454545456,0.0,0.045454545454545456,0.0,0.0,0.22727272727272727,0.6818181818181818,0.0,0.0,0.0,22,,
spot_4149,0.0,0.0,0.05263157894736842,0.0,0.05263157894736842,0.10526315789473684,0.0,0.7894736842105263,0.0,0.0,0.0,19,,
spot_4150,0.0,0.04,0.2,0.0,0.0,0.0,0.16,0.6,0.0,0.0,0.0,25,,
spot_4151,0.0,0.0,0.0,0.0,0.0,0.2,0.3,0.5,0.0,0.0,0.0,10,,
spot_4152,0.0,0.0,0.0,0.0,0.0,0.45454545454545453,0.18181818181818182,0.09090909090909091,0.0,0.0,0.2727272727272727,11,,
spot_4153,0.0,0.0,0.0,0.0,0.0,0.125,0.5,0.375,0.0,0.0,0.0,16,,
spot_4154,0.0,0.0,0.0,0.0,0.1111111111111111,0.1111111111111111,0.2222222222222222,0.1111111111111111,0.0,0.0,0.4444444444444444,9,,
spot_4155,0.0,0.08333333333333333,0.125,0.041666666666666664,0.0,0.0,0.5416666666666666,0.16666666666666666,0.0,0.0,0.041666666666666664,24,,
spot_4156,0.0,0.0,0.043478260869565216,0.0,0.13043478260869565,0.043478260869565216,0.4782608695652174,0.30434782608695654,0.0,0.0,0.0,23,,
spot_4157,0.0,0.10526315789473684,0.21052631578947367,0.0,0.0,0.21052631578947367,0.10526315789473684,0.3684210526315789,0.0,0.0,0.0,19,,
spot_4158,0.0,0.0,0.058823529411764705,0.0,0.11764705882352941,0.11764705882352941,0.47058823529411764,0.17647058823529413,0.0,0.0,0.058823529411764705,17,,
spot_4159,0.0,0.0,0.0,0.0,0.0,0.3,0.5,0.2,0.0,0.0,0.0,10,,
spot_4160,0.0,0.0,0.125,0.0,0.125,0.125,0.375,0.25,0.0,0.0,0.0,16,,
spot_4161,0.0,0.041666666666666664,0.16666666666666666,0.0,0.2916666666666667,0.16666666666666666,0.041666666666666664,0.25,0.0,0.0,0.041666666666666664,24,,
spot_4162,0.0,0.0,0.0,0.0,0.0,0.2222222222222222,0.6666666666666666,0.0,0.0,0.0,0.1111111111111111,9,,
spot_4163,0.0,0.0,0.0,0.0,0.2222222222222222,0.16666666666666666,0.4444444444444444,0.1111111111111111,0.0,0.0,0.05555555555555555,18,,
spot_4164,0.0,0.0,0.14285714285714285,0.0,0.07142857142857142,0.07142857142857142,0.35714285714285715,0.2857142857142857,0.0,0.0,0.07142857142857142,14,,
spot_4165,0.0,0.0,0.2222222222222222,0.0,0.1111111111111111,0.2222222222222222,0.2222222222222222,0.1111111111111111,0.0,0.0,0.1111111111111111,9,,
spot_4166,0.0,0.0,0.0,0.0,0.0,0.25,0.625,0.125,0.0,0.0,0.0,8,,
spot_4167,0.0,0.0,0.0,0.0,0.0,0.42857142857142855,0.5714285714285714,0.0,0.0,0.0,0.0,7,,
spot_4260,0.0,0.07142857142857142,0.21428571428571427,0.0,0.0,0.07142857142857142,0.07142857142857142,0.42857142857142855,0.0,0.0,0.14285714285714285,14,,
spot_4261,0.0,0.034482758620689655,0.06896551724137931,0.0,0.10344827586206896,0.0,0.1724137931034483,0.6206896551724138,0.0,0.0,0.0,29,,
spot_4262,0.0,0.12,0.2,0.04,0.0,0.04,0.16,0.4,0.0,0.0,0.04,25,,
spot_4263,0.0,0.08333333333333333,0.16666666666666666,0.0,0.0,0.0,0.16666666666666666,0.3333333333333333,0.0,0.0,0.25,12,,
spot_4264,0.0,0.0,0.15,0.0,0.0,0.05,0.25,0.45,0.0,0.0,0.1,20,,
spot_4265,0.0,0.0,0.07692307692307693,0.0,0.0,0.0,0.5384615384615384,0.07692307692307693,0.0,0.0,0.3076923076923077,13,,
spot_4266,0.0,0.0,0.0,0.0,0.0,0.058823529411764705,0.47058823529411764,0.4117647058823529,0.0,0.0,0.058823529411764705,17,,
spot_4267,0.0,0.0,0.0,0.0,0.0,0.3,0.5,0.1,0.0,0.0,0.1,10,,
spot_4268,0.0,0.07692307692307693,0.07692307692307693,0.0,0.0,0.46153846153846156,0.23076923076923078,0.15384615384615385,0.0,0.0,0.0,13,,
spot_4269,0.0,0.1875,0.0625,0.0,0.0,0.125,0.25,0.375,0.0,0.0,0.0,16,,
spot_4270,0.0,0.0,0.1111111111111111,0.0,0.0,0.2222222222222222,0.5555555555555556,0.1111111111111111,0.0,0.0,0.0,9,,
spot_4271,0.0,0.0,0.06666666666666667,0.0,0.0,0.4,0.2,0.2,0.0,0.0,0.13333333333333333,15,,
spot_4272,0.0,0.0,0.15789473684210525,0.0,0.0,0.10526315789473684,0.3684210526315789,0.3157894736842105,0.0,0.0,0.05263157894736842,19,,
spot_4273,0.0,0.125,0.0625,0.0,0.0625,0.0625,0.1875,0.5,0.0,0.0,0.0,16,,
spot_4274,0.0,0.09090909090909091,0.045454545454545456,0.09090909090909091,0.045454545454545456,0.13636363636363635,0.4090909090909091,0.13636363636363635,0.0,0.0,0.045454545454545456,22,,
spot_4275,0.0,0.08333333333333333,0.08333333333333333,0.0,0.0,0.16666666666666666,0.4166666666666667,0.25,0.0,0.0,0.0,12,,
spot_4276,0.0,0.06666666666666667,0.06666666666666667,0.0,0.0,0.06666666666666667,0.5333333333333333,0.13333333333333333,0.0,0.0,0.13333333333333333,15,,
spot_4277,0.0,0.0,0.0,0.0,0.08333333333333333,0.16666666666666666,0.5,0.08333333333333333,0.0,0.0,0.16666666666666666,12,,
spot_4278,0.0,0.0,0.0,0.0,0.0,0.4,0.3333333333333333,0.06666666666666667,0.0,0.0,0.2,15,,
spot_4279,0.0,0.0,0.11764705882352941,0.0,0.0,0.058823529411764705,0.29411764705882354,0.47058823529411764,0.0,0.0,0.058823529411764705,17,,
spot_4280,0.0,0.0,0.0,0.05555555555555555,0.05555555555555555,0.1111111111111111,0.5,0.2777777777777778,0.0,0.0,0.0,18,,
spot_4281,0.0,0.0,0.0,0.0,0.0,0.5,0.5,0.0,0.0,0.0,0.0,8,,
spot_4282,0.0,0.0,0.0,0.0,0.0,0.391304347826087,0.5652173913043478,0.043478260869565216,0.0,0.0,0.0,23,,
spot_4374,0.0,0.07692307692307693,0.07692307692307693,0.0,0.07692307692307693,0.038461538461538464,0.46153846153846156,0.2692307692307692,0.0,0.0,0.0,26,,
spot_4375,0.0,0.0,0.2222222222222222,0.05555555555555555,0.0,0.0,0.1111111111111111,0.6111111111111112,0.0,0.0,0.0,18,,
spot_4376,0.0,0.027777777777777776,0.08333333333333333,0.0,0.0,0.0,0.16666666666666666,0.7222222222222222,0.0,0.0,0.0,36,,
spot_4377,0.0,0.0625,0.125,0.0,0.0,0.125,0.1875,0.3125,0.0,0.0,0.1875,16,,
spot_4378,0.0,0.0,0.0,0.0,0.09090909090909091,0.18181818181818182,0.09090909090909091,0.45454545454545453,0.0,0.0,0.18181818181818182,11,,
spot_4379,0.0,0.058823529411764705,0.058823529411764705,0.0,0.0,0.23529411764705882,0.17647058823529413,0.29411764705882354,0.0,0.0,0.17647058823529413,17,,
spot_4380,0.0,0.0,0.16666666666666666,0.08333333333333333,0.08333333333333333,0.08333333333333333,0.3333333333333333,0.16666666666666666,0.0,0.0,0.08333333333333333,12,,
spot_4381,0.0,0.0,0.1875,0.0,0.0,0.25,0.25,0.3125,0.0,0.0,0.0,16,,
spot_4382,0.0,0.0,0.0,0.0,0.0,0.4444444444444444,0.2222222222222222,0.0,0.0,0.0,0.3333333333333333,9,,
spot_4383,0.0,0.058823529411764705,0.0,0.058823529411764705,0.0,0.23529411764705882,0.11764705882352941,0.47058823529411764,0.0,0.0,0.058823529411764705,17,,
spot_4384,0.0,0.0,0.07142857142857142,0.0,0.0,0.14285714285714285,0.35714285714285715,0.35714285714285715,0.0,0.0,0.07142857142857142,14,,
spot_4385,0.0,0.041666666666666664,0.20833333333333334,0.0,0.0,0.125,0.16666666666666666,0.4166666666666667,0.0,0.0,0.041666666666666664,24,,
spot_4386,0.0,0.09090909090909091,0.18181818181818182,0.0,0.0,0.09090909090909091,0.36363636363636365,0.18181818181818182,0.0,0.0,0.09090909090909091,11,,
spot_4387,0.0,0.0,0.0,0.0,0.0,0.18181818181818182,0.2727272727272727,0.36363636363636365,0.0,0.0,0.18181818181818182,11,,
spot_4388,0.0,0.0,0.0,0.0,0.0,0.08333333333333333,0.4166666666666667,0.5,0.0,0.0,0.0,12,,
spot_4389,0.0,0.0,0.0625,0.0,0.0,0.1875,0.5625,0.125,0.0,0.0,0.0625,16,,
spot_4390,0.0,0.0,0.0,0.0,0.0,0.0,1.0,0.0,0.0,0.0,0.0,10,,
spot_4391,0.0,0.0,0.0,0.0,0.08333333333333333,0.16666666666666666,0.6666666666666666,0.08333333333333333,0.0,0.0,0.0,12,,
spot_4392,0.0,0.0,0.0,0.0,0.2727272727272727,0.36363636363636365,0.2727272727272727,0.09090909090909091,0.0,0.0,0.0,11,,
spot_4393,0.0,0.0,0.16666666666666666,0.0,0.0,0.16666666666666666,0.5,0.16666666666666666,0.0,0.0,0.0,6,,
spot_4394,0.0,0.058823529411764705,0.0,0.0,0.0,0.058823529411764705,0.7647058823529411,0.11764705882352941,0.0,0.0,0.0,17,,
spot_4395,0.0,0.0,0.21428571428571427,0.0,0.0,0.07142857142857142,0.6428571428571429,0.07142857142857142,0.0,0.0,0.0,14,,
spot_4396,0.0,0.0,0.18181818181818182,0.0,0.0,0.09090909090909091,0.45454545454545453,0.2727272727272727,0.0,0.0,0.0,11,,
spot_4489,0.0,0.11764705882352941,0.0,0.058823529411764705,0.0,0.0,0.17647058823529413,0.6470588235294118,0.0,0.0,0.0,17,,
spot_4490,0.0,0.0,0.058823529411764705,0.0,0.058823529411764705,0.058823529411764705,0.5294117647058824,0.29411764705882354,0.0,0.0,0.0,17,,
spot_4491,0.0,0.0,0.0,0.0,0.0,0.2727272727272727,0.2727272727272727,0.2727272727272727,0.0,0.0,0.18181818181818182,11,,
spot_4492,0.0,0.0,0.0,0.0,0.0,0.1875,0.125,0.375,0.0,0.0,0.3125,16,,
spot_4493,0.0,0.0,0.0,0.0,0.0,0.25,0.25,0.4166666666666667,0.0,0.0,0.08333333333333333,12,,
spot_4494,0.0,0.0,0.0,0.0,0.0,0.4444444444444444,0.1111111111111111,0.4444444444444444,0.0,0.0,0.0,9,,
spot_4495,0.0,0.0,0.0,0.0,0.0,0.16666666666666666,0.3333333333333333,0.0,0.0,0.0,0.5,6,,
spot_4496,0.0,0.0,0.0,0.07692307692307693,0.0,0.15384615384615385,0.15384615384615385,0.5384615384615384,0.0,0.0,0.07692307692307693,13,,
spot_4497,0.0,0.0,0.0,0.0,0.08333333333333333,0.5,0.25,0.16666666666666666,0.0,0.0,0.0,12,,
spot_4498,0.0,0.08333333333333333,0.0,0.0,0.0,0.25,0.25,0.25,0.0,0.0,0.16666666666666666,12,,
spot_4499,0.0,0.0,0.13333333333333333,0.0,0.0,0.13333333333333333,0.4,0.2,0.0,0.0,0.13333333333333333,15,,
spot_4500,0.0,0.0,0.0,0.0,0.0,0.05,0.4,0.4,0.0,0.0,0.15,20,,
spot_4501,0.0,0.0,0.0,0.0,0.0,0.15384615384615385,0.6153846153846154,0.15384615384615385,0.0,0.0,0.07692307692307693,13,,
spot_4502,0.0,0.0,0.06666666666666667,0.0,0.0,0.0,0.6666666666666666,0.26666666666666666,0.0,0.0,0.0,15,,
spot_4503,0.0,0.0,0.0,0.0,0.0,0.0,0.75,0.0,0.0,0.0,0.25,4,,
spot_4504,0.0,0.06666666666666667,0.0,0.06666666666666667,0.0,0.2,0.4,0.26666666666666666,0.0,0.0,0.0,15,,
spot_4505,0.0,0.0,0.0,0.0,0.0,0.25,0.75,0.0,0.0,0.0,0.0,4,,
spot_4506,0.0,0.0,0.07692307692307693,0.0,0.0,0.15384615384615385,0.38461538461538464,0.23076923076923078,0.0,0.0,0.15384615384615385,13,,
spot_4507,0.0,0.058823529411764705,0.058823529411764705,0.0,0.058823529411764705,0.058823529411764705,0.5882352941176471,0.11764705882352941,0.0,0.0,0.058823529411764705,17,,
spot_4508,0.0,0.0,0.0,0.0,0.0,0.6666666666666666,0.3333333333333333,0.0,0.0,0.0,0.0,6,,
spot_4509,0.0,0.0,0.0,0.0,0.06666666666666667,0.13333333333333333,0.6666666666666666,0.13333333333333333,0.0,0.0,0.0,15,,
spot_4510,0.0,0.0,0.16666666666666666,0.0,0.0,0.3333333333333333,0.5,0.0,0.0,0.0,0.0,6,,
spot_4511,0.0,0.0,0.06666666666666667,0.0,0.0,0.13333333333333333,0.6666666666666666,0.0,0.0,0.0,0.13333333333333333,15,,
spot_4603,0.0,0.18181818181818182,0.0,0.0,0.0,0.0,0.45454545454545453,0.2727272727272727,0.0,0.0,0.09090909090909091,11,,
spot_4604,0.0,0.0,0.0,0.0,0.0,0.2727272727272727,0.2727272727272727,0.09090909090909091,0.0,0.0,0.36363636363636365,11,,
spot_4605,0.0,0.07692307692307693,0.07692307692307693,0.07692307692307693,0.0,0.07692307692307693,0.3076923076923077,0.38461538461538464,0.0,0.0,0.0,13,,
spot_4606,0.0,0.0,0.08333333333333333,0.0,0.08333333333333333,0.16666666666666666,0.3333333333333333,0.3333333333333333,0.0,0.0,0.0,12,,
spot_4607,0.0,0.0,0.0,0.08333333333333333,0.0,0.3333333333333333,0.4166666666666667,0.16666666666666666,0.0,0.0,0.0,12,,
spot_4608,0.0,0.0,0.0,0.0,0.0,0.3076923076923077,0.3076923076923077,0.3076923076923077,0.0,0.0,0.07692307692307693,13,,
spot_4609,0.0,0.0,0.0,0.0,0.0,0.4444444444444444,0.3333333333333333,0.0,0.0,0.0,0.2222222222222222,9,,
spot_4610,0.0,0.0,0.06666666666666667,0.0,0.0,0.26666666666666666,0.13333333333333333,0.5333333333333333,0.0,0.0,0.0,15,,
spot_4611,0.0,0.1,0.03333333333333333,0.03333333333333333,0.0,0.06666666666666667,0.5666666666666667,0.16666666666666666,0.0,0.0,0.03333333333333333,30,,
spot_4612,0.0,0.058823529411764705,0.0,0.0,0.0,0.35294117647058826,0.23529411764705882,0.29411764705882354,0.0,0.0,0.058823529411764705,17,,
spot_4613,0.0,0.043478260869565216,0.043478260869565216,0.043478260869565216,0.043478260869565216,0.0,0.6956521739130435,0.13043478260869565,0.0,0.0,0.0,23,,
spot_4614,0.0,0.0,0.3076923076923077,0.0,0.0,0.15384615384615385,0.38461538461538464,0.15384615384615385,0.0,0.0,0.0,13,,
spot_4615,0.0,0.0,0.2,0.0,0.0,0.2,0.3,0.3,0.0,0.0,0.0,10,,
spot_4616,0.0,0.09090909090909091,0.0,0.0,0.0,0.36363636363636365,0.36363636363636365,0.0,0.0,0.0,0.18181818181818182,11,,
spot_4617,0.0,0.0,0.06666666666666667,0.0,0.06666666666666667,0.2,0.5333333333333333,0.06666666666666667,0.0,0.0,0.06666666666666667,15,,
spot_4618,0.0,0.0,0.15,0.0,0.0,0.15,0.4,0.3,0.0,0.0,0.0,20,,
spot_4619,0.0,0.0,0.0,0.0,0.0,0.3,0.3,0.2,0.0,0.0,0.2,10,,
spot_4620,0.0,0.0,0.07692307692307693,0.0,0.0,0.15384615384615385,0.5384615384615384,0.23076923076923078,0.0,0.0,0.0,13,,
spot_4621,0.0,0.041666666666666664,0.0,0.0,0.0,0.041666666666666664,0.7083333333333334,0.20833333333333334,0.0,0.0,0.0,24,,
spot_4622,0.0,0.0,0.0,0.0,0.0,0.3076923076923077,0.6923076923076923,0.0,0.0,0.0,0.0,13,,
spot_4623,0.0,0.06666666666666667,0.06666666666666667,0.0,0.0,0.13333333333333333,0.5333333333333333,0.2,0.0,0.0,0.0,15,,
spot_4624,0.0,0.058823529411764705,0.058823529411764705,0.0,0.058823529411764705,0.0,0.7058823529411765,0.11764705882352941,0.0,0.0,0.0,17,,
spot_4625,0.0,0.07692307692307693,0.0,0.0,0.0,0.15384615384615385,0.7692307692307693,0.0,0.0,0.0,0.0,13,,
spot_4718,0.0,0.0625,0.0,0.0,0.0,0.0,0.4375,0.4375,0.0,0.0,0.0625,16,,
spot_4719,0.0,0.0,0.07142857142857142,0.0,0.0,0.07142857142857142,0.5,0.21428571428571427,0.0,0.0,0.14285714285714285,14,,
spot_4720,0.0,0.2222222222222222,0.05555555555555555,0.0,0.0,0.0,0.3333333333333333,0.3888888888888889,0.0,0.0,0.0,18,,
spot_4721,0.0,0.22727272727272727,0.13636363636363635,0.0,0.0,0.09090909090909091,0.13636363636363635,0.4090909090909091,0.0,0.0,0.0,22,,
spot_4722,0.0,0.047619047619047616,0.09523809523809523,0.0,0.047619047619047616,0.14285714285714285,0.3333333333333333,0.23809523809523808,0.0,0.0,0.09523809523809523,21,,
spot_4723,0.0,0.07142857142857142,0.07142857142857142,0.0,0.0,0.14285714285714285,0.21428571428571427,0.2857142857142857,0.0,0.0,0.21428571428571427,14,,
spot_4724,0.0,0.0,0.07142857142857142,0.0,0.0,0.21428571428571427,0.21428571428571427,0.21428571428571427,0.0,0.0,0.2857142857142857,14,,
spot_4725,0.0,0.07142857142857142,0.0,0.07142857142857142,0.0,0.0,0.5714285714285714,0.21428571428571427,0.0,0.0,0.07142857142857142,14,,
spot_4726,0.0,0.09090909090909091,0.18181818181818182,0.0,0.0,0.2727272727272727,0.36363636363636365,0.09090909090909091,0.0,0.0,0.0,11,,
spot_4727,0.0,0.0,0.043478260869565216,0.043478260869565216,0.043478260869565216,0.043478260869565216,0.08695652173913043,0.7391304347826086,0.0,0.0,0.0,23,,
spot_4728,0.0,0.0,0.0,0.05263157894736842,0.0,0.15789473684210525,0.5789473684210527,0.21052631578947367,0.0,0.0,0.0,19,,
spot_4729,0.0,0.0,0.0,0.0,0.0,0.5833333333333334,0.25,0.08333333333333333,0.0,0.0,0.08333333333333333,12,,
spot_4730,0.0,0.25,0.125,0.0,0.0,0.25,0.25,0.0,0.0,0.0,0.125,8,,
spot_4731,0.0,0.1,0.0,0.0,0.0,0.3,0.1,0.5,0.0,0.0,0.0,10,,
spot_4732,0.0,0.0,0.0,0.0,0.0,0.125,0.625,0.25,0.0,0.0,0.0,8,,
spot_4733,0.0,0.0,0.09090909090909091,0.0,0.0,0.18181818181818182,0.36363636363636365,0.18181818181818182,0.0,0.0,0.18181818181818182,11,,
spot_4734,0.0,0.2,0.0,0.0,0.0,0.0,0.3,0.5,0.0,0.0,0.0,10,,
spot_4735,0.0,0.0,0.0,0.0,0.0,0.5,0.4166666666666667,0.0,0.0,0.0,0.08333333333333333,12,,
spot_4736,0.0,0.045454545454545456,0.0,0.0,0.0,0.0,0.7727272727272727,0.18181818181818182,0.0,0.0,0.0,22,,
spot_4737,0.0,0.0,0.058823529411764705,0.0,0.0,0.0,0.7058823529411765,0.17647058823529413,0.0,0.0,0.058823529411764705,17,,
spot_4738,0.0,0.0,0.0,0.0,0.0,0.375,0.5,0.0,0.0,0.0,0.125,8,,
spot_4739,0.0,0.08333333333333333,0.0,0.0,0.08333333333333333,0.3333333333333333,0.5,0.0,0.0,0.0,0.0,12,,
spot_4740,0.0,0.05263157894736842,0.0,0.0,0.0,0.21052631578947367,0.42105263157894735,0.3157894736842105,0.0,0.0,0.0,19,,
spot_4832,0.0,0.0,0.0,0.0,0.0,0.2,0.3,0.1,0.0,0.0,0.4,10,,
spot_4833,0.0,0.0,0.0,0.0,0.0,0.0,1.0,0.0,0.0,0.0,0.0,5,,
spot_4834,0.0,0.0,0.0,0.0,0.0,0.25,0.5,0.125,0.0,0.0,0.125,8,,
spot_4835,0.0,0.0,0.0,0.0,0.0,0.1,0.6,0.1,0.0,0.0,0.2,10,,
spot_4836,0.0,0.0,0.1,0.0,0.0,0.1,0.7,0.1,0.0,0.0,0.0,10,,
spot_4837,0.0,0.04,0.0,0.0,0.0,0.0,0.76,0.2,0.0,0.0,0.0,25,,
spot_4838,0.0,0.1,0.1,0.0,0.0,0.05,0.25,0.5,0.0,0.0,0.0,20,,
spot_4839,0.0,0.0,0.09523809523809523,0.09523809523809523,0.0,0.0,0.5238095238095238,0.23809523809523808,0.0,0.0,0.047619047619047616,21,,
spot_4840,0.0,0.0,0.0,0.0,0.0,0.3333333333333333,0.4166666666666667,0.16666666666666666,0.0,0.0,0.08333333333333333,12,,
spot_4841,0.0,0.05555555555555555,0.0,0.0,0.0,0.16666666666666666,0.4444444444444444,0.16666666666666666,0.0,0.0,0.16666666666666666,18,,
spot_4842,0.0,0.07692307692307693,0.0,0.07692307692307693,0.0,0.07692307692307693,0.23076923076923078,0.5384615384615384,0.0,0.0,0.0,13,,
spot_4843,0.0,0.0,0.0,0.0,0.0,0.3,0.3,0.1,0.0,0.0,0.3,10,,
spot_4844,0.0,0.0,0.0,0.038461538461538464,0.0,0.038461538461538464,0.6923076923076923,0.23076923076923078,0.0,0.0,0.0,26,,
spot_4845,0.0,0.05263157894736842,0.05263157894736842,0.0,0.0,0.0,0.47368421052631576,0.42105263157894735,0.0,0.0,0.0,19,,
spot_4846,0.0,0.0,0.0,0.05,0.0,0.15,0.4,0.4,0.0,0.0,0.0,20,,
spot_4847,0.0,0.0,0.0,0.0,0.0,0.7272727272727273,0.2727272727272727,0.0,0.0,0.0,0.0,11,,
spot_4848,0.0,0.0,0.0,0.0,0.2,0.1,0.65,0.05,0.0,0.0,0.0,20,,
spot_4849,0.0,0.0,0.16666666666666666,0.0,0.0,0.3333333333333333,0.4166666666666667,0.08333333333333333,0.0,0.0,0.0,12,,
spot_4850,0.0,0.0,0.0,0.0,0.0,0.3,0.6,0.1,0.0,0.0,0.0,10,,
spot_4851,0.0,0.0,0.0,0.0,0.08333333333333333,0.4166666666666667,0.4166666666666667,0.08333333333333333,0.0,0.0,0.0,12,,
spot_4852,0.0,0.0,0.0,0.0,0.09090909090909091,0.18181818181818182,0.7272727272727273,0.0,0.0,0.0,0.0,11,,
spot_4853,0.0,0.0,0.0,0.0,0.0,0.3333333333333333,0.6666666666666666,0.0,0.0,0.0,0.0,3,,
spot_4854,0.0,0.0,0.0,0.0,0.0,0.2,0.8,0.0,0.0,0.0,0.0,10,,
spot_4947,0.0,0.05263157894736842,0.15789473684210525,0.0,0.0,0.10526315789473684,0.10526315789473684,0.47368421052631576,0.0,0.0,0.10526315789473684,19,,
spot_4948,0.0,0.0,0.0,0.09090909090909091,0.0,0.09090909090909091,0.45454545454545453,0.36363636363636365,0.0,0.0,0.0,11,,
spot_4949,0.0,0.0,0.0,0.0,0.0,0.0,0.4166666666666667,0.4166666666666667,0.0,0.0,0.16666666666666666,12,,
spot_4950,0.0,0.0,0.06666666666666667,0.0,0.06666666666666667,0.13333333333333333,0.3333333333333333,0.3333333333333333,0.0,0.0,0.06666666666666667,15,,
spot_4951,0.0,0.0,0.07142857142857142,0.0,0.0,0.07142857142857142,0.5714285714285714,0.2857142857142857,0.0,0.0,0.0,14,,
spot_4952,0.0,0.041666666666666664,0.0,0.041666666666666664,0.125,0.0,0.5416666666666666,0.25,0.0,0.0,0.0,24,,
spot_4953,0.0,0.05555555555555555,0.05555555555555555,0.0,0.05555555555555555,0.16666666666666666,0.3888888888888889,0.2777777777777778,0.0,0.0,0.0,18,,
spot_4954,0.0,0.0,0.1111111111111111,0.0,0.0,0.1111111111111111,0.5555555555555556,0.16666666666666666,0.0,0.0,0.05555555555555555,18,,
spot_4955,0.0,0.10714285714285714,0.0,0.0,0.0,0.10714285714285714,0.5357142857142857,0.17857142857142858,0.0,0.0,0.07142857142857142,28,,
spot_4956,0.0,0.06666666666666667,0.13333333333333333,0.0,0.0,0.13333333333333333,0.3333333333333333,0.26666666666666666,0.0,0.0,0.06666666666666667,15,,
spot_4957,0.0,0.06666666666666667,0.0,0.13333333333333333,0.0,0.13333333333333333,0.3333333333333333,0.2,0.0,0.0,0.13333333333333333,15,,
spot_4958,0.0,0.0,0.14285714285714285,0.0,0.0,0.2857142857142857,0.2857142857142857,0.2857142857142857,0.0,0.0,0.0,7,,
spot_4959,0.0,0.0,0.25,0.0,0.0,0.25,0.25,0.0,0.0,0.0,0.25,4,,
spot_4960,0.0,0.0,0.1111111111111111,0.0,0.0,0.2222222222222222,0.2222222222222222,0.3333333333333333,0.0,0.0,0.1111111111111111,9,,
spot_4961,0.0,0.0,0.0,0.0,0.0,0.09090909090909091,0.45454545454545453,0.45454545454545453,0.0,0.0,0.0,11,,
spot_4962,0.0,0.07692307692307693,0.15384615384615385,0.0,0.0,0.23076923076923078,0.3076923076923077,0.15384615384615385,0.0,0.0,0.07692307692307693,13,,
spot_4963,0.0,0.0,0.0,0.0,0.0,0.36363636363636365,0.18181818181818182,0.2727272727272727,0.0,0.0,0.18181818181818182,11,,
spot_4964,0.0,0.1111111111111111,0.0,0.0,0.1111111111111111,0.2222222222222222,0.3333333333333333,0.2222222222222222,0.0,0.0,0.0,9,,
spot_4965,0.0,0.0,0.0,0.0,0.0,0.043478260869565216,0.9565217391304348,0.0,0.0,0.0,0.0,23,,
spot_4966,0.0,0.0,0.0,0.0,0.0,0.8,0.2,0.0,0.0,0.0,0.0,5,,
spot_4967,0.0,0.0,0.0,0.0,0.0,0.29411764705882354,0.5294117647058824,0.11764705882352941,0.0,0.0,0.058823529411764705,17,,
spot_4968,0.0,0.0,0.058823529411764705,0.0,0.0,0.0,0.5882352941176471,0.35294117647058826,0.0,0.0,0.0,17,,
spot_4969,0.0,0.0,0.0,0.0,0.0,0.08695652173913043,0.7391304347826086,0.17391304347826086,0.0,0.0,0.0,23,,
spot_5061,0.0,0.0,0.0,0.0,0.0,0.08333333333333333,0.3333333333333333,0.16666666666666666,0.0,0.0,0.4166666666666667,12,,
spot_5062,0.0,0.10526315789473684,0.05263157894736842,0.0,0.0,0.15789473684210525,0.21052631578947367,0.47368421052631576,0.0,0.0,0.0,19,,
spot_5063,0.0,0.0,0.1,0.0,0.2,0.2,0.2,0.2,0.0,0.0,0.1,10,,
spot_5064,0.0,0.06666666666666667,0.06666666666666667,0.0,0.0,0.2,0.13333333333333333,0.4,0.0,0.0,0.13333333333333333,15,,
spot_5065,0.0,0.15384615384615385,0.07692307692307693,0.07692307692307693,0.0,0.038461538461538464,0.38461538461538464,0.23076923076923078,0.0,0.0,0.038461538461538464,26,,
spot_5066,0.0,0.0,0.0,0.0,0.0,0.0,0.6,0.1,0.0,0.0,0.3,10,,
spot_5067,0.0,0.1,0.0,0.0,0.0,0.1,0.2,0.2,0.0,0.0,0.4,10,,
spot_5068,0.0,0.058823529411764705,0.058823529411764705,0.0,0.0,0.0,0.35294117647058826,0.23529411764705882,0.0,0.0,0.29411764705882354,17,,
spot_5069,0.0,0.0,0.05,0.0,0.0,0.1,0.7,0.15,0.0,0.0,0.0,20,,
spot_5070,0.0,0.1,0.0,0.0,0.0,0.2,0.3,0.4,0.0,0.0,0.0,10,,
spot_5071,0.0,0.07142857142857142,0.0,0.0,0.07142857142857142,0.21428571428571427,0.42857142857142855,0.21428571428571427,0.0,0.0,0.0,14,,
spot_5072,0.0,0.06666666666666667,0.0,0.0,0.0,0.0,0.6,0.2,0.0,0.0,0.13333333333333333,15,,
spot_5073,0.0,0.0,0.23076923076923078,0.0,0.07692307692307693,0.15384615384615385,0.3076923076923077,0.15384615384615385,0.0,0.0,0.07692307692307693,13,,
spot_5074,0.0,0.0,0.0,0.0,0.0,0.5,0.3333333333333333,0.0,0.0,0.0,0.16666666666666666,6,,
spot_5075,0.0,0.14285714285714285,0.0,0.0,0.0,0.2857142857142857,0.42857142857142855,0.14285714285714285,0.0,0.0,0.0,7,,
spot_5076,0.0,0.05555555555555555,0.05555555555555555,0.0,0.0,0.0,0.2777777777777778,0.5,0.0,0.0,0.1111111111111111,18,,
spot_5077,0.0,0.0,0.0625,0.0,0.0,0.4375,0.375,0.0,0.0,0.0,0.125,16,,
spot_5078,0.0,0.0,0.0,0.0,0.06666666666666667,0.4,0.4666666666666667,0.06666666666666667,0.0,0.0,0.0,15,,
spot_5079,0.0,0.0,0.0,0.0,0.1111111111111111,0.2222222222222222,0.5555555555555556,0.05555555555555555,0.0,0.0,0.05555555555555555,18,,
spot_5080,0.0,0.0,0.07142857142857142,0.0,0.0,0.42857142857142855,0.2857142857142857,0.14285714285714285,0.0,0.0,0.07142857142857142,14,,
spot_5081,0.0,0.21428571428571427,0.0,0.0,0.0,0.2857142857142857,0.2857142857142857,0.21428571428571427,0.0,0.0,0.0,14,,
spot_5082,0.0,0.0,0.0,0.0,0.0,0.6,0.4,0.0,0.0,0.0,0.0,5,,
spot_5083,0.0,0.05263157894736842,0.0,0.0,0.05263157894736842,0.05263157894736842,0.631578947368421,0.21052631578947367,0.0,0.0,0.0,19,,
spot_5176,0.0,0.0,0.0,0.0,0.0,0.2,0.4,0.3,0.0,0.0,0.1,10,,
spot_5177,0.0,0.0,0.08333333333333333,0.0,0.0,0.16666666666666666,0.08333333333333333,0.5833333333333334,0.0,0.0,0.08333333333333333,12,,
spot_5178,0.0,0.0,0.045454545454545456,0.0,0.0,0.0,0.6363636363636364,0.2727272727272727,0.0,0.0,0.045454545454545456,22,,
spot_5179,0.0,0.0,0.08333333333333333,0.0,0.0,0.0,0.375,0.5,0.0,0.0,0.041666666666666664,24,,
spot_5180,0.0,0.038461538461538464,0.11538461538461539,0.0,0.0,0.038461538461538464,0.46153846153846156,0.3076923076923077,0.0,0.0,0.038461538461538464,26,,
spot_5181,0.0,0.0,0.1,0.0,0.2,0.0,0.3,0.4,0.0,0.0,0.0,10,,
spot_5182,0.0,0.07692307692307693,0.15384615384615385,0.0,0.0,0.15384615384615385,0.15384615384615385,0.3076923076923077,0.0,0.0,0.15384615384615385,13,,
spot_5183,0.0,0.0,0.15384615384615385,0.0,0.15384615384615385,0.07692307692307693,0.3076923076923077,0.3076923076923077,0.0,0.0,0.0,13,,
spot_5184,0.0,0.0,0.1111111111111111,0.0,0.0,0.1111111111111111,0.4444444444444444,0.2222222222222222,0.0,0.0,0.1111111111111111,18,,
spot_5185,0.0,0.1,0.0,0.0,0.0,0.3,0.4,0.1,0.0,0.0,0.1,10,,
spot_5186,0.0,0.0,0.0,0.0,0.10526315789473684,0.0,0.6842105263157895,0.21052631578947367,0.0,0.0,0.0,19,,
spot_5187,0.0,0.0,0.06666666666666667,0.0,0.0,0.13333333333333333,0.5333333333333333,0.26666666666666666,0.0,0.0,0.0,15,,
spot_5188,0.0,0.045454545454545456,0.0,0.0,0.09090909090909091,0.045454545454545456,0.7727272727272727,0.045454545454545456,0.0,0.0,0.0,22,,
spot_5189,0.0,0.05,0.05,0.0,0.0,0.05,0.55,0.25,0.0,0.0,0.05,20,,
spot_5190,0.0,0.0,0.0,0.0,0.0,0.5714285714285714,0.2857142857142857,0.0,0.0,0.0,0.14285714285714285,7,,
spot_5191,0.0,0.0,0.0,0.0625,0.0,0.125,0.6875,0.0625,0.0,0.0,0.0625,16,,
spot_5192,0.0,0.0,0.0,0.0,0.0,0.21428571428571427,0.5714285714285714,0.14285714285714285,0.0,0.0,0.07142857142857142,14,,
spot_5193,0.0,0.0,0.0,0.0625,0.0,0.1875,0.75,0.0,0.0,0.0,0.0,16,,
spot_5194,0.0,0.05,0.1,0.0,0.0,0.15,0.5,0.15,0.0,0.0,0.05,20,,
spot_5195,0.0,0.0,0.0,0.0,0.07692307692307693,0.3076923076923077,0.38461538461538464,0.23076923076923078,0.0,0.0,0.0,13,,
spot_5196,0.0,0.0,0.0,0.0,0.0,0.15384615384615385,0.6923076923076923,0.15384615384615385,0.0,0.0,0.0,13,,
spot_5197,0.0,0.0,0.09090909090909091,0.0,0.09090909090909091,0.45454545454545453,0.36363636363636365,0.0,0.0,0.0,0.0,11,,
spot_5198,0.0,0.041666666666666664,0.125,0.0,0.0,0.0,0.4166666666666667,0.4166666666666667,0.0,0.0,0.0,24,,
spot_5290,0.0,0.0,0.0,0.0,0.0,0.3,0.6,0.0,0.0,0.0,0.1,10,,
spot_5291,0.0,0.0,0.0,0.0,0.0,0.08333333333333333,0.4166666666666667,0.5,0.0,0.0,0.0,24,,
spot_5292,0.0,0.058823529411764705,0.0,0.058823529411764705,0.029411764705882353,0.058823529411764705,0.5588235294117647,0.23529411764705882,0.0,0.0,0.0,34,,
spot_5293,0.0,0.041666666666666664,0.0,0.041666666666666664,0.0,0.0,0.4583333333333333,0.4583333333333333,0.0,0.0,0.0,24,,
spot_5294,0.0,0.0,0.0,0.0,0.0,0.0,0.5454545454545454,0.18181818181818182,0.0,0.0,0.2727272727272727,11,,
spot_5295,0.0,0.0,0.0,0.0,0.0,0.14285714285714285,0.42857142857142855,0.2857142857142857,0.0,0.0,0.14285714285714285,14,,
spot_5296,0.0,0.1111111111111111,0.05555555555555555,0.0,0.0,0.16666666666666666,0.2777777777777778,0.2222222222222222,0.0,0.0,0.16666666666666666,18,,
spot_5297,0.0,0.0,0.0,0.0,0.2857142857142857,0.21428571428571427,0.21428571428571427,0.2857142857142857,0.0,0.0,0.0,14,,
spot_5298,0.0,0.0,0.0,0.0,0.0,0.2727272727272727,0.6363636363636364,0.0,0.0,0.0,0.09090909090909091,11,,
spot_5299,0.0,0.0,0.07142857142857142,0.07142857142857142,0.0,0.14285714285714285,0.21428571428571427,0.5,0.0,0.0,0.0,14,,
spot_5300,0.0,0.0,0.0,0.0,0.0,0.18181818181818182,0.5454545454545454,0.18181818181818182,0.0,0.0,0.09090909090909091,11,,
spot_5301,0.0,0.0,0.0,0.0,0.0,0.16666666666666666,0.7222222222222222,0.1111111111111111,0.0,0.0,0.0,18,,
spot_5302,0.0,0.0,0.0,0.0,0.0,0.35714285714285715,0.42857142857142855,0.21428571428571427,0.0,0.0,0.0,14,,
spot_5303,0.0,0.043478260869565216,0.0,0.0,0.0,0.0,0.6521739130434783,0.30434782608695654,0.0,0.0,0.0,23,,
spot_5304,0.0,0.0,0.0,0.0,0.0,0.625,0.25,0.0,0.0,0.0,0.125,8,,
spot_5305,0.0,0.0,0.0,0.0,0.05263157894736842,0.05263157894736842,0.7894736842105263,0.10526315789473684,0.0,0.0,0.0,19,,
spot_5306,0.0,0.06666666666666667,0.0,0.0,0.0,0.06666666666666667,0.6666666666666666,0.2,0.0,0.0,0.0,15,,
spot_5307,0.0,0.0,0.0,0.0,0.0,0.42857142857142855,0.5714285714285714,0.0,0.0,0.0,0.0,14,,
spot_5308,0.0,0.0,0.0,0.0,0.0,0.5555555555555556,0.4444444444444444,0.0,0.0,0.0,0.0,9,,
spot_5309,0.0,0.0,0.06666666666666667,0.0,0.0,0.4666666666666667,0.3333333333333333,0.13333333333333333,0.0,0.0,0.0,15,,
spot_5310,0.0,0.1,0.0,0.0,0.0,0.3,0.4,0.2,0.0,0.0,0.0,10,,
spot_5311,0.0,0.058823529411764705,0.0,0.0,0.11764705882352941,0.058823529411764705,0.6470588235294118,0.11764705882352941,0.0,0.0,0.0,17,,
spot_5312,0.0,0.07142857142857142,0.0,0.0,0.0,0.2857142857142857,0.5714285714285714,0.07142857142857142,0.0,0.0,0.0,14,,
spot_5405,0.0,0.1,0.0,0.0,0.0,0.1,0.4,0.4,0.0,0.0,0.0,10,,
spot_5406,0.0,0.0,0.0,0.08333333333333333,0.0,0.08333333333333333,0.4166666666666667,0.3333333333333333,0.0,0.0,0.08333333333333333,12,,
spot_5407,0.0,0.07692307692307693,0.0,0.0,0.0,0.07692307692307693,0.5384615384615384,0.23076923076923078,0.0,0.0,0.07692307692307693,13,,
spot_5408,0.0,0.0,0.0,0.0,0.0,0.0,0.6666666666666666,0.0,0.0,0.0,0.3333333333333333,9,,
spot_5409,0.0,0.0,0.1,0.0,0.0,0.0,0.5,0.1,0.0,0.0,0.3,10,,
spot_5410,0.0,0.2,0.1,0.0,0.0,0.1,0.55,0.05,0.0,0.0,0.0,20,,
spot_5411,0.0,0.0,0.047619047619047616,0.0,0.047619047619047616,0.09523809523809523,0.5238095238095238,0.2857142857142857,0.0,0.0,0.0,21,,
spot_5412,0.0,0.06666666666666667,0.0,0.06666666666666667,0.0,0.2,0.6,0.0,0.0,0.0,0.06666666666666667,15,,
spot_5413,0.0,0.0,0.1,0.05,0.0,0.1,0.5,0.15,0.0,0.0,0.1,20,,
spot_5414,0.0,0.0,0.0,0.0,0.0,0.3076923076923077,0.5384615384615384,0.07692307692307693,0.0,0.0,0.07692307692307693,13,,
spot_5415,0.0,0.0,0.0,0.0,0.0,0.2,0.6,0.1,0.0,0.0,0.1,10,,
spot_5416,0.0,0.0,0.0,0.0,0.0,0.1,0.6,0.1,0.0,0.0,0.2,10,,
spot_5417,0.0,0.0,0.0,0.0,0.06666666666666667,0.26666666666666666,0.3333333333333333,0.2,0.0,0.0,0.13333333333333333,15,,
spot_5418,0.0,0.07692307692307693,0.0,0.0,0.0,0.15384615384615385,0.46153846153846156,0.15384615384615385,0.0,0.0,0.15384615384615385,13,,
spot_5419,0.0,0.0,0.0,0.08333333333333333,0.041666666666666664,0.0,0.75,0.125,0.0,0.0,0.0,24,,
spot_5420,0.0,0.0,0.13636363636363635,0.0,0.0,0.09090909090909091,0.7272727272727273,0.045454545454545456,0.0,0.0,0.0,22,,
spot_5421,0.0,0.16666666666666666,0.0,0.0,0.0,0.16666666666666666,0.5,0.0,0.0,0.0,0.16666666666666666,12,,
spot_5422,0.0,0.0,0.0,0.0,0.0,0.375,0.625,0.0,0.0,0.0,0.0,8,,
spot_5423,0.0,0.0,0.0,0.0,0.0,0.5,0.3,0.2,0.0,0.0,0.0,10,,
spot_5424,0.0,0.0,0.0,0.0,0.07692307692307693,0.07692307692307693,0.38461538461538464,0.46153846153846156,0.0,0.0,0.0,13,,
spot_5425,0.0,0.09090909090909091,0.18181818181818182,0.0,0.0,0.36363636363636365,0.36363636363636365,0.0,0.0,0.0,0.0,11,,
spot_5426,0.0,0.0,0.0,0.0,0.0,0.16666666666666666,0.8333333333333334,0.0,0.0,0.0,0.0,6,,
spot_5427,0.0,0.1111111111111111,0.0,0.1111111111111111,0.1111111111111111,0.1111111111111111,0.5555555555555556,0.0,0.0,0.0,0.0,9,,
spot_5519,0.0,0.0,0.0,0.07692307692307693,0.07692307692307693,0.23076923076923078,0.15384615384615385,0.3076923076923077,0.0,0.0,0.15384615384615385,13,,
spot_5520,0.0,0.0,0.07142857142857142,0.0,0.07142857142857142,0.07142857142857142,0.42857142857142855,0.35714285714285715,0.0,0.0,0.0,14,,
spot_5521,0.0,0.0,0.0,0.0,0.0,0.5,0.25,0.25,0.0,0.0,0.0,12,,
spot_5522,0.0,0.0,0.0,0.1,0.0,0.1,0.5,0.1,0.0,0.0,0.2,10,,
spot_5523,0.0,0.0,0.1111111111111111,0.0,0.05555555555555555,0.05555555555555555,0.6111111111111112,0.16666666666666666,0.0,0.0,0.0,18,,
spot_5524,0.0,0.0,0.0,0.0,0.0,0.07692307692307693,0.5384615384615384,0.23076923076923078,0.0,0.0,0.15384615384615385,13,,
spot_5525,0.0,0.0,0.0,0.0,0.0,0.05263157894736842,0.6842105263157895,0.2631578947368421,0.0,0.0,0.0,19,,
spot_5526,0.0,0.0,0.0,0.0,0.0,0.0625,0.8125,0.125,0.0,0.0,0.0,16,,
spot_5527,0.0,0.1111111111111111,0.1111111111111111,0.0,0.0,0.3333333333333333,0.3333333333333333,0.0,0.0,0.0,0.1111111111111111,9,,
spot_5528,0.0,0.0625,0.0625,0.0,0.0,0.0625,0.625,0.1875,0.0,0.0,0.0,16,,
spot_5529,0.0,0.0,0.0,0.0,0.0,0.23076923076923078,0.6153846153846154,0.15384615384615385,0.0,0.0,0.0,13,,
spot_5530,0.0,0.0,0.1,0.0,0.0,0.1,0.7,0.0,0.0,0.0,0.1,10,,
spot_5531,0.0,0.0,0.0,0.0,0.0,0.2222222222222222,0.6111111111111112,0.16666666666666666,0.0,0.0,0.0,18,,
spot_5532,0.0,0.1,0.1,0.0,0.0,0.4,0.3,0.1,0.0,0.0,0.0,10,,
spot_5533,0.0,0.0,0.0,0.0,0.0,0.25,0.75,0.0,0.0,0.0,0.0,8,,
spot_5534,0.0,0.0,0.05,0.0,0.0,0.15,0.45,0.25,0.0,0.0,0.1,20,,
spot_5535,0.0,0.0,0.0,0.0,0.05,0.1,0.75,0.1,0.0,0.0,0.0,20,,
spot_5536,0.0,0.06666666666666667,0.0,0.0,0.06666666666666667,0.3333333333333333,0.5333333333333333,0.0,0.0,0.0,0.0,15,,
spot_5537,0.0,0.0,0.0,0.0,0.0,0.15789473684210525,0.631578947368421,0.21052631578947367,0.0,0.0,0.0,19,,
spot_5538,0.0,0.06666666666666667,0.0,0.0,0.0,0.26666666666666666,0.6,0.06666666666666667,0.0,0.0,0.0,15,,
spot_5539,0.0,0.06666666666666667,0.13333333333333333,0.0,0.0,0.06666666666666667,0.6,0.13333333333333333,0.0,0.0,0.0,15,,
spot_5540,0.0,0.0,0.0,0.058823529411764705,0.0,0.11764705882352941,0.6470588235294118,0.17647058823529413,0.0,0.0,0.0,17,,
spot_5541,0.0,0.0,0.0,0.0,0.09090909090909091,0.36363636363636365,0.5454545454545454,0.0,0.0,0.0,0.0,11,,
spot_5634,0.0,0.0,0.125,0.0,0.0625,0.1875,0.5,0.125,0.0,0.0,0.0,16,,
spot_5635,0.0,0.05555555555555555,0.05555555555555555,0.0,0.0,0.1111111111111111,0.5,0.2222222222222222,0.0,0.0,0.05555555555555555,18,,
spot_5636,0.0,0.07142857142857142,0.0,0.0,0.07142857142857142,0.21428571428571427,0.42857142857142855,0.21428571428571427,0.0,0.0,0.0,14,,
spot_5637,0.0,0.09090909090909091,0.0,0.0,0.0,0.09090909090909091,0.7272727272727273,0.0,0.0,0.0,0.09090909090909091,11,,
spot_5638,0.0,0.09090909090909091,0.0,0.0,0.0,0.18181818181818182,0.18181818181818182,0.45454545454545453,0.0,0.0,0.09090909090909091,11,,
spot_5639,0.0,0.0,0.0,0.0,0.0,0.3,0.4,0.2,0.0,0.0,0.1,10,,
spot_5640,0.0,0.07692307692307693,0.07692307692307693,0.0,0.0,0.07692307692307693,0.38461538461538464,0.38461538461538464,0.0,0.0,0.0,13,,
spot_5641,0.0,0.125,0.0,0.0,0.0,0.0,0.375,0.375,0.0,0.0,0.125,16,,
spot_5642,0.0,0.0,0.0,0.0,0.0,0.0,0.6,0.3,0.0,0.0,0.1,10,,
spot_5643,0.0,0.0,0.0,0.0,0.0,0.3,0.4,0.3,0.0,0.0,0.0,10,,
spot_5644,0.0,0.0,0.0,0.0,0.08333333333333333,0.0,0.6666666666666666,0.08333333333333333,0.0,0.0,0.16666666666666666,12,,
spot_5645,0.0,0.0,0.0,0.0,0.058823529411764705,0.11764705882352941,0.7058823529411765,0.11764705882352941,0.0,0.0,0.0,17,,
spot_5646,0.0,0.0,0.0,0.0,0.0,0.25,0.5833333333333334,0.0,0.0,0.0,0.16666666666666666,12,,
spot_5647,0.0,0.045454545454545456,0.13636363636363635,0.0,0.0,0.045454545454545456,0.4090909090909091,0.22727272727272727,0.0,0.0,0.13636363636363635,22,,
spot_5648,0.0,0.0,0.0,0.0,0.0,0.2,0.8,0.0,0.0,0.0,0.0,10,,
spot_5649,0.0,0.0,0.0,0.0,0.0,0.2,0.7,0.1,0.0,0.0,0.0,20,,
spot_5650,0.0,0.0,0.0,0.0,0.125,0.25,0.625,0.0,0.0,0.0,0.0,16,,
spot_5651,0.0,0.0,0.0,0.0,0.0,0.09090909090909091,0.8181818181818182,0.09090909090909091,0.0,0.0,0.0,11,,
spot_5652,0.0,0.0,0.0625,0.0,0.0,0.125,0.75,0.0625,0.0,0.0,0.0,16,,
spot_5653,0.0,0.2857142857142857,0.0,0.14285714285714285,0.0,0.14285714285714285,0.21428571428571427,0.21428571428571427,0.0,0.0,0.0,14,,
spot_5654,0.0,0.0,0.11764705882352941,0.0,0.11764705882352941,0.058823529411764705,0.5882352941176471,0.058823529411764705,0.0,0.0,0.058823529411764705,17,,
spot_5655,0.0,0.0,0.0,0.0,0.0,0.3333333333333333,0.5833333333333334,0.08333333333333333,0.0,0.0,0.0,12,,
spot_5656,0.0,0.0,0.0,0.0,0.0,0.058823529411764705,0.7058823529411765,0.23529411764705882,0.0,0.0,0.0,17,,
spot_5748,0.0,0.23529411764705882,0.0,0.0,0.0,0.058823529411764705,0.058823529411764705,0.6470588235294118,0.0,0.0,0.0,17,,
spot_5749,0.0,0.2,0.05,0.0,0.0,0.0,0.35,0.4,0.0,0.0,0.0,20,,
spot_5750,0.0,0.06896551724137931,0.06896551724137931,0.034482758620689655,0.0,0.06896551724137931,0.3793103448275862,0.3793103448275862,0.0,0.0,0.0,29,,
spot_5751,0.0,0.045454545454545456,0.0,0.0,0.045454545454545456,0.045454545454545456,0.18181818181818182,0.6363636363636364,0.0,0.0,0.045454545454545456,22,,
spot_5752,0.0,0.0,0.1875,0.0625,0.0,0.0625,0.25,0.375,0.0,0.0,0.0625,16,,
spot_5753,0.0,0.0,0.0,0.0,0.0,0.1,0.6,0.2,0.0,0.0,0.1,10,,
spot_5754,0.0,0.06666666666666667,0.0,0.0,0.06666666666666667,0.13333333333333333,0.4,0.06666666666666667,0.0,0.0,0.26666666666666666,15,,
spot_5755,0.0,0.0,0.043478260869565216,0.0,0.0,0.043478260869565216,0.6521739130434783,0.21739130434782608,0.0,0.0,0.043478260869565216,23,,
spot_5756,0.0,0.0,0.0,0.0,0.07142857142857142,0.14285714285714285,0.6428571428571429,0.14285714285714285,0.0,0.0,0.0,14,,
spot_5757,0.0,0.0,0.0,0.0,0.14285714285714285,0.21428571428571427,0.35714285714285715,0.2857142857142857,0.0,0.0,0.0,14,,
spot_5758,0.0,0.0,0.0,0.0,0.09090909090909091,0.0,0.8181818181818182,0.09090909090909091,0.0,0.0,0.0,11,,
spot_5759,0.0,0.2,0.0,0.0,0.0,0.0,0.4,0.2,0.0,0.0,0.2,5,,
spot_5760,0.0,0.0,0.0,0.0,0.0,0.07142857142857142,0.6428571428571429,0.2857142857142857,0.0,0.0,0.0,14,,
spot_5761,0.0,0.0,0.0,0.0,0.0,0.0625,0.875,0.0625,0.0,0.0,0.0,16,,
spot_5762,0.0,0.0,0.0,0.0,0.0,0.125,0.25,0.5,0.0,0.0,0.125,8,,
spot_5763,0.0,0.0,0.0,0.05555555555555555,0.0,0.05555555555555555,0.8333333333333334,0.05555555555555555,0.0,0.0,0.0,18,,
spot_5764,0.0,0.0,0.07692307692307693,0.0,0.0,0.15384615384615385,0.7692307692307693,0.0,0.0,0.0,0.0,13,,
spot_5765,0.0,0.0,0.0,0.0,0.0,0.3076923076923077,0.6923076923076923,0.0,0.0,0.0,0.0,13,,
spot_5766,0.0,0.0,0.0,0.0,0.0,0.3333333333333333,0.3333333333333333,0.3333333333333333,0.0,0.0,0.0,9,,
spot_5767,0.0,0.0,0.0,0.0,0.0,0.14285714285714285,0.7857142857142857,0.07142857142857142,0.0,0.0,0.0,14,,
spot_5768,0.0,0.1,0.0,0.0,0.0,0.05,0.7,0.1,0.0,0.0,0.05,20,,
spot_5769,0.0,0.0,0.0,0.0,0.0,0.038461538461538464,0.7307692307692307,0.19230769230769232,0.0,0.0,0.038461538461538464,26,,
spot_5770,0.0,0.0,0.0,0.0,0.0,0.3,0.7,0.0,0.0,0.0,0.0,10,,
spot_5863,0.0,0.0,0.13333333333333333,0.0,0.0,0.06666666666666667,0.4666666666666667,0.26666666666666666,0.0,0.0,0.06666666666666667,15,,
spot_5864,0.0,0.12,0.16,0.0,0.0,0.08,0.44,0.2,0.0,0.0,0.0,25,,
spot_5865,0.0,0.09090909090909091,0.09090909090909091,0.0,0.0,0.0,0.2727272727272727,0.5454545454545454,0.0,0.0,0.0,11,,
spot_5866,0.0,0.0,0.0,0.0,0.0,0.13333333333333333,0.4,0.4,0.0,0.0,0.06666666666666667,15,,
spot_5867,0.0,0.0,0.05555555555555555,0.0,0.0,0.05555555555555555,0.5555555555555556,0.1111111111111111,0.0,0.0,0.2222222222222222,18,,
spot_5868,0.0,0.18181818181818182,0.18181818181818182,0.0,0.0,0.2727272727272727,0.2727272727272727,0.09090909090909091,0.0,0.0,0.0,11,,
spot_5869,0.0,0.125,0.0,0.0,0.0,0.125,0.5,0.125,0.0,0.0,0.125,8,,
spot_5870,0.0,0.037037037037037035,0.037037037037037035,0.0,0.0,0.0,0.6666666666666666,0.2222222222222222,0.0,0.0,0.037037037037037035,27,,
spot_5871,0.0,0.0,0.0,0.0,0.037037037037037035,0.037037037037037035,0.8148148148148148,0.1111111111111111,0.0,0.0,0.0,27,,
spot_5872,0.0,0.0,0.1,0.0,0.0,0.15,0.55,0.2,0.0,0.0,0.0,20,,
spot_5873,0.0,0.0,0.09090909090909091,0.0,0.18181818181818182,0.09090909090909091,0.6363636363636364,0.0,0.0,0.0,0.0,11,,
spot_5874,0.0,0.2,0.0,0.1,0.0,0.0,0.5,0.15,0.0,0.0,0.05,20,,
spot_5875,0.0,0.05263157894736842,0.05263157894736842,0.0,0.0,0.0,0.7894736842105263,0.10526315789473684,0.0,0.0,0.0,19,,
spot_5876,0.0,0.07142857142857142,0.14285714285714285,0.0,0.0,0.0,0.6428571428571429,0.14285714285714285,0.0,0.0,0.0,14,,
spot_5877,0.0,0.0,0.0,0.0,0.0,0.125,0.75,0.125,0.0,0.0,0.0,8,,
spot_5878,0.0,0.1,0.1,0.0,0.0,0.0,0.5,0.3,0.0,0.0,0.0,10,,
spot_5879,0.0,0.0,0.0,0.0,0.0,0.0625,0.625,0.25,0.0,0.0,0.0625,16,,
spot_5880,0.0,0.0,0.0,0.0,0.07142857142857142,0.14285714285714285,0.7142857142857143,0.07142857142857142,0.0,0.0,0.0,14,,
spot_5881,0.0,0.0,0.058823529411764705,0.0,0.11764705882352941,0.23529411764705882,0.5882352941176471,0.0,0.0,0.0,0.0,17,,
spot_5882,0.0,0.0,0.058823529411764705,0.0,0.0,0.0,0.8235294117647058,0.11764705882352941,0.0,0.0,0.0,17,,
spot_5883,0.0,0.15789473684210525,0.10526315789473684,0.0,0.0,0.0,0.7368421052631579,0.0,0.0,0.0,0.0,19,,
spot_5884,0.0,0.0,0.047619047619047616,0.0,0.09523809523809523,0.09523809523809523,0.7142857142857143,0.047619047619047616,0.0,0.0,0.0,21,,
spot_5885,0.0,0.0,0.0,0.0,0.0,0.0625,0.8125,0.125,0.0,0.0,0.0,16,,
spot_5977,0.0,0.0,0.0,0.0,0.0625,0.0,0.625,0.3125,0.0,0.0,0.0,16,,
spot_5978,0.0,0.047619047619047616,0.047619047619047616,0.0,0.0,0.09523809523809523,0.5238095238095238,0.23809523809523808,0.0,0.0,0.047619047619047616,21,,
spot_5979,0.0,0.06666666666666667,0.0,0.0,0.0,0.13333333333333333,0.3333333333333333,0.4666666666666667,0.0,0.0,0.0,15,,
spot_5980,0.0,0.0,0.0,0.0,0.0,0.16666666666666666,0.6111111111111112,0.2222222222222222,0.0,0.0,0.0,18,,
spot_5981,0.0,0.0,0.0,0.0,0.058823529411764705,0.0,0.7058823529411765,0.23529411764705882,0.0,0.0,0.0,17,,
spot_5982,0.0,0.0,0.16666666666666666,0.0,0.0,0.08333333333333333,0.4166666666666667,0.25,0.0,0.0,0.08333333333333333,12,,
spot_5983,0.0,0.0,0.0,0.0,0.0,0.11764705882352941,0.29411764705882354,0.35294117647058826,0.0,0.0,0.23529411764705882,17,,
spot_5984,0.0,0.0625,0.0,0.0,0.0,0.125,0.25,0.5625,0.0,0.0,0.0,16,,
spot_5985,0.0,0.0,0.0,0.0,0.0,0.2,0.5333333333333333,0.26666666666666666,0.0,0.0,0.0,15,,
spot_5986,0.0,0.0,0.0,0.0,0.0,0.0,0.7142857142857143,0.2857142857142857,0.0,0.0,0.0,21,,
spot_5987,0.0,0.0,0.0,0.0,0.0,0.125,0.75,0.0,0.0,0.0,0.125,8,,
spot_5988,0.0,0.0,0.0,0.0,0.0,0.06666666666666667,0.7333333333333333,0.2,0.0,0.0,0.0,15,,
spot_5989,0.0,0.0,0.09090909090909091,0.09090909090909091,0.0,0.18181818181818182,0.45454545454545453,0.18181818181818182,0.0,0.0,0.0,11,,
spot_5990,0.0,0.0,0.0,0.0,0.0,0.5454545454545454,0.36363636363636365,0.09090909090909091,0.0,0.0,0.0,11,,
spot_5991,0.0,0.0,0.1,0.0,0.0,0.1,0.2,0.4,0.0,0.0,0.2,10,,
spot_5992,0.0,0.0,0.0,0.0,0.0,0.0,0.875,0.125,0.0,0.0,0.0,8,,
spot_5993,0.0,0.0,0.058823529411764705,0.0,0.058823529411764705,0.23529411764705882,0.5294117647058824,0.058823529411764705,0.0,0.0,0.058823529411764705,17,,
spot_5994,0.0,0.0,0.10526315789473684,0.0,0.0,0.15789473684210525,0.5263157894736842,0.21052631578947367,0.0,0.0,0.0,19,,
spot_5995,0.0,0.0,0.058823529411764705,0.0,0.0,0.17647058823529413,0.7058823529411765,0.058823529411764705,0.0,0.0,0.0,17,,
spot_5996,0.0,0.0,0.0,0.0,0.0,0.0,0.8461538461538461,0.11538461538461539,0.0,0.0,0.038461538461538464,26,,
spot_5997,0.0,0.06666666666666667,0.06666666666666667,0.0,0.06666666666666667,0.26666666666666666,0.4666666666666667,0.06666666666666667,0.0,0.0,0.0,15,,
spot_5998,0.0,0.0,0.0,0.045454545454545456,0.045454545454545456,0.09090909090909091,0.6363636363636364,0.18181818181818182,0.0,0.0,0.0,22,,
spot_5999,0.0,0.0,0.0,0.0,0.0,0.3076923076923077,0.6923076923076923,0.0,0.0,0.0,0.0,13,,
spot_6092,0.0,0.06666666666666667,0.06666666666666667,0.0,0.0,0.0,0.6,0.26666666666666666,0.0,0.0,0.0,15,,
spot_6093,0.0,0.0,0.125,0.0,0.0625,0.1875,0.1875,0.3125,0.0,0.0,0.125,16,,
spot_6094,0.0,0.0625,0.0,0.0,0.0,0.3125,0.3125,0.0625,0.0,0.0,0.25,16,,
spot_6095,0.0,0.16666666666666666,0.0,0.0,0.05555555555555555,0.0,0.5555555555555556,0.2222222222222222,0.0,0.0,0.0,18,,
spot_6096,0.0,0.0,0.0625,0.0,0.0,0.25,0.125,0.5,0.0,0.0,0.0625,16,,
spot_6097,0.0,0.0,0.0,0.0,0.0,0.26666666666666666,0.2,0.26666666666666666,0.0,0.0,0.26666666666666666,15,,
spot_6098,0.0,0.0,0.0,0.0,0.0,0.2222222222222222,0.3333333333333333,0.4444444444444444,0.0,0.0,0.0,9,,
spot_6099,0.0,0.07142857142857142,0.07142857142857142,0.0,0.0,0.14285714285714285,0.5,0.0,0.0,0.0,0.21428571428571427,14,,
spot_6100,0.0,0.0,0.0,0.0,0.0,0.05555555555555555,0.6111111111111112,0.3333333333333333,0.0,0.0,0.0,18,,
spot_6101,0.0,0.0,0.0,0.0,0.0,0.3333333333333333,0.3333333333333333,0.25,0.0,0.0,0.08333333333333333,12,,
spot_6102,0.0,0.0,0.0,0.0,0.0,0.11764705882352941,0.5294117647058824,0.35294117647058826,0.0,0.0,0.0,17,,
spot_6103,0.0,0.07142857142857142,0.0,0.0,0.0,0.07142857142857142,0.5,0.14285714285714285,0.0,0.0,0.21428571428571427,14,,
spot_6104,0.0,0.0,0.0,0.0,0.0,0.25,0.4166666666666667,0.0,0.0,0.0,0.3333333333333333,12,,
spot_6105,0.0,0.0,0.0,0.0,0.0,0.07692307692307693,0.46153846153846156,0.3076923076923077,0.0,0.0,0.15384615384615385,13,,
spot_6106,0.0,0.0,0.07692307692307693,0.0,0.0,0.07692307692307693,0.38461538461538464,0.38461538461538464,0.0,0.0,0.07692307692307693,13,,
spot_6107,0.0,0.0,0.0,0.0,0.0,0.07142857142857142,0.8571428571428571,0.07142857142857142,0.0,0.0,0.0,14,,
spot_6108,0.0,0.058823529411764705,0.0,0.0,0.0,0.29411764705882354,0.47058823529411764,0.17647058823529413,0.0,0.0,0.0,17,,
spot_6109,0.0,0.0,0.0,0.0,0.0,0.2727272727272727,0.45454545454545453,0.09090909090909091,0.0,0.0,0.18181818181818182,11,,
spot_6110,0.0,0.0,0.0,0.05263157894736842,0.0,0.05263157894736842,0.6842105263157895,0.21052631578947367,0.0,0.0,0.0,19,,
spot_6111,0.0,0.11764705882352941,0.058823529411764705,0.0,0.0,0.058823529411764705,0.7058823529411765,0.058823529411764705,0.0,0.0,0.0,17,,
spot_6112,0.0,0.0,0.15789473684210525,0.0,0.0,0.10526315789473684,0.5789473684210527,0.15789473684210525,0.0,0.0,0.0,19,,
spot_6113,0.0,0.0,0.0,0.0,0.0,0.15384615384615385,0.6923076923076923,0.15384615384615385,0.0,0.0,0.0,13,,
spot_6114,0.0,0.0,0.0,0.0,0.0,0.10526315789473684,0.7894736842105263,0.10526315789473684,0.0,0.0,0.0,19,,
spot_6206,0.0,0.07692307692307693,0.0,0.0,0.0,0.0,0.5384615384615384,0.38461538461538464,0.0,0.0,0.0,13,,
spot_6207,0.0,0.0,0.0625,0.0,0.0,0.1875,0.5,0.25,0.0,0.0,0.0,16,,
spot_6208,0.0,0.0,0.0,0.0,0.0,0.16666666666666666,0.3333333333333333,0.3333333333333333,0.0,0.0,0.16666666666666666,6,,
spot_6209,0.0,0.0,0.0,0.0,0.2,0.0,0.4,0.2,0.0,0.0,0.2,10,,
spot_6210,0.0,0.0,0.1,0.0,0.1,0.1,0.6,0.1,0.0,0.0,0.0,20,,
spot_6211,0.0,0.0,0.0,0.0,0.0,0.058823529411764705,0.47058823529411764,0.4117647058823529,0.0,0.0,0.058823529411764705,17,,
spot_6212,0.0,0.05263157894736842,0.10526315789473684,0.0,0.0,0.05263157894736842,0.47368421052631576,0.2631578947368421,0.0,0.0,0.05263157894736842,19,,
spot_6213,0.0,0.0,0.0,0.0,0.0,0.25,0.6666666666666666,0.08333333333333333,0.0,0.0,0.0,12,,
spot_6214,0.0,0.0,0.0,0.0,0.0,0.125,0.125,0.0,0.0,0.0,0.75,8,,
spot_6215,0.0,0.0,0.0,0.0,0.0,0.125,0.375,0.0,0.0,0.0,0.5,8,,
spot_6216,0.0,0.0,0.0,0.0,0.0,0.09090909090909091,0.45454545454545453,0.45454545454545453,0.0,0.0,0.0,11,,
spot_6217,0.0,0.05555555555555555,0.0,0.0,0.0,0.05555555555555555,0.3888888888888889,0.5,0.0,0.0,0.0,18,,
spot_6218,0.0,0.04,0.16,0.0,0.04,0.04,0.72,0.0,0.0,0.0,0.0,25,,
spot_6219,0.0,0.0,0.06666666666666667,0.0,0.0,0.2,0.4666666666666667,0.2,0.0,0.0,0.06666666666666667,15,,
spot_6220,0.0,0.0,0.0,0.0,0.0,0.0,0.75,0.1875,0.0,0.0,0.0625,16,,
spot_6221,0.0,0.047619047619047616,0.047619047619047616,0.0,0.09523809523809523,0.0,0.6190476190476191,0.19047619047619047,0.0,0.0,0.0,21,,
spot_6222,0.0,0.0,0.08333333333333333,0.0,0.0,0.16666666666666666,0.75,0.0,0.0,0.0,0.0,12,,
spot_6223,0.0,0.0,0.0,0.0,0.0,0.25,0.5625,0.0625,0.0,0.0,0.125,16,,
spot_6224,0.0,0.05263157894736842,0.0,0.0,0.0,0.15789473684210525,0.5789473684210527,0.21052631578947367,0.0,0.0,0.0,19,,
spot_6225,0.0,0.13333333333333333,0.0,0.06666666666666667,0.0,0.0,0.7333333333333333,0.06666666666666667,0.0,0.0,0.0,15,,
spot_6226,0.0,0.0,0.0,0.0,0.058823529411764705,0.11764705882352941,0.5882352941176471,0.23529411764705882,0.0,0.0,0.0,17,,
spot_6227,0.0,0.05,0.0,0.0,0.0,0.0,0.75,0.15,0.0,0.0,0.05,20,,
spot_6228,0.0,0.07142857142857142,0.03571428571428571,0.03571428571428571,0.0,0.0,0.6428571428571429,0.17857142857142858,0.0,0.0,0.03571428571428571,28,,
spot_6321,0.0,0.06451612903225806,0.03225806451612903,0.0,0.0967741935483871,0.03225806451612903,0.41935483870967744,0.2903225806451613,0.0,0.0,0.06451612903225806,31,,
spot_6322,0.0,0.07692307692307693,0.0,0.0,0.0,0.07692307692307693,0.38461538461538464,0.15384615384615385,0.0,0.0,0.3076923076923077,13,,
spot_6323,0.0,0.1111111111111111,0.0,0.0,0.0,0.2222222222222222,0.3333333333333333,0.2222222222222222,0.0,0.0,0.1111111111111111,9,,
spot_6324,0.0,0.0,0.0,0.0,0.0,0.14285714285714285,0.5714285714285714,0.0,0.0,0.0,0.2857142857142857,7,,
spot_6325,0.0,0.0,0.0,0.0,0.0,0.375,0.0,0.0,0.0,0.0,0.625,8,,
spot_6326,0.0,0.10526315789473684,0.05263157894736842,0.0,0.0,0.10526315789473684,0.631578947368421,0.10526315789473684,0.0,0.0,0.0,19,,
spot_6327,0.0,0.0,0.0,0.0,0.0,0.25,0.0,0.08333333333333333,0.0,0.0,0.6666666666666666,12,,
spot_6328,0.0,0.0,0.0,0.0,0.0,0.4444444444444444,0.2222222222222222,0.0,0.0,0.0,0.3333333333333333,9,,
spot_6329,0.0,0.11764705882352941,0.11764705882352941,0.0,0.0,0.058823529411764705,0.29411764705882354,0.29411764705882354,0.0,0.0,0.11764705882352941,17,,
spot_6330,0.0,0.0,0.0,0.0,0.0,0.05555555555555555,0.6666666666666666,0.2777777777777778,0.0,0.0,0.0,18,,
spot_6331,0.0,0.0,0.0,0.0,0.0,0.0,0.8571428571428571,0.14285714285714285,0.0,0.0,0.0,14,,
spot_6332,0.0,0.0,0.0,0.0,0.0,0.21428571428571427,0.6428571428571429,0.14285714285714285,0.0,0.0,0.0,14,,
spot_6333,0.0,0.058823529411764705,0.0,0.058823529411764705,0.0,0.23529411764705882,0.47058823529411764,0.17647058823529413,0.0,0.0,0.0,17,,
spot_6334,0.0,0.0625,0.0,0.0,0.0,0.0625,0.4375,0.4375,0.0,0.0,0.0,16,,
spot_6335,0.0,0.19047619047619047,0.09523809523809523,0.0,0.0,0.047619047619047616,0.23809523809523808,0.23809523809523808,0.0,0.0,0.19047619047619047,21,,
spot_6336,0.0,0.0,0.0,0.0,0.0,0.3076923076923077,0.46153846153846156,0.07692307692307693,0.0,0.0,0.15384615384615385,13,,
spot_6337,0.0,0.05555555555555555,0.05555555555555555,0.0,0.0,0.16666666666666666,0.6111111111111112,0.1111111111111111,0.0,0.0,0.0,18,,
spot_6338,0.0,0.09090909090909091,0.0,0.0,0.045454545454545456,0.045454545454545456,0.5909090909090909,0.22727272727272727,0.0,0.0,0.0,22,,
spot_6339,0.0,0.0,0.0,0.0,0.04,0.0,0.84,0.12,0.0,0.0,0.0,25,,
spot_6340,0.0,0.05,0.0,0.0,0.0,0.05,0.65,0.25,0.0,0.0,0.0,20,,
spot_6341,0.0,0.0,0.10526315789473684,0.0,0.0,0.05263157894736842,0.7368421052631579,0.10526315789473684,0.0,0.0,0.0,19,,
spot_6342,0.0,0.0,0.0,0.043478260869565216,0.043478260869565216,0.043478260869565216,0.6956521739130435,0.08695652173913043,0.0,0.0,0.08695652173913043,23,,
spot_6343,0.0,0.047619047619047616,0.0,0.047619047619047616,0.0,0.0,0.7619047619047619,0.14285714285714285,0.0,0.0,0.0,21,,
spot_6435,0.0,0.0,0.0,0.0,0.0,0.05,0.25,0.65,0.0,0.0,0.05,20,,
spot_6436,0.0,0.0,0.0,0.0,0.0,0.0,0.6666666666666666,0.3333333333333333,0.0,0.0,0.0,15,,
spot_6437,0.0,0.0,0.0,0.0,0.0,0.09090909090909091,0.36363636363636365,0.0,0.0,0.0,0.5454545454545454,11,,
spot_6438,0.0,0.0,0.0,0.0,0.0,0.13043478260869565,0.6086956521739131,0.2608695652173913,0.0,0.0,0.0,23,,
spot_6439,0.0,0.15789473684210525,0.15789473684210525,0.0,0.0,0.0,0.3684210526315789,0.3157894736842105,0.0,0.0,0.0,19,,
spot_6440,0.0,0.0,0.0,0.0,0.0,0.0,0.7272727272727273,0.09090909090909091,0.0,0.0,0.18181818181818182,11,,
spot_6441,0.0,0.0,0.1,0.0,0.0,0.1,0.6,0.2,0.0,0.0,0.0,10,,
spot_6442,0.0,0.10526315789473684,0.10526315789473684,0.0,0.0,0.10526315789473684,0.47368421052631576,0.21052631578947367,0.0,0.0,0.0,19,,
spot_6443,0.0,0.08333333333333333,0.08333333333333333,0.0,0.0,0.16666666666666666,0.5,0.0,0.0,0.0,0.16666666666666666,12,,
spot_6444,0.0,0.0,0.07692307692307693,0.0,0.07692307692307693,0.07692307692307693,0.15384615384615385,0.46153846153846156,0.0,0.0,0.15384615384615385,13,,
spot_6445,0.0,0.0,0.0,0.0,0.0,0.2727272727272727,0.6363636363636364,0.09090909090909091,0.0,0.0,0.0,11,,
spot_6446,0.0,0.0,0.0,0.0,0.0,0.0,0.8636363636363636,0.13636363636363635,0.0,0.0,0.0,22,,
spot_6447,0.0,0.0,0.0,0.0,0.0,0.10526315789473684,0.631578947368421,0.05263157894736842,0.0,0.0,0.21052631578947367,19,,
spot_6448,0.0,0.0,0.0,0.0,0.0,0.043478260869565216,0.8260869565217391,0.13043478260869565,0.0,0.0,0.0,23,,
spot_6449,0.0,0.09090909090909091,0.09090909090909091,0.0,0.0,0.0,0.5454545454545454,0.2727272727272727,0.0,0.0,0.0,22,,
spot_6450,0.0,0.09090909090909091,0.0,0.0,0.0,0.0,0.6818181818181818,0.18181818181818182,0.0,0.0,0.045454545454545456,22,,
spot_6451,0.0,0.0,0.0625,0.0,0.0,0.0625,0.75,0.125,0.0,0.0,0.0,16,,
spot_6452,0.0,0.0,0.0,0.0,0.0,0.05555555555555555,0.7777777777777778,0.16666666666666666,0.0,0.0,0.0,18,,
spot_6453,0.0,0.12,0.0,0.0,0.08,0.24,0.56,0.0,0.0,0.0,0.0,25,,
spot_6454,0.0,0.0,0.09523809523809523,0.0,0.047619047619047616,0.09523809523809523,0.6190476190476191,0.14285714285714285,0.0,0.0,0.0,21,,
spot_6455,0.0,0.0,0.0,0.047619047619047616,0.09523809523809523,0.047619047619047616,0.47619047619047616,0.3333333333333333,0.0,0.0,0.0,21,,
spot_6456,0.0,0.16666666666666666,0.0,0.0,0.0,0.0,0.5,0.3333333333333333,0.0,0.0,0.0,24,,
spot_6457,0.0,0.20588235294117646,0.08823529411764706,0.029411764705882353,0.0,0.0,0.47058823529411764,0.20588235294117646,0.0,0.0,0.0,34,,
spot_6550,0.0,0.0,0.15384615384615385,0.0,0.0,0.038461538461538464,0.6538461538461539,0.11538461538461539,0.0,0.0,0.038461538461538464,26,,
spot_6551,0.0,0.0,0.0,0.0,0.0,0.0,0.45454545454545453,0.45454545454545453,0.0,0.0,0.09090909090909091,11,,
spot_6552,0.0,0.0,0.0,0.0,0.0,0.07142857142857142,0.5714285714285714,0.2857142857142857,0.0,0.0,0.07142857142857142,14,,
spot_6553,0.0,0.0,0.0,0.0,0.0,0.5,0.125,0.25,0.0,0.0,0.125,8,,
spot_6554,0.0,0.0,0.0,0.0,0.0,0.16666666666666666,0.25,0.16666666666666666,0.0,0.0,0.4166666666666667,12,,
spot_6555,0.0,0.0,0.09090909090909091,0.0,0.0,0.0,0.4090909090909091,0.4090909090909091,0.0,0.0,0.09090909090909091,22,,
spot_6556,0.0,0.0,0.0,0.0,0.0,0.16666666666666666,0.6666666666666666,0.16666666666666666,0.0,0.0,0.0,6,,
spot_6557,0.0,0.0,0.05555555555555555,0.0,0.0,0.0,0.6666666666666666,0.2222222222222222,0.0,0.0,0.05555555555555555,18,,
spot_6558,0.0,0.125,0.0625,0.0,0.0,0.0,0.6875,0.0625,0.0,0.0,0.0625,16,,
spot_6559,0.0,0.14285714285714285,0.07142857142857142,0.0,0.0,0.0,0.35714285714285715,0.42857142857142855,0.0,0.0,0.0,14,,
spot_6560,0.0,0.0,0.0,0.0,0.0,0.0,0.6,0.1,0.0,0.0,0.3,10,,
spot_6561,0.0,0.0,0.0,0.0,0.0,0.11764705882352941,0.47058823529411764,0.17647058823529413,0.0,0.0,0.23529411764705882,17,,
spot_6562,0.0,0.07142857142857142,0.03571428571428571,0.0,0.03571428571428571,0.07142857142857142,0.6785714285714286,0.07142857142857142,0.0,0.0,0.03571428571428571,28,,
spot_6563,0.0,0.04,0.04,0.0,0.04,0.08,0.56,0.24,0.0,0.0,0.0,25,,
spot_6564,0.0,0.10526315789473684,0.15789473684210525,0.0,0.0,0.05263157894736842,0.3157894736842105,0.3684210526315789,0.0,0.0,0.0,19,,
spot_6565,0.0,0.07142857142857142,0.07142857142857142,0.0,0.0,0.03571428571428571,0.6428571428571429,0.17857142857142858,0.0,0.0,0.0,28,,
spot_6566,0.0,0.0,0.0,0.0,0.0,0.10526315789473684,0.5789473684210527,0.3157894736842105,0.0,0.0,0.0,19,,
spot_6567,0.0,0.0,0.05555555555555555,0.0,0.0,0.16666666666666666,0.7222222222222222,0.0,0.0,0.0,0.05555555555555555,18,,
spot_6568,0.0,0.0,0.0,0.0,0.0,0.0,1.0,0.0,0.0,0.0,0.0,16,,
spot_6569,0.0,0.16666666666666666,0.05555555555555555,0.0,0.05555555555555555,0.0,0.4444444444444444,0.2777777777777778,0.0,0.0,0.0,18,,
spot_6570,0.0,0.08695652173913043,0.043478260869565216,0.0,0.043478260869565216,0.0,0.6956521739130435,0.08695652173913043,0.0,0.0,0.043478260869565216,23,,
spot_6571,0.0,0.1875,0.0625,0.03125,0.0,0.0,0.59375,0.125,0.0,0.0,0.0,32,,
spot_6572,0.0,0.11428571428571428,0.02857142857142857,0.0,0.0,0.0,0.7428571428571429,0.11428571428571428,0.0,0.0,0.0,35,,
spot_6664,0.0,0.0,0.0,0.0,0.0,0.4444444444444444,0.4444444444444444,0.0,0.0,0.0,0.1111111111111111,9,,
spot_6665,0.0,0.0,0.0,0.0,0.0,0.09090909090909091,0.7272727272727273,0.09090909090909091,0.0,0.0,0.09090909090909091,11,,
spot_6666,0.0,0.05555555555555555,0.05555555555555555,0.0,0.05555555555555555,0.2222222222222222,0.3888888888888889,0.16666666666666666,0.0,0.0,0.05555555555555555,18,,
spot_6667,0.0,0.0,0.0,0.0,0.0,0.0,0.4166666666666667,0.3333333333333333,0.0,0.0,0.25,12,,
spot_6668,0.0,0.0,0.0,0.0,0.0,0.125,0.5,0.125,0.0,0.0,0.25,8,,
spot_6669,0.0,0.047619047619047616,0.0,0.0,0.0,0.0,0.6190476190476191,0.3333333333333333,0.0,0.0,0.0,21,,
spot_6670,0.0,0.0,0.0,0.0,0.0,0.1111111111111111,0.7777777777777778,0.0,0.0,0.0,0.1111111111111111,9,,
spot_6671,0.0,0.0,0.0,0.0,0.0,0.2,0.6,0.0,0.0,0.0,0.2,15,,
spot_6672,0.0,0.0,0.0,0.038461538461538464,0.038461538461538464,0.0,0.6923076923076923,0.23076923076923078,0.0,0.0,0.0,26,,
spot_6673,0.0,0.0,0.0,0.0,0.0,0.4444444444444444,0.3333333333333333,0.2222222222222222,0.0,0.0,0.0,9,,
spot_6674,0.0,0.07692307692307693,0.0,0.0,0.07692307692307693,0.07692307692307693,0.5384615384615384,0.15384615384615385,0.0,0.0,0.07692307692307693,13,,
spot_6675,0.0,0.0,0.0,0.0,0.0,0.09090909090909091,0.9090909090909091,0.0,0.0,0.0,0.0,11,,
spot_6676,0.0,0.0,0.0,0.0,0.0,0.4166666666666667,0.16666666666666666,0.25,0.0,0.0,0.16666666666666666,12,,
spot_6677,0.0,0.0,0.0,0.0,0.0,0.5555555555555556,0.2222222222222222,0.1111111111111111,0.0,0.0,0.1111111111111111,9,,
spot_6678,0.0,0.0,0.0,0.0,0.0,0.25,0.375,0.0,0.0,0.0,0.375,8,,
spot_6679,0.0,0.0,0.05555555555555555,0.0,0.0,0.05555555555555555,0.7777777777777778,0.1111111111111111,0.0,0.0,0.0,18,,
spot_6680,0.0,0.0,0.0625,0.0,0.0,0.0,0.625,0.3125,0.0,0.0,0.0,16,,
spot_6681,0.0,0.15,0.0,0.0,0.0,0.0,0.6,0.25,0.0,0.0,0.0,20,,
spot_6682,0.0,0.058823529411764705,0.058823529411764705,0.0,0.0,0.0,0.7647058823529411,0.11764705882352941,0.0,0.0,0.0,17,,
spot_6683,0.0,0.041666666666666664,0.0,0.0,0.0,0.0,0.6666666666666666,0.2916666666666667,0.0,0.0,0.0,24,,
spot_6684,0.0,0.11764705882352941,0.058823529411764705,0.029411764705882353,0.0,0.0,0.4117647058823529,0.35294117647058826,0.0,0.0,0.029411764705882353,34,,
spot_6685,0.0,0.0625,0.125,0.0,0.0,0.0,0.375,0.4375,0.0,0.0,0.0,32,,
spot_6686,0.0,0.16666666666666666,0.027777777777777776,0.0,0.027777777777777776,0.05555555555555555,0.3888888888888889,0.3333333333333333,0.0,0.0,0.0,36,,
spot_6779,0.0,0.0,0.0,0.0,0.0,0.0,0.46153846153846156,0.23076923076923078,0.0,0.0,0.3076923076923077,13,,
spot_6780,0.0,0.058823529411764705,0.058823529411764705,0.0,0.0,0.17647058823529413,0.4117647058823529,0.23529411764705882,0.0,0.0,0.058823529411764705,17,,
spot_6781,0.0,0.0,0.0,0.07142857142857142,0.0,0.0,0.7857142857142857,0.07142857142857142,0.0,0.0,0.07142857142857142,14,,
spot_6782,0.0,0.0,0.0,0.0,0.0,0.0,0.5555555555555556,0.1111111111111111,0.0,0.0,0.3333333333333333,9,,
spot_6783,0.0,0.0,0.06666666666666667,0.0,0.0,0.2,0.4666666666666667,0.2,0.0,0.0,0.06666666666666667,15,,
spot_6784,0.0,0.0,0.0,0.0,0.0,0.3,0.3,0.1,0.0,0.0,0.3,10,,
spot_6785,0.0,0.0,0.08333333333333333,0.0,0.0,0.0,0.5833333333333334,0.25,0.0,0.0,0.08333333333333333,12,,
spot_6786,0.0,0.0,0.0,0.0,0.0,0.4166666666666667,0.5,0.0,0.0,0.0,0.08333333333333333,12,,
spot_6787,0.0,0.0,0.0,0.0,0.0,0.4,0.6,0.0,0.0,0.0,0.0,5,,
spot_6788,0.0,0.0,0.0,0.0,0.0,0.1,0.9,0.0,0.0,0.0,0.0,10,,
spot_6789,0.0,0.038461538461538464,0.038461538461538464,0.038461538461538464,0.0,0.038461538461538464,0.7692307692307693,0.07692307692307693,0.0,0.0,0.0,26,,
spot_6790,0.0,0.0,0.1,0.0,0.0,0.1,0.7,0.1,0.0,0.0,0.0,10,,
spot_6791,0.0,0.0,0.0,0.0,0.0,0.16666666666666666,0.5,0.0,0.0,0.0,0.3333333333333333,12,,
spot_6792,0.0,0.0,0.0,0.0,0.0,0.038461538461538464,0.7692307692307693,0.19230769230769232,0.0,0.0,0.0,26,,
spot_6793,0.0,0.0625,0.0,0.0,0.0,0.0,0.6875,0.25,0.0,0.0,0.0,16,,
spot_6794,0.0,0.0,0.0,0.0,0.0,0.18181818181818182,0.7727272727272727,0.045454545454545456,0.0,0.0,0.0,22,,
spot_6795,0.0,0.0,0.0,0.0,0.0,0.15789473684210525,0.6842105263157895,0.10526315789473684,0.0,0.0,0.05263157894736842,19,,
spot_6796,0.0,0.16666666666666666,0.0,0.0,0.0,0.1111111111111111,0.4444444444444444,0.2777777777777778,0.0,0.0,0.0,18,,
spot_6797,0.0,0.07692307692307693,0.07692307692307693,0.038461538461538464,0.038461538461538464,0.038461538461538464,0.5384615384615384,0.19230769230769232,0.0,0.0,0.0,26,,
spot_6798,0.0,0.10344827586206896,0.10344827586206896,0.0,0.0,0.034482758620689655,0.6206896551724138,0.13793103448275862,0.0,0.0,0.0,29,,
spot_6799,0.0,0.16,0.0,0.0,0.0,0.0,0.56,0.28,0.0,0.0,0.0,25,,
spot_6800,0.0,0.06666666666666667,0.03333333333333333,0.0,0.03333333333333333,0.0,0.5,0.36666666666666664,0.0,0.0,0.0,30,,
spot_6801,0.0,0.14705882352941177,0.029411764705882353,0.0,0.0,0.029411764705882353,0.5294117647058824,0.23529411764705882,0.029411764705882353,0.0,0.0,34,,
spot_6893,0.0,0.058823529411764705,0.058823529411764705,0.0,0.058823529411764705,0.0,0.5294117647058824,0.23529411764705882,0.0,0.0,0.058823529411764705,17,,
spot_6894,0.0,0.0,0.0,0.0,0.0,0.3,0.3,0.3,0.0,0.0,0.1,10,,
spot_6895,0.0,0.125,0.0,0.0,0.0,0.0,0.75,0.0,0.0,0.0,0.125,16,,
spot_6896,0.0,0.0,0.0,0.0,0.0,0.0,0.6923076923076923,0.23076923076923078,0.0,0.0,0.07692307692307693,13,,
spot_6897,0.0,0.0,0.058823529411764705,0.0,0.0,0.058823529411764705,0.7058823529411765,0.11764705882352941,0.0,0.0,0.058823529411764705,17,,
spot_6898,0.0,0.0,0.0,0.0,0.0,0.0,0.5769230769230769,0.4230769230769231,0.0,0.0,0.0,26,,
spot_6899,0.0,0.0,0.0,0.0,0.0,0.058823529411764705,0.4117647058823529,0.5294117647058824,0.0,0.0,0.0,17,,
spot_6900,0.0,0.0,0.0,0.0,0.1111111111111111,0.3333333333333333,0.4444444444444444,0.1111111111111111,0.0,0.0,0.0,9,,
spot_6901,0.0,0.13333333333333333,0.0,0.0,0.0,0.06666666666666667,0.7333333333333333,0.06666666666666667,0.0,0.0,0.0,15,,
spot_6902,0.0,0.047619047619047616,0.0,0.0,0.0,0.0,0.7619047619047619,0.19047619047619047,0.0,0.0,0.0,21,,
spot_6903,0.0,0.0,0.0,0.0,0.0,0.0,0.7727272727272727,0.18181818181818182,0.0,0.0,0.045454545454545456,22,,
spot_6904,0.0,0.0,0.0,0.0,0.0,0.2222222222222222,0.3333333333333333,0.4444444444444444,0.0,0.0,0.0,9,,
spot_6905,0.0,0.0,0.0,0.0,0.0,0.0,0.9545454545454546,0.045454545454545456,0.0,0.0,0.0,22,,
spot_6906,0.0,0.0,0.0,0.0,0.0,0.0,0.7857142857142857,0.14285714285714285,0.0,0.0,0.07142857142857142,14,,
spot_6907,0.0,0.06666666666666667,0.0,0.0,0.0,0.0,0.7333333333333333,0.2,0.0,0.0,0.0,15,,
spot_6908,0.0,0.23076923076923078,0.0,0.07692307692307693,0.0,0.07692307692307693,0.3076923076923077,0.23076923076923078,0.0,0.0,0.07692307692307693,13,,
spot_6909,0.0,0.058823529411764705,0.058823529411764705,0.0,0.0,0.0,0.7058823529411765,0.11764705882352941,0.0,0.0,0.058823529411764705,17,,
spot_6910,0.0,0.0,0.0,0.0,0.0,0.0,0.7368421052631579,0.21052631578947367,0.0,0.0,0.05263157894736842,19,,
spot_6911,0.0,0.0,0.08695652173913043,0.0,0.0,0.0,0.6521739130434783,0.2608695652173913,0.0,0.0,0.0,23,,
spot_6912,0.0,0.0,0.0,0.0,0.06666666666666667,0.0,0.6,0.3333333333333333,0.0,0.0,0.0,15,,
spot_6913,0.0,0.14814814814814814,0.07407407407407407,0.0,0.0,0.0,0.5555555555555556,0.2222222222222222,0.0,0.0,0.0,27,,
spot_6914,0.0,0.0,0.03571428571428571,0.10714285714285714,0.0,0.0,0.5714285714285714,0.2857142857142857,0.0,0.0,0.0,28,,
spot_6915,0.0,0.11428571428571428,0.0,0.0,0.02857142857142857,0.02857142857142857,0.4,0.42857142857142855,0.0,0.0,0.0,35,,
spot_7008,0.0,0.0,0.0,0.0,0.0,0.07142857142857142,0.7857142857142857,0.14285714285714285,0.0,0.0,0.0,14,,
spot_7009,0.0,0.0,0.0,0.0,0.0,0.375,0.375,0.125,0.0,0.0,0.125,8,,
spot_7010,0.0,0.0,0.0,0.0,0.0,0.0,0.9375,0.0625,0.0,0.0,0.0,16,,
spot_7011,0.0,0.0,0.0,0.0,0.0,0.0625,0.75,0.125,0.0,0.0,0.0625,16,,
spot_7012,0.0,0.0,0.0,0.0,0.0,0.5,0.16666666666666666,0.0,0.0,0.0,0.3333333333333333,6,,
spot_7013,0.0,0.037037037037037035,0.037037037037037035,0.0,0.0,0.037037037037037035,0.7407407407407407,0.14814814814814814,0.0,0.0,0.0,27,,
spot_7014,0.0,0.05263157894736842,0.05263157894736842,0.0,0.0,0.10526315789473684,0.631578947368421,0.15789473684210525,0.0,0.0,0.0,19,,
spot_7015,0.0,0.0,0.0,0.0,0.0,0.0,0.75,0.0625,0.0,0.0,0.1875,16,,
spot_7016,0.0,0.0,0.07142857142857142,0.0,0.0,0.14285714285714285,0.7142857142857143,0.0,0.0,0.0,0.07142857142857142,14,,
spot_7017,0.0,0.06666666666666667,0.0,0.0,0.13333333333333333,0.06666666666666667,0.6,0.06666666666666667,0.0,0.0,0.06666666666666667,15,,
spot_7018,0.0,0.11764705882352941,0.0,0.0,0.0,0.0,0.7647058823529411,0.11764705882352941,0.0,0.0,0.0,17,,
spot_7019,0.0,0.043478260869565216,0.043478260869565216,0.0,0.0,0.043478260869565216,0.7391304347826086,0.13043478260869565,0.0,0.0,0.0,23,,
spot_7020,0.0,0.0,0.0,0.0,0.0,0.058823529411764705,0.7647058823529411,0.17647058823529413,0.0,0.0,0.0,17,,
spot_7021,0.0,0.0,0.0,0.0,0.0,0.2727272727272727,0.36363636363636365,0.0,0.0,0.0,0.36363636363636365,11,,
spot_7022,0.0,0.0,0.0,0.0,0.0,0.0,0.6,0.3333333333333333,0.0,0.0,0.06666666666666667,15,,
spot_7023,0.0,0.0,0.0,0.0,0.07142857142857142,0.0,0.8571428571428571,0.0,0.0,0.0,0.07142857142857142,14,,
spot_7024,0.0,0.0,0.0,0.0,0.07142857142857142,0.0,0.7142857142857143,0.0,0.0,0.0,0.21428571428571427,14,,
spot_7025,0.0,0.07407407407407407,0.0,0.0,0.0,0.0,0.8148148148148148,0.07407407407407407,0.0,0.0,0.037037037037037035,27,,
spot_7026,0.0,0.1,0.0,0.0,0.0,0.1,0.5,0.15,0.0,0.0,0.15,20,,
spot_7027,0.0,0.07692307692307693,0.07692307692307693,0.0,0.0,0.038461538461538464,0.46153846153846156,0.34615384615384615,0.0,0.0,0.0,26,,
spot_7028,0.0,0.2,0.1,0.0,0.0,0.0,0.4666666666666667,0.23333333333333334,0.0,0.0,0.0,30,,
spot_7029,0.0,0.09090909090909091,0.0,0.0,0.0,0.0,0.4090909090909091,0.5,0.0,0.0,0.0,22,,
spot_7030,0.0,0.12903225806451613,0.0,0.03225806451612903,0.0,0.0,0.5806451612903226,0.25806451612903225,0.0,0.0,0.0,31,,
spot_7125,0.0,0.0,0.0,0.0,0.0,0.0,1.0,0.0,0.0,0.0,0.0,3,,
spot_7126,0.0,0.0,0.0,0.0,0.0,0.0,1.0,0.0,0.0,0.0,0.0,4,,
spot_7132,0.0,0.0,0.0,0.0,0.0,0.0,0.6666666666666666,0.3333333333333333,0.0,0.0,0.0,3,,
spot_7133,0.0,0.0,0.0,0.0,0.0,0.0,1.0,0.0,0.0,0.0,0.0,6,,
spot_7136,0.0,0.5,0.0,0.0,0.0,0.0,0.25,0.25,0.0,0.0,0.0,4,,
spot_7138,0.0,0.0,0.0,0.0,0.0,0.0,0.6666666666666666,0.0,0.0,0.0,0.3333333333333333,3,,
spot_7139,0.0,0.16666666666666666,0.0,0.0,0.0,0.0,0.8333333333333334,0.0,0.0,0.0,0.0,6,,
spot_7141,0.0,0.0,0.0,0.0,0.0,0.42857142857142855,0.42857142857142855,0.0,0.0,0.0,0.14285714285714285,7,,
spot_7142,0.0,0.0,0.08333333333333333,0.0,0.0,0.08333333333333333,0.6666666666666666,0.16666666666666666,0.0,0.0,0.0,12,,
spot_7143,0.0,0.09090909090909091,0.09090909090909091,0.0,0.0,0.0,0.8181818181818182,0.0,0.0,0.0,0.0,11,,
spot_7144,0.0,0.08695652173913043,0.043478260869565216,0.0,0.0,0.0,0.4782608695652174,0.391304347826087,0.0,0.0,0.0,23,,
